task,logdir,ckpt,episode,window_start,window_end,boundary_rate,read_prob_mean,abs_l2_mean,obs_l2_mean,abs_stoch_l2_mean,obs_stoch_l2_mean,abs_l2_read_mean,obs_l2_read_mean,abs_stoch_l2_read_mean,obs_stoch_l2_read_mean
atari_frostbite,/home/haselab/murakawa/stable-deep-world-model/logdir/atari_frostbite_vta_20260107_202443,/home/haselab/murakawa/stable-deep-world-model/logdir/atari_frostbite_vta_20260107_202443/latest.pt,/home/haselab/murakawa/stable-deep-world-model/logdir/atari_frostbite_vta_20260107_202443/train_eps/20260108T163622-6a2855e80f96423f8e6321ab3a435bdc-1194.npz,0,20,0.0,4.618768170391082e-15,0.6064019799232483,1.5461180210113525,0.0,3.0464556217193604,nan,nan,nan,nan
atari_frostbite,/home/haselab/murakawa/stable-deep-world-model/logdir/atari_frostbite_vta_20260107_202443,/home/haselab/murakawa/stable-deep-world-model/logdir/atari_frostbite_vta_20260107_202443/latest.pt,/home/haselab/murakawa/stable-deep-world-model/logdir/atari_frostbite_vta_20260107_202443/train_eps/20260108T163622-6a2855e80f96423f8e6321ab3a435bdc-1194.npz,5,25,0.0,1.2375715686616107e-12,1.0609403848648071,1.670047402381897,0.0,2.9387567043304443,nan,nan,nan,nan
atari_frostbite,/home/haselab/murakawa/stable-deep-world-model/logdir/atari_frostbite_vta_20260107_202443,/home/haselab/murakawa/stable-deep-world-model/logdir/atari_frostbite_vta_20260107_202443/latest.pt,/home/haselab/murakawa/stable-deep-world-model/logdir/atari_frostbite_vta_20260107_202443/train_eps/20260108T163622-6a2855e80f96423f8e6321ab3a435bdc-1194.npz,10,30,0.0,1.1176473080354299e-09,1.4041125774383545,2.182649850845337,0.0,3.059173345565796,nan,nan,nan,nan
atari_frostbite,/home/haselab/murakawa/stable-deep-world-model/logdir/atari_frostbite_vta_20260107_202443,/home/haselab/murakawa/stable-deep-world-model/logdir/atari_frostbite_vta_20260107_202443/latest.pt,/home/haselab/murakawa/stable-deep-world-model/logdir/atari_frostbite_vta_20260107_202443/train_eps/20260108T163622-6a2855e80f96423f8e6321ab3a435bdc-1194.npz,15,35,0.0,1.2219785183731346e-09,1.594644546508789,2.3632452487945557,0.0,2.970132350921631,nan,nan,nan,nan
atari_frostbite,/home/haselab/murakawa/stable-deep-world-model/logdir/atari_frostbite_vta_20260107_202443,/home/haselab/murakawa/stable-deep-world-model/logdir/atari_frostbite_vta_20260107_202443/latest.pt,/home/haselab/murakawa/stable-deep-world-model/logdir/atari_frostbite_vta_20260107_202443/train_eps/20260108T163622-6a2855e80f96423f8e6321ab3a435bdc-1194.npz,20,40,0.0,1.6105039524205722e-09,1.4433826208114624,2.18560528755188,0.0,2.759840726852417,nan,nan,nan,nan
atari_frostbite,/home/haselab/murakawa/stable-deep-world-model/logdir/atari_frostbite_vta_20260107_202443,/home/haselab/murakawa/stable-deep-world-model/logdir/atari_frostbite_vta_20260107_202443/latest.pt,/home/haselab/murakawa/stable-deep-world-model/logdir/atari_frostbite_vta_20260107_202443/train_eps/20260108T163622-6a2855e80f96423f8e6321ab3a435bdc-1194.npz,25,45,0.0,1.6236170186090249e-09,1.2393168210983276,2.181762933731079,0.0,2.816749095916748,nan,nan,nan,nan
atari_frostbite,/home/haselab/murakawa/stable-deep-world-model/logdir/atari_frostbite_vta_20260107_202443,/home/haselab/murakawa/stable-deep-world-model/logdir/atari_frostbite_vta_20260107_202443/latest.pt,/home/haselab/murakawa/stable-deep-world-model/logdir/atari_frostbite_vta_20260107_202443/train_eps/20260108T163622-6a2855e80f96423f8e6321ab3a435bdc-1194.npz,30,50,0.05,0.05000000074505806,1.3600733280181885,2.4304699897766113,0.2593311071395874,3.0427727699279785,1.5492407083511353,2.9019742012023926,5.186622142791748,3.40436053276062
atari_frostbite,/home/haselab/murakawa/stable-deep-world-model/logdir/atari_frostbite_vta_20260107_202443,/home/haselab/murakawa/stable-deep-world-model/logdir/atari_frostbite_vta_20260107_202443/latest.pt,/home/haselab/murakawa/stable-deep-world-model/logdir/atari_frostbite_vta_20260107_202443/train_eps/20260108T163622-6a2855e80f96423f8e6321ab3a435bdc-1194.npz,35,55,0.05,0.05000000074505806,1.312657356262207,2.499967336654663,0.2593311071395874,3.141930103302002,1.5492407083511353,2.9019742012023926,5.186622142791748,3.40436053276062
atari_frostbite,/home/haselab/murakawa/stable-deep-world-model/logdir/atari_frostbite_vta_20260107_202443,/home/haselab/murakawa/stable-deep-world-model/logdir/atari_frostbite_vta_20260107_202443/latest.pt,/home/haselab/murakawa/stable-deep-world-model/logdir/atari_frostbite_vta_20260107_202443/train_eps/20260108T163622-6a2855e80f96423f8e6321ab3a435bdc-1194.npz,40,60,0.05,0.05000000074505806,1.319506049156189,2.5972094535827637,0.2593311071395874,3.2994258403778076,1.5492407083511353,2.9019742012023926,5.186622142791748,3.40436053276062
atari_frostbite,/home/haselab/murakawa/stable-deep-world-model/logdir/atari_frostbite_vta_20260107_202443,/home/haselab/murakawa/stable-deep-world-model/logdir/atari_frostbite_vta_20260107_202443/latest.pt,/home/haselab/murakawa/stable-deep-world-model/logdir/atari_frostbite_vta_20260107_202443/train_eps/20260108T163622-6a2855e80f96423f8e6321ab3a435bdc-1194.npz,45,65,0.05,0.05000000074505806,1.3106741905212402,2.5002024173736572,0.2593311071395874,3.1948587894439697,1.5492407083511353,2.9019742012023926,5.186622142791748,3.40436053276062
atari_frostbite,/home/haselab/murakawa/stable-deep-world-model/logdir/atari_frostbite_vta_20260107_202443,/home/haselab/murakawa/stable-deep-world-model/logdir/atari_frostbite_vta_20260107_202443/latest.pt,/home/haselab/murakawa/stable-deep-world-model/logdir/atari_frostbite_vta_20260107_202443/train_eps/20260108T163622-6a2855e80f96423f8e6321ab3a435bdc-1194.npz,50,70,0.0,1.3432756643116939e-11,1.0600794553756714,2.0071070194244385,0.0,2.7144904136657715,nan,nan,nan,nan
atari_frostbite,/home/haselab/murakawa/stable-deep-world-model/logdir/atari_frostbite_vta_20260107_202443,/home/haselab/murakawa/stable-deep-world-model/logdir/atari_frostbite_vta_20260107_202443/latest.pt,/home/haselab/murakawa/stable-deep-world-model/logdir/atari_frostbite_vta_20260107_202443/train_eps/20260108T163622-6a2855e80f96423f8e6321ab3a435bdc-1194.npz,55,75,0.0,1.6842759825719256e-11,1.0488179922103882,1.870117425918579,0.0,2.631652355194092,nan,nan,nan,nan
atari_frostbite,/home/haselab/murakawa/stable-deep-world-model/logdir/atari_frostbite_vta_20260107_202443,/home/haselab/murakawa/stable-deep-world-model/logdir/atari_frostbite_vta_20260107_202443/latest.pt,/home/haselab/murakawa/stable-deep-world-model/logdir/atari_frostbite_vta_20260107_202443/train_eps/20260108T163622-6a2855e80f96423f8e6321ab3a435bdc-1194.npz,60,80,0.0,3.339746812436317e-10,1.03341543674469,1.796665906906128,0.0,2.6019530296325684,nan,nan,nan,nan
atari_frostbite,/home/haselab/murakawa/stable-deep-world-model/logdir/atari_frostbite_vta_20260107_202443,/home/haselab/murakawa/stable-deep-world-model/logdir/atari_frostbite_vta_20260107_202443/latest.pt,/home/haselab/murakawa/stable-deep-world-model/logdir/atari_frostbite_vta_20260107_202443/train_eps/20260108T163622-6a2855e80f96423f8e6321ab3a435bdc-1194.npz,65,85,0.0,3.555477579020305e-10,1.0174667835235596,1.8107067346572876,0.0,2.623936176300049,nan,nan,nan,nan
atari_frostbite,/home/haselab/murakawa/stable-deep-world-model/logdir/atari_frostbite_vta_20260107_202443,/home/haselab/murakawa/stable-deep-world-model/logdir/atari_frostbite_vta_20260107_202443/latest.pt,/home/haselab/murakawa/stable-deep-world-model/logdir/atari_frostbite_vta_20260107_202443/train_eps/20260108T163622-6a2855e80f96423f8e6321ab3a435bdc-1194.npz,70,90,0.0,3.427118033805243e-10,1.0215370655059814,1.928589105606079,0.0,2.776639461517334,nan,nan,nan,nan
atari_frostbite,/home/haselab/murakawa/stable-deep-world-model/logdir/atari_frostbite_vta_20260107_202443,/home/haselab/murakawa/stable-deep-world-model/logdir/atari_frostbite_vta_20260107_202443/latest.pt,/home/haselab/murakawa/stable-deep-world-model/logdir/atari_frostbite_vta_20260107_202443/train_eps/20260108T163622-6a2855e80f96423f8e6321ab3a435bdc-1194.npz,75,95,0.0,3.3930819265393097e-10,1.108135461807251,2.0192863941192627,0.0,2.8537418842315674,nan,nan,nan,nan
atari_frostbite,/home/haselab/murakawa/stable-deep-world-model/logdir/atari_frostbite_vta_20260107_202443,/home/haselab/murakawa/stable-deep-world-model/logdir/atari_frostbite_vta_20260107_202443/latest.pt,/home/haselab/murakawa/stable-deep-world-model/logdir/atari_frostbite_vta_20260107_202443/train_eps/20260108T163622-6a2855e80f96423f8e6321ab3a435bdc-1194.npz,80,100,0.05,0.05000000074505806,1.0488522052764893,1.9925811290740967,0.3145615756511688,3.066932201385498,1.0960018634796143,3.2100751399993896,6.291231632232666,5.439548015594482
atari_frostbite,/home/haselab/murakawa/stable-deep-world-model/logdir/atari_frostbite_vta_20260107_202443,/home/haselab/murakawa/stable-deep-world-model/logdir/atari_frostbite_vta_20260107_202443/latest.pt,/home/haselab/murakawa/stable-deep-world-model/logdir/atari_frostbite_vta_20260107_202443/train_eps/20260108T163622-6a2855e80f96423f8e6321ab3a435bdc-1194.npz,85,105,0.05,0.05000000074505806,1.0976186990737915,2.5442254543304443,0.3145615756511688,3.8114566802978516,1.0960018634796143,3.2100751399993896,6.291231632232666,5.439548015594482
atari_frostbite,/home/haselab/murakawa/stable-deep-world-model/logdir/atari_frostbite_vta_20260107_202443,/home/haselab/murakawa/stable-deep-world-model/logdir/atari_frostbite_vta_20260107_202443/latest.pt,/home/haselab/murakawa/stable-deep-world-model/logdir/atari_frostbite_vta_20260107_202443/train_eps/20260108T163622-6a2855e80f96423f8e6321ab3a435bdc-1194.npz,90,110,0.05,0.05000000074505806,1.0186622142791748,2.5663931369781494,0.3145615756511688,4.118100166320801,1.0960018634796143,3.2100751399993896,6.291231632232666,5.439548015594482
atari_frostbite,/home/haselab/murakawa/stable-deep-world-model/logdir/atari_frostbite_vta_20260107_202443,/home/haselab/murakawa/stable-deep-world-model/logdir/atari_frostbite_vta_20260107_202443/latest.pt,/home/haselab/murakawa/stable-deep-world-model/logdir/atari_frostbite_vta_20260107_202443/train_eps/20260108T163622-6a2855e80f96423f8e6321ab3a435bdc-1194.npz,95,115,0.05,0.05000000074505806,0.9009276628494263,2.485154628753662,0.3145615756511688,4.392179012298584,1.0960018634796143,3.2100751399993896,6.291231632232666,5.439548015594482
atari_frostbite,/home/haselab/murakawa/stable-deep-world-model/logdir/atari_frostbite_vta_20260107_202443,/home/haselab/murakawa/stable-deep-world-model/logdir/atari_frostbite_vta_20260107_202443/latest.pt,/home/haselab/murakawa/stable-deep-world-model/logdir/atari_frostbite_vta_20260107_202443/train_eps/20260108T163622-6a2855e80f96423f8e6321ab3a435bdc-1194.npz,100,120,0.0,2.574121038882883e-22,0.8572441339492798,2.3931121826171875,0.0,4.298413276672363,nan,nan,nan,nan
atari_frostbite,/home/haselab/murakawa/stable-deep-world-model/logdir/atari_frostbite_vta_20260107_202443,/home/haselab/murakawa/stable-deep-world-model/logdir/atari_frostbite_vta_20260107_202443/latest.pt,/home/haselab/murakawa/stable-deep-world-model/logdir/atari_frostbite_vta_20260107_202443/train_eps/20260108T163622-6a2855e80f96423f8e6321ab3a435bdc-1194.npz,105,125,0.0,2.6327330254875696e-22,0.7814358472824097,1.8837305307388306,0.0,3.9107704162597656,nan,nan,nan,nan
atari_frostbite,/home/haselab/murakawa/stable-deep-world-model/logdir/atari_frostbite_vta_20260107_202443,/home/haselab/murakawa/stable-deep-world-model/logdir/atari_frostbite_vta_20260107_202443/latest.pt,/home/haselab/murakawa/stable-deep-world-model/logdir/atari_frostbite_vta_20260107_202443/train_eps/20260108T163622-6a2855e80f96423f8e6321ab3a435bdc-1194.npz,110,130,0.0,2.2475443977126223e-20,0.7560107111930847,1.6957918405532837,0.0,3.6186683177948,nan,nan,nan,nan
atari_frostbite,/home/haselab/murakawa/stable-deep-world-model/logdir/atari_frostbite_vta_20260107_202443,/home/haselab/murakawa/stable-deep-world-model/logdir/atari_frostbite_vta_20260107_202443/latest.pt,/home/haselab/murakawa/stable-deep-world-model/logdir/atari_frostbite_vta_20260107_202443/train_eps/20260108T163622-6a2855e80f96423f8e6321ab3a435bdc-1194.npz,115,135,0.0,2.0961852736405354e-18,0.605444073677063,1.3521181344985962,0.0,3.3014321327209473,nan,nan,nan,nan
atari_frostbite,/home/haselab/murakawa/stable-deep-world-model/logdir/atari_frostbite_vta_20260107_202443,/home/haselab/murakawa/stable-deep-world-model/logdir/atari_frostbite_vta_20260107_202443/latest.pt,/home/haselab/murakawa/stable-deep-world-model/logdir/atari_frostbite_vta_20260107_202443/train_eps/20260108T163622-6a2855e80f96423f8e6321ab3a435bdc-1194.npz,120,140,0.0,6.524553841123496e-17,0.43714556097984314,0.9984803199768066,0.0,3.227910280227661,nan,nan,nan,nan
atari_frostbite,/home/haselab/murakawa/stable-deep-world-model/logdir/atari_frostbite_vta_20260107_202443,/home/haselab/murakawa/stable-deep-world-model/logdir/atari_frostbite_vta_20260107_202443/latest.pt,/home/haselab/murakawa/stable-deep-world-model/logdir/atari_frostbite_vta_20260107_202443/train_eps/20260108T163622-6a2855e80f96423f8e6321ab3a435bdc-1194.npz,125,145,0.0,4.2825342597533104e-16,0.24689030647277832,0.5291692018508911,0.0,3.0762696266174316,nan,nan,nan,nan
atari_frostbite,/home/haselab/murakawa/stable-deep-world-model/logdir/atari_frostbite_vta_20260107_202443,/home/haselab/murakawa/stable-deep-world-model/logdir/atari_frostbite_vta_20260107_202443/latest.pt,/home/haselab/murakawa/stable-deep-world-model/logdir/atari_frostbite_vta_20260107_202443/train_eps/20260108T163622-6a2855e80f96423f8e6321ab3a435bdc-1194.npz,130,150,0.05,0.05000000074505806,0.14555881917476654,0.44090932607650757,0.35237282514572144,3.2495815753936768,0.26081809401512146,3.4382569789886475,7.04745626449585,3.669586181640625
atari_frostbite,/home/haselab/murakawa/stable-deep-world-model/logdir/atari_frostbite_vta_20260107_202443,/home/haselab/murakawa/stable-deep-world-model/logdir/atari_frostbite_vta_20260107_202443/latest.pt,/home/haselab/murakawa/stable-deep-world-model/logdir/atari_frostbite_vta_20260107_202443/train_eps/20260108T163622-6a2855e80f96423f8e6321ab3a435bdc-1194.npz,135,155,0.05,0.05000000074505806,0.10353803634643555,0.5946078896522522,0.35237282514572144,3.7149791717529297,0.26081809401512146,3.4382569789886475,7.04745626449585,3.669586181640625
atari_frostbite,/home/haselab/murakawa/stable-deep-world-model/logdir/atari_frostbite_vta_20260107_202443,/home/haselab/murakawa/stable-deep-world-model/logdir/atari_frostbite_vta_20260107_202443/latest.pt,/home/haselab/murakawa/stable-deep-world-model/logdir/atari_frostbite_vta_20260107_202443/train_eps/20260108T163622-6a2855e80f96423f8e6321ab3a435bdc-1194.npz,140,160,0.05,0.05000000074505806,0.06988867372274399,0.5958915948867798,0.35237282514572144,4.338559627532959,0.26081809401512146,3.4382569789886475,7.04745626449585,3.669586181640625
atari_frostbite,/home/haselab/murakawa/stable-deep-world-model/logdir/atari_frostbite_vta_20260107_202443,/home/haselab/murakawa/stable-deep-world-model/logdir/atari_frostbite_vta_20260107_202443/latest.pt,/home/haselab/murakawa/stable-deep-world-model/logdir/atari_frostbite_vta_20260107_202443/train_eps/20260108T163622-6a2855e80f96423f8e6321ab3a435bdc-1194.npz,145,165,0.05,0.05000000074505806,0.044704925268888474,0.6053112149238586,0.35237282514572144,5.009665489196777,0.26081809401512146,3.4382569789886475,7.04745626449585,3.669586181640625
atari_frostbite,/home/haselab/murakawa/stable-deep-world-model/logdir/atari_frostbite_vta_20260107_202443,/home/haselab/murakawa/stable-deep-world-model/logdir/atari_frostbite_vta_20260107_202443/latest.pt,/home/haselab/murakawa/stable-deep-world-model/logdir/atari_frostbite_vta_20260107_202443/train_eps/20260108T163622-6a2855e80f96423f8e6321ab3a435bdc-1194.npz,150,170,0.0,4.0182917439454907e-16,0.021007610484957695,0.4521365165710449,0.0,5.7921247482299805,nan,nan,nan,nan
atari_frostbite,/home/haselab/murakawa/stable-deep-world-model/logdir/atari_frostbite_vta_20260107_202443,/home/haselab/murakawa/stable-deep-world-model/logdir/atari_frostbite_vta_20260107_202443/latest.pt,/home/haselab/murakawa/stable-deep-world-model/logdir/atari_frostbite_vta_20260107_202443/train_eps/20260108T163622-6a2855e80f96423f8e6321ab3a435bdc-1194.npz,155,175,0.0,3.7896693458498785e-16,0.022297419607639313,0.2591855823993683,0.0,6.0199174880981445,nan,nan,nan,nan
atari_frostbite,/home/haselab/murakawa/stable-deep-world-model/logdir/atari_frostbite_vta_20260107_202443,/home/haselab/murakawa/stable-deep-world-model/logdir/atari_frostbite_vta_20260107_202443/latest.pt,/home/haselab/murakawa/stable-deep-world-model/logdir/atari_frostbite_vta_20260107_202443/train_eps/20260108T163622-6a2855e80f96423f8e6321ab3a435bdc-1194.npz,160,180,0.05,0.05000000074505806,0.3258357644081116,0.7124226093292236,0.30872011184692383,6.573563575744629,6.014977931976318,7.908962249755859,6.174402236938477,12.358671188354492
atari_frostbite,/home/haselab/murakawa/stable-deep-world-model/logdir/atari_frostbite_vta_20260107_202443,/home/haselab/murakawa/stable-deep-world-model/logdir/atari_frostbite_vta_20260107_202443/latest.pt,/home/haselab/murakawa/stable-deep-world-model/logdir/atari_frostbite_vta_20260107_202443/train_eps/20260108T163622-6a2855e80f96423f8e6321ab3a435bdc-1194.npz,165,185,0.05,0.05000000074505806,0.32820162177085876,0.7196347713470459,0.30872011184692383,7.06511926651001,6.014977931976318,7.908962249755859,6.174402236938477,12.358671188354492
atari_frostbite,/home/haselab/murakawa/stable-deep-world-model/logdir/atari_frostbite_vta_20260107_202443,/home/haselab/murakawa/stable-deep-world-model/logdir/atari_frostbite_vta_20260107_202443/latest.pt,/home/haselab/murakawa/stable-deep-world-model/logdir/atari_frostbite_vta_20260107_202443/train_eps/20260108T163622-6a2855e80f96423f8e6321ab3a435bdc-1194.npz,170,190,0.05,0.05000000074505806,0.3241778016090393,0.7210882902145386,0.30872011184692383,7.698982238769531,6.014977931976318,7.908962249755859,6.174402236938477,12.358671188354492
atari_frostbite,/home/haselab/murakawa/stable-deep-world-model/logdir/atari_frostbite_vta_20260107_202443,/home/haselab/murakawa/stable-deep-world-model/logdir/atari_frostbite_vta_20260107_202443/latest.pt,/home/haselab/murakawa/stable-deep-world-model/logdir/atari_frostbite_vta_20260107_202443/train_eps/20260108T163622-6a2855e80f96423f8e6321ab3a435bdc-1194.npz,175,195,0.05,0.05000000074505806,0.3601926267147064,0.868389904499054,0.30872011184692383,8.441701889038086,6.014977931976318,7.908962249755859,6.174402236938477,12.358671188354492
atari_frostbite,/home/haselab/murakawa/stable-deep-world-model/logdir/atari_frostbite_vta_20260107_202443,/home/haselab/murakawa/stable-deep-world-model/logdir/atari_frostbite_vta_20260107_202443/latest.pt,/home/haselab/murakawa/stable-deep-world-model/logdir/atari_frostbite_vta_20260107_202443/train_eps/20260108T163622-6a2855e80f96423f8e6321ab3a435bdc-1194.npz,180,200,0.0,3.75501973265413e-12,0.347561240196228,1.1016789674758911,0.0,8.231758117675781,nan,nan,nan,nan
atari_frostbite,/home/haselab/murakawa/stable-deep-world-model/logdir/atari_frostbite_vta_20260107_202443,/home/haselab/murakawa/stable-deep-world-model/logdir/atari_frostbite_vta_20260107_202443/latest.pt,/home/haselab/murakawa/stable-deep-world-model/logdir/atari_frostbite_vta_20260107_202443/train_eps/20260108T163622-6a2855e80f96423f8e6321ab3a435bdc-1194.npz,185,205,0.0,3.809552499844937e-12,0.6316795349121094,1.7354084253311157,0.0,7.787407875061035,nan,nan,nan,nan
atari_frostbite,/home/haselab/murakawa/stable-deep-world-model/logdir/atari_frostbite_vta_20260107_202443,/home/haselab/murakawa/stable-deep-world-model/logdir/atari_frostbite_vta_20260107_202443/latest.pt,/home/haselab/murakawa/stable-deep-world-model/logdir/atari_frostbite_vta_20260107_202443/train_eps/20260108T163622-6a2855e80f96423f8e6321ab3a435bdc-1194.npz,190,210,0.0,1.2572086600937116e-11,0.8966783285140991,2.37467360496521,0.0,7.266114234924316,nan,nan,nan,nan
atari_frostbite,/home/haselab/murakawa/stable-deep-world-model/logdir/atari_frostbite_vta_20260107_202443,/home/haselab/murakawa/stable-deep-world-model/logdir/atari_frostbite_vta_20260107_202443/latest.pt,/home/haselab/murakawa/stable-deep-world-model/logdir/atari_frostbite_vta_20260107_202443/train_eps/20260108T163622-6a2855e80f96423f8e6321ab3a435bdc-1194.npz,195,215,0.0,3.982157312232282e-11,1.0411502122879028,2.7420763969421387,0.0,6.894428253173828,nan,nan,nan,nan
atari_frostbite,/home/haselab/murakawa/stable-deep-world-model/logdir/atari_frostbite_vta_20260107_202443,/home/haselab/murakawa/stable-deep-world-model/logdir/atari_frostbite_vta_20260107_202443/latest.pt,/home/haselab/murakawa/stable-deep-world-model/logdir/atari_frostbite_vta_20260107_202443/train_eps/20260108T163622-6a2855e80f96423f8e6321ab3a435bdc-1194.npz,200,220,0.0,8.664573225569683e-11,0.9662138819694519,2.5482325553894043,0.0,7.040584564208984,nan,nan,nan,nan
atari_frostbite,/home/haselab/murakawa/stable-deep-world-model/logdir/atari_frostbite_vta_20260107_202443,/home/haselab/murakawa/stable-deep-world-model/logdir/atari_frostbite_vta_20260107_202443/latest.pt,/home/haselab/murakawa/stable-deep-world-model/logdir/atari_frostbite_vta_20260107_202443/train_eps/20260108T163622-6a2855e80f96423f8e6321ab3a435bdc-1194.npz,205,225,0.0,8.702814857652896e-11,0.9123214483261108,2.527693748474121,0.0,7.6140899658203125,nan,nan,nan,nan
atari_frostbite,/home/haselab/murakawa/stable-deep-world-model/logdir/atari_frostbite_vta_20260107_202443,/home/haselab/murakawa/stable-deep-world-model/logdir/atari_frostbite_vta_20260107_202443/latest.pt,/home/haselab/murakawa/stable-deep-world-model/logdir/atari_frostbite_vta_20260107_202443/train_eps/20260108T163622-6a2855e80f96423f8e6321ab3a435bdc-1194.npz,210,230,0.05,0.05000000074505806,0.9510852694511414,2.5823869705200195,0.27781814336776733,7.770741939544678,2.1364312171936035,5.178523540496826,5.556362628936768,7.91169548034668
atari_frostbite,/home/haselab/murakawa/stable-deep-world-model/logdir/atari_frostbite_vta_20260107_202443,/home/haselab/murakawa/stable-deep-world-model/logdir/atari_frostbite_vta_20260107_202443/latest.pt,/home/haselab/murakawa/stable-deep-world-model/logdir/atari_frostbite_vta_20260107_202443/train_eps/20260108T163622-6a2855e80f96423f8e6321ab3a435bdc-1194.npz,215,235,0.05,0.05000000074505806,1.000264286994934,2.5991358757019043,0.27781814336776733,7.169251918792725,2.1364312171936035,5.178523540496826,5.556362628936768,7.91169548034668
atari_frostbite,/home/haselab/murakawa/stable-deep-world-model/logdir/atari_frostbite_vta_20260107_202443,/home/haselab/murakawa/stable-deep-world-model/logdir/atari_frostbite_vta_20260107_202443/latest.pt,/home/haselab/murakawa/stable-deep-world-model/logdir/atari_frostbite_vta_20260107_202443/train_eps/20260108T163622-6a2855e80f96423f8e6321ab3a435bdc-1194.npz,220,240,0.05,0.05000000074505806,1.071397066116333,2.6866416931152344,0.27781814336776733,6.858661651611328,2.1364312171936035,5.178523540496826,5.556362628936768,7.91169548034668
atari_frostbite,/home/haselab/murakawa/stable-deep-world-model/logdir/atari_frostbite_vta_20260107_202443,/home/haselab/murakawa/stable-deep-world-model/logdir/atari_frostbite_vta_20260107_202443/latest.pt,/home/haselab/murakawa/stable-deep-world-model/logdir/atari_frostbite_vta_20260107_202443/train_eps/20260108T163622-6a2855e80f96423f8e6321ab3a435bdc-1194.npz,225,245,0.05,0.05000000074505806,1.035109281539917,2.492753028869629,0.27781814336776733,5.988415718078613,2.1364312171936035,5.178523540496826,5.556362628936768,7.91169548034668
atari_frostbite,/home/haselab/murakawa/stable-deep-world-model/logdir/atari_frostbite_vta_20260107_202443,/home/haselab/murakawa/stable-deep-world-model/logdir/atari_frostbite_vta_20260107_202443/latest.pt,/home/haselab/murakawa/stable-deep-world-model/logdir/atari_frostbite_vta_20260107_202443/train_eps/20260108T163622-6a2855e80f96423f8e6321ab3a435bdc-1194.npz,230,250,0.0,2.0014701701542847e-11,0.8953821063041687,2.08027720451355,0.0,5.1356520652771,nan,nan,nan,nan
atari_frostbite,/home/haselab/murakawa/stable-deep-world-model/logdir/atari_frostbite_vta_20260107_202443,/home/haselab/murakawa/stable-deep-world-model/logdir/atari_frostbite_vta_20260107_202443/latest.pt,/home/haselab/murakawa/stable-deep-world-model/logdir/atari_frostbite_vta_20260107_202443/train_eps/20260108T163622-6a2855e80f96423f8e6321ab3a435bdc-1194.npz,235,255,0.0,3.047434873892918e-11,0.8485056757926941,1.9006465673446655,0.0,5.369784355163574,nan,nan,nan,nan
atari_frostbite,/home/haselab/murakawa/stable-deep-world-model/logdir/atari_frostbite_vta_20260107_202443,/home/haselab/murakawa/stable-deep-world-model/logdir/atari_frostbite_vta_20260107_202443/latest.pt,/home/haselab/murakawa/stable-deep-world-model/logdir/atari_frostbite_vta_20260107_202443/train_eps/20260108T163622-6a2855e80f96423f8e6321ab3a435bdc-1194.npz,240,260,0.0,4.647134066448899e-11,0.7980517745018005,1.8209737539291382,0.0,5.179288387298584,nan,nan,nan,nan
atari_frostbite,/home/haselab/murakawa/stable-deep-world-model/logdir/atari_frostbite_vta_20260107_202443,/home/haselab/murakawa/stable-deep-world-model/logdir/atari_frostbite_vta_20260107_202443/latest.pt,/home/haselab/murakawa/stable-deep-world-model/logdir/atari_frostbite_vta_20260107_202443/train_eps/20260108T163622-6a2855e80f96423f8e6321ab3a435bdc-1194.npz,245,265,0.0,2.1265547101023685e-09,0.8013303875923157,1.8533843755722046,0.0,5.088138103485107,nan,nan,nan,nan
atari_frostbite,/home/haselab/murakawa/stable-deep-world-model/logdir/atari_frostbite_vta_20260107_202443,/home/haselab/murakawa/stable-deep-world-model/logdir/atari_frostbite_vta_20260107_202443/latest.pt,/home/haselab/murakawa/stable-deep-world-model/logdir/atari_frostbite_vta_20260107_202443/train_eps/20260108T163622-6a2855e80f96423f8e6321ab3a435bdc-1194.npz,250,270,0.0,4.502001438311254e-09,0.8420082926750183,2.001458168029785,0.0,5.2326273918151855,nan,nan,nan,nan
atari_frostbite,/home/haselab/murakawa/stable-deep-world-model/logdir/atari_frostbite_vta_20260107_202443,/home/haselab/murakawa/stable-deep-world-model/logdir/atari_frostbite_vta_20260107_202443/latest.pt,/home/haselab/murakawa/stable-deep-world-model/logdir/atari_frostbite_vta_20260107_202443/train_eps/20260108T163622-6a2855e80f96423f8e6321ab3a435bdc-1194.npz,255,275,0.0,4.523774688180993e-09,0.9080227017402649,2.0895657539367676,0.0,4.894064903259277,nan,nan,nan,nan
atari_frostbite,/home/haselab/murakawa/stable-deep-world-model/logdir/atari_frostbite_vta_20260107_202443,/home/haselab/murakawa/stable-deep-world-model/logdir/atari_frostbite_vta_20260107_202443/latest.pt,/home/haselab/murakawa/stable-deep-world-model/logdir/atari_frostbite_vta_20260107_202443/train_eps/20260108T163622-6a2855e80f96423f8e6321ab3a435bdc-1194.npz,260,280,0.05,0.05000000447034836,0.8803648948669434,2.24957013130188,0.29417479038238525,4.7058424949646,0.7577223777770996,3.8093056678771973,5.883495807647705,5.6860575675964355
atari_frostbite,/home/haselab/murakawa/stable-deep-world-model/logdir/atari_frostbite_vta_20260107_202443,/home/haselab/murakawa/stable-deep-world-model/logdir/atari_frostbite_vta_20260107_202443/latest.pt,/home/haselab/murakawa/stable-deep-world-model/logdir/atari_frostbite_vta_20260107_202443/train_eps/20260108T163622-6a2855e80f96423f8e6321ab3a435bdc-1194.npz,265,285,0.05,0.05000000074505806,0.8339317440986633,2.147240161895752,0.29417479038238525,4.577928066253662,0.7577223777770996,3.8093056678771973,5.883495807647705,5.6860575675964355
atari_frostbite,/home/haselab/murakawa/stable-deep-world-model/logdir/atari_frostbite_vta_20260107_202443,/home/haselab/murakawa/stable-deep-world-model/logdir/atari_frostbite_vta_20260107_202443/latest.pt,/home/haselab/murakawa/stable-deep-world-model/logdir/atari_frostbite_vta_20260107_202443/train_eps/20260108T163622-6a2855e80f96423f8e6321ab3a435bdc-1194.npz,270,290,0.05,0.05000000074505806,0.8228052854537964,2.0840344429016113,0.29417479038238525,4.6359477043151855,0.7577223777770996,3.8093056678771973,5.883495807647705,5.6860575675964355
atari_frostbite,/home/haselab/murakawa/stable-deep-world-model/logdir/atari_frostbite_vta_20260107_202443,/home/haselab/murakawa/stable-deep-world-model/logdir/atari_frostbite_vta_20260107_202443/latest.pt,/home/haselab/murakawa/stable-deep-world-model/logdir/atari_frostbite_vta_20260107_202443/train_eps/20260108T163622-6a2855e80f96423f8e6321ab3a435bdc-1194.npz,275,295,0.05,0.05000000074505806,0.7483090162277222,1.941680908203125,0.29417479038238525,4.999583721160889,0.7577223777770996,3.8093056678771973,5.883495807647705,5.6860575675964355
atari_frostbite,/home/haselab/murakawa/stable-deep-world-model/logdir/atari_frostbite_vta_20260107_202443,/home/haselab/murakawa/stable-deep-world-model/logdir/atari_frostbite_vta_20260107_202443/latest.pt,/home/haselab/murakawa/stable-deep-world-model/logdir/atari_frostbite_vta_20260107_202443/train_eps/20260108T163622-6a2855e80f96423f8e6321ab3a435bdc-1194.npz,280,300,0.0,5.51076850818788e-10,0.5386511087417603,1.3822458982467651,0.0,5.872842311859131,nan,nan,nan,nan
atari_frostbite,/home/haselab/murakawa/stable-deep-world-model/logdir/atari_frostbite_vta_20260107_202443,/home/haselab/murakawa/stable-deep-world-model/logdir/atari_frostbite_vta_20260107_202443/latest.pt,/home/haselab/murakawa/stable-deep-world-model/logdir/atari_frostbite_vta_20260107_202443/train_eps/20260108T163622-6a2855e80f96423f8e6321ab3a435bdc-1194.npz,285,305,0.0,5.134493386016459e-10,0.38522300124168396,1.1276843547821045,0.0,6.505588531494141,nan,nan,nan,nan
atari_frostbite,/home/haselab/murakawa/stable-deep-world-model/logdir/atari_frostbite_vta_20260107_202443,/home/haselab/murakawa/stable-deep-world-model/logdir/atari_frostbite_vta_20260107_202443/latest.pt,/home/haselab/murakawa/stable-deep-world-model/logdir/atari_frostbite_vta_20260107_202443/train_eps/20260108T163622-6a2855e80f96423f8e6321ab3a435bdc-1194.npz,290,310,0.0,3.218809496285252e-13,0.28219547867774963,1.0885086059570312,0.0,7.060101509094238,nan,nan,nan,nan
atari_frostbite,/home/haselab/murakawa/stable-deep-world-model/logdir/atari_frostbite_vta_20260107_202443,/home/haselab/murakawa/stable-deep-world-model/logdir/atari_frostbite_vta_20260107_202443/latest.pt,/home/haselab/murakawa/stable-deep-world-model/logdir/atari_frostbite_vta_20260107_202443/train_eps/20260108T163622-6a2855e80f96423f8e6321ab3a435bdc-1194.npz,295,315,0.0,4.0421781048217975e-14,0.21925637125968933,1.0645016431808472,0.0,7.276161193847656,nan,nan,nan,nan
atari_frostbite,/home/haselab/murakawa/stable-deep-world-model/logdir/atari_frostbite_vta_20260107_202443,/home/haselab/murakawa/stable-deep-world-model/logdir/atari_frostbite_vta_20260107_202443/latest.pt,/home/haselab/murakawa/stable-deep-world-model/logdir/atari_frostbite_vta_20260107_202443/train_eps/20260108T163622-6a2855e80f96423f8e6321ab3a435bdc-1194.npz,300,320,0.0,2.4855814224878335e-14,0.31986692547798157,1.1261180639266968,0.0,6.736919403076172,nan,nan,nan,nan
atari_frostbite,/home/haselab/murakawa/stable-deep-world-model/logdir/atari_frostbite_vta_20260107_202443,/home/haselab/murakawa/stable-deep-world-model/logdir/atari_frostbite_vta_20260107_202443/latest.pt,/home/haselab/murakawa/stable-deep-world-model/logdir/atari_frostbite_vta_20260107_202443/train_eps/20260108T163622-6a2855e80f96423f8e6321ab3a435bdc-1194.npz,305,325,0.0,9.479909736441298e-15,0.4162071645259857,1.2066339254379272,0.0,6.490238189697266,nan,nan,nan,nan
atari_frostbite,/home/haselab/murakawa/stable-deep-world-model/logdir/atari_frostbite_vta_20260107_202443,/home/haselab/murakawa/stable-deep-world-model/logdir/atari_frostbite_vta_20260107_202443/latest.pt,/home/haselab/murakawa/stable-deep-world-model/logdir/atari_frostbite_vta_20260107_202443/train_eps/20260108T163622-6a2855e80f96423f8e6321ab3a435bdc-1194.npz,310,330,0.05,0.05000000074505806,0.4390851557254791,1.3765459060668945,0.2710106372833252,6.413964748382568,0.3362116813659668,4.294881343841553,5.420212745666504,7.955929756164551
atari_frostbite,/home/haselab/murakawa/stable-deep-world-model/logdir/atari_frostbite_vta_20260107_202443,/home/haselab/murakawa/stable-deep-world-model/logdir/atari_frostbite_vta_20260107_202443/latest.pt,/home/haselab/murakawa/stable-deep-world-model/logdir/atari_frostbite_vta_20260107_202443/train_eps/20260108T163622-6a2855e80f96423f8e6321ab3a435bdc-1194.npz,315,335,0.05,0.05000000074505806,0.429193913936615,1.2776795625686646,0.2710106372833252,5.98382043838501,0.3362116813659668,4.294881343841553,5.420212745666504,7.955929756164551
atari_frostbite,/home/haselab/murakawa/stable-deep-world-model/logdir/atari_frostbite_vta_20260107_202443,/home/haselab/murakawa/stable-deep-world-model/logdir/atari_frostbite_vta_20260107_202443/latest.pt,/home/haselab/murakawa/stable-deep-world-model/logdir/atari_frostbite_vta_20260107_202443/train_eps/20260108T163622-6a2855e80f96423f8e6321ab3a435bdc-1194.npz,320,340,0.05,0.05000000074505806,0.37012240290641785,1.2357896566390991,0.2710106372833252,6.3842058181762695,0.3362116813659668,4.294881343841553,5.420212745666504,7.955929756164551
atari_frostbite,/home/haselab/murakawa/stable-deep-world-model/logdir/atari_frostbite_vta_20260107_202443,/home/haselab/murakawa/stable-deep-world-model/logdir/atari_frostbite_vta_20260107_202443/latest.pt,/home/haselab/murakawa/stable-deep-world-model/logdir/atari_frostbite_vta_20260107_202443/train_eps/20260108T163622-6a2855e80f96423f8e6321ab3a435bdc-1194.npz,325,345,0.05,0.05000000074505806,0.3731122612953186,1.2515881061553955,0.2710106372833252,6.5796051025390625,0.3362116813659668,4.294881343841553,5.420212745666504,7.955929756164551
atari_frostbite,/home/haselab/murakawa/stable-deep-world-model/logdir/atari_frostbite_vta_20260107_202443,/home/haselab/murakawa/stable-deep-world-model/logdir/atari_frostbite_vta_20260107_202443/latest.pt,/home/haselab/murakawa/stable-deep-world-model/logdir/atari_frostbite_vta_20260107_202443/train_eps/20260108T163622-6a2855e80f96423f8e6321ab3a435bdc-1194.npz,330,350,0.0,4.970503816285012e-17,0.32772326469421387,0.9292898178100586,0.0,6.663952827453613,nan,nan,nan,nan
atari_frostbite,/home/haselab/murakawa/stable-deep-world-model/logdir/atari_frostbite_vta_20260107_202443,/home/haselab/murakawa/stable-deep-world-model/logdir/atari_frostbite_vta_20260107_202443/latest.pt,/home/haselab/murakawa/stable-deep-world-model/logdir/atari_frostbite_vta_20260107_202443/train_eps/20260108T163622-6a2855e80f96423f8e6321ab3a435bdc-1194.npz,335,355,0.0,5.460068014846561e-17,0.3134094476699829,0.9464586973190308,0.0,7.228714942932129,nan,nan,nan,nan
atari_frostbite,/home/haselab/murakawa/stable-deep-world-model/logdir/atari_frostbite_vta_20260107_202443,/home/haselab/murakawa/stable-deep-world-model/logdir/atari_frostbite_vta_20260107_202443/latest.pt,/home/haselab/murakawa/stable-deep-world-model/logdir/atari_frostbite_vta_20260107_202443/train_eps/20260108T163622-6a2855e80f96423f8e6321ab3a435bdc-1194.npz,340,360,0.0,2.405871686094977e-17,0.37816712260246277,1.0642422437667847,0.0,6.773037910461426,nan,nan,nan,nan
atari_frostbite,/home/haselab/murakawa/stable-deep-world-model/logdir/atari_frostbite_vta_20260107_202443,/home/haselab/murakawa/stable-deep-world-model/logdir/atari_frostbite_vta_20260107_202443/latest.pt,/home/haselab/murakawa/stable-deep-world-model/logdir/atari_frostbite_vta_20260107_202443/train_eps/20260108T163622-6a2855e80f96423f8e6321ab3a435bdc-1194.npz,345,365,0.0,2.891020725418963e-17,0.36048296093940735,1.0553621053695679,0.0,6.821749687194824,nan,nan,nan,nan
atari_frostbite,/home/haselab/murakawa/stable-deep-world-model/logdir/atari_frostbite_vta_20260107_202443,/home/haselab/murakawa/stable-deep-world-model/logdir/atari_frostbite_vta_20260107_202443/latest.pt,/home/haselab/murakawa/stable-deep-world-model/logdir/atari_frostbite_vta_20260107_202443/train_eps/20260108T163622-6a2855e80f96423f8e6321ab3a435bdc-1194.npz,350,370,0.0,2.7392608762840645e-17,0.30692416429519653,0.9216707944869995,0.0,6.695009708404541,nan,nan,nan,nan
atari_frostbite,/home/haselab/murakawa/stable-deep-world-model/logdir/atari_frostbite_vta_20260107_202443,/home/haselab/murakawa/stable-deep-world-model/logdir/atari_frostbite_vta_20260107_202443/latest.pt,/home/haselab/murakawa/stable-deep-world-model/logdir/atari_frostbite_vta_20260107_202443/train_eps/20260108T163622-6a2855e80f96423f8e6321ab3a435bdc-1194.npz,355,375,0.0,2.221941790321156e-17,0.21838970482349396,0.7451087832450867,0.0,6.613857269287109,nan,nan,nan,nan
atari_frostbite,/home/haselab/murakawa/stable-deep-world-model/logdir/atari_frostbite_vta_20260107_202443,/home/haselab/murakawa/stable-deep-world-model/logdir/atari_frostbite_vta_20260107_202443/latest.pt,/home/haselab/murakawa/stable-deep-world-model/logdir/atari_frostbite_vta_20260107_202443/train_eps/20260108T163622-6a2855e80f96423f8e6321ab3a435bdc-1194.npz,360,380,0.05,0.05000000074505806,0.6775553822517395,1.410794973373413,0.284130722284317,7.290203094482422,6.909334182739258,8.948689460754395,5.682614326477051,12.889162063598633
atari_frostbite,/home/haselab/murakawa/stable-deep-world-model/logdir/atari_frostbite_vta_20260107_202443,/home/haselab/murakawa/stable-deep-world-model/logdir/atari_frostbite_vta_20260107_202443/latest.pt,/home/haselab/murakawa/stable-deep-world-model/logdir/atari_frostbite_vta_20260107_202443/train_eps/20260108T163622-6a2855e80f96423f8e6321ab3a435bdc-1194.npz,365,385,0.05,0.05000000074505806,0.6009343862533569,1.2401143312454224,0.284130722284317,6.995184898376465,6.909334182739258,8.948689460754395,5.682614326477051,12.889162063598633
atari_frostbite,/home/haselab/murakawa/stable-deep-world-model/logdir/atari_frostbite_vta_20260107_202443,/home/haselab/murakawa/stable-deep-world-model/logdir/atari_frostbite_vta_20260107_202443/latest.pt,/home/haselab/murakawa/stable-deep-world-model/logdir/atari_frostbite_vta_20260107_202443/train_eps/20260108T163622-6a2855e80f96423f8e6321ab3a435bdc-1194.npz,370,390,0.05,0.05000000074505806,0.589800238609314,1.2061870098114014,0.284130722284317,6.879939079284668,6.909334182739258,8.948689460754395,5.682614326477051,12.889162063598633
atari_frostbite,/home/haselab/murakawa/stable-deep-world-model/logdir/atari_frostbite_vta_20260107_202443,/home/haselab/murakawa/stable-deep-world-model/logdir/atari_frostbite_vta_20260107_202443/latest.pt,/home/haselab/murakawa/stable-deep-world-model/logdir/atari_frostbite_vta_20260107_202443/train_eps/20260108T163622-6a2855e80f96423f8e6321ab3a435bdc-1194.npz,375,395,0.05,0.05000000074505806,0.625080406665802,1.3697112798690796,0.284130722284317,6.853888034820557,6.909334182739258,8.948689460754395,5.682614326477051,12.889162063598633
atari_frostbite,/home/haselab/murakawa/stable-deep-world-model/logdir/atari_frostbite_vta_20260107_202443,/home/haselab/murakawa/stable-deep-world-model/logdir/atari_frostbite_vta_20260107_202443/latest.pt,/home/haselab/murakawa/stable-deep-world-model/logdir/atari_frostbite_vta_20260107_202443/train_eps/20260108T163622-6a2855e80f96423f8e6321ab3a435bdc-1194.npz,380,400,0.0,1.0565397445816416e-09,0.3320938050746918,1.0186222791671753,0.0,6.074130058288574,nan,nan,nan,nan
atari_frostbite,/home/haselab/murakawa/stable-deep-world-model/logdir/atari_frostbite_vta_20260107_202443,/home/haselab/murakawa/stable-deep-world-model/logdir/atari_frostbite_vta_20260107_202443/latest.pt,/home/haselab/murakawa/stable-deep-world-model/logdir/atari_frostbite_vta_20260107_202443/train_eps/20260108T163622-6a2855e80f96423f8e6321ab3a435bdc-1194.npz,385,405,0.0,2.4085236027815426e-09,0.5433168411254883,1.4450023174285889,0.0,5.8284783363342285,nan,nan,nan,nan
atari_frostbite,/home/haselab/murakawa/stable-deep-world-model/logdir/atari_frostbite_vta_20260107_202443,/home/haselab/murakawa/stable-deep-world-model/logdir/atari_frostbite_vta_20260107_202443/latest.pt,/home/haselab/murakawa/stable-deep-world-model/logdir/atari_frostbite_vta_20260107_202443/train_eps/20260108T163622-6a2855e80f96423f8e6321ab3a435bdc-1194.npz,390,410,0.0,8.79158363886745e-08,0.7579721212387085,2.0021519660949707,0.0,5.660414695739746,nan,nan,nan,nan
atari_frostbite,/home/haselab/murakawa/stable-deep-world-model/logdir/atari_frostbite_vta_20260107_202443,/home/haselab/murakawa/stable-deep-world-model/logdir/atari_frostbite_vta_20260107_202443/latest.pt,/home/haselab/murakawa/stable-deep-world-model/logdir/atari_frostbite_vta_20260107_202443/train_eps/20260108T163622-6a2855e80f96423f8e6321ab3a435bdc-1194.npz,395,415,0.0,1.0127299532314282e-07,0.9404296875,2.356428861618042,0.0,5.3597846031188965,nan,nan,nan,nan
atari_frostbite,/home/haselab/murakawa/stable-deep-world-model/logdir/atari_frostbite_vta_20260107_202443,/home/haselab/murakawa/stable-deep-world-model/logdir/atari_frostbite_vta_20260107_202443/latest.pt,/home/haselab/murakawa/stable-deep-world-model/logdir/atari_frostbite_vta_20260107_202443/train_eps/20260108T163622-6a2855e80f96423f8e6321ab3a435bdc-1194.npz,400,420,0.0,1.3608553217636654e-07,0.9008970260620117,2.236052989959717,0.0,5.181232929229736,nan,nan,nan,nan
atari_frostbite,/home/haselab/murakawa/stable-deep-world-model/logdir/atari_frostbite_vta_20260107_202443,/home/haselab/murakawa/stable-deep-world-model/logdir/atari_frostbite_vta_20260107_202443/latest.pt,/home/haselab/murakawa/stable-deep-world-model/logdir/atari_frostbite_vta_20260107_202443/train_eps/20260108T163622-6a2855e80f96423f8e6321ab3a435bdc-1194.npz,405,425,0.0,1.3721412983613845e-07,0.8749315142631531,2.235050916671753,0.0,5.245249271392822,nan,nan,nan,nan
atari_frostbite,/home/haselab/murakawa/stable-deep-world-model/logdir/atari_frostbite_vta_20260107_202443,/home/haselab/murakawa/stable-deep-world-model/logdir/atari_frostbite_vta_20260107_202443/latest.pt,/home/haselab/murakawa/stable-deep-world-model/logdir/atari_frostbite_vta_20260107_202443/train_eps/20260108T163622-6a2855e80f96423f8e6321ab3a435bdc-1194.npz,410,430,0.05,0.05000005289912224,0.9983565211296082,2.5153849124908447,0.28543487191200256,5.545121192932129,1.1336208581924438,2.6341466903686523,5.708697319030762,6.623902320861816
atari_frostbite,/home/haselab/murakawa/stable-deep-world-model/logdir/atari_frostbite_vta_20260107_202443,/home/haselab/murakawa/stable-deep-world-model/logdir/atari_frostbite_vta_20260107_202443/latest.pt,/home/haselab/murakawa/stable-deep-world-model/logdir/atari_frostbite_vta_20260107_202443/train_eps/20260108T163622-6a2855e80f96423f8e6321ab3a435bdc-1194.npz,415,435,0.05,0.050000034272670746,0.9379523396492004,2.2998404502868652,0.28543487191200256,5.1993889808654785,1.1336208581924438,2.6341466903686523,5.708697319030762,6.623902320861816
atari_frostbite,/home/haselab/murakawa/stable-deep-world-model/logdir/atari_frostbite_vta_20260107_202443,/home/haselab/murakawa/stable-deep-world-model/logdir/atari_frostbite_vta_20260107_202443/latest.pt,/home/haselab/murakawa/stable-deep-world-model/logdir/atari_frostbite_vta_20260107_202443/train_eps/20260108T163622-6a2855e80f96423f8e6321ab3a435bdc-1194.npz,420,440,0.05,0.05000000074505806,0.9262031316757202,2.2725930213928223,0.28543487191200256,5.303218841552734,1.1336208581924438,2.6341466903686523,5.708697319030762,6.623902320861816
atari_frostbite,/home/haselab/murakawa/stable-deep-world-model/logdir/atari_frostbite_vta_20260107_202443,/home/haselab/murakawa/stable-deep-world-model/logdir/atari_frostbite_vta_20260107_202443/latest.pt,/home/haselab/murakawa/stable-deep-world-model/logdir/atari_frostbite_vta_20260107_202443/train_eps/20260108T163622-6a2855e80f96423f8e6321ab3a435bdc-1194.npz,425,445,0.05,0.05000000074505806,0.9691718220710754,2.3091139793395996,0.28543487191200256,5.5439581871032715,1.1336208581924438,2.6341466903686523,5.708697319030762,6.623902320861816
atari_frostbite,/home/haselab/murakawa/stable-deep-world-model/logdir/atari_frostbite_vta_20260107_202443,/home/haselab/murakawa/stable-deep-world-model/logdir/atari_frostbite_vta_20260107_202443/latest.pt,/home/haselab/murakawa/stable-deep-world-model/logdir/atari_frostbite_vta_20260107_202443/train_eps/20260108T163622-6a2855e80f96423f8e6321ab3a435bdc-1194.npz,430,450,0.0,1.6731924873392146e-11,0.7669693827629089,1.7363049983978271,0.0,4.841398239135742,nan,nan,nan,nan
atari_frostbite,/home/haselab/murakawa/stable-deep-world-model/logdir/atari_frostbite_vta_20260107_202443,/home/haselab/murakawa/stable-deep-world-model/logdir/atari_frostbite_vta_20260107_202443/latest.pt,/home/haselab/murakawa/stable-deep-world-model/logdir/atari_frostbite_vta_20260107_202443/train_eps/20260108T163622-6a2855e80f96423f8e6321ab3a435bdc-1194.npz,435,455,0.0,1.7092365717230606e-11,0.7691785097122192,1.7253782749176025,0.0,4.85107946395874,nan,nan,nan,nan
atari_frostbite,/home/haselab/murakawa/stable-deep-world-model/logdir/atari_frostbite_vta_20260107_202443,/home/haselab/murakawa/stable-deep-world-model/logdir/atari_frostbite_vta_20260107_202443/latest.pt,/home/haselab/murakawa/stable-deep-world-model/logdir/atari_frostbite_vta_20260107_202443/train_eps/20260108T163622-6a2855e80f96423f8e6321ab3a435bdc-1194.npz,440,460,0.0,1.0884551940315568e-11,0.6964198350906372,1.612728476524353,0.0,4.653631687164307,nan,nan,nan,nan
atari_frostbite,/home/haselab/murakawa/stable-deep-world-model/logdir/atari_frostbite_vta_20260107_202443,/home/haselab/murakawa/stable-deep-world-model/logdir/atari_frostbite_vta_20260107_202443/latest.pt,/home/haselab/murakawa/stable-deep-world-model/logdir/atari_frostbite_vta_20260107_202443/train_eps/20260108T163622-6a2855e80f96423f8e6321ab3a435bdc-1194.npz,445,465,0.0,6.715066870610631e-12,0.573328971862793,1.3196022510528564,0.0,4.071687698364258,nan,nan,nan,nan
atari_frostbite,/home/haselab/murakawa/stable-deep-world-model/logdir/atari_frostbite_vta_20260107_202443,/home/haselab/murakawa/stable-deep-world-model/logdir/atari_frostbite_vta_20260107_202443/latest.pt,/home/haselab/murakawa/stable-deep-world-model/logdir/atari_frostbite_vta_20260107_202443/train_eps/20260108T163622-6a2855e80f96423f8e6321ab3a435bdc-1194.npz,450,470,0.0,4.956253506563368e-13,0.557319164276123,1.289869785308838,0.0,4.022634029388428,nan,nan,nan,nan
atari_frostbite,/home/haselab/murakawa/stable-deep-world-model/logdir/atari_frostbite_vta_20260107_202443,/home/haselab/murakawa/stable-deep-world-model/logdir/atari_frostbite_vta_20260107_202443/latest.pt,/home/haselab/murakawa/stable-deep-world-model/logdir/atari_frostbite_vta_20260107_202443/train_eps/20260108T163622-6a2855e80f96423f8e6321ab3a435bdc-1194.npz,455,475,0.0,8.995101958750827e-15,0.496967613697052,1.1747198104858398,0.0,4.042063236236572,nan,nan,nan,nan
atari_frostbite,/home/haselab/murakawa/stable-deep-world-model/logdir/atari_frostbite_vta_20260107_202443,/home/haselab/murakawa/stable-deep-world-model/logdir/atari_frostbite_vta_20260107_202443/latest.pt,/home/haselab/murakawa/stable-deep-world-model/logdir/atari_frostbite_vta_20260107_202443/train_eps/20260108T163622-6a2855e80f96423f8e6321ab3a435bdc-1194.npz,460,480,0.05,0.05000000074505806,0.5575175881385803,1.597198724746704,0.2634499669075012,4.220426559448242,0.9382361769676208,3.95123291015625,5.2689995765686035,5.89454984664917
atari_frostbite,/home/haselab/murakawa/stable-deep-world-model/logdir/atari_frostbite_vta_20260107_202443,/home/haselab/murakawa/stable-deep-world-model/logdir/atari_frostbite_vta_20260107_202443/latest.pt,/home/haselab/murakawa/stable-deep-world-model/logdir/atari_frostbite_vta_20260107_202443/train_eps/20260108T163622-6a2855e80f96423f8e6321ab3a435bdc-1194.npz,465,485,0.05,0.05000000074505806,0.6100246906280518,1.8578933477401733,0.2634499669075012,4.442924499511719,0.9382361769676208,3.95123291015625,5.2689995765686035,5.89454984664917
atari_frostbite,/home/haselab/murakawa/stable-deep-world-model/logdir/atari_frostbite_vta_20260107_202443,/home/haselab/murakawa/stable-deep-world-model/logdir/atari_frostbite_vta_20260107_202443/latest.pt,/home/haselab/murakawa/stable-deep-world-model/logdir/atari_frostbite_vta_20260107_202443/train_eps/20260108T163622-6a2855e80f96423f8e6321ab3a435bdc-1194.npz,470,490,0.05,0.05000000074505806,0.6224011778831482,1.9016622304916382,0.2634499669075012,4.5588274002075195,0.9382361769676208,3.95123291015625,5.2689995765686035,5.89454984664917
atari_frostbite,/home/haselab/murakawa/stable-deep-world-model/logdir/atari_frostbite_vta_20260107_202443,/home/haselab/murakawa/stable-deep-world-model/logdir/atari_frostbite_vta_20260107_202443/latest.pt,/home/haselab/murakawa/stable-deep-world-model/logdir/atari_frostbite_vta_20260107_202443/train_eps/20260108T163622-6a2855e80f96423f8e6321ab3a435bdc-1194.npz,475,495,0.05,0.05000000074505806,0.6864202618598938,2.129403591156006,0.2634499669075012,4.789525032043457,0.9382361769676208,3.95123291015625,5.2689995765686035,5.89454984664917
atari_frostbite,/home/haselab/murakawa/stable-deep-world-model/logdir/atari_frostbite_vta_20260107_202443,/home/haselab/murakawa/stable-deep-world-model/logdir/atari_frostbite_vta_20260107_202443/latest.pt,/home/haselab/murakawa/stable-deep-world-model/logdir/atari_frostbite_vta_20260107_202443/train_eps/20260108T163622-6a2855e80f96423f8e6321ab3a435bdc-1194.npz,480,500,0.0,3.204588219676667e-16,0.6445181965827942,1.8263485431671143,0.0,4.922048091888428,nan,nan,nan,nan
atari_frostbite,/home/haselab/murakawa/stable-deep-world-model/logdir/atari_frostbite_vta_20260107_202443,/home/haselab/murakawa/stable-deep-world-model/logdir/atari_frostbite_vta_20260107_202443/latest.pt,/home/haselab/murakawa/stable-deep-world-model/logdir/atari_frostbite_vta_20260107_202443/train_eps/20260108T163622-6a2855e80f96423f8e6321ab3a435bdc-1194.npz,485,505,0.0,5.896870795821436e-16,0.5886543989181519,1.669091820716858,0.0,5.1191205978393555,nan,nan,nan,nan
atari_frostbite,/home/haselab/murakawa/stable-deep-world-model/logdir/atari_frostbite_vta_20260107_202443,/home/haselab/murakawa/stable-deep-world-model/logdir/atari_frostbite_vta_20260107_202443/latest.pt,/home/haselab/murakawa/stable-deep-world-model/logdir/atari_frostbite_vta_20260107_202443/train_eps/20260108T163622-6a2855e80f96423f8e6321ab3a435bdc-1194.npz,490,510,0.0,6.177601337343153e-16,0.5810647010803223,1.7615268230438232,0.0,5.615914344787598,nan,nan,nan,nan
atari_frostbite,/home/haselab/murakawa/stable-deep-world-model/logdir/atari_frostbite_vta_20260107_202443,/home/haselab/murakawa/stable-deep-world-model/logdir/atari_frostbite_vta_20260107_202443/latest.pt,/home/haselab/murakawa/stable-deep-world-model/logdir/atari_frostbite_vta_20260107_202443/train_eps/20260108T163622-6a2855e80f96423f8e6321ab3a435bdc-1194.npz,495,515,0.0,6.101134379238587e-16,0.5251057147979736,1.669377088546753,0.0,5.5328569412231445,nan,nan,nan,nan
atari_frostbite,/home/haselab/murakawa/stable-deep-world-model/logdir/atari_frostbite_vta_20260107_202443,/home/haselab/murakawa/stable-deep-world-model/logdir/atari_frostbite_vta_20260107_202443/latest.pt,/home/haselab/murakawa/stable-deep-world-model/logdir/atari_frostbite_vta_20260107_202443/train_eps/20260108T163622-6a2855e80f96423f8e6321ab3a435bdc-1194.npz,500,520,0.0,4.155676252825402e-16,0.43265873193740845,1.5476936101913452,0.0,5.115562438964844,nan,nan,nan,nan
atari_frostbite,/home/haselab/murakawa/stable-deep-world-model/logdir/atari_frostbite_vta_20260107_202443,/home/haselab/murakawa/stable-deep-world-model/logdir/atari_frostbite_vta_20260107_202443/latest.pt,/home/haselab/murakawa/stable-deep-world-model/logdir/atari_frostbite_vta_20260107_202443/train_eps/20260108T163622-6a2855e80f96423f8e6321ab3a435bdc-1194.npz,505,525,0.0,2.836356660074519e-17,0.352853000164032,1.2973873615264893,0.0,4.768599510192871,nan,nan,nan,nan
atari_frostbite,/home/haselab/murakawa/stable-deep-world-model/logdir/atari_frostbite_vta_20260107_202443,/home/haselab/murakawa/stable-deep-world-model/logdir/atari_frostbite_vta_20260107_202443/latest.pt,/home/haselab/murakawa/stable-deep-world-model/logdir/atari_frostbite_vta_20260107_202443/train_eps/20260108T163622-6a2855e80f96423f8e6321ab3a435bdc-1194.npz,510,530,0.05,0.05000000074505806,0.25907665491104126,1.402866005897522,0.192045658826828,4.463006496429443,0.42259642481803894,4.593072891235352,3.8409130573272705,4.3735857009887695
atari_frostbite,/home/haselab/murakawa/stable-deep-world-model/logdir/atari_frostbite_vta_20260107_202443,/home/haselab/murakawa/stable-deep-world-model/logdir/atari_frostbite_vta_20260107_202443/latest.pt,/home/haselab/murakawa/stable-deep-world-model/logdir/atari_frostbite_vta_20260107_202443/train_eps/20260108T163622-6a2855e80f96423f8e6321ab3a435bdc-1194.npz,515,535,0.05,0.05000000074505806,0.1667669713497162,1.2372162342071533,0.192045658826828,4.933489799499512,0.42259642481803894,4.593072891235352,3.8409130573272705,4.3735857009887695
atari_frostbite,/home/haselab/murakawa/stable-deep-world-model/logdir/atari_frostbite_vta_20260107_202443,/home/haselab/murakawa/stable-deep-world-model/logdir/atari_frostbite_vta_20260107_202443/latest.pt,/home/haselab/murakawa/stable-deep-world-model/logdir/atari_frostbite_vta_20260107_202443/train_eps/20260108T163622-6a2855e80f96423f8e6321ab3a435bdc-1194.npz,520,540,0.05,0.05000000074505806,0.09377501159906387,0.9878891706466675,0.192045658826828,5.773715972900391,0.42259642481803894,4.593072891235352,3.8409130573272705,4.3735857009887695
atari_frostbite,/home/haselab/murakawa/stable-deep-world-model/logdir/atari_frostbite_vta_20260107_202443,/home/haselab/murakawa/stable-deep-world-model/logdir/atari_frostbite_vta_20260107_202443/latest.pt,/home/haselab/murakawa/stable-deep-world-model/logdir/atari_frostbite_vta_20260107_202443/train_eps/20260108T163622-6a2855e80f96423f8e6321ab3a435bdc-1194.npz,525,545,0.05,0.05000000074505806,0.06478792428970337,0.9616177678108215,0.192045658826828,6.553144931793213,0.42259642481803894,4.593072891235352,3.8409130573272705,4.3735857009887695
atari_frostbite,/home/haselab/murakawa/stable-deep-world-model/logdir/atari_frostbite_vta_20260107_202443,/home/haselab/murakawa/stable-deep-world-model/logdir/atari_frostbite_vta_20260107_202443/latest.pt,/home/haselab/murakawa/stable-deep-world-model/logdir/atari_frostbite_vta_20260107_202443/train_eps/20260108T163622-6a2855e80f96423f8e6321ab3a435bdc-1194.npz,530,550,0.0,1.7990505424676198e-25,0.02800993248820305,0.4968782067298889,0.0,7.106614589691162,nan,nan,nan,nan
atari_frostbite,/home/haselab/murakawa/stable-deep-world-model/logdir/atari_frostbite_vta_20260107_202443,/home/haselab/murakawa/stable-deep-world-model/logdir/atari_frostbite_vta_20260107_202443/latest.pt,/home/haselab/murakawa/stable-deep-world-model/logdir/atari_frostbite_vta_20260107_202443/train_eps/20260108T163622-6a2855e80f96423f8e6321ab3a435bdc-1194.npz,535,555,0.0,1.612371539627725e-25,0.012607011012732983,0.36494138836860657,0.0,7.435462951660156,nan,nan,nan,nan
atari_frostbite,/home/haselab/murakawa/stable-deep-world-model/logdir/atari_frostbite_vta_20260107_202443,/home/haselab/murakawa/stable-deep-world-model/logdir/atari_frostbite_vta_20260107_202443/latest.pt,/home/haselab/murakawa/stable-deep-world-model/logdir/atari_frostbite_vta_20260107_202443/train_eps/20260108T163622-6a2855e80f96423f8e6321ab3a435bdc-1194.npz,540,560,0.0,1.4887424911566525e-25,0.00886413175612688,0.3442962169647217,0.0,7.602500915527344,nan,nan,nan,nan
atari_frostbite,/home/haselab/murakawa/stable-deep-world-model/logdir/atari_frostbite_vta_20260107_202443,/home/haselab/murakawa/stable-deep-world-model/logdir/atari_frostbite_vta_20260107_202443/latest.pt,/home/haselab/murakawa/stable-deep-world-model/logdir/atari_frostbite_vta_20260107_202443/train_eps/20260108T163622-6a2855e80f96423f8e6321ab3a435bdc-1194.npz,545,565,0.0,3.611669492505041e-25,0.008474058471620083,0.3376151919364929,0.0,7.657827854156494,nan,nan,nan,nan
atari_frostbite,/home/haselab/murakawa/stable-deep-world-model/logdir/atari_frostbite_vta_20260107_202443,/home/haselab/murakawa/stable-deep-world-model/logdir/atari_frostbite_vta_20260107_202443/latest.pt,/home/haselab/murakawa/stable-deep-world-model/logdir/atari_frostbite_vta_20260107_202443/train_eps/20260108T163622-6a2855e80f96423f8e6321ab3a435bdc-1194.npz,550,570,0.05,0.05000000074505806,0.30703604221343994,0.826097846031189,0.29062026739120483,7.500361442565918,5.889262676239014,7.964432239532471,5.812405586242676,9.844442367553711
atari_frostbite,/home/haselab/murakawa/stable-deep-world-model/logdir/atari_frostbite_vta_20260107_202443,/home/haselab/murakawa/stable-deep-world-model/logdir/atari_frostbite_vta_20260107_202443/latest.pt,/home/haselab/murakawa/stable-deep-world-model/logdir/atari_frostbite_vta_20260107_202443/train_eps/20260108T163622-6a2855e80f96423f8e6321ab3a435bdc-1194.npz,555,575,0.05,0.05000000074505806,0.3078397512435913,0.8163374662399292,0.29062026739120483,7.174330711364746,5.889262676239014,7.964432239532471,5.812405586242676,9.844442367553711
atari_frostbite,/home/haselab/murakawa/stable-deep-world-model/logdir/atari_frostbite_vta_20260107_202443,/home/haselab/murakawa/stable-deep-world-model/logdir/atari_frostbite_vta_20260107_202443/latest.pt,/home/haselab/murakawa/stable-deep-world-model/logdir/atari_frostbite_vta_20260107_202443/train_eps/20260108T163622-6a2855e80f96423f8e6321ab3a435bdc-1194.npz,560,580,0.05,0.05000000074505806,0.3139655292034149,0.8102404475212097,0.29062026739120483,6.540506839752197,5.889262676239014,7.964432239532471,5.812405586242676,9.844442367553711
atari_frostbite,/home/haselab/murakawa/stable-deep-world-model/logdir/atari_frostbite_vta_20260107_202443,/home/haselab/murakawa/stable-deep-world-model/logdir/atari_frostbite_vta_20260107_202443/latest.pt,/home/haselab/murakawa/stable-deep-world-model/logdir/atari_frostbite_vta_20260107_202443/train_eps/20260108T163622-6a2855e80f96423f8e6321ab3a435bdc-1194.npz,565,585,0.05,0.05000000074505806,0.45973777770996094,1.2221784591674805,0.29062026739120483,6.352104187011719,5.889262676239014,7.964432239532471,5.812405586242676,9.844442367553711
atari_frostbite,/home/haselab/murakawa/stable-deep-world-model/logdir/atari_frostbite_vta_20260107_202443,/home/haselab/murakawa/stable-deep-world-model/logdir/atari_frostbite_vta_20260107_202443/latest.pt,/home/haselab/murakawa/stable-deep-world-model/logdir/atari_frostbite_vta_20260107_202443/train_eps/20260108T163622-6a2855e80f96423f8e6321ab3a435bdc-1194.npz,570,590,0.0,2.0618378593275245e-15,0.4110366702079773,1.145348310470581,0.0,5.788272380828857,nan,nan,nan,nan
atari_frostbite,/home/haselab/murakawa/stable-deep-world-model/logdir/atari_frostbite_vta_20260107_202443,/home/haselab/murakawa/stable-deep-world-model/logdir/atari_frostbite_vta_20260107_202443/latest.pt,/home/haselab/murakawa/stable-deep-world-model/logdir/atari_frostbite_vta_20260107_202443/train_eps/20260108T163622-6a2855e80f96423f8e6321ab3a435bdc-1194.npz,575,595,0.0,2.578404925617059e-15,0.5820108652114868,1.5773470401763916,0.0,5.523809432983398,nan,nan,nan,nan
atari_frostbite,/home/haselab/murakawa/stable-deep-world-model/logdir/atari_frostbite_vta_20260107_202443,/home/haselab/murakawa/stable-deep-world-model/logdir/atari_frostbite_vta_20260107_202443/latest.pt,/home/haselab/murakawa/stable-deep-world-model/logdir/atari_frostbite_vta_20260107_202443/train_eps/20260108T163622-6a2855e80f96423f8e6321ab3a435bdc-1194.npz,580,600,0.0,2.772628860444465e-13,0.8389919400215149,2.1465301513671875,0.0,5.501941204071045,nan,nan,nan,nan
atari_frostbite,/home/haselab/murakawa/stable-deep-world-model/logdir/atari_frostbite_vta_20260107_202443,/home/haselab/murakawa/stable-deep-world-model/logdir/atari_frostbite_vta_20260107_202443/latest.pt,/home/haselab/murakawa/stable-deep-world-model/logdir/atari_frostbite_vta_20260107_202443/train_eps/20260108T163622-6a2855e80f96423f8e6321ab3a435bdc-1194.npz,585,605,0.0,6.311692704943916e-13,0.8840524554252625,2.1645071506500244,0.0,5.299783229827881,nan,nan,nan,nan
atari_frostbite,/home/haselab/murakawa/stable-deep-world-model/logdir/atari_frostbite_vta_20260107_202443,/home/haselab/murakawa/stable-deep-world-model/logdir/atari_frostbite_vta_20260107_202443/latest.pt,/home/haselab/murakawa/stable-deep-world-model/logdir/atari_frostbite_vta_20260107_202443/train_eps/20260108T163622-6a2855e80f96423f8e6321ab3a435bdc-1194.npz,590,610,0.0,7.040896728496837e-13,0.820837140083313,2.1119658946990967,0.0,5.52530574798584,nan,nan,nan,nan
atari_frostbite,/home/haselab/murakawa/stable-deep-world-model/logdir/atari_frostbite_vta_20260107_202443,/home/haselab/murakawa/stable-deep-world-model/logdir/atari_frostbite_vta_20260107_202443/latest.pt,/home/haselab/murakawa/stable-deep-world-model/logdir/atari_frostbite_vta_20260107_202443/train_eps/20260108T163622-6a2855e80f96423f8e6321ab3a435bdc-1194.npz,595,615,0.0,7.037451133992678e-13,0.9234787225723267,2.258881092071533,0.0,6.010597229003906,nan,nan,nan,nan
atari_frostbite,/home/haselab/murakawa/stable-deep-world-model/logdir/atari_frostbite_vta_20260107_202443,/home/haselab/murakawa/stable-deep-world-model/logdir/atari_frostbite_vta_20260107_202443/latest.pt,/home/haselab/murakawa/stable-deep-world-model/logdir/atari_frostbite_vta_20260107_202443/train_eps/20260108T163622-6a2855e80f96423f8e6321ab3a435bdc-1194.npz,600,620,0.05,0.05000000074505806,0.9093952178955078,2.260266065597534,0.26150089502334595,5.884237289428711,1.975823998451233,4.367615222930908,5.230018138885498,5.94875431060791
atari_frostbite,/home/haselab/murakawa/stable-deep-world-model/logdir/atari_frostbite_vta_20260107_202443,/home/haselab/murakawa/stable-deep-world-model/logdir/atari_frostbite_vta_20260107_202443/latest.pt,/home/haselab/murakawa/stable-deep-world-model/logdir/atari_frostbite_vta_20260107_202443/train_eps/20260108T163622-6a2855e80f96423f8e6321ab3a435bdc-1194.npz,605,625,0.05,0.05000000074505806,0.8893545269966125,2.224031448364258,0.26150089502334595,5.4735822677612305,1.975823998451233,4.367615222930908,5.230018138885498,5.94875431060791
atari_frostbite,/home/haselab/murakawa/stable-deep-world-model/logdir/atari_frostbite_vta_20260107_202443,/home/haselab/murakawa/stable-deep-world-model/logdir/atari_frostbite_vta_20260107_202443/latest.pt,/home/haselab/murakawa/stable-deep-world-model/logdir/atari_frostbite_vta_20260107_202443/train_eps/20260108T163622-6a2855e80f96423f8e6321ab3a435bdc-1194.npz,610,630,0.05,0.05000000074505806,0.9642643928527832,2.443366527557373,0.26150089502334595,5.478353977203369,1.975823998451233,4.367615222930908,5.230018138885498,5.94875431060791
atari_frostbite,/home/haselab/murakawa/stable-deep-world-model/logdir/atari_frostbite_vta_20260107_202443,/home/haselab/murakawa/stable-deep-world-model/logdir/atari_frostbite_vta_20260107_202443/latest.pt,/home/haselab/murakawa/stable-deep-world-model/logdir/atari_frostbite_vta_20260107_202443/train_eps/20260108T163622-6a2855e80f96423f8e6321ab3a435bdc-1194.npz,615,635,0.05,0.05000000074505806,0.842889666557312,2.177743434906006,0.26150089502334595,4.845259666442871,1.975823998451233,4.367615222930908,5.230018138885498,5.94875431060791
atari_frostbite,/home/haselab/murakawa/stable-deep-world-model/logdir/atari_frostbite_vta_20260107_202443,/home/haselab/murakawa/stable-deep-world-model/logdir/atari_frostbite_vta_20260107_202443/latest.pt,/home/haselab/murakawa/stable-deep-world-model/logdir/atari_frostbite_vta_20260107_202443/train_eps/20260108T163622-6a2855e80f96423f8e6321ab3a435bdc-1194.npz,620,640,0.0,1.830438023375791e-09,0.753417432308197,1.9232442378997803,0.0,4.560179710388184,nan,nan,nan,nan
atari_frostbite,/home/haselab/murakawa/stable-deep-world-model/logdir/atari_frostbite_vta_20260107_202443,/home/haselab/murakawa/stable-deep-world-model/logdir/atari_frostbite_vta_20260107_202443/latest.pt,/home/haselab/murakawa/stable-deep-world-model/logdir/atari_frostbite_vta_20260107_202443/train_eps/20260108T163622-6a2855e80f96423f8e6321ab3a435bdc-1194.npz,625,645,0.0,1.6385385270822894e-09,0.7897218465805054,1.9758116006851196,0.0,4.644924163818359,nan,nan,nan,nan
atari_frostbite,/home/haselab/murakawa/stable-deep-world-model/logdir/atari_frostbite_vta_20260107_202443,/home/haselab/murakawa/stable-deep-world-model/logdir/atari_frostbite_vta_20260107_202443/latest.pt,/home/haselab/murakawa/stable-deep-world-model/logdir/atari_frostbite_vta_20260107_202443/train_eps/20260108T163622-6a2855e80f96423f8e6321ab3a435bdc-1194.npz,630,650,0.0,8.595892010340722e-13,0.6827136278152466,1.7124526500701904,0.0,4.242592811584473,nan,nan,nan,nan
atari_frostbite,/home/haselab/murakawa/stable-deep-world-model/logdir/atari_frostbite_vta_20260107_202443,/home/haselab/murakawa/stable-deep-world-model/logdir/atari_frostbite_vta_20260107_202443/latest.pt,/home/haselab/murakawa/stable-deep-world-model/logdir/atari_frostbite_vta_20260107_202443/train_eps/20260108T163622-6a2855e80f96423f8e6321ab3a435bdc-1194.npz,635,655,0.0,3.479603215804372e-13,0.6816655397415161,1.7025701999664307,0.0,3.740269184112549,nan,nan,nan,nan
atari_frostbite,/home/haselab/murakawa/stable-deep-world-model/logdir/atari_frostbite_vta_20260107_202443,/home/haselab/murakawa/stable-deep-world-model/logdir/atari_frostbite_vta_20260107_202443/latest.pt,/home/haselab/murakawa/stable-deep-world-model/logdir/atari_frostbite_vta_20260107_202443/train_eps/20260108T163622-6a2855e80f96423f8e6321ab3a435bdc-1194.npz,640,660,0.0,2.93215277768653e-16,0.6624900698661804,1.6851094961166382,0.0,3.7254505157470703,nan,nan,nan,nan
atari_frostbite,/home/haselab/murakawa/stable-deep-world-model/logdir/atari_frostbite_vta_20260107_202443,/home/haselab/murakawa/stable-deep-world-model/logdir/atari_frostbite_vta_20260107_202443/latest.pt,/home/haselab/murakawa/stable-deep-world-model/logdir/atari_frostbite_vta_20260107_202443/train_eps/20260108T163622-6a2855e80f96423f8e6321ab3a435bdc-1194.npz,645,665,0.0,1.0031543543230687e-16,0.5919442176818848,1.531907320022583,0.0,3.6866660118103027,nan,nan,nan,nan
atari_frostbite,/home/haselab/murakawa/stable-deep-world-model/logdir/atari_frostbite_vta_20260107_202443,/home/haselab/murakawa/stable-deep-world-model/logdir/atari_frostbite_vta_20260107_202443/latest.pt,/home/haselab/murakawa/stable-deep-world-model/logdir/atari_frostbite_vta_20260107_202443/train_eps/20260108T163622-6a2855e80f96423f8e6321ab3a435bdc-1194.npz,650,670,0.05,0.05000000074505806,0.5272513031959534,1.9641309976577759,0.2644997239112854,4.026127338409424,0.2649838924407959,5.716376781463623,5.289994716644287,6.845137596130371
atari_frostbite,/home/haselab/murakawa/stable-deep-world-model/logdir/atari_frostbite_vta_20260107_202443,/home/haselab/murakawa/stable-deep-world-model/logdir/atari_frostbite_vta_20260107_202443/latest.pt,/home/haselab/murakawa/stable-deep-world-model/logdir/atari_frostbite_vta_20260107_202443/train_eps/20260108T163622-6a2855e80f96423f8e6321ab3a435bdc-1194.npz,655,675,0.05,0.05000000074505806,0.5042758584022522,2.09375,0.2644997239112854,4.288210868835449,0.2649838924407959,5.716376781463623,5.289994716644287,6.845137596130371
atari_frostbite,/home/haselab/murakawa/stable-deep-world-model/logdir/atari_frostbite_vta_20260107_202443,/home/haselab/murakawa/stable-deep-world-model/logdir/atari_frostbite_vta_20260107_202443/latest.pt,/home/haselab/murakawa/stable-deep-world-model/logdir/atari_frostbite_vta_20260107_202443/train_eps/20260108T163622-6a2855e80f96423f8e6321ab3a435bdc-1194.npz,660,680,0.05,0.05000000074505806,0.5334400534629822,2.256568670272827,0.2644997239112854,4.494077682495117,0.2649838924407959,5.716376781463623,5.289994716644287,6.845137596130371
atari_frostbite,/home/haselab/murakawa/stable-deep-world-model/logdir/atari_frostbite_vta_20260107_202443,/home/haselab/murakawa/stable-deep-world-model/logdir/atari_frostbite_vta_20260107_202443/latest.pt,/home/haselab/murakawa/stable-deep-world-model/logdir/atari_frostbite_vta_20260107_202443/train_eps/20260108T163622-6a2855e80f96423f8e6321ab3a435bdc-1194.npz,665,685,0.05,0.05000000074505806,0.5290933847427368,2.3673670291900635,0.2644997239112854,4.587926864624023,0.2649838924407959,5.716376781463623,5.289994716644287,6.845137596130371
atari_frostbite,/home/haselab/murakawa/stable-deep-world-model/logdir/atari_frostbite_vta_20260107_202443,/home/haselab/murakawa/stable-deep-world-model/logdir/atari_frostbite_vta_20260107_202443/latest.pt,/home/haselab/murakawa/stable-deep-world-model/logdir/atari_frostbite_vta_20260107_202443/train_eps/20260108T163622-6a2855e80f96423f8e6321ab3a435bdc-1194.npz,670,690,0.0,2.7200826937820226e-17,0.5731858015060425,2.0566868782043457,0.0,4.4646830558776855,nan,nan,nan,nan
atari_frostbite,/home/haselab/murakawa/stable-deep-world-model/logdir/atari_frostbite_vta_20260107_202443,/home/haselab/murakawa/stable-deep-world-model/logdir/atari_frostbite_vta_20260107_202443/latest.pt,/home/haselab/murakawa/stable-deep-world-model/logdir/atari_frostbite_vta_20260107_202443/train_eps/20260108T163622-6a2855e80f96423f8e6321ab3a435bdc-1194.npz,675,695,0.0,2.7140020890991452e-17,0.5352166891098022,1.8775644302368164,0.0,4.321751594543457,nan,nan,nan,nan
atari_frostbite,/home/haselab/murakawa/stable-deep-world-model/logdir/atari_frostbite_vta_20260107_202443,/home/haselab/murakawa/stable-deep-world-model/logdir/atari_frostbite_vta_20260107_202443/latest.pt,/home/haselab/murakawa/stable-deep-world-model/logdir/atari_frostbite_vta_20260107_202443/train_eps/20260108T163622-6a2855e80f96423f8e6321ab3a435bdc-1194.npz,680,700,0.0,4.033521625879743e-19,0.5155531167984009,1.7882499694824219,0.0,4.164506435394287,nan,nan,nan,nan
atari_frostbite,/home/haselab/murakawa/stable-deep-world-model/logdir/atari_frostbite_vta_20260107_202443,/home/haselab/murakawa/stable-deep-world-model/logdir/atari_frostbite_vta_20260107_202443/latest.pt,/home/haselab/murakawa/stable-deep-world-model/logdir/atari_frostbite_vta_20260107_202443/train_eps/20260108T163622-6a2855e80f96423f8e6321ab3a435bdc-1194.npz,685,705,0.0,9.96267558089447e-22,0.42846980690956116,1.5988481044769287,0.0,4.053033351898193,nan,nan,nan,nan
atari_frostbite,/home/haselab/murakawa/stable-deep-world-model/logdir/atari_frostbite_vta_20260107_202443,/home/haselab/murakawa/stable-deep-world-model/logdir/atari_frostbite_vta_20260107_202443/latest.pt,/home/haselab/murakawa/stable-deep-world-model/logdir/atari_frostbite_vta_20260107_202443/train_eps/20260108T163622-6a2855e80f96423f8e6321ab3a435bdc-1194.npz,690,710,0.0,1.105129378511537e-22,0.43107691407203674,1.5309488773345947,0.0,4.0365118980407715,nan,nan,nan,nan
atari_frostbite,/home/haselab/murakawa/stable-deep-world-model/logdir/atari_frostbite_vta_20260107_202443,/home/haselab/murakawa/stable-deep-world-model/logdir/atari_frostbite_vta_20260107_202443/latest.pt,/home/haselab/murakawa/stable-deep-world-model/logdir/atari_frostbite_vta_20260107_202443/train_eps/20260108T163622-6a2855e80f96423f8e6321ab3a435bdc-1194.npz,695,715,0.0,1.2922974198924055e-22,0.4959421157836914,1.6767683029174805,0.0,4.150587558746338,nan,nan,nan,nan
atari_frostbite,/home/haselab/murakawa/stable-deep-world-model/logdir/atari_frostbite_vta_20260107_202443,/home/haselab/murakawa/stable-deep-world-model/logdir/atari_frostbite_vta_20260107_202443/latest.pt,/home/haselab/murakawa/stable-deep-world-model/logdir/atari_frostbite_vta_20260107_202443/train_eps/20260108T163622-6a2855e80f96423f8e6321ab3a435bdc-1194.npz,700,720,0.05,0.05000000074505806,0.4789716303348541,1.9743512868881226,0.1807432770729065,4.544356346130371,0.4813949465751648,4.366430282592773,3.61486554145813,5.707184791564941
atari_frostbite,/home/haselab/murakawa/stable-deep-world-model/logdir/atari_frostbite_vta_20260107_202443,/home/haselab/murakawa/stable-deep-world-model/logdir/atari_frostbite_vta_20260107_202443/latest.pt,/home/haselab/murakawa/stable-deep-world-model/logdir/atari_frostbite_vta_20260107_202443/train_eps/20260108T163622-6a2855e80f96423f8e6321ab3a435bdc-1194.npz,705,725,0.05,0.05000000074505806,0.5613727569580078,2.1341724395751953,0.1807432770729065,4.970143795013428,0.4813949465751648,4.366430282592773,3.61486554145813,5.707184791564941
atari_frostbite,/home/haselab/murakawa/stable-deep-world-model/logdir/atari_frostbite_vta_20260107_202443,/home/haselab/murakawa/stable-deep-world-model/logdir/atari_frostbite_vta_20260107_202443/latest.pt,/home/haselab/murakawa/stable-deep-world-model/logdir/atari_frostbite_vta_20260107_202443/train_eps/20260108T163622-6a2855e80f96423f8e6321ab3a435bdc-1194.npz,710,730,0.05,0.05000000074505806,0.6237748265266418,2.3287405967712402,0.1807432770729065,5.783322334289551,0.4813949465751648,4.366430282592773,3.61486554145813,5.707184791564941
atari_frostbite,/home/haselab/murakawa/stable-deep-world-model/logdir/atari_frostbite_vta_20260107_202443,/home/haselab/murakawa/stable-deep-world-model/logdir/atari_frostbite_vta_20260107_202443/latest.pt,/home/haselab/murakawa/stable-deep-world-model/logdir/atari_frostbite_vta_20260107_202443/train_eps/20260108T163622-6a2855e80f96423f8e6321ab3a435bdc-1194.npz,715,735,0.05,0.05000000074505806,0.566558301448822,2.315680980682373,0.1807432770729065,6.329628944396973,0.4813949465751648,4.366430282592773,3.61486554145813,5.707184791564941
atari_frostbite,/home/haselab/murakawa/stable-deep-world-model/logdir/atari_frostbite_vta_20260107_202443,/home/haselab/murakawa/stable-deep-world-model/logdir/atari_frostbite_vta_20260107_202443/latest.pt,/home/haselab/murakawa/stable-deep-world-model/logdir/atari_frostbite_vta_20260107_202443/train_eps/20260108T163622-6a2855e80f96423f8e6321ab3a435bdc-1194.npz,720,740,0.0,1.5021922643515886e-14,0.561439573764801,1.9947240352630615,0.0,6.658710479736328,nan,nan,nan,nan
atari_frostbite,/home/haselab/murakawa/stable-deep-world-model/logdir/atari_frostbite_vta_20260107_202443,/home/haselab/murakawa/stable-deep-world-model/logdir/atari_frostbite_vta_20260107_202443/latest.pt,/home/haselab/murakawa/stable-deep-world-model/logdir/atari_frostbite_vta_20260107_202443/train_eps/20260108T163622-6a2855e80f96423f8e6321ab3a435bdc-1194.npz,725,745,0.0,1.49928270617777e-14,0.5742601752281189,2.0556981563568115,0.0,7.007508754730225,nan,nan,nan,nan
atari_frostbite,/home/haselab/murakawa/stable-deep-world-model/logdir/atari_frostbite_vta_20260107_202443,/home/haselab/murakawa/stable-deep-world-model/logdir/atari_frostbite_vta_20260107_202443/latest.pt,/home/haselab/murakawa/stable-deep-world-model/logdir/atari_frostbite_vta_20260107_202443/train_eps/20260108T163622-6a2855e80f96423f8e6321ab3a435bdc-1194.npz,730,750,0.0,2.564844922402614e-18,0.49651026725769043,1.8727792501449585,0.0,6.791439056396484,nan,nan,nan,nan
atari_frostbite,/home/haselab/murakawa/stable-deep-world-model/logdir/atari_frostbite_vta_20260107_202443,/home/haselab/murakawa/stable-deep-world-model/logdir/atari_frostbite_vta_20260107_202443/latest.pt,/home/haselab/murakawa/stable-deep-world-model/logdir/atari_frostbite_vta_20260107_202443/train_eps/20260108T163622-6a2855e80f96423f8e6321ab3a435bdc-1194.npz,735,755,0.0,3.4301862036882487e-23,0.5184863805770874,1.848324179649353,0.0,6.799155235290527,nan,nan,nan,nan
atari_frostbite,/home/haselab/murakawa/stable-deep-world-model/logdir/atari_frostbite_vta_20260107_202443,/home/haselab/murakawa/stable-deep-world-model/logdir/atari_frostbite_vta_20260107_202443/latest.pt,/home/haselab/murakawa/stable-deep-world-model/logdir/atari_frostbite_vta_20260107_202443/train_eps/20260108T163622-6a2855e80f96423f8e6321ab3a435bdc-1194.npz,740,760,0.0,4.86098373833498e-19,0.5322100520133972,2.00834321975708,0.0,7.060642242431641,nan,nan,nan,nan
atari_frostbite,/home/haselab/murakawa/stable-deep-world-model/logdir/atari_frostbite_vta_20260107_202443,/home/haselab/murakawa/stable-deep-world-model/logdir/atari_frostbite_vta_20260107_202443/latest.pt,/home/haselab/murakawa/stable-deep-world-model/logdir/atari_frostbite_vta_20260107_202443/train_eps/20260108T163622-6a2855e80f96423f8e6321ab3a435bdc-1194.npz,745,765,0.0,4.975055563721223e-19,0.48308372497558594,1.9301996231079102,0.0,7.048314094543457,nan,nan,nan,nan
atari_frostbite,/home/haselab/murakawa/stable-deep-world-model/logdir/atari_frostbite_vta_20260107_202443,/home/haselab/murakawa/stable-deep-world-model/logdir/atari_frostbite_vta_20260107_202443/latest.pt,/home/haselab/murakawa/stable-deep-world-model/logdir/atari_frostbite_vta_20260107_202443/train_eps/20260108T163622-6a2855e80f96423f8e6321ab3a435bdc-1194.npz,750,770,0.05,0.05000000074505806,0.4918901324272156,2.3419065475463867,0.21367697417736053,6.790744781494141,0.2672072947025299,5.392837047576904,4.2735395431518555,5.642249584197998
atari_frostbite,/home/haselab/murakawa/stable-deep-world-model/logdir/atari_frostbite_vta_20260107_202443,/home/haselab/murakawa/stable-deep-world-model/logdir/atari_frostbite_vta_20260107_202443/latest.pt,/home/haselab/murakawa/stable-deep-world-model/logdir/atari_frostbite_vta_20260107_202443/train_eps/20260108T163622-6a2855e80f96423f8e6321ab3a435bdc-1194.npz,755,775,0.05,0.05000000074505806,0.5032207369804382,2.4204812049865723,0.21367697417736053,6.57687520980835,0.2672072947025299,5.392837047576904,4.2735395431518555,5.642249584197998
atari_frostbite,/home/haselab/murakawa/stable-deep-world-model/logdir/atari_frostbite_vta_20260107_202443,/home/haselab/murakawa/stable-deep-world-model/logdir/atari_frostbite_vta_20260107_202443/latest.pt,/home/haselab/murakawa/stable-deep-world-model/logdir/atari_frostbite_vta_20260107_202443/train_eps/20260108T163622-6a2855e80f96423f8e6321ab3a435bdc-1194.npz,760,780,0.05,0.05000000074505806,0.4785591959953308,2.243133068084717,0.21367697417736053,5.702603340148926,0.2672072947025299,5.392837047576904,4.2735395431518555,5.642249584197998
atari_frostbite,/home/haselab/murakawa/stable-deep-world-model/logdir/atari_frostbite_vta_20260107_202443,/home/haselab/murakawa/stable-deep-world-model/logdir/atari_frostbite_vta_20260107_202443/latest.pt,/home/haselab/murakawa/stable-deep-world-model/logdir/atari_frostbite_vta_20260107_202443/train_eps/20260108T163622-6a2855e80f96423f8e6321ab3a435bdc-1194.npz,765,785,0.05,0.05000000074505806,0.5195871591567993,2.1889383792877197,0.21367697417736053,5.124331474304199,0.2672072947025299,5.392837047576904,4.2735395431518555,5.642249584197998
atari_frostbite,/home/haselab/murakawa/stable-deep-world-model/logdir/atari_frostbite_vta_20260107_202443,/home/haselab/murakawa/stable-deep-world-model/logdir/atari_frostbite_vta_20260107_202443/latest.pt,/home/haselab/murakawa/stable-deep-world-model/logdir/atari_frostbite_vta_20260107_202443/train_eps/20260108T163622-6a2855e80f96423f8e6321ab3a435bdc-1194.npz,770,790,0.0,5.311109991882502e-18,0.5073996186256409,1.6780693531036377,0.0,4.711015701293945,nan,nan,nan,nan
atari_frostbite,/home/haselab/murakawa/stable-deep-world-model/logdir/atari_frostbite_vta_20260107_202443,/home/haselab/murakawa/stable-deep-world-model/logdir/atari_frostbite_vta_20260107_202443/latest.pt,/home/haselab/murakawa/stable-deep-world-model/logdir/atari_frostbite_vta_20260107_202443/train_eps/20260108T163622-6a2855e80f96423f8e6321ab3a435bdc-1194.npz,775,795,0.0,6.4829010786603275e-18,0.4908479154109955,1.6687418222427368,0.0,4.866395473480225,nan,nan,nan,nan
atari_frostbite,/home/haselab/murakawa/stable-deep-world-model/logdir/atari_frostbite_vta_20260107_202443,/home/haselab/murakawa/stable-deep-world-model/logdir/atari_frostbite_vta_20260107_202443/latest.pt,/home/haselab/murakawa/stable-deep-world-model/logdir/atari_frostbite_vta_20260107_202443/train_eps/20260108T163622-6a2855e80f96423f8e6321ab3a435bdc-1194.npz,780,800,0.0,6.482681875798001e-18,0.485532283782959,1.7325756549835205,0.0,5.087236404418945,nan,nan,nan,nan
atari_frostbite,/home/haselab/murakawa/stable-deep-world-model/logdir/atari_frostbite_vta_20260107_202443,/home/haselab/murakawa/stable-deep-world-model/logdir/atari_frostbite_vta_20260107_202443/latest.pt,/home/haselab/murakawa/stable-deep-world-model/logdir/atari_frostbite_vta_20260107_202443/train_eps/20260108T163622-6a2855e80f96423f8e6321ab3a435bdc-1194.npz,785,805,0.0,3.783887254106459e-18,0.43909573554992676,1.7176027297973633,0.0,5.147016525268555,nan,nan,nan,nan
atari_frostbite,/home/haselab/murakawa/stable-deep-world-model/logdir/atari_frostbite_vta_20260107_202443,/home/haselab/murakawa/stable-deep-world-model/logdir/atari_frostbite_vta_20260107_202443/latest.pt,/home/haselab/murakawa/stable-deep-world-model/logdir/atari_frostbite_vta_20260107_202443/train_eps/20260108T163622-6a2855e80f96423f8e6321ab3a435bdc-1194.npz,790,810,0.0,1.1717994619815278e-18,0.4069443345069885,1.689798355102539,0.0,5.173954486846924,nan,nan,nan,nan
atari_frostbite,/home/haselab/murakawa/stable-deep-world-model/logdir/atari_frostbite_vta_20260107_202443,/home/haselab/murakawa/stable-deep-world-model/logdir/atari_frostbite_vta_20260107_202443/latest.pt,/home/haselab/murakawa/stable-deep-world-model/logdir/atari_frostbite_vta_20260107_202443/train_eps/20260108T163622-6a2855e80f96423f8e6321ab3a435bdc-1194.npz,795,815,0.0,8.45364014190553e-24,0.3635135293006897,1.5127437114715576,0.0,4.859539985656738,nan,nan,nan,nan
atari_frostbite,/home/haselab/murakawa/stable-deep-world-model/logdir/atari_frostbite_vta_20260107_202443,/home/haselab/murakawa/stable-deep-world-model/logdir/atari_frostbite_vta_20260107_202443/latest.pt,/home/haselab/murakawa/stable-deep-world-model/logdir/atari_frostbite_vta_20260107_202443/train_eps/20260108T163622-6a2855e80f96423f8e6321ab3a435bdc-1194.npz,800,820,0.05,0.05000000074505806,0.3855896592140198,1.7661750316619873,0.18818356096744537,4.988617420196533,0.34579339623451233,5.2523579597473145,3.7636711597442627,7.260147571563721
atari_frostbite,/home/haselab/murakawa/stable-deep-world-model/logdir/atari_frostbite_vta_20260107_202443,/home/haselab/murakawa/stable-deep-world-model/logdir/atari_frostbite_vta_20260107_202443/latest.pt,/home/haselab/murakawa/stable-deep-world-model/logdir/atari_frostbite_vta_20260107_202443/train_eps/20260108T163622-6a2855e80f96423f8e6321ab3a435bdc-1194.npz,805,825,0.05,0.05000000074505806,0.37450769543647766,1.7928056716918945,0.18818356096744537,5.1164984703063965,0.34579339623451233,5.2523579597473145,3.7636711597442627,7.260147571563721
atari_frostbite,/home/haselab/murakawa/stable-deep-world-model/logdir/atari_frostbite_vta_20260107_202443,/home/haselab/murakawa/stable-deep-world-model/logdir/atari_frostbite_vta_20260107_202443/latest.pt,/home/haselab/murakawa/stable-deep-world-model/logdir/atari_frostbite_vta_20260107_202443/train_eps/20260108T163622-6a2855e80f96423f8e6321ab3a435bdc-1194.npz,810,830,0.05,0.05000000074505806,0.40474843978881836,1.920254111289978,0.18818356096744537,5.755928993225098,0.34579339623451233,5.2523579597473145,3.7636711597442627,7.260147571563721
atari_frostbite,/home/haselab/murakawa/stable-deep-world-model/logdir/atari_frostbite_vta_20260107_202443,/home/haselab/murakawa/stable-deep-world-model/logdir/atari_frostbite_vta_20260107_202443/latest.pt,/home/haselab/murakawa/stable-deep-world-model/logdir/atari_frostbite_vta_20260107_202443/train_eps/20260108T163622-6a2855e80f96423f8e6321ab3a435bdc-1194.npz,815,835,0.05,0.05000000074505806,0.4258381724357605,1.9755802154541016,0.18818356096744537,6.177825927734375,0.34579339623451233,5.2523579597473145,3.7636711597442627,7.260147571563721
atari_frostbite,/home/haselab/murakawa/stable-deep-world-model/logdir/atari_frostbite_vta_20260107_202443,/home/haselab/murakawa/stable-deep-world-model/logdir/atari_frostbite_vta_20260107_202443/latest.pt,/home/haselab/murakawa/stable-deep-world-model/logdir/atari_frostbite_vta_20260107_202443/train_eps/20260108T163622-6a2855e80f96423f8e6321ab3a435bdc-1194.npz,820,840,0.0,9.24509797722653e-24,0.38512247800827026,1.6102979183197021,0.0,6.133021831512451,nan,nan,nan,nan
atari_frostbite,/home/haselab/murakawa/stable-deep-world-model/logdir/atari_frostbite_vta_20260107_202443,/home/haselab/murakawa/stable-deep-world-model/logdir/atari_frostbite_vta_20260107_202443/latest.pt,/home/haselab/murakawa/stable-deep-world-model/logdir/atari_frostbite_vta_20260107_202443/train_eps/20260108T163622-6a2855e80f96423f8e6321ab3a435bdc-1194.npz,825,845,0.0,9.46678997969898e-24,0.38050535321235657,1.594974160194397,0.0,6.268475532531738,nan,nan,nan,nan
atari_frostbite,/home/haselab/murakawa/stable-deep-world-model/logdir/atari_frostbite_vta_20260107_202443,/home/haselab/murakawa/stable-deep-world-model/logdir/atari_frostbite_vta_20260107_202443/latest.pt,/home/haselab/murakawa/stable-deep-world-model/logdir/atari_frostbite_vta_20260107_202443/train_eps/20260108T163622-6a2855e80f96423f8e6321ab3a435bdc-1194.npz,830,850,0.0,1.1192782930442724e-23,0.4179155230522156,1.5944353342056274,0.0,5.905294895172119,nan,nan,nan,nan
atari_frostbite,/home/haselab/murakawa/stable-deep-world-model/logdir/atari_frostbite_vta_20260107_202443,/home/haselab/murakawa/stable-deep-world-model/logdir/atari_frostbite_vta_20260107_202443/latest.pt,/home/haselab/murakawa/stable-deep-world-model/logdir/atari_frostbite_vta_20260107_202443/train_eps/20260108T163622-6a2855e80f96423f8e6321ab3a435bdc-1194.npz,835,855,0.0,6.44738900650425e-21,0.3952006995677948,1.5026805400848389,0.0,5.619932174682617,nan,nan,nan,nan
atari_frostbite,/home/haselab/murakawa/stable-deep-world-model/logdir/atari_frostbite_vta_20260107_202443,/home/haselab/murakawa/stable-deep-world-model/logdir/atari_frostbite_vta_20260107_202443/latest.pt,/home/haselab/murakawa/stable-deep-world-model/logdir/atari_frostbite_vta_20260107_202443/train_eps/20260108T163622-6a2855e80f96423f8e6321ab3a435bdc-1194.npz,840,860,0.0,8.637147245170514e-20,0.41124844551086426,1.4588038921356201,0.0,5.635262966156006,nan,nan,nan,nan
atari_frostbite,/home/haselab/murakawa/stable-deep-world-model/logdir/atari_frostbite_vta_20260107_202443,/home/haselab/murakawa/stable-deep-world-model/logdir/atari_frostbite_vta_20260107_202443/latest.pt,/home/haselab/murakawa/stable-deep-world-model/logdir/atari_frostbite_vta_20260107_202443/train_eps/20260108T163622-6a2855e80f96423f8e6321ab3a435bdc-1194.npz,845,865,0.0,9.13297222903187e-20,0.43147730827331543,1.3784445524215698,0.0,5.572546005249023,nan,nan,nan,nan
atari_frostbite,/home/haselab/murakawa/stable-deep-world-model/logdir/atari_frostbite_vta_20260107_202443,/home/haselab/murakawa/stable-deep-world-model/logdir/atari_frostbite_vta_20260107_202443/latest.pt,/home/haselab/murakawa/stable-deep-world-model/logdir/atari_frostbite_vta_20260107_202443/train_eps/20260108T163622-6a2855e80f96423f8e6321ab3a435bdc-1194.npz,850,870,0.05,0.05000000074505806,0.371237188577652,1.654425859451294,0.17529067397117615,5.695799827575684,0.2933633327484131,4.714653968811035,3.5058135986328125,5.991832733154297
atari_frostbite,/home/haselab/murakawa/stable-deep-world-model/logdir/atari_frostbite_vta_20260107_202443,/home/haselab/murakawa/stable-deep-world-model/logdir/atari_frostbite_vta_20260107_202443/latest.pt,/home/haselab/murakawa/stable-deep-world-model/logdir/atari_frostbite_vta_20260107_202443/train_eps/20260108T163622-6a2855e80f96423f8e6321ab3a435bdc-1194.npz,855,875,0.05,0.05000000074505806,0.4326326847076416,1.7988945245742798,0.17529067397117615,5.738003253936768,0.2933633327484131,4.714653968811035,3.5058135986328125,5.991832733154297
atari_frostbite,/home/haselab/murakawa/stable-deep-world-model/logdir/atari_frostbite_vta_20260107_202443,/home/haselab/murakawa/stable-deep-world-model/logdir/atari_frostbite_vta_20260107_202443/latest.pt,/home/haselab/murakawa/stable-deep-world-model/logdir/atari_frostbite_vta_20260107_202443/train_eps/20260108T163622-6a2855e80f96423f8e6321ab3a435bdc-1194.npz,860,880,0.05,0.05000000074505806,0.4307211935520172,1.8095643520355225,0.17529067397117615,5.466049671173096,0.2933633327484131,4.714653968811035,3.5058135986328125,5.991832733154297
atari_frostbite,/home/haselab/murakawa/stable-deep-world-model/logdir/atari_frostbite_vta_20260107_202443,/home/haselab/murakawa/stable-deep-world-model/logdir/atari_frostbite_vta_20260107_202443/latest.pt,/home/haselab/murakawa/stable-deep-world-model/logdir/atari_frostbite_vta_20260107_202443/train_eps/20260108T163622-6a2855e80f96423f8e6321ab3a435bdc-1194.npz,865,885,0.05,0.05000000074505806,0.4316452145576477,1.8231528997421265,0.17529067397117615,5.384521484375,0.2933633327484131,4.714653968811035,3.5058135986328125,5.991832733154297
atari_frostbite,/home/haselab/murakawa/stable-deep-world-model/logdir/atari_frostbite_vta_20260107_202443,/home/haselab/murakawa/stable-deep-world-model/logdir/atari_frostbite_vta_20260107_202443/latest.pt,/home/haselab/murakawa/stable-deep-world-model/logdir/atari_frostbite_vta_20260107_202443/train_eps/20260108T163622-6a2855e80f96423f8e6321ab3a435bdc-1194.npz,870,890,0.0,4.850055234877083e-18,0.4412906765937805,1.420359492301941,0.0,5.347996234893799,nan,nan,nan,nan
atari_frostbite,/home/haselab/murakawa/stable-deep-world-model/logdir/atari_frostbite_vta_20260107_202443,/home/haselab/murakawa/stable-deep-world-model/logdir/atari_frostbite_vta_20260107_202443/latest.pt,/home/haselab/murakawa/stable-deep-world-model/logdir/atari_frostbite_vta_20260107_202443/train_eps/20260108T163622-6a2855e80f96423f8e6321ab3a435bdc-1194.npz,875,895,0.0,3.530325327455149e-15,0.4041343331336975,1.3265349864959717,0.0,5.385737419128418,nan,nan,nan,nan
atari_frostbite,/home/haselab/murakawa/stable-deep-world-model/logdir/atari_frostbite_vta_20260107_202443,/home/haselab/murakawa/stable-deep-world-model/logdir/atari_frostbite_vta_20260107_202443/latest.pt,/home/haselab/murakawa/stable-deep-world-model/logdir/atari_frostbite_vta_20260107_202443/train_eps/20260108T163622-6a2855e80f96423f8e6321ab3a435bdc-1194.npz,880,900,0.0,4.8592649645555746e-15,0.4280913770198822,1.4492757320404053,0.0,5.785475730895996,nan,nan,nan,nan
atari_frostbite,/home/haselab/murakawa/stable-deep-world-model/logdir/atari_frostbite_vta_20260107_202443,/home/haselab/murakawa/stable-deep-world-model/logdir/atari_frostbite_vta_20260107_202443/latest.pt,/home/haselab/murakawa/stable-deep-world-model/logdir/atari_frostbite_vta_20260107_202443/train_eps/20260108T163622-6a2855e80f96423f8e6321ab3a435bdc-1194.npz,885,905,0.0,4.863225267100462e-15,0.46356111764907837,1.5253874063491821,0.0,5.649674415588379,nan,nan,nan,nan
atari_frostbite,/home/haselab/murakawa/stable-deep-world-model/logdir/atari_frostbite_vta_20260107_202443,/home/haselab/murakawa/stable-deep-world-model/logdir/atari_frostbite_vta_20260107_202443/latest.pt,/home/haselab/murakawa/stable-deep-world-model/logdir/atari_frostbite_vta_20260107_202443/train_eps/20260108T163622-6a2855e80f96423f8e6321ab3a435bdc-1194.npz,890,910,0.0,4.8586970289644406e-15,0.44939732551574707,1.4811185598373413,0.0,5.362020492553711,nan,nan,nan,nan
atari_frostbite,/home/haselab/murakawa/stable-deep-world-model/logdir/atari_frostbite_vta_20260107_202443,/home/haselab/murakawa/stable-deep-world-model/logdir/atari_frostbite_vta_20260107_202443/latest.pt,/home/haselab/murakawa/stable-deep-world-model/logdir/atari_frostbite_vta_20260107_202443/train_eps/20260108T163622-6a2855e80f96423f8e6321ab3a435bdc-1194.npz,895,915,0.0,1.3336715866602619e-15,0.43417447805404663,1.463559865951538,0.0,5.028457164764404,nan,nan,nan,nan
atari_frostbite,/home/haselab/murakawa/stable-deep-world-model/logdir/atari_frostbite_vta_20260107_202443,/home/haselab/murakawa/stable-deep-world-model/logdir/atari_frostbite_vta_20260107_202443/latest.pt,/home/haselab/murakawa/stable-deep-world-model/logdir/atari_frostbite_vta_20260107_202443/train_eps/20260108T163622-6a2855e80f96423f8e6321ab3a435bdc-1194.npz,900,920,0.05,0.05000000074505806,0.42204898595809937,1.642785668373108,0.1841440200805664,4.869222164154053,0.4601556658744812,4.137888431549072,3.682880401611328,6.239147663116455
atari_frostbite,/home/haselab/murakawa/stable-deep-world-model/logdir/atari_frostbite_vta_20260107_202443,/home/haselab/murakawa/stable-deep-world-model/logdir/atari_frostbite_vta_20260107_202443/latest.pt,/home/haselab/murakawa/stable-deep-world-model/logdir/atari_frostbite_vta_20260107_202443/train_eps/20260108T163622-6a2855e80f96423f8e6321ab3a435bdc-1194.npz,905,925,0.05,0.05000000074505806,0.39664217829704285,1.6821510791778564,0.1841440200805664,4.858818531036377,0.4601556658744812,4.137888431549072,3.682880401611328,6.239147663116455
atari_frostbite,/home/haselab/murakawa/stable-deep-world-model/logdir/atari_frostbite_vta_20260107_202443,/home/haselab/murakawa/stable-deep-world-model/logdir/atari_frostbite_vta_20260107_202443/latest.pt,/home/haselab/murakawa/stable-deep-world-model/logdir/atari_frostbite_vta_20260107_202443/train_eps/20260108T163622-6a2855e80f96423f8e6321ab3a435bdc-1194.npz,910,930,0.05,0.05000000074505806,0.4071987569332123,1.7344083786010742,0.1841440200805664,4.94839334487915,0.4601556658744812,4.137888431549072,3.682880401611328,6.239147663116455
atari_frostbite,/home/haselab/murakawa/stable-deep-world-model/logdir/atari_frostbite_vta_20260107_202443,/home/haselab/murakawa/stable-deep-world-model/logdir/atari_frostbite_vta_20260107_202443/latest.pt,/home/haselab/murakawa/stable-deep-world-model/logdir/atari_frostbite_vta_20260107_202443/train_eps/20260108T163622-6a2855e80f96423f8e6321ab3a435bdc-1194.npz,915,935,0.05,0.05000000074505806,0.4254090189933777,1.7374067306518555,0.1841440200805664,5.00752592086792,0.4601556658744812,4.137888431549072,3.682880401611328,6.239147663116455
atari_frostbite,/home/haselab/murakawa/stable-deep-world-model/logdir/atari_frostbite_vta_20260107_202443,/home/haselab/murakawa/stable-deep-world-model/logdir/atari_frostbite_vta_20260107_202443/latest.pt,/home/haselab/murakawa/stable-deep-world-model/logdir/atari_frostbite_vta_20260107_202443/train_eps/20260108T163622-6a2855e80f96423f8e6321ab3a435bdc-1194.npz,920,940,0.0,1.593175667812243e-17,0.42727893590927124,1.5246917009353638,0.0,4.964061260223389,nan,nan,nan,nan
atari_frostbite,/home/haselab/murakawa/stable-deep-world-model/logdir/atari_frostbite_vta_20260107_202443,/home/haselab/murakawa/stable-deep-world-model/logdir/atari_frostbite_vta_20260107_202443/latest.pt,/home/haselab/murakawa/stable-deep-world-model/logdir/atari_frostbite_vta_20260107_202443/train_eps/20260108T163622-6a2855e80f96423f8e6321ab3a435bdc-1194.npz,925,945,0.0,1.6718512483001502e-20,0.43994417786598206,1.463503360748291,0.0,5.126645565032959,nan,nan,nan,nan
atari_frostbite,/home/haselab/murakawa/stable-deep-world-model/logdir/atari_frostbite_vta_20260107_202443,/home/haselab/murakawa/stable-deep-world-model/logdir/atari_frostbite_vta_20260107_202443/latest.pt,/home/haselab/murakawa/stable-deep-world-model/logdir/atari_frostbite_vta_20260107_202443/train_eps/20260108T163622-6a2855e80f96423f8e6321ab3a435bdc-1194.npz,930,950,0.0,3.992552824168412e-21,0.42279452085494995,1.459906816482544,0.0,5.210785388946533,nan,nan,nan,nan
atari_frostbite,/home/haselab/murakawa/stable-deep-world-model/logdir/atari_frostbite_vta_20260107_202443,/home/haselab/murakawa/stable-deep-world-model/logdir/atari_frostbite_vta_20260107_202443/latest.pt,/home/haselab/murakawa/stable-deep-world-model/logdir/atari_frostbite_vta_20260107_202443/train_eps/20260108T163622-6a2855e80f96423f8e6321ab3a435bdc-1194.npz,935,955,0.0,3.9784754056772386e-21,0.4297480583190918,1.5212223529815674,0.0,5.098219871520996,nan,nan,nan,nan
atari_frostbite,/home/haselab/murakawa/stable-deep-world-model/logdir/atari_frostbite_vta_20260107_202443,/home/haselab/murakawa/stable-deep-world-model/logdir/atari_frostbite_vta_20260107_202443/latest.pt,/home/haselab/murakawa/stable-deep-world-model/logdir/atari_frostbite_vta_20260107_202443/train_eps/20260108T163622-6a2855e80f96423f8e6321ab3a435bdc-1194.npz,940,960,0.0,2.9385548851784043e-21,0.3770971894264221,1.397690773010254,0.0,4.659422397613525,nan,nan,nan,nan
atari_frostbite,/home/haselab/murakawa/stable-deep-world-model/logdir/atari_frostbite_vta_20260107_202443,/home/haselab/murakawa/stable-deep-world-model/logdir/atari_frostbite_vta_20260107_202443/latest.pt,/home/haselab/murakawa/stable-deep-world-model/logdir/atari_frostbite_vta_20260107_202443/train_eps/20260108T163622-6a2855e80f96423f8e6321ab3a435bdc-1194.npz,945,965,0.0,1.3470068800445276e-22,0.2746434807777405,1.1395349502563477,0.0,4.052186012268066,nan,nan,nan,nan
atari_frostbite,/home/haselab/murakawa/stable-deep-world-model/logdir/atari_frostbite_vta_20260107_202443,/home/haselab/murakawa/stable-deep-world-model/logdir/atari_frostbite_vta_20260107_202443/latest.pt,/home/haselab/murakawa/stable-deep-world-model/logdir/atari_frostbite_vta_20260107_202443/train_eps/20260108T163622-6a2855e80f96423f8e6321ab3a435bdc-1194.npz,950,970,0.05,0.05000000074505806,0.20466701686382294,1.3803571462631226,0.1568274199962616,3.8779873847961426,0.1470702439546585,4.882608413696289,3.1365485191345215,6.901571273803711
atari_frostbite,/home/haselab/murakawa/stable-deep-world-model/logdir/atari_frostbite_vta_20260107_202443,/home/haselab/murakawa/stable-deep-world-model/logdir/atari_frostbite_vta_20260107_202443/latest.pt,/home/haselab/murakawa/stable-deep-world-model/logdir/atari_frostbite_vta_20260107_202443/train_eps/20260108T163622-6a2855e80f96423f8e6321ab3a435bdc-1194.npz,955,975,0.05,0.05000000074505806,0.10426335036754608,1.1892530918121338,0.1568274199962616,3.561492919921875,0.1470702439546585,4.882608413696289,3.1365485191345215,6.901571273803711
atari_frostbite,/home/haselab/murakawa/stable-deep-world-model/logdir/atari_frostbite_vta_20260107_202443,/home/haselab/murakawa/stable-deep-world-model/logdir/atari_frostbite_vta_20260107_202443/latest.pt,/home/haselab/murakawa/stable-deep-world-model/logdir/atari_frostbite_vta_20260107_202443/train_eps/20260108T163622-6a2855e80f96423f8e6321ab3a435bdc-1194.npz,960,980,0.05,0.05000000074505806,0.039175938814878464,0.9821693301200867,0.1568274199962616,3.2623982429504395,0.1470702439546585,4.882608413696289,3.1365485191345215,6.901571273803711
atari_frostbite,/home/haselab/murakawa/stable-deep-world-model/logdir/atari_frostbite_vta_20260107_202443,/home/haselab/murakawa/stable-deep-world-model/logdir/atari_frostbite_vta_20260107_202443/latest.pt,/home/haselab/murakawa/stable-deep-world-model/logdir/atari_frostbite_vta_20260107_202443/train_eps/20260108T163622-6a2855e80f96423f8e6321ab3a435bdc-1194.npz,965,985,0.05,0.05000000074505806,0.027585988864302635,0.9444674253463745,0.1568274199962616,3.209306001663208,0.1470702439546585,4.882608413696289,3.1365485191345215,6.901571273803711
atari_frostbite,/home/haselab/murakawa/stable-deep-world-model/logdir/atari_frostbite_vta_20260107_202443,/home/haselab/murakawa/stable-deep-world-model/logdir/atari_frostbite_vta_20260107_202443/latest.pt,/home/haselab/murakawa/stable-deep-world-model/logdir/atari_frostbite_vta_20260107_202443/train_eps/20260108T163622-6a2855e80f96423f8e6321ab3a435bdc-1194.npz,970,990,0.0,1.0290024078915368e-22,0.016831688582897186,0.4150855541229248,0.0,2.8613083362579346,nan,nan,nan,nan
atari_frostbite,/home/haselab/murakawa/stable-deep-world-model/logdir/atari_frostbite_vta_20260107_202443,/home/haselab/murakawa/stable-deep-world-model/logdir/atari_frostbite_vta_20260107_202443/latest.pt,/home/haselab/murakawa/stable-deep-world-model/logdir/atari_frostbite_vta_20260107_202443/train_eps/20260108T163622-6a2855e80f96423f8e6321ab3a435bdc-1194.npz,975,995,0.0,1.2059045289962211e-22,0.011654457077383995,0.2751811146736145,0.0,3.0437066555023193,nan,nan,nan,nan
atari_frostbite,/home/haselab/murakawa/stable-deep-world-model/logdir/atari_frostbite_vta_20260107_202443,/home/haselab/murakawa/stable-deep-world-model/logdir/atari_frostbite_vta_20260107_202443/latest.pt,/home/haselab/murakawa/stable-deep-world-model/logdir/atari_frostbite_vta_20260107_202443/train_eps/20260108T163622-6a2855e80f96423f8e6321ab3a435bdc-1194.npz,980,1000,0.0,1.2680665158921472e-22,0.009678555652499199,0.24411091208457947,0.0,3.331672191619873,nan,nan,nan,nan
atari_frostbite,/home/haselab/murakawa/stable-deep-world-model/logdir/atari_frostbite_vta_20260107_202443,/home/haselab/murakawa/stable-deep-world-model/logdir/atari_frostbite_vta_20260107_202443/latest.pt,/home/haselab/murakawa/stable-deep-world-model/logdir/atari_frostbite_vta_20260107_202443/train_eps/20260108T163622-6a2855e80f96423f8e6321ab3a435bdc-1194.npz,985,1005,0.0,1.2578023626643907e-22,0.010472426190972328,0.2291496992111206,0.0,3.5349884033203125,nan,nan,nan,nan
atari_frostbite,/home/haselab/murakawa/stable-deep-world-model/logdir/atari_frostbite_vta_20260107_202443,/home/haselab/murakawa/stable-deep-world-model/logdir/atari_frostbite_vta_20260107_202443/latest.pt,/home/haselab/murakawa/stable-deep-world-model/logdir/atari_frostbite_vta_20260107_202443/train_eps/20260108T163622-6a2855e80f96423f8e6321ab3a435bdc-1194.npz,990,1010,0.05,0.05000000074505806,0.40315502882003784,1.0490334033966064,0.1842048168182373,4.1847100257873535,3.6339049339294434,6.8874359130859375,3.684096336364746,8.516061782836914
atari_frostbite,/home/haselab/murakawa/stable-deep-world-model/logdir/atari_frostbite_vta_20260107_202443,/home/haselab/murakawa/stable-deep-world-model/logdir/atari_frostbite_vta_20260107_202443/latest.pt,/home/haselab/murakawa/stable-deep-world-model/logdir/atari_frostbite_vta_20260107_202443/train_eps/20260108T163622-6a2855e80f96423f8e6321ab3a435bdc-1194.npz,995,1015,0.05,0.05000000074505806,0.40980634093284607,1.2757121324539185,0.1842048168182373,4.4236860275268555,3.6339049339294434,6.8874359130859375,3.684096336364746,8.516061782836914
atari_frostbite,/home/haselab/murakawa/stable-deep-world-model/logdir/atari_frostbite_vta_20260107_202443,/home/haselab/murakawa/stable-deep-world-model/logdir/atari_frostbite_vta_20260107_202443/latest.pt,/home/haselab/murakawa/stable-deep-world-model/logdir/atari_frostbite_vta_20260107_202443/train_eps/20260108T163622-6a2855e80f96423f8e6321ab3a435bdc-1194.npz,1000,1020,0.05,0.05000000074505806,0.4176315367221832,1.29169762134552,0.1842048168182373,4.98663330078125,3.6339049339294434,6.8874359130859375,3.684096336364746,8.516061782836914
atari_frostbite,/home/haselab/murakawa/stable-deep-world-model/logdir/atari_frostbite_vta_20260107_202443,/home/haselab/murakawa/stable-deep-world-model/logdir/atari_frostbite_vta_20260107_202443/latest.pt,/home/haselab/murakawa/stable-deep-world-model/logdir/atari_frostbite_vta_20260107_202443/train_eps/20260108T163622-6a2855e80f96423f8e6321ab3a435bdc-1194.npz,1005,1025,0.05,0.05000000074505806,0.42275723814964294,1.385294795036316,0.1842048168182373,5.312920093536377,3.6339049339294434,6.8874359130859375,3.684096336364746,8.516061782836914
atari_frostbite,/home/haselab/murakawa/stable-deep-world-model/logdir/atari_frostbite_vta_20260107_202443,/home/haselab/murakawa/stable-deep-world-model/logdir/atari_frostbite_vta_20260107_202443/latest.pt,/home/haselab/murakawa/stable-deep-world-model/logdir/atari_frostbite_vta_20260107_202443/train_eps/20260108T163622-6a2855e80f96423f8e6321ab3a435bdc-1194.npz,1010,1030,0.0,1.2230046145191194e-14,0.32745110988616943,1.2588740587234497,0.0,5.1764326095581055,nan,nan,nan,nan
atari_frostbite,/home/haselab/murakawa/stable-deep-world-model/logdir/atari_frostbite_vta_20260107_202443,/home/haselab/murakawa/stable-deep-world-model/logdir/atari_frostbite_vta_20260107_202443/latest.pt,/home/haselab/murakawa/stable-deep-world-model/logdir/atari_frostbite_vta_20260107_202443/train_eps/20260108T163622-6a2855e80f96423f8e6321ab3a435bdc-1194.npz,1015,1035,0.0,1.6853621227557944e-14,0.5302687883377075,1.4456526041030884,0.0,5.005151748657227,nan,nan,nan,nan
atari_frostbite,/home/haselab/murakawa/stable-deep-world-model/logdir/atari_frostbite_vta_20260107_202443,/home/haselab/murakawa/stable-deep-world-model/logdir/atari_frostbite_vta_20260107_202443/latest.pt,/home/haselab/murakawa/stable-deep-world-model/logdir/atari_frostbite_vta_20260107_202443/train_eps/20260108T163622-6a2855e80f96423f8e6321ab3a435bdc-1194.npz,1020,1040,0.0,1.6728075521998953e-11,0.740245521068573,1.9554393291473389,0.0,4.571683406829834,nan,nan,nan,nan
atari_frostbite,/home/haselab/murakawa/stable-deep-world-model/logdir/atari_frostbite_vta_20260107_202443,/home/haselab/murakawa/stable-deep-world-model/logdir/atari_frostbite_vta_20260107_202443/latest.pt,/home/haselab/murakawa/stable-deep-world-model/logdir/atari_frostbite_vta_20260107_202443/train_eps/20260108T163622-6a2855e80f96423f8e6321ab3a435bdc-1194.npz,1025,1045,0.0,1.8699212317452307e-11,0.9667622447013855,2.3752918243408203,0.0,4.485111713409424,nan,nan,nan,nan
atari_frostbite,/home/haselab/murakawa/stable-deep-world-model/logdir/atari_frostbite_vta_20260107_202443,/home/haselab/murakawa/stable-deep-world-model/logdir/atari_frostbite_vta_20260107_202443/latest.pt,/home/haselab/murakawa/stable-deep-world-model/logdir/atari_frostbite_vta_20260107_202443/train_eps/20260108T163622-6a2855e80f96423f8e6321ab3a435bdc-1194.npz,1030,1050,0.0,1.885394965150944e-11,0.8983222246170044,2.121029853820801,0.0,4.072480201721191,nan,nan,nan,nan
atari_frostbite,/home/haselab/murakawa/stable-deep-world-model/logdir/atari_frostbite_vta_20260107_202443,/home/haselab/murakawa/stable-deep-world-model/logdir/atari_frostbite_vta_20260107_202443/latest.pt,/home/haselab/murakawa/stable-deep-world-model/logdir/atari_frostbite_vta_20260107_202443/train_eps/20260108T163622-6a2855e80f96423f8e6321ab3a435bdc-1194.npz,1035,1055,0.0,1.8846551055884397e-11,0.8933210372924805,2.1335649490356445,0.0,4.1522626876831055,nan,nan,nan,nan
atari_frostbite,/home/haselab/murakawa/stable-deep-world-model/logdir/atari_frostbite_vta_20260107_202443,/home/haselab/murakawa/stable-deep-world-model/logdir/atari_frostbite_vta_20260107_202443/latest.pt,/home/haselab/murakawa/stable-deep-world-model/logdir/atari_frostbite_vta_20260107_202443/train_eps/20260108T163622-6a2855e80f96423f8e6321ab3a435bdc-1194.npz,1040,1060,0.05,0.05000000074505806,0.9832984805107117,2.239518880844116,0.28615811467170715,4.342389106750488,1.9993538856506348,3.7932333946228027,5.7231621742248535,5.654419898986816
atari_frostbite,/home/haselab/murakawa/stable-deep-world-model/logdir/atari_frostbite_vta_20260107_202443,/home/haselab/murakawa/stable-deep-world-model/logdir/atari_frostbite_vta_20260107_202443/latest.pt,/home/haselab/murakawa/stable-deep-world-model/logdir/atari_frostbite_vta_20260107_202443/train_eps/20260108T163622-6a2855e80f96423f8e6321ab3a435bdc-1194.npz,1045,1065,0.05,0.05000000074505806,0.906298041343689,2.138206720352173,0.28615811467170715,3.963850498199463,1.9993538856506348,3.7932333946228027,5.7231621742248535,5.654419898986816
atari_frostbite,/home/haselab/murakawa/stable-deep-world-model/logdir/atari_frostbite_vta_20260107_202443,/home/haselab/murakawa/stable-deep-world-model/logdir/atari_frostbite_vta_20260107_202443/latest.pt,/home/haselab/murakawa/stable-deep-world-model/logdir/atari_frostbite_vta_20260107_202443/train_eps/20260108T163622-6a2855e80f96423f8e6321ab3a435bdc-1194.npz,1050,1070,0.05,0.05000000074505806,0.878663182258606,2.158237934112549,0.28615811467170715,3.951796770095825,1.9993538856506348,3.7932333946228027,5.7231621742248535,5.654419898986816
atari_frostbite,/home/haselab/murakawa/stable-deep-world-model/logdir/atari_frostbite_vta_20260107_202443,/home/haselab/murakawa/stable-deep-world-model/logdir/atari_frostbite_vta_20260107_202443/latest.pt,/home/haselab/murakawa/stable-deep-world-model/logdir/atari_frostbite_vta_20260107_202443/train_eps/20260108T163622-6a2855e80f96423f8e6321ab3a435bdc-1194.npz,1055,1075,0.05,0.05000000074505806,0.878860592842102,2.221571445465088,0.28615811467170715,4.204436302185059,1.9993538856506348,3.7932333946228027,5.7231621742248535,5.654419898986816
atari_frostbite,/home/haselab/murakawa/stable-deep-world-model/logdir/atari_frostbite_vta_20260107_202443,/home/haselab/murakawa/stable-deep-world-model/logdir/atari_frostbite_vta_20260107_202443/latest.pt,/home/haselab/murakawa/stable-deep-world-model/logdir/atari_frostbite_vta_20260107_202443/train_eps/20260108T163622-6a2855e80f96423f8e6321ab3a435bdc-1194.npz,1060,1080,0.0,3.2284508399982315e-11,0.7206558585166931,1.9047362804412842,0.0,3.9184036254882812,nan,nan,nan,nan
atari_frostbite,/home/haselab/murakawa/stable-deep-world-model/logdir/atari_frostbite_vta_20260107_202443,/home/haselab/murakawa/stable-deep-world-model/logdir/atari_frostbite_vta_20260107_202443/latest.pt,/home/haselab/murakawa/stable-deep-world-model/logdir/atari_frostbite_vta_20260107_202443/train_eps/20260108T163622-6a2855e80f96423f8e6321ab3a435bdc-1194.npz,1065,1085,0.0,3.2786221654257375e-11,0.7258096933364868,1.8127727508544922,0.0,3.9060916900634766,nan,nan,nan,nan
atari_frostbite,/home/haselab/murakawa/stable-deep-world-model/logdir/atari_frostbite_vta_20260107_202443,/home/haselab/murakawa/stable-deep-world-model/logdir/atari_frostbite_vta_20260107_202443/latest.pt,/home/haselab/murakawa/stable-deep-world-model/logdir/atari_frostbite_vta_20260107_202443/train_eps/20260108T163622-6a2855e80f96423f8e6321ab3a435bdc-1194.npz,1070,1090,0.0,2.3411267716100248e-11,0.7078348994255066,1.7431682348251343,0.0,3.8288636207580566,nan,nan,nan,nan
atari_frostbite,/home/haselab/murakawa/stable-deep-world-model/logdir/atari_frostbite_vta_20260107_202443,/home/haselab/murakawa/stable-deep-world-model/logdir/atari_frostbite_vta_20260107_202443/latest.pt,/home/haselab/murakawa/stable-deep-world-model/logdir/atari_frostbite_vta_20260107_202443/train_eps/20260108T163622-6a2855e80f96423f8e6321ab3a435bdc-1194.npz,1075,1095,0.0,1.0163623415104794e-11,0.6490827798843384,1.6146827936172485,0.0,3.3155112266540527,nan,nan,nan,nan
atari_frostbite,/home/haselab/murakawa/stable-deep-world-model/logdir/atari_frostbite_vta_20260107_202443,/home/haselab/murakawa/stable-deep-world-model/logdir/atari_frostbite_vta_20260107_202443/latest.pt,/home/haselab/murakawa/stable-deep-world-model/logdir/atari_frostbite_vta_20260107_202443/train_eps/20260108T163622-6a2855e80f96423f8e6321ab3a435bdc-1194.npz,1080,1100,0.0,7.461130780046787e-13,0.6185778379440308,1.5721948146820068,0.0,3.1280369758605957,nan,nan,nan,nan
atari_frostbite,/home/haselab/murakawa/stable-deep-world-model/logdir/atari_frostbite_vta_20260107_202443,/home/haselab/murakawa/stable-deep-world-model/logdir/atari_frostbite_vta_20260107_202443/latest.pt,/home/haselab/murakawa/stable-deep-world-model/logdir/atari_frostbite_vta_20260107_202443/train_eps/20260108T163622-6a2855e80f96423f8e6321ab3a435bdc-1194.npz,1085,1105,0.0,2.4106151103042706e-13,0.5917467474937439,1.575087308883667,0.0,3.0560250282287598,nan,nan,nan,nan
atari_frostbite,/home/haselab/murakawa/stable-deep-world-model/logdir/atari_frostbite_vta_20260107_202443,/home/haselab/murakawa/stable-deep-world-model/logdir/atari_frostbite_vta_20260107_202443/latest.pt,/home/haselab/murakawa/stable-deep-world-model/logdir/atari_frostbite_vta_20260107_202443/train_eps/20260108T163622-6a2855e80f96423f8e6321ab3a435bdc-1194.npz,1090,1110,0.05,0.05000000074505806,0.589661717414856,1.8761217594146729,0.2593727707862854,3.3280606269836426,0.6927421689033508,4.461774826049805,5.187455177307129,5.588613986968994
atari_frostbite,/home/haselab/murakawa/stable-deep-world-model/logdir/atari_frostbite_vta_20260107_202443,/home/haselab/murakawa/stable-deep-world-model/logdir/atari_frostbite_vta_20260107_202443/latest.pt,/home/haselab/murakawa/stable-deep-world-model/logdir/atari_frostbite_vta_20260107_202443/train_eps/20260108T163622-6a2855e80f96423f8e6321ab3a435bdc-1194.npz,1095,1115,0.05,0.05000000074505806,0.5682750344276428,1.8768360614776611,0.2593727707862854,3.4678523540496826,0.6927421689033508,4.461774826049805,5.187455177307129,5.588613986968994
atari_frostbite,/home/haselab/murakawa/stable-deep-world-model/logdir/atari_frostbite_vta_20260107_202443,/home/haselab/murakawa/stable-deep-world-model/logdir/atari_frostbite_vta_20260107_202443/latest.pt,/home/haselab/murakawa/stable-deep-world-model/logdir/atari_frostbite_vta_20260107_202443/train_eps/20260108T163622-6a2855e80f96423f8e6321ab3a435bdc-1194.npz,1100,1120,0.05,0.05000000074505806,0.5958494544029236,1.956380844116211,0.2593727707862854,3.820463180541992,0.6927421689033508,4.461774826049805,5.187455177307129,5.588613986968994
atari_frostbite,/home/haselab/murakawa/stable-deep-world-model/logdir/atari_frostbite_vta_20260107_202443,/home/haselab/murakawa/stable-deep-world-model/logdir/atari_frostbite_vta_20260107_202443/latest.pt,/home/haselab/murakawa/stable-deep-world-model/logdir/atari_frostbite_vta_20260107_202443/train_eps/20260108T163622-6a2855e80f96423f8e6321ab3a435bdc-1194.npz,1105,1125,0.05,0.05000000074505806,0.5924178957939148,1.9402332305908203,0.2593727707862854,4.167351722717285,0.6927421689033508,4.461774826049805,5.187455177307129,5.588613986968994
atari_frostbite,/home/haselab/murakawa/stable-deep-world-model/logdir/atari_frostbite_vta_20260107_202443,/home/haselab/murakawa/stable-deep-world-model/logdir/atari_frostbite_vta_20260107_202443/latest.pt,/home/haselab/murakawa/stable-deep-world-model/logdir/atari_frostbite_vta_20260107_202443/train_eps/20260108T163622-6a2855e80f96423f8e6321ab3a435bdc-1194.npz,1110,1130,0.0,1.2191259286808975e-11,0.49713021516799927,1.5778425931930542,0.0,4.253846168518066,nan,nan,nan,nan
atari_frostbite,/home/haselab/murakawa/stable-deep-world-model/logdir/atari_frostbite_vta_20260107_202443,/home/haselab/murakawa/stable-deep-world-model/logdir/atari_frostbite_vta_20260107_202443/latest.pt,/home/haselab/murakawa/stable-deep-world-model/logdir/atari_frostbite_vta_20260107_202443/train_eps/20260108T163622-6a2855e80f96423f8e6321ab3a435bdc-1194.npz,1115,1135,0.0,1.0452162105387044e-15,0.4990023672580719,1.61788010597229,0.0,4.480498313903809,nan,nan,nan,nan
atari_frostbite,/home/haselab/murakawa/stable-deep-world-model/logdir/atari_frostbite_vta_20260107_202443,/home/haselab/murakawa/stable-deep-world-model/logdir/atari_frostbite_vta_20260107_202443/latest.pt,/home/haselab/murakawa/stable-deep-world-model/logdir/atari_frostbite_vta_20260107_202443/train_eps/20260108T163622-6a2855e80f96423f8e6321ab3a435bdc-1194.npz,1120,1140,0.0,1.7341869335442807e-16,0.5115724802017212,1.6730279922485352,0.0,4.658570766448975,nan,nan,nan,nan
atari_frostbite,/home/haselab/murakawa/stable-deep-world-model/logdir/atari_frostbite_vta_20260107_202443,/home/haselab/murakawa/stable-deep-world-model/logdir/atari_frostbite_vta_20260107_202443/latest.pt,/home/haselab/murakawa/stable-deep-world-model/logdir/atari_frostbite_vta_20260107_202443/train_eps/20260108T163622-6a2855e80f96423f8e6321ab3a435bdc-1194.npz,1125,1145,0.0,1.7924152870609915e-16,0.5167352557182312,1.7532075643539429,0.0,4.816918849945068,nan,nan,nan,nan
atari_frostbite,/home/haselab/murakawa/stable-deep-world-model/logdir/atari_frostbite_vta_20260107_202443,/home/haselab/murakawa/stable-deep-world-model/logdir/atari_frostbite_vta_20260107_202443/latest.pt,/home/haselab/murakawa/stable-deep-world-model/logdir/atari_frostbite_vta_20260107_202443/train_eps/20260108T163622-6a2855e80f96423f8e6321ab3a435bdc-1194.npz,1130,1150,0.0,4.808807211887636e-17,0.5554765462875366,1.7213045358657837,0.0,4.614368438720703,nan,nan,nan,nan
atari_frostbite,/home/haselab/murakawa/stable-deep-world-model/logdir/atari_frostbite_vta_20260107_202443,/home/haselab/murakawa/stable-deep-world-model/logdir/atari_frostbite_vta_20260107_202443/latest.pt,/home/haselab/murakawa/stable-deep-world-model/logdir/atari_frostbite_vta_20260107_202443/train_eps/20260108T163622-6a2855e80f96423f8e6321ab3a435bdc-1194.npz,1135,1155,0.0,2.6034050633506003e-17,0.5425668954849243,1.6647655963897705,0.0,4.59574556350708,nan,nan,nan,nan
atari_frostbite,/home/haselab/murakawa/stable-deep-world-model/logdir/atari_frostbite_vta_20260107_202443,/home/haselab/murakawa/stable-deep-world-model/logdir/atari_frostbite_vta_20260107_202443/latest.pt,/home/haselab/murakawa/stable-deep-world-model/logdir/atari_frostbite_vta_20260107_202443/train_eps/20260108T163622-6a2855e80f96423f8e6321ab3a435bdc-1194.npz,1140,1160,0.05,0.05000000074505806,0.521490216255188,1.9406051635742188,0.22687089443206787,4.548162460327148,0.22880563139915466,4.5348663330078125,4.537417888641357,5.071584224700928
atari_frostbite,/home/haselab/murakawa/stable-deep-world-model/logdir/atari_frostbite_vta_20260107_202443,/home/haselab/murakawa/stable-deep-world-model/logdir/atari_frostbite_vta_20260107_202443/latest.pt,/home/haselab/murakawa/stable-deep-world-model/logdir/atari_frostbite_vta_20260107_202443/train_eps/20260108T163622-6a2855e80f96423f8e6321ab3a435bdc-1194.npz,1145,1165,0.05,0.05000000074505806,0.5089863538742065,2.096787691116333,0.22687089443206787,4.65944766998291,0.22880563139915466,4.5348663330078125,4.537417888641357,5.071584224700928
atari_frostbite,/home/haselab/murakawa/stable-deep-world-model/logdir/atari_frostbite_vta_20260107_202443,/home/haselab/murakawa/stable-deep-world-model/logdir/atari_frostbite_vta_20260107_202443/latest.pt,/home/haselab/murakawa/stable-deep-world-model/logdir/atari_frostbite_vta_20260107_202443/train_eps/20260108T163622-6a2855e80f96423f8e6321ab3a435bdc-1194.npz,1150,1170,0.05,0.05000000074505806,0.5060949921607971,2.2782950401306152,0.22687089443206787,5.110354900360107,0.22880563139915466,4.5348663330078125,4.537417888641357,5.071584224700928
atari_frostbite,/home/haselab/murakawa/stable-deep-world-model/logdir/atari_frostbite_vta_20260107_202443,/home/haselab/murakawa/stable-deep-world-model/logdir/atari_frostbite_vta_20260107_202443/latest.pt,/home/haselab/murakawa/stable-deep-world-model/logdir/atari_frostbite_vta_20260107_202443/train_eps/20260108T163622-6a2855e80f96423f8e6321ab3a435bdc-1194.npz,1155,1175,0.05,0.05000000074505806,0.46510419249534607,2.2939975261688232,0.22687089443206787,5.726784706115723,0.22880563139915466,4.5348663330078125,4.537417888641357,5.071584224700928
atari_frostbite,/home/haselab/murakawa/stable-deep-world-model/logdir/atari_frostbite_vta_20260107_202443,/home/haselab/murakawa/stable-deep-world-model/logdir/atari_frostbite_vta_20260107_202443/latest.pt,/home/haselab/murakawa/stable-deep-world-model/logdir/atari_frostbite_vta_20260107_202443/train_eps/20260108T163622-6a2855e80f96423f8e6321ab3a435bdc-1194.npz,1160,1180,0.0,2.23494047869809e-18,0.46333175897598267,2.087299108505249,0.0,6.010695934295654,nan,nan,nan,nan
atari_frostbite,/home/haselab/murakawa/stable-deep-world-model/logdir/atari_frostbite_vta_20260107_202443,/home/haselab/murakawa/stable-deep-world-model/logdir/atari_frostbite_vta_20260107_202443/latest.pt,/home/haselab/murakawa/stable-deep-world-model/logdir/atari_frostbite_vta_20260107_202443/train_eps/20260108T163622-6a2855e80f96423f8e6321ab3a435bdc-1194.npz,1165,1185,0.0,2.238036822526029e-18,0.39385363459587097,1.963783621788025,0.0,6.340897083282471,nan,nan,nan,nan
atari_frostbite,/home/haselab/murakawa/stable-deep-world-model/logdir/atari_frostbite_vta_20260107_202443,/home/haselab/murakawa/stable-deep-world-model/logdir/atari_frostbite_vta_20260107_202443/latest.pt,/home/haselab/murakawa/stable-deep-world-model/logdir/atari_frostbite_vta_20260107_202443/train_eps/20260108T163622-6a2855e80f96423f8e6321ab3a435bdc-1194.npz,1170,1190,0.0,2.412777796349667e-19,0.3994692265987396,2.071106433868408,0.0,6.683484077453613,nan,nan,nan,nan
