Logdir /home/haselab/projects/stable-deep-world-model/logs/models/from_scratch_atari_krull_vta_3seed_to_400000_20260208_112207/atari_krull_seed1
Config saved to /home/haselab/projects/stable-deep-world-model/logs/models/from_scratch_atari_krull_vta_3seed_to_400000_20260208_112207/atari_krull_seed1/config.yaml
Create envs.
Gym has been unmaintained since 2022 and does not support NumPy 2.0 amongst other critical functionality.
Please upgrade to Gymnasium, the maintained drop-in replacement of Gym, or contact the authors of your software and request that they upgrade.
Users of this version of Gym should be able to simply replace 'import gym' with 'import gymnasium as gym' in the vast majority of cases.
See the migration guide at https://gymnasium.farama.org/introduction/migration_guide/ for additional information.
A.L.E: Arcade Learning Environment (version 0.11.2+ecc1138)
[Powered by Stella]
Action Space Box(0.0, 1.0, (18,), float32)
Prefill dataset (0 steps).
Logger: (46180 steps).
Simulate agent.
Encoder CNN shapes: {'image': (64, 64, 3)}
Encoder MLP shapes: {}
Decoder CNN shapes: {'image': (64, 64, 3)}
Decoder MLP shapes: {}
/home/haselab/projects/stable-deep-world-model/src_dreamerv3/tools.py:747: FutureWarning: `torch.cuda.amp.GradScaler(args...)` is deprecated. Please use `torch.amp.GradScaler('cuda', args...)` instead.
  self._scaler = torch.cuda.amp.GradScaler(enabled=use_amp)
Optimizer model_opt has 23085447 variables.
Optimizer actor_opt has 830482 variables.
Optimizer value_opt has 952063 variables.
[46180] 
Start evaluation.
[46180] eval_return 1954.0 / eval_length 1260.4 / eval_episodes 5.0
add_video needs package moviepy
Start training.
/home/haselab/projects/stable-deep-world-model/src_dreamerv3/models.py:146: FutureWarning: `torch.cuda.amp.autocast(args...)` is deprecated. Please use `torch.amp.autocast('cuda', args...)` instead.
  with torch.cuda.amp.autocast(self._use_amp):
/home/haselab/projects/stable-deep-world-model/src_dreamerv3/models.py:216: FutureWarning: `torch.cuda.amp.autocast(args...)` is deprecated. Please use `torch.amp.autocast('cuda', args...)` instead.
  with torch.cuda.amp.autocast(self._use_amp):
/home/haselab/projects/stable-deep-world-model/src_dreamerv3/models.py:448: FutureWarning: `torch.cuda.amp.autocast(args...)` is deprecated. Please use `torch.amp.autocast('cuda', args...)` instead.
  with torch.cuda.amp.autocast(self._use_amp):
/home/haselab/projects/stable-deep-world-model/src_dreamerv3/models.py:479: FutureWarning: `torch.cuda.amp.autocast(args...)` is deprecated. Please use `torch.amp.autocast('cuda', args...)` instead.
  with torch.cuda.amp.autocast(self._use_amp):
[46180] model_loss 21.8 / model_grad_norm 38.8 / image_loss 13.6 / reward_loss 0.1 / cont_loss 0.0 / kl_free 1.0 / dyn_scale 0.5 / rep_scale 0.1 / dyn_loss 13.5 / rep_loss 13.5 / kl 13.5 / prior_abs_ent 31.0 / post_abs_ent -27.5 / prior_obs_ent 17.4 / post_obs_ent 5.7 / boundary_ratio 0.0 / kl_mask 0.0 / normed_target_mean 0.5 / normed_target_std 0.4 / normed_target_min -0.1 / normed_target_max 1.8 / EMA_005 10.1 / EMA_095 176.7 / value_mean 91.4 / value_std 61.6 / value_min 6.8 / value_max 219.8 / target_mean 97.7 / target_std 68.8 / target_min 0.0 / target_max 306.6 / imag_reward_mean 1.1 / imag_reward_std 3.2 / imag_reward_min 0.0 / imag_reward_max 20.0 / imag_action_mean 8.8 / imag_action_std 4.3 / imag_action_min 0.0 / imag_action_max 17.0 / actor_entropy 0.7 / actor_loss 2.7 / actor_grad_norm 3.6 / value_loss 2.3 / value_grad_norm 1.6 / update_count 1.0 / fps 0.0
add_video needs package moviepy
add_video needs package moviepy
[46804] 
Start evaluation.
[46804] eval_return 2178.0 / eval_length 1503.6 / eval_episodes 5.0
add_video needs package moviepy
Start training.
[46804] model_loss 22.1 / model_grad_norm 35.1 / image_loss 13.5 / reward_loss 0.1 / cont_loss 0.0 / kl_free 1.0 / dyn_scale 0.5 / rep_scale 0.1 / dyn_loss 14.2 / rep_loss 14.2 / kl 14.2 / prior_abs_ent 30.0 / post_abs_ent -27.1 / prior_obs_ent 19.9 / post_obs_ent 7.4 / boundary_ratio 0.0 / kl_mask 0.0 / normed_target_mean 0.4 / normed_target_std 0.3 / normed_target_min -0.0 / normed_target_max 1.7 / EMA_005 11.0 / EMA_095 180.5 / value_mean 80.5 / value_std 49.9 / value_min 7.1 / value_max 211.9 / target_mean 83.1 / target_std 54.4 / target_min 4.3 / target_max 297.8 / imag_reward_mean 0.8 / imag_reward_std 2.9 / imag_reward_min 0.0 / imag_reward_max 52.5 / imag_action_mean 9.2 / imag_action_std 4.1 / imag_action_min 0.0 / imag_action_max 17.0 / actor_entropy 0.5 / actor_loss 1.1 / actor_grad_norm 2.7 / value_loss 2.2 / value_grad_norm 1.2 / update_count 157.0 / fps 12.5
add_video needs package moviepy
add_video needs package moviepy
[47428] 
Start evaluation.
[47428] eval_return 1952.0 / eval_length 1444.0 / eval_episodes 5.0
add_video needs package moviepy
Start training.
[47428] model_loss 22.0 / model_grad_norm 33.3 / image_loss 13.4 / reward_loss 0.1 / cont_loss 0.0 / kl_free 1.0 / dyn_scale 0.5 / rep_scale 0.1 / dyn_loss 14.2 / rep_loss 14.2 / kl 14.2 / prior_abs_ent 29.8 / post_abs_ent -27.1 / prior_obs_ent 19.9 / post_obs_ent 7.5 / boundary_ratio 0.0 / kl_mask 0.0 / normed_target_mean 0.4 / normed_target_std 0.3 / normed_target_min -0.0 / normed_target_max 1.7 / EMA_005 11.5 / EMA_095 185.9 / value_mean 80.6 / value_std 51.8 / value_min 7.6 / value_max 217.2 / target_mean 83.4 / target_std 56.6 / target_min 5.0 / target_max 300.8 / imag_reward_mean 0.8 / imag_reward_std 2.8 / imag_reward_min 0.0 / imag_reward_max 47.6 / imag_action_mean 9.2 / imag_action_std 4.0 / imag_action_min 0.0 / imag_action_max 17.0 / actor_entropy 0.5 / actor_loss 1.2 / actor_grad_norm 2.7 / value_loss 2.2 / value_grad_norm 1.2 / update_count 313.0 / fps 12.5
add_video needs package moviepy
add_video needs package moviepy
[48052] 
Start evaluation.
[48052] eval_return 1834.0 / eval_length 1253.8 / eval_episodes 5.0
add_video needs package moviepy
Start training.
[48052] model_loss 21.9 / model_grad_norm 35.0 / image_loss 13.4 / reward_loss 0.1 / cont_loss 0.0 / kl_free 1.0 / dyn_scale 0.5 / rep_scale 0.1 / dyn_loss 14.1 / rep_loss 14.1 / kl 14.1 / prior_abs_ent 29.9 / post_abs_ent -27.0 / prior_obs_ent 20.9 / post_obs_ent 8.4 / boundary_ratio 0.0 / kl_mask 0.0 / normed_target_mean 0.4 / normed_target_std 0.3 / normed_target_min -0.0 / normed_target_max 1.6 / EMA_005 12.0 / EMA_095 186.3 / value_mean 81.0 / value_std 50.9 / value_min 8.5 / value_max 217.0 / target_mean 83.0 / target_std 54.7 / target_min 4.7 / target_max 298.9 / imag_reward_mean 0.7 / imag_reward_std 3.0 / imag_reward_min 0.0 / imag_reward_max 72.9 / imag_action_mean 9.3 / imag_action_std 4.1 / imag_action_min 0.0 / imag_action_max 17.0 / actor_entropy 0.5 / actor_loss 0.9 / actor_grad_norm 2.7 / value_loss 2.2 / value_grad_norm 1.3 / update_count 469.0 / fps 13.0
add_video needs package moviepy
add_video needs package moviepy
[48676] 
Start evaluation.
[48676] eval_return 1838.0 / eval_length 1191.2 / eval_episodes 5.0
add_video needs package moviepy
Start training.
[48676] model_loss 22.2 / model_grad_norm 37.3 / image_loss 13.5 / reward_loss 0.1 / cont_loss 0.0 / kl_free 1.0 / dyn_scale 0.5 / rep_scale 0.1 / dyn_loss 14.4 / rep_loss 14.4 / kl 14.4 / prior_abs_ent 30.1 / post_abs_ent -26.9 / prior_obs_ent 21.2 / post_obs_ent 8.4 / boundary_ratio 0.0 / kl_mask 0.0 / normed_target_mean 0.4 / normed_target_std 0.3 / normed_target_min -0.0 / normed_target_max 1.7 / EMA_005 13.2 / EMA_095 183.0 / value_mean 81.5 / value_std 49.6 / value_min 9.7 / value_max 216.8 / target_mean 83.6 / target_std 53.6 / target_min 5.3 / target_max 295.7 / imag_reward_mean 0.7 / imag_reward_std 2.8 / imag_reward_min 0.0 / imag_reward_max 52.2 / imag_action_mean 9.6 / imag_action_std 4.0 / imag_action_min 0.0 / imag_action_max 17.0 / actor_entropy 0.5 / actor_loss 0.9 / actor_grad_norm 2.7 / value_loss 2.2 / value_grad_norm 1.3 / update_count 625.0 / fps 13.4
add_video needs package moviepy
add_video needs package moviepy
[49300] 
Start evaluation.
[49300] eval_return 1986.0 / eval_length 1400.8 / eval_episodes 5.0
add_video needs package moviepy
Start training.
[49300] model_loss 22.6 / model_grad_norm 47.8 / image_loss 13.7 / reward_loss 0.1 / cont_loss 0.0 / kl_free 1.0 / dyn_scale 0.5 / rep_scale 0.1 / dyn_loss 14.7 / rep_loss 14.7 / kl 14.7 / prior_abs_ent 29.6 / post_abs_ent -27.2 / prior_obs_ent 20.9 / post_obs_ent 7.8 / boundary_ratio 0.0 / kl_mask 0.0 / normed_target_mean 0.4 / normed_target_std 0.3 / normed_target_min -0.1 / normed_target_max 1.7 / EMA_005 14.5 / EMA_095 185.8 / value_mean 84.0 / value_std 49.5 / value_min 9.7 / value_max 219.2 / target_mean 86.0 / target_std 53.5 / target_min 5.9 / target_max 302.3 / imag_reward_mean 0.8 / imag_reward_std 2.9 / imag_reward_min 0.0 / imag_reward_max 60.5 / imag_action_mean 10.0 / imag_action_std 4.0 / imag_action_min 0.0 / imag_action_max 17.0 / actor_entropy 0.5 / actor_loss 0.9 / actor_grad_norm 2.7 / value_loss 2.2 / value_grad_norm 1.2 / update_count 781.0 / fps 12.7
add_video needs package moviepy
add_video needs package moviepy
[49924] 
Start evaluation.
[49924] eval_return 2122.0 / eval_length 1268.6 / eval_episodes 5.0
add_video needs package moviepy
Start training.
[49924] model_loss 21.7 / model_grad_norm 29.6 / image_loss 13.2 / reward_loss 0.1 / cont_loss 0.0 / kl_free 1.0 / dyn_scale 0.5 / rep_scale 0.1 / dyn_loss 13.9 / rep_loss 13.9 / kl 13.9 / prior_abs_ent 28.9 / post_abs_ent -27.3 / prior_obs_ent 20.0 / post_obs_ent 7.7 / boundary_ratio 0.0 / kl_mask 0.0 / normed_target_mean 0.4 / normed_target_std 0.3 / normed_target_min -0.1 / normed_target_max 1.7 / EMA_005 15.2 / EMA_095 185.3 / value_mean 83.5 / value_std 48.9 / value_min 10.4 / value_max 220.9 / target_mean 86.2 / target_std 53.2 / target_min 5.0 / target_max 308.7 / imag_reward_mean 0.8 / imag_reward_std 3.0 / imag_reward_min 0.0 / imag_reward_max 64.6 / imag_action_mean 9.8 / imag_action_std 4.2 / imag_action_min 0.0 / imag_action_max 17.0 / actor_entropy 0.5 / actor_loss 1.2 / actor_grad_norm 2.7 / value_loss 2.1 / value_grad_norm 1.2 / update_count 937.0 / fps 13.1
add_video needs package moviepy
add_video needs package moviepy
[50548] 
Start evaluation.
[50548] eval_return 2232.0 / eval_length 1406.2 / eval_episodes 5.0
add_video needs package moviepy
Start training.
[50548] model_loss 21.8 / model_grad_norm 29.8 / image_loss 13.2 / reward_loss 0.1 / cont_loss 0.0 / kl_free 1.0 / dyn_scale 0.5 / rep_scale 0.1 / dyn_loss 14.1 / rep_loss 14.1 / kl 14.1 / prior_abs_ent 29.7 / post_abs_ent -27.2 / prior_obs_ent 20.2 / post_obs_ent 7.8 / boundary_ratio 0.0 / kl_mask 0.0 / normed_target_mean 0.4 / normed_target_std 0.3 / normed_target_min -0.1 / normed_target_max 1.7 / EMA_005 15.7 / EMA_095 189.0 / value_mean 86.4 / value_std 50.4 / value_min 10.9 / value_max 225.6 / target_mean 89.1 / target_std 54.4 / target_min 5.0 / target_max 306.5 / imag_reward_mean 0.8 / imag_reward_std 3.1 / imag_reward_min 0.0 / imag_reward_max 61.5 / imag_action_mean 9.8 / imag_action_std 4.0 / imag_action_min 0.0 / imag_action_max 17.0 / actor_entropy 0.5 / actor_loss 1.2 / actor_grad_norm 2.7 / value_loss 2.2 / value_grad_norm 1.3 / update_count 1093.0 / fps 12.7
add_video needs package moviepy
add_video needs package moviepy
[51172] 
Start evaluation.
[51172] eval_return 1872.0 / eval_length 1333.0 / eval_episodes 5.0
add_video needs package moviepy
Start training.
[51172] model_loss 21.9 / model_grad_norm 33.3 / image_loss 13.4 / reward_loss 0.1 / cont_loss 0.0 / kl_free 1.0 / dyn_scale 0.5 / rep_scale 0.1 / dyn_loss 14.1 / rep_loss 14.1 / kl 14.1 / prior_abs_ent 29.8 / post_abs_ent -27.0 / prior_obs_ent 20.4 / post_obs_ent 8.0 / boundary_ratio 0.0 / kl_mask 0.0 / normed_target_mean 0.4 / normed_target_std 0.3 / normed_target_min -0.1 / normed_target_max 1.7 / EMA_005 16.3 / EMA_095 187.3 / value_mean 86.6 / value_std 49.5 / value_min 11.5 / value_max 224.8 / target_mean 88.8 / target_std 53.3 / target_min 5.4 / target_max 300.8 / imag_reward_mean 0.7 / imag_reward_std 2.9 / imag_reward_min 0.0 / imag_reward_max 57.9 / imag_action_mean 9.8 / imag_action_std 4.1 / imag_action_min 0.0 / imag_action_max 17.0 / actor_entropy 0.5 / actor_loss 0.9 / actor_grad_norm 2.6 / value_loss 2.1 / value_grad_norm 1.2 / update_count 1249.0 / fps 12.9
add_video needs package moviepy
add_video needs package moviepy
[51796] 
Start evaluation.
[51796] eval_return 2132.0 / eval_length 1424.0 / eval_episodes 5.0
add_video needs package moviepy
Start training.
[51796] model_loss 21.6 / model_grad_norm 34.0 / image_loss 13.1 / reward_loss 0.1 / cont_loss 0.0 / kl_free 1.0 / dyn_scale 0.5 / rep_scale 0.1 / dyn_loss 14.0 / rep_loss 14.0 / kl 14.0 / prior_abs_ent 29.8 / post_abs_ent -27.1 / prior_obs_ent 19.6 / post_obs_ent 7.2 / boundary_ratio 0.0 / kl_mask 0.0 / normed_target_mean 0.4 / normed_target_std 0.3 / normed_target_min -0.1 / normed_target_max 1.6 / EMA_005 17.0 / EMA_095 189.1 / value_mean 89.1 / value_std 49.1 / value_min 11.7 / value_max 226.1 / target_mean 91.6 / target_std 53.0 / target_min 5.6 / target_max 296.9 / imag_reward_mean 0.7 / imag_reward_std 2.7 / imag_reward_min 0.0 / imag_reward_max 38.7 / imag_action_mean 9.8 / imag_action_std 4.2 / imag_action_min 0.0 / imag_action_max 17.0 / actor_entropy 0.5 / actor_loss 1.1 / actor_grad_norm 2.6 / value_loss 2.1 / value_grad_norm 1.3 / update_count 1405.0 / fps 12.6
add_video needs package moviepy
add_video needs package moviepy
[52108] dataset_size 13027.0 / train_return 2220.0 / train_length 1482.0 / train_episodes 9.0
[52420] 
Start evaluation.
[52420] eval_return 2078.0 / eval_length 1454.8 / eval_episodes 5.0
add_video needs package moviepy
Start training.
[52420] model_loss 21.3 / model_grad_norm 28.5 / image_loss 13.0 / reward_loss 0.1 / cont_loss 0.0 / kl_free 1.0 / dyn_scale 0.5 / rep_scale 0.1 / dyn_loss 13.7 / rep_loss 13.7 / kl 13.7 / prior_abs_ent 29.7 / post_abs_ent -27.1 / prior_obs_ent 19.0 / post_obs_ent 7.0 / boundary_ratio 0.0 / kl_mask 0.0 / normed_target_mean 0.4 / normed_target_std 0.3 / normed_target_min -0.1 / normed_target_max 1.7 / EMA_005 18.0 / EMA_095 190.8 / value_mean 90.1 / value_std 50.0 / value_min 12.4 / value_max 228.4 / target_mean 92.5 / target_std 53.7 / target_min 4.8 / target_max 303.7 / imag_reward_mean 0.7 / imag_reward_std 2.8 / imag_reward_min 0.0 / imag_reward_max 52.1 / imag_action_mean 9.9 / imag_action_std 4.2 / imag_action_min 0.0 / imag_action_max 17.0 / actor_entropy 0.5 / actor_loss 1.1 / actor_grad_norm 2.6 / value_loss 2.1 / value_grad_norm 1.2 / update_count 1561.0 / fps 12.6
add_video needs package moviepy
add_video needs package moviepy
[53044] 
Start evaluation.
[53044] eval_return 1730.0 / eval_length 1229.0 / eval_episodes 5.0
add_video needs package moviepy
Start training.
[53044] model_loss 21.6 / model_grad_norm 36.6 / image_loss 13.0 / reward_loss 0.1 / cont_loss 0.0 / kl_free 1.0 / dyn_scale 0.5 / rep_scale 0.1 / dyn_loss 14.1 / rep_loss 14.1 / kl 14.1 / prior_abs_ent 29.8 / post_abs_ent -27.1 / prior_obs_ent 20.0 / post_obs_ent 7.5 / boundary_ratio 0.0 / kl_mask 0.0 / normed_target_mean 0.4 / normed_target_std 0.3 / normed_target_min -0.1 / normed_target_max 1.6 / EMA_005 19.1 / EMA_095 195.0 / value_mean 92.8 / value_std 51.3 / value_min 12.0 / value_max 235.2 / target_mean 95.6 / target_std 55.4 / target_min 6.0 / target_max 304.7 / imag_reward_mean 0.8 / imag_reward_std 2.8 / imag_reward_min 0.0 / imag_reward_max 37.5 / imag_action_mean 10.2 / imag_action_std 4.3 / imag_action_min 0.0 / imag_action_max 17.0 / actor_entropy 0.5 / actor_loss 1.2 / actor_grad_norm 2.8 / value_loss 2.1 / value_grad_norm 1.3 / update_count 1717.0 / fps 13.2
add_video needs package moviepy
add_video needs package moviepy
[53668] 
Start evaluation.
[53668] eval_return 1434.0 / eval_length 1327.2 / eval_episodes 5.0
add_video needs package moviepy
Start training.
[53668] model_loss 21.3 / model_grad_norm 30.6 / image_loss 12.8 / reward_loss 0.1 / cont_loss 0.0 / kl_free 1.0 / dyn_scale 0.5 / rep_scale 0.1 / dyn_loss 14.0 / rep_loss 14.0 / kl 14.0 / prior_abs_ent 29.7 / post_abs_ent -26.9 / prior_obs_ent 19.6 / post_obs_ent 7.2 / boundary_ratio 0.0 / kl_mask 0.0 / normed_target_mean 0.4 / normed_target_std 0.3 / normed_target_min -0.1 / normed_target_max 1.6 / EMA_005 19.3 / EMA_095 199.7 / value_mean 94.0 / value_std 52.2 / value_min 12.4 / value_max 236.6 / target_mean 96.5 / target_std 56.2 / target_min 5.1 / target_max 316.3 / imag_reward_mean 0.8 / imag_reward_std 3.1 / imag_reward_min 0.0 / imag_reward_max 62.7 / imag_action_mean 10.6 / imag_action_std 4.3 / imag_action_min 0.0 / imag_action_max 17.0 / actor_entropy 0.5 / actor_loss 1.1 / actor_grad_norm 2.8 / value_loss 2.1 / value_grad_norm 1.2 / update_count 1873.0 / fps 12.9
add_video needs package moviepy
add_video needs package moviepy
[54292] 
Start evaluation.
[54292] eval_return 1898.0 / eval_length 1373.6 / eval_episodes 5.0
add_video needs package moviepy
Start training.
[54292] model_loss 21.2 / model_grad_norm 35.5 / image_loss 12.7 / reward_loss 0.1 / cont_loss 0.0 / kl_free 1.0 / dyn_scale 0.5 / rep_scale 0.1 / dyn_loss 14.0 / rep_loss 14.0 / kl 14.0 / prior_abs_ent 30.0 / post_abs_ent -26.8 / prior_obs_ent 20.1 / post_obs_ent 7.7 / boundary_ratio 0.0 / kl_mask 0.0 / normed_target_mean 0.4 / normed_target_std 0.3 / normed_target_min -0.1 / normed_target_max 1.7 / EMA_005 20.2 / EMA_095 200.6 / value_mean 93.3 / value_std 51.2 / value_min 13.3 / value_max 240.3 / target_mean 95.7 / target_std 55.1 / target_min 5.4 / target_max 318.4 / imag_reward_mean 0.8 / imag_reward_std 3.0 / imag_reward_min 0.0 / imag_reward_max 57.4 / imag_action_mean 10.8 / imag_action_std 4.4 / imag_action_min 0.0 / imag_action_max 17.0 / actor_entropy 0.5 / actor_loss 1.2 / actor_grad_norm 2.8 / value_loss 2.1 / value_grad_norm 1.3 / update_count 2029.0 / fps 12.7
add_video needs package moviepy
add_video needs package moviepy
[54916] 
Start evaluation.
[54916] eval_return 2050.0 / eval_length 1392.0 / eval_episodes 5.0
add_video needs package moviepy
Start training.
[54916] model_loss 21.6 / model_grad_norm 34.0 / image_loss 12.9 / reward_loss 0.1 / cont_loss 0.0 / kl_free 1.0 / dyn_scale 0.5 / rep_scale 0.1 / dyn_loss 14.4 / rep_loss 14.4 / kl 14.4 / prior_abs_ent 29.5 / post_abs_ent -27.2 / prior_obs_ent 20.4 / post_obs_ent 7.7 / boundary_ratio 0.0 / kl_mask 0.0 / normed_target_mean 0.4 / normed_target_std 0.3 / normed_target_min -0.1 / normed_target_max 1.6 / EMA_005 20.8 / EMA_095 201.9 / value_mean 96.3 / value_std 51.8 / value_min 13.0 / value_max 242.1 / target_mean 98.7 / target_std 55.8 / target_min 5.3 / target_max 316.2 / imag_reward_mean 0.8 / imag_reward_std 3.0 / imag_reward_min 0.0 / imag_reward_max 63.8 / imag_action_mean 10.9 / imag_action_std 4.3 / imag_action_min 0.0 / imag_action_max 17.0 / actor_entropy 0.5 / actor_loss 1.0 / actor_grad_norm 2.8 / value_loss 2.1 / value_grad_norm 1.2 / update_count 2185.0 / fps 12.7
add_video needs package moviepy
add_video needs package moviepy
[55540] 
Start evaluation.
[55540] eval_return 1830.0 / eval_length 1339.2 / eval_episodes 5.0
add_video needs package moviepy
Start training.
[55540] model_loss 21.5 / model_grad_norm 32.0 / image_loss 12.9 / reward_loss 0.1 / cont_loss 0.0 / kl_free 1.0 / dyn_scale 0.5 / rep_scale 0.1 / dyn_loss 14.2 / rep_loss 14.2 / kl 14.2 / prior_abs_ent 29.8 / post_abs_ent -26.8 / prior_obs_ent 20.2 / post_obs_ent 7.7 / boundary_ratio 0.0 / kl_mask 0.0 / normed_target_mean 0.4 / normed_target_std 0.3 / normed_target_min -0.1 / normed_target_max 1.7 / EMA_005 22.4 / EMA_095 200.2 / value_mean 96.1 / value_std 50.9 / value_min 14.4 / value_max 243.9 / target_mean 98.3 / target_std 54.5 / target_min 6.9 / target_max 322.0 / imag_reward_mean 0.8 / imag_reward_std 3.2 / imag_reward_min 0.0 / imag_reward_max 58.7 / imag_action_mean 10.8 / imag_action_std 4.3 / imag_action_min 0.0 / imag_action_max 17.0 / actor_entropy 0.5 / actor_loss 1.0 / actor_grad_norm 2.8 / value_loss 2.0 / value_grad_norm 1.2 / update_count 2341.0 / fps 12.7
add_video needs package moviepy
add_video needs package moviepy
[56164] 
Start evaluation.
[56164] eval_return 1972.0 / eval_length 1411.0 / eval_episodes 5.0
add_video needs package moviepy
Start training.
[56164] model_loss 21.5 / model_grad_norm 33.0 / image_loss 12.8 / reward_loss 0.1 / cont_loss 0.0 / kl_free 1.0 / dyn_scale 0.5 / rep_scale 0.1 / dyn_loss 14.2 / rep_loss 14.2 / kl 14.2 / prior_abs_ent 29.8 / post_abs_ent -26.9 / prior_obs_ent 20.0 / post_obs_ent 7.4 / boundary_ratio 0.0 / kl_mask 0.0 / normed_target_mean 0.5 / normed_target_std 0.3 / normed_target_min -0.1 / normed_target_max 1.7 / EMA_005 22.6 / EMA_095 201.1 / value_mean 100.7 / value_std 51.5 / value_min 13.8 / value_max 244.9 / target_mean 103.1 / target_std 55.0 / target_min 6.7 / target_max 317.2 / imag_reward_mean 0.8 / imag_reward_std 3.0 / imag_reward_min 0.0 / imag_reward_max 59.0 / imag_action_mean 10.8 / imag_action_std 4.2 / imag_action_min 0.0 / imag_action_max 17.0 / actor_entropy 0.5 / actor_loss 1.1 / actor_grad_norm 2.8 / value_loss 2.0 / value_grad_norm 1.2 / update_count 2497.0 / fps 12.7
add_video needs package moviepy
add_video needs package moviepy
[56788] 
Start evaluation.
[56788] eval_return 1976.0 / eval_length 1564.8 / eval_episodes 5.0
add_video needs package moviepy
Start training.
[56788] model_loss 21.7 / model_grad_norm 30.3 / image_loss 13.0 / reward_loss 0.1 / cont_loss 0.0 / kl_free 1.0 / dyn_scale 0.5 / rep_scale 0.1 / dyn_loss 14.5 / rep_loss 14.5 / kl 14.5 / prior_abs_ent 30.1 / post_abs_ent -26.9 / prior_obs_ent 20.3 / post_obs_ent 7.5 / boundary_ratio 0.0 / kl_mask 0.0 / normed_target_mean 0.4 / normed_target_std 0.3 / normed_target_min -0.1 / normed_target_max 1.6 / EMA_005 24.2 / EMA_095 203.7 / value_mean 100.6 / value_std 51.6 / value_min 14.9 / value_max 245.1 / target_mean 103.0 / target_std 55.2 / target_min 6.2 / target_max 319.0 / imag_reward_mean 0.8 / imag_reward_std 3.1 / imag_reward_min 0.0 / imag_reward_max 58.3 / imag_action_mean 10.6 / imag_action_std 4.2 / imag_action_min 0.0 / imag_action_max 17.0 / actor_entropy 0.5 / actor_loss 1.1 / actor_grad_norm 2.8 / value_loss 2.0 / value_grad_norm 1.2 / update_count 2653.0 / fps 12.2
add_video needs package moviepy
add_video needs package moviepy
[57412] 
Start evaluation.
[57412] eval_return 2202.0 / eval_length 1480.8 / eval_episodes 5.0
add_video needs package moviepy
Start training.
[57412] model_loss 21.5 / model_grad_norm 37.4 / image_loss 12.7 / reward_loss 0.1 / cont_loss 0.0 / kl_free 1.0 / dyn_scale 0.5 / rep_scale 0.1 / dyn_loss 14.5 / rep_loss 14.5 / kl 14.5 / prior_abs_ent 30.0 / post_abs_ent -26.9 / prior_obs_ent 20.3 / post_obs_ent 7.5 / boundary_ratio 0.0 / kl_mask 0.0 / normed_target_mean 0.4 / normed_target_std 0.3 / normed_target_min -0.1 / normed_target_max 1.6 / EMA_005 25.5 / EMA_095 206.2 / value_mean 100.9 / value_std 51.6 / value_min 14.9 / value_max 243.7 / target_mean 102.9 / target_std 55.0 / target_min 5.4 / target_max 310.0 / imag_reward_mean 0.7 / imag_reward_std 2.8 / imag_reward_min 0.0 / imag_reward_max 43.3 / imag_action_mean 10.2 / imag_action_std 4.2 / imag_action_min 0.0 / imag_action_max 17.0 / actor_entropy 0.5 / actor_loss 1.0 / actor_grad_norm 2.7 / value_loss 2.0 / value_grad_norm 1.3 / update_count 2809.0 / fps 12.4
add_video needs package moviepy
add_video needs package moviepy
[58036] 
Start evaluation.
[58036] eval_return 2170.0 / eval_length 1359.0 / eval_episodes 5.0
add_video needs package moviepy
Start training.
[58036] model_loss 21.3 / model_grad_norm 31.2 / image_loss 12.5 / reward_loss 0.1 / cont_loss 0.0 / kl_free 1.0 / dyn_scale 0.5 / rep_scale 0.1 / dyn_loss 14.5 / rep_loss 14.5 / kl 14.5 / prior_abs_ent 30.2 / post_abs_ent -26.9 / prior_obs_ent 20.0 / post_obs_ent 7.1 / boundary_ratio 0.0 / kl_mask 0.0 / normed_target_mean 0.4 / normed_target_std 0.3 / normed_target_min -0.1 / normed_target_max 1.6 / EMA_005 25.7 / EMA_095 207.7 / value_mean 104.4 / value_std 52.7 / value_min 16.0 / value_max 247.3 / target_mean 106.8 / target_std 56.5 / target_min 7.6 / target_max 325.5 / imag_reward_mean 0.8 / imag_reward_std 3.2 / imag_reward_min 0.0 / imag_reward_max 66.2 / imag_action_mean 10.2 / imag_action_std 4.2 / imag_action_min 0.0 / imag_action_max 17.0 / actor_entropy 0.5 / actor_loss 1.2 / actor_grad_norm 2.8 / value_loss 2.0 / value_grad_norm 1.2 / update_count 2965.0 / fps 12.7
add_video needs package moviepy
add_video needs package moviepy
[58244] dataset_size 14561.0 / train_return 2220.0 / train_length 1534.0 / train_episodes 10.0
[58660] 
Start evaluation.
[58660] eval_return 2144.0 / eval_length 1440.0 / eval_episodes 5.0
add_video needs package moviepy
Start training.
[58660] model_loss 22.0 / model_grad_norm 44.3 / image_loss 12.9 / reward_loss 0.1 / cont_loss 0.0 / kl_free 1.0 / dyn_scale 0.5 / rep_scale 0.1 / dyn_loss 15.1 / rep_loss 15.1 / kl 15.1 / prior_abs_ent 30.9 / post_abs_ent -27.0 / prior_obs_ent 21.3 / post_obs_ent 8.1 / boundary_ratio 0.0 / kl_mask 0.0 / normed_target_mean 0.4 / normed_target_std 0.3 / normed_target_min -0.1 / normed_target_max 1.6 / EMA_005 26.3 / EMA_095 208.2 / value_mean 102.3 / value_std 51.7 / value_min 15.7 / value_max 249.1 / target_mean 104.1 / target_std 55.0 / target_min 6.0 / target_max 315.8 / imag_reward_mean 0.7 / imag_reward_std 3.0 / imag_reward_min 0.0 / imag_reward_max 56.7 / imag_action_mean 10.3 / imag_action_std 4.1 / imag_action_min 0.0 / imag_action_max 17.0 / actor_entropy 0.6 / actor_loss 0.9 / actor_grad_norm 2.9 / value_loss 2.0 / value_grad_norm 1.4 / update_count 3121.0 / fps 12.4
add_video needs package moviepy
add_video needs package moviepy
[59284] 
Start evaluation.
[59284] eval_return 1980.0 / eval_length 1403.4 / eval_episodes 5.0
add_video needs package moviepy
Start training.
[59284] model_loss 21.0 / model_grad_norm 26.5 / image_loss 12.3 / reward_loss 0.1 / cont_loss 0.0 / kl_free 1.0 / dyn_scale 0.5 / rep_scale 0.1 / dyn_loss 14.3 / rep_loss 14.3 / kl 14.3 / prior_abs_ent 30.1 / post_abs_ent -27.1 / prior_obs_ent 19.7 / post_obs_ent 7.0 / boundary_ratio 0.0 / kl_mask 0.0 / normed_target_mean 0.4 / normed_target_std 0.3 / normed_target_min -0.1 / normed_target_max 1.6 / EMA_005 27.4 / EMA_095 208.5 / value_mean 103.2 / value_std 53.9 / value_min 16.9 / value_max 250.3 / target_mean 105.5 / target_std 57.5 / target_min 6.8 / target_max 317.5 / imag_reward_mean 0.8 / imag_reward_std 2.9 / imag_reward_min 0.0 / imag_reward_max 44.1 / imag_action_mean 10.2 / imag_action_std 4.1 / imag_action_min 0.0 / imag_action_max 17.0 / actor_entropy 0.6 / actor_loss 1.1 / actor_grad_norm 2.7 / value_loss 2.0 / value_grad_norm 1.2 / update_count 3277.0 / fps 12.6
add_video needs package moviepy
add_video needs package moviepy
[59908] 
Start evaluation.
[59908] eval_return 2242.0 / eval_length 1496.0 / eval_episodes 5.0
add_video needs package moviepy
Start training.
[59908] model_loss 20.6 / model_grad_norm 25.7 / image_loss 11.9 / reward_loss 0.1 / cont_loss 0.0 / kl_free 1.0 / dyn_scale 0.5 / rep_scale 0.1 / dyn_loss 14.3 / rep_loss 14.3 / kl 14.3 / prior_abs_ent 30.4 / post_abs_ent -26.8 / prior_obs_ent 19.3 / post_obs_ent 6.7 / boundary_ratio 0.0 / kl_mask 0.0 / normed_target_mean 0.4 / normed_target_std 0.3 / normed_target_min -0.1 / normed_target_max 1.6 / EMA_005 28.3 / EMA_095 215.8 / value_mean 106.5 / value_std 54.2 / value_min 17.0 / value_max 255.1 / target_mean 108.8 / target_std 57.9 / target_min 6.6 / target_max 323.9 / imag_reward_mean 0.7 / imag_reward_std 3.0 / imag_reward_min 0.0 / imag_reward_max 51.5 / imag_action_mean 10.2 / imag_action_std 4.0 / imag_action_min 0.0 / imag_action_max 17.0 / actor_entropy 0.6 / actor_loss 1.2 / actor_grad_norm 2.8 / value_loss 1.9 / value_grad_norm 1.2 / update_count 3433.0 / fps 12.4
add_video needs package moviepy
add_video needs package moviepy
[60532] 
Start evaluation.
[60532] eval_return 1816.0 / eval_length 1499.6 / eval_episodes 5.0
add_video needs package moviepy
Start training.
[60532] model_loss 21.1 / model_grad_norm 28.8 / image_loss 12.3 / reward_loss 0.1 / cont_loss 0.0 / kl_free 1.0 / dyn_scale 0.5 / rep_scale 0.1 / dyn_loss 14.5 / rep_loss 14.5 / kl 14.5 / prior_abs_ent 30.5 / post_abs_ent -26.8 / prior_obs_ent 20.0 / post_obs_ent 7.1 / boundary_ratio 0.0 / kl_mask 0.0 / normed_target_mean 0.4 / normed_target_std 0.3 / normed_target_min -0.1 / normed_target_max 1.6 / EMA_005 28.8 / EMA_095 218.3 / value_mean 108.8 / value_std 55.4 / value_min 17.5 / value_max 259.3 / target_mean 111.5 / target_std 59.0 / target_min 9.1 / target_max 328.8 / imag_reward_mean 0.8 / imag_reward_std 3.2 / imag_reward_min 0.0 / imag_reward_max 53.7 / imag_action_mean 10.1 / imag_action_std 3.9 / imag_action_min 0.0 / imag_action_max 17.0 / actor_entropy 0.6 / actor_loss 1.5 / actor_grad_norm 2.8 / value_loss 1.9 / value_grad_norm 1.3 / update_count 3589.0 / fps 12.2
add_video needs package moviepy
add_video needs package moviepy
[61156] 
Start evaluation.
[61156] eval_return 2188.0 / eval_length 1413.0 / eval_episodes 5.0
add_video needs package moviepy
Start training.
[61156] model_loss 21.1 / model_grad_norm 32.1 / image_loss 12.3 / reward_loss 0.1 / cont_loss 0.0 / kl_free 1.0 / dyn_scale 0.5 / rep_scale 0.1 / dyn_loss 14.5 / rep_loss 14.5 / kl 14.5 / prior_abs_ent 30.6 / post_abs_ent -26.9 / prior_obs_ent 19.9 / post_obs_ent 7.1 / boundary_ratio 0.0 / kl_mask 0.0 / normed_target_mean 0.4 / normed_target_std 0.3 / normed_target_min -0.1 / normed_target_max 1.6 / EMA_005 30.9 / EMA_095 221.9 / value_mean 110.5 / value_std 56.4 / value_min 17.8 / value_max 261.7 / target_mean 113.1 / target_std 60.0 / target_min 6.7 / target_max 332.1 / imag_reward_mean 0.8 / imag_reward_std 3.1 / imag_reward_min 0.0 / imag_reward_max 62.3 / imag_action_mean 9.9 / imag_action_std 3.7 / imag_action_min 0.0 / imag_action_max 17.0 / actor_entropy 0.6 / actor_loss 1.4 / actor_grad_norm 2.8 / value_loss 1.9 / value_grad_norm 1.3 / update_count 3745.0 / fps 12.6
add_video needs package moviepy
add_video needs package moviepy
[61780] 
Start evaluation.
[61780] eval_return 1160.0 / eval_length 1247.0 / eval_episodes 5.0
add_video needs package moviepy
Start training.
[61780] model_loss 21.2 / model_grad_norm 32.9 / image_loss 12.2 / reward_loss 0.1 / cont_loss 0.0 / kl_free 1.0 / dyn_scale 0.5 / rep_scale 0.1 / dyn_loss 14.8 / rep_loss 14.8 / kl 14.8 / prior_abs_ent 30.6 / post_abs_ent -26.7 / prior_obs_ent 20.4 / post_obs_ent 7.3 / boundary_ratio 0.0 / kl_mask 0.0 / normed_target_mean 0.4 / normed_target_std 0.3 / normed_target_min -0.1 / normed_target_max 1.6 / EMA_005 30.7 / EMA_095 227.4 / value_mean 114.3 / value_std 59.0 / value_min 17.8 / value_max 270.3 / target_mean 117.0 / target_std 62.6 / target_min 7.2 / target_max 343.6 / imag_reward_mean 0.8 / imag_reward_std 3.3 / imag_reward_min 0.0 / imag_reward_max 66.0 / imag_action_mean 9.9 / imag_action_std 3.6 / imag_action_min 0.0 / imag_action_max 17.0 / actor_entropy 0.6 / actor_loss 1.4 / actor_grad_norm 2.9 / value_loss 1.9 / value_grad_norm 1.2 / update_count 3901.0 / fps 13.1
add_video needs package moviepy
add_video needs package moviepy
[62404] 
Start evaluation.
[62404] eval_return 1590.0 / eval_length 1176.8 / eval_episodes 5.0
add_video needs package moviepy
Start training.
[62404] model_loss 21.1 / model_grad_norm 31.1 / image_loss 12.2 / reward_loss 0.1 / cont_loss 0.0 / kl_free 1.0 / dyn_scale 0.5 / rep_scale 0.1 / dyn_loss 14.7 / rep_loss 14.7 / kl 14.7 / prior_abs_ent 30.5 / post_abs_ent -26.7 / prior_obs_ent 20.8 / post_obs_ent 7.8 / boundary_ratio 0.0 / kl_mask 0.0 / normed_target_mean 0.4 / normed_target_std 0.3 / normed_target_min -0.1 / normed_target_max 1.5 / EMA_005 31.0 / EMA_095 229.6 / value_mean 115.2 / value_std 59.8 / value_min 17.2 / value_max 267.7 / target_mean 117.2 / target_std 62.8 / target_min 6.7 / target_max 333.7 / imag_reward_mean 0.7 / imag_reward_std 3.1 / imag_reward_min 0.0 / imag_reward_max 53.5 / imag_action_mean 10.0 / imag_action_std 3.6 / imag_action_min 0.0 / imag_action_max 17.0 / actor_entropy 0.6 / actor_loss 1.1 / actor_grad_norm 2.8 / value_loss 1.9 / value_grad_norm 1.2 / update_count 4057.0 / fps 13.3
add_video needs package moviepy
add_video needs package moviepy
[62656] dataset_size 15664.0 / train_return 1270.0 / train_length 1103.0 / train_episodes 11.0
[63028] 
Start evaluation.
[63028] eval_return 2168.0 / eval_length 1395.4 / eval_episodes 5.0
add_video needs package moviepy
Start training.
[63028] model_loss 21.0 / model_grad_norm 30.7 / image_loss 12.1 / reward_loss 0.1 / cont_loss 0.0 / kl_free 1.0 / dyn_scale 0.5 / rep_scale 0.1 / dyn_loss 14.8 / rep_loss 14.8 / kl 14.8 / prior_abs_ent 30.6 / post_abs_ent -26.7 / prior_obs_ent 20.2 / post_obs_ent 7.1 / boundary_ratio 0.0 / kl_mask 0.0 / normed_target_mean 0.4 / normed_target_std 0.3 / normed_target_min -0.1 / normed_target_max 1.5 / EMA_005 31.1 / EMA_095 229.0 / value_mean 116.5 / value_std 58.4 / value_min 17.1 / value_max 268.0 / target_mean 118.6 / target_std 61.3 / target_min 6.3 / target_max 326.5 / imag_reward_mean 0.7 / imag_reward_std 3.0 / imag_reward_min 0.0 / imag_reward_max 52.5 / imag_action_mean 9.8 / imag_action_std 3.5 / imag_action_min 0.0 / imag_action_max 17.0 / actor_entropy 0.6 / actor_loss 1.1 / actor_grad_norm 2.7 / value_loss 1.9 / value_grad_norm 1.3 / update_count 4213.0 / fps 12.7
add_video needs package moviepy
add_video needs package moviepy
[63652] 
Start evaluation.
[63652] eval_return 2230.0 / eval_length 1445.6 / eval_episodes 5.0
add_video needs package moviepy
Start training.
[63652] model_loss 20.7 / model_grad_norm 31.2 / image_loss 11.9 / reward_loss 0.1 / cont_loss 0.0 / kl_free 1.0 / dyn_scale 0.5 / rep_scale 0.1 / dyn_loss 14.6 / rep_loss 14.6 / kl 14.6 / prior_abs_ent 30.4 / post_abs_ent -26.9 / prior_obs_ent 20.0 / post_obs_ent 7.0 / boundary_ratio 0.0 / kl_mask 0.0 / normed_target_mean 0.5 / normed_target_std 0.3 / normed_target_min -0.1 / normed_target_max 1.5 / EMA_005 30.7 / EMA_095 229.2 / value_mean 118.1 / value_std 60.1 / value_min 17.8 / value_max 270.7 / target_mean 120.4 / target_std 63.5 / target_min 7.2 / target_max 332.6 / imag_reward_mean 0.8 / imag_reward_std 3.1 / imag_reward_min 0.0 / imag_reward_max 51.3 / imag_action_mean 10.0 / imag_action_std 3.6 / imag_action_min 0.0 / imag_action_max 17.0 / actor_entropy 0.6 / actor_loss 1.2 / actor_grad_norm 2.9 / value_loss 1.9 / value_grad_norm 1.3 / update_count 4369.0 / fps 12.6
add_video needs package moviepy
add_video needs package moviepy
[64276] 
Start evaluation.
[64276] eval_return 2194.0 / eval_length 1375.6 / eval_episodes 5.0
add_video needs package moviepy
Start training.
[64276] model_loss 21.0 / model_grad_norm 33.9 / image_loss 11.9 / reward_loss 0.1 / cont_loss 0.0 / kl_free 1.0 / dyn_scale 0.5 / rep_scale 0.1 / dyn_loss 14.9 / rep_loss 14.9 / kl 14.9 / prior_abs_ent 30.6 / post_abs_ent -26.9 / prior_obs_ent 20.8 / post_obs_ent 7.6 / boundary_ratio 0.0 / kl_mask 0.0 / normed_target_mean 0.5 / normed_target_std 0.3 / normed_target_min -0.1 / normed_target_max 1.5 / EMA_005 30.7 / EMA_095 228.4 / value_mean 118.6 / value_std 59.5 / value_min 17.8 / value_max 267.7 / target_mean 120.7 / target_std 62.4 / target_min 8.0 / target_max 322.5 / imag_reward_mean 0.7 / imag_reward_std 2.8 / imag_reward_min 0.0 / imag_reward_max 33.5 / imag_action_mean 10.1 / imag_action_std 3.8 / imag_action_min 0.0 / imag_action_max 17.0 / actor_entropy 0.6 / actor_loss 1.2 / actor_grad_norm 2.8 / value_loss 1.9 / value_grad_norm 1.3 / update_count 4525.0 / fps 12.7
add_video needs package moviepy
add_video needs package moviepy
[64900] 
Start evaluation.
[64900] eval_return 2450.0 / eval_length 1361.6 / eval_episodes 5.0
add_video needs package moviepy
Start training.
[64900] model_loss 20.7 / model_grad_norm 30.3 / image_loss 11.9 / reward_loss 0.1 / cont_loss 0.0 / kl_free 1.0 / dyn_scale 0.5 / rep_scale 0.1 / dyn_loss 14.7 / rep_loss 14.7 / kl 14.7 / prior_abs_ent 30.7 / post_abs_ent -26.7 / prior_obs_ent 20.4 / post_obs_ent 7.4 / boundary_ratio 0.0 / kl_mask 0.0 / normed_target_mean 0.5 / normed_target_std 0.3 / normed_target_min -0.1 / normed_target_max 1.6 / EMA_005 32.3 / EMA_095 232.0 / value_mean 120.6 / value_std 60.3 / value_min 16.6 / value_max 274.4 / target_mean 122.9 / target_std 63.6 / target_min 5.4 / target_max 343.3 / imag_reward_mean 0.8 / imag_reward_std 3.3 / imag_reward_min 0.0 / imag_reward_max 60.1 / imag_action_mean 10.1 / imag_action_std 3.8 / imag_action_min 0.0 / imag_action_max 17.0 / actor_entropy 0.6 / actor_loss 1.3 / actor_grad_norm 3.0 / value_loss 1.9 / value_grad_norm 1.3 / update_count 4681.0 / fps 12.7
add_video needs package moviepy
add_video needs package moviepy
[65524] 
Start evaluation.
[65524] eval_return 2830.0 / eval_length 1334.4 / eval_episodes 5.0
add_video needs package moviepy
Start training.
[65524] model_loss 20.7 / model_grad_norm 32.0 / image_loss 11.8 / reward_loss 0.1 / cont_loss 0.0 / kl_free 1.0 / dyn_scale 0.5 / rep_scale 0.1 / dyn_loss 14.8 / rep_loss 14.8 / kl 14.8 / prior_abs_ent 30.9 / post_abs_ent -26.8 / prior_obs_ent 21.1 / post_obs_ent 7.9 / boundary_ratio 0.0 / kl_mask 0.0 / normed_target_mean 0.5 / normed_target_std 0.3 / normed_target_min -0.1 / normed_target_max 1.5 / EMA_005 30.9 / EMA_095 234.2 / value_mean 122.4 / value_std 60.9 / value_min 17.2 / value_max 273.4 / target_mean 124.6 / target_std 63.9 / target_min 5.5 / target_max 334.1 / imag_reward_mean 0.8 / imag_reward_std 3.1 / imag_reward_min 0.0 / imag_reward_max 56.6 / imag_action_mean 9.7 / imag_action_std 3.7 / imag_action_min 0.0 / imag_action_max 17.0 / actor_entropy 0.6 / actor_loss 1.2 / actor_grad_norm 2.9 / value_loss 1.8 / value_grad_norm 1.2 / update_count 4837.0 / fps 12.7
add_video needs package moviepy
add_video needs package moviepy
[66148] 
Start evaluation.
[66148] eval_return 2528.0 / eval_length 1242.2 / eval_episodes 5.0
add_video needs package moviepy
Start training.
[66148] model_loss 20.8 / model_grad_norm 32.8 / image_loss 11.8 / reward_loss 0.1 / cont_loss 0.0 / kl_free 1.0 / dyn_scale 0.5 / rep_scale 0.1 / dyn_loss 14.9 / rep_loss 14.9 / kl 14.9 / prior_abs_ent 30.6 / post_abs_ent -26.9 / prior_obs_ent 20.9 / post_obs_ent 7.7 / boundary_ratio 0.0 / kl_mask 0.0 / normed_target_mean 0.5 / normed_target_std 0.3 / normed_target_min -0.1 / normed_target_max 1.5 / EMA_005 31.8 / EMA_095 236.0 / value_mean 126.4 / value_std 61.2 / value_min 16.8 / value_max 273.6 / target_mean 128.9 / target_std 64.3 / target_min 7.1 / target_max 335.7 / imag_reward_mean 0.8 / imag_reward_std 3.2 / imag_reward_min 0.0 / imag_reward_max 50.6 / imag_action_mean 9.5 / imag_action_std 3.7 / imag_action_min 0.0 / imag_action_max 17.0 / actor_entropy 0.6 / actor_loss 1.4 / actor_grad_norm 2.9 / value_loss 1.9 / value_grad_norm 1.3 / update_count 4993.0 / fps 13.1
add_video needs package moviepy
add_video needs package moviepy
[66772] 
Start evaluation.
[66772] eval_return 2178.0 / eval_length 1133.0 / eval_episodes 5.0
add_video needs package moviepy
Start training.
[66772] model_loss 20.9 / model_grad_norm 30.8 / image_loss 11.9 / reward_loss 0.1 / cont_loss 0.0 / kl_free 1.0 / dyn_scale 0.5 / rep_scale 0.1 / dyn_loss 14.9 / rep_loss 14.9 / kl 14.9 / prior_abs_ent 31.0 / post_abs_ent -26.7 / prior_obs_ent 21.2 / post_obs_ent 8.0 / boundary_ratio 0.0 / kl_mask 0.0 / normed_target_mean 0.5 / normed_target_std 0.3 / normed_target_min -0.1 / normed_target_max 1.5 / EMA_005 32.7 / EMA_095 237.2 / value_mean 127.4 / value_std 61.6 / value_min 16.3 / value_max 277.6 / target_mean 129.8 / target_std 64.7 / target_min 7.5 / target_max 339.6 / imag_reward_mean 0.8 / imag_reward_std 3.2 / imag_reward_min 0.0 / imag_reward_max 55.6 / imag_action_mean 9.2 / imag_action_std 3.7 / imag_action_min 0.0 / imag_action_max 17.0 / actor_entropy 0.6 / actor_loss 1.3 / actor_grad_norm 2.9 / value_loss 1.9 / value_grad_norm 1.3 / update_count 5149.0 / fps 13.3
add_video needs package moviepy
add_video needs package moviepy
[67060] dataset_size 16765.0 / train_return 1880.0 / train_length 1101.0 / train_episodes 12.0
[67396] 
Start evaluation.
[67396] eval_return 2810.0 / eval_length 1281.6 / eval_episodes 5.0
add_video needs package moviepy
Start training.
[67396] model_loss 20.9 / model_grad_norm 30.0 / image_loss 11.8 / reward_loss 0.1 / cont_loss 0.0 / kl_free 1.0 / dyn_scale 0.5 / rep_scale 0.1 / dyn_loss 15.0 / rep_loss 15.0 / kl 15.0 / prior_abs_ent 30.9 / post_abs_ent -26.8 / prior_obs_ent 21.4 / post_obs_ent 8.0 / boundary_ratio 0.0 / kl_mask 0.0 / normed_target_mean 0.5 / normed_target_std 0.3 / normed_target_min -0.1 / normed_target_max 1.5 / EMA_005 32.2 / EMA_095 241.3 / value_mean 129.5 / value_std 63.4 / value_min 15.4 / value_max 279.4 / target_mean 131.7 / target_std 66.3 / target_min 4.7 / target_max 347.5 / imag_reward_mean 0.8 / imag_reward_std 3.3 / imag_reward_min 0.0 / imag_reward_max 65.6 / imag_action_mean 9.2 / imag_action_std 3.7 / imag_action_min 0.0 / imag_action_max 17.0 / actor_entropy 0.6 / actor_loss 1.2 / actor_grad_norm 3.1 / value_loss 1.9 / value_grad_norm 1.3 / update_count 5305.0 / fps 12.8
add_video needs package moviepy
add_video needs package moviepy
[68020] 
Start evaluation.
[68020] eval_return 2696.0 / eval_length 1258.6 / eval_episodes 5.0
add_video needs package moviepy
Start training.
[68020] model_loss 20.8 / model_grad_norm 27.8 / image_loss 11.7 / reward_loss 0.1 / cont_loss 0.0 / kl_free 1.0 / dyn_scale 0.5 / rep_scale 0.1 / dyn_loss 14.9 / rep_loss 14.9 / kl 14.9 / prior_abs_ent 31.1 / post_abs_ent -26.8 / prior_obs_ent 21.0 / post_obs_ent 7.8 / boundary_ratio 0.0 / kl_mask 0.0 / normed_target_mean 0.5 / normed_target_std 0.3 / normed_target_min -0.1 / normed_target_max 1.5 / EMA_005 32.3 / EMA_095 241.2 / value_mean 129.7 / value_std 62.1 / value_min 15.9 / value_max 279.4 / target_mean 132.0 / target_std 65.1 / target_min 6.9 / target_max 343.1 / imag_reward_mean 0.8 / imag_reward_std 3.3 / imag_reward_min -0.0 / imag_reward_max 55.2 / imag_action_mean 9.3 / imag_action_std 3.7 / imag_action_min 0.0 / imag_action_max 17.0 / actor_entropy 0.6 / actor_loss 1.2 / actor_grad_norm 3.0 / value_loss 1.8 / value_grad_norm 1.3 / update_count 5461.0 / fps 12.9
add_video needs package moviepy
add_video needs package moviepy
[68644] 
Start evaluation.
[68644] eval_return 2850.0 / eval_length 1339.6 / eval_episodes 5.0
add_video needs package moviepy
Start training.
[68644] model_loss 20.6 / model_grad_norm 28.6 / image_loss 11.6 / reward_loss 0.1 / cont_loss 0.0 / kl_free 1.0 / dyn_scale 0.5 / rep_scale 0.1 / dyn_loss 14.9 / rep_loss 14.9 / kl 14.9 / prior_abs_ent 30.7 / post_abs_ent -26.6 / prior_obs_ent 21.6 / post_obs_ent 8.4 / boundary_ratio 0.0 / kl_mask 0.0 / normed_target_mean 0.5 / normed_target_std 0.3 / normed_target_min -0.1 / normed_target_max 1.5 / EMA_005 31.4 / EMA_095 243.6 / value_mean 132.3 / value_std 64.3 / value_min 14.6 / value_max 280.2 / target_mean 134.5 / target_std 67.1 / target_min 6.2 / target_max 350.8 / imag_reward_mean 0.8 / imag_reward_std 3.3 / imag_reward_min 0.0 / imag_reward_max 63.1 / imag_action_mean 9.4 / imag_action_std 3.7 / imag_action_min 0.0 / imag_action_max 17.0 / actor_entropy 0.6 / actor_loss 1.2 / actor_grad_norm 2.9 / value_loss 1.8 / value_grad_norm 1.3 / update_count 5617.0 / fps 12.7
add_video needs package moviepy
add_video needs package moviepy
[69268] 
Start evaluation.
[69268] eval_return 3354.0 / eval_length 1377.6 / eval_episodes 5.0
add_video needs package moviepy
Start training.
[69268] model_loss 20.5 / model_grad_norm 31.0 / image_loss 11.5 / reward_loss 0.1 / cont_loss 0.0 / kl_free 1.0 / dyn_scale 0.5 / rep_scale 0.1 / dyn_loss 14.9 / rep_loss 14.9 / kl 14.9 / prior_abs_ent 30.9 / post_abs_ent -26.6 / prior_obs_ent 21.5 / post_obs_ent 8.3 / boundary_ratio 0.0 / kl_mask 0.0 / normed_target_mean 0.5 / normed_target_std 0.3 / normed_target_min -0.1 / normed_target_max 1.5 / EMA_005 32.9 / EMA_095 248.0 / value_mean 136.5 / value_std 66.0 / value_min 14.3 / value_max 283.7 / target_mean 138.9 / target_std 69.0 / target_min 6.7 / target_max 350.0 / imag_reward_mean 0.8 / imag_reward_std 3.2 / imag_reward_min -0.0 / imag_reward_max 49.7 / imag_action_mean 9.4 / imag_action_std 3.7 / imag_action_min 0.0 / imag_action_max 17.0 / actor_entropy 0.6 / actor_loss 1.2 / actor_grad_norm 2.9 / value_loss 1.8 / value_grad_norm 1.4 / update_count 5773.0 / fps 12.6
add_video needs package moviepy
add_video needs package moviepy
[69892] 
Start evaluation.
[69892] eval_return 2686.0 / eval_length 1306.0 / eval_episodes 5.0
add_video needs package moviepy
Start training.
[69892] model_loss 21.0 / model_grad_norm 36.4 / image_loss 11.7 / reward_loss 0.1 / cont_loss 0.0 / kl_free 1.0 / dyn_scale 0.5 / rep_scale 0.1 / dyn_loss 15.4 / rep_loss 15.4 / kl 15.4 / prior_abs_ent 30.9 / post_abs_ent -26.8 / prior_obs_ent 22.4 / post_obs_ent 8.7 / boundary_ratio 0.0 / kl_mask 0.0 / normed_target_mean 0.5 / normed_target_std 0.3 / normed_target_min -0.1 / normed_target_max 1.5 / EMA_005 31.4 / EMA_095 251.3 / value_mean 139.0 / value_std 67.4 / value_min 13.1 / value_max 286.0 / target_mean 141.9 / target_std 70.9 / target_min 5.7 / target_max 359.1 / imag_reward_mean 0.9 / imag_reward_std 3.5 / imag_reward_min -0.0 / imag_reward_max 59.5 / imag_action_mean 9.3 / imag_action_std 3.7 / imag_action_min 0.0 / imag_action_max 17.0 / actor_entropy 0.6 / actor_loss 1.5 / actor_grad_norm 3.1 / value_loss 1.9 / value_grad_norm 1.4 / update_count 5929.0 / fps 12.8
add_video needs package moviepy
add_video needs package moviepy
[70516] 
Start evaluation.
[70516] eval_return 2564.0 / eval_length 1307.0 / eval_episodes 5.0
add_video needs package moviepy
Start training.
[70516] model_loss 20.7 / model_grad_norm 29.4 / image_loss 11.6 / reward_loss 0.1 / cont_loss 0.0 / kl_free 1.0 / dyn_scale 0.5 / rep_scale 0.1 / dyn_loss 14.9 / rep_loss 14.9 / kl 14.9 / prior_abs_ent 31.1 / post_abs_ent -26.7 / prior_obs_ent 21.1 / post_obs_ent 7.8 / boundary_ratio 0.0 / kl_mask 0.0 / normed_target_mean 0.5 / normed_target_std 0.3 / normed_target_min -0.1 / normed_target_max 1.4 / EMA_005 31.5 / EMA_095 253.7 / value_mean 139.6 / value_std 66.6 / value_min 12.8 / value_max 287.3 / target_mean 142.1 / target_std 69.6 / target_min 7.2 / target_max 351.8 / imag_reward_mean 0.8 / imag_reward_std 3.2 / imag_reward_min -0.0 / imag_reward_max 52.7 / imag_action_mean 9.3 / imag_action_std 3.7 / imag_action_min 0.0 / imag_action_max 17.0 / actor_entropy 0.6 / actor_loss 1.3 / actor_grad_norm 3.0 / value_loss 1.8 / value_grad_norm 1.4 / update_count 6085.0 / fps 12.8
add_video needs package moviepy
add_video needs package moviepy
[71140] 
Start evaluation.
[71140] eval_return 2394.0 / eval_length 1239.4 / eval_episodes 5.0
add_video needs package moviepy
Start training.
[71140] model_loss 20.5 / model_grad_norm 29.2 / image_loss 11.4 / reward_loss 0.1 / cont_loss 0.0 / kl_free 1.0 / dyn_scale 0.5 / rep_scale 0.1 / dyn_loss 15.1 / rep_loss 15.1 / kl 15.1 / prior_abs_ent 31.2 / post_abs_ent -26.8 / prior_obs_ent 21.3 / post_obs_ent 8.0 / boundary_ratio 0.0 / kl_mask 0.0 / normed_target_mean 0.5 / normed_target_std 0.3 / normed_target_min -0.1 / normed_target_max 1.4 / EMA_005 30.7 / EMA_095 257.5 / value_mean 142.6 / value_std 70.3 / value_min 9.8 / value_max 290.0 / target_mean 145.3 / target_std 73.5 / target_min 4.9 / target_max 359.2 / imag_reward_mean 0.9 / imag_reward_std 3.4 / imag_reward_min -0.0 / imag_reward_max 57.0 / imag_action_mean 9.5 / imag_action_std 3.7 / imag_action_min 0.0 / imag_action_max 17.0 / actor_entropy 0.6 / actor_loss 1.4 / actor_grad_norm 3.1 / value_loss 1.8 / value_grad_norm 1.3 / update_count 6241.0 / fps 13.1
add_video needs package moviepy
add_video needs package moviepy
[71764] 
Start evaluation.
[71764] eval_return 2420.0 / eval_length 1255.6 / eval_episodes 5.0
add_video needs package moviepy
Start training.
[71764] model_loss 20.7 / model_grad_norm 30.1 / image_loss 11.5 / reward_loss 0.1 / cont_loss 0.0 / kl_free 1.0 / dyn_scale 0.5 / rep_scale 0.1 / dyn_loss 15.1 / rep_loss 15.1 / kl 15.1 / prior_abs_ent 31.1 / post_abs_ent -26.8 / prior_obs_ent 21.4 / post_obs_ent 8.0 / boundary_ratio 0.0 / kl_mask 0.0 / normed_target_mean 0.5 / normed_target_std 0.3 / normed_target_min -0.1 / normed_target_max 1.4 / EMA_005 30.8 / EMA_095 262.8 / value_mean 147.7 / value_std 71.4 / value_min 10.3 / value_max 294.3 / target_mean 150.7 / target_std 74.7 / target_min 6.3 / target_max 360.8 / imag_reward_mean 0.9 / imag_reward_std 3.3 / imag_reward_min -0.0 / imag_reward_max 46.6 / imag_action_mean 9.5 / imag_action_std 3.7 / imag_action_min 0.0 / imag_action_max 17.0 / actor_entropy 0.6 / actor_loss 1.5 / actor_grad_norm 3.2 / value_loss 1.9 / value_grad_norm 1.5 / update_count 6397.0 / fps 13.1
add_video needs package moviepy
add_video needs package moviepy
[72388] 
Start evaluation.
[72388] eval_return 2680.0 / eval_length 1353.4 / eval_episodes 5.0
add_video needs package moviepy
Start training.
[72388] model_loss 20.8 / model_grad_norm 31.8 / image_loss 11.6 / reward_loss 0.1 / cont_loss 0.0 / kl_free 1.0 / dyn_scale 0.5 / rep_scale 0.1 / dyn_loss 15.3 / rep_loss 15.3 / kl 15.3 / prior_abs_ent 30.9 / post_abs_ent -26.9 / prior_obs_ent 21.5 / post_obs_ent 7.9 / boundary_ratio 0.0 / kl_mask 0.0 / normed_target_mean 0.5 / normed_target_std 0.3 / normed_target_min -0.1 / normed_target_max 1.4 / EMA_005 31.3 / EMA_095 267.3 / value_mean 149.7 / value_std 72.4 / value_min 9.7 / value_max 296.9 / target_mean 152.2 / target_std 75.4 / target_min 6.4 / target_max 361.3 / imag_reward_mean 0.9 / imag_reward_std 3.3 / imag_reward_min -0.0 / imag_reward_max 45.3 / imag_action_mean 9.5 / imag_action_std 3.8 / imag_action_min 0.0 / imag_action_max 17.0 / actor_entropy 0.6 / actor_loss 1.3 / actor_grad_norm 3.1 / value_loss 1.8 / value_grad_norm 1.4 / update_count 6553.0 / fps 12.7
add_video needs package moviepy
add_video needs package moviepy
[72972] dataset_size 18243.0 / train_return 3260.0 / train_length 1478.0 / train_episodes 13.0
[73012] 
Start evaluation.
[73012] eval_return 2720.0 / eval_length 1304.0 / eval_episodes 5.0
add_video needs package moviepy
Start training.
[73012] model_loss 20.7 / model_grad_norm 30.0 / image_loss 11.5 / reward_loss 0.1 / cont_loss 0.0 / kl_free 1.0 / dyn_scale 0.5 / rep_scale 0.1 / dyn_loss 15.1 / rep_loss 15.1 / kl 15.1 / prior_abs_ent 30.6 / post_abs_ent -27.1 / prior_obs_ent 21.5 / post_obs_ent 8.0 / boundary_ratio 0.0 / kl_mask 0.0 / normed_target_mean 0.5 / normed_target_std 0.3 / normed_target_min -0.1 / normed_target_max 1.4 / EMA_005 31.1 / EMA_095 270.6 / value_mean 151.1 / value_std 74.8 / value_min 10.1 / value_max 299.1 / target_mean 153.8 / target_std 77.6 / target_min 5.6 / target_max 362.0 / imag_reward_mean 0.8 / imag_reward_std 3.2 / imag_reward_min -0.0 / imag_reward_max 38.9 / imag_action_mean 9.4 / imag_action_std 3.8 / imag_action_min 0.0 / imag_action_max 17.0 / actor_entropy 0.5 / actor_loss 1.3 / actor_grad_norm 3.1 / value_loss 1.8 / value_grad_norm 1.4 / update_count 6709.0 / fps 12.7
add_video needs package moviepy
add_video needs package moviepy
[73636] 
Start evaluation.
[73636] eval_return 2676.0 / eval_length 1378.4 / eval_episodes 5.0
add_video needs package moviepy
Start training.
[73636] model_loss 20.4 / model_grad_norm 27.9 / image_loss 11.2 / reward_loss 0.1 / cont_loss 0.0 / kl_free 1.0 / dyn_scale 0.5 / rep_scale 0.1 / dyn_loss 15.3 / rep_loss 15.3 / kl 15.3 / prior_abs_ent 30.9 / post_abs_ent -26.8 / prior_obs_ent 21.3 / post_obs_ent 7.7 / boundary_ratio 0.0 / kl_mask 0.0 / normed_target_mean 0.5 / normed_target_std 0.3 / normed_target_min -0.1 / normed_target_max 1.4 / EMA_005 28.8 / EMA_095 273.5 / value_mean 151.6 / value_std 77.9 / value_min 8.7 / value_max 299.7 / target_mean 154.5 / target_std 80.9 / target_min 5.1 / target_max 365.6 / imag_reward_mean 0.9 / imag_reward_std 3.3 / imag_reward_min -0.0 / imag_reward_max 45.3 / imag_action_mean 9.6 / imag_action_std 3.8 / imag_action_min 0.0 / imag_action_max 17.0 / actor_entropy 0.5 / actor_loss 1.4 / actor_grad_norm 3.1 / value_loss 1.8 / value_grad_norm 1.4 / update_count 6865.0 / fps 12.6
add_video needs package moviepy
add_video needs package moviepy
[74260] 
Start evaluation.
[74260] eval_return 2828.0 / eval_length 1440.2 / eval_episodes 5.0
add_video needs package moviepy
Start training.
[74260] model_loss 20.3 / model_grad_norm 30.1 / image_loss 11.1 / reward_loss 0.1 / cont_loss 0.0 / kl_free 1.0 / dyn_scale 0.5 / rep_scale 0.1 / dyn_loss 15.1 / rep_loss 15.1 / kl 15.1 / prior_abs_ent 30.9 / post_abs_ent -26.6 / prior_obs_ent 21.3 / post_obs_ent 7.9 / boundary_ratio 0.0 / kl_mask 0.0 / normed_target_mean 0.5 / normed_target_std 0.3 / normed_target_min -0.1 / normed_target_max 1.4 / EMA_005 27.7 / EMA_095 278.0 / value_mean 153.5 / value_std 78.3 / value_min 8.8 / value_max 305.9 / target_mean 156.5 / target_std 81.4 / target_min 4.9 / target_max 376.6 / imag_reward_mean 0.9 / imag_reward_std 3.5 / imag_reward_min -0.0 / imag_reward_max 56.6 / imag_action_mean 9.5 / imag_action_std 3.7 / imag_action_min 0.0 / imag_action_max 17.0 / actor_entropy 0.5 / actor_loss 1.4 / actor_grad_norm 3.1 / value_loss 1.8 / value_grad_norm 1.4 / update_count 7021.0 / fps 12.5
add_video needs package moviepy
add_video needs package moviepy
[74884] 
Start evaluation.
[74884] eval_return 2654.0 / eval_length 1329.2 / eval_episodes 5.0
add_video needs package moviepy
Start training.
[74884] model_loss 20.5 / model_grad_norm 32.2 / image_loss 11.2 / reward_loss 0.1 / cont_loss 0.0 / kl_free 1.0 / dyn_scale 0.5 / rep_scale 0.1 / dyn_loss 15.4 / rep_loss 15.4 / kl 15.4 / prior_abs_ent 31.3 / post_abs_ent -26.7 / prior_obs_ent 22.0 / post_obs_ent 8.3 / boundary_ratio 0.0 / kl_mask 0.0 / normed_target_mean 0.5 / normed_target_std 0.3 / normed_target_min -0.1 / normed_target_max 1.4 / EMA_005 27.6 / EMA_095 280.8 / value_mean 157.8 / value_std 80.7 / value_min 8.4 / value_max 305.9 / target_mean 160.4 / target_std 83.4 / target_min 4.9 / target_max 377.1 / imag_reward_mean 0.9 / imag_reward_std 3.6 / imag_reward_min -0.0 / imag_reward_max 62.9 / imag_action_mean 9.5 / imag_action_std 3.7 / imag_action_min 0.0 / imag_action_max 17.0 / actor_entropy 0.5 / actor_loss 1.2 / actor_grad_norm 3.3 / value_loss 1.8 / value_grad_norm 1.5 / update_count 7177.0 / fps 12.9
add_video needs package moviepy
add_video needs package moviepy
[75508] 
Start evaluation.
[75508] eval_return 2400.0 / eval_length 1345.6 / eval_episodes 5.0
add_video needs package moviepy
Start training.
[75508] model_loss 20.2 / model_grad_norm 33.3 / image_loss 11.1 / reward_loss 0.1 / cont_loss 0.0 / kl_free 1.0 / dyn_scale 0.5 / rep_scale 0.1 / dyn_loss 15.1 / rep_loss 15.1 / kl 15.1 / prior_abs_ent 31.2 / post_abs_ent -26.7 / prior_obs_ent 21.3 / post_obs_ent 7.8 / boundary_ratio 0.0 / kl_mask 0.0 / normed_target_mean 0.5 / normed_target_std 0.3 / normed_target_min -0.1 / normed_target_max 1.4 / EMA_005 28.0 / EMA_095 284.8 / value_mean 159.4 / value_std 80.5 / value_min 8.6 / value_max 308.2 / target_mean 162.1 / target_std 83.3 / target_min 5.2 / target_max 380.7 / imag_reward_mean 0.9 / imag_reward_std 3.7 / imag_reward_min -0.0 / imag_reward_max 70.3 / imag_action_mean 9.3 / imag_action_std 3.7 / imag_action_min 0.0 / imag_action_max 17.0 / actor_entropy 0.5 / actor_loss 1.3 / actor_grad_norm 3.2 / value_loss 1.8 / value_grad_norm 1.4 / update_count 7333.0 / fps 12.7
add_video needs package moviepy
add_video needs package moviepy
[76132] 
Start evaluation.
[76132] eval_return 3024.0 / eval_length 1385.6 / eval_episodes 5.0
add_video needs package moviepy
Start training.
[76132] model_loss 20.4 / model_grad_norm 31.2 / image_loss 11.1 / reward_loss 0.1 / cont_loss 0.0 / kl_free 1.0 / dyn_scale 0.5 / rep_scale 0.1 / dyn_loss 15.4 / rep_loss 15.4 / kl 15.4 / prior_abs_ent 30.9 / post_abs_ent -26.7 / prior_obs_ent 21.6 / post_obs_ent 7.9 / boundary_ratio 0.0 / kl_mask 0.0 / normed_target_mean 0.5 / normed_target_std 0.3 / normed_target_min -0.1 / normed_target_max 1.4 / EMA_005 28.0 / EMA_095 286.2 / value_mean 162.9 / value_std 81.6 / value_min 9.3 / value_max 309.0 / target_mean 165.6 / target_std 84.2 / target_min 6.1 / target_max 379.6 / imag_reward_mean 0.9 / imag_reward_std 3.5 / imag_reward_min -0.0 / imag_reward_max 52.4 / imag_action_mean 9.3 / imag_action_std 3.8 / imag_action_min 0.0 / imag_action_max 17.0 / actor_entropy 0.5 / actor_loss 1.2 / actor_grad_norm 3.2 / value_loss 1.8 / value_grad_norm 1.5 / update_count 7489.0 / fps 12.5
add_video needs package moviepy
add_video needs package moviepy
[76756] 
Start evaluation.
[76756] eval_return 2770.0 / eval_length 1302.4 / eval_episodes 5.0
add_video needs package moviepy
Start training.
[76756] model_loss 20.2 / model_grad_norm 26.5 / image_loss 11.0 / reward_loss 0.1 / cont_loss 0.0 / kl_free 1.0 / dyn_scale 0.5 / rep_scale 0.1 / dyn_loss 15.2 / rep_loss 15.2 / kl 15.2 / prior_abs_ent 31.0 / post_abs_ent -26.7 / prior_obs_ent 21.4 / post_obs_ent 7.8 / boundary_ratio 0.0 / kl_mask 0.0 / normed_target_mean 0.5 / normed_target_std 0.3 / normed_target_min -0.1 / normed_target_max 1.4 / EMA_005 29.5 / EMA_095 291.2 / value_mean 168.4 / value_std 82.1 / value_min 8.8 / value_max 316.7 / target_mean 171.2 / target_std 84.9 / target_min 6.0 / target_max 385.2 / imag_reward_mean 0.9 / imag_reward_std 3.4 / imag_reward_min -0.0 / imag_reward_max 48.1 / imag_action_mean 9.2 / imag_action_std 3.8 / imag_action_min 0.0 / imag_action_max 17.0 / actor_entropy 0.5 / actor_loss 1.3 / actor_grad_norm 3.2 / value_loss 1.7 / value_grad_norm 1.4 / update_count 7645.0 / fps 12.8
add_video needs package moviepy
add_video needs package moviepy
[77380] 
Start evaluation.
[77380] eval_return 3134.0 / eval_length 1352.4 / eval_episodes 5.0
add_video needs package moviepy
Start training.
[77380] model_loss 20.4 / model_grad_norm 35.0 / image_loss 11.1 / reward_loss 0.1 / cont_loss 0.0 / kl_free 1.0 / dyn_scale 0.5 / rep_scale 0.1 / dyn_loss 15.3 / rep_loss 15.3 / kl 15.3 / prior_abs_ent 31.1 / post_abs_ent -26.9 / prior_obs_ent 21.2 / post_obs_ent 7.6 / boundary_ratio 0.0 / kl_mask 0.0 / normed_target_mean 0.5 / normed_target_std 0.3 / normed_target_min -0.1 / normed_target_max 1.3 / EMA_005 28.7 / EMA_095 293.1 / value_mean 167.2 / value_std 83.4 / value_min 7.8 / value_max 317.2 / target_mean 169.4 / target_std 86.0 / target_min 5.6 / target_max 383.9 / imag_reward_mean 0.9 / imag_reward_std 3.4 / imag_reward_min -0.0 / imag_reward_max 54.0 / imag_action_mean 9.1 / imag_action_std 3.8 / imag_action_min 0.0 / imag_action_max 17.0 / actor_entropy 0.5 / actor_loss 1.0 / actor_grad_norm 3.2 / value_loss 1.8 / value_grad_norm 1.5 / update_count 7801.0 / fps 12.8
add_video needs package moviepy
add_video needs package moviepy
[78004] 
Start evaluation.
[78004] eval_return 2590.0 / eval_length 1257.4 / eval_episodes 5.0
add_video needs package moviepy
Start training.
[78004] model_loss 20.2 / model_grad_norm 30.8 / image_loss 10.9 / reward_loss 0.1 / cont_loss 0.0 / kl_free 1.0 / dyn_scale 0.5 / rep_scale 0.1 / dyn_loss 15.3 / rep_loss 15.3 / kl 15.3 / prior_abs_ent 31.0 / post_abs_ent -26.7 / prior_obs_ent 21.7 / post_obs_ent 8.0 / boundary_ratio 0.0 / kl_mask 0.0 / normed_target_mean 0.5 / normed_target_std 0.3 / normed_target_min -0.1 / normed_target_max 1.4 / EMA_005 29.4 / EMA_095 296.4 / value_mean 173.1 / value_std 83.3 / value_min 7.7 / value_max 321.0 / target_mean 175.6 / target_std 85.7 / target_min 5.8 / target_max 391.3 / imag_reward_mean 0.9 / imag_reward_std 3.5 / imag_reward_min -0.0 / imag_reward_max 59.6 / imag_action_mean 9.0 / imag_action_std 3.9 / imag_action_min 0.0 / imag_action_max 17.0 / actor_entropy 0.5 / actor_loss 1.2 / actor_grad_norm 3.2 / value_loss 1.8 / value_grad_norm 1.5 / update_count 7957.0 / fps 13.0
add_video needs package moviepy
add_video needs package moviepy
[78560] dataset_size 19640.0 / train_return 2870.0 / train_length 1397.0 / train_episodes 14.0
[78628] 
Start evaluation.
[78628] eval_return 1972.0 / eval_length 1131.0 / eval_episodes 5.0
add_video needs package moviepy
Start training.
[78628] model_loss 20.3 / model_grad_norm 33.1 / image_loss 11.0 / reward_loss 0.1 / cont_loss 0.0 / kl_free 1.0 / dyn_scale 0.5 / rep_scale 0.1 / dyn_loss 15.4 / rep_loss 15.4 / kl 15.4 / prior_abs_ent 31.1 / post_abs_ent -27.0 / prior_obs_ent 21.3 / post_obs_ent 7.6 / boundary_ratio 0.0 / kl_mask 0.0 / normed_target_mean 0.5 / normed_target_std 0.3 / normed_target_min -0.1 / normed_target_max 1.3 / EMA_005 30.9 / EMA_095 299.2 / value_mean 171.5 / value_std 87.2 / value_min 7.4 / value_max 326.2 / target_mean 173.6 / target_std 89.5 / target_min 4.6 / target_max 386.2 / imag_reward_mean 0.9 / imag_reward_std 3.3 / imag_reward_min -0.0 / imag_reward_max 45.3 / imag_action_mean 9.1 / imag_action_std 3.8 / imag_action_min 0.0 / imag_action_max 17.0 / actor_entropy 0.5 / actor_loss 0.9 / actor_grad_norm 3.3 / value_loss 1.8 / value_grad_norm 1.6 / update_count 8113.0 / fps 13.4
add_video needs package moviepy
add_video needs package moviepy
[79252] 
Start evaluation.
[79252] eval_return 2534.0 / eval_length 1192.2 / eval_episodes 5.0
add_video needs package moviepy
Start training.
[79252] model_loss 20.2 / model_grad_norm 30.3 / image_loss 10.9 / reward_loss 0.1 / cont_loss 0.0 / kl_free 1.0 / dyn_scale 0.5 / rep_scale 0.1 / dyn_loss 15.3 / rep_loss 15.3 / kl 15.3 / prior_abs_ent 31.1 / post_abs_ent -26.7 / prior_obs_ent 21.3 / post_obs_ent 7.6 / boundary_ratio 0.0 / kl_mask 0.0 / normed_target_mean 0.5 / normed_target_std 0.3 / normed_target_min -0.1 / normed_target_max 1.3 / EMA_005 28.6 / EMA_095 302.8 / value_mean 171.1 / value_std 87.8 / value_min 7.1 / value_max 327.8 / target_mean 173.8 / target_std 90.5 / target_min 4.5 / target_max 394.6 / imag_reward_mean 0.9 / imag_reward_std 3.5 / imag_reward_min -0.0 / imag_reward_max 50.3 / imag_action_mean 9.2 / imag_action_std 3.8 / imag_action_min 0.0 / imag_action_max 17.0 / actor_entropy 0.5 / actor_loss 1.2 / actor_grad_norm 3.2 / value_loss 1.8 / value_grad_norm 1.5 / update_count 8269.0 / fps 13.2
add_video needs package moviepy
add_video needs package moviepy
[79876] 
Start evaluation.
[79876] eval_return 2586.0 / eval_length 1404.6 / eval_episodes 5.0
add_video needs package moviepy
Start training.
[79876] model_loss 20.0 / model_grad_norm 29.5 / image_loss 10.8 / reward_loss 0.1 / cont_loss 0.0 / kl_free 1.0 / dyn_scale 0.5 / rep_scale 0.1 / dyn_loss 15.3 / rep_loss 15.3 / kl 15.3 / prior_abs_ent 31.0 / post_abs_ent -26.8 / prior_obs_ent 21.2 / post_obs_ent 7.6 / boundary_ratio 0.0 / kl_mask 0.0 / normed_target_mean 0.5 / normed_target_std 0.3 / normed_target_min -0.1 / normed_target_max 1.3 / EMA_005 29.5 / EMA_095 308.2 / value_mean 177.7 / value_std 89.0 / value_min 7.5 / value_max 335.1 / target_mean 180.2 / target_std 91.6 / target_min 4.5 / target_max 404.4 / imag_reward_mean 0.9 / imag_reward_std 3.7 / imag_reward_min -0.0 / imag_reward_max 64.2 / imag_action_mean 9.4 / imag_action_std 3.8 / imag_action_min 0.0 / imag_action_max 17.0 / actor_entropy 0.5 / actor_loss 1.1 / actor_grad_norm 3.3 / value_loss 1.8 / value_grad_norm 1.5 / update_count 8425.0 / fps 12.5
add_video needs package moviepy
add_video needs package moviepy
[80500] 
Start evaluation.
[80500] eval_return 2896.0 / eval_length 1423.0 / eval_episodes 5.0
add_video needs package moviepy
Start training.
[80500] model_loss 20.2 / model_grad_norm 29.5 / image_loss 10.9 / reward_loss 0.1 / cont_loss 0.0 / kl_free 1.0 / dyn_scale 0.5 / rep_scale 0.1 / dyn_loss 15.5 / rep_loss 15.5 / kl 15.5 / prior_abs_ent 31.0 / post_abs_ent -26.8 / prior_obs_ent 21.7 / post_obs_ent 7.9 / boundary_ratio 0.0 / kl_mask 0.0 / normed_target_mean 0.5 / normed_target_std 0.3 / normed_target_min -0.1 / normed_target_max 1.3 / EMA_005 29.6 / EMA_095 310.6 / value_mean 177.1 / value_std 88.6 / value_min 7.6 / value_max 337.7 / target_mean 179.4 / target_std 91.1 / target_min 4.3 / target_max 398.3 / imag_reward_mean 0.9 / imag_reward_std 3.3 / imag_reward_min -0.0 / imag_reward_max 41.7 / imag_action_mean 9.5 / imag_action_std 3.7 / imag_action_min 0.0 / imag_action_max 17.0 / actor_entropy 0.5 / actor_loss 0.9 / actor_grad_norm 3.3 / value_loss 1.8 / value_grad_norm 1.6 / update_count 8581.0 / fps 12.5
add_video needs package moviepy
add_video needs package moviepy
[81124] 
Start evaluation.
[81124] eval_return 2602.0 / eval_length 1360.2 / eval_episodes 5.0
add_video needs package moviepy
Start training.
[81124] model_loss 20.0 / model_grad_norm 26.6 / image_loss 10.7 / reward_loss 0.1 / cont_loss 0.0 / kl_free 1.0 / dyn_scale 0.5 / rep_scale 0.1 / dyn_loss 15.3 / rep_loss 15.3 / kl 15.3 / prior_abs_ent 31.0 / post_abs_ent -26.8 / prior_obs_ent 21.1 / post_obs_ent 7.4 / boundary_ratio 0.0 / kl_mask 0.0 / normed_target_mean 0.5 / normed_target_std 0.3 / normed_target_min -0.1 / normed_target_max 1.3 / EMA_005 29.4 / EMA_095 312.8 / value_mean 179.2 / value_std 91.3 / value_min 7.7 / value_max 340.3 / target_mean 181.7 / target_std 93.6 / target_min 5.3 / target_max 403.8 / imag_reward_mean 0.9 / imag_reward_std 3.4 / imag_reward_min -0.0 / imag_reward_max 43.3 / imag_action_mean 9.3 / imag_action_std 3.7 / imag_action_min 0.0 / imag_action_max 17.0 / actor_entropy 0.5 / actor_loss 1.0 / actor_grad_norm 3.2 / value_loss 1.8 / value_grad_norm 1.5 / update_count 8737.0 / fps 12.6
add_video needs package moviepy
add_video needs package moviepy
[81748] 
Start evaluation.
[81748] eval_return 2908.0 / eval_length 1353.0 / eval_episodes 5.0
add_video needs package moviepy
Start training.
[81748] model_loss 20.1 / model_grad_norm 31.3 / image_loss 10.7 / reward_loss 0.1 / cont_loss 0.0 / kl_free 1.0 / dyn_scale 0.5 / rep_scale 0.1 / dyn_loss 15.5 / rep_loss 15.5 / kl 15.5 / prior_abs_ent 31.3 / post_abs_ent -26.8 / prior_obs_ent 20.9 / post_obs_ent 7.1 / boundary_ratio 0.0 / kl_mask 0.0 / normed_target_mean 0.5 / normed_target_std 0.3 / normed_target_min -0.1 / normed_target_max 1.3 / EMA_005 29.0 / EMA_095 315.8 / value_mean 179.9 / value_std 91.8 / value_min 6.5 / value_max 344.4 / target_mean 182.5 / target_std 94.4 / target_min 4.1 / target_max 406.0 / imag_reward_mean 0.9 / imag_reward_std 3.3 / imag_reward_min -0.0 / imag_reward_max 32.9 / imag_action_mean 9.3 / imag_action_std 3.7 / imag_action_min 0.0 / imag_action_max 17.0 / actor_entropy 0.5 / actor_loss 1.1 / actor_grad_norm 3.2 / value_loss 1.8 / value_grad_norm 1.5 / update_count 8893.0 / fps 12.7
add_video needs package moviepy
add_video needs package moviepy
[82372] 
Start evaluation.
[82372] eval_return 2388.0 / eval_length 1314.0 / eval_episodes 5.0
add_video needs package moviepy
Start training.
[82372] model_loss 19.9 / model_grad_norm 28.7 / image_loss 10.6 / reward_loss 0.1 / cont_loss 0.0 / kl_free 1.0 / dyn_scale 0.5 / rep_scale 0.1 / dyn_loss 15.4 / rep_loss 15.4 / kl 15.4 / prior_abs_ent 31.2 / post_abs_ent -26.8 / prior_obs_ent 21.1 / post_obs_ent 7.3 / boundary_ratio 0.0 / kl_mask 0.0 / normed_target_mean 0.5 / normed_target_std 0.3 / normed_target_min -0.1 / normed_target_max 1.3 / EMA_005 27.9 / EMA_095 322.3 / value_mean 183.1 / value_std 95.5 / value_min 7.8 / value_max 349.3 / target_mean 186.1 / target_std 98.2 / target_min 5.8 / target_max 414.3 / imag_reward_mean 1.0 / imag_reward_std 3.7 / imag_reward_min -0.0 / imag_reward_max 54.4 / imag_action_mean 9.1 / imag_action_std 3.8 / imag_action_min 0.0 / imag_action_max 17.0 / actor_entropy 0.5 / actor_loss 1.2 / actor_grad_norm 3.3 / value_loss 1.8 / value_grad_norm 1.5 / update_count 9049.0 / fps 12.9
add_video needs package moviepy
add_video needs package moviepy
[82996] 
Start evaluation.
[82996] eval_return 2782.0 / eval_length 1233.2 / eval_episodes 5.0
add_video needs package moviepy
Start training.
[82996] model_loss 20.4 / model_grad_norm 44.7 / image_loss 10.9 / reward_loss 0.1 / cont_loss 0.0 / kl_free 1.0 / dyn_scale 0.5 / rep_scale 0.1 / dyn_loss 15.7 / rep_loss 15.7 / kl 15.7 / prior_abs_ent 30.3 / post_abs_ent -27.2 / prior_obs_ent 21.8 / post_obs_ent 7.7 / boundary_ratio 0.0 / kl_mask 0.0 / normed_target_mean 0.5 / normed_target_std 0.3 / normed_target_min -0.1 / normed_target_max 1.3 / EMA_005 28.4 / EMA_095 327.5 / value_mean 187.1 / value_std 96.3 / value_min 6.8 / value_max 354.9 / target_mean 189.9 / target_std 98.9 / target_min 4.5 / target_max 417.1 / imag_reward_mean 1.0 / imag_reward_std 3.5 / imag_reward_min -0.0 / imag_reward_max 49.5 / imag_action_mean 9.1 / imag_action_std 3.8 / imag_action_min 0.0 / imag_action_max 17.0 / actor_entropy 0.5 / actor_loss 1.2 / actor_grad_norm 3.5 / value_loss 1.8 / value_grad_norm 1.6 / update_count 9205.0 / fps 13.1
add_video needs package moviepy
add_video needs package moviepy
[83620] 
Start evaluation.
[83620] eval_return 2614.0 / eval_length 1349.2 / eval_episodes 5.0
add_video needs package moviepy
Start training.
[83620] model_loss 19.6 / model_grad_norm 26.1 / image_loss 10.5 / reward_loss 0.1 / cont_loss 0.0 / kl_free 1.0 / dyn_scale 0.5 / rep_scale 0.1 / dyn_loss 15.1 / rep_loss 15.1 / kl 15.1 / prior_abs_ent 30.2 / post_abs_ent -27.1 / prior_obs_ent 20.5 / post_obs_ent 6.9 / boundary_ratio 0.0 / kl_mask 0.0 / normed_target_mean 0.6 / normed_target_std 0.3 / normed_target_min -0.1 / normed_target_max 1.3 / EMA_005 29.9 / EMA_095 330.9 / value_mean 192.6 / value_std 96.8 / value_min 7.8 / value_max 354.7 / target_mean 195.4 / target_std 99.1 / target_min 5.7 / target_max 420.0 / imag_reward_mean 1.0 / imag_reward_std 3.7 / imag_reward_min -0.0 / imag_reward_max 50.5 / imag_action_mean 9.2 / imag_action_std 3.9 / imag_action_min 0.0 / imag_action_max 17.0 / actor_entropy 0.5 / actor_loss 1.2 / actor_grad_norm 3.4 / value_loss 1.7 / value_grad_norm 1.5 / update_count 9361.0 / fps 12.6
add_video needs package moviepy
add_video needs package moviepy
[84236] dataset_size 21059.0 / train_return 2880.0 / train_length 1419.0 / train_episodes 15.0
[84244] 
Start evaluation.
[84244] eval_return 2990.0 / eval_length 1367.0 / eval_episodes 5.0
add_video needs package moviepy
Start training.
[84244] model_loss 19.7 / model_grad_norm 26.1 / image_loss 10.4 / reward_loss 0.1 / cont_loss 0.0 / kl_free 1.0 / dyn_scale 0.5 / rep_scale 0.1 / dyn_loss 15.4 / rep_loss 15.4 / kl 15.4 / prior_abs_ent 30.9 / post_abs_ent -27.1 / prior_obs_ent 20.2 / post_obs_ent 6.4 / boundary_ratio 0.0 / kl_mask 0.0 / normed_target_mean 0.5 / normed_target_std 0.3 / normed_target_min -0.1 / normed_target_max 1.3 / EMA_005 28.4 / EMA_095 332.9 / value_mean 190.3 / value_std 97.8 / value_min 6.2 / value_max 358.8 / target_mean 192.9 / target_std 100.2 / target_min 3.7 / target_max 420.5 / imag_reward_mean 0.9 / imag_reward_std 3.4 / imag_reward_min -0.0 / imag_reward_max 41.2 / imag_action_mean 9.1 / imag_action_std 4.0 / imag_action_min 0.0 / imag_action_max 17.0 / actor_entropy 0.5 / actor_loss 1.2 / actor_grad_norm 3.5 / value_loss 1.7 / value_grad_norm 1.5 / update_count 9517.0 / fps 12.5
add_video needs package moviepy
add_video needs package moviepy
[84868] 
Start evaluation.
[84868] eval_return 2548.0 / eval_length 1231.4 / eval_episodes 5.0
add_video needs package moviepy
Start training.
[84868] model_loss 19.5 / model_grad_norm 27.4 / image_loss 10.2 / reward_loss 0.1 / cont_loss 0.0 / kl_free 1.0 / dyn_scale 0.5 / rep_scale 0.1 / dyn_loss 15.3 / rep_loss 15.3 / kl 15.3 / prior_abs_ent 30.6 / post_abs_ent -27.0 / prior_obs_ent 20.3 / post_obs_ent 6.6 / boundary_ratio 0.0 / kl_mask 0.0 / normed_target_mean 0.5 / normed_target_std 0.3 / normed_target_min -0.1 / normed_target_max 1.3 / EMA_005 28.1 / EMA_095 335.1 / value_mean 193.1 / value_std 99.0 / value_min 6.8 / value_max 360.0 / target_mean 195.6 / target_std 101.4 / target_min 5.0 / target_max 431.7 / imag_reward_mean 0.9 / imag_reward_std 3.9 / imag_reward_min -0.0 / imag_reward_max 65.8 / imag_action_mean 9.1 / imag_action_std 4.0 / imag_action_min 0.0 / imag_action_max 17.0 / actor_entropy 0.5 / actor_loss 1.1 / actor_grad_norm 3.5 / value_loss 1.7 / value_grad_norm 1.5 / update_count 9673.0 / fps 13.1
add_video needs package moviepy
add_video needs package moviepy
[85492] 
Start evaluation.
[85492] eval_return 2248.0 / eval_length 1199.6 / eval_episodes 5.0
add_video needs package moviepy
Start training.
[85492] model_loss 19.4 / model_grad_norm 29.3 / image_loss 10.2 / reward_loss 0.1 / cont_loss 0.0 / kl_free 1.0 / dyn_scale 0.5 / rep_scale 0.1 / dyn_loss 15.3 / rep_loss 15.3 / kl 15.3 / prior_abs_ent 31.0 / post_abs_ent -26.9 / prior_obs_ent 20.3 / post_obs_ent 6.6 / boundary_ratio 0.0 / kl_mask 0.0 / normed_target_mean 0.5 / normed_target_std 0.3 / normed_target_min -0.1 / normed_target_max 1.3 / EMA_005 28.6 / EMA_095 338.0 / value_mean 192.8 / value_std 101.7 / value_min 6.6 / value_max 363.9 / target_mean 195.5 / target_std 104.1 / target_min 4.6 / target_max 428.7 / imag_reward_mean 1.0 / imag_reward_std 3.7 / imag_reward_min -0.0 / imag_reward_max 56.2 / imag_action_mean 9.0 / imag_action_std 4.0 / imag_action_min 0.0 / imag_action_max 17.0 / actor_entropy 0.5 / actor_loss 1.2 / actor_grad_norm 3.5 / value_loss 1.7 / value_grad_norm 1.6 / update_count 9829.0 / fps 13.2
add_video needs package moviepy
add_video needs package moviepy
[86116] 
Start evaluation.
[86116] eval_return 2498.0 / eval_length 1267.2 / eval_episodes 5.0
add_video needs package moviepy
Start training.
[86116] model_loss 19.5 / model_grad_norm 32.4 / image_loss 10.2 / reward_loss 0.1 / cont_loss 0.0 / kl_free 1.0 / dyn_scale 0.5 / rep_scale 0.1 / dyn_loss 15.4 / rep_loss 15.4 / kl 15.4 / prior_abs_ent 30.6 / post_abs_ent -26.7 / prior_obs_ent 20.4 / post_obs_ent 6.7 / boundary_ratio 0.0 / kl_mask 0.0 / normed_target_mean 0.6 / normed_target_std 0.3 / normed_target_min -0.1 / normed_target_max 1.3 / EMA_005 28.9 / EMA_095 341.9 / value_mean 199.8 / value_std 101.4 / value_min 7.6 / value_max 368.1 / target_mean 202.4 / target_std 103.7 / target_min 5.9 / target_max 430.3 / imag_reward_mean 0.9 / imag_reward_std 3.5 / imag_reward_min -0.0 / imag_reward_max 39.4 / imag_action_mean 9.0 / imag_action_std 4.0 / imag_action_min 0.0 / imag_action_max 17.0 / actor_entropy 0.5 / actor_loss 1.1 / actor_grad_norm 3.4 / value_loss 1.7 / value_grad_norm 1.5 / update_count 9985.0 / fps 12.8
add_video needs package moviepy
add_video needs package moviepy
[86740] 
Start evaluation.
[86740] eval_return 2838.0 / eval_length 1357.6 / eval_episodes 5.0
add_video needs package moviepy
Start training.
[86740] model_loss 19.2 / model_grad_norm 29.2 / image_loss 10.0 / reward_loss 0.1 / cont_loss 0.0 / kl_free 1.0 / dyn_scale 0.5 / rep_scale 0.1 / dyn_loss 15.2 / rep_loss 15.2 / kl 15.2 / prior_abs_ent 30.9 / post_abs_ent -26.8 / prior_obs_ent 20.0 / post_obs_ent 6.4 / boundary_ratio 0.0 / kl_mask 0.0 / normed_target_mean 0.6 / normed_target_std 0.3 / normed_target_min -0.1 / normed_target_max 1.3 / EMA_005 27.7 / EMA_095 344.1 / value_mean 199.2 / value_std 102.8 / value_min 6.3 / value_max 370.7 / target_mean 202.0 / target_std 105.3 / target_min 4.6 / target_max 430.0 / imag_reward_mean 1.0 / imag_reward_std 3.4 / imag_reward_min -0.0 / imag_reward_max 42.2 / imag_action_mean 9.0 / imag_action_std 4.0 / imag_action_min 0.0 / imag_action_max 17.0 / actor_entropy 0.5 / actor_loss 1.2 / actor_grad_norm 3.3 / value_loss 1.7 / value_grad_norm 1.4 / update_count 10141.0 / fps 12.7
add_video needs package moviepy
add_video needs package moviepy
[87364] 
Start evaluation.
[87364] eval_return 2758.0 / eval_length 1398.4 / eval_episodes 5.0
add_video needs package moviepy
Start training.
[87364] model_loss 19.2 / model_grad_norm 28.4 / image_loss 9.9 / reward_loss 0.1 / cont_loss 0.0 / kl_free 1.0 / dyn_scale 0.5 / rep_scale 0.1 / dyn_loss 15.3 / rep_loss 15.3 / kl 15.3 / prior_abs_ent 30.7 / post_abs_ent -26.9 / prior_obs_ent 19.8 / post_obs_ent 6.1 / boundary_ratio 0.0 / kl_mask 0.0 / normed_target_mean 0.5 / normed_target_std 0.3 / normed_target_min -0.1 / normed_target_max 1.3 / EMA_005 27.2 / EMA_095 349.3 / value_mean 198.5 / value_std 105.7 / value_min 5.4 / value_max 380.5 / target_mean 201.1 / target_std 108.0 / target_min 3.0 / target_max 437.9 / imag_reward_mean 1.0 / imag_reward_std 3.5 / imag_reward_min -0.0 / imag_reward_max 42.5 / imag_action_mean 8.9 / imag_action_std 4.0 / imag_action_min 0.0 / imag_action_max 17.0 / actor_entropy 0.5 / actor_loss 1.1 / actor_grad_norm 3.4 / value_loss 1.7 / value_grad_norm 1.5 / update_count 10297.0 / fps 12.6
add_video needs package moviepy
add_video needs package moviepy
[87988] 
Start evaluation.
[87988] eval_return 2556.0 / eval_length 1241.6 / eval_episodes 5.0
add_video needs package moviepy
Start training.
[87988] model_loss 19.5 / model_grad_norm 28.2 / image_loss 10.1 / reward_loss 0.1 / cont_loss 0.0 / kl_free 1.0 / dyn_scale 0.5 / rep_scale 0.1 / dyn_loss 15.5 / rep_loss 15.5 / kl 15.5 / prior_abs_ent 30.6 / post_abs_ent -26.9 / prior_obs_ent 20.3 / post_obs_ent 6.5 / boundary_ratio 0.0 / kl_mask 0.0 / normed_target_mean 0.6 / normed_target_std 0.3 / normed_target_min -0.1 / normed_target_max 1.3 / EMA_005 28.7 / EMA_095 353.1 / value_mean 207.3 / value_std 103.8 / value_min 6.3 / value_max 382.4 / target_mean 210.2 / target_std 106.2 / target_min 4.5 / target_max 441.3 / imag_reward_mean 1.0 / imag_reward_std 3.7 / imag_reward_min -0.0 / imag_reward_max 51.6 / imag_action_mean 8.9 / imag_action_std 4.1 / imag_action_min 0.0 / imag_action_max 17.0 / actor_entropy 0.5 / actor_loss 1.2 / actor_grad_norm 3.5 / value_loss 1.7 / value_grad_norm 1.7 / update_count 10453.0 / fps 12.9
add_video needs package moviepy
add_video needs package moviepy
[88612] 
Start evaluation.
[88612] eval_return 2056.0 / eval_length 1250.0 / eval_episodes 5.0
add_video needs package moviepy
Start training.
[88612] model_loss 19.2 / model_grad_norm 30.3 / image_loss 9.9 / reward_loss 0.1 / cont_loss 0.0 / kl_free 1.0 / dyn_scale 0.5 / rep_scale 0.1 / dyn_loss 15.5 / rep_loss 15.5 / kl 15.5 / prior_abs_ent 30.7 / post_abs_ent -26.9 / prior_obs_ent 19.8 / post_obs_ent 5.9 / boundary_ratio 0.0 / kl_mask 0.0 / normed_target_mean 0.6 / normed_target_std 0.3 / normed_target_min -0.1 / normed_target_max 1.3 / EMA_005 29.0 / EMA_095 357.1 / value_mean 209.4 / value_std 107.5 / value_min 7.4 / value_max 387.6 / target_mean 212.3 / target_std 109.8 / target_min 6.2 / target_max 445.3 / imag_reward_mean 1.0 / imag_reward_std 3.6 / imag_reward_min -0.0 / imag_reward_max 46.8 / imag_action_mean 9.0 / imag_action_std 4.1 / imag_action_min 0.0 / imag_action_max 17.0 / actor_entropy 0.5 / actor_loss 1.2 / actor_grad_norm 3.5 / value_loss 1.7 / value_grad_norm 1.5 / update_count 10609.0 / fps 12.9
add_video needs package moviepy
add_video needs package moviepy
[89236] 
Start evaluation.
[89236] eval_return 2248.0 / eval_length 1216.4 / eval_episodes 5.0
add_video needs package moviepy
Start training.
[89236] model_loss 19.4 / model_grad_norm 29.0 / image_loss 10.0 / reward_loss 0.1 / cont_loss 0.0 / kl_free 1.0 / dyn_scale 0.5 / rep_scale 0.1 / dyn_loss 15.5 / rep_loss 15.5 / kl 15.5 / prior_abs_ent 30.5 / post_abs_ent -26.9 / prior_obs_ent 20.4 / post_obs_ent 6.6 / boundary_ratio 0.0 / kl_mask 0.0 / normed_target_mean 0.6 / normed_target_std 0.3 / normed_target_min -0.1 / normed_target_max 1.3 / EMA_005 30.0 / EMA_095 360.1 / value_mean 210.7 / value_std 106.7 / value_min 6.5 / value_max 392.3 / target_mean 213.5 / target_std 109.0 / target_min 5.8 / target_max 444.8 / imag_reward_mean 1.0 / imag_reward_std 3.4 / imag_reward_min -0.0 / imag_reward_max 38.9 / imag_action_mean 9.0 / imag_action_std 4.0 / imag_action_min 0.0 / imag_action_max 17.0 / actor_entropy 0.5 / actor_loss 1.2 / actor_grad_norm 3.5 / value_loss 1.7 / value_grad_norm 1.5 / update_count 10765.0 / fps 13.1
add_video needs package moviepy
add_video needs package moviepy
[89860] 
Start evaluation.
[89860] eval_return 2552.0 / eval_length 1291.8 / eval_episodes 5.0
add_video needs package moviepy
Start training.
[89860] model_loss 19.1 / model_grad_norm 27.7 / image_loss 9.8 / reward_loss 0.1 / cont_loss 0.0 / kl_free 1.0 / dyn_scale 0.5 / rep_scale 0.1 / dyn_loss 15.5 / rep_loss 15.5 / kl 15.5 / prior_abs_ent 30.8 / post_abs_ent -27.0 / prior_obs_ent 19.9 / post_obs_ent 6.0 / boundary_ratio 0.0 / kl_mask 0.0 / normed_target_mean 0.6 / normed_target_std 0.3 / normed_target_min -0.1 / normed_target_max 1.3 / EMA_005 28.0 / EMA_095 363.3 / value_mean 210.1 / value_std 109.5 / value_min 6.2 / value_max 396.6 / target_mean 212.9 / target_std 112.0 / target_min 4.1 / target_max 451.0 / imag_reward_mean 1.0 / imag_reward_std 3.5 / imag_reward_min -0.0 / imag_reward_max 35.4 / imag_action_mean 8.9 / imag_action_std 4.1 / imag_action_min 0.0 / imag_action_max 17.0 / actor_entropy 0.5 / actor_loss 1.2 / actor_grad_norm 3.5 / value_loss 1.7 / value_grad_norm 1.5 / update_count 10921.0 / fps 12.8
add_video needs package moviepy
add_video needs package moviepy
[90072] dataset_size 22518.0 / train_return 3320.0 / train_length 1459.0 / train_episodes 16.0
[90484] 
Start evaluation.
[90484] eval_return 1960.0 / eval_length 1224.0 / eval_episodes 5.0
add_video needs package moviepy
Start training.
[90484] model_loss 19.4 / model_grad_norm 29.2 / image_loss 9.9 / reward_loss 0.1 / cont_loss 0.0 / kl_free 1.0 / dyn_scale 0.5 / rep_scale 0.1 / dyn_loss 15.6 / rep_loss 15.6 / kl 15.6 / prior_abs_ent 30.3 / post_abs_ent -27.1 / prior_obs_ent 20.1 / post_obs_ent 6.2 / boundary_ratio 0.0 / kl_mask 0.0 / normed_target_mean 0.6 / normed_target_std 0.3 / normed_target_min -0.1 / normed_target_max 1.3 / EMA_005 29.4 / EMA_095 370.0 / value_mean 221.7 / value_std 109.1 / value_min 6.7 / value_max 406.8 / target_mean 225.2 / target_std 111.6 / target_min 5.6 / target_max 460.3 / imag_reward_mean 1.1 / imag_reward_std 3.4 / imag_reward_min -0.0 / imag_reward_max 26.8 / imag_action_mean 9.0 / imag_action_std 4.0 / imag_action_min 0.0 / imag_action_max 17.0 / actor_entropy 0.5 / actor_loss 1.4 / actor_grad_norm 3.6 / value_loss 1.7 / value_grad_norm 1.6 / update_count 11077.0 / fps 12.9
add_video needs package moviepy
add_video needs package moviepy
[91108] 
Start evaluation.
[91108] eval_return 2286.0 / eval_length 1308.2 / eval_episodes 5.0
add_video needs package moviepy
Start training.
[91108] model_loss 19.1 / model_grad_norm 27.0 / image_loss 9.7 / reward_loss 0.1 / cont_loss 0.0 / kl_free 1.0 / dyn_scale 0.5 / rep_scale 0.1 / dyn_loss 15.5 / rep_loss 15.5 / kl 15.5 / prior_abs_ent 30.4 / post_abs_ent -27.0 / prior_obs_ent 20.0 / post_obs_ent 6.1 / boundary_ratio 0.0 / kl_mask 0.0 / normed_target_mean 0.6 / normed_target_std 0.3 / normed_target_min -0.1 / normed_target_max 1.3 / EMA_005 28.7 / EMA_095 376.7 / value_mean 220.0 / value_std 113.0 / value_min 6.2 / value_max 411.3 / target_mean 223.2 / target_std 115.6 / target_min 4.4 / target_max 466.3 / imag_reward_mean 1.0 / imag_reward_std 3.6 / imag_reward_min -0.0 / imag_reward_max 45.2 / imag_action_mean 9.0 / imag_action_std 4.1 / imag_action_min 0.0 / imag_action_max 17.0 / actor_entropy 0.5 / actor_loss 1.3 / actor_grad_norm 3.6 / value_loss 1.7 / value_grad_norm 1.5 / update_count 11233.0 / fps 12.8
add_video needs package moviepy
add_video needs package moviepy
[91732] 
Start evaluation.
[91732] eval_return 2622.0 / eval_length 1330.0 / eval_episodes 5.0
add_video needs package moviepy
Start training.
[91732] model_loss 19.1 / model_grad_norm 30.5 / image_loss 9.7 / reward_loss 0.1 / cont_loss 0.0 / kl_free 1.0 / dyn_scale 0.5 / rep_scale 0.1 / dyn_loss 15.5 / rep_loss 15.5 / kl 15.5 / prior_abs_ent 30.7 / post_abs_ent -27.0 / prior_obs_ent 19.9 / post_obs_ent 6.0 / boundary_ratio 0.0 / kl_mask 0.0 / normed_target_mean 0.6 / normed_target_std 0.3 / normed_target_min -0.1 / normed_target_max 1.3 / EMA_005 28.7 / EMA_095 380.4 / value_mean 228.6 / value_std 111.9 / value_min 6.5 / value_max 416.1 / target_mean 231.6 / target_std 114.4 / target_min 5.0 / target_max 469.4 / imag_reward_mean 1.0 / imag_reward_std 3.6 / imag_reward_min -0.0 / imag_reward_max 43.6 / imag_action_mean 8.9 / imag_action_std 4.1 / imag_action_min 0.0 / imag_action_max 17.0 / actor_entropy 0.5 / actor_loss 1.2 / actor_grad_norm 3.6 / value_loss 1.7 / value_grad_norm 1.5 / update_count 11389.0 / fps 12.6
add_video needs package moviepy
add_video needs package moviepy
[92356] 
Start evaluation.
[92356] eval_return 2484.0 / eval_length 1275.4 / eval_episodes 5.0
add_video needs package moviepy
Start training.
[92356] model_loss 19.3 / model_grad_norm 27.5 / image_loss 9.8 / reward_loss 0.1 / cont_loss 0.0 / kl_free 1.0 / dyn_scale 0.5 / rep_scale 0.1 / dyn_loss 15.7 / rep_loss 15.7 / kl 15.7 / prior_abs_ent 30.5 / post_abs_ent -26.9 / prior_obs_ent 20.4 / post_obs_ent 6.4 / boundary_ratio 0.0 / kl_mask 0.0 / normed_target_mean 0.6 / normed_target_std 0.3 / normed_target_min -0.1 / normed_target_max 1.2 / EMA_005 28.1 / EMA_095 384.6 / value_mean 222.7 / value_std 115.3 / value_min 5.4 / value_max 420.0 / target_mean 225.3 / target_std 117.6 / target_min 3.2 / target_max 472.5 / imag_reward_mean 1.0 / imag_reward_std 3.7 / imag_reward_min -0.0 / imag_reward_max 57.1 / imag_action_mean 8.9 / imag_action_std 4.1 / imag_action_min 0.0 / imag_action_max 17.0 / actor_entropy 0.5 / actor_loss 1.1 / actor_grad_norm 3.8 / value_loss 1.7 / value_grad_norm 1.5 / update_count 11545.0 / fps 12.8
add_video needs package moviepy
add_video needs package moviepy
[92980] 
Start evaluation.
[92980] eval_return 2440.0 / eval_length 1322.0 / eval_episodes 5.0
add_video needs package moviepy
Start training.
[92980] model_loss 18.9 / model_grad_norm 29.8 / image_loss 9.5 / reward_loss 0.1 / cont_loss 0.0 / kl_free 1.0 / dyn_scale 0.5 / rep_scale 0.1 / dyn_loss 15.5 / rep_loss 15.5 / kl 15.5 / prior_abs_ent 30.5 / post_abs_ent -27.0 / prior_obs_ent 20.3 / post_obs_ent 6.4 / boundary_ratio 0.0 / kl_mask 0.0 / normed_target_mean 0.6 / normed_target_std 0.3 / normed_target_min -0.1 / normed_target_max 1.2 / EMA_005 28.4 / EMA_095 384.9 / value_mean 229.4 / value_std 114.8 / value_min 6.1 / value_max 423.4 / target_mean 232.1 / target_std 116.9 / target_min 5.2 / target_max 472.9 / imag_reward_mean 1.0 / imag_reward_std 3.5 / imag_reward_min -0.0 / imag_reward_max 41.8 / imag_action_mean 8.8 / imag_action_std 4.1 / imag_action_min 0.0 / imag_action_max 17.0 / actor_entropy 0.5 / actor_loss 1.1 / actor_grad_norm 3.8 / value_loss 1.7 / value_grad_norm 1.7 / update_count 11701.0 / fps 12.6
add_video needs package moviepy
add_video needs package moviepy
[93604] 
Start evaluation.
[93604] eval_return 2424.0 / eval_length 1335.6 / eval_episodes 5.0
add_video needs package moviepy
Start training.
[93604] model_loss 19.1 / model_grad_norm 29.7 / image_loss 9.6 / reward_loss 0.1 / cont_loss 0.0 / kl_free 1.0 / dyn_scale 0.5 / rep_scale 0.1 / dyn_loss 15.7 / rep_loss 15.7 / kl 15.7 / prior_abs_ent 30.6 / post_abs_ent -27.0 / prior_obs_ent 20.3 / post_obs_ent 6.3 / boundary_ratio 0.0 / kl_mask 0.0 / normed_target_mean 0.6 / normed_target_std 0.3 / normed_target_min -0.1 / normed_target_max 1.2 / EMA_005 30.9 / EMA_095 389.4 / value_mean 227.7 / value_std 117.1 / value_min 6.5 / value_max 425.9 / target_mean 230.6 / target_std 119.5 / target_min 5.1 / target_max 478.4 / imag_reward_mean 1.1 / imag_reward_std 3.7 / imag_reward_min -0.0 / imag_reward_max 54.4 / imag_action_mean 9.0 / imag_action_std 4.1 / imag_action_min 0.0 / imag_action_max 17.0 / actor_entropy 0.5 / actor_loss 1.2 / actor_grad_norm 3.8 / value_loss 1.7 / value_grad_norm 1.7 / update_count 11857.0 / fps 12.7
add_video needs package moviepy
add_video needs package moviepy
[94228] 
Start evaluation.
[94228] eval_return 2336.0 / eval_length 1231.6 / eval_episodes 5.0
add_video needs package moviepy
Start training.
[94228] model_loss 18.8 / model_grad_norm 25.9 / image_loss 9.4 / reward_loss 0.1 / cont_loss 0.0 / kl_free 1.0 / dyn_scale 0.5 / rep_scale 0.1 / dyn_loss 15.4 / rep_loss 15.4 / kl 15.4 / prior_abs_ent 30.5 / post_abs_ent -26.9 / prior_obs_ent 19.5 / post_obs_ent 5.7 / boundary_ratio 0.0 / kl_mask 0.0 / normed_target_mean 0.6 / normed_target_std 0.3 / normed_target_min -0.1 / normed_target_max 1.3 / EMA_005 28.9 / EMA_095 393.5 / value_mean 230.0 / value_std 118.9 / value_min 6.4 / value_max 434.6 / target_mean 232.9 / target_std 121.4 / target_min 5.0 / target_max 487.2 / imag_reward_mean 1.1 / imag_reward_std 3.7 / imag_reward_min -0.0 / imag_reward_max 44.6 / imag_action_mean 9.0 / imag_action_std 4.2 / imag_action_min 0.0 / imag_action_max 17.0 / actor_entropy 0.5 / actor_loss 1.2 / actor_grad_norm 3.8 / value_loss 1.7 / value_grad_norm 1.5 / update_count 12013.0 / fps 13.0
add_video needs package moviepy
add_video needs package moviepy
[94852] 
Start evaluation.
[94852] eval_return 2580.0 / eval_length 1436.8 / eval_episodes 5.0
add_video needs package moviepy
Start training.
[94852] model_loss 19.1 / model_grad_norm 30.8 / image_loss 9.5 / reward_loss 0.1 / cont_loss 0.0 / kl_free 1.0 / dyn_scale 0.5 / rep_scale 0.1 / dyn_loss 15.7 / rep_loss 15.7 / kl 15.7 / prior_abs_ent 30.3 / post_abs_ent -27.1 / prior_obs_ent 19.8 / post_obs_ent 5.7 / boundary_ratio 0.0 / kl_mask 0.0 / normed_target_mean 0.6 / normed_target_std 0.3 / normed_target_min -0.1 / normed_target_max 1.2 / EMA_005 30.6 / EMA_095 399.9 / value_mean 240.0 / value_std 116.7 / value_min 6.6 / value_max 436.7 / target_mean 242.8 / target_std 119.0 / target_min 5.8 / target_max 484.5 / imag_reward_mean 1.1 / imag_reward_std 3.6 / imag_reward_min -0.0 / imag_reward_max 38.7 / imag_action_mean 9.1 / imag_action_std 4.3 / imag_action_min 0.0 / imag_action_max 17.0 / actor_entropy 0.5 / actor_loss 1.2 / actor_grad_norm 3.9 / value_loss 1.7 / value_grad_norm 1.6 / update_count 12169.0 / fps 12.3
add_video needs package moviepy
add_video needs package moviepy
[95476] 
Start evaluation.
[95476] eval_return 2280.0 / eval_length 1303.4 / eval_episodes 5.0
add_video needs package moviepy
Start training.
[95476] model_loss 19.0 / model_grad_norm 29.8 / image_loss 9.5 / reward_loss 0.1 / cont_loss 0.0 / kl_free 1.0 / dyn_scale 0.5 / rep_scale 0.1 / dyn_loss 15.6 / rep_loss 15.6 / kl 15.6 / prior_abs_ent 30.5 / post_abs_ent -27.1 / prior_obs_ent 19.7 / post_obs_ent 5.7 / boundary_ratio 0.0 / kl_mask 0.0 / normed_target_mean 0.6 / normed_target_std 0.3 / normed_target_min -0.1 / normed_target_max 1.2 / EMA_005 31.1 / EMA_095 401.8 / value_mean 238.2 / value_std 119.3 / value_min 5.4 / value_max 441.5 / target_mean 241.2 / target_std 121.6 / target_min 4.2 / target_max 486.6 / imag_reward_mean 1.1 / imag_reward_std 3.6 / imag_reward_min -0.0 / imag_reward_max 38.7 / imag_action_mean 9.2 / imag_action_std 4.3 / imag_action_min 0.0 / imag_action_max 17.0 / actor_entropy 0.5 / actor_loss 1.3 / actor_grad_norm 3.9 / value_loss 1.7 / value_grad_norm 1.5 / update_count 12325.0 / fps 12.7
add_video needs package moviepy
add_video needs package moviepy
[95852] dataset_size 23963.0 / train_return 2910.0 / train_length 1445.0 / train_episodes 17.0
[96100] 
Start evaluation.
[96100] eval_return 3100.0 / eval_length 1426.4 / eval_episodes 5.0
add_video needs package moviepy
Start training.
[96100] model_loss 18.9 / model_grad_norm 33.8 / image_loss 9.5 / reward_loss 0.1 / cont_loss 0.0 / kl_free 1.0 / dyn_scale 0.5 / rep_scale 0.1 / dyn_loss 15.6 / rep_loss 15.6 / kl 15.6 / prior_abs_ent 30.6 / post_abs_ent -27.0 / prior_obs_ent 19.7 / post_obs_ent 5.7 / boundary_ratio 0.0 / kl_mask 0.0 / normed_target_mean 0.6 / normed_target_std 0.3 / normed_target_min -0.1 / normed_target_max 1.2 / EMA_005 30.1 / EMA_095 406.0 / value_mean 242.3 / value_std 121.5 / value_min 5.5 / value_max 443.9 / target_mean 245.4 / target_std 123.9 / target_min 4.4 / target_max 495.0 / imag_reward_mean 1.1 / imag_reward_std 3.9 / imag_reward_min -0.0 / imag_reward_max 54.4 / imag_action_mean 9.2 / imag_action_std 4.3 / imag_action_min 0.0 / imag_action_max 17.0 / actor_entropy 0.5 / actor_loss 1.4 / actor_grad_norm 4.0 / value_loss 1.6 / value_grad_norm 1.5 / update_count 12481.0 / fps 12.4
add_video needs package moviepy
add_video needs package moviepy
[96724] 
Start evaluation.
[96724] eval_return 2586.0 / eval_length 1268.4 / eval_episodes 5.0
add_video needs package moviepy
Start training.
[96724] model_loss 19.1 / model_grad_norm 36.8 / image_loss 9.5 / reward_loss 0.1 / cont_loss 0.0 / kl_free 1.0 / dyn_scale 0.5 / rep_scale 0.1 / dyn_loss 15.8 / rep_loss 15.8 / kl 15.8 / prior_abs_ent 30.3 / post_abs_ent -27.1 / prior_obs_ent 19.9 / post_obs_ent 5.8 / boundary_ratio 0.0 / kl_mask 0.0 / normed_target_mean 0.6 / normed_target_std 0.3 / normed_target_min -0.1 / normed_target_max 1.2 / EMA_005 29.1 / EMA_095 409.5 / value_mean 243.7 / value_std 122.4 / value_min 5.5 / value_max 447.8 / target_mean 246.7 / target_std 124.5 / target_min 4.5 / target_max 499.3 / imag_reward_mean 1.1 / imag_reward_std 3.8 / imag_reward_min -0.0 / imag_reward_max 58.4 / imag_action_mean 8.8 / imag_action_std 4.4 / imag_action_min 0.0 / imag_action_max 17.0 / actor_entropy 0.6 / actor_loss 1.5 / actor_grad_norm 4.6 / value_loss 1.7 / value_grad_norm 1.7 / update_count 12637.0 / fps 12.8
add_video needs package moviepy
add_video needs package moviepy
[97348] 
Start evaluation.
[97348] eval_return 2632.0 / eval_length 1276.6 / eval_episodes 5.0
add_video needs package moviepy
Start training.
[97348] model_loss 18.7 / model_grad_norm 31.4 / image_loss 9.4 / reward_loss 0.1 / cont_loss 0.0 / kl_free 1.0 / dyn_scale 0.5 / rep_scale 0.1 / dyn_loss 15.5 / rep_loss 15.5 / kl 15.5 / prior_abs_ent 30.5 / post_abs_ent -27.1 / prior_obs_ent 19.7 / post_obs_ent 5.8 / boundary_ratio 0.0 / kl_mask 0.0 / normed_target_mean 0.6 / normed_target_std 0.3 / normed_target_min -0.1 / normed_target_max 1.2 / EMA_005 31.1 / EMA_095 410.4 / value_mean 244.7 / value_std 121.8 / value_min 5.4 / value_max 448.2 / target_mean 248.0 / target_std 123.8 / target_min 4.7 / target_max 495.7 / imag_reward_mean 1.1 / imag_reward_std 3.8 / imag_reward_min -0.0 / imag_reward_max 49.9 / imag_action_mean 8.8 / imag_action_std 4.5 / imag_action_min 0.0 / imag_action_max 17.0 / actor_entropy 0.6 / actor_loss 1.4 / actor_grad_norm 4.4 / value_loss 1.7 / value_grad_norm 1.7 / update_count 12793.0 / fps 12.8
add_video needs package moviepy
add_video needs package moviepy
[97972] 
Start evaluation.
[97972] eval_return 2008.0 / eval_length 1118.2 / eval_episodes 5.0
add_video needs package moviepy
Start training.
[97972] model_loss 18.3 / model_grad_norm 29.9 / image_loss 9.0 / reward_loss 0.1 / cont_loss 0.0 / kl_free 1.0 / dyn_scale 0.5 / rep_scale 0.1 / dyn_loss 15.3 / rep_loss 15.3 / kl 15.3 / prior_abs_ent 29.9 / post_abs_ent -27.1 / prior_obs_ent 18.9 / post_obs_ent 5.1 / boundary_ratio 0.0 / kl_mask 0.0 / normed_target_mean 0.6 / normed_target_std 0.3 / normed_target_min -0.1 / normed_target_max 1.2 / EMA_005 31.2 / EMA_095 412.9 / value_mean 248.8 / value_std 121.7 / value_min 6.5 / value_max 452.2 / target_mean 251.9 / target_std 123.5 / target_min 5.9 / target_max 499.0 / imag_reward_mean 1.1 / imag_reward_std 3.7 / imag_reward_min -0.0 / imag_reward_max 39.0 / imag_action_mean 8.9 / imag_action_std 4.5 / imag_action_min 0.0 / imag_action_max 17.0 / actor_entropy 0.6 / actor_loss 1.5 / actor_grad_norm 4.1 / value_loss 1.7 / value_grad_norm 1.6 / update_count 12949.0 / fps 13.3
add_video needs package moviepy
add_video needs package moviepy
[98596] 
Start evaluation.
[98596] eval_return 2860.0 / eval_length 1460.2 / eval_episodes 5.0
add_video needs package moviepy
Start training.
[98596] model_loss 18.4 / model_grad_norm 27.4 / image_loss 9.0 / reward_loss 0.1 / cont_loss 0.0 / kl_free 1.0 / dyn_scale 0.5 / rep_scale 0.1 / dyn_loss 15.4 / rep_loss 15.4 / kl 15.4 / prior_abs_ent 29.9 / post_abs_ent -27.0 / prior_obs_ent 18.6 / post_obs_ent 4.8 / boundary_ratio 0.0 / kl_mask 0.0 / normed_target_mean 0.6 / normed_target_std 0.3 / normed_target_min -0.1 / normed_target_max 1.2 / EMA_005 31.7 / EMA_095 416.8 / value_mean 247.2 / value_std 124.8 / value_min 5.7 / value_max 456.2 / target_mean 250.3 / target_std 126.8 / target_min 5.0 / target_max 503.1 / imag_reward_mean 1.0 / imag_reward_std 3.8 / imag_reward_min -0.0 / imag_reward_max 48.5 / imag_action_mean 9.0 / imag_action_std 4.6 / imag_action_min 0.0 / imag_action_max 17.0 / actor_entropy 0.6 / actor_loss 1.4 / actor_grad_norm 4.2 / value_loss 1.7 / value_grad_norm 1.7 / update_count 13105.0 / fps 12.3
add_video needs package moviepy
add_video needs package moviepy
[99220] 
Start evaluation.
[99220] eval_return 3296.0 / eval_length 1398.2 / eval_episodes 5.0
add_video needs package moviepy
Start training.
[99220] model_loss 18.5 / model_grad_norm 30.0 / image_loss 9.0 / reward_loss 0.1 / cont_loss 0.0 / kl_free 1.0 / dyn_scale 0.5 / rep_scale 0.1 / dyn_loss 15.6 / rep_loss 15.6 / kl 15.6 / prior_abs_ent 30.2 / post_abs_ent -27.1 / prior_obs_ent 18.8 / post_obs_ent 4.9 / boundary_ratio 0.0 / kl_mask 0.0 / normed_target_mean 0.6 / normed_target_std 0.3 / normed_target_min -0.1 / normed_target_max 1.2 / EMA_005 29.9 / EMA_095 420.1 / value_mean 250.8 / value_std 123.8 / value_min 5.3 / value_max 460.3 / target_mean 253.9 / target_std 125.8 / target_min 4.5 / target_max 506.4 / imag_reward_mean 1.1 / imag_reward_std 3.8 / imag_reward_min -0.0 / imag_reward_max 52.5 / imag_action_mean 8.8 / imag_action_std 4.6 / imag_action_min 0.0 / imag_action_max 17.0 / actor_entropy 0.6 / actor_loss 1.4 / actor_grad_norm 4.2 / value_loss 1.7 / value_grad_norm 1.7 / update_count 13261.0 / fps 12.4
add_video needs package moviepy
add_video needs package moviepy
[99844] 
Start evaluation.
[99844] eval_return 2414.0 / eval_length 1308.6 / eval_episodes 5.0
add_video needs package moviepy
Start training.
[99844] model_loss 18.4 / model_grad_norm 27.8 / image_loss 9.0 / reward_loss 0.1 / cont_loss 0.0 / kl_free 1.0 / dyn_scale 0.5 / rep_scale 0.1 / dyn_loss 15.5 / rep_loss 15.5 / kl 15.5 / prior_abs_ent 30.2 / post_abs_ent -27.1 / prior_obs_ent 19.0 / post_obs_ent 5.1 / boundary_ratio 0.0 / kl_mask 0.0 / normed_target_mean 0.6 / normed_target_std 0.3 / normed_target_min -0.1 / normed_target_max 1.2 / EMA_005 31.3 / EMA_095 423.6 / value_mean 257.3 / value_std 123.0 / value_min 5.9 / value_max 464.6 / target_mean 260.6 / target_std 125.2 / target_min 5.1 / target_max 511.0 / imag_reward_mean 1.1 / imag_reward_std 3.9 / imag_reward_min -0.0 / imag_reward_max 52.7 / imag_action_mean 8.7 / imag_action_std 4.6 / imag_action_min 0.0 / imag_action_max 17.0 / actor_entropy 0.6 / actor_loss 1.5 / actor_grad_norm 4.2 / value_loss 1.7 / value_grad_norm 1.7 / update_count 13417.0 / fps 12.7
add_video needs package moviepy
add_video needs package moviepy
[100468] 
Start evaluation.
[100468] eval_return 3176.0 / eval_length 1398.8 / eval_episodes 5.0
add_video needs package moviepy
Start training.
[100468] model_loss 18.4 / model_grad_norm 29.2 / image_loss 9.0 / reward_loss 0.1 / cont_loss 0.0 / kl_free 1.0 / dyn_scale 0.5 / rep_scale 0.1 / dyn_loss 15.6 / rep_loss 15.6 / kl 15.6 / prior_abs_ent 30.2 / post_abs_ent -27.1 / prior_obs_ent 18.3 / post_obs_ent 4.3 / boundary_ratio 0.0 / kl_mask 0.0 / normed_target_mean 0.6 / normed_target_std 0.3 / normed_target_min -0.1 / normed_target_max 1.2 / EMA_005 36.2 / EMA_095 429.4 / value_mean 259.7 / value_std 126.4 / value_min 6.6 / value_max 470.5 / target_mean 263.2 / target_std 128.6 / target_min 6.1 / target_max 518.4 / imag_reward_mean 1.2 / imag_reward_std 4.0 / imag_reward_min -0.0 / imag_reward_max 61.4 / imag_action_mean 8.7 / imag_action_std 4.7 / imag_action_min 0.0 / imag_action_max 17.0 / actor_entropy 0.6 / actor_loss 1.6 / actor_grad_norm 4.2 / value_loss 1.7 / value_grad_norm 1.6 / update_count 13573.0 / fps 12.4
add_video needs package moviepy
add_video needs package moviepy
[101092] 
Start evaluation.
[101092] eval_return 2854.0 / eval_length 1258.2 / eval_episodes 5.0
add_video needs package moviepy
Start training.
[101092] model_loss 18.5 / model_grad_norm 28.6 / image_loss 9.0 / reward_loss 0.1 / cont_loss 0.0 / kl_free 1.0 / dyn_scale 0.5 / rep_scale 0.1 / dyn_loss 15.8 / rep_loss 15.8 / kl 15.8 / prior_abs_ent 30.1 / post_abs_ent -27.2 / prior_obs_ent 18.8 / post_obs_ent 4.6 / boundary_ratio 0.0 / kl_mask 0.0 / normed_target_mean 0.6 / normed_target_std 0.3 / normed_target_min -0.1 / normed_target_max 1.2 / EMA_005 36.2 / EMA_095 434.6 / value_mean 265.5 / value_std 125.9 / value_min 6.7 / value_max 478.6 / target_mean 268.9 / target_std 127.8 / target_min 5.9 / target_max 523.3 / imag_reward_mean 1.2 / imag_reward_std 3.9 / imag_reward_min -0.0 / imag_reward_max 48.2 / imag_action_mean 8.7 / imag_action_std 4.6 / imag_action_min 0.0 / imag_action_max 17.0 / actor_entropy 0.5 / actor_loss 1.6 / actor_grad_norm 4.1 / value_loss 1.6 / value_grad_norm 1.5 / update_count 13729.0 / fps 12.7
add_video needs package moviepy
add_video needs package moviepy
[101696] dataset_size 25424.0 / train_return 3080.0 / train_length 1461.0 / train_episodes 18.0
[101716] 
Start evaluation.
[101716] eval_return 2922.0 / eval_length 1400.6 / eval_episodes 5.0
add_video needs package moviepy
Start training.
[101716] model_loss 18.4 / model_grad_norm 27.6 / image_loss 8.9 / reward_loss 0.1 / cont_loss 0.0 / kl_free 1.0 / dyn_scale 0.5 / rep_scale 0.1 / dyn_loss 15.7 / rep_loss 15.7 / kl 15.7 / prior_abs_ent 30.3 / post_abs_ent -27.2 / prior_obs_ent 18.6 / post_obs_ent 4.5 / boundary_ratio 0.0 / kl_mask 0.0 / normed_target_mean 0.6 / normed_target_std 0.3 / normed_target_min -0.1 / normed_target_max 1.2 / EMA_005 37.7 / EMA_095 439.2 / value_mean 267.8 / value_std 125.8 / value_min 6.2 / value_max 484.0 / target_mean 271.1 / target_std 127.9 / target_min 5.2 / target_max 527.2 / imag_reward_mean 1.1 / imag_reward_std 3.8 / imag_reward_min -0.0 / imag_reward_max 40.2 / imag_action_mean 8.7 / imag_action_std 4.8 / imag_action_min 0.0 / imag_action_max 17.0 / actor_entropy 0.5 / actor_loss 1.5 / actor_grad_norm 4.2 / value_loss 1.7 / value_grad_norm 1.6 / update_count 13885.0 / fps 12.7
add_video needs package moviepy
add_video needs package moviepy
[102340] 
Start evaluation.
[102340] eval_return 2706.0 / eval_length 1344.2 / eval_episodes 5.0
add_video needs package moviepy
Start training.
[102340] model_loss 18.1 / model_grad_norm 28.0 / image_loss 8.7 / reward_loss 0.1 / cont_loss 0.0 / kl_free 1.0 / dyn_scale 0.5 / rep_scale 0.1 / dyn_loss 15.6 / rep_loss 15.6 / kl 15.6 / prior_abs_ent 30.3 / post_abs_ent -27.1 / prior_obs_ent 18.2 / post_obs_ent 4.2 / boundary_ratio 0.0 / kl_mask 0.0 / normed_target_mean 0.6 / normed_target_std 0.3 / normed_target_min -0.1 / normed_target_max 1.2 / EMA_005 34.2 / EMA_095 444.5 / value_mean 271.6 / value_std 131.3 / value_min 6.2 / value_max 494.8 / target_mean 275.2 / target_std 133.5 / target_min 5.0 / target_max 535.2 / imag_reward_mean 1.1 / imag_reward_std 3.7 / imag_reward_min -0.0 / imag_reward_max 39.0 / imag_action_mean 8.5 / imag_action_std 4.7 / imag_action_min 0.0 / imag_action_max 17.0 / actor_entropy 0.5 / actor_loss 1.8 / actor_grad_norm 4.1 / value_loss 1.6 / value_grad_norm 1.5 / update_count 14041.0 / fps 12.7
add_video needs package moviepy
add_video needs package moviepy
[102964] 
Start evaluation.
[102964] eval_return 3066.0 / eval_length 1388.0 / eval_episodes 5.0
add_video needs package moviepy
Start training.
[102964] model_loss 18.3 / model_grad_norm 31.6 / image_loss 8.8 / reward_loss 0.1 / cont_loss 0.0 / kl_free 1.0 / dyn_scale 0.5 / rep_scale 0.1 / dyn_loss 15.7 / rep_loss 15.7 / kl 15.7 / prior_abs_ent 29.9 / post_abs_ent -27.2 / prior_obs_ent 18.7 / post_obs_ent 4.6 / boundary_ratio 0.0 / kl_mask 0.0 / normed_target_mean 0.6 / normed_target_std 0.3 / normed_target_min -0.1 / normed_target_max 1.2 / EMA_005 34.8 / EMA_095 449.3 / value_mean 274.0 / value_std 129.1 / value_min 5.0 / value_max 497.8 / target_mean 277.0 / target_std 131.3 / target_min 4.4 / target_max 539.2 / imag_reward_mean 1.1 / imag_reward_std 3.8 / imag_reward_min -0.0 / imag_reward_max 41.0 / imag_action_mean 8.2 / imag_action_std 4.7 / imag_action_min 0.0 / imag_action_max 17.0 / actor_entropy 0.5 / actor_loss 1.4 / actor_grad_norm 4.3 / value_loss 1.7 / value_grad_norm 1.6 / update_count 14197.0 / fps 12.6
add_video needs package moviepy
add_video needs package moviepy
[103588] 
Start evaluation.
[103588] eval_return 3578.0 / eval_length 1411.2 / eval_episodes 5.0
add_video needs package moviepy
Start training.
[103588] model_loss 18.0 / model_grad_norm 29.2 / image_loss 8.6 / reward_loss 0.1 / cont_loss 0.0 / kl_free 1.0 / dyn_scale 0.5 / rep_scale 0.1 / dyn_loss 15.6 / rep_loss 15.6 / kl 15.6 / prior_abs_ent 29.9 / post_abs_ent -27.1 / prior_obs_ent 18.7 / post_obs_ent 4.7 / boundary_ratio 0.0 / kl_mask 0.0 / normed_target_mean 0.6 / normed_target_std 0.3 / normed_target_min -0.1 / normed_target_max 1.2 / EMA_005 34.6 / EMA_095 453.2 / value_mean 271.4 / value_std 135.2 / value_min 6.6 / value_max 501.1 / target_mean 274.5 / target_std 137.2 / target_min 6.5 / target_max 542.3 / imag_reward_mean 1.1 / imag_reward_std 3.8 / imag_reward_min -0.0 / imag_reward_max 46.8 / imag_action_mean 8.2 / imag_action_std 4.7 / imag_action_min 0.0 / imag_action_max 17.0 / actor_entropy 0.5 / actor_loss 1.4 / actor_grad_norm 4.2 / value_loss 1.7 / value_grad_norm 1.5 / update_count 14353.0 / fps 12.5
add_video needs package moviepy
add_video needs package moviepy
[104212] 
Start evaluation.
[104212] eval_return 3222.0 / eval_length 1361.6 / eval_episodes 5.0
add_video needs package moviepy
Start training.
[104212] model_loss 18.1 / model_grad_norm 26.3 / image_loss 8.6 / reward_loss 0.1 / cont_loss 0.0 / kl_free 1.0 / dyn_scale 0.5 / rep_scale 0.1 / dyn_loss 15.6 / rep_loss 15.6 / kl 15.6 / prior_abs_ent 30.1 / post_abs_ent -27.1 / prior_obs_ent 18.8 / post_obs_ent 4.7 / boundary_ratio 0.0 / kl_mask 0.0 / normed_target_mean 0.6 / normed_target_std 0.3 / normed_target_min -0.1 / normed_target_max 1.2 / EMA_005 36.1 / EMA_095 458.7 / value_mean 283.8 / value_std 132.1 / value_min 7.2 / value_max 509.7 / target_mean 287.1 / target_std 134.4 / target_min 7.2 / target_max 551.7 / imag_reward_mean 1.2 / imag_reward_std 3.8 / imag_reward_min -0.0 / imag_reward_max 35.9 / imag_action_mean 7.9 / imag_action_std 4.7 / imag_action_min 0.0 / imag_action_max 17.0 / actor_entropy 0.5 / actor_loss 1.5 / actor_grad_norm 4.2 / value_loss 1.6 / value_grad_norm 1.5 / update_count 14509.0 / fps 12.6
add_video needs package moviepy
add_video needs package moviepy
[104836] 
Start evaluation.
[104836] eval_return 3326.0 / eval_length 1408.2 / eval_episodes 5.0
add_video needs package moviepy
Start training.
[104836] model_loss 18.1 / model_grad_norm 28.9 / image_loss 8.6 / reward_loss 0.1 / cont_loss 0.0 / kl_free 1.0 / dyn_scale 0.5 / rep_scale 0.1 / dyn_loss 15.7 / rep_loss 15.7 / kl 15.7 / prior_abs_ent 30.1 / post_abs_ent -27.1 / prior_obs_ent 18.6 / post_obs_ent 4.5 / boundary_ratio 0.0 / kl_mask 0.0 / normed_target_mean 0.6 / normed_target_std 0.3 / normed_target_min -0.1 / normed_target_max 1.2 / EMA_005 38.7 / EMA_095 462.8 / value_mean 281.8 / value_std 134.9 / value_min 6.3 / value_max 513.3 / target_mean 284.8 / target_std 137.1 / target_min 5.3 / target_max 551.0 / imag_reward_mean 1.1 / imag_reward_std 3.8 / imag_reward_min -0.0 / imag_reward_max 38.9 / imag_action_mean 7.8 / imag_action_std 4.7 / imag_action_min 0.0 / imag_action_max 17.0 / actor_entropy 0.5 / actor_loss 1.4 / actor_grad_norm 4.2 / value_loss 1.6 / value_grad_norm 1.6 / update_count 14665.0 / fps 12.5
add_video needs package moviepy
add_video needs package moviepy
[105460] 
Start evaluation.
[105460] eval_return 2974.0 / eval_length 1267.0 / eval_episodes 5.0
add_video needs package moviepy
Start training.
[105460] model_loss 18.1 / model_grad_norm 27.0 / image_loss 8.5 / reward_loss 0.1 / cont_loss 0.0 / kl_free 1.0 / dyn_scale 0.5 / rep_scale 0.1 / dyn_loss 15.9 / rep_loss 15.9 / kl 15.9 / prior_abs_ent 30.1 / post_abs_ent -27.2 / prior_obs_ent 18.4 / post_obs_ent 4.2 / boundary_ratio 0.0 / kl_mask 0.0 / normed_target_mean 0.6 / normed_target_std 0.3 / normed_target_min -0.1 / normed_target_max 1.2 / EMA_005 37.3 / EMA_095 465.6 / value_mean 287.8 / value_std 136.7 / value_min 7.1 / value_max 515.5 / target_mean 290.7 / target_std 138.7 / target_min 5.9 / target_max 557.9 / imag_reward_mean 1.1 / imag_reward_std 3.8 / imag_reward_min -0.0 / imag_reward_max 36.1 / imag_action_mean 8.0 / imag_action_std 4.8 / imag_action_min 0.0 / imag_action_max 17.0 / actor_entropy 0.5 / actor_loss 1.3 / actor_grad_norm 4.3 / value_loss 1.6 / value_grad_norm 1.5 / update_count 14821.0 / fps 12.9
add_video needs package moviepy
add_video needs package moviepy
[105828] dataset_size 26457.0 / train_return 2060.0 / train_length 1033.0 / train_episodes 19.0
[106084] 
Start evaluation.
[106084] eval_return 3550.0 / eval_length 1414.6 / eval_episodes 5.0
add_video needs package moviepy
Start training.
[106084] model_loss 18.0 / model_grad_norm 28.9 / image_loss 8.5 / reward_loss 0.1 / cont_loss 0.0 / kl_free 1.0 / dyn_scale 0.5 / rep_scale 0.1 / dyn_loss 15.7 / rep_loss 15.7 / kl 15.7 / prior_abs_ent 30.0 / post_abs_ent -27.0 / prior_obs_ent 18.4 / post_obs_ent 4.3 / boundary_ratio 0.0 / kl_mask 0.0 / normed_target_mean 0.6 / normed_target_std 0.3 / normed_target_min -0.1 / normed_target_max 1.2 / EMA_005 38.6 / EMA_095 471.4 / value_mean 286.7 / value_std 136.0 / value_min 6.2 / value_max 520.1 / target_mean 289.6 / target_std 138.0 / target_min 5.6 / target_max 563.8 / imag_reward_mean 1.1 / imag_reward_std 3.8 / imag_reward_min -0.0 / imag_reward_max 41.2 / imag_action_mean 7.8 / imag_action_std 4.8 / imag_action_min 0.0 / imag_action_max 17.0 / actor_entropy 0.5 / actor_loss 1.2 / actor_grad_norm 4.1 / value_loss 1.6 / value_grad_norm 1.6 / update_count 14977.0 / fps 12.3
add_video needs package moviepy
add_video needs package moviepy
[106708] 
Start evaluation.
[106708] eval_return 3150.0 / eval_length 1290.2 / eval_episodes 5.0
add_video needs package moviepy
Start training.
[106708] model_loss 18.0 / model_grad_norm 27.4 / image_loss 8.4 / reward_loss 0.1 / cont_loss 0.0 / kl_free 1.0 / dyn_scale 0.5 / rep_scale 0.1 / dyn_loss 15.8 / rep_loss 15.8 / kl 15.8 / prior_abs_ent 30.3 / post_abs_ent -27.2 / prior_obs_ent 18.4 / post_obs_ent 4.2 / boundary_ratio 0.0 / kl_mask 0.0 / normed_target_mean 0.6 / normed_target_std 0.3 / normed_target_min -0.1 / normed_target_max 1.2 / EMA_005 40.0 / EMA_095 472.4 / value_mean 290.5 / value_std 136.2 / value_min 5.7 / value_max 521.1 / target_mean 293.4 / target_std 138.4 / target_min 5.1 / target_max 564.9 / imag_reward_mean 1.2 / imag_reward_std 3.8 / imag_reward_min -0.0 / imag_reward_max 37.5 / imag_action_mean 7.8 / imag_action_std 4.8 / imag_action_min 0.0 / imag_action_max 17.0 / actor_entropy 0.5 / actor_loss 1.2 / actor_grad_norm 4.3 / value_loss 1.6 / value_grad_norm 1.5 / update_count 15133.0 / fps 12.7
add_video needs package moviepy
add_video needs package moviepy
[107332] 
Start evaluation.
[107332] eval_return 2350.0 / eval_length 1165.6 / eval_episodes 5.0
add_video needs package moviepy
Start training.
[107332] model_loss 17.8 / model_grad_norm 29.9 / image_loss 8.3 / reward_loss 0.1 / cont_loss 0.0 / kl_free 1.0 / dyn_scale 0.5 / rep_scale 0.1 / dyn_loss 15.8 / rep_loss 15.8 / kl 15.8 / prior_abs_ent 30.1 / post_abs_ent -27.1 / prior_obs_ent 18.8 / post_obs_ent 4.6 / boundary_ratio 0.0 / kl_mask 0.0 / normed_target_mean 0.6 / normed_target_std 0.3 / normed_target_min -0.1 / normed_target_max 1.2 / EMA_005 41.6 / EMA_095 475.4 / value_mean 292.4 / value_std 139.2 / value_min 5.8 / value_max 522.7 / target_mean 295.0 / target_std 141.2 / target_min 5.6 / target_max 566.7 / imag_reward_mean 1.1 / imag_reward_std 3.8 / imag_reward_min -0.0 / imag_reward_max 33.2 / imag_action_mean 7.6 / imag_action_std 4.9 / imag_action_min 0.0 / imag_action_max 17.0 / actor_entropy 0.5 / actor_loss 1.1 / actor_grad_norm 4.3 / value_loss 1.6 / value_grad_norm 1.6 / update_count 15289.0 / fps 13.1
add_video needs package moviepy
add_video needs package moviepy
[107956] 
Start evaluation.
[107956] eval_return 3118.0 / eval_length 1374.0 / eval_episodes 5.0
add_video needs package moviepy
Start training.
[107956] model_loss 17.9 / model_grad_norm 29.5 / image_loss 8.3 / reward_loss 0.1 / cont_loss 0.0 / kl_free 1.0 / dyn_scale 0.5 / rep_scale 0.1 / dyn_loss 15.9 / rep_loss 15.9 / kl 15.9 / prior_abs_ent 30.1 / post_abs_ent -27.1 / prior_obs_ent 18.8 / post_obs_ent 4.5 / boundary_ratio 0.0 / kl_mask 0.0 / normed_target_mean 0.6 / normed_target_std 0.3 / normed_target_min -0.1 / normed_target_max 1.2 / EMA_005 38.4 / EMA_095 479.4 / value_mean 292.3 / value_std 139.4 / value_min 6.2 / value_max 525.5 / target_mean 295.5 / target_std 141.6 / target_min 5.9 / target_max 570.7 / imag_reward_mean 1.2 / imag_reward_std 4.1 / imag_reward_min -0.0 / imag_reward_max 51.8 / imag_action_mean 7.7 / imag_action_std 4.8 / imag_action_min 0.0 / imag_action_max 17.0 / actor_entropy 0.5 / actor_loss 1.3 / actor_grad_norm 4.4 / value_loss 1.6 / value_grad_norm 1.6 / update_count 15445.0 / fps 12.5
add_video needs package moviepy
add_video needs package moviepy
[108580] 
Start evaluation.
[108580] eval_return 2606.0 / eval_length 1275.2 / eval_episodes 5.0
add_video needs package moviepy
Start training.
[108580] model_loss 18.0 / model_grad_norm 32.0 / image_loss 8.3 / reward_loss 0.1 / cont_loss 0.0 / kl_free 1.0 / dyn_scale 0.5 / rep_scale 0.1 / dyn_loss 16.0 / rep_loss 16.0 / kl 16.0 / prior_abs_ent 30.2 / post_abs_ent -27.1 / prior_obs_ent 18.7 / post_obs_ent 4.4 / boundary_ratio 0.0 / kl_mask 0.0 / normed_target_mean 0.6 / normed_target_std 0.3 / normed_target_min -0.1 / normed_target_max 1.2 / EMA_005 38.6 / EMA_095 483.5 / value_mean 296.7 / value_std 141.3 / value_min 5.8 / value_max 527.5 / target_mean 300.0 / target_std 143.7 / target_min 5.6 / target_max 574.3 / imag_reward_mean 1.2 / imag_reward_std 4.0 / imag_reward_min -0.0 / imag_reward_max 52.7 / imag_action_mean 7.8 / imag_action_std 4.8 / imag_action_min 0.0 / imag_action_max 17.0 / actor_entropy 0.5 / actor_loss 1.4 / actor_grad_norm 4.4 / value_loss 1.6 / value_grad_norm 1.5 / update_count 15601.0 / fps 12.7
add_video needs package moviepy
add_video needs package moviepy
[109204] 
Start evaluation.
[109204] eval_return 2936.0 / eval_length 1374.6 / eval_episodes 5.0
add_video needs package moviepy
Start training.
[109204] model_loss 17.9 / model_grad_norm 29.0 / image_loss 8.3 / reward_loss 0.1 / cont_loss 0.0 / kl_free 1.0 / dyn_scale 0.5 / rep_scale 0.1 / dyn_loss 15.9 / rep_loss 15.9 / kl 15.9 / prior_abs_ent 29.1 / post_abs_ent -27.5 / prior_obs_ent 18.8 / post_obs_ent 4.4 / boundary_ratio 0.0 / kl_mask 0.0 / normed_target_mean 0.6 / normed_target_std 0.3 / normed_target_min -0.1 / normed_target_max 1.2 / EMA_005 41.9 / EMA_095 485.8 / value_mean 304.6 / value_std 139.6 / value_min 5.4 / value_max 526.9 / target_mean 307.8 / target_std 141.7 / target_min 5.0 / target_max 575.9 / imag_reward_mean 1.2 / imag_reward_std 4.0 / imag_reward_min -0.0 / imag_reward_max 49.6 / imag_action_mean 7.9 / imag_action_std 4.7 / imag_action_min 0.0 / imag_action_max 17.0 / actor_entropy 0.5 / actor_loss 1.3 / actor_grad_norm 4.4 / value_loss 1.6 / value_grad_norm 1.5 / update_count 15757.0 / fps 12.6
add_video needs package moviepy
add_video needs package moviepy
[109828] 
Start evaluation.
[109828] eval_return 3184.0 / eval_length 1349.2 / eval_episodes 5.0
add_video needs package moviepy
Start training.
[109828] model_loss 17.6 / model_grad_norm 26.9 / image_loss 8.1 / reward_loss 0.1 / cont_loss 0.0 / kl_free 1.0 / dyn_scale 0.5 / rep_scale 0.1 / dyn_loss 15.8 / rep_loss 15.8 / kl 15.8 / prior_abs_ent 29.2 / post_abs_ent -27.3 / prior_obs_ent 17.9 / post_obs_ent 3.7 / boundary_ratio 0.0 / kl_mask 0.0 / normed_target_mean 0.6 / normed_target_std 0.3 / normed_target_min -0.1 / normed_target_max 1.2 / EMA_005 39.6 / EMA_095 488.3 / value_mean 300.3 / value_std 143.4 / value_min 5.5 / value_max 527.4 / target_mean 303.5 / target_std 145.5 / target_min 5.2 / target_max 577.0 / imag_reward_mean 1.2 / imag_reward_std 3.8 / imag_reward_min -0.0 / imag_reward_max 33.3 / imag_action_mean 7.9 / imag_action_std 4.6 / imag_action_min 0.0 / imag_action_max 17.0 / actor_entropy 0.5 / actor_loss 1.3 / actor_grad_norm 4.3 / value_loss 1.6 / value_grad_norm 1.5 / update_count 15913.0 / fps 12.6
add_video needs package moviepy
add_video needs package moviepy
[110452] 
Start evaluation.
[110452] eval_return 3172.0 / eval_length 1313.6 / eval_episodes 5.0
add_video needs package moviepy
Start training.
[110452] model_loss 17.7 / model_grad_norm 27.6 / image_loss 8.1 / reward_loss 0.1 / cont_loss 0.0 / kl_free 1.0 / dyn_scale 0.5 / rep_scale 0.1 / dyn_loss 15.9 / rep_loss 15.9 / kl 15.9 / prior_abs_ent 29.4 / post_abs_ent -27.3 / prior_obs_ent 17.9 / post_obs_ent 3.7 / boundary_ratio 0.0 / kl_mask 0.0 / normed_target_mean 0.6 / normed_target_std 0.3 / normed_target_min -0.1 / normed_target_max 1.2 / EMA_005 43.3 / EMA_095 493.5 / value_mean 310.0 / value_std 141.8 / value_min 7.0 / value_max 532.1 / target_mean 313.4 / target_std 144.1 / target_min 6.6 / target_max 579.7 / imag_reward_mean 1.2 / imag_reward_std 4.0 / imag_reward_min -0.0 / imag_reward_max 42.4 / imag_action_mean 7.6 / imag_action_std 4.6 / imag_action_min 0.0 / imag_action_max 17.0 / actor_entropy 0.5 / actor_loss 1.4 / actor_grad_norm 4.3 / value_loss 1.6 / value_grad_norm 1.5 / update_count 16069.0 / fps 12.7
add_video needs package moviepy
add_video needs package moviepy
[111076] dataset_size 27769.0 / train_return 3190.0 / train_length 1312.0 / train_episodes 20.0
[111076] 
Start evaluation.
[111076] eval_return 3276.0 / eval_length 1317.6 / eval_episodes 5.0
add_video needs package moviepy
Start training.
[111076] model_loss 17.8 / model_grad_norm 29.8 / image_loss 8.1 / reward_loss 0.1 / cont_loss 0.0 / kl_free 1.0 / dyn_scale 0.5 / rep_scale 0.1 / dyn_loss 16.0 / rep_loss 16.0 / kl 16.0 / prior_abs_ent 29.7 / post_abs_ent -27.3 / prior_obs_ent 18.5 / post_obs_ent 4.0 / boundary_ratio 0.0 / kl_mask 0.0 / normed_target_mean 0.6 / normed_target_std 0.3 / normed_target_min -0.1 / normed_target_max 1.2 / EMA_005 45.0 / EMA_095 496.4 / value_mean 315.5 / value_std 145.8 / value_min 7.9 / value_max 536.8 / target_mean 318.6 / target_std 147.8 / target_min 7.1 / target_max 582.6 / imag_reward_mean 1.2 / imag_reward_std 3.9 / imag_reward_min -0.0 / imag_reward_max 34.8 / imag_action_mean 7.6 / imag_action_std 4.5 / imag_action_min 0.0 / imag_action_max 17.0 / actor_entropy 0.5 / actor_loss 1.3 / actor_grad_norm 4.4 / value_loss 1.5 / value_grad_norm 1.5 / update_count 16225.0 / fps 12.6
add_video needs package moviepy
add_video needs package moviepy
[111700] 
Start evaluation.
[111700] eval_return 3618.0 / eval_length 1391.2 / eval_episodes 5.0
add_video needs package moviepy
Start training.
[111700] model_loss 17.7 / model_grad_norm 25.7 / image_loss 8.0 / reward_loss 0.1 / cont_loss 0.0 / kl_free 1.0 / dyn_scale 0.5 / rep_scale 0.1 / dyn_loss 16.0 / rep_loss 16.0 / kl 16.0 / prior_abs_ent 29.5 / post_abs_ent -27.3 / prior_obs_ent 17.9 / post_obs_ent 3.5 / boundary_ratio 0.0 / kl_mask 0.0 / normed_target_mean 0.6 / normed_target_std 0.3 / normed_target_min -0.1 / normed_target_max 1.2 / EMA_005 43.6 / EMA_095 500.8 / value_mean 315.2 / value_std 146.1 / value_min 7.2 / value_max 540.9 / target_mean 318.4 / target_std 148.0 / target_min 7.6 / target_max 586.8 / imag_reward_mean 1.3 / imag_reward_std 3.9 / imag_reward_min -0.0 / imag_reward_max 37.0 / imag_action_mean 7.6 / imag_action_std 4.5 / imag_action_min 0.0 / imag_action_max 17.0 / actor_entropy 0.5 / actor_loss 1.3 / actor_grad_norm 4.3 / value_loss 1.5 / value_grad_norm 1.6 / update_count 16381.0 / fps 12.6
add_video needs package moviepy
add_video needs package moviepy
[112324] 
Start evaluation.
[112324] eval_return 2652.0 / eval_length 1241.8 / eval_episodes 5.0
add_video needs package moviepy
Start training.
[112324] model_loss 17.6 / model_grad_norm 27.1 / image_loss 8.0 / reward_loss 0.1 / cont_loss 0.0 / kl_free 1.0 / dyn_scale 0.5 / rep_scale 0.1 / dyn_loss 15.9 / rep_loss 15.9 / kl 15.9 / prior_abs_ent 29.5 / post_abs_ent -27.1 / prior_obs_ent 17.8 / post_obs_ent 3.6 / boundary_ratio 0.0 / kl_mask 0.0 / normed_target_mean 0.6 / normed_target_std 0.3 / normed_target_min -0.1 / normed_target_max 1.2 / EMA_005 43.3 / EMA_095 503.7 / value_mean 314.5 / value_std 146.9 / value_min 4.4 / value_max 548.7 / target_mean 317.5 / target_std 149.1 / target_min 3.7 / target_max 590.5 / imag_reward_mean 1.2 / imag_reward_std 4.0 / imag_reward_min -0.0 / imag_reward_max 42.9 / imag_action_mean 7.7 / imag_action_std 4.5 / imag_action_min 0.0 / imag_action_max 17.0 / actor_entropy 0.5 / actor_loss 1.2 / actor_grad_norm 4.4 / value_loss 1.6 / value_grad_norm 1.6 / update_count 16537.0 / fps 12.9
add_video needs package moviepy
add_video needs package moviepy
[112948] 
Start evaluation.
[112948] eval_return 2938.0 / eval_length 1349.4 / eval_episodes 5.0
add_video needs package moviepy
Start training.
[112948] model_loss 17.6 / model_grad_norm 27.5 / image_loss 7.9 / reward_loss 0.1 / cont_loss 0.0 / kl_free 1.0 / dyn_scale 0.5 / rep_scale 0.1 / dyn_loss 15.9 / rep_loss 15.9 / kl 15.9 / prior_abs_ent 29.7 / post_abs_ent -27.3 / prior_obs_ent 17.7 / post_obs_ent 3.4 / boundary_ratio 0.0 / kl_mask 0.0 / normed_target_mean 0.6 / normed_target_std 0.3 / normed_target_min -0.1 / normed_target_max 1.2 / EMA_005 42.6 / EMA_095 507.8 / value_mean 320.1 / value_std 148.7 / value_min 6.3 / value_max 555.6 / target_mean 323.2 / target_std 151.0 / target_min 6.5 / target_max 595.2 / imag_reward_mean 1.2 / imag_reward_std 4.0 / imag_reward_min -0.0 / imag_reward_max 40.3 / imag_action_mean 7.4 / imag_action_std 4.5 / imag_action_min 0.0 / imag_action_max 17.0 / actor_entropy 0.5 / actor_loss 1.2 / actor_grad_norm 4.2 / value_loss 1.5 / value_grad_norm 1.5 / update_count 16693.0 / fps 12.6
add_video needs package moviepy
add_video needs package moviepy
[113572] 
Start evaluation.
[113572] eval_return 2942.0 / eval_length 1279.0 / eval_episodes 5.0
add_video needs package moviepy
Start training.
[113572] model_loss 17.5 / model_grad_norm 29.2 / image_loss 7.9 / reward_loss 0.1 / cont_loss 0.0 / kl_free 1.0 / dyn_scale 0.5 / rep_scale 0.1 / dyn_loss 15.9 / rep_loss 15.9 / kl 15.9 / prior_abs_ent 29.9 / post_abs_ent -27.2 / prior_obs_ent 17.7 / post_obs_ent 3.4 / boundary_ratio 0.0 / kl_mask 0.0 / normed_target_mean 0.6 / normed_target_std 0.3 / normed_target_min -0.1 / normed_target_max 1.2 / EMA_005 42.3 / EMA_095 512.2 / value_mean 321.3 / value_std 151.3 / value_min 6.3 / value_max 561.7 / target_mean 324.5 / target_std 153.4 / target_min 7.1 / target_max 598.8 / imag_reward_mean 1.2 / imag_reward_std 4.0 / imag_reward_min -0.0 / imag_reward_max 44.0 / imag_action_mean 7.2 / imag_action_std 4.5 / imag_action_min 0.0 / imag_action_max 17.0 / actor_entropy 0.5 / actor_loss 1.2 / actor_grad_norm 4.3 / value_loss 1.5 / value_grad_norm 1.5 / update_count 16849.0 / fps 12.8
add_video needs package moviepy
add_video needs package moviepy
[114196] 
Start evaluation.
[114196] eval_return 3332.0 / eval_length 1434.6 / eval_episodes 5.0
add_video needs package moviepy
Start training.
[114196] model_loss 17.6 / model_grad_norm 27.8 / image_loss 7.9 / reward_loss 0.1 / cont_loss 0.0 / kl_free 1.0 / dyn_scale 0.5 / rep_scale 0.1 / dyn_loss 16.0 / rep_loss 16.0 / kl 16.0 / prior_abs_ent 29.8 / post_abs_ent -27.3 / prior_obs_ent 18.0 / post_obs_ent 3.6 / boundary_ratio 0.0 / kl_mask 0.0 / normed_target_mean 0.6 / normed_target_std 0.3 / normed_target_min -0.1 / normed_target_max 1.2 / EMA_005 45.6 / EMA_095 515.7 / value_mean 324.7 / value_std 151.2 / value_min 4.9 / value_max 569.1 / target_mean 328.1 / target_std 153.4 / target_min 4.9 / target_max 603.3 / imag_reward_mean 1.2 / imag_reward_std 3.8 / imag_reward_min -0.0 / imag_reward_max 24.3 / imag_action_mean 7.2 / imag_action_std 4.5 / imag_action_min 0.0 / imag_action_max 17.0 / actor_entropy 0.5 / actor_loss 1.3 / actor_grad_norm 4.5 / value_loss 1.6 / value_grad_norm 1.7 / update_count 17005.0 / fps 12.3
add_video needs package moviepy
add_video needs package moviepy
[114820] 
Start evaluation.
[114820] eval_return 3690.0 / eval_length 1408.8 / eval_episodes 5.0
add_video needs package moviepy
Start training.
[114820] model_loss 17.4 / model_grad_norm 27.0 / image_loss 7.7 / reward_loss 0.1 / cont_loss 0.0 / kl_free 1.0 / dyn_scale 0.5 / rep_scale 0.1 / dyn_loss 16.0 / rep_loss 16.0 / kl 16.0 / prior_abs_ent 29.9 / post_abs_ent -27.3 / prior_obs_ent 17.2 / post_obs_ent 2.8 / boundary_ratio 0.0 / kl_mask 0.0 / normed_target_mean 0.6 / normed_target_std 0.3 / normed_target_min -0.1 / normed_target_max 1.2 / EMA_005 45.4 / EMA_095 521.5 / value_mean 327.8 / value_std 153.5 / value_min 7.0 / value_max 580.9 / target_mean 331.5 / target_std 155.9 / target_min 7.0 / target_max 616.7 / imag_reward_mean 1.3 / imag_reward_std 4.2 / imag_reward_min -0.0 / imag_reward_max 47.7 / imag_action_mean 7.2 / imag_action_std 4.5 / imag_action_min 0.0 / imag_action_max 17.0 / actor_entropy 0.5 / actor_loss 1.3 / actor_grad_norm 4.6 / value_loss 1.6 / value_grad_norm 1.6 / update_count 17161.0 / fps 12.5
add_video needs package moviepy
add_video needs package moviepy
[115444] 
Start evaluation.
[115444] eval_return 3404.0 / eval_length 1340.2 / eval_episodes 5.0
add_video needs package moviepy
Start training.
[115444] model_loss 17.5 / model_grad_norm 32.4 / image_loss 7.7 / reward_loss 0.1 / cont_loss 0.0 / kl_free 1.0 / dyn_scale 0.5 / rep_scale 0.1 / dyn_loss 16.1 / rep_loss 16.1 / kl 16.1 / prior_abs_ent 29.9 / post_abs_ent -27.4 / prior_obs_ent 17.3 / post_obs_ent 2.8 / boundary_ratio 0.0 / kl_mask 0.0 / normed_target_mean 0.6 / normed_target_std 0.3 / normed_target_min -0.1 / normed_target_max 1.2 / EMA_005 45.5 / EMA_095 530.3 / value_mean 336.4 / value_std 157.4 / value_min 6.7 / value_max 591.6 / target_mean 339.8 / target_std 159.9 / target_min 6.5 / target_max 622.6 / imag_reward_mean 1.3 / imag_reward_std 4.0 / imag_reward_min -0.0 / imag_reward_max 32.9 / imag_action_mean 7.4 / imag_action_std 4.6 / imag_action_min 0.0 / imag_action_max 17.0 / actor_entropy 0.5 / actor_loss 1.3 / actor_grad_norm 4.4 / value_loss 1.6 / value_grad_norm 1.5 / update_count 17317.0 / fps 12.5
add_video needs package moviepy
add_video needs package moviepy
[116060] dataset_size 29015.0 / train_return 3390.0 / train_length 1246.0 / train_episodes 21.0
[116068] 
Start evaluation.
[116068] eval_return 3382.0 / eval_length 1314.8 / eval_episodes 5.0
add_video needs package moviepy
Start training.
[116068] model_loss 17.4 / model_grad_norm 27.7 / image_loss 7.7 / reward_loss 0.1 / cont_loss 0.0 / kl_free 1.0 / dyn_scale 0.5 / rep_scale 0.1 / dyn_loss 16.0 / rep_loss 16.0 / kl 16.0 / prior_abs_ent 29.8 / post_abs_ent -27.3 / prior_obs_ent 17.5 / post_obs_ent 3.1 / boundary_ratio 0.0 / kl_mask 0.0 / normed_target_mean 0.6 / normed_target_std 0.3 / normed_target_min -0.1 / normed_target_max 1.2 / EMA_005 45.7 / EMA_095 534.4 / value_mean 335.5 / value_std 158.9 / value_min 5.2 / value_max 592.6 / target_mean 338.8 / target_std 160.9 / target_min 6.0 / target_max 624.7 / imag_reward_mean 1.3 / imag_reward_std 4.1 / imag_reward_min -0.0 / imag_reward_max 41.8 / imag_action_mean 7.3 / imag_action_std 4.4 / imag_action_min 0.0 / imag_action_max 17.0 / actor_entropy 0.5 / actor_loss 1.2 / actor_grad_norm 4.6 / value_loss 1.6 / value_grad_norm 1.6 / update_count 17473.0 / fps 12.7
add_video needs package moviepy
add_video needs package moviepy
[116692] 
Start evaluation.
[116692] eval_return 2892.0 / eval_length 1286.0 / eval_episodes 5.0
add_video needs package moviepy
Start training.
[116692] model_loss 17.4 / model_grad_norm 29.3 / image_loss 7.7 / reward_loss 0.1 / cont_loss 0.0 / kl_free 1.0 / dyn_scale 0.5 / rep_scale 0.1 / dyn_loss 16.0 / rep_loss 16.0 / kl 16.0 / prior_abs_ent 29.9 / post_abs_ent -27.3 / prior_obs_ent 17.5 / post_obs_ent 3.0 / boundary_ratio 0.0 / kl_mask 0.0 / normed_target_mean 0.6 / normed_target_std 0.3 / normed_target_min -0.1 / normed_target_max 1.2 / EMA_005 45.6 / EMA_095 537.1 / value_mean 339.7 / value_std 157.5 / value_min 5.8 / value_max 597.1 / target_mean 343.1 / target_std 159.7 / target_min 5.6 / target_max 631.7 / imag_reward_mean 1.3 / imag_reward_std 3.9 / imag_reward_min -0.0 / imag_reward_max 35.3 / imag_action_mean 7.2 / imag_action_std 4.4 / imag_action_min 0.0 / imag_action_max 17.0 / actor_entropy 0.5 / actor_loss 1.2 / actor_grad_norm 4.6 / value_loss 1.6 / value_grad_norm 1.7 / update_count 17629.0 / fps 12.8
add_video needs package moviepy
add_video needs package moviepy
[117316] 
Start evaluation.
[117316] eval_return 2606.0 / eval_length 1162.4 / eval_episodes 5.0
add_video needs package moviepy
Start training.
[117316] model_loss 17.2 / model_grad_norm 27.1 / image_loss 7.5 / reward_loss 0.1 / cont_loss 0.0 / kl_free 1.0 / dyn_scale 0.5 / rep_scale 0.1 / dyn_loss 16.0 / rep_loss 16.0 / kl 16.0 / prior_abs_ent 29.4 / post_abs_ent -27.3 / prior_obs_ent 17.2 / post_obs_ent 2.8 / boundary_ratio 0.0 / kl_mask 0.0 / normed_target_mean 0.6 / normed_target_std 0.3 / normed_target_min -0.1 / normed_target_max 1.2 / EMA_005 51.2 / EMA_095 543.3 / value_mean 349.5 / value_std 160.2 / value_min 7.1 / value_max 605.3 / target_mean 353.0 / target_std 162.5 / target_min 6.7 / target_max 639.8 / imag_reward_mean 1.4 / imag_reward_std 3.9 / imag_reward_min -0.0 / imag_reward_max 25.4 / imag_action_mean 7.3 / imag_action_std 4.4 / imag_action_min 0.0 / imag_action_max 17.0 / actor_entropy 0.5 / actor_loss 1.3 / actor_grad_norm 4.7 / value_loss 1.6 / value_grad_norm 1.6 / update_count 17785.0 / fps 13.2
add_video needs package moviepy
add_video needs package moviepy
[117940] 
Start evaluation.
[117940] eval_return 2376.0 / eval_length 1077.2 / eval_episodes 5.0
add_video needs package moviepy
Start training.
[117940] model_loss 17.2 / model_grad_norm 26.1 / image_loss 7.5 / reward_loss 0.1 / cont_loss 0.0 / kl_free 1.0 / dyn_scale 0.5 / rep_scale 0.1 / dyn_loss 16.0 / rep_loss 16.0 / kl 16.0 / prior_abs_ent 29.6 / post_abs_ent -27.2 / prior_obs_ent 17.7 / post_obs_ent 3.4 / boundary_ratio 0.0 / kl_mask 0.0 / normed_target_mean 0.6 / normed_target_std 0.3 / normed_target_min -0.1 / normed_target_max 1.2 / EMA_005 46.9 / EMA_095 549.6 / value_mean 343.5 / value_std 167.0 / value_min 6.5 / value_max 606.8 / target_mean 346.6 / target_std 169.2 / target_min 6.3 / target_max 645.8 / imag_reward_mean 1.2 / imag_reward_std 3.8 / imag_reward_min -0.0 / imag_reward_max 29.7 / imag_action_mean 7.1 / imag_action_std 4.3 / imag_action_min 0.0 / imag_action_max 17.0 / actor_entropy 0.5 / actor_loss 1.2 / actor_grad_norm 4.6 / value_loss 1.6 / value_grad_norm 1.6 / update_count 17941.0 / fps 13.4
add_video needs package moviepy
add_video needs package moviepy
[118564] 
Start evaluation.
[118564] eval_return 3324.0 / eval_length 1394.6 / eval_episodes 5.0
add_video needs package moviepy
Start training.
[118564] model_loss 18.3 / model_grad_norm 53.9 / image_loss 8.1 / reward_loss 0.1 / cont_loss 0.0 / kl_free 1.0 / dyn_scale 0.5 / rep_scale 0.1 / dyn_loss 16.7 / rep_loss 16.7 / kl 16.7 / prior_abs_ent 30.0 / post_abs_ent -27.3 / prior_obs_ent 19.3 / post_obs_ent 4.3 / boundary_ratio 0.0 / kl_mask 0.0 / normed_target_mean 0.6 / normed_target_std 0.3 / normed_target_min -0.1 / normed_target_max 1.2 / EMA_005 43.0 / EMA_095 554.1 / value_mean 348.0 / value_std 168.5 / value_min 6.0 / value_max 608.7 / target_mean 351.1 / target_std 170.4 / target_min 5.1 / target_max 644.0 / imag_reward_mean 1.3 / imag_reward_std 3.9 / imag_reward_min -0.0 / imag_reward_max 33.9 / imag_action_mean 7.2 / imag_action_std 4.3 / imag_action_min 0.0 / imag_action_max 17.0 / actor_entropy 0.5 / actor_loss 1.1 / actor_grad_norm 4.9 / value_loss 1.6 / value_grad_norm 1.7 / update_count 18097.0 / fps 12.4
add_video needs package moviepy
add_video needs package moviepy
[119188] 
Start evaluation.
[119188] eval_return 3350.0 / eval_length 1313.0 / eval_episodes 5.0
add_video needs package moviepy
Start training.
[119188] model_loss 17.0 / model_grad_norm 24.3 / image_loss 7.3 / reward_loss 0.1 / cont_loss 0.0 / kl_free 1.0 / dyn_scale 0.5 / rep_scale 0.1 / dyn_loss 15.9 / rep_loss 15.9 / kl 15.9 / prior_abs_ent 29.8 / post_abs_ent -27.3 / prior_obs_ent 17.4 / post_obs_ent 3.0 / boundary_ratio 0.0 / kl_mask 0.0 / normed_target_mean 0.6 / normed_target_std 0.3 / normed_target_min -0.1 / normed_target_max 1.2 / EMA_005 40.5 / EMA_095 556.8 / value_mean 350.0 / value_std 168.3 / value_min 5.7 / value_max 611.4 / target_mean 353.2 / target_std 170.3 / target_min 5.5 / target_max 653.0 / imag_reward_mean 1.3 / imag_reward_std 4.4 / imag_reward_min -0.0 / imag_reward_max 54.8 / imag_action_mean 7.2 / imag_action_std 4.3 / imag_action_min 0.0 / imag_action_max 17.0 / actor_entropy 0.5 / actor_loss 1.2 / actor_grad_norm 4.8 / value_loss 1.6 / value_grad_norm 1.5 / update_count 18253.0 / fps 12.7
add_video needs package moviepy
add_video needs package moviepy
[119812] 
Start evaluation.
[119812] eval_return 2450.0 / eval_length 1157.2 / eval_episodes 5.0
add_video needs package moviepy
Start training.
[119812] model_loss 17.0 / model_grad_norm 26.0 / image_loss 7.3 / reward_loss 0.1 / cont_loss 0.0 / kl_free 1.0 / dyn_scale 0.5 / rep_scale 0.1 / dyn_loss 15.9 / rep_loss 15.9 / kl 15.9 / prior_abs_ent 29.7 / post_abs_ent -27.3 / prior_obs_ent 16.4 / post_obs_ent 2.1 / boundary_ratio 0.0 / kl_mask 0.0 / normed_target_mean 0.6 / normed_target_std 0.3 / normed_target_min -0.1 / normed_target_max 1.2 / EMA_005 41.4 / EMA_095 562.1 / value_mean 356.6 / value_std 168.3 / value_min 6.1 / value_max 616.0 / target_mean 359.7 / target_std 170.1 / target_min 5.7 / target_max 658.0 / imag_reward_mean 1.3 / imag_reward_std 3.8 / imag_reward_min -0.0 / imag_reward_max 21.0 / imag_action_mean 7.3 / imag_action_std 4.3 / imag_action_min 0.0 / imag_action_max 17.0 / actor_entropy 0.5 / actor_loss 1.2 / actor_grad_norm 4.6 / value_loss 1.6 / value_grad_norm 1.5 / update_count 18409.0 / fps 13.1
add_video needs package moviepy
add_video needs package moviepy
[120436] 
Start evaluation.
[120436] eval_return 2916.0 / eval_length 1322.6 / eval_episodes 5.0
add_video needs package moviepy
Start training.
[120436] model_loss 16.7 / model_grad_norm 24.7 / image_loss 7.2 / reward_loss 0.1 / cont_loss 0.0 / kl_free 1.0 / dyn_scale 0.5 / rep_scale 0.1 / dyn_loss 15.7 / rep_loss 15.7 / kl 15.7 / prior_abs_ent 29.7 / post_abs_ent -27.3 / prior_obs_ent 16.0 / post_obs_ent 1.8 / boundary_ratio 0.0 / kl_mask 0.0 / normed_target_mean 0.6 / normed_target_std 0.3 / normed_target_min -0.1 / normed_target_max 1.2 / EMA_005 41.8 / EMA_095 565.5 / value_mean 352.7 / value_std 172.4 / value_min 5.2 / value_max 615.4 / target_mean 355.7 / target_std 174.2 / target_min 4.9 / target_max 657.1 / imag_reward_mean 1.3 / imag_reward_std 4.1 / imag_reward_min -0.0 / imag_reward_max 48.8 / imag_action_mean 7.2 / imag_action_std 4.3 / imag_action_min 0.0 / imag_action_max 17.0 / actor_entropy 0.5 / actor_loss 1.1 / actor_grad_norm 4.5 / value_loss 1.5 / value_grad_norm 1.5 / update_count 18565.0 / fps 12.7
add_video needs package moviepy
add_video needs package moviepy
[121060] 
Start evaluation.
[121060] eval_return 3194.0 / eval_length 1451.0 / eval_episodes 5.0
add_video needs package moviepy
Start training.
[121060] model_loss 17.2 / model_grad_norm 29.2 / image_loss 7.4 / reward_loss 0.1 / cont_loss 0.0 / kl_free 1.0 / dyn_scale 0.5 / rep_scale 0.1 / dyn_loss 16.2 / rep_loss 16.2 / kl 16.2 / prior_abs_ent 30.1 / post_abs_ent -27.4 / prior_obs_ent 16.5 / post_obs_ent 2.0 / boundary_ratio 0.0 / kl_mask 0.0 / normed_target_mean 0.6 / normed_target_std 0.3 / normed_target_min -0.1 / normed_target_max 1.2 / EMA_005 41.3 / EMA_095 568.0 / value_mean 363.0 / value_std 169.1 / value_min 6.3 / value_max 615.6 / target_mean 366.4 / target_std 171.1 / target_min 6.1 / target_max 661.4 / imag_reward_mean 1.4 / imag_reward_std 4.1 / imag_reward_min -0.0 / imag_reward_max 36.3 / imag_action_mean 7.3 / imag_action_std 4.3 / imag_action_min 0.0 / imag_action_max 17.0 / actor_entropy 0.5 / actor_loss 1.2 / actor_grad_norm 4.6 / value_loss 1.5 / value_grad_norm 1.5 / update_count 18721.0 / fps 12.3
add_video needs package moviepy
add_video needs package moviepy
[121684] 
Start evaluation.
[121684] eval_return 3276.0 / eval_length 1339.8 / eval_episodes 5.0
add_video needs package moviepy
Start training.
[121684] model_loss 16.9 / model_grad_norm 27.5 / image_loss 7.2 / reward_loss 0.1 / cont_loss 0.0 / kl_free 1.0 / dyn_scale 0.5 / rep_scale 0.1 / dyn_loss 15.9 / rep_loss 15.9 / kl 15.9 / prior_abs_ent 30.0 / post_abs_ent -27.4 / prior_obs_ent 16.0 / post_obs_ent 1.7 / boundary_ratio 0.0 / kl_mask 0.0 / normed_target_mean 0.6 / normed_target_std 0.3 / normed_target_min -0.1 / normed_target_max 1.2 / EMA_005 47.2 / EMA_095 569.3 / value_mean 364.1 / value_std 169.0 / value_min 7.9 / value_max 614.9 / target_mean 367.3 / target_std 170.7 / target_min 8.5 / target_max 659.1 / imag_reward_mean 1.3 / imag_reward_std 4.0 / imag_reward_min -0.0 / imag_reward_max 36.7 / imag_action_mean 7.1 / imag_action_std 4.3 / imag_action_min 0.0 / imag_action_max 17.0 / actor_entropy 0.5 / actor_loss 1.2 / actor_grad_norm 4.5 / value_loss 1.5 / value_grad_norm 1.5 / update_count 18877.0 / fps 12.6
add_video needs package moviepy
add_video needs package moviepy
[121888] dataset_size 30472.0 / train_return 3260.0 / train_length 1457.0 / train_episodes 22.0
[122308] 
Start evaluation.
[122308] eval_return 2480.0 / eval_length 1236.2 / eval_episodes 5.0
add_video needs package moviepy
Start training.
[122308] model_loss 16.9 / model_grad_norm 26.2 / image_loss 7.2 / reward_loss 0.1 / cont_loss 0.0 / kl_free 1.0 / dyn_scale 0.5 / rep_scale 0.1 / dyn_loss 16.1 / rep_loss 16.1 / kl 16.1 / prior_abs_ent 29.7 / post_abs_ent -27.5 / prior_obs_ent 15.8 / post_obs_ent 1.3 / boundary_ratio 0.0 / kl_mask 0.0 / normed_target_mean 0.6 / normed_target_std 0.3 / normed_target_min -0.1 / normed_target_max 1.2 / EMA_005 48.7 / EMA_095 572.7 / value_mean 371.2 / value_std 169.6 / value_min 5.7 / value_max 618.7 / target_mean 374.5 / target_std 171.2 / target_min 5.7 / target_max 667.5 / imag_reward_mean 1.4 / imag_reward_std 4.3 / imag_reward_min -0.0 / imag_reward_max 44.6 / imag_action_mean 7.2 / imag_action_std 4.3 / imag_action_min 0.0 / imag_action_max 17.0 / actor_entropy 0.5 / actor_loss 1.2 / actor_grad_norm 4.6 / value_loss 1.5 / value_grad_norm 1.5 / update_count 19033.0 / fps 12.8
add_video needs package moviepy
add_video needs package moviepy
[122932] 
Start evaluation.
[122932] eval_return 2856.0 / eval_length 1302.2 / eval_episodes 5.0
add_video needs package moviepy
Start training.
[122932] model_loss 17.0 / model_grad_norm 26.5 / image_loss 7.2 / reward_loss 0.1 / cont_loss 0.0 / kl_free 1.0 / dyn_scale 0.5 / rep_scale 0.1 / dyn_loss 16.1 / rep_loss 16.1 / kl 16.1 / prior_abs_ent 29.9 / post_abs_ent -27.4 / prior_obs_ent 16.2 / post_obs_ent 1.7 / boundary_ratio 0.0 / kl_mask 0.0 / normed_target_mean 0.6 / normed_target_std 0.3 / normed_target_min -0.1 / normed_target_max 1.2 / EMA_005 49.6 / EMA_095 577.6 / value_mean 370.9 / value_std 170.8 / value_min 5.5 / value_max 619.7 / target_mean 373.8 / target_std 172.6 / target_min 5.7 / target_max 665.8 / imag_reward_mean 1.4 / imag_reward_std 4.2 / imag_reward_min -0.0 / imag_reward_max 39.7 / imag_action_mean 7.4 / imag_action_std 4.4 / imag_action_min 0.0 / imag_action_max 17.0 / actor_entropy 0.5 / actor_loss 1.1 / actor_grad_norm 4.7 / value_loss 1.5 / value_grad_norm 1.5 / update_count 19189.0 / fps 12.7
add_video needs package moviepy
add_video needs package moviepy
[123556] 
Start evaluation.
[123556] eval_return 3560.0 / eval_length 1319.4 / eval_episodes 5.0
add_video needs package moviepy
Start training.
[123556] model_loss 16.9 / model_grad_norm 29.0 / image_loss 7.2 / reward_loss 0.1 / cont_loss 0.0 / kl_free 1.0 / dyn_scale 0.5 / rep_scale 0.1 / dyn_loss 16.0 / rep_loss 16.0 / kl 16.0 / prior_abs_ent 30.0 / post_abs_ent -27.3 / prior_obs_ent 16.0 / post_obs_ent 1.7 / boundary_ratio 0.0 / kl_mask 0.0 / normed_target_mean 0.6 / normed_target_std 0.3 / normed_target_min -0.1 / normed_target_max 1.2 / EMA_005 48.2 / EMA_095 579.2 / value_mean 370.0 / value_std 174.1 / value_min 7.0 / value_max 620.7 / target_mean 373.0 / target_std 175.7 / target_min 7.0 / target_max 668.9 / imag_reward_mean 1.3 / imag_reward_std 4.0 / imag_reward_min -0.0 / imag_reward_max 33.4 / imag_action_mean 7.1 / imag_action_std 4.3 / imag_action_min 0.0 / imag_action_max 17.0 / actor_entropy 0.4 / actor_loss 1.1 / actor_grad_norm 4.7 / value_loss 1.5 / value_grad_norm 1.6 / update_count 19345.0 / fps 12.7
add_video needs package moviepy
add_video needs package moviepy
[124180] 
Start evaluation.
[124180] eval_return 2826.0 / eval_length 1354.0 / eval_episodes 5.0
add_video needs package moviepy
Start training.
[124180] model_loss 16.9 / model_grad_norm 30.3 / image_loss 7.2 / reward_loss 0.1 / cont_loss 0.0 / kl_free 1.0 / dyn_scale 0.5 / rep_scale 0.1 / dyn_loss 16.1 / rep_loss 16.1 / kl 16.1 / prior_abs_ent 29.7 / post_abs_ent -27.4 / prior_obs_ent 15.9 / post_obs_ent 1.5 / boundary_ratio 0.0 / kl_mask 0.0 / normed_target_mean 0.6 / normed_target_std 0.3 / normed_target_min -0.1 / normed_target_max 1.2 / EMA_005 52.0 / EMA_095 582.7 / value_mean 374.6 / value_std 173.9 / value_min 7.1 / value_max 626.9 / target_mean 377.5 / target_std 175.7 / target_min 8.2 / target_max 674.2 / imag_reward_mean 1.3 / imag_reward_std 4.0 / imag_reward_min -0.0 / imag_reward_max 26.9 / imag_action_mean 7.1 / imag_action_std 4.3 / imag_action_min 0.0 / imag_action_max 17.0 / actor_entropy 0.4 / actor_loss 1.0 / actor_grad_norm 4.5 / value_loss 1.5 / value_grad_norm 1.5 / update_count 19501.0 / fps 12.5
add_video needs package moviepy
add_video needs package moviepy
[124804] 
Start evaluation.
[124804] eval_return 3286.0 / eval_length 1293.2 / eval_episodes 5.0
add_video needs package moviepy
Start training.
[124804] model_loss 16.8 / model_grad_norm 30.2 / image_loss 7.1 / reward_loss 0.1 / cont_loss 0.0 / kl_free 1.0 / dyn_scale 0.5 / rep_scale 0.1 / dyn_loss 16.1 / rep_loss 16.1 / kl 16.1 / prior_abs_ent 29.6 / post_abs_ent -27.4 / prior_obs_ent 15.7 / post_obs_ent 1.2 / boundary_ratio 0.0 / kl_mask 0.0 / normed_target_mean 0.6 / normed_target_std 0.3 / normed_target_min -0.1 / normed_target_max 1.2 / EMA_005 52.2 / EMA_095 586.4 / value_mean 384.1 / value_std 170.6 / value_min 9.5 / value_max 633.2 / target_mean 387.2 / target_std 172.3 / target_min 10.3 / target_max 674.8 / imag_reward_mean 1.4 / imag_reward_std 4.3 / imag_reward_min -0.0 / imag_reward_max 42.0 / imag_action_mean 7.3 / imag_action_std 4.4 / imag_action_min 0.0 / imag_action_max 17.0 / actor_entropy 0.4 / actor_loss 1.1 / actor_grad_norm 4.7 / value_loss 1.4 / value_grad_norm 1.4 / update_count 19657.0 / fps 12.8
add_video needs package moviepy
add_video needs package moviepy
[125428] 
Start evaluation.
[125428] eval_return 3216.0 / eval_length 1329.4 / eval_episodes 5.0
add_video needs package moviepy
Start training.
[125428] model_loss 17.1 / model_grad_norm 31.4 / image_loss 7.2 / reward_loss 0.1 / cont_loss 0.0 / kl_free 1.0 / dyn_scale 0.5 / rep_scale 0.1 / dyn_loss 16.2 / rep_loss 16.2 / kl 16.2 / prior_abs_ent 30.1 / post_abs_ent -27.4 / prior_obs_ent 16.1 / post_obs_ent 1.5 / boundary_ratio 0.0 / kl_mask 0.0 / normed_target_mean 0.6 / normed_target_std 0.3 / normed_target_min -0.1 / normed_target_max 1.2 / EMA_005 53.4 / EMA_095 589.4 / value_mean 381.8 / value_std 175.5 / value_min 7.6 / value_max 634.0 / target_mean 385.1 / target_std 177.2 / target_min 6.6 / target_max 676.1 / imag_reward_mean 1.4 / imag_reward_std 4.3 / imag_reward_min -0.0 / imag_reward_max 43.9 / imag_action_mean 7.3 / imag_action_std 4.3 / imag_action_min 0.0 / imag_action_max 17.0 / actor_entropy 0.4 / actor_loss 1.2 / actor_grad_norm 4.6 / value_loss 1.5 / value_grad_norm 1.4 / update_count 19813.0 / fps 12.8
add_video needs package moviepy
add_video needs package moviepy
[126052] 
Start evaluation.
[126052] eval_return 3392.0 / eval_length 1381.2 / eval_episodes 5.0
add_video needs package moviepy
Start training.
[126052] model_loss 16.8 / model_grad_norm 25.0 / image_loss 7.1 / reward_loss 0.1 / cont_loss 0.0 / kl_free 1.0 / dyn_scale 0.5 / rep_scale 0.1 / dyn_loss 16.1 / rep_loss 16.1 / kl 16.1 / prior_abs_ent 29.9 / post_abs_ent -27.4 / prior_obs_ent 15.7 / post_obs_ent 1.2 / boundary_ratio 0.0 / kl_mask 0.0 / normed_target_mean 0.6 / normed_target_std 0.3 / normed_target_min -0.1 / normed_target_max 1.2 / EMA_005 49.8 / EMA_095 591.4 / value_mean 381.7 / value_std 175.9 / value_min 7.1 / value_max 637.9 / target_mean 384.8 / target_std 177.7 / target_min 6.6 / target_max 679.9 / imag_reward_mean 1.4 / imag_reward_std 4.1 / imag_reward_min -0.0 / imag_reward_max 35.4 / imag_action_mean 7.3 / imag_action_std 4.2 / imag_action_min 0.0 / imag_action_max 17.0 / actor_entropy 0.4 / actor_loss 1.1 / actor_grad_norm 4.8 / value_loss 1.5 / value_grad_norm 1.5 / update_count 19969.0 / fps 12.5
add_video needs package moviepy
add_video needs package moviepy
[126676] 
Start evaluation.
[126676] eval_return 2730.0 / eval_length 1241.0 / eval_episodes 5.0
add_video needs package moviepy
Start training.
[126676] model_loss 16.8 / model_grad_norm 32.4 / image_loss 7.1 / reward_loss 0.1 / cont_loss 0.0 / kl_free 1.0 / dyn_scale 0.5 / rep_scale 0.1 / dyn_loss 16.1 / rep_loss 16.1 / kl 16.1 / prior_abs_ent 29.6 / post_abs_ent -27.4 / prior_obs_ent 15.9 / post_obs_ent 1.3 / boundary_ratio 0.0 / kl_mask 0.0 / normed_target_mean 0.6 / normed_target_std 0.3 / normed_target_min -0.1 / normed_target_max 1.2 / EMA_005 54.9 / EMA_095 595.8 / value_mean 384.5 / value_std 179.1 / value_min 7.5 / value_max 646.5 / target_mean 387.6 / target_std 180.6 / target_min 8.4 / target_max 684.5 / imag_reward_mean 1.4 / imag_reward_std 4.3 / imag_reward_min -0.0 / imag_reward_max 46.0 / imag_action_mean 7.2 / imag_action_std 4.1 / imag_action_min 0.0 / imag_action_max 17.0 / actor_entropy 0.4 / actor_loss 1.1 / actor_grad_norm 4.7 / value_loss 1.5 / value_grad_norm 1.5 / update_count 20125.0 / fps 12.8
add_video needs package moviepy
add_video needs package moviepy
[126904] dataset_size 31726.0 / train_return 2990.0 / train_length 1254.0 / train_episodes 23.0
[127300] 
Start evaluation.
[127300] eval_return 2546.0 / eval_length 1196.6 / eval_episodes 5.0
add_video needs package moviepy
Start training.
[127300] model_loss 17.0 / model_grad_norm 30.6 / image_loss 7.1 / reward_loss 0.1 / cont_loss 0.0 / kl_free 1.0 / dyn_scale 0.5 / rep_scale 0.1 / dyn_loss 16.3 / rep_loss 16.3 / kl 16.3 / prior_abs_ent 30.1 / post_abs_ent -27.4 / prior_obs_ent 16.2 / post_obs_ent 1.5 / boundary_ratio 0.0 / kl_mask 0.0 / normed_target_mean 0.6 / normed_target_std 0.3 / normed_target_min -0.1 / normed_target_max 1.2 / EMA_005 52.0 / EMA_095 600.2 / value_mean 388.9 / value_std 179.8 / value_min 8.6 / value_max 656.1 / target_mean 392.0 / target_std 181.8 / target_min 10.2 / target_max 688.7 / imag_reward_mean 1.4 / imag_reward_std 4.1 / imag_reward_min -0.0 / imag_reward_max 42.0 / imag_action_mean 7.2 / imag_action_std 4.2 / imag_action_min 0.0 / imag_action_max 17.0 / actor_entropy 0.4 / actor_loss 1.1 / actor_grad_norm 4.6 / value_loss 1.5 / value_grad_norm 1.4 / update_count 20281.0 / fps 13.0
add_video needs package moviepy
add_video needs package moviepy
[127924] 
Start evaluation.
[127924] eval_return 2836.0 / eval_length 1368.6 / eval_episodes 5.0
add_video needs package moviepy
Start training.
[127924] model_loss 16.8 / model_grad_norm 28.0 / image_loss 7.1 / reward_loss 0.1 / cont_loss 0.0 / kl_free 1.0 / dyn_scale 0.5 / rep_scale 0.1 / dyn_loss 16.0 / rep_loss 16.0 / kl 16.0 / prior_abs_ent 29.8 / post_abs_ent -27.3 / prior_obs_ent 16.2 / post_obs_ent 1.7 / boundary_ratio 0.0 / kl_mask 0.0 / normed_target_mean 0.6 / normed_target_std 0.3 / normed_target_min -0.1 / normed_target_max 1.2 / EMA_005 55.0 / EMA_095 606.0 / value_mean 394.8 / value_std 177.7 / value_min 8.6 / value_max 661.7 / target_mean 397.8 / target_std 179.4 / target_min 8.7 / target_max 691.5 / imag_reward_mean 1.4 / imag_reward_std 4.1 / imag_reward_min -0.0 / imag_reward_max 34.3 / imag_action_mean 7.2 / imag_action_std 4.1 / imag_action_min 0.0 / imag_action_max 17.0 / actor_entropy 0.4 / actor_loss 1.1 / actor_grad_norm 4.7 / value_loss 1.5 / value_grad_norm 1.4 / update_count 20437.0 / fps 12.4
add_video needs package moviepy
add_video needs package moviepy
[128548] 
Start evaluation.
[128548] eval_return 2954.0 / eval_length 1309.8 / eval_episodes 5.0
add_video needs package moviepy
Start training.
[128548] model_loss 16.7 / model_grad_norm 28.2 / image_loss 7.0 / reward_loss 0.1 / cont_loss 0.0 / kl_free 1.0 / dyn_scale 0.5 / rep_scale 0.1 / dyn_loss 16.1 / rep_loss 16.1 / kl 16.1 / prior_abs_ent 29.9 / post_abs_ent -27.4 / prior_obs_ent 15.8 / post_obs_ent 1.3 / boundary_ratio 0.0 / kl_mask 0.0 / normed_target_mean 0.6 / normed_target_std 0.3 / normed_target_min -0.1 / normed_target_max 1.2 / EMA_005 52.8 / EMA_095 609.3 / value_mean 397.5 / value_std 179.2 / value_min 8.8 / value_max 669.4 / target_mean 400.5 / target_std 181.1 / target_min 8.5 / target_max 700.3 / imag_reward_mean 1.4 / imag_reward_std 4.2 / imag_reward_min -0.0 / imag_reward_max 46.5 / imag_action_mean 7.2 / imag_action_std 4.1 / imag_action_min 0.0 / imag_action_max 17.0 / actor_entropy 0.4 / actor_loss 1.1 / actor_grad_norm 4.7 / value_loss 1.5 / value_grad_norm 1.4 / update_count 20593.0 / fps 12.7
add_video needs package moviepy
add_video needs package moviepy
[129172] 
Start evaluation.
[129172] eval_return 3664.0 / eval_length 1375.6 / eval_episodes 5.0
add_video needs package moviepy
Start training.
[129172] model_loss 16.8 / model_grad_norm 29.2 / image_loss 7.0 / reward_loss 0.1 / cont_loss 0.0 / kl_free 1.0 / dyn_scale 0.5 / rep_scale 0.1 / dyn_loss 16.2 / rep_loss 16.2 / kl 16.2 / prior_abs_ent 29.6 / post_abs_ent -27.4 / prior_obs_ent 16.2 / post_obs_ent 1.6 / boundary_ratio 0.0 / kl_mask 0.0 / normed_target_mean 0.6 / normed_target_std 0.3 / normed_target_min -0.1 / normed_target_max 1.2 / EMA_005 53.5 / EMA_095 612.5 / value_mean 396.8 / value_std 181.7 / value_min 6.4 / value_max 677.0 / target_mean 399.9 / target_std 183.5 / target_min 6.4 / target_max 705.7 / imag_reward_mean 1.4 / imag_reward_std 4.1 / imag_reward_min -0.0 / imag_reward_max 33.0 / imag_action_mean 7.3 / imag_action_std 4.1 / imag_action_min 0.0 / imag_action_max 17.0 / actor_entropy 0.4 / actor_loss 1.1 / actor_grad_norm 4.8 / value_loss 1.5 / value_grad_norm 1.4 / update_count 20749.0 / fps 12.5
add_video needs package moviepy
add_video needs package moviepy
[129796] 
Start evaluation.
[129796] eval_return 2990.0 / eval_length 1336.8 / eval_episodes 5.0
add_video needs package moviepy
Start training.
[129796] model_loss 16.7 / model_grad_norm 26.8 / image_loss 6.9 / reward_loss 0.1 / cont_loss 0.0 / kl_free 1.0 / dyn_scale 0.5 / rep_scale 0.1 / dyn_loss 16.1 / rep_loss 16.1 / kl 16.1 / prior_abs_ent 30.1 / post_abs_ent -27.4 / prior_obs_ent 15.9 / post_obs_ent 1.3 / boundary_ratio 0.0 / kl_mask 0.0 / normed_target_mean 0.6 / normed_target_std 0.3 / normed_target_min -0.1 / normed_target_max 1.2 / EMA_005 52.7 / EMA_095 618.5 / value_mean 398.9 / value_std 185.2 / value_min 9.2 / value_max 685.5 / target_mean 401.9 / target_std 186.9 / target_min 9.5 / target_max 714.5 / imag_reward_mean 1.4 / imag_reward_std 4.2 / imag_reward_min -0.0 / imag_reward_max 39.6 / imag_action_mean 7.5 / imag_action_std 4.1 / imag_action_min 0.0 / imag_action_max 17.0 / actor_entropy 0.4 / actor_loss 1.1 / actor_grad_norm 4.8 / value_loss 1.5 / value_grad_norm 1.4 / update_count 20905.0 / fps 12.5
add_video needs package moviepy
add_video needs package moviepy
[130420] 
Start evaluation.
[130420] eval_return 3532.0 / eval_length 1384.8 / eval_episodes 5.0
add_video needs package moviepy
Start training.
[130420] model_loss 16.8 / model_grad_norm 29.7 / image_loss 7.0 / reward_loss 0.1 / cont_loss 0.0 / kl_free 1.0 / dyn_scale 0.5 / rep_scale 0.1 / dyn_loss 16.3 / rep_loss 16.3 / kl 16.3 / prior_abs_ent 29.7 / post_abs_ent -27.4 / prior_obs_ent 16.1 / post_obs_ent 1.4 / boundary_ratio 0.0 / kl_mask 0.0 / normed_target_mean 0.6 / normed_target_std 0.3 / normed_target_min -0.1 / normed_target_max 1.2 / EMA_005 51.1 / EMA_095 623.3 / value_mean 405.1 / value_std 186.9 / value_min 7.9 / value_max 692.7 / target_mean 408.5 / target_std 188.8 / target_min 8.8 / target_max 721.7 / imag_reward_mean 1.4 / imag_reward_std 4.3 / imag_reward_min -0.0 / imag_reward_max 42.1 / imag_action_mean 7.5 / imag_action_std 4.0 / imag_action_min 0.0 / imag_action_max 17.0 / actor_entropy 0.4 / actor_loss 1.2 / actor_grad_norm 4.9 / value_loss 1.5 / value_grad_norm 1.4 / update_count 21061.0 / fps 12.4
add_video needs package moviepy
add_video needs package moviepy
[131044] 
Start evaluation.
[131044] eval_return 2644.0 / eval_length 1142.2 / eval_episodes 5.0
add_video needs package moviepy
Start training.
[131044] model_loss 16.9 / model_grad_norm 30.2 / image_loss 7.0 / reward_loss 0.1 / cont_loss 0.0 / kl_free 1.0 / dyn_scale 0.5 / rep_scale 0.1 / dyn_loss 16.4 / rep_loss 16.4 / kl 16.4 / prior_abs_ent 29.5 / post_abs_ent -27.5 / prior_obs_ent 15.8 / post_obs_ent 1.0 / boundary_ratio 0.0 / kl_mask 0.0 / normed_target_mean 0.6 / normed_target_std 0.3 / normed_target_min -0.1 / normed_target_max 1.2 / EMA_005 53.9 / EMA_095 630.0 / value_mean 410.0 / value_std 185.2 / value_min 9.7 / value_max 695.2 / target_mean 413.5 / target_std 187.2 / target_min 10.2 / target_max 728.7 / imag_reward_mean 1.5 / imag_reward_std 4.2 / imag_reward_min -0.0 / imag_reward_max 33.8 / imag_action_mean 7.5 / imag_action_std 4.0 / imag_action_min 0.0 / imag_action_max 17.0 / actor_entropy 0.4 / actor_loss 1.2 / actor_grad_norm 5.1 / value_loss 1.5 / value_grad_norm 1.6 / update_count 21217.0 / fps 13.1
add_video needs package moviepy
add_video needs package moviepy
[131148] dataset_size 32787.0 / train_return 2860.0 / train_length 1061.0 / train_episodes 24.0
[131668] 
Start evaluation.
[131668] eval_return 3116.0 / eval_length 1223.6 / eval_episodes 5.0
add_video needs package moviepy
Start training.
[131668] model_loss 16.8 / model_grad_norm 29.5 / image_loss 7.0 / reward_loss 0.1 / cont_loss 0.0 / kl_free 1.0 / dyn_scale 0.5 / rep_scale 0.1 / dyn_loss 16.2 / rep_loss 16.2 / kl 16.2 / prior_abs_ent 29.5 / post_abs_ent -27.4 / prior_obs_ent 16.1 / post_obs_ent 1.4 / boundary_ratio 0.0 / kl_mask 0.0 / normed_target_mean 0.6 / normed_target_std 0.3 / normed_target_min -0.1 / normed_target_max 1.2 / EMA_005 62.8 / EMA_095 632.7 / value_mean 410.6 / value_std 185.8 / value_min 9.6 / value_max 695.5 / target_mean 413.6 / target_std 187.3 / target_min 11.0 / target_max 729.3 / imag_reward_mean 1.4 / imag_reward_std 4.0 / imag_reward_min -0.0 / imag_reward_max 29.1 / imag_action_mean 7.6 / imag_action_std 4.0 / imag_action_min 0.0 / imag_action_max 17.0 / actor_entropy 0.4 / actor_loss 1.0 / actor_grad_norm 4.9 / value_loss 1.5 / value_grad_norm 1.4 / update_count 21373.0 / fps 12.9
add_video needs package moviepy
add_video needs package moviepy
[132292] 
Start evaluation.
[132292] eval_return 3436.0 / eval_length 1489.6 / eval_episodes 5.0
add_video needs package moviepy
Start training.
[132292] model_loss 16.9 / model_grad_norm 28.3 / image_loss 7.0 / reward_loss 0.1 / cont_loss 0.0 / kl_free 1.0 / dyn_scale 0.5 / rep_scale 0.1 / dyn_loss 16.4 / rep_loss 16.4 / kl 16.4 / prior_abs_ent 29.6 / post_abs_ent -27.3 / prior_obs_ent 16.1 / post_obs_ent 1.3 / boundary_ratio 0.0 / kl_mask 0.0 / normed_target_mean 0.6 / normed_target_std 0.3 / normed_target_min -0.1 / normed_target_max 1.2 / EMA_005 61.7 / EMA_095 635.7 / value_mean 417.3 / value_std 185.8 / value_min 8.9 / value_max 698.1 / target_mean 420.4 / target_std 187.6 / target_min 9.9 / target_max 733.9 / imag_reward_mean 1.5 / imag_reward_std 4.1 / imag_reward_min -0.0 / imag_reward_max 27.1 / imag_action_mean 7.7 / imag_action_std 4.0 / imag_action_min 0.0 / imag_action_max 17.0 / actor_entropy 0.4 / actor_loss 1.1 / actor_grad_norm 5.1 / value_loss 1.5 / value_grad_norm 1.4 / update_count 21529.0 / fps 12.2
add_video needs package moviepy
add_video needs package moviepy
[132916] 
Start evaluation.
[132916] eval_return 2554.0 / eval_length 1316.4 / eval_episodes 5.0
add_video needs package moviepy
Start training.
[132916] model_loss 16.6 / model_grad_norm 28.4 / image_loss 6.8 / reward_loss 0.1 / cont_loss 0.0 / kl_free 1.0 / dyn_scale 0.5 / rep_scale 0.1 / dyn_loss 16.2 / rep_loss 16.2 / kl 16.2 / prior_abs_ent 29.6 / post_abs_ent -27.3 / prior_obs_ent 15.8 / post_obs_ent 1.2 / boundary_ratio 0.0 / kl_mask 0.0 / normed_target_mean 0.6 / normed_target_std 0.3 / normed_target_min -0.1 / normed_target_max 1.2 / EMA_005 58.1 / EMA_095 642.6 / value_mean 421.5 / value_std 190.4 / value_min 9.4 / value_max 702.9 / target_mean 424.6 / target_std 192.0 / target_min 10.1 / target_max 738.3 / imag_reward_mean 1.4 / imag_reward_std 4.2 / imag_reward_min -0.0 / imag_reward_max 35.1 / imag_action_mean 7.7 / imag_action_std 4.1 / imag_action_min 0.0 / imag_action_max 17.0 / actor_entropy 0.4 / actor_loss 1.1 / actor_grad_norm 5.1 / value_loss 1.4 / value_grad_norm 1.4 / update_count 21685.0 / fps 12.7
add_video needs package moviepy
add_video needs package moviepy
[133540] 
Start evaluation.
[133540] eval_return 2688.0 / eval_length 1114.0 / eval_episodes 5.0
add_video needs package moviepy
Start training.
[133540] model_loss 16.8 / model_grad_norm 28.2 / image_loss 6.8 / reward_loss 0.1 / cont_loss 0.0 / kl_free 1.0 / dyn_scale 0.5 / rep_scale 0.1 / dyn_loss 16.4 / rep_loss 16.4 / kl 16.4 / prior_abs_ent 29.7 / post_abs_ent -27.5 / prior_obs_ent 16.1 / post_obs_ent 1.3 / boundary_ratio 0.0 / kl_mask 0.0 / normed_target_mean 0.6 / normed_target_std 0.3 / normed_target_min -0.1 / normed_target_max 1.2 / EMA_005 57.1 / EMA_095 647.4 / value_mean 425.0 / value_std 190.6 / value_min 7.8 / value_max 709.8 / target_mean 428.4 / target_std 192.0 / target_min 8.4 / target_max 744.7 / imag_reward_mean 1.5 / imag_reward_std 4.2 / imag_reward_min -0.0 / imag_reward_max 35.1 / imag_action_mean 7.5 / imag_action_std 4.0 / imag_action_min 0.0 / imag_action_max 17.0 / actor_entropy 0.4 / actor_loss 1.2 / actor_grad_norm 4.9 / value_loss 1.5 / value_grad_norm 1.4 / update_count 21841.0 / fps 13.2
add_video needs package moviepy
add_video needs package moviepy
[134164] 
Start evaluation.
[134164] eval_return 3312.0 / eval_length 1318.6 / eval_episodes 5.0
add_video needs package moviepy
Start training.
[134164] model_loss 16.6 / model_grad_norm 27.1 / image_loss 6.8 / reward_loss 0.1 / cont_loss 0.0 / kl_free 1.0 / dyn_scale 0.5 / rep_scale 0.1 / dyn_loss 16.1 / rep_loss 16.1 / kl 16.1 / prior_abs_ent 29.7 / post_abs_ent -27.4 / prior_obs_ent 15.7 / post_obs_ent 1.2 / boundary_ratio 0.0 / kl_mask 0.0 / normed_target_mean 0.6 / normed_target_std 0.3 / normed_target_min -0.1 / normed_target_max 1.2 / EMA_005 55.9 / EMA_095 650.3 / value_mean 425.5 / value_std 192.2 / value_min 5.6 / value_max 712.4 / target_mean 428.5 / target_std 193.8 / target_min 6.0 / target_max 748.9 / imag_reward_mean 1.4 / imag_reward_std 4.1 / imag_reward_min -0.0 / imag_reward_max 30.0 / imag_action_mean 7.6 / imag_action_std 4.1 / imag_action_min 0.0 / imag_action_max 17.0 / actor_entropy 0.4 / actor_loss 1.0 / actor_grad_norm 5.0 / value_loss 1.5 / value_grad_norm 1.4 / update_count 21997.0 / fps 12.6
add_video needs package moviepy
add_video needs package moviepy
[134788] 
Start evaluation.
[134788] eval_return 3068.0 / eval_length 1228.6 / eval_episodes 5.0
add_video needs package moviepy
Start training.
[134788] model_loss 16.8 / model_grad_norm 26.6 / image_loss 6.8 / reward_loss 0.1 / cont_loss 0.0 / kl_free 1.0 / dyn_scale 0.5 / rep_scale 0.1 / dyn_loss 16.4 / rep_loss 16.4 / kl 16.4 / prior_abs_ent 29.8 / post_abs_ent -27.4 / prior_obs_ent 15.7 / post_obs_ent 0.9 / boundary_ratio 0.0 / kl_mask 0.0 / normed_target_mean 0.6 / normed_target_std 0.3 / normed_target_min -0.1 / normed_target_max 1.2 / EMA_005 54.2 / EMA_095 655.1 / value_mean 428.0 / value_std 196.8 / value_min 5.6 / value_max 714.1 / target_mean 431.2 / target_std 198.4 / target_min 6.2 / target_max 755.9 / imag_reward_mean 1.5 / imag_reward_std 4.3 / imag_reward_min -0.0 / imag_reward_max 33.2 / imag_action_mean 7.5 / imag_action_std 3.9 / imag_action_min 0.0 / imag_action_max 17.0 / actor_entropy 0.4 / actor_loss 1.1 / actor_grad_norm 5.1 / value_loss 1.5 / value_grad_norm 1.5 / update_count 22153.0 / fps 12.8
add_video needs package moviepy
add_video needs package moviepy
[135412] 
Start evaluation.
[135412] eval_return 3758.0 / eval_length 1430.4 / eval_episodes 5.0
add_video needs package moviepy
Start training.
[135412] model_loss 16.8 / model_grad_norm 27.6 / image_loss 6.9 / reward_loss 0.1 / cont_loss 0.0 / kl_free 1.0 / dyn_scale 0.5 / rep_scale 0.1 / dyn_loss 16.4 / rep_loss 16.4 / kl 16.4 / prior_abs_ent 30.1 / post_abs_ent -27.3 / prior_obs_ent 15.9 / post_obs_ent 1.2 / boundary_ratio 0.0 / kl_mask 0.0 / normed_target_mean 0.6 / normed_target_std 0.3 / normed_target_min -0.1 / normed_target_max 1.2 / EMA_005 56.0 / EMA_095 657.5 / value_mean 431.7 / value_std 194.6 / value_min 6.3 / value_max 710.3 / target_mean 434.7 / target_std 196.1 / target_min 6.6 / target_max 752.5 / imag_reward_mean 1.5 / imag_reward_std 4.3 / imag_reward_min -0.0 / imag_reward_max 45.0 / imag_action_mean 7.5 / imag_action_std 3.9 / imag_action_min 0.0 / imag_action_max 17.0 / actor_entropy 0.4 / actor_loss 1.0 / actor_grad_norm 5.1 / value_loss 1.4 / value_grad_norm 1.4 / update_count 22309.0 / fps 12.2
add_video needs package moviepy
add_video needs package moviepy
[136036] 
Start evaluation.
[136036] eval_return 3788.0 / eval_length 1408.6 / eval_episodes 5.0
add_video needs package moviepy
Start training.
[136036] model_loss 16.7 / model_grad_norm 27.9 / image_loss 6.8 / reward_loss 0.1 / cont_loss 0.0 / kl_free 1.0 / dyn_scale 0.5 / rep_scale 0.1 / dyn_loss 16.4 / rep_loss 16.4 / kl 16.4 / prior_abs_ent 30.1 / post_abs_ent -27.4 / prior_obs_ent 15.6 / post_obs_ent 0.8 / boundary_ratio 0.0 / kl_mask 0.0 / normed_target_mean 0.6 / normed_target_std 0.3 / normed_target_min -0.1 / normed_target_max 1.2 / EMA_005 57.5 / EMA_095 660.8 / value_mean 436.5 / value_std 195.5 / value_min 7.3 / value_max 718.1 / target_mean 439.5 / target_std 196.9 / target_min 6.7 / target_max 755.7 / imag_reward_mean 1.5 / imag_reward_std 4.3 / imag_reward_min -0.0 / imag_reward_max 37.9 / imag_action_mean 7.5 / imag_action_std 3.9 / imag_action_min 0.0 / imag_action_max 17.0 / actor_entropy 0.4 / actor_loss 1.0 / actor_grad_norm 5.2 / value_loss 1.5 / value_grad_norm 1.5 / update_count 22465.0 / fps 12.3
add_video needs package moviepy
add_video needs package moviepy
[136660] 
Start evaluation.
[136660] eval_return 3286.0 / eval_length 1273.0 / eval_episodes 5.0
add_video needs package moviepy
Start training.
[136660] model_loss 16.6 / model_grad_norm 27.5 / image_loss 6.7 / reward_loss 0.1 / cont_loss 0.0 / kl_free 1.0 / dyn_scale 0.5 / rep_scale 0.1 / dyn_loss 16.3 / rep_loss 16.3 / kl 16.3 / prior_abs_ent 29.9 / post_abs_ent -27.4 / prior_obs_ent 15.5 / post_obs_ent 0.8 / boundary_ratio 0.0 / kl_mask 0.0 / normed_target_mean 0.6 / normed_target_std 0.3 / normed_target_min -0.1 / normed_target_max 1.2 / EMA_005 56.7 / EMA_095 663.3 / value_mean 435.6 / value_std 198.4 / value_min 8.2 / value_max 720.8 / target_mean 438.9 / target_std 199.8 / target_min 8.9 / target_max 761.4 / imag_reward_mean 1.5 / imag_reward_std 4.5 / imag_reward_min -0.0 / imag_reward_max 44.1 / imag_action_mean 7.4 / imag_action_std 3.9 / imag_action_min 0.0 / imag_action_max 17.0 / actor_entropy 0.4 / actor_loss 1.1 / actor_grad_norm 5.2 / value_loss 1.4 / value_grad_norm 1.4 / update_count 22621.0 / fps 12.6
add_video needs package moviepy
add_video needs package moviepy
[136832] dataset_size 34208.0 / train_return 3760.0 / train_length 1421.0 / train_episodes 25.0
[137284] 
Start evaluation.
[137284] eval_return 3624.0 / eval_length 1312.4 / eval_episodes 5.0
add_video needs package moviepy
Start training.
[137284] model_loss 16.7 / model_grad_norm 30.6 / image_loss 6.7 / reward_loss 0.1 / cont_loss 0.0 / kl_free 1.0 / dyn_scale 0.5 / rep_scale 0.1 / dyn_loss 16.4 / rep_loss 16.4 / kl 16.4 / prior_abs_ent 29.7 / post_abs_ent -27.5 / prior_obs_ent 15.7 / post_obs_ent 0.9 / boundary_ratio 0.0 / kl_mask 0.0 / normed_target_mean 0.6 / normed_target_std 0.3 / normed_target_min -0.1 / normed_target_max 1.2 / EMA_005 62.0 / EMA_095 671.2 / value_mean 453.9 / value_std 194.2 / value_min 10.6 / value_max 726.1 / target_mean 457.2 / target_std 195.8 / target_min 11.6 / target_max 771.0 / imag_reward_mean 1.5 / imag_reward_std 4.5 / imag_reward_min -0.0 / imag_reward_max 36.0 / imag_action_mean 7.5 / imag_action_std 3.9 / imag_action_min 0.0 / imag_action_max 17.0 / actor_entropy 0.4 / actor_loss 1.1 / actor_grad_norm 5.2 / value_loss 1.4 / value_grad_norm 1.3 / update_count 22777.0 / fps 12.5
add_video needs package moviepy
add_video needs package moviepy
[137908] 
Start evaluation.
[137908] eval_return 3818.0 / eval_length 1368.8 / eval_episodes 5.0
add_video needs package moviepy
Start training.
[137908] model_loss 16.6 / model_grad_norm 28.0 / image_loss 6.7 / reward_loss 0.1 / cont_loss 0.0 / kl_free 1.0 / dyn_scale 0.5 / rep_scale 0.1 / dyn_loss 16.3 / rep_loss 16.3 / kl 16.3 / prior_abs_ent 29.9 / post_abs_ent -27.4 / prior_obs_ent 15.7 / post_obs_ent 1.0 / boundary_ratio 0.0 / kl_mask 0.0 / normed_target_mean 0.6 / normed_target_std 0.3 / normed_target_min -0.1 / normed_target_max 1.2 / EMA_005 60.0 / EMA_095 675.3 / value_mean 445.6 / value_std 201.3 / value_min 8.1 / value_max 725.6 / target_mean 448.5 / target_std 202.8 / target_min 8.5 / target_max 768.1 / imag_reward_mean 1.5 / imag_reward_std 4.5 / imag_reward_min -0.0 / imag_reward_max 44.6 / imag_action_mean 7.5 / imag_action_std 3.9 / imag_action_min 0.0 / imag_action_max 17.0 / actor_entropy 0.4 / actor_loss 1.0 / actor_grad_norm 5.1 / value_loss 1.4 / value_grad_norm 1.3 / update_count 22933.0 / fps 12.5
add_video needs package moviepy
add_video needs package moviepy
[138532] 
Start evaluation.
[138532] eval_return 3966.0 / eval_length 1303.6 / eval_episodes 5.0
add_video needs package moviepy
Start training.
[138532] model_loss 16.8 / model_grad_norm 31.3 / image_loss 6.8 / reward_loss 0.1 / cont_loss 0.0 / kl_free 1.0 / dyn_scale 0.5 / rep_scale 0.1 / dyn_loss 16.5 / rep_loss 16.5 / kl 16.5 / prior_abs_ent 30.2 / post_abs_ent -27.4 / prior_obs_ent 15.8 / post_obs_ent 0.9 / boundary_ratio 0.0 / kl_mask 0.0 / normed_target_mean 0.6 / normed_target_std 0.3 / normed_target_min -0.1 / normed_target_max 1.2 / EMA_005 61.4 / EMA_095 676.2 / value_mean 448.5 / value_std 195.0 / value_min 10.4 / value_max 728.6 / target_mean 451.5 / target_std 196.5 / target_min 13.5 / target_max 774.6 / imag_reward_mean 1.5 / imag_reward_std 4.4 / imag_reward_min -0.0 / imag_reward_max 39.2 / imag_action_mean 7.5 / imag_action_std 3.8 / imag_action_min 0.0 / imag_action_max 17.0 / actor_entropy 0.4 / actor_loss 1.0 / actor_grad_norm 5.1 / value_loss 1.4 / value_grad_norm 1.4 / update_count 23089.0 / fps 12.7
add_video needs package moviepy
add_video needs package moviepy
[139156] 
Start evaluation.
[139156] eval_return 3632.0 / eval_length 1347.2 / eval_episodes 5.0
add_video needs package moviepy
Start training.
[139156] model_loss 16.4 / model_grad_norm 29.0 / image_loss 6.6 / reward_loss 0.1 / cont_loss 0.0 / kl_free 1.0 / dyn_scale 0.5 / rep_scale 0.1 / dyn_loss 16.1 / rep_loss 16.1 / kl 16.1 / prior_abs_ent 29.8 / post_abs_ent -27.5 / prior_obs_ent 15.4 / post_obs_ent 0.8 / boundary_ratio 0.0 / kl_mask 0.0 / normed_target_mean 0.6 / normed_target_std 0.3 / normed_target_min -0.1 / normed_target_max 1.2 / EMA_005 67.4 / EMA_095 679.9 / value_mean 453.2 / value_std 199.7 / value_min 8.5 / value_max 730.9 / target_mean 456.4 / target_std 201.2 / target_min 9.2 / target_max 777.4 / imag_reward_mean 1.5 / imag_reward_std 4.5 / imag_reward_min -0.0 / imag_reward_max 43.5 / imag_action_mean 7.5 / imag_action_std 3.8 / imag_action_min 0.0 / imag_action_max 17.0 / actor_entropy 0.4 / actor_loss 1.1 / actor_grad_norm 5.3 / value_loss 1.4 / value_grad_norm 1.4 / update_count 23245.0 / fps 12.5
add_video needs package moviepy
add_video needs package moviepy
[139780] 
Start evaluation.
[139780] eval_return 3272.0 / eval_length 1188.0 / eval_episodes 5.0
add_video needs package moviepy
Start training.
[139780] model_loss 16.5 / model_grad_norm 26.8 / image_loss 6.6 / reward_loss 0.1 / cont_loss 0.0 / kl_free 1.0 / dyn_scale 0.5 / rep_scale 0.1 / dyn_loss 16.3 / rep_loss 16.3 / kl 16.3 / prior_abs_ent 29.7 / post_abs_ent -27.4 / prior_obs_ent 15.0 / post_obs_ent 0.3 / boundary_ratio 0.0 / kl_mask 0.0 / normed_target_mean 0.6 / normed_target_std 0.3 / normed_target_min -0.1 / normed_target_max 1.2 / EMA_005 61.7 / EMA_095 682.8 / value_mean 461.7 / value_std 196.8 / value_min 7.4 / value_max 739.4 / target_mean 464.9 / target_std 198.5 / target_min 6.8 / target_max 781.3 / imag_reward_mean 1.6 / imag_reward_std 4.5 / imag_reward_min -0.0 / imag_reward_max 47.9 / imag_action_mean 7.6 / imag_action_std 3.8 / imag_action_min 0.0 / imag_action_max 17.0 / actor_entropy 0.4 / actor_loss 1.1 / actor_grad_norm 5.0 / value_loss 1.4 / value_grad_norm 1.4 / update_count 23401.0 / fps 13.0
add_video needs package moviepy
add_video needs package moviepy
[140404] 
Start evaluation.
[140404] eval_return 3980.0 / eval_length 1327.2 / eval_episodes 5.0
add_video needs package moviepy
Start training.
[140404] model_loss 16.5 / model_grad_norm 27.3 / image_loss 6.6 / reward_loss 0.1 / cont_loss 0.0 / kl_free 1.0 / dyn_scale 0.5 / rep_scale 0.1 / dyn_loss 16.3 / rep_loss 16.3 / kl 16.3 / prior_abs_ent 30.0 / post_abs_ent -27.4 / prior_obs_ent 15.0 / post_obs_ent 0.3 / boundary_ratio 0.0 / kl_mask 0.0 / normed_target_mean 0.6 / normed_target_std 0.3 / normed_target_min -0.1 / normed_target_max 1.2 / EMA_005 68.6 / EMA_095 688.6 / value_mean 464.4 / value_std 196.5 / value_min 12.5 / value_max 749.7 / target_mean 467.8 / target_std 198.3 / target_min 13.8 / target_max 785.2 / imag_reward_mean 1.5 / imag_reward_std 4.2 / imag_reward_min -0.0 / imag_reward_max 27.9 / imag_action_mean 7.6 / imag_action_std 3.8 / imag_action_min 0.0 / imag_action_max 17.0 / actor_entropy 0.4 / actor_loss 1.1 / actor_grad_norm 5.0 / value_loss 1.4 / value_grad_norm 1.4 / update_count 23557.0 / fps 12.5
add_video needs package moviepy
add_video needs package moviepy
[141028] 
Start evaluation.
[141028] eval_return 4434.0 / eval_length 1459.4 / eval_episodes 5.0
add_video needs package moviepy
Start training.
[141028] model_loss 16.5 / model_grad_norm 26.9 / image_loss 6.6 / reward_loss 0.1 / cont_loss 0.0 / kl_free 1.0 / dyn_scale 0.5 / rep_scale 0.1 / dyn_loss 16.4 / rep_loss 16.4 / kl 16.4 / prior_abs_ent 29.7 / post_abs_ent -27.4 / prior_obs_ent 14.9 / post_obs_ent 0.1 / boundary_ratio 0.0 / kl_mask 0.0 / normed_target_mean 0.6 / normed_target_std 0.3 / normed_target_min -0.1 / normed_target_max 1.2 / EMA_005 74.2 / EMA_095 693.8 / value_mean 461.4 / value_std 201.5 / value_min 6.8 / value_max 756.6 / target_mean 464.4 / target_std 203.5 / target_min 7.5 / target_max 791.1 / imag_reward_mean 1.6 / imag_reward_std 4.4 / imag_reward_min -0.0 / imag_reward_max 40.1 / imag_action_mean 7.7 / imag_action_std 3.9 / imag_action_min 0.0 / imag_action_max 17.0 / actor_entropy 0.4 / actor_loss 1.0 / actor_grad_norm 5.2 / value_loss 1.4 / value_grad_norm 1.3 / update_count 23713.0 / fps 12.2
add_video needs package moviepy
add_video needs package moviepy
[141652] 
Start evaluation.
[141652] eval_return 3774.0 / eval_length 1365.0 / eval_episodes 5.0
add_video needs package moviepy
Start training.
[141652] model_loss 16.5 / model_grad_norm 27.2 / image_loss 6.6 / reward_loss 0.1 / cont_loss 0.0 / kl_free 1.0 / dyn_scale 0.5 / rep_scale 0.1 / dyn_loss 16.3 / rep_loss 16.3 / kl 16.3 / prior_abs_ent 29.8 / post_abs_ent -27.4 / prior_obs_ent 15.0 / post_obs_ent 0.3 / boundary_ratio 0.0 / kl_mask 0.0 / normed_target_mean 0.6 / normed_target_std 0.3 / normed_target_min -0.1 / normed_target_max 1.2 / EMA_005 71.4 / EMA_095 701.8 / value_mean 471.5 / value_std 206.0 / value_min 8.5 / value_max 772.2 / target_mean 475.0 / target_std 208.0 / target_min 10.6 / target_max 801.1 / imag_reward_mean 1.6 / imag_reward_std 4.3 / imag_reward_min -0.0 / imag_reward_max 32.1 / imag_action_mean 7.8 / imag_action_std 3.9 / imag_action_min 0.0 / imag_action_max 17.0 / actor_entropy 0.4 / actor_loss 1.2 / actor_grad_norm 5.2 / value_loss 1.4 / value_grad_norm 1.3 / update_count 23869.0 / fps 12.5
add_video needs package moviepy
add_video needs package moviepy
[142276] 
Start evaluation.
[142276] eval_return 3554.0 / eval_length 1178.4 / eval_episodes 5.0
add_video needs package moviepy
Start training.
[142276] model_loss 17.3 / model_grad_norm 49.6 / image_loss 7.1 / reward_loss 0.1 / cont_loss 0.0 / kl_free 1.0 / dyn_scale 0.5 / rep_scale 0.1 / dyn_loss 16.9 / rep_loss 16.9 / kl 16.9 / prior_abs_ent 29.6 / post_abs_ent -27.5 / prior_obs_ent 15.9 / post_obs_ent 0.9 / boundary_ratio 0.0 / kl_mask 0.0 / normed_target_mean 0.6 / normed_target_std 0.3 / normed_target_min -0.1 / normed_target_max 1.2 / EMA_005 74.9 / EMA_095 708.4 / value_mean 477.1 / value_std 200.8 / value_min 11.8 / value_max 776.1 / target_mean 480.2 / target_std 202.3 / target_min 13.3 / target_max 805.7 / imag_reward_mean 1.5 / imag_reward_std 4.3 / imag_reward_min -0.0 / imag_reward_max 34.0 / imag_action_mean 7.7 / imag_action_std 3.8 / imag_action_min 0.0 / imag_action_max 17.0 / actor_entropy 0.4 / actor_loss 1.0 / actor_grad_norm 5.6 / value_loss 1.4 / value_grad_norm 1.4 / update_count 24025.0 / fps 13.1
add_video needs package moviepy
add_video needs package moviepy
[142460] dataset_size 35615.0 / train_return 3910.0 / train_length 1407.0 / train_episodes 26.0
[142900] 
Start evaluation.
[142900] eval_return 3658.0 / eval_length 1282.0 / eval_episodes 5.0
add_video needs package moviepy
Start training.
[142900] model_loss 16.7 / model_grad_norm 26.0 / image_loss 6.7 / reward_loss 0.1 / cont_loss 0.0 / kl_free 1.0 / dyn_scale 0.5 / rep_scale 0.1 / dyn_loss 16.5 / rep_loss 16.5 / kl 16.5 / prior_abs_ent 29.4 / post_abs_ent -27.7 / prior_obs_ent 17.2 / post_obs_ent 2.2 / boundary_ratio 0.0 / kl_mask 0.0 / normed_target_mean 0.6 / normed_target_std 0.3 / normed_target_min -0.1 / normed_target_max 1.2 / EMA_005 73.7 / EMA_095 711.3 / value_mean 479.0 / value_std 207.7 / value_min 9.5 / value_max 784.7 / target_mean 482.2 / target_std 209.0 / target_min 10.2 / target_max 809.0 / imag_reward_mean 1.5 / imag_reward_std 4.5 / imag_reward_min -0.0 / imag_reward_max 47.0 / imag_action_mean 7.7 / imag_action_std 3.8 / imag_action_min 0.0 / imag_action_max 17.0 / actor_entropy 0.4 / actor_loss 1.0 / actor_grad_norm 5.5 / value_loss 1.4 / value_grad_norm 1.4 / update_count 24181.0 / fps 12.7
add_video needs package moviepy
add_video needs package moviepy
[143524] 
Start evaluation.
[143524] eval_return 4078.0 / eval_length 1355.8 / eval_episodes 5.0
add_video needs package moviepy
Start training.
[143524] model_loss 16.2 / model_grad_norm 24.9 / image_loss 6.5 / reward_loss 0.1 / cont_loss 0.0 / kl_free 1.0 / dyn_scale 0.5 / rep_scale 0.1 / dyn_loss 16.1 / rep_loss 16.1 / kl 16.1 / prior_abs_ent 29.7 / post_abs_ent -27.5 / prior_obs_ent 14.7 / post_obs_ent 0.1 / boundary_ratio 0.0 / kl_mask 0.0 / normed_target_mean 0.6 / normed_target_std 0.3 / normed_target_min -0.1 / normed_target_max 1.2 / EMA_005 73.5 / EMA_095 716.2 / value_mean 478.1 / value_std 209.6 / value_min 9.1 / value_max 791.2 / target_mean 481.2 / target_std 211.3 / target_min 11.0 / target_max 815.4 / imag_reward_mean 1.5 / imag_reward_std 4.3 / imag_reward_min -0.0 / imag_reward_max 31.3 / imag_action_mean 7.8 / imag_action_std 3.8 / imag_action_min 0.0 / imag_action_max 17.0 / actor_entropy 0.4 / actor_loss 1.0 / actor_grad_norm 5.3 / value_loss 1.4 / value_grad_norm 1.4 / update_count 24337.0 / fps 12.5
add_video needs package moviepy
add_video needs package moviepy
[144148] 
Start evaluation.
[144148] eval_return 3512.0 / eval_length 1351.2 / eval_episodes 5.0
add_video needs package moviepy
Start training.
[144148] model_loss 16.2 / model_grad_norm 26.2 / image_loss 6.4 / reward_loss 0.1 / cont_loss 0.0 / kl_free 1.0 / dyn_scale 0.5 / rep_scale 0.1 / dyn_loss 16.2 / rep_loss 16.2 / kl 16.2 / prior_abs_ent 29.9 / post_abs_ent -27.6 / prior_obs_ent 14.3 / post_obs_ent -0.4 / boundary_ratio 0.0 / kl_mask 0.0 / normed_target_mean 0.6 / normed_target_std 0.3 / normed_target_min -0.1 / normed_target_max 1.2 / EMA_005 68.5 / EMA_095 721.9 / value_mean 482.9 / value_std 208.8 / value_min 11.9 / value_max 798.2 / target_mean 486.2 / target_std 210.6 / target_min 12.1 / target_max 823.6 / imag_reward_mean 1.6 / imag_reward_std 4.4 / imag_reward_min -0.0 / imag_reward_max 33.3 / imag_action_mean 7.8 / imag_action_std 3.8 / imag_action_min 0.0 / imag_action_max 17.0 / actor_entropy 0.4 / actor_loss 1.0 / actor_grad_norm 5.5 / value_loss 1.4 / value_grad_norm 1.3 / update_count 24493.0 / fps 12.5
add_video needs package moviepy
add_video needs package moviepy
[144772] 
Start evaluation.
[144772] eval_return 3432.0 / eval_length 1272.8 / eval_episodes 5.0
add_video needs package moviepy
Start training.
[144772] model_loss 16.2 / model_grad_norm 23.8 / image_loss 6.4 / reward_loss 0.1 / cont_loss 0.0 / kl_free 1.0 / dyn_scale 0.5 / rep_scale 0.1 / dyn_loss 16.1 / rep_loss 16.1 / kl 16.1 / prior_abs_ent 29.6 / post_abs_ent -27.5 / prior_obs_ent 14.1 / post_obs_ent -0.4 / boundary_ratio 0.0 / kl_mask 0.0 / normed_target_mean 0.6 / normed_target_std 0.3 / normed_target_min -0.1 / normed_target_max 1.2 / EMA_005 73.2 / EMA_095 724.7 / value_mean 480.4 / value_std 210.2 / value_min 9.4 / value_max 799.6 / target_mean 483.8 / target_std 211.9 / target_min 10.6 / target_max 823.8 / imag_reward_mean 1.6 / imag_reward_std 4.4 / imag_reward_min -0.0 / imag_reward_max 38.5 / imag_action_mean 7.8 / imag_action_std 3.7 / imag_action_min 0.0 / imag_action_max 17.0 / actor_entropy 0.4 / actor_loss 1.1 / actor_grad_norm 5.2 / value_loss 1.4 / value_grad_norm 1.3 / update_count 24649.0 / fps 12.7
add_video needs package moviepy
add_video needs package moviepy
[145396] 
Start evaluation.
[145396] eval_return 3732.0 / eval_length 1274.6 / eval_episodes 5.0
add_video needs package moviepy
Start training.
[145396] model_loss 16.2 / model_grad_norm 25.7 / image_loss 6.4 / reward_loss 0.1 / cont_loss 0.0 / kl_free 1.0 / dyn_scale 0.5 / rep_scale 0.1 / dyn_loss 16.2 / rep_loss 16.2 / kl 16.2 / prior_abs_ent 29.9 / post_abs_ent -27.6 / prior_obs_ent 13.6 / post_obs_ent -1.0 / boundary_ratio 0.0 / kl_mask 0.0 / normed_target_mean 0.6 / normed_target_std 0.3 / normed_target_min -0.1 / normed_target_max 1.2 / EMA_005 74.2 / EMA_095 732.0 / value_mean 490.5 / value_std 211.8 / value_min 9.2 / value_max 814.9 / target_mean 493.8 / target_std 213.5 / target_min 10.0 / target_max 838.5 / imag_reward_mean 1.6 / imag_reward_std 4.5 / imag_reward_min -0.0 / imag_reward_max 33.4 / imag_action_mean 7.8 / imag_action_std 3.8 / imag_action_min 0.0 / imag_action_max 17.0 / actor_entropy 0.4 / actor_loss 1.1 / actor_grad_norm 5.3 / value_loss 1.4 / value_grad_norm 1.3 / update_count 24805.0 / fps 12.8
add_video needs package moviepy
add_video needs package moviepy
[146020] 
Start evaluation.
[146020] eval_return 3654.0 / eval_length 1260.2 / eval_episodes 5.0
add_video needs package moviepy
Start training.
[146020] model_loss 16.3 / model_grad_norm 30.7 / image_loss 6.5 / reward_loss 0.1 / cont_loss 0.0 / kl_free 1.0 / dyn_scale 0.5 / rep_scale 0.1 / dyn_loss 16.3 / rep_loss 16.3 / kl 16.3 / prior_abs_ent 30.0 / post_abs_ent -27.5 / prior_obs_ent 13.7 / post_obs_ent -1.0 / boundary_ratio 0.0 / kl_mask 0.0 / normed_target_mean 0.6 / normed_target_std 0.3 / normed_target_min -0.1 / normed_target_max 1.1 / EMA_005 75.2 / EMA_095 737.4 / value_mean 487.9 / value_std 214.8 / value_min 8.3 / value_max 805.7 / target_mean 490.9 / target_std 216.6 / target_min 10.0 / target_max 832.6 / imag_reward_mean 1.6 / imag_reward_std 4.5 / imag_reward_min -0.0 / imag_reward_max 40.4 / imag_action_mean 7.8 / imag_action_std 3.8 / imag_action_min 0.0 / imag_action_max 17.0 / actor_entropy 0.4 / actor_loss 0.9 / actor_grad_norm 5.6 / value_loss 1.4 / value_grad_norm 1.3 / update_count 24961.0 / fps 12.8
add_video needs package moviepy
add_video needs package moviepy
[146644] 
Start evaluation.
[146644] eval_return 4116.0 / eval_length 1388.6 / eval_episodes 5.0
add_video needs package moviepy
Start training.
[146644] model_loss 16.2 / model_grad_norm 27.2 / image_loss 6.4 / reward_loss 0.1 / cont_loss 0.0 / kl_free 1.0 / dyn_scale 0.5 / rep_scale 0.1 / dyn_loss 16.2 / rep_loss 16.2 / kl 16.2 / prior_abs_ent 29.8 / post_abs_ent -27.5 / prior_obs_ent 14.0 / post_obs_ent -0.6 / boundary_ratio 0.0 / kl_mask 0.0 / normed_target_mean 0.6 / normed_target_std 0.3 / normed_target_min -0.1 / normed_target_max 1.2 / EMA_005 68.6 / EMA_095 740.2 / value_mean 493.5 / value_std 218.3 / value_min 13.2 / value_max 816.4 / target_mean 496.7 / target_std 219.8 / target_min 14.2 / target_max 845.3 / imag_reward_mean 1.6 / imag_reward_std 4.3 / imag_reward_min -0.0 / imag_reward_max 33.7 / imag_action_mean 7.7 / imag_action_std 3.8 / imag_action_min 0.0 / imag_action_max 17.0 / actor_entropy 0.4 / actor_loss 1.0 / actor_grad_norm 5.5 / value_loss 1.4 / value_grad_norm 1.3 / update_count 25117.0 / fps 12.5
add_video needs package moviepy
add_video needs package moviepy
[146672] dataset_size 36668.0 / train_return 2720.0 / train_length 1053.0 / train_episodes 27.0
[147268] 
Start evaluation.
[147268] eval_return 3796.0 / eval_length 1298.4 / eval_episodes 5.0
add_video needs package moviepy
Start training.
[147268] model_loss 16.2 / model_grad_norm 25.7 / image_loss 6.3 / reward_loss 0.1 / cont_loss 0.0 / kl_free 1.0 / dyn_scale 0.5 / rep_scale 0.1 / dyn_loss 16.2 / rep_loss 16.2 / kl 16.2 / prior_abs_ent 29.8 / post_abs_ent -27.5 / prior_obs_ent 14.0 / post_obs_ent -0.6 / boundary_ratio 0.0 / kl_mask 0.0 / normed_target_mean 0.6 / normed_target_std 0.3 / normed_target_min -0.1 / normed_target_max 1.2 / EMA_005 70.8 / EMA_095 746.1 / value_mean 496.0 / value_std 219.3 / value_min 12.3 / value_max 822.6 / target_mean 499.3 / target_std 221.0 / target_min 13.6 / target_max 852.3 / imag_reward_mean 1.6 / imag_reward_std 4.3 / imag_reward_min -0.0 / imag_reward_max 26.9 / imag_action_mean 7.7 / imag_action_std 3.8 / imag_action_min 0.0 / imag_action_max 17.0 / actor_entropy 0.4 / actor_loss 1.2 / actor_grad_norm 5.6 / value_loss 1.4 / value_grad_norm 1.5 / update_count 25273.0 / fps 12.6
add_video needs package moviepy
add_video needs package moviepy
[147892] 
Start evaluation.
[147892] eval_return 4000.0 / eval_length 1293.0 / eval_episodes 5.0
add_video needs package moviepy
Start training.
[147892] model_loss 16.1 / model_grad_norm 28.2 / image_loss 6.3 / reward_loss 0.1 / cont_loss 0.0 / kl_free 1.0 / dyn_scale 0.5 / rep_scale 0.1 / dyn_loss 16.1 / rep_loss 16.1 / kl 16.1 / prior_abs_ent 30.1 / post_abs_ent -27.5 / prior_obs_ent 13.8 / post_obs_ent -0.7 / boundary_ratio 0.0 / kl_mask 0.0 / normed_target_mean 0.6 / normed_target_std 0.3 / normed_target_min -0.1 / normed_target_max 1.2 / EMA_005 72.9 / EMA_095 753.0 / value_mean 496.0 / value_std 222.0 / value_min 9.4 / value_max 829.3 / target_mean 499.2 / target_std 223.5 / target_min 10.9 / target_max 858.8 / imag_reward_mean 1.6 / imag_reward_std 4.7 / imag_reward_min -0.0 / imag_reward_max 53.4 / imag_action_mean 7.7 / imag_action_std 3.8 / imag_action_min 0.0 / imag_action_max 17.0 / actor_entropy 0.4 / actor_loss 1.1 / actor_grad_norm 5.9 / value_loss 1.4 / value_grad_norm 1.4 / update_count 25429.0 / fps 12.6
add_video needs package moviepy
add_video needs package moviepy
[148516] 
Start evaluation.
[148516] eval_return 3292.0 / eval_length 1242.4 / eval_episodes 5.0
add_video needs package moviepy
Start training.
[148516] model_loss 16.3 / model_grad_norm 28.1 / image_loss 6.4 / reward_loss 0.1 / cont_loss 0.0 / kl_free 1.0 / dyn_scale 0.5 / rep_scale 0.1 / dyn_loss 16.5 / rep_loss 16.5 / kl 16.5 / prior_abs_ent 30.0 / post_abs_ent -27.6 / prior_obs_ent 14.0 / post_obs_ent -0.8 / boundary_ratio 0.0 / kl_mask 0.0 / normed_target_mean 0.6 / normed_target_std 0.3 / normed_target_min -0.1 / normed_target_max 1.2 / EMA_005 70.4 / EMA_095 757.8 / value_mean 506.4 / value_std 222.7 / value_min 8.2 / value_max 834.7 / target_mean 509.9 / target_std 224.2 / target_min 10.2 / target_max 864.0 / imag_reward_mean 1.6 / imag_reward_std 4.5 / imag_reward_min -0.0 / imag_reward_max 35.3 / imag_action_mean 7.7 / imag_action_std 3.8 / imag_action_min 0.0 / imag_action_max 17.0 / actor_entropy 0.4 / actor_loss 1.2 / actor_grad_norm 5.8 / value_loss 1.4 / value_grad_norm 1.4 / update_count 25585.0 / fps 12.9
add_video needs package moviepy
add_video needs package moviepy
[149140] 
Start evaluation.
[149140] eval_return 3500.0 / eval_length 1219.2 / eval_episodes 5.0
add_video needs package moviepy
Start training.
[149140] model_loss 16.0 / model_grad_norm 25.9 / image_loss 6.3 / reward_loss 0.1 / cont_loss 0.0 / kl_free 1.0 / dyn_scale 0.5 / rep_scale 0.1 / dyn_loss 16.1 / rep_loss 16.1 / kl 16.1 / prior_abs_ent 30.1 / post_abs_ent -27.4 / prior_obs_ent 13.9 / post_obs_ent -0.6 / boundary_ratio 0.0 / kl_mask 0.0 / normed_target_mean 0.6 / normed_target_std 0.3 / normed_target_min -0.1 / normed_target_max 1.2 / EMA_005 70.0 / EMA_095 761.7 / value_mean 508.8 / value_std 225.5 / value_min 7.3 / value_max 836.5 / target_mean 512.1 / target_std 227.1 / target_min 8.3 / target_max 868.7 / imag_reward_mean 1.6 / imag_reward_std 4.6 / imag_reward_min -0.0 / imag_reward_max 46.2 / imag_action_mean 7.6 / imag_action_std 3.8 / imag_action_min 0.0 / imag_action_max 17.0 / actor_entropy 0.4 / actor_loss 1.1 / actor_grad_norm 5.6 / value_loss 1.4 / value_grad_norm 1.4 / update_count 25741.0 / fps 12.9
add_video needs package moviepy
add_video needs package moviepy
[149764] 
Start evaluation.
[149764] eval_return 4022.0 / eval_length 1386.6 / eval_episodes 5.0
add_video needs package moviepy
Start training.
[149764] model_loss 16.3 / model_grad_norm 29.2 / image_loss 6.4 / reward_loss 0.1 / cont_loss 0.0 / kl_free 1.0 / dyn_scale 0.5 / rep_scale 0.1 / dyn_loss 16.3 / rep_loss 16.3 / kl 16.3 / prior_abs_ent 30.2 / post_abs_ent -27.5 / prior_obs_ent 13.7 / post_obs_ent -0.9 / boundary_ratio 0.0 / kl_mask 0.0 / normed_target_mean 0.6 / normed_target_std 0.3 / normed_target_min -0.1 / normed_target_max 1.1 / EMA_005 66.8 / EMA_095 765.8 / value_mean 507.4 / value_std 231.6 / value_min 8.0 / value_max 831.4 / target_mean 510.6 / target_std 233.5 / target_min 9.0 / target_max 866.4 / imag_reward_mean 1.6 / imag_reward_std 4.5 / imag_reward_min -0.0 / imag_reward_max 38.9 / imag_action_mean 7.6 / imag_action_std 3.9 / imag_action_min 0.0 / imag_action_max 17.0 / actor_entropy 0.4 / actor_loss 1.1 / actor_grad_norm 5.8 / value_loss 1.4 / value_grad_norm 1.5 / update_count 25897.0 / fps 12.5
add_video needs package moviepy
add_video needs package moviepy
[150388] 
Start evaluation.
[150388] eval_return 4762.0 / eval_length 1464.6 / eval_episodes 5.0
add_video needs package moviepy
Start training.
[150388] model_loss 16.2 / model_grad_norm 29.3 / image_loss 6.3 / reward_loss 0.1 / cont_loss 0.0 / kl_free 1.0 / dyn_scale 0.5 / rep_scale 0.1 / dyn_loss 16.3 / rep_loss 16.3 / kl 16.3 / prior_abs_ent 30.0 / post_abs_ent -27.5 / prior_obs_ent 14.1 / post_obs_ent -0.6 / boundary_ratio 0.0 / kl_mask 0.0 / normed_target_mean 0.6 / normed_target_std 0.3 / normed_target_min -0.1 / normed_target_max 1.1 / EMA_005 60.4 / EMA_095 773.3 / value_mean 511.0 / value_std 235.6 / value_min 7.4 / value_max 843.3 / target_mean 514.3 / target_std 237.3 / target_min 8.7 / target_max 877.9 / imag_reward_mean 1.6 / imag_reward_std 4.4 / imag_reward_min -0.0 / imag_reward_max 27.2 / imag_action_mean 7.6 / imag_action_std 3.8 / imag_action_min 0.0 / imag_action_max 17.0 / actor_entropy 0.4 / actor_loss 1.1 / actor_grad_norm 6.0 / value_loss 1.4 / value_grad_norm 1.3 / update_count 26053.0 / fps 12.1
add_video needs package moviepy
add_video needs package moviepy
[151012] 
Start evaluation.
[151012] eval_return 3892.0 / eval_length 1329.6 / eval_episodes 5.0
add_video needs package moviepy
Start training.
[151012] model_loss 16.2 / model_grad_norm 28.0 / image_loss 6.3 / reward_loss 0.1 / cont_loss 0.0 / kl_free 1.0 / dyn_scale 0.5 / rep_scale 0.1 / dyn_loss 16.3 / rep_loss 16.3 / kl 16.3 / prior_abs_ent 29.7 / post_abs_ent -27.5 / prior_obs_ent 13.7 / post_obs_ent -1.0 / boundary_ratio 0.0 / kl_mask 0.0 / normed_target_mean 0.7 / normed_target_std 0.3 / normed_target_min -0.1 / normed_target_max 1.1 / EMA_005 69.4 / EMA_095 780.4 / value_mean 528.5 / value_std 227.2 / value_min 12.8 / value_max 849.1 / target_mean 531.7 / target_std 229.0 / target_min 14.8 / target_max 886.9 / imag_reward_mean 1.6 / imag_reward_std 4.4 / imag_reward_min -0.0 / imag_reward_max 26.8 / imag_action_mean 7.6 / imag_action_std 3.9 / imag_action_min 0.0 / imag_action_max 17.0 / actor_entropy 0.4 / actor_loss 1.2 / actor_grad_norm 6.2 / value_loss 1.4 / value_grad_norm 1.4 / update_count 26209.0 / fps 12.5
add_video needs package moviepy
add_video needs package moviepy
[151636] 
Start evaluation.
[151636] eval_return 3816.0 / eval_length 1367.6 / eval_episodes 5.0
add_video needs package moviepy
Start training.
[151636] model_loss 16.2 / model_grad_norm 27.4 / image_loss 6.3 / reward_loss 0.1 / cont_loss 0.0 / kl_free 1.0 / dyn_scale 0.5 / rep_scale 0.1 / dyn_loss 16.4 / rep_loss 16.4 / kl 16.4 / prior_abs_ent 30.0 / post_abs_ent -27.5 / prior_obs_ent 13.9 / post_obs_ent -0.8 / boundary_ratio 0.0 / kl_mask 0.0 / normed_target_mean 0.6 / normed_target_std 0.3 / normed_target_min -0.1 / normed_target_max 1.1 / EMA_005 68.2 / EMA_095 785.6 / value_mean 519.3 / value_std 238.9 / value_min 3.7 / value_max 851.1 / target_mean 522.6 / target_std 240.5 / target_min 4.8 / target_max 890.9 / imag_reward_mean 1.7 / imag_reward_std 4.6 / imag_reward_min -0.0 / imag_reward_max 41.5 / imag_action_mean 7.5 / imag_action_std 3.9 / imag_action_min 0.0 / imag_action_max 17.0 / actor_entropy 0.4 / actor_loss 1.2 / actor_grad_norm 6.3 / value_loss 1.4 / value_grad_norm 1.4 / update_count 26365.0 / fps 12.5
add_video needs package moviepy
add_video needs package moviepy
[152260] 
Start evaluation.
[152260] eval_return 4840.0 / eval_length 1478.8 / eval_episodes 5.0
add_video needs package moviepy
Start training.
[152260] model_loss 16.3 / model_grad_norm 29.4 / image_loss 6.4 / reward_loss 0.1 / cont_loss 0.0 / kl_free 1.0 / dyn_scale 0.5 / rep_scale 0.1 / dyn_loss 16.4 / rep_loss 16.4 / kl 16.4 / prior_abs_ent 30.3 / post_abs_ent -27.5 / prior_obs_ent 13.9 / post_obs_ent -0.9 / boundary_ratio 0.0 / kl_mask 0.0 / normed_target_mean 0.6 / normed_target_std 0.3 / normed_target_min -0.1 / normed_target_max 1.1 / EMA_005 62.4 / EMA_095 787.6 / value_mean 521.6 / value_std 237.2 / value_min 10.2 / value_max 851.7 / target_mean 524.7 / target_std 239.0 / target_min 10.8 / target_max 889.0 / imag_reward_mean 1.6 / imag_reward_std 4.4 / imag_reward_min -0.0 / imag_reward_max 33.6 / imag_action_mean 7.5 / imag_action_std 3.9 / imag_action_min 0.0 / imag_action_max 17.0 / actor_entropy 0.4 / actor_loss 1.1 / actor_grad_norm 6.0 / value_loss 1.4 / value_grad_norm 1.5 / update_count 26521.0 / fps 12.1
add_video needs package moviepy
add_video needs package moviepy
[152628] dataset_size 38157.0 / train_return 4950.0 / train_length 1489.0 / train_episodes 28.0
[152884] 
Start evaluation.
[152884] eval_return 3668.0 / eval_length 1293.4 / eval_episodes 5.0
add_video needs package moviepy
Start training.
[152884] model_loss 16.4 / model_grad_norm 28.3 / image_loss 6.4 / reward_loss 0.1 / cont_loss 0.0 / kl_free 1.0 / dyn_scale 0.5 / rep_scale 0.1 / dyn_loss 16.5 / rep_loss 16.5 / kl 16.5 / prior_abs_ent 30.1 / post_abs_ent -27.5 / prior_obs_ent 14.2 / post_obs_ent -0.7 / boundary_ratio 0.0 / kl_mask 0.0 / normed_target_mean 0.6 / normed_target_std 0.3 / normed_target_min -0.1 / normed_target_max 1.1 / EMA_005 66.6 / EMA_095 791.6 / value_mean 532.5 / value_std 234.0 / value_min 8.9 / value_max 854.6 / target_mean 535.9 / target_std 235.5 / target_min 10.0 / target_max 899.2 / imag_reward_mean 1.6 / imag_reward_std 4.6 / imag_reward_min -0.0 / imag_reward_max 42.6 / imag_action_mean 7.2 / imag_action_std 4.0 / imag_action_min 0.0 / imag_action_max 17.0 / actor_entropy 0.4 / actor_loss 1.2 / actor_grad_norm 6.8 / value_loss 1.4 / value_grad_norm 1.5 / update_count 26677.0 / fps 12.6
add_video needs package moviepy
add_video needs package moviepy
[153508] 
Start evaluation.
[153508] eval_return 4630.0 / eval_length 1416.0 / eval_episodes 5.0
add_video needs package moviepy
Start training.
[153508] model_loss 16.1 / model_grad_norm 26.8 / image_loss 6.2 / reward_loss 0.1 / cont_loss 0.0 / kl_free 1.0 / dyn_scale 0.5 / rep_scale 0.1 / dyn_loss 16.3 / rep_loss 16.3 / kl 16.3 / prior_abs_ent 30.1 / post_abs_ent -27.5 / prior_obs_ent 13.5 / post_obs_ent -1.2 / boundary_ratio 0.0 / kl_mask 0.0 / normed_target_mean 0.6 / normed_target_std 0.3 / normed_target_min -0.1 / normed_target_max 1.1 / EMA_005 77.6 / EMA_095 796.4 / value_mean 526.2 / value_std 234.8 / value_min 9.0 / value_max 858.2 / target_mean 530.2 / target_std 235.9 / target_min 11.9 / target_max 901.6 / imag_reward_mean 1.6 / imag_reward_std 4.4 / imag_reward_min -0.0 / imag_reward_max 34.1 / imag_action_mean 7.0 / imag_action_std 4.2 / imag_action_min 0.0 / imag_action_max 17.0 / actor_entropy 0.4 / actor_loss 1.4 / actor_grad_norm 6.6 / value_loss 1.5 / value_grad_norm 1.7 / update_count 26833.0 / fps 12.3
add_video needs package moviepy
add_video needs package moviepy
[154132] 
Start evaluation.
[154132] eval_return 4174.0 / eval_length 1393.4 / eval_episodes 5.0
add_video needs package moviepy
Start training.
[154132] model_loss 16.2 / model_grad_norm 29.8 / image_loss 6.3 / reward_loss 0.1 / cont_loss 0.0 / kl_free 1.0 / dyn_scale 0.5 / rep_scale 0.1 / dyn_loss 16.4 / rep_loss 16.4 / kl 16.4 / prior_abs_ent 30.1 / post_abs_ent -27.5 / prior_obs_ent 13.9 / post_obs_ent -0.9 / boundary_ratio 0.0 / kl_mask 0.0 / normed_target_mean 0.6 / normed_target_std 0.3 / normed_target_min -0.1 / normed_target_max 1.1 / EMA_005 78.7 / EMA_095 799.9 / value_mean 535.5 / value_std 237.1 / value_min 10.3 / value_max 858.8 / target_mean 539.6 / target_std 238.3 / target_min 11.1 / target_max 902.9 / imag_reward_mean 1.6 / imag_reward_std 4.5 / imag_reward_min -0.0 / imag_reward_max 33.4 / imag_action_mean 7.2 / imag_action_std 4.2 / imag_action_min 0.0 / imag_action_max 17.0 / actor_entropy 0.4 / actor_loss 1.5 / actor_grad_norm 6.6 / value_loss 1.5 / value_grad_norm 1.8 / update_count 26989.0 / fps 12.4
add_video needs package moviepy
add_video needs package moviepy
[154756] 
Start evaluation.
[154756] eval_return 2978.0 / eval_length 1209.4 / eval_episodes 5.0
add_video needs package moviepy
Start training.
[154756] model_loss 16.1 / model_grad_norm 27.4 / image_loss 6.2 / reward_loss 0.1 / cont_loss 0.0 / kl_free 1.0 / dyn_scale 0.5 / rep_scale 0.1 / dyn_loss 16.4 / rep_loss 16.4 / kl 16.4 / prior_abs_ent 30.2 / post_abs_ent -27.5 / prior_obs_ent 13.5 / post_obs_ent -1.2 / boundary_ratio 0.0 / kl_mask 0.0 / normed_target_mean 0.6 / normed_target_std 0.3 / normed_target_min -0.1 / normed_target_max 1.1 / EMA_005 75.3 / EMA_095 804.2 / value_mean 532.4 / value_std 240.8 / value_min 9.0 / value_max 862.7 / target_mean 536.9 / target_std 242.1 / target_min 9.7 / target_max 908.7 / imag_reward_mean 1.6 / imag_reward_std 4.4 / imag_reward_min -0.0 / imag_reward_max 28.8 / imag_action_mean 7.2 / imag_action_std 4.2 / imag_action_min 0.0 / imag_action_max 17.0 / actor_entropy 0.4 / actor_loss 1.9 / actor_grad_norm 6.8 / value_loss 1.5 / value_grad_norm 1.6 / update_count 27145.0 / fps 12.9
add_video needs package moviepy
add_video needs package moviepy
[155380] 
Start evaluation.
[155380] eval_return 3890.0 / eval_length 1330.8 / eval_episodes 5.0
add_video needs package moviepy
Start training.
[155380] model_loss 16.1 / model_grad_norm 30.2 / image_loss 6.3 / reward_loss 0.1 / cont_loss 0.0 / kl_free 1.0 / dyn_scale 0.5 / rep_scale 0.1 / dyn_loss 16.2 / rep_loss 16.2 / kl 16.2 / prior_abs_ent 30.1 / post_abs_ent -27.4 / prior_obs_ent 14.1 / post_obs_ent -0.6 / boundary_ratio 0.0 / kl_mask 0.0 / normed_target_mean 0.6 / normed_target_std 0.3 / normed_target_min -0.1 / normed_target_max 1.1 / EMA_005 71.8 / EMA_095 811.3 / value_mean 537.5 / value_std 239.7 / value_min 11.3 / value_max 868.7 / target_mean 541.3 / target_std 241.3 / target_min 13.2 / target_max 912.4 / imag_reward_mean 1.6 / imag_reward_std 4.5 / imag_reward_min -0.0 / imag_reward_max 33.2 / imag_action_mean 7.2 / imag_action_std 4.2 / imag_action_min 0.0 / imag_action_max 17.0 / actor_entropy 0.4 / actor_loss 1.4 / actor_grad_norm 6.6 / value_loss 1.5 / value_grad_norm 1.7 / update_count 27301.0 / fps 12.5
add_video needs package moviepy
add_video needs package moviepy
[156004] 
Start evaluation.
[156004] eval_return 4302.0 / eval_length 1360.4 / eval_episodes 5.0
add_video needs package moviepy
Start training.
[156004] model_loss 16.1 / model_grad_norm 29.3 / image_loss 6.2 / reward_loss 0.1 / cont_loss 0.0 / kl_free 1.0 / dyn_scale 0.5 / rep_scale 0.1 / dyn_loss 16.3 / rep_loss 16.3 / kl 16.3 / prior_abs_ent 30.1 / post_abs_ent -27.4 / prior_obs_ent 14.0 / post_obs_ent -0.7 / boundary_ratio 0.0 / kl_mask 0.0 / normed_target_mean 0.6 / normed_target_std 0.3 / normed_target_min -0.1 / normed_target_max 1.1 / EMA_005 79.8 / EMA_095 815.5 / value_mean 535.1 / value_std 240.5 / value_min 8.9 / value_max 875.1 / target_mean 539.3 / target_std 241.7 / target_min 10.4 / target_max 913.0 / imag_reward_mean 1.6 / imag_reward_std 4.3 / imag_reward_min -0.0 / imag_reward_max 29.1 / imag_action_mean 7.2 / imag_action_std 4.2 / imag_action_min 0.0 / imag_action_max 17.0 / actor_entropy 0.4 / actor_loss 1.8 / actor_grad_norm 6.9 / value_loss 1.5 / value_grad_norm 1.6 / update_count 27457.0 / fps 12.5
add_video needs package moviepy
add_video needs package moviepy
[156628] 
Start evaluation.
[156628] eval_return 3836.0 / eval_length 1290.4 / eval_episodes 5.0
add_video needs package moviepy
Start training.
[156628] model_loss 16.2 / model_grad_norm 28.9 / image_loss 6.3 / reward_loss 0.1 / cont_loss 0.0 / kl_free 1.0 / dyn_scale 0.5 / rep_scale 0.1 / dyn_loss 16.4 / rep_loss 16.4 / kl 16.4 / prior_abs_ent 30.3 / post_abs_ent -27.4 / prior_obs_ent 13.9 / post_obs_ent -0.8 / boundary_ratio 0.0 / kl_mask 0.0 / normed_target_mean 0.6 / normed_target_std 0.3 / normed_target_min -0.1 / normed_target_max 1.1 / EMA_005 82.2 / EMA_095 816.7 / value_mean 545.5 / value_std 237.9 / value_min 11.1 / value_max 878.6 / target_mean 549.3 / target_std 239.3 / target_min 11.5 / target_max 915.3 / imag_reward_mean 1.7 / imag_reward_std 4.4 / imag_reward_min -0.0 / imag_reward_max 27.2 / imag_action_mean 7.2 / imag_action_std 4.2 / imag_action_min 0.0 / imag_action_max 17.0 / actor_entropy 0.4 / actor_loss 1.5 / actor_grad_norm 6.6 / value_loss 1.4 / value_grad_norm 1.6 / update_count 27613.0 / fps 12.7
add_video needs package moviepy
add_video needs package moviepy
[157252] 
Start evaluation.
[157252] eval_return 4454.0 / eval_length 1343.2 / eval_episodes 5.0
add_video needs package moviepy
Start training.
[157252] model_loss 16.6 / model_grad_norm 35.6 / image_loss 6.5 / reward_loss 0.1 / cont_loss 0.0 / kl_free 1.0 / dyn_scale 0.5 / rep_scale 0.1 / dyn_loss 16.8 / rep_loss 16.8 / kl 16.8 / prior_abs_ent 30.4 / post_abs_ent -27.5 / prior_obs_ent 14.8 / post_obs_ent -0.3 / boundary_ratio 0.0 / kl_mask 0.0 / normed_target_mean 0.6 / normed_target_std 0.3 / normed_target_min -0.1 / normed_target_max 1.1 / EMA_005 85.1 / EMA_095 823.3 / value_mean 553.3 / value_std 236.0 / value_min 8.0 / value_max 883.7 / target_mean 557.6 / target_std 237.2 / target_min 9.2 / target_max 919.8 / imag_reward_mean 1.6 / imag_reward_std 4.5 / imag_reward_min -0.0 / imag_reward_max 35.9 / imag_action_mean 7.0 / imag_action_std 4.3 / imag_action_min 0.0 / imag_action_max 17.0 / actor_entropy 0.4 / actor_loss 1.6 / actor_grad_norm 6.6 / value_loss 1.5 / value_grad_norm 1.5 / update_count 27769.0 / fps 12.5
add_video needs package moviepy
add_video needs package moviepy
[157876] 
Start evaluation.
[157876] eval_return 4164.0 / eval_length 1329.8 / eval_episodes 5.0
add_video needs package moviepy
Start training.
[157876] model_loss 16.0 / model_grad_norm 23.8 / image_loss 6.2 / reward_loss 0.1 / cont_loss 0.0 / kl_free 1.0 / dyn_scale 0.5 / rep_scale 0.1 / dyn_loss 16.2 / rep_loss 16.2 / kl 16.2 / prior_abs_ent 30.1 / post_abs_ent -27.4 / prior_obs_ent 13.1 / post_obs_ent -1.6 / boundary_ratio 0.0 / kl_mask 0.0 / normed_target_mean 0.6 / normed_target_std 0.3 / normed_target_min -0.1 / normed_target_max 1.1 / EMA_005 95.0 / EMA_095 827.3 / value_mean 556.2 / value_std 234.4 / value_min 12.0 / value_max 891.7 / target_mean 560.6 / target_std 235.7 / target_min 14.5 / target_max 922.5 / imag_reward_mean 1.7 / imag_reward_std 4.6 / imag_reward_min -0.0 / imag_reward_max 34.1 / imag_action_mean 7.1 / imag_action_std 4.2 / imag_action_min 0.0 / imag_action_max 17.0 / actor_entropy 0.4 / actor_loss 1.7 / actor_grad_norm 6.3 / value_loss 1.4 / value_grad_norm 1.4 / update_count 27925.0 / fps 12.6
add_video needs package moviepy
add_video needs package moviepy
[158500] 
Start evaluation.
[158500] eval_return 4472.0 / eval_length 1384.2 / eval_episodes 5.0
add_video needs package moviepy
Start training.
[158500] model_loss 16.1 / model_grad_norm 29.0 / image_loss 6.2 / reward_loss 0.1 / cont_loss 0.0 / kl_free 1.0 / dyn_scale 0.5 / rep_scale 0.1 / dyn_loss 16.4 / rep_loss 16.4 / kl 16.4 / prior_abs_ent 29.7 / post_abs_ent -27.5 / prior_obs_ent 13.6 / post_obs_ent -1.2 / boundary_ratio 0.0 / kl_mask 0.0 / normed_target_mean 0.6 / normed_target_std 0.3 / normed_target_min -0.1 / normed_target_max 1.1 / EMA_005 101.2 / EMA_095 834.1 / value_mean 565.9 / value_std 234.0 / value_min 10.3 / value_max 896.2 / target_mean 570.2 / target_std 235.4 / target_min 13.2 / target_max 928.4 / imag_reward_mean 1.7 / imag_reward_std 4.4 / imag_reward_min -0.0 / imag_reward_max 27.5 / imag_action_mean 6.9 / imag_action_std 4.3 / imag_action_min 0.0 / imag_action_max 17.0 / actor_entropy 0.4 / actor_loss 1.7 / actor_grad_norm 6.4 / value_loss 1.4 / value_grad_norm 1.4 / update_count 28081.0 / fps 12.4
add_video needs package moviepy
add_video needs package moviepy
[158516] dataset_size 39629.0 / train_return 4120.0 / train_length 1472.0 / train_episodes 29.0
[159124] 
Start evaluation.
[159124] eval_return 4346.0 / eval_length 1439.8 / eval_episodes 5.0
add_video needs package moviepy
Start training.
[159124] model_loss 16.0 / model_grad_norm 26.3 / image_loss 6.2 / reward_loss 0.1 / cont_loss 0.0 / kl_free 1.0 / dyn_scale 0.5 / rep_scale 0.1 / dyn_loss 16.2 / rep_loss 16.2 / kl 16.2 / prior_abs_ent 30.1 / post_abs_ent -27.4 / prior_obs_ent 12.8 / post_obs_ent -1.8 / boundary_ratio 0.0 / kl_mask 0.0 / normed_target_mean 0.6 / normed_target_std 0.3 / normed_target_min -0.1 / normed_target_max 1.1 / EMA_005 98.7 / EMA_095 838.2 / value_mean 559.5 / value_std 236.1 / value_min 14.0 / value_max 902.5 / target_mean 563.6 / target_std 237.7 / target_min 16.9 / target_max 931.7 / imag_reward_mean 1.7 / imag_reward_std 4.5 / imag_reward_min -0.0 / imag_reward_max 34.6 / imag_action_mean 6.9 / imag_action_std 4.3 / imag_action_min 0.0 / imag_action_max 17.0 / actor_entropy 0.4 / actor_loss 1.5 / actor_grad_norm 6.5 / value_loss 1.4 / value_grad_norm 1.4 / update_count 28237.0 / fps 12.2
add_video needs package moviepy
add_video needs package moviepy
[159748] 
Start evaluation.
[159748] eval_return 3652.0 / eval_length 1331.8 / eval_episodes 5.0
add_video needs package moviepy
Start training.
[159748] model_loss 16.1 / model_grad_norm 25.7 / image_loss 6.2 / reward_loss 0.1 / cont_loss 0.0 / kl_free 1.0 / dyn_scale 0.5 / rep_scale 0.1 / dyn_loss 16.3 / rep_loss 16.3 / kl 16.3 / prior_abs_ent 30.0 / post_abs_ent -27.5 / prior_obs_ent 13.3 / post_obs_ent -1.4 / boundary_ratio 0.0 / kl_mask 0.0 / normed_target_mean 0.6 / normed_target_std 0.3 / normed_target_min -0.1 / normed_target_max 1.1 / EMA_005 94.9 / EMA_095 842.6 / value_mean 567.0 / value_std 241.8 / value_min 9.1 / value_max 904.7 / target_mean 571.1 / target_std 243.2 / target_min 8.5 / target_max 936.7 / imag_reward_mean 1.7 / imag_reward_std 4.8 / imag_reward_min -0.0 / imag_reward_max 42.2 / imag_action_mean 6.9 / imag_action_std 4.2 / imag_action_min 0.0 / imag_action_max 17.0 / actor_entropy 0.4 / actor_loss 1.6 / actor_grad_norm 6.4 / value_loss 1.4 / value_grad_norm 1.4 / update_count 28393.0 / fps 12.5
add_video needs package moviepy
add_video needs package moviepy
[160372] 
Start evaluation.
[160372] eval_return 3432.0 / eval_length 1279.6 / eval_episodes 5.0
add_video needs package moviepy
Start training.
[160372] model_loss 16.1 / model_grad_norm 30.6 / image_loss 6.2 / reward_loss 0.1 / cont_loss 0.0 / kl_free 1.0 / dyn_scale 0.5 / rep_scale 0.1 / dyn_loss 16.4 / rep_loss 16.4 / kl 16.4 / prior_abs_ent 30.6 / post_abs_ent -27.5 / prior_obs_ent 13.1 / post_obs_ent -1.6 / boundary_ratio 0.0 / kl_mask 0.0 / normed_target_mean 0.6 / normed_target_std 0.3 / normed_target_min -0.1 / normed_target_max 1.1 / EMA_005 83.0 / EMA_095 846.4 / value_mean 566.3 / value_std 243.6 / value_min 6.3 / value_max 912.5 / target_mean 570.1 / target_std 245.0 / target_min 7.8 / target_max 940.9 / imag_reward_mean 1.7 / imag_reward_std 4.5 / imag_reward_min -0.0 / imag_reward_max 30.1 / imag_action_mean 6.9 / imag_action_std 4.2 / imag_action_min 0.0 / imag_action_max 17.0 / actor_entropy 0.4 / actor_loss 1.3 / actor_grad_norm 6.3 / value_loss 1.5 / value_grad_norm 1.5 / update_count 28549.0 / fps 12.6
add_video needs package moviepy
add_video needs package moviepy
[160996] 
Start evaluation.
[160996] eval_return 4036.0 / eval_length 1277.6 / eval_episodes 5.0
add_video needs package moviepy
Start training.
[160996] model_loss 16.0 / model_grad_norm 27.1 / image_loss 6.1 / reward_loss 0.1 / cont_loss 0.0 / kl_free 1.0 / dyn_scale 0.5 / rep_scale 0.1 / dyn_loss 16.4 / rep_loss 16.4 / kl 16.4 / prior_abs_ent 29.8 / post_abs_ent -27.5 / prior_obs_ent 13.0 / post_obs_ent -1.8 / boundary_ratio 0.0 / kl_mask 0.0 / normed_target_mean 0.6 / normed_target_std 0.3 / normed_target_min -0.1 / normed_target_max 1.1 / EMA_005 91.2 / EMA_095 853.3 / value_mean 579.6 / value_std 242.3 / value_min 11.3 / value_max 915.6 / target_mean 583.6 / target_std 243.9 / target_min 12.1 / target_max 947.4 / imag_reward_mean 1.7 / imag_reward_std 4.7 / imag_reward_min -0.0 / imag_reward_max 39.1 / imag_action_mean 6.9 / imag_action_std 4.2 / imag_action_min 0.0 / imag_action_max 17.0 / actor_entropy 0.4 / actor_loss 1.4 / actor_grad_norm 6.4 / value_loss 1.4 / value_grad_norm 1.5 / update_count 28705.0 / fps 12.6
add_video needs package moviepy
add_video needs package moviepy
[161620] 
Start evaluation.
[161620] eval_return 3066.0 / eval_length 1157.0 / eval_episodes 5.0
add_video needs package moviepy
Start training.
[161620] model_loss 16.1 / model_grad_norm 27.4 / image_loss 6.1 / reward_loss 0.1 / cont_loss 0.0 / kl_free 1.0 / dyn_scale 0.5 / rep_scale 0.1 / dyn_loss 16.4 / rep_loss 16.4 / kl 16.4 / prior_abs_ent 30.2 / post_abs_ent -27.5 / prior_obs_ent 12.9 / post_obs_ent -1.9 / boundary_ratio 0.0 / kl_mask 0.0 / normed_target_mean 0.6 / normed_target_std 0.3 / normed_target_min -0.1 / normed_target_max 1.1 / EMA_005 93.5 / EMA_095 859.4 / value_mean 583.6 / value_std 244.2 / value_min 7.9 / value_max 919.3 / target_mean 587.2 / target_std 245.7 / target_min 10.5 / target_max 948.3 / imag_reward_mean 1.7 / imag_reward_std 4.5 / imag_reward_min -0.0 / imag_reward_max 26.8 / imag_action_mean 6.9 / imag_action_std 4.2 / imag_action_min 0.0 / imag_action_max 17.0 / actor_entropy 0.4 / actor_loss 1.2 / actor_grad_norm 6.2 / value_loss 1.4 / value_grad_norm 1.4 / update_count 28861.0 / fps 13.0
add_video needs package moviepy
add_video needs package moviepy
[162244] 
Start evaluation.
[162244] eval_return 3866.0 / eval_length 1245.4 / eval_episodes 5.0
add_video needs package moviepy
Start training.
[162244] model_loss 16.4 / model_grad_norm 26.3 / image_loss 6.3 / reward_loss 0.1 / cont_loss 0.0 / kl_free 1.0 / dyn_scale 0.5 / rep_scale 0.1 / dyn_loss 16.6 / rep_loss 16.6 / kl 16.6 / prior_abs_ent 30.2 / post_abs_ent -27.5 / prior_obs_ent 13.3 / post_obs_ent -1.7 / boundary_ratio 0.0 / kl_mask 0.0 / normed_target_mean 0.7 / normed_target_std 0.3 / normed_target_min -0.1 / normed_target_max 1.1 / EMA_005 98.1 / EMA_095 861.7 / value_mean 597.6 / value_std 237.5 / value_min 18.2 / value_max 922.5 / target_mean 601.1 / target_std 239.0 / target_min 19.2 / target_max 953.7 / imag_reward_mean 1.8 / imag_reward_std 4.7 / imag_reward_min -0.0 / imag_reward_max 37.7 / imag_action_mean 7.0 / imag_action_std 4.2 / imag_action_min 0.0 / imag_action_max 17.0 / actor_entropy 0.4 / actor_loss 1.1 / actor_grad_norm 6.1 / value_loss 1.4 / value_grad_norm 1.4 / update_count 29017.0 / fps 12.7
add_video needs package moviepy
add_video needs package moviepy
[162868] 
Start evaluation.
[162868] eval_return 3626.0 / eval_length 1365.4 / eval_episodes 5.0
add_video needs package moviepy
Start training.
[162868] model_loss 16.2 / model_grad_norm 27.7 / image_loss 6.2 / reward_loss 0.1 / cont_loss 0.0 / kl_free 1.0 / dyn_scale 0.5 / rep_scale 0.1 / dyn_loss 16.5 / rep_loss 16.5 / kl 16.5 / prior_abs_ent 30.3 / post_abs_ent -27.5 / prior_obs_ent 13.1 / post_obs_ent -1.7 / boundary_ratio 0.0 / kl_mask 0.0 / normed_target_mean 0.6 / normed_target_std 0.3 / normed_target_min -0.1 / normed_target_max 1.1 / EMA_005 98.6 / EMA_095 866.1 / value_mean 590.8 / value_std 247.3 / value_min 9.1 / value_max 924.9 / target_mean 594.5 / target_std 248.6 / target_min 10.9 / target_max 957.8 / imag_reward_mean 1.8 / imag_reward_std 4.6 / imag_reward_min -0.0 / imag_reward_max 30.6 / imag_action_mean 6.8 / imag_action_std 4.3 / imag_action_min 0.0 / imag_action_max 17.0 / actor_entropy 0.4 / actor_loss 1.2 / actor_grad_norm 6.1 / value_loss 1.4 / value_grad_norm 1.6 / update_count 29173.0 / fps 12.4
add_video needs package moviepy
add_video needs package moviepy
[163492] 
Start evaluation.
[163492] eval_return 3108.0 / eval_length 1194.4 / eval_episodes 5.0
add_video needs package moviepy
Start training.
[163492] model_loss 15.9 / model_grad_norm 25.3 / image_loss 6.1 / reward_loss 0.1 / cont_loss 0.0 / kl_free 1.0 / dyn_scale 0.5 / rep_scale 0.1 / dyn_loss 16.2 / rep_loss 16.2 / kl 16.2 / prior_abs_ent 30.4 / post_abs_ent -27.4 / prior_obs_ent 13.0 / post_obs_ent -1.6 / boundary_ratio 0.0 / kl_mask 0.0 / normed_target_mean 0.7 / normed_target_std 0.3 / normed_target_min -0.1 / normed_target_max 1.1 / EMA_005 94.5 / EMA_095 867.9 / value_mean 595.6 / value_std 246.2 / value_min 12.4 / value_max 933.0 / target_mean 598.8 / target_std 247.4 / target_min 14.1 / target_max 962.4 / imag_reward_mean 1.7 / imag_reward_std 4.4 / imag_reward_min -0.0 / imag_reward_max 27.0 / imag_action_mean 7.0 / imag_action_std 4.3 / imag_action_min 0.0 / imag_action_max 17.0 / actor_entropy 0.4 / actor_loss 1.0 / actor_grad_norm 6.0 / value_loss 1.4 / value_grad_norm 1.4 / update_count 29329.0 / fps 12.9
add_video needs package moviepy
add_video needs package moviepy
[164116] 
Start evaluation.
[164116] eval_return 4066.0 / eval_length 1386.4 / eval_episodes 5.0
add_video needs package moviepy
Start training.
[164116] model_loss 16.2 / model_grad_norm 25.8 / image_loss 6.2 / reward_loss 0.1 / cont_loss 0.0 / kl_free 1.0 / dyn_scale 0.5 / rep_scale 0.1 / dyn_loss 16.4 / rep_loss 16.4 / kl 16.4 / prior_abs_ent 30.5 / post_abs_ent -27.5 / prior_obs_ent 13.1 / post_obs_ent -1.7 / boundary_ratio 0.0 / kl_mask 0.0 / normed_target_mean 0.7 / normed_target_std 0.3 / normed_target_min -0.1 / normed_target_max 1.1 / EMA_005 102.3 / EMA_095 869.3 / value_mean 599.5 / value_std 240.4 / value_min 13.7 / value_max 931.5 / target_mean 602.4 / target_std 241.7 / target_min 15.7 / target_max 963.6 / imag_reward_mean 1.7 / imag_reward_std 4.6 / imag_reward_min -0.0 / imag_reward_max 32.1 / imag_action_mean 6.9 / imag_action_std 4.3 / imag_action_min 0.0 / imag_action_max 17.0 / actor_entropy 0.4 / actor_loss 1.0 / actor_grad_norm 5.9 / value_loss 1.4 / value_grad_norm 1.4 / update_count 29485.0 / fps 12.3
add_video needs package moviepy
add_video needs package moviepy
[164324] dataset_size 41081.0 / train_return 4360.0 / train_length 1452.0 / train_episodes 30.0
[164740] 
Start evaluation.
[164740] eval_return 3422.0 / eval_length 1386.8 / eval_episodes 5.0
add_video needs package moviepy
Start training.
[164740] model_loss 16.1 / model_grad_norm 28.5 / image_loss 6.1 / reward_loss 0.1 / cont_loss 0.0 / kl_free 1.0 / dyn_scale 0.5 / rep_scale 0.1 / dyn_loss 16.5 / rep_loss 16.5 / kl 16.5 / prior_abs_ent 30.5 / post_abs_ent -27.5 / prior_obs_ent 13.1 / post_obs_ent -1.8 / boundary_ratio 0.0 / kl_mask 0.0 / normed_target_mean 0.7 / normed_target_std 0.3 / normed_target_min -0.1 / normed_target_max 1.1 / EMA_005 111.1 / EMA_095 874.1 / value_mean 611.8 / value_std 241.6 / value_min 15.9 / value_max 947.1 / target_mean 614.8 / target_std 243.0 / target_min 17.3 / target_max 976.3 / imag_reward_mean 1.8 / imag_reward_std 4.7 / imag_reward_min -0.0 / imag_reward_max 37.2 / imag_action_mean 7.0 / imag_action_std 4.3 / imag_action_min 0.0 / imag_action_max 17.0 / actor_entropy 0.4 / actor_loss 1.0 / actor_grad_norm 6.0 / value_loss 1.4 / value_grad_norm 1.4 / update_count 29641.0 / fps 12.4
add_video needs package moviepy
add_video needs package moviepy
[165364] 
Start evaluation.
[165364] eval_return 3650.0 / eval_length 1249.0 / eval_episodes 5.0
add_video needs package moviepy
Start training.
[165364] model_loss 16.0 / model_grad_norm 28.1 / image_loss 6.1 / reward_loss 0.1 / cont_loss 0.0 / kl_free 1.0 / dyn_scale 0.5 / rep_scale 0.1 / dyn_loss 16.4 / rep_loss 16.4 / kl 16.4 / prior_abs_ent 30.3 / post_abs_ent -27.4 / prior_obs_ent 13.0 / post_obs_ent -1.7 / boundary_ratio 0.0 / kl_mask 0.0 / normed_target_mean 0.6 / normed_target_std 0.3 / normed_target_min -0.1 / normed_target_max 1.1 / EMA_005 100.4 / EMA_095 878.9 / value_mean 603.1 / value_std 249.8 / value_min 10.1 / value_max 952.3 / target_mean 606.2 / target_std 251.2 / target_min 14.3 / target_max 983.2 / imag_reward_mean 1.8 / imag_reward_std 4.6 / imag_reward_min -0.0 / imag_reward_max 36.5 / imag_action_mean 7.0 / imag_action_std 4.2 / imag_action_min 0.0 / imag_action_max 17.0 / actor_entropy 0.5 / actor_loss 1.1 / actor_grad_norm 6.2 / value_loss 1.4 / value_grad_norm 1.5 / update_count 29797.0 / fps 12.7
add_video needs package moviepy
add_video needs package moviepy
[165988] 
Start evaluation.
[165988] eval_return 4558.0 / eval_length 1370.4 / eval_episodes 5.0
add_video needs package moviepy
Start training.
[165988] model_loss 16.1 / model_grad_norm 27.3 / image_loss 6.1 / reward_loss 0.1 / cont_loss 0.0 / kl_free 1.0 / dyn_scale 0.5 / rep_scale 0.1 / dyn_loss 16.5 / rep_loss 16.5 / kl 16.5 / prior_abs_ent 30.2 / post_abs_ent -27.4 / prior_obs_ent 13.4 / post_obs_ent -1.5 / boundary_ratio 0.0 / kl_mask 0.0 / normed_target_mean 0.7 / normed_target_std 0.3 / normed_target_min -0.1 / normed_target_max 1.1 / EMA_005 107.6 / EMA_095 884.6 / value_mean 618.7 / value_std 240.4 / value_min 14.3 / value_max 968.1 / target_mean 622.0 / target_std 241.8 / target_min 17.2 / target_max 994.6 / imag_reward_mean 1.8 / imag_reward_std 4.8 / imag_reward_min -0.0 / imag_reward_max 44.7 / imag_action_mean 7.0 / imag_action_std 4.3 / imag_action_min 0.0 / imag_action_max 17.0 / actor_entropy 0.4 / actor_loss 1.1 / actor_grad_norm 6.2 / value_loss 1.3 / value_grad_norm 1.4 / update_count 29953.0 / fps 12.5
add_video needs package moviepy
add_video needs package moviepy
[166612] 
Start evaluation.
[166612] eval_return 3674.0 / eval_length 1425.0 / eval_episodes 5.0
add_video needs package moviepy
Start training.
[166612] model_loss 16.0 / model_grad_norm 27.9 / image_loss 6.0 / reward_loss 0.1 / cont_loss 0.0 / kl_free 1.0 / dyn_scale 0.5 / rep_scale 0.1 / dyn_loss 16.5 / rep_loss 16.5 / kl 16.5 / prior_abs_ent 30.6 / post_abs_ent -27.4 / prior_obs_ent 13.1 / post_obs_ent -1.7 / boundary_ratio 0.0 / kl_mask 0.0 / normed_target_mean 0.6 / normed_target_std 0.3 / normed_target_min -0.1 / normed_target_max 1.1 / EMA_005 122.9 / EMA_095 888.0 / value_mean 606.9 / value_std 248.3 / value_min 14.6 / value_max 967.5 / target_mean 609.6 / target_std 249.9 / target_min 15.5 / target_max 998.3 / imag_reward_mean 1.7 / imag_reward_std 4.5 / imag_reward_min -0.0 / imag_reward_max 30.3 / imag_action_mean 6.9 / imag_action_std 4.2 / imag_action_min 0.0 / imag_action_max 17.0 / actor_entropy 0.5 / actor_loss 0.9 / actor_grad_norm 6.2 / value_loss 1.3 / value_grad_norm 1.4 / update_count 30109.0 / fps 12.2
add_video needs package moviepy
add_video needs package moviepy
[167236] 
Start evaluation.
[167236] eval_return 4486.0 / eval_length 1453.4 / eval_episodes 5.0
add_video needs package moviepy
Start training.
[167236] model_loss 16.2 / model_grad_norm 28.6 / image_loss 6.2 / reward_loss 0.1 / cont_loss 0.0 / kl_free 1.0 / dyn_scale 0.5 / rep_scale 0.1 / dyn_loss 16.6 / rep_loss 16.6 / kl 16.6 / prior_abs_ent 30.4 / post_abs_ent -27.5 / prior_obs_ent 13.1 / post_obs_ent -1.9 / boundary_ratio 0.0 / kl_mask 0.0 / normed_target_mean 0.7 / normed_target_std 0.3 / normed_target_min -0.1 / normed_target_max 1.1 / EMA_005 106.1 / EMA_095 891.1 / value_mean 616.9 / value_std 250.3 / value_min 11.9 / value_max 972.8 / target_mean 619.7 / target_std 252.1 / target_min 15.5 / target_max 1002.4 / imag_reward_mean 1.8 / imag_reward_std 4.7 / imag_reward_min -0.0 / imag_reward_max 36.5 / imag_action_mean 7.1 / imag_action_std 4.3 / imag_action_min 0.0 / imag_action_max 17.0 / actor_entropy 0.4 / actor_loss 0.9 / actor_grad_norm 6.0 / value_loss 1.3 / value_grad_norm 1.3 / update_count 30265.0 / fps 12.1
add_video needs package moviepy
add_video needs package moviepy
[167860] 
Start evaluation.
[167860] eval_return 3742.0 / eval_length 1332.8 / eval_episodes 5.0
add_video needs package moviepy
Start training.
[167860] model_loss 16.2 / model_grad_norm 27.6 / image_loss 6.2 / reward_loss 0.1 / cont_loss 0.0 / kl_free 1.0 / dyn_scale 0.5 / rep_scale 0.1 / dyn_loss 16.5 / rep_loss 16.5 / kl 16.5 / prior_abs_ent 30.6 / post_abs_ent -27.3 / prior_obs_ent 13.4 / post_obs_ent -1.4 / boundary_ratio 0.0 / kl_mask 0.0 / normed_target_mean 0.6 / normed_target_std 0.3 / normed_target_min -0.1 / normed_target_max 1.1 / EMA_005 110.9 / EMA_095 894.4 / value_mean 616.5 / value_std 245.9 / value_min 12.3 / value_max 975.7 / target_mean 619.1 / target_std 247.7 / target_min 17.3 / target_max 1003.9 / imag_reward_mean 1.7 / imag_reward_std 4.5 / imag_reward_min -0.0 / imag_reward_max 31.6 / imag_action_mean 7.3 / imag_action_std 4.1 / imag_action_min 0.0 / imag_action_max 17.0 / actor_entropy 0.4 / actor_loss 0.9 / actor_grad_norm 6.4 / value_loss 1.3 / value_grad_norm 1.5 / update_count 30421.0 / fps 12.4
add_video needs package moviepy
add_video needs package moviepy
[168484] 
Start evaluation.
[168484] eval_return 4186.0 / eval_length 1470.2 / eval_episodes 5.0
add_video needs package moviepy
Start training.
[168484] model_loss 16.2 / model_grad_norm 28.9 / image_loss 6.2 / reward_loss 0.1 / cont_loss 0.0 / kl_free 1.0 / dyn_scale 0.5 / rep_scale 0.1 / dyn_loss 16.5 / rep_loss 16.5 / kl 16.5 / prior_abs_ent 30.8 / post_abs_ent -27.3 / prior_obs_ent 13.2 / post_obs_ent -1.7 / boundary_ratio 0.0 / kl_mask 0.0 / normed_target_mean 0.6 / normed_target_std 0.3 / normed_target_min -0.1 / normed_target_max 1.1 / EMA_005 104.5 / EMA_095 900.8 / value_mean 615.9 / value_std 260.4 / value_min 8.2 / value_max 979.1 / target_mean 619.0 / target_std 262.1 / target_min 10.1 / target_max 1013.4 / imag_reward_mean 1.8 / imag_reward_std 4.6 / imag_reward_min -0.0 / imag_reward_max 27.0 / imag_action_mean 7.3 / imag_action_std 4.1 / imag_action_min 0.0 / imag_action_max 17.0 / actor_entropy 0.4 / actor_loss 1.1 / actor_grad_norm 6.5 / value_loss 1.3 / value_grad_norm 1.3 / update_count 30577.0 / fps 12.1
add_video needs package moviepy
add_video needs package moviepy
[168688] dataset_size 42172.0 / train_return 2910.0 / train_length 1091.0 / train_episodes 31.0
[169108] 
Start evaluation.
[169108] eval_return 3890.0 / eval_length 1443.8 / eval_episodes 5.0
add_video needs package moviepy
Start training.
[169108] model_loss 16.2 / model_grad_norm 27.4 / image_loss 6.2 / reward_loss 0.1 / cont_loss 0.0 / kl_free 1.0 / dyn_scale 0.5 / rep_scale 0.1 / dyn_loss 16.6 / rep_loss 16.6 / kl 16.6 / prior_abs_ent 30.9 / post_abs_ent -27.4 / prior_obs_ent 13.1 / post_obs_ent -1.9 / boundary_ratio 0.0 / kl_mask 0.0 / normed_target_mean 0.7 / normed_target_std 0.3 / normed_target_min -0.1 / normed_target_max 1.1 / EMA_005 104.0 / EMA_095 903.5 / value_mean 621.7 / value_std 254.2 / value_min 16.0 / value_max 982.0 / target_mean 624.5 / target_std 255.5 / target_min 18.5 / target_max 1012.5 / imag_reward_mean 1.8 / imag_reward_std 4.6 / imag_reward_min -0.0 / imag_reward_max 35.9 / imag_action_mean 7.4 / imag_action_std 4.1 / imag_action_min 0.0 / imag_action_max 17.0 / actor_entropy 0.4 / actor_loss 0.9 / actor_grad_norm 6.3 / value_loss 1.3 / value_grad_norm 1.4 / update_count 30733.0 / fps 12.1
add_video needs package moviepy
add_video needs package moviepy
[169732] 
Start evaluation.
[169732] eval_return 4544.0 / eval_length 1397.2 / eval_episodes 5.0
add_video needs package moviepy
Start training.
[169732] model_loss 16.2 / model_grad_norm 25.3 / image_loss 6.1 / reward_loss 0.1 / cont_loss 0.0 / kl_free 1.0 / dyn_scale 0.5 / rep_scale 0.1 / dyn_loss 16.7 / rep_loss 16.7 / kl 16.7 / prior_abs_ent 30.7 / post_abs_ent -27.4 / prior_obs_ent 13.5 / post_obs_ent -1.5 / boundary_ratio 0.0 / kl_mask 0.0 / normed_target_mean 0.6 / normed_target_std 0.3 / normed_target_min -0.1 / normed_target_max 1.1 / EMA_005 104.5 / EMA_095 907.9 / value_mean 617.9 / value_std 259.0 / value_min 11.1 / value_max 988.9 / target_mean 620.8 / target_std 260.6 / target_min 12.6 / target_max 1018.6 / imag_reward_mean 1.8 / imag_reward_std 4.7 / imag_reward_min -0.0 / imag_reward_max 32.9 / imag_action_mean 7.2 / imag_action_std 4.1 / imag_action_min 0.0 / imag_action_max 17.0 / actor_entropy 0.4 / actor_loss 0.9 / actor_grad_norm 6.3 / value_loss 1.4 / value_grad_norm 1.5 / update_count 30889.0 / fps 12.3
add_video needs package moviepy
add_video needs package moviepy
[170356] 
Start evaluation.
[170356] eval_return 3684.0 / eval_length 1464.6 / eval_episodes 5.0
add_video needs package moviepy
Start training.
[170356] model_loss 16.0 / model_grad_norm 28.5 / image_loss 6.0 / reward_loss 0.1 / cont_loss 0.0 / kl_free 1.0 / dyn_scale 0.5 / rep_scale 0.1 / dyn_loss 16.6 / rep_loss 16.6 / kl 16.6 / prior_abs_ent 30.4 / post_abs_ent -27.4 / prior_obs_ent 12.8 / post_obs_ent -2.1 / boundary_ratio 0.0 / kl_mask 0.0 / normed_target_mean 0.7 / normed_target_std 0.3 / normed_target_min -0.1 / normed_target_max 1.1 / EMA_005 112.7 / EMA_095 912.4 / value_mean 632.7 / value_std 254.1 / value_min 12.9 / value_max 994.4 / target_mean 635.4 / target_std 255.4 / target_min 17.1 / target_max 1026.0 / imag_reward_mean 1.8 / imag_reward_std 4.5 / imag_reward_min -0.0 / imag_reward_max 27.1 / imag_action_mean 7.1 / imag_action_std 4.1 / imag_action_min 0.0 / imag_action_max 17.0 / actor_entropy 0.4 / actor_loss 0.9 / actor_grad_norm 6.4 / value_loss 1.3 / value_grad_norm 1.4 / update_count 31045.0 / fps 12.2
add_video needs package moviepy
add_video needs package moviepy
[170980] 
Start evaluation.
[170980] eval_return 4688.0 / eval_length 1454.2 / eval_episodes 5.0
add_video needs package moviepy
Start training.
[170980] model_loss 15.9 / model_grad_norm 26.8 / image_loss 6.0 / reward_loss 0.1 / cont_loss 0.0 / kl_free 1.0 / dyn_scale 0.5 / rep_scale 0.1 / dyn_loss 16.4 / rep_loss 16.4 / kl 16.4 / prior_abs_ent 30.5 / post_abs_ent -27.3 / prior_obs_ent 13.1 / post_obs_ent -1.6 / boundary_ratio 0.0 / kl_mask 0.0 / normed_target_mean 0.6 / normed_target_std 0.3 / normed_target_min -0.1 / normed_target_max 1.1 / EMA_005 112.0 / EMA_095 917.6 / value_mean 622.7 / value_std 261.3 / value_min 16.0 / value_max 991.4 / target_mean 626.0 / target_std 262.6 / target_min 16.3 / target_max 1027.7 / imag_reward_mean 1.7 / imag_reward_std 4.6 / imag_reward_min -0.0 / imag_reward_max 36.3 / imag_action_mean 7.1 / imag_action_std 4.0 / imag_action_min 0.0 / imag_action_max 17.0 / actor_entropy 0.4 / actor_loss 1.0 / actor_grad_norm 6.2 / value_loss 1.3 / value_grad_norm 1.4 / update_count 31201.0 / fps 12.2
add_video needs package moviepy
add_video needs package moviepy
[171604] 
Start evaluation.
[171604] eval_return 4936.0 / eval_length 1467.0 / eval_episodes 5.0
add_video needs package moviepy
Start training.
[171604] model_loss 16.2 / model_grad_norm 29.1 / image_loss 6.2 / reward_loss 0.1 / cont_loss 0.0 / kl_free 1.0 / dyn_scale 0.5 / rep_scale 0.1 / dyn_loss 16.6 / rep_loss 16.6 / kl 16.6 / prior_abs_ent 30.7 / post_abs_ent -27.4 / prior_obs_ent 13.0 / post_obs_ent -2.0 / boundary_ratio 0.0 / kl_mask 0.0 / normed_target_mean 0.7 / normed_target_std 0.3 / normed_target_min -0.1 / normed_target_max 1.1 / EMA_005 109.9 / EMA_095 921.0 / value_mean 634.4 / value_std 254.4 / value_min 18.0 / value_max 994.2 / target_mean 637.5 / target_std 256.1 / target_min 20.5 / target_max 1030.6 / imag_reward_mean 1.8 / imag_reward_std 4.6 / imag_reward_min -0.0 / imag_reward_max 35.9 / imag_action_mean 7.2 / imag_action_std 4.0 / imag_action_min 0.0 / imag_action_max 17.0 / actor_entropy 0.4 / actor_loss 1.0 / actor_grad_norm 6.0 / value_loss 1.3 / value_grad_norm 1.4 / update_count 31357.0 / fps 12.1
add_video needs package moviepy
add_video needs package moviepy
[172228] 
Start evaluation.
[172228] eval_return 4362.0 / eval_length 1292.0 / eval_episodes 5.0
add_video needs package moviepy
Start training.
[172228] model_loss 16.1 / model_grad_norm 26.9 / image_loss 6.1 / reward_loss 0.1 / cont_loss 0.0 / kl_free 1.0 / dyn_scale 0.5 / rep_scale 0.1 / dyn_loss 16.6 / rep_loss 16.6 / kl 16.6 / prior_abs_ent 30.6 / post_abs_ent -27.4 / prior_obs_ent 13.1 / post_obs_ent -1.9 / boundary_ratio 0.0 / kl_mask 0.0 / normed_target_mean 0.6 / normed_target_std 0.3 / normed_target_min -0.1 / normed_target_max 1.1 / EMA_005 118.5 / EMA_095 924.1 / value_mean 634.2 / value_std 257.4 / value_min 15.0 / value_max 998.0 / target_mean 636.7 / target_std 259.0 / target_min 19.2 / target_max 1034.7 / imag_reward_mean 1.8 / imag_reward_std 4.6 / imag_reward_min -0.0 / imag_reward_max 32.7 / imag_action_mean 7.1 / imag_action_std 4.0 / imag_action_min 0.0 / imag_action_max 17.0 / actor_entropy 0.4 / actor_loss 0.7 / actor_grad_norm 6.3 / value_loss 1.3 / value_grad_norm 1.3 / update_count 31513.0 / fps 12.6
add_video needs package moviepy
add_video needs package moviepy
[172852] 
Start evaluation.
[172852] eval_return 3866.0 / eval_length 1387.4 / eval_episodes 5.0
add_video needs package moviepy
Start training.
[172852] model_loss 16.1 / model_grad_norm 27.3 / image_loss 6.0 / reward_loss 0.1 / cont_loss 0.0 / kl_free 1.0 / dyn_scale 0.5 / rep_scale 0.1 / dyn_loss 16.6 / rep_loss 16.6 / kl 16.6 / prior_abs_ent 30.9 / post_abs_ent -27.4 / prior_obs_ent 12.8 / post_obs_ent -2.2 / boundary_ratio 0.0 / kl_mask 0.0 / normed_target_mean 0.6 / normed_target_std 0.3 / normed_target_min -0.1 / normed_target_max 1.1 / EMA_005 123.7 / EMA_095 930.0 / value_mean 639.7 / value_std 261.2 / value_min 18.5 / value_max 1003.1 / target_mean 642.8 / target_std 262.9 / target_min 21.0 / target_max 1042.4 / imag_reward_mean 1.9 / imag_reward_std 4.8 / imag_reward_min -0.0 / imag_reward_max 35.9 / imag_action_mean 7.2 / imag_action_std 4.1 / imag_action_min 0.0 / imag_action_max 17.0 / actor_entropy 0.4 / actor_loss 0.9 / actor_grad_norm 6.3 / value_loss 1.3 / value_grad_norm 1.3 / update_count 31669.0 / fps 12.4
add_video needs package moviepy
add_video needs package moviepy
[173476] 
Start evaluation.
[173476] eval_return 4206.0 / eval_length 1372.4 / eval_episodes 5.0
add_video needs package moviepy
Start training.
[173476] model_loss 16.3 / model_grad_norm 27.8 / image_loss 6.1 / reward_loss 0.1 / cont_loss 0.0 / kl_free 1.0 / dyn_scale 0.5 / rep_scale 0.1 / dyn_loss 16.8 / rep_loss 16.8 / kl 16.8 / prior_abs_ent 30.8 / post_abs_ent -27.4 / prior_obs_ent 13.3 / post_obs_ent -1.8 / boundary_ratio 0.0 / kl_mask 0.0 / normed_target_mean 0.6 / normed_target_std 0.3 / normed_target_min -0.1 / normed_target_max 1.1 / EMA_005 118.3 / EMA_095 935.3 / value_mean 637.2 / value_std 267.6 / value_min 16.7 / value_max 1004.4 / target_mean 640.3 / target_std 269.3 / target_min 20.5 / target_max 1040.7 / imag_reward_mean 1.9 / imag_reward_std 4.7 / imag_reward_min -0.0 / imag_reward_max 30.6 / imag_action_mean 7.2 / imag_action_std 4.0 / imag_action_min 0.0 / imag_action_max 17.0 / actor_entropy 0.4 / actor_loss 0.9 / actor_grad_norm 6.4 / value_loss 1.4 / value_grad_norm 1.3 / update_count 31825.0 / fps 12.4
add_video needs package moviepy
add_video needs package moviepy
[174100] 
Start evaluation.
[174100] eval_return 5198.0 / eval_length 1473.2 / eval_episodes 5.0
add_video needs package moviepy
Start training.
[174100] model_loss 16.1 / model_grad_norm 27.3 / image_loss 6.0 / reward_loss 0.1 / cont_loss 0.0 / kl_free 1.0 / dyn_scale 0.5 / rep_scale 0.1 / dyn_loss 16.6 / rep_loss 16.6 / kl 16.6 / prior_abs_ent 30.8 / post_abs_ent -27.4 / prior_obs_ent 13.2 / post_obs_ent -1.8 / boundary_ratio 0.0 / kl_mask 0.0 / normed_target_mean 0.6 / normed_target_std 0.3 / normed_target_min -0.1 / normed_target_max 1.1 / EMA_005 119.3 / EMA_095 940.3 / value_mean 640.5 / value_std 265.3 / value_min 16.7 / value_max 1004.9 / target_mean 643.3 / target_std 267.0 / target_min 16.4 / target_max 1045.8 / imag_reward_mean 1.8 / imag_reward_std 4.8 / imag_reward_min -0.0 / imag_reward_max 40.8 / imag_action_mean 7.3 / imag_action_std 4.1 / imag_action_min 0.0 / imag_action_max 17.0 / actor_entropy 0.4 / actor_loss 0.8 / actor_grad_norm 6.2 / value_loss 1.3 / value_grad_norm 1.3 / update_count 31981.0 / fps 12.1
add_video needs package moviepy
add_video needs package moviepy
[174540] dataset_size 43635.0 / train_return 5000.0 / train_length 1463.0 / train_episodes 32.0
[174724] 
Start evaluation.
[174724] eval_return 4234.0 / eval_length 1414.4 / eval_episodes 5.0
add_video needs package moviepy
Start training.
[174724] model_loss 16.2 / model_grad_norm 28.0 / image_loss 6.1 / reward_loss 0.1 / cont_loss 0.0 / kl_free 1.0 / dyn_scale 0.5 / rep_scale 0.1 / dyn_loss 16.7 / rep_loss 16.7 / kl 16.7 / prior_abs_ent 30.6 / post_abs_ent -27.4 / prior_obs_ent 12.5 / post_obs_ent -2.5 / boundary_ratio 0.0 / kl_mask 0.0 / normed_target_mean 0.6 / normed_target_std 0.3 / normed_target_min -0.1 / normed_target_max 1.1 / EMA_005 122.4 / EMA_095 943.0 / value_mean 646.4 / value_std 262.8 / value_min 16.4 / value_max 1006.7 / target_mean 649.4 / target_std 264.3 / target_min 18.3 / target_max 1046.3 / imag_reward_mean 1.9 / imag_reward_std 4.9 / imag_reward_min -0.0 / imag_reward_max 41.9 / imag_action_mean 7.3 / imag_action_std 4.1 / imag_action_min 0.0 / imag_action_max 17.0 / actor_entropy 0.4 / actor_loss 0.9 / actor_grad_norm 6.3 / value_loss 1.3 / value_grad_norm 1.3 / update_count 32137.0 / fps 12.2
add_video needs package moviepy
add_video needs package moviepy
[175348] 
Start evaluation.
[175348] eval_return 3820.0 / eval_length 1370.2 / eval_episodes 5.0
add_video needs package moviepy
Start training.
[175348] model_loss 16.3 / model_grad_norm 32.3 / image_loss 6.1 / reward_loss 0.1 / cont_loss 0.0 / kl_free 1.0 / dyn_scale 0.5 / rep_scale 0.1 / dyn_loss 16.9 / rep_loss 16.9 / kl 16.9 / prior_abs_ent 30.8 / post_abs_ent -27.4 / prior_obs_ent 13.3 / post_obs_ent -1.8 / boundary_ratio 0.0 / kl_mask 0.0 / normed_target_mean 0.6 / normed_target_std 0.3 / normed_target_min -0.1 / normed_target_max 1.1 / EMA_005 116.2 / EMA_095 948.4 / value_mean 647.1 / value_std 271.7 / value_min 16.0 / value_max 1010.1 / target_mean 649.8 / target_std 273.6 / target_min 17.6 / target_max 1054.8 / imag_reward_mean 1.8 / imag_reward_std 4.7 / imag_reward_min -0.0 / imag_reward_max 36.3 / imag_action_mean 7.2 / imag_action_std 4.2 / imag_action_min 0.0 / imag_action_max 17.0 / actor_entropy 0.4 / actor_loss 0.7 / actor_grad_norm 6.5 / value_loss 1.4 / value_grad_norm 1.4 / update_count 32293.0 / fps 12.2
add_video needs package moviepy
add_video needs package moviepy
[175972] 
Start evaluation.
[175972] eval_return 3568.0 / eval_length 1340.8 / eval_episodes 5.0
add_video needs package moviepy
Start training.
[175972] model_loss 16.2 / model_grad_norm 28.7 / image_loss 6.0 / reward_loss 0.1 / cont_loss 0.0 / kl_free 1.0 / dyn_scale 0.5 / rep_scale 0.1 / dyn_loss 16.7 / rep_loss 16.7 / kl 16.7 / prior_abs_ent 30.5 / post_abs_ent -27.4 / prior_obs_ent 13.4 / post_obs_ent -1.7 / boundary_ratio 0.0 / kl_mask 0.0 / normed_target_mean 0.6 / normed_target_std 0.3 / normed_target_min -0.1 / normed_target_max 1.1 / EMA_005 119.1 / EMA_095 954.5 / value_mean 657.4 / value_std 267.8 / value_min 20.4 / value_max 1011.7 / target_mean 660.3 / target_std 269.4 / target_min 28.2 / target_max 1051.9 / imag_reward_mean 1.8 / imag_reward_std 4.7 / imag_reward_min -0.0 / imag_reward_max 29.5 / imag_action_mean 7.2 / imag_action_std 4.1 / imag_action_min 0.0 / imag_action_max 17.0 / actor_entropy 0.4 / actor_loss 0.8 / actor_grad_norm 6.3 / value_loss 1.3 / value_grad_norm 1.4 / update_count 32449.0 / fps 12.5
add_video needs package moviepy
add_video needs package moviepy
[176596] 
Start evaluation.
[176596] eval_return 4476.0 / eval_length 1444.6 / eval_episodes 5.0
add_video needs package moviepy
Start training.
[176596] model_loss 16.1 / model_grad_norm 27.2 / image_loss 6.0 / reward_loss 0.1 / cont_loss 0.0 / kl_free 1.0 / dyn_scale 0.5 / rep_scale 0.1 / dyn_loss 16.6 / rep_loss 16.6 / kl 16.6 / prior_abs_ent 30.9 / post_abs_ent -27.3 / prior_obs_ent 12.8 / post_obs_ent -2.3 / boundary_ratio 0.0 / kl_mask 0.0 / normed_target_mean 0.6 / normed_target_std 0.3 / normed_target_min -0.1 / normed_target_max 1.1 / EMA_005 125.8 / EMA_095 959.9 / value_mean 660.2 / value_std 266.5 / value_min 20.4 / value_max 1019.1 / target_mean 663.4 / target_std 268.2 / target_min 24.3 / target_max 1057.6 / imag_reward_mean 1.9 / imag_reward_std 4.6 / imag_reward_min -0.0 / imag_reward_max 27.5 / imag_action_mean 7.2 / imag_action_std 4.1 / imag_action_min 0.0 / imag_action_max 17.0 / actor_entropy 0.4 / actor_loss 0.9 / actor_grad_norm 6.3 / value_loss 1.3 / value_grad_norm 1.3 / update_count 32605.0 / fps 12.2
add_video needs package moviepy
add_video needs package moviepy
[177220] 
Start evaluation.
[177220] eval_return 4050.0 / eval_length 1297.6 / eval_episodes 5.0
add_video needs package moviepy
Start training.
[177220] model_loss 16.0 / model_grad_norm 30.1 / image_loss 6.0 / reward_loss 0.1 / cont_loss 0.0 / kl_free 1.0 / dyn_scale 0.5 / rep_scale 0.1 / dyn_loss 16.5 / rep_loss 16.5 / kl 16.5 / prior_abs_ent 30.6 / post_abs_ent -27.3 / prior_obs_ent 12.8 / post_obs_ent -2.1 / boundary_ratio 0.0 / kl_mask 0.0 / normed_target_mean 0.6 / normed_target_std 0.3 / normed_target_min -0.1 / normed_target_max 1.1 / EMA_005 119.5 / EMA_095 965.7 / value_mean 645.9 / value_std 280.3 / value_min 13.3 / value_max 1022.4 / target_mean 648.9 / target_std 281.9 / target_min 13.5 / target_max 1061.6 / imag_reward_mean 1.8 / imag_reward_std 4.5 / imag_reward_min -0.0 / imag_reward_max 25.8 / imag_action_mean 7.2 / imag_action_std 4.2 / imag_action_min 0.0 / imag_action_max 17.0 / actor_entropy 0.4 / actor_loss 0.9 / actor_grad_norm 6.3 / value_loss 1.4 / value_grad_norm 1.4 / update_count 32761.0 / fps 12.5
add_video needs package moviepy
add_video needs package moviepy
[177844] 
Start evaluation.
[177844] eval_return 3334.0 / eval_length 1336.0 / eval_episodes 5.0
add_video needs package moviepy
Start training.
[177844] model_loss 16.1 / model_grad_norm 28.5 / image_loss 6.0 / reward_loss 0.1 / cont_loss 0.0 / kl_free 1.0 / dyn_scale 0.5 / rep_scale 0.1 / dyn_loss 16.8 / rep_loss 16.8 / kl 16.8 / prior_abs_ent 31.0 / post_abs_ent -27.4 / prior_obs_ent 12.6 / post_obs_ent -2.5 / boundary_ratio 0.0 / kl_mask 0.0 / normed_target_mean 0.6 / normed_target_std 0.3 / normed_target_min -0.1 / normed_target_max 1.1 / EMA_005 115.4 / EMA_095 970.0 / value_mean 664.3 / value_std 273.1 / value_min 21.6 / value_max 1026.2 / target_mean 667.2 / target_std 275.0 / target_min 25.9 / target_max 1064.2 / imag_reward_mean 1.8 / imag_reward_std 4.7 / imag_reward_min -0.0 / imag_reward_max 32.9 / imag_action_mean 7.1 / imag_action_std 4.1 / imag_action_min 0.0 / imag_action_max 17.0 / actor_entropy 0.4 / actor_loss 0.8 / actor_grad_norm 6.4 / value_loss 1.3 / value_grad_norm 1.3 / update_count 32917.0 / fps 12.5
add_video needs package moviepy
add_video needs package moviepy
[178468] 
Start evaluation.
[178468] eval_return 4166.0 / eval_length 1397.4 / eval_episodes 5.0
add_video needs package moviepy
Start training.
[178468] model_loss 16.2 / model_grad_norm 37.1 / image_loss 6.1 / reward_loss 0.1 / cont_loss 0.0 / kl_free 1.0 / dyn_scale 0.5 / rep_scale 0.1 / dyn_loss 16.7 / rep_loss 16.7 / kl 16.7 / prior_abs_ent 31.0 / post_abs_ent -27.3 / prior_obs_ent 13.0 / post_obs_ent -2.0 / boundary_ratio 0.0 / kl_mask 0.0 / normed_target_mean 0.6 / normed_target_std 0.3 / normed_target_min -0.1 / normed_target_max 1.1 / EMA_005 117.8 / EMA_095 974.6 / value_mean 662.0 / value_std 276.3 / value_min 15.6 / value_max 1030.5 / target_mean 664.3 / target_std 278.1 / target_min 17.7 / target_max 1064.6 / imag_reward_mean 1.8 / imag_reward_std 4.5 / imag_reward_min -0.0 / imag_reward_max 23.5 / imag_action_mean 7.2 / imag_action_std 4.1 / imag_action_min 0.0 / imag_action_max 17.0 / actor_entropy 0.4 / actor_loss 0.6 / actor_grad_norm 6.5 / value_loss 1.3 / value_grad_norm 1.3 / update_count 33073.0 / fps 12.4
add_video needs package moviepy
add_video needs package moviepy
[179092] 
Start evaluation.
[179092] eval_return 4216.0 / eval_length 1381.2 / eval_episodes 5.0
add_video needs package moviepy
Start training.
[179092] model_loss 16.2 / model_grad_norm 32.3 / image_loss 6.1 / reward_loss 0.1 / cont_loss 0.0 / kl_free 1.0 / dyn_scale 0.5 / rep_scale 0.1 / dyn_loss 16.7 / rep_loss 16.7 / kl 16.7 / prior_abs_ent 30.4 / post_abs_ent -27.5 / prior_obs_ent 12.7 / post_obs_ent -2.4 / boundary_ratio 0.0 / kl_mask 0.0 / normed_target_mean 0.6 / normed_target_std 0.3 / normed_target_min -0.1 / normed_target_max 1.1 / EMA_005 119.2 / EMA_095 977.5 / value_mean 672.3 / value_std 273.9 / value_min 19.1 / value_max 1030.8 / target_mean 674.9 / target_std 275.6 / target_min 19.0 / target_max 1066.7 / imag_reward_mean 1.9 / imag_reward_std 4.7 / imag_reward_min -0.0 / imag_reward_max 35.5 / imag_action_mean 7.1 / imag_action_std 4.2 / imag_action_min 0.0 / imag_action_max 17.0 / actor_entropy 0.4 / actor_loss 0.6 / actor_grad_norm 6.6 / value_loss 1.4 / value_grad_norm 1.3 / update_count 33229.0 / fps 12.3
add_video needs package moviepy
add_video needs package moviepy
[179716] 
Start evaluation.
[179716] eval_return 4150.0 / eval_length 1394.2 / eval_episodes 5.0
add_video needs package moviepy
Start training.
[179716] model_loss 16.1 / model_grad_norm 30.4 / image_loss 6.0 / reward_loss 0.1 / cont_loss 0.0 / kl_free 1.0 / dyn_scale 0.5 / rep_scale 0.1 / dyn_loss 16.6 / rep_loss 16.6 / kl 16.6 / prior_abs_ent 30.8 / post_abs_ent -27.3 / prior_obs_ent 12.5 / post_obs_ent -2.5 / boundary_ratio 0.0 / kl_mask 0.0 / normed_target_mean 0.6 / normed_target_std 0.3 / normed_target_min -0.1 / normed_target_max 1.1 / EMA_005 118.6 / EMA_095 980.7 / value_mean 661.4 / value_std 280.8 / value_min 21.2 / value_max 1032.6 / target_mean 664.1 / target_std 282.5 / target_min 20.5 / target_max 1071.3 / imag_reward_mean 1.9 / imag_reward_std 4.7 / imag_reward_min -0.0 / imag_reward_max 38.3 / imag_action_mean 6.9 / imag_action_std 4.2 / imag_action_min 0.0 / imag_action_max 17.0 / actor_entropy 0.4 / actor_loss 0.7 / actor_grad_norm 6.4 / value_loss 1.3 / value_grad_norm 1.3 / update_count 33385.0 / fps 12.3
add_video needs package moviepy
add_video needs package moviepy
[180340] 
Start evaluation.
[180340] eval_return 3442.0 / eval_length 1298.2 / eval_episodes 5.0
add_video needs package moviepy
Start training.
[180340] model_loss 16.0 / model_grad_norm 26.7 / image_loss 5.9 / reward_loss 0.1 / cont_loss 0.0 / kl_free 1.0 / dyn_scale 0.5 / rep_scale 0.1 / dyn_loss 16.7 / rep_loss 16.7 / kl 16.7 / prior_abs_ent 30.5 / post_abs_ent -27.5 / prior_obs_ent 11.9 / post_obs_ent -3.1 / boundary_ratio 0.0 / kl_mask 0.0 / normed_target_mean 0.6 / normed_target_std 0.3 / normed_target_min -0.1 / normed_target_max 1.1 / EMA_005 109.6 / EMA_095 984.8 / value_mean 673.7 / value_std 281.6 / value_min 13.6 / value_max 1030.5 / target_mean 676.1 / target_std 283.2 / target_min 15.7 / target_max 1069.1 / imag_reward_mean 1.9 / imag_reward_std 4.9 / imag_reward_min -0.0 / imag_reward_max 38.5 / imag_action_mean 7.0 / imag_action_std 4.3 / imag_action_min 0.0 / imag_action_max 17.0 / actor_entropy 0.4 / actor_loss 0.6 / actor_grad_norm 6.5 / value_loss 1.4 / value_grad_norm 1.4 / update_count 33541.0 / fps 12.6
add_video needs package moviepy
add_video needs package moviepy
[180356] dataset_size 45089.0 / train_return 4820.0 / train_length 1454.0 / train_episodes 33.0
[180964] 
Start evaluation.
[180964] eval_return 3778.0 / eval_length 1439.8 / eval_episodes 5.0
add_video needs package moviepy
Start training.
[180964] model_loss 16.2 / model_grad_norm 28.0 / image_loss 6.1 / reward_loss 0.1 / cont_loss 0.0 / kl_free 1.0 / dyn_scale 0.5 / rep_scale 0.1 / dyn_loss 16.7 / rep_loss 16.7 / kl 16.7 / prior_abs_ent 30.8 / post_abs_ent -27.3 / prior_obs_ent 12.7 / post_obs_ent -2.4 / boundary_ratio 0.0 / kl_mask 0.0 / normed_target_mean 0.6 / normed_target_std 0.3 / normed_target_min -0.1 / normed_target_max 1.1 / EMA_005 113.1 / EMA_095 988.7 / value_mean 676.2 / value_std 279.7 / value_min 22.7 / value_max 1030.9 / target_mean 678.7 / target_std 281.3 / target_min 22.3 / target_max 1075.9 / imag_reward_mean 1.9 / imag_reward_std 4.7 / imag_reward_min -0.0 / imag_reward_max 29.6 / imag_action_mean 7.1 / imag_action_std 4.3 / imag_action_min 0.0 / imag_action_max 17.0 / actor_entropy 0.4 / actor_loss 0.7 / actor_grad_norm 6.6 / value_loss 1.3 / value_grad_norm 1.3 / update_count 33697.0 / fps 12.2
add_video needs package moviepy
add_video needs package moviepy
[181588] 
Start evaluation.
[181588] eval_return 3692.0 / eval_length 1285.4 / eval_episodes 5.0
add_video needs package moviepy
Start training.
[181588] model_loss 15.9 / model_grad_norm 26.7 / image_loss 5.8 / reward_loss 0.1 / cont_loss 0.0 / kl_free 1.0 / dyn_scale 0.5 / rep_scale 0.1 / dyn_loss 16.5 / rep_loss 16.5 / kl 16.5 / prior_abs_ent 30.4 / post_abs_ent -27.5 / prior_obs_ent 11.7 / post_obs_ent -3.1 / boundary_ratio 0.0 / kl_mask 0.0 / normed_target_mean 0.6 / normed_target_std 0.3 / normed_target_min -0.1 / normed_target_max 1.1 / EMA_005 117.1 / EMA_095 990.5 / value_mean 669.4 / value_std 287.0 / value_min 16.8 / value_max 1032.6 / target_mean 672.5 / target_std 288.3 / target_min 21.0 / target_max 1076.2 / imag_reward_mean 1.9 / imag_reward_std 4.9 / imag_reward_min -0.0 / imag_reward_max 41.9 / imag_action_mean 7.0 / imag_action_std 4.4 / imag_action_min 0.0 / imag_action_max 17.0 / actor_entropy 0.4 / actor_loss 0.9 / actor_grad_norm 6.5 / value_loss 1.4 / value_grad_norm 1.4 / update_count 33853.0 / fps 12.6
add_video needs package moviepy
add_video needs package moviepy
[182212] 
Start evaluation.
[182212] eval_return 4440.0 / eval_length 1433.6 / eval_episodes 5.0
add_video needs package moviepy
Start training.
[182212] model_loss 16.1 / model_grad_norm 32.1 / image_loss 6.0 / reward_loss 0.1 / cont_loss 0.0 / kl_free 1.0 / dyn_scale 0.5 / rep_scale 0.1 / dyn_loss 16.7 / rep_loss 16.7 / kl 16.7 / prior_abs_ent 30.5 / post_abs_ent -27.5 / prior_obs_ent 12.5 / post_obs_ent -2.6 / boundary_ratio 0.0 / kl_mask 0.0 / normed_target_mean 0.6 / normed_target_std 0.3 / normed_target_min -0.1 / normed_target_max 1.1 / EMA_005 105.3 / EMA_095 994.5 / value_mean 679.7 / value_std 282.8 / value_min 15.3 / value_max 1031.4 / target_mean 682.3 / target_std 284.2 / target_min 16.8 / target_max 1078.9 / imag_reward_mean 1.9 / imag_reward_std 4.7 / imag_reward_min -0.0 / imag_reward_max 29.7 / imag_action_mean 7.1 / imag_action_std 4.3 / imag_action_min 0.0 / imag_action_max 17.0 / actor_entropy 0.4 / actor_loss 0.6 / actor_grad_norm 6.9 / value_loss 1.3 / value_grad_norm 1.4 / update_count 34009.0 / fps 12.2
add_video needs package moviepy
add_video needs package moviepy
[182836] 
Start evaluation.
[182836] eval_return 4128.0 / eval_length 1262.2 / eval_episodes 5.0
add_video needs package moviepy
Start training.
[182836] model_loss 16.0 / model_grad_norm 27.5 / image_loss 5.9 / reward_loss 0.1 / cont_loss 0.0 / kl_free 1.0 / dyn_scale 0.5 / rep_scale 0.1 / dyn_loss 16.6 / rep_loss 16.6 / kl 16.6 / prior_abs_ent 30.3 / post_abs_ent -27.5 / prior_obs_ent 11.7 / post_obs_ent -3.3 / boundary_ratio 0.0 / kl_mask 0.0 / normed_target_mean 0.6 / normed_target_std 0.3 / normed_target_min -0.1 / normed_target_max 1.1 / EMA_005 116.1 / EMA_095 996.9 / value_mean 684.7 / value_std 281.6 / value_min 21.8 / value_max 1033.6 / target_mean 687.4 / target_std 283.0 / target_min 25.9 / target_max 1078.4 / imag_reward_mean 1.9 / imag_reward_std 4.8 / imag_reward_min -0.0 / imag_reward_max 35.8 / imag_action_mean 7.0 / imag_action_std 4.4 / imag_action_min 0.0 / imag_action_max 17.0 / actor_entropy 0.4 / actor_loss 0.7 / actor_grad_norm 6.3 / value_loss 1.3 / value_grad_norm 1.3 / update_count 34165.0 / fps 12.6
add_video needs package moviepy
add_video needs package moviepy
[183460] 
Start evaluation.
[183460] eval_return 4054.0 / eval_length 1422.8 / eval_episodes 5.0
add_video needs package moviepy
Start training.
[183460] model_loss 16.1 / model_grad_norm 27.6 / image_loss 6.0 / reward_loss 0.1 / cont_loss 0.0 / kl_free 1.0 / dyn_scale 0.5 / rep_scale 0.1 / dyn_loss 16.6 / rep_loss 16.6 / kl 16.6 / prior_abs_ent 30.8 / post_abs_ent -27.5 / prior_obs_ent 11.7 / post_obs_ent -3.3 / boundary_ratio 0.0 / kl_mask 0.0 / normed_target_mean 0.6 / normed_target_std 0.3 / normed_target_min -0.1 / normed_target_max 1.1 / EMA_005 119.8 / EMA_095 999.0 / value_mean 679.9 / value_std 286.5 / value_min 18.7 / value_max 1035.5 / target_mean 682.3 / target_std 287.7 / target_min 23.4 / target_max 1081.3 / imag_reward_mean 1.9 / imag_reward_std 4.7 / imag_reward_min -0.0 / imag_reward_max 29.2 / imag_action_mean 7.0 / imag_action_std 4.3 / imag_action_min 0.0 / imag_action_max 17.0 / actor_entropy 0.4 / actor_loss 0.7 / actor_grad_norm 6.4 / value_loss 1.3 / value_grad_norm 1.4 / update_count 34321.0 / fps 12.2
add_video needs package moviepy
add_video needs package moviepy
[184084] 
Start evaluation.
[184084] eval_return 3712.0 / eval_length 1340.0 / eval_episodes 5.0
add_video needs package moviepy
Start training.
[184084] model_loss 16.0 / model_grad_norm 27.0 / image_loss 5.9 / reward_loss 0.1 / cont_loss 0.0 / kl_free 1.0 / dyn_scale 0.5 / rep_scale 0.1 / dyn_loss 16.7 / rep_loss 16.7 / kl 16.7 / prior_abs_ent 30.4 / post_abs_ent -27.4 / prior_obs_ent 11.8 / post_obs_ent -3.2 / boundary_ratio 0.0 / kl_mask 0.0 / normed_target_mean 0.6 / normed_target_std 0.3 / normed_target_min -0.1 / normed_target_max 1.1 / EMA_005 117.9 / EMA_095 1005.6 / value_mean 688.8 / value_std 290.3 / value_min 15.9 / value_max 1040.6 / target_mean 691.4 / target_std 291.8 / target_min 17.6 / target_max 1086.6 / imag_reward_mean 1.9 / imag_reward_std 4.8 / imag_reward_min -0.0 / imag_reward_max 32.8 / imag_action_mean 7.1 / imag_action_std 4.2 / imag_action_min 0.0 / imag_action_max 17.0 / actor_entropy 0.4 / actor_loss 0.7 / actor_grad_norm 6.7 / value_loss 1.3 / value_grad_norm 1.3 / update_count 34477.0 / fps 12.5
add_video needs package moviepy
add_video needs package moviepy
[184708] 
Start evaluation.
[184708] eval_return 4850.0 / eval_length 1377.2 / eval_episodes 5.0
add_video needs package moviepy
Start training.
[184708] model_loss 15.9 / model_grad_norm 26.8 / image_loss 5.9 / reward_loss 0.1 / cont_loss 0.0 / kl_free 1.0 / dyn_scale 0.5 / rep_scale 0.1 / dyn_loss 16.6 / rep_loss 16.6 / kl 16.6 / prior_abs_ent 30.9 / post_abs_ent -27.4 / prior_obs_ent 11.9 / post_obs_ent -3.0 / boundary_ratio 0.0 / kl_mask 0.0 / normed_target_mean 0.7 / normed_target_std 0.3 / normed_target_min -0.1 / normed_target_max 1.1 / EMA_005 115.5 / EMA_095 1009.2 / value_mean 695.4 / value_std 285.5 / value_min 24.5 / value_max 1040.8 / target_mean 697.8 / target_std 287.1 / target_min 26.6 / target_max 1088.9 / imag_reward_mean 1.9 / imag_reward_std 4.8 / imag_reward_min -0.0 / imag_reward_max 41.7 / imag_action_mean 7.3 / imag_action_std 4.2 / imag_action_min 0.0 / imag_action_max 17.0 / actor_entropy 0.4 / actor_loss 0.5 / actor_grad_norm 6.5 / value_loss 1.3 / value_grad_norm 1.3 / update_count 34633.0 / fps 12.4
add_video needs package moviepy
add_video needs package moviepy
[185332] 
Start evaluation.
[185332] eval_return 4420.0 / eval_length 1414.4 / eval_episodes 5.0
add_video needs package moviepy
Start training.
[185332] model_loss 16.2 / model_grad_norm 26.9 / image_loss 5.9 / reward_loss 0.1 / cont_loss 0.0 / kl_free 1.0 / dyn_scale 0.5 / rep_scale 0.1 / dyn_loss 16.8 / rep_loss 16.8 / kl 16.8 / prior_abs_ent 30.9 / post_abs_ent -27.4 / prior_obs_ent 12.2 / post_obs_ent -2.9 / boundary_ratio 0.0 / kl_mask 0.0 / normed_target_mean 0.7 / normed_target_std 0.3 / normed_target_min -0.1 / normed_target_max 1.1 / EMA_005 118.6 / EMA_095 1012.0 / value_mean 701.2 / value_std 287.6 / value_min 18.3 / value_max 1046.1 / target_mean 703.5 / target_std 289.0 / target_min 23.2 / target_max 1089.7 / imag_reward_mean 1.9 / imag_reward_std 4.7 / imag_reward_min -0.0 / imag_reward_max 32.9 / imag_action_mean 7.2 / imag_action_std 4.1 / imag_action_min 0.0 / imag_action_max 17.0 / actor_entropy 0.4 / actor_loss 0.6 / actor_grad_norm 6.5 / value_loss 1.3 / value_grad_norm 1.3 / update_count 34789.0 / fps 12.2
add_video needs package moviepy
add_video needs package moviepy
[185956] 
Start evaluation.
[185956] eval_return 4082.0 / eval_length 1395.6 / eval_episodes 5.0
add_video needs package moviepy
Start training.
[185956] model_loss 16.1 / model_grad_norm 28.4 / image_loss 5.9 / reward_loss 0.1 / cont_loss 0.0 / kl_free 1.0 / dyn_scale 0.5 / rep_scale 0.1 / dyn_loss 16.7 / rep_loss 16.7 / kl 16.7 / prior_abs_ent 30.8 / post_abs_ent -27.5 / prior_obs_ent 12.1 / post_obs_ent -3.0 / boundary_ratio 0.0 / kl_mask 0.0 / normed_target_mean 0.6 / normed_target_std 0.3 / normed_target_min -0.1 / normed_target_max 1.1 / EMA_005 106.1 / EMA_095 1012.8 / value_mean 692.3 / value_std 298.7 / value_min 15.6 / value_max 1043.6 / target_mean 694.5 / target_std 300.1 / target_min 15.3 / target_max 1091.3 / imag_reward_mean 1.9 / imag_reward_std 4.8 / imag_reward_min -0.0 / imag_reward_max 39.9 / imag_action_mean 7.1 / imag_action_std 4.1 / imag_action_min 0.0 / imag_action_max 17.0 / actor_entropy 0.4 / actor_loss 0.5 / actor_grad_norm 6.7 / value_loss 1.4 / value_grad_norm 1.4 / update_count 34945.0 / fps 12.3
add_video needs package moviepy
add_video needs package moviepy
[186172] dataset_size 46543.0 / train_return 4230.0 / train_length 1454.0 / train_episodes 34.0
[186580] 
Start evaluation.
[186580] eval_return 4588.0 / eval_length 1364.4 / eval_episodes 5.0
add_video needs package moviepy
Start training.
[186580] model_loss 16.0 / model_grad_norm 26.1 / image_loss 6.0 / reward_loss 0.1 / cont_loss 0.0 / kl_free 1.0 / dyn_scale 0.5 / rep_scale 0.1 / dyn_loss 16.6 / rep_loss 16.6 / kl 16.6 / prior_abs_ent 30.8 / post_abs_ent -27.4 / prior_obs_ent 11.5 / post_obs_ent -3.6 / boundary_ratio 0.0 / kl_mask 0.0 / normed_target_mean 0.7 / normed_target_std 0.3 / normed_target_min -0.1 / normed_target_max 1.1 / EMA_005 104.2 / EMA_095 1014.5 / value_mean 698.7 / value_std 290.3 / value_min 17.3 / value_max 1044.9 / target_mean 700.8 / target_std 291.8 / target_min 17.6 / target_max 1091.1 / imag_reward_mean 1.9 / imag_reward_std 4.6 / imag_reward_min -0.0 / imag_reward_max 23.8 / imag_action_mean 7.2 / imag_action_std 4.2 / imag_action_min 0.0 / imag_action_max 17.0 / actor_entropy 0.4 / actor_loss 0.5 / actor_grad_norm 6.6 / value_loss 1.3 / value_grad_norm 1.3 / update_count 35101.0 / fps 12.3
add_video needs package moviepy
add_video needs package moviepy
[187204] 
Start evaluation.
[187204] eval_return 4500.0 / eval_length 1423.6 / eval_episodes 5.0
add_video needs package moviepy
Start training.
[187204] model_loss 16.1 / model_grad_norm 27.2 / image_loss 5.9 / reward_loss 0.1 / cont_loss 0.0 / kl_free 1.0 / dyn_scale 0.5 / rep_scale 0.1 / dyn_loss 16.7 / rep_loss 16.7 / kl 16.7 / prior_abs_ent 30.9 / post_abs_ent -27.4 / prior_obs_ent 12.0 / post_obs_ent -3.1 / boundary_ratio 0.0 / kl_mask 0.0 / normed_target_mean 0.6 / normed_target_std 0.3 / normed_target_min -0.1 / normed_target_max 1.1 / EMA_005 99.8 / EMA_095 1016.7 / value_mean 690.1 / value_std 298.1 / value_min 14.4 / value_max 1050.2 / target_mean 692.2 / target_std 299.7 / target_min 15.8 / target_max 1095.9 / imag_reward_mean 1.9 / imag_reward_std 4.8 / imag_reward_min -0.0 / imag_reward_max 29.6 / imag_action_mean 7.0 / imag_action_std 4.2 / imag_action_min 0.0 / imag_action_max 17.0 / actor_entropy 0.4 / actor_loss 0.4 / actor_grad_norm 6.7 / value_loss 1.3 / value_grad_norm 1.4 / update_count 35257.0 / fps 12.2
add_video needs package moviepy
add_video needs package moviepy
[187828] 
Start evaluation.
[187828] eval_return 4090.0 / eval_length 1383.4 / eval_episodes 5.0
add_video needs package moviepy
Start training.
[187828] model_loss 15.9 / model_grad_norm 26.7 / image_loss 5.8 / reward_loss 0.1 / cont_loss 0.0 / kl_free 1.0 / dyn_scale 0.5 / rep_scale 0.1 / dyn_loss 16.6 / rep_loss 16.6 / kl 16.6 / prior_abs_ent 30.9 / post_abs_ent -27.4 / prior_obs_ent 11.2 / post_obs_ent -3.8 / boundary_ratio 0.0 / kl_mask 0.0 / normed_target_mean 0.7 / normed_target_std 0.3 / normed_target_min -0.1 / normed_target_max 1.1 / EMA_005 104.8 / EMA_095 1020.5 / value_mean 701.8 / value_std 297.1 / value_min 20.3 / value_max 1061.9 / target_mean 704.3 / target_std 298.6 / target_min 22.4 / target_max 1099.9 / imag_reward_mean 1.9 / imag_reward_std 4.8 / imag_reward_min -0.0 / imag_reward_max 36.0 / imag_action_mean 6.9 / imag_action_std 4.2 / imag_action_min 0.0 / imag_action_max 17.0 / actor_entropy 0.4 / actor_loss 0.7 / actor_grad_norm 6.9 / value_loss 1.3 / value_grad_norm 1.3 / update_count 35413.0 / fps 12.3
add_video needs package moviepy
add_video needs package moviepy
[188452] 
Start evaluation.
[188452] eval_return 4110.0 / eval_length 1396.8 / eval_episodes 5.0
add_video needs package moviepy
Start training.
[188452] model_loss 16.1 / model_grad_norm 29.2 / image_loss 6.0 / reward_loss 0.1 / cont_loss 0.0 / kl_free 1.0 / dyn_scale 0.5 / rep_scale 0.1 / dyn_loss 16.7 / rep_loss 16.7 / kl 16.7 / prior_abs_ent 30.9 / post_abs_ent -27.3 / prior_obs_ent 12.3 / post_obs_ent -2.7 / boundary_ratio 0.0 / kl_mask 0.0 / normed_target_mean 0.6 / normed_target_std 0.3 / normed_target_min -0.1 / normed_target_max 1.1 / EMA_005 93.0 / EMA_095 1023.3 / value_mean 690.7 / value_std 304.2 / value_min 14.9 / value_max 1066.2 / target_mean 692.9 / target_std 305.5 / target_min 15.3 / target_max 1104.0 / imag_reward_mean 1.8 / imag_reward_std 4.7 / imag_reward_min -0.0 / imag_reward_max 32.8 / imag_action_mean 6.9 / imag_action_std 4.3 / imag_action_min 0.0 / imag_action_max 17.0 / actor_entropy 0.4 / actor_loss 0.4 / actor_grad_norm 6.6 / value_loss 1.3 / value_grad_norm 1.4 / update_count 35569.0 / fps 12.2
add_video needs package moviepy
add_video needs package moviepy
[189076] 
Start evaluation.
[189076] eval_return 4358.0 / eval_length 1347.0 / eval_episodes 5.0
add_video needs package moviepy
Start training.
[189076] model_loss 16.1 / model_grad_norm 27.7 / image_loss 6.0 / reward_loss 0.1 / cont_loss 0.0 / kl_free 1.0 / dyn_scale 0.5 / rep_scale 0.1 / dyn_loss 16.7 / rep_loss 16.7 / kl 16.7 / prior_abs_ent 30.8 / post_abs_ent -27.5 / prior_obs_ent 11.9 / post_obs_ent -3.2 / boundary_ratio 0.0 / kl_mask 0.0 / normed_target_mean 0.7 / normed_target_std 0.3 / normed_target_min -0.1 / normed_target_max 1.1 / EMA_005 102.6 / EMA_095 1026.1 / value_mean 711.9 / value_std 293.5 / value_min 21.0 / value_max 1074.4 / target_mean 714.2 / target_std 294.9 / target_min 22.6 / target_max 1113.2 / imag_reward_mean 1.9 / imag_reward_std 5.0 / imag_reward_min -0.0 / imag_reward_max 41.5 / imag_action_mean 7.1 / imag_action_std 4.3 / imag_action_min 0.0 / imag_action_max 17.0 / actor_entropy 0.4 / actor_loss 0.6 / actor_grad_norm 6.7 / value_loss 1.3 / value_grad_norm 1.3 / update_count 35725.0 / fps 12.4
add_video needs package moviepy
add_video needs package moviepy
[189700] 
Start evaluation.
[189700] eval_return 4444.0 / eval_length 1379.8 / eval_episodes 5.0
add_video needs package moviepy
Start training.
[189700] model_loss 16.1 / model_grad_norm 28.3 / image_loss 5.9 / reward_loss 0.1 / cont_loss 0.0 / kl_free 1.0 / dyn_scale 0.5 / rep_scale 0.1 / dyn_loss 16.8 / rep_loss 16.8 / kl 16.8 / prior_abs_ent 31.1 / post_abs_ent -27.4 / prior_obs_ent 11.8 / post_obs_ent -3.4 / boundary_ratio 0.0 / kl_mask 0.0 / normed_target_mean 0.6 / normed_target_std 0.3 / normed_target_min -0.1 / normed_target_max 1.1 / EMA_005 109.7 / EMA_095 1030.4 / value_mean 700.8 / value_std 301.6 / value_min 15.7 / value_max 1081.5 / target_mean 703.1 / target_std 303.2 / target_min 20.0 / target_max 1118.6 / imag_reward_mean 1.9 / imag_reward_std 4.7 / imag_reward_min -0.0 / imag_reward_max 25.3 / imag_action_mean 7.0 / imag_action_std 4.3 / imag_action_min 0.0 / imag_action_max 17.0 / actor_entropy 0.4 / actor_loss 0.5 / actor_grad_norm 6.8 / value_loss 1.3 / value_grad_norm 1.3 / update_count 35881.0 / fps 12.2
add_video needs package moviepy
add_video needs package moviepy
[190324] 
Start evaluation.
[190324] eval_return 3948.0 / eval_length 1309.6 / eval_episodes 5.0
add_video needs package moviepy
Start training.
[190324] model_loss 16.2 / model_grad_norm 27.1 / image_loss 5.9 / reward_loss 0.1 / cont_loss 0.0 / kl_free 1.0 / dyn_scale 0.5 / rep_scale 0.1 / dyn_loss 16.8 / rep_loss 16.8 / kl 16.8 / prior_abs_ent 31.2 / post_abs_ent -27.4 / prior_obs_ent 11.8 / post_obs_ent -3.3 / boundary_ratio 0.0 / kl_mask 0.0 / normed_target_mean 0.7 / normed_target_std 0.3 / normed_target_min -0.1 / normed_target_max 1.1 / EMA_005 106.9 / EMA_095 1033.3 / value_mean 707.2 / value_std 300.8 / value_min 16.0 / value_max 1098.8 / target_mean 709.6 / target_std 302.4 / target_min 17.6 / target_max 1127.1 / imag_reward_mean 1.9 / imag_reward_std 4.8 / imag_reward_min -0.0 / imag_reward_max 26.3 / imag_action_mean 7.1 / imag_action_std 4.2 / imag_action_min 0.0 / imag_action_max 17.0 / actor_entropy 0.4 / actor_loss 0.6 / actor_grad_norm 6.8 / value_loss 1.3 / value_grad_norm 1.3 / update_count 36037.0 / fps 12.5
add_video needs package moviepy
add_video needs package moviepy
[190948] 
Start evaluation.
[190948] eval_return 3950.0 / eval_length 1301.8 / eval_episodes 5.0
add_video needs package moviepy
Start training.
[190948] model_loss 16.4 / model_grad_norm 32.5 / image_loss 6.1 / reward_loss 0.1 / cont_loss 0.0 / kl_free 1.0 / dyn_scale 0.5 / rep_scale 0.1 / dyn_loss 17.0 / rep_loss 17.0 / kl 17.0 / prior_abs_ent 31.2 / post_abs_ent -27.4 / prior_obs_ent 12.4 / post_obs_ent -2.9 / boundary_ratio 0.0 / kl_mask 0.0 / normed_target_mean 0.7 / normed_target_std 0.3 / normed_target_min -0.1 / normed_target_max 1.1 / EMA_005 95.9 / EMA_095 1036.7 / value_mean 709.8 / value_std 300.4 / value_min 19.0 / value_max 1097.1 / target_mean 712.2 / target_std 301.8 / target_min 19.7 / target_max 1131.6 / imag_reward_mean 2.0 / imag_reward_std 4.8 / imag_reward_min -0.0 / imag_reward_max 32.5 / imag_action_mean 7.1 / imag_action_std 4.2 / imag_action_min 0.0 / imag_action_max 17.0 / actor_entropy 0.4 / actor_loss 0.6 / actor_grad_norm 6.8 / value_loss 1.3 / value_grad_norm 1.4 / update_count 36193.0 / fps 12.4
add_video needs package moviepy
add_video needs package moviepy
[191572] 
Start evaluation.
[191572] eval_return 4238.0 / eval_length 1350.0 / eval_episodes 5.0
add_video needs package moviepy
Start training.
[191572] model_loss 16.1 / model_grad_norm 33.4 / image_loss 5.9 / reward_loss 0.1 / cont_loss 0.0 / kl_free 1.0 / dyn_scale 0.5 / rep_scale 0.1 / dyn_loss 16.7 / rep_loss 16.7 / kl 16.7 / prior_abs_ent 31.3 / post_abs_ent -27.3 / prior_obs_ent 12.3 / post_obs_ent -2.9 / boundary_ratio 0.0 / kl_mask 0.0 / normed_target_mean 0.6 / normed_target_std 0.3 / normed_target_min -0.1 / normed_target_max 1.1 / EMA_005 97.8 / EMA_095 1036.2 / value_mean 705.3 / value_std 306.9 / value_min 18.4 / value_max 1107.4 / target_mean 707.7 / target_std 308.2 / target_min 19.6 / target_max 1138.2 / imag_reward_mean 1.9 / imag_reward_std 4.8 / imag_reward_min -0.0 / imag_reward_max 33.2 / imag_action_mean 7.2 / imag_action_std 4.2 / imag_action_min 0.0 / imag_action_max 17.0 / actor_entropy 0.4 / actor_loss 0.6 / actor_grad_norm 6.9 / value_loss 1.3 / value_grad_norm 1.3 / update_count 36349.0 / fps 12.5
add_video needs package moviepy
add_video needs package moviepy
[191724] dataset_size 47931.0 / train_return 4670.0 / train_length 1388.0 / train_episodes 35.0
[192196] 
Start evaluation.
[192196] eval_return 4418.0 / eval_length 1348.0 / eval_episodes 5.0
add_video needs package moviepy
Start training.
[192196] model_loss 15.9 / model_grad_norm 26.9 / image_loss 5.8 / reward_loss 0.1 / cont_loss 0.0 / kl_free 1.0 / dyn_scale 0.5 / rep_scale 0.1 / dyn_loss 16.7 / rep_loss 16.7 / kl 16.7 / prior_abs_ent 31.0 / post_abs_ent -27.4 / prior_obs_ent 11.2 / post_obs_ent -3.8 / boundary_ratio 0.0 / kl_mask 0.0 / normed_target_mean 0.7 / normed_target_std 0.3 / normed_target_min -0.1 / normed_target_max 1.1 / EMA_005 96.3 / EMA_095 1040.6 / value_mean 720.2 / value_std 308.5 / value_min 14.6 / value_max 1118.2 / target_mean 722.5 / target_std 309.9 / target_min 15.9 / target_max 1149.2 / imag_reward_mean 2.0 / imag_reward_std 4.7 / imag_reward_min -0.0 / imag_reward_max 25.2 / imag_action_mean 7.2 / imag_action_std 4.2 / imag_action_min 0.0 / imag_action_max 17.0 / actor_entropy 0.4 / actor_loss 0.5 / actor_grad_norm 6.8 / value_loss 1.3 / value_grad_norm 1.3 / update_count 36505.0 / fps 12.3
add_video needs package moviepy
add_video needs package moviepy
[192820] 
Start evaluation.
[192820] eval_return 4280.0 / eval_length 1417.0 / eval_episodes 5.0
add_video needs package moviepy
Start training.
[192820] model_loss 16.4 / model_grad_norm 33.3 / image_loss 6.1 / reward_loss 0.1 / cont_loss 0.0 / kl_free 1.0 / dyn_scale 0.5 / rep_scale 0.1 / dyn_loss 17.0 / rep_loss 17.0 / kl 17.0 / prior_abs_ent 31.6 / post_abs_ent -27.3 / prior_obs_ent 12.7 / post_obs_ent -2.7 / boundary_ratio 0.0 / kl_mask 0.0 / normed_target_mean 0.6 / normed_target_std 0.3 / normed_target_min -0.1 / normed_target_max 1.1 / EMA_005 94.3 / EMA_095 1043.7 / value_mean 703.0 / value_std 308.7 / value_min 18.1 / value_max 1121.0 / target_mean 705.2 / target_std 310.1 / target_min 22.1 / target_max 1149.7 / imag_reward_mean 1.9 / imag_reward_std 4.8 / imag_reward_min -0.0 / imag_reward_max 35.1 / imag_action_mean 7.3 / imag_action_std 4.2 / imag_action_min 0.0 / imag_action_max 17.0 / actor_entropy 0.4 / actor_loss 0.5 / actor_grad_norm 7.1 / value_loss 1.3 / value_grad_norm 1.4 / update_count 36661.0 / fps 12.3
add_video needs package moviepy
add_video needs package moviepy
[193444] 
Start evaluation.
[193444] eval_return 4052.0 / eval_length 1345.0 / eval_episodes 5.0
add_video needs package moviepy
Start training.
[193444] model_loss 15.8 / model_grad_norm 26.4 / image_loss 5.7 / reward_loss 0.1 / cont_loss 0.0 / kl_free 1.0 / dyn_scale 0.5 / rep_scale 0.1 / dyn_loss 16.6 / rep_loss 16.6 / kl 16.6 / prior_abs_ent 31.1 / post_abs_ent -27.4 / prior_obs_ent 10.9 / post_obs_ent -4.1 / boundary_ratio 0.0 / kl_mask 0.0 / normed_target_mean 0.7 / normed_target_std 0.3 / normed_target_min -0.1 / normed_target_max 1.1 / EMA_005 98.8 / EMA_095 1047.8 / value_mean 725.6 / value_std 303.1 / value_min 31.0 / value_max 1140.4 / target_mean 727.9 / target_std 304.7 / target_min 30.3 / target_max 1166.0 / imag_reward_mean 2.0 / imag_reward_std 4.7 / imag_reward_min -0.0 / imag_reward_max 22.1 / imag_action_mean 7.4 / imag_action_std 4.2 / imag_action_min 0.0 / imag_action_max 17.0 / actor_entropy 0.4 / actor_loss 0.5 / actor_grad_norm 6.7 / value_loss 1.2 / value_grad_norm 1.3 / update_count 36817.0 / fps 12.4
add_video needs package moviepy
add_video needs package moviepy
[194068] 
Start evaluation.
[194068] eval_return 4036.0 / eval_length 1297.8 / eval_episodes 5.0
add_video needs package moviepy
Start training.
[194068] model_loss 16.0 / model_grad_norm 27.1 / image_loss 5.8 / reward_loss 0.1 / cont_loss 0.0 / kl_free 1.0 / dyn_scale 0.5 / rep_scale 0.1 / dyn_loss 16.8 / rep_loss 16.8 / kl 16.8 / prior_abs_ent 30.8 / post_abs_ent -27.4 / prior_obs_ent 11.4 / post_obs_ent -3.8 / boundary_ratio 0.0 / kl_mask 0.0 / normed_target_mean 0.7 / normed_target_std 0.3 / normed_target_min -0.1 / normed_target_max 1.1 / EMA_005 101.1 / EMA_095 1052.0 / value_mean 725.8 / value_std 306.1 / value_min 19.9 / value_max 1136.4 / target_mean 728.3 / target_std 307.5 / target_min 20.8 / target_max 1164.5 / imag_reward_mean 2.0 / imag_reward_std 4.8 / imag_reward_min -0.0 / imag_reward_max 28.2 / imag_action_mean 7.2 / imag_action_std 4.2 / imag_action_min 0.0 / imag_action_max 17.0 / actor_entropy 0.4 / actor_loss 0.6 / actor_grad_norm 7.0 / value_loss 1.3 / value_grad_norm 1.4 / update_count 36973.0 / fps 12.5
add_video needs package moviepy
add_video needs package moviepy
[194692] 
Start evaluation.
[194692] eval_return 3592.0 / eval_length 1296.2 / eval_episodes 5.0
add_video needs package moviepy
Start training.
[194692] model_loss 15.9 / model_grad_norm 25.8 / image_loss 5.7 / reward_loss 0.1 / cont_loss 0.0 / kl_free 1.0 / dyn_scale 0.5 / rep_scale 0.1 / dyn_loss 16.7 / rep_loss 16.7 / kl 16.7 / prior_abs_ent 31.0 / post_abs_ent -27.4 / prior_obs_ent 11.2 / post_obs_ent -3.8 / boundary_ratio 0.0 / kl_mask 0.0 / normed_target_mean 0.7 / normed_target_std 0.3 / normed_target_min -0.1 / normed_target_max 1.1 / EMA_005 101.7 / EMA_095 1055.5 / value_mean 720.4 / value_std 310.6 / value_min 22.2 / value_max 1139.8 / target_mean 722.9 / target_std 311.7 / target_min 23.6 / target_max 1166.4 / imag_reward_mean 1.9 / imag_reward_std 4.9 / imag_reward_min -0.0 / imag_reward_max 32.4 / imag_action_mean 7.2 / imag_action_std 4.1 / imag_action_min 0.0 / imag_action_max 17.0 / actor_entropy 0.4 / actor_loss 0.6 / actor_grad_norm 7.0 / value_loss 1.3 / value_grad_norm 1.4 / update_count 37129.0 / fps 12.6
add_video needs package moviepy
add_video needs package moviepy
[195316] 
Start evaluation.
[195316] eval_return 4464.0 / eval_length 1408.2 / eval_episodes 5.0
add_video needs package moviepy
Start training.
[195316] model_loss 15.8 / model_grad_norm 26.3 / image_loss 5.7 / reward_loss 0.1 / cont_loss 0.0 / kl_free 1.0 / dyn_scale 0.5 / rep_scale 0.1 / dyn_loss 16.6 / rep_loss 16.6 / kl 16.6 / prior_abs_ent 31.4 / post_abs_ent -27.3 / prior_obs_ent 11.3 / post_obs_ent -3.7 / boundary_ratio 0.0 / kl_mask 0.0 / normed_target_mean 0.6 / normed_target_std 0.3 / normed_target_min -0.1 / normed_target_max 1.1 / EMA_005 102.2 / EMA_095 1056.4 / value_mean 714.7 / value_std 314.1 / value_min 16.4 / value_max 1149.4 / target_mean 717.3 / target_std 315.3 / target_min 18.5 / target_max 1174.1 / imag_reward_mean 1.9 / imag_reward_std 4.8 / imag_reward_min -0.0 / imag_reward_max 26.5 / imag_action_mean 7.2 / imag_action_std 4.1 / imag_action_min 0.0 / imag_action_max 17.0 / actor_entropy 0.4 / actor_loss 0.6 / actor_grad_norm 7.1 / value_loss 1.3 / value_grad_norm 1.4 / update_count 37285.0 / fps 12.0
add_video needs package moviepy
add_video needs package moviepy
[195940] 
Start evaluation.
[195940] eval_return 4154.0 / eval_length 1394.4 / eval_episodes 5.0
add_video needs package moviepy
Start training.
[195940] model_loss 15.8 / model_grad_norm 30.4 / image_loss 5.8 / reward_loss 0.1 / cont_loss 0.0 / kl_free 1.0 / dyn_scale 0.5 / rep_scale 0.1 / dyn_loss 16.6 / rep_loss 16.6 / kl 16.6 / prior_abs_ent 31.3 / post_abs_ent -27.3 / prior_obs_ent 11.4 / post_obs_ent -3.5 / boundary_ratio 0.0 / kl_mask 0.0 / normed_target_mean 0.7 / normed_target_std 0.3 / normed_target_min -0.1 / normed_target_max 1.1 / EMA_005 86.7 / EMA_095 1060.9 / value_mean 730.2 / value_std 313.1 / value_min 12.5 / value_max 1155.1 / target_mean 732.7 / target_std 314.4 / target_min 12.6 / target_max 1181.9 / imag_reward_mean 1.9 / imag_reward_std 4.7 / imag_reward_min -0.0 / imag_reward_max 29.8 / imag_action_mean 7.3 / imag_action_std 4.0 / imag_action_min 0.0 / imag_action_max 17.0 / actor_entropy 0.4 / actor_loss 0.6 / actor_grad_norm 7.0 / value_loss 1.3 / value_grad_norm 1.4 / update_count 37441.0 / fps 12.1
add_video needs package moviepy
add_video needs package moviepy
[196564] 
Start evaluation.
[196564] eval_return 3366.0 / eval_length 1278.8 / eval_episodes 5.0
add_video needs package moviepy
Start training.
[196564] model_loss 15.9 / model_grad_norm 27.2 / image_loss 5.7 / reward_loss 0.1 / cont_loss 0.0 / kl_free 1.0 / dyn_scale 0.5 / rep_scale 0.1 / dyn_loss 16.7 / rep_loss 16.7 / kl 16.7 / prior_abs_ent 30.9 / post_abs_ent -27.4 / prior_obs_ent 11.6 / post_obs_ent -3.5 / boundary_ratio 0.0 / kl_mask 0.0 / normed_target_mean 0.7 / normed_target_std 0.3 / normed_target_min -0.1 / normed_target_max 1.1 / EMA_005 98.7 / EMA_095 1066.9 / value_mean 729.1 / value_std 311.5 / value_min 21.3 / value_max 1158.4 / target_mean 732.0 / target_std 312.5 / target_min 24.3 / target_max 1185.9 / imag_reward_mean 1.9 / imag_reward_std 4.7 / imag_reward_min -0.0 / imag_reward_max 23.6 / imag_action_mean 7.3 / imag_action_std 4.0 / imag_action_min 0.0 / imag_action_max 17.0 / actor_entropy 0.4 / actor_loss 0.7 / actor_grad_norm 7.1 / value_loss 1.3 / value_grad_norm 1.4 / update_count 37597.0 / fps 12.5
add_video needs package moviepy
add_video needs package moviepy
[197188] 
Start evaluation.
[197188] eval_return 4332.0 / eval_length 1391.8 / eval_episodes 5.0
add_video needs package moviepy
Start training.
[197188] model_loss 15.9 / model_grad_norm 29.3 / image_loss 5.8 / reward_loss 0.1 / cont_loss 0.0 / kl_free 1.0 / dyn_scale 0.5 / rep_scale 0.1 / dyn_loss 16.7 / rep_loss 16.7 / kl 16.7 / prior_abs_ent 31.3 / post_abs_ent -27.3 / prior_obs_ent 11.5 / post_obs_ent -3.6 / boundary_ratio 0.0 / kl_mask 0.0 / normed_target_mean 0.6 / normed_target_std 0.3 / normed_target_min -0.1 / normed_target_max 1.1 / EMA_005 108.1 / EMA_095 1068.0 / value_mean 724.7 / value_std 310.9 / value_min 25.5 / value_max 1155.3 / target_mean 727.4 / target_std 311.7 / target_min 26.0 / target_max 1178.3 / imag_reward_mean 1.9 / imag_reward_std 4.8 / imag_reward_min -0.0 / imag_reward_max 41.1 / imag_action_mean 7.2 / imag_action_std 4.1 / imag_action_min 0.0 / imag_action_max 17.0 / actor_entropy 0.4 / actor_loss 0.6 / actor_grad_norm 7.3 / value_loss 1.3 / value_grad_norm 1.5 / update_count 37753.0 / fps 12.2
add_video needs package moviepy
add_video needs package moviepy
[197532] dataset_size 49383.0 / train_return 4190.0 / train_length 1452.0 / train_episodes 36.0
[197812] 
Start evaluation.
[197812] eval_return 4356.0 / eval_length 1419.8 / eval_episodes 5.0
add_video needs package moviepy
Start training.
[197812] model_loss 16.0 / model_grad_norm 30.8 / image_loss 5.8 / reward_loss 0.1 / cont_loss 0.0 / kl_free 1.0 / dyn_scale 0.5 / rep_scale 0.1 / dyn_loss 16.8 / rep_loss 16.8 / kl 16.8 / prior_abs_ent 31.2 / post_abs_ent -27.5 / prior_obs_ent 11.2 / post_obs_ent -4.0 / boundary_ratio 0.0 / kl_mask 0.0 / normed_target_mean 0.7 / normed_target_std 0.3 / normed_target_min -0.1 / normed_target_max 1.1 / EMA_005 105.8 / EMA_095 1069.5 / value_mean 729.8 / value_std 314.3 / value_min 14.9 / value_max 1157.9 / target_mean 732.6 / target_std 315.1 / target_min 15.9 / target_max 1182.5 / imag_reward_mean 2.0 / imag_reward_std 4.8 / imag_reward_min -0.0 / imag_reward_max 28.9 / imag_action_mean 7.1 / imag_action_std 4.1 / imag_action_min 0.0 / imag_action_max 17.0 / actor_entropy 0.4 / actor_loss 0.7 / actor_grad_norm 6.9 / value_loss 1.3 / value_grad_norm 1.4 / update_count 37909.0 / fps 12.1
add_video needs package moviepy
add_video needs package moviepy
[198436] 
Start evaluation.
[198436] eval_return 4566.0 / eval_length 1418.4 / eval_episodes 5.0
add_video needs package moviepy
Start training.
[198436] model_loss 15.8 / model_grad_norm 26.3 / image_loss 5.7 / reward_loss 0.1 / cont_loss 0.0 / kl_free 1.0 / dyn_scale 0.5 / rep_scale 0.1 / dyn_loss 16.6 / rep_loss 16.6 / kl 16.6 / prior_abs_ent 31.1 / post_abs_ent -27.4 / prior_obs_ent 10.9 / post_obs_ent -4.0 / boundary_ratio 0.0 / kl_mask 0.0 / normed_target_mean 0.6 / normed_target_std 0.3 / normed_target_min -0.1 / normed_target_max 1.1 / EMA_005 114.0 / EMA_095 1074.7 / value_mean 732.2 / value_std 305.5 / value_min 25.5 / value_max 1162.9 / target_mean 734.8 / target_std 306.9 / target_min 25.1 / target_max 1192.2 / imag_reward_mean 1.9 / imag_reward_std 4.7 / imag_reward_min -0.0 / imag_reward_max 26.7 / imag_action_mean 7.1 / imag_action_std 4.1 / imag_action_min 0.0 / imag_action_max 17.0 / actor_entropy 0.4 / actor_loss 0.6 / actor_grad_norm 6.8 / value_loss 1.3 / value_grad_norm 1.3 / update_count 38065.0 / fps 12.1
add_video needs package moviepy
add_video needs package moviepy
[199060] 
Start evaluation.
[199060] eval_return 4630.0 / eval_length 1409.8 / eval_episodes 5.0
add_video needs package moviepy
Start training.
[199060] model_loss 15.9 / model_grad_norm 28.8 / image_loss 5.7 / reward_loss 0.1 / cont_loss 0.0 / kl_free 1.0 / dyn_scale 0.5 / rep_scale 0.1 / dyn_loss 16.8 / rep_loss 16.8 / kl 16.8 / prior_abs_ent 31.0 / post_abs_ent -27.4 / prior_obs_ent 10.8 / post_obs_ent -4.3 / boundary_ratio 0.0 / kl_mask 0.0 / normed_target_mean 0.6 / normed_target_std 0.3 / normed_target_min -0.1 / normed_target_max 1.1 / EMA_005 116.1 / EMA_095 1079.8 / value_mean 734.5 / value_std 311.9 / value_min 17.0 / value_max 1164.0 / target_mean 737.0 / target_std 313.4 / target_min 19.9 / target_max 1191.2 / imag_reward_mean 2.0 / imag_reward_std 4.7 / imag_reward_min -0.0 / imag_reward_max 26.8 / imag_action_mean 7.1 / imag_action_std 4.0 / imag_action_min 0.0 / imag_action_max 17.0 / actor_entropy 0.4 / actor_loss 0.5 / actor_grad_norm 7.1 / value_loss 1.3 / value_grad_norm 1.3 / update_count 38221.0 / fps 12.2
add_video needs package moviepy
add_video needs package moviepy
[199684] 
Start evaluation.
[199684] eval_return 4006.0 / eval_length 1420.8 / eval_episodes 5.0
add_video needs package moviepy
Start training.
[199684] model_loss 15.9 / model_grad_norm 28.9 / image_loss 5.8 / reward_loss 0.1 / cont_loss 0.0 / kl_free 1.0 / dyn_scale 0.5 / rep_scale 0.1 / dyn_loss 16.7 / rep_loss 16.7 / kl 16.7 / prior_abs_ent 31.3 / post_abs_ent -27.4 / prior_obs_ent 11.3 / post_obs_ent -3.8 / boundary_ratio 0.0 / kl_mask 0.0 / normed_target_mean 0.6 / normed_target_std 0.3 / normed_target_min -0.1 / normed_target_max 1.1 / EMA_005 116.8 / EMA_095 1081.8 / value_mean 729.5 / value_std 311.8 / value_min 20.1 / value_max 1165.7 / target_mean 732.1 / target_std 313.0 / target_min 27.8 / target_max 1192.6 / imag_reward_mean 2.0 / imag_reward_std 4.8 / imag_reward_min -0.0 / imag_reward_max 26.9 / imag_action_mean 7.1 / imag_action_std 4.1 / imag_action_min 0.0 / imag_action_max 17.0 / actor_entropy 0.4 / actor_loss 0.6 / actor_grad_norm 7.1 / value_loss 1.3 / value_grad_norm 1.4 / update_count 38377.0 / fps 12.2
add_video needs package moviepy
add_video needs package moviepy
[200308] 
Start evaluation.
[200308] eval_return 3896.0 / eval_length 1453.2 / eval_episodes 5.0
add_video needs package moviepy
Start training.
[200308] model_loss 15.9 / model_grad_norm 28.7 / image_loss 5.7 / reward_loss 0.1 / cont_loss 0.0 / kl_free 1.0 / dyn_scale 0.5 / rep_scale 0.1 / dyn_loss 16.8 / rep_loss 16.8 / kl 16.8 / prior_abs_ent 31.3 / post_abs_ent -27.4 / prior_obs_ent 10.6 / post_obs_ent -4.5 / boundary_ratio 0.0 / kl_mask 0.0 / normed_target_mean 0.6 / normed_target_std 0.3 / normed_target_min -0.1 / normed_target_max 1.1 / EMA_005 118.4 / EMA_095 1083.7 / value_mean 742.5 / value_std 312.5 / value_min 16.7 / value_max 1169.0 / target_mean 745.1 / target_std 313.7 / target_min 21.8 / target_max 1196.9 / imag_reward_mean 2.0 / imag_reward_std 4.8 / imag_reward_min -0.0 / imag_reward_max 23.8 / imag_action_mean 7.2 / imag_action_std 4.1 / imag_action_min 0.0 / imag_action_max 17.0 / actor_entropy 0.4 / actor_loss 0.6 / actor_grad_norm 7.3 / value_loss 1.3 / value_grad_norm 1.3 / update_count 38533.0 / fps 12.0
add_video needs package moviepy
add_video needs package moviepy
[200932] 
Start evaluation.
[200932] eval_return 3748.0 / eval_length 1335.4 / eval_episodes 5.0
add_video needs package moviepy
Start training.
[200932] model_loss 15.9 / model_grad_norm 27.8 / image_loss 5.7 / reward_loss 0.1 / cont_loss 0.0 / kl_free 1.0 / dyn_scale 0.5 / rep_scale 0.1 / dyn_loss 16.9 / rep_loss 16.9 / kl 16.9 / prior_abs_ent 31.3 / post_abs_ent -27.5 / prior_obs_ent 10.5 / post_obs_ent -4.7 / boundary_ratio 0.0 / kl_mask 0.0 / normed_target_mean 0.7 / normed_target_std 0.3 / normed_target_min -0.1 / normed_target_max 1.1 / EMA_005 128.2 / EMA_095 1085.8 / value_mean 749.3 / value_std 309.6 / value_min 30.0 / value_max 1166.0 / target_mean 751.6 / target_std 310.7 / target_min 31.6 / target_max 1194.0 / imag_reward_mean 2.0 / imag_reward_std 4.7 / imag_reward_min -0.0 / imag_reward_max 21.1 / imag_action_mean 7.2 / imag_action_std 4.0 / imag_action_min 0.0 / imag_action_max 17.0 / actor_entropy 0.4 / actor_loss 0.5 / actor_grad_norm 6.7 / value_loss 1.3 / value_grad_norm 1.3 / update_count 38689.0 / fps 12.4
add_video needs package moviepy
add_video needs package moviepy
[201556] 
Start evaluation.
[201556] eval_return 3996.0 / eval_length 1334.0 / eval_episodes 5.0
add_video needs package moviepy
Start training.
[201556] model_loss 16.1 / model_grad_norm 29.1 / image_loss 5.8 / reward_loss 0.1 / cont_loss 0.0 / kl_free 1.0 / dyn_scale 0.5 / rep_scale 0.1 / dyn_loss 17.0 / rep_loss 17.0 / kl 17.0 / prior_abs_ent 31.4 / post_abs_ent -27.5 / prior_obs_ent 11.6 / post_obs_ent -3.7 / boundary_ratio 0.0 / kl_mask 0.0 / normed_target_mean 0.7 / normed_target_std 0.3 / normed_target_min -0.1 / normed_target_max 1.1 / EMA_005 116.3 / EMA_095 1090.5 / value_mean 751.8 / value_std 313.5 / value_min 23.2 / value_max 1172.4 / target_mean 754.1 / target_std 314.5 / target_min 23.8 / target_max 1202.2 / imag_reward_mean 2.0 / imag_reward_std 4.8 / imag_reward_min -0.0 / imag_reward_max 29.3 / imag_action_mean 7.3 / imag_action_std 4.0 / imag_action_min 0.0 / imag_action_max 17.0 / actor_entropy 0.4 / actor_loss 0.5 / actor_grad_norm 6.9 / value_loss 1.3 / value_grad_norm 1.3 / update_count 38845.0 / fps 12.4
add_video needs package moviepy
add_video needs package moviepy
[202180] 
Start evaluation.
[202180] eval_return 4172.0 / eval_length 1343.0 / eval_episodes 5.0
add_video needs package moviepy
Start training.
[202180] model_loss 15.9 / model_grad_norm 26.7 / image_loss 5.7 / reward_loss 0.1 / cont_loss 0.0 / kl_free 1.0 / dyn_scale 0.5 / rep_scale 0.1 / dyn_loss 16.8 / rep_loss 16.8 / kl 16.8 / prior_abs_ent 31.3 / post_abs_ent -27.4 / prior_obs_ent 11.1 / post_obs_ent -4.1 / boundary_ratio 0.0 / kl_mask 0.0 / normed_target_mean 0.7 / normed_target_std 0.3 / normed_target_min -0.1 / normed_target_max 1.1 / EMA_005 112.3 / EMA_095 1091.3 / value_mean 755.5 / value_std 308.4 / value_min 19.8 / value_max 1169.9 / target_mean 757.8 / target_std 309.7 / target_min 24.0 / target_max 1198.6 / imag_reward_mean 2.0 / imag_reward_std 4.8 / imag_reward_min -0.0 / imag_reward_max 26.6 / imag_action_mean 7.1 / imag_action_std 4.0 / imag_action_min 0.0 / imag_action_max 17.0 / actor_entropy 0.4 / actor_loss 0.5 / actor_grad_norm 6.7 / value_loss 1.2 / value_grad_norm 1.2 / update_count 39001.0 / fps 12.4
add_video needs package moviepy
add_video needs package moviepy
[202804] 
Start evaluation.
[202804] eval_return 4564.0 / eval_length 1397.2 / eval_episodes 5.0
add_video needs package moviepy
Start training.
[202804] model_loss 16.2 / model_grad_norm 35.3 / image_loss 5.8 / reward_loss 0.1 / cont_loss 0.0 / kl_free 1.0 / dyn_scale 0.5 / rep_scale 0.1 / dyn_loss 17.1 / rep_loss 17.1 / kl 17.1 / prior_abs_ent 31.2 / post_abs_ent -27.5 / prior_obs_ent 11.6 / post_obs_ent -3.8 / boundary_ratio 0.0 / kl_mask 0.0 / normed_target_mean 0.7 / normed_target_std 0.3 / normed_target_min -0.1 / normed_target_max 1.1 / EMA_005 109.1 / EMA_095 1100.6 / value_mean 753.5 / value_std 314.0 / value_min 20.8 / value_max 1176.4 / target_mean 755.4 / target_std 315.6 / target_min 20.5 / target_max 1208.5 / imag_reward_mean 2.0 / imag_reward_std 4.9 / imag_reward_min -0.0 / imag_reward_max 35.7 / imag_action_mean 7.2 / imag_action_std 4.0 / imag_action_min 0.0 / imag_action_max 17.0 / actor_entropy 0.4 / actor_loss 0.4 / actor_grad_norm 7.0 / value_loss 1.3 / value_grad_norm 1.3 / update_count 39157.0 / fps 12.3
add_video needs package moviepy
add_video needs package moviepy
[203396] dataset_size 50849.0 / train_return 3910.0 / train_length 1466.0 / train_episodes 37.0
[203428] 
Start evaluation.
[203428] eval_return 3848.0 / eval_length 1379.2 / eval_episodes 5.0
add_video needs package moviepy
Start training.
[203428] model_loss 15.8 / model_grad_norm 27.6 / image_loss 5.7 / reward_loss 0.1 / cont_loss 0.0 / kl_free 1.0 / dyn_scale 0.5 / rep_scale 0.1 / dyn_loss 16.8 / rep_loss 16.8 / kl 16.8 / prior_abs_ent 31.1 / post_abs_ent -27.6 / prior_obs_ent 10.7 / post_obs_ent -4.4 / boundary_ratio 0.0 / kl_mask 0.0 / normed_target_mean 0.6 / normed_target_std 0.3 / normed_target_min -0.1 / normed_target_max 1.1 / EMA_005 110.0 / EMA_095 1103.2 / value_mean 745.7 / value_std 323.8 / value_min 12.8 / value_max 1174.6 / target_mean 748.2 / target_std 325.1 / target_min 13.3 / target_max 1209.3 / imag_reward_mean 2.1 / imag_reward_std 4.9 / imag_reward_min -0.0 / imag_reward_max 30.2 / imag_action_mean 7.2 / imag_action_std 4.0 / imag_action_min 0.0 / imag_action_max 17.0 / actor_entropy 0.4 / actor_loss 0.6 / actor_grad_norm 6.9 / value_loss 1.3 / value_grad_norm 1.3 / update_count 39313.0 / fps 12.1
add_video needs package moviepy
add_video needs package moviepy
[204052] 
Start evaluation.
[204052] eval_return 3688.0 / eval_length 1405.8 / eval_episodes 5.0
add_video needs package moviepy
Start training.
[204052] model_loss 15.8 / model_grad_norm 27.9 / image_loss 5.7 / reward_loss 0.1 / cont_loss 0.0 / kl_free 1.0 / dyn_scale 0.5 / rep_scale 0.1 / dyn_loss 16.8 / rep_loss 16.8 / kl 16.8 / prior_abs_ent 30.6 / post_abs_ent -27.5 / prior_obs_ent 10.3 / post_obs_ent -4.8 / boundary_ratio 0.0 / kl_mask 0.0 / normed_target_mean 0.6 / normed_target_std 0.3 / normed_target_min -0.1 / normed_target_max 1.1 / EMA_005 106.8 / EMA_095 1106.4 / value_mean 743.9 / value_std 323.5 / value_min 16.9 / value_max 1174.5 / target_mean 746.3 / target_std 324.6 / target_min 18.6 / target_max 1208.8 / imag_reward_mean 2.0 / imag_reward_std 4.9 / imag_reward_min -0.0 / imag_reward_max 29.9 / imag_action_mean 7.1 / imag_action_std 4.0 / imag_action_min 0.0 / imag_action_max 17.0 / actor_entropy 0.4 / actor_loss 0.5 / actor_grad_norm 6.7 / value_loss 1.3 / value_grad_norm 1.4 / update_count 39469.0 / fps 12.2
add_video needs package moviepy
add_video needs package moviepy
[204676] 
Start evaluation.
[204676] eval_return 4038.0 / eval_length 1428.6 / eval_episodes 5.0
add_video needs package moviepy
Start training.
[204676] model_loss 15.7 / model_grad_norm 29.1 / image_loss 5.6 / reward_loss 0.1 / cont_loss 0.0 / kl_free 1.0 / dyn_scale 0.5 / rep_scale 0.1 / dyn_loss 16.7 / rep_loss 16.7 / kl 16.7 / prior_abs_ent 30.9 / post_abs_ent -27.3 / prior_obs_ent 10.8 / post_obs_ent -4.3 / boundary_ratio 0.0 / kl_mask 0.0 / normed_target_mean 0.6 / normed_target_std 0.3 / normed_target_min -0.1 / normed_target_max 1.1 / EMA_005 103.4 / EMA_095 1103.4 / value_mean 735.6 / value_std 325.6 / value_min 18.7 / value_max 1175.6 / target_mean 737.9 / target_std 326.7 / target_min 21.8 / target_max 1211.6 / imag_reward_mean 2.0 / imag_reward_std 4.9 / imag_reward_min -0.0 / imag_reward_max 38.3 / imag_action_mean 7.2 / imag_action_std 4.0 / imag_action_min 0.0 / imag_action_max 17.0 / actor_entropy 0.4 / actor_loss 0.5 / actor_grad_norm 6.8 / value_loss 1.3 / value_grad_norm 1.4 / update_count 39625.0 / fps 12.2
add_video needs package moviepy
add_video needs package moviepy
[205300] 
Start evaluation.
[205300] eval_return 4014.0 / eval_length 1460.2 / eval_episodes 5.0
add_video needs package moviepy
Start training.
[205300] model_loss 15.7 / model_grad_norm 30.4 / image_loss 5.6 / reward_loss 0.1 / cont_loss 0.0 / kl_free 1.0 / dyn_scale 0.5 / rep_scale 0.1 / dyn_loss 16.6 / rep_loss 16.6 / kl 16.6 / prior_abs_ent 30.8 / post_abs_ent -27.3 / prior_obs_ent 10.6 / post_obs_ent -4.4 / boundary_ratio 0.0 / kl_mask 0.0 / normed_target_mean 0.6 / normed_target_std 0.3 / normed_target_min -0.1 / normed_target_max 1.1 / EMA_005 94.7 / EMA_095 1107.6 / value_mean 747.4 / value_std 322.3 / value_min 15.1 / value_max 1177.2 / target_mean 749.5 / target_std 323.4 / target_min 16.3 / target_max 1210.4 / imag_reward_mean 1.9 / imag_reward_std 4.7 / imag_reward_min -0.0 / imag_reward_max 23.5 / imag_action_mean 7.4 / imag_action_std 4.0 / imag_action_min 0.0 / imag_action_max 17.0 / actor_entropy 0.4 / actor_loss 0.4 / actor_grad_norm 6.8 / value_loss 1.3 / value_grad_norm 1.3 / update_count 39781.0 / fps 12.0
add_video needs package moviepy
add_video needs package moviepy
[205924] 
Start evaluation.
[205924] eval_return 3846.0 / eval_length 1335.0 / eval_episodes 5.0
add_video needs package moviepy
Start training.
[205924] model_loss 15.9 / model_grad_norm 27.4 / image_loss 5.7 / reward_loss 0.1 / cont_loss 0.0 / kl_free 1.0 / dyn_scale 0.5 / rep_scale 0.1 / dyn_loss 17.0 / rep_loss 17.0 / kl 17.0 / prior_abs_ent 31.2 / post_abs_ent -27.5 / prior_obs_ent 10.7 / post_obs_ent -4.6 / boundary_ratio 0.0 / kl_mask 0.0 / normed_target_mean 0.6 / normed_target_std 0.3 / normed_target_min -0.1 / normed_target_max 1.1 / EMA_005 104.0 / EMA_095 1108.0 / value_mean 749.5 / value_std 318.6 / value_min 15.0 / value_max 1177.7 / target_mean 751.6 / target_std 319.8 / target_min 15.5 / target_max 1214.9 / imag_reward_mean 2.0 / imag_reward_std 4.9 / imag_reward_min -0.0 / imag_reward_max 32.6 / imag_action_mean 7.3 / imag_action_std 4.0 / imag_action_min 0.0 / imag_action_max 17.0 / actor_entropy 0.4 / actor_loss 0.4 / actor_grad_norm 7.3 / value_loss 1.3 / value_grad_norm 1.4 / update_count 39937.0 / fps 12.4
add_video needs package moviepy
add_video needs package moviepy
[206548] 
Start evaluation.
[206548] eval_return 4112.0 / eval_length 1398.2 / eval_episodes 5.0
add_video needs package moviepy
Start training.
[206548] model_loss 15.7 / model_grad_norm 29.6 / image_loss 5.7 / reward_loss 0.1 / cont_loss 0.0 / kl_free 1.0 / dyn_scale 0.5 / rep_scale 0.1 / dyn_loss 16.6 / rep_loss 16.6 / kl 16.6 / prior_abs_ent 31.0 / post_abs_ent -27.3 / prior_obs_ent 10.3 / post_obs_ent -4.7 / boundary_ratio 0.0 / kl_mask 0.0 / normed_target_mean 0.6 / normed_target_std 0.3 / normed_target_min -0.1 / normed_target_max 1.1 / EMA_005 116.5 / EMA_095 1114.4 / value_mean 747.4 / value_std 322.3 / value_min 14.9 / value_max 1179.7 / target_mean 749.5 / target_std 323.8 / target_min 15.8 / target_max 1218.5 / imag_reward_mean 2.0 / imag_reward_std 4.8 / imag_reward_min -0.0 / imag_reward_max 33.1 / imag_action_mean 7.3 / imag_action_std 4.0 / imag_action_min 0.0 / imag_action_max 17.0 / actor_entropy 0.4 / actor_loss 0.4 / actor_grad_norm 7.0 / value_loss 1.3 / value_grad_norm 1.4 / update_count 40093.0 / fps 12.2
add_video needs package moviepy
add_video needs package moviepy
[207172] 
Start evaluation.
[207172] eval_return 4218.0 / eval_length 1408.0 / eval_episodes 5.0
add_video needs package moviepy
Start training.
[207172] model_loss 15.8 / model_grad_norm 30.3 / image_loss 5.6 / reward_loss 0.1 / cont_loss 0.0 / kl_free 1.0 / dyn_scale 0.5 / rep_scale 0.1 / dyn_loss 16.9 / rep_loss 16.9 / kl 16.9 / prior_abs_ent 31.2 / post_abs_ent -27.4 / prior_obs_ent 10.7 / post_obs_ent -4.5 / boundary_ratio 0.0 / kl_mask 0.0 / normed_target_mean 0.6 / normed_target_std 0.3 / normed_target_min -0.1 / normed_target_max 1.1 / EMA_005 107.4 / EMA_095 1119.1 / value_mean 756.9 / value_std 326.5 / value_min 11.3 / value_max 1180.3 / target_mean 759.3 / target_std 327.9 / target_min 11.8 / target_max 1220.2 / imag_reward_mean 2.0 / imag_reward_std 4.9 / imag_reward_min -0.0 / imag_reward_max 32.7 / imag_action_mean 7.3 / imag_action_std 4.0 / imag_action_min 0.0 / imag_action_max 17.0 / actor_entropy 0.4 / actor_loss 0.5 / actor_grad_norm 7.2 / value_loss 1.3 / value_grad_norm 1.3 / update_count 40249.0 / fps 12.2
add_video needs package moviepy
add_video needs package moviepy
[207796] 
Start evaluation.
[207796] eval_return 4098.0 / eval_length 1356.6 / eval_episodes 5.0
add_video needs package moviepy
Start training.
[207796] model_loss 15.8 / model_grad_norm 30.2 / image_loss 5.6 / reward_loss 0.1 / cont_loss 0.0 / kl_free 1.0 / dyn_scale 0.5 / rep_scale 0.1 / dyn_loss 16.8 / rep_loss 16.8 / kl 16.8 / prior_abs_ent 31.1 / post_abs_ent -27.4 / prior_obs_ent 10.5 / post_obs_ent -4.6 / boundary_ratio 0.0 / kl_mask 0.0 / normed_target_mean 0.7 / normed_target_std 0.3 / normed_target_min -0.1 / normed_target_max 1.1 / EMA_005 121.4 / EMA_095 1126.1 / value_mean 772.3 / value_std 315.6 / value_min 30.8 / value_max 1183.7 / target_mean 774.7 / target_std 316.8 / target_min 32.0 / target_max 1226.9 / imag_reward_mean 2.0 / imag_reward_std 5.1 / imag_reward_min -0.0 / imag_reward_max 44.1 / imag_action_mean 7.3 / imag_action_std 4.0 / imag_action_min 0.0 / imag_action_max 17.0 / actor_entropy 0.4 / actor_loss 0.6 / actor_grad_norm 7.3 / value_loss 1.3 / value_grad_norm 1.4 / update_count 40405.0 / fps 12.3
add_video needs package moviepy
add_video needs package moviepy
[208420] 
Start evaluation.
[208420] eval_return 3668.0 / eval_length 1340.6 / eval_episodes 5.0
add_video needs package moviepy
Start training.
[208420] model_loss 15.9 / model_grad_norm 26.6 / image_loss 5.7 / reward_loss 0.1 / cont_loss 0.0 / kl_free 1.0 / dyn_scale 0.5 / rep_scale 0.1 / dyn_loss 16.8 / rep_loss 16.8 / kl 16.8 / prior_abs_ent 31.3 / post_abs_ent -27.5 / prior_obs_ent 10.6 / post_obs_ent -4.6 / boundary_ratio 0.0 / kl_mask 0.0 / normed_target_mean 0.6 / normed_target_std 0.3 / normed_target_min -0.1 / normed_target_max 1.1 / EMA_005 118.1 / EMA_095 1126.8 / value_mean 765.4 / value_std 321.2 / value_min 18.9 / value_max 1183.0 / target_mean 767.8 / target_std 322.4 / target_min 20.8 / target_max 1224.1 / imag_reward_mean 2.0 / imag_reward_std 4.7 / imag_reward_min -0.0 / imag_reward_max 23.6 / imag_action_mean 7.3 / imag_action_std 4.0 / imag_action_min 0.0 / imag_action_max 17.0 / actor_entropy 0.4 / actor_loss 0.6 / actor_grad_norm 7.3 / value_loss 1.3 / value_grad_norm 1.3 / update_count 40561.0 / fps 12.4
add_video needs package moviepy
add_video needs package moviepy
[209044] 
Start evaluation.
[209044] eval_return 4370.0 / eval_length 1445.4 / eval_episodes 5.0
add_video needs package moviepy
Start training.
[209044] model_loss 15.9 / model_grad_norm 27.7 / image_loss 5.6 / reward_loss 0.1 / cont_loss 0.0 / kl_free 1.0 / dyn_scale 0.5 / rep_scale 0.1 / dyn_loss 16.9 / rep_loss 16.9 / kl 16.9 / prior_abs_ent 31.0 / post_abs_ent -27.5 / prior_obs_ent 10.2 / post_obs_ent -5.0 / boundary_ratio 0.0 / kl_mask 0.0 / normed_target_mean 0.6 / normed_target_std 0.3 / normed_target_min -0.1 / normed_target_max 1.1 / EMA_005 120.0 / EMA_095 1130.7 / value_mean 769.1 / value_std 325.3 / value_min 23.8 / value_max 1183.7 / target_mean 771.3 / target_std 326.7 / target_min 23.8 / target_max 1227.5 / imag_reward_mean 2.1 / imag_reward_std 4.9 / imag_reward_min -0.0 / imag_reward_max 27.0 / imag_action_mean 7.2 / imag_action_std 4.0 / imag_action_min 0.0 / imag_action_max 17.0 / actor_entropy 0.4 / actor_loss 0.4 / actor_grad_norm 7.0 / value_loss 1.3 / value_grad_norm 1.3 / update_count 40717.0 / fps 12.2
add_video needs package moviepy
add_video needs package moviepy
[209220] dataset_size 52305.0 / train_return 5390.0 / train_length 1456.0 / train_episodes 38.0
[209668] 
Start evaluation.
[209668] eval_return 4204.0 / eval_length 1386.8 / eval_episodes 5.0
add_video needs package moviepy
Start training.
[209668] model_loss 15.9 / model_grad_norm 26.0 / image_loss 5.7 / reward_loss 0.1 / cont_loss 0.0 / kl_free 1.0 / dyn_scale 0.5 / rep_scale 0.1 / dyn_loss 16.9 / rep_loss 16.9 / kl 16.9 / prior_abs_ent 31.1 / post_abs_ent -27.4 / prior_obs_ent 10.0 / post_obs_ent -5.2 / boundary_ratio 0.0 / kl_mask 0.0 / normed_target_mean 0.6 / normed_target_std 0.3 / normed_target_min -0.1 / normed_target_max 1.1 / EMA_005 124.1 / EMA_095 1136.0 / value_mean 778.5 / value_std 318.8 / value_min 15.9 / value_max 1183.9 / target_mean 780.7 / target_std 320.2 / target_min 18.3 / target_max 1229.9 / imag_reward_mean 2.1 / imag_reward_std 4.9 / imag_reward_min -0.0 / imag_reward_max 29.7 / imag_action_mean 7.2 / imag_action_std 4.0 / imag_action_min 0.0 / imag_action_max 17.0 / actor_entropy 0.4 / actor_loss 0.5 / actor_grad_norm 7.2 / value_loss 1.3 / value_grad_norm 1.4 / update_count 40873.0 / fps 12.2
add_video needs package moviepy
add_video needs package moviepy
[210292] 
Start evaluation.
[210292] eval_return 4482.0 / eval_length 1439.4 / eval_episodes 5.0
add_video needs package moviepy
Start training.
[210292] model_loss 15.9 / model_grad_norm 26.5 / image_loss 5.7 / reward_loss 0.1 / cont_loss 0.0 / kl_free 1.0 / dyn_scale 0.5 / rep_scale 0.1 / dyn_loss 16.8 / rep_loss 16.8 / kl 16.8 / prior_abs_ent 31.4 / post_abs_ent -27.4 / prior_obs_ent 10.2 / post_obs_ent -5.0 / boundary_ratio 0.0 / kl_mask 0.0 / normed_target_mean 0.6 / normed_target_std 0.3 / normed_target_min -0.1 / normed_target_max 1.1 / EMA_005 110.7 / EMA_095 1138.3 / value_mean 770.0 / value_std 328.2 / value_min 18.9 / value_max 1183.9 / target_mean 772.6 / target_std 329.6 / target_min 22.0 / target_max 1230.5 / imag_reward_mean 2.1 / imag_reward_std 4.9 / imag_reward_min -0.0 / imag_reward_max 31.2 / imag_action_mean 7.2 / imag_action_std 4.0 / imag_action_min 0.0 / imag_action_max 17.0 / actor_entropy 0.4 / actor_loss 0.6 / actor_grad_norm 7.2 / value_loss 1.3 / value_grad_norm 1.3 / update_count 41029.0 / fps 12.2
add_video needs package moviepy
add_video needs package moviepy
[210916] 
Start evaluation.
[210916] eval_return 4038.0 / eval_length 1370.0 / eval_episodes 5.0
add_video needs package moviepy
Start training.
[210916] model_loss 15.9 / model_grad_norm 26.4 / image_loss 5.6 / reward_loss 0.1 / cont_loss 0.0 / kl_free 1.0 / dyn_scale 0.5 / rep_scale 0.1 / dyn_loss 16.9 / rep_loss 16.9 / kl 16.9 / prior_abs_ent 31.4 / post_abs_ent -27.4 / prior_obs_ent 10.4 / post_obs_ent -4.8 / boundary_ratio 0.0 / kl_mask 0.0 / normed_target_mean 0.6 / normed_target_std 0.3 / normed_target_min -0.1 / normed_target_max 1.1 / EMA_005 112.7 / EMA_095 1139.5 / value_mean 764.9 / value_std 329.3 / value_min 17.8 / value_max 1185.2 / target_mean 767.3 / target_std 330.7 / target_min 21.3 / target_max 1233.5 / imag_reward_mean 2.1 / imag_reward_std 4.9 / imag_reward_min -0.0 / imag_reward_max 29.6 / imag_action_mean 7.0 / imag_action_std 4.0 / imag_action_min 0.0 / imag_action_max 17.0 / actor_entropy 0.4 / actor_loss 0.6 / actor_grad_norm 7.1 / value_loss 1.3 / value_grad_norm 1.4 / update_count 41185.0 / fps 12.4
add_video needs package moviepy
add_video needs package moviepy
[211540] 
Start evaluation.
[211540] eval_return 4082.0 / eval_length 1387.4 / eval_episodes 5.0
add_video needs package moviepy
Start training.
[211540] model_loss 15.9 / model_grad_norm 29.1 / image_loss 5.7 / reward_loss 0.1 / cont_loss 0.0 / kl_free 1.0 / dyn_scale 0.5 / rep_scale 0.1 / dyn_loss 16.9 / rep_loss 16.9 / kl 16.9 / prior_abs_ent 31.6 / post_abs_ent -27.3 / prior_obs_ent 10.6 / post_obs_ent -4.7 / boundary_ratio 0.0 / kl_mask 0.0 / normed_target_mean 0.6 / normed_target_std 0.3 / normed_target_min -0.1 / normed_target_max 1.1 / EMA_005 107.1 / EMA_095 1143.3 / value_mean 757.8 / value_std 340.5 / value_min 17.0 / value_max 1183.6 / target_mean 760.1 / target_std 341.9 / target_min 20.5 / target_max 1230.0 / imag_reward_mean 2.0 / imag_reward_std 4.9 / imag_reward_min -0.0 / imag_reward_max 32.6 / imag_action_mean 7.1 / imag_action_std 4.0 / imag_action_min 0.0 / imag_action_max 17.0 / actor_entropy 0.4 / actor_loss 0.6 / actor_grad_norm 7.4 / value_loss 1.3 / value_grad_norm 1.4 / update_count 41341.0 / fps 12.3
add_video needs package moviepy
add_video needs package moviepy
[212164] 
Start evaluation.
[212164] eval_return 4154.0 / eval_length 1390.4 / eval_episodes 5.0
add_video needs package moviepy
Start training.
[212164] model_loss 15.9 / model_grad_norm 27.1 / image_loss 5.7 / reward_loss 0.1 / cont_loss 0.0 / kl_free 1.0 / dyn_scale 0.5 / rep_scale 0.1 / dyn_loss 16.9 / rep_loss 16.9 / kl 16.9 / prior_abs_ent 31.5 / post_abs_ent -27.3 / prior_obs_ent 10.7 / post_obs_ent -4.5 / boundary_ratio 0.0 / kl_mask 0.0 / normed_target_mean 0.6 / normed_target_std 0.3 / normed_target_min -0.1 / normed_target_max 1.1 / EMA_005 109.7 / EMA_095 1147.2 / value_mean 773.1 / value_std 331.4 / value_min 23.3 / value_max 1186.7 / target_mean 775.4 / target_std 332.6 / target_min 24.5 / target_max 1236.3 / imag_reward_mean 2.0 / imag_reward_std 4.9 / imag_reward_min -0.0 / imag_reward_max 29.7 / imag_action_mean 7.2 / imag_action_std 4.0 / imag_action_min 0.0 / imag_action_max 17.0 / actor_entropy 0.4 / actor_loss 0.6 / actor_grad_norm 7.6 / value_loss 1.3 / value_grad_norm 1.4 / update_count 41497.0 / fps 12.3
add_video needs package moviepy
add_video needs package moviepy
[212788] 
Start evaluation.
[212788] eval_return 3940.0 / eval_length 1249.8 / eval_episodes 5.0
add_video needs package moviepy
Start training.
[212788] model_loss 15.8 / model_grad_norm 26.5 / image_loss 5.6 / reward_loss 0.1 / cont_loss 0.0 / kl_free 1.0 / dyn_scale 0.5 / rep_scale 0.1 / dyn_loss 16.9 / rep_loss 16.9 / kl 16.9 / prior_abs_ent 31.4 / post_abs_ent -27.4 / prior_obs_ent 10.1 / post_obs_ent -5.1 / boundary_ratio 0.0 / kl_mask 0.0 / normed_target_mean 0.6 / normed_target_std 0.3 / normed_target_min -0.1 / normed_target_max 1.1 / EMA_005 113.2 / EMA_095 1149.9 / value_mean 778.0 / value_std 332.6 / value_min 15.9 / value_max 1187.1 / target_mean 780.5 / target_std 333.9 / target_min 17.9 / target_max 1235.6 / imag_reward_mean 2.1 / imag_reward_std 4.9 / imag_reward_min -0.0 / imag_reward_max 29.9 / imag_action_mean 7.3 / imag_action_std 4.1 / imag_action_min 0.0 / imag_action_max 17.0 / actor_entropy 0.4 / actor_loss 0.6 / actor_grad_norm 7.7 / value_loss 1.3 / value_grad_norm 1.3 / update_count 41653.0 / fps 12.7
add_video needs package moviepy
add_video needs package moviepy
[213412] 
Start evaluation.
[213412] eval_return 4594.0 / eval_length 1386.6 / eval_episodes 5.0
add_video needs package moviepy
Start training.
[213412] model_loss 16.1 / model_grad_norm 28.6 / image_loss 5.7 / reward_loss 0.1 / cont_loss 0.0 / kl_free 1.0 / dyn_scale 0.5 / rep_scale 0.1 / dyn_loss 17.1 / rep_loss 17.1 / kl 17.1 / prior_abs_ent 31.4 / post_abs_ent -27.4 / prior_obs_ent 10.7 / post_obs_ent -4.7 / boundary_ratio 0.0 / kl_mask 0.0 / normed_target_mean 0.7 / normed_target_std 0.3 / normed_target_min -0.1 / normed_target_max 1.1 / EMA_005 105.3 / EMA_095 1152.0 / value_mean 783.4 / value_std 332.5 / value_min 10.6 / value_max 1187.5 / target_mean 785.9 / target_std 333.5 / target_min 13.4 / target_max 1236.3 / imag_reward_mean 2.1 / imag_reward_std 5.0 / imag_reward_min -0.0 / imag_reward_max 32.8 / imag_action_mean 7.2 / imag_action_std 4.1 / imag_action_min 0.0 / imag_action_max 17.0 / actor_entropy 0.4 / actor_loss 0.7 / actor_grad_norm 7.8 / value_loss 1.3 / value_grad_norm 1.4 / update_count 41809.0 / fps 12.3
add_video needs package moviepy
add_video needs package moviepy
[214036] 
Start evaluation.
[214036] eval_return 3466.0 / eval_length 1279.8 / eval_episodes 5.0
add_video needs package moviepy
Start training.
[214036] model_loss 16.0 / model_grad_norm 31.1 / image_loss 5.6 / reward_loss 0.1 / cont_loss 0.0 / kl_free 1.0 / dyn_scale 0.5 / rep_scale 0.1 / dyn_loss 17.0 / rep_loss 17.0 / kl 17.0 / prior_abs_ent 31.4 / post_abs_ent -27.4 / prior_obs_ent 10.6 / post_obs_ent -4.8 / boundary_ratio 0.0 / kl_mask 0.0 / normed_target_mean 0.6 / normed_target_std 0.3 / normed_target_min -0.1 / normed_target_max 1.1 / EMA_005 110.2 / EMA_095 1153.3 / value_mean 786.0 / value_std 333.5 / value_min 19.6 / value_max 1187.8 / target_mean 788.0 / target_std 334.4 / target_min 22.9 / target_max 1239.5 / imag_reward_mean 2.1 / imag_reward_std 4.9 / imag_reward_min -0.0 / imag_reward_max 35.5 / imag_action_mean 7.1 / imag_action_std 4.1 / imag_action_min 0.0 / imag_action_max 17.0 / actor_entropy 0.4 / actor_loss 0.4 / actor_grad_norm 7.1 / value_loss 1.3 / value_grad_norm 1.3 / update_count 41965.0 / fps 12.6
add_video needs package moviepy
add_video needs package moviepy
[214660] 
Start evaluation.
[214660] eval_return 4186.0 / eval_length 1381.4 / eval_episodes 5.0
add_video needs package moviepy
Start training.
[214660] model_loss 15.9 / model_grad_norm 27.4 / image_loss 5.6 / reward_loss 0.1 / cont_loss 0.0 / kl_free 1.0 / dyn_scale 0.5 / rep_scale 0.1 / dyn_loss 17.0 / rep_loss 17.0 / kl 17.0 / prior_abs_ent 31.6 / post_abs_ent -27.3 / prior_obs_ent 10.7 / post_obs_ent -4.7 / boundary_ratio 0.0 / kl_mask 0.0 / normed_target_mean 0.6 / normed_target_std 0.3 / normed_target_min -0.1 / normed_target_max 1.1 / EMA_005 106.1 / EMA_095 1155.4 / value_mean 785.3 / value_std 335.8 / value_min 19.0 / value_max 1187.8 / target_mean 787.8 / target_std 336.9 / target_min 24.5 / target_max 1240.9 / imag_reward_mean 2.1 / imag_reward_std 5.1 / imag_reward_min -0.0 / imag_reward_max 41.1 / imag_action_mean 7.2 / imag_action_std 4.2 / imag_action_min 0.0 / imag_action_max 17.0 / actor_entropy 0.4 / actor_loss 0.5 / actor_grad_norm 7.3 / value_loss 1.3 / value_grad_norm 1.3 / update_count 42121.0 / fps 12.3
add_video needs package moviepy
add_video needs package moviepy
[215184] dataset_size 53796.0 / train_return 4640.0 / train_length 1491.0 / train_episodes 39.0
[215284] 
Start evaluation.
[215284] eval_return 4206.0 / eval_length 1437.4 / eval_episodes 5.0
add_video needs package moviepy
Start training.
[215284] model_loss 15.9 / model_grad_norm 27.6 / image_loss 5.6 / reward_loss 0.1 / cont_loss 0.0 / kl_free 1.0 / dyn_scale 0.5 / rep_scale 0.1 / dyn_loss 17.0 / rep_loss 17.0 / kl 17.0 / prior_abs_ent 31.5 / post_abs_ent -27.4 / prior_obs_ent 10.4 / post_obs_ent -4.9 / boundary_ratio 0.0 / kl_mask 0.0 / normed_target_mean 0.6 / normed_target_std 0.3 / normed_target_min -0.1 / normed_target_max 1.1 / EMA_005 114.8 / EMA_095 1156.6 / value_mean 788.8 / value_std 328.7 / value_min 19.1 / value_max 1187.8 / target_mean 791.2 / target_std 329.8 / target_min 22.0 / target_max 1242.2 / imag_reward_mean 2.1 / imag_reward_std 5.0 / imag_reward_min -0.0 / imag_reward_max 30.5 / imag_action_mean 7.2 / imag_action_std 4.2 / imag_action_min 0.0 / imag_action_max 17.0 / actor_entropy 0.4 / actor_loss 0.6 / actor_grad_norm 7.4 / value_loss 1.3 / value_grad_norm 1.3 / update_count 42277.0 / fps 12.2
add_video needs package moviepy
add_video needs package moviepy
[215908] 
Start evaluation.
[215908] eval_return 4254.0 / eval_length 1440.2 / eval_episodes 5.0
add_video needs package moviepy
Start training.
[215908] model_loss 16.1 / model_grad_norm 32.8 / image_loss 5.7 / reward_loss 0.1 / cont_loss 0.0 / kl_free 1.0 / dyn_scale 0.5 / rep_scale 0.1 / dyn_loss 17.2 / rep_loss 17.2 / kl 17.2 / prior_abs_ent 31.7 / post_abs_ent -27.4 / prior_obs_ent 10.6 / post_obs_ent -4.8 / boundary_ratio 0.0 / kl_mask 0.0 / normed_target_mean 0.6 / normed_target_std 0.3 / normed_target_min -0.1 / normed_target_max 1.1 / EMA_005 108.6 / EMA_095 1159.2 / value_mean 788.5 / value_std 333.5 / value_min 23.5 / value_max 1188.8 / target_mean 790.6 / target_std 334.7 / target_min 24.9 / target_max 1240.3 / imag_reward_mean 2.1 / imag_reward_std 5.0 / imag_reward_min -0.0 / imag_reward_max 31.1 / imag_action_mean 7.3 / imag_action_std 4.1 / imag_action_min 0.0 / imag_action_max 17.0 / actor_entropy 0.4 / actor_loss 0.5 / actor_grad_norm 7.5 / value_loss 1.3 / value_grad_norm 1.3 / update_count 42433.0 / fps 12.2
add_video needs package moviepy
add_video needs package moviepy
[216532] 
Start evaluation.
[216532] eval_return 4360.0 / eval_length 1375.4 / eval_episodes 5.0
add_video needs package moviepy
Start training.
[216532] model_loss 15.9 / model_grad_norm 27.4 / image_loss 5.7 / reward_loss 0.1 / cont_loss 0.0 / kl_free 1.0 / dyn_scale 0.5 / rep_scale 0.1 / dyn_loss 16.9 / rep_loss 16.9 / kl 16.9 / prior_abs_ent 31.2 / post_abs_ent -27.6 / prior_obs_ent 11.3 / post_obs_ent -4.0 / boundary_ratio 0.0 / kl_mask 0.0 / normed_target_mean 0.7 / normed_target_std 0.3 / normed_target_min -0.1 / normed_target_max 1.1 / EMA_005 109.1 / EMA_095 1161.1 / value_mean 790.8 / value_std 339.9 / value_min 15.6 / value_max 1188.9 / target_mean 793.0 / target_std 340.8 / target_min 15.0 / target_max 1243.4 / imag_reward_mean 2.1 / imag_reward_std 5.0 / imag_reward_min -0.0 / imag_reward_max 35.6 / imag_action_mean 7.3 / imag_action_std 4.2 / imag_action_min 0.0 / imag_action_max 17.0 / actor_entropy 0.4 / actor_loss 0.5 / actor_grad_norm 7.4 / value_loss 1.3 / value_grad_norm 1.2 / update_count 42589.0 / fps 12.3
add_video needs package moviepy
add_video needs package moviepy
[217156] 
Start evaluation.
[217156] eval_return 3750.0 / eval_length 1393.4 / eval_episodes 5.0
add_video needs package moviepy
Start training.
[217156] model_loss 15.8 / model_grad_norm 31.2 / image_loss 5.6 / reward_loss 0.1 / cont_loss 0.0 / kl_free 1.0 / dyn_scale 0.5 / rep_scale 0.1 / dyn_loss 16.8 / rep_loss 16.8 / kl 16.8 / prior_abs_ent 31.0 / post_abs_ent -27.5 / prior_obs_ent 10.2 / post_obs_ent -5.0 / boundary_ratio 0.0 / kl_mask 0.0 / normed_target_mean 0.7 / normed_target_std 0.3 / normed_target_min -0.1 / normed_target_max 1.1 / EMA_005 102.6 / EMA_095 1160.9 / value_mean 793.8 / value_std 330.5 / value_min 29.6 / value_max 1188.9 / target_mean 795.9 / target_std 331.6 / target_min 31.1 / target_max 1241.6 / imag_reward_mean 2.1 / imag_reward_std 4.8 / imag_reward_min -0.0 / imag_reward_max 24.1 / imag_action_mean 7.3 / imag_action_std 4.2 / imag_action_min 0.0 / imag_action_max 17.0 / actor_entropy 0.4 / actor_loss 0.5 / actor_grad_norm 7.6 / value_loss 1.3 / value_grad_norm 1.3 / update_count 42745.0 / fps 12.2
add_video needs package moviepy
add_video needs package moviepy
[217780] 
Start evaluation.
[217780] eval_return 4484.0 / eval_length 1421.0 / eval_episodes 5.0
add_video needs package moviepy
Start training.
[217780] model_loss 15.8 / model_grad_norm 31.6 / image_loss 5.5 / reward_loss 0.1 / cont_loss 0.0 / kl_free 1.0 / dyn_scale 0.5 / rep_scale 0.1 / dyn_loss 16.9 / rep_loss 16.9 / kl 16.9 / prior_abs_ent 31.0 / post_abs_ent -27.4 / prior_obs_ent 10.0 / post_obs_ent -5.2 / boundary_ratio 0.0 / kl_mask 0.0 / normed_target_mean 0.7 / normed_target_std 0.3 / normed_target_min -0.1 / normed_target_max 1.1 / EMA_005 102.4 / EMA_095 1162.7 / value_mean 792.6 / value_std 337.4 / value_min 15.5 / value_max 1188.9 / target_mean 794.6 / target_std 338.6 / target_min 16.8 / target_max 1244.1 / imag_reward_mean 2.0 / imag_reward_std 4.8 / imag_reward_min -0.0 / imag_reward_max 27.0 / imag_action_mean 7.3 / imag_action_std 4.1 / imag_action_min 0.0 / imag_action_max 17.0 / actor_entropy 0.4 / actor_loss 0.5 / actor_grad_norm 7.3 / value_loss 1.3 / value_grad_norm 1.3 / update_count 42901.0 / fps 12.2
add_video needs package moviepy
add_video needs package moviepy
[218404] 
Start evaluation.
[218404] eval_return 4244.0 / eval_length 1434.6 / eval_episodes 5.0
add_video needs package moviepy
Start training.
[218404] model_loss 15.8 / model_grad_norm 26.7 / image_loss 5.6 / reward_loss 0.1 / cont_loss 0.0 / kl_free 1.0 / dyn_scale 0.5 / rep_scale 0.1 / dyn_loss 16.8 / rep_loss 16.8 / kl 16.8 / prior_abs_ent 31.1 / post_abs_ent -27.4 / prior_obs_ent 9.9 / post_obs_ent -5.2 / boundary_ratio 0.0 / kl_mask 0.0 / normed_target_mean 0.6 / normed_target_std 0.3 / normed_target_min -0.1 / normed_target_max 1.1 / EMA_005 103.1 / EMA_095 1163.6 / value_mean 784.7 / value_std 336.1 / value_min 18.7 / value_max 1190.5 / target_mean 787.0 / target_std 337.3 / target_min 22.5 / target_max 1247.5 / imag_reward_mean 2.1 / imag_reward_std 5.0 / imag_reward_min -0.0 / imag_reward_max 30.4 / imag_action_mean 7.3 / imag_action_std 4.1 / imag_action_min 0.0 / imag_action_max 17.0 / actor_entropy 0.4 / actor_loss 0.5 / actor_grad_norm 7.4 / value_loss 1.3 / value_grad_norm 1.3 / update_count 43057.0 / fps 12.1
add_video needs package moviepy
add_video needs package moviepy
[219028] 
Start evaluation.
[219028] eval_return 3784.0 / eval_length 1271.8 / eval_episodes 5.0
add_video needs package moviepy
Start training.
[219028] model_loss 15.8 / model_grad_norm 31.2 / image_loss 5.5 / reward_loss 0.1 / cont_loss 0.0 / kl_free 1.0 / dyn_scale 0.5 / rep_scale 0.1 / dyn_loss 17.0 / rep_loss 17.0 / kl 17.0 / prior_abs_ent 31.1 / post_abs_ent -27.5 / prior_obs_ent 9.3 / post_obs_ent -6.0 / boundary_ratio 0.0 / kl_mask 0.0 / normed_target_mean 0.7 / normed_target_std 0.3 / normed_target_min -0.1 / normed_target_max 1.1 / EMA_005 96.5 / EMA_095 1165.3 / value_mean 792.9 / value_std 344.8 / value_min 15.5 / value_max 1190.4 / target_mean 794.7 / target_std 345.7 / target_min 17.8 / target_max 1246.1 / imag_reward_mean 2.1 / imag_reward_std 4.8 / imag_reward_min -0.0 / imag_reward_max 21.0 / imag_action_mean 7.2 / imag_action_std 4.1 / imag_action_min 0.0 / imag_action_max 17.0 / actor_entropy 0.4 / actor_loss 0.4 / actor_grad_norm 7.3 / value_loss 1.3 / value_grad_norm 1.2 / update_count 43213.0 / fps 12.6
add_video needs package moviepy
add_video needs package moviepy
[219652] 
Start evaluation.
[219652] eval_return 4036.0 / eval_length 1424.8 / eval_episodes 5.0
add_video needs package moviepy
Start training.
[219652] model_loss 15.8 / model_grad_norm 27.7 / image_loss 5.6 / reward_loss 0.1 / cont_loss 0.0 / kl_free 1.0 / dyn_scale 0.5 / rep_scale 0.1 / dyn_loss 16.9 / rep_loss 16.9 / kl 16.9 / prior_abs_ent 31.4 / post_abs_ent -27.4 / prior_obs_ent 10.1 / post_obs_ent -5.2 / boundary_ratio 0.0 / kl_mask 0.0 / normed_target_mean 0.7 / normed_target_std 0.3 / normed_target_min -0.1 / normed_target_max 1.1 / EMA_005 89.0 / EMA_095 1167.4 / value_mean 792.6 / value_std 341.5 / value_min 21.8 / value_max 1191.1 / target_mean 794.7 / target_std 342.8 / target_min 24.8 / target_max 1248.0 / imag_reward_mean 2.1 / imag_reward_std 5.2 / imag_reward_min -0.0 / imag_reward_max 36.4 / imag_action_mean 7.2 / imag_action_std 4.0 / imag_action_min 0.0 / imag_action_max 17.0 / actor_entropy 0.4 / actor_loss 0.5 / actor_grad_norm 7.4 / value_loss 1.3 / value_grad_norm 1.3 / update_count 43369.0 / fps 12.2
add_video needs package moviepy
add_video needs package moviepy
[220272] dataset_size 55068.0 / train_return 3810.0 / train_length 1272.0 / train_episodes 40.0
[220276] 
Start evaluation.
[220276] eval_return 3706.0 / eval_length 1291.6 / eval_episodes 5.0
add_video needs package moviepy
Start training.
[220276] model_loss 16.0 / model_grad_norm 27.0 / image_loss 5.6 / reward_loss 0.1 / cont_loss 0.0 / kl_free 1.0 / dyn_scale 0.5 / rep_scale 0.1 / dyn_loss 17.1 / rep_loss 17.1 / kl 17.1 / prior_abs_ent 31.4 / post_abs_ent -27.5 / prior_obs_ent 10.0 / post_obs_ent -5.4 / boundary_ratio 0.0 / kl_mask 0.0 / normed_target_mean 0.7 / normed_target_std 0.3 / normed_target_min -0.1 / normed_target_max 1.1 / EMA_005 114.4 / EMA_095 1167.7 / value_mean 807.3 / value_std 331.3 / value_min 22.9 / value_max 1191.2 / target_mean 809.2 / target_std 332.4 / target_min 26.0 / target_max 1246.4 / imag_reward_mean 2.1 / imag_reward_std 4.9 / imag_reward_min -0.0 / imag_reward_max 29.9 / imag_action_mean 7.2 / imag_action_std 4.0 / imag_action_min 0.0 / imag_action_max 17.0 / actor_entropy 0.4 / actor_loss 0.4 / actor_grad_norm 7.7 / value_loss 1.3 / value_grad_norm 1.3 / update_count 43525.0 / fps 12.5
add_video needs package moviepy
add_video needs package moviepy
[220900] 
Start evaluation.
[220900] eval_return 4126.0 / eval_length 1281.2 / eval_episodes 5.0
add_video needs package moviepy
Start training.
[220900] model_loss 16.0 / model_grad_norm 29.2 / image_loss 5.6 / reward_loss 0.1 / cont_loss 0.0 / kl_free 1.0 / dyn_scale 0.5 / rep_scale 0.1 / dyn_loss 17.1 / rep_loss 17.1 / kl 17.1 / prior_abs_ent 31.4 / post_abs_ent -27.4 / prior_obs_ent 10.6 / post_obs_ent -4.8 / boundary_ratio 0.0 / kl_mask 0.0 / normed_target_mean 0.7 / normed_target_std 0.3 / normed_target_min -0.1 / normed_target_max 1.1 / EMA_005 99.4 / EMA_095 1167.5 / value_mean 795.0 / value_std 340.6 / value_min 15.5 / value_max 1191.2 / target_mean 797.1 / target_std 341.7 / target_min 16.7 / target_max 1249.1 / imag_reward_mean 2.1 / imag_reward_std 5.2 / imag_reward_min -0.0 / imag_reward_max 39.2 / imag_action_mean 7.2 / imag_action_std 4.0 / imag_action_min 0.0 / imag_action_max 17.0 / actor_entropy 0.4 / actor_loss 0.5 / actor_grad_norm 7.2 / value_loss 1.3 / value_grad_norm 1.3 / update_count 43681.0 / fps 12.6
add_video needs package moviepy
add_video needs package moviepy
[221524] 
Start evaluation.
[221524] eval_return 3980.0 / eval_length 1324.6 / eval_episodes 5.0
add_video needs package moviepy
Start training.
[221524] model_loss 15.8 / model_grad_norm 28.9 / image_loss 5.5 / reward_loss 0.1 / cont_loss 0.0 / kl_free 1.0 / dyn_scale 0.5 / rep_scale 0.1 / dyn_loss 17.0 / rep_loss 17.0 / kl 17.0 / prior_abs_ent 31.2 / post_abs_ent -27.5 / prior_obs_ent 9.7 / post_obs_ent -5.7 / boundary_ratio 0.0 / kl_mask 0.0 / normed_target_mean 0.7 / normed_target_std 0.3 / normed_target_min -0.1 / normed_target_max 1.1 / EMA_005 115.8 / EMA_095 1170.1 / value_mean 809.2 / value_std 331.4 / value_min 25.2 / value_max 1192.1 / target_mean 811.2 / target_std 332.1 / target_min 28.5 / target_max 1249.1 / imag_reward_mean 2.1 / imag_reward_std 4.9 / imag_reward_min -0.0 / imag_reward_max 21.0 / imag_action_mean 7.1 / imag_action_std 4.1 / imag_action_min 0.0 / imag_action_max 17.0 / actor_entropy 0.4 / actor_loss 0.5 / actor_grad_norm 7.9 / value_loss 1.3 / value_grad_norm 1.3 / update_count 43837.0 / fps 12.5
add_video needs package moviepy
add_video needs package moviepy
[222148] 
Start evaluation.
[222148] eval_return 4152.0 / eval_length 1419.6 / eval_episodes 5.0
add_video needs package moviepy
Start training.
[222148] model_loss 15.7 / model_grad_norm 31.0 / image_loss 5.5 / reward_loss 0.1 / cont_loss 0.0 / kl_free 1.0 / dyn_scale 0.5 / rep_scale 0.1 / dyn_loss 16.8 / rep_loss 16.8 / kl 16.8 / prior_abs_ent 31.5 / post_abs_ent -27.4 / prior_obs_ent 9.9 / post_obs_ent -5.3 / boundary_ratio 0.0 / kl_mask 0.0 / normed_target_mean 0.7 / normed_target_std 0.3 / normed_target_min -0.1 / normed_target_max 1.1 / EMA_005 103.2 / EMA_095 1169.5 / value_mean 794.7 / value_std 340.7 / value_min 14.8 / value_max 1191.8 / target_mean 796.9 / target_std 341.6 / target_min 18.1 / target_max 1247.2 / imag_reward_mean 2.0 / imag_reward_std 5.1 / imag_reward_min -0.0 / imag_reward_max 45.4 / imag_action_mean 7.0 / imag_action_std 4.0 / imag_action_min 0.0 / imag_action_max 17.0 / actor_entropy 0.4 / actor_loss 0.5 / actor_grad_norm 7.7 / value_loss 1.3 / value_grad_norm 1.3 / update_count 43993.0 / fps 12.2
add_video needs package moviepy
add_video needs package moviepy
[222772] 
Start evaluation.
[222772] eval_return 3718.0 / eval_length 1355.4 / eval_episodes 5.0
add_video needs package moviepy
Start training.
[222772] model_loss 15.9 / model_grad_norm 27.8 / image_loss 5.6 / reward_loss 0.1 / cont_loss 0.0 / kl_free 1.0 / dyn_scale 0.5 / rep_scale 0.1 / dyn_loss 16.9 / rep_loss 16.9 / kl 16.9 / prior_abs_ent 31.8 / post_abs_ent -27.4 / prior_obs_ent 9.8 / post_obs_ent -5.4 / boundary_ratio 0.0 / kl_mask 0.0 / normed_target_mean 0.7 / normed_target_std 0.3 / normed_target_min -0.1 / normed_target_max 1.1 / EMA_005 100.7 / EMA_095 1171.5 / value_mean 805.4 / value_std 338.2 / value_min 20.3 / value_max 1193.2 / target_mean 807.5 / target_std 339.3 / target_min 21.5 / target_max 1251.7 / imag_reward_mean 2.1 / imag_reward_std 4.9 / imag_reward_min -0.0 / imag_reward_max 27.2 / imag_action_mean 6.9 / imag_action_std 4.1 / imag_action_min 0.0 / imag_action_max 17.0 / actor_entropy 0.4 / actor_loss 0.5 / actor_grad_norm 7.6 / value_loss 1.3 / value_grad_norm 1.4 / update_count 44149.0 / fps 12.3
add_video needs package moviepy
add_video needs package moviepy
[223396] 
Start evaluation.
[223396] eval_return 3712.0 / eval_length 1383.8 / eval_episodes 5.0
add_video needs package moviepy
Start training.
[223396] model_loss 15.9 / model_grad_norm 26.7 / image_loss 5.5 / reward_loss 0.1 / cont_loss 0.0 / kl_free 1.0 / dyn_scale 0.5 / rep_scale 0.1 / dyn_loss 17.1 / rep_loss 17.1 / kl 17.1 / prior_abs_ent 31.5 / post_abs_ent -27.5 / prior_obs_ent 9.9 / post_obs_ent -5.4 / boundary_ratio 0.0 / kl_mask 0.0 / normed_target_mean 0.7 / normed_target_std 0.3 / normed_target_min -0.1 / normed_target_max 1.1 / EMA_005 117.7 / EMA_095 1174.4 / value_mean 808.2 / value_std 335.2 / value_min 20.8 / value_max 1192.9 / target_mean 810.1 / target_std 335.9 / target_min 24.8 / target_max 1249.8 / imag_reward_mean 2.1 / imag_reward_std 5.0 / imag_reward_min -0.0 / imag_reward_max 33.0 / imag_action_mean 6.8 / imag_action_std 4.0 / imag_action_min 0.0 / imag_action_max 17.0 / actor_entropy 0.4 / actor_loss 0.4 / actor_grad_norm 7.5 / value_loss 1.3 / value_grad_norm 1.3 / update_count 44305.0 / fps 12.4
add_video needs package moviepy
add_video needs package moviepy
[224020] 
Start evaluation.
[224020] eval_return 4246.0 / eval_length 1409.8 / eval_episodes 5.0
add_video needs package moviepy
Start training.
[224020] model_loss 16.0 / model_grad_norm 30.0 / image_loss 5.5 / reward_loss 0.1 / cont_loss 0.0 / kl_free 1.0 / dyn_scale 0.5 / rep_scale 0.1 / dyn_loss 17.2 / rep_loss 17.2 / kl 17.2 / prior_abs_ent 31.7 / post_abs_ent -27.4 / prior_obs_ent 10.2 / post_obs_ent -5.3 / boundary_ratio 0.0 / kl_mask 0.0 / normed_target_mean 0.6 / normed_target_std 0.3 / normed_target_min -0.1 / normed_target_max 1.1 / EMA_005 117.4 / EMA_095 1174.8 / value_mean 792.9 / value_std 345.2 / value_min 18.5 / value_max 1194.2 / target_mean 794.6 / target_std 346.3 / target_min 21.4 / target_max 1253.6 / imag_reward_mean 2.1 / imag_reward_std 5.0 / imag_reward_min -0.0 / imag_reward_max 26.7 / imag_action_mean 6.9 / imag_action_std 4.1 / imag_action_min 0.0 / imag_action_max 17.0 / actor_entropy 0.4 / actor_loss 0.4 / actor_grad_norm 7.9 / value_loss 1.3 / value_grad_norm 1.4 / update_count 44461.0 / fps 12.2
add_video needs package moviepy
add_video needs package moviepy
[224644] 
Start evaluation.
[224644] eval_return 3790.0 / eval_length 1336.4 / eval_episodes 5.0
add_video needs package moviepy
Start training.
[224644] model_loss 16.0 / model_grad_norm 28.0 / image_loss 5.7 / reward_loss 0.1 / cont_loss 0.0 / kl_free 1.0 / dyn_scale 0.5 / rep_scale 0.1 / dyn_loss 17.0 / rep_loss 17.0 / kl 17.0 / prior_abs_ent 31.6 / post_abs_ent -27.5 / prior_obs_ent 10.3 / post_obs_ent -5.1 / boundary_ratio 0.0 / kl_mask 0.0 / normed_target_mean 0.6 / normed_target_std 0.3 / normed_target_min -0.1 / normed_target_max 1.1 / EMA_005 113.4 / EMA_095 1174.7 / value_mean 799.3 / value_std 338.1 / value_min 17.0 / value_max 1195.1 / target_mean 801.3 / target_std 339.1 / target_min 19.7 / target_max 1253.2 / imag_reward_mean 2.1 / imag_reward_std 5.0 / imag_reward_min -0.0 / imag_reward_max 33.3 / imag_action_mean 7.0 / imag_action_std 4.1 / imag_action_min 0.0 / imag_action_max 17.0 / actor_entropy 0.4 / actor_loss 0.4 / actor_grad_norm 7.8 / value_loss 1.3 / value_grad_norm 1.3 / update_count 44617.0 / fps 12.2
add_video needs package moviepy
add_video needs package moviepy
[225268] 
Start evaluation.
[225268] eval_return 3738.0 / eval_length 1356.2 / eval_episodes 5.0
add_video needs package moviepy
Start training.
[225268] model_loss 16.2 / model_grad_norm 30.9 / image_loss 5.7 / reward_loss 0.1 / cont_loss 0.0 / kl_free 1.0 / dyn_scale 0.5 / rep_scale 0.1 / dyn_loss 17.3 / rep_loss 17.3 / kl 17.3 / prior_abs_ent 32.4 / post_abs_ent -27.5 / prior_obs_ent 10.3 / post_obs_ent -5.2 / boundary_ratio 0.0 / kl_mask 0.0 / normed_target_mean 0.7 / normed_target_std 0.3 / normed_target_min -0.1 / normed_target_max 1.1 / EMA_005 111.3 / EMA_095 1175.1 / value_mean 802.9 / value_std 341.7 / value_min 16.1 / value_max 1196.9 / target_mean 804.2 / target_std 342.7 / target_min 18.2 / target_max 1253.4 / imag_reward_mean 2.1 / imag_reward_std 4.9 / imag_reward_min -0.0 / imag_reward_max 30.2 / imag_action_mean 7.0 / imag_action_std 4.1 / imag_action_min 0.0 / imag_action_max 17.0 / actor_entropy 0.4 / actor_loss 0.2 / actor_grad_norm 7.8 / value_loss 1.3 / value_grad_norm 1.3 / update_count 44773.0 / fps 12.2
add_video needs package moviepy
add_video needs package moviepy
[225892] 
Start evaluation.
[225892] eval_return 3992.0 / eval_length 1304.0 / eval_episodes 5.0
add_video needs package moviepy
Start training.
[225892] model_loss 16.4 / model_grad_norm 37.0 / image_loss 5.8 / reward_loss 0.1 / cont_loss 0.0 / kl_free 1.0 / dyn_scale 0.5 / rep_scale 0.1 / dyn_loss 17.4 / rep_loss 17.4 / kl 17.4 / prior_abs_ent 32.2 / post_abs_ent -27.5 / prior_obs_ent 10.3 / post_obs_ent -5.3 / boundary_ratio 0.0 / kl_mask 0.0 / normed_target_mean 0.7 / normed_target_std 0.3 / normed_target_min -0.1 / normed_target_max 1.1 / EMA_005 104.4 / EMA_095 1174.9 / value_mean 808.8 / value_std 337.6 / value_min 22.8 / value_max 1196.5 / target_mean 810.1 / target_std 338.5 / target_min 23.4 / target_max 1253.4 / imag_reward_mean 2.1 / imag_reward_std 4.9 / imag_reward_min -0.0 / imag_reward_max 26.3 / imag_action_mean 7.1 / imag_action_std 4.0 / imag_action_min 0.0 / imag_action_max 17.0 / actor_entropy 0.4 / actor_loss 0.3 / actor_grad_norm 7.9 / value_loss 1.3 / value_grad_norm 1.3 / update_count 44929.0 / fps 12.4
add_video needs package moviepy
add_video needs package moviepy
[225972] dataset_size 56493.0 / train_return 3660.0 / train_length 1425.0 / train_episodes 41.0
[226516] 
Start evaluation.
[226516] eval_return 4362.0 / eval_length 1379.6 / eval_episodes 5.0
add_video needs package moviepy
Start training.
[226516] model_loss 15.7 / model_grad_norm 26.1 / image_loss 5.5 / reward_loss 0.1 / cont_loss 0.0 / kl_free 1.0 / dyn_scale 0.5 / rep_scale 0.1 / dyn_loss 16.9 / rep_loss 16.9 / kl 16.9 / prior_abs_ent 32.1 / post_abs_ent -27.4 / prior_obs_ent 10.2 / post_obs_ent -5.1 / boundary_ratio 0.0 / kl_mask 0.0 / normed_target_mean 0.7 / normed_target_std 0.3 / normed_target_min -0.1 / normed_target_max 1.1 / EMA_005 98.7 / EMA_095 1175.9 / value_mean 803.1 / value_std 342.1 / value_min 22.4 / value_max 1195.7 / target_mean 804.8 / target_std 343.3 / target_min 23.0 / target_max 1254.6 / imag_reward_mean 2.1 / imag_reward_std 4.9 / imag_reward_min -0.0 / imag_reward_max 23.8 / imag_action_mean 7.0 / imag_action_std 4.1 / imag_action_min 0.0 / imag_action_max 17.0 / actor_entropy 0.4 / actor_loss 0.4 / actor_grad_norm 8.0 / value_loss 1.3 / value_grad_norm 1.3 / update_count 45085.0 / fps 12.2
add_video needs package moviepy
add_video needs package moviepy
[227140] 
Start evaluation.
[227140] eval_return 4334.0 / eval_length 1393.6 / eval_episodes 5.0
add_video needs package moviepy
Start training.
[227140] model_loss 15.7 / model_grad_norm 30.3 / image_loss 5.4 / reward_loss 0.1 / cont_loss 0.0 / kl_free 1.0 / dyn_scale 0.5 / rep_scale 0.1 / dyn_loss 16.9 / rep_loss 16.9 / kl 16.9 / prior_abs_ent 31.9 / post_abs_ent -27.4 / prior_obs_ent 9.4 / post_obs_ent -5.8 / boundary_ratio 0.0 / kl_mask 0.0 / normed_target_mean 0.6 / normed_target_std 0.3 / normed_target_min -0.1 / normed_target_max 1.1 / EMA_005 108.9 / EMA_095 1175.9 / value_mean 792.8 / value_std 343.8 / value_min 24.7 / value_max 1195.5 / target_mean 794.1 / target_std 344.7 / target_min 29.6 / target_max 1252.6 / imag_reward_mean 2.1 / imag_reward_std 4.9 / imag_reward_min -0.0 / imag_reward_max 29.3 / imag_action_mean 7.0 / imag_action_std 4.1 / imag_action_min 0.0 / imag_action_max 17.0 / actor_entropy 0.4 / actor_loss 0.2 / actor_grad_norm 7.6 / value_loss 1.3 / value_grad_norm 1.3 / update_count 45241.0 / fps 12.2
add_video needs package moviepy
add_video needs package moviepy
[227764] 
Start evaluation.
[227764] eval_return 3736.0 / eval_length 1291.6 / eval_episodes 5.0
add_video needs package moviepy
Start training.
[227764] model_loss 15.9 / model_grad_norm 25.7 / image_loss 5.5 / reward_loss 0.1 / cont_loss 0.0 / kl_free 1.0 / dyn_scale 0.5 / rep_scale 0.1 / dyn_loss 17.1 / rep_loss 17.1 / kl 17.1 / prior_abs_ent 31.9 / post_abs_ent -27.4 / prior_obs_ent 9.3 / post_obs_ent -6.0 / boundary_ratio 0.0 / kl_mask 0.0 / normed_target_mean 0.7 / normed_target_std 0.3 / normed_target_min -0.1 / normed_target_max 1.1 / EMA_005 102.0 / EMA_095 1178.3 / value_mean 806.4 / value_std 343.7 / value_min 15.6 / value_max 1198.0 / target_mean 808.3 / target_std 344.9 / target_min 14.8 / target_max 1258.3 / imag_reward_mean 2.2 / imag_reward_std 5.1 / imag_reward_min -0.0 / imag_reward_max 32.2 / imag_action_mean 7.0 / imag_action_std 3.9 / imag_action_min 0.0 / imag_action_max 17.0 / actor_entropy 0.4 / actor_loss 0.3 / actor_grad_norm 7.8 / value_loss 1.3 / value_grad_norm 1.2 / update_count 45397.0 / fps 12.4
add_video needs package moviepy
add_video needs package moviepy
[228388] 
Start evaluation.
[228388] eval_return 4892.0 / eval_length 1437.4 / eval_episodes 5.0
add_video needs package moviepy
Start training.
[228388] model_loss 15.8 / model_grad_norm 28.2 / image_loss 5.5 / reward_loss 0.1 / cont_loss 0.0 / kl_free 1.0 / dyn_scale 0.5 / rep_scale 0.1 / dyn_loss 17.0 / rep_loss 17.0 / kl 17.0 / prior_abs_ent 31.8 / post_abs_ent -27.3 / prior_obs_ent 9.8 / post_obs_ent -5.6 / boundary_ratio 0.0 / kl_mask 0.0 / normed_target_mean 0.7 / normed_target_std 0.3 / normed_target_min -0.1 / normed_target_max 1.1 / EMA_005 101.3 / EMA_095 1180.1 / value_mean 809.9 / value_std 335.9 / value_min 24.2 / value_max 1199.8 / target_mean 811.8 / target_std 337.1 / target_min 27.4 / target_max 1258.3 / imag_reward_mean 2.1 / imag_reward_std 4.9 / imag_reward_min -0.0 / imag_reward_max 24.1 / imag_action_mean 7.0 / imag_action_std 4.0 / imag_action_min 0.0 / imag_action_max 17.0 / actor_entropy 0.4 / actor_loss 0.4 / actor_grad_norm 7.7 / value_loss 1.3 / value_grad_norm 1.2 / update_count 45553.0 / fps 12.1
add_video needs package moviepy
add_video needs package moviepy
[229012] 
Start evaluation.
[229012] eval_return 4466.0 / eval_length 1405.2 / eval_episodes 5.0
add_video needs package moviepy
Start training.
[229012] model_loss 15.8 / model_grad_norm 25.5 / image_loss 5.5 / reward_loss 0.1 / cont_loss 0.0 / kl_free 1.0 / dyn_scale 0.5 / rep_scale 0.1 / dyn_loss 17.0 / rep_loss 17.0 / kl 17.0 / prior_abs_ent 31.9 / post_abs_ent -27.4 / prior_obs_ent 9.1 / post_obs_ent -6.2 / boundary_ratio 0.0 / kl_mask 0.0 / normed_target_mean 0.7 / normed_target_std 0.3 / normed_target_min -0.1 / normed_target_max 1.1 / EMA_005 107.0 / EMA_095 1183.7 / value_mean 815.7 / value_std 337.2 / value_min 25.7 / value_max 1202.8 / target_mean 817.6 / target_std 338.5 / target_min 28.4 / target_max 1261.9 / imag_reward_mean 2.1 / imag_reward_std 4.9 / imag_reward_min -0.0 / imag_reward_max 23.9 / imag_action_mean 7.0 / imag_action_std 4.0 / imag_action_min 0.0 / imag_action_max 17.0 / actor_entropy 0.3 / actor_loss 0.4 / actor_grad_norm 8.1 / value_loss 1.3 / value_grad_norm 1.3 / update_count 45709.0 / fps 12.2
add_video needs package moviepy
add_video needs package moviepy
[229636] 
Start evaluation.
[229636] eval_return 4504.0 / eval_length 1413.6 / eval_episodes 5.0
add_video needs package moviepy
Start training.
[229636] model_loss 15.9 / model_grad_norm 27.4 / image_loss 5.6 / reward_loss 0.1 / cont_loss 0.0 / kl_free 1.0 / dyn_scale 0.5 / rep_scale 0.1 / dyn_loss 17.1 / rep_loss 17.1 / kl 17.1 / prior_abs_ent 31.8 / post_abs_ent -27.4 / prior_obs_ent 9.6 / post_obs_ent -5.7 / boundary_ratio 0.0 / kl_mask 0.0 / normed_target_mean 0.7 / normed_target_std 0.3 / normed_target_min -0.1 / normed_target_max 1.1 / EMA_005 112.3 / EMA_095 1182.9 / value_mean 808.5 / value_std 341.6 / value_min 22.8 / value_max 1202.8 / target_mean 809.8 / target_std 342.6 / target_min 23.7 / target_max 1258.4 / imag_reward_mean 2.1 / imag_reward_std 4.9 / imag_reward_min -0.0 / imag_reward_max 29.8 / imag_action_mean 7.1 / imag_action_std 4.0 / imag_action_min 0.0 / imag_action_max 17.0 / actor_entropy 0.4 / actor_loss 0.2 / actor_grad_norm 7.7 / value_loss 1.3 / value_grad_norm 1.2 / update_count 45865.0 / fps 12.1
add_video needs package moviepy
add_video needs package moviepy
[230260] 
Start evaluation.
[230260] eval_return 4406.0 / eval_length 1388.6 / eval_episodes 5.0
add_video needs package moviepy
Start training.
[230260] model_loss 15.7 / model_grad_norm 27.2 / image_loss 5.5 / reward_loss 0.1 / cont_loss 0.0 / kl_free 1.0 / dyn_scale 0.5 / rep_scale 0.1 / dyn_loss 16.9 / rep_loss 16.9 / kl 16.9 / prior_abs_ent 31.7 / post_abs_ent -27.4 / prior_obs_ent 9.2 / post_obs_ent -6.0 / boundary_ratio 0.0 / kl_mask 0.0 / normed_target_mean 0.6 / normed_target_std 0.3 / normed_target_min -0.1 / normed_target_max 1.1 / EMA_005 103.7 / EMA_095 1183.6 / value_mean 799.3 / value_std 343.0 / value_min 19.3 / value_max 1204.5 / target_mean 801.1 / target_std 344.2 / target_min 19.2 / target_max 1259.5 / imag_reward_mean 2.1 / imag_reward_std 4.9 / imag_reward_min -0.0 / imag_reward_max 29.9 / imag_action_mean 7.1 / imag_action_std 4.0 / imag_action_min 0.0 / imag_action_max 17.0 / actor_entropy 0.4 / actor_loss 0.4 / actor_grad_norm 7.7 / value_loss 1.2 / value_grad_norm 1.3 / update_count 46021.0 / fps 12.2
add_video needs package moviepy
add_video needs package moviepy
[230748] dataset_size 57687.0 / train_return 2880.0 / train_length 1194.0 / train_episodes 42.0
[230884] 
Start evaluation.
[230884] eval_return 4310.0 / eval_length 1448.2 / eval_episodes 5.0
add_video needs package moviepy
Start training.
[230884] model_loss 15.7 / model_grad_norm 27.2 / image_loss 5.4 / reward_loss 0.1 / cont_loss 0.0 / kl_free 1.0 / dyn_scale 0.5 / rep_scale 0.1 / dyn_loss 17.0 / rep_loss 17.0 / kl 17.0 / prior_abs_ent 31.7 / post_abs_ent -27.4 / prior_obs_ent 9.3 / post_obs_ent -6.0 / boundary_ratio 0.0 / kl_mask 0.0 / normed_target_mean 0.7 / normed_target_std 0.3 / normed_target_min -0.1 / normed_target_max 1.1 / EMA_005 103.7 / EMA_095 1185.4 / value_mean 811.6 / value_std 345.0 / value_min 16.7 / value_max 1208.7 / target_mean 813.5 / target_std 346.3 / target_min 18.4 / target_max 1265.3 / imag_reward_mean 2.1 / imag_reward_std 4.9 / imag_reward_min -0.0 / imag_reward_max 25.2 / imag_action_mean 7.0 / imag_action_std 4.0 / imag_action_min 0.0 / imag_action_max 17.0 / actor_entropy 0.3 / actor_loss 0.4 / actor_grad_norm 7.8 / value_loss 1.2 / value_grad_norm 1.3 / update_count 46177.0 / fps 12.1
add_video needs package moviepy
add_video needs package moviepy
[231508] 
Start evaluation.
[231508] eval_return 3988.0 / eval_length 1309.6 / eval_episodes 5.0
add_video needs package moviepy
Start training.
[231508] model_loss 15.9 / model_grad_norm 26.1 / image_loss 5.5 / reward_loss 0.1 / cont_loss 0.0 / kl_free 1.0 / dyn_scale 0.5 / rep_scale 0.1 / dyn_loss 17.1 / rep_loss 17.1 / kl 17.1 / prior_abs_ent 31.6 / post_abs_ent -27.5 / prior_obs_ent 9.4 / post_obs_ent -6.0 / boundary_ratio 0.0 / kl_mask 0.0 / normed_target_mean 0.7 / normed_target_std 0.3 / normed_target_min -0.1 / normed_target_max 1.1 / EMA_005 108.6 / EMA_095 1188.9 / value_mean 812.0 / value_std 342.3 / value_min 22.1 / value_max 1210.8 / target_mean 813.8 / target_std 343.7 / target_min 22.8 / target_max 1266.3 / imag_reward_mean 2.1 / imag_reward_std 5.0 / imag_reward_min -0.0 / imag_reward_max 30.3 / imag_action_mean 7.0 / imag_action_std 4.0 / imag_action_min 0.0 / imag_action_max 17.0 / actor_entropy 0.3 / actor_loss 0.4 / actor_grad_norm 7.9 / value_loss 1.3 / value_grad_norm 1.3 / update_count 46333.0 / fps 12.5
add_video needs package moviepy
add_video needs package moviepy
[232132] 
Start evaluation.
[232132] eval_return 4378.0 / eval_length 1424.6 / eval_episodes 5.0
add_video needs package moviepy
Start training.
[232132] model_loss 15.8 / model_grad_norm 27.7 / image_loss 5.4 / reward_loss 0.1 / cont_loss 0.0 / kl_free 1.0 / dyn_scale 0.5 / rep_scale 0.1 / dyn_loss 17.1 / rep_loss 17.1 / kl 17.1 / prior_abs_ent 31.7 / post_abs_ent -27.5 / prior_obs_ent 9.7 / post_obs_ent -5.8 / boundary_ratio 0.0 / kl_mask 0.0 / normed_target_mean 0.6 / normed_target_std 0.3 / normed_target_min -0.1 / normed_target_max 1.1 / EMA_005 97.9 / EMA_095 1191.4 / value_mean 806.2 / value_std 351.2 / value_min 13.4 / value_max 1216.4 / target_mean 808.0 / target_std 352.2 / target_min 13.9 / target_max 1267.8 / imag_reward_mean 2.2 / imag_reward_std 5.3 / imag_reward_min -0.0 / imag_reward_max 42.2 / imag_action_mean 7.0 / imag_action_std 4.0 / imag_action_min 0.0 / imag_action_max 17.0 / actor_entropy 0.3 / actor_loss 0.4 / actor_grad_norm 7.8 / value_loss 1.3 / value_grad_norm 1.3 / update_count 46489.0 / fps 12.1
add_video needs package moviepy
add_video needs package moviepy
[232756] 
Start evaluation.
[232756] eval_return 3864.0 / eval_length 1285.0 / eval_episodes 5.0
add_video needs package moviepy
Start training.
[232756] model_loss 15.8 / model_grad_norm 29.7 / image_loss 5.5 / reward_loss 0.1 / cont_loss 0.0 / kl_free 1.0 / dyn_scale 0.5 / rep_scale 0.1 / dyn_loss 17.0 / rep_loss 17.0 / kl 17.0 / prior_abs_ent 31.8 / post_abs_ent -27.4 / prior_obs_ent 9.4 / post_obs_ent -5.9 / boundary_ratio 0.0 / kl_mask 0.0 / normed_target_mean 0.6 / normed_target_std 0.3 / normed_target_min -0.1 / normed_target_max 1.1 / EMA_005 98.3 / EMA_095 1192.9 / value_mean 801.2 / value_std 349.5 / value_min 18.2 / value_max 1219.6 / target_mean 803.3 / target_std 351.0 / target_min 17.8 / target_max 1271.0 / imag_reward_mean 2.1 / imag_reward_std 5.1 / imag_reward_min -0.0 / imag_reward_max 32.5 / imag_action_mean 7.1 / imag_action_std 4.1 / imag_action_min 0.0 / imag_action_max 17.0 / actor_entropy 0.3 / actor_loss 0.4 / actor_grad_norm 8.1 / value_loss 1.3 / value_grad_norm 1.3 / update_count 46645.0 / fps 12.5
add_video needs package moviepy
add_video needs package moviepy
[233380] 
Start evaluation.
[233380] eval_return 3888.0 / eval_length 1345.6 / eval_episodes 5.0
add_video needs package moviepy
Start training.
[233380] model_loss 16.1 / model_grad_norm 36.0 / image_loss 5.6 / reward_loss 0.1 / cont_loss 0.0 / kl_free 1.0 / dyn_scale 0.5 / rep_scale 0.1 / dyn_loss 17.4 / rep_loss 17.4 / kl 17.4 / prior_abs_ent 32.1 / post_abs_ent -27.5 / prior_obs_ent 9.8 / post_obs_ent -5.8 / boundary_ratio 0.0 / kl_mask 0.0 / normed_target_mean 0.7 / normed_target_std 0.3 / normed_target_min -0.1 / normed_target_max 1.1 / EMA_005 98.7 / EMA_095 1196.1 / value_mean 812.3 / value_std 351.6 / value_min 20.6 / value_max 1223.4 / target_mean 814.4 / target_std 352.5 / target_min 22.7 / target_max 1272.2 / imag_reward_mean 2.2 / imag_reward_std 5.1 / imag_reward_min -0.0 / imag_reward_max 34.9 / imag_action_mean 7.2 / imag_action_std 4.1 / imag_action_min 0.0 / imag_action_max 17.0 / actor_entropy 0.3 / actor_loss 0.5 / actor_grad_norm 7.4 / value_loss 1.2 / value_grad_norm 1.3 / update_count 46801.0 / fps 12.4
add_video needs package moviepy
add_video needs package moviepy
[234004] 
Start evaluation.
[234004] eval_return 3974.0 / eval_length 1360.8 / eval_episodes 5.0
add_video needs package moviepy
Start training.
[234004] model_loss 15.9 / model_grad_norm 27.3 / image_loss 5.5 / reward_loss 0.1 / cont_loss 0.0 / kl_free 1.0 / dyn_scale 0.5 / rep_scale 0.1 / dyn_loss 17.1 / rep_loss 17.1 / kl 17.1 / prior_abs_ent 32.4 / post_abs_ent -27.4 / prior_obs_ent 9.7 / post_obs_ent -5.8 / boundary_ratio 0.0 / kl_mask 0.0 / normed_target_mean 0.7 / normed_target_std 0.3 / normed_target_min -0.1 / normed_target_max 1.1 / EMA_005 105.1 / EMA_095 1195.8 / value_mean 814.6 / value_std 342.7 / value_min 23.6 / value_max 1227.9 / target_mean 816.4 / target_std 343.7 / target_min 24.8 / target_max 1272.4 / imag_reward_mean 2.2 / imag_reward_std 5.0 / imag_reward_min -0.0 / imag_reward_max 27.1 / imag_action_mean 7.2 / imag_action_std 4.1 / imag_action_min 0.0 / imag_action_max 17.0 / actor_entropy 0.4 / actor_loss 0.4 / actor_grad_norm 7.9 / value_loss 1.2 / value_grad_norm 1.3 / update_count 46957.0 / fps 12.4
add_video needs package moviepy
add_video needs package moviepy
[234628] 
Start evaluation.
[234628] eval_return 4258.0 / eval_length 1459.8 / eval_episodes 5.0
add_video needs package moviepy
Start training.
[234628] model_loss 15.9 / model_grad_norm 28.2 / image_loss 5.6 / reward_loss 0.1 / cont_loss 0.0 / kl_free 1.0 / dyn_scale 0.5 / rep_scale 0.1 / dyn_loss 17.1 / rep_loss 17.1 / kl 17.1 / prior_abs_ent 31.9 / post_abs_ent -27.4 / prior_obs_ent 9.5 / post_obs_ent -5.9 / boundary_ratio 0.0 / kl_mask 0.0 / normed_target_mean 0.6 / normed_target_std 0.3 / normed_target_min -0.1 / normed_target_max 1.1 / EMA_005 98.5 / EMA_095 1195.2 / value_mean 807.7 / value_std 347.3 / value_min 16.4 / value_max 1234.8 / target_mean 809.4 / target_std 348.3 / target_min 16.5 / target_max 1275.6 / imag_reward_mean 2.2 / imag_reward_std 5.2 / imag_reward_min -0.0 / imag_reward_max 42.1 / imag_action_mean 7.1 / imag_action_std 4.1 / imag_action_min 0.0 / imag_action_max 17.0 / actor_entropy 0.3 / actor_loss 0.3 / actor_grad_norm 7.7 / value_loss 1.2 / value_grad_norm 1.3 / update_count 47113.0 / fps 12.1
add_video needs package moviepy
add_video needs package moviepy
[235252] 
Start evaluation.
[235252] eval_return 4292.0 / eval_length 1462.0 / eval_episodes 5.0
add_video needs package moviepy
Start training.
[235252] model_loss 15.9 / model_grad_norm 28.9 / image_loss 5.5 / reward_loss 0.1 / cont_loss 0.0 / kl_free 1.0 / dyn_scale 0.5 / rep_scale 0.1 / dyn_loss 17.2 / rep_loss 17.2 / kl 17.2 / prior_abs_ent 31.8 / post_abs_ent -27.5 / prior_obs_ent 8.9 / post_obs_ent -6.6 / boundary_ratio 0.0 / kl_mask 0.0 / normed_target_mean 0.7 / normed_target_std 0.3 / normed_target_min -0.1 / normed_target_max 1.1 / EMA_005 94.0 / EMA_095 1197.0 / value_mean 815.5 / value_std 346.2 / value_min 19.8 / value_max 1247.3 / target_mean 817.4 / target_std 347.7 / target_min 20.7 / target_max 1278.8 / imag_reward_mean 2.2 / imag_reward_std 5.0 / imag_reward_min -0.0 / imag_reward_max 29.5 / imag_action_mean 7.1 / imag_action_std 4.1 / imag_action_min 0.0 / imag_action_max 17.0 / actor_entropy 0.4 / actor_loss 0.5 / actor_grad_norm 8.0 / value_loss 1.2 / value_grad_norm 1.2 / update_count 47269.0 / fps 12.0
add_video needs package moviepy
add_video needs package moviepy
[235876] 
Start evaluation.
[235876] eval_return 3944.0 / eval_length 1365.2 / eval_episodes 5.0
add_video needs package moviepy
Start training.
[235876] model_loss 16.5 / model_grad_norm 38.9 / image_loss 5.8 / reward_loss 0.1 / cont_loss 0.0 / kl_free 1.0 / dyn_scale 0.5 / rep_scale 0.1 / dyn_loss 17.7 / rep_loss 17.7 / kl 17.7 / prior_abs_ent 33.3 / post_abs_ent -27.4 / prior_obs_ent 11.3 / post_obs_ent -4.5 / boundary_ratio 0.0 / kl_mask 0.0 / normed_target_mean 0.6 / normed_target_std 0.3 / normed_target_min -0.1 / normed_target_max 1.1 / EMA_005 109.6 / EMA_095 1197.6 / value_mean 799.7 / value_std 352.3 / value_min 12.8 / value_max 1253.5 / target_mean 801.1 / target_std 353.7 / target_min 14.4 / target_max 1285.2 / imag_reward_mean 2.1 / imag_reward_std 4.9 / imag_reward_min -0.0 / imag_reward_max 28.1 / imag_action_mean 7.1 / imag_action_std 4.1 / imag_action_min 0.0 / imag_action_max 17.0 / actor_entropy 0.4 / actor_loss 0.2 / actor_grad_norm 8.8 / value_loss 1.3 / value_grad_norm 1.4 / update_count 47425.0 / fps 12.4
add_video needs package moviepy
add_video needs package moviepy
[236304] dataset_size 59076.0 / train_return 3660.0 / train_length 1389.0 / train_episodes 43.0
[236500] 
Start evaluation.
[236500] eval_return 4028.0 / eval_length 1459.4 / eval_episodes 5.0
add_video needs package moviepy
Start training.
[236500] model_loss 15.7 / model_grad_norm 25.7 / image_loss 5.4 / reward_loss 0.1 / cont_loss 0.0 / kl_free 1.0 / dyn_scale 0.5 / rep_scale 0.1 / dyn_loss 16.9 / rep_loss 16.9 / kl 16.9 / prior_abs_ent 32.6 / post_abs_ent -27.3 / prior_obs_ent 9.9 / post_obs_ent -5.3 / boundary_ratio 0.0 / kl_mask 0.0 / normed_target_mean 0.6 / normed_target_std 0.3 / normed_target_min -0.1 / normed_target_max 1.1 / EMA_005 96.4 / EMA_095 1199.1 / value_mean 800.3 / value_std 363.0 / value_min 14.6 / value_max 1261.7 / target_mean 801.9 / target_std 364.2 / target_min 16.4 / target_max 1289.5 / imag_reward_mean 2.1 / imag_reward_std 4.8 / imag_reward_min -0.0 / imag_reward_max 21.8 / imag_action_mean 7.2 / imag_action_std 4.1 / imag_action_min 0.0 / imag_action_max 17.0 / actor_entropy 0.3 / actor_loss 0.4 / actor_grad_norm 7.8 / value_loss 1.3 / value_grad_norm 1.4 / update_count 47581.0 / fps 12.1
add_video needs package moviepy
add_video needs package moviepy
[237124] 
Start evaluation.
[237124] eval_return 4230.0 / eval_length 1382.4 / eval_episodes 5.0
add_video needs package moviepy
Start training.
[237124] model_loss 15.8 / model_grad_norm 25.8 / image_loss 5.4 / reward_loss 0.1 / cont_loss 0.0 / kl_free 1.0 / dyn_scale 0.5 / rep_scale 0.1 / dyn_loss 17.2 / rep_loss 17.2 / kl 17.2 / prior_abs_ent 32.5 / post_abs_ent -27.5 / prior_obs_ent 9.5 / post_obs_ent -6.0 / boundary_ratio 0.0 / kl_mask 0.0 / normed_target_mean 0.6 / normed_target_std 0.3 / normed_target_min -0.1 / normed_target_max 1.1 / EMA_005 95.4 / EMA_095 1199.7 / value_mean 809.9 / value_std 349.5 / value_min 15.0 / value_max 1263.3 / target_mean 811.3 / target_std 350.6 / target_min 14.0 / target_max 1288.0 / imag_reward_mean 2.1 / imag_reward_std 5.0 / imag_reward_min -0.0 / imag_reward_max 30.3 / imag_action_mean 7.0 / imag_action_std 4.1 / imag_action_min 0.0 / imag_action_max 17.0 / actor_entropy 0.3 / actor_loss 0.2 / actor_grad_norm 8.0 / value_loss 1.3 / value_grad_norm 1.3 / update_count 47737.0 / fps 12.3
add_video needs package moviepy
add_video needs package moviepy
[237748] 
Start evaluation.
[237748] eval_return 3914.0 / eval_length 1277.4 / eval_episodes 5.0
add_video needs package moviepy
Start training.
[237748] model_loss 15.7 / model_grad_norm 28.0 / image_loss 5.4 / reward_loss 0.1 / cont_loss 0.0 / kl_free 1.0 / dyn_scale 0.5 / rep_scale 0.1 / dyn_loss 17.1 / rep_loss 17.1 / kl 17.1 / prior_abs_ent 32.2 / post_abs_ent -27.4 / prior_obs_ent 9.2 / post_obs_ent -6.2 / boundary_ratio 0.0 / kl_mask 0.0 / normed_target_mean 0.6 / normed_target_std 0.3 / normed_target_min -0.1 / normed_target_max 1.1 / EMA_005 94.9 / EMA_095 1199.5 / value_mean 809.6 / value_std 348.6 / value_min 19.1 / value_max 1274.8 / target_mean 811.1 / target_std 350.0 / target_min 21.8 / target_max 1297.4 / imag_reward_mean 2.1 / imag_reward_std 4.9 / imag_reward_min -0.0 / imag_reward_max 23.8 / imag_action_mean 7.0 / imag_action_std 4.1 / imag_action_min 0.0 / imag_action_max 17.0 / actor_entropy 0.4 / actor_loss 0.2 / actor_grad_norm 8.2 / value_loss 1.2 / value_grad_norm 1.2 / update_count 47893.0 / fps 12.5
add_video needs package moviepy
add_video needs package moviepy
[238372] 
Start evaluation.
[238372] eval_return 3376.0 / eval_length 1303.6 / eval_episodes 5.0
add_video needs package moviepy
Start training.
[238372] model_loss 16.0 / model_grad_norm 30.6 / image_loss 5.5 / reward_loss 0.1 / cont_loss 0.0 / kl_free 1.0 / dyn_scale 0.5 / rep_scale 0.1 / dyn_loss 17.3 / rep_loss 17.3 / kl 17.3 / prior_abs_ent 32.7 / post_abs_ent -27.4 / prior_obs_ent 9.8 / post_obs_ent -5.8 / boundary_ratio 0.0 / kl_mask 0.0 / normed_target_mean 0.6 / normed_target_std 0.3 / normed_target_min -0.1 / normed_target_max 1.1 / EMA_005 94.6 / EMA_095 1199.0 / value_mean 810.4 / value_std 349.5 / value_min 21.7 / value_max 1274.5 / target_mean 812.0 / target_std 350.5 / target_min 23.7 / target_max 1300.2 / imag_reward_mean 2.2 / imag_reward_std 5.1 / imag_reward_min -0.0 / imag_reward_max 30.5 / imag_action_mean 7.1 / imag_action_std 4.2 / imag_action_min 0.0 / imag_action_max 17.0 / actor_entropy 0.4 / actor_loss 0.2 / actor_grad_norm 7.6 / value_loss 1.2 / value_grad_norm 1.3 / update_count 48049.0 / fps 12.5
add_video needs package moviepy
add_video needs package moviepy
[238996] 
Start evaluation.
[238996] eval_return 3664.0 / eval_length 1245.2 / eval_episodes 5.0
add_video needs package moviepy
Start training.
[238996] model_loss 15.8 / model_grad_norm 27.6 / image_loss 5.4 / reward_loss 0.1 / cont_loss 0.0 / kl_free 1.0 / dyn_scale 0.5 / rep_scale 0.1 / dyn_loss 17.1 / rep_loss 17.1 / kl 17.1 / prior_abs_ent 32.4 / post_abs_ent -27.4 / prior_obs_ent 8.9 / post_obs_ent -6.6 / boundary_ratio 0.0 / kl_mask 0.0 / normed_target_mean 0.7 / normed_target_std 0.3 / normed_target_min -0.1 / normed_target_max 1.1 / EMA_005 110.2 / EMA_095 1202.9 / value_mean 827.2 / value_std 341.2 / value_min 24.2 / value_max 1283.9 / target_mean 828.4 / target_std 342.5 / target_min 25.6 / target_max 1303.7 / imag_reward_mean 2.1 / imag_reward_std 4.9 / imag_reward_min -0.0 / imag_reward_max 20.8 / imag_action_mean 7.1 / imag_action_std 4.2 / imag_action_min 0.0 / imag_action_max 17.0 / actor_entropy 0.4 / actor_loss 0.2 / actor_grad_norm 7.8 / value_loss 1.2 / value_grad_norm 1.2 / update_count 48205.0 / fps 12.6
add_video needs package moviepy
add_video needs package moviepy
[239620] 
Start evaluation.
[239620] eval_return 3302.0 / eval_length 1326.8 / eval_episodes 5.0
add_video needs package moviepy
Start training.
[239620] model_loss 15.8 / model_grad_norm 27.6 / image_loss 5.4 / reward_loss 0.1 / cont_loss 0.0 / kl_free 1.0 / dyn_scale 0.5 / rep_scale 0.1 / dyn_loss 17.1 / rep_loss 17.1 / kl 17.1 / prior_abs_ent 32.4 / post_abs_ent -27.4 / prior_obs_ent 9.3 / post_obs_ent -6.1 / boundary_ratio 0.0 / kl_mask 0.0 / normed_target_mean 0.6 / normed_target_std 0.3 / normed_target_min -0.1 / normed_target_max 1.1 / EMA_005 94.9 / EMA_095 1202.9 / value_mean 795.8 / value_std 356.5 / value_min 17.2 / value_max 1287.2 / target_mean 797.2 / target_std 357.6 / target_min 17.1 / target_max 1306.6 / imag_reward_mean 2.1 / imag_reward_std 5.0 / imag_reward_min -0.0 / imag_reward_max 34.8 / imag_action_mean 7.2 / imag_action_std 4.3 / imag_action_min 0.0 / imag_action_max 17.0 / actor_entropy 0.4 / actor_loss 0.2 / actor_grad_norm 7.7 / value_loss 1.3 / value_grad_norm 1.4 / update_count 48361.0 / fps 12.4
add_video needs package moviepy
add_video needs package moviepy
[240244] 
Start evaluation.
[240244] eval_return 3508.0 / eval_length 1309.8 / eval_episodes 5.0
add_video needs package moviepy
Start training.
[240244] model_loss 15.8 / model_grad_norm 27.8 / image_loss 5.5 / reward_loss 0.1 / cont_loss 0.0 / kl_free 1.0 / dyn_scale 0.5 / rep_scale 0.1 / dyn_loss 17.0 / rep_loss 17.0 / kl 17.0 / prior_abs_ent 32.2 / post_abs_ent -27.3 / prior_obs_ent 9.1 / post_obs_ent -6.3 / boundary_ratio 0.0 / kl_mask 0.0 / normed_target_mean 0.6 / normed_target_std 0.3 / normed_target_min -0.1 / normed_target_max 1.1 / EMA_005 99.4 / EMA_095 1201.7 / value_mean 806.4 / value_std 349.7 / value_min 14.4 / value_max 1284.7 / target_mean 807.6 / target_std 350.8 / target_min 19.0 / target_max 1306.5 / imag_reward_mean 2.1 / imag_reward_std 4.8 / imag_reward_min -0.0 / imag_reward_max 24.7 / imag_action_mean 7.1 / imag_action_std 4.2 / imag_action_min 0.0 / imag_action_max 17.0 / actor_entropy 0.4 / actor_loss 0.2 / actor_grad_norm 7.7 / value_loss 1.2 / value_grad_norm 1.3 / update_count 48517.0 / fps 12.4
add_video needs package moviepy
add_video needs package moviepy
[240868] 
Start evaluation.
[240868] eval_return 3428.0 / eval_length 1267.2 / eval_episodes 5.0
add_video needs package moviepy
Start training.
[240868] model_loss 16.0 / model_grad_norm 27.6 / image_loss 5.5 / reward_loss 0.1 / cont_loss 0.0 / kl_free 1.0 / dyn_scale 0.5 / rep_scale 0.1 / dyn_loss 17.4 / rep_loss 17.4 / kl 17.4 / prior_abs_ent 32.3 / post_abs_ent -27.4 / prior_obs_ent 9.4 / post_obs_ent -6.3 / boundary_ratio 0.0 / kl_mask 0.0 / normed_target_mean 0.6 / normed_target_std 0.3 / normed_target_min -0.1 / normed_target_max 1.1 / EMA_005 98.8 / EMA_095 1201.6 / value_mean 811.9 / value_std 345.4 / value_min 30.2 / value_max 1286.3 / target_mean 813.4 / target_std 346.5 / target_min 32.7 / target_max 1302.9 / imag_reward_mean 2.1 / imag_reward_std 5.0 / imag_reward_min -0.0 / imag_reward_max 30.3 / imag_action_mean 7.1 / imag_action_std 4.2 / imag_action_min 0.0 / imag_action_max 17.0 / actor_entropy 0.4 / actor_loss 0.2 / actor_grad_norm 8.1 / value_loss 1.2 / value_grad_norm 1.3 / update_count 48673.0 / fps 12.6
add_video needs package moviepy
add_video needs package moviepy
[241492] 
Start evaluation.
[241492] eval_return 3566.0 / eval_length 1308.6 / eval_episodes 5.0
add_video needs package moviepy
Start training.
[241492] model_loss 15.9 / model_grad_norm 28.3 / image_loss 5.4 / reward_loss 0.1 / cont_loss 0.0 / kl_free 1.0 / dyn_scale 0.5 / rep_scale 0.1 / dyn_loss 17.3 / rep_loss 17.3 / kl 17.3 / prior_abs_ent 32.3 / post_abs_ent -27.5 / prior_obs_ent 9.4 / post_obs_ent -6.2 / boundary_ratio 0.0 / kl_mask 0.0 / normed_target_mean 0.6 / normed_target_std 0.3 / normed_target_min -0.1 / normed_target_max 1.1 / EMA_005 110.5 / EMA_095 1202.4 / value_mean 813.9 / value_std 347.8 / value_min 20.5 / value_max 1285.6 / target_mean 815.0 / target_std 348.9 / target_min 22.1 / target_max 1308.4 / imag_reward_mean 2.1 / imag_reward_std 4.9 / imag_reward_min -0.0 / imag_reward_max 28.2 / imag_action_mean 7.2 / imag_action_std 4.3 / imag_action_min 0.0 / imag_action_max 17.0 / actor_entropy 0.4 / actor_loss 0.1 / actor_grad_norm 8.1 / value_loss 1.2 / value_grad_norm 1.3 / update_count 48829.0 / fps 12.3
add_video needs package moviepy
add_video needs package moviepy
[241948] dataset_size 60487.0 / train_return 3830.0 / train_length 1411.0 / train_episodes 44.0
[242116] 
Start evaluation.
[242116] eval_return 3972.0 / eval_length 1386.2 / eval_episodes 5.0
add_video needs package moviepy
Start training.
[242116] model_loss 15.9 / model_grad_norm 27.5 / image_loss 5.4 / reward_loss 0.1 / cont_loss 0.0 / kl_free 1.0 / dyn_scale 0.5 / rep_scale 0.1 / dyn_loss 17.2 / rep_loss 17.2 / kl 17.2 / prior_abs_ent 32.3 / post_abs_ent -27.4 / prior_obs_ent 9.0 / post_obs_ent -6.5 / boundary_ratio 0.0 / kl_mask 0.0 / normed_target_mean 0.6 / normed_target_std 0.3 / normed_target_min -0.1 / normed_target_max 1.1 / EMA_005 96.1 / EMA_095 1204.0 / value_mean 812.4 / value_std 351.8 / value_min 19.6 / value_max 1295.7 / target_mean 813.9 / target_std 353.1 / target_min 22.4 / target_max 1313.4 / imag_reward_mean 2.2 / imag_reward_std 5.1 / imag_reward_min -0.0 / imag_reward_max 30.3 / imag_action_mean 7.3 / imag_action_std 4.2 / imag_action_min 0.0 / imag_action_max 17.0 / actor_entropy 0.4 / actor_loss 0.3 / actor_grad_norm 8.0 / value_loss 1.2 / value_grad_norm 1.2 / update_count 48985.0 / fps 12.2
add_video needs package moviepy
add_video needs package moviepy
[242740] 
Start evaluation.
[242740] eval_return 3902.0 / eval_length 1389.0 / eval_episodes 5.0
add_video needs package moviepy
Start training.
[242740] model_loss 16.0 / model_grad_norm 32.3 / image_loss 5.4 / reward_loss 0.1 / cont_loss 0.0 / kl_free 1.0 / dyn_scale 0.5 / rep_scale 0.1 / dyn_loss 17.4 / rep_loss 17.4 / kl 17.4 / prior_abs_ent 31.6 / post_abs_ent -27.7 / prior_obs_ent 9.4 / post_obs_ent -6.3 / boundary_ratio 0.0 / kl_mask 0.0 / normed_target_mean 0.6 / normed_target_std 0.3 / normed_target_min -0.1 / normed_target_max 1.1 / EMA_005 105.8 / EMA_095 1204.0 / value_mean 810.1 / value_std 348.5 / value_min 15.7 / value_max 1293.5 / target_mean 811.5 / target_std 349.7 / target_min 17.5 / target_max 1308.6 / imag_reward_mean 2.2 / imag_reward_std 4.9 / imag_reward_min -0.0 / imag_reward_max 26.1 / imag_action_mean 7.3 / imag_action_std 4.2 / imag_action_min 0.0 / imag_action_max 17.0 / actor_entropy 0.4 / actor_loss 0.1 / actor_grad_norm 8.3 / value_loss 1.3 / value_grad_norm 1.3 / update_count 49141.0 / fps 12.3
add_video needs package moviepy
add_video needs package moviepy
[243364] 
Start evaluation.
[243364] eval_return 4146.0 / eval_length 1461.4 / eval_episodes 5.0
add_video needs package moviepy
Start training.
[243364] model_loss 15.8 / model_grad_norm 28.3 / image_loss 5.4 / reward_loss 0.1 / cont_loss 0.0 / kl_free 1.0 / dyn_scale 0.5 / rep_scale 0.1 / dyn_loss 17.2 / rep_loss 17.2 / kl 17.2 / prior_abs_ent 31.8 / post_abs_ent -27.5 / prior_obs_ent 9.4 / post_obs_ent -6.1 / boundary_ratio 0.0 / kl_mask 0.0 / normed_target_mean 0.6 / normed_target_std 0.3 / normed_target_min -0.1 / normed_target_max 1.1 / EMA_005 92.7 / EMA_095 1203.7 / value_mean 799.6 / value_std 358.9 / value_min 16.4 / value_max 1297.5 / target_mean 801.1 / target_std 359.8 / target_min 18.3 / target_max 1314.8 / imag_reward_mean 2.1 / imag_reward_std 5.0 / imag_reward_min -0.0 / imag_reward_max 32.6 / imag_action_mean 7.3 / imag_action_std 4.2 / imag_action_min 0.0 / imag_action_max 17.0 / actor_entropy 0.3 / actor_loss 0.3 / actor_grad_norm 7.6 / value_loss 1.2 / value_grad_norm 1.2 / update_count 49297.0 / fps 12.1
add_video needs package moviepy
add_video needs package moviepy
[243988] 
Start evaluation.
[243988] eval_return 3618.0 / eval_length 1246.4 / eval_episodes 5.0
add_video needs package moviepy
Start training.
[243988] model_loss 15.8 / model_grad_norm 28.7 / image_loss 5.4 / reward_loss 0.1 / cont_loss 0.0 / kl_free 1.0 / dyn_scale 0.5 / rep_scale 0.1 / dyn_loss 17.1 / rep_loss 17.1 / kl 17.1 / prior_abs_ent 32.2 / post_abs_ent -27.4 / prior_obs_ent 9.2 / post_obs_ent -6.2 / boundary_ratio 0.0 / kl_mask 0.0 / normed_target_mean 0.6 / normed_target_std 0.3 / normed_target_min -0.1 / normed_target_max 1.1 / EMA_005 87.8 / EMA_095 1206.6 / value_mean 802.8 / value_std 360.6 / value_min 16.9 / value_max 1302.7 / target_mean 804.2 / target_std 361.7 / target_min 16.6 / target_max 1320.5 / imag_reward_mean 2.2 / imag_reward_std 5.0 / imag_reward_min -0.0 / imag_reward_max 29.7 / imag_action_mean 7.3 / imag_action_std 4.1 / imag_action_min 0.0 / imag_action_max 17.0 / actor_entropy 0.3 / actor_loss 0.2 / actor_grad_norm 7.7 / value_loss 1.2 / value_grad_norm 1.3 / update_count 49453.0 / fps 12.7
add_video needs package moviepy
add_video needs package moviepy
[244612] 
Start evaluation.
[244612] eval_return 4184.0 / eval_length 1362.4 / eval_episodes 5.0
add_video needs package moviepy
Start training.
[244612] model_loss 15.8 / model_grad_norm 31.3 / image_loss 5.4 / reward_loss 0.1 / cont_loss 0.0 / kl_free 1.0 / dyn_scale 0.5 / rep_scale 0.1 / dyn_loss 17.2 / rep_loss 17.2 / kl 17.2 / prior_abs_ent 32.0 / post_abs_ent -27.4 / prior_obs_ent 8.9 / post_obs_ent -6.6 / boundary_ratio 0.0 / kl_mask 0.0 / normed_target_mean 0.6 / normed_target_std 0.3 / normed_target_min -0.1 / normed_target_max 1.1 / EMA_005 92.4 / EMA_095 1206.9 / value_mean 807.0 / value_std 353.2 / value_min 20.9 / value_max 1303.2 / target_mean 808.7 / target_std 354.2 / target_min 21.1 / target_max 1322.0 / imag_reward_mean 2.1 / imag_reward_std 5.0 / imag_reward_min -0.0 / imag_reward_max 29.3 / imag_action_mean 7.3 / imag_action_std 4.1 / imag_action_min 0.0 / imag_action_max 17.0 / actor_entropy 0.3 / actor_loss 0.3 / actor_grad_norm 7.6 / value_loss 1.2 / value_grad_norm 1.4 / update_count 49609.0 / fps 12.3
add_video needs package moviepy
add_video needs package moviepy
[245236] 
Start evaluation.
[245236] eval_return 4156.0 / eval_length 1427.4 / eval_episodes 5.0
add_video needs package moviepy
Start training.
[245236] model_loss 15.8 / model_grad_norm 28.1 / image_loss 5.4 / reward_loss 0.1 / cont_loss 0.0 / kl_free 1.0 / dyn_scale 0.5 / rep_scale 0.1 / dyn_loss 17.2 / rep_loss 17.2 / kl 17.2 / prior_abs_ent 31.9 / post_abs_ent -27.4 / prior_obs_ent 8.9 / post_obs_ent -6.6 / boundary_ratio 0.0 / kl_mask 0.0 / normed_target_mean 0.6 / normed_target_std 0.3 / normed_target_min -0.1 / normed_target_max 1.1 / EMA_005 100.9 / EMA_095 1208.0 / value_mean 812.0 / value_std 343.4 / value_min 20.6 / value_max 1299.2 / target_mean 813.5 / target_std 344.7 / target_min 23.0 / target_max 1315.9 / imag_reward_mean 2.2 / imag_reward_std 4.9 / imag_reward_min -0.0 / imag_reward_max 26.5 / imag_action_mean 7.2 / imag_action_std 4.2 / imag_action_min 0.0 / imag_action_max 17.0 / actor_entropy 0.3 / actor_loss 0.2 / actor_grad_norm 7.8 / value_loss 1.2 / value_grad_norm 1.3 / update_count 49765.0 / fps 12.2
add_video needs package moviepy
add_video needs package moviepy
[245860] 
Start evaluation.
[245860] eval_return 4586.0 / eval_length 1404.6 / eval_episodes 5.0
add_video needs package moviepy
Start training.
[245860] model_loss 16.0 / model_grad_norm 27.5 / image_loss 5.4 / reward_loss 0.1 / cont_loss 0.0 / kl_free 1.0 / dyn_scale 0.5 / rep_scale 0.1 / dyn_loss 17.4 / rep_loss 17.4 / kl 17.4 / prior_abs_ent 32.3 / post_abs_ent -27.5 / prior_obs_ent 9.0 / post_obs_ent -6.7 / boundary_ratio 0.0 / kl_mask 0.0 / normed_target_mean 0.6 / normed_target_std 0.3 / normed_target_min -0.1 / normed_target_max 1.1 / EMA_005 100.2 / EMA_095 1205.3 / value_mean 811.4 / value_std 344.8 / value_min 23.9 / value_max 1301.6 / target_mean 813.0 / target_std 346.0 / target_min 26.6 / target_max 1321.5 / imag_reward_mean 2.2 / imag_reward_std 5.0 / imag_reward_min -0.0 / imag_reward_max 26.8 / imag_action_mean 7.3 / imag_action_std 4.2 / imag_action_min 0.0 / imag_action_max 17.0 / actor_entropy 0.4 / actor_loss 0.3 / actor_grad_norm 8.1 / value_loss 1.2 / value_grad_norm 1.3 / update_count 49921.0 / fps 12.3
add_video needs package moviepy
add_video needs package moviepy
[246484] 
Start evaluation.
[246484] eval_return 4142.0 / eval_length 1325.8 / eval_episodes 5.0
add_video needs package moviepy
Start training.
[246484] model_loss 15.9 / model_grad_norm 29.5 / image_loss 5.4 / reward_loss 0.1 / cont_loss 0.0 / kl_free 1.0 / dyn_scale 0.5 / rep_scale 0.1 / dyn_loss 17.3 / rep_loss 17.3 / kl 17.3 / prior_abs_ent 32.1 / post_abs_ent -27.5 / prior_obs_ent 9.3 / post_obs_ent -6.3 / boundary_ratio 0.0 / kl_mask 0.0 / normed_target_mean 0.6 / normed_target_std 0.3 / normed_target_min -0.1 / normed_target_max 1.1 / EMA_005 103.7 / EMA_095 1207.7 / value_mean 808.3 / value_std 346.9 / value_min 19.3 / value_max 1304.8 / target_mean 809.9 / target_std 348.0 / target_min 21.9 / target_max 1320.5 / imag_reward_mean 2.2 / imag_reward_std 5.0 / imag_reward_min -0.0 / imag_reward_max 27.0 / imag_action_mean 7.2 / imag_action_std 4.2 / imag_action_min 0.0 / imag_action_max 17.0 / actor_entropy 0.4 / actor_loss 0.3 / actor_grad_norm 8.1 / value_loss 1.2 / value_grad_norm 1.3 / update_count 50077.0 / fps 12.4
add_video needs package moviepy
add_video needs package moviepy
[246952] dataset_size 61738.0 / train_return 4370.0 / train_length 1251.0 / train_episodes 45.0
[247108] 
Start evaluation.
[247108] eval_return 3346.0 / eval_length 1243.2 / eval_episodes 5.0
add_video needs package moviepy
Start training.
[247108] model_loss 16.0 / model_grad_norm 28.1 / image_loss 5.5 / reward_loss 0.1 / cont_loss 0.0 / kl_free 1.0 / dyn_scale 0.5 / rep_scale 0.1 / dyn_loss 17.4 / rep_loss 17.4 / kl 17.4 / prior_abs_ent 32.0 / post_abs_ent -27.4 / prior_obs_ent 8.9 / post_obs_ent -6.8 / boundary_ratio 0.0 / kl_mask 0.0 / normed_target_mean 0.6 / normed_target_std 0.3 / normed_target_min -0.1 / normed_target_max 1.1 / EMA_005 106.0 / EMA_095 1205.8 / value_mean 808.4 / value_std 351.6 / value_min 22.6 / value_max 1304.0 / target_mean 809.9 / target_std 352.7 / target_min 24.1 / target_max 1320.1 / imag_reward_mean 2.2 / imag_reward_std 5.0 / imag_reward_min -0.0 / imag_reward_max 27.2 / imag_action_mean 7.2 / imag_action_std 4.1 / imag_action_min 0.0 / imag_action_max 17.0 / actor_entropy 0.3 / actor_loss 0.2 / actor_grad_norm 7.7 / value_loss 1.2 / value_grad_norm 1.3 / update_count 50233.0 / fps 12.5
add_video needs package moviepy
add_video needs package moviepy
[247732] 
Start evaluation.
[247732] eval_return 4426.0 / eval_length 1468.6 / eval_episodes 5.0
add_video needs package moviepy
Start training.
[247732] model_loss 15.9 / model_grad_norm 29.5 / image_loss 5.4 / reward_loss 0.1 / cont_loss 0.0 / kl_free 1.0 / dyn_scale 0.5 / rep_scale 0.1 / dyn_loss 17.2 / rep_loss 17.2 / kl 17.2 / prior_abs_ent 32.0 / post_abs_ent -27.4 / prior_obs_ent 9.2 / post_obs_ent -6.4 / boundary_ratio 0.0 / kl_mask 0.0 / normed_target_mean 0.6 / normed_target_std 0.3 / normed_target_min -0.1 / normed_target_max 1.1 / EMA_005 99.4 / EMA_095 1208.7 / value_mean 803.9 / value_std 350.7 / value_min 19.8 / value_max 1307.1 / target_mean 805.7 / target_std 351.9 / target_min 19.8 / target_max 1324.9 / imag_reward_mean 2.2 / imag_reward_std 5.0 / imag_reward_min -0.0 / imag_reward_max 23.9 / imag_action_mean 7.1 / imag_action_std 4.1 / imag_action_min 0.0 / imag_action_max 17.0 / actor_entropy 0.3 / actor_loss 0.3 / actor_grad_norm 8.1 / value_loss 1.3 / value_grad_norm 1.3 / update_count 50389.0 / fps 12.1
add_video needs package moviepy
add_video needs package moviepy
[248356] 
Start evaluation.
[248356] eval_return 4260.0 / eval_length 1422.8 / eval_episodes 5.0
add_video needs package moviepy
Start training.
[248356] model_loss 15.7 / model_grad_norm 31.0 / image_loss 5.3 / reward_loss 0.1 / cont_loss 0.0 / kl_free 1.0 / dyn_scale 0.5 / rep_scale 0.1 / dyn_loss 17.2 / rep_loss 17.2 / kl 17.2 / prior_abs_ent 32.1 / post_abs_ent -27.5 / prior_obs_ent 8.7 / post_obs_ent -6.8 / boundary_ratio 0.0 / kl_mask 0.0 / normed_target_mean 0.6 / normed_target_std 0.3 / normed_target_min -0.1 / normed_target_max 1.1 / EMA_005 99.4 / EMA_095 1210.6 / value_mean 810.8 / value_std 349.4 / value_min 19.4 / value_max 1313.0 / target_mean 812.2 / target_std 350.6 / target_min 24.8 / target_max 1328.4 / imag_reward_mean 2.1 / imag_reward_std 5.0 / imag_reward_min -0.0 / imag_reward_max 33.2 / imag_action_mean 7.2 / imag_action_std 4.1 / imag_action_min 0.0 / imag_action_max 17.0 / actor_entropy 0.3 / actor_loss 0.2 / actor_grad_norm 7.5 / value_loss 1.2 / value_grad_norm 1.2 / update_count 50545.0 / fps 12.1
add_video needs package moviepy
add_video needs package moviepy
[248980] 
Start evaluation.
[248980] eval_return 4140.0 / eval_length 1411.4 / eval_episodes 5.0
add_video needs package moviepy
Start training.
[248980] model_loss 16.0 / model_grad_norm 26.8 / image_loss 5.4 / reward_loss 0.1 / cont_loss 0.0 / kl_free 1.0 / dyn_scale 0.5 / rep_scale 0.1 / dyn_loss 17.5 / rep_loss 17.5 / kl 17.5 / prior_abs_ent 32.0 / post_abs_ent -27.5 / prior_obs_ent 9.4 / post_obs_ent -6.4 / boundary_ratio 0.0 / kl_mask 0.0 / normed_target_mean 0.6 / normed_target_std 0.3 / normed_target_min -0.1 / normed_target_max 1.1 / EMA_005 106.4 / EMA_095 1211.0 / value_mean 821.4 / value_std 346.2 / value_min 22.7 / value_max 1308.5 / target_mean 823.2 / target_std 347.2 / target_min 21.6 / target_max 1321.1 / imag_reward_mean 2.3 / imag_reward_std 5.2 / imag_reward_min -0.0 / imag_reward_max 36.3 / imag_action_mean 7.1 / imag_action_std 4.1 / imag_action_min 0.0 / imag_action_max 17.0 / actor_entropy 0.3 / actor_loss 0.4 / actor_grad_norm 8.0 / value_loss 1.2 / value_grad_norm 1.4 / update_count 50701.0 / fps 12.2
add_video needs package moviepy
add_video needs package moviepy
[249604] 
Start evaluation.
[249604] eval_return 4560.0 / eval_length 1465.2 / eval_episodes 5.0
add_video needs package moviepy
Start training.
[249604] model_loss 15.9 / model_grad_norm 30.0 / image_loss 5.4 / reward_loss 0.1 / cont_loss 0.0 / kl_free 1.0 / dyn_scale 0.5 / rep_scale 0.1 / dyn_loss 17.3 / rep_loss 17.3 / kl 17.3 / prior_abs_ent 32.3 / post_abs_ent -27.4 / prior_obs_ent 8.9 / post_obs_ent -6.8 / boundary_ratio 0.0 / kl_mask 0.0 / normed_target_mean 0.6 / normed_target_std 0.3 / normed_target_min -0.1 / normed_target_max 1.1 / EMA_005 105.8 / EMA_095 1210.7 / value_mean 805.9 / value_std 352.2 / value_min 29.2 / value_max 1308.0 / target_mean 807.6 / target_std 353.1 / target_min 31.1 / target_max 1322.5 / imag_reward_mean 2.2 / imag_reward_std 4.9 / imag_reward_min -0.0 / imag_reward_max 23.9 / imag_action_mean 7.1 / imag_action_std 4.0 / imag_action_min 0.0 / imag_action_max 17.0 / actor_entropy 0.3 / actor_loss 0.3 / actor_grad_norm 7.9 / value_loss 1.3 / value_grad_norm 1.3 / update_count 50857.0 / fps 12.1
add_video needs package moviepy
add_video needs package moviepy
[250228] 
Start evaluation.
[250228] eval_return 3740.0 / eval_length 1385.8 / eval_episodes 5.0
add_video needs package moviepy
Start training.
[250228] model_loss 15.9 / model_grad_norm 28.9 / image_loss 5.4 / reward_loss 0.1 / cont_loss 0.0 / kl_free 1.0 / dyn_scale 0.5 / rep_scale 0.1 / dyn_loss 17.3 / rep_loss 17.3 / kl 17.3 / prior_abs_ent 32.3 / post_abs_ent -27.3 / prior_obs_ent 9.5 / post_obs_ent -6.1 / boundary_ratio 0.0 / kl_mask 0.0 / normed_target_mean 0.6 / normed_target_std 0.3 / normed_target_min -0.1 / normed_target_max 1.1 / EMA_005 101.0 / EMA_095 1210.7 / value_mean 795.3 / value_std 357.4 / value_min 21.6 / value_max 1310.0 / target_mean 797.0 / target_std 358.5 / target_min 23.2 / target_max 1324.9 / imag_reward_mean 2.1 / imag_reward_std 4.9 / imag_reward_min -0.0 / imag_reward_max 26.9 / imag_action_mean 7.1 / imag_action_std 4.1 / imag_action_min 0.0 / imag_action_max 17.0 / actor_entropy 0.3 / actor_loss 0.3 / actor_grad_norm 7.7 / value_loss 1.2 / value_grad_norm 1.3 / update_count 51013.0 / fps 12.2
add_video needs package moviepy
add_video needs package moviepy
[250852] 
Start evaluation.
[250852] eval_return 4370.0 / eval_length 1418.8 / eval_episodes 5.0
add_video needs package moviepy
Start training.
[250852] model_loss 15.9 / model_grad_norm 28.2 / image_loss 5.4 / reward_loss 0.1 / cont_loss 0.0 / kl_free 1.0 / dyn_scale 0.5 / rep_scale 0.1 / dyn_loss 17.4 / rep_loss 17.4 / kl 17.4 / prior_abs_ent 32.0 / post_abs_ent -27.4 / prior_obs_ent 8.6 / post_obs_ent -7.1 / boundary_ratio 0.0 / kl_mask 0.0 / normed_target_mean 0.6 / normed_target_std 0.3 / normed_target_min -0.1 / normed_target_max 1.1 / EMA_005 108.4 / EMA_095 1210.8 / value_mean 810.0 / value_std 345.9 / value_min 17.6 / value_max 1314.8 / target_mean 811.8 / target_std 346.6 / target_min 24.6 / target_max 1327.2 / imag_reward_mean 2.2 / imag_reward_std 5.3 / imag_reward_min -0.0 / imag_reward_max 42.5 / imag_action_mean 7.1 / imag_action_std 4.1 / imag_action_min 0.0 / imag_action_max 17.0 / actor_entropy 0.3 / actor_loss 0.4 / actor_grad_norm 7.7 / value_loss 1.2 / value_grad_norm 1.2 / update_count 51169.0 / fps 12.2
add_video needs package moviepy
add_video needs package moviepy
[251476] 
Start evaluation.
[251476] eval_return 3912.0 / eval_length 1342.2 / eval_episodes 5.0
add_video needs package moviepy
Start training.
[251476] model_loss 16.0 / model_grad_norm 32.1 / image_loss 5.5 / reward_loss 0.1 / cont_loss 0.0 / kl_free 1.0 / dyn_scale 0.5 / rep_scale 0.1 / dyn_loss 17.3 / rep_loss 17.3 / kl 17.3 / prior_abs_ent 32.3 / post_abs_ent -27.3 / prior_obs_ent 9.6 / post_obs_ent -6.0 / boundary_ratio 0.0 / kl_mask 0.0 / normed_target_mean 0.6 / normed_target_std 0.3 / normed_target_min -0.1 / normed_target_max 1.1 / EMA_005 101.7 / EMA_095 1214.1 / value_mean 805.4 / value_std 359.1 / value_min 16.1 / value_max 1311.2 / target_mean 806.9 / target_std 360.0 / target_min 19.4 / target_max 1325.7 / imag_reward_mean 2.1 / imag_reward_std 5.0 / imag_reward_min -0.0 / imag_reward_max 33.3 / imag_action_mean 7.2 / imag_action_std 4.0 / imag_action_min 0.0 / imag_action_max 17.0 / actor_entropy 0.3 / actor_loss 0.3 / actor_grad_norm 8.0 / value_loss 1.3 / value_grad_norm 1.5 / update_count 51325.0 / fps 12.4
add_video needs package moviepy
add_video needs package moviepy
[252100] 
Start evaluation.
[252100] eval_return 4386.0 / eval_length 1392.6 / eval_episodes 5.0
add_video needs package moviepy
Start training.
[252100] model_loss 16.0 / model_grad_norm 30.7 / image_loss 5.4 / reward_loss 0.1 / cont_loss 0.0 / kl_free 1.0 / dyn_scale 0.5 / rep_scale 0.1 / dyn_loss 17.5 / rep_loss 17.5 / kl 17.5 / prior_abs_ent 32.4 / post_abs_ent -27.4 / prior_obs_ent 9.6 / post_obs_ent -6.1 / boundary_ratio 0.0 / kl_mask 0.0 / normed_target_mean 0.6 / normed_target_std 0.3 / normed_target_min -0.1 / normed_target_max 1.1 / EMA_005 97.8 / EMA_095 1213.3 / value_mean 813.5 / value_std 353.3 / value_min 19.7 / value_max 1325.1 / target_mean 814.9 / target_std 354.5 / target_min 19.0 / target_max 1335.0 / imag_reward_mean 2.2 / imag_reward_std 4.9 / imag_reward_min -0.0 / imag_reward_max 21.5 / imag_action_mean 7.3 / imag_action_std 3.9 / imag_action_min 0.0 / imag_action_max 17.0 / actor_entropy 0.3 / actor_loss 0.2 / actor_grad_norm 8.2 / value_loss 1.3 / value_grad_norm 1.4 / update_count 51481.0 / fps 12.2
add_video needs package moviepy
add_video needs package moviepy
[252724] 
Start evaluation.
[252724] eval_return 4160.0 / eval_length 1397.4 / eval_episodes 5.0
add_video needs package moviepy
Start training.
[252724] model_loss 15.7 / model_grad_norm 29.2 / image_loss 5.3 / reward_loss 0.1 / cont_loss 0.0 / kl_free 1.0 / dyn_scale 0.5 / rep_scale 0.1 / dyn_loss 17.2 / rep_loss 17.2 / kl 17.2 / prior_abs_ent 32.3 / post_abs_ent -27.3 / prior_obs_ent 8.8 / post_obs_ent -6.7 / boundary_ratio 0.0 / kl_mask 0.0 / normed_target_mean 0.6 / normed_target_std 0.3 / normed_target_min -0.1 / normed_target_max 1.1 / EMA_005 98.2 / EMA_095 1214.5 / value_mean 805.5 / value_std 356.9 / value_min 16.9 / value_max 1327.3 / target_mean 807.4 / target_std 358.4 / target_min 18.5 / target_max 1342.2 / imag_reward_mean 2.2 / imag_reward_std 5.0 / imag_reward_min -0.0 / imag_reward_max 29.8 / imag_action_mean 7.3 / imag_action_std 3.9 / imag_action_min 0.0 / imag_action_max 17.0 / actor_entropy 0.3 / actor_loss 0.3 / actor_grad_norm 8.0 / value_loss 1.2 / value_grad_norm 1.4 / update_count 51637.0 / fps 12.2
add_video needs package moviepy
add_video needs package moviepy
[252852] dataset_size 63213.0 / train_return 4410.0 / train_length 1475.0 / train_episodes 46.0
[253348] 
Start evaluation.
[253348] eval_return 4078.0 / eval_length 1400.8 / eval_episodes 5.0
add_video needs package moviepy
Start training.
[253348] model_loss 16.0 / model_grad_norm 26.1 / image_loss 5.4 / reward_loss 0.1 / cont_loss 0.0 / kl_free 1.0 / dyn_scale 0.5 / rep_scale 0.1 / dyn_loss 17.5 / rep_loss 17.5 / kl 17.5 / prior_abs_ent 32.3 / post_abs_ent -27.4 / prior_obs_ent 8.7 / post_obs_ent -7.1 / boundary_ratio 0.0 / kl_mask 0.0 / normed_target_mean 0.6 / normed_target_std 0.3 / normed_target_min -0.1 / normed_target_max 1.1 / EMA_005 96.5 / EMA_095 1213.1 / value_mean 815.1 / value_std 345.2 / value_min 20.0 / value_max 1321.7 / target_mean 817.1 / target_std 346.5 / target_min 22.0 / target_max 1336.0 / imag_reward_mean 2.2 / imag_reward_std 5.1 / imag_reward_min -0.0 / imag_reward_max 30.2 / imag_action_mean 7.3 / imag_action_std 4.0 / imag_action_min 0.0 / imag_action_max 17.0 / actor_entropy 0.3 / actor_loss 0.4 / actor_grad_norm 8.1 / value_loss 1.2 / value_grad_norm 1.4 / update_count 51793.0 / fps 12.2
add_video needs package moviepy
add_video needs package moviepy
[253972] 
Start evaluation.
[253972] eval_return 3910.0 / eval_length 1341.8 / eval_episodes 5.0
add_video needs package moviepy
Start training.
[253972] model_loss 15.8 / model_grad_norm 30.1 / image_loss 5.3 / reward_loss 0.1 / cont_loss 0.0 / kl_free 1.0 / dyn_scale 0.5 / rep_scale 0.1 / dyn_loss 17.2 / rep_loss 17.2 / kl 17.2 / prior_abs_ent 32.2 / post_abs_ent -27.4 / prior_obs_ent 8.5 / post_obs_ent -7.0 / boundary_ratio 0.0 / kl_mask 0.0 / normed_target_mean 0.6 / normed_target_std 0.3 / normed_target_min -0.1 / normed_target_max 1.1 / EMA_005 98.7 / EMA_095 1215.7 / value_mean 802.3 / value_std 358.1 / value_min 21.6 / value_max 1325.3 / target_mean 804.1 / target_std 359.1 / target_min 23.2 / target_max 1337.6 / imag_reward_mean 2.1 / imag_reward_std 4.9 / imag_reward_min -0.0 / imag_reward_max 25.1 / imag_action_mean 7.4 / imag_action_std 3.9 / imag_action_min 0.0 / imag_action_max 17.0 / actor_entropy 0.3 / actor_loss 0.3 / actor_grad_norm 7.9 / value_loss 1.3 / value_grad_norm 1.3 / update_count 51949.0 / fps 12.3
add_video needs package moviepy
add_video needs package moviepy
[254596] 
Start evaluation.
[254596] eval_return 4278.0 / eval_length 1427.2 / eval_episodes 5.0
add_video needs package moviepy
Start training.
[254596] model_loss 15.8 / model_grad_norm 26.5 / image_loss 5.3 / reward_loss 0.1 / cont_loss 0.0 / kl_free 1.0 / dyn_scale 0.5 / rep_scale 0.1 / dyn_loss 17.3 / rep_loss 17.3 / kl 17.3 / prior_abs_ent 32.2 / post_abs_ent -27.4 / prior_obs_ent 8.9 / post_obs_ent -6.6 / boundary_ratio 0.0 / kl_mask 0.0 / normed_target_mean 0.6 / normed_target_std 0.3 / normed_target_min -0.1 / normed_target_max 1.1 / EMA_005 99.9 / EMA_095 1218.7 / value_mean 795.8 / value_std 358.4 / value_min 17.2 / value_max 1327.4 / target_mean 797.4 / target_std 359.6 / target_min 21.0 / target_max 1343.5 / imag_reward_mean 2.1 / imag_reward_std 4.9 / imag_reward_min -0.0 / imag_reward_max 22.3 / imag_action_mean 7.5 / imag_action_std 3.9 / imag_action_min 0.0 / imag_action_max 17.0 / actor_entropy 0.3 / actor_loss 0.3 / actor_grad_norm 7.7 / value_loss 1.2 / value_grad_norm 1.3 / update_count 52105.0 / fps 11.9
add_video needs package moviepy
add_video needs package moviepy
[255220] 
Start evaluation.
[255220] eval_return 3754.0 / eval_length 1320.6 / eval_episodes 5.0
add_video needs package moviepy
Start training.
[255220] model_loss 16.0 / model_grad_norm 28.8 / image_loss 5.4 / reward_loss 0.1 / cont_loss 0.0 / kl_free 1.0 / dyn_scale 0.5 / rep_scale 0.1 / dyn_loss 17.4 / rep_loss 17.4 / kl 17.4 / prior_abs_ent 32.0 / post_abs_ent -27.4 / prior_obs_ent 9.0 / post_obs_ent -6.7 / boundary_ratio 0.0 / kl_mask 0.0 / normed_target_mean 0.6 / normed_target_std 0.3 / normed_target_min -0.1 / normed_target_max 1.1 / EMA_005 98.5 / EMA_095 1218.3 / value_mean 806.4 / value_std 349.7 / value_min 18.6 / value_max 1329.1 / target_mean 808.4 / target_std 350.8 / target_min 21.3 / target_max 1336.9 / imag_reward_mean 2.2 / imag_reward_std 5.3 / imag_reward_min -0.0 / imag_reward_max 47.7 / imag_action_mean 7.6 / imag_action_std 3.9 / imag_action_min 0.0 / imag_action_max 17.0 / actor_entropy 0.3 / actor_loss 0.5 / actor_grad_norm 8.4 / value_loss 1.3 / value_grad_norm 1.4 / update_count 52261.0 / fps 12.2
add_video needs package moviepy
add_video needs package moviepy
[255844] 
Start evaluation.
[255844] eval_return 4050.0 / eval_length 1449.8 / eval_episodes 5.0
add_video needs package moviepy
Start training.
[255844] model_loss 16.0 / model_grad_norm 35.3 / image_loss 5.5 / reward_loss 0.1 / cont_loss 0.0 / kl_free 1.0 / dyn_scale 0.5 / rep_scale 0.1 / dyn_loss 17.4 / rep_loss 17.4 / kl 17.4 / prior_abs_ent 31.9 / post_abs_ent -27.4 / prior_obs_ent 9.1 / post_obs_ent -6.6 / boundary_ratio 0.0 / kl_mask 0.0 / normed_target_mean 0.6 / normed_target_std 0.3 / normed_target_min -0.1 / normed_target_max 1.1 / EMA_005 109.7 / EMA_095 1215.8 / value_mean 802.7 / value_std 348.6 / value_min 18.3 / value_max 1322.9 / target_mean 804.3 / target_std 349.4 / target_min 19.1 / target_max 1335.8 / imag_reward_mean 2.2 / imag_reward_std 5.2 / imag_reward_min -0.0 / imag_reward_max 39.7 / imag_action_mean 7.6 / imag_action_std 4.0 / imag_action_min 0.0 / imag_action_max 17.0 / actor_entropy 0.3 / actor_loss 0.3 / actor_grad_norm 8.2 / value_loss 1.3 / value_grad_norm 1.4 / update_count 52417.0 / fps 12.0
add_video needs package moviepy
add_video needs package moviepy
[256468] 
Start evaluation.
[256468] eval_return 4092.0 / eval_length 1436.0 / eval_episodes 5.0
add_video needs package moviepy
Start training.
[256468] model_loss 15.8 / model_grad_norm 25.6 / image_loss 5.3 / reward_loss 0.1 / cont_loss 0.0 / kl_free 1.0 / dyn_scale 0.5 / rep_scale 0.1 / dyn_loss 17.2 / rep_loss 17.2 / kl 17.2 / prior_abs_ent 32.2 / post_abs_ent -27.3 / prior_obs_ent 8.6 / post_obs_ent -7.0 / boundary_ratio 0.0 / kl_mask 0.0 / normed_target_mean 0.6 / normed_target_std 0.3 / normed_target_min -0.1 / normed_target_max 1.1 / EMA_005 102.3 / EMA_095 1215.5 / value_mean 797.5 / value_std 361.0 / value_min 21.9 / value_max 1325.6 / target_mean 799.0 / target_std 361.7 / target_min 23.5 / target_max 1335.9 / imag_reward_mean 2.2 / imag_reward_std 5.0 / imag_reward_min -0.0 / imag_reward_max 29.8 / imag_action_mean 7.5 / imag_action_std 4.0 / imag_action_min 0.0 / imag_action_max 17.0 / actor_entropy 0.3 / actor_loss 0.3 / actor_grad_norm 7.9 / value_loss 1.3 / value_grad_norm 1.3 / update_count 52573.0 / fps 12.1
add_video needs package moviepy
add_video needs package moviepy
[257092] 
Start evaluation.
[257092] eval_return 4216.0 / eval_length 1305.4 / eval_episodes 5.0
add_video needs package moviepy
Start training.
[257092] model_loss 16.0 / model_grad_norm 29.9 / image_loss 5.4 / reward_loss 0.1 / cont_loss 0.0 / kl_free 1.0 / dyn_scale 0.5 / rep_scale 0.1 / dyn_loss 17.5 / rep_loss 17.5 / kl 17.5 / prior_abs_ent 32.5 / post_abs_ent -27.5 / prior_obs_ent 9.4 / post_obs_ent -6.4 / boundary_ratio 0.0 / kl_mask 0.0 / normed_target_mean 0.6 / normed_target_std 0.3 / normed_target_min -0.1 / normed_target_max 1.1 / EMA_005 93.8 / EMA_095 1216.3 / value_mean 806.2 / value_std 360.7 / value_min 14.7 / value_max 1325.2 / target_mean 808.2 / target_std 361.4 / target_min 15.4 / target_max 1335.6 / imag_reward_mean 2.2 / imag_reward_std 5.1 / imag_reward_min -0.0 / imag_reward_max 33.3 / imag_action_mean 7.4 / imag_action_std 4.0 / imag_action_min 0.0 / imag_action_max 17.0 / actor_entropy 0.3 / actor_loss 0.5 / actor_grad_norm 7.7 / value_loss 1.3 / value_grad_norm 1.4 / update_count 52729.0 / fps 12.4
add_video needs package moviepy
add_video needs package moviepy
[257716] 
Start evaluation.
[257716] eval_return 3986.0 / eval_length 1349.0 / eval_episodes 5.0
add_video needs package moviepy
Start training.
[257716] model_loss 16.0 / model_grad_norm 29.3 / image_loss 5.4 / reward_loss 0.1 / cont_loss 0.0 / kl_free 1.0 / dyn_scale 0.5 / rep_scale 0.1 / dyn_loss 17.5 / rep_loss 17.5 / kl 17.5 / prior_abs_ent 32.2 / post_abs_ent -27.5 / prior_obs_ent 8.5 / post_obs_ent -7.3 / boundary_ratio 0.0 / kl_mask 0.0 / normed_target_mean 0.6 / normed_target_std 0.3 / normed_target_min -0.1 / normed_target_max 1.1 / EMA_005 92.1 / EMA_095 1222.8 / value_mean 817.4 / value_std 356.0 / value_min 17.1 / value_max 1335.2 / target_mean 818.8 / target_std 357.3 / target_min 17.4 / target_max 1350.5 / imag_reward_mean 2.3 / imag_reward_std 5.1 / imag_reward_min -0.0 / imag_reward_max 30.2 / imag_action_mean 7.3 / imag_action_std 4.0 / imag_action_min 0.0 / imag_action_max 17.0 / actor_entropy 0.3 / actor_loss 0.2 / actor_grad_norm 7.8 / value_loss 1.3 / value_grad_norm 1.3 / update_count 52885.0 / fps 12.3
add_video needs package moviepy
add_video needs package moviepy
[258340] 
Start evaluation.
[258340] eval_return 4054.0 / eval_length 1398.2 / eval_episodes 5.0
add_video needs package moviepy
Start training.
[258340] model_loss 16.0 / model_grad_norm 29.3 / image_loss 5.4 / reward_loss 0.1 / cont_loss 0.0 / kl_free 1.0 / dyn_scale 0.5 / rep_scale 0.1 / dyn_loss 17.6 / rep_loss 17.6 / kl 17.6 / prior_abs_ent 32.5 / post_abs_ent -27.4 / prior_obs_ent 9.0 / post_obs_ent -6.8 / boundary_ratio 0.0 / kl_mask 0.0 / normed_target_mean 0.6 / normed_target_std 0.3 / normed_target_min -0.1 / normed_target_max 1.1 / EMA_005 94.9 / EMA_095 1222.6 / value_mean 806.8 / value_std 358.3 / value_min 17.4 / value_max 1328.2 / target_mean 808.7 / target_std 359.2 / target_min 18.3 / target_max 1341.5 / imag_reward_mean 2.2 / imag_reward_std 5.0 / imag_reward_min -0.0 / imag_reward_max 25.3 / imag_action_mean 7.3 / imag_action_std 4.0 / imag_action_min 0.0 / imag_action_max 17.0 / actor_entropy 0.3 / actor_loss 0.4 / actor_grad_norm 8.1 / value_loss 1.2 / value_grad_norm 1.4 / update_count 53041.0 / fps 12.2
add_video needs package moviepy
add_video needs package moviepy
[258712] dataset_size 64678.0 / train_return 3990.0 / train_length 1465.0 / train_episodes 47.0
[258964] 
Start evaluation.
[258964] eval_return 4368.0 / eval_length 1445.2 / eval_episodes 5.0
add_video needs package moviepy
Start training.
[258964] model_loss 16.0 / model_grad_norm 26.6 / image_loss 5.5 / reward_loss 0.1 / cont_loss 0.0 / kl_free 1.0 / dyn_scale 0.5 / rep_scale 0.1 / dyn_loss 17.4 / rep_loss 17.4 / kl 17.4 / prior_abs_ent 32.0 / post_abs_ent -27.5 / prior_obs_ent 8.9 / post_obs_ent -6.9 / boundary_ratio 0.0 / kl_mask 0.0 / normed_target_mean 0.6 / normed_target_std 0.3 / normed_target_min -0.1 / normed_target_max 1.1 / EMA_005 87.2 / EMA_095 1225.0 / value_mean 810.8 / value_std 363.7 / value_min 22.6 / value_max 1338.1 / target_mean 812.8 / target_std 364.7 / target_min 20.9 / target_max 1351.3 / imag_reward_mean 2.2 / imag_reward_std 5.0 / imag_reward_min -0.0 / imag_reward_max 24.5 / imag_action_mean 7.3 / imag_action_std 4.0 / imag_action_min 0.0 / imag_action_max 17.0 / actor_entropy 0.3 / actor_loss 0.5 / actor_grad_norm 7.6 / value_loss 1.2 / value_grad_norm 1.3 / update_count 53197.0 / fps 12.1
add_video needs package moviepy
add_video needs package moviepy
[259588] 
Start evaluation.
[259588] eval_return 4044.0 / eval_length 1372.0 / eval_episodes 5.0
add_video needs package moviepy
Start training.
[259588] model_loss 15.9 / model_grad_norm 27.0 / image_loss 5.3 / reward_loss 0.1 / cont_loss 0.0 / kl_free 1.0 / dyn_scale 0.5 / rep_scale 0.1 / dyn_loss 17.4 / rep_loss 17.4 / kl 17.4 / prior_abs_ent 32.4 / post_abs_ent -27.5 / prior_obs_ent 8.8 / post_obs_ent -6.9 / boundary_ratio 0.0 / kl_mask 0.0 / normed_target_mean 0.6 / normed_target_std 0.3 / normed_target_min -0.1 / normed_target_max 1.1 / EMA_005 90.4 / EMA_095 1222.0 / value_mean 813.8 / value_std 354.1 / value_min 22.3 / value_max 1339.7 / target_mean 815.8 / target_std 354.8 / target_min 23.3 / target_max 1352.4 / imag_reward_mean 2.2 / imag_reward_std 5.0 / imag_reward_min -0.0 / imag_reward_max 27.1 / imag_action_mean 7.4 / imag_action_std 4.0 / imag_action_min 0.0 / imag_action_max 17.0 / actor_entropy 0.3 / actor_loss 0.5 / actor_grad_norm 7.9 / value_loss 1.2 / value_grad_norm 1.3 / update_count 53353.0 / fps 12.2
add_video needs package moviepy
add_video needs package moviepy
[260212] 
Start evaluation.
[260212] eval_return 4534.0 / eval_length 1417.8 / eval_episodes 5.0
add_video needs package moviepy
Start training.
[260212] model_loss 15.8 / model_grad_norm 30.2 / image_loss 5.3 / reward_loss 0.1 / cont_loss 0.0 / kl_free 1.0 / dyn_scale 0.5 / rep_scale 0.1 / dyn_loss 17.3 / rep_loss 17.3 / kl 17.3 / prior_abs_ent 32.3 / post_abs_ent -27.3 / prior_obs_ent 9.3 / post_obs_ent -6.4 / boundary_ratio 0.0 / kl_mask 0.0 / normed_target_mean 0.6 / normed_target_std 0.3 / normed_target_min -0.1 / normed_target_max 1.1 / EMA_005 93.1 / EMA_095 1222.9 / value_mean 801.0 / value_std 361.0 / value_min 21.0 / value_max 1337.3 / target_mean 802.9 / target_std 362.1 / target_min 22.4 / target_max 1347.7 / imag_reward_mean 2.1 / imag_reward_std 5.0 / imag_reward_min -0.0 / imag_reward_max 30.0 / imag_action_mean 7.4 / imag_action_std 3.9 / imag_action_min 0.0 / imag_action_max 17.0 / actor_entropy 0.3 / actor_loss 0.4 / actor_grad_norm 7.9 / value_loss 1.3 / value_grad_norm 1.6 / update_count 53509.0 / fps 12.0
add_video needs package moviepy
add_video needs package moviepy
[260836] 
Start evaluation.
[260836] eval_return 3968.0 / eval_length 1344.0 / eval_episodes 5.0
add_video needs package moviepy
Start training.
[260836] model_loss 15.7 / model_grad_norm 30.1 / image_loss 5.3 / reward_loss 0.1 / cont_loss 0.0 / kl_free 1.0 / dyn_scale 0.5 / rep_scale 0.1 / dyn_loss 17.2 / rep_loss 17.2 / kl 17.2 / prior_abs_ent 32.3 / post_abs_ent -27.3 / prior_obs_ent 8.6 / post_obs_ent -6.9 / boundary_ratio 0.0 / kl_mask 0.0 / normed_target_mean 0.6 / normed_target_std 0.3 / normed_target_min -0.1 / normed_target_max 1.1 / EMA_005 87.9 / EMA_095 1225.3 / value_mean 802.8 / value_std 360.5 / value_min 16.4 / value_max 1341.7 / target_mean 804.7 / target_std 361.2 / target_min 18.9 / target_max 1354.6 / imag_reward_mean 2.1 / imag_reward_std 5.0 / imag_reward_min -0.0 / imag_reward_max 30.0 / imag_action_mean 7.4 / imag_action_std 3.9 / imag_action_min 0.0 / imag_action_max 17.0 / actor_entropy 0.3 / actor_loss 0.4 / actor_grad_norm 7.9 / value_loss 1.3 / value_grad_norm 1.4 / update_count 53665.0 / fps 12.4
add_video needs package moviepy
add_video needs package moviepy
[261460] 
Start evaluation.
[261460] eval_return 3848.0 / eval_length 1381.0 / eval_episodes 5.0
add_video needs package moviepy
Start training.
[261460] model_loss 16.0 / model_grad_norm 29.6 / image_loss 5.4 / reward_loss 0.1 / cont_loss 0.0 / kl_free 1.0 / dyn_scale 0.5 / rep_scale 0.1 / dyn_loss 17.5 / rep_loss 17.5 / kl 17.5 / prior_abs_ent 32.5 / post_abs_ent -27.4 / prior_obs_ent 8.9 / post_obs_ent -6.9 / boundary_ratio 0.0 / kl_mask 0.0 / normed_target_mean 0.6 / normed_target_std 0.3 / normed_target_min -0.1 / normed_target_max 1.1 / EMA_005 103.9 / EMA_095 1225.6 / value_mean 828.0 / value_std 347.9 / value_min 22.4 / value_max 1343.0 / target_mean 829.8 / target_std 348.7 / target_min 32.4 / target_max 1353.9 / imag_reward_mean 2.2 / imag_reward_std 5.1 / imag_reward_min -0.0 / imag_reward_max 33.4 / imag_action_mean 7.4 / imag_action_std 4.0 / imag_action_min 0.0 / imag_action_max 17.0 / actor_entropy 0.3 / actor_loss 0.3 / actor_grad_norm 7.9 / value_loss 1.2 / value_grad_norm 1.2 / update_count 53821.0 / fps 12.2
add_video needs package moviepy
add_video needs package moviepy
[262084] 
Start evaluation.
[262084] eval_return 3720.0 / eval_length 1340.0 / eval_episodes 5.0
add_video needs package moviepy
Start training.
[262084] model_loss 15.9 / model_grad_norm 27.0 / image_loss 5.4 / reward_loss 0.1 / cont_loss 0.0 / kl_free 1.0 / dyn_scale 0.5 / rep_scale 0.1 / dyn_loss 17.3 / rep_loss 17.3 / kl 17.3 / prior_abs_ent 32.2 / post_abs_ent -27.4 / prior_obs_ent 8.7 / post_obs_ent -6.9 / boundary_ratio 0.0 / kl_mask 0.0 / normed_target_mean 0.6 / normed_target_std 0.3 / normed_target_min -0.1 / normed_target_max 1.1 / EMA_005 105.9 / EMA_095 1220.0 / value_mean 815.0 / value_std 350.9 / value_min 22.7 / value_max 1334.7 / target_mean 816.6 / target_std 351.2 / target_min 24.9 / target_max 1345.4 / imag_reward_mean 2.1 / imag_reward_std 5.0 / imag_reward_min -0.0 / imag_reward_max 29.8 / imag_action_mean 7.5 / imag_action_std 4.0 / imag_action_min 0.0 / imag_action_max 17.0 / actor_entropy 0.3 / actor_loss 0.4 / actor_grad_norm 8.0 / value_loss 1.2 / value_grad_norm 1.3 / update_count 53977.0 / fps 12.3
add_video needs package moviepy
add_video needs package moviepy
[262708] 
Start evaluation.
[262708] eval_return 4166.0 / eval_length 1445.6 / eval_episodes 5.0
add_video needs package moviepy
Start training.
[262708] model_loss 15.8 / model_grad_norm 27.5 / image_loss 5.3 / reward_loss 0.1 / cont_loss 0.0 / kl_free 1.0 / dyn_scale 0.5 / rep_scale 0.1 / dyn_loss 17.3 / rep_loss 17.3 / kl 17.3 / prior_abs_ent 32.7 / post_abs_ent -27.3 / prior_obs_ent 9.0 / post_obs_ent -6.6 / boundary_ratio 0.0 / kl_mask 0.0 / normed_target_mean 0.6 / normed_target_std 0.3 / normed_target_min -0.1 / normed_target_max 1.1 / EMA_005 96.4 / EMA_095 1221.0 / value_mean 811.6 / value_std 355.1 / value_min 15.5 / value_max 1344.0 / target_mean 813.3 / target_std 355.8 / target_min 18.7 / target_max 1357.3 / imag_reward_mean 2.1 / imag_reward_std 5.0 / imag_reward_min -0.0 / imag_reward_max 30.5 / imag_action_mean 7.6 / imag_action_std 4.0 / imag_action_min 0.0 / imag_action_max 17.0 / actor_entropy 0.3 / actor_loss 0.4 / actor_grad_norm 7.9 / value_loss 1.2 / value_grad_norm 1.4 / update_count 54133.0 / fps 12.0
add_video needs package moviepy
add_video needs package moviepy
[263332] 
Start evaluation.
[263332] eval_return 4396.0 / eval_length 1513.2 / eval_episodes 5.0
add_video needs package moviepy
Start training.
[263332] model_loss 15.8 / model_grad_norm 27.3 / image_loss 5.3 / reward_loss 0.1 / cont_loss 0.0 / kl_free 1.0 / dyn_scale 0.5 / rep_scale 0.1 / dyn_loss 17.4 / rep_loss 17.4 / kl 17.4 / prior_abs_ent 32.6 / post_abs_ent -27.3 / prior_obs_ent 8.5 / post_obs_ent -7.2 / boundary_ratio 0.0 / kl_mask 0.0 / normed_target_mean 0.6 / normed_target_std 0.3 / normed_target_min -0.1 / normed_target_max 1.1 / EMA_005 94.4 / EMA_095 1225.9 / value_mean 816.7 / value_std 358.5 / value_min 18.8 / value_max 1344.9 / target_mean 818.6 / target_std 359.6 / target_min 21.9 / target_max 1358.4 / imag_reward_mean 2.2 / imag_reward_std 5.0 / imag_reward_min -0.0 / imag_reward_max 33.1 / imag_action_mean 7.5 / imag_action_std 4.0 / imag_action_min 0.0 / imag_action_max 17.0 / actor_entropy 0.3 / actor_loss 0.3 / actor_grad_norm 7.8 / value_loss 1.2 / value_grad_norm 1.4 / update_count 54289.0 / fps 11.9
add_video needs package moviepy
add_video needs package moviepy
[263956] 
Start evaluation.
[263956] eval_return 4136.0 / eval_length 1428.6 / eval_episodes 5.0
add_video needs package moviepy
Start training.
[263956] model_loss 15.9 / model_grad_norm 26.2 / image_loss 5.3 / reward_loss 0.1 / cont_loss 0.0 / kl_free 1.0 / dyn_scale 0.5 / rep_scale 0.1 / dyn_loss 17.4 / rep_loss 17.4 / kl 17.4 / prior_abs_ent 32.5 / post_abs_ent -27.4 / prior_obs_ent 8.4 / post_obs_ent -7.4 / boundary_ratio 0.0 / kl_mask 0.0 / normed_target_mean 0.6 / normed_target_std 0.3 / normed_target_min -0.1 / normed_target_max 1.1 / EMA_005 103.3 / EMA_095 1228.6 / value_mean 824.3 / value_std 353.8 / value_min 20.2 / value_max 1340.0 / target_mean 825.8 / target_std 354.6 / target_min 21.5 / target_max 1353.6 / imag_reward_mean 2.2 / imag_reward_std 5.1 / imag_reward_min -0.0 / imag_reward_max 30.1 / imag_action_mean 7.5 / imag_action_std 4.0 / imag_action_min 0.0 / imag_action_max 17.0 / actor_entropy 0.3 / actor_loss 0.3 / actor_grad_norm 7.9 / value_loss 1.2 / value_grad_norm 1.3 / update_count 54445.0 / fps 12.0
add_video needs package moviepy
add_video needs package moviepy
[264580] 
Start evaluation.
[264580] eval_return 4058.0 / eval_length 1470.8 / eval_episodes 5.0
add_video needs package moviepy
Start training.
[264580] model_loss 16.6 / model_grad_norm 43.4 / image_loss 5.8 / reward_loss 0.1 / cont_loss 0.0 / kl_free 1.0 / dyn_scale 0.5 / rep_scale 0.1 / dyn_loss 17.9 / rep_loss 17.9 / kl 17.9 / prior_abs_ent 32.9 / post_abs_ent -27.5 / prior_obs_ent 10.4 / post_obs_ent -5.7 / boundary_ratio 0.0 / kl_mask 0.0 / normed_target_mean 0.6 / normed_target_std 0.3 / normed_target_min -0.1 / normed_target_max 1.1 / EMA_005 97.4 / EMA_095 1225.9 / value_mean 806.7 / value_std 356.4 / value_min 13.4 / value_max 1338.0 / target_mean 808.1 / target_std 357.2 / target_min 13.2 / target_max 1348.8 / imag_reward_mean 2.2 / imag_reward_std 5.0 / imag_reward_min -0.0 / imag_reward_max 31.2 / imag_action_mean 7.5 / imag_action_std 4.0 / imag_action_min 0.0 / imag_action_max 17.0 / actor_entropy 0.3 / actor_loss 0.2 / actor_grad_norm 8.3 / value_loss 1.3 / value_grad_norm 1.4 / update_count 54601.0 / fps 12.0
add_video needs package moviepy
add_video needs package moviepy
[264616] dataset_size 66154.0 / train_return 4700.0 / train_length 1476.0 / train_episodes 48.0
[265204] 
Start evaluation.
[265204] eval_return 4384.0 / eval_length 1386.2 / eval_episodes 5.0
add_video needs package moviepy
Start training.
[265204] model_loss 15.7 / model_grad_norm 25.8 / image_loss 5.3 / reward_loss 0.1 / cont_loss 0.0 / kl_free 1.0 / dyn_scale 0.5 / rep_scale 0.1 / dyn_loss 17.2 / rep_loss 17.2 / kl 17.2 / prior_abs_ent 32.1 / post_abs_ent -27.5 / prior_obs_ent 8.3 / post_obs_ent -7.3 / boundary_ratio 0.0 / kl_mask 0.0 / normed_target_mean 0.6 / normed_target_std 0.3 / normed_target_min -0.1 / normed_target_max 1.1 / EMA_005 92.3 / EMA_095 1225.4 / value_mean 816.3 / value_std 361.0 / value_min 13.9 / value_max 1344.3 / target_mean 818.2 / target_std 361.8 / target_min 17.3 / target_max 1353.4 / imag_reward_mean 2.3 / imag_reward_std 5.2 / imag_reward_min -0.0 / imag_reward_max 30.5 / imag_action_mean 7.5 / imag_action_std 4.0 / imag_action_min 0.0 / imag_action_max 17.0 / actor_entropy 0.3 / actor_loss 0.4 / actor_grad_norm 7.8 / value_loss 1.2 / value_grad_norm 1.2 / update_count 54757.0 / fps 12.2
add_video needs package moviepy
add_video needs package moviepy
[265828] 
Start evaluation.
[265828] eval_return 4528.0 / eval_length 1434.2 / eval_episodes 5.0
add_video needs package moviepy
Start training.
[265828] model_loss 15.7 / model_grad_norm 27.3 / image_loss 5.2 / reward_loss 0.1 / cont_loss 0.0 / kl_free 1.0 / dyn_scale 0.5 / rep_scale 0.1 / dyn_loss 17.3 / rep_loss 17.3 / kl 17.3 / prior_abs_ent 32.0 / post_abs_ent -27.5 / prior_obs_ent 8.2 / post_obs_ent -7.5 / boundary_ratio 0.0 / kl_mask 0.0 / normed_target_mean 0.6 / normed_target_std 0.3 / normed_target_min -0.1 / normed_target_max 1.1 / EMA_005 100.7 / EMA_095 1227.3 / value_mean 816.8 / value_std 353.9 / value_min 18.6 / value_max 1343.1 / target_mean 818.9 / target_std 354.8 / target_min 16.6 / target_max 1354.2 / imag_reward_mean 2.2 / imag_reward_std 5.0 / imag_reward_min -0.0 / imag_reward_max 25.1 / imag_action_mean 7.4 / imag_action_std 4.0 / imag_action_min 0.0 / imag_action_max 17.0 / actor_entropy 0.3 / actor_loss 0.4 / actor_grad_norm 7.6 / value_loss 1.2 / value_grad_norm 1.3 / update_count 54913.0 / fps 12.1
add_video needs package moviepy
add_video needs package moviepy
[266452] 
Start evaluation.
[266452] eval_return 4326.0 / eval_length 1436.0 / eval_episodes 5.0
add_video needs package moviepy
Start training.
[266452] model_loss 15.9 / model_grad_norm 27.0 / image_loss 5.4 / reward_loss 0.1 / cont_loss 0.0 / kl_free 1.0 / dyn_scale 0.5 / rep_scale 0.1 / dyn_loss 17.3 / rep_loss 17.3 / kl 17.3 / prior_abs_ent 32.5 / post_abs_ent -27.4 / prior_obs_ent 8.5 / post_obs_ent -7.1 / boundary_ratio 0.0 / kl_mask 0.0 / normed_target_mean 0.6 / normed_target_std 0.3 / normed_target_min -0.1 / normed_target_max 1.1 / EMA_005 104.6 / EMA_095 1229.4 / value_mean 816.0 / value_std 355.8 / value_min 21.4 / value_max 1348.2 / target_mean 818.3 / target_std 356.5 / target_min 26.1 / target_max 1361.1 / imag_reward_mean 2.2 / imag_reward_std 5.1 / imag_reward_min -0.0 / imag_reward_max 27.5 / imag_action_mean 7.5 / imag_action_std 3.9 / imag_action_min 0.0 / imag_action_max 17.0 / actor_entropy 0.3 / actor_loss 0.5 / actor_grad_norm 7.8 / value_loss 1.2 / value_grad_norm 1.3 / update_count 55069.0 / fps 12.0
add_video needs package moviepy
add_video needs package moviepy
[267076] 
Start evaluation.
[267076] eval_return 4216.0 / eval_length 1429.4 / eval_episodes 5.0
add_video needs package moviepy
Start training.
[267076] model_loss 15.8 / model_grad_norm 27.6 / image_loss 5.3 / reward_loss 0.1 / cont_loss 0.0 / kl_free 1.0 / dyn_scale 0.5 / rep_scale 0.1 / dyn_loss 17.3 / rep_loss 17.3 / kl 17.3 / prior_abs_ent 32.1 / post_abs_ent -27.4 / prior_obs_ent 8.4 / post_obs_ent -7.2 / boundary_ratio 0.0 / kl_mask 0.0 / normed_target_mean 0.6 / normed_target_std 0.3 / normed_target_min -0.1 / normed_target_max 1.1 / EMA_005 95.8 / EMA_095 1230.4 / value_mean 818.4 / value_std 357.8 / value_min 23.4 / value_max 1348.8 / target_mean 820.6 / target_std 358.7 / target_min 25.8 / target_max 1363.9 / imag_reward_mean 2.2 / imag_reward_std 5.1 / imag_reward_min -0.0 / imag_reward_max 28.7 / imag_action_mean 7.5 / imag_action_std 3.9 / imag_action_min 0.0 / imag_action_max 17.0 / actor_entropy 0.3 / actor_loss 0.5 / actor_grad_norm 7.5 / value_loss 1.2 / value_grad_norm 1.3 / update_count 55225.0 / fps 12.0
add_video needs package moviepy
add_video needs package moviepy
[267700] 
Start evaluation.
[267700] eval_return 4368.0 / eval_length 1446.4 / eval_episodes 5.0
add_video needs package moviepy
Start training.
[267700] model_loss 15.9 / model_grad_norm 27.0 / image_loss 5.4 / reward_loss 0.1 / cont_loss 0.0 / kl_free 1.0 / dyn_scale 0.5 / rep_scale 0.1 / dyn_loss 17.4 / rep_loss 17.4 / kl 17.4 / prior_abs_ent 32.5 / post_abs_ent -27.4 / prior_obs_ent 8.6 / post_obs_ent -7.1 / boundary_ratio 0.0 / kl_mask 0.0 / normed_target_mean 0.6 / normed_target_std 0.3 / normed_target_min -0.1 / normed_target_max 1.1 / EMA_005 92.4 / EMA_095 1231.2 / value_mean 821.5 / value_std 353.0 / value_min 18.1 / value_max 1348.5 / target_mean 823.4 / target_std 353.8 / target_min 20.6 / target_max 1361.2 / imag_reward_mean 2.2 / imag_reward_std 5.2 / imag_reward_min -0.0 / imag_reward_max 33.4 / imag_action_mean 7.5 / imag_action_std 4.0 / imag_action_min 0.0 / imag_action_max 17.0 / actor_entropy 0.3 / actor_loss 0.4 / actor_grad_norm 7.7 / value_loss 1.2 / value_grad_norm 1.4 / update_count 55381.0 / fps 12.0
add_video needs package moviepy
add_video needs package moviepy
[268324] 
Start evaluation.
[268324] eval_return 4494.0 / eval_length 1435.0 / eval_episodes 5.0
add_video needs package moviepy
Start training.
[268324] model_loss 15.8 / model_grad_norm 28.2 / image_loss 5.3 / reward_loss 0.1 / cont_loss 0.0 / kl_free 1.0 / dyn_scale 0.5 / rep_scale 0.1 / dyn_loss 17.3 / rep_loss 17.3 / kl 17.3 / prior_abs_ent 32.2 / post_abs_ent -27.4 / prior_obs_ent 8.2 / post_obs_ent -7.5 / boundary_ratio 0.0 / kl_mask 0.0 / normed_target_mean 0.7 / normed_target_std 0.3 / normed_target_min -0.1 / normed_target_max 1.1 / EMA_005 95.2 / EMA_095 1229.6 / value_mean 833.4 / value_std 348.9 / value_min 22.0 / value_max 1349.1 / target_mean 834.9 / target_std 349.7 / target_min 24.5 / target_max 1361.6 / imag_reward_mean 2.2 / imag_reward_std 5.1 / imag_reward_min -0.0 / imag_reward_max 27.0 / imag_action_mean 7.6 / imag_action_std 3.9 / imag_action_min 0.0 / imag_action_max 17.0 / actor_entropy 0.3 / actor_loss 0.2 / actor_grad_norm 7.7 / value_loss 1.2 / value_grad_norm 1.3 / update_count 55537.0 / fps 12.1
add_video needs package moviepy
add_video needs package moviepy
[268948] 
Start evaluation.
[268948] eval_return 4422.0 / eval_length 1436.8 / eval_episodes 5.0
add_video needs package moviepy
Start training.
[268948] model_loss 15.9 / model_grad_norm 27.4 / image_loss 5.3 / reward_loss 0.1 / cont_loss 0.0 / kl_free 1.0 / dyn_scale 0.5 / rep_scale 0.1 / dyn_loss 17.4 / rep_loss 17.4 / kl 17.4 / prior_abs_ent 32.2 / post_abs_ent -27.4 / prior_obs_ent 8.0 / post_obs_ent -7.7 / boundary_ratio 0.0 / kl_mask 0.0 / normed_target_mean 0.6 / normed_target_std 0.3 / normed_target_min -0.1 / normed_target_max 1.1 / EMA_005 101.7 / EMA_095 1232.4 / value_mean 833.2 / value_std 348.9 / value_min 18.0 / value_max 1349.3 / target_mean 834.8 / target_std 350.0 / target_min 19.8 / target_max 1364.1 / imag_reward_mean 2.3 / imag_reward_std 5.1 / imag_reward_min -0.0 / imag_reward_max 24.9 / imag_action_mean 7.7 / imag_action_std 3.9 / imag_action_min 0.0 / imag_action_max 17.0 / actor_entropy 0.3 / actor_loss 0.3 / actor_grad_norm 8.1 / value_loss 1.2 / value_grad_norm 1.3 / update_count 55693.0 / fps 12.0
add_video needs package moviepy
add_video needs package moviepy
[269572] 
Start evaluation.
[269572] eval_return 3900.0 / eval_length 1395.4 / eval_episodes 5.0
add_video needs package moviepy
Start training.
[269572] model_loss 15.7 / model_grad_norm 26.5 / image_loss 5.2 / reward_loss 0.1 / cont_loss 0.0 / kl_free 1.0 / dyn_scale 0.5 / rep_scale 0.1 / dyn_loss 17.3 / rep_loss 17.3 / kl 17.3 / prior_abs_ent 32.4 / post_abs_ent -27.4 / prior_obs_ent 8.3 / post_obs_ent -7.3 / boundary_ratio 0.0 / kl_mask 0.0 / normed_target_mean 0.6 / normed_target_std 0.3 / normed_target_min -0.1 / normed_target_max 1.1 / EMA_005 97.9 / EMA_095 1234.0 / value_mean 824.0 / value_std 359.7 / value_min 12.0 / value_max 1352.7 / target_mean 825.8 / target_std 360.4 / target_min 13.3 / target_max 1367.0 / imag_reward_mean 2.2 / imag_reward_std 5.2 / imag_reward_min -0.0 / imag_reward_max 33.1 / imag_action_mean 7.7 / imag_action_std 3.9 / imag_action_min 0.0 / imag_action_max 17.0 / actor_entropy 0.3 / actor_loss 0.3 / actor_grad_norm 7.9 / value_loss 1.2 / value_grad_norm 1.3 / update_count 55849.0 / fps 12.1
add_video needs package moviepy
add_video needs package moviepy
[270196] 
Start evaluation.
[270196] eval_return 4360.0 / eval_length 1390.8 / eval_episodes 5.0
add_video needs package moviepy
Start training.
[270196] model_loss 16.1 / model_grad_norm 36.7 / image_loss 5.4 / reward_loss 0.1 / cont_loss 0.0 / kl_free 1.0 / dyn_scale 0.5 / rep_scale 0.1 / dyn_loss 17.6 / rep_loss 17.6 / kl 17.6 / prior_abs_ent 32.5 / post_abs_ent -27.4 / prior_obs_ent 9.6 / post_obs_ent -6.3 / boundary_ratio 0.0 / kl_mask 0.0 / normed_target_mean 0.6 / normed_target_std 0.3 / normed_target_min -0.1 / normed_target_max 1.1 / EMA_005 88.5 / EMA_095 1233.3 / value_mean 815.0 / value_std 362.5 / value_min 18.5 / value_max 1350.0 / target_mean 816.5 / target_std 363.0 / target_min 20.9 / target_max 1363.7 / imag_reward_mean 2.2 / imag_reward_std 4.9 / imag_reward_min -0.0 / imag_reward_max 21.1 / imag_action_mean 7.5 / imag_action_std 3.9 / imag_action_min 0.0 / imag_action_max 17.0 / actor_entropy 0.3 / actor_loss 0.3 / actor_grad_norm 7.9 / value_loss 1.3 / value_grad_norm 1.8 / update_count 56005.0 / fps 12.3
add_video needs package moviepy
add_video needs package moviepy
[270460] dataset_size 67615.0 / train_return 4110.0 / train_length 1461.0 / train_episodes 49.0
[270820] 
Start evaluation.
[270820] eval_return 4298.0 / eval_length 1347.2 / eval_episodes 5.0
add_video needs package moviepy
Start training.
[270820] model_loss 15.6 / model_grad_norm 26.2 / image_loss 5.2 / reward_loss 0.1 / cont_loss 0.0 / kl_free 1.0 / dyn_scale 0.5 / rep_scale 0.1 / dyn_loss 17.2 / rep_loss 17.2 / kl 17.2 / prior_abs_ent 32.5 / post_abs_ent -27.3 / prior_obs_ent 8.0 / post_obs_ent -7.5 / boundary_ratio 0.0 / kl_mask 0.0 / normed_target_mean 0.6 / normed_target_std 0.3 / normed_target_min -0.1 / normed_target_max 1.1 / EMA_005 89.8 / EMA_095 1230.3 / value_mean 818.7 / value_std 366.8 / value_min 15.4 / value_max 1347.4 / target_mean 820.1 / target_std 367.5 / target_min 16.4 / target_max 1362.0 / imag_reward_mean 2.2 / imag_reward_std 5.2 / imag_reward_min -0.0 / imag_reward_max 39.0 / imag_action_mean 7.5 / imag_action_std 3.9 / imag_action_min 0.0 / imag_action_max 17.0 / actor_entropy 0.3 / actor_loss 0.2 / actor_grad_norm 7.5 / value_loss 1.3 / value_grad_norm 1.3 / update_count 56161.0 / fps 12.2
add_video needs package moviepy
add_video needs package moviepy
[271444] 
Start evaluation.
[271444] eval_return 3832.0 / eval_length 1357.6 / eval_episodes 5.0
add_video needs package moviepy
Start training.
[271444] model_loss 15.9 / model_grad_norm 29.3 / image_loss 5.3 / reward_loss 0.1 / cont_loss 0.0 / kl_free 1.0 / dyn_scale 0.5 / rep_scale 0.1 / dyn_loss 17.4 / rep_loss 17.4 / kl 17.4 / prior_abs_ent 32.8 / post_abs_ent -27.3 / prior_obs_ent 8.5 / post_obs_ent -7.3 / boundary_ratio 0.0 / kl_mask 0.0 / normed_target_mean 0.6 / normed_target_std 0.3 / normed_target_min -0.1 / normed_target_max 1.1 / EMA_005 90.7 / EMA_095 1234.5 / value_mean 821.4 / value_std 359.3 / value_min 18.6 / value_max 1358.5 / target_mean 823.3 / target_std 360.0 / target_min 20.3 / target_max 1374.2 / imag_reward_mean 2.2 / imag_reward_std 5.0 / imag_reward_min -0.0 / imag_reward_max 24.0 / imag_action_mean 7.5 / imag_action_std 3.9 / imag_action_min 0.0 / imag_action_max 17.0 / actor_entropy 0.3 / actor_loss 0.5 / actor_grad_norm 7.8 / value_loss 1.2 / value_grad_norm 1.3 / update_count 56317.0 / fps 12.3
add_video needs package moviepy
add_video needs package moviepy
[272068] 
Start evaluation.
[272068] eval_return 4290.0 / eval_length 1452.8 / eval_episodes 5.0
add_video needs package moviepy
Start training.
[272068] model_loss 15.7 / model_grad_norm 26.4 / image_loss 5.3 / reward_loss 0.1 / cont_loss 0.0 / kl_free 1.0 / dyn_scale 0.5 / rep_scale 0.1 / dyn_loss 17.3 / rep_loss 17.3 / kl 17.3 / prior_abs_ent 32.5 / post_abs_ent -27.4 / prior_obs_ent 7.8 / post_obs_ent -7.7 / boundary_ratio 0.0 / kl_mask 0.0 / normed_target_mean 0.6 / normed_target_std 0.3 / normed_target_min -0.1 / normed_target_max 1.1 / EMA_005 94.9 / EMA_095 1235.6 / value_mean 823.3 / value_std 361.6 / value_min 23.2 / value_max 1354.8 / target_mean 825.1 / target_std 362.5 / target_min 26.9 / target_max 1370.3 / imag_reward_mean 2.2 / imag_reward_std 5.0 / imag_reward_min -0.0 / imag_reward_max 27.1 / imag_action_mean 7.5 / imag_action_std 3.9 / imag_action_min 0.0 / imag_action_max 17.0 / actor_entropy 0.3 / actor_loss 0.4 / actor_grad_norm 8.1 / value_loss 1.2 / value_grad_norm 1.3 / update_count 56473.0 / fps 12.1
add_video needs package moviepy
add_video needs package moviepy
[272692] 
Start evaluation.
[272692] eval_return 4136.0 / eval_length 1349.6 / eval_episodes 5.0
add_video needs package moviepy
Start training.
[272692] model_loss 15.9 / model_grad_norm 31.6 / image_loss 5.3 / reward_loss 0.1 / cont_loss 0.0 / kl_free 1.0 / dyn_scale 0.5 / rep_scale 0.1 / dyn_loss 17.6 / rep_loss 17.6 / kl 17.6 / prior_abs_ent 32.6 / post_abs_ent -27.4 / prior_obs_ent 8.4 / post_obs_ent -7.5 / boundary_ratio 0.0 / kl_mask 0.0 / normed_target_mean 0.7 / normed_target_std 0.3 / normed_target_min -0.1 / normed_target_max 1.1 / EMA_005 101.7 / EMA_095 1234.9 / value_mean 840.8 / value_std 352.9 / value_min 29.5 / value_max 1350.9 / target_mean 842.6 / target_std 353.6 / target_min 30.7 / target_max 1367.6 / imag_reward_mean 2.3 / imag_reward_std 5.2 / imag_reward_min -0.0 / imag_reward_max 30.1 / imag_action_mean 7.5 / imag_action_std 3.9 / imag_action_min 0.0 / imag_action_max 17.0 / actor_entropy 0.3 / actor_loss 0.4 / actor_grad_norm 8.3 / value_loss 1.2 / value_grad_norm 1.4 / update_count 56629.0 / fps 12.3
add_video needs package moviepy
add_video needs package moviepy
[273316] 
Start evaluation.
[273316] eval_return 3702.0 / eval_length 1369.2 / eval_episodes 5.0
add_video needs package moviepy
Start training.
[273316] model_loss 16.8 / model_grad_norm 51.3 / image_loss 5.8 / reward_loss 0.1 / cont_loss 0.0 / kl_free 1.0 / dyn_scale 0.5 / rep_scale 0.1 / dyn_loss 18.1 / rep_loss 18.1 / kl 18.1 / prior_abs_ent 32.8 / post_abs_ent -27.5 / prior_obs_ent 10.3 / post_obs_ent -5.9 / boundary_ratio 0.0 / kl_mask 0.0 / normed_target_mean 0.6 / normed_target_std 0.3 / normed_target_min -0.1 / normed_target_max 1.1 / EMA_005 96.7 / EMA_095 1238.6 / value_mean 834.9 / value_std 358.8 / value_min 15.1 / value_max 1358.3 / target_mean 836.3 / target_std 359.6 / target_min 17.0 / target_max 1374.0 / imag_reward_mean 2.2 / imag_reward_std 5.0 / imag_reward_min -0.0 / imag_reward_max 21.4 / imag_action_mean 7.6 / imag_action_std 4.0 / imag_action_min 0.0 / imag_action_max 17.0 / actor_entropy 0.3 / actor_loss 0.2 / actor_grad_norm 8.3 / value_loss 1.2 / value_grad_norm 1.3 / update_count 56785.0 / fps 12.2
add_video needs package moviepy
add_video needs package moviepy
[273940] 
Start evaluation.
[273940] eval_return 3958.0 / eval_length 1358.6 / eval_episodes 5.0
add_video needs package moviepy
Start training.
[273940] model_loss 15.8 / model_grad_norm 22.8 / image_loss 5.2 / reward_loss 0.1 / cont_loss 0.0 / kl_free 1.0 / dyn_scale 0.5 / rep_scale 0.1 / dyn_loss 17.4 / rep_loss 17.4 / kl 17.4 / prior_abs_ent 32.1 / post_abs_ent -27.5 / prior_obs_ent 8.5 / post_obs_ent -7.3 / boundary_ratio 0.0 / kl_mask 0.0 / normed_target_mean 0.6 / normed_target_std 0.3 / normed_target_min -0.1 / normed_target_max 1.1 / EMA_005 94.1 / EMA_095 1238.8 / value_mean 833.2 / value_std 351.7 / value_min 24.4 / value_max 1360.5 / target_mean 834.9 / target_std 352.5 / target_min 28.9 / target_max 1375.9 / imag_reward_mean 2.3 / imag_reward_std 5.0 / imag_reward_min -0.0 / imag_reward_max 21.0 / imag_action_mean 7.6 / imag_action_std 4.0 / imag_action_min 0.0 / imag_action_max 17.0 / actor_entropy 0.3 / actor_loss 0.3 / actor_grad_norm 8.3 / value_loss 1.2 / value_grad_norm 1.2 / update_count 56941.0 / fps 12.3
add_video needs package moviepy
add_video needs package moviepy
[274564] 
Start evaluation.
[274564] eval_return 3848.0 / eval_length 1264.4 / eval_episodes 5.0
add_video needs package moviepy
Start training.
[274564] model_loss 15.9 / model_grad_norm 24.7 / image_loss 5.3 / reward_loss 0.1 / cont_loss 0.0 / kl_free 1.0 / dyn_scale 0.5 / rep_scale 0.1 / dyn_loss 17.5 / rep_loss 17.5 / kl 17.5 / prior_abs_ent 32.2 / post_abs_ent -27.6 / prior_obs_ent 8.0 / post_obs_ent -7.9 / boundary_ratio 0.0 / kl_mask 0.0 / normed_target_mean 0.6 / normed_target_std 0.3 / normed_target_min -0.1 / normed_target_max 1.1 / EMA_005 116.7 / EMA_095 1238.5 / value_mean 843.9 / value_std 347.9 / value_min 27.4 / value_max 1352.0 / target_mean 845.8 / target_std 348.9 / target_min 28.8 / target_max 1369.2 / imag_reward_mean 2.3 / imag_reward_std 5.1 / imag_reward_min -0.0 / imag_reward_max 23.8 / imag_action_mean 7.6 / imag_action_std 4.0 / imag_action_min 0.0 / imag_action_max 17.0 / actor_entropy 0.3 / actor_loss 0.4 / actor_grad_norm 8.1 / value_loss 1.2 / value_grad_norm 1.2 / update_count 57097.0 / fps 12.4
add_video needs package moviepy
add_video needs package moviepy
[275188] 
Start evaluation.
[275188] eval_return 3564.0 / eval_length 1350.6 / eval_episodes 5.0
add_video needs package moviepy
Start training.
[275188] model_loss 15.8 / model_grad_norm 25.8 / image_loss 5.3 / reward_loss 0.1 / cont_loss 0.0 / kl_free 1.0 / dyn_scale 0.5 / rep_scale 0.1 / dyn_loss 17.4 / rep_loss 17.4 / kl 17.4 / prior_abs_ent 32.6 / post_abs_ent -27.5 / prior_obs_ent 8.0 / post_obs_ent -7.7 / boundary_ratio 0.0 / kl_mask 0.0 / normed_target_mean 0.6 / normed_target_std 0.3 / normed_target_min -0.1 / normed_target_max 1.1 / EMA_005 104.5 / EMA_095 1237.9 / value_mean 834.2 / value_std 354.5 / value_min 15.3 / value_max 1354.7 / target_mean 835.8 / target_std 355.2 / target_min 19.4 / target_max 1369.3 / imag_reward_mean 2.2 / imag_reward_std 5.3 / imag_reward_min -0.0 / imag_reward_max 45.4 / imag_action_mean 7.6 / imag_action_std 4.0 / imag_action_min 0.0 / imag_action_max 17.0 / actor_entropy 0.3 / actor_loss 0.4 / actor_grad_norm 7.9 / value_loss 1.2 / value_grad_norm 1.3 / update_count 57253.0 / fps 12.3
add_video needs package moviepy
add_video needs package moviepy
[275680] dataset_size 68920.0 / train_return 3550.0 / train_length 1305.0 / train_episodes 50.0
[275812] 
Start evaluation.
[275812] eval_return 3730.0 / eval_length 1345.2 / eval_episodes 5.0
add_video needs package moviepy
Start training.
[275812] model_loss 15.8 / model_grad_norm 26.7 / image_loss 5.3 / reward_loss 0.1 / cont_loss 0.0 / kl_free 1.0 / dyn_scale 0.5 / rep_scale 0.1 / dyn_loss 17.3 / rep_loss 17.3 / kl 17.3 / prior_abs_ent 32.6 / post_abs_ent -27.5 / prior_obs_ent 8.0 / post_obs_ent -7.7 / boundary_ratio 0.0 / kl_mask 0.0 / normed_target_mean 0.6 / normed_target_std 0.3 / normed_target_min -0.1 / normed_target_max 1.1 / EMA_005 99.8 / EMA_095 1237.1 / value_mean 829.2 / value_std 353.8 / value_min 16.4 / value_max 1349.4 / target_mean 830.9 / target_std 354.6 / target_min 21.1 / target_max 1367.3 / imag_reward_mean 2.2 / imag_reward_std 5.0 / imag_reward_min -0.0 / imag_reward_max 27.2 / imag_action_mean 7.6 / imag_action_std 3.9 / imag_action_min 0.0 / imag_action_max 17.0 / actor_entropy 0.3 / actor_loss 0.4 / actor_grad_norm 8.0 / value_loss 1.2 / value_grad_norm 1.2 / update_count 57409.0 / fps 12.3
add_video needs package moviepy
add_video needs package moviepy
[276436] 
Start evaluation.
[276436] eval_return 4040.0 / eval_length 1421.6 / eval_episodes 5.0
add_video needs package moviepy
Start training.
[276436] model_loss 15.9 / model_grad_norm 24.7 / image_loss 5.3 / reward_loss 0.1 / cont_loss 0.0 / kl_free 1.0 / dyn_scale 0.5 / rep_scale 0.1 / dyn_loss 17.5 / rep_loss 17.5 / kl 17.5 / prior_abs_ent 32.3 / post_abs_ent -27.5 / prior_obs_ent 7.7 / post_obs_ent -8.2 / boundary_ratio 0.0 / kl_mask 0.0 / normed_target_mean 0.7 / normed_target_std 0.3 / normed_target_min -0.1 / normed_target_max 1.1 / EMA_005 107.1 / EMA_095 1238.7 / value_mean 843.8 / value_std 347.7 / value_min 22.1 / value_max 1354.2 / target_mean 845.7 / target_std 348.3 / target_min 27.1 / target_max 1374.1 / imag_reward_mean 2.3 / imag_reward_std 5.1 / imag_reward_min -0.0 / imag_reward_max 27.1 / imag_action_mean 7.6 / imag_action_std 4.0 / imag_action_min 0.0 / imag_action_max 17.0 / actor_entropy 0.3 / actor_loss 0.4 / actor_grad_norm 8.2 / value_loss 1.3 / value_grad_norm 1.4 / update_count 57565.0 / fps 12.2
add_video needs package moviepy
add_video needs package moviepy
[277060] 
Start evaluation.
[277060] eval_return 4648.0 / eval_length 1429.4 / eval_episodes 5.0
add_video needs package moviepy
Start training.
[277060] model_loss 15.8 / model_grad_norm 28.6 / image_loss 5.3 / reward_loss 0.1 / cont_loss 0.0 / kl_free 1.0 / dyn_scale 0.5 / rep_scale 0.1 / dyn_loss 17.4 / rep_loss 17.4 / kl 17.4 / prior_abs_ent 32.2 / post_abs_ent -27.5 / prior_obs_ent 7.7 / post_obs_ent -8.0 / boundary_ratio 0.0 / kl_mask 0.0 / normed_target_mean 0.6 / normed_target_std 0.3 / normed_target_min -0.1 / normed_target_max 1.1 / EMA_005 119.9 / EMA_095 1241.1 / value_mean 829.2 / value_std 356.1 / value_min 22.3 / value_max 1363.3 / target_mean 830.9 / target_std 357.0 / target_min 21.4 / target_max 1381.5 / imag_reward_mean 2.3 / imag_reward_std 5.1 / imag_reward_min -0.0 / imag_reward_max 27.3 / imag_action_mean 7.5 / imag_action_std 4.1 / imag_action_min 0.0 / imag_action_max 17.0 / actor_entropy 0.4 / actor_loss 0.4 / actor_grad_norm 8.1 / value_loss 1.3 / value_grad_norm 1.5 / update_count 57721.0 / fps 12.1
add_video needs package moviepy
add_video needs package moviepy
[277684] 
Start evaluation.
[277684] eval_return 4080.0 / eval_length 1434.8 / eval_episodes 5.0
add_video needs package moviepy
Start training.
[277684] model_loss 15.8 / model_grad_norm 29.0 / image_loss 5.3 / reward_loss 0.1 / cont_loss 0.0 / kl_free 1.0 / dyn_scale 0.5 / rep_scale 0.1 / dyn_loss 17.4 / rep_loss 17.4 / kl 17.4 / prior_abs_ent 32.5 / post_abs_ent -27.5 / prior_obs_ent 8.2 / post_obs_ent -7.5 / boundary_ratio 0.0 / kl_mask 0.0 / normed_target_mean 0.6 / normed_target_std 0.3 / normed_target_min -0.1 / normed_target_max 1.1 / EMA_005 94.7 / EMA_095 1245.3 / value_mean 823.8 / value_std 367.7 / value_min 14.0 / value_max 1359.9 / target_mean 825.7 / target_std 368.6 / target_min 14.6 / target_max 1377.8 / imag_reward_mean 2.2 / imag_reward_std 5.1 / imag_reward_min -0.0 / imag_reward_max 29.5 / imag_action_mean 7.6 / imag_action_std 4.1 / imag_action_min 0.0 / imag_action_max 17.0 / actor_entropy 0.4 / actor_loss 0.4 / actor_grad_norm 8.3 / value_loss 1.3 / value_grad_norm 1.4 / update_count 57877.0 / fps 12.2
add_video needs package moviepy
add_video needs package moviepy
[278308] 
Start evaluation.
[278308] eval_return 4044.0 / eval_length 1453.0 / eval_episodes 5.0
add_video needs package moviepy
Start training.
[278308] model_loss 15.8 / model_grad_norm 26.0 / image_loss 5.3 / reward_loss 0.1 / cont_loss 0.0 / kl_free 1.0 / dyn_scale 0.5 / rep_scale 0.1 / dyn_loss 17.4 / rep_loss 17.4 / kl 17.4 / prior_abs_ent 32.5 / post_abs_ent -27.4 / prior_obs_ent 7.8 / post_obs_ent -7.8 / boundary_ratio 0.0 / kl_mask 0.0 / normed_target_mean 0.6 / normed_target_std 0.3 / normed_target_min -0.1 / normed_target_max 1.1 / EMA_005 84.4 / EMA_095 1243.8 / value_mean 821.6 / value_std 365.1 / value_min 13.0 / value_max 1360.9 / target_mean 823.5 / target_std 365.8 / target_min 14.1 / target_max 1379.3 / imag_reward_mean 2.2 / imag_reward_std 5.0 / imag_reward_min -0.0 / imag_reward_max 27.0 / imag_action_mean 7.7 / imag_action_std 4.1 / imag_action_min 0.0 / imag_action_max 17.0 / actor_entropy 0.4 / actor_loss 0.4 / actor_grad_norm 8.1 / value_loss 1.3 / value_grad_norm 1.4 / update_count 58033.0 / fps 12.0
add_video needs package moviepy
add_video needs package moviepy
[278932] 
Start evaluation.
[278932] eval_return 4126.0 / eval_length 1397.2 / eval_episodes 5.0
add_video needs package moviepy
Start training.
[278932] model_loss 15.7 / model_grad_norm 30.0 / image_loss 5.2 / reward_loss 0.1 / cont_loss 0.0 / kl_free 1.0 / dyn_scale 0.5 / rep_scale 0.1 / dyn_loss 17.3 / rep_loss 17.3 / kl 17.3 / prior_abs_ent 32.4 / post_abs_ent -27.4 / prior_obs_ent 7.4 / post_obs_ent -8.2 / boundary_ratio 0.0 / kl_mask 0.0 / normed_target_mean 0.6 / normed_target_std 0.3 / normed_target_min -0.1 / normed_target_max 1.1 / EMA_005 82.3 / EMA_095 1246.5 / value_mean 831.5 / value_std 366.5 / value_min 15.8 / value_max 1363.3 / target_mean 833.3 / target_std 367.1 / target_min 18.5 / target_max 1382.6 / imag_reward_mean 2.2 / imag_reward_std 5.0 / imag_reward_min -0.0 / imag_reward_max 24.0 / imag_action_mean 7.8 / imag_action_std 4.1 / imag_action_min 0.0 / imag_action_max 17.0 / actor_entropy 0.4 / actor_loss 0.4 / actor_grad_norm 7.7 / value_loss 1.3 / value_grad_norm 1.4 / update_count 58189.0 / fps 12.2
add_video needs package moviepy
add_video needs package moviepy
[279556] 
Start evaluation.
[279556] eval_return 4336.0 / eval_length 1423.4 / eval_episodes 5.0
add_video needs package moviepy
Start training.
[279556] model_loss 15.9 / model_grad_norm 30.3 / image_loss 5.2 / reward_loss 0.1 / cont_loss 0.0 / kl_free 1.0 / dyn_scale 0.5 / rep_scale 0.1 / dyn_loss 17.5 / rep_loss 17.5 / kl 17.5 / prior_abs_ent 32.5 / post_abs_ent -27.4 / prior_obs_ent 7.6 / post_obs_ent -8.3 / boundary_ratio 0.0 / kl_mask 0.0 / normed_target_mean 0.6 / normed_target_std 0.3 / normed_target_min -0.1 / normed_target_max 1.1 / EMA_005 95.3 / EMA_095 1247.3 / value_mean 836.3 / value_std 357.5 / value_min 17.3 / value_max 1357.4 / target_mean 838.2 / target_std 358.3 / target_min 21.5 / target_max 1374.0 / imag_reward_mean 2.3 / imag_reward_std 5.1 / imag_reward_min -0.0 / imag_reward_max 30.1 / imag_action_mean 7.7 / imag_action_std 4.1 / imag_action_min 0.0 / imag_action_max 17.0 / actor_entropy 0.4 / actor_loss 0.5 / actor_grad_norm 7.8 / value_loss 1.3 / value_grad_norm 1.4 / update_count 58345.0 / fps 12.1
add_video needs package moviepy
add_video needs package moviepy
[280180] 
Start evaluation.
[280180] eval_return 3904.0 / eval_length 1357.0 / eval_episodes 5.0
add_video needs package moviepy
Start training.
[280180] model_loss 16.0 / model_grad_norm 28.3 / image_loss 5.3 / reward_loss 0.1 / cont_loss 0.0 / kl_free 1.0 / dyn_scale 0.5 / rep_scale 0.1 / dyn_loss 17.6 / rep_loss 17.6 / kl 17.6 / prior_abs_ent 32.8 / post_abs_ent -27.4 / prior_obs_ent 8.2 / post_obs_ent -7.7 / boundary_ratio 0.0 / kl_mask 0.0 / normed_target_mean 0.6 / normed_target_std 0.3 / normed_target_min -0.1 / normed_target_max 1.1 / EMA_005 96.9 / EMA_095 1241.6 / value_mean 827.5 / value_std 357.7 / value_min 15.1 / value_max 1359.4 / target_mean 829.4 / target_std 358.4 / target_min 17.7 / target_max 1375.7 / imag_reward_mean 2.2 / imag_reward_std 5.0 / imag_reward_min -0.0 / imag_reward_max 30.2 / imag_action_mean 7.8 / imag_action_std 4.1 / imag_action_min 0.0 / imag_action_max 17.0 / actor_entropy 0.4 / actor_loss 0.4 / actor_grad_norm 8.7 / value_loss 1.3 / value_grad_norm 1.5 / update_count 58501.0 / fps 12.3
add_video needs package moviepy
add_video needs package moviepy
[280804] 
Start evaluation.
[280804] eval_return 4044.0 / eval_length 1373.6 / eval_episodes 5.0
add_video needs package moviepy
Start training.
[280804] model_loss 15.7 / model_grad_norm 27.0 / image_loss 5.1 / reward_loss 0.1 / cont_loss 0.0 / kl_free 1.0 / dyn_scale 0.5 / rep_scale 0.1 / dyn_loss 17.4 / rep_loss 17.4 / kl 17.4 / prior_abs_ent 32.6 / post_abs_ent -27.4 / prior_obs_ent 8.0 / post_obs_ent -7.7 / boundary_ratio 0.0 / kl_mask 0.0 / normed_target_mean 0.6 / normed_target_std 0.3 / normed_target_min -0.1 / normed_target_max 1.1 / EMA_005 100.4 / EMA_095 1244.7 / value_mean 822.3 / value_std 369.0 / value_min 18.7 / value_max 1355.8 / target_mean 823.5 / target_std 369.6 / target_min 18.4 / target_max 1372.2 / imag_reward_mean 2.2 / imag_reward_std 5.0 / imag_reward_min -0.0 / imag_reward_max 26.6 / imag_action_mean 7.9 / imag_action_std 4.1 / imag_action_min 0.0 / imag_action_max 17.0 / actor_entropy 0.4 / actor_loss 0.2 / actor_grad_norm 8.0 / value_loss 1.3 / value_grad_norm 1.4 / update_count 58657.0 / fps 12.2
add_video needs package moviepy
add_video needs package moviepy
[281428] 
Start evaluation.
[281428] eval_return 4302.0 / eval_length 1398.6 / eval_episodes 5.0
add_video needs package moviepy
Start training.
[281428] model_loss 15.9 / model_grad_norm 29.4 / image_loss 5.3 / reward_loss 0.1 / cont_loss 0.0 / kl_free 1.0 / dyn_scale 0.5 / rep_scale 0.1 / dyn_loss 17.5 / rep_loss 17.5 / kl 17.5 / prior_abs_ent 32.7 / post_abs_ent -27.4 / prior_obs_ent 8.0 / post_obs_ent -7.8 / boundary_ratio 0.0 / kl_mask 0.0 / normed_target_mean 0.6 / normed_target_std 0.3 / normed_target_min -0.1 / normed_target_max 1.1 / EMA_005 113.9 / EMA_095 1245.8 / value_mean 840.0 / value_std 352.6 / value_min 23.7 / value_max 1358.6 / target_mean 841.8 / target_std 353.1 / target_min 28.1 / target_max 1376.5 / imag_reward_mean 2.2 / imag_reward_std 5.1 / imag_reward_min -0.0 / imag_reward_max 30.1 / imag_action_mean 8.0 / imag_action_std 4.2 / imag_action_min 0.0 / imag_action_max 17.0 / actor_entropy 0.4 / actor_loss 0.4 / actor_grad_norm 8.1 / value_loss 1.2 / value_grad_norm 1.3 / update_count 58813.0 / fps 12.2
add_video needs package moviepy
add_video needs package moviepy
[281568] dataset_size 70392.0 / train_return 3860.0 / train_length 1472.0 / train_episodes 51.0
[282052] 
Start evaluation.
[282052] eval_return 3980.0 / eval_length 1330.8 / eval_episodes 5.0
add_video needs package moviepy
Start training.
[282052] model_loss 16.0 / model_grad_norm 29.6 / image_loss 5.3 / reward_loss 0.1 / cont_loss 0.0 / kl_free 1.0 / dyn_scale 0.5 / rep_scale 0.1 / dyn_loss 17.6 / rep_loss 17.6 / kl 17.6 / prior_abs_ent 33.0 / post_abs_ent -27.4 / prior_obs_ent 8.1 / post_obs_ent -7.8 / boundary_ratio 0.0 / kl_mask 0.0 / normed_target_mean 0.6 / normed_target_std 0.3 / normed_target_min -0.1 / normed_target_max 1.1 / EMA_005 115.1 / EMA_095 1246.8 / value_mean 831.1 / value_std 357.0 / value_min 21.4 / value_max 1358.3 / target_mean 832.5 / target_std 357.5 / target_min 25.3 / target_max 1376.5 / imag_reward_mean 2.2 / imag_reward_std 5.1 / imag_reward_min -0.0 / imag_reward_max 33.6 / imag_action_mean 7.9 / imag_action_std 4.2 / imag_action_min 0.0 / imag_action_max 17.0 / actor_entropy 0.4 / actor_loss 0.2 / actor_grad_norm 8.0 / value_loss 1.2 / value_grad_norm 1.4 / update_count 58969.0 / fps 12.4
add_video needs package moviepy
add_video needs package moviepy
[282676] 
Start evaluation.
[282676] eval_return 4214.0 / eval_length 1381.0 / eval_episodes 5.0
add_video needs package moviepy
Start training.
[282676] model_loss 15.8 / model_grad_norm 25.9 / image_loss 5.3 / reward_loss 0.1 / cont_loss 0.0 / kl_free 1.0 / dyn_scale 0.5 / rep_scale 0.1 / dyn_loss 17.3 / rep_loss 17.3 / kl 17.3 / prior_abs_ent 32.8 / post_abs_ent -27.4 / prior_obs_ent 7.2 / post_obs_ent -8.4 / boundary_ratio 0.0 / kl_mask 0.0 / normed_target_mean 0.6 / normed_target_std 0.3 / normed_target_min -0.1 / normed_target_max 1.1 / EMA_005 109.2 / EMA_095 1241.4 / value_mean 829.9 / value_std 350.2 / value_min 27.0 / value_max 1351.3 / target_mean 831.3 / target_std 350.8 / target_min 27.2 / target_max 1368.1 / imag_reward_mean 2.2 / imag_reward_std 5.0 / imag_reward_min -0.0 / imag_reward_max 24.2 / imag_action_mean 7.9 / imag_action_std 4.2 / imag_action_min 0.0 / imag_action_max 17.0 / actor_entropy 0.4 / actor_loss 0.3 / actor_grad_norm 8.1 / value_loss 1.2 / value_grad_norm 1.2 / update_count 59125.0 / fps 12.1
add_video needs package moviepy
add_video needs package moviepy
[283300] 
Start evaluation.
[283300] eval_return 4376.0 / eval_length 1420.4 / eval_episodes 5.0
add_video needs package moviepy
Start training.
[283300] model_loss 16.0 / model_grad_norm 31.3 / image_loss 5.3 / reward_loss 0.1 / cont_loss 0.0 / kl_free 1.0 / dyn_scale 0.5 / rep_scale 0.1 / dyn_loss 17.6 / rep_loss 17.6 / kl 17.6 / prior_abs_ent 32.5 / post_abs_ent -27.5 / prior_obs_ent 7.9 / post_obs_ent -8.0 / boundary_ratio 0.0 / kl_mask 0.0 / normed_target_mean 0.6 / normed_target_std 0.3 / normed_target_min -0.1 / normed_target_max 1.1 / EMA_005 114.8 / EMA_095 1242.3 / value_mean 837.3 / value_std 347.1 / value_min 24.6 / value_max 1363.9 / target_mean 839.3 / target_std 348.1 / target_min 27.8 / target_max 1380.1 / imag_reward_mean 2.3 / imag_reward_std 5.3 / imag_reward_min -0.0 / imag_reward_max 40.0 / imag_action_mean 8.0 / imag_action_std 4.3 / imag_action_min 0.0 / imag_action_max 17.0 / actor_entropy 0.4 / actor_loss 0.4 / actor_grad_norm 8.2 / value_loss 1.2 / value_grad_norm 1.3 / update_count 59281.0 / fps 12.1
add_video needs package moviepy
add_video needs package moviepy
[283924] 
Start evaluation.
[283924] eval_return 4328.0 / eval_length 1387.4 / eval_episodes 5.0
add_video needs package moviepy
Start training.
[283924] model_loss 16.1 / model_grad_norm 31.2 / image_loss 5.4 / reward_loss 0.1 / cont_loss 0.0 / kl_free 1.0 / dyn_scale 0.5 / rep_scale 0.1 / dyn_loss 17.6 / rep_loss 17.6 / kl 17.6 / prior_abs_ent 32.9 / post_abs_ent -27.3 / prior_obs_ent 8.4 / post_obs_ent -7.5 / boundary_ratio 0.0 / kl_mask 0.0 / normed_target_mean 0.6 / normed_target_std 0.3 / normed_target_min -0.1 / normed_target_max 1.1 / EMA_005 104.5 / EMA_095 1249.3 / value_mean 835.6 / value_std 359.1 / value_min 12.9 / value_max 1364.4 / target_mean 836.9 / target_std 360.0 / target_min 15.0 / target_max 1385.1 / imag_reward_mean 2.3 / imag_reward_std 5.0 / imag_reward_min -0.0 / imag_reward_max 21.1 / imag_action_mean 8.0 / imag_action_std 4.2 / imag_action_min 0.0 / imag_action_max 17.0 / actor_entropy 0.4 / actor_loss 0.2 / actor_grad_norm 8.1 / value_loss 1.2 / value_grad_norm 1.3 / update_count 59437.0 / fps 12.1
add_video needs package moviepy
add_video needs package moviepy
[284548] 
Start evaluation.
[284548] eval_return 4252.0 / eval_length 1390.2 / eval_episodes 5.0
add_video needs package moviepy
Start training.
[284548] model_loss 16.0 / model_grad_norm 30.8 / image_loss 5.3 / reward_loss 0.1 / cont_loss 0.0 / kl_free 1.0 / dyn_scale 0.5 / rep_scale 0.1 / dyn_loss 17.6 / rep_loss 17.6 / kl 17.6 / prior_abs_ent 33.0 / post_abs_ent -27.4 / prior_obs_ent 7.8 / post_obs_ent -8.1 / boundary_ratio 0.0 / kl_mask 0.0 / normed_target_mean 0.6 / normed_target_std 0.3 / normed_target_min -0.1 / normed_target_max 1.1 / EMA_005 100.4 / EMA_095 1250.4 / value_mean 844.2 / value_std 353.0 / value_min 15.4 / value_max 1369.0 / target_mean 846.0 / target_std 353.8 / target_min 19.6 / target_max 1389.3 / imag_reward_mean 2.3 / imag_reward_std 5.0 / imag_reward_min -0.0 / imag_reward_max 21.1 / imag_action_mean 7.9 / imag_action_std 4.2 / imag_action_min 0.0 / imag_action_max 17.0 / actor_entropy 0.4 / actor_loss 0.4 / actor_grad_norm 8.3 / value_loss 1.2 / value_grad_norm 1.4 / update_count 59593.0 / fps 11.9
add_video needs package moviepy
add_video needs package moviepy
[285172] 
Start evaluation.
[285172] eval_return 4050.0 / eval_length 1334.6 / eval_episodes 5.0
add_video needs package moviepy
Start training.
[285172] model_loss 15.9 / model_grad_norm 29.3 / image_loss 5.3 / reward_loss 0.1 / cont_loss 0.0 / kl_free 1.0 / dyn_scale 0.5 / rep_scale 0.1 / dyn_loss 17.5 / rep_loss 17.5 / kl 17.5 / prior_abs_ent 32.7 / post_abs_ent -27.4 / prior_obs_ent 8.1 / post_obs_ent -7.7 / boundary_ratio 0.0 / kl_mask 0.0 / normed_target_mean 0.6 / normed_target_std 0.3 / normed_target_min -0.1 / normed_target_max 1.1 / EMA_005 108.5 / EMA_095 1252.4 / value_mean 833.0 / value_std 353.5 / value_min 15.2 / value_max 1363.9 / target_mean 834.5 / target_std 354.2 / target_min 17.0 / target_max 1382.9 / imag_reward_mean 2.2 / imag_reward_std 5.0 / imag_reward_min -0.0 / imag_reward_max 30.4 / imag_action_mean 7.9 / imag_action_std 4.1 / imag_action_min 0.0 / imag_action_max 17.0 / actor_entropy 0.4 / actor_loss 0.3 / actor_grad_norm 8.1 / value_loss 1.2 / value_grad_norm 1.5 / update_count 59749.0 / fps 12.2
add_video needs package moviepy
add_video needs package moviepy
[285796] 
Start evaluation.
[285796] eval_return 4508.0 / eval_length 1443.6 / eval_episodes 5.0
add_video needs package moviepy
Start training.
[285796] model_loss 16.0 / model_grad_norm 30.3 / image_loss 5.3 / reward_loss 0.1 / cont_loss 0.0 / kl_free 1.0 / dyn_scale 0.5 / rep_scale 0.1 / dyn_loss 17.6 / rep_loss 17.6 / kl 17.6 / prior_abs_ent 33.1 / post_abs_ent -27.4 / prior_obs_ent 8.0 / post_obs_ent -7.8 / boundary_ratio 0.0 / kl_mask 0.0 / normed_target_mean 0.6 / normed_target_std 0.3 / normed_target_min -0.1 / normed_target_max 1.1 / EMA_005 103.1 / EMA_095 1247.4 / value_mean 830.7 / value_std 360.7 / value_min 23.4 / value_max 1367.7 / target_mean 832.0 / target_std 361.2 / target_min 24.9 / target_max 1385.5 / imag_reward_mean 2.2 / imag_reward_std 5.2 / imag_reward_min -0.0 / imag_reward_max 36.6 / imag_action_mean 7.7 / imag_action_std 4.1 / imag_action_min 0.0 / imag_action_max 17.0 / actor_entropy 0.4 / actor_loss 0.3 / actor_grad_norm 8.0 / value_loss 1.2 / value_grad_norm 1.4 / update_count 59905.0 / fps 12.1
add_video needs package moviepy
add_video needs package moviepy
[286420] 
Start evaluation.
[286420] eval_return 3700.0 / eval_length 1327.2 / eval_episodes 5.0
add_video needs package moviepy
Start training.
[286420] model_loss 16.3 / model_grad_norm 30.1 / image_loss 5.5 / reward_loss 0.1 / cont_loss 0.0 / kl_free 1.0 / dyn_scale 0.5 / rep_scale 0.1 / dyn_loss 17.8 / rep_loss 17.8 / kl 17.8 / prior_abs_ent 33.3 / post_abs_ent -27.3 / prior_obs_ent 8.9 / post_obs_ent -7.1 / boundary_ratio 0.0 / kl_mask 0.0 / normed_target_mean 0.6 / normed_target_std 0.3 / normed_target_min -0.1 / normed_target_max 1.1 / EMA_005 103.5 / EMA_095 1246.6 / value_mean 822.0 / value_std 358.8 / value_min 12.5 / value_max 1363.2 / target_mean 823.9 / target_std 359.5 / target_min 18.9 / target_max 1377.9 / imag_reward_mean 2.2 / imag_reward_std 5.1 / imag_reward_min -0.0 / imag_reward_max 32.8 / imag_action_mean 7.8 / imag_action_std 4.2 / imag_action_min 0.0 / imag_action_max 17.0 / actor_entropy 0.4 / actor_loss 0.5 / actor_grad_norm 8.6 / value_loss 1.3 / value_grad_norm 1.5 / update_count 60061.0 / fps 12.3
add_video needs package moviepy
add_video needs package moviepy
[287044] 
Start evaluation.
[287044] eval_return 4426.0 / eval_length 1459.8 / eval_episodes 5.0
add_video needs package moviepy
Start training.
[287044] model_loss 15.8 / model_grad_norm 27.7 / image_loss 5.2 / reward_loss 0.1 / cont_loss 0.0 / kl_free 1.0 / dyn_scale 0.5 / rep_scale 0.1 / dyn_loss 17.4 / rep_loss 17.4 / kl 17.4 / prior_abs_ent 32.8 / post_abs_ent -27.3 / prior_obs_ent 8.0 / post_obs_ent -7.7 / boundary_ratio 0.0 / kl_mask 0.0 / normed_target_mean 0.6 / normed_target_std 0.3 / normed_target_min -0.1 / normed_target_max 1.1 / EMA_005 97.0 / EMA_095 1247.3 / value_mean 842.2 / value_std 358.7 / value_min 15.1 / value_max 1366.4 / target_mean 843.8 / target_std 359.3 / target_min 17.1 / target_max 1385.7 / imag_reward_mean 2.3 / imag_reward_std 5.2 / imag_reward_min -0.0 / imag_reward_max 36.2 / imag_action_mean 7.8 / imag_action_std 4.1 / imag_action_min 0.0 / imag_action_max 17.0 / actor_entropy 0.4 / actor_loss 0.4 / actor_grad_norm 8.4 / value_loss 1.2 / value_grad_norm 1.3 / update_count 60217.0 / fps 11.9
add_video needs package moviepy
add_video needs package moviepy
[287380] dataset_size 71845.0 / train_return 4490.0 / train_length 1453.0 / train_episodes 52.0
[287668] 
Start evaluation.
[287668] eval_return 4050.0 / eval_length 1477.6 / eval_episodes 5.0
add_video needs package moviepy
Start training.
[287668] model_loss 15.8 / model_grad_norm 27.1 / image_loss 5.2 / reward_loss 0.1 / cont_loss 0.0 / kl_free 1.0 / dyn_scale 0.5 / rep_scale 0.1 / dyn_loss 17.5 / rep_loss 17.5 / kl 17.5 / prior_abs_ent 33.0 / post_abs_ent -27.3 / prior_obs_ent 8.0 / post_obs_ent -7.8 / boundary_ratio 0.0 / kl_mask 0.0 / normed_target_mean 0.6 / normed_target_std 0.3 / normed_target_min -0.1 / normed_target_max 1.1 / EMA_005 89.4 / EMA_095 1250.7 / value_mean 837.6 / value_std 357.6 / value_min 16.2 / value_max 1363.2 / target_mean 839.3 / target_std 358.3 / target_min 18.9 / target_max 1379.3 / imag_reward_mean 2.3 / imag_reward_std 5.1 / imag_reward_min -0.0 / imag_reward_max 33.0 / imag_action_mean 7.8 / imag_action_std 4.1 / imag_action_min 0.0 / imag_action_max 17.0 / actor_entropy 0.4 / actor_loss 0.3 / actor_grad_norm 7.9 / value_loss 1.2 / value_grad_norm 1.3 / update_count 60373.0 / fps 11.9
add_video needs package moviepy
add_video needs package moviepy
[288292] 
Start evaluation.
[288292] eval_return 3908.0 / eval_length 1349.4 / eval_episodes 5.0
add_video needs package moviepy
Start training.
[288292] model_loss 16.1 / model_grad_norm 29.4 / image_loss 5.3 / reward_loss 0.1 / cont_loss 0.0 / kl_free 1.0 / dyn_scale 0.5 / rep_scale 0.1 / dyn_loss 17.7 / rep_loss 17.7 / kl 17.7 / prior_abs_ent 33.3 / post_abs_ent -27.3 / prior_obs_ent 8.5 / post_obs_ent -7.4 / boundary_ratio 0.0 / kl_mask 0.0 / normed_target_mean 0.6 / normed_target_std 0.3 / normed_target_min -0.1 / normed_target_max 1.1 / EMA_005 102.3 / EMA_095 1249.0 / value_mean 819.7 / value_std 362.0 / value_min 14.2 / value_max 1356.1 / target_mean 821.1 / target_std 362.8 / target_min 15.7 / target_max 1375.5 / imag_reward_mean 2.2 / imag_reward_std 5.0 / imag_reward_min -0.0 / imag_reward_max 29.8 / imag_action_mean 7.9 / imag_action_std 4.1 / imag_action_min 0.0 / imag_action_max 17.0 / actor_entropy 0.4 / actor_loss 0.3 / actor_grad_norm 8.2 / value_loss 1.2 / value_grad_norm 1.4 / update_count 60529.0 / fps 12.2
add_video needs package moviepy
add_video needs package moviepy
[288916] 
Start evaluation.
[288916] eval_return 4336.0 / eval_length 1473.6 / eval_episodes 5.0
add_video needs package moviepy
Start training.
[288916] model_loss 15.9 / model_grad_norm 29.0 / image_loss 5.3 / reward_loss 0.1 / cont_loss 0.0 / kl_free 1.0 / dyn_scale 0.5 / rep_scale 0.1 / dyn_loss 17.5 / rep_loss 17.5 / kl 17.5 / prior_abs_ent 32.8 / post_abs_ent -27.4 / prior_obs_ent 7.7 / post_obs_ent -8.1 / boundary_ratio 0.0 / kl_mask 0.0 / normed_target_mean 0.6 / normed_target_std 0.3 / normed_target_min -0.1 / normed_target_max 1.1 / EMA_005 94.6 / EMA_095 1248.4 / value_mean 841.7 / value_std 352.7 / value_min 17.7 / value_max 1361.3 / target_mean 843.3 / target_std 353.6 / target_min 19.9 / target_max 1384.1 / imag_reward_mean 2.3 / imag_reward_std 5.3 / imag_reward_min -0.0 / imag_reward_max 36.6 / imag_action_mean 7.9 / imag_action_std 4.1 / imag_action_min 0.0 / imag_action_max 17.0 / actor_entropy 0.3 / actor_loss 0.3 / actor_grad_norm 7.9 / value_loss 1.2 / value_grad_norm 1.3 / update_count 60685.0 / fps 12.0
add_video needs package moviepy
add_video needs package moviepy
[289540] 
Start evaluation.
[289540] eval_return 3938.0 / eval_length 1460.0 / eval_episodes 5.0
add_video needs package moviepy
Start training.
[289540] model_loss 16.0 / model_grad_norm 29.4 / image_loss 5.3 / reward_loss 0.1 / cont_loss 0.0 / kl_free 1.0 / dyn_scale 0.5 / rep_scale 0.1 / dyn_loss 17.6 / rep_loss 17.6 / kl 17.6 / prior_abs_ent 32.9 / post_abs_ent -27.3 / prior_obs_ent 8.2 / post_obs_ent -7.7 / boundary_ratio 0.0 / kl_mask 0.0 / normed_target_mean 0.6 / normed_target_std 0.3 / normed_target_min -0.1 / normed_target_max 1.1 / EMA_005 108.6 / EMA_095 1243.5 / value_mean 833.7 / value_std 345.7 / value_min 30.5 / value_max 1355.8 / target_mean 835.2 / target_std 346.4 / target_min 32.4 / target_max 1374.9 / imag_reward_mean 2.2 / imag_reward_std 5.1 / imag_reward_min -0.0 / imag_reward_max 30.1 / imag_action_mean 7.9 / imag_action_std 4.1 / imag_action_min 0.0 / imag_action_max 17.0 / actor_entropy 0.3 / actor_loss 0.3 / actor_grad_norm 8.2 / value_loss 1.2 / value_grad_norm 1.4 / update_count 60841.0 / fps 11.9
add_video needs package moviepy
add_video needs package moviepy
[290164] 
Start evaluation.
[290164] eval_return 3752.0 / eval_length 1254.4 / eval_episodes 5.0
add_video needs package moviepy
Start training.
[290164] model_loss 15.8 / model_grad_norm 30.6 / image_loss 5.3 / reward_loss 0.1 / cont_loss 0.0 / kl_free 1.0 / dyn_scale 0.5 / rep_scale 0.1 / dyn_loss 17.5 / rep_loss 17.5 / kl 17.5 / prior_abs_ent 32.9 / post_abs_ent -27.3 / prior_obs_ent 8.2 / post_obs_ent -7.6 / boundary_ratio 0.0 / kl_mask 0.0 / normed_target_mean 0.6 / normed_target_std 0.3 / normed_target_min -0.1 / normed_target_max 1.1 / EMA_005 114.6 / EMA_095 1240.8 / value_mean 838.0 / value_std 359.0 / value_min 15.8 / value_max 1363.4 / target_mean 839.4 / target_std 359.7 / target_min 19.4 / target_max 1380.1 / imag_reward_mean 2.2 / imag_reward_std 5.0 / imag_reward_min -0.0 / imag_reward_max 27.9 / imag_action_mean 7.8 / imag_action_std 4.0 / imag_action_min 0.0 / imag_action_max 17.0 / actor_entropy 0.4 / actor_loss 0.2 / actor_grad_norm 7.7 / value_loss 1.2 / value_grad_norm 1.3 / update_count 60997.0 / fps 12.5
add_video needs package moviepy
add_video needs package moviepy
[290788] 
Start evaluation.
[290788] eval_return 4322.0 / eval_length 1362.4 / eval_episodes 5.0
add_video needs package moviepy
Start training.
[290788] model_loss 15.9 / model_grad_norm 30.0 / image_loss 5.2 / reward_loss 0.1 / cont_loss 0.0 / kl_free 1.0 / dyn_scale 0.5 / rep_scale 0.1 / dyn_loss 17.6 / rep_loss 17.6 / kl 17.6 / prior_abs_ent 32.9 / post_abs_ent -27.4 / prior_obs_ent 8.0 / post_obs_ent -7.8 / boundary_ratio 0.0 / kl_mask 0.0 / normed_target_mean 0.6 / normed_target_std 0.3 / normed_target_min -0.1 / normed_target_max 1.1 / EMA_005 103.6 / EMA_095 1242.5 / value_mean 831.8 / value_std 355.2 / value_min 17.7 / value_max 1362.5 / target_mean 833.5 / target_std 356.0 / target_min 20.6 / target_max 1379.8 / imag_reward_mean 2.3 / imag_reward_std 5.2 / imag_reward_min -0.0 / imag_reward_max 32.7 / imag_action_mean 7.8 / imag_action_std 4.0 / imag_action_min 0.0 / imag_action_max 17.0 / actor_entropy 0.4 / actor_loss 0.4 / actor_grad_norm 8.1 / value_loss 1.2 / value_grad_norm 1.3 / update_count 61153.0 / fps 12.3
add_video needs package moviepy
add_video needs package moviepy
[291412] 
Start evaluation.
[291412] eval_return 4102.0 / eval_length 1402.4 / eval_episodes 5.0
add_video needs package moviepy
Start training.
[291412] model_loss 15.9 / model_grad_norm 29.6 / image_loss 5.2 / reward_loss 0.1 / cont_loss 0.0 / kl_free 1.0 / dyn_scale 0.5 / rep_scale 0.1 / dyn_loss 17.6 / rep_loss 17.6 / kl 17.6 / prior_abs_ent 32.8 / post_abs_ent -27.4 / prior_obs_ent 8.0 / post_obs_ent -7.9 / boundary_ratio 0.0 / kl_mask 0.0 / normed_target_mean 0.6 / normed_target_std 0.3 / normed_target_min -0.1 / normed_target_max 1.1 / EMA_005 94.9 / EMA_095 1247.2 / value_mean 835.3 / value_std 358.6 / value_min 20.0 / value_max 1367.4 / target_mean 836.8 / target_std 359.2 / target_min 25.7 / target_max 1381.9 / imag_reward_mean 2.3 / imag_reward_std 5.2 / imag_reward_min -0.0 / imag_reward_max 37.5 / imag_action_mean 7.8 / imag_action_std 3.9 / imag_action_min 0.0 / imag_action_max 17.0 / actor_entropy 0.4 / actor_loss 0.3 / actor_grad_norm 8.0 / value_loss 1.2 / value_grad_norm 1.4 / update_count 61309.0 / fps 12.2
add_video needs package moviepy
add_video needs package moviepy
[292036] 
Start evaluation.
[292036] eval_return 4176.0 / eval_length 1389.0 / eval_episodes 5.0
add_video needs package moviepy
Start training.
[292036] model_loss 15.9 / model_grad_norm 27.2 / image_loss 5.2 / reward_loss 0.1 / cont_loss 0.0 / kl_free 1.0 / dyn_scale 0.5 / rep_scale 0.1 / dyn_loss 17.6 / rep_loss 17.6 / kl 17.6 / prior_abs_ent 32.5 / post_abs_ent -27.4 / prior_obs_ent 7.4 / post_obs_ent -8.5 / boundary_ratio 0.0 / kl_mask 0.0 / normed_target_mean 0.7 / normed_target_std 0.3 / normed_target_min -0.1 / normed_target_max 1.1 / EMA_005 118.4 / EMA_095 1247.4 / value_mean 851.3 / value_std 344.9 / value_min 25.7 / value_max 1357.5 / target_mean 852.4 / target_std 345.6 / target_min 28.1 / target_max 1376.4 / imag_reward_mean 2.3 / imag_reward_std 5.1 / imag_reward_min -0.0 / imag_reward_max 23.9 / imag_action_mean 7.7 / imag_action_std 4.0 / imag_action_min 0.0 / imag_action_max 17.0 / actor_entropy 0.3 / actor_loss 0.1 / actor_grad_norm 8.1 / value_loss 1.2 / value_grad_norm 1.3 / update_count 61465.0 / fps 12.2
add_video needs package moviepy
add_video needs package moviepy
[292660] 
Start evaluation.
[292660] eval_return 3972.0 / eval_length 1368.2 / eval_episodes 5.0
add_video needs package moviepy
Start training.
[292660] model_loss 16.0 / model_grad_norm 30.4 / image_loss 5.3 / reward_loss 0.1 / cont_loss 0.0 / kl_free 1.0 / dyn_scale 0.5 / rep_scale 0.1 / dyn_loss 17.7 / rep_loss 17.7 / kl 17.7 / prior_abs_ent 32.8 / post_abs_ent -27.4 / prior_obs_ent 8.5 / post_obs_ent -7.5 / boundary_ratio 0.0 / kl_mask 0.0 / normed_target_mean 0.7 / normed_target_std 0.3 / normed_target_min -0.1 / normed_target_max 1.1 / EMA_005 111.5 / EMA_095 1246.6 / value_mean 851.3 / value_std 351.7 / value_min 21.1 / value_max 1366.7 / target_mean 852.7 / target_std 352.5 / target_min 24.0 / target_max 1384.3 / imag_reward_mean 2.3 / imag_reward_std 5.2 / imag_reward_min -0.0 / imag_reward_max 32.9 / imag_action_mean 7.8 / imag_action_std 4.1 / imag_action_min 0.0 / imag_action_max 17.0 / actor_entropy 0.4 / actor_loss 0.2 / actor_grad_norm 8.1 / value_loss 1.2 / value_grad_norm 1.4 / update_count 61621.0 / fps 12.2
add_video needs package moviepy
add_video needs package moviepy
[293220] dataset_size 73305.0 / train_return 4410.0 / train_length 1460.0 / train_episodes 53.0
[293284] 
Start evaluation.
[293284] eval_return 3960.0 / eval_length 1410.6 / eval_episodes 5.0
add_video needs package moviepy
Start training.
[293284] model_loss 15.9 / model_grad_norm 28.3 / image_loss 5.2 / reward_loss 0.1 / cont_loss 0.0 / kl_free 1.0 / dyn_scale 0.5 / rep_scale 0.1 / dyn_loss 17.7 / rep_loss 17.7 / kl 17.7 / prior_abs_ent 32.8 / post_abs_ent -27.3 / prior_obs_ent 7.9 / post_obs_ent -8.1 / boundary_ratio 0.0 / kl_mask 0.0 / normed_target_mean 0.6 / normed_target_std 0.3 / normed_target_min -0.1 / normed_target_max 1.1 / EMA_005 98.1 / EMA_095 1250.4 / value_mean 838.4 / value_std 361.8 / value_min 23.0 / value_max 1366.0 / target_mean 839.8 / target_std 362.4 / target_min 23.4 / target_max 1382.5 / imag_reward_mean 2.3 / imag_reward_std 5.2 / imag_reward_min -0.0 / imag_reward_max 34.1 / imag_action_mean 7.6 / imag_action_std 4.1 / imag_action_min 0.0 / imag_action_max 17.0 / actor_entropy 0.4 / actor_loss 0.2 / actor_grad_norm 8.1 / value_loss 1.2 / value_grad_norm 1.4 / update_count 61777.0 / fps 12.1
add_video needs package moviepy
add_video needs package moviepy
[293908] 
Start evaluation.
[293908] eval_return 3710.0 / eval_length 1315.4 / eval_episodes 5.0
add_video needs package moviepy
Start training.
[293908] model_loss 16.0 / model_grad_norm 27.8 / image_loss 5.3 / reward_loss 0.1 / cont_loss 0.0 / kl_free 1.0 / dyn_scale 0.5 / rep_scale 0.1 / dyn_loss 17.7 / rep_loss 17.7 / kl 17.7 / prior_abs_ent 32.9 / post_abs_ent -27.4 / prior_obs_ent 8.4 / post_obs_ent -7.6 / boundary_ratio 0.0 / kl_mask 0.0 / normed_target_mean 0.6 / normed_target_std 0.3 / normed_target_min -0.1 / normed_target_max 1.1 / EMA_005 93.0 / EMA_095 1245.3 / value_mean 835.4 / value_std 357.2 / value_min 12.3 / value_max 1363.5 / target_mean 836.6 / target_std 358.0 / target_min 13.3 / target_max 1380.3 / imag_reward_mean 2.3 / imag_reward_std 5.1 / imag_reward_min -0.0 / imag_reward_max 29.2 / imag_action_mean 7.5 / imag_action_std 4.1 / imag_action_min 0.0 / imag_action_max 17.0 / actor_entropy 0.4 / actor_loss 0.2 / actor_grad_norm 8.0 / value_loss 1.3 / value_grad_norm 1.4 / update_count 61933.0 / fps 12.4
add_video needs package moviepy
add_video needs package moviepy
[294532] 
Start evaluation.
[294532] eval_return 3942.0 / eval_length 1336.4 / eval_episodes 5.0
add_video needs package moviepy
Start training.
[294532] model_loss 15.8 / model_grad_norm 26.9 / image_loss 5.2 / reward_loss 0.1 / cont_loss 0.0 / kl_free 1.0 / dyn_scale 0.5 / rep_scale 0.1 / dyn_loss 17.5 / rep_loss 17.5 / kl 17.5 / prior_abs_ent 33.0 / post_abs_ent -27.3 / prior_obs_ent 7.5 / post_obs_ent -8.3 / boundary_ratio 0.0 / kl_mask 0.0 / normed_target_mean 0.6 / normed_target_std 0.3 / normed_target_min -0.1 / normed_target_max 1.1 / EMA_005 94.2 / EMA_095 1248.7 / value_mean 841.5 / value_std 354.8 / value_min 26.2 / value_max 1364.8 / target_mean 843.1 / target_std 355.7 / target_min 27.7 / target_max 1383.7 / imag_reward_mean 2.3 / imag_reward_std 5.1 / imag_reward_min -0.0 / imag_reward_max 30.7 / imag_action_mean 7.6 / imag_action_std 4.1 / imag_action_min 0.0 / imag_action_max 17.0 / actor_entropy 0.4 / actor_loss 0.3 / actor_grad_norm 8.0 / value_loss 1.2 / value_grad_norm 1.4 / update_count 62089.0 / fps 12.3
add_video needs package moviepy
add_video needs package moviepy
[295156] 
Start evaluation.
[295156] eval_return 4232.0 / eval_length 1456.2 / eval_episodes 5.0
add_video needs package moviepy
Start training.
[295156] model_loss 16.0 / model_grad_norm 31.3 / image_loss 5.3 / reward_loss 0.1 / cont_loss 0.0 / kl_free 1.0 / dyn_scale 0.5 / rep_scale 0.1 / dyn_loss 17.8 / rep_loss 17.8 / kl 17.8 / prior_abs_ent 32.9 / post_abs_ent -27.3 / prior_obs_ent 8.2 / post_obs_ent -7.8 / boundary_ratio 0.0 / kl_mask 0.0 / normed_target_mean 0.6 / normed_target_std 0.3 / normed_target_min -0.1 / normed_target_max 1.1 / EMA_005 94.9 / EMA_095 1248.4 / value_mean 826.5 / value_std 367.7 / value_min 11.5 / value_max 1356.3 / target_mean 827.5 / target_std 368.6 / target_min 11.2 / target_max 1376.3 / imag_reward_mean 2.3 / imag_reward_std 5.1 / imag_reward_min -0.0 / imag_reward_max 30.1 / imag_action_mean 7.6 / imag_action_std 4.1 / imag_action_min 0.0 / imag_action_max 17.0 / actor_entropy 0.4 / actor_loss 0.1 / actor_grad_norm 8.1 / value_loss 1.2 / value_grad_norm 1.4 / update_count 62245.0 / fps 11.9
add_video needs package moviepy
add_video needs package moviepy
[295780] 
Start evaluation.
[295780] eval_return 3920.0 / eval_length 1325.2 / eval_episodes 5.0
add_video needs package moviepy
Start training.
[295780] model_loss 15.9 / model_grad_norm 29.2 / image_loss 5.2 / reward_loss 0.1 / cont_loss 0.0 / kl_free 1.0 / dyn_scale 0.5 / rep_scale 0.1 / dyn_loss 17.7 / rep_loss 17.7 / kl 17.7 / prior_abs_ent 32.9 / post_abs_ent -27.4 / prior_obs_ent 8.2 / post_obs_ent -7.8 / boundary_ratio 0.0 / kl_mask 0.0 / normed_target_mean 0.7 / normed_target_std 0.3 / normed_target_min -0.1 / normed_target_max 1.1 / EMA_005 78.4 / EMA_095 1245.6 / value_mean 836.1 / value_std 357.9 / value_min 12.6 / value_max 1361.4 / target_mean 837.5 / target_std 358.4 / target_min 15.2 / target_max 1377.5 / imag_reward_mean 2.3 / imag_reward_std 5.2 / imag_reward_min -0.0 / imag_reward_max 31.0 / imag_action_mean 7.6 / imag_action_std 4.1 / imag_action_min 0.0 / imag_action_max 17.0 / actor_entropy 0.4 / actor_loss 0.2 / actor_grad_norm 8.1 / value_loss 1.2 / value_grad_norm 1.4 / update_count 62401.0 / fps 12.4
add_video needs package moviepy
add_video needs package moviepy
[296404] 
Start evaluation.
[296404] eval_return 4444.0 / eval_length 1433.0 / eval_episodes 5.0
add_video needs package moviepy
Start training.
[296404] model_loss 16.0 / model_grad_norm 27.8 / image_loss 5.3 / reward_loss 0.1 / cont_loss 0.0 / kl_free 1.0 / dyn_scale 0.5 / rep_scale 0.1 / dyn_loss 17.8 / rep_loss 17.8 / kl 17.8 / prior_abs_ent 32.9 / post_abs_ent -27.4 / prior_obs_ent 8.0 / post_obs_ent -8.1 / boundary_ratio 0.0 / kl_mask 0.0 / normed_target_mean 0.6 / normed_target_std 0.3 / normed_target_min -0.1 / normed_target_max 1.1 / EMA_005 94.7 / EMA_095 1243.1 / value_mean 832.3 / value_std 355.3 / value_min 17.9 / value_max 1359.3 / target_mean 833.7 / target_std 355.8 / target_min 18.2 / target_max 1377.3 / imag_reward_mean 2.3 / imag_reward_std 5.1 / imag_reward_min -0.0 / imag_reward_max 27.5 / imag_action_mean 7.4 / imag_action_std 4.1 / imag_action_min 0.0 / imag_action_max 17.0 / actor_entropy 0.3 / actor_loss 0.2 / actor_grad_norm 8.2 / value_loss 1.2 / value_grad_norm 1.4 / update_count 62557.0 / fps 12.1
add_video needs package moviepy
add_video needs package moviepy
[297028] 
Start evaluation.
[297028] eval_return 4348.0 / eval_length 1471.2 / eval_episodes 5.0
add_video needs package moviepy
Start training.
[297028] model_loss 15.9 / model_grad_norm 30.1 / image_loss 5.2 / reward_loss 0.1 / cont_loss 0.0 / kl_free 1.0 / dyn_scale 0.5 / rep_scale 0.1 / dyn_loss 17.6 / rep_loss 17.6 / kl 17.6 / prior_abs_ent 32.8 / post_abs_ent -27.3 / prior_obs_ent 7.8 / post_obs_ent -8.0 / boundary_ratio 0.0 / kl_mask 0.0 / normed_target_mean 0.6 / normed_target_std 0.3 / normed_target_min -0.1 / normed_target_max 1.1 / EMA_005 113.9 / EMA_095 1244.4 / value_mean 834.6 / value_std 358.1 / value_min 22.0 / value_max 1360.9 / target_mean 836.1 / target_std 358.5 / target_min 23.8 / target_max 1379.1 / imag_reward_mean 2.3 / imag_reward_std 5.1 / imag_reward_min -0.0 / imag_reward_max 26.8 / imag_action_mean 7.4 / imag_action_std 4.1 / imag_action_min 0.0 / imag_action_max 17.0 / actor_entropy 0.3 / actor_loss 0.3 / actor_grad_norm 7.8 / value_loss 1.2 / value_grad_norm 1.3 / update_count 62713.0 / fps 12.0
add_video needs package moviepy
add_video needs package moviepy
[297652] 
Start evaluation.
[297652] eval_return 4206.0 / eval_length 1317.8 / eval_episodes 5.0
add_video needs package moviepy
Start training.
[297652] model_loss 16.0 / model_grad_norm 29.0 / image_loss 5.2 / reward_loss 0.1 / cont_loss 0.0 / kl_free 1.0 / dyn_scale 0.5 / rep_scale 0.1 / dyn_loss 17.7 / rep_loss 17.7 / kl 17.7 / prior_abs_ent 33.2 / post_abs_ent -27.3 / prior_obs_ent 8.4 / post_obs_ent -7.6 / boundary_ratio 0.0 / kl_mask 0.0 / normed_target_mean 0.6 / normed_target_std 0.3 / normed_target_min -0.1 / normed_target_max 1.1 / EMA_005 95.8 / EMA_095 1243.7 / value_mean 824.5 / value_std 361.2 / value_min 18.9 / value_max 1356.0 / target_mean 826.3 / target_std 361.8 / target_min 22.5 / target_max 1370.6 / imag_reward_mean 2.3 / imag_reward_std 5.2 / imag_reward_min -0.0 / imag_reward_max 30.2 / imag_action_mean 7.4 / imag_action_std 4.1 / imag_action_min 0.0 / imag_action_max 17.0 / actor_entropy 0.3 / actor_loss 0.4 / actor_grad_norm 8.1 / value_loss 1.2 / value_grad_norm 1.3 / update_count 62869.0 / fps 12.3
add_video needs package moviepy
add_video needs package moviepy
[298276] 
Start evaluation.
[298276] eval_return 3990.0 / eval_length 1339.2 / eval_episodes 5.0
add_video needs package moviepy
Start training.
[298276] model_loss 15.9 / model_grad_norm 30.1 / image_loss 5.3 / reward_loss 0.1 / cont_loss 0.0 / kl_free 1.0 / dyn_scale 0.5 / rep_scale 0.1 / dyn_loss 17.6 / rep_loss 17.6 / kl 17.6 / prior_abs_ent 33.0 / post_abs_ent -27.4 / prior_obs_ent 7.9 / post_obs_ent -8.0 / boundary_ratio 0.0 / kl_mask 0.0 / normed_target_mean 0.7 / normed_target_std 0.3 / normed_target_min -0.1 / normed_target_max 1.1 / EMA_005 87.9 / EMA_095 1244.7 / value_mean 837.8 / value_std 353.8 / value_min 13.0 / value_max 1362.2 / target_mean 839.9 / target_std 354.7 / target_min 15.7 / target_max 1381.9 / imag_reward_mean 2.3 / imag_reward_std 5.2 / imag_reward_min -0.0 / imag_reward_max 32.2 / imag_action_mean 7.6 / imag_action_std 4.0 / imag_action_min 0.0 / imag_action_max 17.0 / actor_entropy 0.3 / actor_loss 0.5 / actor_grad_norm 8.4 / value_loss 1.2 / value_grad_norm 1.4 / update_count 63025.0 / fps 12.4
add_video needs package moviepy
add_video needs package moviepy
[298900] 
Start evaluation.
[298900] eval_return 4580.0 / eval_length 1467.4 / eval_episodes 5.0
add_video needs package moviepy
Start training.
[298900] model_loss 16.1 / model_grad_norm 29.8 / image_loss 5.3 / reward_loss 0.1 / cont_loss 0.0 / kl_free 1.0 / dyn_scale 0.5 / rep_scale 0.1 / dyn_loss 17.8 / rep_loss 17.8 / kl 17.8 / prior_abs_ent 33.1 / post_abs_ent -27.4 / prior_obs_ent 7.7 / post_obs_ent -8.3 / boundary_ratio 0.0 / kl_mask 0.0 / normed_target_mean 0.6 / normed_target_std 0.3 / normed_target_min -0.1 / normed_target_max 1.1 / EMA_005 104.9 / EMA_095 1246.3 / value_mean 843.2 / value_std 348.2 / value_min 27.3 / value_max 1360.5 / target_mean 844.9 / target_std 348.8 / target_min 30.2 / target_max 1378.7 / imag_reward_mean 2.3 / imag_reward_std 5.1 / imag_reward_min -0.0 / imag_reward_max 27.6 / imag_action_mean 7.8 / imag_action_std 4.1 / imag_action_min 0.0 / imag_action_max 17.0 / actor_entropy 0.3 / actor_loss 0.4 / actor_grad_norm 8.2 / value_loss 1.2 / value_grad_norm 1.4 / update_count 63181.0 / fps 12.0
add_video needs package moviepy
add_video needs package moviepy
[299056] dataset_size 74764.0 / train_return 5260.0 / train_length 1459.0 / train_episodes 54.0
[299524] 
Start evaluation.
[299524] eval_return 4200.0 / eval_length 1377.6 / eval_episodes 5.0
add_video needs package moviepy
Start training.
[299524] model_loss 15.9 / model_grad_norm 29.8 / image_loss 5.2 / reward_loss 0.1 / cont_loss 0.0 / kl_free 1.0 / dyn_scale 0.5 / rep_scale 0.1 / dyn_loss 17.6 / rep_loss 17.6 / kl 17.6 / prior_abs_ent 33.3 / post_abs_ent -27.3 / prior_obs_ent 7.9 / post_obs_ent -8.0 / boundary_ratio 0.0 / kl_mask 0.0 / normed_target_mean 0.6 / normed_target_std 0.3 / normed_target_min -0.1 / normed_target_max 1.1 / EMA_005 105.2 / EMA_095 1245.0 / value_mean 838.8 / value_std 356.7 / value_min 23.9 / value_max 1367.9 / target_mean 840.3 / target_std 357.6 / target_min 24.6 / target_max 1384.2 / imag_reward_mean 2.3 / imag_reward_std 5.1 / imag_reward_min -0.0 / imag_reward_max 24.1 / imag_action_mean 7.9 / imag_action_std 4.2 / imag_action_min 0.0 / imag_action_max 17.0 / actor_entropy 0.4 / actor_loss 0.3 / actor_grad_norm 8.3 / value_loss 1.2 / value_grad_norm 1.3 / update_count 63337.0 / fps 12.1
add_video needs package moviepy
add_video needs package moviepy
[300148] 
Start evaluation.
[300148] eval_return 4640.0 / eval_length 1377.2 / eval_episodes 5.0
add_video needs package moviepy
Start training.
[300148] model_loss 16.0 / model_grad_norm 26.8 / image_loss 5.2 / reward_loss 0.1 / cont_loss 0.0 / kl_free 1.0 / dyn_scale 0.5 / rep_scale 0.1 / dyn_loss 17.7 / rep_loss 17.7 / kl 17.7 / prior_abs_ent 32.8 / post_abs_ent -27.3 / prior_obs_ent 8.0 / post_obs_ent -8.0 / boundary_ratio 0.0 / kl_mask 0.0 / normed_target_mean 0.7 / normed_target_std 0.3 / normed_target_min -0.1 / normed_target_max 1.1 / EMA_005 93.2 / EMA_095 1252.5 / value_mean 848.9 / value_std 357.4 / value_min 22.5 / value_max 1365.8 / target_mean 850.4 / target_std 358.2 / target_min 23.6 / target_max 1385.8 / imag_reward_mean 2.3 / imag_reward_std 5.1 / imag_reward_min -0.0 / imag_reward_max 27.0 / imag_action_mean 7.8 / imag_action_std 4.1 / imag_action_min 0.0 / imag_action_max 17.0 / actor_entropy 0.3 / actor_loss 0.2 / actor_grad_norm 8.1 / value_loss 1.2 / value_grad_norm 1.2 / update_count 63493.0 / fps 12.1
add_video needs package moviepy
add_video needs package moviepy
[300772] 
Start evaluation.
[300772] eval_return 4188.0 / eval_length 1399.4 / eval_episodes 5.0
add_video needs package moviepy
Start training.
[300772] model_loss 16.0 / model_grad_norm 32.4 / image_loss 5.3 / reward_loss 0.1 / cont_loss 0.0 / kl_free 1.0 / dyn_scale 0.5 / rep_scale 0.1 / dyn_loss 17.7 / rep_loss 17.7 / kl 17.7 / prior_abs_ent 33.1 / post_abs_ent -27.3 / prior_obs_ent 8.1 / post_obs_ent -8.0 / boundary_ratio 0.0 / kl_mask 0.0 / normed_target_mean 0.7 / normed_target_std 0.3 / normed_target_min -0.1 / normed_target_max 1.1 / EMA_005 103.3 / EMA_095 1249.9 / value_mean 849.3 / value_std 344.1 / value_min 26.1 / value_max 1358.6 / target_mean 850.8 / target_std 344.8 / target_min 27.6 / target_max 1375.9 / imag_reward_mean 2.3 / imag_reward_std 5.1 / imag_reward_min -0.0 / imag_reward_max 24.6 / imag_action_mean 7.6 / imag_action_std 4.1 / imag_action_min 0.0 / imag_action_max 17.0 / actor_entropy 0.3 / actor_loss 0.2 / actor_grad_norm 8.1 / value_loss 1.2 / value_grad_norm 1.3 / update_count 63649.0 / fps 12.1
add_video needs package moviepy
add_video needs package moviepy
[301396] 
Start evaluation.
[301396] eval_return 4416.0 / eval_length 1414.8 / eval_episodes 5.0
add_video needs package moviepy
Start training.
[301396] model_loss 15.9 / model_grad_norm 26.0 / image_loss 5.2 / reward_loss 0.1 / cont_loss 0.0 / kl_free 1.0 / dyn_scale 0.5 / rep_scale 0.1 / dyn_loss 17.7 / rep_loss 17.7 / kl 17.7 / prior_abs_ent 33.1 / post_abs_ent -27.2 / prior_obs_ent 7.6 / post_obs_ent -8.4 / boundary_ratio 0.0 / kl_mask 0.0 / normed_target_mean 0.6 / normed_target_std 0.3 / normed_target_min -0.1 / normed_target_max 1.1 / EMA_005 108.8 / EMA_095 1251.0 / value_mean 835.6 / value_std 360.0 / value_min 19.9 / value_max 1368.5 / target_mean 837.3 / target_std 361.1 / target_min 22.7 / target_max 1389.9 / imag_reward_mean 2.3 / imag_reward_std 5.2 / imag_reward_min -0.0 / imag_reward_max 35.8 / imag_action_mean 7.6 / imag_action_std 4.1 / imag_action_min 0.0 / imag_action_max 17.0 / actor_entropy 0.3 / actor_loss 0.3 / actor_grad_norm 7.9 / value_loss 1.3 / value_grad_norm 1.3 / update_count 63805.0 / fps 12.0
add_video needs package moviepy
add_video needs package moviepy
[302020] 
Start evaluation.
[302020] eval_return 3842.0 / eval_length 1263.8 / eval_episodes 5.0
add_video needs package moviepy
Start training.
[302020] model_loss 16.0 / model_grad_norm 30.4 / image_loss 5.2 / reward_loss 0.1 / cont_loss 0.0 / kl_free 1.0 / dyn_scale 0.5 / rep_scale 0.1 / dyn_loss 17.9 / rep_loss 17.9 / kl 17.9 / prior_abs_ent 32.9 / post_abs_ent -27.3 / prior_obs_ent 7.5 / post_obs_ent -8.6 / boundary_ratio 0.0 / kl_mask 0.0 / normed_target_mean 0.6 / normed_target_std 0.3 / normed_target_min -0.1 / normed_target_max 1.1 / EMA_005 111.5 / EMA_095 1258.4 / value_mean 850.0 / value_std 356.3 / value_min 15.0 / value_max 1371.1 / target_mean 851.8 / target_std 357.2 / target_min 20.0 / target_max 1390.2 / imag_reward_mean 2.4 / imag_reward_std 5.2 / imag_reward_min -0.0 / imag_reward_max 27.0 / imag_action_mean 7.6 / imag_action_std 4.2 / imag_action_min 0.0 / imag_action_max 17.0 / actor_entropy 0.3 / actor_loss 0.4 / actor_grad_norm 8.5 / value_loss 1.2 / value_grad_norm 1.4 / update_count 63961.0 / fps 12.4
add_video needs package moviepy
add_video needs package moviepy
[302644] 
Start evaluation.
[302644] eval_return 4176.0 / eval_length 1436.2 / eval_episodes 5.0
add_video needs package moviepy
Start training.
[302644] model_loss 16.4 / model_grad_norm 43.8 / image_loss 5.5 / reward_loss 0.1 / cont_loss 0.0 / kl_free 1.0 / dyn_scale 0.5 / rep_scale 0.1 / dyn_loss 18.1 / rep_loss 18.1 / kl 18.1 / prior_abs_ent 33.0 / post_abs_ent -27.6 / prior_obs_ent 9.3 / post_obs_ent -7.0 / boundary_ratio 0.0 / kl_mask 0.0 / normed_target_mean 0.6 / normed_target_std 0.3 / normed_target_min -0.1 / normed_target_max 1.1 / EMA_005 96.4 / EMA_095 1255.5 / value_mean 842.3 / value_std 355.8 / value_min 22.2 / value_max 1369.3 / target_mean 843.7 / target_std 356.4 / target_min 25.6 / target_max 1392.1 / imag_reward_mean 2.3 / imag_reward_std 5.1 / imag_reward_min -0.0 / imag_reward_max 29.8 / imag_action_mean 7.7 / imag_action_std 4.2 / imag_action_min 0.0 / imag_action_max 17.0 / actor_entropy 0.4 / actor_loss 0.3 / actor_grad_norm 8.2 / value_loss 1.2 / value_grad_norm 1.3 / update_count 64117.0 / fps 12.0
add_video needs package moviepy
add_video needs package moviepy
[303268] 
Start evaluation.
[303268] eval_return 3664.0 / eval_length 1260.4 / eval_episodes 5.0
add_video needs package moviepy
Start training.
[303268] model_loss 15.9 / model_grad_norm 26.8 / image_loss 5.2 / reward_loss 0.1 / cont_loss 0.0 / kl_free 1.0 / dyn_scale 0.5 / rep_scale 0.1 / dyn_loss 17.6 / rep_loss 17.6 / kl 17.6 / prior_abs_ent 32.5 / post_abs_ent -27.7 / prior_obs_ent 7.9 / post_obs_ent -8.0 / boundary_ratio 0.0 / kl_mask 0.0 / normed_target_mean 0.6 / normed_target_std 0.3 / normed_target_min -0.1 / normed_target_max 1.1 / EMA_005 100.5 / EMA_095 1252.9 / value_mean 844.3 / value_std 352.5 / value_min 24.9 / value_max 1361.9 / target_mean 846.1 / target_std 353.3 / target_min 26.0 / target_max 1380.1 / imag_reward_mean 2.3 / imag_reward_std 5.2 / imag_reward_min -0.0 / imag_reward_max 26.7 / imag_action_mean 7.7 / imag_action_std 4.2 / imag_action_min 0.0 / imag_action_max 17.0 / actor_entropy 0.3 / actor_loss 0.4 / actor_grad_norm 8.0 / value_loss 1.2 / value_grad_norm 1.2 / update_count 64273.0 / fps 12.5
add_video needs package moviepy
add_video needs package moviepy
[303892] 
Start evaluation.
[303892] eval_return 3596.0 / eval_length 1213.0 / eval_episodes 5.0
add_video needs package moviepy
Start training.
[303892] model_loss 15.8 / model_grad_norm 27.1 / image_loss 5.1 / reward_loss 0.1 / cont_loss 0.0 / kl_free 1.0 / dyn_scale 0.5 / rep_scale 0.1 / dyn_loss 17.5 / rep_loss 17.5 / kl 17.5 / prior_abs_ent 32.5 / post_abs_ent -27.6 / prior_obs_ent 7.8 / post_obs_ent -8.0 / boundary_ratio 0.0 / kl_mask 0.0 / normed_target_mean 0.6 / normed_target_std 0.3 / normed_target_min -0.1 / normed_target_max 1.1 / EMA_005 108.6 / EMA_095 1254.0 / value_mean 846.6 / value_std 352.1 / value_min 17.1 / value_max 1369.7 / target_mean 848.4 / target_std 352.9 / target_min 22.8 / target_max 1387.2 / imag_reward_mean 2.3 / imag_reward_std 5.1 / imag_reward_min -0.0 / imag_reward_max 24.6 / imag_action_mean 7.6 / imag_action_std 4.2 / imag_action_min 0.0 / imag_action_max 17.0 / actor_entropy 0.4 / actor_loss 0.4 / actor_grad_norm 8.4 / value_loss 1.2 / value_grad_norm 1.3 / update_count 64429.0 / fps 12.7
add_video needs package moviepy
add_video needs package moviepy
[304516] 
Start evaluation.
[304516] eval_return 4248.0 / eval_length 1373.0 / eval_episodes 5.0
add_video needs package moviepy
Start training.
[304516] model_loss 16.0 / model_grad_norm 27.9 / image_loss 5.2 / reward_loss 0.1 / cont_loss 0.0 / kl_free 1.0 / dyn_scale 0.5 / rep_scale 0.1 / dyn_loss 17.7 / rep_loss 17.7 / kl 17.7 / prior_abs_ent 32.8 / post_abs_ent -27.5 / prior_obs_ent 7.6 / post_obs_ent -8.4 / boundary_ratio 0.0 / kl_mask 0.0 / normed_target_mean 0.6 / normed_target_std 0.3 / normed_target_min -0.1 / normed_target_max 1.1 / EMA_005 110.9 / EMA_095 1251.6 / value_mean 841.5 / value_std 353.8 / value_min 23.2 / value_max 1367.1 / target_mean 843.6 / target_std 354.7 / target_min 27.5 / target_max 1384.4 / imag_reward_mean 2.3 / imag_reward_std 5.2 / imag_reward_min -0.0 / imag_reward_max 29.9 / imag_action_mean 7.6 / imag_action_std 4.2 / imag_action_min 0.0 / imag_action_max 17.0 / actor_entropy 0.4 / actor_loss 0.5 / actor_grad_norm 8.3 / value_loss 1.2 / value_grad_norm 1.3 / update_count 64585.0 / fps 12.2
add_video needs package moviepy
add_video needs package moviepy
[304880] dataset_size 76220.0 / train_return 4240.0 / train_length 1456.0 / train_episodes 55.0
[305140] 
Start evaluation.
[305140] eval_return 3906.0 / eval_length 1361.0 / eval_episodes 5.0
add_video needs package moviepy
Start training.
[305140] model_loss 15.8 / model_grad_norm 28.9 / image_loss 5.2 / reward_loss 0.1 / cont_loss 0.0 / kl_free 1.0 / dyn_scale 0.5 / rep_scale 0.1 / dyn_loss 17.6 / rep_loss 17.6 / kl 17.6 / prior_abs_ent 32.8 / post_abs_ent -27.5 / prior_obs_ent 7.2 / post_obs_ent -8.6 / boundary_ratio 0.0 / kl_mask 0.0 / normed_target_mean 0.7 / normed_target_std 0.3 / normed_target_min -0.1 / normed_target_max 1.1 / EMA_005 96.0 / EMA_095 1254.8 / value_mean 854.3 / value_std 357.9 / value_min 25.8 / value_max 1372.4 / target_mean 856.2 / target_std 359.0 / target_min 27.8 / target_max 1394.1 / imag_reward_mean 2.3 / imag_reward_std 5.1 / imag_reward_min -0.0 / imag_reward_max 23.9 / imag_action_mean 7.6 / imag_action_std 4.2 / imag_action_min 0.0 / imag_action_max 17.0 / actor_entropy 0.4 / actor_loss 0.4 / actor_grad_norm 8.3 / value_loss 1.2 / value_grad_norm 1.3 / update_count 64741.0 / fps 12.1
add_video needs package moviepy
add_video needs package moviepy
[305764] 
Start evaluation.
[305764] eval_return 3974.0 / eval_length 1353.6 / eval_episodes 5.0
add_video needs package moviepy
Start training.
[305764] model_loss 15.9 / model_grad_norm 27.4 / image_loss 5.2 / reward_loss 0.1 / cont_loss 0.0 / kl_free 1.0 / dyn_scale 0.5 / rep_scale 0.1 / dyn_loss 17.7 / rep_loss 17.7 / kl 17.7 / prior_abs_ent 32.8 / post_abs_ent -27.4 / prior_obs_ent 7.6 / post_obs_ent -8.3 / boundary_ratio 0.0 / kl_mask 0.0 / normed_target_mean 0.6 / normed_target_std 0.3 / normed_target_min -0.1 / normed_target_max 1.1 / EMA_005 99.0 / EMA_095 1261.9 / value_mean 841.0 / value_std 360.3 / value_min 20.9 / value_max 1372.2 / target_mean 842.9 / target_std 361.4 / target_min 23.5 / target_max 1394.3 / imag_reward_mean 2.3 / imag_reward_std 5.2 / imag_reward_min -0.0 / imag_reward_max 33.1 / imag_action_mean 7.5 / imag_action_std 4.2 / imag_action_min 0.0 / imag_action_max 17.0 / actor_entropy 0.4 / actor_loss 0.4 / actor_grad_norm 8.5 / value_loss 1.2 / value_grad_norm 1.3 / update_count 64897.0 / fps 12.3
add_video needs package moviepy
add_video needs package moviepy
[306388] 
Start evaluation.
[306388] eval_return 3248.0 / eval_length 1175.6 / eval_episodes 5.0
add_video needs package moviepy
Start training.
[306388] model_loss 15.9 / model_grad_norm 30.3 / image_loss 5.2 / reward_loss 0.1 / cont_loss 0.0 / kl_free 1.0 / dyn_scale 0.5 / rep_scale 0.1 / dyn_loss 17.7 / rep_loss 17.7 / kl 17.7 / prior_abs_ent 33.0 / post_abs_ent -27.3 / prior_obs_ent 7.6 / post_obs_ent -8.5 / boundary_ratio 0.0 / kl_mask 0.0 / normed_target_mean 0.6 / normed_target_std 0.3 / normed_target_min -0.1 / normed_target_max 1.1 / EMA_005 101.2 / EMA_095 1252.6 / value_mean 842.8 / value_std 359.0 / value_min 25.5 / value_max 1365.4 / target_mean 844.7 / target_std 359.8 / target_min 29.5 / target_max 1383.4 / imag_reward_mean 2.3 / imag_reward_std 5.3 / imag_reward_min -0.0 / imag_reward_max 33.3 / imag_action_mean 7.4 / imag_action_std 4.1 / imag_action_min 0.0 / imag_action_max 17.0 / actor_entropy 0.4 / actor_loss 0.4 / actor_grad_norm 8.2 / value_loss 1.2 / value_grad_norm 1.4 / update_count 65053.0 / fps 12.7
add_video needs package moviepy
add_video needs package moviepy
[307012] 
Start evaluation.
[307012] eval_return 3598.0 / eval_length 1206.4 / eval_episodes 5.0
add_video needs package moviepy
Start training.
[307012] model_loss 16.0 / model_grad_norm 29.8 / image_loss 5.2 / reward_loss 0.1 / cont_loss 0.0 / kl_free 1.0 / dyn_scale 0.5 / rep_scale 0.1 / dyn_loss 17.8 / rep_loss 17.8 / kl 17.8 / prior_abs_ent 32.6 / post_abs_ent -27.4 / prior_obs_ent 7.3 / post_obs_ent -8.7 / boundary_ratio 0.0 / kl_mask 0.0 / normed_target_mean 0.6 / normed_target_std 0.3 / normed_target_min -0.1 / normed_target_max 1.1 / EMA_005 108.1 / EMA_095 1257.5 / value_mean 847.5 / value_std 354.2 / value_min 24.0 / value_max 1369.1 / target_mean 849.6 / target_std 355.4 / target_min 28.4 / target_max 1393.0 / imag_reward_mean 2.4 / imag_reward_std 5.1 / imag_reward_min -0.0 / imag_reward_max 24.1 / imag_action_mean 7.5 / imag_action_std 4.1 / imag_action_min 0.0 / imag_action_max 17.0 / actor_entropy 0.3 / actor_loss 0.5 / actor_grad_norm 8.2 / value_loss 1.2 / value_grad_norm 1.4 / update_count 65209.0 / fps 12.7
add_video needs package moviepy
add_video needs package moviepy
[307636] 
Start evaluation.
[307636] eval_return 3606.0 / eval_length 1263.2 / eval_episodes 5.0
add_video needs package moviepy
Start training.
[307636] model_loss 16.0 / model_grad_norm 32.0 / image_loss 5.3 / reward_loss 0.1 / cont_loss 0.0 / kl_free 1.0 / dyn_scale 0.5 / rep_scale 0.1 / dyn_loss 17.7 / rep_loss 17.7 / kl 17.7 / prior_abs_ent 33.0 / post_abs_ent -27.3 / prior_obs_ent 8.2 / post_obs_ent -7.7 / boundary_ratio 0.0 / kl_mask 0.0 / normed_target_mean 0.6 / normed_target_std 0.3 / normed_target_min -0.1 / normed_target_max 1.1 / EMA_005 121.2 / EMA_095 1260.5 / value_mean 847.6 / value_std 354.9 / value_min 27.7 / value_max 1376.9 / target_mean 849.7 / target_std 355.6 / target_min 28.4 / target_max 1399.5 / imag_reward_mean 2.3 / imag_reward_std 5.2 / imag_reward_min -0.0 / imag_reward_max 33.6 / imag_action_mean 7.4 / imag_action_std 4.0 / imag_action_min 0.0 / imag_action_max 17.0 / actor_entropy 0.3 / actor_loss 0.5 / actor_grad_norm 8.3 / value_loss 1.2 / value_grad_norm 1.4 / update_count 65365.0 / fps 12.5
add_video needs package moviepy
add_video needs package moviepy
[308260] 
Start evaluation.
[308260] eval_return 3714.0 / eval_length 1293.0 / eval_episodes 5.0
add_video needs package moviepy
Start training.
[308260] model_loss 16.0 / model_grad_norm 31.1 / image_loss 5.2 / reward_loss 0.1 / cont_loss 0.0 / kl_free 1.0 / dyn_scale 0.5 / rep_scale 0.1 / dyn_loss 17.8 / rep_loss 17.8 / kl 17.8 / prior_abs_ent 33.1 / post_abs_ent -27.4 / prior_obs_ent 7.7 / post_obs_ent -8.4 / boundary_ratio 0.0 / kl_mask 0.0 / normed_target_mean 0.7 / normed_target_std 0.3 / normed_target_min -0.1 / normed_target_max 1.1 / EMA_005 104.9 / EMA_095 1265.5 / value_mean 859.2 / value_std 363.1 / value_min 15.1 / value_max 1375.7 / target_mean 861.3 / target_std 363.8 / target_min 16.9 / target_max 1401.9 / imag_reward_mean 2.3 / imag_reward_std 5.3 / imag_reward_min -0.0 / imag_reward_max 30.4 / imag_action_mean 7.5 / imag_action_std 4.1 / imag_action_min 0.0 / imag_action_max 17.0 / actor_entropy 0.4 / actor_loss 0.5 / actor_grad_norm 8.2 / value_loss 1.2 / value_grad_norm 1.3 / update_count 65521.0 / fps 12.4
add_video needs package moviepy
add_video needs package moviepy
[308884] 
Start evaluation.
[308884] eval_return 3624.0 / eval_length 1361.8 / eval_episodes 5.0
add_video needs package moviepy
Start training.
[308884] model_loss 16.0 / model_grad_norm 29.1 / image_loss 5.2 / reward_loss 0.1 / cont_loss 0.0 / kl_free 1.0 / dyn_scale 0.5 / rep_scale 0.1 / dyn_loss 17.7 / rep_loss 17.7 / kl 17.7 / prior_abs_ent 32.6 / post_abs_ent -27.5 / prior_obs_ent 7.7 / post_obs_ent -8.3 / boundary_ratio 0.0 / kl_mask 0.0 / normed_target_mean 0.6 / normed_target_std 0.3 / normed_target_min -0.1 / normed_target_max 1.1 / EMA_005 108.0 / EMA_095 1270.7 / value_mean 860.4 / value_std 355.8 / value_min 19.1 / value_max 1373.1 / target_mean 861.6 / target_std 356.5 / target_min 19.3 / target_max 1395.1 / imag_reward_mean 2.3 / imag_reward_std 5.2 / imag_reward_min -0.0 / imag_reward_max 27.3 / imag_action_mean 7.6 / imag_action_std 4.1 / imag_action_min 0.0 / imag_action_max 17.0 / actor_entropy 0.4 / actor_loss 0.2 / actor_grad_norm 8.0 / value_loss 1.2 / value_grad_norm 1.4 / update_count 65677.0 / fps 12.2
add_video needs package moviepy
add_video needs package moviepy
[309508] 
Start evaluation.
[309508] eval_return 3812.0 / eval_length 1361.0 / eval_episodes 5.0
add_video needs package moviepy
Start training.
[309508] model_loss 16.1 / model_grad_norm 30.2 / image_loss 5.3 / reward_loss 0.1 / cont_loss 0.0 / kl_free 1.0 / dyn_scale 0.5 / rep_scale 0.1 / dyn_loss 17.8 / rep_loss 17.8 / kl 17.8 / prior_abs_ent 32.8 / post_abs_ent -27.5 / prior_obs_ent 7.6 / post_obs_ent -8.5 / boundary_ratio 0.0 / kl_mask 0.0 / normed_target_mean 0.7 / normed_target_std 0.3 / normed_target_min -0.1 / normed_target_max 1.1 / EMA_005 99.7 / EMA_095 1267.3 / value_mean 861.2 / value_std 355.7 / value_min 20.8 / value_max 1377.3 / target_mean 862.5 / target_std 356.5 / target_min 22.0 / target_max 1401.7 / imag_reward_mean 2.4 / imag_reward_std 5.1 / imag_reward_min -0.0 / imag_reward_max 24.1 / imag_action_mean 7.6 / imag_action_std 4.1 / imag_action_min 0.0 / imag_action_max 17.0 / actor_entropy 0.4 / actor_loss 0.2 / actor_grad_norm 8.5 / value_loss 1.2 / value_grad_norm 1.2 / update_count 65833.0 / fps 12.3
add_video needs package moviepy
add_video needs package moviepy
[310132] 
Start evaluation.
[310132] eval_return 3694.0 / eval_length 1276.4 / eval_episodes 5.0
add_video needs package moviepy
Start training.
[310132] model_loss 15.8 / model_grad_norm 26.6 / image_loss 5.1 / reward_loss 0.1 / cont_loss 0.0 / kl_free 1.0 / dyn_scale 0.5 / rep_scale 0.1 / dyn_loss 17.7 / rep_loss 17.7 / kl 17.7 / prior_abs_ent 32.7 / post_abs_ent -27.4 / prior_obs_ent 6.8 / post_obs_ent -9.2 / boundary_ratio 0.0 / kl_mask 0.0 / normed_target_mean 0.6 / normed_target_std 0.3 / normed_target_min -0.1 / normed_target_max 1.1 / EMA_005 109.4 / EMA_095 1268.8 / value_mean 859.1 / value_std 351.6 / value_min 36.0 / value_max 1373.1 / target_mean 860.2 / target_std 352.8 / target_min 42.6 / target_max 1397.6 / imag_reward_mean 2.4 / imag_reward_std 5.2 / imag_reward_min -0.0 / imag_reward_max 27.0 / imag_action_mean 7.6 / imag_action_std 4.1 / imag_action_min 0.0 / imag_action_max 17.0 / actor_entropy 0.4 / actor_loss 0.1 / actor_grad_norm 8.7 / value_loss 1.2 / value_grad_norm 1.3 / update_count 65989.0 / fps 12.5
add_video needs package moviepy
add_video needs package moviepy
[310452] dataset_size 77613.0 / train_return 4760.0 / train_length 1393.0 / train_episodes 56.0
[310756] 
Start evaluation.
[310756] eval_return 3840.0 / eval_length 1278.4 / eval_episodes 5.0
add_video needs package moviepy
Start training.
[310756] model_loss 15.9 / model_grad_norm 27.3 / image_loss 5.1 / reward_loss 0.1 / cont_loss 0.0 / kl_free 1.0 / dyn_scale 0.5 / rep_scale 0.1 / dyn_loss 17.8 / rep_loss 17.8 / kl 17.8 / prior_abs_ent 32.9 / post_abs_ent -27.4 / prior_obs_ent 7.5 / post_obs_ent -8.5 / boundary_ratio 0.0 / kl_mask 0.0 / normed_target_mean 0.7 / normed_target_std 0.3 / normed_target_min -0.1 / normed_target_max 1.1 / EMA_005 107.7 / EMA_095 1266.5 / value_mean 862.9 / value_std 354.9 / value_min 12.3 / value_max 1371.5 / target_mean 864.0 / target_std 355.9 / target_min 12.5 / target_max 1395.0 / imag_reward_mean 2.4 / imag_reward_std 5.1 / imag_reward_min -0.0 / imag_reward_max 21.3 / imag_action_mean 7.6 / imag_action_std 4.1 / imag_action_min 0.0 / imag_action_max 17.0 / actor_entropy 0.4 / actor_loss 0.2 / actor_grad_norm 8.2 / value_loss 1.2 / value_grad_norm 1.4 / update_count 66145.0 / fps 12.4
add_video needs package moviepy
add_video needs package moviepy
[311380] 
Start evaluation.
[311380] eval_return 4264.0 / eval_length 1391.0 / eval_episodes 5.0
add_video needs package moviepy
Start training.
[311380] model_loss 16.0 / model_grad_norm 29.6 / image_loss 5.2 / reward_loss 0.1 / cont_loss 0.0 / kl_free 1.0 / dyn_scale 0.5 / rep_scale 0.1 / dyn_loss 17.8 / rep_loss 17.8 / kl 17.8 / prior_abs_ent 33.2 / post_abs_ent -27.5 / prior_obs_ent 7.4 / post_obs_ent -8.7 / boundary_ratio 0.0 / kl_mask 0.0 / normed_target_mean 0.7 / normed_target_std 0.3 / normed_target_min -0.1 / normed_target_max 1.1 / EMA_005 92.6 / EMA_095 1267.2 / value_mean 857.1 / value_std 360.3 / value_min 13.4 / value_max 1376.7 / target_mean 858.6 / target_std 361.0 / target_min 11.9 / target_max 1398.3 / imag_reward_mean 2.4 / imag_reward_std 5.1 / imag_reward_min -0.0 / imag_reward_max 20.8 / imag_action_mean 7.6 / imag_action_std 4.1 / imag_action_min 0.0 / imag_action_max 17.0 / actor_entropy 0.4 / actor_loss 0.2 / actor_grad_norm 8.9 / value_loss 1.2 / value_grad_norm 1.4 / update_count 66301.0 / fps 12.2
add_video needs package moviepy
add_video needs package moviepy
[312004] 
Start evaluation.
[312004] eval_return 3854.0 / eval_length 1385.6 / eval_episodes 5.0
add_video needs package moviepy
Start training.
[312004] model_loss 16.0 / model_grad_norm 28.1 / image_loss 5.2 / reward_loss 0.1 / cont_loss 0.0 / kl_free 1.0 / dyn_scale 0.5 / rep_scale 0.1 / dyn_loss 17.9 / rep_loss 17.9 / kl 17.9 / prior_abs_ent 32.9 / post_abs_ent -27.5 / prior_obs_ent 6.9 / post_obs_ent -9.2 / boundary_ratio 0.0 / kl_mask 0.0 / normed_target_mean 0.7 / normed_target_std 0.3 / normed_target_min -0.1 / normed_target_max 1.1 / EMA_005 100.7 / EMA_095 1267.3 / value_mean 866.4 / value_std 351.0 / value_min 16.4 / value_max 1375.0 / target_mean 868.0 / target_std 351.8 / target_min 18.6 / target_max 1399.4 / imag_reward_mean 2.4 / imag_reward_std 5.1 / imag_reward_min -0.0 / imag_reward_max 23.7 / imag_action_mean 7.8 / imag_action_std 4.1 / imag_action_min 0.0 / imag_action_max 17.0 / actor_entropy 0.4 / actor_loss 0.3 / actor_grad_norm 8.7 / value_loss 1.2 / value_grad_norm 1.3 / update_count 66457.0 / fps 12.1
add_video needs package moviepy
add_video needs package moviepy
[312628] 
Start evaluation.
[312628] eval_return 3022.0 / eval_length 1125.0 / eval_episodes 5.0
add_video needs package moviepy
Start training.
[312628] model_loss 15.9 / model_grad_norm 29.6 / image_loss 5.2 / reward_loss 0.1 / cont_loss 0.0 / kl_free 1.0 / dyn_scale 0.5 / rep_scale 0.1 / dyn_loss 17.7 / rep_loss 17.7 / kl 17.7 / prior_abs_ent 33.0 / post_abs_ent -27.3 / prior_obs_ent 7.3 / post_obs_ent -8.7 / boundary_ratio 0.0 / kl_mask 0.0 / normed_target_mean 0.6 / normed_target_std 0.3 / normed_target_min -0.1 / normed_target_max 1.1 / EMA_005 94.9 / EMA_095 1264.4 / value_mean 852.2 / value_std 364.2 / value_min 26.8 / value_max 1373.1 / target_mean 853.2 / target_std 364.9 / target_min 25.2 / target_max 1393.8 / imag_reward_mean 2.3 / imag_reward_std 5.2 / imag_reward_min -0.0 / imag_reward_max 27.4 / imag_action_mean 7.9 / imag_action_std 4.1 / imag_action_min 0.0 / imag_action_max 17.0 / actor_entropy 0.4 / actor_loss 0.1 / actor_grad_norm 8.0 / value_loss 1.2 / value_grad_norm 1.3 / update_count 66613.0 / fps 12.8
add_video needs package moviepy
add_video needs package moviepy
[313252] 
Start evaluation.
[313252] eval_return 3784.0 / eval_length 1256.6 / eval_episodes 5.0
add_video needs package moviepy
Start training.
[313252] model_loss 16.0 / model_grad_norm 30.1 / image_loss 5.2 / reward_loss 0.1 / cont_loss 0.0 / kl_free 1.0 / dyn_scale 0.5 / rep_scale 0.1 / dyn_loss 17.8 / rep_loss 17.8 / kl 17.8 / prior_abs_ent 33.0 / post_abs_ent -27.4 / prior_obs_ent 7.4 / post_obs_ent -8.7 / boundary_ratio 0.0 / kl_mask 0.0 / normed_target_mean 0.6 / normed_target_std 0.3 / normed_target_min -0.1 / normed_target_max 1.1 / EMA_005 104.4 / EMA_095 1264.8 / value_mean 853.1 / value_std 362.2 / value_min 19.6 / value_max 1370.6 / target_mean 854.5 / target_std 362.9 / target_min 23.7 / target_max 1391.9 / imag_reward_mean 2.4 / imag_reward_std 5.2 / imag_reward_min -0.0 / imag_reward_max 26.8 / imag_action_mean 7.7 / imag_action_std 4.1 / imag_action_min 0.0 / imag_action_max 17.0 / actor_entropy 0.4 / actor_loss 0.2 / actor_grad_norm 8.3 / value_loss 1.2 / value_grad_norm 1.3 / update_count 66769.0 / fps 12.5
add_video needs package moviepy
add_video needs package moviepy
[313876] 
Start evaluation.
[313876] eval_return 4258.0 / eval_length 1407.8 / eval_episodes 5.0
add_video needs package moviepy
Start training.
[313876] model_loss 16.0 / model_grad_norm 30.5 / image_loss 5.2 / reward_loss 0.1 / cont_loss 0.0 / kl_free 1.0 / dyn_scale 0.5 / rep_scale 0.1 / dyn_loss 17.7 / rep_loss 17.7 / kl 17.7 / prior_abs_ent 33.0 / post_abs_ent -27.4 / prior_obs_ent 7.3 / post_obs_ent -8.7 / boundary_ratio 0.0 / kl_mask 0.0 / normed_target_mean 0.7 / normed_target_std 0.3 / normed_target_min -0.1 / normed_target_max 1.1 / EMA_005 92.4 / EMA_095 1267.2 / value_mean 863.4 / value_std 358.4 / value_min 16.8 / value_max 1374.9 / target_mean 864.7 / target_std 359.2 / target_min 19.7 / target_max 1399.8 / imag_reward_mean 2.3 / imag_reward_std 5.1 / imag_reward_min -0.0 / imag_reward_max 22.5 / imag_action_mean 7.6 / imag_action_std 4.1 / imag_action_min 0.0 / imag_action_max 17.0 / actor_entropy 0.4 / actor_loss 0.2 / actor_grad_norm 8.5 / value_loss 1.2 / value_grad_norm 1.3 / update_count 66925.0 / fps 11.9
add_video needs package moviepy
add_video needs package moviepy
[314500] 
Start evaluation.
[314500] eval_return 4270.0 / eval_length 1474.6 / eval_episodes 5.0
add_video needs package moviepy
Start training.
[314500] model_loss 15.9 / model_grad_norm 26.7 / image_loss 5.1 / reward_loss 0.1 / cont_loss 0.0 / kl_free 1.0 / dyn_scale 0.5 / rep_scale 0.1 / dyn_loss 17.7 / rep_loss 17.7 / kl 17.7 / prior_abs_ent 32.9 / post_abs_ent -27.4 / prior_obs_ent 7.3 / post_obs_ent -8.7 / boundary_ratio 0.0 / kl_mask 0.0 / normed_target_mean 0.7 / normed_target_std 0.3 / normed_target_min -0.1 / normed_target_max 1.1 / EMA_005 102.2 / EMA_095 1264.5 / value_mean 860.6 / value_std 359.6 / value_min 26.1 / value_max 1373.4 / target_mean 862.2 / target_std 360.1 / target_min 27.8 / target_max 1392.5 / imag_reward_mean 2.3 / imag_reward_std 5.3 / imag_reward_min -0.0 / imag_reward_max 36.1 / imag_action_mean 7.5 / imag_action_std 4.1 / imag_action_min 0.0 / imag_action_max 17.0 / actor_entropy 0.4 / actor_loss 0.3 / actor_grad_norm 8.3 / value_loss 1.2 / value_grad_norm 1.2 / update_count 67081.0 / fps 11.7
add_video needs package moviepy
add_video needs package moviepy
[315124] 
Start evaluation.
[315124] eval_return 3740.0 / eval_length 1289.2 / eval_episodes 5.0
add_video needs package moviepy
Start training.
[315124] model_loss 15.9 / model_grad_norm 35.9 / image_loss 5.2 / reward_loss 0.1 / cont_loss 0.0 / kl_free 1.0 / dyn_scale 0.5 / rep_scale 0.1 / dyn_loss 17.6 / rep_loss 17.6 / kl 17.6 / prior_abs_ent 33.0 / post_abs_ent -27.4 / prior_obs_ent 7.2 / post_obs_ent -8.7 / boundary_ratio 0.0 / kl_mask 0.0 / normed_target_mean 0.6 / normed_target_std 0.3 / normed_target_min -0.1 / normed_target_max 1.1 / EMA_005 100.5 / EMA_095 1256.2 / value_mean 847.5 / value_std 355.8 / value_min 24.8 / value_max 1372.0 / target_mean 848.8 / target_std 356.6 / target_min 29.4 / target_max 1393.6 / imag_reward_mean 2.2 / imag_reward_std 5.2 / imag_reward_min -0.0 / imag_reward_max 35.6 / imag_action_mean 7.5 / imag_action_std 4.1 / imag_action_min 0.0 / imag_action_max 17.0 / actor_entropy 0.4 / actor_loss 0.3 / actor_grad_norm 8.2 / value_loss 1.2 / value_grad_norm 1.3 / update_count 67237.0 / fps 12.3
add_video needs package moviepy
add_video needs package moviepy
[315748] 
Start evaluation.
[315748] eval_return 3796.0 / eval_length 1305.4 / eval_episodes 5.0
add_video needs package moviepy
Start training.
[315748] model_loss 16.0 / model_grad_norm 25.9 / image_loss 5.2 / reward_loss 0.1 / cont_loss 0.0 / kl_free 1.0 / dyn_scale 0.5 / rep_scale 0.1 / dyn_loss 17.9 / rep_loss 17.9 / kl 17.9 / prior_abs_ent 33.1 / post_abs_ent -27.4 / prior_obs_ent 7.2 / post_obs_ent -8.9 / boundary_ratio 0.0 / kl_mask 0.0 / normed_target_mean 0.6 / normed_target_std 0.3 / normed_target_min -0.1 / normed_target_max 1.1 / EMA_005 117.4 / EMA_095 1261.0 / value_mean 857.3 / value_std 354.4 / value_min 19.6 / value_max 1368.7 / target_mean 858.9 / target_std 355.4 / target_min 24.9 / target_max 1392.0 / imag_reward_mean 2.4 / imag_reward_std 5.3 / imag_reward_min -0.0 / imag_reward_max 32.8 / imag_action_mean 7.8 / imag_action_std 4.1 / imag_action_min 0.0 / imag_action_max 17.0 / actor_entropy 0.4 / actor_loss 0.3 / actor_grad_norm 8.5 / value_loss 1.2 / value_grad_norm 1.3 / update_count 67393.0 / fps 12.2
add_video needs package moviepy
add_video needs package moviepy
[316272] dataset_size 79068.0 / train_return 4080.0 / train_length 1455.0 / train_episodes 57.0
[316372] 
Start evaluation.
[316372] eval_return 4382.0 / eval_length 1392.6 / eval_episodes 5.0
add_video needs package moviepy
Start training.
[316372] model_loss 16.1 / model_grad_norm 29.1 / image_loss 5.2 / reward_loss 0.1 / cont_loss 0.0 / kl_free 1.0 / dyn_scale 0.5 / rep_scale 0.1 / dyn_loss 17.9 / rep_loss 17.9 / kl 17.9 / prior_abs_ent 33.4 / post_abs_ent -27.3 / prior_obs_ent 7.7 / post_obs_ent -8.5 / boundary_ratio 0.0 / kl_mask 0.0 / normed_target_mean 0.7 / normed_target_std 0.3 / normed_target_min -0.1 / normed_target_max 1.1 / EMA_005 121.0 / EMA_095 1263.9 / value_mean 864.9 / value_std 348.8 / value_min 32.8 / value_max 1373.5 / target_mean 866.3 / target_std 349.9 / target_min 41.7 / target_max 1397.8 / imag_reward_mean 2.4 / imag_reward_std 5.2 / imag_reward_min -0.0 / imag_reward_max 28.6 / imag_action_mean 7.8 / imag_action_std 4.1 / imag_action_min 0.0 / imag_action_max 17.0 / actor_entropy 0.4 / actor_loss 0.2 / actor_grad_norm 8.4 / value_loss 1.2 / value_grad_norm 1.3 / update_count 67549.0 / fps 12.0
add_video needs package moviepy
add_video needs package moviepy
[316996] 
Start evaluation.
[316996] eval_return 4094.0 / eval_length 1315.2 / eval_episodes 5.0
add_video needs package moviepy
Start training.
[316996] model_loss 16.0 / model_grad_norm 31.7 / image_loss 5.1 / reward_loss 0.1 / cont_loss 0.0 / kl_free 1.0 / dyn_scale 0.5 / rep_scale 0.1 / dyn_loss 17.8 / rep_loss 17.8 / kl 17.8 / prior_abs_ent 32.9 / post_abs_ent -27.4 / prior_obs_ent 7.2 / post_obs_ent -9.0 / boundary_ratio 0.0 / kl_mask 0.0 / normed_target_mean 0.6 / normed_target_std 0.3 / normed_target_min -0.1 / normed_target_max 1.1 / EMA_005 125.5 / EMA_095 1267.8 / value_mean 865.5 / value_std 355.8 / value_min 32.4 / value_max 1374.8 / target_mean 867.0 / target_std 356.8 / target_min 31.7 / target_max 1400.0 / imag_reward_mean 2.4 / imag_reward_std 5.3 / imag_reward_min -0.0 / imag_reward_max 29.9 / imag_action_mean 7.7 / imag_action_std 4.0 / imag_action_min 0.0 / imag_action_max 17.0 / actor_entropy 0.4 / actor_loss 0.2 / actor_grad_norm 8.2 / value_loss 1.2 / value_grad_norm 1.2 / update_count 67705.0 / fps 12.2
add_video needs package moviepy
add_video needs package moviepy
[317620] 
Start evaluation.
[317620] eval_return 3774.0 / eval_length 1239.6 / eval_episodes 5.0
add_video needs package moviepy
Start training.
[317620] model_loss 16.1 / model_grad_norm 32.0 / image_loss 5.2 / reward_loss 0.1 / cont_loss 0.0 / kl_free 1.0 / dyn_scale 0.5 / rep_scale 0.1 / dyn_loss 17.9 / rep_loss 17.9 / kl 17.9 / prior_abs_ent 32.9 / post_abs_ent -27.4 / prior_obs_ent 7.5 / post_obs_ent -8.7 / boundary_ratio 0.0 / kl_mask 0.0 / normed_target_mean 0.7 / normed_target_std 0.3 / normed_target_min -0.1 / normed_target_max 1.1 / EMA_005 127.0 / EMA_095 1270.2 / value_mean 869.5 / value_std 348.1 / value_min 35.0 / value_max 1373.1 / target_mean 871.2 / target_std 349.0 / target_min 38.9 / target_max 1398.0 / imag_reward_mean 2.3 / imag_reward_std 5.2 / imag_reward_min -0.0 / imag_reward_max 29.9 / imag_action_mean 7.6 / imag_action_std 4.0 / imag_action_min 0.0 / imag_action_max 17.0 / actor_entropy 0.4 / actor_loss 0.3 / actor_grad_norm 8.0 / value_loss 1.2 / value_grad_norm 1.2 / update_count 67861.0 / fps 12.5
add_video needs package moviepy
add_video needs package moviepy
[318244] 
Start evaluation.
[318244] eval_return 4256.0 / eval_length 1453.6 / eval_episodes 5.0
add_video needs package moviepy
Start training.
[318244] model_loss 16.0 / model_grad_norm 25.9 / image_loss 5.1 / reward_loss 0.1 / cont_loss 0.0 / kl_free 1.0 / dyn_scale 0.5 / rep_scale 0.1 / dyn_loss 17.9 / rep_loss 17.9 / kl 17.9 / prior_abs_ent 33.0 / post_abs_ent -27.4 / prior_obs_ent 7.2 / post_obs_ent -9.0 / boundary_ratio 0.0 / kl_mask 0.0 / normed_target_mean 0.7 / normed_target_std 0.3 / normed_target_min -0.1 / normed_target_max 1.1 / EMA_005 117.7 / EMA_095 1270.6 / value_mean 869.8 / value_std 353.4 / value_min 19.5 / value_max 1372.8 / target_mean 871.2 / target_std 354.5 / target_min 25.6 / target_max 1396.7 / imag_reward_mean 2.4 / imag_reward_std 5.2 / imag_reward_min -0.0 / imag_reward_max 24.3 / imag_action_mean 7.5 / imag_action_std 4.0 / imag_action_min 0.0 / imag_action_max 17.0 / actor_entropy 0.4 / actor_loss 0.2 / actor_grad_norm 8.6 / value_loss 1.2 / value_grad_norm 1.2 / update_count 68017.0 / fps 12.0
add_video needs package moviepy
add_video needs package moviepy
[318868] 
Start evaluation.
[318868] eval_return 3998.0 / eval_length 1414.6 / eval_episodes 5.0
add_video needs package moviepy
Start training.
[318868] model_loss 15.9 / model_grad_norm 29.4 / image_loss 5.1 / reward_loss 0.1 / cont_loss 0.0 / kl_free 1.0 / dyn_scale 0.5 / rep_scale 0.1 / dyn_loss 17.7 / rep_loss 17.7 / kl 17.7 / prior_abs_ent 32.9 / post_abs_ent -27.3 / prior_obs_ent 7.3 / post_obs_ent -8.8 / boundary_ratio 0.0 / kl_mask 0.0 / normed_target_mean 0.7 / normed_target_std 0.3 / normed_target_min -0.1 / normed_target_max 1.1 / EMA_005 109.0 / EMA_095 1271.9 / value_mean 867.0 / value_std 360.5 / value_min 18.2 / value_max 1374.4 / target_mean 868.8 / target_std 361.5 / target_min 21.5 / target_max 1398.8 / imag_reward_mean 2.3 / imag_reward_std 5.1 / imag_reward_min -0.0 / imag_reward_max 24.2 / imag_action_mean 7.5 / imag_action_std 4.0 / imag_action_min 0.0 / imag_action_max 17.0 / actor_entropy 0.4 / actor_loss 0.4 / actor_grad_norm 8.6 / value_loss 1.2 / value_grad_norm 1.2 / update_count 68173.0 / fps 12.1
add_video needs package moviepy
add_video needs package moviepy
[319492] 
Start evaluation.
[319492] eval_return 4580.0 / eval_length 1403.0 / eval_episodes 5.0
add_video needs package moviepy
Start training.
[319492] model_loss 16.0 / model_grad_norm 28.6 / image_loss 5.3 / reward_loss 0.1 / cont_loss 0.0 / kl_free 1.0 / dyn_scale 0.5 / rep_scale 0.1 / dyn_loss 17.8 / rep_loss 17.8 / kl 17.8 / prior_abs_ent 33.3 / post_abs_ent -27.3 / prior_obs_ent 7.5 / post_obs_ent -8.6 / boundary_ratio 0.0 / kl_mask 0.0 / normed_target_mean 0.6 / normed_target_std 0.3 / normed_target_min -0.1 / normed_target_max 1.1 / EMA_005 99.8 / EMA_095 1269.0 / value_mean 854.0 / value_std 361.4 / value_min 14.8 / value_max 1370.8 / target_mean 855.4 / target_std 362.4 / target_min 17.4 / target_max 1395.6 / imag_reward_mean 2.3 / imag_reward_std 5.1 / imag_reward_min -0.0 / imag_reward_max 26.5 / imag_action_mean 7.5 / imag_action_std 4.0 / imag_action_min 0.0 / imag_action_max 17.0 / actor_entropy 0.4 / actor_loss 0.2 / actor_grad_norm 8.6 / value_loss 1.2 / value_grad_norm 1.3 / update_count 68329.0 / fps 12.1
add_video needs package moviepy
add_video needs package moviepy
[320116] 
Start evaluation.
[320116] eval_return 4292.0 / eval_length 1381.0 / eval_episodes 5.0
add_video needs package moviepy
Start training.
[320116] model_loss 16.1 / model_grad_norm 34.2 / image_loss 5.2 / reward_loss 0.1 / cont_loss 0.0 / kl_free 1.0 / dyn_scale 0.5 / rep_scale 0.1 / dyn_loss 17.9 / rep_loss 17.9 / kl 17.9 / prior_abs_ent 33.3 / post_abs_ent -27.4 / prior_obs_ent 8.1 / post_obs_ent -8.1 / boundary_ratio 0.0 / kl_mask 0.0 / normed_target_mean 0.6 / normed_target_std 0.3 / normed_target_min -0.1 / normed_target_max 1.1 / EMA_005 110.7 / EMA_095 1276.8 / value_mean 859.8 / value_std 361.3 / value_min 26.3 / value_max 1381.5 / target_mean 861.0 / target_std 362.2 / target_min 31.5 / target_max 1412.5 / imag_reward_mean 2.3 / imag_reward_std 5.2 / imag_reward_min -0.0 / imag_reward_max 29.6 / imag_action_mean 7.5 / imag_action_std 4.0 / imag_action_min 0.0 / imag_action_max 17.0 / actor_entropy 0.4 / actor_loss 0.2 / actor_grad_norm 8.8 / value_loss 1.2 / value_grad_norm 1.4 / update_count 68485.0 / fps 12.0
add_video needs package moviepy
add_video needs package moviepy
[320740] 
Start evaluation.
[320740] eval_return 4126.0 / eval_length 1247.8 / eval_episodes 5.0
add_video needs package moviepy
Start training.
[320740] model_loss 15.8 / model_grad_norm 31.9 / image_loss 5.1 / reward_loss 0.1 / cont_loss 0.0 / kl_free 1.0 / dyn_scale 0.5 / rep_scale 0.1 / dyn_loss 17.6 / rep_loss 17.6 / kl 17.6 / prior_abs_ent 32.6 / post_abs_ent -27.2 / prior_obs_ent 7.3 / post_obs_ent -8.5 / boundary_ratio 0.0 / kl_mask 0.0 / normed_target_mean 0.6 / normed_target_std 0.3 / normed_target_min -0.1 / normed_target_max 1.1 / EMA_005 98.2 / EMA_095 1274.3 / value_mean 853.1 / value_std 370.6 / value_min 16.1 / value_max 1377.6 / target_mean 854.3 / target_std 371.5 / target_min 19.4 / target_max 1400.1 / imag_reward_mean 2.3 / imag_reward_std 5.0 / imag_reward_min -0.0 / imag_reward_max 21.3 / imag_action_mean 7.4 / imag_action_std 4.1 / imag_action_min 0.0 / imag_action_max 17.0 / actor_entropy 0.4 / actor_loss 0.2 / actor_grad_norm 8.3 / value_loss 1.2 / value_grad_norm 1.4 / update_count 68641.0 / fps 12.5
add_video needs package moviepy
add_video needs package moviepy
[320760] dataset_size 80190.0 / train_return 2910.0 / train_length 1122.0 / train_episodes 58.0
[321364] 
Start evaluation.
[321364] eval_return 4230.0 / eval_length 1367.4 / eval_episodes 5.0
add_video needs package moviepy
Start training.
[321364] model_loss 16.2 / model_grad_norm 30.2 / image_loss 5.3 / reward_loss 0.1 / cont_loss 0.0 / kl_free 1.0 / dyn_scale 0.5 / rep_scale 0.1 / dyn_loss 18.0 / rep_loss 18.0 / kl 18.0 / prior_abs_ent 33.5 / post_abs_ent -27.3 / prior_obs_ent 8.3 / post_obs_ent -7.8 / boundary_ratio 0.0 / kl_mask 0.0 / normed_target_mean 0.6 / normed_target_std 0.3 / normed_target_min -0.1 / normed_target_max 1.1 / EMA_005 88.3 / EMA_095 1273.5 / value_mean 849.7 / value_std 377.9 / value_min 10.3 / value_max 1372.3 / target_mean 851.1 / target_std 378.6 / target_min 9.5 / target_max 1401.3 / imag_reward_mean 2.4 / imag_reward_std 5.2 / imag_reward_min -0.0 / imag_reward_max 25.1 / imag_action_mean 7.4 / imag_action_std 4.1 / imag_action_min 0.0 / imag_action_max 17.0 / actor_entropy 0.4 / actor_loss 0.3 / actor_grad_norm 8.9 / value_loss 1.3 / value_grad_norm 1.5 / update_count 68797.0 / fps 12.2
add_video needs package moviepy
add_video needs package moviepy
[321988] 
Start evaluation.
[321988] eval_return 4120.0 / eval_length 1360.6 / eval_episodes 5.0
add_video needs package moviepy
Start training.
[321988] model_loss 16.0 / model_grad_norm 35.2 / image_loss 5.3 / reward_loss 0.1 / cont_loss 0.0 / kl_free 1.0 / dyn_scale 0.5 / rep_scale 0.1 / dyn_loss 17.6 / rep_loss 17.6 / kl 17.6 / prior_abs_ent 33.2 / post_abs_ent -27.2 / prior_obs_ent 7.8 / post_obs_ent -8.2 / boundary_ratio 0.0 / kl_mask 0.0 / normed_target_mean 0.6 / normed_target_std 0.3 / normed_target_min -0.1 / normed_target_max 1.1 / EMA_005 83.9 / EMA_095 1274.5 / value_mean 843.4 / value_std 374.5 / value_min 18.6 / value_max 1375.4 / target_mean 845.2 / target_std 375.2 / target_min 18.8 / target_max 1399.4 / imag_reward_mean 2.3 / imag_reward_std 5.3 / imag_reward_min -0.0 / imag_reward_max 36.0 / imag_action_mean 7.4 / imag_action_std 4.1 / imag_action_min 0.0 / imag_action_max 17.0 / actor_entropy 0.4 / actor_loss 0.3 / actor_grad_norm 9.2 / value_loss 1.3 / value_grad_norm 1.5 / update_count 68953.0 / fps 12.1
add_video needs package moviepy
add_video needs package moviepy
[322612] 
Start evaluation.
[322612] eval_return 3498.0 / eval_length 1217.6 / eval_episodes 5.0
add_video needs package moviepy
Start training.
[322612] model_loss 15.9 / model_grad_norm 29.4 / image_loss 5.2 / reward_loss 0.1 / cont_loss 0.0 / kl_free 1.0 / dyn_scale 0.5 / rep_scale 0.1 / dyn_loss 17.7 / rep_loss 17.7 / kl 17.7 / prior_abs_ent 33.1 / post_abs_ent -27.3 / prior_obs_ent 7.5 / post_obs_ent -8.5 / boundary_ratio 0.0 / kl_mask 0.0 / normed_target_mean 0.6 / normed_target_std 0.3 / normed_target_min -0.1 / normed_target_max 1.1 / EMA_005 84.4 / EMA_095 1276.7 / value_mean 852.8 / value_std 377.0 / value_min 11.8 / value_max 1379.3 / target_mean 854.3 / target_std 377.4 / target_min 12.6 / target_max 1406.2 / imag_reward_mean 2.3 / imag_reward_std 5.2 / imag_reward_min -0.0 / imag_reward_max 30.0 / imag_action_mean 7.4 / imag_action_std 4.1 / imag_action_min 0.0 / imag_action_max 17.0 / actor_entropy 0.4 / actor_loss 0.3 / actor_grad_norm 8.5 / value_loss 1.3 / value_grad_norm 1.4 / update_count 69109.0 / fps 12.6
add_video needs package moviepy
add_video needs package moviepy
[323236] 
Start evaluation.
[323236] eval_return 4714.0 / eval_length 1384.0 / eval_episodes 5.0
add_video needs package moviepy
Start training.
[323236] model_loss 16.3 / model_grad_norm 28.1 / image_loss 5.3 / reward_loss 0.1 / cont_loss 0.0 / kl_free 1.0 / dyn_scale 0.5 / rep_scale 0.1 / dyn_loss 18.1 / rep_loss 18.1 / kl 18.1 / prior_abs_ent 33.1 / post_abs_ent -27.3 / prior_obs_ent 7.8 / post_obs_ent -8.5 / boundary_ratio 0.0 / kl_mask 0.0 / normed_target_mean 0.6 / normed_target_std 0.3 / normed_target_min -0.1 / normed_target_max 1.1 / EMA_005 98.1 / EMA_095 1282.5 / value_mean 855.3 / value_std 370.4 / value_min 24.2 / value_max 1379.1 / target_mean 856.8 / target_std 370.8 / target_min 22.1 / target_max 1412.1 / imag_reward_mean 2.4 / imag_reward_std 5.3 / imag_reward_min -0.0 / imag_reward_max 28.3 / imag_action_mean 7.5 / imag_action_std 4.1 / imag_action_min 0.0 / imag_action_max 17.0 / actor_entropy 0.4 / actor_loss 0.3 / actor_grad_norm 9.0 / value_loss 1.3 / value_grad_norm 1.4 / update_count 69265.0 / fps 12.1
add_video needs package moviepy
add_video needs package moviepy
[323860] 
Start evaluation.
[323860] eval_return 4464.0 / eval_length 1290.0 / eval_episodes 5.0
add_video needs package moviepy
Start training.
[323860] model_loss 16.1 / model_grad_norm 27.7 / image_loss 5.2 / reward_loss 0.1 / cont_loss 0.0 / kl_free 1.0 / dyn_scale 0.5 / rep_scale 0.1 / dyn_loss 17.9 / rep_loss 17.9 / kl 17.9 / prior_abs_ent 32.7 / post_abs_ent -27.2 / prior_obs_ent 7.5 / post_obs_ent -8.7 / boundary_ratio 0.0 / kl_mask 0.0 / normed_target_mean 0.6 / normed_target_std 0.3 / normed_target_min -0.1 / normed_target_max 1.1 / EMA_005 98.7 / EMA_095 1275.8 / value_mean 842.2 / value_std 369.8 / value_min 18.6 / value_max 1374.3 / target_mean 844.3 / target_std 370.1 / target_min 19.0 / target_max 1400.3 / imag_reward_mean 2.4 / imag_reward_std 5.2 / imag_reward_min -0.0 / imag_reward_max 27.0 / imag_action_mean 7.5 / imag_action_std 4.2 / imag_action_min 0.0 / imag_action_max 17.0 / actor_entropy 0.4 / actor_loss 0.5 / actor_grad_norm 8.8 / value_loss 1.3 / value_grad_norm 1.3 / update_count 69421.0 / fps 12.4
add_video needs package moviepy
add_video needs package moviepy
[324484] 
Start evaluation.
[324484] eval_return 4188.0 / eval_length 1311.0 / eval_episodes 5.0
add_video needs package moviepy
Start training.
[324484] model_loss 16.0 / model_grad_norm 26.3 / image_loss 5.2 / reward_loss 0.1 / cont_loss 0.0 / kl_free 1.0 / dyn_scale 0.5 / rep_scale 0.1 / dyn_loss 17.9 / rep_loss 17.9 / kl 17.9 / prior_abs_ent 32.9 / post_abs_ent -27.2 / prior_obs_ent 7.3 / post_obs_ent -8.9 / boundary_ratio 0.0 / kl_mask 0.0 / normed_target_mean 0.6 / normed_target_std 0.3 / normed_target_min -0.1 / normed_target_max 1.1 / EMA_005 99.5 / EMA_095 1273.0 / value_mean 852.1 / value_std 370.5 / value_min 21.1 / value_max 1375.4 / target_mean 853.9 / target_std 370.5 / target_min 21.3 / target_max 1403.1 / imag_reward_mean 2.3 / imag_reward_std 5.3 / imag_reward_min -0.0 / imag_reward_max 32.9 / imag_action_mean 7.5 / imag_action_std 4.2 / imag_action_min 0.0 / imag_action_max 17.0 / actor_entropy 0.4 / actor_loss 0.5 / actor_grad_norm 8.9 / value_loss 1.3 / value_grad_norm 1.4 / update_count 69577.0 / fps 12.4
add_video needs package moviepy
add_video needs package moviepy
[325108] 
Start evaluation.
[325108] eval_return 4914.0 / eval_length 1425.4 / eval_episodes 5.0
add_video needs package moviepy
Start training.
[325108] model_loss 15.9 / model_grad_norm 27.7 / image_loss 5.1 / reward_loss 0.1 / cont_loss 0.0 / kl_free 1.0 / dyn_scale 0.5 / rep_scale 0.1 / dyn_loss 17.8 / rep_loss 17.8 / kl 17.8 / prior_abs_ent 32.9 / post_abs_ent -27.1 / prior_obs_ent 7.5 / post_obs_ent -8.6 / boundary_ratio 0.0 / kl_mask 0.0 / normed_target_mean 0.6 / normed_target_std 0.3 / normed_target_min -0.1 / normed_target_max 1.1 / EMA_005 112.1 / EMA_095 1271.3 / value_mean 856.6 / value_std 363.6 / value_min 24.1 / value_max 1378.5 / target_mean 858.6 / target_std 364.1 / target_min 25.5 / target_max 1404.2 / imag_reward_mean 2.4 / imag_reward_std 5.2 / imag_reward_min -0.0 / imag_reward_max 32.9 / imag_action_mean 7.6 / imag_action_std 4.1 / imag_action_min 0.0 / imag_action_max 17.0 / actor_entropy 0.4 / actor_loss 0.5 / actor_grad_norm 8.7 / value_loss 1.3 / value_grad_norm 1.4 / update_count 69733.0 / fps 12.0
add_video needs package moviepy
add_video needs package moviepy
[325732] 
Start evaluation.
[325732] eval_return 4514.0 / eval_length 1405.6 / eval_episodes 5.0
add_video needs package moviepy
Start training.
[325732] model_loss 16.2 / model_grad_norm 30.3 / image_loss 5.3 / reward_loss 0.1 / cont_loss 0.0 / kl_free 1.0 / dyn_scale 0.5 / rep_scale 0.1 / dyn_loss 17.9 / rep_loss 17.9 / kl 17.9 / prior_abs_ent 32.8 / post_abs_ent -27.3 / prior_obs_ent 7.7 / post_obs_ent -8.5 / boundary_ratio 0.0 / kl_mask 0.0 / normed_target_mean 0.6 / normed_target_std 0.3 / normed_target_min -0.1 / normed_target_max 1.1 / EMA_005 118.3 / EMA_095 1273.6 / value_mean 854.9 / value_std 361.0 / value_min 33.2 / value_max 1375.8 / target_mean 856.6 / target_std 361.7 / target_min 35.2 / target_max 1402.6 / imag_reward_mean 2.4 / imag_reward_std 5.1 / imag_reward_min -0.0 / imag_reward_max 25.7 / imag_action_mean 7.6 / imag_action_std 4.1 / imag_action_min 0.0 / imag_action_max 17.0 / actor_entropy 0.4 / actor_loss 0.4 / actor_grad_norm 8.7 / value_loss 1.3 / value_grad_norm 1.3 / update_count 69889.0 / fps 12.1
add_video needs package moviepy
add_video needs package moviepy
[326356] 
Start evaluation.
[326356] eval_return 4458.0 / eval_length 1413.4 / eval_episodes 5.0
add_video needs package moviepy
Start training.
[326356] model_loss 16.1 / model_grad_norm 29.7 / image_loss 5.2 / reward_loss 0.1 / cont_loss 0.0 / kl_free 1.0 / dyn_scale 0.5 / rep_scale 0.1 / dyn_loss 18.0 / rep_loss 18.0 / kl 18.0 / prior_abs_ent 32.8 / post_abs_ent -27.3 / prior_obs_ent 7.4 / post_obs_ent -8.9 / boundary_ratio 0.0 / kl_mask 0.0 / normed_target_mean 0.6 / normed_target_std 0.3 / normed_target_min -0.1 / normed_target_max 1.1 / EMA_005 121.7 / EMA_095 1277.8 / value_mean 867.7 / value_std 358.0 / value_min 21.0 / value_max 1377.1 / target_mean 869.5 / target_std 358.6 / target_min 26.1 / target_max 1407.0 / imag_reward_mean 2.4 / imag_reward_std 5.3 / imag_reward_min -0.0 / imag_reward_max 33.3 / imag_action_mean 7.7 / imag_action_std 4.1 / imag_action_min 0.0 / imag_action_max 17.0 / actor_entropy 0.3 / actor_loss 0.4 / actor_grad_norm 8.9 / value_loss 1.2 / value_grad_norm 1.2 / update_count 70045.0 / fps 12.1
add_video needs package moviepy
add_video needs package moviepy
[326656] dataset_size 81664.0 / train_return 3950.0 / train_length 1474.0 / train_episodes 59.0
[326980] 
Start evaluation.
[326980] eval_return 4168.0 / eval_length 1366.8 / eval_episodes 5.0
add_video needs package moviepy
Start training.
[326980] model_loss 16.1 / model_grad_norm 32.6 / image_loss 5.2 / reward_loss 0.1 / cont_loss 0.0 / kl_free 1.0 / dyn_scale 0.5 / rep_scale 0.1 / dyn_loss 17.9 / rep_loss 17.9 / kl 17.9 / prior_abs_ent 32.9 / post_abs_ent -27.3 / prior_obs_ent 7.6 / post_obs_ent -8.6 / boundary_ratio 0.0 / kl_mask 0.0 / normed_target_mean 0.6 / normed_target_std 0.3 / normed_target_min -0.1 / normed_target_max 1.1 / EMA_005 135.0 / EMA_095 1277.1 / value_mean 863.3 / value_std 349.0 / value_min 35.4 / value_max 1373.7 / target_mean 865.2 / target_std 349.7 / target_min 38.2 / target_max 1400.7 / imag_reward_mean 2.4 / imag_reward_std 5.1 / imag_reward_min -0.0 / imag_reward_max 20.8 / imag_action_mean 7.6 / imag_action_std 4.1 / imag_action_min 0.0 / imag_action_max 17.0 / actor_entropy 0.4 / actor_loss 0.5 / actor_grad_norm 8.5 / value_loss 1.2 / value_grad_norm 1.3 / update_count 70201.0 / fps 12.2
add_video needs package moviepy
add_video needs package moviepy
[327604] 
Start evaluation.
[327604] eval_return 4230.0 / eval_length 1293.2 / eval_episodes 5.0
add_video needs package moviepy
Start training.
[327604] model_loss 15.9 / model_grad_norm 30.2 / image_loss 5.2 / reward_loss 0.1 / cont_loss 0.0 / kl_free 1.0 / dyn_scale 0.5 / rep_scale 0.1 / dyn_loss 17.7 / rep_loss 17.7 / kl 17.7 / prior_abs_ent 33.1 / post_abs_ent -27.1 / prior_obs_ent 7.1 / post_obs_ent -8.9 / boundary_ratio 0.0 / kl_mask 0.0 / normed_target_mean 0.6 / normed_target_std 0.3 / normed_target_min -0.1 / normed_target_max 1.1 / EMA_005 134.0 / EMA_095 1278.4 / value_mean 851.2 / value_std 364.5 / value_min 23.5 / value_max 1380.2 / target_mean 853.1 / target_std 365.5 / target_min 23.4 / target_max 1408.1 / imag_reward_mean 2.3 / imag_reward_std 5.1 / imag_reward_min -0.0 / imag_reward_max 20.9 / imag_action_mean 7.5 / imag_action_std 4.1 / imag_action_min 0.0 / imag_action_max 17.0 / actor_entropy 0.4 / actor_loss 0.4 / actor_grad_norm 8.3 / value_loss 1.2 / value_grad_norm 1.2 / update_count 70357.0 / fps 12.3
add_video needs package moviepy
add_video needs package moviepy
[328228] 
Start evaluation.
[328228] eval_return 3926.0 / eval_length 1312.6 / eval_episodes 5.0
add_video needs package moviepy
Start training.
[328228] model_loss 16.4 / model_grad_norm 35.1 / image_loss 5.3 / reward_loss 0.1 / cont_loss 0.0 / kl_free 1.0 / dyn_scale 0.5 / rep_scale 0.1 / dyn_loss 18.2 / rep_loss 18.2 / kl 18.2 / prior_abs_ent 33.0 / post_abs_ent -27.3 / prior_obs_ent 8.2 / post_obs_ent -8.2 / boundary_ratio 0.0 / kl_mask 0.0 / normed_target_mean 0.6 / normed_target_std 0.3 / normed_target_min -0.1 / normed_target_max 1.1 / EMA_005 111.7 / EMA_095 1274.5 / value_mean 850.7 / value_std 367.3 / value_min 13.9 / value_max 1375.5 / target_mean 852.1 / target_std 368.1 / target_min 13.9 / target_max 1403.3 / imag_reward_mean 2.3 / imag_reward_std 5.1 / imag_reward_min -0.0 / imag_reward_max 26.5 / imag_action_mean 7.5 / imag_action_std 4.0 / imag_action_min 0.0 / imag_action_max 17.0 / actor_entropy 0.4 / actor_loss 0.3 / actor_grad_norm 9.1 / value_loss 1.3 / value_grad_norm 1.4 / update_count 70513.0 / fps 12.4
add_video needs package moviepy
add_video needs package moviepy
[328852] 
Start evaluation.
[328852] eval_return 4044.0 / eval_length 1325.8 / eval_episodes 5.0
add_video needs package moviepy
Start training.
[328852] model_loss 15.9 / model_grad_norm 30.3 / image_loss 5.1 / reward_loss 0.1 / cont_loss 0.0 / kl_free 1.0 / dyn_scale 0.5 / rep_scale 0.1 / dyn_loss 17.7 / rep_loss 17.7 / kl 17.7 / prior_abs_ent 32.4 / post_abs_ent -27.4 / prior_obs_ent 7.5 / post_obs_ent -8.6 / boundary_ratio 0.0 / kl_mask 0.0 / normed_target_mean 0.6 / normed_target_std 0.3 / normed_target_min -0.1 / normed_target_max 1.1 / EMA_005 111.9 / EMA_095 1276.7 / value_mean 848.4 / value_std 367.9 / value_min 19.2 / value_max 1377.7 / target_mean 849.8 / target_std 368.8 / target_min 18.3 / target_max 1404.7 / imag_reward_mean 2.4 / imag_reward_std 5.2 / imag_reward_min -0.0 / imag_reward_max 29.9 / imag_action_mean 7.6 / imag_action_std 4.1 / imag_action_min 0.0 / imag_action_max 17.0 / actor_entropy 0.4 / actor_loss 0.3 / actor_grad_norm 8.6 / value_loss 1.2 / value_grad_norm 1.2 / update_count 70669.0 / fps 12.3
add_video needs package moviepy
add_video needs package moviepy
[329476] 
Start evaluation.
[329476] eval_return 3864.0 / eval_length 1303.8 / eval_episodes 5.0
add_video needs package moviepy
Start training.
[329476] model_loss 15.9 / model_grad_norm 26.6 / image_loss 5.2 / reward_loss 0.1 / cont_loss 0.0 / kl_free 1.0 / dyn_scale 0.5 / rep_scale 0.1 / dyn_loss 17.7 / rep_loss 17.7 / kl 17.7 / prior_abs_ent 32.8 / post_abs_ent -27.3 / prior_obs_ent 7.2 / post_obs_ent -8.9 / boundary_ratio 0.0 / kl_mask 0.0 / normed_target_mean 0.6 / normed_target_std 0.3 / normed_target_min -0.1 / normed_target_max 1.1 / EMA_005 111.5 / EMA_095 1281.9 / value_mean 861.0 / value_std 363.6 / value_min 23.3 / value_max 1379.8 / target_mean 863.1 / target_std 364.6 / target_min 28.8 / target_max 1413.2 / imag_reward_mean 2.4 / imag_reward_std 5.2 / imag_reward_min -0.0 / imag_reward_max 23.7 / imag_action_mean 7.6 / imag_action_std 4.1 / imag_action_min 0.0 / imag_action_max 17.0 / actor_entropy 0.4 / actor_loss 0.5 / actor_grad_norm 8.6 / value_loss 1.2 / value_grad_norm 1.3 / update_count 70825.0 / fps 12.4
add_video needs package moviepy
add_video needs package moviepy
[330100] 
Start evaluation.
[330100] eval_return 4716.0 / eval_length 1515.8 / eval_episodes 5.0
add_video needs package moviepy
Start training.
[330100] model_loss 16.0 / model_grad_norm 28.9 / image_loss 5.1 / reward_loss 0.1 / cont_loss 0.0 / kl_free 1.0 / dyn_scale 0.5 / rep_scale 0.1 / dyn_loss 17.8 / rep_loss 17.8 / kl 17.8 / prior_abs_ent 32.6 / post_abs_ent -27.4 / prior_obs_ent 6.8 / post_obs_ent -9.3 / boundary_ratio 0.0 / kl_mask 0.0 / normed_target_mean 0.6 / normed_target_std 0.3 / normed_target_min -0.1 / normed_target_max 1.1 / EMA_005 118.5 / EMA_095 1283.5 / value_mean 860.9 / value_std 367.4 / value_min 17.1 / value_max 1377.7 / target_mean 862.4 / target_std 368.4 / target_min 16.5 / target_max 1405.8 / imag_reward_mean 2.4 / imag_reward_std 5.1 / imag_reward_min -0.0 / imag_reward_max 26.5 / imag_action_mean 7.7 / imag_action_std 4.2 / imag_action_min 0.0 / imag_action_max 17.0 / actor_entropy 0.4 / actor_loss 0.3 / actor_grad_norm 8.6 / value_loss 1.2 / value_grad_norm 1.3 / update_count 70981.0 / fps 11.7
add_video needs package moviepy
add_video needs package moviepy
[330724] 
Start evaluation.
[330724] eval_return 4346.0 / eval_length 1387.0 / eval_episodes 5.0
add_video needs package moviepy
Start training.
[330724] model_loss 16.0 / model_grad_norm 30.4 / image_loss 5.1 / reward_loss 0.1 / cont_loss 0.0 / kl_free 1.0 / dyn_scale 0.5 / rep_scale 0.1 / dyn_loss 17.9 / rep_loss 17.9 / kl 17.9 / prior_abs_ent 32.8 / post_abs_ent -27.3 / prior_obs_ent 7.0 / post_obs_ent -9.2 / boundary_ratio 0.0 / kl_mask 0.0 / normed_target_mean 0.6 / normed_target_std 0.3 / normed_target_min -0.1 / normed_target_max 1.1 / EMA_005 121.4 / EMA_095 1286.5 / value_mean 873.1 / value_std 361.8 / value_min 28.3 / value_max 1382.4 / target_mean 874.7 / target_std 362.8 / target_min 33.3 / target_max 1413.1 / imag_reward_mean 2.4 / imag_reward_std 5.2 / imag_reward_min -0.0 / imag_reward_max 24.1 / imag_action_mean 7.7 / imag_action_std 4.2 / imag_action_min 0.0 / imag_action_max 17.0 / actor_entropy 0.4 / actor_loss 0.4 / actor_grad_norm 8.5 / value_loss 1.2 / value_grad_norm 1.2 / update_count 71137.0 / fps 12.2
add_video needs package moviepy
add_video needs package moviepy
[331348] 
Start evaluation.
[331348] eval_return 4132.0 / eval_length 1368.6 / eval_episodes 5.0
add_video needs package moviepy
Start training.
[331348] model_loss 16.0 / model_grad_norm 29.0 / image_loss 5.2 / reward_loss 0.1 / cont_loss 0.0 / kl_free 1.0 / dyn_scale 0.5 / rep_scale 0.1 / dyn_loss 17.9 / rep_loss 17.9 / kl 17.9 / prior_abs_ent 33.0 / post_abs_ent -27.3 / prior_obs_ent 7.1 / post_obs_ent -9.1 / boundary_ratio 0.0 / kl_mask 0.0 / normed_target_mean 0.6 / normed_target_std 0.3 / normed_target_min -0.1 / normed_target_max 1.1 / EMA_005 125.4 / EMA_095 1289.3 / value_mean 856.5 / value_std 369.8 / value_min 26.1 / value_max 1379.7 / target_mean 857.8 / target_std 370.5 / target_min 28.7 / target_max 1412.6 / imag_reward_mean 2.4 / imag_reward_std 5.2 / imag_reward_min -0.0 / imag_reward_max 29.9 / imag_action_mean 7.7 / imag_action_std 4.1 / imag_action_min 0.0 / imag_action_max 17.0 / actor_entropy 0.4 / actor_loss 0.3 / actor_grad_norm 8.8 / value_loss 1.2 / value_grad_norm 1.2 / update_count 71293.0 / fps 12.2
add_video needs package moviepy
add_video needs package moviepy
[331532] dataset_size 82883.0 / train_return 2720.0 / train_length 1219.0 / train_episodes 60.0
[331972] 
Start evaluation.
[331972] eval_return 4166.0 / eval_length 1360.8 / eval_episodes 5.0
add_video needs package moviepy
Start training.
[331972] model_loss 16.2 / model_grad_norm 31.2 / image_loss 5.3 / reward_loss 0.1 / cont_loss 0.0 / kl_free 1.0 / dyn_scale 0.5 / rep_scale 0.1 / dyn_loss 18.1 / rep_loss 18.1 / kl 18.1 / prior_abs_ent 33.3 / post_abs_ent -27.4 / prior_obs_ent 7.5 / post_obs_ent -8.9 / boundary_ratio 0.0 / kl_mask 0.0 / normed_target_mean 0.7 / normed_target_std 0.3 / normed_target_min -0.1 / normed_target_max 1.1 / EMA_005 123.8 / EMA_095 1286.0 / value_mean 878.6 / value_std 358.9 / value_min 27.1 / value_max 1380.8 / target_mean 879.6 / target_std 360.0 / target_min 27.2 / target_max 1410.5 / imag_reward_mean 2.4 / imag_reward_std 5.2 / imag_reward_min -0.0 / imag_reward_max 24.0 / imag_action_mean 7.6 / imag_action_std 4.1 / imag_action_min 0.0 / imag_action_max 17.0 / actor_entropy 0.4 / actor_loss 0.1 / actor_grad_norm 8.8 / value_loss 1.2 / value_grad_norm 1.3 / update_count 71449.0 / fps 12.1
add_video needs package moviepy
add_video needs package moviepy
[332596] 
Start evaluation.
[332596] eval_return 4572.0 / eval_length 1422.0 / eval_episodes 5.0
add_video needs package moviepy
Start training.
[332596] model_loss 16.0 / model_grad_norm 30.0 / image_loss 5.2 / reward_loss 0.1 / cont_loss 0.0 / kl_free 1.0 / dyn_scale 0.5 / rep_scale 0.1 / dyn_loss 17.9 / rep_loss 17.9 / kl 17.9 / prior_abs_ent 33.3 / post_abs_ent -27.3 / prior_obs_ent 7.2 / post_obs_ent -9.0 / boundary_ratio 0.0 / kl_mask 0.0 / normed_target_mean 0.6 / normed_target_std 0.3 / normed_target_min -0.1 / normed_target_max 1.1 / EMA_005 111.0 / EMA_095 1283.1 / value_mean 844.8 / value_std 372.7 / value_min 16.0 / value_max 1374.8 / target_mean 846.0 / target_std 373.6 / target_min 16.7 / target_max 1403.0 / imag_reward_mean 2.4 / imag_reward_std 5.2 / imag_reward_min -0.0 / imag_reward_max 33.1 / imag_action_mean 7.7 / imag_action_std 4.1 / imag_action_min 0.0 / imag_action_max 17.0 / actor_entropy 0.4 / actor_loss 0.1 / actor_grad_norm 9.1 / value_loss 1.2 / value_grad_norm 1.2 / update_count 71605.0 / fps 12.0
add_video needs package moviepy
add_video needs package moviepy
[333220] 
Start evaluation.
[333220] eval_return 4870.0 / eval_length 1442.8 / eval_episodes 5.0
add_video needs package moviepy
Start training.
[333220] model_loss 15.9 / model_grad_norm 30.6 / image_loss 5.1 / reward_loss 0.1 / cont_loss 0.0 / kl_free 1.0 / dyn_scale 0.5 / rep_scale 0.1 / dyn_loss 17.8 / rep_loss 17.8 / kl 17.8 / prior_abs_ent 33.3 / post_abs_ent -27.2 / prior_obs_ent 7.5 / post_obs_ent -8.6 / boundary_ratio 0.0 / kl_mask 0.0 / normed_target_mean 0.6 / normed_target_std 0.3 / normed_target_min -0.1 / normed_target_max 1.1 / EMA_005 100.9 / EMA_095 1275.2 / value_mean 848.5 / value_std 374.5 / value_min 12.4 / value_max 1376.3 / target_mean 849.3 / target_std 375.3 / target_min 15.2 / target_max 1404.9 / imag_reward_mean 2.3 / imag_reward_std 5.2 / imag_reward_min -0.0 / imag_reward_max 31.2 / imag_action_mean 7.6 / imag_action_std 4.1 / imag_action_min 0.0 / imag_action_max 17.0 / actor_entropy 0.4 / actor_loss 0.1 / actor_grad_norm 8.3 / value_loss 1.2 / value_grad_norm 1.3 / update_count 71761.0 / fps 12.0
add_video needs package moviepy
add_video needs package moviepy
[333844] 
Start evaluation.
[333844] eval_return 4190.0 / eval_length 1326.2 / eval_episodes 5.0
add_video needs package moviepy
Start training.
[333844] model_loss 15.9 / model_grad_norm 28.1 / image_loss 5.1 / reward_loss 0.1 / cont_loss 0.0 / kl_free 1.0 / dyn_scale 0.5 / rep_scale 0.1 / dyn_loss 17.8 / rep_loss 17.8 / kl 17.8 / prior_abs_ent 32.9 / post_abs_ent -27.3 / prior_obs_ent 7.0 / post_obs_ent -9.1 / boundary_ratio 0.0 / kl_mask 0.0 / normed_target_mean 0.7 / normed_target_std 0.3 / normed_target_min -0.1 / normed_target_max 1.1 / EMA_005 106.7 / EMA_095 1283.6 / value_mean 874.4 / value_std 358.7 / value_min 22.1 / value_max 1379.4 / target_mean 875.5 / target_std 359.8 / target_min 24.1 / target_max 1410.2 / imag_reward_mean 2.4 / imag_reward_std 5.2 / imag_reward_min -0.0 / imag_reward_max 23.7 / imag_action_mean 7.5 / imag_action_std 4.1 / imag_action_min 0.0 / imag_action_max 17.0 / actor_entropy 0.3 / actor_loss 0.1 / actor_grad_norm 8.6 / value_loss 1.2 / value_grad_norm 1.2 / update_count 71917.0 / fps 12.1
add_video needs package moviepy
add_video needs package moviepy
[334468] 
Start evaluation.
[334468] eval_return 4982.0 / eval_length 1434.8 / eval_episodes 5.0
add_video needs package moviepy
Start training.
[334468] model_loss 16.1 / model_grad_norm 31.9 / image_loss 5.2 / reward_loss 0.1 / cont_loss 0.0 / kl_free 1.0 / dyn_scale 0.5 / rep_scale 0.1 / dyn_loss 17.9 / rep_loss 17.9 / kl 17.9 / prior_abs_ent 33.2 / post_abs_ent -27.3 / prior_obs_ent 7.2 / post_obs_ent -9.1 / boundary_ratio 0.0 / kl_mask 0.0 / normed_target_mean 0.6 / normed_target_std 0.3 / normed_target_min -0.1 / normed_target_max 1.1 / EMA_005 124.1 / EMA_095 1284.6 / value_mean 861.5 / value_std 362.5 / value_min 18.1 / value_max 1380.3 / target_mean 862.8 / target_std 363.6 / target_min 20.9 / target_max 1411.9 / imag_reward_mean 2.4 / imag_reward_std 5.2 / imag_reward_min -0.0 / imag_reward_max 23.9 / imag_action_mean 7.6 / imag_action_std 4.2 / imag_action_min 0.0 / imag_action_max 17.0 / actor_entropy 0.4 / actor_loss 0.2 / actor_grad_norm 8.6 / value_loss 1.2 / value_grad_norm 1.2 / update_count 72073.0 / fps 11.9
add_video needs package moviepy
add_video needs package moviepy
[335092] 
Start evaluation.
[335092] eval_return 4916.0 / eval_length 1407.8 / eval_episodes 5.0
add_video needs package moviepy
Start training.
[335092] model_loss 16.0 / model_grad_norm 25.8 / image_loss 5.1 / reward_loss 0.1 / cont_loss 0.0 / kl_free 1.0 / dyn_scale 0.5 / rep_scale 0.1 / dyn_loss 17.9 / rep_loss 17.9 / kl 17.9 / prior_abs_ent 33.1 / post_abs_ent -27.3 / prior_obs_ent 6.9 / post_obs_ent -9.3 / boundary_ratio 0.0 / kl_mask 0.0 / normed_target_mean 0.6 / normed_target_std 0.3 / normed_target_min -0.1 / normed_target_max 1.1 / EMA_005 118.6 / EMA_095 1284.4 / value_mean 867.9 / value_std 365.1 / value_min 22.9 / value_max 1382.0 / target_mean 869.2 / target_std 366.3 / target_min 26.2 / target_max 1416.0 / imag_reward_mean 2.4 / imag_reward_std 5.3 / imag_reward_min -0.0 / imag_reward_max 31.7 / imag_action_mean 7.6 / imag_action_std 4.1 / imag_action_min 0.0 / imag_action_max 17.0 / actor_entropy 0.4 / actor_loss 0.2 / actor_grad_norm 8.9 / value_loss 1.2 / value_grad_norm 1.3 / update_count 72229.0 / fps 12.1
add_video needs package moviepy
add_video needs package moviepy
[335716] 
Start evaluation.
[335716] eval_return 5210.0 / eval_length 1421.2 / eval_episodes 5.0
add_video needs package moviepy
Start training.
[335716] model_loss 16.0 / model_grad_norm 30.1 / image_loss 5.2 / reward_loss 0.1 / cont_loss 0.0 / kl_free 1.0 / dyn_scale 0.5 / rep_scale 0.1 / dyn_loss 17.9 / rep_loss 17.9 / kl 17.9 / prior_abs_ent 32.9 / post_abs_ent -27.3 / prior_obs_ent 7.4 / post_obs_ent -8.8 / boundary_ratio 0.0 / kl_mask 0.0 / normed_target_mean 0.6 / normed_target_std 0.3 / normed_target_min -0.1 / normed_target_max 1.1 / EMA_005 108.2 / EMA_095 1282.1 / value_mean 861.3 / value_std 365.4 / value_min 15.4 / value_max 1379.4 / target_mean 862.2 / target_std 366.2 / target_min 20.6 / target_max 1409.2 / imag_reward_mean 2.3 / imag_reward_std 5.1 / imag_reward_min -0.0 / imag_reward_max 24.3 / imag_action_mean 7.6 / imag_action_std 4.0 / imag_action_min 0.0 / imag_action_max 17.0 / actor_entropy 0.4 / actor_loss 0.1 / actor_grad_norm 8.4 / value_loss 1.2 / value_grad_norm 1.2 / update_count 72385.0 / fps 12.0
add_video needs package moviepy
add_video needs package moviepy
[336340] 
Start evaluation.
[336340] eval_return 4660.0 / eval_length 1348.4 / eval_episodes 5.0
add_video needs package moviepy
Start training.
[336340] model_loss 16.1 / model_grad_norm 29.1 / image_loss 5.3 / reward_loss 0.1 / cont_loss 0.0 / kl_free 1.0 / dyn_scale 0.5 / rep_scale 0.1 / dyn_loss 17.9 / rep_loss 17.9 / kl 17.9 / prior_abs_ent 33.3 / post_abs_ent -27.2 / prior_obs_ent 7.4 / post_obs_ent -8.7 / boundary_ratio 0.0 / kl_mask 0.0 / normed_target_mean 0.6 / normed_target_std 0.3 / normed_target_min -0.1 / normed_target_max 1.1 / EMA_005 114.2 / EMA_095 1278.6 / value_mean 849.2 / value_std 367.3 / value_min 26.5 / value_max 1375.0 / target_mean 850.4 / target_std 368.3 / target_min 27.8 / target_max 1402.7 / imag_reward_mean 2.3 / imag_reward_std 5.1 / imag_reward_min -0.0 / imag_reward_max 30.7 / imag_action_mean 7.4 / imag_action_std 4.1 / imag_action_min 0.0 / imag_action_max 17.0 / actor_entropy 0.3 / actor_loss 0.2 / actor_grad_norm 8.5 / value_loss 1.2 / value_grad_norm 1.2 / update_count 72541.0 / fps 12.2
add_video needs package moviepy
add_video needs package moviepy
[336624] dataset_size 84156.0 / train_return 4180.0 / train_length 1273.0 / train_episodes 61.0
[336964] 
Start evaluation.
[336964] eval_return 5078.0 / eval_length 1459.0 / eval_episodes 5.0
add_video needs package moviepy
Start training.
[336964] model_loss 16.0 / model_grad_norm 28.1 / image_loss 5.1 / reward_loss 0.1 / cont_loss 0.0 / kl_free 1.0 / dyn_scale 0.5 / rep_scale 0.1 / dyn_loss 17.9 / rep_loss 17.9 / kl 17.9 / prior_abs_ent 33.0 / post_abs_ent -27.3 / prior_obs_ent 7.1 / post_obs_ent -9.1 / boundary_ratio 0.0 / kl_mask 0.0 / normed_target_mean 0.6 / normed_target_std 0.3 / normed_target_min -0.1 / normed_target_max 1.1 / EMA_005 113.6 / EMA_095 1282.1 / value_mean 870.4 / value_std 363.2 / value_min 27.8 / value_max 1380.9 / target_mean 871.9 / target_std 364.0 / target_min 28.6 / target_max 1411.5 / imag_reward_mean 2.4 / imag_reward_std 5.2 / imag_reward_min -0.0 / imag_reward_max 27.2 / imag_action_mean 7.5 / imag_action_std 4.1 / imag_action_min 0.0 / imag_action_max 17.0 / actor_entropy 0.4 / actor_loss 0.3 / actor_grad_norm 8.5 / value_loss 1.2 / value_grad_norm 1.3 / update_count 72697.0 / fps 11.8
add_video needs package moviepy
add_video needs package moviepy
[337588] 
Start evaluation.
[337588] eval_return 4026.0 / eval_length 1404.8 / eval_episodes 5.0
add_video needs package moviepy
Start training.
[337588] model_loss 16.1 / model_grad_norm 32.4 / image_loss 5.2 / reward_loss 0.1 / cont_loss 0.0 / kl_free 1.0 / dyn_scale 0.5 / rep_scale 0.1 / dyn_loss 18.0 / rep_loss 18.0 / kl 18.0 / prior_abs_ent 32.8 / post_abs_ent -27.6 / prior_obs_ent 7.6 / post_obs_ent -8.7 / boundary_ratio 0.0 / kl_mask 0.0 / normed_target_mean 0.6 / normed_target_std 0.3 / normed_target_min -0.1 / normed_target_max 1.1 / EMA_005 112.8 / EMA_095 1282.0 / value_mean 856.6 / value_std 372.3 / value_min 14.7 / value_max 1380.9 / target_mean 857.9 / target_std 373.2 / target_min 13.7 / target_max 1409.8 / imag_reward_mean 2.4 / imag_reward_std 5.1 / imag_reward_min -0.0 / imag_reward_max 21.8 / imag_action_mean 7.5 / imag_action_std 4.1 / imag_action_min 0.0 / imag_action_max 17.0 / actor_entropy 0.4 / actor_loss 0.2 / actor_grad_norm 8.7 / value_loss 1.2 / value_grad_norm 1.3 / update_count 72853.0 / fps 12.1
add_video needs package moviepy
add_video needs package moviepy
[338212] 
Start evaluation.
[338212] eval_return 4248.0 / eval_length 1460.8 / eval_episodes 5.0
add_video needs package moviepy
Start training.
[338212] model_loss 16.0 / model_grad_norm 31.2 / image_loss 5.2 / reward_loss 0.1 / cont_loss 0.0 / kl_free 1.0 / dyn_scale 0.5 / rep_scale 0.1 / dyn_loss 17.8 / rep_loss 17.8 / kl 17.8 / prior_abs_ent 32.6 / post_abs_ent -27.4 / prior_obs_ent 7.2 / post_obs_ent -9.0 / boundary_ratio 0.0 / kl_mask 0.0 / normed_target_mean 0.6 / normed_target_std 0.3 / normed_target_min -0.1 / normed_target_max 1.1 / EMA_005 109.8 / EMA_095 1281.5 / value_mean 858.2 / value_std 364.8 / value_min 21.5 / value_max 1380.0 / target_mean 859.5 / target_std 365.7 / target_min 25.8 / target_max 1407.8 / imag_reward_mean 2.3 / imag_reward_std 5.2 / imag_reward_min -0.0 / imag_reward_max 26.8 / imag_action_mean 7.4 / imag_action_std 4.1 / imag_action_min 0.0 / imag_action_max 17.0 / actor_entropy 0.4 / actor_loss 0.3 / actor_grad_norm 8.5 / value_loss 1.2 / value_grad_norm 1.3 / update_count 73009.0 / fps 11.9
add_video needs package moviepy
add_video needs package moviepy
[338836] 
Start evaluation.
[338836] eval_return 4286.0 / eval_length 1393.8 / eval_episodes 5.0
add_video needs package moviepy
Start training.
[338836] model_loss 16.0 / model_grad_norm 29.2 / image_loss 5.2 / reward_loss 0.1 / cont_loss 0.0 / kl_free 1.0 / dyn_scale 0.5 / rep_scale 0.1 / dyn_loss 17.9 / rep_loss 17.9 / kl 17.9 / prior_abs_ent 32.7 / post_abs_ent -27.2 / prior_obs_ent 7.4 / post_obs_ent -8.8 / boundary_ratio 0.0 / kl_mask 0.0 / normed_target_mean 0.6 / normed_target_std 0.3 / normed_target_min -0.1 / normed_target_max 1.1 / EMA_005 103.0 / EMA_095 1279.2 / value_mean 857.5 / value_std 371.6 / value_min 19.1 / value_max 1374.2 / target_mean 858.9 / target_std 372.6 / target_min 19.5 / target_max 1402.8 / imag_reward_mean 2.4 / imag_reward_std 5.2 / imag_reward_min -0.0 / imag_reward_max 30.5 / imag_action_mean 7.4 / imag_action_std 4.1 / imag_action_min 0.0 / imag_action_max 17.0 / actor_entropy 0.4 / actor_loss 0.2 / actor_grad_norm 8.7 / value_loss 1.2 / value_grad_norm 1.3 / update_count 73165.0 / fps 12.0
add_video needs package moviepy
add_video needs package moviepy
[339460] 
Start evaluation.
[339460] eval_return 3880.0 / eval_length 1323.6 / eval_episodes 5.0
add_video needs package moviepy
Start training.
[339460] model_loss 16.0 / model_grad_norm 29.3 / image_loss 5.2 / reward_loss 0.1 / cont_loss 0.0 / kl_free 1.0 / dyn_scale 0.5 / rep_scale 0.1 / dyn_loss 17.8 / rep_loss 17.8 / kl 17.8 / prior_abs_ent 32.9 / post_abs_ent -27.2 / prior_obs_ent 7.2 / post_obs_ent -8.9 / boundary_ratio 0.0 / kl_mask 0.0 / normed_target_mean 0.6 / normed_target_std 0.3 / normed_target_min -0.1 / normed_target_max 1.1 / EMA_005 106.9 / EMA_095 1279.1 / value_mean 856.4 / value_std 371.7 / value_min 22.5 / value_max 1378.4 / target_mean 857.8 / target_std 372.6 / target_min 21.9 / target_max 1407.5 / imag_reward_mean 2.3 / imag_reward_std 5.1 / imag_reward_min -0.0 / imag_reward_max 23.9 / imag_action_mean 7.4 / imag_action_std 4.1 / imag_action_min 0.0 / imag_action_max 17.0 / actor_entropy 0.3 / actor_loss 0.3 / actor_grad_norm 8.7 / value_loss 1.2 / value_grad_norm 1.3 / update_count 73321.0 / fps 12.3
add_video needs package moviepy
add_video needs package moviepy
[340084] 
Start evaluation.
[340084] eval_return 4514.0 / eval_length 1404.2 / eval_episodes 5.0
add_video needs package moviepy
Start training.
[340084] model_loss 16.2 / model_grad_norm 31.2 / image_loss 5.2 / reward_loss 0.1 / cont_loss 0.0 / kl_free 1.0 / dyn_scale 0.5 / rep_scale 0.1 / dyn_loss 18.0 / rep_loss 18.0 / kl 18.0 / prior_abs_ent 33.1 / post_abs_ent -27.2 / prior_obs_ent 7.3 / post_obs_ent -9.0 / boundary_ratio 0.0 / kl_mask 0.0 / normed_target_mean 0.6 / normed_target_std 0.3 / normed_target_min -0.1 / normed_target_max 1.1 / EMA_005 107.8 / EMA_095 1284.1 / value_mean 849.5 / value_std 372.5 / value_min 23.6 / value_max 1378.6 / target_mean 850.6 / target_std 373.5 / target_min 24.3 / target_max 1408.2 / imag_reward_mean 2.3 / imag_reward_std 5.1 / imag_reward_min -0.0 / imag_reward_max 26.4 / imag_action_mean 7.3 / imag_action_std 4.0 / imag_action_min 0.0 / imag_action_max 17.0 / actor_entropy 0.4 / actor_loss 0.2 / actor_grad_norm 8.7 / value_loss 1.2 / value_grad_norm 1.3 / update_count 73477.0 / fps 12.1
add_video needs package moviepy
add_video needs package moviepy
[340708] 
Start evaluation.
[340708] eval_return 4408.0 / eval_length 1430.6 / eval_episodes 5.0
add_video needs package moviepy
Start training.
[340708] model_loss 16.0 / model_grad_norm 30.5 / image_loss 5.2 / reward_loss 0.1 / cont_loss 0.0 / kl_free 1.0 / dyn_scale 0.5 / rep_scale 0.1 / dyn_loss 17.8 / rep_loss 17.8 / kl 17.8 / prior_abs_ent 32.6 / post_abs_ent -27.2 / prior_obs_ent 7.0 / post_obs_ent -9.1 / boundary_ratio 0.0 / kl_mask 0.0 / normed_target_mean 0.6 / normed_target_std 0.3 / normed_target_min -0.1 / normed_target_max 1.1 / EMA_005 113.1 / EMA_095 1286.1 / value_mean 864.3 / value_std 368.7 / value_min 22.5 / value_max 1379.2 / target_mean 865.7 / target_std 369.5 / target_min 23.7 / target_max 1407.7 / imag_reward_mean 2.3 / imag_reward_std 5.2 / imag_reward_min -0.0 / imag_reward_max 30.2 / imag_action_mean 7.4 / imag_action_std 4.0 / imag_action_min 0.0 / imag_action_max 17.0 / actor_entropy 0.3 / actor_loss 0.3 / actor_grad_norm 8.1 / value_loss 1.2 / value_grad_norm 1.2 / update_count 73633.0 / fps 11.9
add_video needs package moviepy
add_video needs package moviepy
[341332] 
Start evaluation.
[341332] eval_return 3758.0 / eval_length 1308.0 / eval_episodes 5.0
add_video needs package moviepy
Start training.
[341332] model_loss 16.0 / model_grad_norm 27.5 / image_loss 5.2 / reward_loss 0.1 / cont_loss 0.0 / kl_free 1.0 / dyn_scale 0.5 / rep_scale 0.1 / dyn_loss 17.9 / rep_loss 17.9 / kl 17.9 / prior_abs_ent 33.0 / post_abs_ent -27.1 / prior_obs_ent 6.8 / post_obs_ent -9.3 / boundary_ratio 0.0 / kl_mask 0.0 / normed_target_mean 0.6 / normed_target_std 0.3 / normed_target_min -0.1 / normed_target_max 1.1 / EMA_005 107.5 / EMA_095 1281.6 / value_mean 850.1 / value_std 370.9 / value_min 19.4 / value_max 1379.3 / target_mean 851.4 / target_std 371.8 / target_min 23.0 / target_max 1408.2 / imag_reward_mean 2.3 / imag_reward_std 5.1 / imag_reward_min -0.0 / imag_reward_max 21.4 / imag_action_mean 7.4 / imag_action_std 4.1 / imag_action_min 0.0 / imag_action_max 17.0 / actor_entropy 0.4 / actor_loss 0.2 / actor_grad_norm 8.3 / value_loss 1.2 / value_grad_norm 1.2 / update_count 73789.0 / fps 12.3
add_video needs package moviepy
add_video needs package moviepy
[341956] 
Start evaluation.
[341956] eval_return 4546.0 / eval_length 1447.8 / eval_episodes 5.0
add_video needs package moviepy
Start training.
[341956] model_loss 16.0 / model_grad_norm 28.7 / image_loss 5.2 / reward_loss 0.1 / cont_loss 0.0 / kl_free 1.0 / dyn_scale 0.5 / rep_scale 0.1 / dyn_loss 17.8 / rep_loss 17.8 / kl 17.8 / prior_abs_ent 32.9 / post_abs_ent -27.3 / prior_obs_ent 6.9 / post_obs_ent -9.2 / boundary_ratio 0.0 / kl_mask 0.0 / normed_target_mean 0.6 / normed_target_std 0.3 / normed_target_min -0.1 / normed_target_max 1.1 / EMA_005 105.2 / EMA_095 1283.3 / value_mean 865.8 / value_std 367.3 / value_min 17.7 / value_max 1377.7 / target_mean 867.4 / target_std 368.3 / target_min 23.3 / target_max 1408.1 / imag_reward_mean 2.4 / imag_reward_std 5.2 / imag_reward_min -0.0 / imag_reward_max 27.4 / imag_action_mean 7.4 / imag_action_std 4.0 / imag_action_min 0.0 / imag_action_max 17.0 / actor_entropy 0.4 / actor_loss 0.3 / actor_grad_norm 8.6 / value_loss 1.2 / value_grad_norm 1.2 / update_count 73945.0 / fps 12.0
add_video needs package moviepy
add_video needs package moviepy
[342480] dataset_size 85620.0 / train_return 5270.0 / train_length 1464.0 / train_episodes 62.0
[342580] 
Start evaluation.
[342580] eval_return 4274.0 / eval_length 1439.4 / eval_episodes 5.0
add_video needs package moviepy
Start training.
[342580] model_loss 16.1 / model_grad_norm 27.5 / image_loss 5.2 / reward_loss 0.1 / cont_loss 0.0 / kl_free 1.0 / dyn_scale 0.5 / rep_scale 0.1 / dyn_loss 17.9 / rep_loss 17.9 / kl 17.9 / prior_abs_ent 32.8 / post_abs_ent -27.3 / prior_obs_ent 7.1 / post_obs_ent -9.2 / boundary_ratio 0.0 / kl_mask 0.0 / normed_target_mean 0.7 / normed_target_std 0.3 / normed_target_min -0.1 / normed_target_max 1.1 / EMA_005 109.7 / EMA_095 1285.9 / value_mean 874.5 / value_std 360.7 / value_min 24.0 / value_max 1379.5 / target_mean 876.2 / target_std 361.6 / target_min 27.1 / target_max 1412.9 / imag_reward_mean 2.4 / imag_reward_std 5.2 / imag_reward_min -0.0 / imag_reward_max 26.6 / imag_action_mean 7.4 / imag_action_std 4.0 / imag_action_min 0.0 / imag_action_max 17.0 / actor_entropy 0.4 / actor_loss 0.3 / actor_grad_norm 8.5 / value_loss 1.2 / value_grad_norm 1.2 / update_count 74101.0 / fps 11.9
add_video needs package moviepy
add_video needs package moviepy
[343204] 
Start evaluation.
[343204] eval_return 4614.0 / eval_length 1386.2 / eval_episodes 5.0
add_video needs package moviepy
Start training.
[343204] model_loss 16.2 / model_grad_norm 34.0 / image_loss 5.2 / reward_loss 0.1 / cont_loss 0.0 / kl_free 1.0 / dyn_scale 0.5 / rep_scale 0.1 / dyn_loss 18.1 / rep_loss 18.1 / kl 18.1 / prior_abs_ent 32.9 / post_abs_ent -27.2 / prior_obs_ent 7.2 / post_obs_ent -9.1 / boundary_ratio 0.0 / kl_mask 0.0 / normed_target_mean 0.6 / normed_target_std 0.3 / normed_target_min -0.1 / normed_target_max 1.1 / EMA_005 119.1 / EMA_095 1292.2 / value_mean 877.2 / value_std 365.6 / value_min 26.0 / value_max 1384.1 / target_mean 878.7 / target_std 366.9 / target_min 29.9 / target_max 1418.3 / imag_reward_mean 2.4 / imag_reward_std 5.3 / imag_reward_min -0.0 / imag_reward_max 30.2 / imag_action_mean 7.3 / imag_action_std 4.0 / imag_action_min 0.0 / imag_action_max 17.0 / actor_entropy 0.4 / actor_loss 0.3 / actor_grad_norm 8.7 / value_loss 1.2 / value_grad_norm 1.2 / update_count 74257.0 / fps 12.1
add_video needs package moviepy
add_video needs package moviepy
[343828] 
Start evaluation.
[343828] eval_return 4632.0 / eval_length 1391.6 / eval_episodes 5.0
add_video needs package moviepy
Start training.
[343828] model_loss 16.0 / model_grad_norm 30.0 / image_loss 5.1 / reward_loss 0.1 / cont_loss 0.0 / kl_free 1.0 / dyn_scale 0.5 / rep_scale 0.1 / dyn_loss 18.0 / rep_loss 18.0 / kl 18.0 / prior_abs_ent 32.6 / post_abs_ent -27.1 / prior_obs_ent 7.1 / post_obs_ent -9.2 / boundary_ratio 0.0 / kl_mask 0.0 / normed_target_mean 0.6 / normed_target_std 0.3 / normed_target_min -0.1 / normed_target_max 1.1 / EMA_005 123.2 / EMA_095 1291.9 / value_mean 870.4 / value_std 370.8 / value_min 20.4 / value_max 1384.4 / target_mean 872.1 / target_std 372.0 / target_min 20.2 / target_max 1417.2 / imag_reward_mean 2.4 / imag_reward_std 5.2 / imag_reward_min -0.0 / imag_reward_max 26.9 / imag_action_mean 7.4 / imag_action_std 4.0 / imag_action_min 0.0 / imag_action_max 17.0 / actor_entropy 0.4 / actor_loss 0.4 / actor_grad_norm 9.1 / value_loss 1.2 / value_grad_norm 1.2 / update_count 74413.0 / fps 11.9
add_video needs package moviepy
add_video needs package moviepy
[344452] 
Start evaluation.
[344452] eval_return 4150.0 / eval_length 1310.0 / eval_episodes 5.0
add_video needs package moviepy
Start training.
[344452] model_loss 15.9 / model_grad_norm 29.8 / image_loss 5.1 / reward_loss 0.1 / cont_loss 0.0 / kl_free 1.0 / dyn_scale 0.5 / rep_scale 0.1 / dyn_loss 17.9 / rep_loss 17.9 / kl 17.9 / prior_abs_ent 32.9 / post_abs_ent -27.2 / prior_obs_ent 6.8 / post_obs_ent -9.4 / boundary_ratio 0.0 / kl_mask 0.0 / normed_target_mean 0.7 / normed_target_std 0.3 / normed_target_min -0.1 / normed_target_max 1.1 / EMA_005 101.4 / EMA_095 1287.3 / value_mean 870.6 / value_std 366.9 / value_min 20.5 / value_max 1379.8 / target_mean 872.3 / target_std 367.8 / target_min 23.6 / target_max 1410.6 / imag_reward_mean 2.4 / imag_reward_std 5.1 / imag_reward_min -0.0 / imag_reward_max 21.1 / imag_action_mean 7.3 / imag_action_std 4.0 / imag_action_min 0.0 / imag_action_max 17.0 / actor_entropy 0.4 / actor_loss 0.4 / actor_grad_norm 8.6 / value_loss 1.2 / value_grad_norm 1.2 / update_count 74569.0 / fps 12.1
add_video needs package moviepy
add_video needs package moviepy
[345076] 
Start evaluation.
[345076] eval_return 4282.0 / eval_length 1435.4 / eval_episodes 5.0
add_video needs package moviepy
Start training.
[345076] model_loss 16.1 / model_grad_norm 32.0 / image_loss 5.2 / reward_loss 0.1 / cont_loss 0.0 / kl_free 1.0 / dyn_scale 0.5 / rep_scale 0.1 / dyn_loss 17.9 / rep_loss 17.9 / kl 17.9 / prior_abs_ent 32.9 / post_abs_ent -27.1 / prior_obs_ent 6.9 / post_obs_ent -9.3 / boundary_ratio 0.0 / kl_mask 0.0 / normed_target_mean 0.6 / normed_target_std 0.3 / normed_target_min -0.1 / normed_target_max 1.1 / EMA_005 108.6 / EMA_095 1287.9 / value_mean 873.4 / value_std 368.7 / value_min 25.5 / value_max 1382.5 / target_mean 874.9 / target_std 369.6 / target_min 28.7 / target_max 1415.5 / imag_reward_mean 2.4 / imag_reward_std 5.3 / imag_reward_min -0.0 / imag_reward_max 32.6 / imag_action_mean 7.4 / imag_action_std 4.0 / imag_action_min 0.0 / imag_action_max 17.0 / actor_entropy 0.4 / actor_loss 0.3 / actor_grad_norm 8.8 / value_loss 1.2 / value_grad_norm 1.2 / update_count 74725.0 / fps 11.9
add_video needs package moviepy
add_video needs package moviepy
[345700] 
Start evaluation.
[345700] eval_return 4444.0 / eval_length 1453.2 / eval_episodes 5.0
add_video needs package moviepy
Start training.
[345700] model_loss 15.9 / model_grad_norm 27.8 / image_loss 5.1 / reward_loss 0.1 / cont_loss 0.0 / kl_free 1.0 / dyn_scale 0.5 / rep_scale 0.1 / dyn_loss 17.7 / rep_loss 17.7 / kl 17.7 / prior_abs_ent 32.5 / post_abs_ent -27.0 / prior_obs_ent 6.5 / post_obs_ent -9.6 / boundary_ratio 0.0 / kl_mask 0.0 / normed_target_mean 0.6 / normed_target_std 0.3 / normed_target_min -0.1 / normed_target_max 1.1 / EMA_005 103.8 / EMA_095 1288.7 / value_mean 866.6 / value_std 377.1 / value_min 21.7 / value_max 1385.3 / target_mean 867.9 / target_std 378.1 / target_min 22.9 / target_max 1419.6 / imag_reward_mean 2.3 / imag_reward_std 5.1 / imag_reward_min -0.0 / imag_reward_max 24.2 / imag_action_mean 7.2 / imag_action_std 4.1 / imag_action_min 0.0 / imag_action_max 17.0 / actor_entropy 0.4 / actor_loss 0.2 / actor_grad_norm 8.5 / value_loss 1.2 / value_grad_norm 1.2 / update_count 74881.0 / fps 11.8
add_video needs package moviepy
add_video needs package moviepy
[346324] 
Start evaluation.
[346324] eval_return 4694.0 / eval_length 1356.6 / eval_episodes 5.0
add_video needs package moviepy
Start training.
[346324] model_loss 16.2 / model_grad_norm 32.3 / image_loss 5.2 / reward_loss 0.1 / cont_loss 0.0 / kl_free 1.0 / dyn_scale 0.5 / rep_scale 0.1 / dyn_loss 18.1 / rep_loss 18.1 / kl 18.1 / prior_abs_ent 32.7 / post_abs_ent -27.3 / prior_obs_ent 7.3 / post_obs_ent -9.1 / boundary_ratio 0.0 / kl_mask 0.0 / normed_target_mean 0.6 / normed_target_std 0.3 / normed_target_min -0.1 / normed_target_max 1.1 / EMA_005 99.7 / EMA_095 1290.7 / value_mean 872.5 / value_std 368.6 / value_min 16.5 / value_max 1383.5 / target_mean 873.7 / target_std 369.4 / target_min 18.2 / target_max 1415.5 / imag_reward_mean 2.4 / imag_reward_std 5.1 / imag_reward_min -0.0 / imag_reward_max 20.7 / imag_action_mean 7.3 / imag_action_std 4.1 / imag_action_min 0.0 / imag_action_max 17.0 / actor_entropy 0.4 / actor_loss 0.2 / actor_grad_norm 8.6 / value_loss 1.2 / value_grad_norm 1.2 / update_count 75037.0 / fps 11.9
add_video needs package moviepy
add_video needs package moviepy
[346948] 
Start evaluation.
[346948] eval_return 4560.0 / eval_length 1436.2 / eval_episodes 5.0
add_video needs package moviepy
Start training.
[346948] model_loss 16.0 / model_grad_norm 31.4 / image_loss 5.1 / reward_loss 0.1 / cont_loss 0.0 / kl_free 1.0 / dyn_scale 0.5 / rep_scale 0.1 / dyn_loss 18.0 / rep_loss 18.0 / kl 18.0 / prior_abs_ent 33.0 / post_abs_ent -27.1 / prior_obs_ent 6.7 / post_obs_ent -9.6 / boundary_ratio 0.0 / kl_mask 0.0 / normed_target_mean 0.7 / normed_target_std 0.3 / normed_target_min -0.1 / normed_target_max 1.1 / EMA_005 94.9 / EMA_095 1294.1 / value_mean 879.6 / value_std 378.7 / value_min 19.1 / value_max 1383.0 / target_mean 881.5 / target_std 379.6 / target_min 20.6 / target_max 1418.6 / imag_reward_mean 2.5 / imag_reward_std 5.3 / imag_reward_min -0.0 / imag_reward_max 27.0 / imag_action_mean 7.3 / imag_action_std 4.0 / imag_action_min 0.0 / imag_action_max 17.0 / actor_entropy 0.3 / actor_loss 0.4 / actor_grad_norm 8.7 / value_loss 1.2 / value_grad_norm 1.2 / update_count 75193.0 / fps 11.9
add_video needs package moviepy
add_video needs package moviepy
[347572] 
Start evaluation.
[347572] eval_return 4288.0 / eval_length 1366.2 / eval_episodes 5.0
add_video needs package moviepy
Start training.
[347572] model_loss 16.1 / model_grad_norm 27.0 / image_loss 5.2 / reward_loss 0.1 / cont_loss 0.0 / kl_free 1.0 / dyn_scale 0.5 / rep_scale 0.1 / dyn_loss 18.0 / rep_loss 18.0 / kl 18.0 / prior_abs_ent 32.7 / post_abs_ent -27.1 / prior_obs_ent 7.2 / post_obs_ent -9.2 / boundary_ratio 0.0 / kl_mask 0.0 / normed_target_mean 0.6 / normed_target_std 0.3 / normed_target_min -0.1 / normed_target_max 1.1 / EMA_005 95.2 / EMA_095 1296.7 / value_mean 865.8 / value_std 378.3 / value_min 26.3 / value_max 1380.9 / target_mean 867.0 / target_std 379.4 / target_min 25.7 / target_max 1415.3 / imag_reward_mean 2.4 / imag_reward_std 5.2 / imag_reward_min -0.0 / imag_reward_max 23.6 / imag_action_mean 7.3 / imag_action_std 4.0 / imag_action_min 0.0 / imag_action_max 17.0 / actor_entropy 0.4 / actor_loss 0.2 / actor_grad_norm 8.5 / value_loss 1.2 / value_grad_norm 1.2 / update_count 75349.0 / fps 12.2
add_video needs package moviepy
add_video needs package moviepy
[347872] dataset_size 86968.0 / train_return 4260.0 / train_length 1348.0 / train_episodes 63.0
[348196] 
Start evaluation.
[348196] eval_return 3914.0 / eval_length 1368.8 / eval_episodes 5.0
add_video needs package moviepy
Start training.
[348196] model_loss 16.1 / model_grad_norm 28.2 / image_loss 5.2 / reward_loss 0.1 / cont_loss 0.0 / kl_free 1.0 / dyn_scale 0.5 / rep_scale 0.1 / dyn_loss 18.0 / rep_loss 18.0 / kl 18.0 / prior_abs_ent 32.7 / post_abs_ent -27.1 / prior_obs_ent 7.0 / post_obs_ent -9.3 / boundary_ratio 0.0 / kl_mask 0.0 / normed_target_mean 0.6 / normed_target_std 0.3 / normed_target_min -0.1 / normed_target_max 1.1 / EMA_005 106.2 / EMA_095 1293.8 / value_mean 874.6 / value_std 369.0 / value_min 31.5 / value_max 1384.5 / target_mean 875.8 / target_std 370.0 / target_min 32.1 / target_max 1416.9 / imag_reward_mean 2.4 / imag_reward_std 5.2 / imag_reward_min -0.0 / imag_reward_max 27.1 / imag_action_mean 7.3 / imag_action_std 4.0 / imag_action_min 0.0 / imag_action_max 17.0 / actor_entropy 0.4 / actor_loss 0.2 / actor_grad_norm 8.8 / value_loss 1.2 / value_grad_norm 1.2 / update_count 75505.0 / fps 12.1
add_video needs package moviepy
add_video needs package moviepy
[348820] 
Start evaluation.
[348820] eval_return 4356.0 / eval_length 1361.2 / eval_episodes 5.0
add_video needs package moviepy
Start training.
[348820] model_loss 16.1 / model_grad_norm 29.2 / image_loss 5.2 / reward_loss 0.1 / cont_loss 0.0 / kl_free 1.0 / dyn_scale 0.5 / rep_scale 0.1 / dyn_loss 18.0 / rep_loss 18.0 / kl 18.0 / prior_abs_ent 32.8 / post_abs_ent -27.0 / prior_obs_ent 6.9 / post_obs_ent -9.3 / boundary_ratio 0.0 / kl_mask 0.0 / normed_target_mean 0.6 / normed_target_std 0.3 / normed_target_min -0.1 / normed_target_max 1.1 / EMA_005 109.8 / EMA_095 1297.3 / value_mean 872.7 / value_std 377.8 / value_min 16.5 / value_max 1381.0 / target_mean 874.3 / target_std 378.9 / target_min 17.8 / target_max 1416.6 / imag_reward_mean 2.4 / imag_reward_std 5.3 / imag_reward_min -0.0 / imag_reward_max 28.5 / imag_action_mean 7.3 / imag_action_std 4.0 / imag_action_min 0.0 / imag_action_max 17.0 / actor_entropy 0.4 / actor_loss 0.3 / actor_grad_norm 8.8 / value_loss 1.2 / value_grad_norm 1.2 / update_count 75661.0 / fps 12.1
add_video needs package moviepy
add_video needs package moviepy
[349444] 
Start evaluation.
[349444] eval_return 4086.0 / eval_length 1353.8 / eval_episodes 5.0
add_video needs package moviepy
Start training.
[349444] model_loss 16.3 / model_grad_norm 29.2 / image_loss 5.2 / reward_loss 0.1 / cont_loss 0.0 / kl_free 1.0 / dyn_scale 0.5 / rep_scale 0.1 / dyn_loss 18.2 / rep_loss 18.2 / kl 18.2 / prior_abs_ent 33.0 / post_abs_ent -27.0 / prior_obs_ent 7.4 / post_obs_ent -9.1 / boundary_ratio 0.0 / kl_mask 0.0 / normed_target_mean 0.6 / normed_target_std 0.3 / normed_target_min -0.1 / normed_target_max 1.1 / EMA_005 90.8 / EMA_095 1297.5 / value_mean 863.8 / value_std 385.6 / value_min 13.1 / value_max 1384.0 / target_mean 865.2 / target_std 386.2 / target_min 15.4 / target_max 1418.7 / imag_reward_mean 2.4 / imag_reward_std 5.3 / imag_reward_min -0.0 / imag_reward_max 32.7 / imag_action_mean 7.4 / imag_action_std 4.0 / imag_action_min 0.0 / imag_action_max 17.0 / actor_entropy 0.4 / actor_loss 0.2 / actor_grad_norm 8.9 / value_loss 1.2 / value_grad_norm 1.2 / update_count 75817.0 / fps 12.0
add_video needs package moviepy
add_video needs package moviepy
[350068] 
Start evaluation.
[350068] eval_return 4148.0 / eval_length 1338.8 / eval_episodes 5.0
add_video needs package moviepy
Start training.
[350068] model_loss 16.1 / model_grad_norm 31.1 / image_loss 5.1 / reward_loss 0.1 / cont_loss 0.0 / kl_free 1.0 / dyn_scale 0.5 / rep_scale 0.1 / dyn_loss 18.0 / rep_loss 18.0 / kl 18.0 / prior_abs_ent 33.2 / post_abs_ent -27.1 / prior_obs_ent 7.1 / post_obs_ent -9.3 / boundary_ratio 0.0 / kl_mask 0.0 / normed_target_mean 0.6 / normed_target_std 0.3 / normed_target_min -0.1 / normed_target_max 1.1 / EMA_005 91.7 / EMA_095 1290.6 / value_mean 864.3 / value_std 383.2 / value_min 20.2 / value_max 1385.5 / target_mean 866.4 / target_std 383.7 / target_min 22.4 / target_max 1418.7 / imag_reward_mean 2.5 / imag_reward_std 5.2 / imag_reward_min -0.0 / imag_reward_max 20.6 / imag_action_mean 7.4 / imag_action_std 4.0 / imag_action_min 0.0 / imag_action_max 17.0 / actor_entropy 0.4 / actor_loss 0.4 / actor_grad_norm 10.0 / value_loss 1.3 / value_grad_norm 1.3 / update_count 75973.0 / fps 12.2
add_video needs package moviepy
add_video needs package moviepy
[350692] 
Start evaluation.
[350692] eval_return 4570.0 / eval_length 1398.0 / eval_episodes 5.0
add_video needs package moviepy
Start training.
[350692] model_loss 16.0 / model_grad_norm 26.7 / image_loss 5.1 / reward_loss 0.1 / cont_loss 0.0 / kl_free 1.0 / dyn_scale 0.5 / rep_scale 0.1 / dyn_loss 17.9 / rep_loss 17.9 / kl 17.9 / prior_abs_ent 33.2 / post_abs_ent -26.9 / prior_obs_ent 7.0 / post_obs_ent -9.2 / boundary_ratio 0.0 / kl_mask 0.0 / normed_target_mean 0.6 / normed_target_std 0.3 / normed_target_min -0.1 / normed_target_max 1.1 / EMA_005 94.4 / EMA_095 1296.1 / value_mean 865.9 / value_std 383.3 / value_min 15.2 / value_max 1387.5 / target_mean 869.3 / target_std 382.8 / target_min 16.7 / target_max 1420.6 / imag_reward_mean 2.4 / imag_reward_std 5.3 / imag_reward_min -0.0 / imag_reward_max 32.9 / imag_action_mean 7.6 / imag_action_std 4.0 / imag_action_min 0.0 / imag_action_max 17.0 / actor_entropy 0.3 / actor_loss 0.7 / actor_grad_norm 10.6 / value_loss 1.3 / value_grad_norm 1.4 / update_count 76129.0 / fps 12.0
add_video needs package moviepy
add_video needs package moviepy
[351316] 
Start evaluation.
[351316] eval_return 4274.0 / eval_length 1446.8 / eval_episodes 5.0
add_video needs package moviepy
Start training.
[351316] model_loss 16.1 / model_grad_norm 27.0 / image_loss 5.1 / reward_loss 0.1 / cont_loss 0.0 / kl_free 1.0 / dyn_scale 0.5 / rep_scale 0.1 / dyn_loss 18.0 / rep_loss 18.0 / kl 18.0 / prior_abs_ent 33.3 / post_abs_ent -27.0 / prior_obs_ent 6.5 / post_obs_ent -9.8 / boundary_ratio 0.0 / kl_mask 0.0 / normed_target_mean 0.6 / normed_target_std 0.3 / normed_target_min -0.1 / normed_target_max 1.1 / EMA_005 101.7 / EMA_095 1299.3 / value_mean 863.7 / value_std 380.0 / value_min 15.0 / value_max 1387.9 / target_mean 867.1 / target_std 379.3 / target_min 12.2 / target_max 1421.9 / imag_reward_mean 2.4 / imag_reward_std 5.2 / imag_reward_min -0.0 / imag_reward_max 28.4 / imag_action_mean 7.8 / imag_action_std 4.1 / imag_action_min 0.0 / imag_action_max 17.0 / actor_entropy 0.3 / actor_loss 0.6 / actor_grad_norm 10.2 / value_loss 1.3 / value_grad_norm 1.4 / update_count 76285.0 / fps 11.9
add_video needs package moviepy
add_video needs package moviepy
[351940] 
Start evaluation.
[351940] eval_return 4614.0 / eval_length 1323.8 / eval_episodes 5.0
add_video needs package moviepy
Start training.
[351940] model_loss 16.1 / model_grad_norm 31.1 / image_loss 5.2 / reward_loss 0.1 / cont_loss 0.0 / kl_free 1.0 / dyn_scale 0.5 / rep_scale 0.1 / dyn_loss 18.0 / rep_loss 18.0 / kl 18.0 / prior_abs_ent 33.4 / post_abs_ent -26.9 / prior_obs_ent 7.1 / post_obs_ent -9.2 / boundary_ratio 0.0 / kl_mask 0.0 / normed_target_mean 0.6 / normed_target_std 0.3 / normed_target_min -0.1 / normed_target_max 1.1 / EMA_005 99.5 / EMA_095 1291.6 / value_mean 860.9 / value_std 381.7 / value_min 14.1 / value_max 1386.0 / target_mean 863.9 / target_std 381.6 / target_min 16.3 / target_max 1413.8 / imag_reward_mean 2.4 / imag_reward_std 5.2 / imag_reward_min -0.0 / imag_reward_max 24.3 / imag_action_mean 8.0 / imag_action_std 4.0 / imag_action_min 0.0 / imag_action_max 17.0 / actor_entropy 0.3 / actor_loss 0.4 / actor_grad_norm 9.3 / value_loss 1.3 / value_grad_norm 1.4 / update_count 76441.0 / fps 12.2
add_video needs package moviepy
add_video needs package moviepy
[352564] 
Start evaluation.
[352564] eval_return 4474.0 / eval_length 1392.6 / eval_episodes 5.0
add_video needs package moviepy
Start training.
[352564] model_loss 16.1 / model_grad_norm 30.2 / image_loss 5.1 / reward_loss 0.1 / cont_loss 0.0 / kl_free 1.0 / dyn_scale 0.5 / rep_scale 0.1 / dyn_loss 18.1 / rep_loss 18.1 / kl 18.1 / prior_abs_ent 33.4 / post_abs_ent -27.0 / prior_obs_ent 7.1 / post_obs_ent -9.2 / boundary_ratio 0.0 / kl_mask 0.0 / normed_target_mean 0.6 / normed_target_std 0.3 / normed_target_min -0.1 / normed_target_max 1.1 / EMA_005 107.8 / EMA_095 1294.4 / value_mean 863.4 / value_std 379.4 / value_min 11.5 / value_max 1386.8 / target_mean 866.2 / target_std 379.3 / target_min 12.5 / target_max 1422.1 / imag_reward_mean 2.4 / imag_reward_std 5.1 / imag_reward_min -0.0 / imag_reward_max 22.7 / imag_action_mean 8.0 / imag_action_std 4.1 / imag_action_min 0.0 / imag_action_max 17.0 / actor_entropy 0.3 / actor_loss 0.4 / actor_grad_norm 9.8 / value_loss 1.3 / value_grad_norm 1.4 / update_count 76597.0 / fps 12.1
add_video needs package moviepy
add_video needs package moviepy
[353104] dataset_size 88276.0 / train_return 3720.0 / train_length 1308.0 / train_episodes 64.0
[353188] 
Start evaluation.
[353188] eval_return 5060.0 / eval_length 1424.4 / eval_episodes 5.0
add_video needs package moviepy
Start training.
[353188] model_loss 16.1 / model_grad_norm 32.7 / image_loss 5.2 / reward_loss 0.1 / cont_loss 0.0 / kl_free 1.0 / dyn_scale 0.5 / rep_scale 0.1 / dyn_loss 18.0 / rep_loss 18.0 / kl 18.0 / prior_abs_ent 33.2 / post_abs_ent -26.7 / prior_obs_ent 6.7 / post_obs_ent -9.6 / boundary_ratio 0.0 / kl_mask 0.0 / normed_target_mean 0.6 / normed_target_std 0.3 / normed_target_min -0.1 / normed_target_max 1.1 / EMA_005 128.8 / EMA_095 1294.0 / value_mean 875.7 / value_std 371.3 / value_min 13.9 / value_max 1384.6 / target_mean 878.3 / target_std 371.3 / target_min 18.0 / target_max 1416.3 / imag_reward_mean 2.4 / imag_reward_std 5.2 / imag_reward_min -0.0 / imag_reward_max 26.5 / imag_action_mean 7.8 / imag_action_std 4.1 / imag_action_min 0.0 / imag_action_max 17.0 / actor_entropy 0.3 / actor_loss 0.3 / actor_grad_norm 9.5 / value_loss 1.3 / value_grad_norm 1.4 / update_count 76753.0 / fps 12.0
add_video needs package moviepy
add_video needs package moviepy
[353812] 
Start evaluation.
[353812] eval_return 4148.0 / eval_length 1214.6 / eval_episodes 5.0
add_video needs package moviepy
Start training.
[353812] model_loss 16.2 / model_grad_norm 29.9 / image_loss 5.2 / reward_loss 0.1 / cont_loss 0.0 / kl_free 1.0 / dyn_scale 0.5 / rep_scale 0.1 / dyn_loss 18.1 / rep_loss 18.1 / kl 18.1 / prior_abs_ent 33.3 / post_abs_ent -27.1 / prior_obs_ent 7.0 / post_obs_ent -9.5 / boundary_ratio 0.0 / kl_mask 0.0 / normed_target_mean 0.6 / normed_target_std 0.3 / normed_target_min -0.1 / normed_target_max 1.1 / EMA_005 133.5 / EMA_095 1296.7 / value_mean 868.9 / value_std 377.1 / value_min 15.3 / value_max 1388.2 / target_mean 871.2 / target_std 377.5 / target_min 18.0 / target_max 1418.7 / imag_reward_mean 2.4 / imag_reward_std 5.2 / imag_reward_min -0.0 / imag_reward_max 20.9 / imag_action_mean 7.8 / imag_action_std 4.1 / imag_action_min 0.0 / imag_action_max 17.0 / actor_entropy 0.3 / actor_loss 0.4 / actor_grad_norm 9.3 / value_loss 1.3 / value_grad_norm 1.4 / update_count 76909.0 / fps 12.5
add_video needs package moviepy
add_video needs package moviepy
[354436] 
Start evaluation.
[354436] eval_return 4278.0 / eval_length 1375.0 / eval_episodes 5.0
add_video needs package moviepy
Start training.
[354436] model_loss 16.0 / model_grad_norm 29.5 / image_loss 5.1 / reward_loss 0.1 / cont_loss 0.0 / kl_free 1.0 / dyn_scale 0.5 / rep_scale 0.1 / dyn_loss 18.0 / rep_loss 18.0 / kl 18.0 / prior_abs_ent 33.2 / post_abs_ent -26.9 / prior_obs_ent 6.9 / post_obs_ent -9.4 / boundary_ratio 0.0 / kl_mask 0.0 / normed_target_mean 0.6 / normed_target_std 0.3 / normed_target_min -0.1 / normed_target_max 1.1 / EMA_005 144.1 / EMA_095 1297.7 / value_mean 874.6 / value_std 373.7 / value_min 19.8 / value_max 1389.5 / target_mean 877.2 / target_std 374.6 / target_min 17.8 / target_max 1423.5 / imag_reward_mean 2.4 / imag_reward_std 5.2 / imag_reward_min -0.0 / imag_reward_max 24.0 / imag_action_mean 7.7 / imag_action_std 4.0 / imag_action_min 0.0 / imag_action_max 17.0 / actor_entropy 0.3 / actor_loss 0.5 / actor_grad_norm 9.5 / value_loss 1.3 / value_grad_norm 1.3 / update_count 77065.0 / fps 12.1
add_video needs package moviepy
add_video needs package moviepy
[355060] 
Start evaluation.
[355060] eval_return 4940.0 / eval_length 1471.8 / eval_episodes 5.0
add_video needs package moviepy
Start training.
[355060] model_loss 16.1 / model_grad_norm 30.6 / image_loss 5.1 / reward_loss 0.1 / cont_loss 0.0 / kl_free 1.0 / dyn_scale 0.5 / rep_scale 0.1 / dyn_loss 18.1 / rep_loss 18.1 / kl 18.1 / prior_abs_ent 33.4 / post_abs_ent -26.9 / prior_obs_ent 7.5 / post_obs_ent -8.9 / boundary_ratio 0.0 / kl_mask 0.0 / normed_target_mean 0.6 / normed_target_std 0.3 / normed_target_min -0.1 / normed_target_max 1.1 / EMA_005 127.4 / EMA_095 1298.5 / value_mean 861.7 / value_std 387.9 / value_min 12.7 / value_max 1388.9 / target_mean 863.8 / target_std 388.7 / target_min 10.8 / target_max 1424.9 / imag_reward_mean 2.4 / imag_reward_std 5.2 / imag_reward_min -0.0 / imag_reward_max 27.0 / imag_action_mean 7.7 / imag_action_std 4.0 / imag_action_min 0.0 / imag_action_max 17.0 / actor_entropy 0.3 / actor_loss 0.3 / actor_grad_norm 9.8 / value_loss 1.3 / value_grad_norm 1.4 / update_count 77221.0 / fps 11.7
add_video needs package moviepy
add_video needs package moviepy
[355684] 
Start evaluation.
[355684] eval_return 4934.0 / eval_length 1400.8 / eval_episodes 5.0
add_video needs package moviepy
Start training.
[355684] model_loss 16.2 / model_grad_norm 28.9 / image_loss 5.2 / reward_loss 0.1 / cont_loss 0.0 / kl_free 1.0 / dyn_scale 0.5 / rep_scale 0.1 / dyn_loss 18.1 / rep_loss 18.1 / kl 18.1 / prior_abs_ent 33.7 / post_abs_ent -26.8 / prior_obs_ent 6.9 / post_obs_ent -9.6 / boundary_ratio 0.0 / kl_mask 0.0 / normed_target_mean 0.6 / normed_target_std 0.3 / normed_target_min -0.1 / normed_target_max 1.1 / EMA_005 133.1 / EMA_095 1298.0 / value_mean 877.0 / value_std 372.9 / value_min 18.7 / value_max 1388.3 / target_mean 879.5 / target_std 373.5 / target_min 16.9 / target_max 1422.0 / imag_reward_mean 2.4 / imag_reward_std 5.2 / imag_reward_min -0.0 / imag_reward_max 23.8 / imag_action_mean 7.8 / imag_action_std 4.1 / imag_action_min 0.0 / imag_action_max 17.0 / actor_entropy 0.3 / actor_loss 0.4 / actor_grad_norm 9.4 / value_loss 1.3 / value_grad_norm 1.3 / update_count 77377.0 / fps 12.1
add_video needs package moviepy
add_video needs package moviepy
[356308] 
Start evaluation.
[356308] eval_return 4196.0 / eval_length 1356.8 / eval_episodes 5.0
add_video needs package moviepy
Start training.
[356308] model_loss 16.2 / model_grad_norm 30.5 / image_loss 5.1 / reward_loss 0.1 / cont_loss 0.0 / kl_free 1.0 / dyn_scale 0.5 / rep_scale 0.1 / dyn_loss 18.2 / rep_loss 18.2 / kl 18.2 / prior_abs_ent 33.2 / post_abs_ent -26.8 / prior_obs_ent 7.2 / post_obs_ent -9.4 / boundary_ratio 0.0 / kl_mask 0.0 / normed_target_mean 0.6 / normed_target_std 0.3 / normed_target_min -0.1 / normed_target_max 1.1 / EMA_005 134.2 / EMA_095 1299.8 / value_mean 876.4 / value_std 378.9 / value_min 15.1 / value_max 1390.4 / target_mean 879.0 / target_std 379.5 / target_min 14.3 / target_max 1424.4 / imag_reward_mean 2.5 / imag_reward_std 5.2 / imag_reward_min -0.0 / imag_reward_max 25.9 / imag_action_mean 7.7 / imag_action_std 4.1 / imag_action_min 0.0 / imag_action_max 17.0 / actor_entropy 0.3 / actor_loss 0.6 / actor_grad_norm 10.2 / value_loss 1.3 / value_grad_norm 1.3 / update_count 77533.0 / fps 12.2
add_video needs package moviepy
add_video needs package moviepy
[356932] 
Start evaluation.
[356932] eval_return 4058.0 / eval_length 1310.0 / eval_episodes 5.0
add_video needs package moviepy
Start training.
[356932] model_loss 16.2 / model_grad_norm 24.7 / image_loss 5.2 / reward_loss 0.1 / cont_loss 0.0 / kl_free 1.0 / dyn_scale 0.5 / rep_scale 0.1 / dyn_loss 18.2 / rep_loss 18.2 / kl 18.2 / prior_abs_ent 33.4 / post_abs_ent -26.9 / prior_obs_ent 6.7 / post_obs_ent -9.8 / boundary_ratio 0.0 / kl_mask 0.0 / normed_target_mean 0.6 / normed_target_std 0.3 / normed_target_min -0.1 / normed_target_max 1.1 / EMA_005 133.2 / EMA_095 1302.2 / value_mean 871.9 / value_std 380.2 / value_min 14.2 / value_max 1391.2 / target_mean 874.4 / target_std 381.2 / target_min 11.5 / target_max 1425.6 / imag_reward_mean 2.5 / imag_reward_std 5.2 / imag_reward_min -0.0 / imag_reward_max 26.7 / imag_action_mean 7.8 / imag_action_std 4.1 / imag_action_min 0.0 / imag_action_max 17.0 / actor_entropy 0.3 / actor_loss 0.4 / actor_grad_norm 9.9 / value_loss 1.3 / value_grad_norm 1.3 / update_count 77689.0 / fps 12.3
add_video needs package moviepy
add_video needs package moviepy
[357556] 
Start evaluation.
[357556] eval_return 4564.0 / eval_length 1438.8 / eval_episodes 5.0
add_video needs package moviepy
Start training.
[357556] model_loss 16.4 / model_grad_norm 35.4 / image_loss 5.2 / reward_loss 0.1 / cont_loss 0.0 / kl_free 1.0 / dyn_scale 0.5 / rep_scale 0.1 / dyn_loss 18.4 / rep_loss 18.4 / kl 18.4 / prior_abs_ent 33.4 / post_abs_ent -26.9 / prior_obs_ent 7.6 / post_obs_ent -9.1 / boundary_ratio 0.0 / kl_mask 0.0 / normed_target_mean 0.6 / normed_target_std 0.3 / normed_target_min -0.1 / normed_target_max 1.1 / EMA_005 134.1 / EMA_095 1301.7 / value_mean 862.9 / value_std 384.4 / value_min 10.9 / value_max 1388.0 / target_mean 865.2 / target_std 385.3 / target_min 12.7 / target_max 1422.9 / imag_reward_mean 2.4 / imag_reward_std 5.2 / imag_reward_min -0.0 / imag_reward_max 26.9 / imag_action_mean 7.8 / imag_action_std 4.1 / imag_action_min 0.0 / imag_action_max 17.0 / actor_entropy 0.3 / actor_loss 0.4 / actor_grad_norm 10.3 / value_loss 1.3 / value_grad_norm 1.4 / update_count 77845.0 / fps 12.0
add_video needs package moviepy
add_video needs package moviepy
[357948] dataset_size 89487.0 / train_return 4580.0 / train_length 1211.0 / train_episodes 65.0
[358180] 
Start evaluation.
[358180] eval_return 4362.0 / eval_length 1426.8 / eval_episodes 5.0
add_video needs package moviepy
Start training.
[358180] model_loss 16.1 / model_grad_norm 29.4 / image_loss 5.0 / reward_loss 0.1 / cont_loss 0.0 / kl_free 1.0 / dyn_scale 0.5 / rep_scale 0.1 / dyn_loss 18.1 / rep_loss 18.1 / kl 18.1 / prior_abs_ent 33.2 / post_abs_ent -26.8 / prior_obs_ent 6.9 / post_obs_ent -9.6 / boundary_ratio 0.0 / kl_mask 0.0 / normed_target_mean 0.6 / normed_target_std 0.3 / normed_target_min -0.1 / normed_target_max 1.1 / EMA_005 129.9 / EMA_095 1305.8 / value_mean 871.2 / value_std 386.1 / value_min 10.1 / value_max 1391.6 / target_mean 874.3 / target_std 386.6 / target_min 9.3 / target_max 1429.6 / imag_reward_mean 2.4 / imag_reward_std 5.2 / imag_reward_min -0.0 / imag_reward_max 20.9 / imag_action_mean 7.7 / imag_action_std 4.2 / imag_action_min 0.0 / imag_action_max 17.0 / actor_entropy 0.3 / actor_loss 0.6 / actor_grad_norm 9.8 / value_loss 1.3 / value_grad_norm 1.4 / update_count 78001.0 / fps 12.0
add_video needs package moviepy
add_video needs package moviepy
[358804] 
Start evaluation.
[358804] eval_return 3638.0 / eval_length 1257.6 / eval_episodes 5.0
add_video needs package moviepy
Start training.
[358804] model_loss 16.2 / model_grad_norm 29.8 / image_loss 5.2 / reward_loss 0.1 / cont_loss 0.0 / kl_free 1.0 / dyn_scale 0.5 / rep_scale 0.1 / dyn_loss 18.0 / rep_loss 18.0 / kl 18.0 / prior_abs_ent 33.1 / post_abs_ent -26.6 / prior_obs_ent 7.2 / post_obs_ent -9.2 / boundary_ratio 0.0 / kl_mask 0.0 / normed_target_mean 0.6 / normed_target_std 0.3 / normed_target_min -0.1 / normed_target_max 1.1 / EMA_005 127.3 / EMA_095 1306.7 / value_mean 858.0 / value_std 394.6 / value_min 8.3 / value_max 1390.5 / target_mean 860.6 / target_std 394.9 / target_min 7.8 / target_max 1424.0 / imag_reward_mean 2.4 / imag_reward_std 5.4 / imag_reward_min -0.0 / imag_reward_max 39.1 / imag_action_mean 7.8 / imag_action_std 4.1 / imag_action_min 0.0 / imag_action_max 17.0 / actor_entropy 0.3 / actor_loss 0.4 / actor_grad_norm 9.9 / value_loss 1.3 / value_grad_norm 1.4 / update_count 78157.0 / fps 12.7
add_video needs package moviepy
add_video needs package moviepy
[359428] 
Start evaluation.
[359428] eval_return 4570.0 / eval_length 1402.2 / eval_episodes 5.0
add_video needs package moviepy
Start training.
[359428] model_loss 16.0 / model_grad_norm 29.7 / image_loss 5.1 / reward_loss 0.1 / cont_loss 0.0 / kl_free 1.0 / dyn_scale 0.5 / rep_scale 0.1 / dyn_loss 18.1 / rep_loss 18.1 / kl 18.1 / prior_abs_ent 33.1 / post_abs_ent -26.7 / prior_obs_ent 6.8 / post_obs_ent -9.6 / boundary_ratio 0.0 / kl_mask 0.0 / normed_target_mean 0.6 / normed_target_std 0.3 / normed_target_min -0.1 / normed_target_max 1.1 / EMA_005 123.9 / EMA_095 1312.7 / value_mean 858.4 / value_std 395.9 / value_min 12.9 / value_max 1392.8 / target_mean 861.5 / target_std 396.0 / target_min 14.3 / target_max 1432.7 / imag_reward_mean 2.4 / imag_reward_std 5.4 / imag_reward_min -0.0 / imag_reward_max 35.9 / imag_action_mean 7.8 / imag_action_std 4.1 / imag_action_min 0.0 / imag_action_max 17.0 / actor_entropy 0.3 / actor_loss 0.6 / actor_grad_norm 10.1 / value_loss 1.3 / value_grad_norm 1.4 / update_count 78313.0 / fps 12.0
add_video needs package moviepy
add_video needs package moviepy
[360052] 
Start evaluation.
[360052] eval_return 4222.0 / eval_length 1350.6 / eval_episodes 5.0
add_video needs package moviepy
Start training.
[360052] model_loss 16.1 / model_grad_norm 28.7 / image_loss 5.1 / reward_loss 0.1 / cont_loss 0.0 / kl_free 1.0 / dyn_scale 0.5 / rep_scale 0.1 / dyn_loss 18.1 / rep_loss 18.1 / kl 18.1 / prior_abs_ent 33.1 / post_abs_ent -26.7 / prior_obs_ent 6.9 / post_obs_ent -9.6 / boundary_ratio 0.0 / kl_mask 0.0 / normed_target_mean 0.6 / normed_target_std 0.3 / normed_target_min -0.1 / normed_target_max 1.1 / EMA_005 146.0 / EMA_095 1313.1 / value_mean 876.8 / value_std 386.9 / value_min 13.3 / value_max 1393.5 / target_mean 879.8 / target_std 387.2 / target_min 15.8 / target_max 1431.4 / imag_reward_mean 2.5 / imag_reward_std 5.2 / imag_reward_min -0.0 / imag_reward_max 21.2 / imag_action_mean 7.8 / imag_action_std 4.1 / imag_action_min 0.0 / imag_action_max 17.0 / actor_entropy 0.3 / actor_loss 0.6 / actor_grad_norm 9.9 / value_loss 1.3 / value_grad_norm 1.3 / update_count 78469.0 / fps 12.2
add_video needs package moviepy
add_video needs package moviepy
[360676] 
Start evaluation.
[360676] eval_return 4258.0 / eval_length 1352.4 / eval_episodes 5.0
add_video needs package moviepy
Start training.
[360676] model_loss 16.1 / model_grad_norm 28.4 / image_loss 5.1 / reward_loss 0.1 / cont_loss 0.0 / kl_free 1.0 / dyn_scale 0.5 / rep_scale 0.1 / dyn_loss 18.0 / rep_loss 18.0 / kl 18.0 / prior_abs_ent 33.2 / post_abs_ent -26.4 / prior_obs_ent 6.8 / post_obs_ent -9.6 / boundary_ratio 0.0 / kl_mask 0.0 / normed_target_mean 0.6 / normed_target_std 0.3 / normed_target_min -0.1 / normed_target_max 1.1 / EMA_005 141.4 / EMA_095 1303.9 / value_mean 845.2 / value_std 396.5 / value_min 9.4 / value_max 1389.4 / target_mean 847.8 / target_std 397.2 / target_min 9.7 / target_max 1424.2 / imag_reward_mean 2.4 / imag_reward_std 5.2 / imag_reward_min -0.0 / imag_reward_max 24.0 / imag_action_mean 7.8 / imag_action_std 4.1 / imag_action_min 0.0 / imag_action_max 17.0 / actor_entropy 0.3 / actor_loss 0.5 / actor_grad_norm 10.4 / value_loss 1.4 / value_grad_norm 1.4 / update_count 78625.0 / fps 12.2
add_video needs package moviepy
add_video needs package moviepy
[361300] 
Start evaluation.
[361300] eval_return 4866.0 / eval_length 1434.0 / eval_episodes 5.0
add_video needs package moviepy
Start training.
[361300] model_loss 17.1 / model_grad_norm 49.1 / image_loss 5.7 / reward_loss 0.1 / cont_loss 0.0 / kl_free 1.0 / dyn_scale 0.5 / rep_scale 0.1 / dyn_loss 18.8 / rep_loss 18.8 / kl 18.8 / prior_abs_ent 33.3 / post_abs_ent -27.1 / prior_obs_ent 9.4 / post_obs_ent -7.7 / boundary_ratio 0.0 / kl_mask 0.0 / normed_target_mean 0.6 / normed_target_std 0.3 / normed_target_min -0.1 / normed_target_max 1.1 / EMA_005 139.9 / EMA_095 1310.3 / value_mean 856.2 / value_std 396.0 / value_min 14.3 / value_max 1393.8 / target_mean 858.1 / target_std 396.7 / target_min 12.7 / target_max 1429.0 / imag_reward_mean 2.4 / imag_reward_std 5.2 / imag_reward_min -0.0 / imag_reward_max 23.8 / imag_action_mean 7.8 / imag_action_std 4.1 / imag_action_min 0.0 / imag_action_max 17.0 / actor_entropy 0.3 / actor_loss 0.3 / actor_grad_norm 10.8 / value_loss 1.4 / value_grad_norm 1.4 / update_count 78781.0 / fps 11.9
add_video needs package moviepy
add_video needs package moviepy
[361924] 
Start evaluation.
[361924] eval_return 4222.0 / eval_length 1419.4 / eval_episodes 5.0
add_video needs package moviepy
Start training.
[361924] model_loss 16.0 / model_grad_norm 23.6 / image_loss 5.1 / reward_loss 0.1 / cont_loss 0.0 / kl_free 1.0 / dyn_scale 0.5 / rep_scale 0.1 / dyn_loss 18.0 / rep_loss 18.0 / kl 18.0 / prior_abs_ent 33.3 / post_abs_ent -27.0 / prior_obs_ent 7.4 / post_obs_ent -9.0 / boundary_ratio 0.0 / kl_mask 0.0 / normed_target_mean 0.6 / normed_target_std 0.3 / normed_target_min -0.1 / normed_target_max 1.1 / EMA_005 136.0 / EMA_095 1316.5 / value_mean 852.2 / value_std 399.2 / value_min 8.8 / value_max 1393.3 / target_mean 854.9 / target_std 399.8 / target_min 7.8 / target_max 1434.0 / imag_reward_mean 2.4 / imag_reward_std 5.3 / imag_reward_min -0.0 / imag_reward_max 30.2 / imag_action_mean 7.7 / imag_action_std 4.0 / imag_action_min 0.0 / imag_action_max 17.0 / actor_entropy 0.3 / actor_loss 0.6 / actor_grad_norm 10.5 / value_loss 1.4 / value_grad_norm 1.3 / update_count 78937.0 / fps 11.9
add_video needs package moviepy
add_video needs package moviepy
[362548] 
Start evaluation.
[362548] eval_return 4784.0 / eval_length 1480.6 / eval_episodes 5.0
add_video needs package moviepy
Start training.
[362548] model_loss 16.0 / model_grad_norm 26.0 / image_loss 5.1 / reward_loss 0.1 / cont_loss 0.0 / kl_free 1.0 / dyn_scale 0.5 / rep_scale 0.1 / dyn_loss 18.0 / rep_loss 18.0 / kl 18.0 / prior_abs_ent 33.3 / post_abs_ent -26.8 / prior_obs_ent 7.2 / post_obs_ent -9.2 / boundary_ratio 0.0 / kl_mask 0.0 / normed_target_mean 0.6 / normed_target_std 0.3 / normed_target_min -0.1 / normed_target_max 1.1 / EMA_005 128.6 / EMA_095 1312.8 / value_mean 843.0 / value_std 407.1 / value_min 8.9 / value_max 1393.1 / target_mean 846.0 / target_std 407.5 / target_min 7.5 / target_max 1430.6 / imag_reward_mean 2.4 / imag_reward_std 5.2 / imag_reward_min -0.0 / imag_reward_max 24.0 / imag_action_mean 7.9 / imag_action_std 3.9 / imag_action_min 0.0 / imag_action_max 17.0 / actor_entropy 0.3 / actor_loss 0.4 / actor_grad_norm 9.9 / value_loss 1.4 / value_grad_norm 1.4 / update_count 79093.0 / fps 11.9
add_video needs package moviepy
add_video needs package moviepy
[363172] 
Start evaluation.
[363172] eval_return 4584.0 / eval_length 1457.8 / eval_episodes 5.0
add_video needs package moviepy
Start training.
[363172] model_loss 15.9 / model_grad_norm 24.9 / image_loss 5.0 / reward_loss 0.1 / cont_loss 0.0 / kl_free 1.0 / dyn_scale 0.5 / rep_scale 0.1 / dyn_loss 17.9 / rep_loss 17.9 / kl 17.9 / prior_abs_ent 32.9 / post_abs_ent -26.8 / prior_obs_ent 6.5 / post_obs_ent -9.8 / boundary_ratio 0.0 / kl_mask 0.0 / normed_target_mean 0.6 / normed_target_std 0.3 / normed_target_min -0.1 / normed_target_max 1.1 / EMA_005 131.9 / EMA_095 1316.8 / value_mean 863.0 / value_std 396.0 / value_min 13.6 / value_max 1400.1 / target_mean 865.9 / target_std 396.2 / target_min 13.6 / target_max 1438.4 / imag_reward_mean 2.5 / imag_reward_std 5.2 / imag_reward_min -0.0 / imag_reward_max 23.5 / imag_action_mean 7.9 / imag_action_std 3.9 / imag_action_min 0.0 / imag_action_max 17.0 / actor_entropy 0.3 / actor_loss 0.5 / actor_grad_norm 9.6 / value_loss 1.3 / value_grad_norm 1.4 / update_count 79249.0 / fps 11.9
add_video needs package moviepy
add_video needs package moviepy
[363784] dataset_size 90946.0 / train_return 4910.0 / train_length 1459.0 / train_episodes 66.0
[363796] 
Start evaluation.
[363796] eval_return 4096.0 / eval_length 1330.0 / eval_episodes 5.0
add_video needs package moviepy
Start training.
[363796] model_loss 16.1 / model_grad_norm 29.3 / image_loss 5.1 / reward_loss 0.1 / cont_loss 0.0 / kl_free 1.0 / dyn_scale 0.5 / rep_scale 0.1 / dyn_loss 18.0 / rep_loss 18.0 / kl 18.0 / prior_abs_ent 33.1 / post_abs_ent -26.7 / prior_obs_ent 6.9 / post_obs_ent -9.4 / boundary_ratio 0.0 / kl_mask 0.0 / normed_target_mean 0.6 / normed_target_std 0.3 / normed_target_min -0.1 / normed_target_max 1.1 / EMA_005 137.9 / EMA_095 1318.7 / value_mean 859.3 / value_std 394.8 / value_min 16.5 / value_max 1395.1 / target_mean 862.9 / target_std 395.1 / target_min 17.2 / target_max 1431.3 / imag_reward_mean 2.5 / imag_reward_std 5.3 / imag_reward_min -0.0 / imag_reward_max 32.3 / imag_action_mean 7.9 / imag_action_std 3.9 / imag_action_min 0.0 / imag_action_max 17.0 / actor_entropy 0.3 / actor_loss 0.8 / actor_grad_norm 10.5 / value_loss 1.3 / value_grad_norm 1.4 / update_count 79405.0 / fps 12.2
add_video needs package moviepy
add_video needs package moviepy
[364420] 
Start evaluation.
[364420] eval_return 4368.0 / eval_length 1402.8 / eval_episodes 5.0
add_video needs package moviepy
Start training.
[364420] model_loss 16.0 / model_grad_norm 26.7 / image_loss 5.1 / reward_loss 0.1 / cont_loss 0.0 / kl_free 1.0 / dyn_scale 0.5 / rep_scale 0.1 / dyn_loss 18.0 / rep_loss 18.0 / kl 18.0 / prior_abs_ent 32.9 / post_abs_ent -26.7 / prior_obs_ent 6.5 / post_obs_ent -9.9 / boundary_ratio 0.0 / kl_mask 0.0 / normed_target_mean 0.6 / normed_target_std 0.3 / normed_target_min -0.1 / normed_target_max 1.1 / EMA_005 143.3 / EMA_095 1313.3 / value_mean 838.0 / value_std 403.8 / value_min 9.1 / value_max 1388.8 / target_mean 841.1 / target_std 403.9 / target_min 8.3 / target_max 1421.5 / imag_reward_mean 2.4 / imag_reward_std 5.3 / imag_reward_min -0.0 / imag_reward_max 26.5 / imag_action_mean 7.9 / imag_action_std 3.9 / imag_action_min 0.0 / imag_action_max 17.0 / actor_entropy 0.3 / actor_loss 0.6 / actor_grad_norm 9.8 / value_loss 1.4 / value_grad_norm 1.4 / update_count 79561.0 / fps 12.1
add_video needs package moviepy
add_video needs package moviepy
[365044] 
Start evaluation.
[365044] eval_return 3874.0 / eval_length 1332.8 / eval_episodes 5.0
add_video needs package moviepy
Start training.
[365044] model_loss 16.0 / model_grad_norm 28.4 / image_loss 5.1 / reward_loss 0.1 / cont_loss 0.0 / kl_free 1.0 / dyn_scale 0.5 / rep_scale 0.1 / dyn_loss 17.9 / rep_loss 17.9 / kl 17.9 / prior_abs_ent 32.9 / post_abs_ent -26.6 / prior_obs_ent 6.3 / post_obs_ent -10.0 / boundary_ratio 0.0 / kl_mask 0.0 / normed_target_mean 0.6 / normed_target_std 0.3 / normed_target_min -0.1 / normed_target_max 1.1 / EMA_005 141.4 / EMA_095 1318.3 / value_mean 858.9 / value_std 390.2 / value_min 10.4 / value_max 1396.9 / target_mean 861.7 / target_std 390.7 / target_min 11.3 / target_max 1434.8 / imag_reward_mean 2.4 / imag_reward_std 5.2 / imag_reward_min -0.0 / imag_reward_max 26.4 / imag_action_mean 7.8 / imag_action_std 3.9 / imag_action_min 0.0 / imag_action_max 17.0 / actor_entropy 0.3 / actor_loss 0.5 / actor_grad_norm 10.2 / value_loss 1.3 / value_grad_norm 1.4 / update_count 79717.0 / fps 12.2
add_video needs package moviepy
add_video needs package moviepy
[365668] 
Start evaluation.
[365668] eval_return 4252.0 / eval_length 1411.4 / eval_episodes 5.0
add_video needs package moviepy
Start training.
[365668] model_loss 16.2 / model_grad_norm 33.8 / image_loss 5.2 / reward_loss 0.1 / cont_loss 0.0 / kl_free 1.0 / dyn_scale 0.5 / rep_scale 0.1 / dyn_loss 18.2 / rep_loss 18.2 / kl 18.2 / prior_abs_ent 32.9 / post_abs_ent -26.8 / prior_obs_ent 6.5 / post_obs_ent -10.0 / boundary_ratio 0.0 / kl_mask 0.0 / normed_target_mean 0.6 / normed_target_std 0.3 / normed_target_min -0.1 / normed_target_max 1.1 / EMA_005 145.7 / EMA_095 1319.5 / value_mean 869.6 / value_std 389.2 / value_min 15.6 / value_max 1397.9 / target_mean 872.5 / target_std 389.3 / target_min 12.9 / target_max 1435.1 / imag_reward_mean 2.5 / imag_reward_std 5.3 / imag_reward_min -0.0 / imag_reward_max 32.2 / imag_action_mean 7.8 / imag_action_std 4.0 / imag_action_min 0.0 / imag_action_max 17.0 / actor_entropy 0.3 / actor_loss 0.4 / actor_grad_norm 9.9 / value_loss 1.3 / value_grad_norm 1.4 / update_count 79873.0 / fps 12.0
add_video needs package moviepy
add_video needs package moviepy
[366292] 
Start evaluation.
[366292] eval_return 4322.0 / eval_length 1434.8 / eval_episodes 5.0
add_video needs package moviepy
Start training.
[366292] model_loss 16.2 / model_grad_norm 27.2 / image_loss 5.1 / reward_loss 0.1 / cont_loss 0.0 / kl_free 1.0 / dyn_scale 0.5 / rep_scale 0.1 / dyn_loss 18.3 / rep_loss 18.3 / kl 18.3 / prior_abs_ent 33.0 / post_abs_ent -26.7 / prior_obs_ent 6.5 / post_obs_ent -10.1 / boundary_ratio 0.0 / kl_mask 0.0 / normed_target_mean 0.6 / normed_target_std 0.3 / normed_target_min -0.1 / normed_target_max 1.1 / EMA_005 153.3 / EMA_095 1318.0 / value_mean 866.3 / value_std 387.0 / value_min 8.3 / value_max 1395.2 / target_mean 870.0 / target_std 387.2 / target_min 7.2 / target_max 1431.0 / imag_reward_mean 2.5 / imag_reward_std 5.3 / imag_reward_min -0.0 / imag_reward_max 24.2 / imag_action_mean 7.8 / imag_action_std 4.0 / imag_action_min 0.0 / imag_action_max 17.0 / actor_entropy 0.3 / actor_loss 0.7 / actor_grad_norm 9.7 / value_loss 1.3 / value_grad_norm 1.4 / update_count 80029.0 / fps 11.9
add_video needs package moviepy
add_video needs package moviepy
[366916] 
Start evaluation.
[366916] eval_return 4624.0 / eval_length 1470.8 / eval_episodes 5.0
add_video needs package moviepy
Start training.
[366916] model_loss 16.1 / model_grad_norm 30.5 / image_loss 5.1 / reward_loss 0.1 / cont_loss 0.0 / kl_free 1.0 / dyn_scale 0.5 / rep_scale 0.1 / dyn_loss 18.2 / rep_loss 18.2 / kl 18.2 / prior_abs_ent 32.9 / post_abs_ent -26.8 / prior_obs_ent 6.0 / post_obs_ent -10.6 / boundary_ratio 0.0 / kl_mask 0.0 / normed_target_mean 0.6 / normed_target_std 0.3 / normed_target_min -0.1 / normed_target_max 1.1 / EMA_005 164.7 / EMA_095 1318.8 / value_mean 878.5 / value_std 375.0 / value_min 15.0 / value_max 1402.6 / target_mean 881.8 / target_std 375.0 / target_min 16.9 / target_max 1438.7 / imag_reward_mean 2.5 / imag_reward_std 5.4 / imag_reward_min -0.0 / imag_reward_max 30.3 / imag_action_mean 7.8 / imag_action_std 4.0 / imag_action_min 0.0 / imag_action_max 17.0 / actor_entropy 0.3 / actor_loss 0.6 / actor_grad_norm 10.0 / value_loss 1.3 / value_grad_norm 1.4 / update_count 80185.0 / fps 11.8
add_video needs package moviepy
add_video needs package moviepy
[367540] 
Start evaluation.
[367540] eval_return 4170.0 / eval_length 1347.4 / eval_episodes 5.0
add_video needs package moviepy
Start training.
[367540] model_loss 16.0 / model_grad_norm 25.7 / image_loss 5.0 / reward_loss 0.1 / cont_loss 0.0 / kl_free 1.0 / dyn_scale 0.5 / rep_scale 0.1 / dyn_loss 18.1 / rep_loss 18.1 / kl 18.1 / prior_abs_ent 33.2 / post_abs_ent -26.7 / prior_obs_ent 6.2 / post_obs_ent -10.2 / boundary_ratio 0.0 / kl_mask 0.0 / normed_target_mean 0.6 / normed_target_std 0.3 / normed_target_min -0.1 / normed_target_max 1.1 / EMA_005 162.6 / EMA_095 1324.4 / value_mean 872.7 / value_std 382.0 / value_min 10.5 / value_max 1399.5 / target_mean 875.0 / target_std 382.2 / target_min 11.1 / target_max 1437.9 / imag_reward_mean 2.4 / imag_reward_std 5.3 / imag_reward_min -0.0 / imag_reward_max 29.1 / imag_action_mean 7.8 / imag_action_std 4.0 / imag_action_min 0.0 / imag_action_max 17.0 / actor_entropy 0.3 / actor_loss 0.3 / actor_grad_norm 10.2 / value_loss 1.3 / value_grad_norm 1.4 / update_count 80341.0 / fps 12.2
add_video needs package moviepy
add_video needs package moviepy
[368164] 
Start evaluation.
[368164] eval_return 4306.0 / eval_length 1413.6 / eval_episodes 5.0
add_video needs package moviepy
Start training.
[368164] model_loss 16.3 / model_grad_norm 28.0 / image_loss 5.2 / reward_loss 0.1 / cont_loss 0.0 / kl_free 1.0 / dyn_scale 0.5 / rep_scale 0.1 / dyn_loss 18.2 / rep_loss 18.2 / kl 18.2 / prior_abs_ent 33.0 / post_abs_ent -26.7 / prior_obs_ent 6.3 / post_obs_ent -10.3 / boundary_ratio 0.0 / kl_mask 0.0 / normed_target_mean 0.6 / normed_target_std 0.3 / normed_target_min -0.1 / normed_target_max 1.1 / EMA_005 164.2 / EMA_095 1317.7 / value_mean 870.6 / value_std 370.1 / value_min 10.9 / value_max 1395.2 / target_mean 873.2 / target_std 370.4 / target_min 13.5 / target_max 1427.6 / imag_reward_mean 2.5 / imag_reward_std 5.3 / imag_reward_min -0.0 / imag_reward_max 27.3 / imag_action_mean 7.8 / imag_action_std 4.1 / imag_action_min 0.0 / imag_action_max 17.0 / actor_entropy 0.3 / actor_loss 0.4 / actor_grad_norm 10.3 / value_loss 1.3 / value_grad_norm 1.5 / update_count 80497.0 / fps 11.9
add_video needs package moviepy
add_video needs package moviepy
[368264] dataset_size 92066.0 / train_return 3120.0 / train_length 1120.0 / train_episodes 67.0
[368788] 
Start evaluation.
[368788] eval_return 3704.0 / eval_length 1308.4 / eval_episodes 5.0
add_video needs package moviepy
Start training.
[368788] model_loss 16.1 / model_grad_norm 28.5 / image_loss 5.1 / reward_loss 0.1 / cont_loss 0.0 / kl_free 1.0 / dyn_scale 0.5 / rep_scale 0.1 / dyn_loss 18.2 / rep_loss 18.2 / kl 18.2 / prior_abs_ent 33.2 / post_abs_ent -26.6 / prior_obs_ent 6.4 / post_obs_ent -10.1 / boundary_ratio 0.0 / kl_mask 0.0 / normed_target_mean 0.6 / normed_target_std 0.3 / normed_target_min -0.1 / normed_target_max 1.1 / EMA_005 169.9 / EMA_095 1312.1 / value_mean 868.6 / value_std 378.0 / value_min 10.9 / value_max 1396.7 / target_mean 871.8 / target_std 378.0 / target_min 13.2 / target_max 1431.1 / imag_reward_mean 2.5 / imag_reward_std 5.4 / imag_reward_min -0.0 / imag_reward_max 33.0 / imag_action_mean 7.8 / imag_action_std 4.0 / imag_action_min 0.0 / imag_action_max 17.0 / actor_entropy 0.3 / actor_loss 0.6 / actor_grad_norm 10.7 / value_loss 1.3 / value_grad_norm 1.4 / update_count 80653.0 / fps 12.2
add_video needs package moviepy
add_video needs package moviepy
[369412] 
Start evaluation.
[369412] eval_return 4248.0 / eval_length 1440.2 / eval_episodes 5.0
add_video needs package moviepy
Start training.
[369412] model_loss 16.2 / model_grad_norm 30.3 / image_loss 5.2 / reward_loss 0.1 / cont_loss 0.0 / kl_free 1.0 / dyn_scale 0.5 / rep_scale 0.1 / dyn_loss 18.2 / rep_loss 18.2 / kl 18.2 / prior_abs_ent 33.1 / post_abs_ent -26.7 / prior_obs_ent 6.5 / post_obs_ent -10.0 / boundary_ratio 0.0 / kl_mask 0.0 / normed_target_mean 0.6 / normed_target_std 0.3 / normed_target_min -0.1 / normed_target_max 1.1 / EMA_005 165.3 / EMA_095 1313.8 / value_mean 861.6 / value_std 380.6 / value_min 10.9 / value_max 1396.3 / target_mean 864.8 / target_std 380.8 / target_min 10.3 / target_max 1431.6 / imag_reward_mean 2.5 / imag_reward_std 5.3 / imag_reward_min -0.0 / imag_reward_max 31.3 / imag_action_mean 8.0 / imag_action_std 4.0 / imag_action_min 0.0 / imag_action_max 17.0 / actor_entropy 0.3 / actor_loss 0.6 / actor_grad_norm 10.4 / value_loss 1.4 / value_grad_norm 1.5 / update_count 80809.0 / fps 11.9
add_video needs package moviepy
add_video needs package moviepy
[370036] 
Start evaluation.
[370036] eval_return 4294.0 / eval_length 1463.8 / eval_episodes 5.0
add_video needs package moviepy
Start training.
[370036] model_loss 16.1 / model_grad_norm 26.4 / image_loss 5.1 / reward_loss 0.1 / cont_loss 0.0 / kl_free 1.0 / dyn_scale 0.5 / rep_scale 0.1 / dyn_loss 18.2 / rep_loss 18.2 / kl 18.2 / prior_abs_ent 32.9 / post_abs_ent -26.5 / prior_obs_ent 6.3 / post_obs_ent -10.2 / boundary_ratio 0.0 / kl_mask 0.0 / normed_target_mean 0.6 / normed_target_std 0.3 / normed_target_min -0.1 / normed_target_max 1.1 / EMA_005 169.2 / EMA_095 1311.4 / value_mean 866.7 / value_std 377.7 / value_min 15.5 / value_max 1395.5 / target_mean 869.5 / target_std 378.4 / target_min 13.8 / target_max 1427.7 / imag_reward_mean 2.5 / imag_reward_std 5.2 / imag_reward_min -0.0 / imag_reward_max 23.8 / imag_action_mean 7.8 / imag_action_std 4.0 / imag_action_min 0.0 / imag_action_max 17.0 / actor_entropy 0.3 / actor_loss 0.4 / actor_grad_norm 10.1 / value_loss 1.3 / value_grad_norm 1.5 / update_count 80965.0 / fps 11.8
add_video needs package moviepy
add_video needs package moviepy
[370660] 
Start evaluation.
[370660] eval_return 4724.0 / eval_length 1464.0 / eval_episodes 5.0
add_video needs package moviepy
Start training.
[370660] model_loss 16.2 / model_grad_norm 32.5 / image_loss 5.2 / reward_loss 0.1 / cont_loss 0.0 / kl_free 1.0 / dyn_scale 0.5 / rep_scale 0.1 / dyn_loss 18.2 / rep_loss 18.2 / kl 18.2 / prior_abs_ent 32.9 / post_abs_ent -26.4 / prior_obs_ent 6.5 / post_obs_ent -10.1 / boundary_ratio 0.0 / kl_mask 0.0 / normed_target_mean 0.6 / normed_target_std 0.3 / normed_target_min -0.1 / normed_target_max 1.1 / EMA_005 169.2 / EMA_095 1317.0 / value_mean 861.7 / value_std 377.7 / value_min 7.7 / value_max 1400.4 / target_mean 864.8 / target_std 378.0 / target_min 9.1 / target_max 1433.4 / imag_reward_mean 2.4 / imag_reward_std 5.2 / imag_reward_min -0.0 / imag_reward_max 26.7 / imag_action_mean 7.8 / imag_action_std 4.0 / imag_action_min 0.0 / imag_action_max 17.0 / actor_entropy 0.3 / actor_loss 0.5 / actor_grad_norm 10.3 / value_loss 1.4 / value_grad_norm 1.5 / update_count 81121.0 / fps 11.8
add_video needs package moviepy
add_video needs package moviepy
[371284] 
Start evaluation.
[371284] eval_return 3760.0 / eval_length 1315.0 / eval_episodes 5.0
add_video needs package moviepy
Start training.
[371284] model_loss 16.1 / model_grad_norm 29.7 / image_loss 5.1 / reward_loss 0.1 / cont_loss 0.0 / kl_free 1.0 / dyn_scale 0.5 / rep_scale 0.1 / dyn_loss 18.0 / rep_loss 18.0 / kl 18.0 / prior_abs_ent 32.9 / post_abs_ent -26.3 / prior_obs_ent 6.5 / post_obs_ent -9.9 / boundary_ratio 0.0 / kl_mask 0.0 / normed_target_mean 0.6 / normed_target_std 0.3 / normed_target_min -0.1 / normed_target_max 1.1 / EMA_005 174.1 / EMA_095 1316.9 / value_mean 864.9 / value_std 371.6 / value_min 13.3 / value_max 1399.3 / target_mean 867.6 / target_std 372.1 / target_min 16.2 / target_max 1436.3 / imag_reward_mean 2.4 / imag_reward_std 5.1 / imag_reward_min -0.0 / imag_reward_max 20.7 / imag_action_mean 7.8 / imag_action_std 3.9 / imag_action_min 0.0 / imag_action_max 17.0 / actor_entropy 0.3 / actor_loss 0.5 / actor_grad_norm 10.3 / value_loss 1.4 / value_grad_norm 1.5 / update_count 81277.0 / fps 12.3
add_video needs package moviepy
add_video needs package moviepy
[371908] 
Start evaluation.
[371908] eval_return 4136.0 / eval_length 1423.4 / eval_episodes 5.0
add_video needs package moviepy
Start training.
[371908] model_loss 16.2 / model_grad_norm 27.2 / image_loss 5.1 / reward_loss 0.1 / cont_loss 0.0 / kl_free 1.0 / dyn_scale 0.5 / rep_scale 0.1 / dyn_loss 18.2 / rep_loss 18.2 / kl 18.2 / prior_abs_ent 32.9 / post_abs_ent -26.5 / prior_obs_ent 6.8 / post_obs_ent -9.8 / boundary_ratio 0.0 / kl_mask 0.0 / normed_target_mean 0.6 / normed_target_std 0.3 / normed_target_min -0.1 / normed_target_max 1.1 / EMA_005 170.2 / EMA_095 1317.4 / value_mean 859.6 / value_std 385.3 / value_min 6.7 / value_max 1402.2 / target_mean 863.2 / target_std 386.0 / target_min 6.1 / target_max 1437.3 / imag_reward_mean 2.5 / imag_reward_std 5.5 / imag_reward_min -0.0 / imag_reward_max 38.9 / imag_action_mean 7.6 / imag_action_std 3.9 / imag_action_min 0.0 / imag_action_max 17.0 / actor_entropy 0.3 / actor_loss 0.8 / actor_grad_norm 11.1 / value_loss 1.4 / value_grad_norm 1.6 / update_count 81433.0 / fps 12.0
add_video needs package moviepy
add_video needs package moviepy
[372532] 
Start evaluation.
[372532] eval_return 4264.0 / eval_length 1366.6 / eval_episodes 5.0
add_video needs package moviepy
Start training.
[372532] model_loss 16.2 / model_grad_norm 30.4 / image_loss 5.1 / reward_loss 0.1 / cont_loss 0.0 / kl_free 1.0 / dyn_scale 0.5 / rep_scale 0.1 / dyn_loss 18.3 / rep_loss 18.3 / kl 18.3 / prior_abs_ent 33.1 / post_abs_ent -26.3 / prior_obs_ent 7.0 / post_obs_ent -9.6 / boundary_ratio 0.0 / kl_mask 0.0 / normed_target_mean 0.6 / normed_target_std 0.3 / normed_target_min -0.1 / normed_target_max 1.1 / EMA_005 169.7 / EMA_095 1314.3 / value_mean 864.0 / value_std 375.6 / value_min 5.9 / value_max 1399.6 / target_mean 866.5 / target_std 376.4 / target_min 5.7 / target_max 1433.6 / imag_reward_mean 2.4 / imag_reward_std 5.2 / imag_reward_min -0.0 / imag_reward_max 24.0 / imag_action_mean 7.6 / imag_action_std 3.9 / imag_action_min 0.0 / imag_action_max 17.0 / actor_entropy 0.4 / actor_loss 0.5 / actor_grad_norm 11.3 / value_loss 1.4 / value_grad_norm 1.5 / update_count 81589.0 / fps 12.0
add_video needs package moviepy
add_video needs package moviepy
[373156] 
Start evaluation.
[373156] eval_return 4420.0 / eval_length 1427.8 / eval_episodes 5.0
add_video needs package moviepy
Start training.
[373156] model_loss 16.2 / model_grad_norm 37.6 / image_loss 5.1 / reward_loss 0.1 / cont_loss 0.0 / kl_free 1.0 / dyn_scale 0.5 / rep_scale 0.1 / dyn_loss 18.2 / rep_loss 18.2 / kl 18.2 / prior_abs_ent 33.3 / post_abs_ent -26.4 / prior_obs_ent 6.6 / post_obs_ent -10.0 / boundary_ratio 0.0 / kl_mask 0.0 / normed_target_mean 0.6 / normed_target_std 0.3 / normed_target_min -0.1 / normed_target_max 1.1 / EMA_005 165.7 / EMA_095 1313.3 / value_mean 862.4 / value_std 376.2 / value_min 9.2 / value_max 1401.0 / target_mean 864.9 / target_std 376.5 / target_min 7.9 / target_max 1437.6 / imag_reward_mean 2.4 / imag_reward_std 5.3 / imag_reward_min -0.0 / imag_reward_max 26.9 / imag_action_mean 7.7 / imag_action_std 3.9 / imag_action_min 0.0 / imag_action_max 17.0 / actor_entropy 0.3 / actor_loss 0.5 / actor_grad_norm 10.8 / value_loss 1.4 / value_grad_norm 1.6 / update_count 81745.0 / fps 11.9
add_video needs package moviepy
add_video needs package moviepy
[373780] 
Start evaluation.
[373780] eval_return 4046.0 / eval_length 1389.8 / eval_episodes 5.0
add_video needs package moviepy
Start training.
[373780] model_loss 16.3 / model_grad_norm 28.2 / image_loss 5.2 / reward_loss 0.1 / cont_loss 0.0 / kl_free 1.0 / dyn_scale 0.5 / rep_scale 0.1 / dyn_loss 18.3 / rep_loss 18.3 / kl 18.3 / prior_abs_ent 33.1 / post_abs_ent -26.3 / prior_obs_ent 6.7 / post_obs_ent -9.9 / boundary_ratio 0.0 / kl_mask 0.0 / normed_target_mean 0.6 / normed_target_std 0.3 / normed_target_min -0.1 / normed_target_max 1.1 / EMA_005 163.6 / EMA_095 1309.3 / value_mean 863.7 / value_std 378.4 / value_min 6.9 / value_max 1398.3 / target_mean 866.5 / target_std 379.2 / target_min 8.2 / target_max 1430.1 / imag_reward_mean 2.4 / imag_reward_std 5.2 / imag_reward_min -0.0 / imag_reward_max 27.0 / imag_action_mean 7.6 / imag_action_std 4.0 / imag_action_min 0.0 / imag_action_max 17.0 / actor_entropy 0.4 / actor_loss 0.6 / actor_grad_norm 11.5 / value_loss 1.4 / value_grad_norm 1.6 / update_count 81901.0 / fps 11.7
add_video needs package moviepy
add_video needs package moviepy
[374092] dataset_size 93523.0 / train_return 4430.0 / train_length 1457.0 / train_episodes 68.0
[374404] 
Start evaluation.
[374404] eval_return 3754.0 / eval_length 1203.6 / eval_episodes 5.0
add_video needs package moviepy
Start training.
[374404] model_loss 16.2 / model_grad_norm 24.9 / image_loss 5.1 / reward_loss 0.1 / cont_loss 0.0 / kl_free 1.0 / dyn_scale 0.5 / rep_scale 0.1 / dyn_loss 18.3 / rep_loss 18.3 / kl 18.3 / prior_abs_ent 33.2 / post_abs_ent -26.3 / prior_obs_ent 6.5 / post_obs_ent -10.2 / boundary_ratio 0.0 / kl_mask 0.0 / normed_target_mean 0.6 / normed_target_std 0.3 / normed_target_min -0.1 / normed_target_max 1.1 / EMA_005 159.3 / EMA_095 1306.7 / value_mean 859.6 / value_std 374.5 / value_min 10.0 / value_max 1392.7 / target_mean 862.2 / target_std 375.0 / target_min 10.8 / target_max 1425.7 / imag_reward_mean 2.5 / imag_reward_std 5.2 / imag_reward_min -0.0 / imag_reward_max 23.0 / imag_action_mean 7.7 / imag_action_std 4.1 / imag_action_min 0.0 / imag_action_max 17.0 / actor_entropy 0.4 / actor_loss 0.4 / actor_grad_norm 11.0 / value_loss 1.4 / value_grad_norm 1.6 / update_count 82057.0 / fps 12.2
add_video needs package moviepy
add_video needs package moviepy
[375028] 
Start evaluation.
[375028] eval_return 4442.0 / eval_length 1394.2 / eval_episodes 5.0
add_video needs package moviepy
Start training.
[375028] model_loss 16.3 / model_grad_norm 28.2 / image_loss 5.1 / reward_loss 0.1 / cont_loss 0.0 / kl_free 1.0 / dyn_scale 0.5 / rep_scale 0.1 / dyn_loss 18.3 / rep_loss 18.3 / kl 18.3 / prior_abs_ent 33.1 / post_abs_ent -26.4 / prior_obs_ent 6.8 / post_obs_ent -9.9 / boundary_ratio 0.0 / kl_mask 0.0 / normed_target_mean 0.6 / normed_target_std 0.3 / normed_target_min -0.1 / normed_target_max 1.1 / EMA_005 163.0 / EMA_095 1311.3 / value_mean 865.5 / value_std 377.0 / value_min 8.5 / value_max 1399.2 / target_mean 868.6 / target_std 377.6 / target_min 12.2 / target_max 1433.3 / imag_reward_mean 2.5 / imag_reward_std 5.4 / imag_reward_min -0.0 / imag_reward_max 36.0 / imag_action_mean 7.8 / imag_action_std 4.1 / imag_action_min 0.0 / imag_action_max 17.0 / actor_entropy 0.3 / actor_loss 0.5 / actor_grad_norm 10.6 / value_loss 1.4 / value_grad_norm 1.6 / update_count 82213.0 / fps 11.7
add_video needs package moviepy
add_video needs package moviepy
[375652] 
Start evaluation.
[375652] eval_return 4362.0 / eval_length 1440.6 / eval_episodes 5.0
add_video needs package moviepy
Start training.
[375652] model_loss 16.6 / model_grad_norm 40.0 / image_loss 5.2 / reward_loss 0.1 / cont_loss 0.0 / kl_free 1.0 / dyn_scale 0.5 / rep_scale 0.1 / dyn_loss 18.7 / rep_loss 18.7 / kl 18.7 / prior_abs_ent 33.2 / post_abs_ent -26.5 / prior_obs_ent 7.6 / post_obs_ent -9.3 / boundary_ratio 0.0 / kl_mask 0.0 / normed_target_mean 0.6 / normed_target_std 0.3 / normed_target_min -0.1 / normed_target_max 1.1 / EMA_005 172.8 / EMA_095 1315.5 / value_mean 867.1 / value_std 369.6 / value_min 10.2 / value_max 1398.0 / target_mean 869.6 / target_std 370.0 / target_min 13.0 / target_max 1431.3 / imag_reward_mean 2.4 / imag_reward_std 5.3 / imag_reward_min -0.0 / imag_reward_max 29.9 / imag_action_mean 7.7 / imag_action_std 4.1 / imag_action_min 0.0 / imag_action_max 17.0 / actor_entropy 0.3 / actor_loss 0.4 / actor_grad_norm 10.5 / value_loss 1.4 / value_grad_norm 1.6 / update_count 82369.0 / fps 11.7
add_video needs package moviepy
add_video needs package moviepy
[376276] 
Start evaluation.
[376276] eval_return 4008.0 / eval_length 1386.2 / eval_episodes 5.0
add_video needs package moviepy
Start training.
[376276] model_loss 16.2 / model_grad_norm 25.8 / image_loss 5.1 / reward_loss 0.1 / cont_loss 0.0 / kl_free 1.0 / dyn_scale 0.5 / rep_scale 0.1 / dyn_loss 18.3 / rep_loss 18.3 / kl 18.3 / prior_abs_ent 33.2 / post_abs_ent -26.9 / prior_obs_ent 8.0 / post_obs_ent -8.7 / boundary_ratio 0.0 / kl_mask 0.0 / normed_target_mean 0.6 / normed_target_std 0.3 / normed_target_min -0.2 / normed_target_max 1.1 / EMA_005 188.0 / EMA_095 1315.7 / value_mean 874.1 / value_std 367.0 / value_min 12.3 / value_max 1400.4 / target_mean 876.9 / target_std 367.6 / target_min 15.3 / target_max 1437.9 / imag_reward_mean 2.5 / imag_reward_std 5.3 / imag_reward_min -0.0 / imag_reward_max 30.1 / imag_action_mean 7.7 / imag_action_std 4.1 / imag_action_min 0.0 / imag_action_max 17.0 / actor_entropy 0.3 / actor_loss 0.4 / actor_grad_norm 10.4 / value_loss 1.3 / value_grad_norm 1.4 / update_count 82525.0 / fps 11.8
add_video needs package moviepy
add_video needs package moviepy
[376900] 
Start evaluation.
[376900] eval_return 4418.0 / eval_length 1408.6 / eval_episodes 5.0
add_video needs package moviepy
Start training.
[376900] model_loss 16.1 / model_grad_norm 25.7 / image_loss 5.1 / reward_loss 0.1 / cont_loss 0.0 / kl_free 1.0 / dyn_scale 0.5 / rep_scale 0.1 / dyn_loss 18.1 / rep_loss 18.1 / kl 18.1 / prior_abs_ent 33.0 / post_abs_ent -26.7 / prior_obs_ent 6.8 / post_obs_ent -9.8 / boundary_ratio 0.0 / kl_mask 0.0 / normed_target_mean 0.6 / normed_target_std 0.3 / normed_target_min -0.2 / normed_target_max 1.1 / EMA_005 177.0 / EMA_095 1314.1 / value_mean 859.9 / value_std 375.2 / value_min 6.8 / value_max 1402.0 / target_mean 862.2 / target_std 375.9 / target_min 6.0 / target_max 1433.5 / imag_reward_mean 2.5 / imag_reward_std 5.3 / imag_reward_min -0.0 / imag_reward_max 27.0 / imag_action_mean 7.5 / imag_action_std 4.2 / imag_action_min 0.0 / imag_action_max 17.0 / actor_entropy 0.3 / actor_loss 0.5 / actor_grad_norm 10.0 / value_loss 1.3 / value_grad_norm 1.5 / update_count 82681.0 / fps 11.8
add_video needs package moviepy
add_video needs package moviepy
[377524] 
Start evaluation.
[377524] eval_return 4050.0 / eval_length 1320.6 / eval_episodes 5.0
add_video needs package moviepy
Start training.
[377524] model_loss 16.0 / model_grad_norm 25.8 / image_loss 5.1 / reward_loss 0.1 / cont_loss 0.0 / kl_free 1.0 / dyn_scale 0.5 / rep_scale 0.1 / dyn_loss 18.0 / rep_loss 18.0 / kl 18.0 / prior_abs_ent 33.1 / post_abs_ent -26.6 / prior_obs_ent 6.3 / post_obs_ent -10.1 / boundary_ratio 0.0 / kl_mask 0.0 / normed_target_mean 0.6 / normed_target_std 0.3 / normed_target_min -0.2 / normed_target_max 1.1 / EMA_005 180.8 / EMA_095 1309.4 / value_mean 873.1 / value_std 368.0 / value_min 9.1 / value_max 1404.2 / target_mean 875.8 / target_std 368.7 / target_min 7.9 / target_max 1439.7 / imag_reward_mean 2.5 / imag_reward_std 5.3 / imag_reward_min -0.0 / imag_reward_max 27.5 / imag_action_mean 7.4 / imag_action_std 4.2 / imag_action_min 0.0 / imag_action_max 17.0 / actor_entropy 0.3 / actor_loss 0.5 / actor_grad_norm 10.4 / value_loss 1.3 / value_grad_norm 1.6 / update_count 82837.0 / fps 12.0
add_video needs package moviepy
add_video needs package moviepy
[378148] 
Start evaluation.
[378148] eval_return 4376.0 / eval_length 1389.6 / eval_episodes 5.0
add_video needs package moviepy
Start training.
[378148] model_loss 16.0 / model_grad_norm 28.2 / image_loss 5.1 / reward_loss 0.1 / cont_loss 0.0 / kl_free 1.0 / dyn_scale 0.5 / rep_scale 0.1 / dyn_loss 18.0 / rep_loss 18.0 / kl 18.0 / prior_abs_ent 33.0 / post_abs_ent -26.8 / prior_obs_ent 6.2 / post_obs_ent -10.2 / boundary_ratio 0.0 / kl_mask 0.0 / normed_target_mean 0.6 / normed_target_std 0.3 / normed_target_min -0.2 / normed_target_max 1.1 / EMA_005 181.7 / EMA_095 1315.4 / value_mean 861.9 / value_std 375.6 / value_min 9.1 / value_max 1406.1 / target_mean 864.4 / target_std 376.3 / target_min 8.9 / target_max 1439.0 / imag_reward_mean 2.4 / imag_reward_std 5.3 / imag_reward_min -0.0 / imag_reward_max 29.5 / imag_action_mean 7.6 / imag_action_std 4.2 / imag_action_min 0.0 / imag_action_max 17.0 / actor_entropy 0.3 / actor_loss 0.5 / actor_grad_norm 10.3 / value_loss 1.3 / value_grad_norm 1.6 / update_count 82993.0 / fps 11.9
add_video needs package moviepy
add_video needs package moviepy
[378772] 
Start evaluation.
[378772] eval_return 4434.0 / eval_length 1429.6 / eval_episodes 5.0
add_video needs package moviepy
Start training.
[378772] model_loss 16.1 / model_grad_norm 29.5 / image_loss 5.1 / reward_loss 0.1 / cont_loss 0.0 / kl_free 1.0 / dyn_scale 0.5 / rep_scale 0.1 / dyn_loss 18.2 / rep_loss 18.2 / kl 18.2 / prior_abs_ent 33.0 / post_abs_ent -26.9 / prior_obs_ent 6.7 / post_obs_ent -9.8 / boundary_ratio 0.0 / kl_mask 0.0 / normed_target_mean 0.6 / normed_target_std 0.3 / normed_target_min -0.1 / normed_target_max 1.1 / EMA_005 171.8 / EMA_095 1316.2 / value_mean 868.3 / value_std 371.7 / value_min 6.3 / value_max 1405.9 / target_mean 870.4 / target_std 372.7 / target_min 6.1 / target_max 1438.6 / imag_reward_mean 2.4 / imag_reward_std 5.2 / imag_reward_min -0.0 / imag_reward_max 26.0 / imag_action_mean 7.5 / imag_action_std 4.2 / imag_action_min 0.0 / imag_action_max 17.0 / actor_entropy 0.3 / actor_loss 0.4 / actor_grad_norm 10.3 / value_loss 1.3 / value_grad_norm 1.6 / update_count 83149.0 / fps 11.8
add_video needs package moviepy
add_video needs package moviepy
[379396] 
Start evaluation.
[379396] eval_return 3800.0 / eval_length 1261.4 / eval_episodes 5.0
add_video needs package moviepy
Start training.
[379396] model_loss 16.0 / model_grad_norm 28.6 / image_loss 5.0 / reward_loss 0.1 / cont_loss 0.0 / kl_free 1.0 / dyn_scale 0.5 / rep_scale 0.1 / dyn_loss 18.2 / rep_loss 18.2 / kl 18.2 / prior_abs_ent 32.9 / post_abs_ent -26.8 / prior_obs_ent 6.5 / post_obs_ent -10.1 / boundary_ratio 0.0 / kl_mask 0.0 / normed_target_mean 0.6 / normed_target_std 0.3 / normed_target_min -0.1 / normed_target_max 1.1 / EMA_005 181.3 / EMA_095 1320.0 / value_mean 877.0 / value_std 366.8 / value_min 14.6 / value_max 1411.8 / target_mean 879.7 / target_std 367.7 / target_min 13.8 / target_max 1442.1 / imag_reward_mean 2.5 / imag_reward_std 5.3 / imag_reward_min -0.0 / imag_reward_max 20.7 / imag_action_mean 7.5 / imag_action_std 4.2 / imag_action_min 0.0 / imag_action_max 17.0 / actor_entropy 0.3 / actor_loss 0.4 / actor_grad_norm 10.3 / value_loss 1.3 / value_grad_norm 1.5 / update_count 83305.0 / fps 12.3
add_video needs package moviepy
add_video needs package moviepy
[379956] dataset_size 94989.0 / train_return 3930.0 / train_length 1466.0 / train_episodes 69.0
[380020] 
Start evaluation.
[380020] eval_return 4292.0 / eval_length 1453.6 / eval_episodes 5.0
add_video needs package moviepy
Start training.
[380020] model_loss 16.1 / model_grad_norm 37.1 / image_loss 5.0 / reward_loss 0.1 / cont_loss 0.0 / kl_free 1.0 / dyn_scale 0.5 / rep_scale 0.1 / dyn_loss 18.2 / rep_loss 18.2 / kl 18.2 / prior_abs_ent 33.0 / post_abs_ent -26.7 / prior_obs_ent 6.2 / post_obs_ent -10.4 / boundary_ratio 0.0 / kl_mask 0.0 / normed_target_mean 0.6 / normed_target_std 0.3 / normed_target_min -0.1 / normed_target_max 1.1 / EMA_005 184.3 / EMA_095 1317.8 / value_mean 875.7 / value_std 367.8 / value_min 14.4 / value_max 1410.4 / target_mean 877.9 / target_std 368.7 / target_min 16.7 / target_max 1440.9 / imag_reward_mean 2.5 / imag_reward_std 5.3 / imag_reward_min -0.0 / imag_reward_max 23.7 / imag_action_mean 7.6 / imag_action_std 4.2 / imag_action_min 0.0 / imag_action_max 17.0 / actor_entropy 0.3 / actor_loss 0.4 / actor_grad_norm 10.8 / value_loss 1.3 / value_grad_norm 1.5 / update_count 83461.0 / fps 11.8
add_video needs package moviepy
add_video needs package moviepy
[380644] 
Start evaluation.
[380644] eval_return 4380.0 / eval_length 1327.8 / eval_episodes 5.0
add_video needs package moviepy
Start training.
[380644] model_loss 16.2 / model_grad_norm 26.1 / image_loss 5.1 / reward_loss 0.1 / cont_loss 0.0 / kl_free 1.0 / dyn_scale 0.5 / rep_scale 0.1 / dyn_loss 18.2 / rep_loss 18.2 / kl 18.2 / prior_abs_ent 33.0 / post_abs_ent -26.8 / prior_obs_ent 6.5 / post_obs_ent -10.1 / boundary_ratio 0.0 / kl_mask 0.0 / normed_target_mean 0.6 / normed_target_std 0.3 / normed_target_min -0.2 / normed_target_max 1.1 / EMA_005 182.9 / EMA_095 1316.2 / value_mean 870.9 / value_std 372.6 / value_min 9.0 / value_max 1411.1 / target_mean 873.4 / target_std 373.3 / target_min 10.9 / target_max 1442.3 / imag_reward_mean 2.4 / imag_reward_std 5.2 / imag_reward_min -0.0 / imag_reward_max 23.8 / imag_action_mean 7.6 / imag_action_std 4.1 / imag_action_min 0.0 / imag_action_max 17.0 / actor_entropy 0.3 / actor_loss 0.4 / actor_grad_norm 10.5 / value_loss 1.3 / value_grad_norm 1.5 / update_count 83617.0 / fps 12.0
add_video needs package moviepy
add_video needs package moviepy
[381268] 
Start evaluation.
[381268] eval_return 4164.0 / eval_length 1347.8 / eval_episodes 5.0
add_video needs package moviepy
Start training.
[381268] model_loss 16.1 / model_grad_norm 27.0 / image_loss 5.1 / reward_loss 0.1 / cont_loss 0.0 / kl_free 1.0 / dyn_scale 0.5 / rep_scale 0.1 / dyn_loss 18.1 / rep_loss 18.1 / kl 18.1 / prior_abs_ent 32.9 / post_abs_ent -26.7 / prior_obs_ent 6.5 / post_obs_ent -10.0 / boundary_ratio 0.0 / kl_mask 0.0 / normed_target_mean 0.6 / normed_target_std 0.3 / normed_target_min -0.1 / normed_target_max 1.1 / EMA_005 178.5 / EMA_095 1314.9 / value_mean 857.7 / value_std 371.8 / value_min 8.7 / value_max 1412.3 / target_mean 860.1 / target_std 372.6 / target_min 9.4 / target_max 1441.0 / imag_reward_mean 2.4 / imag_reward_std 5.2 / imag_reward_min -0.0 / imag_reward_max 27.0 / imag_action_mean 7.4 / imag_action_std 4.1 / imag_action_min 0.0 / imag_action_max 17.0 / actor_entropy 0.3 / actor_loss 0.3 / actor_grad_norm 10.7 / value_loss 1.4 / value_grad_norm 1.7 / update_count 83773.0 / fps 12.0
add_video needs package moviepy
add_video needs package moviepy
[381892] 
Start evaluation.
[381892] eval_return 4398.0 / eval_length 1441.0 / eval_episodes 5.0
add_video needs package moviepy
Start training.
[381892] model_loss 16.2 / model_grad_norm 28.1 / image_loss 5.2 / reward_loss 0.1 / cont_loss 0.0 / kl_free 1.0 / dyn_scale 0.5 / rep_scale 0.1 / dyn_loss 18.3 / rep_loss 18.3 / kl 18.3 / prior_abs_ent 33.1 / post_abs_ent -26.7 / prior_obs_ent 6.2 / post_obs_ent -10.4 / boundary_ratio 0.0 / kl_mask 0.0 / normed_target_mean 0.6 / normed_target_std 0.3 / normed_target_min -0.2 / normed_target_max 1.1 / EMA_005 181.6 / EMA_095 1316.5 / value_mean 861.6 / value_std 375.1 / value_min 11.1 / value_max 1416.6 / target_mean 864.3 / target_std 375.9 / target_min 11.2 / target_max 1445.5 / imag_reward_mean 2.5 / imag_reward_std 5.3 / imag_reward_min -0.0 / imag_reward_max 23.6 / imag_action_mean 7.4 / imag_action_std 4.1 / imag_action_min 0.0 / imag_action_max 17.0 / actor_entropy 0.3 / actor_loss 0.5 / actor_grad_norm 10.6 / value_loss 1.4 / value_grad_norm 1.6 / update_count 83929.0 / fps 12.0
add_video needs package moviepy
add_video needs package moviepy
[382516] 
Start evaluation.
[382516] eval_return 4586.0 / eval_length 1362.8 / eval_episodes 5.0
add_video needs package moviepy
Start training.
[382516] model_loss 16.2 / model_grad_norm 30.7 / image_loss 5.1 / reward_loss 0.1 / cont_loss 0.0 / kl_free 1.0 / dyn_scale 0.5 / rep_scale 0.1 / dyn_loss 18.2 / rep_loss 18.2 / kl 18.2 / prior_abs_ent 33.2 / post_abs_ent -26.8 / prior_obs_ent 6.3 / post_obs_ent -10.2 / boundary_ratio 0.0 / kl_mask 0.0 / normed_target_mean 0.6 / normed_target_std 0.3 / normed_target_min -0.2 / normed_target_max 1.1 / EMA_005 186.1 / EMA_095 1319.7 / value_mean 860.7 / value_std 376.3 / value_min 10.2 / value_max 1417.4 / target_mean 862.7 / target_std 377.1 / target_min 12.2 / target_max 1444.3 / imag_reward_mean 2.4 / imag_reward_std 5.2 / imag_reward_min -0.0 / imag_reward_max 23.9 / imag_action_mean 7.4 / imag_action_std 4.1 / imag_action_min 0.0 / imag_action_max 17.0 / actor_entropy 0.3 / actor_loss 0.2 / actor_grad_norm 9.8 / value_loss 1.3 / value_grad_norm 1.6 / update_count 84085.0 / fps 12.0
add_video needs package moviepy
add_video needs package moviepy
[383140] 
Start evaluation.
[383140] eval_return 4330.0 / eval_length 1342.0 / eval_episodes 5.0
add_video needs package moviepy
Start training.
[383140] model_loss 16.2 / model_grad_norm 31.5 / image_loss 5.1 / reward_loss 0.1 / cont_loss 0.0 / kl_free 1.0 / dyn_scale 0.5 / rep_scale 0.1 / dyn_loss 18.2 / rep_loss 18.2 / kl 18.2 / prior_abs_ent 33.1 / post_abs_ent -26.7 / prior_obs_ent 6.2 / post_obs_ent -10.4 / boundary_ratio 0.0 / kl_mask 0.0 / normed_target_mean 0.6 / normed_target_std 0.3 / normed_target_min -0.2 / normed_target_max 1.1 / EMA_005 183.2 / EMA_095 1321.3 / value_mean 872.8 / value_std 369.3 / value_min 10.4 / value_max 1426.0 / target_mean 875.1 / target_std 370.2 / target_min 11.0 / target_max 1453.3 / imag_reward_mean 2.4 / imag_reward_std 5.2 / imag_reward_min -0.0 / imag_reward_max 26.4 / imag_action_mean 7.4 / imag_action_std 4.1 / imag_action_min 0.0 / imag_action_max 17.0 / actor_entropy 0.3 / actor_loss 0.3 / actor_grad_norm 10.3 / value_loss 1.3 / value_grad_norm 1.6 / update_count 84241.0 / fps 12.1
add_video needs package moviepy
add_video needs package moviepy
[383764] 
Start evaluation.
[383764] eval_return 4628.0 / eval_length 1429.6 / eval_episodes 5.0
add_video needs package moviepy
Start training.
[383764] model_loss 16.3 / model_grad_norm 28.5 / image_loss 5.2 / reward_loss 0.1 / cont_loss 0.0 / kl_free 1.0 / dyn_scale 0.5 / rep_scale 0.1 / dyn_loss 18.4 / rep_loss 18.4 / kl 18.4 / prior_abs_ent 33.5 / post_abs_ent -26.7 / prior_obs_ent 6.8 / post_obs_ent -9.9 / boundary_ratio 0.0 / kl_mask 0.0 / normed_target_mean 0.6 / normed_target_std 0.3 / normed_target_min -0.2 / normed_target_max 1.1 / EMA_005 197.5 / EMA_095 1318.3 / value_mean 869.6 / value_std 365.9 / value_min 9.7 / value_max 1424.8 / target_mean 871.8 / target_std 366.9 / target_min 8.0 / target_max 1448.0 / imag_reward_mean 2.4 / imag_reward_std 5.2 / imag_reward_min -0.0 / imag_reward_max 26.8 / imag_action_mean 7.4 / imag_action_std 4.1 / imag_action_min 0.0 / imag_action_max 17.0 / actor_entropy 0.3 / actor_loss 0.4 / actor_grad_norm 10.9 / value_loss 1.3 / value_grad_norm 1.6 / update_count 84397.0 / fps 12.1
add_video needs package moviepy
add_video needs package moviepy
[384388] 
Start evaluation.
[384388] eval_return 3958.0 / eval_length 1423.8 / eval_episodes 5.0
add_video needs package moviepy
Start training.
[384388] model_loss 16.2 / model_grad_norm 28.7 / image_loss 5.1 / reward_loss 0.1 / cont_loss 0.0 / kl_free 1.0 / dyn_scale 0.5 / rep_scale 0.1 / dyn_loss 18.2 / rep_loss 18.2 / kl 18.2 / prior_abs_ent 32.9 / post_abs_ent -26.7 / prior_obs_ent 6.5 / post_obs_ent -10.1 / boundary_ratio 0.0 / kl_mask 0.0 / normed_target_mean 0.6 / normed_target_std 0.3 / normed_target_min -0.2 / normed_target_max 1.1 / EMA_005 193.7 / EMA_095 1319.0 / value_mean 870.7 / value_std 369.7 / value_min 8.0 / value_max 1422.2 / target_mean 873.3 / target_std 370.8 / target_min 8.1 / target_max 1447.7 / imag_reward_mean 2.5 / imag_reward_std 5.3 / imag_reward_min -0.0 / imag_reward_max 27.8 / imag_action_mean 7.4 / imag_action_std 4.1 / imag_action_min 0.0 / imag_action_max 17.0 / actor_entropy 0.3 / actor_loss 0.5 / actor_grad_norm 10.7 / value_loss 1.3 / value_grad_norm 1.5 / update_count 84553.0 / fps 11.9
add_video needs package moviepy
add_video needs package moviepy
[385012] 
Start evaluation.
[385012] eval_return 4170.0 / eval_length 1360.8 / eval_episodes 5.0
add_video needs package moviepy
Start training.
[385012] model_loss 16.3 / model_grad_norm 30.7 / image_loss 5.1 / reward_loss 0.1 / cont_loss 0.0 / kl_free 1.0 / dyn_scale 0.5 / rep_scale 0.1 / dyn_loss 18.5 / rep_loss 18.5 / kl 18.5 / prior_abs_ent 33.6 / post_abs_ent -26.9 / prior_obs_ent 6.7 / post_obs_ent -10.1 / boundary_ratio 0.0 / kl_mask 0.0 / normed_target_mean 0.6 / normed_target_std 0.3 / normed_target_min -0.2 / normed_target_max 1.1 / EMA_005 186.5 / EMA_095 1313.9 / value_mean 863.5 / value_std 370.4 / value_min 8.1 / value_max 1423.2 / target_mean 866.0 / target_std 371.3 / target_min 10.0 / target_max 1445.4 / imag_reward_mean 2.5 / imag_reward_std 5.3 / imag_reward_min -0.0 / imag_reward_max 26.8 / imag_action_mean 7.3 / imag_action_std 4.1 / imag_action_min 0.0 / imag_action_max 17.0 / actor_entropy 0.3 / actor_loss 0.5 / actor_grad_norm 11.2 / value_loss 1.3 / value_grad_norm 1.7 / update_count 84709.0 / fps 12.0
add_video needs package moviepy
add_video needs package moviepy
[385124] dataset_size 96281.0 / train_return 3930.0 / train_length 1292.0 / train_episodes 70.0
[385636] 
Start evaluation.
[385636] eval_return 4108.0 / eval_length 1362.8 / eval_episodes 5.0
add_video needs package moviepy
Start training.
[385636] model_loss 16.3 / model_grad_norm 28.5 / image_loss 5.2 / reward_loss 0.1 / cont_loss 0.0 / kl_free 1.0 / dyn_scale 0.5 / rep_scale 0.1 / dyn_loss 18.3 / rep_loss 18.3 / kl 18.3 / prior_abs_ent 33.1 / post_abs_ent -26.7 / prior_obs_ent 6.7 / post_obs_ent -10.0 / boundary_ratio 0.0 / kl_mask 0.0 / normed_target_mean 0.6 / normed_target_std 0.3 / normed_target_min -0.2 / normed_target_max 1.1 / EMA_005 184.8 / EMA_095 1316.6 / value_mean 865.3 / value_std 376.0 / value_min 10.3 / value_max 1425.6 / target_mean 867.6 / target_std 377.1 / target_min 10.3 / target_max 1451.0 / imag_reward_mean 2.5 / imag_reward_std 5.3 / imag_reward_min -0.0 / imag_reward_max 26.7 / imag_action_mean 7.3 / imag_action_std 4.0 / imag_action_min 0.0 / imag_action_max 17.0 / actor_entropy 0.4 / actor_loss 0.5 / actor_grad_norm 12.0 / value_loss 1.4 / value_grad_norm 1.7 / update_count 84865.0 / fps 12.0
add_video needs package moviepy
add_video needs package moviepy
[386260] 
Start evaluation.
[386260] eval_return 4436.0 / eval_length 1412.6 / eval_episodes 5.0
add_video needs package moviepy
Start training.
[386260] model_loss 16.3 / model_grad_norm 32.6 / image_loss 5.1 / reward_loss 0.1 / cont_loss 0.0 / kl_free 1.0 / dyn_scale 0.5 / rep_scale 0.1 / dyn_loss 18.4 / rep_loss 18.4 / kl 18.4 / prior_abs_ent 32.9 / post_abs_ent -26.6 / prior_obs_ent 6.7 / post_obs_ent -10.0 / boundary_ratio 0.0 / kl_mask 0.0 / normed_target_mean 0.6 / normed_target_std 0.3 / normed_target_min -0.2 / normed_target_max 1.1 / EMA_005 179.7 / EMA_095 1318.6 / value_mean 874.5 / value_std 371.3 / value_min 8.1 / value_max 1433.5 / target_mean 876.6 / target_std 372.4 / target_min 6.9 / target_max 1456.9 / imag_reward_mean 2.5 / imag_reward_std 5.3 / imag_reward_min -0.0 / imag_reward_max 27.0 / imag_action_mean 7.4 / imag_action_std 4.1 / imag_action_min 0.0 / imag_action_max 17.0 / actor_entropy 0.4 / actor_loss 0.5 / actor_grad_norm 11.2 / value_loss 1.3 / value_grad_norm 1.5 / update_count 85021.0 / fps 11.9
add_video needs package moviepy
add_video needs package moviepy
[386884] 
Start evaluation.
[386884] eval_return 4464.0 / eval_length 1379.2 / eval_episodes 5.0
add_video needs package moviepy
Start training.
[386884] model_loss 16.2 / model_grad_norm 27.4 / image_loss 5.1 / reward_loss 0.1 / cont_loss 0.0 / kl_free 1.0 / dyn_scale 0.5 / rep_scale 0.1 / dyn_loss 18.3 / rep_loss 18.3 / kl 18.3 / prior_abs_ent 33.5 / post_abs_ent -26.5 / prior_obs_ent 6.5 / post_obs_ent -10.1 / boundary_ratio 0.0 / kl_mask 0.0 / normed_target_mean 0.6 / normed_target_std 0.3 / normed_target_min -0.1 / normed_target_max 1.1 / EMA_005 178.1 / EMA_095 1323.7 / value_mean 859.1 / value_std 375.6 / value_min 9.3 / value_max 1424.2 / target_mean 861.2 / target_std 376.4 / target_min 9.2 / target_max 1448.6 / imag_reward_mean 2.5 / imag_reward_std 5.3 / imag_reward_min -0.0 / imag_reward_max 26.5 / imag_action_mean 7.4 / imag_action_std 4.1 / imag_action_min 0.0 / imag_action_max 17.0 / actor_entropy 0.4 / actor_loss 0.3 / actor_grad_norm 11.2 / value_loss 1.4 / value_grad_norm 1.5 / update_count 85177.0 / fps 12.0
add_video needs package moviepy
add_video needs package moviepy
[387508] 
Start evaluation.
[387508] eval_return 4454.0 / eval_length 1364.0 / eval_episodes 5.0
add_video needs package moviepy
Start training.
[387508] model_loss 16.3 / model_grad_norm 29.8 / image_loss 5.2 / reward_loss 0.1 / cont_loss 0.0 / kl_free 1.0 / dyn_scale 0.5 / rep_scale 0.1 / dyn_loss 18.4 / rep_loss 18.4 / kl 18.4 / prior_abs_ent 33.3 / post_abs_ent -26.8 / prior_obs_ent 6.7 / post_obs_ent -10.0 / boundary_ratio 0.0 / kl_mask 0.0 / normed_target_mean 0.6 / normed_target_std 0.3 / normed_target_min -0.1 / normed_target_max 1.1 / EMA_005 186.7 / EMA_095 1318.5 / value_mean 873.3 / value_std 366.6 / value_min 17.3 / value_max 1422.1 / target_mean 875.2 / target_std 367.7 / target_min 18.7 / target_max 1446.7 / imag_reward_mean 2.5 / imag_reward_std 5.2 / imag_reward_min -0.0 / imag_reward_max 23.9 / imag_action_mean 7.4 / imag_action_std 4.1 / imag_action_min 0.0 / imag_action_max 17.0 / actor_entropy 0.4 / actor_loss 0.2 / actor_grad_norm 10.9 / value_loss 1.3 / value_grad_norm 1.6 / update_count 85333.0 / fps 11.9
add_video needs package moviepy
add_video needs package moviepy
[388132] 
Start evaluation.
[388132] eval_return 3936.0 / eval_length 1358.0 / eval_episodes 5.0
add_video needs package moviepy
Start training.
[388132] model_loss 16.2 / model_grad_norm 30.2 / image_loss 5.1 / reward_loss 0.1 / cont_loss 0.0 / kl_free 1.0 / dyn_scale 0.5 / rep_scale 0.1 / dyn_loss 18.2 / rep_loss 18.2 / kl 18.2 / prior_abs_ent 33.3 / post_abs_ent -26.5 / prior_obs_ent 6.3 / post_obs_ent -10.3 / boundary_ratio 0.0 / kl_mask 0.0 / normed_target_mean 0.6 / normed_target_std 0.3 / normed_target_min -0.2 / normed_target_max 1.1 / EMA_005 184.7 / EMA_095 1318.2 / value_mean 848.1 / value_std 376.9 / value_min 8.3 / value_max 1420.2 / target_mean 850.8 / target_std 377.9 / target_min 8.6 / target_max 1446.0 / imag_reward_mean 2.4 / imag_reward_std 5.4 / imag_reward_min -0.0 / imag_reward_max 35.6 / imag_action_mean 7.5 / imag_action_std 4.1 / imag_action_min 0.0 / imag_action_max 17.0 / actor_entropy 0.3 / actor_loss 0.5 / actor_grad_norm 11.0 / value_loss 1.4 / value_grad_norm 1.6 / update_count 85489.0 / fps 12.1
add_video needs package moviepy
add_video needs package moviepy
[388756] 
Start evaluation.
[388756] eval_return 3622.0 / eval_length 1313.2 / eval_episodes 5.0
add_video needs package moviepy
Start training.
[388756] model_loss 16.4 / model_grad_norm 30.1 / image_loss 5.2 / reward_loss 0.1 / cont_loss 0.0 / kl_free 1.0 / dyn_scale 0.5 / rep_scale 0.1 / dyn_loss 18.5 / rep_loss 18.5 / kl 18.5 / prior_abs_ent 33.0 / post_abs_ent -26.6 / prior_obs_ent 6.8 / post_obs_ent -10.1 / boundary_ratio 0.0 / kl_mask 0.0 / normed_target_mean 0.6 / normed_target_std 0.3 / normed_target_min -0.1 / normed_target_max 1.1 / EMA_005 174.9 / EMA_095 1311.8 / value_mean 849.7 / value_std 376.8 / value_min 10.6 / value_max 1410.9 / target_mean 852.3 / target_std 377.6 / target_min 10.8 / target_max 1437.0 / imag_reward_mean 2.5 / imag_reward_std 5.2 / imag_reward_min -0.0 / imag_reward_max 22.9 / imag_action_mean 7.5 / imag_action_std 4.1 / imag_action_min 0.0 / imag_action_max 17.0 / actor_entropy 0.3 / actor_loss 0.5 / actor_grad_norm 10.9 / value_loss 1.4 / value_grad_norm 1.6 / update_count 85645.0 / fps 12.2
add_video needs package moviepy
add_video needs package moviepy
[389380] 
Start evaluation.
[389380] eval_return 4366.0 / eval_length 1438.0 / eval_episodes 5.0
add_video needs package moviepy
Start training.
[389380] model_loss 16.1 / model_grad_norm 28.7 / image_loss 5.1 / reward_loss 0.1 / cont_loss 0.0 / kl_free 1.0 / dyn_scale 0.5 / rep_scale 0.1 / dyn_loss 18.1 / rep_loss 18.1 / kl 18.1 / prior_abs_ent 33.1 / post_abs_ent -26.4 / prior_obs_ent 6.9 / post_obs_ent -9.6 / boundary_ratio 0.0 / kl_mask 0.0 / normed_target_mean 0.6 / normed_target_std 0.3 / normed_target_min -0.1 / normed_target_max 1.1 / EMA_005 177.2 / EMA_095 1310.3 / value_mean 846.2 / value_std 377.6 / value_min 10.7 / value_max 1420.1 / target_mean 848.7 / target_std 378.5 / target_min 10.1 / target_max 1441.5 / imag_reward_mean 2.4 / imag_reward_std 5.2 / imag_reward_min -0.0 / imag_reward_max 26.7 / imag_action_mean 7.4 / imag_action_std 4.1 / imag_action_min 0.0 / imag_action_max 17.0 / actor_entropy 0.3 / actor_loss 0.4 / actor_grad_norm 10.8 / value_loss 1.4 / value_grad_norm 1.6 / update_count 85801.0 / fps 11.8
add_video needs package moviepy
add_video needs package moviepy
[390004] 
Start evaluation.
[390004] eval_return 4030.0 / eval_length 1388.6 / eval_episodes 5.0
add_video needs package moviepy
Start training.
[390004] model_loss 16.2 / model_grad_norm 30.9 / image_loss 5.1 / reward_loss 0.1 / cont_loss 0.0 / kl_free 1.0 / dyn_scale 0.5 / rep_scale 0.1 / dyn_loss 18.3 / rep_loss 18.3 / kl 18.3 / prior_abs_ent 33.3 / post_abs_ent -26.6 / prior_obs_ent 6.8 / post_obs_ent -9.9 / boundary_ratio 0.0 / kl_mask 0.0 / normed_target_mean 0.6 / normed_target_std 0.3 / normed_target_min -0.1 / normed_target_max 1.1 / EMA_005 164.4 / EMA_095 1313.5 / value_mean 850.3 / value_std 380.4 / value_min 8.6 / value_max 1422.4 / target_mean 852.7 / target_std 381.1 / target_min 8.9 / target_max 1446.3 / imag_reward_mean 2.4 / imag_reward_std 5.2 / imag_reward_min -0.0 / imag_reward_max 23.8 / imag_action_mean 7.5 / imag_action_std 4.1 / imag_action_min 0.0 / imag_action_max 17.0 / actor_entropy 0.3 / actor_loss 0.5 / actor_grad_norm 10.9 / value_loss 1.4 / value_grad_norm 1.7 / update_count 85957.0 / fps 12.1
add_video needs package moviepy
add_video needs package moviepy
[390628] 
Start evaluation.
[390628] eval_return 3904.0 / eval_length 1399.4 / eval_episodes 5.0
add_video needs package moviepy
Start training.
[390628] model_loss 16.3 / model_grad_norm 32.4 / image_loss 5.2 / reward_loss 0.1 / cont_loss 0.0 / kl_free 1.0 / dyn_scale 0.5 / rep_scale 0.1 / dyn_loss 18.3 / rep_loss 18.3 / kl 18.3 / prior_abs_ent 33.2 / post_abs_ent -26.5 / prior_obs_ent 7.0 / post_obs_ent -9.7 / boundary_ratio 0.0 / kl_mask 0.0 / normed_target_mean 0.6 / normed_target_std 0.3 / normed_target_min -0.1 / normed_target_max 1.1 / EMA_005 177.8 / EMA_095 1314.5 / value_mean 860.4 / value_std 373.4 / value_min 12.1 / value_max 1420.3 / target_mean 862.7 / target_std 374.4 / target_min 12.5 / target_max 1445.1 / imag_reward_mean 2.5 / imag_reward_std 5.2 / imag_reward_min -0.0 / imag_reward_max 24.5 / imag_action_mean 7.5 / imag_action_std 4.1 / imag_action_min 0.0 / imag_action_max 17.0 / actor_entropy 0.3 / actor_loss 0.5 / actor_grad_norm 11.4 / value_loss 1.3 / value_grad_norm 1.5 / update_count 86113.0 / fps 12.0
add_video needs package moviepy
add_video needs package moviepy
[390896] dataset_size 97724.0 / train_return 4290.0 / train_length 1443.0 / train_episodes 71.0
[391252] 
Start evaluation.
[391252] eval_return 3490.0 / eval_length 1268.6 / eval_episodes 5.0
add_video needs package moviepy
Start training.
[391252] model_loss 16.2 / model_grad_norm 26.2 / image_loss 5.1 / reward_loss 0.1 / cont_loss 0.0 / kl_free 1.0 / dyn_scale 0.5 / rep_scale 0.1 / dyn_loss 18.3 / rep_loss 18.3 / kl 18.3 / prior_abs_ent 33.2 / post_abs_ent -26.8 / prior_obs_ent 6.3 / post_obs_ent -10.4 / boundary_ratio 0.0 / kl_mask 0.0 / normed_target_mean 0.6 / normed_target_std 0.3 / normed_target_min -0.1 / normed_target_max 1.1 / EMA_005 173.9 / EMA_095 1315.9 / value_mean 844.8 / value_std 379.5 / value_min 11.4 / value_max 1413.0 / target_mean 847.5 / target_std 380.1 / target_min 12.4 / target_max 1437.3 / imag_reward_mean 2.5 / imag_reward_std 5.2 / imag_reward_min -0.0 / imag_reward_max 22.6 / imag_action_mean 7.6 / imag_action_std 4.1 / imag_action_min 0.0 / imag_action_max 17.0 / actor_entropy 0.3 / actor_loss 0.6 / actor_grad_norm 11.4 / value_loss 1.4 / value_grad_norm 1.5 / update_count 86269.0 / fps 12.2
add_video needs package moviepy
add_video needs package moviepy
[391876] 
Start evaluation.
[391876] eval_return 3760.0 / eval_length 1297.6 / eval_episodes 5.0
add_video needs package moviepy
Start training.
[391876] model_loss 16.2 / model_grad_norm 29.1 / image_loss 5.1 / reward_loss 0.1 / cont_loss 0.0 / kl_free 1.0 / dyn_scale 0.5 / rep_scale 0.1 / dyn_loss 18.3 / rep_loss 18.3 / kl 18.3 / prior_abs_ent 33.4 / post_abs_ent -26.4 / prior_obs_ent 6.7 / post_obs_ent -9.9 / boundary_ratio 0.0 / kl_mask 0.0 / normed_target_mean 0.6 / normed_target_std 0.3 / normed_target_min -0.1 / normed_target_max 1.1 / EMA_005 168.7 / EMA_095 1307.8 / value_mean 839.2 / value_std 379.5 / value_min 7.9 / value_max 1416.1 / target_mean 842.3 / target_std 380.2 / target_min 8.4 / target_max 1439.7 / imag_reward_mean 2.5 / imag_reward_std 5.3 / imag_reward_min -0.0 / imag_reward_max 30.2 / imag_action_mean 7.7 / imag_action_std 4.1 / imag_action_min 0.0 / imag_action_max 17.0 / actor_entropy 0.3 / actor_loss 0.7 / actor_grad_norm 11.5 / value_loss 1.4 / value_grad_norm 1.6 / update_count 86425.0 / fps 12.3
add_video needs package moviepy
add_video needs package moviepy
[392500] 
Start evaluation.
[392500] eval_return 3934.0 / eval_length 1385.4 / eval_episodes 5.0
add_video needs package moviepy
Start training.
[392500] model_loss 16.3 / model_grad_norm 31.9 / image_loss 5.2 / reward_loss 0.1 / cont_loss 0.0 / kl_free 1.0 / dyn_scale 0.5 / rep_scale 0.1 / dyn_loss 18.3 / rep_loss 18.3 / kl 18.3 / prior_abs_ent 33.3 / post_abs_ent -26.4 / prior_obs_ent 6.6 / post_obs_ent -10.1 / boundary_ratio 0.0 / kl_mask 0.0 / normed_target_mean 0.6 / normed_target_std 0.3 / normed_target_min -0.1 / normed_target_max 1.1 / EMA_005 166.7 / EMA_095 1313.3 / value_mean 848.3 / value_std 377.6 / value_min 12.3 / value_max 1418.0 / target_mean 851.3 / target_std 378.0 / target_min 13.8 / target_max 1439.3 / imag_reward_mean 2.4 / imag_reward_std 5.3 / imag_reward_min -0.0 / imag_reward_max 29.6 / imag_action_mean 7.9 / imag_action_std 4.2 / imag_action_min 0.0 / imag_action_max 17.0 / actor_entropy 0.3 / actor_loss 0.5 / actor_grad_norm 10.8 / value_loss 1.4 / value_grad_norm 1.5 / update_count 86581.0 / fps 12.1
add_video needs package moviepy
add_video needs package moviepy
[393124] 
Start evaluation.
[393124] eval_return 4042.0 / eval_length 1354.0 / eval_episodes 5.0
add_video needs package moviepy
Start training.
[393124] model_loss 16.2 / model_grad_norm 26.9 / image_loss 5.1 / reward_loss 0.1 / cont_loss 0.0 / kl_free 1.0 / dyn_scale 0.5 / rep_scale 0.1 / dyn_loss 18.3 / rep_loss 18.3 / kl 18.3 / prior_abs_ent 33.4 / post_abs_ent -26.5 / prior_obs_ent 6.4 / post_obs_ent -10.3 / boundary_ratio 0.0 / kl_mask 0.0 / normed_target_mean 0.6 / normed_target_std 0.3 / normed_target_min -0.1 / normed_target_max 1.1 / EMA_005 178.3 / EMA_095 1312.1 / value_mean 857.0 / value_std 368.7 / value_min 18.3 / value_max 1423.8 / target_mean 859.9 / target_std 369.3 / target_min 20.4 / target_max 1446.6 / imag_reward_mean 2.5 / imag_reward_std 5.3 / imag_reward_min -0.0 / imag_reward_max 32.7 / imag_action_mean 7.8 / imag_action_std 4.2 / imag_action_min 0.0 / imag_action_max 17.0 / actor_entropy 0.3 / actor_loss 0.6 / actor_grad_norm 10.4 / value_loss 1.3 / value_grad_norm 1.5 / update_count 86737.0 / fps 12.1
add_video needs package moviepy
add_video needs package moviepy
[393748] 
Start evaluation.
[393748] eval_return 3674.0 / eval_length 1313.2 / eval_episodes 5.0
add_video needs package moviepy
Start training.
[393748] model_loss 16.3 / model_grad_norm 33.2 / image_loss 5.1 / reward_loss 0.1 / cont_loss 0.0 / kl_free 1.0 / dyn_scale 0.5 / rep_scale 0.1 / dyn_loss 18.4 / rep_loss 18.4 / kl 18.4 / prior_abs_ent 33.2 / post_abs_ent -26.7 / prior_obs_ent 6.5 / post_obs_ent -10.3 / boundary_ratio 0.0 / kl_mask 0.0 / normed_target_mean 0.6 / normed_target_std 0.3 / normed_target_min -0.2 / normed_target_max 1.1 / EMA_005 185.0 / EMA_095 1310.3 / value_mean 853.5 / value_std 372.6 / value_min 11.4 / value_max 1419.5 / target_mean 856.7 / target_std 373.3 / target_min 11.1 / target_max 1441.9 / imag_reward_mean 2.5 / imag_reward_std 5.3 / imag_reward_min -0.0 / imag_reward_max 23.6 / imag_action_mean 7.7 / imag_action_std 4.2 / imag_action_min 0.0 / imag_action_max 17.0 / actor_entropy 0.3 / actor_loss 0.6 / actor_grad_norm 10.4 / value_loss 1.3 / value_grad_norm 1.6 / update_count 86893.0 / fps 12.1
add_video needs package moviepy
add_video needs package moviepy
[394372] 
Start evaluation.
[394372] eval_return 4288.0 / eval_length 1333.4 / eval_episodes 5.0
add_video needs package moviepy
Start training.
[394372] model_loss 16.3 / model_grad_norm 30.9 / image_loss 5.1 / reward_loss 0.1 / cont_loss 0.0 / kl_free 1.0 / dyn_scale 0.5 / rep_scale 0.1 / dyn_loss 18.4 / rep_loss 18.4 / kl 18.4 / prior_abs_ent 33.2 / post_abs_ent -26.5 / prior_obs_ent 6.9 / post_obs_ent -9.8 / boundary_ratio 0.0 / kl_mask 0.0 / normed_target_mean 0.6 / normed_target_std 0.3 / normed_target_min -0.2 / normed_target_max 1.1 / EMA_005 177.9 / EMA_095 1306.5 / value_mean 845.5 / value_std 379.3 / value_min 6.9 / value_max 1414.6 / target_mean 848.3 / target_std 379.8 / target_min 6.6 / target_max 1431.9 / imag_reward_mean 2.5 / imag_reward_std 5.3 / imag_reward_min -0.0 / imag_reward_max 29.9 / imag_action_mean 7.7 / imag_action_std 4.2 / imag_action_min 0.0 / imag_action_max 17.0 / actor_entropy 0.3 / actor_loss 0.5 / actor_grad_norm 10.5 / value_loss 1.3 / value_grad_norm 1.5 / update_count 87049.0 / fps 12.1
add_video needs package moviepy
add_video needs package moviepy
[394996] 
Start evaluation.
[394996] eval_return 3754.0 / eval_length 1316.0 / eval_episodes 5.0
add_video needs package moviepy
Start training.
[394996] model_loss 16.3 / model_grad_norm 29.0 / image_loss 5.1 / reward_loss 0.1 / cont_loss 0.0 / kl_free 1.0 / dyn_scale 0.5 / rep_scale 0.1 / dyn_loss 18.3 / rep_loss 18.3 / kl 18.3 / prior_abs_ent 33.2 / post_abs_ent -26.5 / prior_obs_ent 6.5 / post_obs_ent -10.2 / boundary_ratio 0.0 / kl_mask 0.0 / normed_target_mean 0.6 / normed_target_std 0.3 / normed_target_min -0.1 / normed_target_max 1.1 / EMA_005 169.8 / EMA_095 1313.0 / value_mean 848.4 / value_std 376.2 / value_min 10.0 / value_max 1419.6 / target_mean 851.5 / target_std 376.8 / target_min 9.5 / target_max 1442.1 / imag_reward_mean 2.4 / imag_reward_std 5.2 / imag_reward_min -0.0 / imag_reward_max 24.1 / imag_action_mean 7.7 / imag_action_std 4.2 / imag_action_min 0.0 / imag_action_max 17.0 / actor_entropy 0.3 / actor_loss 0.6 / actor_grad_norm 10.0 / value_loss 1.4 / value_grad_norm 1.6 / update_count 87205.0 / fps 12.0
add_video needs package moviepy
add_video needs package moviepy
[395620] 
Start evaluation.
[395620] eval_return 4146.0 / eval_length 1396.2 / eval_episodes 5.0
add_video needs package moviepy
Start training.
[395620] model_loss 16.3 / model_grad_norm 30.9 / image_loss 5.1 / reward_loss 0.1 / cont_loss 0.0 / kl_free 1.0 / dyn_scale 0.5 / rep_scale 0.1 / dyn_loss 18.5 / rep_loss 18.5 / kl 18.5 / prior_abs_ent 33.1 / post_abs_ent -26.5 / prior_obs_ent 6.5 / post_obs_ent -10.4 / boundary_ratio 0.0 / kl_mask 0.0 / normed_target_mean 0.6 / normed_target_std 0.3 / normed_target_min -0.2 / normed_target_max 1.1 / EMA_005 185.3 / EMA_095 1313.4 / value_mean 860.8 / value_std 370.2 / value_min 10.5 / value_max 1416.8 / target_mean 863.8 / target_std 371.0 / target_min 12.9 / target_max 1439.0 / imag_reward_mean 2.6 / imag_reward_std 5.5 / imag_reward_min -0.0 / imag_reward_max 33.9 / imag_action_mean 7.8 / imag_action_std 4.2 / imag_action_min 0.0 / imag_action_max 17.0 / actor_entropy 0.3 / actor_loss 0.5 / actor_grad_norm 10.4 / value_loss 1.3 / value_grad_norm 1.6 / update_count 87361.0 / fps 11.9
add_video needs package moviepy
add_video needs package moviepy
[396244] 
Start evaluation.
[396244] eval_return 4574.0 / eval_length 1455.6 / eval_episodes 5.0
add_video needs package moviepy
Start training.
[396244] model_loss 16.7 / model_grad_norm 38.2 / image_loss 5.4 / reward_loss 0.1 / cont_loss 0.0 / kl_free 1.0 / dyn_scale 0.5 / rep_scale 0.1 / dyn_loss 18.7 / rep_loss 18.7 / kl 18.7 / prior_abs_ent 33.4 / post_abs_ent -26.4 / prior_obs_ent 6.8 / post_obs_ent -10.1 / boundary_ratio 0.0 / kl_mask 0.0 / normed_target_mean 0.6 / normed_target_std 0.3 / normed_target_min -0.1 / normed_target_max 1.1 / EMA_005 170.3 / EMA_095 1319.7 / value_mean 858.5 / value_std 381.2 / value_min 6.9 / value_max 1417.5 / target_mean 861.3 / target_std 382.2 / target_min 3.3 / target_max 1444.4 / imag_reward_mean 2.5 / imag_reward_std 5.4 / imag_reward_min -0.0 / imag_reward_max 32.9 / imag_action_mean 7.8 / imag_action_std 4.2 / imag_action_min 0.0 / imag_action_max 17.0 / actor_entropy 0.3 / actor_loss 0.5 / actor_grad_norm 10.1 / value_loss 1.4 / value_grad_norm 1.7 / update_count 87517.0 / fps 11.8
add_video needs package moviepy
add_video needs package moviepy
[396724] dataset_size 99181.0 / train_return 5300.0 / train_length 1457.0 / train_episodes 72.0
[396868] 
Start evaluation.
[396868] eval_return 3998.0 / eval_length 1372.8 / eval_episodes 5.0
add_video needs package moviepy
Start training.
[396868] model_loss 16.3 / model_grad_norm 25.7 / image_loss 5.2 / reward_loss 0.1 / cont_loss 0.0 / kl_free 1.0 / dyn_scale 0.5 / rep_scale 0.1 / dyn_loss 18.3 / rep_loss 18.3 / kl 18.3 / prior_abs_ent 33.1 / post_abs_ent -26.1 / prior_obs_ent 7.6 / post_obs_ent -9.1 / boundary_ratio 0.0 / kl_mask 0.0 / normed_target_mean 0.6 / normed_target_std 0.3 / normed_target_min -0.1 / normed_target_max 1.1 / EMA_005 166.1 / EMA_095 1320.2 / value_mean 841.6 / value_std 380.6 / value_min 9.2 / value_max 1423.4 / target_mean 844.5 / target_std 381.9 / target_min 2.4 / target_max 1445.7 / imag_reward_mean 2.4 / imag_reward_std 5.2 / imag_reward_min -0.0 / imag_reward_max 26.9 / imag_action_mean 8.0 / imag_action_std 4.2 / imag_action_min 0.0 / imag_action_max 17.0 / actor_entropy 0.3 / actor_loss 0.5 / actor_grad_norm 10.9 / value_loss 1.4 / value_grad_norm 1.7 / update_count 87673.0 / fps 12.0
add_video needs package moviepy
add_video needs package moviepy
[397492] 
Start evaluation.
[397492] eval_return 3986.0 / eval_length 1330.4 / eval_episodes 5.0
add_video needs package moviepy
Start training.
[397492] model_loss 16.3 / model_grad_norm 25.3 / image_loss 5.2 / reward_loss 0.1 / cont_loss 0.0 / kl_free 1.0 / dyn_scale 0.5 / rep_scale 0.1 / dyn_loss 18.4 / rep_loss 18.4 / kl 18.4 / prior_abs_ent 33.2 / post_abs_ent -26.2 / prior_obs_ent 6.8 / post_obs_ent -10.0 / boundary_ratio 0.0 / kl_mask 0.0 / normed_target_mean 0.6 / normed_target_std 0.3 / normed_target_min -0.1 / normed_target_max 1.1 / EMA_005 162.7 / EMA_095 1326.5 / value_mean 848.3 / value_std 386.7 / value_min 9.2 / value_max 1433.4 / target_mean 851.2 / target_std 387.7 / target_min 4.7 / target_max 1453.5 / imag_reward_mean 2.5 / imag_reward_std 5.3 / imag_reward_min -0.0 / imag_reward_max 26.4 / imag_action_mean 7.9 / imag_action_std 4.2 / imag_action_min 0.0 / imag_action_max 17.0 / actor_entropy 0.3 / actor_loss 0.5 / actor_grad_norm 10.4 / value_loss 1.4 / value_grad_norm 1.6 / update_count 87829.0 / fps 12.1
add_video needs package moviepy
add_video needs package moviepy
[398116] 
Start evaluation.
[398116] eval_return 4622.0 / eval_length 1455.8 / eval_episodes 5.0
add_video needs package moviepy
Start training.
[398116] model_loss 16.2 / model_grad_norm 28.6 / image_loss 5.0 / reward_loss 0.1 / cont_loss 0.0 / kl_free 1.0 / dyn_scale 0.5 / rep_scale 0.1 / dyn_loss 18.4 / rep_loss 18.4 / kl 18.4 / prior_abs_ent 33.2 / post_abs_ent -26.5 / prior_obs_ent 6.7 / post_obs_ent -10.0 / boundary_ratio 0.0 / kl_mask 0.0 / normed_target_mean 0.6 / normed_target_std 0.3 / normed_target_min -0.1 / normed_target_max 1.1 / EMA_005 176.7 / EMA_095 1332.5 / value_mean 868.0 / value_std 374.1 / value_min 8.6 / value_max 1438.3 / target_mean 871.2 / target_std 374.8 / target_min 5.7 / target_max 1455.7 / imag_reward_mean 2.5 / imag_reward_std 5.2 / imag_reward_min -0.0 / imag_reward_max 20.8 / imag_action_mean 7.9 / imag_action_std 4.2 / imag_action_min 0.0 / imag_action_max 17.0 / actor_entropy 0.3 / actor_loss 0.6 / actor_grad_norm 10.7 / value_loss 1.3 / value_grad_norm 1.6 / update_count 87985.0 / fps 11.8
add_video needs package moviepy
add_video needs package moviepy
[398740] 
Start evaluation.
[398740] eval_return 3872.0 / eval_length 1298.8 / eval_episodes 5.0
add_video needs package moviepy
Start training.
[398740] model_loss 16.2 / model_grad_norm 25.9 / image_loss 5.1 / reward_loss 0.1 / cont_loss 0.0 / kl_free 1.0 / dyn_scale 0.5 / rep_scale 0.1 / dyn_loss 18.2 / rep_loss 18.2 / kl 18.2 / prior_abs_ent 33.2 / post_abs_ent -26.4 / prior_obs_ent 6.5 / post_obs_ent -10.1 / boundary_ratio 0.0 / kl_mask 0.0 / normed_target_mean 0.6 / normed_target_std 0.3 / normed_target_min -0.1 / normed_target_max 1.1 / EMA_005 179.3 / EMA_095 1329.1 / value_mean 859.8 / value_std 378.6 / value_min 10.3 / value_max 1441.5 / target_mean 863.2 / target_std 379.2 / target_min 7.9 / target_max 1456.7 / imag_reward_mean 2.5 / imag_reward_std 5.2 / imag_reward_min -0.0 / imag_reward_max 23.4 / imag_action_mean 7.9 / imag_action_std 4.2 / imag_action_min 0.0 / imag_action_max 17.0 / actor_entropy 0.3 / actor_loss 0.7 / actor_grad_norm 10.7 / value_loss 1.4 / value_grad_norm 1.6 / update_count 88141.0 / fps 12.2
add_video needs package moviepy
add_video needs package moviepy
[399364] 
Start evaluation.
[399364] eval_return 4396.0 / eval_length 1409.2 / eval_episodes 5.0
add_video needs package moviepy
Start training.
[399364] model_loss 16.3 / model_grad_norm 29.7 / image_loss 5.1 / reward_loss 0.1 / cont_loss 0.0 / kl_free 1.0 / dyn_scale 0.5 / rep_scale 0.1 / dyn_loss 18.5 / rep_loss 18.5 / kl 18.5 / prior_abs_ent 33.3 / post_abs_ent -26.2 / prior_obs_ent 6.4 / post_obs_ent -10.4 / boundary_ratio 0.0 / kl_mask 0.0 / normed_target_mean 0.6 / normed_target_std 0.3 / normed_target_min -0.2 / normed_target_max 1.1 / EMA_005 179.6 / EMA_095 1325.5 / value_mean 846.9 / value_std 381.6 / value_min 7.3 / value_max 1433.3 / target_mean 849.7 / target_std 382.7 / target_min 4.4 / target_max 1454.5 / imag_reward_mean 2.5 / imag_reward_std 5.3 / imag_reward_min -0.0 / imag_reward_max 29.1 / imag_action_mean 7.8 / imag_action_std 4.1 / imag_action_min 0.0 / imag_action_max 17.0 / actor_entropy 0.3 / actor_loss 0.4 / actor_grad_norm 10.5 / value_loss 1.4 / value_grad_norm 1.6 / update_count 88297.0 / fps 12.0
add_video needs package moviepy
add_video needs package moviepy
[399988] 
Start evaluation.
[399988] eval_return 4180.0 / eval_length 1363.0 / eval_episodes 5.0
add_video needs package moviepy
Start training.
[399988] model_loss 16.3 / model_grad_norm 27.9 / image_loss 5.1 / reward_loss 0.1 / cont_loss 0.0 / kl_free 1.0 / dyn_scale 0.5 / rep_scale 0.1 / dyn_loss 18.4 / rep_loss 18.4 / kl 18.4 / prior_abs_ent 33.2 / post_abs_ent -26.7 / prior_obs_ent 6.5 / post_obs_ent -10.3 / boundary_ratio 0.0 / kl_mask 0.0 / normed_target_mean 0.6 / normed_target_std 0.3 / normed_target_min -0.2 / normed_target_max 1.1 / EMA_005 184.3 / EMA_095 1322.9 / value_mean 870.8 / value_std 365.0 / value_min 14.7 / value_max 1433.8 / target_mean 874.2 / target_std 366.2 / target_min 12.7 / target_max 1456.2 / imag_reward_mean 2.5 / imag_reward_std 5.3 / imag_reward_min -0.0 / imag_reward_max 23.5 / imag_action_mean 7.8 / imag_action_std 4.2 / imag_action_min 0.0 / imag_action_max 17.0 / actor_entropy 0.3 / actor_loss 0.6 / actor_grad_norm 10.6 / value_loss 1.3 / value_grad_norm 1.7 / update_count 88453.0 / fps 12.0
add_video needs package moviepy
add_video needs package moviepy
[400612] 
Start evaluation.
[400612] eval_return 4094.0 / eval_length 1393.4 / eval_episodes 5.0
add_video needs package moviepy
Start training.
[400612] model_loss 16.5 / model_grad_norm 31.2 / image_loss 5.2 / reward_loss 0.1 / cont_loss 0.0 / kl_free 1.0 / dyn_scale 0.5 / rep_scale 0.1 / dyn_loss 18.6 / rep_loss 18.6 / kl 18.6 / prior_abs_ent 33.2 / post_abs_ent -26.9 / prior_obs_ent 7.0 / post_obs_ent -10.0 / boundary_ratio 0.0 / kl_mask 0.0 / normed_target_mean 0.6 / normed_target_std 0.3 / normed_target_min -0.2 / normed_target_max 1.1 / EMA_005 183.8 / EMA_095 1329.0 / value_mean 862.5 / value_std 374.9 / value_min 8.9 / value_max 1442.5 / target_mean 865.5 / target_std 376.0 / target_min 4.9 / target_max 1460.4 / imag_reward_mean 2.5 / imag_reward_std 5.3 / imag_reward_min -0.0 / imag_reward_max 23.8 / imag_action_mean 7.7 / imag_action_std 4.2 / imag_action_min 0.0 / imag_action_max 17.0 / actor_entropy 0.3 / actor_loss 0.5 / actor_grad_norm 11.1 / value_loss 1.4 / value_grad_norm 1.7 / update_count 88609.0 / fps 12.0
add_video needs package moviepy
add_video needs package moviepy
