task,logdir,ckpt,episode,window_start,window_end,boundary_rate,read_prob_mean,abs_l2_mean,obs_l2_mean,abs_stoch_l2_mean,obs_stoch_l2_mean,abs_l2_read_mean,obs_l2_read_mean,abs_stoch_l2_read_mean,obs_stoch_l2_read_mean
atari_krull,/home/haselab/projects/stable-deep-world-model/logs/models/from_scratch_atari_krull_vta_3seed_to_400000_20260208_112207/atari_krull_seed0,/home/haselab/projects/stable-deep-world-model/logs/models/from_scratch_atari_krull_vta_3seed_to_400000_20260208_112207/atari_krull_seed0/checkpoints/step-000100000.pt,/home/haselab/projects/stable-deep-world-model/logs/models/from_scratch_atari_krull_vta_3seed_to_400000_20260208_112207/atari_krull_seed0/eval_eps/20260208T180330-44487f1ea8c44b5eaf22e05d1a89f711-1974.npz,0,20,0.0,4.461011163876989e-14,0.01938084326684475,0.3515726923942566,0.0,2.5962023735046387,nan,nan,nan,nan
atari_krull,/home/haselab/projects/stable-deep-world-model/logs/models/from_scratch_atari_krull_vta_3seed_to_400000_20260208_112207/atari_krull_seed0,/home/haselab/projects/stable-deep-world-model/logs/models/from_scratch_atari_krull_vta_3seed_to_400000_20260208_112207/atari_krull_seed0/checkpoints/step-000100000.pt,/home/haselab/projects/stable-deep-world-model/logs/models/from_scratch_atari_krull_vta_3seed_to_400000_20260208_112207/atari_krull_seed0/eval_eps/20260208T180330-44487f1ea8c44b5eaf22e05d1a89f711-1974.npz,5,25,0.0,7.297649355468561e-13,0.22967609763145447,1.1637201309204102,0.0,3.673161029815674,nan,nan,nan,nan
atari_krull,/home/haselab/projects/stable-deep-world-model/logs/models/from_scratch_atari_krull_vta_3seed_to_400000_20260208_112207/atari_krull_seed0,/home/haselab/projects/stable-deep-world-model/logs/models/from_scratch_atari_krull_vta_3seed_to_400000_20260208_112207/atari_krull_seed0/checkpoints/step-000100000.pt,/home/haselab/projects/stable-deep-world-model/logs/models/from_scratch_atari_krull_vta_3seed_to_400000_20260208_112207/atari_krull_seed0/eval_eps/20260208T180330-44487f1ea8c44b5eaf22e05d1a89f711-1974.npz,10,30,0.0,7.41064056907631e-13,0.35184311866760254,1.394384503364563,0.0,3.5748562812805176,nan,nan,nan,nan
atari_krull,/home/haselab/projects/stable-deep-world-model/logs/models/from_scratch_atari_krull_vta_3seed_to_400000_20260208_112207/atari_krull_seed0,/home/haselab/projects/stable-deep-world-model/logs/models/from_scratch_atari_krull_vta_3seed_to_400000_20260208_112207/atari_krull_seed0/checkpoints/step-000100000.pt,/home/haselab/projects/stable-deep-world-model/logs/models/from_scratch_atari_krull_vta_3seed_to_400000_20260208_112207/atari_krull_seed0/eval_eps/20260208T180330-44487f1ea8c44b5eaf22e05d1a89f711-1974.npz,15,35,0.0,7.621793821077638e-13,0.5037589073181152,1.6356408596038818,0.0,3.6046321392059326,nan,nan,nan,nan
atari_krull,/home/haselab/projects/stable-deep-world-model/logs/models/from_scratch_atari_krull_vta_3seed_to_400000_20260208_112207/atari_krull_seed0,/home/haselab/projects/stable-deep-world-model/logs/models/from_scratch_atari_krull_vta_3seed_to_400000_20260208_112207/atari_krull_seed0/checkpoints/step-000100000.pt,/home/haselab/projects/stable-deep-world-model/logs/models/from_scratch_atari_krull_vta_3seed_to_400000_20260208_112207/atari_krull_seed0/eval_eps/20260208T180330-44487f1ea8c44b5eaf22e05d1a89f711-1974.npz,20,40,0.0,1.0567531008240372e-12,0.6584370136260986,1.8265596628189087,0.0,3.4144012928009033,nan,nan,nan,nan
atari_krull,/home/haselab/projects/stable-deep-world-model/logs/models/from_scratch_atari_krull_vta_3seed_to_400000_20260208_112207/atari_krull_seed0,/home/haselab/projects/stable-deep-world-model/logs/models/from_scratch_atari_krull_vta_3seed_to_400000_20260208_112207/atari_krull_seed0/checkpoints/step-000100000.pt,/home/haselab/projects/stable-deep-world-model/logs/models/from_scratch_atari_krull_vta_3seed_to_400000_20260208_112207/atari_krull_seed0/eval_eps/20260208T180330-44487f1ea8c44b5eaf22e05d1a89f711-1974.npz,25,45,0.0,1.122666716535381e-11,0.6068614721298218,1.194432020187378,0.0,2.4618303775787354,nan,nan,nan,nan
atari_krull,/home/haselab/projects/stable-deep-world-model/logs/models/from_scratch_atari_krull_vta_3seed_to_400000_20260208_112207/atari_krull_seed0,/home/haselab/projects/stable-deep-world-model/logs/models/from_scratch_atari_krull_vta_3seed_to_400000_20260208_112207/atari_krull_seed0/checkpoints/step-000100000.pt,/home/haselab/projects/stable-deep-world-model/logs/models/from_scratch_atari_krull_vta_3seed_to_400000_20260208_112207/atari_krull_seed0/eval_eps/20260208T180330-44487f1ea8c44b5eaf22e05d1a89f711-1974.npz,30,50,0.0,1.3215951943923443e-10,0.6665104031562805,1.231207251548767,0.0,2.619910717010498,nan,nan,nan,nan
atari_krull,/home/haselab/projects/stable-deep-world-model/logs/models/from_scratch_atari_krull_vta_3seed_to_400000_20260208_112207/atari_krull_seed0,/home/haselab/projects/stable-deep-world-model/logs/models/from_scratch_atari_krull_vta_3seed_to_400000_20260208_112207/atari_krull_seed0/checkpoints/step-000100000.pt,/home/haselab/projects/stable-deep-world-model/logs/models/from_scratch_atari_krull_vta_3seed_to_400000_20260208_112207/atari_krull_seed0/eval_eps/20260208T180330-44487f1ea8c44b5eaf22e05d1a89f711-1974.npz,35,55,0.0,1.5354893745378462e-10,0.7246183753013611,1.4814237356185913,0.0,2.726015090942383,nan,nan,nan,nan
atari_krull,/home/haselab/projects/stable-deep-world-model/logs/models/from_scratch_atari_krull_vta_3seed_to_400000_20260208_112207/atari_krull_seed0,/home/haselab/projects/stable-deep-world-model/logs/models/from_scratch_atari_krull_vta_3seed_to_400000_20260208_112207/atari_krull_seed0/checkpoints/step-000100000.pt,/home/haselab/projects/stable-deep-world-model/logs/models/from_scratch_atari_krull_vta_3seed_to_400000_20260208_112207/atari_krull_seed0/eval_eps/20260208T180330-44487f1ea8c44b5eaf22e05d1a89f711-1974.npz,40,60,0.0,1.5383724849549196e-10,0.7898398637771606,1.7165825366973877,0.0,2.836319923400879,nan,nan,nan,nan
atari_krull,/home/haselab/projects/stable-deep-world-model/logs/models/from_scratch_atari_krull_vta_3seed_to_400000_20260208_112207/atari_krull_seed0,/home/haselab/projects/stable-deep-world-model/logs/models/from_scratch_atari_krull_vta_3seed_to_400000_20260208_112207/atari_krull_seed0/checkpoints/step-000100000.pt,/home/haselab/projects/stable-deep-world-model/logs/models/from_scratch_atari_krull_vta_3seed_to_400000_20260208_112207/atari_krull_seed0/eval_eps/20260208T180330-44487f1ea8c44b5eaf22e05d1a89f711-1974.npz,45,65,0.0,1.4297593664558406e-10,0.7822684645652771,1.6472944021224976,0.0,2.7267417907714844,nan,nan,nan,nan
atari_krull,/home/haselab/projects/stable-deep-world-model/logs/models/from_scratch_atari_krull_vta_3seed_to_400000_20260208_112207/atari_krull_seed0,/home/haselab/projects/stable-deep-world-model/logs/models/from_scratch_atari_krull_vta_3seed_to_400000_20260208_112207/atari_krull_seed0/checkpoints/step-000100000.pt,/home/haselab/projects/stable-deep-world-model/logs/models/from_scratch_atari_krull_vta_3seed_to_400000_20260208_112207/atari_krull_seed0/eval_eps/20260208T180330-44487f1ea8c44b5eaf22e05d1a89f711-1974.npz,50,70,0.0,2.201312396254984e-11,0.7526828646659851,1.612177848815918,0.0,2.620958089828491,nan,nan,nan,nan
atari_krull,/home/haselab/projects/stable-deep-world-model/logs/models/from_scratch_atari_krull_vta_3seed_to_400000_20260208_112207/atari_krull_seed0,/home/haselab/projects/stable-deep-world-model/logs/models/from_scratch_atari_krull_vta_3seed_to_400000_20260208_112207/atari_krull_seed0/checkpoints/step-000100000.pt,/home/haselab/projects/stable-deep-world-model/logs/models/from_scratch_atari_krull_vta_3seed_to_400000_20260208_112207/atari_krull_seed0/eval_eps/20260208T180330-44487f1ea8c44b5eaf22e05d1a89f711-1974.npz,55,75,0.0,5.962235913314906e-13,0.7476884126663208,1.6829655170440674,0.0,2.707327127456665,nan,nan,nan,nan
atari_krull,/home/haselab/projects/stable-deep-world-model/logs/models/from_scratch_atari_krull_vta_3seed_to_400000_20260208_112207/atari_krull_seed0,/home/haselab/projects/stable-deep-world-model/logs/models/from_scratch_atari_krull_vta_3seed_to_400000_20260208_112207/atari_krull_seed0/checkpoints/step-000100000.pt,/home/haselab/projects/stable-deep-world-model/logs/models/from_scratch_atari_krull_vta_3seed_to_400000_20260208_112207/atari_krull_seed0/eval_eps/20260208T180330-44487f1ea8c44b5eaf22e05d1a89f711-1974.npz,60,80,0.0,1.5255348373433009e-10,0.7646685838699341,1.5029757022857666,0.0,2.574800968170166,nan,nan,nan,nan
atari_krull,/home/haselab/projects/stable-deep-world-model/logs/models/from_scratch_atari_krull_vta_3seed_to_400000_20260208_112207/atari_krull_seed0,/home/haselab/projects/stable-deep-world-model/logs/models/from_scratch_atari_krull_vta_3seed_to_400000_20260208_112207/atari_krull_seed0/checkpoints/step-000100000.pt,/home/haselab/projects/stable-deep-world-model/logs/models/from_scratch_atari_krull_vta_3seed_to_400000_20260208_112207/atari_krull_seed0/eval_eps/20260208T180330-44487f1ea8c44b5eaf22e05d1a89f711-1974.npz,65,85,0.0,1.525740922492247e-10,0.8389102220535278,1.6140451431274414,0.0,2.5876901149749756,nan,nan,nan,nan
atari_krull,/home/haselab/projects/stable-deep-world-model/logs/models/from_scratch_atari_krull_vta_3seed_to_400000_20260208_112207/atari_krull_seed0,/home/haselab/projects/stable-deep-world-model/logs/models/from_scratch_atari_krull_vta_3seed_to_400000_20260208_112207/atari_krull_seed0/checkpoints/step-000100000.pt,/home/haselab/projects/stable-deep-world-model/logs/models/from_scratch_atari_krull_vta_3seed_to_400000_20260208_112207/atari_krull_seed0/eval_eps/20260208T180330-44487f1ea8c44b5eaf22e05d1a89f711-1974.npz,70,90,0.0,1.525805176649797e-10,0.9673782587051392,1.7944536209106445,0.0,2.623971700668335,nan,nan,nan,nan
atari_krull,/home/haselab/projects/stable-deep-world-model/logs/models/from_scratch_atari_krull_vta_3seed_to_400000_20260208_112207/atari_krull_seed0,/home/haselab/projects/stable-deep-world-model/logs/models/from_scratch_atari_krull_vta_3seed_to_400000_20260208_112207/atari_krull_seed0/checkpoints/step-000100000.pt,/home/haselab/projects/stable-deep-world-model/logs/models/from_scratch_atari_krull_vta_3seed_to_400000_20260208_112207/atari_krull_seed0/eval_eps/20260208T180330-44487f1ea8c44b5eaf22e05d1a89f711-1974.npz,75,95,0.0,1.5257725638484487e-10,0.9470136761665344,1.4262259006500244,0.0,2.300917625427246,nan,nan,nan,nan
atari_krull,/home/haselab/projects/stable-deep-world-model/logs/models/from_scratch_atari_krull_vta_3seed_to_400000_20260208_112207/atari_krull_seed0,/home/haselab/projects/stable-deep-world-model/logs/models/from_scratch_atari_krull_vta_3seed_to_400000_20260208_112207/atari_krull_seed0/checkpoints/step-000100000.pt,/home/haselab/projects/stable-deep-world-model/logs/models/from_scratch_atari_krull_vta_3seed_to_400000_20260208_112207/atari_krull_seed0/eval_eps/20260208T180330-44487f1ea8c44b5eaf22e05d1a89f711-1974.npz,80,100,0.0,4.0515381577021364e-14,0.8354995846748352,1.2365885972976685,0.0,2.0716516971588135,nan,nan,nan,nan
atari_krull,/home/haselab/projects/stable-deep-world-model/logs/models/from_scratch_atari_krull_vta_3seed_to_400000_20260208_112207/atari_krull_seed0,/home/haselab/projects/stable-deep-world-model/logs/models/from_scratch_atari_krull_vta_3seed_to_400000_20260208_112207/atari_krull_seed0/checkpoints/step-000100000.pt,/home/haselab/projects/stable-deep-world-model/logs/models/from_scratch_atari_krull_vta_3seed_to_400000_20260208_112207/atari_krull_seed0/eval_eps/20260208T180330-44487f1ea8c44b5eaf22e05d1a89f711-1974.npz,85,105,0.0,1.0517105849400243e-12,0.774386465549469,1.290785789489746,0.0,2.1304733753204346,nan,nan,nan,nan
atari_krull,/home/haselab/projects/stable-deep-world-model/logs/models/from_scratch_atari_krull_vta_3seed_to_400000_20260208_112207/atari_krull_seed0,/home/haselab/projects/stable-deep-world-model/logs/models/from_scratch_atari_krull_vta_3seed_to_400000_20260208_112207/atari_krull_seed0/checkpoints/step-000100000.pt,/home/haselab/projects/stable-deep-world-model/logs/models/from_scratch_atari_krull_vta_3seed_to_400000_20260208_112207/atari_krull_seed0/eval_eps/20260208T180330-44487f1ea8c44b5eaf22e05d1a89f711-1974.npz,90,110,0.0,4.028599676075828e-11,0.595574676990509,1.0991603136062622,0.0,2.0352931022644043,nan,nan,nan,nan
atari_krull,/home/haselab/projects/stable-deep-world-model/logs/models/from_scratch_atari_krull_vta_3seed_to_400000_20260208_112207/atari_krull_seed0,/home/haselab/projects/stable-deep-world-model/logs/models/from_scratch_atari_krull_vta_3seed_to_400000_20260208_112207/atari_krull_seed0/checkpoints/step-000100000.pt,/home/haselab/projects/stable-deep-world-model/logs/models/from_scratch_atari_krull_vta_3seed_to_400000_20260208_112207/atari_krull_seed0/eval_eps/20260208T180330-44487f1ea8c44b5eaf22e05d1a89f711-1974.npz,95,115,0.0,6.200413099621827e-11,0.5214756727218628,1.0898418426513672,0.0,2.12094783782959,nan,nan,nan,nan
atari_krull,/home/haselab/projects/stable-deep-world-model/logs/models/from_scratch_atari_krull_vta_3seed_to_400000_20260208_112207/atari_krull_seed0,/home/haselab/projects/stable-deep-world-model/logs/models/from_scratch_atari_krull_vta_3seed_to_400000_20260208_112207/atari_krull_seed0/checkpoints/step-000100000.pt,/home/haselab/projects/stable-deep-world-model/logs/models/from_scratch_atari_krull_vta_3seed_to_400000_20260208_112207/atari_krull_seed0/eval_eps/20260208T180330-44487f1ea8c44b5eaf22e05d1a89f711-1974.npz,100,120,0.0,6.533600743763301e-11,0.5661845803260803,1.3486875295639038,0.0,2.3466222286224365,nan,nan,nan,nan
atari_krull,/home/haselab/projects/stable-deep-world-model/logs/models/from_scratch_atari_krull_vta_3seed_to_400000_20260208_112207/atari_krull_seed0,/home/haselab/projects/stable-deep-world-model/logs/models/from_scratch_atari_krull_vta_3seed_to_400000_20260208_112207/atari_krull_seed0/checkpoints/step-000100000.pt,/home/haselab/projects/stable-deep-world-model/logs/models/from_scratch_atari_krull_vta_3seed_to_400000_20260208_112207/atari_krull_seed0/eval_eps/20260208T180330-44487f1ea8c44b5eaf22e05d1a89f711-1974.npz,105,125,0.0,6.549772529895748e-11,0.5885838270187378,1.262228012084961,0.0,2.314146041870117,nan,nan,nan,nan
atari_krull,/home/haselab/projects/stable-deep-world-model/logs/models/from_scratch_atari_krull_vta_3seed_to_400000_20260208_112207/atari_krull_seed0,/home/haselab/projects/stable-deep-world-model/logs/models/from_scratch_atari_krull_vta_3seed_to_400000_20260208_112207/atari_krull_seed0/checkpoints/step-000100000.pt,/home/haselab/projects/stable-deep-world-model/logs/models/from_scratch_atari_krull_vta_3seed_to_400000_20260208_112207/atari_krull_seed0/eval_eps/20260208T180330-44487f1ea8c44b5eaf22e05d1a89f711-1974.npz,110,130,0.0,2.6291061341887634e-11,0.6368323564529419,1.2943626642227173,0.0,2.304306983947754,nan,nan,nan,nan
atari_krull,/home/haselab/projects/stable-deep-world-model/logs/models/from_scratch_atari_krull_vta_3seed_to_400000_20260208_112207/atari_krull_seed0,/home/haselab/projects/stable-deep-world-model/logs/models/from_scratch_atari_krull_vta_3seed_to_400000_20260208_112207/atari_krull_seed0/checkpoints/step-000100000.pt,/home/haselab/projects/stable-deep-world-model/logs/models/from_scratch_atari_krull_vta_3seed_to_400000_20260208_112207/atari_krull_seed0/eval_eps/20260208T180330-44487f1ea8c44b5eaf22e05d1a89f711-1974.npz,115,135,0.0,4.575831467207303e-12,0.7139778137207031,1.6199543476104736,0.0,2.5729379653930664,nan,nan,nan,nan
atari_krull,/home/haselab/projects/stable-deep-world-model/logs/models/from_scratch_atari_krull_vta_3seed_to_400000_20260208_112207/atari_krull_seed0,/home/haselab/projects/stable-deep-world-model/logs/models/from_scratch_atari_krull_vta_3seed_to_400000_20260208_112207/atari_krull_seed0/checkpoints/step-000100000.pt,/home/haselab/projects/stable-deep-world-model/logs/models/from_scratch_atari_krull_vta_3seed_to_400000_20260208_112207/atari_krull_seed0/eval_eps/20260208T180330-44487f1ea8c44b5eaf22e05d1a89f711-1974.npz,120,140,0.0,1.2316679794122098e-12,0.7758358716964722,1.5860912799835205,0.0,2.5976598262786865,nan,nan,nan,nan
atari_krull,/home/haselab/projects/stable-deep-world-model/logs/models/from_scratch_atari_krull_vta_3seed_to_400000_20260208_112207/atari_krull_seed0,/home/haselab/projects/stable-deep-world-model/logs/models/from_scratch_atari_krull_vta_3seed_to_400000_20260208_112207/atari_krull_seed0/checkpoints/step-000100000.pt,/home/haselab/projects/stable-deep-world-model/logs/models/from_scratch_atari_krull_vta_3seed_to_400000_20260208_112207/atari_krull_seed0/eval_eps/20260208T180330-44487f1ea8c44b5eaf22e05d1a89f711-1974.npz,125,145,0.0,3.728212806834372e-14,0.8028974533081055,1.5541460514068604,0.0,2.5770206451416016,nan,nan,nan,nan
atari_krull,/home/haselab/projects/stable-deep-world-model/logs/models/from_scratch_atari_krull_vta_3seed_to_400000_20260208_112207/atari_krull_seed0,/home/haselab/projects/stable-deep-world-model/logs/models/from_scratch_atari_krull_vta_3seed_to_400000_20260208_112207/atari_krull_seed0/checkpoints/step-000100000.pt,/home/haselab/projects/stable-deep-world-model/logs/models/from_scratch_atari_krull_vta_3seed_to_400000_20260208_112207/atari_krull_seed0/eval_eps/20260208T180330-44487f1ea8c44b5eaf22e05d1a89f711-1974.npz,130,150,0.0,3.1134925790565456e-15,0.8578008413314819,1.5981035232543945,0.0,2.6353561878204346,nan,nan,nan,nan
atari_krull,/home/haselab/projects/stable-deep-world-model/logs/models/from_scratch_atari_krull_vta_3seed_to_400000_20260208_112207/atari_krull_seed0,/home/haselab/projects/stable-deep-world-model/logs/models/from_scratch_atari_krull_vta_3seed_to_400000_20260208_112207/atari_krull_seed0/checkpoints/step-000100000.pt,/home/haselab/projects/stable-deep-world-model/logs/models/from_scratch_atari_krull_vta_3seed_to_400000_20260208_112207/atari_krull_seed0/eval_eps/20260208T180330-44487f1ea8c44b5eaf22e05d1a89f711-1974.npz,135,155,0.0,1.423209110173909e-16,0.9046341776847839,1.5792386531829834,0.0,2.4534003734588623,nan,nan,nan,nan
atari_krull,/home/haselab/projects/stable-deep-world-model/logs/models/from_scratch_atari_krull_vta_3seed_to_400000_20260208_112207/atari_krull_seed0,/home/haselab/projects/stable-deep-world-model/logs/models/from_scratch_atari_krull_vta_3seed_to_400000_20260208_112207/atari_krull_seed0/checkpoints/step-000100000.pt,/home/haselab/projects/stable-deep-world-model/logs/models/from_scratch_atari_krull_vta_3seed_to_400000_20260208_112207/atari_krull_seed0/eval_eps/20260208T180330-44487f1ea8c44b5eaf22e05d1a89f711-1974.npz,140,160,0.0,1.1122075963507938e-16,0.8862543106079102,1.5651824474334717,0.0,2.2801334857940674,nan,nan,nan,nan
atari_krull,/home/haselab/projects/stable-deep-world-model/logs/models/from_scratch_atari_krull_vta_3seed_to_400000_20260208_112207/atari_krull_seed0,/home/haselab/projects/stable-deep-world-model/logs/models/from_scratch_atari_krull_vta_3seed_to_400000_20260208_112207/atari_krull_seed0/checkpoints/step-000100000.pt,/home/haselab/projects/stable-deep-world-model/logs/models/from_scratch_atari_krull_vta_3seed_to_400000_20260208_112207/atari_krull_seed0/eval_eps/20260208T180330-44487f1ea8c44b5eaf22e05d1a89f711-1974.npz,145,165,0.0,9.949835304067189e-17,0.8758491277694702,1.5904474258422852,0.0,2.2404191493988037,nan,nan,nan,nan
atari_krull,/home/haselab/projects/stable-deep-world-model/logs/models/from_scratch_atari_krull_vta_3seed_to_400000_20260208_112207/atari_krull_seed0,/home/haselab/projects/stable-deep-world-model/logs/models/from_scratch_atari_krull_vta_3seed_to_400000_20260208_112207/atari_krull_seed0/checkpoints/step-000100000.pt,/home/haselab/projects/stable-deep-world-model/logs/models/from_scratch_atari_krull_vta_3seed_to_400000_20260208_112207/atari_krull_seed0/eval_eps/20260208T180330-44487f1ea8c44b5eaf22e05d1a89f711-1974.npz,150,170,0.0,1.8413473878071374e-17,0.8860909342765808,1.5598971843719482,0.0,2.1683554649353027,nan,nan,nan,nan
atari_krull,/home/haselab/projects/stable-deep-world-model/logs/models/from_scratch_atari_krull_vta_3seed_to_400000_20260208_112207/atari_krull_seed0,/home/haselab/projects/stable-deep-world-model/logs/models/from_scratch_atari_krull_vta_3seed_to_400000_20260208_112207/atari_krull_seed0/checkpoints/step-000100000.pt,/home/haselab/projects/stable-deep-world-model/logs/models/from_scratch_atari_krull_vta_3seed_to_400000_20260208_112207/atari_krull_seed0/eval_eps/20260208T180330-44487f1ea8c44b5eaf22e05d1a89f711-1974.npz,155,175,0.0,1.634419554898627e-17,0.8587408065795898,1.3079392910003662,0.0,1.9474281072616577,nan,nan,nan,nan
atari_krull,/home/haselab/projects/stable-deep-world-model/logs/models/from_scratch_atari_krull_vta_3seed_to_400000_20260208_112207/atari_krull_seed0,/home/haselab/projects/stable-deep-world-model/logs/models/from_scratch_atari_krull_vta_3seed_to_400000_20260208_112207/atari_krull_seed0/checkpoints/step-000100000.pt,/home/haselab/projects/stable-deep-world-model/logs/models/from_scratch_atari_krull_vta_3seed_to_400000_20260208_112207/atari_krull_seed0/eval_eps/20260208T180330-44487f1ea8c44b5eaf22e05d1a89f711-1974.npz,160,180,0.0,2.420438005809791e-18,0.8620642423629761,1.203226923942566,0.0,1.903085708618164,nan,nan,nan,nan
atari_krull,/home/haselab/projects/stable-deep-world-model/logs/models/from_scratch_atari_krull_vta_3seed_to_400000_20260208_112207/atari_krull_seed0,/home/haselab/projects/stable-deep-world-model/logs/models/from_scratch_atari_krull_vta_3seed_to_400000_20260208_112207/atari_krull_seed0/checkpoints/step-000100000.pt,/home/haselab/projects/stable-deep-world-model/logs/models/from_scratch_atari_krull_vta_3seed_to_400000_20260208_112207/atari_krull_seed0/eval_eps/20260208T180330-44487f1ea8c44b5eaf22e05d1a89f711-1974.npz,165,185,0.0,2.9330033675104184e-18,0.846153736114502,1.1718354225158691,0.0,1.9059257507324219,nan,nan,nan,nan
atari_krull,/home/haselab/projects/stable-deep-world-model/logs/models/from_scratch_atari_krull_vta_3seed_to_400000_20260208_112207/atari_krull_seed0,/home/haselab/projects/stable-deep-world-model/logs/models/from_scratch_atari_krull_vta_3seed_to_400000_20260208_112207/atari_krull_seed0/checkpoints/step-000100000.pt,/home/haselab/projects/stable-deep-world-model/logs/models/from_scratch_atari_krull_vta_3seed_to_400000_20260208_112207/atari_krull_seed0/eval_eps/20260208T180330-44487f1ea8c44b5eaf22e05d1a89f711-1974.npz,170,190,0.0,1.7453676360991395e-18,0.7570991516113281,1.0624868869781494,0.0,1.878928542137146,nan,nan,nan,nan
atari_krull,/home/haselab/projects/stable-deep-world-model/logs/models/from_scratch_atari_krull_vta_3seed_to_400000_20260208_112207/atari_krull_seed0,/home/haselab/projects/stable-deep-world-model/logs/models/from_scratch_atari_krull_vta_3seed_to_400000_20260208_112207/atari_krull_seed0/checkpoints/step-000100000.pt,/home/haselab/projects/stable-deep-world-model/logs/models/from_scratch_atari_krull_vta_3seed_to_400000_20260208_112207/atari_krull_seed0/eval_eps/20260208T180330-44487f1ea8c44b5eaf22e05d1a89f711-1974.npz,175,195,0.0,1.813005160811835e-18,0.6518152952194214,0.9640253782272339,0.0,1.9315392971038818,nan,nan,nan,nan
atari_krull,/home/haselab/projects/stable-deep-world-model/logs/models/from_scratch_atari_krull_vta_3seed_to_400000_20260208_112207/atari_krull_seed0,/home/haselab/projects/stable-deep-world-model/logs/models/from_scratch_atari_krull_vta_3seed_to_400000_20260208_112207/atari_krull_seed0/checkpoints/step-000100000.pt,/home/haselab/projects/stable-deep-world-model/logs/models/from_scratch_atari_krull_vta_3seed_to_400000_20260208_112207/atari_krull_seed0/eval_eps/20260208T180330-44487f1ea8c44b5eaf22e05d1a89f711-1974.npz,180,200,0.05,0.05000000074505806,0.9900989532470703,1.2602410316467285,0.4196292757987976,2.3344130516052246,9.168825149536133,9.208868026733398,8.392585754394531,9.70972728729248
atari_krull,/home/haselab/projects/stable-deep-world-model/logs/models/from_scratch_atari_krull_vta_3seed_to_400000_20260208_112207/atari_krull_seed0,/home/haselab/projects/stable-deep-world-model/logs/models/from_scratch_atari_krull_vta_3seed_to_400000_20260208_112207/atari_krull_seed0/checkpoints/step-000100000.pt,/home/haselab/projects/stable-deep-world-model/logs/models/from_scratch_atari_krull_vta_3seed_to_400000_20260208_112207/atari_krull_seed0/eval_eps/20260208T180330-44487f1ea8c44b5eaf22e05d1a89f711-1974.npz,185,205,0.05,0.05000000074505806,1.1512542963027954,1.822082757949829,0.4196292757987976,2.8731508255004883,9.168825149536133,9.208868026733398,8.392585754394531,9.70972728729248
atari_krull,/home/haselab/projects/stable-deep-world-model/logs/models/from_scratch_atari_krull_vta_3seed_to_400000_20260208_112207/atari_krull_seed0,/home/haselab/projects/stable-deep-world-model/logs/models/from_scratch_atari_krull_vta_3seed_to_400000_20260208_112207/atari_krull_seed0/checkpoints/step-000100000.pt,/home/haselab/projects/stable-deep-world-model/logs/models/from_scratch_atari_krull_vta_3seed_to_400000_20260208_112207/atari_krull_seed0/eval_eps/20260208T180330-44487f1ea8c44b5eaf22e05d1a89f711-1974.npz,190,210,0.05,0.05000000074505806,1.3928768634796143,2.570376396179199,0.4196292757987976,3.6333115100860596,9.168825149536133,9.208868026733398,8.392585754394531,9.70972728729248
atari_krull,/home/haselab/projects/stable-deep-world-model/logs/models/from_scratch_atari_krull_vta_3seed_to_400000_20260208_112207/atari_krull_seed0,/home/haselab/projects/stable-deep-world-model/logs/models/from_scratch_atari_krull_vta_3seed_to_400000_20260208_112207/atari_krull_seed0/checkpoints/step-000100000.pt,/home/haselab/projects/stable-deep-world-model/logs/models/from_scratch_atari_krull_vta_3seed_to_400000_20260208_112207/atari_krull_seed0/eval_eps/20260208T180330-44487f1ea8c44b5eaf22e05d1a89f711-1974.npz,195,215,0.05,0.05000000074505806,1.6347038745880127,3.4951705932617188,0.4196292757987976,4.3735880851745605,9.168825149536133,9.208868026733398,8.392585754394531,9.70972728729248
atari_krull,/home/haselab/projects/stable-deep-world-model/logs/models/from_scratch_atari_krull_vta_3seed_to_400000_20260208_112207/atari_krull_seed0,/home/haselab/projects/stable-deep-world-model/logs/models/from_scratch_atari_krull_vta_3seed_to_400000_20260208_112207/atari_krull_seed0/checkpoints/step-000100000.pt,/home/haselab/projects/stable-deep-world-model/logs/models/from_scratch_atari_krull_vta_3seed_to_400000_20260208_112207/atari_krull_seed0/eval_eps/20260208T180330-44487f1ea8c44b5eaf22e05d1a89f711-1974.npz,200,220,0.0,1.2711611819572755e-13,1.4434391260147095,3.8846840858459473,0.0,4.661787986755371,nan,nan,nan,nan
atari_krull,/home/haselab/projects/stable-deep-world-model/logs/models/from_scratch_atari_krull_vta_3seed_to_400000_20260208_112207/atari_krull_seed0,/home/haselab/projects/stable-deep-world-model/logs/models/from_scratch_atari_krull_vta_3seed_to_400000_20260208_112207/atari_krull_seed0/checkpoints/step-000100000.pt,/home/haselab/projects/stable-deep-world-model/logs/models/from_scratch_atari_krull_vta_3seed_to_400000_20260208_112207/atari_krull_seed0/eval_eps/20260208T180330-44487f1ea8c44b5eaf22e05d1a89f711-1974.npz,205,225,0.0,5.809054655014846e-16,1.4175909757614136,3.909006118774414,0.0,4.678200721740723,nan,nan,nan,nan
atari_krull,/home/haselab/projects/stable-deep-world-model/logs/models/from_scratch_atari_krull_vta_3seed_to_400000_20260208_112207/atari_krull_seed0,/home/haselab/projects/stable-deep-world-model/logs/models/from_scratch_atari_krull_vta_3seed_to_400000_20260208_112207/atari_krull_seed0/checkpoints/step-000100000.pt,/home/haselab/projects/stable-deep-world-model/logs/models/from_scratch_atari_krull_vta_3seed_to_400000_20260208_112207/atari_krull_seed0/eval_eps/20260208T180330-44487f1ea8c44b5eaf22e05d1a89f711-1974.npz,210,230,0.0,5.286637026279508e-17,1.3857535123825073,3.9041976928710938,0.0,4.5472517013549805,nan,nan,nan,nan
atari_krull,/home/haselab/projects/stable-deep-world-model/logs/models/from_scratch_atari_krull_vta_3seed_to_400000_20260208_112207/atari_krull_seed0,/home/haselab/projects/stable-deep-world-model/logs/models/from_scratch_atari_krull_vta_3seed_to_400000_20260208_112207/atari_krull_seed0/checkpoints/step-000100000.pt,/home/haselab/projects/stable-deep-world-model/logs/models/from_scratch_atari_krull_vta_3seed_to_400000_20260208_112207/atari_krull_seed0/eval_eps/20260208T180330-44487f1ea8c44b5eaf22e05d1a89f711-1974.npz,215,235,0.0,7.457651820914836e-16,1.3867853879928589,3.725754976272583,0.0,4.353075981140137,nan,nan,nan,nan
atari_krull,/home/haselab/projects/stable-deep-world-model/logs/models/from_scratch_atari_krull_vta_3seed_to_400000_20260208_112207/atari_krull_seed0,/home/haselab/projects/stable-deep-world-model/logs/models/from_scratch_atari_krull_vta_3seed_to_400000_20260208_112207/atari_krull_seed0/checkpoints/step-000100000.pt,/home/haselab/projects/stable-deep-world-model/logs/models/from_scratch_atari_krull_vta_3seed_to_400000_20260208_112207/atari_krull_seed0/eval_eps/20260208T180330-44487f1ea8c44b5eaf22e05d1a89f711-1974.npz,220,240,0.0,1.2334434485610814e-14,1.3604609966278076,3.6584486961364746,0.0,4.320083141326904,nan,nan,nan,nan
atari_krull,/home/haselab/projects/stable-deep-world-model/logs/models/from_scratch_atari_krull_vta_3seed_to_400000_20260208_112207/atari_krull_seed0,/home/haselab/projects/stable-deep-world-model/logs/models/from_scratch_atari_krull_vta_3seed_to_400000_20260208_112207/atari_krull_seed0/checkpoints/step-000100000.pt,/home/haselab/projects/stable-deep-world-model/logs/models/from_scratch_atari_krull_vta_3seed_to_400000_20260208_112207/atari_krull_seed0/eval_eps/20260208T180330-44487f1ea8c44b5eaf22e05d1a89f711-1974.npz,225,245,0.0,1.3418562966229907e-14,1.3634355068206787,3.7436327934265137,0.0,4.279053211212158,nan,nan,nan,nan
atari_krull,/home/haselab/projects/stable-deep-world-model/logs/models/from_scratch_atari_krull_vta_3seed_to_400000_20260208_112207/atari_krull_seed0,/home/haselab/projects/stable-deep-world-model/logs/models/from_scratch_atari_krull_vta_3seed_to_400000_20260208_112207/atari_krull_seed0/checkpoints/step-000100000.pt,/home/haselab/projects/stable-deep-world-model/logs/models/from_scratch_atari_krull_vta_3seed_to_400000_20260208_112207/atari_krull_seed0/eval_eps/20260208T180330-44487f1ea8c44b5eaf22e05d1a89f711-1974.npz,230,250,0.0,1.4403395468508273e-14,1.364050030708313,3.6995437145233154,0.0,4.2994384765625,nan,nan,nan,nan
atari_krull,/home/haselab/projects/stable-deep-world-model/logs/models/from_scratch_atari_krull_vta_3seed_to_400000_20260208_112207/atari_krull_seed0,/home/haselab/projects/stable-deep-world-model/logs/models/from_scratch_atari_krull_vta_3seed_to_400000_20260208_112207/atari_krull_seed0/checkpoints/step-000100000.pt,/home/haselab/projects/stable-deep-world-model/logs/models/from_scratch_atari_krull_vta_3seed_to_400000_20260208_112207/atari_krull_seed0/eval_eps/20260208T180330-44487f1ea8c44b5eaf22e05d1a89f711-1974.npz,235,255,0.0,1.409102750525278e-14,1.3441749811172485,3.7842228412628174,0.0,4.507352828979492,nan,nan,nan,nan
atari_krull,/home/haselab/projects/stable-deep-world-model/logs/models/from_scratch_atari_krull_vta_3seed_to_400000_20260208_112207/atari_krull_seed0,/home/haselab/projects/stable-deep-world-model/logs/models/from_scratch_atari_krull_vta_3seed_to_400000_20260208_112207/atari_krull_seed0/checkpoints/step-000100000.pt,/home/haselab/projects/stable-deep-world-model/logs/models/from_scratch_atari_krull_vta_3seed_to_400000_20260208_112207/atari_krull_seed0/eval_eps/20260208T180330-44487f1ea8c44b5eaf22e05d1a89f711-1974.npz,240,260,0.0,3.4080404514094664e-15,1.2984684705734253,3.837322235107422,0.0,4.541253089904785,nan,nan,nan,nan
atari_krull,/home/haselab/projects/stable-deep-world-model/logs/models/from_scratch_atari_krull_vta_3seed_to_400000_20260208_112207/atari_krull_seed0,/home/haselab/projects/stable-deep-world-model/logs/models/from_scratch_atari_krull_vta_3seed_to_400000_20260208_112207/atari_krull_seed0/checkpoints/step-000100000.pt,/home/haselab/projects/stable-deep-world-model/logs/models/from_scratch_atari_krull_vta_3seed_to_400000_20260208_112207/atari_krull_seed0/eval_eps/20260208T180330-44487f1ea8c44b5eaf22e05d1a89f711-1974.npz,245,265,0.0,2.312772428742795e-15,1.2748754024505615,3.9098308086395264,0.0,4.651897430419922,nan,nan,nan,nan
atari_krull,/home/haselab/projects/stable-deep-world-model/logs/models/from_scratch_atari_krull_vta_3seed_to_400000_20260208_112207/atari_krull_seed0,/home/haselab/projects/stable-deep-world-model/logs/models/from_scratch_atari_krull_vta_3seed_to_400000_20260208_112207/atari_krull_seed0/checkpoints/step-000100000.pt,/home/haselab/projects/stable-deep-world-model/logs/models/from_scratch_atari_krull_vta_3seed_to_400000_20260208_112207/atari_krull_seed0/eval_eps/20260208T180330-44487f1ea8c44b5eaf22e05d1a89f711-1974.npz,250,270,0.0,1.4287526231763332e-15,1.2530395984649658,3.9743010997772217,0.0,4.706319808959961,nan,nan,nan,nan
atari_krull,/home/haselab/projects/stable-deep-world-model/logs/models/from_scratch_atari_krull_vta_3seed_to_400000_20260208_112207/atari_krull_seed0,/home/haselab/projects/stable-deep-world-model/logs/models/from_scratch_atari_krull_vta_3seed_to_400000_20260208_112207/atari_krull_seed0/checkpoints/step-000100000.pt,/home/haselab/projects/stable-deep-world-model/logs/models/from_scratch_atari_krull_vta_3seed_to_400000_20260208_112207/atari_krull_seed0/eval_eps/20260208T180330-44487f1ea8c44b5eaf22e05d1a89f711-1974.npz,255,275,0.0,1.0463844807312049e-15,1.2230437994003296,3.836833953857422,0.0,4.590545177459717,nan,nan,nan,nan
atari_krull,/home/haselab/projects/stable-deep-world-model/logs/models/from_scratch_atari_krull_vta_3seed_to_400000_20260208_112207/atari_krull_seed0,/home/haselab/projects/stable-deep-world-model/logs/models/from_scratch_atari_krull_vta_3seed_to_400000_20260208_112207/atari_krull_seed0/checkpoints/step-000100000.pt,/home/haselab/projects/stable-deep-world-model/logs/models/from_scratch_atari_krull_vta_3seed_to_400000_20260208_112207/atari_krull_seed0/eval_eps/20260208T180330-44487f1ea8c44b5eaf22e05d1a89f711-1974.npz,260,280,0.0,1.5432316935663732e-16,1.2112083435058594,3.7393639087677,0.0,4.505539894104004,nan,nan,nan,nan
atari_krull,/home/haselab/projects/stable-deep-world-model/logs/models/from_scratch_atari_krull_vta_3seed_to_400000_20260208_112207/atari_krull_seed0,/home/haselab/projects/stable-deep-world-model/logs/models/from_scratch_atari_krull_vta_3seed_to_400000_20260208_112207/atari_krull_seed0/checkpoints/step-000100000.pt,/home/haselab/projects/stable-deep-world-model/logs/models/from_scratch_atari_krull_vta_3seed_to_400000_20260208_112207/atari_krull_seed0/eval_eps/20260208T180330-44487f1ea8c44b5eaf22e05d1a89f711-1974.npz,265,285,0.0,1.260238277056287e-15,1.2285078763961792,3.8711867332458496,0.0,4.647961139678955,nan,nan,nan,nan
atari_krull,/home/haselab/projects/stable-deep-world-model/logs/models/from_scratch_atari_krull_vta_3seed_to_400000_20260208_112207/atari_krull_seed0,/home/haselab/projects/stable-deep-world-model/logs/models/from_scratch_atari_krull_vta_3seed_to_400000_20260208_112207/atari_krull_seed0/checkpoints/step-000100000.pt,/home/haselab/projects/stable-deep-world-model/logs/models/from_scratch_atari_krull_vta_3seed_to_400000_20260208_112207/atari_krull_seed0/eval_eps/20260208T180330-44487f1ea8c44b5eaf22e05d1a89f711-1974.npz,270,290,0.0,1.5359115024873035e-15,1.2482397556304932,4.028694152832031,0.0,4.768003940582275,nan,nan,nan,nan
atari_krull,/home/haselab/projects/stable-deep-world-model/logs/models/from_scratch_atari_krull_vta_3seed_to_400000_20260208_112207/atari_krull_seed0,/home/haselab/projects/stable-deep-world-model/logs/models/from_scratch_atari_krull_vta_3seed_to_400000_20260208_112207/atari_krull_seed0/checkpoints/step-000100000.pt,/home/haselab/projects/stable-deep-world-model/logs/models/from_scratch_atari_krull_vta_3seed_to_400000_20260208_112207/atari_krull_seed0/eval_eps/20260208T180330-44487f1ea8c44b5eaf22e05d1a89f711-1974.npz,275,295,0.0,1.5370595497681883e-15,1.2781946659088135,4.425033092498779,0.0,5.061994552612305,nan,nan,nan,nan
atari_krull,/home/haselab/projects/stable-deep-world-model/logs/models/from_scratch_atari_krull_vta_3seed_to_400000_20260208_112207/atari_krull_seed0,/home/haselab/projects/stable-deep-world-model/logs/models/from_scratch_atari_krull_vta_3seed_to_400000_20260208_112207/atari_krull_seed0/checkpoints/step-000100000.pt,/home/haselab/projects/stable-deep-world-model/logs/models/from_scratch_atari_krull_vta_3seed_to_400000_20260208_112207/atari_krull_seed0/eval_eps/20260208T180330-44487f1ea8c44b5eaf22e05d1a89f711-1974.npz,280,300,0.0,2.8393215556477003e-10,1.5525095462799072,5.0000410079956055,0.0,5.582526206970215,nan,nan,nan,nan
atari_krull,/home/haselab/projects/stable-deep-world-model/logs/models/from_scratch_atari_krull_vta_3seed_to_400000_20260208_112207/atari_krull_seed0,/home/haselab/projects/stable-deep-world-model/logs/models/from_scratch_atari_krull_vta_3seed_to_400000_20260208_112207/atari_krull_seed0/checkpoints/step-000100000.pt,/home/haselab/projects/stable-deep-world-model/logs/models/from_scratch_atari_krull_vta_3seed_to_400000_20260208_112207/atari_krull_seed0/eval_eps/20260208T180330-44487f1ea8c44b5eaf22e05d1a89f711-1974.npz,285,305,0.0,2.839310453417454e-10,2.117462158203125,5.34173583984375,0.0,5.872882843017578,nan,nan,nan,nan
atari_krull,/home/haselab/projects/stable-deep-world-model/logs/models/from_scratch_atari_krull_vta_3seed_to_400000_20260208_112207/atari_krull_seed0,/home/haselab/projects/stable-deep-world-model/logs/models/from_scratch_atari_krull_vta_3seed_to_400000_20260208_112207/atari_krull_seed0/checkpoints/step-000100000.pt,/home/haselab/projects/stable-deep-world-model/logs/models/from_scratch_atari_krull_vta_3seed_to_400000_20260208_112207/atari_krull_seed0/eval_eps/20260208T180330-44487f1ea8c44b5eaf22e05d1a89f711-1974.npz,290,310,0.0,2.839306567636868e-10,2.660193920135498,5.586302757263184,0.0,6.0109076499938965,nan,nan,nan,nan
atari_krull,/home/haselab/projects/stable-deep-world-model/logs/models/from_scratch_atari_krull_vta_3seed_to_400000_20260208_112207/atari_krull_seed0,/home/haselab/projects/stable-deep-world-model/logs/models/from_scratch_atari_krull_vta_3seed_to_400000_20260208_112207/atari_krull_seed0/checkpoints/step-000100000.pt,/home/haselab/projects/stable-deep-world-model/logs/models/from_scratch_atari_krull_vta_3seed_to_400000_20260208_112207/atari_krull_seed0/eval_eps/20260208T180330-44487f1ea8c44b5eaf22e05d1a89f711-1974.npz,295,315,0.0,2.839306567636868e-10,3.1610207557678223,5.658087730407715,0.0,5.942998886108398,nan,nan,nan,nan
atari_krull,/home/haselab/projects/stable-deep-world-model/logs/models/from_scratch_atari_krull_vta_3seed_to_400000_20260208_112207/atari_krull_seed0,/home/haselab/projects/stable-deep-world-model/logs/models/from_scratch_atari_krull_vta_3seed_to_400000_20260208_112207/atari_krull_seed0/checkpoints/step-000100000.pt,/home/haselab/projects/stable-deep-world-model/logs/models/from_scratch_atari_krull_vta_3seed_to_400000_20260208_112207/atari_krull_seed0/eval_eps/20260208T180330-44487f1ea8c44b5eaf22e05d1a89f711-1974.npz,300,320,0.0,3.221818338069407e-19,3.4358787536621094,5.324498176574707,0.0,5.565580368041992,nan,nan,nan,nan
atari_krull,/home/haselab/projects/stable-deep-world-model/logs/models/from_scratch_atari_krull_vta_3seed_to_400000_20260208_112207/atari_krull_seed0,/home/haselab/projects/stable-deep-world-model/logs/models/from_scratch_atari_krull_vta_3seed_to_400000_20260208_112207/atari_krull_seed0/checkpoints/step-000100000.pt,/home/haselab/projects/stable-deep-world-model/logs/models/from_scratch_atari_krull_vta_3seed_to_400000_20260208_112207/atari_krull_seed0/eval_eps/20260208T180330-44487f1ea8c44b5eaf22e05d1a89f711-1974.npz,305,325,0.0,8.305061371094323e-19,3.3653838634490967,5.059382438659668,0.0,5.365190029144287,nan,nan,nan,nan
atari_krull,/home/haselab/projects/stable-deep-world-model/logs/models/from_scratch_atari_krull_vta_3seed_to_400000_20260208_112207/atari_krull_seed0,/home/haselab/projects/stable-deep-world-model/logs/models/from_scratch_atari_krull_vta_3seed_to_400000_20260208_112207/atari_krull_seed0/checkpoints/step-000100000.pt,/home/haselab/projects/stable-deep-world-model/logs/models/from_scratch_atari_krull_vta_3seed_to_400000_20260208_112207/atari_krull_seed0/eval_eps/20260208T180330-44487f1ea8c44b5eaf22e05d1a89f711-1974.npz,310,330,0.0,1.880220616616975e-18,3.3617148399353027,5.06076192855835,0.0,5.344813346862793,nan,nan,nan,nan
atari_krull,/home/haselab/projects/stable-deep-world-model/logs/models/from_scratch_atari_krull_vta_3seed_to_400000_20260208_112207/atari_krull_seed0,/home/haselab/projects/stable-deep-world-model/logs/models/from_scratch_atari_krull_vta_3seed_to_400000_20260208_112207/atari_krull_seed0/checkpoints/step-000100000.pt,/home/haselab/projects/stable-deep-world-model/logs/models/from_scratch_atari_krull_vta_3seed_to_400000_20260208_112207/atari_krull_seed0/eval_eps/20260208T180330-44487f1ea8c44b5eaf22e05d1a89f711-1974.npz,315,335,0.0,2.0068617788090472e-14,3.4314258098602295,5.100693702697754,0.0,5.559615135192871,nan,nan,nan,nan
atari_krull,/home/haselab/projects/stable-deep-world-model/logs/models/from_scratch_atari_krull_vta_3seed_to_400000_20260208_112207/atari_krull_seed0,/home/haselab/projects/stable-deep-world-model/logs/models/from_scratch_atari_krull_vta_3seed_to_400000_20260208_112207/atari_krull_seed0/checkpoints/step-000100000.pt,/home/haselab/projects/stable-deep-world-model/logs/models/from_scratch_atari_krull_vta_3seed_to_400000_20260208_112207/atari_krull_seed0/eval_eps/20260208T180330-44487f1ea8c44b5eaf22e05d1a89f711-1974.npz,320,340,0.0,6.716796444126288e-14,3.4754772186279297,5.152234077453613,0.0,5.569388389587402,nan,nan,nan,nan
atari_krull,/home/haselab/projects/stable-deep-world-model/logs/models/from_scratch_atari_krull_vta_3seed_to_400000_20260208_112207/atari_krull_seed0,/home/haselab/projects/stable-deep-world-model/logs/models/from_scratch_atari_krull_vta_3seed_to_400000_20260208_112207/atari_krull_seed0/checkpoints/step-000100000.pt,/home/haselab/projects/stable-deep-world-model/logs/models/from_scratch_atari_krull_vta_3seed_to_400000_20260208_112207/atari_krull_seed0/eval_eps/20260208T180330-44487f1ea8c44b5eaf22e05d1a89f711-1974.npz,325,345,0.0,1.0136922768202994e-12,3.571582078933716,5.051483631134033,0.0,5.409621715545654,nan,nan,nan,nan
atari_krull,/home/haselab/projects/stable-deep-world-model/logs/models/from_scratch_atari_krull_vta_3seed_to_400000_20260208_112207/atari_krull_seed0,/home/haselab/projects/stable-deep-world-model/logs/models/from_scratch_atari_krull_vta_3seed_to_400000_20260208_112207/atari_krull_seed0/checkpoints/step-000100000.pt,/home/haselab/projects/stable-deep-world-model/logs/models/from_scratch_atari_krull_vta_3seed_to_400000_20260208_112207/atari_krull_seed0/eval_eps/20260208T180330-44487f1ea8c44b5eaf22e05d1a89f711-1974.npz,330,350,0.0,1.0516482433151064e-12,3.5756516456604004,4.9326887130737305,0.0,5.375820159912109,nan,nan,nan,nan
atari_krull,/home/haselab/projects/stable-deep-world-model/logs/models/from_scratch_atari_krull_vta_3seed_to_400000_20260208_112207/atari_krull_seed0,/home/haselab/projects/stable-deep-world-model/logs/models/from_scratch_atari_krull_vta_3seed_to_400000_20260208_112207/atari_krull_seed0/checkpoints/step-000100000.pt,/home/haselab/projects/stable-deep-world-model/logs/models/from_scratch_atari_krull_vta_3seed_to_400000_20260208_112207/atari_krull_seed0/eval_eps/20260208T180330-44487f1ea8c44b5eaf22e05d1a89f711-1974.npz,335,355,0.0,1.0319668296981943e-12,3.5871100425720215,4.936277866363525,0.0,5.295817852020264,nan,nan,nan,nan
atari_krull,/home/haselab/projects/stable-deep-world-model/logs/models/from_scratch_atari_krull_vta_3seed_to_400000_20260208_112207/atari_krull_seed0,/home/haselab/projects/stable-deep-world-model/logs/models/from_scratch_atari_krull_vta_3seed_to_400000_20260208_112207/atari_krull_seed0/checkpoints/step-000100000.pt,/home/haselab/projects/stable-deep-world-model/logs/models/from_scratch_atari_krull_vta_3seed_to_400000_20260208_112207/atari_krull_seed0/eval_eps/20260208T180330-44487f1ea8c44b5eaf22e05d1a89f711-1974.npz,340,360,0.0,9.848946744966947e-13,3.567296266555786,4.993258476257324,0.0,5.444516658782959,nan,nan,nan,nan
atari_krull,/home/haselab/projects/stable-deep-world-model/logs/models/from_scratch_atari_krull_vta_3seed_to_400000_20260208_112207/atari_krull_seed0,/home/haselab/projects/stable-deep-world-model/logs/models/from_scratch_atari_krull_vta_3seed_to_400000_20260208_112207/atari_krull_seed0/checkpoints/step-000100000.pt,/home/haselab/projects/stable-deep-world-model/logs/models/from_scratch_atari_krull_vta_3seed_to_400000_20260208_112207/atari_krull_seed0/eval_eps/20260208T180330-44487f1ea8c44b5eaf22e05d1a89f711-1974.npz,345,365,0.0,3.8417616391719575e-14,3.493053436279297,4.976778984069824,0.0,5.500126838684082,nan,nan,nan,nan
atari_krull,/home/haselab/projects/stable-deep-world-model/logs/models/from_scratch_atari_krull_vta_3seed_to_400000_20260208_112207/atari_krull_seed0,/home/haselab/projects/stable-deep-world-model/logs/models/from_scratch_atari_krull_vta_3seed_to_400000_20260208_112207/atari_krull_seed0/checkpoints/step-000100000.pt,/home/haselab/projects/stable-deep-world-model/logs/models/from_scratch_atari_krull_vta_3seed_to_400000_20260208_112207/atari_krull_seed0/eval_eps/20260208T180330-44487f1ea8c44b5eaf22e05d1a89f711-1974.npz,350,370,0.0,4.621868099219796e-16,3.514188051223755,4.8489484786987305,0.0,5.416352272033691,nan,nan,nan,nan
atari_krull,/home/haselab/projects/stable-deep-world-model/logs/models/from_scratch_atari_krull_vta_3seed_to_400000_20260208_112207/atari_krull_seed0,/home/haselab/projects/stable-deep-world-model/logs/models/from_scratch_atari_krull_vta_3seed_to_400000_20260208_112207/atari_krull_seed0/checkpoints/step-000100000.pt,/home/haselab/projects/stable-deep-world-model/logs/models/from_scratch_atari_krull_vta_3seed_to_400000_20260208_112207/atari_krull_seed0/eval_eps/20260208T180330-44487f1ea8c44b5eaf22e05d1a89f711-1974.npz,355,375,0.0,7.686663854166185e-17,3.5131397247314453,4.704540252685547,0.0,5.317318916320801,nan,nan,nan,nan
atari_krull,/home/haselab/projects/stable-deep-world-model/logs/models/from_scratch_atari_krull_vta_3seed_to_400000_20260208_112207/atari_krull_seed0,/home/haselab/projects/stable-deep-world-model/logs/models/from_scratch_atari_krull_vta_3seed_to_400000_20260208_112207/atari_krull_seed0/checkpoints/step-000100000.pt,/home/haselab/projects/stable-deep-world-model/logs/models/from_scratch_atari_krull_vta_3seed_to_400000_20260208_112207/atari_krull_seed0/eval_eps/20260208T180330-44487f1ea8c44b5eaf22e05d1a89f711-1974.npz,360,380,0.0,5.591226103645214e-17,3.5943641662597656,4.976472854614258,0.0,5.49674129486084,nan,nan,nan,nan
atari_krull,/home/haselab/projects/stable-deep-world-model/logs/models/from_scratch_atari_krull_vta_3seed_to_400000_20260208_112207/atari_krull_seed0,/home/haselab/projects/stable-deep-world-model/logs/models/from_scratch_atari_krull_vta_3seed_to_400000_20260208_112207/atari_krull_seed0/checkpoints/step-000100000.pt,/home/haselab/projects/stable-deep-world-model/logs/models/from_scratch_atari_krull_vta_3seed_to_400000_20260208_112207/atari_krull_seed0/eval_eps/20260208T180330-44487f1ea8c44b5eaf22e05d1a89f711-1974.npz,365,385,0.0,4.3067031061175265e-14,3.642061948776245,5.1773505210876465,0.0,5.752449989318848,nan,nan,nan,nan
atari_krull,/home/haselab/projects/stable-deep-world-model/logs/models/from_scratch_atari_krull_vta_3seed_to_400000_20260208_112207/atari_krull_seed0,/home/haselab/projects/stable-deep-world-model/logs/models/from_scratch_atari_krull_vta_3seed_to_400000_20260208_112207/atari_krull_seed0/checkpoints/step-000100000.pt,/home/haselab/projects/stable-deep-world-model/logs/models/from_scratch_atari_krull_vta_3seed_to_400000_20260208_112207/atari_krull_seed0/eval_eps/20260208T180330-44487f1ea8c44b5eaf22e05d1a89f711-1974.npz,370,390,0.0,9.615728213674402e-10,3.5900473594665527,5.29573917388916,0.0,5.888205528259277,nan,nan,nan,nan
atari_krull,/home/haselab/projects/stable-deep-world-model/logs/models/from_scratch_atari_krull_vta_3seed_to_400000_20260208_112207/atari_krull_seed0,/home/haselab/projects/stable-deep-world-model/logs/models/from_scratch_atari_krull_vta_3seed_to_400000_20260208_112207/atari_krull_seed0/checkpoints/step-000100000.pt,/home/haselab/projects/stable-deep-world-model/logs/models/from_scratch_atari_krull_vta_3seed_to_400000_20260208_112207/atari_krull_seed0/eval_eps/20260208T180330-44487f1ea8c44b5eaf22e05d1a89f711-1974.npz,375,395,0.0,1.0083425205920094e-09,3.5811209678649902,5.165254592895508,0.0,5.773451805114746,nan,nan,nan,nan
atari_krull,/home/haselab/projects/stable-deep-world-model/logs/models/from_scratch_atari_krull_vta_3seed_to_400000_20260208_112207/atari_krull_seed0,/home/haselab/projects/stable-deep-world-model/logs/models/from_scratch_atari_krull_vta_3seed_to_400000_20260208_112207/atari_krull_seed0/checkpoints/step-000100000.pt,/home/haselab/projects/stable-deep-world-model/logs/models/from_scratch_atari_krull_vta_3seed_to_400000_20260208_112207/atari_krull_seed0/eval_eps/20260208T180330-44487f1ea8c44b5eaf22e05d1a89f711-1974.npz,380,400,0.0,1.0083734958143964e-09,3.5140175819396973,4.9340410232543945,0.0,5.561258792877197,nan,nan,nan,nan
atari_krull,/home/haselab/projects/stable-deep-world-model/logs/models/from_scratch_atari_krull_vta_3seed_to_400000_20260208_112207/atari_krull_seed0,/home/haselab/projects/stable-deep-world-model/logs/models/from_scratch_atari_krull_vta_3seed_to_400000_20260208_112207/atari_krull_seed0/checkpoints/step-000100000.pt,/home/haselab/projects/stable-deep-world-model/logs/models/from_scratch_atari_krull_vta_3seed_to_400000_20260208_112207/atari_krull_seed0/eval_eps/20260208T180330-44487f1ea8c44b5eaf22e05d1a89f711-1974.npz,385,405,0.0,1.0086973478706796e-09,3.531167507171631,4.955702304840088,0.0,5.474966049194336,nan,nan,nan,nan
atari_krull,/home/haselab/projects/stable-deep-world-model/logs/models/from_scratch_atari_krull_vta_3seed_to_400000_20260208_112207/atari_krull_seed0,/home/haselab/projects/stable-deep-world-model/logs/models/from_scratch_atari_krull_vta_3seed_to_400000_20260208_112207/atari_krull_seed0/checkpoints/step-000100000.pt,/home/haselab/projects/stable-deep-world-model/logs/models/from_scratch_atari_krull_vta_3seed_to_400000_20260208_112207/atari_krull_seed0/eval_eps/20260208T180330-44487f1ea8c44b5eaf22e05d1a89f711-1974.npz,390,410,0.0,4.796983990584813e-11,3.529517412185669,4.929632186889648,0.0,5.391282081604004,nan,nan,nan,nan
atari_krull,/home/haselab/projects/stable-deep-world-model/logs/models/from_scratch_atari_krull_vta_3seed_to_400000_20260208_112207/atari_krull_seed0,/home/haselab/projects/stable-deep-world-model/logs/models/from_scratch_atari_krull_vta_3seed_to_400000_20260208_112207/atari_krull_seed0/checkpoints/step-000100000.pt,/home/haselab/projects/stable-deep-world-model/logs/models/from_scratch_atari_krull_vta_3seed_to_400000_20260208_112207/atari_krull_seed0/eval_eps/20260208T180330-44487f1ea8c44b5eaf22e05d1a89f711-1974.npz,395,415,0.0,1.2095874432280218e-12,3.530402660369873,5.051498889923096,0.0,5.496796607971191,nan,nan,nan,nan
atari_krull,/home/haselab/projects/stable-deep-world-model/logs/models/from_scratch_atari_krull_vta_3seed_to_400000_20260208_112207/atari_krull_seed0,/home/haselab/projects/stable-deep-world-model/logs/models/from_scratch_atari_krull_vta_3seed_to_400000_20260208_112207/atari_krull_seed0/checkpoints/step-000100000.pt,/home/haselab/projects/stable-deep-world-model/logs/models/from_scratch_atari_krull_vta_3seed_to_400000_20260208_112207/atari_krull_seed0/eval_eps/20260208T180330-44487f1ea8c44b5eaf22e05d1a89f711-1974.npz,400,420,0.0,1.1790488290558399e-12,3.548311948776245,4.853636264801025,0.0,5.314511299133301,nan,nan,nan,nan
atari_krull,/home/haselab/projects/stable-deep-world-model/logs/models/from_scratch_atari_krull_vta_3seed_to_400000_20260208_112207/atari_krull_seed0,/home/haselab/projects/stable-deep-world-model/logs/models/from_scratch_atari_krull_vta_3seed_to_400000_20260208_112207/atari_krull_seed0/checkpoints/step-000100000.pt,/home/haselab/projects/stable-deep-world-model/logs/models/from_scratch_atari_krull_vta_3seed_to_400000_20260208_112207/atari_krull_seed0/eval_eps/20260208T180330-44487f1ea8c44b5eaf22e05d1a89f711-1974.npz,405,425,0.0,8.121828947230125e-13,3.4880263805389404,4.717433929443359,0.0,5.203768730163574,nan,nan,nan,nan
atari_krull,/home/haselab/projects/stable-deep-world-model/logs/models/from_scratch_atari_krull_vta_3seed_to_400000_20260208_112207/atari_krull_seed0,/home/haselab/projects/stable-deep-world-model/logs/models/from_scratch_atari_krull_vta_3seed_to_400000_20260208_112207/atari_krull_seed0/checkpoints/step-000100000.pt,/home/haselab/projects/stable-deep-world-model/logs/models/from_scratch_atari_krull_vta_3seed_to_400000_20260208_112207/atari_krull_seed0/eval_eps/20260208T180330-44487f1ea8c44b5eaf22e05d1a89f711-1974.npz,410,430,0.0,2.5272346064822426e-14,3.532341718673706,4.780190467834473,0.0,5.228214740753174,nan,nan,nan,nan
atari_krull,/home/haselab/projects/stable-deep-world-model/logs/models/from_scratch_atari_krull_vta_3seed_to_400000_20260208_112207/atari_krull_seed0,/home/haselab/projects/stable-deep-world-model/logs/models/from_scratch_atari_krull_vta_3seed_to_400000_20260208_112207/atari_krull_seed0/checkpoints/step-000100000.pt,/home/haselab/projects/stable-deep-world-model/logs/models/from_scratch_atari_krull_vta_3seed_to_400000_20260208_112207/atari_krull_seed0/eval_eps/20260208T180330-44487f1ea8c44b5eaf22e05d1a89f711-1974.npz,415,435,0.0,8.403012714906094e-14,3.4370529651641846,4.881968021392822,0.0,5.276144981384277,nan,nan,nan,nan
atari_krull,/home/haselab/projects/stable-deep-world-model/logs/models/from_scratch_atari_krull_vta_3seed_to_400000_20260208_112207/atari_krull_seed0,/home/haselab/projects/stable-deep-world-model/logs/models/from_scratch_atari_krull_vta_3seed_to_400000_20260208_112207/atari_krull_seed0/checkpoints/step-000100000.pt,/home/haselab/projects/stable-deep-world-model/logs/models/from_scratch_atari_krull_vta_3seed_to_400000_20260208_112207/atari_krull_seed0/eval_eps/20260208T180330-44487f1ea8c44b5eaf22e05d1a89f711-1974.npz,420,440,0.0,1.022520081301638e-13,3.450000286102295,4.930435657501221,0.0,5.3005452156066895,nan,nan,nan,nan
atari_krull,/home/haselab/projects/stable-deep-world-model/logs/models/from_scratch_atari_krull_vta_3seed_to_400000_20260208_112207/atari_krull_seed0,/home/haselab/projects/stable-deep-world-model/logs/models/from_scratch_atari_krull_vta_3seed_to_400000_20260208_112207/atari_krull_seed0/checkpoints/step-000100000.pt,/home/haselab/projects/stable-deep-world-model/logs/models/from_scratch_atari_krull_vta_3seed_to_400000_20260208_112207/atari_krull_seed0/eval_eps/20260208T180330-44487f1ea8c44b5eaf22e05d1a89f711-1974.npz,425,445,0.0,6.245836096582802e-13,3.4700076580047607,4.853455543518066,0.0,5.183812141418457,nan,nan,nan,nan
atari_krull,/home/haselab/projects/stable-deep-world-model/logs/models/from_scratch_atari_krull_vta_3seed_to_400000_20260208_112207/atari_krull_seed0,/home/haselab/projects/stable-deep-world-model/logs/models/from_scratch_atari_krull_vta_3seed_to_400000_20260208_112207/atari_krull_seed0/checkpoints/step-000100000.pt,/home/haselab/projects/stable-deep-world-model/logs/models/from_scratch_atari_krull_vta_3seed_to_400000_20260208_112207/atari_krull_seed0/eval_eps/20260208T180330-44487f1ea8c44b5eaf22e05d1a89f711-1974.npz,430,450,0.0,6.090894390416157e-13,3.3994083404541016,4.928305625915527,0.0,5.252950191497803,nan,nan,nan,nan
atari_krull,/home/haselab/projects/stable-deep-world-model/logs/models/from_scratch_atari_krull_vta_3seed_to_400000_20260208_112207/atari_krull_seed0,/home/haselab/projects/stable-deep-world-model/logs/models/from_scratch_atari_krull_vta_3seed_to_400000_20260208_112207/atari_krull_seed0/checkpoints/step-000100000.pt,/home/haselab/projects/stable-deep-world-model/logs/models/from_scratch_atari_krull_vta_3seed_to_400000_20260208_112207/atari_krull_seed0/eval_eps/20260208T180330-44487f1ea8c44b5eaf22e05d1a89f711-1974.npz,435,455,0.0,5.410200282565669e-13,3.4316489696502686,4.8982439041137695,0.0,5.2024054527282715,nan,nan,nan,nan
atari_krull,/home/haselab/projects/stable-deep-world-model/logs/models/from_scratch_atari_krull_vta_3seed_to_400000_20260208_112207/atari_krull_seed0,/home/haselab/projects/stable-deep-world-model/logs/models/from_scratch_atari_krull_vta_3seed_to_400000_20260208_112207/atari_krull_seed0/checkpoints/step-000100000.pt,/home/haselab/projects/stable-deep-world-model/logs/models/from_scratch_atari_krull_vta_3seed_to_400000_20260208_112207/atari_krull_seed0/eval_eps/20260208T180330-44487f1ea8c44b5eaf22e05d1a89f711-1974.npz,440,460,0.0,5.223668719800401e-13,3.356077194213867,4.851241111755371,0.0,5.187178611755371,nan,nan,nan,nan
atari_krull,/home/haselab/projects/stable-deep-world-model/logs/models/from_scratch_atari_krull_vta_3seed_to_400000_20260208_112207/atari_krull_seed0,/home/haselab/projects/stable-deep-world-model/logs/models/from_scratch_atari_krull_vta_3seed_to_400000_20260208_112207/atari_krull_seed0/checkpoints/step-000100000.pt,/home/haselab/projects/stable-deep-world-model/logs/models/from_scratch_atari_krull_vta_3seed_to_400000_20260208_112207/atari_krull_seed0/eval_eps/20260208T180330-44487f1ea8c44b5eaf22e05d1a89f711-1974.npz,445,465,0.0,1.5871245107591725e-17,3.3817813396453857,4.783960342407227,0.0,5.077953338623047,nan,nan,nan,nan
atari_krull,/home/haselab/projects/stable-deep-world-model/logs/models/from_scratch_atari_krull_vta_3seed_to_400000_20260208_112207/atari_krull_seed0,/home/haselab/projects/stable-deep-world-model/logs/models/from_scratch_atari_krull_vta_3seed_to_400000_20260208_112207/atari_krull_seed0/checkpoints/step-000100000.pt,/home/haselab/projects/stable-deep-world-model/logs/models/from_scratch_atari_krull_vta_3seed_to_400000_20260208_112207/atari_krull_seed0/eval_eps/20260208T180330-44487f1ea8c44b5eaf22e05d1a89f711-1974.npz,450,470,0.0,3.3060302257147724e-22,3.431072950363159,4.702019691467285,0.0,4.984121322631836,nan,nan,nan,nan
atari_krull,/home/haselab/projects/stable-deep-world-model/logs/models/from_scratch_atari_krull_vta_3seed_to_400000_20260208_112207/atari_krull_seed0,/home/haselab/projects/stable-deep-world-model/logs/models/from_scratch_atari_krull_vta_3seed_to_400000_20260208_112207/atari_krull_seed0/checkpoints/step-000100000.pt,/home/haselab/projects/stable-deep-world-model/logs/models/from_scratch_atari_krull_vta_3seed_to_400000_20260208_112207/atari_krull_seed0/eval_eps/20260208T180330-44487f1ea8c44b5eaf22e05d1a89f711-1974.npz,455,475,0.0,1.0151958905461035e-22,3.4383819103240967,4.678793430328369,0.0,4.973254680633545,nan,nan,nan,nan
atari_krull,/home/haselab/projects/stable-deep-world-model/logs/models/from_scratch_atari_krull_vta_3seed_to_400000_20260208_112207/atari_krull_seed0,/home/haselab/projects/stable-deep-world-model/logs/models/from_scratch_atari_krull_vta_3seed_to_400000_20260208_112207/atari_krull_seed0/checkpoints/step-000100000.pt,/home/haselab/projects/stable-deep-world-model/logs/models/from_scratch_atari_krull_vta_3seed_to_400000_20260208_112207/atari_krull_seed0/eval_eps/20260208T180330-44487f1ea8c44b5eaf22e05d1a89f711-1974.npz,460,480,0.0,4.563122992217699e-23,3.4705653190612793,4.964752197265625,0.0,5.275143623352051,nan,nan,nan,nan
atari_krull,/home/haselab/projects/stable-deep-world-model/logs/models/from_scratch_atari_krull_vta_3seed_to_400000_20260208_112207/atari_krull_seed0,/home/haselab/projects/stable-deep-world-model/logs/models/from_scratch_atari_krull_vta_3seed_to_400000_20260208_112207/atari_krull_seed0/checkpoints/step-000100000.pt,/home/haselab/projects/stable-deep-world-model/logs/models/from_scratch_atari_krull_vta_3seed_to_400000_20260208_112207/atari_krull_seed0/eval_eps/20260208T180330-44487f1ea8c44b5eaf22e05d1a89f711-1974.npz,465,485,0.0,4.2549371246531956e-23,3.41845703125,4.922621250152588,0.0,5.384158611297607,nan,nan,nan,nan
atari_krull,/home/haselab/projects/stable-deep-world-model/logs/models/from_scratch_atari_krull_vta_3seed_to_400000_20260208_112207/atari_krull_seed0,/home/haselab/projects/stable-deep-world-model/logs/models/from_scratch_atari_krull_vta_3seed_to_400000_20260208_112207/atari_krull_seed0/checkpoints/step-000100000.pt,/home/haselab/projects/stable-deep-world-model/logs/models/from_scratch_atari_krull_vta_3seed_to_400000_20260208_112207/atari_krull_seed0/eval_eps/20260208T180330-44487f1ea8c44b5eaf22e05d1a89f711-1974.npz,470,490,0.0,1.0620147650761314e-20,3.4618759155273438,4.584939002990723,0.0,5.1013288497924805,nan,nan,nan,nan
atari_krull,/home/haselab/projects/stable-deep-world-model/logs/models/from_scratch_atari_krull_vta_3seed_to_400000_20260208_112207/atari_krull_seed0,/home/haselab/projects/stable-deep-world-model/logs/models/from_scratch_atari_krull_vta_3seed_to_400000_20260208_112207/atari_krull_seed0/checkpoints/step-000100000.pt,/home/haselab/projects/stable-deep-world-model/logs/models/from_scratch_atari_krull_vta_3seed_to_400000_20260208_112207/atari_krull_seed0/eval_eps/20260208T180330-44487f1ea8c44b5eaf22e05d1a89f711-1974.npz,475,495,0.0,1.0736230817505767e-20,3.5344135761260986,4.604796409606934,0.0,5.181230545043945,nan,nan,nan,nan
atari_krull,/home/haselab/projects/stable-deep-world-model/logs/models/from_scratch_atari_krull_vta_3seed_to_400000_20260208_112207/atari_krull_seed0,/home/haselab/projects/stable-deep-world-model/logs/models/from_scratch_atari_krull_vta_3seed_to_400000_20260208_112207/atari_krull_seed0/checkpoints/step-000100000.pt,/home/haselab/projects/stable-deep-world-model/logs/models/from_scratch_atari_krull_vta_3seed_to_400000_20260208_112207/atari_krull_seed0/eval_eps/20260208T180330-44487f1ea8c44b5eaf22e05d1a89f711-1974.npz,480,500,0.0,9.124485407645864e-18,3.5978198051452637,4.708968162536621,0.0,5.259260654449463,nan,nan,nan,nan
atari_krull,/home/haselab/projects/stable-deep-world-model/logs/models/from_scratch_atari_krull_vta_3seed_to_400000_20260208_112207/atari_krull_seed0,/home/haselab/projects/stable-deep-world-model/logs/models/from_scratch_atari_krull_vta_3seed_to_400000_20260208_112207/atari_krull_seed0/checkpoints/step-000100000.pt,/home/haselab/projects/stable-deep-world-model/logs/models/from_scratch_atari_krull_vta_3seed_to_400000_20260208_112207/atari_krull_seed0/eval_eps/20260208T180330-44487f1ea8c44b5eaf22e05d1a89f711-1974.npz,485,505,0.0,1.4443293566354654e-12,3.649442195892334,5.025473594665527,0.0,5.5431413650512695,nan,nan,nan,nan
atari_krull,/home/haselab/projects/stable-deep-world-model/logs/models/from_scratch_atari_krull_vta_3seed_to_400000_20260208_112207/atari_krull_seed0,/home/haselab/projects/stable-deep-world-model/logs/models/from_scratch_atari_krull_vta_3seed_to_400000_20260208_112207/atari_krull_seed0/checkpoints/step-000100000.pt,/home/haselab/projects/stable-deep-world-model/logs/models/from_scratch_atari_krull_vta_3seed_to_400000_20260208_112207/atari_krull_seed0/eval_eps/20260208T180330-44487f1ea8c44b5eaf22e05d1a89f711-1974.npz,490,510,0.0,8.40433451998468e-12,3.6029796600341797,5.176331996917725,0.0,5.689321994781494,nan,nan,nan,nan
atari_krull,/home/haselab/projects/stable-deep-world-model/logs/models/from_scratch_atari_krull_vta_3seed_to_400000_20260208_112207/atari_krull_seed0,/home/haselab/projects/stable-deep-world-model/logs/models/from_scratch_atari_krull_vta_3seed_to_400000_20260208_112207/atari_krull_seed0/checkpoints/step-000100000.pt,/home/haselab/projects/stable-deep-world-model/logs/models/from_scratch_atari_krull_vta_3seed_to_400000_20260208_112207/atari_krull_seed0/eval_eps/20260208T180330-44487f1ea8c44b5eaf22e05d1a89f711-1974.npz,495,515,0.0,9.004257409128691e-12,3.60398530960083,5.086895942687988,0.0,5.540380001068115,nan,nan,nan,nan
atari_krull,/home/haselab/projects/stable-deep-world-model/logs/models/from_scratch_atari_krull_vta_3seed_to_400000_20260208_112207/atari_krull_seed0,/home/haselab/projects/stable-deep-world-model/logs/models/from_scratch_atari_krull_vta_3seed_to_400000_20260208_112207/atari_krull_seed0/checkpoints/step-000100000.pt,/home/haselab/projects/stable-deep-world-model/logs/models/from_scratch_atari_krull_vta_3seed_to_400000_20260208_112207/atari_krull_seed0/eval_eps/20260208T180330-44487f1ea8c44b5eaf22e05d1a89f711-1974.npz,500,520,0.0,9.00584034430052e-12,3.542311429977417,4.903416633605957,0.0,5.3057990074157715,nan,nan,nan,nan
atari_krull,/home/haselab/projects/stable-deep-world-model/logs/models/from_scratch_atari_krull_vta_3seed_to_400000_20260208_112207/atari_krull_seed0,/home/haselab/projects/stable-deep-world-model/logs/models/from_scratch_atari_krull_vta_3seed_to_400000_20260208_112207/atari_krull_seed0/checkpoints/step-000100000.pt,/home/haselab/projects/stable-deep-world-model/logs/models/from_scratch_atari_krull_vta_3seed_to_400000_20260208_112207/atari_krull_seed0/eval_eps/20260208T180330-44487f1ea8c44b5eaf22e05d1a89f711-1974.npz,505,525,0.0,7.561520853904824e-12,3.5868277549743652,4.806928634643555,0.0,5.178247451782227,nan,nan,nan,nan
atari_krull,/home/haselab/projects/stable-deep-world-model/logs/models/from_scratch_atari_krull_vta_3seed_to_400000_20260208_112207/atari_krull_seed0,/home/haselab/projects/stable-deep-world-model/logs/models/from_scratch_atari_krull_vta_3seed_to_400000_20260208_112207/atari_krull_seed0/checkpoints/step-000100000.pt,/home/haselab/projects/stable-deep-world-model/logs/models/from_scratch_atari_krull_vta_3seed_to_400000_20260208_112207/atari_krull_seed0/eval_eps/20260208T180330-44487f1ea8c44b5eaf22e05d1a89f711-1974.npz,510,530,0.0,9.305010104446176e-13,3.604257106781006,4.97377872467041,0.0,5.430694580078125,nan,nan,nan,nan
atari_krull,/home/haselab/projects/stable-deep-world-model/logs/models/from_scratch_atari_krull_vta_3seed_to_400000_20260208_112207/atari_krull_seed0,/home/haselab/projects/stable-deep-world-model/logs/models/from_scratch_atari_krull_vta_3seed_to_400000_20260208_112207/atari_krull_seed0/checkpoints/step-000100000.pt,/home/haselab/projects/stable-deep-world-model/logs/models/from_scratch_atari_krull_vta_3seed_to_400000_20260208_112207/atari_krull_seed0/eval_eps/20260208T180330-44487f1ea8c44b5eaf22e05d1a89f711-1974.npz,515,535,0.0,4.327112940964023e-13,3.553894519805908,4.742229461669922,0.0,5.471753120422363,nan,nan,nan,nan
atari_krull,/home/haselab/projects/stable-deep-world-model/logs/models/from_scratch_atari_krull_vta_3seed_to_400000_20260208_112207/atari_krull_seed0,/home/haselab/projects/stable-deep-world-model/logs/models/from_scratch_atari_krull_vta_3seed_to_400000_20260208_112207/atari_krull_seed0/checkpoints/step-000100000.pt,/home/haselab/projects/stable-deep-world-model/logs/models/from_scratch_atari_krull_vta_3seed_to_400000_20260208_112207/atari_krull_seed0/eval_eps/20260208T180330-44487f1ea8c44b5eaf22e05d1a89f711-1974.npz,520,540,0.0,4.3123108708041646e-13,3.6090595722198486,4.401459693908691,0.0,5.364907264709473,nan,nan,nan,nan
atari_krull,/home/haselab/projects/stable-deep-world-model/logs/models/from_scratch_atari_krull_vta_3seed_to_400000_20260208_112207/atari_krull_seed0,/home/haselab/projects/stable-deep-world-model/logs/models/from_scratch_atari_krull_vta_3seed_to_400000_20260208_112207/atari_krull_seed0/checkpoints/step-000100000.pt,/home/haselab/projects/stable-deep-world-model/logs/models/from_scratch_atari_krull_vta_3seed_to_400000_20260208_112207/atari_krull_seed0/eval_eps/20260208T180330-44487f1ea8c44b5eaf22e05d1a89f711-1974.npz,525,545,0.0,4.3126214947265817e-13,3.6428558826446533,4.499388694763184,0.0,5.484679698944092,nan,nan,nan,nan
atari_krull,/home/haselab/projects/stable-deep-world-model/logs/models/from_scratch_atari_krull_vta_3seed_to_400000_20260208_112207/atari_krull_seed0,/home/haselab/projects/stable-deep-world-model/logs/models/from_scratch_atari_krull_vta_3seed_to_400000_20260208_112207/atari_krull_seed0/checkpoints/step-000100000.pt,/home/haselab/projects/stable-deep-world-model/logs/models/from_scratch_atari_krull_vta_3seed_to_400000_20260208_112207/atari_krull_seed0/eval_eps/20260208T180330-44487f1ea8c44b5eaf22e05d1a89f711-1974.npz,530,550,0.0,1.0228841699436858e-13,3.7235119342803955,4.610870838165283,0.0,5.538815975189209,nan,nan,nan,nan
atari_krull,/home/haselab/projects/stable-deep-world-model/logs/models/from_scratch_atari_krull_vta_3seed_to_400000_20260208_112207/atari_krull_seed0,/home/haselab/projects/stable-deep-world-model/logs/models/from_scratch_atari_krull_vta_3seed_to_400000_20260208_112207/atari_krull_seed0/checkpoints/step-000100000.pt,/home/haselab/projects/stable-deep-world-model/logs/models/from_scratch_atari_krull_vta_3seed_to_400000_20260208_112207/atari_krull_seed0/eval_eps/20260208T180330-44487f1ea8c44b5eaf22e05d1a89f711-1974.npz,535,555,0.0,9.770148015272873e-13,3.818748950958252,4.9129228591918945,0.0,5.631008148193359,nan,nan,nan,nan
atari_krull,/home/haselab/projects/stable-deep-world-model/logs/models/from_scratch_atari_krull_vta_3seed_to_400000_20260208_112207/atari_krull_seed0,/home/haselab/projects/stable-deep-world-model/logs/models/from_scratch_atari_krull_vta_3seed_to_400000_20260208_112207/atari_krull_seed0/checkpoints/step-000100000.pt,/home/haselab/projects/stable-deep-world-model/logs/models/from_scratch_atari_krull_vta_3seed_to_400000_20260208_112207/atari_krull_seed0/eval_eps/20260208T180330-44487f1ea8c44b5eaf22e05d1a89f711-1974.npz,540,560,0.0,9.773031993051684e-13,3.8580455780029297,5.077556610107422,0.0,5.632233142852783,nan,nan,nan,nan
atari_krull,/home/haselab/projects/stable-deep-world-model/logs/models/from_scratch_atari_krull_vta_3seed_to_400000_20260208_112207/atari_krull_seed0,/home/haselab/projects/stable-deep-world-model/logs/models/from_scratch_atari_krull_vta_3seed_to_400000_20260208_112207/atari_krull_seed0/checkpoints/step-000100000.pt,/home/haselab/projects/stable-deep-world-model/logs/models/from_scratch_atari_krull_vta_3seed_to_400000_20260208_112207/atari_krull_seed0/eval_eps/20260208T180330-44487f1ea8c44b5eaf22e05d1a89f711-1974.npz,545,565,0.0,9.775740330078553e-13,3.8493080139160156,4.883265972137451,0.0,5.357779502868652,nan,nan,nan,nan
atari_krull,/home/haselab/projects/stable-deep-world-model/logs/models/from_scratch_atari_krull_vta_3seed_to_400000_20260208_112207/atari_krull_seed0,/home/haselab/projects/stable-deep-world-model/logs/models/from_scratch_atari_krull_vta_3seed_to_400000_20260208_112207/atari_krull_seed0/checkpoints/step-000100000.pt,/home/haselab/projects/stable-deep-world-model/logs/models/from_scratch_atari_krull_vta_3seed_to_400000_20260208_112207/atari_krull_seed0/eval_eps/20260208T180330-44487f1ea8c44b5eaf22e05d1a89f711-1974.npz,550,570,0.0,9.775637330872167e-13,3.8053982257843018,4.794644355773926,0.0,5.203932762145996,nan,nan,nan,nan
atari_krull,/home/haselab/projects/stable-deep-world-model/logs/models/from_scratch_atari_krull_vta_3seed_to_400000_20260208_112207/atari_krull_seed0,/home/haselab/projects/stable-deep-world-model/logs/models/from_scratch_atari_krull_vta_3seed_to_400000_20260208_112207/atari_krull_seed0/checkpoints/step-000100000.pt,/home/haselab/projects/stable-deep-world-model/logs/models/from_scratch_atari_krull_vta_3seed_to_400000_20260208_112207/atari_krull_seed0/eval_eps/20260208T180330-44487f1ea8c44b5eaf22e05d1a89f711-1974.npz,555,575,0.0,7.123651906735889e-16,3.7621307373046875,4.700020790100098,0.0,5.105869770050049,nan,nan,nan,nan
atari_krull,/home/haselab/projects/stable-deep-world-model/logs/models/from_scratch_atari_krull_vta_3seed_to_400000_20260208_112207/atari_krull_seed0,/home/haselab/projects/stable-deep-world-model/logs/models/from_scratch_atari_krull_vta_3seed_to_400000_20260208_112207/atari_krull_seed0/checkpoints/step-000100000.pt,/home/haselab/projects/stable-deep-world-model/logs/models/from_scratch_atari_krull_vta_3seed_to_400000_20260208_112207/atari_krull_seed0/eval_eps/20260208T180330-44487f1ea8c44b5eaf22e05d1a89f711-1974.npz,560,580,0.0,3.1116848519284273e-16,3.7944462299346924,4.814941883087158,0.0,5.332742691040039,nan,nan,nan,nan
atari_krull,/home/haselab/projects/stable-deep-world-model/logs/models/from_scratch_atari_krull_vta_3seed_to_400000_20260208_112207/atari_krull_seed0,/home/haselab/projects/stable-deep-world-model/logs/models/from_scratch_atari_krull_vta_3seed_to_400000_20260208_112207/atari_krull_seed0/checkpoints/step-000100000.pt,/home/haselab/projects/stable-deep-world-model/logs/models/from_scratch_atari_krull_vta_3seed_to_400000_20260208_112207/atari_krull_seed0/eval_eps/20260208T180330-44487f1ea8c44b5eaf22e05d1a89f711-1974.npz,565,585,0.0,8.983224465717733e-18,3.7850754261016846,4.717896938323975,0.0,5.253926753997803,nan,nan,nan,nan
atari_krull,/home/haselab/projects/stable-deep-world-model/logs/models/from_scratch_atari_krull_vta_3seed_to_400000_20260208_112207/atari_krull_seed0,/home/haselab/projects/stable-deep-world-model/logs/models/from_scratch_atari_krull_vta_3seed_to_400000_20260208_112207/atari_krull_seed0/checkpoints/step-000100000.pt,/home/haselab/projects/stable-deep-world-model/logs/models/from_scratch_atari_krull_vta_3seed_to_400000_20260208_112207/atari_krull_seed0/eval_eps/20260208T180330-44487f1ea8c44b5eaf22e05d1a89f711-1974.npz,570,590,0.0,9.105430475055093e-18,3.7535786628723145,4.632798671722412,0.0,5.190095901489258,nan,nan,nan,nan
atari_krull,/home/haselab/projects/stable-deep-world-model/logs/models/from_scratch_atari_krull_vta_3seed_to_400000_20260208_112207/atari_krull_seed0,/home/haselab/projects/stable-deep-world-model/logs/models/from_scratch_atari_krull_vta_3seed_to_400000_20260208_112207/atari_krull_seed0/checkpoints/step-000100000.pt,/home/haselab/projects/stable-deep-world-model/logs/models/from_scratch_atari_krull_vta_3seed_to_400000_20260208_112207/atari_krull_seed0/eval_eps/20260208T180330-44487f1ea8c44b5eaf22e05d1a89f711-1974.npz,575,595,0.0,1.6078883984954786e-17,3.7274584770202637,4.690490245819092,0.0,5.197239875793457,nan,nan,nan,nan
atari_krull,/home/haselab/projects/stable-deep-world-model/logs/models/from_scratch_atari_krull_vta_3seed_to_400000_20260208_112207/atari_krull_seed0,/home/haselab/projects/stable-deep-world-model/logs/models/from_scratch_atari_krull_vta_3seed_to_400000_20260208_112207/atari_krull_seed0/checkpoints/step-000100000.pt,/home/haselab/projects/stable-deep-world-model/logs/models/from_scratch_atari_krull_vta_3seed_to_400000_20260208_112207/atari_krull_seed0/eval_eps/20260208T180330-44487f1ea8c44b5eaf22e05d1a89f711-1974.npz,580,600,0.0,3.3645747863145226e-14,3.691869020462036,4.774718761444092,0.0,5.15208101272583,nan,nan,nan,nan
atari_krull,/home/haselab/projects/stable-deep-world-model/logs/models/from_scratch_atari_krull_vta_3seed_to_400000_20260208_112207/atari_krull_seed0,/home/haselab/projects/stable-deep-world-model/logs/models/from_scratch_atari_krull_vta_3seed_to_400000_20260208_112207/atari_krull_seed0/checkpoints/step-000100000.pt,/home/haselab/projects/stable-deep-world-model/logs/models/from_scratch_atari_krull_vta_3seed_to_400000_20260208_112207/atari_krull_seed0/eval_eps/20260208T180330-44487f1ea8c44b5eaf22e05d1a89f711-1974.npz,585,605,0.0,3.364574108688165e-14,3.720412492752075,4.893106937408447,0.0,5.2176971435546875,nan,nan,nan,nan
atari_krull,/home/haselab/projects/stable-deep-world-model/logs/models/from_scratch_atari_krull_vta_3seed_to_400000_20260208_112207/atari_krull_seed0,/home/haselab/projects/stable-deep-world-model/logs/models/from_scratch_atari_krull_vta_3seed_to_400000_20260208_112207/atari_krull_seed0/checkpoints/step-000100000.pt,/home/haselab/projects/stable-deep-world-model/logs/models/from_scratch_atari_krull_vta_3seed_to_400000_20260208_112207/atari_krull_seed0/eval_eps/20260208T180330-44487f1ea8c44b5eaf22e05d1a89f711-1974.npz,590,610,0.0,3.364614766269633e-14,3.8001041412353516,4.918460369110107,0.0,5.262724876403809,nan,nan,nan,nan
atari_krull,/home/haselab/projects/stable-deep-world-model/logs/models/from_scratch_atari_krull_vta_3seed_to_400000_20260208_112207/atari_krull_seed0,/home/haselab/projects/stable-deep-world-model/logs/models/from_scratch_atari_krull_vta_3seed_to_400000_20260208_112207/atari_krull_seed0/checkpoints/step-000100000.pt,/home/haselab/projects/stable-deep-world-model/logs/models/from_scratch_atari_krull_vta_3seed_to_400000_20260208_112207/atari_krull_seed0/eval_eps/20260208T180330-44487f1ea8c44b5eaf22e05d1a89f711-1974.npz,595,615,0.0,3.3633506542991506e-14,3.82500958442688,4.827880859375,0.0,5.156927585601807,nan,nan,nan,nan
atari_krull,/home/haselab/projects/stable-deep-world-model/logs/models/from_scratch_atari_krull_vta_3seed_to_400000_20260208_112207/atari_krull_seed0,/home/haselab/projects/stable-deep-world-model/logs/models/from_scratch_atari_krull_vta_3seed_to_400000_20260208_112207/atari_krull_seed0/checkpoints/step-000100000.pt,/home/haselab/projects/stable-deep-world-model/logs/models/from_scratch_atari_krull_vta_3seed_to_400000_20260208_112207/atari_krull_seed0/eval_eps/20260208T180330-44487f1ea8c44b5eaf22e05d1a89f711-1974.npz,600,620,0.0,3.8284379611276466e-18,3.8200860023498535,4.840322971343994,0.0,5.188449859619141,nan,nan,nan,nan
atari_krull,/home/haselab/projects/stable-deep-world-model/logs/models/from_scratch_atari_krull_vta_3seed_to_400000_20260208_112207/atari_krull_seed0,/home/haselab/projects/stable-deep-world-model/logs/models/from_scratch_atari_krull_vta_3seed_to_400000_20260208_112207/atari_krull_seed0/checkpoints/step-000100000.pt,/home/haselab/projects/stable-deep-world-model/logs/models/from_scratch_atari_krull_vta_3seed_to_400000_20260208_112207/atari_krull_seed0/eval_eps/20260208T180330-44487f1ea8c44b5eaf22e05d1a89f711-1974.npz,605,625,0.0,3.8440816008722495e-18,3.7854981422424316,4.865967750549316,0.0,5.289889812469482,nan,nan,nan,nan
atari_krull,/home/haselab/projects/stable-deep-world-model/logs/models/from_scratch_atari_krull_vta_3seed_to_400000_20260208_112207/atari_krull_seed0,/home/haselab/projects/stable-deep-world-model/logs/models/from_scratch_atari_krull_vta_3seed_to_400000_20260208_112207/atari_krull_seed0/checkpoints/step-000100000.pt,/home/haselab/projects/stable-deep-world-model/logs/models/from_scratch_atari_krull_vta_3seed_to_400000_20260208_112207/atari_krull_seed0/eval_eps/20260208T180330-44487f1ea8c44b5eaf22e05d1a89f711-1974.npz,610,630,0.0,6.97455696883684e-18,3.7285964488983154,4.681571006774902,0.0,5.125936031341553,nan,nan,nan,nan
atari_krull,/home/haselab/projects/stable-deep-world-model/logs/models/from_scratch_atari_krull_vta_3seed_to_400000_20260208_112207/atari_krull_seed0,/home/haselab/projects/stable-deep-world-model/logs/models/from_scratch_atari_krull_vta_3seed_to_400000_20260208_112207/atari_krull_seed0/checkpoints/step-000100000.pt,/home/haselab/projects/stable-deep-world-model/logs/models/from_scratch_atari_krull_vta_3seed_to_400000_20260208_112207/atari_krull_seed0/eval_eps/20260208T180330-44487f1ea8c44b5eaf22e05d1a89f711-1974.npz,615,635,0.0,5.518494511207203e-18,3.7625021934509277,4.561556339263916,0.0,4.929293632507324,nan,nan,nan,nan
atari_krull,/home/haselab/projects/stable-deep-world-model/logs/models/from_scratch_atari_krull_vta_3seed_to_400000_20260208_112207/atari_krull_seed0,/home/haselab/projects/stable-deep-world-model/logs/models/from_scratch_atari_krull_vta_3seed_to_400000_20260208_112207/atari_krull_seed0/checkpoints/step-000100000.pt,/home/haselab/projects/stable-deep-world-model/logs/models/from_scratch_atari_krull_vta_3seed_to_400000_20260208_112207/atari_krull_seed0/eval_eps/20260208T180330-44487f1ea8c44b5eaf22e05d1a89f711-1974.npz,620,640,0.0,5.472018127719992e-18,3.7220492362976074,4.4217681884765625,0.0,4.731126308441162,nan,nan,nan,nan
atari_krull,/home/haselab/projects/stable-deep-world-model/logs/models/from_scratch_atari_krull_vta_3seed_to_400000_20260208_112207/atari_krull_seed0,/home/haselab/projects/stable-deep-world-model/logs/models/from_scratch_atari_krull_vta_3seed_to_400000_20260208_112207/atari_krull_seed0/checkpoints/step-000100000.pt,/home/haselab/projects/stable-deep-world-model/logs/models/from_scratch_atari_krull_vta_3seed_to_400000_20260208_112207/atari_krull_seed0/eval_eps/20260208T180330-44487f1ea8c44b5eaf22e05d1a89f711-1974.npz,625,645,0.0,8.907322372709867e-18,3.715771198272705,4.587357997894287,0.0,4.876370429992676,nan,nan,nan,nan
atari_krull,/home/haselab/projects/stable-deep-world-model/logs/models/from_scratch_atari_krull_vta_3seed_to_400000_20260208_112207/atari_krull_seed0,/home/haselab/projects/stable-deep-world-model/logs/models/from_scratch_atari_krull_vta_3seed_to_400000_20260208_112207/atari_krull_seed0/checkpoints/step-000100000.pt,/home/haselab/projects/stable-deep-world-model/logs/models/from_scratch_atari_krull_vta_3seed_to_400000_20260208_112207/atari_krull_seed0/eval_eps/20260208T180330-44487f1ea8c44b5eaf22e05d1a89f711-1974.npz,630,650,0.0,2.9046284420655016e-16,3.7635300159454346,4.805542945861816,0.0,5.058926105499268,nan,nan,nan,nan
atari_krull,/home/haselab/projects/stable-deep-world-model/logs/models/from_scratch_atari_krull_vta_3seed_to_400000_20260208_112207/atari_krull_seed0,/home/haselab/projects/stable-deep-world-model/logs/models/from_scratch_atari_krull_vta_3seed_to_400000_20260208_112207/atari_krull_seed0/checkpoints/step-000100000.pt,/home/haselab/projects/stable-deep-world-model/logs/models/from_scratch_atari_krull_vta_3seed_to_400000_20260208_112207/atari_krull_seed0/eval_eps/20260208T180330-44487f1ea8c44b5eaf22e05d1a89f711-1974.npz,635,655,0.0,4.844992988789932e-16,3.7122693061828613,4.970756530761719,0.0,5.336319446563721,nan,nan,nan,nan
atari_krull,/home/haselab/projects/stable-deep-world-model/logs/models/from_scratch_atari_krull_vta_3seed_to_400000_20260208_112207/atari_krull_seed0,/home/haselab/projects/stable-deep-world-model/logs/models/from_scratch_atari_krull_vta_3seed_to_400000_20260208_112207/atari_krull_seed0/checkpoints/step-000100000.pt,/home/haselab/projects/stable-deep-world-model/logs/models/from_scratch_atari_krull_vta_3seed_to_400000_20260208_112207/atari_krull_seed0/eval_eps/20260208T180330-44487f1ea8c44b5eaf22e05d1a89f711-1974.npz,640,660,0.0,1.6251204830965344e-15,3.7106945514678955,4.992273807525635,0.0,5.423447608947754,nan,nan,nan,nan
atari_krull,/home/haselab/projects/stable-deep-world-model/logs/models/from_scratch_atari_krull_vta_3seed_to_400000_20260208_112207/atari_krull_seed0,/home/haselab/projects/stable-deep-world-model/logs/models/from_scratch_atari_krull_vta_3seed_to_400000_20260208_112207/atari_krull_seed0/checkpoints/step-000100000.pt,/home/haselab/projects/stable-deep-world-model/logs/models/from_scratch_atari_krull_vta_3seed_to_400000_20260208_112207/atari_krull_seed0/eval_eps/20260208T180330-44487f1ea8c44b5eaf22e05d1a89f711-1974.npz,645,665,0.0,1.6224333769504886e-15,3.649357557296753,4.8454179763793945,0.0,5.290209770202637,nan,nan,nan,nan
atari_krull,/home/haselab/projects/stable-deep-world-model/logs/models/from_scratch_atari_krull_vta_3seed_to_400000_20260208_112207/atari_krull_seed0,/home/haselab/projects/stable-deep-world-model/logs/models/from_scratch_atari_krull_vta_3seed_to_400000_20260208_112207/atari_krull_seed0/checkpoints/step-000100000.pt,/home/haselab/projects/stable-deep-world-model/logs/models/from_scratch_atari_krull_vta_3seed_to_400000_20260208_112207/atari_krull_seed0/eval_eps/20260208T180330-44487f1ea8c44b5eaf22e05d1a89f711-1974.npz,650,670,0.0,9.423947963682101e-15,3.5847103595733643,4.834898471832275,0.0,5.325757026672363,nan,nan,nan,nan
atari_krull,/home/haselab/projects/stable-deep-world-model/logs/models/from_scratch_atari_krull_vta_3seed_to_400000_20260208_112207/atari_krull_seed0,/home/haselab/projects/stable-deep-world-model/logs/models/from_scratch_atari_krull_vta_3seed_to_400000_20260208_112207/atari_krull_seed0/checkpoints/step-000100000.pt,/home/haselab/projects/stable-deep-world-model/logs/models/from_scratch_atari_krull_vta_3seed_to_400000_20260208_112207/atari_krull_seed0/eval_eps/20260208T180330-44487f1ea8c44b5eaf22e05d1a89f711-1974.npz,655,675,0.0,9.271923337341847e-15,3.5800070762634277,4.817465782165527,0.0,5.418576240539551,nan,nan,nan,nan
atari_krull,/home/haselab/projects/stable-deep-world-model/logs/models/from_scratch_atari_krull_vta_3seed_to_400000_20260208_112207/atari_krull_seed0,/home/haselab/projects/stable-deep-world-model/logs/models/from_scratch_atari_krull_vta_3seed_to_400000_20260208_112207/atari_krull_seed0/checkpoints/step-000100000.pt,/home/haselab/projects/stable-deep-world-model/logs/models/from_scratch_atari_krull_vta_3seed_to_400000_20260208_112207/atari_krull_seed0/eval_eps/20260208T180330-44487f1ea8c44b5eaf22e05d1a89f711-1974.npz,660,680,0.0,2.4450965340969133e-13,3.617319107055664,4.773318290710449,0.0,5.304070472717285,nan,nan,nan,nan
atari_krull,/home/haselab/projects/stable-deep-world-model/logs/models/from_scratch_atari_krull_vta_3seed_to_400000_20260208_112207/atari_krull_seed0,/home/haselab/projects/stable-deep-world-model/logs/models/from_scratch_atari_krull_vta_3seed_to_400000_20260208_112207/atari_krull_seed0/checkpoints/step-000100000.pt,/home/haselab/projects/stable-deep-world-model/logs/models/from_scratch_atari_krull_vta_3seed_to_400000_20260208_112207/atari_krull_seed0/eval_eps/20260208T180330-44487f1ea8c44b5eaf22e05d1a89f711-1974.npz,665,685,0.0,2.4778795551863575e-13,3.6767642498016357,4.7627997398376465,0.0,5.3225507736206055,nan,nan,nan,nan
atari_krull,/home/haselab/projects/stable-deep-world-model/logs/models/from_scratch_atari_krull_vta_3seed_to_400000_20260208_112207/atari_krull_seed0,/home/haselab/projects/stable-deep-world-model/logs/models/from_scratch_atari_krull_vta_3seed_to_400000_20260208_112207/atari_krull_seed0/checkpoints/step-000100000.pt,/home/haselab/projects/stable-deep-world-model/logs/models/from_scratch_atari_krull_vta_3seed_to_400000_20260208_112207/atari_krull_seed0/eval_eps/20260208T180330-44487f1ea8c44b5eaf22e05d1a89f711-1974.npz,670,690,0.0,2.3970132519493537e-13,3.6874053478240967,4.721947193145752,0.0,5.184061527252197,nan,nan,nan,nan
atari_krull,/home/haselab/projects/stable-deep-world-model/logs/models/from_scratch_atari_krull_vta_3seed_to_400000_20260208_112207/atari_krull_seed0,/home/haselab/projects/stable-deep-world-model/logs/models/from_scratch_atari_krull_vta_3seed_to_400000_20260208_112207/atari_krull_seed0/checkpoints/step-000100000.pt,/home/haselab/projects/stable-deep-world-model/logs/models/from_scratch_atari_krull_vta_3seed_to_400000_20260208_112207/atari_krull_seed0/eval_eps/20260208T180330-44487f1ea8c44b5eaf22e05d1a89f711-1974.npz,675,695,0.0,2.4017184183273976e-13,3.7443809509277344,4.790741920471191,0.0,5.140410423278809,nan,nan,nan,nan
atari_krull,/home/haselab/projects/stable-deep-world-model/logs/models/from_scratch_atari_krull_vta_3seed_to_400000_20260208_112207/atari_krull_seed0,/home/haselab/projects/stable-deep-world-model/logs/models/from_scratch_atari_krull_vta_3seed_to_400000_20260208_112207/atari_krull_seed0/checkpoints/step-000100000.pt,/home/haselab/projects/stable-deep-world-model/logs/models/from_scratch_atari_krull_vta_3seed_to_400000_20260208_112207/atari_krull_seed0/eval_eps/20260208T180330-44487f1ea8c44b5eaf22e05d1a89f711-1974.npz,680,700,0.1,0.10000000149011612,4.098114013671875,5.195839881896973,0.7993864417076111,5.558109760284424,7.187993049621582,7.175551414489746,7.9938645362854,7.4758195877075195
atari_krull,/home/haselab/projects/stable-deep-world-model/logs/models/from_scratch_atari_krull_vta_3seed_to_400000_20260208_112207/atari_krull_seed0,/home/haselab/projects/stable-deep-world-model/logs/models/from_scratch_atari_krull_vta_3seed_to_400000_20260208_112207/atari_krull_seed0/checkpoints/step-000100000.pt,/home/haselab/projects/stable-deep-world-model/logs/models/from_scratch_atari_krull_vta_3seed_to_400000_20260208_112207/atari_krull_seed0/eval_eps/20260208T180330-44487f1ea8c44b5eaf22e05d1a89f711-1974.npz,685,705,0.1,0.10000000149011612,4.179135322570801,5.441617012023926,0.7993864417076111,5.722163677215576,7.187993049621582,7.175551414489746,7.9938645362854,7.4758195877075195
atari_krull,/home/haselab/projects/stable-deep-world-model/logs/models/from_scratch_atari_krull_vta_3seed_to_400000_20260208_112207/atari_krull_seed0,/home/haselab/projects/stable-deep-world-model/logs/models/from_scratch_atari_krull_vta_3seed_to_400000_20260208_112207/atari_krull_seed0/checkpoints/step-000100000.pt,/home/haselab/projects/stable-deep-world-model/logs/models/from_scratch_atari_krull_vta_3seed_to_400000_20260208_112207/atari_krull_seed0/eval_eps/20260208T180330-44487f1ea8c44b5eaf22e05d1a89f711-1974.npz,690,710,0.1,0.10000000149011612,4.22933292388916,5.438143730163574,0.7993864417076111,5.707454204559326,7.187993049621582,7.175551414489746,7.9938645362854,7.4758195877075195
atari_krull,/home/haselab/projects/stable-deep-world-model/logs/models/from_scratch_atari_krull_vta_3seed_to_400000_20260208_112207/atari_krull_seed0,/home/haselab/projects/stable-deep-world-model/logs/models/from_scratch_atari_krull_vta_3seed_to_400000_20260208_112207/atari_krull_seed0/checkpoints/step-000100000.pt,/home/haselab/projects/stable-deep-world-model/logs/models/from_scratch_atari_krull_vta_3seed_to_400000_20260208_112207/atari_krull_seed0/eval_eps/20260208T180330-44487f1ea8c44b5eaf22e05d1a89f711-1974.npz,695,715,0.1,0.10000000149011612,4.236992835998535,5.409497261047363,0.7993864417076111,5.6038007736206055,7.187993049621582,7.175551414489746,7.9938645362854,7.4758195877075195
atari_krull,/home/haselab/projects/stable-deep-world-model/logs/models/from_scratch_atari_krull_vta_3seed_to_400000_20260208_112207/atari_krull_seed0,/home/haselab/projects/stable-deep-world-model/logs/models/from_scratch_atari_krull_vta_3seed_to_400000_20260208_112207/atari_krull_seed0/checkpoints/step-000100000.pt,/home/haselab/projects/stable-deep-world-model/logs/models/from_scratch_atari_krull_vta_3seed_to_400000_20260208_112207/atari_krull_seed0/eval_eps/20260208T180330-44487f1ea8c44b5eaf22e05d1a89f711-1974.npz,700,720,0.0,7.233972535575228e-12,3.836697816848755,5.141366004943848,0.0,5.309142112731934,nan,nan,nan,nan
atari_krull,/home/haselab/projects/stable-deep-world-model/logs/models/from_scratch_atari_krull_vta_3seed_to_400000_20260208_112207/atari_krull_seed0,/home/haselab/projects/stable-deep-world-model/logs/models/from_scratch_atari_krull_vta_3seed_to_400000_20260208_112207/atari_krull_seed0/checkpoints/step-000100000.pt,/home/haselab/projects/stable-deep-world-model/logs/models/from_scratch_atari_krull_vta_3seed_to_400000_20260208_112207/atari_krull_seed0/eval_eps/20260208T180330-44487f1ea8c44b5eaf22e05d1a89f711-1974.npz,705,725,0.0,7.233961259872634e-12,3.7797977924346924,5.020281791687012,0.0,5.179259777069092,nan,nan,nan,nan
atari_krull,/home/haselab/projects/stable-deep-world-model/logs/models/from_scratch_atari_krull_vta_3seed_to_400000_20260208_112207/atari_krull_seed0,/home/haselab/projects/stable-deep-world-model/logs/models/from_scratch_atari_krull_vta_3seed_to_400000_20260208_112207/atari_krull_seed0/checkpoints/step-000100000.pt,/home/haselab/projects/stable-deep-world-model/logs/models/from_scratch_atari_krull_vta_3seed_to_400000_20260208_112207/atari_krull_seed0/eval_eps/20260208T180330-44487f1ea8c44b5eaf22e05d1a89f711-1974.npz,710,730,0.0,2.0168818871957317e-12,3.8057398796081543,5.318236351013184,0.0,5.484941482543945,nan,nan,nan,nan
atari_krull,/home/haselab/projects/stable-deep-world-model/logs/models/from_scratch_atari_krull_vta_3seed_to_400000_20260208_112207/atari_krull_seed0,/home/haselab/projects/stable-deep-world-model/logs/models/from_scratch_atari_krull_vta_3seed_to_400000_20260208_112207/atari_krull_seed0/checkpoints/step-000100000.pt,/home/haselab/projects/stable-deep-world-model/logs/models/from_scratch_atari_krull_vta_3seed_to_400000_20260208_112207/atari_krull_seed0/eval_eps/20260208T180330-44487f1ea8c44b5eaf22e05d1a89f711-1974.npz,715,735,0.0,2.1315484100004056e-12,3.7726340293884277,5.485842227935791,0.0,5.671576499938965,nan,nan,nan,nan
atari_krull,/home/haselab/projects/stable-deep-world-model/logs/models/from_scratch_atari_krull_vta_3seed_to_400000_20260208_112207/atari_krull_seed0,/home/haselab/projects/stable-deep-world-model/logs/models/from_scratch_atari_krull_vta_3seed_to_400000_20260208_112207/atari_krull_seed0/checkpoints/step-000100000.pt,/home/haselab/projects/stable-deep-world-model/logs/models/from_scratch_atari_krull_vta_3seed_to_400000_20260208_112207/atari_krull_seed0/eval_eps/20260208T180330-44487f1ea8c44b5eaf22e05d1a89f711-1974.npz,720,740,0.0,1.1551328643610859e-10,3.780113935470581,5.377772331237793,0.0,5.5730299949646,nan,nan,nan,nan
atari_krull,/home/haselab/projects/stable-deep-world-model/logs/models/from_scratch_atari_krull_vta_3seed_to_400000_20260208_112207/atari_krull_seed0,/home/haselab/projects/stable-deep-world-model/logs/models/from_scratch_atari_krull_vta_3seed_to_400000_20260208_112207/atari_krull_seed0/checkpoints/step-000100000.pt,/home/haselab/projects/stable-deep-world-model/logs/models/from_scratch_atari_krull_vta_3seed_to_400000_20260208_112207/atari_krull_seed0/eval_eps/20260208T180330-44487f1ea8c44b5eaf22e05d1a89f711-1974.npz,725,745,0.0,1.1555436468801972e-10,3.695669651031494,5.367003917694092,0.0,5.60123348236084,nan,nan,nan,nan
atari_krull,/home/haselab/projects/stable-deep-world-model/logs/models/from_scratch_atari_krull_vta_3seed_to_400000_20260208_112207/atari_krull_seed0,/home/haselab/projects/stable-deep-world-model/logs/models/from_scratch_atari_krull_vta_3seed_to_400000_20260208_112207/atari_krull_seed0/checkpoints/step-000100000.pt,/home/haselab/projects/stable-deep-world-model/logs/models/from_scratch_atari_krull_vta_3seed_to_400000_20260208_112207/atari_krull_seed0/eval_eps/20260208T180330-44487f1ea8c44b5eaf22e05d1a89f711-1974.npz,730,750,0.0,1.136624544484377e-10,3.677299976348877,5.192014217376709,0.0,5.430048942565918,nan,nan,nan,nan
atari_krull,/home/haselab/projects/stable-deep-world-model/logs/models/from_scratch_atari_krull_vta_3seed_to_400000_20260208_112207/atari_krull_seed0,/home/haselab/projects/stable-deep-world-model/logs/models/from_scratch_atari_krull_vta_3seed_to_400000_20260208_112207/atari_krull_seed0/checkpoints/step-000100000.pt,/home/haselab/projects/stable-deep-world-model/logs/models/from_scratch_atari_krull_vta_3seed_to_400000_20260208_112207/atari_krull_seed0/eval_eps/20260208T180330-44487f1ea8c44b5eaf22e05d1a89f711-1974.npz,735,755,0.0,1.1342362465915912e-10,3.6601173877716064,5.03043270111084,0.0,5.294102668762207,nan,nan,nan,nan
atari_krull,/home/haselab/projects/stable-deep-world-model/logs/models/from_scratch_atari_krull_vta_3seed_to_400000_20260208_112207/atari_krull_seed0,/home/haselab/projects/stable-deep-world-model/logs/models/from_scratch_atari_krull_vta_3seed_to_400000_20260208_112207/atari_krull_seed0/checkpoints/step-000100000.pt,/home/haselab/projects/stable-deep-world-model/logs/models/from_scratch_atari_krull_vta_3seed_to_400000_20260208_112207/atari_krull_seed0/eval_eps/20260208T180330-44487f1ea8c44b5eaf22e05d1a89f711-1974.npz,740,760,0.0,3.066259269060567e-13,3.701716661453247,5.111705303192139,0.0,5.4596028327941895,nan,nan,nan,nan
atari_krull,/home/haselab/projects/stable-deep-world-model/logs/models/from_scratch_atari_krull_vta_3seed_to_400000_20260208_112207/atari_krull_seed0,/home/haselab/projects/stable-deep-world-model/logs/models/from_scratch_atari_krull_vta_3seed_to_400000_20260208_112207/atari_krull_seed0/checkpoints/step-000100000.pt,/home/haselab/projects/stable-deep-world-model/logs/models/from_scratch_atari_krull_vta_3seed_to_400000_20260208_112207/atari_krull_seed0/eval_eps/20260208T180330-44487f1ea8c44b5eaf22e05d1a89f711-1974.npz,745,765,0.0,2.7054682279203934e-13,3.7224197387695312,5.059668064117432,0.0,5.3915324211120605,nan,nan,nan,nan
atari_krull,/home/haselab/projects/stable-deep-world-model/logs/models/from_scratch_atari_krull_vta_3seed_to_400000_20260208_112207/atari_krull_seed0,/home/haselab/projects/stable-deep-world-model/logs/models/from_scratch_atari_krull_vta_3seed_to_400000_20260208_112207/atari_krull_seed0/checkpoints/step-000100000.pt,/home/haselab/projects/stable-deep-world-model/logs/models/from_scratch_atari_krull_vta_3seed_to_400000_20260208_112207/atari_krull_seed0/eval_eps/20260208T180330-44487f1ea8c44b5eaf22e05d1a89f711-1974.npz,750,770,0.0,2.820405313377211e-13,3.6468167304992676,4.949570178985596,0.0,5.3193182945251465,nan,nan,nan,nan
atari_krull,/home/haselab/projects/stable-deep-world-model/logs/models/from_scratch_atari_krull_vta_3seed_to_400000_20260208_112207/atari_krull_seed0,/home/haselab/projects/stable-deep-world-model/logs/models/from_scratch_atari_krull_vta_3seed_to_400000_20260208_112207/atari_krull_seed0/checkpoints/step-000100000.pt,/home/haselab/projects/stable-deep-world-model/logs/models/from_scratch_atari_krull_vta_3seed_to_400000_20260208_112207/atari_krull_seed0/eval_eps/20260208T180330-44487f1ea8c44b5eaf22e05d1a89f711-1974.npz,755,775,0.0,2.834357911134927e-13,3.678644895553589,5.200437545776367,0.0,5.684932231903076,nan,nan,nan,nan
atari_krull,/home/haselab/projects/stable-deep-world-model/logs/models/from_scratch_atari_krull_vta_3seed_to_400000_20260208_112207/atari_krull_seed0,/home/haselab/projects/stable-deep-world-model/logs/models/from_scratch_atari_krull_vta_3seed_to_400000_20260208_112207/atari_krull_seed0/checkpoints/step-000100000.pt,/home/haselab/projects/stable-deep-world-model/logs/models/from_scratch_atari_krull_vta_3seed_to_400000_20260208_112207/atari_krull_seed0/eval_eps/20260208T180330-44487f1ea8c44b5eaf22e05d1a89f711-1974.npz,760,780,0.0,1.914265661674512e-14,3.6089038848876953,5.134881019592285,0.0,5.52833890914917,nan,nan,nan,nan
atari_krull,/home/haselab/projects/stable-deep-world-model/logs/models/from_scratch_atari_krull_vta_3seed_to_400000_20260208_112207/atari_krull_seed0,/home/haselab/projects/stable-deep-world-model/logs/models/from_scratch_atari_krull_vta_3seed_to_400000_20260208_112207/atari_krull_seed0/checkpoints/step-000100000.pt,/home/haselab/projects/stable-deep-world-model/logs/models/from_scratch_atari_krull_vta_3seed_to_400000_20260208_112207/atari_krull_seed0/eval_eps/20260208T180330-44487f1ea8c44b5eaf22e05d1a89f711-1974.npz,765,785,0.0,2.220935634293826e-14,3.6553902626037598,5.28635311126709,0.0,5.725912094116211,nan,nan,nan,nan
atari_krull,/home/haselab/projects/stable-deep-world-model/logs/models/from_scratch_atari_krull_vta_3seed_to_400000_20260208_112207/atari_krull_seed0,/home/haselab/projects/stable-deep-world-model/logs/models/from_scratch_atari_krull_vta_3seed_to_400000_20260208_112207/atari_krull_seed0/checkpoints/step-000100000.pt,/home/haselab/projects/stable-deep-world-model/logs/models/from_scratch_atari_krull_vta_3seed_to_400000_20260208_112207/atari_krull_seed0/eval_eps/20260208T180330-44487f1ea8c44b5eaf22e05d1a89f711-1974.npz,770,790,0.0,5.363221802431872e-13,3.6197171211242676,5.417333126068115,0.0,5.954746723175049,nan,nan,nan,nan
atari_krull,/home/haselab/projects/stable-deep-world-model/logs/models/from_scratch_atari_krull_vta_3seed_to_400000_20260208_112207/atari_krull_seed0,/home/haselab/projects/stable-deep-world-model/logs/models/from_scratch_atari_krull_vta_3seed_to_400000_20260208_112207/atari_krull_seed0/checkpoints/step-000100000.pt,/home/haselab/projects/stable-deep-world-model/logs/models/from_scratch_atari_krull_vta_3seed_to_400000_20260208_112207/atari_krull_seed0/eval_eps/20260208T180330-44487f1ea8c44b5eaf22e05d1a89f711-1974.npz,775,795,0.0,5.343378734271043e-13,3.639604091644287,5.349139213562012,0.0,5.78156042098999,nan,nan,nan,nan
atari_krull,/home/haselab/projects/stable-deep-world-model/logs/models/from_scratch_atari_krull_vta_3seed_to_400000_20260208_112207/atari_krull_seed0,/home/haselab/projects/stable-deep-world-model/logs/models/from_scratch_atari_krull_vta_3seed_to_400000_20260208_112207/atari_krull_seed0/checkpoints/step-000100000.pt,/home/haselab/projects/stable-deep-world-model/logs/models/from_scratch_atari_krull_vta_3seed_to_400000_20260208_112207/atari_krull_seed0/eval_eps/20260208T180330-44487f1ea8c44b5eaf22e05d1a89f711-1974.npz,780,800,0.0,5.338859237515037e-13,3.7720184326171875,5.512144565582275,0.0,5.932642936706543,nan,nan,nan,nan
atari_krull,/home/haselab/projects/stable-deep-world-model/logs/models/from_scratch_atari_krull_vta_3seed_to_400000_20260208_112207/atari_krull_seed0,/home/haselab/projects/stable-deep-world-model/logs/models/from_scratch_atari_krull_vta_3seed_to_400000_20260208_112207/atari_krull_seed0/checkpoints/step-000100000.pt,/home/haselab/projects/stable-deep-world-model/logs/models/from_scratch_atari_krull_vta_3seed_to_400000_20260208_112207/atari_krull_seed0/eval_eps/20260208T180330-44487f1ea8c44b5eaf22e05d1a89f711-1974.npz,785,805,0.0,5.258234169261411e-13,3.732996702194214,5.383934497833252,0.0,5.785136699676514,nan,nan,nan,nan
atari_krull,/home/haselab/projects/stable-deep-world-model/logs/models/from_scratch_atari_krull_vta_3seed_to_400000_20260208_112207/atari_krull_seed0,/home/haselab/projects/stable-deep-world-model/logs/models/from_scratch_atari_krull_vta_3seed_to_400000_20260208_112207/atari_krull_seed0/checkpoints/step-000100000.pt,/home/haselab/projects/stable-deep-world-model/logs/models/from_scratch_atari_krull_vta_3seed_to_400000_20260208_112207/atari_krull_seed0/eval_eps/20260208T180330-44487f1ea8c44b5eaf22e05d1a89f711-1974.npz,790,810,0.0,2.6676398466102995e-15,3.798495054244995,5.420485019683838,0.0,5.64431095123291,nan,nan,nan,nan
atari_krull,/home/haselab/projects/stable-deep-world-model/logs/models/from_scratch_atari_krull_vta_3seed_to_400000_20260208_112207/atari_krull_seed0,/home/haselab/projects/stable-deep-world-model/logs/models/from_scratch_atari_krull_vta_3seed_to_400000_20260208_112207/atari_krull_seed0/checkpoints/step-000100000.pt,/home/haselab/projects/stable-deep-world-model/logs/models/from_scratch_atari_krull_vta_3seed_to_400000_20260208_112207/atari_krull_seed0/eval_eps/20260208T180330-44487f1ea8c44b5eaf22e05d1a89f711-1974.npz,795,815,0.0,1.2443298548123725e-14,3.6722323894500732,5.208517074584961,0.0,5.442723751068115,nan,nan,nan,nan
atari_krull,/home/haselab/projects/stable-deep-world-model/logs/models/from_scratch_atari_krull_vta_3seed_to_400000_20260208_112207/atari_krull_seed0,/home/haselab/projects/stable-deep-world-model/logs/models/from_scratch_atari_krull_vta_3seed_to_400000_20260208_112207/atari_krull_seed0/checkpoints/step-000100000.pt,/home/haselab/projects/stable-deep-world-model/logs/models/from_scratch_atari_krull_vta_3seed_to_400000_20260208_112207/atari_krull_seed0/eval_eps/20260208T180330-44487f1ea8c44b5eaf22e05d1a89f711-1974.npz,800,820,0.0,2.130578225238884e-14,3.578763961791992,5.106105804443359,0.0,5.4162492752075195,nan,nan,nan,nan
atari_krull,/home/haselab/projects/stable-deep-world-model/logs/models/from_scratch_atari_krull_vta_3seed_to_400000_20260208_112207/atari_krull_seed0,/home/haselab/projects/stable-deep-world-model/logs/models/from_scratch_atari_krull_vta_3seed_to_400000_20260208_112207/atari_krull_seed0/checkpoints/step-000100000.pt,/home/haselab/projects/stable-deep-world-model/logs/models/from_scratch_atari_krull_vta_3seed_to_400000_20260208_112207/atari_krull_seed0/eval_eps/20260208T180330-44487f1ea8c44b5eaf22e05d1a89f711-1974.npz,805,825,0.0,5.610803488487193e-11,3.678845167160034,5.150899410247803,0.0,5.466191291809082,nan,nan,nan,nan
atari_krull,/home/haselab/projects/stable-deep-world-model/logs/models/from_scratch_atari_krull_vta_3seed_to_400000_20260208_112207/atari_krull_seed0,/home/haselab/projects/stable-deep-world-model/logs/models/from_scratch_atari_krull_vta_3seed_to_400000_20260208_112207/atari_krull_seed0/checkpoints/step-000100000.pt,/home/haselab/projects/stable-deep-world-model/logs/models/from_scratch_atari_krull_vta_3seed_to_400000_20260208_112207/atari_krull_seed0/eval_eps/20260208T180330-44487f1ea8c44b5eaf22e05d1a89f711-1974.npz,810,830,0.0,5.840759820241459e-11,3.6636314392089844,4.860019207000732,0.0,5.330794334411621,nan,nan,nan,nan
atari_krull,/home/haselab/projects/stable-deep-world-model/logs/models/from_scratch_atari_krull_vta_3seed_to_400000_20260208_112207/atari_krull_seed0,/home/haselab/projects/stable-deep-world-model/logs/models/from_scratch_atari_krull_vta_3seed_to_400000_20260208_112207/atari_krull_seed0/checkpoints/step-000100000.pt,/home/haselab/projects/stable-deep-world-model/logs/models/from_scratch_atari_krull_vta_3seed_to_400000_20260208_112207/atari_krull_seed0/eval_eps/20260208T180330-44487f1ea8c44b5eaf22e05d1a89f711-1974.npz,815,835,0.0,6.38067446101509e-11,3.7549889087677,5.04520845413208,0.0,5.538261890411377,nan,nan,nan,nan
atari_krull,/home/haselab/projects/stable-deep-world-model/logs/models/from_scratch_atari_krull_vta_3seed_to_400000_20260208_112207/atari_krull_seed0,/home/haselab/projects/stable-deep-world-model/logs/models/from_scratch_atari_krull_vta_3seed_to_400000_20260208_112207/atari_krull_seed0/checkpoints/step-000100000.pt,/home/haselab/projects/stable-deep-world-model/logs/models/from_scratch_atari_krull_vta_3seed_to_400000_20260208_112207/atari_krull_seed0/eval_eps/20260208T180330-44487f1ea8c44b5eaf22e05d1a89f711-1974.npz,820,840,0.0,6.386419865167525e-11,3.718773603439331,5.097060680389404,0.0,5.60851526260376,nan,nan,nan,nan
atari_krull,/home/haselab/projects/stable-deep-world-model/logs/models/from_scratch_atari_krull_vta_3seed_to_400000_20260208_112207/atari_krull_seed0,/home/haselab/projects/stable-deep-world-model/logs/models/from_scratch_atari_krull_vta_3seed_to_400000_20260208_112207/atari_krull_seed0/checkpoints/step-000100000.pt,/home/haselab/projects/stable-deep-world-model/logs/models/from_scratch_atari_krull_vta_3seed_to_400000_20260208_112207/atari_krull_seed0/eval_eps/20260208T180330-44487f1ea8c44b5eaf22e05d1a89f711-1974.npz,825,845,0.0,7.778258072355104e-12,3.66237211227417,4.960793972015381,0.0,5.3818135261535645,nan,nan,nan,nan
atari_krull,/home/haselab/projects/stable-deep-world-model/logs/models/from_scratch_atari_krull_vta_3seed_to_400000_20260208_112207/atari_krull_seed0,/home/haselab/projects/stable-deep-world-model/logs/models/from_scratch_atari_krull_vta_3seed_to_400000_20260208_112207/atari_krull_seed0/checkpoints/step-000100000.pt,/home/haselab/projects/stable-deep-world-model/logs/models/from_scratch_atari_krull_vta_3seed_to_400000_20260208_112207/atari_krull_seed0/eval_eps/20260208T180330-44487f1ea8c44b5eaf22e05d1a89f711-1974.npz,830,850,0.0,5.4770020983807566e-12,3.72587251663208,5.12730073928833,0.0,5.5956244468688965,nan,nan,nan,nan
atari_krull,/home/haselab/projects/stable-deep-world-model/logs/models/from_scratch_atari_krull_vta_3seed_to_400000_20260208_112207/atari_krull_seed0,/home/haselab/projects/stable-deep-world-model/logs/models/from_scratch_atari_krull_vta_3seed_to_400000_20260208_112207/atari_krull_seed0/checkpoints/step-000100000.pt,/home/haselab/projects/stable-deep-world-model/logs/models/from_scratch_atari_krull_vta_3seed_to_400000_20260208_112207/atari_krull_seed0/eval_eps/20260208T180330-44487f1ea8c44b5eaf22e05d1a89f711-1974.npz,835,855,0.0,7.140082524791785e-14,3.653691053390503,4.835761070251465,0.0,5.286280632019043,nan,nan,nan,nan
atari_krull,/home/haselab/projects/stable-deep-world-model/logs/models/from_scratch_atari_krull_vta_3seed_to_400000_20260208_112207/atari_krull_seed0,/home/haselab/projects/stable-deep-world-model/logs/models/from_scratch_atari_krull_vta_3seed_to_400000_20260208_112207/atari_krull_seed0/checkpoints/step-000100000.pt,/home/haselab/projects/stable-deep-world-model/logs/models/from_scratch_atari_krull_vta_3seed_to_400000_20260208_112207/atari_krull_seed0/eval_eps/20260208T180330-44487f1ea8c44b5eaf22e05d1a89f711-1974.npz,840,860,0.0,5.283500992671417e-15,3.666194200515747,4.6501078605651855,0.0,5.039726734161377,nan,nan,nan,nan
atari_krull,/home/haselab/projects/stable-deep-world-model/logs/models/from_scratch_atari_krull_vta_3seed_to_400000_20260208_112207/atari_krull_seed0,/home/haselab/projects/stable-deep-world-model/logs/models/from_scratch_atari_krull_vta_3seed_to_400000_20260208_112207/atari_krull_seed0/checkpoints/step-000100000.pt,/home/haselab/projects/stable-deep-world-model/logs/models/from_scratch_atari_krull_vta_3seed_to_400000_20260208_112207/atari_krull_seed0/eval_eps/20260208T180330-44487f1ea8c44b5eaf22e05d1a89f711-1974.npz,845,865,0.0,3.2698106375295133e-13,3.6212124824523926,4.791344165802002,0.0,5.3105316162109375,nan,nan,nan,nan
atari_krull,/home/haselab/projects/stable-deep-world-model/logs/models/from_scratch_atari_krull_vta_3seed_to_400000_20260208_112207/atari_krull_seed0,/home/haselab/projects/stable-deep-world-model/logs/models/from_scratch_atari_krull_vta_3seed_to_400000_20260208_112207/atari_krull_seed0/checkpoints/step-000100000.pt,/home/haselab/projects/stable-deep-world-model/logs/models/from_scratch_atari_krull_vta_3seed_to_400000_20260208_112207/atari_krull_seed0/eval_eps/20260208T180330-44487f1ea8c44b5eaf22e05d1a89f711-1974.npz,850,870,0.0,1.832494659487205e-12,3.588045835494995,4.972650051116943,0.0,5.394167900085449,nan,nan,nan,nan
atari_krull,/home/haselab/projects/stable-deep-world-model/logs/models/from_scratch_atari_krull_vta_3seed_to_400000_20260208_112207/atari_krull_seed0,/home/haselab/projects/stable-deep-world-model/logs/models/from_scratch_atari_krull_vta_3seed_to_400000_20260208_112207/atari_krull_seed0/checkpoints/step-000100000.pt,/home/haselab/projects/stable-deep-world-model/logs/models/from_scratch_atari_krull_vta_3seed_to_400000_20260208_112207/atari_krull_seed0/eval_eps/20260208T180330-44487f1ea8c44b5eaf22e05d1a89f711-1974.npz,855,875,0.0,1.9002601141931974e-12,3.6444039344787598,5.081776142120361,0.0,5.530520439147949,nan,nan,nan,nan
atari_krull,/home/haselab/projects/stable-deep-world-model/logs/models/from_scratch_atari_krull_vta_3seed_to_400000_20260208_112207/atari_krull_seed0,/home/haselab/projects/stable-deep-world-model/logs/models/from_scratch_atari_krull_vta_3seed_to_400000_20260208_112207/atari_krull_seed0/checkpoints/step-000100000.pt,/home/haselab/projects/stable-deep-world-model/logs/models/from_scratch_atari_krull_vta_3seed_to_400000_20260208_112207/atari_krull_seed0/eval_eps/20260208T180330-44487f1ea8c44b5eaf22e05d1a89f711-1974.npz,860,880,0.0,1.9000812208347373e-12,3.700993061065674,5.122265815734863,0.0,5.611451148986816,nan,nan,nan,nan
atari_krull,/home/haselab/projects/stable-deep-world-model/logs/models/from_scratch_atari_krull_vta_3seed_to_400000_20260208_112207/atari_krull_seed0,/home/haselab/projects/stable-deep-world-model/logs/models/from_scratch_atari_krull_vta_3seed_to_400000_20260208_112207/atari_krull_seed0/checkpoints/step-000100000.pt,/home/haselab/projects/stable-deep-world-model/logs/models/from_scratch_atari_krull_vta_3seed_to_400000_20260208_112207/atari_krull_seed0/eval_eps/20260208T180330-44487f1ea8c44b5eaf22e05d1a89f711-1974.npz,865,885,0.0,1.5795483410824263e-12,3.698211669921875,4.8471198081970215,0.0,5.293338298797607,nan,nan,nan,nan
atari_krull,/home/haselab/projects/stable-deep-world-model/logs/models/from_scratch_atari_krull_vta_3seed_to_400000_20260208_112207/atari_krull_seed0,/home/haselab/projects/stable-deep-world-model/logs/models/from_scratch_atari_krull_vta_3seed_to_400000_20260208_112207/atari_krull_seed0/checkpoints/step-000100000.pt,/home/haselab/projects/stable-deep-world-model/logs/models/from_scratch_atari_krull_vta_3seed_to_400000_20260208_112207/atari_krull_seed0/eval_eps/20260208T180330-44487f1ea8c44b5eaf22e05d1a89f711-1974.npz,870,890,0.0,8.493698095118213e-14,3.678408145904541,4.649886131286621,0.0,5.112359523773193,nan,nan,nan,nan
atari_krull,/home/haselab/projects/stable-deep-world-model/logs/models/from_scratch_atari_krull_vta_3seed_to_400000_20260208_112207/atari_krull_seed0,/home/haselab/projects/stable-deep-world-model/logs/models/from_scratch_atari_krull_vta_3seed_to_400000_20260208_112207/atari_krull_seed0/checkpoints/step-000100000.pt,/home/haselab/projects/stable-deep-world-model/logs/models/from_scratch_atari_krull_vta_3seed_to_400000_20260208_112207/atari_krull_seed0/eval_eps/20260208T180330-44487f1ea8c44b5eaf22e05d1a89f711-1974.npz,875,895,0.0,1.2970864887804773e-13,3.7026736736297607,4.799421787261963,0.0,5.187466621398926,nan,nan,nan,nan
atari_krull,/home/haselab/projects/stable-deep-world-model/logs/models/from_scratch_atari_krull_vta_3seed_to_400000_20260208_112207/atari_krull_seed0,/home/haselab/projects/stable-deep-world-model/logs/models/from_scratch_atari_krull_vta_3seed_to_400000_20260208_112207/atari_krull_seed0/checkpoints/step-000100000.pt,/home/haselab/projects/stable-deep-world-model/logs/models/from_scratch_atari_krull_vta_3seed_to_400000_20260208_112207/atari_krull_seed0/eval_eps/20260208T180330-44487f1ea8c44b5eaf22e05d1a89f711-1974.npz,880,900,0.0,1.3024658933845357e-13,3.717611789703369,4.915318965911865,0.0,5.3690996170043945,nan,nan,nan,nan
atari_krull,/home/haselab/projects/stable-deep-world-model/logs/models/from_scratch_atari_krull_vta_3seed_to_400000_20260208_112207/atari_krull_seed0,/home/haselab/projects/stable-deep-world-model/logs/models/from_scratch_atari_krull_vta_3seed_to_400000_20260208_112207/atari_krull_seed0/checkpoints/step-000100000.pt,/home/haselab/projects/stable-deep-world-model/logs/models/from_scratch_atari_krull_vta_3seed_to_400000_20260208_112207/atari_krull_seed0/eval_eps/20260208T180330-44487f1ea8c44b5eaf22e05d1a89f711-1974.npz,885,905,0.0,1.294942207933844e-13,3.801522731781006,5.038643836975098,0.0,5.517664909362793,nan,nan,nan,nan
atari_krull,/home/haselab/projects/stable-deep-world-model/logs/models/from_scratch_atari_krull_vta_3seed_to_400000_20260208_112207/atari_krull_seed0,/home/haselab/projects/stable-deep-world-model/logs/models/from_scratch_atari_krull_vta_3seed_to_400000_20260208_112207/atari_krull_seed0/checkpoints/step-000100000.pt,/home/haselab/projects/stable-deep-world-model/logs/models/from_scratch_atari_krull_vta_3seed_to_400000_20260208_112207/atari_krull_seed0/eval_eps/20260208T180330-44487f1ea8c44b5eaf22e05d1a89f711-1974.npz,890,910,0.0,2.5564169921568625e-13,3.7613539695739746,4.905357360839844,0.0,5.336402416229248,nan,nan,nan,nan
atari_krull,/home/haselab/projects/stable-deep-world-model/logs/models/from_scratch_atari_krull_vta_3seed_to_400000_20260208_112207/atari_krull_seed0,/home/haselab/projects/stable-deep-world-model/logs/models/from_scratch_atari_krull_vta_3seed_to_400000_20260208_112207/atari_krull_seed0/checkpoints/step-000100000.pt,/home/haselab/projects/stable-deep-world-model/logs/models/from_scratch_atari_krull_vta_3seed_to_400000_20260208_112207/atari_krull_seed0/eval_eps/20260208T180330-44487f1ea8c44b5eaf22e05d1a89f711-1974.npz,895,915,0.0,2.615499136715549e-11,3.7325611114501953,4.850569248199463,0.0,5.243345260620117,nan,nan,nan,nan
atari_krull,/home/haselab/projects/stable-deep-world-model/logs/models/from_scratch_atari_krull_vta_3seed_to_400000_20260208_112207/atari_krull_seed0,/home/haselab/projects/stable-deep-world-model/logs/models/from_scratch_atari_krull_vta_3seed_to_400000_20260208_112207/atari_krull_seed0/checkpoints/step-000100000.pt,/home/haselab/projects/stable-deep-world-model/logs/models/from_scratch_atari_krull_vta_3seed_to_400000_20260208_112207/atari_krull_seed0/eval_eps/20260208T180330-44487f1ea8c44b5eaf22e05d1a89f711-1974.npz,900,920,0.0,6.891801018760191e-11,3.7804932594299316,4.948809623718262,0.0,5.226946830749512,nan,nan,nan,nan
atari_krull,/home/haselab/projects/stable-deep-world-model/logs/models/from_scratch_atari_krull_vta_3seed_to_400000_20260208_112207/atari_krull_seed0,/home/haselab/projects/stable-deep-world-model/logs/models/from_scratch_atari_krull_vta_3seed_to_400000_20260208_112207/atari_krull_seed0/checkpoints/step-000100000.pt,/home/haselab/projects/stable-deep-world-model/logs/models/from_scratch_atari_krull_vta_3seed_to_400000_20260208_112207/atari_krull_seed0/eval_eps/20260208T180330-44487f1ea8c44b5eaf22e05d1a89f711-1974.npz,905,925,0.0,6.89206539061793e-11,3.7641894817352295,4.97300910949707,0.0,5.165896415710449,nan,nan,nan,nan
atari_krull,/home/haselab/projects/stable-deep-world-model/logs/models/from_scratch_atari_krull_vta_3seed_to_400000_20260208_112207/atari_krull_seed0,/home/haselab/projects/stable-deep-world-model/logs/models/from_scratch_atari_krull_vta_3seed_to_400000_20260208_112207/atari_krull_seed0/checkpoints/step-000100000.pt,/home/haselab/projects/stable-deep-world-model/logs/models/from_scratch_atari_krull_vta_3seed_to_400000_20260208_112207/atari_krull_seed0/eval_eps/20260208T180330-44487f1ea8c44b5eaf22e05d1a89f711-1974.npz,910,930,0.0,6.878274338983914e-11,3.826406478881836,5.145013809204102,0.0,5.364151954650879,nan,nan,nan,nan
atari_krull,/home/haselab/projects/stable-deep-world-model/logs/models/from_scratch_atari_krull_vta_3seed_to_400000_20260208_112207/atari_krull_seed0,/home/haselab/projects/stable-deep-world-model/logs/models/from_scratch_atari_krull_vta_3seed_to_400000_20260208_112207/atari_krull_seed0/checkpoints/step-000100000.pt,/home/haselab/projects/stable-deep-world-model/logs/models/from_scratch_atari_krull_vta_3seed_to_400000_20260208_112207/atari_krull_seed0/eval_eps/20260208T180330-44487f1ea8c44b5eaf22e05d1a89f711-1974.npz,915,935,0.0,4.309163442739461e-11,3.776202440261841,5.067830562591553,0.0,5.349438667297363,nan,nan,nan,nan
atari_krull,/home/haselab/projects/stable-deep-world-model/logs/models/from_scratch_atari_krull_vta_3seed_to_400000_20260208_112207/atari_krull_seed0,/home/haselab/projects/stable-deep-world-model/logs/models/from_scratch_atari_krull_vta_3seed_to_400000_20260208_112207/atari_krull_seed0/checkpoints/step-000100000.pt,/home/haselab/projects/stable-deep-world-model/logs/models/from_scratch_atari_krull_vta_3seed_to_400000_20260208_112207/atari_krull_seed0/eval_eps/20260208T180330-44487f1ea8c44b5eaf22e05d1a89f711-1974.npz,920,940,0.0,3.2805458653403785e-13,3.7370765209198,5.181640625,0.0,5.516340255737305,nan,nan,nan,nan
atari_krull,/home/haselab/projects/stable-deep-world-model/logs/models/from_scratch_atari_krull_vta_3seed_to_400000_20260208_112207/atari_krull_seed0,/home/haselab/projects/stable-deep-world-model/logs/models/from_scratch_atari_krull_vta_3seed_to_400000_20260208_112207/atari_krull_seed0/checkpoints/step-000100000.pt,/home/haselab/projects/stable-deep-world-model/logs/models/from_scratch_atari_krull_vta_3seed_to_400000_20260208_112207/atari_krull_seed0/eval_eps/20260208T180330-44487f1ea8c44b5eaf22e05d1a89f711-1974.npz,925,945,0.0,3.3743046876609506e-13,3.758760452270508,5.406680107116699,0.0,5.8254194259643555,nan,nan,nan,nan
atari_krull,/home/haselab/projects/stable-deep-world-model/logs/models/from_scratch_atari_krull_vta_3seed_to_400000_20260208_112207/atari_krull_seed0,/home/haselab/projects/stable-deep-world-model/logs/models/from_scratch_atari_krull_vta_3seed_to_400000_20260208_112207/atari_krull_seed0/checkpoints/step-000100000.pt,/home/haselab/projects/stable-deep-world-model/logs/models/from_scratch_atari_krull_vta_3seed_to_400000_20260208_112207/atari_krull_seed0/eval_eps/20260208T180330-44487f1ea8c44b5eaf22e05d1a89f711-1974.npz,930,950,0.0,3.03546315687242e-12,3.7779548168182373,5.486688613891602,0.0,5.925294876098633,nan,nan,nan,nan
atari_krull,/home/haselab/projects/stable-deep-world-model/logs/models/from_scratch_atari_krull_vta_3seed_to_400000_20260208_112207/atari_krull_seed0,/home/haselab/projects/stable-deep-world-model/logs/models/from_scratch_atari_krull_vta_3seed_to_400000_20260208_112207/atari_krull_seed0/checkpoints/step-000100000.pt,/home/haselab/projects/stable-deep-world-model/logs/models/from_scratch_atari_krull_vta_3seed_to_400000_20260208_112207/atari_krull_seed0/eval_eps/20260208T180330-44487f1ea8c44b5eaf22e05d1a89f711-1974.npz,935,955,0.0,2.7122342999980065e-12,3.8766989707946777,5.508994102478027,0.0,5.98727560043335,nan,nan,nan,nan
atari_krull,/home/haselab/projects/stable-deep-world-model/logs/models/from_scratch_atari_krull_vta_3seed_to_400000_20260208_112207/atari_krull_seed0,/home/haselab/projects/stable-deep-world-model/logs/models/from_scratch_atari_krull_vta_3seed_to_400000_20260208_112207/atari_krull_seed0/checkpoints/step-000100000.pt,/home/haselab/projects/stable-deep-world-model/logs/models/from_scratch_atari_krull_vta_3seed_to_400000_20260208_112207/atari_krull_seed0/eval_eps/20260208T180330-44487f1ea8c44b5eaf22e05d1a89f711-1974.npz,940,960,0.0,2.713159341291571e-12,3.851469039916992,5.332391262054443,0.0,5.764937877655029,nan,nan,nan,nan
atari_krull,/home/haselab/projects/stable-deep-world-model/logs/models/from_scratch_atari_krull_vta_3seed_to_400000_20260208_112207/atari_krull_seed0,/home/haselab/projects/stable-deep-world-model/logs/models/from_scratch_atari_krull_vta_3seed_to_400000_20260208_112207/atari_krull_seed0/checkpoints/step-000100000.pt,/home/haselab/projects/stable-deep-world-model/logs/models/from_scratch_atari_krull_vta_3seed_to_400000_20260208_112207/atari_krull_seed0/eval_eps/20260208T180330-44487f1ea8c44b5eaf22e05d1a89f711-1974.npz,945,965,0.0,2.7003846207740434e-12,3.8505382537841797,5.187498092651367,0.0,5.586418151855469,nan,nan,nan,nan
atari_krull,/home/haselab/projects/stable-deep-world-model/logs/models/from_scratch_atari_krull_vta_3seed_to_400000_20260208_112207/atari_krull_seed0,/home/haselab/projects/stable-deep-world-model/logs/models/from_scratch_atari_krull_vta_3seed_to_400000_20260208_112207/atari_krull_seed0/checkpoints/step-000100000.pt,/home/haselab/projects/stable-deep-world-model/logs/models/from_scratch_atari_krull_vta_3seed_to_400000_20260208_112207/atari_krull_seed0/eval_eps/20260208T180330-44487f1ea8c44b5eaf22e05d1a89f711-1974.npz,950,970,0.0,2.2352629848383957e-15,3.8705363273620605,5.250435829162598,0.0,5.6450347900390625,nan,nan,nan,nan
atari_krull,/home/haselab/projects/stable-deep-world-model/logs/models/from_scratch_atari_krull_vta_3seed_to_400000_20260208_112207/atari_krull_seed0,/home/haselab/projects/stable-deep-world-model/logs/models/from_scratch_atari_krull_vta_3seed_to_400000_20260208_112207/atari_krull_seed0/checkpoints/step-000100000.pt,/home/haselab/projects/stable-deep-world-model/logs/models/from_scratch_atari_krull_vta_3seed_to_400000_20260208_112207/atari_krull_seed0/eval_eps/20260208T180330-44487f1ea8c44b5eaf22e05d1a89f711-1974.npz,955,975,0.0,7.542443842341491e-15,3.8533172607421875,5.274665832519531,0.0,5.697380065917969,nan,nan,nan,nan
atari_krull,/home/haselab/projects/stable-deep-world-model/logs/models/from_scratch_atari_krull_vta_3seed_to_400000_20260208_112207/atari_krull_seed0,/home/haselab/projects/stable-deep-world-model/logs/models/from_scratch_atari_krull_vta_3seed_to_400000_20260208_112207/atari_krull_seed0/checkpoints/step-000100000.pt,/home/haselab/projects/stable-deep-world-model/logs/models/from_scratch_atari_krull_vta_3seed_to_400000_20260208_112207/atari_krull_seed0/eval_eps/20260208T180330-44487f1ea8c44b5eaf22e05d1a89f711-1974.npz,960,980,0.0,1.4830737820551582e-13,3.846519947052002,5.167701244354248,0.0,5.655177116394043,nan,nan,nan,nan
atari_krull,/home/haselab/projects/stable-deep-world-model/logs/models/from_scratch_atari_krull_vta_3seed_to_400000_20260208_112207/atari_krull_seed0,/home/haselab/projects/stable-deep-world-model/logs/models/from_scratch_atari_krull_vta_3seed_to_400000_20260208_112207/atari_krull_seed0/checkpoints/step-000100000.pt,/home/haselab/projects/stable-deep-world-model/logs/models/from_scratch_atari_krull_vta_3seed_to_400000_20260208_112207/atari_krull_seed0/eval_eps/20260208T180330-44487f1ea8c44b5eaf22e05d1a89f711-1974.npz,965,985,0.0,1.53382921598208e-13,3.782909393310547,5.170839309692383,0.0,5.759035587310791,nan,nan,nan,nan
atari_krull,/home/haselab/projects/stable-deep-world-model/logs/models/from_scratch_atari_krull_vta_3seed_to_400000_20260208_112207/atari_krull_seed0,/home/haselab/projects/stable-deep-world-model/logs/models/from_scratch_atari_krull_vta_3seed_to_400000_20260208_112207/atari_krull_seed0/checkpoints/step-000100000.pt,/home/haselab/projects/stable-deep-world-model/logs/models/from_scratch_atari_krull_vta_3seed_to_400000_20260208_112207/atari_krull_seed0/eval_eps/20260208T180330-44487f1ea8c44b5eaf22e05d1a89f711-1974.npz,970,990,0.0,2.2581255441911363e-12,3.8142197132110596,5.020151138305664,0.0,5.563887596130371,nan,nan,nan,nan
atari_krull,/home/haselab/projects/stable-deep-world-model/logs/models/from_scratch_atari_krull_vta_3seed_to_400000_20260208_112207/atari_krull_seed0,/home/haselab/projects/stable-deep-world-model/logs/models/from_scratch_atari_krull_vta_3seed_to_400000_20260208_112207/atari_krull_seed0/checkpoints/step-000100000.pt,/home/haselab/projects/stable-deep-world-model/logs/models/from_scratch_atari_krull_vta_3seed_to_400000_20260208_112207/atari_krull_seed0/eval_eps/20260208T180330-44487f1ea8c44b5eaf22e05d1a89f711-1974.npz,975,995,0.0,2.2564862305063382e-12,3.8305859565734863,4.854880332946777,0.0,5.39784049987793,nan,nan,nan,nan
atari_krull,/home/haselab/projects/stable-deep-world-model/logs/models/from_scratch_atari_krull_vta_3seed_to_400000_20260208_112207/atari_krull_seed0,/home/haselab/projects/stable-deep-world-model/logs/models/from_scratch_atari_krull_vta_3seed_to_400000_20260208_112207/atari_krull_seed0/checkpoints/step-000100000.pt,/home/haselab/projects/stable-deep-world-model/logs/models/from_scratch_atari_krull_vta_3seed_to_400000_20260208_112207/atari_krull_seed0/eval_eps/20260208T180330-44487f1ea8c44b5eaf22e05d1a89f711-1974.npz,980,1000,0.0,2.4478002090544404e-12,3.824368953704834,4.923945426940918,0.0,5.425017356872559,nan,nan,nan,nan
atari_krull,/home/haselab/projects/stable-deep-world-model/logs/models/from_scratch_atari_krull_vta_3seed_to_400000_20260208_112207/atari_krull_seed0,/home/haselab/projects/stable-deep-world-model/logs/models/from_scratch_atari_krull_vta_3seed_to_400000_20260208_112207/atari_krull_seed0/checkpoints/step-000100000.pt,/home/haselab/projects/stable-deep-world-model/logs/models/from_scratch_atari_krull_vta_3seed_to_400000_20260208_112207/atari_krull_seed0/eval_eps/20260208T180330-44487f1ea8c44b5eaf22e05d1a89f711-1974.npz,985,1005,0.0,1.2058999632191814e-11,3.7908332347869873,4.86343240737915,0.0,5.304432392120361,nan,nan,nan,nan
atari_krull,/home/haselab/projects/stable-deep-world-model/logs/models/from_scratch_atari_krull_vta_3seed_to_400000_20260208_112207/atari_krull_seed0,/home/haselab/projects/stable-deep-world-model/logs/models/from_scratch_atari_krull_vta_3seed_to_400000_20260208_112207/atari_krull_seed0/checkpoints/step-000100000.pt,/home/haselab/projects/stable-deep-world-model/logs/models/from_scratch_atari_krull_vta_3seed_to_400000_20260208_112207/atari_krull_seed0/eval_eps/20260208T180330-44487f1ea8c44b5eaf22e05d1a89f711-1974.npz,990,1010,0.0,9.973735379253945e-12,3.679694414138794,4.839615345001221,0.0,5.288588523864746,nan,nan,nan,nan
atari_krull,/home/haselab/projects/stable-deep-world-model/logs/models/from_scratch_atari_krull_vta_3seed_to_400000_20260208_112207/atari_krull_seed0,/home/haselab/projects/stable-deep-world-model/logs/models/from_scratch_atari_krull_vta_3seed_to_400000_20260208_112207/atari_krull_seed0/checkpoints/step-000100000.pt,/home/haselab/projects/stable-deep-world-model/logs/models/from_scratch_atari_krull_vta_3seed_to_400000_20260208_112207/atari_krull_seed0/eval_eps/20260208T180330-44487f1ea8c44b5eaf22e05d1a89f711-1974.npz,995,1015,0.0,9.969234639195523e-12,3.7117843627929688,4.956921100616455,0.0,5.372241020202637,nan,nan,nan,nan
atari_krull,/home/haselab/projects/stable-deep-world-model/logs/models/from_scratch_atari_krull_vta_3seed_to_400000_20260208_112207/atari_krull_seed0,/home/haselab/projects/stable-deep-world-model/logs/models/from_scratch_atari_krull_vta_3seed_to_400000_20260208_112207/atari_krull_seed0/checkpoints/step-000100000.pt,/home/haselab/projects/stable-deep-world-model/logs/models/from_scratch_atari_krull_vta_3seed_to_400000_20260208_112207/atari_krull_seed0/eval_eps/20260208T180330-44487f1ea8c44b5eaf22e05d1a89f711-1974.npz,1000,1020,0.0,9.636238855470491e-12,3.7185139656066895,4.810608863830566,0.0,5.303100109100342,nan,nan,nan,nan
atari_krull,/home/haselab/projects/stable-deep-world-model/logs/models/from_scratch_atari_krull_vta_3seed_to_400000_20260208_112207/atari_krull_seed0,/home/haselab/projects/stable-deep-world-model/logs/models/from_scratch_atari_krull_vta_3seed_to_400000_20260208_112207/atari_krull_seed0/checkpoints/step-000100000.pt,/home/haselab/projects/stable-deep-world-model/logs/models/from_scratch_atari_krull_vta_3seed_to_400000_20260208_112207/atari_krull_seed0/eval_eps/20260208T180330-44487f1ea8c44b5eaf22e05d1a89f711-1974.npz,1005,1025,0.0,2.2226525700779105e-14,3.7824642658233643,4.890563488006592,0.0,5.375518321990967,nan,nan,nan,nan
atari_krull,/home/haselab/projects/stable-deep-world-model/logs/models/from_scratch_atari_krull_vta_3seed_to_400000_20260208_112207/atari_krull_seed0,/home/haselab/projects/stable-deep-world-model/logs/models/from_scratch_atari_krull_vta_3seed_to_400000_20260208_112207/atari_krull_seed0/checkpoints/step-000100000.pt,/home/haselab/projects/stable-deep-world-model/logs/models/from_scratch_atari_krull_vta_3seed_to_400000_20260208_112207/atari_krull_seed0/eval_eps/20260208T180330-44487f1ea8c44b5eaf22e05d1a89f711-1974.npz,1010,1030,0.0,2.7537837326207723e-15,3.733553647994995,4.793525695800781,0.0,5.238354682922363,nan,nan,nan,nan
atari_krull,/home/haselab/projects/stable-deep-world-model/logs/models/from_scratch_atari_krull_vta_3seed_to_400000_20260208_112207/atari_krull_seed0,/home/haselab/projects/stable-deep-world-model/logs/models/from_scratch_atari_krull_vta_3seed_to_400000_20260208_112207/atari_krull_seed0/checkpoints/step-000100000.pt,/home/haselab/projects/stable-deep-world-model/logs/models/from_scratch_atari_krull_vta_3seed_to_400000_20260208_112207/atari_krull_seed0/eval_eps/20260208T180330-44487f1ea8c44b5eaf22e05d1a89f711-1974.npz,1015,1035,0.0,1.219898904114558e-10,3.653170108795166,4.764627933502197,0.0,5.167099952697754,nan,nan,nan,nan
atari_krull,/home/haselab/projects/stable-deep-world-model/logs/models/from_scratch_atari_krull_vta_3seed_to_400000_20260208_112207/atari_krull_seed0,/home/haselab/projects/stable-deep-world-model/logs/models/from_scratch_atari_krull_vta_3seed_to_400000_20260208_112207/atari_krull_seed0/checkpoints/step-000100000.pt,/home/haselab/projects/stable-deep-world-model/logs/models/from_scratch_atari_krull_vta_3seed_to_400000_20260208_112207/atari_krull_seed0/eval_eps/20260208T180330-44487f1ea8c44b5eaf22e05d1a89f711-1974.npz,1020,1040,0.0,1.2632331292117271e-10,3.639054775238037,4.907322883605957,0.0,5.201912879943848,nan,nan,nan,nan
atari_krull,/home/haselab/projects/stable-deep-world-model/logs/models/from_scratch_atari_krull_vta_3seed_to_400000_20260208_112207/atari_krull_seed0,/home/haselab/projects/stable-deep-world-model/logs/models/from_scratch_atari_krull_vta_3seed_to_400000_20260208_112207/atari_krull_seed0/checkpoints/step-000100000.pt,/home/haselab/projects/stable-deep-world-model/logs/models/from_scratch_atari_krull_vta_3seed_to_400000_20260208_112207/atari_krull_seed0/eval_eps/20260208T180330-44487f1ea8c44b5eaf22e05d1a89f711-1974.npz,1025,1045,0.0,1.2836591511966589e-10,3.582705020904541,4.634153366088867,0.0,4.923762798309326,nan,nan,nan,nan
atari_krull,/home/haselab/projects/stable-deep-world-model/logs/models/from_scratch_atari_krull_vta_3seed_to_400000_20260208_112207/atari_krull_seed0,/home/haselab/projects/stable-deep-world-model/logs/models/from_scratch_atari_krull_vta_3seed_to_400000_20260208_112207/atari_krull_seed0/checkpoints/step-000100000.pt,/home/haselab/projects/stable-deep-world-model/logs/models/from_scratch_atari_krull_vta_3seed_to_400000_20260208_112207/atari_krull_seed0/eval_eps/20260208T180330-44487f1ea8c44b5eaf22e05d1a89f711-1974.npz,1030,1050,0.0,1.3329029546760296e-10,3.645306348800659,4.725595474243164,0.0,5.0580854415893555,nan,nan,nan,nan
atari_krull,/home/haselab/projects/stable-deep-world-model/logs/models/from_scratch_atari_krull_vta_3seed_to_400000_20260208_112207/atari_krull_seed0,/home/haselab/projects/stable-deep-world-model/logs/models/from_scratch_atari_krull_vta_3seed_to_400000_20260208_112207/atari_krull_seed0/checkpoints/step-000100000.pt,/home/haselab/projects/stable-deep-world-model/logs/models/from_scratch_atari_krull_vta_3seed_to_400000_20260208_112207/atari_krull_seed0/eval_eps/20260208T180330-44487f1ea8c44b5eaf22e05d1a89f711-1974.npz,1035,1055,0.0,1.136058781769922e-11,3.578665256500244,4.614767551422119,0.0,4.9916791915893555,nan,nan,nan,nan
atari_krull,/home/haselab/projects/stable-deep-world-model/logs/models/from_scratch_atari_krull_vta_3seed_to_400000_20260208_112207/atari_krull_seed0,/home/haselab/projects/stable-deep-world-model/logs/models/from_scratch_atari_krull_vta_3seed_to_400000_20260208_112207/atari_krull_seed0/checkpoints/step-000100000.pt,/home/haselab/projects/stable-deep-world-model/logs/models/from_scratch_atari_krull_vta_3seed_to_400000_20260208_112207/atari_krull_seed0/eval_eps/20260208T180330-44487f1ea8c44b5eaf22e05d1a89f711-1974.npz,1040,1060,0.0,9.605297460191231e-12,3.5877063274383545,4.525503635406494,0.0,4.973578929901123,nan,nan,nan,nan
atari_krull,/home/haselab/projects/stable-deep-world-model/logs/models/from_scratch_atari_krull_vta_3seed_to_400000_20260208_112207/atari_krull_seed0,/home/haselab/projects/stable-deep-world-model/logs/models/from_scratch_atari_krull_vta_3seed_to_400000_20260208_112207/atari_krull_seed0/checkpoints/step-000100000.pt,/home/haselab/projects/stable-deep-world-model/logs/models/from_scratch_atari_krull_vta_3seed_to_400000_20260208_112207/atari_krull_seed0/eval_eps/20260208T180330-44487f1ea8c44b5eaf22e05d1a89f711-1974.npz,1045,1065,0.05,0.05000000074505806,3.827144145965576,5.176531791687012,0.24949732422828674,5.565337657928467,7.1419358253479,9.459568977355957,4.989946365356445,9.622979164123535
atari_krull,/home/haselab/projects/stable-deep-world-model/logs/models/from_scratch_atari_krull_vta_3seed_to_400000_20260208_112207/atari_krull_seed0,/home/haselab/projects/stable-deep-world-model/logs/models/from_scratch_atari_krull_vta_3seed_to_400000_20260208_112207/atari_krull_seed0/checkpoints/step-000100000.pt,/home/haselab/projects/stable-deep-world-model/logs/models/from_scratch_atari_krull_vta_3seed_to_400000_20260208_112207/atari_krull_seed0/eval_eps/20260208T180330-44487f1ea8c44b5eaf22e05d1a89f711-1974.npz,1050,1070,0.05,0.05000000074505806,3.7484326362609863,5.382879734039307,0.24949732422828674,5.67177677154541,7.1419358253479,9.459568977355957,4.989946365356445,9.622979164123535
atari_krull,/home/haselab/projects/stable-deep-world-model/logs/models/from_scratch_atari_krull_vta_3seed_to_400000_20260208_112207/atari_krull_seed0,/home/haselab/projects/stable-deep-world-model/logs/models/from_scratch_atari_krull_vta_3seed_to_400000_20260208_112207/atari_krull_seed0/checkpoints/step-000100000.pt,/home/haselab/projects/stable-deep-world-model/logs/models/from_scratch_atari_krull_vta_3seed_to_400000_20260208_112207/atari_krull_seed0/eval_eps/20260208T180330-44487f1ea8c44b5eaf22e05d1a89f711-1974.npz,1055,1075,0.05,0.05000000074505806,3.7778003215789795,5.680929660797119,0.24949732422828674,5.904426097869873,7.1419358253479,9.459568977355957,4.989946365356445,9.622979164123535
atari_krull,/home/haselab/projects/stable-deep-world-model/logs/models/from_scratch_atari_krull_vta_3seed_to_400000_20260208_112207/atari_krull_seed0,/home/haselab/projects/stable-deep-world-model/logs/models/from_scratch_atari_krull_vta_3seed_to_400000_20260208_112207/atari_krull_seed0/checkpoints/step-000100000.pt,/home/haselab/projects/stable-deep-world-model/logs/models/from_scratch_atari_krull_vta_3seed_to_400000_20260208_112207/atari_krull_seed0/eval_eps/20260208T180330-44487f1ea8c44b5eaf22e05d1a89f711-1974.npz,1060,1080,0.05,0.05000000074505806,3.6757748126983643,5.700128555297852,0.24949732422828674,5.893205165863037,7.1419358253479,9.459568977355957,4.989946365356445,9.622979164123535
atari_krull,/home/haselab/projects/stable-deep-world-model/logs/models/from_scratch_atari_krull_vta_3seed_to_400000_20260208_112207/atari_krull_seed0,/home/haselab/projects/stable-deep-world-model/logs/models/from_scratch_atari_krull_vta_3seed_to_400000_20260208_112207/atari_krull_seed0/checkpoints/step-000100000.pt,/home/haselab/projects/stable-deep-world-model/logs/models/from_scratch_atari_krull_vta_3seed_to_400000_20260208_112207/atari_krull_seed0/eval_eps/20260208T180330-44487f1ea8c44b5eaf22e05d1a89f711-1974.npz,1065,1085,0.0,8.753915019081571e-13,3.3579318523406982,5.201547622680664,0.0,5.39961576461792,nan,nan,nan,nan
atari_krull,/home/haselab/projects/stable-deep-world-model/logs/models/from_scratch_atari_krull_vta_3seed_to_400000_20260208_112207/atari_krull_seed0,/home/haselab/projects/stable-deep-world-model/logs/models/from_scratch_atari_krull_vta_3seed_to_400000_20260208_112207/atari_krull_seed0/checkpoints/step-000100000.pt,/home/haselab/projects/stable-deep-world-model/logs/models/from_scratch_atari_krull_vta_3seed_to_400000_20260208_112207/atari_krull_seed0/eval_eps/20260208T180330-44487f1ea8c44b5eaf22e05d1a89f711-1974.npz,1070,1090,0.0,9.444266115682387e-13,3.313528060913086,5.074087619781494,0.0,5.386417865753174,nan,nan,nan,nan
atari_krull,/home/haselab/projects/stable-deep-world-model/logs/models/from_scratch_atari_krull_vta_3seed_to_400000_20260208_112207/atari_krull_seed0,/home/haselab/projects/stable-deep-world-model/logs/models/from_scratch_atari_krull_vta_3seed_to_400000_20260208_112207/atari_krull_seed0/checkpoints/step-000100000.pt,/home/haselab/projects/stable-deep-world-model/logs/models/from_scratch_atari_krull_vta_3seed_to_400000_20260208_112207/atari_krull_seed0/eval_eps/20260208T180330-44487f1ea8c44b5eaf22e05d1a89f711-1974.npz,1075,1095,0.0,9.381874617464536e-13,3.285377025604248,5.208909034729004,0.0,5.505650043487549,nan,nan,nan,nan
atari_krull,/home/haselab/projects/stable-deep-world-model/logs/models/from_scratch_atari_krull_vta_3seed_to_400000_20260208_112207/atari_krull_seed0,/home/haselab/projects/stable-deep-world-model/logs/models/from_scratch_atari_krull_vta_3seed_to_400000_20260208_112207/atari_krull_seed0/checkpoints/step-000100000.pt,/home/haselab/projects/stable-deep-world-model/logs/models/from_scratch_atari_krull_vta_3seed_to_400000_20260208_112207/atari_krull_seed0/eval_eps/20260208T180330-44487f1ea8c44b5eaf22e05d1a89f711-1974.npz,1080,1100,0.0,2.418896246497715e-13,3.294337511062622,5.370713233947754,0.0,5.678056716918945,nan,nan,nan,nan
atari_krull,/home/haselab/projects/stable-deep-world-model/logs/models/from_scratch_atari_krull_vta_3seed_to_400000_20260208_112207/atari_krull_seed0,/home/haselab/projects/stable-deep-world-model/logs/models/from_scratch_atari_krull_vta_3seed_to_400000_20260208_112207/atari_krull_seed0/checkpoints/step-000100000.pt,/home/haselab/projects/stable-deep-world-model/logs/models/from_scratch_atari_krull_vta_3seed_to_400000_20260208_112207/atari_krull_seed0/eval_eps/20260208T180330-44487f1ea8c44b5eaf22e05d1a89f711-1974.npz,1085,1105,0.0,2.249488979420497e-13,3.275195598602295,5.333673000335693,0.0,5.793190002441406,nan,nan,nan,nan
atari_krull,/home/haselab/projects/stable-deep-world-model/logs/models/from_scratch_atari_krull_vta_3seed_to_400000_20260208_112207/atari_krull_seed0,/home/haselab/projects/stable-deep-world-model/logs/models/from_scratch_atari_krull_vta_3seed_to_400000_20260208_112207/atari_krull_seed0/checkpoints/step-000100000.pt,/home/haselab/projects/stable-deep-world-model/logs/models/from_scratch_atari_krull_vta_3seed_to_400000_20260208_112207/atari_krull_seed0/eval_eps/20260208T180330-44487f1ea8c44b5eaf22e05d1a89f711-1974.npz,1090,1110,0.0,2.744725562282835e-13,3.313981533050537,5.0782623291015625,0.0,5.569571495056152,nan,nan,nan,nan
atari_krull,/home/haselab/projects/stable-deep-world-model/logs/models/from_scratch_atari_krull_vta_3seed_to_400000_20260208_112207/atari_krull_seed0,/home/haselab/projects/stable-deep-world-model/logs/models/from_scratch_atari_krull_vta_3seed_to_400000_20260208_112207/atari_krull_seed0/checkpoints/step-000100000.pt,/home/haselab/projects/stable-deep-world-model/logs/models/from_scratch_atari_krull_vta_3seed_to_400000_20260208_112207/atari_krull_seed0/eval_eps/20260208T180330-44487f1ea8c44b5eaf22e05d1a89f711-1974.npz,1095,1115,0.0,3.555304939339976e-09,3.303203582763672,5.051177501678467,0.0,5.592353343963623,nan,nan,nan,nan
atari_krull,/home/haselab/projects/stable-deep-world-model/logs/models/from_scratch_atari_krull_vta_3seed_to_400000_20260208_112207/atari_krull_seed0,/home/haselab/projects/stable-deep-world-model/logs/models/from_scratch_atari_krull_vta_3seed_to_400000_20260208_112207/atari_krull_seed0/checkpoints/step-000100000.pt,/home/haselab/projects/stable-deep-world-model/logs/models/from_scratch_atari_krull_vta_3seed_to_400000_20260208_112207/atari_krull_seed0/eval_eps/20260208T180330-44487f1ea8c44b5eaf22e05d1a89f711-1974.npz,1100,1120,0.0,3.556151595418555e-09,3.3010647296905518,4.911162853240967,0.0,5.507840633392334,nan,nan,nan,nan
atari_krull,/home/haselab/projects/stable-deep-world-model/logs/models/from_scratch_atari_krull_vta_3seed_to_400000_20260208_112207/atari_krull_seed0,/home/haselab/projects/stable-deep-world-model/logs/models/from_scratch_atari_krull_vta_3seed_to_400000_20260208_112207/atari_krull_seed0/checkpoints/step-000100000.pt,/home/haselab/projects/stable-deep-world-model/logs/models/from_scratch_atari_krull_vta_3seed_to_400000_20260208_112207/atari_krull_seed0/eval_eps/20260208T180330-44487f1ea8c44b5eaf22e05d1a89f711-1974.npz,1105,1125,0.0,3.55621132541728e-09,3.3013839721679688,5.009838581085205,0.0,5.571383476257324,nan,nan,nan,nan
atari_krull,/home/haselab/projects/stable-deep-world-model/logs/models/from_scratch_atari_krull_vta_3seed_to_400000_20260208_112207/atari_krull_seed0,/home/haselab/projects/stable-deep-world-model/logs/models/from_scratch_atari_krull_vta_3seed_to_400000_20260208_112207/atari_krull_seed0/checkpoints/step-000100000.pt,/home/haselab/projects/stable-deep-world-model/logs/models/from_scratch_atari_krull_vta_3seed_to_400000_20260208_112207/atari_krull_seed0/eval_eps/20260208T180330-44487f1ea8c44b5eaf22e05d1a89f711-1974.npz,1110,1130,0.0,3.55609275359825e-09,3.308128833770752,5.240612983703613,0.0,5.814356327056885,nan,nan,nan,nan
atari_krull,/home/haselab/projects/stable-deep-world-model/logs/models/from_scratch_atari_krull_vta_3seed_to_400000_20260208_112207/atari_krull_seed0,/home/haselab/projects/stable-deep-world-model/logs/models/from_scratch_atari_krull_vta_3seed_to_400000_20260208_112207/atari_krull_seed0/checkpoints/step-000100000.pt,/home/haselab/projects/stable-deep-world-model/logs/models/from_scratch_atari_krull_vta_3seed_to_400000_20260208_112207/atari_krull_seed0/eval_eps/20260208T180330-44487f1ea8c44b5eaf22e05d1a89f711-1974.npz,1115,1135,0.0,1.0621049395878601e-12,3.257387638092041,4.810859680175781,0.0,5.343209743499756,nan,nan,nan,nan
atari_krull,/home/haselab/projects/stable-deep-world-model/logs/models/from_scratch_atari_krull_vta_3seed_to_400000_20260208_112207/atari_krull_seed0,/home/haselab/projects/stable-deep-world-model/logs/models/from_scratch_atari_krull_vta_3seed_to_400000_20260208_112207/atari_krull_seed0/checkpoints/step-000100000.pt,/home/haselab/projects/stable-deep-world-model/logs/models/from_scratch_atari_krull_vta_3seed_to_400000_20260208_112207/atari_krull_seed0/eval_eps/20260208T180330-44487f1ea8c44b5eaf22e05d1a89f711-1974.npz,1120,1140,0.0,6.527207431234611e-14,3.229722499847412,4.889900207519531,0.0,5.313085079193115,nan,nan,nan,nan
atari_krull,/home/haselab/projects/stable-deep-world-model/logs/models/from_scratch_atari_krull_vta_3seed_to_400000_20260208_112207/atari_krull_seed0,/home/haselab/projects/stable-deep-world-model/logs/models/from_scratch_atari_krull_vta_3seed_to_400000_20260208_112207/atari_krull_seed0/checkpoints/step-000100000.pt,/home/haselab/projects/stable-deep-world-model/logs/models/from_scratch_atari_krull_vta_3seed_to_400000_20260208_112207/atari_krull_seed0/eval_eps/20260208T180330-44487f1ea8c44b5eaf22e05d1a89f711-1974.npz,1125,1145,0.0,9.186542585665203e-13,3.24280047416687,4.840788841247559,0.0,5.196324825286865,nan,nan,nan,nan
atari_krull,/home/haselab/projects/stable-deep-world-model/logs/models/from_scratch_atari_krull_vta_3seed_to_400000_20260208_112207/atari_krull_seed0,/home/haselab/projects/stable-deep-world-model/logs/models/from_scratch_atari_krull_vta_3seed_to_400000_20260208_112207/atari_krull_seed0/checkpoints/step-000100000.pt,/home/haselab/projects/stable-deep-world-model/logs/models/from_scratch_atari_krull_vta_3seed_to_400000_20260208_112207/atari_krull_seed0/eval_eps/20260208T180330-44487f1ea8c44b5eaf22e05d1a89f711-1974.npz,1130,1150,0.0,9.771623614429625e-13,3.2447574138641357,4.732818603515625,0.0,4.9853010177612305,nan,nan,nan,nan
atari_krull,/home/haselab/projects/stable-deep-world-model/logs/models/from_scratch_atari_krull_vta_3seed_to_400000_20260208_112207/atari_krull_seed0,/home/haselab/projects/stable-deep-world-model/logs/models/from_scratch_atari_krull_vta_3seed_to_400000_20260208_112207/atari_krull_seed0/checkpoints/step-000100000.pt,/home/haselab/projects/stable-deep-world-model/logs/models/from_scratch_atari_krull_vta_3seed_to_400000_20260208_112207/atari_krull_seed0/eval_eps/20260208T180330-44487f1ea8c44b5eaf22e05d1a89f711-1974.npz,1135,1155,0.0,8.00971355213731e-12,3.322786808013916,4.946921348571777,0.0,5.276730060577393,nan,nan,nan,nan
atari_krull,/home/haselab/projects/stable-deep-world-model/logs/models/from_scratch_atari_krull_vta_3seed_to_400000_20260208_112207/atari_krull_seed0,/home/haselab/projects/stable-deep-world-model/logs/models/from_scratch_atari_krull_vta_3seed_to_400000_20260208_112207/atari_krull_seed0/checkpoints/step-000100000.pt,/home/haselab/projects/stable-deep-world-model/logs/models/from_scratch_atari_krull_vta_3seed_to_400000_20260208_112207/atari_krull_seed0/eval_eps/20260208T180330-44487f1ea8c44b5eaf22e05d1a89f711-1974.npz,1140,1160,0.0,8.894761663325035e-12,3.307915210723877,4.819517135620117,0.0,5.192782402038574,nan,nan,nan,nan
atari_krull,/home/haselab/projects/stable-deep-world-model/logs/models/from_scratch_atari_krull_vta_3seed_to_400000_20260208_112207/atari_krull_seed0,/home/haselab/projects/stable-deep-world-model/logs/models/from_scratch_atari_krull_vta_3seed_to_400000_20260208_112207/atari_krull_seed0/checkpoints/step-000100000.pt,/home/haselab/projects/stable-deep-world-model/logs/models/from_scratch_atari_krull_vta_3seed_to_400000_20260208_112207/atari_krull_seed0/eval_eps/20260208T180330-44487f1ea8c44b5eaf22e05d1a89f711-1974.npz,1145,1165,0.0,8.037237542168896e-12,3.262894868850708,4.813961029052734,0.0,5.265242576599121,nan,nan,nan,nan
atari_krull,/home/haselab/projects/stable-deep-world-model/logs/models/from_scratch_atari_krull_vta_3seed_to_400000_20260208_112207/atari_krull_seed0,/home/haselab/projects/stable-deep-world-model/logs/models/from_scratch_atari_krull_vta_3seed_to_400000_20260208_112207/atari_krull_seed0/checkpoints/step-000100000.pt,/home/haselab/projects/stable-deep-world-model/logs/models/from_scratch_atari_krull_vta_3seed_to_400000_20260208_112207/atari_krull_seed0/eval_eps/20260208T180330-44487f1ea8c44b5eaf22e05d1a89f711-1974.npz,1150,1170,0.0,1.8767046944256904e-11,3.228700637817383,4.853790283203125,0.0,5.347792148590088,nan,nan,nan,nan
atari_krull,/home/haselab/projects/stable-deep-world-model/logs/models/from_scratch_atari_krull_vta_3seed_to_400000_20260208_112207/atari_krull_seed0,/home/haselab/projects/stable-deep-world-model/logs/models/from_scratch_atari_krull_vta_3seed_to_400000_20260208_112207/atari_krull_seed0/checkpoints/step-000100000.pt,/home/haselab/projects/stable-deep-world-model/logs/models/from_scratch_atari_krull_vta_3seed_to_400000_20260208_112207/atari_krull_seed0/eval_eps/20260208T180330-44487f1ea8c44b5eaf22e05d1a89f711-1974.npz,1155,1175,0.0,2.8813614688649736e-11,3.1467270851135254,4.8386969566345215,0.0,5.389552116394043,nan,nan,nan,nan
atari_krull,/home/haselab/projects/stable-deep-world-model/logs/models/from_scratch_atari_krull_vta_3seed_to_400000_20260208_112207/atari_krull_seed0,/home/haselab/projects/stable-deep-world-model/logs/models/from_scratch_atari_krull_vta_3seed_to_400000_20260208_112207/atari_krull_seed0/checkpoints/step-000100000.pt,/home/haselab/projects/stable-deep-world-model/logs/models/from_scratch_atari_krull_vta_3seed_to_400000_20260208_112207/atari_krull_seed0/eval_eps/20260208T180330-44487f1ea8c44b5eaf22e05d1a89f711-1974.npz,1160,1180,0.0,2.8682393266032946e-11,3.153618097305298,4.740499019622803,0.0,5.274312973022461,nan,nan,nan,nan
atari_krull,/home/haselab/projects/stable-deep-world-model/logs/models/from_scratch_atari_krull_vta_3seed_to_400000_20260208_112207/atari_krull_seed0,/home/haselab/projects/stable-deep-world-model/logs/models/from_scratch_atari_krull_vta_3seed_to_400000_20260208_112207/atari_krull_seed0/checkpoints/step-000100000.pt,/home/haselab/projects/stable-deep-world-model/logs/models/from_scratch_atari_krull_vta_3seed_to_400000_20260208_112207/atari_krull_seed0/eval_eps/20260208T180330-44487f1ea8c44b5eaf22e05d1a89f711-1974.npz,1165,1185,0.0,1.6119420820359665e-07,3.1784470081329346,4.679286003112793,0.0,5.106415748596191,nan,nan,nan,nan
atari_krull,/home/haselab/projects/stable-deep-world-model/logs/models/from_scratch_atari_krull_vta_3seed_to_400000_20260208_112207/atari_krull_seed0,/home/haselab/projects/stable-deep-world-model/logs/models/from_scratch_atari_krull_vta_3seed_to_400000_20260208_112207/atari_krull_seed0/checkpoints/step-000100000.pt,/home/haselab/projects/stable-deep-world-model/logs/models/from_scratch_atari_krull_vta_3seed_to_400000_20260208_112207/atari_krull_seed0/eval_eps/20260208T180330-44487f1ea8c44b5eaf22e05d1a89f711-1974.npz,1170,1190,0.0,1.611834221648678e-07,3.2057909965515137,4.705385684967041,0.0,5.192537307739258,nan,nan,nan,nan
atari_krull,/home/haselab/projects/stable-deep-world-model/logs/models/from_scratch_atari_krull_vta_3seed_to_400000_20260208_112207/atari_krull_seed0,/home/haselab/projects/stable-deep-world-model/logs/models/from_scratch_atari_krull_vta_3seed_to_400000_20260208_112207/atari_krull_seed0/checkpoints/step-000100000.pt,/home/haselab/projects/stable-deep-world-model/logs/models/from_scratch_atari_krull_vta_3seed_to_400000_20260208_112207/atari_krull_seed0/eval_eps/20260208T180330-44487f1ea8c44b5eaf22e05d1a89f711-1974.npz,1175,1195,0.0,1.611735029882766e-07,3.2603096961975098,4.856987953186035,0.0,5.322784423828125,nan,nan,nan,nan
atari_krull,/home/haselab/projects/stable-deep-world-model/logs/models/from_scratch_atari_krull_vta_3seed_to_400000_20260208_112207/atari_krull_seed0,/home/haselab/projects/stable-deep-world-model/logs/models/from_scratch_atari_krull_vta_3seed_to_400000_20260208_112207/atari_krull_seed0/checkpoints/step-000100000.pt,/home/haselab/projects/stable-deep-world-model/logs/models/from_scratch_atari_krull_vta_3seed_to_400000_20260208_112207/atari_krull_seed0/eval_eps/20260208T180330-44487f1ea8c44b5eaf22e05d1a89f711-1974.npz,1180,1200,0.0,1.612567928077624e-07,3.2815253734588623,4.88477897644043,0.0,5.294085502624512,nan,nan,nan,nan
atari_krull,/home/haselab/projects/stable-deep-world-model/logs/models/from_scratch_atari_krull_vta_3seed_to_400000_20260208_112207/atari_krull_seed0,/home/haselab/projects/stable-deep-world-model/logs/models/from_scratch_atari_krull_vta_3seed_to_400000_20260208_112207/atari_krull_seed0/checkpoints/step-000100000.pt,/home/haselab/projects/stable-deep-world-model/logs/models/from_scratch_atari_krull_vta_3seed_to_400000_20260208_112207/atari_krull_seed0/eval_eps/20260208T180330-44487f1ea8c44b5eaf22e05d1a89f711-1974.npz,1185,1205,0.0,9.305309300877695e-11,3.2816414833068848,4.832866668701172,0.0,5.341393947601318,nan,nan,nan,nan
atari_krull,/home/haselab/projects/stable-deep-world-model/logs/models/from_scratch_atari_krull_vta_3seed_to_400000_20260208_112207/atari_krull_seed0,/home/haselab/projects/stable-deep-world-model/logs/models/from_scratch_atari_krull_vta_3seed_to_400000_20260208_112207/atari_krull_seed0/checkpoints/step-000100000.pt,/home/haselab/projects/stable-deep-world-model/logs/models/from_scratch_atari_krull_vta_3seed_to_400000_20260208_112207/atari_krull_seed0/eval_eps/20260208T180330-44487f1ea8c44b5eaf22e05d1a89f711-1974.npz,1190,1210,0.0,1.9576529286524647e-10,3.2520623207092285,4.805874824523926,0.0,5.292670249938965,nan,nan,nan,nan
atari_krull,/home/haselab/projects/stable-deep-world-model/logs/models/from_scratch_atari_krull_vta_3seed_to_400000_20260208_112207/atari_krull_seed0,/home/haselab/projects/stable-deep-world-model/logs/models/from_scratch_atari_krull_vta_3seed_to_400000_20260208_112207/atari_krull_seed0/checkpoints/step-000100000.pt,/home/haselab/projects/stable-deep-world-model/logs/models/from_scratch_atari_krull_vta_3seed_to_400000_20260208_112207/atari_krull_seed0/eval_eps/20260208T180330-44487f1ea8c44b5eaf22e05d1a89f711-1974.npz,1195,1215,0.0,1.8861186223961823e-10,3.283113479614258,4.757622718811035,0.0,5.240536212921143,nan,nan,nan,nan
atari_krull,/home/haselab/projects/stable-deep-world-model/logs/models/from_scratch_atari_krull_vta_3seed_to_400000_20260208_112207/atari_krull_seed0,/home/haselab/projects/stable-deep-world-model/logs/models/from_scratch_atari_krull_vta_3seed_to_400000_20260208_112207/atari_krull_seed0/checkpoints/step-000100000.pt,/home/haselab/projects/stable-deep-world-model/logs/models/from_scratch_atari_krull_vta_3seed_to_400000_20260208_112207/atari_krull_seed0/eval_eps/20260208T180330-44487f1ea8c44b5eaf22e05d1a89f711-1974.npz,1200,1220,0.0,1.0534221411839795e-10,3.2898151874542236,5.071703910827637,0.0,5.630735874176025,nan,nan,nan,nan
atari_krull,/home/haselab/projects/stable-deep-world-model/logs/models/from_scratch_atari_krull_vta_3seed_to_400000_20260208_112207/atari_krull_seed0,/home/haselab/projects/stable-deep-world-model/logs/models/from_scratch_atari_krull_vta_3seed_to_400000_20260208_112207/atari_krull_seed0/checkpoints/step-000100000.pt,/home/haselab/projects/stable-deep-world-model/logs/models/from_scratch_atari_krull_vta_3seed_to_400000_20260208_112207/atari_krull_seed0/eval_eps/20260208T180330-44487f1ea8c44b5eaf22e05d1a89f711-1974.npz,1205,1225,0.0,1.0869739830443592e-10,3.3141207695007324,5.097428321838379,0.0,5.60953426361084,nan,nan,nan,nan
atari_krull,/home/haselab/projects/stable-deep-world-model/logs/models/from_scratch_atari_krull_vta_3seed_to_400000_20260208_112207/atari_krull_seed0,/home/haselab/projects/stable-deep-world-model/logs/models/from_scratch_atari_krull_vta_3seed_to_400000_20260208_112207/atari_krull_seed0/checkpoints/step-000100000.pt,/home/haselab/projects/stable-deep-world-model/logs/models/from_scratch_atari_krull_vta_3seed_to_400000_20260208_112207/atari_krull_seed0/eval_eps/20260208T180330-44487f1ea8c44b5eaf22e05d1a89f711-1974.npz,1210,1230,0.0,2.077698013636109e-10,3.3577828407287598,5.032843112945557,0.0,5.58917760848999,nan,nan,nan,nan
atari_krull,/home/haselab/projects/stable-deep-world-model/logs/models/from_scratch_atari_krull_vta_3seed_to_400000_20260208_112207/atari_krull_seed0,/home/haselab/projects/stable-deep-world-model/logs/models/from_scratch_atari_krull_vta_3seed_to_400000_20260208_112207/atari_krull_seed0/checkpoints/step-000100000.pt,/home/haselab/projects/stable-deep-world-model/logs/models/from_scratch_atari_krull_vta_3seed_to_400000_20260208_112207/atari_krull_seed0/eval_eps/20260208T180330-44487f1ea8c44b5eaf22e05d1a89f711-1974.npz,1215,1235,0.0,5.116359780288349e-09,3.3227195739746094,4.8801374435424805,0.0,5.38297176361084,nan,nan,nan,nan
atari_krull,/home/haselab/projects/stable-deep-world-model/logs/models/from_scratch_atari_krull_vta_3seed_to_400000_20260208_112207/atari_krull_seed0,/home/haselab/projects/stable-deep-world-model/logs/models/from_scratch_atari_krull_vta_3seed_to_400000_20260208_112207/atari_krull_seed0/checkpoints/step-000100000.pt,/home/haselab/projects/stable-deep-world-model/logs/models/from_scratch_atari_krull_vta_3seed_to_400000_20260208_112207/atari_krull_seed0/eval_eps/20260208T180330-44487f1ea8c44b5eaf22e05d1a89f711-1974.npz,1220,1240,0.0,5.198238284265244e-09,3.393071413040161,4.740305423736572,0.0,5.184992790222168,nan,nan,nan,nan
atari_krull,/home/haselab/projects/stable-deep-world-model/logs/models/from_scratch_atari_krull_vta_3seed_to_400000_20260208_112207/atari_krull_seed0,/home/haselab/projects/stable-deep-world-model/logs/models/from_scratch_atari_krull_vta_3seed_to_400000_20260208_112207/atari_krull_seed0/checkpoints/step-000100000.pt,/home/haselab/projects/stable-deep-world-model/logs/models/from_scratch_atari_krull_vta_3seed_to_400000_20260208_112207/atari_krull_seed0/eval_eps/20260208T180330-44487f1ea8c44b5eaf22e05d1a89f711-1974.npz,1225,1245,0.0,5.199844554937272e-09,3.453343152999878,4.827512741088867,0.0,5.279953479766846,nan,nan,nan,nan
atari_krull,/home/haselab/projects/stable-deep-world-model/logs/models/from_scratch_atari_krull_vta_3seed_to_400000_20260208_112207/atari_krull_seed0,/home/haselab/projects/stable-deep-world-model/logs/models/from_scratch_atari_krull_vta_3seed_to_400000_20260208_112207/atari_krull_seed0/checkpoints/step-000100000.pt,/home/haselab/projects/stable-deep-world-model/logs/models/from_scratch_atari_krull_vta_3seed_to_400000_20260208_112207/atari_krull_seed0/eval_eps/20260208T180330-44487f1ea8c44b5eaf22e05d1a89f711-1974.npz,1230,1250,0.0,4.998068625639007e-09,3.458300828933716,4.785660743713379,0.0,5.186718463897705,nan,nan,nan,nan
atari_krull,/home/haselab/projects/stable-deep-world-model/logs/models/from_scratch_atari_krull_vta_3seed_to_400000_20260208_112207/atari_krull_seed0,/home/haselab/projects/stable-deep-world-model/logs/models/from_scratch_atari_krull_vta_3seed_to_400000_20260208_112207/atari_krull_seed0/checkpoints/step-000100000.pt,/home/haselab/projects/stable-deep-world-model/logs/models/from_scratch_atari_krull_vta_3seed_to_400000_20260208_112207/atari_krull_seed0/eval_eps/20260208T180330-44487f1ea8c44b5eaf22e05d1a89f711-1974.npz,1235,1255,0.0,1.0079365120319039e-10,3.509899854660034,4.920526027679443,0.0,5.402104377746582,nan,nan,nan,nan
atari_krull,/home/haselab/projects/stable-deep-world-model/logs/models/from_scratch_atari_krull_vta_3seed_to_400000_20260208_112207/atari_krull_seed0,/home/haselab/projects/stable-deep-world-model/logs/models/from_scratch_atari_krull_vta_3seed_to_400000_20260208_112207/atari_krull_seed0/checkpoints/step-000100000.pt,/home/haselab/projects/stable-deep-world-model/logs/models/from_scratch_atari_krull_vta_3seed_to_400000_20260208_112207/atari_krull_seed0/eval_eps/20260208T180330-44487f1ea8c44b5eaf22e05d1a89f711-1974.npz,1240,1260,0.0,1.9780229537635918e-11,3.4557526111602783,4.823568344116211,0.0,5.4376115798950195,nan,nan,nan,nan
atari_krull,/home/haselab/projects/stable-deep-world-model/logs/models/from_scratch_atari_krull_vta_3seed_to_400000_20260208_112207/atari_krull_seed0,/home/haselab/projects/stable-deep-world-model/logs/models/from_scratch_atari_krull_vta_3seed_to_400000_20260208_112207/atari_krull_seed0/checkpoints/step-000100000.pt,/home/haselab/projects/stable-deep-world-model/logs/models/from_scratch_atari_krull_vta_3seed_to_400000_20260208_112207/atari_krull_seed0/eval_eps/20260208T180330-44487f1ea8c44b5eaf22e05d1a89f711-1974.npz,1245,1265,0.0,3.4249680869180565e-10,3.4516849517822266,4.84227180480957,0.0,5.438460350036621,nan,nan,nan,nan
atari_krull,/home/haselab/projects/stable-deep-world-model/logs/models/from_scratch_atari_krull_vta_3seed_to_400000_20260208_112207/atari_krull_seed0,/home/haselab/projects/stable-deep-world-model/logs/models/from_scratch_atari_krull_vta_3seed_to_400000_20260208_112207/atari_krull_seed0/checkpoints/step-000100000.pt,/home/haselab/projects/stable-deep-world-model/logs/models/from_scratch_atari_krull_vta_3seed_to_400000_20260208_112207/atari_krull_seed0/eval_eps/20260208T180330-44487f1ea8c44b5eaf22e05d1a89f711-1974.npz,1250,1270,0.0,5.993106566570816e-10,3.486980438232422,5.022979736328125,0.0,5.721837997436523,nan,nan,nan,nan
atari_krull,/home/haselab/projects/stable-deep-world-model/logs/models/from_scratch_atari_krull_vta_3seed_to_400000_20260208_112207/atari_krull_seed0,/home/haselab/projects/stable-deep-world-model/logs/models/from_scratch_atari_krull_vta_3seed_to_400000_20260208_112207/atari_krull_seed0/checkpoints/step-000100000.pt,/home/haselab/projects/stable-deep-world-model/logs/models/from_scratch_atari_krull_vta_3seed_to_400000_20260208_112207/atari_krull_seed0/eval_eps/20260208T180330-44487f1ea8c44b5eaf22e05d1a89f711-1974.npz,1255,1275,0.0,6.513575234734503e-10,3.4427731037139893,4.836068153381348,0.0,5.5034637451171875,nan,nan,nan,nan
atari_krull,/home/haselab/projects/stable-deep-world-model/logs/models/from_scratch_atari_krull_vta_3seed_to_400000_20260208_112207/atari_krull_seed0,/home/haselab/projects/stable-deep-world-model/logs/models/from_scratch_atari_krull_vta_3seed_to_400000_20260208_112207/atari_krull_seed0/checkpoints/step-000100000.pt,/home/haselab/projects/stable-deep-world-model/logs/models/from_scratch_atari_krull_vta_3seed_to_400000_20260208_112207/atari_krull_seed0/eval_eps/20260208T180330-44487f1ea8c44b5eaf22e05d1a89f711-1974.npz,1260,1280,0.0,7.685562186665607e-10,3.4409759044647217,4.8006815910339355,0.0,5.502371311187744,nan,nan,nan,nan
atari_krull,/home/haselab/projects/stable-deep-world-model/logs/models/from_scratch_atari_krull_vta_3seed_to_400000_20260208_112207/atari_krull_seed0,/home/haselab/projects/stable-deep-world-model/logs/models/from_scratch_atari_krull_vta_3seed_to_400000_20260208_112207/atari_krull_seed0/checkpoints/step-000100000.pt,/home/haselab/projects/stable-deep-world-model/logs/models/from_scratch_atari_krull_vta_3seed_to_400000_20260208_112207/atari_krull_seed0/eval_eps/20260208T180330-44487f1ea8c44b5eaf22e05d1a89f711-1974.npz,1265,1285,0.0,5.348682607930755e-10,3.413503646850586,4.73456335067749,0.0,5.443087577819824,nan,nan,nan,nan
atari_krull,/home/haselab/projects/stable-deep-world-model/logs/models/from_scratch_atari_krull_vta_3seed_to_400000_20260208_112207/atari_krull_seed0,/home/haselab/projects/stable-deep-world-model/logs/models/from_scratch_atari_krull_vta_3seed_to_400000_20260208_112207/atari_krull_seed0/checkpoints/step-000100000.pt,/home/haselab/projects/stable-deep-world-model/logs/models/from_scratch_atari_krull_vta_3seed_to_400000_20260208_112207/atari_krull_seed0/eval_eps/20260208T180330-44487f1ea8c44b5eaf22e05d1a89f711-1974.npz,1270,1290,0.0,6.087388726427889e-08,3.3834617137908936,4.522974491119385,0.0,5.07843542098999,nan,nan,nan,nan
atari_krull,/home/haselab/projects/stable-deep-world-model/logs/models/from_scratch_atari_krull_vta_3seed_to_400000_20260208_112207/atari_krull_seed0,/home/haselab/projects/stable-deep-world-model/logs/models/from_scratch_atari_krull_vta_3seed_to_400000_20260208_112207/atari_krull_seed0/checkpoints/step-000100000.pt,/home/haselab/projects/stable-deep-world-model/logs/models/from_scratch_atari_krull_vta_3seed_to_400000_20260208_112207/atari_krull_seed0/eval_eps/20260208T180330-44487f1ea8c44b5eaf22e05d1a89f711-1974.npz,1275,1295,0.0,6.163344323795172e-08,3.3973686695098877,4.5106682777404785,0.0,5.065342426300049,nan,nan,nan,nan
atari_krull,/home/haselab/projects/stable-deep-world-model/logs/models/from_scratch_atari_krull_vta_3seed_to_400000_20260208_112207/atari_krull_seed0,/home/haselab/projects/stable-deep-world-model/logs/models/from_scratch_atari_krull_vta_3seed_to_400000_20260208_112207/atari_krull_seed0/checkpoints/step-000100000.pt,/home/haselab/projects/stable-deep-world-model/logs/models/from_scratch_atari_krull_vta_3seed_to_400000_20260208_112207/atari_krull_seed0/eval_eps/20260208T180330-44487f1ea8c44b5eaf22e05d1a89f711-1974.npz,1280,1300,0.0,6.722115131196915e-08,3.3761696815490723,4.371018409729004,0.0,4.833852291107178,nan,nan,nan,nan
atari_krull,/home/haselab/projects/stable-deep-world-model/logs/models/from_scratch_atari_krull_vta_3seed_to_400000_20260208_112207/atari_krull_seed0,/home/haselab/projects/stable-deep-world-model/logs/models/from_scratch_atari_krull_vta_3seed_to_400000_20260208_112207/atari_krull_seed0/checkpoints/step-000100000.pt,/home/haselab/projects/stable-deep-world-model/logs/models/from_scratch_atari_krull_vta_3seed_to_400000_20260208_112207/atari_krull_seed0/eval_eps/20260208T180330-44487f1ea8c44b5eaf22e05d1a89f711-1974.npz,1285,1305,0.0,6.914641659250265e-08,3.37315034866333,4.378079414367676,0.0,4.840628147125244,nan,nan,nan,nan
atari_krull,/home/haselab/projects/stable-deep-world-model/logs/models/from_scratch_atari_krull_vta_3seed_to_400000_20260208_112207/atari_krull_seed0,/home/haselab/projects/stable-deep-world-model/logs/models/from_scratch_atari_krull_vta_3seed_to_400000_20260208_112207/atari_krull_seed0/checkpoints/step-000100000.pt,/home/haselab/projects/stable-deep-world-model/logs/models/from_scratch_atari_krull_vta_3seed_to_400000_20260208_112207/atari_krull_seed0/eval_eps/20260208T180330-44487f1ea8c44b5eaf22e05d1a89f711-1974.npz,1290,1310,0.0,8.550697927489637e-09,3.406688690185547,4.479960918426514,0.0,4.955348491668701,nan,nan,nan,nan
atari_krull,/home/haselab/projects/stable-deep-world-model/logs/models/from_scratch_atari_krull_vta_3seed_to_400000_20260208_112207/atari_krull_seed0,/home/haselab/projects/stable-deep-world-model/logs/models/from_scratch_atari_krull_vta_3seed_to_400000_20260208_112207/atari_krull_seed0/checkpoints/step-000100000.pt,/home/haselab/projects/stable-deep-world-model/logs/models/from_scratch_atari_krull_vta_3seed_to_400000_20260208_112207/atari_krull_seed0/eval_eps/20260208T180330-44487f1ea8c44b5eaf22e05d1a89f711-1974.npz,1295,1315,0.0,9.880541718132463e-09,3.462831974029541,4.470229625701904,0.0,4.884915828704834,nan,nan,nan,nan
atari_krull,/home/haselab/projects/stable-deep-world-model/logs/models/from_scratch_atari_krull_vta_3seed_to_400000_20260208_112207/atari_krull_seed0,/home/haselab/projects/stable-deep-world-model/logs/models/from_scratch_atari_krull_vta_3seed_to_400000_20260208_112207/atari_krull_seed0/checkpoints/step-000100000.pt,/home/haselab/projects/stable-deep-world-model/logs/models/from_scratch_atari_krull_vta_3seed_to_400000_20260208_112207/atari_krull_seed0/eval_eps/20260208T180330-44487f1ea8c44b5eaf22e05d1a89f711-1974.npz,1300,1320,0.0,4.173979384347604e-09,3.5160071849823,4.563664436340332,0.0,4.921151161193848,nan,nan,nan,nan
atari_krull,/home/haselab/projects/stable-deep-world-model/logs/models/from_scratch_atari_krull_vta_3seed_to_400000_20260208_112207/atari_krull_seed0,/home/haselab/projects/stable-deep-world-model/logs/models/from_scratch_atari_krull_vta_3seed_to_400000_20260208_112207/atari_krull_seed0/checkpoints/step-000100000.pt,/home/haselab/projects/stable-deep-world-model/logs/models/from_scratch_atari_krull_vta_3seed_to_400000_20260208_112207/atari_krull_seed0/eval_eps/20260208T180330-44487f1ea8c44b5eaf22e05d1a89f711-1974.npz,1305,1325,0.0,2.1607753364349946e-09,3.554408311843872,4.441910266876221,0.0,4.756314754486084,nan,nan,nan,nan
atari_krull,/home/haselab/projects/stable-deep-world-model/logs/models/from_scratch_atari_krull_vta_3seed_to_400000_20260208_112207/atari_krull_seed0,/home/haselab/projects/stable-deep-world-model/logs/models/from_scratch_atari_krull_vta_3seed_to_400000_20260208_112207/atari_krull_seed0/checkpoints/step-000100000.pt,/home/haselab/projects/stable-deep-world-model/logs/models/from_scratch_atari_krull_vta_3seed_to_400000_20260208_112207/atari_krull_seed0/eval_eps/20260208T180330-44487f1ea8c44b5eaf22e05d1a89f711-1974.npz,1310,1330,0.0,3.6410867654268486e-09,3.5238499641418457,4.3465189933776855,0.0,4.6720967292785645,nan,nan,nan,nan
atari_krull,/home/haselab/projects/stable-deep-world-model/logs/models/from_scratch_atari_krull_vta_3seed_to_400000_20260208_112207/atari_krull_seed0,/home/haselab/projects/stable-deep-world-model/logs/models/from_scratch_atari_krull_vta_3seed_to_400000_20260208_112207/atari_krull_seed0/checkpoints/step-000100000.pt,/home/haselab/projects/stable-deep-world-model/logs/models/from_scratch_atari_krull_vta_3seed_to_400000_20260208_112207/atari_krull_seed0/eval_eps/20260208T180330-44487f1ea8c44b5eaf22e05d1a89f711-1974.npz,1315,1335,0.0,1.488326129006623e-09,3.4841644763946533,4.440945625305176,0.0,4.840785980224609,nan,nan,nan,nan
atari_krull,/home/haselab/projects/stable-deep-world-model/logs/models/from_scratch_atari_krull_vta_3seed_to_400000_20260208_112207/atari_krull_seed0,/home/haselab/projects/stable-deep-world-model/logs/models/from_scratch_atari_krull_vta_3seed_to_400000_20260208_112207/atari_krull_seed0/checkpoints/step-000100000.pt,/home/haselab/projects/stable-deep-world-model/logs/models/from_scratch_atari_krull_vta_3seed_to_400000_20260208_112207/atari_krull_seed0/eval_eps/20260208T180330-44487f1ea8c44b5eaf22e05d1a89f711-1974.npz,1320,1340,0.0,1.5327479285787149e-09,3.5249545574188232,4.475480079650879,0.0,4.963086128234863,nan,nan,nan,nan
atari_krull,/home/haselab/projects/stable-deep-world-model/logs/models/from_scratch_atari_krull_vta_3seed_to_400000_20260208_112207/atari_krull_seed0,/home/haselab/projects/stable-deep-world-model/logs/models/from_scratch_atari_krull_vta_3seed_to_400000_20260208_112207/atari_krull_seed0/checkpoints/step-000100000.pt,/home/haselab/projects/stable-deep-world-model/logs/models/from_scratch_atari_krull_vta_3seed_to_400000_20260208_112207/atari_krull_seed0/eval_eps/20260208T180330-44487f1ea8c44b5eaf22e05d1a89f711-1974.npz,1325,1345,0.0,1.52488399685069e-09,3.5262272357940674,4.51719331741333,0.0,5.026444911956787,nan,nan,nan,nan
atari_krull,/home/haselab/projects/stable-deep-world-model/logs/models/from_scratch_atari_krull_vta_3seed_to_400000_20260208_112207/atari_krull_seed0,/home/haselab/projects/stable-deep-world-model/logs/models/from_scratch_atari_krull_vta_3seed_to_400000_20260208_112207/atari_krull_seed0/checkpoints/step-000100000.pt,/home/haselab/projects/stable-deep-world-model/logs/models/from_scratch_atari_krull_vta_3seed_to_400000_20260208_112207/atari_krull_seed0/eval_eps/20260208T180330-44487f1ea8c44b5eaf22e05d1a89f711-1974.npz,1330,1350,0.0,4.4438779045474774e-11,3.525970935821533,4.406078338623047,0.0,5.062917232513428,nan,nan,nan,nan
atari_krull,/home/haselab/projects/stable-deep-world-model/logs/models/from_scratch_atari_krull_vta_3seed_to_400000_20260208_112207/atari_krull_seed0,/home/haselab/projects/stable-deep-world-model/logs/models/from_scratch_atari_krull_vta_3seed_to_400000_20260208_112207/atari_krull_seed0/checkpoints/step-000100000.pt,/home/haselab/projects/stable-deep-world-model/logs/models/from_scratch_atari_krull_vta_3seed_to_400000_20260208_112207/atari_krull_seed0/eval_eps/20260208T180330-44487f1ea8c44b5eaf22e05d1a89f711-1974.npz,1335,1355,0.0,4.4421945288863895e-11,3.4920260906219482,4.36945915222168,0.0,4.946757793426514,nan,nan,nan,nan
atari_krull,/home/haselab/projects/stable-deep-world-model/logs/models/from_scratch_atari_krull_vta_3seed_to_400000_20260208_112207/atari_krull_seed0,/home/haselab/projects/stable-deep-world-model/logs/models/from_scratch_atari_krull_vta_3seed_to_400000_20260208_112207/atari_krull_seed0/checkpoints/step-000100000.pt,/home/haselab/projects/stable-deep-world-model/logs/models/from_scratch_atari_krull_vta_3seed_to_400000_20260208_112207/atari_krull_seed0/eval_eps/20260208T180330-44487f1ea8c44b5eaf22e05d1a89f711-1974.npz,1340,1360,0.0,1.6718561824118246e-14,3.4946773052215576,4.548465728759766,0.0,5.042180061340332,nan,nan,nan,nan
atari_krull,/home/haselab/projects/stable-deep-world-model/logs/models/from_scratch_atari_krull_vta_3seed_to_400000_20260208_112207/atari_krull_seed0,/home/haselab/projects/stable-deep-world-model/logs/models/from_scratch_atari_krull_vta_3seed_to_400000_20260208_112207/atari_krull_seed0/checkpoints/step-000100000.pt,/home/haselab/projects/stable-deep-world-model/logs/models/from_scratch_atari_krull_vta_3seed_to_400000_20260208_112207/atari_krull_seed0/eval_eps/20260208T180330-44487f1ea8c44b5eaf22e05d1a89f711-1974.npz,1345,1365,0.0,9.335171795733094e-14,3.5098166465759277,4.748559474945068,0.0,5.317174434661865,nan,nan,nan,nan
atari_krull,/home/haselab/projects/stable-deep-world-model/logs/models/from_scratch_atari_krull_vta_3seed_to_400000_20260208_112207/atari_krull_seed0,/home/haselab/projects/stable-deep-world-model/logs/models/from_scratch_atari_krull_vta_3seed_to_400000_20260208_112207/atari_krull_seed0/checkpoints/step-000100000.pt,/home/haselab/projects/stable-deep-world-model/logs/models/from_scratch_atari_krull_vta_3seed_to_400000_20260208_112207/atari_krull_seed0/eval_eps/20260208T180330-44487f1ea8c44b5eaf22e05d1a89f711-1974.npz,1350,1370,0.0,4.678132338974128e-13,3.5329596996307373,4.8418097496032715,0.0,5.296271324157715,nan,nan,nan,nan
atari_krull,/home/haselab/projects/stable-deep-world-model/logs/models/from_scratch_atari_krull_vta_3seed_to_400000_20260208_112207/atari_krull_seed0,/home/haselab/projects/stable-deep-world-model/logs/models/from_scratch_atari_krull_vta_3seed_to_400000_20260208_112207/atari_krull_seed0/checkpoints/step-000100000.pt,/home/haselab/projects/stable-deep-world-model/logs/models/from_scratch_atari_krull_vta_3seed_to_400000_20260208_112207/atari_krull_seed0/eval_eps/20260208T180330-44487f1ea8c44b5eaf22e05d1a89f711-1974.npz,1355,1375,0.05,0.05000000074505806,3.4924609661102295,4.963332176208496,0.4421585202217102,5.591423034667969,7.521164417266846,9.268516540527344,8.843170166015625,10.178914070129395
atari_krull,/home/haselab/projects/stable-deep-world-model/logs/models/from_scratch_atari_krull_vta_3seed_to_400000_20260208_112207/atari_krull_seed0,/home/haselab/projects/stable-deep-world-model/logs/models/from_scratch_atari_krull_vta_3seed_to_400000_20260208_112207/atari_krull_seed0/checkpoints/step-000100000.pt,/home/haselab/projects/stable-deep-world-model/logs/models/from_scratch_atari_krull_vta_3seed_to_400000_20260208_112207/atari_krull_seed0/eval_eps/20260208T180330-44487f1ea8c44b5eaf22e05d1a89f711-1974.npz,1360,1380,0.05,0.05000000074505806,2.883544445037842,5.102516174316406,0.4421585202217102,5.89384651184082,7.521164417266846,9.268516540527344,8.843170166015625,10.178914070129395
atari_krull,/home/haselab/projects/stable-deep-world-model/logs/models/from_scratch_atari_krull_vta_3seed_to_400000_20260208_112207/atari_krull_seed0,/home/haselab/projects/stable-deep-world-model/logs/models/from_scratch_atari_krull_vta_3seed_to_400000_20260208_112207/atari_krull_seed0/checkpoints/step-000100000.pt,/home/haselab/projects/stable-deep-world-model/logs/models/from_scratch_atari_krull_vta_3seed_to_400000_20260208_112207/atari_krull_seed0/eval_eps/20260208T180330-44487f1ea8c44b5eaf22e05d1a89f711-1974.npz,1365,1385,0.05,0.05000000074505806,2.3444998264312744,5.678093910217285,0.4421585202217102,6.452775001525879,7.521164417266846,9.268516540527344,8.843170166015625,10.178914070129395
atari_krull,/home/haselab/projects/stable-deep-world-model/logs/models/from_scratch_atari_krull_vta_3seed_to_400000_20260208_112207/atari_krull_seed0,/home/haselab/projects/stable-deep-world-model/logs/models/from_scratch_atari_krull_vta_3seed_to_400000_20260208_112207/atari_krull_seed0/checkpoints/step-000100000.pt,/home/haselab/projects/stable-deep-world-model/logs/models/from_scratch_atari_krull_vta_3seed_to_400000_20260208_112207/atari_krull_seed0/eval_eps/20260208T180330-44487f1ea8c44b5eaf22e05d1a89f711-1974.npz,1370,1390,0.05,0.05000000074505806,1.8109242916107178,6.847664833068848,0.4421585202217102,7.500441074371338,7.521164417266846,9.268516540527344,8.843170166015625,10.178914070129395
atari_krull,/home/haselab/projects/stable-deep-world-model/logs/models/from_scratch_atari_krull_vta_3seed_to_400000_20260208_112207/atari_krull_seed0,/home/haselab/projects/stable-deep-world-model/logs/models/from_scratch_atari_krull_vta_3seed_to_400000_20260208_112207/atari_krull_seed0/checkpoints/step-000100000.pt,/home/haselab/projects/stable-deep-world-model/logs/models/from_scratch_atari_krull_vta_3seed_to_400000_20260208_112207/atari_krull_seed0/eval_eps/20260208T180330-44487f1ea8c44b5eaf22e05d1a89f711-1974.npz,1375,1395,0.0,8.491279773702154e-16,1.4195811748504639,8.051263809204102,0.0,8.573366165161133,nan,nan,nan,nan
atari_krull,/home/haselab/projects/stable-deep-world-model/logs/models/from_scratch_atari_krull_vta_3seed_to_400000_20260208_112207/atari_krull_seed0,/home/haselab/projects/stable-deep-world-model/logs/models/from_scratch_atari_krull_vta_3seed_to_400000_20260208_112207/atari_krull_seed0/checkpoints/step-000100000.pt,/home/haselab/projects/stable-deep-world-model/logs/models/from_scratch_atari_krull_vta_3seed_to_400000_20260208_112207/atari_krull_seed0/eval_eps/20260208T180330-44487f1ea8c44b5eaf22e05d1a89f711-1974.npz,1380,1400,0.0,8.322802802910906e-16,1.484296441078186,9.065414428710938,0.0,9.41937255859375,nan,nan,nan,nan
atari_krull,/home/haselab/projects/stable-deep-world-model/logs/models/from_scratch_atari_krull_vta_3seed_to_400000_20260208_112207/atari_krull_seed0,/home/haselab/projects/stable-deep-world-model/logs/models/from_scratch_atari_krull_vta_3seed_to_400000_20260208_112207/atari_krull_seed0/checkpoints/step-000100000.pt,/home/haselab/projects/stable-deep-world-model/logs/models/from_scratch_atari_krull_vta_3seed_to_400000_20260208_112207/atari_krull_seed0/eval_eps/20260208T180330-44487f1ea8c44b5eaf22e05d1a89f711-1974.npz,1385,1405,0.0,3.362810797850218e-16,1.4570205211639404,9.841874122619629,0.0,10.039849281311035,nan,nan,nan,nan
atari_krull,/home/haselab/projects/stable-deep-world-model/logs/models/from_scratch_atari_krull_vta_3seed_to_400000_20260208_112207/atari_krull_seed0,/home/haselab/projects/stable-deep-world-model/logs/models/from_scratch_atari_krull_vta_3seed_to_400000_20260208_112207/atari_krull_seed0/checkpoints/step-000100000.pt,/home/haselab/projects/stable-deep-world-model/logs/models/from_scratch_atari_krull_vta_3seed_to_400000_20260208_112207/atari_krull_seed0/eval_eps/20260208T180330-44487f1ea8c44b5eaf22e05d1a89f711-1974.npz,1390,1410,0.0,9.032193971571179e-19,1.4643993377685547,10.318429946899414,0.0,10.539734840393066,nan,nan,nan,nan
atari_krull,/home/haselab/projects/stable-deep-world-model/logs/models/from_scratch_atari_krull_vta_3seed_to_400000_20260208_112207/atari_krull_seed0,/home/haselab/projects/stable-deep-world-model/logs/models/from_scratch_atari_krull_vta_3seed_to_400000_20260208_112207/atari_krull_seed0/checkpoints/step-000100000.pt,/home/haselab/projects/stable-deep-world-model/logs/models/from_scratch_atari_krull_vta_3seed_to_400000_20260208_112207/atari_krull_seed0/eval_eps/20260208T180330-44487f1ea8c44b5eaf22e05d1a89f711-1974.npz,1395,1415,0.0,5.817792341669076e-19,1.3849818706512451,10.565481185913086,0.0,10.788370132446289,nan,nan,nan,nan
atari_krull,/home/haselab/projects/stable-deep-world-model/logs/models/from_scratch_atari_krull_vta_3seed_to_400000_20260208_112207/atari_krull_seed0,/home/haselab/projects/stable-deep-world-model/logs/models/from_scratch_atari_krull_vta_3seed_to_400000_20260208_112207/atari_krull_seed0/checkpoints/step-000100000.pt,/home/haselab/projects/stable-deep-world-model/logs/models/from_scratch_atari_krull_vta_3seed_to_400000_20260208_112207/atari_krull_seed0/eval_eps/20260208T180330-44487f1ea8c44b5eaf22e05d1a89f711-1974.npz,1400,1420,0.0,1.683994324315914e-19,1.3555015325546265,10.847674369812012,0.0,11.13235092163086,nan,nan,nan,nan
atari_krull,/home/haselab/projects/stable-deep-world-model/logs/models/from_scratch_atari_krull_vta_3seed_to_400000_20260208_112207/atari_krull_seed0,/home/haselab/projects/stable-deep-world-model/logs/models/from_scratch_atari_krull_vta_3seed_to_400000_20260208_112207/atari_krull_seed0/checkpoints/step-000100000.pt,/home/haselab/projects/stable-deep-world-model/logs/models/from_scratch_atari_krull_vta_3seed_to_400000_20260208_112207/atari_krull_seed0/eval_eps/20260208T180330-44487f1ea8c44b5eaf22e05d1a89f711-1974.npz,1405,1425,0.0,8.17976005190479e-19,1.3448495864868164,11.031675338745117,0.0,11.372502326965332,nan,nan,nan,nan
atari_krull,/home/haselab/projects/stable-deep-world-model/logs/models/from_scratch_atari_krull_vta_3seed_to_400000_20260208_112207/atari_krull_seed0,/home/haselab/projects/stable-deep-world-model/logs/models/from_scratch_atari_krull_vta_3seed_to_400000_20260208_112207/atari_krull_seed0/checkpoints/step-000100000.pt,/home/haselab/projects/stable-deep-world-model/logs/models/from_scratch_atari_krull_vta_3seed_to_400000_20260208_112207/atari_krull_seed0/eval_eps/20260208T180330-44487f1ea8c44b5eaf22e05d1a89f711-1974.npz,1410,1430,0.0,8.115324233150558e-19,1.3063690662384033,11.011713981628418,0.0,11.450384140014648,nan,nan,nan,nan
atari_krull,/home/haselab/projects/stable-deep-world-model/logs/models/from_scratch_atari_krull_vta_3seed_to_400000_20260208_112207/atari_krull_seed0,/home/haselab/projects/stable-deep-world-model/logs/models/from_scratch_atari_krull_vta_3seed_to_400000_20260208_112207/atari_krull_seed0/checkpoints/step-000100000.pt,/home/haselab/projects/stable-deep-world-model/logs/models/from_scratch_atari_krull_vta_3seed_to_400000_20260208_112207/atari_krull_seed0/eval_eps/20260208T180330-44487f1ea8c44b5eaf22e05d1a89f711-1974.npz,1415,1435,0.0,6.647961661172834e-19,1.3089455366134644,11.018113136291504,0.0,11.517515182495117,nan,nan,nan,nan
atari_krull,/home/haselab/projects/stable-deep-world-model/logs/models/from_scratch_atari_krull_vta_3seed_to_400000_20260208_112207/atari_krull_seed0,/home/haselab/projects/stable-deep-world-model/logs/models/from_scratch_atari_krull_vta_3seed_to_400000_20260208_112207/atari_krull_seed0/checkpoints/step-000100000.pt,/home/haselab/projects/stable-deep-world-model/logs/models/from_scratch_atari_krull_vta_3seed_to_400000_20260208_112207/atari_krull_seed0/eval_eps/20260208T180330-44487f1ea8c44b5eaf22e05d1a89f711-1974.npz,1420,1440,0.0,6.633574405381123e-19,1.285340428352356,10.929547309875488,0.0,11.225409507751465,nan,nan,nan,nan
atari_krull,/home/haselab/projects/stable-deep-world-model/logs/models/from_scratch_atari_krull_vta_3seed_to_400000_20260208_112207/atari_krull_seed0,/home/haselab/projects/stable-deep-world-model/logs/models/from_scratch_atari_krull_vta_3seed_to_400000_20260208_112207/atari_krull_seed0/checkpoints/step-000100000.pt,/home/haselab/projects/stable-deep-world-model/logs/models/from_scratch_atari_krull_vta_3seed_to_400000_20260208_112207/atari_krull_seed0/eval_eps/20260208T180330-44487f1ea8c44b5eaf22e05d1a89f711-1974.npz,1425,1445,0.0,5.741016143320353e-22,1.2899402379989624,10.967819213867188,0.0,11.26817512512207,nan,nan,nan,nan
atari_krull,/home/haselab/projects/stable-deep-world-model/logs/models/from_scratch_atari_krull_vta_3seed_to_400000_20260208_112207/atari_krull_seed0,/home/haselab/projects/stable-deep-world-model/logs/models/from_scratch_atari_krull_vta_3seed_to_400000_20260208_112207/atari_krull_seed0/checkpoints/step-000100000.pt,/home/haselab/projects/stable-deep-world-model/logs/models/from_scratch_atari_krull_vta_3seed_to_400000_20260208_112207/atari_krull_seed0/eval_eps/20260208T180330-44487f1ea8c44b5eaf22e05d1a89f711-1974.npz,1430,1450,0.0,5.734906699599342e-22,1.296067714691162,10.903643608093262,0.0,11.203177452087402,nan,nan,nan,nan
atari_krull,/home/haselab/projects/stable-deep-world-model/logs/models/from_scratch_atari_krull_vta_3seed_to_400000_20260208_112207/atari_krull_seed0,/home/haselab/projects/stable-deep-world-model/logs/models/from_scratch_atari_krull_vta_3seed_to_400000_20260208_112207/atari_krull_seed0/checkpoints/step-000100000.pt,/home/haselab/projects/stable-deep-world-model/logs/models/from_scratch_atari_krull_vta_3seed_to_400000_20260208_112207/atari_krull_seed0/eval_eps/20260208T180330-44487f1ea8c44b5eaf22e05d1a89f711-1974.npz,1435,1455,0.0,2.1263729796796524e-21,1.290992259979248,10.865700721740723,0.0,11.082991600036621,nan,nan,nan,nan
atari_krull,/home/haselab/projects/stable-deep-world-model/logs/models/from_scratch_atari_krull_vta_3seed_to_400000_20260208_112207/atari_krull_seed0,/home/haselab/projects/stable-deep-world-model/logs/models/from_scratch_atari_krull_vta_3seed_to_400000_20260208_112207/atari_krull_seed0/checkpoints/step-000100000.pt,/home/haselab/projects/stable-deep-world-model/logs/models/from_scratch_atari_krull_vta_3seed_to_400000_20260208_112207/atari_krull_seed0/eval_eps/20260208T180330-44487f1ea8c44b5eaf22e05d1a89f711-1974.npz,1440,1460,0.0,3.365178254937794e-16,1.2882068157196045,10.667773246765137,0.0,11.052579879760742,nan,nan,nan,nan
atari_krull,/home/haselab/projects/stable-deep-world-model/logs/models/from_scratch_atari_krull_vta_3seed_to_400000_20260208_112207/atari_krull_seed0,/home/haselab/projects/stable-deep-world-model/logs/models/from_scratch_atari_krull_vta_3seed_to_400000_20260208_112207/atari_krull_seed0/checkpoints/step-000100000.pt,/home/haselab/projects/stable-deep-world-model/logs/models/from_scratch_atari_krull_vta_3seed_to_400000_20260208_112207/atari_krull_seed0/eval_eps/20260208T180330-44487f1ea8c44b5eaf22e05d1a89f711-1974.npz,1445,1465,0.0,3.3654090714159207e-16,1.2608650922775269,9.694512367248535,0.0,10.111329078674316,nan,nan,nan,nan
atari_krull,/home/haselab/projects/stable-deep-world-model/logs/models/from_scratch_atari_krull_vta_3seed_to_400000_20260208_112207/atari_krull_seed0,/home/haselab/projects/stable-deep-world-model/logs/models/from_scratch_atari_krull_vta_3seed_to_400000_20260208_112207/atari_krull_seed0/checkpoints/step-000100000.pt,/home/haselab/projects/stable-deep-world-model/logs/models/from_scratch_atari_krull_vta_3seed_to_400000_20260208_112207/atari_krull_seed0/eval_eps/20260208T180330-44487f1ea8c44b5eaf22e05d1a89f711-1974.npz,1450,1470,0.0,2.635313045936576e-15,1.1343353986740112,8.753366470336914,0.0,9.157299995422363,nan,nan,nan,nan
atari_krull,/home/haselab/projects/stable-deep-world-model/logs/models/from_scratch_atari_krull_vta_3seed_to_400000_20260208_112207/atari_krull_seed0,/home/haselab/projects/stable-deep-world-model/logs/models/from_scratch_atari_krull_vta_3seed_to_400000_20260208_112207/atari_krull_seed0/checkpoints/step-000100000.pt,/home/haselab/projects/stable-deep-world-model/logs/models/from_scratch_atari_krull_vta_3seed_to_400000_20260208_112207/atari_krull_seed0/eval_eps/20260208T180330-44487f1ea8c44b5eaf22e05d1a89f711-1974.npz,1455,1475,0.0,1.8115290600917433e-08,1.0817146301269531,7.4564409255981445,0.0,7.895751953125,nan,nan,nan,nan
atari_krull,/home/haselab/projects/stable-deep-world-model/logs/models/from_scratch_atari_krull_vta_3seed_to_400000_20260208_112207/atari_krull_seed0,/home/haselab/projects/stable-deep-world-model/logs/models/from_scratch_atari_krull_vta_3seed_to_400000_20260208_112207/atari_krull_seed0/checkpoints/step-000100000.pt,/home/haselab/projects/stable-deep-world-model/logs/models/from_scratch_atari_krull_vta_3seed_to_400000_20260208_112207/atari_krull_seed0/eval_eps/20260208T180330-44487f1ea8c44b5eaf22e05d1a89f711-1974.npz,1460,1480,0.0,1.8115292377274272e-08,0.948705792427063,5.864699840545654,0.0,6.367604732513428,nan,nan,nan,nan
atari_krull,/home/haselab/projects/stable-deep-world-model/logs/models/from_scratch_atari_krull_vta_3seed_to_400000_20260208_112207/atari_krull_seed0,/home/haselab/projects/stable-deep-world-model/logs/models/from_scratch_atari_krull_vta_3seed_to_400000_20260208_112207/atari_krull_seed0/checkpoints/step-000100000.pt,/home/haselab/projects/stable-deep-world-model/logs/models/from_scratch_atari_krull_vta_3seed_to_400000_20260208_112207/atari_krull_seed0/eval_eps/20260208T180330-44487f1ea8c44b5eaf22e05d1a89f711-1974.npz,1465,1485,0.0,1.8115306588128988e-08,0.7225231528282166,4.353055477142334,0.0,5.156471252441406,nan,nan,nan,nan
atari_krull,/home/haselab/projects/stable-deep-world-model/logs/models/from_scratch_atari_krull_vta_3seed_to_400000_20260208_112207/atari_krull_seed0,/home/haselab/projects/stable-deep-world-model/logs/models/from_scratch_atari_krull_vta_3seed_to_400000_20260208_112207/atari_krull_seed0/checkpoints/step-000100000.pt,/home/haselab/projects/stable-deep-world-model/logs/models/from_scratch_atari_krull_vta_3seed_to_400000_20260208_112207/atari_krull_seed0/eval_eps/20260208T180330-44487f1ea8c44b5eaf22e05d1a89f711-1974.npz,1470,1490,0.0,1.8115313693556345e-08,0.5537808537483215,2.996720552444458,0.0,4.080862998962402,nan,nan,nan,nan
atari_krull,/home/haselab/projects/stable-deep-world-model/logs/models/from_scratch_atari_krull_vta_3seed_to_400000_20260208_112207/atari_krull_seed0,/home/haselab/projects/stable-deep-world-model/logs/models/from_scratch_atari_krull_vta_3seed_to_400000_20260208_112207/atari_krull_seed0/checkpoints/step-000100000.pt,/home/haselab/projects/stable-deep-world-model/logs/models/from_scratch_atari_krull_vta_3seed_to_400000_20260208_112207/atari_krull_seed0/eval_eps/20260208T180330-44487f1ea8c44b5eaf22e05d1a89f711-1974.npz,1475,1495,0.0,3.1830264877845404e-14,0.28293952345848083,1.6658079624176025,0.0,3.121159076690674,nan,nan,nan,nan
atari_krull,/home/haselab/projects/stable-deep-world-model/logs/models/from_scratch_atari_krull_vta_3seed_to_400000_20260208_112207/atari_krull_seed0,/home/haselab/projects/stable-deep-world-model/logs/models/from_scratch_atari_krull_vta_3seed_to_400000_20260208_112207/atari_krull_seed0/checkpoints/step-000100000.pt,/home/haselab/projects/stable-deep-world-model/logs/models/from_scratch_atari_krull_vta_3seed_to_400000_20260208_112207/atari_krull_seed0/eval_eps/20260208T180330-44487f1ea8c44b5eaf22e05d1a89f711-1974.npz,1480,1500,0.0,3.374662948716321e-14,0.23867711424827576,1.1804039478302002,0.0,2.8615975379943848,nan,nan,nan,nan
atari_krull,/home/haselab/projects/stable-deep-world-model/logs/models/from_scratch_atari_krull_vta_3seed_to_400000_20260208_112207/atari_krull_seed0,/home/haselab/projects/stable-deep-world-model/logs/models/from_scratch_atari_krull_vta_3seed_to_400000_20260208_112207/atari_krull_seed0/checkpoints/step-000100000.pt,/home/haselab/projects/stable-deep-world-model/logs/models/from_scratch_atari_krull_vta_3seed_to_400000_20260208_112207/atari_krull_seed0/eval_eps/20260208T180330-44487f1ea8c44b5eaf22e05d1a89f711-1974.npz,1485,1505,0.0,2.0413590590584625e-14,0.4328940510749817,1.7158397436141968,0.0,3.24914288520813,nan,nan,nan,nan
atari_krull,/home/haselab/projects/stable-deep-world-model/logs/models/from_scratch_atari_krull_vta_3seed_to_400000_20260208_112207/atari_krull_seed0,/home/haselab/projects/stable-deep-world-model/logs/models/from_scratch_atari_krull_vta_3seed_to_400000_20260208_112207/atari_krull_seed0/checkpoints/step-000100000.pt,/home/haselab/projects/stable-deep-world-model/logs/models/from_scratch_atari_krull_vta_3seed_to_400000_20260208_112207/atari_krull_seed0/eval_eps/20260208T180330-44487f1ea8c44b5eaf22e05d1a89f711-1974.npz,1490,1510,0.0,1.7213739656775362e-13,0.6350525617599487,2.619976043701172,0.0,4.001278877258301,nan,nan,nan,nan
atari_krull,/home/haselab/projects/stable-deep-world-model/logs/models/from_scratch_atari_krull_vta_3seed_to_400000_20260208_112207/atari_krull_seed0,/home/haselab/projects/stable-deep-world-model/logs/models/from_scratch_atari_krull_vta_3seed_to_400000_20260208_112207/atari_krull_seed0/checkpoints/step-000100000.pt,/home/haselab/projects/stable-deep-world-model/logs/models/from_scratch_atari_krull_vta_3seed_to_400000_20260208_112207/atari_krull_seed0/eval_eps/20260208T180330-44487f1ea8c44b5eaf22e05d1a89f711-1974.npz,1495,1515,0.0,1.939366364982903e-13,0.9465285539627075,4.303351879119873,0.0,5.359812259674072,nan,nan,nan,nan
atari_krull,/home/haselab/projects/stable-deep-world-model/logs/models/from_scratch_atari_krull_vta_3seed_to_400000_20260208_112207/atari_krull_seed0,/home/haselab/projects/stable-deep-world-model/logs/models/from_scratch_atari_krull_vta_3seed_to_400000_20260208_112207/atari_krull_seed0/checkpoints/step-000100000.pt,/home/haselab/projects/stable-deep-world-model/logs/models/from_scratch_atari_krull_vta_3seed_to_400000_20260208_112207/atari_krull_seed0/eval_eps/20260208T180330-44487f1ea8c44b5eaf22e05d1a89f711-1974.npz,1500,1520,0.0,1.9241490453909826e-13,1.1498661041259766,6.194792747497559,0.0,7.011923313140869,nan,nan,nan,nan
atari_krull,/home/haselab/projects/stable-deep-world-model/logs/models/from_scratch_atari_krull_vta_3seed_to_400000_20260208_112207/atari_krull_seed0,/home/haselab/projects/stable-deep-world-model/logs/models/from_scratch_atari_krull_vta_3seed_to_400000_20260208_112207/atari_krull_seed0/checkpoints/step-000100000.pt,/home/haselab/projects/stable-deep-world-model/logs/models/from_scratch_atari_krull_vta_3seed_to_400000_20260208_112207/atari_krull_seed0/eval_eps/20260208T180330-44487f1ea8c44b5eaf22e05d1a89f711-1974.npz,1505,1525,0.0,4.471885643904383e-13,1.2435153722763062,7.773517608642578,0.0,8.34530258178711,nan,nan,nan,nan
atari_krull,/home/haselab/projects/stable-deep-world-model/logs/models/from_scratch_atari_krull_vta_3seed_to_400000_20260208_112207/atari_krull_seed0,/home/haselab/projects/stable-deep-world-model/logs/models/from_scratch_atari_krull_vta_3seed_to_400000_20260208_112207/atari_krull_seed0/checkpoints/step-000100000.pt,/home/haselab/projects/stable-deep-world-model/logs/models/from_scratch_atari_krull_vta_3seed_to_400000_20260208_112207/atari_krull_seed0/eval_eps/20260208T180330-44487f1ea8c44b5eaf22e05d1a89f711-1974.npz,1510,1530,0.0,3.2929710932876055e-13,1.4063760042190552,9.304370880126953,0.0,9.711337089538574,nan,nan,nan,nan
atari_krull,/home/haselab/projects/stable-deep-world-model/logs/models/from_scratch_atari_krull_vta_3seed_to_400000_20260208_112207/atari_krull_seed0,/home/haselab/projects/stable-deep-world-model/logs/models/from_scratch_atari_krull_vta_3seed_to_400000_20260208_112207/atari_krull_seed0/checkpoints/step-000100000.pt,/home/haselab/projects/stable-deep-world-model/logs/models/from_scratch_atari_krull_vta_3seed_to_400000_20260208_112207/atari_krull_seed0/eval_eps/20260208T180330-44487f1ea8c44b5eaf22e05d1a89f711-1974.npz,1515,1535,0.0,2.977708140824986e-13,1.4470876455307007,10.873659133911133,0.0,11.220132827758789,nan,nan,nan,nan
atari_krull,/home/haselab/projects/stable-deep-world-model/logs/models/from_scratch_atari_krull_vta_3seed_to_400000_20260208_112207/atari_krull_seed0,/home/haselab/projects/stable-deep-world-model/logs/models/from_scratch_atari_krull_vta_3seed_to_400000_20260208_112207/atari_krull_seed0/checkpoints/step-000100000.pt,/home/haselab/projects/stable-deep-world-model/logs/models/from_scratch_atari_krull_vta_3seed_to_400000_20260208_112207/atari_krull_seed0/eval_eps/20260208T180330-44487f1ea8c44b5eaf22e05d1a89f711-1974.npz,1520,1540,0.0,3.0006569061089006e-13,1.4395133256912231,11.548230171203613,0.0,11.735259056091309,nan,nan,nan,nan
atari_krull,/home/haselab/projects/stable-deep-world-model/logs/models/from_scratch_atari_krull_vta_3seed_to_400000_20260208_112207/atari_krull_seed0,/home/haselab/projects/stable-deep-world-model/logs/models/from_scratch_atari_krull_vta_3seed_to_400000_20260208_112207/atari_krull_seed0/checkpoints/step-000100000.pt,/home/haselab/projects/stable-deep-world-model/logs/models/from_scratch_atari_krull_vta_3seed_to_400000_20260208_112207/atari_krull_seed0/eval_eps/20260208T180330-44487f1ea8c44b5eaf22e05d1a89f711-1974.npz,1525,1545,0.0,4.529273887909392e-14,1.4102798700332642,12.074750900268555,0.0,12.446184158325195,nan,nan,nan,nan
atari_krull,/home/haselab/projects/stable-deep-world-model/logs/models/from_scratch_atari_krull_vta_3seed_to_400000_20260208_112207/atari_krull_seed0,/home/haselab/projects/stable-deep-world-model/logs/models/from_scratch_atari_krull_vta_3seed_to_400000_20260208_112207/atari_krull_seed0/checkpoints/step-000100000.pt,/home/haselab/projects/stable-deep-world-model/logs/models/from_scratch_atari_krull_vta_3seed_to_400000_20260208_112207/atari_krull_seed0/eval_eps/20260208T180330-44487f1ea8c44b5eaf22e05d1a89f711-1974.npz,1530,1550,0.0,1.1231835773950483e-13,1.3806524276733398,12.563569068908691,0.0,13.057696342468262,nan,nan,nan,nan
atari_krull,/home/haselab/projects/stable-deep-world-model/logs/models/from_scratch_atari_krull_vta_3seed_to_400000_20260208_112207/atari_krull_seed0,/home/haselab/projects/stable-deep-world-model/logs/models/from_scratch_atari_krull_vta_3seed_to_400000_20260208_112207/atari_krull_seed0/checkpoints/step-000100000.pt,/home/haselab/projects/stable-deep-world-model/logs/models/from_scratch_atari_krull_vta_3seed_to_400000_20260208_112207/atari_krull_seed0/eval_eps/20260208T180330-44487f1ea8c44b5eaf22e05d1a89f711-1974.npz,1535,1555,0.0,1.1224949057276126e-13,1.3691432476043701,12.172640800476074,0.0,12.72437572479248,nan,nan,nan,nan
atari_krull,/home/haselab/projects/stable-deep-world-model/logs/models/from_scratch_atari_krull_vta_3seed_to_400000_20260208_112207/atari_krull_seed0,/home/haselab/projects/stable-deep-world-model/logs/models/from_scratch_atari_krull_vta_3seed_to_400000_20260208_112207/atari_krull_seed0/checkpoints/step-000100000.pt,/home/haselab/projects/stable-deep-world-model/logs/models/from_scratch_atari_krull_vta_3seed_to_400000_20260208_112207/atari_krull_seed0/eval_eps/20260208T180330-44487f1ea8c44b5eaf22e05d1a89f711-1974.npz,1540,1560,0.0,1.652134646538267e-13,1.4112741947174072,12.463652610778809,0.0,13.055932998657227,nan,nan,nan,nan
atari_krull,/home/haselab/projects/stable-deep-world-model/logs/models/from_scratch_atari_krull_vta_3seed_to_400000_20260208_112207/atari_krull_seed0,/home/haselab/projects/stable-deep-world-model/logs/models/from_scratch_atari_krull_vta_3seed_to_400000_20260208_112207/atari_krull_seed0/checkpoints/step-000100000.pt,/home/haselab/projects/stable-deep-world-model/logs/models/from_scratch_atari_krull_vta_3seed_to_400000_20260208_112207/atari_krull_seed0/eval_eps/20260208T180330-44487f1ea8c44b5eaf22e05d1a89f711-1974.npz,1545,1565,0.0,1.6522288366020016e-13,1.4290002584457397,12.393524169921875,0.0,12.805290222167969,nan,nan,nan,nan
atari_krull,/home/haselab/projects/stable-deep-world-model/logs/models/from_scratch_atari_krull_vta_3seed_to_400000_20260208_112207/atari_krull_seed0,/home/haselab/projects/stable-deep-world-model/logs/models/from_scratch_atari_krull_vta_3seed_to_400000_20260208_112207/atari_krull_seed0/checkpoints/step-000100000.pt,/home/haselab/projects/stable-deep-world-model/logs/models/from_scratch_atari_krull_vta_3seed_to_400000_20260208_112207/atari_krull_seed0/eval_eps/20260208T180330-44487f1ea8c44b5eaf22e05d1a89f711-1974.npz,1550,1570,0.0,5.945865680237819e-14,1.4296523332595825,12.325119018554688,0.0,12.685152053833008,nan,nan,nan,nan
atari_krull,/home/haselab/projects/stable-deep-world-model/logs/models/from_scratch_atari_krull_vta_3seed_to_400000_20260208_112207/atari_krull_seed0,/home/haselab/projects/stable-deep-world-model/logs/models/from_scratch_atari_krull_vta_3seed_to_400000_20260208_112207/atari_krull_seed0/checkpoints/step-000100000.pt,/home/haselab/projects/stable-deep-world-model/logs/models/from_scratch_atari_krull_vta_3seed_to_400000_20260208_112207/atari_krull_seed0/eval_eps/20260208T180330-44487f1ea8c44b5eaf22e05d1a89f711-1974.npz,1555,1575,0.0,5.964654226260635e-14,1.4078418016433716,12.019759178161621,0.0,12.176274299621582,nan,nan,nan,nan
atari_krull,/home/haselab/projects/stable-deep-world-model/logs/models/from_scratch_atari_krull_vta_3seed_to_400000_20260208_112207/atari_krull_seed0,/home/haselab/projects/stable-deep-world-model/logs/models/from_scratch_atari_krull_vta_3seed_to_400000_20260208_112207/atari_krull_seed0/checkpoints/step-000100000.pt,/home/haselab/projects/stable-deep-world-model/logs/models/from_scratch_atari_krull_vta_3seed_to_400000_20260208_112207/atari_krull_seed0/eval_eps/20260208T180330-44487f1ea8c44b5eaf22e05d1a89f711-1974.npz,1560,1580,0.0,1.446357411009208e-13,1.4284391403198242,11.904394149780273,0.0,11.97021484375,nan,nan,nan,nan
atari_krull,/home/haselab/projects/stable-deep-world-model/logs/models/from_scratch_atari_krull_vta_3seed_to_400000_20260208_112207/atari_krull_seed0,/home/haselab/projects/stable-deep-world-model/logs/models/from_scratch_atari_krull_vta_3seed_to_400000_20260208_112207/atari_krull_seed0/checkpoints/step-000100000.pt,/home/haselab/projects/stable-deep-world-model/logs/models/from_scratch_atari_krull_vta_3seed_to_400000_20260208_112207/atari_krull_seed0/eval_eps/20260208T180330-44487f1ea8c44b5eaf22e05d1a89f711-1974.npz,1565,1585,0.0,1.447873667747429e-13,1.389026403427124,11.798157691955566,0.0,11.888270378112793,nan,nan,nan,nan
atari_krull,/home/haselab/projects/stable-deep-world-model/logs/models/from_scratch_atari_krull_vta_3seed_to_400000_20260208_112207/atari_krull_seed0,/home/haselab/projects/stable-deep-world-model/logs/models/from_scratch_atari_krull_vta_3seed_to_400000_20260208_112207/atari_krull_seed0/checkpoints/step-000100000.pt,/home/haselab/projects/stable-deep-world-model/logs/models/from_scratch_atari_krull_vta_3seed_to_400000_20260208_112207/atari_krull_seed0/eval_eps/20260208T180330-44487f1ea8c44b5eaf22e05d1a89f711-1974.npz,1570,1590,0.0,2.1115949971634712e-13,1.3409159183502197,11.115827560424805,0.0,11.134061813354492,nan,nan,nan,nan
atari_krull,/home/haselab/projects/stable-deep-world-model/logs/models/from_scratch_atari_krull_vta_3seed_to_400000_20260208_112207/atari_krull_seed0,/home/haselab/projects/stable-deep-world-model/logs/models/from_scratch_atari_krull_vta_3seed_to_400000_20260208_112207/atari_krull_seed0/checkpoints/step-000100000.pt,/home/haselab/projects/stable-deep-world-model/logs/models/from_scratch_atari_krull_vta_3seed_to_400000_20260208_112207/atari_krull_seed0/eval_eps/20260208T180330-44487f1ea8c44b5eaf22e05d1a89f711-1974.npz,1575,1595,0.0,4.388262756643835e-13,1.2556406259536743,10.640532493591309,0.0,10.815849304199219,nan,nan,nan,nan
atari_krull,/home/haselab/projects/stable-deep-world-model/logs/models/from_scratch_atari_krull_vta_3seed_to_400000_20260208_112207/atari_krull_seed0,/home/haselab/projects/stable-deep-world-model/logs/models/from_scratch_atari_krull_vta_3seed_to_400000_20260208_112207/atari_krull_seed0/checkpoints/step-000100000.pt,/home/haselab/projects/stable-deep-world-model/logs/models/from_scratch_atari_krull_vta_3seed_to_400000_20260208_112207/atari_krull_seed0/eval_eps/20260208T180330-44487f1ea8c44b5eaf22e05d1a89f711-1974.npz,1580,1600,0.0,2.991895468353045e-13,1.081770658493042,9.358823776245117,0.0,9.749238014221191,nan,nan,nan,nan
atari_krull,/home/haselab/projects/stable-deep-world-model/logs/models/from_scratch_atari_krull_vta_3seed_to_400000_20260208_112207/atari_krull_seed0,/home/haselab/projects/stable-deep-world-model/logs/models/from_scratch_atari_krull_vta_3seed_to_400000_20260208_112207/atari_krull_seed0/checkpoints/step-000100000.pt,/home/haselab/projects/stable-deep-world-model/logs/models/from_scratch_atari_krull_vta_3seed_to_400000_20260208_112207/atari_krull_seed0/eval_eps/20260208T180330-44487f1ea8c44b5eaf22e05d1a89f711-1974.npz,1585,1605,0.0,2.990280007116042e-13,0.9593186378479004,7.784109592437744,0.0,8.344625473022461,nan,nan,nan,nan
atari_krull,/home/haselab/projects/stable-deep-world-model/logs/models/from_scratch_atari_krull_vta_3seed_to_400000_20260208_112207/atari_krull_seed0,/home/haselab/projects/stable-deep-world-model/logs/models/from_scratch_atari_krull_vta_3seed_to_400000_20260208_112207/atari_krull_seed0/checkpoints/step-000100000.pt,/home/haselab/projects/stable-deep-world-model/logs/models/from_scratch_atari_krull_vta_3seed_to_400000_20260208_112207/atari_krull_seed0/eval_eps/20260208T180330-44487f1ea8c44b5eaf22e05d1a89f711-1974.npz,1590,1610,0.0,1.0248748377739147e-10,0.7826277613639832,6.017123222351074,0.0,7.009593963623047,nan,nan,nan,nan
atari_krull,/home/haselab/projects/stable-deep-world-model/logs/models/from_scratch_atari_krull_vta_3seed_to_400000_20260208_112207/atari_krull_seed0,/home/haselab/projects/stable-deep-world-model/logs/models/from_scratch_atari_krull_vta_3seed_to_400000_20260208_112207/atari_krull_seed0/checkpoints/step-000100000.pt,/home/haselab/projects/stable-deep-world-model/logs/models/from_scratch_atari_krull_vta_3seed_to_400000_20260208_112207/atari_krull_seed0/eval_eps/20260208T180330-44487f1ea8c44b5eaf22e05d1a89f711-1974.npz,1595,1615,0.05,0.05000000074505806,1.527164340019226,5.314294815063477,0.4423227906227112,6.28796911239624,7.899583339691162,10.658313751220703,8.846455574035645,11.907722473144531
atari_krull,/home/haselab/projects/stable-deep-world-model/logs/models/from_scratch_atari_krull_vta_3seed_to_400000_20260208_112207/atari_krull_seed0,/home/haselab/projects/stable-deep-world-model/logs/models/from_scratch_atari_krull_vta_3seed_to_400000_20260208_112207/atari_krull_seed0/checkpoints/step-000100000.pt,/home/haselab/projects/stable-deep-world-model/logs/models/from_scratch_atari_krull_vta_3seed_to_400000_20260208_112207/atari_krull_seed0/eval_eps/20260208T180330-44487f1ea8c44b5eaf22e05d1a89f711-1974.npz,1600,1620,0.05,0.05000000074505806,2.007002353668213,4.605111122131348,0.4423227906227112,5.463895320892334,7.899583339691162,10.658313751220703,8.846455574035645,11.907722473144531
atari_krull,/home/haselab/projects/stable-deep-world-model/logs/models/from_scratch_atari_krull_vta_3seed_to_400000_20260208_112207/atari_krull_seed0,/home/haselab/projects/stable-deep-world-model/logs/models/from_scratch_atari_krull_vta_3seed_to_400000_20260208_112207/atari_krull_seed0/checkpoints/step-000100000.pt,/home/haselab/projects/stable-deep-world-model/logs/models/from_scratch_atari_krull_vta_3seed_to_400000_20260208_112207/atari_krull_seed0/eval_eps/20260208T180330-44487f1ea8c44b5eaf22e05d1a89f711-1974.npz,1605,1625,0.05,0.05000000074505806,2.53178071975708,4.466365337371826,0.4423227906227112,5.2629289627075195,7.899583339691162,10.658313751220703,8.846455574035645,11.907722473144531
atari_krull,/home/haselab/projects/stable-deep-world-model/logs/models/from_scratch_atari_krull_vta_3seed_to_400000_20260208_112207/atari_krull_seed0,/home/haselab/projects/stable-deep-world-model/logs/models/from_scratch_atari_krull_vta_3seed_to_400000_20260208_112207/atari_krull_seed0/checkpoints/step-000100000.pt,/home/haselab/projects/stable-deep-world-model/logs/models/from_scratch_atari_krull_vta_3seed_to_400000_20260208_112207/atari_krull_seed0/eval_eps/20260208T180330-44487f1ea8c44b5eaf22e05d1a89f711-1974.npz,1610,1630,0.05,0.05000000074505806,2.9765524864196777,4.598438262939453,0.4423227906227112,5.103906154632568,7.899583339691162,10.658313751220703,8.846455574035645,11.907722473144531
atari_krull,/home/haselab/projects/stable-deep-world-model/logs/models/from_scratch_atari_krull_vta_3seed_to_400000_20260208_112207/atari_krull_seed0,/home/haselab/projects/stable-deep-world-model/logs/models/from_scratch_atari_krull_vta_3seed_to_400000_20260208_112207/atari_krull_seed0/checkpoints/step-000100000.pt,/home/haselab/projects/stable-deep-world-model/logs/models/from_scratch_atari_krull_vta_3seed_to_400000_20260208_112207/atari_krull_seed0/eval_eps/20260208T180330-44487f1ea8c44b5eaf22e05d1a89f711-1974.npz,1615,1635,0.0,1.8024366443825102e-09,2.6082475185394287,4.066873550415039,0.0,4.605772972106934,nan,nan,nan,nan
atari_krull,/home/haselab/projects/stable-deep-world-model/logs/models/from_scratch_atari_krull_vta_3seed_to_400000_20260208_112207/atari_krull_seed0,/home/haselab/projects/stable-deep-world-model/logs/models/from_scratch_atari_krull_vta_3seed_to_400000_20260208_112207/atari_krull_seed0/checkpoints/step-000100000.pt,/home/haselab/projects/stable-deep-world-model/logs/models/from_scratch_atari_krull_vta_3seed_to_400000_20260208_112207/atari_krull_seed0/eval_eps/20260208T180330-44487f1ea8c44b5eaf22e05d1a89f711-1974.npz,1620,1640,0.0,1.8024375325609299e-09,2.6005842685699463,3.9761130809783936,0.0,4.587277412414551,nan,nan,nan,nan
atari_krull,/home/haselab/projects/stable-deep-world-model/logs/models/from_scratch_atari_krull_vta_3seed_to_400000_20260208_112207/atari_krull_seed0,/home/haselab/projects/stable-deep-world-model/logs/models/from_scratch_atari_krull_vta_3seed_to_400000_20260208_112207/atari_krull_seed0/checkpoints/step-000100000.pt,/home/haselab/projects/stable-deep-world-model/logs/models/from_scratch_atari_krull_vta_3seed_to_400000_20260208_112207/atari_krull_seed0/eval_eps/20260208T180330-44487f1ea8c44b5eaf22e05d1a89f711-1974.npz,1625,1645,0.0,1.801050864003173e-09,2.604329824447632,4.018660545349121,0.0,4.6128153800964355,nan,nan,nan,nan
atari_krull,/home/haselab/projects/stable-deep-world-model/logs/models/from_scratch_atari_krull_vta_3seed_to_400000_20260208_112207/atari_krull_seed0,/home/haselab/projects/stable-deep-world-model/logs/models/from_scratch_atari_krull_vta_3seed_to_400000_20260208_112207/atari_krull_seed0/checkpoints/step-000100000.pt,/home/haselab/projects/stable-deep-world-model/logs/models/from_scratch_atari_krull_vta_3seed_to_400000_20260208_112207/atari_krull_seed0/eval_eps/20260208T180330-44487f1ea8c44b5eaf22e05d1a89f711-1974.npz,1630,1650,0.0,7.666976775677625e-11,2.681077480316162,4.06547737121582,0.0,4.581821441650391,nan,nan,nan,nan
atari_krull,/home/haselab/projects/stable-deep-world-model/logs/models/from_scratch_atari_krull_vta_3seed_to_400000_20260208_112207/atari_krull_seed0,/home/haselab/projects/stable-deep-world-model/logs/models/from_scratch_atari_krull_vta_3seed_to_400000_20260208_112207/atari_krull_seed0/checkpoints/step-000100000.pt,/home/haselab/projects/stable-deep-world-model/logs/models/from_scratch_atari_krull_vta_3seed_to_400000_20260208_112207/atari_krull_seed0/eval_eps/20260208T180330-44487f1ea8c44b5eaf22e05d1a89f711-1974.npz,1635,1655,0.0,2.5328034114480147e-10,2.655003786087036,3.983393907546997,0.0,4.4986491203308105,nan,nan,nan,nan
atari_krull,/home/haselab/projects/stable-deep-world-model/logs/models/from_scratch_atari_krull_vta_3seed_to_400000_20260208_112207/atari_krull_seed0,/home/haselab/projects/stable-deep-world-model/logs/models/from_scratch_atari_krull_vta_3seed_to_400000_20260208_112207/atari_krull_seed0/checkpoints/step-000100000.pt,/home/haselab/projects/stable-deep-world-model/logs/models/from_scratch_atari_krull_vta_3seed_to_400000_20260208_112207/atari_krull_seed0/eval_eps/20260208T180330-44487f1ea8c44b5eaf22e05d1a89f711-1974.npz,1640,1660,0.0,2.5327945296638177e-10,2.5812318325042725,3.8534960746765137,0.0,4.421724796295166,nan,nan,nan,nan
atari_krull,/home/haselab/projects/stable-deep-world-model/logs/models/from_scratch_atari_krull_vta_3seed_to_400000_20260208_112207/atari_krull_seed0,/home/haselab/projects/stable-deep-world-model/logs/models/from_scratch_atari_krull_vta_3seed_to_400000_20260208_112207/atari_krull_seed0/checkpoints/step-000100000.pt,/home/haselab/projects/stable-deep-world-model/logs/models/from_scratch_atari_krull_vta_3seed_to_400000_20260208_112207/atari_krull_seed0/eval_eps/20260208T180330-44487f1ea8c44b5eaf22e05d1a89f711-1974.npz,1645,1665,0.0,2.5328300568006057e-10,2.578826665878296,3.6791064739227295,0.0,4.274041652679443,nan,nan,nan,nan
atari_krull,/home/haselab/projects/stable-deep-world-model/logs/models/from_scratch_atari_krull_vta_3seed_to_400000_20260208_112207/atari_krull_seed0,/home/haselab/projects/stable-deep-world-model/logs/models/from_scratch_atari_krull_vta_3seed_to_400000_20260208_112207/atari_krull_seed0/checkpoints/step-000100000.pt,/home/haselab/projects/stable-deep-world-model/logs/models/from_scratch_atari_krull_vta_3seed_to_400000_20260208_112207/atari_krull_seed0/eval_eps/20260208T180330-44487f1ea8c44b5eaf22e05d1a89f711-1974.npz,1650,1670,0.0,1.7661808127122924e-10,2.599656581878662,3.6805577278137207,0.0,4.270890235900879,nan,nan,nan,nan
atari_krull,/home/haselab/projects/stable-deep-world-model/logs/models/from_scratch_atari_krull_vta_3seed_to_400000_20260208_112207/atari_krull_seed0,/home/haselab/projects/stable-deep-world-model/logs/models/from_scratch_atari_krull_vta_3seed_to_400000_20260208_112207/atari_krull_seed0/checkpoints/step-000100000.pt,/home/haselab/projects/stable-deep-world-model/logs/models/from_scratch_atari_krull_vta_3seed_to_400000_20260208_112207/atari_krull_seed0/eval_eps/20260208T180330-44487f1ea8c44b5eaf22e05d1a89f711-1974.npz,1655,1675,0.0,3.706581916396168e-12,2.664644479751587,3.639713764190674,0.0,4.3607378005981445,nan,nan,nan,nan
atari_krull,/home/haselab/projects/stable-deep-world-model/logs/models/from_scratch_atari_krull_vta_3seed_to_400000_20260208_112207/atari_krull_seed0,/home/haselab/projects/stable-deep-world-model/logs/models/from_scratch_atari_krull_vta_3seed_to_400000_20260208_112207/atari_krull_seed0/checkpoints/step-000100000.pt,/home/haselab/projects/stable-deep-world-model/logs/models/from_scratch_atari_krull_vta_3seed_to_400000_20260208_112207/atari_krull_seed0/eval_eps/20260208T180330-44487f1ea8c44b5eaf22e05d1a89f711-1974.npz,1660,1680,0.0,3.70706807265031e-12,2.6271886825561523,3.604271650314331,0.0,4.305181980133057,nan,nan,nan,nan
atari_krull,/home/haselab/projects/stable-deep-world-model/logs/models/from_scratch_atari_krull_vta_3seed_to_400000_20260208_112207/atari_krull_seed0,/home/haselab/projects/stable-deep-world-model/logs/models/from_scratch_atari_krull_vta_3seed_to_400000_20260208_112207/atari_krull_seed0/checkpoints/step-000100000.pt,/home/haselab/projects/stable-deep-world-model/logs/models/from_scratch_atari_krull_vta_3seed_to_400000_20260208_112207/atari_krull_seed0/eval_eps/20260208T180330-44487f1ea8c44b5eaf22e05d1a89f711-1974.npz,1665,1685,0.0,3.703514925290641e-12,2.567044496536255,3.6856677532196045,0.0,4.364529609680176,nan,nan,nan,nan
atari_krull,/home/haselab/projects/stable-deep-world-model/logs/models/from_scratch_atari_krull_vta_3seed_to_400000_20260208_112207/atari_krull_seed0,/home/haselab/projects/stable-deep-world-model/logs/models/from_scratch_atari_krull_vta_3seed_to_400000_20260208_112207/atari_krull_seed0/checkpoints/step-000100000.pt,/home/haselab/projects/stable-deep-world-model/logs/models/from_scratch_atari_krull_vta_3seed_to_400000_20260208_112207/atari_krull_seed0/eval_eps/20260208T180330-44487f1ea8c44b5eaf22e05d1a89f711-1974.npz,1670,1690,0.0,3.69966470653571e-12,2.5803310871124268,3.8734848499298096,0.0,4.614531517028809,nan,nan,nan,nan
atari_krull,/home/haselab/projects/stable-deep-world-model/logs/models/from_scratch_atari_krull_vta_3seed_to_400000_20260208_112207/atari_krull_seed0,/home/haselab/projects/stable-deep-world-model/logs/models/from_scratch_atari_krull_vta_3seed_to_400000_20260208_112207/atari_krull_seed0/checkpoints/step-000100000.pt,/home/haselab/projects/stable-deep-world-model/logs/models/from_scratch_atari_krull_vta_3seed_to_400000_20260208_112207/atari_krull_seed0/eval_eps/20260208T180330-44487f1ea8c44b5eaf22e05d1a89f711-1974.npz,1675,1695,0.0,4.071735488922826e-14,2.623002529144287,4.085361480712891,0.0,4.7331223487854,nan,nan,nan,nan
atari_krull,/home/haselab/projects/stable-deep-world-model/logs/models/from_scratch_atari_krull_vta_3seed_to_400000_20260208_112207/atari_krull_seed0,/home/haselab/projects/stable-deep-world-model/logs/models/from_scratch_atari_krull_vta_3seed_to_400000_20260208_112207/atari_krull_seed0/checkpoints/step-000100000.pt,/home/haselab/projects/stable-deep-world-model/logs/models/from_scratch_atari_krull_vta_3seed_to_400000_20260208_112207/atari_krull_seed0/eval_eps/20260208T180330-44487f1ea8c44b5eaf22e05d1a89f711-1974.npz,1680,1700,0.0,3.766753575717985e-10,2.6590352058410645,4.088016033172607,0.0,4.814917087554932,nan,nan,nan,nan
atari_krull,/home/haselab/projects/stable-deep-world-model/logs/models/from_scratch_atari_krull_vta_3seed_to_400000_20260208_112207/atari_krull_seed0,/home/haselab/projects/stable-deep-world-model/logs/models/from_scratch_atari_krull_vta_3seed_to_400000_20260208_112207/atari_krull_seed0/checkpoints/step-000100000.pt,/home/haselab/projects/stable-deep-world-model/logs/models/from_scratch_atari_krull_vta_3seed_to_400000_20260208_112207/atari_krull_seed0/eval_eps/20260208T180330-44487f1ea8c44b5eaf22e05d1a89f711-1974.npz,1685,1705,0.0,3.7671279984330397e-10,2.5728931427001953,3.9848601818084717,0.0,4.706179141998291,nan,nan,nan,nan
atari_krull,/home/haselab/projects/stable-deep-world-model/logs/models/from_scratch_atari_krull_vta_3seed_to_400000_20260208_112207/atari_krull_seed0,/home/haselab/projects/stable-deep-world-model/logs/models/from_scratch_atari_krull_vta_3seed_to_400000_20260208_112207/atari_krull_seed0/checkpoints/step-000100000.pt,/home/haselab/projects/stable-deep-world-model/logs/models/from_scratch_atari_krull_vta_3seed_to_400000_20260208_112207/atari_krull_seed0/eval_eps/20260208T180330-44487f1ea8c44b5eaf22e05d1a89f711-1974.npz,1690,1710,0.0,3.7671279984330397e-10,2.5242931842803955,3.9131343364715576,0.0,4.531012058258057,nan,nan,nan,nan
atari_krull,/home/haselab/projects/stable-deep-world-model/logs/models/from_scratch_atari_krull_vta_3seed_to_400000_20260208_112207/atari_krull_seed0,/home/haselab/projects/stable-deep-world-model/logs/models/from_scratch_atari_krull_vta_3seed_to_400000_20260208_112207/atari_krull_seed0/checkpoints/step-000100000.pt,/home/haselab/projects/stable-deep-world-model/logs/models/from_scratch_atari_krull_vta_3seed_to_400000_20260208_112207/atari_krull_seed0/eval_eps/20260208T180330-44487f1ea8c44b5eaf22e05d1a89f711-1974.npz,1695,1715,0.0,3.7667313712574924e-10,2.4961466789245605,3.8734688758850098,0.0,4.517228126525879,nan,nan,nan,nan
atari_krull,/home/haselab/projects/stable-deep-world-model/logs/models/from_scratch_atari_krull_vta_3seed_to_400000_20260208_112207/atari_krull_seed0,/home/haselab/projects/stable-deep-world-model/logs/models/from_scratch_atari_krull_vta_3seed_to_400000_20260208_112207/atari_krull_seed0/checkpoints/step-000100000.pt,/home/haselab/projects/stable-deep-world-model/logs/models/from_scratch_atari_krull_vta_3seed_to_400000_20260208_112207/atari_krull_seed0/eval_eps/20260208T180330-44487f1ea8c44b5eaf22e05d1a89f711-1974.npz,1700,1720,0.0,8.64999131350297e-12,2.5448415279388428,3.991363525390625,0.0,4.5221662521362305,nan,nan,nan,nan
atari_krull,/home/haselab/projects/stable-deep-world-model/logs/models/from_scratch_atari_krull_vta_3seed_to_400000_20260208_112207/atari_krull_seed0,/home/haselab/projects/stable-deep-world-model/logs/models/from_scratch_atari_krull_vta_3seed_to_400000_20260208_112207/atari_krull_seed0/checkpoints/step-000100000.pt,/home/haselab/projects/stable-deep-world-model/logs/models/from_scratch_atari_krull_vta_3seed_to_400000_20260208_112207/atari_krull_seed0/eval_eps/20260208T180330-44487f1ea8c44b5eaf22e05d1a89f711-1974.npz,1705,1725,0.0,1.6923543122437934e-10,2.571155071258545,3.9539077281951904,0.0,4.513391971588135,nan,nan,nan,nan
atari_krull,/home/haselab/projects/stable-deep-world-model/logs/models/from_scratch_atari_krull_vta_3seed_to_400000_20260208_112207/atari_krull_seed0,/home/haselab/projects/stable-deep-world-model/logs/models/from_scratch_atari_krull_vta_3seed_to_400000_20260208_112207/atari_krull_seed0/checkpoints/step-000100000.pt,/home/haselab/projects/stable-deep-world-model/logs/models/from_scratch_atari_krull_vta_3seed_to_400000_20260208_112207/atari_krull_seed0/eval_eps/20260208T180330-44487f1ea8c44b5eaf22e05d1a89f711-1974.npz,1710,1730,0.0,1.7046826450428654e-10,2.5252864360809326,3.8695380687713623,0.0,4.462713241577148,nan,nan,nan,nan
atari_krull,/home/haselab/projects/stable-deep-world-model/logs/models/from_scratch_atari_krull_vta_3seed_to_400000_20260208_112207/atari_krull_seed0,/home/haselab/projects/stable-deep-world-model/logs/models/from_scratch_atari_krull_vta_3seed_to_400000_20260208_112207/atari_krull_seed0/checkpoints/step-000100000.pt,/home/haselab/projects/stable-deep-world-model/logs/models/from_scratch_atari_krull_vta_3seed_to_400000_20260208_112207/atari_krull_seed0/eval_eps/20260208T180330-44487f1ea8c44b5eaf22e05d1a89f711-1974.npz,1715,1735,0.0,1.7047417644189267e-10,2.516484022140503,3.9854633808135986,0.0,4.53336238861084,nan,nan,nan,nan
atari_krull,/home/haselab/projects/stable-deep-world-model/logs/models/from_scratch_atari_krull_vta_3seed_to_400000_20260208_112207/atari_krull_seed0,/home/haselab/projects/stable-deep-world-model/logs/models/from_scratch_atari_krull_vta_3seed_to_400000_20260208_112207/atari_krull_seed0/checkpoints/step-000100000.pt,/home/haselab/projects/stable-deep-world-model/logs/models/from_scratch_atari_krull_vta_3seed_to_400000_20260208_112207/atari_krull_seed0/eval_eps/20260208T180330-44487f1ea8c44b5eaf22e05d1a89f711-1974.npz,1720,1740,0.0,1.6222186094427826e-10,2.492278575897217,4.162823677062988,0.0,4.619973659515381,nan,nan,nan,nan
atari_krull,/home/haselab/projects/stable-deep-world-model/logs/models/from_scratch_atari_krull_vta_3seed_to_400000_20260208_112207/atari_krull_seed0,/home/haselab/projects/stable-deep-world-model/logs/models/from_scratch_atari_krull_vta_3seed_to_400000_20260208_112207/atari_krull_seed0/checkpoints/step-000100000.pt,/home/haselab/projects/stable-deep-world-model/logs/models/from_scratch_atari_krull_vta_3seed_to_400000_20260208_112207/atari_krull_seed0/eval_eps/20260208T180330-44487f1ea8c44b5eaf22e05d1a89f711-1974.npz,1725,1745,0.0,4.1705205261477474e-11,2.5831549167633057,4.270260810852051,0.0,4.677408695220947,nan,nan,nan,nan
atari_krull,/home/haselab/projects/stable-deep-world-model/logs/models/from_scratch_atari_krull_vta_3seed_to_400000_20260208_112207/atari_krull_seed0,/home/haselab/projects/stable-deep-world-model/logs/models/from_scratch_atari_krull_vta_3seed_to_400000_20260208_112207/atari_krull_seed0/checkpoints/step-000100000.pt,/home/haselab/projects/stable-deep-world-model/logs/models/from_scratch_atari_krull_vta_3seed_to_400000_20260208_112207/atari_krull_seed0/eval_eps/20260208T180330-44487f1ea8c44b5eaf22e05d1a89f711-1974.npz,1730,1750,0.0,4.1785585408460335e-11,2.577915668487549,4.205187797546387,0.0,4.631870746612549,nan,nan,nan,nan
atari_krull,/home/haselab/projects/stable-deep-world-model/logs/models/from_scratch_atari_krull_vta_3seed_to_400000_20260208_112207/atari_krull_seed0,/home/haselab/projects/stable-deep-world-model/logs/models/from_scratch_atari_krull_vta_3seed_to_400000_20260208_112207/atari_krull_seed0/checkpoints/step-000100000.pt,/home/haselab/projects/stable-deep-world-model/logs/models/from_scratch_atari_krull_vta_3seed_to_400000_20260208_112207/atari_krull_seed0/eval_eps/20260208T180330-44487f1ea8c44b5eaf22e05d1a89f711-1974.npz,1735,1755,0.0,4.177915305381141e-11,2.5136046409606934,4.084296703338623,0.0,4.4300618171691895,nan,nan,nan,nan
atari_krull,/home/haselab/projects/stable-deep-world-model/logs/models/from_scratch_atari_krull_vta_3seed_to_400000_20260208_112207/atari_krull_seed0,/home/haselab/projects/stable-deep-world-model/logs/models/from_scratch_atari_krull_vta_3seed_to_400000_20260208_112207/atari_krull_seed0/checkpoints/step-000100000.pt,/home/haselab/projects/stable-deep-world-model/logs/models/from_scratch_atari_krull_vta_3seed_to_400000_20260208_112207/atari_krull_seed0/eval_eps/20260208T180330-44487f1ea8c44b5eaf22e05d1a89f711-1974.npz,1740,1760,0.0,4.1419499774431046e-11,2.511967182159424,4.017019748687744,0.0,4.462317943572998,nan,nan,nan,nan
atari_krull,/home/haselab/projects/stable-deep-world-model/logs/models/from_scratch_atari_krull_vta_3seed_to_400000_20260208_112207/atari_krull_seed0,/home/haselab/projects/stable-deep-world-model/logs/models/from_scratch_atari_krull_vta_3seed_to_400000_20260208_112207/atari_krull_seed0/checkpoints/step-000100000.pt,/home/haselab/projects/stable-deep-world-model/logs/models/from_scratch_atari_krull_vta_3seed_to_400000_20260208_112207/atari_krull_seed0/eval_eps/20260208T180330-44487f1ea8c44b5eaf22e05d1a89f711-1974.npz,1745,1765,0.0,1.3132840084514874e-12,2.5275135040283203,4.146736145019531,0.0,4.704131126403809,nan,nan,nan,nan
atari_krull,/home/haselab/projects/stable-deep-world-model/logs/models/from_scratch_atari_krull_vta_3seed_to_400000_20260208_112207/atari_krull_seed0,/home/haselab/projects/stable-deep-world-model/logs/models/from_scratch_atari_krull_vta_3seed_to_400000_20260208_112207/atari_krull_seed0/checkpoints/step-000100000.pt,/home/haselab/projects/stable-deep-world-model/logs/models/from_scratch_atari_krull_vta_3seed_to_400000_20260208_112207/atari_krull_seed0/eval_eps/20260208T180330-44487f1ea8c44b5eaf22e05d1a89f711-1974.npz,1750,1770,0.0,2.2789959481205047e-13,2.608902931213379,4.362257480621338,0.0,4.893491744995117,nan,nan,nan,nan
atari_krull,/home/haselab/projects/stable-deep-world-model/logs/models/from_scratch_atari_krull_vta_3seed_to_400000_20260208_112207/atari_krull_seed0,/home/haselab/projects/stable-deep-world-model/logs/models/from_scratch_atari_krull_vta_3seed_to_400000_20260208_112207/atari_krull_seed0/checkpoints/step-000100000.pt,/home/haselab/projects/stable-deep-world-model/logs/models/from_scratch_atari_krull_vta_3seed_to_400000_20260208_112207/atari_krull_seed0/eval_eps/20260208T180330-44487f1ea8c44b5eaf22e05d1a89f711-1974.npz,1755,1775,0.0,2.289825772570919e-13,2.6454780101776123,4.460998058319092,0.0,5.035696983337402,nan,nan,nan,nan
atari_krull,/home/haselab/projects/stable-deep-world-model/logs/models/from_scratch_atari_krull_vta_3seed_to_400000_20260208_112207/atari_krull_seed0,/home/haselab/projects/stable-deep-world-model/logs/models/from_scratch_atari_krull_vta_3seed_to_400000_20260208_112207/atari_krull_seed0/checkpoints/step-000100000.pt,/home/haselab/projects/stable-deep-world-model/logs/models/from_scratch_atari_krull_vta_3seed_to_400000_20260208_112207/atari_krull_seed0/eval_eps/20260208T180330-44487f1ea8c44b5eaf22e05d1a89f711-1974.npz,1760,1780,0.0,2.289832006733411e-13,2.6152749061584473,4.406311988830566,0.0,5.019913673400879,nan,nan,nan,nan
atari_krull,/home/haselab/projects/stable-deep-world-model/logs/models/from_scratch_atari_krull_vta_3seed_to_400000_20260208_112207/atari_krull_seed0,/home/haselab/projects/stable-deep-world-model/logs/models/from_scratch_atari_krull_vta_3seed_to_400000_20260208_112207/atari_krull_seed0/checkpoints/step-000100000.pt,/home/haselab/projects/stable-deep-world-model/logs/models/from_scratch_atari_krull_vta_3seed_to_400000_20260208_112207/atari_krull_seed0/eval_eps/20260208T180330-44487f1ea8c44b5eaf22e05d1a89f711-1974.npz,1765,1785,0.0,2.2898349882893854e-13,2.618560791015625,4.3568854331970215,0.0,4.987940788269043,nan,nan,nan,nan
atari_krull,/home/haselab/projects/stable-deep-world-model/logs/models/from_scratch_atari_krull_vta_3seed_to_400000_20260208_112207/atari_krull_seed0,/home/haselab/projects/stable-deep-world-model/logs/models/from_scratch_atari_krull_vta_3seed_to_400000_20260208_112207/atari_krull_seed0/checkpoints/step-000100000.pt,/home/haselab/projects/stable-deep-world-model/logs/models/from_scratch_atari_krull_vta_3seed_to_400000_20260208_112207/atari_krull_seed0/eval_eps/20260208T180330-44487f1ea8c44b5eaf22e05d1a89f711-1974.npz,1770,1790,0.0,1.129229385170359e-15,2.625894069671631,4.260336875915527,0.0,5.054839134216309,nan,nan,nan,nan
atari_krull,/home/haselab/projects/stable-deep-world-model/logs/models/from_scratch_atari_krull_vta_3seed_to_400000_20260208_112207/atari_krull_seed0,/home/haselab/projects/stable-deep-world-model/logs/models/from_scratch_atari_krull_vta_3seed_to_400000_20260208_112207/atari_krull_seed0/checkpoints/step-000100000.pt,/home/haselab/projects/stable-deep-world-model/logs/models/from_scratch_atari_krull_vta_3seed_to_400000_20260208_112207/atari_krull_seed0/eval_eps/20260208T180330-44487f1ea8c44b5eaf22e05d1a89f711-1974.npz,1775,1795,0.0,1.3995665677314693e-16,2.6429648399353027,4.073341369628906,0.0,4.923317909240723,nan,nan,nan,nan
atari_krull,/home/haselab/projects/stable-deep-world-model/logs/models/from_scratch_atari_krull_vta_3seed_to_400000_20260208_112207/atari_krull_seed0,/home/haselab/projects/stable-deep-world-model/logs/models/from_scratch_atari_krull_vta_3seed_to_400000_20260208_112207/atari_krull_seed0/checkpoints/step-000100000.pt,/home/haselab/projects/stable-deep-world-model/logs/models/from_scratch_atari_krull_vta_3seed_to_400000_20260208_112207/atari_krull_seed0/eval_eps/20260208T180330-44487f1ea8c44b5eaf22e05d1a89f711-1974.npz,1780,1800,0.0,3.0837060301916377e-16,2.6219992637634277,3.9984939098358154,0.0,4.9279704093933105,nan,nan,nan,nan
atari_krull,/home/haselab/projects/stable-deep-world-model/logs/models/from_scratch_atari_krull_vta_3seed_to_400000_20260208_112207/atari_krull_seed0,/home/haselab/projects/stable-deep-world-model/logs/models/from_scratch_atari_krull_vta_3seed_to_400000_20260208_112207/atari_krull_seed0/checkpoints/step-000100000.pt,/home/haselab/projects/stable-deep-world-model/logs/models/from_scratch_atari_krull_vta_3seed_to_400000_20260208_112207/atari_krull_seed0/eval_eps/20260208T180330-44487f1ea8c44b5eaf22e05d1a89f711-1974.npz,1785,1805,0.0,3.0867487313568527e-16,2.582385778427124,3.8862617015838623,0.0,4.8699870109558105,nan,nan,nan,nan
atari_krull,/home/haselab/projects/stable-deep-world-model/logs/models/from_scratch_atari_krull_vta_3seed_to_400000_20260208_112207/atari_krull_seed0,/home/haselab/projects/stable-deep-world-model/logs/models/from_scratch_atari_krull_vta_3seed_to_400000_20260208_112207/atari_krull_seed0/checkpoints/step-000100000.pt,/home/haselab/projects/stable-deep-world-model/logs/models/from_scratch_atari_krull_vta_3seed_to_400000_20260208_112207/atari_krull_seed0/eval_eps/20260208T180330-44487f1ea8c44b5eaf22e05d1a89f711-1974.npz,1790,1810,0.0,2.865087355900895e-16,2.5862832069396973,3.896111249923706,0.0,4.839887619018555,nan,nan,nan,nan
atari_krull,/home/haselab/projects/stable-deep-world-model/logs/models/from_scratch_atari_krull_vta_3seed_to_400000_20260208_112207/atari_krull_seed0,/home/haselab/projects/stable-deep-world-model/logs/models/from_scratch_atari_krull_vta_3seed_to_400000_20260208_112207/atari_krull_seed0/checkpoints/step-000100000.pt,/home/haselab/projects/stable-deep-world-model/logs/models/from_scratch_atari_krull_vta_3seed_to_400000_20260208_112207/atari_krull_seed0/eval_eps/20260208T180330-44487f1ea8c44b5eaf22e05d1a89f711-1974.npz,1795,1815,0.0,1.875003514047348e-16,2.6195011138916016,3.9043476581573486,0.0,4.892892837524414,nan,nan,nan,nan
atari_krull,/home/haselab/projects/stable-deep-world-model/logs/models/from_scratch_atari_krull_vta_3seed_to_400000_20260208_112207/atari_krull_seed0,/home/haselab/projects/stable-deep-world-model/logs/models/from_scratch_atari_krull_vta_3seed_to_400000_20260208_112207/atari_krull_seed0/checkpoints/step-000100000.pt,/home/haselab/projects/stable-deep-world-model/logs/models/from_scratch_atari_krull_vta_3seed_to_400000_20260208_112207/atari_krull_seed0/eval_eps/20260208T180330-44487f1ea8c44b5eaf22e05d1a89f711-1974.npz,1800,1820,0.0,1.133160676836803e-16,2.659660577774048,3.9547805786132812,0.0,5.00325345993042,nan,nan,nan,nan
atari_krull,/home/haselab/projects/stable-deep-world-model/logs/models/from_scratch_atari_krull_vta_3seed_to_400000_20260208_112207/atari_krull_seed0,/home/haselab/projects/stable-deep-world-model/logs/models/from_scratch_atari_krull_vta_3seed_to_400000_20260208_112207/atari_krull_seed0/checkpoints/step-000100000.pt,/home/haselab/projects/stable-deep-world-model/logs/models/from_scratch_atari_krull_vta_3seed_to_400000_20260208_112207/atari_krull_seed0/eval_eps/20260208T180330-44487f1ea8c44b5eaf22e05d1a89f711-1974.npz,1805,1825,0.0,1.1254273983772692e-16,2.5640687942504883,3.8719539642333984,0.0,4.908285617828369,nan,nan,nan,nan
atari_krull,/home/haselab/projects/stable-deep-world-model/logs/models/from_scratch_atari_krull_vta_3seed_to_400000_20260208_112207/atari_krull_seed0,/home/haselab/projects/stable-deep-world-model/logs/models/from_scratch_atari_krull_vta_3seed_to_400000_20260208_112207/atari_krull_seed0/checkpoints/step-000100000.pt,/home/haselab/projects/stable-deep-world-model/logs/models/from_scratch_atari_krull_vta_3seed_to_400000_20260208_112207/atari_krull_seed0/eval_eps/20260208T180330-44487f1ea8c44b5eaf22e05d1a89f711-1974.npz,1810,1830,0.0,1.2287887113483434e-16,2.5511462688446045,3.8132691383361816,0.0,4.928433418273926,nan,nan,nan,nan
atari_krull,/home/haselab/projects/stable-deep-world-model/logs/models/from_scratch_atari_krull_vta_3seed_to_400000_20260208_112207/atari_krull_seed0,/home/haselab/projects/stable-deep-world-model/logs/models/from_scratch_atari_krull_vta_3seed_to_400000_20260208_112207/atari_krull_seed0/checkpoints/step-000100000.pt,/home/haselab/projects/stable-deep-world-model/logs/models/from_scratch_atari_krull_vta_3seed_to_400000_20260208_112207/atari_krull_seed0/eval_eps/20260208T180330-44487f1ea8c44b5eaf22e05d1a89f711-1974.npz,1815,1835,0.0,1.0625449958620901e-16,2.5046439170837402,3.8031373023986816,0.0,4.861252307891846,nan,nan,nan,nan
atari_krull,/home/haselab/projects/stable-deep-world-model/logs/models/from_scratch_atari_krull_vta_3seed_to_400000_20260208_112207/atari_krull_seed0,/home/haselab/projects/stable-deep-world-model/logs/models/from_scratch_atari_krull_vta_3seed_to_400000_20260208_112207/atari_krull_seed0/checkpoints/step-000100000.pt,/home/haselab/projects/stable-deep-world-model/logs/models/from_scratch_atari_krull_vta_3seed_to_400000_20260208_112207/atari_krull_seed0/eval_eps/20260208T180330-44487f1ea8c44b5eaf22e05d1a89f711-1974.npz,1820,1840,0.0,1.4732919184137896e-16,2.545905590057373,3.577314853668213,0.0,4.543595790863037,nan,nan,nan,nan
atari_krull,/home/haselab/projects/stable-deep-world-model/logs/models/from_scratch_atari_krull_vta_3seed_to_400000_20260208_112207/atari_krull_seed0,/home/haselab/projects/stable-deep-world-model/logs/models/from_scratch_atari_krull_vta_3seed_to_400000_20260208_112207/atari_krull_seed0/checkpoints/step-000100000.pt,/home/haselab/projects/stable-deep-world-model/logs/models/from_scratch_atari_krull_vta_3seed_to_400000_20260208_112207/atari_krull_seed0/eval_eps/20260208T180330-44487f1ea8c44b5eaf22e05d1a89f711-1974.npz,1825,1845,0.0,1.5751501449501814e-16,2.575448989868164,3.450169086456299,0.0,4.390054702758789,nan,nan,nan,nan
atari_krull,/home/haselab/projects/stable-deep-world-model/logs/models/from_scratch_atari_krull_vta_3seed_to_400000_20260208_112207/atari_krull_seed0,/home/haselab/projects/stable-deep-world-model/logs/models/from_scratch_atari_krull_vta_3seed_to_400000_20260208_112207/atari_krull_seed0/checkpoints/step-000100000.pt,/home/haselab/projects/stable-deep-world-model/logs/models/from_scratch_atari_krull_vta_3seed_to_400000_20260208_112207/atari_krull_seed0/eval_eps/20260208T180330-44487f1ea8c44b5eaf22e05d1a89f711-1974.npz,1830,1850,0.0,1.6476515330237192e-16,2.4684598445892334,3.298513412475586,0.0,4.030350685119629,nan,nan,nan,nan
atari_krull,/home/haselab/projects/stable-deep-world-model/logs/models/from_scratch_atari_krull_vta_3seed_to_400000_20260208_112207/atari_krull_seed0,/home/haselab/projects/stable-deep-world-model/logs/models/from_scratch_atari_krull_vta_3seed_to_400000_20260208_112207/atari_krull_seed0/checkpoints/step-000100000.pt,/home/haselab/projects/stable-deep-world-model/logs/models/from_scratch_atari_krull_vta_3seed_to_400000_20260208_112207/atari_krull_seed0/eval_eps/20260208T180330-44487f1ea8c44b5eaf22e05d1a89f711-1974.npz,1835,1855,0.0,1.6476058726539063e-16,2.5295817852020264,3.511852741241455,0.0,4.20432710647583,nan,nan,nan,nan
atari_krull,/home/haselab/projects/stable-deep-world-model/logs/models/from_scratch_atari_krull_vta_3seed_to_400000_20260208_112207/atari_krull_seed0,/home/haselab/projects/stable-deep-world-model/logs/models/from_scratch_atari_krull_vta_3seed_to_400000_20260208_112207/atari_krull_seed0/checkpoints/step-000100000.pt,/home/haselab/projects/stable-deep-world-model/logs/models/from_scratch_atari_krull_vta_3seed_to_400000_20260208_112207/atari_krull_seed0/eval_eps/20260208T180330-44487f1ea8c44b5eaf22e05d1a89f711-1974.npz,1840,1860,0.0,2.88067170333919e-17,2.5101518630981445,3.70668363571167,0.0,4.324359893798828,nan,nan,nan,nan
atari_krull,/home/haselab/projects/stable-deep-world-model/logs/models/from_scratch_atari_krull_vta_3seed_to_400000_20260208_112207/atari_krull_seed0,/home/haselab/projects/stable-deep-world-model/logs/models/from_scratch_atari_krull_vta_3seed_to_400000_20260208_112207/atari_krull_seed0/checkpoints/step-000100000.pt,/home/haselab/projects/stable-deep-world-model/logs/models/from_scratch_atari_krull_vta_3seed_to_400000_20260208_112207/atari_krull_seed0/eval_eps/20260208T180330-44487f1ea8c44b5eaf22e05d1a89f711-1974.npz,1845,1865,0.0,2.1283501090415986e-17,2.6334586143493652,3.9141716957092285,0.0,4.484482288360596,nan,nan,nan,nan
atari_krull,/home/haselab/projects/stable-deep-world-model/logs/models/from_scratch_atari_krull_vta_3seed_to_400000_20260208_112207/atari_krull_seed0,/home/haselab/projects/stable-deep-world-model/logs/models/from_scratch_atari_krull_vta_3seed_to_400000_20260208_112207/atari_krull_seed0/checkpoints/step-000100000.pt,/home/haselab/projects/stable-deep-world-model/logs/models/from_scratch_atari_krull_vta_3seed_to_400000_20260208_112207/atari_krull_seed0/eval_eps/20260208T180330-44487f1ea8c44b5eaf22e05d1a89f711-1974.npz,1850,1870,0.0,1.4937254500657767e-15,2.686288356781006,4.096271514892578,0.0,4.687453269958496,nan,nan,nan,nan
atari_krull,/home/haselab/projects/stable-deep-world-model/logs/models/from_scratch_atari_krull_vta_3seed_to_400000_20260208_112207/atari_krull_seed0,/home/haselab/projects/stable-deep-world-model/logs/models/from_scratch_atari_krull_vta_3seed_to_400000_20260208_112207/atari_krull_seed0/checkpoints/step-000100000.pt,/home/haselab/projects/stable-deep-world-model/logs/models/from_scratch_atari_krull_vta_3seed_to_400000_20260208_112207/atari_krull_seed0/eval_eps/20260208T180330-44487f1ea8c44b5eaf22e05d1a89f711-1974.npz,1855,1875,0.0,3.193731374875235e-15,2.5908560752868652,3.9402358531951904,0.0,4.627549171447754,nan,nan,nan,nan
atari_krull,/home/haselab/projects/stable-deep-world-model/logs/models/from_scratch_atari_krull_vta_3seed_to_400000_20260208_112207/atari_krull_seed0,/home/haselab/projects/stable-deep-world-model/logs/models/from_scratch_atari_krull_vta_3seed_to_400000_20260208_112207/atari_krull_seed0/checkpoints/step-000100000.pt,/home/haselab/projects/stable-deep-world-model/logs/models/from_scratch_atari_krull_vta_3seed_to_400000_20260208_112207/atari_krull_seed0/eval_eps/20260208T180330-44487f1ea8c44b5eaf22e05d1a89f711-1974.npz,1860,1880,0.0,5.051260228643812e-15,2.656890869140625,4.09720516204834,0.0,4.829314231872559,nan,nan,nan,nan
atari_krull,/home/haselab/projects/stable-deep-world-model/logs/models/from_scratch_atari_krull_vta_3seed_to_400000_20260208_112207/atari_krull_seed0,/home/haselab/projects/stable-deep-world-model/logs/models/from_scratch_atari_krull_vta_3seed_to_400000_20260208_112207/atari_krull_seed0/checkpoints/step-000100000.pt,/home/haselab/projects/stable-deep-world-model/logs/models/from_scratch_atari_krull_vta_3seed_to_400000_20260208_112207/atari_krull_seed0/eval_eps/20260208T180330-44487f1ea8c44b5eaf22e05d1a89f711-1974.npz,1865,1885,0.0,5.135670449969492e-15,2.6053543090820312,4.0634989738464355,0.0,4.693085670471191,nan,nan,nan,nan
atari_krull,/home/haselab/projects/stable-deep-world-model/logs/models/from_scratch_atari_krull_vta_3seed_to_400000_20260208_112207/atari_krull_seed0,/home/haselab/projects/stable-deep-world-model/logs/models/from_scratch_atari_krull_vta_3seed_to_400000_20260208_112207/atari_krull_seed0/checkpoints/step-000100000.pt,/home/haselab/projects/stable-deep-world-model/logs/models/from_scratch_atari_krull_vta_3seed_to_400000_20260208_112207/atari_krull_seed0/eval_eps/20260208T180330-44487f1ea8c44b5eaf22e05d1a89f711-1974.npz,1870,1890,0.0,6.877946020882042e-13,2.6763103008270264,3.998600482940674,0.0,4.6926493644714355,nan,nan,nan,nan
atari_krull,/home/haselab/projects/stable-deep-world-model/logs/models/from_scratch_atari_krull_vta_3seed_to_400000_20260208_112207/atari_krull_seed0,/home/haselab/projects/stable-deep-world-model/logs/models/from_scratch_atari_krull_vta_3seed_to_400000_20260208_112207/atari_krull_seed0/checkpoints/step-000100000.pt,/home/haselab/projects/stable-deep-world-model/logs/models/from_scratch_atari_krull_vta_3seed_to_400000_20260208_112207/atari_krull_seed0/eval_eps/20260208T180330-44487f1ea8c44b5eaf22e05d1a89f711-1974.npz,1875,1895,0.0,2.592282942123769e-12,2.7015457153320312,3.953857898712158,0.0,4.46701717376709,nan,nan,nan,nan
atari_krull,/home/haselab/projects/stable-deep-world-model/logs/models/from_scratch_atari_krull_vta_3seed_to_400000_20260208_112207/atari_krull_seed0,/home/haselab/projects/stable-deep-world-model/logs/models/from_scratch_atari_krull_vta_3seed_to_400000_20260208_112207/atari_krull_seed0/checkpoints/step-000100000.pt,/home/haselab/projects/stable-deep-world-model/logs/models/from_scratch_atari_krull_vta_3seed_to_400000_20260208_112207/atari_krull_seed0/eval_eps/20260208T180330-44487f1ea8c44b5eaf22e05d1a89f711-1974.npz,1880,1900,0.0,2.5917688134535766e-12,2.6395339965820312,3.840846538543701,0.0,4.303966999053955,nan,nan,nan,nan
atari_krull,/home/haselab/projects/stable-deep-world-model/logs/models/from_scratch_atari_krull_vta_3seed_to_400000_20260208_112207/atari_krull_seed0,/home/haselab/projects/stable-deep-world-model/logs/models/from_scratch_atari_krull_vta_3seed_to_400000_20260208_112207/atari_krull_seed0/checkpoints/step-000100000.pt,/home/haselab/projects/stable-deep-world-model/logs/models/from_scratch_atari_krull_vta_3seed_to_400000_20260208_112207/atari_krull_seed0/eval_eps/20260208T180330-44487f1ea8c44b5eaf22e05d1a89f711-1974.npz,1885,1905,0.0,2.5916820772797777e-12,2.678117275238037,4.0677008628845215,0.0,4.586856365203857,nan,nan,nan,nan
atari_krull,/home/haselab/projects/stable-deep-world-model/logs/models/from_scratch_atari_krull_vta_3seed_to_400000_20260208_112207/atari_krull_seed0,/home/haselab/projects/stable-deep-world-model/logs/models/from_scratch_atari_krull_vta_3seed_to_400000_20260208_112207/atari_krull_seed0/checkpoints/step-000100000.pt,/home/haselab/projects/stable-deep-world-model/logs/models/from_scratch_atari_krull_vta_3seed_to_400000_20260208_112207/atari_krull_seed0/eval_eps/20260208T180330-44487f1ea8c44b5eaf22e05d1a89f711-1974.npz,1890,1910,0.0,1.908101714825916e-12,2.667785167694092,4.24369478225708,0.0,4.803874969482422,nan,nan,nan,nan
atari_krull,/home/haselab/projects/stable-deep-world-model/logs/models/from_scratch_atari_krull_vta_3seed_to_400000_20260208_112207/atari_krull_seed0,/home/haselab/projects/stable-deep-world-model/logs/models/from_scratch_atari_krull_vta_3seed_to_400000_20260208_112207/atari_krull_seed0/checkpoints/step-000100000.pt,/home/haselab/projects/stable-deep-world-model/logs/models/from_scratch_atari_krull_vta_3seed_to_400000_20260208_112207/atari_krull_seed0/eval_eps/20260208T180330-44487f1ea8c44b5eaf22e05d1a89f711-1974.npz,1895,1915,0.0,5.352459100937956e-11,2.7274222373962402,4.142342567443848,0.0,4.793417930603027,nan,nan,nan,nan
atari_krull,/home/haselab/projects/stable-deep-world-model/logs/models/from_scratch_atari_krull_vta_3seed_to_400000_20260208_112207/atari_krull_seed0,/home/haselab/projects/stable-deep-world-model/logs/models/from_scratch_atari_krull_vta_3seed_to_400000_20260208_112207/atari_krull_seed0/checkpoints/step-000100000.pt,/home/haselab/projects/stable-deep-world-model/logs/models/from_scratch_atari_krull_vta_3seed_to_400000_20260208_112207/atari_krull_seed0/eval_eps/20260208T180330-44487f1ea8c44b5eaf22e05d1a89f711-1974.npz,1900,1920,0.0,5.361407498516435e-11,2.651057004928589,4.041699409484863,0.0,4.7522783279418945,nan,nan,nan,nan
atari_krull,/home/haselab/projects/stable-deep-world-model/logs/models/from_scratch_atari_krull_vta_3seed_to_400000_20260208_112207/atari_krull_seed0,/home/haselab/projects/stable-deep-world-model/logs/models/from_scratch_atari_krull_vta_3seed_to_400000_20260208_112207/atari_krull_seed0/checkpoints/step-000100000.pt,/home/haselab/projects/stable-deep-world-model/logs/models/from_scratch_atari_krull_vta_3seed_to_400000_20260208_112207/atari_krull_seed0/eval_eps/20260208T180330-44487f1ea8c44b5eaf22e05d1a89f711-1974.npz,1905,1925,0.0,5.3616354411811784e-11,2.599236011505127,3.93799090385437,0.0,4.691160678863525,nan,nan,nan,nan
atari_krull,/home/haselab/projects/stable-deep-world-model/logs/models/from_scratch_atari_krull_vta_3seed_to_400000_20260208_112207/atari_krull_seed0,/home/haselab/projects/stable-deep-world-model/logs/models/from_scratch_atari_krull_vta_3seed_to_400000_20260208_112207/atari_krull_seed0/checkpoints/step-000100000.pt,/home/haselab/projects/stable-deep-world-model/logs/models/from_scratch_atari_krull_vta_3seed_to_400000_20260208_112207/atari_krull_seed0/eval_eps/20260208T180330-44487f1ea8c44b5eaf22e05d1a89f711-1974.npz,1910,1930,0.0,5.3615785422511664e-11,2.6031155586242676,3.8353264331817627,0.0,4.586541652679443,nan,nan,nan,nan
atari_krull,/home/haselab/projects/stable-deep-world-model/logs/models/from_scratch_atari_krull_vta_3seed_to_400000_20260208_112207/atari_krull_seed0,/home/haselab/projects/stable-deep-world-model/logs/models/from_scratch_atari_krull_vta_3seed_to_400000_20260208_112207/atari_krull_seed0/checkpoints/step-000100000.pt,/home/haselab/projects/stable-deep-world-model/logs/models/from_scratch_atari_krull_vta_3seed_to_400000_20260208_112207/atari_krull_seed0/eval_eps/20260208T180330-44487f1ea8c44b5eaf22e05d1a89f711-1974.npz,1915,1935,0.0,9.510395129839339e-14,2.64719820022583,4.049010276794434,0.0,4.880326747894287,nan,nan,nan,nan
atari_krull,/home/haselab/projects/stable-deep-world-model/logs/models/from_scratch_atari_krull_vta_3seed_to_400000_20260208_112207/atari_krull_seed0,/home/haselab/projects/stable-deep-world-model/logs/models/from_scratch_atari_krull_vta_3seed_to_400000_20260208_112207/atari_krull_seed0/checkpoints/step-000100000.pt,/home/haselab/projects/stable-deep-world-model/logs/models/from_scratch_atari_krull_vta_3seed_to_400000_20260208_112207/atari_krull_seed0/eval_eps/20260208T180330-44487f1ea8c44b5eaf22e05d1a89f711-1974.npz,1920,1940,0.0,3.3549948436810764e-14,2.7302024364471436,4.1633076667785645,0.0,4.961178779602051,nan,nan,nan,nan
atari_krull,/home/haselab/projects/stable-deep-world-model/logs/models/from_scratch_atari_krull_vta_3seed_to_400000_20260208_112207/atari_krull_seed0,/home/haselab/projects/stable-deep-world-model/logs/models/from_scratch_atari_krull_vta_3seed_to_400000_20260208_112207/atari_krull_seed0/checkpoints/step-000100000.pt,/home/haselab/projects/stable-deep-world-model/logs/models/from_scratch_atari_krull_vta_3seed_to_400000_20260208_112207/atari_krull_seed0/eval_eps/20260208T180330-44487f1ea8c44b5eaf22e05d1a89f711-1974.npz,1925,1945,0.0,1.8052451200567532e-10,2.7097201347351074,4.110629081726074,0.0,4.96298885345459,nan,nan,nan,nan
atari_krull,/home/haselab/projects/stable-deep-world-model/logs/models/from_scratch_atari_krull_vta_3seed_to_400000_20260208_112207/atari_krull_seed0,/home/haselab/projects/stable-deep-world-model/logs/models/from_scratch_atari_krull_vta_3seed_to_400000_20260208_112207/atari_krull_seed0/checkpoints/step-000100000.pt,/home/haselab/projects/stable-deep-world-model/logs/models/from_scratch_atari_krull_vta_3seed_to_400000_20260208_112207/atari_krull_seed0/eval_eps/20260208T180330-44487f1ea8c44b5eaf22e05d1a89f711-1974.npz,1930,1950,0.0,1.8072311702699295e-10,2.7095797061920166,4.109840393066406,0.0,4.871461391448975,nan,nan,nan,nan
atari_krull,/home/haselab/projects/stable-deep-world-model/logs/models/from_scratch_atari_krull_vta_3seed_to_400000_20260208_112207/atari_krull_seed0,/home/haselab/projects/stable-deep-world-model/logs/models/from_scratch_atari_krull_vta_3seed_to_400000_20260208_112207/atari_krull_seed0/checkpoints/step-000100000.pt,/home/haselab/projects/stable-deep-world-model/logs/models/from_scratch_atari_krull_vta_3seed_to_400000_20260208_112207/atari_krull_seed0/eval_eps/20260208T180330-44487f1ea8c44b5eaf22e05d1a89f711-1974.npz,1935,1955,0.0,1.8072110474776082e-10,2.665968894958496,3.9740264415740967,0.0,4.777027130126953,nan,nan,nan,nan
atari_krull,/home/haselab/projects/stable-deep-world-model/logs/models/from_scratch_atari_krull_vta_3seed_to_400000_20260208_112207/atari_krull_seed0,/home/haselab/projects/stable-deep-world-model/logs/models/from_scratch_atari_krull_vta_3seed_to_400000_20260208_112207/atari_krull_seed0/checkpoints/step-000100000.pt,/home/haselab/projects/stable-deep-world-model/logs/models/from_scratch_atari_krull_vta_3seed_to_400000_20260208_112207/atari_krull_seed0/eval_eps/20260208T180330-44487f1ea8c44b5eaf22e05d1a89f711-1974.npz,1940,1960,0.0,1.8069182261548633e-10,2.735525369644165,3.892561674118042,0.0,4.726240634918213,nan,nan,nan,nan
atari_krull,/home/haselab/projects/stable-deep-world-model/logs/models/from_scratch_atari_krull_vta_3seed_to_400000_20260208_112207/atari_krull_seed0,/home/haselab/projects/stable-deep-world-model/logs/models/from_scratch_atari_krull_vta_3seed_to_400000_20260208_112207/atari_krull_seed0/checkpoints/step-000100000.pt,/home/haselab/projects/stable-deep-world-model/logs/models/from_scratch_atari_krull_vta_3seed_to_400000_20260208_112207/atari_krull_seed0/eval_eps/20260208T180330-44487f1ea8c44b5eaf22e05d1a89f711-1974.npz,1945,1965,0.0,1.9860423527105764e-13,2.7506160736083984,3.7534732818603516,0.0,4.484518527984619,nan,nan,nan,nan
atari_krull,/home/haselab/projects/stable-deep-world-model/logs/models/from_scratch_atari_krull_vta_3seed_to_400000_20260208_112207/atari_krull_seed0,/home/haselab/projects/stable-deep-world-model/logs/models/from_scratch_atari_krull_vta_3seed_to_400000_20260208_112207/atari_krull_seed0/checkpoints/step-000100000.pt,/home/haselab/projects/stable-deep-world-model/logs/models/from_scratch_atari_krull_vta_3seed_to_400000_20260208_112207/atari_krull_seed0/eval_eps/20260208T180330-44487f1ea8c44b5eaf22e05d1a89f711-1974.npz,1950,1970,0.0,3.7773070323336e-17,2.6814277172088623,3.605612277984619,0.0,4.292823314666748,nan,nan,nan,nan
