[2026-02-06 20:41:07] Queue script started
[2026-02-06 20:41:07] WAIT_PATTERN=run_content_kl_kernel_sweep.sh|src_dreamerv3\.dreamer.*atari_frostbite
[2026-02-06 20:41:07] RUN_TAG=20260206_204107_krull_private_eye
[2026-02-06 20:41:07] Waiting... matched processes:
  1985470 bash ./logs/content_kl_kernelsize/run_content_kl_kernel_sweep.sh
  2217904 uv run -m src_dreamerv3.dreamer --configs atari100k --task atari_frostbite --dynamics_type vta --seed 0 --logdir /home/haselab/projects/stable-deep-world-model/logs/content_kl_kernelsize/runs/20260206_153820/atari_frostbite_vta_k5_seed0 --device cuda:0 --steps 120000 --eval_every 20000 --log_every 20000 --eval_episode_num 1 --compile False --vta_post_boundary_kernel_size 5
  2217910 /home/haselab/projects/stable-deep-world-model/.venv/bin/python3 -m src_dreamerv3.dreamer --configs atari100k --task atari_frostbite --dynamics_type vta --seed 0 --logdir /home/haselab/projects/stable-deep-world-model/logs/content_kl_kernelsize/runs/20260206_153820/atari_frostbite_vta_k5_seed0 --device cuda:0 --steps 120000 --eval_every 20000 --log_every 20000 --eval_episode_num 1 --compile False --vta_post_boundary_kernel_size 5
[2026-02-06 20:42:07] Waiting... matched processes:
  1985470 bash ./logs/content_kl_kernelsize/run_content_kl_kernel_sweep.sh
  2217904 uv run -m src_dreamerv3.dreamer --configs atari100k --task atari_frostbite --dynamics_type vta --seed 0 --logdir /home/haselab/projects/stable-deep-world-model/logs/content_kl_kernelsize/runs/20260206_153820/atari_frostbite_vta_k5_seed0 --device cuda:0 --steps 120000 --eval_every 20000 --log_every 20000 --eval_episode_num 1 --compile False --vta_post_boundary_kernel_size 5
  2217910 /home/haselab/projects/stable-deep-world-model/.venv/bin/python3 -m src_dreamerv3.dreamer --configs atari100k --task atari_frostbite --dynamics_type vta --seed 0 --logdir /home/haselab/projects/stable-deep-world-model/logs/content_kl_kernelsize/runs/20260206_153820/atari_frostbite_vta_k5_seed0 --device cuda:0 --steps 120000 --eval_every 20000 --log_every 20000 --eval_episode_num 1 --compile False --vta_post_boundary_kernel_size 5
[2026-02-06 20:43:07] Waiting... matched processes:
  1985470 bash ./logs/content_kl_kernelsize/run_content_kl_kernel_sweep.sh
  2217904 uv run -m src_dreamerv3.dreamer --configs atari100k --task atari_frostbite --dynamics_type vta --seed 0 --logdir /home/haselab/projects/stable-deep-world-model/logs/content_kl_kernelsize/runs/20260206_153820/atari_frostbite_vta_k5_seed0 --device cuda:0 --steps 120000 --eval_every 20000 --log_every 20000 --eval_episode_num 1 --compile False --vta_post_boundary_kernel_size 5
  2217910 /home/haselab/projects/stable-deep-world-model/.venv/bin/python3 -m src_dreamerv3.dreamer --configs atari100k --task atari_frostbite --dynamics_type vta --seed 0 --logdir /home/haselab/projects/stable-deep-world-model/logs/content_kl_kernelsize/runs/20260206_153820/atari_frostbite_vta_k5_seed0 --device cuda:0 --steps 120000 --eval_every 20000 --log_every 20000 --eval_episode_num 1 --compile False --vta_post_boundary_kernel_size 5
[2026-02-06 20:44:07] Waiting... matched processes:
  1985470 bash ./logs/content_kl_kernelsize/run_content_kl_kernel_sweep.sh
  2217904 uv run -m src_dreamerv3.dreamer --configs atari100k --task atari_frostbite --dynamics_type vta --seed 0 --logdir /home/haselab/projects/stable-deep-world-model/logs/content_kl_kernelsize/runs/20260206_153820/atari_frostbite_vta_k5_seed0 --device cuda:0 --steps 120000 --eval_every 20000 --log_every 20000 --eval_episode_num 1 --compile False --vta_post_boundary_kernel_size 5
  2217910 /home/haselab/projects/stable-deep-world-model/.venv/bin/python3 -m src_dreamerv3.dreamer --configs atari100k --task atari_frostbite --dynamics_type vta --seed 0 --logdir /home/haselab/projects/stable-deep-world-model/logs/content_kl_kernelsize/runs/20260206_153820/atari_frostbite_vta_k5_seed0 --device cuda:0 --steps 120000 --eval_every 20000 --log_every 20000 --eval_episode_num 1 --compile False --vta_post_boundary_kernel_size 5
[2026-02-06 20:45:07] Waiting... matched processes:
  1985470 bash ./logs/content_kl_kernelsize/run_content_kl_kernel_sweep.sh
  2217904 uv run -m src_dreamerv3.dreamer --configs atari100k --task atari_frostbite --dynamics_type vta --seed 0 --logdir /home/haselab/projects/stable-deep-world-model/logs/content_kl_kernelsize/runs/20260206_153820/atari_frostbite_vta_k5_seed0 --device cuda:0 --steps 120000 --eval_every 20000 --log_every 20000 --eval_episode_num 1 --compile False --vta_post_boundary_kernel_size 5
  2217910 /home/haselab/projects/stable-deep-world-model/.venv/bin/python3 -m src_dreamerv3.dreamer --configs atari100k --task atari_frostbite --dynamics_type vta --seed 0 --logdir /home/haselab/projects/stable-deep-world-model/logs/content_kl_kernelsize/runs/20260206_153820/atari_frostbite_vta_k5_seed0 --device cuda:0 --steps 120000 --eval_every 20000 --log_every 20000 --eval_episode_num 1 --compile False --vta_post_boundary_kernel_size 5
[2026-02-06 20:46:07] Waiting... matched processes:
  1985470 bash ./logs/content_kl_kernelsize/run_content_kl_kernel_sweep.sh
  2217904 uv run -m src_dreamerv3.dreamer --configs atari100k --task atari_frostbite --dynamics_type vta --seed 0 --logdir /home/haselab/projects/stable-deep-world-model/logs/content_kl_kernelsize/runs/20260206_153820/atari_frostbite_vta_k5_seed0 --device cuda:0 --steps 120000 --eval_every 20000 --log_every 20000 --eval_episode_num 1 --compile False --vta_post_boundary_kernel_size 5
  2217910 /home/haselab/projects/stable-deep-world-model/.venv/bin/python3 -m src_dreamerv3.dreamer --configs atari100k --task atari_frostbite --dynamics_type vta --seed 0 --logdir /home/haselab/projects/stable-deep-world-model/logs/content_kl_kernelsize/runs/20260206_153820/atari_frostbite_vta_k5_seed0 --device cuda:0 --steps 120000 --eval_every 20000 --log_every 20000 --eval_episode_num 1 --compile False --vta_post_boundary_kernel_size 5
[2026-02-06 20:47:07] Waiting... matched processes:
  1985470 bash ./logs/content_kl_kernelsize/run_content_kl_kernel_sweep.sh
  2217904 uv run -m src_dreamerv3.dreamer --configs atari100k --task atari_frostbite --dynamics_type vta --seed 0 --logdir /home/haselab/projects/stable-deep-world-model/logs/content_kl_kernelsize/runs/20260206_153820/atari_frostbite_vta_k5_seed0 --device cuda:0 --steps 120000 --eval_every 20000 --log_every 20000 --eval_episode_num 1 --compile False --vta_post_boundary_kernel_size 5
  2217910 /home/haselab/projects/stable-deep-world-model/.venv/bin/python3 -m src_dreamerv3.dreamer --configs atari100k --task atari_frostbite --dynamics_type vta --seed 0 --logdir /home/haselab/projects/stable-deep-world-model/logs/content_kl_kernelsize/runs/20260206_153820/atari_frostbite_vta_k5_seed0 --device cuda:0 --steps 120000 --eval_every 20000 --log_every 20000 --eval_episode_num 1 --compile False --vta_post_boundary_kernel_size 5
[2026-02-06 20:48:07] Waiting... matched processes:
  1985470 bash ./logs/content_kl_kernelsize/run_content_kl_kernel_sweep.sh
  2217904 uv run -m src_dreamerv3.dreamer --configs atari100k --task atari_frostbite --dynamics_type vta --seed 0 --logdir /home/haselab/projects/stable-deep-world-model/logs/content_kl_kernelsize/runs/20260206_153820/atari_frostbite_vta_k5_seed0 --device cuda:0 --steps 120000 --eval_every 20000 --log_every 20000 --eval_episode_num 1 --compile False --vta_post_boundary_kernel_size 5
  2217910 /home/haselab/projects/stable-deep-world-model/.venv/bin/python3 -m src_dreamerv3.dreamer --configs atari100k --task atari_frostbite --dynamics_type vta --seed 0 --logdir /home/haselab/projects/stable-deep-world-model/logs/content_kl_kernelsize/runs/20260206_153820/atari_frostbite_vta_k5_seed0 --device cuda:0 --steps 120000 --eval_every 20000 --log_every 20000 --eval_episode_num 1 --compile False --vta_post_boundary_kernel_size 5
[2026-02-06 20:49:07] Waiting... matched processes:
  1985470 bash ./logs/content_kl_kernelsize/run_content_kl_kernel_sweep.sh
  2217904 uv run -m src_dreamerv3.dreamer --configs atari100k --task atari_frostbite --dynamics_type vta --seed 0 --logdir /home/haselab/projects/stable-deep-world-model/logs/content_kl_kernelsize/runs/20260206_153820/atari_frostbite_vta_k5_seed0 --device cuda:0 --steps 120000 --eval_every 20000 --log_every 20000 --eval_episode_num 1 --compile False --vta_post_boundary_kernel_size 5
  2217910 /home/haselab/projects/stable-deep-world-model/.venv/bin/python3 -m src_dreamerv3.dreamer --configs atari100k --task atari_frostbite --dynamics_type vta --seed 0 --logdir /home/haselab/projects/stable-deep-world-model/logs/content_kl_kernelsize/runs/20260206_153820/atari_frostbite_vta_k5_seed0 --device cuda:0 --steps 120000 --eval_every 20000 --log_every 20000 --eval_episode_num 1 --compile False --vta_post_boundary_kernel_size 5
[2026-02-06 20:50:07] Waiting... matched processes:
  1985470 bash ./logs/content_kl_kernelsize/run_content_kl_kernel_sweep.sh
  2217904 uv run -m src_dreamerv3.dreamer --configs atari100k --task atari_frostbite --dynamics_type vta --seed 0 --logdir /home/haselab/projects/stable-deep-world-model/logs/content_kl_kernelsize/runs/20260206_153820/atari_frostbite_vta_k5_seed0 --device cuda:0 --steps 120000 --eval_every 20000 --log_every 20000 --eval_episode_num 1 --compile False --vta_post_boundary_kernel_size 5
  2217910 /home/haselab/projects/stable-deep-world-model/.venv/bin/python3 -m src_dreamerv3.dreamer --configs atari100k --task atari_frostbite --dynamics_type vta --seed 0 --logdir /home/haselab/projects/stable-deep-world-model/logs/content_kl_kernelsize/runs/20260206_153820/atari_frostbite_vta_k5_seed0 --device cuda:0 --steps 120000 --eval_every 20000 --log_every 20000 --eval_episode_num 1 --compile False --vta_post_boundary_kernel_size 5
[2026-02-06 20:51:07] Waiting... matched processes:
  1985470 bash ./logs/content_kl_kernelsize/run_content_kl_kernel_sweep.sh
  2217904 uv run -m src_dreamerv3.dreamer --configs atari100k --task atari_frostbite --dynamics_type vta --seed 0 --logdir /home/haselab/projects/stable-deep-world-model/logs/content_kl_kernelsize/runs/20260206_153820/atari_frostbite_vta_k5_seed0 --device cuda:0 --steps 120000 --eval_every 20000 --log_every 20000 --eval_episode_num 1 --compile False --vta_post_boundary_kernel_size 5
  2217910 /home/haselab/projects/stable-deep-world-model/.venv/bin/python3 -m src_dreamerv3.dreamer --configs atari100k --task atari_frostbite --dynamics_type vta --seed 0 --logdir /home/haselab/projects/stable-deep-world-model/logs/content_kl_kernelsize/runs/20260206_153820/atari_frostbite_vta_k5_seed0 --device cuda:0 --steps 120000 --eval_every 20000 --log_every 20000 --eval_episode_num 1 --compile False --vta_post_boundary_kernel_size 5
[2026-02-06 20:52:07] Waiting... matched processes:
  1985470 bash ./logs/content_kl_kernelsize/run_content_kl_kernel_sweep.sh
  2217904 uv run -m src_dreamerv3.dreamer --configs atari100k --task atari_frostbite --dynamics_type vta --seed 0 --logdir /home/haselab/projects/stable-deep-world-model/logs/content_kl_kernelsize/runs/20260206_153820/atari_frostbite_vta_k5_seed0 --device cuda:0 --steps 120000 --eval_every 20000 --log_every 20000 --eval_episode_num 1 --compile False --vta_post_boundary_kernel_size 5
  2217910 /home/haselab/projects/stable-deep-world-model/.venv/bin/python3 -m src_dreamerv3.dreamer --configs atari100k --task atari_frostbite --dynamics_type vta --seed 0 --logdir /home/haselab/projects/stable-deep-world-model/logs/content_kl_kernelsize/runs/20260206_153820/atari_frostbite_vta_k5_seed0 --device cuda:0 --steps 120000 --eval_every 20000 --log_every 20000 --eval_episode_num 1 --compile False --vta_post_boundary_kernel_size 5
[2026-02-06 20:53:07] Waiting... matched processes:
  1985470 bash ./logs/content_kl_kernelsize/run_content_kl_kernel_sweep.sh
  2217904 uv run -m src_dreamerv3.dreamer --configs atari100k --task atari_frostbite --dynamics_type vta --seed 0 --logdir /home/haselab/projects/stable-deep-world-model/logs/content_kl_kernelsize/runs/20260206_153820/atari_frostbite_vta_k5_seed0 --device cuda:0 --steps 120000 --eval_every 20000 --log_every 20000 --eval_episode_num 1 --compile False --vta_post_boundary_kernel_size 5
  2217910 /home/haselab/projects/stable-deep-world-model/.venv/bin/python3 -m src_dreamerv3.dreamer --configs atari100k --task atari_frostbite --dynamics_type vta --seed 0 --logdir /home/haselab/projects/stable-deep-world-model/logs/content_kl_kernelsize/runs/20260206_153820/atari_frostbite_vta_k5_seed0 --device cuda:0 --steps 120000 --eval_every 20000 --log_every 20000 --eval_episode_num 1 --compile False --vta_post_boundary_kernel_size 5
[2026-02-06 20:54:07] Waiting... matched processes:
  1985470 bash ./logs/content_kl_kernelsize/run_content_kl_kernel_sweep.sh
  2217904 uv run -m src_dreamerv3.dreamer --configs atari100k --task atari_frostbite --dynamics_type vta --seed 0 --logdir /home/haselab/projects/stable-deep-world-model/logs/content_kl_kernelsize/runs/20260206_153820/atari_frostbite_vta_k5_seed0 --device cuda:0 --steps 120000 --eval_every 20000 --log_every 20000 --eval_episode_num 1 --compile False --vta_post_boundary_kernel_size 5
  2217910 /home/haselab/projects/stable-deep-world-model/.venv/bin/python3 -m src_dreamerv3.dreamer --configs atari100k --task atari_frostbite --dynamics_type vta --seed 0 --logdir /home/haselab/projects/stable-deep-world-model/logs/content_kl_kernelsize/runs/20260206_153820/atari_frostbite_vta_k5_seed0 --device cuda:0 --steps 120000 --eval_every 20000 --log_every 20000 --eval_episode_num 1 --compile False --vta_post_boundary_kernel_size 5
[2026-02-06 20:55:07] Waiting... matched processes:
  1985470 bash ./logs/content_kl_kernelsize/run_content_kl_kernel_sweep.sh
  2217904 uv run -m src_dreamerv3.dreamer --configs atari100k --task atari_frostbite --dynamics_type vta --seed 0 --logdir /home/haselab/projects/stable-deep-world-model/logs/content_kl_kernelsize/runs/20260206_153820/atari_frostbite_vta_k5_seed0 --device cuda:0 --steps 120000 --eval_every 20000 --log_every 20000 --eval_episode_num 1 --compile False --vta_post_boundary_kernel_size 5
  2217910 /home/haselab/projects/stable-deep-world-model/.venv/bin/python3 -m src_dreamerv3.dreamer --configs atari100k --task atari_frostbite --dynamics_type vta --seed 0 --logdir /home/haselab/projects/stable-deep-world-model/logs/content_kl_kernelsize/runs/20260206_153820/atari_frostbite_vta_k5_seed0 --device cuda:0 --steps 120000 --eval_every 20000 --log_every 20000 --eval_episode_num 1 --compile False --vta_post_boundary_kernel_size 5
[2026-02-06 20:56:07] Waiting... matched processes:
  1985470 bash ./logs/content_kl_kernelsize/run_content_kl_kernel_sweep.sh
  2217904 uv run -m src_dreamerv3.dreamer --configs atari100k --task atari_frostbite --dynamics_type vta --seed 0 --logdir /home/haselab/projects/stable-deep-world-model/logs/content_kl_kernelsize/runs/20260206_153820/atari_frostbite_vta_k5_seed0 --device cuda:0 --steps 120000 --eval_every 20000 --log_every 20000 --eval_episode_num 1 --compile False --vta_post_boundary_kernel_size 5
  2217910 /home/haselab/projects/stable-deep-world-model/.venv/bin/python3 -m src_dreamerv3.dreamer --configs atari100k --task atari_frostbite --dynamics_type vta --seed 0 --logdir /home/haselab/projects/stable-deep-world-model/logs/content_kl_kernelsize/runs/20260206_153820/atari_frostbite_vta_k5_seed0 --device cuda:0 --steps 120000 --eval_every 20000 --log_every 20000 --eval_episode_num 1 --compile False --vta_post_boundary_kernel_size 5
[2026-02-06 20:57:07] Waiting... matched processes:
  1985470 bash ./logs/content_kl_kernelsize/run_content_kl_kernel_sweep.sh
  2217904 uv run -m src_dreamerv3.dreamer --configs atari100k --task atari_frostbite --dynamics_type vta --seed 0 --logdir /home/haselab/projects/stable-deep-world-model/logs/content_kl_kernelsize/runs/20260206_153820/atari_frostbite_vta_k5_seed0 --device cuda:0 --steps 120000 --eval_every 20000 --log_every 20000 --eval_episode_num 1 --compile False --vta_post_boundary_kernel_size 5
  2217910 /home/haselab/projects/stable-deep-world-model/.venv/bin/python3 -m src_dreamerv3.dreamer --configs atari100k --task atari_frostbite --dynamics_type vta --seed 0 --logdir /home/haselab/projects/stable-deep-world-model/logs/content_kl_kernelsize/runs/20260206_153820/atari_frostbite_vta_k5_seed0 --device cuda:0 --steps 120000 --eval_every 20000 --log_every 20000 --eval_episode_num 1 --compile False --vta_post_boundary_kernel_size 5
[2026-02-06 20:58:07] Waiting... matched processes:
  1985470 bash ./logs/content_kl_kernelsize/run_content_kl_kernel_sweep.sh
  2217904 uv run -m src_dreamerv3.dreamer --configs atari100k --task atari_frostbite --dynamics_type vta --seed 0 --logdir /home/haselab/projects/stable-deep-world-model/logs/content_kl_kernelsize/runs/20260206_153820/atari_frostbite_vta_k5_seed0 --device cuda:0 --steps 120000 --eval_every 20000 --log_every 20000 --eval_episode_num 1 --compile False --vta_post_boundary_kernel_size 5
  2217910 /home/haselab/projects/stable-deep-world-model/.venv/bin/python3 -m src_dreamerv3.dreamer --configs atari100k --task atari_frostbite --dynamics_type vta --seed 0 --logdir /home/haselab/projects/stable-deep-world-model/logs/content_kl_kernelsize/runs/20260206_153820/atari_frostbite_vta_k5_seed0 --device cuda:0 --steps 120000 --eval_every 20000 --log_every 20000 --eval_episode_num 1 --compile False --vta_post_boundary_kernel_size 5
[2026-02-06 20:59:07] Waiting... matched processes:
  1985470 bash ./logs/content_kl_kernelsize/run_content_kl_kernel_sweep.sh
  2217904 uv run -m src_dreamerv3.dreamer --configs atari100k --task atari_frostbite --dynamics_type vta --seed 0 --logdir /home/haselab/projects/stable-deep-world-model/logs/content_kl_kernelsize/runs/20260206_153820/atari_frostbite_vta_k5_seed0 --device cuda:0 --steps 120000 --eval_every 20000 --log_every 20000 --eval_episode_num 1 --compile False --vta_post_boundary_kernel_size 5
  2217910 /home/haselab/projects/stable-deep-world-model/.venv/bin/python3 -m src_dreamerv3.dreamer --configs atari100k --task atari_frostbite --dynamics_type vta --seed 0 --logdir /home/haselab/projects/stable-deep-world-model/logs/content_kl_kernelsize/runs/20260206_153820/atari_frostbite_vta_k5_seed0 --device cuda:0 --steps 120000 --eval_every 20000 --log_every 20000 --eval_episode_num 1 --compile False --vta_post_boundary_kernel_size 5
[2026-02-06 21:00:07] Waiting... matched processes:
  1985470 bash ./logs/content_kl_kernelsize/run_content_kl_kernel_sweep.sh
  2217904 uv run -m src_dreamerv3.dreamer --configs atari100k --task atari_frostbite --dynamics_type vta --seed 0 --logdir /home/haselab/projects/stable-deep-world-model/logs/content_kl_kernelsize/runs/20260206_153820/atari_frostbite_vta_k5_seed0 --device cuda:0 --steps 120000 --eval_every 20000 --log_every 20000 --eval_episode_num 1 --compile False --vta_post_boundary_kernel_size 5
  2217910 /home/haselab/projects/stable-deep-world-model/.venv/bin/python3 -m src_dreamerv3.dreamer --configs atari100k --task atari_frostbite --dynamics_type vta --seed 0 --logdir /home/haselab/projects/stable-deep-world-model/logs/content_kl_kernelsize/runs/20260206_153820/atari_frostbite_vta_k5_seed0 --device cuda:0 --steps 120000 --eval_every 20000 --log_every 20000 --eval_episode_num 1 --compile False --vta_post_boundary_kernel_size 5
[2026-02-06 21:01:07] Waiting... matched processes:
  1985470 bash ./logs/content_kl_kernelsize/run_content_kl_kernel_sweep.sh
  2217904 uv run -m src_dreamerv3.dreamer --configs atari100k --task atari_frostbite --dynamics_type vta --seed 0 --logdir /home/haselab/projects/stable-deep-world-model/logs/content_kl_kernelsize/runs/20260206_153820/atari_frostbite_vta_k5_seed0 --device cuda:0 --steps 120000 --eval_every 20000 --log_every 20000 --eval_episode_num 1 --compile False --vta_post_boundary_kernel_size 5
  2217910 /home/haselab/projects/stable-deep-world-model/.venv/bin/python3 -m src_dreamerv3.dreamer --configs atari100k --task atari_frostbite --dynamics_type vta --seed 0 --logdir /home/haselab/projects/stable-deep-world-model/logs/content_kl_kernelsize/runs/20260206_153820/atari_frostbite_vta_k5_seed0 --device cuda:0 --steps 120000 --eval_every 20000 --log_every 20000 --eval_episode_num 1 --compile False --vta_post_boundary_kernel_size 5
[2026-02-06 21:02:07] Waiting... matched processes:
  1985470 bash ./logs/content_kl_kernelsize/run_content_kl_kernel_sweep.sh
  2217904 uv run -m src_dreamerv3.dreamer --configs atari100k --task atari_frostbite --dynamics_type vta --seed 0 --logdir /home/haselab/projects/stable-deep-world-model/logs/content_kl_kernelsize/runs/20260206_153820/atari_frostbite_vta_k5_seed0 --device cuda:0 --steps 120000 --eval_every 20000 --log_every 20000 --eval_episode_num 1 --compile False --vta_post_boundary_kernel_size 5
  2217910 /home/haselab/projects/stable-deep-world-model/.venv/bin/python3 -m src_dreamerv3.dreamer --configs atari100k --task atari_frostbite --dynamics_type vta --seed 0 --logdir /home/haselab/projects/stable-deep-world-model/logs/content_kl_kernelsize/runs/20260206_153820/atari_frostbite_vta_k5_seed0 --device cuda:0 --steps 120000 --eval_every 20000 --log_every 20000 --eval_episode_num 1 --compile False --vta_post_boundary_kernel_size 5
[2026-02-06 21:03:07] Waiting... matched processes:
  1985470 bash ./logs/content_kl_kernelsize/run_content_kl_kernel_sweep.sh
  2217904 uv run -m src_dreamerv3.dreamer --configs atari100k --task atari_frostbite --dynamics_type vta --seed 0 --logdir /home/haselab/projects/stable-deep-world-model/logs/content_kl_kernelsize/runs/20260206_153820/atari_frostbite_vta_k5_seed0 --device cuda:0 --steps 120000 --eval_every 20000 --log_every 20000 --eval_episode_num 1 --compile False --vta_post_boundary_kernel_size 5
  2217910 /home/haselab/projects/stable-deep-world-model/.venv/bin/python3 -m src_dreamerv3.dreamer --configs atari100k --task atari_frostbite --dynamics_type vta --seed 0 --logdir /home/haselab/projects/stable-deep-world-model/logs/content_kl_kernelsize/runs/20260206_153820/atari_frostbite_vta_k5_seed0 --device cuda:0 --steps 120000 --eval_every 20000 --log_every 20000 --eval_episode_num 1 --compile False --vta_post_boundary_kernel_size 5
[2026-02-06 21:04:08] Waiting... matched processes:
  1985470 bash ./logs/content_kl_kernelsize/run_content_kl_kernel_sweep.sh
  2217904 uv run -m src_dreamerv3.dreamer --configs atari100k --task atari_frostbite --dynamics_type vta --seed 0 --logdir /home/haselab/projects/stable-deep-world-model/logs/content_kl_kernelsize/runs/20260206_153820/atari_frostbite_vta_k5_seed0 --device cuda:0 --steps 120000 --eval_every 20000 --log_every 20000 --eval_episode_num 1 --compile False --vta_post_boundary_kernel_size 5
  2217910 /home/haselab/projects/stable-deep-world-model/.venv/bin/python3 -m src_dreamerv3.dreamer --configs atari100k --task atari_frostbite --dynamics_type vta --seed 0 --logdir /home/haselab/projects/stable-deep-world-model/logs/content_kl_kernelsize/runs/20260206_153820/atari_frostbite_vta_k5_seed0 --device cuda:0 --steps 120000 --eval_every 20000 --log_every 20000 --eval_episode_num 1 --compile False --vta_post_boundary_kernel_size 5
[2026-02-06 21:05:08] Waiting... matched processes:
  1985470 bash ./logs/content_kl_kernelsize/run_content_kl_kernel_sweep.sh
  2217904 uv run -m src_dreamerv3.dreamer --configs atari100k --task atari_frostbite --dynamics_type vta --seed 0 --logdir /home/haselab/projects/stable-deep-world-model/logs/content_kl_kernelsize/runs/20260206_153820/atari_frostbite_vta_k5_seed0 --device cuda:0 --steps 120000 --eval_every 20000 --log_every 20000 --eval_episode_num 1 --compile False --vta_post_boundary_kernel_size 5
  2217910 /home/haselab/projects/stable-deep-world-model/.venv/bin/python3 -m src_dreamerv3.dreamer --configs atari100k --task atari_frostbite --dynamics_type vta --seed 0 --logdir /home/haselab/projects/stable-deep-world-model/logs/content_kl_kernelsize/runs/20260206_153820/atari_frostbite_vta_k5_seed0 --device cuda:0 --steps 120000 --eval_every 20000 --log_every 20000 --eval_episode_num 1 --compile False --vta_post_boundary_kernel_size 5
[2026-02-06 21:06:08] Waiting... matched processes:
  1985470 bash ./logs/content_kl_kernelsize/run_content_kl_kernel_sweep.sh
  2217904 uv run -m src_dreamerv3.dreamer --configs atari100k --task atari_frostbite --dynamics_type vta --seed 0 --logdir /home/haselab/projects/stable-deep-world-model/logs/content_kl_kernelsize/runs/20260206_153820/atari_frostbite_vta_k5_seed0 --device cuda:0 --steps 120000 --eval_every 20000 --log_every 20000 --eval_episode_num 1 --compile False --vta_post_boundary_kernel_size 5
  2217910 /home/haselab/projects/stable-deep-world-model/.venv/bin/python3 -m src_dreamerv3.dreamer --configs atari100k --task atari_frostbite --dynamics_type vta --seed 0 --logdir /home/haselab/projects/stable-deep-world-model/logs/content_kl_kernelsize/runs/20260206_153820/atari_frostbite_vta_k5_seed0 --device cuda:0 --steps 120000 --eval_every 20000 --log_every 20000 --eval_episode_num 1 --compile False --vta_post_boundary_kernel_size 5
[2026-02-06 21:07:08] Waiting... matched processes:
  1985470 bash ./logs/content_kl_kernelsize/run_content_kl_kernel_sweep.sh
  2217904 uv run -m src_dreamerv3.dreamer --configs atari100k --task atari_frostbite --dynamics_type vta --seed 0 --logdir /home/haselab/projects/stable-deep-world-model/logs/content_kl_kernelsize/runs/20260206_153820/atari_frostbite_vta_k5_seed0 --device cuda:0 --steps 120000 --eval_every 20000 --log_every 20000 --eval_episode_num 1 --compile False --vta_post_boundary_kernel_size 5
  2217910 /home/haselab/projects/stable-deep-world-model/.venv/bin/python3 -m src_dreamerv3.dreamer --configs atari100k --task atari_frostbite --dynamics_type vta --seed 0 --logdir /home/haselab/projects/stable-deep-world-model/logs/content_kl_kernelsize/runs/20260206_153820/atari_frostbite_vta_k5_seed0 --device cuda:0 --steps 120000 --eval_every 20000 --log_every 20000 --eval_episode_num 1 --compile False --vta_post_boundary_kernel_size 5
[2026-02-06 21:08:08] Waiting... matched processes:
  1985470 bash ./logs/content_kl_kernelsize/run_content_kl_kernel_sweep.sh
  2217904 uv run -m src_dreamerv3.dreamer --configs atari100k --task atari_frostbite --dynamics_type vta --seed 0 --logdir /home/haselab/projects/stable-deep-world-model/logs/content_kl_kernelsize/runs/20260206_153820/atari_frostbite_vta_k5_seed0 --device cuda:0 --steps 120000 --eval_every 20000 --log_every 20000 --eval_episode_num 1 --compile False --vta_post_boundary_kernel_size 5
  2217910 /home/haselab/projects/stable-deep-world-model/.venv/bin/python3 -m src_dreamerv3.dreamer --configs atari100k --task atari_frostbite --dynamics_type vta --seed 0 --logdir /home/haselab/projects/stable-deep-world-model/logs/content_kl_kernelsize/runs/20260206_153820/atari_frostbite_vta_k5_seed0 --device cuda:0 --steps 120000 --eval_every 20000 --log_every 20000 --eval_episode_num 1 --compile False --vta_post_boundary_kernel_size 5
[2026-02-06 21:09:08] Waiting... matched processes:
  1985470 bash ./logs/content_kl_kernelsize/run_content_kl_kernel_sweep.sh
  2217904 uv run -m src_dreamerv3.dreamer --configs atari100k --task atari_frostbite --dynamics_type vta --seed 0 --logdir /home/haselab/projects/stable-deep-world-model/logs/content_kl_kernelsize/runs/20260206_153820/atari_frostbite_vta_k5_seed0 --device cuda:0 --steps 120000 --eval_every 20000 --log_every 20000 --eval_episode_num 1 --compile False --vta_post_boundary_kernel_size 5
  2217910 /home/haselab/projects/stable-deep-world-model/.venv/bin/python3 -m src_dreamerv3.dreamer --configs atari100k --task atari_frostbite --dynamics_type vta --seed 0 --logdir /home/haselab/projects/stable-deep-world-model/logs/content_kl_kernelsize/runs/20260206_153820/atari_frostbite_vta_k5_seed0 --device cuda:0 --steps 120000 --eval_every 20000 --log_every 20000 --eval_episode_num 1 --compile False --vta_post_boundary_kernel_size 5
[2026-02-06 21:10:08] Waiting... matched processes:
  1985470 bash ./logs/content_kl_kernelsize/run_content_kl_kernel_sweep.sh
  2217904 uv run -m src_dreamerv3.dreamer --configs atari100k --task atari_frostbite --dynamics_type vta --seed 0 --logdir /home/haselab/projects/stable-deep-world-model/logs/content_kl_kernelsize/runs/20260206_153820/atari_frostbite_vta_k5_seed0 --device cuda:0 --steps 120000 --eval_every 20000 --log_every 20000 --eval_episode_num 1 --compile False --vta_post_boundary_kernel_size 5
  2217910 /home/haselab/projects/stable-deep-world-model/.venv/bin/python3 -m src_dreamerv3.dreamer --configs atari100k --task atari_frostbite --dynamics_type vta --seed 0 --logdir /home/haselab/projects/stable-deep-world-model/logs/content_kl_kernelsize/runs/20260206_153820/atari_frostbite_vta_k5_seed0 --device cuda:0 --steps 120000 --eval_every 20000 --log_every 20000 --eval_episode_num 1 --compile False --vta_post_boundary_kernel_size 5
[2026-02-06 21:11:08] Waiting... matched processes:
  1985470 bash ./logs/content_kl_kernelsize/run_content_kl_kernel_sweep.sh
  2217904 uv run -m src_dreamerv3.dreamer --configs atari100k --task atari_frostbite --dynamics_type vta --seed 0 --logdir /home/haselab/projects/stable-deep-world-model/logs/content_kl_kernelsize/runs/20260206_153820/atari_frostbite_vta_k5_seed0 --device cuda:0 --steps 120000 --eval_every 20000 --log_every 20000 --eval_episode_num 1 --compile False --vta_post_boundary_kernel_size 5
  2217910 /home/haselab/projects/stable-deep-world-model/.venv/bin/python3 -m src_dreamerv3.dreamer --configs atari100k --task atari_frostbite --dynamics_type vta --seed 0 --logdir /home/haselab/projects/stable-deep-world-model/logs/content_kl_kernelsize/runs/20260206_153820/atari_frostbite_vta_k5_seed0 --device cuda:0 --steps 120000 --eval_every 20000 --log_every 20000 --eval_episode_num 1 --compile False --vta_post_boundary_kernel_size 5
[2026-02-06 21:12:08] Waiting... matched processes:
  1985470 bash ./logs/content_kl_kernelsize/run_content_kl_kernel_sweep.sh
  2217904 uv run -m src_dreamerv3.dreamer --configs atari100k --task atari_frostbite --dynamics_type vta --seed 0 --logdir /home/haselab/projects/stable-deep-world-model/logs/content_kl_kernelsize/runs/20260206_153820/atari_frostbite_vta_k5_seed0 --device cuda:0 --steps 120000 --eval_every 20000 --log_every 20000 --eval_episode_num 1 --compile False --vta_post_boundary_kernel_size 5
  2217910 /home/haselab/projects/stable-deep-world-model/.venv/bin/python3 -m src_dreamerv3.dreamer --configs atari100k --task atari_frostbite --dynamics_type vta --seed 0 --logdir /home/haselab/projects/stable-deep-world-model/logs/content_kl_kernelsize/runs/20260206_153820/atari_frostbite_vta_k5_seed0 --device cuda:0 --steps 120000 --eval_every 20000 --log_every 20000 --eval_episode_num 1 --compile False --vta_post_boundary_kernel_size 5
[2026-02-06 21:13:08] Waiting... matched processes:
  1985470 bash ./logs/content_kl_kernelsize/run_content_kl_kernel_sweep.sh
  2217904 uv run -m src_dreamerv3.dreamer --configs atari100k --task atari_frostbite --dynamics_type vta --seed 0 --logdir /home/haselab/projects/stable-deep-world-model/logs/content_kl_kernelsize/runs/20260206_153820/atari_frostbite_vta_k5_seed0 --device cuda:0 --steps 120000 --eval_every 20000 --log_every 20000 --eval_episode_num 1 --compile False --vta_post_boundary_kernel_size 5
  2217910 /home/haselab/projects/stable-deep-world-model/.venv/bin/python3 -m src_dreamerv3.dreamer --configs atari100k --task atari_frostbite --dynamics_type vta --seed 0 --logdir /home/haselab/projects/stable-deep-world-model/logs/content_kl_kernelsize/runs/20260206_153820/atari_frostbite_vta_k5_seed0 --device cuda:0 --steps 120000 --eval_every 20000 --log_every 20000 --eval_episode_num 1 --compile False --vta_post_boundary_kernel_size 5
[2026-02-06 21:14:08] Waiting... matched processes:
  1985470 bash ./logs/content_kl_kernelsize/run_content_kl_kernel_sweep.sh
  2217904 uv run -m src_dreamerv3.dreamer --configs atari100k --task atari_frostbite --dynamics_type vta --seed 0 --logdir /home/haselab/projects/stable-deep-world-model/logs/content_kl_kernelsize/runs/20260206_153820/atari_frostbite_vta_k5_seed0 --device cuda:0 --steps 120000 --eval_every 20000 --log_every 20000 --eval_episode_num 1 --compile False --vta_post_boundary_kernel_size 5
  2217910 /home/haselab/projects/stable-deep-world-model/.venv/bin/python3 -m src_dreamerv3.dreamer --configs atari100k --task atari_frostbite --dynamics_type vta --seed 0 --logdir /home/haselab/projects/stable-deep-world-model/logs/content_kl_kernelsize/runs/20260206_153820/atari_frostbite_vta_k5_seed0 --device cuda:0 --steps 120000 --eval_every 20000 --log_every 20000 --eval_episode_num 1 --compile False --vta_post_boundary_kernel_size 5
[2026-02-06 21:15:08] Waiting... matched processes:
  1985470 bash ./logs/content_kl_kernelsize/run_content_kl_kernel_sweep.sh
  2217904 uv run -m src_dreamerv3.dreamer --configs atari100k --task atari_frostbite --dynamics_type vta --seed 0 --logdir /home/haselab/projects/stable-deep-world-model/logs/content_kl_kernelsize/runs/20260206_153820/atari_frostbite_vta_k5_seed0 --device cuda:0 --steps 120000 --eval_every 20000 --log_every 20000 --eval_episode_num 1 --compile False --vta_post_boundary_kernel_size 5
  2217910 /home/haselab/projects/stable-deep-world-model/.venv/bin/python3 -m src_dreamerv3.dreamer --configs atari100k --task atari_frostbite --dynamics_type vta --seed 0 --logdir /home/haselab/projects/stable-deep-world-model/logs/content_kl_kernelsize/runs/20260206_153820/atari_frostbite_vta_k5_seed0 --device cuda:0 --steps 120000 --eval_every 20000 --log_every 20000 --eval_episode_num 1 --compile False --vta_post_boundary_kernel_size 5
[2026-02-06 21:16:08] Waiting... matched processes:
  1985470 bash ./logs/content_kl_kernelsize/run_content_kl_kernel_sweep.sh
  2217904 uv run -m src_dreamerv3.dreamer --configs atari100k --task atari_frostbite --dynamics_type vta --seed 0 --logdir /home/haselab/projects/stable-deep-world-model/logs/content_kl_kernelsize/runs/20260206_153820/atari_frostbite_vta_k5_seed0 --device cuda:0 --steps 120000 --eval_every 20000 --log_every 20000 --eval_episode_num 1 --compile False --vta_post_boundary_kernel_size 5
  2217910 /home/haselab/projects/stable-deep-world-model/.venv/bin/python3 -m src_dreamerv3.dreamer --configs atari100k --task atari_frostbite --dynamics_type vta --seed 0 --logdir /home/haselab/projects/stable-deep-world-model/logs/content_kl_kernelsize/runs/20260206_153820/atari_frostbite_vta_k5_seed0 --device cuda:0 --steps 120000 --eval_every 20000 --log_every 20000 --eval_episode_num 1 --compile False --vta_post_boundary_kernel_size 5
[2026-02-06 21:17:08] Waiting... matched processes:
  1985470 bash ./logs/content_kl_kernelsize/run_content_kl_kernel_sweep.sh
  2217904 uv run -m src_dreamerv3.dreamer --configs atari100k --task atari_frostbite --dynamics_type vta --seed 0 --logdir /home/haselab/projects/stable-deep-world-model/logs/content_kl_kernelsize/runs/20260206_153820/atari_frostbite_vta_k5_seed0 --device cuda:0 --steps 120000 --eval_every 20000 --log_every 20000 --eval_episode_num 1 --compile False --vta_post_boundary_kernel_size 5
  2217910 /home/haselab/projects/stable-deep-world-model/.venv/bin/python3 -m src_dreamerv3.dreamer --configs atari100k --task atari_frostbite --dynamics_type vta --seed 0 --logdir /home/haselab/projects/stable-deep-world-model/logs/content_kl_kernelsize/runs/20260206_153820/atari_frostbite_vta_k5_seed0 --device cuda:0 --steps 120000 --eval_every 20000 --log_every 20000 --eval_episode_num 1 --compile False --vta_post_boundary_kernel_size 5
[2026-02-06 21:18:08] Waiting... matched processes:
  1985470 bash ./logs/content_kl_kernelsize/run_content_kl_kernel_sweep.sh
  2217904 uv run -m src_dreamerv3.dreamer --configs atari100k --task atari_frostbite --dynamics_type vta --seed 0 --logdir /home/haselab/projects/stable-deep-world-model/logs/content_kl_kernelsize/runs/20260206_153820/atari_frostbite_vta_k5_seed0 --device cuda:0 --steps 120000 --eval_every 20000 --log_every 20000 --eval_episode_num 1 --compile False --vta_post_boundary_kernel_size 5
  2217910 /home/haselab/projects/stable-deep-world-model/.venv/bin/python3 -m src_dreamerv3.dreamer --configs atari100k --task atari_frostbite --dynamics_type vta --seed 0 --logdir /home/haselab/projects/stable-deep-world-model/logs/content_kl_kernelsize/runs/20260206_153820/atari_frostbite_vta_k5_seed0 --device cuda:0 --steps 120000 --eval_every 20000 --log_every 20000 --eval_episode_num 1 --compile False --vta_post_boundary_kernel_size 5
[2026-02-06 21:19:08] Waiting... matched processes:
  1985470 bash ./logs/content_kl_kernelsize/run_content_kl_kernel_sweep.sh
  2217904 uv run -m src_dreamerv3.dreamer --configs atari100k --task atari_frostbite --dynamics_type vta --seed 0 --logdir /home/haselab/projects/stable-deep-world-model/logs/content_kl_kernelsize/runs/20260206_153820/atari_frostbite_vta_k5_seed0 --device cuda:0 --steps 120000 --eval_every 20000 --log_every 20000 --eval_episode_num 1 --compile False --vta_post_boundary_kernel_size 5
  2217910 /home/haselab/projects/stable-deep-world-model/.venv/bin/python3 -m src_dreamerv3.dreamer --configs atari100k --task atari_frostbite --dynamics_type vta --seed 0 --logdir /home/haselab/projects/stable-deep-world-model/logs/content_kl_kernelsize/runs/20260206_153820/atari_frostbite_vta_k5_seed0 --device cuda:0 --steps 120000 --eval_every 20000 --log_every 20000 --eval_episode_num 1 --compile False --vta_post_boundary_kernel_size 5
[2026-02-06 21:20:08] Waiting... matched processes:
  1985470 bash ./logs/content_kl_kernelsize/run_content_kl_kernel_sweep.sh
  2217904 uv run -m src_dreamerv3.dreamer --configs atari100k --task atari_frostbite --dynamics_type vta --seed 0 --logdir /home/haselab/projects/stable-deep-world-model/logs/content_kl_kernelsize/runs/20260206_153820/atari_frostbite_vta_k5_seed0 --device cuda:0 --steps 120000 --eval_every 20000 --log_every 20000 --eval_episode_num 1 --compile False --vta_post_boundary_kernel_size 5
  2217910 /home/haselab/projects/stable-deep-world-model/.venv/bin/python3 -m src_dreamerv3.dreamer --configs atari100k --task atari_frostbite --dynamics_type vta --seed 0 --logdir /home/haselab/projects/stable-deep-world-model/logs/content_kl_kernelsize/runs/20260206_153820/atari_frostbite_vta_k5_seed0 --device cuda:0 --steps 120000 --eval_every 20000 --log_every 20000 --eval_episode_num 1 --compile False --vta_post_boundary_kernel_size 5
[2026-02-06 21:21:08] Waiting... matched processes:
  1985470 bash ./logs/content_kl_kernelsize/run_content_kl_kernel_sweep.sh
  2217904 uv run -m src_dreamerv3.dreamer --configs atari100k --task atari_frostbite --dynamics_type vta --seed 0 --logdir /home/haselab/projects/stable-deep-world-model/logs/content_kl_kernelsize/runs/20260206_153820/atari_frostbite_vta_k5_seed0 --device cuda:0 --steps 120000 --eval_every 20000 --log_every 20000 --eval_episode_num 1 --compile False --vta_post_boundary_kernel_size 5
  2217910 /home/haselab/projects/stable-deep-world-model/.venv/bin/python3 -m src_dreamerv3.dreamer --configs atari100k --task atari_frostbite --dynamics_type vta --seed 0 --logdir /home/haselab/projects/stable-deep-world-model/logs/content_kl_kernelsize/runs/20260206_153820/atari_frostbite_vta_k5_seed0 --device cuda:0 --steps 120000 --eval_every 20000 --log_every 20000 --eval_episode_num 1 --compile False --vta_post_boundary_kernel_size 5
[2026-02-06 21:22:08] Waiting... matched processes:
  1985470 bash ./logs/content_kl_kernelsize/run_content_kl_kernel_sweep.sh
  2217904 uv run -m src_dreamerv3.dreamer --configs atari100k --task atari_frostbite --dynamics_type vta --seed 0 --logdir /home/haselab/projects/stable-deep-world-model/logs/content_kl_kernelsize/runs/20260206_153820/atari_frostbite_vta_k5_seed0 --device cuda:0 --steps 120000 --eval_every 20000 --log_every 20000 --eval_episode_num 1 --compile False --vta_post_boundary_kernel_size 5
  2217910 /home/haselab/projects/stable-deep-world-model/.venv/bin/python3 -m src_dreamerv3.dreamer --configs atari100k --task atari_frostbite --dynamics_type vta --seed 0 --logdir /home/haselab/projects/stable-deep-world-model/logs/content_kl_kernelsize/runs/20260206_153820/atari_frostbite_vta_k5_seed0 --device cuda:0 --steps 120000 --eval_every 20000 --log_every 20000 --eval_episode_num 1 --compile False --vta_post_boundary_kernel_size 5
[2026-02-06 21:23:08] Waiting... matched processes:
  1985470 bash ./logs/content_kl_kernelsize/run_content_kl_kernel_sweep.sh
  2217904 uv run -m src_dreamerv3.dreamer --configs atari100k --task atari_frostbite --dynamics_type vta --seed 0 --logdir /home/haselab/projects/stable-deep-world-model/logs/content_kl_kernelsize/runs/20260206_153820/atari_frostbite_vta_k5_seed0 --device cuda:0 --steps 120000 --eval_every 20000 --log_every 20000 --eval_episode_num 1 --compile False --vta_post_boundary_kernel_size 5
  2217910 /home/haselab/projects/stable-deep-world-model/.venv/bin/python3 -m src_dreamerv3.dreamer --configs atari100k --task atari_frostbite --dynamics_type vta --seed 0 --logdir /home/haselab/projects/stable-deep-world-model/logs/content_kl_kernelsize/runs/20260206_153820/atari_frostbite_vta_k5_seed0 --device cuda:0 --steps 120000 --eval_every 20000 --log_every 20000 --eval_episode_num 1 --compile False --vta_post_boundary_kernel_size 5
[2026-02-06 21:24:08] Waiting... matched processes:
  1985470 bash ./logs/content_kl_kernelsize/run_content_kl_kernel_sweep.sh
  2217904 uv run -m src_dreamerv3.dreamer --configs atari100k --task atari_frostbite --dynamics_type vta --seed 0 --logdir /home/haselab/projects/stable-deep-world-model/logs/content_kl_kernelsize/runs/20260206_153820/atari_frostbite_vta_k5_seed0 --device cuda:0 --steps 120000 --eval_every 20000 --log_every 20000 --eval_episode_num 1 --compile False --vta_post_boundary_kernel_size 5
  2217910 /home/haselab/projects/stable-deep-world-model/.venv/bin/python3 -m src_dreamerv3.dreamer --configs atari100k --task atari_frostbite --dynamics_type vta --seed 0 --logdir /home/haselab/projects/stable-deep-world-model/logs/content_kl_kernelsize/runs/20260206_153820/atari_frostbite_vta_k5_seed0 --device cuda:0 --steps 120000 --eval_every 20000 --log_every 20000 --eval_episode_num 1 --compile False --vta_post_boundary_kernel_size 5
[2026-02-06 21:25:08] Waiting... matched processes:
  1985470 bash ./logs/content_kl_kernelsize/run_content_kl_kernel_sweep.sh
  2217904 uv run -m src_dreamerv3.dreamer --configs atari100k --task atari_frostbite --dynamics_type vta --seed 0 --logdir /home/haselab/projects/stable-deep-world-model/logs/content_kl_kernelsize/runs/20260206_153820/atari_frostbite_vta_k5_seed0 --device cuda:0 --steps 120000 --eval_every 20000 --log_every 20000 --eval_episode_num 1 --compile False --vta_post_boundary_kernel_size 5
  2217910 /home/haselab/projects/stable-deep-world-model/.venv/bin/python3 -m src_dreamerv3.dreamer --configs atari100k --task atari_frostbite --dynamics_type vta --seed 0 --logdir /home/haselab/projects/stable-deep-world-model/logs/content_kl_kernelsize/runs/20260206_153820/atari_frostbite_vta_k5_seed0 --device cuda:0 --steps 120000 --eval_every 20000 --log_every 20000 --eval_episode_num 1 --compile False --vta_post_boundary_kernel_size 5
[2026-02-06 21:26:08] Waiting... matched processes:
  1985470 bash ./logs/content_kl_kernelsize/run_content_kl_kernel_sweep.sh
  2217904 uv run -m src_dreamerv3.dreamer --configs atari100k --task atari_frostbite --dynamics_type vta --seed 0 --logdir /home/haselab/projects/stable-deep-world-model/logs/content_kl_kernelsize/runs/20260206_153820/atari_frostbite_vta_k5_seed0 --device cuda:0 --steps 120000 --eval_every 20000 --log_every 20000 --eval_episode_num 1 --compile False --vta_post_boundary_kernel_size 5
  2217910 /home/haselab/projects/stable-deep-world-model/.venv/bin/python3 -m src_dreamerv3.dreamer --configs atari100k --task atari_frostbite --dynamics_type vta --seed 0 --logdir /home/haselab/projects/stable-deep-world-model/logs/content_kl_kernelsize/runs/20260206_153820/atari_frostbite_vta_k5_seed0 --device cuda:0 --steps 120000 --eval_every 20000 --log_every 20000 --eval_episode_num 1 --compile False --vta_post_boundary_kernel_size 5
[2026-02-06 21:27:08] Waiting... matched processes:
  1985470 bash ./logs/content_kl_kernelsize/run_content_kl_kernel_sweep.sh
  2217904 uv run -m src_dreamerv3.dreamer --configs atari100k --task atari_frostbite --dynamics_type vta --seed 0 --logdir /home/haselab/projects/stable-deep-world-model/logs/content_kl_kernelsize/runs/20260206_153820/atari_frostbite_vta_k5_seed0 --device cuda:0 --steps 120000 --eval_every 20000 --log_every 20000 --eval_episode_num 1 --compile False --vta_post_boundary_kernel_size 5
  2217910 /home/haselab/projects/stable-deep-world-model/.venv/bin/python3 -m src_dreamerv3.dreamer --configs atari100k --task atari_frostbite --dynamics_type vta --seed 0 --logdir /home/haselab/projects/stable-deep-world-model/logs/content_kl_kernelsize/runs/20260206_153820/atari_frostbite_vta_k5_seed0 --device cuda:0 --steps 120000 --eval_every 20000 --log_every 20000 --eval_episode_num 1 --compile False --vta_post_boundary_kernel_size 5
[2026-02-06 21:28:08] Waiting... matched processes:
  1985470 bash ./logs/content_kl_kernelsize/run_content_kl_kernel_sweep.sh
  2217904 uv run -m src_dreamerv3.dreamer --configs atari100k --task atari_frostbite --dynamics_type vta --seed 0 --logdir /home/haselab/projects/stable-deep-world-model/logs/content_kl_kernelsize/runs/20260206_153820/atari_frostbite_vta_k5_seed0 --device cuda:0 --steps 120000 --eval_every 20000 --log_every 20000 --eval_episode_num 1 --compile False --vta_post_boundary_kernel_size 5
  2217910 /home/haselab/projects/stable-deep-world-model/.venv/bin/python3 -m src_dreamerv3.dreamer --configs atari100k --task atari_frostbite --dynamics_type vta --seed 0 --logdir /home/haselab/projects/stable-deep-world-model/logs/content_kl_kernelsize/runs/20260206_153820/atari_frostbite_vta_k5_seed0 --device cuda:0 --steps 120000 --eval_every 20000 --log_every 20000 --eval_episode_num 1 --compile False --vta_post_boundary_kernel_size 5
[2026-02-06 21:29:08] Waiting... matched processes:
  1985470 bash ./logs/content_kl_kernelsize/run_content_kl_kernel_sweep.sh
  2217904 uv run -m src_dreamerv3.dreamer --configs atari100k --task atari_frostbite --dynamics_type vta --seed 0 --logdir /home/haselab/projects/stable-deep-world-model/logs/content_kl_kernelsize/runs/20260206_153820/atari_frostbite_vta_k5_seed0 --device cuda:0 --steps 120000 --eval_every 20000 --log_every 20000 --eval_episode_num 1 --compile False --vta_post_boundary_kernel_size 5
  2217910 /home/haselab/projects/stable-deep-world-model/.venv/bin/python3 -m src_dreamerv3.dreamer --configs atari100k --task atari_frostbite --dynamics_type vta --seed 0 --logdir /home/haselab/projects/stable-deep-world-model/logs/content_kl_kernelsize/runs/20260206_153820/atari_frostbite_vta_k5_seed0 --device cuda:0 --steps 120000 --eval_every 20000 --log_every 20000 --eval_episode_num 1 --compile False --vta_post_boundary_kernel_size 5
[2026-02-06 21:30:08] Waiting... matched processes:
  1985470 bash ./logs/content_kl_kernelsize/run_content_kl_kernel_sweep.sh
  2217904 uv run -m src_dreamerv3.dreamer --configs atari100k --task atari_frostbite --dynamics_type vta --seed 0 --logdir /home/haselab/projects/stable-deep-world-model/logs/content_kl_kernelsize/runs/20260206_153820/atari_frostbite_vta_k5_seed0 --device cuda:0 --steps 120000 --eval_every 20000 --log_every 20000 --eval_episode_num 1 --compile False --vta_post_boundary_kernel_size 5
  2217910 /home/haselab/projects/stable-deep-world-model/.venv/bin/python3 -m src_dreamerv3.dreamer --configs atari100k --task atari_frostbite --dynamics_type vta --seed 0 --logdir /home/haselab/projects/stable-deep-world-model/logs/content_kl_kernelsize/runs/20260206_153820/atari_frostbite_vta_k5_seed0 --device cuda:0 --steps 120000 --eval_every 20000 --log_every 20000 --eval_episode_num 1 --compile False --vta_post_boundary_kernel_size 5
[2026-02-06 21:31:08] Waiting... matched processes:
  1985470 bash ./logs/content_kl_kernelsize/run_content_kl_kernel_sweep.sh
  2217904 uv run -m src_dreamerv3.dreamer --configs atari100k --task atari_frostbite --dynamics_type vta --seed 0 --logdir /home/haselab/projects/stable-deep-world-model/logs/content_kl_kernelsize/runs/20260206_153820/atari_frostbite_vta_k5_seed0 --device cuda:0 --steps 120000 --eval_every 20000 --log_every 20000 --eval_episode_num 1 --compile False --vta_post_boundary_kernel_size 5
  2217910 /home/haselab/projects/stable-deep-world-model/.venv/bin/python3 -m src_dreamerv3.dreamer --configs atari100k --task atari_frostbite --dynamics_type vta --seed 0 --logdir /home/haselab/projects/stable-deep-world-model/logs/content_kl_kernelsize/runs/20260206_153820/atari_frostbite_vta_k5_seed0 --device cuda:0 --steps 120000 --eval_every 20000 --log_every 20000 --eval_episode_num 1 --compile False --vta_post_boundary_kernel_size 5
[2026-02-06 21:32:08] Waiting... matched processes:
  1985470 bash ./logs/content_kl_kernelsize/run_content_kl_kernel_sweep.sh
  2217904 uv run -m src_dreamerv3.dreamer --configs atari100k --task atari_frostbite --dynamics_type vta --seed 0 --logdir /home/haselab/projects/stable-deep-world-model/logs/content_kl_kernelsize/runs/20260206_153820/atari_frostbite_vta_k5_seed0 --device cuda:0 --steps 120000 --eval_every 20000 --log_every 20000 --eval_episode_num 1 --compile False --vta_post_boundary_kernel_size 5
  2217910 /home/haselab/projects/stable-deep-world-model/.venv/bin/python3 -m src_dreamerv3.dreamer --configs atari100k --task atari_frostbite --dynamics_type vta --seed 0 --logdir /home/haselab/projects/stable-deep-world-model/logs/content_kl_kernelsize/runs/20260206_153820/atari_frostbite_vta_k5_seed0 --device cuda:0 --steps 120000 --eval_every 20000 --log_every 20000 --eval_episode_num 1 --compile False --vta_post_boundary_kernel_size 5
[2026-02-06 21:33:08] Waiting... matched processes:
  1985470 bash ./logs/content_kl_kernelsize/run_content_kl_kernel_sweep.sh
  2217904 uv run -m src_dreamerv3.dreamer --configs atari100k --task atari_frostbite --dynamics_type vta --seed 0 --logdir /home/haselab/projects/stable-deep-world-model/logs/content_kl_kernelsize/runs/20260206_153820/atari_frostbite_vta_k5_seed0 --device cuda:0 --steps 120000 --eval_every 20000 --log_every 20000 --eval_episode_num 1 --compile False --vta_post_boundary_kernel_size 5
  2217910 /home/haselab/projects/stable-deep-world-model/.venv/bin/python3 -m src_dreamerv3.dreamer --configs atari100k --task atari_frostbite --dynamics_type vta --seed 0 --logdir /home/haselab/projects/stable-deep-world-model/logs/content_kl_kernelsize/runs/20260206_153820/atari_frostbite_vta_k5_seed0 --device cuda:0 --steps 120000 --eval_every 20000 --log_every 20000 --eval_episode_num 1 --compile False --vta_post_boundary_kernel_size 5
[2026-02-06 21:34:08] Waiting... matched processes:
  1985470 bash ./logs/content_kl_kernelsize/run_content_kl_kernel_sweep.sh
  2217904 uv run -m src_dreamerv3.dreamer --configs atari100k --task atari_frostbite --dynamics_type vta --seed 0 --logdir /home/haselab/projects/stable-deep-world-model/logs/content_kl_kernelsize/runs/20260206_153820/atari_frostbite_vta_k5_seed0 --device cuda:0 --steps 120000 --eval_every 20000 --log_every 20000 --eval_episode_num 1 --compile False --vta_post_boundary_kernel_size 5
  2217910 /home/haselab/projects/stable-deep-world-model/.venv/bin/python3 -m src_dreamerv3.dreamer --configs atari100k --task atari_frostbite --dynamics_type vta --seed 0 --logdir /home/haselab/projects/stable-deep-world-model/logs/content_kl_kernelsize/runs/20260206_153820/atari_frostbite_vta_k5_seed0 --device cuda:0 --steps 120000 --eval_every 20000 --log_every 20000 --eval_episode_num 1 --compile False --vta_post_boundary_kernel_size 5
[2026-02-06 21:35:08] Waiting... matched processes:
  1985470 bash ./logs/content_kl_kernelsize/run_content_kl_kernel_sweep.sh
  2217904 uv run -m src_dreamerv3.dreamer --configs atari100k --task atari_frostbite --dynamics_type vta --seed 0 --logdir /home/haselab/projects/stable-deep-world-model/logs/content_kl_kernelsize/runs/20260206_153820/atari_frostbite_vta_k5_seed0 --device cuda:0 --steps 120000 --eval_every 20000 --log_every 20000 --eval_episode_num 1 --compile False --vta_post_boundary_kernel_size 5
  2217910 /home/haselab/projects/stable-deep-world-model/.venv/bin/python3 -m src_dreamerv3.dreamer --configs atari100k --task atari_frostbite --dynamics_type vta --seed 0 --logdir /home/haselab/projects/stable-deep-world-model/logs/content_kl_kernelsize/runs/20260206_153820/atari_frostbite_vta_k5_seed0 --device cuda:0 --steps 120000 --eval_every 20000 --log_every 20000 --eval_episode_num 1 --compile False --vta_post_boundary_kernel_size 5
[2026-02-06 21:36:08] Waiting... matched processes:
  1985470 bash ./logs/content_kl_kernelsize/run_content_kl_kernel_sweep.sh
  2217904 uv run -m src_dreamerv3.dreamer --configs atari100k --task atari_frostbite --dynamics_type vta --seed 0 --logdir /home/haselab/projects/stable-deep-world-model/logs/content_kl_kernelsize/runs/20260206_153820/atari_frostbite_vta_k5_seed0 --device cuda:0 --steps 120000 --eval_every 20000 --log_every 20000 --eval_episode_num 1 --compile False --vta_post_boundary_kernel_size 5
  2217910 /home/haselab/projects/stable-deep-world-model/.venv/bin/python3 -m src_dreamerv3.dreamer --configs atari100k --task atari_frostbite --dynamics_type vta --seed 0 --logdir /home/haselab/projects/stable-deep-world-model/logs/content_kl_kernelsize/runs/20260206_153820/atari_frostbite_vta_k5_seed0 --device cuda:0 --steps 120000 --eval_every 20000 --log_every 20000 --eval_episode_num 1 --compile False --vta_post_boundary_kernel_size 5
[2026-02-06 21:37:08] Waiting... matched processes:
  1985470 bash ./logs/content_kl_kernelsize/run_content_kl_kernel_sweep.sh
  2217904 uv run -m src_dreamerv3.dreamer --configs atari100k --task atari_frostbite --dynamics_type vta --seed 0 --logdir /home/haselab/projects/stable-deep-world-model/logs/content_kl_kernelsize/runs/20260206_153820/atari_frostbite_vta_k5_seed0 --device cuda:0 --steps 120000 --eval_every 20000 --log_every 20000 --eval_episode_num 1 --compile False --vta_post_boundary_kernel_size 5
  2217910 /home/haselab/projects/stable-deep-world-model/.venv/bin/python3 -m src_dreamerv3.dreamer --configs atari100k --task atari_frostbite --dynamics_type vta --seed 0 --logdir /home/haselab/projects/stable-deep-world-model/logs/content_kl_kernelsize/runs/20260206_153820/atari_frostbite_vta_k5_seed0 --device cuda:0 --steps 120000 --eval_every 20000 --log_every 20000 --eval_episode_num 1 --compile False --vta_post_boundary_kernel_size 5
[2026-02-06 21:38:08] Waiting... matched processes:
  1985470 bash ./logs/content_kl_kernelsize/run_content_kl_kernel_sweep.sh
  2217904 uv run -m src_dreamerv3.dreamer --configs atari100k --task atari_frostbite --dynamics_type vta --seed 0 --logdir /home/haselab/projects/stable-deep-world-model/logs/content_kl_kernelsize/runs/20260206_153820/atari_frostbite_vta_k5_seed0 --device cuda:0 --steps 120000 --eval_every 20000 --log_every 20000 --eval_episode_num 1 --compile False --vta_post_boundary_kernel_size 5
  2217910 /home/haselab/projects/stable-deep-world-model/.venv/bin/python3 -m src_dreamerv3.dreamer --configs atari100k --task atari_frostbite --dynamics_type vta --seed 0 --logdir /home/haselab/projects/stable-deep-world-model/logs/content_kl_kernelsize/runs/20260206_153820/atari_frostbite_vta_k5_seed0 --device cuda:0 --steps 120000 --eval_every 20000 --log_every 20000 --eval_episode_num 1 --compile False --vta_post_boundary_kernel_size 5
[2026-02-06 21:39:08] Waiting... matched processes:
  1985470 bash ./logs/content_kl_kernelsize/run_content_kl_kernel_sweep.sh
  2217904 uv run -m src_dreamerv3.dreamer --configs atari100k --task atari_frostbite --dynamics_type vta --seed 0 --logdir /home/haselab/projects/stable-deep-world-model/logs/content_kl_kernelsize/runs/20260206_153820/atari_frostbite_vta_k5_seed0 --device cuda:0 --steps 120000 --eval_every 20000 --log_every 20000 --eval_episode_num 1 --compile False --vta_post_boundary_kernel_size 5
  2217910 /home/haselab/projects/stable-deep-world-model/.venv/bin/python3 -m src_dreamerv3.dreamer --configs atari100k --task atari_frostbite --dynamics_type vta --seed 0 --logdir /home/haselab/projects/stable-deep-world-model/logs/content_kl_kernelsize/runs/20260206_153820/atari_frostbite_vta_k5_seed0 --device cuda:0 --steps 120000 --eval_every 20000 --log_every 20000 --eval_episode_num 1 --compile False --vta_post_boundary_kernel_size 5
[2026-02-06 21:40:08] Waiting... matched processes:
  1985470 bash ./logs/content_kl_kernelsize/run_content_kl_kernel_sweep.sh
  2217904 uv run -m src_dreamerv3.dreamer --configs atari100k --task atari_frostbite --dynamics_type vta --seed 0 --logdir /home/haselab/projects/stable-deep-world-model/logs/content_kl_kernelsize/runs/20260206_153820/atari_frostbite_vta_k5_seed0 --device cuda:0 --steps 120000 --eval_every 20000 --log_every 20000 --eval_episode_num 1 --compile False --vta_post_boundary_kernel_size 5
  2217910 /home/haselab/projects/stable-deep-world-model/.venv/bin/python3 -m src_dreamerv3.dreamer --configs atari100k --task atari_frostbite --dynamics_type vta --seed 0 --logdir /home/haselab/projects/stable-deep-world-model/logs/content_kl_kernelsize/runs/20260206_153820/atari_frostbite_vta_k5_seed0 --device cuda:0 --steps 120000 --eval_every 20000 --log_every 20000 --eval_episode_num 1 --compile False --vta_post_boundary_kernel_size 5
[2026-02-06 21:41:08] Waiting... matched processes:
  1985470 bash ./logs/content_kl_kernelsize/run_content_kl_kernel_sweep.sh
  2217904 uv run -m src_dreamerv3.dreamer --configs atari100k --task atari_frostbite --dynamics_type vta --seed 0 --logdir /home/haselab/projects/stable-deep-world-model/logs/content_kl_kernelsize/runs/20260206_153820/atari_frostbite_vta_k5_seed0 --device cuda:0 --steps 120000 --eval_every 20000 --log_every 20000 --eval_episode_num 1 --compile False --vta_post_boundary_kernel_size 5
  2217910 /home/haselab/projects/stable-deep-world-model/.venv/bin/python3 -m src_dreamerv3.dreamer --configs atari100k --task atari_frostbite --dynamics_type vta --seed 0 --logdir /home/haselab/projects/stable-deep-world-model/logs/content_kl_kernelsize/runs/20260206_153820/atari_frostbite_vta_k5_seed0 --device cuda:0 --steps 120000 --eval_every 20000 --log_every 20000 --eval_episode_num 1 --compile False --vta_post_boundary_kernel_size 5
[2026-02-06 21:42:08] Waiting... matched processes:
  1985470 bash ./logs/content_kl_kernelsize/run_content_kl_kernel_sweep.sh
  2217904 uv run -m src_dreamerv3.dreamer --configs atari100k --task atari_frostbite --dynamics_type vta --seed 0 --logdir /home/haselab/projects/stable-deep-world-model/logs/content_kl_kernelsize/runs/20260206_153820/atari_frostbite_vta_k5_seed0 --device cuda:0 --steps 120000 --eval_every 20000 --log_every 20000 --eval_episode_num 1 --compile False --vta_post_boundary_kernel_size 5
  2217910 /home/haselab/projects/stable-deep-world-model/.venv/bin/python3 -m src_dreamerv3.dreamer --configs atari100k --task atari_frostbite --dynamics_type vta --seed 0 --logdir /home/haselab/projects/stable-deep-world-model/logs/content_kl_kernelsize/runs/20260206_153820/atari_frostbite_vta_k5_seed0 --device cuda:0 --steps 120000 --eval_every 20000 --log_every 20000 --eval_episode_num 1 --compile False --vta_post_boundary_kernel_size 5
[2026-02-06 21:43:09] Waiting... matched processes:
  1985470 bash ./logs/content_kl_kernelsize/run_content_kl_kernel_sweep.sh
  2217904 uv run -m src_dreamerv3.dreamer --configs atari100k --task atari_frostbite --dynamics_type vta --seed 0 --logdir /home/haselab/projects/stable-deep-world-model/logs/content_kl_kernelsize/runs/20260206_153820/atari_frostbite_vta_k5_seed0 --device cuda:0 --steps 120000 --eval_every 20000 --log_every 20000 --eval_episode_num 1 --compile False --vta_post_boundary_kernel_size 5
  2217910 /home/haselab/projects/stable-deep-world-model/.venv/bin/python3 -m src_dreamerv3.dreamer --configs atari100k --task atari_frostbite --dynamics_type vta --seed 0 --logdir /home/haselab/projects/stable-deep-world-model/logs/content_kl_kernelsize/runs/20260206_153820/atari_frostbite_vta_k5_seed0 --device cuda:0 --steps 120000 --eval_every 20000 --log_every 20000 --eval_episode_num 1 --compile False --vta_post_boundary_kernel_size 5
[2026-02-06 21:44:09] Waiting... matched processes:
  1985470 bash ./logs/content_kl_kernelsize/run_content_kl_kernel_sweep.sh
  2217904 uv run -m src_dreamerv3.dreamer --configs atari100k --task atari_frostbite --dynamics_type vta --seed 0 --logdir /home/haselab/projects/stable-deep-world-model/logs/content_kl_kernelsize/runs/20260206_153820/atari_frostbite_vta_k5_seed0 --device cuda:0 --steps 120000 --eval_every 20000 --log_every 20000 --eval_episode_num 1 --compile False --vta_post_boundary_kernel_size 5
  2217910 /home/haselab/projects/stable-deep-world-model/.venv/bin/python3 -m src_dreamerv3.dreamer --configs atari100k --task atari_frostbite --dynamics_type vta --seed 0 --logdir /home/haselab/projects/stable-deep-world-model/logs/content_kl_kernelsize/runs/20260206_153820/atari_frostbite_vta_k5_seed0 --device cuda:0 --steps 120000 --eval_every 20000 --log_every 20000 --eval_episode_num 1 --compile False --vta_post_boundary_kernel_size 5
[2026-02-06 21:45:09] Waiting... matched processes:
  1985470 bash ./logs/content_kl_kernelsize/run_content_kl_kernel_sweep.sh
  2217904 uv run -m src_dreamerv3.dreamer --configs atari100k --task atari_frostbite --dynamics_type vta --seed 0 --logdir /home/haselab/projects/stable-deep-world-model/logs/content_kl_kernelsize/runs/20260206_153820/atari_frostbite_vta_k5_seed0 --device cuda:0 --steps 120000 --eval_every 20000 --log_every 20000 --eval_episode_num 1 --compile False --vta_post_boundary_kernel_size 5
  2217910 /home/haselab/projects/stable-deep-world-model/.venv/bin/python3 -m src_dreamerv3.dreamer --configs atari100k --task atari_frostbite --dynamics_type vta --seed 0 --logdir /home/haselab/projects/stable-deep-world-model/logs/content_kl_kernelsize/runs/20260206_153820/atari_frostbite_vta_k5_seed0 --device cuda:0 --steps 120000 --eval_every 20000 --log_every 20000 --eval_episode_num 1 --compile False --vta_post_boundary_kernel_size 5
[2026-02-06 21:46:09] Waiting... matched processes:
  1985470 bash ./logs/content_kl_kernelsize/run_content_kl_kernel_sweep.sh
  2217904 uv run -m src_dreamerv3.dreamer --configs atari100k --task atari_frostbite --dynamics_type vta --seed 0 --logdir /home/haselab/projects/stable-deep-world-model/logs/content_kl_kernelsize/runs/20260206_153820/atari_frostbite_vta_k5_seed0 --device cuda:0 --steps 120000 --eval_every 20000 --log_every 20000 --eval_episode_num 1 --compile False --vta_post_boundary_kernel_size 5
  2217910 /home/haselab/projects/stable-deep-world-model/.venv/bin/python3 -m src_dreamerv3.dreamer --configs atari100k --task atari_frostbite --dynamics_type vta --seed 0 --logdir /home/haselab/projects/stable-deep-world-model/logs/content_kl_kernelsize/runs/20260206_153820/atari_frostbite_vta_k5_seed0 --device cuda:0 --steps 120000 --eval_every 20000 --log_every 20000 --eval_episode_num 1 --compile False --vta_post_boundary_kernel_size 5
[2026-02-06 21:47:09] Waiting... matched processes:
  1985470 bash ./logs/content_kl_kernelsize/run_content_kl_kernel_sweep.sh
  2217904 uv run -m src_dreamerv3.dreamer --configs atari100k --task atari_frostbite --dynamics_type vta --seed 0 --logdir /home/haselab/projects/stable-deep-world-model/logs/content_kl_kernelsize/runs/20260206_153820/atari_frostbite_vta_k5_seed0 --device cuda:0 --steps 120000 --eval_every 20000 --log_every 20000 --eval_episode_num 1 --compile False --vta_post_boundary_kernel_size 5
  2217910 /home/haselab/projects/stable-deep-world-model/.venv/bin/python3 -m src_dreamerv3.dreamer --configs atari100k --task atari_frostbite --dynamics_type vta --seed 0 --logdir /home/haselab/projects/stable-deep-world-model/logs/content_kl_kernelsize/runs/20260206_153820/atari_frostbite_vta_k5_seed0 --device cuda:0 --steps 120000 --eval_every 20000 --log_every 20000 --eval_episode_num 1 --compile False --vta_post_boundary_kernel_size 5
[2026-02-06 21:48:09] Waiting... matched processes:
  1985470 bash ./logs/content_kl_kernelsize/run_content_kl_kernel_sweep.sh
  2217904 uv run -m src_dreamerv3.dreamer --configs atari100k --task atari_frostbite --dynamics_type vta --seed 0 --logdir /home/haselab/projects/stable-deep-world-model/logs/content_kl_kernelsize/runs/20260206_153820/atari_frostbite_vta_k5_seed0 --device cuda:0 --steps 120000 --eval_every 20000 --log_every 20000 --eval_episode_num 1 --compile False --vta_post_boundary_kernel_size 5
  2217910 /home/haselab/projects/stable-deep-world-model/.venv/bin/python3 -m src_dreamerv3.dreamer --configs atari100k --task atari_frostbite --dynamics_type vta --seed 0 --logdir /home/haselab/projects/stable-deep-world-model/logs/content_kl_kernelsize/runs/20260206_153820/atari_frostbite_vta_k5_seed0 --device cuda:0 --steps 120000 --eval_every 20000 --log_every 20000 --eval_episode_num 1 --compile False --vta_post_boundary_kernel_size 5
[2026-02-06 21:49:09] Waiting... matched processes:
  1985470 bash ./logs/content_kl_kernelsize/run_content_kl_kernel_sweep.sh
  2217904 uv run -m src_dreamerv3.dreamer --configs atari100k --task atari_frostbite --dynamics_type vta --seed 0 --logdir /home/haselab/projects/stable-deep-world-model/logs/content_kl_kernelsize/runs/20260206_153820/atari_frostbite_vta_k5_seed0 --device cuda:0 --steps 120000 --eval_every 20000 --log_every 20000 --eval_episode_num 1 --compile False --vta_post_boundary_kernel_size 5
  2217910 /home/haselab/projects/stable-deep-world-model/.venv/bin/python3 -m src_dreamerv3.dreamer --configs atari100k --task atari_frostbite --dynamics_type vta --seed 0 --logdir /home/haselab/projects/stable-deep-world-model/logs/content_kl_kernelsize/runs/20260206_153820/atari_frostbite_vta_k5_seed0 --device cuda:0 --steps 120000 --eval_every 20000 --log_every 20000 --eval_episode_num 1 --compile False --vta_post_boundary_kernel_size 5
[2026-02-06 21:50:09] Waiting... matched processes:
  1985470 bash ./logs/content_kl_kernelsize/run_content_kl_kernel_sweep.sh
  2217904 uv run -m src_dreamerv3.dreamer --configs atari100k --task atari_frostbite --dynamics_type vta --seed 0 --logdir /home/haselab/projects/stable-deep-world-model/logs/content_kl_kernelsize/runs/20260206_153820/atari_frostbite_vta_k5_seed0 --device cuda:0 --steps 120000 --eval_every 20000 --log_every 20000 --eval_episode_num 1 --compile False --vta_post_boundary_kernel_size 5
  2217910 /home/haselab/projects/stable-deep-world-model/.venv/bin/python3 -m src_dreamerv3.dreamer --configs atari100k --task atari_frostbite --dynamics_type vta --seed 0 --logdir /home/haselab/projects/stable-deep-world-model/logs/content_kl_kernelsize/runs/20260206_153820/atari_frostbite_vta_k5_seed0 --device cuda:0 --steps 120000 --eval_every 20000 --log_every 20000 --eval_episode_num 1 --compile False --vta_post_boundary_kernel_size 5
[2026-02-06 21:51:09] Waiting... matched processes:
  1985470 bash ./logs/content_kl_kernelsize/run_content_kl_kernel_sweep.sh
  2217904 uv run -m src_dreamerv3.dreamer --configs atari100k --task atari_frostbite --dynamics_type vta --seed 0 --logdir /home/haselab/projects/stable-deep-world-model/logs/content_kl_kernelsize/runs/20260206_153820/atari_frostbite_vta_k5_seed0 --device cuda:0 --steps 120000 --eval_every 20000 --log_every 20000 --eval_episode_num 1 --compile False --vta_post_boundary_kernel_size 5
  2217910 /home/haselab/projects/stable-deep-world-model/.venv/bin/python3 -m src_dreamerv3.dreamer --configs atari100k --task atari_frostbite --dynamics_type vta --seed 0 --logdir /home/haselab/projects/stable-deep-world-model/logs/content_kl_kernelsize/runs/20260206_153820/atari_frostbite_vta_k5_seed0 --device cuda:0 --steps 120000 --eval_every 20000 --log_every 20000 --eval_episode_num 1 --compile False --vta_post_boundary_kernel_size 5
[2026-02-06 21:52:09] Waiting... matched processes:
  1985470 bash ./logs/content_kl_kernelsize/run_content_kl_kernel_sweep.sh
  2217904 uv run -m src_dreamerv3.dreamer --configs atari100k --task atari_frostbite --dynamics_type vta --seed 0 --logdir /home/haselab/projects/stable-deep-world-model/logs/content_kl_kernelsize/runs/20260206_153820/atari_frostbite_vta_k5_seed0 --device cuda:0 --steps 120000 --eval_every 20000 --log_every 20000 --eval_episode_num 1 --compile False --vta_post_boundary_kernel_size 5
  2217910 /home/haselab/projects/stable-deep-world-model/.venv/bin/python3 -m src_dreamerv3.dreamer --configs atari100k --task atari_frostbite --dynamics_type vta --seed 0 --logdir /home/haselab/projects/stable-deep-world-model/logs/content_kl_kernelsize/runs/20260206_153820/atari_frostbite_vta_k5_seed0 --device cuda:0 --steps 120000 --eval_every 20000 --log_every 20000 --eval_episode_num 1 --compile False --vta_post_boundary_kernel_size 5
[2026-02-06 21:53:09] Waiting... matched processes:
  1985470 bash ./logs/content_kl_kernelsize/run_content_kl_kernel_sweep.sh
  2217904 uv run -m src_dreamerv3.dreamer --configs atari100k --task atari_frostbite --dynamics_type vta --seed 0 --logdir /home/haselab/projects/stable-deep-world-model/logs/content_kl_kernelsize/runs/20260206_153820/atari_frostbite_vta_k5_seed0 --device cuda:0 --steps 120000 --eval_every 20000 --log_every 20000 --eval_episode_num 1 --compile False --vta_post_boundary_kernel_size 5
  2217910 /home/haselab/projects/stable-deep-world-model/.venv/bin/python3 -m src_dreamerv3.dreamer --configs atari100k --task atari_frostbite --dynamics_type vta --seed 0 --logdir /home/haselab/projects/stable-deep-world-model/logs/content_kl_kernelsize/runs/20260206_153820/atari_frostbite_vta_k5_seed0 --device cuda:0 --steps 120000 --eval_every 20000 --log_every 20000 --eval_episode_num 1 --compile False --vta_post_boundary_kernel_size 5
[2026-02-06 21:54:09] Waiting... matched processes:
  1985470 bash ./logs/content_kl_kernelsize/run_content_kl_kernel_sweep.sh
  2217904 uv run -m src_dreamerv3.dreamer --configs atari100k --task atari_frostbite --dynamics_type vta --seed 0 --logdir /home/haselab/projects/stable-deep-world-model/logs/content_kl_kernelsize/runs/20260206_153820/atari_frostbite_vta_k5_seed0 --device cuda:0 --steps 120000 --eval_every 20000 --log_every 20000 --eval_episode_num 1 --compile False --vta_post_boundary_kernel_size 5
  2217910 /home/haselab/projects/stable-deep-world-model/.venv/bin/python3 -m src_dreamerv3.dreamer --configs atari100k --task atari_frostbite --dynamics_type vta --seed 0 --logdir /home/haselab/projects/stable-deep-world-model/logs/content_kl_kernelsize/runs/20260206_153820/atari_frostbite_vta_k5_seed0 --device cuda:0 --steps 120000 --eval_every 20000 --log_every 20000 --eval_episode_num 1 --compile False --vta_post_boundary_kernel_size 5
[2026-02-06 21:55:09] Waiting... matched processes:
  1985470 bash ./logs/content_kl_kernelsize/run_content_kl_kernel_sweep.sh
  2217904 uv run -m src_dreamerv3.dreamer --configs atari100k --task atari_frostbite --dynamics_type vta --seed 0 --logdir /home/haselab/projects/stable-deep-world-model/logs/content_kl_kernelsize/runs/20260206_153820/atari_frostbite_vta_k5_seed0 --device cuda:0 --steps 120000 --eval_every 20000 --log_every 20000 --eval_episode_num 1 --compile False --vta_post_boundary_kernel_size 5
  2217910 /home/haselab/projects/stable-deep-world-model/.venv/bin/python3 -m src_dreamerv3.dreamer --configs atari100k --task atari_frostbite --dynamics_type vta --seed 0 --logdir /home/haselab/projects/stable-deep-world-model/logs/content_kl_kernelsize/runs/20260206_153820/atari_frostbite_vta_k5_seed0 --device cuda:0 --steps 120000 --eval_every 20000 --log_every 20000 --eval_episode_num 1 --compile False --vta_post_boundary_kernel_size 5
[2026-02-06 21:56:09] Waiting... matched processes:
  1985470 bash ./logs/content_kl_kernelsize/run_content_kl_kernel_sweep.sh
  2217904 uv run -m src_dreamerv3.dreamer --configs atari100k --task atari_frostbite --dynamics_type vta --seed 0 --logdir /home/haselab/projects/stable-deep-world-model/logs/content_kl_kernelsize/runs/20260206_153820/atari_frostbite_vta_k5_seed0 --device cuda:0 --steps 120000 --eval_every 20000 --log_every 20000 --eval_episode_num 1 --compile False --vta_post_boundary_kernel_size 5
  2217910 /home/haselab/projects/stable-deep-world-model/.venv/bin/python3 -m src_dreamerv3.dreamer --configs atari100k --task atari_frostbite --dynamics_type vta --seed 0 --logdir /home/haselab/projects/stable-deep-world-model/logs/content_kl_kernelsize/runs/20260206_153820/atari_frostbite_vta_k5_seed0 --device cuda:0 --steps 120000 --eval_every 20000 --log_every 20000 --eval_episode_num 1 --compile False --vta_post_boundary_kernel_size 5
[2026-02-06 21:57:09] Waiting... matched processes:
  1985470 bash ./logs/content_kl_kernelsize/run_content_kl_kernel_sweep.sh
  2217904 uv run -m src_dreamerv3.dreamer --configs atari100k --task atari_frostbite --dynamics_type vta --seed 0 --logdir /home/haselab/projects/stable-deep-world-model/logs/content_kl_kernelsize/runs/20260206_153820/atari_frostbite_vta_k5_seed0 --device cuda:0 --steps 120000 --eval_every 20000 --log_every 20000 --eval_episode_num 1 --compile False --vta_post_boundary_kernel_size 5
  2217910 /home/haselab/projects/stable-deep-world-model/.venv/bin/python3 -m src_dreamerv3.dreamer --configs atari100k --task atari_frostbite --dynamics_type vta --seed 0 --logdir /home/haselab/projects/stable-deep-world-model/logs/content_kl_kernelsize/runs/20260206_153820/atari_frostbite_vta_k5_seed0 --device cuda:0 --steps 120000 --eval_every 20000 --log_every 20000 --eval_episode_num 1 --compile False --vta_post_boundary_kernel_size 5
[2026-02-06 21:58:09] Waiting... matched processes:
  1985470 bash ./logs/content_kl_kernelsize/run_content_kl_kernel_sweep.sh
  2217904 uv run -m src_dreamerv3.dreamer --configs atari100k --task atari_frostbite --dynamics_type vta --seed 0 --logdir /home/haselab/projects/stable-deep-world-model/logs/content_kl_kernelsize/runs/20260206_153820/atari_frostbite_vta_k5_seed0 --device cuda:0 --steps 120000 --eval_every 20000 --log_every 20000 --eval_episode_num 1 --compile False --vta_post_boundary_kernel_size 5
  2217910 /home/haselab/projects/stable-deep-world-model/.venv/bin/python3 -m src_dreamerv3.dreamer --configs atari100k --task atari_frostbite --dynamics_type vta --seed 0 --logdir /home/haselab/projects/stable-deep-world-model/logs/content_kl_kernelsize/runs/20260206_153820/atari_frostbite_vta_k5_seed0 --device cuda:0 --steps 120000 --eval_every 20000 --log_every 20000 --eval_episode_num 1 --compile False --vta_post_boundary_kernel_size 5
[2026-02-06 21:59:09] Waiting... matched processes:
  1985470 bash ./logs/content_kl_kernelsize/run_content_kl_kernel_sweep.sh
  2217904 uv run -m src_dreamerv3.dreamer --configs atari100k --task atari_frostbite --dynamics_type vta --seed 0 --logdir /home/haselab/projects/stable-deep-world-model/logs/content_kl_kernelsize/runs/20260206_153820/atari_frostbite_vta_k5_seed0 --device cuda:0 --steps 120000 --eval_every 20000 --log_every 20000 --eval_episode_num 1 --compile False --vta_post_boundary_kernel_size 5
  2217910 /home/haselab/projects/stable-deep-world-model/.venv/bin/python3 -m src_dreamerv3.dreamer --configs atari100k --task atari_frostbite --dynamics_type vta --seed 0 --logdir /home/haselab/projects/stable-deep-world-model/logs/content_kl_kernelsize/runs/20260206_153820/atari_frostbite_vta_k5_seed0 --device cuda:0 --steps 120000 --eval_every 20000 --log_every 20000 --eval_episode_num 1 --compile False --vta_post_boundary_kernel_size 5
[2026-02-06 22:00:09] Waiting... matched processes:
  1985470 bash ./logs/content_kl_kernelsize/run_content_kl_kernel_sweep.sh
  2217904 uv run -m src_dreamerv3.dreamer --configs atari100k --task atari_frostbite --dynamics_type vta --seed 0 --logdir /home/haselab/projects/stable-deep-world-model/logs/content_kl_kernelsize/runs/20260206_153820/atari_frostbite_vta_k5_seed0 --device cuda:0 --steps 120000 --eval_every 20000 --log_every 20000 --eval_episode_num 1 --compile False --vta_post_boundary_kernel_size 5
  2217910 /home/haselab/projects/stable-deep-world-model/.venv/bin/python3 -m src_dreamerv3.dreamer --configs atari100k --task atari_frostbite --dynamics_type vta --seed 0 --logdir /home/haselab/projects/stable-deep-world-model/logs/content_kl_kernelsize/runs/20260206_153820/atari_frostbite_vta_k5_seed0 --device cuda:0 --steps 120000 --eval_every 20000 --log_every 20000 --eval_episode_num 1 --compile False --vta_post_boundary_kernel_size 5
[2026-02-06 22:01:09] Waiting... matched processes:
  1985470 bash ./logs/content_kl_kernelsize/run_content_kl_kernel_sweep.sh
  2217904 uv run -m src_dreamerv3.dreamer --configs atari100k --task atari_frostbite --dynamics_type vta --seed 0 --logdir /home/haselab/projects/stable-deep-world-model/logs/content_kl_kernelsize/runs/20260206_153820/atari_frostbite_vta_k5_seed0 --device cuda:0 --steps 120000 --eval_every 20000 --log_every 20000 --eval_episode_num 1 --compile False --vta_post_boundary_kernel_size 5
  2217910 /home/haselab/projects/stable-deep-world-model/.venv/bin/python3 -m src_dreamerv3.dreamer --configs atari100k --task atari_frostbite --dynamics_type vta --seed 0 --logdir /home/haselab/projects/stable-deep-world-model/logs/content_kl_kernelsize/runs/20260206_153820/atari_frostbite_vta_k5_seed0 --device cuda:0 --steps 120000 --eval_every 20000 --log_every 20000 --eval_episode_num 1 --compile False --vta_post_boundary_kernel_size 5
[2026-02-06 22:02:09] Waiting... matched processes:
  1985470 bash ./logs/content_kl_kernelsize/run_content_kl_kernel_sweep.sh
  2217904 uv run -m src_dreamerv3.dreamer --configs atari100k --task atari_frostbite --dynamics_type vta --seed 0 --logdir /home/haselab/projects/stable-deep-world-model/logs/content_kl_kernelsize/runs/20260206_153820/atari_frostbite_vta_k5_seed0 --device cuda:0 --steps 120000 --eval_every 20000 --log_every 20000 --eval_episode_num 1 --compile False --vta_post_boundary_kernel_size 5
  2217910 /home/haselab/projects/stable-deep-world-model/.venv/bin/python3 -m src_dreamerv3.dreamer --configs atari100k --task atari_frostbite --dynamics_type vta --seed 0 --logdir /home/haselab/projects/stable-deep-world-model/logs/content_kl_kernelsize/runs/20260206_153820/atari_frostbite_vta_k5_seed0 --device cuda:0 --steps 120000 --eval_every 20000 --log_every 20000 --eval_episode_num 1 --compile False --vta_post_boundary_kernel_size 5
[2026-02-06 22:03:09] Waiting... matched processes:
  1985470 bash ./logs/content_kl_kernelsize/run_content_kl_kernel_sweep.sh
  2217904 uv run -m src_dreamerv3.dreamer --configs atari100k --task atari_frostbite --dynamics_type vta --seed 0 --logdir /home/haselab/projects/stable-deep-world-model/logs/content_kl_kernelsize/runs/20260206_153820/atari_frostbite_vta_k5_seed0 --device cuda:0 --steps 120000 --eval_every 20000 --log_every 20000 --eval_episode_num 1 --compile False --vta_post_boundary_kernel_size 5
  2217910 /home/haselab/projects/stable-deep-world-model/.venv/bin/python3 -m src_dreamerv3.dreamer --configs atari100k --task atari_frostbite --dynamics_type vta --seed 0 --logdir /home/haselab/projects/stable-deep-world-model/logs/content_kl_kernelsize/runs/20260206_153820/atari_frostbite_vta_k5_seed0 --device cuda:0 --steps 120000 --eval_every 20000 --log_every 20000 --eval_episode_num 1 --compile False --vta_post_boundary_kernel_size 5
[2026-02-06 22:04:09] Waiting... matched processes:
  1985470 bash ./logs/content_kl_kernelsize/run_content_kl_kernel_sweep.sh
  2217904 uv run -m src_dreamerv3.dreamer --configs atari100k --task atari_frostbite --dynamics_type vta --seed 0 --logdir /home/haselab/projects/stable-deep-world-model/logs/content_kl_kernelsize/runs/20260206_153820/atari_frostbite_vta_k5_seed0 --device cuda:0 --steps 120000 --eval_every 20000 --log_every 20000 --eval_episode_num 1 --compile False --vta_post_boundary_kernel_size 5
  2217910 /home/haselab/projects/stable-deep-world-model/.venv/bin/python3 -m src_dreamerv3.dreamer --configs atari100k --task atari_frostbite --dynamics_type vta --seed 0 --logdir /home/haselab/projects/stable-deep-world-model/logs/content_kl_kernelsize/runs/20260206_153820/atari_frostbite_vta_k5_seed0 --device cuda:0 --steps 120000 --eval_every 20000 --log_every 20000 --eval_episode_num 1 --compile False --vta_post_boundary_kernel_size 5
[2026-02-06 22:05:09] Waiting... matched processes:
  1985470 bash ./logs/content_kl_kernelsize/run_content_kl_kernel_sweep.sh
  2217904 uv run -m src_dreamerv3.dreamer --configs atari100k --task atari_frostbite --dynamics_type vta --seed 0 --logdir /home/haselab/projects/stable-deep-world-model/logs/content_kl_kernelsize/runs/20260206_153820/atari_frostbite_vta_k5_seed0 --device cuda:0 --steps 120000 --eval_every 20000 --log_every 20000 --eval_episode_num 1 --compile False --vta_post_boundary_kernel_size 5
  2217910 /home/haselab/projects/stable-deep-world-model/.venv/bin/python3 -m src_dreamerv3.dreamer --configs atari100k --task atari_frostbite --dynamics_type vta --seed 0 --logdir /home/haselab/projects/stable-deep-world-model/logs/content_kl_kernelsize/runs/20260206_153820/atari_frostbite_vta_k5_seed0 --device cuda:0 --steps 120000 --eval_every 20000 --log_every 20000 --eval_episode_num 1 --compile False --vta_post_boundary_kernel_size 5
[2026-02-06 22:06:09] Waiting... matched processes:
  1985470 bash ./logs/content_kl_kernelsize/run_content_kl_kernel_sweep.sh
  2217904 uv run -m src_dreamerv3.dreamer --configs atari100k --task atari_frostbite --dynamics_type vta --seed 0 --logdir /home/haselab/projects/stable-deep-world-model/logs/content_kl_kernelsize/runs/20260206_153820/atari_frostbite_vta_k5_seed0 --device cuda:0 --steps 120000 --eval_every 20000 --log_every 20000 --eval_episode_num 1 --compile False --vta_post_boundary_kernel_size 5
  2217910 /home/haselab/projects/stable-deep-world-model/.venv/bin/python3 -m src_dreamerv3.dreamer --configs atari100k --task atari_frostbite --dynamics_type vta --seed 0 --logdir /home/haselab/projects/stable-deep-world-model/logs/content_kl_kernelsize/runs/20260206_153820/atari_frostbite_vta_k5_seed0 --device cuda:0 --steps 120000 --eval_every 20000 --log_every 20000 --eval_episode_num 1 --compile False --vta_post_boundary_kernel_size 5
[2026-02-06 22:07:09] Waiting... matched processes:
  1985470 bash ./logs/content_kl_kernelsize/run_content_kl_kernel_sweep.sh
  2217904 uv run -m src_dreamerv3.dreamer --configs atari100k --task atari_frostbite --dynamics_type vta --seed 0 --logdir /home/haselab/projects/stable-deep-world-model/logs/content_kl_kernelsize/runs/20260206_153820/atari_frostbite_vta_k5_seed0 --device cuda:0 --steps 120000 --eval_every 20000 --log_every 20000 --eval_episode_num 1 --compile False --vta_post_boundary_kernel_size 5
  2217910 /home/haselab/projects/stable-deep-world-model/.venv/bin/python3 -m src_dreamerv3.dreamer --configs atari100k --task atari_frostbite --dynamics_type vta --seed 0 --logdir /home/haselab/projects/stable-deep-world-model/logs/content_kl_kernelsize/runs/20260206_153820/atari_frostbite_vta_k5_seed0 --device cuda:0 --steps 120000 --eval_every 20000 --log_every 20000 --eval_episode_num 1 --compile False --vta_post_boundary_kernel_size 5
[2026-02-06 22:08:09] Waiting... matched processes:
  1985470 bash ./logs/content_kl_kernelsize/run_content_kl_kernel_sweep.sh
  2217904 uv run -m src_dreamerv3.dreamer --configs atari100k --task atari_frostbite --dynamics_type vta --seed 0 --logdir /home/haselab/projects/stable-deep-world-model/logs/content_kl_kernelsize/runs/20260206_153820/atari_frostbite_vta_k5_seed0 --device cuda:0 --steps 120000 --eval_every 20000 --log_every 20000 --eval_episode_num 1 --compile False --vta_post_boundary_kernel_size 5
  2217910 /home/haselab/projects/stable-deep-world-model/.venv/bin/python3 -m src_dreamerv3.dreamer --configs atari100k --task atari_frostbite --dynamics_type vta --seed 0 --logdir /home/haselab/projects/stable-deep-world-model/logs/content_kl_kernelsize/runs/20260206_153820/atari_frostbite_vta_k5_seed0 --device cuda:0 --steps 120000 --eval_every 20000 --log_every 20000 --eval_episode_num 1 --compile False --vta_post_boundary_kernel_size 5
[2026-02-06 22:09:09] Waiting... matched processes:
  1985470 bash ./logs/content_kl_kernelsize/run_content_kl_kernel_sweep.sh
  2217904 uv run -m src_dreamerv3.dreamer --configs atari100k --task atari_frostbite --dynamics_type vta --seed 0 --logdir /home/haselab/projects/stable-deep-world-model/logs/content_kl_kernelsize/runs/20260206_153820/atari_frostbite_vta_k5_seed0 --device cuda:0 --steps 120000 --eval_every 20000 --log_every 20000 --eval_episode_num 1 --compile False --vta_post_boundary_kernel_size 5
  2217910 /home/haselab/projects/stable-deep-world-model/.venv/bin/python3 -m src_dreamerv3.dreamer --configs atari100k --task atari_frostbite --dynamics_type vta --seed 0 --logdir /home/haselab/projects/stable-deep-world-model/logs/content_kl_kernelsize/runs/20260206_153820/atari_frostbite_vta_k5_seed0 --device cuda:0 --steps 120000 --eval_every 20000 --log_every 20000 --eval_episode_num 1 --compile False --vta_post_boundary_kernel_size 5
[2026-02-06 22:10:09] Waiting... matched processes:
  1985470 bash ./logs/content_kl_kernelsize/run_content_kl_kernel_sweep.sh
  2217904 uv run -m src_dreamerv3.dreamer --configs atari100k --task atari_frostbite --dynamics_type vta --seed 0 --logdir /home/haselab/projects/stable-deep-world-model/logs/content_kl_kernelsize/runs/20260206_153820/atari_frostbite_vta_k5_seed0 --device cuda:0 --steps 120000 --eval_every 20000 --log_every 20000 --eval_episode_num 1 --compile False --vta_post_boundary_kernel_size 5
  2217910 /home/haselab/projects/stable-deep-world-model/.venv/bin/python3 -m src_dreamerv3.dreamer --configs atari100k --task atari_frostbite --dynamics_type vta --seed 0 --logdir /home/haselab/projects/stable-deep-world-model/logs/content_kl_kernelsize/runs/20260206_153820/atari_frostbite_vta_k5_seed0 --device cuda:0 --steps 120000 --eval_every 20000 --log_every 20000 --eval_episode_num 1 --compile False --vta_post_boundary_kernel_size 5
[2026-02-06 22:11:09] Waiting... matched processes:
  1985470 bash ./logs/content_kl_kernelsize/run_content_kl_kernel_sweep.sh
  2217904 uv run -m src_dreamerv3.dreamer --configs atari100k --task atari_frostbite --dynamics_type vta --seed 0 --logdir /home/haselab/projects/stable-deep-world-model/logs/content_kl_kernelsize/runs/20260206_153820/atari_frostbite_vta_k5_seed0 --device cuda:0 --steps 120000 --eval_every 20000 --log_every 20000 --eval_episode_num 1 --compile False --vta_post_boundary_kernel_size 5
  2217910 /home/haselab/projects/stable-deep-world-model/.venv/bin/python3 -m src_dreamerv3.dreamer --configs atari100k --task atari_frostbite --dynamics_type vta --seed 0 --logdir /home/haselab/projects/stable-deep-world-model/logs/content_kl_kernelsize/runs/20260206_153820/atari_frostbite_vta_k5_seed0 --device cuda:0 --steps 120000 --eval_every 20000 --log_every 20000 --eval_episode_num 1 --compile False --vta_post_boundary_kernel_size 5
[2026-02-06 22:12:09] Waiting... matched processes:
  1985470 bash ./logs/content_kl_kernelsize/run_content_kl_kernel_sweep.sh
  2217904 uv run -m src_dreamerv3.dreamer --configs atari100k --task atari_frostbite --dynamics_type vta --seed 0 --logdir /home/haselab/projects/stable-deep-world-model/logs/content_kl_kernelsize/runs/20260206_153820/atari_frostbite_vta_k5_seed0 --device cuda:0 --steps 120000 --eval_every 20000 --log_every 20000 --eval_episode_num 1 --compile False --vta_post_boundary_kernel_size 5
  2217910 /home/haselab/projects/stable-deep-world-model/.venv/bin/python3 -m src_dreamerv3.dreamer --configs atari100k --task atari_frostbite --dynamics_type vta --seed 0 --logdir /home/haselab/projects/stable-deep-world-model/logs/content_kl_kernelsize/runs/20260206_153820/atari_frostbite_vta_k5_seed0 --device cuda:0 --steps 120000 --eval_every 20000 --log_every 20000 --eval_episode_num 1 --compile False --vta_post_boundary_kernel_size 5
[2026-02-06 22:13:09] Waiting... matched processes:
  1985470 bash ./logs/content_kl_kernelsize/run_content_kl_kernel_sweep.sh
  2217904 uv run -m src_dreamerv3.dreamer --configs atari100k --task atari_frostbite --dynamics_type vta --seed 0 --logdir /home/haselab/projects/stable-deep-world-model/logs/content_kl_kernelsize/runs/20260206_153820/atari_frostbite_vta_k5_seed0 --device cuda:0 --steps 120000 --eval_every 20000 --log_every 20000 --eval_episode_num 1 --compile False --vta_post_boundary_kernel_size 5
  2217910 /home/haselab/projects/stable-deep-world-model/.venv/bin/python3 -m src_dreamerv3.dreamer --configs atari100k --task atari_frostbite --dynamics_type vta --seed 0 --logdir /home/haselab/projects/stable-deep-world-model/logs/content_kl_kernelsize/runs/20260206_153820/atari_frostbite_vta_k5_seed0 --device cuda:0 --steps 120000 --eval_every 20000 --log_every 20000 --eval_episode_num 1 --compile False --vta_post_boundary_kernel_size 5
[2026-02-06 22:14:09] Waiting... matched processes:
  1985470 bash ./logs/content_kl_kernelsize/run_content_kl_kernel_sweep.sh
  2217904 uv run -m src_dreamerv3.dreamer --configs atari100k --task atari_frostbite --dynamics_type vta --seed 0 --logdir /home/haselab/projects/stable-deep-world-model/logs/content_kl_kernelsize/runs/20260206_153820/atari_frostbite_vta_k5_seed0 --device cuda:0 --steps 120000 --eval_every 20000 --log_every 20000 --eval_episode_num 1 --compile False --vta_post_boundary_kernel_size 5
  2217910 /home/haselab/projects/stable-deep-world-model/.venv/bin/python3 -m src_dreamerv3.dreamer --configs atari100k --task atari_frostbite --dynamics_type vta --seed 0 --logdir /home/haselab/projects/stable-deep-world-model/logs/content_kl_kernelsize/runs/20260206_153820/atari_frostbite_vta_k5_seed0 --device cuda:0 --steps 120000 --eval_every 20000 --log_every 20000 --eval_episode_num 1 --compile False --vta_post_boundary_kernel_size 5
[2026-02-06 22:15:09] Waiting... matched processes:
  1985470 bash ./logs/content_kl_kernelsize/run_content_kl_kernel_sweep.sh
  2217904 uv run -m src_dreamerv3.dreamer --configs atari100k --task atari_frostbite --dynamics_type vta --seed 0 --logdir /home/haselab/projects/stable-deep-world-model/logs/content_kl_kernelsize/runs/20260206_153820/atari_frostbite_vta_k5_seed0 --device cuda:0 --steps 120000 --eval_every 20000 --log_every 20000 --eval_episode_num 1 --compile False --vta_post_boundary_kernel_size 5
  2217910 /home/haselab/projects/stable-deep-world-model/.venv/bin/python3 -m src_dreamerv3.dreamer --configs atari100k --task atari_frostbite --dynamics_type vta --seed 0 --logdir /home/haselab/projects/stable-deep-world-model/logs/content_kl_kernelsize/runs/20260206_153820/atari_frostbite_vta_k5_seed0 --device cuda:0 --steps 120000 --eval_every 20000 --log_every 20000 --eval_episode_num 1 --compile False --vta_post_boundary_kernel_size 5
[2026-02-06 22:16:09] Waiting... matched processes:
  1985470 bash ./logs/content_kl_kernelsize/run_content_kl_kernel_sweep.sh
  2217904 uv run -m src_dreamerv3.dreamer --configs atari100k --task atari_frostbite --dynamics_type vta --seed 0 --logdir /home/haselab/projects/stable-deep-world-model/logs/content_kl_kernelsize/runs/20260206_153820/atari_frostbite_vta_k5_seed0 --device cuda:0 --steps 120000 --eval_every 20000 --log_every 20000 --eval_episode_num 1 --compile False --vta_post_boundary_kernel_size 5
  2217910 /home/haselab/projects/stable-deep-world-model/.venv/bin/python3 -m src_dreamerv3.dreamer --configs atari100k --task atari_frostbite --dynamics_type vta --seed 0 --logdir /home/haselab/projects/stable-deep-world-model/logs/content_kl_kernelsize/runs/20260206_153820/atari_frostbite_vta_k5_seed0 --device cuda:0 --steps 120000 --eval_every 20000 --log_every 20000 --eval_episode_num 1 --compile False --vta_post_boundary_kernel_size 5
[2026-02-06 22:17:09] Waiting... matched processes:
  1985470 bash ./logs/content_kl_kernelsize/run_content_kl_kernel_sweep.sh
  2217904 uv run -m src_dreamerv3.dreamer --configs atari100k --task atari_frostbite --dynamics_type vta --seed 0 --logdir /home/haselab/projects/stable-deep-world-model/logs/content_kl_kernelsize/runs/20260206_153820/atari_frostbite_vta_k5_seed0 --device cuda:0 --steps 120000 --eval_every 20000 --log_every 20000 --eval_episode_num 1 --compile False --vta_post_boundary_kernel_size 5
  2217910 /home/haselab/projects/stable-deep-world-model/.venv/bin/python3 -m src_dreamerv3.dreamer --configs atari100k --task atari_frostbite --dynamics_type vta --seed 0 --logdir /home/haselab/projects/stable-deep-world-model/logs/content_kl_kernelsize/runs/20260206_153820/atari_frostbite_vta_k5_seed0 --device cuda:0 --steps 120000 --eval_every 20000 --log_every 20000 --eval_episode_num 1 --compile False --vta_post_boundary_kernel_size 5
[2026-02-06 22:18:09] Waiting... matched processes:
  1985470 bash ./logs/content_kl_kernelsize/run_content_kl_kernel_sweep.sh
  2217904 uv run -m src_dreamerv3.dreamer --configs atari100k --task atari_frostbite --dynamics_type vta --seed 0 --logdir /home/haselab/projects/stable-deep-world-model/logs/content_kl_kernelsize/runs/20260206_153820/atari_frostbite_vta_k5_seed0 --device cuda:0 --steps 120000 --eval_every 20000 --log_every 20000 --eval_episode_num 1 --compile False --vta_post_boundary_kernel_size 5
  2217910 /home/haselab/projects/stable-deep-world-model/.venv/bin/python3 -m src_dreamerv3.dreamer --configs atari100k --task atari_frostbite --dynamics_type vta --seed 0 --logdir /home/haselab/projects/stable-deep-world-model/logs/content_kl_kernelsize/runs/20260206_153820/atari_frostbite_vta_k5_seed0 --device cuda:0 --steps 120000 --eval_every 20000 --log_every 20000 --eval_episode_num 1 --compile False --vta_post_boundary_kernel_size 5
[2026-02-06 22:19:09] Waiting... matched processes:
  1985470 bash ./logs/content_kl_kernelsize/run_content_kl_kernel_sweep.sh
  2217904 uv run -m src_dreamerv3.dreamer --configs atari100k --task atari_frostbite --dynamics_type vta --seed 0 --logdir /home/haselab/projects/stable-deep-world-model/logs/content_kl_kernelsize/runs/20260206_153820/atari_frostbite_vta_k5_seed0 --device cuda:0 --steps 120000 --eval_every 20000 --log_every 20000 --eval_episode_num 1 --compile False --vta_post_boundary_kernel_size 5
  2217910 /home/haselab/projects/stable-deep-world-model/.venv/bin/python3 -m src_dreamerv3.dreamer --configs atari100k --task atari_frostbite --dynamics_type vta --seed 0 --logdir /home/haselab/projects/stable-deep-world-model/logs/content_kl_kernelsize/runs/20260206_153820/atari_frostbite_vta_k5_seed0 --device cuda:0 --steps 120000 --eval_every 20000 --log_every 20000 --eval_episode_num 1 --compile False --vta_post_boundary_kernel_size 5
[2026-02-06 22:20:09] Waiting... matched processes:
  1985470 bash ./logs/content_kl_kernelsize/run_content_kl_kernel_sweep.sh
  2217904 uv run -m src_dreamerv3.dreamer --configs atari100k --task atari_frostbite --dynamics_type vta --seed 0 --logdir /home/haselab/projects/stable-deep-world-model/logs/content_kl_kernelsize/runs/20260206_153820/atari_frostbite_vta_k5_seed0 --device cuda:0 --steps 120000 --eval_every 20000 --log_every 20000 --eval_episode_num 1 --compile False --vta_post_boundary_kernel_size 5
  2217910 /home/haselab/projects/stable-deep-world-model/.venv/bin/python3 -m src_dreamerv3.dreamer --configs atari100k --task atari_frostbite --dynamics_type vta --seed 0 --logdir /home/haselab/projects/stable-deep-world-model/logs/content_kl_kernelsize/runs/20260206_153820/atari_frostbite_vta_k5_seed0 --device cuda:0 --steps 120000 --eval_every 20000 --log_every 20000 --eval_episode_num 1 --compile False --vta_post_boundary_kernel_size 5
[2026-02-06 22:21:09] Waiting... matched processes:
  1985470 bash ./logs/content_kl_kernelsize/run_content_kl_kernel_sweep.sh
  2217904 uv run -m src_dreamerv3.dreamer --configs atari100k --task atari_frostbite --dynamics_type vta --seed 0 --logdir /home/haselab/projects/stable-deep-world-model/logs/content_kl_kernelsize/runs/20260206_153820/atari_frostbite_vta_k5_seed0 --device cuda:0 --steps 120000 --eval_every 20000 --log_every 20000 --eval_episode_num 1 --compile False --vta_post_boundary_kernel_size 5
  2217910 /home/haselab/projects/stable-deep-world-model/.venv/bin/python3 -m src_dreamerv3.dreamer --configs atari100k --task atari_frostbite --dynamics_type vta --seed 0 --logdir /home/haselab/projects/stable-deep-world-model/logs/content_kl_kernelsize/runs/20260206_153820/atari_frostbite_vta_k5_seed0 --device cuda:0 --steps 120000 --eval_every 20000 --log_every 20000 --eval_episode_num 1 --compile False --vta_post_boundary_kernel_size 5
[2026-02-06 22:22:09] Waiting... matched processes:
  1985470 bash ./logs/content_kl_kernelsize/run_content_kl_kernel_sweep.sh
  2217904 uv run -m src_dreamerv3.dreamer --configs atari100k --task atari_frostbite --dynamics_type vta --seed 0 --logdir /home/haselab/projects/stable-deep-world-model/logs/content_kl_kernelsize/runs/20260206_153820/atari_frostbite_vta_k5_seed0 --device cuda:0 --steps 120000 --eval_every 20000 --log_every 20000 --eval_episode_num 1 --compile False --vta_post_boundary_kernel_size 5
  2217910 /home/haselab/projects/stable-deep-world-model/.venv/bin/python3 -m src_dreamerv3.dreamer --configs atari100k --task atari_frostbite --dynamics_type vta --seed 0 --logdir /home/haselab/projects/stable-deep-world-model/logs/content_kl_kernelsize/runs/20260206_153820/atari_frostbite_vta_k5_seed0 --device cuda:0 --steps 120000 --eval_every 20000 --log_every 20000 --eval_episode_num 1 --compile False --vta_post_boundary_kernel_size 5
[2026-02-06 22:23:10] Waiting... matched processes:
  1985470 bash ./logs/content_kl_kernelsize/run_content_kl_kernel_sweep.sh
  2217904 uv run -m src_dreamerv3.dreamer --configs atari100k --task atari_frostbite --dynamics_type vta --seed 0 --logdir /home/haselab/projects/stable-deep-world-model/logs/content_kl_kernelsize/runs/20260206_153820/atari_frostbite_vta_k5_seed0 --device cuda:0 --steps 120000 --eval_every 20000 --log_every 20000 --eval_episode_num 1 --compile False --vta_post_boundary_kernel_size 5
  2217910 /home/haselab/projects/stable-deep-world-model/.venv/bin/python3 -m src_dreamerv3.dreamer --configs atari100k --task atari_frostbite --dynamics_type vta --seed 0 --logdir /home/haselab/projects/stable-deep-world-model/logs/content_kl_kernelsize/runs/20260206_153820/atari_frostbite_vta_k5_seed0 --device cuda:0 --steps 120000 --eval_every 20000 --log_every 20000 --eval_episode_num 1 --compile False --vta_post_boundary_kernel_size 5
[2026-02-06 22:24:10] Waiting... matched processes:
  1985470 bash ./logs/content_kl_kernelsize/run_content_kl_kernel_sweep.sh
  2217904 uv run -m src_dreamerv3.dreamer --configs atari100k --task atari_frostbite --dynamics_type vta --seed 0 --logdir /home/haselab/projects/stable-deep-world-model/logs/content_kl_kernelsize/runs/20260206_153820/atari_frostbite_vta_k5_seed0 --device cuda:0 --steps 120000 --eval_every 20000 --log_every 20000 --eval_episode_num 1 --compile False --vta_post_boundary_kernel_size 5
  2217910 /home/haselab/projects/stable-deep-world-model/.venv/bin/python3 -m src_dreamerv3.dreamer --configs atari100k --task atari_frostbite --dynamics_type vta --seed 0 --logdir /home/haselab/projects/stable-deep-world-model/logs/content_kl_kernelsize/runs/20260206_153820/atari_frostbite_vta_k5_seed0 --device cuda:0 --steps 120000 --eval_every 20000 --log_every 20000 --eval_episode_num 1 --compile False --vta_post_boundary_kernel_size 5
[2026-02-06 22:25:10] Waiting... matched processes:
  1985470 bash ./logs/content_kl_kernelsize/run_content_kl_kernel_sweep.sh
  2217904 uv run -m src_dreamerv3.dreamer --configs atari100k --task atari_frostbite --dynamics_type vta --seed 0 --logdir /home/haselab/projects/stable-deep-world-model/logs/content_kl_kernelsize/runs/20260206_153820/atari_frostbite_vta_k5_seed0 --device cuda:0 --steps 120000 --eval_every 20000 --log_every 20000 --eval_episode_num 1 --compile False --vta_post_boundary_kernel_size 5
  2217910 /home/haselab/projects/stable-deep-world-model/.venv/bin/python3 -m src_dreamerv3.dreamer --configs atari100k --task atari_frostbite --dynamics_type vta --seed 0 --logdir /home/haselab/projects/stable-deep-world-model/logs/content_kl_kernelsize/runs/20260206_153820/atari_frostbite_vta_k5_seed0 --device cuda:0 --steps 120000 --eval_every 20000 --log_every 20000 --eval_episode_num 1 --compile False --vta_post_boundary_kernel_size 5
[2026-02-06 22:26:10] Waiting... matched processes:
  1985470 bash ./logs/content_kl_kernelsize/run_content_kl_kernel_sweep.sh
  2217904 uv run -m src_dreamerv3.dreamer --configs atari100k --task atari_frostbite --dynamics_type vta --seed 0 --logdir /home/haselab/projects/stable-deep-world-model/logs/content_kl_kernelsize/runs/20260206_153820/atari_frostbite_vta_k5_seed0 --device cuda:0 --steps 120000 --eval_every 20000 --log_every 20000 --eval_episode_num 1 --compile False --vta_post_boundary_kernel_size 5
  2217910 /home/haselab/projects/stable-deep-world-model/.venv/bin/python3 -m src_dreamerv3.dreamer --configs atari100k --task atari_frostbite --dynamics_type vta --seed 0 --logdir /home/haselab/projects/stable-deep-world-model/logs/content_kl_kernelsize/runs/20260206_153820/atari_frostbite_vta_k5_seed0 --device cuda:0 --steps 120000 --eval_every 20000 --log_every 20000 --eval_episode_num 1 --compile False --vta_post_boundary_kernel_size 5
[2026-02-06 22:27:10] Waiting... matched processes:
  1985470 bash ./logs/content_kl_kernelsize/run_content_kl_kernel_sweep.sh
  2217904 uv run -m src_dreamerv3.dreamer --configs atari100k --task atari_frostbite --dynamics_type vta --seed 0 --logdir /home/haselab/projects/stable-deep-world-model/logs/content_kl_kernelsize/runs/20260206_153820/atari_frostbite_vta_k5_seed0 --device cuda:0 --steps 120000 --eval_every 20000 --log_every 20000 --eval_episode_num 1 --compile False --vta_post_boundary_kernel_size 5
  2217910 /home/haselab/projects/stable-deep-world-model/.venv/bin/python3 -m src_dreamerv3.dreamer --configs atari100k --task atari_frostbite --dynamics_type vta --seed 0 --logdir /home/haselab/projects/stable-deep-world-model/logs/content_kl_kernelsize/runs/20260206_153820/atari_frostbite_vta_k5_seed0 --device cuda:0 --steps 120000 --eval_every 20000 --log_every 20000 --eval_episode_num 1 --compile False --vta_post_boundary_kernel_size 5
[2026-02-06 22:28:10] Waiting... matched processes:
  1985470 bash ./logs/content_kl_kernelsize/run_content_kl_kernel_sweep.sh
  2217904 uv run -m src_dreamerv3.dreamer --configs atari100k --task atari_frostbite --dynamics_type vta --seed 0 --logdir /home/haselab/projects/stable-deep-world-model/logs/content_kl_kernelsize/runs/20260206_153820/atari_frostbite_vta_k5_seed0 --device cuda:0 --steps 120000 --eval_every 20000 --log_every 20000 --eval_episode_num 1 --compile False --vta_post_boundary_kernel_size 5
  2217910 /home/haselab/projects/stable-deep-world-model/.venv/bin/python3 -m src_dreamerv3.dreamer --configs atari100k --task atari_frostbite --dynamics_type vta --seed 0 --logdir /home/haselab/projects/stable-deep-world-model/logs/content_kl_kernelsize/runs/20260206_153820/atari_frostbite_vta_k5_seed0 --device cuda:0 --steps 120000 --eval_every 20000 --log_every 20000 --eval_episode_num 1 --compile False --vta_post_boundary_kernel_size 5
[2026-02-06 22:29:10] Waiting... matched processes:
  1985470 bash ./logs/content_kl_kernelsize/run_content_kl_kernel_sweep.sh
  2217904 uv run -m src_dreamerv3.dreamer --configs atari100k --task atari_frostbite --dynamics_type vta --seed 0 --logdir /home/haselab/projects/stable-deep-world-model/logs/content_kl_kernelsize/runs/20260206_153820/atari_frostbite_vta_k5_seed0 --device cuda:0 --steps 120000 --eval_every 20000 --log_every 20000 --eval_episode_num 1 --compile False --vta_post_boundary_kernel_size 5
  2217910 /home/haselab/projects/stable-deep-world-model/.venv/bin/python3 -m src_dreamerv3.dreamer --configs atari100k --task atari_frostbite --dynamics_type vta --seed 0 --logdir /home/haselab/projects/stable-deep-world-model/logs/content_kl_kernelsize/runs/20260206_153820/atari_frostbite_vta_k5_seed0 --device cuda:0 --steps 120000 --eval_every 20000 --log_every 20000 --eval_episode_num 1 --compile False --vta_post_boundary_kernel_size 5
[2026-02-06 22:30:10] Waiting... matched processes:
  1985470 bash ./logs/content_kl_kernelsize/run_content_kl_kernel_sweep.sh
  2217904 uv run -m src_dreamerv3.dreamer --configs atari100k --task atari_frostbite --dynamics_type vta --seed 0 --logdir /home/haselab/projects/stable-deep-world-model/logs/content_kl_kernelsize/runs/20260206_153820/atari_frostbite_vta_k5_seed0 --device cuda:0 --steps 120000 --eval_every 20000 --log_every 20000 --eval_episode_num 1 --compile False --vta_post_boundary_kernel_size 5
  2217910 /home/haselab/projects/stable-deep-world-model/.venv/bin/python3 -m src_dreamerv3.dreamer --configs atari100k --task atari_frostbite --dynamics_type vta --seed 0 --logdir /home/haselab/projects/stable-deep-world-model/logs/content_kl_kernelsize/runs/20260206_153820/atari_frostbite_vta_k5_seed0 --device cuda:0 --steps 120000 --eval_every 20000 --log_every 20000 --eval_episode_num 1 --compile False --vta_post_boundary_kernel_size 5
[2026-02-06 22:31:10] Waiting... matched processes:
  1985470 bash ./logs/content_kl_kernelsize/run_content_kl_kernel_sweep.sh
  2217904 uv run -m src_dreamerv3.dreamer --configs atari100k --task atari_frostbite --dynamics_type vta --seed 0 --logdir /home/haselab/projects/stable-deep-world-model/logs/content_kl_kernelsize/runs/20260206_153820/atari_frostbite_vta_k5_seed0 --device cuda:0 --steps 120000 --eval_every 20000 --log_every 20000 --eval_episode_num 1 --compile False --vta_post_boundary_kernel_size 5
  2217910 /home/haselab/projects/stable-deep-world-model/.venv/bin/python3 -m src_dreamerv3.dreamer --configs atari100k --task atari_frostbite --dynamics_type vta --seed 0 --logdir /home/haselab/projects/stable-deep-world-model/logs/content_kl_kernelsize/runs/20260206_153820/atari_frostbite_vta_k5_seed0 --device cuda:0 --steps 120000 --eval_every 20000 --log_every 20000 --eval_episode_num 1 --compile False --vta_post_boundary_kernel_size 5
[2026-02-06 22:32:10] Waiting... matched processes:
  1985470 bash ./logs/content_kl_kernelsize/run_content_kl_kernel_sweep.sh
  2217904 uv run -m src_dreamerv3.dreamer --configs atari100k --task atari_frostbite --dynamics_type vta --seed 0 --logdir /home/haselab/projects/stable-deep-world-model/logs/content_kl_kernelsize/runs/20260206_153820/atari_frostbite_vta_k5_seed0 --device cuda:0 --steps 120000 --eval_every 20000 --log_every 20000 --eval_episode_num 1 --compile False --vta_post_boundary_kernel_size 5
  2217910 /home/haselab/projects/stable-deep-world-model/.venv/bin/python3 -m src_dreamerv3.dreamer --configs atari100k --task atari_frostbite --dynamics_type vta --seed 0 --logdir /home/haselab/projects/stable-deep-world-model/logs/content_kl_kernelsize/runs/20260206_153820/atari_frostbite_vta_k5_seed0 --device cuda:0 --steps 120000 --eval_every 20000 --log_every 20000 --eval_episode_num 1 --compile False --vta_post_boundary_kernel_size 5
[2026-02-06 22:33:10] Waiting... matched processes:
  1985470 bash ./logs/content_kl_kernelsize/run_content_kl_kernel_sweep.sh
  2217904 uv run -m src_dreamerv3.dreamer --configs atari100k --task atari_frostbite --dynamics_type vta --seed 0 --logdir /home/haselab/projects/stable-deep-world-model/logs/content_kl_kernelsize/runs/20260206_153820/atari_frostbite_vta_k5_seed0 --device cuda:0 --steps 120000 --eval_every 20000 --log_every 20000 --eval_episode_num 1 --compile False --vta_post_boundary_kernel_size 5
  2217910 /home/haselab/projects/stable-deep-world-model/.venv/bin/python3 -m src_dreamerv3.dreamer --configs atari100k --task atari_frostbite --dynamics_type vta --seed 0 --logdir /home/haselab/projects/stable-deep-world-model/logs/content_kl_kernelsize/runs/20260206_153820/atari_frostbite_vta_k5_seed0 --device cuda:0 --steps 120000 --eval_every 20000 --log_every 20000 --eval_episode_num 1 --compile False --vta_post_boundary_kernel_size 5
[2026-02-06 22:34:10] Waiting... matched processes:
  1985470 bash ./logs/content_kl_kernelsize/run_content_kl_kernel_sweep.sh
  2217904 uv run -m src_dreamerv3.dreamer --configs atari100k --task atari_frostbite --dynamics_type vta --seed 0 --logdir /home/haselab/projects/stable-deep-world-model/logs/content_kl_kernelsize/runs/20260206_153820/atari_frostbite_vta_k5_seed0 --device cuda:0 --steps 120000 --eval_every 20000 --log_every 20000 --eval_episode_num 1 --compile False --vta_post_boundary_kernel_size 5
  2217910 /home/haselab/projects/stable-deep-world-model/.venv/bin/python3 -m src_dreamerv3.dreamer --configs atari100k --task atari_frostbite --dynamics_type vta --seed 0 --logdir /home/haselab/projects/stable-deep-world-model/logs/content_kl_kernelsize/runs/20260206_153820/atari_frostbite_vta_k5_seed0 --device cuda:0 --steps 120000 --eval_every 20000 --log_every 20000 --eval_episode_num 1 --compile False --vta_post_boundary_kernel_size 5
[2026-02-06 22:35:10] Waiting... matched processes:
  1985470 bash ./logs/content_kl_kernelsize/run_content_kl_kernel_sweep.sh
  2217904 uv run -m src_dreamerv3.dreamer --configs atari100k --task atari_frostbite --dynamics_type vta --seed 0 --logdir /home/haselab/projects/stable-deep-world-model/logs/content_kl_kernelsize/runs/20260206_153820/atari_frostbite_vta_k5_seed0 --device cuda:0 --steps 120000 --eval_every 20000 --log_every 20000 --eval_episode_num 1 --compile False --vta_post_boundary_kernel_size 5
  2217910 /home/haselab/projects/stable-deep-world-model/.venv/bin/python3 -m src_dreamerv3.dreamer --configs atari100k --task atari_frostbite --dynamics_type vta --seed 0 --logdir /home/haselab/projects/stable-deep-world-model/logs/content_kl_kernelsize/runs/20260206_153820/atari_frostbite_vta_k5_seed0 --device cuda:0 --steps 120000 --eval_every 20000 --log_every 20000 --eval_episode_num 1 --compile False --vta_post_boundary_kernel_size 5
[2026-02-06 22:36:10] Waiting... matched processes:
  1985470 bash ./logs/content_kl_kernelsize/run_content_kl_kernel_sweep.sh
  2217904 uv run -m src_dreamerv3.dreamer --configs atari100k --task atari_frostbite --dynamics_type vta --seed 0 --logdir /home/haselab/projects/stable-deep-world-model/logs/content_kl_kernelsize/runs/20260206_153820/atari_frostbite_vta_k5_seed0 --device cuda:0 --steps 120000 --eval_every 20000 --log_every 20000 --eval_episode_num 1 --compile False --vta_post_boundary_kernel_size 5
  2217910 /home/haselab/projects/stable-deep-world-model/.venv/bin/python3 -m src_dreamerv3.dreamer --configs atari100k --task atari_frostbite --dynamics_type vta --seed 0 --logdir /home/haselab/projects/stable-deep-world-model/logs/content_kl_kernelsize/runs/20260206_153820/atari_frostbite_vta_k5_seed0 --device cuda:0 --steps 120000 --eval_every 20000 --log_every 20000 --eval_episode_num 1 --compile False --vta_post_boundary_kernel_size 5
[2026-02-06 22:37:10] Waiting... matched processes:
  1985470 bash ./logs/content_kl_kernelsize/run_content_kl_kernel_sweep.sh
  2217904 uv run -m src_dreamerv3.dreamer --configs atari100k --task atari_frostbite --dynamics_type vta --seed 0 --logdir /home/haselab/projects/stable-deep-world-model/logs/content_kl_kernelsize/runs/20260206_153820/atari_frostbite_vta_k5_seed0 --device cuda:0 --steps 120000 --eval_every 20000 --log_every 20000 --eval_episode_num 1 --compile False --vta_post_boundary_kernel_size 5
  2217910 /home/haselab/projects/stable-deep-world-model/.venv/bin/python3 -m src_dreamerv3.dreamer --configs atari100k --task atari_frostbite --dynamics_type vta --seed 0 --logdir /home/haselab/projects/stable-deep-world-model/logs/content_kl_kernelsize/runs/20260206_153820/atari_frostbite_vta_k5_seed0 --device cuda:0 --steps 120000 --eval_every 20000 --log_every 20000 --eval_episode_num 1 --compile False --vta_post_boundary_kernel_size 5
[2026-02-06 22:38:10] Waiting... matched processes:
  1985470 bash ./logs/content_kl_kernelsize/run_content_kl_kernel_sweep.sh
  2217904 uv run -m src_dreamerv3.dreamer --configs atari100k --task atari_frostbite --dynamics_type vta --seed 0 --logdir /home/haselab/projects/stable-deep-world-model/logs/content_kl_kernelsize/runs/20260206_153820/atari_frostbite_vta_k5_seed0 --device cuda:0 --steps 120000 --eval_every 20000 --log_every 20000 --eval_episode_num 1 --compile False --vta_post_boundary_kernel_size 5
  2217910 /home/haselab/projects/stable-deep-world-model/.venv/bin/python3 -m src_dreamerv3.dreamer --configs atari100k --task atari_frostbite --dynamics_type vta --seed 0 --logdir /home/haselab/projects/stable-deep-world-model/logs/content_kl_kernelsize/runs/20260206_153820/atari_frostbite_vta_k5_seed0 --device cuda:0 --steps 120000 --eval_every 20000 --log_every 20000 --eval_episode_num 1 --compile False --vta_post_boundary_kernel_size 5
[2026-02-06 22:39:10] Waiting... matched processes:
  1985470 bash ./logs/content_kl_kernelsize/run_content_kl_kernel_sweep.sh
  2217904 uv run -m src_dreamerv3.dreamer --configs atari100k --task atari_frostbite --dynamics_type vta --seed 0 --logdir /home/haselab/projects/stable-deep-world-model/logs/content_kl_kernelsize/runs/20260206_153820/atari_frostbite_vta_k5_seed0 --device cuda:0 --steps 120000 --eval_every 20000 --log_every 20000 --eval_episode_num 1 --compile False --vta_post_boundary_kernel_size 5
  2217910 /home/haselab/projects/stable-deep-world-model/.venv/bin/python3 -m src_dreamerv3.dreamer --configs atari100k --task atari_frostbite --dynamics_type vta --seed 0 --logdir /home/haselab/projects/stable-deep-world-model/logs/content_kl_kernelsize/runs/20260206_153820/atari_frostbite_vta_k5_seed0 --device cuda:0 --steps 120000 --eval_every 20000 --log_every 20000 --eval_episode_num 1 --compile False --vta_post_boundary_kernel_size 5
[2026-02-06 22:40:10] Waiting... matched processes:
  1985470 bash ./logs/content_kl_kernelsize/run_content_kl_kernel_sweep.sh
  2217904 uv run -m src_dreamerv3.dreamer --configs atari100k --task atari_frostbite --dynamics_type vta --seed 0 --logdir /home/haselab/projects/stable-deep-world-model/logs/content_kl_kernelsize/runs/20260206_153820/atari_frostbite_vta_k5_seed0 --device cuda:0 --steps 120000 --eval_every 20000 --log_every 20000 --eval_episode_num 1 --compile False --vta_post_boundary_kernel_size 5
  2217910 /home/haselab/projects/stable-deep-world-model/.venv/bin/python3 -m src_dreamerv3.dreamer --configs atari100k --task atari_frostbite --dynamics_type vta --seed 0 --logdir /home/haselab/projects/stable-deep-world-model/logs/content_kl_kernelsize/runs/20260206_153820/atari_frostbite_vta_k5_seed0 --device cuda:0 --steps 120000 --eval_every 20000 --log_every 20000 --eval_episode_num 1 --compile False --vta_post_boundary_kernel_size 5
[2026-02-06 22:41:10] Waiting... matched processes:
  1985470 bash ./logs/content_kl_kernelsize/run_content_kl_kernel_sweep.sh
  2217904 uv run -m src_dreamerv3.dreamer --configs atari100k --task atari_frostbite --dynamics_type vta --seed 0 --logdir /home/haselab/projects/stable-deep-world-model/logs/content_kl_kernelsize/runs/20260206_153820/atari_frostbite_vta_k5_seed0 --device cuda:0 --steps 120000 --eval_every 20000 --log_every 20000 --eval_episode_num 1 --compile False --vta_post_boundary_kernel_size 5
  2217910 /home/haselab/projects/stable-deep-world-model/.venv/bin/python3 -m src_dreamerv3.dreamer --configs atari100k --task atari_frostbite --dynamics_type vta --seed 0 --logdir /home/haselab/projects/stable-deep-world-model/logs/content_kl_kernelsize/runs/20260206_153820/atari_frostbite_vta_k5_seed0 --device cuda:0 --steps 120000 --eval_every 20000 --log_every 20000 --eval_episode_num 1 --compile False --vta_post_boundary_kernel_size 5
[2026-02-06 22:42:10] Waiting... matched processes:
  1985470 bash ./logs/content_kl_kernelsize/run_content_kl_kernel_sweep.sh
  2217904 uv run -m src_dreamerv3.dreamer --configs atari100k --task atari_frostbite --dynamics_type vta --seed 0 --logdir /home/haselab/projects/stable-deep-world-model/logs/content_kl_kernelsize/runs/20260206_153820/atari_frostbite_vta_k5_seed0 --device cuda:0 --steps 120000 --eval_every 20000 --log_every 20000 --eval_episode_num 1 --compile False --vta_post_boundary_kernel_size 5
  2217910 /home/haselab/projects/stable-deep-world-model/.venv/bin/python3 -m src_dreamerv3.dreamer --configs atari100k --task atari_frostbite --dynamics_type vta --seed 0 --logdir /home/haselab/projects/stable-deep-world-model/logs/content_kl_kernelsize/runs/20260206_153820/atari_frostbite_vta_k5_seed0 --device cuda:0 --steps 120000 --eval_every 20000 --log_every 20000 --eval_episode_num 1 --compile False --vta_post_boundary_kernel_size 5
[2026-02-06 22:43:10] Waiting... matched processes:
  1985470 bash ./logs/content_kl_kernelsize/run_content_kl_kernel_sweep.sh
  2217904 uv run -m src_dreamerv3.dreamer --configs atari100k --task atari_frostbite --dynamics_type vta --seed 0 --logdir /home/haselab/projects/stable-deep-world-model/logs/content_kl_kernelsize/runs/20260206_153820/atari_frostbite_vta_k5_seed0 --device cuda:0 --steps 120000 --eval_every 20000 --log_every 20000 --eval_episode_num 1 --compile False --vta_post_boundary_kernel_size 5
  2217910 /home/haselab/projects/stable-deep-world-model/.venv/bin/python3 -m src_dreamerv3.dreamer --configs atari100k --task atari_frostbite --dynamics_type vta --seed 0 --logdir /home/haselab/projects/stable-deep-world-model/logs/content_kl_kernelsize/runs/20260206_153820/atari_frostbite_vta_k5_seed0 --device cuda:0 --steps 120000 --eval_every 20000 --log_every 20000 --eval_episode_num 1 --compile False --vta_post_boundary_kernel_size 5
[2026-02-06 22:44:10] Waiting... matched processes:
  1985470 bash ./logs/content_kl_kernelsize/run_content_kl_kernel_sweep.sh
  2217904 uv run -m src_dreamerv3.dreamer --configs atari100k --task atari_frostbite --dynamics_type vta --seed 0 --logdir /home/haselab/projects/stable-deep-world-model/logs/content_kl_kernelsize/runs/20260206_153820/atari_frostbite_vta_k5_seed0 --device cuda:0 --steps 120000 --eval_every 20000 --log_every 20000 --eval_episode_num 1 --compile False --vta_post_boundary_kernel_size 5
  2217910 /home/haselab/projects/stable-deep-world-model/.venv/bin/python3 -m src_dreamerv3.dreamer --configs atari100k --task atari_frostbite --dynamics_type vta --seed 0 --logdir /home/haselab/projects/stable-deep-world-model/logs/content_kl_kernelsize/runs/20260206_153820/atari_frostbite_vta_k5_seed0 --device cuda:0 --steps 120000 --eval_every 20000 --log_every 20000 --eval_episode_num 1 --compile False --vta_post_boundary_kernel_size 5
[2026-02-06 22:45:10] Waiting... matched processes:
  1985470 bash ./logs/content_kl_kernelsize/run_content_kl_kernel_sweep.sh
  2217904 uv run -m src_dreamerv3.dreamer --configs atari100k --task atari_frostbite --dynamics_type vta --seed 0 --logdir /home/haselab/projects/stable-deep-world-model/logs/content_kl_kernelsize/runs/20260206_153820/atari_frostbite_vta_k5_seed0 --device cuda:0 --steps 120000 --eval_every 20000 --log_every 20000 --eval_episode_num 1 --compile False --vta_post_boundary_kernel_size 5
  2217910 /home/haselab/projects/stable-deep-world-model/.venv/bin/python3 -m src_dreamerv3.dreamer --configs atari100k --task atari_frostbite --dynamics_type vta --seed 0 --logdir /home/haselab/projects/stable-deep-world-model/logs/content_kl_kernelsize/runs/20260206_153820/atari_frostbite_vta_k5_seed0 --device cuda:0 --steps 120000 --eval_every 20000 --log_every 20000 --eval_episode_num 1 --compile False --vta_post_boundary_kernel_size 5
[2026-02-06 22:46:10] Waiting... matched processes:
  1985470 bash ./logs/content_kl_kernelsize/run_content_kl_kernel_sweep.sh
  2217904 uv run -m src_dreamerv3.dreamer --configs atari100k --task atari_frostbite --dynamics_type vta --seed 0 --logdir /home/haselab/projects/stable-deep-world-model/logs/content_kl_kernelsize/runs/20260206_153820/atari_frostbite_vta_k5_seed0 --device cuda:0 --steps 120000 --eval_every 20000 --log_every 20000 --eval_episode_num 1 --compile False --vta_post_boundary_kernel_size 5
  2217910 /home/haselab/projects/stable-deep-world-model/.venv/bin/python3 -m src_dreamerv3.dreamer --configs atari100k --task atari_frostbite --dynamics_type vta --seed 0 --logdir /home/haselab/projects/stable-deep-world-model/logs/content_kl_kernelsize/runs/20260206_153820/atari_frostbite_vta_k5_seed0 --device cuda:0 --steps 120000 --eval_every 20000 --log_every 20000 --eval_episode_num 1 --compile False --vta_post_boundary_kernel_size 5
[2026-02-06 22:47:10] Waiting... matched processes:
  1985470 bash ./logs/content_kl_kernelsize/run_content_kl_kernel_sweep.sh
  2217904 uv run -m src_dreamerv3.dreamer --configs atari100k --task atari_frostbite --dynamics_type vta --seed 0 --logdir /home/haselab/projects/stable-deep-world-model/logs/content_kl_kernelsize/runs/20260206_153820/atari_frostbite_vta_k5_seed0 --device cuda:0 --steps 120000 --eval_every 20000 --log_every 20000 --eval_episode_num 1 --compile False --vta_post_boundary_kernel_size 5
  2217910 /home/haselab/projects/stable-deep-world-model/.venv/bin/python3 -m src_dreamerv3.dreamer --configs atari100k --task atari_frostbite --dynamics_type vta --seed 0 --logdir /home/haselab/projects/stable-deep-world-model/logs/content_kl_kernelsize/runs/20260206_153820/atari_frostbite_vta_k5_seed0 --device cuda:0 --steps 120000 --eval_every 20000 --log_every 20000 --eval_episode_num 1 --compile False --vta_post_boundary_kernel_size 5
[2026-02-06 22:48:10] Waiting... matched processes:
  1985470 bash ./logs/content_kl_kernelsize/run_content_kl_kernel_sweep.sh
  2217904 uv run -m src_dreamerv3.dreamer --configs atari100k --task atari_frostbite --dynamics_type vta --seed 0 --logdir /home/haselab/projects/stable-deep-world-model/logs/content_kl_kernelsize/runs/20260206_153820/atari_frostbite_vta_k5_seed0 --device cuda:0 --steps 120000 --eval_every 20000 --log_every 20000 --eval_episode_num 1 --compile False --vta_post_boundary_kernel_size 5
  2217910 /home/haselab/projects/stable-deep-world-model/.venv/bin/python3 -m src_dreamerv3.dreamer --configs atari100k --task atari_frostbite --dynamics_type vta --seed 0 --logdir /home/haselab/projects/stable-deep-world-model/logs/content_kl_kernelsize/runs/20260206_153820/atari_frostbite_vta_k5_seed0 --device cuda:0 --steps 120000 --eval_every 20000 --log_every 20000 --eval_episode_num 1 --compile False --vta_post_boundary_kernel_size 5
[2026-02-06 22:49:10] Waiting... matched processes:
  1985470 bash ./logs/content_kl_kernelsize/run_content_kl_kernel_sweep.sh
  2217904 uv run -m src_dreamerv3.dreamer --configs atari100k --task atari_frostbite --dynamics_type vta --seed 0 --logdir /home/haselab/projects/stable-deep-world-model/logs/content_kl_kernelsize/runs/20260206_153820/atari_frostbite_vta_k5_seed0 --device cuda:0 --steps 120000 --eval_every 20000 --log_every 20000 --eval_episode_num 1 --compile False --vta_post_boundary_kernel_size 5
  2217910 /home/haselab/projects/stable-deep-world-model/.venv/bin/python3 -m src_dreamerv3.dreamer --configs atari100k --task atari_frostbite --dynamics_type vta --seed 0 --logdir /home/haselab/projects/stable-deep-world-model/logs/content_kl_kernelsize/runs/20260206_153820/atari_frostbite_vta_k5_seed0 --device cuda:0 --steps 120000 --eval_every 20000 --log_every 20000 --eval_episode_num 1 --compile False --vta_post_boundary_kernel_size 5
[2026-02-06 22:50:10] Waiting... matched processes:
  1985470 bash ./logs/content_kl_kernelsize/run_content_kl_kernel_sweep.sh
  2217904 uv run -m src_dreamerv3.dreamer --configs atari100k --task atari_frostbite --dynamics_type vta --seed 0 --logdir /home/haselab/projects/stable-deep-world-model/logs/content_kl_kernelsize/runs/20260206_153820/atari_frostbite_vta_k5_seed0 --device cuda:0 --steps 120000 --eval_every 20000 --log_every 20000 --eval_episode_num 1 --compile False --vta_post_boundary_kernel_size 5
  2217910 /home/haselab/projects/stable-deep-world-model/.venv/bin/python3 -m src_dreamerv3.dreamer --configs atari100k --task atari_frostbite --dynamics_type vta --seed 0 --logdir /home/haselab/projects/stable-deep-world-model/logs/content_kl_kernelsize/runs/20260206_153820/atari_frostbite_vta_k5_seed0 --device cuda:0 --steps 120000 --eval_every 20000 --log_every 20000 --eval_episode_num 1 --compile False --vta_post_boundary_kernel_size 5
[2026-02-06 22:51:10] Waiting... matched processes:
  1985470 bash ./logs/content_kl_kernelsize/run_content_kl_kernel_sweep.sh
  2217904 uv run -m src_dreamerv3.dreamer --configs atari100k --task atari_frostbite --dynamics_type vta --seed 0 --logdir /home/haselab/projects/stable-deep-world-model/logs/content_kl_kernelsize/runs/20260206_153820/atari_frostbite_vta_k5_seed0 --device cuda:0 --steps 120000 --eval_every 20000 --log_every 20000 --eval_episode_num 1 --compile False --vta_post_boundary_kernel_size 5
  2217910 /home/haselab/projects/stable-deep-world-model/.venv/bin/python3 -m src_dreamerv3.dreamer --configs atari100k --task atari_frostbite --dynamics_type vta --seed 0 --logdir /home/haselab/projects/stable-deep-world-model/logs/content_kl_kernelsize/runs/20260206_153820/atari_frostbite_vta_k5_seed0 --device cuda:0 --steps 120000 --eval_every 20000 --log_every 20000 --eval_episode_num 1 --compile False --vta_post_boundary_kernel_size 5
[2026-02-06 22:52:10] Waiting... matched processes:
  1985470 bash ./logs/content_kl_kernelsize/run_content_kl_kernel_sweep.sh
  2217904 uv run -m src_dreamerv3.dreamer --configs atari100k --task atari_frostbite --dynamics_type vta --seed 0 --logdir /home/haselab/projects/stable-deep-world-model/logs/content_kl_kernelsize/runs/20260206_153820/atari_frostbite_vta_k5_seed0 --device cuda:0 --steps 120000 --eval_every 20000 --log_every 20000 --eval_episode_num 1 --compile False --vta_post_boundary_kernel_size 5
  2217910 /home/haselab/projects/stable-deep-world-model/.venv/bin/python3 -m src_dreamerv3.dreamer --configs atari100k --task atari_frostbite --dynamics_type vta --seed 0 --logdir /home/haselab/projects/stable-deep-world-model/logs/content_kl_kernelsize/runs/20260206_153820/atari_frostbite_vta_k5_seed0 --device cuda:0 --steps 120000 --eval_every 20000 --log_every 20000 --eval_episode_num 1 --compile False --vta_post_boundary_kernel_size 5
[2026-02-06 22:53:10] Waiting... matched processes:
  
[2026-02-06 22:54:10] Waiting... matched processes:
  
[2026-02-06 22:55:10] Waiting... matched processes:
  
[2026-02-06 22:56:10] Waiting... matched processes:
  
[2026-02-06 22:57:10] Waiting... matched processes:
  
[2026-02-06 22:58:10] Waiting... matched processes:
  
[2026-02-06 22:59:10] Waiting... matched processes:
  
[2026-02-06 23:00:10] Waiting... matched processes:
  
[2026-02-06 23:01:10] Waiting... matched processes:
  
[2026-02-06 23:02:10] Waiting... matched processes:
  
[2026-02-06 23:03:10] Waiting... matched processes:
  
[2026-02-06 23:04:11] Waiting... matched processes:
  
[2026-02-06 23:05:11] Waiting... matched processes:
  
[2026-02-06 23:06:11] Waiting... matched processes:
  
[2026-02-06 23:07:11] Waiting... matched processes:
  
[2026-02-06 23:08:11] Waiting... matched processes:
  
[2026-02-06 23:09:11] Waiting... matched processes:
  
[2026-02-06 23:10:11] Waiting... matched processes:
  
[2026-02-06 23:11:11] Waiting... matched processes:
  
[2026-02-06 23:12:11] Waiting... matched processes:
  
[2026-02-06 23:13:11] Waiting... matched processes:
  
[2026-02-06 23:14:11] Waiting... matched processes:
  
[2026-02-06 23:15:11] Waiting... matched processes:
  
[2026-02-06 23:16:11] Waiting... matched processes:
  
[2026-02-06 23:17:11] Waiting... matched processes:
  
[2026-02-06 23:18:11] Waiting... matched processes:
  
[2026-02-06 23:19:11] Waiting... matched processes:
  
[2026-02-06 23:20:11] Waiting... matched processes:
  
[2026-02-06 23:21:11] Waiting... matched processes:
  
[2026-02-06 23:22:11] Waiting... matched processes:
  
[2026-02-06 23:23:11] Waiting... matched processes:
  
[2026-02-06 23:24:11] Waiting... matched processes:
  
[2026-02-06 23:25:11] Waiting... matched processes:
  
[2026-02-06 23:26:11] Waiting... matched processes:
  
[2026-02-06 23:27:11] Waiting... matched processes:
  
[2026-02-06 23:28:11] Waiting... matched processes:
  
[2026-02-06 23:29:11] Waiting... matched processes:
  
[2026-02-06 23:30:11] Waiting... matched processes:
  
[2026-02-06 23:31:11] Waiting... matched processes:
  
[2026-02-06 23:32:11] Waiting... matched processes:
  
[2026-02-06 23:33:11] Waiting... matched processes:
  
[2026-02-06 23:34:11] Waiting... matched processes:
  
[2026-02-06 23:35:11] Waiting... matched processes:
  
[2026-02-06 23:36:11] Waiting... matched processes:
  
[2026-02-06 23:37:11] Waiting... matched processes:
  
[2026-02-06 23:38:11] Waiting... matched processes:
  
[2026-02-06 23:39:11] Waiting... matched processes:
  
[2026-02-06 23:40:11] Waiting... matched processes:
  
[2026-02-06 23:41:11] Waiting... matched processes:
  
[2026-02-06 23:42:11] Waiting... matched processes:
  
[2026-02-06 23:43:11] Waiting... matched processes:
  
[2026-02-06 23:44:12] Waiting... matched processes:
  
[2026-02-06 23:45:12] Waiting... matched processes:
  
[2026-02-06 23:46:12] Waiting... matched processes:
  
[2026-02-06 23:47:12] Waiting... matched processes:
  
[2026-02-06 23:48:12] Waiting... matched processes:
  
[2026-02-06 23:49:12] Waiting... matched processes:
  
[2026-02-06 23:50:12] Waiting... matched processes:
  
[2026-02-06 23:51:12] Waiting... matched processes:
  
[2026-02-06 23:52:12] Waiting... matched processes:
  
[2026-02-06 23:53:12] Waiting... matched processes:
  
[2026-02-06 23:54:12] Waiting... matched processes:
  
[2026-02-06 23:55:12] Waiting... matched processes:
  
[2026-02-06 23:56:12] Waiting... matched processes:
  
[2026-02-06 23:57:12] Waiting... matched processes:
  
[2026-02-06 23:58:12] Waiting... matched processes:
  
[2026-02-06 23:59:12] Waiting... matched processes:
  
[2026-02-07 00:00:12] Waiting... matched processes:
  
[2026-02-07 00:01:12] Waiting... matched processes:
  
[2026-02-07 00:02:12] Waiting... matched processes:
  
[2026-02-07 00:03:12] Waiting... matched processes:
  
[2026-02-07 00:04:12] Waiting... matched processes:
  
[2026-02-07 00:05:12] Waiting... matched processes:
  
[2026-02-07 00:06:12] Waiting... matched processes:
  
[2026-02-07 00:07:12] Waiting... matched processes:
  
[2026-02-07 00:08:12] Waiting... matched processes:
  
[2026-02-07 00:09:12] Waiting... matched processes:
  
[2026-02-07 00:10:12] Waiting... matched processes:
  
[2026-02-07 00:11:12] Waiting... matched processes:
  
[2026-02-07 00:12:12] Waiting... matched processes:
  
[2026-02-07 00:13:12] Waiting... matched processes:
  
[2026-02-07 00:14:12] Waiting... matched processes:
  
[2026-02-07 00:15:12] Waiting... matched processes:
  
[2026-02-07 00:16:12] Waiting... matched processes:
  
[2026-02-07 00:17:12] Waiting... matched processes:
  
[2026-02-07 00:18:12] Waiting... matched processes:
  
[2026-02-07 00:19:12] Waiting... matched processes:
  
[2026-02-07 00:20:12] Waiting... matched processes:
  
[2026-02-07 00:21:12] Waiting... matched processes:
  
[2026-02-07 00:22:12] Waiting... matched processes:
  
[2026-02-07 00:23:12] Waiting... matched processes:
  
[2026-02-07 00:24:12] Waiting... matched processes:
  
[2026-02-07 00:25:13] Waiting... matched processes:
  
[2026-02-07 00:26:13] Waiting... matched processes:
  
[2026-02-07 00:27:13] Waiting... matched processes:
  
[2026-02-07 00:28:13] Waiting... matched processes:
  
[2026-02-07 00:29:13] Waiting... matched processes:
  
[2026-02-07 00:30:13] Waiting... matched processes:
  
[2026-02-07 00:31:13] Waiting... matched processes:
  
[2026-02-07 00:32:13] Waiting... matched processes:
  
[2026-02-07 00:33:13] Waiting... matched processes:
  
[2026-02-07 00:34:13] Waiting... matched processes:
  
[2026-02-07 00:35:13] Waiting... matched processes:
  
[2026-02-07 00:36:13] Waiting... matched processes:
  
[2026-02-07 00:37:13] Waiting... matched processes:
  
[2026-02-07 00:38:13] Waiting... matched processes:
  
[2026-02-07 00:39:13] Waiting... matched processes:
  
[2026-02-07 00:40:13] Waiting... matched processes:
  
[2026-02-07 00:41:13] Waiting... matched processes:
  
[2026-02-07 00:42:13] Waiting... matched processes:
  
[2026-02-07 00:43:13] Waiting... matched processes:
  
[2026-02-07 00:44:13] Waiting... matched processes:
  
[2026-02-07 00:45:13] Waiting... matched processes:
  
[2026-02-07 00:46:13] Waiting... matched processes:
  
[2026-02-07 00:47:13] Waiting... matched processes:
  
[2026-02-07 00:48:13] Waiting... matched processes:
  
[2026-02-07 00:49:13] Waiting... matched processes:
  
[2026-02-07 00:50:13] Waiting... matched processes:
  
[2026-02-07 00:51:13] Waiting... matched processes:
  
[2026-02-07 00:52:13] Waiting... matched processes:
  
[2026-02-07 00:53:13] Waiting... matched processes:
  
[2026-02-07 00:54:13] Waiting... matched processes:
  
[2026-02-07 00:55:13] Waiting... matched processes:
  
[2026-02-07 00:56:13] Waiting... matched processes:
  
[2026-02-07 00:57:13] Waiting... matched processes:
  
[2026-02-07 00:58:13] Waiting... matched processes:
  
[2026-02-07 00:59:13] Waiting... matched processes:
  
[2026-02-07 01:00:13] Waiting... matched processes:
  
[2026-02-07 01:01:13] Waiting... matched processes:
  
[2026-02-07 01:02:13] Waiting... matched processes:
  
[2026-02-07 01:03:13] Waiting... matched processes:
  
[2026-02-07 01:04:13] Waiting... matched processes:
  
[2026-02-07 01:05:13] Waiting... matched processes:
  
[2026-02-07 01:06:14] Waiting... matched processes:
  
[2026-02-07 01:07:14] Waiting... matched processes:
  
[2026-02-07 01:08:14] Waiting... matched processes:
  
[2026-02-07 01:09:14] Waiting... matched processes:
  
[2026-02-07 01:10:14] Waiting... matched processes:
  
[2026-02-07 01:11:14] Waiting... matched processes:
  
[2026-02-07 01:12:14] Waiting... matched processes:
  
[2026-02-07 01:13:14] Waiting... matched processes:
  
[2026-02-07 01:14:14] Waiting... matched processes:
  
[2026-02-07 01:15:14] Waiting... matched processes:
  
[2026-02-07 01:16:14] Waiting... matched processes:
  
[2026-02-07 01:17:14] Waiting... matched processes:
  
[2026-02-07 01:18:14] Waiting... matched processes:
  
[2026-02-07 01:19:14] Waiting... matched processes:
  
[2026-02-07 01:20:14] Waiting... matched processes:
  
[2026-02-07 01:21:14] Waiting... matched processes:
  
[2026-02-07 01:22:14] Waiting... matched processes:
  
[2026-02-07 01:23:14] Waiting... matched processes:
  
[2026-02-07 01:24:14] Waiting... matched processes:
  
[2026-02-07 01:25:14] Waiting... matched processes:
  
[2026-02-07 01:26:14] Waiting... matched processes:
  
[2026-02-07 01:27:14] Waiting... matched processes:
  
[2026-02-07 01:28:14] Waiting... matched processes:
  
[2026-02-07 01:29:14] Waiting... matched processes:
  
[2026-02-07 01:30:14] Waiting... matched processes:
  
[2026-02-07 01:31:14] Waiting... matched processes:
  
[2026-02-07 01:32:14] Waiting... matched processes:
  
[2026-02-07 01:33:14] Waiting... matched processes:
  
[2026-02-07 01:34:14] Waiting... matched processes:
  
[2026-02-07 01:35:14] Waiting... matched processes:
  
[2026-02-07 01:36:14] Waiting... matched processes:
  
[2026-02-07 01:37:14] Waiting... matched processes:
  
[2026-02-07 01:38:14] Waiting... matched processes:
  
[2026-02-07 01:39:14] Waiting... matched processes:
  
[2026-02-07 01:40:14] Waiting... matched processes:
  
[2026-02-07 01:41:14] Waiting... matched processes:
  
[2026-02-07 01:42:14] Waiting... matched processes:
  
[2026-02-07 01:43:14] Waiting... matched processes:
  
[2026-02-07 01:44:14] Waiting... matched processes:
  
[2026-02-07 01:45:14] Waiting... matched processes:
  
[2026-02-07 01:46:15] Waiting... matched processes:
  
[2026-02-07 01:47:15] Waiting... matched processes:
  
[2026-02-07 01:48:15] Waiting... matched processes:
  
[2026-02-07 01:49:15] Waiting... matched processes:
  
[2026-02-07 01:50:15] Waiting... matched processes:
  
[2026-02-07 01:51:15] Waiting... matched processes:
  
[2026-02-07 01:52:15] Waiting... matched processes:
  
[2026-02-07 01:53:15] Waiting... matched processes:
  
[2026-02-07 01:54:15] Waiting... matched processes:
  
[2026-02-07 01:55:15] Waiting... matched processes:
  
[2026-02-07 01:56:15] Waiting... matched processes:
  
[2026-02-07 01:57:15] Waiting... matched processes:
  
[2026-02-07 01:58:15] Waiting... matched processes:
  
[2026-02-07 01:59:15] Waiting... matched processes:
  
[2026-02-07 02:00:15] Waiting... matched processes:
  
[2026-02-07 02:01:15] Waiting... matched processes:
  
[2026-02-07 02:02:15] Waiting... matched processes:
  
[2026-02-07 02:03:15] Waiting... matched processes:
  
[2026-02-07 02:04:15] Waiting... matched processes:
  
[2026-02-07 02:05:15] Waiting... matched processes:
  
[2026-02-07 02:06:15] Waiting... matched processes:
  
[2026-02-07 02:07:15] Waiting... matched processes:
  
[2026-02-07 02:08:15] Waiting... matched processes:
  
[2026-02-07 02:09:15] Waiting... matched processes:
  
[2026-02-07 02:10:15] Waiting... matched processes:
  
[2026-02-07 02:11:15] Waiting... matched processes:
  
[2026-02-07 02:12:15] Waiting... matched processes:
  
[2026-02-07 02:13:15] Waiting... matched processes:
  
[2026-02-07 02:14:15] Waiting... matched processes:
  
[2026-02-07 02:15:15] Waiting... matched processes:
  
[2026-02-07 02:16:15] Waiting... matched processes:
  
[2026-02-07 02:17:15] Waiting... matched processes:
  
[2026-02-07 02:18:15] Waiting... matched processes:
  
[2026-02-07 02:19:15] Waiting... matched processes:
  
[2026-02-07 02:20:15] Waiting... matched processes:
  
[2026-02-07 02:21:15] Waiting... matched processes:
  
[2026-02-07 02:22:15] Waiting... matched processes:
  
[2026-02-07 02:23:15] Waiting... matched processes:
  
[2026-02-07 02:24:15] Waiting... matched processes:
  
[2026-02-07 02:25:15] Waiting... matched processes:
  
[2026-02-07 02:26:16] Waiting... matched processes:
  
[2026-02-07 02:27:16] Waiting... matched processes:
  
[2026-02-07 02:28:16] Waiting... matched processes:
  
[2026-02-07 02:29:16] Waiting... matched processes:
  
[2026-02-07 02:30:16] Waiting... matched processes:
  
[2026-02-07 02:31:16] Waiting... matched processes:
  
[2026-02-07 02:32:16] Waiting... matched processes:
  
[2026-02-07 02:33:16] Waiting... matched processes:
  
[2026-02-07 02:34:16] Waiting... matched processes:
  
[2026-02-07 02:35:16] Waiting... matched processes:
  
[2026-02-07 02:36:16] Waiting... matched processes:
  
[2026-02-07 02:37:16] Waiting... matched processes:
  
[2026-02-07 02:38:16] Waiting... matched processes:
  
[2026-02-07 02:39:16] Waiting... matched processes:
  
[2026-02-07 02:40:16] Waiting... matched processes:
  
[2026-02-07 02:41:16] Waiting... matched processes:
  
[2026-02-07 02:42:16] Waiting... matched processes:
  
[2026-02-07 02:43:16] Waiting... matched processes:
  
[2026-02-07 02:44:16] Waiting... matched processes:
  
[2026-02-07 02:45:16] Waiting... matched processes:
  
[2026-02-07 02:46:16] Waiting... matched processes:
  
[2026-02-07 02:47:16] Waiting... matched processes:
  
[2026-02-07 02:48:16] Waiting... matched processes:
  
[2026-02-07 02:49:16] Waiting... matched processes:
  
[2026-02-07 02:50:16] Waiting... matched processes:
  
[2026-02-07 02:51:16] Waiting... matched processes:
  
[2026-02-07 02:52:16] Waiting... matched processes:
  
[2026-02-07 02:53:16] Waiting... matched processes:
  
[2026-02-07 02:54:16] Waiting... matched processes:
  
[2026-02-07 02:55:16] Waiting... matched processes:
  
[2026-02-07 02:56:16] Waiting... matched processes:
  
[2026-02-07 02:57:16] Waiting... matched processes:
  
[2026-02-07 02:58:16] Waiting... matched processes:
  
[2026-02-07 02:59:16] Waiting... matched processes:
  
[2026-02-07 03:00:16] Waiting... matched processes:
  
[2026-02-07 03:01:16] Waiting... matched processes:
  
[2026-02-07 03:02:16] Waiting... matched processes:
  
[2026-02-07 03:03:16] Waiting... matched processes:
  
[2026-02-07 03:04:16] Waiting... matched processes:
  
[2026-02-07 03:05:16] Waiting... matched processes:
  
[2026-02-07 03:06:16] Waiting... matched processes:
  
[2026-02-07 03:07:17] Waiting... matched processes:
  
[2026-02-07 03:08:17] Waiting... matched processes:
  
[2026-02-07 03:09:17] Waiting... matched processes:
  
[2026-02-07 03:10:17] Waiting... matched processes:
  
[2026-02-07 03:11:17] Waiting... matched processes:
  
[2026-02-07 03:12:17] Waiting... matched processes:
  
[2026-02-07 03:13:17] Waiting... matched processes:
  
[2026-02-07 03:14:17] Waiting... matched processes:
  
[2026-02-07 03:15:17] Waiting... matched processes:
  
[2026-02-07 03:16:17] Waiting... matched processes:
  
[2026-02-07 03:17:17] Waiting... matched processes:
  
[2026-02-07 03:18:17] Waiting... matched processes:
  
[2026-02-07 03:19:17] Waiting... matched processes:
  
[2026-02-07 03:20:17] Waiting... matched processes:
  
[2026-02-07 03:21:17] Waiting... matched processes:
  
[2026-02-07 03:22:17] Waiting... matched processes:
  
[2026-02-07 03:23:17] Waiting... matched processes:
  
[2026-02-07 03:24:17] Waiting... matched processes:
  
[2026-02-07 03:25:17] Waiting... matched processes:
  
[2026-02-07 03:26:17] Waiting... matched processes:
  
[2026-02-07 03:27:17] Waiting... matched processes:
  
[2026-02-07 03:28:17] Waiting... matched processes:
  
[2026-02-07 03:29:17] Waiting... matched processes:
  
[2026-02-07 03:30:17] Waiting... matched processes:
  
[2026-02-07 03:31:17] Waiting... matched processes:
  
[2026-02-07 03:32:17] Waiting... matched processes:
  
[2026-02-07 03:33:17] Waiting... matched processes:
  
[2026-02-07 03:34:17] Waiting... matched processes:
  
[2026-02-07 03:35:17] Waiting... matched processes:
  
[2026-02-07 03:36:17] Waiting... matched processes:
  
[2026-02-07 03:37:17] Waiting... matched processes:
  
[2026-02-07 03:38:17] Waiting... matched processes:
  
[2026-02-07 03:39:17] Waiting... matched processes:
  
[2026-02-07 03:40:17] Waiting... matched processes:
  
[2026-02-07 03:41:17] Waiting... matched processes:
  
[2026-02-07 03:42:17] Waiting... matched processes:
  
[2026-02-07 03:43:17] Waiting... matched processes:
  
[2026-02-07 03:44:17] Waiting... matched processes:
  
[2026-02-07 03:45:17] Waiting... matched processes:
  
[2026-02-07 03:46:17] Waiting... matched processes:
  
[2026-02-07 03:47:17] Waiting... matched processes:
  
[2026-02-07 03:48:18] Waiting... matched processes:
  
[2026-02-07 03:49:18] Waiting... matched processes:
  
[2026-02-07 03:50:18] Waiting... matched processes:
  
[2026-02-07 03:51:18] Waiting... matched processes:
  
[2026-02-07 03:52:18] Waiting... matched processes:
  
[2026-02-07 03:53:18] Waiting... matched processes:
  
[2026-02-07 03:54:18] Waiting... matched processes:
  
[2026-02-07 03:55:18] Waiting... matched processes:
  
[2026-02-07 03:56:18] Waiting... matched processes:
  
[2026-02-07 03:57:18] Waiting... matched processes:
  
[2026-02-07 03:58:18] Waiting... matched processes:
  
[2026-02-07 03:59:18] Waiting... matched processes:
  
[2026-02-07 04:00:18] Waiting... matched processes:
  
[2026-02-07 04:01:18] Waiting... matched processes:
  
[2026-02-07 04:02:18] Waiting... matched processes:
  
[2026-02-07 04:03:18] Waiting... matched processes:
  
[2026-02-07 04:04:18] Waiting... matched processes:
  
[2026-02-07 04:05:18] Waiting... matched processes:
  
[2026-02-07 04:06:18] Waiting... matched processes:
  
[2026-02-07 04:07:18] Waiting... matched processes:
  
[2026-02-07 04:08:18] Waiting... matched processes:
  
[2026-02-07 04:09:18] Waiting... matched processes:
  
[2026-02-07 04:10:18] Waiting... matched processes:
  
[2026-02-07 04:11:18] Waiting... matched processes:
  
[2026-02-07 04:12:18] Waiting... matched processes:
  
[2026-02-07 04:13:18] Waiting... matched processes:
  
[2026-02-07 04:14:18] Waiting... matched processes:
  
[2026-02-07 04:15:18] Waiting... matched processes:
  
[2026-02-07 04:16:18] Waiting... matched processes:
  
[2026-02-07 04:17:18] Waiting... matched processes:
  
[2026-02-07 04:18:18] Waiting... matched processes:
  
[2026-02-07 04:19:18] Waiting... matched processes:
  
[2026-02-07 04:20:18] Waiting... matched processes:
  
[2026-02-07 04:21:18] Waiting... matched processes:
  
[2026-02-07 04:22:18] Waiting... matched processes:
  
[2026-02-07 04:23:18] Waiting... matched processes:
  
[2026-02-07 04:24:18] Waiting... matched processes:
  
[2026-02-07 04:25:18] Waiting... matched processes:
  
[2026-02-07 04:26:18] Waiting... matched processes:
  
[2026-02-07 04:27:18] Waiting... matched processes:
  
[2026-02-07 04:28:19] Waiting... matched processes:
  
[2026-02-07 04:29:19] Waiting... matched processes:
  
[2026-02-07 04:30:19] Waiting... matched processes:
  
[2026-02-07 04:31:19] Waiting... matched processes:
  
[2026-02-07 04:32:19] Waiting... matched processes:
  
[2026-02-07 04:33:19] Waiting... matched processes:
  
[2026-02-07 04:34:19] Waiting... matched processes:
  
[2026-02-07 04:35:19] Waiting... matched processes:
  
[2026-02-07 04:36:19] Waiting... matched processes:
  
[2026-02-07 04:37:19] Waiting... matched processes:
  
[2026-02-07 04:38:19] Waiting... matched processes:
  
[2026-02-07 04:39:19] Waiting... matched processes:
  
[2026-02-07 04:40:19] Waiting... matched processes:
  
[2026-02-07 04:41:19] Waiting... matched processes:
  
[2026-02-07 04:42:19] Waiting... matched processes:
  
[2026-02-07 04:43:19] Waiting... matched processes:
  
[2026-02-07 04:44:19] Waiting... matched processes:
  
[2026-02-07 04:45:19] Waiting... matched processes:
  
[2026-02-07 04:46:19] Waiting... matched processes:
  
[2026-02-07 04:47:19] Waiting... matched processes:
  
[2026-02-07 04:48:19] Waiting... matched processes:
  
[2026-02-07 04:49:19] Waiting... matched processes:
  
[2026-02-07 04:50:19] Waiting... matched processes:
  
[2026-02-07 04:51:19] Waiting... matched processes:
  
[2026-02-07 04:52:19] Waiting... matched processes:
  
[2026-02-07 04:53:19] Waiting... matched processes:
  
[2026-02-07 04:54:19] Waiting... matched processes:
  
[2026-02-07 04:55:19] Waiting... matched processes:
  
[2026-02-07 04:56:19] Waiting... matched processes:
  
[2026-02-07 04:57:19] Waiting... matched processes:
  
[2026-02-07 04:58:19] Waiting... matched processes:
  
[2026-02-07 04:59:19] Waiting... matched processes:
  
[2026-02-07 05:00:19] Waiting... matched processes:
  
[2026-02-07 05:01:19] Waiting... matched processes:
  
[2026-02-07 05:02:19] Waiting... matched processes:
  
[2026-02-07 05:03:19] Waiting... matched processes:
  
[2026-02-07 05:04:19] Waiting... matched processes:
  
[2026-02-07 05:05:19] Waiting... matched processes:
  
[2026-02-07 05:06:19] Waiting... matched processes:
  
[2026-02-07 05:07:19] Waiting... matched processes:
  
[2026-02-07 05:08:20] Waiting... matched processes:
  
[2026-02-07 05:09:20] Waiting... matched processes:
  
[2026-02-07 05:10:20] Waiting... matched processes:
  
[2026-02-07 05:11:20] Waiting... matched processes:
  
[2026-02-07 05:12:20] Waiting... matched processes:
  
[2026-02-07 05:13:20] Waiting... matched processes:
  
[2026-02-07 05:14:20] Waiting... matched processes:
  
[2026-02-07 05:15:20] Waiting... matched processes:
  
[2026-02-07 05:16:20] Waiting... matched processes:
  
[2026-02-07 05:17:20] Waiting... matched processes:
  
[2026-02-07 05:18:20] Waiting... matched processes:
  
[2026-02-07 05:19:20] Waiting... matched processes:
  
[2026-02-07 05:20:20] Waiting... matched processes:
  
[2026-02-07 05:21:20] Waiting... matched processes:
  
[2026-02-07 05:22:20] Waiting... matched processes:
  
[2026-02-07 05:23:20] Waiting... matched processes:
  
[2026-02-07 05:24:20] Waiting... matched processes:
  
[2026-02-07 05:25:20] Waiting... matched processes:
  
[2026-02-07 05:26:20] Waiting... matched processes:
  
[2026-02-07 05:27:20] Waiting... matched processes:
  
[2026-02-07 05:28:20] Waiting... matched processes:
  
[2026-02-07 05:29:20] Waiting... matched processes:
  
[2026-02-07 05:30:20] Waiting... matched processes:
  
[2026-02-07 05:31:20] Waiting... matched processes:
  
[2026-02-07 05:32:20] Waiting... matched processes:
  
[2026-02-07 05:33:20] Waiting... matched processes:
  
[2026-02-07 05:34:20] Waiting... matched processes:
  
[2026-02-07 05:35:20] Waiting... matched processes:
  
[2026-02-07 05:36:20] Waiting... matched processes:
  
[2026-02-07 05:37:20] Waiting... matched processes:
  
[2026-02-07 05:38:20] Waiting... matched processes:
  
[2026-02-07 05:39:20] Waiting... matched processes:
  
[2026-02-07 05:40:20] Waiting... matched processes:
  
[2026-02-07 05:41:20] Waiting... matched processes:
  
[2026-02-07 05:42:20] Waiting... matched processes:
  
[2026-02-07 05:43:20] Waiting... matched processes:
  
[2026-02-07 05:44:20] Waiting... matched processes:
  
[2026-02-07 05:45:20] Waiting... matched processes:
  
[2026-02-07 05:46:20] Waiting... matched processes:
  
[2026-02-07 05:47:20] Waiting... matched processes:
  
[2026-02-07 05:48:21] Waiting... matched processes:
  
[2026-02-07 05:49:21] Waiting... matched processes:
  
[2026-02-07 05:50:21] Waiting... matched processes:
  
[2026-02-07 05:51:21] Waiting... matched processes:
  
[2026-02-07 05:52:21] Waiting... matched processes:
  
[2026-02-07 05:53:21] Waiting... matched processes:
  
[2026-02-07 05:54:21] Waiting... matched processes:
  
[2026-02-07 05:55:21] Waiting... matched processes:
  
[2026-02-07 05:56:21] Waiting... matched processes:
  
[2026-02-07 05:57:21] Waiting... matched processes:
  
[2026-02-07 05:58:21] Waiting... matched processes:
  
[2026-02-07 05:59:21] Waiting... matched processes:
  
[2026-02-07 06:00:21] Waiting... matched processes:
  
[2026-02-07 06:00:41] Queue script started
[2026-02-07 06:00:41] WAIT_PATTERN=run_content_kl_kernel_sweep.sh|src_dreamerv3\.dreamer.*atari_frostbite
[2026-02-07 06:00:41] RUN_TAG=20260207_060041_krull_private_eye
[2026-02-07 06:00:41] No matching running process found. Start queued tasks.
[2026-02-07 06:00:41] Start queued TASK=atari_krull
[INFO] Project root: /home/haselab/projects/stable-deep-world-model
[INFO] Runs dir:     /home/haselab/projects/stable-deep-world-model/logs/content_kl_kernelsize/runs/20260207_060041_krull_private_eye
[INFO] Task:         atari_krull
[INFO] Kernels:      1 3 5
[INFO] Device:       cuda:0 (CUDA_VISIBLE_DEVICES=0)
[INFO] Steps:        120000

============================================================
[RUN] kernel_size=1
[RUN] logdir=/home/haselab/projects/stable-deep-world-model/logs/content_kl_kernelsize/runs/20260207_060041_krull_private_eye/atari_krull_vta_k1_seed0
============================================================
[2026-02-07 06:01:34] Queue script started
[2026-02-07 06:01:34] WAIT_PATTERN=run_content_kl_kernel_sweep.sh|src_dreamerv3\.dreamer.*atari_frostbite
[2026-02-07 06:01:34] RUN_TAG=20260207_060134_krull_private_eye
[2026-02-07 06:01:34] No matching running process found. Start queued tasks.
[2026-02-07 06:01:34] Start queued TASK=atari_krull
[INFO] Project root: /home/haselab/projects/stable-deep-world-model
[INFO] Runs dir:     /home/haselab/projects/stable-deep-world-model/logs/content_kl_kernelsize/runs/20260207_060134_krull_private_eye
[INFO] Task:         atari_krull
[INFO] Kernels:      1 3 5
[INFO] Device:       cuda:0 (CUDA_VISIBLE_DEVICES=0)
[INFO] Steps:        120000

============================================================
[RUN] kernel_size=1
[RUN] logdir=/home/haselab/projects/stable-deep-world-model/logs/content_kl_kernelsize/runs/20260207_060134_krull_private_eye/atari_krull_vta_k1_seed0
============================================================
[2026-02-07 06:06:06] Queue script started
[2026-02-07 06:06:06] WAIT_PATTERN=run_content_kl_kernel_sweep.sh|src_dreamerv3\.dreamer.*atari_frostbite
[2026-02-07 06:06:06] RUN_TAG=20260207_060134_krull_private_eye
[2026-02-07 06:06:06] No matching running process found. Start queued tasks.
[2026-02-07 06:06:06] Start queued TASK=atari_krull
[INFO] Project root: /home/haselab/projects/stable-deep-world-model
[INFO] Runs dir:     /home/haselab/projects/stable-deep-world-model/logs/content_kl_kernelsize/runs/20260207_060134_krull_private_eye
[INFO] Task:         atari_krull
[INFO] Kernels:      1 3 5
[INFO] Device:       cuda:0 (CUDA_VISIBLE_DEVICES=0)
[INFO] Steps:        120000

============================================================
[RUN] kernel_size=1
[RUN] logdir=/home/haselab/projects/stable-deep-world-model/logs/content_kl_kernelsize/runs/20260207_060134_krull_private_eye/atari_krull_vta_k1_seed0
============================================================
[2026-02-07 06:06:28] Queue script started
[2026-02-07 06:06:28] WAIT_PATTERN=run_content_kl_kernel_sweep.sh|src_dreamerv3\.dreamer.*atari_frostbite
[2026-02-07 06:06:28] RUN_TAG=20260207_060134_krull_private_eye
[2026-02-07 06:06:28] No matching running process found. Start queued tasks.
[2026-02-07 06:06:28] Start queued TASK=atari_krull
[INFO] Project root: /home/haselab/projects/stable-deep-world-model
[INFO] Runs dir:     /home/haselab/projects/stable-deep-world-model/logs/content_kl_kernelsize/runs/20260207_060134_krull_private_eye
[INFO] Task:         atari_krull
[INFO] Kernels:      1 3 5
[INFO] Device:       cuda:0 (CUDA_VISIBLE_DEVICES=0)
[INFO] Steps:        120000

============================================================
[RUN] kernel_size=1
[RUN] logdir=/home/haselab/projects/stable-deep-world-model/logs/content_kl_kernelsize/runs/20260207_060134_krull_private_eye/atari_krull_vta_k1_seed0
============================================================
[2026-02-07 06:11:33] Queue script started
[2026-02-07 06:11:33] WAIT_PATTERN=run_content_kl_kernel_sweep.sh|src_dreamerv3\.dreamer.*atari_frostbite
[2026-02-07 06:11:33] RUN_TAG=20260207_060134_krull_private_eye
[2026-02-07 06:11:33] No matching running process found. Start queued tasks.
[2026-02-07 06:11:33] Start queued TASK=atari_krull
[2026-02-07 06:11:33] Command: TASK=atari_krull RUN_TAG=20260207_060134_krull_private_eye bash /home/haselab/projects/stable-deep-world-model/logs/content_kl_kernelsize/run_content_kl_kernel_sweep.sh
[INFO] Project root: /home/haselab/projects/stable-deep-world-model
[INFO] Runs dir:     /home/haselab/projects/stable-deep-world-model/logs/content_kl_kernelsize/runs/20260207_060134_krull_private_eye
[INFO] Task:         atari_krull
[INFO] Kernels:      1 3 5
[INFO] Device:       cuda:0 (CUDA_VISIBLE_DEVICES=0)
[INFO] Steps:        120000
[INFO] Python:       /home/haselab/projects/stable-deep-world-model/.venv/bin/python3

============================================================
[RUN] kernel_size=1
[RUN] logdir=/home/haselab/projects/stable-deep-world-model/logs/content_kl_kernelsize/runs/20260207_060134_krull_private_eye/atari_krull_vta_k1_seed0
============================================================
Logdir /home/haselab/projects/stable-deep-world-model/logs/content_kl_kernelsize/runs/20260207_060134_krull_private_eye/atari_krull_vta_k1_seed0
Config saved to /home/haselab/projects/stable-deep-world-model/logs/content_kl_kernelsize/runs/20260207_060134_krull_private_eye/atari_krull_vta_k1_seed0/config.yaml
Create envs.
Action Space Box(0.0, 1.0, (18,), float32)
Prefill dataset (1054 steps).
Logger: (10000 steps).
Simulate agent.
Encoder CNN shapes: {'image': (64, 64, 3)}
Encoder MLP shapes: {}
Decoder CNN shapes: {'image': (64, 64, 3)}
Decoder MLP shapes: {}
Optimizer model_opt has 18889095 variables.
Optimizer actor_opt has 830482 variables.
Optimizer value_opt has 952063 variables.
[10000] 
Start evaluation.
[10000] eval_return 2320.0 / eval_length 1431.0 / eval_episodes 1.0
add_video needs package moviepy
Start training.
[10000] model_loss 631.8 / model_grad_norm 2614.8 / image_loss 598.4 / reward_loss 2.9 / cont_loss 0.0 / kl_free 1.0 / dyn_scale 0.5 / rep_scale 0.1 / dyn_loss 50.7 / rep_loss 50.7 / kl 50.7 / prior_abs_ent 33.2 / post_abs_ent 2.9 / prior_obs_ent 32.2 / post_obs_ent 11.1 / boundary_ratio 0.6 / kl_mask 0.0 / normed_target_mean 1.5 / normed_target_std 0.7 / normed_target_min 0.2 / normed_target_max 2.6 / EMA_005 0.1 / EMA_095 0.9 / value_mean 0.0 / value_std 0.0 / value_min 0.0 / value_max 0.0 / target_mean 2.0 / target_std 0.9 / target_min 0.3 / target_max 3.4 / imag_reward_mean 0.3 / imag_reward_std 0.0 / imag_reward_min 0.1 / imag_reward_max 0.3 / imag_action_mean 9.2 / imag_action_std 3.9 / imag_action_min 0.0 / imag_action_max 17.0 / actor_entropy 2.0 / actor_loss 3.2 / actor_grad_norm 0.4 / value_loss 9.2 / value_grad_norm 12.5 / update_count 100.0 / fps 0.0
add_video needs package moviepy
add_video needs package moviepy
[11684] dataset_size 2921.0 / train_return 2820.0 / train_length 1475.0 / train_episodes 2.0
[17516] dataset_size 4379.0 / train_return 390.0 / train_length 1458.0 / train_episodes 3.0
[27980] dataset_size 6995.0 / train_return 290.0 / train_length 2616.0 / train_episodes 4.0
[30000] 
Start evaluation.
[30000] eval_return 0.0 / eval_length 1086.0 / eval_episodes 1.0
add_video needs package moviepy
Start training.
[30000] model_loss 25.0 / model_grad_norm 65.0 / image_loss 19.6 / reward_loss 0.3 / cont_loss 0.0 / kl_free 1.0 / dyn_scale 0.5 / rep_scale 0.1 / dyn_loss 8.4 / rep_loss 8.4 / kl 8.4 / prior_abs_ent 15.6 / post_abs_ent -5.1 / prior_obs_ent 16.2 / post_obs_ent 11.7 / boundary_ratio 0.4 / kl_mask 0.0 / normed_target_mean 0.5 / normed_target_std 0.4 / normed_target_min -0.0 / normed_target_max 2.2 / EMA_005 1.5 / EMA_095 39.1 / value_mean 15.6 / value_std 9.3 / value_min 1.2 / value_max 26.5 / target_mean 19.4 / target_std 13.5 / target_min 1.2 / target_max 77.4 / imag_reward_mean 0.6 / imag_reward_std 1.3 / imag_reward_min 0.0 / imag_reward_max 10.3 / imag_action_mean 8.5 / imag_action_std 3.9 / imag_action_min 0.0 / imag_action_max 17.0 / actor_entropy 0.5 / actor_loss 1.3 / actor_grad_norm 0.4 / value_loss 3.0 / value_grad_norm 3.6 / update_count 5100.0 / fps 16.6
add_video needs package moviepy
add_video needs package moviepy
[33824] dataset_size 8456.0 / train_return 120.0 / train_length 1461.0 / train_episodes 5.0
[39736] dataset_size 9934.0 / train_return 450.0 / train_length 1478.0 / train_episodes 6.0
[48228] dataset_size 12057.0 / train_return 550.0 / train_length 2123.0 / train_episodes 7.0
[50000] 
Start evaluation.
[50000] eval_return 1100.0 / eval_length 1208.0 / eval_episodes 1.0
add_video needs package moviepy
Start training.
[50000] model_loss 14.9 / model_grad_norm 31.5 / image_loss 7.1 / reward_loss 0.1 / cont_loss 0.0 / kl_free 1.0 / dyn_scale 0.5 / rep_scale 0.1 / dyn_loss 12.9 / rep_loss 12.9 / kl 12.9 / prior_abs_ent 32.9 / post_abs_ent -17.1 / prior_obs_ent 24.0 / post_obs_ent 12.0 / boundary_ratio 0.0 / kl_mask 0.0 / normed_target_mean 0.4 / normed_target_std 0.3 / normed_target_min -0.0 / normed_target_max 1.7 / EMA_005 7.8 / EMA_095 146.6 / value_mean 62.9 / value_std 36.8 / value_min 3.0 / value_max 153.2 / target_mean 66.9 / target_std 43.3 / target_min 2.9 / target_max 241.3 / imag_reward_mean 0.6 / imag_reward_std 2.4 / imag_reward_min 0.0 / imag_reward_max 19.8 / imag_action_mean 10.6 / imag_action_std 4.6 / imag_action_min 0.0 / imag_action_max 17.0 / actor_entropy 0.4 / actor_loss 1.6 / actor_grad_norm 2.3 / value_loss 2.7 / value_grad_norm 1.4 / update_count 10100.0 / fps 16.5
add_video needs package moviepy
add_video needs package moviepy
[55616] dataset_size 13904.0 / train_return 2400.0 / train_length 1847.0 / train_episodes 8.0
[63472] dataset_size 15868.0 / train_return 960.0 / train_length 1964.0 / train_episodes 9.0
[70000] 
Start evaluation.
[70000] eval_return 14800.0 / eval_length 27000.0 / eval_episodes 1.0
add_video needs package moviepy
Start training.
[70000] model_loss 13.7 / model_grad_norm 23.1 / image_loss 4.7 / reward_loss 0.0 / cont_loss 0.0 / kl_free 1.0 / dyn_scale 0.5 / rep_scale 0.1 / dyn_loss 15.0 / rep_loss 15.0 / kl 15.0 / prior_abs_ent 33.6 / post_abs_ent -21.9 / prior_obs_ent 20.7 / post_obs_ent 6.4 / boundary_ratio 0.0 / kl_mask 0.0 / normed_target_mean 0.5 / normed_target_std 0.3 / normed_target_min -0.1 / normed_target_max 1.7 / EMA_005 28.8 / EMA_095 184.0 / value_mean 97.0 / value_std 38.5 / value_min 9.0 / value_max 206.0 / target_mean 99.9 / target_std 44.5 / target_min 9.0 / target_max 284.3 / imag_reward_mean 0.5 / imag_reward_std 2.4 / imag_reward_min 0.0 / imag_reward_max 37.8 / imag_action_mean 6.1 / imag_action_std 2.8 / imag_action_min 0.0 / imag_action_max 17.0 / actor_entropy 0.3 / actor_loss 0.7 / actor_grad_norm 1.9 / value_loss 2.1 / value_grad_norm 1.2 / update_count 15100.0 / fps 15.6
add_video needs package moviepy
add_video needs package moviepy
[73700] dataset_size 18425.0 / train_return 2350.0 / train_length 2557.0 / train_episodes 10.0
[78996] dataset_size 19749.0 / train_return 1190.0 / train_length 1324.0 / train_episodes 11.0
[87432] dataset_size 21858.0 / train_return 2340.0 / train_length 2109.0 / train_episodes 12.0
[90000] 
Start evaluation.
[90000] eval_return 640.0 / eval_length 1487.0 / eval_episodes 1.0
add_video needs package moviepy
Start training.
[90000] model_loss 12.6 / model_grad_norm 22.1 / image_loss 3.4 / reward_loss 0.0 / cont_loss 0.0 / kl_free 1.0 / dyn_scale 0.5 / rep_scale 0.1 / dyn_loss 15.3 / rep_loss 15.3 / kl 15.3 / prior_abs_ent 32.9 / post_abs_ent -24.1 / prior_obs_ent 12.9 / post_obs_ent -1.6 / boundary_ratio 0.0 / kl_mask 0.0 / normed_target_mean 0.5 / normed_target_std 0.3 / normed_target_min -0.1 / normed_target_max 1.4 / EMA_005 40.4 / EMA_095 244.6 / value_mean 138.4 / value_std 51.7 / value_min 15.9 / value_max 272.1 / target_mean 141.3 / target_std 57.9 / target_min 14.2 / target_max 335.0 / imag_reward_mean 0.6 / imag_reward_std 2.6 / imag_reward_min -0.0 / imag_reward_max 42.7 / imag_action_mean 9.1 / imag_action_std 3.8 / imag_action_min 0.0 / imag_action_max 17.0 / actor_entropy 0.4 / actor_loss 1.0 / actor_grad_norm 3.6 / value_loss 2.0 / value_grad_norm 1.4 / update_count 20100.0 / fps 16.1
add_video needs package moviepy
add_video needs package moviepy
[101128] dataset_size 25282.0 / train_return 2880.0 / train_length 3424.0 / train_episodes 13.0
[107372] dataset_size 26843.0 / train_return 1190.0 / train_length 1561.0 / train_episodes 14.0
[110000] 
Start evaluation.
[110000] eval_return 1870.0 / eval_length 1447.0 / eval_episodes 1.0
add_video needs package moviepy
Start training.
[110000] model_loss 12.0 / model_grad_norm 21.3 / image_loss 2.9 / reward_loss 0.0 / cont_loss 0.0 / kl_free 1.0 / dyn_scale 0.5 / rep_scale 0.1 / dyn_loss 15.2 / rep_loss 15.2 / kl 15.2 / prior_abs_ent 32.6 / post_abs_ent -23.7 / prior_obs_ent 7.8 / post_obs_ent -6.6 / boundary_ratio 0.0 / kl_mask 0.0 / normed_target_mean 0.5 / normed_target_std 0.3 / normed_target_min -0.1 / normed_target_max 1.4 / EMA_005 49.1 / EMA_095 307.2 / value_mean 185.1 / value_std 65.9 / value_min 16.8 / value_max 345.0 / target_mean 187.7 / target_std 72.3 / target_min 14.3 / target_max 399.1 / imag_reward_mean 0.6 / imag_reward_std 2.7 / imag_reward_min -0.0 / imag_reward_max 37.5 / imag_action_mean 10.7 / imag_action_std 4.5 / imag_action_min 0.0 / imag_action_max 17.0 / actor_entropy 0.4 / actor_loss 0.9 / actor_grad_norm 4.1 / value_loss 1.9 / value_grad_norm 1.5 / update_count 25100.0 / fps 16.2
add_video needs package moviepy
add_video needs package moviepy
[113172] dataset_size 28293.0 / train_return 2280.0 / train_length 1450.0 / train_episodes 15.0
[119020] dataset_size 29755.0 / train_return 2630.0 / train_length 1462.0 / train_episodes 16.0
[127428] dataset_size 31857.0 / train_return 3580.0 / train_length 2102.0 / train_episodes 17.0
[130000] 
Start evaluation.
[130000] eval_return 4760.0 / eval_length 3871.0 / eval_episodes 1.0
add_video needs package moviepy
Start training.
[130000] model_loss 11.6 / model_grad_norm 21.6 / image_loss 2.6 / reward_loss 0.0 / cont_loss 0.0 / kl_free 1.0 / dyn_scale 0.5 / rep_scale 0.1 / dyn_loss 15.0 / rep_loss 15.0 / kl 15.0 / prior_abs_ent 32.3 / post_abs_ent -25.1 / prior_obs_ent 3.7 / post_obs_ent -10.4 / boundary_ratio 0.0 / kl_mask 0.0 / normed_target_mean 0.5 / normed_target_std 0.3 / normed_target_min -0.2 / normed_target_max 1.4 / EMA_005 57.5 / EMA_095 338.9 / value_mean 196.6 / value_std 72.7 / value_min 20.0 / value_max 393.4 / target_mean 199.5 / target_std 79.4 / target_min 13.9 / target_max 445.5 / imag_reward_mean 0.7 / imag_reward_std 3.0 / imag_reward_min -0.0 / imag_reward_max 36.9 / imag_action_mean 7.8 / imag_action_std 4.3 / imag_action_min 0.0 / imag_action_max 17.0 / actor_entropy 0.4 / actor_loss 1.0 / actor_grad_norm 5.0 / value_loss 1.8 / value_grad_norm 1.6 / update_count 30100.0 / fps 16.1
add_video needs package moviepy
add_video needs package moviepy
[131636] dataset_size 32909.0 / train_return 1770.0 / train_length 1052.0 / train_episodes 18.0
[141952] dataset_size 35488.0 / train_return 3350.0 / train_length 2579.0 / train_episodes 19.0
[149000] dataset_size 37250.0 / train_return 2160.0 / train_length 1762.0 / train_episodes 20.0
[EVAL] abs/context KL plot...
Encoder CNN shapes: {'image': (64, 64, 3)}
Encoder MLP shapes: {}
Decoder CNN shapes: {'image': (64, 64, 3)}
Decoder MLP shapes: {}
Optimizer model_opt has 18889095 variables.
{"out": "/home/haselab/projects/stable-deep-world-model/logs/content_kl_kernelsize/runs/20260207_060134_krull_private_eye/atari_krull_vta_k1_seed0/analysis/vta_abs_kl_plot.png", "csv": "/home/haselab/projects/stable-deep-world-model/logs/content_kl_kernelsize/runs/20260207_060134_krull_private_eye/atari_krull_vta_k1_seed0/analysis/vta_abs_ctx_kl_series.csv", "series_len": 3425, "align": "min", "smooth": 5, "out_ctx": "/home/haselab/projects/stable-deep-world-model/logs/content_kl_kernelsize/runs/20260207_060134_krull_private_eye/atari_krull_vta_k1_seed0/analysis/vta_ctx_kl_plot.png", "items": [{"logdir": "/home/haselab/projects/stable-deep-world-model/logs/content_kl_kernelsize/runs/20260207_060134_krull_private_eye/atari_krull_vta_k1_seed0", "task": "atari_krull", "ckpt": "/home/haselab/projects/stable-deep-world-model/logs/content_kl_kernelsize/runs/20260207_060134_krull_private_eye/atari_krull_vta_k1_seed0/latest.pt", "episode": "/home/haselab/projects/stable-deep-world-model/logs/content_kl_kernelsize/runs/20260207_060134_krull_private_eye/atari_krull_vta_k1_seed0/train_eps/20260207T073134-8739267d147d4d0ba7a4c1550ab35526-3425.npz", "vta_post_boundary_kernel_size": 1}]}
[EVAL] z_t-z_t+1 distances + boundary stats (constraints off for eval)...
Encoder CNN shapes: {'image': (64, 64, 3)}
Encoder MLP shapes: {}
Decoder CNN shapes: {'image': (64, 64, 3)}
Decoder MLP shapes: {}
Optimizer model_opt has 18889095 variables.
/home/haselab/projects/stable-deep-world-model/logs/content_kl_kernelsize/runs/20260207_060134_krull_private_eye/atari_krull_vta_k1_seed0/analysis/boundary_grid.png
/home/haselab/projects/stable-deep-world-model/logs/content_kl_kernelsize/runs/20260207_060134_krull_private_eye/atari_krull_vta_k1_seed0/analysis/boundary_internal.png
/home/haselab/projects/stable-deep-world-model/logs/content_kl_kernelsize/runs/20260207_060134_krull_private_eye/atari_krull_vta_k1_seed0/analysis/boundary_fired.png
{"task": "atari_krull", "logdir": "/home/haselab/projects/stable-deep-world-model/logs/content_kl_kernelsize/runs/20260207_060134_krull_private_eye/atari_krull_vta_k1_seed0", "ckpt": "/home/haselab/projects/stable-deep-world-model/logs/content_kl_kernelsize/runs/20260207_060134_krull_private_eye/atari_krull_vta_k1_seed0/latest.pt", "episode": "/home/haselab/projects/stable-deep-world-model/logs/content_kl_kernelsize/runs/20260207_060134_krull_private_eye/atari_krull_vta_k1_seed0/train_eps/20260207T073134-8739267d147d4d0ba7a4c1550ab35526-3425.npz", "abs_kl_mean": 156.40045166015625, "abs_kl_std": 88.94156646728516, "obs_kl_mean": 17.821744918823242, "obs_kl_std": 9.582632064819336, "boundary_rate": 0.0017518248175182481, "read_prob_mean": 0.0017518469830974936, "read_prob_p99": 4.3950237227363687e-07, "abs_l2_mean": 1.503443956375122, "obs_l2_mean": 2.8905086517333984, "abs_stoch_l2_mean": 0.008627938106656075, "obs_stoch_l2_mean": 3.4518463611602783, "abs_l2_read_mean": 4.868549823760986, "obs_l2_read_mean": 6.922516345977783, "abs_stoch_l2_read_mean": 4.92367696762085, "obs_stoch_l2_read_mean": 6.963125705718994}

============================================================
[RUN] kernel_size=3
[RUN] logdir=/home/haselab/projects/stable-deep-world-model/logs/content_kl_kernelsize/runs/20260207_060134_krull_private_eye/atari_krull_vta_k3_seed0
============================================================
Logdir /home/haselab/projects/stable-deep-world-model/logs/content_kl_kernelsize/runs/20260207_060134_krull_private_eye/atari_krull_vta_k3_seed0
Config saved to /home/haselab/projects/stable-deep-world-model/logs/content_kl_kernelsize/runs/20260207_060134_krull_private_eye/atari_krull_vta_k3_seed0/config.yaml
Create envs.
Action Space Box(0.0, 1.0, (18,), float32)
Prefill dataset (2500 steps).
[0] dataset_size 1446.0 / train_return 2540.0 / train_length 1446.0 / train_episodes 1.0
Logger: (10000 steps).
Simulate agent.
Encoder CNN shapes: {'image': (64, 64, 3)}
Encoder MLP shapes: {}
Decoder CNN shapes: {'image': (64, 64, 3)}
Decoder MLP shapes: {}
Optimizer model_opt has 23085447 variables.
Optimizer actor_opt has 830482 variables.
Optimizer value_opt has 952063 variables.
[10000] 
Start evaluation.
[10000] eval_return 1000.0 / eval_length 1090.0 / eval_episodes 1.0
add_video needs package moviepy
Start training.
[10000] model_loss 710.0 / model_grad_norm 2853.9 / image_loss 679.6 / reward_loss 2.9 / cont_loss 0.0 / kl_free 1.0 / dyn_scale 0.5 / rep_scale 0.1 / dyn_loss 45.7 / rep_loss 45.7 / kl 45.7 / prior_abs_ent 33.8 / post_abs_ent -5.7 / prior_obs_ent 30.5 / post_obs_ent 7.2 / boundary_ratio 0.3 / kl_mask 0.1 / normed_target_mean 1.3 / normed_target_std 0.6 / normed_target_min 0.1 / normed_target_max 2.2 / EMA_005 0.1 / EMA_095 0.7 / value_mean 0.0 / value_std 0.0 / value_min 0.0 / value_max 0.0 / target_mean 1.5 / target_std 0.7 / target_min 0.2 / target_max 2.6 / imag_reward_mean 0.2 / imag_reward_std 0.0 / imag_reward_min 0.2 / imag_reward_max 0.3 / imag_action_mean 9.2 / imag_action_std 5.0 / imag_action_min 0.0 / imag_action_max 17.0 / actor_entropy 2.6 / actor_loss 3.7 / actor_grad_norm 0.4 / value_loss 9.4 / value_grad_norm 13.4 / update_count 100.0 / fps 0.0
add_video needs package moviepy
add_video needs package moviepy
[12584] dataset_size 3146.0 / train_return 1580.0 / train_length 1700.0 / train_episodes 2.0
[18436] dataset_size 4609.0 / train_return 2750.0 / train_length 1463.0 / train_episodes 3.0
[24216] dataset_size 6054.0 / train_return 820.0 / train_length 1445.0 / train_episodes 4.0
[29828] dataset_size 7457.0 / train_return 1340.0 / train_length 1403.0 / train_episodes 5.0
[30000] 
Start evaluation.
[30000] eval_return 0.0 / eval_length 1468.0 / eval_episodes 1.0
add_video needs package moviepy
Start training.
[30000] model_loss 23.4 / model_grad_norm 58.2 / image_loss 18.7 / reward_loss 0.3 / cont_loss 0.0 / kl_free 1.0 / dyn_scale 0.5 / rep_scale 0.1 / dyn_loss 7.2 / rep_loss 7.2 / kl 7.2 / prior_abs_ent 20.4 / post_abs_ent -14.8 / prior_obs_ent 15.3 / post_obs_ent 10.7 / boundary_ratio 0.2 / kl_mask 0.0 / normed_target_mean 0.5 / normed_target_std 0.4 / normed_target_min -0.0 / normed_target_max 1.8 / EMA_005 1.6 / EMA_095 37.0 / value_mean 15.2 / value_std 10.0 / value_min 1.3 / value_max 27.0 / target_mean 18.5 / target_std 13.4 / target_min 1.3 / target_max 64.0 / imag_reward_mean 0.6 / imag_reward_std 1.1 / imag_reward_min 0.0 / imag_reward_max 7.9 / imag_action_mean 7.4 / imag_action_std 4.0 / imag_action_min 0.0 / imag_action_max 17.0 / actor_entropy 0.8 / actor_loss 1.4 / actor_grad_norm 0.6 / value_loss 2.9 / value_grad_norm 3.5 / update_count 5100.0 / fps 16.1
add_video needs package moviepy
add_video needs package moviepy
[35672] dataset_size 8918.0 / train_return 740.0 / train_length 1461.0 / train_episodes 6.0
[41492] dataset_size 10373.0 / train_return 1290.0 / train_length 1455.0 / train_episodes 7.0
[46424] dataset_size 11606.0 / train_return 520.0 / train_length 1233.0 / train_episodes 8.0
[50000] 
Start evaluation.
[50000] eval_return 1370.0 / eval_length 1669.0 / eval_episodes 1.0
add_video needs package moviepy
Start training.
[50000] model_loss 13.9 / model_grad_norm 30.7 / image_loss 6.9 / reward_loss 0.1 / cont_loss 0.0 / kl_free 1.0 / dyn_scale 0.5 / rep_scale 0.1 / dyn_loss 11.5 / rep_loss 11.5 / kl 11.5 / prior_abs_ent 29.0 / post_abs_ent -17.9 / prior_obs_ent 27.4 / post_obs_ent 18.7 / boundary_ratio 0.2 / kl_mask 0.0 / normed_target_mean 0.4 / normed_target_std 0.4 / normed_target_min -0.0 / normed_target_max 1.4 / EMA_005 2.9 / EMA_095 205.7 / value_mean 87.1 / value_std 65.4 / value_min 1.9 / value_max 206.2 / target_mean 91.4 / target_std 71.0 / target_min 1.2 / target_max 293.3 / imag_reward_mean 1.0 / imag_reward_std 3.0 / imag_reward_min 0.0 / imag_reward_max 20.2 / imag_action_mean 11.9 / imag_action_std 2.8 / imag_action_min 0.0 / imag_action_max 17.0 / actor_entropy 0.4 / actor_loss 1.1 / actor_grad_norm 1.8 / value_loss 2.2 / value_grad_norm 1.4 / update_count 10100.0 / fps 16.0
add_video needs package moviepy
add_video needs package moviepy
[54904] dataset_size 13726.0 / train_return 2770.0 / train_length 2120.0 / train_episodes 9.0
[60644] dataset_size 15161.0 / train_return 1790.0 / train_length 1435.0 / train_episodes 10.0
[68056] dataset_size 17014.0 / train_return 2770.0 / train_length 1853.0 / train_episodes 11.0
[70000] 
Start evaluation.
[70000] eval_return 980.0 / eval_length 1195.0 / eval_episodes 1.0
add_video needs package moviepy
Start training.
[70000] model_loss 13.8 / model_grad_norm 24.8 / image_loss 4.9 / reward_loss 0.1 / cont_loss 0.0 / kl_free 1.0 / dyn_scale 0.5 / rep_scale 0.1 / dyn_loss 14.6 / rep_loss 14.6 / kl 14.6 / prior_abs_ent 30.3 / post_abs_ent -17.6 / prior_obs_ent 29.5 / post_obs_ent 17.7 / boundary_ratio 0.2 / kl_mask 0.0 / normed_target_mean 0.5 / normed_target_std 0.3 / normed_target_min -0.0 / normed_target_max 1.3 / EMA_005 8.5 / EMA_095 309.2 / value_mean 143.7 / value_std 97.1 / value_min 4.8 / value_max 333.9 / target_mean 147.2 / target_std 100.9 / target_min 2.3 / target_max 405.3 / imag_reward_mean 0.9 / imag_reward_std 3.1 / imag_reward_min 0.0 / imag_reward_max 32.7 / imag_action_mean 8.2 / imag_action_std 4.3 / imag_action_min 0.0 / imag_action_max 17.0 / actor_entropy 0.5 / actor_loss 1.5 / actor_grad_norm 3.4 / value_loss 1.9 / value_grad_norm 1.4 / update_count 15100.0 / fps 15.9
add_video needs package moviepy
add_video needs package moviepy
[73908] dataset_size 18477.0 / train_return 2370.0 / train_length 1463.0 / train_episodes 12.0
[77836] dataset_size 19459.0 / train_return 1330.0 / train_length 982.0 / train_episodes 13.0
[83728] dataset_size 20932.0 / train_return 2280.0 / train_length 1473.0 / train_episodes 14.0
[87944] dataset_size 21986.0 / train_return 1490.0 / train_length 1054.0 / train_episodes 15.0
[90000] 
Start evaluation.
[90000] eval_return 2300.0 / eval_length 1476.0 / eval_episodes 1.0
add_video needs package moviepy
Start training.
[90000] model_loss 13.1 / model_grad_norm 22.9 / image_loss 3.7 / reward_loss 0.1 / cont_loss 0.0 / kl_free 1.0 / dyn_scale 0.5 / rep_scale 0.1 / dyn_loss 15.5 / rep_loss 15.5 / kl 15.5 / prior_abs_ent 28.4 / post_abs_ent -19.9 / prior_obs_ent 19.8 / post_obs_ent 6.8 / boundary_ratio 0.2 / kl_mask 0.0 / normed_target_mean 0.5 / normed_target_std 0.3 / normed_target_min -0.0 / normed_target_max 1.3 / EMA_005 14.9 / EMA_095 363.8 / value_mean 194.5 / value_std 110.1 / value_min 9.5 / value_max 401.0 / target_mean 197.1 / target_std 114.2 / target_min 4.6 / target_max 463.2 / imag_reward_mean 0.9 / imag_reward_std 3.3 / imag_reward_min -0.0 / imag_reward_max 40.6 / imag_action_mean 8.2 / imag_action_std 4.3 / imag_action_min 0.0 / imag_action_max 17.0 / actor_entropy 0.4 / actor_loss 1.1 / actor_grad_norm 4.6 / value_loss 1.8 / value_grad_norm 1.5 / update_count 20100.0 / fps 15.9
add_video needs package moviepy
add_video needs package moviepy
[92284] dataset_size 23071.0 / train_return 1560.0 / train_length 1085.0 / train_episodes 16.0
[98084] dataset_size 24521.0 / train_return 3150.0 / train_length 1450.0 / train_episodes 17.0
[104020] dataset_size 26005.0 / train_return 3430.0 / train_length 1484.0 / train_episodes 18.0
[107708] dataset_size 26927.0 / train_return 2430.0 / train_length 922.0 / train_episodes 19.0
[110000] 
Start evaluation.
[110000] eval_return 3630.0 / eval_length 1481.0 / eval_episodes 1.0
add_video needs package moviepy
Start training.
[110000] model_loss 12.8 / model_grad_norm 22.7 / image_loss 3.3 / reward_loss 0.1 / cont_loss 0.0 / kl_free 1.0 / dyn_scale 0.5 / rep_scale 0.1 / dyn_loss 15.6 / rep_loss 15.6 / kl 15.6 / prior_abs_ent 29.9 / post_abs_ent -21.0 / prior_obs_ent 12.3 / post_obs_ent -1.5 / boundary_ratio 0.1 / kl_mask 0.0 / normed_target_mean 0.6 / normed_target_std 0.3 / normed_target_min -0.0 / normed_target_max 1.2 / EMA_005 17.8 / EMA_095 440.9 / value_mean 264.8 / value_std 135.4 / value_min 9.0 / value_max 470.0 / target_mean 268.5 / target_std 140.6 / target_min 4.8 / target_max 538.1 / imag_reward_mean 1.1 / imag_reward_std 3.7 / imag_reward_min -0.0 / imag_reward_max 41.3 / imag_action_mean 8.3 / imag_action_std 3.3 / imag_action_min 0.0 / imag_action_max 17.0 / actor_entropy 0.6 / actor_loss 1.9 / actor_grad_norm 6.0 / value_loss 1.7 / value_grad_norm 1.5 / update_count 25100.0 / fps 15.8
add_video needs package moviepy
add_video needs package moviepy
[113364] dataset_size 28341.0 / train_return 3050.0 / train_length 1414.0 / train_episodes 20.0
[118624] dataset_size 29656.0 / train_return 2810.0 / train_length 1315.0 / train_episodes 21.0
[123940] dataset_size 30985.0 / train_return 3100.0 / train_length 1329.0 / train_episodes 22.0
[129764] dataset_size 32441.0 / train_return 2130.0 / train_length 1456.0 / train_episodes 23.0
[130000] 
Start evaluation.
[130000] eval_return 3300.0 / eval_length 1449.0 / eval_episodes 1.0
add_video needs package moviepy
Start training.
[130000] model_loss 12.8 / model_grad_norm 21.4 / image_loss 3.1 / reward_loss 0.1 / cont_loss 0.0 / kl_free 1.0 / dyn_scale 0.5 / rep_scale 0.1 / dyn_loss 16.0 / rep_loss 16.0 / kl 16.0 / prior_abs_ent 32.6 / post_abs_ent -22.8 / prior_obs_ent 8.7 / post_obs_ent -6.3 / boundary_ratio 0.0 / kl_mask 0.0 / normed_target_mean 0.6 / normed_target_std 0.3 / normed_target_min -0.0 / normed_target_max 1.2 / EMA_005 29.8 / EMA_095 585.1 / value_mean 371.5 / value_std 180.0 / value_min 13.2 / value_max 614.4 / target_mean 375.9 / target_std 186.3 / target_min 6.8 / target_max 681.4 / imag_reward_mean 1.4 / imag_reward_std 4.1 / imag_reward_min -0.0 / imag_reward_max 37.9 / imag_action_mean 7.0 / imag_action_std 2.8 / imag_action_min 0.0 / imag_action_max 17.0 / actor_entropy 0.5 / actor_loss 1.9 / actor_grad_norm 7.8 / value_loss 1.6 / value_grad_norm 1.4 / update_count 30100.0 / fps 15.8
add_video needs package moviepy
add_video needs package moviepy
[135536] dataset_size 33884.0 / train_return 3770.0 / train_length 1443.0 / train_episodes 24.0
[141352] dataset_size 35338.0 / train_return 3780.0 / train_length 1454.0 / train_episodes 25.0
[146260] dataset_size 36565.0 / train_return 3340.0 / train_length 1227.0 / train_episodes 26.0
[EVAL] abs/context KL plot...
Encoder CNN shapes: {'image': (64, 64, 3)}
Encoder MLP shapes: {}
Decoder CNN shapes: {'image': (64, 64, 3)}
Decoder MLP shapes: {}
Optimizer model_opt has 23085447 variables.
{"out": "/home/haselab/projects/stable-deep-world-model/logs/content_kl_kernelsize/runs/20260207_060134_krull_private_eye/atari_krull_vta_k3_seed0/analysis/vta_abs_kl_plot.png", "csv": "/home/haselab/projects/stable-deep-world-model/logs/content_kl_kernelsize/runs/20260207_060134_krull_private_eye/atari_krull_vta_k3_seed0/analysis/vta_abs_ctx_kl_series.csv", "series_len": 2121, "align": "min", "smooth": 5, "out_ctx": "/home/haselab/projects/stable-deep-world-model/logs/content_kl_kernelsize/runs/20260207_060134_krull_private_eye/atari_krull_vta_k3_seed0/analysis/vta_ctx_kl_plot.png", "items": [{"logdir": "/home/haselab/projects/stable-deep-world-model/logs/content_kl_kernelsize/runs/20260207_060134_krull_private_eye/atari_krull_vta_k3_seed0", "task": "atari_krull", "ckpt": "/home/haselab/projects/stable-deep-world-model/logs/content_kl_kernelsize/runs/20260207_060134_krull_private_eye/atari_krull_vta_k3_seed0/latest.pt", "episode": "/home/haselab/projects/stable-deep-world-model/logs/content_kl_kernelsize/runs/20260207_060134_krull_private_eye/atari_krull_vta_k3_seed0/train_eps/20260207T091435-cb5ea4362e9a4e789956be6d98f05b1c-2121.npz", "vta_post_boundary_kernel_size": 3}]}
[EVAL] z_t-z_t+1 distances + boundary stats (constraints off for eval)...
Encoder CNN shapes: {'image': (64, 64, 3)}
Encoder MLP shapes: {}
Decoder CNN shapes: {'image': (64, 64, 3)}
Decoder MLP shapes: {}
Optimizer model_opt has 23085447 variables.
/home/haselab/projects/stable-deep-world-model/logs/content_kl_kernelsize/runs/20260207_060134_krull_private_eye/atari_krull_vta_k3_seed0/analysis/boundary_grid.png
/home/haselab/projects/stable-deep-world-model/logs/content_kl_kernelsize/runs/20260207_060134_krull_private_eye/atari_krull_vta_k3_seed0/analysis/boundary_internal.png
/home/haselab/projects/stable-deep-world-model/logs/content_kl_kernelsize/runs/20260207_060134_krull_private_eye/atari_krull_vta_k3_seed0/analysis/boundary_fired.png
{"task": "atari_krull", "logdir": "/home/haselab/projects/stable-deep-world-model/logs/content_kl_kernelsize/runs/20260207_060134_krull_private_eye/atari_krull_vta_k3_seed0", "ckpt": "/home/haselab/projects/stable-deep-world-model/logs/content_kl_kernelsize/runs/20260207_060134_krull_private_eye/atari_krull_vta_k3_seed0/latest.pt", "episode": "/home/haselab/projects/stable-deep-world-model/logs/content_kl_kernelsize/runs/20260207_060134_krull_private_eye/atari_krull_vta_k3_seed0/train_eps/20260207T091435-cb5ea4362e9a4e789956be6d98f05b1c-2121.npz", "abs_kl_mean": 132.08348083496094, "abs_kl_std": 59.07974624633789, "obs_kl_mean": 14.299298286437988, "obs_kl_std": 6.315893650054932, "boundary_rate": 0.003771805752003772, "read_prob_mean": 0.0037720180116593838, "read_prob_p99": 2.6543657440925017e-06, "abs_l2_mean": 1.3898590803146362, "obs_l2_mean": 2.4790711402893066, "abs_stoch_l2_mean": 0.018988264724612236, "obs_stoch_l2_mean": 3.146371603012085, "abs_l2_read_mean": 4.509135723114014, "obs_l2_read_mean": 8.61126708984375, "abs_stoch_l2_read_mean": 5.750731468200684, "obs_stoch_l2_read_mean": 8.968448638916016}

============================================================
[RUN] kernel_size=5
[RUN] logdir=/home/haselab/projects/stable-deep-world-model/logs/content_kl_kernelsize/runs/20260207_060134_krull_private_eye/atari_krull_vta_k5_seed0
============================================================
Logdir /home/haselab/projects/stable-deep-world-model/logs/content_kl_kernelsize/runs/20260207_060134_krull_private_eye/atari_krull_vta_k5_seed0
Config saved to /home/haselab/projects/stable-deep-world-model/logs/content_kl_kernelsize/runs/20260207_060134_krull_private_eye/atari_krull_vta_k5_seed0/config.yaml
Create envs.
Action Space Box(0.0, 1.0, (18,), float32)
Prefill dataset (2500 steps).
[0] dataset_size 1446.0 / train_return 2540.0 / train_length 1446.0 / train_episodes 1.0
Logger: (10000 steps).
Simulate agent.
Encoder CNN shapes: {'image': (64, 64, 3)}
Encoder MLP shapes: {}
Decoder CNN shapes: {'image': (64, 64, 3)}
Decoder MLP shapes: {}
Optimizer model_opt has 27281799 variables.
Optimizer actor_opt has 830482 variables.
Optimizer value_opt has 952063 variables.
[10000] 
Start evaluation.
[10000] eval_return 1050.0 / eval_length 1446.0 / eval_episodes 1.0
add_video needs package moviepy
Start training.
[10000] model_loss 596.6 / model_grad_norm 2474.9 / image_loss 571.4 / reward_loss 2.9 / cont_loss 0.0 / kl_free 1.0 / dyn_scale 0.5 / rep_scale 0.1 / dyn_loss 37.0 / rep_loss 37.0 / kl 37.0 / prior_abs_ent 39.5 / post_abs_ent -4.3 / prior_obs_ent 28.7 / post_obs_ent 9.5 / boundary_ratio 0.3 / kl_mask 0.1 / normed_target_mean 1.3 / normed_target_std 0.6 / normed_target_min 0.2 / normed_target_max 2.3 / EMA_005 0.1 / EMA_095 0.7 / value_mean 0.0 / value_std 0.0 / value_min 0.0 / value_max 0.0 / target_mean 1.5 / target_std 0.7 / target_min 0.2 / target_max 2.7 / imag_reward_mean 0.3 / imag_reward_std 0.0 / imag_reward_min 0.2 / imag_reward_max 0.3 / imag_action_mean 7.6 / imag_action_std 5.7 / imag_action_min 0.0 / imag_action_max 17.0 / actor_entropy 2.5 / actor_loss 3.6 / actor_grad_norm 0.4 / value_loss 9.5 / value_grad_norm 13.3 / update_count 100.0 / fps 0.0
add_video needs package moviepy
add_video needs package moviepy
[10224] dataset_size 2556.0 / train_return 1100.0 / train_length 1110.0 / train_episodes 2.0
[16196] dataset_size 4049.0 / train_return 740.0 / train_length 1493.0 / train_episodes 3.0
[22304] dataset_size 5576.0 / train_return 170.0 / train_length 1527.0 / train_episodes 4.0
[26880] dataset_size 6720.0 / train_return 310.0 / train_length 1144.0 / train_episodes 5.0
[30000] 
Start evaluation.
[30000] eval_return 290.0 / eval_length 1453.0 / eval_episodes 1.0
add_video needs package moviepy
Start training.
[30000] model_loss 22.4 / model_grad_norm 69.3 / image_loss 18.0 / reward_loss 0.3 / cont_loss 0.0 / kl_free 1.0 / dyn_scale 0.5 / rep_scale 0.1 / dyn_loss 6.9 / rep_loss 6.9 / kl 6.9 / prior_abs_ent 23.7 / post_abs_ent -18.8 / prior_obs_ent 17.1 / post_obs_ent 12.0 / boundary_ratio 0.1 / kl_mask 0.0 / normed_target_mean 0.5 / normed_target_std 0.4 / normed_target_min -0.0 / normed_target_max 2.1 / EMA_005 1.2 / EMA_095 29.1 / value_mean 10.7 / value_std 8.0 / value_min 1.1 / value_max 20.0 / target_mean 13.3 / target_std 11.0 / target_min 1.1 / target_max 60.8 / imag_reward_mean 0.4 / imag_reward_std 0.9 / imag_reward_min 0.0 / imag_reward_max 8.0 / imag_action_mean 6.8 / imag_action_std 3.5 / imag_action_min 0.0 / imag_action_max 17.0 / actor_entropy 1.1 / actor_loss 1.5 / actor_grad_norm 0.4 / value_loss 2.7 / value_grad_norm 3.2 / update_count 5100.0 / fps 16.2
add_video needs package moviepy
add_video needs package moviepy
[31664] dataset_size 7916.0 / train_return 610.0 / train_length 1196.0 / train_episodes 6.0
[36320] dataset_size 9080.0 / train_return 10.0 / train_length 1164.0 / train_episodes 7.0
[42060] dataset_size 10515.0 / train_return 410.0 / train_length 1435.0 / train_episodes 8.0
[48036] dataset_size 12009.0 / train_return 240.0 / train_length 1494.0 / train_episodes 9.0
[50000] 
Start evaluation.
[50000] eval_return 30.0 / eval_length 1368.0 / eval_episodes 1.0
add_video needs package moviepy
Start training.
[50000] model_loss 13.6 / model_grad_norm 34.2 / image_loss 6.8 / reward_loss 0.1 / cont_loss 0.0 / kl_free 1.0 / dyn_scale 0.5 / rep_scale 0.1 / dyn_loss 11.1 / rep_loss 11.1 / kl 11.1 / prior_abs_ent 26.6 / post_abs_ent -24.5 / prior_obs_ent 27.2 / post_obs_ent 17.6 / boundary_ratio 0.0 / kl_mask 0.0 / normed_target_mean 0.4 / normed_target_std 0.4 / normed_target_min -0.0 / normed_target_max 1.4 / EMA_005 5.4 / EMA_095 205.0 / value_mean 85.6 / value_std 67.5 / value_min 3.6 / value_max 204.8 / target_mean 89.7 / target_std 72.3 / target_min 2.2 / target_max 291.6 / imag_reward_mean 0.8 / imag_reward_std 2.5 / imag_reward_min 0.0 / imag_reward_max 19.6 / imag_action_mean 11.2 / imag_action_std 3.8 / imag_action_min 0.0 / imag_action_max 17.0 / actor_entropy 0.3 / actor_loss 0.7 / actor_grad_norm 1.0 / value_loss 2.1 / value_grad_norm 1.3 / update_count 10100.0 / fps 16.0
add_video needs package moviepy
add_video needs package moviepy
[52364] dataset_size 13091.0 / train_return 150.0 / train_length 1082.0 / train_episodes 10.0
[58096] dataset_size 14524.0 / train_return 70.0 / train_length 1433.0 / train_episodes 11.0
[63568] dataset_size 15892.0 / train_return 120.0 / train_length 1368.0 / train_episodes 12.0
[69444] dataset_size 17361.0 / train_return 520.0 / train_length 1469.0 / train_episodes 13.0
[70000] 
Start evaluation.
[70000] eval_return 1040.0 / eval_length 1438.0 / eval_episodes 1.0
add_video needs package moviepy
Start training.
[70000] model_loss 12.9 / model_grad_norm 25.5 / image_loss 4.8 / reward_loss 0.0 / cont_loss 0.0 / kl_free 1.0 / dyn_scale 0.5 / rep_scale 0.1 / dyn_loss 13.5 / rep_loss 13.5 / kl 13.5 / prior_abs_ent 28.4 / post_abs_ent -24.6 / prior_obs_ent 27.9 / post_obs_ent 15.9 / boundary_ratio 0.0 / kl_mask 0.0 / normed_target_mean 0.3 / normed_target_std 0.3 / normed_target_min -0.1 / normed_target_max 1.7 / EMA_005 24.6 / EMA_095 191.0 / value_mean 76.2 / value_std 50.1 / value_min 16.7 / value_max 250.6 / target_mean 77.0 / target_std 52.3 / target_min 6.3 / target_max 300.7 / imag_reward_mean 0.3 / imag_reward_std 1.8 / imag_reward_min 0.0 / imag_reward_max 20.0 / imag_action_mean 10.1 / imag_action_std 3.7 / imag_action_min 0.0 / imag_action_max 17.0 / actor_entropy 0.3 / actor_loss 0.2 / actor_grad_norm 0.7 / value_loss 1.6 / value_grad_norm 1.4 / update_count 15100.0 / fps 16.0
add_video needs package moviepy
add_video needs package moviepy
[74856] dataset_size 18714.0 / train_return 1030.0 / train_length 1353.0 / train_episodes 14.0
[80636] dataset_size 20159.0 / train_return 2630.0 / train_length 1445.0 / train_episodes 15.0
[86584] dataset_size 21646.0 / train_return 2380.0 / train_length 1487.0 / train_episodes 16.0
[90000] 
Start evaluation.
[90000] eval_return 2200.0 / eval_length 1422.0 / eval_episodes 1.0
add_video needs package moviepy
Start training.
[90000] model_loss 12.2 / model_grad_norm 23.3 / image_loss 3.5 / reward_loss 0.0 / cont_loss 0.0 / kl_free 1.0 / dyn_scale 0.5 / rep_scale 0.1 / dyn_loss 14.4 / rep_loss 14.4 / kl 14.4 / prior_abs_ent 29.0 / post_abs_ent -25.6 / prior_obs_ent 21.8 / post_obs_ent 8.9 / boundary_ratio 0.0 / kl_mask 0.0 / normed_target_mean 0.3 / normed_target_std 0.3 / normed_target_min -0.1 / normed_target_max 1.5 / EMA_005 24.4 / EMA_095 244.8 / value_mean 79.7 / value_std 66.7 / value_min 10.8 / value_max 315.6 / target_mean 81.3 / target_std 69.7 / target_min 6.5 / target_max 357.3 / imag_reward_mean 0.4 / imag_reward_std 2.0 / imag_reward_min -0.0 / imag_reward_max 20.1 / imag_action_mean 6.7 / imag_action_std 4.8 / imag_action_min 0.0 / imag_action_max 17.0 / actor_entropy 0.5 / actor_loss 0.7 / actor_grad_norm 1.9 / value_loss 1.7 / value_grad_norm 1.7 / update_count 20100.0 / fps 15.9
add_video needs package moviepy
add_video needs package moviepy
[92196] dataset_size 23049.0 / train_return 2570.0 / train_length 1403.0 / train_episodes 17.0
[96560] dataset_size 24140.0 / train_return 1810.0 / train_length 1091.0 / train_episodes 18.0
[102364] dataset_size 25591.0 / train_return 1990.0 / train_length 1451.0 / train_episodes 19.0
[108184] dataset_size 27046.0 / train_return 1710.0 / train_length 1455.0 / train_episodes 20.0
[110000] 
Start evaluation.
[110000] eval_return 1530.0 / eval_length 1466.0 / eval_episodes 1.0
add_video needs package moviepy
Start training.
[110000] model_loss 11.9 / model_grad_norm 20.0 / image_loss 3.0 / reward_loss 0.0 / cont_loss 0.0 / kl_free 1.0 / dyn_scale 0.5 / rep_scale 0.1 / dyn_loss 14.7 / rep_loss 14.7 / kl 14.7 / prior_abs_ent 29.2 / post_abs_ent -26.5 / prior_obs_ent 14.8 / post_obs_ent 1.7 / boundary_ratio 0.0 / kl_mask 0.0 / normed_target_mean 0.4 / normed_target_std 0.3 / normed_target_min -0.0 / normed_target_max 1.3 / EMA_005 16.5 / EMA_095 349.7 / value_mean 138.4 / value_std 113.6 / value_min 6.8 / value_max 396.3 / target_mean 140.5 / target_std 116.1 / target_min 4.8 / target_max 442.5 / imag_reward_mean 0.6 / imag_reward_std 2.5 / imag_reward_min -0.0 / imag_reward_max 20.4 / imag_action_mean 5.7 / imag_action_std 4.1 / imag_action_min 0.0 / imag_action_max 17.0 / actor_entropy 0.4 / actor_loss 0.7 / actor_grad_norm 2.5 / value_loss 1.8 / value_grad_norm 2.1 / update_count 25100.0 / fps 15.8
add_video needs package moviepy
add_video needs package moviepy
[122224] dataset_size 30556.0 / train_return 3570.0 / train_length 3510.0 / train_episodes 21.0
[127904] dataset_size 31976.0 / train_return 770.0 / train_length 1420.0 / train_episodes 22.0
[130000] 
Start evaluation.
[130000] eval_return 1200.0 / eval_length 1181.0 / eval_episodes 1.0
add_video needs package moviepy
Start training.
[130000] model_loss 11.7 / model_grad_norm 20.7 / image_loss 2.7 / reward_loss 0.0 / cont_loss 0.0 / kl_free 1.0 / dyn_scale 0.5 / rep_scale 0.1 / dyn_loss 14.9 / rep_loss 14.9 / kl 14.9 / prior_abs_ent 29.7 / post_abs_ent -26.4 / prior_obs_ent 11.6 / post_obs_ent -1.8 / boundary_ratio 0.0 / kl_mask 0.0 / normed_target_mean 0.4 / normed_target_std 0.3 / normed_target_min -0.0 / normed_target_max 1.2 / EMA_005 15.0 / EMA_095 432.4 / value_mean 187.6 / value_std 140.8 / value_min 5.2 / value_max 481.5 / target_mean 190.0 / target_std 143.2 / target_min 3.5 / target_max 526.1 / imag_reward_mean 0.7 / imag_reward_std 2.8 / imag_reward_min -0.0 / imag_reward_max 20.5 / imag_action_mean 7.7 / imag_action_std 4.8 / imag_action_min 0.0 / imag_action_max 17.0 / actor_entropy 0.5 / actor_loss 1.0 / actor_grad_norm 3.8 / value_loss 1.8 / value_grad_norm 2.3 / update_count 30100.0 / fps 15.8
add_video needs package moviepy
add_video needs package moviepy
[136872] dataset_size 34218.0 / train_return 1880.0 / train_length 2242.0 / train_episodes 23.0
[141988] dataset_size 35497.0 / train_return 1660.0 / train_length 1279.0 / train_episodes 24.0
[147960] dataset_size 36990.0 / train_return 2730.0 / train_length 1493.0 / train_episodes 25.0
[EVAL] abs/context KL plot...
Encoder CNN shapes: {'image': (64, 64, 3)}
Encoder MLP shapes: {}
Decoder CNN shapes: {'image': (64, 64, 3)}
Decoder MLP shapes: {}
Optimizer model_opt has 27281799 variables.
{"out": "/home/haselab/projects/stable-deep-world-model/logs/content_kl_kernelsize/runs/20260207_060134_krull_private_eye/atari_krull_vta_k5_seed0/analysis/vta_abs_kl_plot.png", "csv": "/home/haselab/projects/stable-deep-world-model/logs/content_kl_kernelsize/runs/20260207_060134_krull_private_eye/atari_krull_vta_k5_seed0/analysis/vta_abs_ctx_kl_series.csv", "series_len": 3511, "align": "min", "smooth": 5, "out_ctx": "/home/haselab/projects/stable-deep-world-model/logs/content_kl_kernelsize/runs/20260207_060134_krull_private_eye/atari_krull_vta_k5_seed0/analysis/vta_ctx_kl_plot.png", "items": [{"logdir": "/home/haselab/projects/stable-deep-world-model/logs/content_kl_kernelsize/runs/20260207_060134_krull_private_eye/atari_krull_vta_k5_seed0", "task": "atari_krull", "ckpt": "/home/haselab/projects/stable-deep-world-model/logs/content_kl_kernelsize/runs/20260207_060134_krull_private_eye/atari_krull_vta_k5_seed0/latest.pt", "episode": "/home/haselab/projects/stable-deep-world-model/logs/content_kl_kernelsize/runs/20260207_060134_krull_private_eye/atari_krull_vta_k5_seed0/train_eps/20260207T124626-7e1e93f537ba4eb6baa370b030d256f6-3511.npz", "vta_post_boundary_kernel_size": 5}]}
[EVAL] z_t-z_t+1 distances + boundary stats (constraints off for eval)...
Encoder CNN shapes: {'image': (64, 64, 3)}
Encoder MLP shapes: {}
Decoder CNN shapes: {'image': (64, 64, 3)}
Decoder MLP shapes: {}
Optimizer model_opt has 27281799 variables.
/home/haselab/projects/stable-deep-world-model/logs/content_kl_kernelsize/runs/20260207_060134_krull_private_eye/atari_krull_vta_k5_seed0/analysis/boundary_grid.png
/home/haselab/projects/stable-deep-world-model/logs/content_kl_kernelsize/runs/20260207_060134_krull_private_eye/atari_krull_vta_k5_seed0/analysis/boundary_internal.png
/home/haselab/projects/stable-deep-world-model/logs/content_kl_kernelsize/runs/20260207_060134_krull_private_eye/atari_krull_vta_k5_seed0/analysis/boundary_fired.png
{"task": "atari_krull", "logdir": "/home/haselab/projects/stable-deep-world-model/logs/content_kl_kernelsize/runs/20260207_060134_krull_private_eye/atari_krull_vta_k5_seed0", "ckpt": "/home/haselab/projects/stable-deep-world-model/logs/content_kl_kernelsize/runs/20260207_060134_krull_private_eye/atari_krull_vta_k5_seed0/latest.pt", "episode": "/home/haselab/projects/stable-deep-world-model/logs/content_kl_kernelsize/runs/20260207_060134_krull_private_eye/atari_krull_vta_k5_seed0/train_eps/20260207T124626-7e1e93f537ba4eb6baa370b030d256f6-3511.npz", "abs_kl_mean": 171.0692596435547, "abs_kl_std": 124.40242004394531, "obs_kl_mean": 12.788125991821289, "obs_kl_std": 6.0584211349487305, "boundary_rate": 0.005981201936770151, "read_prob_mean": 0.005981217138469219, "read_prob_p99": 5.26750739027193e-07, "abs_l2_mean": 1.218064785003662, "obs_l2_mean": 3.384380578994751, "abs_stoch_l2_mean": 0.033196866512298584, "obs_stoch_l2_mean": 4.2745361328125, "abs_l2_read_mean": 5.121178150177002, "obs_l2_read_mean": 8.197969436645508, "abs_stoch_l2_read_mean": 5.826050281524658, "obs_stoch_l2_read_mean": 8.583346366882324}

[SUMMARY] Aggregating kernel comparison table...
Wrote /home/haselab/projects/stable-deep-world-model/logs/content_kl_kernelsize/runs/20260207_060134_krull_private_eye/summary.csv
[DONE] /home/haselab/projects/stable-deep-world-model/logs/content_kl_kernelsize/runs/20260207_060134_krull_private_eye/summary.csv
[2026-02-07 13:30:49] Finished TASK=atari_krull
[2026-02-07 13:30:49] Start queued TASK=atari_private_eye
[2026-02-07 13:30:49] Command: TASK=atari_private_eye RUN_TAG=20260207_060134_krull_private_eye bash /home/haselab/projects/stable-deep-world-model/logs/content_kl_kernelsize/run_content_kl_kernel_sweep.sh
[INFO] Project root: /home/haselab/projects/stable-deep-world-model
[INFO] Runs dir:     /home/haselab/projects/stable-deep-world-model/logs/content_kl_kernelsize/runs/20260207_060134_krull_private_eye
[INFO] Task:         atari_private_eye
[INFO] Kernels:      1 3 5
[INFO] Device:       cuda:0 (CUDA_VISIBLE_DEVICES=0)
[INFO] Steps:        120000
[INFO] Python:       /home/haselab/projects/stable-deep-world-model/.venv/bin/python3

============================================================
[RUN] kernel_size=1
[RUN] logdir=/home/haselab/projects/stable-deep-world-model/logs/content_kl_kernelsize/runs/20260207_060134_krull_private_eye/atari_private_eye_vta_k1_seed0
============================================================
Logdir /home/haselab/projects/stable-deep-world-model/logs/content_kl_kernelsize/runs/20260207_060134_krull_private_eye/atari_private_eye_vta_k1_seed0
Config saved to /home/haselab/projects/stable-deep-world-model/logs/content_kl_kernelsize/runs/20260207_060134_krull_private_eye/atari_private_eye_vta_k1_seed0/config.yaml
Create envs.
Action Space Box(0.0, 1.0, (18,), float32)
Prefill dataset (2500 steps).
Logger: (10000 steps).
Simulate agent.
Encoder CNN shapes: {'image': (64, 64, 3)}
Encoder MLP shapes: {}
Decoder CNN shapes: {'image': (64, 64, 3)}
Decoder MLP shapes: {}
Optimizer model_opt has 18889095 variables.
Optimizer actor_opt has 830482 variables.
Optimizer value_opt has 952063 variables.
[10000] 
Start evaluation.
[10000] eval_return 100.0 / eval_length 2695.0 / eval_episodes 1.0
add_video needs package moviepy
Start training.
[10000] model_loss 508.2 / model_grad_norm 1138.4 / image_loss 472.7 / reward_loss 2.8 / cont_loss 0.0 / kl_free 1.0 / dyn_scale 0.5 / rep_scale 0.1 / dyn_loss 54.4 / rep_loss 54.4 / kl 54.4 / prior_abs_ent 37.0 / post_abs_ent 0.4 / prior_obs_ent 34.1 / post_obs_ent 7.8 / boundary_ratio 0.5 / kl_mask 0.0 / normed_target_mean 0.0 / normed_target_std 0.0 / normed_target_min 0.0 / normed_target_max 0.0 / EMA_005 0.0 / EMA_095 0.0 / value_mean 0.0 / value_std 0.0 / value_min 0.0 / value_max 0.0 / target_mean 0.0 / target_std 0.0 / target_min 0.0 / target_max 0.0 / imag_reward_mean 0.0 / imag_reward_std 0.0 / imag_reward_min 0.0 / imag_reward_max 0.0 / imag_action_mean 8.7 / imag_action_std 5.3 / imag_action_min 0.0 / imag_action_max 17.0 / actor_entropy 2.7 / actor_loss 0.0 / actor_grad_norm 0.0 / value_loss 8.9 / value_grad_norm 22.5 / update_count 100.0 / fps 0.0
add_video needs package moviepy
add_video needs package moviepy
[10780] dataset_size 2695.0 / train_return 100.0 / train_length 2695.0 / train_episodes 1.0
[21556] dataset_size 5389.0 / train_return 100.0 / train_length 2694.0 / train_episodes 2.0
[30000] 
Start evaluation.
[30000] eval_return 0.0 / eval_length 2694.0 / eval_episodes 1.0
add_video needs package moviepy
Start training.
[30000] model_loss 22.8 / model_grad_norm 50.5 / image_loss 14.4 / reward_loss 0.0 / cont_loss 0.0 / kl_free 1.0 / dyn_scale 0.5 / rep_scale 0.1 / dyn_loss 14.0 / rep_loss 14.0 / kl 14.0 / prior_abs_ent 19.5 / post_abs_ent -9.0 / prior_obs_ent 22.3 / post_obs_ent 11.9 / boundary_ratio 0.2 / kl_mask 0.0 / normed_target_mean 0.0 / normed_target_std 0.1 / normed_target_min -0.0 / normed_target_max 5.6 / EMA_005 0.1 / EMA_095 0.1 / value_mean 0.1 / value_std 0.0 / value_min 0.1 / value_max 0.1 / target_mean 0.1 / target_std 0.1 / target_min 0.1 / target_max 5.7 / imag_reward_mean 0.0 / imag_reward_std 0.1 / imag_reward_min 0.0 / imag_reward_max 5.1 / imag_action_mean 8.2 / imag_action_std 5.3 / imag_action_min 0.0 / imag_action_max 17.0 / actor_entropy 2.7 / actor_loss 0.0 / actor_grad_norm 0.0 / value_loss 1.0 / value_grad_norm 1.8 / update_count 5100.0 / fps 16.5
add_video needs package moviepy
add_video needs package moviepy
[32328] dataset_size 8082.0 / train_return 0.0 / train_length 2693.0 / train_episodes 3.0
[43120] dataset_size 10780.0 / train_return -1000.0 / train_length 2698.0 / train_episodes 4.0
[50000] 
Start evaluation.
[50000] eval_return 0.0 / eval_length 2693.0 / eval_episodes 1.0
add_video needs package moviepy
Start training.
[50000] model_loss 14.0 / model_grad_norm 23.6 / image_loss 5.2 / reward_loss 0.0 / cont_loss 0.0 / kl_free 1.0 / dyn_scale 0.5 / rep_scale 0.1 / dyn_loss 14.6 / rep_loss 14.6 / kl 14.6 / prior_abs_ent 33.0 / post_abs_ent -11.8 / prior_obs_ent 27.4 / post_obs_ent 13.4 / boundary_ratio 0.0 / kl_mask 0.0 / normed_target_mean 0.2 / normed_target_std 1.2 / normed_target_min -6.6 / normed_target_max 44.9 / EMA_005 -0.0 / EMA_095 0.2 / value_mean 0.1 / value_std 0.1 / value_min -0.2 / value_max 0.5 / target_mean 0.2 / target_std 1.2 / target_min -6.6 / target_max 44.8 / imag_reward_mean 0.0 / imag_reward_std 0.6 / imag_reward_min -17.3 / imag_reward_max 38.7 / imag_action_mean 10.8 / imag_action_std 4.8 / imag_action_min 0.0 / imag_action_max 17.0 / actor_entropy 1.7 / actor_loss 0.0 / actor_grad_norm 0.1 / value_loss 1.1 / value_grad_norm 0.3 / update_count 10100.0 / fps 16.3
add_video needs package moviepy
add_video needs package moviepy
[53908] dataset_size 13477.0 / train_return 0.0 / train_length 2697.0 / train_episodes 5.0
[64672] dataset_size 16168.0 / train_return 0.0 / train_length 2691.0 / train_episodes 6.0
[70000] 
Start evaluation.
[70000] eval_return 0.0 / eval_length 2698.0 / eval_episodes 1.0
add_video needs package moviepy
Start training.
[70000] model_loss 10.4 / model_grad_norm 17.2 / image_loss 3.2 / reward_loss 0.0 / cont_loss 0.0 / kl_free 1.0 / dyn_scale 0.5 / rep_scale 0.1 / dyn_loss 12.0 / rep_loss 12.0 / kl 12.0 / prior_abs_ent 33.3 / post_abs_ent -20.8 / prior_obs_ent 20.3 / post_obs_ent 9.0 / boundary_ratio 0.0 / kl_mask 0.0 / normed_target_mean 0.5 / normed_target_std 2.0 / normed_target_min -9.1 / normed_target_max 56.2 / EMA_005 1.2 / EMA_095 2.5 / value_mean 1.8 / value_std 0.4 / value_min 0.9 / value_max 3.2 / target_mean 1.9 / target_std 2.6 / target_min -11.0 / target_max 73.1 / imag_reward_mean 0.0 / imag_reward_std 1.3 / imag_reward_min -43.8 / imag_reward_max 62.0 / imag_action_mean 10.5 / imag_action_std 4.4 / imag_action_min 0.0 / imag_action_max 17.0 / actor_entropy 0.8 / actor_loss 0.1 / actor_grad_norm 0.3 / value_loss 1.4 / value_grad_norm 0.4 / update_count 15100.0 / fps 16.2
add_video needs package moviepy
add_video needs package moviepy
[75460] dataset_size 18865.0 / train_return -31.0 / train_length 2697.0 / train_episodes 7.0
[86244] dataset_size 21561.0 / train_return 96.0 / train_length 2696.0 / train_episodes 8.0
[90000] 
Start evaluation.
[90000] eval_return 100.0 / eval_length 2697.0 / eval_episodes 1.0
add_video needs package moviepy
Start training.
[90000] model_loss 8.5 / model_grad_norm 17.4 / image_loss 2.3 / reward_loss 0.0 / cont_loss 0.0 / kl_free 1.0 / dyn_scale 0.5 / rep_scale 0.1 / dyn_loss 10.3 / rep_loss 10.3 / kl 10.3 / prior_abs_ent 33.6 / post_abs_ent -27.1 / prior_obs_ent 12.0 / post_obs_ent 2.5 / boundary_ratio 0.0 / kl_mask 0.0 / normed_target_mean 0.4 / normed_target_std 0.9 / normed_target_min -3.4 / normed_target_max 21.3 / EMA_005 4.2 / EMA_095 7.3 / value_mean 5.3 / value_std 0.9 / value_min 3.1 / value_max 8.6 / target_mean 5.5 / target_std 2.5 / target_min -5.8 / target_max 64.7 / imag_reward_mean 0.0 / imag_reward_std 1.1 / imag_reward_min -35.3 / imag_reward_max 53.2 / imag_action_mean 9.8 / imag_action_std 4.3 / imag_action_min 0.0 / imag_action_max 17.0 / actor_entropy 0.6 / actor_loss 0.1 / actor_grad_norm 0.3 / value_loss 1.3 / value_grad_norm 0.4 / update_count 20100.0 / fps 16.1
add_video needs package moviepy
add_video needs package moviepy
[97028] dataset_size 24257.0 / train_return 100.0 / train_length 2696.0 / train_episodes 9.0
[107800] dataset_size 26950.0 / train_return -100.0 / train_length 2693.0 / train_episodes 10.0
[110000] 
Start evaluation.
[110000] eval_return 100.0 / eval_length 2691.0 / eval_episodes 1.0
add_video needs package moviepy
Start training.
[110000] model_loss 7.4 / model_grad_norm 17.3 / image_loss 1.8 / reward_loss 0.0 / cont_loss 0.0 / kl_free 1.0 / dyn_scale 0.5 / rep_scale 0.1 / dyn_loss 9.4 / rep_loss 9.4 / kl 9.4 / prior_abs_ent 34.9 / post_abs_ent -28.0 / prior_obs_ent 7.7 / post_obs_ent -0.7 / boundary_ratio 0.0 / kl_mask 0.0 / normed_target_mean 0.3 / normed_target_std 0.6 / normed_target_min -2.2 / normed_target_max 12.1 / EMA_005 5.5 / EMA_095 10.4 / value_mean 7.1 / value_std 1.4 / value_min 3.7 / value_max 15.6 / target_mean 7.2 / target_std 2.8 / target_min -5.1 / target_max 62.3 / imag_reward_mean 0.0 / imag_reward_std 1.0 / imag_reward_min -31.4 / imag_reward_max 49.5 / imag_action_mean 10.2 / imag_action_std 4.7 / imag_action_min 0.0 / imag_action_max 17.0 / actor_entropy 0.5 / actor_loss 0.0 / actor_grad_norm 0.4 / value_loss 1.4 / value_grad_norm 0.5 / update_count 25100.0 / fps 16.1
add_video needs package moviepy
add_video needs package moviepy
[118572] dataset_size 29643.0 / train_return -100.0 / train_length 2693.0 / train_episodes 11.0
[129344] dataset_size 32336.0 / train_return -111.0 / train_length 2693.0 / train_episodes 12.0
[130000] 
Start evaluation.
[130000] eval_return 0.0 / eval_length 2697.0 / eval_episodes 1.0
add_video needs package moviepy
Start training.
[130000] model_loss 6.8 / model_grad_norm 16.6 / image_loss 1.5 / reward_loss 0.0 / cont_loss 0.0 / kl_free 1.0 / dyn_scale 0.5 / rep_scale 0.1 / dyn_loss 8.8 / rep_loss 8.8 / kl 8.8 / prior_abs_ent 35.8 / post_abs_ent -28.0 / prior_obs_ent 7.2 / post_obs_ent -0.6 / boundary_ratio 0.0 / kl_mask 0.0 / normed_target_mean 0.4 / normed_target_std 0.5 / normed_target_min -1.7 / normed_target_max 9.9 / EMA_005 4.0 / EMA_095 10.6 / value_mean 6.4 / value_std 1.9 / value_min 2.9 / value_max 19.5 / target_mean 6.5 / target_std 3.3 / target_min -7.3 / target_max 69.2 / imag_reward_mean 0.0 / imag_reward_std 1.1 / imag_reward_min -34.7 / imag_reward_max 53.0 / imag_action_mean 11.0 / imag_action_std 4.5 / imag_action_min 0.0 / imag_action_max 17.0 / actor_entropy 0.6 / actor_loss 0.1 / actor_grad_norm 0.4 / value_loss 1.5 / value_grad_norm 0.7 / update_count 30100.0 / fps 16.0
add_video needs package moviepy
add_video needs package moviepy
[140132] dataset_size 35033.0 / train_return 100.0 / train_length 2697.0 / train_episodes 13.0
[EVAL] abs/context KL plot...
Encoder CNN shapes: {'image': (64, 64, 3)}
Encoder MLP shapes: {}
Decoder CNN shapes: {'image': (64, 64, 3)}
Decoder MLP shapes: {}
Optimizer model_opt has 18889095 variables.
{"out": "/home/haselab/projects/stable-deep-world-model/logs/content_kl_kernelsize/runs/20260207_060134_krull_private_eye/atari_private_eye_vta_k1_seed0/analysis/vta_abs_kl_plot.png", "csv": "/home/haselab/projects/stable-deep-world-model/logs/content_kl_kernelsize/runs/20260207_060134_krull_private_eye/atari_private_eye_vta_k1_seed0/analysis/vta_abs_ctx_kl_series.csv", "series_len": 2699, "align": "min", "smooth": 5, "out_ctx": "/home/haselab/projects/stable-deep-world-model/logs/content_kl_kernelsize/runs/20260207_060134_krull_private_eye/atari_private_eye_vta_k1_seed0/analysis/vta_ctx_kl_plot.png", "items": [{"logdir": "/home/haselab/projects/stable-deep-world-model/logs/content_kl_kernelsize/runs/20260207_060134_krull_private_eye/atari_private_eye_vta_k1_seed0", "task": "atari_private_eye", "ckpt": "/home/haselab/projects/stable-deep-world-model/logs/content_kl_kernelsize/runs/20260207_060134_krull_private_eye/atari_private_eye_vta_k1_seed0/latest.pt", "episode": "/home/haselab/projects/stable-deep-world-model/logs/content_kl_kernelsize/runs/20260207_060134_krull_private_eye/atari_private_eye_vta_k1_seed0/train_eps/20260207T135356-623cc9838618413ab383254def4ae298-2699.npz", "vta_post_boundary_kernel_size": 1}]}
[EVAL] z_t-z_t+1 distances + boundary stats (constraints off for eval)...
Encoder CNN shapes: {'image': (64, 64, 3)}
Encoder MLP shapes: {}
Decoder CNN shapes: {'image': (64, 64, 3)}
Decoder MLP shapes: {}
Optimizer model_opt has 18889095 variables.
/home/haselab/projects/stable-deep-world-model/logs/content_kl_kernelsize/runs/20260207_060134_krull_private_eye/atari_private_eye_vta_k1_seed0/analysis/boundary_grid.png
/home/haselab/projects/stable-deep-world-model/logs/content_kl_kernelsize/runs/20260207_060134_krull_private_eye/atari_private_eye_vta_k1_seed0/analysis/boundary_internal.png
/home/haselab/projects/stable-deep-world-model/logs/content_kl_kernelsize/runs/20260207_060134_krull_private_eye/atari_private_eye_vta_k1_seed0/analysis/boundary_fired.png
{"task": "atari_private_eye", "logdir": "/home/haselab/projects/stable-deep-world-model/logs/content_kl_kernelsize/runs/20260207_060134_krull_private_eye/atari_private_eye_vta_k1_seed0", "ckpt": "/home/haselab/projects/stable-deep-world-model/logs/content_kl_kernelsize/runs/20260207_060134_krull_private_eye/atari_private_eye_vta_k1_seed0/latest.pt", "episode": "/home/haselab/projects/stable-deep-world-model/logs/content_kl_kernelsize/runs/20260207_060134_krull_private_eye/atari_private_eye_vta_k1_seed0/train_eps/20260207T135356-623cc9838618413ab383254def4ae298-2699.npz", "abs_kl_mean": 76.5845947265625, "abs_kl_std": 4.311557769775391, "obs_kl_mean": 5.955619812011719, "obs_kl_std": 3.988426685333252, "boundary_rate": 0.0, "read_prob_mean": 2.9625628339413623e-11, "read_prob_p99": 4.3870862498351926e-10, "abs_l2_mean": 1.528805136680603, "obs_l2_mean": 2.737658739089966, "abs_stoch_l2_mean": 0.0, "obs_stoch_l2_mean": 3.4883978366851807, "abs_l2_read_mean": NaN, "obs_l2_read_mean": NaN, "abs_stoch_l2_read_mean": NaN, "obs_stoch_l2_read_mean": NaN}

============================================================
[RUN] kernel_size=3
[RUN] logdir=/home/haselab/projects/stable-deep-world-model/logs/content_kl_kernelsize/runs/20260207_060134_krull_private_eye/atari_private_eye_vta_k3_seed0
============================================================
Logdir /home/haselab/projects/stable-deep-world-model/logs/content_kl_kernelsize/runs/20260207_060134_krull_private_eye/atari_private_eye_vta_k3_seed0
Config saved to /home/haselab/projects/stable-deep-world-model/logs/content_kl_kernelsize/runs/20260207_060134_krull_private_eye/atari_private_eye_vta_k3_seed0/config.yaml
Create envs.
Action Space Box(0.0, 1.0, (18,), float32)
Prefill dataset (2500 steps).
Logger: (10000 steps).
Simulate agent.
Encoder CNN shapes: {'image': (64, 64, 3)}
Encoder MLP shapes: {}
Decoder CNN shapes: {'image': (64, 64, 3)}
Decoder MLP shapes: {}
Optimizer model_opt has 23085447 variables.
Optimizer actor_opt has 830482 variables.
Optimizer value_opt has 952063 variables.
[10000] 
Start evaluation.
[10000] eval_return 0.0 / eval_length 2695.0 / eval_episodes 1.0
add_video needs package moviepy
Start training.
[10000] model_loss 503.4 / model_grad_norm 1122.0 / image_loss 472.5 / reward_loss 2.8 / cont_loss 0.0 / kl_free 1.0 / dyn_scale 0.5 / rep_scale 0.1 / dyn_loss 46.5 / rep_loss 46.5 / kl 46.5 / prior_abs_ent 36.7 / post_abs_ent -4.6 / prior_obs_ent 30.4 / post_obs_ent 5.2 / boundary_ratio 0.4 / kl_mask 0.1 / normed_target_mean 0.0 / normed_target_std 0.0 / normed_target_min 0.0 / normed_target_max 0.0 / EMA_005 0.0 / EMA_095 0.0 / value_mean 0.0 / value_std 0.0 / value_min 0.0 / value_max 0.0 / target_mean 0.0 / target_std 0.0 / target_min 0.0 / target_max 0.0 / imag_reward_mean 0.0 / imag_reward_std 0.0 / imag_reward_min 0.0 / imag_reward_max 0.0 / imag_action_mean 9.4 / imag_action_std 5.2 / imag_action_min 0.0 / imag_action_max 17.0 / actor_entropy 2.8 / actor_loss 0.0 / actor_grad_norm 0.0 / value_loss 9.0 / value_grad_norm 24.0 / update_count 100.0 / fps 0.0
add_video needs package moviepy
add_video needs package moviepy
[10780] dataset_size 2695.0 / train_return 100.0 / train_length 2695.0 / train_episodes 1.0
[21556] dataset_size 5389.0 / train_return 100.0 / train_length 2694.0 / train_episodes 2.0
[30000] 
Start evaluation.
[30000] eval_return 0.0 / eval_length 2694.0 / eval_episodes 1.0
add_video needs package moviepy
Start training.
[30000] model_loss 20.3 / model_grad_norm 57.1 / image_loss 14.9 / reward_loss 0.0 / cont_loss 0.0 / kl_free 1.0 / dyn_scale 0.5 / rep_scale 0.1 / dyn_loss 8.9 / rep_loss 8.9 / kl 8.9 / prior_abs_ent 22.3 / post_abs_ent -22.5 / prior_obs_ent 9.9 / post_obs_ent 3.2 / boundary_ratio 0.1 / kl_mask 0.0 / normed_target_mean 0.0 / normed_target_std 0.1 / normed_target_min -0.0 / normed_target_max 6.3 / EMA_005 0.1 / EMA_095 0.1 / value_mean 0.1 / value_std 0.0 / value_min 0.1 / value_max 0.2 / target_mean 0.1 / target_std 0.1 / target_min 0.1 / target_max 6.4 / imag_reward_mean 0.0 / imag_reward_std 0.1 / imag_reward_min 0.0 / imag_reward_max 4.8 / imag_action_mean 8.2 / imag_action_std 5.2 / imag_action_min 0.0 / imag_action_max 17.0 / actor_entropy 2.6 / actor_loss 0.0 / actor_grad_norm 0.0 / value_loss 0.9 / value_grad_norm 1.9 / update_count 5100.0 / fps 16.2
add_video needs package moviepy
add_video needs package moviepy
[32328] dataset_size 8082.0 / train_return 100.0 / train_length 2693.0 / train_episodes 3.0
[43120] dataset_size 10780.0 / train_return 100.0 / train_length 2698.0 / train_episodes 4.0
[50000] 
Start evaluation.
[50000] eval_return 0.0 / eval_length 2693.0 / eval_episodes 1.0
add_video needs package moviepy
Start training.
[50000] model_loss 9.2 / model_grad_norm 30.1 / image_loss 4.3 / reward_loss 0.0 / cont_loss 0.0 / kl_free 1.0 / dyn_scale 0.5 / rep_scale 0.1 / dyn_loss 8.2 / rep_loss 8.2 / kl 8.2 / prior_abs_ent 14.7 / post_abs_ent -20.9 / prior_obs_ent 14.7 / post_obs_ent 7.9 / boundary_ratio 0.0 / kl_mask 0.0 / normed_target_mean 0.2 / normed_target_std 1.3 / normed_target_min -0.0 / normed_target_max 39.3 / EMA_005 0.1 / EMA_095 2.2 / value_mean 0.6 / value_std 0.7 / value_min 0.1 / value_max 4.5 / target_mean 0.8 / target_std 2.7 / target_min 0.0 / target_max 67.8 / imag_reward_mean 0.0 / imag_reward_std 1.0 / imag_reward_min -0.0 / imag_reward_max 52.6 / imag_action_mean 9.3 / imag_action_std 4.8 / imag_action_min 0.0 / imag_action_max 17.0 / actor_entropy 1.7 / actor_loss 0.1 / actor_grad_norm 0.2 / value_loss 1.4 / value_grad_norm 0.5 / update_count 10100.0 / fps 16.1
add_video needs package moviepy
add_video needs package moviepy
[53908] dataset_size 13477.0 / train_return 100.0 / train_length 2697.0 / train_episodes 5.0
[64672] dataset_size 16168.0 / train_return -221.0 / train_length 2691.0 / train_episodes 6.0
[70000] 
Start evaluation.
[70000] eval_return 0.0 / eval_length 2698.0 / eval_episodes 1.0
add_video needs package moviepy
Start training.
[70000] model_loss 7.5 / model_grad_norm 24.0 / image_loss 2.9 / reward_loss 0.0 / cont_loss 0.0 / kl_free 1.0 / dyn_scale 0.5 / rep_scale 0.1 / dyn_loss 7.8 / rep_loss 7.8 / kl 7.8 / prior_abs_ent 13.0 / post_abs_ent -20.3 / prior_obs_ent 15.3 / post_obs_ent 9.5 / boundary_ratio 0.1 / kl_mask 0.0 / normed_target_mean 0.3 / normed_target_std 0.4 / normed_target_min -0.0 / normed_target_max 5.0 / EMA_005 0.3 / EMA_095 25.7 / value_mean 7.2 / value_std 8.2 / value_min 0.2 / value_max 40.3 / target_mean 7.8 / target_std 10.7 / target_min -0.1 / target_max 114.3 / imag_reward_mean 0.1 / imag_reward_std 1.9 / imag_reward_min -0.2 / imag_reward_max 76.3 / imag_action_mean 12.1 / imag_action_std 4.4 / imag_action_min 0.0 / imag_action_max 17.0 / actor_entropy 0.6 / actor_loss 0.2 / actor_grad_norm 0.6 / value_loss 2.1 / value_grad_norm 1.4 / update_count 15100.0 / fps 16.1
add_video needs package moviepy
add_video needs package moviepy
[75460] dataset_size 18865.0 / train_return 0.0 / train_length 2697.0 / train_episodes 7.0
[86244] dataset_size 21561.0 / train_return 100.0 / train_length 2696.0 / train_episodes 8.0
[90000] 
Start evaluation.
[90000] eval_return 100.0 / eval_length 2697.0 / eval_episodes 1.0
add_video needs package moviepy
Start training.
[90000] model_loss 6.4 / model_grad_norm 22.5 / image_loss 2.1 / reward_loss 0.0 / cont_loss 0.0 / kl_free 1.0 / dyn_scale 0.5 / rep_scale 0.1 / dyn_loss 7.2 / rep_loss 7.2 / kl 7.2 / prior_abs_ent 13.1 / post_abs_ent -21.7 / prior_obs_ent 14.8 / post_obs_ent 9.9 / boundary_ratio 0.1 / kl_mask 0.0 / normed_target_mean 0.3 / normed_target_std 0.4 / normed_target_min -0.0 / normed_target_max 2.6 / EMA_005 1.1 / EMA_095 63.9 / value_mean 21.6 / value_std 20.7 / value_min 0.7 / value_max 87.2 / target_mean 22.5 / target_std 22.8 / target_min -0.9 / target_max 163.9 / imag_reward_mean 0.1 / imag_reward_std 1.7 / imag_reward_min -4.6 / imag_reward_max 65.0 / imag_action_mean 14.4 / imag_action_std 3.2 / imag_action_min 0.0 / imag_action_max 17.0 / actor_entropy 0.3 / actor_loss 0.2 / actor_grad_norm 1.0 / value_loss 2.1 / value_grad_norm 2.1 / update_count 20100.0 / fps 16.0
add_video needs package moviepy
add_video needs package moviepy
[97028] dataset_size 24257.0 / train_return 100.0 / train_length 2696.0 / train_episodes 9.0
[107800] dataset_size 26950.0 / train_return 100.0 / train_length 2693.0 / train_episodes 10.0
[110000] 
Start evaluation.
[110000] eval_return 100.0 / eval_length 2691.0 / eval_episodes 1.0
add_video needs package moviepy
Start training.
[110000] model_loss 6.0 / model_grad_norm 20.4 / image_loss 1.8 / reward_loss 0.0 / cont_loss 0.0 / kl_free 1.0 / dyn_scale 0.5 / rep_scale 0.1 / dyn_loss 7.0 / rep_loss 7.0 / kl 7.0 / prior_abs_ent 12.6 / post_abs_ent -22.7 / prior_obs_ent 12.6 / post_obs_ent 7.6 / boundary_ratio 0.1 / kl_mask 0.0 / normed_target_mean 0.3 / normed_target_std 0.3 / normed_target_min -0.0 / normed_target_max 2.7 / EMA_005 1.9 / EMA_095 64.8 / value_mean 18.9 / value_std 20.0 / value_min 1.4 / value_max 107.5 / target_mean 19.3 / target_std 21.7 / target_min -0.1 / target_max 172.2 / imag_reward_mean 0.0 / imag_reward_std 1.4 / imag_reward_min -6.6 / imag_reward_max 55.3 / imag_action_mean 13.8 / imag_action_std 4.2 / imag_action_min 0.0 / imag_action_max 17.0 / actor_entropy 0.4 / actor_loss 0.1 / actor_grad_norm 0.9 / value_loss 1.7 / value_grad_norm 1.8 / update_count 25100.0 / fps 16.0
add_video needs package moviepy
add_video needs package moviepy
[118572] dataset_size 29643.0 / train_return 100.0 / train_length 2693.0 / train_episodes 11.0
[129344] dataset_size 32336.0 / train_return 100.0 / train_length 2693.0 / train_episodes 12.0
[130000] 
Start evaluation.
[130000] eval_return 100.0 / eval_length 2697.0 / eval_episodes 1.0
add_video needs package moviepy
Start training.
[130000] model_loss 5.2 / model_grad_norm 19.4 / image_loss 1.4 / reward_loss 0.0 / cont_loss 0.0 / kl_free 1.0 / dyn_scale 0.5 / rep_scale 0.1 / dyn_loss 6.2 / rep_loss 6.2 / kl 6.2 / prior_abs_ent 11.1 / post_abs_ent -23.5 / prior_obs_ent 9.7 / post_obs_ent 5.5 / boundary_ratio 0.1 / kl_mask 0.0 / normed_target_mean 0.2 / normed_target_std 0.3 / normed_target_min -0.0 / normed_target_max 2.5 / EMA_005 1.5 / EMA_095 54.7 / value_mean 13.6 / value_std 17.1 / value_min 1.2 / value_max 101.3 / target_mean 13.8 / target_std 18.0 / target_min 0.1 / target_max 136.1 / imag_reward_mean 0.0 / imag_reward_std 1.1 / imag_reward_min -5.3 / imag_reward_max 50.6 / imag_action_mean 13.1 / imag_action_std 4.4 / imag_action_min 0.0 / imag_action_max 17.0 / actor_entropy 0.4 / actor_loss 0.0 / actor_grad_norm 0.6 / value_loss 1.4 / value_grad_norm 1.5 / update_count 30100.0 / fps 15.9
add_video needs package moviepy
add_video needs package moviepy
[140132] dataset_size 35033.0 / train_return 100.0 / train_length 2697.0 / train_episodes 13.0
[EVAL] abs/context KL plot...
Encoder CNN shapes: {'image': (64, 64, 3)}
Encoder MLP shapes: {}
Decoder CNN shapes: {'image': (64, 64, 3)}
Decoder MLP shapes: {}
Optimizer model_opt has 23085447 variables.
{"out": "/home/haselab/projects/stable-deep-world-model/logs/content_kl_kernelsize/runs/20260207_060134_krull_private_eye/atari_private_eye_vta_k3_seed0/analysis/vta_abs_kl_plot.png", "csv": "/home/haselab/projects/stable-deep-world-model/logs/content_kl_kernelsize/runs/20260207_060134_krull_private_eye/atari_private_eye_vta_k3_seed0/analysis/vta_abs_ctx_kl_series.csv", "series_len": 2699, "align": "min", "smooth": 5, "out_ctx": "/home/haselab/projects/stable-deep-world-model/logs/content_kl_kernelsize/runs/20260207_060134_krull_private_eye/atari_private_eye_vta_k3_seed0/analysis/vta_ctx_kl_plot.png", "items": [{"logdir": "/home/haselab/projects/stable-deep-world-model/logs/content_kl_kernelsize/runs/20260207_060134_krull_private_eye/atari_private_eye_vta_k3_seed0", "task": "atari_private_eye", "ckpt": "/home/haselab/projects/stable-deep-world-model/logs/content_kl_kernelsize/runs/20260207_060134_krull_private_eye/atari_private_eye_vta_k3_seed0/latest.pt", "episode": "/home/haselab/projects/stable-deep-world-model/logs/content_kl_kernelsize/runs/20260207_060134_krull_private_eye/atari_private_eye_vta_k3_seed0/train_eps/20260207T161911-29090d8e6d54491b9b9f4e717de992b6-2699.npz", "vta_post_boundary_kernel_size": 3}]}
[EVAL] z_t-z_t+1 distances + boundary stats (constraints off for eval)...
Encoder CNN shapes: {'image': (64, 64, 3)}
Encoder MLP shapes: {}
Decoder CNN shapes: {'image': (64, 64, 3)}
Decoder MLP shapes: {}
Optimizer model_opt has 23085447 variables.
/home/haselab/projects/stable-deep-world-model/logs/content_kl_kernelsize/runs/20260207_060134_krull_private_eye/atari_private_eye_vta_k3_seed0/analysis/boundary_grid.png
/home/haselab/projects/stable-deep-world-model/logs/content_kl_kernelsize/runs/20260207_060134_krull_private_eye/atari_private_eye_vta_k3_seed0/analysis/boundary_internal.png
/home/haselab/projects/stable-deep-world-model/logs/content_kl_kernelsize/runs/20260207_060134_krull_private_eye/atari_private_eye_vta_k3_seed0/analysis/boundary_fired.png
{"task": "atari_private_eye", "logdir": "/home/haselab/projects/stable-deep-world-model/logs/content_kl_kernelsize/runs/20260207_060134_krull_private_eye/atari_private_eye_vta_k3_seed0", "ckpt": "/home/haselab/projects/stable-deep-world-model/logs/content_kl_kernelsize/runs/20260207_060134_krull_private_eye/atari_private_eye_vta_k3_seed0/latest.pt", "episode": "/home/haselab/projects/stable-deep-world-model/logs/content_kl_kernelsize/runs/20260207_060134_krull_private_eye/atari_private_eye_vta_k3_seed0/train_eps/20260207T161911-29090d8e6d54491b9b9f4e717de992b6-2699.npz", "abs_kl_mean": 216.33982849121094, "abs_kl_std": 99.30998992919922, "obs_kl_mean": 5.896117687225342, "obs_kl_std": 4.289888858795166, "boundary_rate": 0.0007410151908114116, "read_prob_mean": 0.000741032708901912, "read_prob_p99": 7.943142321664709e-08, "abs_l2_mean": 1.0534785985946655, "obs_l2_mean": 3.400355815887451, "abs_stoch_l2_mean": 0.0031748765613883734, "obs_stoch_l2_mean": 4.207776069641113, "abs_l2_read_mean": 6.738842010498047, "obs_l2_read_mean": 12.05993366241455, "abs_stoch_l2_read_mean": 8.565816879272461, "obs_stoch_l2_read_mean": 11.79867172241211}

============================================================
[RUN] kernel_size=5
[RUN] logdir=/home/haselab/projects/stable-deep-world-model/logs/content_kl_kernelsize/runs/20260207_060134_krull_private_eye/atari_private_eye_vta_k5_seed0
============================================================
Logdir /home/haselab/projects/stable-deep-world-model/logs/content_kl_kernelsize/runs/20260207_060134_krull_private_eye/atari_private_eye_vta_k5_seed0
Config saved to /home/haselab/projects/stable-deep-world-model/logs/content_kl_kernelsize/runs/20260207_060134_krull_private_eye/atari_private_eye_vta_k5_seed0/config.yaml
Create envs.
Action Space Box(0.0, 1.0, (18,), float32)
Prefill dataset (2500 steps).
Logger: (10000 steps).
Simulate agent.
Encoder CNN shapes: {'image': (64, 64, 3)}
Encoder MLP shapes: {}
Decoder CNN shapes: {'image': (64, 64, 3)}
Decoder MLP shapes: {}
Optimizer model_opt has 27281799 variables.
Optimizer actor_opt has 830482 variables.
Optimizer value_opt has 952063 variables.
[10000] 
Start evaluation.
[10000] eval_return -1000.0 / eval_length 2695.0 / eval_episodes 1.0
add_video needs package moviepy
Start training.
[10000] model_loss 475.8 / model_grad_norm 1117.2 / image_loss 448.5 / reward_loss 2.8 / cont_loss 0.0 / kl_free 1.0 / dyn_scale 0.5 / rep_scale 0.1 / dyn_loss 40.7 / rep_loss 40.7 / kl 40.7 / prior_abs_ent 37.3 / post_abs_ent -3.9 / prior_obs_ent 26.4 / post_obs_ent 5.1 / boundary_ratio 0.3 / kl_mask 0.1 / normed_target_mean 0.0 / normed_target_std 0.0 / normed_target_min 0.0 / normed_target_max 0.0 / EMA_005 0.0 / EMA_095 0.0 / value_mean 0.0 / value_std 0.0 / value_min 0.0 / value_max 0.0 / target_mean 0.0 / target_std 0.0 / target_min 0.0 / target_max 0.0 / imag_reward_mean 0.0 / imag_reward_std 0.0 / imag_reward_min 0.0 / imag_reward_max 0.0 / imag_action_mean 8.8 / imag_action_std 5.1 / imag_action_min 0.0 / imag_action_max 17.0 / actor_entropy 2.7 / actor_loss 0.0 / actor_grad_norm 0.0 / value_loss 9.1 / value_grad_norm 24.0 / update_count 100.0 / fps 0.0
add_video needs package moviepy
add_video needs package moviepy
[10780] dataset_size 2695.0 / train_return 100.0 / train_length 2695.0 / train_episodes 1.0
[21556] dataset_size 5389.0 / train_return 0.0 / train_length 2694.0 / train_episodes 2.0
[30000] 
Start evaluation.
[30000] eval_return -768.0 / eval_length 2694.0 / eval_episodes 1.0
add_video needs package moviepy
Start training.
[30000] model_loss 20.6 / model_grad_norm 59.1 / image_loss 14.7 / reward_loss 0.0 / cont_loss 0.0 / kl_free 1.0 / dyn_scale 0.5 / rep_scale 0.1 / dyn_loss 9.8 / rep_loss 9.8 / kl 9.8 / prior_abs_ent 25.2 / post_abs_ent -22.1 / prior_obs_ent 11.4 / post_obs_ent 3.8 / boundary_ratio 0.1 / kl_mask 0.0 / normed_target_mean 0.0 / normed_target_std 0.1 / normed_target_min -1.2 / normed_target_max 2.4 / EMA_005 0.1 / EMA_095 0.1 / value_mean 0.1 / value_std 0.0 / value_min 0.1 / value_max 0.1 / target_mean 0.1 / target_std 0.1 / target_min -1.1 / target_max 2.5 / imag_reward_mean 0.0 / imag_reward_std 0.0 / imag_reward_min -0.4 / imag_reward_max 2.7 / imag_action_mean 8.5 / imag_action_std 5.1 / imag_action_min 0.0 / imag_action_max 17.0 / actor_entropy 2.7 / actor_loss 0.0 / actor_grad_norm 0.0 / value_loss 1.2 / value_grad_norm 1.9 / update_count 5100.0 / fps 16.3
add_video needs package moviepy
add_video needs package moviepy
[32328] dataset_size 8082.0 / train_return 4000.0 / train_length 2693.0 / train_episodes 3.0
[43120] dataset_size 10780.0 / train_return 0.0 / train_length 2698.0 / train_episodes 4.0
[50000] 
Start evaluation.
[50000] eval_return 0.0 / eval_length 2693.0 / eval_episodes 1.0
add_video needs package moviepy
Start training.
[50000] model_loss 11.1 / model_grad_norm 33.1 / image_loss 5.3 / reward_loss 0.0 / cont_loss 0.0 / kl_free 1.0 / dyn_scale 0.5 / rep_scale 0.1 / dyn_loss 9.7 / rep_loss 9.7 / kl 9.7 / prior_abs_ent 23.2 / post_abs_ent -19.7 / prior_obs_ent 18.3 / post_obs_ent 10.6 / boundary_ratio 0.1 / kl_mask 0.0 / normed_target_mean 0.6 / normed_target_std 6.5 / normed_target_min -13.6 / normed_target_max 216.6 / EMA_005 0.0 / EMA_095 2.4 / value_mean 0.7 / value_std 0.8 / value_min -0.1 / value_max 3.5 / target_mean 1.7 / target_std 16.4 / target_min -22.7 / target_max 518.9 / imag_reward_mean 0.1 / imag_reward_std 6.9 / imag_reward_min -54.0 / imag_reward_max 466.6 / imag_action_mean 8.0 / imag_action_std 5.7 / imag_action_min 0.0 / imag_action_max 17.0 / actor_entropy 1.3 / actor_loss 0.3 / actor_grad_norm 1.8 / value_loss 1.4 / value_grad_norm 0.7 / update_count 10100.0 / fps 16.1
add_video needs package moviepy
add_video needs package moviepy
[53908] dataset_size 13477.0 / train_return 0.0 / train_length 2697.0 / train_episodes 5.0
[64672] dataset_size 16168.0 / train_return 0.0 / train_length 2691.0 / train_episodes 6.0
[70000] 
Start evaluation.
[70000] eval_return 0.0 / eval_length 2698.0 / eval_episodes 1.0
add_video needs package moviepy
Start training.
[70000] model_loss 7.9 / model_grad_norm 23.2 / image_loss 3.2 / reward_loss 0.0 / cont_loss 0.0 / kl_free 1.0 / dyn_scale 0.5 / rep_scale 0.1 / dyn_loss 7.8 / rep_loss 7.8 / kl 7.8 / prior_abs_ent 20.9 / post_abs_ent -20.2 / prior_obs_ent 17.5 / post_obs_ent 11.3 / boundary_ratio 0.0 / kl_mask 0.0 / normed_target_mean 0.4 / normed_target_std 3.0 / normed_target_min -2.1 / normed_target_max 77.9 / EMA_005 1.1 / EMA_095 10.4 / value_mean 3.4 / value_std 3.2 / value_min 0.9 / value_max 14.0 / target_mean 5.0 / target_std 26.0 / target_min -17.7 / target_max 664.7 / imag_reward_mean 0.2 / imag_reward_std 10.6 / imag_reward_min -56.8 / imag_reward_max 587.0 / imag_action_mean 8.1 / imag_action_std 5.8 / imag_action_min 0.0 / imag_action_max 17.0 / actor_entropy 0.7 / actor_loss 0.4 / actor_grad_norm 2.5 / value_loss 1.4 / value_grad_norm 0.7 / update_count 15100.0 / fps 16.0
add_video needs package moviepy
add_video needs package moviepy
[75460] dataset_size 18865.0 / train_return 0.0 / train_length 2697.0 / train_episodes 7.0
[86244] dataset_size 21561.0 / train_return 0.0 / train_length 2696.0 / train_episodes 8.0
[90000] 
Start evaluation.
[90000] eval_return 0.0 / eval_length 2697.0 / eval_episodes 1.0
add_video needs package moviepy
Start training.
[90000] model_loss 6.7 / model_grad_norm 21.0 / image_loss 2.3 / reward_loss 0.0 / cont_loss 0.0 / kl_free 1.0 / dyn_scale 0.5 / rep_scale 0.1 / dyn_loss 7.4 / rep_loss 7.4 / kl 7.4 / prior_abs_ent 18.5 / post_abs_ent -21.0 / prior_obs_ent 16.8 / post_obs_ent 11.2 / boundary_ratio 0.0 / kl_mask 0.0 / normed_target_mean 0.4 / normed_target_std 2.6 / normed_target_min -2.1 / normed_target_max 56.6 / EMA_005 0.6 / EMA_095 9.8 / value_mean 2.6 / value_std 3.5 / value_min 0.6 / value_max 17.4 / target_mean 4.0 / target_std 22.8 / target_min -16.8 / target_max 494.3 / imag_reward_mean 0.2 / imag_reward_std 9.1 / imag_reward_min -44.6 / imag_reward_max 438.3 / imag_action_mean 8.0 / imag_action_std 5.4 / imag_action_min 0.0 / imag_action_max 17.0 / actor_entropy 0.6 / actor_loss 0.4 / actor_grad_norm 2.3 / value_loss 1.1 / value_grad_norm 0.6 / update_count 20100.0 / fps 16.0
add_video needs package moviepy
add_video needs package moviepy
[97028] dataset_size 24257.0 / train_return 0.0 / train_length 2696.0 / train_episodes 9.0
[107800] dataset_size 26950.0 / train_return 100.0 / train_length 2693.0 / train_episodes 10.0
[110000] 
Start evaluation.
[110000] eval_return 100.0 / eval_length 2691.0 / eval_episodes 1.0
add_video needs package moviepy
Start training.
[110000] model_loss 5.7 / model_grad_norm 19.2 / image_loss 1.7 / reward_loss 0.0 / cont_loss 0.0 / kl_free 1.0 / dyn_scale 0.5 / rep_scale 0.1 / dyn_loss 6.6 / rep_loss 6.6 / kl 6.6 / prior_abs_ent 17.7 / post_abs_ent -21.2 / prior_obs_ent 14.6 / post_obs_ent 9.7 / boundary_ratio 0.0 / kl_mask 0.0 / normed_target_mean 0.4 / normed_target_std 3.4 / normed_target_min -3.7 / normed_target_max 74.5 / EMA_005 0.2 / EMA_095 5.0 / value_mean 1.3 / value_std 2.3 / value_min 0.1 / value_max 15.2 / target_mean 2.3 / target_std 16.4 / target_min -17.6 / target_max 362.2 / imag_reward_mean 0.2 / imag_reward_std 6.9 / imag_reward_min -37.2 / imag_reward_max 335.6 / imag_action_mean 7.1 / imag_action_std 4.8 / imag_action_min 0.0 / imag_action_max 17.0 / actor_entropy 0.5 / actor_loss 0.2 / actor_grad_norm 1.6 / value_loss 1.0 / value_grad_norm 0.6 / update_count 25100.0 / fps 16.0
add_video needs package moviepy
add_video needs package moviepy
[118572] dataset_size 29643.0 / train_return 37.0 / train_length 2693.0 / train_episodes 11.0
[129344] dataset_size 32336.0 / train_return -1000.0 / train_length 2693.0 / train_episodes 12.0
[130000] 
Start evaluation.
[130000] eval_return 100.0 / eval_length 2697.0 / eval_episodes 1.0
add_video needs package moviepy
Start training.
[130000] model_loss 5.1 / model_grad_norm 19.0 / image_loss 1.4 / reward_loss 0.0 / cont_loss 0.0 / kl_free 1.0 / dyn_scale 0.5 / rep_scale 0.1 / dyn_loss 6.1 / rep_loss 6.1 / kl 6.1 / prior_abs_ent 20.0 / post_abs_ent -21.1 / prior_obs_ent 13.3 / post_obs_ent 9.0 / boundary_ratio 0.0 / kl_mask 0.0 / normed_target_mean 0.4 / normed_target_std 3.0 / normed_target_min -2.8 / normed_target_max 65.8 / EMA_005 0.1 / EMA_095 4.3 / value_mean 1.1 / value_std 2.1 / value_min 0.0 / value_max 17.8 / target_mean 1.9 / target_std 12.7 / target_min -11.8 / target_max 277.4 / imag_reward_mean 0.1 / imag_reward_std 5.3 / imag_reward_min -30.8 / imag_reward_max 237.3 / imag_action_mean 6.2 / imag_action_std 4.3 / imag_action_min 0.0 / imag_action_max 17.0 / actor_entropy 0.5 / actor_loss 0.1 / actor_grad_norm 1.4 / value_loss 1.0 / value_grad_norm 0.9 / update_count 30100.0 / fps 15.9
add_video needs package moviepy
add_video needs package moviepy
[140132] dataset_size 35033.0 / train_return 100.0 / train_length 2697.0 / train_episodes 13.0
[EVAL] abs/context KL plot...
Encoder CNN shapes: {'image': (64, 64, 3)}
Encoder MLP shapes: {}
Decoder CNN shapes: {'image': (64, 64, 3)}
Decoder MLP shapes: {}
Optimizer model_opt has 27281799 variables.
{"out": "/home/haselab/projects/stable-deep-world-model/logs/content_kl_kernelsize/runs/20260207_060134_krull_private_eye/atari_private_eye_vta_k5_seed0/analysis/vta_abs_kl_plot.png", "csv": "/home/haselab/projects/stable-deep-world-model/logs/content_kl_kernelsize/runs/20260207_060134_krull_private_eye/atari_private_eye_vta_k5_seed0/analysis/vta_abs_ctx_kl_series.csv", "series_len": 2699, "align": "min", "smooth": 5, "out_ctx": "/home/haselab/projects/stable-deep-world-model/logs/content_kl_kernelsize/runs/20260207_060134_krull_private_eye/atari_private_eye_vta_k5_seed0/analysis/vta_ctx_kl_plot.png", "items": [{"logdir": "/home/haselab/projects/stable-deep-world-model/logs/content_kl_kernelsize/runs/20260207_060134_krull_private_eye/atari_private_eye_vta_k5_seed0", "task": "atari_private_eye", "ckpt": "/home/haselab/projects/stable-deep-world-model/logs/content_kl_kernelsize/runs/20260207_060134_krull_private_eye/atari_private_eye_vta_k5_seed0/latest.pt", "episode": "/home/haselab/projects/stable-deep-world-model/logs/content_kl_kernelsize/runs/20260207_060134_krull_private_eye/atari_private_eye_vta_k5_seed0/train_eps/20260207T184510-5c040a4372ad479ba7270b152cac64b9-2699.npz", "vta_post_boundary_kernel_size": 5}]}
[EVAL] z_t-z_t+1 distances + boundary stats (constraints off for eval)...
Encoder CNN shapes: {'image': (64, 64, 3)}
Encoder MLP shapes: {}
Decoder CNN shapes: {'image': (64, 64, 3)}
Decoder MLP shapes: {}
Optimizer model_opt has 27281799 variables.
/home/haselab/projects/stable-deep-world-model/logs/content_kl_kernelsize/runs/20260207_060134_krull_private_eye/atari_private_eye_vta_k5_seed0/analysis/boundary_grid.png
/home/haselab/projects/stable-deep-world-model/logs/content_kl_kernelsize/runs/20260207_060134_krull_private_eye/atari_private_eye_vta_k5_seed0/analysis/boundary_internal.png
/home/haselab/projects/stable-deep-world-model/logs/content_kl_kernelsize/runs/20260207_060134_krull_private_eye/atari_private_eye_vta_k5_seed0/analysis/boundary_fired.png
{"task": "atari_private_eye", "logdir": "/home/haselab/projects/stable-deep-world-model/logs/content_kl_kernelsize/runs/20260207_060134_krull_private_eye/atari_private_eye_vta_k5_seed0", "ckpt": "/home/haselab/projects/stable-deep-world-model/logs/content_kl_kernelsize/runs/20260207_060134_krull_private_eye/atari_private_eye_vta_k5_seed0/latest.pt", "episode": "/home/haselab/projects/stable-deep-world-model/logs/content_kl_kernelsize/runs/20260207_060134_krull_private_eye/atari_private_eye_vta_k5_seed0/train_eps/20260207T184510-5c040a4372ad479ba7270b152cac64b9-2699.npz", "abs_kl_mean": 1124.48291015625, "abs_kl_std": 604.9398803710938, "obs_kl_mean": 4.96096658706665, "obs_kl_std": 5.991209506988525, "boundary_rate": 0.008521674694331233, "read_prob_mean": 0.00852170679718256, "read_prob_p99": 1.5900241123745218e-06, "abs_l2_mean": 1.1010487079620361, "obs_l2_mean": 2.6615214347839355, "abs_stoch_l2_mean": 0.041006747633218765, "obs_stoch_l2_mean": 3.9951438903808594, "abs_l2_read_mean": 6.157730579376221, "obs_l2_read_mean": 10.649888038635254, "abs_stoch_l2_read_mean": 5.0289177894592285, "obs_stoch_l2_read_mean": 11.177872657775879}

[SUMMARY] Aggregating kernel comparison table...
Wrote /home/haselab/projects/stable-deep-world-model/logs/content_kl_kernelsize/runs/20260207_060134_krull_private_eye/summary.csv
[DONE] /home/haselab/projects/stable-deep-world-model/logs/content_kl_kernelsize/runs/20260207_060134_krull_private_eye/summary.csv
[2026-02-07 20:48:05] Finished TASK=atari_private_eye
[2026-02-07 20:48:05] Queue script finished
