task,logdir,ckpt,episode,window_start,window_end,boundary_rate,read_prob_mean,abs_l2_mean,obs_l2_mean,abs_stoch_l2_mean,obs_stoch_l2_mean,abs_l2_read_mean,obs_l2_read_mean,abs_stoch_l2_read_mean,obs_stoch_l2_read_mean
atari_krull,/home/haselab/projects/stable-deep-world-model/logs/models/from_scratch_atari_krull_vta_3seed_to_400000_20260208_112207/atari_krull_seed0,/home/haselab/projects/stable-deep-world-model/logs/models/from_scratch_atari_krull_vta_3seed_to_400000_20260208_112207/atari_krull_seed0/checkpoints/step-000012500.pt,/home/haselab/projects/stable-deep-world-model/logs/models/from_scratch_atari_krull_vta_3seed_to_400000_20260208_112207/atari_krull_seed0/eval_eps/20260208T180330-44487f1ea8c44b5eaf22e05d1a89f711-1974.npz,0,20,0.0,1.3344512694857258e-07,0.010072704404592514,0.3338067829608917,0.0,2.740088939666748,nan,nan,nan,nan
atari_krull,/home/haselab/projects/stable-deep-world-model/logs/models/from_scratch_atari_krull_vta_3seed_to_400000_20260208_112207/atari_krull_seed0,/home/haselab/projects/stable-deep-world-model/logs/models/from_scratch_atari_krull_vta_3seed_to_400000_20260208_112207/atari_krull_seed0/checkpoints/step-000012500.pt,/home/haselab/projects/stable-deep-world-model/logs/models/from_scratch_atari_krull_vta_3seed_to_400000_20260208_112207/atari_krull_seed0/eval_eps/20260208T180330-44487f1ea8c44b5eaf22e05d1a89f711-1974.npz,5,25,0.0,4.828038981941063e-07,0.10892516374588013,0.840286135673523,0.0,3.18670392036438,nan,nan,nan,nan
atari_krull,/home/haselab/projects/stable-deep-world-model/logs/models/from_scratch_atari_krull_vta_3seed_to_400000_20260208_112207/atari_krull_seed0,/home/haselab/projects/stable-deep-world-model/logs/models/from_scratch_atari_krull_vta_3seed_to_400000_20260208_112207/atari_krull_seed0/checkpoints/step-000012500.pt,/home/haselab/projects/stable-deep-world-model/logs/models/from_scratch_atari_krull_vta_3seed_to_400000_20260208_112207/atari_krull_seed0/eval_eps/20260208T180330-44487f1ea8c44b5eaf22e05d1a89f711-1974.npz,10,30,0.0,5.648787464451743e-07,0.16526365280151367,0.9469441175460815,0.0,3.176090955734253,nan,nan,nan,nan
atari_krull,/home/haselab/projects/stable-deep-world-model/logs/models/from_scratch_atari_krull_vta_3seed_to_400000_20260208_112207/atari_krull_seed0,/home/haselab/projects/stable-deep-world-model/logs/models/from_scratch_atari_krull_vta_3seed_to_400000_20260208_112207/atari_krull_seed0/checkpoints/step-000012500.pt,/home/haselab/projects/stable-deep-world-model/logs/models/from_scratch_atari_krull_vta_3seed_to_400000_20260208_112207/atari_krull_seed0/eval_eps/20260208T180330-44487f1ea8c44b5eaf22e05d1a89f711-1974.npz,15,35,0.0,5.733651278205798e-07,0.2343052178621292,1.1107072830200195,0.0,3.3571465015411377,nan,nan,nan,nan
atari_krull,/home/haselab/projects/stable-deep-world-model/logs/models/from_scratch_atari_krull_vta_3seed_to_400000_20260208_112207/atari_krull_seed0,/home/haselab/projects/stable-deep-world-model/logs/models/from_scratch_atari_krull_vta_3seed_to_400000_20260208_112207/atari_krull_seed0/checkpoints/step-000012500.pt,/home/haselab/projects/stable-deep-world-model/logs/models/from_scratch_atari_krull_vta_3seed_to_400000_20260208_112207/atari_krull_seed0/eval_eps/20260208T180330-44487f1ea8c44b5eaf22e05d1a89f711-1974.npz,20,40,0.0,5.504401769940159e-07,0.31935474276542664,1.2657976150512695,0.0,3.3887481689453125,nan,nan,nan,nan
atari_krull,/home/haselab/projects/stable-deep-world-model/logs/models/from_scratch_atari_krull_vta_3seed_to_400000_20260208_112207/atari_krull_seed0,/home/haselab/projects/stable-deep-world-model/logs/models/from_scratch_atari_krull_vta_3seed_to_400000_20260208_112207/atari_krull_seed0/checkpoints/step-000012500.pt,/home/haselab/projects/stable-deep-world-model/logs/models/from_scratch_atari_krull_vta_3seed_to_400000_20260208_112207/atari_krull_seed0/eval_eps/20260208T180330-44487f1ea8c44b5eaf22e05d1a89f711-1974.npz,25,45,0.0,1.7247363359729206e-07,0.29153767228126526,0.8137937784194946,0.0,2.959066152572632,nan,nan,nan,nan
atari_krull,/home/haselab/projects/stable-deep-world-model/logs/models/from_scratch_atari_krull_vta_3seed_to_400000_20260208_112207/atari_krull_seed0,/home/haselab/projects/stable-deep-world-model/logs/models/from_scratch_atari_krull_vta_3seed_to_400000_20260208_112207/atari_krull_seed0/checkpoints/step-000012500.pt,/home/haselab/projects/stable-deep-world-model/logs/models/from_scratch_atari_krull_vta_3seed_to_400000_20260208_112207/atari_krull_seed0/eval_eps/20260208T180330-44487f1ea8c44b5eaf22e05d1a89f711-1974.npz,30,50,0.0,5.80871351019141e-08,0.2905280590057373,0.8458690643310547,0.0,3.0054051876068115,nan,nan,nan,nan
atari_krull,/home/haselab/projects/stable-deep-world-model/logs/models/from_scratch_atari_krull_vta_3seed_to_400000_20260208_112207/atari_krull_seed0,/home/haselab/projects/stable-deep-world-model/logs/models/from_scratch_atari_krull_vta_3seed_to_400000_20260208_112207/atari_krull_seed0/checkpoints/step-000012500.pt,/home/haselab/projects/stable-deep-world-model/logs/models/from_scratch_atari_krull_vta_3seed_to_400000_20260208_112207/atari_krull_seed0/eval_eps/20260208T180330-44487f1ea8c44b5eaf22e05d1a89f711-1974.npz,35,55,0.0,1.3617601268833823e-08,0.2897214889526367,0.9615472555160522,0.0,2.90918231010437,nan,nan,nan,nan
atari_krull,/home/haselab/projects/stable-deep-world-model/logs/models/from_scratch_atari_krull_vta_3seed_to_400000_20260208_112207/atari_krull_seed0,/home/haselab/projects/stable-deep-world-model/logs/models/from_scratch_atari_krull_vta_3seed_to_400000_20260208_112207/atari_krull_seed0/checkpoints/step-000012500.pt,/home/haselab/projects/stable-deep-world-model/logs/models/from_scratch_atari_krull_vta_3seed_to_400000_20260208_112207/atari_krull_seed0/eval_eps/20260208T180330-44487f1ea8c44b5eaf22e05d1a89f711-1974.npz,40,60,0.0,6.103206273699868e-10,0.2691161632537842,0.9325211644172668,0.0,2.954793930053711,nan,nan,nan,nan
atari_krull,/home/haselab/projects/stable-deep-world-model/logs/models/from_scratch_atari_krull_vta_3seed_to_400000_20260208_112207/atari_krull_seed0,/home/haselab/projects/stable-deep-world-model/logs/models/from_scratch_atari_krull_vta_3seed_to_400000_20260208_112207/atari_krull_seed0/checkpoints/step-000012500.pt,/home/haselab/projects/stable-deep-world-model/logs/models/from_scratch_atari_krull_vta_3seed_to_400000_20260208_112207/atari_krull_seed0/eval_eps/20260208T180330-44487f1ea8c44b5eaf22e05d1a89f711-1974.npz,45,65,0.0,3.900059442063508e-11,0.274143785238266,0.9352235794067383,0.0,2.9158108234405518,nan,nan,nan,nan
atari_krull,/home/haselab/projects/stable-deep-world-model/logs/models/from_scratch_atari_krull_vta_3seed_to_400000_20260208_112207/atari_krull_seed0,/home/haselab/projects/stable-deep-world-model/logs/models/from_scratch_atari_krull_vta_3seed_to_400000_20260208_112207/atari_krull_seed0/checkpoints/step-000012500.pt,/home/haselab/projects/stable-deep-world-model/logs/models/from_scratch_atari_krull_vta_3seed_to_400000_20260208_112207/atari_krull_seed0/eval_eps/20260208T180330-44487f1ea8c44b5eaf22e05d1a89f711-1974.npz,50,70,0.0,2.491271598736855e-11,0.2724755108356476,0.9304553270339966,0.0,2.9685983657836914,nan,nan,nan,nan
atari_krull,/home/haselab/projects/stable-deep-world-model/logs/models/from_scratch_atari_krull_vta_3seed_to_400000_20260208_112207/atari_krull_seed0,/home/haselab/projects/stable-deep-world-model/logs/models/from_scratch_atari_krull_vta_3seed_to_400000_20260208_112207/atari_krull_seed0/checkpoints/step-000012500.pt,/home/haselab/projects/stable-deep-world-model/logs/models/from_scratch_atari_krull_vta_3seed_to_400000_20260208_112207/atari_krull_seed0/eval_eps/20260208T180330-44487f1ea8c44b5eaf22e05d1a89f711-1974.npz,55,75,0.0,3.014254124078519e-11,0.2960020899772644,1.1195180416107178,0.0,3.2617835998535156,nan,nan,nan,nan
atari_krull,/home/haselab/projects/stable-deep-world-model/logs/models/from_scratch_atari_krull_vta_3seed_to_400000_20260208_112207/atari_krull_seed0,/home/haselab/projects/stable-deep-world-model/logs/models/from_scratch_atari_krull_vta_3seed_to_400000_20260208_112207/atari_krull_seed0/checkpoints/step-000012500.pt,/home/haselab/projects/stable-deep-world-model/logs/models/from_scratch_atari_krull_vta_3seed_to_400000_20260208_112207/atari_krull_seed0/eval_eps/20260208T180330-44487f1ea8c44b5eaf22e05d1a89f711-1974.npz,60,80,0.0,3.657248809352254e-11,0.3577612042427063,1.2806580066680908,0.0,3.4023818969726562,nan,nan,nan,nan
atari_krull,/home/haselab/projects/stable-deep-world-model/logs/models/from_scratch_atari_krull_vta_3seed_to_400000_20260208_112207/atari_krull_seed0,/home/haselab/projects/stable-deep-world-model/logs/models/from_scratch_atari_krull_vta_3seed_to_400000_20260208_112207/atari_krull_seed0/checkpoints/step-000012500.pt,/home/haselab/projects/stable-deep-world-model/logs/models/from_scratch_atari_krull_vta_3seed_to_400000_20260208_112207/atari_krull_seed0/eval_eps/20260208T180330-44487f1ea8c44b5eaf22e05d1a89f711-1974.npz,65,85,0.0,7.519911082720654e-11,0.41503220796585083,1.4355169534683228,0.0,3.485264539718628,nan,nan,nan,nan
atari_krull,/home/haselab/projects/stable-deep-world-model/logs/models/from_scratch_atari_krull_vta_3seed_to_400000_20260208_112207/atari_krull_seed0,/home/haselab/projects/stable-deep-world-model/logs/models/from_scratch_atari_krull_vta_3seed_to_400000_20260208_112207/atari_krull_seed0/checkpoints/step-000012500.pt,/home/haselab/projects/stable-deep-world-model/logs/models/from_scratch_atari_krull_vta_3seed_to_400000_20260208_112207/atari_krull_seed0/eval_eps/20260208T180330-44487f1ea8c44b5eaf22e05d1a89f711-1974.npz,70,90,0.0,1.8555434966316398e-10,0.518431544303894,1.7283165454864502,0.0,3.6302247047424316,nan,nan,nan,nan
atari_krull,/home/haselab/projects/stable-deep-world-model/logs/models/from_scratch_atari_krull_vta_3seed_to_400000_20260208_112207/atari_krull_seed0,/home/haselab/projects/stable-deep-world-model/logs/models/from_scratch_atari_krull_vta_3seed_to_400000_20260208_112207/atari_krull_seed0/checkpoints/step-000012500.pt,/home/haselab/projects/stable-deep-world-model/logs/models/from_scratch_atari_krull_vta_3seed_to_400000_20260208_112207/atari_krull_seed0/eval_eps/20260208T180330-44487f1ea8c44b5eaf22e05d1a89f711-1974.npz,75,95,0.0,2.510578855918766e-09,0.5540124177932739,1.5350202322006226,0.0,3.492758274078369,nan,nan,nan,nan
atari_krull,/home/haselab/projects/stable-deep-world-model/logs/models/from_scratch_atari_krull_vta_3seed_to_400000_20260208_112207/atari_krull_seed0,/home/haselab/projects/stable-deep-world-model/logs/models/from_scratch_atari_krull_vta_3seed_to_400000_20260208_112207/atari_krull_seed0/checkpoints/step-000012500.pt,/home/haselab/projects/stable-deep-world-model/logs/models/from_scratch_atari_krull_vta_3seed_to_400000_20260208_112207/atari_krull_seed0/eval_eps/20260208T180330-44487f1ea8c44b5eaf22e05d1a89f711-1974.npz,80,100,0.0,2.7587789830363363e-09,0.49715137481689453,1.32033109664917,0.0,3.2746996879577637,nan,nan,nan,nan
atari_krull,/home/haselab/projects/stable-deep-world-model/logs/models/from_scratch_atari_krull_vta_3seed_to_400000_20260208_112207/atari_krull_seed0,/home/haselab/projects/stable-deep-world-model/logs/models/from_scratch_atari_krull_vta_3seed_to_400000_20260208_112207/atari_krull_seed0/checkpoints/step-000012500.pt,/home/haselab/projects/stable-deep-world-model/logs/models/from_scratch_atari_krull_vta_3seed_to_400000_20260208_112207/atari_krull_seed0/eval_eps/20260208T180330-44487f1ea8c44b5eaf22e05d1a89f711-1974.npz,85,105,0.0,2.9079896268768834e-09,0.45127424597740173,1.2625540494918823,0.0,3.367469310760498,nan,nan,nan,nan
atari_krull,/home/haselab/projects/stable-deep-world-model/logs/models/from_scratch_atari_krull_vta_3seed_to_400000_20260208_112207/atari_krull_seed0,/home/haselab/projects/stable-deep-world-model/logs/models/from_scratch_atari_krull_vta_3seed_to_400000_20260208_112207/atari_krull_seed0/checkpoints/step-000012500.pt,/home/haselab/projects/stable-deep-world-model/logs/models/from_scratch_atari_krull_vta_3seed_to_400000_20260208_112207/atari_krull_seed0/eval_eps/20260208T180330-44487f1ea8c44b5eaf22e05d1a89f711-1974.npz,90,110,0.0,2.9020299496806956e-09,0.34685027599334717,0.8903955221176147,0.0,3.211317777633667,nan,nan,nan,nan
atari_krull,/home/haselab/projects/stable-deep-world-model/logs/models/from_scratch_atari_krull_vta_3seed_to_400000_20260208_112207/atari_krull_seed0,/home/haselab/projects/stable-deep-world-model/logs/models/from_scratch_atari_krull_vta_3seed_to_400000_20260208_112207/atari_krull_seed0/checkpoints/step-000012500.pt,/home/haselab/projects/stable-deep-world-model/logs/models/from_scratch_atari_krull_vta_3seed_to_400000_20260208_112207/atari_krull_seed0/eval_eps/20260208T180330-44487f1ea8c44b5eaf22e05d1a89f711-1974.npz,95,115,0.0,6.58255006058539e-10,0.2853425145149231,0.7442920804023743,0.0,3.241089344024658,nan,nan,nan,nan
atari_krull,/home/haselab/projects/stable-deep-world-model/logs/models/from_scratch_atari_krull_vta_3seed_to_400000_20260208_112207/atari_krull_seed0,/home/haselab/projects/stable-deep-world-model/logs/models/from_scratch_atari_krull_vta_3seed_to_400000_20260208_112207/atari_krull_seed0/checkpoints/step-000012500.pt,/home/haselab/projects/stable-deep-world-model/logs/models/from_scratch_atari_krull_vta_3seed_to_400000_20260208_112207/atari_krull_seed0/eval_eps/20260208T180330-44487f1ea8c44b5eaf22e05d1a89f711-1974.npz,100,120,0.0,6.105269623191134e-10,0.3077886402606964,0.8793104887008667,0.0,3.4093546867370605,nan,nan,nan,nan
atari_krull,/home/haselab/projects/stable-deep-world-model/logs/models/from_scratch_atari_krull_vta_3seed_to_400000_20260208_112207/atari_krull_seed0,/home/haselab/projects/stable-deep-world-model/logs/models/from_scratch_atari_krull_vta_3seed_to_400000_20260208_112207/atari_krull_seed0/checkpoints/step-000012500.pt,/home/haselab/projects/stable-deep-world-model/logs/models/from_scratch_atari_krull_vta_3seed_to_400000_20260208_112207/atari_krull_seed0/eval_eps/20260208T180330-44487f1ea8c44b5eaf22e05d1a89f711-1974.npz,105,125,0.0,6.053598733402055e-10,0.3267148435115814,0.8441203832626343,0.0,3.4990856647491455,nan,nan,nan,nan
atari_krull,/home/haselab/projects/stable-deep-world-model/logs/models/from_scratch_atari_krull_vta_3seed_to_400000_20260208_112207/atari_krull_seed0,/home/haselab/projects/stable-deep-world-model/logs/models/from_scratch_atari_krull_vta_3seed_to_400000_20260208_112207/atari_krull_seed0/checkpoints/step-000012500.pt,/home/haselab/projects/stable-deep-world-model/logs/models/from_scratch_atari_krull_vta_3seed_to_400000_20260208_112207/atari_krull_seed0/eval_eps/20260208T180330-44487f1ea8c44b5eaf22e05d1a89f711-1974.npz,110,130,0.0,1.0610141654154859e-09,0.36051690578460693,0.9433298110961914,0.0,3.5185348987579346,nan,nan,nan,nan
atari_krull,/home/haselab/projects/stable-deep-world-model/logs/models/from_scratch_atari_krull_vta_3seed_to_400000_20260208_112207/atari_krull_seed0,/home/haselab/projects/stable-deep-world-model/logs/models/from_scratch_atari_krull_vta_3seed_to_400000_20260208_112207/atari_krull_seed0/checkpoints/step-000012500.pt,/home/haselab/projects/stable-deep-world-model/logs/models/from_scratch_atari_krull_vta_3seed_to_400000_20260208_112207/atari_krull_seed0/eval_eps/20260208T180330-44487f1ea8c44b5eaf22e05d1a89f711-1974.npz,115,135,0.0,1.164597751568408e-09,0.413513720035553,1.237259864807129,0.0,3.738401412963867,nan,nan,nan,nan
atari_krull,/home/haselab/projects/stable-deep-world-model/logs/models/from_scratch_atari_krull_vta_3seed_to_400000_20260208_112207/atari_krull_seed0,/home/haselab/projects/stable-deep-world-model/logs/models/from_scratch_atari_krull_vta_3seed_to_400000_20260208_112207/atari_krull_seed0/checkpoints/step-000012500.pt,/home/haselab/projects/stable-deep-world-model/logs/models/from_scratch_atari_krull_vta_3seed_to_400000_20260208_112207/atari_krull_seed0/eval_eps/20260208T180330-44487f1ea8c44b5eaf22e05d1a89f711-1974.npz,120,140,0.0,9.802343381437595e-10,0.4352238178253174,1.2502312660217285,0.0,3.8754143714904785,nan,nan,nan,nan
atari_krull,/home/haselab/projects/stable-deep-world-model/logs/models/from_scratch_atari_krull_vta_3seed_to_400000_20260208_112207/atari_krull_seed0,/home/haselab/projects/stable-deep-world-model/logs/models/from_scratch_atari_krull_vta_3seed_to_400000_20260208_112207/atari_krull_seed0/checkpoints/step-000012500.pt,/home/haselab/projects/stable-deep-world-model/logs/models/from_scratch_atari_krull_vta_3seed_to_400000_20260208_112207/atari_krull_seed0/eval_eps/20260208T180330-44487f1ea8c44b5eaf22e05d1a89f711-1974.npz,125,145,0.0,1.0921837878541396e-09,0.449359655380249,1.2302610874176025,0.0,3.7598183155059814,nan,nan,nan,nan
atari_krull,/home/haselab/projects/stable-deep-world-model/logs/models/from_scratch_atari_krull_vta_3seed_to_400000_20260208_112207/atari_krull_seed0,/home/haselab/projects/stable-deep-world-model/logs/models/from_scratch_atari_krull_vta_3seed_to_400000_20260208_112207/atari_krull_seed0/checkpoints/step-000012500.pt,/home/haselab/projects/stable-deep-world-model/logs/models/from_scratch_atari_krull_vta_3seed_to_400000_20260208_112207/atari_krull_seed0/eval_eps/20260208T180330-44487f1ea8c44b5eaf22e05d1a89f711-1974.npz,130,150,0.0,1.086556400409222e-09,0.4549878239631653,1.2184430360794067,0.0,3.7765769958496094,nan,nan,nan,nan
atari_krull,/home/haselab/projects/stable-deep-world-model/logs/models/from_scratch_atari_krull_vta_3seed_to_400000_20260208_112207/atari_krull_seed0,/home/haselab/projects/stable-deep-world-model/logs/models/from_scratch_atari_krull_vta_3seed_to_400000_20260208_112207/atari_krull_seed0/checkpoints/step-000012500.pt,/home/haselab/projects/stable-deep-world-model/logs/models/from_scratch_atari_krull_vta_3seed_to_400000_20260208_112207/atari_krull_seed0/eval_eps/20260208T180330-44487f1ea8c44b5eaf22e05d1a89f711-1974.npz,135,155,0.0,1.402237437275744e-09,0.4799461364746094,1.139338493347168,0.0,3.5572917461395264,nan,nan,nan,nan
atari_krull,/home/haselab/projects/stable-deep-world-model/logs/models/from_scratch_atari_krull_vta_3seed_to_400000_20260208_112207/atari_krull_seed0,/home/haselab/projects/stable-deep-world-model/logs/models/from_scratch_atari_krull_vta_3seed_to_400000_20260208_112207/atari_krull_seed0/checkpoints/step-000012500.pt,/home/haselab/projects/stable-deep-world-model/logs/models/from_scratch_atari_krull_vta_3seed_to_400000_20260208_112207/atari_krull_seed0/eval_eps/20260208T180330-44487f1ea8c44b5eaf22e05d1a89f711-1974.npz,140,160,0.0,1.6883359155173139e-09,0.517066478729248,1.188388466835022,0.0,3.3579583168029785,nan,nan,nan,nan
atari_krull,/home/haselab/projects/stable-deep-world-model/logs/models/from_scratch_atari_krull_vta_3seed_to_400000_20260208_112207/atari_krull_seed0,/home/haselab/projects/stable-deep-world-model/logs/models/from_scratch_atari_krull_vta_3seed_to_400000_20260208_112207/atari_krull_seed0/checkpoints/step-000012500.pt,/home/haselab/projects/stable-deep-world-model/logs/models/from_scratch_atari_krull_vta_3seed_to_400000_20260208_112207/atari_krull_seed0/eval_eps/20260208T180330-44487f1ea8c44b5eaf22e05d1a89f711-1974.npz,145,165,0.0,1.4387927516068544e-09,0.5411540269851685,1.2814494371414185,0.0,3.3515305519104004,nan,nan,nan,nan
atari_krull,/home/haselab/projects/stable-deep-world-model/logs/models/from_scratch_atari_krull_vta_3seed_to_400000_20260208_112207/atari_krull_seed0,/home/haselab/projects/stable-deep-world-model/logs/models/from_scratch_atari_krull_vta_3seed_to_400000_20260208_112207/atari_krull_seed0/checkpoints/step-000012500.pt,/home/haselab/projects/stable-deep-world-model/logs/models/from_scratch_atari_krull_vta_3seed_to_400000_20260208_112207/atari_krull_seed0/eval_eps/20260208T180330-44487f1ea8c44b5eaf22e05d1a89f711-1974.npz,150,170,0.0,2.831681777948347e-09,0.5964732766151428,1.430785894393921,0.0,3.370530605316162,nan,nan,nan,nan
atari_krull,/home/haselab/projects/stable-deep-world-model/logs/models/from_scratch_atari_krull_vta_3seed_to_400000_20260208_112207/atari_krull_seed0,/home/haselab/projects/stable-deep-world-model/logs/models/from_scratch_atari_krull_vta_3seed_to_400000_20260208_112207/atari_krull_seed0/checkpoints/step-000012500.pt,/home/haselab/projects/stable-deep-world-model/logs/models/from_scratch_atari_krull_vta_3seed_to_400000_20260208_112207/atari_krull_seed0/eval_eps/20260208T180330-44487f1ea8c44b5eaf22e05d1a89f711-1974.npz,155,175,0.0,2.3806923099556343e-09,0.583825945854187,1.2963111400604248,0.0,3.184070348739624,nan,nan,nan,nan
atari_krull,/home/haselab/projects/stable-deep-world-model/logs/models/from_scratch_atari_krull_vta_3seed_to_400000_20260208_112207/atari_krull_seed0,/home/haselab/projects/stable-deep-world-model/logs/models/from_scratch_atari_krull_vta_3seed_to_400000_20260208_112207/atari_krull_seed0/checkpoints/step-000012500.pt,/home/haselab/projects/stable-deep-world-model/logs/models/from_scratch_atari_krull_vta_3seed_to_400000_20260208_112207/atari_krull_seed0/eval_eps/20260208T180330-44487f1ea8c44b5eaf22e05d1a89f711-1974.npz,160,180,0.0,2.128863529904379e-09,0.5697932839393616,1.211816668510437,0.0,3.136435031890869,nan,nan,nan,nan
atari_krull,/home/haselab/projects/stable-deep-world-model/logs/models/from_scratch_atari_krull_vta_3seed_to_400000_20260208_112207/atari_krull_seed0,/home/haselab/projects/stable-deep-world-model/logs/models/from_scratch_atari_krull_vta_3seed_to_400000_20260208_112207/atari_krull_seed0/checkpoints/step-000012500.pt,/home/haselab/projects/stable-deep-world-model/logs/models/from_scratch_atari_krull_vta_3seed_to_400000_20260208_112207/atari_krull_seed0/eval_eps/20260208T180330-44487f1ea8c44b5eaf22e05d1a89f711-1974.npz,165,185,0.0,2.629072515247799e-09,0.549233078956604,1.0813624858856201,0.0,3.096311092376709,nan,nan,nan,nan
atari_krull,/home/haselab/projects/stable-deep-world-model/logs/models/from_scratch_atari_krull_vta_3seed_to_400000_20260208_112207/atari_krull_seed0,/home/haselab/projects/stable-deep-world-model/logs/models/from_scratch_atari_krull_vta_3seed_to_400000_20260208_112207/atari_krull_seed0/checkpoints/step-000012500.pt,/home/haselab/projects/stable-deep-world-model/logs/models/from_scratch_atari_krull_vta_3seed_to_400000_20260208_112207/atari_krull_seed0/eval_eps/20260208T180330-44487f1ea8c44b5eaf22e05d1a89f711-1974.npz,170,190,0.0,6.910376715296707e-10,0.47547993063926697,0.8856939077377319,0.0,2.990013360977173,nan,nan,nan,nan
atari_krull,/home/haselab/projects/stable-deep-world-model/logs/models/from_scratch_atari_krull_vta_3seed_to_400000_20260208_112207/atari_krull_seed0,/home/haselab/projects/stable-deep-world-model/logs/models/from_scratch_atari_krull_vta_3seed_to_400000_20260208_112207/atari_krull_seed0/checkpoints/step-000012500.pt,/home/haselab/projects/stable-deep-world-model/logs/models/from_scratch_atari_krull_vta_3seed_to_400000_20260208_112207/atari_krull_seed0/eval_eps/20260208T180330-44487f1ea8c44b5eaf22e05d1a89f711-1974.npz,175,195,0.0,6.437180788410046e-10,0.4196836054325104,0.7758098244667053,0.0,3.074815273284912,nan,nan,nan,nan
atari_krull,/home/haselab/projects/stable-deep-world-model/logs/models/from_scratch_atari_krull_vta_3seed_to_400000_20260208_112207/atari_krull_seed0,/home/haselab/projects/stable-deep-world-model/logs/models/from_scratch_atari_krull_vta_3seed_to_400000_20260208_112207/atari_krull_seed0/checkpoints/step-000012500.pt,/home/haselab/projects/stable-deep-world-model/logs/models/from_scratch_atari_krull_vta_3seed_to_400000_20260208_112207/atari_krull_seed0/eval_eps/20260208T180330-44487f1ea8c44b5eaf22e05d1a89f711-1974.npz,180,200,0.05,0.05000000074505806,0.7182440757751465,1.0897986888885498,0.3348216414451599,3.455605983734131,7.583023548126221,9.060982704162598,6.696432590484619,10.362773895263672
atari_krull,/home/haselab/projects/stable-deep-world-model/logs/models/from_scratch_atari_krull_vta_3seed_to_400000_20260208_112207/atari_krull_seed0,/home/haselab/projects/stable-deep-world-model/logs/models/from_scratch_atari_krull_vta_3seed_to_400000_20260208_112207/atari_krull_seed0/checkpoints/step-000012500.pt,/home/haselab/projects/stable-deep-world-model/logs/models/from_scratch_atari_krull_vta_3seed_to_400000_20260208_112207/atari_krull_seed0/eval_eps/20260208T180330-44487f1ea8c44b5eaf22e05d1a89f711-1974.npz,185,205,0.05,0.050000619143247604,0.7308981418609619,1.769038438796997,0.3348216414451599,4.043543815612793,7.583023548126221,9.060982704162598,6.696432590484619,10.362773895263672
atari_krull,/home/haselab/projects/stable-deep-world-model/logs/models/from_scratch_atari_krull_vta_3seed_to_400000_20260208_112207/atari_krull_seed0,/home/haselab/projects/stable-deep-world-model/logs/models/from_scratch_atari_krull_vta_3seed_to_400000_20260208_112207/atari_krull_seed0/checkpoints/step-000012500.pt,/home/haselab/projects/stable-deep-world-model/logs/models/from_scratch_atari_krull_vta_3seed_to_400000_20260208_112207/atari_krull_seed0/eval_eps/20260208T180330-44487f1ea8c44b5eaf22e05d1a89f711-1974.npz,190,210,0.05,0.050000619143247604,0.7934895753860474,2.3738512992858887,0.3348216414451599,4.565077304840088,7.583023548126221,9.060982704162598,6.696432590484619,10.362773895263672
atari_krull,/home/haselab/projects/stable-deep-world-model/logs/models/from_scratch_atari_krull_vta_3seed_to_400000_20260208_112207/atari_krull_seed0,/home/haselab/projects/stable-deep-world-model/logs/models/from_scratch_atari_krull_vta_3seed_to_400000_20260208_112207/atari_krull_seed0/checkpoints/step-000012500.pt,/home/haselab/projects/stable-deep-world-model/logs/models/from_scratch_atari_krull_vta_3seed_to_400000_20260208_112207/atari_krull_seed0/eval_eps/20260208T180330-44487f1ea8c44b5eaf22e05d1a89f711-1974.npz,195,215,0.05,0.0500006377696991,0.8785191774368286,3.228059768676758,0.3348216414451599,5.16677713394165,7.583023548126221,9.060982704162598,6.696432590484619,10.362773895263672
atari_krull,/home/haselab/projects/stable-deep-world-model/logs/models/from_scratch_atari_krull_vta_3seed_to_400000_20260208_112207/atari_krull_seed0,/home/haselab/projects/stable-deep-world-model/logs/models/from_scratch_atari_krull_vta_3seed_to_400000_20260208_112207/atari_krull_seed0/checkpoints/step-000012500.pt,/home/haselab/projects/stable-deep-world-model/logs/models/from_scratch_atari_krull_vta_3seed_to_400000_20260208_112207/atari_krull_seed0/eval_eps/20260208T180330-44487f1ea8c44b5eaf22e05d1a89f711-1974.npz,200,220,0.0,6.390681619450334e-07,0.5915074944496155,3.3191611766815186,0.0,5.241840362548828,nan,nan,nan,nan
atari_krull,/home/haselab/projects/stable-deep-world-model/logs/models/from_scratch_atari_krull_vta_3seed_to_400000_20260208_112207/atari_krull_seed0,/home/haselab/projects/stable-deep-world-model/logs/models/from_scratch_atari_krull_vta_3seed_to_400000_20260208_112207/atari_krull_seed0/checkpoints/step-000012500.pt,/home/haselab/projects/stable-deep-world-model/logs/models/from_scratch_atari_krull_vta_3seed_to_400000_20260208_112207/atari_krull_seed0/eval_eps/20260208T180330-44487f1ea8c44b5eaf22e05d1a89f711-1974.npz,205,225,0.0,2.038912683133276e-08,0.6281698942184448,3.0289430618286133,0.0,4.980872631072998,nan,nan,nan,nan
atari_krull,/home/haselab/projects/stable-deep-world-model/logs/models/from_scratch_atari_krull_vta_3seed_to_400000_20260208_112207/atari_krull_seed0,/home/haselab/projects/stable-deep-world-model/logs/models/from_scratch_atari_krull_vta_3seed_to_400000_20260208_112207/atari_krull_seed0/checkpoints/step-000012500.pt,/home/haselab/projects/stable-deep-world-model/logs/models/from_scratch_atari_krull_vta_3seed_to_400000_20260208_112207/atari_krull_seed0/eval_eps/20260208T180330-44487f1ea8c44b5eaf22e05d1a89f711-1974.npz,210,230,0.0,2.4924158736894242e-08,0.6247822642326355,2.9900128841400146,0.0,4.91809606552124,nan,nan,nan,nan
atari_krull,/home/haselab/projects/stable-deep-world-model/logs/models/from_scratch_atari_krull_vta_3seed_to_400000_20260208_112207/atari_krull_seed0,/home/haselab/projects/stable-deep-world-model/logs/models/from_scratch_atari_krull_vta_3seed_to_400000_20260208_112207/atari_krull_seed0/checkpoints/step-000012500.pt,/home/haselab/projects/stable-deep-world-model/logs/models/from_scratch_atari_krull_vta_3seed_to_400000_20260208_112207/atari_krull_seed0/eval_eps/20260208T180330-44487f1ea8c44b5eaf22e05d1a89f711-1974.npz,215,235,0.0,9.197444583719516e-09,0.6080833673477173,2.903599977493286,0.0,4.872634410858154,nan,nan,nan,nan
atari_krull,/home/haselab/projects/stable-deep-world-model/logs/models/from_scratch_atari_krull_vta_3seed_to_400000_20260208_112207/atari_krull_seed0,/home/haselab/projects/stable-deep-world-model/logs/models/from_scratch_atari_krull_vta_3seed_to_400000_20260208_112207/atari_krull_seed0/checkpoints/step-000012500.pt,/home/haselab/projects/stable-deep-world-model/logs/models/from_scratch_atari_krull_vta_3seed_to_400000_20260208_112207/atari_krull_seed0/eval_eps/20260208T180330-44487f1ea8c44b5eaf22e05d1a89f711-1974.npz,220,240,0.0,7.278473823646436e-09,0.5724353194236755,2.8886806964874268,0.0,4.673300266265869,nan,nan,nan,nan
atari_krull,/home/haselab/projects/stable-deep-world-model/logs/models/from_scratch_atari_krull_vta_3seed_to_400000_20260208_112207/atari_krull_seed0,/home/haselab/projects/stable-deep-world-model/logs/models/from_scratch_atari_krull_vta_3seed_to_400000_20260208_112207/atari_krull_seed0/checkpoints/step-000012500.pt,/home/haselab/projects/stable-deep-world-model/logs/models/from_scratch_atari_krull_vta_3seed_to_400000_20260208_112207/atari_krull_seed0/eval_eps/20260208T180330-44487f1ea8c44b5eaf22e05d1a89f711-1974.npz,225,245,0.0,5.064733077375649e-09,0.5262827277183533,3.0444114208221436,0.0,4.695910930633545,nan,nan,nan,nan
atari_krull,/home/haselab/projects/stable-deep-world-model/logs/models/from_scratch_atari_krull_vta_3seed_to_400000_20260208_112207/atari_krull_seed0,/home/haselab/projects/stable-deep-world-model/logs/models/from_scratch_atari_krull_vta_3seed_to_400000_20260208_112207/atari_krull_seed0/checkpoints/step-000012500.pt,/home/haselab/projects/stable-deep-world-model/logs/models/from_scratch_atari_krull_vta_3seed_to_400000_20260208_112207/atari_krull_seed0/eval_eps/20260208T180330-44487f1ea8c44b5eaf22e05d1a89f711-1974.npz,230,250,0.0,7.278192493131996e-10,0.5495961904525757,3.1336960792541504,0.0,4.823837757110596,nan,nan,nan,nan
atari_krull,/home/haselab/projects/stable-deep-world-model/logs/models/from_scratch_atari_krull_vta_3seed_to_400000_20260208_112207/atari_krull_seed0,/home/haselab/projects/stable-deep-world-model/logs/models/from_scratch_atari_krull_vta_3seed_to_400000_20260208_112207/atari_krull_seed0/checkpoints/step-000012500.pt,/home/haselab/projects/stable-deep-world-model/logs/models/from_scratch_atari_krull_vta_3seed_to_400000_20260208_112207/atari_krull_seed0/eval_eps/20260208T180330-44487f1ea8c44b5eaf22e05d1a89f711-1974.npz,235,255,0.0,6.0247926647605254e-09,0.5779023170471191,3.089791774749756,0.0,4.754702091217041,nan,nan,nan,nan
atari_krull,/home/haselab/projects/stable-deep-world-model/logs/models/from_scratch_atari_krull_vta_3seed_to_400000_20260208_112207/atari_krull_seed0,/home/haselab/projects/stable-deep-world-model/logs/models/from_scratch_atari_krull_vta_3seed_to_400000_20260208_112207/atari_krull_seed0/checkpoints/step-000012500.pt,/home/haselab/projects/stable-deep-world-model/logs/models/from_scratch_atari_krull_vta_3seed_to_400000_20260208_112207/atari_krull_seed0/eval_eps/20260208T180330-44487f1ea8c44b5eaf22e05d1a89f711-1974.npz,240,260,0.0,9.845743775827032e-09,0.599233090877533,3.1931354999542236,0.0,4.884911060333252,nan,nan,nan,nan
atari_krull,/home/haselab/projects/stable-deep-world-model/logs/models/from_scratch_atari_krull_vta_3seed_to_400000_20260208_112207/atari_krull_seed0,/home/haselab/projects/stable-deep-world-model/logs/models/from_scratch_atari_krull_vta_3seed_to_400000_20260208_112207/atari_krull_seed0/checkpoints/step-000012500.pt,/home/haselab/projects/stable-deep-world-model/logs/models/from_scratch_atari_krull_vta_3seed_to_400000_20260208_112207/atari_krull_seed0/eval_eps/20260208T180330-44487f1ea8c44b5eaf22e05d1a89f711-1974.npz,245,265,0.0,1.0045638099143162e-08,0.6347630023956299,3.1363167762756348,0.0,4.8776750564575195,nan,nan,nan,nan
atari_krull,/home/haselab/projects/stable-deep-world-model/logs/models/from_scratch_atari_krull_vta_3seed_to_400000_20260208_112207/atari_krull_seed0,/home/haselab/projects/stable-deep-world-model/logs/models/from_scratch_atari_krull_vta_3seed_to_400000_20260208_112207/atari_krull_seed0/checkpoints/step-000012500.pt,/home/haselab/projects/stable-deep-world-model/logs/models/from_scratch_atari_krull_vta_3seed_to_400000_20260208_112207/atari_krull_seed0/eval_eps/20260208T180330-44487f1ea8c44b5eaf22e05d1a89f711-1974.npz,250,270,0.0,1.026789853142418e-08,0.6182857751846313,3.259798049926758,0.0,4.921077728271484,nan,nan,nan,nan
atari_krull,/home/haselab/projects/stable-deep-world-model/logs/models/from_scratch_atari_krull_vta_3seed_to_400000_20260208_112207/atari_krull_seed0,/home/haselab/projects/stable-deep-world-model/logs/models/from_scratch_atari_krull_vta_3seed_to_400000_20260208_112207/atari_krull_seed0/checkpoints/step-000012500.pt,/home/haselab/projects/stable-deep-world-model/logs/models/from_scratch_atari_krull_vta_3seed_to_400000_20260208_112207/atari_krull_seed0/eval_eps/20260208T180330-44487f1ea8c44b5eaf22e05d1a89f711-1974.npz,255,275,0.0,5.232676958399907e-09,0.5774862766265869,3.2809550762176514,0.0,5.002699375152588,nan,nan,nan,nan
atari_krull,/home/haselab/projects/stable-deep-world-model/logs/models/from_scratch_atari_krull_vta_3seed_to_400000_20260208_112207/atari_krull_seed0,/home/haselab/projects/stable-deep-world-model/logs/models/from_scratch_atari_krull_vta_3seed_to_400000_20260208_112207/atari_krull_seed0/checkpoints/step-000012500.pt,/home/haselab/projects/stable-deep-world-model/logs/models/from_scratch_atari_krull_vta_3seed_to_400000_20260208_112207/atari_krull_seed0/eval_eps/20260208T180330-44487f1ea8c44b5eaf22e05d1a89f711-1974.npz,260,280,0.0,1.4221279709403234e-09,0.573208749294281,3.227260112762451,0.0,5.044360637664795,nan,nan,nan,nan
atari_krull,/home/haselab/projects/stable-deep-world-model/logs/models/from_scratch_atari_krull_vta_3seed_to_400000_20260208_112207/atari_krull_seed0,/home/haselab/projects/stable-deep-world-model/logs/models/from_scratch_atari_krull_vta_3seed_to_400000_20260208_112207/atari_krull_seed0/checkpoints/step-000012500.pt,/home/haselab/projects/stable-deep-world-model/logs/models/from_scratch_atari_krull_vta_3seed_to_400000_20260208_112207/atari_krull_seed0/eval_eps/20260208T180330-44487f1ea8c44b5eaf22e05d1a89f711-1974.npz,265,285,0.0,1.3415950572692736e-09,0.5587934851646423,3.345787763595581,0.0,5.145936012268066,nan,nan,nan,nan
atari_krull,/home/haselab/projects/stable-deep-world-model/logs/models/from_scratch_atari_krull_vta_3seed_to_400000_20260208_112207/atari_krull_seed0,/home/haselab/projects/stable-deep-world-model/logs/models/from_scratch_atari_krull_vta_3seed_to_400000_20260208_112207/atari_krull_seed0/checkpoints/step-000012500.pt,/home/haselab/projects/stable-deep-world-model/logs/models/from_scratch_atari_krull_vta_3seed_to_400000_20260208_112207/atari_krull_seed0/eval_eps/20260208T180330-44487f1ea8c44b5eaf22e05d1a89f711-1974.npz,270,290,0.0,9.940087641879813e-10,0.5735687613487244,3.226473331451416,0.0,5.0381760597229,nan,nan,nan,nan
atari_krull,/home/haselab/projects/stable-deep-world-model/logs/models/from_scratch_atari_krull_vta_3seed_to_400000_20260208_112207/atari_krull_seed0,/home/haselab/projects/stable-deep-world-model/logs/models/from_scratch_atari_krull_vta_3seed_to_400000_20260208_112207/atari_krull_seed0/checkpoints/step-000012500.pt,/home/haselab/projects/stable-deep-world-model/logs/models/from_scratch_atari_krull_vta_3seed_to_400000_20260208_112207/atari_krull_seed0/eval_eps/20260208T180330-44487f1ea8c44b5eaf22e05d1a89f711-1974.npz,275,295,0.0,4.741299575172775e-10,0.6243081092834473,3.291736125946045,0.0,5.018162727355957,nan,nan,nan,nan
atari_krull,/home/haselab/projects/stable-deep-world-model/logs/models/from_scratch_atari_krull_vta_3seed_to_400000_20260208_112207/atari_krull_seed0,/home/haselab/projects/stable-deep-world-model/logs/models/from_scratch_atari_krull_vta_3seed_to_400000_20260208_112207/atari_krull_seed0/checkpoints/step-000012500.pt,/home/haselab/projects/stable-deep-world-model/logs/models/from_scratch_atari_krull_vta_3seed_to_400000_20260208_112207/atari_krull_seed0/eval_eps/20260208T180330-44487f1ea8c44b5eaf22e05d1a89f711-1974.npz,280,300,0.05,0.05000000074505806,0.9424790143966675,3.6120007038116455,0.3669038712978363,5.335931301116943,6.428196907043457,13.16940689086914,7.338077545166016,14.259749412536621
atari_krull,/home/haselab/projects/stable-deep-world-model/logs/models/from_scratch_atari_krull_vta_3seed_to_400000_20260208_112207/atari_krull_seed0,/home/haselab/projects/stable-deep-world-model/logs/models/from_scratch_atari_krull_vta_3seed_to_400000_20260208_112207/atari_krull_seed0/checkpoints/step-000012500.pt,/home/haselab/projects/stable-deep-world-model/logs/models/from_scratch_atari_krull_vta_3seed_to_400000_20260208_112207/atari_krull_seed0/eval_eps/20260208T180330-44487f1ea8c44b5eaf22e05d1a89f711-1974.npz,285,305,0.05,0.05000000074505806,1.269714593887329,5.480197429656982,0.3669038712978363,6.919284820556641,6.428196907043457,13.16940689086914,7.338077545166016,14.259749412536621
atari_krull,/home/haselab/projects/stable-deep-world-model/logs/models/from_scratch_atari_krull_vta_3seed_to_400000_20260208_112207/atari_krull_seed0,/home/haselab/projects/stable-deep-world-model/logs/models/from_scratch_atari_krull_vta_3seed_to_400000_20260208_112207/atari_krull_seed0/checkpoints/step-000012500.pt,/home/haselab/projects/stable-deep-world-model/logs/models/from_scratch_atari_krull_vta_3seed_to_400000_20260208_112207/atari_krull_seed0/eval_eps/20260208T180330-44487f1ea8c44b5eaf22e05d1a89f711-1974.npz,290,310,0.05,0.0500001423060894,1.5697436332702637,7.393512725830078,0.3669038712978363,8.46590518951416,6.428196907043457,13.16940689086914,7.338077545166016,14.259749412536621
atari_krull,/home/haselab/projects/stable-deep-world-model/logs/models/from_scratch_atari_krull_vta_3seed_to_400000_20260208_112207/atari_krull_seed0,/home/haselab/projects/stable-deep-world-model/logs/models/from_scratch_atari_krull_vta_3seed_to_400000_20260208_112207/atari_krull_seed0/checkpoints/step-000012500.pt,/home/haselab/projects/stable-deep-world-model/logs/models/from_scratch_atari_krull_vta_3seed_to_400000_20260208_112207/atari_krull_seed0/eval_eps/20260208T180330-44487f1ea8c44b5eaf22e05d1a89f711-1974.npz,295,315,0.05,0.0500001534819603,1.8651765584945679,9.005441665649414,0.3669038712978363,9.704549789428711,6.428196907043457,13.16940689086914,7.338077545166016,14.259749412536621
atari_krull,/home/haselab/projects/stable-deep-world-model/logs/models/from_scratch_atari_krull_vta_3seed_to_400000_20260208_112207/atari_krull_seed0,/home/haselab/projects/stable-deep-world-model/logs/models/from_scratch_atari_krull_vta_3seed_to_400000_20260208_112207/atari_krull_seed0/checkpoints/step-000012500.pt,/home/haselab/projects/stable-deep-world-model/logs/models/from_scratch_atari_krull_vta_3seed_to_400000_20260208_112207/atari_krull_seed0/eval_eps/20260208T180330-44487f1ea8c44b5eaf22e05d1a89f711-1974.npz,300,320,0.0,1.7346208380786265e-07,1.9229090213775635,10.49848747253418,0.0,10.78246784210205,nan,nan,nan,nan
atari_krull,/home/haselab/projects/stable-deep-world-model/logs/models/from_scratch_atari_krull_vta_3seed_to_400000_20260208_112207/atari_krull_seed0,/home/haselab/projects/stable-deep-world-model/logs/models/from_scratch_atari_krull_vta_3seed_to_400000_20260208_112207/atari_krull_seed0/checkpoints/step-000012500.pt,/home/haselab/projects/stable-deep-world-model/logs/models/from_scratch_atari_krull_vta_3seed_to_400000_20260208_112207/atari_krull_seed0/eval_eps/20260208T180330-44487f1ea8c44b5eaf22e05d1a89f711-1974.npz,305,325,0.0,1.728543281842576e-07,1.9690738916397095,10.446184158325195,0.0,10.650921821594238,nan,nan,nan,nan
atari_krull,/home/haselab/projects/stable-deep-world-model/logs/models/from_scratch_atari_krull_vta_3seed_to_400000_20260208_112207/atari_krull_seed0,/home/haselab/projects/stable-deep-world-model/logs/models/from_scratch_atari_krull_vta_3seed_to_400000_20260208_112207/atari_krull_seed0/checkpoints/step-000012500.pt,/home/haselab/projects/stable-deep-world-model/logs/models/from_scratch_atari_krull_vta_3seed_to_400000_20260208_112207/atari_krull_seed0/eval_eps/20260208T180330-44487f1ea8c44b5eaf22e05d1a89f711-1974.npz,310,330,0.0,4.138945186582532e-08,1.987401008605957,10.398355484008789,0.0,10.550798416137695,nan,nan,nan,nan
atari_krull,/home/haselab/projects/stable-deep-world-model/logs/models/from_scratch_atari_krull_vta_3seed_to_400000_20260208_112207/atari_krull_seed0,/home/haselab/projects/stable-deep-world-model/logs/models/from_scratch_atari_krull_vta_3seed_to_400000_20260208_112207/atari_krull_seed0/checkpoints/step-000012500.pt,/home/haselab/projects/stable-deep-world-model/logs/models/from_scratch_atari_krull_vta_3seed_to_400000_20260208_112207/atari_krull_seed0/eval_eps/20260208T180330-44487f1ea8c44b5eaf22e05d1a89f711-1974.npz,315,335,0.0,6.33410991213168e-07,1.964911699295044,10.505436897277832,0.0,10.725089073181152,nan,nan,nan,nan
atari_krull,/home/haselab/projects/stable-deep-world-model/logs/models/from_scratch_atari_krull_vta_3seed_to_400000_20260208_112207/atari_krull_seed0,/home/haselab/projects/stable-deep-world-model/logs/models/from_scratch_atari_krull_vta_3seed_to_400000_20260208_112207/atari_krull_seed0/checkpoints/step-000012500.pt,/home/haselab/projects/stable-deep-world-model/logs/models/from_scratch_atari_krull_vta_3seed_to_400000_20260208_112207/atari_krull_seed0/eval_eps/20260208T180330-44487f1ea8c44b5eaf22e05d1a89f711-1974.npz,320,340,0.0,6.415378948076977e-07,1.9605776071548462,10.627260208129883,0.0,10.743102073669434,nan,nan,nan,nan
atari_krull,/home/haselab/projects/stable-deep-world-model/logs/models/from_scratch_atari_krull_vta_3seed_to_400000_20260208_112207/atari_krull_seed0,/home/haselab/projects/stable-deep-world-model/logs/models/from_scratch_atari_krull_vta_3seed_to_400000_20260208_112207/atari_krull_seed0/checkpoints/step-000012500.pt,/home/haselab/projects/stable-deep-world-model/logs/models/from_scratch_atari_krull_vta_3seed_to_400000_20260208_112207/atari_krull_seed0/eval_eps/20260208T180330-44487f1ea8c44b5eaf22e05d1a89f711-1974.npz,325,345,0.0,6.830191523476969e-07,1.9538055658340454,10.555536270141602,0.0,10.679536819458008,nan,nan,nan,nan
atari_krull,/home/haselab/projects/stable-deep-world-model/logs/models/from_scratch_atari_krull_vta_3seed_to_400000_20260208_112207/atari_krull_seed0,/home/haselab/projects/stable-deep-world-model/logs/models/from_scratch_atari_krull_vta_3seed_to_400000_20260208_112207/atari_krull_seed0/checkpoints/step-000012500.pt,/home/haselab/projects/stable-deep-world-model/logs/models/from_scratch_atari_krull_vta_3seed_to_400000_20260208_112207/atari_krull_seed0/eval_eps/20260208T180330-44487f1ea8c44b5eaf22e05d1a89f711-1974.npz,330,350,0.0,7.746976962152985e-07,2.01665997505188,10.447273254394531,0.0,10.611977577209473,nan,nan,nan,nan
atari_krull,/home/haselab/projects/stable-deep-world-model/logs/models/from_scratch_atari_krull_vta_3seed_to_400000_20260208_112207/atari_krull_seed0,/home/haselab/projects/stable-deep-world-model/logs/models/from_scratch_atari_krull_vta_3seed_to_400000_20260208_112207/atari_krull_seed0/checkpoints/step-000012500.pt,/home/haselab/projects/stable-deep-world-model/logs/models/from_scratch_atari_krull_vta_3seed_to_400000_20260208_112207/atari_krull_seed0/eval_eps/20260208T180330-44487f1ea8c44b5eaf22e05d1a89f711-1974.npz,335,355,0.0,7.706597898504697e-06,2.010634422302246,10.37154483795166,0.0,10.5567045211792,nan,nan,nan,nan
atari_krull,/home/haselab/projects/stable-deep-world-model/logs/models/from_scratch_atari_krull_vta_3seed_to_400000_20260208_112207/atari_krull_seed0,/home/haselab/projects/stable-deep-world-model/logs/models/from_scratch_atari_krull_vta_3seed_to_400000_20260208_112207/atari_krull_seed0/checkpoints/step-000012500.pt,/home/haselab/projects/stable-deep-world-model/logs/models/from_scratch_atari_krull_vta_3seed_to_400000_20260208_112207/atari_krull_seed0/eval_eps/20260208T180330-44487f1ea8c44b5eaf22e05d1a89f711-1974.npz,340,360,0.0,8.218417860916816e-06,1.9655883312225342,10.372773170471191,0.0,10.670405387878418,nan,nan,nan,nan
atari_krull,/home/haselab/projects/stable-deep-world-model/logs/models/from_scratch_atari_krull_vta_3seed_to_400000_20260208_112207/atari_krull_seed0,/home/haselab/projects/stable-deep-world-model/logs/models/from_scratch_atari_krull_vta_3seed_to_400000_20260208_112207/atari_krull_seed0/checkpoints/step-000012500.pt,/home/haselab/projects/stable-deep-world-model/logs/models/from_scratch_atari_krull_vta_3seed_to_400000_20260208_112207/atari_krull_seed0/eval_eps/20260208T180330-44487f1ea8c44b5eaf22e05d1a89f711-1974.npz,345,365,0.0,8.285896910820156e-06,1.9495298862457275,10.417145729064941,0.0,10.746702194213867,nan,nan,nan,nan
atari_krull,/home/haselab/projects/stable-deep-world-model/logs/models/from_scratch_atari_krull_vta_3seed_to_400000_20260208_112207/atari_krull_seed0,/home/haselab/projects/stable-deep-world-model/logs/models/from_scratch_atari_krull_vta_3seed_to_400000_20260208_112207/atari_krull_seed0/checkpoints/step-000012500.pt,/home/haselab/projects/stable-deep-world-model/logs/models/from_scratch_atari_krull_vta_3seed_to_400000_20260208_112207/atari_krull_seed0/eval_eps/20260208T180330-44487f1ea8c44b5eaf22e05d1a89f711-1974.npz,350,370,0.0,8.313591024489142e-06,1.9338476657867432,10.537321090698242,0.0,10.893468856811523,nan,nan,nan,nan
atari_krull,/home/haselab/projects/stable-deep-world-model/logs/models/from_scratch_atari_krull_vta_3seed_to_400000_20260208_112207/atari_krull_seed0,/home/haselab/projects/stable-deep-world-model/logs/models/from_scratch_atari_krull_vta_3seed_to_400000_20260208_112207/atari_krull_seed0/checkpoints/step-000012500.pt,/home/haselab/projects/stable-deep-world-model/logs/models/from_scratch_atari_krull_vta_3seed_to_400000_20260208_112207/atari_krull_seed0/eval_eps/20260208T180330-44487f1ea8c44b5eaf22e05d1a89f711-1974.npz,355,375,0.0,8.258506341007887e-07,2.0057878494262695,10.492698669433594,0.0,10.830961227416992,nan,nan,nan,nan
atari_krull,/home/haselab/projects/stable-deep-world-model/logs/models/from_scratch_atari_krull_vta_3seed_to_400000_20260208_112207/atari_krull_seed0,/home/haselab/projects/stable-deep-world-model/logs/models/from_scratch_atari_krull_vta_3seed_to_400000_20260208_112207/atari_krull_seed0/checkpoints/step-000012500.pt,/home/haselab/projects/stable-deep-world-model/logs/models/from_scratch_atari_krull_vta_3seed_to_400000_20260208_112207/atari_krull_seed0/eval_eps/20260208T180330-44487f1ea8c44b5eaf22e05d1a89f711-1974.npz,360,380,0.0,4.3697360752048553e-07,1.9692790508270264,10.483317375183105,0.0,10.77127456665039,nan,nan,nan,nan
atari_krull,/home/haselab/projects/stable-deep-world-model/logs/models/from_scratch_atari_krull_vta_3seed_to_400000_20260208_112207/atari_krull_seed0,/home/haselab/projects/stable-deep-world-model/logs/models/from_scratch_atari_krull_vta_3seed_to_400000_20260208_112207/atari_krull_seed0/checkpoints/step-000012500.pt,/home/haselab/projects/stable-deep-world-model/logs/models/from_scratch_atari_krull_vta_3seed_to_400000_20260208_112207/atari_krull_seed0/eval_eps/20260208T180330-44487f1ea8c44b5eaf22e05d1a89f711-1974.npz,365,385,0.0,3.332954179313674e-07,1.9322757720947266,10.701967239379883,0.0,10.9822359085083,nan,nan,nan,nan
atari_krull,/home/haselab/projects/stable-deep-world-model/logs/models/from_scratch_atari_krull_vta_3seed_to_400000_20260208_112207/atari_krull_seed0,/home/haselab/projects/stable-deep-world-model/logs/models/from_scratch_atari_krull_vta_3seed_to_400000_20260208_112207/atari_krull_seed0/checkpoints/step-000012500.pt,/home/haselab/projects/stable-deep-world-model/logs/models/from_scratch_atari_krull_vta_3seed_to_400000_20260208_112207/atari_krull_seed0/eval_eps/20260208T180330-44487f1ea8c44b5eaf22e05d1a89f711-1974.npz,370,390,0.0,2.974428809920937e-07,1.8932616710662842,10.624310493469238,0.0,10.941730499267578,nan,nan,nan,nan
atari_krull,/home/haselab/projects/stable-deep-world-model/logs/models/from_scratch_atari_krull_vta_3seed_to_400000_20260208_112207/atari_krull_seed0,/home/haselab/projects/stable-deep-world-model/logs/models/from_scratch_atari_krull_vta_3seed_to_400000_20260208_112207/atari_krull_seed0/checkpoints/step-000012500.pt,/home/haselab/projects/stable-deep-world-model/logs/models/from_scratch_atari_krull_vta_3seed_to_400000_20260208_112207/atari_krull_seed0/eval_eps/20260208T180330-44487f1ea8c44b5eaf22e05d1a89f711-1974.npz,375,395,0.0,2.9134201895431033e-07,1.8724676370620728,10.713574409484863,0.0,11.081257820129395,nan,nan,nan,nan
atari_krull,/home/haselab/projects/stable-deep-world-model/logs/models/from_scratch_atari_krull_vta_3seed_to_400000_20260208_112207/atari_krull_seed0,/home/haselab/projects/stable-deep-world-model/logs/models/from_scratch_atari_krull_vta_3seed_to_400000_20260208_112207/atari_krull_seed0/checkpoints/step-000012500.pt,/home/haselab/projects/stable-deep-world-model/logs/models/from_scratch_atari_krull_vta_3seed_to_400000_20260208_112207/atari_krull_seed0/eval_eps/20260208T180330-44487f1ea8c44b5eaf22e05d1a89f711-1974.npz,380,400,0.0,1.7057523393759766e-07,1.9500315189361572,10.68862533569336,0.0,11.037102699279785,nan,nan,nan,nan
atari_krull,/home/haselab/projects/stable-deep-world-model/logs/models/from_scratch_atari_krull_vta_3seed_to_400000_20260208_112207/atari_krull_seed0,/home/haselab/projects/stable-deep-world-model/logs/models/from_scratch_atari_krull_vta_3seed_to_400000_20260208_112207/atari_krull_seed0/checkpoints/step-000012500.pt,/home/haselab/projects/stable-deep-world-model/logs/models/from_scratch_atari_krull_vta_3seed_to_400000_20260208_112207/atari_krull_seed0/eval_eps/20260208T180330-44487f1ea8c44b5eaf22e05d1a89f711-1974.npz,385,405,0.0,1.1370527772669448e-06,1.936193823814392,10.589397430419922,0.0,10.876518249511719,nan,nan,nan,nan
atari_krull,/home/haselab/projects/stable-deep-world-model/logs/models/from_scratch_atari_krull_vta_3seed_to_400000_20260208_112207/atari_krull_seed0,/home/haselab/projects/stable-deep-world-model/logs/models/from_scratch_atari_krull_vta_3seed_to_400000_20260208_112207/atari_krull_seed0/checkpoints/step-000012500.pt,/home/haselab/projects/stable-deep-world-model/logs/models/from_scratch_atari_krull_vta_3seed_to_400000_20260208_112207/atari_krull_seed0/eval_eps/20260208T180330-44487f1ea8c44b5eaf22e05d1a89f711-1974.npz,390,410,0.0,1.0507685601623962e-06,1.9007883071899414,10.642613410949707,0.0,10.86978816986084,nan,nan,nan,nan
atari_krull,/home/haselab/projects/stable-deep-world-model/logs/models/from_scratch_atari_krull_vta_3seed_to_400000_20260208_112207/atari_krull_seed0,/home/haselab/projects/stable-deep-world-model/logs/models/from_scratch_atari_krull_vta_3seed_to_400000_20260208_112207/atari_krull_seed0/checkpoints/step-000012500.pt,/home/haselab/projects/stable-deep-world-model/logs/models/from_scratch_atari_krull_vta_3seed_to_400000_20260208_112207/atari_krull_seed0/eval_eps/20260208T180330-44487f1ea8c44b5eaf22e05d1a89f711-1974.npz,395,415,0.0,1.1022586932085687e-06,1.8704767227172852,10.558049201965332,0.0,10.761509895324707,nan,nan,nan,nan
atari_krull,/home/haselab/projects/stable-deep-world-model/logs/models/from_scratch_atari_krull_vta_3seed_to_400000_20260208_112207/atari_krull_seed0,/home/haselab/projects/stable-deep-world-model/logs/models/from_scratch_atari_krull_vta_3seed_to_400000_20260208_112207/atari_krull_seed0/checkpoints/step-000012500.pt,/home/haselab/projects/stable-deep-world-model/logs/models/from_scratch_atari_krull_vta_3seed_to_400000_20260208_112207/atari_krull_seed0/eval_eps/20260208T180330-44487f1ea8c44b5eaf22e05d1a89f711-1974.npz,400,420,0.0,1.0935088994301623e-06,1.9000781774520874,10.378397941589355,0.0,10.584525108337402,nan,nan,nan,nan
atari_krull,/home/haselab/projects/stable-deep-world-model/logs/models/from_scratch_atari_krull_vta_3seed_to_400000_20260208_112207/atari_krull_seed0,/home/haselab/projects/stable-deep-world-model/logs/models/from_scratch_atari_krull_vta_3seed_to_400000_20260208_112207/atari_krull_seed0/checkpoints/step-000012500.pt,/home/haselab/projects/stable-deep-world-model/logs/models/from_scratch_atari_krull_vta_3seed_to_400000_20260208_112207/atari_krull_seed0/eval_eps/20260208T180330-44487f1ea8c44b5eaf22e05d1a89f711-1974.npz,405,425,0.0,1.6713443073967937e-07,1.92581307888031,10.198882102966309,0.0,10.371342658996582,nan,nan,nan,nan
atari_krull,/home/haselab/projects/stable-deep-world-model/logs/models/from_scratch_atari_krull_vta_3seed_to_400000_20260208_112207/atari_krull_seed0,/home/haselab/projects/stable-deep-world-model/logs/models/from_scratch_atari_krull_vta_3seed_to_400000_20260208_112207/atari_krull_seed0/checkpoints/step-000012500.pt,/home/haselab/projects/stable-deep-world-model/logs/models/from_scratch_atari_krull_vta_3seed_to_400000_20260208_112207/atari_krull_seed0/eval_eps/20260208T180330-44487f1ea8c44b5eaf22e05d1a89f711-1974.npz,410,430,0.0,6.058758117433172e-07,1.9196065664291382,10.233328819274902,0.0,10.365181922912598,nan,nan,nan,nan
atari_krull,/home/haselab/projects/stable-deep-world-model/logs/models/from_scratch_atari_krull_vta_3seed_to_400000_20260208_112207/atari_krull_seed0,/home/haselab/projects/stable-deep-world-model/logs/models/from_scratch_atari_krull_vta_3seed_to_400000_20260208_112207/atari_krull_seed0/checkpoints/step-000012500.pt,/home/haselab/projects/stable-deep-world-model/logs/models/from_scratch_atari_krull_vta_3seed_to_400000_20260208_112207/atari_krull_seed0/eval_eps/20260208T180330-44487f1ea8c44b5eaf22e05d1a89f711-1974.npz,415,435,0.0,5.28704049429507e-07,1.9168916940689087,10.26305103302002,0.0,10.324541091918945,nan,nan,nan,nan
atari_krull,/home/haselab/projects/stable-deep-world-model/logs/models/from_scratch_atari_krull_vta_3seed_to_400000_20260208_112207/atari_krull_seed0,/home/haselab/projects/stable-deep-world-model/logs/models/from_scratch_atari_krull_vta_3seed_to_400000_20260208_112207/atari_krull_seed0/checkpoints/step-000012500.pt,/home/haselab/projects/stable-deep-world-model/logs/models/from_scratch_atari_krull_vta_3seed_to_400000_20260208_112207/atari_krull_seed0/eval_eps/20260208T180330-44487f1ea8c44b5eaf22e05d1a89f711-1974.npz,420,440,0.0,7.614594892402238e-07,1.8898712396621704,10.333368301391602,0.0,10.431208610534668,nan,nan,nan,nan
atari_krull,/home/haselab/projects/stable-deep-world-model/logs/models/from_scratch_atari_krull_vta_3seed_to_400000_20260208_112207/atari_krull_seed0,/home/haselab/projects/stable-deep-world-model/logs/models/from_scratch_atari_krull_vta_3seed_to_400000_20260208_112207/atari_krull_seed0/checkpoints/step-000012500.pt,/home/haselab/projects/stable-deep-world-model/logs/models/from_scratch_atari_krull_vta_3seed_to_400000_20260208_112207/atari_krull_seed0/eval_eps/20260208T180330-44487f1ea8c44b5eaf22e05d1a89f711-1974.npz,425,445,0.0,7.246629252222192e-07,1.9205344915390015,10.432671546936035,0.0,10.596177101135254,nan,nan,nan,nan
atari_krull,/home/haselab/projects/stable-deep-world-model/logs/models/from_scratch_atari_krull_vta_3seed_to_400000_20260208_112207/atari_krull_seed0,/home/haselab/projects/stable-deep-world-model/logs/models/from_scratch_atari_krull_vta_3seed_to_400000_20260208_112207/atari_krull_seed0/checkpoints/step-000012500.pt,/home/haselab/projects/stable-deep-world-model/logs/models/from_scratch_atari_krull_vta_3seed_to_400000_20260208_112207/atari_krull_seed0/eval_eps/20260208T180330-44487f1ea8c44b5eaf22e05d1a89f711-1974.npz,430,450,0.0,2.932167149083398e-07,1.925246000289917,10.366813659667969,0.0,10.637492179870605,nan,nan,nan,nan
atari_krull,/home/haselab/projects/stable-deep-world-model/logs/models/from_scratch_atari_krull_vta_3seed_to_400000_20260208_112207/atari_krull_seed0,/home/haselab/projects/stable-deep-world-model/logs/models/from_scratch_atari_krull_vta_3seed_to_400000_20260208_112207/atari_krull_seed0/checkpoints/step-000012500.pt,/home/haselab/projects/stable-deep-world-model/logs/models/from_scratch_atari_krull_vta_3seed_to_400000_20260208_112207/atari_krull_seed0/eval_eps/20260208T180330-44487f1ea8c44b5eaf22e05d1a89f711-1974.npz,435,455,0.0,5.213053668740031e-07,1.8802964687347412,10.383321762084961,0.0,10.567680358886719,nan,nan,nan,nan
atari_krull,/home/haselab/projects/stable-deep-world-model/logs/models/from_scratch_atari_krull_vta_3seed_to_400000_20260208_112207/atari_krull_seed0,/home/haselab/projects/stable-deep-world-model/logs/models/from_scratch_atari_krull_vta_3seed_to_400000_20260208_112207/atari_krull_seed0/checkpoints/step-000012500.pt,/home/haselab/projects/stable-deep-world-model/logs/models/from_scratch_atari_krull_vta_3seed_to_400000_20260208_112207/atari_krull_seed0/eval_eps/20260208T180330-44487f1ea8c44b5eaf22e05d1a89f711-1974.npz,440,460,0.0,3.701845230352774e-07,1.8460609912872314,10.465679168701172,0.0,10.619525909423828,nan,nan,nan,nan
atari_krull,/home/haselab/projects/stable-deep-world-model/logs/models/from_scratch_atari_krull_vta_3seed_to_400000_20260208_112207/atari_krull_seed0,/home/haselab/projects/stable-deep-world-model/logs/models/from_scratch_atari_krull_vta_3seed_to_400000_20260208_112207/atari_krull_seed0/checkpoints/step-000012500.pt,/home/haselab/projects/stable-deep-world-model/logs/models/from_scratch_atari_krull_vta_3seed_to_400000_20260208_112207/atari_krull_seed0/eval_eps/20260208T180330-44487f1ea8c44b5eaf22e05d1a89f711-1974.npz,445,465,0.0,3.681059013160848e-07,1.8313570022583008,10.267513275146484,0.0,10.336326599121094,nan,nan,nan,nan
atari_krull,/home/haselab/projects/stable-deep-world-model/logs/models/from_scratch_atari_krull_vta_3seed_to_400000_20260208_112207/atari_krull_seed0,/home/haselab/projects/stable-deep-world-model/logs/models/from_scratch_atari_krull_vta_3seed_to_400000_20260208_112207/atari_krull_seed0/checkpoints/step-000012500.pt,/home/haselab/projects/stable-deep-world-model/logs/models/from_scratch_atari_krull_vta_3seed_to_400000_20260208_112207/atari_krull_seed0/eval_eps/20260208T180330-44487f1ea8c44b5eaf22e05d1a89f711-1974.npz,450,470,0.0,4.5757542466162704e-07,1.90518319606781,10.126352310180664,0.0,10.090228080749512,nan,nan,nan,nan
atari_krull,/home/haselab/projects/stable-deep-world-model/logs/models/from_scratch_atari_krull_vta_3seed_to_400000_20260208_112207/atari_krull_seed0,/home/haselab/projects/stable-deep-world-model/logs/models/from_scratch_atari_krull_vta_3seed_to_400000_20260208_112207/atari_krull_seed0/checkpoints/step-000012500.pt,/home/haselab/projects/stable-deep-world-model/logs/models/from_scratch_atari_krull_vta_3seed_to_400000_20260208_112207/atari_krull_seed0/eval_eps/20260208T180330-44487f1ea8c44b5eaf22e05d1a89f711-1974.npz,455,475,0.0,4.983293706573022e-07,1.9071861505508423,10.032044410705566,0.0,10.113410949707031,nan,nan,nan,nan
atari_krull,/home/haselab/projects/stable-deep-world-model/logs/models/from_scratch_atari_krull_vta_3seed_to_400000_20260208_112207/atari_krull_seed0,/home/haselab/projects/stable-deep-world-model/logs/models/from_scratch_atari_krull_vta_3seed_to_400000_20260208_112207/atari_krull_seed0/checkpoints/step-000012500.pt,/home/haselab/projects/stable-deep-world-model/logs/models/from_scratch_atari_krull_vta_3seed_to_400000_20260208_112207/atari_krull_seed0/eval_eps/20260208T180330-44487f1ea8c44b5eaf22e05d1a89f711-1974.npz,460,480,0.0,1.3585804481408559e-06,1.8706862926483154,10.053631782531738,0.0,10.16484260559082,nan,nan,nan,nan
atari_krull,/home/haselab/projects/stable-deep-world-model/logs/models/from_scratch_atari_krull_vta_3seed_to_400000_20260208_112207/atari_krull_seed0,/home/haselab/projects/stable-deep-world-model/logs/models/from_scratch_atari_krull_vta_3seed_to_400000_20260208_112207/atari_krull_seed0/checkpoints/step-000012500.pt,/home/haselab/projects/stable-deep-world-model/logs/models/from_scratch_atari_krull_vta_3seed_to_400000_20260208_112207/atari_krull_seed0/eval_eps/20260208T180330-44487f1ea8c44b5eaf22e05d1a89f711-1974.npz,465,485,0.0,2.2025722046237206e-06,1.8281415700912476,10.105839729309082,0.0,10.37977123260498,nan,nan,nan,nan
atari_krull,/home/haselab/projects/stable-deep-world-model/logs/models/from_scratch_atari_krull_vta_3seed_to_400000_20260208_112207/atari_krull_seed0,/home/haselab/projects/stable-deep-world-model/logs/models/from_scratch_atari_krull_vta_3seed_to_400000_20260208_112207/atari_krull_seed0/checkpoints/step-000012500.pt,/home/haselab/projects/stable-deep-world-model/logs/models/from_scratch_atari_krull_vta_3seed_to_400000_20260208_112207/atari_krull_seed0/eval_eps/20260208T180330-44487f1ea8c44b5eaf22e05d1a89f711-1974.npz,470,490,0.0,2.1173439108679304e-06,1.7961342334747314,10.143838882446289,0.0,10.483050346374512,nan,nan,nan,nan
atari_krull,/home/haselab/projects/stable-deep-world-model/logs/models/from_scratch_atari_krull_vta_3seed_to_400000_20260208_112207/atari_krull_seed0,/home/haselab/projects/stable-deep-world-model/logs/models/from_scratch_atari_krull_vta_3seed_to_400000_20260208_112207/atari_krull_seed0/checkpoints/step-000012500.pt,/home/haselab/projects/stable-deep-world-model/logs/models/from_scratch_atari_krull_vta_3seed_to_400000_20260208_112207/atari_krull_seed0/eval_eps/20260208T180330-44487f1ea8c44b5eaf22e05d1a89f711-1974.npz,475,495,0.0,1.8488642581360182e-06,1.862988829612732,10.075074195861816,0.0,10.479401588439941,nan,nan,nan,nan
atari_krull,/home/haselab/projects/stable-deep-world-model/logs/models/from_scratch_atari_krull_vta_3seed_to_400000_20260208_112207/atari_krull_seed0,/home/haselab/projects/stable-deep-world-model/logs/models/from_scratch_atari_krull_vta_3seed_to_400000_20260208_112207/atari_krull_seed0/checkpoints/step-000012500.pt,/home/haselab/projects/stable-deep-world-model/logs/models/from_scratch_atari_krull_vta_3seed_to_400000_20260208_112207/atari_krull_seed0/eval_eps/20260208T180330-44487f1ea8c44b5eaf22e05d1a89f711-1974.npz,480,500,0.0,1.1607044143602252e-06,1.856074571609497,9.982969284057617,0.0,10.427946090698242,nan,nan,nan,nan
atari_krull,/home/haselab/projects/stable-deep-world-model/logs/models/from_scratch_atari_krull_vta_3seed_to_400000_20260208_112207/atari_krull_seed0,/home/haselab/projects/stable-deep-world-model/logs/models/from_scratch_atari_krull_vta_3seed_to_400000_20260208_112207/atari_krull_seed0/checkpoints/step-000012500.pt,/home/haselab/projects/stable-deep-world-model/logs/models/from_scratch_atari_krull_vta_3seed_to_400000_20260208_112207/atari_krull_seed0/eval_eps/20260208T180330-44487f1ea8c44b5eaf22e05d1a89f711-1974.npz,485,505,0.0,8.826476687318063e-07,1.8560504913330078,10.201154708862305,0.0,10.624134063720703,nan,nan,nan,nan
atari_krull,/home/haselab/projects/stable-deep-world-model/logs/models/from_scratch_atari_krull_vta_3seed_to_400000_20260208_112207/atari_krull_seed0,/home/haselab/projects/stable-deep-world-model/logs/models/from_scratch_atari_krull_vta_3seed_to_400000_20260208_112207/atari_krull_seed0/checkpoints/step-000012500.pt,/home/haselab/projects/stable-deep-world-model/logs/models/from_scratch_atari_krull_vta_3seed_to_400000_20260208_112207/atari_krull_seed0/eval_eps/20260208T180330-44487f1ea8c44b5eaf22e05d1a89f711-1974.npz,490,510,0.0,1.398966446686245e-06,1.834054946899414,10.207857131958008,0.0,10.576784133911133,nan,nan,nan,nan
atari_krull,/home/haselab/projects/stable-deep-world-model/logs/models/from_scratch_atari_krull_vta_3seed_to_400000_20260208_112207/atari_krull_seed0,/home/haselab/projects/stable-deep-world-model/logs/models/from_scratch_atari_krull_vta_3seed_to_400000_20260208_112207/atari_krull_seed0/checkpoints/step-000012500.pt,/home/haselab/projects/stable-deep-world-model/logs/models/from_scratch_atari_krull_vta_3seed_to_400000_20260208_112207/atari_krull_seed0/eval_eps/20260208T180330-44487f1ea8c44b5eaf22e05d1a89f711-1974.npz,495,515,0.0,1.4725908386026276e-06,1.830613136291504,10.301694869995117,0.0,10.617659568786621,nan,nan,nan,nan
atari_krull,/home/haselab/projects/stable-deep-world-model/logs/models/from_scratch_atari_krull_vta_3seed_to_400000_20260208_112207/atari_krull_seed0,/home/haselab/projects/stable-deep-world-model/logs/models/from_scratch_atari_krull_vta_3seed_to_400000_20260208_112207/atari_krull_seed0/checkpoints/step-000012500.pt,/home/haselab/projects/stable-deep-world-model/logs/models/from_scratch_atari_krull_vta_3seed_to_400000_20260208_112207/atari_krull_seed0/eval_eps/20260208T180330-44487f1ea8c44b5eaf22e05d1a89f711-1974.npz,500,520,0.0,1.2348381233096006e-06,1.9246364831924438,10.31246566772461,0.0,10.596600532531738,nan,nan,nan,nan
atari_krull,/home/haselab/projects/stable-deep-world-model/logs/models/from_scratch_atari_krull_vta_3seed_to_400000_20260208_112207/atari_krull_seed0,/home/haselab/projects/stable-deep-world-model/logs/models/from_scratch_atari_krull_vta_3seed_to_400000_20260208_112207/atari_krull_seed0/checkpoints/step-000012500.pt,/home/haselab/projects/stable-deep-world-model/logs/models/from_scratch_atari_krull_vta_3seed_to_400000_20260208_112207/atari_krull_seed0/eval_eps/20260208T180330-44487f1ea8c44b5eaf22e05d1a89f711-1974.npz,505,525,0.0,6.74483544571558e-07,1.924177885055542,10.28943920135498,0.0,10.50279426574707,nan,nan,nan,nan
atari_krull,/home/haselab/projects/stable-deep-world-model/logs/models/from_scratch_atari_krull_vta_3seed_to_400000_20260208_112207/atari_krull_seed0,/home/haselab/projects/stable-deep-world-model/logs/models/from_scratch_atari_krull_vta_3seed_to_400000_20260208_112207/atari_krull_seed0/checkpoints/step-000012500.pt,/home/haselab/projects/stable-deep-world-model/logs/models/from_scratch_atari_krull_vta_3seed_to_400000_20260208_112207/atari_krull_seed0/eval_eps/20260208T180330-44487f1ea8c44b5eaf22e05d1a89f711-1974.npz,510,530,0.0,2.5350351506858715e-07,1.9077975749969482,10.37940788269043,0.0,10.691783905029297,nan,nan,nan,nan
atari_krull,/home/haselab/projects/stable-deep-world-model/logs/models/from_scratch_atari_krull_vta_3seed_to_400000_20260208_112207/atari_krull_seed0,/home/haselab/projects/stable-deep-world-model/logs/models/from_scratch_atari_krull_vta_3seed_to_400000_20260208_112207/atari_krull_seed0/checkpoints/step-000012500.pt,/home/haselab/projects/stable-deep-world-model/logs/models/from_scratch_atari_krull_vta_3seed_to_400000_20260208_112207/atari_krull_seed0/eval_eps/20260208T180330-44487f1ea8c44b5eaf22e05d1a89f711-1974.npz,515,535,0.0,1.7207437963406846e-07,1.897249460220337,10.267234802246094,0.0,10.611112594604492,nan,nan,nan,nan
atari_krull,/home/haselab/projects/stable-deep-world-model/logs/models/from_scratch_atari_krull_vta_3seed_to_400000_20260208_112207/atari_krull_seed0,/home/haselab/projects/stable-deep-world-model/logs/models/from_scratch_atari_krull_vta_3seed_to_400000_20260208_112207/atari_krull_seed0/checkpoints/step-000012500.pt,/home/haselab/projects/stable-deep-world-model/logs/models/from_scratch_atari_krull_vta_3seed_to_400000_20260208_112207/atari_krull_seed0/eval_eps/20260208T180330-44487f1ea8c44b5eaf22e05d1a89f711-1974.npz,520,540,0.0,1.505466826756674e-07,1.9358160495758057,10.270627975463867,0.0,10.688516616821289,nan,nan,nan,nan
atari_krull,/home/haselab/projects/stable-deep-world-model/logs/models/from_scratch_atari_krull_vta_3seed_to_400000_20260208_112207/atari_krull_seed0,/home/haselab/projects/stable-deep-world-model/logs/models/from_scratch_atari_krull_vta_3seed_to_400000_20260208_112207/atari_krull_seed0/checkpoints/step-000012500.pt,/home/haselab/projects/stable-deep-world-model/logs/models/from_scratch_atari_krull_vta_3seed_to_400000_20260208_112207/atari_krull_seed0/eval_eps/20260208T180330-44487f1ea8c44b5eaf22e05d1a89f711-1974.npz,525,545,0.0,2.128866327666401e-07,1.9765926599502563,10.247257232666016,0.0,10.677453994750977,nan,nan,nan,nan
atari_krull,/home/haselab/projects/stable-deep-world-model/logs/models/from_scratch_atari_krull_vta_3seed_to_400000_20260208_112207/atari_krull_seed0,/home/haselab/projects/stable-deep-world-model/logs/models/from_scratch_atari_krull_vta_3seed_to_400000_20260208_112207/atari_krull_seed0/checkpoints/step-000012500.pt,/home/haselab/projects/stable-deep-world-model/logs/models/from_scratch_atari_krull_vta_3seed_to_400000_20260208_112207/atari_krull_seed0/eval_eps/20260208T180330-44487f1ea8c44b5eaf22e05d1a89f711-1974.npz,530,550,0.0,1.4034674222784815e-06,2.00022292137146,10.490379333496094,0.0,10.904972076416016,nan,nan,nan,nan
atari_krull,/home/haselab/projects/stable-deep-world-model/logs/models/from_scratch_atari_krull_vta_3seed_to_400000_20260208_112207/atari_krull_seed0,/home/haselab/projects/stable-deep-world-model/logs/models/from_scratch_atari_krull_vta_3seed_to_400000_20260208_112207/atari_krull_seed0/checkpoints/step-000012500.pt,/home/haselab/projects/stable-deep-world-model/logs/models/from_scratch_atari_krull_vta_3seed_to_400000_20260208_112207/atari_krull_seed0/eval_eps/20260208T180330-44487f1ea8c44b5eaf22e05d1a89f711-1974.npz,535,555,0.0,1.7836252936831443e-06,2.0079469680786133,10.686625480651855,0.0,11.065906524658203,nan,nan,nan,nan
atari_krull,/home/haselab/projects/stable-deep-world-model/logs/models/from_scratch_atari_krull_vta_3seed_to_400000_20260208_112207/atari_krull_seed0,/home/haselab/projects/stable-deep-world-model/logs/models/from_scratch_atari_krull_vta_3seed_to_400000_20260208_112207/atari_krull_seed0/checkpoints/step-000012500.pt,/home/haselab/projects/stable-deep-world-model/logs/models/from_scratch_atari_krull_vta_3seed_to_400000_20260208_112207/atari_krull_seed0/eval_eps/20260208T180330-44487f1ea8c44b5eaf22e05d1a89f711-1974.npz,540,560,0.0,1.8348961248193518e-06,1.9708435535430908,10.709177017211914,0.0,11.02504825592041,nan,nan,nan,nan
atari_krull,/home/haselab/projects/stable-deep-world-model/logs/models/from_scratch_atari_krull_vta_3seed_to_400000_20260208_112207/atari_krull_seed0,/home/haselab/projects/stable-deep-world-model/logs/models/from_scratch_atari_krull_vta_3seed_to_400000_20260208_112207/atari_krull_seed0/checkpoints/step-000012500.pt,/home/haselab/projects/stable-deep-world-model/logs/models/from_scratch_atari_krull_vta_3seed_to_400000_20260208_112207/atari_krull_seed0/eval_eps/20260208T180330-44487f1ea8c44b5eaf22e05d1a89f711-1974.npz,545,565,0.0,1.8455999679645174e-06,2.0310444831848145,10.679962158203125,0.0,10.938142776489258,nan,nan,nan,nan
atari_krull,/home/haselab/projects/stable-deep-world-model/logs/models/from_scratch_atari_krull_vta_3seed_to_400000_20260208_112207/atari_krull_seed0,/home/haselab/projects/stable-deep-world-model/logs/models/from_scratch_atari_krull_vta_3seed_to_400000_20260208_112207/atari_krull_seed0/checkpoints/step-000012500.pt,/home/haselab/projects/stable-deep-world-model/logs/models/from_scratch_atari_krull_vta_3seed_to_400000_20260208_112207/atari_krull_seed0/eval_eps/20260208T180330-44487f1ea8c44b5eaf22e05d1a89f711-1974.npz,550,570,0.0,2.615356152091408e-06,2.0593957901000977,10.474898338317871,0.0,10.723156929016113,nan,nan,nan,nan
atari_krull,/home/haselab/projects/stable-deep-world-model/logs/models/from_scratch_atari_krull_vta_3seed_to_400000_20260208_112207/atari_krull_seed0,/home/haselab/projects/stable-deep-world-model/logs/models/from_scratch_atari_krull_vta_3seed_to_400000_20260208_112207/atari_krull_seed0/checkpoints/step-000012500.pt,/home/haselab/projects/stable-deep-world-model/logs/models/from_scratch_atari_krull_vta_3seed_to_400000_20260208_112207/atari_krull_seed0/eval_eps/20260208T180330-44487f1ea8c44b5eaf22e05d1a89f711-1974.npz,555,575,0.0,3.0898172553861514e-06,2.0495431423187256,10.550081253051758,0.0,10.785562515258789,nan,nan,nan,nan
atari_krull,/home/haselab/projects/stable-deep-world-model/logs/models/from_scratch_atari_krull_vta_3seed_to_400000_20260208_112207/atari_krull_seed0,/home/haselab/projects/stable-deep-world-model/logs/models/from_scratch_atari_krull_vta_3seed_to_400000_20260208_112207/atari_krull_seed0/checkpoints/step-000012500.pt,/home/haselab/projects/stable-deep-world-model/logs/models/from_scratch_atari_krull_vta_3seed_to_400000_20260208_112207/atari_krull_seed0/eval_eps/20260208T180330-44487f1ea8c44b5eaf22e05d1a89f711-1974.npz,560,580,0.0,3.2192692742682993e-06,2.0212912559509277,10.623711585998535,0.0,10.911404609680176,nan,nan,nan,nan
atari_krull,/home/haselab/projects/stable-deep-world-model/logs/models/from_scratch_atari_krull_vta_3seed_to_400000_20260208_112207/atari_krull_seed0,/home/haselab/projects/stable-deep-world-model/logs/models/from_scratch_atari_krull_vta_3seed_to_400000_20260208_112207/atari_krull_seed0/checkpoints/step-000012500.pt,/home/haselab/projects/stable-deep-world-model/logs/models/from_scratch_atari_krull_vta_3seed_to_400000_20260208_112207/atari_krull_seed0/eval_eps/20260208T180330-44487f1ea8c44b5eaf22e05d1a89f711-1974.npz,565,585,0.0,3.801812908932334e-06,2.016244888305664,10.60767650604248,0.0,10.911018371582031,nan,nan,nan,nan
atari_krull,/home/haselab/projects/stable-deep-world-model/logs/models/from_scratch_atari_krull_vta_3seed_to_400000_20260208_112207/atari_krull_seed0,/home/haselab/projects/stable-deep-world-model/logs/models/from_scratch_atari_krull_vta_3seed_to_400000_20260208_112207/atari_krull_seed0/checkpoints/step-000012500.pt,/home/haselab/projects/stable-deep-world-model/logs/models/from_scratch_atari_krull_vta_3seed_to_400000_20260208_112207/atari_krull_seed0/eval_eps/20260208T180330-44487f1ea8c44b5eaf22e05d1a89f711-1974.npz,570,590,0.0,2.7998753466818016e-06,2.0652663707733154,10.640275955200195,0.0,10.970243453979492,nan,nan,nan,nan
atari_krull,/home/haselab/projects/stable-deep-world-model/logs/models/from_scratch_atari_krull_vta_3seed_to_400000_20260208_112207/atari_krull_seed0,/home/haselab/projects/stable-deep-world-model/logs/models/from_scratch_atari_krull_vta_3seed_to_400000_20260208_112207/atari_krull_seed0/checkpoints/step-000012500.pt,/home/haselab/projects/stable-deep-world-model/logs/models/from_scratch_atari_krull_vta_3seed_to_400000_20260208_112207/atari_krull_seed0/eval_eps/20260208T180330-44487f1ea8c44b5eaf22e05d1a89f711-1974.npz,575,595,0.0,2.408762611594284e-06,2.056605815887451,10.649706840515137,0.0,10.976801872253418,nan,nan,nan,nan
atari_krull,/home/haselab/projects/stable-deep-world-model/logs/models/from_scratch_atari_krull_vta_3seed_to_400000_20260208_112207/atari_krull_seed0,/home/haselab/projects/stable-deep-world-model/logs/models/from_scratch_atari_krull_vta_3seed_to_400000_20260208_112207/atari_krull_seed0/checkpoints/step-000012500.pt,/home/haselab/projects/stable-deep-world-model/logs/models/from_scratch_atari_krull_vta_3seed_to_400000_20260208_112207/atari_krull_seed0/eval_eps/20260208T180330-44487f1ea8c44b5eaf22e05d1a89f711-1974.npz,580,600,0.0,2.535165549488738e-06,2.020219087600708,10.696779251098633,0.0,10.928079605102539,nan,nan,nan,nan
atari_krull,/home/haselab/projects/stable-deep-world-model/logs/models/from_scratch_atari_krull_vta_3seed_to_400000_20260208_112207/atari_krull_seed0,/home/haselab/projects/stable-deep-world-model/logs/models/from_scratch_atari_krull_vta_3seed_to_400000_20260208_112207/atari_krull_seed0/checkpoints/step-000012500.pt,/home/haselab/projects/stable-deep-world-model/logs/models/from_scratch_atari_krull_vta_3seed_to_400000_20260208_112207/atari_krull_seed0/eval_eps/20260208T180330-44487f1ea8c44b5eaf22e05d1a89f711-1974.npz,585,605,0.0,1.9436449747445295e-06,1.9784176349639893,10.67650032043457,0.0,10.855566024780273,nan,nan,nan,nan
atari_krull,/home/haselab/projects/stable-deep-world-model/logs/models/from_scratch_atari_krull_vta_3seed_to_400000_20260208_112207/atari_krull_seed0,/home/haselab/projects/stable-deep-world-model/logs/models/from_scratch_atari_krull_vta_3seed_to_400000_20260208_112207/atari_krull_seed0/checkpoints/step-000012500.pt,/home/haselab/projects/stable-deep-world-model/logs/models/from_scratch_atari_krull_vta_3seed_to_400000_20260208_112207/atari_krull_seed0/eval_eps/20260208T180330-44487f1ea8c44b5eaf22e05d1a89f711-1974.npz,590,610,0.0,1.1341485333105084e-06,1.9736076593399048,10.70337200164795,0.0,10.813528060913086,nan,nan,nan,nan
atari_krull,/home/haselab/projects/stable-deep-world-model/logs/models/from_scratch_atari_krull_vta_3seed_to_400000_20260208_112207/atari_krull_seed0,/home/haselab/projects/stable-deep-world-model/logs/models/from_scratch_atari_krull_vta_3seed_to_400000_20260208_112207/atari_krull_seed0/checkpoints/step-000012500.pt,/home/haselab/projects/stable-deep-world-model/logs/models/from_scratch_atari_krull_vta_3seed_to_400000_20260208_112207/atari_krull_seed0/eval_eps/20260208T180330-44487f1ea8c44b5eaf22e05d1a89f711-1974.npz,595,615,0.0,1.3756226735495147e-06,2.0670166015625,10.566853523254395,0.0,10.592618942260742,nan,nan,nan,nan
atari_krull,/home/haselab/projects/stable-deep-world-model/logs/models/from_scratch_atari_krull_vta_3seed_to_400000_20260208_112207/atari_krull_seed0,/home/haselab/projects/stable-deep-world-model/logs/models/from_scratch_atari_krull_vta_3seed_to_400000_20260208_112207/atari_krull_seed0/checkpoints/step-000012500.pt,/home/haselab/projects/stable-deep-world-model/logs/models/from_scratch_atari_krull_vta_3seed_to_400000_20260208_112207/atari_krull_seed0/eval_eps/20260208T180330-44487f1ea8c44b5eaf22e05d1a89f711-1974.npz,600,620,0.0,1.7218859511558549e-06,2.078925371170044,10.485017776489258,0.0,10.530923843383789,nan,nan,nan,nan
atari_krull,/home/haselab/projects/stable-deep-world-model/logs/models/from_scratch_atari_krull_vta_3seed_to_400000_20260208_112207/atari_krull_seed0,/home/haselab/projects/stable-deep-world-model/logs/models/from_scratch_atari_krull_vta_3seed_to_400000_20260208_112207/atari_krull_seed0/checkpoints/step-000012500.pt,/home/haselab/projects/stable-deep-world-model/logs/models/from_scratch_atari_krull_vta_3seed_to_400000_20260208_112207/atari_krull_seed0/eval_eps/20260208T180330-44487f1ea8c44b5eaf22e05d1a89f711-1974.npz,605,625,0.0,1.8234117078463896e-06,2.0460453033447266,10.62454891204834,0.0,10.764887809753418,nan,nan,nan,nan
atari_krull,/home/haselab/projects/stable-deep-world-model/logs/models/from_scratch_atari_krull_vta_3seed_to_400000_20260208_112207/atari_krull_seed0,/home/haselab/projects/stable-deep-world-model/logs/models/from_scratch_atari_krull_vta_3seed_to_400000_20260208_112207/atari_krull_seed0/checkpoints/step-000012500.pt,/home/haselab/projects/stable-deep-world-model/logs/models/from_scratch_atari_krull_vta_3seed_to_400000_20260208_112207/atari_krull_seed0/eval_eps/20260208T180330-44487f1ea8c44b5eaf22e05d1a89f711-1974.npz,610,630,0.0,1.6856553202160285e-06,1.9771941900253296,10.364934921264648,0.0,10.59964656829834,nan,nan,nan,nan
atari_krull,/home/haselab/projects/stable-deep-world-model/logs/models/from_scratch_atari_krull_vta_3seed_to_400000_20260208_112207/atari_krull_seed0,/home/haselab/projects/stable-deep-world-model/logs/models/from_scratch_atari_krull_vta_3seed_to_400000_20260208_112207/atari_krull_seed0/checkpoints/step-000012500.pt,/home/haselab/projects/stable-deep-world-model/logs/models/from_scratch_atari_krull_vta_3seed_to_400000_20260208_112207/atari_krull_seed0/eval_eps/20260208T180330-44487f1ea8c44b5eaf22e05d1a89f711-1974.npz,615,635,0.0,1.81942982635519e-06,1.9546855688095093,10.378693580627441,0.0,10.575201988220215,nan,nan,nan,nan
atari_krull,/home/haselab/projects/stable-deep-world-model/logs/models/from_scratch_atari_krull_vta_3seed_to_400000_20260208_112207/atari_krull_seed0,/home/haselab/projects/stable-deep-world-model/logs/models/from_scratch_atari_krull_vta_3seed_to_400000_20260208_112207/atari_krull_seed0/checkpoints/step-000012500.pt,/home/haselab/projects/stable-deep-world-model/logs/models/from_scratch_atari_krull_vta_3seed_to_400000_20260208_112207/atari_krull_seed0/eval_eps/20260208T180330-44487f1ea8c44b5eaf22e05d1a89f711-1974.npz,620,640,0.0,2.515283540560631e-06,2.0175280570983887,10.350589752197266,0.0,10.538496017456055,nan,nan,nan,nan
atari_krull,/home/haselab/projects/stable-deep-world-model/logs/models/from_scratch_atari_krull_vta_3seed_to_400000_20260208_112207/atari_krull_seed0,/home/haselab/projects/stable-deep-world-model/logs/models/from_scratch_atari_krull_vta_3seed_to_400000_20260208_112207/atari_krull_seed0/checkpoints/step-000012500.pt,/home/haselab/projects/stable-deep-world-model/logs/models/from_scratch_atari_krull_vta_3seed_to_400000_20260208_112207/atari_krull_seed0/eval_eps/20260208T180330-44487f1ea8c44b5eaf22e05d1a89f711-1974.npz,625,645,0.0,2.6779130166687537e-06,2.020695686340332,10.384981155395508,0.0,10.574357032775879,nan,nan,nan,nan
atari_krull,/home/haselab/projects/stable-deep-world-model/logs/models/from_scratch_atari_krull_vta_3seed_to_400000_20260208_112207/atari_krull_seed0,/home/haselab/projects/stable-deep-world-model/logs/models/from_scratch_atari_krull_vta_3seed_to_400000_20260208_112207/atari_krull_seed0/checkpoints/step-000012500.pt,/home/haselab/projects/stable-deep-world-model/logs/models/from_scratch_atari_krull_vta_3seed_to_400000_20260208_112207/atari_krull_seed0/eval_eps/20260208T180330-44487f1ea8c44b5eaf22e05d1a89f711-1974.npz,630,650,0.0,3.586321781767765e-06,2.000896453857422,10.607800483703613,0.0,10.705810546875,nan,nan,nan,nan
atari_krull,/home/haselab/projects/stable-deep-world-model/logs/models/from_scratch_atari_krull_vta_3seed_to_400000_20260208_112207/atari_krull_seed0,/home/haselab/projects/stable-deep-world-model/logs/models/from_scratch_atari_krull_vta_3seed_to_400000_20260208_112207/atari_krull_seed0/checkpoints/step-000012500.pt,/home/haselab/projects/stable-deep-world-model/logs/models/from_scratch_atari_krull_vta_3seed_to_400000_20260208_112207/atari_krull_seed0/eval_eps/20260208T180330-44487f1ea8c44b5eaf22e05d1a89f711-1974.npz,635,655,0.0,2.7590228910412407e-06,1.9488757848739624,10.590950965881348,0.0,10.804559707641602,nan,nan,nan,nan
atari_krull,/home/haselab/projects/stable-deep-world-model/logs/models/from_scratch_atari_krull_vta_3seed_to_400000_20260208_112207/atari_krull_seed0,/home/haselab/projects/stable-deep-world-model/logs/models/from_scratch_atari_krull_vta_3seed_to_400000_20260208_112207/atari_krull_seed0/checkpoints/step-000012500.pt,/home/haselab/projects/stable-deep-world-model/logs/models/from_scratch_atari_krull_vta_3seed_to_400000_20260208_112207/atari_krull_seed0/eval_eps/20260208T180330-44487f1ea8c44b5eaf22e05d1a89f711-1974.npz,640,660,0.0,1.4419296121559455e-06,1.9696544408798218,10.568967819213867,0.0,10.818482398986816,nan,nan,nan,nan
atari_krull,/home/haselab/projects/stable-deep-world-model/logs/models/from_scratch_atari_krull_vta_3seed_to_400000_20260208_112207/atari_krull_seed0,/home/haselab/projects/stable-deep-world-model/logs/models/from_scratch_atari_krull_vta_3seed_to_400000_20260208_112207/atari_krull_seed0/checkpoints/step-000012500.pt,/home/haselab/projects/stable-deep-world-model/logs/models/from_scratch_atari_krull_vta_3seed_to_400000_20260208_112207/atari_krull_seed0/eval_eps/20260208T180330-44487f1ea8c44b5eaf22e05d1a89f711-1974.npz,645,665,0.0,2.7367293569113826e-06,1.9654890298843384,10.373931884765625,0.0,10.621562004089355,nan,nan,nan,nan
atari_krull,/home/haselab/projects/stable-deep-world-model/logs/models/from_scratch_atari_krull_vta_3seed_to_400000_20260208_112207/atari_krull_seed0,/home/haselab/projects/stable-deep-world-model/logs/models/from_scratch_atari_krull_vta_3seed_to_400000_20260208_112207/atari_krull_seed0/checkpoints/step-000012500.pt,/home/haselab/projects/stable-deep-world-model/logs/models/from_scratch_atari_krull_vta_3seed_to_400000_20260208_112207/atari_krull_seed0/eval_eps/20260208T180330-44487f1ea8c44b5eaf22e05d1a89f711-1974.npz,650,670,0.0,2.722595581872156e-06,1.9369350671768188,10.453021049499512,0.0,10.778743743896484,nan,nan,nan,nan
atari_krull,/home/haselab/projects/stable-deep-world-model/logs/models/from_scratch_atari_krull_vta_3seed_to_400000_20260208_112207/atari_krull_seed0,/home/haselab/projects/stable-deep-world-model/logs/models/from_scratch_atari_krull_vta_3seed_to_400000_20260208_112207/atari_krull_seed0/checkpoints/step-000012500.pt,/home/haselab/projects/stable-deep-world-model/logs/models/from_scratch_atari_krull_vta_3seed_to_400000_20260208_112207/atari_krull_seed0/eval_eps/20260208T180330-44487f1ea8c44b5eaf22e05d1a89f711-1974.npz,655,675,0.0,2.8546553494379623e-06,1.9294118881225586,10.424528121948242,0.0,10.851612091064453,nan,nan,nan,nan
atari_krull,/home/haselab/projects/stable-deep-world-model/logs/models/from_scratch_atari_krull_vta_3seed_to_400000_20260208_112207/atari_krull_seed0,/home/haselab/projects/stable-deep-world-model/logs/models/from_scratch_atari_krull_vta_3seed_to_400000_20260208_112207/atari_krull_seed0/checkpoints/step-000012500.pt,/home/haselab/projects/stable-deep-world-model/logs/models/from_scratch_atari_krull_vta_3seed_to_400000_20260208_112207/atari_krull_seed0/eval_eps/20260208T180330-44487f1ea8c44b5eaf22e05d1a89f711-1974.npz,660,680,0.0,2.9564512260549236e-06,1.887345314025879,10.343820571899414,0.0,10.682417869567871,nan,nan,nan,nan
atari_krull,/home/haselab/projects/stable-deep-world-model/logs/models/from_scratch_atari_krull_vta_3seed_to_400000_20260208_112207/atari_krull_seed0,/home/haselab/projects/stable-deep-world-model/logs/models/from_scratch_atari_krull_vta_3seed_to_400000_20260208_112207/atari_krull_seed0/checkpoints/step-000012500.pt,/home/haselab/projects/stable-deep-world-model/logs/models/from_scratch_atari_krull_vta_3seed_to_400000_20260208_112207/atari_krull_seed0/eval_eps/20260208T180330-44487f1ea8c44b5eaf22e05d1a89f711-1974.npz,665,685,0.0,1.4757035842194455e-06,1.949352502822876,10.409405708312988,0.0,10.771781921386719,nan,nan,nan,nan
atari_krull,/home/haselab/projects/stable-deep-world-model/logs/models/from_scratch_atari_krull_vta_3seed_to_400000_20260208_112207/atari_krull_seed0,/home/haselab/projects/stable-deep-world-model/logs/models/from_scratch_atari_krull_vta_3seed_to_400000_20260208_112207/atari_krull_seed0/checkpoints/step-000012500.pt,/home/haselab/projects/stable-deep-world-model/logs/models/from_scratch_atari_krull_vta_3seed_to_400000_20260208_112207/atari_krull_seed0/eval_eps/20260208T180330-44487f1ea8c44b5eaf22e05d1a89f711-1974.npz,670,690,0.0,2.2148183234094176e-06,2.0009796619415283,10.316911697387695,0.0,10.557456970214844,nan,nan,nan,nan
atari_krull,/home/haselab/projects/stable-deep-world-model/logs/models/from_scratch_atari_krull_vta_3seed_to_400000_20260208_112207/atari_krull_seed0,/home/haselab/projects/stable-deep-world-model/logs/models/from_scratch_atari_krull_vta_3seed_to_400000_20260208_112207/atari_krull_seed0/checkpoints/step-000012500.pt,/home/haselab/projects/stable-deep-world-model/logs/models/from_scratch_atari_krull_vta_3seed_to_400000_20260208_112207/atari_krull_seed0/eval_eps/20260208T180330-44487f1ea8c44b5eaf22e05d1a89f711-1974.npz,675,695,0.0,4.730248292617034e-06,1.9745261669158936,10.452131271362305,0.0,10.581315994262695,nan,nan,nan,nan
atari_krull,/home/haselab/projects/stable-deep-world-model/logs/models/from_scratch_atari_krull_vta_3seed_to_400000_20260208_112207/atari_krull_seed0,/home/haselab/projects/stable-deep-world-model/logs/models/from_scratch_atari_krull_vta_3seed_to_400000_20260208_112207/atari_krull_seed0/checkpoints/step-000012500.pt,/home/haselab/projects/stable-deep-world-model/logs/models/from_scratch_atari_krull_vta_3seed_to_400000_20260208_112207/atari_krull_seed0/eval_eps/20260208T180330-44487f1ea8c44b5eaf22e05d1a89f711-1974.npz,680,700,0.1,0.10000333935022354,2.1864569187164307,11.093067169189453,0.4425020217895508,11.250896453857422,4.115645885467529,12.396322250366211,4.425020217895508,12.528087615966797
atari_krull,/home/haselab/projects/stable-deep-world-model/logs/models/from_scratch_atari_krull_vta_3seed_to_400000_20260208_112207/atari_krull_seed0,/home/haselab/projects/stable-deep-world-model/logs/models/from_scratch_atari_krull_vta_3seed_to_400000_20260208_112207/atari_krull_seed0/checkpoints/step-000012500.pt,/home/haselab/projects/stable-deep-world-model/logs/models/from_scratch_atari_krull_vta_3seed_to_400000_20260208_112207/atari_krull_seed0/eval_eps/20260208T180330-44487f1ea8c44b5eaf22e05d1a89f711-1974.npz,685,705,0.1,0.10000351816415787,2.148934841156006,11.237409591674805,0.4425020217895508,11.431222915649414,4.115645885467529,12.396322250366211,4.425020217895508,12.528087615966797
atari_krull,/home/haselab/projects/stable-deep-world-model/logs/models/from_scratch_atari_krull_vta_3seed_to_400000_20260208_112207/atari_krull_seed0,/home/haselab/projects/stable-deep-world-model/logs/models/from_scratch_atari_krull_vta_3seed_to_400000_20260208_112207/atari_krull_seed0/checkpoints/step-000012500.pt,/home/haselab/projects/stable-deep-world-model/logs/models/from_scratch_atari_krull_vta_3seed_to_400000_20260208_112207/atari_krull_seed0/eval_eps/20260208T180330-44487f1ea8c44b5eaf22e05d1a89f711-1974.npz,690,710,0.1,0.10000719875097275,2.1187262535095215,11.227788925170898,0.4425020217895508,11.402379989624023,4.115645885467529,12.396322250366211,4.425020217895508,12.528087615966797
atari_krull,/home/haselab/projects/stable-deep-world-model/logs/models/from_scratch_atari_krull_vta_3seed_to_400000_20260208_112207/atari_krull_seed0,/home/haselab/projects/stable-deep-world-model/logs/models/from_scratch_atari_krull_vta_3seed_to_400000_20260208_112207/atari_krull_seed0/checkpoints/step-000012500.pt,/home/haselab/projects/stable-deep-world-model/logs/models/from_scratch_atari_krull_vta_3seed_to_400000_20260208_112207/atari_krull_seed0/eval_eps/20260208T180330-44487f1ea8c44b5eaf22e05d1a89f711-1974.npz,695,715,0.1,0.10000796616077423,2.1562254428863525,11.388175010681152,0.4425020217895508,11.539691925048828,4.115645885467529,12.396322250366211,4.425020217895508,12.528087615966797
atari_krull,/home/haselab/projects/stable-deep-world-model/logs/models/from_scratch_atari_krull_vta_3seed_to_400000_20260208_112207/atari_krull_seed0,/home/haselab/projects/stable-deep-world-model/logs/models/from_scratch_atari_krull_vta_3seed_to_400000_20260208_112207/atari_krull_seed0/checkpoints/step-000012500.pt,/home/haselab/projects/stable-deep-world-model/logs/models/from_scratch_atari_krull_vta_3seed_to_400000_20260208_112207/atari_krull_seed0/eval_eps/20260208T180330-44487f1ea8c44b5eaf22e05d1a89f711-1974.npz,700,720,0.0,9.758383384905756e-06,1.9529316425323486,11.001490592956543,0.0,11.174985885620117,nan,nan,nan,nan
atari_krull,/home/haselab/projects/stable-deep-world-model/logs/models/from_scratch_atari_krull_vta_3seed_to_400000_20260208_112207/atari_krull_seed0,/home/haselab/projects/stable-deep-world-model/logs/models/from_scratch_atari_krull_vta_3seed_to_400000_20260208_112207/atari_krull_seed0/checkpoints/step-000012500.pt,/home/haselab/projects/stable-deep-world-model/logs/models/from_scratch_atari_krull_vta_3seed_to_400000_20260208_112207/atari_krull_seed0/eval_eps/20260208T180330-44487f1ea8c44b5eaf22e05d1a89f711-1974.npz,705,725,0.0,9.48336128203664e-06,1.9614166021347046,10.955981254577637,0.0,11.026405334472656,nan,nan,nan,nan
atari_krull,/home/haselab/projects/stable-deep-world-model/logs/models/from_scratch_atari_krull_vta_3seed_to_400000_20260208_112207/atari_krull_seed0,/home/haselab/projects/stable-deep-world-model/logs/models/from_scratch_atari_krull_vta_3seed_to_400000_20260208_112207/atari_krull_seed0/checkpoints/step-000012500.pt,/home/haselab/projects/stable-deep-world-model/logs/models/from_scratch_atari_krull_vta_3seed_to_400000_20260208_112207/atari_krull_seed0/eval_eps/20260208T180330-44487f1ea8c44b5eaf22e05d1a89f711-1974.npz,710,730,0.0,4.041828105982859e-06,2.0105366706848145,11.0555419921875,0.0,11.159096717834473,nan,nan,nan,nan
atari_krull,/home/haselab/projects/stable-deep-world-model/logs/models/from_scratch_atari_krull_vta_3seed_to_400000_20260208_112207/atari_krull_seed0,/home/haselab/projects/stable-deep-world-model/logs/models/from_scratch_atari_krull_vta_3seed_to_400000_20260208_112207/atari_krull_seed0/checkpoints/step-000012500.pt,/home/haselab/projects/stable-deep-world-model/logs/models/from_scratch_atari_krull_vta_3seed_to_400000_20260208_112207/atari_krull_seed0/eval_eps/20260208T180330-44487f1ea8c44b5eaf22e05d1a89f711-1974.npz,715,735,0.0,8.667513498039625e-07,1.9563617706298828,10.961970329284668,0.0,11.085027694702148,nan,nan,nan,nan
atari_krull,/home/haselab/projects/stable-deep-world-model/logs/models/from_scratch_atari_krull_vta_3seed_to_400000_20260208_112207/atari_krull_seed0,/home/haselab/projects/stable-deep-world-model/logs/models/from_scratch_atari_krull_vta_3seed_to_400000_20260208_112207/atari_krull_seed0/checkpoints/step-000012500.pt,/home/haselab/projects/stable-deep-world-model/logs/models/from_scratch_atari_krull_vta_3seed_to_400000_20260208_112207/atari_krull_seed0/eval_eps/20260208T180330-44487f1ea8c44b5eaf22e05d1a89f711-1974.npz,720,740,0.0,1.1617619293247117e-06,1.9433214664459229,10.943646430969238,0.0,11.054361343383789,nan,nan,nan,nan
atari_krull,/home/haselab/projects/stable-deep-world-model/logs/models/from_scratch_atari_krull_vta_3seed_to_400000_20260208_112207/atari_krull_seed0,/home/haselab/projects/stable-deep-world-model/logs/models/from_scratch_atari_krull_vta_3seed_to_400000_20260208_112207/atari_krull_seed0/checkpoints/step-000012500.pt,/home/haselab/projects/stable-deep-world-model/logs/models/from_scratch_atari_krull_vta_3seed_to_400000_20260208_112207/atari_krull_seed0/eval_eps/20260208T180330-44487f1ea8c44b5eaf22e05d1a89f711-1974.npz,725,745,0.0,1.14907993520319e-06,1.9644925594329834,10.871033668518066,0.0,11.046197891235352,nan,nan,nan,nan
atari_krull,/home/haselab/projects/stable-deep-world-model/logs/models/from_scratch_atari_krull_vta_3seed_to_400000_20260208_112207/atari_krull_seed0,/home/haselab/projects/stable-deep-world-model/logs/models/from_scratch_atari_krull_vta_3seed_to_400000_20260208_112207/atari_krull_seed0/checkpoints/step-000012500.pt,/home/haselab/projects/stable-deep-world-model/logs/models/from_scratch_atari_krull_vta_3seed_to_400000_20260208_112207/atari_krull_seed0/eval_eps/20260208T180330-44487f1ea8c44b5eaf22e05d1a89f711-1974.npz,730,750,0.0,1.1597643378991052e-06,1.981480360031128,11.023138046264648,0.0,11.195762634277344,nan,nan,nan,nan
atari_krull,/home/haselab/projects/stable-deep-world-model/logs/models/from_scratch_atari_krull_vta_3seed_to_400000_20260208_112207/atari_krull_seed0,/home/haselab/projects/stable-deep-world-model/logs/models/from_scratch_atari_krull_vta_3seed_to_400000_20260208_112207/atari_krull_seed0/checkpoints/step-000012500.pt,/home/haselab/projects/stable-deep-world-model/logs/models/from_scratch_atari_krull_vta_3seed_to_400000_20260208_112207/atari_krull_seed0/eval_eps/20260208T180330-44487f1ea8c44b5eaf22e05d1a89f711-1974.npz,735,755,0.0,9.054922998075199e-07,2.028892993927002,10.904739379882812,0.0,11.067635536193848,nan,nan,nan,nan
atari_krull,/home/haselab/projects/stable-deep-world-model/logs/models/from_scratch_atari_krull_vta_3seed_to_400000_20260208_112207/atari_krull_seed0,/home/haselab/projects/stable-deep-world-model/logs/models/from_scratch_atari_krull_vta_3seed_to_400000_20260208_112207/atari_krull_seed0/checkpoints/step-000012500.pt,/home/haselab/projects/stable-deep-world-model/logs/models/from_scratch_atari_krull_vta_3seed_to_400000_20260208_112207/atari_krull_seed0/eval_eps/20260208T180330-44487f1ea8c44b5eaf22e05d1a89f711-1974.npz,740,760,0.0,1.8219490982573916e-07,1.996024489402771,11.128304481506348,0.0,11.349008560180664,nan,nan,nan,nan
atari_krull,/home/haselab/projects/stable-deep-world-model/logs/models/from_scratch_atari_krull_vta_3seed_to_400000_20260208_112207/atari_krull_seed0,/home/haselab/projects/stable-deep-world-model/logs/models/from_scratch_atari_krull_vta_3seed_to_400000_20260208_112207/atari_krull_seed0/checkpoints/step-000012500.pt,/home/haselab/projects/stable-deep-world-model/logs/models/from_scratch_atari_krull_vta_3seed_to_400000_20260208_112207/atari_krull_seed0/eval_eps/20260208T180330-44487f1ea8c44b5eaf22e05d1a89f711-1974.npz,745,765,0.0,4.6022810806789494e-07,1.9820997714996338,11.083758354187012,0.0,11.255926132202148,nan,nan,nan,nan
atari_krull,/home/haselab/projects/stable-deep-world-model/logs/models/from_scratch_atari_krull_vta_3seed_to_400000_20260208_112207/atari_krull_seed0,/home/haselab/projects/stable-deep-world-model/logs/models/from_scratch_atari_krull_vta_3seed_to_400000_20260208_112207/atari_krull_seed0/checkpoints/step-000012500.pt,/home/haselab/projects/stable-deep-world-model/logs/models/from_scratch_atari_krull_vta_3seed_to_400000_20260208_112207/atari_krull_seed0/eval_eps/20260208T180330-44487f1ea8c44b5eaf22e05d1a89f711-1974.npz,750,770,0.0,4.702817477664212e-07,1.9548938274383545,10.990206718444824,0.0,11.16567325592041,nan,nan,nan,nan
atari_krull,/home/haselab/projects/stable-deep-world-model/logs/models/from_scratch_atari_krull_vta_3seed_to_400000_20260208_112207/atari_krull_seed0,/home/haselab/projects/stable-deep-world-model/logs/models/from_scratch_atari_krull_vta_3seed_to_400000_20260208_112207/atari_krull_seed0/checkpoints/step-000012500.pt,/home/haselab/projects/stable-deep-world-model/logs/models/from_scratch_atari_krull_vta_3seed_to_400000_20260208_112207/atari_krull_seed0/eval_eps/20260208T180330-44487f1ea8c44b5eaf22e05d1a89f711-1974.npz,755,775,0.0,4.935870379085827e-07,2.02846097946167,11.262502670288086,0.0,11.575376510620117,nan,nan,nan,nan
atari_krull,/home/haselab/projects/stable-deep-world-model/logs/models/from_scratch_atari_krull_vta_3seed_to_400000_20260208_112207/atari_krull_seed0,/home/haselab/projects/stable-deep-world-model/logs/models/from_scratch_atari_krull_vta_3seed_to_400000_20260208_112207/atari_krull_seed0/checkpoints/step-000012500.pt,/home/haselab/projects/stable-deep-world-model/logs/models/from_scratch_atari_krull_vta_3seed_to_400000_20260208_112207/atari_krull_seed0/eval_eps/20260208T180330-44487f1ea8c44b5eaf22e05d1a89f711-1974.npz,760,780,0.0,4.060316314280499e-07,2.026109457015991,10.97114372253418,0.0,11.25395679473877,nan,nan,nan,nan
atari_krull,/home/haselab/projects/stable-deep-world-model/logs/models/from_scratch_atari_krull_vta_3seed_to_400000_20260208_112207/atari_krull_seed0,/home/haselab/projects/stable-deep-world-model/logs/models/from_scratch_atari_krull_vta_3seed_to_400000_20260208_112207/atari_krull_seed0/checkpoints/step-000012500.pt,/home/haselab/projects/stable-deep-world-model/logs/models/from_scratch_atari_krull_vta_3seed_to_400000_20260208_112207/atari_krull_seed0/eval_eps/20260208T180330-44487f1ea8c44b5eaf22e05d1a89f711-1974.npz,765,785,0.0,2.187636312100949e-07,2.007018804550171,11.165267944335938,0.0,11.526659965515137,nan,nan,nan,nan
atari_krull,/home/haselab/projects/stable-deep-world-model/logs/models/from_scratch_atari_krull_vta_3seed_to_400000_20260208_112207/atari_krull_seed0,/home/haselab/projects/stable-deep-world-model/logs/models/from_scratch_atari_krull_vta_3seed_to_400000_20260208_112207/atari_krull_seed0/checkpoints/step-000012500.pt,/home/haselab/projects/stable-deep-world-model/logs/models/from_scratch_atari_krull_vta_3seed_to_400000_20260208_112207/atari_krull_seed0/eval_eps/20260208T180330-44487f1ea8c44b5eaf22e05d1a89f711-1974.npz,770,790,0.0,4.1612915993027855e-06,1.9894287586212158,11.022005081176758,0.0,11.49619197845459,nan,nan,nan,nan
atari_krull,/home/haselab/projects/stable-deep-world-model/logs/models/from_scratch_atari_krull_vta_3seed_to_400000_20260208_112207/atari_krull_seed0,/home/haselab/projects/stable-deep-world-model/logs/models/from_scratch_atari_krull_vta_3seed_to_400000_20260208_112207/atari_krull_seed0/checkpoints/step-000012500.pt,/home/haselab/projects/stable-deep-world-model/logs/models/from_scratch_atari_krull_vta_3seed_to_400000_20260208_112207/atari_krull_seed0/eval_eps/20260208T180330-44487f1ea8c44b5eaf22e05d1a89f711-1974.npz,775,795,0.0,4.586274371831678e-06,1.8993065357208252,10.876749992370605,0.0,11.262006759643555,nan,nan,nan,nan
atari_krull,/home/haselab/projects/stable-deep-world-model/logs/models/from_scratch_atari_krull_vta_3seed_to_400000_20260208_112207/atari_krull_seed0,/home/haselab/projects/stable-deep-world-model/logs/models/from_scratch_atari_krull_vta_3seed_to_400000_20260208_112207/atari_krull_seed0/checkpoints/step-000012500.pt,/home/haselab/projects/stable-deep-world-model/logs/models/from_scratch_atari_krull_vta_3seed_to_400000_20260208_112207/atari_krull_seed0/eval_eps/20260208T180330-44487f1ea8c44b5eaf22e05d1a89f711-1974.npz,780,800,0.0,4.645251465262845e-06,1.9919229745864868,10.94611644744873,0.0,11.272802352905273,nan,nan,nan,nan
atari_krull,/home/haselab/projects/stable-deep-world-model/logs/models/from_scratch_atari_krull_vta_3seed_to_400000_20260208_112207/atari_krull_seed0,/home/haselab/projects/stable-deep-world-model/logs/models/from_scratch_atari_krull_vta_3seed_to_400000_20260208_112207/atari_krull_seed0/checkpoints/step-000012500.pt,/home/haselab/projects/stable-deep-world-model/logs/models/from_scratch_atari_krull_vta_3seed_to_400000_20260208_112207/atari_krull_seed0/eval_eps/20260208T180330-44487f1ea8c44b5eaf22e05d1a89f711-1974.npz,785,805,0.0,4.560723937174771e-06,1.977879285812378,10.73613166809082,0.0,11.061710357666016,nan,nan,nan,nan
atari_krull,/home/haselab/projects/stable-deep-world-model/logs/models/from_scratch_atari_krull_vta_3seed_to_400000_20260208_112207/atari_krull_seed0,/home/haselab/projects/stable-deep-world-model/logs/models/from_scratch_atari_krull_vta_3seed_to_400000_20260208_112207/atari_krull_seed0/checkpoints/step-000012500.pt,/home/haselab/projects/stable-deep-world-model/logs/models/from_scratch_atari_krull_vta_3seed_to_400000_20260208_112207/atari_krull_seed0/eval_eps/20260208T180330-44487f1ea8c44b5eaf22e05d1a89f711-1974.npz,790,810,0.0,2.347728695895057e-06,2.0002572536468506,10.922957420349121,0.0,11.085851669311523,nan,nan,nan,nan
atari_krull,/home/haselab/projects/stable-deep-world-model/logs/models/from_scratch_atari_krull_vta_3seed_to_400000_20260208_112207/atari_krull_seed0,/home/haselab/projects/stable-deep-world-model/logs/models/from_scratch_atari_krull_vta_3seed_to_400000_20260208_112207/atari_krull_seed0/checkpoints/step-000012500.pt,/home/haselab/projects/stable-deep-world-model/logs/models/from_scratch_atari_krull_vta_3seed_to_400000_20260208_112207/atari_krull_seed0/eval_eps/20260208T180330-44487f1ea8c44b5eaf22e05d1a89f711-1974.npz,795,815,0.0,2.4896989998524077e-06,2.023960590362549,10.800100326538086,0.0,10.96477222442627,nan,nan,nan,nan
atari_krull,/home/haselab/projects/stable-deep-world-model/logs/models/from_scratch_atari_krull_vta_3seed_to_400000_20260208_112207/atari_krull_seed0,/home/haselab/projects/stable-deep-world-model/logs/models/from_scratch_atari_krull_vta_3seed_to_400000_20260208_112207/atari_krull_seed0/checkpoints/step-000012500.pt,/home/haselab/projects/stable-deep-world-model/logs/models/from_scratch_atari_krull_vta_3seed_to_400000_20260208_112207/atari_krull_seed0/eval_eps/20260208T180330-44487f1ea8c44b5eaf22e05d1a89f711-1974.npz,800,820,0.0,2.490971382940188e-06,1.9488500356674194,10.837974548339844,0.0,11.108343124389648,nan,nan,nan,nan
atari_krull,/home/haselab/projects/stable-deep-world-model/logs/models/from_scratch_atari_krull_vta_3seed_to_400000_20260208_112207/atari_krull_seed0,/home/haselab/projects/stable-deep-world-model/logs/models/from_scratch_atari_krull_vta_3seed_to_400000_20260208_112207/atari_krull_seed0/checkpoints/step-000012500.pt,/home/haselab/projects/stable-deep-world-model/logs/models/from_scratch_atari_krull_vta_3seed_to_400000_20260208_112207/atari_krull_seed0/eval_eps/20260208T180330-44487f1ea8c44b5eaf22e05d1a89f711-1974.npz,805,825,0.0,2.4368305275856983e-06,1.9860408306121826,11.005147933959961,0.0,11.16672420501709,nan,nan,nan,nan
atari_krull,/home/haselab/projects/stable-deep-world-model/logs/models/from_scratch_atari_krull_vta_3seed_to_400000_20260208_112207/atari_krull_seed0,/home/haselab/projects/stable-deep-world-model/logs/models/from_scratch_atari_krull_vta_3seed_to_400000_20260208_112207/atari_krull_seed0/checkpoints/step-000012500.pt,/home/haselab/projects/stable-deep-world-model/logs/models/from_scratch_atari_krull_vta_3seed_to_400000_20260208_112207/atari_krull_seed0/eval_eps/20260208T180330-44487f1ea8c44b5eaf22e05d1a89f711-1974.npz,810,830,0.0,7.138711453080759e-07,1.9611810445785522,10.822187423706055,0.0,11.162054061889648,nan,nan,nan,nan
atari_krull,/home/haselab/projects/stable-deep-world-model/logs/models/from_scratch_atari_krull_vta_3seed_to_400000_20260208_112207/atari_krull_seed0,/home/haselab/projects/stable-deep-world-model/logs/models/from_scratch_atari_krull_vta_3seed_to_400000_20260208_112207/atari_krull_seed0/checkpoints/step-000012500.pt,/home/haselab/projects/stable-deep-world-model/logs/models/from_scratch_atari_krull_vta_3seed_to_400000_20260208_112207/atari_krull_seed0/eval_eps/20260208T180330-44487f1ea8c44b5eaf22e05d1a89f711-1974.npz,815,835,0.0,5.712013262382243e-07,1.9744879007339478,11.045524597167969,0.0,11.358637809753418,nan,nan,nan,nan
atari_krull,/home/haselab/projects/stable-deep-world-model/logs/models/from_scratch_atari_krull_vta_3seed_to_400000_20260208_112207/atari_krull_seed0,/home/haselab/projects/stable-deep-world-model/logs/models/from_scratch_atari_krull_vta_3seed_to_400000_20260208_112207/atari_krull_seed0/checkpoints/step-000012500.pt,/home/haselab/projects/stable-deep-world-model/logs/models/from_scratch_atari_krull_vta_3seed_to_400000_20260208_112207/atari_krull_seed0/eval_eps/20260208T180330-44487f1ea8c44b5eaf22e05d1a89f711-1974.npz,820,840,0.0,5.13762188347755e-07,2.0029702186584473,11.067047119140625,0.0,11.323492050170898,nan,nan,nan,nan
atari_krull,/home/haselab/projects/stable-deep-world-model/logs/models/from_scratch_atari_krull_vta_3seed_to_400000_20260208_112207/atari_krull_seed0,/home/haselab/projects/stable-deep-world-model/logs/models/from_scratch_atari_krull_vta_3seed_to_400000_20260208_112207/atari_krull_seed0/checkpoints/step-000012500.pt,/home/haselab/projects/stable-deep-world-model/logs/models/from_scratch_atari_krull_vta_3seed_to_400000_20260208_112207/atari_krull_seed0/eval_eps/20260208T180330-44487f1ea8c44b5eaf22e05d1a89f711-1974.npz,825,845,0.0,5.255520250102563e-07,1.9864180088043213,11.06628704071045,0.0,11.23971176147461,nan,nan,nan,nan
atari_krull,/home/haselab/projects/stable-deep-world-model/logs/models/from_scratch_atari_krull_vta_3seed_to_400000_20260208_112207/atari_krull_seed0,/home/haselab/projects/stable-deep-world-model/logs/models/from_scratch_atari_krull_vta_3seed_to_400000_20260208_112207/atari_krull_seed0/checkpoints/step-000012500.pt,/home/haselab/projects/stable-deep-world-model/logs/models/from_scratch_atari_krull_vta_3seed_to_400000_20260208_112207/atari_krull_seed0/eval_eps/20260208T180330-44487f1ea8c44b5eaf22e05d1a89f711-1974.npz,830,850,0.0,5.138082315170323e-07,2.0245726108551025,11.143918991088867,0.0,11.312051773071289,nan,nan,nan,nan
atari_krull,/home/haselab/projects/stable-deep-world-model/logs/models/from_scratch_atari_krull_vta_3seed_to_400000_20260208_112207/atari_krull_seed0,/home/haselab/projects/stable-deep-world-model/logs/models/from_scratch_atari_krull_vta_3seed_to_400000_20260208_112207/atari_krull_seed0/checkpoints/step-000012500.pt,/home/haselab/projects/stable-deep-world-model/logs/models/from_scratch_atari_krull_vta_3seed_to_400000_20260208_112207/atari_krull_seed0/eval_eps/20260208T180330-44487f1ea8c44b5eaf22e05d1a89f711-1974.npz,835,855,0.0,8.709714904853172e-08,1.9392706155776978,11.050172805786133,0.0,11.215343475341797,nan,nan,nan,nan
atari_krull,/home/haselab/projects/stable-deep-world-model/logs/models/from_scratch_atari_krull_vta_3seed_to_400000_20260208_112207/atari_krull_seed0,/home/haselab/projects/stable-deep-world-model/logs/models/from_scratch_atari_krull_vta_3seed_to_400000_20260208_112207/atari_krull_seed0/checkpoints/step-000012500.pt,/home/haselab/projects/stable-deep-world-model/logs/models/from_scratch_atari_krull_vta_3seed_to_400000_20260208_112207/atari_krull_seed0/eval_eps/20260208T180330-44487f1ea8c44b5eaf22e05d1a89f711-1974.npz,840,860,0.0,1.4322272079425602e-07,1.9519211053848267,10.994241714477539,0.0,11.150861740112305,nan,nan,nan,nan
atari_krull,/home/haselab/projects/stable-deep-world-model/logs/models/from_scratch_atari_krull_vta_3seed_to_400000_20260208_112207/atari_krull_seed0,/home/haselab/projects/stable-deep-world-model/logs/models/from_scratch_atari_krull_vta_3seed_to_400000_20260208_112207/atari_krull_seed0/checkpoints/step-000012500.pt,/home/haselab/projects/stable-deep-world-model/logs/models/from_scratch_atari_krull_vta_3seed_to_400000_20260208_112207/atari_krull_seed0/eval_eps/20260208T180330-44487f1ea8c44b5eaf22e05d1a89f711-1974.npz,845,865,0.0,1.6015160042570642e-07,1.965338110923767,10.91954517364502,0.0,11.249271392822266,nan,nan,nan,nan
atari_krull,/home/haselab/projects/stable-deep-world-model/logs/models/from_scratch_atari_krull_vta_3seed_to_400000_20260208_112207/atari_krull_seed0,/home/haselab/projects/stable-deep-world-model/logs/models/from_scratch_atari_krull_vta_3seed_to_400000_20260208_112207/atari_krull_seed0/checkpoints/step-000012500.pt,/home/haselab/projects/stable-deep-world-model/logs/models/from_scratch_atari_krull_vta_3seed_to_400000_20260208_112207/atari_krull_seed0/eval_eps/20260208T180330-44487f1ea8c44b5eaf22e05d1a89f711-1974.npz,850,870,0.0,1.867245202902268e-07,1.9875261783599854,11.035741806030273,0.0,11.29682731628418,nan,nan,nan,nan
atari_krull,/home/haselab/projects/stable-deep-world-model/logs/models/from_scratch_atari_krull_vta_3seed_to_400000_20260208_112207/atari_krull_seed0,/home/haselab/projects/stable-deep-world-model/logs/models/from_scratch_atari_krull_vta_3seed_to_400000_20260208_112207/atari_krull_seed0/checkpoints/step-000012500.pt,/home/haselab/projects/stable-deep-world-model/logs/models/from_scratch_atari_krull_vta_3seed_to_400000_20260208_112207/atari_krull_seed0/eval_eps/20260208T180330-44487f1ea8c44b5eaf22e05d1a89f711-1974.npz,855,875,0.0,1.645307463604695e-07,2.056609869003296,10.952805519104004,0.0,11.264486312866211,nan,nan,nan,nan
atari_krull,/home/haselab/projects/stable-deep-world-model/logs/models/from_scratch_atari_krull_vta_3seed_to_400000_20260208_112207/atari_krull_seed0,/home/haselab/projects/stable-deep-world-model/logs/models/from_scratch_atari_krull_vta_3seed_to_400000_20260208_112207/atari_krull_seed0/checkpoints/step-000012500.pt,/home/haselab/projects/stable-deep-world-model/logs/models/from_scratch_atari_krull_vta_3seed_to_400000_20260208_112207/atari_krull_seed0/eval_eps/20260208T180330-44487f1ea8c44b5eaf22e05d1a89f711-1974.npz,860,880,0.0,3.422943564146408e-07,2.0005242824554443,11.113917350769043,0.0,11.467473983764648,nan,nan,nan,nan
atari_krull,/home/haselab/projects/stable-deep-world-model/logs/models/from_scratch_atari_krull_vta_3seed_to_400000_20260208_112207/atari_krull_seed0,/home/haselab/projects/stable-deep-world-model/logs/models/from_scratch_atari_krull_vta_3seed_to_400000_20260208_112207/atari_krull_seed0/checkpoints/step-000012500.pt,/home/haselab/projects/stable-deep-world-model/logs/models/from_scratch_atari_krull_vta_3seed_to_400000_20260208_112207/atari_krull_seed0/eval_eps/20260208T180330-44487f1ea8c44b5eaf22e05d1a89f711-1974.npz,865,885,0.0,1.0113242296938552e-06,2.0028207302093506,11.010323524475098,0.0,11.337645530700684,nan,nan,nan,nan
atari_krull,/home/haselab/projects/stable-deep-world-model/logs/models/from_scratch_atari_krull_vta_3seed_to_400000_20260208_112207/atari_krull_seed0,/home/haselab/projects/stable-deep-world-model/logs/models/from_scratch_atari_krull_vta_3seed_to_400000_20260208_112207/atari_krull_seed0/checkpoints/step-000012500.pt,/home/haselab/projects/stable-deep-world-model/logs/models/from_scratch_atari_krull_vta_3seed_to_400000_20260208_112207/atari_krull_seed0/eval_eps/20260208T180330-44487f1ea8c44b5eaf22e05d1a89f711-1974.npz,870,890,0.0,9.986982831833302e-07,1.9439550638198853,10.909684181213379,0.0,11.216262817382812,nan,nan,nan,nan
atari_krull,/home/haselab/projects/stable-deep-world-model/logs/models/from_scratch_atari_krull_vta_3seed_to_400000_20260208_112207/atari_krull_seed0,/home/haselab/projects/stable-deep-world-model/logs/models/from_scratch_atari_krull_vta_3seed_to_400000_20260208_112207/atari_krull_seed0/checkpoints/step-000012500.pt,/home/haselab/projects/stable-deep-world-model/logs/models/from_scratch_atari_krull_vta_3seed_to_400000_20260208_112207/atari_krull_seed0/eval_eps/20260208T180330-44487f1ea8c44b5eaf22e05d1a89f711-1974.npz,875,895,0.0,1.1632283758444828e-06,1.9997190237045288,11.127086639404297,0.0,11.384507179260254,nan,nan,nan,nan
atari_krull,/home/haselab/projects/stable-deep-world-model/logs/models/from_scratch_atari_krull_vta_3seed_to_400000_20260208_112207/atari_krull_seed0,/home/haselab/projects/stable-deep-world-model/logs/models/from_scratch_atari_krull_vta_3seed_to_400000_20260208_112207/atari_krull_seed0/checkpoints/step-000012500.pt,/home/haselab/projects/stable-deep-world-model/logs/models/from_scratch_atari_krull_vta_3seed_to_400000_20260208_112207/atari_krull_seed0/eval_eps/20260208T180330-44487f1ea8c44b5eaf22e05d1a89f711-1974.npz,880,900,0.0,9.137373808698612e-07,1.9930006265640259,10.982390403747559,0.0,11.250203132629395,nan,nan,nan,nan
atari_krull,/home/haselab/projects/stable-deep-world-model/logs/models/from_scratch_atari_krull_vta_3seed_to_400000_20260208_112207/atari_krull_seed0,/home/haselab/projects/stable-deep-world-model/logs/models/from_scratch_atari_krull_vta_3seed_to_400000_20260208_112207/atari_krull_seed0/checkpoints/step-000012500.pt,/home/haselab/projects/stable-deep-world-model/logs/models/from_scratch_atari_krull_vta_3seed_to_400000_20260208_112207/atari_krull_seed0/eval_eps/20260208T180330-44487f1ea8c44b5eaf22e05d1a89f711-1974.npz,885,905,0.0,4.006122367172793e-07,1.9817018508911133,11.220340728759766,0.0,11.542859077453613,nan,nan,nan,nan
atari_krull,/home/haselab/projects/stable-deep-world-model/logs/models/from_scratch_atari_krull_vta_3seed_to_400000_20260208_112207/atari_krull_seed0,/home/haselab/projects/stable-deep-world-model/logs/models/from_scratch_atari_krull_vta_3seed_to_400000_20260208_112207/atari_krull_seed0/checkpoints/step-000012500.pt,/home/haselab/projects/stable-deep-world-model/logs/models/from_scratch_atari_krull_vta_3seed_to_400000_20260208_112207/atari_krull_seed0/eval_eps/20260208T180330-44487f1ea8c44b5eaf22e05d1a89f711-1974.npz,890,910,0.0,8.335697998518299e-07,1.9920291900634766,11.140618324279785,0.0,11.457086563110352,nan,nan,nan,nan
atari_krull,/home/haselab/projects/stable-deep-world-model/logs/models/from_scratch_atari_krull_vta_3seed_to_400000_20260208_112207/atari_krull_seed0,/home/haselab/projects/stable-deep-world-model/logs/models/from_scratch_atari_krull_vta_3seed_to_400000_20260208_112207/atari_krull_seed0/checkpoints/step-000012500.pt,/home/haselab/projects/stable-deep-world-model/logs/models/from_scratch_atari_krull_vta_3seed_to_400000_20260208_112207/atari_krull_seed0/eval_eps/20260208T180330-44487f1ea8c44b5eaf22e05d1a89f711-1974.npz,895,915,0.0,9.99615622276906e-07,1.903463363647461,10.996118545532227,0.0,11.27137565612793,nan,nan,nan,nan
atari_krull,/home/haselab/projects/stable-deep-world-model/logs/models/from_scratch_atari_krull_vta_3seed_to_400000_20260208_112207/atari_krull_seed0,/home/haselab/projects/stable-deep-world-model/logs/models/from_scratch_atari_krull_vta_3seed_to_400000_20260208_112207/atari_krull_seed0/checkpoints/step-000012500.pt,/home/haselab/projects/stable-deep-world-model/logs/models/from_scratch_atari_krull_vta_3seed_to_400000_20260208_112207/atari_krull_seed0/eval_eps/20260208T180330-44487f1ea8c44b5eaf22e05d1a89f711-1974.npz,900,920,0.0,1.2587709079525666e-06,1.9676460027694702,11.008208274841309,0.0,11.224539756774902,nan,nan,nan,nan
atari_krull,/home/haselab/projects/stable-deep-world-model/logs/models/from_scratch_atari_krull_vta_3seed_to_400000_20260208_112207/atari_krull_seed0,/home/haselab/projects/stable-deep-world-model/logs/models/from_scratch_atari_krull_vta_3seed_to_400000_20260208_112207/atari_krull_seed0/checkpoints/step-000012500.pt,/home/haselab/projects/stable-deep-world-model/logs/models/from_scratch_atari_krull_vta_3seed_to_400000_20260208_112207/atari_krull_seed0/eval_eps/20260208T180330-44487f1ea8c44b5eaf22e05d1a89f711-1974.npz,905,925,0.0,1.0866067441384075e-06,1.9416544437408447,10.854867935180664,0.0,10.994943618774414,nan,nan,nan,nan
atari_krull,/home/haselab/projects/stable-deep-world-model/logs/models/from_scratch_atari_krull_vta_3seed_to_400000_20260208_112207/atari_krull_seed0,/home/haselab/projects/stable-deep-world-model/logs/models/from_scratch_atari_krull_vta_3seed_to_400000_20260208_112207/atari_krull_seed0/checkpoints/step-000012500.pt,/home/haselab/projects/stable-deep-world-model/logs/models/from_scratch_atari_krull_vta_3seed_to_400000_20260208_112207/atari_krull_seed0/eval_eps/20260208T180330-44487f1ea8c44b5eaf22e05d1a89f711-1974.npz,910,930,0.0,7.298257287402521e-07,1.9479591846466064,11.087827682495117,0.0,11.271825790405273,nan,nan,nan,nan
atari_krull,/home/haselab/projects/stable-deep-world-model/logs/models/from_scratch_atari_krull_vta_3seed_to_400000_20260208_112207/atari_krull_seed0,/home/haselab/projects/stable-deep-world-model/logs/models/from_scratch_atari_krull_vta_3seed_to_400000_20260208_112207/atari_krull_seed0/checkpoints/step-000012500.pt,/home/haselab/projects/stable-deep-world-model/logs/models/from_scratch_atari_krull_vta_3seed_to_400000_20260208_112207/atari_krull_seed0/eval_eps/20260208T180330-44487f1ea8c44b5eaf22e05d1a89f711-1974.npz,915,935,0.0,4.1565641595298075e-07,1.96750009059906,11.011903762817383,0.0,11.257242202758789,nan,nan,nan,nan
atari_krull,/home/haselab/projects/stable-deep-world-model/logs/models/from_scratch_atari_krull_vta_3seed_to_400000_20260208_112207/atari_krull_seed0,/home/haselab/projects/stable-deep-world-model/logs/models/from_scratch_atari_krull_vta_3seed_to_400000_20260208_112207/atari_krull_seed0/checkpoints/step-000012500.pt,/home/haselab/projects/stable-deep-world-model/logs/models/from_scratch_atari_krull_vta_3seed_to_400000_20260208_112207/atari_krull_seed0/eval_eps/20260208T180330-44487f1ea8c44b5eaf22e05d1a89f711-1974.npz,920,940,0.0,6.598344270969392e-07,1.945805311203003,11.097936630249023,0.0,11.427926063537598,nan,nan,nan,nan
atari_krull,/home/haselab/projects/stable-deep-world-model/logs/models/from_scratch_atari_krull_vta_3seed_to_400000_20260208_112207/atari_krull_seed0,/home/haselab/projects/stable-deep-world-model/logs/models/from_scratch_atari_krull_vta_3seed_to_400000_20260208_112207/atari_krull_seed0/checkpoints/step-000012500.pt,/home/haselab/projects/stable-deep-world-model/logs/models/from_scratch_atari_krull_vta_3seed_to_400000_20260208_112207/atari_krull_seed0/eval_eps/20260208T180330-44487f1ea8c44b5eaf22e05d1a89f711-1974.npz,925,945,0.0,8.532954893780698e-07,1.9777851104736328,11.234987258911133,0.0,11.65338134765625,nan,nan,nan,nan
atari_krull,/home/haselab/projects/stable-deep-world-model/logs/models/from_scratch_atari_krull_vta_3seed_to_400000_20260208_112207/atari_krull_seed0,/home/haselab/projects/stable-deep-world-model/logs/models/from_scratch_atari_krull_vta_3seed_to_400000_20260208_112207/atari_krull_seed0/checkpoints/step-000012500.pt,/home/haselab/projects/stable-deep-world-model/logs/models/from_scratch_atari_krull_vta_3seed_to_400000_20260208_112207/atari_krull_seed0/eval_eps/20260208T180330-44487f1ea8c44b5eaf22e05d1a89f711-1974.npz,930,950,0.0,1.1892171869476442e-06,1.9459651708602905,11.062479972839355,0.0,11.488374710083008,nan,nan,nan,nan
atari_krull,/home/haselab/projects/stable-deep-world-model/logs/models/from_scratch_atari_krull_vta_3seed_to_400000_20260208_112207/atari_krull_seed0,/home/haselab/projects/stable-deep-world-model/logs/models/from_scratch_atari_krull_vta_3seed_to_400000_20260208_112207/atari_krull_seed0/checkpoints/step-000012500.pt,/home/haselab/projects/stable-deep-world-model/logs/models/from_scratch_atari_krull_vta_3seed_to_400000_20260208_112207/atari_krull_seed0/eval_eps/20260208T180330-44487f1ea8c44b5eaf22e05d1a89f711-1974.npz,935,955,0.0,1.5904290648904862e-06,1.9617938995361328,11.219439506530762,0.0,11.65495777130127,nan,nan,nan,nan
atari_krull,/home/haselab/projects/stable-deep-world-model/logs/models/from_scratch_atari_krull_vta_3seed_to_400000_20260208_112207/atari_krull_seed0,/home/haselab/projects/stable-deep-world-model/logs/models/from_scratch_atari_krull_vta_3seed_to_400000_20260208_112207/atari_krull_seed0/checkpoints/step-000012500.pt,/home/haselab/projects/stable-deep-world-model/logs/models/from_scratch_atari_krull_vta_3seed_to_400000_20260208_112207/atari_krull_seed0/eval_eps/20260208T180330-44487f1ea8c44b5eaf22e05d1a89f711-1974.npz,940,960,0.0,2.2585584247281076e-06,1.965741515159607,11.172951698303223,0.0,11.548630714416504,nan,nan,nan,nan
atari_krull,/home/haselab/projects/stable-deep-world-model/logs/models/from_scratch_atari_krull_vta_3seed_to_400000_20260208_112207/atari_krull_seed0,/home/haselab/projects/stable-deep-world-model/logs/models/from_scratch_atari_krull_vta_3seed_to_400000_20260208_112207/atari_krull_seed0/checkpoints/step-000012500.pt,/home/haselab/projects/stable-deep-world-model/logs/models/from_scratch_atari_krull_vta_3seed_to_400000_20260208_112207/atari_krull_seed0/eval_eps/20260208T180330-44487f1ea8c44b5eaf22e05d1a89f711-1974.npz,945,965,0.0,5.9798339862027206e-06,1.9577792882919312,11.205145835876465,0.0,11.56806468963623,nan,nan,nan,nan
atari_krull,/home/haselab/projects/stable-deep-world-model/logs/models/from_scratch_atari_krull_vta_3seed_to_400000_20260208_112207/atari_krull_seed0,/home/haselab/projects/stable-deep-world-model/logs/models/from_scratch_atari_krull_vta_3seed_to_400000_20260208_112207/atari_krull_seed0/checkpoints/step-000012500.pt,/home/haselab/projects/stable-deep-world-model/logs/models/from_scratch_atari_krull_vta_3seed_to_400000_20260208_112207/atari_krull_seed0/eval_eps/20260208T180330-44487f1ea8c44b5eaf22e05d1a89f711-1974.npz,950,970,0.0,5.58658575755544e-06,2.006699562072754,11.292928695678711,0.0,11.654520034790039,nan,nan,nan,nan
atari_krull,/home/haselab/projects/stable-deep-world-model/logs/models/from_scratch_atari_krull_vta_3seed_to_400000_20260208_112207/atari_krull_seed0,/home/haselab/projects/stable-deep-world-model/logs/models/from_scratch_atari_krull_vta_3seed_to_400000_20260208_112207/atari_krull_seed0/checkpoints/step-000012500.pt,/home/haselab/projects/stable-deep-world-model/logs/models/from_scratch_atari_krull_vta_3seed_to_400000_20260208_112207/atari_krull_seed0/eval_eps/20260208T180330-44487f1ea8c44b5eaf22e05d1a89f711-1974.npz,955,975,0.0,6.3293823586718645e-06,1.9483091831207275,11.246950149536133,0.0,11.698354721069336,nan,nan,nan,nan
atari_krull,/home/haselab/projects/stable-deep-world-model/logs/models/from_scratch_atari_krull_vta_3seed_to_400000_20260208_112207/atari_krull_seed0,/home/haselab/projects/stable-deep-world-model/logs/models/from_scratch_atari_krull_vta_3seed_to_400000_20260208_112207/atari_krull_seed0/checkpoints/step-000012500.pt,/home/haselab/projects/stable-deep-world-model/logs/models/from_scratch_atari_krull_vta_3seed_to_400000_20260208_112207/atari_krull_seed0/eval_eps/20260208T180330-44487f1ea8c44b5eaf22e05d1a89f711-1974.npz,960,980,0.0,9.636739378038328e-06,1.9367386102676392,11.255849838256836,0.0,11.743555068969727,nan,nan,nan,nan
atari_krull,/home/haselab/projects/stable-deep-world-model/logs/models/from_scratch_atari_krull_vta_3seed_to_400000_20260208_112207/atari_krull_seed0,/home/haselab/projects/stable-deep-world-model/logs/models/from_scratch_atari_krull_vta_3seed_to_400000_20260208_112207/atari_krull_seed0/checkpoints/step-000012500.pt,/home/haselab/projects/stable-deep-world-model/logs/models/from_scratch_atari_krull_vta_3seed_to_400000_20260208_112207/atari_krull_seed0/eval_eps/20260208T180330-44487f1ea8c44b5eaf22e05d1a89f711-1974.npz,965,985,0.0,6.5317631197103765e-06,1.943307638168335,11.125289916992188,0.0,11.666569709777832,nan,nan,nan,nan
atari_krull,/home/haselab/projects/stable-deep-world-model/logs/models/from_scratch_atari_krull_vta_3seed_to_400000_20260208_112207/atari_krull_seed0,/home/haselab/projects/stable-deep-world-model/logs/models/from_scratch_atari_krull_vta_3seed_to_400000_20260208_112207/atari_krull_seed0/checkpoints/step-000012500.pt,/home/haselab/projects/stable-deep-world-model/logs/models/from_scratch_atari_krull_vta_3seed_to_400000_20260208_112207/atari_krull_seed0/eval_eps/20260208T180330-44487f1ea8c44b5eaf22e05d1a89f711-1974.npz,970,990,0.0,6.9522211560979486e-06,1.9695894718170166,11.203753471374512,0.0,11.671858787536621,nan,nan,nan,nan
atari_krull,/home/haselab/projects/stable-deep-world-model/logs/models/from_scratch_atari_krull_vta_3seed_to_400000_20260208_112207/atari_krull_seed0,/home/haselab/projects/stable-deep-world-model/logs/models/from_scratch_atari_krull_vta_3seed_to_400000_20260208_112207/atari_krull_seed0/checkpoints/step-000012500.pt,/home/haselab/projects/stable-deep-world-model/logs/models/from_scratch_atari_krull_vta_3seed_to_400000_20260208_112207/atari_krull_seed0/eval_eps/20260208T180330-44487f1ea8c44b5eaf22e05d1a89f711-1974.npz,975,995,0.0,5.849603894603206e-06,2.013606548309326,11.111531257629395,0.0,11.5386381149292,nan,nan,nan,nan
atari_krull,/home/haselab/projects/stable-deep-world-model/logs/models/from_scratch_atari_krull_vta_3seed_to_400000_20260208_112207/atari_krull_seed0,/home/haselab/projects/stable-deep-world-model/logs/models/from_scratch_atari_krull_vta_3seed_to_400000_20260208_112207/atari_krull_seed0/checkpoints/step-000012500.pt,/home/haselab/projects/stable-deep-world-model/logs/models/from_scratch_atari_krull_vta_3seed_to_400000_20260208_112207/atari_krull_seed0/eval_eps/20260208T180330-44487f1ea8c44b5eaf22e05d1a89f711-1974.npz,980,1000,0.0,4.48795572083327e-06,1.9792848825454712,11.175104141235352,0.0,11.583423614501953,nan,nan,nan,nan
atari_krull,/home/haselab/projects/stable-deep-world-model/logs/models/from_scratch_atari_krull_vta_3seed_to_400000_20260208_112207/atari_krull_seed0,/home/haselab/projects/stable-deep-world-model/logs/models/from_scratch_atari_krull_vta_3seed_to_400000_20260208_112207/atari_krull_seed0/checkpoints/step-000012500.pt,/home/haselab/projects/stable-deep-world-model/logs/models/from_scratch_atari_krull_vta_3seed_to_400000_20260208_112207/atari_krull_seed0/eval_eps/20260208T180330-44487f1ea8c44b5eaf22e05d1a89f711-1974.npz,985,1005,0.0,4.016029379272368e-06,1.960235834121704,11.07580280303955,0.0,11.385910987854004,nan,nan,nan,nan
atari_krull,/home/haselab/projects/stable-deep-world-model/logs/models/from_scratch_atari_krull_vta_3seed_to_400000_20260208_112207/atari_krull_seed0,/home/haselab/projects/stable-deep-world-model/logs/models/from_scratch_atari_krull_vta_3seed_to_400000_20260208_112207/atari_krull_seed0/checkpoints/step-000012500.pt,/home/haselab/projects/stable-deep-world-model/logs/models/from_scratch_atari_krull_vta_3seed_to_400000_20260208_112207/atari_krull_seed0/eval_eps/20260208T180330-44487f1ea8c44b5eaf22e05d1a89f711-1974.npz,990,1010,0.0,3.628782451414736e-06,1.8975441455841064,10.86579704284668,0.0,11.225977897644043,nan,nan,nan,nan
atari_krull,/home/haselab/projects/stable-deep-world-model/logs/models/from_scratch_atari_krull_vta_3seed_to_400000_20260208_112207/atari_krull_seed0,/home/haselab/projects/stable-deep-world-model/logs/models/from_scratch_atari_krull_vta_3seed_to_400000_20260208_112207/atari_krull_seed0/checkpoints/step-000012500.pt,/home/haselab/projects/stable-deep-world-model/logs/models/from_scratch_atari_krull_vta_3seed_to_400000_20260208_112207/atari_krull_seed0/eval_eps/20260208T180330-44487f1ea8c44b5eaf22e05d1a89f711-1974.npz,995,1015,0.0,3.764644816328655e-06,1.9455993175506592,11.041343688964844,0.0,11.358447074890137,nan,nan,nan,nan
atari_krull,/home/haselab/projects/stable-deep-world-model/logs/models/from_scratch_atari_krull_vta_3seed_to_400000_20260208_112207/atari_krull_seed0,/home/haselab/projects/stable-deep-world-model/logs/models/from_scratch_atari_krull_vta_3seed_to_400000_20260208_112207/atari_krull_seed0/checkpoints/step-000012500.pt,/home/haselab/projects/stable-deep-world-model/logs/models/from_scratch_atari_krull_vta_3seed_to_400000_20260208_112207/atari_krull_seed0/eval_eps/20260208T180330-44487f1ea8c44b5eaf22e05d1a89f711-1974.npz,1000,1020,0.0,6.451010676755686e-07,1.9380258321762085,10.782119750976562,0.0,11.168638229370117,nan,nan,nan,nan
atari_krull,/home/haselab/projects/stable-deep-world-model/logs/models/from_scratch_atari_krull_vta_3seed_to_400000_20260208_112207/atari_krull_seed0,/home/haselab/projects/stable-deep-world-model/logs/models/from_scratch_atari_krull_vta_3seed_to_400000_20260208_112207/atari_krull_seed0/checkpoints/step-000012500.pt,/home/haselab/projects/stable-deep-world-model/logs/models/from_scratch_atari_krull_vta_3seed_to_400000_20260208_112207/atari_krull_seed0/eval_eps/20260208T180330-44487f1ea8c44b5eaf22e05d1a89f711-1974.npz,1005,1025,0.0,4.896200493931246e-07,1.9054548740386963,10.899834632873535,0.0,11.32679271697998,nan,nan,nan,nan
atari_krull,/home/haselab/projects/stable-deep-world-model/logs/models/from_scratch_atari_krull_vta_3seed_to_400000_20260208_112207/atari_krull_seed0,/home/haselab/projects/stable-deep-world-model/logs/models/from_scratch_atari_krull_vta_3seed_to_400000_20260208_112207/atari_krull_seed0/checkpoints/step-000012500.pt,/home/haselab/projects/stable-deep-world-model/logs/models/from_scratch_atari_krull_vta_3seed_to_400000_20260208_112207/atari_krull_seed0/eval_eps/20260208T180330-44487f1ea8c44b5eaf22e05d1a89f711-1974.npz,1010,1030,0.0,4.4537273424793966e-07,1.896484136581421,10.835251808166504,0.0,11.194104194641113,nan,nan,nan,nan
atari_krull,/home/haselab/projects/stable-deep-world-model/logs/models/from_scratch_atari_krull_vta_3seed_to_400000_20260208_112207/atari_krull_seed0,/home/haselab/projects/stable-deep-world-model/logs/models/from_scratch_atari_krull_vta_3seed_to_400000_20260208_112207/atari_krull_seed0/checkpoints/step-000012500.pt,/home/haselab/projects/stable-deep-world-model/logs/models/from_scratch_atari_krull_vta_3seed_to_400000_20260208_112207/atari_krull_seed0/eval_eps/20260208T180330-44487f1ea8c44b5eaf22e05d1a89f711-1974.npz,1015,1035,0.0,2.864267116819974e-07,1.8406658172607422,10.648458480834961,0.0,10.964888572692871,nan,nan,nan,nan
atari_krull,/home/haselab/projects/stable-deep-world-model/logs/models/from_scratch_atari_krull_vta_3seed_to_400000_20260208_112207/atari_krull_seed0,/home/haselab/projects/stable-deep-world-model/logs/models/from_scratch_atari_krull_vta_3seed_to_400000_20260208_112207/atari_krull_seed0/checkpoints/step-000012500.pt,/home/haselab/projects/stable-deep-world-model/logs/models/from_scratch_atari_krull_vta_3seed_to_400000_20260208_112207/atari_krull_seed0/eval_eps/20260208T180330-44487f1ea8c44b5eaf22e05d1a89f711-1974.npz,1020,1040,0.0,2.9542383117586724e-07,1.9114990234375,10.768729209899902,0.0,10.974020957946777,nan,nan,nan,nan
atari_krull,/home/haselab/projects/stable-deep-world-model/logs/models/from_scratch_atari_krull_vta_3seed_to_400000_20260208_112207/atari_krull_seed0,/home/haselab/projects/stable-deep-world-model/logs/models/from_scratch_atari_krull_vta_3seed_to_400000_20260208_112207/atari_krull_seed0/checkpoints/step-000012500.pt,/home/haselab/projects/stable-deep-world-model/logs/models/from_scratch_atari_krull_vta_3seed_to_400000_20260208_112207/atari_krull_seed0/eval_eps/20260208T180330-44487f1ea8c44b5eaf22e05d1a89f711-1974.npz,1025,1045,0.0,1.0960467022869125e-07,1.8964359760284424,10.618247985839844,0.0,10.820829391479492,nan,nan,nan,nan
atari_krull,/home/haselab/projects/stable-deep-world-model/logs/models/from_scratch_atari_krull_vta_3seed_to_400000_20260208_112207/atari_krull_seed0,/home/haselab/projects/stable-deep-world-model/logs/models/from_scratch_atari_krull_vta_3seed_to_400000_20260208_112207/atari_krull_seed0/checkpoints/step-000012500.pt,/home/haselab/projects/stable-deep-world-model/logs/models/from_scratch_atari_krull_vta_3seed_to_400000_20260208_112207/atari_krull_seed0/eval_eps/20260208T180330-44487f1ea8c44b5eaf22e05d1a89f711-1974.npz,1030,1050,0.0,1.0952767581784428e-07,1.9105247259140015,10.765488624572754,0.0,11.043810844421387,nan,nan,nan,nan
atari_krull,/home/haselab/projects/stable-deep-world-model/logs/models/from_scratch_atari_krull_vta_3seed_to_400000_20260208_112207/atari_krull_seed0,/home/haselab/projects/stable-deep-world-model/logs/models/from_scratch_atari_krull_vta_3seed_to_400000_20260208_112207/atari_krull_seed0/checkpoints/step-000012500.pt,/home/haselab/projects/stable-deep-world-model/logs/models/from_scratch_atari_krull_vta_3seed_to_400000_20260208_112207/atari_krull_seed0/eval_eps/20260208T180330-44487f1ea8c44b5eaf22e05d1a89f711-1974.npz,1035,1055,0.0,7.51895328221508e-08,1.9164355993270874,10.647714614868164,0.0,11.030009269714355,nan,nan,nan,nan
atari_krull,/home/haselab/projects/stable-deep-world-model/logs/models/from_scratch_atari_krull_vta_3seed_to_400000_20260208_112207/atari_krull_seed0,/home/haselab/projects/stable-deep-world-model/logs/models/from_scratch_atari_krull_vta_3seed_to_400000_20260208_112207/atari_krull_seed0/checkpoints/step-000012500.pt,/home/haselab/projects/stable-deep-world-model/logs/models/from_scratch_atari_krull_vta_3seed_to_400000_20260208_112207/atari_krull_seed0/eval_eps/20260208T180330-44487f1ea8c44b5eaf22e05d1a89f711-1974.npz,1040,1060,0.0,7.660629819383757e-08,1.8780959844589233,10.531594276428223,0.0,11.000923156738281,nan,nan,nan,nan
atari_krull,/home/haselab/projects/stable-deep-world-model/logs/models/from_scratch_atari_krull_vta_3seed_to_400000_20260208_112207/atari_krull_seed0,/home/haselab/projects/stable-deep-world-model/logs/models/from_scratch_atari_krull_vta_3seed_to_400000_20260208_112207/atari_krull_seed0/checkpoints/step-000012500.pt,/home/haselab/projects/stable-deep-world-model/logs/models/from_scratch_atari_krull_vta_3seed_to_400000_20260208_112207/atari_krull_seed0/eval_eps/20260208T180330-44487f1ea8c44b5eaf22e05d1a89f711-1974.npz,1045,1065,0.05,0.050000060349702835,2.127453327178955,10.883772850036621,0.2283501923084259,11.336515426635742,5.036901473999023,12.923795700073242,4.5670037269592285,13.587343215942383
atari_krull,/home/haselab/projects/stable-deep-world-model/logs/models/from_scratch_atari_krull_vta_3seed_to_400000_20260208_112207/atari_krull_seed0,/home/haselab/projects/stable-deep-world-model/logs/models/from_scratch_atari_krull_vta_3seed_to_400000_20260208_112207/atari_krull_seed0/checkpoints/step-000012500.pt,/home/haselab/projects/stable-deep-world-model/logs/models/from_scratch_atari_krull_vta_3seed_to_400000_20260208_112207/atari_krull_seed0/eval_eps/20260208T180330-44487f1ea8c44b5eaf22e05d1a89f711-1974.npz,1050,1070,0.05,0.05000001937150955,2.0696446895599365,10.495567321777344,0.2283501923084259,10.790295600891113,5.036901473999023,12.923795700073242,4.5670037269592285,13.587343215942383
atari_krull,/home/haselab/projects/stable-deep-world-model/logs/models/from_scratch_atari_krull_vta_3seed_to_400000_20260208_112207/atari_krull_seed0,/home/haselab/projects/stable-deep-world-model/logs/models/from_scratch_atari_krull_vta_3seed_to_400000_20260208_112207/atari_krull_seed0/checkpoints/step-000012500.pt,/home/haselab/projects/stable-deep-world-model/logs/models/from_scratch_atari_krull_vta_3seed_to_400000_20260208_112207/atari_krull_seed0/eval_eps/20260208T180330-44487f1ea8c44b5eaf22e05d1a89f711-1974.npz,1055,1075,0.05,0.05000001937150955,2.0865511894226074,10.548616409301758,0.2283501923084259,10.716021537780762,5.036901473999023,12.923795700073242,4.5670037269592285,13.587343215942383
atari_krull,/home/haselab/projects/stable-deep-world-model/logs/models/from_scratch_atari_krull_vta_3seed_to_400000_20260208_112207/atari_krull_seed0,/home/haselab/projects/stable-deep-world-model/logs/models/from_scratch_atari_krull_vta_3seed_to_400000_20260208_112207/atari_krull_seed0/checkpoints/step-000012500.pt,/home/haselab/projects/stable-deep-world-model/logs/models/from_scratch_atari_krull_vta_3seed_to_400000_20260208_112207/atari_krull_seed0/eval_eps/20260208T180330-44487f1ea8c44b5eaf22e05d1a89f711-1974.npz,1060,1080,0.05,0.05000000074505806,2.057631492614746,10.46932601928711,0.2283501923084259,10.584010124206543,5.036901473999023,12.923795700073242,4.5670037269592285,13.587343215942383
atari_krull,/home/haselab/projects/stable-deep-world-model/logs/models/from_scratch_atari_krull_vta_3seed_to_400000_20260208_112207/atari_krull_seed0,/home/haselab/projects/stable-deep-world-model/logs/models/from_scratch_atari_krull_vta_3seed_to_400000_20260208_112207/atari_krull_seed0/checkpoints/step-000012500.pt,/home/haselab/projects/stable-deep-world-model/logs/models/from_scratch_atari_krull_vta_3seed_to_400000_20260208_112207/atari_krull_seed0/eval_eps/20260208T180330-44487f1ea8c44b5eaf22e05d1a89f711-1974.npz,1065,1085,0.0,8.84915252186147e-10,1.8952974081039429,9.93649673461914,0.0,9.978361129760742,nan,nan,nan,nan
atari_krull,/home/haselab/projects/stable-deep-world-model/logs/models/from_scratch_atari_krull_vta_3seed_to_400000_20260208_112207/atari_krull_seed0,/home/haselab/projects/stable-deep-world-model/logs/models/from_scratch_atari_krull_vta_3seed_to_400000_20260208_112207/atari_krull_seed0/checkpoints/step-000012500.pt,/home/haselab/projects/stable-deep-world-model/logs/models/from_scratch_atari_krull_vta_3seed_to_400000_20260208_112207/atari_krull_seed0/eval_eps/20260208T180330-44487f1ea8c44b5eaf22e05d1a89f711-1974.npz,1070,1090,0.0,2.09786499283382e-09,1.970020055770874,9.969042778015137,0.0,10.152271270751953,nan,nan,nan,nan
atari_krull,/home/haselab/projects/stable-deep-world-model/logs/models/from_scratch_atari_krull_vta_3seed_to_400000_20260208_112207/atari_krull_seed0,/home/haselab/projects/stable-deep-world-model/logs/models/from_scratch_atari_krull_vta_3seed_to_400000_20260208_112207/atari_krull_seed0/checkpoints/step-000012500.pt,/home/haselab/projects/stable-deep-world-model/logs/models/from_scratch_atari_krull_vta_3seed_to_400000_20260208_112207/atari_krull_seed0/eval_eps/20260208T180330-44487f1ea8c44b5eaf22e05d1a89f711-1974.npz,1075,1095,0.0,3.976949436435007e-09,1.9182207584381104,9.865087509155273,0.0,10.012950897216797,nan,nan,nan,nan
atari_krull,/home/haselab/projects/stable-deep-world-model/logs/models/from_scratch_atari_krull_vta_3seed_to_400000_20260208_112207/atari_krull_seed0,/home/haselab/projects/stable-deep-world-model/logs/models/from_scratch_atari_krull_vta_3seed_to_400000_20260208_112207/atari_krull_seed0/checkpoints/step-000012500.pt,/home/haselab/projects/stable-deep-world-model/logs/models/from_scratch_atari_krull_vta_3seed_to_400000_20260208_112207/atari_krull_seed0/eval_eps/20260208T180330-44487f1ea8c44b5eaf22e05d1a89f711-1974.npz,1080,1100,0.0,5.12467934754568e-09,1.9173952341079712,9.955707550048828,0.0,10.002832412719727,nan,nan,nan,nan
atari_krull,/home/haselab/projects/stable-deep-world-model/logs/models/from_scratch_atari_krull_vta_3seed_to_400000_20260208_112207/atari_krull_seed0,/home/haselab/projects/stable-deep-world-model/logs/models/from_scratch_atari_krull_vta_3seed_to_400000_20260208_112207/atari_krull_seed0/checkpoints/step-000012500.pt,/home/haselab/projects/stable-deep-world-model/logs/models/from_scratch_atari_krull_vta_3seed_to_400000_20260208_112207/atari_krull_seed0/eval_eps/20260208T180330-44487f1ea8c44b5eaf22e05d1a89f711-1974.npz,1085,1105,0.0,5.372196021369291e-09,1.8975236415863037,9.917901039123535,0.0,9.95135498046875,nan,nan,nan,nan
atari_krull,/home/haselab/projects/stable-deep-world-model/logs/models/from_scratch_atari_krull_vta_3seed_to_400000_20260208_112207/atari_krull_seed0,/home/haselab/projects/stable-deep-world-model/logs/models/from_scratch_atari_krull_vta_3seed_to_400000_20260208_112207/atari_krull_seed0/checkpoints/step-000012500.pt,/home/haselab/projects/stable-deep-world-model/logs/models/from_scratch_atari_krull_vta_3seed_to_400000_20260208_112207/atari_krull_seed0/eval_eps/20260208T180330-44487f1ea8c44b5eaf22e05d1a89f711-1974.npz,1090,1110,0.0,3.90949805861851e-09,1.9623088836669922,9.885612487792969,0.0,9.854094505310059,nan,nan,nan,nan
atari_krull,/home/haselab/projects/stable-deep-world-model/logs/models/from_scratch_atari_krull_vta_3seed_to_400000_20260208_112207/atari_krull_seed0,/home/haselab/projects/stable-deep-world-model/logs/models/from_scratch_atari_krull_vta_3seed_to_400000_20260208_112207/atari_krull_seed0/checkpoints/step-000012500.pt,/home/haselab/projects/stable-deep-world-model/logs/models/from_scratch_atari_krull_vta_3seed_to_400000_20260208_112207/atari_krull_seed0/eval_eps/20260208T180330-44487f1ea8c44b5eaf22e05d1a89f711-1974.npz,1095,1115,0.0,1.6821861237303892e-08,2.019920825958252,9.88847541809082,0.0,9.933218002319336,nan,nan,nan,nan
atari_krull,/home/haselab/projects/stable-deep-world-model/logs/models/from_scratch_atari_krull_vta_3seed_to_400000_20260208_112207/atari_krull_seed0,/home/haselab/projects/stable-deep-world-model/logs/models/from_scratch_atari_krull_vta_3seed_to_400000_20260208_112207/atari_krull_seed0/checkpoints/step-000012500.pt,/home/haselab/projects/stable-deep-world-model/logs/models/from_scratch_atari_krull_vta_3seed_to_400000_20260208_112207/atari_krull_seed0/eval_eps/20260208T180330-44487f1ea8c44b5eaf22e05d1a89f711-1974.npz,1100,1120,0.0,2.9234627163532423e-08,2.0119576454162598,9.875121116638184,0.0,9.983685493469238,nan,nan,nan,nan
atari_krull,/home/haselab/projects/stable-deep-world-model/logs/models/from_scratch_atari_krull_vta_3seed_to_400000_20260208_112207/atari_krull_seed0,/home/haselab/projects/stable-deep-world-model/logs/models/from_scratch_atari_krull_vta_3seed_to_400000_20260208_112207/atari_krull_seed0/checkpoints/step-000012500.pt,/home/haselab/projects/stable-deep-world-model/logs/models/from_scratch_atari_krull_vta_3seed_to_400000_20260208_112207/atari_krull_seed0/eval_eps/20260208T180330-44487f1ea8c44b5eaf22e05d1a89f711-1974.npz,1105,1125,0.0,3.616656130134288e-08,1.9957172870635986,9.91627311706543,0.0,10.137924194335938,nan,nan,nan,nan
atari_krull,/home/haselab/projects/stable-deep-world-model/logs/models/from_scratch_atari_krull_vta_3seed_to_400000_20260208_112207/atari_krull_seed0,/home/haselab/projects/stable-deep-world-model/logs/models/from_scratch_atari_krull_vta_3seed_to_400000_20260208_112207/atari_krull_seed0/checkpoints/step-000012500.pt,/home/haselab/projects/stable-deep-world-model/logs/models/from_scratch_atari_krull_vta_3seed_to_400000_20260208_112207/atari_krull_seed0/eval_eps/20260208T180330-44487f1ea8c44b5eaf22e05d1a89f711-1974.npz,1110,1130,0.0,6.086777659675136e-08,1.968862533569336,9.914838790893555,0.0,10.252901077270508,nan,nan,nan,nan
atari_krull,/home/haselab/projects/stable-deep-world-model/logs/models/from_scratch_atari_krull_vta_3seed_to_400000_20260208_112207/atari_krull_seed0,/home/haselab/projects/stable-deep-world-model/logs/models/from_scratch_atari_krull_vta_3seed_to_400000_20260208_112207/atari_krull_seed0/checkpoints/step-000012500.pt,/home/haselab/projects/stable-deep-world-model/logs/models/from_scratch_atari_krull_vta_3seed_to_400000_20260208_112207/atari_krull_seed0/eval_eps/20260208T180330-44487f1ea8c44b5eaf22e05d1a89f711-1974.npz,1115,1135,0.0,5.0245613891775065e-08,1.9923604726791382,9.930493354797363,0.0,10.228602409362793,nan,nan,nan,nan
atari_krull,/home/haselab/projects/stable-deep-world-model/logs/models/from_scratch_atari_krull_vta_3seed_to_400000_20260208_112207/atari_krull_seed0,/home/haselab/projects/stable-deep-world-model/logs/models/from_scratch_atari_krull_vta_3seed_to_400000_20260208_112207/atari_krull_seed0/checkpoints/step-000012500.pt,/home/haselab/projects/stable-deep-world-model/logs/models/from_scratch_atari_krull_vta_3seed_to_400000_20260208_112207/atari_krull_seed0/eval_eps/20260208T180330-44487f1ea8c44b5eaf22e05d1a89f711-1974.npz,1120,1140,0.0,8.482882662974589e-08,2.0254647731781006,9.956259727478027,0.0,10.220809936523438,nan,nan,nan,nan
atari_krull,/home/haselab/projects/stable-deep-world-model/logs/models/from_scratch_atari_krull_vta_3seed_to_400000_20260208_112207/atari_krull_seed0,/home/haselab/projects/stable-deep-world-model/logs/models/from_scratch_atari_krull_vta_3seed_to_400000_20260208_112207/atari_krull_seed0/checkpoints/step-000012500.pt,/home/haselab/projects/stable-deep-world-model/logs/models/from_scratch_atari_krull_vta_3seed_to_400000_20260208_112207/atari_krull_seed0/eval_eps/20260208T180330-44487f1ea8c44b5eaf22e05d1a89f711-1974.npz,1125,1145,0.0,2.491740815457888e-06,1.9862654209136963,10.092363357543945,0.0,10.351567268371582,nan,nan,nan,nan
atari_krull,/home/haselab/projects/stable-deep-world-model/logs/models/from_scratch_atari_krull_vta_3seed_to_400000_20260208_112207/atari_krull_seed0,/home/haselab/projects/stable-deep-world-model/logs/models/from_scratch_atari_krull_vta_3seed_to_400000_20260208_112207/atari_krull_seed0/checkpoints/step-000012500.pt,/home/haselab/projects/stable-deep-world-model/logs/models/from_scratch_atari_krull_vta_3seed_to_400000_20260208_112207/atari_krull_seed0/eval_eps/20260208T180330-44487f1ea8c44b5eaf22e05d1a89f711-1974.npz,1130,1150,0.0,2.602404720164486e-06,1.9661970138549805,10.250558853149414,0.0,10.348763465881348,nan,nan,nan,nan
atari_krull,/home/haselab/projects/stable-deep-world-model/logs/models/from_scratch_atari_krull_vta_3seed_to_400000_20260208_112207/atari_krull_seed0,/home/haselab/projects/stable-deep-world-model/logs/models/from_scratch_atari_krull_vta_3seed_to_400000_20260208_112207/atari_krull_seed0/checkpoints/step-000012500.pt,/home/haselab/projects/stable-deep-world-model/logs/models/from_scratch_atari_krull_vta_3seed_to_400000_20260208_112207/atari_krull_seed0/eval_eps/20260208T180330-44487f1ea8c44b5eaf22e05d1a89f711-1974.npz,1135,1155,0.0,2.8590416150109377e-06,1.9377256631851196,10.231952667236328,0.0,10.431325912475586,nan,nan,nan,nan
atari_krull,/home/haselab/projects/stable-deep-world-model/logs/models/from_scratch_atari_krull_vta_3seed_to_400000_20260208_112207/atari_krull_seed0,/home/haselab/projects/stable-deep-world-model/logs/models/from_scratch_atari_krull_vta_3seed_to_400000_20260208_112207/atari_krull_seed0/checkpoints/step-000012500.pt,/home/haselab/projects/stable-deep-world-model/logs/models/from_scratch_atari_krull_vta_3seed_to_400000_20260208_112207/atari_krull_seed0/eval_eps/20260208T180330-44487f1ea8c44b5eaf22e05d1a89f711-1974.npz,1140,1160,0.0,2.8772756195394322e-06,1.9905216693878174,10.19235610961914,0.0,10.419510841369629,nan,nan,nan,nan
atari_krull,/home/haselab/projects/stable-deep-world-model/logs/models/from_scratch_atari_krull_vta_3seed_to_400000_20260208_112207/atari_krull_seed0,/home/haselab/projects/stable-deep-world-model/logs/models/from_scratch_atari_krull_vta_3seed_to_400000_20260208_112207/atari_krull_seed0/checkpoints/step-000012500.pt,/home/haselab/projects/stable-deep-world-model/logs/models/from_scratch_atari_krull_vta_3seed_to_400000_20260208_112207/atari_krull_seed0/eval_eps/20260208T180330-44487f1ea8c44b5eaf22e05d1a89f711-1974.npz,1145,1165,0.0,9.023536335917015e-07,1.9883193969726562,10.18303394317627,0.0,10.403117179870605,nan,nan,nan,nan
atari_krull,/home/haselab/projects/stable-deep-world-model/logs/models/from_scratch_atari_krull_vta_3seed_to_400000_20260208_112207/atari_krull_seed0,/home/haselab/projects/stable-deep-world-model/logs/models/from_scratch_atari_krull_vta_3seed_to_400000_20260208_112207/atari_krull_seed0/checkpoints/step-000012500.pt,/home/haselab/projects/stable-deep-world-model/logs/models/from_scratch_atari_krull_vta_3seed_to_400000_20260208_112207/atari_krull_seed0/eval_eps/20260208T180330-44487f1ea8c44b5eaf22e05d1a89f711-1974.npz,1150,1170,0.0,7.830387289686769e-07,1.9300645589828491,10.1914644241333,0.0,10.489421844482422,nan,nan,nan,nan
atari_krull,/home/haselab/projects/stable-deep-world-model/logs/models/from_scratch_atari_krull_vta_3seed_to_400000_20260208_112207/atari_krull_seed0,/home/haselab/projects/stable-deep-world-model/logs/models/from_scratch_atari_krull_vta_3seed_to_400000_20260208_112207/atari_krull_seed0/checkpoints/step-000012500.pt,/home/haselab/projects/stable-deep-world-model/logs/models/from_scratch_atari_krull_vta_3seed_to_400000_20260208_112207/atari_krull_seed0/eval_eps/20260208T180330-44487f1ea8c44b5eaf22e05d1a89f711-1974.npz,1155,1175,0.0,5.4517323633263e-07,1.927948236465454,10.162580490112305,0.0,10.480524063110352,nan,nan,nan,nan
atari_krull,/home/haselab/projects/stable-deep-world-model/logs/models/from_scratch_atari_krull_vta_3seed_to_400000_20260208_112207/atari_krull_seed0,/home/haselab/projects/stable-deep-world-model/logs/models/from_scratch_atari_krull_vta_3seed_to_400000_20260208_112207/atari_krull_seed0/checkpoints/step-000012500.pt,/home/haselab/projects/stable-deep-world-model/logs/models/from_scratch_atari_krull_vta_3seed_to_400000_20260208_112207/atari_krull_seed0/eval_eps/20260208T180330-44487f1ea8c44b5eaf22e05d1a89f711-1974.npz,1160,1180,0.0,5.354510221877717e-07,1.9038212299346924,10.194295883178711,0.0,10.545568466186523,nan,nan,nan,nan
atari_krull,/home/haselab/projects/stable-deep-world-model/logs/models/from_scratch_atari_krull_vta_3seed_to_400000_20260208_112207/atari_krull_seed0,/home/haselab/projects/stable-deep-world-model/logs/models/from_scratch_atari_krull_vta_3seed_to_400000_20260208_112207/atari_krull_seed0/checkpoints/step-000012500.pt,/home/haselab/projects/stable-deep-world-model/logs/models/from_scratch_atari_krull_vta_3seed_to_400000_20260208_112207/atari_krull_seed0/eval_eps/20260208T180330-44487f1ea8c44b5eaf22e05d1a89f711-1974.npz,1165,1185,0.0,2.552291107349447e-07,1.9817556142807007,10.091694831848145,0.0,10.464445114135742,nan,nan,nan,nan
atari_krull,/home/haselab/projects/stable-deep-world-model/logs/models/from_scratch_atari_krull_vta_3seed_to_400000_20260208_112207/atari_krull_seed0,/home/haselab/projects/stable-deep-world-model/logs/models/from_scratch_atari_krull_vta_3seed_to_400000_20260208_112207/atari_krull_seed0/checkpoints/step-000012500.pt,/home/haselab/projects/stable-deep-world-model/logs/models/from_scratch_atari_krull_vta_3seed_to_400000_20260208_112207/atari_krull_seed0/eval_eps/20260208T180330-44487f1ea8c44b5eaf22e05d1a89f711-1974.npz,1170,1190,0.0,8.687667332196725e-07,1.9767200946807861,10.092589378356934,0.0,10.524282455444336,nan,nan,nan,nan
atari_krull,/home/haselab/projects/stable-deep-world-model/logs/models/from_scratch_atari_krull_vta_3seed_to_400000_20260208_112207/atari_krull_seed0,/home/haselab/projects/stable-deep-world-model/logs/models/from_scratch_atari_krull_vta_3seed_to_400000_20260208_112207/atari_krull_seed0/checkpoints/step-000012500.pt,/home/haselab/projects/stable-deep-world-model/logs/models/from_scratch_atari_krull_vta_3seed_to_400000_20260208_112207/atari_krull_seed0/eval_eps/20260208T180330-44487f1ea8c44b5eaf22e05d1a89f711-1974.npz,1175,1195,0.0,8.609274004811596e-07,1.959844946861267,10.352025032043457,0.0,10.775702476501465,nan,nan,nan,nan
atari_krull,/home/haselab/projects/stable-deep-world-model/logs/models/from_scratch_atari_krull_vta_3seed_to_400000_20260208_112207/atari_krull_seed0,/home/haselab/projects/stable-deep-world-model/logs/models/from_scratch_atari_krull_vta_3seed_to_400000_20260208_112207/atari_krull_seed0/checkpoints/step-000012500.pt,/home/haselab/projects/stable-deep-world-model/logs/models/from_scratch_atari_krull_vta_3seed_to_400000_20260208_112207/atari_krull_seed0/eval_eps/20260208T180330-44487f1ea8c44b5eaf22e05d1a89f711-1974.npz,1180,1200,0.0,8.912198836696916e-07,1.952233076095581,10.277738571166992,0.0,10.611201286315918,nan,nan,nan,nan
atari_krull,/home/haselab/projects/stable-deep-world-model/logs/models/from_scratch_atari_krull_vta_3seed_to_400000_20260208_112207/atari_krull_seed0,/home/haselab/projects/stable-deep-world-model/logs/models/from_scratch_atari_krull_vta_3seed_to_400000_20260208_112207/atari_krull_seed0/checkpoints/step-000012500.pt,/home/haselab/projects/stable-deep-world-model/logs/models/from_scratch_atari_krull_vta_3seed_to_400000_20260208_112207/atari_krull_seed0/eval_eps/20260208T180330-44487f1ea8c44b5eaf22e05d1a89f711-1974.npz,1185,1205,0.0,7.473342407138261e-07,1.9597275257110596,10.349087715148926,0.0,10.651810646057129,nan,nan,nan,nan
atari_krull,/home/haselab/projects/stable-deep-world-model/logs/models/from_scratch_atari_krull_vta_3seed_to_400000_20260208_112207/atari_krull_seed0,/home/haselab/projects/stable-deep-world-model/logs/models/from_scratch_atari_krull_vta_3seed_to_400000_20260208_112207/atari_krull_seed0/checkpoints/step-000012500.pt,/home/haselab/projects/stable-deep-world-model/logs/models/from_scratch_atari_krull_vta_3seed_to_400000_20260208_112207/atari_krull_seed0/eval_eps/20260208T180330-44487f1ea8c44b5eaf22e05d1a89f711-1974.npz,1190,1210,0.0,1.7065056567844294e-07,2.0075178146362305,10.262858390808105,0.0,10.54835319519043,nan,nan,nan,nan
atari_krull,/home/haselab/projects/stable-deep-world-model/logs/models/from_scratch_atari_krull_vta_3seed_to_400000_20260208_112207/atari_krull_seed0,/home/haselab/projects/stable-deep-world-model/logs/models/from_scratch_atari_krull_vta_3seed_to_400000_20260208_112207/atari_krull_seed0/checkpoints/step-000012500.pt,/home/haselab/projects/stable-deep-world-model/logs/models/from_scratch_atari_krull_vta_3seed_to_400000_20260208_112207/atari_krull_seed0/eval_eps/20260208T180330-44487f1ea8c44b5eaf22e05d1a89f711-1974.npz,1195,1215,0.0,5.111157861392712e-07,1.9942432641983032,10.23747444152832,0.0,10.486654281616211,nan,nan,nan,nan
atari_krull,/home/haselab/projects/stable-deep-world-model/logs/models/from_scratch_atari_krull_vta_3seed_to_400000_20260208_112207/atari_krull_seed0,/home/haselab/projects/stable-deep-world-model/logs/models/from_scratch_atari_krull_vta_3seed_to_400000_20260208_112207/atari_krull_seed0/checkpoints/step-000012500.pt,/home/haselab/projects/stable-deep-world-model/logs/models/from_scratch_atari_krull_vta_3seed_to_400000_20260208_112207/atari_krull_seed0/eval_eps/20260208T180330-44487f1ea8c44b5eaf22e05d1a89f711-1974.npz,1200,1220,0.0,4.917137630400248e-07,1.9459011554718018,10.356775283813477,0.0,10.661768913269043,nan,nan,nan,nan
atari_krull,/home/haselab/projects/stable-deep-world-model/logs/models/from_scratch_atari_krull_vta_3seed_to_400000_20260208_112207/atari_krull_seed0,/home/haselab/projects/stable-deep-world-model/logs/models/from_scratch_atari_krull_vta_3seed_to_400000_20260208_112207/atari_krull_seed0/checkpoints/step-000012500.pt,/home/haselab/projects/stable-deep-world-model/logs/models/from_scratch_atari_krull_vta_3seed_to_400000_20260208_112207/atari_krull_seed0/eval_eps/20260208T180330-44487f1ea8c44b5eaf22e05d1a89f711-1974.npz,1205,1225,0.0,4.876761749983416e-07,1.9231059551239014,10.294915199279785,0.0,10.537866592407227,nan,nan,nan,nan
atari_krull,/home/haselab/projects/stable-deep-world-model/logs/models/from_scratch_atari_krull_vta_3seed_to_400000_20260208_112207/atari_krull_seed0,/home/haselab/projects/stable-deep-world-model/logs/models/from_scratch_atari_krull_vta_3seed_to_400000_20260208_112207/atari_krull_seed0/checkpoints/step-000012500.pt,/home/haselab/projects/stable-deep-world-model/logs/models/from_scratch_atari_krull_vta_3seed_to_400000_20260208_112207/atari_krull_seed0/eval_eps/20260208T180330-44487f1ea8c44b5eaf22e05d1a89f711-1974.npz,1210,1230,0.0,4.675900129313959e-07,1.9832613468170166,10.315451622009277,0.0,10.463587760925293,nan,nan,nan,nan
atari_krull,/home/haselab/projects/stable-deep-world-model/logs/models/from_scratch_atari_krull_vta_3seed_to_400000_20260208_112207/atari_krull_seed0,/home/haselab/projects/stable-deep-world-model/logs/models/from_scratch_atari_krull_vta_3seed_to_400000_20260208_112207/atari_krull_seed0/checkpoints/step-000012500.pt,/home/haselab/projects/stable-deep-world-model/logs/models/from_scratch_atari_krull_vta_3seed_to_400000_20260208_112207/atari_krull_seed0/eval_eps/20260208T180330-44487f1ea8c44b5eaf22e05d1a89f711-1974.npz,1215,1235,0.0,6.185980510053923e-07,1.991180658340454,10.183280944824219,0.0,10.285757064819336,nan,nan,nan,nan
atari_krull,/home/haselab/projects/stable-deep-world-model/logs/models/from_scratch_atari_krull_vta_3seed_to_400000_20260208_112207/atari_krull_seed0,/home/haselab/projects/stable-deep-world-model/logs/models/from_scratch_atari_krull_vta_3seed_to_400000_20260208_112207/atari_krull_seed0/checkpoints/step-000012500.pt,/home/haselab/projects/stable-deep-world-model/logs/models/from_scratch_atari_krull_vta_3seed_to_400000_20260208_112207/atari_krull_seed0/eval_eps/20260208T180330-44487f1ea8c44b5eaf22e05d1a89f711-1974.npz,1220,1240,0.0,1.0402977750345599e-06,1.9917027950286865,10.312570571899414,0.0,10.351749420166016,nan,nan,nan,nan
atari_krull,/home/haselab/projects/stable-deep-world-model/logs/models/from_scratch_atari_krull_vta_3seed_to_400000_20260208_112207/atari_krull_seed0,/home/haselab/projects/stable-deep-world-model/logs/models/from_scratch_atari_krull_vta_3seed_to_400000_20260208_112207/atari_krull_seed0/checkpoints/step-000012500.pt,/home/haselab/projects/stable-deep-world-model/logs/models/from_scratch_atari_krull_vta_3seed_to_400000_20260208_112207/atari_krull_seed0/eval_eps/20260208T180330-44487f1ea8c44b5eaf22e05d1a89f711-1974.npz,1225,1245,0.0,1.259451096302655e-06,1.9841253757476807,10.424528121948242,0.0,10.413017272949219,nan,nan,nan,nan
atari_krull,/home/haselab/projects/stable-deep-world-model/logs/models/from_scratch_atari_krull_vta_3seed_to_400000_20260208_112207/atari_krull_seed0,/home/haselab/projects/stable-deep-world-model/logs/models/from_scratch_atari_krull_vta_3seed_to_400000_20260208_112207/atari_krull_seed0/checkpoints/step-000012500.pt,/home/haselab/projects/stable-deep-world-model/logs/models/from_scratch_atari_krull_vta_3seed_to_400000_20260208_112207/atari_krull_seed0/eval_eps/20260208T180330-44487f1ea8c44b5eaf22e05d1a89f711-1974.npz,1230,1250,0.0,1.2430061815393856e-06,1.9512993097305298,10.348429679870605,0.0,10.377421379089355,nan,nan,nan,nan
atari_krull,/home/haselab/projects/stable-deep-world-model/logs/models/from_scratch_atari_krull_vta_3seed_to_400000_20260208_112207/atari_krull_seed0,/home/haselab/projects/stable-deep-world-model/logs/models/from_scratch_atari_krull_vta_3seed_to_400000_20260208_112207/atari_krull_seed0/checkpoints/step-000012500.pt,/home/haselab/projects/stable-deep-world-model/logs/models/from_scratch_atari_krull_vta_3seed_to_400000_20260208_112207/atari_krull_seed0/eval_eps/20260208T180330-44487f1ea8c44b5eaf22e05d1a89f711-1974.npz,1235,1255,0.0,7.843605089874472e-07,2.0303571224212646,10.421964645385742,0.0,10.519006729125977,nan,nan,nan,nan
atari_krull,/home/haselab/projects/stable-deep-world-model/logs/models/from_scratch_atari_krull_vta_3seed_to_400000_20260208_112207/atari_krull_seed0,/home/haselab/projects/stable-deep-world-model/logs/models/from_scratch_atari_krull_vta_3seed_to_400000_20260208_112207/atari_krull_seed0/checkpoints/step-000012500.pt,/home/haselab/projects/stable-deep-world-model/logs/models/from_scratch_atari_krull_vta_3seed_to_400000_20260208_112207/atari_krull_seed0/eval_eps/20260208T180330-44487f1ea8c44b5eaf22e05d1a89f711-1974.npz,1240,1260,0.0,8.491163612234232e-07,2.072810411453247,10.268360137939453,0.0,10.459948539733887,nan,nan,nan,nan
atari_krull,/home/haselab/projects/stable-deep-world-model/logs/models/from_scratch_atari_krull_vta_3seed_to_400000_20260208_112207/atari_krull_seed0,/home/haselab/projects/stable-deep-world-model/logs/models/from_scratch_atari_krull_vta_3seed_to_400000_20260208_112207/atari_krull_seed0/checkpoints/step-000012500.pt,/home/haselab/projects/stable-deep-world-model/logs/models/from_scratch_atari_krull_vta_3seed_to_400000_20260208_112207/atari_krull_seed0/eval_eps/20260208T180330-44487f1ea8c44b5eaf22e05d1a89f711-1974.npz,1245,1265,0.0,1.9411497760302154e-06,2.031027317047119,10.344056129455566,0.0,10.553489685058594,nan,nan,nan,nan
atari_krull,/home/haselab/projects/stable-deep-world-model/logs/models/from_scratch_atari_krull_vta_3seed_to_400000_20260208_112207/atari_krull_seed0,/home/haselab/projects/stable-deep-world-model/logs/models/from_scratch_atari_krull_vta_3seed_to_400000_20260208_112207/atari_krull_seed0/checkpoints/step-000012500.pt,/home/haselab/projects/stable-deep-world-model/logs/models/from_scratch_atari_krull_vta_3seed_to_400000_20260208_112207/atari_krull_seed0/eval_eps/20260208T180330-44487f1ea8c44b5eaf22e05d1a89f711-1974.npz,1250,1270,0.0,1.9872747998306295e-06,2.0359625816345215,10.490789413452148,0.0,10.755905151367188,nan,nan,nan,nan
atari_krull,/home/haselab/projects/stable-deep-world-model/logs/models/from_scratch_atari_krull_vta_3seed_to_400000_20260208_112207/atari_krull_seed0,/home/haselab/projects/stable-deep-world-model/logs/models/from_scratch_atari_krull_vta_3seed_to_400000_20260208_112207/atari_krull_seed0/checkpoints/step-000012500.pt,/home/haselab/projects/stable-deep-world-model/logs/models/from_scratch_atari_krull_vta_3seed_to_400000_20260208_112207/atari_krull_seed0/eval_eps/20260208T180330-44487f1ea8c44b5eaf22e05d1a89f711-1974.npz,1255,1275,0.0,2.0181046238576528e-06,2.023005962371826,10.320984840393066,0.0,10.557327270507812,nan,nan,nan,nan
atari_krull,/home/haselab/projects/stable-deep-world-model/logs/models/from_scratch_atari_krull_vta_3seed_to_400000_20260208_112207/atari_krull_seed0,/home/haselab/projects/stable-deep-world-model/logs/models/from_scratch_atari_krull_vta_3seed_to_400000_20260208_112207/atari_krull_seed0/checkpoints/step-000012500.pt,/home/haselab/projects/stable-deep-world-model/logs/models/from_scratch_atari_krull_vta_3seed_to_400000_20260208_112207/atari_krull_seed0/eval_eps/20260208T180330-44487f1ea8c44b5eaf22e05d1a89f711-1974.npz,1260,1280,0.0,1.808497472666204e-06,2.0713582038879395,10.318084716796875,0.0,10.627579689025879,nan,nan,nan,nan
atari_krull,/home/haselab/projects/stable-deep-world-model/logs/models/from_scratch_atari_krull_vta_3seed_to_400000_20260208_112207/atari_krull_seed0,/home/haselab/projects/stable-deep-world-model/logs/models/from_scratch_atari_krull_vta_3seed_to_400000_20260208_112207/atari_krull_seed0/checkpoints/step-000012500.pt,/home/haselab/projects/stable-deep-world-model/logs/models/from_scratch_atari_krull_vta_3seed_to_400000_20260208_112207/atari_krull_seed0/eval_eps/20260208T180330-44487f1ea8c44b5eaf22e05d1a89f711-1974.npz,1265,1285,0.0,6.634025339735672e-06,2.09026837348938,10.290933609008789,0.0,10.624403953552246,nan,nan,nan,nan
atari_krull,/home/haselab/projects/stable-deep-world-model/logs/models/from_scratch_atari_krull_vta_3seed_to_400000_20260208_112207/atari_krull_seed0,/home/haselab/projects/stable-deep-world-model/logs/models/from_scratch_atari_krull_vta_3seed_to_400000_20260208_112207/atari_krull_seed0/checkpoints/step-000012500.pt,/home/haselab/projects/stable-deep-world-model/logs/models/from_scratch_atari_krull_vta_3seed_to_400000_20260208_112207/atari_krull_seed0/eval_eps/20260208T180330-44487f1ea8c44b5eaf22e05d1a89f711-1974.npz,1270,1290,0.0,6.699410732835531e-06,2.022392988204956,10.303439140319824,0.0,10.525715827941895,nan,nan,nan,nan
atari_krull,/home/haselab/projects/stable-deep-world-model/logs/models/from_scratch_atari_krull_vta_3seed_to_400000_20260208_112207/atari_krull_seed0,/home/haselab/projects/stable-deep-world-model/logs/models/from_scratch_atari_krull_vta_3seed_to_400000_20260208_112207/atari_krull_seed0/checkpoints/step-000012500.pt,/home/haselab/projects/stable-deep-world-model/logs/models/from_scratch_atari_krull_vta_3seed_to_400000_20260208_112207/atari_krull_seed0/eval_eps/20260208T180330-44487f1ea8c44b5eaf22e05d1a89f711-1974.npz,1275,1295,0.0,6.83650159771787e-06,2.004554271697998,10.350152969360352,0.0,10.58912181854248,nan,nan,nan,nan
atari_krull,/home/haselab/projects/stable-deep-world-model/logs/models/from_scratch_atari_krull_vta_3seed_to_400000_20260208_112207/atari_krull_seed0,/home/haselab/projects/stable-deep-world-model/logs/models/from_scratch_atari_krull_vta_3seed_to_400000_20260208_112207/atari_krull_seed0/checkpoints/step-000012500.pt,/home/haselab/projects/stable-deep-world-model/logs/models/from_scratch_atari_krull_vta_3seed_to_400000_20260208_112207/atari_krull_seed0/eval_eps/20260208T180330-44487f1ea8c44b5eaf22e05d1a89f711-1974.npz,1280,1300,0.0,6.532714905915782e-06,1.9968242645263672,10.396705627441406,0.0,10.523703575134277,nan,nan,nan,nan
atari_krull,/home/haselab/projects/stable-deep-world-model/logs/models/from_scratch_atari_krull_vta_3seed_to_400000_20260208_112207/atari_krull_seed0,/home/haselab/projects/stable-deep-world-model/logs/models/from_scratch_atari_krull_vta_3seed_to_400000_20260208_112207/atari_krull_seed0/checkpoints/step-000012500.pt,/home/haselab/projects/stable-deep-world-model/logs/models/from_scratch_atari_krull_vta_3seed_to_400000_20260208_112207/atari_krull_seed0/eval_eps/20260208T180330-44487f1ea8c44b5eaf22e05d1a89f711-1974.npz,1285,1305,0.0,5.2988702918810304e-06,2.055774450302124,10.315370559692383,0.0,10.505151748657227,nan,nan,nan,nan
atari_krull,/home/haselab/projects/stable-deep-world-model/logs/models/from_scratch_atari_krull_vta_3seed_to_400000_20260208_112207/atari_krull_seed0,/home/haselab/projects/stable-deep-world-model/logs/models/from_scratch_atari_krull_vta_3seed_to_400000_20260208_112207/atari_krull_seed0/checkpoints/step-000012500.pt,/home/haselab/projects/stable-deep-world-model/logs/models/from_scratch_atari_krull_vta_3seed_to_400000_20260208_112207/atari_krull_seed0/eval_eps/20260208T180330-44487f1ea8c44b5eaf22e05d1a89f711-1974.npz,1290,1310,0.0,6.991602276684716e-06,2.0520102977752686,10.304840087890625,0.0,10.551325798034668,nan,nan,nan,nan
atari_krull,/home/haselab/projects/stable-deep-world-model/logs/models/from_scratch_atari_krull_vta_3seed_to_400000_20260208_112207/atari_krull_seed0,/home/haselab/projects/stable-deep-world-model/logs/models/from_scratch_atari_krull_vta_3seed_to_400000_20260208_112207/atari_krull_seed0/checkpoints/step-000012500.pt,/home/haselab/projects/stable-deep-world-model/logs/models/from_scratch_atari_krull_vta_3seed_to_400000_20260208_112207/atari_krull_seed0/eval_eps/20260208T180330-44487f1ea8c44b5eaf22e05d1a89f711-1974.npz,1295,1315,0.0,7.2898014877864625e-06,2.0183074474334717,10.517447471618652,0.0,10.657153129577637,nan,nan,nan,nan
atari_krull,/home/haselab/projects/stable-deep-world-model/logs/models/from_scratch_atari_krull_vta_3seed_to_400000_20260208_112207/atari_krull_seed0,/home/haselab/projects/stable-deep-world-model/logs/models/from_scratch_atari_krull_vta_3seed_to_400000_20260208_112207/atari_krull_seed0/checkpoints/step-000012500.pt,/home/haselab/projects/stable-deep-world-model/logs/models/from_scratch_atari_krull_vta_3seed_to_400000_20260208_112207/atari_krull_seed0/eval_eps/20260208T180330-44487f1ea8c44b5eaf22e05d1a89f711-1974.npz,1300,1320,0.0,7.33067008695798e-06,1.9907844066619873,10.389673233032227,0.0,10.516328811645508,nan,nan,nan,nan
atari_krull,/home/haselab/projects/stable-deep-world-model/logs/models/from_scratch_atari_krull_vta_3seed_to_400000_20260208_112207/atari_krull_seed0,/home/haselab/projects/stable-deep-world-model/logs/models/from_scratch_atari_krull_vta_3seed_to_400000_20260208_112207/atari_krull_seed0/checkpoints/step-000012500.pt,/home/haselab/projects/stable-deep-world-model/logs/models/from_scratch_atari_krull_vta_3seed_to_400000_20260208_112207/atari_krull_seed0/eval_eps/20260208T180330-44487f1ea8c44b5eaf22e05d1a89f711-1974.npz,1305,1325,0.0,2.6940094812744064e-06,1.998316764831543,10.448915481567383,0.0,10.4436616897583,nan,nan,nan,nan
atari_krull,/home/haselab/projects/stable-deep-world-model/logs/models/from_scratch_atari_krull_vta_3seed_to_400000_20260208_112207/atari_krull_seed0,/home/haselab/projects/stable-deep-world-model/logs/models/from_scratch_atari_krull_vta_3seed_to_400000_20260208_112207/atari_krull_seed0/checkpoints/step-000012500.pt,/home/haselab/projects/stable-deep-world-model/logs/models/from_scratch_atari_krull_vta_3seed_to_400000_20260208_112207/atari_krull_seed0/eval_eps/20260208T180330-44487f1ea8c44b5eaf22e05d1a89f711-1974.npz,1310,1330,0.0,2.331378027520259e-06,2.0539779663085938,10.392755508422852,0.0,10.369070053100586,nan,nan,nan,nan
atari_krull,/home/haselab/projects/stable-deep-world-model/logs/models/from_scratch_atari_krull_vta_3seed_to_400000_20260208_112207/atari_krull_seed0,/home/haselab/projects/stable-deep-world-model/logs/models/from_scratch_atari_krull_vta_3seed_to_400000_20260208_112207/atari_krull_seed0/checkpoints/step-000012500.pt,/home/haselab/projects/stable-deep-world-model/logs/models/from_scratch_atari_krull_vta_3seed_to_400000_20260208_112207/atari_krull_seed0/eval_eps/20260208T180330-44487f1ea8c44b5eaf22e05d1a89f711-1974.npz,1315,1335,0.0,3.157063474645838e-06,2.0164833068847656,10.385614395141602,0.0,10.430329322814941,nan,nan,nan,nan
atari_krull,/home/haselab/projects/stable-deep-world-model/logs/models/from_scratch_atari_krull_vta_3seed_to_400000_20260208_112207/atari_krull_seed0,/home/haselab/projects/stable-deep-world-model/logs/models/from_scratch_atari_krull_vta_3seed_to_400000_20260208_112207/atari_krull_seed0/checkpoints/step-000012500.pt,/home/haselab/projects/stable-deep-world-model/logs/models/from_scratch_atari_krull_vta_3seed_to_400000_20260208_112207/atari_krull_seed0/eval_eps/20260208T180330-44487f1ea8c44b5eaf22e05d1a89f711-1974.npz,1320,1340,0.0,3.1697734357294394e-06,1.9697844982147217,10.561029434204102,0.0,10.650208473205566,nan,nan,nan,nan
atari_krull,/home/haselab/projects/stable-deep-world-model/logs/models/from_scratch_atari_krull_vta_3seed_to_400000_20260208_112207/atari_krull_seed0,/home/haselab/projects/stable-deep-world-model/logs/models/from_scratch_atari_krull_vta_3seed_to_400000_20260208_112207/atari_krull_seed0/checkpoints/step-000012500.pt,/home/haselab/projects/stable-deep-world-model/logs/models/from_scratch_atari_krull_vta_3seed_to_400000_20260208_112207/atari_krull_seed0/eval_eps/20260208T180330-44487f1ea8c44b5eaf22e05d1a89f711-1974.npz,1325,1345,0.0,3.099892182945041e-06,1.9409784078598022,10.468493461608887,0.0,10.611859321594238,nan,nan,nan,nan
atari_krull,/home/haselab/projects/stable-deep-world-model/logs/models/from_scratch_atari_krull_vta_3seed_to_400000_20260208_112207/atari_krull_seed0,/home/haselab/projects/stable-deep-world-model/logs/models/from_scratch_atari_krull_vta_3seed_to_400000_20260208_112207/atari_krull_seed0/checkpoints/step-000012500.pt,/home/haselab/projects/stable-deep-world-model/logs/models/from_scratch_atari_krull_vta_3seed_to_400000_20260208_112207/atari_krull_seed0/eval_eps/20260208T180330-44487f1ea8c44b5eaf22e05d1a89f711-1974.npz,1330,1350,0.0,1.654879042689572e-06,1.9914627075195312,10.453705787658691,0.0,10.705839157104492,nan,nan,nan,nan
atari_krull,/home/haselab/projects/stable-deep-world-model/logs/models/from_scratch_atari_krull_vta_3seed_to_400000_20260208_112207/atari_krull_seed0,/home/haselab/projects/stable-deep-world-model/logs/models/from_scratch_atari_krull_vta_3seed_to_400000_20260208_112207/atari_krull_seed0/checkpoints/step-000012500.pt,/home/haselab/projects/stable-deep-world-model/logs/models/from_scratch_atari_krull_vta_3seed_to_400000_20260208_112207/atari_krull_seed0/eval_eps/20260208T180330-44487f1ea8c44b5eaf22e05d1a89f711-1974.npz,1335,1355,0.0,5.002019634048338e-07,2.030148983001709,10.248006820678711,0.0,10.430540084838867,nan,nan,nan,nan
atari_krull,/home/haselab/projects/stable-deep-world-model/logs/models/from_scratch_atari_krull_vta_3seed_to_400000_20260208_112207/atari_krull_seed0,/home/haselab/projects/stable-deep-world-model/logs/models/from_scratch_atari_krull_vta_3seed_to_400000_20260208_112207/atari_krull_seed0/checkpoints/step-000012500.pt,/home/haselab/projects/stable-deep-world-model/logs/models/from_scratch_atari_krull_vta_3seed_to_400000_20260208_112207/atari_krull_seed0/eval_eps/20260208T180330-44487f1ea8c44b5eaf22e05d1a89f711-1974.npz,1340,1360,0.0,3.9402339098160155e-06,2.0378165245056152,10.328680038452148,0.0,10.403050422668457,nan,nan,nan,nan
atari_krull,/home/haselab/projects/stable-deep-world-model/logs/models/from_scratch_atari_krull_vta_3seed_to_400000_20260208_112207/atari_krull_seed0,/home/haselab/projects/stable-deep-world-model/logs/models/from_scratch_atari_krull_vta_3seed_to_400000_20260208_112207/atari_krull_seed0/checkpoints/step-000012500.pt,/home/haselab/projects/stable-deep-world-model/logs/models/from_scratch_atari_krull_vta_3seed_to_400000_20260208_112207/atari_krull_seed0/eval_eps/20260208T180330-44487f1ea8c44b5eaf22e05d1a89f711-1974.npz,1345,1365,0.0,3.857140654872637e-06,2.0103800296783447,10.376992225646973,0.0,10.656474113464355,nan,nan,nan,nan
atari_krull,/home/haselab/projects/stable-deep-world-model/logs/models/from_scratch_atari_krull_vta_3seed_to_400000_20260208_112207/atari_krull_seed0,/home/haselab/projects/stable-deep-world-model/logs/models/from_scratch_atari_krull_vta_3seed_to_400000_20260208_112207/atari_krull_seed0/checkpoints/step-000012500.pt,/home/haselab/projects/stable-deep-world-model/logs/models/from_scratch_atari_krull_vta_3seed_to_400000_20260208_112207/atari_krull_seed0/eval_eps/20260208T180330-44487f1ea8c44b5eaf22e05d1a89f711-1974.npz,1350,1370,0.0,3.945738171751145e-06,1.9649966955184937,10.344057083129883,0.0,10.52060317993164,nan,nan,nan,nan
atari_krull,/home/haselab/projects/stable-deep-world-model/logs/models/from_scratch_atari_krull_vta_3seed_to_400000_20260208_112207/atari_krull_seed0,/home/haselab/projects/stable-deep-world-model/logs/models/from_scratch_atari_krull_vta_3seed_to_400000_20260208_112207/atari_krull_seed0/checkpoints/step-000012500.pt,/home/haselab/projects/stable-deep-world-model/logs/models/from_scratch_atari_krull_vta_3seed_to_400000_20260208_112207/atari_krull_seed0/eval_eps/20260208T180330-44487f1ea8c44b5eaf22e05d1a89f711-1974.npz,1355,1375,0.05,0.05000381916761398,2.076793670654297,9.771574020385742,0.3952335715293884,10.35173225402832,6.946069240570068,11.943242073059082,7.904671669006348,13.217369079589844
atari_krull,/home/haselab/projects/stable-deep-world-model/logs/models/from_scratch_atari_krull_vta_3seed_to_400000_20260208_112207/atari_krull_seed0,/home/haselab/projects/stable-deep-world-model/logs/models/from_scratch_atari_krull_vta_3seed_to_400000_20260208_112207/atari_krull_seed0/checkpoints/step-000012500.pt,/home/haselab/projects/stable-deep-world-model/logs/models/from_scratch_atari_krull_vta_3seed_to_400000_20260208_112207/atari_krull_seed0/eval_eps/20260208T180330-44487f1ea8c44b5eaf22e05d1a89f711-1974.npz,1360,1380,0.05,0.05000028759241104,1.7670987844467163,8.79430866241455,0.3952335715293884,9.69111442565918,6.946069240570068,11.943242073059082,7.904671669006348,13.217369079589844
atari_krull,/home/haselab/projects/stable-deep-world-model/logs/models/from_scratch_atari_krull_vta_3seed_to_400000_20260208_112207/atari_krull_seed0,/home/haselab/projects/stable-deep-world-model/logs/models/from_scratch_atari_krull_vta_3seed_to_400000_20260208_112207/atari_krull_seed0/checkpoints/step-000012500.pt,/home/haselab/projects/stable-deep-world-model/logs/models/from_scratch_atari_krull_vta_3seed_to_400000_20260208_112207/atari_krull_seed0/eval_eps/20260208T180330-44487f1ea8c44b5eaf22e05d1a89f711-1974.npz,1365,1385,0.05,0.050000160932540894,1.5233471393585205,8.581997871398926,0.3952335715293884,9.54824447631836,6.946069240570068,11.943242073059082,7.904671669006348,13.217369079589844
atari_krull,/home/haselab/projects/stable-deep-world-model/logs/models/from_scratch_atari_krull_vta_3seed_to_400000_20260208_112207/atari_krull_seed0,/home/haselab/projects/stable-deep-world-model/logs/models/from_scratch_atari_krull_vta_3seed_to_400000_20260208_112207/atari_krull_seed0/checkpoints/step-000012500.pt,/home/haselab/projects/stable-deep-world-model/logs/models/from_scratch_atari_krull_vta_3seed_to_400000_20260208_112207/atari_krull_seed0/eval_eps/20260208T180330-44487f1ea8c44b5eaf22e05d1a89f711-1974.npz,1370,1390,0.05,0.050000060349702835,1.2585442066192627,8.799328804016113,0.3952335715293884,9.795045852661133,6.946069240570068,11.943242073059082,7.904671669006348,13.217369079589844
atari_krull,/home/haselab/projects/stable-deep-world-model/logs/models/from_scratch_atari_krull_vta_3seed_to_400000_20260208_112207/atari_krull_seed0,/home/haselab/projects/stable-deep-world-model/logs/models/from_scratch_atari_krull_vta_3seed_to_400000_20260208_112207/atari_krull_seed0/checkpoints/step-000012500.pt,/home/haselab/projects/stable-deep-world-model/logs/models/from_scratch_atari_krull_vta_3seed_to_400000_20260208_112207/atari_krull_seed0/eval_eps/20260208T180330-44487f1ea8c44b5eaf22e05d1a89f711-1974.npz,1375,1395,0.0,7.587509003315063e-07,0.9166250228881836,10.142290115356445,0.0,10.98262882232666,nan,nan,nan,nan
atari_krull,/home/haselab/projects/stable-deep-world-model/logs/models/from_scratch_atari_krull_vta_3seed_to_400000_20260208_112207/atari_krull_seed0,/home/haselab/projects/stable-deep-world-model/logs/models/from_scratch_atari_krull_vta_3seed_to_400000_20260208_112207/atari_krull_seed0/checkpoints/step-000012500.pt,/home/haselab/projects/stable-deep-world-model/logs/models/from_scratch_atari_krull_vta_3seed_to_400000_20260208_112207/atari_krull_seed0/eval_eps/20260208T180330-44487f1ea8c44b5eaf22e05d1a89f711-1974.npz,1380,1400,0.0,7.602045570820337e-07,1.03982412815094,11.920581817626953,0.0,12.634297370910645,nan,nan,nan,nan
atari_krull,/home/haselab/projects/stable-deep-world-model/logs/models/from_scratch_atari_krull_vta_3seed_to_400000_20260208_112207/atari_krull_seed0,/home/haselab/projects/stable-deep-world-model/logs/models/from_scratch_atari_krull_vta_3seed_to_400000_20260208_112207/atari_krull_seed0/checkpoints/step-000012500.pt,/home/haselab/projects/stable-deep-world-model/logs/models/from_scratch_atari_krull_vta_3seed_to_400000_20260208_112207/atari_krull_seed0/eval_eps/20260208T180330-44487f1ea8c44b5eaf22e05d1a89f711-1974.npz,1385,1405,0.0,7.600291382914293e-07,1.0161173343658447,13.38501262664795,0.0,13.827066421508789,nan,nan,nan,nan
atari_krull,/home/haselab/projects/stable-deep-world-model/logs/models/from_scratch_atari_krull_vta_3seed_to_400000_20260208_112207/atari_krull_seed0,/home/haselab/projects/stable-deep-world-model/logs/models/from_scratch_atari_krull_vta_3seed_to_400000_20260208_112207/atari_krull_seed0/checkpoints/step-000012500.pt,/home/haselab/projects/stable-deep-world-model/logs/models/from_scratch_atari_krull_vta_3seed_to_400000_20260208_112207/atari_krull_seed0/eval_eps/20260208T180330-44487f1ea8c44b5eaf22e05d1a89f711-1974.npz,1390,1410,0.0,7.560050221400161e-07,1.0558511018753052,14.551958084106445,0.0,14.944127082824707,nan,nan,nan,nan
atari_krull,/home/haselab/projects/stable-deep-world-model/logs/models/from_scratch_atari_krull_vta_3seed_to_400000_20260208_112207/atari_krull_seed0,/home/haselab/projects/stable-deep-world-model/logs/models/from_scratch_atari_krull_vta_3seed_to_400000_20260208_112207/atari_krull_seed0/checkpoints/step-000012500.pt,/home/haselab/projects/stable-deep-world-model/logs/models/from_scratch_atari_krull_vta_3seed_to_400000_20260208_112207/atari_krull_seed0/eval_eps/20260208T180330-44487f1ea8c44b5eaf22e05d1a89f711-1974.npz,1395,1415,0.0,3.945286763951117e-09,1.0132569074630737,15.148600578308105,0.0,15.544626235961914,nan,nan,nan,nan
atari_krull,/home/haselab/projects/stable-deep-world-model/logs/models/from_scratch_atari_krull_vta_3seed_to_400000_20260208_112207/atari_krull_seed0,/home/haselab/projects/stable-deep-world-model/logs/models/from_scratch_atari_krull_vta_3seed_to_400000_20260208_112207/atari_krull_seed0/checkpoints/step-000012500.pt,/home/haselab/projects/stable-deep-world-model/logs/models/from_scratch_atari_krull_vta_3seed_to_400000_20260208_112207/atari_krull_seed0/eval_eps/20260208T180330-44487f1ea8c44b5eaf22e05d1a89f711-1974.npz,1400,1420,0.0,3.243688428966607e-09,1.0005323886871338,15.347895622253418,0.0,15.730226516723633,nan,nan,nan,nan
atari_krull,/home/haselab/projects/stable-deep-world-model/logs/models/from_scratch_atari_krull_vta_3seed_to_400000_20260208_112207/atari_krull_seed0,/home/haselab/projects/stable-deep-world-model/logs/models/from_scratch_atari_krull_vta_3seed_to_400000_20260208_112207/atari_krull_seed0/checkpoints/step-000012500.pt,/home/haselab/projects/stable-deep-world-model/logs/models/from_scratch_atari_krull_vta_3seed_to_400000_20260208_112207/atari_krull_seed0/eval_eps/20260208T180330-44487f1ea8c44b5eaf22e05d1a89f711-1974.npz,1405,1425,0.0,5.8769851207784995e-09,1.0100091695785522,15.342544555664062,0.0,15.79699420928955,nan,nan,nan,nan
atari_krull,/home/haselab/projects/stable-deep-world-model/logs/models/from_scratch_atari_krull_vta_3seed_to_400000_20260208_112207/atari_krull_seed0,/home/haselab/projects/stable-deep-world-model/logs/models/from_scratch_atari_krull_vta_3seed_to_400000_20260208_112207/atari_krull_seed0/checkpoints/step-000012500.pt,/home/haselab/projects/stable-deep-world-model/logs/models/from_scratch_atari_krull_vta_3seed_to_400000_20260208_112207/atari_krull_seed0/eval_eps/20260208T180330-44487f1ea8c44b5eaf22e05d1a89f711-1974.npz,1410,1430,0.0,5.601042296632386e-09,0.9621956944465637,15.236017227172852,0.0,15.917009353637695,nan,nan,nan,nan
atari_krull,/home/haselab/projects/stable-deep-world-model/logs/models/from_scratch_atari_krull_vta_3seed_to_400000_20260208_112207/atari_krull_seed0,/home/haselab/projects/stable-deep-world-model/logs/models/from_scratch_atari_krull_vta_3seed_to_400000_20260208_112207/atari_krull_seed0/checkpoints/step-000012500.pt,/home/haselab/projects/stable-deep-world-model/logs/models/from_scratch_atari_krull_vta_3seed_to_400000_20260208_112207/atari_krull_seed0/eval_eps/20260208T180330-44487f1ea8c44b5eaf22e05d1a89f711-1974.npz,1415,1435,0.0,4.662342956152088e-09,0.9494991302490234,15.09632396697998,0.0,15.721386909484863,nan,nan,nan,nan
atari_krull,/home/haselab/projects/stable-deep-world-model/logs/models/from_scratch_atari_krull_vta_3seed_to_400000_20260208_112207/atari_krull_seed0,/home/haselab/projects/stable-deep-world-model/logs/models/from_scratch_atari_krull_vta_3seed_to_400000_20260208_112207/atari_krull_seed0/checkpoints/step-000012500.pt,/home/haselab/projects/stable-deep-world-model/logs/models/from_scratch_atari_krull_vta_3seed_to_400000_20260208_112207/atari_krull_seed0/eval_eps/20260208T180330-44487f1ea8c44b5eaf22e05d1a89f711-1974.npz,1420,1440,0.0,3.654763602867206e-09,0.9275417327880859,15.053918838500977,0.0,15.504196166992188,nan,nan,nan,nan
atari_krull,/home/haselab/projects/stable-deep-world-model/logs/models/from_scratch_atari_krull_vta_3seed_to_400000_20260208_112207/atari_krull_seed0,/home/haselab/projects/stable-deep-world-model/logs/models/from_scratch_atari_krull_vta_3seed_to_400000_20260208_112207/atari_krull_seed0/checkpoints/step-000012500.pt,/home/haselab/projects/stable-deep-world-model/logs/models/from_scratch_atari_krull_vta_3seed_to_400000_20260208_112207/atari_krull_seed0/eval_eps/20260208T180330-44487f1ea8c44b5eaf22e05d1a89f711-1974.npz,1425,1445,0.0,6.760617066170482e-10,0.8949874043464661,14.95295238494873,0.0,15.4271240234375,nan,nan,nan,nan
atari_krull,/home/haselab/projects/stable-deep-world-model/logs/models/from_scratch_atari_krull_vta_3seed_to_400000_20260208_112207/atari_krull_seed0,/home/haselab/projects/stable-deep-world-model/logs/models/from_scratch_atari_krull_vta_3seed_to_400000_20260208_112207/atari_krull_seed0/checkpoints/step-000012500.pt,/home/haselab/projects/stable-deep-world-model/logs/models/from_scratch_atari_krull_vta_3seed_to_400000_20260208_112207/atari_krull_seed0/eval_eps/20260208T180330-44487f1ea8c44b5eaf22e05d1a89f711-1974.npz,1430,1450,0.0,4.76594097520433e-10,0.8920270204544067,14.813212394714355,0.0,15.275873184204102,nan,nan,nan,nan
atari_krull,/home/haselab/projects/stable-deep-world-model/logs/models/from_scratch_atari_krull_vta_3seed_to_400000_20260208_112207/atari_krull_seed0,/home/haselab/projects/stable-deep-world-model/logs/models/from_scratch_atari_krull_vta_3seed_to_400000_20260208_112207/atari_krull_seed0/checkpoints/step-000012500.pt,/home/haselab/projects/stable-deep-world-model/logs/models/from_scratch_atari_krull_vta_3seed_to_400000_20260208_112207/atari_krull_seed0/eval_eps/20260208T180330-44487f1ea8c44b5eaf22e05d1a89f711-1974.npz,1435,1455,0.0,5.466350705418677e-10,0.9082764387130737,14.541171073913574,0.0,15.022603988647461,nan,nan,nan,nan
atari_krull,/home/haselab/projects/stable-deep-world-model/logs/models/from_scratch_atari_krull_vta_3seed_to_400000_20260208_112207/atari_krull_seed0,/home/haselab/projects/stable-deep-world-model/logs/models/from_scratch_atari_krull_vta_3seed_to_400000_20260208_112207/atari_krull_seed0/checkpoints/step-000012500.pt,/home/haselab/projects/stable-deep-world-model/logs/models/from_scratch_atari_krull_vta_3seed_to_400000_20260208_112207/atari_krull_seed0/eval_eps/20260208T180330-44487f1ea8c44b5eaf22e05d1a89f711-1974.npz,1440,1460,0.0,0.0019965101964771748,0.9091669321060181,14.010729789733887,0.0,14.729928970336914,nan,nan,nan,nan
atari_krull,/home/haselab/projects/stable-deep-world-model/logs/models/from_scratch_atari_krull_vta_3seed_to_400000_20260208_112207/atari_krull_seed0,/home/haselab/projects/stable-deep-world-model/logs/models/from_scratch_atari_krull_vta_3seed_to_400000_20260208_112207/atari_krull_seed0/checkpoints/step-000012500.pt,/home/haselab/projects/stable-deep-world-model/logs/models/from_scratch_atari_krull_vta_3seed_to_400000_20260208_112207/atari_krull_seed0/eval_eps/20260208T180330-44487f1ea8c44b5eaf22e05d1a89f711-1974.npz,1445,1465,0.0,0.0019965111277997494,0.9225504994392395,13.104818344116211,0.0,13.866816520690918,nan,nan,nan,nan
atari_krull,/home/haselab/projects/stable-deep-world-model/logs/models/from_scratch_atari_krull_vta_3seed_to_400000_20260208_112207/atari_krull_seed0,/home/haselab/projects/stable-deep-world-model/logs/models/from_scratch_atari_krull_vta_3seed_to_400000_20260208_112207/atari_krull_seed0/checkpoints/step-000012500.pt,/home/haselab/projects/stable-deep-world-model/logs/models/from_scratch_atari_krull_vta_3seed_to_400000_20260208_112207/atari_krull_seed0/eval_eps/20260208T180330-44487f1ea8c44b5eaf22e05d1a89f711-1974.npz,1450,1470,0.0,0.001996512757614255,0.8755881190299988,11.567276000976562,0.0,12.25643253326416,nan,nan,nan,nan
atari_krull,/home/haselab/projects/stable-deep-world-model/logs/models/from_scratch_atari_krull_vta_3seed_to_400000_20260208_112207/atari_krull_seed0,/home/haselab/projects/stable-deep-world-model/logs/models/from_scratch_atari_krull_vta_3seed_to_400000_20260208_112207/atari_krull_seed0/checkpoints/step-000012500.pt,/home/haselab/projects/stable-deep-world-model/logs/models/from_scratch_atari_krull_vta_3seed_to_400000_20260208_112207/atari_krull_seed0/eval_eps/20260208T180330-44487f1ea8c44b5eaf22e05d1a89f711-1974.npz,1455,1475,0.0,0.0019966380205005407,0.8977113962173462,10.06851863861084,0.0,10.740167617797852,nan,nan,nan,nan
atari_krull,/home/haselab/projects/stable-deep-world-model/logs/models/from_scratch_atari_krull_vta_3seed_to_400000_20260208_112207/atari_krull_seed0,/home/haselab/projects/stable-deep-world-model/logs/models/from_scratch_atari_krull_vta_3seed_to_400000_20260208_112207/atari_krull_seed0/checkpoints/step-000012500.pt,/home/haselab/projects/stable-deep-world-model/logs/models/from_scratch_atari_krull_vta_3seed_to_400000_20260208_112207/atari_krull_seed0/eval_eps/20260208T180330-44487f1ea8c44b5eaf22e05d1a89f711-1974.npz,1460,1480,0.0,1.383225765039242e-07,0.7962884902954102,8.145364761352539,0.0,8.877679824829102,nan,nan,nan,nan
atari_krull,/home/haselab/projects/stable-deep-world-model/logs/models/from_scratch_atari_krull_vta_3seed_to_400000_20260208_112207/atari_krull_seed0,/home/haselab/projects/stable-deep-world-model/logs/models/from_scratch_atari_krull_vta_3seed_to_400000_20260208_112207/atari_krull_seed0/checkpoints/step-000012500.pt,/home/haselab/projects/stable-deep-world-model/logs/models/from_scratch_atari_krull_vta_3seed_to_400000_20260208_112207/atari_krull_seed0/eval_eps/20260208T180330-44487f1ea8c44b5eaf22e05d1a89f711-1974.npz,1465,1485,0.0,2.0371798825635778e-07,0.6343196630477905,5.83567476272583,0.0,7.058235168457031,nan,nan,nan,nan
atari_krull,/home/haselab/projects/stable-deep-world-model/logs/models/from_scratch_atari_krull_vta_3seed_to_400000_20260208_112207/atari_krull_seed0,/home/haselab/projects/stable-deep-world-model/logs/models/from_scratch_atari_krull_vta_3seed_to_400000_20260208_112207/atari_krull_seed0/checkpoints/step-000012500.pt,/home/haselab/projects/stable-deep-world-model/logs/models/from_scratch_atari_krull_vta_3seed_to_400000_20260208_112207/atari_krull_seed0/eval_eps/20260208T180330-44487f1ea8c44b5eaf22e05d1a89f711-1974.npz,1470,1490,0.0,2.22454133336214e-07,0.4724295139312744,4.179368019104004,0.0,5.791053771972656,nan,nan,nan,nan
atari_krull,/home/haselab/projects/stable-deep-world-model/logs/models/from_scratch_atari_krull_vta_3seed_to_400000_20260208_112207/atari_krull_seed0,/home/haselab/projects/stable-deep-world-model/logs/models/from_scratch_atari_krull_vta_3seed_to_400000_20260208_112207/atari_krull_seed0/checkpoints/step-000012500.pt,/home/haselab/projects/stable-deep-world-model/logs/models/from_scratch_atari_krull_vta_3seed_to_400000_20260208_112207/atari_krull_seed0/eval_eps/20260208T180330-44487f1ea8c44b5eaf22e05d1a89f711-1974.npz,1475,1495,0.0,1.0248992055039707e-07,0.23297519981861115,2.371396780014038,0.0,4.431313514709473,nan,nan,nan,nan
atari_krull,/home/haselab/projects/stable-deep-world-model/logs/models/from_scratch_atari_krull_vta_3seed_to_400000_20260208_112207/atari_krull_seed0,/home/haselab/projects/stable-deep-world-model/logs/models/from_scratch_atari_krull_vta_3seed_to_400000_20260208_112207/atari_krull_seed0/checkpoints/step-000012500.pt,/home/haselab/projects/stable-deep-world-model/logs/models/from_scratch_atari_krull_vta_3seed_to_400000_20260208_112207/atari_krull_seed0/eval_eps/20260208T180330-44487f1ea8c44b5eaf22e05d1a89f711-1974.npz,1480,1500,0.0,9.81937802180255e-08,0.1415189802646637,1.3898769617080688,0.0,3.7754769325256348,nan,nan,nan,nan
atari_krull,/home/haselab/projects/stable-deep-world-model/logs/models/from_scratch_atari_krull_vta_3seed_to_400000_20260208_112207/atari_krull_seed0,/home/haselab/projects/stable-deep-world-model/logs/models/from_scratch_atari_krull_vta_3seed_to_400000_20260208_112207/atari_krull_seed0/checkpoints/step-000012500.pt,/home/haselab/projects/stable-deep-world-model/logs/models/from_scratch_atari_krull_vta_3seed_to_400000_20260208_112207/atari_krull_seed0/eval_eps/20260208T180330-44487f1ea8c44b5eaf22e05d1a89f711-1974.npz,1485,1505,0.0,4.661225361246579e-08,0.25966161489486694,2.011855363845825,0.0,4.057468414306641,nan,nan,nan,nan
atari_krull,/home/haselab/projects/stable-deep-world-model/logs/models/from_scratch_atari_krull_vta_3seed_to_400000_20260208_112207/atari_krull_seed0,/home/haselab/projects/stable-deep-world-model/logs/models/from_scratch_atari_krull_vta_3seed_to_400000_20260208_112207/atari_krull_seed0/checkpoints/step-000012500.pt,/home/haselab/projects/stable-deep-world-model/logs/models/from_scratch_atari_krull_vta_3seed_to_400000_20260208_112207/atari_krull_seed0/eval_eps/20260208T180330-44487f1ea8c44b5eaf22e05d1a89f711-1974.npz,1490,1510,0.0,4.090421867886107e-08,0.40929141640663147,3.1301441192626953,0.0,4.8745527267456055,nan,nan,nan,nan
atari_krull,/home/haselab/projects/stable-deep-world-model/logs/models/from_scratch_atari_krull_vta_3seed_to_400000_20260208_112207/atari_krull_seed0,/home/haselab/projects/stable-deep-world-model/logs/models/from_scratch_atari_krull_vta_3seed_to_400000_20260208_112207/atari_krull_seed0/checkpoints/step-000012500.pt,/home/haselab/projects/stable-deep-world-model/logs/models/from_scratch_atari_krull_vta_3seed_to_400000_20260208_112207/atari_krull_seed0/eval_eps/20260208T180330-44487f1ea8c44b5eaf22e05d1a89f711-1974.npz,1495,1515,0.0,3.844053964030536e-08,0.6681327819824219,5.16011905670166,0.0,6.493135929107666,nan,nan,nan,nan
atari_krull,/home/haselab/projects/stable-deep-world-model/logs/models/from_scratch_atari_krull_vta_3seed_to_400000_20260208_112207/atari_krull_seed0,/home/haselab/projects/stable-deep-world-model/logs/models/from_scratch_atari_krull_vta_3seed_to_400000_20260208_112207/atari_krull_seed0/checkpoints/step-000012500.pt,/home/haselab/projects/stable-deep-world-model/logs/models/from_scratch_atari_krull_vta_3seed_to_400000_20260208_112207/atari_krull_seed0/eval_eps/20260208T180330-44487f1ea8c44b5eaf22e05d1a89f711-1974.npz,1500,1520,0.0,3.253948221981773e-08,0.8813475370407104,7.57611608505249,0.0,8.523748397827148,nan,nan,nan,nan
atari_krull,/home/haselab/projects/stable-deep-world-model/logs/models/from_scratch_atari_krull_vta_3seed_to_400000_20260208_112207/atari_krull_seed0,/home/haselab/projects/stable-deep-world-model/logs/models/from_scratch_atari_krull_vta_3seed_to_400000_20260208_112207/atari_krull_seed0/checkpoints/step-000012500.pt,/home/haselab/projects/stable-deep-world-model/logs/models/from_scratch_atari_krull_vta_3seed_to_400000_20260208_112207/atari_krull_seed0/eval_eps/20260208T180330-44487f1ea8c44b5eaf22e05d1a89f711-1974.npz,1505,1525,0.0,1.7621399450717945e-08,0.9496873617172241,9.697916030883789,0.0,10.35071086883545,nan,nan,nan,nan
atari_krull,/home/haselab/projects/stable-deep-world-model/logs/models/from_scratch_atari_krull_vta_3seed_to_400000_20260208_112207/atari_krull_seed0,/home/haselab/projects/stable-deep-world-model/logs/models/from_scratch_atari_krull_vta_3seed_to_400000_20260208_112207/atari_krull_seed0/checkpoints/step-000012500.pt,/home/haselab/projects/stable-deep-world-model/logs/models/from_scratch_atari_krull_vta_3seed_to_400000_20260208_112207/atari_krull_seed0/eval_eps/20260208T180330-44487f1ea8c44b5eaf22e05d1a89f711-1974.npz,1510,1530,0.0,3.435271178631183e-09,1.0821603536605835,11.718931198120117,0.0,12.261717796325684,nan,nan,nan,nan
atari_krull,/home/haselab/projects/stable-deep-world-model/logs/models/from_scratch_atari_krull_vta_3seed_to_400000_20260208_112207/atari_krull_seed0,/home/haselab/projects/stable-deep-world-model/logs/models/from_scratch_atari_krull_vta_3seed_to_400000_20260208_112207/atari_krull_seed0/checkpoints/step-000012500.pt,/home/haselab/projects/stable-deep-world-model/logs/models/from_scratch_atari_krull_vta_3seed_to_400000_20260208_112207/atari_krull_seed0/eval_eps/20260208T180330-44487f1ea8c44b5eaf22e05d1a89f711-1974.npz,1515,1535,0.0,3.6308672735074765e-10,1.0769702196121216,13.395111083984375,0.0,13.965275764465332,nan,nan,nan,nan
atari_krull,/home/haselab/projects/stable-deep-world-model/logs/models/from_scratch_atari_krull_vta_3seed_to_400000_20260208_112207/atari_krull_seed0,/home/haselab/projects/stable-deep-world-model/logs/models/from_scratch_atari_krull_vta_3seed_to_400000_20260208_112207/atari_krull_seed0/checkpoints/step-000012500.pt,/home/haselab/projects/stable-deep-world-model/logs/models/from_scratch_atari_krull_vta_3seed_to_400000_20260208_112207/atari_krull_seed0/eval_eps/20260208T180330-44487f1ea8c44b5eaf22e05d1a89f711-1974.npz,1520,1540,0.0,3.736067566428858e-10,1.0445924997329712,14.678921699523926,0.0,15.06340503692627,nan,nan,nan,nan
atari_krull,/home/haselab/projects/stable-deep-world-model/logs/models/from_scratch_atari_krull_vta_3seed_to_400000_20260208_112207/atari_krull_seed0,/home/haselab/projects/stable-deep-world-model/logs/models/from_scratch_atari_krull_vta_3seed_to_400000_20260208_112207/atari_krull_seed0/checkpoints/step-000012500.pt,/home/haselab/projects/stable-deep-world-model/logs/models/from_scratch_atari_krull_vta_3seed_to_400000_20260208_112207/atari_krull_seed0/eval_eps/20260208T180330-44487f1ea8c44b5eaf22e05d1a89f711-1974.npz,1525,1545,0.0,4.245503504307635e-09,1.0898001194000244,15.212907791137695,0.0,15.849141120910645,nan,nan,nan,nan
atari_krull,/home/haselab/projects/stable-deep-world-model/logs/models/from_scratch_atari_krull_vta_3seed_to_400000_20260208_112207/atari_krull_seed0,/home/haselab/projects/stable-deep-world-model/logs/models/from_scratch_atari_krull_vta_3seed_to_400000_20260208_112207/atari_krull_seed0/checkpoints/step-000012500.pt,/home/haselab/projects/stable-deep-world-model/logs/models/from_scratch_atari_krull_vta_3seed_to_400000_20260208_112207/atari_krull_seed0/eval_eps/20260208T180330-44487f1ea8c44b5eaf22e05d1a89f711-1974.npz,1530,1550,0.0,2.8946320895784083e-08,1.0694553852081299,15.823224067687988,0.0,16.601367950439453,nan,nan,nan,nan
atari_krull,/home/haselab/projects/stable-deep-world-model/logs/models/from_scratch_atari_krull_vta_3seed_to_400000_20260208_112207/atari_krull_seed0,/home/haselab/projects/stable-deep-world-model/logs/models/from_scratch_atari_krull_vta_3seed_to_400000_20260208_112207/atari_krull_seed0/checkpoints/step-000012500.pt,/home/haselab/projects/stable-deep-world-model/logs/models/from_scratch_atari_krull_vta_3seed_to_400000_20260208_112207/atari_krull_seed0/eval_eps/20260208T180330-44487f1ea8c44b5eaf22e05d1a89f711-1974.npz,1535,1555,0.0,5.4033620244808844e-08,1.086643934249878,15.615644454956055,0.0,16.390792846679688,nan,nan,nan,nan
atari_krull,/home/haselab/projects/stable-deep-world-model/logs/models/from_scratch_atari_krull_vta_3seed_to_400000_20260208_112207/atari_krull_seed0,/home/haselab/projects/stable-deep-world-model/logs/models/from_scratch_atari_krull_vta_3seed_to_400000_20260208_112207/atari_krull_seed0/checkpoints/step-000012500.pt,/home/haselab/projects/stable-deep-world-model/logs/models/from_scratch_atari_krull_vta_3seed_to_400000_20260208_112207/atari_krull_seed0/eval_eps/20260208T180330-44487f1ea8c44b5eaf22e05d1a89f711-1974.npz,1540,1560,0.0,6.429907983829253e-08,1.1208341121673584,15.799944877624512,0.0,16.573169708251953,nan,nan,nan,nan
atari_krull,/home/haselab/projects/stable-deep-world-model/logs/models/from_scratch_atari_krull_vta_3seed_to_400000_20260208_112207/atari_krull_seed0,/home/haselab/projects/stable-deep-world-model/logs/models/from_scratch_atari_krull_vta_3seed_to_400000_20260208_112207/atari_krull_seed0/checkpoints/step-000012500.pt,/home/haselab/projects/stable-deep-world-model/logs/models/from_scratch_atari_krull_vta_3seed_to_400000_20260208_112207/atari_krull_seed0/eval_eps/20260208T180330-44487f1ea8c44b5eaf22e05d1a89f711-1974.npz,1545,1565,0.0,6.43494431074032e-08,1.10176420211792,15.680801391601562,0.0,16.339832305908203,nan,nan,nan,nan
atari_krull,/home/haselab/projects/stable-deep-world-model/logs/models/from_scratch_atari_krull_vta_3seed_to_400000_20260208_112207/atari_krull_seed0,/home/haselab/projects/stable-deep-world-model/logs/models/from_scratch_atari_krull_vta_3seed_to_400000_20260208_112207/atari_krull_seed0/checkpoints/step-000012500.pt,/home/haselab/projects/stable-deep-world-model/logs/models/from_scratch_atari_krull_vta_3seed_to_400000_20260208_112207/atari_krull_seed0/eval_eps/20260208T180330-44487f1ea8c44b5eaf22e05d1a89f711-1974.npz,1550,1570,0.0,4.351098681354415e-08,1.1069039106369019,15.673978805541992,0.0,16.245807647705078,nan,nan,nan,nan
atari_krull,/home/haselab/projects/stable-deep-world-model/logs/models/from_scratch_atari_krull_vta_3seed_to_400000_20260208_112207/atari_krull_seed0,/home/haselab/projects/stable-deep-world-model/logs/models/from_scratch_atari_krull_vta_3seed_to_400000_20260208_112207/atari_krull_seed0/checkpoints/step-000012500.pt,/home/haselab/projects/stable-deep-world-model/logs/models/from_scratch_atari_krull_vta_3seed_to_400000_20260208_112207/atari_krull_seed0/eval_eps/20260208T180330-44487f1ea8c44b5eaf22e05d1a89f711-1974.npz,1555,1575,0.0,1.870840904416582e-08,1.0626270771026611,15.5047607421875,0.0,15.909185409545898,nan,nan,nan,nan
atari_krull,/home/haselab/projects/stable-deep-world-model/logs/models/from_scratch_atari_krull_vta_3seed_to_400000_20260208_112207/atari_krull_seed0,/home/haselab/projects/stable-deep-world-model/logs/models/from_scratch_atari_krull_vta_3seed_to_400000_20260208_112207/atari_krull_seed0/checkpoints/step-000012500.pt,/home/haselab/projects/stable-deep-world-model/logs/models/from_scratch_atari_krull_vta_3seed_to_400000_20260208_112207/atari_krull_seed0/eval_eps/20260208T180330-44487f1ea8c44b5eaf22e05d1a89f711-1974.npz,1560,1580,0.0,1.1008093991904389e-08,1.0671741962432861,15.113421440124512,0.0,15.393023490905762,nan,nan,nan,nan
atari_krull,/home/haselab/projects/stable-deep-world-model/logs/models/from_scratch_atari_krull_vta_3seed_to_400000_20260208_112207/atari_krull_seed0,/home/haselab/projects/stable-deep-world-model/logs/models/from_scratch_atari_krull_vta_3seed_to_400000_20260208_112207/atari_krull_seed0/checkpoints/step-000012500.pt,/home/haselab/projects/stable-deep-world-model/logs/models/from_scratch_atari_krull_vta_3seed_to_400000_20260208_112207/atari_krull_seed0/eval_eps/20260208T180330-44487f1ea8c44b5eaf22e05d1a89f711-1974.npz,1565,1585,0.0,7.116456313127628e-09,1.0598649978637695,14.844114303588867,0.0,15.012372016906738,nan,nan,nan,nan
atari_krull,/home/haselab/projects/stable-deep-world-model/logs/models/from_scratch_atari_krull_vta_3seed_to_400000_20260208_112207/atari_krull_seed0,/home/haselab/projects/stable-deep-world-model/logs/models/from_scratch_atari_krull_vta_3seed_to_400000_20260208_112207/atari_krull_seed0/checkpoints/step-000012500.pt,/home/haselab/projects/stable-deep-world-model/logs/models/from_scratch_atari_krull_vta_3seed_to_400000_20260208_112207/atari_krull_seed0/eval_eps/20260208T180330-44487f1ea8c44b5eaf22e05d1a89f711-1974.npz,1570,1590,0.0,3.39297012708073e-09,1.0111067295074463,14.043716430664062,0.0,14.140559196472168,nan,nan,nan,nan
atari_krull,/home/haselab/projects/stable-deep-world-model/logs/models/from_scratch_atari_krull_vta_3seed_to_400000_20260208_112207/atari_krull_seed0,/home/haselab/projects/stable-deep-world-model/logs/models/from_scratch_atari_krull_vta_3seed_to_400000_20260208_112207/atari_krull_seed0/checkpoints/step-000012500.pt,/home/haselab/projects/stable-deep-world-model/logs/models/from_scratch_atari_krull_vta_3seed_to_400000_20260208_112207/atari_krull_seed0/eval_eps/20260208T180330-44487f1ea8c44b5eaf22e05d1a89f711-1974.npz,1575,1595,0.0,5.749010156819168e-09,0.9850894212722778,13.36341381072998,0.0,13.51860237121582,nan,nan,nan,nan
atari_krull,/home/haselab/projects/stable-deep-world-model/logs/models/from_scratch_atari_krull_vta_3seed_to_400000_20260208_112207/atari_krull_seed0,/home/haselab/projects/stable-deep-world-model/logs/models/from_scratch_atari_krull_vta_3seed_to_400000_20260208_112207/atari_krull_seed0/checkpoints/step-000012500.pt,/home/haselab/projects/stable-deep-world-model/logs/models/from_scratch_atari_krull_vta_3seed_to_400000_20260208_112207/atari_krull_seed0/eval_eps/20260208T180330-44487f1ea8c44b5eaf22e05d1a89f711-1974.npz,1580,1600,0.0,3.204248200106008e-09,0.9295825958251953,11.866328239440918,0.0,12.297468185424805,nan,nan,nan,nan
atari_krull,/home/haselab/projects/stable-deep-world-model/logs/models/from_scratch_atari_krull_vta_3seed_to_400000_20260208_112207/atari_krull_seed0,/home/haselab/projects/stable-deep-world-model/logs/models/from_scratch_atari_krull_vta_3seed_to_400000_20260208_112207/atari_krull_seed0/checkpoints/step-000012500.pt,/home/haselab/projects/stable-deep-world-model/logs/models/from_scratch_atari_krull_vta_3seed_to_400000_20260208_112207/atari_krull_seed0/eval_eps/20260208T180330-44487f1ea8c44b5eaf22e05d1a89f711-1974.npz,1585,1605,0.0,3.2464473331828003e-09,0.8556868433952332,10.157646179199219,0.0,10.811407089233398,nan,nan,nan,nan
atari_krull,/home/haselab/projects/stable-deep-world-model/logs/models/from_scratch_atari_krull_vta_3seed_to_400000_20260208_112207/atari_krull_seed0,/home/haselab/projects/stable-deep-world-model/logs/models/from_scratch_atari_krull_vta_3seed_to_400000_20260208_112207/atari_krull_seed0/checkpoints/step-000012500.pt,/home/haselab/projects/stable-deep-world-model/logs/models/from_scratch_atari_krull_vta_3seed_to_400000_20260208_112207/atari_krull_seed0/eval_eps/20260208T180330-44487f1ea8c44b5eaf22e05d1a89f711-1974.npz,1590,1610,0.0,2.8198210433316717e-09,0.7218471169471741,7.665345668792725,0.0,8.800100326538086,nan,nan,nan,nan
atari_krull,/home/haselab/projects/stable-deep-world-model/logs/models/from_scratch_atari_krull_vta_3seed_to_400000_20260208_112207/atari_krull_seed0,/home/haselab/projects/stable-deep-world-model/logs/models/from_scratch_atari_krull_vta_3seed_to_400000_20260208_112207/atari_krull_seed0/checkpoints/step-000012500.pt,/home/haselab/projects/stable-deep-world-model/logs/models/from_scratch_atari_krull_vta_3seed_to_400000_20260208_112207/atari_krull_seed0/eval_eps/20260208T180330-44487f1ea8c44b5eaf22e05d1a89f711-1974.npz,1595,1615,0.05,0.04999357834458351,1.251654863357544,7.321293830871582,0.4109739363193512,8.406946182250977,7.773298263549805,11.674908638000488,8.219478607177734,12.331546783447266
atari_krull,/home/haselab/projects/stable-deep-world-model/logs/models/from_scratch_atari_krull_vta_3seed_to_400000_20260208_112207/atari_krull_seed0,/home/haselab/projects/stable-deep-world-model/logs/models/from_scratch_atari_krull_vta_3seed_to_400000_20260208_112207/atari_krull_seed0/checkpoints/step-000012500.pt,/home/haselab/projects/stable-deep-world-model/logs/models/from_scratch_atari_krull_vta_3seed_to_400000_20260208_112207/atari_krull_seed0/eval_eps/20260208T180330-44487f1ea8c44b5eaf22e05d1a89f711-1974.npz,1600,1620,0.05,0.04999368265271187,1.4242991209030151,6.994130611419678,0.4109739363193512,7.888646125793457,7.773298263549805,11.674908638000488,8.219478607177734,12.331546783447266
atari_krull,/home/haselab/projects/stable-deep-world-model/logs/models/from_scratch_atari_krull_vta_3seed_to_400000_20260208_112207/atari_krull_seed0,/home/haselab/projects/stable-deep-world-model/logs/models/from_scratch_atari_krull_vta_3seed_to_400000_20260208_112207/atari_krull_seed0/checkpoints/step-000012500.pt,/home/haselab/projects/stable-deep-world-model/logs/models/from_scratch_atari_krull_vta_3seed_to_400000_20260208_112207/atari_krull_seed0/eval_eps/20260208T180330-44487f1ea8c44b5eaf22e05d1a89f711-1974.npz,1605,1625,0.05,0.05003044009208679,1.6357390880584717,7.191003322601318,0.4109739363193512,7.8157525062561035,7.773298263549805,11.674908638000488,8.219478607177734,12.331546783447266
atari_krull,/home/haselab/projects/stable-deep-world-model/logs/models/from_scratch_atari_krull_vta_3seed_to_400000_20260208_112207/atari_krull_seed0,/home/haselab/projects/stable-deep-world-model/logs/models/from_scratch_atari_krull_vta_3seed_to_400000_20260208_112207/atari_krull_seed0/checkpoints/step-000012500.pt,/home/haselab/projects/stable-deep-world-model/logs/models/from_scratch_atari_krull_vta_3seed_to_400000_20260208_112207/atari_krull_seed0/eval_eps/20260208T180330-44487f1ea8c44b5eaf22e05d1a89f711-1974.npz,1610,1630,0.05,0.05023522302508354,1.8693691492080688,8.23554801940918,0.4109739363193512,8.340322494506836,7.773298263549805,11.674908638000488,8.219478607177734,12.331546783447266
atari_krull,/home/haselab/projects/stable-deep-world-model/logs/models/from_scratch_atari_krull_vta_3seed_to_400000_20260208_112207/atari_krull_seed0,/home/haselab/projects/stable-deep-world-model/logs/models/from_scratch_atari_krull_vta_3seed_to_400000_20260208_112207/atari_krull_seed0/checkpoints/step-000012500.pt,/home/haselab/projects/stable-deep-world-model/logs/models/from_scratch_atari_krull_vta_3seed_to_400000_20260208_112207/atari_krull_seed0/eval_eps/20260208T180330-44487f1ea8c44b5eaf22e05d1a89f711-1974.npz,1615,1635,0.0,0.00024381442926824093,1.465113639831543,7.7052741050720215,0.0,7.778542995452881,nan,nan,nan,nan
atari_krull,/home/haselab/projects/stable-deep-world-model/logs/models/from_scratch_atari_krull_vta_3seed_to_400000_20260208_112207/atari_krull_seed0,/home/haselab/projects/stable-deep-world-model/logs/models/from_scratch_atari_krull_vta_3seed_to_400000_20260208_112207/atari_krull_seed0/checkpoints/step-000012500.pt,/home/haselab/projects/stable-deep-world-model/logs/models/from_scratch_atari_krull_vta_3seed_to_400000_20260208_112207/atari_krull_seed0/eval_eps/20260208T180330-44487f1ea8c44b5eaf22e05d1a89f711-1974.npz,1620,1640,0.0,0.00024462008150294423,1.5074355602264404,7.888962745666504,0.0,8.055920600891113,nan,nan,nan,nan
atari_krull,/home/haselab/projects/stable-deep-world-model/logs/models/from_scratch_atari_krull_vta_3seed_to_400000_20260208_112207/atari_krull_seed0,/home/haselab/projects/stable-deep-world-model/logs/models/from_scratch_atari_krull_vta_3seed_to_400000_20260208_112207/atari_krull_seed0/checkpoints/step-000012500.pt,/home/haselab/projects/stable-deep-world-model/logs/models/from_scratch_atari_krull_vta_3seed_to_400000_20260208_112207/atari_krull_seed0/eval_eps/20260208T180330-44487f1ea8c44b5eaf22e05d1a89f711-1974.npz,1625,1645,0.0,0.0002087189059238881,1.533362627029419,7.952460289001465,0.0,8.263189315795898,nan,nan,nan,nan
atari_krull,/home/haselab/projects/stable-deep-world-model/logs/models/from_scratch_atari_krull_vta_3seed_to_400000_20260208_112207/atari_krull_seed0,/home/haselab/projects/stable-deep-world-model/logs/models/from_scratch_atari_krull_vta_3seed_to_400000_20260208_112207/atari_krull_seed0/checkpoints/step-000012500.pt,/home/haselab/projects/stable-deep-world-model/logs/models/from_scratch_atari_krull_vta_3seed_to_400000_20260208_112207/atari_krull_seed0/eval_eps/20260208T180330-44487f1ea8c44b5eaf22e05d1a89f711-1974.npz,1630,1650,0.0,1.963980139407795e-05,1.5593903064727783,7.930216312408447,0.0,8.219279289245605,nan,nan,nan,nan
atari_krull,/home/haselab/projects/stable-deep-world-model/logs/models/from_scratch_atari_krull_vta_3seed_to_400000_20260208_112207/atari_krull_seed0,/home/haselab/projects/stable-deep-world-model/logs/models/from_scratch_atari_krull_vta_3seed_to_400000_20260208_112207/atari_krull_seed0/checkpoints/step-000012500.pt,/home/haselab/projects/stable-deep-world-model/logs/models/from_scratch_atari_krull_vta_3seed_to_400000_20260208_112207/atari_krull_seed0/eval_eps/20260208T180330-44487f1ea8c44b5eaf22e05d1a89f711-1974.npz,1635,1655,0.0,0.00030966015765443444,1.5506376028060913,7.903590202331543,0.0,8.217826843261719,nan,nan,nan,nan
atari_krull,/home/haselab/projects/stable-deep-world-model/logs/models/from_scratch_atari_krull_vta_3seed_to_400000_20260208_112207/atari_krull_seed0,/home/haselab/projects/stable-deep-world-model/logs/models/from_scratch_atari_krull_vta_3seed_to_400000_20260208_112207/atari_krull_seed0/checkpoints/step-000012500.pt,/home/haselab/projects/stable-deep-world-model/logs/models/from_scratch_atari_krull_vta_3seed_to_400000_20260208_112207/atari_krull_seed0/eval_eps/20260208T180330-44487f1ea8c44b5eaf22e05d1a89f711-1974.npz,1640,1660,0.0,0.0003098242450505495,1.4800972938537598,7.693115234375,0.0,8.070730209350586,nan,nan,nan,nan
atari_krull,/home/haselab/projects/stable-deep-world-model/logs/models/from_scratch_atari_krull_vta_3seed_to_400000_20260208_112207/atari_krull_seed0,/home/haselab/projects/stable-deep-world-model/logs/models/from_scratch_atari_krull_vta_3seed_to_400000_20260208_112207/atari_krull_seed0/checkpoints/step-000012500.pt,/home/haselab/projects/stable-deep-world-model/logs/models/from_scratch_atari_krull_vta_3seed_to_400000_20260208_112207/atari_krull_seed0/eval_eps/20260208T180330-44487f1ea8c44b5eaf22e05d1a89f711-1974.npz,1645,1665,0.0,0.000309096765704453,1.4992239475250244,7.980257511138916,0.0,8.311403274536133,nan,nan,nan,nan
atari_krull,/home/haselab/projects/stable-deep-world-model/logs/models/from_scratch_atari_krull_vta_3seed_to_400000_20260208_112207/atari_krull_seed0,/home/haselab/projects/stable-deep-world-model/logs/models/from_scratch_atari_krull_vta_3seed_to_400000_20260208_112207/atari_krull_seed0/checkpoints/step-000012500.pt,/home/haselab/projects/stable-deep-world-model/logs/models/from_scratch_atari_krull_vta_3seed_to_400000_20260208_112207/atari_krull_seed0/eval_eps/20260208T180330-44487f1ea8c44b5eaf22e05d1a89f711-1974.npz,1650,1670,0.0,0.00029584523872472346,1.4904720783233643,8.076345443725586,0.0,8.429544448852539,nan,nan,nan,nan
atari_krull,/home/haselab/projects/stable-deep-world-model/logs/models/from_scratch_atari_krull_vta_3seed_to_400000_20260208_112207/atari_krull_seed0,/home/haselab/projects/stable-deep-world-model/logs/models/from_scratch_atari_krull_vta_3seed_to_400000_20260208_112207/atari_krull_seed0/checkpoints/step-000012500.pt,/home/haselab/projects/stable-deep-world-model/logs/models/from_scratch_atari_krull_vta_3seed_to_400000_20260208_112207/atari_krull_seed0/eval_eps/20260208T180330-44487f1ea8c44b5eaf22e05d1a89f711-1974.npz,1655,1675,0.0,6.926989499334013e-06,1.544127106666565,7.974709987640381,0.0,8.43614387512207,nan,nan,nan,nan
atari_krull,/home/haselab/projects/stable-deep-world-model/logs/models/from_scratch_atari_krull_vta_3seed_to_400000_20260208_112207/atari_krull_seed0,/home/haselab/projects/stable-deep-world-model/logs/models/from_scratch_atari_krull_vta_3seed_to_400000_20260208_112207/atari_krull_seed0/checkpoints/step-000012500.pt,/home/haselab/projects/stable-deep-world-model/logs/models/from_scratch_atari_krull_vta_3seed_to_400000_20260208_112207/atari_krull_seed0/eval_eps/20260208T180330-44487f1ea8c44b5eaf22e05d1a89f711-1974.npz,1660,1680,0.0,2.0496914657996967e-05,1.5093472003936768,7.997182369232178,0.0,8.423147201538086,nan,nan,nan,nan
atari_krull,/home/haselab/projects/stable-deep-world-model/logs/models/from_scratch_atari_krull_vta_3seed_to_400000_20260208_112207/atari_krull_seed0,/home/haselab/projects/stable-deep-world-model/logs/models/from_scratch_atari_krull_vta_3seed_to_400000_20260208_112207/atari_krull_seed0/checkpoints/step-000012500.pt,/home/haselab/projects/stable-deep-world-model/logs/models/from_scratch_atari_krull_vta_3seed_to_400000_20260208_112207/atari_krull_seed0/eval_eps/20260208T180330-44487f1ea8c44b5eaf22e05d1a89f711-1974.npz,1665,1685,0.0,2.0556959498208016e-05,1.4342598915100098,7.89501428604126,0.0,8.311336517333984,nan,nan,nan,nan
atari_krull,/home/haselab/projects/stable-deep-world-model/logs/models/from_scratch_atari_krull_vta_3seed_to_400000_20260208_112207/atari_krull_seed0,/home/haselab/projects/stable-deep-world-model/logs/models/from_scratch_atari_krull_vta_3seed_to_400000_20260208_112207/atari_krull_seed0/checkpoints/step-000012500.pt,/home/haselab/projects/stable-deep-world-model/logs/models/from_scratch_atari_krull_vta_3seed_to_400000_20260208_112207/atari_krull_seed0/eval_eps/20260208T180330-44487f1ea8c44b5eaf22e05d1a89f711-1974.npz,1670,1690,0.0,1.8096745407092385e-05,1.5193448066711426,7.960955619812012,0.0,8.401841163635254,nan,nan,nan,nan
atari_krull,/home/haselab/projects/stable-deep-world-model/logs/models/from_scratch_atari_krull_vta_3seed_to_400000_20260208_112207/atari_krull_seed0,/home/haselab/projects/stable-deep-world-model/logs/models/from_scratch_atari_krull_vta_3seed_to_400000_20260208_112207/atari_krull_seed0/checkpoints/step-000012500.pt,/home/haselab/projects/stable-deep-world-model/logs/models/from_scratch_atari_krull_vta_3seed_to_400000_20260208_112207/atari_krull_seed0/eval_eps/20260208T180330-44487f1ea8c44b5eaf22e05d1a89f711-1974.npz,1675,1695,0.0,1.7216889318660833e-05,1.5066598653793335,7.98450231552124,0.0,8.344412803649902,nan,nan,nan,nan
atari_krull,/home/haselab/projects/stable-deep-world-model/logs/models/from_scratch_atari_krull_vta_3seed_to_400000_20260208_112207/atari_krull_seed0,/home/haselab/projects/stable-deep-world-model/logs/models/from_scratch_atari_krull_vta_3seed_to_400000_20260208_112207/atari_krull_seed0/checkpoints/step-000012500.pt,/home/haselab/projects/stable-deep-world-model/logs/models/from_scratch_atari_krull_vta_3seed_to_400000_20260208_112207/atari_krull_seed0/eval_eps/20260208T180330-44487f1ea8c44b5eaf22e05d1a89f711-1974.npz,1680,1700,0.0,1.7480348105891608e-05,1.532558798789978,7.888007164001465,0.0,8.298450469970703,nan,nan,nan,nan
atari_krull,/home/haselab/projects/stable-deep-world-model/logs/models/from_scratch_atari_krull_vta_3seed_to_400000_20260208_112207/atari_krull_seed0,/home/haselab/projects/stable-deep-world-model/logs/models/from_scratch_atari_krull_vta_3seed_to_400000_20260208_112207/atari_krull_seed0/checkpoints/step-000012500.pt,/home/haselab/projects/stable-deep-world-model/logs/models/from_scratch_atari_krull_vta_3seed_to_400000_20260208_112207/atari_krull_seed0/eval_eps/20260208T180330-44487f1ea8c44b5eaf22e05d1a89f711-1974.npz,1685,1705,0.0,2.0353989384602755e-05,1.48687744140625,7.7457451820373535,0.0,8.148664474487305,nan,nan,nan,nan
atari_krull,/home/haselab/projects/stable-deep-world-model/logs/models/from_scratch_atari_krull_vta_3seed_to_400000_20260208_112207/atari_krull_seed0,/home/haselab/projects/stable-deep-world-model/logs/models/from_scratch_atari_krull_vta_3seed_to_400000_20260208_112207/atari_krull_seed0/checkpoints/step-000012500.pt,/home/haselab/projects/stable-deep-world-model/logs/models/from_scratch_atari_krull_vta_3seed_to_400000_20260208_112207/atari_krull_seed0/eval_eps/20260208T180330-44487f1ea8c44b5eaf22e05d1a89f711-1974.npz,1690,1710,0.0,2.0773921278305352e-05,1.443359613418579,7.786700248718262,0.0,8.104477882385254,nan,nan,nan,nan
atari_krull,/home/haselab/projects/stable-deep-world-model/logs/models/from_scratch_atari_krull_vta_3seed_to_400000_20260208_112207/atari_krull_seed0,/home/haselab/projects/stable-deep-world-model/logs/models/from_scratch_atari_krull_vta_3seed_to_400000_20260208_112207/atari_krull_seed0/checkpoints/step-000012500.pt,/home/haselab/projects/stable-deep-world-model/logs/models/from_scratch_atari_krull_vta_3seed_to_400000_20260208_112207/atari_krull_seed0/eval_eps/20260208T180330-44487f1ea8c44b5eaf22e05d1a89f711-1974.npz,1695,1715,0.0,1.8390843251836486e-05,1.498805284500122,7.8950347900390625,0.0,8.232959747314453,nan,nan,nan,nan
atari_krull,/home/haselab/projects/stable-deep-world-model/logs/models/from_scratch_atari_krull_vta_3seed_to_400000_20260208_112207/atari_krull_seed0,/home/haselab/projects/stable-deep-world-model/logs/models/from_scratch_atari_krull_vta_3seed_to_400000_20260208_112207/atari_krull_seed0/checkpoints/step-000012500.pt,/home/haselab/projects/stable-deep-world-model/logs/models/from_scratch_atari_krull_vta_3seed_to_400000_20260208_112207/atari_krull_seed0/eval_eps/20260208T180330-44487f1ea8c44b5eaf22e05d1a89f711-1974.npz,1700,1720,0.0,2.6930938474833965e-05,1.4937695264816284,7.9700026512146,0.0,8.165143013000488,nan,nan,nan,nan
atari_krull,/home/haselab/projects/stable-deep-world-model/logs/models/from_scratch_atari_krull_vta_3seed_to_400000_20260208_112207/atari_krull_seed0,/home/haselab/projects/stable-deep-world-model/logs/models/from_scratch_atari_krull_vta_3seed_to_400000_20260208_112207/atari_krull_seed0/checkpoints/step-000012500.pt,/home/haselab/projects/stable-deep-world-model/logs/models/from_scratch_atari_krull_vta_3seed_to_400000_20260208_112207/atari_krull_seed0/eval_eps/20260208T180330-44487f1ea8c44b5eaf22e05d1a89f711-1974.npz,1705,1725,0.0,0.00011202476161997765,1.5495084524154663,7.922486305236816,0.0,8.139226913452148,nan,nan,nan,nan
atari_krull,/home/haselab/projects/stable-deep-world-model/logs/models/from_scratch_atari_krull_vta_3seed_to_400000_20260208_112207/atari_krull_seed0,/home/haselab/projects/stable-deep-world-model/logs/models/from_scratch_atari_krull_vta_3seed_to_400000_20260208_112207/atari_krull_seed0/checkpoints/step-000012500.pt,/home/haselab/projects/stable-deep-world-model/logs/models/from_scratch_atari_krull_vta_3seed_to_400000_20260208_112207/atari_krull_seed0/eval_eps/20260208T180330-44487f1ea8c44b5eaf22e05d1a89f711-1974.npz,1710,1730,0.0,0.00011302654456812888,1.4976245164871216,7.715240478515625,0.0,7.9654998779296875,nan,nan,nan,nan
atari_krull,/home/haselab/projects/stable-deep-world-model/logs/models/from_scratch_atari_krull_vta_3seed_to_400000_20260208_112207/atari_krull_seed0,/home/haselab/projects/stable-deep-world-model/logs/models/from_scratch_atari_krull_vta_3seed_to_400000_20260208_112207/atari_krull_seed0/checkpoints/step-000012500.pt,/home/haselab/projects/stable-deep-world-model/logs/models/from_scratch_atari_krull_vta_3seed_to_400000_20260208_112207/atari_krull_seed0/eval_eps/20260208T180330-44487f1ea8c44b5eaf22e05d1a89f711-1974.npz,1715,1735,0.0,0.00011381694639567286,1.477662444114685,7.930088043212891,0.0,8.207220077514648,nan,nan,nan,nan
atari_krull,/home/haselab/projects/stable-deep-world-model/logs/models/from_scratch_atari_krull_vta_3seed_to_400000_20260208_112207/atari_krull_seed0,/home/haselab/projects/stable-deep-world-model/logs/models/from_scratch_atari_krull_vta_3seed_to_400000_20260208_112207/atari_krull_seed0/checkpoints/step-000012500.pt,/home/haselab/projects/stable-deep-world-model/logs/models/from_scratch_atari_krull_vta_3seed_to_400000_20260208_112207/atari_krull_seed0/eval_eps/20260208T180330-44487f1ea8c44b5eaf22e05d1a89f711-1974.npz,1720,1740,0.0,9.267749555874616e-05,1.5227982997894287,7.959394931793213,0.0,8.319700241088867,nan,nan,nan,nan
atari_krull,/home/haselab/projects/stable-deep-world-model/logs/models/from_scratch_atari_krull_vta_3seed_to_400000_20260208_112207/atari_krull_seed0,/home/haselab/projects/stable-deep-world-model/logs/models/from_scratch_atari_krull_vta_3seed_to_400000_20260208_112207/atari_krull_seed0/checkpoints/step-000012500.pt,/home/haselab/projects/stable-deep-world-model/logs/models/from_scratch_atari_krull_vta_3seed_to_400000_20260208_112207/atari_krull_seed0/eval_eps/20260208T180330-44487f1ea8c44b5eaf22e05d1a89f711-1974.npz,1725,1745,0.0,1.2685784895438701e-05,1.5177032947540283,7.840096950531006,0.0,8.17724323272705,nan,nan,nan,nan
atari_krull,/home/haselab/projects/stable-deep-world-model/logs/models/from_scratch_atari_krull_vta_3seed_to_400000_20260208_112207/atari_krull_seed0,/home/haselab/projects/stable-deep-world-model/logs/models/from_scratch_atari_krull_vta_3seed_to_400000_20260208_112207/atari_krull_seed0/checkpoints/step-000012500.pt,/home/haselab/projects/stable-deep-world-model/logs/models/from_scratch_atari_krull_vta_3seed_to_400000_20260208_112207/atari_krull_seed0/eval_eps/20260208T180330-44487f1ea8c44b5eaf22e05d1a89f711-1974.npz,1730,1750,0.0,9.112984116654843e-05,1.5086933374404907,7.806429862976074,0.0,8.170012474060059,nan,nan,nan,nan
atari_krull,/home/haselab/projects/stable-deep-world-model/logs/models/from_scratch_atari_krull_vta_3seed_to_400000_20260208_112207/atari_krull_seed0,/home/haselab/projects/stable-deep-world-model/logs/models/from_scratch_atari_krull_vta_3seed_to_400000_20260208_112207/atari_krull_seed0/checkpoints/step-000012500.pt,/home/haselab/projects/stable-deep-world-model/logs/models/from_scratch_atari_krull_vta_3seed_to_400000_20260208_112207/atari_krull_seed0/eval_eps/20260208T180330-44487f1ea8c44b5eaf22e05d1a89f711-1974.npz,1735,1755,0.0,9.383909491589293e-05,1.4398419857025146,7.560185432434082,0.0,7.782181739807129,nan,nan,nan,nan
atari_krull,/home/haselab/projects/stable-deep-world-model/logs/models/from_scratch_atari_krull_vta_3seed_to_400000_20260208_112207/atari_krull_seed0,/home/haselab/projects/stable-deep-world-model/logs/models/from_scratch_atari_krull_vta_3seed_to_400000_20260208_112207/atari_krull_seed0/checkpoints/step-000012500.pt,/home/haselab/projects/stable-deep-world-model/logs/models/from_scratch_atari_krull_vta_3seed_to_400000_20260208_112207/atari_krull_seed0/eval_eps/20260208T180330-44487f1ea8c44b5eaf22e05d1a89f711-1974.npz,1740,1760,0.0,9.234235767507926e-05,1.4596465826034546,7.666487216949463,0.0,7.847927093505859,nan,nan,nan,nan
atari_krull,/home/haselab/projects/stable-deep-world-model/logs/models/from_scratch_atari_krull_vta_3seed_to_400000_20260208_112207/atari_krull_seed0,/home/haselab/projects/stable-deep-world-model/logs/models/from_scratch_atari_krull_vta_3seed_to_400000_20260208_112207/atari_krull_seed0/checkpoints/step-000012500.pt,/home/haselab/projects/stable-deep-world-model/logs/models/from_scratch_atari_krull_vta_3seed_to_400000_20260208_112207/atari_krull_seed0/eval_eps/20260208T180330-44487f1ea8c44b5eaf22e05d1a89f711-1974.npz,1745,1765,0.0,8.511693886248395e-05,1.486858606338501,7.7538628578186035,0.0,8.022052764892578,nan,nan,nan,nan
atari_krull,/home/haselab/projects/stable-deep-world-model/logs/models/from_scratch_atari_krull_vta_3seed_to_400000_20260208_112207/atari_krull_seed0,/home/haselab/projects/stable-deep-world-model/logs/models/from_scratch_atari_krull_vta_3seed_to_400000_20260208_112207/atari_krull_seed0/checkpoints/step-000012500.pt,/home/haselab/projects/stable-deep-world-model/logs/models/from_scratch_atari_krull_vta_3seed_to_400000_20260208_112207/atari_krull_seed0/eval_eps/20260208T180330-44487f1ea8c44b5eaf22e05d1a89f711-1974.npz,1750,1770,0.0,1.3230023796495516e-05,1.4948490858078003,7.750263214111328,0.0,7.994787693023682,nan,nan,nan,nan
atari_krull,/home/haselab/projects/stable-deep-world-model/logs/models/from_scratch_atari_krull_vta_3seed_to_400000_20260208_112207/atari_krull_seed0,/home/haselab/projects/stable-deep-world-model/logs/models/from_scratch_atari_krull_vta_3seed_to_400000_20260208_112207/atari_krull_seed0/checkpoints/step-000012500.pt,/home/haselab/projects/stable-deep-world-model/logs/models/from_scratch_atari_krull_vta_3seed_to_400000_20260208_112207/atari_krull_seed0/eval_eps/20260208T180330-44487f1ea8c44b5eaf22e05d1a89f711-1974.npz,1755,1775,0.0,9.681617666501552e-05,1.5448484420776367,7.752408027648926,0.0,8.079484939575195,nan,nan,nan,nan
atari_krull,/home/haselab/projects/stable-deep-world-model/logs/models/from_scratch_atari_krull_vta_3seed_to_400000_20260208_112207/atari_krull_seed0,/home/haselab/projects/stable-deep-world-model/logs/models/from_scratch_atari_krull_vta_3seed_to_400000_20260208_112207/atari_krull_seed0/checkpoints/step-000012500.pt,/home/haselab/projects/stable-deep-world-model/logs/models/from_scratch_atari_krull_vta_3seed_to_400000_20260208_112207/atari_krull_seed0/eval_eps/20260208T180330-44487f1ea8c44b5eaf22e05d1a89f711-1974.npz,1760,1780,0.0,9.856194083113223e-05,1.4940974712371826,7.599113464355469,0.0,7.946051120758057,nan,nan,nan,nan
atari_krull,/home/haselab/projects/stable-deep-world-model/logs/models/from_scratch_atari_krull_vta_3seed_to_400000_20260208_112207/atari_krull_seed0,/home/haselab/projects/stable-deep-world-model/logs/models/from_scratch_atari_krull_vta_3seed_to_400000_20260208_112207/atari_krull_seed0/checkpoints/step-000012500.pt,/home/haselab/projects/stable-deep-world-model/logs/models/from_scratch_atari_krull_vta_3seed_to_400000_20260208_112207/atari_krull_seed0/eval_eps/20260208T180330-44487f1ea8c44b5eaf22e05d1a89f711-1974.npz,1765,1785,0.0,9.772148769116029e-05,1.5390667915344238,7.791202545166016,0.0,8.090747833251953,nan,nan,nan,nan
atari_krull,/home/haselab/projects/stable-deep-world-model/logs/models/from_scratch_atari_krull_vta_3seed_to_400000_20260208_112207/atari_krull_seed0,/home/haselab/projects/stable-deep-world-model/logs/models/from_scratch_atari_krull_vta_3seed_to_400000_20260208_112207/atari_krull_seed0/checkpoints/step-000012500.pt,/home/haselab/projects/stable-deep-world-model/logs/models/from_scratch_atari_krull_vta_3seed_to_400000_20260208_112207/atari_krull_seed0/eval_eps/20260208T180330-44487f1ea8c44b5eaf22e05d1a89f711-1974.npz,1770,1790,0.0,9.071797830983996e-05,1.5540168285369873,7.846817970275879,0.0,8.240683555603027,nan,nan,nan,nan
atari_krull,/home/haselab/projects/stable-deep-world-model/logs/models/from_scratch_atari_krull_vta_3seed_to_400000_20260208_112207/atari_krull_seed0,/home/haselab/projects/stable-deep-world-model/logs/models/from_scratch_atari_krull_vta_3seed_to_400000_20260208_112207/atari_krull_seed0/checkpoints/step-000012500.pt,/home/haselab/projects/stable-deep-world-model/logs/models/from_scratch_atari_krull_vta_3seed_to_400000_20260208_112207/atari_krull_seed0/eval_eps/20260208T180330-44487f1ea8c44b5eaf22e05d1a89f711-1974.npz,1775,1795,0.0,6.490982741524931e-06,1.544391393661499,7.670446872711182,0.0,8.040119171142578,nan,nan,nan,nan
atari_krull,/home/haselab/projects/stable-deep-world-model/logs/models/from_scratch_atari_krull_vta_3seed_to_400000_20260208_112207/atari_krull_seed0,/home/haselab/projects/stable-deep-world-model/logs/models/from_scratch_atari_krull_vta_3seed_to_400000_20260208_112207/atari_krull_seed0/checkpoints/step-000012500.pt,/home/haselab/projects/stable-deep-world-model/logs/models/from_scratch_atari_krull_vta_3seed_to_400000_20260208_112207/atari_krull_seed0/eval_eps/20260208T180330-44487f1ea8c44b5eaf22e05d1a89f711-1974.npz,1780,1800,0.0,1.6316993423970416e-05,1.5275460481643677,7.6763596534729,0.0,8.050207138061523,nan,nan,nan,nan
atari_krull,/home/haselab/projects/stable-deep-world-model/logs/models/from_scratch_atari_krull_vta_3seed_to_400000_20260208_112207/atari_krull_seed0,/home/haselab/projects/stable-deep-world-model/logs/models/from_scratch_atari_krull_vta_3seed_to_400000_20260208_112207/atari_krull_seed0/checkpoints/step-000012500.pt,/home/haselab/projects/stable-deep-world-model/logs/models/from_scratch_atari_krull_vta_3seed_to_400000_20260208_112207/atari_krull_seed0/eval_eps/20260208T180330-44487f1ea8c44b5eaf22e05d1a89f711-1974.npz,1785,1805,0.0,1.924032039823942e-05,1.437741756439209,7.631671905517578,0.0,7.9789910316467285,nan,nan,nan,nan
atari_krull,/home/haselab/projects/stable-deep-world-model/logs/models/from_scratch_atari_krull_vta_3seed_to_400000_20260208_112207/atari_krull_seed0,/home/haselab/projects/stable-deep-world-model/logs/models/from_scratch_atari_krull_vta_3seed_to_400000_20260208_112207/atari_krull_seed0/checkpoints/step-000012500.pt,/home/haselab/projects/stable-deep-world-model/logs/models/from_scratch_atari_krull_vta_3seed_to_400000_20260208_112207/atari_krull_seed0/eval_eps/20260208T180330-44487f1ea8c44b5eaf22e05d1a89f711-1974.npz,1790,1810,0.0,1.8282307792105712e-05,1.5058934688568115,7.656443119049072,0.0,7.923666477203369,nan,nan,nan,nan
atari_krull,/home/haselab/projects/stable-deep-world-model/logs/models/from_scratch_atari_krull_vta_3seed_to_400000_20260208_112207/atari_krull_seed0,/home/haselab/projects/stable-deep-world-model/logs/models/from_scratch_atari_krull_vta_3seed_to_400000_20260208_112207/atari_krull_seed0/checkpoints/step-000012500.pt,/home/haselab/projects/stable-deep-world-model/logs/models/from_scratch_atari_krull_vta_3seed_to_400000_20260208_112207/atari_krull_seed0/eval_eps/20260208T180330-44487f1ea8c44b5eaf22e05d1a89f711-1974.npz,1795,1815,0.0,1.594977584318258e-05,1.5150340795516968,7.7113237380981445,0.0,7.9259233474731445,nan,nan,nan,nan
atari_krull,/home/haselab/projects/stable-deep-world-model/logs/models/from_scratch_atari_krull_vta_3seed_to_400000_20260208_112207/atari_krull_seed0,/home/haselab/projects/stable-deep-world-model/logs/models/from_scratch_atari_krull_vta_3seed_to_400000_20260208_112207/atari_krull_seed0/checkpoints/step-000012500.pt,/home/haselab/projects/stable-deep-world-model/logs/models/from_scratch_atari_krull_vta_3seed_to_400000_20260208_112207/atari_krull_seed0/eval_eps/20260208T180330-44487f1ea8c44b5eaf22e05d1a89f711-1974.npz,1800,1820,0.0,5.333229182724608e-06,1.5283056497573853,7.631547451019287,0.0,7.913558006286621,nan,nan,nan,nan
atari_krull,/home/haselab/projects/stable-deep-world-model/logs/models/from_scratch_atari_krull_vta_3seed_to_400000_20260208_112207/atari_krull_seed0,/home/haselab/projects/stable-deep-world-model/logs/models/from_scratch_atari_krull_vta_3seed_to_400000_20260208_112207/atari_krull_seed0/checkpoints/step-000012500.pt,/home/haselab/projects/stable-deep-world-model/logs/models/from_scratch_atari_krull_vta_3seed_to_400000_20260208_112207/atari_krull_seed0/eval_eps/20260208T180330-44487f1ea8c44b5eaf22e05d1a89f711-1974.npz,1805,1825,0.0,4.80011522085988e-06,1.519281029701233,7.524569511413574,0.0,7.818312168121338,nan,nan,nan,nan
atari_krull,/home/haselab/projects/stable-deep-world-model/logs/models/from_scratch_atari_krull_vta_3seed_to_400000_20260208_112207/atari_krull_seed0,/home/haselab/projects/stable-deep-world-model/logs/models/from_scratch_atari_krull_vta_3seed_to_400000_20260208_112207/atari_krull_seed0/checkpoints/step-000012500.pt,/home/haselab/projects/stable-deep-world-model/logs/models/from_scratch_atari_krull_vta_3seed_to_400000_20260208_112207/atari_krull_seed0/eval_eps/20260208T180330-44487f1ea8c44b5eaf22e05d1a89f711-1974.npz,1810,1830,0.0,5.459633939608466e-06,1.4737485647201538,7.5761542320251465,0.0,7.998417854309082,nan,nan,nan,nan
atari_krull,/home/haselab/projects/stable-deep-world-model/logs/models/from_scratch_atari_krull_vta_3seed_to_400000_20260208_112207/atari_krull_seed0,/home/haselab/projects/stable-deep-world-model/logs/models/from_scratch_atari_krull_vta_3seed_to_400000_20260208_112207/atari_krull_seed0/checkpoints/step-000012500.pt,/home/haselab/projects/stable-deep-world-model/logs/models/from_scratch_atari_krull_vta_3seed_to_400000_20260208_112207/atari_krull_seed0/eval_eps/20260208T180330-44487f1ea8c44b5eaf22e05d1a89f711-1974.npz,1815,1835,0.0,4.9393247536499985e-06,1.5096805095672607,7.717612266540527,0.0,8.108545303344727,nan,nan,nan,nan
atari_krull,/home/haselab/projects/stable-deep-world-model/logs/models/from_scratch_atari_krull_vta_3seed_to_400000_20260208_112207/atari_krull_seed0,/home/haselab/projects/stable-deep-world-model/logs/models/from_scratch_atari_krull_vta_3seed_to_400000_20260208_112207/atari_krull_seed0/checkpoints/step-000012500.pt,/home/haselab/projects/stable-deep-world-model/logs/models/from_scratch_atari_krull_vta_3seed_to_400000_20260208_112207/atari_krull_seed0/eval_eps/20260208T180330-44487f1ea8c44b5eaf22e05d1a89f711-1974.npz,1820,1840,0.0,4.055825684190495e-06,1.4872276782989502,7.664166450500488,0.0,8.022161483764648,nan,nan,nan,nan
atari_krull,/home/haselab/projects/stable-deep-world-model/logs/models/from_scratch_atari_krull_vta_3seed_to_400000_20260208_112207/atari_krull_seed0,/home/haselab/projects/stable-deep-world-model/logs/models/from_scratch_atari_krull_vta_3seed_to_400000_20260208_112207/atari_krull_seed0/checkpoints/step-000012500.pt,/home/haselab/projects/stable-deep-world-model/logs/models/from_scratch_atari_krull_vta_3seed_to_400000_20260208_112207/atari_krull_seed0/eval_eps/20260208T180330-44487f1ea8c44b5eaf22e05d1a89f711-1974.npz,1825,1845,0.0,2.82314385913196e-06,1.5087332725524902,7.55417537689209,0.0,7.91836404800415,nan,nan,nan,nan
atari_krull,/home/haselab/projects/stable-deep-world-model/logs/models/from_scratch_atari_krull_vta_3seed_to_400000_20260208_112207/atari_krull_seed0,/home/haselab/projects/stable-deep-world-model/logs/models/from_scratch_atari_krull_vta_3seed_to_400000_20260208_112207/atari_krull_seed0/checkpoints/step-000012500.pt,/home/haselab/projects/stable-deep-world-model/logs/models/from_scratch_atari_krull_vta_3seed_to_400000_20260208_112207/atari_krull_seed0/eval_eps/20260208T180330-44487f1ea8c44b5eaf22e05d1a89f711-1974.npz,1830,1850,0.0,3.357780542501132e-06,1.4623582363128662,7.408841133117676,0.0,7.66384220123291,nan,nan,nan,nan
atari_krull,/home/haselab/projects/stable-deep-world-model/logs/models/from_scratch_atari_krull_vta_3seed_to_400000_20260208_112207/atari_krull_seed0,/home/haselab/projects/stable-deep-world-model/logs/models/from_scratch_atari_krull_vta_3seed_to_400000_20260208_112207/atari_krull_seed0/checkpoints/step-000012500.pt,/home/haselab/projects/stable-deep-world-model/logs/models/from_scratch_atari_krull_vta_3seed_to_400000_20260208_112207/atari_krull_seed0/eval_eps/20260208T180330-44487f1ea8c44b5eaf22e05d1a89f711-1974.npz,1835,1855,0.0,5.983315986668458e-06,1.4734054803848267,7.628183841705322,0.0,7.970247745513916,nan,nan,nan,nan
atari_krull,/home/haselab/projects/stable-deep-world-model/logs/models/from_scratch_atari_krull_vta_3seed_to_400000_20260208_112207/atari_krull_seed0,/home/haselab/projects/stable-deep-world-model/logs/models/from_scratch_atari_krull_vta_3seed_to_400000_20260208_112207/atari_krull_seed0/checkpoints/step-000012500.pt,/home/haselab/projects/stable-deep-world-model/logs/models/from_scratch_atari_krull_vta_3seed_to_400000_20260208_112207/atari_krull_seed0/eval_eps/20260208T180330-44487f1ea8c44b5eaf22e05d1a89f711-1974.npz,1840,1860,0.0,5.726941253669793e-06,1.5229650735855103,7.78390645980835,0.0,8.093282699584961,nan,nan,nan,nan
atari_krull,/home/haselab/projects/stable-deep-world-model/logs/models/from_scratch_atari_krull_vta_3seed_to_400000_20260208_112207/atari_krull_seed0,/home/haselab/projects/stable-deep-world-model/logs/models/from_scratch_atari_krull_vta_3seed_to_400000_20260208_112207/atari_krull_seed0/checkpoints/step-000012500.pt,/home/haselab/projects/stable-deep-world-model/logs/models/from_scratch_atari_krull_vta_3seed_to_400000_20260208_112207/atari_krull_seed0/eval_eps/20260208T180330-44487f1ea8c44b5eaf22e05d1a89f711-1974.npz,1845,1865,0.0,1.763462023518514e-05,1.538172721862793,7.764229774475098,0.0,8.036645889282227,nan,nan,nan,nan
atari_krull,/home/haselab/projects/stable-deep-world-model/logs/models/from_scratch_atari_krull_vta_3seed_to_400000_20260208_112207/atari_krull_seed0,/home/haselab/projects/stable-deep-world-model/logs/models/from_scratch_atari_krull_vta_3seed_to_400000_20260208_112207/atari_krull_seed0/checkpoints/step-000012500.pt,/home/haselab/projects/stable-deep-world-model/logs/models/from_scratch_atari_krull_vta_3seed_to_400000_20260208_112207/atari_krull_seed0/eval_eps/20260208T180330-44487f1ea8c44b5eaf22e05d1a89f711-1974.npz,1850,1870,0.0,3.234251926187426e-05,1.5550477504730225,7.820361137390137,0.0,8.100652694702148,nan,nan,nan,nan
atari_krull,/home/haselab/projects/stable-deep-world-model/logs/models/from_scratch_atari_krull_vta_3seed_to_400000_20260208_112207/atari_krull_seed0,/home/haselab/projects/stable-deep-world-model/logs/models/from_scratch_atari_krull_vta_3seed_to_400000_20260208_112207/atari_krull_seed0/checkpoints/step-000012500.pt,/home/haselab/projects/stable-deep-world-model/logs/models/from_scratch_atari_krull_vta_3seed_to_400000_20260208_112207/atari_krull_seed0/eval_eps/20260208T180330-44487f1ea8c44b5eaf22e05d1a89f711-1974.npz,1855,1875,0.0,3.279785596532747e-05,1.4690301418304443,7.588578224182129,0.0,7.880091190338135,nan,nan,nan,nan
atari_krull,/home/haselab/projects/stable-deep-world-model/logs/models/from_scratch_atari_krull_vta_3seed_to_400000_20260208_112207/atari_krull_seed0,/home/haselab/projects/stable-deep-world-model/logs/models/from_scratch_atari_krull_vta_3seed_to_400000_20260208_112207/atari_krull_seed0/checkpoints/step-000012500.pt,/home/haselab/projects/stable-deep-world-model/logs/models/from_scratch_atari_krull_vta_3seed_to_400000_20260208_112207/atari_krull_seed0/eval_eps/20260208T180330-44487f1ea8c44b5eaf22e05d1a89f711-1974.npz,1860,1880,0.0,3.679732981254347e-05,1.5069588422775269,7.708360195159912,0.0,7.967454433441162,nan,nan,nan,nan
atari_krull,/home/haselab/projects/stable-deep-world-model/logs/models/from_scratch_atari_krull_vta_3seed_to_400000_20260208_112207/atari_krull_seed0,/home/haselab/projects/stable-deep-world-model/logs/models/from_scratch_atari_krull_vta_3seed_to_400000_20260208_112207/atari_krull_seed0/checkpoints/step-000012500.pt,/home/haselab/projects/stable-deep-world-model/logs/models/from_scratch_atari_krull_vta_3seed_to_400000_20260208_112207/atari_krull_seed0/eval_eps/20260208T180330-44487f1ea8c44b5eaf22e05d1a89f711-1974.npz,1865,1885,0.0,2.6672898457036354e-05,1.5254415273666382,7.72723913192749,0.0,7.9726667404174805,nan,nan,nan,nan
atari_krull,/home/haselab/projects/stable-deep-world-model/logs/models/from_scratch_atari_krull_vta_3seed_to_400000_20260208_112207/atari_krull_seed0,/home/haselab/projects/stable-deep-world-model/logs/models/from_scratch_atari_krull_vta_3seed_to_400000_20260208_112207/atari_krull_seed0/checkpoints/step-000012500.pt,/home/haselab/projects/stable-deep-world-model/logs/models/from_scratch_atari_krull_vta_3seed_to_400000_20260208_112207/atari_krull_seed0/eval_eps/20260208T180330-44487f1ea8c44b5eaf22e05d1a89f711-1974.npz,1870,1890,0.0,3.4300006518606097e-05,1.5186948776245117,7.6541595458984375,0.0,7.8835039138793945,nan,nan,nan,nan
atari_krull,/home/haselab/projects/stable-deep-world-model/logs/models/from_scratch_atari_krull_vta_3seed_to_400000_20260208_112207/atari_krull_seed0,/home/haselab/projects/stable-deep-world-model/logs/models/from_scratch_atari_krull_vta_3seed_to_400000_20260208_112207/atari_krull_seed0/checkpoints/step-000012500.pt,/home/haselab/projects/stable-deep-world-model/logs/models/from_scratch_atari_krull_vta_3seed_to_400000_20260208_112207/atari_krull_seed0/eval_eps/20260208T180330-44487f1ea8c44b5eaf22e05d1a89f711-1974.npz,1875,1895,0.0,0.00010041871428256854,1.5153924226760864,7.621461391448975,0.0,7.754483699798584,nan,nan,nan,nan
atari_krull,/home/haselab/projects/stable-deep-world-model/logs/models/from_scratch_atari_krull_vta_3seed_to_400000_20260208_112207/atari_krull_seed0,/home/haselab/projects/stable-deep-world-model/logs/models/from_scratch_atari_krull_vta_3seed_to_400000_20260208_112207/atari_krull_seed0/checkpoints/step-000012500.pt,/home/haselab/projects/stable-deep-world-model/logs/models/from_scratch_atari_krull_vta_3seed_to_400000_20260208_112207/atari_krull_seed0/eval_eps/20260208T180330-44487f1ea8c44b5eaf22e05d1a89f711-1974.npz,1880,1900,0.0,0.00011645101767499,1.444836974143982,7.467932224273682,0.0,7.616758823394775,nan,nan,nan,nan
atari_krull,/home/haselab/projects/stable-deep-world-model/logs/models/from_scratch_atari_krull_vta_3seed_to_400000_20260208_112207/atari_krull_seed0,/home/haselab/projects/stable-deep-world-model/logs/models/from_scratch_atari_krull_vta_3seed_to_400000_20260208_112207/atari_krull_seed0/checkpoints/step-000012500.pt,/home/haselab/projects/stable-deep-world-model/logs/models/from_scratch_atari_krull_vta_3seed_to_400000_20260208_112207/atari_krull_seed0/eval_eps/20260208T180330-44487f1ea8c44b5eaf22e05d1a89f711-1974.npz,1885,1905,0.0,0.00011870302114402875,1.483884572982788,7.797166347503662,0.0,7.888922691345215,nan,nan,nan,nan
atari_krull,/home/haselab/projects/stable-deep-world-model/logs/models/from_scratch_atari_krull_vta_3seed_to_400000_20260208_112207/atari_krull_seed0,/home/haselab/projects/stable-deep-world-model/logs/models/from_scratch_atari_krull_vta_3seed_to_400000_20260208_112207/atari_krull_seed0/checkpoints/step-000012500.pt,/home/haselab/projects/stable-deep-world-model/logs/models/from_scratch_atari_krull_vta_3seed_to_400000_20260208_112207/atari_krull_seed0/eval_eps/20260208T180330-44487f1ea8c44b5eaf22e05d1a89f711-1974.npz,1890,1910,0.0,0.00010793339606607333,1.4870340824127197,7.863141059875488,0.0,8.047167778015137,nan,nan,nan,nan
atari_krull,/home/haselab/projects/stable-deep-world-model/logs/models/from_scratch_atari_krull_vta_3seed_to_400000_20260208_112207/atari_krull_seed0,/home/haselab/projects/stable-deep-world-model/logs/models/from_scratch_atari_krull_vta_3seed_to_400000_20260208_112207/atari_krull_seed0/checkpoints/step-000012500.pt,/home/haselab/projects/stable-deep-world-model/logs/models/from_scratch_atari_krull_vta_3seed_to_400000_20260208_112207/atari_krull_seed0/eval_eps/20260208T180330-44487f1ea8c44b5eaf22e05d1a89f711-1974.npz,1895,1915,0.0,4.7734145482536405e-05,1.5243093967437744,7.725709438323975,0.0,7.979325771331787,nan,nan,nan,nan
atari_krull,/home/haselab/projects/stable-deep-world-model/logs/models/from_scratch_atari_krull_vta_3seed_to_400000_20260208_112207/atari_krull_seed0,/home/haselab/projects/stable-deep-world-model/logs/models/from_scratch_atari_krull_vta_3seed_to_400000_20260208_112207/atari_krull_seed0/checkpoints/step-000012500.pt,/home/haselab/projects/stable-deep-world-model/logs/models/from_scratch_atari_krull_vta_3seed_to_400000_20260208_112207/atari_krull_seed0/eval_eps/20260208T180330-44487f1ea8c44b5eaf22e05d1a89f711-1974.npz,1900,1920,0.0,4.7219386033248156e-05,1.5034520626068115,7.738248348236084,0.0,8.00523567199707,nan,nan,nan,nan
atari_krull,/home/haselab/projects/stable-deep-world-model/logs/models/from_scratch_atari_krull_vta_3seed_to_400000_20260208_112207/atari_krull_seed0,/home/haselab/projects/stable-deep-world-model/logs/models/from_scratch_atari_krull_vta_3seed_to_400000_20260208_112207/atari_krull_seed0/checkpoints/step-000012500.pt,/home/haselab/projects/stable-deep-world-model/logs/models/from_scratch_atari_krull_vta_3seed_to_400000_20260208_112207/atari_krull_seed0/eval_eps/20260208T180330-44487f1ea8c44b5eaf22e05d1a89f711-1974.npz,1905,1925,0.0,4.81770584883634e-05,1.4266353845596313,7.686387538909912,0.0,8.123473167419434,nan,nan,nan,nan
atari_krull,/home/haselab/projects/stable-deep-world-model/logs/models/from_scratch_atari_krull_vta_3seed_to_400000_20260208_112207/atari_krull_seed0,/home/haselab/projects/stable-deep-world-model/logs/models/from_scratch_atari_krull_vta_3seed_to_400000_20260208_112207/atari_krull_seed0/checkpoints/step-000012500.pt,/home/haselab/projects/stable-deep-world-model/logs/models/from_scratch_atari_krull_vta_3seed_to_400000_20260208_112207/atari_krull_seed0/eval_eps/20260208T180330-44487f1ea8c44b5eaf22e05d1a89f711-1974.npz,1910,1930,0.0,3.555383227649145e-05,1.500921368598938,7.793900966644287,0.0,8.207452774047852,nan,nan,nan,nan
atari_krull,/home/haselab/projects/stable-deep-world-model/logs/models/from_scratch_atari_krull_vta_3seed_to_400000_20260208_112207/atari_krull_seed0,/home/haselab/projects/stable-deep-world-model/logs/models/from_scratch_atari_krull_vta_3seed_to_400000_20260208_112207/atari_krull_seed0/checkpoints/step-000012500.pt,/home/haselab/projects/stable-deep-world-model/logs/models/from_scratch_atari_krull_vta_3seed_to_400000_20260208_112207/atari_krull_seed0/eval_eps/20260208T180330-44487f1ea8c44b5eaf22e05d1a89f711-1974.npz,1915,1935,0.0,2.7942853193962947e-05,1.492493748664856,7.8417158126831055,0.0,8.275243759155273,nan,nan,nan,nan
atari_krull,/home/haselab/projects/stable-deep-world-model/logs/models/from_scratch_atari_krull_vta_3seed_to_400000_20260208_112207/atari_krull_seed0,/home/haselab/projects/stable-deep-world-model/logs/models/from_scratch_atari_krull_vta_3seed_to_400000_20260208_112207/atari_krull_seed0/checkpoints/step-000012500.pt,/home/haselab/projects/stable-deep-world-model/logs/models/from_scratch_atari_krull_vta_3seed_to_400000_20260208_112207/atari_krull_seed0/eval_eps/20260208T180330-44487f1ea8c44b5eaf22e05d1a89f711-1974.npz,1920,1940,0.0,1.5035849173727911e-05,1.5249269008636475,7.7987470626831055,0.0,8.235198020935059,nan,nan,nan,nan
atari_krull,/home/haselab/projects/stable-deep-world-model/logs/models/from_scratch_atari_krull_vta_3seed_to_400000_20260208_112207/atari_krull_seed0,/home/haselab/projects/stable-deep-world-model/logs/models/from_scratch_atari_krull_vta_3seed_to_400000_20260208_112207/atari_krull_seed0/checkpoints/step-000012500.pt,/home/haselab/projects/stable-deep-world-model/logs/models/from_scratch_atari_krull_vta_3seed_to_400000_20260208_112207/atari_krull_seed0/eval_eps/20260208T180330-44487f1ea8c44b5eaf22e05d1a89f711-1974.npz,1925,1945,0.0,1.1046147847082466e-05,1.5154693126678467,7.695395469665527,0.0,8.052447319030762,nan,nan,nan,nan
atari_krull,/home/haselab/projects/stable-deep-world-model/logs/models/from_scratch_atari_krull_vta_3seed_to_400000_20260208_112207/atari_krull_seed0,/home/haselab/projects/stable-deep-world-model/logs/models/from_scratch_atari_krull_vta_3seed_to_400000_20260208_112207/atari_krull_seed0/checkpoints/step-000012500.pt,/home/haselab/projects/stable-deep-world-model/logs/models/from_scratch_atari_krull_vta_3seed_to_400000_20260208_112207/atari_krull_seed0/eval_eps/20260208T180330-44487f1ea8c44b5eaf22e05d1a89f711-1974.npz,1930,1950,0.0,1.8031414583674632e-05,1.4821062088012695,7.800113677978516,0.0,8.093805313110352,nan,nan,nan,nan
atari_krull,/home/haselab/projects/stable-deep-world-model/logs/models/from_scratch_atari_krull_vta_3seed_to_400000_20260208_112207/atari_krull_seed0,/home/haselab/projects/stable-deep-world-model/logs/models/from_scratch_atari_krull_vta_3seed_to_400000_20260208_112207/atari_krull_seed0/checkpoints/step-000012500.pt,/home/haselab/projects/stable-deep-world-model/logs/models/from_scratch_atari_krull_vta_3seed_to_400000_20260208_112207/atari_krull_seed0/eval_eps/20260208T180330-44487f1ea8c44b5eaf22e05d1a89f711-1974.npz,1935,1955,0.0,1.663960938458331e-05,1.5239698886871338,7.95343542098999,0.0,8.298566818237305,nan,nan,nan,nan
atari_krull,/home/haselab/projects/stable-deep-world-model/logs/models/from_scratch_atari_krull_vta_3seed_to_400000_20260208_112207/atari_krull_seed0,/home/haselab/projects/stable-deep-world-model/logs/models/from_scratch_atari_krull_vta_3seed_to_400000_20260208_112207/atari_krull_seed0/checkpoints/step-000012500.pt,/home/haselab/projects/stable-deep-world-model/logs/models/from_scratch_atari_krull_vta_3seed_to_400000_20260208_112207/atari_krull_seed0/eval_eps/20260208T180330-44487f1ea8c44b5eaf22e05d1a89f711-1974.npz,1940,1960,0.0,1.1278604688413907e-05,1.4978208541870117,7.978701114654541,0.0,8.312719345092773,nan,nan,nan,nan
atari_krull,/home/haselab/projects/stable-deep-world-model/logs/models/from_scratch_atari_krull_vta_3seed_to_400000_20260208_112207/atari_krull_seed0,/home/haselab/projects/stable-deep-world-model/logs/models/from_scratch_atari_krull_vta_3seed_to_400000_20260208_112207/atari_krull_seed0/checkpoints/step-000012500.pt,/home/haselab/projects/stable-deep-world-model/logs/models/from_scratch_atari_krull_vta_3seed_to_400000_20260208_112207/atari_krull_seed0/eval_eps/20260208T180330-44487f1ea8c44b5eaf22e05d1a89f711-1974.npz,1945,1965,0.0,1.4731924238731153e-05,1.528292179107666,7.914491176605225,0.0,8.238018989562988,nan,nan,nan,nan
atari_krull,/home/haselab/projects/stable-deep-world-model/logs/models/from_scratch_atari_krull_vta_3seed_to_400000_20260208_112207/atari_krull_seed0,/home/haselab/projects/stable-deep-world-model/logs/models/from_scratch_atari_krull_vta_3seed_to_400000_20260208_112207/atari_krull_seed0/checkpoints/step-000012500.pt,/home/haselab/projects/stable-deep-world-model/logs/models/from_scratch_atari_krull_vta_3seed_to_400000_20260208_112207/atari_krull_seed0/eval_eps/20260208T180330-44487f1ea8c44b5eaf22e05d1a89f711-1974.npz,1950,1970,0.0,1.0450985428178683e-05,1.4818775653839111,7.746120452880859,0.0,8.086771011352539,nan,nan,nan,nan
