task,logdir,ckpt,episode,window_start,window_end,boundary_rate,read_prob_mean,abs_l2_mean,obs_l2_mean,abs_stoch_l2_mean,obs_stoch_l2_mean,abs_l2_read_mean,obs_l2_read_mean,abs_stoch_l2_read_mean,obs_stoch_l2_read_mean
atari_private_eye,/home/haselab/projects/stable-deep-world-model/logs/models/retrain_100k_atari_private_eye_atari_private_eye_vta_20260108_185758_to_500000,/home/haselab/projects/stable-deep-world-model/logs/models/retrain_100k_atari_private_eye_atari_private_eye_vta_20260108_185758_to_500000/latest.pt,/home/haselab/projects/stable-deep-world-model/logs/models/retrain_100k_atari_private_eye_atari_private_eye_vta_20260108_185758_to_500000/eval_eps/20260204T232942-8c5bd01602ed440bb414b282be12c764-2699.npz,0,20,0.0,4.24628915809362e-24,1.3734843730926514,3.120882511138916,0.0,3.8149967193603516,nan,nan,nan,nan
atari_private_eye,/home/haselab/projects/stable-deep-world-model/logs/models/retrain_100k_atari_private_eye_atari_private_eye_vta_20260108_185758_to_500000,/home/haselab/projects/stable-deep-world-model/logs/models/retrain_100k_atari_private_eye_atari_private_eye_vta_20260108_185758_to_500000/latest.pt,/home/haselab/projects/stable-deep-world-model/logs/models/retrain_100k_atari_private_eye_atari_private_eye_vta_20260108_185758_to_500000/eval_eps/20260204T232942-8c5bd01602ed440bb414b282be12c764-2699.npz,5,25,0.0,4.24612152515126e-24,1.1604530811309814,2.1489574909210205,0.0,2.9508860111236572,nan,nan,nan,nan
atari_private_eye,/home/haselab/projects/stable-deep-world-model/logs/models/retrain_100k_atari_private_eye_atari_private_eye_vta_20260108_185758_to_500000,/home/haselab/projects/stable-deep-world-model/logs/models/retrain_100k_atari_private_eye_atari_private_eye_vta_20260108_185758_to_500000/latest.pt,/home/haselab/projects/stable-deep-world-model/logs/models/retrain_100k_atari_private_eye_atari_private_eye_vta_20260108_185758_to_500000/eval_eps/20260204T232942-8c5bd01602ed440bb414b282be12c764-2699.npz,10,30,0.0,4.0445648028541235e-24,1.1565682888031006,2.180856943130493,0.0,2.9103286266326904,nan,nan,nan,nan
atari_private_eye,/home/haselab/projects/stable-deep-world-model/logs/models/retrain_100k_atari_private_eye_atari_private_eye_vta_20260108_185758_to_500000,/home/haselab/projects/stable-deep-world-model/logs/models/retrain_100k_atari_private_eye_atari_private_eye_vta_20260108_185758_to_500000/latest.pt,/home/haselab/projects/stable-deep-world-model/logs/models/retrain_100k_atari_private_eye_atari_private_eye_vta_20260108_185758_to_500000/eval_eps/20260204T232942-8c5bd01602ed440bb414b282be12c764-2699.npz,15,35,0.0,1.7228596984580513e-27,1.1812713146209717,2.3047988414764404,0.0,2.978877544403076,nan,nan,nan,nan
atari_private_eye,/home/haselab/projects/stable-deep-world-model/logs/models/retrain_100k_atari_private_eye_atari_private_eye_vta_20260108_185758_to_500000,/home/haselab/projects/stable-deep-world-model/logs/models/retrain_100k_atari_private_eye_atari_private_eye_vta_20260108_185758_to_500000/latest.pt,/home/haselab/projects/stable-deep-world-model/logs/models/retrain_100k_atari_private_eye_atari_private_eye_vta_20260108_185758_to_500000/eval_eps/20260204T232942-8c5bd01602ed440bb414b282be12c764-2699.npz,20,40,0.0,6.956571281086686e-22,1.4320019483566284,2.9122838973999023,0.0,3.5721869468688965,nan,nan,nan,nan
atari_private_eye,/home/haselab/projects/stable-deep-world-model/logs/models/retrain_100k_atari_private_eye_atari_private_eye_vta_20260108_185758_to_500000,/home/haselab/projects/stable-deep-world-model/logs/models/retrain_100k_atari_private_eye_atari_private_eye_vta_20260108_185758_to_500000/latest.pt,/home/haselab/projects/stable-deep-world-model/logs/models/retrain_100k_atari_private_eye_atari_private_eye_vta_20260108_185758_to_500000/eval_eps/20260204T232942-8c5bd01602ed440bb414b282be12c764-2699.npz,25,45,0.0,2.0435022454401968e-21,1.4869204759597778,3.079730272293091,0.0,3.8239166736602783,nan,nan,nan,nan
atari_private_eye,/home/haselab/projects/stable-deep-world-model/logs/models/retrain_100k_atari_private_eye_atari_private_eye_vta_20260108_185758_to_500000,/home/haselab/projects/stable-deep-world-model/logs/models/retrain_100k_atari_private_eye_atari_private_eye_vta_20260108_185758_to_500000/latest.pt,/home/haselab/projects/stable-deep-world-model/logs/models/retrain_100k_atari_private_eye_atari_private_eye_vta_20260108_185758_to_500000/eval_eps/20260204T232942-8c5bd01602ed440bb414b282be12c764-2699.npz,30,50,0.0,4.436581276723603e-20,1.5736383199691772,3.143975257873535,0.0,3.893376111984253,nan,nan,nan,nan
atari_private_eye,/home/haselab/projects/stable-deep-world-model/logs/models/retrain_100k_atari_private_eye_atari_private_eye_vta_20260108_185758_to_500000,/home/haselab/projects/stable-deep-world-model/logs/models/retrain_100k_atari_private_eye_atari_private_eye_vta_20260108_185758_to_500000/latest.pt,/home/haselab/projects/stable-deep-world-model/logs/models/retrain_100k_atari_private_eye_atari_private_eye_vta_20260108_185758_to_500000/eval_eps/20260204T232942-8c5bd01602ed440bb414b282be12c764-2699.npz,35,55,0.0,3.456669906621814e-18,1.7785072326660156,3.2675976753234863,0.0,3.9463393688201904,nan,nan,nan,nan
atari_private_eye,/home/haselab/projects/stable-deep-world-model/logs/models/retrain_100k_atari_private_eye_atari_private_eye_vta_20260108_185758_to_500000,/home/haselab/projects/stable-deep-world-model/logs/models/retrain_100k_atari_private_eye_atari_private_eye_vta_20260108_185758_to_500000/latest.pt,/home/haselab/projects/stable-deep-world-model/logs/models/retrain_100k_atari_private_eye_atari_private_eye_vta_20260108_185758_to_500000/eval_eps/20260204T232942-8c5bd01602ed440bb414b282be12c764-2699.npz,40,60,0.0,4.5484663415931064e-17,1.7878170013427734,3.08036470413208,0.0,3.778867721557617,nan,nan,nan,nan
atari_private_eye,/home/haselab/projects/stable-deep-world-model/logs/models/retrain_100k_atari_private_eye_atari_private_eye_vta_20260108_185758_to_500000,/home/haselab/projects/stable-deep-world-model/logs/models/retrain_100k_atari_private_eye_atari_private_eye_vta_20260108_185758_to_500000/latest.pt,/home/haselab/projects/stable-deep-world-model/logs/models/retrain_100k_atari_private_eye_atari_private_eye_vta_20260108_185758_to_500000/eval_eps/20260204T232942-8c5bd01602ed440bb414b282be12c764-2699.npz,45,65,0.0,9.700069772468028e-17,1.966524362564087,3.2479770183563232,0.0,3.759786605834961,nan,nan,nan,nan
atari_private_eye,/home/haselab/projects/stable-deep-world-model/logs/models/retrain_100k_atari_private_eye_atari_private_eye_vta_20260108_185758_to_500000,/home/haselab/projects/stable-deep-world-model/logs/models/retrain_100k_atari_private_eye_atari_private_eye_vta_20260108_185758_to_500000/latest.pt,/home/haselab/projects/stable-deep-world-model/logs/models/retrain_100k_atari_private_eye_atari_private_eye_vta_20260108_185758_to_500000/eval_eps/20260204T232942-8c5bd01602ed440bb414b282be12c764-2699.npz,50,70,0.0,9.695846519132577e-17,1.9578676223754883,3.1239407062530518,0.0,3.5861258506774902,nan,nan,nan,nan
atari_private_eye,/home/haselab/projects/stable-deep-world-model/logs/models/retrain_100k_atari_private_eye_atari_private_eye_vta_20260108_185758_to_500000,/home/haselab/projects/stable-deep-world-model/logs/models/retrain_100k_atari_private_eye_atari_private_eye_vta_20260108_185758_to_500000/latest.pt,/home/haselab/projects/stable-deep-world-model/logs/models/retrain_100k_atari_private_eye_atari_private_eye_vta_20260108_185758_to_500000/eval_eps/20260204T232942-8c5bd01602ed440bb414b282be12c764-2699.npz,55,75,0.0,9.355009725580307e-17,1.7999604940414429,2.9628732204437256,0.0,3.406003475189209,nan,nan,nan,nan
atari_private_eye,/home/haselab/projects/stable-deep-world-model/logs/models/retrain_100k_atari_private_eye_atari_private_eye_vta_20260108_185758_to_500000,/home/haselab/projects/stable-deep-world-model/logs/models/retrain_100k_atari_private_eye_atari_private_eye_vta_20260108_185758_to_500000/latest.pt,/home/haselab/projects/stable-deep-world-model/logs/models/retrain_100k_atari_private_eye_atari_private_eye_vta_20260108_185758_to_500000/eval_eps/20260204T232942-8c5bd01602ed440bb414b282be12c764-2699.npz,60,80,0.0,5.161064391849058e-17,1.5886306762695312,2.438178539276123,0.0,2.9096131324768066,nan,nan,nan,nan
atari_private_eye,/home/haselab/projects/stable-deep-world-model/logs/models/retrain_100k_atari_private_eye_atari_private_eye_vta_20260108_185758_to_500000,/home/haselab/projects/stable-deep-world-model/logs/models/retrain_100k_atari_private_eye_atari_private_eye_vta_20260108_185758_to_500000/latest.pt,/home/haselab/projects/stable-deep-world-model/logs/models/retrain_100k_atari_private_eye_atari_private_eye_vta_20260108_185758_to_500000/eval_eps/20260204T232942-8c5bd01602ed440bb414b282be12c764-2699.npz,65,85,0.0,9.366219067195924e-20,1.5930627584457397,2.480686664581299,0.0,3.02150297164917,nan,nan,nan,nan
atari_private_eye,/home/haselab/projects/stable-deep-world-model/logs/models/retrain_100k_atari_private_eye_atari_private_eye_vta_20260108_185758_to_500000,/home/haselab/projects/stable-deep-world-model/logs/models/retrain_100k_atari_private_eye_atari_private_eye_vta_20260108_185758_to_500000/latest.pt,/home/haselab/projects/stable-deep-world-model/logs/models/retrain_100k_atari_private_eye_atari_private_eye_vta_20260108_185758_to_500000/eval_eps/20260204T232942-8c5bd01602ed440bb414b282be12c764-2699.npz,70,90,0.0,1.2736167099903737e-19,1.6346237659454346,2.599395275115967,0.0,3.140040397644043,nan,nan,nan,nan
atari_private_eye,/home/haselab/projects/stable-deep-world-model/logs/models/retrain_100k_atari_private_eye_atari_private_eye_vta_20260108_185758_to_500000,/home/haselab/projects/stable-deep-world-model/logs/models/retrain_100k_atari_private_eye_atari_private_eye_vta_20260108_185758_to_500000/latest.pt,/home/haselab/projects/stable-deep-world-model/logs/models/retrain_100k_atari_private_eye_atari_private_eye_vta_20260108_185758_to_500000/eval_eps/20260204T232942-8c5bd01602ed440bb414b282be12c764-2699.npz,75,95,0.0,1.2345789549566993e-19,1.6677734851837158,2.7236430644989014,0.0,3.3336033821105957,nan,nan,nan,nan
atari_private_eye,/home/haselab/projects/stable-deep-world-model/logs/models/retrain_100k_atari_private_eye_atari_private_eye_vta_20260108_185758_to_500000,/home/haselab/projects/stable-deep-world-model/logs/models/retrain_100k_atari_private_eye_atari_private_eye_vta_20260108_185758_to_500000/latest.pt,/home/haselab/projects/stable-deep-world-model/logs/models/retrain_100k_atari_private_eye_atari_private_eye_vta_20260108_185758_to_500000/eval_eps/20260204T232942-8c5bd01602ed440bb414b282be12c764-2699.npz,80,100,0.0,5.0500374829211085e-20,1.7938311100006104,2.8556811809539795,0.0,3.4159820079803467,nan,nan,nan,nan
atari_private_eye,/home/haselab/projects/stable-deep-world-model/logs/models/retrain_100k_atari_private_eye_atari_private_eye_vta_20260108_185758_to_500000,/home/haselab/projects/stable-deep-world-model/logs/models/retrain_100k_atari_private_eye_atari_private_eye_vta_20260108_185758_to_500000/latest.pt,/home/haselab/projects/stable-deep-world-model/logs/models/retrain_100k_atari_private_eye_atari_private_eye_vta_20260108_185758_to_500000/eval_eps/20260204T232942-8c5bd01602ed440bb414b282be12c764-2699.npz,85,105,0.0,7.654094785939525e-20,1.6214491128921509,2.4814839363098145,0.0,3.0731823444366455,nan,nan,nan,nan
atari_private_eye,/home/haselab/projects/stable-deep-world-model/logs/models/retrain_100k_atari_private_eye_atari_private_eye_vta_20260108_185758_to_500000,/home/haselab/projects/stable-deep-world-model/logs/models/retrain_100k_atari_private_eye_atari_private_eye_vta_20260108_185758_to_500000/latest.pt,/home/haselab/projects/stable-deep-world-model/logs/models/retrain_100k_atari_private_eye_atari_private_eye_vta_20260108_185758_to_500000/eval_eps/20260204T232942-8c5bd01602ed440bb414b282be12c764-2699.npz,90,110,0.0,4.7123839724640965e-20,1.5214931964874268,2.3525338172912598,0.0,2.939784526824951,nan,nan,nan,nan
atari_private_eye,/home/haselab/projects/stable-deep-world-model/logs/models/retrain_100k_atari_private_eye_atari_private_eye_vta_20260108_185758_to_500000,/home/haselab/projects/stable-deep-world-model/logs/models/retrain_100k_atari_private_eye_atari_private_eye_vta_20260108_185758_to_500000/latest.pt,/home/haselab/projects/stable-deep-world-model/logs/models/retrain_100k_atari_private_eye_atari_private_eye_vta_20260108_185758_to_500000/eval_eps/20260204T232942-8c5bd01602ed440bb414b282be12c764-2699.npz,95,115,0.0,9.279372857696099e-20,1.6460084915161133,2.4604198932647705,0.0,2.963649272918701,nan,nan,nan,nan
atari_private_eye,/home/haselab/projects/stable-deep-world-model/logs/models/retrain_100k_atari_private_eye_atari_private_eye_vta_20260108_185758_to_500000,/home/haselab/projects/stable-deep-world-model/logs/models/retrain_100k_atari_private_eye_atari_private_eye_vta_20260108_185758_to_500000/latest.pt,/home/haselab/projects/stable-deep-world-model/logs/models/retrain_100k_atari_private_eye_atari_private_eye_vta_20260108_185758_to_500000/eval_eps/20260204T232942-8c5bd01602ed440bb414b282be12c764-2699.npz,100,120,0.0,1.189746282744208e-17,1.6727498769760132,2.602360963821411,0.0,3.125537872314453,nan,nan,nan,nan
atari_private_eye,/home/haselab/projects/stable-deep-world-model/logs/models/retrain_100k_atari_private_eye_atari_private_eye_vta_20260108_185758_to_500000,/home/haselab/projects/stable-deep-world-model/logs/models/retrain_100k_atari_private_eye_atari_private_eye_vta_20260108_185758_to_500000/latest.pt,/home/haselab/projects/stable-deep-world-model/logs/models/retrain_100k_atari_private_eye_atari_private_eye_vta_20260108_185758_to_500000/eval_eps/20260204T232942-8c5bd01602ed440bb414b282be12c764-2699.npz,105,125,0.0,8.498044390577164e-16,1.893512487411499,2.9442131519317627,0.0,3.404062271118164,nan,nan,nan,nan
atari_private_eye,/home/haselab/projects/stable-deep-world-model/logs/models/retrain_100k_atari_private_eye_atari_private_eye_vta_20260108_185758_to_500000,/home/haselab/projects/stable-deep-world-model/logs/models/retrain_100k_atari_private_eye_atari_private_eye_vta_20260108_185758_to_500000/latest.pt,/home/haselab/projects/stable-deep-world-model/logs/models/retrain_100k_atari_private_eye_atari_private_eye_vta_20260108_185758_to_500000/eval_eps/20260204T232942-8c5bd01602ed440bb414b282be12c764-2699.npz,110,130,0.0,8.498126446893929e-16,1.961434006690979,2.993989944458008,0.0,3.4502334594726562,nan,nan,nan,nan
atari_private_eye,/home/haselab/projects/stable-deep-world-model/logs/models/retrain_100k_atari_private_eye_atari_private_eye_vta_20260108_185758_to_500000,/home/haselab/projects/stable-deep-world-model/logs/models/retrain_100k_atari_private_eye_atari_private_eye_vta_20260108_185758_to_500000/latest.pt,/home/haselab/projects/stable-deep-world-model/logs/models/retrain_100k_atari_private_eye_atari_private_eye_vta_20260108_185758_to_500000/eval_eps/20260204T232942-8c5bd01602ed440bb414b282be12c764-2699.npz,115,135,0.0,8.499205884506087e-16,1.8129446506500244,2.8607537746429443,0.0,3.3229689598083496,nan,nan,nan,nan
atari_private_eye,/home/haselab/projects/stable-deep-world-model/logs/models/retrain_100k_atari_private_eye_atari_private_eye_vta_20260108_185758_to_500000,/home/haselab/projects/stable-deep-world-model/logs/models/retrain_100k_atari_private_eye_atari_private_eye_vta_20260108_185758_to_500000/latest.pt,/home/haselab/projects/stable-deep-world-model/logs/models/retrain_100k_atari_private_eye_atari_private_eye_vta_20260108_185758_to_500000/eval_eps/20260204T232942-8c5bd01602ed440bb414b282be12c764-2699.npz,120,140,0.0,8.902458153661362e-16,1.6634914875030518,2.5528311729431152,0.0,3.0298960208892822,nan,nan,nan,nan
atari_private_eye,/home/haselab/projects/stable-deep-world-model/logs/models/retrain_100k_atari_private_eye_atari_private_eye_vta_20260108_185758_to_500000,/home/haselab/projects/stable-deep-world-model/logs/models/retrain_100k_atari_private_eye_atari_private_eye_vta_20260108_185758_to_500000/latest.pt,/home/haselab/projects/stable-deep-world-model/logs/models/retrain_100k_atari_private_eye_atari_private_eye_vta_20260108_185758_to_500000/eval_eps/20260204T232942-8c5bd01602ed440bb414b282be12c764-2699.npz,125,145,0.0,8.375223554434106e-17,1.565178632736206,2.48526930809021,0.0,2.9969279766082764,nan,nan,nan,nan
atari_private_eye,/home/haselab/projects/stable-deep-world-model/logs/models/retrain_100k_atari_private_eye_atari_private_eye_vta_20260108_185758_to_500000,/home/haselab/projects/stable-deep-world-model/logs/models/retrain_100k_atari_private_eye_atari_private_eye_vta_20260108_185758_to_500000/latest.pt,/home/haselab/projects/stable-deep-world-model/logs/models/retrain_100k_atari_private_eye_atari_private_eye_vta_20260108_185758_to_500000/eval_eps/20260204T232942-8c5bd01602ed440bb414b282be12c764-2699.npz,130,150,0.0,8.42816708410444e-17,1.7214860916137695,2.925107955932617,0.0,3.434314250946045,nan,nan,nan,nan
atari_private_eye,/home/haselab/projects/stable-deep-world-model/logs/models/retrain_100k_atari_private_eye_atari_private_eye_vta_20260108_185758_to_500000,/home/haselab/projects/stable-deep-world-model/logs/models/retrain_100k_atari_private_eye_atari_private_eye_vta_20260108_185758_to_500000/latest.pt,/home/haselab/projects/stable-deep-world-model/logs/models/retrain_100k_atari_private_eye_atari_private_eye_vta_20260108_185758_to_500000/eval_eps/20260204T232942-8c5bd01602ed440bb414b282be12c764-2699.npz,135,155,0.0,8.413426725588746e-17,1.7416250705718994,2.9464690685272217,0.0,3.479296922683716,nan,nan,nan,nan
atari_private_eye,/home/haselab/projects/stable-deep-world-model/logs/models/retrain_100k_atari_private_eye_atari_private_eye_vta_20260108_185758_to_500000,/home/haselab/projects/stable-deep-world-model/logs/models/retrain_100k_atari_private_eye_atari_private_eye_vta_20260108_185758_to_500000/latest.pt,/home/haselab/projects/stable-deep-world-model/logs/models/retrain_100k_atari_private_eye_atari_private_eye_vta_20260108_185758_to_500000/eval_eps/20260204T232942-8c5bd01602ed440bb414b282be12c764-2699.npz,140,160,0.0,3.198861284336493e-17,1.903524398803711,3.2332539558410645,0.0,3.719757080078125,nan,nan,nan,nan
atari_private_eye,/home/haselab/projects/stable-deep-world-model/logs/models/retrain_100k_atari_private_eye_atari_private_eye_vta_20260108_185758_to_500000,/home/haselab/projects/stable-deep-world-model/logs/models/retrain_100k_atari_private_eye_atari_private_eye_vta_20260108_185758_to_500000/latest.pt,/home/haselab/projects/stable-deep-world-model/logs/models/retrain_100k_atari_private_eye_atari_private_eye_vta_20260108_185758_to_500000/eval_eps/20260204T232942-8c5bd01602ed440bb414b282be12c764-2699.npz,145,165,0.0,5.507522580767146e-19,1.8470624685287476,3.2109687328338623,0.0,3.700334072113037,nan,nan,nan,nan
atari_private_eye,/home/haselab/projects/stable-deep-world-model/logs/models/retrain_100k_atari_private_eye_atari_private_eye_vta_20260108_185758_to_500000,/home/haselab/projects/stable-deep-world-model/logs/models/retrain_100k_atari_private_eye_atari_private_eye_vta_20260108_185758_to_500000/latest.pt,/home/haselab/projects/stable-deep-world-model/logs/models/retrain_100k_atari_private_eye_atari_private_eye_vta_20260108_185758_to_500000/eval_eps/20260204T232942-8c5bd01602ed440bb414b282be12c764-2699.npz,150,170,0.0,9.17958514901894e-21,1.6490583419799805,2.919511556625366,0.0,3.404825210571289,nan,nan,nan,nan
atari_private_eye,/home/haselab/projects/stable-deep-world-model/logs/models/retrain_100k_atari_private_eye_atari_private_eye_vta_20260108_185758_to_500000,/home/haselab/projects/stable-deep-world-model/logs/models/retrain_100k_atari_private_eye_atari_private_eye_vta_20260108_185758_to_500000/latest.pt,/home/haselab/projects/stable-deep-world-model/logs/models/retrain_100k_atari_private_eye_atari_private_eye_vta_20260108_185758_to_500000/eval_eps/20260204T232942-8c5bd01602ed440bb414b282be12c764-2699.npz,155,175,0.0,7.44427089160136e-21,1.7934108972549438,2.9580981731414795,0.0,3.456932544708252,nan,nan,nan,nan
atari_private_eye,/home/haselab/projects/stable-deep-world-model/logs/models/retrain_100k_atari_private_eye_atari_private_eye_vta_20260108_185758_to_500000,/home/haselab/projects/stable-deep-world-model/logs/models/retrain_100k_atari_private_eye_atari_private_eye_vta_20260108_185758_to_500000/latest.pt,/home/haselab/projects/stable-deep-world-model/logs/models/retrain_100k_atari_private_eye_atari_private_eye_vta_20260108_185758_to_500000/eval_eps/20260204T232942-8c5bd01602ed440bb414b282be12c764-2699.npz,160,180,0.0,3.887899839461021e-19,1.7789499759674072,2.9621715545654297,0.0,3.462406635284424,nan,nan,nan,nan
atari_private_eye,/home/haselab/projects/stable-deep-world-model/logs/models/retrain_100k_atari_private_eye_atari_private_eye_vta_20260108_185758_to_500000,/home/haselab/projects/stable-deep-world-model/logs/models/retrain_100k_atari_private_eye_atari_private_eye_vta_20260108_185758_to_500000/latest.pt,/home/haselab/projects/stable-deep-world-model/logs/models/retrain_100k_atari_private_eye_atari_private_eye_vta_20260108_185758_to_500000/eval_eps/20260204T232942-8c5bd01602ed440bb414b282be12c764-2699.npz,165,185,0.0,3.929482984335886e-19,1.9144006967544556,2.9909420013427734,0.0,3.428269624710083,nan,nan,nan,nan
atari_private_eye,/home/haselab/projects/stable-deep-world-model/logs/models/retrain_100k_atari_private_eye_atari_private_eye_vta_20260108_185758_to_500000,/home/haselab/projects/stable-deep-world-model/logs/models/retrain_100k_atari_private_eye_atari_private_eye_vta_20260108_185758_to_500000/latest.pt,/home/haselab/projects/stable-deep-world-model/logs/models/retrain_100k_atari_private_eye_atari_private_eye_vta_20260108_185758_to_500000/eval_eps/20260204T232942-8c5bd01602ed440bb414b282be12c764-2699.npz,170,190,0.0,3.924488105905773e-19,1.9425863027572632,2.7901253700256348,0.0,3.2430167198181152,nan,nan,nan,nan
atari_private_eye,/home/haselab/projects/stable-deep-world-model/logs/models/retrain_100k_atari_private_eye_atari_private_eye_vta_20260108_185758_to_500000,/home/haselab/projects/stable-deep-world-model/logs/models/retrain_100k_atari_private_eye_atari_private_eye_vta_20260108_185758_to_500000/latest.pt,/home/haselab/projects/stable-deep-world-model/logs/models/retrain_100k_atari_private_eye_atari_private_eye_vta_20260108_185758_to_500000/eval_eps/20260204T232942-8c5bd01602ed440bb414b282be12c764-2699.npz,175,195,0.0,3.881668326015141e-19,1.8504562377929688,2.9055378437042236,0.0,3.3996341228485107,nan,nan,nan,nan
atari_private_eye,/home/haselab/projects/stable-deep-world-model/logs/models/retrain_100k_atari_private_eye_atari_private_eye_vta_20260108_185758_to_500000,/home/haselab/projects/stable-deep-world-model/logs/models/retrain_100k_atari_private_eye_atari_private_eye_vta_20260108_185758_to_500000/latest.pt,/home/haselab/projects/stable-deep-world-model/logs/models/retrain_100k_atari_private_eye_atari_private_eye_vta_20260108_185758_to_500000/eval_eps/20260204T232942-8c5bd01602ed440bb414b282be12c764-2699.npz,180,200,0.0,2.1860641986846185e-20,1.6724786758422852,2.710700511932373,0.0,3.2715601921081543,nan,nan,nan,nan
atari_private_eye,/home/haselab/projects/stable-deep-world-model/logs/models/retrain_100k_atari_private_eye_atari_private_eye_vta_20260108_185758_to_500000,/home/haselab/projects/stable-deep-world-model/logs/models/retrain_100k_atari_private_eye_atari_private_eye_vta_20260108_185758_to_500000/latest.pt,/home/haselab/projects/stable-deep-world-model/logs/models/retrain_100k_atari_private_eye_atari_private_eye_vta_20260108_185758_to_500000/eval_eps/20260204T232942-8c5bd01602ed440bb414b282be12c764-2699.npz,185,205,0.0,1.5572225946523403e-20,1.7238693237304688,2.7166554927825928,0.0,3.277827024459839,nan,nan,nan,nan
atari_private_eye,/home/haselab/projects/stable-deep-world-model/logs/models/retrain_100k_atari_private_eye_atari_private_eye_vta_20260108_185758_to_500000,/home/haselab/projects/stable-deep-world-model/logs/models/retrain_100k_atari_private_eye_atari_private_eye_vta_20260108_185758_to_500000/latest.pt,/home/haselab/projects/stable-deep-world-model/logs/models/retrain_100k_atari_private_eye_atari_private_eye_vta_20260108_185758_to_500000/eval_eps/20260204T232942-8c5bd01602ed440bb414b282be12c764-2699.npz,190,210,0.0,1.5642920808328277e-20,1.844298005104065,2.855564594268799,0.0,3.4221701622009277,nan,nan,nan,nan
atari_private_eye,/home/haselab/projects/stable-deep-world-model/logs/models/retrain_100k_atari_private_eye_atari_private_eye_vta_20260108_185758_to_500000,/home/haselab/projects/stable-deep-world-model/logs/models/retrain_100k_atari_private_eye_atari_private_eye_vta_20260108_185758_to_500000/latest.pt,/home/haselab/projects/stable-deep-world-model/logs/models/retrain_100k_atari_private_eye_atari_private_eye_vta_20260108_185758_to_500000/eval_eps/20260204T232942-8c5bd01602ed440bb414b282be12c764-2699.npz,195,215,0.0,1.5626911955418535e-20,1.8292007446289062,2.74729061126709,0.0,3.238548755645752,nan,nan,nan,nan
atari_private_eye,/home/haselab/projects/stable-deep-world-model/logs/models/retrain_100k_atari_private_eye_atari_private_eye_vta_20260108_185758_to_500000,/home/haselab/projects/stable-deep-world-model/logs/models/retrain_100k_atari_private_eye_atari_private_eye_vta_20260108_185758_to_500000/latest.pt,/home/haselab/projects/stable-deep-world-model/logs/models/retrain_100k_atari_private_eye_atari_private_eye_vta_20260108_185758_to_500000/eval_eps/20260204T232942-8c5bd01602ed440bb414b282be12c764-2699.npz,200,220,0.0,1.487716820124141e-22,2.0599775314331055,3.0097737312316895,0.0,3.432530641555786,nan,nan,nan,nan
atari_private_eye,/home/haselab/projects/stable-deep-world-model/logs/models/retrain_100k_atari_private_eye_atari_private_eye_vta_20260108_185758_to_500000,/home/haselab/projects/stable-deep-world-model/logs/models/retrain_100k_atari_private_eye_atari_private_eye_vta_20260108_185758_to_500000/latest.pt,/home/haselab/projects/stable-deep-world-model/logs/models/retrain_100k_atari_private_eye_atari_private_eye_vta_20260108_185758_to_500000/eval_eps/20260204T232942-8c5bd01602ed440bb414b282be12c764-2699.npz,205,225,0.0,1.484492335396832e-22,1.882796049118042,2.864333391189575,0.0,3.395934581756592,nan,nan,nan,nan
atari_private_eye,/home/haselab/projects/stable-deep-world-model/logs/models/retrain_100k_atari_private_eye_atari_private_eye_vta_20260108_185758_to_500000,/home/haselab/projects/stable-deep-world-model/logs/models/retrain_100k_atari_private_eye_atari_private_eye_vta_20260108_185758_to_500000/latest.pt,/home/haselab/projects/stable-deep-world-model/logs/models/retrain_100k_atari_private_eye_atari_private_eye_vta_20260108_185758_to_500000/eval_eps/20260204T232942-8c5bd01602ed440bb414b282be12c764-2699.npz,210,230,0.0,2.5495184236240845e-22,1.736223578453064,2.7383923530578613,0.0,3.2999234199523926,nan,nan,nan,nan
atari_private_eye,/home/haselab/projects/stable-deep-world-model/logs/models/retrain_100k_atari_private_eye_atari_private_eye_vta_20260108_185758_to_500000,/home/haselab/projects/stable-deep-world-model/logs/models/retrain_100k_atari_private_eye_atari_private_eye_vta_20260108_185758_to_500000/latest.pt,/home/haselab/projects/stable-deep-world-model/logs/models/retrain_100k_atari_private_eye_atari_private_eye_vta_20260108_185758_to_500000/eval_eps/20260204T232942-8c5bd01602ed440bb414b282be12c764-2699.npz,215,235,0.0,6.237824837992697e-22,1.732295036315918,2.6380321979522705,0.0,3.202749729156494,nan,nan,nan,nan
atari_private_eye,/home/haselab/projects/stable-deep-world-model/logs/models/retrain_100k_atari_private_eye_atari_private_eye_vta_20260108_185758_to_500000,/home/haselab/projects/stable-deep-world-model/logs/models/retrain_100k_atari_private_eye_atari_private_eye_vta_20260108_185758_to_500000/latest.pt,/home/haselab/projects/stable-deep-world-model/logs/models/retrain_100k_atari_private_eye_atari_private_eye_vta_20260108_185758_to_500000/eval_eps/20260204T232942-8c5bd01602ed440bb414b282be12c764-2699.npz,220,240,0.0,6.160892598160647e-22,1.6455202102661133,2.527803421020508,0.0,3.0914101600646973,nan,nan,nan,nan
atari_private_eye,/home/haselab/projects/stable-deep-world-model/logs/models/retrain_100k_atari_private_eye_atari_private_eye_vta_20260108_185758_to_500000,/home/haselab/projects/stable-deep-world-model/logs/models/retrain_100k_atari_private_eye_atari_private_eye_vta_20260108_185758_to_500000/latest.pt,/home/haselab/projects/stable-deep-world-model/logs/models/retrain_100k_atari_private_eye_atari_private_eye_vta_20260108_185758_to_500000/eval_eps/20260204T232942-8c5bd01602ed440bb414b282be12c764-2699.npz,225,245,0.0,6.211583663970446e-22,1.5733219385147095,2.4580471515655518,0.0,3.0131306648254395,nan,nan,nan,nan
atari_private_eye,/home/haselab/projects/stable-deep-world-model/logs/models/retrain_100k_atari_private_eye_atari_private_eye_vta_20260108_185758_to_500000,/home/haselab/projects/stable-deep-world-model/logs/models/retrain_100k_atari_private_eye_atari_private_eye_vta_20260108_185758_to_500000/latest.pt,/home/haselab/projects/stable-deep-world-model/logs/models/retrain_100k_atari_private_eye_atari_private_eye_vta_20260108_185758_to_500000/eval_eps/20260204T232942-8c5bd01602ed440bb414b282be12c764-2699.npz,230,250,0.0,5.333784687028645e-22,1.7027103900909424,2.891629457473755,0.0,3.4309639930725098,nan,nan,nan,nan
atari_private_eye,/home/haselab/projects/stable-deep-world-model/logs/models/retrain_100k_atari_private_eye_atari_private_eye_vta_20260108_185758_to_500000,/home/haselab/projects/stable-deep-world-model/logs/models/retrain_100k_atari_private_eye_atari_private_eye_vta_20260108_185758_to_500000/latest.pt,/home/haselab/projects/stable-deep-world-model/logs/models/retrain_100k_atari_private_eye_atari_private_eye_vta_20260108_185758_to_500000/eval_eps/20260204T232942-8c5bd01602ed440bb414b282be12c764-2699.npz,235,255,0.0,3.640181557259708e-21,2.1319899559020996,4.046459674835205,0.0,4.54302453994751,nan,nan,nan,nan
atari_private_eye,/home/haselab/projects/stable-deep-world-model/logs/models/retrain_100k_atari_private_eye_atari_private_eye_vta_20260108_185758_to_500000,/home/haselab/projects/stable-deep-world-model/logs/models/retrain_100k_atari_private_eye_atari_private_eye_vta_20260108_185758_to_500000/latest.pt,/home/haselab/projects/stable-deep-world-model/logs/models/retrain_100k_atari_private_eye_atari_private_eye_vta_20260108_185758_to_500000/eval_eps/20260204T232942-8c5bd01602ed440bb414b282be12c764-2699.npz,240,260,0.0,1.2867811440363131e-20,2.1589279174804688,4.026780605316162,0.0,4.540942192077637,nan,nan,nan,nan
atari_private_eye,/home/haselab/projects/stable-deep-world-model/logs/models/retrain_100k_atari_private_eye_atari_private_eye_vta_20260108_185758_to_500000,/home/haselab/projects/stable-deep-world-model/logs/models/retrain_100k_atari_private_eye_atari_private_eye_vta_20260108_185758_to_500000/latest.pt,/home/haselab/projects/stable-deep-world-model/logs/models/retrain_100k_atari_private_eye_atari_private_eye_vta_20260108_185758_to_500000/eval_eps/20260204T232942-8c5bd01602ed440bb414b282be12c764-2699.npz,245,265,0.0,1.7609150126999565e-20,2.1350293159484863,4.044626235961914,0.0,4.512787818908691,nan,nan,nan,nan
atari_private_eye,/home/haselab/projects/stable-deep-world-model/logs/models/retrain_100k_atari_private_eye_atari_private_eye_vta_20260108_185758_to_500000,/home/haselab/projects/stable-deep-world-model/logs/models/retrain_100k_atari_private_eye_atari_private_eye_vta_20260108_185758_to_500000/latest.pt,/home/haselab/projects/stable-deep-world-model/logs/models/retrain_100k_atari_private_eye_atari_private_eye_vta_20260108_185758_to_500000/eval_eps/20260204T232942-8c5bd01602ed440bb414b282be12c764-2699.npz,250,270,0.0,1.7598530872768488e-20,2.1515517234802246,3.8708748817443848,0.0,4.334575176239014,nan,nan,nan,nan
atari_private_eye,/home/haselab/projects/stable-deep-world-model/logs/models/retrain_100k_atari_private_eye_atari_private_eye_vta_20260108_185758_to_500000,/home/haselab/projects/stable-deep-world-model/logs/models/retrain_100k_atari_private_eye_atari_private_eye_vta_20260108_185758_to_500000/latest.pt,/home/haselab/projects/stable-deep-world-model/logs/models/retrain_100k_atari_private_eye_atari_private_eye_vta_20260108_185758_to_500000/eval_eps/20260204T232942-8c5bd01602ed440bb414b282be12c764-2699.npz,255,275,0.0,6.252938664515992e-18,1.6928707361221313,2.7390081882476807,0.0,3.275360107421875,nan,nan,nan,nan
atari_private_eye,/home/haselab/projects/stable-deep-world-model/logs/models/retrain_100k_atari_private_eye_atari_private_eye_vta_20260108_185758_to_500000,/home/haselab/projects/stable-deep-world-model/logs/models/retrain_100k_atari_private_eye_atari_private_eye_vta_20260108_185758_to_500000/latest.pt,/home/haselab/projects/stable-deep-world-model/logs/models/retrain_100k_atari_private_eye_atari_private_eye_vta_20260108_185758_to_500000/eval_eps/20260204T232942-8c5bd01602ed440bb414b282be12c764-2699.npz,260,280,0.0,6.246350998117619e-18,1.901340126991272,3.5866127014160156,0.0,4.068309307098389,nan,nan,nan,nan
atari_private_eye,/home/haselab/projects/stable-deep-world-model/logs/models/retrain_100k_atari_private_eye_atari_private_eye_vta_20260108_185758_to_500000,/home/haselab/projects/stable-deep-world-model/logs/models/retrain_100k_atari_private_eye_atari_private_eye_vta_20260108_185758_to_500000/latest.pt,/home/haselab/projects/stable-deep-world-model/logs/models/retrain_100k_atari_private_eye_atari_private_eye_vta_20260108_185758_to_500000/eval_eps/20260204T232942-8c5bd01602ed440bb414b282be12c764-2699.npz,265,285,0.0,6.2416038085821775e-18,1.8693277835845947,3.5870120525360107,0.0,4.1078691482543945,nan,nan,nan,nan
atari_private_eye,/home/haselab/projects/stable-deep-world-model/logs/models/retrain_100k_atari_private_eye_atari_private_eye_vta_20260108_185758_to_500000,/home/haselab/projects/stable-deep-world-model/logs/models/retrain_100k_atari_private_eye_atari_private_eye_vta_20260108_185758_to_500000/latest.pt,/home/haselab/projects/stable-deep-world-model/logs/models/retrain_100k_atari_private_eye_atari_private_eye_vta_20260108_185758_to_500000/eval_eps/20260204T232942-8c5bd01602ed440bb414b282be12c764-2699.npz,270,290,0.0,6.2415243992433724e-18,1.6902110576629639,3.374390125274658,0.0,3.877906322479248,nan,nan,nan,nan
atari_private_eye,/home/haselab/projects/stable-deep-world-model/logs/models/retrain_100k_atari_private_eye_atari_private_eye_vta_20260108_185758_to_500000,/home/haselab/projects/stable-deep-world-model/logs/models/retrain_100k_atari_private_eye_atari_private_eye_vta_20260108_185758_to_500000/latest.pt,/home/haselab/projects/stable-deep-world-model/logs/models/retrain_100k_atari_private_eye_atari_private_eye_vta_20260108_185758_to_500000/eval_eps/20260204T232942-8c5bd01602ed440bb414b282be12c764-2699.npz,275,295,0.0,1.2775035613784083e-16,1.9540389776229858,4.144566535949707,0.0,4.665026664733887,nan,nan,nan,nan
atari_private_eye,/home/haselab/projects/stable-deep-world-model/logs/models/retrain_100k_atari_private_eye_atari_private_eye_vta_20260108_185758_to_500000,/home/haselab/projects/stable-deep-world-model/logs/models/retrain_100k_atari_private_eye_atari_private_eye_vta_20260108_185758_to_500000/latest.pt,/home/haselab/projects/stable-deep-world-model/logs/models/retrain_100k_atari_private_eye_atari_private_eye_vta_20260108_185758_to_500000/eval_eps/20260204T232942-8c5bd01602ed440bb414b282be12c764-2699.npz,280,300,0.0,1.355462620959122e-16,1.743194341659546,3.2359137535095215,0.0,3.8339831829071045,nan,nan,nan,nan
atari_private_eye,/home/haselab/projects/stable-deep-world-model/logs/models/retrain_100k_atari_private_eye_atari_private_eye_vta_20260108_185758_to_500000,/home/haselab/projects/stable-deep-world-model/logs/models/retrain_100k_atari_private_eye_atari_private_eye_vta_20260108_185758_to_500000/latest.pt,/home/haselab/projects/stable-deep-world-model/logs/models/retrain_100k_atari_private_eye_atari_private_eye_vta_20260108_185758_to_500000/eval_eps/20260204T232942-8c5bd01602ed440bb414b282be12c764-2699.npz,285,305,0.0,1.355462620959122e-16,1.806499719619751,3.277707576751709,0.0,3.865912675857544,nan,nan,nan,nan
atari_private_eye,/home/haselab/projects/stable-deep-world-model/logs/models/retrain_100k_atari_private_eye_atari_private_eye_vta_20260108_185758_to_500000,/home/haselab/projects/stable-deep-world-model/logs/models/retrain_100k_atari_private_eye_atari_private_eye_vta_20260108_185758_to_500000/latest.pt,/home/haselab/projects/stable-deep-world-model/logs/models/retrain_100k_atari_private_eye_atari_private_eye_vta_20260108_185758_to_500000/eval_eps/20260204T232942-8c5bd01602ed440bb414b282be12c764-2699.npz,290,310,0.0,1.35546275330802e-16,2.219849109649658,4.406188488006592,0.0,5.016056537628174,nan,nan,nan,nan
atari_private_eye,/home/haselab/projects/stable-deep-world-model/logs/models/retrain_100k_atari_private_eye_atari_private_eye_vta_20260108_185758_to_500000,/home/haselab/projects/stable-deep-world-model/logs/models/retrain_100k_atari_private_eye_atari_private_eye_vta_20260108_185758_to_500000/latest.pt,/home/haselab/projects/stable-deep-world-model/logs/models/retrain_100k_atari_private_eye_atari_private_eye_vta_20260108_185758_to_500000/eval_eps/20260204T232942-8c5bd01602ed440bb414b282be12c764-2699.npz,295,315,0.0,7.798727471140787e-18,2.1761386394500732,4.151837348937988,0.0,4.707820892333984,nan,nan,nan,nan
atari_private_eye,/home/haselab/projects/stable-deep-world-model/logs/models/retrain_100k_atari_private_eye_atari_private_eye_vta_20260108_185758_to_500000,/home/haselab/projects/stable-deep-world-model/logs/models/retrain_100k_atari_private_eye_atari_private_eye_vta_20260108_185758_to_500000/latest.pt,/home/haselab/projects/stable-deep-world-model/logs/models/retrain_100k_atari_private_eye_atari_private_eye_vta_20260108_185758_to_500000/eval_eps/20260204T232942-8c5bd01602ed440bb414b282be12c764-2699.npz,300,320,0.0,4.4005370430903185e-21,1.9943443536758423,4.19384241104126,0.0,4.701763153076172,nan,nan,nan,nan
atari_private_eye,/home/haselab/projects/stable-deep-world-model/logs/models/retrain_100k_atari_private_eye_atari_private_eye_vta_20260108_185758_to_500000,/home/haselab/projects/stable-deep-world-model/logs/models/retrain_100k_atari_private_eye_atari_private_eye_vta_20260108_185758_to_500000/latest.pt,/home/haselab/projects/stable-deep-world-model/logs/models/retrain_100k_atari_private_eye_atari_private_eye_vta_20260108_185758_to_500000/eval_eps/20260204T232942-8c5bd01602ed440bb414b282be12c764-2699.npz,305,325,0.0,5.859684047530643e-21,2.098470687866211,4.263359546661377,0.0,4.715540885925293,nan,nan,nan,nan
atari_private_eye,/home/haselab/projects/stable-deep-world-model/logs/models/retrain_100k_atari_private_eye_atari_private_eye_vta_20260108_185758_to_500000,/home/haselab/projects/stable-deep-world-model/logs/models/retrain_100k_atari_private_eye_atari_private_eye_vta_20260108_185758_to_500000/latest.pt,/home/haselab/projects/stable-deep-world-model/logs/models/retrain_100k_atari_private_eye_atari_private_eye_vta_20260108_185758_to_500000/eval_eps/20260204T232942-8c5bd01602ed440bb414b282be12c764-2699.npz,310,330,0.0,3.2243014308707144e-19,1.9207254648208618,3.354358196258545,0.0,3.7701778411865234,nan,nan,nan,nan
atari_private_eye,/home/haselab/projects/stable-deep-world-model/logs/models/retrain_100k_atari_private_eye_atari_private_eye_vta_20260108_185758_to_500000,/home/haselab/projects/stable-deep-world-model/logs/models/retrain_100k_atari_private_eye_atari_private_eye_vta_20260108_185758_to_500000/latest.pt,/home/haselab/projects/stable-deep-world-model/logs/models/retrain_100k_atari_private_eye_atari_private_eye_vta_20260108_185758_to_500000/eval_eps/20260204T232942-8c5bd01602ed440bb414b282be12c764-2699.npz,315,335,0.0,8.370187678864884e-18,1.7499405145645142,2.939542293548584,0.0,3.3659141063690186,nan,nan,nan,nan
atari_private_eye,/home/haselab/projects/stable-deep-world-model/logs/models/retrain_100k_atari_private_eye_atari_private_eye_vta_20260108_185758_to_500000,/home/haselab/projects/stable-deep-world-model/logs/models/retrain_100k_atari_private_eye_atari_private_eye_vta_20260108_185758_to_500000/latest.pt,/home/haselab/projects/stable-deep-world-model/logs/models/retrain_100k_atari_private_eye_atari_private_eye_vta_20260108_185758_to_500000/eval_eps/20260204T232942-8c5bd01602ed440bb414b282be12c764-2699.npz,320,340,0.0,8.38417033993948e-18,1.9528768062591553,2.9730942249298096,0.0,3.364198684692383,nan,nan,nan,nan
atari_private_eye,/home/haselab/projects/stable-deep-world-model/logs/models/retrain_100k_atari_private_eye_atari_private_eye_vta_20260108_185758_to_500000,/home/haselab/projects/stable-deep-world-model/logs/models/retrain_100k_atari_private_eye_atari_private_eye_vta_20260108_185758_to_500000/latest.pt,/home/haselab/projects/stable-deep-world-model/logs/models/retrain_100k_atari_private_eye_atari_private_eye_vta_20260108_185758_to_500000/eval_eps/20260204T232942-8c5bd01602ed440bb414b282be12c764-2699.npz,325,345,0.0,8.383434149194308e-18,1.9197242259979248,3.0351192951202393,0.0,3.4520392417907715,nan,nan,nan,nan
atari_private_eye,/home/haselab/projects/stable-deep-world-model/logs/models/retrain_100k_atari_private_eye_atari_private_eye_vta_20260108_185758_to_500000,/home/haselab/projects/stable-deep-world-model/logs/models/retrain_100k_atari_private_eye_atari_private_eye_vta_20260108_185758_to_500000/latest.pt,/home/haselab/projects/stable-deep-world-model/logs/models/retrain_100k_atari_private_eye_atari_private_eye_vta_20260108_185758_to_500000/eval_eps/20260204T232942-8c5bd01602ed440bb414b282be12c764-2699.npz,330,350,0.0,8.072171874954891e-18,1.6892623901367188,2.8420403003692627,0.0,3.2758965492248535,nan,nan,nan,nan
atari_private_eye,/home/haselab/projects/stable-deep-world-model/logs/models/retrain_100k_atari_private_eye_atari_private_eye_vta_20260108_185758_to_500000,/home/haselab/projects/stable-deep-world-model/logs/models/retrain_100k_atari_private_eye_atari_private_eye_vta_20260108_185758_to_500000/latest.pt,/home/haselab/projects/stable-deep-world-model/logs/models/retrain_100k_atari_private_eye_atari_private_eye_vta_20260108_185758_to_500000/eval_eps/20260204T232942-8c5bd01602ed440bb414b282be12c764-2699.npz,335,355,0.0,3.413310391381491e-20,1.5829544067382812,2.648195266723633,0.0,3.0655455589294434,nan,nan,nan,nan
atari_private_eye,/home/haselab/projects/stable-deep-world-model/logs/models/retrain_100k_atari_private_eye_atari_private_eye_vta_20260108_185758_to_500000,/home/haselab/projects/stable-deep-world-model/logs/models/retrain_100k_atari_private_eye_atari_private_eye_vta_20260108_185758_to_500000/latest.pt,/home/haselab/projects/stable-deep-world-model/logs/models/retrain_100k_atari_private_eye_atari_private_eye_vta_20260108_185758_to_500000/eval_eps/20260204T232942-8c5bd01602ed440bb414b282be12c764-2699.npz,340,360,0.0,1.7791879494191357e-20,1.562516689300537,2.6902146339416504,0.0,3.165332317352295,nan,nan,nan,nan
atari_private_eye,/home/haselab/projects/stable-deep-world-model/logs/models/retrain_100k_atari_private_eye_atari_private_eye_vta_20260108_185758_to_500000,/home/haselab/projects/stable-deep-world-model/logs/models/retrain_100k_atari_private_eye_atari_private_eye_vta_20260108_185758_to_500000/latest.pt,/home/haselab/projects/stable-deep-world-model/logs/models/retrain_100k_atari_private_eye_atari_private_eye_vta_20260108_185758_to_500000/eval_eps/20260204T232942-8c5bd01602ed440bb414b282be12c764-2699.npz,345,365,0.0,1.601945891615867e-19,1.6083040237426758,2.6331639289855957,0.0,3.066516160964966,nan,nan,nan,nan
atari_private_eye,/home/haselab/projects/stable-deep-world-model/logs/models/retrain_100k_atari_private_eye_atari_private_eye_vta_20260108_185758_to_500000,/home/haselab/projects/stable-deep-world-model/logs/models/retrain_100k_atari_private_eye_atari_private_eye_vta_20260108_185758_to_500000/latest.pt,/home/haselab/projects/stable-deep-world-model/logs/models/retrain_100k_atari_private_eye_atari_private_eye_vta_20260108_185758_to_500000/eval_eps/20260204T232942-8c5bd01602ed440bb414b282be12c764-2699.npz,350,370,0.0,3.887098249748669e-19,1.8382383584976196,2.8781824111938477,0.0,3.2630209922790527,nan,nan,nan,nan
atari_private_eye,/home/haselab/projects/stable-deep-world-model/logs/models/retrain_100k_atari_private_eye_atari_private_eye_vta_20260108_185758_to_500000,/home/haselab/projects/stable-deep-world-model/logs/models/retrain_100k_atari_private_eye_atari_private_eye_vta_20260108_185758_to_500000/latest.pt,/home/haselab/projects/stable-deep-world-model/logs/models/retrain_100k_atari_private_eye_atari_private_eye_vta_20260108_185758_to_500000/eval_eps/20260204T232942-8c5bd01602ed440bb414b282be12c764-2699.npz,355,375,0.0,1.5776901850007602e-17,2.0408570766448975,2.9012012481689453,0.0,3.354635715484619,nan,nan,nan,nan
atari_private_eye,/home/haselab/projects/stable-deep-world-model/logs/models/retrain_100k_atari_private_eye_atari_private_eye_vta_20260108_185758_to_500000,/home/haselab/projects/stable-deep-world-model/logs/models/retrain_100k_atari_private_eye_atari_private_eye_vta_20260108_185758_to_500000/latest.pt,/home/haselab/projects/stable-deep-world-model/logs/models/retrain_100k_atari_private_eye_atari_private_eye_vta_20260108_185758_to_500000/eval_eps/20260204T232942-8c5bd01602ed440bb414b282be12c764-2699.npz,360,380,0.0,1.5784429193581835e-17,1.9116735458374023,2.739926338195801,0.0,3.2291247844696045,nan,nan,nan,nan
atari_private_eye,/home/haselab/projects/stable-deep-world-model/logs/models/retrain_100k_atari_private_eye_atari_private_eye_vta_20260108_185758_to_500000,/home/haselab/projects/stable-deep-world-model/logs/models/retrain_100k_atari_private_eye_atari_private_eye_vta_20260108_185758_to_500000/latest.pt,/home/haselab/projects/stable-deep-world-model/logs/models/retrain_100k_atari_private_eye_atari_private_eye_vta_20260108_185758_to_500000/eval_eps/20260204T232942-8c5bd01602ed440bb414b282be12c764-2699.npz,365,385,0.0,1.567741683773585e-17,1.779092788696289,2.503479480743408,0.0,3.072115898132324,nan,nan,nan,nan
atari_private_eye,/home/haselab/projects/stable-deep-world-model/logs/models/retrain_100k_atari_private_eye_atari_private_eye_vta_20260108_185758_to_500000,/home/haselab/projects/stable-deep-world-model/logs/models/retrain_100k_atari_private_eye_atari_private_eye_vta_20260108_185758_to_500000/latest.pt,/home/haselab/projects/stable-deep-world-model/logs/models/retrain_100k_atari_private_eye_atari_private_eye_vta_20260108_185758_to_500000/eval_eps/20260204T232942-8c5bd01602ed440bb414b282be12c764-2699.npz,370,390,0.0,1.5461183553808363e-17,1.605690360069275,2.4546236991882324,0.0,3.11672043800354,nan,nan,nan,nan
atari_private_eye,/home/haselab/projects/stable-deep-world-model/logs/models/retrain_100k_atari_private_eye_atari_private_eye_vta_20260108_185758_to_500000,/home/haselab/projects/stable-deep-world-model/logs/models/retrain_100k_atari_private_eye_atari_private_eye_vta_20260108_185758_to_500000/latest.pt,/home/haselab/projects/stable-deep-world-model/logs/models/retrain_100k_atari_private_eye_atari_private_eye_vta_20260108_185758_to_500000/eval_eps/20260204T232942-8c5bd01602ed440bb414b282be12c764-2699.npz,375,395,0.0,9.866441679235736e-20,2.003553867340088,3.741366147994995,0.0,4.389531135559082,nan,nan,nan,nan
atari_private_eye,/home/haselab/projects/stable-deep-world-model/logs/models/retrain_100k_atari_private_eye_atari_private_eye_vta_20260108_185758_to_500000,/home/haselab/projects/stable-deep-world-model/logs/models/retrain_100k_atari_private_eye_atari_private_eye_vta_20260108_185758_to_500000/latest.pt,/home/haselab/projects/stable-deep-world-model/logs/models/retrain_100k_atari_private_eye_atari_private_eye_vta_20260108_185758_to_500000/eval_eps/20260204T232942-8c5bd01602ed440bb414b282be12c764-2699.npz,380,400,0.0,1.780708232938753e-16,2.073246955871582,3.914555788040161,0.0,4.499838829040527,nan,nan,nan,nan
atari_private_eye,/home/haselab/projects/stable-deep-world-model/logs/models/retrain_100k_atari_private_eye_atari_private_eye_vta_20260108_185758_to_500000,/home/haselab/projects/stable-deep-world-model/logs/models/retrain_100k_atari_private_eye_atari_private_eye_vta_20260108_185758_to_500000/latest.pt,/home/haselab/projects/stable-deep-world-model/logs/models/retrain_100k_atari_private_eye_atari_private_eye_vta_20260108_185758_to_500000/eval_eps/20260204T232942-8c5bd01602ed440bb414b282be12c764-2699.npz,385,405,0.0,1.780785392346292e-16,2.2366929054260254,4.226520538330078,0.0,4.725160598754883,nan,nan,nan,nan
atari_private_eye,/home/haselab/projects/stable-deep-world-model/logs/models/retrain_100k_atari_private_eye_atari_private_eye_vta_20260108_185758_to_500000,/home/haselab/projects/stable-deep-world-model/logs/models/retrain_100k_atari_private_eye_atari_private_eye_vta_20260108_185758_to_500000/latest.pt,/home/haselab/projects/stable-deep-world-model/logs/models/retrain_100k_atari_private_eye_atari_private_eye_vta_20260108_185758_to_500000/eval_eps/20260204T232942-8c5bd01602ed440bb414b282be12c764-2699.npz,390,410,0.0,1.7807160415237355e-16,2.2055206298828125,3.9913830757141113,0.0,4.4765400886535645,nan,nan,nan,nan
atari_private_eye,/home/haselab/projects/stable-deep-world-model/logs/models/retrain_100k_atari_private_eye_atari_private_eye_vta_20260108_185758_to_500000,/home/haselab/projects/stable-deep-world-model/logs/models/retrain_100k_atari_private_eye_atari_private_eye_vta_20260108_185758_to_500000/latest.pt,/home/haselab/projects/stable-deep-world-model/logs/models/retrain_100k_atari_private_eye_atari_private_eye_vta_20260108_185758_to_500000/eval_eps/20260204T232942-8c5bd01602ed440bb414b282be12c764-2699.npz,395,415,0.0,1.7803673021774832e-16,1.6131585836410522,2.606276750564575,0.0,3.111840009689331,nan,nan,nan,nan
atari_private_eye,/home/haselab/projects/stable-deep-world-model/logs/models/retrain_100k_atari_private_eye_atari_private_eye_vta_20260108_185758_to_500000,/home/haselab/projects/stable-deep-world-model/logs/models/retrain_100k_atari_private_eye_atari_private_eye_vta_20260108_185758_to_500000/latest.pt,/home/haselab/projects/stable-deep-world-model/logs/models/retrain_100k_atari_private_eye_atari_private_eye_vta_20260108_185758_to_500000/eval_eps/20260204T232942-8c5bd01602ed440bb414b282be12c764-2699.npz,400,420,0.0,1.0201732231950716e-19,1.7384450435638428,2.712059497833252,0.0,3.2641005516052246,nan,nan,nan,nan
atari_private_eye,/home/haselab/projects/stable-deep-world-model/logs/models/retrain_100k_atari_private_eye_atari_private_eye_vta_20260108_185758_to_500000,/home/haselab/projects/stable-deep-world-model/logs/models/retrain_100k_atari_private_eye_atari_private_eye_vta_20260108_185758_to_500000/latest.pt,/home/haselab/projects/stable-deep-world-model/logs/models/retrain_100k_atari_private_eye_atari_private_eye_vta_20260108_185758_to_500000/eval_eps/20260204T232942-8c5bd01602ed440bb414b282be12c764-2699.npz,405,425,0.0,3.1999508879983784e-18,1.7115039825439453,2.6902849674224854,0.0,3.2310497760772705,nan,nan,nan,nan
atari_private_eye,/home/haselab/projects/stable-deep-world-model/logs/models/retrain_100k_atari_private_eye_atari_private_eye_vta_20260108_185758_to_500000,/home/haselab/projects/stable-deep-world-model/logs/models/retrain_100k_atari_private_eye_atari_private_eye_vta_20260108_185758_to_500000/latest.pt,/home/haselab/projects/stable-deep-world-model/logs/models/retrain_100k_atari_private_eye_atari_private_eye_vta_20260108_185758_to_500000/eval_eps/20260204T232942-8c5bd01602ed440bb414b282be12c764-2699.npz,410,430,0.0,1.5243507733067032e-15,1.9298889636993408,2.884976625442505,0.0,3.3298802375793457,nan,nan,nan,nan
atari_private_eye,/home/haselab/projects/stable-deep-world-model/logs/models/retrain_100k_atari_private_eye_atari_private_eye_vta_20260108_185758_to_500000,/home/haselab/projects/stable-deep-world-model/logs/models/retrain_100k_atari_private_eye_atari_private_eye_vta_20260108_185758_to_500000/latest.pt,/home/haselab/projects/stable-deep-world-model/logs/models/retrain_100k_atari_private_eye_atari_private_eye_vta_20260108_185758_to_500000/eval_eps/20260204T232942-8c5bd01602ed440bb414b282be12c764-2699.npz,415,435,0.0,1.5243763960533577e-15,2.006829261779785,3.0585052967071533,0.0,3.4160494804382324,nan,nan,nan,nan
atari_private_eye,/home/haselab/projects/stable-deep-world-model/logs/models/retrain_100k_atari_private_eye_atari_private_eye_vta_20260108_185758_to_500000,/home/haselab/projects/stable-deep-world-model/logs/models/retrain_100k_atari_private_eye_atari_private_eye_vta_20260108_185758_to_500000/latest.pt,/home/haselab/projects/stable-deep-world-model/logs/models/retrain_100k_atari_private_eye_atari_private_eye_vta_20260108_185758_to_500000/eval_eps/20260204T232942-8c5bd01602ed440bb414b282be12c764-2699.npz,420,440,0.0,1.5244574994580573e-15,1.7742983102798462,2.731458902359009,0.0,3.0796971321105957,nan,nan,nan,nan
atari_private_eye,/home/haselab/projects/stable-deep-world-model/logs/models/retrain_100k_atari_private_eye_atari_private_eye_vta_20260108_185758_to_500000,/home/haselab/projects/stable-deep-world-model/logs/models/retrain_100k_atari_private_eye_atari_private_eye_vta_20260108_185758_to_500000/latest.pt,/home/haselab/projects/stable-deep-world-model/logs/models/retrain_100k_atari_private_eye_atari_private_eye_vta_20260108_185758_to_500000/eval_eps/20260204T232942-8c5bd01602ed440bb414b282be12c764-2699.npz,425,445,0.0,1.5554749989535625e-15,1.6452995538711548,2.4682869911193848,0.0,2.913053035736084,nan,nan,nan,nan
atari_private_eye,/home/haselab/projects/stable-deep-world-model/logs/models/retrain_100k_atari_private_eye_atari_private_eye_vta_20260108_185758_to_500000,/home/haselab/projects/stable-deep-world-model/logs/models/retrain_100k_atari_private_eye_atari_private_eye_vta_20260108_185758_to_500000/latest.pt,/home/haselab/projects/stable-deep-world-model/logs/models/retrain_100k_atari_private_eye_atari_private_eye_vta_20260108_185758_to_500000/eval_eps/20260204T232942-8c5bd01602ed440bb414b282be12c764-2699.npz,430,450,0.0,3.431615681202379e-17,1.7947105169296265,3.245569944381714,0.0,3.7506394386291504,nan,nan,nan,nan
atari_private_eye,/home/haselab/projects/stable-deep-world-model/logs/models/retrain_100k_atari_private_eye_atari_private_eye_vta_20260108_185758_to_500000,/home/haselab/projects/stable-deep-world-model/logs/models/retrain_100k_atari_private_eye_atari_private_eye_vta_20260108_185758_to_500000/latest.pt,/home/haselab/projects/stable-deep-world-model/logs/models/retrain_100k_atari_private_eye_atari_private_eye_vta_20260108_185758_to_500000/eval_eps/20260204T232942-8c5bd01602ed440bb414b282be12c764-2699.npz,435,455,0.0,3.4290358703079486e-17,2.1102375984191895,4.07064151763916,0.0,4.63686466217041,nan,nan,nan,nan
atari_private_eye,/home/haselab/projects/stable-deep-world-model/logs/models/retrain_100k_atari_private_eye_atari_private_eye_vta_20260108_185758_to_500000,/home/haselab/projects/stable-deep-world-model/logs/models/retrain_100k_atari_private_eye_atari_private_eye_vta_20260108_185758_to_500000/latest.pt,/home/haselab/projects/stable-deep-world-model/logs/models/retrain_100k_atari_private_eye_atari_private_eye_vta_20260108_185758_to_500000/eval_eps/20260204T232942-8c5bd01602ed440bb414b282be12c764-2699.npz,440,460,0.0,3.4162453419321636e-17,2.126753091812134,4.033029079437256,0.0,4.651253700256348,nan,nan,nan,nan
atari_private_eye,/home/haselab/projects/stable-deep-world-model/logs/models/retrain_100k_atari_private_eye_atari_private_eye_vta_20260108_185758_to_500000,/home/haselab/projects/stable-deep-world-model/logs/models/retrain_100k_atari_private_eye_atari_private_eye_vta_20260108_185758_to_500000/latest.pt,/home/haselab/projects/stable-deep-world-model/logs/models/retrain_100k_atari_private_eye_atari_private_eye_vta_20260108_185758_to_500000/eval_eps/20260204T232942-8c5bd01602ed440bb414b282be12c764-2699.npz,445,465,0.0,3.3172650691309597e-21,2.1571996212005615,4.17496395111084,0.0,4.830313205718994,nan,nan,nan,nan
atari_private_eye,/home/haselab/projects/stable-deep-world-model/logs/models/retrain_100k_atari_private_eye_atari_private_eye_vta_20260108_185758_to_500000,/home/haselab/projects/stable-deep-world-model/logs/models/retrain_100k_atari_private_eye_atari_private_eye_vta_20260108_185758_to_500000/latest.pt,/home/haselab/projects/stable-deep-world-model/logs/models/retrain_100k_atari_private_eye_atari_private_eye_vta_20260108_185758_to_500000/eval_eps/20260204T232942-8c5bd01602ed440bb414b282be12c764-2699.npz,450,470,0.0,7.064169580497772e-18,1.9717859029769897,3.477489471435547,0.0,4.099456310272217,nan,nan,nan,nan
atari_private_eye,/home/haselab/projects/stable-deep-world-model/logs/models/retrain_100k_atari_private_eye_atari_private_eye_vta_20260108_185758_to_500000,/home/haselab/projects/stable-deep-world-model/logs/models/retrain_100k_atari_private_eye_atari_private_eye_vta_20260108_185758_to_500000/latest.pt,/home/haselab/projects/stable-deep-world-model/logs/models/retrain_100k_atari_private_eye_atari_private_eye_vta_20260108_185758_to_500000/eval_eps/20260204T232942-8c5bd01602ed440bb414b282be12c764-2699.npz,455,475,0.0,1.8871178057287586e-16,1.7358524799346924,2.7413315773010254,0.0,3.389009952545166,nan,nan,nan,nan
atari_private_eye,/home/haselab/projects/stable-deep-world-model/logs/models/retrain_100k_atari_private_eye_atari_private_eye_vta_20260108_185758_to_500000,/home/haselab/projects/stable-deep-world-model/logs/models/retrain_100k_atari_private_eye_atari_private_eye_vta_20260108_185758_to_500000/latest.pt,/home/haselab/projects/stable-deep-world-model/logs/models/retrain_100k_atari_private_eye_atari_private_eye_vta_20260108_185758_to_500000/eval_eps/20260204T232942-8c5bd01602ed440bb414b282be12c764-2699.npz,460,480,0.0,7.472738007101027e-16,1.980825662612915,3.163097858428955,0.0,3.7237629890441895,nan,nan,nan,nan
atari_private_eye,/home/haselab/projects/stable-deep-world-model/logs/models/retrain_100k_atari_private_eye_atari_private_eye_vta_20260108_185758_to_500000,/home/haselab/projects/stable-deep-world-model/logs/models/retrain_100k_atari_private_eye_atari_private_eye_vta_20260108_185758_to_500000/latest.pt,/home/haselab/projects/stable-deep-world-model/logs/models/retrain_100k_atari_private_eye_atari_private_eye_vta_20260108_185758_to_500000/eval_eps/20260204T232942-8c5bd01602ed440bb414b282be12c764-2699.npz,465,485,0.0,7.472736418914251e-16,1.993682622909546,3.083104372024536,0.0,3.5455737113952637,nan,nan,nan,nan
atari_private_eye,/home/haselab/projects/stable-deep-world-model/logs/models/retrain_100k_atari_private_eye_atari_private_eye_vta_20260108_185758_to_500000,/home/haselab/projects/stable-deep-world-model/logs/models/retrain_100k_atari_private_eye_atari_private_eye_vta_20260108_185758_to_500000/latest.pt,/home/haselab/projects/stable-deep-world-model/logs/models/retrain_100k_atari_private_eye_atari_private_eye_vta_20260108_185758_to_500000/eval_eps/20260204T232942-8c5bd01602ed440bb414b282be12c764-2699.npz,470,490,0.0,7.402101282651531e-16,1.784616470336914,2.8007943630218506,0.0,3.3171133995056152,nan,nan,nan,nan
atari_private_eye,/home/haselab/projects/stable-deep-world-model/logs/models/retrain_100k_atari_private_eye_atari_private_eye_vta_20260108_185758_to_500000,/home/haselab/projects/stable-deep-world-model/logs/models/retrain_100k_atari_private_eye_atari_private_eye_vta_20260108_185758_to_500000/latest.pt,/home/haselab/projects/stable-deep-world-model/logs/models/retrain_100k_atari_private_eye_atari_private_eye_vta_20260108_185758_to_500000/eval_eps/20260204T232942-8c5bd01602ed440bb414b282be12c764-2699.npz,475,495,0.0,5.585876296489915e-16,1.7321380376815796,2.7787795066833496,0.0,3.370271682739258,nan,nan,nan,nan
atari_private_eye,/home/haselab/projects/stable-deep-world-model/logs/models/retrain_100k_atari_private_eye_atari_private_eye_vta_20260108_185758_to_500000,/home/haselab/projects/stable-deep-world-model/logs/models/retrain_100k_atari_private_eye_atari_private_eye_vta_20260108_185758_to_500000/latest.pt,/home/haselab/projects/stable-deep-world-model/logs/models/retrain_100k_atari_private_eye_atari_private_eye_vta_20260108_185758_to_500000/eval_eps/20260204T232942-8c5bd01602ed440bb414b282be12c764-2699.npz,480,500,0.0,1.1286593584666364e-16,1.4874496459960938,2.475080728530884,0.0,3.1063597202301025,nan,nan,nan,nan
atari_private_eye,/home/haselab/projects/stable-deep-world-model/logs/models/retrain_100k_atari_private_eye_atari_private_eye_vta_20260108_185758_to_500000,/home/haselab/projects/stable-deep-world-model/logs/models/retrain_100k_atari_private_eye_atari_private_eye_vta_20260108_185758_to_500000/latest.pt,/home/haselab/projects/stable-deep-world-model/logs/models/retrain_100k_atari_private_eye_atari_private_eye_vta_20260108_185758_to_500000/eval_eps/20260204T232942-8c5bd01602ed440bb414b282be12c764-2699.npz,485,505,0.0,1.1412532825544298e-16,1.5737007856369019,2.5788002014160156,0.0,3.2323365211486816,nan,nan,nan,nan
atari_private_eye,/home/haselab/projects/stable-deep-world-model/logs/models/retrain_100k_atari_private_eye_atari_private_eye_vta_20260108_185758_to_500000,/home/haselab/projects/stable-deep-world-model/logs/models/retrain_100k_atari_private_eye_atari_private_eye_vta_20260108_185758_to_500000/latest.pt,/home/haselab/projects/stable-deep-world-model/logs/models/retrain_100k_atari_private_eye_atari_private_eye_vta_20260108_185758_to_500000/eval_eps/20260204T232942-8c5bd01602ed440bb414b282be12c764-2699.npz,490,510,0.0,1.1765512630488846e-16,1.7938854694366455,2.785560131072998,0.0,3.4022834300994873,nan,nan,nan,nan
atari_private_eye,/home/haselab/projects/stable-deep-world-model/logs/models/retrain_100k_atari_private_eye_atari_private_eye_vta_20260108_185758_to_500000,/home/haselab/projects/stable-deep-world-model/logs/models/retrain_100k_atari_private_eye_atari_private_eye_vta_20260108_185758_to_500000/latest.pt,/home/haselab/projects/stable-deep-world-model/logs/models/retrain_100k_atari_private_eye_atari_private_eye_vta_20260108_185758_to_500000/eval_eps/20260204T232942-8c5bd01602ed440bb414b282be12c764-2699.npz,495,515,0.0,1.1987468349893975e-16,1.8676445484161377,2.958993673324585,0.0,3.376445770263672,nan,nan,nan,nan
atari_private_eye,/home/haselab/projects/stable-deep-world-model/logs/models/retrain_100k_atari_private_eye_atari_private_eye_vta_20260108_185758_to_500000,/home/haselab/projects/stable-deep-world-model/logs/models/retrain_100k_atari_private_eye_atari_private_eye_vta_20260108_185758_to_500000/latest.pt,/home/haselab/projects/stable-deep-world-model/logs/models/retrain_100k_atari_private_eye_atari_private_eye_vta_20260108_185758_to_500000/eval_eps/20260204T232942-8c5bd01602ed440bb414b282be12c764-2699.npz,500,520,0.0,1.648616621187997e-17,2.0870025157928467,3.1208033561706543,0.0,3.5352835655212402,nan,nan,nan,nan
atari_private_eye,/home/haselab/projects/stable-deep-world-model/logs/models/retrain_100k_atari_private_eye_atari_private_eye_vta_20260108_185758_to_500000,/home/haselab/projects/stable-deep-world-model/logs/models/retrain_100k_atari_private_eye_atari_private_eye_vta_20260108_185758_to_500000/latest.pt,/home/haselab/projects/stable-deep-world-model/logs/models/retrain_100k_atari_private_eye_atari_private_eye_vta_20260108_185758_to_500000/eval_eps/20260204T232942-8c5bd01602ed440bb414b282be12c764-2699.npz,505,525,0.0,1.6564816198882738e-17,2.1368870735168457,3.2955875396728516,0.0,3.671670913696289,nan,nan,nan,nan
atari_private_eye,/home/haselab/projects/stable-deep-world-model/logs/models/retrain_100k_atari_private_eye_atari_private_eye_vta_20260108_185758_to_500000,/home/haselab/projects/stable-deep-world-model/logs/models/retrain_100k_atari_private_eye_atari_private_eye_vta_20260108_185758_to_500000/latest.pt,/home/haselab/projects/stable-deep-world-model/logs/models/retrain_100k_atari_private_eye_atari_private_eye_vta_20260108_185758_to_500000/eval_eps/20260204T232942-8c5bd01602ed440bb414b282be12c764-2699.npz,510,530,0.0,1.828286867679415e-17,2.0677103996276855,3.303443193435669,0.0,3.677138090133667,nan,nan,nan,nan
atari_private_eye,/home/haselab/projects/stable-deep-world-model/logs/models/retrain_100k_atari_private_eye_atari_private_eye_vta_20260108_185758_to_500000,/home/haselab/projects/stable-deep-world-model/logs/models/retrain_100k_atari_private_eye_atari_private_eye_vta_20260108_185758_to_500000/latest.pt,/home/haselab/projects/stable-deep-world-model/logs/models/retrain_100k_atari_private_eye_atari_private_eye_vta_20260108_185758_to_500000/eval_eps/20260204T232942-8c5bd01602ed440bb414b282be12c764-2699.npz,515,535,0.0,1.1044098639779299e-16,2.1337485313415527,3.3597412109375,0.0,3.7703285217285156,nan,nan,nan,nan
atari_private_eye,/home/haselab/projects/stable-deep-world-model/logs/models/retrain_100k_atari_private_eye_atari_private_eye_vta_20260108_185758_to_500000,/home/haselab/projects/stable-deep-world-model/logs/models/retrain_100k_atari_private_eye_atari_private_eye_vta_20260108_185758_to_500000/latest.pt,/home/haselab/projects/stable-deep-world-model/logs/models/retrain_100k_atari_private_eye_atari_private_eye_vta_20260108_185758_to_500000/eval_eps/20260204T232942-8c5bd01602ed440bb414b282be12c764-2699.npz,520,540,0.0,1.0813275544207602e-16,2.1180102825164795,3.423475742340088,0.0,3.8202621936798096,nan,nan,nan,nan
atari_private_eye,/home/haselab/projects/stable-deep-world-model/logs/models/retrain_100k_atari_private_eye_atari_private_eye_vta_20260108_185758_to_500000,/home/haselab/projects/stable-deep-world-model/logs/models/retrain_100k_atari_private_eye_atari_private_eye_vta_20260108_185758_to_500000/latest.pt,/home/haselab/projects/stable-deep-world-model/logs/models/retrain_100k_atari_private_eye_atari_private_eye_vta_20260108_185758_to_500000/eval_eps/20260204T232942-8c5bd01602ed440bb414b282be12c764-2699.npz,525,545,0.0,1.3988366635589526e-16,2.1263864040374756,3.431718349456787,0.0,3.8095359802246094,nan,nan,nan,nan
atari_private_eye,/home/haselab/projects/stable-deep-world-model/logs/models/retrain_100k_atari_private_eye_atari_private_eye_vta_20260108_185758_to_500000,/home/haselab/projects/stable-deep-world-model/logs/models/retrain_100k_atari_private_eye_atari_private_eye_vta_20260108_185758_to_500000/latest.pt,/home/haselab/projects/stable-deep-world-model/logs/models/retrain_100k_atari_private_eye_atari_private_eye_vta_20260108_185758_to_500000/eval_eps/20260204T232942-8c5bd01602ed440bb414b282be12c764-2699.npz,530,550,0.0,7.079345730847384e-16,2.1369354724884033,3.4942626953125,0.0,3.8537113666534424,nan,nan,nan,nan
atari_private_eye,/home/haselab/projects/stable-deep-world-model/logs/models/retrain_100k_atari_private_eye_atari_private_eye_vta_20260108_185758_to_500000,/home/haselab/projects/stable-deep-world-model/logs/models/retrain_100k_atari_private_eye_atari_private_eye_vta_20260108_185758_to_500000/latest.pt,/home/haselab/projects/stable-deep-world-model/logs/models/retrain_100k_atari_private_eye_atari_private_eye_vta_20260108_185758_to_500000/eval_eps/20260204T232942-8c5bd01602ed440bb414b282be12c764-2699.npz,535,555,0.0,9.306702510156108e-16,2.1193766593933105,3.255167007446289,0.0,3.6716716289520264,nan,nan,nan,nan
atari_private_eye,/home/haselab/projects/stable-deep-world-model/logs/models/retrain_100k_atari_private_eye_atari_private_eye_vta_20260108_185758_to_500000,/home/haselab/projects/stable-deep-world-model/logs/models/retrain_100k_atari_private_eye_atari_private_eye_vta_20260108_185758_to_500000/latest.pt,/home/haselab/projects/stable-deep-world-model/logs/models/retrain_100k_atari_private_eye_atari_private_eye_vta_20260108_185758_to_500000/eval_eps/20260204T232942-8c5bd01602ed440bb414b282be12c764-2699.npz,540,560,0.0,9.235302926658491e-16,1.9409160614013672,3.0114858150482178,0.0,3.4450695514678955,nan,nan,nan,nan
atari_private_eye,/home/haselab/projects/stable-deep-world-model/logs/models/retrain_100k_atari_private_eye_atari_private_eye_vta_20260108_185758_to_500000,/home/haselab/projects/stable-deep-world-model/logs/models/retrain_100k_atari_private_eye_atari_private_eye_vta_20260108_185758_to_500000/latest.pt,/home/haselab/projects/stable-deep-world-model/logs/models/retrain_100k_atari_private_eye_atari_private_eye_vta_20260108_185758_to_500000/eval_eps/20260204T232942-8c5bd01602ed440bb414b282be12c764-2699.npz,545,565,0.0,8.906008280501541e-16,1.7438936233520508,2.6157732009887695,0.0,3.106668472290039,nan,nan,nan,nan
atari_private_eye,/home/haselab/projects/stable-deep-world-model/logs/models/retrain_100k_atari_private_eye_atari_private_eye_vta_20260108_185758_to_500000,/home/haselab/projects/stable-deep-world-model/logs/models/retrain_100k_atari_private_eye_atari_private_eye_vta_20260108_185758_to_500000/latest.pt,/home/haselab/projects/stable-deep-world-model/logs/models/retrain_100k_atari_private_eye_atari_private_eye_vta_20260108_185758_to_500000/eval_eps/20260204T232942-8c5bd01602ed440bb414b282be12c764-2699.npz,550,570,0.0,3.17609217844646e-16,1.680235505104065,2.667177677154541,0.0,3.1821951866149902,nan,nan,nan,nan
atari_private_eye,/home/haselab/projects/stable-deep-world-model/logs/models/retrain_100k_atari_private_eye_atari_private_eye_vta_20260108_185758_to_500000,/home/haselab/projects/stable-deep-world-model/logs/models/retrain_100k_atari_private_eye_atari_private_eye_vta_20260108_185758_to_500000/latest.pt,/home/haselab/projects/stable-deep-world-model/logs/models/retrain_100k_atari_private_eye_atari_private_eye_vta_20260108_185758_to_500000/eval_eps/20260204T232942-8c5bd01602ed440bb414b282be12c764-2699.npz,555,575,0.0,4.774506658183507e-19,1.7100414037704468,3.4032108783721924,0.0,3.868187427520752,nan,nan,nan,nan
atari_private_eye,/home/haselab/projects/stable-deep-world-model/logs/models/retrain_100k_atari_private_eye_atari_private_eye_vta_20260108_185758_to_500000,/home/haselab/projects/stable-deep-world-model/logs/models/retrain_100k_atari_private_eye_atari_private_eye_vta_20260108_185758_to_500000/latest.pt,/home/haselab/projects/stable-deep-world-model/logs/models/retrain_100k_atari_private_eye_atari_private_eye_vta_20260108_185758_to_500000/eval_eps/20260204T232942-8c5bd01602ed440bb414b282be12c764-2699.npz,560,580,0.0,2.007362867618775e-16,1.859384536743164,3.6994919776916504,0.0,4.192402362823486,nan,nan,nan,nan
atari_private_eye,/home/haselab/projects/stable-deep-world-model/logs/models/retrain_100k_atari_private_eye_atari_private_eye_vta_20260108_185758_to_500000,/home/haselab/projects/stable-deep-world-model/logs/models/retrain_100k_atari_private_eye_atari_private_eye_vta_20260108_185758_to_500000/latest.pt,/home/haselab/projects/stable-deep-world-model/logs/models/retrain_100k_atari_private_eye_atari_private_eye_vta_20260108_185758_to_500000/eval_eps/20260204T232942-8c5bd01602ed440bb414b282be12c764-2699.npz,565,585,0.0,2.0089556866063072e-16,1.8638452291488647,3.857177257537842,0.0,4.345390796661377,nan,nan,nan,nan
atari_private_eye,/home/haselab/projects/stable-deep-world-model/logs/models/retrain_100k_atari_private_eye_atari_private_eye_vta_20260108_185758_to_500000,/home/haselab/projects/stable-deep-world-model/logs/models/retrain_100k_atari_private_eye_atari_private_eye_vta_20260108_185758_to_500000/latest.pt,/home/haselab/projects/stable-deep-world-model/logs/models/retrain_100k_atari_private_eye_atari_private_eye_vta_20260108_185758_to_500000/eval_eps/20260204T232942-8c5bd01602ed440bb414b282be12c764-2699.npz,570,590,0.0,2.0131001923474429e-16,1.947289228439331,3.704942226409912,0.0,4.168545246124268,nan,nan,nan,nan
atari_private_eye,/home/haselab/projects/stable-deep-world-model/logs/models/retrain_100k_atari_private_eye_atari_private_eye_vta_20260108_185758_to_500000,/home/haselab/projects/stable-deep-world-model/logs/models/retrain_100k_atari_private_eye_atari_private_eye_vta_20260108_185758_to_500000/latest.pt,/home/haselab/projects/stable-deep-world-model/logs/models/retrain_100k_atari_private_eye_atari_private_eye_vta_20260108_185758_to_500000/eval_eps/20260204T232942-8c5bd01602ed440bb414b282be12c764-2699.npz,575,595,0.0,2.30004438228176e-16,1.8129688501358032,2.949709177017212,0.0,3.4253833293914795,nan,nan,nan,nan
atari_private_eye,/home/haselab/projects/stable-deep-world-model/logs/models/retrain_100k_atari_private_eye_atari_private_eye_vta_20260108_185758_to_500000,/home/haselab/projects/stable-deep-world-model/logs/models/retrain_100k_atari_private_eye_atari_private_eye_vta_20260108_185758_to_500000/latest.pt,/home/haselab/projects/stable-deep-world-model/logs/models/retrain_100k_atari_private_eye_atari_private_eye_vta_20260108_185758_to_500000/eval_eps/20260204T232942-8c5bd01602ed440bb414b282be12c764-2699.npz,580,600,0.0,1.8853083315951866e-16,1.8859903812408447,3.155510187149048,0.0,3.5852210521698,nan,nan,nan,nan
atari_private_eye,/home/haselab/projects/stable-deep-world-model/logs/models/retrain_100k_atari_private_eye_atari_private_eye_vta_20260108_185758_to_500000,/home/haselab/projects/stable-deep-world-model/logs/models/retrain_100k_atari_private_eye_atari_private_eye_vta_20260108_185758_to_500000/latest.pt,/home/haselab/projects/stable-deep-world-model/logs/models/retrain_100k_atari_private_eye_atari_private_eye_vta_20260108_185758_to_500000/eval_eps/20260204T232942-8c5bd01602ed440bb414b282be12c764-2699.npz,585,605,0.0,1.9255110299009378e-16,2.059464931488037,3.170470714569092,0.0,3.5654263496398926,nan,nan,nan,nan
atari_private_eye,/home/haselab/projects/stable-deep-world-model/logs/models/retrain_100k_atari_private_eye_atari_private_eye_vta_20260108_185758_to_500000,/home/haselab/projects/stable-deep-world-model/logs/models/retrain_100k_atari_private_eye_atari_private_eye_vta_20260108_185758_to_500000/latest.pt,/home/haselab/projects/stable-deep-world-model/logs/models/retrain_100k_atari_private_eye_atari_private_eye_vta_20260108_185758_to_500000/eval_eps/20260204T232942-8c5bd01602ed440bb414b282be12c764-2699.npz,590,610,0.0,1.9182952356326172e-16,2.002408504486084,3.168098211288452,0.0,3.576054811477661,nan,nan,nan,nan
atari_private_eye,/home/haselab/projects/stable-deep-world-model/logs/models/retrain_100k_atari_private_eye_atari_private_eye_vta_20260108_185758_to_500000,/home/haselab/projects/stable-deep-world-model/logs/models/retrain_100k_atari_private_eye_atari_private_eye_vta_20260108_185758_to_500000/latest.pt,/home/haselab/projects/stable-deep-world-model/logs/models/retrain_100k_atari_private_eye_atari_private_eye_vta_20260108_185758_to_500000/eval_eps/20260204T232942-8c5bd01602ed440bb414b282be12c764-2699.npz,595,615,0.0,1.6312872535294602e-16,2.0123836994171143,3.2847957611083984,0.0,3.7359306812286377,nan,nan,nan,nan
atari_private_eye,/home/haselab/projects/stable-deep-world-model/logs/models/retrain_100k_atari_private_eye_atari_private_eye_vta_20260108_185758_to_500000,/home/haselab/projects/stable-deep-world-model/logs/models/retrain_100k_atari_private_eye_atari_private_eye_vta_20260108_185758_to_500000/latest.pt,/home/haselab/projects/stable-deep-world-model/logs/models/retrain_100k_atari_private_eye_atari_private_eye_vta_20260108_185758_to_500000/eval_eps/20260204T232942-8c5bd01602ed440bb414b282be12c764-2699.npz,600,620,0.0,4.345148738468084e-18,1.8008190393447876,2.971748113632202,0.0,3.43257474899292,nan,nan,nan,nan
atari_private_eye,/home/haselab/projects/stable-deep-world-model/logs/models/retrain_100k_atari_private_eye_atari_private_eye_vta_20260108_185758_to_500000,/home/haselab/projects/stable-deep-world-model/logs/models/retrain_100k_atari_private_eye_atari_private_eye_vta_20260108_185758_to_500000/latest.pt,/home/haselab/projects/stable-deep-world-model/logs/models/retrain_100k_atari_private_eye_atari_private_eye_vta_20260108_185758_to_500000/eval_eps/20260204T232942-8c5bd01602ed440bb414b282be12c764-2699.npz,605,625,0.0,4.286749270233957e-19,1.8118245601654053,3.070101261138916,0.0,3.5024685859680176,nan,nan,nan,nan
atari_private_eye,/home/haselab/projects/stable-deep-world-model/logs/models/retrain_100k_atari_private_eye_atari_private_eye_vta_20260108_185758_to_500000,/home/haselab/projects/stable-deep-world-model/logs/models/retrain_100k_atari_private_eye_atari_private_eye_vta_20260108_185758_to_500000/latest.pt,/home/haselab/projects/stable-deep-world-model/logs/models/retrain_100k_atari_private_eye_atari_private_eye_vta_20260108_185758_to_500000/eval_eps/20260204T232942-8c5bd01602ed440bb414b282be12c764-2699.npz,610,630,0.0,4.720038365810538e-19,1.7672992944717407,2.9594953060150146,0.0,3.4441447257995605,nan,nan,nan,nan
atari_private_eye,/home/haselab/projects/stable-deep-world-model/logs/models/retrain_100k_atari_private_eye_atari_private_eye_vta_20260108_185758_to_500000,/home/haselab/projects/stable-deep-world-model/logs/models/retrain_100k_atari_private_eye_atari_private_eye_vta_20260108_185758_to_500000/latest.pt,/home/haselab/projects/stable-deep-world-model/logs/models/retrain_100k_atari_private_eye_atari_private_eye_vta_20260108_185758_to_500000/eval_eps/20260204T232942-8c5bd01602ed440bb414b282be12c764-2699.npz,615,635,0.0,4.713914127350349e-19,1.6309192180633545,2.7286133766174316,0.0,3.2126002311706543,nan,nan,nan,nan
atari_private_eye,/home/haselab/projects/stable-deep-world-model/logs/models/retrain_100k_atari_private_eye_atari_private_eye_vta_20260108_185758_to_500000,/home/haselab/projects/stable-deep-world-model/logs/models/retrain_100k_atari_private_eye_atari_private_eye_vta_20260108_185758_to_500000/latest.pt,/home/haselab/projects/stable-deep-world-model/logs/models/retrain_100k_atari_private_eye_atari_private_eye_vta_20260108_185758_to_500000/eval_eps/20260204T232942-8c5bd01602ed440bb414b282be12c764-2699.npz,620,640,0.0,4.66024871715944e-19,1.4963839054107666,2.3467307090759277,0.0,2.9145796298980713,nan,nan,nan,nan
atari_private_eye,/home/haselab/projects/stable-deep-world-model/logs/models/retrain_100k_atari_private_eye_atari_private_eye_vta_20260108_185758_to_500000,/home/haselab/projects/stable-deep-world-model/logs/models/retrain_100k_atari_private_eye_atari_private_eye_vta_20260108_185758_to_500000/latest.pt,/home/haselab/projects/stable-deep-world-model/logs/models/retrain_100k_atari_private_eye_atari_private_eye_vta_20260108_185758_to_500000/eval_eps/20260204T232942-8c5bd01602ed440bb414b282be12c764-2699.npz,625,645,0.0,4.3553763743779043e-20,1.3893036842346191,2.45280385017395,0.0,3.2645905017852783,nan,nan,nan,nan
atari_private_eye,/home/haselab/projects/stable-deep-world-model/logs/models/retrain_100k_atari_private_eye_atari_private_eye_vta_20260108_185758_to_500000,/home/haselab/projects/stable-deep-world-model/logs/models/retrain_100k_atari_private_eye_atari_private_eye_vta_20260108_185758_to_500000/latest.pt,/home/haselab/projects/stable-deep-world-model/logs/models/retrain_100k_atari_private_eye_atari_private_eye_vta_20260108_185758_to_500000/eval_eps/20260204T232942-8c5bd01602ed440bb414b282be12c764-2699.npz,630,650,0.0,2.383331053096219e-22,1.3191986083984375,2.3980515003204346,0.0,3.231757402420044,nan,nan,nan,nan
atari_private_eye,/home/haselab/projects/stable-deep-world-model/logs/models/retrain_100k_atari_private_eye_atari_private_eye_vta_20260108_185758_to_500000,/home/haselab/projects/stable-deep-world-model/logs/models/retrain_100k_atari_private_eye_atari_private_eye_vta_20260108_185758_to_500000/latest.pt,/home/haselab/projects/stable-deep-world-model/logs/models/retrain_100k_atari_private_eye_atari_private_eye_vta_20260108_185758_to_500000/eval_eps/20260204T232942-8c5bd01602ed440bb414b282be12c764-2699.npz,635,655,0.0,1.4239092315146004e-21,1.5181524753570557,2.6132800579071045,0.0,3.401276111602783,nan,nan,nan,nan
atari_private_eye,/home/haselab/projects/stable-deep-world-model/logs/models/retrain_100k_atari_private_eye_atari_private_eye_vta_20260108_185758_to_500000,/home/haselab/projects/stable-deep-world-model/logs/models/retrain_100k_atari_private_eye_atari_private_eye_vta_20260108_185758_to_500000/latest.pt,/home/haselab/projects/stable-deep-world-model/logs/models/retrain_100k_atari_private_eye_atari_private_eye_vta_20260108_185758_to_500000/eval_eps/20260204T232942-8c5bd01602ed440bb414b282be12c764-2699.npz,640,660,0.0,3.2156730323529913e-20,1.798211693763733,2.972611904144287,0.0,3.669950485229492,nan,nan,nan,nan
atari_private_eye,/home/haselab/projects/stable-deep-world-model/logs/models/retrain_100k_atari_private_eye_atari_private_eye_vta_20260108_185758_to_500000,/home/haselab/projects/stable-deep-world-model/logs/models/retrain_100k_atari_private_eye_atari_private_eye_vta_20260108_185758_to_500000/latest.pt,/home/haselab/projects/stable-deep-world-model/logs/models/retrain_100k_atari_private_eye_atari_private_eye_vta_20260108_185758_to_500000/eval_eps/20260204T232942-8c5bd01602ed440bb414b282be12c764-2699.npz,645,665,0.0,4.6352891237870204e-20,1.9397926330566406,2.996011257171631,0.0,3.4805996417999268,nan,nan,nan,nan
atari_private_eye,/home/haselab/projects/stable-deep-world-model/logs/models/retrain_100k_atari_private_eye_atari_private_eye_vta_20260108_185758_to_500000,/home/haselab/projects/stable-deep-world-model/logs/models/retrain_100k_atari_private_eye_atari_private_eye_vta_20260108_185758_to_500000/latest.pt,/home/haselab/projects/stable-deep-world-model/logs/models/retrain_100k_atari_private_eye_atari_private_eye_vta_20260108_185758_to_500000/eval_eps/20260204T232942-8c5bd01602ed440bb414b282be12c764-2699.npz,650,670,0.0,4.6339029500261406e-20,2.0353031158447266,3.0079965591430664,0.0,3.445920467376709,nan,nan,nan,nan
atari_private_eye,/home/haselab/projects/stable-deep-world-model/logs/models/retrain_100k_atari_private_eye_atari_private_eye_vta_20260108_185758_to_500000,/home/haselab/projects/stable-deep-world-model/logs/models/retrain_100k_atari_private_eye_atari_private_eye_vta_20260108_185758_to_500000/latest.pt,/home/haselab/projects/stable-deep-world-model/logs/models/retrain_100k_atari_private_eye_atari_private_eye_vta_20260108_185758_to_500000/eval_eps/20260204T232942-8c5bd01602ed440bb414b282be12c764-2699.npz,655,675,0.0,4.510479847814986e-20,1.8314218521118164,2.795053243637085,0.0,3.317822217941284,nan,nan,nan,nan
atari_private_eye,/home/haselab/projects/stable-deep-world-model/logs/models/retrain_100k_atari_private_eye_atari_private_eye_vta_20260108_185758_to_500000,/home/haselab/projects/stable-deep-world-model/logs/models/retrain_100k_atari_private_eye_atari_private_eye_vta_20260108_185758_to_500000/latest.pt,/home/haselab/projects/stable-deep-world-model/logs/models/retrain_100k_atari_private_eye_atari_private_eye_vta_20260108_185758_to_500000/eval_eps/20260204T232942-8c5bd01602ed440bb414b282be12c764-2699.npz,660,680,0.0,1.4420174995151576e-20,1.6319339275360107,2.5516843795776367,0.0,3.117913246154785,nan,nan,nan,nan
atari_private_eye,/home/haselab/projects/stable-deep-world-model/logs/models/retrain_100k_atari_private_eye_atari_private_eye_vta_20260108_185758_to_500000,/home/haselab/projects/stable-deep-world-model/logs/models/retrain_100k_atari_private_eye_atari_private_eye_vta_20260108_185758_to_500000/latest.pt,/home/haselab/projects/stable-deep-world-model/logs/models/retrain_100k_atari_private_eye_atari_private_eye_vta_20260108_185758_to_500000/eval_eps/20260204T232942-8c5bd01602ed440bb414b282be12c764-2699.npz,665,685,0.0,1.4566560215153515e-22,1.3736250400543213,2.2425761222839355,0.0,2.8193626403808594,nan,nan,nan,nan
atari_private_eye,/home/haselab/projects/stable-deep-world-model/logs/models/retrain_100k_atari_private_eye_atari_private_eye_vta_20260108_185758_to_500000,/home/haselab/projects/stable-deep-world-model/logs/models/retrain_100k_atari_private_eye_atari_private_eye_vta_20260108_185758_to_500000/latest.pt,/home/haselab/projects/stable-deep-world-model/logs/models/retrain_100k_atari_private_eye_atari_private_eye_vta_20260108_185758_to_500000/eval_eps/20260204T232942-8c5bd01602ed440bb414b282be12c764-2699.npz,670,690,0.0,1.7605792634012748e-22,1.44515860080719,2.47754168510437,0.0,3.0929977893829346,nan,nan,nan,nan
atari_private_eye,/home/haselab/projects/stable-deep-world-model/logs/models/retrain_100k_atari_private_eye_atari_private_eye_vta_20260108_185758_to_500000,/home/haselab/projects/stable-deep-world-model/logs/models/retrain_100k_atari_private_eye_atari_private_eye_vta_20260108_185758_to_500000/latest.pt,/home/haselab/projects/stable-deep-world-model/logs/models/retrain_100k_atari_private_eye_atari_private_eye_vta_20260108_185758_to_500000/eval_eps/20260204T232942-8c5bd01602ed440bb414b282be12c764-2699.npz,675,695,0.0,5.875435456630599e-20,1.58968186378479,2.6509337425231934,0.0,3.209413528442383,nan,nan,nan,nan
atari_private_eye,/home/haselab/projects/stable-deep-world-model/logs/models/retrain_100k_atari_private_eye_atari_private_eye_vta_20260108_185758_to_500000,/home/haselab/projects/stable-deep-world-model/logs/models/retrain_100k_atari_private_eye_atari_private_eye_vta_20260108_185758_to_500000/latest.pt,/home/haselab/projects/stable-deep-world-model/logs/models/retrain_100k_atari_private_eye_atari_private_eye_vta_20260108_185758_to_500000/eval_eps/20260204T232942-8c5bd01602ed440bb414b282be12c764-2699.npz,680,700,0.0,7.082565973923375e-19,1.8695907592773438,3.0149965286254883,0.0,3.4650115966796875,nan,nan,nan,nan
atari_private_eye,/home/haselab/projects/stable-deep-world-model/logs/models/retrain_100k_atari_private_eye_atari_private_eye_vta_20260108_185758_to_500000,/home/haselab/projects/stable-deep-world-model/logs/models/retrain_100k_atari_private_eye_atari_private_eye_vta_20260108_185758_to_500000/latest.pt,/home/haselab/projects/stable-deep-world-model/logs/models/retrain_100k_atari_private_eye_atari_private_eye_vta_20260108_185758_to_500000/eval_eps/20260204T232942-8c5bd01602ed440bb414b282be12c764-2699.npz,685,705,0.0,7.081937316657834e-19,1.9760463237762451,3.0491271018981934,0.0,3.519343852996826,nan,nan,nan,nan
atari_private_eye,/home/haselab/projects/stable-deep-world-model/logs/models/retrain_100k_atari_private_eye_atari_private_eye_vta_20260108_185758_to_500000,/home/haselab/projects/stable-deep-world-model/logs/models/retrain_100k_atari_private_eye_atari_private_eye_vta_20260108_185758_to_500000/latest.pt,/home/haselab/projects/stable-deep-world-model/logs/models/retrain_100k_atari_private_eye_atari_private_eye_vta_20260108_185758_to_500000/eval_eps/20260204T232942-8c5bd01602ed440bb414b282be12c764-2699.npz,690,710,0.0,7.081760506801901e-19,1.7920621633529663,2.7807106971740723,0.0,3.2173423767089844,nan,nan,nan,nan
atari_private_eye,/home/haselab/projects/stable-deep-world-model/logs/models/retrain_100k_atari_private_eye_atari_private_eye_vta_20260108_185758_to_500000,/home/haselab/projects/stable-deep-world-model/logs/models/retrain_100k_atari_private_eye_atari_private_eye_vta_20260108_185758_to_500000/latest.pt,/home/haselab/projects/stable-deep-world-model/logs/models/retrain_100k_atari_private_eye_atari_private_eye_vta_20260108_185758_to_500000/eval_eps/20260204T232942-8c5bd01602ed440bb414b282be12c764-2699.npz,695,715,0.0,6.601388290758801e-19,1.6477835178375244,2.4587581157684326,0.0,2.9032692909240723,nan,nan,nan,nan
atari_private_eye,/home/haselab/projects/stable-deep-world-model/logs/models/retrain_100k_atari_private_eye_atari_private_eye_vta_20260108_185758_to_500000,/home/haselab/projects/stable-deep-world-model/logs/models/retrain_100k_atari_private_eye_atari_private_eye_vta_20260108_185758_to_500000/latest.pt,/home/haselab/projects/stable-deep-world-model/logs/models/retrain_100k_atari_private_eye_atari_private_eye_vta_20260108_185758_to_500000/eval_eps/20260204T232942-8c5bd01602ed440bb414b282be12c764-2699.npz,700,720,0.0,1.0558897511341176e-20,1.6975786685943604,2.9435133934020996,0.0,3.48862886428833,nan,nan,nan,nan
atari_private_eye,/home/haselab/projects/stable-deep-world-model/logs/models/retrain_100k_atari_private_eye_atari_private_eye_vta_20260108_185758_to_500000,/home/haselab/projects/stable-deep-world-model/logs/models/retrain_100k_atari_private_eye_atari_private_eye_vta_20260108_185758_to_500000/latest.pt,/home/haselab/projects/stable-deep-world-model/logs/models/retrain_100k_atari_private_eye_atari_private_eye_vta_20260108_185758_to_500000/eval_eps/20260204T232942-8c5bd01602ed440bb414b282be12c764-2699.npz,705,725,0.0,9.00917754177992e-20,1.8990081548690796,3.7575581073760986,0.0,4.251491546630859,nan,nan,nan,nan
atari_private_eye,/home/haselab/projects/stable-deep-world-model/logs/models/retrain_100k_atari_private_eye_atari_private_eye_vta_20260108_185758_to_500000,/home/haselab/projects/stable-deep-world-model/logs/models/retrain_100k_atari_private_eye_atari_private_eye_vta_20260108_185758_to_500000/latest.pt,/home/haselab/projects/stable-deep-world-model/logs/models/retrain_100k_atari_private_eye_atari_private_eye_vta_20260108_185758_to_500000/eval_eps/20260204T232942-8c5bd01602ed440bb414b282be12c764-2699.npz,710,730,0.0,8.205830199873047e-19,1.9087610244750977,3.70166015625,0.0,4.22684383392334,nan,nan,nan,nan
atari_private_eye,/home/haselab/projects/stable-deep-world-model/logs/models/retrain_100k_atari_private_eye_atari_private_eye_vta_20260108_185758_to_500000,/home/haselab/projects/stable-deep-world-model/logs/models/retrain_100k_atari_private_eye_atari_private_eye_vta_20260108_185758_to_500000/latest.pt,/home/haselab/projects/stable-deep-world-model/logs/models/retrain_100k_atari_private_eye_atari_private_eye_vta_20260108_185758_to_500000/eval_eps/20260204T232942-8c5bd01602ed440bb414b282be12c764-2699.npz,715,735,0.0,8.158234227426746e-19,1.9450525045394897,3.888054609298706,0.0,4.434698581695557,nan,nan,nan,nan
atari_private_eye,/home/haselab/projects/stable-deep-world-model/logs/models/retrain_100k_atari_private_eye_atari_private_eye_vta_20260108_185758_to_500000,/home/haselab/projects/stable-deep-world-model/logs/models/retrain_100k_atari_private_eye_atari_private_eye_vta_20260108_185758_to_500000/latest.pt,/home/haselab/projects/stable-deep-world-model/logs/models/retrain_100k_atari_private_eye_atari_private_eye_vta_20260108_185758_to_500000/eval_eps/20260204T232942-8c5bd01602ed440bb414b282be12c764-2699.npz,720,740,0.0,8.222271448523304e-19,1.7968801259994507,3.3190624713897705,0.0,3.8087058067321777,nan,nan,nan,nan
atari_private_eye,/home/haselab/projects/stable-deep-world-model/logs/models/retrain_100k_atari_private_eye_atari_private_eye_vta_20260108_185758_to_500000,/home/haselab/projects/stable-deep-world-model/logs/models/retrain_100k_atari_private_eye_atari_private_eye_vta_20260108_185758_to_500000/latest.pt,/home/haselab/projects/stable-deep-world-model/logs/models/retrain_100k_atari_private_eye_atari_private_eye_vta_20260108_185758_to_500000/eval_eps/20260204T232942-8c5bd01602ed440bb414b282be12c764-2699.npz,725,745,0.0,2.4984216988291464e-18,1.6894642114639282,2.7146260738372803,0.0,3.1693274974823,nan,nan,nan,nan
atari_private_eye,/home/haselab/projects/stable-deep-world-model/logs/models/retrain_100k_atari_private_eye_atari_private_eye_vta_20260108_185758_to_500000,/home/haselab/projects/stable-deep-world-model/logs/models/retrain_100k_atari_private_eye_atari_private_eye_vta_20260108_185758_to_500000/latest.pt,/home/haselab/projects/stable-deep-world-model/logs/models/retrain_100k_atari_private_eye_atari_private_eye_vta_20260108_185758_to_500000/eval_eps/20260204T232942-8c5bd01602ed440bb414b282be12c764-2699.npz,730,750,0.0,3.2786846270381663e-18,2.0348753929138184,3.2312138080596924,0.0,3.572167158126831,nan,nan,nan,nan
atari_private_eye,/home/haselab/projects/stable-deep-world-model/logs/models/retrain_100k_atari_private_eye_atari_private_eye_vta_20260108_185758_to_500000,/home/haselab/projects/stable-deep-world-model/logs/models/retrain_100k_atari_private_eye_atari_private_eye_vta_20260108_185758_to_500000/latest.pt,/home/haselab/projects/stable-deep-world-model/logs/models/retrain_100k_atari_private_eye_atari_private_eye_vta_20260108_185758_to_500000/eval_eps/20260204T232942-8c5bd01602ed440bb414b282be12c764-2699.npz,735,755,0.0,3.2729028413515738e-18,2.135620355606079,3.2271060943603516,0.0,3.512709856033325,nan,nan,nan,nan
atari_private_eye,/home/haselab/projects/stable-deep-world-model/logs/models/retrain_100k_atari_private_eye_atari_private_eye_vta_20260108_185758_to_500000,/home/haselab/projects/stable-deep-world-model/logs/models/retrain_100k_atari_private_eye_atari_private_eye_vta_20260108_185758_to_500000/latest.pt,/home/haselab/projects/stable-deep-world-model/logs/models/retrain_100k_atari_private_eye_atari_private_eye_vta_20260108_185758_to_500000/eval_eps/20260204T232942-8c5bd01602ed440bb414b282be12c764-2699.npz,740,760,0.0,3.2664988090491883e-18,1.991257667541504,3.0004377365112305,0.0,3.3282032012939453,nan,nan,nan,nan
atari_private_eye,/home/haselab/projects/stable-deep-world-model/logs/models/retrain_100k_atari_private_eye_atari_private_eye_vta_20260108_185758_to_500000,/home/haselab/projects/stable-deep-world-model/logs/models/retrain_100k_atari_private_eye_atari_private_eye_vta_20260108_185758_to_500000/latest.pt,/home/haselab/projects/stable-deep-world-model/logs/models/retrain_100k_atari_private_eye_atari_private_eye_vta_20260108_185758_to_500000/eval_eps/20260204T232942-8c5bd01602ed440bb414b282be12c764-2699.npz,745,765,0.0,1.529473806415529e-18,1.9338687658309937,2.9402966499328613,0.0,3.357203960418701,nan,nan,nan,nan
atari_private_eye,/home/haselab/projects/stable-deep-world-model/logs/models/retrain_100k_atari_private_eye_atari_private_eye_vta_20260108_185758_to_500000,/home/haselab/projects/stable-deep-world-model/logs/models/retrain_100k_atari_private_eye_atari_private_eye_vta_20260108_185758_to_500000/latest.pt,/home/haselab/projects/stable-deep-world-model/logs/models/retrain_100k_atari_private_eye_atari_private_eye_vta_20260108_185758_to_500000/eval_eps/20260204T232942-8c5bd01602ed440bb414b282be12c764-2699.npz,750,770,0.0,3.4963137653246395e-20,1.5684292316436768,2.5706863403320312,0.0,2.998358726501465,nan,nan,nan,nan
atari_private_eye,/home/haselab/projects/stable-deep-world-model/logs/models/retrain_100k_atari_private_eye_atari_private_eye_vta_20260108_185758_to_500000,/home/haselab/projects/stable-deep-world-model/logs/models/retrain_100k_atari_private_eye_atari_private_eye_vta_20260108_185758_to_500000/latest.pt,/home/haselab/projects/stable-deep-world-model/logs/models/retrain_100k_atari_private_eye_atari_private_eye_vta_20260108_185758_to_500000/eval_eps/20260204T232942-8c5bd01602ed440bb414b282be12c764-2699.npz,755,775,0.0,2.9538337915872467e-19,1.4762331247329712,2.4595627784729004,0.0,2.91191029548645,nan,nan,nan,nan
atari_private_eye,/home/haselab/projects/stable-deep-world-model/logs/models/retrain_100k_atari_private_eye_atari_private_eye_vta_20260108_185758_to_500000,/home/haselab/projects/stable-deep-world-model/logs/models/retrain_100k_atari_private_eye_atari_private_eye_vta_20260108_185758_to_500000/latest.pt,/home/haselab/projects/stable-deep-world-model/logs/models/retrain_100k_atari_private_eye_atari_private_eye_vta_20260108_185758_to_500000/eval_eps/20260204T232942-8c5bd01602ed440bb414b282be12c764-2699.npz,760,780,0.0,8.903622187034765e-19,1.6836941242218018,2.8112857341766357,0.0,3.252565860748291,nan,nan,nan,nan
atari_private_eye,/home/haselab/projects/stable-deep-world-model/logs/models/retrain_100k_atari_private_eye_atari_private_eye_vta_20260108_185758_to_500000,/home/haselab/projects/stable-deep-world-model/logs/models/retrain_100k_atari_private_eye_atari_private_eye_vta_20260108_185758_to_500000/latest.pt,/home/haselab/projects/stable-deep-world-model/logs/models/retrain_100k_atari_private_eye_atari_private_eye_vta_20260108_185758_to_500000/eval_eps/20260204T232942-8c5bd01602ed440bb414b282be12c764-2699.npz,765,785,0.0,1.2969440304449816e-18,1.737118124961853,2.7604377269744873,0.0,3.211193799972534,nan,nan,nan,nan
atari_private_eye,/home/haselab/projects/stable-deep-world-model/logs/models/retrain_100k_atari_private_eye_atari_private_eye_vta_20260108_185758_to_500000,/home/haselab/projects/stable-deep-world-model/logs/models/retrain_100k_atari_private_eye_atari_private_eye_vta_20260108_185758_to_500000/latest.pt,/home/haselab/projects/stable-deep-world-model/logs/models/retrain_100k_atari_private_eye_atari_private_eye_vta_20260108_185758_to_500000/eval_eps/20260204T232942-8c5bd01602ed440bb414b282be12c764-2699.npz,770,790,0.0,2.320204808673984e-18,1.9910228252410889,2.9722018241882324,0.0,3.499469757080078,nan,nan,nan,nan
atari_private_eye,/home/haselab/projects/stable-deep-world-model/logs/models/retrain_100k_atari_private_eye_atari_private_eye_vta_20260108_185758_to_500000,/home/haselab/projects/stable-deep-world-model/logs/models/retrain_100k_atari_private_eye_atari_private_eye_vta_20260108_185758_to_500000/latest.pt,/home/haselab/projects/stable-deep-world-model/logs/models/retrain_100k_atari_private_eye_atari_private_eye_vta_20260108_185758_to_500000/eval_eps/20260204T232942-8c5bd01602ed440bb414b282be12c764-2699.npz,775,795,0.0,2.060191336465903e-18,2.1464552879333496,3.3741276264190674,0.0,3.9088878631591797,nan,nan,nan,nan
atari_private_eye,/home/haselab/projects/stable-deep-world-model/logs/models/retrain_100k_atari_private_eye_atari_private_eye_vta_20260108_185758_to_500000,/home/haselab/projects/stable-deep-world-model/logs/models/retrain_100k_atari_private_eye_atari_private_eye_vta_20260108_185758_to_500000/latest.pt,/home/haselab/projects/stable-deep-world-model/logs/models/retrain_100k_atari_private_eye_atari_private_eye_vta_20260108_185758_to_500000/eval_eps/20260204T232942-8c5bd01602ed440bb414b282be12c764-2699.npz,780,800,0.0,1.7874587215689003e-17,1.9092909097671509,3.083517551422119,0.0,3.600890636444092,nan,nan,nan,nan
atari_private_eye,/home/haselab/projects/stable-deep-world-model/logs/models/retrain_100k_atari_private_eye_atari_private_eye_vta_20260108_185758_to_500000,/home/haselab/projects/stable-deep-world-model/logs/models/retrain_100k_atari_private_eye_atari_private_eye_vta_20260108_185758_to_500000/latest.pt,/home/haselab/projects/stable-deep-world-model/logs/models/retrain_100k_atari_private_eye_atari_private_eye_vta_20260108_185758_to_500000/eval_eps/20260204T232942-8c5bd01602ed440bb414b282be12c764-2699.npz,785,805,0.0,1.9391657965807182e-17,1.7370357513427734,3.069988489151001,0.0,3.5579872131347656,nan,nan,nan,nan
atari_private_eye,/home/haselab/projects/stable-deep-world-model/logs/models/retrain_100k_atari_private_eye_atari_private_eye_vta_20260108_185758_to_500000,/home/haselab/projects/stable-deep-world-model/logs/models/retrain_100k_atari_private_eye_atari_private_eye_vta_20260108_185758_to_500000/latest.pt,/home/haselab/projects/stable-deep-world-model/logs/models/retrain_100k_atari_private_eye_atari_private_eye_vta_20260108_185758_to_500000/eval_eps/20260204T232942-8c5bd01602ed440bb414b282be12c764-2699.npz,790,810,0.0,2.023255654163879e-17,1.698369026184082,2.9702935218811035,0.0,3.424406051635742,nan,nan,nan,nan
atari_private_eye,/home/haselab/projects/stable-deep-world-model/logs/models/retrain_100k_atari_private_eye_atari_private_eye_vta_20260108_185758_to_500000,/home/haselab/projects/stable-deep-world-model/logs/models/retrain_100k_atari_private_eye_atari_private_eye_vta_20260108_185758_to_500000/latest.pt,/home/haselab/projects/stable-deep-world-model/logs/models/retrain_100k_atari_private_eye_atari_private_eye_vta_20260108_185758_to_500000/eval_eps/20260204T232942-8c5bd01602ed440bb414b282be12c764-2699.npz,795,815,0.0,2.611304141892114e-17,1.663246512413025,2.792403221130371,0.0,3.2487006187438965,nan,nan,nan,nan
atari_private_eye,/home/haselab/projects/stable-deep-world-model/logs/models/retrain_100k_atari_private_eye_atari_private_eye_vta_20260108_185758_to_500000,/home/haselab/projects/stable-deep-world-model/logs/models/retrain_100k_atari_private_eye_atari_private_eye_vta_20260108_185758_to_500000/latest.pt,/home/haselab/projects/stable-deep-world-model/logs/models/retrain_100k_atari_private_eye_atari_private_eye_vta_20260108_185758_to_500000/eval_eps/20260204T232942-8c5bd01602ed440bb414b282be12c764-2699.npz,800,820,0.0,1.2127251285503596e-16,1.8895078897476196,3.014594554901123,0.0,3.438066005706787,nan,nan,nan,nan
atari_private_eye,/home/haselab/projects/stable-deep-world-model/logs/models/retrain_100k_atari_private_eye_atari_private_eye_vta_20260108_185758_to_500000,/home/haselab/projects/stable-deep-world-model/logs/models/retrain_100k_atari_private_eye_atari_private_eye_vta_20260108_185758_to_500000/latest.pt,/home/haselab/projects/stable-deep-world-model/logs/models/retrain_100k_atari_private_eye_atari_private_eye_vta_20260108_185758_to_500000/eval_eps/20260204T232942-8c5bd01602ed440bb414b282be12c764-2699.npz,805,825,0.0,2.3184774074007895e-16,2.0344090461730957,2.9702975749969482,0.0,3.430084705352783,nan,nan,nan,nan
atari_private_eye,/home/haselab/projects/stable-deep-world-model/logs/models/retrain_100k_atari_private_eye_atari_private_eye_vta_20260108_185758_to_500000,/home/haselab/projects/stable-deep-world-model/logs/models/retrain_100k_atari_private_eye_atari_private_eye_vta_20260108_185758_to_500000/latest.pt,/home/haselab/projects/stable-deep-world-model/logs/models/retrain_100k_atari_private_eye_atari_private_eye_vta_20260108_185758_to_500000/eval_eps/20260204T232942-8c5bd01602ed440bb414b282be12c764-2699.npz,810,830,0.0,2.301906795974535e-16,1.9867290258407593,3.035954475402832,0.0,3.4978623390197754,nan,nan,nan,nan
atari_private_eye,/home/haselab/projects/stable-deep-world-model/logs/models/retrain_100k_atari_private_eye_atari_private_eye_vta_20260108_185758_to_500000,/home/haselab/projects/stable-deep-world-model/logs/models/retrain_100k_atari_private_eye_atari_private_eye_vta_20260108_185758_to_500000/latest.pt,/home/haselab/projects/stable-deep-world-model/logs/models/retrain_100k_atari_private_eye_atari_private_eye_vta_20260108_185758_to_500000/eval_eps/20260204T232942-8c5bd01602ed440bb414b282be12c764-2699.npz,815,835,0.0,2.349306230307294e-16,2.0077290534973145,3.01834774017334,0.0,3.4444003105163574,nan,nan,nan,nan
atari_private_eye,/home/haselab/projects/stable-deep-world-model/logs/models/retrain_100k_atari_private_eye_atari_private_eye_vta_20260108_185758_to_500000,/home/haselab/projects/stable-deep-world-model/logs/models/retrain_100k_atari_private_eye_atari_private_eye_vta_20260108_185758_to_500000/latest.pt,/home/haselab/projects/stable-deep-world-model/logs/models/retrain_100k_atari_private_eye_atari_private_eye_vta_20260108_185758_to_500000/eval_eps/20260204T232942-8c5bd01602ed440bb414b282be12c764-2699.npz,820,840,0.0,3.14260949543709e-16,2.0254273414611816,3.0356051921844482,0.0,3.4519248008728027,nan,nan,nan,nan
atari_private_eye,/home/haselab/projects/stable-deep-world-model/logs/models/retrain_100k_atari_private_eye_atari_private_eye_vta_20260108_185758_to_500000,/home/haselab/projects/stable-deep-world-model/logs/models/retrain_100k_atari_private_eye_atari_private_eye_vta_20260108_185758_to_500000/latest.pt,/home/haselab/projects/stable-deep-world-model/logs/models/retrain_100k_atari_private_eye_atari_private_eye_vta_20260108_185758_to_500000/eval_eps/20260204T232942-8c5bd01602ed440bb414b282be12c764-2699.npz,825,845,0.0,2.0274506510096048e-16,1.9982264041900635,2.998800754547119,0.0,3.363391160964966,nan,nan,nan,nan
atari_private_eye,/home/haselab/projects/stable-deep-world-model/logs/models/retrain_100k_atari_private_eye_atari_private_eye_vta_20260108_185758_to_500000,/home/haselab/projects/stable-deep-world-model/logs/models/retrain_100k_atari_private_eye_atari_private_eye_vta_20260108_185758_to_500000/latest.pt,/home/haselab/projects/stable-deep-world-model/logs/models/retrain_100k_atari_private_eye_atari_private_eye_vta_20260108_185758_to_500000/eval_eps/20260204T232942-8c5bd01602ed440bb414b282be12c764-2699.npz,830,850,0.0,2.0925379861656053e-16,1.8813968896865845,2.7719216346740723,0.0,3.140101909637451,nan,nan,nan,nan
atari_private_eye,/home/haselab/projects/stable-deep-world-model/logs/models/retrain_100k_atari_private_eye_atari_private_eye_vta_20260108_185758_to_500000,/home/haselab/projects/stable-deep-world-model/logs/models/retrain_100k_atari_private_eye_atari_private_eye_vta_20260108_185758_to_500000/latest.pt,/home/haselab/projects/stable-deep-world-model/logs/models/retrain_100k_atari_private_eye_atari_private_eye_vta_20260108_185758_to_500000/eval_eps/20260204T232942-8c5bd01602ed440bb414b282be12c764-2699.npz,835,855,0.0,1.9867754671379633e-16,1.7109113931655884,2.642897129058838,0.0,3.047217607498169,nan,nan,nan,nan
atari_private_eye,/home/haselab/projects/stable-deep-world-model/logs/models/retrain_100k_atari_private_eye_atari_private_eye_vta_20260108_185758_to_500000,/home/haselab/projects/stable-deep-world-model/logs/models/retrain_100k_atari_private_eye_atari_private_eye_vta_20260108_185758_to_500000/latest.pt,/home/haselab/projects/stable-deep-world-model/logs/models/retrain_100k_atari_private_eye_atari_private_eye_vta_20260108_185758_to_500000/eval_eps/20260204T232942-8c5bd01602ed440bb414b282be12c764-2699.npz,840,860,0.0,7.82287287322121e-18,1.6400620937347412,2.5262980461120605,0.0,2.989469528198242,nan,nan,nan,nan
atari_private_eye,/home/haselab/projects/stable-deep-world-model/logs/models/retrain_100k_atari_private_eye_atari_private_eye_vta_20260108_185758_to_500000,/home/haselab/projects/stable-deep-world-model/logs/models/retrain_100k_atari_private_eye_atari_private_eye_vta_20260108_185758_to_500000/latest.pt,/home/haselab/projects/stable-deep-world-model/logs/models/retrain_100k_atari_private_eye_atari_private_eye_vta_20260108_185758_to_500000/eval_eps/20260204T232942-8c5bd01602ed440bb414b282be12c764-2699.npz,845,865,0.0,1.4513777202304428e-17,1.7180894613265991,2.7023816108703613,0.0,3.1840152740478516,nan,nan,nan,nan
atari_private_eye,/home/haselab/projects/stable-deep-world-model/logs/models/retrain_100k_atari_private_eye_atari_private_eye_vta_20260108_185758_to_500000,/home/haselab/projects/stable-deep-world-model/logs/models/retrain_100k_atari_private_eye_atari_private_eye_vta_20260108_185758_to_500000/latest.pt,/home/haselab/projects/stable-deep-world-model/logs/models/retrain_100k_atari_private_eye_atari_private_eye_vta_20260108_185758_to_500000/eval_eps/20260204T232942-8c5bd01602ed440bb414b282be12c764-2699.npz,850,870,0.0,9.774321805589973e-18,1.9147748947143555,3.026785373687744,0.0,3.5169425010681152,nan,nan,nan,nan
atari_private_eye,/home/haselab/projects/stable-deep-world-model/logs/models/retrain_100k_atari_private_eye_atari_private_eye_vta_20260108_185758_to_500000,/home/haselab/projects/stable-deep-world-model/logs/models/retrain_100k_atari_private_eye_atari_private_eye_vta_20260108_185758_to_500000/latest.pt,/home/haselab/projects/stable-deep-world-model/logs/models/retrain_100k_atari_private_eye_atari_private_eye_vta_20260108_185758_to_500000/eval_eps/20260204T232942-8c5bd01602ed440bb414b282be12c764-2699.npz,855,875,0.0,9.886077215068337e-18,2.058671474456787,3.0366456508636475,0.0,3.5253796577453613,nan,nan,nan,nan
atari_private_eye,/home/haselab/projects/stable-deep-world-model/logs/models/retrain_100k_atari_private_eye_atari_private_eye_vta_20260108_185758_to_500000,/home/haselab/projects/stable-deep-world-model/logs/models/retrain_100k_atari_private_eye_atari_private_eye_vta_20260108_185758_to_500000/latest.pt,/home/haselab/projects/stable-deep-world-model/logs/models/retrain_100k_atari_private_eye_atari_private_eye_vta_20260108_185758_to_500000/eval_eps/20260204T232942-8c5bd01602ed440bb414b282be12c764-2699.npz,860,880,0.0,9.895416911364673e-18,1.8645198345184326,2.8483567237854004,0.0,3.309485673904419,nan,nan,nan,nan
atari_private_eye,/home/haselab/projects/stable-deep-world-model/logs/models/retrain_100k_atari_private_eye_atari_private_eye_vta_20260108_185758_to_500000,/home/haselab/projects/stable-deep-world-model/logs/models/retrain_100k_atari_private_eye_atari_private_eye_vta_20260108_185758_to_500000/latest.pt,/home/haselab/projects/stable-deep-world-model/logs/models/retrain_100k_atari_private_eye_atari_private_eye_vta_20260108_185758_to_500000/eval_eps/20260204T232942-8c5bd01602ed440bb414b282be12c764-2699.npz,865,885,0.0,2.169871763377678e-17,1.7213315963745117,2.6241915225982666,0.0,3.177335023880005,nan,nan,nan,nan
atari_private_eye,/home/haselab/projects/stable-deep-world-model/logs/models/retrain_100k_atari_private_eye_atari_private_eye_vta_20260108_185758_to_500000,/home/haselab/projects/stable-deep-world-model/logs/models/retrain_100k_atari_private_eye_atari_private_eye_vta_20260108_185758_to_500000/latest.pt,/home/haselab/projects/stable-deep-world-model/logs/models/retrain_100k_atari_private_eye_atari_private_eye_vta_20260108_185758_to_500000/eval_eps/20260204T232942-8c5bd01602ed440bb414b282be12c764-2699.npz,870,890,0.0,3.416941166263443e-17,1.641448736190796,2.5964674949645996,0.0,3.1130030155181885,nan,nan,nan,nan
atari_private_eye,/home/haselab/projects/stable-deep-world-model/logs/models/retrain_100k_atari_private_eye_atari_private_eye_vta_20260108_185758_to_500000,/home/haselab/projects/stable-deep-world-model/logs/models/retrain_100k_atari_private_eye_atari_private_eye_vta_20260108_185758_to_500000/latest.pt,/home/haselab/projects/stable-deep-world-model/logs/models/retrain_100k_atari_private_eye_atari_private_eye_vta_20260108_185758_to_500000/eval_eps/20260204T232942-8c5bd01602ed440bb414b282be12c764-2699.npz,875,895,0.0,3.87917068517481e-17,1.6470444202423096,2.8856964111328125,0.0,3.3990097045898438,nan,nan,nan,nan
atari_private_eye,/home/haselab/projects/stable-deep-world-model/logs/models/retrain_100k_atari_private_eye_atari_private_eye_vta_20260108_185758_to_500000,/home/haselab/projects/stable-deep-world-model/logs/models/retrain_100k_atari_private_eye_atari_private_eye_vta_20260108_185758_to_500000/latest.pt,/home/haselab/projects/stable-deep-world-model/logs/models/retrain_100k_atari_private_eye_atari_private_eye_vta_20260108_185758_to_500000/eval_eps/20260204T232942-8c5bd01602ed440bb414b282be12c764-2699.npz,880,900,0.0,1.7076369505103907e-16,1.7639316320419312,2.956397771835327,0.0,3.596210479736328,nan,nan,nan,nan
atari_private_eye,/home/haselab/projects/stable-deep-world-model/logs/models/retrain_100k_atari_private_eye_atari_private_eye_vta_20260108_185758_to_500000,/home/haselab/projects/stable-deep-world-model/logs/models/retrain_100k_atari_private_eye_atari_private_eye_vta_20260108_185758_to_500000/latest.pt,/home/haselab/projects/stable-deep-world-model/logs/models/retrain_100k_atari_private_eye_atari_private_eye_vta_20260108_185758_to_500000/eval_eps/20260204T232942-8c5bd01602ed440bb414b282be12c764-2699.npz,885,905,0.0,1.5126782887166245e-16,1.7874654531478882,3.0295732021331787,0.0,3.648451328277588,nan,nan,nan,nan
atari_private_eye,/home/haselab/projects/stable-deep-world-model/logs/models/retrain_100k_atari_private_eye_atari_private_eye_vta_20260108_185758_to_500000,/home/haselab/projects/stable-deep-world-model/logs/models/retrain_100k_atari_private_eye_atari_private_eye_vta_20260108_185758_to_500000/latest.pt,/home/haselab/projects/stable-deep-world-model/logs/models/retrain_100k_atari_private_eye_atari_private_eye_vta_20260108_185758_to_500000/eval_eps/20260204T232942-8c5bd01602ed440bb414b282be12c764-2699.npz,890,910,0.0,1.3680450306927886e-16,1.692479133605957,2.724019765853882,0.0,3.399940013885498,nan,nan,nan,nan
atari_private_eye,/home/haselab/projects/stable-deep-world-model/logs/models/retrain_100k_atari_private_eye_atari_private_eye_vta_20260108_185758_to_500000,/home/haselab/projects/stable-deep-world-model/logs/models/retrain_100k_atari_private_eye_atari_private_eye_vta_20260108_185758_to_500000/latest.pt,/home/haselab/projects/stable-deep-world-model/logs/models/retrain_100k_atari_private_eye_atari_private_eye_vta_20260108_185758_to_500000/eval_eps/20260204T232942-8c5bd01602ed440bb414b282be12c764-2699.npz,895,915,0.0,1.322655976120779e-16,1.6139354705810547,2.551313638687134,0.0,3.229196071624756,nan,nan,nan,nan
atari_private_eye,/home/haselab/projects/stable-deep-world-model/logs/models/retrain_100k_atari_private_eye_atari_private_eye_vta_20260108_185758_to_500000,/home/haselab/projects/stable-deep-world-model/logs/models/retrain_100k_atari_private_eye_atari_private_eye_vta_20260108_185758_to_500000/latest.pt,/home/haselab/projects/stable-deep-world-model/logs/models/retrain_100k_atari_private_eye_atari_private_eye_vta_20260108_185758_to_500000/eval_eps/20260204T232942-8c5bd01602ed440bb414b282be12c764-2699.npz,900,920,0.0,3.1143370742136806e-18,1.704628586769104,2.669532299041748,0.0,3.232184886932373,nan,nan,nan,nan
atari_private_eye,/home/haselab/projects/stable-deep-world-model/logs/models/retrain_100k_atari_private_eye_atari_private_eye_vta_20260108_185758_to_500000,/home/haselab/projects/stable-deep-world-model/logs/models/retrain_100k_atari_private_eye_atari_private_eye_vta_20260108_185758_to_500000/latest.pt,/home/haselab/projects/stable-deep-world-model/logs/models/retrain_100k_atari_private_eye_atari_private_eye_vta_20260108_185758_to_500000/eval_eps/20260204T232942-8c5bd01602ed440bb414b282be12c764-2699.npz,905,925,0.0,5.054744816309698e-16,1.7672882080078125,2.8261983394622803,0.0,3.3113021850585938,nan,nan,nan,nan
atari_private_eye,/home/haselab/projects/stable-deep-world-model/logs/models/retrain_100k_atari_private_eye_atari_private_eye_vta_20260108_185758_to_500000,/home/haselab/projects/stable-deep-world-model/logs/models/retrain_100k_atari_private_eye_atari_private_eye_vta_20260108_185758_to_500000/latest.pt,/home/haselab/projects/stable-deep-world-model/logs/models/retrain_100k_atari_private_eye_atari_private_eye_vta_20260108_185758_to_500000/eval_eps/20260204T232942-8c5bd01602ed440bb414b282be12c764-2699.npz,910,930,0.0,1.8235698206054947e-15,1.9805634021759033,3.1316721439361572,0.0,3.562023878097534,nan,nan,nan,nan
atari_private_eye,/home/haselab/projects/stable-deep-world-model/logs/models/retrain_100k_atari_private_eye_atari_private_eye_vta_20260108_185758_to_500000,/home/haselab/projects/stable-deep-world-model/logs/models/retrain_100k_atari_private_eye_atari_private_eye_vta_20260108_185758_to_500000/latest.pt,/home/haselab/projects/stable-deep-world-model/logs/models/retrain_100k_atari_private_eye_atari_private_eye_vta_20260108_185758_to_500000/eval_eps/20260204T232942-8c5bd01602ed440bb414b282be12c764-2699.npz,915,935,0.0,1.8233301102814218e-15,1.945367455482483,2.9924867153167725,0.0,3.467322587966919,nan,nan,nan,nan
atari_private_eye,/home/haselab/projects/stable-deep-world-model/logs/models/retrain_100k_atari_private_eye_atari_private_eye_vta_20260108_185758_to_500000,/home/haselab/projects/stable-deep-world-model/logs/models/retrain_100k_atari_private_eye_atari_private_eye_vta_20260108_185758_to_500000/latest.pt,/home/haselab/projects/stable-deep-world-model/logs/models/retrain_100k_atari_private_eye_atari_private_eye_vta_20260108_185758_to_500000/eval_eps/20260204T232942-8c5bd01602ed440bb414b282be12c764-2699.npz,920,940,0.0,1.8204654448538077e-15,1.7635581493377686,2.800285577774048,0.0,3.314453601837158,nan,nan,nan,nan
atari_private_eye,/home/haselab/projects/stable-deep-world-model/logs/models/retrain_100k_atari_private_eye_atari_private_eye_vta_20260108_185758_to_500000,/home/haselab/projects/stable-deep-world-model/logs/models/retrain_100k_atari_private_eye_atari_private_eye_vta_20260108_185758_to_500000/latest.pt,/home/haselab/projects/stable-deep-world-model/logs/models/retrain_100k_atari_private_eye_atari_private_eye_vta_20260108_185758_to_500000/eval_eps/20260204T232942-8c5bd01602ed440bb414b282be12c764-2699.npz,925,945,0.0,1.3181691896596136e-15,1.726731300354004,2.7496001720428467,0.0,3.2656452655792236,nan,nan,nan,nan
atari_private_eye,/home/haselab/projects/stable-deep-world-model/logs/models/retrain_100k_atari_private_eye_atari_private_eye_vta_20260108_185758_to_500000,/home/haselab/projects/stable-deep-world-model/logs/models/retrain_100k_atari_private_eye_atari_private_eye_vta_20260108_185758_to_500000/latest.pt,/home/haselab/projects/stable-deep-world-model/logs/models/retrain_100k_atari_private_eye_atari_private_eye_vta_20260108_185758_to_500000/eval_eps/20260204T232942-8c5bd01602ed440bb414b282be12c764-2699.npz,930,950,0.0,4.670340320632587e-18,1.4968068599700928,2.458303928375244,0.0,3.01061749458313,nan,nan,nan,nan
atari_private_eye,/home/haselab/projects/stable-deep-world-model/logs/models/retrain_100k_atari_private_eye_atari_private_eye_vta_20260108_185758_to_500000,/home/haselab/projects/stable-deep-world-model/logs/models/retrain_100k_atari_private_eye_atari_private_eye_vta_20260108_185758_to_500000/latest.pt,/home/haselab/projects/stable-deep-world-model/logs/models/retrain_100k_atari_private_eye_atari_private_eye_vta_20260108_185758_to_500000/eval_eps/20260204T232942-8c5bd01602ed440bb414b282be12c764-2699.npz,935,955,0.0,6.88186393657476e-18,1.6114803552627563,2.606327772140503,0.0,3.072939872741699,nan,nan,nan,nan
atari_private_eye,/home/haselab/projects/stable-deep-world-model/logs/models/retrain_100k_atari_private_eye_atari_private_eye_vta_20260108_185758_to_500000,/home/haselab/projects/stable-deep-world-model/logs/models/retrain_100k_atari_private_eye_atari_private_eye_vta_20260108_185758_to_500000/latest.pt,/home/haselab/projects/stable-deep-world-model/logs/models/retrain_100k_atari_private_eye_atari_private_eye_vta_20260108_185758_to_500000/eval_eps/20260204T232942-8c5bd01602ed440bb414b282be12c764-2699.npz,940,960,0.0,1.454594129324294e-17,1.8031446933746338,2.8138396739959717,0.0,3.2053627967834473,nan,nan,nan,nan
atari_private_eye,/home/haselab/projects/stable-deep-world-model/logs/models/retrain_100k_atari_private_eye_atari_private_eye_vta_20260108_185758_to_500000,/home/haselab/projects/stable-deep-world-model/logs/models/retrain_100k_atari_private_eye_atari_private_eye_vta_20260108_185758_to_500000/latest.pt,/home/haselab/projects/stable-deep-world-model/logs/models/retrain_100k_atari_private_eye_atari_private_eye_vta_20260108_185758_to_500000/eval_eps/20260204T232942-8c5bd01602ed440bb414b282be12c764-2699.npz,945,965,0.0,2.6460718996139225e-16,1.8609440326690674,2.8834290504455566,0.0,3.2394721508026123,nan,nan,nan,nan
atari_private_eye,/home/haselab/projects/stable-deep-world-model/logs/models/retrain_100k_atari_private_eye_atari_private_eye_vta_20260108_185758_to_500000,/home/haselab/projects/stable-deep-world-model/logs/models/retrain_100k_atari_private_eye_atari_private_eye_vta_20260108_185758_to_500000/latest.pt,/home/haselab/projects/stable-deep-world-model/logs/models/retrain_100k_atari_private_eye_atari_private_eye_vta_20260108_185758_to_500000/eval_eps/20260204T232942-8c5bd01602ed440bb414b282be12c764-2699.npz,950,970,0.0,3.06140111159159e-15,2.0779480934143066,2.9833850860595703,0.0,3.296144485473633,nan,nan,nan,nan
atari_private_eye,/home/haselab/projects/stable-deep-world-model/logs/models/retrain_100k_atari_private_eye_atari_private_eye_vta_20260108_185758_to_500000,/home/haselab/projects/stable-deep-world-model/logs/models/retrain_100k_atari_private_eye_atari_private_eye_vta_20260108_185758_to_500000/latest.pt,/home/haselab/projects/stable-deep-world-model/logs/models/retrain_100k_atari_private_eye_atari_private_eye_vta_20260108_185758_to_500000/eval_eps/20260204T232942-8c5bd01602ed440bb414b282be12c764-2699.npz,955,975,0.0,3.0594467948240377e-15,1.9237514734268188,2.8501532077789307,0.0,3.1911044120788574,nan,nan,nan,nan
atari_private_eye,/home/haselab/projects/stable-deep-world-model/logs/models/retrain_100k_atari_private_eye_atari_private_eye_vta_20260108_185758_to_500000,/home/haselab/projects/stable-deep-world-model/logs/models/retrain_100k_atari_private_eye_atari_private_eye_vta_20260108_185758_to_500000/latest.pt,/home/haselab/projects/stable-deep-world-model/logs/models/retrain_100k_atari_private_eye_atari_private_eye_vta_20260108_185758_to_500000/eval_eps/20260204T232942-8c5bd01602ed440bb414b282be12c764-2699.npz,960,980,0.0,3.0522887311450284e-15,1.7186580896377563,2.543118953704834,0.0,2.9744725227355957,nan,nan,nan,nan
atari_private_eye,/home/haselab/projects/stable-deep-world-model/logs/models/retrain_100k_atari_private_eye_atari_private_eye_vta_20260108_185758_to_500000,/home/haselab/projects/stable-deep-world-model/logs/models/retrain_100k_atari_private_eye_atari_private_eye_vta_20260108_185758_to_500000/latest.pt,/home/haselab/projects/stable-deep-world-model/logs/models/retrain_100k_atari_private_eye_atari_private_eye_vta_20260108_185758_to_500000/eval_eps/20260204T232942-8c5bd01602ed440bb414b282be12c764-2699.npz,965,985,0.0,2.8082559979422227e-15,1.6752541065216064,2.378851890563965,0.0,2.861079692840576,nan,nan,nan,nan
atari_private_eye,/home/haselab/projects/stable-deep-world-model/logs/models/retrain_100k_atari_private_eye_atari_private_eye_vta_20260108_185758_to_500000,/home/haselab/projects/stable-deep-world-model/logs/models/retrain_100k_atari_private_eye_atari_private_eye_vta_20260108_185758_to_500000/latest.pt,/home/haselab/projects/stable-deep-world-model/logs/models/retrain_100k_atari_private_eye_atari_private_eye_vta_20260108_185758_to_500000/eval_eps/20260204T232942-8c5bd01602ed440bb414b282be12c764-2699.npz,970,990,0.0,7.27437023621791e-18,1.5332667827606201,2.3138816356658936,0.0,2.879472494125366,nan,nan,nan,nan
atari_private_eye,/home/haselab/projects/stable-deep-world-model/logs/models/retrain_100k_atari_private_eye_atari_private_eye_vta_20260108_185758_to_500000,/home/haselab/projects/stable-deep-world-model/logs/models/retrain_100k_atari_private_eye_atari_private_eye_vta_20260108_185758_to_500000/latest.pt,/home/haselab/projects/stable-deep-world-model/logs/models/retrain_100k_atari_private_eye_atari_private_eye_vta_20260108_185758_to_500000/eval_eps/20260204T232942-8c5bd01602ed440bb414b282be12c764-2699.npz,975,995,0.0,6.502203950367906e-16,1.5493252277374268,2.2533602714538574,0.0,2.8238728046417236,nan,nan,nan,nan
atari_private_eye,/home/haselab/projects/stable-deep-world-model/logs/models/retrain_100k_atari_private_eye_atari_private_eye_vta_20260108_185758_to_500000,/home/haselab/projects/stable-deep-world-model/logs/models/retrain_100k_atari_private_eye_atari_private_eye_vta_20260108_185758_to_500000/latest.pt,/home/haselab/projects/stable-deep-world-model/logs/models/retrain_100k_atari_private_eye_atari_private_eye_vta_20260108_185758_to_500000/eval_eps/20260204T232942-8c5bd01602ed440bb414b282be12c764-2699.npz,980,1000,0.0,6.503755079452565e-16,1.630194902420044,2.378516435623169,0.0,2.8916783332824707,nan,nan,nan,nan
atari_private_eye,/home/haselab/projects/stable-deep-world-model/logs/models/retrain_100k_atari_private_eye_atari_private_eye_vta_20260108_185758_to_500000,/home/haselab/projects/stable-deep-world-model/logs/models/retrain_100k_atari_private_eye_atari_private_eye_vta_20260108_185758_to_500000/latest.pt,/home/haselab/projects/stable-deep-world-model/logs/models/retrain_100k_atari_private_eye_atari_private_eye_vta_20260108_185758_to_500000/eval_eps/20260204T232942-8c5bd01602ed440bb414b282be12c764-2699.npz,985,1005,0.0,6.44792078515193e-16,1.5604584217071533,2.375204563140869,0.0,2.929641008377075,nan,nan,nan,nan
atari_private_eye,/home/haselab/projects/stable-deep-world-model/logs/models/retrain_100k_atari_private_eye_atari_private_eye_vta_20260108_185758_to_500000,/home/haselab/projects/stable-deep-world-model/logs/models/retrain_100k_atari_private_eye_atari_private_eye_vta_20260108_185758_to_500000/latest.pt,/home/haselab/projects/stable-deep-world-model/logs/models/retrain_100k_atari_private_eye_atari_private_eye_vta_20260108_185758_to_500000/eval_eps/20260204T232942-8c5bd01602ed440bb414b282be12c764-2699.npz,990,1010,0.0,6.444080549527316e-16,1.6389186382293701,2.462307929992676,0.0,2.9847583770751953,nan,nan,nan,nan
atari_private_eye,/home/haselab/projects/stable-deep-world-model/logs/models/retrain_100k_atari_private_eye_atari_private_eye_vta_20260108_185758_to_500000,/home/haselab/projects/stable-deep-world-model/logs/models/retrain_100k_atari_private_eye_atari_private_eye_vta_20260108_185758_to_500000/latest.pt,/home/haselab/projects/stable-deep-world-model/logs/models/retrain_100k_atari_private_eye_atari_private_eye_vta_20260108_185758_to_500000/eval_eps/20260204T232942-8c5bd01602ed440bb414b282be12c764-2699.npz,995,1015,0.0,3.2973828379897744e-18,1.7597455978393555,2.637925624847412,0.0,3.1473875045776367,nan,nan,nan,nan
atari_private_eye,/home/haselab/projects/stable-deep-world-model/logs/models/retrain_100k_atari_private_eye_atari_private_eye_vta_20260108_185758_to_500000,/home/haselab/projects/stable-deep-world-model/logs/models/retrain_100k_atari_private_eye_atari_private_eye_vta_20260108_185758_to_500000/latest.pt,/home/haselab/projects/stable-deep-world-model/logs/models/retrain_100k_atari_private_eye_atari_private_eye_vta_20260108_185758_to_500000/eval_eps/20260204T232942-8c5bd01602ed440bb414b282be12c764-2699.npz,1000,1020,0.0,2.4831114955894636e-17,1.8837982416152954,2.928124189376831,0.0,3.457366943359375,nan,nan,nan,nan
atari_private_eye,/home/haselab/projects/stable-deep-world-model/logs/models/retrain_100k_atari_private_eye_atari_private_eye_vta_20260108_185758_to_500000,/home/haselab/projects/stable-deep-world-model/logs/models/retrain_100k_atari_private_eye_atari_private_eye_vta_20260108_185758_to_500000/latest.pt,/home/haselab/projects/stable-deep-world-model/logs/models/retrain_100k_atari_private_eye_atari_private_eye_vta_20260108_185758_to_500000/eval_eps/20260204T232942-8c5bd01602ed440bb414b282be12c764-2699.npz,1005,1025,0.0,6.286683166732847e-17,2.0348851680755615,2.9357876777648926,0.0,3.3830058574676514,nan,nan,nan,nan
atari_private_eye,/home/haselab/projects/stable-deep-world-model/logs/models/retrain_100k_atari_private_eye_atari_private_eye_vta_20260108_185758_to_500000,/home/haselab/projects/stable-deep-world-model/logs/models/retrain_100k_atari_private_eye_atari_private_eye_vta_20260108_185758_to_500000/latest.pt,/home/haselab/projects/stable-deep-world-model/logs/models/retrain_100k_atari_private_eye_atari_private_eye_vta_20260108_185758_to_500000/eval_eps/20260204T232942-8c5bd01602ed440bb414b282be12c764-2699.npz,1010,1030,0.0,6.570480893965911e-17,1.8700183629989624,2.7988293170928955,0.0,3.19932222366333,nan,nan,nan,nan
atari_private_eye,/home/haselab/projects/stable-deep-world-model/logs/models/retrain_100k_atari_private_eye_atari_private_eye_vta_20260108_185758_to_500000,/home/haselab/projects/stable-deep-world-model/logs/models/retrain_100k_atari_private_eye_atari_private_eye_vta_20260108_185758_to_500000/latest.pt,/home/haselab/projects/stable-deep-world-model/logs/models/retrain_100k_atari_private_eye_atari_private_eye_vta_20260108_185758_to_500000/eval_eps/20260204T232942-8c5bd01602ed440bb414b282be12c764-2699.npz,1015,1035,0.0,8.474520300398442e-17,1.7305647134780884,2.626129627227783,0.0,3.110013961791992,nan,nan,nan,nan
atari_private_eye,/home/haselab/projects/stable-deep-world-model/logs/models/retrain_100k_atari_private_eye_atari_private_eye_vta_20260108_185758_to_500000,/home/haselab/projects/stable-deep-world-model/logs/models/retrain_100k_atari_private_eye_atari_private_eye_vta_20260108_185758_to_500000/latest.pt,/home/haselab/projects/stable-deep-world-model/logs/models/retrain_100k_atari_private_eye_atari_private_eye_vta_20260108_185758_to_500000/eval_eps/20260204T232942-8c5bd01602ed440bb414b282be12c764-2699.npz,1020,1040,0.0,3.4151047591291265e-16,1.584241509437561,2.2891788482666016,0.0,2.8533339500427246,nan,nan,nan,nan
atari_private_eye,/home/haselab/projects/stable-deep-world-model/logs/models/retrain_100k_atari_private_eye_atari_private_eye_vta_20260108_185758_to_500000,/home/haselab/projects/stable-deep-world-model/logs/models/retrain_100k_atari_private_eye_atari_private_eye_vta_20260108_185758_to_500000/latest.pt,/home/haselab/projects/stable-deep-world-model/logs/models/retrain_100k_atari_private_eye_atari_private_eye_vta_20260108_185758_to_500000/eval_eps/20260204T232942-8c5bd01602ed440bb414b282be12c764-2699.npz,1025,1045,0.0,3.8648215500016283e-16,1.4699287414550781,2.3305225372314453,0.0,2.940072536468506,nan,nan,nan,nan
atari_private_eye,/home/haselab/projects/stable-deep-world-model/logs/models/retrain_100k_atari_private_eye_atari_private_eye_vta_20260108_185758_to_500000,/home/haselab/projects/stable-deep-world-model/logs/models/retrain_100k_atari_private_eye_atari_private_eye_vta_20260108_185758_to_500000/latest.pt,/home/haselab/projects/stable-deep-world-model/logs/models/retrain_100k_atari_private_eye_atari_private_eye_vta_20260108_185758_to_500000/eval_eps/20260204T232942-8c5bd01602ed440bb414b282be12c764-2699.npz,1030,1050,0.0,3.840374855654889e-16,1.5352100133895874,2.3996076583862305,0.0,3.042306900024414,nan,nan,nan,nan
atari_private_eye,/home/haselab/projects/stable-deep-world-model/logs/models/retrain_100k_atari_private_eye_atari_private_eye_vta_20260108_185758_to_500000,/home/haselab/projects/stable-deep-world-model/logs/models/retrain_100k_atari_private_eye_atari_private_eye_vta_20260108_185758_to_500000/latest.pt,/home/haselab/projects/stable-deep-world-model/logs/models/retrain_100k_atari_private_eye_atari_private_eye_vta_20260108_185758_to_500000/eval_eps/20260204T232942-8c5bd01602ed440bb414b282be12c764-2699.npz,1035,1055,0.0,3.6357690179874885e-16,1.6218341588974,2.407590627670288,0.0,3.03019642829895,nan,nan,nan,nan
atari_private_eye,/home/haselab/projects/stable-deep-world-model/logs/models/retrain_100k_atari_private_eye_atari_private_eye_vta_20260108_185758_to_500000,/home/haselab/projects/stable-deep-world-model/logs/models/retrain_100k_atari_private_eye_atari_private_eye_vta_20260108_185758_to_500000/latest.pt,/home/haselab/projects/stable-deep-world-model/logs/models/retrain_100k_atari_private_eye_atari_private_eye_vta_20260108_185758_to_500000/eval_eps/20260204T232942-8c5bd01602ed440bb414b282be12c764-2699.npz,1040,1060,0.0,8.461466066843375e-17,1.606066107749939,2.424203395843506,0.0,2.946610450744629,nan,nan,nan,nan
atari_private_eye,/home/haselab/projects/stable-deep-world-model/logs/models/retrain_100k_atari_private_eye_atari_private_eye_vta_20260108_185758_to_500000,/home/haselab/projects/stable-deep-world-model/logs/models/retrain_100k_atari_private_eye_atari_private_eye_vta_20260108_185758_to_500000/latest.pt,/home/haselab/projects/stable-deep-world-model/logs/models/retrain_100k_atari_private_eye_atari_private_eye_vta_20260108_185758_to_500000/eval_eps/20260204T232942-8c5bd01602ed440bb414b282be12c764-2699.npz,1045,1065,0.0,1.1416972221173809e-18,1.589104413986206,2.3863258361816406,0.0,2.9103355407714844,nan,nan,nan,nan
atari_private_eye,/home/haselab/projects/stable-deep-world-model/logs/models/retrain_100k_atari_private_eye_atari_private_eye_vta_20260108_185758_to_500000,/home/haselab/projects/stable-deep-world-model/logs/models/retrain_100k_atari_private_eye_atari_private_eye_vta_20260108_185758_to_500000/latest.pt,/home/haselab/projects/stable-deep-world-model/logs/models/retrain_100k_atari_private_eye_atari_private_eye_vta_20260108_185758_to_500000/eval_eps/20260204T232942-8c5bd01602ed440bb414b282be12c764-2699.npz,1050,1070,0.0,2.3784048229829088e-18,1.4986302852630615,2.343388795852661,0.0,2.8554158210754395,nan,nan,nan,nan
atari_private_eye,/home/haselab/projects/stable-deep-world-model/logs/models/retrain_100k_atari_private_eye_atari_private_eye_vta_20260108_185758_to_500000,/home/haselab/projects/stable-deep-world-model/logs/models/retrain_100k_atari_private_eye_atari_private_eye_vta_20260108_185758_to_500000/latest.pt,/home/haselab/projects/stable-deep-world-model/logs/models/retrain_100k_atari_private_eye_atari_private_eye_vta_20260108_185758_to_500000/eval_eps/20260204T232942-8c5bd01602ed440bb414b282be12c764-2699.npz,1055,1075,0.0,5.3233597095737996e-18,1.4346193075180054,2.251227378845215,0.0,2.771310806274414,nan,nan,nan,nan
atari_private_eye,/home/haselab/projects/stable-deep-world-model/logs/models/retrain_100k_atari_private_eye_atari_private_eye_vta_20260108_185758_to_500000,/home/haselab/projects/stable-deep-world-model/logs/models/retrain_100k_atari_private_eye_atari_private_eye_vta_20260108_185758_to_500000/latest.pt,/home/haselab/projects/stable-deep-world-model/logs/models/retrain_100k_atari_private_eye_atari_private_eye_vta_20260108_185758_to_500000/eval_eps/20260204T232942-8c5bd01602ed440bb414b282be12c764-2699.npz,1060,1080,0.0,3.893490505067083e-17,1.5696475505828857,2.95882511138916,0.0,3.525672197341919,nan,nan,nan,nan
atari_private_eye,/home/haselab/projects/stable-deep-world-model/logs/models/retrain_100k_atari_private_eye_atari_private_eye_vta_20260108_185758_to_500000,/home/haselab/projects/stable-deep-world-model/logs/models/retrain_100k_atari_private_eye_atari_private_eye_vta_20260108_185758_to_500000/latest.pt,/home/haselab/projects/stable-deep-world-model/logs/models/retrain_100k_atari_private_eye_atari_private_eye_vta_20260108_185758_to_500000/eval_eps/20260204T232942-8c5bd01602ed440bb414b282be12c764-2699.npz,1065,1085,0.0,3.8891143887544326e-17,2.0090317726135254,4.1004719734191895,0.0,4.701111793518066,nan,nan,nan,nan
atari_private_eye,/home/haselab/projects/stable-deep-world-model/logs/models/retrain_100k_atari_private_eye_atari_private_eye_vta_20260108_185758_to_500000,/home/haselab/projects/stable-deep-world-model/logs/models/retrain_100k_atari_private_eye_atari_private_eye_vta_20260108_185758_to_500000/latest.pt,/home/haselab/projects/stable-deep-world-model/logs/models/retrain_100k_atari_private_eye_atari_private_eye_vta_20260108_185758_to_500000/eval_eps/20260204T232942-8c5bd01602ed440bb414b282be12c764-2699.npz,1070,1090,0.0,3.72450677034536e-17,2.0487172603607178,3.971633195877075,0.0,4.613551616668701,nan,nan,nan,nan
atari_private_eye,/home/haselab/projects/stable-deep-world-model/logs/models/retrain_100k_atari_private_eye_atari_private_eye_vta_20260108_185758_to_500000,/home/haselab/projects/stable-deep-world-model/logs/models/retrain_100k_atari_private_eye_atari_private_eye_vta_20260108_185758_to_500000/latest.pt,/home/haselab/projects/stable-deep-world-model/logs/models/retrain_100k_atari_private_eye_atari_private_eye_vta_20260108_185758_to_500000/eval_eps/20260204T232942-8c5bd01602ed440bb414b282be12c764-2699.npz,1075,1095,0.0,4.361925202061578e-17,2.1201224327087402,4.268665313720703,0.0,4.898766040802002,nan,nan,nan,nan
atari_private_eye,/home/haselab/projects/stable-deep-world-model/logs/models/retrain_100k_atari_private_eye_atari_private_eye_vta_20260108_185758_to_500000,/home/haselab/projects/stable-deep-world-model/logs/models/retrain_100k_atari_private_eye_atari_private_eye_vta_20260108_185758_to_500000/latest.pt,/home/haselab/projects/stable-deep-world-model/logs/models/retrain_100k_atari_private_eye_atari_private_eye_vta_20260108_185758_to_500000/eval_eps/20260204T232942-8c5bd01602ed440bb414b282be12c764-2699.npz,1080,1100,0.0,6.271778033839132e-17,1.9405208826065063,3.484701633453369,0.0,4.162228107452393,nan,nan,nan,nan
atari_private_eye,/home/haselab/projects/stable-deep-world-model/logs/models/retrain_100k_atari_private_eye_atari_private_eye_vta_20260108_185758_to_500000,/home/haselab/projects/stable-deep-world-model/logs/models/retrain_100k_atari_private_eye_atari_private_eye_vta_20260108_185758_to_500000/latest.pt,/home/haselab/projects/stable-deep-world-model/logs/models/retrain_100k_atari_private_eye_atari_private_eye_vta_20260108_185758_to_500000/eval_eps/20260204T232942-8c5bd01602ed440bb414b282be12c764-2699.npz,1085,1105,0.0,1.3647502048768674e-16,1.611647605895996,2.4298412799835205,0.0,3.052257537841797,nan,nan,nan,nan
atari_private_eye,/home/haselab/projects/stable-deep-world-model/logs/models/retrain_100k_atari_private_eye_atari_private_eye_vta_20260108_185758_to_500000,/home/haselab/projects/stable-deep-world-model/logs/models/retrain_100k_atari_private_eye_atari_private_eye_vta_20260108_185758_to_500000/latest.pt,/home/haselab/projects/stable-deep-world-model/logs/models/retrain_100k_atari_private_eye_atari_private_eye_vta_20260108_185758_to_500000/eval_eps/20260204T232942-8c5bd01602ed440bb414b282be12c764-2699.npz,1090,1110,0.0,1.373416543067361e-16,1.6616392135620117,2.5990071296691895,0.0,3.235991954803467,nan,nan,nan,nan
atari_private_eye,/home/haselab/projects/stable-deep-world-model/logs/models/retrain_100k_atari_private_eye_atari_private_eye_vta_20260108_185758_to_500000,/home/haselab/projects/stable-deep-world-model/logs/models/retrain_100k_atari_private_eye_atari_private_eye_vta_20260108_185758_to_500000/latest.pt,/home/haselab/projects/stable-deep-world-model/logs/models/retrain_100k_atari_private_eye_atari_private_eye_vta_20260108_185758_to_500000/eval_eps/20260204T232942-8c5bd01602ed440bb414b282be12c764-2699.npz,1095,1115,0.0,1.27350411002949e-16,1.7967214584350586,2.76824688911438,0.0,3.2901089191436768,nan,nan,nan,nan
atari_private_eye,/home/haselab/projects/stable-deep-world-model/logs/models/retrain_100k_atari_private_eye_atari_private_eye_vta_20260108_185758_to_500000,/home/haselab/projects/stable-deep-world-model/logs/models/retrain_100k_atari_private_eye_atari_private_eye_vta_20260108_185758_to_500000/latest.pt,/home/haselab/projects/stable-deep-world-model/logs/models/retrain_100k_atari_private_eye_atari_private_eye_vta_20260108_185758_to_500000/eval_eps/20260204T232942-8c5bd01602ed440bb414b282be12c764-2699.npz,1100,1120,0.0,7.478462493986588e-17,1.9103333950042725,2.9625608921051025,0.0,3.4560065269470215,nan,nan,nan,nan
atari_private_eye,/home/haselab/projects/stable-deep-world-model/logs/models/retrain_100k_atari_private_eye_atari_private_eye_vta_20260108_185758_to_500000,/home/haselab/projects/stable-deep-world-model/logs/models/retrain_100k_atari_private_eye_atari_private_eye_vta_20260108_185758_to_500000/latest.pt,/home/haselab/projects/stable-deep-world-model/logs/models/retrain_100k_atari_private_eye_atari_private_eye_vta_20260108_185758_to_500000/eval_eps/20260204T232942-8c5bd01602ed440bb414b282be12c764-2699.npz,1105,1125,0.0,1.395573841360931e-18,1.7979425191879272,2.875617027282715,0.0,3.3932483196258545,nan,nan,nan,nan
atari_private_eye,/home/haselab/projects/stable-deep-world-model/logs/models/retrain_100k_atari_private_eye_atari_private_eye_vta_20260108_185758_to_500000,/home/haselab/projects/stable-deep-world-model/logs/models/retrain_100k_atari_private_eye_atari_private_eye_vta_20260108_185758_to_500000/latest.pt,/home/haselab/projects/stable-deep-world-model/logs/models/retrain_100k_atari_private_eye_atari_private_eye_vta_20260108_185758_to_500000/eval_eps/20260204T232942-8c5bd01602ed440bb414b282be12c764-2699.npz,1110,1130,0.0,4.213323032197039e-18,1.7594144344329834,2.884626865386963,0.0,3.3823165893554688,nan,nan,nan,nan
atari_private_eye,/home/haselab/projects/stable-deep-world-model/logs/models/retrain_100k_atari_private_eye_atari_private_eye_vta_20260108_185758_to_500000,/home/haselab/projects/stable-deep-world-model/logs/models/retrain_100k_atari_private_eye_atari_private_eye_vta_20260108_185758_to_500000/latest.pt,/home/haselab/projects/stable-deep-world-model/logs/models/retrain_100k_atari_private_eye_atari_private_eye_vta_20260108_185758_to_500000/eval_eps/20260204T232942-8c5bd01602ed440bb414b282be12c764-2699.npz,1115,1135,0.0,4.213321377835814e-18,1.8017098903656006,3.206139087677002,0.0,3.8131721019744873,nan,nan,nan,nan
atari_private_eye,/home/haselab/projects/stable-deep-world-model/logs/models/retrain_100k_atari_private_eye_atari_private_eye_vta_20260108_185758_to_500000,/home/haselab/projects/stable-deep-world-model/logs/models/retrain_100k_atari_private_eye_atari_private_eye_vta_20260108_185758_to_500000/latest.pt,/home/haselab/projects/stable-deep-world-model/logs/models/retrain_100k_atari_private_eye_atari_private_eye_vta_20260108_185758_to_500000/eval_eps/20260204T232942-8c5bd01602ed440bb414b282be12c764-2699.npz,1120,1140,0.0,4.061443572745565e-18,1.681035041809082,3.14119291305542,0.0,3.7705719470977783,nan,nan,nan,nan
atari_private_eye,/home/haselab/projects/stable-deep-world-model/logs/models/retrain_100k_atari_private_eye_atari_private_eye_vta_20260108_185758_to_500000,/home/haselab/projects/stable-deep-world-model/logs/models/retrain_100k_atari_private_eye_atari_private_eye_vta_20260108_185758_to_500000/latest.pt,/home/haselab/projects/stable-deep-world-model/logs/models/retrain_100k_atari_private_eye_atari_private_eye_vta_20260108_185758_to_500000/eval_eps/20260204T232942-8c5bd01602ed440bb414b282be12c764-2699.npz,1125,1145,0.0,3.693263000556375e-18,1.649404764175415,3.076706647872925,0.0,3.700080394744873,nan,nan,nan,nan
atari_private_eye,/home/haselab/projects/stable-deep-world-model/logs/models/retrain_100k_atari_private_eye_atari_private_eye_vta_20260108_185758_to_500000,/home/haselab/projects/stable-deep-world-model/logs/models/retrain_100k_atari_private_eye_atari_private_eye_vta_20260108_185758_to_500000/latest.pt,/home/haselab/projects/stable-deep-world-model/logs/models/retrain_100k_atari_private_eye_atari_private_eye_vta_20260108_185758_to_500000/eval_eps/20260204T232942-8c5bd01602ed440bb414b282be12c764-2699.npz,1130,1150,0.0,9.358089680124956e-24,1.5506550073623657,2.964477062225342,0.0,3.6256492137908936,nan,nan,nan,nan
atari_private_eye,/home/haselab/projects/stable-deep-world-model/logs/models/retrain_100k_atari_private_eye_atari_private_eye_vta_20260108_185758_to_500000,/home/haselab/projects/stable-deep-world-model/logs/models/retrain_100k_atari_private_eye_atari_private_eye_vta_20260108_185758_to_500000/latest.pt,/home/haselab/projects/stable-deep-world-model/logs/models/retrain_100k_atari_private_eye_atari_private_eye_vta_20260108_185758_to_500000/eval_eps/20260204T232942-8c5bd01602ed440bb414b282be12c764-2699.npz,1135,1155,0.0,1.3631187013905064e-22,1.2951120138168335,2.3087716102600098,0.0,2.9810166358947754,nan,nan,nan,nan
atari_private_eye,/home/haselab/projects/stable-deep-world-model/logs/models/retrain_100k_atari_private_eye_atari_private_eye_vta_20260108_185758_to_500000,/home/haselab/projects/stable-deep-world-model/logs/models/retrain_100k_atari_private_eye_atari_private_eye_vta_20260108_185758_to_500000/latest.pt,/home/haselab/projects/stable-deep-world-model/logs/models/retrain_100k_atari_private_eye_atari_private_eye_vta_20260108_185758_to_500000/eval_eps/20260204T232942-8c5bd01602ed440bb414b282be12c764-2699.npz,1140,1160,0.0,1.527392484688923e-22,1.2275172472000122,2.1498489379882812,0.0,2.775873899459839,nan,nan,nan,nan
atari_private_eye,/home/haselab/projects/stable-deep-world-model/logs/models/retrain_100k_atari_private_eye_atari_private_eye_vta_20260108_185758_to_500000,/home/haselab/projects/stable-deep-world-model/logs/models/retrain_100k_atari_private_eye_atari_private_eye_vta_20260108_185758_to_500000/latest.pt,/home/haselab/projects/stable-deep-world-model/logs/models/retrain_100k_atari_private_eye_atari_private_eye_vta_20260108_185758_to_500000/eval_eps/20260204T232942-8c5bd01602ed440bb414b282be12c764-2699.npz,1145,1165,0.0,1.4469161767996412e-22,1.4314560890197754,2.8211452960968018,0.0,3.3941941261291504,nan,nan,nan,nan
atari_private_eye,/home/haselab/projects/stable-deep-world-model/logs/models/retrain_100k_atari_private_eye_atari_private_eye_vta_20260108_185758_to_500000,/home/haselab/projects/stable-deep-world-model/logs/models/retrain_100k_atari_private_eye_atari_private_eye_vta_20260108_185758_to_500000/latest.pt,/home/haselab/projects/stable-deep-world-model/logs/models/retrain_100k_atari_private_eye_atari_private_eye_vta_20260108_185758_to_500000/eval_eps/20260204T232942-8c5bd01602ed440bb414b282be12c764-2699.npz,1150,1170,0.0,2.449982002158041e-18,1.5972445011138916,2.9502506256103516,0.0,3.5082316398620605,nan,nan,nan,nan
atari_private_eye,/home/haselab/projects/stable-deep-world-model/logs/models/retrain_100k_atari_private_eye_atari_private_eye_vta_20260108_185758_to_500000,/home/haselab/projects/stable-deep-world-model/logs/models/retrain_100k_atari_private_eye_atari_private_eye_vta_20260108_185758_to_500000/latest.pt,/home/haselab/projects/stable-deep-world-model/logs/models/retrain_100k_atari_private_eye_atari_private_eye_vta_20260108_185758_to_500000/eval_eps/20260204T232942-8c5bd01602ed440bb414b282be12c764-2699.npz,1155,1175,0.0,9.746846174363411e-18,1.6000041961669922,2.9153621196746826,0.0,3.436138153076172,nan,nan,nan,nan
atari_private_eye,/home/haselab/projects/stable-deep-world-model/logs/models/retrain_100k_atari_private_eye_atari_private_eye_vta_20260108_185758_to_500000,/home/haselab/projects/stable-deep-world-model/logs/models/retrain_100k_atari_private_eye_atari_private_eye_vta_20260108_185758_to_500000/latest.pt,/home/haselab/projects/stable-deep-world-model/logs/models/retrain_100k_atari_private_eye_atari_private_eye_vta_20260108_185758_to_500000/eval_eps/20260204T232942-8c5bd01602ed440bb414b282be12c764-2699.npz,1160,1180,0.0,1.52692683872732e-16,1.7019304037094116,3.1025540828704834,0.0,3.638549327850342,nan,nan,nan,nan
atari_private_eye,/home/haselab/projects/stable-deep-world-model/logs/models/retrain_100k_atari_private_eye_atari_private_eye_vta_20260108_185758_to_500000,/home/haselab/projects/stable-deep-world-model/logs/models/retrain_100k_atari_private_eye_atari_private_eye_vta_20260108_185758_to_500000/latest.pt,/home/haselab/projects/stable-deep-world-model/logs/models/retrain_100k_atari_private_eye_atari_private_eye_vta_20260108_185758_to_500000/eval_eps/20260204T232942-8c5bd01602ed440bb414b282be12c764-2699.npz,1165,1185,0.0,1.526928559262994e-16,1.7855682373046875,3.2836575508117676,0.0,3.880159854888916,nan,nan,nan,nan
atari_private_eye,/home/haselab/projects/stable-deep-world-model/logs/models/retrain_100k_atari_private_eye_atari_private_eye_vta_20260108_185758_to_500000,/home/haselab/projects/stable-deep-world-model/logs/models/retrain_100k_atari_private_eye_atari_private_eye_vta_20260108_185758_to_500000/latest.pt,/home/haselab/projects/stable-deep-world-model/logs/models/retrain_100k_atari_private_eye_atari_private_eye_vta_20260108_185758_to_500000/eval_eps/20260204T232942-8c5bd01602ed440bb414b282be12c764-2699.npz,1170,1190,0.0,2.2199200947296274e-16,1.9681075811386108,3.941300868988037,0.0,4.426068305969238,nan,nan,nan,nan
atari_private_eye,/home/haselab/projects/stable-deep-world-model/logs/models/retrain_100k_atari_private_eye_atari_private_eye_vta_20260108_185758_to_500000,/home/haselab/projects/stable-deep-world-model/logs/models/retrain_100k_atari_private_eye_atari_private_eye_vta_20260108_185758_to_500000/latest.pt,/home/haselab/projects/stable-deep-world-model/logs/models/retrain_100k_atari_private_eye_atari_private_eye_vta_20260108_185758_to_500000/eval_eps/20260204T232942-8c5bd01602ed440bb414b282be12c764-2699.npz,1175,1195,0.0,2.982095957839012e-16,2.008291482925415,3.9636642932891846,0.0,4.429314613342285,nan,nan,nan,nan
atari_private_eye,/home/haselab/projects/stable-deep-world-model/logs/models/retrain_100k_atari_private_eye_atari_private_eye_vta_20260108_185758_to_500000,/home/haselab/projects/stable-deep-world-model/logs/models/retrain_100k_atari_private_eye_atari_private_eye_vta_20260108_185758_to_500000/latest.pt,/home/haselab/projects/stable-deep-world-model/logs/models/retrain_100k_atari_private_eye_atari_private_eye_vta_20260108_185758_to_500000/eval_eps/20260204T232942-8c5bd01602ed440bb414b282be12c764-2699.npz,1180,1200,0.0,1.5593656859780975e-16,2.128005027770996,4.043676853179932,0.0,4.456157684326172,nan,nan,nan,nan
atari_private_eye,/home/haselab/projects/stable-deep-world-model/logs/models/retrain_100k_atari_private_eye_atari_private_eye_vta_20260108_185758_to_500000,/home/haselab/projects/stable-deep-world-model/logs/models/retrain_100k_atari_private_eye_atari_private_eye_vta_20260108_185758_to_500000/latest.pt,/home/haselab/projects/stable-deep-world-model/logs/models/retrain_100k_atari_private_eye_atari_private_eye_vta_20260108_185758_to_500000/eval_eps/20260204T232942-8c5bd01602ed440bb414b282be12c764-2699.npz,1185,1205,0.0,1.5593913616643112e-16,1.9151241779327393,3.235382556915283,0.0,3.6456615924835205,nan,nan,nan,nan
atari_private_eye,/home/haselab/projects/stable-deep-world-model/logs/models/retrain_100k_atari_private_eye_atari_private_eye_vta_20260108_185758_to_500000,/home/haselab/projects/stable-deep-world-model/logs/models/retrain_100k_atari_private_eye_atari_private_eye_vta_20260108_185758_to_500000/latest.pt,/home/haselab/projects/stable-deep-world-model/logs/models/retrain_100k_atari_private_eye_atari_private_eye_vta_20260108_185758_to_500000/eval_eps/20260204T232942-8c5bd01602ed440bb414b282be12c764-2699.npz,1190,1210,0.0,8.419036995375325e-17,1.6393709182739258,2.424088478088379,0.0,2.9317517280578613,nan,nan,nan,nan
atari_private_eye,/home/haselab/projects/stable-deep-world-model/logs/models/retrain_100k_atari_private_eye_atari_private_eye_vta_20260108_185758_to_500000,/home/haselab/projects/stable-deep-world-model/logs/models/retrain_100k_atari_private_eye_atari_private_eye_vta_20260108_185758_to_500000/latest.pt,/home/haselab/projects/stable-deep-world-model/logs/models/retrain_100k_atari_private_eye_atari_private_eye_vta_20260108_185758_to_500000/eval_eps/20260204T232942-8c5bd01602ed440bb414b282be12c764-2699.npz,1195,1215,0.0,2.361886439740531e-18,1.6762325763702393,2.514716625213623,0.0,3.062373638153076,nan,nan,nan,nan
atari_private_eye,/home/haselab/projects/stable-deep-world-model/logs/models/retrain_100k_atari_private_eye_atari_private_eye_vta_20260108_185758_to_500000,/home/haselab/projects/stable-deep-world-model/logs/models/retrain_100k_atari_private_eye_atari_private_eye_vta_20260108_185758_to_500000/latest.pt,/home/haselab/projects/stable-deep-world-model/logs/models/retrain_100k_atari_private_eye_atari_private_eye_vta_20260108_185758_to_500000/eval_eps/20260204T232942-8c5bd01602ed440bb414b282be12c764-2699.npz,1200,1220,0.0,2.437379078345183e-18,1.8753302097320557,3.1963891983032227,0.0,3.7874794006347656,nan,nan,nan,nan
atari_private_eye,/home/haselab/projects/stable-deep-world-model/logs/models/retrain_100k_atari_private_eye_atari_private_eye_vta_20260108_185758_to_500000,/home/haselab/projects/stable-deep-world-model/logs/models/retrain_100k_atari_private_eye_atari_private_eye_vta_20260108_185758_to_500000/latest.pt,/home/haselab/projects/stable-deep-world-model/logs/models/retrain_100k_atari_private_eye_atari_private_eye_vta_20260108_185758_to_500000/eval_eps/20260204T232942-8c5bd01602ed440bb414b282be12c764-2699.npz,1205,1225,0.0,9.1131090272453e-17,2.074085235595703,3.9081006050109863,0.0,4.462553977966309,nan,nan,nan,nan
atari_private_eye,/home/haselab/projects/stable-deep-world-model/logs/models/retrain_100k_atari_private_eye_atari_private_eye_vta_20260108_185758_to_500000,/home/haselab/projects/stable-deep-world-model/logs/models/retrain_100k_atari_private_eye_atari_private_eye_vta_20260108_185758_to_500000/latest.pt,/home/haselab/projects/stable-deep-world-model/logs/models/retrain_100k_atari_private_eye_atari_private_eye_vta_20260108_185758_to_500000/eval_eps/20260204T232942-8c5bd01602ed440bb414b282be12c764-2699.npz,1210,1230,0.0,1.540856957289407e-16,2.391407012939453,4.783364772796631,0.0,5.268376350402832,nan,nan,nan,nan
atari_private_eye,/home/haselab/projects/stable-deep-world-model/logs/models/retrain_100k_atari_private_eye_atari_private_eye_vta_20260108_185758_to_500000,/home/haselab/projects/stable-deep-world-model/logs/models/retrain_100k_atari_private_eye_atari_private_eye_vta_20260108_185758_to_500000/latest.pt,/home/haselab/projects/stable-deep-world-model/logs/models/retrain_100k_atari_private_eye_atari_private_eye_vta_20260108_185758_to_500000/eval_eps/20260204T232942-8c5bd01602ed440bb414b282be12c764-2699.npz,1215,1235,0.0,1.5240670437391526e-16,2.5932676792144775,5.5049309730529785,0.0,5.89949893951416,nan,nan,nan,nan
atari_private_eye,/home/haselab/projects/stable-deep-world-model/logs/models/retrain_100k_atari_private_eye_atari_private_eye_vta_20260108_185758_to_500000,/home/haselab/projects/stable-deep-world-model/logs/models/retrain_100k_atari_private_eye_atari_private_eye_vta_20260108_185758_to_500000/latest.pt,/home/haselab/projects/stable-deep-world-model/logs/models/retrain_100k_atari_private_eye_atari_private_eye_vta_20260108_185758_to_500000/eval_eps/20260204T232942-8c5bd01602ed440bb414b282be12c764-2699.npz,1220,1240,0.0,1.769540632924797e-16,2.324384927749634,4.630965232849121,0.0,5.048171520233154,nan,nan,nan,nan
atari_private_eye,/home/haselab/projects/stable-deep-world-model/logs/models/retrain_100k_atari_private_eye_atari_private_eye_vta_20260108_185758_to_500000,/home/haselab/projects/stable-deep-world-model/logs/models/retrain_100k_atari_private_eye_atari_private_eye_vta_20260108_185758_to_500000/latest.pt,/home/haselab/projects/stable-deep-world-model/logs/models/retrain_100k_atari_private_eye_atari_private_eye_vta_20260108_185758_to_500000/eval_eps/20260204T232942-8c5bd01602ed440bb414b282be12c764-2699.npz,1225,1245,0.0,8.862998726766826e-17,2.0968031883239746,4.060976982116699,0.0,4.5252604484558105,nan,nan,nan,nan
atari_private_eye,/home/haselab/projects/stable-deep-world-model/logs/models/retrain_100k_atari_private_eye_atari_private_eye_vta_20260108_185758_to_500000,/home/haselab/projects/stable-deep-world-model/logs/models/retrain_100k_atari_private_eye_atari_private_eye_vta_20260108_185758_to_500000/latest.pt,/home/haselab/projects/stable-deep-world-model/logs/models/retrain_100k_atari_private_eye_atari_private_eye_vta_20260108_185758_to_500000/eval_eps/20260204T232942-8c5bd01602ed440bb414b282be12c764-2699.npz,1230,1250,0.0,3.309988367421562e-17,1.8945133686065674,3.633474349975586,0.0,4.117237567901611,nan,nan,nan,nan
atari_private_eye,/home/haselab/projects/stable-deep-world-model/logs/models/retrain_100k_atari_private_eye_atari_private_eye_vta_20260108_185758_to_500000,/home/haselab/projects/stable-deep-world-model/logs/models/retrain_100k_atari_private_eye_atari_private_eye_vta_20260108_185758_to_500000/latest.pt,/home/haselab/projects/stable-deep-world-model/logs/models/retrain_100k_atari_private_eye_atari_private_eye_vta_20260108_185758_to_500000/eval_eps/20260204T232942-8c5bd01602ed440bb414b282be12c764-2699.npz,1235,1255,0.0,3.31284280227936e-17,2.059520959854126,3.9328231811523438,0.0,4.47519588470459,nan,nan,nan,nan
atari_private_eye,/home/haselab/projects/stable-deep-world-model/logs/models/retrain_100k_atari_private_eye_atari_private_eye_vta_20260108_185758_to_500000,/home/haselab/projects/stable-deep-world-model/logs/models/retrain_100k_atari_private_eye_atari_private_eye_vta_20260108_185758_to_500000/latest.pt,/home/haselab/projects/stable-deep-world-model/logs/models/retrain_100k_atari_private_eye_atari_private_eye_vta_20260108_185758_to_500000/eval_eps/20260204T232942-8c5bd01602ed440bb414b282be12c764-2699.npz,1240,1260,0.0,8.791359591763814e-17,2.1220691204071045,4.041825294494629,0.0,4.589053153991699,nan,nan,nan,nan
atari_private_eye,/home/haselab/projects/stable-deep-world-model/logs/models/retrain_100k_atari_private_eye_atari_private_eye_vta_20260108_185758_to_500000,/home/haselab/projects/stable-deep-world-model/logs/models/retrain_100k_atari_private_eye_atari_private_eye_vta_20260108_185758_to_500000/latest.pt,/home/haselab/projects/stable-deep-world-model/logs/models/retrain_100k_atari_private_eye_atari_private_eye_vta_20260108_185758_to_500000/eval_eps/20260204T232942-8c5bd01602ed440bb414b282be12c764-2699.npz,1245,1265,0.0,8.75418278631323e-17,2.4104456901550293,5.024945259094238,0.0,5.51318883895874,nan,nan,nan,nan
atari_private_eye,/home/haselab/projects/stable-deep-world-model/logs/models/retrain_100k_atari_private_eye_atari_private_eye_vta_20260108_185758_to_500000,/home/haselab/projects/stable-deep-world-model/logs/models/retrain_100k_atari_private_eye_atari_private_eye_vta_20260108_185758_to_500000/latest.pt,/home/haselab/projects/stable-deep-world-model/logs/models/retrain_100k_atari_private_eye_atari_private_eye_vta_20260108_185758_to_500000/eval_eps/20260204T232942-8c5bd01602ed440bb414b282be12c764-2699.npz,1250,1270,0.0,8.120752357766253e-17,2.6511600017547607,5.061729431152344,0.0,5.607670783996582,nan,nan,nan,nan
atari_private_eye,/home/haselab/projects/stable-deep-world-model/logs/models/retrain_100k_atari_private_eye_atari_private_eye_vta_20260108_185758_to_500000,/home/haselab/projects/stable-deep-world-model/logs/models/retrain_100k_atari_private_eye_atari_private_eye_vta_20260108_185758_to_500000/latest.pt,/home/haselab/projects/stable-deep-world-model/logs/models/retrain_100k_atari_private_eye_atari_private_eye_vta_20260108_185758_to_500000/eval_eps/20260204T232942-8c5bd01602ed440bb414b282be12c764-2699.npz,1255,1275,0.0,8.123597859073436e-17,2.2255091667175293,4.031968593597412,0.0,4.5695037841796875,nan,nan,nan,nan
atari_private_eye,/home/haselab/projects/stable-deep-world-model/logs/models/retrain_100k_atari_private_eye_atari_private_eye_vta_20260108_185758_to_500000,/home/haselab/projects/stable-deep-world-model/logs/models/retrain_100k_atari_private_eye_atari_private_eye_vta_20260108_185758_to_500000/latest.pt,/home/haselab/projects/stable-deep-world-model/logs/models/retrain_100k_atari_private_eye_atari_private_eye_vta_20260108_185758_to_500000/eval_eps/20260204T232942-8c5bd01602ed440bb414b282be12c764-2699.npz,1260,1280,0.0,1.5066950928226815e-17,2.1347172260284424,4.0053510665893555,0.0,4.495534896850586,nan,nan,nan,nan
atari_private_eye,/home/haselab/projects/stable-deep-world-model/logs/models/retrain_100k_atari_private_eye_atari_private_eye_vta_20260108_185758_to_500000,/home/haselab/projects/stable-deep-world-model/logs/models/retrain_100k_atari_private_eye_atari_private_eye_vta_20260108_185758_to_500000/latest.pt,/home/haselab/projects/stable-deep-world-model/logs/models/retrain_100k_atari_private_eye_atari_private_eye_vta_20260108_185758_to_500000/eval_eps/20260204T232942-8c5bd01602ed440bb414b282be12c764-2699.npz,1265,1285,0.0,1.506639506285518e-17,2.2545368671417236,4.02254581451416,0.0,4.522754669189453,nan,nan,nan,nan
atari_private_eye,/home/haselab/projects/stable-deep-world-model/logs/models/retrain_100k_atari_private_eye_atari_private_eye_vta_20260108_185758_to_500000,/home/haselab/projects/stable-deep-world-model/logs/models/retrain_100k_atari_private_eye_atari_private_eye_vta_20260108_185758_to_500000/latest.pt,/home/haselab/projects/stable-deep-world-model/logs/models/retrain_100k_atari_private_eye_atari_private_eye_vta_20260108_185758_to_500000/eval_eps/20260204T232942-8c5bd01602ed440bb414b282be12c764-2699.npz,1270,1290,0.0,4.181854600153684e-16,2.048153877258301,3.7756526470184326,0.0,4.251006126403809,nan,nan,nan,nan
atari_private_eye,/home/haselab/projects/stable-deep-world-model/logs/models/retrain_100k_atari_private_eye_atari_private_eye_vta_20260108_185758_to_500000,/home/haselab/projects/stable-deep-world-model/logs/models/retrain_100k_atari_private_eye_atari_private_eye_vta_20260108_185758_to_500000/latest.pt,/home/haselab/projects/stable-deep-world-model/logs/models/retrain_100k_atari_private_eye_atari_private_eye_vta_20260108_185758_to_500000/eval_eps/20260204T232942-8c5bd01602ed440bb414b282be12c764-2699.npz,1275,1295,0.0,6.79101571560202e-16,2.0286402702331543,3.7496819496154785,0.0,4.283374786376953,nan,nan,nan,nan
atari_private_eye,/home/haselab/projects/stable-deep-world-model/logs/models/retrain_100k_atari_private_eye_atari_private_eye_vta_20260108_185758_to_500000,/home/haselab/projects/stable-deep-world-model/logs/models/retrain_100k_atari_private_eye_atari_private_eye_vta_20260108_185758_to_500000/latest.pt,/home/haselab/projects/stable-deep-world-model/logs/models/retrain_100k_atari_private_eye_atari_private_eye_vta_20260108_185758_to_500000/eval_eps/20260204T232942-8c5bd01602ed440bb414b282be12c764-2699.npz,1280,1300,0.0,8.402256610945727e-16,2.270292043685913,4.361732006072998,0.0,4.865566253662109,nan,nan,nan,nan
atari_private_eye,/home/haselab/projects/stable-deep-world-model/logs/models/retrain_100k_atari_private_eye_atari_private_eye_vta_20260108_185758_to_500000,/home/haselab/projects/stable-deep-world-model/logs/models/retrain_100k_atari_private_eye_atari_private_eye_vta_20260108_185758_to_500000/latest.pt,/home/haselab/projects/stable-deep-world-model/logs/models/retrain_100k_atari_private_eye_atari_private_eye_vta_20260108_185758_to_500000/eval_eps/20260204T232942-8c5bd01602ed440bb414b282be12c764-2699.npz,1285,1305,0.0,1.145085206668249e-15,2.1522459983825684,3.94842267036438,0.0,4.4943695068359375,nan,nan,nan,nan
atari_private_eye,/home/haselab/projects/stable-deep-world-model/logs/models/retrain_100k_atari_private_eye_atari_private_eye_vta_20260108_185758_to_500000,/home/haselab/projects/stable-deep-world-model/logs/models/retrain_100k_atari_private_eye_atari_private_eye_vta_20260108_185758_to_500000/latest.pt,/home/haselab/projects/stable-deep-world-model/logs/models/retrain_100k_atari_private_eye_atari_private_eye_vta_20260108_185758_to_500000/eval_eps/20260204T232942-8c5bd01602ed440bb414b282be12c764-2699.npz,1290,1310,0.0,7.409639346486502e-16,1.9929746389389038,3.767294406890869,0.0,4.289416313171387,nan,nan,nan,nan
atari_private_eye,/home/haselab/projects/stable-deep-world-model/logs/models/retrain_100k_atari_private_eye_atari_private_eye_vta_20260108_185758_to_500000,/home/haselab/projects/stable-deep-world-model/logs/models/retrain_100k_atari_private_eye_atari_private_eye_vta_20260108_185758_to_500000/latest.pt,/home/haselab/projects/stable-deep-world-model/logs/models/retrain_100k_atari_private_eye_atari_private_eye_vta_20260108_185758_to_500000/eval_eps/20260204T232942-8c5bd01602ed440bb414b282be12c764-2699.npz,1295,1315,0.0,4.803252263940424e-16,2.0412564277648926,3.727573871612549,0.0,4.236863613128662,nan,nan,nan,nan
atari_private_eye,/home/haselab/projects/stable-deep-world-model/logs/models/retrain_100k_atari_private_eye_atari_private_eye_vta_20260108_185758_to_500000,/home/haselab/projects/stable-deep-world-model/logs/models/retrain_100k_atari_private_eye_atari_private_eye_vta_20260108_185758_to_500000/latest.pt,/home/haselab/projects/stable-deep-world-model/logs/models/retrain_100k_atari_private_eye_atari_private_eye_vta_20260108_185758_to_500000/eval_eps/20260204T232942-8c5bd01602ed440bb414b282be12c764-2699.npz,1300,1320,0.0,3.052934646706869e-16,2.0361990928649902,3.881321430206299,0.0,4.483334541320801,nan,nan,nan,nan
atari_private_eye,/home/haselab/projects/stable-deep-world-model/logs/models/retrain_100k_atari_private_eye_atari_private_eye_vta_20260108_185758_to_500000,/home/haselab/projects/stable-deep-world-model/logs/models/retrain_100k_atari_private_eye_atari_private_eye_vta_20260108_185758_to_500000/latest.pt,/home/haselab/projects/stable-deep-world-model/logs/models/retrain_100k_atari_private_eye_atari_private_eye_vta_20260108_185758_to_500000/eval_eps/20260204T232942-8c5bd01602ed440bb414b282be12c764-2699.npz,1305,1325,0.0,2.9427855822734134e-14,1.9934093952178955,3.930453062057495,0.0,4.4501447677612305,nan,nan,nan,nan
atari_private_eye,/home/haselab/projects/stable-deep-world-model/logs/models/retrain_100k_atari_private_eye_atari_private_eye_vta_20260108_185758_to_500000,/home/haselab/projects/stable-deep-world-model/logs/models/retrain_100k_atari_private_eye_atari_private_eye_vta_20260108_185758_to_500000/latest.pt,/home/haselab/projects/stable-deep-world-model/logs/models/retrain_100k_atari_private_eye_atari_private_eye_vta_20260108_185758_to_500000/eval_eps/20260204T232942-8c5bd01602ed440bb414b282be12c764-2699.npz,1310,1330,0.0,2.950561344729208e-14,2.113816022872925,3.979923725128174,0.0,4.550999641418457,nan,nan,nan,nan
atari_private_eye,/home/haselab/projects/stable-deep-world-model/logs/models/retrain_100k_atari_private_eye_atari_private_eye_vta_20260108_185758_to_500000,/home/haselab/projects/stable-deep-world-model/logs/models/retrain_100k_atari_private_eye_atari_private_eye_vta_20260108_185758_to_500000/latest.pt,/home/haselab/projects/stable-deep-world-model/logs/models/retrain_100k_atari_private_eye_atari_private_eye_vta_20260108_185758_to_500000/eval_eps/20260204T232942-8c5bd01602ed440bb414b282be12c764-2699.npz,1315,1335,0.0,3.456919673476902e-14,2.058232069015503,3.9912655353546143,0.0,4.54355001449585,nan,nan,nan,nan
atari_private_eye,/home/haselab/projects/stable-deep-world-model/logs/models/retrain_100k_atari_private_eye_atari_private_eye_vta_20260108_185758_to_500000,/home/haselab/projects/stable-deep-world-model/logs/models/retrain_100k_atari_private_eye_atari_private_eye_vta_20260108_185758_to_500000/latest.pt,/home/haselab/projects/stable-deep-world-model/logs/models/retrain_100k_atari_private_eye_atari_private_eye_vta_20260108_185758_to_500000/eval_eps/20260204T232942-8c5bd01602ed440bb414b282be12c764-2699.npz,1320,1340,0.0,3.477913893294368e-14,2.0796642303466797,3.906237840652466,0.0,4.36920690536499,nan,nan,nan,nan
atari_private_eye,/home/haselab/projects/stable-deep-world-model/logs/models/retrain_100k_atari_private_eye_atari_private_eye_vta_20260108_185758_to_500000,/home/haselab/projects/stable-deep-world-model/logs/models/retrain_100k_atari_private_eye_atari_private_eye_vta_20260108_185758_to_500000/latest.pt,/home/haselab/projects/stable-deep-world-model/logs/models/retrain_100k_atari_private_eye_atari_private_eye_vta_20260108_185758_to_500000/eval_eps/20260204T232942-8c5bd01602ed440bb414b282be12c764-2699.npz,1325,1345,0.0,9.912863004133809e-15,2.107304096221924,3.71058988571167,0.0,4.252207279205322,nan,nan,nan,nan
atari_private_eye,/home/haselab/projects/stable-deep-world-model/logs/models/retrain_100k_atari_private_eye_atari_private_eye_vta_20260108_185758_to_500000,/home/haselab/projects/stable-deep-world-model/logs/models/retrain_100k_atari_private_eye_atari_private_eye_vta_20260108_185758_to_500000/latest.pt,/home/haselab/projects/stable-deep-world-model/logs/models/retrain_100k_atari_private_eye_atari_private_eye_vta_20260108_185758_to_500000/eval_eps/20260204T232942-8c5bd01602ed440bb414b282be12c764-2699.npz,1330,1350,0.0,1.0088391100694476e-14,2.1400625705718994,3.705801010131836,0.0,4.201230525970459,nan,nan,nan,nan
atari_private_eye,/home/haselab/projects/stable-deep-world-model/logs/models/retrain_100k_atari_private_eye_atari_private_eye_vta_20260108_185758_to_500000,/home/haselab/projects/stable-deep-world-model/logs/models/retrain_100k_atari_private_eye_atari_private_eye_vta_20260108_185758_to_500000/latest.pt,/home/haselab/projects/stable-deep-world-model/logs/models/retrain_100k_atari_private_eye_atari_private_eye_vta_20260108_185758_to_500000/eval_eps/20260204T232942-8c5bd01602ed440bb414b282be12c764-2699.npz,1335,1355,0.0,5.02533043254599e-15,2.2073159217834473,3.7916603088378906,0.0,4.302529811859131,nan,nan,nan,nan
atari_private_eye,/home/haselab/projects/stable-deep-world-model/logs/models/retrain_100k_atari_private_eye_atari_private_eye_vta_20260108_185758_to_500000,/home/haselab/projects/stable-deep-world-model/logs/models/retrain_100k_atari_private_eye_atari_private_eye_vta_20260108_185758_to_500000/latest.pt,/home/haselab/projects/stable-deep-world-model/logs/models/retrain_100k_atari_private_eye_atari_private_eye_vta_20260108_185758_to_500000/eval_eps/20260204T232942-8c5bd01602ed440bb414b282be12c764-2699.npz,1340,1360,0.0,4.815384846239539e-15,2.130326747894287,3.362605571746826,0.0,3.8314781188964844,nan,nan,nan,nan
atari_private_eye,/home/haselab/projects/stable-deep-world-model/logs/models/retrain_100k_atari_private_eye_atari_private_eye_vta_20260108_185758_to_500000,/home/haselab/projects/stable-deep-world-model/logs/models/retrain_100k_atari_private_eye_atari_private_eye_vta_20260108_185758_to_500000/latest.pt,/home/haselab/projects/stable-deep-world-model/logs/models/retrain_100k_atari_private_eye_atari_private_eye_vta_20260108_185758_to_500000/eval_eps/20260204T232942-8c5bd01602ed440bb414b282be12c764-2699.npz,1345,1365,0.0,2.548474381151118e-16,1.8679662942886353,2.870051383972168,0.0,3.3506157398223877,nan,nan,nan,nan
atari_private_eye,/home/haselab/projects/stable-deep-world-model/logs/models/retrain_100k_atari_private_eye_atari_private_eye_vta_20260108_185758_to_500000,/home/haselab/projects/stable-deep-world-model/logs/models/retrain_100k_atari_private_eye_atari_private_eye_vta_20260108_185758_to_500000/latest.pt,/home/haselab/projects/stable-deep-world-model/logs/models/retrain_100k_atari_private_eye_atari_private_eye_vta_20260108_185758_to_500000/eval_eps/20260204T232942-8c5bd01602ed440bb414b282be12c764-2699.npz,1350,1370,0.0,9.984868057370035e-17,1.7035413980484009,2.9283645153045654,0.0,3.447544574737549,nan,nan,nan,nan
atari_private_eye,/home/haselab/projects/stable-deep-world-model/logs/models/retrain_100k_atari_private_eye_atari_private_eye_vta_20260108_185758_to_500000,/home/haselab/projects/stable-deep-world-model/logs/models/retrain_100k_atari_private_eye_atari_private_eye_vta_20260108_185758_to_500000/latest.pt,/home/haselab/projects/stable-deep-world-model/logs/models/retrain_100k_atari_private_eye_atari_private_eye_vta_20260108_185758_to_500000/eval_eps/20260204T232942-8c5bd01602ed440bb414b282be12c764-2699.npz,1355,1375,0.0,2.073626255082479e-16,1.6536715030670166,2.720278263092041,0.0,3.3066391944885254,nan,nan,nan,nan
atari_private_eye,/home/haselab/projects/stable-deep-world-model/logs/models/retrain_100k_atari_private_eye_atari_private_eye_vta_20260108_185758_to_500000,/home/haselab/projects/stable-deep-world-model/logs/models/retrain_100k_atari_private_eye_atari_private_eye_vta_20260108_185758_to_500000/latest.pt,/home/haselab/projects/stable-deep-world-model/logs/models/retrain_100k_atari_private_eye_atari_private_eye_vta_20260108_185758_to_500000/eval_eps/20260204T232942-8c5bd01602ed440bb414b282be12c764-2699.npz,1360,1380,0.0,2.0740578448388846e-16,1.7030830383300781,3.3003010749816895,0.0,3.929831027984619,nan,nan,nan,nan
atari_private_eye,/home/haselab/projects/stable-deep-world-model/logs/models/retrain_100k_atari_private_eye_atari_private_eye_vta_20260108_185758_to_500000,/home/haselab/projects/stable-deep-world-model/logs/models/retrain_100k_atari_private_eye_atari_private_eye_vta_20260108_185758_to_500000/latest.pt,/home/haselab/projects/stable-deep-world-model/logs/models/retrain_100k_atari_private_eye_atari_private_eye_vta_20260108_185758_to_500000/eval_eps/20260204T232942-8c5bd01602ed440bb414b282be12c764-2699.npz,1365,1385,0.0,2.622024898939169e-16,1.9407727718353271,4.050221920013428,0.0,4.632024765014648,nan,nan,nan,nan
atari_private_eye,/home/haselab/projects/stable-deep-world-model/logs/models/retrain_100k_atari_private_eye_atari_private_eye_vta_20260108_185758_to_500000,/home/haselab/projects/stable-deep-world-model/logs/models/retrain_100k_atari_private_eye_atari_private_eye_vta_20260108_185758_to_500000/latest.pt,/home/haselab/projects/stable-deep-world-model/logs/models/retrain_100k_atari_private_eye_atari_private_eye_vta_20260108_185758_to_500000/eval_eps/20260204T232942-8c5bd01602ed440bb414b282be12c764-2699.npz,1370,1390,0.0,1.6382764664843902e-16,1.9309272766113281,3.8693580627441406,0.0,4.4952850341796875,nan,nan,nan,nan
atari_private_eye,/home/haselab/projects/stable-deep-world-model/logs/models/retrain_100k_atari_private_eye_atari_private_eye_vta_20260108_185758_to_500000,/home/haselab/projects/stable-deep-world-model/logs/models/retrain_100k_atari_private_eye_atari_private_eye_vta_20260108_185758_to_500000/latest.pt,/home/haselab/projects/stable-deep-world-model/logs/models/retrain_100k_atari_private_eye_atari_private_eye_vta_20260108_185758_to_500000/eval_eps/20260204T232942-8c5bd01602ed440bb414b282be12c764-2699.npz,1375,1395,0.0,5.56291932133916e-17,1.9799392223358154,4.201136589050293,0.0,4.831809997558594,nan,nan,nan,nan
atari_private_eye,/home/haselab/projects/stable-deep-world-model/logs/models/retrain_100k_atari_private_eye_atari_private_eye_vta_20260108_185758_to_500000,/home/haselab/projects/stable-deep-world-model/logs/models/retrain_100k_atari_private_eye_atari_private_eye_vta_20260108_185758_to_500000/latest.pt,/home/haselab/projects/stable-deep-world-model/logs/models/retrain_100k_atari_private_eye_atari_private_eye_vta_20260108_185758_to_500000/eval_eps/20260204T232942-8c5bd01602ed440bb414b282be12c764-2699.npz,1380,1400,0.0,2.4116184737698525e-16,1.881374716758728,3.4695382118225098,0.0,4.097845077514648,nan,nan,nan,nan
atari_private_eye,/home/haselab/projects/stable-deep-world-model/logs/models/retrain_100k_atari_private_eye_atari_private_eye_vta_20260108_185758_to_500000,/home/haselab/projects/stable-deep-world-model/logs/models/retrain_100k_atari_private_eye_atari_private_eye_vta_20260108_185758_to_500000/latest.pt,/home/haselab/projects/stable-deep-world-model/logs/models/retrain_100k_atari_private_eye_atari_private_eye_vta_20260108_185758_to_500000/eval_eps/20260204T232942-8c5bd01602ed440bb414b282be12c764-2699.npz,1385,1405,0.0,3.0090271056991663e-16,1.7330116033554077,2.8433918952941895,0.0,3.4331963062286377,nan,nan,nan,nan
atari_private_eye,/home/haselab/projects/stable-deep-world-model/logs/models/retrain_100k_atari_private_eye_atari_private_eye_vta_20260108_185758_to_500000,/home/haselab/projects/stable-deep-world-model/logs/models/retrain_100k_atari_private_eye_atari_private_eye_vta_20260108_185758_to_500000/latest.pt,/home/haselab/projects/stable-deep-world-model/logs/models/retrain_100k_atari_private_eye_atari_private_eye_vta_20260108_185758_to_500000/eval_eps/20260204T232942-8c5bd01602ed440bb414b282be12c764-2699.npz,1390,1410,0.0,7.509744982445686e-15,2.0413639545440674,3.2031009197235107,0.0,3.6809868812561035,nan,nan,nan,nan
atari_private_eye,/home/haselab/projects/stable-deep-world-model/logs/models/retrain_100k_atari_private_eye_atari_private_eye_vta_20260108_185758_to_500000,/home/haselab/projects/stable-deep-world-model/logs/models/retrain_100k_atari_private_eye_atari_private_eye_vta_20260108_185758_to_500000/latest.pt,/home/haselab/projects/stable-deep-world-model/logs/models/retrain_100k_atari_private_eye_atari_private_eye_vta_20260108_185758_to_500000/eval_eps/20260204T232942-8c5bd01602ed440bb414b282be12c764-2699.npz,1395,1415,0.0,7.509568799592657e-15,1.9655816555023193,2.943143606185913,0.0,3.294656753540039,nan,nan,nan,nan
atari_private_eye,/home/haselab/projects/stable-deep-world-model/logs/models/retrain_100k_atari_private_eye_atari_private_eye_vta_20260108_185758_to_500000,/home/haselab/projects/stable-deep-world-model/logs/models/retrain_100k_atari_private_eye_atari_private_eye_vta_20260108_185758_to_500000/latest.pt,/home/haselab/projects/stable-deep-world-model/logs/models/retrain_100k_atari_private_eye_atari_private_eye_vta_20260108_185758_to_500000/eval_eps/20260204T232942-8c5bd01602ed440bb414b282be12c764-2699.npz,1400,1420,0.0,7.324055878649757e-15,1.7775194644927979,2.777482509613037,0.0,3.18888521194458,nan,nan,nan,nan
atari_private_eye,/home/haselab/projects/stable-deep-world-model/logs/models/retrain_100k_atari_private_eye_atari_private_eye_vta_20260108_185758_to_500000,/home/haselab/projects/stable-deep-world-model/logs/models/retrain_100k_atari_private_eye_atari_private_eye_vta_20260108_185758_to_500000/latest.pt,/home/haselab/projects/stable-deep-world-model/logs/models/retrain_100k_atari_private_eye_atari_private_eye_vta_20260108_185758_to_500000/eval_eps/20260204T232942-8c5bd01602ed440bb414b282be12c764-2699.npz,1405,1425,0.0,7.211172644802123e-15,1.6166713237762451,2.484436511993408,0.0,2.9994003772735596,nan,nan,nan,nan
atari_private_eye,/home/haselab/projects/stable-deep-world-model/logs/models/retrain_100k_atari_private_eye_atari_private_eye_vta_20260108_185758_to_500000,/home/haselab/projects/stable-deep-world-model/logs/models/retrain_100k_atari_private_eye_atari_private_eye_vta_20260108_185758_to_500000/latest.pt,/home/haselab/projects/stable-deep-world-model/logs/models/retrain_100k_atari_private_eye_atari_private_eye_vta_20260108_185758_to_500000/eval_eps/20260204T232942-8c5bd01602ed440bb414b282be12c764-2699.npz,1410,1430,0.0,2.534240687304224e-18,1.6430814266204834,2.98180890083313,0.0,3.4870762825012207,nan,nan,nan,nan
atari_private_eye,/home/haselab/projects/stable-deep-world-model/logs/models/retrain_100k_atari_private_eye_atari_private_eye_vta_20260108_185758_to_500000,/home/haselab/projects/stable-deep-world-model/logs/models/retrain_100k_atari_private_eye_atari_private_eye_vta_20260108_185758_to_500000/latest.pt,/home/haselab/projects/stable-deep-world-model/logs/models/retrain_100k_atari_private_eye_atari_private_eye_vta_20260108_185758_to_500000/eval_eps/20260204T232942-8c5bd01602ed440bb414b282be12c764-2699.npz,1415,1435,0.0,2.5297772207188877e-18,1.566200852394104,2.9315543174743652,0.0,3.4930942058563232,nan,nan,nan,nan
atari_private_eye,/home/haselab/projects/stable-deep-world-model/logs/models/retrain_100k_atari_private_eye_atari_private_eye_vta_20260108_185758_to_500000,/home/haselab/projects/stable-deep-world-model/logs/models/retrain_100k_atari_private_eye_atari_private_eye_vta_20260108_185758_to_500000/latest.pt,/home/haselab/projects/stable-deep-world-model/logs/models/retrain_100k_atari_private_eye_atari_private_eye_vta_20260108_185758_to_500000/eval_eps/20260204T232942-8c5bd01602ed440bb414b282be12c764-2699.npz,1420,1440,0.0,3.430231353088241e-18,1.6407448053359985,3.024503231048584,0.0,3.4991276264190674,nan,nan,nan,nan
atari_private_eye,/home/haselab/projects/stable-deep-world-model/logs/models/retrain_100k_atari_private_eye_atari_private_eye_vta_20260108_185758_to_500000,/home/haselab/projects/stable-deep-world-model/logs/models/retrain_100k_atari_private_eye_atari_private_eye_vta_20260108_185758_to_500000/latest.pt,/home/haselab/projects/stable-deep-world-model/logs/models/retrain_100k_atari_private_eye_atari_private_eye_vta_20260108_185758_to_500000/eval_eps/20260204T232942-8c5bd01602ed440bb414b282be12c764-2699.npz,1425,1445,0.0,1.1699882466327664e-18,1.5928585529327393,2.9621808528900146,0.0,3.4445559978485107,nan,nan,nan,nan
atari_private_eye,/home/haselab/projects/stable-deep-world-model/logs/models/retrain_100k_atari_private_eye_atari_private_eye_vta_20260108_185758_to_500000,/home/haselab/projects/stable-deep-world-model/logs/models/retrain_100k_atari_private_eye_atari_private_eye_vta_20260108_185758_to_500000/latest.pt,/home/haselab/projects/stable-deep-world-model/logs/models/retrain_100k_atari_private_eye_atari_private_eye_vta_20260108_185758_to_500000/eval_eps/20260204T232942-8c5bd01602ed440bb414b282be12c764-2699.npz,1430,1450,0.0,9.705026817724874e-19,1.2447818517684937,2.1825122833251953,0.0,2.7269723415374756,nan,nan,nan,nan
atari_private_eye,/home/haselab/projects/stable-deep-world-model/logs/models/retrain_100k_atari_private_eye_atari_private_eye_vta_20260108_185758_to_500000,/home/haselab/projects/stable-deep-world-model/logs/models/retrain_100k_atari_private_eye_atari_private_eye_vta_20260108_185758_to_500000/latest.pt,/home/haselab/projects/stable-deep-world-model/logs/models/retrain_100k_atari_private_eye_atari_private_eye_vta_20260108_185758_to_500000/eval_eps/20260204T232942-8c5bd01602ed440bb414b282be12c764-2699.npz,1435,1455,0.0,1.061612386944564e-18,1.3536454439163208,2.231248378753662,0.0,2.7349565029144287,nan,nan,nan,nan
atari_private_eye,/home/haselab/projects/stable-deep-world-model/logs/models/retrain_100k_atari_private_eye_atari_private_eye_vta_20260108_185758_to_500000,/home/haselab/projects/stable-deep-world-model/logs/models/retrain_100k_atari_private_eye_atari_private_eye_vta_20260108_185758_to_500000/latest.pt,/home/haselab/projects/stable-deep-world-model/logs/models/retrain_100k_atari_private_eye_atari_private_eye_vta_20260108_185758_to_500000/eval_eps/20260204T232942-8c5bd01602ed440bb414b282be12c764-2699.npz,1440,1460,0.0,9.925388637637796e-20,1.2209171056747437,2.038066864013672,0.0,2.6917033195495605,nan,nan,nan,nan
atari_private_eye,/home/haselab/projects/stable-deep-world-model/logs/models/retrain_100k_atari_private_eye_atari_private_eye_vta_20260108_185758_to_500000,/home/haselab/projects/stable-deep-world-model/logs/models/retrain_100k_atari_private_eye_atari_private_eye_vta_20260108_185758_to_500000/latest.pt,/home/haselab/projects/stable-deep-world-model/logs/models/retrain_100k_atari_private_eye_atari_private_eye_vta_20260108_185758_to_500000/eval_eps/20260204T232942-8c5bd01602ed440bb414b282be12c764-2699.npz,1445,1465,0.0,1.0480446861941338e-19,1.6242990493774414,3.0665736198425293,0.0,3.6617493629455566,nan,nan,nan,nan
atari_private_eye,/home/haselab/projects/stable-deep-world-model/logs/models/retrain_100k_atari_private_eye_atari_private_eye_vta_20260108_185758_to_500000,/home/haselab/projects/stable-deep-world-model/logs/models/retrain_100k_atari_private_eye_atari_private_eye_vta_20260108_185758_to_500000/latest.pt,/home/haselab/projects/stable-deep-world-model/logs/models/retrain_100k_atari_private_eye_atari_private_eye_vta_20260108_185758_to_500000/eval_eps/20260204T232942-8c5bd01602ed440bb414b282be12c764-2699.npz,1450,1470,0.0,2.331182901609604e-17,1.6987178325653076,3.0189521312713623,0.0,3.6417832374572754,nan,nan,nan,nan
atari_private_eye,/home/haselab/projects/stable-deep-world-model/logs/models/retrain_100k_atari_private_eye_atari_private_eye_vta_20260108_185758_to_500000,/home/haselab/projects/stable-deep-world-model/logs/models/retrain_100k_atari_private_eye_atari_private_eye_vta_20260108_185758_to_500000/latest.pt,/home/haselab/projects/stable-deep-world-model/logs/models/retrain_100k_atari_private_eye_atari_private_eye_vta_20260108_185758_to_500000/eval_eps/20260204T232942-8c5bd01602ed440bb414b282be12c764-2699.npz,1455,1475,0.0,2.5115656814806752e-17,1.6494108438491821,2.972038507461548,0.0,3.6132941246032715,nan,nan,nan,nan
atari_private_eye,/home/haselab/projects/stable-deep-world-model/logs/models/retrain_100k_atari_private_eye_atari_private_eye_vta_20260108_185758_to_500000,/home/haselab/projects/stable-deep-world-model/logs/models/retrain_100k_atari_private_eye_atari_private_eye_vta_20260108_185758_to_500000/latest.pt,/home/haselab/projects/stable-deep-world-model/logs/models/retrain_100k_atari_private_eye_atari_private_eye_vta_20260108_185758_to_500000/eval_eps/20260204T232942-8c5bd01602ed440bb414b282be12c764-2699.npz,1460,1480,0.0,3.125921490538302e-17,1.9017034769058228,3.290156126022339,0.0,3.824036121368408,nan,nan,nan,nan
atari_private_eye,/home/haselab/projects/stable-deep-world-model/logs/models/retrain_100k_atari_private_eye_atari_private_eye_vta_20260108_185758_to_500000,/home/haselab/projects/stable-deep-world-model/logs/models/retrain_100k_atari_private_eye_atari_private_eye_vta_20260108_185758_to_500000/latest.pt,/home/haselab/projects/stable-deep-world-model/logs/models/retrain_100k_atari_private_eye_atari_private_eye_vta_20260108_185758_to_500000/eval_eps/20260204T232942-8c5bd01602ed440bb414b282be12c764-2699.npz,1465,1485,0.0,6.272171401233793e-15,1.7179477214813232,2.572873592376709,0.0,3.0996744632720947,nan,nan,nan,nan
atari_private_eye,/home/haselab/projects/stable-deep-world-model/logs/models/retrain_100k_atari_private_eye_atari_private_eye_vta_20260108_185758_to_500000,/home/haselab/projects/stable-deep-world-model/logs/models/retrain_100k_atari_private_eye_atari_private_eye_vta_20260108_185758_to_500000/latest.pt,/home/haselab/projects/stable-deep-world-model/logs/models/retrain_100k_atari_private_eye_atari_private_eye_vta_20260108_185758_to_500000/eval_eps/20260204T232942-8c5bd01602ed440bb414b282be12c764-2699.npz,1470,1490,0.0,8.598833450834675e-13,1.9000499248504639,2.856872320175171,0.0,3.3623573780059814,nan,nan,nan,nan
atari_private_eye,/home/haselab/projects/stable-deep-world-model/logs/models/retrain_100k_atari_private_eye_atari_private_eye_vta_20260108_185758_to_500000,/home/haselab/projects/stable-deep-world-model/logs/models/retrain_100k_atari_private_eye_atari_private_eye_vta_20260108_185758_to_500000/latest.pt,/home/haselab/projects/stable-deep-world-model/logs/models/retrain_100k_atari_private_eye_atari_private_eye_vta_20260108_185758_to_500000/eval_eps/20260204T232942-8c5bd01602ed440bb414b282be12c764-2699.npz,1475,1495,0.0,9.402047283085802e-13,2.0348238945007324,2.9619696140289307,0.0,3.465397596359253,nan,nan,nan,nan
atari_private_eye,/home/haselab/projects/stable-deep-world-model/logs/models/retrain_100k_atari_private_eye_atari_private_eye_vta_20260108_185758_to_500000,/home/haselab/projects/stable-deep-world-model/logs/models/retrain_100k_atari_private_eye_atari_private_eye_vta_20260108_185758_to_500000/latest.pt,/home/haselab/projects/stable-deep-world-model/logs/models/retrain_100k_atari_private_eye_atari_private_eye_vta_20260108_185758_to_500000/eval_eps/20260204T232942-8c5bd01602ed440bb414b282be12c764-2699.npz,1480,1500,0.0,9.403100043395285e-13,1.9223989248275757,2.828209161758423,0.0,3.3586089611053467,nan,nan,nan,nan
atari_private_eye,/home/haselab/projects/stable-deep-world-model/logs/models/retrain_100k_atari_private_eye_atari_private_eye_vta_20260108_185758_to_500000,/home/haselab/projects/stable-deep-world-model/logs/models/retrain_100k_atari_private_eye_atari_private_eye_vta_20260108_185758_to_500000/latest.pt,/home/haselab/projects/stable-deep-world-model/logs/models/retrain_100k_atari_private_eye_atari_private_eye_vta_20260108_185758_to_500000/eval_eps/20260204T232942-8c5bd01602ed440bb414b282be12c764-2699.npz,1485,1505,0.0,9.340691197942674e-13,1.73776376247406,2.6166234016418457,0.0,3.187711000442505,nan,nan,nan,nan
atari_private_eye,/home/haselab/projects/stable-deep-world-model/logs/models/retrain_100k_atari_private_eye_atari_private_eye_vta_20260108_185758_to_500000,/home/haselab/projects/stable-deep-world-model/logs/models/retrain_100k_atari_private_eye_atari_private_eye_vta_20260108_185758_to_500000/latest.pt,/home/haselab/projects/stable-deep-world-model/logs/models/retrain_100k_atari_private_eye_atari_private_eye_vta_20260108_185758_to_500000/eval_eps/20260204T232942-8c5bd01602ed440bb414b282be12c764-2699.npz,1490,1510,0.0,8.043475689103671e-14,1.5377275943756104,2.4371702671051025,0.0,3.007378578186035,nan,nan,nan,nan
atari_private_eye,/home/haselab/projects/stable-deep-world-model/logs/models/retrain_100k_atari_private_eye_atari_private_eye_vta_20260108_185758_to_500000,/home/haselab/projects/stable-deep-world-model/logs/models/retrain_100k_atari_private_eye_atari_private_eye_vta_20260108_185758_to_500000/latest.pt,/home/haselab/projects/stable-deep-world-model/logs/models/retrain_100k_atari_private_eye_atari_private_eye_vta_20260108_185758_to_500000/eval_eps/20260204T232942-8c5bd01602ed440bb414b282be12c764-2699.npz,1495,1515,0.0,1.1551268881370672e-16,1.5682827234268188,2.7353806495666504,0.0,3.382239818572998,nan,nan,nan,nan
atari_private_eye,/home/haselab/projects/stable-deep-world-model/logs/models/retrain_100k_atari_private_eye_atari_private_eye_vta_20260108_185758_to_500000,/home/haselab/projects/stable-deep-world-model/logs/models/retrain_100k_atari_private_eye_atari_private_eye_vta_20260108_185758_to_500000/latest.pt,/home/haselab/projects/stable-deep-world-model/logs/models/retrain_100k_atari_private_eye_atari_private_eye_vta_20260108_185758_to_500000/eval_eps/20260204T232942-8c5bd01602ed440bb414b282be12c764-2699.npz,1500,1520,0.0,4.0749836921924455e-18,1.5461032390594482,2.6992688179016113,0.0,3.2984414100646973,nan,nan,nan,nan
atari_private_eye,/home/haselab/projects/stable-deep-world-model/logs/models/retrain_100k_atari_private_eye_atari_private_eye_vta_20260108_185758_to_500000,/home/haselab/projects/stable-deep-world-model/logs/models/retrain_100k_atari_private_eye_atari_private_eye_vta_20260108_185758_to_500000/latest.pt,/home/haselab/projects/stable-deep-world-model/logs/models/retrain_100k_atari_private_eye_atari_private_eye_vta_20260108_185758_to_500000/eval_eps/20260204T232942-8c5bd01602ed440bb414b282be12c764-2699.npz,1505,1525,0.0,5.323361198498902e-16,1.6577975749969482,2.8989005088806152,0.0,3.4933104515075684,nan,nan,nan,nan
atari_private_eye,/home/haselab/projects/stable-deep-world-model/logs/models/retrain_100k_atari_private_eye_atari_private_eye_vta_20260108_185758_to_500000,/home/haselab/projects/stable-deep-world-model/logs/models/retrain_100k_atari_private_eye_atari_private_eye_vta_20260108_185758_to_500000/latest.pt,/home/haselab/projects/stable-deep-world-model/logs/models/retrain_100k_atari_private_eye_atari_private_eye_vta_20260108_185758_to_500000/eval_eps/20260204T232942-8c5bd01602ed440bb414b282be12c764-2699.npz,1510,1530,0.0,5.323317788060355e-16,1.9003187417984009,3.1935744285583496,0.0,3.721562623977661,nan,nan,nan,nan
atari_private_eye,/home/haselab/projects/stable-deep-world-model/logs/models/retrain_100k_atari_private_eye_atari_private_eye_vta_20260108_185758_to_500000,/home/haselab/projects/stable-deep-world-model/logs/models/retrain_100k_atari_private_eye_atari_private_eye_vta_20260108_185758_to_500000/latest.pt,/home/haselab/projects/stable-deep-world-model/logs/models/retrain_100k_atari_private_eye_atari_private_eye_vta_20260108_185758_to_500000/eval_eps/20260204T232942-8c5bd01602ed440bb414b282be12c764-2699.npz,1515,1535,0.0,5.285061015602023e-16,1.810773491859436,2.8814640045166016,0.0,3.3493576049804688,nan,nan,nan,nan
atari_private_eye,/home/haselab/projects/stable-deep-world-model/logs/models/retrain_100k_atari_private_eye_atari_private_eye_vta_20260108_185758_to_500000,/home/haselab/projects/stable-deep-world-model/logs/models/retrain_100k_atari_private_eye_atari_private_eye_vta_20260108_185758_to_500000/latest.pt,/home/haselab/projects/stable-deep-world-model/logs/models/retrain_100k_atari_private_eye_atari_private_eye_vta_20260108_185758_to_500000/eval_eps/20260204T232942-8c5bd01602ed440bb414b282be12c764-2699.npz,1520,1540,0.0,5.286290272166726e-16,1.833348035812378,2.9109814167022705,0.0,3.4431281089782715,nan,nan,nan,nan
atari_private_eye,/home/haselab/projects/stable-deep-world-model/logs/models/retrain_100k_atari_private_eye_atari_private_eye_vta_20260108_185758_to_500000,/home/haselab/projects/stable-deep-world-model/logs/models/retrain_100k_atari_private_eye_atari_private_eye_vta_20260108_185758_to_500000/latest.pt,/home/haselab/projects/stable-deep-world-model/logs/models/retrain_100k_atari_private_eye_atari_private_eye_vta_20260108_185758_to_500000/eval_eps/20260204T232942-8c5bd01602ed440bb414b282be12c764-2699.npz,1525,1545,0.0,3.6947857366665083e-19,1.9810316562652588,3.2119197845458984,0.0,3.7315726280212402,nan,nan,nan,nan
atari_private_eye,/home/haselab/projects/stable-deep-world-model/logs/models/retrain_100k_atari_private_eye_atari_private_eye_vta_20260108_185758_to_500000,/home/haselab/projects/stable-deep-world-model/logs/models/retrain_100k_atari_private_eye_atari_private_eye_vta_20260108_185758_to_500000/latest.pt,/home/haselab/projects/stable-deep-world-model/logs/models/retrain_100k_atari_private_eye_atari_private_eye_vta_20260108_185758_to_500000/eval_eps/20260204T232942-8c5bd01602ed440bb414b282be12c764-2699.npz,1530,1550,0.0,5.1799849075902896e-18,1.7539304494857788,2.85451602935791,0.0,3.4139339923858643,nan,nan,nan,nan
atari_private_eye,/home/haselab/projects/stable-deep-world-model/logs/models/retrain_100k_atari_private_eye_atari_private_eye_vta_20260108_185758_to_500000,/home/haselab/projects/stable-deep-world-model/logs/models/retrain_100k_atari_private_eye_atari_private_eye_vta_20260108_185758_to_500000/latest.pt,/home/haselab/projects/stable-deep-world-model/logs/models/retrain_100k_atari_private_eye_atari_private_eye_vta_20260108_185758_to_500000/eval_eps/20260204T232942-8c5bd01602ed440bb414b282be12c764-2699.npz,1535,1555,0.0,5.472448675228826e-18,1.6844909191131592,2.773376703262329,0.0,3.329718828201294,nan,nan,nan,nan
atari_private_eye,/home/haselab/projects/stable-deep-world-model/logs/models/retrain_100k_atari_private_eye_atari_private_eye_vta_20260108_185758_to_500000,/home/haselab/projects/stable-deep-world-model/logs/models/retrain_100k_atari_private_eye_atari_private_eye_vta_20260108_185758_to_500000/latest.pt,/home/haselab/projects/stable-deep-world-model/logs/models/retrain_100k_atari_private_eye_atari_private_eye_vta_20260108_185758_to_500000/eval_eps/20260204T232942-8c5bd01602ed440bb414b282be12c764-2699.npz,1540,1560,0.0,5.555095598951449e-18,1.8237260580062866,2.9588747024536133,0.0,3.4560039043426514,nan,nan,nan,nan
atari_private_eye,/home/haselab/projects/stable-deep-world-model/logs/models/retrain_100k_atari_private_eye_atari_private_eye_vta_20260108_185758_to_500000,/home/haselab/projects/stable-deep-world-model/logs/models/retrain_100k_atari_private_eye_atari_private_eye_vta_20260108_185758_to_500000/latest.pt,/home/haselab/projects/stable-deep-world-model/logs/models/retrain_100k_atari_private_eye_atari_private_eye_vta_20260108_185758_to_500000/eval_eps/20260204T232942-8c5bd01602ed440bb414b282be12c764-2699.npz,1545,1565,0.0,2.2015292889090624e-17,1.7512403726577759,2.626967430114746,0.0,3.1265931129455566,nan,nan,nan,nan
atari_private_eye,/home/haselab/projects/stable-deep-world-model/logs/models/retrain_100k_atari_private_eye_atari_private_eye_vta_20260108_185758_to_500000,/home/haselab/projects/stable-deep-world-model/logs/models/retrain_100k_atari_private_eye_atari_private_eye_vta_20260108_185758_to_500000/latest.pt,/home/haselab/projects/stable-deep-world-model/logs/models/retrain_100k_atari_private_eye_atari_private_eye_vta_20260108_185758_to_500000/eval_eps/20260204T232942-8c5bd01602ed440bb414b282be12c764-2699.npz,1550,1570,0.0,1.912554019846348e-15,1.913678526878357,2.8585305213928223,0.0,3.3660168647766113,nan,nan,nan,nan
atari_private_eye,/home/haselab/projects/stable-deep-world-model/logs/models/retrain_100k_atari_private_eye_atari_private_eye_vta_20260108_185758_to_500000,/home/haselab/projects/stable-deep-world-model/logs/models/retrain_100k_atari_private_eye_atari_private_eye_vta_20260108_185758_to_500000/latest.pt,/home/haselab/projects/stable-deep-world-model/logs/models/retrain_100k_atari_private_eye_atari_private_eye_vta_20260108_185758_to_500000/eval_eps/20260204T232942-8c5bd01602ed440bb414b282be12c764-2699.npz,1555,1575,0.0,1.920095154175753e-15,2.041935682296753,2.989480495452881,0.0,3.444709300994873,nan,nan,nan,nan
atari_private_eye,/home/haselab/projects/stable-deep-world-model/logs/models/retrain_100k_atari_private_eye_atari_private_eye_vta_20260108_185758_to_500000,/home/haselab/projects/stable-deep-world-model/logs/models/retrain_100k_atari_private_eye_atari_private_eye_vta_20260108_185758_to_500000/latest.pt,/home/haselab/projects/stable-deep-world-model/logs/models/retrain_100k_atari_private_eye_atari_private_eye_vta_20260108_185758_to_500000/eval_eps/20260204T232942-8c5bd01602ed440bb414b282be12c764-2699.npz,1560,1580,0.0,1.919948829234115e-15,1.827758550643921,2.750293254852295,0.0,3.2443623542785645,nan,nan,nan,nan
atari_private_eye,/home/haselab/projects/stable-deep-world-model/logs/models/retrain_100k_atari_private_eye_atari_private_eye_vta_20260108_185758_to_500000,/home/haselab/projects/stable-deep-world-model/logs/models/retrain_100k_atari_private_eye_atari_private_eye_vta_20260108_185758_to_500000/latest.pt,/home/haselab/projects/stable-deep-world-model/logs/models/retrain_100k_atari_private_eye_atari_private_eye_vta_20260108_185758_to_500000/eval_eps/20260204T232942-8c5bd01602ed440bb414b282be12c764-2699.npz,1565,1585,0.0,1.911128675154356e-15,1.6674420833587646,2.4823105335235596,0.0,3.0265517234802246,nan,nan,nan,nan
atari_private_eye,/home/haselab/projects/stable-deep-world-model/logs/models/retrain_100k_atari_private_eye_atari_private_eye_vta_20260108_185758_to_500000,/home/haselab/projects/stable-deep-world-model/logs/models/retrain_100k_atari_private_eye_atari_private_eye_vta_20260108_185758_to_500000/latest.pt,/home/haselab/projects/stable-deep-world-model/logs/models/retrain_100k_atari_private_eye_atari_private_eye_vta_20260108_185758_to_500000/eval_eps/20260204T232942-8c5bd01602ed440bb414b282be12c764-2699.npz,1570,1590,0.0,1.6500812271805835e-17,1.7127996683120728,2.9519236087799072,0.0,3.4956417083740234,nan,nan,nan,nan
atari_private_eye,/home/haselab/projects/stable-deep-world-model/logs/models/retrain_100k_atari_private_eye_atari_private_eye_vta_20260108_185758_to_500000,/home/haselab/projects/stable-deep-world-model/logs/models/retrain_100k_atari_private_eye_atari_private_eye_vta_20260108_185758_to_500000/latest.pt,/home/haselab/projects/stable-deep-world-model/logs/models/retrain_100k_atari_private_eye_atari_private_eye_vta_20260108_185758_to_500000/eval_eps/20260204T232942-8c5bd01602ed440bb414b282be12c764-2699.npz,1575,1595,0.0,8.436444845930381e-18,1.8039209842681885,3.3859736919403076,0.0,4.010035514831543,nan,nan,nan,nan
atari_private_eye,/home/haselab/projects/stable-deep-world-model/logs/models/retrain_100k_atari_private_eye_atari_private_eye_vta_20260108_185758_to_500000,/home/haselab/projects/stable-deep-world-model/logs/models/retrain_100k_atari_private_eye_atari_private_eye_vta_20260108_185758_to_500000/latest.pt,/home/haselab/projects/stable-deep-world-model/logs/models/retrain_100k_atari_private_eye_atari_private_eye_vta_20260108_185758_to_500000/eval_eps/20260204T232942-8c5bd01602ed440bb414b282be12c764-2699.npz,1580,1600,0.0,2.437210780177753e-16,2.2124686241149902,4.118459224700928,0.0,4.662520408630371,nan,nan,nan,nan
atari_private_eye,/home/haselab/projects/stable-deep-world-model/logs/models/retrain_100k_atari_private_eye_atari_private_eye_vta_20260108_185758_to_500000,/home/haselab/projects/stable-deep-world-model/logs/models/retrain_100k_atari_private_eye_atari_private_eye_vta_20260108_185758_to_500000/latest.pt,/home/haselab/projects/stable-deep-world-model/logs/models/retrain_100k_atari_private_eye_atari_private_eye_vta_20260108_185758_to_500000/eval_eps/20260204T232942-8c5bd01602ed440bb414b282be12c764-2699.npz,1585,1605,0.0,2.36540488556325e-16,2.224705457687378,4.351051330566406,0.0,4.830703258514404,nan,nan,nan,nan
atari_private_eye,/home/haselab/projects/stable-deep-world-model/logs/models/retrain_100k_atari_private_eye_atari_private_eye_vta_20260108_185758_to_500000,/home/haselab/projects/stable-deep-world-model/logs/models/retrain_100k_atari_private_eye_atari_private_eye_vta_20260108_185758_to_500000/latest.pt,/home/haselab/projects/stable-deep-world-model/logs/models/retrain_100k_atari_private_eye_atari_private_eye_vta_20260108_185758_to_500000/eval_eps/20260204T232942-8c5bd01602ed440bb414b282be12c764-2699.npz,1590,1610,0.0,2.456735154309761e-16,2.109179973602295,4.0004658699035645,0.0,4.4921956062316895,nan,nan,nan,nan
atari_private_eye,/home/haselab/projects/stable-deep-world-model/logs/models/retrain_100k_atari_private_eye_atari_private_eye_vta_20260108_185758_to_500000,/home/haselab/projects/stable-deep-world-model/logs/models/retrain_100k_atari_private_eye_atari_private_eye_vta_20260108_185758_to_500000/latest.pt,/home/haselab/projects/stable-deep-world-model/logs/models/retrain_100k_atari_private_eye_atari_private_eye_vta_20260108_185758_to_500000/eval_eps/20260204T232942-8c5bd01602ed440bb414b282be12c764-2699.npz,1595,1615,0.0,2.4651581028768167e-16,2.3655638694763184,4.5273027420043945,0.0,4.91865348815918,nan,nan,nan,nan
atari_private_eye,/home/haselab/projects/stable-deep-world-model/logs/models/retrain_100k_atari_private_eye_atari_private_eye_vta_20260108_185758_to_500000,/home/haselab/projects/stable-deep-world-model/logs/models/retrain_100k_atari_private_eye_atari_private_eye_vta_20260108_185758_to_500000/latest.pt,/home/haselab/projects/stable-deep-world-model/logs/models/retrain_100k_atari_private_eye_atari_private_eye_vta_20260108_185758_to_500000/eval_eps/20260204T232942-8c5bd01602ed440bb414b282be12c764-2699.npz,1600,1620,0.0,2.2556651167143304e-17,2.1491222381591797,3.885673999786377,0.0,4.34415864944458,nan,nan,nan,nan
atari_private_eye,/home/haselab/projects/stable-deep-world-model/logs/models/retrain_100k_atari_private_eye_atari_private_eye_vta_20260108_185758_to_500000,/home/haselab/projects/stable-deep-world-model/logs/models/retrain_100k_atari_private_eye_atari_private_eye_vta_20260108_185758_to_500000/latest.pt,/home/haselab/projects/stable-deep-world-model/logs/models/retrain_100k_atari_private_eye_atari_private_eye_vta_20260108_185758_to_500000/eval_eps/20260204T232942-8c5bd01602ed440bb414b282be12c764-2699.npz,1605,1625,0.0,6.977959328132393e-17,2.150766611099243,3.795058012008667,0.0,4.267975807189941,nan,nan,nan,nan
atari_private_eye,/home/haselab/projects/stable-deep-world-model/logs/models/retrain_100k_atari_private_eye_atari_private_eye_vta_20260108_185758_to_500000,/home/haselab/projects/stable-deep-world-model/logs/models/retrain_100k_atari_private_eye_atari_private_eye_vta_20260108_185758_to_500000/latest.pt,/home/haselab/projects/stable-deep-world-model/logs/models/retrain_100k_atari_private_eye_atari_private_eye_vta_20260108_185758_to_500000/eval_eps/20260204T232942-8c5bd01602ed440bb414b282be12c764-2699.npz,1610,1630,0.0,5.992249882055822e-17,2.261606216430664,4.093897819519043,0.0,4.554131984710693,nan,nan,nan,nan
atari_private_eye,/home/haselab/projects/stable-deep-world-model/logs/models/retrain_100k_atari_private_eye_atari_private_eye_vta_20260108_185758_to_500000,/home/haselab/projects/stable-deep-world-model/logs/models/retrain_100k_atari_private_eye_atari_private_eye_vta_20260108_185758_to_500000/latest.pt,/home/haselab/projects/stable-deep-world-model/logs/models/retrain_100k_atari_private_eye_atari_private_eye_vta_20260108_185758_to_500000/eval_eps/20260204T232942-8c5bd01602ed440bb414b282be12c764-2699.npz,1615,1635,0.0,5.908022381618733e-17,2.1367337703704834,3.8362231254577637,0.0,4.344979286193848,nan,nan,nan,nan
atari_private_eye,/home/haselab/projects/stable-deep-world-model/logs/models/retrain_100k_atari_private_eye_atari_private_eye_vta_20260108_185758_to_500000,/home/haselab/projects/stable-deep-world-model/logs/models/retrain_100k_atari_private_eye_atari_private_eye_vta_20260108_185758_to_500000/latest.pt,/home/haselab/projects/stable-deep-world-model/logs/models/retrain_100k_atari_private_eye_atari_private_eye_vta_20260108_185758_to_500000/eval_eps/20260204T232942-8c5bd01602ed440bb414b282be12c764-2699.npz,1620,1640,0.0,1.035116401433881e-15,2.0456595420837402,3.842285633087158,0.0,4.308920383453369,nan,nan,nan,nan
atari_private_eye,/home/haselab/projects/stable-deep-world-model/logs/models/retrain_100k_atari_private_eye_atari_private_eye_vta_20260108_185758_to_500000,/home/haselab/projects/stable-deep-world-model/logs/models/retrain_100k_atari_private_eye_atari_private_eye_vta_20260108_185758_to_500000/latest.pt,/home/haselab/projects/stable-deep-world-model/logs/models/retrain_100k_atari_private_eye_atari_private_eye_vta_20260108_185758_to_500000/eval_eps/20260204T232942-8c5bd01602ed440bb414b282be12c764-2699.npz,1625,1645,0.0,1.0085333311754888e-15,2.038832664489746,3.789580821990967,0.0,4.2599005699157715,nan,nan,nan,nan
atari_private_eye,/home/haselab/projects/stable-deep-world-model/logs/models/retrain_100k_atari_private_eye_atari_private_eye_vta_20260108_185758_to_500000,/home/haselab/projects/stable-deep-world-model/logs/models/retrain_100k_atari_private_eye_atari_private_eye_vta_20260108_185758_to_500000/latest.pt,/home/haselab/projects/stable-deep-world-model/logs/models/retrain_100k_atari_private_eye_atari_private_eye_vta_20260108_185758_to_500000/eval_eps/20260204T232942-8c5bd01602ed440bb414b282be12c764-2699.npz,1630,1650,0.0,1.0432386003651024e-15,2.0432517528533936,3.750685453414917,0.0,4.239706993103027,nan,nan,nan,nan
atari_private_eye,/home/haselab/projects/stable-deep-world-model/logs/models/retrain_100k_atari_private_eye_atari_private_eye_vta_20260108_185758_to_500000,/home/haselab/projects/stable-deep-world-model/logs/models/retrain_100k_atari_private_eye_atari_private_eye_vta_20260108_185758_to_500000/latest.pt,/home/haselab/projects/stable-deep-world-model/logs/models/retrain_100k_atari_private_eye_atari_private_eye_vta_20260108_185758_to_500000/eval_eps/20260204T232942-8c5bd01602ed440bb414b282be12c764-2699.npz,1635,1655,0.0,1.0432386003651024e-15,2.205251932144165,4.060917854309082,0.0,4.460404396057129,nan,nan,nan,nan
atari_private_eye,/home/haselab/projects/stable-deep-world-model/logs/models/retrain_100k_atari_private_eye_atari_private_eye_vta_20260108_185758_to_500000,/home/haselab/projects/stable-deep-world-model/logs/models/retrain_100k_atari_private_eye_atari_private_eye_vta_20260108_185758_to_500000/latest.pt,/home/haselab/projects/stable-deep-world-model/logs/models/retrain_100k_atari_private_eye_atari_private_eye_vta_20260108_185758_to_500000/eval_eps/20260204T232942-8c5bd01602ed440bb414b282be12c764-2699.npz,1640,1660,0.0,5.590598769868654e-17,2.1133065223693848,3.9128317832946777,0.0,4.380178451538086,nan,nan,nan,nan
atari_private_eye,/home/haselab/projects/stable-deep-world-model/logs/models/retrain_100k_atari_private_eye_atari_private_eye_vta_20260108_185758_to_500000,/home/haselab/projects/stable-deep-world-model/logs/models/retrain_100k_atari_private_eye_atari_private_eye_vta_20260108_185758_to_500000/latest.pt,/home/haselab/projects/stable-deep-world-model/logs/models/retrain_100k_atari_private_eye_atari_private_eye_vta_20260108_185758_to_500000/eval_eps/20260204T232942-8c5bd01602ed440bb414b282be12c764-2699.npz,1645,1665,0.0,3.628401287184254e-17,2.210634231567383,4.147321701049805,0.0,4.561755180358887,nan,nan,nan,nan
atari_private_eye,/home/haselab/projects/stable-deep-world-model/logs/models/retrain_100k_atari_private_eye_atari_private_eye_vta_20260108_185758_to_500000,/home/haselab/projects/stable-deep-world-model/logs/models/retrain_100k_atari_private_eye_atari_private_eye_vta_20260108_185758_to_500000/latest.pt,/home/haselab/projects/stable-deep-world-model/logs/models/retrain_100k_atari_private_eye_atari_private_eye_vta_20260108_185758_to_500000/eval_eps/20260204T232942-8c5bd01602ed440bb414b282be12c764-2699.npz,1650,1670,0.0,4.457597325299767e-18,2.0496788024902344,3.8540890216827393,0.0,4.2559494972229,nan,nan,nan,nan
atari_private_eye,/home/haselab/projects/stable-deep-world-model/logs/models/retrain_100k_atari_private_eye_atari_private_eye_vta_20260108_185758_to_500000,/home/haselab/projects/stable-deep-world-model/logs/models/retrain_100k_atari_private_eye_atari_private_eye_vta_20260108_185758_to_500000/latest.pt,/home/haselab/projects/stable-deep-world-model/logs/models/retrain_100k_atari_private_eye_atari_private_eye_vta_20260108_185758_to_500000/eval_eps/20260204T232942-8c5bd01602ed440bb414b282be12c764-2699.npz,1655,1675,0.0,4.464010456588891e-18,1.8073772192001343,3.664147138595581,0.0,4.075163841247559,nan,nan,nan,nan
atari_private_eye,/home/haselab/projects/stable-deep-world-model/logs/models/retrain_100k_atari_private_eye_atari_private_eye_vta_20260108_185758_to_500000,/home/haselab/projects/stable-deep-world-model/logs/models/retrain_100k_atari_private_eye_atari_private_eye_vta_20260108_185758_to_500000/latest.pt,/home/haselab/projects/stable-deep-world-model/logs/models/retrain_100k_atari_private_eye_atari_private_eye_vta_20260108_185758_to_500000/eval_eps/20260204T232942-8c5bd01602ed440bb414b282be12c764-2699.npz,1660,1680,0.0,2.1634142952077215e-17,2.03187894821167,4.171322822570801,0.0,4.558475494384766,nan,nan,nan,nan
atari_private_eye,/home/haselab/projects/stable-deep-world-model/logs/models/retrain_100k_atari_private_eye_atari_private_eye_vta_20260108_185758_to_500000,/home/haselab/projects/stable-deep-world-model/logs/models/retrain_100k_atari_private_eye_atari_private_eye_vta_20260108_185758_to_500000/latest.pt,/home/haselab/projects/stable-deep-world-model/logs/models/retrain_100k_atari_private_eye_atari_private_eye_vta_20260108_185758_to_500000/eval_eps/20260204T232942-8c5bd01602ed440bb414b282be12c764-2699.npz,1665,1685,0.0,2.015256817640491e-17,1.8990901708602905,3.985515594482422,0.0,4.387319087982178,nan,nan,nan,nan
atari_private_eye,/home/haselab/projects/stable-deep-world-model/logs/models/retrain_100k_atari_private_eye_atari_private_eye_vta_20260108_185758_to_500000,/home/haselab/projects/stable-deep-world-model/logs/models/retrain_100k_atari_private_eye_atari_private_eye_vta_20260108_185758_to_500000/latest.pt,/home/haselab/projects/stable-deep-world-model/logs/models/retrain_100k_atari_private_eye_atari_private_eye_vta_20260108_185758_to_500000/eval_eps/20260204T232942-8c5bd01602ed440bb414b282be12c764-2699.npz,1670,1690,0.0,1.7301215393569296e-17,1.8389103412628174,3.851099729537964,0.0,4.267027854919434,nan,nan,nan,nan
atari_private_eye,/home/haselab/projects/stable-deep-world-model/logs/models/retrain_100k_atari_private_eye_atari_private_eye_vta_20260108_185758_to_500000,/home/haselab/projects/stable-deep-world-model/logs/models/retrain_100k_atari_private_eye_atari_private_eye_vta_20260108_185758_to_500000/latest.pt,/home/haselab/projects/stable-deep-world-model/logs/models/retrain_100k_atari_private_eye_atari_private_eye_vta_20260108_185758_to_500000/eval_eps/20260204T232942-8c5bd01602ed440bb414b282be12c764-2699.npz,1675,1695,0.0,1.729494371016492e-17,1.957617998123169,3.971768856048584,0.0,4.4343953132629395,nan,nan,nan,nan
atari_private_eye,/home/haselab/projects/stable-deep-world-model/logs/models/retrain_100k_atari_private_eye_atari_private_eye_vta_20260108_185758_to_500000,/home/haselab/projects/stable-deep-world-model/logs/models/retrain_100k_atari_private_eye_atari_private_eye_vta_20260108_185758_to_500000/latest.pt,/home/haselab/projects/stable-deep-world-model/logs/models/retrain_100k_atari_private_eye_atari_private_eye_vta_20260108_185758_to_500000/eval_eps/20260204T232942-8c5bd01602ed440bb414b282be12c764-2699.npz,1680,1700,0.0,1.469552532649458e-17,2.168531894683838,4.418822288513184,0.0,4.960670471191406,nan,nan,nan,nan
atari_private_eye,/home/haselab/projects/stable-deep-world-model/logs/models/retrain_100k_atari_private_eye_atari_private_eye_vta_20260108_185758_to_500000,/home/haselab/projects/stable-deep-world-model/logs/models/retrain_100k_atari_private_eye_atari_private_eye_vta_20260108_185758_to_500000/latest.pt,/home/haselab/projects/stable-deep-world-model/logs/models/retrain_100k_atari_private_eye_atari_private_eye_vta_20260108_185758_to_500000/eval_eps/20260204T232942-8c5bd01602ed440bb414b282be12c764-2699.npz,1685,1705,0.0,1.487828095667082e-17,2.269596815109253,4.390805244445801,0.0,4.947641372680664,nan,nan,nan,nan
atari_private_eye,/home/haselab/projects/stable-deep-world-model/logs/models/retrain_100k_atari_private_eye_atari_private_eye_vta_20260108_185758_to_500000,/home/haselab/projects/stable-deep-world-model/logs/models/retrain_100k_atari_private_eye_atari_private_eye_vta_20260108_185758_to_500000/latest.pt,/home/haselab/projects/stable-deep-world-model/logs/models/retrain_100k_atari_private_eye_atari_private_eye_vta_20260108_185758_to_500000/eval_eps/20260204T232942-8c5bd01602ed440bb414b282be12c764-2699.npz,1690,1710,0.0,1.5480913465778978e-17,2.3154492378234863,4.209039688110352,0.0,4.744381904602051,nan,nan,nan,nan
atari_private_eye,/home/haselab/projects/stable-deep-world-model/logs/models/retrain_100k_atari_private_eye_atari_private_eye_vta_20260108_185758_to_500000,/home/haselab/projects/stable-deep-world-model/logs/models/retrain_100k_atari_private_eye_atari_private_eye_vta_20260108_185758_to_500000/latest.pt,/home/haselab/projects/stable-deep-world-model/logs/models/retrain_100k_atari_private_eye_atari_private_eye_vta_20260108_185758_to_500000/eval_eps/20260204T232942-8c5bd01602ed440bb414b282be12c764-2699.npz,1695,1715,0.0,1.5544513728716955e-17,2.051670551300049,3.248147964477539,0.0,3.8390305042266846,nan,nan,nan,nan
atari_private_eye,/home/haselab/projects/stable-deep-world-model/logs/models/retrain_100k_atari_private_eye_atari_private_eye_vta_20260108_185758_to_500000,/home/haselab/projects/stable-deep-world-model/logs/models/retrain_100k_atari_private_eye_atari_private_eye_vta_20260108_185758_to_500000/latest.pt,/home/haselab/projects/stable-deep-world-model/logs/models/retrain_100k_atari_private_eye_atari_private_eye_vta_20260108_185758_to_500000/eval_eps/20260204T232942-8c5bd01602ed440bb414b282be12c764-2699.npz,1700,1720,0.0,8.81298076948697e-19,1.5788490772247314,2.341020107269287,0.0,2.811405897140503,nan,nan,nan,nan
atari_private_eye,/home/haselab/projects/stable-deep-world-model/logs/models/retrain_100k_atari_private_eye_atari_private_eye_vta_20260108_185758_to_500000,/home/haselab/projects/stable-deep-world-model/logs/models/retrain_100k_atari_private_eye_atari_private_eye_vta_20260108_185758_to_500000/latest.pt,/home/haselab/projects/stable-deep-world-model/logs/models/retrain_100k_atari_private_eye_atari_private_eye_vta_20260108_185758_to_500000/eval_eps/20260204T232942-8c5bd01602ed440bb414b282be12c764-2699.npz,1705,1725,0.0,1.5536771111388305e-18,1.5294097661972046,2.3681368827819824,0.0,2.851296901702881,nan,nan,nan,nan
atari_private_eye,/home/haselab/projects/stable-deep-world-model/logs/models/retrain_100k_atari_private_eye_atari_private_eye_vta_20260108_185758_to_500000,/home/haselab/projects/stable-deep-world-model/logs/models/retrain_100k_atari_private_eye_atari_private_eye_vta_20260108_185758_to_500000/latest.pt,/home/haselab/projects/stable-deep-world-model/logs/models/retrain_100k_atari_private_eye_atari_private_eye_vta_20260108_185758_to_500000/eval_eps/20260204T232942-8c5bd01602ed440bb414b282be12c764-2699.npz,1710,1730,0.0,1.7148749669858675e-18,1.6737416982650757,2.914764165878296,0.0,3.382356643676758,nan,nan,nan,nan
atari_private_eye,/home/haselab/projects/stable-deep-world-model/logs/models/retrain_100k_atari_private_eye_atari_private_eye_vta_20260108_185758_to_500000,/home/haselab/projects/stable-deep-world-model/logs/models/retrain_100k_atari_private_eye_atari_private_eye_vta_20260108_185758_to_500000/latest.pt,/home/haselab/projects/stable-deep-world-model/logs/models/retrain_100k_atari_private_eye_atari_private_eye_vta_20260108_185758_to_500000/eval_eps/20260204T232942-8c5bd01602ed440bb414b282be12c764-2699.npz,1715,1735,0.0,2.221880248083582e-17,2.013805389404297,3.8841166496276855,0.0,4.29410457611084,nan,nan,nan,nan
atari_private_eye,/home/haselab/projects/stable-deep-world-model/logs/models/retrain_100k_atari_private_eye_atari_private_eye_vta_20260108_185758_to_500000,/home/haselab/projects/stable-deep-world-model/logs/models/retrain_100k_atari_private_eye_atari_private_eye_vta_20260108_185758_to_500000/latest.pt,/home/haselab/projects/stable-deep-world-model/logs/models/retrain_100k_atari_private_eye_atari_private_eye_vta_20260108_185758_to_500000/eval_eps/20260204T232942-8c5bd01602ed440bb414b282be12c764-2699.npz,1720,1740,0.0,2.3150702504576836e-17,2.1841087341308594,4.135993957519531,0.0,4.547495365142822,nan,nan,nan,nan
atari_private_eye,/home/haselab/projects/stable-deep-world-model/logs/models/retrain_100k_atari_private_eye_atari_private_eye_vta_20260108_185758_to_500000,/home/haselab/projects/stable-deep-world-model/logs/models/retrain_100k_atari_private_eye_atari_private_eye_vta_20260108_185758_to_500000/latest.pt,/home/haselab/projects/stable-deep-world-model/logs/models/retrain_100k_atari_private_eye_atari_private_eye_vta_20260108_185758_to_500000/eval_eps/20260204T232942-8c5bd01602ed440bb414b282be12c764-2699.npz,1725,1745,0.0,2.276233789826074e-17,2.271085500717163,4.269981861114502,0.0,4.658236503601074,nan,nan,nan,nan
atari_private_eye,/home/haselab/projects/stable-deep-world-model/logs/models/retrain_100k_atari_private_eye_atari_private_eye_vta_20260108_185758_to_500000,/home/haselab/projects/stable-deep-world-model/logs/models/retrain_100k_atari_private_eye_atari_private_eye_vta_20260108_185758_to_500000/latest.pt,/home/haselab/projects/stable-deep-world-model/logs/models/retrain_100k_atari_private_eye_atari_private_eye_vta_20260108_185758_to_500000/eval_eps/20260204T232942-8c5bd01602ed440bb414b282be12c764-2699.npz,1730,1750,0.0,3.428187513871714e-17,2.1255006790161133,3.7678608894348145,0.0,4.201411247253418,nan,nan,nan,nan
atari_private_eye,/home/haselab/projects/stable-deep-world-model/logs/models/retrain_100k_atari_private_eye_atari_private_eye_vta_20260108_185758_to_500000,/home/haselab/projects/stable-deep-world-model/logs/models/retrain_100k_atari_private_eye_atari_private_eye_vta_20260108_185758_to_500000/latest.pt,/home/haselab/projects/stable-deep-world-model/logs/models/retrain_100k_atari_private_eye_atari_private_eye_vta_20260108_185758_to_500000/eval_eps/20260204T232942-8c5bd01602ed440bb414b282be12c764-2699.npz,1735,1755,0.0,2.111336989074853e-17,1.7702795267105103,2.8510189056396484,0.0,3.2968223094940186,nan,nan,nan,nan
atari_private_eye,/home/haselab/projects/stable-deep-world-model/logs/models/retrain_100k_atari_private_eye_atari_private_eye_vta_20260108_185758_to_500000,/home/haselab/projects/stable-deep-world-model/logs/models/retrain_100k_atari_private_eye_atari_private_eye_vta_20260108_185758_to_500000/latest.pt,/home/haselab/projects/stable-deep-world-model/logs/models/retrain_100k_atari_private_eye_atari_private_eye_vta_20260108_185758_to_500000/eval_eps/20260204T232942-8c5bd01602ed440bb414b282be12c764-2699.npz,1740,1760,0.0,2.1197798561510592e-17,1.6880779266357422,2.6673195362091064,0.0,3.142230272293091,nan,nan,nan,nan
atari_private_eye,/home/haselab/projects/stable-deep-world-model/logs/models/retrain_100k_atari_private_eye_atari_private_eye_vta_20260108_185758_to_500000,/home/haselab/projects/stable-deep-world-model/logs/models/retrain_100k_atari_private_eye_atari_private_eye_vta_20260108_185758_to_500000/latest.pt,/home/haselab/projects/stable-deep-world-model/logs/models/retrain_100k_atari_private_eye_atari_private_eye_vta_20260108_185758_to_500000/eval_eps/20260204T232942-8c5bd01602ed440bb414b282be12c764-2699.npz,1745,1765,0.0,2.0888239452152422e-17,1.7212698459625244,2.802875518798828,0.0,3.2849249839782715,nan,nan,nan,nan
atari_private_eye,/home/haselab/projects/stable-deep-world-model/logs/models/retrain_100k_atari_private_eye_atari_private_eye_vta_20260108_185758_to_500000,/home/haselab/projects/stable-deep-world-model/logs/models/retrain_100k_atari_private_eye_atari_private_eye_vta_20260108_185758_to_500000/latest.pt,/home/haselab/projects/stable-deep-world-model/logs/models/retrain_100k_atari_private_eye_atari_private_eye_vta_20260108_185758_to_500000/eval_eps/20260204T232942-8c5bd01602ed440bb414b282be12c764-2699.npz,1750,1770,0.0,9.190572175505176e-18,1.7284386157989502,2.840926170349121,0.0,3.311042308807373,nan,nan,nan,nan
atari_private_eye,/home/haselab/projects/stable-deep-world-model/logs/models/retrain_100k_atari_private_eye_atari_private_eye_vta_20260108_185758_to_500000,/home/haselab/projects/stable-deep-world-model/logs/models/retrain_100k_atari_private_eye_atari_private_eye_vta_20260108_185758_to_500000/latest.pt,/home/haselab/projects/stable-deep-world-model/logs/models/retrain_100k_atari_private_eye_atari_private_eye_vta_20260108_185758_to_500000/eval_eps/20260204T232942-8c5bd01602ed440bb414b282be12c764-2699.npz,1755,1775,0.0,2.3470251060602502e-18,1.636164665222168,2.7445976734161377,0.0,3.2259459495544434,nan,nan,nan,nan
atari_private_eye,/home/haselab/projects/stable-deep-world-model/logs/models/retrain_100k_atari_private_eye_atari_private_eye_vta_20260108_185758_to_500000,/home/haselab/projects/stable-deep-world-model/logs/models/retrain_100k_atari_private_eye_atari_private_eye_vta_20260108_185758_to_500000/latest.pt,/home/haselab/projects/stable-deep-world-model/logs/models/retrain_100k_atari_private_eye_atari_private_eye_vta_20260108_185758_to_500000/eval_eps/20260204T232942-8c5bd01602ed440bb414b282be12c764-2699.npz,1760,1780,0.0,1.8082123522656107e-17,1.7216285467147827,3.3610072135925293,0.0,3.8653855323791504,nan,nan,nan,nan
atari_private_eye,/home/haselab/projects/stable-deep-world-model/logs/models/retrain_100k_atari_private_eye_atari_private_eye_vta_20260108_185758_to_500000,/home/haselab/projects/stable-deep-world-model/logs/models/retrain_100k_atari_private_eye_atari_private_eye_vta_20260108_185758_to_500000/latest.pt,/home/haselab/projects/stable-deep-world-model/logs/models/retrain_100k_atari_private_eye_atari_private_eye_vta_20260108_185758_to_500000/eval_eps/20260204T232942-8c5bd01602ed440bb414b282be12c764-2699.npz,1765,1785,0.0,1.794218276098561e-17,1.7830597162246704,3.5690503120422363,0.0,4.089181900024414,nan,nan,nan,nan
atari_private_eye,/home/haselab/projects/stable-deep-world-model/logs/models/retrain_100k_atari_private_eye_atari_private_eye_vta_20260108_185758_to_500000,/home/haselab/projects/stable-deep-world-model/logs/models/retrain_100k_atari_private_eye_atari_private_eye_vta_20260108_185758_to_500000/latest.pt,/home/haselab/projects/stable-deep-world-model/logs/models/retrain_100k_atari_private_eye_atari_private_eye_vta_20260108_185758_to_500000/eval_eps/20260204T232942-8c5bd01602ed440bb414b282be12c764-2699.npz,1770,1790,0.0,4.465801219897007e-16,2.1241581439971924,4.276888370513916,0.0,4.765393257141113,nan,nan,nan,nan
atari_private_eye,/home/haselab/projects/stable-deep-world-model/logs/models/retrain_100k_atari_private_eye_atari_private_eye_vta_20260108_185758_to_500000,/home/haselab/projects/stable-deep-world-model/logs/models/retrain_100k_atari_private_eye_atari_private_eye_vta_20260108_185758_to_500000/latest.pt,/home/haselab/projects/stable-deep-world-model/logs/models/retrain_100k_atari_private_eye_atari_private_eye_vta_20260108_185758_to_500000/eval_eps/20260204T232942-8c5bd01602ed440bb414b282be12c764-2699.npz,1775,1795,0.0,4.461007013415548e-16,2.1879653930664062,4.349827766418457,0.0,4.8494062423706055,nan,nan,nan,nan
atari_private_eye,/home/haselab/projects/stable-deep-world-model/logs/models/retrain_100k_atari_private_eye_atari_private_eye_vta_20260108_185758_to_500000,/home/haselab/projects/stable-deep-world-model/logs/models/retrain_100k_atari_private_eye_atari_private_eye_vta_20260108_185758_to_500000/latest.pt,/home/haselab/projects/stable-deep-world-model/logs/models/retrain_100k_atari_private_eye_atari_private_eye_vta_20260108_185758_to_500000/eval_eps/20260204T232942-8c5bd01602ed440bb414b282be12c764-2699.npz,1780,1800,0.0,5.222045999491039e-16,2.1480214595794678,3.7209339141845703,0.0,4.1903886795043945,nan,nan,nan,nan
atari_private_eye,/home/haselab/projects/stable-deep-world-model/logs/models/retrain_100k_atari_private_eye_atari_private_eye_vta_20260108_185758_to_500000,/home/haselab/projects/stable-deep-world-model/logs/models/retrain_100k_atari_private_eye_atari_private_eye_vta_20260108_185758_to_500000/latest.pt,/home/haselab/projects/stable-deep-world-model/logs/models/retrain_100k_atari_private_eye_atari_private_eye_vta_20260108_185758_to_500000/eval_eps/20260204T232942-8c5bd01602ed440bb414b282be12c764-2699.npz,1785,1805,0.0,5.221886651417837e-16,2.0519604682922363,3.3570969104766846,0.0,3.799950122833252,nan,nan,nan,nan
atari_private_eye,/home/haselab/projects/stable-deep-world-model/logs/models/retrain_100k_atari_private_eye_atari_private_eye_vta_20260108_185758_to_500000,/home/haselab/projects/stable-deep-world-model/logs/models/retrain_100k_atari_private_eye_atari_private_eye_vta_20260108_185758_to_500000/latest.pt,/home/haselab/projects/stable-deep-world-model/logs/models/retrain_100k_atari_private_eye_atari_private_eye_vta_20260108_185758_to_500000/eval_eps/20260204T232942-8c5bd01602ed440bb414b282be12c764-2699.npz,1790,1810,0.0,9.293776522683212e-17,1.637525200843811,2.511472702026367,0.0,3.0114450454711914,nan,nan,nan,nan
atari_private_eye,/home/haselab/projects/stable-deep-world-model/logs/models/retrain_100k_atari_private_eye_atari_private_eye_vta_20260108_185758_to_500000,/home/haselab/projects/stable-deep-world-model/logs/models/retrain_100k_atari_private_eye_atari_private_eye_vta_20260108_185758_to_500000/latest.pt,/home/haselab/projects/stable-deep-world-model/logs/models/retrain_100k_atari_private_eye_atari_private_eye_vta_20260108_185758_to_500000/eval_eps/20260204T232942-8c5bd01602ed440bb414b282be12c764-2699.npz,1795,1815,0.0,9.335074011073289e-17,1.6310558319091797,2.629784345626831,0.0,3.1710753440856934,nan,nan,nan,nan
atari_private_eye,/home/haselab/projects/stable-deep-world-model/logs/models/retrain_100k_atari_private_eye_atari_private_eye_vta_20260108_185758_to_500000,/home/haselab/projects/stable-deep-world-model/logs/models/retrain_100k_atari_private_eye_atari_private_eye_vta_20260108_185758_to_500000/latest.pt,/home/haselab/projects/stable-deep-world-model/logs/models/retrain_100k_atari_private_eye_atari_private_eye_vta_20260108_185758_to_500000/eval_eps/20260204T232942-8c5bd01602ed440bb414b282be12c764-2699.npz,1800,1820,0.0,1.3366976069012442e-18,1.5934646129608154,2.763982057571411,0.0,3.300668239593506,nan,nan,nan,nan
atari_private_eye,/home/haselab/projects/stable-deep-world-model/logs/models/retrain_100k_atari_private_eye_atari_private_eye_vta_20260108_185758_to_500000,/home/haselab/projects/stable-deep-world-model/logs/models/retrain_100k_atari_private_eye_atari_private_eye_vta_20260108_185758_to_500000/latest.pt,/home/haselab/projects/stable-deep-world-model/logs/models/retrain_100k_atari_private_eye_atari_private_eye_vta_20260108_185758_to_500000/eval_eps/20260204T232942-8c5bd01602ed440bb414b282be12c764-2699.npz,1805,1825,0.0,1.333921898958246e-18,1.7206604480743408,3.3497262001037598,0.0,3.937359571456909,nan,nan,nan,nan
atari_private_eye,/home/haselab/projects/stable-deep-world-model/logs/models/retrain_100k_atari_private_eye_atari_private_eye_vta_20260108_185758_to_500000,/home/haselab/projects/stable-deep-world-model/logs/models/retrain_100k_atari_private_eye_atari_private_eye_vta_20260108_185758_to_500000/latest.pt,/home/haselab/projects/stable-deep-world-model/logs/models/retrain_100k_atari_private_eye_atari_private_eye_vta_20260108_185758_to_500000/eval_eps/20260204T232942-8c5bd01602ed440bb414b282be12c764-2699.npz,1810,1830,0.0,1.4394861717443805e-18,2.1142122745513916,4.372543811798096,0.0,4.867554664611816,nan,nan,nan,nan
atari_private_eye,/home/haselab/projects/stable-deep-world-model/logs/models/retrain_100k_atari_private_eye_atari_private_eye_vta_20260108_185758_to_500000,/home/haselab/projects/stable-deep-world-model/logs/models/retrain_100k_atari_private_eye_atari_private_eye_vta_20260108_185758_to_500000/latest.pt,/home/haselab/projects/stable-deep-world-model/logs/models/retrain_100k_atari_private_eye_atari_private_eye_vta_20260108_185758_to_500000/eval_eps/20260204T232942-8c5bd01602ed440bb414b282be12c764-2699.npz,1815,1835,0.0,9.50288662348376e-19,2.0203051567077637,4.145920753479004,0.0,4.599293231964111,nan,nan,nan,nan
atari_private_eye,/home/haselab/projects/stable-deep-world-model/logs/models/retrain_100k_atari_private_eye_atari_private_eye_vta_20260108_185758_to_500000,/home/haselab/projects/stable-deep-world-model/logs/models/retrain_100k_atari_private_eye_atari_private_eye_vta_20260108_185758_to_500000/latest.pt,/home/haselab/projects/stable-deep-world-model/logs/models/retrain_100k_atari_private_eye_atari_private_eye_vta_20260108_185758_to_500000/eval_eps/20260204T232942-8c5bd01602ed440bb414b282be12c764-2699.npz,1820,1840,0.0,1.0826530829180428e-19,1.9426425695419312,3.8986072540283203,0.0,4.44369649887085,nan,nan,nan,nan
atari_private_eye,/home/haselab/projects/stable-deep-world-model/logs/models/retrain_100k_atari_private_eye_atari_private_eye_vta_20260108_185758_to_500000,/home/haselab/projects/stable-deep-world-model/logs/models/retrain_100k_atari_private_eye_atari_private_eye_vta_20260108_185758_to_500000/latest.pt,/home/haselab/projects/stable-deep-world-model/logs/models/retrain_100k_atari_private_eye_atari_private_eye_vta_20260108_185758_to_500000/eval_eps/20260204T232942-8c5bd01602ed440bb414b282be12c764-2699.npz,1825,1845,0.0,1.0795317039518769e-19,2.0481553077697754,4.279968738555908,0.0,4.852852821350098,nan,nan,nan,nan
atari_private_eye,/home/haselab/projects/stable-deep-world-model/logs/models/retrain_100k_atari_private_eye_atari_private_eye_vta_20260108_185758_to_500000,/home/haselab/projects/stable-deep-world-model/logs/models/retrain_100k_atari_private_eye_atari_private_eye_vta_20260108_185758_to_500000/latest.pt,/home/haselab/projects/stable-deep-world-model/logs/models/retrain_100k_atari_private_eye_atari_private_eye_vta_20260108_185758_to_500000/eval_eps/20260204T232942-8c5bd01602ed440bb414b282be12c764-2699.npz,1830,1850,0.0,2.36473771515613e-21,1.9861228466033936,4.222670555114746,0.0,4.789000511169434,nan,nan,nan,nan
atari_private_eye,/home/haselab/projects/stable-deep-world-model/logs/models/retrain_100k_atari_private_eye_atari_private_eye_vta_20260108_185758_to_500000,/home/haselab/projects/stable-deep-world-model/logs/models/retrain_100k_atari_private_eye_atari_private_eye_vta_20260108_185758_to_500000/latest.pt,/home/haselab/projects/stable-deep-world-model/logs/models/retrain_100k_atari_private_eye_atari_private_eye_vta_20260108_185758_to_500000/eval_eps/20260204T232942-8c5bd01602ed440bb414b282be12c764-2699.npz,1835,1855,0.0,2.8703868704749505e-17,2.1139538288116455,4.28864049911499,0.0,4.900578022003174,nan,nan,nan,nan
atari_private_eye,/home/haselab/projects/stable-deep-world-model/logs/models/retrain_100k_atari_private_eye_atari_private_eye_vta_20260108_185758_to_500000,/home/haselab/projects/stable-deep-world-model/logs/models/retrain_100k_atari_private_eye_atari_private_eye_vta_20260108_185758_to_500000/latest.pt,/home/haselab/projects/stable-deep-world-model/logs/models/retrain_100k_atari_private_eye_atari_private_eye_vta_20260108_185758_to_500000/eval_eps/20260204T232942-8c5bd01602ed440bb414b282be12c764-2699.npz,1840,1860,0.0,2.885988489444436e-17,2.195239543914795,4.429841041564941,0.0,4.968416690826416,nan,nan,nan,nan
atari_private_eye,/home/haselab/projects/stable-deep-world-model/logs/models/retrain_100k_atari_private_eye_atari_private_eye_vta_20260108_185758_to_500000,/home/haselab/projects/stable-deep-world-model/logs/models/retrain_100k_atari_private_eye_atari_private_eye_vta_20260108_185758_to_500000/latest.pt,/home/haselab/projects/stable-deep-world-model/logs/models/retrain_100k_atari_private_eye_atari_private_eye_vta_20260108_185758_to_500000/eval_eps/20260204T232942-8c5bd01602ed440bb414b282be12c764-2699.npz,1845,1865,0.0,2.886308442905371e-17,1.9801515340805054,3.522970199584961,0.0,3.9518802165985107,nan,nan,nan,nan
atari_private_eye,/home/haselab/projects/stable-deep-world-model/logs/models/retrain_100k_atari_private_eye_atari_private_eye_vta_20260108_185758_to_500000,/home/haselab/projects/stable-deep-world-model/logs/models/retrain_100k_atari_private_eye_atari_private_eye_vta_20260108_185758_to_500000/latest.pt,/home/haselab/projects/stable-deep-world-model/logs/models/retrain_100k_atari_private_eye_atari_private_eye_vta_20260108_185758_to_500000/eval_eps/20260204T232942-8c5bd01602ed440bb414b282be12c764-2699.npz,1850,1870,0.0,2.89674415351334e-17,1.6575886011123657,2.670581102371216,0.0,3.140362501144409,nan,nan,nan,nan
atari_private_eye,/home/haselab/projects/stable-deep-world-model/logs/models/retrain_100k_atari_private_eye_atari_private_eye_vta_20260108_185758_to_500000,/home/haselab/projects/stable-deep-world-model/logs/models/retrain_100k_atari_private_eye_atari_private_eye_vta_20260108_185758_to_500000/latest.pt,/home/haselab/projects/stable-deep-world-model/logs/models/retrain_100k_atari_private_eye_atari_private_eye_vta_20260108_185758_to_500000/eval_eps/20260204T232942-8c5bd01602ed440bb414b282be12c764-2699.npz,1855,1875,0.0,2.6594533947706368e-19,1.7738783359527588,3.001925468444824,0.0,3.4374916553497314,nan,nan,nan,nan
atari_private_eye,/home/haselab/projects/stable-deep-world-model/logs/models/retrain_100k_atari_private_eye_atari_private_eye_vta_20260108_185758_to_500000,/home/haselab/projects/stable-deep-world-model/logs/models/retrain_100k_atari_private_eye_atari_private_eye_vta_20260108_185758_to_500000/latest.pt,/home/haselab/projects/stable-deep-world-model/logs/models/retrain_100k_atari_private_eye_atari_private_eye_vta_20260108_185758_to_500000/eval_eps/20260204T232942-8c5bd01602ed440bb414b282be12c764-2699.npz,1860,1880,0.0,3.6182216406746586e-19,1.8749074935913086,3.2107796669006348,0.0,3.604827880859375,nan,nan,nan,nan
atari_private_eye,/home/haselab/projects/stable-deep-world-model/logs/models/retrain_100k_atari_private_eye_atari_private_eye_vta_20260108_185758_to_500000,/home/haselab/projects/stable-deep-world-model/logs/models/retrain_100k_atari_private_eye_atari_private_eye_vta_20260108_185758_to_500000/latest.pt,/home/haselab/projects/stable-deep-world-model/logs/models/retrain_100k_atari_private_eye_atari_private_eye_vta_20260108_185758_to_500000/eval_eps/20260204T232942-8c5bd01602ed440bb414b282be12c764-2699.npz,1865,1885,0.0,1.4874698851028159e-18,1.9567772150039673,3.6929771900177,0.0,4.131735801696777,nan,nan,nan,nan
atari_private_eye,/home/haselab/projects/stable-deep-world-model/logs/models/retrain_100k_atari_private_eye_atari_private_eye_vta_20260108_185758_to_500000,/home/haselab/projects/stable-deep-world-model/logs/models/retrain_100k_atari_private_eye_atari_private_eye_vta_20260108_185758_to_500000/latest.pt,/home/haselab/projects/stable-deep-world-model/logs/models/retrain_100k_atari_private_eye_atari_private_eye_vta_20260108_185758_to_500000/eval_eps/20260204T232942-8c5bd01602ed440bb414b282be12c764-2699.npz,1870,1890,0.0,5.448086799982098e-16,2.230396270751953,4.324601650238037,0.0,4.7330145835876465,nan,nan,nan,nan
atari_private_eye,/home/haselab/projects/stable-deep-world-model/logs/models/retrain_100k_atari_private_eye_atari_private_eye_vta_20260108_185758_to_500000,/home/haselab/projects/stable-deep-world-model/logs/models/retrain_100k_atari_private_eye_atari_private_eye_vta_20260108_185758_to_500000/latest.pt,/home/haselab/projects/stable-deep-world-model/logs/models/retrain_100k_atari_private_eye_atari_private_eye_vta_20260108_185758_to_500000/eval_eps/20260204T232942-8c5bd01602ed440bb414b282be12c764-2699.npz,1875,1895,0.0,5.698408858697385e-16,2.2629246711730957,4.664729118347168,0.0,4.9733781814575195,nan,nan,nan,nan
atari_private_eye,/home/haselab/projects/stable-deep-world-model/logs/models/retrain_100k_atari_private_eye_atari_private_eye_vta_20260108_185758_to_500000,/home/haselab/projects/stable-deep-world-model/logs/models/retrain_100k_atari_private_eye_atari_private_eye_vta_20260108_185758_to_500000/latest.pt,/home/haselab/projects/stable-deep-world-model/logs/models/retrain_100k_atari_private_eye_atari_private_eye_vta_20260108_185758_to_500000/eval_eps/20260204T232942-8c5bd01602ed440bb414b282be12c764-2699.npz,1880,1900,0.0,5.695867759855622e-16,2.236293077468872,4.564140796661377,0.0,4.9286980628967285,nan,nan,nan,nan
atari_private_eye,/home/haselab/projects/stable-deep-world-model/logs/models/retrain_100k_atari_private_eye_atari_private_eye_vta_20260108_185758_to_500000,/home/haselab/projects/stable-deep-world-model/logs/models/retrain_100k_atari_private_eye_atari_private_eye_vta_20260108_185758_to_500000/latest.pt,/home/haselab/projects/stable-deep-world-model/logs/models/retrain_100k_atari_private_eye_atari_private_eye_vta_20260108_185758_to_500000/eval_eps/20260204T232942-8c5bd01602ed440bb414b282be12c764-2699.npz,1885,1905,0.0,5.684578928251091e-16,2.0005292892456055,3.8300559520721436,0.0,4.250689506530762,nan,nan,nan,nan
atari_private_eye,/home/haselab/projects/stable-deep-world-model/logs/models/retrain_100k_atari_private_eye_atari_private_eye_vta_20260108_185758_to_500000,/home/haselab/projects/stable-deep-world-model/logs/models/retrain_100k_atari_private_eye_atari_private_eye_vta_20260108_185758_to_500000/latest.pt,/home/haselab/projects/stable-deep-world-model/logs/models/retrain_100k_atari_private_eye_atari_private_eye_vta_20260108_185758_to_500000/eval_eps/20260204T232942-8c5bd01602ed440bb414b282be12c764-2699.npz,1890,1910,0.0,2.503247884113087e-17,2.0520095825195312,3.98942494392395,0.0,4.403084754943848,nan,nan,nan,nan
atari_private_eye,/home/haselab/projects/stable-deep-world-model/logs/models/retrain_100k_atari_private_eye_atari_private_eye_vta_20260108_185758_to_500000,/home/haselab/projects/stable-deep-world-model/logs/models/retrain_100k_atari_private_eye_atari_private_eye_vta_20260108_185758_to_500000/latest.pt,/home/haselab/projects/stable-deep-world-model/logs/models/retrain_100k_atari_private_eye_atari_private_eye_vta_20260108_185758_to_500000/eval_eps/20260204T232942-8c5bd01602ed440bb414b282be12c764-2699.npz,1895,1915,0.0,6.0543785338154e-20,1.827090859413147,3.2202770709991455,0.0,3.7631850242614746,nan,nan,nan,nan
atari_private_eye,/home/haselab/projects/stable-deep-world-model/logs/models/retrain_100k_atari_private_eye_atari_private_eye_vta_20260108_185758_to_500000,/home/haselab/projects/stable-deep-world-model/logs/models/retrain_100k_atari_private_eye_atari_private_eye_vta_20260108_185758_to_500000/latest.pt,/home/haselab/projects/stable-deep-world-model/logs/models/retrain_100k_atari_private_eye_atari_private_eye_vta_20260108_185758_to_500000/eval_eps/20260204T232942-8c5bd01602ed440bb414b282be12c764-2699.npz,1900,1920,0.0,1.629547874680996e-19,1.7326452732086182,3.038626194000244,0.0,3.585379123687744,nan,nan,nan,nan
atari_private_eye,/home/haselab/projects/stable-deep-world-model/logs/models/retrain_100k_atari_private_eye_atari_private_eye_vta_20260108_185758_to_500000,/home/haselab/projects/stable-deep-world-model/logs/models/retrain_100k_atari_private_eye_atari_private_eye_vta_20260108_185758_to_500000/latest.pt,/home/haselab/projects/stable-deep-world-model/logs/models/retrain_100k_atari_private_eye_atari_private_eye_vta_20260108_185758_to_500000/eval_eps/20260204T232942-8c5bd01602ed440bb414b282be12c764-2699.npz,1905,1925,0.0,2.636707272093924e-18,1.8110535144805908,3.4116084575653076,0.0,3.906371593475342,nan,nan,nan,nan
atari_private_eye,/home/haselab/projects/stable-deep-world-model/logs/models/retrain_100k_atari_private_eye_atari_private_eye_vta_20260108_185758_to_500000,/home/haselab/projects/stable-deep-world-model/logs/models/retrain_100k_atari_private_eye_atari_private_eye_vta_20260108_185758_to_500000/latest.pt,/home/haselab/projects/stable-deep-world-model/logs/models/retrain_100k_atari_private_eye_atari_private_eye_vta_20260108_185758_to_500000/eval_eps/20260204T232942-8c5bd01602ed440bb414b282be12c764-2699.npz,1910,1930,0.0,2.6383041442664575e-18,1.7452113628387451,3.4111526012420654,0.0,3.9189445972442627,nan,nan,nan,nan
atari_private_eye,/home/haselab/projects/stable-deep-world-model/logs/models/retrain_100k_atari_private_eye_atari_private_eye_vta_20260108_185758_to_500000,/home/haselab/projects/stable-deep-world-model/logs/models/retrain_100k_atari_private_eye_atari_private_eye_vta_20260108_185758_to_500000/latest.pt,/home/haselab/projects/stable-deep-world-model/logs/models/retrain_100k_atari_private_eye_atari_private_eye_vta_20260108_185758_to_500000/eval_eps/20260204T232942-8c5bd01602ed440bb414b282be12c764-2699.npz,1915,1935,0.0,5.276207403720847e-16,1.9686775207519531,3.915963649749756,0.0,4.33297061920166,nan,nan,nan,nan
atari_private_eye,/home/haselab/projects/stable-deep-world-model/logs/models/retrain_100k_atari_private_eye_atari_private_eye_vta_20260108_185758_to_500000,/home/haselab/projects/stable-deep-world-model/logs/models/retrain_100k_atari_private_eye_atari_private_eye_vta_20260108_185758_to_500000/latest.pt,/home/haselab/projects/stable-deep-world-model/logs/models/retrain_100k_atari_private_eye_atari_private_eye_vta_20260108_185758_to_500000/eval_eps/20260204T232942-8c5bd01602ed440bb414b282be12c764-2699.npz,1920,1940,0.0,9.472180984314077e-16,1.9147841930389404,3.8687546253204346,0.0,4.302881717681885,nan,nan,nan,nan
atari_private_eye,/home/haselab/projects/stable-deep-world-model/logs/models/retrain_100k_atari_private_eye_atari_private_eye_vta_20260108_185758_to_500000,/home/haselab/projects/stable-deep-world-model/logs/models/retrain_100k_atari_private_eye_atari_private_eye_vta_20260108_185758_to_500000/latest.pt,/home/haselab/projects/stable-deep-world-model/logs/models/retrain_100k_atari_private_eye_atari_private_eye_vta_20260108_185758_to_500000/eval_eps/20260204T232942-8c5bd01602ed440bb414b282be12c764-2699.npz,1925,1945,0.0,9.571553830894767e-16,2.1364595890045166,4.457009315490723,0.0,4.873501777648926,nan,nan,nan,nan
atari_private_eye,/home/haselab/projects/stable-deep-world-model/logs/models/retrain_100k_atari_private_eye_atari_private_eye_vta_20260108_185758_to_500000,/home/haselab/projects/stable-deep-world-model/logs/models/retrain_100k_atari_private_eye_atari_private_eye_vta_20260108_185758_to_500000/latest.pt,/home/haselab/projects/stable-deep-world-model/logs/models/retrain_100k_atari_private_eye_atari_private_eye_vta_20260108_185758_to_500000/eval_eps/20260204T232942-8c5bd01602ed440bb414b282be12c764-2699.npz,1930,1950,0.0,9.572608386914099e-16,2.2526278495788574,4.517364978790283,0.0,4.941338062286377,nan,nan,nan,nan
atari_private_eye,/home/haselab/projects/stable-deep-world-model/logs/models/retrain_100k_atari_private_eye_atari_private_eye_vta_20260108_185758_to_500000,/home/haselab/projects/stable-deep-world-model/logs/models/retrain_100k_atari_private_eye_atari_private_eye_vta_20260108_185758_to_500000/latest.pt,/home/haselab/projects/stable-deep-world-model/logs/models/retrain_100k_atari_private_eye_atari_private_eye_vta_20260108_185758_to_500000/eval_eps/20260204T232942-8c5bd01602ed440bb414b282be12c764-2699.npz,1935,1955,0.0,4.322183872014284e-16,2.1318469047546387,4.138692378997803,0.0,4.623555660247803,nan,nan,nan,nan
atari_private_eye,/home/haselab/projects/stable-deep-world-model/logs/models/retrain_100k_atari_private_eye_atari_private_eye_vta_20260108_185758_to_500000,/home/haselab/projects/stable-deep-world-model/logs/models/retrain_100k_atari_private_eye_atari_private_eye_vta_20260108_185758_to_500000/latest.pt,/home/haselab/projects/stable-deep-world-model/logs/models/retrain_100k_atari_private_eye_atari_private_eye_vta_20260108_185758_to_500000/eval_eps/20260204T232942-8c5bd01602ed440bb414b282be12c764-2699.npz,1940,1960,0.0,1.2519449708522753e-17,2.176422595977783,4.169686317443848,0.0,4.661276817321777,nan,nan,nan,nan
atari_private_eye,/home/haselab/projects/stable-deep-world-model/logs/models/retrain_100k_atari_private_eye_atari_private_eye_vta_20260108_185758_to_500000,/home/haselab/projects/stable-deep-world-model/logs/models/retrain_100k_atari_private_eye_atari_private_eye_vta_20260108_185758_to_500000/latest.pt,/home/haselab/projects/stable-deep-world-model/logs/models/retrain_100k_atari_private_eye_atari_private_eye_vta_20260108_185758_to_500000/eval_eps/20260204T232942-8c5bd01602ed440bb414b282be12c764-2699.npz,1945,1965,0.0,1.086536114282611e-19,2.0160300731658936,3.642169952392578,0.0,4.1853156089782715,nan,nan,nan,nan
atari_private_eye,/home/haselab/projects/stable-deep-world-model/logs/models/retrain_100k_atari_private_eye_atari_private_eye_vta_20260108_185758_to_500000,/home/haselab/projects/stable-deep-world-model/logs/models/retrain_100k_atari_private_eye_atari_private_eye_vta_20260108_185758_to_500000/latest.pt,/home/haselab/projects/stable-deep-world-model/logs/models/retrain_100k_atari_private_eye_atari_private_eye_vta_20260108_185758_to_500000/eval_eps/20260204T232942-8c5bd01602ed440bb414b282be12c764-2699.npz,1950,1970,0.0,3.4132178608902195e-17,1.7629239559173584,2.964162826538086,0.0,3.5123887062072754,nan,nan,nan,nan
atari_private_eye,/home/haselab/projects/stable-deep-world-model/logs/models/retrain_100k_atari_private_eye_atari_private_eye_vta_20260108_185758_to_500000,/home/haselab/projects/stable-deep-world-model/logs/models/retrain_100k_atari_private_eye_atari_private_eye_vta_20260108_185758_to_500000/latest.pt,/home/haselab/projects/stable-deep-world-model/logs/models/retrain_100k_atari_private_eye_atari_private_eye_vta_20260108_185758_to_500000/eval_eps/20260204T232942-8c5bd01602ed440bb414b282be12c764-2699.npz,1955,1975,0.0,3.413243007180841e-17,1.9369020462036133,3.6844639778137207,0.0,4.190499305725098,nan,nan,nan,nan
atari_private_eye,/home/haselab/projects/stable-deep-world-model/logs/models/retrain_100k_atari_private_eye_atari_private_eye_vta_20260108_185758_to_500000,/home/haselab/projects/stable-deep-world-model/logs/models/retrain_100k_atari_private_eye_atari_private_eye_vta_20260108_185758_to_500000/latest.pt,/home/haselab/projects/stable-deep-world-model/logs/models/retrain_100k_atari_private_eye_atari_private_eye_vta_20260108_185758_to_500000/eval_eps/20260204T232942-8c5bd01602ed440bb414b282be12c764-2699.npz,1960,1980,0.0,3.413160950864076e-17,1.9211547374725342,3.7465972900390625,0.0,4.356280326843262,nan,nan,nan,nan
atari_private_eye,/home/haselab/projects/stable-deep-world-model/logs/models/retrain_100k_atari_private_eye_atari_private_eye_vta_20260108_185758_to_500000,/home/haselab/projects/stable-deep-world-model/logs/models/retrain_100k_atari_private_eye_atari_private_eye_vta_20260108_185758_to_500000/latest.pt,/home/haselab/projects/stable-deep-world-model/logs/models/retrain_100k_atari_private_eye_atari_private_eye_vta_20260108_185758_to_500000/eval_eps/20260204T232942-8c5bd01602ed440bb414b282be12c764-2699.npz,1965,1985,0.0,3.416933225329563e-17,1.792930245399475,3.3439247608184814,0.0,3.9450771808624268,nan,nan,nan,nan
atari_private_eye,/home/haselab/projects/stable-deep-world-model/logs/models/retrain_100k_atari_private_eye_atari_private_eye_vta_20260108_185758_to_500000,/home/haselab/projects/stable-deep-world-model/logs/models/retrain_100k_atari_private_eye_atari_private_eye_vta_20260108_185758_to_500000/latest.pt,/home/haselab/projects/stable-deep-world-model/logs/models/retrain_100k_atari_private_eye_atari_private_eye_vta_20260108_185758_to_500000/eval_eps/20260204T232942-8c5bd01602ed440bb414b282be12c764-2699.npz,1970,1990,0.0,3.843074340455404e-20,1.5849262475967407,3.037315607070923,0.0,3.7298526763916016,nan,nan,nan,nan
atari_private_eye,/home/haselab/projects/stable-deep-world-model/logs/models/retrain_100k_atari_private_eye_atari_private_eye_vta_20260108_185758_to_500000,/home/haselab/projects/stable-deep-world-model/logs/models/retrain_100k_atari_private_eye_atari_private_eye_vta_20260108_185758_to_500000/latest.pt,/home/haselab/projects/stable-deep-world-model/logs/models/retrain_100k_atari_private_eye_atari_private_eye_vta_20260108_185758_to_500000/eval_eps/20260204T232942-8c5bd01602ed440bb414b282be12c764-2699.npz,1975,1995,0.0,3.784217854932842e-20,1.3630694150924683,2.572883129119873,0.0,3.347158432006836,nan,nan,nan,nan
atari_private_eye,/home/haselab/projects/stable-deep-world-model/logs/models/retrain_100k_atari_private_eye_atari_private_eye_vta_20260108_185758_to_500000,/home/haselab/projects/stable-deep-world-model/logs/models/retrain_100k_atari_private_eye_atari_private_eye_vta_20260108_185758_to_500000/latest.pt,/home/haselab/projects/stable-deep-world-model/logs/models/retrain_100k_atari_private_eye_atari_private_eye_vta_20260108_185758_to_500000/eval_eps/20260204T232942-8c5bd01602ed440bb414b282be12c764-2699.npz,1980,2000,0.0,3.7812193252123374e-20,1.3553608655929565,2.67574143409729,0.0,3.3317699432373047,nan,nan,nan,nan
atari_private_eye,/home/haselab/projects/stable-deep-world-model/logs/models/retrain_100k_atari_private_eye_atari_private_eye_vta_20260108_185758_to_500000,/home/haselab/projects/stable-deep-world-model/logs/models/retrain_100k_atari_private_eye_atari_private_eye_vta_20260108_185758_to_500000/latest.pt,/home/haselab/projects/stable-deep-world-model/logs/models/retrain_100k_atari_private_eye_atari_private_eye_vta_20260108_185758_to_500000/eval_eps/20260204T232942-8c5bd01602ed440bb414b282be12c764-2699.npz,1985,2005,0.0,7.040847847500779e-25,1.3201382160186768,2.7485454082489014,0.0,3.4245445728302,nan,nan,nan,nan
atari_private_eye,/home/haselab/projects/stable-deep-world-model/logs/models/retrain_100k_atari_private_eye_atari_private_eye_vta_20260108_185758_to_500000,/home/haselab/projects/stable-deep-world-model/logs/models/retrain_100k_atari_private_eye_atari_private_eye_vta_20260108_185758_to_500000/latest.pt,/home/haselab/projects/stable-deep-world-model/logs/models/retrain_100k_atari_private_eye_atari_private_eye_vta_20260108_185758_to_500000/eval_eps/20260204T232942-8c5bd01602ed440bb414b282be12c764-2699.npz,1990,2010,0.0,3.8714007622577014e-24,1.3827507495880127,2.785356283187866,0.0,3.449171781539917,nan,nan,nan,nan
atari_private_eye,/home/haselab/projects/stable-deep-world-model/logs/models/retrain_100k_atari_private_eye_atari_private_eye_vta_20260108_185758_to_500000,/home/haselab/projects/stable-deep-world-model/logs/models/retrain_100k_atari_private_eye_atari_private_eye_vta_20260108_185758_to_500000/latest.pt,/home/haselab/projects/stable-deep-world-model/logs/models/retrain_100k_atari_private_eye_atari_private_eye_vta_20260108_185758_to_500000/eval_eps/20260204T232942-8c5bd01602ed440bb414b282be12c764-2699.npz,1995,2015,0.0,7.824463616562977e-24,1.2609230279922485,2.452563524246216,0.0,3.060438394546509,nan,nan,nan,nan
atari_private_eye,/home/haselab/projects/stable-deep-world-model/logs/models/retrain_100k_atari_private_eye_atari_private_eye_vta_20260108_185758_to_500000,/home/haselab/projects/stable-deep-world-model/logs/models/retrain_100k_atari_private_eye_atari_private_eye_vta_20260108_185758_to_500000/latest.pt,/home/haselab/projects/stable-deep-world-model/logs/models/retrain_100k_atari_private_eye_atari_private_eye_vta_20260108_185758_to_500000/eval_eps/20260204T232942-8c5bd01602ed440bb414b282be12c764-2699.npz,2000,2020,0.0,2.600317218803455e-19,1.5455812215805054,2.9435672760009766,0.0,3.488539934158325,nan,nan,nan,nan
atari_private_eye,/home/haselab/projects/stable-deep-world-model/logs/models/retrain_100k_atari_private_eye_atari_private_eye_vta_20260108_185758_to_500000,/home/haselab/projects/stable-deep-world-model/logs/models/retrain_100k_atari_private_eye_atari_private_eye_vta_20260108_185758_to_500000/latest.pt,/home/haselab/projects/stable-deep-world-model/logs/models/retrain_100k_atari_private_eye_atari_private_eye_vta_20260108_185758_to_500000/eval_eps/20260204T232942-8c5bd01602ed440bb414b282be12c764-2699.npz,2005,2025,0.0,2.6348352072713515e-19,1.6847766637802124,3.2358555793762207,0.0,3.7212653160095215,nan,nan,nan,nan
atari_private_eye,/home/haselab/projects/stable-deep-world-model/logs/models/retrain_100k_atari_private_eye_atari_private_eye_vta_20260108_185758_to_500000,/home/haselab/projects/stable-deep-world-model/logs/models/retrain_100k_atari_private_eye_atari_private_eye_vta_20260108_185758_to_500000/latest.pt,/home/haselab/projects/stable-deep-world-model/logs/models/retrain_100k_atari_private_eye_atari_private_eye_vta_20260108_185758_to_500000/eval_eps/20260204T232942-8c5bd01602ed440bb414b282be12c764-2699.npz,2010,2030,0.0,4.878065224779353e-18,2.271566152572632,4.626913070678711,0.0,5.0734992027282715,nan,nan,nan,nan
atari_private_eye,/home/haselab/projects/stable-deep-world-model/logs/models/retrain_100k_atari_private_eye_atari_private_eye_vta_20260108_185758_to_500000,/home/haselab/projects/stable-deep-world-model/logs/models/retrain_100k_atari_private_eye_atari_private_eye_vta_20260108_185758_to_500000/latest.pt,/home/haselab/projects/stable-deep-world-model/logs/models/retrain_100k_atari_private_eye_atari_private_eye_vta_20260108_185758_to_500000/eval_eps/20260204T232942-8c5bd01602ed440bb414b282be12c764-2699.npz,2015,2035,0.0,5.653700904641752e-18,2.400810480117798,4.822925567626953,0.0,5.230230331420898,nan,nan,nan,nan
atari_private_eye,/home/haselab/projects/stable-deep-world-model/logs/models/retrain_100k_atari_private_eye_atari_private_eye_vta_20260108_185758_to_500000,/home/haselab/projects/stable-deep-world-model/logs/models/retrain_100k_atari_private_eye_atari_private_eye_vta_20260108_185758_to_500000/latest.pt,/home/haselab/projects/stable-deep-world-model/logs/models/retrain_100k_atari_private_eye_atari_private_eye_vta_20260108_185758_to_500000/eval_eps/20260204T232942-8c5bd01602ed440bb414b282be12c764-2699.npz,2020,2040,0.0,5.39367750626632e-18,2.3971335887908936,4.884185314178467,0.0,5.38413143157959,nan,nan,nan,nan
atari_private_eye,/home/haselab/projects/stable-deep-world-model/logs/models/retrain_100k_atari_private_eye_atari_private_eye_vta_20260108_185758_to_500000,/home/haselab/projects/stable-deep-world-model/logs/models/retrain_100k_atari_private_eye_atari_private_eye_vta_20260108_185758_to_500000/latest.pt,/home/haselab/projects/stable-deep-world-model/logs/models/retrain_100k_atari_private_eye_atari_private_eye_vta_20260108_185758_to_500000/eval_eps/20260204T232942-8c5bd01602ed440bb414b282be12c764-2699.npz,2025,2045,0.0,1.5860660173601252e-16,2.6644482612609863,5.195250511169434,0.0,5.677070617675781,nan,nan,nan,nan
atari_private_eye,/home/haselab/projects/stable-deep-world-model/logs/models/retrain_100k_atari_private_eye_atari_private_eye_vta_20260108_185758_to_500000,/home/haselab/projects/stable-deep-world-model/logs/models/retrain_100k_atari_private_eye_atari_private_eye_vta_20260108_185758_to_500000/latest.pt,/home/haselab/projects/stable-deep-world-model/logs/models/retrain_100k_atari_private_eye_atari_private_eye_vta_20260108_185758_to_500000/eval_eps/20260204T232942-8c5bd01602ed440bb414b282be12c764-2699.npz,2030,2050,0.0,2.0660226785429935e-16,2.1557910442352295,3.873871326446533,0.0,4.3817548751831055,nan,nan,nan,nan
atari_private_eye,/home/haselab/projects/stable-deep-world-model/logs/models/retrain_100k_atari_private_eye_atari_private_eye_vta_20260108_185758_to_500000,/home/haselab/projects/stable-deep-world-model/logs/models/retrain_100k_atari_private_eye_atari_private_eye_vta_20260108_185758_to_500000/latest.pt,/home/haselab/projects/stable-deep-world-model/logs/models/retrain_100k_atari_private_eye_atari_private_eye_vta_20260108_185758_to_500000/eval_eps/20260204T232942-8c5bd01602ed440bb414b282be12c764-2699.npz,2035,2055,0.0,2.0606190053862051e-16,2.1766555309295654,3.8335087299346924,0.0,4.362822532653809,nan,nan,nan,nan
atari_private_eye,/home/haselab/projects/stable-deep-world-model/logs/models/retrain_100k_atari_private_eye_atari_private_eye_vta_20260108_185758_to_500000,/home/haselab/projects/stable-deep-world-model/logs/models/retrain_100k_atari_private_eye_atari_private_eye_vta_20260108_185758_to_500000/latest.pt,/home/haselab/projects/stable-deep-world-model/logs/models/retrain_100k_atari_private_eye_atari_private_eye_vta_20260108_185758_to_500000/eval_eps/20260204T232942-8c5bd01602ed440bb414b282be12c764-2699.npz,2040,2060,0.0,2.060618608339511e-16,2.1300954818725586,3.525883436203003,0.0,3.993816375732422,nan,nan,nan,nan
atari_private_eye,/home/haselab/projects/stable-deep-world-model/logs/models/retrain_100k_atari_private_eye_atari_private_eye_vta_20260108_185758_to_500000,/home/haselab/projects/stable-deep-world-model/logs/models/retrain_100k_atari_private_eye_atari_private_eye_vta_20260108_185758_to_500000/latest.pt,/home/haselab/projects/stable-deep-world-model/logs/models/retrain_100k_atari_private_eye_atari_private_eye_vta_20260108_185758_to_500000/eval_eps/20260204T232942-8c5bd01602ed440bb414b282be12c764-2699.npz,2045,2065,0.0,1.2808077839660881e-16,1.8426345586776733,2.962075710296631,0.0,3.474738359451294,nan,nan,nan,nan
atari_private_eye,/home/haselab/projects/stable-deep-world-model/logs/models/retrain_100k_atari_private_eye_atari_private_eye_vta_20260108_185758_to_500000,/home/haselab/projects/stable-deep-world-model/logs/models/retrain_100k_atari_private_eye_atari_private_eye_vta_20260108_185758_to_500000/latest.pt,/home/haselab/projects/stable-deep-world-model/logs/models/retrain_100k_atari_private_eye_atari_private_eye_vta_20260108_185758_to_500000/eval_eps/20260204T232942-8c5bd01602ed440bb414b282be12c764-2699.npz,2050,2070,0.0,7.548857549348321e-17,2.1202054023742676,3.7844605445861816,0.0,4.2839765548706055,nan,nan,nan,nan
atari_private_eye,/home/haselab/projects/stable-deep-world-model/logs/models/retrain_100k_atari_private_eye_atari_private_eye_vta_20260108_185758_to_500000,/home/haselab/projects/stable-deep-world-model/logs/models/retrain_100k_atari_private_eye_atari_private_eye_vta_20260108_185758_to_500000/latest.pt,/home/haselab/projects/stable-deep-world-model/logs/models/retrain_100k_atari_private_eye_atari_private_eye_vta_20260108_185758_to_500000/eval_eps/20260204T232942-8c5bd01602ed440bb414b282be12c764-2699.npz,2055,2075,0.0,5.852638735315816e-16,2.3218226432800293,4.34782075881958,0.0,4.826417446136475,nan,nan,nan,nan
atari_private_eye,/home/haselab/projects/stable-deep-world-model/logs/models/retrain_100k_atari_private_eye_atari_private_eye_vta_20260108_185758_to_500000,/home/haselab/projects/stable-deep-world-model/logs/models/retrain_100k_atari_private_eye_atari_private_eye_vta_20260108_185758_to_500000/latest.pt,/home/haselab/projects/stable-deep-world-model/logs/models/retrain_100k_atari_private_eye_atari_private_eye_vta_20260108_185758_to_500000/eval_eps/20260204T232942-8c5bd01602ed440bb414b282be12c764-2699.npz,2060,2080,0.0,7.687732968564298e-16,2.264976739883423,4.045025825500488,0.0,4.558382987976074,nan,nan,nan,nan
atari_private_eye,/home/haselab/projects/stable-deep-world-model/logs/models/retrain_100k_atari_private_eye_atari_private_eye_vta_20260108_185758_to_500000,/home/haselab/projects/stable-deep-world-model/logs/models/retrain_100k_atari_private_eye_atari_private_eye_vta_20260108_185758_to_500000/latest.pt,/home/haselab/projects/stable-deep-world-model/logs/models/retrain_100k_atari_private_eye_atari_private_eye_vta_20260108_185758_to_500000/eval_eps/20260204T232942-8c5bd01602ed440bb414b282be12c764-2699.npz,2065,2085,0.0,7.313858448997762e-16,2.2597575187683105,4.072222709655762,0.0,4.554651737213135,nan,nan,nan,nan
atari_private_eye,/home/haselab/projects/stable-deep-world-model/logs/models/retrain_100k_atari_private_eye_atari_private_eye_vta_20260108_185758_to_500000,/home/haselab/projects/stable-deep-world-model/logs/models/retrain_100k_atari_private_eye_atari_private_eye_vta_20260108_185758_to_500000/latest.pt,/home/haselab/projects/stable-deep-world-model/logs/models/retrain_100k_atari_private_eye_atari_private_eye_vta_20260108_185758_to_500000/eval_eps/20260204T232942-8c5bd01602ed440bb414b282be12c764-2699.npz,2070,2090,0.0,7.314200438550216e-16,2.175978183746338,3.940551280975342,0.0,4.334146976470947,nan,nan,nan,nan
atari_private_eye,/home/haselab/projects/stable-deep-world-model/logs/models/retrain_100k_atari_private_eye_atari_private_eye_vta_20260108_185758_to_500000,/home/haselab/projects/stable-deep-world-model/logs/models/retrain_100k_atari_private_eye_atari_private_eye_vta_20260108_185758_to_500000/latest.pt,/home/haselab/projects/stable-deep-world-model/logs/models/retrain_100k_atari_private_eye_atari_private_eye_vta_20260108_185758_to_500000/eval_eps/20260204T232942-8c5bd01602ed440bb414b282be12c764-2699.npz,2075,2095,0.0,6.366669149686561e-16,2.199016809463501,3.9265522956848145,0.0,4.38374662399292,nan,nan,nan,nan
atari_private_eye,/home/haselab/projects/stable-deep-world-model/logs/models/retrain_100k_atari_private_eye_atari_private_eye_vta_20260108_185758_to_500000,/home/haselab/projects/stable-deep-world-model/logs/models/retrain_100k_atari_private_eye_atari_private_eye_vta_20260108_185758_to_500000/latest.pt,/home/haselab/projects/stable-deep-world-model/logs/models/retrain_100k_atari_private_eye_atari_private_eye_vta_20260108_185758_to_500000/eval_eps/20260204T232942-8c5bd01602ed440bb414b282be12c764-2699.npz,2080,2100,0.0,5.991738485913918e-16,2.163087844848633,3.951288938522339,0.0,4.367790222167969,nan,nan,nan,nan
atari_private_eye,/home/haselab/projects/stable-deep-world-model/logs/models/retrain_100k_atari_private_eye_atari_private_eye_vta_20260108_185758_to_500000,/home/haselab/projects/stable-deep-world-model/logs/models/retrain_100k_atari_private_eye_atari_private_eye_vta_20260108_185758_to_500000/latest.pt,/home/haselab/projects/stable-deep-world-model/logs/models/retrain_100k_atari_private_eye_atari_private_eye_vta_20260108_185758_to_500000/eval_eps/20260204T232942-8c5bd01602ed440bb414b282be12c764-2699.npz,2085,2105,0.0,5.613286282663064e-16,2.143428325653076,3.955799102783203,0.0,4.373212814331055,nan,nan,nan,nan
atari_private_eye,/home/haselab/projects/stable-deep-world-model/logs/models/retrain_100k_atari_private_eye_atari_private_eye_vta_20260108_185758_to_500000,/home/haselab/projects/stable-deep-world-model/logs/models/retrain_100k_atari_private_eye_atari_private_eye_vta_20260108_185758_to_500000/latest.pt,/home/haselab/projects/stable-deep-world-model/logs/models/retrain_100k_atari_private_eye_atari_private_eye_vta_20260108_185758_to_500000/eval_eps/20260204T232942-8c5bd01602ed440bb414b282be12c764-2699.npz,2090,2110,0.0,5.612763239818135e-16,2.2600362300872803,4.19976282119751,0.0,4.7246270179748535,nan,nan,nan,nan
atari_private_eye,/home/haselab/projects/stable-deep-world-model/logs/models/retrain_100k_atari_private_eye_atari_private_eye_vta_20260108_185758_to_500000,/home/haselab/projects/stable-deep-world-model/logs/models/retrain_100k_atari_private_eye_atari_private_eye_vta_20260108_185758_to_500000/latest.pt,/home/haselab/projects/stable-deep-world-model/logs/models/retrain_100k_atari_private_eye_atari_private_eye_vta_20260108_185758_to_500000/eval_eps/20260204T232942-8c5bd01602ed440bb414b282be12c764-2699.npz,2095,2115,0.0,1.4603920036738007e-16,2.357938766479492,4.405261039733887,0.0,4.908921241760254,nan,nan,nan,nan
atari_private_eye,/home/haselab/projects/stable-deep-world-model/logs/models/retrain_100k_atari_private_eye_atari_private_eye_vta_20260108_185758_to_500000,/home/haselab/projects/stable-deep-world-model/logs/models/retrain_100k_atari_private_eye_atari_private_eye_vta_20260108_185758_to_500000/latest.pt,/home/haselab/projects/stable-deep-world-model/logs/models/retrain_100k_atari_private_eye_atari_private_eye_vta_20260108_185758_to_500000/eval_eps/20260204T232942-8c5bd01602ed440bb414b282be12c764-2699.npz,2100,2120,0.0,2.6922961486276572e-20,2.220733165740967,4.381865978240967,0.0,4.888950824737549,nan,nan,nan,nan
atari_private_eye,/home/haselab/projects/stable-deep-world-model/logs/models/retrain_100k_atari_private_eye_atari_private_eye_vta_20260108_185758_to_500000,/home/haselab/projects/stable-deep-world-model/logs/models/retrain_100k_atari_private_eye_atari_private_eye_vta_20260108_185758_to_500000/latest.pt,/home/haselab/projects/stable-deep-world-model/logs/models/retrain_100k_atari_private_eye_atari_private_eye_vta_20260108_185758_to_500000/eval_eps/20260204T232942-8c5bd01602ed440bb414b282be12c764-2699.npz,2105,2125,0.0,2.829584219621878e-20,2.4160752296447754,4.984536170959473,0.0,5.515495777130127,nan,nan,nan,nan
atari_private_eye,/home/haselab/projects/stable-deep-world-model/logs/models/retrain_100k_atari_private_eye_atari_private_eye_vta_20260108_185758_to_500000,/home/haselab/projects/stable-deep-world-model/logs/models/retrain_100k_atari_private_eye_atari_private_eye_vta_20260108_185758_to_500000/latest.pt,/home/haselab/projects/stable-deep-world-model/logs/models/retrain_100k_atari_private_eye_atari_private_eye_vta_20260108_185758_to_500000/eval_eps/20260204T232942-8c5bd01602ed440bb414b282be12c764-2699.npz,2110,2130,0.0,3.275889519124864e-20,2.032757520675659,4.045706272125244,0.0,4.571812152862549,nan,nan,nan,nan
atari_private_eye,/home/haselab/projects/stable-deep-world-model/logs/models/retrain_100k_atari_private_eye_atari_private_eye_vta_20260108_185758_to_500000,/home/haselab/projects/stable-deep-world-model/logs/models/retrain_100k_atari_private_eye_atari_private_eye_vta_20260108_185758_to_500000/latest.pt,/home/haselab/projects/stable-deep-world-model/logs/models/retrain_100k_atari_private_eye_atari_private_eye_vta_20260108_185758_to_500000/eval_eps/20260204T232942-8c5bd01602ed440bb414b282be12c764-2699.npz,2115,2135,0.0,3.207077785683256e-20,1.6176707744598389,3.157907724380493,0.0,3.697526454925537,nan,nan,nan,nan
atari_private_eye,/home/haselab/projects/stable-deep-world-model/logs/models/retrain_100k_atari_private_eye_atari_private_eye_vta_20260108_185758_to_500000,/home/haselab/projects/stable-deep-world-model/logs/models/retrain_100k_atari_private_eye_atari_private_eye_vta_20260108_185758_to_500000/latest.pt,/home/haselab/projects/stable-deep-world-model/logs/models/retrain_100k_atari_private_eye_atari_private_eye_vta_20260108_185758_to_500000/eval_eps/20260204T232942-8c5bd01602ed440bb414b282be12c764-2699.npz,2120,2140,0.0,2.8067058902188246e-20,1.5757875442504883,3.023128032684326,0.0,3.6088814735412598,nan,nan,nan,nan
atari_private_eye,/home/haselab/projects/stable-deep-world-model/logs/models/retrain_100k_atari_private_eye_atari_private_eye_vta_20260108_185758_to_500000,/home/haselab/projects/stable-deep-world-model/logs/models/retrain_100k_atari_private_eye_atari_private_eye_vta_20260108_185758_to_500000/latest.pt,/home/haselab/projects/stable-deep-world-model/logs/models/retrain_100k_atari_private_eye_atari_private_eye_vta_20260108_185758_to_500000/eval_eps/20260204T232942-8c5bd01602ed440bb414b282be12c764-2699.npz,2125,2145,0.0,9.119714721011147e-20,1.3616091012954712,2.500664234161377,0.0,3.1157314777374268,nan,nan,nan,nan
atari_private_eye,/home/haselab/projects/stable-deep-world-model/logs/models/retrain_100k_atari_private_eye_atari_private_eye_vta_20260108_185758_to_500000,/home/haselab/projects/stable-deep-world-model/logs/models/retrain_100k_atari_private_eye_atari_private_eye_vta_20260108_185758_to_500000/latest.pt,/home/haselab/projects/stable-deep-world-model/logs/models/retrain_100k_atari_private_eye_atari_private_eye_vta_20260108_185758_to_500000/eval_eps/20260204T232942-8c5bd01602ed440bb414b282be12c764-2699.npz,2130,2150,0.0,2.532984199953756e-19,1.3006532192230225,2.466581106185913,0.0,3.0275707244873047,nan,nan,nan,nan
atari_private_eye,/home/haselab/projects/stable-deep-world-model/logs/models/retrain_100k_atari_private_eye_atari_private_eye_vta_20260108_185758_to_500000,/home/haselab/projects/stable-deep-world-model/logs/models/retrain_100k_atari_private_eye_atari_private_eye_vta_20260108_185758_to_500000/latest.pt,/home/haselab/projects/stable-deep-world-model/logs/models/retrain_100k_atari_private_eye_atari_private_eye_vta_20260108_185758_to_500000/eval_eps/20260204T232942-8c5bd01602ed440bb414b282be12c764-2699.npz,2135,2155,0.0,5.303431274256172e-19,1.243485689163208,2.4549059867858887,0.0,3.05269193649292,nan,nan,nan,nan
atari_private_eye,/home/haselab/projects/stable-deep-world-model/logs/models/retrain_100k_atari_private_eye_atari_private_eye_vta_20260108_185758_to_500000,/home/haselab/projects/stable-deep-world-model/logs/models/retrain_100k_atari_private_eye_atari_private_eye_vta_20260108_185758_to_500000/latest.pt,/home/haselab/projects/stable-deep-world-model/logs/models/retrain_100k_atari_private_eye_atari_private_eye_vta_20260108_185758_to_500000/eval_eps/20260204T232942-8c5bd01602ed440bb414b282be12c764-2699.npz,2140,2160,0.0,5.344086167387388e-19,1.2420361042022705,2.4387173652648926,0.0,3.1425909996032715,nan,nan,nan,nan
atari_private_eye,/home/haselab/projects/stable-deep-world-model/logs/models/retrain_100k_atari_private_eye_atari_private_eye_vta_20260108_185758_to_500000,/home/haselab/projects/stable-deep-world-model/logs/models/retrain_100k_atari_private_eye_atari_private_eye_vta_20260108_185758_to_500000/latest.pt,/home/haselab/projects/stable-deep-world-model/logs/models/retrain_100k_atari_private_eye_atari_private_eye_vta_20260108_185758_to_500000/eval_eps/20260204T232942-8c5bd01602ed440bb414b282be12c764-2699.npz,2145,2165,0.0,4.742575935575311e-19,1.5052834749221802,3.0109636783599854,0.0,3.6507320404052734,nan,nan,nan,nan
atari_private_eye,/home/haselab/projects/stable-deep-world-model/logs/models/retrain_100k_atari_private_eye_atari_private_eye_vta_20260108_185758_to_500000,/home/haselab/projects/stable-deep-world-model/logs/models/retrain_100k_atari_private_eye_atari_private_eye_vta_20260108_185758_to_500000/latest.pt,/home/haselab/projects/stable-deep-world-model/logs/models/retrain_100k_atari_private_eye_atari_private_eye_vta_20260108_185758_to_500000/eval_eps/20260204T232942-8c5bd01602ed440bb414b282be12c764-2699.npz,2150,2170,0.0,3.1205722065747404e-19,1.652787446975708,2.9894795417785645,0.0,3.6955642700195312,nan,nan,nan,nan
atari_private_eye,/home/haselab/projects/stable-deep-world-model/logs/models/retrain_100k_atari_private_eye_atari_private_eye_vta_20260108_185758_to_500000,/home/haselab/projects/stable-deep-world-model/logs/models/retrain_100k_atari_private_eye_atari_private_eye_vta_20260108_185758_to_500000/latest.pt,/home/haselab/projects/stable-deep-world-model/logs/models/retrain_100k_atari_private_eye_atari_private_eye_vta_20260108_185758_to_500000/eval_eps/20260204T232942-8c5bd01602ed440bb414b282be12c764-2699.npz,2155,2175,0.0,2.484841771315287e-19,1.8167078495025635,3.0869619846343994,0.0,3.7617263793945312,nan,nan,nan,nan
atari_private_eye,/home/haselab/projects/stable-deep-world-model/logs/models/retrain_100k_atari_private_eye_atari_private_eye_vta_20260108_185758_to_500000,/home/haselab/projects/stable-deep-world-model/logs/models/retrain_100k_atari_private_eye_atari_private_eye_vta_20260108_185758_to_500000/latest.pt,/home/haselab/projects/stable-deep-world-model/logs/models/retrain_100k_atari_private_eye_atari_private_eye_vta_20260108_185758_to_500000/eval_eps/20260204T232942-8c5bd01602ed440bb414b282be12c764-2699.npz,2160,2180,0.0,2.444254603596724e-19,2.1966326236724854,4.025235176086426,0.0,4.519441604614258,nan,nan,nan,nan
atari_private_eye,/home/haselab/projects/stable-deep-world-model/logs/models/retrain_100k_atari_private_eye_atari_private_eye_vta_20260108_185758_to_500000,/home/haselab/projects/stable-deep-world-model/logs/models/retrain_100k_atari_private_eye_atari_private_eye_vta_20260108_185758_to_500000/latest.pt,/home/haselab/projects/stable-deep-world-model/logs/models/retrain_100k_atari_private_eye_atari_private_eye_vta_20260108_185758_to_500000/eval_eps/20260204T232942-8c5bd01602ed440bb414b282be12c764-2699.npz,2165,2185,0.0,2.385480319147534e-19,2.29081654548645,4.153752326965332,0.0,4.575412750244141,nan,nan,nan,nan
atari_private_eye,/home/haselab/projects/stable-deep-world-model/logs/models/retrain_100k_atari_private_eye_atari_private_eye_vta_20260108_185758_to_500000,/home/haselab/projects/stable-deep-world-model/logs/models/retrain_100k_atari_private_eye_atari_private_eye_vta_20260108_185758_to_500000/latest.pt,/home/haselab/projects/stable-deep-world-model/logs/models/retrain_100k_atari_private_eye_atari_private_eye_vta_20260108_185758_to_500000/eval_eps/20260204T232942-8c5bd01602ed440bb414b282be12c764-2699.npz,2170,2190,0.0,3.632530986392425e-18,2.407288074493408,4.684800148010254,0.0,5.2025251388549805,nan,nan,nan,nan
atari_private_eye,/home/haselab/projects/stable-deep-world-model/logs/models/retrain_100k_atari_private_eye_atari_private_eye_vta_20260108_185758_to_500000,/home/haselab/projects/stable-deep-world-model/logs/models/retrain_100k_atari_private_eye_atari_private_eye_vta_20260108_185758_to_500000/latest.pt,/home/haselab/projects/stable-deep-world-model/logs/models/retrain_100k_atari_private_eye_atari_private_eye_vta_20260108_185758_to_500000/eval_eps/20260204T232942-8c5bd01602ed440bb414b282be12c764-2699.npz,2175,2195,0.0,3.4575864227405226e-18,2.616391897201538,5.4551496505737305,0.0,5.979745864868164,nan,nan,nan,nan
atari_private_eye,/home/haselab/projects/stable-deep-world-model/logs/models/retrain_100k_atari_private_eye_atari_private_eye_vta_20260108_185758_to_500000,/home/haselab/projects/stable-deep-world-model/logs/models/retrain_100k_atari_private_eye_atari_private_eye_vta_20260108_185758_to_500000/latest.pt,/home/haselab/projects/stable-deep-world-model/logs/models/retrain_100k_atari_private_eye_atari_private_eye_vta_20260108_185758_to_500000/eval_eps/20260204T232942-8c5bd01602ed440bb414b282be12c764-2699.npz,2180,2200,0.0,8.720857333794694e-17,2.6388907432556152,5.28499698638916,0.0,5.8295745849609375,nan,nan,nan,nan
atari_private_eye,/home/haselab/projects/stable-deep-world-model/logs/models/retrain_100k_atari_private_eye_atari_private_eye_vta_20260108_185758_to_500000,/home/haselab/projects/stable-deep-world-model/logs/models/retrain_100k_atari_private_eye_atari_private_eye_vta_20260108_185758_to_500000/latest.pt,/home/haselab/projects/stable-deep-world-model/logs/models/retrain_100k_atari_private_eye_atari_private_eye_vta_20260108_185758_to_500000/eval_eps/20260204T232942-8c5bd01602ed440bb414b282be12c764-2699.npz,2185,2205,0.0,8.722373390421381e-17,2.495582103729248,4.810586452484131,0.0,5.466899394989014,nan,nan,nan,nan
atari_private_eye,/home/haselab/projects/stable-deep-world-model/logs/models/retrain_100k_atari_private_eye_atari_private_eye_vta_20260108_185758_to_500000,/home/haselab/projects/stable-deep-world-model/logs/models/retrain_100k_atari_private_eye_atari_private_eye_vta_20260108_185758_to_500000/latest.pt,/home/haselab/projects/stable-deep-world-model/logs/models/retrain_100k_atari_private_eye_atari_private_eye_vta_20260108_185758_to_500000/eval_eps/20260204T232942-8c5bd01602ed440bb414b282be12c764-2699.npz,2190,2210,0.0,8.407788000789094e-17,2.5704565048217773,5.095033168792725,0.0,5.617451190948486,nan,nan,nan,nan
atari_private_eye,/home/haselab/projects/stable-deep-world-model/logs/models/retrain_100k_atari_private_eye_atari_private_eye_vta_20260108_185758_to_500000,/home/haselab/projects/stable-deep-world-model/logs/models/retrain_100k_atari_private_eye_atari_private_eye_vta_20260108_185758_to_500000/latest.pt,/home/haselab/projects/stable-deep-world-model/logs/models/retrain_100k_atari_private_eye_atari_private_eye_vta_20260108_185758_to_500000/eval_eps/20260204T232942-8c5bd01602ed440bb414b282be12c764-2699.npz,2195,2215,0.0,8.407386321883638e-17,2.312397003173828,4.246452331542969,0.0,4.748693943023682,nan,nan,nan,nan
atari_private_eye,/home/haselab/projects/stable-deep-world-model/logs/models/retrain_100k_atari_private_eye_atari_private_eye_vta_20260108_185758_to_500000,/home/haselab/projects/stable-deep-world-model/logs/models/retrain_100k_atari_private_eye_atari_private_eye_vta_20260108_185758_to_500000/latest.pt,/home/haselab/projects/stable-deep-world-model/logs/models/retrain_100k_atari_private_eye_atari_private_eye_vta_20260108_185758_to_500000/eval_eps/20260204T232942-8c5bd01602ed440bb414b282be12c764-2699.npz,2200,2220,0.0,5.728863704977148e-19,2.007690906524658,3.5602784156799316,0.0,4.119905471801758,nan,nan,nan,nan
atari_private_eye,/home/haselab/projects/stable-deep-world-model/logs/models/retrain_100k_atari_private_eye_atari_private_eye_vta_20260108_185758_to_500000,/home/haselab/projects/stable-deep-world-model/logs/models/retrain_100k_atari_private_eye_atari_private_eye_vta_20260108_185758_to_500000/latest.pt,/home/haselab/projects/stable-deep-world-model/logs/models/retrain_100k_atari_private_eye_atari_private_eye_vta_20260108_185758_to_500000/eval_eps/20260204T232942-8c5bd01602ed440bb414b282be12c764-2699.npz,2205,2225,0.0,6.057379519228349e-19,1.6850836277008057,3.045670509338379,0.0,3.647803783416748,nan,nan,nan,nan
atari_private_eye,/home/haselab/projects/stable-deep-world-model/logs/models/retrain_100k_atari_private_eye_atari_private_eye_vta_20260108_185758_to_500000,/home/haselab/projects/stable-deep-world-model/logs/models/retrain_100k_atari_private_eye_atari_private_eye_vta_20260108_185758_to_500000/latest.pt,/home/haselab/projects/stable-deep-world-model/logs/models/retrain_100k_atari_private_eye_atari_private_eye_vta_20260108_185758_to_500000/eval_eps/20260204T232942-8c5bd01602ed440bb414b282be12c764-2699.npz,2210,2230,0.0,3.5359081224376826e-19,1.3878644704818726,2.202470541000366,0.0,2.8123462200164795,nan,nan,nan,nan
atari_private_eye,/home/haselab/projects/stable-deep-world-model/logs/models/retrain_100k_atari_private_eye_atari_private_eye_vta_20260108_185758_to_500000,/home/haselab/projects/stable-deep-world-model/logs/models/retrain_100k_atari_private_eye_atari_private_eye_vta_20260108_185758_to_500000/latest.pt,/home/haselab/projects/stable-deep-world-model/logs/models/retrain_100k_atari_private_eye_atari_private_eye_vta_20260108_185758_to_500000/eval_eps/20260204T232942-8c5bd01602ed440bb414b282be12c764-2699.npz,2215,2235,0.0,9.363337118243001e-17,1.3291301727294922,2.250791549682617,0.0,2.931391954421997,nan,nan,nan,nan
atari_private_eye,/home/haselab/projects/stable-deep-world-model/logs/models/retrain_100k_atari_private_eye_atari_private_eye_vta_20260108_185758_to_500000,/home/haselab/projects/stable-deep-world-model/logs/models/retrain_100k_atari_private_eye_atari_private_eye_vta_20260108_185758_to_500000/latest.pt,/home/haselab/projects/stable-deep-world-model/logs/models/retrain_100k_atari_private_eye_atari_private_eye_vta_20260108_185758_to_500000/eval_eps/20260204T232942-8c5bd01602ed440bb414b282be12c764-2699.npz,2220,2240,0.0,2.6639609707621373e-16,1.2430775165557861,2.2346835136413574,0.0,2.9134864807128906,nan,nan,nan,nan
atari_private_eye,/home/haselab/projects/stable-deep-world-model/logs/models/retrain_100k_atari_private_eye_atari_private_eye_vta_20260108_185758_to_500000,/home/haselab/projects/stable-deep-world-model/logs/models/retrain_100k_atari_private_eye_atari_private_eye_vta_20260108_185758_to_500000/latest.pt,/home/haselab/projects/stable-deep-world-model/logs/models/retrain_100k_atari_private_eye_atari_private_eye_vta_20260108_185758_to_500000/eval_eps/20260204T232942-8c5bd01602ed440bb414b282be12c764-2699.npz,2225,2245,0.0,2.66346969165273e-16,1.5213658809661865,3.066922426223755,0.0,3.7335822582244873,nan,nan,nan,nan
atari_private_eye,/home/haselab/projects/stable-deep-world-model/logs/models/retrain_100k_atari_private_eye_atari_private_eye_vta_20260108_185758_to_500000,/home/haselab/projects/stable-deep-world-model/logs/models/retrain_100k_atari_private_eye_atari_private_eye_vta_20260108_185758_to_500000/latest.pt,/home/haselab/projects/stable-deep-world-model/logs/models/retrain_100k_atari_private_eye_atari_private_eye_vta_20260108_185758_to_500000/eval_eps/20260204T232942-8c5bd01602ed440bb414b282be12c764-2699.npz,2230,2250,0.0,2.66346969165273e-16,1.9327666759490967,3.9722397327423096,0.0,4.633797645568848,nan,nan,nan,nan
atari_private_eye,/home/haselab/projects/stable-deep-world-model/logs/models/retrain_100k_atari_private_eye_atari_private_eye_vta_20260108_185758_to_500000,/home/haselab/projects/stable-deep-world-model/logs/models/retrain_100k_atari_private_eye_atari_private_eye_vta_20260108_185758_to_500000/latest.pt,/home/haselab/projects/stable-deep-world-model/logs/models/retrain_100k_atari_private_eye_atari_private_eye_vta_20260108_185758_to_500000/eval_eps/20260204T232942-8c5bd01602ed440bb414b282be12c764-2699.npz,2235,2255,0.0,1.730135998474037e-16,1.9373506307601929,3.8677101135253906,0.0,4.4732255935668945,nan,nan,nan,nan
atari_private_eye,/home/haselab/projects/stable-deep-world-model/logs/models/retrain_100k_atari_private_eye_atari_private_eye_vta_20260108_185758_to_500000,/home/haselab/projects/stable-deep-world-model/logs/models/retrain_100k_atari_private_eye_atari_private_eye_vta_20260108_185758_to_500000/latest.pt,/home/haselab/projects/stable-deep-world-model/logs/models/retrain_100k_atari_private_eye_atari_private_eye_vta_20260108_185758_to_500000/eval_eps/20260204T232942-8c5bd01602ed440bb414b282be12c764-2699.npz,2240,2260,0.0,8.480615713876106e-22,1.9551492929458618,3.8642077445983887,0.0,4.448732376098633,nan,nan,nan,nan
atari_private_eye,/home/haselab/projects/stable-deep-world-model/logs/models/retrain_100k_atari_private_eye_atari_private_eye_vta_20260108_185758_to_500000,/home/haselab/projects/stable-deep-world-model/logs/models/retrain_100k_atari_private_eye_atari_private_eye_vta_20260108_185758_to_500000/latest.pt,/home/haselab/projects/stable-deep-world-model/logs/models/retrain_100k_atari_private_eye_atari_private_eye_vta_20260108_185758_to_500000/eval_eps/20260204T232942-8c5bd01602ed440bb414b282be12c764-2699.npz,2245,2265,0.0,7.795328282273425e-21,1.8326174020767212,3.29071044921875,0.0,3.837918758392334,nan,nan,nan,nan
atari_private_eye,/home/haselab/projects/stable-deep-world-model/logs/models/retrain_100k_atari_private_eye_atari_private_eye_vta_20260108_185758_to_500000,/home/haselab/projects/stable-deep-world-model/logs/models/retrain_100k_atari_private_eye_atari_private_eye_vta_20260108_185758_to_500000/latest.pt,/home/haselab/projects/stable-deep-world-model/logs/models/retrain_100k_atari_private_eye_atari_private_eye_vta_20260108_185758_to_500000/eval_eps/20260204T232942-8c5bd01602ed440bb414b282be12c764-2699.npz,2250,2270,0.0,3.087972501646143e-19,1.4114539623260498,2.3984737396240234,0.0,2.9237217903137207,nan,nan,nan,nan
atari_private_eye,/home/haselab/projects/stable-deep-world-model/logs/models/retrain_100k_atari_private_eye_atari_private_eye_vta_20260108_185758_to_500000,/home/haselab/projects/stable-deep-world-model/logs/models/retrain_100k_atari_private_eye_atari_private_eye_vta_20260108_185758_to_500000/latest.pt,/home/haselab/projects/stable-deep-world-model/logs/models/retrain_100k_atari_private_eye_atari_private_eye_vta_20260108_185758_to_500000/eval_eps/20260204T232942-8c5bd01602ed440bb414b282be12c764-2699.npz,2255,2275,0.0,7.332848596802958e-19,1.3232107162475586,2.291778564453125,0.0,2.851508855819702,nan,nan,nan,nan
atari_private_eye,/home/haselab/projects/stable-deep-world-model/logs/models/retrain_100k_atari_private_eye_atari_private_eye_vta_20260108_185758_to_500000,/home/haselab/projects/stable-deep-world-model/logs/models/retrain_100k_atari_private_eye_atari_private_eye_vta_20260108_185758_to_500000/latest.pt,/home/haselab/projects/stable-deep-world-model/logs/models/retrain_100k_atari_private_eye_atari_private_eye_vta_20260108_185758_to_500000/eval_eps/20260204T232942-8c5bd01602ed440bb414b282be12c764-2699.npz,2260,2280,0.0,8.811873381441914e-19,1.6969003677368164,3.2097275257110596,0.0,3.753382921218872,nan,nan,nan,nan
atari_private_eye,/home/haselab/projects/stable-deep-world-model/logs/models/retrain_100k_atari_private_eye_atari_private_eye_vta_20260108_185758_to_500000,/home/haselab/projects/stable-deep-world-model/logs/models/retrain_100k_atari_private_eye_atari_private_eye_vta_20260108_185758_to_500000/latest.pt,/home/haselab/projects/stable-deep-world-model/logs/models/retrain_100k_atari_private_eye_atari_private_eye_vta_20260108_185758_to_500000/eval_eps/20260204T232942-8c5bd01602ed440bb414b282be12c764-2699.npz,2265,2285,0.0,8.80306494189399e-19,1.6067768335342407,3.003854513168335,0.0,3.6732265949249268,nan,nan,nan,nan
atari_private_eye,/home/haselab/projects/stable-deep-world-model/logs/models/retrain_100k_atari_private_eye_atari_private_eye_vta_20260108_185758_to_500000,/home/haselab/projects/stable-deep-world-model/logs/models/retrain_100k_atari_private_eye_atari_private_eye_vta_20260108_185758_to_500000/latest.pt,/home/haselab/projects/stable-deep-world-model/logs/models/retrain_100k_atari_private_eye_atari_private_eye_vta_20260108_185758_to_500000/eval_eps/20260204T232942-8c5bd01602ed440bb414b282be12c764-2699.npz,2270,2290,0.0,5.790329428344432e-19,1.664772391319275,3.0302422046661377,0.0,3.762434720993042,nan,nan,nan,nan
atari_private_eye,/home/haselab/projects/stable-deep-world-model/logs/models/retrain_100k_atari_private_eye_atari_private_eye_vta_20260108_185758_to_500000,/home/haselab/projects/stable-deep-world-model/logs/models/retrain_100k_atari_private_eye_atari_private_eye_vta_20260108_185758_to_500000/latest.pt,/home/haselab/projects/stable-deep-world-model/logs/models/retrain_100k_atari_private_eye_atari_private_eye_vta_20260108_185758_to_500000/eval_eps/20260204T232942-8c5bd01602ed440bb414b282be12c764-2699.npz,2275,2295,0.0,1.5550504377508217e-19,1.929459810256958,3.7706947326660156,0.0,4.401387691497803,nan,nan,nan,nan
atari_private_eye,/home/haselab/projects/stable-deep-world-model/logs/models/retrain_100k_atari_private_eye_atari_private_eye_vta_20260108_185758_to_500000,/home/haselab/projects/stable-deep-world-model/logs/models/retrain_100k_atari_private_eye_atari_private_eye_vta_20260108_185758_to_500000/latest.pt,/home/haselab/projects/stable-deep-world-model/logs/models/retrain_100k_atari_private_eye_atari_private_eye_vta_20260108_185758_to_500000/eval_eps/20260204T232942-8c5bd01602ed440bb414b282be12c764-2699.npz,2280,2300,0.0,3.102618122132306e-20,1.8351913690567017,3.5971837043762207,0.0,4.1712751388549805,nan,nan,nan,nan
atari_private_eye,/home/haselab/projects/stable-deep-world-model/logs/models/retrain_100k_atari_private_eye_atari_private_eye_vta_20260108_185758_to_500000,/home/haselab/projects/stable-deep-world-model/logs/models/retrain_100k_atari_private_eye_atari_private_eye_vta_20260108_185758_to_500000/latest.pt,/home/haselab/projects/stable-deep-world-model/logs/models/retrain_100k_atari_private_eye_atari_private_eye_vta_20260108_185758_to_500000/eval_eps/20260204T232942-8c5bd01602ed440bb414b282be12c764-2699.npz,2285,2305,0.0,1.0970351959748575e-13,2.1349802017211914,4.091588020324707,0.0,4.506400108337402,nan,nan,nan,nan
atari_private_eye,/home/haselab/projects/stable-deep-world-model/logs/models/retrain_100k_atari_private_eye_atari_private_eye_vta_20260108_185758_to_500000,/home/haselab/projects/stable-deep-world-model/logs/models/retrain_100k_atari_private_eye_atari_private_eye_vta_20260108_185758_to_500000/latest.pt,/home/haselab/projects/stable-deep-world-model/logs/models/retrain_100k_atari_private_eye_atari_private_eye_vta_20260108_185758_to_500000/eval_eps/20260204T232942-8c5bd01602ed440bb414b282be12c764-2699.npz,2290,2310,0.0,1.0977616114304228e-13,2.2258312702178955,4.1645612716674805,0.0,4.566937446594238,nan,nan,nan,nan
atari_private_eye,/home/haselab/projects/stable-deep-world-model/logs/models/retrain_100k_atari_private_eye_atari_private_eye_vta_20260108_185758_to_500000,/home/haselab/projects/stable-deep-world-model/logs/models/retrain_100k_atari_private_eye_atari_private_eye_vta_20260108_185758_to_500000/latest.pt,/home/haselab/projects/stable-deep-world-model/logs/models/retrain_100k_atari_private_eye_atari_private_eye_vta_20260108_185758_to_500000/eval_eps/20260204T232942-8c5bd01602ed440bb414b282be12c764-2699.npz,2295,2315,0.0,1.0981561932585718e-13,2.131288528442383,3.9228110313415527,0.0,4.365462303161621,nan,nan,nan,nan
atari_private_eye,/home/haselab/projects/stable-deep-world-model/logs/models/retrain_100k_atari_private_eye_atari_private_eye_vta_20260108_185758_to_500000,/home/haselab/projects/stable-deep-world-model/logs/models/retrain_100k_atari_private_eye_atari_private_eye_vta_20260108_185758_to_500000/latest.pt,/home/haselab/projects/stable-deep-world-model/logs/models/retrain_100k_atari_private_eye_atari_private_eye_vta_20260108_185758_to_500000/eval_eps/20260204T232942-8c5bd01602ed440bb414b282be12c764-2699.npz,2300,2320,0.0,1.0981559899706644e-13,2.071160316467285,3.470024824142456,0.0,4.016765117645264,nan,nan,nan,nan
atari_private_eye,/home/haselab/projects/stable-deep-world-model/logs/models/retrain_100k_atari_private_eye_atari_private_eye_vta_20260108_185758_to_500000,/home/haselab/projects/stable-deep-world-model/logs/models/retrain_100k_atari_private_eye_atari_private_eye_vta_20260108_185758_to_500000/latest.pt,/home/haselab/projects/stable-deep-world-model/logs/models/retrain_100k_atari_private_eye_atari_private_eye_vta_20260108_185758_to_500000/eval_eps/20260204T232942-8c5bd01602ed440bb414b282be12c764-2699.npz,2305,2325,0.0,1.1259354857967238e-16,1.778935194015503,3.0673611164093018,0.0,3.762690782546997,nan,nan,nan,nan
atari_private_eye,/home/haselab/projects/stable-deep-world-model/logs/models/retrain_100k_atari_private_eye_atari_private_eye_vta_20260108_185758_to_500000,/home/haselab/projects/stable-deep-world-model/logs/models/retrain_100k_atari_private_eye_atari_private_eye_vta_20260108_185758_to_500000/latest.pt,/home/haselab/projects/stable-deep-world-model/logs/models/retrain_100k_atari_private_eye_atari_private_eye_vta_20260108_185758_to_500000/eval_eps/20260204T232942-8c5bd01602ed440bb414b282be12c764-2699.npz,2310,2330,0.0,4.007327431838876e-17,1.6565008163452148,2.9820363521575928,0.0,3.723893404006958,nan,nan,nan,nan
atari_private_eye,/home/haselab/projects/stable-deep-world-model/logs/models/retrain_100k_atari_private_eye_atari_private_eye_vta_20260108_185758_to_500000,/home/haselab/projects/stable-deep-world-model/logs/models/retrain_100k_atari_private_eye_atari_private_eye_vta_20260108_185758_to_500000/latest.pt,/home/haselab/projects/stable-deep-world-model/logs/models/retrain_100k_atari_private_eye_atari_private_eye_vta_20260108_185758_to_500000/eval_eps/20260204T232942-8c5bd01602ed440bb414b282be12c764-2699.npz,2315,2335,0.0,6.007250823143987e-19,1.5154815912246704,2.476977825164795,0.0,3.273974657058716,nan,nan,nan,nan
atari_private_eye,/home/haselab/projects/stable-deep-world-model/logs/models/retrain_100k_atari_private_eye_atari_private_eye_vta_20260108_185758_to_500000,/home/haselab/projects/stable-deep-world-model/logs/models/retrain_100k_atari_private_eye_atari_private_eye_vta_20260108_185758_to_500000/latest.pt,/home/haselab/projects/stable-deep-world-model/logs/models/retrain_100k_atari_private_eye_atari_private_eye_vta_20260108_185758_to_500000/eval_eps/20260204T232942-8c5bd01602ed440bb414b282be12c764-2699.npz,2320,2340,0.0,1.6853741908246232e-18,1.302893877029419,2.230559825897217,0.0,2.969613552093506,nan,nan,nan,nan
atari_private_eye,/home/haselab/projects/stable-deep-world-model/logs/models/retrain_100k_atari_private_eye_atari_private_eye_vta_20260108_185758_to_500000,/home/haselab/projects/stable-deep-world-model/logs/models/retrain_100k_atari_private_eye_atari_private_eye_vta_20260108_185758_to_500000/latest.pt,/home/haselab/projects/stable-deep-world-model/logs/models/retrain_100k_atari_private_eye_atari_private_eye_vta_20260108_185758_to_500000/eval_eps/20260204T232942-8c5bd01602ed440bb414b282be12c764-2699.npz,2325,2345,0.0,1.869849219301632e-17,1.2403292655944824,2.033057689666748,0.0,2.705693006515503,nan,nan,nan,nan
atari_private_eye,/home/haselab/projects/stable-deep-world-model/logs/models/retrain_100k_atari_private_eye_atari_private_eye_vta_20260108_185758_to_500000,/home/haselab/projects/stable-deep-world-model/logs/models/retrain_100k_atari_private_eye_atari_private_eye_vta_20260108_185758_to_500000/latest.pt,/home/haselab/projects/stable-deep-world-model/logs/models/retrain_100k_atari_private_eye_atari_private_eye_vta_20260108_185758_to_500000/eval_eps/20260204T232942-8c5bd01602ed440bb414b282be12c764-2699.npz,2330,2350,0.0,1.8601591292978183e-17,1.5608851909637451,3.0818960666656494,0.0,3.6376349925994873,nan,nan,nan,nan
atari_private_eye,/home/haselab/projects/stable-deep-world-model/logs/models/retrain_100k_atari_private_eye_atari_private_eye_vta_20260108_185758_to_500000,/home/haselab/projects/stable-deep-world-model/logs/models/retrain_100k_atari_private_eye_atari_private_eye_vta_20260108_185758_to_500000/latest.pt,/home/haselab/projects/stable-deep-world-model/logs/models/retrain_100k_atari_private_eye_atari_private_eye_vta_20260108_185758_to_500000/eval_eps/20260204T232942-8c5bd01602ed440bb414b282be12c764-2699.npz,2335,2355,0.0,1.8602408547423386e-17,2.0014946460723877,4.300965309143066,0.0,4.825644493103027,nan,nan,nan,nan
atari_private_eye,/home/haselab/projects/stable-deep-world-model/logs/models/retrain_100k_atari_private_eye_atari_private_eye_vta_20260108_185758_to_500000,/home/haselab/projects/stable-deep-world-model/logs/models/retrain_100k_atari_private_eye_atari_private_eye_vta_20260108_185758_to_500000/latest.pt,/home/haselab/projects/stable-deep-world-model/logs/models/retrain_100k_atari_private_eye_atari_private_eye_vta_20260108_185758_to_500000/eval_eps/20260204T232942-8c5bd01602ed440bb414b282be12c764-2699.npz,2340,2360,0.0,1.7831370337405557e-17,1.9405391216278076,4.204840660095215,0.0,4.807051658630371,nan,nan,nan,nan
atari_private_eye,/home/haselab/projects/stable-deep-world-model/logs/models/retrain_100k_atari_private_eye_atari_private_eye_vta_20260108_185758_to_500000,/home/haselab/projects/stable-deep-world-model/logs/models/retrain_100k_atari_private_eye_atari_private_eye_vta_20260108_185758_to_500000/latest.pt,/home/haselab/projects/stable-deep-world-model/logs/models/retrain_100k_atari_private_eye_atari_private_eye_vta_20260108_185758_to_500000/eval_eps/20260204T232942-8c5bd01602ed440bb414b282be12c764-2699.npz,2345,2365,0.0,1.9546297726962745e-17,1.9410429000854492,4.327454566955566,0.0,4.986782073974609,nan,nan,nan,nan
atari_private_eye,/home/haselab/projects/stable-deep-world-model/logs/models/retrain_100k_atari_private_eye_atari_private_eye_vta_20260108_185758_to_500000,/home/haselab/projects/stable-deep-world-model/logs/models/retrain_100k_atari_private_eye_atari_private_eye_vta_20260108_185758_to_500000/latest.pt,/home/haselab/projects/stable-deep-world-model/logs/models/retrain_100k_atari_private_eye_atari_private_eye_vta_20260108_185758_to_500000/eval_eps/20260204T232942-8c5bd01602ed440bb414b282be12c764-2699.npz,2350,2370,0.0,1.9827118927479598e-17,1.5841395854949951,3.268026828765869,0.0,4.060622692108154,nan,nan,nan,nan
atari_private_eye,/home/haselab/projects/stable-deep-world-model/logs/models/retrain_100k_atari_private_eye_atari_private_eye_vta_20260108_185758_to_500000,/home/haselab/projects/stable-deep-world-model/logs/models/retrain_100k_atari_private_eye_atari_private_eye_vta_20260108_185758_to_500000/latest.pt,/home/haselab/projects/stable-deep-world-model/logs/models/retrain_100k_atari_private_eye_atari_private_eye_vta_20260108_185758_to_500000/eval_eps/20260204T232942-8c5bd01602ed440bb414b282be12c764-2699.npz,2355,2375,0.0,2.1241422412655414e-17,1.1365684270858765,2.2170565128326416,0.0,3.037816286087036,nan,nan,nan,nan
atari_private_eye,/home/haselab/projects/stable-deep-world-model/logs/models/retrain_100k_atari_private_eye_atari_private_eye_vta_20260108_185758_to_500000,/home/haselab/projects/stable-deep-world-model/logs/models/retrain_100k_atari_private_eye_atari_private_eye_vta_20260108_185758_to_500000/latest.pt,/home/haselab/projects/stable-deep-world-model/logs/models/retrain_100k_atari_private_eye_atari_private_eye_vta_20260108_185758_to_500000/eval_eps/20260204T232942-8c5bd01602ed440bb414b282be12c764-2699.npz,2360,2380,0.0,2.238151221604745e-17,1.206676721572876,2.4346299171447754,0.0,3.1775712966918945,nan,nan,nan,nan
atari_private_eye,/home/haselab/projects/stable-deep-world-model/logs/models/retrain_100k_atari_private_eye_atari_private_eye_vta_20260108_185758_to_500000,/home/haselab/projects/stable-deep-world-model/logs/models/retrain_100k_atari_private_eye_atari_private_eye_vta_20260108_185758_to_500000/latest.pt,/home/haselab/projects/stable-deep-world-model/logs/models/retrain_100k_atari_private_eye_atari_private_eye_vta_20260108_185758_to_500000/eval_eps/20260204T232942-8c5bd01602ed440bb414b282be12c764-2699.npz,2365,2385,0.0,3.4785533833172105e-18,1.7407443523406982,3.8566417694091797,0.0,4.444471836090088,nan,nan,nan,nan
atari_private_eye,/home/haselab/projects/stable-deep-world-model/logs/models/retrain_100k_atari_private_eye_atari_private_eye_vta_20260108_185758_to_500000,/home/haselab/projects/stable-deep-world-model/logs/models/retrain_100k_atari_private_eye_atari_private_eye_vta_20260108_185758_to_500000/latest.pt,/home/haselab/projects/stable-deep-world-model/logs/models/retrain_100k_atari_private_eye_atari_private_eye_vta_20260108_185758_to_500000/eval_eps/20260204T232942-8c5bd01602ed440bb414b282be12c764-2699.npz,2370,2390,0.0,3.4038459459090244e-18,1.9203935861587524,4.232395172119141,0.0,4.770542144775391,nan,nan,nan,nan
atari_private_eye,/home/haselab/projects/stable-deep-world-model/logs/models/retrain_100k_atari_private_eye_atari_private_eye_vta_20260108_185758_to_500000,/home/haselab/projects/stable-deep-world-model/logs/models/retrain_100k_atari_private_eye_atari_private_eye_vta_20260108_185758_to_500000/latest.pt,/home/haselab/projects/stable-deep-world-model/logs/models/retrain_100k_atari_private_eye_atari_private_eye_vta_20260108_185758_to_500000/eval_eps/20260204T232942-8c5bd01602ed440bb414b282be12c764-2699.npz,2375,2395,0.0,1.1266991389382328e-16,1.9233198165893555,4.113188743591309,0.0,4.673318386077881,nan,nan,nan,nan
atari_private_eye,/home/haselab/projects/stable-deep-world-model/logs/models/retrain_100k_atari_private_eye_atari_private_eye_vta_20260108_185758_to_500000,/home/haselab/projects/stable-deep-world-model/logs/models/retrain_100k_atari_private_eye_atari_private_eye_vta_20260108_185758_to_500000/latest.pt,/home/haselab/projects/stable-deep-world-model/logs/models/retrain_100k_atari_private_eye_atari_private_eye_vta_20260108_185758_to_500000/eval_eps/20260204T232942-8c5bd01602ed440bb414b282be12c764-2699.npz,2380,2400,0.0,1.1128223569820432e-16,1.9356136322021484,3.9032771587371826,0.0,4.48305082321167,nan,nan,nan,nan
atari_private_eye,/home/haselab/projects/stable-deep-world-model/logs/models/retrain_100k_atari_private_eye_atari_private_eye_vta_20260108_185758_to_500000,/home/haselab/projects/stable-deep-world-model/logs/models/retrain_100k_atari_private_eye_atari_private_eye_vta_20260108_185758_to_500000/latest.pt,/home/haselab/projects/stable-deep-world-model/logs/models/retrain_100k_atari_private_eye_atari_private_eye_vta_20260108_185758_to_500000/eval_eps/20260204T232942-8c5bd01602ed440bb414b282be12c764-2699.npz,2385,2405,0.0,1.1095420233704539e-16,1.4027776718139648,2.4151673316955566,0.0,3.0804390907287598,nan,nan,nan,nan
atari_private_eye,/home/haselab/projects/stable-deep-world-model/logs/models/retrain_100k_atari_private_eye_atari_private_eye_vta_20260108_185758_to_500000,/home/haselab/projects/stable-deep-world-model/logs/models/retrain_100k_atari_private_eye_atari_private_eye_vta_20260108_185758_to_500000/latest.pt,/home/haselab/projects/stable-deep-world-model/logs/models/retrain_100k_atari_private_eye_atari_private_eye_vta_20260108_185758_to_500000/eval_eps/20260204T232942-8c5bd01602ed440bb414b282be12c764-2699.npz,2390,2410,0.0,1.107500872490918e-16,1.238803505897522,1.99088454246521,0.0,2.714751720428467,nan,nan,nan,nan
atari_private_eye,/home/haselab/projects/stable-deep-world-model/logs/models/retrain_100k_atari_private_eye_atari_private_eye_vta_20260108_185758_to_500000,/home/haselab/projects/stable-deep-world-model/logs/models/retrain_100k_atari_private_eye_atari_private_eye_vta_20260108_185758_to_500000/latest.pt,/home/haselab/projects/stable-deep-world-model/logs/models/retrain_100k_atari_private_eye_atari_private_eye_vta_20260108_185758_to_500000/eval_eps/20260204T232942-8c5bd01602ed440bb414b282be12c764-2699.npz,2395,2415,0.0,6.873335807856915e-20,1.3359724283218384,2.2372336387634277,0.0,2.9634623527526855,nan,nan,nan,nan
atari_private_eye,/home/haselab/projects/stable-deep-world-model/logs/models/retrain_100k_atari_private_eye_atari_private_eye_vta_20260108_185758_to_500000,/home/haselab/projects/stable-deep-world-model/logs/models/retrain_100k_atari_private_eye_atari_private_eye_vta_20260108_185758_to_500000/latest.pt,/home/haselab/projects/stable-deep-world-model/logs/models/retrain_100k_atari_private_eye_atari_private_eye_vta_20260108_185758_to_500000/eval_eps/20260204T232942-8c5bd01602ed440bb414b282be12c764-2699.npz,2400,2420,0.0,4.7266433616427437e-17,1.643017053604126,3.089263677597046,0.0,3.8101584911346436,nan,nan,nan,nan
atari_private_eye,/home/haselab/projects/stable-deep-world-model/logs/models/retrain_100k_atari_private_eye_atari_private_eye_vta_20260108_185758_to_500000,/home/haselab/projects/stable-deep-world-model/logs/models/retrain_100k_atari_private_eye_atari_private_eye_vta_20260108_185758_to_500000/latest.pt,/home/haselab/projects/stable-deep-world-model/logs/models/retrain_100k_atari_private_eye_atari_private_eye_vta_20260108_185758_to_500000/eval_eps/20260204T232942-8c5bd01602ed440bb414b282be12c764-2699.npz,2405,2425,0.0,4.8999486187566887e-17,2.0460660457611084,4.0202436447143555,0.0,4.680110931396484,nan,nan,nan,nan
atari_private_eye,/home/haselab/projects/stable-deep-world-model/logs/models/retrain_100k_atari_private_eye_atari_private_eye_vta_20260108_185758_to_500000,/home/haselab/projects/stable-deep-world-model/logs/models/retrain_100k_atari_private_eye_atari_private_eye_vta_20260108_185758_to_500000/latest.pt,/home/haselab/projects/stable-deep-world-model/logs/models/retrain_100k_atari_private_eye_atari_private_eye_vta_20260108_185758_to_500000/eval_eps/20260204T232942-8c5bd01602ed440bb414b282be12c764-2699.npz,2410,2430,0.0,4.929109713199388e-17,2.3654024600982666,4.928393363952637,0.0,5.461401462554932,nan,nan,nan,nan
atari_private_eye,/home/haselab/projects/stable-deep-world-model/logs/models/retrain_100k_atari_private_eye_atari_private_eye_vta_20260108_185758_to_500000,/home/haselab/projects/stable-deep-world-model/logs/models/retrain_100k_atari_private_eye_atari_private_eye_vta_20260108_185758_to_500000/latest.pt,/home/haselab/projects/stable-deep-world-model/logs/models/retrain_100k_atari_private_eye_atari_private_eye_vta_20260108_185758_to_500000/eval_eps/20260204T232942-8c5bd01602ed440bb414b282be12c764-2699.npz,2415,2435,0.0,4.929200703066769e-17,2.760802745819092,5.783190727233887,0.0,6.195783615112305,nan,nan,nan,nan
atari_private_eye,/home/haselab/projects/stable-deep-world-model/logs/models/retrain_100k_atari_private_eye_atari_private_eye_vta_20260108_185758_to_500000,/home/haselab/projects/stable-deep-world-model/logs/models/retrain_100k_atari_private_eye_atari_private_eye_vta_20260108_185758_to_500000/latest.pt,/home/haselab/projects/stable-deep-world-model/logs/models/retrain_100k_atari_private_eye_atari_private_eye_vta_20260108_185758_to_500000/eval_eps/20260204T232942-8c5bd01602ed440bb414b282be12c764-2699.npz,2420,2440,0.0,2.027630819218825e-18,2.648160696029663,5.550626277923584,0.0,5.959159851074219,nan,nan,nan,nan
atari_private_eye,/home/haselab/projects/stable-deep-world-model/logs/models/retrain_100k_atari_private_eye_atari_private_eye_vta_20260108_185758_to_500000,/home/haselab/projects/stable-deep-world-model/logs/models/retrain_100k_atari_private_eye_atari_private_eye_vta_20260108_185758_to_500000/latest.pt,/home/haselab/projects/stable-deep-world-model/logs/models/retrain_100k_atari_private_eye_atari_private_eye_vta_20260108_185758_to_500000/eval_eps/20260204T232942-8c5bd01602ed440bb414b282be12c764-2699.npz,2425,2445,0.0,3.239025762762041e-19,2.550671100616455,5.428997039794922,0.0,5.913336277008057,nan,nan,nan,nan
atari_private_eye,/home/haselab/projects/stable-deep-world-model/logs/models/retrain_100k_atari_private_eye_atari_private_eye_vta_20260108_185758_to_500000,/home/haselab/projects/stable-deep-world-model/logs/models/retrain_100k_atari_private_eye_atari_private_eye_vta_20260108_185758_to_500000/latest.pt,/home/haselab/projects/stable-deep-world-model/logs/models/retrain_100k_atari_private_eye_atari_private_eye_vta_20260108_185758_to_500000/eval_eps/20260204T232942-8c5bd01602ed440bb414b282be12c764-2699.npz,2430,2450,0.0,3.029579366513581e-20,2.595343828201294,5.477454662322998,0.0,6.00473165512085,nan,nan,nan,nan
atari_private_eye,/home/haselab/projects/stable-deep-world-model/logs/models/retrain_100k_atari_private_eye_atari_private_eye_vta_20260108_185758_to_500000,/home/haselab/projects/stable-deep-world-model/logs/models/retrain_100k_atari_private_eye_atari_private_eye_vta_20260108_185758_to_500000/latest.pt,/home/haselab/projects/stable-deep-world-model/logs/models/retrain_100k_atari_private_eye_atari_private_eye_vta_20260108_185758_to_500000/eval_eps/20260204T232942-8c5bd01602ed440bb414b282be12c764-2699.npz,2435,2455,0.0,1.784735849787529e-18,2.4265081882476807,5.126402378082275,0.0,5.6934099197387695,nan,nan,nan,nan
atari_private_eye,/home/haselab/projects/stable-deep-world-model/logs/models/retrain_100k_atari_private_eye_atari_private_eye_vta_20260108_185758_to_500000,/home/haselab/projects/stable-deep-world-model/logs/models/retrain_100k_atari_private_eye_atari_private_eye_vta_20260108_185758_to_500000/latest.pt,/home/haselab/projects/stable-deep-world-model/logs/models/retrain_100k_atari_private_eye_atari_private_eye_vta_20260108_185758_to_500000/eval_eps/20260204T232942-8c5bd01602ed440bb414b282be12c764-2699.npz,2440,2460,0.0,1.7929108757813904e-18,2.6433162689208984,5.606298446655273,0.0,6.103654384613037,nan,nan,nan,nan
atari_private_eye,/home/haselab/projects/stable-deep-world-model/logs/models/retrain_100k_atari_private_eye_atari_private_eye_vta_20260108_185758_to_500000,/home/haselab/projects/stable-deep-world-model/logs/models/retrain_100k_atari_private_eye_atari_private_eye_vta_20260108_185758_to_500000/latest.pt,/home/haselab/projects/stable-deep-world-model/logs/models/retrain_100k_atari_private_eye_atari_private_eye_vta_20260108_185758_to_500000/eval_eps/20260204T232942-8c5bd01602ed440bb414b282be12c764-2699.npz,2445,2465,0.0,1.763573054200819e-18,2.588097333908081,5.441097736358643,0.0,5.880728244781494,nan,nan,nan,nan
atari_private_eye,/home/haselab/projects/stable-deep-world-model/logs/models/retrain_100k_atari_private_eye_atari_private_eye_vta_20260108_185758_to_500000,/home/haselab/projects/stable-deep-world-model/logs/models/retrain_100k_atari_private_eye_atari_private_eye_vta_20260108_185758_to_500000/latest.pt,/home/haselab/projects/stable-deep-world-model/logs/models/retrain_100k_atari_private_eye_atari_private_eye_vta_20260108_185758_to_500000/eval_eps/20260204T232942-8c5bd01602ed440bb414b282be12c764-2699.npz,2450,2470,0.0,1.83859709498846e-18,2.4511914253234863,5.033907413482666,0.0,5.430856227874756,nan,nan,nan,nan
atari_private_eye,/home/haselab/projects/stable-deep-world-model/logs/models/retrain_100k_atari_private_eye_atari_private_eye_vta_20260108_185758_to_500000,/home/haselab/projects/stable-deep-world-model/logs/models/retrain_100k_atari_private_eye_atari_private_eye_vta_20260108_185758_to_500000/latest.pt,/home/haselab/projects/stable-deep-world-model/logs/models/retrain_100k_atari_private_eye_atari_private_eye_vta_20260108_185758_to_500000/eval_eps/20260204T232942-8c5bd01602ed440bb414b282be12c764-2699.npz,2455,2475,0.0,8.32940568426267e-20,2.472883462905884,5.141829490661621,0.0,5.551968574523926,nan,nan,nan,nan
atari_private_eye,/home/haselab/projects/stable-deep-world-model/logs/models/retrain_100k_atari_private_eye_atari_private_eye_vta_20260108_185758_to_500000,/home/haselab/projects/stable-deep-world-model/logs/models/retrain_100k_atari_private_eye_atari_private_eye_vta_20260108_185758_to_500000/latest.pt,/home/haselab/projects/stable-deep-world-model/logs/models/retrain_100k_atari_private_eye_atari_private_eye_vta_20260108_185758_to_500000/eval_eps/20260204T232942-8c5bd01602ed440bb414b282be12c764-2699.npz,2460,2480,0.0,7.512308274129693e-20,1.9640318155288696,4.046687126159668,0.0,4.546601295471191,nan,nan,nan,nan
atari_private_eye,/home/haselab/projects/stable-deep-world-model/logs/models/retrain_100k_atari_private_eye_atari_private_eye_vta_20260108_185758_to_500000,/home/haselab/projects/stable-deep-world-model/logs/models/retrain_100k_atari_private_eye_atari_private_eye_vta_20260108_185758_to_500000/latest.pt,/home/haselab/projects/stable-deep-world-model/logs/models/retrain_100k_atari_private_eye_atari_private_eye_vta_20260108_185758_to_500000/eval_eps/20260204T232942-8c5bd01602ed440bb414b282be12c764-2699.npz,2465,2485,0.0,7.5444300237606e-20,1.7968772649765015,3.4691474437713623,0.0,3.9942963123321533,nan,nan,nan,nan
atari_private_eye,/home/haselab/projects/stable-deep-world-model/logs/models/retrain_100k_atari_private_eye_atari_private_eye_vta_20260108_185758_to_500000,/home/haselab/projects/stable-deep-world-model/logs/models/retrain_100k_atari_private_eye_atari_private_eye_vta_20260108_185758_to_500000/latest.pt,/home/haselab/projects/stable-deep-world-model/logs/models/retrain_100k_atari_private_eye_atari_private_eye_vta_20260108_185758_to_500000/eval_eps/20260204T232942-8c5bd01602ed440bb414b282be12c764-2699.npz,2470,2490,0.0,4.0227816711338936e-22,1.5903499126434326,2.9894633293151855,0.0,3.5471603870391846,nan,nan,nan,nan
atari_private_eye,/home/haselab/projects/stable-deep-world-model/logs/models/retrain_100k_atari_private_eye_atari_private_eye_vta_20260108_185758_to_500000,/home/haselab/projects/stable-deep-world-model/logs/models/retrain_100k_atari_private_eye_atari_private_eye_vta_20260108_185758_to_500000/latest.pt,/home/haselab/projects/stable-deep-world-model/logs/models/retrain_100k_atari_private_eye_atari_private_eye_vta_20260108_185758_to_500000/eval_eps/20260204T232942-8c5bd01602ed440bb414b282be12c764-2699.npz,2475,2495,0.0,3.417763979459297e-22,1.2317564487457275,2.161803722381592,0.0,2.7528247833251953,nan,nan,nan,nan
atari_private_eye,/home/haselab/projects/stable-deep-world-model/logs/models/retrain_100k_atari_private_eye_atari_private_eye_vta_20260108_185758_to_500000,/home/haselab/projects/stable-deep-world-model/logs/models/retrain_100k_atari_private_eye_atari_private_eye_vta_20260108_185758_to_500000/latest.pt,/home/haselab/projects/stable-deep-world-model/logs/models/retrain_100k_atari_private_eye_atari_private_eye_vta_20260108_185758_to_500000/eval_eps/20260204T232942-8c5bd01602ed440bb414b282be12c764-2699.npz,2480,2500,0.0,1.4550111821569158e-20,1.259545087814331,2.0481982231140137,0.0,2.6561617851257324,nan,nan,nan,nan
atari_private_eye,/home/haselab/projects/stable-deep-world-model/logs/models/retrain_100k_atari_private_eye_atari_private_eye_vta_20260108_185758_to_500000,/home/haselab/projects/stable-deep-world-model/logs/models/retrain_100k_atari_private_eye_atari_private_eye_vta_20260108_185758_to_500000/latest.pt,/home/haselab/projects/stable-deep-world-model/logs/models/retrain_100k_atari_private_eye_atari_private_eye_vta_20260108_185758_to_500000/eval_eps/20260204T232942-8c5bd01602ed440bb414b282be12c764-2699.npz,2485,2505,0.0,1.5199694171667637e-20,1.237418532371521,2.0535473823547363,0.0,2.694646120071411,nan,nan,nan,nan
atari_private_eye,/home/haselab/projects/stable-deep-world-model/logs/models/retrain_100k_atari_private_eye_atari_private_eye_vta_20260108_185758_to_500000,/home/haselab/projects/stable-deep-world-model/logs/models/retrain_100k_atari_private_eye_atari_private_eye_vta_20260108_185758_to_500000/latest.pt,/home/haselab/projects/stable-deep-world-model/logs/models/retrain_100k_atari_private_eye_atari_private_eye_vta_20260108_185758_to_500000/eval_eps/20260204T232942-8c5bd01602ed440bb414b282be12c764-2699.npz,2490,2510,0.0,1.2694769295184872e-19,1.2150599956512451,2.1127169132232666,0.0,2.8029470443725586,nan,nan,nan,nan
atari_private_eye,/home/haselab/projects/stable-deep-world-model/logs/models/retrain_100k_atari_private_eye_atari_private_eye_vta_20260108_185758_to_500000,/home/haselab/projects/stable-deep-world-model/logs/models/retrain_100k_atari_private_eye_atari_private_eye_vta_20260108_185758_to_500000/latest.pt,/home/haselab/projects/stable-deep-world-model/logs/models/retrain_100k_atari_private_eye_atari_private_eye_vta_20260108_185758_to_500000/eval_eps/20260204T232942-8c5bd01602ed440bb414b282be12c764-2699.npz,2495,2515,0.0,5.533836230028224e-19,1.2553573846817017,2.0752408504486084,0.0,2.7730553150177,nan,nan,nan,nan
atari_private_eye,/home/haselab/projects/stable-deep-world-model/logs/models/retrain_100k_atari_private_eye_atari_private_eye_vta_20260108_185758_to_500000,/home/haselab/projects/stable-deep-world-model/logs/models/retrain_100k_atari_private_eye_atari_private_eye_vta_20260108_185758_to_500000/latest.pt,/home/haselab/projects/stable-deep-world-model/logs/models/retrain_100k_atari_private_eye_atari_private_eye_vta_20260108_185758_to_500000/eval_eps/20260204T232942-8c5bd01602ed440bb414b282be12c764-2699.npz,2500,2520,0.0,5.391686275736752e-19,1.461297631263733,2.820998430252075,0.0,3.487189769744873,nan,nan,nan,nan
atari_private_eye,/home/haselab/projects/stable-deep-world-model/logs/models/retrain_100k_atari_private_eye_atari_private_eye_vta_20260108_185758_to_500000,/home/haselab/projects/stable-deep-world-model/logs/models/retrain_100k_atari_private_eye_atari_private_eye_vta_20260108_185758_to_500000/latest.pt,/home/haselab/projects/stable-deep-world-model/logs/models/retrain_100k_atari_private_eye_atari_private_eye_vta_20260108_185758_to_500000/eval_eps/20260204T232942-8c5bd01602ed440bb414b282be12c764-2699.npz,2505,2525,0.0,5.400363917350316e-19,1.45122492313385,2.885948657989502,0.0,3.534055709838867,nan,nan,nan,nan
atari_private_eye,/home/haselab/projects/stable-deep-world-model/logs/models/retrain_100k_atari_private_eye_atari_private_eye_vta_20260108_185758_to_500000,/home/haselab/projects/stable-deep-world-model/logs/models/retrain_100k_atari_private_eye_atari_private_eye_vta_20260108_185758_to_500000/latest.pt,/home/haselab/projects/stable-deep-world-model/logs/models/retrain_100k_atari_private_eye_atari_private_eye_vta_20260108_185758_to_500000/eval_eps/20260204T232942-8c5bd01602ed440bb414b282be12c764-2699.npz,2510,2530,0.0,5.219218601031563e-19,1.4399616718292236,2.8340044021606445,0.0,3.438793897628784,nan,nan,nan,nan
atari_private_eye,/home/haselab/projects/stable-deep-world-model/logs/models/retrain_100k_atari_private_eye_atari_private_eye_vta_20260108_185758_to_500000,/home/haselab/projects/stable-deep-world-model/logs/models/retrain_100k_atari_private_eye_atari_private_eye_vta_20260108_185758_to_500000/latest.pt,/home/haselab/projects/stable-deep-world-model/logs/models/retrain_100k_atari_private_eye_atari_private_eye_vta_20260108_185758_to_500000/eval_eps/20260204T232942-8c5bd01602ed440bb414b282be12c764-2699.npz,2515,2535,0.0,6.134645426271161e-19,1.488396167755127,2.875908851623535,0.0,3.556906223297119,nan,nan,nan,nan
atari_private_eye,/home/haselab/projects/stable-deep-world-model/logs/models/retrain_100k_atari_private_eye_atari_private_eye_vta_20260108_185758_to_500000,/home/haselab/projects/stable-deep-world-model/logs/models/retrain_100k_atari_private_eye_atari_private_eye_vta_20260108_185758_to_500000/latest.pt,/home/haselab/projects/stable-deep-world-model/logs/models/retrain_100k_atari_private_eye_atari_private_eye_vta_20260108_185758_to_500000/eval_eps/20260204T232942-8c5bd01602ed440bb414b282be12c764-2699.npz,2520,2540,0.0,6.134645426271161e-19,1.6720536947250366,3.2650368213653564,0.0,3.8852405548095703,nan,nan,nan,nan
atari_private_eye,/home/haselab/projects/stable-deep-world-model/logs/models/retrain_100k_atari_private_eye_atari_private_eye_vta_20260108_185758_to_500000,/home/haselab/projects/stable-deep-world-model/logs/models/retrain_100k_atari_private_eye_atari_private_eye_vta_20260108_185758_to_500000/latest.pt,/home/haselab/projects/stable-deep-world-model/logs/models/retrain_100k_atari_private_eye_atari_private_eye_vta_20260108_185758_to_500000/eval_eps/20260204T232942-8c5bd01602ed440bb414b282be12c764-2699.npz,2525,2545,0.0,6.124240011153127e-19,2.017092227935791,4.182151794433594,0.0,4.844159126281738,nan,nan,nan,nan
atari_private_eye,/home/haselab/projects/stable-deep-world-model/logs/models/retrain_100k_atari_private_eye_atari_private_eye_vta_20260108_185758_to_500000,/home/haselab/projects/stable-deep-world-model/logs/models/retrain_100k_atari_private_eye_atari_private_eye_vta_20260108_185758_to_500000/latest.pt,/home/haselab/projects/stable-deep-world-model/logs/models/retrain_100k_atari_private_eye_atari_private_eye_vta_20260108_185758_to_500000/eval_eps/20260204T232942-8c5bd01602ed440bb414b282be12c764-2699.npz,2530,2550,0.0,5.687132960061731e-19,2.080758810043335,4.159731864929199,0.0,4.849994659423828,nan,nan,nan,nan
atari_private_eye,/home/haselab/projects/stable-deep-world-model/logs/models/retrain_100k_atari_private_eye_atari_private_eye_vta_20260108_185758_to_500000,/home/haselab/projects/stable-deep-world-model/logs/models/retrain_100k_atari_private_eye_atari_private_eye_vta_20260108_185758_to_500000/latest.pt,/home/haselab/projects/stable-deep-world-model/logs/models/retrain_100k_atari_private_eye_atari_private_eye_vta_20260108_185758_to_500000/eval_eps/20260204T232942-8c5bd01602ed440bb414b282be12c764-2699.npz,2535,2555,0.0,5.077073687371948e-20,2.0011792182922363,4.271376132965088,0.0,4.905692100524902,nan,nan,nan,nan
atari_private_eye,/home/haselab/projects/stable-deep-world-model/logs/models/retrain_100k_atari_private_eye_atari_private_eye_vta_20260108_185758_to_500000,/home/haselab/projects/stable-deep-world-model/logs/models/retrain_100k_atari_private_eye_atari_private_eye_vta_20260108_185758_to_500000/latest.pt,/home/haselab/projects/stable-deep-world-model/logs/models/retrain_100k_atari_private_eye_atari_private_eye_vta_20260108_185758_to_500000/eval_eps/20260204T232942-8c5bd01602ed440bb414b282be12c764-2699.npz,2540,2560,0.0,5.228221880387834e-20,1.6183850765228271,3.1372005939483643,0.0,3.9768104553222656,nan,nan,nan,nan
atari_private_eye,/home/haselab/projects/stable-deep-world-model/logs/models/retrain_100k_atari_private_eye_atari_private_eye_vta_20260108_185758_to_500000,/home/haselab/projects/stable-deep-world-model/logs/models/retrain_100k_atari_private_eye_atari_private_eye_vta_20260108_185758_to_500000/latest.pt,/home/haselab/projects/stable-deep-world-model/logs/models/retrain_100k_atari_private_eye_atari_private_eye_vta_20260108_185758_to_500000/eval_eps/20260204T232942-8c5bd01602ed440bb414b282be12c764-2699.npz,2545,2565,0.0,3.9554688632792393e-19,1.3405225276947021,2.3517303466796875,0.0,3.1527016162872314,nan,nan,nan,nan
atari_private_eye,/home/haselab/projects/stable-deep-world-model/logs/models/retrain_100k_atari_private_eye_atari_private_eye_vta_20260108_185758_to_500000,/home/haselab/projects/stable-deep-world-model/logs/models/retrain_100k_atari_private_eye_atari_private_eye_vta_20260108_185758_to_500000/latest.pt,/home/haselab/projects/stable-deep-world-model/logs/models/retrain_100k_atari_private_eye_atari_private_eye_vta_20260108_185758_to_500000/eval_eps/20260204T232942-8c5bd01602ed440bb414b282be12c764-2699.npz,2550,2570,0.0,5.357486493310747e-19,1.2553766965866089,2.268000602722168,0.0,3.0356147289276123,nan,nan,nan,nan
atari_private_eye,/home/haselab/projects/stable-deep-world-model/logs/models/retrain_100k_atari_private_eye_atari_private_eye_vta_20260108_185758_to_500000,/home/haselab/projects/stable-deep-world-model/logs/models/retrain_100k_atari_private_eye_atari_private_eye_vta_20260108_185758_to_500000/latest.pt,/home/haselab/projects/stable-deep-world-model/logs/models/retrain_100k_atari_private_eye_atari_private_eye_vta_20260108_185758_to_500000/eval_eps/20260204T232942-8c5bd01602ed440bb414b282be12c764-2699.npz,2555,2575,0.0,5.436699376720356e-19,1.291943907737732,2.1516730785369873,0.0,2.854262113571167,nan,nan,nan,nan
atari_private_eye,/home/haselab/projects/stable-deep-world-model/logs/models/retrain_100k_atari_private_eye_atari_private_eye_vta_20260108_185758_to_500000,/home/haselab/projects/stable-deep-world-model/logs/models/retrain_100k_atari_private_eye_atari_private_eye_vta_20260108_185758_to_500000/latest.pt,/home/haselab/projects/stable-deep-world-model/logs/models/retrain_100k_atari_private_eye_atari_private_eye_vta_20260108_185758_to_500000/eval_eps/20260204T232942-8c5bd01602ed440bb414b282be12c764-2699.npz,2560,2580,0.0,6.077869816977053e-19,1.3341432809829712,2.3355824947357178,0.0,2.920421838760376,nan,nan,nan,nan
atari_private_eye,/home/haselab/projects/stable-deep-world-model/logs/models/retrain_100k_atari_private_eye_atari_private_eye_vta_20260108_185758_to_500000,/home/haselab/projects/stable-deep-world-model/logs/models/retrain_100k_atari_private_eye_atari_private_eye_vta_20260108_185758_to_500000/latest.pt,/home/haselab/projects/stable-deep-world-model/logs/models/retrain_100k_atari_private_eye_atari_private_eye_vta_20260108_185758_to_500000/eval_eps/20260204T232942-8c5bd01602ed440bb414b282be12c764-2699.npz,2565,2585,0.0,2.6371513129865e-19,1.2167503833770752,2.052907705307007,0.0,2.7056925296783447,nan,nan,nan,nan
atari_private_eye,/home/haselab/projects/stable-deep-world-model/logs/models/retrain_100k_atari_private_eye_atari_private_eye_vta_20260108_185758_to_500000,/home/haselab/projects/stable-deep-world-model/logs/models/retrain_100k_atari_private_eye_atari_private_eye_vta_20260108_185758_to_500000/latest.pt,/home/haselab/projects/stable-deep-world-model/logs/models/retrain_100k_atari_private_eye_atari_private_eye_vta_20260108_185758_to_500000/eval_eps/20260204T232942-8c5bd01602ed440bb414b282be12c764-2699.npz,2570,2590,0.0,1.7911876259208952e-19,1.572074294090271,2.8904476165771484,0.0,3.487353801727295,nan,nan,nan,nan
atari_private_eye,/home/haselab/projects/stable-deep-world-model/logs/models/retrain_100k_atari_private_eye_atari_private_eye_vta_20260108_185758_to_500000,/home/haselab/projects/stable-deep-world-model/logs/models/retrain_100k_atari_private_eye_atari_private_eye_vta_20260108_185758_to_500000/latest.pt,/home/haselab/projects/stable-deep-world-model/logs/models/retrain_100k_atari_private_eye_atari_private_eye_vta_20260108_185758_to_500000/eval_eps/20260204T232942-8c5bd01602ed440bb414b282be12c764-2699.npz,2575,2595,0.0,1.8705245864223874e-19,1.6447690725326538,3.1159684658050537,0.0,3.7414557933807373,nan,nan,nan,nan
atari_private_eye,/home/haselab/projects/stable-deep-world-model/logs/models/retrain_100k_atari_private_eye_atari_private_eye_vta_20260108_185758_to_500000,/home/haselab/projects/stable-deep-world-model/logs/models/retrain_100k_atari_private_eye_atari_private_eye_vta_20260108_185758_to_500000/latest.pt,/home/haselab/projects/stable-deep-world-model/logs/models/retrain_100k_atari_private_eye_atari_private_eye_vta_20260108_185758_to_500000/eval_eps/20260204T232942-8c5bd01602ed440bb414b282be12c764-2699.npz,2580,2600,0.0,3.462858044784323e-18,1.6826064586639404,3.0911035537719727,0.0,3.681201457977295,nan,nan,nan,nan
atari_private_eye,/home/haselab/projects/stable-deep-world-model/logs/models/retrain_100k_atari_private_eye_atari_private_eye_vta_20260108_185758_to_500000,/home/haselab/projects/stable-deep-world-model/logs/models/retrain_100k_atari_private_eye_atari_private_eye_vta_20260108_185758_to_500000/latest.pt,/home/haselab/projects/stable-deep-world-model/logs/models/retrain_100k_atari_private_eye_atari_private_eye_vta_20260108_185758_to_500000/eval_eps/20260204T232942-8c5bd01602ed440bb414b282be12c764-2699.npz,2585,2605,0.0,8.582188279597937e-18,1.9331333637237549,3.347628116607666,0.0,3.8663196563720703,nan,nan,nan,nan
atari_private_eye,/home/haselab/projects/stable-deep-world-model/logs/models/retrain_100k_atari_private_eye_atari_private_eye_vta_20260108_185758_to_500000,/home/haselab/projects/stable-deep-world-model/logs/models/retrain_100k_atari_private_eye_atari_private_eye_vta_20260108_185758_to_500000/latest.pt,/home/haselab/projects/stable-deep-world-model/logs/models/retrain_100k_atari_private_eye_atari_private_eye_vta_20260108_185758_to_500000/eval_eps/20260204T232942-8c5bd01602ed440bb414b282be12c764-2699.npz,2590,2610,0.0,8.58730852758964e-18,1.7866356372833252,2.8153882026672363,0.0,3.3606066703796387,nan,nan,nan,nan
atari_private_eye,/home/haselab/projects/stable-deep-world-model/logs/models/retrain_100k_atari_private_eye_atari_private_eye_vta_20260108_185758_to_500000,/home/haselab/projects/stable-deep-world-model/logs/models/retrain_100k_atari_private_eye_atari_private_eye_vta_20260108_185758_to_500000/latest.pt,/home/haselab/projects/stable-deep-world-model/logs/models/retrain_100k_atari_private_eye_atari_private_eye_vta_20260108_185758_to_500000/eval_eps/20260204T232942-8c5bd01602ed440bb414b282be12c764-2699.npz,2595,2615,0.0,8.740949881745852e-18,1.8603448867797852,3.1370363235473633,0.0,3.622565746307373,nan,nan,nan,nan
atari_private_eye,/home/haselab/projects/stable-deep-world-model/logs/models/retrain_100k_atari_private_eye_atari_private_eye_vta_20260108_185758_to_500000,/home/haselab/projects/stable-deep-world-model/logs/models/retrain_100k_atari_private_eye_atari_private_eye_vta_20260108_185758_to_500000/latest.pt,/home/haselab/projects/stable-deep-world-model/logs/models/retrain_100k_atari_private_eye_atari_private_eye_vta_20260108_185758_to_500000/eval_eps/20260204T232942-8c5bd01602ed440bb414b282be12c764-2699.npz,2600,2620,0.0,5.4097740273962956e-18,2.249082326889038,4.060309886932373,0.0,4.553417205810547,nan,nan,nan,nan
atari_private_eye,/home/haselab/projects/stable-deep-world-model/logs/models/retrain_100k_atari_private_eye_atari_private_eye_vta_20260108_185758_to_500000,/home/haselab/projects/stable-deep-world-model/logs/models/retrain_100k_atari_private_eye_atari_private_eye_vta_20260108_185758_to_500000/latest.pt,/home/haselab/projects/stable-deep-world-model/logs/models/retrain_100k_atari_private_eye_atari_private_eye_vta_20260108_185758_to_500000/eval_eps/20260204T232942-8c5bd01602ed440bb414b282be12c764-2699.npz,2605,2625,0.0,6.774419792449022e-18,2.173591136932373,4.044114112854004,0.0,4.4669013023376465,nan,nan,nan,nan
atari_private_eye,/home/haselab/projects/stable-deep-world-model/logs/models/retrain_100k_atari_private_eye_atari_private_eye_vta_20260108_185758_to_500000,/home/haselab/projects/stable-deep-world-model/logs/models/retrain_100k_atari_private_eye_atari_private_eye_vta_20260108_185758_to_500000/latest.pt,/home/haselab/projects/stable-deep-world-model/logs/models/retrain_100k_atari_private_eye_atari_private_eye_vta_20260108_185758_to_500000/eval_eps/20260204T232942-8c5bd01602ed440bb414b282be12c764-2699.npz,2610,2630,0.0,9.350249466591187e-18,2.0779905319213867,3.8515524864196777,0.0,4.282561302185059,nan,nan,nan,nan
atari_private_eye,/home/haselab/projects/stable-deep-world-model/logs/models/retrain_100k_atari_private_eye_atari_private_eye_vta_20260108_185758_to_500000,/home/haselab/projects/stable-deep-world-model/logs/models/retrain_100k_atari_private_eye_atari_private_eye_vta_20260108_185758_to_500000/latest.pt,/home/haselab/projects/stable-deep-world-model/logs/models/retrain_100k_atari_private_eye_atari_private_eye_vta_20260108_185758_to_500000/eval_eps/20260204T232942-8c5bd01602ed440bb414b282be12c764-2699.npz,2615,2635,0.0,9.20038419193128e-18,2.0788400173187256,3.6817634105682373,0.0,4.134943008422852,nan,nan,nan,nan
atari_private_eye,/home/haselab/projects/stable-deep-world-model/logs/models/retrain_100k_atari_private_eye_atari_private_eye_vta_20260108_185758_to_500000,/home/haselab/projects/stable-deep-world-model/logs/models/retrain_100k_atari_private_eye_atari_private_eye_vta_20260108_185758_to_500000/latest.pt,/home/haselab/projects/stable-deep-world-model/logs/models/retrain_100k_atari_private_eye_atari_private_eye_vta_20260108_185758_to_500000/eval_eps/20260204T232942-8c5bd01602ed440bb414b282be12c764-2699.npz,2620,2640,0.0,2.8380315353788163e-17,1.8233797550201416,3.016209363937378,0.0,3.413660764694214,nan,nan,nan,nan
atari_private_eye,/home/haselab/projects/stable-deep-world-model/logs/models/retrain_100k_atari_private_eye_atari_private_eye_vta_20260108_185758_to_500000,/home/haselab/projects/stable-deep-world-model/logs/models/retrain_100k_atari_private_eye_atari_private_eye_vta_20260108_185758_to_500000/latest.pt,/home/haselab/projects/stable-deep-world-model/logs/models/retrain_100k_atari_private_eye_atari_private_eye_vta_20260108_185758_to_500000/eval_eps/20260204T232942-8c5bd01602ed440bb414b282be12c764-2699.npz,2625,2645,0.0,3.0327879018819765e-17,1.9833835363388062,3.7125182151794434,0.0,4.124815940856934,nan,nan,nan,nan
atari_private_eye,/home/haselab/projects/stable-deep-world-model/logs/models/retrain_100k_atari_private_eye_atari_private_eye_vta_20260108_185758_to_500000,/home/haselab/projects/stable-deep-world-model/logs/models/retrain_100k_atari_private_eye_atari_private_eye_vta_20260108_185758_to_500000/latest.pt,/home/haselab/projects/stable-deep-world-model/logs/models/retrain_100k_atari_private_eye_atari_private_eye_vta_20260108_185758_to_500000/eval_eps/20260204T232942-8c5bd01602ed440bb414b282be12c764-2699.npz,2630,2650,0.0,2.764470198068353e-17,1.9237935543060303,3.701186418533325,0.0,4.148224353790283,nan,nan,nan,nan
atari_private_eye,/home/haselab/projects/stable-deep-world-model/logs/models/retrain_100k_atari_private_eye_atari_private_eye_vta_20260108_185758_to_500000,/home/haselab/projects/stable-deep-world-model/logs/models/retrain_100k_atari_private_eye_atari_private_eye_vta_20260108_185758_to_500000/latest.pt,/home/haselab/projects/stable-deep-world-model/logs/models/retrain_100k_atari_private_eye_atari_private_eye_vta_20260108_185758_to_500000/eval_eps/20260204T232942-8c5bd01602ed440bb414b282be12c764-2699.npz,2635,2655,0.0,2.7625172246421154e-17,1.7163854837417603,3.348851442337036,0.0,3.885348081588745,nan,nan,nan,nan
atari_private_eye,/home/haselab/projects/stable-deep-world-model/logs/models/retrain_100k_atari_private_eye_atari_private_eye_vta_20260108_185758_to_500000,/home/haselab/projects/stable-deep-world-model/logs/models/retrain_100k_atari_private_eye_atari_private_eye_vta_20260108_185758_to_500000/latest.pt,/home/haselab/projects/stable-deep-world-model/logs/models/retrain_100k_atari_private_eye_atari_private_eye_vta_20260108_185758_to_500000/eval_eps/20260204T232942-8c5bd01602ed440bb414b282be12c764-2699.npz,2640,2660,0.0,8.435330633645272e-18,1.7843449115753174,3.758450984954834,0.0,4.288924217224121,nan,nan,nan,nan
atari_private_eye,/home/haselab/projects/stable-deep-world-model/logs/models/retrain_100k_atari_private_eye_atari_private_eye_vta_20260108_185758_to_500000,/home/haselab/projects/stable-deep-world-model/logs/models/retrain_100k_atari_private_eye_atari_private_eye_vta_20260108_185758_to_500000/latest.pt,/home/haselab/projects/stable-deep-world-model/logs/models/retrain_100k_atari_private_eye_atari_private_eye_vta_20260108_185758_to_500000/eval_eps/20260204T232942-8c5bd01602ed440bb414b282be12c764-2699.npz,2645,2665,0.0,4.016455204462276e-17,1.6301053762435913,3.0091440677642822,0.0,3.5593128204345703,nan,nan,nan,nan
atari_private_eye,/home/haselab/projects/stable-deep-world-model/logs/models/retrain_100k_atari_private_eye_atari_private_eye_vta_20260108_185758_to_500000,/home/haselab/projects/stable-deep-world-model/logs/models/retrain_100k_atari_private_eye_atari_private_eye_vta_20260108_185758_to_500000/latest.pt,/home/haselab/projects/stable-deep-world-model/logs/models/retrain_100k_atari_private_eye_atari_private_eye_vta_20260108_185758_to_500000/eval_eps/20260204T232942-8c5bd01602ed440bb414b282be12c764-2699.npz,2650,2670,0.0,4.225638593465096e-17,1.7005717754364014,3.165865421295166,0.0,3.682238817214966,nan,nan,nan,nan
atari_private_eye,/home/haselab/projects/stable-deep-world-model/logs/models/retrain_100k_atari_private_eye_atari_private_eye_vta_20260108_185758_to_500000,/home/haselab/projects/stable-deep-world-model/logs/models/retrain_100k_atari_private_eye_atari_private_eye_vta_20260108_185758_to_500000/latest.pt,/home/haselab/projects/stable-deep-world-model/logs/models/retrain_100k_atari_private_eye_atari_private_eye_vta_20260108_185758_to_500000/eval_eps/20260204T232942-8c5bd01602ed440bb414b282be12c764-2699.npz,2655,2675,0.0,6.386057998547008e-17,2.0224528312683105,3.851205825805664,0.0,4.198703289031982,nan,nan,nan,nan
atari_private_eye,/home/haselab/projects/stable-deep-world-model/logs/models/retrain_100k_atari_private_eye_atari_private_eye_vta_20260108_185758_to_500000,/home/haselab/projects/stable-deep-world-model/logs/models/retrain_100k_atari_private_eye_atari_private_eye_vta_20260108_185758_to_500000/latest.pt,/home/haselab/projects/stable-deep-world-model/logs/models/retrain_100k_atari_private_eye_atari_private_eye_vta_20260108_185758_to_500000/eval_eps/20260204T232942-8c5bd01602ed440bb414b282be12c764-2699.npz,2660,2680,0.0,1.504963936149506e-16,2.0927302837371826,3.8136048316955566,0.0,4.220709323883057,nan,nan,nan,nan
atari_private_eye,/home/haselab/projects/stable-deep-world-model/logs/models/retrain_100k_atari_private_eye_atari_private_eye_vta_20260108_185758_to_500000,/home/haselab/projects/stable-deep-world-model/logs/models/retrain_100k_atari_private_eye_atari_private_eye_vta_20260108_185758_to_500000/latest.pt,/home/haselab/projects/stable-deep-world-model/logs/models/retrain_100k_atari_private_eye_atari_private_eye_vta_20260108_185758_to_500000/eval_eps/20260204T232942-8c5bd01602ed440bb414b282be12c764-2699.npz,2665,2685,0.0,1.2593624979283854e-16,2.1537322998046875,3.858416795730591,0.0,4.268810749053955,nan,nan,nan,nan
atari_private_eye,/home/haselab/projects/stable-deep-world-model/logs/models/retrain_100k_atari_private_eye_atari_private_eye_vta_20260108_185758_to_500000,/home/haselab/projects/stable-deep-world-model/logs/models/retrain_100k_atari_private_eye_atari_private_eye_vta_20260108_185758_to_500000/latest.pt,/home/haselab/projects/stable-deep-world-model/logs/models/retrain_100k_atari_private_eye_atari_private_eye_vta_20260108_185758_to_500000/eval_eps/20260204T232942-8c5bd01602ed440bb414b282be12c764-2699.npz,2670,2690,0.0,1.7740751443985842e-15,2.1322264671325684,3.7238056659698486,0.0,4.1562347412109375,nan,nan,nan,nan
atari_private_eye,/home/haselab/projects/stable-deep-world-model/logs/models/retrain_100k_atari_private_eye_atari_private_eye_vta_20260108_185758_to_500000,/home/haselab/projects/stable-deep-world-model/logs/models/retrain_100k_atari_private_eye_atari_private_eye_vta_20260108_185758_to_500000/latest.pt,/home/haselab/projects/stable-deep-world-model/logs/models/retrain_100k_atari_private_eye_atari_private_eye_vta_20260108_185758_to_500000/eval_eps/20260204T232942-8c5bd01602ed440bb414b282be12c764-2699.npz,2675,2695,0.0,1.7544646376037526e-15,2.131167411804199,3.7516930103302,0.0,4.236457347869873,nan,nan,nan,nan
