logdir,task,ckpt,episode,t,abs_kl_post_prior,abs_kl_prior_post,ctx_kl
/home/haselab/murakawa/stable-deep-world-model/logdir/atari_frostbite_vta_20260107_202443,atari_frostbite,/home/haselab/murakawa/stable-deep-world-model/logdir/atari_frostbite_vta_20260107_202443/latest.pt,/home/haselab/murakawa/stable-deep-world-model/logdir/atari_frostbite_vta_20260107_202443/train_eps/20260108T163622-6a2855e80f96423f8e6321ab3a435bdc-1194.npz,0,64.50263214111328,1259.3184814453125,0.002486204029992223
/home/haselab/murakawa/stable-deep-world-model/logdir/atari_frostbite_vta_20260107_202443,atari_frostbite,/home/haselab/murakawa/stable-deep-world-model/logdir/atari_frostbite_vta_20260107_202443/latest.pt,/home/haselab/murakawa/stable-deep-world-model/logdir/atari_frostbite_vta_20260107_202443/train_eps/20260108T163622-6a2855e80f96423f8e6321ab3a435bdc-1194.npz,1,64.50263214111328,1259.3184814453125,2.6822450308827683e-05
/home/haselab/murakawa/stable-deep-world-model/logdir/atari_frostbite_vta_20260107_202443,atari_frostbite,/home/haselab/murakawa/stable-deep-world-model/logdir/atari_frostbite_vta_20260107_202443/latest.pt,/home/haselab/murakawa/stable-deep-world-model/logdir/atari_frostbite_vta_20260107_202443/train_eps/20260108T163622-6a2855e80f96423f8e6321ab3a435bdc-1194.npz,2,64.53988647460938,1263.6082763671875,-6.384629292193006e-17
/home/haselab/murakawa/stable-deep-world-model/logdir/atari_frostbite_vta_20260107_202443,atari_frostbite,/home/haselab/murakawa/stable-deep-world-model/logdir/atari_frostbite_vta_20260107_202443/latest.pt,/home/haselab/murakawa/stable-deep-world-model/logdir/atari_frostbite_vta_20260107_202443/train_eps/20260108T163622-6a2855e80f96423f8e6321ab3a435bdc-1194.npz,3,64.53988647460938,1263.6082763671875,-4.479374261132267e-17
/home/haselab/murakawa/stable-deep-world-model/logdir/atari_frostbite_vta_20260107_202443,atari_frostbite,/home/haselab/murakawa/stable-deep-world-model/logdir/atari_frostbite_vta_20260107_202443/latest.pt,/home/haselab/murakawa/stable-deep-world-model/logdir/atari_frostbite_vta_20260107_202443/train_eps/20260108T163622-6a2855e80f96423f8e6321ab3a435bdc-1194.npz,4,65.70003509521484,1363.5218505859375,-2.6565256096720206e-17
/home/haselab/murakawa/stable-deep-world-model/logdir/atari_frostbite_vta_20260107_202443,atari_frostbite,/home/haselab/murakawa/stable-deep-world-model/logdir/atari_frostbite_vta_20260107_202443/latest.pt,/home/haselab/murakawa/stable-deep-world-model/logdir/atari_frostbite_vta_20260107_202443/train_eps/20260108T163622-6a2855e80f96423f8e6321ab3a435bdc-1194.npz,5,65.70003509521484,1363.5218505859375,-1.2228778772143865e-16
/home/haselab/murakawa/stable-deep-world-model/logdir/atari_frostbite_vta_20260107_202443,atari_frostbite,/home/haselab/murakawa/stable-deep-world-model/logdir/atari_frostbite_vta_20260107_202443/latest.pt,/home/haselab/murakawa/stable-deep-world-model/logdir/atari_frostbite_vta_20260107_202443/train_eps/20260108T163622-6a2855e80f96423f8e6321ab3a435bdc-1194.npz,6,65.56303405761719,1348.2489013671875,-1.1263962717200302e-15
/home/haselab/murakawa/stable-deep-world-model/logdir/atari_frostbite_vta_20260107_202443,atari_frostbite,/home/haselab/murakawa/stable-deep-world-model/logdir/atari_frostbite_vta_20260107_202443/latest.pt,/home/haselab/murakawa/stable-deep-world-model/logdir/atari_frostbite_vta_20260107_202443/train_eps/20260108T163622-6a2855e80f96423f8e6321ab3a435bdc-1194.npz,7,65.56303405761719,1348.2489013671875,-4.455636295134363e-16
/home/haselab/murakawa/stable-deep-world-model/logdir/atari_frostbite_vta_20260107_202443,atari_frostbite,/home/haselab/murakawa/stable-deep-world-model/logdir/atari_frostbite_vta_20260107_202443/latest.pt,/home/haselab/murakawa/stable-deep-world-model/logdir/atari_frostbite_vta_20260107_202443/train_eps/20260108T163622-6a2855e80f96423f8e6321ab3a435bdc-1194.npz,8,66.40560913085938,1425.267822265625,-1.2979024440888968e-15
/home/haselab/murakawa/stable-deep-world-model/logdir/atari_frostbite_vta_20260107_202443,atari_frostbite,/home/haselab/murakawa/stable-deep-world-model/logdir/atari_frostbite_vta_20260107_202443/latest.pt,/home/haselab/murakawa/stable-deep-world-model/logdir/atari_frostbite_vta_20260107_202443/train_eps/20260108T163622-6a2855e80f96423f8e6321ab3a435bdc-1194.npz,9,66.40560913085938,1425.267822265625,-1.737404202905969e-16
/home/haselab/murakawa/stable-deep-world-model/logdir/atari_frostbite_vta_20260107_202443,atari_frostbite,/home/haselab/murakawa/stable-deep-world-model/logdir/atari_frostbite_vta_20260107_202443/latest.pt,/home/haselab/murakawa/stable-deep-world-model/logdir/atari_frostbite_vta_20260107_202443/train_eps/20260108T163622-6a2855e80f96423f8e6321ab3a435bdc-1194.npz,10,66.59124755859375,1445.82421875,-2.0343984387594582e-16
/home/haselab/murakawa/stable-deep-world-model/logdir/atari_frostbite_vta_20260107_202443,atari_frostbite,/home/haselab/murakawa/stable-deep-world-model/logdir/atari_frostbite_vta_20260107_202443/latest.pt,/home/haselab/murakawa/stable-deep-world-model/logdir/atari_frostbite_vta_20260107_202443/train_eps/20260108T163622-6a2855e80f96423f8e6321ab3a435bdc-1194.npz,11,66.59124755859375,1445.82421875,-1.20696466923432e-15
/home/haselab/murakawa/stable-deep-world-model/logdir/atari_frostbite_vta_20260107_202443,atari_frostbite,/home/haselab/murakawa/stable-deep-world-model/logdir/atari_frostbite_vta_20260107_202443/latest.pt,/home/haselab/murakawa/stable-deep-world-model/logdir/atari_frostbite_vta_20260107_202443/train_eps/20260108T163622-6a2855e80f96423f8e6321ab3a435bdc-1194.npz,12,65.4758529663086,1341.2884521484375,-1.804330737758034e-15
/home/haselab/murakawa/stable-deep-world-model/logdir/atari_frostbite_vta_20260107_202443,atari_frostbite,/home/haselab/murakawa/stable-deep-world-model/logdir/atari_frostbite_vta_20260107_202443/latest.pt,/home/haselab/murakawa/stable-deep-world-model/logdir/atari_frostbite_vta_20260107_202443/train_eps/20260108T163622-6a2855e80f96423f8e6321ab3a435bdc-1194.npz,13,65.4758529663086,1341.2884521484375,-5.582226113882841e-16
/home/haselab/murakawa/stable-deep-world-model/logdir/atari_frostbite_vta_20260107_202443,atari_frostbite,/home/haselab/murakawa/stable-deep-world-model/logdir/atari_frostbite_vta_20260107_202443/latest.pt,/home/haselab/murakawa/stable-deep-world-model/logdir/atari_frostbite_vta_20260107_202443/train_eps/20260108T163622-6a2855e80f96423f8e6321ab3a435bdc-1194.npz,14,64.55960083007812,1263.3944091796875,-1.6339160996906027e-16
/home/haselab/murakawa/stable-deep-world-model/logdir/atari_frostbite_vta_20260107_202443,atari_frostbite,/home/haselab/murakawa/stable-deep-world-model/logdir/atari_frostbite_vta_20260107_202443/latest.pt,/home/haselab/murakawa/stable-deep-world-model/logdir/atari_frostbite_vta_20260107_202443/train_eps/20260108T163622-6a2855e80f96423f8e6321ab3a435bdc-1194.npz,15,54.01321792602539,649.013671875,-3.4135427774348304e-17
/home/haselab/murakawa/stable-deep-world-model/logdir/atari_frostbite_vta_20260107_202443,atari_frostbite,/home/haselab/murakawa/stable-deep-world-model/logdir/atari_frostbite_vta_20260107_202443/latest.pt,/home/haselab/murakawa/stable-deep-world-model/logdir/atari_frostbite_vta_20260107_202443/train_eps/20260108T163622-6a2855e80f96423f8e6321ab3a435bdc-1194.npz,16,191.00437927246094,28.47137451171875,-7.542529856632871e-25
/home/haselab/murakawa/stable-deep-world-model/logdir/atari_frostbite_vta_20260107_202443,atari_frostbite,/home/haselab/murakawa/stable-deep-world-model/logdir/atari_frostbite_vta_20260107_202443/latest.pt,/home/haselab/murakawa/stable-deep-world-model/logdir/atari_frostbite_vta_20260107_202443/train_eps/20260108T163622-6a2855e80f96423f8e6321ab3a435bdc-1194.npz,17,548.7415161132812,42.14229202270508,-1.0746890461415191e-20
/home/haselab/murakawa/stable-deep-world-model/logdir/atari_frostbite_vta_20260107_202443,atari_frostbite,/home/haselab/murakawa/stable-deep-world-model/logdir/atari_frostbite_vta_20260107_202443/latest.pt,/home/haselab/murakawa/stable-deep-world-model/logdir/atari_frostbite_vta_20260107_202443/train_eps/20260108T163622-6a2855e80f96423f8e6321ab3a435bdc-1194.npz,18,539.0830688476562,41.87397003173828,0.0
/home/haselab/murakawa/stable-deep-world-model/logdir/atari_frostbite_vta_20260107_202443,atari_frostbite,/home/haselab/murakawa/stable-deep-world-model/logdir/atari_frostbite_vta_20260107_202443/latest.pt,/home/haselab/murakawa/stable-deep-world-model/logdir/atari_frostbite_vta_20260107_202443/train_eps/20260108T163622-6a2855e80f96423f8e6321ab3a435bdc-1194.npz,19,152.42117309570312,26.061349868774414,3.3917426908849367e-19
/home/haselab/murakawa/stable-deep-world-model/logdir/atari_frostbite_vta_20260107_202443,atari_frostbite,/home/haselab/murakawa/stable-deep-world-model/logdir/atari_frostbite_vta_20260107_202443/latest.pt,/home/haselab/murakawa/stable-deep-world-model/logdir/atari_frostbite_vta_20260107_202443/train_eps/20260108T163622-6a2855e80f96423f8e6321ab3a435bdc-1194.npz,20,70.23596954345703,937.0438842773438,0.0
/home/haselab/murakawa/stable-deep-world-model/logdir/atari_frostbite_vta_20260107_202443,atari_frostbite,/home/haselab/murakawa/stable-deep-world-model/logdir/atari_frostbite_vta_20260107_202443/latest.pt,/home/haselab/murakawa/stable-deep-world-model/logdir/atari_frostbite_vta_20260107_202443/train_eps/20260108T163622-6a2855e80f96423f8e6321ab3a435bdc-1194.npz,21,87.20338439941406,2641.290283203125,2.5566773658496837e-16
/home/haselab/murakawa/stable-deep-world-model/logdir/atari_frostbite_vta_20260107_202443,atari_frostbite,/home/haselab/murakawa/stable-deep-world-model/logdir/atari_frostbite_vta_20260107_202443/latest.pt,/home/haselab/murakawa/stable-deep-world-model/logdir/atari_frostbite_vta_20260107_202443/train_eps/20260108T163622-6a2855e80f96423f8e6321ab3a435bdc-1194.npz,22,83.39737701416016,2720.3310546875,-1.0096563325647988e-20
/home/haselab/murakawa/stable-deep-world-model/logdir/atari_frostbite_vta_20260107_202443,atari_frostbite,/home/haselab/murakawa/stable-deep-world-model/logdir/atari_frostbite_vta_20260107_202443/latest.pt,/home/haselab/murakawa/stable-deep-world-model/logdir/atari_frostbite_vta_20260107_202443/train_eps/20260108T163622-6a2855e80f96423f8e6321ab3a435bdc-1194.npz,23,77.13106536865234,2425.31396484375,-9.420143701546757e-13
/home/haselab/murakawa/stable-deep-world-model/logdir/atari_frostbite_vta_20260107_202443,atari_frostbite,/home/haselab/murakawa/stable-deep-world-model/logdir/atari_frostbite_vta_20260107_202443/latest.pt,/home/haselab/murakawa/stable-deep-world-model/logdir/atari_frostbite_vta_20260107_202443/train_eps/20260108T163622-6a2855e80f96423f8e6321ab3a435bdc-1194.npz,24,76.72884368896484,2422.95849609375,-6.0082054416832516e-15
/home/haselab/murakawa/stable-deep-world-model/logdir/atari_frostbite_vta_20260107_202443,atari_frostbite,/home/haselab/murakawa/stable-deep-world-model/logdir/atari_frostbite_vta_20260107_202443/latest.pt,/home/haselab/murakawa/stable-deep-world-model/logdir/atari_frostbite_vta_20260107_202443/train_eps/20260108T163622-6a2855e80f96423f8e6321ab3a435bdc-1194.npz,25,76.72884368896484,2422.95849609375,-1.9397742706393122e-17
/home/haselab/murakawa/stable-deep-world-model/logdir/atari_frostbite_vta_20260107_202443,atari_frostbite,/home/haselab/murakawa/stable-deep-world-model/logdir/atari_frostbite_vta_20260107_202443/latest.pt,/home/haselab/murakawa/stable-deep-world-model/logdir/atari_frostbite_vta_20260107_202443/train_eps/20260108T163622-6a2855e80f96423f8e6321ab3a435bdc-1194.npz,26,74.3377685546875,2326.4287109375,-2.1933668294430667e-15
/home/haselab/murakawa/stable-deep-world-model/logdir/atari_frostbite_vta_20260107_202443,atari_frostbite,/home/haselab/murakawa/stable-deep-world-model/logdir/atari_frostbite_vta_20260107_202443/latest.pt,/home/haselab/murakawa/stable-deep-world-model/logdir/atari_frostbite_vta_20260107_202443/train_eps/20260108T163622-6a2855e80f96423f8e6321ab3a435bdc-1194.npz,27,73.05352783203125,2260.63427734375,-1.8541605809317063e-17
/home/haselab/murakawa/stable-deep-world-model/logdir/atari_frostbite_vta_20260107_202443,atari_frostbite,/home/haselab/murakawa/stable-deep-world-model/logdir/atari_frostbite_vta_20260107_202443/latest.pt,/home/haselab/murakawa/stable-deep-world-model/logdir/atari_frostbite_vta_20260107_202443/train_eps/20260108T163622-6a2855e80f96423f8e6321ab3a435bdc-1194.npz,28,71.69515991210938,2183.8544921875,-3.8904944261834717e-13
/home/haselab/murakawa/stable-deep-world-model/logdir/atari_frostbite_vta_20260107_202443,atari_frostbite,/home/haselab/murakawa/stable-deep-world-model/logdir/atari_frostbite_vta_20260107_202443/latest.pt,/home/haselab/murakawa/stable-deep-world-model/logdir/atari_frostbite_vta_20260107_202443/train_eps/20260108T163622-6a2855e80f96423f8e6321ab3a435bdc-1194.npz,29,70.94792938232422,2142.720703125,-4.687314447172908e-13
/home/haselab/murakawa/stable-deep-world-model/logdir/atari_frostbite_vta_20260107_202443,atari_frostbite,/home/haselab/murakawa/stable-deep-world-model/logdir/atari_frostbite_vta_20260107_202443/latest.pt,/home/haselab/murakawa/stable-deep-world-model/logdir/atari_frostbite_vta_20260107_202443/train_eps/20260108T163622-6a2855e80f96423f8e6321ab3a435bdc-1194.npz,30,68.76245880126953,2034.7572021484375,-4.3426440221594476e-09
/home/haselab/murakawa/stable-deep-world-model/logdir/atari_frostbite_vta_20260107_202443,atari_frostbite,/home/haselab/murakawa/stable-deep-world-model/logdir/atari_frostbite_vta_20260107_202443/latest.pt,/home/haselab/murakawa/stable-deep-world-model/logdir/atari_frostbite_vta_20260107_202443/train_eps/20260108T163622-6a2855e80f96423f8e6321ab3a435bdc-1194.npz,31,70.18903350830078,2093.824462890625,-2.6412158918298623e-11
/home/haselab/murakawa/stable-deep-world-model/logdir/atari_frostbite_vta_20260107_202443,atari_frostbite,/home/haselab/murakawa/stable-deep-world-model/logdir/atari_frostbite_vta_20260107_202443/latest.pt,/home/haselab/murakawa/stable-deep-world-model/logdir/atari_frostbite_vta_20260107_202443/train_eps/20260108T163622-6a2855e80f96423f8e6321ab3a435bdc-1194.npz,32,69.57913970947266,2046.026611328125,-1.6771270136550775e-11
/home/haselab/murakawa/stable-deep-world-model/logdir/atari_frostbite_vta_20260107_202443,atari_frostbite,/home/haselab/murakawa/stable-deep-world-model/logdir/atari_frostbite_vta_20260107_202443/latest.pt,/home/haselab/murakawa/stable-deep-world-model/logdir/atari_frostbite_vta_20260107_202443/train_eps/20260108T163622-6a2855e80f96423f8e6321ab3a435bdc-1194.npz,33,69.57913970947266,2046.026611328125,-3.0285418617381765e-10
/home/haselab/murakawa/stable-deep-world-model/logdir/atari_frostbite_vta_20260107_202443,atari_frostbite,/home/haselab/murakawa/stable-deep-world-model/logdir/atari_frostbite_vta_20260107_202443/latest.pt,/home/haselab/murakawa/stable-deep-world-model/logdir/atari_frostbite_vta_20260107_202443/train_eps/20260108T163622-6a2855e80f96423f8e6321ab3a435bdc-1194.npz,34,69.60990142822266,2039.89697265625,2.0214004052832024e-06
/home/haselab/murakawa/stable-deep-world-model/logdir/atari_frostbite_vta_20260107_202443,atari_frostbite,/home/haselab/murakawa/stable-deep-world-model/logdir/atari_frostbite_vta_20260107_202443/latest.pt,/home/haselab/murakawa/stable-deep-world-model/logdir/atari_frostbite_vta_20260107_202443/train_eps/20260108T163622-6a2855e80f96423f8e6321ab3a435bdc-1194.npz,35,68.62373352050781,1996.066162109375,1.0711784170780447e-06
/home/haselab/murakawa/stable-deep-world-model/logdir/atari_frostbite_vta_20260107_202443,atari_frostbite,/home/haselab/murakawa/stable-deep-world-model/logdir/atari_frostbite_vta_20260107_202443/latest.pt,/home/haselab/murakawa/stable-deep-world-model/logdir/atari_frostbite_vta_20260107_202443/train_eps/20260108T163622-6a2855e80f96423f8e6321ab3a435bdc-1194.npz,36,70.21104431152344,2091.099365234375,1.0664753062883392e-06
/home/haselab/murakawa/stable-deep-world-model/logdir/atari_frostbite_vta_20260107_202443,atari_frostbite,/home/haselab/murakawa/stable-deep-world-model/logdir/atari_frostbite_vta_20260107_202443/latest.pt,/home/haselab/murakawa/stable-deep-world-model/logdir/atari_frostbite_vta_20260107_202443/train_eps/20260108T163622-6a2855e80f96423f8e6321ab3a435bdc-1194.npz,37,70.16195678710938,2081.515625,1.1847544811871558e-07
/home/haselab/murakawa/stable-deep-world-model/logdir/atari_frostbite_vta_20260107_202443,atari_frostbite,/home/haselab/murakawa/stable-deep-world-model/logdir/atari_frostbite_vta_20260107_202443/latest.pt,/home/haselab/murakawa/stable-deep-world-model/logdir/atari_frostbite_vta_20260107_202443/train_eps/20260108T163622-6a2855e80f96423f8e6321ab3a435bdc-1194.npz,38,71.509765625,2173.565185546875,-3.443051177498546e-09
/home/haselab/murakawa/stable-deep-world-model/logdir/atari_frostbite_vta_20260107_202443,atari_frostbite,/home/haselab/murakawa/stable-deep-world-model/logdir/atari_frostbite_vta_20260107_202443/latest.pt,/home/haselab/murakawa/stable-deep-world-model/logdir/atari_frostbite_vta_20260107_202443/train_eps/20260108T163622-6a2855e80f96423f8e6321ab3a435bdc-1194.npz,39,71.43434143066406,2182.72216796875,1.310660536546493e-06
/home/haselab/murakawa/stable-deep-world-model/logdir/atari_frostbite_vta_20260107_202443,atari_frostbite,/home/haselab/murakawa/stable-deep-world-model/logdir/atari_frostbite_vta_20260107_202443/latest.pt,/home/haselab/murakawa/stable-deep-world-model/logdir/atari_frostbite_vta_20260107_202443/train_eps/20260108T163622-6a2855e80f96423f8e6321ab3a435bdc-1194.npz,40,69.89082336425781,2103.142578125,2.2649014681519475e-06
/home/haselab/murakawa/stable-deep-world-model/logdir/atari_frostbite_vta_20260107_202443,atari_frostbite,/home/haselab/murakawa/stable-deep-world-model/logdir/atari_frostbite_vta_20260107_202443/latest.pt,/home/haselab/murakawa/stable-deep-world-model/logdir/atari_frostbite_vta_20260107_202443/train_eps/20260108T163622-6a2855e80f96423f8e6321ab3a435bdc-1194.npz,41,69.9677963256836,2107.5458984375,1.07281880445953e-06
/home/haselab/murakawa/stable-deep-world-model/logdir/atari_frostbite_vta_20260107_202443,atari_frostbite,/home/haselab/murakawa/stable-deep-world-model/logdir/atari_frostbite_vta_20260107_202443/latest.pt,/home/haselab/murakawa/stable-deep-world-model/logdir/atari_frostbite_vta_20260107_202443/train_eps/20260108T163622-6a2855e80f96423f8e6321ab3a435bdc-1194.npz,42,69.5592041015625,2092.776611328125,1.1920543130372607e-07
/home/haselab/murakawa/stable-deep-world-model/logdir/atari_frostbite_vta_20260107_202443,atari_frostbite,/home/haselab/murakawa/stable-deep-world-model/logdir/atari_frostbite_vta_20260107_202443/latest.pt,/home/haselab/murakawa/stable-deep-world-model/logdir/atari_frostbite_vta_20260107_202443/train_eps/20260108T163622-6a2855e80f96423f8e6321ab3a435bdc-1194.npz,43,70.6697998046875,2149.3232421875,1.1917042286313517e-07
/home/haselab/murakawa/stable-deep-world-model/logdir/atari_frostbite_vta_20260107_202443,atari_frostbite,/home/haselab/murakawa/stable-deep-world-model/logdir/atari_frostbite_vta_20260107_202443/latest.pt,/home/haselab/murakawa/stable-deep-world-model/logdir/atari_frostbite_vta_20260107_202443/train_eps/20260108T163622-6a2855e80f96423f8e6321ab3a435bdc-1194.npz,44,73.29513549804688,2292.13427734375,-3.121179356635473e-11
/home/haselab/murakawa/stable-deep-world-model/logdir/atari_frostbite_vta_20260107_202443,atari_frostbite,/home/haselab/murakawa/stable-deep-world-model/logdir/atari_frostbite_vta_20260107_202443/latest.pt,/home/haselab/murakawa/stable-deep-world-model/logdir/atari_frostbite_vta_20260107_202443/train_eps/20260108T163622-6a2855e80f96423f8e6321ab3a435bdc-1194.npz,45,74.10496520996094,2358.111572265625,2.3771377755110734e-07
/home/haselab/murakawa/stable-deep-world-model/logdir/atari_frostbite_vta_20260107_202443,atari_frostbite,/home/haselab/murakawa/stable-deep-world-model/logdir/atari_frostbite_vta_20260107_202443/latest.pt,/home/haselab/murakawa/stable-deep-world-model/logdir/atari_frostbite_vta_20260107_202443/train_eps/20260108T163622-6a2855e80f96423f8e6321ab3a435bdc-1194.npz,46,67.06776428222656,1959.1107177734375,3.576231506485783e-07
/home/haselab/murakawa/stable-deep-world-model/logdir/atari_frostbite_vta_20260107_202443,atari_frostbite,/home/haselab/murakawa/stable-deep-world-model/logdir/atari_frostbite_vta_20260107_202443/latest.pt,/home/haselab/murakawa/stable-deep-world-model/logdir/atari_frostbite_vta_20260107_202443/train_eps/20260108T163622-6a2855e80f96423f8e6321ab3a435bdc-1194.npz,47,65.7896957397461,1891.49462890625,5.960397402304807e-07
/home/haselab/murakawa/stable-deep-world-model/logdir/atari_frostbite_vta_20260107_202443,atari_frostbite,/home/haselab/murakawa/stable-deep-world-model/logdir/atari_frostbite_vta_20260107_202443/latest.pt,/home/haselab/murakawa/stable-deep-world-model/logdir/atari_frostbite_vta_20260107_202443/train_eps/20260108T163622-6a2855e80f96423f8e6321ab3a435bdc-1194.npz,48,66.45096588134766,1936.20263671875,1.1920448628188751e-07
/home/haselab/murakawa/stable-deep-world-model/logdir/atari_frostbite_vta_20260107_202443,atari_frostbite,/home/haselab/murakawa/stable-deep-world-model/logdir/atari_frostbite_vta_20260107_202443/latest.pt,/home/haselab/murakawa/stable-deep-world-model/logdir/atari_frostbite_vta_20260107_202443/train_eps/20260108T163622-6a2855e80f96423f8e6321ab3a435bdc-1194.npz,49,72.8158187866211,2340.454345703125,-5.943947166494156e-17
/home/haselab/murakawa/stable-deep-world-model/logdir/atari_frostbite_vta_20260107_202443,atari_frostbite,/home/haselab/murakawa/stable-deep-world-model/logdir/atari_frostbite_vta_20260107_202443/latest.pt,/home/haselab/murakawa/stable-deep-world-model/logdir/atari_frostbite_vta_20260107_202443/train_eps/20260108T163622-6a2855e80f96423f8e6321ab3a435bdc-1194.npz,50,69.95558166503906,2442.618896484375,0.0
/home/haselab/murakawa/stable-deep-world-model/logdir/atari_frostbite_vta_20260107_202443,atari_frostbite,/home/haselab/murakawa/stable-deep-world-model/logdir/atari_frostbite_vta_20260107_202443/latest.pt,/home/haselab/murakawa/stable-deep-world-model/logdir/atari_frostbite_vta_20260107_202443/train_eps/20260108T163622-6a2855e80f96423f8e6321ab3a435bdc-1194.npz,51,69.68975067138672,2422.61669921875,1.1920928955078125e-07
/home/haselab/murakawa/stable-deep-world-model/logdir/atari_frostbite_vta_20260107_202443,atari_frostbite,/home/haselab/murakawa/stable-deep-world-model/logdir/atari_frostbite_vta_20260107_202443/latest.pt,/home/haselab/murakawa/stable-deep-world-model/logdir/atari_frostbite_vta_20260107_202443/train_eps/20260108T163622-6a2855e80f96423f8e6321ab3a435bdc-1194.npz,52,69.35462951660156,2372.80224609375,-4.1774068499999865e-19
/home/haselab/murakawa/stable-deep-world-model/logdir/atari_frostbite_vta_20260107_202443,atari_frostbite,/home/haselab/murakawa/stable-deep-world-model/logdir/atari_frostbite_vta_20260107_202443/latest.pt,/home/haselab/murakawa/stable-deep-world-model/logdir/atari_frostbite_vta_20260107_202443/train_eps/20260108T163622-6a2855e80f96423f8e6321ab3a435bdc-1194.npz,53,69.07025909423828,2357.6513671875,-2.1088047216785988e-20
/home/haselab/murakawa/stable-deep-world-model/logdir/atari_frostbite_vta_20260107_202443,atari_frostbite,/home/haselab/murakawa/stable-deep-world-model/logdir/atari_frostbite_vta_20260107_202443/latest.pt,/home/haselab/murakawa/stable-deep-world-model/logdir/atari_frostbite_vta_20260107_202443/train_eps/20260108T163622-6a2855e80f96423f8e6321ab3a435bdc-1194.npz,54,70.9153823852539,2446.015625,-3.2295575432780295e-18
/home/haselab/murakawa/stable-deep-world-model/logdir/atari_frostbite_vta_20260107_202443,atari_frostbite,/home/haselab/murakawa/stable-deep-world-model/logdir/atari_frostbite_vta_20260107_202443/latest.pt,/home/haselab/murakawa/stable-deep-world-model/logdir/atari_frostbite_vta_20260107_202443/train_eps/20260108T163622-6a2855e80f96423f8e6321ab3a435bdc-1194.npz,55,71.48493194580078,2455.892333984375,-6.181746899807521e-21
/home/haselab/murakawa/stable-deep-world-model/logdir/atari_frostbite_vta_20260107_202443,atari_frostbite,/home/haselab/murakawa/stable-deep-world-model/logdir/atari_frostbite_vta_20260107_202443/latest.pt,/home/haselab/murakawa/stable-deep-world-model/logdir/atari_frostbite_vta_20260107_202443/train_eps/20260108T163622-6a2855e80f96423f8e6321ab3a435bdc-1194.npz,56,71.89165496826172,2490.525146484375,-2.153045022712577e-19
/home/haselab/murakawa/stable-deep-world-model/logdir/atari_frostbite_vta_20260107_202443,atari_frostbite,/home/haselab/murakawa/stable-deep-world-model/logdir/atari_frostbite_vta_20260107_202443/latest.pt,/home/haselab/murakawa/stable-deep-world-model/logdir/atari_frostbite_vta_20260107_202443/train_eps/20260108T163622-6a2855e80f96423f8e6321ab3a435bdc-1194.npz,57,70.9995346069336,2433.340087890625,-2.117646789672715e-21
/home/haselab/murakawa/stable-deep-world-model/logdir/atari_frostbite_vta_20260107_202443,atari_frostbite,/home/haselab/murakawa/stable-deep-world-model/logdir/atari_frostbite_vta_20260107_202443/latest.pt,/home/haselab/murakawa/stable-deep-world-model/logdir/atari_frostbite_vta_20260107_202443/train_eps/20260108T163622-6a2855e80f96423f8e6321ab3a435bdc-1194.npz,58,71.14884185791016,2432.11181640625,0.0
/home/haselab/murakawa/stable-deep-world-model/logdir/atari_frostbite_vta_20260107_202443,atari_frostbite,/home/haselab/murakawa/stable-deep-world-model/logdir/atari_frostbite_vta_20260107_202443/latest.pt,/home/haselab/murakawa/stable-deep-world-model/logdir/atari_frostbite_vta_20260107_202443/train_eps/20260108T163622-6a2855e80f96423f8e6321ab3a435bdc-1194.npz,59,72.95528411865234,2515.9580078125,1.6845437531884082e-19
/home/haselab/murakawa/stable-deep-world-model/logdir/atari_frostbite_vta_20260107_202443,atari_frostbite,/home/haselab/murakawa/stable-deep-world-model/logdir/atari_frostbite_vta_20260107_202443/latest.pt,/home/haselab/murakawa/stable-deep-world-model/logdir/atari_frostbite_vta_20260107_202443/train_eps/20260108T163622-6a2855e80f96423f8e6321ab3a435bdc-1194.npz,60,74.60757446289062,2614.151123046875,0.0
/home/haselab/murakawa/stable-deep-world-model/logdir/atari_frostbite_vta_20260107_202443,atari_frostbite,/home/haselab/murakawa/stable-deep-world-model/logdir/atari_frostbite_vta_20260107_202443/latest.pt,/home/haselab/murakawa/stable-deep-world-model/logdir/atari_frostbite_vta_20260107_202443/train_eps/20260108T163622-6a2855e80f96423f8e6321ab3a435bdc-1194.npz,61,72.71589660644531,2536.87109375,5.344090344649481e-17
/home/haselab/murakawa/stable-deep-world-model/logdir/atari_frostbite_vta_20260107_202443,atari_frostbite,/home/haselab/murakawa/stable-deep-world-model/logdir/atari_frostbite_vta_20260107_202443/latest.pt,/home/haselab/murakawa/stable-deep-world-model/logdir/atari_frostbite_vta_20260107_202443/train_eps/20260108T163622-6a2855e80f96423f8e6321ab3a435bdc-1194.npz,62,72.01164245605469,2501.675537109375,-6.05944209408575e-18
/home/haselab/murakawa/stable-deep-world-model/logdir/atari_frostbite_vta_20260107_202443,atari_frostbite,/home/haselab/murakawa/stable-deep-world-model/logdir/atari_frostbite_vta_20260107_202443/latest.pt,/home/haselab/murakawa/stable-deep-world-model/logdir/atari_frostbite_vta_20260107_202443/train_eps/20260108T163622-6a2855e80f96423f8e6321ab3a435bdc-1194.npz,63,70.90946960449219,2419.29150390625,-6.750064451929133e-17
/home/haselab/murakawa/stable-deep-world-model/logdir/atari_frostbite_vta_20260107_202443,atari_frostbite,/home/haselab/murakawa/stable-deep-world-model/logdir/atari_frostbite_vta_20260107_202443/latest.pt,/home/haselab/murakawa/stable-deep-world-model/logdir/atari_frostbite_vta_20260107_202443/train_eps/20260108T163622-6a2855e80f96423f8e6321ab3a435bdc-1194.npz,64,70.45584869384766,2355.17333984375,2.030641549853365e-17
/home/haselab/murakawa/stable-deep-world-model/logdir/atari_frostbite_vta_20260107_202443,atari_frostbite,/home/haselab/murakawa/stable-deep-world-model/logdir/atari_frostbite_vta_20260107_202443/latest.pt,/home/haselab/murakawa/stable-deep-world-model/logdir/atari_frostbite_vta_20260107_202443/train_eps/20260108T163622-6a2855e80f96423f8e6321ab3a435bdc-1194.npz,65,70.53500366210938,2355.1953125,-1.3629447012102356e-16
/home/haselab/murakawa/stable-deep-world-model/logdir/atari_frostbite_vta_20260107_202443,atari_frostbite,/home/haselab/murakawa/stable-deep-world-model/logdir/atari_frostbite_vta_20260107_202443/latest.pt,/home/haselab/murakawa/stable-deep-world-model/logdir/atari_frostbite_vta_20260107_202443/train_eps/20260108T163622-6a2855e80f96423f8e6321ab3a435bdc-1194.npz,66,70.33920288085938,2303.4072265625,1.6580420914816436e-14
/home/haselab/murakawa/stable-deep-world-model/logdir/atari_frostbite_vta_20260107_202443,atari_frostbite,/home/haselab/murakawa/stable-deep-world-model/logdir/atari_frostbite_vta_20260107_202443/latest.pt,/home/haselab/murakawa/stable-deep-world-model/logdir/atari_frostbite_vta_20260107_202443/train_eps/20260108T163622-6a2855e80f96423f8e6321ab3a435bdc-1194.npz,67,69.9081802368164,2284.33154296875,2.1947695668256967e-13
/home/haselab/murakawa/stable-deep-world-model/logdir/atari_frostbite_vta_20260107_202443,atari_frostbite,/home/haselab/murakawa/stable-deep-world-model/logdir/atari_frostbite_vta_20260107_202443/latest.pt,/home/haselab/murakawa/stable-deep-world-model/logdir/atari_frostbite_vta_20260107_202443/train_eps/20260108T163622-6a2855e80f96423f8e6321ab3a435bdc-1194.npz,68,70.16326141357422,2265.6279296875,3.091631226199987e-13
/home/haselab/murakawa/stable-deep-world-model/logdir/atari_frostbite_vta_20260107_202443,atari_frostbite,/home/haselab/murakawa/stable-deep-world-model/logdir/atari_frostbite_vta_20260107_202443/latest.pt,/home/haselab/murakawa/stable-deep-world-model/logdir/atari_frostbite_vta_20260107_202443/train_eps/20260108T163622-6a2855e80f96423f8e6321ab3a435bdc-1194.npz,69,70.79940795898438,2297.59716796875,1.0523418074448454e-13
/home/haselab/murakawa/stable-deep-world-model/logdir/atari_frostbite_vta_20260107_202443,atari_frostbite,/home/haselab/murakawa/stable-deep-world-model/logdir/atari_frostbite_vta_20260107_202443/latest.pt,/home/haselab/murakawa/stable-deep-world-model/logdir/atari_frostbite_vta_20260107_202443/train_eps/20260108T163622-6a2855e80f96423f8e6321ab3a435bdc-1194.npz,70,71.62487030029297,2334.9453125,8.740262203224547e-13
/home/haselab/murakawa/stable-deep-world-model/logdir/atari_frostbite_vta_20260107_202443,atari_frostbite,/home/haselab/murakawa/stable-deep-world-model/logdir/atari_frostbite_vta_20260107_202443/latest.pt,/home/haselab/murakawa/stable-deep-world-model/logdir/atari_frostbite_vta_20260107_202443/train_eps/20260108T163622-6a2855e80f96423f8e6321ab3a435bdc-1194.npz,71,71.57313537597656,2330.127685546875,3.371264652531937e-14
/home/haselab/murakawa/stable-deep-world-model/logdir/atari_frostbite_vta_20260107_202443,atari_frostbite,/home/haselab/murakawa/stable-deep-world-model/logdir/atari_frostbite_vta_20260107_202443/latest.pt,/home/haselab/murakawa/stable-deep-world-model/logdir/atari_frostbite_vta_20260107_202443/train_eps/20260108T163622-6a2855e80f96423f8e6321ab3a435bdc-1194.npz,72,71.44412231445312,2336.01513671875,1.0377706723477265e-13
/home/haselab/murakawa/stable-deep-world-model/logdir/atari_frostbite_vta_20260107_202443,atari_frostbite,/home/haselab/murakawa/stable-deep-world-model/logdir/atari_frostbite_vta_20260107_202443/latest.pt,/home/haselab/murakawa/stable-deep-world-model/logdir/atari_frostbite_vta_20260107_202443/train_eps/20260108T163622-6a2855e80f96423f8e6321ab3a435bdc-1194.npz,73,71.15957641601562,2327.813720703125,2.6036730619281336e-14
/home/haselab/murakawa/stable-deep-world-model/logdir/atari_frostbite_vta_20260107_202443,atari_frostbite,/home/haselab/murakawa/stable-deep-world-model/logdir/atari_frostbite_vta_20260107_202443/latest.pt,/home/haselab/murakawa/stable-deep-world-model/logdir/atari_frostbite_vta_20260107_202443/train_eps/20260108T163622-6a2855e80f96423f8e6321ab3a435bdc-1194.npz,74,70.99761962890625,2365.15185546875,7.302223061803795e-18
/home/haselab/murakawa/stable-deep-world-model/logdir/atari_frostbite_vta_20260107_202443,atari_frostbite,/home/haselab/murakawa/stable-deep-world-model/logdir/atari_frostbite_vta_20260107_202443/latest.pt,/home/haselab/murakawa/stable-deep-world-model/logdir/atari_frostbite_vta_20260107_202443/train_eps/20260108T163622-6a2855e80f96423f8e6321ab3a435bdc-1194.npz,75,72.31314086914062,2464.801025390625,1.2040626284779083e-17
/home/haselab/murakawa/stable-deep-world-model/logdir/atari_frostbite_vta_20260107_202443,atari_frostbite,/home/haselab/murakawa/stable-deep-world-model/logdir/atari_frostbite_vta_20260107_202443/latest.pt,/home/haselab/murakawa/stable-deep-world-model/logdir/atari_frostbite_vta_20260107_202443/train_eps/20260108T163622-6a2855e80f96423f8e6321ab3a435bdc-1194.npz,76,71.42790222167969,2500.34228515625,1.0814694409097547e-12
/home/haselab/murakawa/stable-deep-world-model/logdir/atari_frostbite_vta_20260107_202443,atari_frostbite,/home/haselab/murakawa/stable-deep-world-model/logdir/atari_frostbite_vta_20260107_202443/latest.pt,/home/haselab/murakawa/stable-deep-world-model/logdir/atari_frostbite_vta_20260107_202443/train_eps/20260108T163622-6a2855e80f96423f8e6321ab3a435bdc-1194.npz,77,71.3003921508789,2509.412353515625,1.5579069145843505e-09
/home/haselab/murakawa/stable-deep-world-model/logdir/atari_frostbite_vta_20260107_202443,atari_frostbite,/home/haselab/murakawa/stable-deep-world-model/logdir/atari_frostbite_vta_20260107_202443/latest.pt,/home/haselab/murakawa/stable-deep-world-model/logdir/atari_frostbite_vta_20260107_202443/train_eps/20260108T163622-6a2855e80f96423f8e6321ab3a435bdc-1194.npz,78,71.71265411376953,2637.80859375,3.0405091964134934e-13
/home/haselab/murakawa/stable-deep-world-model/logdir/atari_frostbite_vta_20260107_202443,atari_frostbite,/home/haselab/murakawa/stable-deep-world-model/logdir/atari_frostbite_vta_20260107_202443/latest.pt,/home/haselab/murakawa/stable-deep-world-model/logdir/atari_frostbite_vta_20260107_202443/train_eps/20260108T163622-6a2855e80f96423f8e6321ab3a435bdc-1194.npz,79,71.73158264160156,2641.863525390625,3.080594945803483e-10
/home/haselab/murakawa/stable-deep-world-model/logdir/atari_frostbite_vta_20260107_202443,atari_frostbite,/home/haselab/murakawa/stable-deep-world-model/logdir/atari_frostbite_vta_20260107_202443/latest.pt,/home/haselab/murakawa/stable-deep-world-model/logdir/atari_frostbite_vta_20260107_202443/train_eps/20260108T163622-6a2855e80f96423f8e6321ab3a435bdc-1194.npz,80,71.25546264648438,2685.82666015625,4.3950337347362783e-14
/home/haselab/murakawa/stable-deep-world-model/logdir/atari_frostbite_vta_20260107_202443,atari_frostbite,/home/haselab/murakawa/stable-deep-world-model/logdir/atari_frostbite_vta_20260107_202443/latest.pt,/home/haselab/murakawa/stable-deep-world-model/logdir/atari_frostbite_vta_20260107_202443/train_eps/20260108T163622-6a2855e80f96423f8e6321ab3a435bdc-1194.npz,81,70.91105651855469,2656.9775390625,1.548040341747825e-12
/home/haselab/murakawa/stable-deep-world-model/logdir/atari_frostbite_vta_20260107_202443,atari_frostbite,/home/haselab/murakawa/stable-deep-world-model/logdir/atari_frostbite_vta_20260107_202443/latest.pt,/home/haselab/murakawa/stable-deep-world-model/logdir/atari_frostbite_vta_20260107_202443/train_eps/20260108T163622-6a2855e80f96423f8e6321ab3a435bdc-1194.npz,82,70.63672637939453,2637.41455078125,2.308252660936246e-15
/home/haselab/murakawa/stable-deep-world-model/logdir/atari_frostbite_vta_20260107_202443,atari_frostbite,/home/haselab/murakawa/stable-deep-world-model/logdir/atari_frostbite_vta_20260107_202443/latest.pt,/home/haselab/murakawa/stable-deep-world-model/logdir/atari_frostbite_vta_20260107_202443/train_eps/20260108T163622-6a2855e80f96423f8e6321ab3a435bdc-1194.npz,83,72.5184555053711,2699.77978515625,8.623079680858403e-12
/home/haselab/murakawa/stable-deep-world-model/logdir/atari_frostbite_vta_20260107_202443,atari_frostbite,/home/haselab/murakawa/stable-deep-world-model/logdir/atari_frostbite_vta_20260107_202443/latest.pt,/home/haselab/murakawa/stable-deep-world-model/logdir/atari_frostbite_vta_20260107_202443/train_eps/20260108T163622-6a2855e80f96423f8e6321ab3a435bdc-1194.npz,84,74.89513397216797,2746.476318359375,-3.28281250644899e-17
/home/haselab/murakawa/stable-deep-world-model/logdir/atari_frostbite_vta_20260107_202443,atari_frostbite,/home/haselab/murakawa/stable-deep-world-model/logdir/atari_frostbite_vta_20260107_202443/latest.pt,/home/haselab/murakawa/stable-deep-world-model/logdir/atari_frostbite_vta_20260107_202443/train_eps/20260108T163622-6a2855e80f96423f8e6321ab3a435bdc-1194.npz,85,75.48282623291016,2709.7216796875,-7.763435585313085e-15
/home/haselab/murakawa/stable-deep-world-model/logdir/atari_frostbite_vta_20260107_202443,atari_frostbite,/home/haselab/murakawa/stable-deep-world-model/logdir/atari_frostbite_vta_20260107_202443/latest.pt,/home/haselab/murakawa/stable-deep-world-model/logdir/atari_frostbite_vta_20260107_202443/train_eps/20260108T163622-6a2855e80f96423f8e6321ab3a435bdc-1194.npz,86,75.71220397949219,2652.540771484375,-5.971488681002146e-15
/home/haselab/murakawa/stable-deep-world-model/logdir/atari_frostbite_vta_20260107_202443,atari_frostbite,/home/haselab/murakawa/stable-deep-world-model/logdir/atari_frostbite_vta_20260107_202443/latest.pt,/home/haselab/murakawa/stable-deep-world-model/logdir/atari_frostbite_vta_20260107_202443/train_eps/20260108T163622-6a2855e80f96423f8e6321ab3a435bdc-1194.npz,87,75.46638488769531,2604.7001953125,-9.90232743892927e-13
/home/haselab/murakawa/stable-deep-world-model/logdir/atari_frostbite_vta_20260107_202443,atari_frostbite,/home/haselab/murakawa/stable-deep-world-model/logdir/atari_frostbite_vta_20260107_202443/latest.pt,/home/haselab/murakawa/stable-deep-world-model/logdir/atari_frostbite_vta_20260107_202443/train_eps/20260108T163622-6a2855e80f96423f8e6321ab3a435bdc-1194.npz,88,74.53255462646484,2540.2470703125,-2.927634534539286e-13
/home/haselab/murakawa/stable-deep-world-model/logdir/atari_frostbite_vta_20260107_202443,atari_frostbite,/home/haselab/murakawa/stable-deep-world-model/logdir/atari_frostbite_vta_20260107_202443/latest.pt,/home/haselab/murakawa/stable-deep-world-model/logdir/atari_frostbite_vta_20260107_202443/train_eps/20260108T163622-6a2855e80f96423f8e6321ab3a435bdc-1194.npz,89,74.38846588134766,2521.7958984375,-9.161240559565909e-13
/home/haselab/murakawa/stable-deep-world-model/logdir/atari_frostbite_vta_20260107_202443,atari_frostbite,/home/haselab/murakawa/stable-deep-world-model/logdir/atari_frostbite_vta_20260107_202443/latest.pt,/home/haselab/murakawa/stable-deep-world-model/logdir/atari_frostbite_vta_20260107_202443/train_eps/20260108T163622-6a2855e80f96423f8e6321ab3a435bdc-1194.npz,90,71.99129486083984,2418.480712890625,7.152480065997224e-07
/home/haselab/murakawa/stable-deep-world-model/logdir/atari_frostbite_vta_20260107_202443,atari_frostbite,/home/haselab/murakawa/stable-deep-world-model/logdir/atari_frostbite_vta_20260107_202443/latest.pt,/home/haselab/murakawa/stable-deep-world-model/logdir/atari_frostbite_vta_20260107_202443/train_eps/20260108T163622-6a2855e80f96423f8e6321ab3a435bdc-1194.npz,91,73.49227905273438,2518.3115234375,-6.134892940878878e-14
/home/haselab/murakawa/stable-deep-world-model/logdir/atari_frostbite_vta_20260107_202443,atari_frostbite,/home/haselab/murakawa/stable-deep-world-model/logdir/atari_frostbite_vta_20260107_202443/latest.pt,/home/haselab/murakawa/stable-deep-world-model/logdir/atari_frostbite_vta_20260107_202443/train_eps/20260108T163622-6a2855e80f96423f8e6321ab3a435bdc-1194.npz,92,74.19544982910156,2583.98583984375,-1.038626294209066e-15
/home/haselab/murakawa/stable-deep-world-model/logdir/atari_frostbite_vta_20260107_202443,atari_frostbite,/home/haselab/murakawa/stable-deep-world-model/logdir/atari_frostbite_vta_20260107_202443/latest.pt,/home/haselab/murakawa/stable-deep-world-model/logdir/atari_frostbite_vta_20260107_202443/train_eps/20260108T163622-6a2855e80f96423f8e6321ab3a435bdc-1194.npz,93,74.77865600585938,2603.020263671875,-3.526095589023696e-17
/home/haselab/murakawa/stable-deep-world-model/logdir/atari_frostbite_vta_20260107_202443,atari_frostbite,/home/haselab/murakawa/stable-deep-world-model/logdir/atari_frostbite_vta_20260107_202443/latest.pt,/home/haselab/murakawa/stable-deep-world-model/logdir/atari_frostbite_vta_20260107_202443/train_eps/20260108T163622-6a2855e80f96423f8e6321ab3a435bdc-1194.npz,94,74.13092803955078,2559.038330078125,-2.7972315961271895e-18
/home/haselab/murakawa/stable-deep-world-model/logdir/atari_frostbite_vta_20260107_202443,atari_frostbite,/home/haselab/murakawa/stable-deep-world-model/logdir/atari_frostbite_vta_20260107_202443/latest.pt,/home/haselab/murakawa/stable-deep-world-model/logdir/atari_frostbite_vta_20260107_202443/train_eps/20260108T163622-6a2855e80f96423f8e6321ab3a435bdc-1194.npz,95,73.75745391845703,2534.34619140625,-1.9321277073974734e-21
/home/haselab/murakawa/stable-deep-world-model/logdir/atari_frostbite_vta_20260107_202443,atari_frostbite,/home/haselab/murakawa/stable-deep-world-model/logdir/atari_frostbite_vta_20260107_202443/latest.pt,/home/haselab/murakawa/stable-deep-world-model/logdir/atari_frostbite_vta_20260107_202443/train_eps/20260108T163622-6a2855e80f96423f8e6321ab3a435bdc-1194.npz,96,72.39857482910156,2459.151611328125,-1.5860440228861313e-20
/home/haselab/murakawa/stable-deep-world-model/logdir/atari_frostbite_vta_20260107_202443,atari_frostbite,/home/haselab/murakawa/stable-deep-world-model/logdir/atari_frostbite_vta_20260107_202443/latest.pt,/home/haselab/murakawa/stable-deep-world-model/logdir/atari_frostbite_vta_20260107_202443/train_eps/20260108T163622-6a2855e80f96423f8e6321ab3a435bdc-1194.npz,97,71.92650604248047,2436.68896484375,-4.240009882086046e-21
/home/haselab/murakawa/stable-deep-world-model/logdir/atari_frostbite_vta_20260107_202443,atari_frostbite,/home/haselab/murakawa/stable-deep-world-model/logdir/atari_frostbite_vta_20260107_202443/latest.pt,/home/haselab/murakawa/stable-deep-world-model/logdir/atari_frostbite_vta_20260107_202443/train_eps/20260108T163622-6a2855e80f96423f8e6321ab3a435bdc-1194.npz,98,71.888916015625,2451.747802734375,-3.668769769028373e-18
/home/haselab/murakawa/stable-deep-world-model/logdir/atari_frostbite_vta_20260107_202443,atari_frostbite,/home/haselab/murakawa/stable-deep-world-model/logdir/atari_frostbite_vta_20260107_202443/latest.pt,/home/haselab/murakawa/stable-deep-world-model/logdir/atari_frostbite_vta_20260107_202443/train_eps/20260108T163622-6a2855e80f96423f8e6321ab3a435bdc-1194.npz,99,71.78665924072266,2434.969970703125,-3.0860684352736223e-19
/home/haselab/murakawa/stable-deep-world-model/logdir/atari_frostbite_vta_20260107_202443,atari_frostbite,/home/haselab/murakawa/stable-deep-world-model/logdir/atari_frostbite_vta_20260107_202443/latest.pt,/home/haselab/murakawa/stable-deep-world-model/logdir/atari_frostbite_vta_20260107_202443/train_eps/20260108T163622-6a2855e80f96423f8e6321ab3a435bdc-1194.npz,100,78.48348236083984,1370.985595703125,0.0
/home/haselab/murakawa/stable-deep-world-model/logdir/atari_frostbite_vta_20260107_202443,atari_frostbite,/home/haselab/murakawa/stable-deep-world-model/logdir/atari_frostbite_vta_20260107_202443/latest.pt,/home/haselab/murakawa/stable-deep-world-model/logdir/atari_frostbite_vta_20260107_202443/train_eps/20260108T163622-6a2855e80f96423f8e6321ab3a435bdc-1194.npz,101,77.72979736328125,1354.838134765625,4.768372718899627e-07
/home/haselab/murakawa/stable-deep-world-model/logdir/atari_frostbite_vta_20260107_202443,atari_frostbite,/home/haselab/murakawa/stable-deep-world-model/logdir/atari_frostbite_vta_20260107_202443/latest.pt,/home/haselab/murakawa/stable-deep-world-model/logdir/atari_frostbite_vta_20260107_202443/train_eps/20260108T163622-6a2855e80f96423f8e6321ab3a435bdc-1194.npz,102,64.3697738647461,1026.233154296875,-2.511426189175877e-29
/home/haselab/murakawa/stable-deep-world-model/logdir/atari_frostbite_vta_20260107_202443,atari_frostbite,/home/haselab/murakawa/stable-deep-world-model/logdir/atari_frostbite_vta_20260107_202443/latest.pt,/home/haselab/murakawa/stable-deep-world-model/logdir/atari_frostbite_vta_20260107_202443/train_eps/20260108T163622-6a2855e80f96423f8e6321ab3a435bdc-1194.npz,103,65.27691650390625,1011.792236328125,-3.4955293245149606e-35
/home/haselab/murakawa/stable-deep-world-model/logdir/atari_frostbite_vta_20260107_202443,atari_frostbite,/home/haselab/murakawa/stable-deep-world-model/logdir/atari_frostbite_vta_20260107_202443/latest.pt,/home/haselab/murakawa/stable-deep-world-model/logdir/atari_frostbite_vta_20260107_202443/train_eps/20260108T163622-6a2855e80f96423f8e6321ab3a435bdc-1194.npz,104,67.55677795410156,1036.871337890625,-4.709720193875869e-37
/home/haselab/murakawa/stable-deep-world-model/logdir/atari_frostbite_vta_20260107_202443,atari_frostbite,/home/haselab/murakawa/stable-deep-world-model/logdir/atari_frostbite_vta_20260107_202443/latest.pt,/home/haselab/murakawa/stable-deep-world-model/logdir/atari_frostbite_vta_20260107_202443/train_eps/20260108T163622-6a2855e80f96423f8e6321ab3a435bdc-1194.npz,105,65.82965850830078,1010.1823120117188,1.1920930376163597e-07
/home/haselab/murakawa/stable-deep-world-model/logdir/atari_frostbite_vta_20260107_202443,atari_frostbite,/home/haselab/murakawa/stable-deep-world-model/logdir/atari_frostbite_vta_20260107_202443/latest.pt,/home/haselab/murakawa/stable-deep-world-model/logdir/atari_frostbite_vta_20260107_202443/train_eps/20260108T163622-6a2855e80f96423f8e6321ab3a435bdc-1194.npz,106,64.58601379394531,969.7072143554688,-4.1476003773225653e-35
/home/haselab/murakawa/stable-deep-world-model/logdir/atari_frostbite_vta_20260107_202443,atari_frostbite,/home/haselab/murakawa/stable-deep-world-model/logdir/atari_frostbite_vta_20260107_202443/latest.pt,/home/haselab/murakawa/stable-deep-world-model/logdir/atari_frostbite_vta_20260107_202443/train_eps/20260108T163622-6a2855e80f96423f8e6321ab3a435bdc-1194.npz,107,64.1842269897461,955.59130859375,-1.1998074396977088e-37
/home/haselab/murakawa/stable-deep-world-model/logdir/atari_frostbite_vta_20260107_202443,atari_frostbite,/home/haselab/murakawa/stable-deep-world-model/logdir/atari_frostbite_vta_20260107_202443/latest.pt,/home/haselab/murakawa/stable-deep-world-model/logdir/atari_frostbite_vta_20260107_202443/train_eps/20260108T163622-6a2855e80f96423f8e6321ab3a435bdc-1194.npz,108,64.35504913330078,964.2913818359375,-3.206140394120598e-36
/home/haselab/murakawa/stable-deep-world-model/logdir/atari_frostbite_vta_20260107_202443,atari_frostbite,/home/haselab/murakawa/stable-deep-world-model/logdir/atari_frostbite_vta_20260107_202443/latest.pt,/home/haselab/murakawa/stable-deep-world-model/logdir/atari_frostbite_vta_20260107_202443/train_eps/20260108T163622-6a2855e80f96423f8e6321ab3a435bdc-1194.npz,109,64.38174438476562,966.23828125,-8.389389965871059e-36
/home/haselab/murakawa/stable-deep-world-model/logdir/atari_frostbite_vta_20260107_202443,atari_frostbite,/home/haselab/murakawa/stable-deep-world-model/logdir/atari_frostbite_vta_20260107_202443/latest.pt,/home/haselab/murakawa/stable-deep-world-model/logdir/atari_frostbite_vta_20260107_202443/train_eps/20260108T163622-6a2855e80f96423f8e6321ab3a435bdc-1194.npz,110,62.51805877685547,933.7404174804688,-2.0768087769126036e-34
/home/haselab/murakawa/stable-deep-world-model/logdir/atari_frostbite_vta_20260107_202443,atari_frostbite,/home/haselab/murakawa/stable-deep-world-model/logdir/atari_frostbite_vta_20260107_202443/latest.pt,/home/haselab/murakawa/stable-deep-world-model/logdir/atari_frostbite_vta_20260107_202443/train_eps/20260108T163622-6a2855e80f96423f8e6321ab3a435bdc-1194.npz,111,60.644798278808594,901.5851440429688,-3.0660251552717237e-34
/home/haselab/murakawa/stable-deep-world-model/logdir/atari_frostbite_vta_20260107_202443,atari_frostbite,/home/haselab/murakawa/stable-deep-world-model/logdir/atari_frostbite_vta_20260107_202443/latest.pt,/home/haselab/murakawa/stable-deep-world-model/logdir/atari_frostbite_vta_20260107_202443/train_eps/20260108T163622-6a2855e80f96423f8e6321ab3a435bdc-1194.npz,112,61.342140197753906,916.44287109375,-3.057810929317872e-34
/home/haselab/murakawa/stable-deep-world-model/logdir/atari_frostbite_vta_20260107_202443,atari_frostbite,/home/haselab/murakawa/stable-deep-world-model/logdir/atari_frostbite_vta_20260107_202443/latest.pt,/home/haselab/murakawa/stable-deep-world-model/logdir/atari_frostbite_vta_20260107_202443/train_eps/20260108T163622-6a2855e80f96423f8e6321ab3a435bdc-1194.npz,113,60.568050384521484,876.045166015625,-2.9061090211581884e-35
/home/haselab/murakawa/stable-deep-world-model/logdir/atari_frostbite_vta_20260107_202443,atari_frostbite,/home/haselab/murakawa/stable-deep-world-model/logdir/atari_frostbite_vta_20260107_202443/latest.pt,/home/haselab/murakawa/stable-deep-world-model/logdir/atari_frostbite_vta_20260107_202443/train_eps/20260108T163622-6a2855e80f96423f8e6321ab3a435bdc-1194.npz,114,64.15489196777344,946.00341796875,-1.0447822001972911e-31
/home/haselab/murakawa/stable-deep-world-model/logdir/atari_frostbite_vta_20260107_202443,atari_frostbite,/home/haselab/murakawa/stable-deep-world-model/logdir/atari_frostbite_vta_20260107_202443/latest.pt,/home/haselab/murakawa/stable-deep-world-model/logdir/atari_frostbite_vta_20260107_202443/train_eps/20260108T163622-6a2855e80f96423f8e6321ab3a435bdc-1194.npz,115,64.2558364868164,949.000244140625,-2.697580566122237e-32
/home/haselab/murakawa/stable-deep-world-model/logdir/atari_frostbite_vta_20260107_202443,atari_frostbite,/home/haselab/murakawa/stable-deep-world-model/logdir/atari_frostbite_vta_20260107_202443/latest.pt,/home/haselab/murakawa/stable-deep-world-model/logdir/atari_frostbite_vta_20260107_202443/train_eps/20260108T163622-6a2855e80f96423f8e6321ab3a435bdc-1194.npz,116,64.74332427978516,958.0125732421875,-9.002874370836209e-32
/home/haselab/murakawa/stable-deep-world-model/logdir/atari_frostbite_vta_20260107_202443,atari_frostbite,/home/haselab/murakawa/stable-deep-world-model/logdir/atari_frostbite_vta_20260107_202443/latest.pt,/home/haselab/murakawa/stable-deep-world-model/logdir/atari_frostbite_vta_20260107_202443/train_eps/20260108T163622-6a2855e80f96423f8e6321ab3a435bdc-1194.npz,117,63.61688995361328,930.0103759765625,-1.096013888038614e-31
/home/haselab/murakawa/stable-deep-world-model/logdir/atari_frostbite_vta_20260107_202443,atari_frostbite,/home/haselab/murakawa/stable-deep-world-model/logdir/atari_frostbite_vta_20260107_202443/latest.pt,/home/haselab/murakawa/stable-deep-world-model/logdir/atari_frostbite_vta_20260107_202443/train_eps/20260108T163622-6a2855e80f96423f8e6321ab3a435bdc-1194.npz,118,64.7230224609375,942.0435791015625,-4.129537609353962e-30
/home/haselab/murakawa/stable-deep-world-model/logdir/atari_frostbite_vta_20260107_202443,atari_frostbite,/home/haselab/murakawa/stable-deep-world-model/logdir/atari_frostbite_vta_20260107_202443/latest.pt,/home/haselab/murakawa/stable-deep-world-model/logdir/atari_frostbite_vta_20260107_202443/train_eps/20260108T163622-6a2855e80f96423f8e6321ab3a435bdc-1194.npz,119,67.6466064453125,976.9686279296875,-3.7881985753893054e-29
/home/haselab/murakawa/stable-deep-world-model/logdir/atari_frostbite_vta_20260107_202443,atari_frostbite,/home/haselab/murakawa/stable-deep-world-model/logdir/atari_frostbite_vta_20260107_202443/latest.pt,/home/haselab/murakawa/stable-deep-world-model/logdir/atari_frostbite_vta_20260107_202443/train_eps/20260108T163622-6a2855e80f96423f8e6321ab3a435bdc-1194.npz,120,69.4209976196289,1007.9681396484375,-1.3108213885599329e-22
/home/haselab/murakawa/stable-deep-world-model/logdir/atari_frostbite_vta_20260107_202443,atari_frostbite,/home/haselab/murakawa/stable-deep-world-model/logdir/atari_frostbite_vta_20260107_202443/latest.pt,/home/haselab/murakawa/stable-deep-world-model/logdir/atari_frostbite_vta_20260107_202443/train_eps/20260108T163622-6a2855e80f96423f8e6321ab3a435bdc-1194.npz,121,76.3815689086914,1173.3773193359375,-1.2553471763244484e-26
/home/haselab/murakawa/stable-deep-world-model/logdir/atari_frostbite_vta_20260107_202443,atari_frostbite,/home/haselab/murakawa/stable-deep-world-model/logdir/atari_frostbite_vta_20260107_202443/latest.pt,/home/haselab/murakawa/stable-deep-world-model/logdir/atari_frostbite_vta_20260107_202443/train_eps/20260108T163622-6a2855e80f96423f8e6321ab3a435bdc-1194.npz,122,75.30772399902344,1176.18994140625,-1.9181056669418465e-23
/home/haselab/murakawa/stable-deep-world-model/logdir/atari_frostbite_vta_20260107_202443,atari_frostbite,/home/haselab/murakawa/stable-deep-world-model/logdir/atari_frostbite_vta_20260107_202443/latest.pt,/home/haselab/murakawa/stable-deep-world-model/logdir/atari_frostbite_vta_20260107_202443/train_eps/20260108T163622-6a2855e80f96423f8e6321ab3a435bdc-1194.npz,123,74.16869354248047,1152.74951171875,8.344653679159819e-07
/home/haselab/murakawa/stable-deep-world-model/logdir/atari_frostbite_vta_20260107_202443,atari_frostbite,/home/haselab/murakawa/stable-deep-world-model/logdir/atari_frostbite_vta_20260107_202443/latest.pt,/home/haselab/murakawa/stable-deep-world-model/logdir/atari_frostbite_vta_20260107_202443/train_eps/20260108T163622-6a2855e80f96423f8e6321ab3a435bdc-1194.npz,124,75.06941223144531,1185.6510009765625,-1.245844181918631e-24
/home/haselab/murakawa/stable-deep-world-model/logdir/atari_frostbite_vta_20260107_202443,atari_frostbite,/home/haselab/murakawa/stable-deep-world-model/logdir/atari_frostbite_vta_20260107_202443/latest.pt,/home/haselab/murakawa/stable-deep-world-model/logdir/atari_frostbite_vta_20260107_202443/train_eps/20260108T163622-6a2855e80f96423f8e6321ab3a435bdc-1194.npz,125,75.51541900634766,1205.90966796875,-1.8663342640109567e-24
/home/haselab/murakawa/stable-deep-world-model/logdir/atari_frostbite_vta_20260107_202443,atari_frostbite,/home/haselab/murakawa/stable-deep-world-model/logdir/atari_frostbite_vta_20260107_202443/latest.pt,/home/haselab/murakawa/stable-deep-world-model/logdir/atari_frostbite_vta_20260107_202443/train_eps/20260108T163622-6a2855e80f96423f8e6321ab3a435bdc-1194.npz,126,76.99097442626953,1246.4208984375,-1.849938578956843e-24
/home/haselab/murakawa/stable-deep-world-model/logdir/atari_frostbite_vta_20260107_202443,atari_frostbite,/home/haselab/murakawa/stable-deep-world-model/logdir/atari_frostbite_vta_20260107_202443/latest.pt,/home/haselab/murakawa/stable-deep-world-model/logdir/atari_frostbite_vta_20260107_202443/train_eps/20260108T163622-6a2855e80f96423f8e6321ab3a435bdc-1194.npz,127,80.1087646484375,1325.0430908203125,-1.9875072828004755e-22
/home/haselab/murakawa/stable-deep-world-model/logdir/atari_frostbite_vta_20260107_202443,atari_frostbite,/home/haselab/murakawa/stable-deep-world-model/logdir/atari_frostbite_vta_20260107_202443/latest.pt,/home/haselab/murakawa/stable-deep-world-model/logdir/atari_frostbite_vta_20260107_202443/train_eps/20260108T163622-6a2855e80f96423f8e6321ab3a435bdc-1194.npz,128,90.34266662597656,1566.4766845703125,-4.995769527391711e-22
/home/haselab/murakawa/stable-deep-world-model/logdir/atari_frostbite_vta_20260107_202443,atari_frostbite,/home/haselab/murakawa/stable-deep-world-model/logdir/atari_frostbite_vta_20260107_202443/latest.pt,/home/haselab/murakawa/stable-deep-world-model/logdir/atari_frostbite_vta_20260107_202443/train_eps/20260108T163622-6a2855e80f96423f8e6321ab3a435bdc-1194.npz,129,90.91886901855469,1580.3919677734375,-1.8762761735542732e-20
/home/haselab/murakawa/stable-deep-world-model/logdir/atari_frostbite_vta_20260107_202443,atari_frostbite,/home/haselab/murakawa/stable-deep-world-model/logdir/atari_frostbite_vta_20260107_202443/latest.pt,/home/haselab/murakawa/stable-deep-world-model/logdir/atari_frostbite_vta_20260107_202443/train_eps/20260108T163622-6a2855e80f96423f8e6321ab3a435bdc-1194.npz,130,91.75630187988281,1601.11181640625,-1.812047053017951e-20
/home/haselab/murakawa/stable-deep-world-model/logdir/atari_frostbite_vta_20260107_202443,atari_frostbite,/home/haselab/murakawa/stable-deep-world-model/logdir/atari_frostbite_vta_20260107_202443/latest.pt,/home/haselab/murakawa/stable-deep-world-model/logdir/atari_frostbite_vta_20260107_202443/train_eps/20260108T163622-6a2855e80f96423f8e6321ab3a435bdc-1194.npz,131,93.48020935058594,1640.335693359375,-9.76747210388318e-20
/home/haselab/murakawa/stable-deep-world-model/logdir/atari_frostbite_vta_20260107_202443,atari_frostbite,/home/haselab/murakawa/stable-deep-world-model/logdir/atari_frostbite_vta_20260107_202443/latest.pt,/home/haselab/murakawa/stable-deep-world-model/logdir/atari_frostbite_vta_20260107_202443/train_eps/20260108T163622-6a2855e80f96423f8e6321ab3a435bdc-1194.npz,132,94.6934585571289,1668.3548583984375,-8.701199717409616e-19
/home/haselab/murakawa/stable-deep-world-model/logdir/atari_frostbite_vta_20260107_202443,atari_frostbite,/home/haselab/murakawa/stable-deep-world-model/logdir/atari_frostbite_vta_20260107_202443/latest.pt,/home/haselab/murakawa/stable-deep-world-model/logdir/atari_frostbite_vta_20260107_202443/train_eps/20260108T163622-6a2855e80f96423f8e6321ab3a435bdc-1194.npz,133,95.52704620361328,1687.474853515625,-2.319895443124889e-18
/home/haselab/murakawa/stable-deep-world-model/logdir/atari_frostbite_vta_20260107_202443,atari_frostbite,/home/haselab/murakawa/stable-deep-world-model/logdir/atari_frostbite_vta_20260107_202443/latest.pt,/home/haselab/murakawa/stable-deep-world-model/logdir/atari_frostbite_vta_20260107_202443/train_eps/20260108T163622-6a2855e80f96423f8e6321ab3a435bdc-1194.npz,134,95.87281799316406,1692.93505859375,-1.0496562976912073e-17
/home/haselab/murakawa/stable-deep-world-model/logdir/atari_frostbite_vta_20260107_202443,atari_frostbite,/home/haselab/murakawa/stable-deep-world-model/logdir/atari_frostbite_vta_20260107_202443/latest.pt,/home/haselab/murakawa/stable-deep-world-model/logdir/atari_frostbite_vta_20260107_202443/train_eps/20260108T163622-6a2855e80f96423f8e6321ab3a435bdc-1194.npz,135,96.28775024414062,1704.1063232421875,-3.991228842757369e-17
/home/haselab/murakawa/stable-deep-world-model/logdir/atari_frostbite_vta_20260107_202443,atari_frostbite,/home/haselab/murakawa/stable-deep-world-model/logdir/atari_frostbite_vta_20260107_202443/latest.pt,/home/haselab/murakawa/stable-deep-world-model/logdir/atari_frostbite_vta_20260107_202443/train_eps/20260108T163622-6a2855e80f96423f8e6321ab3a435bdc-1194.npz,136,97.978271484375,1739.370849609375,-4.823018836555787e-17
/home/haselab/murakawa/stable-deep-world-model/logdir/atari_frostbite_vta_20260107_202443,atari_frostbite,/home/haselab/murakawa/stable-deep-world-model/logdir/atari_frostbite_vta_20260107_202443/latest.pt,/home/haselab/murakawa/stable-deep-world-model/logdir/atari_frostbite_vta_20260107_202443/train_eps/20260108T163622-6a2855e80f96423f8e6321ab3a435bdc-1194.npz,137,99.18959045410156,1764.2821044921875,1.1920930376163597e-07
/home/haselab/murakawa/stable-deep-world-model/logdir/atari_frostbite_vta_20260107_202443,atari_frostbite,/home/haselab/murakawa/stable-deep-world-model/logdir/atari_frostbite_vta_20260107_202443/latest.pt,/home/haselab/murakawa/stable-deep-world-model/logdir/atari_frostbite_vta_20260107_202443/train_eps/20260108T163622-6a2855e80f96423f8e6321ab3a435bdc-1194.npz,138,100.09146881103516,1784.0189208984375,1.1920930376163597e-07
/home/haselab/murakawa/stable-deep-world-model/logdir/atari_frostbite_vta_20260107_202443,atari_frostbite,/home/haselab/murakawa/stable-deep-world-model/logdir/atari_frostbite_vta_20260107_202443/latest.pt,/home/haselab/murakawa/stable-deep-world-model/logdir/atari_frostbite_vta_20260107_202443/train_eps/20260108T163622-6a2855e80f96423f8e6321ab3a435bdc-1194.npz,139,100.33540344238281,1788.9720458984375,-6.388396074179226e-16
/home/haselab/murakawa/stable-deep-world-model/logdir/atari_frostbite_vta_20260107_202443,atari_frostbite,/home/haselab/murakawa/stable-deep-world-model/logdir/atari_frostbite_vta_20260107_202443/latest.pt,/home/haselab/murakawa/stable-deep-world-model/logdir/atari_frostbite_vta_20260107_202443/train_eps/20260108T163622-6a2855e80f96423f8e6321ab3a435bdc-1194.npz,140,100.72061157226562,1795.48095703125,3.576279254957626e-07
/home/haselab/murakawa/stable-deep-world-model/logdir/atari_frostbite_vta_20260107_202443,atari_frostbite,/home/haselab/murakawa/stable-deep-world-model/logdir/atari_frostbite_vta_20260107_202443/latest.pt,/home/haselab/murakawa/stable-deep-world-model/logdir/atari_frostbite_vta_20260107_202443/train_eps/20260108T163622-6a2855e80f96423f8e6321ab3a435bdc-1194.npz,141,101.59817504882812,1812.112548828125,1.1920930376163597e-07
/home/haselab/murakawa/stable-deep-world-model/logdir/atari_frostbite_vta_20260107_202443,atari_frostbite,/home/haselab/murakawa/stable-deep-world-model/logdir/atari_frostbite_vta_20260107_202443/latest.pt,/home/haselab/murakawa/stable-deep-world-model/logdir/atari_frostbite_vta_20260107_202443/train_eps/20260108T163622-6a2855e80f96423f8e6321ab3a435bdc-1194.npz,142,102.35670471191406,1824.8404541015625,3.576279254957626e-07
/home/haselab/murakawa/stable-deep-world-model/logdir/atari_frostbite_vta_20260107_202443,atari_frostbite,/home/haselab/murakawa/stable-deep-world-model/logdir/atari_frostbite_vta_20260107_202443/latest.pt,/home/haselab/murakawa/stable-deep-world-model/logdir/atari_frostbite_vta_20260107_202443/train_eps/20260108T163622-6a2855e80f96423f8e6321ab3a435bdc-1194.npz,143,103.00692749023438,1834.9832763671875,-2.59880761997581e-15
/home/haselab/murakawa/stable-deep-world-model/logdir/atari_frostbite_vta_20260107_202443,atari_frostbite,/home/haselab/murakawa/stable-deep-world-model/logdir/atari_frostbite_vta_20260107_202443/latest.pt,/home/haselab/murakawa/stable-deep-world-model/logdir/atari_frostbite_vta_20260107_202443/train_eps/20260108T163622-6a2855e80f96423f8e6321ab3a435bdc-1194.npz,144,102.76878356933594,1828.3616943359375,1.1920930376163597e-07
/home/haselab/murakawa/stable-deep-world-model/logdir/atari_frostbite_vta_20260107_202443,atari_frostbite,/home/haselab/murakawa/stable-deep-world-model/logdir/atari_frostbite_vta_20260107_202443/latest.pt,/home/haselab/murakawa/stable-deep-world-model/logdir/atari_frostbite_vta_20260107_202443/train_eps/20260108T163622-6a2855e80f96423f8e6321ab3a435bdc-1194.npz,145,103.5655517578125,1844.041259765625,2.3841860752327193e-07
/home/haselab/murakawa/stable-deep-world-model/logdir/atari_frostbite_vta_20260107_202443,atari_frostbite,/home/haselab/murakawa/stable-deep-world-model/logdir/atari_frostbite_vta_20260107_202443/latest.pt,/home/haselab/murakawa/stable-deep-world-model/logdir/atari_frostbite_vta_20260107_202443/train_eps/20260108T163622-6a2855e80f96423f8e6321ab3a435bdc-1194.npz,146,104.168701171875,1854.1900634765625,2.3841860752327193e-07
/home/haselab/murakawa/stable-deep-world-model/logdir/atari_frostbite_vta_20260107_202443,atari_frostbite,/home/haselab/murakawa/stable-deep-world-model/logdir/atari_frostbite_vta_20260107_202443/latest.pt,/home/haselab/murakawa/stable-deep-world-model/logdir/atari_frostbite_vta_20260107_202443/train_eps/20260108T163622-6a2855e80f96423f8e6321ab3a435bdc-1194.npz,147,104.16612243652344,1852.0452880859375,1.1920930376163597e-07
/home/haselab/murakawa/stable-deep-world-model/logdir/atari_frostbite_vta_20260107_202443,atari_frostbite,/home/haselab/murakawa/stable-deep-world-model/logdir/atari_frostbite_vta_20260107_202443/latest.pt,/home/haselab/murakawa/stable-deep-world-model/logdir/atari_frostbite_vta_20260107_202443/train_eps/20260108T163622-6a2855e80f96423f8e6321ab3a435bdc-1194.npz,148,104.04446411132812,1845.3851318359375,5.960466182841628e-07
/home/haselab/murakawa/stable-deep-world-model/logdir/atari_frostbite_vta_20260107_202443,atari_frostbite,/home/haselab/murakawa/stable-deep-world-model/logdir/atari_frostbite_vta_20260107_202443/latest.pt,/home/haselab/murakawa/stable-deep-world-model/logdir/atari_frostbite_vta_20260107_202443/train_eps/20260108T163622-6a2855e80f96423f8e6321ab3a435bdc-1194.npz,149,104.05184173583984,1843.6837158203125,7.152560215217818e-07
/home/haselab/murakawa/stable-deep-world-model/logdir/atari_frostbite_vta_20260107_202443,atari_frostbite,/home/haselab/murakawa/stable-deep-world-model/logdir/atari_frostbite_vta_20260107_202443/latest.pt,/home/haselab/murakawa/stable-deep-world-model/logdir/atari_frostbite_vta_20260107_202443/train_eps/20260108T163622-6a2855e80f96423f8e6321ab3a435bdc-1194.npz,150,90.98334503173828,1744.535400390625,0.0
/home/haselab/murakawa/stable-deep-world-model/logdir/atari_frostbite_vta_20260107_202443,atari_frostbite,/home/haselab/murakawa/stable-deep-world-model/logdir/atari_frostbite_vta_20260107_202443/latest.pt,/home/haselab/murakawa/stable-deep-world-model/logdir/atari_frostbite_vta_20260107_202443/train_eps/20260108T163622-6a2855e80f96423f8e6321ab3a435bdc-1194.npz,151,90.98334503173828,1744.535400390625,0.08402112126350403
/home/haselab/murakawa/stable-deep-world-model/logdir/atari_frostbite_vta_20260107_202443,atari_frostbite,/home/haselab/murakawa/stable-deep-world-model/logdir/atari_frostbite_vta_20260107_202443/latest.pt,/home/haselab/murakawa/stable-deep-world-model/logdir/atari_frostbite_vta_20260107_202443/train_eps/20260108T163622-6a2855e80f96423f8e6321ab3a435bdc-1194.npz,152,91.12210845947266,1746.52099609375,0.010379591025412083
/home/haselab/murakawa/stable-deep-world-model/logdir/atari_frostbite_vta_20260107_202443,atari_frostbite,/home/haselab/murakawa/stable-deep-world-model/logdir/atari_frostbite_vta_20260107_202443/latest.pt,/home/haselab/murakawa/stable-deep-world-model/logdir/atari_frostbite_vta_20260107_202443/train_eps/20260108T163622-6a2855e80f96423f8e6321ab3a435bdc-1194.npz,153,91.12210845947266,1746.52099609375,0.007537747733294964
/home/haselab/murakawa/stable-deep-world-model/logdir/atari_frostbite_vta_20260107_202443,atari_frostbite,/home/haselab/murakawa/stable-deep-world-model/logdir/atari_frostbite_vta_20260107_202443/latest.pt,/home/haselab/murakawa/stable-deep-world-model/logdir/atari_frostbite_vta_20260107_202443/train_eps/20260108T163622-6a2855e80f96423f8e6321ab3a435bdc-1194.npz,154,90.96116638183594,1740.96142578125,0.008224419318139553
/home/haselab/murakawa/stable-deep-world-model/logdir/atari_frostbite_vta_20260107_202443,atari_frostbite,/home/haselab/murakawa/stable-deep-world-model/logdir/atari_frostbite_vta_20260107_202443/latest.pt,/home/haselab/murakawa/stable-deep-world-model/logdir/atari_frostbite_vta_20260107_202443/train_eps/20260108T163622-6a2855e80f96423f8e6321ab3a435bdc-1194.npz,155,90.96116638183594,1740.96142578125,0.009165138006210327
/home/haselab/murakawa/stable-deep-world-model/logdir/atari_frostbite_vta_20260107_202443,atari_frostbite,/home/haselab/murakawa/stable-deep-world-model/logdir/atari_frostbite_vta_20260107_202443/latest.pt,/home/haselab/murakawa/stable-deep-world-model/logdir/atari_frostbite_vta_20260107_202443/train_eps/20260108T163622-6a2855e80f96423f8e6321ab3a435bdc-1194.npz,156,90.9581069946289,1740.54296875,0.007560689467936754
/home/haselab/murakawa/stable-deep-world-model/logdir/atari_frostbite_vta_20260107_202443,atari_frostbite,/home/haselab/murakawa/stable-deep-world-model/logdir/atari_frostbite_vta_20260107_202443/latest.pt,/home/haselab/murakawa/stable-deep-world-model/logdir/atari_frostbite_vta_20260107_202443/train_eps/20260108T163622-6a2855e80f96423f8e6321ab3a435bdc-1194.npz,157,90.9581069946289,1740.54296875,0.006310663651674986
/home/haselab/murakawa/stable-deep-world-model/logdir/atari_frostbite_vta_20260107_202443,atari_frostbite,/home/haselab/murakawa/stable-deep-world-model/logdir/atari_frostbite_vta_20260107_202443/latest.pt,/home/haselab/murakawa/stable-deep-world-model/logdir/atari_frostbite_vta_20260107_202443/train_eps/20260108T163622-6a2855e80f96423f8e6321ab3a435bdc-1194.npz,158,90.93798828125,1742.8541259765625,0.005633336957544088
/home/haselab/murakawa/stable-deep-world-model/logdir/atari_frostbite_vta_20260107_202443,atari_frostbite,/home/haselab/murakawa/stable-deep-world-model/logdir/atari_frostbite_vta_20260107_202443/latest.pt,/home/haselab/murakawa/stable-deep-world-model/logdir/atari_frostbite_vta_20260107_202443/train_eps/20260108T163622-6a2855e80f96423f8e6321ab3a435bdc-1194.npz,159,90.93798828125,1742.8541259765625,0.006645599380135536
/home/haselab/murakawa/stable-deep-world-model/logdir/atari_frostbite_vta_20260107_202443,atari_frostbite,/home/haselab/murakawa/stable-deep-world-model/logdir/atari_frostbite_vta_20260107_202443/latest.pt,/home/haselab/murakawa/stable-deep-world-model/logdir/atari_frostbite_vta_20260107_202443/train_eps/20260108T163622-6a2855e80f96423f8e6321ab3a435bdc-1194.npz,160,90.78240966796875,1738.51513671875,0.008126405999064445
/home/haselab/murakawa/stable-deep-world-model/logdir/atari_frostbite_vta_20260107_202443,atari_frostbite,/home/haselab/murakawa/stable-deep-world-model/logdir/atari_frostbite_vta_20260107_202443/latest.pt,/home/haselab/murakawa/stable-deep-world-model/logdir/atari_frostbite_vta_20260107_202443/train_eps/20260108T163622-6a2855e80f96423f8e6321ab3a435bdc-1194.npz,161,90.78240966796875,1738.51513671875,0.0071595292538404465
/home/haselab/murakawa/stable-deep-world-model/logdir/atari_frostbite_vta_20260107_202443,atari_frostbite,/home/haselab/murakawa/stable-deep-world-model/logdir/atari_frostbite_vta_20260107_202443/latest.pt,/home/haselab/murakawa/stable-deep-world-model/logdir/atari_frostbite_vta_20260107_202443/train_eps/20260108T163622-6a2855e80f96423f8e6321ab3a435bdc-1194.npz,162,90.86157989501953,1741.455078125,0.007157968357205391
/home/haselab/murakawa/stable-deep-world-model/logdir/atari_frostbite_vta_20260107_202443,atari_frostbite,/home/haselab/murakawa/stable-deep-world-model/logdir/atari_frostbite_vta_20260107_202443/latest.pt,/home/haselab/murakawa/stable-deep-world-model/logdir/atari_frostbite_vta_20260107_202443/train_eps/20260108T163622-6a2855e80f96423f8e6321ab3a435bdc-1194.npz,163,90.86157989501953,1741.455078125,0.008635806851089
/home/haselab/murakawa/stable-deep-world-model/logdir/atari_frostbite_vta_20260107_202443,atari_frostbite,/home/haselab/murakawa/stable-deep-world-model/logdir/atari_frostbite_vta_20260107_202443/latest.pt,/home/haselab/murakawa/stable-deep-world-model/logdir/atari_frostbite_vta_20260107_202443/train_eps/20260108T163622-6a2855e80f96423f8e6321ab3a435bdc-1194.npz,164,90.80679321289062,1737.024169921875,0.012792102061212063
/home/haselab/murakawa/stable-deep-world-model/logdir/atari_frostbite_vta_20260107_202443,atari_frostbite,/home/haselab/murakawa/stable-deep-world-model/logdir/atari_frostbite_vta_20260107_202443/latest.pt,/home/haselab/murakawa/stable-deep-world-model/logdir/atari_frostbite_vta_20260107_202443/train_eps/20260108T163622-6a2855e80f96423f8e6321ab3a435bdc-1194.npz,165,90.80679321289062,1737.024169921875,0.005371787119656801
/home/haselab/murakawa/stable-deep-world-model/logdir/atari_frostbite_vta_20260107_202443,atari_frostbite,/home/haselab/murakawa/stable-deep-world-model/logdir/atari_frostbite_vta_20260107_202443/latest.pt,/home/haselab/murakawa/stable-deep-world-model/logdir/atari_frostbite_vta_20260107_202443/train_eps/20260108T163622-6a2855e80f96423f8e6321ab3a435bdc-1194.npz,166,90.95084381103516,1742.0997314453125,0.06173623353242874
/home/haselab/murakawa/stable-deep-world-model/logdir/atari_frostbite_vta_20260107_202443,atari_frostbite,/home/haselab/murakawa/stable-deep-world-model/logdir/atari_frostbite_vta_20260107_202443/latest.pt,/home/haselab/murakawa/stable-deep-world-model/logdir/atari_frostbite_vta_20260107_202443/train_eps/20260108T163622-6a2855e80f96423f8e6321ab3a435bdc-1194.npz,167,90.95084381103516,1742.0997314453125,0.009626018814742565
/home/haselab/murakawa/stable-deep-world-model/logdir/atari_frostbite_vta_20260107_202443,atari_frostbite,/home/haselab/murakawa/stable-deep-world-model/logdir/atari_frostbite_vta_20260107_202443/latest.pt,/home/haselab/murakawa/stable-deep-world-model/logdir/atari_frostbite_vta_20260107_202443/train_eps/20260108T163622-6a2855e80f96423f8e6321ab3a435bdc-1194.npz,168,91.04698181152344,1746.678466796875,0.006792075000703335
/home/haselab/murakawa/stable-deep-world-model/logdir/atari_frostbite_vta_20260107_202443,atari_frostbite,/home/haselab/murakawa/stable-deep-world-model/logdir/atari_frostbite_vta_20260107_202443/latest.pt,/home/haselab/murakawa/stable-deep-world-model/logdir/atari_frostbite_vta_20260107_202443/train_eps/20260108T163622-6a2855e80f96423f8e6321ab3a435bdc-1194.npz,169,91.04698181152344,1746.678466796875,0.007128612603992224
/home/haselab/murakawa/stable-deep-world-model/logdir/atari_frostbite_vta_20260107_202443,atari_frostbite,/home/haselab/murakawa/stable-deep-world-model/logdir/atari_frostbite_vta_20260107_202443/latest.pt,/home/haselab/murakawa/stable-deep-world-model/logdir/atari_frostbite_vta_20260107_202443/train_eps/20260108T163622-6a2855e80f96423f8e6321ab3a435bdc-1194.npz,170,90.67141723632812,1734.8868408203125,0.019272437319159508
/home/haselab/murakawa/stable-deep-world-model/logdir/atari_frostbite_vta_20260107_202443,atari_frostbite,/home/haselab/murakawa/stable-deep-world-model/logdir/atari_frostbite_vta_20260107_202443/latest.pt,/home/haselab/murakawa/stable-deep-world-model/logdir/atari_frostbite_vta_20260107_202443/train_eps/20260108T163622-6a2855e80f96423f8e6321ab3a435bdc-1194.npz,171,90.67141723632812,1734.8868408203125,0.06862962245941162
/home/haselab/murakawa/stable-deep-world-model/logdir/atari_frostbite_vta_20260107_202443,atari_frostbite,/home/haselab/murakawa/stable-deep-world-model/logdir/atari_frostbite_vta_20260107_202443/latest.pt,/home/haselab/murakawa/stable-deep-world-model/logdir/atari_frostbite_vta_20260107_202443/train_eps/20260108T163622-6a2855e80f96423f8e6321ab3a435bdc-1194.npz,172,90.83238983154297,1743.2042236328125,0.049820464104413986
/home/haselab/murakawa/stable-deep-world-model/logdir/atari_frostbite_vta_20260107_202443,atari_frostbite,/home/haselab/murakawa/stable-deep-world-model/logdir/atari_frostbite_vta_20260107_202443/latest.pt,/home/haselab/murakawa/stable-deep-world-model/logdir/atari_frostbite_vta_20260107_202443/train_eps/20260108T163622-6a2855e80f96423f8e6321ab3a435bdc-1194.npz,173,90.83238983154297,1743.2042236328125,0.04945947974920273
/home/haselab/murakawa/stable-deep-world-model/logdir/atari_frostbite_vta_20260107_202443,atari_frostbite,/home/haselab/murakawa/stable-deep-world-model/logdir/atari_frostbite_vta_20260107_202443/latest.pt,/home/haselab/murakawa/stable-deep-world-model/logdir/atari_frostbite_vta_20260107_202443/train_eps/20260108T163622-6a2855e80f96423f8e6321ab3a435bdc-1194.npz,174,91.01280212402344,1746.7784423828125,0.10987596958875656
/home/haselab/murakawa/stable-deep-world-model/logdir/atari_frostbite_vta_20260107_202443,atari_frostbite,/home/haselab/murakawa/stable-deep-world-model/logdir/atari_frostbite_vta_20260107_202443/latest.pt,/home/haselab/murakawa/stable-deep-world-model/logdir/atari_frostbite_vta_20260107_202443/train_eps/20260108T163622-6a2855e80f96423f8e6321ab3a435bdc-1194.npz,175,91.01280212402344,1746.7784423828125,0.11382689327001572
/home/haselab/murakawa/stable-deep-world-model/logdir/atari_frostbite_vta_20260107_202443,atari_frostbite,/home/haselab/murakawa/stable-deep-world-model/logdir/atari_frostbite_vta_20260107_202443/latest.pt,/home/haselab/murakawa/stable-deep-world-model/logdir/atari_frostbite_vta_20260107_202443/train_eps/20260108T163622-6a2855e80f96423f8e6321ab3a435bdc-1194.npz,176,90.9764175415039,1743.3994140625,0.23597267270088196
/home/haselab/murakawa/stable-deep-world-model/logdir/atari_frostbite_vta_20260107_202443,atari_frostbite,/home/haselab/murakawa/stable-deep-world-model/logdir/atari_frostbite_vta_20260107_202443/latest.pt,/home/haselab/murakawa/stable-deep-world-model/logdir/atari_frostbite_vta_20260107_202443/train_eps/20260108T163622-6a2855e80f96423f8e6321ab3a435bdc-1194.npz,177,90.9764175415039,1743.3994140625,1.967787265777588
/home/haselab/murakawa/stable-deep-world-model/logdir/atari_frostbite_vta_20260107_202443,atari_frostbite,/home/haselab/murakawa/stable-deep-world-model/logdir/atari_frostbite_vta_20260107_202443/latest.pt,/home/haselab/murakawa/stable-deep-world-model/logdir/atari_frostbite_vta_20260107_202443/train_eps/20260108T163622-6a2855e80f96423f8e6321ab3a435bdc-1194.npz,178,90.80166625976562,1736.7886962890625,0.6949137449264526
/home/haselab/murakawa/stable-deep-world-model/logdir/atari_frostbite_vta_20260107_202443,atari_frostbite,/home/haselab/murakawa/stable-deep-world-model/logdir/atari_frostbite_vta_20260107_202443/latest.pt,/home/haselab/murakawa/stable-deep-world-model/logdir/atari_frostbite_vta_20260107_202443/train_eps/20260108T163622-6a2855e80f96423f8e6321ab3a435bdc-1194.npz,179,15.855520248413086,42.409053802490234,0.08655103296041489
/home/haselab/murakawa/stable-deep-world-model/logdir/atari_frostbite_vta_20260107_202443,atari_frostbite,/home/haselab/murakawa/stable-deep-world-model/logdir/atari_frostbite_vta_20260107_202443/latest.pt,/home/haselab/murakawa/stable-deep-world-model/logdir/atari_frostbite_vta_20260107_202443/train_eps/20260108T163622-6a2855e80f96423f8e6321ab3a435bdc-1194.npz,180,16.061370849609375,43.40498352050781,2.229238634754438e-05
/home/haselab/murakawa/stable-deep-world-model/logdir/atari_frostbite_vta_20260107_202443,atari_frostbite,/home/haselab/murakawa/stable-deep-world-model/logdir/atari_frostbite_vta_20260107_202443/latest.pt,/home/haselab/murakawa/stable-deep-world-model/logdir/atari_frostbite_vta_20260107_202443/train_eps/20260108T163622-6a2855e80f96423f8e6321ab3a435bdc-1194.npz,181,16.061370849609375,43.40498352050781,-6.8945144596687866e-15
/home/haselab/murakawa/stable-deep-world-model/logdir/atari_frostbite_vta_20260107_202443,atari_frostbite,/home/haselab/murakawa/stable-deep-world-model/logdir/atari_frostbite_vta_20260107_202443/latest.pt,/home/haselab/murakawa/stable-deep-world-model/logdir/atari_frostbite_vta_20260107_202443/train_eps/20260108T163622-6a2855e80f96423f8e6321ab3a435bdc-1194.npz,182,15.845181465148926,42.410438537597656,-4.488600881838867e-18
/home/haselab/murakawa/stable-deep-world-model/logdir/atari_frostbite_vta_20260107_202443,atari_frostbite,/home/haselab/murakawa/stable-deep-world-model/logdir/atari_frostbite_vta_20260107_202443/latest.pt,/home/haselab/murakawa/stable-deep-world-model/logdir/atari_frostbite_vta_20260107_202443/train_eps/20260108T163622-6a2855e80f96423f8e6321ab3a435bdc-1194.npz,183,15.845181465148926,42.410438537597656,-7.948203011383284e-16
/home/haselab/murakawa/stable-deep-world-model/logdir/atari_frostbite_vta_20260107_202443,atari_frostbite,/home/haselab/murakawa/stable-deep-world-model/logdir/atari_frostbite_vta_20260107_202443/latest.pt,/home/haselab/murakawa/stable-deep-world-model/logdir/atari_frostbite_vta_20260107_202443/train_eps/20260108T163622-6a2855e80f96423f8e6321ab3a435bdc-1194.npz,184,15.948558807373047,42.6256217956543,-4.626916944981024e-16
/home/haselab/murakawa/stable-deep-world-model/logdir/atari_frostbite_vta_20260107_202443,atari_frostbite,/home/haselab/murakawa/stable-deep-world-model/logdir/atari_frostbite_vta_20260107_202443/latest.pt,/home/haselab/murakawa/stable-deep-world-model/logdir/atari_frostbite_vta_20260107_202443/train_eps/20260108T163622-6a2855e80f96423f8e6321ab3a435bdc-1194.npz,185,15.948558807373047,42.6256217956543,-5.695722281946931e-15
/home/haselab/murakawa/stable-deep-world-model/logdir/atari_frostbite_vta_20260107_202443,atari_frostbite,/home/haselab/murakawa/stable-deep-world-model/logdir/atari_frostbite_vta_20260107_202443/latest.pt,/home/haselab/murakawa/stable-deep-world-model/logdir/atari_frostbite_vta_20260107_202443/train_eps/20260108T163622-6a2855e80f96423f8e6321ab3a435bdc-1194.npz,186,15.96745491027832,42.83601379394531,-1.0177244856861452e-14
/home/haselab/murakawa/stable-deep-world-model/logdir/atari_frostbite_vta_20260107_202443,atari_frostbite,/home/haselab/murakawa/stable-deep-world-model/logdir/atari_frostbite_vta_20260107_202443/latest.pt,/home/haselab/murakawa/stable-deep-world-model/logdir/atari_frostbite_vta_20260107_202443/train_eps/20260108T163622-6a2855e80f96423f8e6321ab3a435bdc-1194.npz,187,15.96745491027832,42.83601379394531,-6.129305742152199e-15
/home/haselab/murakawa/stable-deep-world-model/logdir/atari_frostbite_vta_20260107_202443,atari_frostbite,/home/haselab/murakawa/stable-deep-world-model/logdir/atari_frostbite_vta_20260107_202443/latest.pt,/home/haselab/murakawa/stable-deep-world-model/logdir/atari_frostbite_vta_20260107_202443/train_eps/20260108T163622-6a2855e80f96423f8e6321ab3a435bdc-1194.npz,188,15.960612297058105,42.54973220825195,-2.1451465143053003e-15
/home/haselab/murakawa/stable-deep-world-model/logdir/atari_frostbite_vta_20260107_202443,atari_frostbite,/home/haselab/murakawa/stable-deep-world-model/logdir/atari_frostbite_vta_20260107_202443/latest.pt,/home/haselab/murakawa/stable-deep-world-model/logdir/atari_frostbite_vta_20260107_202443/train_eps/20260108T163622-6a2855e80f96423f8e6321ab3a435bdc-1194.npz,189,15.960612297058105,42.54973220825195,-4.1681453719023733e-16
/home/haselab/murakawa/stable-deep-world-model/logdir/atari_frostbite_vta_20260107_202443,atari_frostbite,/home/haselab/murakawa/stable-deep-world-model/logdir/atari_frostbite_vta_20260107_202443/latest.pt,/home/haselab/murakawa/stable-deep-world-model/logdir/atari_frostbite_vta_20260107_202443/train_eps/20260108T163622-6a2855e80f96423f8e6321ab3a435bdc-1194.npz,190,15.984526634216309,42.92753601074219,5.960461066933931e-07
/home/haselab/murakawa/stable-deep-world-model/logdir/atari_frostbite_vta_20260107_202443,atari_frostbite,/home/haselab/murakawa/stable-deep-world-model/logdir/atari_frostbite_vta_20260107_202443/latest.pt,/home/haselab/murakawa/stable-deep-world-model/logdir/atari_frostbite_vta_20260107_202443/train_eps/20260108T163622-6a2855e80f96423f8e6321ab3a435bdc-1194.npz,191,15.984526634216309,42.92753601074219,1.1920897691197752e-07
/home/haselab/murakawa/stable-deep-world-model/logdir/atari_frostbite_vta_20260107_202443,atari_frostbite,/home/haselab/murakawa/stable-deep-world-model/logdir/atari_frostbite_vta_20260107_202443/latest.pt,/home/haselab/murakawa/stable-deep-world-model/logdir/atari_frostbite_vta_20260107_202443/train_eps/20260108T163622-6a2855e80f96423f8e6321ab3a435bdc-1194.npz,192,16.12398910522461,43.77027130126953,-1.8653140013494274e-13
/home/haselab/murakawa/stable-deep-world-model/logdir/atari_frostbite_vta_20260107_202443,atari_frostbite,/home/haselab/murakawa/stable-deep-world-model/logdir/atari_frostbite_vta_20260107_202443/latest.pt,/home/haselab/murakawa/stable-deep-world-model/logdir/atari_frostbite_vta_20260107_202443/train_eps/20260108T163622-6a2855e80f96423f8e6321ab3a435bdc-1194.npz,193,16.12398910522461,43.77027130126953,-1.8885498091585073e-13
/home/haselab/murakawa/stable-deep-world-model/logdir/atari_frostbite_vta_20260107_202443,atari_frostbite,/home/haselab/murakawa/stable-deep-world-model/logdir/atari_frostbite_vta_20260107_202443/latest.pt,/home/haselab/murakawa/stable-deep-world-model/logdir/atari_frostbite_vta_20260107_202443/train_eps/20260108T163622-6a2855e80f96423f8e6321ab3a435bdc-1194.npz,194,15.990131378173828,43.006080627441406,2.3841833751703234e-07
/home/haselab/murakawa/stable-deep-world-model/logdir/atari_frostbite_vta_20260107_202443,atari_frostbite,/home/haselab/murakawa/stable-deep-world-model/logdir/atari_frostbite_vta_20260107_202443/latest.pt,/home/haselab/murakawa/stable-deep-world-model/logdir/atari_frostbite_vta_20260107_202443/train_eps/20260108T163622-6a2855e80f96423f8e6321ab3a435bdc-1194.npz,195,17.57660675048828,39.51616668701172,4.768370729379967e-07
/home/haselab/murakawa/stable-deep-world-model/logdir/atari_frostbite_vta_20260107_202443,atari_frostbite,/home/haselab/murakawa/stable-deep-world-model/logdir/atari_frostbite_vta_20260107_202443/latest.pt,/home/haselab/murakawa/stable-deep-world-model/logdir/atari_frostbite_vta_20260107_202443/train_eps/20260108T163622-6a2855e80f96423f8e6321ab3a435bdc-1194.npz,196,39.70243835449219,54.24372863769531,5.960466182841628e-07
/home/haselab/murakawa/stable-deep-world-model/logdir/atari_frostbite_vta_20260107_202443,atari_frostbite,/home/haselab/murakawa/stable-deep-world-model/logdir/atari_frostbite_vta_20260107_202443/latest.pt,/home/haselab/murakawa/stable-deep-world-model/logdir/atari_frostbite_vta_20260107_202443/train_eps/20260108T163622-6a2855e80f96423f8e6321ab3a435bdc-1194.npz,197,42.20338439941406,54.53716278076172,-4.954541985013883e-12
/home/haselab/murakawa/stable-deep-world-model/logdir/atari_frostbite_vta_20260107_202443,atari_frostbite,/home/haselab/murakawa/stable-deep-world-model/logdir/atari_frostbite_vta_20260107_202443/latest.pt,/home/haselab/murakawa/stable-deep-world-model/logdir/atari_frostbite_vta_20260107_202443/train_eps/20260108T163622-6a2855e80f96423f8e6321ab3a435bdc-1194.npz,198,58.75565719604492,59.96474838256836,-3.972646044180727e-19
/home/haselab/murakawa/stable-deep-world-model/logdir/atari_frostbite_vta_20260107_202443,atari_frostbite,/home/haselab/murakawa/stable-deep-world-model/logdir/atari_frostbite_vta_20260107_202443/latest.pt,/home/haselab/murakawa/stable-deep-world-model/logdir/atari_frostbite_vta_20260107_202443/train_eps/20260108T163622-6a2855e80f96423f8e6321ab3a435bdc-1194.npz,199,52.31898880004883,72.18940734863281,4.227447114157207e-13
/home/haselab/murakawa/stable-deep-world-model/logdir/atari_frostbite_vta_20260107_202443,atari_frostbite,/home/haselab/murakawa/stable-deep-world-model/logdir/atari_frostbite_vta_20260107_202443/latest.pt,/home/haselab/murakawa/stable-deep-world-model/logdir/atari_frostbite_vta_20260107_202443/train_eps/20260108T163622-6a2855e80f96423f8e6321ab3a435bdc-1194.npz,200,51.28895950317383,84.8826904296875,4.5178252762779424e-20
/home/haselab/murakawa/stable-deep-world-model/logdir/atari_frostbite_vta_20260107_202443,atari_frostbite,/home/haselab/murakawa/stable-deep-world-model/logdir/atari_frostbite_vta_20260107_202443/latest.pt,/home/haselab/murakawa/stable-deep-world-model/logdir/atari_frostbite_vta_20260107_202443/train_eps/20260108T163622-6a2855e80f96423f8e6321ab3a435bdc-1194.npz,201,53.84593200683594,113.30563354492188,2.6379287366172564e-16
/home/haselab/murakawa/stable-deep-world-model/logdir/atari_frostbite_vta_20260107_202443,atari_frostbite,/home/haselab/murakawa/stable-deep-world-model/logdir/atari_frostbite_vta_20260107_202443/latest.pt,/home/haselab/murakawa/stable-deep-world-model/logdir/atari_frostbite_vta_20260107_202443/train_eps/20260108T163622-6a2855e80f96423f8e6321ab3a435bdc-1194.npz,202,73.84142303466797,194.2871551513672,1.6177651069078328e-20
/home/haselab/murakawa/stable-deep-world-model/logdir/atari_frostbite_vta_20260107_202443,atari_frostbite,/home/haselab/murakawa/stable-deep-world-model/logdir/atari_frostbite_vta_20260107_202443/latest.pt,/home/haselab/murakawa/stable-deep-world-model/logdir/atari_frostbite_vta_20260107_202443/train_eps/20260108T163622-6a2855e80f96423f8e6321ab3a435bdc-1194.npz,203,71.37382507324219,211.36160278320312,-3.955094564052059e-19
/home/haselab/murakawa/stable-deep-world-model/logdir/atari_frostbite_vta_20260107_202443,atari_frostbite,/home/haselab/murakawa/stable-deep-world-model/logdir/atari_frostbite_vta_20260107_202443/latest.pt,/home/haselab/murakawa/stable-deep-world-model/logdir/atari_frostbite_vta_20260107_202443/train_eps/20260108T163622-6a2855e80f96423f8e6321ab3a435bdc-1194.npz,204,78.7970962524414,260.2984313964844,-1.5947307832457104e-14
/home/haselab/murakawa/stable-deep-world-model/logdir/atari_frostbite_vta_20260107_202443,atari_frostbite,/home/haselab/murakawa/stable-deep-world-model/logdir/atari_frostbite_vta_20260107_202443/latest.pt,/home/haselab/murakawa/stable-deep-world-model/logdir/atari_frostbite_vta_20260107_202443/train_eps/20260108T163622-6a2855e80f96423f8e6321ab3a435bdc-1194.npz,205,73.9980239868164,227.0179901123047,-1.0323313306335292e-16
/home/haselab/murakawa/stable-deep-world-model/logdir/atari_frostbite_vta_20260107_202443,atari_frostbite,/home/haselab/murakawa/stable-deep-world-model/logdir/atari_frostbite_vta_20260107_202443/latest.pt,/home/haselab/murakawa/stable-deep-world-model/logdir/atari_frostbite_vta_20260107_202443/train_eps/20260108T163622-6a2855e80f96423f8e6321ab3a435bdc-1194.npz,206,79.46110534667969,288.793701171875,-1.496416177277672e-14
/home/haselab/murakawa/stable-deep-world-model/logdir/atari_frostbite_vta_20260107_202443,atari_frostbite,/home/haselab/murakawa/stable-deep-world-model/logdir/atari_frostbite_vta_20260107_202443/latest.pt,/home/haselab/murakawa/stable-deep-world-model/logdir/atari_frostbite_vta_20260107_202443/train_eps/20260108T163622-6a2855e80f96423f8e6321ab3a435bdc-1194.npz,207,81.25006866455078,343.0550231933594,-2.863481235849113e-17
/home/haselab/murakawa/stable-deep-world-model/logdir/atari_frostbite_vta_20260107_202443,atari_frostbite,/home/haselab/murakawa/stable-deep-world-model/logdir/atari_frostbite_vta_20260107_202443/latest.pt,/home/haselab/murakawa/stable-deep-world-model/logdir/atari_frostbite_vta_20260107_202443/train_eps/20260108T163622-6a2855e80f96423f8e6321ab3a435bdc-1194.npz,208,77.8494873046875,383.054931640625,-5.916133468536477e-14
/home/haselab/murakawa/stable-deep-world-model/logdir/atari_frostbite_vta_20260107_202443,atari_frostbite,/home/haselab/murakawa/stable-deep-world-model/logdir/atari_frostbite_vta_20260107_202443/latest.pt,/home/haselab/murakawa/stable-deep-world-model/logdir/atari_frostbite_vta_20260107_202443/train_eps/20260108T163622-6a2855e80f96423f8e6321ab3a435bdc-1194.npz,209,75.05325317382812,396.8766784667969,2.2927851024007184e-12
/home/haselab/murakawa/stable-deep-world-model/logdir/atari_frostbite_vta_20260107_202443,atari_frostbite,/home/haselab/murakawa/stable-deep-world-model/logdir/atari_frostbite_vta_20260107_202443/latest.pt,/home/haselab/murakawa/stable-deep-world-model/logdir/atari_frostbite_vta_20260107_202443/train_eps/20260108T163622-6a2855e80f96423f8e6321ab3a435bdc-1194.npz,210,79.77851867675781,561.5738525390625,-7.81474291202712e-14
/home/haselab/murakawa/stable-deep-world-model/logdir/atari_frostbite_vta_20260107_202443,atari_frostbite,/home/haselab/murakawa/stable-deep-world-model/logdir/atari_frostbite_vta_20260107_202443/latest.pt,/home/haselab/murakawa/stable-deep-world-model/logdir/atari_frostbite_vta_20260107_202443/train_eps/20260108T163622-6a2855e80f96423f8e6321ab3a435bdc-1194.npz,211,79.36328887939453,520.1951293945312,3.3606331693164515e-13
/home/haselab/murakawa/stable-deep-world-model/logdir/atari_frostbite_vta_20260107_202443,atari_frostbite,/home/haselab/murakawa/stable-deep-world-model/logdir/atari_frostbite_vta_20260107_202443/latest.pt,/home/haselab/murakawa/stable-deep-world-model/logdir/atari_frostbite_vta_20260107_202443/train_eps/20260108T163622-6a2855e80f96423f8e6321ab3a435bdc-1194.npz,212,76.97328186035156,554.1095581054688,3.6356759616773537e-12
/home/haselab/murakawa/stable-deep-world-model/logdir/atari_frostbite_vta_20260107_202443,atari_frostbite,/home/haselab/murakawa/stable-deep-world-model/logdir/atari_frostbite_vta_20260107_202443/latest.pt,/home/haselab/murakawa/stable-deep-world-model/logdir/atari_frostbite_vta_20260107_202443/train_eps/20260108T163622-6a2855e80f96423f8e6321ab3a435bdc-1194.npz,213,76.97328186035156,554.1095581054688,6.770082541449063e-13
/home/haselab/murakawa/stable-deep-world-model/logdir/atari_frostbite_vta_20260107_202443,atari_frostbite,/home/haselab/murakawa/stable-deep-world-model/logdir/atari_frostbite_vta_20260107_202443/latest.pt,/home/haselab/murakawa/stable-deep-world-model/logdir/atari_frostbite_vta_20260107_202443/train_eps/20260108T163622-6a2855e80f96423f8e6321ab3a435bdc-1194.npz,214,75.31993865966797,582.70458984375,9.077316806202496e-13
/home/haselab/murakawa/stable-deep-world-model/logdir/atari_frostbite_vta_20260107_202443,atari_frostbite,/home/haselab/murakawa/stable-deep-world-model/logdir/atari_frostbite_vta_20260107_202443/latest.pt,/home/haselab/murakawa/stable-deep-world-model/logdir/atari_frostbite_vta_20260107_202443/train_eps/20260108T163622-6a2855e80f96423f8e6321ab3a435bdc-1194.npz,215,78.9308853149414,756.913330078125,1.1932731278779807e-12
/home/haselab/murakawa/stable-deep-world-model/logdir/atari_frostbite_vta_20260107_202443,atari_frostbite,/home/haselab/murakawa/stable-deep-world-model/logdir/atari_frostbite_vta_20260107_202443/latest.pt,/home/haselab/murakawa/stable-deep-world-model/logdir/atari_frostbite_vta_20260107_202443/train_eps/20260108T163622-6a2855e80f96423f8e6321ab3a435bdc-1194.npz,216,84.99015808105469,930.0786743164062,1.743858529801301e-11
/home/haselab/murakawa/stable-deep-world-model/logdir/atari_frostbite_vta_20260107_202443,atari_frostbite,/home/haselab/murakawa/stable-deep-world-model/logdir/atari_frostbite_vta_20260107_202443/latest.pt,/home/haselab/murakawa/stable-deep-world-model/logdir/atari_frostbite_vta_20260107_202443/train_eps/20260108T163622-6a2855e80f96423f8e6321ab3a435bdc-1194.npz,217,83.92658996582031,977.2508544921875,1.2439443572431763e-11
/home/haselab/murakawa/stable-deep-world-model/logdir/atari_frostbite_vta_20260107_202443,atari_frostbite,/home/haselab/murakawa/stable-deep-world-model/logdir/atari_frostbite_vta_20260107_202443/latest.pt,/home/haselab/murakawa/stable-deep-world-model/logdir/atari_frostbite_vta_20260107_202443/train_eps/20260108T163622-6a2855e80f96423f8e6321ab3a435bdc-1194.npz,218,84.53316497802734,977.5709838867188,7.060494766966685e-13
/home/haselab/murakawa/stable-deep-world-model/logdir/atari_frostbite_vta_20260107_202443,atari_frostbite,/home/haselab/murakawa/stable-deep-world-model/logdir/atari_frostbite_vta_20260107_202443/latest.pt,/home/haselab/murakawa/stable-deep-world-model/logdir/atari_frostbite_vta_20260107_202443/train_eps/20260108T163622-6a2855e80f96423f8e6321ab3a435bdc-1194.npz,219,84.61907958984375,961.8709106445312,1.8762699727226106e-12
/home/haselab/murakawa/stable-deep-world-model/logdir/atari_frostbite_vta_20260107_202443,atari_frostbite,/home/haselab/murakawa/stable-deep-world-model/logdir/atari_frostbite_vta_20260107_202443/latest.pt,/home/haselab/murakawa/stable-deep-world-model/logdir/atari_frostbite_vta_20260107_202443/train_eps/20260108T163622-6a2855e80f96423f8e6321ab3a435bdc-1194.npz,220,86.90284729003906,945.5900268554688,-6.462839152935446e-16
/home/haselab/murakawa/stable-deep-world-model/logdir/atari_frostbite_vta_20260107_202443,atari_frostbite,/home/haselab/murakawa/stable-deep-world-model/logdir/atari_frostbite_vta_20260107_202443/latest.pt,/home/haselab/murakawa/stable-deep-world-model/logdir/atari_frostbite_vta_20260107_202443/train_eps/20260108T163622-6a2855e80f96423f8e6321ab3a435bdc-1194.npz,221,86.67225646972656,962.4981079101562,-8.530037354390551e-16
/home/haselab/murakawa/stable-deep-world-model/logdir/atari_frostbite_vta_20260107_202443,atari_frostbite,/home/haselab/murakawa/stable-deep-world-model/logdir/atari_frostbite_vta_20260107_202443/latest.pt,/home/haselab/murakawa/stable-deep-world-model/logdir/atari_frostbite_vta_20260107_202443/train_eps/20260108T163622-6a2855e80f96423f8e6321ab3a435bdc-1194.npz,222,89.77056884765625,1001.3828125,-7.328351050376385e-17
/home/haselab/murakawa/stable-deep-world-model/logdir/atari_frostbite_vta_20260107_202443,atari_frostbite,/home/haselab/murakawa/stable-deep-world-model/logdir/atari_frostbite_vta_20260107_202443/latest.pt,/home/haselab/murakawa/stable-deep-world-model/logdir/atari_frostbite_vta_20260107_202443/train_eps/20260108T163622-6a2855e80f96423f8e6321ab3a435bdc-1194.npz,223,94.98739624023438,1054.989013671875,-1.1345508950724725e-13
/home/haselab/murakawa/stable-deep-world-model/logdir/atari_frostbite_vta_20260107_202443,atari_frostbite,/home/haselab/murakawa/stable-deep-world-model/logdir/atari_frostbite_vta_20260107_202443/latest.pt,/home/haselab/murakawa/stable-deep-world-model/logdir/atari_frostbite_vta_20260107_202443/train_eps/20260108T163622-6a2855e80f96423f8e6321ab3a435bdc-1194.npz,224,99.39166259765625,1050.0924072265625,-3.305587898911678e-16
/home/haselab/murakawa/stable-deep-world-model/logdir/atari_frostbite_vta_20260107_202443,atari_frostbite,/home/haselab/murakawa/stable-deep-world-model/logdir/atari_frostbite_vta_20260107_202443/latest.pt,/home/haselab/murakawa/stable-deep-world-model/logdir/atari_frostbite_vta_20260107_202443/train_eps/20260108T163622-6a2855e80f96423f8e6321ab3a435bdc-1194.npz,225,89.77923583984375,844.5780029296875,-2.909063506577325e-14
/home/haselab/murakawa/stable-deep-world-model/logdir/atari_frostbite_vta_20260107_202443,atari_frostbite,/home/haselab/murakawa/stable-deep-world-model/logdir/atari_frostbite_vta_20260107_202443/latest.pt,/home/haselab/murakawa/stable-deep-world-model/logdir/atari_frostbite_vta_20260107_202443/train_eps/20260108T163622-6a2855e80f96423f8e6321ab3a435bdc-1194.npz,226,86.02125549316406,792.7310791015625,-2.0223222900304537e-15
/home/haselab/murakawa/stable-deep-world-model/logdir/atari_frostbite_vta_20260107_202443,atari_frostbite,/home/haselab/murakawa/stable-deep-world-model/logdir/atari_frostbite_vta_20260107_202443/latest.pt,/home/haselab/murakawa/stable-deep-world-model/logdir/atari_frostbite_vta_20260107_202443/train_eps/20260108T163622-6a2855e80f96423f8e6321ab3a435bdc-1194.npz,227,84.44432830810547,787.9263305664062,-6.298892220225232e-16
/home/haselab/murakawa/stable-deep-world-model/logdir/atari_frostbite_vta_20260107_202443,atari_frostbite,/home/haselab/murakawa/stable-deep-world-model/logdir/atari_frostbite_vta_20260107_202443/latest.pt,/home/haselab/murakawa/stable-deep-world-model/logdir/atari_frostbite_vta_20260107_202443/train_eps/20260108T163622-6a2855e80f96423f8e6321ab3a435bdc-1194.npz,228,82.11466979980469,695.6786499023438,-1.4334130778614651e-16
/home/haselab/murakawa/stable-deep-world-model/logdir/atari_frostbite_vta_20260107_202443,atari_frostbite,/home/haselab/murakawa/stable-deep-world-model/logdir/atari_frostbite_vta_20260107_202443/latest.pt,/home/haselab/murakawa/stable-deep-world-model/logdir/atari_frostbite_vta_20260107_202443/train_eps/20260108T163622-6a2855e80f96423f8e6321ab3a435bdc-1194.npz,229,48.13201904296875,730.3049926757812,0.0
/home/haselab/murakawa/stable-deep-world-model/logdir/atari_frostbite_vta_20260107_202443,atari_frostbite,/home/haselab/murakawa/stable-deep-world-model/logdir/atari_frostbite_vta_20260107_202443/latest.pt,/home/haselab/murakawa/stable-deep-world-model/logdir/atari_frostbite_vta_20260107_202443/train_eps/20260108T163622-6a2855e80f96423f8e6321ab3a435bdc-1194.npz,230,46.389793395996094,703.471435546875,3.0994460757938214e-06
/home/haselab/murakawa/stable-deep-world-model/logdir/atari_frostbite_vta_20260107_202443,atari_frostbite,/home/haselab/murakawa/stable-deep-world-model/logdir/atari_frostbite_vta_20260107_202443/latest.pt,/home/haselab/murakawa/stable-deep-world-model/logdir/atari_frostbite_vta_20260107_202443/train_eps/20260108T163622-6a2855e80f96423f8e6321ab3a435bdc-1194.npz,231,46.505680084228516,717.6041870117188,-4.511659160144881e-15
/home/haselab/murakawa/stable-deep-world-model/logdir/atari_frostbite_vta_20260107_202443,atari_frostbite,/home/haselab/murakawa/stable-deep-world-model/logdir/atari_frostbite_vta_20260107_202443/latest.pt,/home/haselab/murakawa/stable-deep-world-model/logdir/atari_frostbite_vta_20260107_202443/train_eps/20260108T163622-6a2855e80f96423f8e6321ab3a435bdc-1194.npz,232,49.55828857421875,844.8776245117188,-5.487949335150188e-15
/home/haselab/murakawa/stable-deep-world-model/logdir/atari_frostbite_vta_20260107_202443,atari_frostbite,/home/haselab/murakawa/stable-deep-world-model/logdir/atari_frostbite_vta_20260107_202443/latest.pt,/home/haselab/murakawa/stable-deep-world-model/logdir/atari_frostbite_vta_20260107_202443/train_eps/20260108T163622-6a2855e80f96423f8e6321ab3a435bdc-1194.npz,233,52.90597152709961,933.9894409179688,-9.570319214199695e-18
/home/haselab/murakawa/stable-deep-world-model/logdir/atari_frostbite_vta_20260107_202443,atari_frostbite,/home/haselab/murakawa/stable-deep-world-model/logdir/atari_frostbite_vta_20260107_202443/latest.pt,/home/haselab/murakawa/stable-deep-world-model/logdir/atari_frostbite_vta_20260107_202443/train_eps/20260108T163622-6a2855e80f96423f8e6321ab3a435bdc-1194.npz,234,56.74921417236328,1043.4071044921875,-2.6172163987767246e-15
/home/haselab/murakawa/stable-deep-world-model/logdir/atari_frostbite_vta_20260107_202443,atari_frostbite,/home/haselab/murakawa/stable-deep-world-model/logdir/atari_frostbite_vta_20260107_202443/latest.pt,/home/haselab/murakawa/stable-deep-world-model/logdir/atari_frostbite_vta_20260107_202443/train_eps/20260108T163622-6a2855e80f96423f8e6321ab3a435bdc-1194.npz,235,57.265174865722656,1083.7056884765625,-4.7955716603422974e-17
/home/haselab/murakawa/stable-deep-world-model/logdir/atari_frostbite_vta_20260107_202443,atari_frostbite,/home/haselab/murakawa/stable-deep-world-model/logdir/atari_frostbite_vta_20260107_202443/latest.pt,/home/haselab/murakawa/stable-deep-world-model/logdir/atari_frostbite_vta_20260107_202443/train_eps/20260108T163622-6a2855e80f96423f8e6321ab3a435bdc-1194.npz,236,63.0595588684082,1242.412841796875,-2.816280324863367e-17
/home/haselab/murakawa/stable-deep-world-model/logdir/atari_frostbite_vta_20260107_202443,atari_frostbite,/home/haselab/murakawa/stable-deep-world-model/logdir/atari_frostbite_vta_20260107_202443/latest.pt,/home/haselab/murakawa/stable-deep-world-model/logdir/atari_frostbite_vta_20260107_202443/train_eps/20260108T163622-6a2855e80f96423f8e6321ab3a435bdc-1194.npz,237,64.0088882446289,1310.8306884765625,-2.3505108451615487e-18
/home/haselab/murakawa/stable-deep-world-model/logdir/atari_frostbite_vta_20260107_202443,atari_frostbite,/home/haselab/murakawa/stable-deep-world-model/logdir/atari_frostbite_vta_20260107_202443/latest.pt,/home/haselab/murakawa/stable-deep-world-model/logdir/atari_frostbite_vta_20260107_202443/train_eps/20260108T163622-6a2855e80f96423f8e6321ab3a435bdc-1194.npz,238,75.28134155273438,1636.2559814453125,-6.65751022057384e-17
/home/haselab/murakawa/stable-deep-world-model/logdir/atari_frostbite_vta_20260107_202443,atari_frostbite,/home/haselab/murakawa/stable-deep-world-model/logdir/atari_frostbite_vta_20260107_202443/latest.pt,/home/haselab/murakawa/stable-deep-world-model/logdir/atari_frostbite_vta_20260107_202443/train_eps/20260108T163622-6a2855e80f96423f8e6321ab3a435bdc-1194.npz,239,81.27484130859375,1857.2275390625,-8.417920136112256e-18
/home/haselab/murakawa/stable-deep-world-model/logdir/atari_frostbite_vta_20260107_202443,atari_frostbite,/home/haselab/murakawa/stable-deep-world-model/logdir/atari_frostbite_vta_20260107_202443/latest.pt,/home/haselab/murakawa/stable-deep-world-model/logdir/atari_frostbite_vta_20260107_202443/train_eps/20260108T163622-6a2855e80f96423f8e6321ab3a435bdc-1194.npz,240,88.03996276855469,2036.081298828125,-6.713452031810495e-18
/home/haselab/murakawa/stable-deep-world-model/logdir/atari_frostbite_vta_20260107_202443,atari_frostbite,/home/haselab/murakawa/stable-deep-world-model/logdir/atari_frostbite_vta_20260107_202443/latest.pt,/home/haselab/murakawa/stable-deep-world-model/logdir/atari_frostbite_vta_20260107_202443/train_eps/20260108T163622-6a2855e80f96423f8e6321ab3a435bdc-1194.npz,241,86.00497436523438,1952.3980712890625,-2.5141576036227624e-14
/home/haselab/murakawa/stable-deep-world-model/logdir/atari_frostbite_vta_20260107_202443,atari_frostbite,/home/haselab/murakawa/stable-deep-world-model/logdir/atari_frostbite_vta_20260107_202443/latest.pt,/home/haselab/murakawa/stable-deep-world-model/logdir/atari_frostbite_vta_20260107_202443/train_eps/20260108T163622-6a2855e80f96423f8e6321ab3a435bdc-1194.npz,242,86.40203857421875,1847.3365478515625,1.1920906217710581e-07
/home/haselab/murakawa/stable-deep-world-model/logdir/atari_frostbite_vta_20260107_202443,atari_frostbite,/home/haselab/murakawa/stable-deep-world-model/logdir/atari_frostbite_vta_20260107_202443/latest.pt,/home/haselab/murakawa/stable-deep-world-model/logdir/atari_frostbite_vta_20260107_202443/train_eps/20260108T163622-6a2855e80f96423f8e6321ab3a435bdc-1194.npz,243,86.1733169555664,1832.199462890625,2.3841798224566446e-07
/home/haselab/murakawa/stable-deep-world-model/logdir/atari_frostbite_vta_20260107_202443,atari_frostbite,/home/haselab/murakawa/stable-deep-world-model/logdir/atari_frostbite_vta_20260107_202443/latest.pt,/home/haselab/murakawa/stable-deep-world-model/logdir/atari_frostbite_vta_20260107_202443/train_eps/20260108T163622-6a2855e80f96423f8e6321ab3a435bdc-1194.npz,244,86.19425964355469,1794.719482421875,-2.2783744631064452e-14
/home/haselab/murakawa/stable-deep-world-model/logdir/atari_frostbite_vta_20260107_202443,atari_frostbite,/home/haselab/murakawa/stable-deep-world-model/logdir/atari_frostbite_vta_20260107_202443/latest.pt,/home/haselab/murakawa/stable-deep-world-model/logdir/atari_frostbite_vta_20260107_202443/train_eps/20260108T163622-6a2855e80f96423f8e6321ab3a435bdc-1194.npz,245,85.29141998291016,1763.455810546875,-1.1046019445805876e-14
/home/haselab/murakawa/stable-deep-world-model/logdir/atari_frostbite_vta_20260107_202443,atari_frostbite,/home/haselab/murakawa/stable-deep-world-model/logdir/atari_frostbite_vta_20260107_202443/latest.pt,/home/haselab/murakawa/stable-deep-world-model/logdir/atari_frostbite_vta_20260107_202443/train_eps/20260108T163622-6a2855e80f96423f8e6321ab3a435bdc-1194.npz,246,81.91609954833984,1706.323486328125,-1.7421233675622575e-15
/home/haselab/murakawa/stable-deep-world-model/logdir/atari_frostbite_vta_20260107_202443,atari_frostbite,/home/haselab/murakawa/stable-deep-world-model/logdir/atari_frostbite_vta_20260107_202443/latest.pt,/home/haselab/murakawa/stable-deep-world-model/logdir/atari_frostbite_vta_20260107_202443/train_eps/20260108T163622-6a2855e80f96423f8e6321ab3a435bdc-1194.npz,247,80.67671203613281,1689.650634765625,-8.56311441026214e-13
/home/haselab/murakawa/stable-deep-world-model/logdir/atari_frostbite_vta_20260107_202443,atari_frostbite,/home/haselab/murakawa/stable-deep-world-model/logdir/atari_frostbite_vta_20260107_202443/latest.pt,/home/haselab/murakawa/stable-deep-world-model/logdir/atari_frostbite_vta_20260107_202443/train_eps/20260108T163622-6a2855e80f96423f8e6321ab3a435bdc-1194.npz,248,76.6433334350586,1671.4713134765625,-3.5843771527266366e-12
/home/haselab/murakawa/stable-deep-world-model/logdir/atari_frostbite_vta_20260107_202443,atari_frostbite,/home/haselab/murakawa/stable-deep-world-model/logdir/atari_frostbite_vta_20260107_202443/latest.pt,/home/haselab/murakawa/stable-deep-world-model/logdir/atari_frostbite_vta_20260107_202443/train_eps/20260108T163622-6a2855e80f96423f8e6321ab3a435bdc-1194.npz,249,76.57151794433594,1642.6947021484375,-6.587055662206354e-13
/home/haselab/murakawa/stable-deep-world-model/logdir/atari_frostbite_vta_20260107_202443,atari_frostbite,/home/haselab/murakawa/stable-deep-world-model/logdir/atari_frostbite_vta_20260107_202443/latest.pt,/home/haselab/murakawa/stable-deep-world-model/logdir/atari_frostbite_vta_20260107_202443/train_eps/20260108T163622-6a2855e80f96423f8e6321ab3a435bdc-1194.npz,250,73.56558227539062,1640.4664306640625,6.446890330608079e-12
/home/haselab/murakawa/stable-deep-world-model/logdir/atari_frostbite_vta_20260107_202443,atari_frostbite,/home/haselab/murakawa/stable-deep-world-model/logdir/atari_frostbite_vta_20260107_202443/latest.pt,/home/haselab/murakawa/stable-deep-world-model/logdir/atari_frostbite_vta_20260107_202443/train_eps/20260108T163622-6a2855e80f96423f8e6321ab3a435bdc-1194.npz,251,73.3521957397461,1645.565185546875,6.832326317120913e-14
/home/haselab/murakawa/stable-deep-world-model/logdir/atari_frostbite_vta_20260107_202443,atari_frostbite,/home/haselab/murakawa/stable-deep-world-model/logdir/atari_frostbite_vta_20260107_202443/latest.pt,/home/haselab/murakawa/stable-deep-world-model/logdir/atari_frostbite_vta_20260107_202443/train_eps/20260108T163622-6a2855e80f96423f8e6321ab3a435bdc-1194.npz,252,72.0938491821289,1693.2830810546875,2.8464034514813497e-12
/home/haselab/murakawa/stable-deep-world-model/logdir/atari_frostbite_vta_20260107_202443,atari_frostbite,/home/haselab/murakawa/stable-deep-world-model/logdir/atari_frostbite_vta_20260107_202443/latest.pt,/home/haselab/murakawa/stable-deep-world-model/logdir/atari_frostbite_vta_20260107_202443/train_eps/20260108T163622-6a2855e80f96423f8e6321ab3a435bdc-1194.npz,253,72.30755615234375,1759.8201904296875,2.2859737885993266e-15
/home/haselab/murakawa/stable-deep-world-model/logdir/atari_frostbite_vta_20260107_202443,atari_frostbite,/home/haselab/murakawa/stable-deep-world-model/logdir/atari_frostbite_vta_20260107_202443/latest.pt,/home/haselab/murakawa/stable-deep-world-model/logdir/atari_frostbite_vta_20260107_202443/train_eps/20260108T163622-6a2855e80f96423f8e6321ab3a435bdc-1194.npz,254,77.41947174072266,1991.2906494140625,-7.271698442839363e-16
/home/haselab/murakawa/stable-deep-world-model/logdir/atari_frostbite_vta_20260107_202443,atari_frostbite,/home/haselab/murakawa/stable-deep-world-model/logdir/atari_frostbite_vta_20260107_202443/latest.pt,/home/haselab/murakawa/stable-deep-world-model/logdir/atari_frostbite_vta_20260107_202443/train_eps/20260108T163622-6a2855e80f96423f8e6321ab3a435bdc-1194.npz,255,80.39151763916016,2087.31884765625,-3.099730040669117e-16
/home/haselab/murakawa/stable-deep-world-model/logdir/atari_frostbite_vta_20260107_202443,atari_frostbite,/home/haselab/murakawa/stable-deep-world-model/logdir/atari_frostbite_vta_20260107_202443/latest.pt,/home/haselab/murakawa/stable-deep-world-model/logdir/atari_frostbite_vta_20260107_202443/train_eps/20260108T163622-6a2855e80f96423f8e6321ab3a435bdc-1194.npz,256,82.82194519042969,2124.318603515625,1.225188136708133e-12
/home/haselab/murakawa/stable-deep-world-model/logdir/atari_frostbite_vta_20260107_202443,atari_frostbite,/home/haselab/murakawa/stable-deep-world-model/logdir/atari_frostbite_vta_20260107_202443/latest.pt,/home/haselab/murakawa/stable-deep-world-model/logdir/atari_frostbite_vta_20260107_202443/train_eps/20260108T163622-6a2855e80f96423f8e6321ab3a435bdc-1194.npz,257,79.99967193603516,1965.1248779296875,-1.041838768034431e-10
/home/haselab/murakawa/stable-deep-world-model/logdir/atari_frostbite_vta_20260107_202443,atari_frostbite,/home/haselab/murakawa/stable-deep-world-model/logdir/atari_frostbite_vta_20260107_202443/latest.pt,/home/haselab/murakawa/stable-deep-world-model/logdir/atari_frostbite_vta_20260107_202443/train_eps/20260108T163622-6a2855e80f96423f8e6321ab3a435bdc-1194.npz,258,86.91588592529297,2019.1025390625,-8.031222713776598e-13
/home/haselab/murakawa/stable-deep-world-model/logdir/atari_frostbite_vta_20260107_202443,atari_frostbite,/home/haselab/murakawa/stable-deep-world-model/logdir/atari_frostbite_vta_20260107_202443/latest.pt,/home/haselab/murakawa/stable-deep-world-model/logdir/atari_frostbite_vta_20260107_202443/train_eps/20260108T163622-6a2855e80f96423f8e6321ab3a435bdc-1194.npz,259,86.44796752929688,1974.22802734375,-1.265442151022686e-13
/home/haselab/murakawa/stable-deep-world-model/logdir/atari_frostbite_vta_20260107_202443,atari_frostbite,/home/haselab/murakawa/stable-deep-world-model/logdir/atari_frostbite_vta_20260107_202443/latest.pt,/home/haselab/murakawa/stable-deep-world-model/logdir/atari_frostbite_vta_20260107_202443/train_eps/20260108T163622-6a2855e80f96423f8e6321ab3a435bdc-1194.npz,260,92.70160675048828,2033.033935546875,-1.7207697940169187e-13
/home/haselab/murakawa/stable-deep-world-model/logdir/atari_frostbite_vta_20260107_202443,atari_frostbite,/home/haselab/murakawa/stable-deep-world-model/logdir/atari_frostbite_vta_20260107_202443/latest.pt,/home/haselab/murakawa/stable-deep-world-model/logdir/atari_frostbite_vta_20260107_202443/train_eps/20260108T163622-6a2855e80f96423f8e6321ab3a435bdc-1194.npz,261,92.3659896850586,2012.3902587890625,-1.42531377325672e-11
/home/haselab/murakawa/stable-deep-world-model/logdir/atari_frostbite_vta_20260107_202443,atari_frostbite,/home/haselab/murakawa/stable-deep-world-model/logdir/atari_frostbite_vta_20260107_202443/latest.pt,/home/haselab/murakawa/stable-deep-world-model/logdir/atari_frostbite_vta_20260107_202443/train_eps/20260108T163622-6a2855e80f96423f8e6321ab3a435bdc-1194.npz,262,93.81371307373047,2026.397705078125,4.6072710533848205e-14
/home/haselab/murakawa/stable-deep-world-model/logdir/atari_frostbite_vta_20260107_202443,atari_frostbite,/home/haselab/murakawa/stable-deep-world-model/logdir/atari_frostbite_vta_20260107_202443/latest.pt,/home/haselab/murakawa/stable-deep-world-model/logdir/atari_frostbite_vta_20260107_202443/train_eps/20260108T163622-6a2855e80f96423f8e6321ab3a435bdc-1194.npz,263,96.48941040039062,2050.862548828125,2.4129813702700176e-09
/home/haselab/murakawa/stable-deep-world-model/logdir/atari_frostbite_vta_20260107_202443,atari_frostbite,/home/haselab/murakawa/stable-deep-world-model/logdir/atari_frostbite_vta_20260107_202443/latest.pt,/home/haselab/murakawa/stable-deep-world-model/logdir/atari_frostbite_vta_20260107_202443/train_eps/20260108T163622-6a2855e80f96423f8e6321ab3a435bdc-1194.npz,264,100.1719970703125,2134.483154296875,8.360992787004307e-09
/home/haselab/murakawa/stable-deep-world-model/logdir/atari_frostbite_vta_20260107_202443,atari_frostbite,/home/haselab/murakawa/stable-deep-world-model/logdir/atari_frostbite_vta_20260107_202443/latest.pt,/home/haselab/murakawa/stable-deep-world-model/logdir/atari_frostbite_vta_20260107_202443/train_eps/20260108T163622-6a2855e80f96423f8e6321ab3a435bdc-1194.npz,265,101.06135559082031,2170.843017578125,2.9918421518004834e-08
/home/haselab/murakawa/stable-deep-world-model/logdir/atari_frostbite_vta_20260107_202443,atari_frostbite,/home/haselab/murakawa/stable-deep-world-model/logdir/atari_frostbite_vta_20260107_202443/latest.pt,/home/haselab/murakawa/stable-deep-world-model/logdir/atari_frostbite_vta_20260107_202443/train_eps/20260108T163622-6a2855e80f96423f8e6321ab3a435bdc-1194.npz,266,101.40898132324219,2219.1396484375,3.115981783707866e-08
/home/haselab/murakawa/stable-deep-world-model/logdir/atari_frostbite_vta_20260107_202443,atari_frostbite,/home/haselab/murakawa/stable-deep-world-model/logdir/atari_frostbite_vta_20260107_202443/latest.pt,/home/haselab/murakawa/stable-deep-world-model/logdir/atari_frostbite_vta_20260107_202443/train_eps/20260108T163622-6a2855e80f96423f8e6321ab3a435bdc-1194.npz,267,99.5688247680664,2171.3515625,1.3129815013002144e-09
/home/haselab/murakawa/stable-deep-world-model/logdir/atari_frostbite_vta_20260107_202443,atari_frostbite,/home/haselab/murakawa/stable-deep-world-model/logdir/atari_frostbite_vta_20260107_202443/latest.pt,/home/haselab/murakawa/stable-deep-world-model/logdir/atari_frostbite_vta_20260107_202443/train_eps/20260108T163622-6a2855e80f96423f8e6321ab3a435bdc-1194.npz,268,95.85199737548828,2114.74755859375,3.192874853397143e-10
/home/haselab/murakawa/stable-deep-world-model/logdir/atari_frostbite_vta_20260107_202443,atari_frostbite,/home/haselab/murakawa/stable-deep-world-model/logdir/atari_frostbite_vta_20260107_202443/latest.pt,/home/haselab/murakawa/stable-deep-world-model/logdir/atari_frostbite_vta_20260107_202443/train_eps/20260108T163622-6a2855e80f96423f8e6321ab3a435bdc-1194.npz,269,94.43232727050781,2063.7353515625,6.493079407476898e-10
/home/haselab/murakawa/stable-deep-world-model/logdir/atari_frostbite_vta_20260107_202443,atari_frostbite,/home/haselab/murakawa/stable-deep-world-model/logdir/atari_frostbite_vta_20260107_202443/latest.pt,/home/haselab/murakawa/stable-deep-world-model/logdir/atari_frostbite_vta_20260107_202443/train_eps/20260108T163622-6a2855e80f96423f8e6321ab3a435bdc-1194.npz,270,87.79850769042969,1946.678955078125,1.182410525046862e-08
/home/haselab/murakawa/stable-deep-world-model/logdir/atari_frostbite_vta_20260107_202443,atari_frostbite,/home/haselab/murakawa/stable-deep-world-model/logdir/atari_frostbite_vta_20260107_202443/latest.pt,/home/haselab/murakawa/stable-deep-world-model/logdir/atari_frostbite_vta_20260107_202443/train_eps/20260108T163622-6a2855e80f96423f8e6321ab3a435bdc-1194.npz,271,93.29759979248047,2192.094970703125,2.6438682840246308e-11
/home/haselab/murakawa/stable-deep-world-model/logdir/atari_frostbite_vta_20260107_202443,atari_frostbite,/home/haselab/murakawa/stable-deep-world-model/logdir/atari_frostbite_vta_20260107_202443/latest.pt,/home/haselab/murakawa/stable-deep-world-model/logdir/atari_frostbite_vta_20260107_202443/train_eps/20260108T163622-6a2855e80f96423f8e6321ab3a435bdc-1194.npz,272,91.61946105957031,2217.952392578125,2.792972135441966e-15
/home/haselab/murakawa/stable-deep-world-model/logdir/atari_frostbite_vta_20260107_202443,atari_frostbite,/home/haselab/murakawa/stable-deep-world-model/logdir/atari_frostbite_vta_20260107_202443/latest.pt,/home/haselab/murakawa/stable-deep-world-model/logdir/atari_frostbite_vta_20260107_202443/train_eps/20260108T163622-6a2855e80f96423f8e6321ab3a435bdc-1194.npz,273,92.3758316040039,2266.348388671875,4.5309001234054846e-13
/home/haselab/murakawa/stable-deep-world-model/logdir/atari_frostbite_vta_20260107_202443,atari_frostbite,/home/haselab/murakawa/stable-deep-world-model/logdir/atari_frostbite_vta_20260107_202443/latest.pt,/home/haselab/murakawa/stable-deep-world-model/logdir/atari_frostbite_vta_20260107_202443/train_eps/20260108T163622-6a2855e80f96423f8e6321ab3a435bdc-1194.npz,274,90.42290496826172,2228.476318359375,-2.076829660897101e-18
/home/haselab/murakawa/stable-deep-world-model/logdir/atari_frostbite_vta_20260107_202443,atari_frostbite,/home/haselab/murakawa/stable-deep-world-model/logdir/atari_frostbite_vta_20260107_202443/latest.pt,/home/haselab/murakawa/stable-deep-world-model/logdir/atari_frostbite_vta_20260107_202443/train_eps/20260108T163622-6a2855e80f96423f8e6321ab3a435bdc-1194.npz,275,90.29186248779297,2225.083740234375,2.006352812882423e-19
/home/haselab/murakawa/stable-deep-world-model/logdir/atari_frostbite_vta_20260107_202443,atari_frostbite,/home/haselab/murakawa/stable-deep-world-model/logdir/atari_frostbite_vta_20260107_202443/latest.pt,/home/haselab/murakawa/stable-deep-world-model/logdir/atari_frostbite_vta_20260107_202443/train_eps/20260108T163622-6a2855e80f96423f8e6321ab3a435bdc-1194.npz,276,89.15786743164062,2214.97216796875,-2.911556525856176e-20
/home/haselab/murakawa/stable-deep-world-model/logdir/atari_frostbite_vta_20260107_202443,atari_frostbite,/home/haselab/murakawa/stable-deep-world-model/logdir/atari_frostbite_vta_20260107_202443/latest.pt,/home/haselab/murakawa/stable-deep-world-model/logdir/atari_frostbite_vta_20260107_202443/train_eps/20260108T163622-6a2855e80f96423f8e6321ab3a435bdc-1194.npz,277,88.74717712402344,2196.082275390625,-3.1271298505174036e-21
/home/haselab/murakawa/stable-deep-world-model/logdir/atari_frostbite_vta_20260107_202443,atari_frostbite,/home/haselab/murakawa/stable-deep-world-model/logdir/atari_frostbite_vta_20260107_202443/latest.pt,/home/haselab/murakawa/stable-deep-world-model/logdir/atari_frostbite_vta_20260107_202443/train_eps/20260108T163622-6a2855e80f96423f8e6321ab3a435bdc-1194.npz,278,92.83020782470703,2194.475830078125,-1.0556983888447642e-16
/home/haselab/murakawa/stable-deep-world-model/logdir/atari_frostbite_vta_20260107_202443,atari_frostbite,/home/haselab/murakawa/stable-deep-world-model/logdir/atari_frostbite_vta_20260107_202443/latest.pt,/home/haselab/murakawa/stable-deep-world-model/logdir/atari_frostbite_vta_20260107_202443/train_eps/20260108T163622-6a2855e80f96423f8e6321ab3a435bdc-1194.npz,279,73.38264465332031,1670.0750732421875,0.0
/home/haselab/murakawa/stable-deep-world-model/logdir/atari_frostbite_vta_20260107_202443,atari_frostbite,/home/haselab/murakawa/stable-deep-world-model/logdir/atari_frostbite_vta_20260107_202443/latest.pt,/home/haselab/murakawa/stable-deep-world-model/logdir/atari_frostbite_vta_20260107_202443/train_eps/20260108T163622-6a2855e80f96423f8e6321ab3a435bdc-1194.npz,280,75.27485656738281,1699.0576171875,8.344630941792275e-07
/home/haselab/murakawa/stable-deep-world-model/logdir/atari_frostbite_vta_20260107_202443,atari_frostbite,/home/haselab/murakawa/stable-deep-world-model/logdir/atari_frostbite_vta_20260107_202443/latest.pt,/home/haselab/murakawa/stable-deep-world-model/logdir/atari_frostbite_vta_20260107_202443/train_eps/20260108T163622-6a2855e80f96423f8e6321ab3a435bdc-1194.npz,281,75.47520446777344,1683.9302978515625,-6.899520017811245e-13
/home/haselab/murakawa/stable-deep-world-model/logdir/atari_frostbite_vta_20260107_202443,atari_frostbite,/home/haselab/murakawa/stable-deep-world-model/logdir/atari_frostbite_vta_20260107_202443/latest.pt,/home/haselab/murakawa/stable-deep-world-model/logdir/atari_frostbite_vta_20260107_202443/train_eps/20260108T163622-6a2855e80f96423f8e6321ab3a435bdc-1194.npz,282,78.01957702636719,1716.2467041015625,4.104188031637569e-14
/home/haselab/murakawa/stable-deep-world-model/logdir/atari_frostbite_vta_20260107_202443,atari_frostbite,/home/haselab/murakawa/stable-deep-world-model/logdir/atari_frostbite_vta_20260107_202443/latest.pt,/home/haselab/murakawa/stable-deep-world-model/logdir/atari_frostbite_vta_20260107_202443/train_eps/20260108T163622-6a2855e80f96423f8e6321ab3a435bdc-1194.npz,283,78.73189544677734,1709.3375244140625,-6.34242888785698e-14
/home/haselab/murakawa/stable-deep-world-model/logdir/atari_frostbite_vta_20260107_202443,atari_frostbite,/home/haselab/murakawa/stable-deep-world-model/logdir/atari_frostbite_vta_20260107_202443/latest.pt,/home/haselab/murakawa/stable-deep-world-model/logdir/atari_frostbite_vta_20260107_202443/train_eps/20260108T163622-6a2855e80f96423f8e6321ab3a435bdc-1194.npz,284,79.65892028808594,1656.3477783203125,3.4127086573354504e-11
/home/haselab/murakawa/stable-deep-world-model/logdir/atari_frostbite_vta_20260107_202443,atari_frostbite,/home/haselab/murakawa/stable-deep-world-model/logdir/atari_frostbite_vta_20260107_202443/latest.pt,/home/haselab/murakawa/stable-deep-world-model/logdir/atari_frostbite_vta_20260107_202443/train_eps/20260108T163622-6a2855e80f96423f8e6321ab3a435bdc-1194.npz,285,79.59244537353516,1599.1533203125,1.0089536628052342e-12
/home/haselab/murakawa/stable-deep-world-model/logdir/atari_frostbite_vta_20260107_202443,atari_frostbite,/home/haselab/murakawa/stable-deep-world-model/logdir/atari_frostbite_vta_20260107_202443/latest.pt,/home/haselab/murakawa/stable-deep-world-model/logdir/atari_frostbite_vta_20260107_202443/train_eps/20260108T163622-6a2855e80f96423f8e6321ab3a435bdc-1194.npz,286,77.91246032714844,1485.0712890625,3.8752612230297245e-10
/home/haselab/murakawa/stable-deep-world-model/logdir/atari_frostbite_vta_20260107_202443,atari_frostbite,/home/haselab/murakawa/stable-deep-world-model/logdir/atari_frostbite_vta_20260107_202443/latest.pt,/home/haselab/murakawa/stable-deep-world-model/logdir/atari_frostbite_vta_20260107_202443/train_eps/20260108T163622-6a2855e80f96423f8e6321ab3a435bdc-1194.npz,287,78.31549835205078,1556.217529296875,2.654499953180789e-09
/home/haselab/murakawa/stable-deep-world-model/logdir/atari_frostbite_vta_20260107_202443,atari_frostbite,/home/haselab/murakawa/stable-deep-world-model/logdir/atari_frostbite_vta_20260107_202443/latest.pt,/home/haselab/murakawa/stable-deep-world-model/logdir/atari_frostbite_vta_20260107_202443/train_eps/20260108T163622-6a2855e80f96423f8e6321ab3a435bdc-1194.npz,288,78.66450500488281,1614.473876953125,1.461085419318664e-10
/home/haselab/murakawa/stable-deep-world-model/logdir/atari_frostbite_vta_20260107_202443,atari_frostbite,/home/haselab/murakawa/stable-deep-world-model/logdir/atari_frostbite_vta_20260107_202443/latest.pt,/home/haselab/murakawa/stable-deep-world-model/logdir/atari_frostbite_vta_20260107_202443/train_eps/20260108T163622-6a2855e80f96423f8e6321ab3a435bdc-1194.npz,289,76.02699279785156,1586.5791015625,-1.3347319083312215e-10
/home/haselab/murakawa/stable-deep-world-model/logdir/atari_frostbite_vta_20260107_202443,atari_frostbite,/home/haselab/murakawa/stable-deep-world-model/logdir/atari_frostbite_vta_20260107_202443/latest.pt,/home/haselab/murakawa/stable-deep-world-model/logdir/atari_frostbite_vta_20260107_202443/train_eps/20260108T163622-6a2855e80f96423f8e6321ab3a435bdc-1194.npz,290,72.91834259033203,1544.809814453125,-7.929581991028556e-11
/home/haselab/murakawa/stable-deep-world-model/logdir/atari_frostbite_vta_20260107_202443,atari_frostbite,/home/haselab/murakawa/stable-deep-world-model/logdir/atari_frostbite_vta_20260107_202443/latest.pt,/home/haselab/murakawa/stable-deep-world-model/logdir/atari_frostbite_vta_20260107_202443/train_eps/20260108T163622-6a2855e80f96423f8e6321ab3a435bdc-1194.npz,291,72.31181335449219,1481.376708984375,-2.9147133925183644e-12
/home/haselab/murakawa/stable-deep-world-model/logdir/atari_frostbite_vta_20260107_202443,atari_frostbite,/home/haselab/murakawa/stable-deep-world-model/logdir/atari_frostbite_vta_20260107_202443/latest.pt,/home/haselab/murakawa/stable-deep-world-model/logdir/atari_frostbite_vta_20260107_202443/train_eps/20260108T163622-6a2855e80f96423f8e6321ab3a435bdc-1194.npz,292,72.63583374023438,1470.068115234375,-3.492976958022198e-12
/home/haselab/murakawa/stable-deep-world-model/logdir/atari_frostbite_vta_20260107_202443,atari_frostbite,/home/haselab/murakawa/stable-deep-world-model/logdir/atari_frostbite_vta_20260107_202443/latest.pt,/home/haselab/murakawa/stable-deep-world-model/logdir/atari_frostbite_vta_20260107_202443/train_eps/20260108T163622-6a2855e80f96423f8e6321ab3a435bdc-1194.npz,293,72.98013305664062,1461.582763671875,2.2769234419683926e-05
/home/haselab/murakawa/stable-deep-world-model/logdir/atari_frostbite_vta_20260107_202443,atari_frostbite,/home/haselab/murakawa/stable-deep-world-model/logdir/atari_frostbite_vta_20260107_202443/latest.pt,/home/haselab/murakawa/stable-deep-world-model/logdir/atari_frostbite_vta_20260107_202443/train_eps/20260108T163622-6a2855e80f96423f8e6321ab3a435bdc-1194.npz,294,72.86390686035156,1458.464599609375,6.461352313635871e-05
/home/haselab/murakawa/stable-deep-world-model/logdir/atari_frostbite_vta_20260107_202443,atari_frostbite,/home/haselab/murakawa/stable-deep-world-model/logdir/atari_frostbite_vta_20260107_202443/latest.pt,/home/haselab/murakawa/stable-deep-world-model/logdir/atari_frostbite_vta_20260107_202443/train_eps/20260108T163622-6a2855e80f96423f8e6321ab3a435bdc-1194.npz,295,72.86390686035156,1458.464599609375,5.841272013640264e-06
/home/haselab/murakawa/stable-deep-world-model/logdir/atari_frostbite_vta_20260107_202443,atari_frostbite,/home/haselab/murakawa/stable-deep-world-model/logdir/atari_frostbite_vta_20260107_202443/latest.pt,/home/haselab/murakawa/stable-deep-world-model/logdir/atari_frostbite_vta_20260107_202443/train_eps/20260108T163622-6a2855e80f96423f8e6321ab3a435bdc-1194.npz,296,72.96964263916016,1458.30712890625,1.0371260941610672e-05
/home/haselab/murakawa/stable-deep-world-model/logdir/atari_frostbite_vta_20260107_202443,atari_frostbite,/home/haselab/murakawa/stable-deep-world-model/logdir/atari_frostbite_vta_20260107_202443/latest.pt,/home/haselab/murakawa/stable-deep-world-model/logdir/atari_frostbite_vta_20260107_202443/train_eps/20260108T163622-6a2855e80f96423f8e6321ab3a435bdc-1194.npz,297,72.96964263916016,1458.30712890625,3.576284598238999e-06
/home/haselab/murakawa/stable-deep-world-model/logdir/atari_frostbite_vta_20260107_202443,atari_frostbite,/home/haselab/murakawa/stable-deep-world-model/logdir/atari_frostbite_vta_20260107_202443/latest.pt,/home/haselab/murakawa/stable-deep-world-model/logdir/atari_frostbite_vta_20260107_202443/train_eps/20260108T163622-6a2855e80f96423f8e6321ab3a435bdc-1194.npz,298,72.92633056640625,1452.1295166015625,4.172412081970833e-05
/home/haselab/murakawa/stable-deep-world-model/logdir/atari_frostbite_vta_20260107_202443,atari_frostbite,/home/haselab/murakawa/stable-deep-world-model/logdir/atari_frostbite_vta_20260107_202443/latest.pt,/home/haselab/murakawa/stable-deep-world-model/logdir/atari_frostbite_vta_20260107_202443/train_eps/20260108T163622-6a2855e80f96423f8e6321ab3a435bdc-1194.npz,299,72.92633056640625,1452.1295166015625,3.290230597485788e-05
/home/haselab/murakawa/stable-deep-world-model/logdir/atari_frostbite_vta_20260107_202443,atari_frostbite,/home/haselab/murakawa/stable-deep-world-model/logdir/atari_frostbite_vta_20260107_202443/latest.pt,/home/haselab/murakawa/stable-deep-world-model/logdir/atari_frostbite_vta_20260107_202443/train_eps/20260108T163622-6a2855e80f96423f8e6321ab3a435bdc-1194.npz,300,73.02338409423828,1457.190673828125,3.9339138311333954e-06
/home/haselab/murakawa/stable-deep-world-model/logdir/atari_frostbite_vta_20260107_202443,atari_frostbite,/home/haselab/murakawa/stable-deep-world-model/logdir/atari_frostbite_vta_20260107_202443/latest.pt,/home/haselab/murakawa/stable-deep-world-model/logdir/atari_frostbite_vta_20260107_202443/train_eps/20260108T163622-6a2855e80f96423f8e6321ab3a435bdc-1194.npz,301,73.02338409423828,1457.190673828125,3.218655592718278e-06
/home/haselab/murakawa/stable-deep-world-model/logdir/atari_frostbite_vta_20260107_202443,atari_frostbite,/home/haselab/murakawa/stable-deep-world-model/logdir/atari_frostbite_vta_20260107_202443/latest.pt,/home/haselab/murakawa/stable-deep-world-model/logdir/atari_frostbite_vta_20260107_202443/train_eps/20260108T163622-6a2855e80f96423f8e6321ab3a435bdc-1194.npz,302,72.9181900024414,1457.9901123046875,6.616334576392546e-05
/home/haselab/murakawa/stable-deep-world-model/logdir/atari_frostbite_vta_20260107_202443,atari_frostbite,/home/haselab/murakawa/stable-deep-world-model/logdir/atari_frostbite_vta_20260107_202443/latest.pt,/home/haselab/murakawa/stable-deep-world-model/logdir/atari_frostbite_vta_20260107_202443/train_eps/20260108T163622-6a2855e80f96423f8e6321ab3a435bdc-1194.npz,303,72.9181900024414,1457.9901123046875,2.1457903130794875e-05
/home/haselab/murakawa/stable-deep-world-model/logdir/atari_frostbite_vta_20260107_202443,atari_frostbite,/home/haselab/murakawa/stable-deep-world-model/logdir/atari_frostbite_vta_20260107_202443/latest.pt,/home/haselab/murakawa/stable-deep-world-model/logdir/atari_frostbite_vta_20260107_202443/train_eps/20260108T163622-6a2855e80f96423f8e6321ab3a435bdc-1194.npz,304,72.90045166015625,1451.173095703125,2.4557415599701926e-05
/home/haselab/murakawa/stable-deep-world-model/logdir/atari_frostbite_vta_20260107_202443,atari_frostbite,/home/haselab/murakawa/stable-deep-world-model/logdir/atari_frostbite_vta_20260107_202443/latest.pt,/home/haselab/murakawa/stable-deep-world-model/logdir/atari_frostbite_vta_20260107_202443/train_eps/20260108T163622-6a2855e80f96423f8e6321ab3a435bdc-1194.npz,305,72.90045166015625,1451.173095703125,6.258683424675837e-05
/home/haselab/murakawa/stable-deep-world-model/logdir/atari_frostbite_vta_20260107_202443,atari_frostbite,/home/haselab/murakawa/stable-deep-world-model/logdir/atari_frostbite_vta_20260107_202443/latest.pt,/home/haselab/murakawa/stable-deep-world-model/logdir/atari_frostbite_vta_20260107_202443/train_eps/20260108T163622-6a2855e80f96423f8e6321ab3a435bdc-1194.npz,306,73.02336883544922,1457.018798828125,6.8666908191517e-05
/home/haselab/murakawa/stable-deep-world-model/logdir/atari_frostbite_vta_20260107_202443,atari_frostbite,/home/haselab/murakawa/stable-deep-world-model/logdir/atari_frostbite_vta_20260107_202443/latest.pt,/home/haselab/murakawa/stable-deep-world-model/logdir/atari_frostbite_vta_20260107_202443/train_eps/20260108T163622-6a2855e80f96423f8e6321ab3a435bdc-1194.npz,307,73.02336883544922,1457.018798828125,0.0003605538804549724
/home/haselab/murakawa/stable-deep-world-model/logdir/atari_frostbite_vta_20260107_202443,atari_frostbite,/home/haselab/murakawa/stable-deep-world-model/logdir/atari_frostbite_vta_20260107_202443/latest.pt,/home/haselab/murakawa/stable-deep-world-model/logdir/atari_frostbite_vta_20260107_202443/train_eps/20260108T163622-6a2855e80f96423f8e6321ab3a435bdc-1194.npz,308,72.8929214477539,1448.994140625,0.0002705820952542126
/home/haselab/murakawa/stable-deep-world-model/logdir/atari_frostbite_vta_20260107_202443,atari_frostbite,/home/haselab/murakawa/stable-deep-world-model/logdir/atari_frostbite_vta_20260107_202443/latest.pt,/home/haselab/murakawa/stable-deep-world-model/logdir/atari_frostbite_vta_20260107_202443/train_eps/20260108T163622-6a2855e80f96423f8e6321ab3a435bdc-1194.npz,309,67.94129180908203,1294.0355224609375,0.0005459487438201904
/home/haselab/murakawa/stable-deep-world-model/logdir/atari_frostbite_vta_20260107_202443,atari_frostbite,/home/haselab/murakawa/stable-deep-world-model/logdir/atari_frostbite_vta_20260107_202443/latest.pt,/home/haselab/murakawa/stable-deep-world-model/logdir/atari_frostbite_vta_20260107_202443/train_eps/20260108T163622-6a2855e80f96423f8e6321ab3a435bdc-1194.npz,310,67.9319839477539,1291.7047119140625,3.218656047465629e-06
/home/haselab/murakawa/stable-deep-world-model/logdir/atari_frostbite_vta_20260107_202443,atari_frostbite,/home/haselab/murakawa/stable-deep-world-model/logdir/atari_frostbite_vta_20260107_202443/latest.pt,/home/haselab/murakawa/stable-deep-world-model/logdir/atari_frostbite_vta_20260107_202443/train_eps/20260108T163622-6a2855e80f96423f8e6321ab3a435bdc-1194.npz,311,70.36724853515625,1388.11083984375,7.128969446057454e-05
/home/haselab/murakawa/stable-deep-world-model/logdir/atari_frostbite_vta_20260107_202443,atari_frostbite,/home/haselab/murakawa/stable-deep-world-model/logdir/atari_frostbite_vta_20260107_202443/latest.pt,/home/haselab/murakawa/stable-deep-world-model/logdir/atari_frostbite_vta_20260107_202443/train_eps/20260108T163622-6a2855e80f96423f8e6321ab3a435bdc-1194.npz,312,70.36691284179688,1419.958251953125,1.657022767176386e-05
/home/haselab/murakawa/stable-deep-world-model/logdir/atari_frostbite_vta_20260107_202443,atari_frostbite,/home/haselab/murakawa/stable-deep-world-model/logdir/atari_frostbite_vta_20260107_202443/latest.pt,/home/haselab/murakawa/stable-deep-world-model/logdir/atari_frostbite_vta_20260107_202443/train_eps/20260108T163622-6a2855e80f96423f8e6321ab3a435bdc-1194.npz,313,71.32229614257812,1434.487060546875,4.768372718899627e-07
/home/haselab/murakawa/stable-deep-world-model/logdir/atari_frostbite_vta_20260107_202443,atari_frostbite,/home/haselab/murakawa/stable-deep-world-model/logdir/atari_frostbite_vta_20260107_202443/latest.pt,/home/haselab/murakawa/stable-deep-world-model/logdir/atari_frostbite_vta_20260107_202443/train_eps/20260108T163622-6a2855e80f96423f8e6321ab3a435bdc-1194.npz,314,73.45006561279297,1563.2451171875,8.344653679159819e-07
/home/haselab/murakawa/stable-deep-world-model/logdir/atari_frostbite_vta_20260107_202443,atari_frostbite,/home/haselab/murakawa/stable-deep-world-model/logdir/atari_frostbite_vta_20260107_202443/latest.pt,/home/haselab/murakawa/stable-deep-world-model/logdir/atari_frostbite_vta_20260107_202443/train_eps/20260108T163622-6a2855e80f96423f8e6321ab3a435bdc-1194.npz,315,74.14997100830078,1619.465087890625,1.0132840543519706e-05
/home/haselab/murakawa/stable-deep-world-model/logdir/atari_frostbite_vta_20260107_202443,atari_frostbite,/home/haselab/murakawa/stable-deep-world-model/logdir/atari_frostbite_vta_20260107_202443/latest.pt,/home/haselab/murakawa/stable-deep-world-model/logdir/atari_frostbite_vta_20260107_202443/train_eps/20260108T163622-6a2855e80f96423f8e6321ab3a435bdc-1194.npz,316,75.06571960449219,1675.3663330078125,1.1920935776288388e-06
/home/haselab/murakawa/stable-deep-world-model/logdir/atari_frostbite_vta_20260107_202443,atari_frostbite,/home/haselab/murakawa/stable-deep-world-model/logdir/atari_frostbite_vta_20260107_202443/latest.pt,/home/haselab/murakawa/stable-deep-world-model/logdir/atari_frostbite_vta_20260107_202443/train_eps/20260108T163622-6a2855e80f96423f8e6321ab3a435bdc-1194.npz,317,75.06571960449219,1675.3663330078125,2.5033982637978625e-06
/home/haselab/murakawa/stable-deep-world-model/logdir/atari_frostbite_vta_20260107_202443,atari_frostbite,/home/haselab/murakawa/stable-deep-world-model/logdir/atari_frostbite_vta_20260107_202443/latest.pt,/home/haselab/murakawa/stable-deep-world-model/logdir/atari_frostbite_vta_20260107_202443/train_eps/20260108T163622-6a2855e80f96423f8e6321ab3a435bdc-1194.npz,318,76.25672912597656,1748.33251953125,1.0728841743912199e-06
/home/haselab/murakawa/stable-deep-world-model/logdir/atari_frostbite_vta_20260107_202443,atari_frostbite,/home/haselab/murakawa/stable-deep-world-model/logdir/atari_frostbite_vta_20260107_202443/latest.pt,/home/haselab/murakawa/stable-deep-world-model/logdir/atari_frostbite_vta_20260107_202443/train_eps/20260108T163622-6a2855e80f96423f8e6321ab3a435bdc-1194.npz,319,75.5582275390625,1708.5009765625,3.4570753086882178e-06
/home/haselab/murakawa/stable-deep-world-model/logdir/atari_frostbite_vta_20260107_202443,atari_frostbite,/home/haselab/murakawa/stable-deep-world-model/logdir/atari_frostbite_vta_20260107_202443/latest.pt,/home/haselab/murakawa/stable-deep-world-model/logdir/atari_frostbite_vta_20260107_202443/train_eps/20260108T163622-6a2855e80f96423f8e6321ab3a435bdc-1194.npz,320,77.6211166381836,1780.4908447265625,4.768372718899627e-07
/home/haselab/murakawa/stable-deep-world-model/logdir/atari_frostbite_vta_20260107_202443,atari_frostbite,/home/haselab/murakawa/stable-deep-world-model/logdir/atari_frostbite_vta_20260107_202443/latest.pt,/home/haselab/murakawa/stable-deep-world-model/logdir/atari_frostbite_vta_20260107_202443/train_eps/20260108T163622-6a2855e80f96423f8e6321ab3a435bdc-1194.npz,321,79.48355102539062,1902.85400390625,1.1920930376163597e-07
/home/haselab/murakawa/stable-deep-world-model/logdir/atari_frostbite_vta_20260107_202443,atari_frostbite,/home/haselab/murakawa/stable-deep-world-model/logdir/atari_frostbite_vta_20260107_202443/latest.pt,/home/haselab/murakawa/stable-deep-world-model/logdir/atari_frostbite_vta_20260107_202443/train_eps/20260108T163622-6a2855e80f96423f8e6321ab3a435bdc-1194.npz,322,79.39911651611328,1900.14404296875,1.1920930376163597e-07
/home/haselab/murakawa/stable-deep-world-model/logdir/atari_frostbite_vta_20260107_202443,atari_frostbite,/home/haselab/murakawa/stable-deep-world-model/logdir/atari_frostbite_vta_20260107_202443/latest.pt,/home/haselab/murakawa/stable-deep-world-model/logdir/atari_frostbite_vta_20260107_202443/train_eps/20260108T163622-6a2855e80f96423f8e6321ab3a435bdc-1194.npz,323,81.0230941772461,2016.125732421875,-3.6973669744474953e-17
/home/haselab/murakawa/stable-deep-world-model/logdir/atari_frostbite_vta_20260107_202443,atari_frostbite,/home/haselab/murakawa/stable-deep-world-model/logdir/atari_frostbite_vta_20260107_202443/latest.pt,/home/haselab/murakawa/stable-deep-world-model/logdir/atari_frostbite_vta_20260107_202443/train_eps/20260108T163622-6a2855e80f96423f8e6321ab3a435bdc-1194.npz,324,81.13249969482422,2021.083740234375,-2.6972041601687553e-18
/home/haselab/murakawa/stable-deep-world-model/logdir/atari_frostbite_vta_20260107_202443,atari_frostbite,/home/haselab/murakawa/stable-deep-world-model/logdir/atari_frostbite_vta_20260107_202443/latest.pt,/home/haselab/murakawa/stable-deep-world-model/logdir/atari_frostbite_vta_20260107_202443/train_eps/20260108T163622-6a2855e80f96423f8e6321ab3a435bdc-1194.npz,325,81.37509155273438,1921.345947265625,-1.0541299566926538e-19
/home/haselab/murakawa/stable-deep-world-model/logdir/atari_frostbite_vta_20260107_202443,atari_frostbite,/home/haselab/murakawa/stable-deep-world-model/logdir/atari_frostbite_vta_20260107_202443/latest.pt,/home/haselab/murakawa/stable-deep-world-model/logdir/atari_frostbite_vta_20260107_202443/train_eps/20260108T163622-6a2855e80f96423f8e6321ab3a435bdc-1194.npz,326,81.57430267333984,1939.342041015625,-1.2995953511033672e-18
/home/haselab/murakawa/stable-deep-world-model/logdir/atari_frostbite_vta_20260107_202443,atari_frostbite,/home/haselab/murakawa/stable-deep-world-model/logdir/atari_frostbite_vta_20260107_202443/latest.pt,/home/haselab/murakawa/stable-deep-world-model/logdir/atari_frostbite_vta_20260107_202443/train_eps/20260108T163622-6a2855e80f96423f8e6321ab3a435bdc-1194.npz,327,81.49543762207031,1787.8968505859375,-1.3032414727706215e-20
/home/haselab/murakawa/stable-deep-world-model/logdir/atari_frostbite_vta_20260107_202443,atari_frostbite,/home/haselab/murakawa/stable-deep-world-model/logdir/atari_frostbite_vta_20260107_202443/latest.pt,/home/haselab/murakawa/stable-deep-world-model/logdir/atari_frostbite_vta_20260107_202443/train_eps/20260108T163622-6a2855e80f96423f8e6321ab3a435bdc-1194.npz,328,81.64248657226562,1807.140625,-3.47904184639362e-20
/home/haselab/murakawa/stable-deep-world-model/logdir/atari_frostbite_vta_20260107_202443,atari_frostbite,/home/haselab/murakawa/stable-deep-world-model/logdir/atari_frostbite_vta_20260107_202443/latest.pt,/home/haselab/murakawa/stable-deep-world-model/logdir/atari_frostbite_vta_20260107_202443/train_eps/20260108T163622-6a2855e80f96423f8e6321ab3a435bdc-1194.npz,329,80.50059509277344,1814.853271484375,0.0
/home/haselab/murakawa/stable-deep-world-model/logdir/atari_frostbite_vta_20260107_202443,atari_frostbite,/home/haselab/murakawa/stable-deep-world-model/logdir/atari_frostbite_vta_20260107_202443/latest.pt,/home/haselab/murakawa/stable-deep-world-model/logdir/atari_frostbite_vta_20260107_202443/train_eps/20260108T163622-6a2855e80f96423f8e6321ab3a435bdc-1194.npz,330,80.24853515625,1807.2965087890625,0.0017943974817171693
/home/haselab/murakawa/stable-deep-world-model/logdir/atari_frostbite_vta_20260107_202443,atari_frostbite,/home/haselab/murakawa/stable-deep-world-model/logdir/atari_frostbite_vta_20260107_202443/latest.pt,/home/haselab/murakawa/stable-deep-world-model/logdir/atari_frostbite_vta_20260107_202443/train_eps/20260108T163622-6a2855e80f96423f8e6321ab3a435bdc-1194.npz,331,80.24853515625,1807.2965087890625,0.00023838737979531288
/home/haselab/murakawa/stable-deep-world-model/logdir/atari_frostbite_vta_20260107_202443,atari_frostbite,/home/haselab/murakawa/stable-deep-world-model/logdir/atari_frostbite_vta_20260107_202443/latest.pt,/home/haselab/murakawa/stable-deep-world-model/logdir/atari_frostbite_vta_20260107_202443/train_eps/20260108T163622-6a2855e80f96423f8e6321ab3a435bdc-1194.npz,332,79.8692398071289,1933.1578369140625,2.2530810383614153e-05
/home/haselab/murakawa/stable-deep-world-model/logdir/atari_frostbite_vta_20260107_202443,atari_frostbite,/home/haselab/murakawa/stable-deep-world-model/logdir/atari_frostbite_vta_20260107_202443/latest.pt,/home/haselab/murakawa/stable-deep-world-model/logdir/atari_frostbite_vta_20260107_202443/train_eps/20260108T163622-6a2855e80f96423f8e6321ab3a435bdc-1194.npz,333,80.39020538330078,1968.8994140625,6.07969241173123e-06
/home/haselab/murakawa/stable-deep-world-model/logdir/atari_frostbite_vta_20260107_202443,atari_frostbite,/home/haselab/murakawa/stable-deep-world-model/logdir/atari_frostbite_vta_20260107_202443/latest.pt,/home/haselab/murakawa/stable-deep-world-model/logdir/atari_frostbite_vta_20260107_202443/train_eps/20260108T163622-6a2855e80f96423f8e6321ab3a435bdc-1194.npz,334,80.2740249633789,1997.4306640625,1.5497220147153712e-06
/home/haselab/murakawa/stable-deep-world-model/logdir/atari_frostbite_vta_20260107_202443,atari_frostbite,/home/haselab/murakawa/stable-deep-world-model/logdir/atari_frostbite_vta_20260107_202443/latest.pt,/home/haselab/murakawa/stable-deep-world-model/logdir/atari_frostbite_vta_20260107_202443/train_eps/20260108T163622-6a2855e80f96423f8e6321ab3a435bdc-1194.npz,335,78.89716339111328,1986.29833984375,2.3841860752327193e-07
/home/haselab/murakawa/stable-deep-world-model/logdir/atari_frostbite_vta_20260107_202443,atari_frostbite,/home/haselab/murakawa/stable-deep-world-model/logdir/atari_frostbite_vta_20260107_202443/latest.pt,/home/haselab/murakawa/stable-deep-world-model/logdir/atari_frostbite_vta_20260107_202443/train_eps/20260108T163622-6a2855e80f96423f8e6321ab3a435bdc-1194.npz,336,78.8301010131836,1984.373046875,-5.569363389183193e-17
/home/haselab/murakawa/stable-deep-world-model/logdir/atari_frostbite_vta_20260107_202443,atari_frostbite,/home/haselab/murakawa/stable-deep-world-model/logdir/atari_frostbite_vta_20260107_202443/latest.pt,/home/haselab/murakawa/stable-deep-world-model/logdir/atari_frostbite_vta_20260107_202443/train_eps/20260108T163622-6a2855e80f96423f8e6321ab3a435bdc-1194.npz,337,78.38546752929688,1977.3543701171875,-4.195376687063211e-17
/home/haselab/murakawa/stable-deep-world-model/logdir/atari_frostbite_vta_20260107_202443,atari_frostbite,/home/haselab/murakawa/stable-deep-world-model/logdir/atari_frostbite_vta_20260107_202443/latest.pt,/home/haselab/murakawa/stable-deep-world-model/logdir/atari_frostbite_vta_20260107_202443/train_eps/20260108T163622-6a2855e80f96423f8e6321ab3a435bdc-1194.npz,338,78.46119689941406,2027.043212890625,-7.785820972043122e-16
/home/haselab/murakawa/stable-deep-world-model/logdir/atari_frostbite_vta_20260107_202443,atari_frostbite,/home/haselab/murakawa/stable-deep-world-model/logdir/atari_frostbite_vta_20260107_202443/latest.pt,/home/haselab/murakawa/stable-deep-world-model/logdir/atari_frostbite_vta_20260107_202443/train_eps/20260108T163622-6a2855e80f96423f8e6321ab3a435bdc-1194.npz,339,79.23617553710938,2018.415283203125,3.576279254957626e-07
/home/haselab/murakawa/stable-deep-world-model/logdir/atari_frostbite_vta_20260107_202443,atari_frostbite,/home/haselab/murakawa/stable-deep-world-model/logdir/atari_frostbite_vta_20260107_202443/latest.pt,/home/haselab/murakawa/stable-deep-world-model/logdir/atari_frostbite_vta_20260107_202443/train_eps/20260108T163622-6a2855e80f96423f8e6321ab3a435bdc-1194.npz,340,78.5549087524414,1996.2841796875,2.3841860752327193e-07
/home/haselab/murakawa/stable-deep-world-model/logdir/atari_frostbite_vta_20260107_202443,atari_frostbite,/home/haselab/murakawa/stable-deep-world-model/logdir/atari_frostbite_vta_20260107_202443/latest.pt,/home/haselab/murakawa/stable-deep-world-model/logdir/atari_frostbite_vta_20260107_202443/train_eps/20260108T163622-6a2855e80f96423f8e6321ab3a435bdc-1194.npz,341,78.4787368774414,2043.151123046875,1.1920930376163597e-07
/home/haselab/murakawa/stable-deep-world-model/logdir/atari_frostbite_vta_20260107_202443,atari_frostbite,/home/haselab/murakawa/stable-deep-world-model/logdir/atari_frostbite_vta_20260107_202443/latest.pt,/home/haselab/murakawa/stable-deep-world-model/logdir/atari_frostbite_vta_20260107_202443/train_eps/20260108T163622-6a2855e80f96423f8e6321ab3a435bdc-1194.npz,342,78.23889923095703,2029.114013671875,1.1920930376163597e-07
/home/haselab/murakawa/stable-deep-world-model/logdir/atari_frostbite_vta_20260107_202443,atari_frostbite,/home/haselab/murakawa/stable-deep-world-model/logdir/atari_frostbite_vta_20260107_202443/latest.pt,/home/haselab/murakawa/stable-deep-world-model/logdir/atari_frostbite_vta_20260107_202443/train_eps/20260108T163622-6a2855e80f96423f8e6321ab3a435bdc-1194.npz,343,79.61981201171875,2042.273681640625,-9.601083715541767e-18
/home/haselab/murakawa/stable-deep-world-model/logdir/atari_frostbite_vta_20260107_202443,atari_frostbite,/home/haselab/murakawa/stable-deep-world-model/logdir/atari_frostbite_vta_20260107_202443/latest.pt,/home/haselab/murakawa/stable-deep-world-model/logdir/atari_frostbite_vta_20260107_202443/train_eps/20260108T163622-6a2855e80f96423f8e6321ab3a435bdc-1194.npz,344,77.52278137207031,2067.81494140625,2.8252999982214533e-05
/home/haselab/murakawa/stable-deep-world-model/logdir/atari_frostbite_vta_20260107_202443,atari_frostbite,/home/haselab/murakawa/stable-deep-world-model/logdir/atari_frostbite_vta_20260107_202443/latest.pt,/home/haselab/murakawa/stable-deep-world-model/logdir/atari_frostbite_vta_20260107_202443/train_eps/20260108T163622-6a2855e80f96423f8e6321ab3a435bdc-1194.npz,345,77.96049499511719,2080.751708984375,4.768372718899627e-07
/home/haselab/murakawa/stable-deep-world-model/logdir/atari_frostbite_vta_20260107_202443,atari_frostbite,/home/haselab/murakawa/stable-deep-world-model/logdir/atari_frostbite_vta_20260107_202443/latest.pt,/home/haselab/murakawa/stable-deep-world-model/logdir/atari_frostbite_vta_20260107_202443/train_eps/20260108T163622-6a2855e80f96423f8e6321ab3a435bdc-1194.npz,346,78.34947204589844,2112.411865234375,5.722062269342132e-06
/home/haselab/murakawa/stable-deep-world-model/logdir/atari_frostbite_vta_20260107_202443,atari_frostbite,/home/haselab/murakawa/stable-deep-world-model/logdir/atari_frostbite_vta_20260107_202443/latest.pt,/home/haselab/murakawa/stable-deep-world-model/logdir/atari_frostbite_vta_20260107_202443/train_eps/20260108T163622-6a2855e80f96423f8e6321ab3a435bdc-1194.npz,347,77.43255615234375,2096.91650390625,1.9073668227065355e-05
/home/haselab/murakawa/stable-deep-world-model/logdir/atari_frostbite_vta_20260107_202443,atari_frostbite,/home/haselab/murakawa/stable-deep-world-model/logdir/atari_frostbite_vta_20260107_202443/latest.pt,/home/haselab/murakawa/stable-deep-world-model/logdir/atari_frostbite_vta_20260107_202443/train_eps/20260108T163622-6a2855e80f96423f8e6321ab3a435bdc-1194.npz,348,77.95343780517578,2110.904052734375,1.430521751899505e-05
/home/haselab/murakawa/stable-deep-world-model/logdir/atari_frostbite_vta_20260107_202443,atari_frostbite,/home/haselab/murakawa/stable-deep-world-model/logdir/atari_frostbite_vta_20260107_202443/latest.pt,/home/haselab/murakawa/stable-deep-world-model/logdir/atari_frostbite_vta_20260107_202443/train_eps/20260108T163622-6a2855e80f96423f8e6321ab3a435bdc-1194.npz,349,77.23330688476562,2096.158203125,2.1815538275404833e-05
/home/haselab/murakawa/stable-deep-world-model/logdir/atari_frostbite_vta_20260107_202443,atari_frostbite,/home/haselab/murakawa/stable-deep-world-model/logdir/atari_frostbite_vta_20260107_202443/latest.pt,/home/haselab/murakawa/stable-deep-world-model/logdir/atari_frostbite_vta_20260107_202443/train_eps/20260108T163622-6a2855e80f96423f8e6321ab3a435bdc-1194.npz,350,77.2369155883789,2108.5869140625,5.960482212685747e-06
/home/haselab/murakawa/stable-deep-world-model/logdir/atari_frostbite_vta_20260107_202443,atari_frostbite,/home/haselab/murakawa/stable-deep-world-model/logdir/atari_frostbite_vta_20260107_202443/latest.pt,/home/haselab/murakawa/stable-deep-world-model/logdir/atari_frostbite_vta_20260107_202443/train_eps/20260108T163622-6a2855e80f96423f8e6321ab3a435bdc-1194.npz,351,78.09933471679688,2144.238525390625,2.0265599687263602e-06
/home/haselab/murakawa/stable-deep-world-model/logdir/atari_frostbite_vta_20260107_202443,atari_frostbite,/home/haselab/murakawa/stable-deep-world-model/logdir/atari_frostbite_vta_20260107_202443/latest.pt,/home/haselab/murakawa/stable-deep-world-model/logdir/atari_frostbite_vta_20260107_202443/train_eps/20260108T163622-6a2855e80f96423f8e6321ab3a435bdc-1194.npz,352,78.02272033691406,2144.39453125,8.583106136939023e-06
/home/haselab/murakawa/stable-deep-world-model/logdir/atari_frostbite_vta_20260107_202443,atari_frostbite,/home/haselab/murakawa/stable-deep-world-model/logdir/atari_frostbite_vta_20260107_202443/latest.pt,/home/haselab/murakawa/stable-deep-world-model/logdir/atari_frostbite_vta_20260107_202443/train_eps/20260108T163622-6a2855e80f96423f8e6321ab3a435bdc-1194.npz,353,77.94083404541016,2153.950927734375,1.9073504518019035e-06
/home/haselab/murakawa/stable-deep-world-model/logdir/atari_frostbite_vta_20260107_202443,atari_frostbite,/home/haselab/murakawa/stable-deep-world-model/logdir/atari_frostbite_vta_20260107_202443/latest.pt,/home/haselab/murakawa/stable-deep-world-model/logdir/atari_frostbite_vta_20260107_202443/train_eps/20260108T163622-6a2855e80f96423f8e6321ab3a435bdc-1194.npz,354,78.4569091796875,2161.353515625,6.318112355074845e-06
/home/haselab/murakawa/stable-deep-world-model/logdir/atari_frostbite_vta_20260107_202443,atari_frostbite,/home/haselab/murakawa/stable-deep-world-model/logdir/atari_frostbite_vta_20260107_202443/latest.pt,/home/haselab/murakawa/stable-deep-world-model/logdir/atari_frostbite_vta_20260107_202443/train_eps/20260108T163622-6a2855e80f96423f8e6321ab3a435bdc-1194.npz,355,78.27767181396484,2153.636962890625,3.576279254957626e-07
/home/haselab/murakawa/stable-deep-world-model/logdir/atari_frostbite_vta_20260107_202443,atari_frostbite,/home/haselab/murakawa/stable-deep-world-model/logdir/atari_frostbite_vta_20260107_202443/latest.pt,/home/haselab/murakawa/stable-deep-world-model/logdir/atari_frostbite_vta_20260107_202443/train_eps/20260108T163622-6a2855e80f96423f8e6321ab3a435bdc-1194.npz,356,78.02183532714844,2177.895263671875,3.576279254957626e-07
/home/haselab/murakawa/stable-deep-world-model/logdir/atari_frostbite_vta_20260107_202443,atari_frostbite,/home/haselab/murakawa/stable-deep-world-model/logdir/atari_frostbite_vta_20260107_202443/latest.pt,/home/haselab/murakawa/stable-deep-world-model/logdir/atari_frostbite_vta_20260107_202443/train_eps/20260108T163622-6a2855e80f96423f8e6321ab3a435bdc-1194.npz,357,77.4432144165039,2119.458740234375,3.576279254957626e-07
/home/haselab/murakawa/stable-deep-world-model/logdir/atari_frostbite_vta_20260107_202443,atari_frostbite,/home/haselab/murakawa/stable-deep-world-model/logdir/atari_frostbite_vta_20260107_202443/latest.pt,/home/haselab/murakawa/stable-deep-world-model/logdir/atari_frostbite_vta_20260107_202443/train_eps/20260108T163622-6a2855e80f96423f8e6321ab3a435bdc-1194.npz,358,78.90501403808594,2189.7099609375,1.1920930376163597e-07
/home/haselab/murakawa/stable-deep-world-model/logdir/atari_frostbite_vta_20260107_202443,atari_frostbite,/home/haselab/murakawa/stable-deep-world-model/logdir/atari_frostbite_vta_20260107_202443/latest.pt,/home/haselab/murakawa/stable-deep-world-model/logdir/atari_frostbite_vta_20260107_202443/train_eps/20260108T163622-6a2855e80f96423f8e6321ab3a435bdc-1194.npz,359,79.47351837158203,2252.4931640625,1.1920930376163597e-07
/home/haselab/murakawa/stable-deep-world-model/logdir/atari_frostbite_vta_20260107_202443,atari_frostbite,/home/haselab/murakawa/stable-deep-world-model/logdir/atari_frostbite_vta_20260107_202443/latest.pt,/home/haselab/murakawa/stable-deep-world-model/logdir/atari_frostbite_vta_20260107_202443/train_eps/20260108T163622-6a2855e80f96423f8e6321ab3a435bdc-1194.npz,360,79.53154754638672,2253.482421875,-1.2776226422993914e-18
/home/haselab/murakawa/stable-deep-world-model/logdir/atari_frostbite_vta_20260107_202443,atari_frostbite,/home/haselab/murakawa/stable-deep-world-model/logdir/atari_frostbite_vta_20260107_202443/latest.pt,/home/haselab/murakawa/stable-deep-world-model/logdir/atari_frostbite_vta_20260107_202443/train_eps/20260108T163622-6a2855e80f96423f8e6321ab3a435bdc-1194.npz,361,80.34463500976562,2288.016357421875,-7.632438939008945e-19
/home/haselab/murakawa/stable-deep-world-model/logdir/atari_frostbite_vta_20260107_202443,atari_frostbite,/home/haselab/murakawa/stable-deep-world-model/logdir/atari_frostbite_vta_20260107_202443/latest.pt,/home/haselab/murakawa/stable-deep-world-model/logdir/atari_frostbite_vta_20260107_202443/train_eps/20260108T163622-6a2855e80f96423f8e6321ab3a435bdc-1194.npz,362,79.37229919433594,2247.738525390625,-1.8272620322594925e-18
/home/haselab/murakawa/stable-deep-world-model/logdir/atari_frostbite_vta_20260107_202443,atari_frostbite,/home/haselab/murakawa/stable-deep-world-model/logdir/atari_frostbite_vta_20260107_202443/latest.pt,/home/haselab/murakawa/stable-deep-world-model/logdir/atari_frostbite_vta_20260107_202443/train_eps/20260108T163622-6a2855e80f96423f8e6321ab3a435bdc-1194.npz,363,79.88340759277344,2283.736083984375,-1.262297001801527e-20
/home/haselab/murakawa/stable-deep-world-model/logdir/atari_frostbite_vta_20260107_202443,atari_frostbite,/home/haselab/murakawa/stable-deep-world-model/logdir/atari_frostbite_vta_20260107_202443/latest.pt,/home/haselab/murakawa/stable-deep-world-model/logdir/atari_frostbite_vta_20260107_202443/train_eps/20260108T163622-6a2855e80f96423f8e6321ab3a435bdc-1194.npz,364,79.28006744384766,2253.21923828125,-3.7091722169763954e-20
/home/haselab/murakawa/stable-deep-world-model/logdir/atari_frostbite_vta_20260107_202443,atari_frostbite,/home/haselab/murakawa/stable-deep-world-model/logdir/atari_frostbite_vta_20260107_202443/latest.pt,/home/haselab/murakawa/stable-deep-world-model/logdir/atari_frostbite_vta_20260107_202443/train_eps/20260108T163622-6a2855e80f96423f8e6321ab3a435bdc-1194.npz,365,78.50135803222656,2227.0673828125,-1.9824182436305034e-17
/home/haselab/murakawa/stable-deep-world-model/logdir/atari_frostbite_vta_20260107_202443,atari_frostbite,/home/haselab/murakawa/stable-deep-world-model/logdir/atari_frostbite_vta_20260107_202443/latest.pt,/home/haselab/murakawa/stable-deep-world-model/logdir/atari_frostbite_vta_20260107_202443/train_eps/20260108T163622-6a2855e80f96423f8e6321ab3a435bdc-1194.npz,366,80.04684448242188,2274.506591796875,-1.2071466731641145e-19
/home/haselab/murakawa/stable-deep-world-model/logdir/atari_frostbite_vta_20260107_202443,atari_frostbite,/home/haselab/murakawa/stable-deep-world-model/logdir/atari_frostbite_vta_20260107_202443/latest.pt,/home/haselab/murakawa/stable-deep-world-model/logdir/atari_frostbite_vta_20260107_202443/train_eps/20260108T163622-6a2855e80f96423f8e6321ab3a435bdc-1194.npz,367,80.04684448242188,2274.506591796875,-1.4385540425916098e-18
/home/haselab/murakawa/stable-deep-world-model/logdir/atari_frostbite_vta_20260107_202443,atari_frostbite,/home/haselab/murakawa/stable-deep-world-model/logdir/atari_frostbite_vta_20260107_202443/latest.pt,/home/haselab/murakawa/stable-deep-world-model/logdir/atari_frostbite_vta_20260107_202443/train_eps/20260108T163622-6a2855e80f96423f8e6321ab3a435bdc-1194.npz,368,80.11012268066406,2274.68212890625,-4.2415468482876546e-18
/home/haselab/murakawa/stable-deep-world-model/logdir/atari_frostbite_vta_20260107_202443,atari_frostbite,/home/haselab/murakawa/stable-deep-world-model/logdir/atari_frostbite_vta_20260107_202443/latest.pt,/home/haselab/murakawa/stable-deep-world-model/logdir/atari_frostbite_vta_20260107_202443/train_eps/20260108T163622-6a2855e80f96423f8e6321ab3a435bdc-1194.npz,369,80.11012268066406,2274.68212890625,-1.492104288561736e-17
/home/haselab/murakawa/stable-deep-world-model/logdir/atari_frostbite_vta_20260107_202443,atari_frostbite,/home/haselab/murakawa/stable-deep-world-model/logdir/atari_frostbite_vta_20260107_202443/latest.pt,/home/haselab/murakawa/stable-deep-world-model/logdir/atari_frostbite_vta_20260107_202443/train_eps/20260108T163622-6a2855e80f96423f8e6321ab3a435bdc-1194.npz,370,80.11500549316406,2277.387939453125,3.576279254957626e-07
/home/haselab/murakawa/stable-deep-world-model/logdir/atari_frostbite_vta_20260107_202443,atari_frostbite,/home/haselab/murakawa/stable-deep-world-model/logdir/atari_frostbite_vta_20260107_202443/latest.pt,/home/haselab/murakawa/stable-deep-world-model/logdir/atari_frostbite_vta_20260107_202443/train_eps/20260108T163622-6a2855e80f96423f8e6321ab3a435bdc-1194.npz,371,80.11500549316406,2277.387939453125,1.0609683158691041e-05
/home/haselab/murakawa/stable-deep-world-model/logdir/atari_frostbite_vta_20260107_202443,atari_frostbite,/home/haselab/murakawa/stable-deep-world-model/logdir/atari_frostbite_vta_20260107_202443/latest.pt,/home/haselab/murakawa/stable-deep-world-model/logdir/atari_frostbite_vta_20260107_202443/train_eps/20260108T163622-6a2855e80f96423f8e6321ab3a435bdc-1194.npz,372,80.09742736816406,2277.104736328125,1.7285496141994372e-05
/home/haselab/murakawa/stable-deep-world-model/logdir/atari_frostbite_vta_20260107_202443,atari_frostbite,/home/haselab/murakawa/stable-deep-world-model/logdir/atari_frostbite_vta_20260107_202443/latest.pt,/home/haselab/murakawa/stable-deep-world-model/logdir/atari_frostbite_vta_20260107_202443/train_eps/20260108T163622-6a2855e80f96423f8e6321ab3a435bdc-1194.npz,373,80.09742736816406,2277.104736328125,0.00021752101019956172
/home/haselab/murakawa/stable-deep-world-model/logdir/atari_frostbite_vta_20260107_202443,atari_frostbite,/home/haselab/murakawa/stable-deep-world-model/logdir/atari_frostbite_vta_20260107_202443/latest.pt,/home/haselab/murakawa/stable-deep-world-model/logdir/atari_frostbite_vta_20260107_202443/train_eps/20260108T163622-6a2855e80f96423f8e6321ab3a435bdc-1194.npz,374,80.05003356933594,2273.220703125,0.0006713736220262945
/home/haselab/murakawa/stable-deep-world-model/logdir/atari_frostbite_vta_20260107_202443,atari_frostbite,/home/haselab/murakawa/stable-deep-world-model/logdir/atari_frostbite_vta_20260107_202443/latest.pt,/home/haselab/murakawa/stable-deep-world-model/logdir/atari_frostbite_vta_20260107_202443/train_eps/20260108T163622-6a2855e80f96423f8e6321ab3a435bdc-1194.npz,375,80.05003356933594,2273.220703125,0.003896725829690695
/home/haselab/murakawa/stable-deep-world-model/logdir/atari_frostbite_vta_20260107_202443,atari_frostbite,/home/haselab/murakawa/stable-deep-world-model/logdir/atari_frostbite_vta_20260107_202443/latest.pt,/home/haselab/murakawa/stable-deep-world-model/logdir/atari_frostbite_vta_20260107_202443/train_eps/20260108T163622-6a2855e80f96423f8e6321ab3a435bdc-1194.npz,376,79.9945068359375,2271.576904296875,0.001704296562820673
/home/haselab/murakawa/stable-deep-world-model/logdir/atari_frostbite_vta_20260107_202443,atari_frostbite,/home/haselab/murakawa/stable-deep-world-model/logdir/atari_frostbite_vta_20260107_202443/latest.pt,/home/haselab/murakawa/stable-deep-world-model/logdir/atari_frostbite_vta_20260107_202443/train_eps/20260108T163622-6a2855e80f96423f8e6321ab3a435bdc-1194.npz,377,79.9945068359375,2271.576904296875,0.003151190932840109
/home/haselab/murakawa/stable-deep-world-model/logdir/atari_frostbite_vta_20260107_202443,atari_frostbite,/home/haselab/murakawa/stable-deep-world-model/logdir/atari_frostbite_vta_20260107_202443/latest.pt,/home/haselab/murakawa/stable-deep-world-model/logdir/atari_frostbite_vta_20260107_202443/train_eps/20260108T163622-6a2855e80f96423f8e6321ab3a435bdc-1194.npz,378,41.3079833984375,206.69459533691406,4.478926658630371
/home/haselab/murakawa/stable-deep-world-model/logdir/atari_frostbite_vta_20260107_202443,atari_frostbite,/home/haselab/murakawa/stable-deep-world-model/logdir/atari_frostbite_vta_20260107_202443/latest.pt,/home/haselab/murakawa/stable-deep-world-model/logdir/atari_frostbite_vta_20260107_202443/train_eps/20260108T163622-6a2855e80f96423f8e6321ab3a435bdc-1194.npz,379,31.897363662719727,198.63729858398438,3.695556370075792e-05
/home/haselab/murakawa/stable-deep-world-model/logdir/atari_frostbite_vta_20260107_202443,atari_frostbite,/home/haselab/murakawa/stable-deep-world-model/logdir/atari_frostbite_vta_20260107_202443/latest.pt,/home/haselab/murakawa/stable-deep-world-model/logdir/atari_frostbite_vta_20260107_202443/train_eps/20260108T163622-6a2855e80f96423f8e6321ab3a435bdc-1194.npz,380,32.08395767211914,199.18385314941406,1.1230116836458137e-10
/home/haselab/murakawa/stable-deep-world-model/logdir/atari_frostbite_vta_20260107_202443,atari_frostbite,/home/haselab/murakawa/stable-deep-world-model/logdir/atari_frostbite_vta_20260107_202443/latest.pt,/home/haselab/murakawa/stable-deep-world-model/logdir/atari_frostbite_vta_20260107_202443/train_eps/20260108T163622-6a2855e80f96423f8e6321ab3a435bdc-1194.npz,381,32.08395767211914,199.18385314941406,1.2409709371219435e-10
/home/haselab/murakawa/stable-deep-world-model/logdir/atari_frostbite_vta_20260107_202443,atari_frostbite,/home/haselab/murakawa/stable-deep-world-model/logdir/atari_frostbite_vta_20260107_202443/latest.pt,/home/haselab/murakawa/stable-deep-world-model/logdir/atari_frostbite_vta_20260107_202443/train_eps/20260108T163622-6a2855e80f96423f8e6321ab3a435bdc-1194.npz,382,31.770263671875,195.84498596191406,1.3388905262257111e-10
/home/haselab/murakawa/stable-deep-world-model/logdir/atari_frostbite_vta_20260107_202443,atari_frostbite,/home/haselab/murakawa/stable-deep-world-model/logdir/atari_frostbite_vta_20260107_202443/latest.pt,/home/haselab/murakawa/stable-deep-world-model/logdir/atari_frostbite_vta_20260107_202443/train_eps/20260108T163622-6a2855e80f96423f8e6321ab3a435bdc-1194.npz,383,31.770263671875,195.84498596191406,2.609102378592354e-10
/home/haselab/murakawa/stable-deep-world-model/logdir/atari_frostbite_vta_20260107_202443,atari_frostbite,/home/haselab/murakawa/stable-deep-world-model/logdir/atari_frostbite_vta_20260107_202443/latest.pt,/home/haselab/murakawa/stable-deep-world-model/logdir/atari_frostbite_vta_20260107_202443/train_eps/20260108T163622-6a2855e80f96423f8e6321ab3a435bdc-1194.npz,384,31.864810943603516,198.35211181640625,2.241149349435645e-10
/home/haselab/murakawa/stable-deep-world-model/logdir/atari_frostbite_vta_20260107_202443,atari_frostbite,/home/haselab/murakawa/stable-deep-world-model/logdir/atari_frostbite_vta_20260107_202443/latest.pt,/home/haselab/murakawa/stable-deep-world-model/logdir/atari_frostbite_vta_20260107_202443/train_eps/20260108T163622-6a2855e80f96423f8e6321ab3a435bdc-1194.npz,385,31.864810943603516,198.35211181640625,8.119658417848896e-11
/home/haselab/murakawa/stable-deep-world-model/logdir/atari_frostbite_vta_20260107_202443,atari_frostbite,/home/haselab/murakawa/stable-deep-world-model/logdir/atari_frostbite_vta_20260107_202443/latest.pt,/home/haselab/murakawa/stable-deep-world-model/logdir/atari_frostbite_vta_20260107_202443/train_eps/20260108T163622-6a2855e80f96423f8e6321ab3a435bdc-1194.npz,386,31.922161102294922,198.22154235839844,7.68843738674363e-11
/home/haselab/murakawa/stable-deep-world-model/logdir/atari_frostbite_vta_20260107_202443,atari_frostbite,/home/haselab/murakawa/stable-deep-world-model/logdir/atari_frostbite_vta_20260107_202443/latest.pt,/home/haselab/murakawa/stable-deep-world-model/logdir/atari_frostbite_vta_20260107_202443/train_eps/20260108T163622-6a2855e80f96423f8e6321ab3a435bdc-1194.npz,387,31.922161102294922,198.22154235839844,1.0273256551007748e-10
/home/haselab/murakawa/stable-deep-world-model/logdir/atari_frostbite_vta_20260107_202443,atari_frostbite,/home/haselab/murakawa/stable-deep-world-model/logdir/atari_frostbite_vta_20260107_202443/latest.pt,/home/haselab/murakawa/stable-deep-world-model/logdir/atari_frostbite_vta_20260107_202443/train_eps/20260108T163622-6a2855e80f96423f8e6321ab3a435bdc-1194.npz,388,32.114532470703125,200.0384521484375,9.964760960823327e-11
/home/haselab/murakawa/stable-deep-world-model/logdir/atari_frostbite_vta_20260107_202443,atari_frostbite,/home/haselab/murakawa/stable-deep-world-model/logdir/atari_frostbite_vta_20260107_202443/latest.pt,/home/haselab/murakawa/stable-deep-world-model/logdir/atari_frostbite_vta_20260107_202443/train_eps/20260108T163622-6a2855e80f96423f8e6321ab3a435bdc-1194.npz,389,32.114532470703125,200.0384521484375,7.95622734361956e-11
/home/haselab/murakawa/stable-deep-world-model/logdir/atari_frostbite_vta_20260107_202443,atari_frostbite,/home/haselab/murakawa/stable-deep-world-model/logdir/atari_frostbite_vta_20260107_202443/latest.pt,/home/haselab/murakawa/stable-deep-world-model/logdir/atari_frostbite_vta_20260107_202443/train_eps/20260108T163622-6a2855e80f96423f8e6321ab3a435bdc-1194.npz,390,31.886247634887695,196.92404174804688,9.05105920767646e-11
/home/haselab/murakawa/stable-deep-world-model/logdir/atari_frostbite_vta_20260107_202443,atari_frostbite,/home/haselab/murakawa/stable-deep-world-model/logdir/atari_frostbite_vta_20260107_202443/latest.pt,/home/haselab/murakawa/stable-deep-world-model/logdir/atari_frostbite_vta_20260107_202443/train_eps/20260108T163622-6a2855e80f96423f8e6321ab3a435bdc-1194.npz,391,31.886247634887695,196.92404174804688,1.8364285092609123e-10
/home/haselab/murakawa/stable-deep-world-model/logdir/atari_frostbite_vta_20260107_202443,atari_frostbite,/home/haselab/murakawa/stable-deep-world-model/logdir/atari_frostbite_vta_20260107_202443/latest.pt,/home/haselab/murakawa/stable-deep-world-model/logdir/atari_frostbite_vta_20260107_202443/train_eps/20260108T163622-6a2855e80f96423f8e6321ab3a435bdc-1194.npz,392,31.932172775268555,198.68019104003906,1.5319627511001244e-10
/home/haselab/murakawa/stable-deep-world-model/logdir/atari_frostbite_vta_20260107_202443,atari_frostbite,/home/haselab/murakawa/stable-deep-world-model/logdir/atari_frostbite_vta_20260107_202443/latest.pt,/home/haselab/murakawa/stable-deep-world-model/logdir/atari_frostbite_vta_20260107_202443/train_eps/20260108T163622-6a2855e80f96423f8e6321ab3a435bdc-1194.npz,393,31.932172775268555,198.68019104003906,-2.375091616435565e-11
/home/haselab/murakawa/stable-deep-world-model/logdir/atari_frostbite_vta_20260107_202443,atari_frostbite,/home/haselab/murakawa/stable-deep-world-model/logdir/atari_frostbite_vta_20260107_202443/latest.pt,/home/haselab/murakawa/stable-deep-world-model/logdir/atari_frostbite_vta_20260107_202443/train_eps/20260108T163622-6a2855e80f96423f8e6321ab3a435bdc-1194.npz,394,31.81866455078125,196.61947631835938,2.0610858506020513e-11
/home/haselab/murakawa/stable-deep-world-model/logdir/atari_frostbite_vta_20260107_202443,atari_frostbite,/home/haselab/murakawa/stable-deep-world-model/logdir/atari_frostbite_vta_20260107_202443/latest.pt,/home/haselab/murakawa/stable-deep-world-model/logdir/atari_frostbite_vta_20260107_202443/train_eps/20260108T163622-6a2855e80f96423f8e6321ab3a435bdc-1194.npz,395,31.253141403198242,193.60777282714844,4.792137520137629e-11
/home/haselab/murakawa/stable-deep-world-model/logdir/atari_frostbite_vta_20260107_202443,atari_frostbite,/home/haselab/murakawa/stable-deep-world-model/logdir/atari_frostbite_vta_20260107_202443/latest.pt,/home/haselab/murakawa/stable-deep-world-model/logdir/atari_frostbite_vta_20260107_202443/train_eps/20260108T163622-6a2855e80f96423f8e6321ab3a435bdc-1194.npz,396,28.350446701049805,176.97174072265625,-1.5863942426271862e-15
/home/haselab/murakawa/stable-deep-world-model/logdir/atari_frostbite_vta_20260107_202443,atari_frostbite,/home/haselab/murakawa/stable-deep-world-model/logdir/atari_frostbite_vta_20260107_202443/latest.pt,/home/haselab/murakawa/stable-deep-world-model/logdir/atari_frostbite_vta_20260107_202443/train_eps/20260108T163622-6a2855e80f96423f8e6321ab3a435bdc-1194.npz,397,24.898941040039062,151.34463500976562,7.979328309204448e-11
/home/haselab/murakawa/stable-deep-world-model/logdir/atari_frostbite_vta_20260107_202443,atari_frostbite,/home/haselab/murakawa/stable-deep-world-model/logdir/atari_frostbite_vta_20260107_202443/latest.pt,/home/haselab/murakawa/stable-deep-world-model/logdir/atari_frostbite_vta_20260107_202443/train_eps/20260108T163622-6a2855e80f96423f8e6321ab3a435bdc-1194.npz,398,31.06829261779785,219.9813690185547,5.169528931057313e-18
/home/haselab/murakawa/stable-deep-world-model/logdir/atari_frostbite_vta_20260107_202443,atari_frostbite,/home/haselab/murakawa/stable-deep-world-model/logdir/atari_frostbite_vta_20260107_202443/latest.pt,/home/haselab/murakawa/stable-deep-world-model/logdir/atari_frostbite_vta_20260107_202443/train_eps/20260108T163622-6a2855e80f96423f8e6321ab3a435bdc-1194.npz,399,29.426555633544922,191.59317016601562,6.145011721692129e-10
/home/haselab/murakawa/stable-deep-world-model/logdir/atari_frostbite_vta_20260107_202443,atari_frostbite,/home/haselab/murakawa/stable-deep-world-model/logdir/atari_frostbite_vta_20260107_202443/latest.pt,/home/haselab/murakawa/stable-deep-world-model/logdir/atari_frostbite_vta_20260107_202443/train_eps/20260108T163622-6a2855e80f96423f8e6321ab3a435bdc-1194.npz,400,37.87980270385742,329.3808898925781,3.2576006237135247e-13
/home/haselab/murakawa/stable-deep-world-model/logdir/atari_frostbite_vta_20260107_202443,atari_frostbite,/home/haselab/murakawa/stable-deep-world-model/logdir/atari_frostbite_vta_20260107_202443/latest.pt,/home/haselab/murakawa/stable-deep-world-model/logdir/atari_frostbite_vta_20260107_202443/train_eps/20260108T163622-6a2855e80f96423f8e6321ab3a435bdc-1194.npz,401,40.14652633666992,375.37188720703125,4.0120827549117166e-08
/home/haselab/murakawa/stable-deep-world-model/logdir/atari_frostbite_vta_20260107_202443,atari_frostbite,/home/haselab/murakawa/stable-deep-world-model/logdir/atari_frostbite_vta_20260107_202443/latest.pt,/home/haselab/murakawa/stable-deep-world-model/logdir/atari_frostbite_vta_20260107_202443/train_eps/20260108T163622-6a2855e80f96423f8e6321ab3a435bdc-1194.npz,402,47.298927307128906,491.49468994140625,1.258635140555242e-10
/home/haselab/murakawa/stable-deep-world-model/logdir/atari_frostbite_vta_20260107_202443,atari_frostbite,/home/haselab/murakawa/stable-deep-world-model/logdir/atari_frostbite_vta_20260107_202443/latest.pt,/home/haselab/murakawa/stable-deep-world-model/logdir/atari_frostbite_vta_20260107_202443/train_eps/20260108T163622-6a2855e80f96423f8e6321ab3a435bdc-1194.npz,403,54.161346435546875,424.9432678222656,7.516229860726753e-10
/home/haselab/murakawa/stable-deep-world-model/logdir/atari_frostbite_vta_20260107_202443,atari_frostbite,/home/haselab/murakawa/stable-deep-world-model/logdir/atari_frostbite_vta_20260107_202443/latest.pt,/home/haselab/murakawa/stable-deep-world-model/logdir/atari_frostbite_vta_20260107_202443/train_eps/20260108T163622-6a2855e80f96423f8e6321ab3a435bdc-1194.npz,404,59.82516098022461,471.1328125,-7.615134217653363e-12
/home/haselab/murakawa/stable-deep-world-model/logdir/atari_frostbite_vta_20260107_202443,atari_frostbite,/home/haselab/murakawa/stable-deep-world-model/logdir/atari_frostbite_vta_20260107_202443/latest.pt,/home/haselab/murakawa/stable-deep-world-model/logdir/atari_frostbite_vta_20260107_202443/train_eps/20260108T163622-6a2855e80f96423f8e6321ab3a435bdc-1194.npz,405,59.82516098022461,471.1328125,-6.674709071043117e-13
/home/haselab/murakawa/stable-deep-world-model/logdir/atari_frostbite_vta_20260107_202443,atari_frostbite,/home/haselab/murakawa/stable-deep-world-model/logdir/atari_frostbite_vta_20260107_202443/latest.pt,/home/haselab/murakawa/stable-deep-world-model/logdir/atari_frostbite_vta_20260107_202443/train_eps/20260108T163622-6a2855e80f96423f8e6321ab3a435bdc-1194.npz,406,67.61186218261719,546.4356689453125,3.284835728076252e-12
/home/haselab/murakawa/stable-deep-world-model/logdir/atari_frostbite_vta_20260107_202443,atari_frostbite,/home/haselab/murakawa/stable-deep-world-model/logdir/atari_frostbite_vta_20260107_202443/latest.pt,/home/haselab/murakawa/stable-deep-world-model/logdir/atari_frostbite_vta_20260107_202443/train_eps/20260108T163622-6a2855e80f96423f8e6321ab3a435bdc-1194.npz,407,69.21842956542969,600.769287109375,5.083825374563311e-11
/home/haselab/murakawa/stable-deep-world-model/logdir/atari_frostbite_vta_20260107_202443,atari_frostbite,/home/haselab/murakawa/stable-deep-world-model/logdir/atari_frostbite_vta_20260107_202443/latest.pt,/home/haselab/murakawa/stable-deep-world-model/logdir/atari_frostbite_vta_20260107_202443/train_eps/20260108T163622-6a2855e80f96423f8e6321ab3a435bdc-1194.npz,408,72.76447296142578,637.585205078125,1.1705607150247488e-08
/home/haselab/murakawa/stable-deep-world-model/logdir/atari_frostbite_vta_20260107_202443,atari_frostbite,/home/haselab/murakawa/stable-deep-world-model/logdir/atari_frostbite_vta_20260107_202443/latest.pt,/home/haselab/murakawa/stable-deep-world-model/logdir/atari_frostbite_vta_20260107_202443/train_eps/20260108T163622-6a2855e80f96423f8e6321ab3a435bdc-1194.npz,409,73.9756088256836,670.6178588867188,2.1454746956806048e-07
/home/haselab/murakawa/stable-deep-world-model/logdir/atari_frostbite_vta_20260107_202443,atari_frostbite,/home/haselab/murakawa/stable-deep-world-model/logdir/atari_frostbite_vta_20260107_202443/latest.pt,/home/haselab/murakawa/stable-deep-world-model/logdir/atari_frostbite_vta_20260107_202443/train_eps/20260108T163622-6a2855e80f96423f8e6321ab3a435bdc-1194.npz,410,77.44583129882812,762.7508544921875,6.404108717106283e-06
/home/haselab/murakawa/stable-deep-world-model/logdir/atari_frostbite_vta_20260107_202443,atari_frostbite,/home/haselab/murakawa/stable-deep-world-model/logdir/atari_frostbite_vta_20260107_202443/latest.pt,/home/haselab/murakawa/stable-deep-world-model/logdir/atari_frostbite_vta_20260107_202443/train_eps/20260108T163622-6a2855e80f96423f8e6321ab3a435bdc-1194.npz,411,76.32874298095703,851.806640625,7.12989844942058e-08
/home/haselab/murakawa/stable-deep-world-model/logdir/atari_frostbite_vta_20260107_202443,atari_frostbite,/home/haselab/murakawa/stable-deep-world-model/logdir/atari_frostbite_vta_20260107_202443/latest.pt,/home/haselab/murakawa/stable-deep-world-model/logdir/atari_frostbite_vta_20260107_202443/train_eps/20260108T163622-6a2855e80f96423f8e6321ab3a435bdc-1194.npz,412,74.94598388671875,746.8425903320312,2.80892692217094e-07
/home/haselab/murakawa/stable-deep-world-model/logdir/atari_frostbite_vta_20260107_202443,atari_frostbite,/home/haselab/murakawa/stable-deep-world-model/logdir/atari_frostbite_vta_20260107_202443/latest.pt,/home/haselab/murakawa/stable-deep-world-model/logdir/atari_frostbite_vta_20260107_202443/train_eps/20260108T163622-6a2855e80f96423f8e6321ab3a435bdc-1194.npz,413,73.4216079711914,715.8531494140625,1.7961635651042585e-11
/home/haselab/murakawa/stable-deep-world-model/logdir/atari_frostbite_vta_20260107_202443,atari_frostbite,/home/haselab/murakawa/stable-deep-world-model/logdir/atari_frostbite_vta_20260107_202443/latest.pt,/home/haselab/murakawa/stable-deep-world-model/logdir/atari_frostbite_vta_20260107_202443/train_eps/20260108T163622-6a2855e80f96423f8e6321ab3a435bdc-1194.npz,414,71.75871276855469,727.2652587890625,-8.557776709494647e-09
/home/haselab/murakawa/stable-deep-world-model/logdir/atari_frostbite_vta_20260107_202443,atari_frostbite,/home/haselab/murakawa/stable-deep-world-model/logdir/atari_frostbite_vta_20260107_202443/latest.pt,/home/haselab/murakawa/stable-deep-world-model/logdir/atari_frostbite_vta_20260107_202443/train_eps/20260108T163622-6a2855e80f96423f8e6321ab3a435bdc-1194.npz,415,72.5479965209961,857.0885009765625,1.3705759194237999e-08
/home/haselab/murakawa/stable-deep-world-model/logdir/atari_frostbite_vta_20260107_202443,atari_frostbite,/home/haselab/murakawa/stable-deep-world-model/logdir/atari_frostbite_vta_20260107_202443/latest.pt,/home/haselab/murakawa/stable-deep-world-model/logdir/atari_frostbite_vta_20260107_202443/train_eps/20260108T163622-6a2855e80f96423f8e6321ab3a435bdc-1194.npz,416,69.6175537109375,876.5657348632812,5.012328330167293e-08
/home/haselab/murakawa/stable-deep-world-model/logdir/atari_frostbite_vta_20260107_202443,atari_frostbite,/home/haselab/murakawa/stable-deep-world-model/logdir/atari_frostbite_vta_20260107_202443/latest.pt,/home/haselab/murakawa/stable-deep-world-model/logdir/atari_frostbite_vta_20260107_202443/train_eps/20260108T163622-6a2855e80f96423f8e6321ab3a435bdc-1194.npz,417,72.17033386230469,984.00146484375,4.4210617389239815e-09
/home/haselab/murakawa/stable-deep-world-model/logdir/atari_frostbite_vta_20260107_202443,atari_frostbite,/home/haselab/murakawa/stable-deep-world-model/logdir/atari_frostbite_vta_20260107_202443/latest.pt,/home/haselab/murakawa/stable-deep-world-model/logdir/atari_frostbite_vta_20260107_202443/train_eps/20260108T163622-6a2855e80f96423f8e6321ab3a435bdc-1194.npz,418,74.26982116699219,992.0487060546875,2.930840639625565e-11
/home/haselab/murakawa/stable-deep-world-model/logdir/atari_frostbite_vta_20260107_202443,atari_frostbite,/home/haselab/murakawa/stable-deep-world-model/logdir/atari_frostbite_vta_20260107_202443/latest.pt,/home/haselab/murakawa/stable-deep-world-model/logdir/atari_frostbite_vta_20260107_202443/train_eps/20260108T163622-6a2855e80f96423f8e6321ab3a435bdc-1194.npz,419,73.63447570800781,970.52783203125,2.04304228645924e-06
/home/haselab/murakawa/stable-deep-world-model/logdir/atari_frostbite_vta_20260107_202443,atari_frostbite,/home/haselab/murakawa/stable-deep-world-model/logdir/atari_frostbite_vta_20260107_202443/latest.pt,/home/haselab/murakawa/stable-deep-world-model/logdir/atari_frostbite_vta_20260107_202443/train_eps/20260108T163622-6a2855e80f96423f8e6321ab3a435bdc-1194.npz,420,71.51438903808594,899.211669921875,2.84422227991854e-08
/home/haselab/murakawa/stable-deep-world-model/logdir/atari_frostbite_vta_20260107_202443,atari_frostbite,/home/haselab/murakawa/stable-deep-world-model/logdir/atari_frostbite_vta_20260107_202443/latest.pt,/home/haselab/murakawa/stable-deep-world-model/logdir/atari_frostbite_vta_20260107_202443/train_eps/20260108T163622-6a2855e80f96423f8e6321ab3a435bdc-1194.npz,421,71.97589874267578,912.5028076171875,9.735087047602065e-08
/home/haselab/murakawa/stable-deep-world-model/logdir/atari_frostbite_vta_20260107_202443,atari_frostbite,/home/haselab/murakawa/stable-deep-world-model/logdir/atari_frostbite_vta_20260107_202443/latest.pt,/home/haselab/murakawa/stable-deep-world-model/logdir/atari_frostbite_vta_20260107_202443/train_eps/20260108T163622-6a2855e80f96423f8e6321ab3a435bdc-1194.npz,422,69.41773223876953,861.2069702148438,4.938992548275678e-10
/home/haselab/murakawa/stable-deep-world-model/logdir/atari_frostbite_vta_20260107_202443,atari_frostbite,/home/haselab/murakawa/stable-deep-world-model/logdir/atari_frostbite_vta_20260107_202443/latest.pt,/home/haselab/murakawa/stable-deep-world-model/logdir/atari_frostbite_vta_20260107_202443/train_eps/20260108T163622-6a2855e80f96423f8e6321ab3a435bdc-1194.npz,423,71.09265899658203,918.4747924804688,6.14646805674468e-11
/home/haselab/murakawa/stable-deep-world-model/logdir/atari_frostbite_vta_20260107_202443,atari_frostbite,/home/haselab/murakawa/stable-deep-world-model/logdir/atari_frostbite_vta_20260107_202443/latest.pt,/home/haselab/murakawa/stable-deep-world-model/logdir/atari_frostbite_vta_20260107_202443/train_eps/20260108T163622-6a2855e80f96423f8e6321ab3a435bdc-1194.npz,424,71.24854278564453,883.8267211914062,5.5252667268941916e-14
/home/haselab/murakawa/stable-deep-world-model/logdir/atari_frostbite_vta_20260107_202443,atari_frostbite,/home/haselab/murakawa/stable-deep-world-model/logdir/atari_frostbite_vta_20260107_202443/latest.pt,/home/haselab/murakawa/stable-deep-world-model/logdir/atari_frostbite_vta_20260107_202443/train_eps/20260108T163622-6a2855e80f96423f8e6321ab3a435bdc-1194.npz,425,76.08158874511719,924.6907348632812,-5.987499218361808e-17
/home/haselab/murakawa/stable-deep-world-model/logdir/atari_frostbite_vta_20260107_202443,atari_frostbite,/home/haselab/murakawa/stable-deep-world-model/logdir/atari_frostbite_vta_20260107_202443/latest.pt,/home/haselab/murakawa/stable-deep-world-model/logdir/atari_frostbite_vta_20260107_202443/train_eps/20260108T163622-6a2855e80f96423f8e6321ab3a435bdc-1194.npz,426,71.0024642944336,831.9163208007812,-2.3908863580408745e-18
/home/haselab/murakawa/stable-deep-world-model/logdir/atari_frostbite_vta_20260107_202443,atari_frostbite,/home/haselab/murakawa/stable-deep-world-model/logdir/atari_frostbite_vta_20260107_202443/latest.pt,/home/haselab/murakawa/stable-deep-world-model/logdir/atari_frostbite_vta_20260107_202443/train_eps/20260108T163622-6a2855e80f96423f8e6321ab3a435bdc-1194.npz,427,73.58790588378906,818.6961059570312,-2.1901171743060358e-17
/home/haselab/murakawa/stable-deep-world-model/logdir/atari_frostbite_vta_20260107_202443,atari_frostbite,/home/haselab/murakawa/stable-deep-world-model/logdir/atari_frostbite_vta_20260107_202443/latest.pt,/home/haselab/murakawa/stable-deep-world-model/logdir/atari_frostbite_vta_20260107_202443/train_eps/20260108T163622-6a2855e80f96423f8e6321ab3a435bdc-1194.npz,428,85.13441467285156,756.1322631835938,0.0
/home/haselab/murakawa/stable-deep-world-model/logdir/atari_frostbite_vta_20260107_202443,atari_frostbite,/home/haselab/murakawa/stable-deep-world-model/logdir/atari_frostbite_vta_20260107_202443/latest.pt,/home/haselab/murakawa/stable-deep-world-model/logdir/atari_frostbite_vta_20260107_202443/train_eps/20260108T163622-6a2855e80f96423f8e6321ab3a435bdc-1194.npz,429,75.81143188476562,653.4606323242188,2.3841852225814364e-07
/home/haselab/murakawa/stable-deep-world-model/logdir/atari_frostbite_vta_20260107_202443,atari_frostbite,/home/haselab/murakawa/stable-deep-world-model/logdir/atari_frostbite_vta_20260107_202443/latest.pt,/home/haselab/murakawa/stable-deep-world-model/logdir/atari_frostbite_vta_20260107_202443/train_eps/20260108T163622-6a2855e80f96423f8e6321ab3a435bdc-1194.npz,430,75.08526611328125,699.8052368164062,-9.133191141088512e-21
/home/haselab/murakawa/stable-deep-world-model/logdir/atari_frostbite_vta_20260107_202443,atari_frostbite,/home/haselab/murakawa/stable-deep-world-model/logdir/atari_frostbite_vta_20260107_202443/latest.pt,/home/haselab/murakawa/stable-deep-world-model/logdir/atari_frostbite_vta_20260107_202443/train_eps/20260108T163622-6a2855e80f96423f8e6321ab3a435bdc-1194.npz,431,75.47361755371094,704.513916015625,-1.4764510897111794e-19
/home/haselab/murakawa/stable-deep-world-model/logdir/atari_frostbite_vta_20260107_202443,atari_frostbite,/home/haselab/murakawa/stable-deep-world-model/logdir/atari_frostbite_vta_20260107_202443/latest.pt,/home/haselab/murakawa/stable-deep-world-model/logdir/atari_frostbite_vta_20260107_202443/train_eps/20260108T163622-6a2855e80f96423f8e6321ab3a435bdc-1194.npz,432,82.0125503540039,813.3989868164062,-5.787983886631704e-21
/home/haselab/murakawa/stable-deep-world-model/logdir/atari_frostbite_vta_20260107_202443,atari_frostbite,/home/haselab/murakawa/stable-deep-world-model/logdir/atari_frostbite_vta_20260107_202443/latest.pt,/home/haselab/murakawa/stable-deep-world-model/logdir/atari_frostbite_vta_20260107_202443/train_eps/20260108T163622-6a2855e80f96423f8e6321ab3a435bdc-1194.npz,433,93.43521881103516,972.5372924804688,-1.6258221704839958e-17
/home/haselab/murakawa/stable-deep-world-model/logdir/atari_frostbite_vta_20260107_202443,atari_frostbite,/home/haselab/murakawa/stable-deep-world-model/logdir/atari_frostbite_vta_20260107_202443/latest.pt,/home/haselab/murakawa/stable-deep-world-model/logdir/atari_frostbite_vta_20260107_202443/train_eps/20260108T163622-6a2855e80f96423f8e6321ab3a435bdc-1194.npz,434,99.3405990600586,1122.0887451171875,-5.2049872687853174e-18
/home/haselab/murakawa/stable-deep-world-model/logdir/atari_frostbite_vta_20260107_202443,atari_frostbite,/home/haselab/murakawa/stable-deep-world-model/logdir/atari_frostbite_vta_20260107_202443/latest.pt,/home/haselab/murakawa/stable-deep-world-model/logdir/atari_frostbite_vta_20260107_202443/train_eps/20260108T163622-6a2855e80f96423f8e6321ab3a435bdc-1194.npz,435,99.11980438232422,1138.6070556640625,5.162936864058082e-16
/home/haselab/murakawa/stable-deep-world-model/logdir/atari_frostbite_vta_20260107_202443,atari_frostbite,/home/haselab/murakawa/stable-deep-world-model/logdir/atari_frostbite_vta_20260107_202443/latest.pt,/home/haselab/murakawa/stable-deep-world-model/logdir/atari_frostbite_vta_20260107_202443/train_eps/20260108T163622-6a2855e80f96423f8e6321ab3a435bdc-1194.npz,436,109.0258560180664,1279.158935546875,9.004669619406538e-16
/home/haselab/murakawa/stable-deep-world-model/logdir/atari_frostbite_vta_20260107_202443,atari_frostbite,/home/haselab/murakawa/stable-deep-world-model/logdir/atari_frostbite_vta_20260107_202443/latest.pt,/home/haselab/murakawa/stable-deep-world-model/logdir/atari_frostbite_vta_20260107_202443/train_eps/20260108T163622-6a2855e80f96423f8e6321ab3a435bdc-1194.npz,437,113.8600082397461,1290.1357421875,9.188189217714665e-14
/home/haselab/murakawa/stable-deep-world-model/logdir/atari_frostbite_vta_20260107_202443,atari_frostbite,/home/haselab/murakawa/stable-deep-world-model/logdir/atari_frostbite_vta_20260107_202443/latest.pt,/home/haselab/murakawa/stable-deep-world-model/logdir/atari_frostbite_vta_20260107_202443/train_eps/20260108T163622-6a2855e80f96423f8e6321ab3a435bdc-1194.npz,438,135.02392578125,1455.75830078125,6.920119859088469e-13
/home/haselab/murakawa/stable-deep-world-model/logdir/atari_frostbite_vta_20260107_202443,atari_frostbite,/home/haselab/murakawa/stable-deep-world-model/logdir/atari_frostbite_vta_20260107_202443/latest.pt,/home/haselab/murakawa/stable-deep-world-model/logdir/atari_frostbite_vta_20260107_202443/train_eps/20260108T163622-6a2855e80f96423f8e6321ab3a435bdc-1194.npz,439,161.07347106933594,1628.3890380859375,4.318686420035512e-15
/home/haselab/murakawa/stable-deep-world-model/logdir/atari_frostbite_vta_20260107_202443,atari_frostbite,/home/haselab/murakawa/stable-deep-world-model/logdir/atari_frostbite_vta_20260107_202443/latest.pt,/home/haselab/murakawa/stable-deep-world-model/logdir/atari_frostbite_vta_20260107_202443/train_eps/20260108T163622-6a2855e80f96423f8e6321ab3a435bdc-1194.npz,440,193.70211791992188,1887.4437255859375,-7.033339136317267e-16
/home/haselab/murakawa/stable-deep-world-model/logdir/atari_frostbite_vta_20260107_202443,atari_frostbite,/home/haselab/murakawa/stable-deep-world-model/logdir/atari_frostbite_vta_20260107_202443/latest.pt,/home/haselab/murakawa/stable-deep-world-model/logdir/atari_frostbite_vta_20260107_202443/train_eps/20260108T163622-6a2855e80f96423f8e6321ab3a435bdc-1194.npz,441,204.73751831054688,1981.802490234375,-2.2273725764731904e-14
/home/haselab/murakawa/stable-deep-world-model/logdir/atari_frostbite_vta_20260107_202443,atari_frostbite,/home/haselab/murakawa/stable-deep-world-model/logdir/atari_frostbite_vta_20260107_202443/latest.pt,/home/haselab/murakawa/stable-deep-world-model/logdir/atari_frostbite_vta_20260107_202443/train_eps/20260108T163622-6a2855e80f96423f8e6321ab3a435bdc-1194.npz,442,200.02081298828125,1944.7999267578125,-2.981890721755892e-13
/home/haselab/murakawa/stable-deep-world-model/logdir/atari_frostbite_vta_20260107_202443,atari_frostbite,/home/haselab/murakawa/stable-deep-world-model/logdir/atari_frostbite_vta_20260107_202443/latest.pt,/home/haselab/murakawa/stable-deep-world-model/logdir/atari_frostbite_vta_20260107_202443/train_eps/20260108T163622-6a2855e80f96423f8e6321ab3a435bdc-1194.npz,443,194.0867919921875,1938.8599853515625,2.3837756657485443e-07
/home/haselab/murakawa/stable-deep-world-model/logdir/atari_frostbite_vta_20260107_202443,atari_frostbite,/home/haselab/murakawa/stable-deep-world-model/logdir/atari_frostbite_vta_20260107_202443/latest.pt,/home/haselab/murakawa/stable-deep-world-model/logdir/atari_frostbite_vta_20260107_202443/train_eps/20260108T163622-6a2855e80f96423f8e6321ab3a435bdc-1194.npz,444,188.4226837158203,1987.17138671875,-1.1430455193472966e-10
/home/haselab/murakawa/stable-deep-world-model/logdir/atari_frostbite_vta_20260107_202443,atari_frostbite,/home/haselab/murakawa/stable-deep-world-model/logdir/atari_frostbite_vta_20260107_202443/latest.pt,/home/haselab/murakawa/stable-deep-world-model/logdir/atari_frostbite_vta_20260107_202443/train_eps/20260108T163622-6a2855e80f96423f8e6321ab3a435bdc-1194.npz,445,181.47569274902344,1993.0047607421875,-6.1642336200706804e-12
/home/haselab/murakawa/stable-deep-world-model/logdir/atari_frostbite_vta_20260107_202443,atari_frostbite,/home/haselab/murakawa/stable-deep-world-model/logdir/atari_frostbite_vta_20260107_202443/latest.pt,/home/haselab/murakawa/stable-deep-world-model/logdir/atari_frostbite_vta_20260107_202443/train_eps/20260108T163622-6a2855e80f96423f8e6321ab3a435bdc-1194.npz,446,178.6605224609375,2003.86083984375,-7.251019663173652e-12
/home/haselab/murakawa/stable-deep-world-model/logdir/atari_frostbite_vta_20260107_202443,atari_frostbite,/home/haselab/murakawa/stable-deep-world-model/logdir/atari_frostbite_vta_20260107_202443/latest.pt,/home/haselab/murakawa/stable-deep-world-model/logdir/atari_frostbite_vta_20260107_202443/train_eps/20260108T163622-6a2855e80f96423f8e6321ab3a435bdc-1194.npz,447,174.97975158691406,1999.977783203125,-5.665038513432644e-15
/home/haselab/murakawa/stable-deep-world-model/logdir/atari_frostbite_vta_20260107_202443,atari_frostbite,/home/haselab/murakawa/stable-deep-world-model/logdir/atari_frostbite_vta_20260107_202443/latest.pt,/home/haselab/murakawa/stable-deep-world-model/logdir/atari_frostbite_vta_20260107_202443/train_eps/20260108T163622-6a2855e80f96423f8e6321ab3a435bdc-1194.npz,448,167.32704162597656,1961.101318359375,-1.2452288955825883e-14
/home/haselab/murakawa/stable-deep-world-model/logdir/atari_frostbite_vta_20260107_202443,atari_frostbite,/home/haselab/murakawa/stable-deep-world-model/logdir/atari_frostbite_vta_20260107_202443/latest.pt,/home/haselab/murakawa/stable-deep-world-model/logdir/atari_frostbite_vta_20260107_202443/train_eps/20260108T163622-6a2855e80f96423f8e6321ab3a435bdc-1194.npz,449,163.1095733642578,1940.6260986328125,-4.656560980552556e-16
/home/haselab/murakawa/stable-deep-world-model/logdir/atari_frostbite_vta_20260107_202443,atari_frostbite,/home/haselab/murakawa/stable-deep-world-model/logdir/atari_frostbite_vta_20260107_202443/latest.pt,/home/haselab/murakawa/stable-deep-world-model/logdir/atari_frostbite_vta_20260107_202443/train_eps/20260108T163622-6a2855e80f96423f8e6321ab3a435bdc-1194.npz,450,148.40663146972656,1849.8212890625,-4.622775906781016e-15
/home/haselab/murakawa/stable-deep-world-model/logdir/atari_frostbite_vta_20260107_202443,atari_frostbite,/home/haselab/murakawa/stable-deep-world-model/logdir/atari_frostbite_vta_20260107_202443/latest.pt,/home/haselab/murakawa/stable-deep-world-model/logdir/atari_frostbite_vta_20260107_202443/train_eps/20260108T163622-6a2855e80f96423f8e6321ab3a435bdc-1194.npz,451,145.80833435058594,1825.66357421875,-1.3231458258620879e-15
/home/haselab/murakawa/stable-deep-world-model/logdir/atari_frostbite_vta_20260107_202443,atari_frostbite,/home/haselab/murakawa/stable-deep-world-model/logdir/atari_frostbite_vta_20260107_202443/latest.pt,/home/haselab/murakawa/stable-deep-world-model/logdir/atari_frostbite_vta_20260107_202443/train_eps/20260108T163622-6a2855e80f96423f8e6321ab3a435bdc-1194.npz,452,133.6495361328125,1716.38037109375,-1.4032082800090708e-16
/home/haselab/murakawa/stable-deep-world-model/logdir/atari_frostbite_vta_20260107_202443,atari_frostbite,/home/haselab/murakawa/stable-deep-world-model/logdir/atari_frostbite_vta_20260107_202443/latest.pt,/home/haselab/murakawa/stable-deep-world-model/logdir/atari_frostbite_vta_20260107_202443/train_eps/20260108T163622-6a2855e80f96423f8e6321ab3a435bdc-1194.npz,453,134.0347442626953,1693.6953125,2.0644727670681958e-15
/home/haselab/murakawa/stable-deep-world-model/logdir/atari_frostbite_vta_20260107_202443,atari_frostbite,/home/haselab/murakawa/stable-deep-world-model/logdir/atari_frostbite_vta_20260107_202443/latest.pt,/home/haselab/murakawa/stable-deep-world-model/logdir/atari_frostbite_vta_20260107_202443/train_eps/20260108T163622-6a2855e80f96423f8e6321ab3a435bdc-1194.npz,454,122.1900405883789,1508.9383544921875,3.4021759923293717e-17
/home/haselab/murakawa/stable-deep-world-model/logdir/atari_frostbite_vta_20260107_202443,atari_frostbite,/home/haselab/murakawa/stable-deep-world-model/logdir/atari_frostbite_vta_20260107_202443/latest.pt,/home/haselab/murakawa/stable-deep-world-model/logdir/atari_frostbite_vta_20260107_202443/train_eps/20260108T163622-6a2855e80f96423f8e6321ab3a435bdc-1194.npz,455,131.11187744140625,1589.5452880859375,-2.4088130162761238e-18
/home/haselab/murakawa/stable-deep-world-model/logdir/atari_frostbite_vta_20260107_202443,atari_frostbite,/home/haselab/murakawa/stable-deep-world-model/logdir/atari_frostbite_vta_20260107_202443/latest.pt,/home/haselab/murakawa/stable-deep-world-model/logdir/atari_frostbite_vta_20260107_202443/train_eps/20260108T163622-6a2855e80f96423f8e6321ab3a435bdc-1194.npz,456,133.29701232910156,1597.590576171875,-9.202672535397119e-20
/home/haselab/murakawa/stable-deep-world-model/logdir/atari_frostbite_vta_20260107_202443,atari_frostbite,/home/haselab/murakawa/stable-deep-world-model/logdir/atari_frostbite_vta_20260107_202443/latest.pt,/home/haselab/murakawa/stable-deep-world-model/logdir/atari_frostbite_vta_20260107_202443/train_eps/20260108T163622-6a2855e80f96423f8e6321ab3a435bdc-1194.npz,457,130.90679931640625,1572.3604736328125,-1.1513156782801475e-18
/home/haselab/murakawa/stable-deep-world-model/logdir/atari_frostbite_vta_20260107_202443,atari_frostbite,/home/haselab/murakawa/stable-deep-world-model/logdir/atari_frostbite_vta_20260107_202443/latest.pt,/home/haselab/murakawa/stable-deep-world-model/logdir/atari_frostbite_vta_20260107_202443/train_eps/20260108T163622-6a2855e80f96423f8e6321ab3a435bdc-1194.npz,458,126.69291687011719,1503.62744140625,-1.5918745152936365e-20
/home/haselab/murakawa/stable-deep-world-model/logdir/atari_frostbite_vta_20260107_202443,atari_frostbite,/home/haselab/murakawa/stable-deep-world-model/logdir/atari_frostbite_vta_20260107_202443/latest.pt,/home/haselab/murakawa/stable-deep-world-model/logdir/atari_frostbite_vta_20260107_202443/train_eps/20260108T163622-6a2855e80f96423f8e6321ab3a435bdc-1194.npz,459,122.57108306884766,1456.4061279296875,-5.424206493778362e-20
/home/haselab/murakawa/stable-deep-world-model/logdir/atari_frostbite_vta_20260107_202443,atari_frostbite,/home/haselab/murakawa/stable-deep-world-model/logdir/atari_frostbite_vta_20260107_202443/latest.pt,/home/haselab/murakawa/stable-deep-world-model/logdir/atari_frostbite_vta_20260107_202443/train_eps/20260108T163622-6a2855e80f96423f8e6321ab3a435bdc-1194.npz,460,115.11392211914062,1359.863525390625,-2.9723075296312975e-21
/home/haselab/murakawa/stable-deep-world-model/logdir/atari_frostbite_vta_20260107_202443,atari_frostbite,/home/haselab/murakawa/stable-deep-world-model/logdir/atari_frostbite_vta_20260107_202443/latest.pt,/home/haselab/murakawa/stable-deep-world-model/logdir/atari_frostbite_vta_20260107_202443/train_eps/20260108T163622-6a2855e80f96423f8e6321ab3a435bdc-1194.npz,461,112.97113800048828,1323.2481689453125,-8.68871646336694e-21
/home/haselab/murakawa/stable-deep-world-model/logdir/atari_frostbite_vta_20260107_202443,atari_frostbite,/home/haselab/murakawa/stable-deep-world-model/logdir/atari_frostbite_vta_20260107_202443/latest.pt,/home/haselab/murakawa/stable-deep-world-model/logdir/atari_frostbite_vta_20260107_202443/train_eps/20260108T163622-6a2855e80f96423f8e6321ab3a435bdc-1194.npz,462,110.4334487915039,1300.2803955078125,-4.492891778676703e-22
/home/haselab/murakawa/stable-deep-world-model/logdir/atari_frostbite_vta_20260107_202443,atari_frostbite,/home/haselab/murakawa/stable-deep-world-model/logdir/atari_frostbite_vta_20260107_202443/latest.pt,/home/haselab/murakawa/stable-deep-world-model/logdir/atari_frostbite_vta_20260107_202443/train_eps/20260108T163622-6a2855e80f96423f8e6321ab3a435bdc-1194.npz,463,108.74158477783203,1282.0753173828125,-3.1043347238517455e-21
/home/haselab/murakawa/stable-deep-world-model/logdir/atari_frostbite_vta_20260107_202443,atari_frostbite,/home/haselab/murakawa/stable-deep-world-model/logdir/atari_frostbite_vta_20260107_202443/latest.pt,/home/haselab/murakawa/stable-deep-world-model/logdir/atari_frostbite_vta_20260107_202443/train_eps/20260108T163622-6a2855e80f96423f8e6321ab3a435bdc-1194.npz,464,112.89151000976562,1370.454345703125,-2.6837811612975076e-23
/home/haselab/murakawa/stable-deep-world-model/logdir/atari_frostbite_vta_20260107_202443,atari_frostbite,/home/haselab/murakawa/stable-deep-world-model/logdir/atari_frostbite_vta_20260107_202443/latest.pt,/home/haselab/murakawa/stable-deep-world-model/logdir/atari_frostbite_vta_20260107_202443/train_eps/20260108T163622-6a2855e80f96423f8e6321ab3a435bdc-1194.npz,465,111.20858764648438,1357.077392578125,-5.189174492415874e-22
/home/haselab/murakawa/stable-deep-world-model/logdir/atari_frostbite_vta_20260107_202443,atari_frostbite,/home/haselab/murakawa/stable-deep-world-model/logdir/atari_frostbite_vta_20260107_202443/latest.pt,/home/haselab/murakawa/stable-deep-world-model/logdir/atari_frostbite_vta_20260107_202443/train_eps/20260108T163622-6a2855e80f96423f8e6321ab3a435bdc-1194.npz,466,121.02098083496094,1506.5721435546875,-1.5564050217345242e-22
/home/haselab/murakawa/stable-deep-world-model/logdir/atari_frostbite_vta_20260107_202443,atari_frostbite,/home/haselab/murakawa/stable-deep-world-model/logdir/atari_frostbite_vta_20260107_202443/latest.pt,/home/haselab/murakawa/stable-deep-world-model/logdir/atari_frostbite_vta_20260107_202443/train_eps/20260108T163622-6a2855e80f96423f8e6321ab3a435bdc-1194.npz,467,120.87550354003906,1503.909423828125,-8.828270879992586e-21
/home/haselab/murakawa/stable-deep-world-model/logdir/atari_frostbite_vta_20260107_202443,atari_frostbite,/home/haselab/murakawa/stable-deep-world-model/logdir/atari_frostbite_vta_20260107_202443/latest.pt,/home/haselab/murakawa/stable-deep-world-model/logdir/atari_frostbite_vta_20260107_202443/train_eps/20260108T163622-6a2855e80f96423f8e6321ab3a435bdc-1194.npz,468,133.77818298339844,1666.8988037109375,-4.44700989167288e-20
/home/haselab/murakawa/stable-deep-world-model/logdir/atari_frostbite_vta_20260107_202443,atari_frostbite,/home/haselab/murakawa/stable-deep-world-model/logdir/atari_frostbite_vta_20260107_202443/latest.pt,/home/haselab/murakawa/stable-deep-world-model/logdir/atari_frostbite_vta_20260107_202443/train_eps/20260108T163622-6a2855e80f96423f8e6321ab3a435bdc-1194.npz,469,133.53431701660156,1674.870849609375,-2.140779614439035e-18
/home/haselab/murakawa/stable-deep-world-model/logdir/atari_frostbite_vta_20260107_202443,atari_frostbite,/home/haselab/murakawa/stable-deep-world-model/logdir/atari_frostbite_vta_20260107_202443/latest.pt,/home/haselab/murakawa/stable-deep-world-model/logdir/atari_frostbite_vta_20260107_202443/train_eps/20260108T163622-6a2855e80f96423f8e6321ab3a435bdc-1194.npz,470,145.55996704101562,1813.0748291015625,-1.2956543524724349e-17
/home/haselab/murakawa/stable-deep-world-model/logdir/atari_frostbite_vta_20260107_202443,atari_frostbite,/home/haselab/murakawa/stable-deep-world-model/logdir/atari_frostbite_vta_20260107_202443/latest.pt,/home/haselab/murakawa/stable-deep-world-model/logdir/atari_frostbite_vta_20260107_202443/train_eps/20260108T163622-6a2855e80f96423f8e6321ab3a435bdc-1194.npz,471,147.27093505859375,1836.247802734375,-5.484558450504092e-16
/home/haselab/murakawa/stable-deep-world-model/logdir/atari_frostbite_vta_20260107_202443,atari_frostbite,/home/haselab/murakawa/stable-deep-world-model/logdir/atari_frostbite_vta_20260107_202443/latest.pt,/home/haselab/murakawa/stable-deep-world-model/logdir/atari_frostbite_vta_20260107_202443/train_eps/20260108T163622-6a2855e80f96423f8e6321ab3a435bdc-1194.npz,472,161.93858337402344,1966.4136962890625,-3.582254535171146e-16
/home/haselab/murakawa/stable-deep-world-model/logdir/atari_frostbite_vta_20260107_202443,atari_frostbite,/home/haselab/murakawa/stable-deep-world-model/logdir/atari_frostbite_vta_20260107_202443/latest.pt,/home/haselab/murakawa/stable-deep-world-model/logdir/atari_frostbite_vta_20260107_202443/train_eps/20260108T163622-6a2855e80f96423f8e6321ab3a435bdc-1194.npz,473,164.57382202148438,1988.697998046875,-1.2581390117756357e-15
/home/haselab/murakawa/stable-deep-world-model/logdir/atari_frostbite_vta_20260107_202443,atari_frostbite,/home/haselab/murakawa/stable-deep-world-model/logdir/atari_frostbite_vta_20260107_202443/latest.pt,/home/haselab/murakawa/stable-deep-world-model/logdir/atari_frostbite_vta_20260107_202443/train_eps/20260108T163622-6a2855e80f96423f8e6321ab3a435bdc-1194.npz,474,170.95143127441406,2006.28173828125,-1.862147724429955e-15
/home/haselab/murakawa/stable-deep-world-model/logdir/atari_frostbite_vta_20260107_202443,atari_frostbite,/home/haselab/murakawa/stable-deep-world-model/logdir/atari_frostbite_vta_20260107_202443/latest.pt,/home/haselab/murakawa/stable-deep-world-model/logdir/atari_frostbite_vta_20260107_202443/train_eps/20260108T163622-6a2855e80f96423f8e6321ab3a435bdc-1194.npz,475,174.57943725585938,2036.5704345703125,-1.4691190158930972e-14
/home/haselab/murakawa/stable-deep-world-model/logdir/atari_frostbite_vta_20260107_202443,atari_frostbite,/home/haselab/murakawa/stable-deep-world-model/logdir/atari_frostbite_vta_20260107_202443/latest.pt,/home/haselab/murakawa/stable-deep-world-model/logdir/atari_frostbite_vta_20260107_202443/train_eps/20260108T163622-6a2855e80f96423f8e6321ab3a435bdc-1194.npz,476,174.3040008544922,2068.9765625,-5.770517527356467e-13
/home/haselab/murakawa/stable-deep-world-model/logdir/atari_frostbite_vta_20260107_202443,atari_frostbite,/home/haselab/murakawa/stable-deep-world-model/logdir/atari_frostbite_vta_20260107_202443/latest.pt,/home/haselab/murakawa/stable-deep-world-model/logdir/atari_frostbite_vta_20260107_202443/train_eps/20260108T163622-6a2855e80f96423f8e6321ab3a435bdc-1194.npz,477,172.2126922607422,2103.54736328125,-3.678068700302406e-12
/home/haselab/murakawa/stable-deep-world-model/logdir/atari_frostbite_vta_20260107_202443,atari_frostbite,/home/haselab/murakawa/stable-deep-world-model/logdir/atari_frostbite_vta_20260107_202443/latest.pt,/home/haselab/murakawa/stable-deep-world-model/logdir/atari_frostbite_vta_20260107_202443/train_eps/20260108T163622-6a2855e80f96423f8e6321ab3a435bdc-1194.npz,478,83.5807113647461,1560.8316650390625,0.0
/home/haselab/murakawa/stable-deep-world-model/logdir/atari_frostbite_vta_20260107_202443,atari_frostbite,/home/haselab/murakawa/stable-deep-world-model/logdir/atari_frostbite_vta_20260107_202443/latest.pt,/home/haselab/murakawa/stable-deep-world-model/logdir/atari_frostbite_vta_20260107_202443/train_eps/20260108T163622-6a2855e80f96423f8e6321ab3a435bdc-1194.npz,479,83.32781982421875,1574.031494140625,0.0002562731970101595
/home/haselab/murakawa/stable-deep-world-model/logdir/atari_frostbite_vta_20260107_202443,atari_frostbite,/home/haselab/murakawa/stable-deep-world-model/logdir/atari_frostbite_vta_20260107_202443/latest.pt,/home/haselab/murakawa/stable-deep-world-model/logdir/atari_frostbite_vta_20260107_202443/train_eps/20260108T163622-6a2855e80f96423f8e6321ab3a435bdc-1194.npz,480,83.62165832519531,1565.7269287109375,6.210996798472479e-05
/home/haselab/murakawa/stable-deep-world-model/logdir/atari_frostbite_vta_20260107_202443,atari_frostbite,/home/haselab/murakawa/stable-deep-world-model/logdir/atari_frostbite_vta_20260107_202443/latest.pt,/home/haselab/murakawa/stable-deep-world-model/logdir/atari_frostbite_vta_20260107_202443/train_eps/20260108T163622-6a2855e80f96423f8e6321ab3a435bdc-1194.npz,481,83.06024932861328,1553.7403564453125,-4.3641985590826696e-16
/home/haselab/murakawa/stable-deep-world-model/logdir/atari_frostbite_vta_20260107_202443,atari_frostbite,/home/haselab/murakawa/stable-deep-world-model/logdir/atari_frostbite_vta_20260107_202443/latest.pt,/home/haselab/murakawa/stable-deep-world-model/logdir/atari_frostbite_vta_20260107_202443/train_eps/20260108T163622-6a2855e80f96423f8e6321ab3a435bdc-1194.npz,482,80.74235534667969,1529.62109375,-2.205132983965711e-17
/home/haselab/murakawa/stable-deep-world-model/logdir/atari_frostbite_vta_20260107_202443,atari_frostbite,/home/haselab/murakawa/stable-deep-world-model/logdir/atari_frostbite_vta_20260107_202443/latest.pt,/home/haselab/murakawa/stable-deep-world-model/logdir/atari_frostbite_vta_20260107_202443/train_eps/20260108T163622-6a2855e80f96423f8e6321ab3a435bdc-1194.npz,483,81.70967864990234,1550.5177001953125,-1.6568174883041948e-16
/home/haselab/murakawa/stable-deep-world-model/logdir/atari_frostbite_vta_20260107_202443,atari_frostbite,/home/haselab/murakawa/stable-deep-world-model/logdir/atari_frostbite_vta_20260107_202443/latest.pt,/home/haselab/murakawa/stable-deep-world-model/logdir/atari_frostbite_vta_20260107_202443/train_eps/20260108T163622-6a2855e80f96423f8e6321ab3a435bdc-1194.npz,484,82.43937683105469,1569.8197021484375,-1.9991389966097422e-18
/home/haselab/murakawa/stable-deep-world-model/logdir/atari_frostbite_vta_20260107_202443,atari_frostbite,/home/haselab/murakawa/stable-deep-world-model/logdir/atari_frostbite_vta_20260107_202443/latest.pt,/home/haselab/murakawa/stable-deep-world-model/logdir/atari_frostbite_vta_20260107_202443/train_eps/20260108T163622-6a2855e80f96423f8e6321ab3a435bdc-1194.npz,485,80.42308044433594,1511.16943359375,-1.1849841005601637e-18
/home/haselab/murakawa/stable-deep-world-model/logdir/atari_frostbite_vta_20260107_202443,atari_frostbite,/home/haselab/murakawa/stable-deep-world-model/logdir/atari_frostbite_vta_20260107_202443/latest.pt,/home/haselab/murakawa/stable-deep-world-model/logdir/atari_frostbite_vta_20260107_202443/train_eps/20260108T163622-6a2855e80f96423f8e6321ab3a435bdc-1194.npz,486,74.56834411621094,1366.5721435546875,-1.2662474613107153e-18
/home/haselab/murakawa/stable-deep-world-model/logdir/atari_frostbite_vta_20260107_202443,atari_frostbite,/home/haselab/murakawa/stable-deep-world-model/logdir/atari_frostbite_vta_20260107_202443/latest.pt,/home/haselab/murakawa/stable-deep-world-model/logdir/atari_frostbite_vta_20260107_202443/train_eps/20260108T163622-6a2855e80f96423f8e6321ab3a435bdc-1194.npz,487,72.36981201171875,1328.749267578125,-3.9364575689086446e-23
/home/haselab/murakawa/stable-deep-world-model/logdir/atari_frostbite_vta_20260107_202443,atari_frostbite,/home/haselab/murakawa/stable-deep-world-model/logdir/atari_frostbite_vta_20260107_202443/latest.pt,/home/haselab/murakawa/stable-deep-world-model/logdir/atari_frostbite_vta_20260107_202443/train_eps/20260108T163622-6a2855e80f96423f8e6321ab3a435bdc-1194.npz,488,69.38934326171875,1269.629150390625,-2.790874314549325e-24
/home/haselab/murakawa/stable-deep-world-model/logdir/atari_frostbite_vta_20260107_202443,atari_frostbite,/home/haselab/murakawa/stable-deep-world-model/logdir/atari_frostbite_vta_20260107_202443/latest.pt,/home/haselab/murakawa/stable-deep-world-model/logdir/atari_frostbite_vta_20260107_202443/train_eps/20260108T163622-6a2855e80f96423f8e6321ab3a435bdc-1194.npz,489,69.55888366699219,1275.50341796875,-7.145491824300157e-24
/home/haselab/murakawa/stable-deep-world-model/logdir/atari_frostbite_vta_20260107_202443,atari_frostbite,/home/haselab/murakawa/stable-deep-world-model/logdir/atari_frostbite_vta_20260107_202443/latest.pt,/home/haselab/murakawa/stable-deep-world-model/logdir/atari_frostbite_vta_20260107_202443/train_eps/20260108T163622-6a2855e80f96423f8e6321ab3a435bdc-1194.npz,490,67.1052017211914,1195.9937744140625,-5.40773577416821e-24
/home/haselab/murakawa/stable-deep-world-model/logdir/atari_frostbite_vta_20260107_202443,atari_frostbite,/home/haselab/murakawa/stable-deep-world-model/logdir/atari_frostbite_vta_20260107_202443/latest.pt,/home/haselab/murakawa/stable-deep-world-model/logdir/atari_frostbite_vta_20260107_202443/train_eps/20260108T163622-6a2855e80f96423f8e6321ab3a435bdc-1194.npz,491,64.8042984008789,1147.8045654296875,-3.582425658160368e-19
/home/haselab/murakawa/stable-deep-world-model/logdir/atari_frostbite_vta_20260107_202443,atari_frostbite,/home/haselab/murakawa/stable-deep-world-model/logdir/atari_frostbite_vta_20260107_202443/latest.pt,/home/haselab/murakawa/stable-deep-world-model/logdir/atari_frostbite_vta_20260107_202443/train_eps/20260108T163622-6a2855e80f96423f8e6321ab3a435bdc-1194.npz,492,64.51846313476562,1119.1328125,-3.1055814980020638e-24
/home/haselab/murakawa/stable-deep-world-model/logdir/atari_frostbite_vta_20260107_202443,atari_frostbite,/home/haselab/murakawa/stable-deep-world-model/logdir/atari_frostbite_vta_20260107_202443/latest.pt,/home/haselab/murakawa/stable-deep-world-model/logdir/atari_frostbite_vta_20260107_202443/train_eps/20260108T163622-6a2855e80f96423f8e6321ab3a435bdc-1194.npz,493,64.31868743896484,1116.1898193359375,-6.315037912307005e-23
/home/haselab/murakawa/stable-deep-world-model/logdir/atari_frostbite_vta_20260107_202443,atari_frostbite,/home/haselab/murakawa/stable-deep-world-model/logdir/atari_frostbite_vta_20260107_202443/latest.pt,/home/haselab/murakawa/stable-deep-world-model/logdir/atari_frostbite_vta_20260107_202443/train_eps/20260108T163622-6a2855e80f96423f8e6321ab3a435bdc-1194.npz,494,64.17495727539062,1123.3878173828125,-1.4527230134774092e-23
/home/haselab/murakawa/stable-deep-world-model/logdir/atari_frostbite_vta_20260107_202443,atari_frostbite,/home/haselab/murakawa/stable-deep-world-model/logdir/atari_frostbite_vta_20260107_202443/latest.pt,/home/haselab/murakawa/stable-deep-world-model/logdir/atari_frostbite_vta_20260107_202443/train_eps/20260108T163622-6a2855e80f96423f8e6321ab3a435bdc-1194.npz,495,64.22699737548828,1142.8345947265625,-1.102948951192288e-23
/home/haselab/murakawa/stable-deep-world-model/logdir/atari_frostbite_vta_20260107_202443,atari_frostbite,/home/haselab/murakawa/stable-deep-world-model/logdir/atari_frostbite_vta_20260107_202443/latest.pt,/home/haselab/murakawa/stable-deep-world-model/logdir/atari_frostbite_vta_20260107_202443/train_eps/20260108T163622-6a2855e80f96423f8e6321ab3a435bdc-1194.npz,496,66.87196350097656,1209.6322021484375,-9.639239075657e-22
/home/haselab/murakawa/stable-deep-world-model/logdir/atari_frostbite_vta_20260107_202443,atari_frostbite,/home/haselab/murakawa/stable-deep-world-model/logdir/atari_frostbite_vta_20260107_202443/latest.pt,/home/haselab/murakawa/stable-deep-world-model/logdir/atari_frostbite_vta_20260107_202443/train_eps/20260108T163622-6a2855e80f96423f8e6321ab3a435bdc-1194.npz,497,67.19409942626953,1232.7579345703125,-5.512331299130789e-22
/home/haselab/murakawa/stable-deep-world-model/logdir/atari_frostbite_vta_20260107_202443,atari_frostbite,/home/haselab/murakawa/stable-deep-world-model/logdir/atari_frostbite_vta_20260107_202443/latest.pt,/home/haselab/murakawa/stable-deep-world-model/logdir/atari_frostbite_vta_20260107_202443/train_eps/20260108T163622-6a2855e80f96423f8e6321ab3a435bdc-1194.npz,498,71.3332290649414,1352.15185546875,-1.316998326462688e-19
/home/haselab/murakawa/stable-deep-world-model/logdir/atari_frostbite_vta_20260107_202443,atari_frostbite,/home/haselab/murakawa/stable-deep-world-model/logdir/atari_frostbite_vta_20260107_202443/latest.pt,/home/haselab/murakawa/stable-deep-world-model/logdir/atari_frostbite_vta_20260107_202443/train_eps/20260108T163622-6a2855e80f96423f8e6321ab3a435bdc-1194.npz,499,70.88951873779297,1352.285888671875,-2.4204904800798997e-19
/home/haselab/murakawa/stable-deep-world-model/logdir/atari_frostbite_vta_20260107_202443,atari_frostbite,/home/haselab/murakawa/stable-deep-world-model/logdir/atari_frostbite_vta_20260107_202443/latest.pt,/home/haselab/murakawa/stable-deep-world-model/logdir/atari_frostbite_vta_20260107_202443/train_eps/20260108T163622-6a2855e80f96423f8e6321ab3a435bdc-1194.npz,500,73.6239242553711,1414.2950439453125,-3.4469573586643693e-18
/home/haselab/murakawa/stable-deep-world-model/logdir/atari_frostbite_vta_20260107_202443,atari_frostbite,/home/haselab/murakawa/stable-deep-world-model/logdir/atari_frostbite_vta_20260107_202443/latest.pt,/home/haselab/murakawa/stable-deep-world-model/logdir/atari_frostbite_vta_20260107_202443/train_eps/20260108T163622-6a2855e80f96423f8e6321ab3a435bdc-1194.npz,501,72.6827621459961,1396.294921875,-4.687662516635213e-19
/home/haselab/murakawa/stable-deep-world-model/logdir/atari_frostbite_vta_20260107_202443,atari_frostbite,/home/haselab/murakawa/stable-deep-world-model/logdir/atari_frostbite_vta_20260107_202443/latest.pt,/home/haselab/murakawa/stable-deep-world-model/logdir/atari_frostbite_vta_20260107_202443/train_eps/20260108T163622-6a2855e80f96423f8e6321ab3a435bdc-1194.npz,502,75.54776763916016,1439.00048828125,-1.6215704621354732e-17
/home/haselab/murakawa/stable-deep-world-model/logdir/atari_frostbite_vta_20260107_202443,atari_frostbite,/home/haselab/murakawa/stable-deep-world-model/logdir/atari_frostbite_vta_20260107_202443/latest.pt,/home/haselab/murakawa/stable-deep-world-model/logdir/atari_frostbite_vta_20260107_202443/train_eps/20260108T163622-6a2855e80f96423f8e6321ab3a435bdc-1194.npz,503,75.85704040527344,1445.6898193359375,-1.6941230733684434e-18
/home/haselab/murakawa/stable-deep-world-model/logdir/atari_frostbite_vta_20260107_202443,atari_frostbite,/home/haselab/murakawa/stable-deep-world-model/logdir/atari_frostbite_vta_20260107_202443/latest.pt,/home/haselab/murakawa/stable-deep-world-model/logdir/atari_frostbite_vta_20260107_202443/train_eps/20260108T163622-6a2855e80f96423f8e6321ab3a435bdc-1194.npz,504,79.28790283203125,1498.63330078125,-8.703339633654291e-18
/home/haselab/murakawa/stable-deep-world-model/logdir/atari_frostbite_vta_20260107_202443,atari_frostbite,/home/haselab/murakawa/stable-deep-world-model/logdir/atari_frostbite_vta_20260107_202443/latest.pt,/home/haselab/murakawa/stable-deep-world-model/logdir/atari_frostbite_vta_20260107_202443/train_eps/20260108T163622-6a2855e80f96423f8e6321ab3a435bdc-1194.npz,505,79.43978881835938,1497.845458984375,-2.958025663758209e-17
/home/haselab/murakawa/stable-deep-world-model/logdir/atari_frostbite_vta_20260107_202443,atari_frostbite,/home/haselab/murakawa/stable-deep-world-model/logdir/atari_frostbite_vta_20260107_202443/latest.pt,/home/haselab/murakawa/stable-deep-world-model/logdir/atari_frostbite_vta_20260107_202443/train_eps/20260108T163622-6a2855e80f96423f8e6321ab3a435bdc-1194.npz,506,82.38617706298828,1512.054931640625,-6.559462848206704e-17
/home/haselab/murakawa/stable-deep-world-model/logdir/atari_frostbite_vta_20260107_202443,atari_frostbite,/home/haselab/murakawa/stable-deep-world-model/logdir/atari_frostbite_vta_20260107_202443/latest.pt,/home/haselab/murakawa/stable-deep-world-model/logdir/atari_frostbite_vta_20260107_202443/train_eps/20260108T163622-6a2855e80f96423f8e6321ab3a435bdc-1194.npz,507,81.66071319580078,1489.2237548828125,-2.5054791210973876e-17
/home/haselab/murakawa/stable-deep-world-model/logdir/atari_frostbite_vta_20260107_202443,atari_frostbite,/home/haselab/murakawa/stable-deep-world-model/logdir/atari_frostbite_vta_20260107_202443/latest.pt,/home/haselab/murakawa/stable-deep-world-model/logdir/atari_frostbite_vta_20260107_202443/train_eps/20260108T163622-6a2855e80f96423f8e6321ab3a435bdc-1194.npz,508,82.87071990966797,1463.9676513671875,-8.586109942882051e-19
/home/haselab/murakawa/stable-deep-world-model/logdir/atari_frostbite_vta_20260107_202443,atari_frostbite,/home/haselab/murakawa/stable-deep-world-model/logdir/atari_frostbite_vta_20260107_202443/latest.pt,/home/haselab/murakawa/stable-deep-world-model/logdir/atari_frostbite_vta_20260107_202443/train_eps/20260108T163622-6a2855e80f96423f8e6321ab3a435bdc-1194.npz,509,80.93688201904297,1420.0035400390625,-3.1079734703637336e-19
/home/haselab/murakawa/stable-deep-world-model/logdir/atari_frostbite_vta_20260107_202443,atari_frostbite,/home/haselab/murakawa/stable-deep-world-model/logdir/atari_frostbite_vta_20260107_202443/latest.pt,/home/haselab/murakawa/stable-deep-world-model/logdir/atari_frostbite_vta_20260107_202443/train_eps/20260108T163622-6a2855e80f96423f8e6321ab3a435bdc-1194.npz,510,80.77574157714844,1374.3701171875,-2.893912052532081e-20
/home/haselab/murakawa/stable-deep-world-model/logdir/atari_frostbite_vta_20260107_202443,atari_frostbite,/home/haselab/murakawa/stable-deep-world-model/logdir/atari_frostbite_vta_20260107_202443/latest.pt,/home/haselab/murakawa/stable-deep-world-model/logdir/atari_frostbite_vta_20260107_202443/train_eps/20260108T163622-6a2855e80f96423f8e6321ab3a435bdc-1194.npz,511,77.99988555908203,1317.78515625,-1.3524331323562936e-21
/home/haselab/murakawa/stable-deep-world-model/logdir/atari_frostbite_vta_20260107_202443,atari_frostbite,/home/haselab/murakawa/stable-deep-world-model/logdir/atari_frostbite_vta_20260107_202443/latest.pt,/home/haselab/murakawa/stable-deep-world-model/logdir/atari_frostbite_vta_20260107_202443/train_eps/20260108T163622-6a2855e80f96423f8e6321ab3a435bdc-1194.npz,512,79.21632385253906,1330.4359130859375,-2.025350391927993e-22
/home/haselab/murakawa/stable-deep-world-model/logdir/atari_frostbite_vta_20260107_202443,atari_frostbite,/home/haselab/murakawa/stable-deep-world-model/logdir/atari_frostbite_vta_20260107_202443/latest.pt,/home/haselab/murakawa/stable-deep-world-model/logdir/atari_frostbite_vta_20260107_202443/train_eps/20260108T163622-6a2855e80f96423f8e6321ab3a435bdc-1194.npz,513,78.72691345214844,1337.8564453125,-7.160157537389121e-24
/home/haselab/murakawa/stable-deep-world-model/logdir/atari_frostbite_vta_20260107_202443,atari_frostbite,/home/haselab/murakawa/stable-deep-world-model/logdir/atari_frostbite_vta_20260107_202443/latest.pt,/home/haselab/murakawa/stable-deep-world-model/logdir/atari_frostbite_vta_20260107_202443/train_eps/20260108T163622-6a2855e80f96423f8e6321ab3a435bdc-1194.npz,514,77.90706634521484,1330.819580078125,-5.422309387746489e-25
/home/haselab/murakawa/stable-deep-world-model/logdir/atari_frostbite_vta_20260107_202443,atari_frostbite,/home/haselab/murakawa/stable-deep-world-model/logdir/atari_frostbite_vta_20260107_202443/latest.pt,/home/haselab/murakawa/stable-deep-world-model/logdir/atari_frostbite_vta_20260107_202443/train_eps/20260108T163622-6a2855e80f96423f8e6321ab3a435bdc-1194.npz,515,76.85797119140625,1327.6549072265625,-4.3975278353486007e-23
/home/haselab/murakawa/stable-deep-world-model/logdir/atari_frostbite_vta_20260107_202443,atari_frostbite,/home/haselab/murakawa/stable-deep-world-model/logdir/atari_frostbite_vta_20260107_202443/latest.pt,/home/haselab/murakawa/stable-deep-world-model/logdir/atari_frostbite_vta_20260107_202443/train_eps/20260108T163622-6a2855e80f96423f8e6321ab3a435bdc-1194.npz,516,78.07966613769531,1347.462890625,-7.450223023441664e-26
/home/haselab/murakawa/stable-deep-world-model/logdir/atari_frostbite_vta_20260107_202443,atari_frostbite,/home/haselab/murakawa/stable-deep-world-model/logdir/atari_frostbite_vta_20260107_202443/latest.pt,/home/haselab/murakawa/stable-deep-world-model/logdir/atari_frostbite_vta_20260107_202443/train_eps/20260108T163622-6a2855e80f96423f8e6321ab3a435bdc-1194.npz,517,78.9291763305664,1361.611083984375,-8.948901217699576e-25
/home/haselab/murakawa/stable-deep-world-model/logdir/atari_frostbite_vta_20260107_202443,atari_frostbite,/home/haselab/murakawa/stable-deep-world-model/logdir/atari_frostbite_vta_20260107_202443/latest.pt,/home/haselab/murakawa/stable-deep-world-model/logdir/atari_frostbite_vta_20260107_202443/train_eps/20260108T163622-6a2855e80f96423f8e6321ab3a435bdc-1194.npz,518,82.09966278076172,1412.3525390625,4.768372718899627e-07
/home/haselab/murakawa/stable-deep-world-model/logdir/atari_frostbite_vta_20260107_202443,atari_frostbite,/home/haselab/murakawa/stable-deep-world-model/logdir/atari_frostbite_vta_20260107_202443/latest.pt,/home/haselab/murakawa/stable-deep-world-model/logdir/atari_frostbite_vta_20260107_202443/train_eps/20260108T163622-6a2855e80f96423f8e6321ab3a435bdc-1194.npz,519,84.79985046386719,1441.49755859375,3.576279254957626e-07
/home/haselab/murakawa/stable-deep-world-model/logdir/atari_frostbite_vta_20260107_202443,atari_frostbite,/home/haselab/murakawa/stable-deep-world-model/logdir/atari_frostbite_vta_20260107_202443/latest.pt,/home/haselab/murakawa/stable-deep-world-model/logdir/atari_frostbite_vta_20260107_202443/train_eps/20260108T163622-6a2855e80f96423f8e6321ab3a435bdc-1194.npz,520,86.58809661865234,1457.5440673828125,5.960482212685747e-06
/home/haselab/murakawa/stable-deep-world-model/logdir/atari_frostbite_vta_20260107_202443,atari_frostbite,/home/haselab/murakawa/stable-deep-world-model/logdir/atari_frostbite_vta_20260107_202443/latest.pt,/home/haselab/murakawa/stable-deep-world-model/logdir/atari_frostbite_vta_20260107_202443/train_eps/20260108T163622-6a2855e80f96423f8e6321ab3a435bdc-1194.npz,521,86.15257263183594,1452.5892333984375,2.3841887468734058e-06
/home/haselab/murakawa/stable-deep-world-model/logdir/atari_frostbite_vta_20260107_202443,atari_frostbite,/home/haselab/murakawa/stable-deep-world-model/logdir/atari_frostbite_vta_20260107_202443/latest.pt,/home/haselab/murakawa/stable-deep-world-model/logdir/atari_frostbite_vta_20260107_202443/train_eps/20260108T163622-6a2855e80f96423f8e6321ab3a435bdc-1194.npz,522,86.602783203125,1451.1514892578125,1.406679530191468e-05
/home/haselab/murakawa/stable-deep-world-model/logdir/atari_frostbite_vta_20260107_202443,atari_frostbite,/home/haselab/murakawa/stable-deep-world-model/logdir/atari_frostbite_vta_20260107_202443/latest.pt,/home/haselab/murakawa/stable-deep-world-model/logdir/atari_frostbite_vta_20260107_202443/train_eps/20260108T163622-6a2855e80f96423f8e6321ab3a435bdc-1194.npz,523,87.18507385253906,1449.018798828125,1.752391835907474e-05
/home/haselab/murakawa/stable-deep-world-model/logdir/atari_frostbite_vta_20260107_202443,atari_frostbite,/home/haselab/murakawa/stable-deep-world-model/logdir/atari_frostbite_vta_20260107_202443/latest.pt,/home/haselab/murakawa/stable-deep-world-model/logdir/atari_frostbite_vta_20260107_202443/train_eps/20260108T163622-6a2855e80f96423f8e6321ab3a435bdc-1194.npz,524,87.61105346679688,1451.0223388671875,1.23978434203309e-05
/home/haselab/murakawa/stable-deep-world-model/logdir/atari_frostbite_vta_20260107_202443,atari_frostbite,/home/haselab/murakawa/stable-deep-world-model/logdir/atari_frostbite_vta_20260107_202443/latest.pt,/home/haselab/murakawa/stable-deep-world-model/logdir/atari_frostbite_vta_20260107_202443/train_eps/20260108T163622-6a2855e80f96423f8e6321ab3a435bdc-1194.npz,525,88.4102783203125,1464.2015380859375,9.358367242384702e-05
/home/haselab/murakawa/stable-deep-world-model/logdir/atari_frostbite_vta_20260107_202443,atari_frostbite,/home/haselab/murakawa/stable-deep-world-model/logdir/atari_frostbite_vta_20260107_202443/latest.pt,/home/haselab/murakawa/stable-deep-world-model/logdir/atari_frostbite_vta_20260107_202443/train_eps/20260108T163622-6a2855e80f96423f8e6321ab3a435bdc-1194.npz,526,88.2015151977539,1470.618408203125,5.662601688527502e-05
/home/haselab/murakawa/stable-deep-world-model/logdir/atari_frostbite_vta_20260107_202443,atari_frostbite,/home/haselab/murakawa/stable-deep-world-model/logdir/atari_frostbite_vta_20260107_202443/latest.pt,/home/haselab/murakawa/stable-deep-world-model/logdir/atari_frostbite_vta_20260107_202443/train_eps/20260108T163622-6a2855e80f96423f8e6321ab3a435bdc-1194.npz,527,89.18843078613281,1488.0855712890625,4.1128048906102777e-05
/home/haselab/murakawa/stable-deep-world-model/logdir/atari_frostbite_vta_20260107_202443,atari_frostbite,/home/haselab/murakawa/stable-deep-world-model/logdir/atari_frostbite_vta_20260107_202443/latest.pt,/home/haselab/murakawa/stable-deep-world-model/logdir/atari_frostbite_vta_20260107_202443/train_eps/20260108T163622-6a2855e80f96423f8e6321ab3a435bdc-1194.npz,528,77.98450469970703,921.7049560546875,0.0
/home/haselab/murakawa/stable-deep-world-model/logdir/atari_frostbite_vta_20260107_202443,atari_frostbite,/home/haselab/murakawa/stable-deep-world-model/logdir/atari_frostbite_vta_20260107_202443/latest.pt,/home/haselab/murakawa/stable-deep-world-model/logdir/atari_frostbite_vta_20260107_202443/train_eps/20260108T163622-6a2855e80f96423f8e6321ab3a435bdc-1194.npz,529,78.22103881835938,926.5549926757812,0.05775577574968338
/home/haselab/murakawa/stable-deep-world-model/logdir/atari_frostbite_vta_20260107_202443,atari_frostbite,/home/haselab/murakawa/stable-deep-world-model/logdir/atari_frostbite_vta_20260107_202443/latest.pt,/home/haselab/murakawa/stable-deep-world-model/logdir/atari_frostbite_vta_20260107_202443/train_eps/20260108T163622-6a2855e80f96423f8e6321ab3a435bdc-1194.npz,530,78.78773498535156,935.3056030273438,0.03372654318809509
/home/haselab/murakawa/stable-deep-world-model/logdir/atari_frostbite_vta_20260107_202443,atari_frostbite,/home/haselab/murakawa/stable-deep-world-model/logdir/atari_frostbite_vta_20260107_202443/latest.pt,/home/haselab/murakawa/stable-deep-world-model/logdir/atari_frostbite_vta_20260107_202443/train_eps/20260108T163622-6a2855e80f96423f8e6321ab3a435bdc-1194.npz,531,78.97946166992188,940.4249267578125,0.009658035822212696
/home/haselab/murakawa/stable-deep-world-model/logdir/atari_frostbite_vta_20260107_202443,atari_frostbite,/home/haselab/murakawa/stable-deep-world-model/logdir/atari_frostbite_vta_20260107_202443/latest.pt,/home/haselab/murakawa/stable-deep-world-model/logdir/atari_frostbite_vta_20260107_202443/train_eps/20260108T163622-6a2855e80f96423f8e6321ab3a435bdc-1194.npz,532,79.1191177368164,932.2958374023438,0.02105144038796425
/home/haselab/murakawa/stable-deep-world-model/logdir/atari_frostbite_vta_20260107_202443,atari_frostbite,/home/haselab/murakawa/stable-deep-world-model/logdir/atari_frostbite_vta_20260107_202443/latest.pt,/home/haselab/murakawa/stable-deep-world-model/logdir/atari_frostbite_vta_20260107_202443/train_eps/20260108T163622-6a2855e80f96423f8e6321ab3a435bdc-1194.npz,533,79.61542510986328,930.0765380859375,0.007929627783596516
/home/haselab/murakawa/stable-deep-world-model/logdir/atari_frostbite_vta_20260107_202443,atari_frostbite,/home/haselab/murakawa/stable-deep-world-model/logdir/atari_frostbite_vta_20260107_202443/latest.pt,/home/haselab/murakawa/stable-deep-world-model/logdir/atari_frostbite_vta_20260107_202443/train_eps/20260108T163622-6a2855e80f96423f8e6321ab3a435bdc-1194.npz,534,79.73826599121094,916.3062744140625,0.02839677408337593
/home/haselab/murakawa/stable-deep-world-model/logdir/atari_frostbite_vta_20260107_202443,atari_frostbite,/home/haselab/murakawa/stable-deep-world-model/logdir/atari_frostbite_vta_20260107_202443/latest.pt,/home/haselab/murakawa/stable-deep-world-model/logdir/atari_frostbite_vta_20260107_202443/train_eps/20260108T163622-6a2855e80f96423f8e6321ab3a435bdc-1194.npz,535,79.88276672363281,912.74755859375,0.015815509483218193
/home/haselab/murakawa/stable-deep-world-model/logdir/atari_frostbite_vta_20260107_202443,atari_frostbite,/home/haselab/murakawa/stable-deep-world-model/logdir/atari_frostbite_vta_20260107_202443/latest.pt,/home/haselab/murakawa/stable-deep-world-model/logdir/atari_frostbite_vta_20260107_202443/train_eps/20260108T163622-6a2855e80f96423f8e6321ab3a435bdc-1194.npz,536,79.69683837890625,905.4793090820312,0.020233646035194397
/home/haselab/murakawa/stable-deep-world-model/logdir/atari_frostbite_vta_20260107_202443,atari_frostbite,/home/haselab/murakawa/stable-deep-world-model/logdir/atari_frostbite_vta_20260107_202443/latest.pt,/home/haselab/murakawa/stable-deep-world-model/logdir/atari_frostbite_vta_20260107_202443/train_eps/20260108T163622-6a2855e80f96423f8e6321ab3a435bdc-1194.npz,537,79.9107894897461,905.3950805664062,0.013154882937669754
/home/haselab/murakawa/stable-deep-world-model/logdir/atari_frostbite_vta_20260107_202443,atari_frostbite,/home/haselab/murakawa/stable-deep-world-model/logdir/atari_frostbite_vta_20260107_202443/latest.pt,/home/haselab/murakawa/stable-deep-world-model/logdir/atari_frostbite_vta_20260107_202443/train_eps/20260108T163622-6a2855e80f96423f8e6321ab3a435bdc-1194.npz,538,79.93022918701172,896.5108032226562,0.13156746327877045
/home/haselab/murakawa/stable-deep-world-model/logdir/atari_frostbite_vta_20260107_202443,atari_frostbite,/home/haselab/murakawa/stable-deep-world-model/logdir/atari_frostbite_vta_20260107_202443/latest.pt,/home/haselab/murakawa/stable-deep-world-model/logdir/atari_frostbite_vta_20260107_202443/train_eps/20260108T163622-6a2855e80f96423f8e6321ab3a435bdc-1194.npz,539,79.93022918701172,896.5108032226562,0.16937479376792908
/home/haselab/murakawa/stable-deep-world-model/logdir/atari_frostbite_vta_20260107_202443,atari_frostbite,/home/haselab/murakawa/stable-deep-world-model/logdir/atari_frostbite_vta_20260107_202443/latest.pt,/home/haselab/murakawa/stable-deep-world-model/logdir/atari_frostbite_vta_20260107_202443/train_eps/20260108T163622-6a2855e80f96423f8e6321ab3a435bdc-1194.npz,540,79.84490203857422,893.5889892578125,0.15432126820087433
/home/haselab/murakawa/stable-deep-world-model/logdir/atari_frostbite_vta_20260107_202443,atari_frostbite,/home/haselab/murakawa/stable-deep-world-model/logdir/atari_frostbite_vta_20260107_202443/latest.pt,/home/haselab/murakawa/stable-deep-world-model/logdir/atari_frostbite_vta_20260107_202443/train_eps/20260108T163622-6a2855e80f96423f8e6321ab3a435bdc-1194.npz,541,79.84490203857422,893.5889892578125,0.13301490247249603
/home/haselab/murakawa/stable-deep-world-model/logdir/atari_frostbite_vta_20260107_202443,atari_frostbite,/home/haselab/murakawa/stable-deep-world-model/logdir/atari_frostbite_vta_20260107_202443/latest.pt,/home/haselab/murakawa/stable-deep-world-model/logdir/atari_frostbite_vta_20260107_202443/train_eps/20260108T163622-6a2855e80f96423f8e6321ab3a435bdc-1194.npz,542,79.74142456054688,889.6087646484375,0.1237139105796814
/home/haselab/murakawa/stable-deep-world-model/logdir/atari_frostbite_vta_20260107_202443,atari_frostbite,/home/haselab/murakawa/stable-deep-world-model/logdir/atari_frostbite_vta_20260107_202443/latest.pt,/home/haselab/murakawa/stable-deep-world-model/logdir/atari_frostbite_vta_20260107_202443/train_eps/20260108T163622-6a2855e80f96423f8e6321ab3a435bdc-1194.npz,543,79.74142456054688,889.6087646484375,0.23955656588077545
/home/haselab/murakawa/stable-deep-world-model/logdir/atari_frostbite_vta_20260107_202443,atari_frostbite,/home/haselab/murakawa/stable-deep-world-model/logdir/atari_frostbite_vta_20260107_202443/latest.pt,/home/haselab/murakawa/stable-deep-world-model/logdir/atari_frostbite_vta_20260107_202443/train_eps/20260108T163622-6a2855e80f96423f8e6321ab3a435bdc-1194.npz,544,79.92019653320312,896.5844116210938,0.07036466896533966
/home/haselab/murakawa/stable-deep-world-model/logdir/atari_frostbite_vta_20260107_202443,atari_frostbite,/home/haselab/murakawa/stable-deep-world-model/logdir/atari_frostbite_vta_20260107_202443/latest.pt,/home/haselab/murakawa/stable-deep-world-model/logdir/atari_frostbite_vta_20260107_202443/train_eps/20260108T163622-6a2855e80f96423f8e6321ab3a435bdc-1194.npz,545,79.92019653320312,896.5844116210938,0.656119704246521
/home/haselab/murakawa/stable-deep-world-model/logdir/atari_frostbite_vta_20260107_202443,atari_frostbite,/home/haselab/murakawa/stable-deep-world-model/logdir/atari_frostbite_vta_20260107_202443/latest.pt,/home/haselab/murakawa/stable-deep-world-model/logdir/atari_frostbite_vta_20260107_202443/train_eps/20260108T163622-6a2855e80f96423f8e6321ab3a435bdc-1194.npz,546,79.83500671386719,894.3448486328125,1.5007573366165161
/home/haselab/murakawa/stable-deep-world-model/logdir/atari_frostbite_vta_20260107_202443,atari_frostbite,/home/haselab/murakawa/stable-deep-world-model/logdir/atari_frostbite_vta_20260107_202443/latest.pt,/home/haselab/murakawa/stable-deep-world-model/logdir/atari_frostbite_vta_20260107_202443/train_eps/20260108T163622-6a2855e80f96423f8e6321ab3a435bdc-1194.npz,547,79.83500671386719,894.3448486328125,0.836659848690033
/home/haselab/murakawa/stable-deep-world-model/logdir/atari_frostbite_vta_20260107_202443,atari_frostbite,/home/haselab/murakawa/stable-deep-world-model/logdir/atari_frostbite_vta_20260107_202443/latest.pt,/home/haselab/murakawa/stable-deep-world-model/logdir/atari_frostbite_vta_20260107_202443/train_eps/20260108T163622-6a2855e80f96423f8e6321ab3a435bdc-1194.npz,548,79.83865356445312,896.5255737304688,0.44349566102027893
/home/haselab/murakawa/stable-deep-world-model/logdir/atari_frostbite_vta_20260107_202443,atari_frostbite,/home/haselab/murakawa/stable-deep-world-model/logdir/atari_frostbite_vta_20260107_202443/latest.pt,/home/haselab/murakawa/stable-deep-world-model/logdir/atari_frostbite_vta_20260107_202443/train_eps/20260108T163622-6a2855e80f96423f8e6321ab3a435bdc-1194.npz,549,79.83865356445312,896.5255737304688,1.8866904973983765
/home/haselab/murakawa/stable-deep-world-model/logdir/atari_frostbite_vta_20260107_202443,atari_frostbite,/home/haselab/murakawa/stable-deep-world-model/logdir/atari_frostbite_vta_20260107_202443/latest.pt,/home/haselab/murakawa/stable-deep-world-model/logdir/atari_frostbite_vta_20260107_202443/train_eps/20260108T163622-6a2855e80f96423f8e6321ab3a435bdc-1194.npz,550,79.92436218261719,894.88037109375,1.2978515625
/home/haselab/murakawa/stable-deep-world-model/logdir/atari_frostbite_vta_20260107_202443,atari_frostbite,/home/haselab/murakawa/stable-deep-world-model/logdir/atari_frostbite_vta_20260107_202443/latest.pt,/home/haselab/murakawa/stable-deep-world-model/logdir/atari_frostbite_vta_20260107_202443/train_eps/20260108T163622-6a2855e80f96423f8e6321ab3a435bdc-1194.npz,551,79.92436218261719,894.88037109375,1.4600685834884644
/home/haselab/murakawa/stable-deep-world-model/logdir/atari_frostbite_vta_20260107_202443,atari_frostbite,/home/haselab/murakawa/stable-deep-world-model/logdir/atari_frostbite_vta_20260107_202443/latest.pt,/home/haselab/murakawa/stable-deep-world-model/logdir/atari_frostbite_vta_20260107_202443/train_eps/20260108T163622-6a2855e80f96423f8e6321ab3a435bdc-1194.npz,552,79.76544952392578,896.4833984375,0.25318780541419983
/home/haselab/murakawa/stable-deep-world-model/logdir/atari_frostbite_vta_20260107_202443,atari_frostbite,/home/haselab/murakawa/stable-deep-world-model/logdir/atari_frostbite_vta_20260107_202443/latest.pt,/home/haselab/murakawa/stable-deep-world-model/logdir/atari_frostbite_vta_20260107_202443/train_eps/20260108T163622-6a2855e80f96423f8e6321ab3a435bdc-1194.npz,553,79.76544952392578,896.4833984375,2.335784673690796
/home/haselab/murakawa/stable-deep-world-model/logdir/atari_frostbite_vta_20260107_202443,atari_frostbite,/home/haselab/murakawa/stable-deep-world-model/logdir/atari_frostbite_vta_20260107_202443/latest.pt,/home/haselab/murakawa/stable-deep-world-model/logdir/atari_frostbite_vta_20260107_202443/train_eps/20260108T163622-6a2855e80f96423f8e6321ab3a435bdc-1194.npz,554,79.93700408935547,898.703857421875,0.7302731275558472
/home/haselab/murakawa/stable-deep-world-model/logdir/atari_frostbite_vta_20260107_202443,atari_frostbite,/home/haselab/murakawa/stable-deep-world-model/logdir/atari_frostbite_vta_20260107_202443/latest.pt,/home/haselab/murakawa/stable-deep-world-model/logdir/atari_frostbite_vta_20260107_202443/train_eps/20260108T163622-6a2855e80f96423f8e6321ab3a435bdc-1194.npz,555,79.93700408935547,898.703857421875,1.3049956560134888
/home/haselab/murakawa/stable-deep-world-model/logdir/atari_frostbite_vta_20260107_202443,atari_frostbite,/home/haselab/murakawa/stable-deep-world-model/logdir/atari_frostbite_vta_20260107_202443/latest.pt,/home/haselab/murakawa/stable-deep-world-model/logdir/atari_frostbite_vta_20260107_202443/train_eps/20260108T163622-6a2855e80f96423f8e6321ab3a435bdc-1194.npz,556,79.8731460571289,896.760009765625,2.2038066387176514
/home/haselab/murakawa/stable-deep-world-model/logdir/atari_frostbite_vta_20260107_202443,atari_frostbite,/home/haselab/murakawa/stable-deep-world-model/logdir/atari_frostbite_vta_20260107_202443/latest.pt,/home/haselab/murakawa/stable-deep-world-model/logdir/atari_frostbite_vta_20260107_202443/train_eps/20260108T163622-6a2855e80f96423f8e6321ab3a435bdc-1194.npz,557,79.8731460571289,896.760009765625,1.2366482019424438
/home/haselab/murakawa/stable-deep-world-model/logdir/atari_frostbite_vta_20260107_202443,atari_frostbite,/home/haselab/murakawa/stable-deep-world-model/logdir/atari_frostbite_vta_20260107_202443/latest.pt,/home/haselab/murakawa/stable-deep-world-model/logdir/atari_frostbite_vta_20260107_202443/train_eps/20260108T163622-6a2855e80f96423f8e6321ab3a435bdc-1194.npz,558,79.87159729003906,897.9489135742188,2.4060442447662354
/home/haselab/murakawa/stable-deep-world-model/logdir/atari_frostbite_vta_20260107_202443,atari_frostbite,/home/haselab/murakawa/stable-deep-world-model/logdir/atari_frostbite_vta_20260107_202443/latest.pt,/home/haselab/murakawa/stable-deep-world-model/logdir/atari_frostbite_vta_20260107_202443/train_eps/20260108T163622-6a2855e80f96423f8e6321ab3a435bdc-1194.npz,559,79.87159729003906,897.9489135742188,0.46003249287605286
/home/haselab/murakawa/stable-deep-world-model/logdir/atari_frostbite_vta_20260107_202443,atari_frostbite,/home/haselab/murakawa/stable-deep-world-model/logdir/atari_frostbite_vta_20260107_202443/latest.pt,/home/haselab/murakawa/stable-deep-world-model/logdir/atari_frostbite_vta_20260107_202443/train_eps/20260108T163622-6a2855e80f96423f8e6321ab3a435bdc-1194.npz,560,79.95352172851562,898.5462036132812,1.8675962686538696
/home/haselab/murakawa/stable-deep-world-model/logdir/atari_frostbite_vta_20260107_202443,atari_frostbite,/home/haselab/murakawa/stable-deep-world-model/logdir/atari_frostbite_vta_20260107_202443/latest.pt,/home/haselab/murakawa/stable-deep-world-model/logdir/atari_frostbite_vta_20260107_202443/train_eps/20260108T163622-6a2855e80f96423f8e6321ab3a435bdc-1194.npz,561,79.95352172851562,898.5462036132812,0.3132619857788086
/home/haselab/murakawa/stable-deep-world-model/logdir/atari_frostbite_vta_20260107_202443,atari_frostbite,/home/haselab/murakawa/stable-deep-world-model/logdir/atari_frostbite_vta_20260107_202443/latest.pt,/home/haselab/murakawa/stable-deep-world-model/logdir/atari_frostbite_vta_20260107_202443/train_eps/20260108T163622-6a2855e80f96423f8e6321ab3a435bdc-1194.npz,562,79.89408111572266,899.3433837890625,2.263732671737671
/home/haselab/murakawa/stable-deep-world-model/logdir/atari_frostbite_vta_20260107_202443,atari_frostbite,/home/haselab/murakawa/stable-deep-world-model/logdir/atari_frostbite_vta_20260107_202443/latest.pt,/home/haselab/murakawa/stable-deep-world-model/logdir/atari_frostbite_vta_20260107_202443/train_eps/20260108T163622-6a2855e80f96423f8e6321ab3a435bdc-1194.npz,563,79.89408111572266,899.3433837890625,1.8316673040390015
/home/haselab/murakawa/stable-deep-world-model/logdir/atari_frostbite_vta_20260107_202443,atari_frostbite,/home/haselab/murakawa/stable-deep-world-model/logdir/atari_frostbite_vta_20260107_202443/latest.pt,/home/haselab/murakawa/stable-deep-world-model/logdir/atari_frostbite_vta_20260107_202443/train_eps/20260108T163622-6a2855e80f96423f8e6321ab3a435bdc-1194.npz,564,79.94547271728516,900.3558959960938,0.70246422290802
/home/haselab/murakawa/stable-deep-world-model/logdir/atari_frostbite_vta_20260107_202443,atari_frostbite,/home/haselab/murakawa/stable-deep-world-model/logdir/atari_frostbite_vta_20260107_202443/latest.pt,/home/haselab/murakawa/stable-deep-world-model/logdir/atari_frostbite_vta_20260107_202443/train_eps/20260108T163622-6a2855e80f96423f8e6321ab3a435bdc-1194.npz,565,79.94547271728516,900.3558959960938,3.3457744121551514
/home/haselab/murakawa/stable-deep-world-model/logdir/atari_frostbite_vta_20260107_202443,atari_frostbite,/home/haselab/murakawa/stable-deep-world-model/logdir/atari_frostbite_vta_20260107_202443/latest.pt,/home/haselab/murakawa/stable-deep-world-model/logdir/atari_frostbite_vta_20260107_202443/train_eps/20260108T163622-6a2855e80f96423f8e6321ab3a435bdc-1194.npz,566,79.82235717773438,899.8367919921875,2.178518533706665
/home/haselab/murakawa/stable-deep-world-model/logdir/atari_frostbite_vta_20260107_202443,atari_frostbite,/home/haselab/murakawa/stable-deep-world-model/logdir/atari_frostbite_vta_20260107_202443/latest.pt,/home/haselab/murakawa/stable-deep-world-model/logdir/atari_frostbite_vta_20260107_202443/train_eps/20260108T163622-6a2855e80f96423f8e6321ab3a435bdc-1194.npz,567,32.23445510864258,207.24705505371094,0.010083922185003757
/home/haselab/murakawa/stable-deep-world-model/logdir/atari_frostbite_vta_20260107_202443,atari_frostbite,/home/haselab/murakawa/stable-deep-world-model/logdir/atari_frostbite_vta_20260107_202443/latest.pt,/home/haselab/murakawa/stable-deep-world-model/logdir/atari_frostbite_vta_20260107_202443/train_eps/20260108T163622-6a2855e80f96423f8e6321ab3a435bdc-1194.npz,568,32.363834381103516,211.25392150878906,1.4782061043661088e-05
/home/haselab/murakawa/stable-deep-world-model/logdir/atari_frostbite_vta_20260107_202443,atari_frostbite,/home/haselab/murakawa/stable-deep-world-model/logdir/atari_frostbite_vta_20260107_202443/latest.pt,/home/haselab/murakawa/stable-deep-world-model/logdir/atari_frostbite_vta_20260107_202443/train_eps/20260108T163622-6a2855e80f96423f8e6321ab3a435bdc-1194.npz,569,32.363834381103516,211.25392150878906,-9.137367091325152e-18
/home/haselab/murakawa/stable-deep-world-model/logdir/atari_frostbite_vta_20260107_202443,atari_frostbite,/home/haselab/murakawa/stable-deep-world-model/logdir/atari_frostbite_vta_20260107_202443/latest.pt,/home/haselab/murakawa/stable-deep-world-model/logdir/atari_frostbite_vta_20260107_202443/train_eps/20260108T163622-6a2855e80f96423f8e6321ab3a435bdc-1194.npz,570,32.2001953125,209.01954650878906,-1.2626476746824611e-18
/home/haselab/murakawa/stable-deep-world-model/logdir/atari_frostbite_vta_20260107_202443,atari_frostbite,/home/haselab/murakawa/stable-deep-world-model/logdir/atari_frostbite_vta_20260107_202443/latest.pt,/home/haselab/murakawa/stable-deep-world-model/logdir/atari_frostbite_vta_20260107_202443/train_eps/20260108T163622-6a2855e80f96423f8e6321ab3a435bdc-1194.npz,571,32.2001953125,209.01954650878906,-3.240905013716185e-19
/home/haselab/murakawa/stable-deep-world-model/logdir/atari_frostbite_vta_20260107_202443,atari_frostbite,/home/haselab/murakawa/stable-deep-world-model/logdir/atari_frostbite_vta_20260107_202443/latest.pt,/home/haselab/murakawa/stable-deep-world-model/logdir/atari_frostbite_vta_20260107_202443/train_eps/20260108T163622-6a2855e80f96423f8e6321ab3a435bdc-1194.npz,572,32.32185363769531,210.1060333251953,-5.786802537007659e-19
/home/haselab/murakawa/stable-deep-world-model/logdir/atari_frostbite_vta_20260107_202443,atari_frostbite,/home/haselab/murakawa/stable-deep-world-model/logdir/atari_frostbite_vta_20260107_202443/latest.pt,/home/haselab/murakawa/stable-deep-world-model/logdir/atari_frostbite_vta_20260107_202443/train_eps/20260108T163622-6a2855e80f96423f8e6321ab3a435bdc-1194.npz,573,32.32185363769531,210.1060333251953,-2.179405433527658e-18
/home/haselab/murakawa/stable-deep-world-model/logdir/atari_frostbite_vta_20260107_202443,atari_frostbite,/home/haselab/murakawa/stable-deep-world-model/logdir/atari_frostbite_vta_20260107_202443/latest.pt,/home/haselab/murakawa/stable-deep-world-model/logdir/atari_frostbite_vta_20260107_202443/train_eps/20260108T163622-6a2855e80f96423f8e6321ab3a435bdc-1194.npz,574,32.369293212890625,212.24485778808594,-9.474763516632722e-19
/home/haselab/murakawa/stable-deep-world-model/logdir/atari_frostbite_vta_20260107_202443,atari_frostbite,/home/haselab/murakawa/stable-deep-world-model/logdir/atari_frostbite_vta_20260107_202443/latest.pt,/home/haselab/murakawa/stable-deep-world-model/logdir/atari_frostbite_vta_20260107_202443/train_eps/20260108T163622-6a2855e80f96423f8e6321ab3a435bdc-1194.npz,575,32.369293212890625,212.24485778808594,-1.8269015055895113e-17
/home/haselab/murakawa/stable-deep-world-model/logdir/atari_frostbite_vta_20260107_202443,atari_frostbite,/home/haselab/murakawa/stable-deep-world-model/logdir/atari_frostbite_vta_20260107_202443/latest.pt,/home/haselab/murakawa/stable-deep-world-model/logdir/atari_frostbite_vta_20260107_202443/train_eps/20260108T163622-6a2855e80f96423f8e6321ab3a435bdc-1194.npz,576,32.13603973388672,210.6210479736328,-9.035906978545776e-19
/home/haselab/murakawa/stable-deep-world-model/logdir/atari_frostbite_vta_20260107_202443,atari_frostbite,/home/haselab/murakawa/stable-deep-world-model/logdir/atari_frostbite_vta_20260107_202443/latest.pt,/home/haselab/murakawa/stable-deep-world-model/logdir/atari_frostbite_vta_20260107_202443/train_eps/20260108T163622-6a2855e80f96423f8e6321ab3a435bdc-1194.npz,577,32.13603973388672,210.6210479736328,-4.570656371423515e-18
/home/haselab/murakawa/stable-deep-world-model/logdir/atari_frostbite_vta_20260107_202443,atari_frostbite,/home/haselab/murakawa/stable-deep-world-model/logdir/atari_frostbite_vta_20260107_202443/latest.pt,/home/haselab/murakawa/stable-deep-world-model/logdir/atari_frostbite_vta_20260107_202443/train_eps/20260108T163622-6a2855e80f96423f8e6321ab3a435bdc-1194.npz,578,32.053062438964844,207.01182556152344,-7.110649686297739e-17
/home/haselab/murakawa/stable-deep-world-model/logdir/atari_frostbite_vta_20260107_202443,atari_frostbite,/home/haselab/murakawa/stable-deep-world-model/logdir/atari_frostbite_vta_20260107_202443/latest.pt,/home/haselab/murakawa/stable-deep-world-model/logdir/atari_frostbite_vta_20260107_202443/train_eps/20260108T163622-6a2855e80f96423f8e6321ab3a435bdc-1194.npz,579,32.053062438964844,207.01182556152344,1.1920930376163597e-07
/home/haselab/murakawa/stable-deep-world-model/logdir/atari_frostbite_vta_20260107_202443,atari_frostbite,/home/haselab/murakawa/stable-deep-world-model/logdir/atari_frostbite_vta_20260107_202443/latest.pt,/home/haselab/murakawa/stable-deep-world-model/logdir/atari_frostbite_vta_20260107_202443/train_eps/20260108T163622-6a2855e80f96423f8e6321ab3a435bdc-1194.npz,580,32.256629943847656,209.52505493164062,-1.5277496518262387e-17
/home/haselab/murakawa/stable-deep-world-model/logdir/atari_frostbite_vta_20260107_202443,atari_frostbite,/home/haselab/murakawa/stable-deep-world-model/logdir/atari_frostbite_vta_20260107_202443/latest.pt,/home/haselab/murakawa/stable-deep-world-model/logdir/atari_frostbite_vta_20260107_202443/train_eps/20260108T163622-6a2855e80f96423f8e6321ab3a435bdc-1194.npz,581,32.256629943847656,209.52505493164062,-2.200806663925936e-17
/home/haselab/murakawa/stable-deep-world-model/logdir/atari_frostbite_vta_20260107_202443,atari_frostbite,/home/haselab/murakawa/stable-deep-world-model/logdir/atari_frostbite_vta_20260107_202443/latest.pt,/home/haselab/murakawa/stable-deep-world-model/logdir/atari_frostbite_vta_20260107_202443/train_eps/20260108T163622-6a2855e80f96423f8e6321ab3a435bdc-1194.npz,582,32.15995407104492,207.39805603027344,-8.356911430033408e-18
/home/haselab/murakawa/stable-deep-world-model/logdir/atari_frostbite_vta_20260107_202443,atari_frostbite,/home/haselab/murakawa/stable-deep-world-model/logdir/atari_frostbite_vta_20260107_202443/latest.pt,/home/haselab/murakawa/stable-deep-world-model/logdir/atari_frostbite_vta_20260107_202443/train_eps/20260108T163622-6a2855e80f96423f8e6321ab3a435bdc-1194.npz,583,29.727779388427734,183.7749786376953,-6.9166510172356775e-18
/home/haselab/murakawa/stable-deep-world-model/logdir/atari_frostbite_vta_20260107_202443,atari_frostbite,/home/haselab/murakawa/stable-deep-world-model/logdir/atari_frostbite_vta_20260107_202443/latest.pt,/home/haselab/murakawa/stable-deep-world-model/logdir/atari_frostbite_vta_20260107_202443/train_eps/20260108T163622-6a2855e80f96423f8e6321ab3a435bdc-1194.npz,584,34.47388458251953,213.71658325195312,-2.961504691690358e-23
/home/haselab/murakawa/stable-deep-world-model/logdir/atari_frostbite_vta_20260107_202443,atari_frostbite,/home/haselab/murakawa/stable-deep-world-model/logdir/atari_frostbite_vta_20260107_202443/latest.pt,/home/haselab/murakawa/stable-deep-world-model/logdir/atari_frostbite_vta_20260107_202443/train_eps/20260108T163622-6a2855e80f96423f8e6321ab3a435bdc-1194.npz,585,34.96564865112305,206.42684936523438,-3.0240172231290155e-18
/home/haselab/murakawa/stable-deep-world-model/logdir/atari_frostbite_vta_20260107_202443,atari_frostbite,/home/haselab/murakawa/stable-deep-world-model/logdir/atari_frostbite_vta_20260107_202443/latest.pt,/home/haselab/murakawa/stable-deep-world-model/logdir/atari_frostbite_vta_20260107_202443/train_eps/20260108T163622-6a2855e80f96423f8e6321ab3a435bdc-1194.npz,586,45.918785095214844,359.1603088378906,-2.4770668269589905e-24
/home/haselab/murakawa/stable-deep-world-model/logdir/atari_frostbite_vta_20260107_202443,atari_frostbite,/home/haselab/murakawa/stable-deep-world-model/logdir/atari_frostbite_vta_20260107_202443/latest.pt,/home/haselab/murakawa/stable-deep-world-model/logdir/atari_frostbite_vta_20260107_202443/train_eps/20260108T163622-6a2855e80f96423f8e6321ab3a435bdc-1194.npz,587,45.38121795654297,358.0240478515625,0.0
/home/haselab/murakawa/stable-deep-world-model/logdir/atari_frostbite_vta_20260107_202443,atari_frostbite,/home/haselab/murakawa/stable-deep-world-model/logdir/atari_frostbite_vta_20260107_202443/latest.pt,/home/haselab/murakawa/stable-deep-world-model/logdir/atari_frostbite_vta_20260107_202443/train_eps/20260108T163622-6a2855e80f96423f8e6321ab3a435bdc-1194.npz,588,56.9554443359375,583.4686279296875,0.0
/home/haselab/murakawa/stable-deep-world-model/logdir/atari_frostbite_vta_20260107_202443,atari_frostbite,/home/haselab/murakawa/stable-deep-world-model/logdir/atari_frostbite_vta_20260107_202443/latest.pt,/home/haselab/murakawa/stable-deep-world-model/logdir/atari_frostbite_vta_20260107_202443/train_eps/20260108T163622-6a2855e80f96423f8e6321ab3a435bdc-1194.npz,589,55.52964401245117,522.9177856445312,3.4836152504522434e-20
/home/haselab/murakawa/stable-deep-world-model/logdir/atari_frostbite_vta_20260107_202443,atari_frostbite,/home/haselab/murakawa/stable-deep-world-model/logdir/atari_frostbite_vta_20260107_202443/latest.pt,/home/haselab/murakawa/stable-deep-world-model/logdir/atari_frostbite_vta_20260107_202443/train_eps/20260108T163622-6a2855e80f96423f8e6321ab3a435bdc-1194.npz,590,63.51905059814453,672.7896728515625,0.0
/home/haselab/murakawa/stable-deep-world-model/logdir/atari_frostbite_vta_20260107_202443,atari_frostbite,/home/haselab/murakawa/stable-deep-world-model/logdir/atari_frostbite_vta_20260107_202443/latest.pt,/home/haselab/murakawa/stable-deep-world-model/logdir/atari_frostbite_vta_20260107_202443/train_eps/20260108T163622-6a2855e80f96423f8e6321ab3a435bdc-1194.npz,591,64.92693328857422,621.7755737304688,-2.5625206183905545e-22
/home/haselab/murakawa/stable-deep-world-model/logdir/atari_frostbite_vta_20260107_202443,atari_frostbite,/home/haselab/murakawa/stable-deep-world-model/logdir/atari_frostbite_vta_20260107_202443/latest.pt,/home/haselab/murakawa/stable-deep-world-model/logdir/atari_frostbite_vta_20260107_202443/train_eps/20260108T163622-6a2855e80f96423f8e6321ab3a435bdc-1194.npz,592,73.8649673461914,720.14208984375,-6.504362202104833e-20
/home/haselab/murakawa/stable-deep-world-model/logdir/atari_frostbite_vta_20260107_202443,atari_frostbite,/home/haselab/murakawa/stable-deep-world-model/logdir/atari_frostbite_vta_20260107_202443/latest.pt,/home/haselab/murakawa/stable-deep-world-model/logdir/atari_frostbite_vta_20260107_202443/train_eps/20260108T163622-6a2855e80f96423f8e6321ab3a435bdc-1194.npz,593,73.8649673461914,720.14208984375,-1.3535049734454355e-20
/home/haselab/murakawa/stable-deep-world-model/logdir/atari_frostbite_vta_20260107_202443,atari_frostbite,/home/haselab/murakawa/stable-deep-world-model/logdir/atari_frostbite_vta_20260107_202443/latest.pt,/home/haselab/murakawa/stable-deep-world-model/logdir/atari_frostbite_vta_20260107_202443/train_eps/20260108T163622-6a2855e80f96423f8e6321ab3a435bdc-1194.npz,594,81.53572082519531,817.87939453125,-4.6765265814828464e-21
/home/haselab/murakawa/stable-deep-world-model/logdir/atari_frostbite_vta_20260107_202443,atari_frostbite,/home/haselab/murakawa/stable-deep-world-model/logdir/atari_frostbite_vta_20260107_202443/latest.pt,/home/haselab/murakawa/stable-deep-world-model/logdir/atari_frostbite_vta_20260107_202443/train_eps/20260108T163622-6a2855e80f96423f8e6321ab3a435bdc-1194.npz,595,82.45722961425781,864.0731811523438,-8.843705359364486e-19
/home/haselab/murakawa/stable-deep-world-model/logdir/atari_frostbite_vta_20260107_202443,atari_frostbite,/home/haselab/murakawa/stable-deep-world-model/logdir/atari_frostbite_vta_20260107_202443/latest.pt,/home/haselab/murakawa/stable-deep-world-model/logdir/atari_frostbite_vta_20260107_202443/train_eps/20260108T163622-6a2855e80f96423f8e6321ab3a435bdc-1194.npz,596,83.67141723632812,850.9442138671875,-2.9474802690010152e-18
/home/haselab/murakawa/stable-deep-world-model/logdir/atari_frostbite_vta_20260107_202443,atari_frostbite,/home/haselab/murakawa/stable-deep-world-model/logdir/atari_frostbite_vta_20260107_202443/latest.pt,/home/haselab/murakawa/stable-deep-world-model/logdir/atari_frostbite_vta_20260107_202443/train_eps/20260108T163622-6a2855e80f96423f8e6321ab3a435bdc-1194.npz,597,85.01310729980469,902.713134765625,-4.895022989819507e-16
/home/haselab/murakawa/stable-deep-world-model/logdir/atari_frostbite_vta_20260107_202443,atari_frostbite,/home/haselab/murakawa/stable-deep-world-model/logdir/atari_frostbite_vta_20260107_202443/latest.pt,/home/haselab/murakawa/stable-deep-world-model/logdir/atari_frostbite_vta_20260107_202443/train_eps/20260108T163622-6a2855e80f96423f8e6321ab3a435bdc-1194.npz,598,85.33966064453125,1012.326904296875,-1.439875965718795e-15
/home/haselab/murakawa/stable-deep-world-model/logdir/atari_frostbite_vta_20260107_202443,atari_frostbite,/home/haselab/murakawa/stable-deep-world-model/logdir/atari_frostbite_vta_20260107_202443/latest.pt,/home/haselab/murakawa/stable-deep-world-model/logdir/atari_frostbite_vta_20260107_202443/train_eps/20260108T163622-6a2855e80f96423f8e6321ab3a435bdc-1194.npz,599,90.1868896484375,1342.36474609375,-1.427277399493404e-19
/home/haselab/murakawa/stable-deep-world-model/logdir/atari_frostbite_vta_20260107_202443,atari_frostbite,/home/haselab/murakawa/stable-deep-world-model/logdir/atari_frostbite_vta_20260107_202443/latest.pt,/home/haselab/murakawa/stable-deep-world-model/logdir/atari_frostbite_vta_20260107_202443/train_eps/20260108T163622-6a2855e80f96423f8e6321ab3a435bdc-1194.npz,600,85.31172180175781,1215.2398681640625,2.23417348870999e-15
/home/haselab/murakawa/stable-deep-world-model/logdir/atari_frostbite_vta_20260107_202443,atari_frostbite,/home/haselab/murakawa/stable-deep-world-model/logdir/atari_frostbite_vta_20260107_202443/latest.pt,/home/haselab/murakawa/stable-deep-world-model/logdir/atari_frostbite_vta_20260107_202443/train_eps/20260108T163622-6a2855e80f96423f8e6321ab3a435bdc-1194.npz,601,84.0482406616211,1165.6826171875,1.7784821244742503e-16
/home/haselab/murakawa/stable-deep-world-model/logdir/atari_frostbite_vta_20260107_202443,atari_frostbite,/home/haselab/murakawa/stable-deep-world-model/logdir/atari_frostbite_vta_20260107_202443/latest.pt,/home/haselab/murakawa/stable-deep-world-model/logdir/atari_frostbite_vta_20260107_202443/train_eps/20260108T163622-6a2855e80f96423f8e6321ab3a435bdc-1194.npz,602,79.98167419433594,1125.3267822265625,-5.932719728896432e-14
/home/haselab/murakawa/stable-deep-world-model/logdir/atari_frostbite_vta_20260107_202443,atari_frostbite,/home/haselab/murakawa/stable-deep-world-model/logdir/atari_frostbite_vta_20260107_202443/latest.pt,/home/haselab/murakawa/stable-deep-world-model/logdir/atari_frostbite_vta_20260107_202443/train_eps/20260108T163622-6a2855e80f96423f8e6321ab3a435bdc-1194.npz,603,81.485595703125,1271.2913818359375,-3.970991423055473e-14
/home/haselab/murakawa/stable-deep-world-model/logdir/atari_frostbite_vta_20260107_202443,atari_frostbite,/home/haselab/murakawa/stable-deep-world-model/logdir/atari_frostbite_vta_20260107_202443/latest.pt,/home/haselab/murakawa/stable-deep-world-model/logdir/atari_frostbite_vta_20260107_202443/train_eps/20260108T163622-6a2855e80f96423f8e6321ab3a435bdc-1194.npz,604,79.86964416503906,1343.1295166015625,-3.116629946741528e-14
/home/haselab/murakawa/stable-deep-world-model/logdir/atari_frostbite_vta_20260107_202443,atari_frostbite,/home/haselab/murakawa/stable-deep-world-model/logdir/atari_frostbite_vta_20260107_202443/latest.pt,/home/haselab/murakawa/stable-deep-world-model/logdir/atari_frostbite_vta_20260107_202443/train_eps/20260108T163622-6a2855e80f96423f8e6321ab3a435bdc-1194.npz,605,82.21229553222656,1416.294677734375,-3.970726555852866e-15
/home/haselab/murakawa/stable-deep-world-model/logdir/atari_frostbite_vta_20260107_202443,atari_frostbite,/home/haselab/murakawa/stable-deep-world-model/logdir/atari_frostbite_vta_20260107_202443/latest.pt,/home/haselab/murakawa/stable-deep-world-model/logdir/atari_frostbite_vta_20260107_202443/train_eps/20260108T163622-6a2855e80f96423f8e6321ab3a435bdc-1194.npz,606,79.538330078125,1350.22412109375,-6.4721841266440905e-18
/home/haselab/murakawa/stable-deep-world-model/logdir/atari_frostbite_vta_20260107_202443,atari_frostbite,/home/haselab/murakawa/stable-deep-world-model/logdir/atari_frostbite_vta_20260107_202443/latest.pt,/home/haselab/murakawa/stable-deep-world-model/logdir/atari_frostbite_vta_20260107_202443/train_eps/20260108T163622-6a2855e80f96423f8e6321ab3a435bdc-1194.npz,607,79.22534942626953,1352.1617431640625,-3.052188145982542e-15
/home/haselab/murakawa/stable-deep-world-model/logdir/atari_frostbite_vta_20260107_202443,atari_frostbite,/home/haselab/murakawa/stable-deep-world-model/logdir/atari_frostbite_vta_20260107_202443/latest.pt,/home/haselab/murakawa/stable-deep-world-model/logdir/atari_frostbite_vta_20260107_202443/train_eps/20260108T163622-6a2855e80f96423f8e6321ab3a435bdc-1194.npz,608,73.77784729003906,1208.99365234375,-5.280367989853091e-17
/home/haselab/murakawa/stable-deep-world-model/logdir/atari_frostbite_vta_20260107_202443,atari_frostbite,/home/haselab/murakawa/stable-deep-world-model/logdir/atari_frostbite_vta_20260107_202443/latest.pt,/home/haselab/murakawa/stable-deep-world-model/logdir/atari_frostbite_vta_20260107_202443/train_eps/20260108T163622-6a2855e80f96423f8e6321ab3a435bdc-1194.npz,609,73.65986633300781,1210.145263671875,-4.3165083542209864e-17
/home/haselab/murakawa/stable-deep-world-model/logdir/atari_frostbite_vta_20260107_202443,atari_frostbite,/home/haselab/murakawa/stable-deep-world-model/logdir/atari_frostbite_vta_20260107_202443/latest.pt,/home/haselab/murakawa/stable-deep-world-model/logdir/atari_frostbite_vta_20260107_202443/train_eps/20260108T163622-6a2855e80f96423f8e6321ab3a435bdc-1194.npz,610,68.57469177246094,1095.73193359375,-8.337064213512175e-20
/home/haselab/murakawa/stable-deep-world-model/logdir/atari_frostbite_vta_20260107_202443,atari_frostbite,/home/haselab/murakawa/stable-deep-world-model/logdir/atari_frostbite_vta_20260107_202443/latest.pt,/home/haselab/murakawa/stable-deep-world-model/logdir/atari_frostbite_vta_20260107_202443/train_eps/20260108T163622-6a2855e80f96423f8e6321ab3a435bdc-1194.npz,611,71.92466735839844,1176.1190185546875,-6.04882285277937e-20
/home/haselab/murakawa/stable-deep-world-model/logdir/atari_frostbite_vta_20260107_202443,atari_frostbite,/home/haselab/murakawa/stable-deep-world-model/logdir/atari_frostbite_vta_20260107_202443/latest.pt,/home/haselab/murakawa/stable-deep-world-model/logdir/atari_frostbite_vta_20260107_202443/train_eps/20260108T163622-6a2855e80f96423f8e6321ab3a435bdc-1194.npz,612,71.50331115722656,1129.29541015625,-2.4186080544970377e-21
/home/haselab/murakawa/stable-deep-world-model/logdir/atari_frostbite_vta_20260107_202443,atari_frostbite,/home/haselab/murakawa/stable-deep-world-model/logdir/atari_frostbite_vta_20260107_202443/latest.pt,/home/haselab/murakawa/stable-deep-world-model/logdir/atari_frostbite_vta_20260107_202443/train_eps/20260108T163622-6a2855e80f96423f8e6321ab3a435bdc-1194.npz,613,76.74905395507812,1187.3515625,-2.220235607109149e-24
/home/haselab/murakawa/stable-deep-world-model/logdir/atari_frostbite_vta_20260107_202443,atari_frostbite,/home/haselab/murakawa/stable-deep-world-model/logdir/atari_frostbite_vta_20260107_202443/latest.pt,/home/haselab/murakawa/stable-deep-world-model/logdir/atari_frostbite_vta_20260107_202443/train_eps/20260108T163622-6a2855e80f96423f8e6321ab3a435bdc-1194.npz,614,74.26220703125,1139.14306640625,-4.663689434512246e-28
/home/haselab/murakawa/stable-deep-world-model/logdir/atari_frostbite_vta_20260107_202443,atari_frostbite,/home/haselab/murakawa/stable-deep-world-model/logdir/atari_frostbite_vta_20260107_202443/latest.pt,/home/haselab/murakawa/stable-deep-world-model/logdir/atari_frostbite_vta_20260107_202443/train_eps/20260108T163622-6a2855e80f96423f8e6321ab3a435bdc-1194.npz,615,75.5886001586914,1177.107177734375,-1.5192083609460462e-26
/home/haselab/murakawa/stable-deep-world-model/logdir/atari_frostbite_vta_20260107_202443,atari_frostbite,/home/haselab/murakawa/stable-deep-world-model/logdir/atari_frostbite_vta_20260107_202443/latest.pt,/home/haselab/murakawa/stable-deep-world-model/logdir/atari_frostbite_vta_20260107_202443/train_eps/20260108T163622-6a2855e80f96423f8e6321ab3a435bdc-1194.npz,616,75.86730194091797,1162.7398681640625,-2.8829055151950525e-28
/home/haselab/murakawa/stable-deep-world-model/logdir/atari_frostbite_vta_20260107_202443,atari_frostbite,/home/haselab/murakawa/stable-deep-world-model/logdir/atari_frostbite_vta_20260107_202443/latest.pt,/home/haselab/murakawa/stable-deep-world-model/logdir/atari_frostbite_vta_20260107_202443/train_eps/20260108T163622-6a2855e80f96423f8e6321ab3a435bdc-1194.npz,617,64.28190612792969,1020.5830078125,0.0
/home/haselab/murakawa/stable-deep-world-model/logdir/atari_frostbite_vta_20260107_202443,atari_frostbite,/home/haselab/murakawa/stable-deep-world-model/logdir/atari_frostbite_vta_20260107_202443/latest.pt,/home/haselab/murakawa/stable-deep-world-model/logdir/atari_frostbite_vta_20260107_202443/train_eps/20260108T163622-6a2855e80f96423f8e6321ab3a435bdc-1194.npz,618,68.0561752319336,1091.9234619140625,1.1920930376163597e-07
/home/haselab/murakawa/stable-deep-world-model/logdir/atari_frostbite_vta_20260107_202443,atari_frostbite,/home/haselab/murakawa/stable-deep-world-model/logdir/atari_frostbite_vta_20260107_202443/latest.pt,/home/haselab/murakawa/stable-deep-world-model/logdir/atari_frostbite_vta_20260107_202443/train_eps/20260108T163622-6a2855e80f96423f8e6321ab3a435bdc-1194.npz,619,68.93565368652344,1097.6893310546875,-2.887135310740255e-20
/home/haselab/murakawa/stable-deep-world-model/logdir/atari_frostbite_vta_20260107_202443,atari_frostbite,/home/haselab/murakawa/stable-deep-world-model/logdir/atari_frostbite_vta_20260107_202443/latest.pt,/home/haselab/murakawa/stable-deep-world-model/logdir/atari_frostbite_vta_20260107_202443/train_eps/20260108T163622-6a2855e80f96423f8e6321ab3a435bdc-1194.npz,620,79.07831573486328,1264.602783203125,-1.1563939525103186e-21
/home/haselab/murakawa/stable-deep-world-model/logdir/atari_frostbite_vta_20260107_202443,atari_frostbite,/home/haselab/murakawa/stable-deep-world-model/logdir/atari_frostbite_vta_20260107_202443/latest.pt,/home/haselab/murakawa/stable-deep-world-model/logdir/atari_frostbite_vta_20260107_202443/train_eps/20260108T163622-6a2855e80f96423f8e6321ab3a435bdc-1194.npz,621,87.86194610595703,1416.5511474609375,-6.812527176088727e-19
/home/haselab/murakawa/stable-deep-world-model/logdir/atari_frostbite_vta_20260107_202443,atari_frostbite,/home/haselab/murakawa/stable-deep-world-model/logdir/atari_frostbite_vta_20260107_202443/latest.pt,/home/haselab/murakawa/stable-deep-world-model/logdir/atari_frostbite_vta_20260107_202443/train_eps/20260108T163622-6a2855e80f96423f8e6321ab3a435bdc-1194.npz,622,99.05744171142578,1632.6595458984375,-9.767537931950303e-17
/home/haselab/murakawa/stable-deep-world-model/logdir/atari_frostbite_vta_20260107_202443,atari_frostbite,/home/haselab/murakawa/stable-deep-world-model/logdir/atari_frostbite_vta_20260107_202443/latest.pt,/home/haselab/murakawa/stable-deep-world-model/logdir/atari_frostbite_vta_20260107_202443/train_eps/20260108T163622-6a2855e80f96423f8e6321ab3a435bdc-1194.npz,623,99.5666732788086,1660.6263427734375,2.3514246173567295e-14
/home/haselab/murakawa/stable-deep-world-model/logdir/atari_frostbite_vta_20260107_202443,atari_frostbite,/home/haselab/murakawa/stable-deep-world-model/logdir/atari_frostbite_vta_20260107_202443/latest.pt,/home/haselab/murakawa/stable-deep-world-model/logdir/atari_frostbite_vta_20260107_202443/train_eps/20260108T163622-6a2855e80f96423f8e6321ab3a435bdc-1194.npz,624,110.10774230957031,1907.5704345703125,3.0900698666513904e-11
/home/haselab/murakawa/stable-deep-world-model/logdir/atari_frostbite_vta_20260107_202443,atari_frostbite,/home/haselab/murakawa/stable-deep-world-model/logdir/atari_frostbite_vta_20260107_202443/latest.pt,/home/haselab/murakawa/stable-deep-world-model/logdir/atari_frostbite_vta_20260107_202443/train_eps/20260108T163622-6a2855e80f96423f8e6321ab3a435bdc-1194.npz,625,111.37665557861328,1941.43310546875,9.165843639635796e-10
/home/haselab/murakawa/stable-deep-world-model/logdir/atari_frostbite_vta_20260107_202443,atari_frostbite,/home/haselab/murakawa/stable-deep-world-model/logdir/atari_frostbite_vta_20260107_202443/latest.pt,/home/haselab/murakawa/stable-deep-world-model/logdir/atari_frostbite_vta_20260107_202443/train_eps/20260108T163622-6a2855e80f96423f8e6321ab3a435bdc-1194.npz,626,121.26493072509766,2209.525634765625,3.555888383743877e-08
/home/haselab/murakawa/stable-deep-world-model/logdir/atari_frostbite_vta_20260107_202443,atari_frostbite,/home/haselab/murakawa/stable-deep-world-model/logdir/atari_frostbite_vta_20260107_202443/latest.pt,/home/haselab/murakawa/stable-deep-world-model/logdir/atari_frostbite_vta_20260107_202443/train_eps/20260108T163622-6a2855e80f96423f8e6321ab3a435bdc-1194.npz,627,129.2154083251953,2389.986083984375,2.2928381415709964e-09
/home/haselab/murakawa/stable-deep-world-model/logdir/atari_frostbite_vta_20260107_202443,atari_frostbite,/home/haselab/murakawa/stable-deep-world-model/logdir/atari_frostbite_vta_20260107_202443/latest.pt,/home/haselab/murakawa/stable-deep-world-model/logdir/atari_frostbite_vta_20260107_202443/train_eps/20260108T163622-6a2855e80f96423f8e6321ab3a435bdc-1194.npz,628,148.61155700683594,2696.32861328125,2.890396255672556e-12
/home/haselab/murakawa/stable-deep-world-model/logdir/atari_frostbite_vta_20260107_202443,atari_frostbite,/home/haselab/murakawa/stable-deep-world-model/logdir/atari_frostbite_vta_20260107_202443/latest.pt,/home/haselab/murakawa/stable-deep-world-model/logdir/atari_frostbite_vta_20260107_202443/train_eps/20260108T163622-6a2855e80f96423f8e6321ab3a435bdc-1194.npz,629,149.80239868164062,2690.029052734375,1.0975549896014014e-12
/home/haselab/murakawa/stable-deep-world-model/logdir/atari_frostbite_vta_20260107_202443,atari_frostbite,/home/haselab/murakawa/stable-deep-world-model/logdir/atari_frostbite_vta_20260107_202443/latest.pt,/home/haselab/murakawa/stable-deep-world-model/logdir/atari_frostbite_vta_20260107_202443/train_eps/20260108T163622-6a2855e80f96423f8e6321ab3a435bdc-1194.npz,630,144.8026885986328,2654.34130859375,4.575730002824617e-15
/home/haselab/murakawa/stable-deep-world-model/logdir/atari_frostbite_vta_20260107_202443,atari_frostbite,/home/haselab/murakawa/stable-deep-world-model/logdir/atari_frostbite_vta_20260107_202443/latest.pt,/home/haselab/murakawa/stable-deep-world-model/logdir/atari_frostbite_vta_20260107_202443/train_eps/20260108T163622-6a2855e80f96423f8e6321ab3a435bdc-1194.npz,631,142.3223876953125,2584.183837890625,-1.6290704679330914e-12
/home/haselab/murakawa/stable-deep-world-model/logdir/atari_frostbite_vta_20260107_202443,atari_frostbite,/home/haselab/murakawa/stable-deep-world-model/logdir/atari_frostbite_vta_20260107_202443/latest.pt,/home/haselab/murakawa/stable-deep-world-model/logdir/atari_frostbite_vta_20260107_202443/train_eps/20260108T163622-6a2855e80f96423f8e6321ab3a435bdc-1194.npz,632,140.0843505859375,2568.283447265625,-1.7975103014118005e-14
/home/haselab/murakawa/stable-deep-world-model/logdir/atari_frostbite_vta_20260107_202443,atari_frostbite,/home/haselab/murakawa/stable-deep-world-model/logdir/atari_frostbite_vta_20260107_202443/latest.pt,/home/haselab/murakawa/stable-deep-world-model/logdir/atari_frostbite_vta_20260107_202443/train_eps/20260108T163622-6a2855e80f96423f8e6321ab3a435bdc-1194.npz,633,137.5122528076172,2480.3115234375,-3.7027173861725604e-13
/home/haselab/murakawa/stable-deep-world-model/logdir/atari_frostbite_vta_20260107_202443,atari_frostbite,/home/haselab/murakawa/stable-deep-world-model/logdir/atari_frostbite_vta_20260107_202443/latest.pt,/home/haselab/murakawa/stable-deep-world-model/logdir/atari_frostbite_vta_20260107_202443/train_eps/20260108T163622-6a2855e80f96423f8e6321ab3a435bdc-1194.npz,634,132.59584045410156,2430.86572265625,-4.30409204235432e-15
/home/haselab/murakawa/stable-deep-world-model/logdir/atari_frostbite_vta_20260107_202443,atari_frostbite,/home/haselab/murakawa/stable-deep-world-model/logdir/atari_frostbite_vta_20260107_202443/latest.pt,/home/haselab/murakawa/stable-deep-world-model/logdir/atari_frostbite_vta_20260107_202443/train_eps/20260108T163622-6a2855e80f96423f8e6321ab3a435bdc-1194.npz,635,134.37887573242188,2397.1416015625,-5.014018646348588e-14
/home/haselab/murakawa/stable-deep-world-model/logdir/atari_frostbite_vta_20260107_202443,atari_frostbite,/home/haselab/murakawa/stable-deep-world-model/logdir/atari_frostbite_vta_20260107_202443/latest.pt,/home/haselab/murakawa/stable-deep-world-model/logdir/atari_frostbite_vta_20260107_202443/train_eps/20260108T163622-6a2855e80f96423f8e6321ab3a435bdc-1194.npz,636,127.84407043457031,2331.36669921875,-3.588573394604916e-13
/home/haselab/murakawa/stable-deep-world-model/logdir/atari_frostbite_vta_20260107_202443,atari_frostbite,/home/haselab/murakawa/stable-deep-world-model/logdir/atari_frostbite_vta_20260107_202443/latest.pt,/home/haselab/murakawa/stable-deep-world-model/logdir/atari_frostbite_vta_20260107_202443/train_eps/20260108T163622-6a2855e80f96423f8e6321ab3a435bdc-1194.npz,637,126.1217041015625,2325.489990234375,-1.5601418540314022e-13
/home/haselab/murakawa/stable-deep-world-model/logdir/atari_frostbite_vta_20260107_202443,atari_frostbite,/home/haselab/murakawa/stable-deep-world-model/logdir/atari_frostbite_vta_20260107_202443/latest.pt,/home/haselab/murakawa/stable-deep-world-model/logdir/atari_frostbite_vta_20260107_202443/train_eps/20260108T163622-6a2855e80f96423f8e6321ab3a435bdc-1194.npz,638,116.40869903564453,2251.232177734375,-1.2332531202578333e-14
/home/haselab/murakawa/stable-deep-world-model/logdir/atari_frostbite_vta_20260107_202443,atari_frostbite,/home/haselab/murakawa/stable-deep-world-model/logdir/atari_frostbite_vta_20260107_202443/latest.pt,/home/haselab/murakawa/stable-deep-world-model/logdir/atari_frostbite_vta_20260107_202443/train_eps/20260108T163622-6a2855e80f96423f8e6321ab3a435bdc-1194.npz,639,113.32416534423828,2280.911376953125,-3.012388608889904e-15
/home/haselab/murakawa/stable-deep-world-model/logdir/atari_frostbite_vta_20260107_202443,atari_frostbite,/home/haselab/murakawa/stable-deep-world-model/logdir/atari_frostbite_vta_20260107_202443/latest.pt,/home/haselab/murakawa/stable-deep-world-model/logdir/atari_frostbite_vta_20260107_202443/train_eps/20260108T163622-6a2855e80f96423f8e6321ab3a435bdc-1194.npz,640,103.08146667480469,2206.496826171875,-1.2238323774668236e-16
/home/haselab/murakawa/stable-deep-world-model/logdir/atari_frostbite_vta_20260107_202443,atari_frostbite,/home/haselab/murakawa/stable-deep-world-model/logdir/atari_frostbite_vta_20260107_202443/latest.pt,/home/haselab/murakawa/stable-deep-world-model/logdir/atari_frostbite_vta_20260107_202443/train_eps/20260108T163622-6a2855e80f96423f8e6321ab3a435bdc-1194.npz,641,102.0391616821289,2222.274169921875,-9.425785813419406e-16
/home/haselab/murakawa/stable-deep-world-model/logdir/atari_frostbite_vta_20260107_202443,atari_frostbite,/home/haselab/murakawa/stable-deep-world-model/logdir/atari_frostbite_vta_20260107_202443/latest.pt,/home/haselab/murakawa/stable-deep-world-model/logdir/atari_frostbite_vta_20260107_202443/train_eps/20260108T163622-6a2855e80f96423f8e6321ab3a435bdc-1194.npz,642,99.80166625976562,2262.474365234375,-8.141517734427662e-18
/home/haselab/murakawa/stable-deep-world-model/logdir/atari_frostbite_vta_20260107_202443,atari_frostbite,/home/haselab/murakawa/stable-deep-world-model/logdir/atari_frostbite_vta_20260107_202443/latest.pt,/home/haselab/murakawa/stable-deep-world-model/logdir/atari_frostbite_vta_20260107_202443/train_eps/20260108T163622-6a2855e80f96423f8e6321ab3a435bdc-1194.npz,643,103.2613754272461,2371.123291015625,-9.532287103995732e-18
/home/haselab/murakawa/stable-deep-world-model/logdir/atari_frostbite_vta_20260107_202443,atari_frostbite,/home/haselab/murakawa/stable-deep-world-model/logdir/atari_frostbite_vta_20260107_202443/latest.pt,/home/haselab/murakawa/stable-deep-world-model/logdir/atari_frostbite_vta_20260107_202443/train_eps/20260108T163622-6a2855e80f96423f8e6321ab3a435bdc-1194.npz,644,96.58992767333984,2198.60205078125,-2.435354388359837e-17
/home/haselab/murakawa/stable-deep-world-model/logdir/atari_frostbite_vta_20260107_202443,atari_frostbite,/home/haselab/murakawa/stable-deep-world-model/logdir/atari_frostbite_vta_20260107_202443/latest.pt,/home/haselab/murakawa/stable-deep-world-model/logdir/atari_frostbite_vta_20260107_202443/train_eps/20260108T163622-6a2855e80f96423f8e6321ab3a435bdc-1194.npz,645,95.04000854492188,2155.121337890625,3.099446303167497e-06
/home/haselab/murakawa/stable-deep-world-model/logdir/atari_frostbite_vta_20260107_202443,atari_frostbite,/home/haselab/murakawa/stable-deep-world-model/logdir/atari_frostbite_vta_20260107_202443/latest.pt,/home/haselab/murakawa/stable-deep-world-model/logdir/atari_frostbite_vta_20260107_202443/train_eps/20260108T163622-6a2855e80f96423f8e6321ab3a435bdc-1194.npz,646,91.77374267578125,1991.787109375,1.1920930376163597e-07
/home/haselab/murakawa/stable-deep-world-model/logdir/atari_frostbite_vta_20260107_202443,atari_frostbite,/home/haselab/murakawa/stable-deep-world-model/logdir/atari_frostbite_vta_20260107_202443/latest.pt,/home/haselab/murakawa/stable-deep-world-model/logdir/atari_frostbite_vta_20260107_202443/train_eps/20260108T163622-6a2855e80f96423f8e6321ab3a435bdc-1194.npz,647,95.16374969482422,2030.93310546875,-5.660764861636832e-17
/home/haselab/murakawa/stable-deep-world-model/logdir/atari_frostbite_vta_20260107_202443,atari_frostbite,/home/haselab/murakawa/stable-deep-world-model/logdir/atari_frostbite_vta_20260107_202443/latest.pt,/home/haselab/murakawa/stable-deep-world-model/logdir/atari_frostbite_vta_20260107_202443/train_eps/20260108T163622-6a2855e80f96423f8e6321ab3a435bdc-1194.npz,648,97.77808380126953,1949.1273193359375,-7.253197721259002e-18
/home/haselab/murakawa/stable-deep-world-model/logdir/atari_frostbite_vta_20260107_202443,atari_frostbite,/home/haselab/murakawa/stable-deep-world-model/logdir/atari_frostbite_vta_20260107_202443/latest.pt,/home/haselab/murakawa/stable-deep-world-model/logdir/atari_frostbite_vta_20260107_202443/train_eps/20260108T163622-6a2855e80f96423f8e6321ab3a435bdc-1194.npz,649,101.21160888671875,1967.7283935546875,-4.148915647776363e-19
/home/haselab/murakawa/stable-deep-world-model/logdir/atari_frostbite_vta_20260107_202443,atari_frostbite,/home/haselab/murakawa/stable-deep-world-model/logdir/atari_frostbite_vta_20260107_202443/latest.pt,/home/haselab/murakawa/stable-deep-world-model/logdir/atari_frostbite_vta_20260107_202443/train_eps/20260108T163622-6a2855e80f96423f8e6321ab3a435bdc-1194.npz,650,107.87171936035156,2032.000732421875,-4.2062860516296855e-19
/home/haselab/murakawa/stable-deep-world-model/logdir/atari_frostbite_vta_20260107_202443,atari_frostbite,/home/haselab/murakawa/stable-deep-world-model/logdir/atari_frostbite_vta_20260107_202443/latest.pt,/home/haselab/murakawa/stable-deep-world-model/logdir/atari_frostbite_vta_20260107_202443/train_eps/20260108T163622-6a2855e80f96423f8e6321ab3a435bdc-1194.npz,651,111.01133728027344,2037.829345703125,-1.3233827700941925e-17
/home/haselab/murakawa/stable-deep-world-model/logdir/atari_frostbite_vta_20260107_202443,atari_frostbite,/home/haselab/murakawa/stable-deep-world-model/logdir/atari_frostbite_vta_20260107_202443/latest.pt,/home/haselab/murakawa/stable-deep-world-model/logdir/atari_frostbite_vta_20260107_202443/train_eps/20260108T163622-6a2855e80f96423f8e6321ab3a435bdc-1194.npz,652,121.81114196777344,2181.921142578125,-1.269272667605975e-18
/home/haselab/murakawa/stable-deep-world-model/logdir/atari_frostbite_vta_20260107_202443,atari_frostbite,/home/haselab/murakawa/stable-deep-world-model/logdir/atari_frostbite_vta_20260107_202443/latest.pt,/home/haselab/murakawa/stable-deep-world-model/logdir/atari_frostbite_vta_20260107_202443/train_eps/20260108T163622-6a2855e80f96423f8e6321ab3a435bdc-1194.npz,653,123.04537200927734,2194.7099609375,-3.767160162855777e-19
/home/haselab/murakawa/stable-deep-world-model/logdir/atari_frostbite_vta_20260107_202443,atari_frostbite,/home/haselab/murakawa/stable-deep-world-model/logdir/atari_frostbite_vta_20260107_202443/latest.pt,/home/haselab/murakawa/stable-deep-world-model/logdir/atari_frostbite_vta_20260107_202443/train_eps/20260108T163622-6a2855e80f96423f8e6321ab3a435bdc-1194.npz,654,135.1766815185547,2379.598876953125,-2.4292048924566312e-21
/home/haselab/murakawa/stable-deep-world-model/logdir/atari_frostbite_vta_20260107_202443,atari_frostbite,/home/haselab/murakawa/stable-deep-world-model/logdir/atari_frostbite_vta_20260107_202443/latest.pt,/home/haselab/murakawa/stable-deep-world-model/logdir/atari_frostbite_vta_20260107_202443/train_eps/20260108T163622-6a2855e80f96423f8e6321ab3a435bdc-1194.npz,655,136.65603637695312,2427.257568359375,-6.3601780321394715e-24
/home/haselab/murakawa/stable-deep-world-model/logdir/atari_frostbite_vta_20260107_202443,atari_frostbite,/home/haselab/murakawa/stable-deep-world-model/logdir/atari_frostbite_vta_20260107_202443/latest.pt,/home/haselab/murakawa/stable-deep-world-model/logdir/atari_frostbite_vta_20260107_202443/train_eps/20260108T163622-6a2855e80f96423f8e6321ab3a435bdc-1194.npz,656,145.97601318359375,2629.943359375,-1.4200087939657128e-24
/home/haselab/murakawa/stable-deep-world-model/logdir/atari_frostbite_vta_20260107_202443,atari_frostbite,/home/haselab/murakawa/stable-deep-world-model/logdir/atari_frostbite_vta_20260107_202443/latest.pt,/home/haselab/murakawa/stable-deep-world-model/logdir/atari_frostbite_vta_20260107_202443/train_eps/20260108T163622-6a2855e80f96423f8e6321ab3a435bdc-1194.npz,657,145.8795166015625,2640.0400390625,-1.389556297833853e-24
/home/haselab/murakawa/stable-deep-world-model/logdir/atari_frostbite_vta_20260107_202443,atari_frostbite,/home/haselab/murakawa/stable-deep-world-model/logdir/atari_frostbite_vta_20260107_202443/latest.pt,/home/haselab/murakawa/stable-deep-world-model/logdir/atari_frostbite_vta_20260107_202443/train_eps/20260108T163622-6a2855e80f96423f8e6321ab3a435bdc-1194.npz,658,148.51356506347656,2766.960205078125,-2.3193080171071317e-23
/home/haselab/murakawa/stable-deep-world-model/logdir/atari_frostbite_vta_20260107_202443,atari_frostbite,/home/haselab/murakawa/stable-deep-world-model/logdir/atari_frostbite_vta_20260107_202443/latest.pt,/home/haselab/murakawa/stable-deep-world-model/logdir/atari_frostbite_vta_20260107_202443/train_eps/20260108T163622-6a2855e80f96423f8e6321ab3a435bdc-1194.npz,659,147.20469665527344,2727.07275390625,-6.71641097197218e-23
/home/haselab/murakawa/stable-deep-world-model/logdir/atari_frostbite_vta_20260107_202443,atari_frostbite,/home/haselab/murakawa/stable-deep-world-model/logdir/atari_frostbite_vta_20260107_202443/latest.pt,/home/haselab/murakawa/stable-deep-world-model/logdir/atari_frostbite_vta_20260107_202443/train_eps/20260108T163622-6a2855e80f96423f8e6321ab3a435bdc-1194.npz,660,149.4931640625,2831.607666015625,-4.0840593705930464e-25
/home/haselab/murakawa/stable-deep-world-model/logdir/atari_frostbite_vta_20260107_202443,atari_frostbite,/home/haselab/murakawa/stable-deep-world-model/logdir/atari_frostbite_vta_20260107_202443/latest.pt,/home/haselab/murakawa/stable-deep-world-model/logdir/atari_frostbite_vta_20260107_202443/train_eps/20260108T163622-6a2855e80f96423f8e6321ab3a435bdc-1194.npz,661,149.3990936279297,2827.443603515625,-1.4178742941283658e-23
/home/haselab/murakawa/stable-deep-world-model/logdir/atari_frostbite_vta_20260107_202443,atari_frostbite,/home/haselab/murakawa/stable-deep-world-model/logdir/atari_frostbite_vta_20260107_202443/latest.pt,/home/haselab/murakawa/stable-deep-world-model/logdir/atari_frostbite_vta_20260107_202443/train_eps/20260108T163622-6a2855e80f96423f8e6321ab3a435bdc-1194.npz,662,148.01353454589844,2850.697265625,-3.380729279210232e-24
/home/haselab/murakawa/stable-deep-world-model/logdir/atari_frostbite_vta_20260107_202443,atari_frostbite,/home/haselab/murakawa/stable-deep-world-model/logdir/atari_frostbite_vta_20260107_202443/latest.pt,/home/haselab/murakawa/stable-deep-world-model/logdir/atari_frostbite_vta_20260107_202443/train_eps/20260108T163622-6a2855e80f96423f8e6321ab3a435bdc-1194.npz,663,144.3614501953125,2804.09423828125,-6.713196837099948e-23
/home/haselab/murakawa/stable-deep-world-model/logdir/atari_frostbite_vta_20260107_202443,atari_frostbite,/home/haselab/murakawa/stable-deep-world-model/logdir/atari_frostbite_vta_20260107_202443/latest.pt,/home/haselab/murakawa/stable-deep-world-model/logdir/atari_frostbite_vta_20260107_202443/train_eps/20260108T163622-6a2855e80f96423f8e6321ab3a435bdc-1194.npz,664,144.54910278320312,2872.627685546875,-1.9321163982875362e-21
/home/haselab/murakawa/stable-deep-world-model/logdir/atari_frostbite_vta_20260107_202443,atari_frostbite,/home/haselab/murakawa/stable-deep-world-model/logdir/atari_frostbite_vta_20260107_202443/latest.pt,/home/haselab/murakawa/stable-deep-world-model/logdir/atari_frostbite_vta_20260107_202443/train_eps/20260108T163622-6a2855e80f96423f8e6321ab3a435bdc-1194.npz,665,140.1391143798828,2797.5,-9.03948951070344e-21
/home/haselab/murakawa/stable-deep-world-model/logdir/atari_frostbite_vta_20260107_202443,atari_frostbite,/home/haselab/murakawa/stable-deep-world-model/logdir/atari_frostbite_vta_20260107_202443/latest.pt,/home/haselab/murakawa/stable-deep-world-model/logdir/atari_frostbite_vta_20260107_202443/train_eps/20260108T163622-6a2855e80f96423f8e6321ab3a435bdc-1194.npz,666,139.81178283691406,2836.25341796875,-1.608373601963287e-19
/home/haselab/murakawa/stable-deep-world-model/logdir/atari_frostbite_vta_20260107_202443,atari_frostbite,/home/haselab/murakawa/stable-deep-world-model/logdir/atari_frostbite_vta_20260107_202443/latest.pt,/home/haselab/murakawa/stable-deep-world-model/logdir/atari_frostbite_vta_20260107_202443/train_eps/20260108T163622-6a2855e80f96423f8e6321ab3a435bdc-1194.npz,667,75.60548400878906,2237.876220703125,0.0
/home/haselab/murakawa/stable-deep-world-model/logdir/atari_frostbite_vta_20260107_202443,atari_frostbite,/home/haselab/murakawa/stable-deep-world-model/logdir/atari_frostbite_vta_20260107_202443/latest.pt,/home/haselab/murakawa/stable-deep-world-model/logdir/atari_frostbite_vta_20260107_202443/train_eps/20260108T163622-6a2855e80f96423f8e6321ab3a435bdc-1194.npz,668,75.64725494384766,2241.388671875,0.0013212942285463214
/home/haselab/murakawa/stable-deep-world-model/logdir/atari_frostbite_vta_20260107_202443,atari_frostbite,/home/haselab/murakawa/stable-deep-world-model/logdir/atari_frostbite_vta_20260107_202443/latest.pt,/home/haselab/murakawa/stable-deep-world-model/logdir/atari_frostbite_vta_20260107_202443/train_eps/20260108T163622-6a2855e80f96423f8e6321ab3a435bdc-1194.npz,669,75.35591125488281,2222.66552734375,0.0003072495455853641
/home/haselab/murakawa/stable-deep-world-model/logdir/atari_frostbite_vta_20260107_202443,atari_frostbite,/home/haselab/murakawa/stable-deep-world-model/logdir/atari_frostbite_vta_20260107_202443/latest.pt,/home/haselab/murakawa/stable-deep-world-model/logdir/atari_frostbite_vta_20260107_202443/train_eps/20260108T163622-6a2855e80f96423f8e6321ab3a435bdc-1194.npz,670,75.52310943603516,2204.857666015625,3.4570753086882178e-06
/home/haselab/murakawa/stable-deep-world-model/logdir/atari_frostbite_vta_20260107_202443,atari_frostbite,/home/haselab/murakawa/stable-deep-world-model/logdir/atari_frostbite_vta_20260107_202443/latest.pt,/home/haselab/murakawa/stable-deep-world-model/logdir/atari_frostbite_vta_20260107_202443/train_eps/20260108T163622-6a2855e80f96423f8e6321ab3a435bdc-1194.npz,671,75.91946411132812,2199.245849609375,7.152560215217818e-07
/home/haselab/murakawa/stable-deep-world-model/logdir/atari_frostbite_vta_20260107_202443,atari_frostbite,/home/haselab/murakawa/stable-deep-world-model/logdir/atari_frostbite_vta_20260107_202443/latest.pt,/home/haselab/murakawa/stable-deep-world-model/logdir/atari_frostbite_vta_20260107_202443/train_eps/20260108T163622-6a2855e80f96423f8e6321ab3a435bdc-1194.npz,672,73.94986724853516,2159.537109375,1.1920930376163597e-07
/home/haselab/murakawa/stable-deep-world-model/logdir/atari_frostbite_vta_20260107_202443,atari_frostbite,/home/haselab/murakawa/stable-deep-world-model/logdir/atari_frostbite_vta_20260107_202443/latest.pt,/home/haselab/murakawa/stable-deep-world-model/logdir/atari_frostbite_vta_20260107_202443/train_eps/20260108T163622-6a2855e80f96423f8e6321ab3a435bdc-1194.npz,673,72.89546203613281,2136.134765625,-8.854099271502127e-21
/home/haselab/murakawa/stable-deep-world-model/logdir/atari_frostbite_vta_20260107_202443,atari_frostbite,/home/haselab/murakawa/stable-deep-world-model/logdir/atari_frostbite_vta_20260107_202443/latest.pt,/home/haselab/murakawa/stable-deep-world-model/logdir/atari_frostbite_vta_20260107_202443/train_eps/20260108T163622-6a2855e80f96423f8e6321ab3a435bdc-1194.npz,674,69.87908935546875,2039.578857421875,-9.523961884943968e-24
/home/haselab/murakawa/stable-deep-world-model/logdir/atari_frostbite_vta_20260107_202443,atari_frostbite,/home/haselab/murakawa/stable-deep-world-model/logdir/atari_frostbite_vta_20260107_202443/latest.pt,/home/haselab/murakawa/stable-deep-world-model/logdir/atari_frostbite_vta_20260107_202443/train_eps/20260108T163622-6a2855e80f96423f8e6321ab3a435bdc-1194.npz,675,70.58152770996094,2116.2412109375,-4.75044395034074e-25
/home/haselab/murakawa/stable-deep-world-model/logdir/atari_frostbite_vta_20260107_202443,atari_frostbite,/home/haselab/murakawa/stable-deep-world-model/logdir/atari_frostbite_vta_20260107_202443/latest.pt,/home/haselab/murakawa/stable-deep-world-model/logdir/atari_frostbite_vta_20260107_202443/train_eps/20260108T163622-6a2855e80f96423f8e6321ab3a435bdc-1194.npz,676,70.09375,2151.27392578125,-3.5812320833379936e-24
/home/haselab/murakawa/stable-deep-world-model/logdir/atari_frostbite_vta_20260107_202443,atari_frostbite,/home/haselab/murakawa/stable-deep-world-model/logdir/atari_frostbite_vta_20260107_202443/latest.pt,/home/haselab/murakawa/stable-deep-world-model/logdir/atari_frostbite_vta_20260107_202443/train_eps/20260108T163622-6a2855e80f96423f8e6321ab3a435bdc-1194.npz,677,70.52879333496094,2175.677734375,-1.3207903437260684e-21
/home/haselab/murakawa/stable-deep-world-model/logdir/atari_frostbite_vta_20260107_202443,atari_frostbite,/home/haselab/murakawa/stable-deep-world-model/logdir/atari_frostbite_vta_20260107_202443/latest.pt,/home/haselab/murakawa/stable-deep-world-model/logdir/atari_frostbite_vta_20260107_202443/train_eps/20260108T163622-6a2855e80f96423f8e6321ab3a435bdc-1194.npz,678,68.07047271728516,2067.1796875,-6.579206925645309e-19
/home/haselab/murakawa/stable-deep-world-model/logdir/atari_frostbite_vta_20260107_202443,atari_frostbite,/home/haselab/murakawa/stable-deep-world-model/logdir/atari_frostbite_vta_20260107_202443/latest.pt,/home/haselab/murakawa/stable-deep-world-model/logdir/atari_frostbite_vta_20260107_202443/train_eps/20260108T163622-6a2855e80f96423f8e6321ab3a435bdc-1194.npz,679,67.41220092773438,2014.5614013671875,-5.9561524645865595e-18
/home/haselab/murakawa/stable-deep-world-model/logdir/atari_frostbite_vta_20260107_202443,atari_frostbite,/home/haselab/murakawa/stable-deep-world-model/logdir/atari_frostbite_vta_20260107_202443/latest.pt,/home/haselab/murakawa/stable-deep-world-model/logdir/atari_frostbite_vta_20260107_202443/train_eps/20260108T163622-6a2855e80f96423f8e6321ab3a435bdc-1194.npz,680,66.4841079711914,1932.9605712890625,-8.979446731860204e-19
/home/haselab/murakawa/stable-deep-world-model/logdir/atari_frostbite_vta_20260107_202443,atari_frostbite,/home/haselab/murakawa/stable-deep-world-model/logdir/atari_frostbite_vta_20260107_202443/latest.pt,/home/haselab/murakawa/stable-deep-world-model/logdir/atari_frostbite_vta_20260107_202443/train_eps/20260108T163622-6a2855e80f96423f8e6321ab3a435bdc-1194.npz,681,66.7412338256836,1919.664794921875,-5.113554614207524e-21
/home/haselab/murakawa/stable-deep-world-model/logdir/atari_frostbite_vta_20260107_202443,atari_frostbite,/home/haselab/murakawa/stable-deep-world-model/logdir/atari_frostbite_vta_20260107_202443/latest.pt,/home/haselab/murakawa/stable-deep-world-model/logdir/atari_frostbite_vta_20260107_202443/train_eps/20260108T163622-6a2855e80f96423f8e6321ab3a435bdc-1194.npz,682,66.20649719238281,1845.4310302734375,-4.255103100987654e-22
/home/haselab/murakawa/stable-deep-world-model/logdir/atari_frostbite_vta_20260107_202443,atari_frostbite,/home/haselab/murakawa/stable-deep-world-model/logdir/atari_frostbite_vta_20260107_202443/latest.pt,/home/haselab/murakawa/stable-deep-world-model/logdir/atari_frostbite_vta_20260107_202443/train_eps/20260108T163622-6a2855e80f96423f8e6321ab3a435bdc-1194.npz,683,66.84300231933594,1848.53271484375,-2.852728977013795e-23
/home/haselab/murakawa/stable-deep-world-model/logdir/atari_frostbite_vta_20260107_202443,atari_frostbite,/home/haselab/murakawa/stable-deep-world-model/logdir/atari_frostbite_vta_20260107_202443/latest.pt,/home/haselab/murakawa/stable-deep-world-model/logdir/atari_frostbite_vta_20260107_202443/train_eps/20260108T163622-6a2855e80f96423f8e6321ab3a435bdc-1194.npz,684,67.74971771240234,1828.820068359375,-5.50508988734244e-24
/home/haselab/murakawa/stable-deep-world-model/logdir/atari_frostbite_vta_20260107_202443,atari_frostbite,/home/haselab/murakawa/stable-deep-world-model/logdir/atari_frostbite_vta_20260107_202443/latest.pt,/home/haselab/murakawa/stable-deep-world-model/logdir/atari_frostbite_vta_20260107_202443/train_eps/20260108T163622-6a2855e80f96423f8e6321ab3a435bdc-1194.npz,685,68.62340545654297,1833.8482666015625,-2.018223219031634e-25
/home/haselab/murakawa/stable-deep-world-model/logdir/atari_frostbite_vta_20260107_202443,atari_frostbite,/home/haselab/murakawa/stable-deep-world-model/logdir/atari_frostbite_vta_20260107_202443/latest.pt,/home/haselab/murakawa/stable-deep-world-model/logdir/atari_frostbite_vta_20260107_202443/train_eps/20260108T163622-6a2855e80f96423f8e6321ab3a435bdc-1194.npz,686,70.21694946289062,1873.2928466796875,-1.2790403814016933e-20
/home/haselab/murakawa/stable-deep-world-model/logdir/atari_frostbite_vta_20260107_202443,atari_frostbite,/home/haselab/murakawa/stable-deep-world-model/logdir/atari_frostbite_vta_20260107_202443/latest.pt,/home/haselab/murakawa/stable-deep-world-model/logdir/atari_frostbite_vta_20260107_202443/train_eps/20260108T163622-6a2855e80f96423f8e6321ab3a435bdc-1194.npz,687,70.13964080810547,1861.2369384765625,-1.0524667639172783e-24
/home/haselab/murakawa/stable-deep-world-model/logdir/atari_frostbite_vta_20260107_202443,atari_frostbite,/home/haselab/murakawa/stable-deep-world-model/logdir/atari_frostbite_vta_20260107_202443/latest.pt,/home/haselab/murakawa/stable-deep-world-model/logdir/atari_frostbite_vta_20260107_202443/train_eps/20260108T163622-6a2855e80f96423f8e6321ab3a435bdc-1194.npz,688,73.01043701171875,1958.5455322265625,-7.108601532928402e-24
/home/haselab/murakawa/stable-deep-world-model/logdir/atari_frostbite_vta_20260107_202443,atari_frostbite,/home/haselab/murakawa/stable-deep-world-model/logdir/atari_frostbite_vta_20260107_202443/latest.pt,/home/haselab/murakawa/stable-deep-world-model/logdir/atari_frostbite_vta_20260107_202443/train_eps/20260108T163622-6a2855e80f96423f8e6321ab3a435bdc-1194.npz,689,73.72515106201172,1979.033935546875,-1.5480925103862845e-23
/home/haselab/murakawa/stable-deep-world-model/logdir/atari_frostbite_vta_20260107_202443,atari_frostbite,/home/haselab/murakawa/stable-deep-world-model/logdir/atari_frostbite_vta_20260107_202443/latest.pt,/home/haselab/murakawa/stable-deep-world-model/logdir/atari_frostbite_vta_20260107_202443/train_eps/20260108T163622-6a2855e80f96423f8e6321ab3a435bdc-1194.npz,690,75.4583740234375,2046.51416015625,-1.0404568102303089e-23
/home/haselab/murakawa/stable-deep-world-model/logdir/atari_frostbite_vta_20260107_202443,atari_frostbite,/home/haselab/murakawa/stable-deep-world-model/logdir/atari_frostbite_vta_20260107_202443/latest.pt,/home/haselab/murakawa/stable-deep-world-model/logdir/atari_frostbite_vta_20260107_202443/train_eps/20260108T163622-6a2855e80f96423f8e6321ab3a435bdc-1194.npz,691,75.56147003173828,2052.011962890625,-2.3865877351813745e-25
/home/haselab/murakawa/stable-deep-world-model/logdir/atari_frostbite_vta_20260107_202443,atari_frostbite,/home/haselab/murakawa/stable-deep-world-model/logdir/atari_frostbite_vta_20260107_202443/latest.pt,/home/haselab/murakawa/stable-deep-world-model/logdir/atari_frostbite_vta_20260107_202443/train_eps/20260108T163622-6a2855e80f96423f8e6321ab3a435bdc-1194.npz,692,76.0025863647461,2086.700439453125,-7.409883881496089e-26
/home/haselab/murakawa/stable-deep-world-model/logdir/atari_frostbite_vta_20260107_202443,atari_frostbite,/home/haselab/murakawa/stable-deep-world-model/logdir/atari_frostbite_vta_20260107_202443/latest.pt,/home/haselab/murakawa/stable-deep-world-model/logdir/atari_frostbite_vta_20260107_202443/train_eps/20260108T163622-6a2855e80f96423f8e6321ab3a435bdc-1194.npz,693,76.55804443359375,2106.282958984375,-1.6436821376981665e-26
/home/haselab/murakawa/stable-deep-world-model/logdir/atari_frostbite_vta_20260107_202443,atari_frostbite,/home/haselab/murakawa/stable-deep-world-model/logdir/atari_frostbite_vta_20260107_202443/latest.pt,/home/haselab/murakawa/stable-deep-world-model/logdir/atari_frostbite_vta_20260107_202443/train_eps/20260108T163622-6a2855e80f96423f8e6321ab3a435bdc-1194.npz,694,77.41958618164062,2151.049560546875,-5.041923586662433e-27
/home/haselab/murakawa/stable-deep-world-model/logdir/atari_frostbite_vta_20260107_202443,atari_frostbite,/home/haselab/murakawa/stable-deep-world-model/logdir/atari_frostbite_vta_20260107_202443/latest.pt,/home/haselab/murakawa/stable-deep-world-model/logdir/atari_frostbite_vta_20260107_202443/train_eps/20260108T163622-6a2855e80f96423f8e6321ab3a435bdc-1194.npz,695,77.51470947265625,2148.78173828125,-6.066310027752957e-28
/home/haselab/murakawa/stable-deep-world-model/logdir/atari_frostbite_vta_20260107_202443,atari_frostbite,/home/haselab/murakawa/stable-deep-world-model/logdir/atari_frostbite_vta_20260107_202443/latest.pt,/home/haselab/murakawa/stable-deep-world-model/logdir/atari_frostbite_vta_20260107_202443/train_eps/20260108T163622-6a2855e80f96423f8e6321ab3a435bdc-1194.npz,696,77.85831451416016,2185.47998046875,-1.048474907554919e-29
/home/haselab/murakawa/stable-deep-world-model/logdir/atari_frostbite_vta_20260107_202443,atari_frostbite,/home/haselab/murakawa/stable-deep-world-model/logdir/atari_frostbite_vta_20260107_202443/latest.pt,/home/haselab/murakawa/stable-deep-world-model/logdir/atari_frostbite_vta_20260107_202443/train_eps/20260108T163622-6a2855e80f96423f8e6321ab3a435bdc-1194.npz,697,77.23111724853516,2181.737548828125,-2.3992332467514753e-30
/home/haselab/murakawa/stable-deep-world-model/logdir/atari_frostbite_vta_20260107_202443,atari_frostbite,/home/haselab/murakawa/stable-deep-world-model/logdir/atari_frostbite_vta_20260107_202443/latest.pt,/home/haselab/murakawa/stable-deep-world-model/logdir/atari_frostbite_vta_20260107_202443/train_eps/20260108T163622-6a2855e80f96423f8e6321ab3a435bdc-1194.npz,698,76.20204162597656,2179.430419921875,-1.975406501613346e-31
/home/haselab/murakawa/stable-deep-world-model/logdir/atari_frostbite_vta_20260107_202443,atari_frostbite,/home/haselab/murakawa/stable-deep-world-model/logdir/atari_frostbite_vta_20260107_202443/latest.pt,/home/haselab/murakawa/stable-deep-world-model/logdir/atari_frostbite_vta_20260107_202443/train_eps/20260108T163622-6a2855e80f96423f8e6321ab3a435bdc-1194.npz,699,74.65508270263672,2133.703857421875,-3.9696138598737435e-31
/home/haselab/murakawa/stable-deep-world-model/logdir/atari_frostbite_vta_20260107_202443,atari_frostbite,/home/haselab/murakawa/stable-deep-world-model/logdir/atari_frostbite_vta_20260107_202443/latest.pt,/home/haselab/murakawa/stable-deep-world-model/logdir/atari_frostbite_vta_20260107_202443/train_eps/20260108T163622-6a2855e80f96423f8e6321ab3a435bdc-1194.npz,700,74.63412475585938,2127.1591796875,-2.586416785458901e-29
/home/haselab/murakawa/stable-deep-world-model/logdir/atari_frostbite_vta_20260107_202443,atari_frostbite,/home/haselab/murakawa/stable-deep-world-model/logdir/atari_frostbite_vta_20260107_202443/latest.pt,/home/haselab/murakawa/stable-deep-world-model/logdir/atari_frostbite_vta_20260107_202443/train_eps/20260108T163622-6a2855e80f96423f8e6321ab3a435bdc-1194.npz,701,74.80108642578125,2137.072265625,-3.891222044977858e-28
/home/haselab/murakawa/stable-deep-world-model/logdir/atari_frostbite_vta_20260107_202443,atari_frostbite,/home/haselab/murakawa/stable-deep-world-model/logdir/atari_frostbite_vta_20260107_202443/latest.pt,/home/haselab/murakawa/stable-deep-world-model/logdir/atari_frostbite_vta_20260107_202443/train_eps/20260108T163622-6a2855e80f96423f8e6321ab3a435bdc-1194.npz,702,74.56983184814453,2125.648193359375,-3.966855239823889e-28
/home/haselab/murakawa/stable-deep-world-model/logdir/atari_frostbite_vta_20260107_202443,atari_frostbite,/home/haselab/murakawa/stable-deep-world-model/logdir/atari_frostbite_vta_20260107_202443/latest.pt,/home/haselab/murakawa/stable-deep-world-model/logdir/atari_frostbite_vta_20260107_202443/train_eps/20260108T163622-6a2855e80f96423f8e6321ab3a435bdc-1194.npz,703,74.56159210205078,2120.35791015625,-3.133444686094284e-28
/home/haselab/murakawa/stable-deep-world-model/logdir/atari_frostbite_vta_20260107_202443,atari_frostbite,/home/haselab/murakawa/stable-deep-world-model/logdir/atari_frostbite_vta_20260107_202443/latest.pt,/home/haselab/murakawa/stable-deep-world-model/logdir/atari_frostbite_vta_20260107_202443/train_eps/20260108T163622-6a2855e80f96423f8e6321ab3a435bdc-1194.npz,704,74.48886108398438,2125.255615234375,-5.84218763419467e-28
/home/haselab/murakawa/stable-deep-world-model/logdir/atari_frostbite_vta_20260107_202443,atari_frostbite,/home/haselab/murakawa/stable-deep-world-model/logdir/atari_frostbite_vta_20260107_202443/latest.pt,/home/haselab/murakawa/stable-deep-world-model/logdir/atari_frostbite_vta_20260107_202443/train_eps/20260108T163622-6a2855e80f96423f8e6321ab3a435bdc-1194.npz,705,74.42686462402344,2110.929931640625,-1.1313909162076844e-27
/home/haselab/murakawa/stable-deep-world-model/logdir/atari_frostbite_vta_20260107_202443,atari_frostbite,/home/haselab/murakawa/stable-deep-world-model/logdir/atari_frostbite_vta_20260107_202443/latest.pt,/home/haselab/murakawa/stable-deep-world-model/logdir/atari_frostbite_vta_20260107_202443/train_eps/20260108T163622-6a2855e80f96423f8e6321ab3a435bdc-1194.npz,706,73.42939758300781,2076.06298828125,-3.191162880597625e-28
/home/haselab/murakawa/stable-deep-world-model/logdir/atari_frostbite_vta_20260107_202443,atari_frostbite,/home/haselab/murakawa/stable-deep-world-model/logdir/atari_frostbite_vta_20260107_202443/latest.pt,/home/haselab/murakawa/stable-deep-world-model/logdir/atari_frostbite_vta_20260107_202443/train_eps/20260108T163622-6a2855e80f96423f8e6321ab3a435bdc-1194.npz,707,72.466552734375,2046.5792236328125,-1.4249057693684588e-28
/home/haselab/murakawa/stable-deep-world-model/logdir/atari_frostbite_vta_20260107_202443,atari_frostbite,/home/haselab/murakawa/stable-deep-world-model/logdir/atari_frostbite_vta_20260107_202443/latest.pt,/home/haselab/murakawa/stable-deep-world-model/logdir/atari_frostbite_vta_20260107_202443/train_eps/20260108T163622-6a2855e80f96423f8e6321ab3a435bdc-1194.npz,708,69.3910903930664,1931.6201171875,-4.215960315138281e-28
/home/haselab/murakawa/stable-deep-world-model/logdir/atari_frostbite_vta_20260107_202443,atari_frostbite,/home/haselab/murakawa/stable-deep-world-model/logdir/atari_frostbite_vta_20260107_202443/latest.pt,/home/haselab/murakawa/stable-deep-world-model/logdir/atari_frostbite_vta_20260107_202443/train_eps/20260108T163622-6a2855e80f96423f8e6321ab3a435bdc-1194.npz,709,69.2174301147461,1965.5648193359375,-3.8361373189322235e-28
/home/haselab/murakawa/stable-deep-world-model/logdir/atari_frostbite_vta_20260107_202443,atari_frostbite,/home/haselab/murakawa/stable-deep-world-model/logdir/atari_frostbite_vta_20260107_202443/latest.pt,/home/haselab/murakawa/stable-deep-world-model/logdir/atari_frostbite_vta_20260107_202443/train_eps/20260108T163622-6a2855e80f96423f8e6321ab3a435bdc-1194.npz,710,69.34912109375,1979.56689453125,-1.5877571380474455e-26
/home/haselab/murakawa/stable-deep-world-model/logdir/atari_frostbite_vta_20260107_202443,atari_frostbite,/home/haselab/murakawa/stable-deep-world-model/logdir/atari_frostbite_vta_20260107_202443/latest.pt,/home/haselab/murakawa/stable-deep-world-model/logdir/atari_frostbite_vta_20260107_202443/train_eps/20260108T163622-6a2855e80f96423f8e6321ab3a435bdc-1194.npz,711,72.33472442626953,2133.829833984375,-3.039385024001348e-24
/home/haselab/murakawa/stable-deep-world-model/logdir/atari_frostbite_vta_20260107_202443,atari_frostbite,/home/haselab/murakawa/stable-deep-world-model/logdir/atari_frostbite_vta_20260107_202443/latest.pt,/home/haselab/murakawa/stable-deep-world-model/logdir/atari_frostbite_vta_20260107_202443/train_eps/20260108T163622-6a2855e80f96423f8e6321ab3a435bdc-1194.npz,712,71.73002624511719,2079.589111328125,-1.5182365705924754e-24
/home/haselab/murakawa/stable-deep-world-model/logdir/atari_frostbite_vta_20260107_202443,atari_frostbite,/home/haselab/murakawa/stable-deep-world-model/logdir/atari_frostbite_vta_20260107_202443/latest.pt,/home/haselab/murakawa/stable-deep-world-model/logdir/atari_frostbite_vta_20260107_202443/train_eps/20260108T163622-6a2855e80f96423f8e6321ab3a435bdc-1194.npz,713,68.64586639404297,1941.2469482421875,-6.357765301060853e-24
/home/haselab/murakawa/stable-deep-world-model/logdir/atari_frostbite_vta_20260107_202443,atari_frostbite,/home/haselab/murakawa/stable-deep-world-model/logdir/atari_frostbite_vta_20260107_202443/latest.pt,/home/haselab/murakawa/stable-deep-world-model/logdir/atari_frostbite_vta_20260107_202443/train_eps/20260108T163622-6a2855e80f96423f8e6321ab3a435bdc-1194.npz,714,65.95745086669922,1802.92578125,-7.090892567030418e-26
/home/haselab/murakawa/stable-deep-world-model/logdir/atari_frostbite_vta_20260107_202443,atari_frostbite,/home/haselab/murakawa/stable-deep-world-model/logdir/atari_frostbite_vta_20260107_202443/latest.pt,/home/haselab/murakawa/stable-deep-world-model/logdir/atari_frostbite_vta_20260107_202443/train_eps/20260108T163622-6a2855e80f96423f8e6321ab3a435bdc-1194.npz,715,64.85090637207031,1733.8345947265625,-4.668351041631302e-24
/home/haselab/murakawa/stable-deep-world-model/logdir/atari_frostbite_vta_20260107_202443,atari_frostbite,/home/haselab/murakawa/stable-deep-world-model/logdir/atari_frostbite_vta_20260107_202443/latest.pt,/home/haselab/murakawa/stable-deep-world-model/logdir/atari_frostbite_vta_20260107_202443/train_eps/20260108T163622-6a2855e80f96423f8e6321ab3a435bdc-1194.npz,716,64.78221130371094,1710.9884033203125,-7.115679192970045e-24
/home/haselab/murakawa/stable-deep-world-model/logdir/atari_frostbite_vta_20260107_202443,atari_frostbite,/home/haselab/murakawa/stable-deep-world-model/logdir/atari_frostbite_vta_20260107_202443/latest.pt,/home/haselab/murakawa/stable-deep-world-model/logdir/atari_frostbite_vta_20260107_202443/train_eps/20260108T163622-6a2855e80f96423f8e6321ab3a435bdc-1194.npz,717,61.03263854980469,1200.8929443359375,0.0
/home/haselab/murakawa/stable-deep-world-model/logdir/atari_frostbite_vta_20260107_202443,atari_frostbite,/home/haselab/murakawa/stable-deep-world-model/logdir/atari_frostbite_vta_20260107_202443/latest.pt,/home/haselab/murakawa/stable-deep-world-model/logdir/atari_frostbite_vta_20260107_202443/train_eps/20260108T163622-6a2855e80f96423f8e6321ab3a435bdc-1194.npz,718,61.64111328125,1225.71826171875,0.0006430427893064916
/home/haselab/murakawa/stable-deep-world-model/logdir/atari_frostbite_vta_20260107_202443,atari_frostbite,/home/haselab/murakawa/stable-deep-world-model/logdir/atari_frostbite_vta_20260107_202443/latest.pt,/home/haselab/murakawa/stable-deep-world-model/logdir/atari_frostbite_vta_20260107_202443/train_eps/20260108T163622-6a2855e80f96423f8e6321ab3a435bdc-1194.npz,719,61.223785400390625,1211.5517578125,0.0011823608074337244
/home/haselab/murakawa/stable-deep-world-model/logdir/atari_frostbite_vta_20260107_202443,atari_frostbite,/home/haselab/murakawa/stable-deep-world-model/logdir/atari_frostbite_vta_20260107_202443/latest.pt,/home/haselab/murakawa/stable-deep-world-model/logdir/atari_frostbite_vta_20260107_202443/train_eps/20260108T163622-6a2855e80f96423f8e6321ab3a435bdc-1194.npz,720,64.04083251953125,1276.625732421875,0.00025281525449827313
/home/haselab/murakawa/stable-deep-world-model/logdir/atari_frostbite_vta_20260107_202443,atari_frostbite,/home/haselab/murakawa/stable-deep-world-model/logdir/atari_frostbite_vta_20260107_202443/latest.pt,/home/haselab/murakawa/stable-deep-world-model/logdir/atari_frostbite_vta_20260107_202443/train_eps/20260108T163622-6a2855e80f96423f8e6321ab3a435bdc-1194.npz,721,65.07748413085938,1296.857177734375,0.007507180329412222
/home/haselab/murakawa/stable-deep-world-model/logdir/atari_frostbite_vta_20260107_202443,atari_frostbite,/home/haselab/murakawa/stable-deep-world-model/logdir/atari_frostbite_vta_20260107_202443/latest.pt,/home/haselab/murakawa/stable-deep-world-model/logdir/atari_frostbite_vta_20260107_202443/train_eps/20260108T163622-6a2855e80f96423f8e6321ab3a435bdc-1194.npz,722,68.91799926757812,1395.82275390625,0.0025728035252541304
/home/haselab/murakawa/stable-deep-world-model/logdir/atari_frostbite_vta_20260107_202443,atari_frostbite,/home/haselab/murakawa/stable-deep-world-model/logdir/atari_frostbite_vta_20260107_202443/latest.pt,/home/haselab/murakawa/stable-deep-world-model/logdir/atari_frostbite_vta_20260107_202443/train_eps/20260108T163622-6a2855e80f96423f8e6321ab3a435bdc-1194.npz,723,69.15635681152344,1398.7259521484375,0.012941533699631691
/home/haselab/murakawa/stable-deep-world-model/logdir/atari_frostbite_vta_20260107_202443,atari_frostbite,/home/haselab/murakawa/stable-deep-world-model/logdir/atari_frostbite_vta_20260107_202443/latest.pt,/home/haselab/murakawa/stable-deep-world-model/logdir/atari_frostbite_vta_20260107_202443/train_eps/20260108T163622-6a2855e80f96423f8e6321ab3a435bdc-1194.npz,724,72.35903930664062,1482.39306640625,0.0010186255676671863
/home/haselab/murakawa/stable-deep-world-model/logdir/atari_frostbite_vta_20260107_202443,atari_frostbite,/home/haselab/murakawa/stable-deep-world-model/logdir/atari_frostbite_vta_20260107_202443/latest.pt,/home/haselab/murakawa/stable-deep-world-model/logdir/atari_frostbite_vta_20260107_202443/train_eps/20260108T163622-6a2855e80f96423f8e6321ab3a435bdc-1194.npz,725,72.69756317138672,1507.376953125,3.933984044124372e-05
/home/haselab/murakawa/stable-deep-world-model/logdir/atari_frostbite_vta_20260107_202443,atari_frostbite,/home/haselab/murakawa/stable-deep-world-model/logdir/atari_frostbite_vta_20260107_202443/latest.pt,/home/haselab/murakawa/stable-deep-world-model/logdir/atari_frostbite_vta_20260107_202443/train_eps/20260108T163622-6a2855e80f96423f8e6321ab3a435bdc-1194.npz,726,76.08342742919922,1619.811767578125,1.180178969661938e-05
/home/haselab/murakawa/stable-deep-world-model/logdir/atari_frostbite_vta_20260107_202443,atari_frostbite,/home/haselab/murakawa/stable-deep-world-model/logdir/atari_frostbite_vta_20260107_202443/latest.pt,/home/haselab/murakawa/stable-deep-world-model/logdir/atari_frostbite_vta_20260107_202443/train_eps/20260108T163622-6a2855e80f96423f8e6321ab3a435bdc-1194.npz,727,79.23401641845703,1611.151611328125,1.0132840543519706e-05
/home/haselab/murakawa/stable-deep-world-model/logdir/atari_frostbite_vta_20260107_202443,atari_frostbite,/home/haselab/murakawa/stable-deep-world-model/logdir/atari_frostbite_vta_20260107_202443/latest.pt,/home/haselab/murakawa/stable-deep-world-model/logdir/atari_frostbite_vta_20260107_202443/train_eps/20260108T163622-6a2855e80f96423f8e6321ab3a435bdc-1194.npz,728,78.94686889648438,1720.71826171875,1.3113019576849183e-06
/home/haselab/murakawa/stable-deep-world-model/logdir/atari_frostbite_vta_20260107_202443,atari_frostbite,/home/haselab/murakawa/stable-deep-world-model/logdir/atari_frostbite_vta_20260107_202443/latest.pt,/home/haselab/murakawa/stable-deep-world-model/logdir/atari_frostbite_vta_20260107_202443/train_eps/20260108T163622-6a2855e80f96423f8e6321ab3a435bdc-1194.npz,729,80.55760192871094,1751.2825927734375,-2.558770320734878e-14
/home/haselab/murakawa/stable-deep-world-model/logdir/atari_frostbite_vta_20260107_202443,atari_frostbite,/home/haselab/murakawa/stable-deep-world-model/logdir/atari_frostbite_vta_20260107_202443/latest.pt,/home/haselab/murakawa/stable-deep-world-model/logdir/atari_frostbite_vta_20260107_202443/train_eps/20260108T163622-6a2855e80f96423f8e6321ab3a435bdc-1194.npz,730,77.82242584228516,1666.321044921875,-3.666844253366261e-14
/home/haselab/murakawa/stable-deep-world-model/logdir/atari_frostbite_vta_20260107_202443,atari_frostbite,/home/haselab/murakawa/stable-deep-world-model/logdir/atari_frostbite_vta_20260107_202443/latest.pt,/home/haselab/murakawa/stable-deep-world-model/logdir/atari_frostbite_vta_20260107_202443/train_eps/20260108T163622-6a2855e80f96423f8e6321ab3a435bdc-1194.npz,731,79.168212890625,1699.3421630859375,-1.8393633123898677e-17
/home/haselab/murakawa/stable-deep-world-model/logdir/atari_frostbite_vta_20260107_202443,atari_frostbite,/home/haselab/murakawa/stable-deep-world-model/logdir/atari_frostbite_vta_20260107_202443/latest.pt,/home/haselab/murakawa/stable-deep-world-model/logdir/atari_frostbite_vta_20260107_202443/train_eps/20260108T163622-6a2855e80f96423f8e6321ab3a435bdc-1194.npz,732,78.08422088623047,1672.805908203125,-7.375603081123987e-18
/home/haselab/murakawa/stable-deep-world-model/logdir/atari_frostbite_vta_20260107_202443,atari_frostbite,/home/haselab/murakawa/stable-deep-world-model/logdir/atari_frostbite_vta_20260107_202443/latest.pt,/home/haselab/murakawa/stable-deep-world-model/logdir/atari_frostbite_vta_20260107_202443/train_eps/20260108T163622-6a2855e80f96423f8e6321ab3a435bdc-1194.npz,733,78.24017333984375,1664.9173583984375,-3.2262866643408417e-19
/home/haselab/murakawa/stable-deep-world-model/logdir/atari_frostbite_vta_20260107_202443,atari_frostbite,/home/haselab/murakawa/stable-deep-world-model/logdir/atari_frostbite_vta_20260107_202443/latest.pt,/home/haselab/murakawa/stable-deep-world-model/logdir/atari_frostbite_vta_20260107_202443/train_eps/20260108T163622-6a2855e80f96423f8e6321ab3a435bdc-1194.npz,734,76.53194427490234,1590.1929931640625,-9.580333759013317e-22
/home/haselab/murakawa/stable-deep-world-model/logdir/atari_frostbite_vta_20260107_202443,atari_frostbite,/home/haselab/murakawa/stable-deep-world-model/logdir/atari_frostbite_vta_20260107_202443/latest.pt,/home/haselab/murakawa/stable-deep-world-model/logdir/atari_frostbite_vta_20260107_202443/train_eps/20260108T163622-6a2855e80f96423f8e6321ab3a435bdc-1194.npz,735,76.2383041381836,1559.9659423828125,-4.278413599949024e-21
/home/haselab/murakawa/stable-deep-world-model/logdir/atari_frostbite_vta_20260107_202443,atari_frostbite,/home/haselab/murakawa/stable-deep-world-model/logdir/atari_frostbite_vta_20260107_202443/latest.pt,/home/haselab/murakawa/stable-deep-world-model/logdir/atari_frostbite_vta_20260107_202443/train_eps/20260108T163622-6a2855e80f96423f8e6321ab3a435bdc-1194.npz,736,74.9061279296875,1497.141845703125,1.1920930376163597e-07
/home/haselab/murakawa/stable-deep-world-model/logdir/atari_frostbite_vta_20260107_202443,atari_frostbite,/home/haselab/murakawa/stable-deep-world-model/logdir/atari_frostbite_vta_20260107_202443/latest.pt,/home/haselab/murakawa/stable-deep-world-model/logdir/atari_frostbite_vta_20260107_202443/train_eps/20260108T163622-6a2855e80f96423f8e6321ab3a435bdc-1194.npz,737,74.3833236694336,1458.5390625,-5.876659249527254e-25
/home/haselab/murakawa/stable-deep-world-model/logdir/atari_frostbite_vta_20260107_202443,atari_frostbite,/home/haselab/murakawa/stable-deep-world-model/logdir/atari_frostbite_vta_20260107_202443/latest.pt,/home/haselab/murakawa/stable-deep-world-model/logdir/atari_frostbite_vta_20260107_202443/train_eps/20260108T163622-6a2855e80f96423f8e6321ab3a435bdc-1194.npz,738,72.54734802246094,1422.0367431640625,-7.135391813952367e-28
/home/haselab/murakawa/stable-deep-world-model/logdir/atari_frostbite_vta_20260107_202443,atari_frostbite,/home/haselab/murakawa/stable-deep-world-model/logdir/atari_frostbite_vta_20260107_202443/latest.pt,/home/haselab/murakawa/stable-deep-world-model/logdir/atari_frostbite_vta_20260107_202443/train_eps/20260108T163622-6a2855e80f96423f8e6321ab3a435bdc-1194.npz,739,70.10151672363281,1379.0362548828125,-1.1764327361135659e-27
/home/haselab/murakawa/stable-deep-world-model/logdir/atari_frostbite_vta_20260107_202443,atari_frostbite,/home/haselab/murakawa/stable-deep-world-model/logdir/atari_frostbite_vta_20260107_202443/latest.pt,/home/haselab/murakawa/stable-deep-world-model/logdir/atari_frostbite_vta_20260107_202443/train_eps/20260108T163622-6a2855e80f96423f8e6321ab3a435bdc-1194.npz,740,66.96484375,1307.251220703125,-2.1130122754760842e-27
/home/haselab/murakawa/stable-deep-world-model/logdir/atari_frostbite_vta_20260107_202443,atari_frostbite,/home/haselab/murakawa/stable-deep-world-model/logdir/atari_frostbite_vta_20260107_202443/latest.pt,/home/haselab/murakawa/stable-deep-world-model/logdir/atari_frostbite_vta_20260107_202443/train_eps/20260108T163622-6a2855e80f96423f8e6321ab3a435bdc-1194.npz,741,65.61121368408203,1261.198486328125,-5.191857618018968e-27
/home/haselab/murakawa/stable-deep-world-model/logdir/atari_frostbite_vta_20260107_202443,atari_frostbite,/home/haselab/murakawa/stable-deep-world-model/logdir/atari_frostbite_vta_20260107_202443/latest.pt,/home/haselab/murakawa/stable-deep-world-model/logdir/atari_frostbite_vta_20260107_202443/train_eps/20260108T163622-6a2855e80f96423f8e6321ab3a435bdc-1194.npz,742,66.70896911621094,1284.1322021484375,-1.3300174639761843e-27
/home/haselab/murakawa/stable-deep-world-model/logdir/atari_frostbite_vta_20260107_202443,atari_frostbite,/home/haselab/murakawa/stable-deep-world-model/logdir/atari_frostbite_vta_20260107_202443/latest.pt,/home/haselab/murakawa/stable-deep-world-model/logdir/atari_frostbite_vta_20260107_202443/train_eps/20260108T163622-6a2855e80f96423f8e6321ab3a435bdc-1194.npz,743,64.8203353881836,1238.9364013671875,-2.2896778292747254e-27
/home/haselab/murakawa/stable-deep-world-model/logdir/atari_frostbite_vta_20260107_202443,atari_frostbite,/home/haselab/murakawa/stable-deep-world-model/logdir/atari_frostbite_vta_20260107_202443/latest.pt,/home/haselab/murakawa/stable-deep-world-model/logdir/atari_frostbite_vta_20260107_202443/train_eps/20260108T163622-6a2855e80f96423f8e6321ab3a435bdc-1194.npz,744,63.41435241699219,1207.6448974609375,-8.332419295351774e-31
/home/haselab/murakawa/stable-deep-world-model/logdir/atari_frostbite_vta_20260107_202443,atari_frostbite,/home/haselab/murakawa/stable-deep-world-model/logdir/atari_frostbite_vta_20260107_202443/latest.pt,/home/haselab/murakawa/stable-deep-world-model/logdir/atari_frostbite_vta_20260107_202443/train_eps/20260108T163622-6a2855e80f96423f8e6321ab3a435bdc-1194.npz,745,63.68415069580078,1236.9622802734375,-1.4392247368897235e-31
/home/haselab/murakawa/stable-deep-world-model/logdir/atari_frostbite_vta_20260107_202443,atari_frostbite,/home/haselab/murakawa/stable-deep-world-model/logdir/atari_frostbite_vta_20260107_202443/latest.pt,/home/haselab/murakawa/stable-deep-world-model/logdir/atari_frostbite_vta_20260107_202443/train_eps/20260108T163622-6a2855e80f96423f8e6321ab3a435bdc-1194.npz,746,63.084434509277344,1210.1087646484375,-7.391628378394328e-32
/home/haselab/murakawa/stable-deep-world-model/logdir/atari_frostbite_vta_20260107_202443,atari_frostbite,/home/haselab/murakawa/stable-deep-world-model/logdir/atari_frostbite_vta_20260107_202443/latest.pt,/home/haselab/murakawa/stable-deep-world-model/logdir/atari_frostbite_vta_20260107_202443/train_eps/20260108T163622-6a2855e80f96423f8e6321ab3a435bdc-1194.npz,747,64.55461883544922,1239.28076171875,-1.936961761386652e-29
/home/haselab/murakawa/stable-deep-world-model/logdir/atari_frostbite_vta_20260107_202443,atari_frostbite,/home/haselab/murakawa/stable-deep-world-model/logdir/atari_frostbite_vta_20260107_202443/latest.pt,/home/haselab/murakawa/stable-deep-world-model/logdir/atari_frostbite_vta_20260107_202443/train_eps/20260108T163622-6a2855e80f96423f8e6321ab3a435bdc-1194.npz,748,63.12870788574219,1177.3577880859375,-2.3949066740203585e-26
/home/haselab/murakawa/stable-deep-world-model/logdir/atari_frostbite_vta_20260107_202443,atari_frostbite,/home/haselab/murakawa/stable-deep-world-model/logdir/atari_frostbite_vta_20260107_202443/latest.pt,/home/haselab/murakawa/stable-deep-world-model/logdir/atari_frostbite_vta_20260107_202443/train_eps/20260108T163622-6a2855e80f96423f8e6321ab3a435bdc-1194.npz,749,62.75498580932617,1127.1241455078125,-2.824466615134623e-23
/home/haselab/murakawa/stable-deep-world-model/logdir/atari_frostbite_vta_20260107_202443,atari_frostbite,/home/haselab/murakawa/stable-deep-world-model/logdir/atari_frostbite_vta_20260107_202443/latest.pt,/home/haselab/murakawa/stable-deep-world-model/logdir/atari_frostbite_vta_20260107_202443/train_eps/20260108T163622-6a2855e80f96423f8e6321ab3a435bdc-1194.npz,750,63.032100677490234,1109.52099609375,-1.1885884799239863e-23
/home/haselab/murakawa/stable-deep-world-model/logdir/atari_frostbite_vta_20260107_202443,atari_frostbite,/home/haselab/murakawa/stable-deep-world-model/logdir/atari_frostbite_vta_20260107_202443/latest.pt,/home/haselab/murakawa/stable-deep-world-model/logdir/atari_frostbite_vta_20260107_202443/train_eps/20260108T163622-6a2855e80f96423f8e6321ab3a435bdc-1194.npz,751,61.08639907836914,1052.07666015625,1.1920930376163597e-07
/home/haselab/murakawa/stable-deep-world-model/logdir/atari_frostbite_vta_20260107_202443,atari_frostbite,/home/haselab/murakawa/stable-deep-world-model/logdir/atari_frostbite_vta_20260107_202443/latest.pt,/home/haselab/murakawa/stable-deep-world-model/logdir/atari_frostbite_vta_20260107_202443/train_eps/20260108T163622-6a2855e80f96423f8e6321ab3a435bdc-1194.npz,752,60.77867889404297,1009.3851318359375,1.1920930376163597e-07
/home/haselab/murakawa/stable-deep-world-model/logdir/atari_frostbite_vta_20260107_202443,atari_frostbite,/home/haselab/murakawa/stable-deep-world-model/logdir/atari_frostbite_vta_20260107_202443/latest.pt,/home/haselab/murakawa/stable-deep-world-model/logdir/atari_frostbite_vta_20260107_202443/train_eps/20260108T163622-6a2855e80f96423f8e6321ab3a435bdc-1194.npz,753,60.824684143066406,988.3701782226562,2.2649790025752736e-06
/home/haselab/murakawa/stable-deep-world-model/logdir/atari_frostbite_vta_20260107_202443,atari_frostbite,/home/haselab/murakawa/stable-deep-world-model/logdir/atari_frostbite_vta_20260107_202443/latest.pt,/home/haselab/murakawa/stable-deep-world-model/logdir/atari_frostbite_vta_20260107_202443/train_eps/20260108T163622-6a2855e80f96423f8e6321ab3a435bdc-1194.npz,754,63.624244689941406,1056.911376953125,8.344653679159819e-07
/home/haselab/murakawa/stable-deep-world-model/logdir/atari_frostbite_vta_20260107_202443,atari_frostbite,/home/haselab/murakawa/stable-deep-world-model/logdir/atari_frostbite_vta_20260107_202443/latest.pt,/home/haselab/murakawa/stable-deep-world-model/logdir/atari_frostbite_vta_20260107_202443/train_eps/20260108T163622-6a2855e80f96423f8e6321ab3a435bdc-1194.npz,755,63.01039123535156,1035.2657470703125,3.695494797284482e-06
/home/haselab/murakawa/stable-deep-world-model/logdir/atari_frostbite_vta_20260107_202443,atari_frostbite,/home/haselab/murakawa/stable-deep-world-model/logdir/atari_frostbite_vta_20260107_202443/latest.pt,/home/haselab/murakawa/stable-deep-world-model/logdir/atari_frostbite_vta_20260107_202443/train_eps/20260108T163622-6a2855e80f96423f8e6321ab3a435bdc-1194.npz,756,63.558265686035156,1011.24560546875,9.536747711536009e-07
/home/haselab/murakawa/stable-deep-world-model/logdir/atari_frostbite_vta_20260107_202443,atari_frostbite,/home/haselab/murakawa/stable-deep-world-model/logdir/atari_frostbite_vta_20260107_202443/latest.pt,/home/haselab/murakawa/stable-deep-world-model/logdir/atari_frostbite_vta_20260107_202443/train_eps/20260108T163622-6a2855e80f96423f8e6321ab3a435bdc-1194.npz,757,65.03655242919922,1021.1578979492188,1.1920930376163597e-07
/home/haselab/murakawa/stable-deep-world-model/logdir/atari_frostbite_vta_20260107_202443,atari_frostbite,/home/haselab/murakawa/stable-deep-world-model/logdir/atari_frostbite_vta_20260107_202443/latest.pt,/home/haselab/murakawa/stable-deep-world-model/logdir/atari_frostbite_vta_20260107_202443/train_eps/20260108T163622-6a2855e80f96423f8e6321ab3a435bdc-1194.npz,758,67.74665832519531,1172.635986328125,1.1920930376163597e-07
/home/haselab/murakawa/stable-deep-world-model/logdir/atari_frostbite_vta_20260107_202443,atari_frostbite,/home/haselab/murakawa/stable-deep-world-model/logdir/atari_frostbite_vta_20260107_202443/latest.pt,/home/haselab/murakawa/stable-deep-world-model/logdir/atari_frostbite_vta_20260107_202443/train_eps/20260108T163622-6a2855e80f96423f8e6321ab3a435bdc-1194.npz,759,69.78607177734375,1273.587646484375,-1.028027561605204e-19
/home/haselab/murakawa/stable-deep-world-model/logdir/atari_frostbite_vta_20260107_202443,atari_frostbite,/home/haselab/murakawa/stable-deep-world-model/logdir/atari_frostbite_vta_20260107_202443/latest.pt,/home/haselab/murakawa/stable-deep-world-model/logdir/atari_frostbite_vta_20260107_202443/train_eps/20260108T163622-6a2855e80f96423f8e6321ab3a435bdc-1194.npz,760,70.95855712890625,1330.0223388671875,-4.0467945142899806e-19
/home/haselab/murakawa/stable-deep-world-model/logdir/atari_frostbite_vta_20260107_202443,atari_frostbite,/home/haselab/murakawa/stable-deep-world-model/logdir/atari_frostbite_vta_20260107_202443/latest.pt,/home/haselab/murakawa/stable-deep-world-model/logdir/atari_frostbite_vta_20260107_202443/train_eps/20260108T163622-6a2855e80f96423f8e6321ab3a435bdc-1194.npz,761,72.43348693847656,1351.8817138671875,-3.432447667217303e-20
/home/haselab/murakawa/stable-deep-world-model/logdir/atari_frostbite_vta_20260107_202443,atari_frostbite,/home/haselab/murakawa/stable-deep-world-model/logdir/atari_frostbite_vta_20260107_202443/latest.pt,/home/haselab/murakawa/stable-deep-world-model/logdir/atari_frostbite_vta_20260107_202443/train_eps/20260108T163622-6a2855e80f96423f8e6321ab3a435bdc-1194.npz,762,75.12721252441406,1455.783447265625,-1.0633794515281305e-19
/home/haselab/murakawa/stable-deep-world-model/logdir/atari_frostbite_vta_20260107_202443,atari_frostbite,/home/haselab/murakawa/stable-deep-world-model/logdir/atari_frostbite_vta_20260107_202443/latest.pt,/home/haselab/murakawa/stable-deep-world-model/logdir/atari_frostbite_vta_20260107_202443/train_eps/20260108T163622-6a2855e80f96423f8e6321ab3a435bdc-1194.npz,763,76.29749298095703,1485.533447265625,-4.2766064849604084e-20
/home/haselab/murakawa/stable-deep-world-model/logdir/atari_frostbite_vta_20260107_202443,atari_frostbite,/home/haselab/murakawa/stable-deep-world-model/logdir/atari_frostbite_vta_20260107_202443/latest.pt,/home/haselab/murakawa/stable-deep-world-model/logdir/atari_frostbite_vta_20260107_202443/train_eps/20260108T163622-6a2855e80f96423f8e6321ab3a435bdc-1194.npz,764,76.31356811523438,1444.909912109375,-2.9631829459345616e-22
/home/haselab/murakawa/stable-deep-world-model/logdir/atari_frostbite_vta_20260107_202443,atari_frostbite,/home/haselab/murakawa/stable-deep-world-model/logdir/atari_frostbite_vta_20260107_202443/latest.pt,/home/haselab/murakawa/stable-deep-world-model/logdir/atari_frostbite_vta_20260107_202443/train_eps/20260108T163622-6a2855e80f96423f8e6321ab3a435bdc-1194.npz,765,75.8576889038086,1399.3756103515625,-2.881912097341541e-23
/home/haselab/murakawa/stable-deep-world-model/logdir/atari_frostbite_vta_20260107_202443,atari_frostbite,/home/haselab/murakawa/stable-deep-world-model/logdir/atari_frostbite_vta_20260107_202443/latest.pt,/home/haselab/murakawa/stable-deep-world-model/logdir/atari_frostbite_vta_20260107_202443/train_eps/20260108T163622-6a2855e80f96423f8e6321ab3a435bdc-1194.npz,766,75.46183013916016,1286.998046875,-3.1330025002827725e-24
/home/haselab/murakawa/stable-deep-world-model/logdir/atari_frostbite_vta_20260107_202443,atari_frostbite,/home/haselab/murakawa/stable-deep-world-model/logdir/atari_frostbite_vta_20260107_202443/latest.pt,/home/haselab/murakawa/stable-deep-world-model/logdir/atari_frostbite_vta_20260107_202443/train_eps/20260108T163622-6a2855e80f96423f8e6321ab3a435bdc-1194.npz,767,67.64266204833984,1420.6007080078125,0.0
/home/haselab/murakawa/stable-deep-world-model/logdir/atari_frostbite_vta_20260107_202443,atari_frostbite,/home/haselab/murakawa/stable-deep-world-model/logdir/atari_frostbite_vta_20260107_202443/latest.pt,/home/haselab/murakawa/stable-deep-world-model/logdir/atari_frostbite_vta_20260107_202443/train_eps/20260108T163622-6a2855e80f96423f8e6321ab3a435bdc-1194.npz,768,65.2890853881836,1278.7509765625,0.0013984082033857703
/home/haselab/murakawa/stable-deep-world-model/logdir/atari_frostbite_vta_20260107_202443,atari_frostbite,/home/haselab/murakawa/stable-deep-world-model/logdir/atari_frostbite_vta_20260107_202443/latest.pt,/home/haselab/murakawa/stable-deep-world-model/logdir/atari_frostbite_vta_20260107_202443/train_eps/20260108T163622-6a2855e80f96423f8e6321ab3a435bdc-1194.npz,769,63.98686218261719,1256.5535888671875,0.0002873952907975763
/home/haselab/murakawa/stable-deep-world-model/logdir/atari_frostbite_vta_20260107_202443,atari_frostbite,/home/haselab/murakawa/stable-deep-world-model/logdir/atari_frostbite_vta_20260107_202443/latest.pt,/home/haselab/murakawa/stable-deep-world-model/logdir/atari_frostbite_vta_20260107_202443/train_eps/20260108T163622-6a2855e80f96423f8e6321ab3a435bdc-1194.npz,770,61.82476043701172,1189.2421875,5.602852525044e-06
/home/haselab/murakawa/stable-deep-world-model/logdir/atari_frostbite_vta_20260107_202443,atari_frostbite,/home/haselab/murakawa/stable-deep-world-model/logdir/atari_frostbite_vta_20260107_202443/latest.pt,/home/haselab/murakawa/stable-deep-world-model/logdir/atari_frostbite_vta_20260107_202443/train_eps/20260108T163622-6a2855e80f96423f8e6321ab3a435bdc-1194.npz,771,61.01700210571289,1139.4141845703125,2.3841860752327193e-07
/home/haselab/murakawa/stable-deep-world-model/logdir/atari_frostbite_vta_20260107_202443,atari_frostbite,/home/haselab/murakawa/stable-deep-world-model/logdir/atari_frostbite_vta_20260107_202443/latest.pt,/home/haselab/murakawa/stable-deep-world-model/logdir/atari_frostbite_vta_20260107_202443/train_eps/20260108T163622-6a2855e80f96423f8e6321ab3a435bdc-1194.npz,772,62.13987350463867,1225.85302734375,5.960466182841628e-07
/home/haselab/murakawa/stable-deep-world-model/logdir/atari_frostbite_vta_20260107_202443,atari_frostbite,/home/haselab/murakawa/stable-deep-world-model/logdir/atari_frostbite_vta_20260107_202443/latest.pt,/home/haselab/murakawa/stable-deep-world-model/logdir/atari_frostbite_vta_20260107_202443/train_eps/20260108T163622-6a2855e80f96423f8e6321ab3a435bdc-1194.npz,773,62.755653381347656,1257.695068359375,1.1920935776288388e-06
/home/haselab/murakawa/stable-deep-world-model/logdir/atari_frostbite_vta_20260107_202443,atari_frostbite,/home/haselab/murakawa/stable-deep-world-model/logdir/atari_frostbite_vta_20260107_202443/latest.pt,/home/haselab/murakawa/stable-deep-world-model/logdir/atari_frostbite_vta_20260107_202443/train_eps/20260108T163622-6a2855e80f96423f8e6321ab3a435bdc-1194.npz,774,62.19169616699219,1281.2987060546875,4.768372718899627e-07
/home/haselab/murakawa/stable-deep-world-model/logdir/atari_frostbite_vta_20260107_202443,atari_frostbite,/home/haselab/murakawa/stable-deep-world-model/logdir/atari_frostbite_vta_20260107_202443/latest.pt,/home/haselab/murakawa/stable-deep-world-model/logdir/atari_frostbite_vta_20260107_202443/train_eps/20260108T163622-6a2855e80f96423f8e6321ab3a435bdc-1194.npz,775,64.31722259521484,1410.1826171875,4.291543518775143e-06
/home/haselab/murakawa/stable-deep-world-model/logdir/atari_frostbite_vta_20260107_202443,atari_frostbite,/home/haselab/murakawa/stable-deep-world-model/logdir/atari_frostbite_vta_20260107_202443/latest.pt,/home/haselab/murakawa/stable-deep-world-model/logdir/atari_frostbite_vta_20260107_202443/train_eps/20260108T163622-6a2855e80f96423f8e6321ab3a435bdc-1194.npz,776,63.442047119140625,1430.7142333984375,3.099446303167497e-06
/home/haselab/murakawa/stable-deep-world-model/logdir/atari_frostbite_vta_20260107_202443,atari_frostbite,/home/haselab/murakawa/stable-deep-world-model/logdir/atari_frostbite_vta_20260107_202443/latest.pt,/home/haselab/murakawa/stable-deep-world-model/logdir/atari_frostbite_vta_20260107_202443/train_eps/20260108T163622-6a2855e80f96423f8e6321ab3a435bdc-1194.npz,777,64.10084533691406,1466.354736328125,5.960466182841628e-07
/home/haselab/murakawa/stable-deep-world-model/logdir/atari_frostbite_vta_20260107_202443,atari_frostbite,/home/haselab/murakawa/stable-deep-world-model/logdir/atari_frostbite_vta_20260107_202443/latest.pt,/home/haselab/murakawa/stable-deep-world-model/logdir/atari_frostbite_vta_20260107_202443/train_eps/20260108T163622-6a2855e80f96423f8e6321ab3a435bdc-1194.npz,778,64.20410919189453,1471.342041015625,3.421365181566216e-05
/home/haselab/murakawa/stable-deep-world-model/logdir/atari_frostbite_vta_20260107_202443,atari_frostbite,/home/haselab/murakawa/stable-deep-world-model/logdir/atari_frostbite_vta_20260107_202443/latest.pt,/home/haselab/murakawa/stable-deep-world-model/logdir/atari_frostbite_vta_20260107_202443/train_eps/20260108T163622-6a2855e80f96423f8e6321ab3a435bdc-1194.npz,779,66.01541137695312,1541.5809326171875,2.5749537599040195e-05
/home/haselab/murakawa/stable-deep-world-model/logdir/atari_frostbite_vta_20260107_202443,atari_frostbite,/home/haselab/murakawa/stable-deep-world-model/logdir/atari_frostbite_vta_20260107_202443/latest.pt,/home/haselab/murakawa/stable-deep-world-model/logdir/atari_frostbite_vta_20260107_202443/train_eps/20260108T163622-6a2855e80f96423f8e6321ab3a435bdc-1194.npz,780,66.37311553955078,1514.75341796875,0.00016654924547765404
/home/haselab/murakawa/stable-deep-world-model/logdir/atari_frostbite_vta_20260107_202443,atari_frostbite,/home/haselab/murakawa/stable-deep-world-model/logdir/atari_frostbite_vta_20260107_202443/latest.pt,/home/haselab/murakawa/stable-deep-world-model/logdir/atari_frostbite_vta_20260107_202443/train_eps/20260108T163622-6a2855e80f96423f8e6321ab3a435bdc-1194.npz,781,66.73005676269531,1493.044921875,9.059946933120955e-06
/home/haselab/murakawa/stable-deep-world-model/logdir/atari_frostbite_vta_20260107_202443,atari_frostbite,/home/haselab/murakawa/stable-deep-world-model/logdir/atari_frostbite_vta_20260107_202443/latest.pt,/home/haselab/murakawa/stable-deep-world-model/logdir/atari_frostbite_vta_20260107_202443/train_eps/20260108T163622-6a2855e80f96423f8e6321ab3a435bdc-1194.npz,782,66.77671813964844,1468.433837890625,1.2159421203250531e-05
/home/haselab/murakawa/stable-deep-world-model/logdir/atari_frostbite_vta_20260107_202443,atari_frostbite,/home/haselab/murakawa/stable-deep-world-model/logdir/atari_frostbite_vta_20260107_202443/latest.pt,/home/haselab/murakawa/stable-deep-world-model/logdir/atari_frostbite_vta_20260107_202443/train_eps/20260108T163622-6a2855e80f96423f8e6321ab3a435bdc-1194.npz,783,66.12983703613281,1451.3282470703125,4.887592695013154e-06
/home/haselab/murakawa/stable-deep-world-model/logdir/atari_frostbite_vta_20260107_202443,atari_frostbite,/home/haselab/murakawa/stable-deep-world-model/logdir/atari_frostbite_vta_20260107_202443/latest.pt,/home/haselab/murakawa/stable-deep-world-model/logdir/atari_frostbite_vta_20260107_202443/train_eps/20260108T163622-6a2855e80f96423f8e6321ab3a435bdc-1194.npz,784,65.34333801269531,1412.9764404296875,1.5497220147153712e-06
/home/haselab/murakawa/stable-deep-world-model/logdir/atari_frostbite_vta_20260107_202443,atari_frostbite,/home/haselab/murakawa/stable-deep-world-model/logdir/atari_frostbite_vta_20260107_202443/latest.pt,/home/haselab/murakawa/stable-deep-world-model/logdir/atari_frostbite_vta_20260107_202443/train_eps/20260108T163622-6a2855e80f96423f8e6321ab3a435bdc-1194.npz,785,63.86594772338867,1358.29150390625,8.344653679159819e-07
/home/haselab/murakawa/stable-deep-world-model/logdir/atari_frostbite_vta_20260107_202443,atari_frostbite,/home/haselab/murakawa/stable-deep-world-model/logdir/atari_frostbite_vta_20260107_202443/latest.pt,/home/haselab/murakawa/stable-deep-world-model/logdir/atari_frostbite_vta_20260107_202443/train_eps/20260108T163622-6a2855e80f96423f8e6321ab3a435bdc-1194.npz,786,64.01374816894531,1336.607421875,1.4305124977909145e-06
/home/haselab/murakawa/stable-deep-world-model/logdir/atari_frostbite_vta_20260107_202443,atari_frostbite,/home/haselab/murakawa/stable-deep-world-model/logdir/atari_frostbite_vta_20260107_202443/latest.pt,/home/haselab/murakawa/stable-deep-world-model/logdir/atari_frostbite_vta_20260107_202443/train_eps/20260108T163622-6a2855e80f96423f8e6321ab3a435bdc-1194.npz,787,63.571800231933594,1262.7740478515625,3.576279254957626e-07
/home/haselab/murakawa/stable-deep-world-model/logdir/atari_frostbite_vta_20260107_202443,atari_frostbite,/home/haselab/murakawa/stable-deep-world-model/logdir/atari_frostbite_vta_20260107_202443/latest.pt,/home/haselab/murakawa/stable-deep-world-model/logdir/atari_frostbite_vta_20260107_202443/train_eps/20260108T163622-6a2855e80f96423f8e6321ab3a435bdc-1194.npz,788,65.34185791015625,1314.1632080078125,1.3113030945532955e-06
/home/haselab/murakawa/stable-deep-world-model/logdir/atari_frostbite_vta_20260107_202443,atari_frostbite,/home/haselab/murakawa/stable-deep-world-model/logdir/atari_frostbite_vta_20260107_202443/latest.pt,/home/haselab/murakawa/stable-deep-world-model/logdir/atari_frostbite_vta_20260107_202443/train_eps/20260108T163622-6a2855e80f96423f8e6321ab3a435bdc-1194.npz,789,66.13245391845703,1335.9036865234375,1.9073504518019035e-06
/home/haselab/murakawa/stable-deep-world-model/logdir/atari_frostbite_vta_20260107_202443,atari_frostbite,/home/haselab/murakawa/stable-deep-world-model/logdir/atari_frostbite_vta_20260107_202443/latest.pt,/home/haselab/murakawa/stable-deep-world-model/logdir/atari_frostbite_vta_20260107_202443/train_eps/20260108T163622-6a2855e80f96423f8e6321ab3a435bdc-1194.npz,790,67.3057632446289,1386.6563720703125,6.198902156029362e-06
/home/haselab/murakawa/stable-deep-world-model/logdir/atari_frostbite_vta_20260107_202443,atari_frostbite,/home/haselab/murakawa/stable-deep-world-model/logdir/atari_frostbite_vta_20260107_202443/latest.pt,/home/haselab/murakawa/stable-deep-world-model/logdir/atari_frostbite_vta_20260107_202443/train_eps/20260108T163622-6a2855e80f96423f8e6321ab3a435bdc-1194.npz,791,67.20785522460938,1404.416259765625,2.7418175250204513e-06
/home/haselab/murakawa/stable-deep-world-model/logdir/atari_frostbite_vta_20260107_202443,atari_frostbite,/home/haselab/murakawa/stable-deep-world-model/logdir/atari_frostbite_vta_20260107_202443/latest.pt,/home/haselab/murakawa/stable-deep-world-model/logdir/atari_frostbite_vta_20260107_202443/train_eps/20260108T163622-6a2855e80f96423f8e6321ab3a435bdc-1194.npz,792,68.46856689453125,1459.101806640625,1.1920935776288388e-06
/home/haselab/murakawa/stable-deep-world-model/logdir/atari_frostbite_vta_20260107_202443,atari_frostbite,/home/haselab/murakawa/stable-deep-world-model/logdir/atari_frostbite_vta_20260107_202443/latest.pt,/home/haselab/murakawa/stable-deep-world-model/logdir/atari_frostbite_vta_20260107_202443/train_eps/20260108T163622-6a2855e80f96423f8e6321ab3a435bdc-1194.npz,793,68.73729705810547,1481.9573974609375,5.960466182841628e-07
/home/haselab/murakawa/stable-deep-world-model/logdir/atari_frostbite_vta_20260107_202443,atari_frostbite,/home/haselab/murakawa/stable-deep-world-model/logdir/atari_frostbite_vta_20260107_202443/latest.pt,/home/haselab/murakawa/stable-deep-world-model/logdir/atari_frostbite_vta_20260107_202443/train_eps/20260108T163622-6a2855e80f96423f8e6321ab3a435bdc-1194.npz,794,68.38867950439453,1492.79345703125,-1.8138857204232917e-19
/home/haselab/murakawa/stable-deep-world-model/logdir/atari_frostbite_vta_20260107_202443,atari_frostbite,/home/haselab/murakawa/stable-deep-world-model/logdir/atari_frostbite_vta_20260107_202443/latest.pt,/home/haselab/murakawa/stable-deep-world-model/logdir/atari_frostbite_vta_20260107_202443/train_eps/20260108T163622-6a2855e80f96423f8e6321ab3a435bdc-1194.npz,795,68.47265625,1497.52978515625,-5.283917570657131e-22
/home/haselab/murakawa/stable-deep-world-model/logdir/atari_frostbite_vta_20260107_202443,atari_frostbite,/home/haselab/murakawa/stable-deep-world-model/logdir/atari_frostbite_vta_20260107_202443/latest.pt,/home/haselab/murakawa/stable-deep-world-model/logdir/atari_frostbite_vta_20260107_202443/train_eps/20260108T163622-6a2855e80f96423f8e6321ab3a435bdc-1194.npz,796,70.72563934326172,1630.53955078125,-6.761036419228558e-25
/home/haselab/murakawa/stable-deep-world-model/logdir/atari_frostbite_vta_20260107_202443,atari_frostbite,/home/haselab/murakawa/stable-deep-world-model/logdir/atari_frostbite_vta_20260107_202443/latest.pt,/home/haselab/murakawa/stable-deep-world-model/logdir/atari_frostbite_vta_20260107_202443/train_eps/20260108T163622-6a2855e80f96423f8e6321ab3a435bdc-1194.npz,797,70.93966674804688,1650.3828125,-3.1879533676491103e-24
/home/haselab/murakawa/stable-deep-world-model/logdir/atari_frostbite_vta_20260107_202443,atari_frostbite,/home/haselab/murakawa/stable-deep-world-model/logdir/atari_frostbite_vta_20260107_202443/latest.pt,/home/haselab/murakawa/stable-deep-world-model/logdir/atari_frostbite_vta_20260107_202443/train_eps/20260108T163622-6a2855e80f96423f8e6321ab3a435bdc-1194.npz,798,72.5531997680664,1725.1097412109375,-9.596330209451907e-26
/home/haselab/murakawa/stable-deep-world-model/logdir/atari_frostbite_vta_20260107_202443,atari_frostbite,/home/haselab/murakawa/stable-deep-world-model/logdir/atari_frostbite_vta_20260107_202443/latest.pt,/home/haselab/murakawa/stable-deep-world-model/logdir/atari_frostbite_vta_20260107_202443/train_eps/20260108T163622-6a2855e80f96423f8e6321ab3a435bdc-1194.npz,799,72.19081115722656,1694.966552734375,-1.0896112903676444e-25
/home/haselab/murakawa/stable-deep-world-model/logdir/atari_frostbite_vta_20260107_202443,atari_frostbite,/home/haselab/murakawa/stable-deep-world-model/logdir/atari_frostbite_vta_20260107_202443/latest.pt,/home/haselab/murakawa/stable-deep-world-model/logdir/atari_frostbite_vta_20260107_202443/train_eps/20260108T163622-6a2855e80f96423f8e6321ab3a435bdc-1194.npz,800,72.52577209472656,1682.263671875,-5.907210519865207e-29
/home/haselab/murakawa/stable-deep-world-model/logdir/atari_frostbite_vta_20260107_202443,atari_frostbite,/home/haselab/murakawa/stable-deep-world-model/logdir/atari_frostbite_vta_20260107_202443/latest.pt,/home/haselab/murakawa/stable-deep-world-model/logdir/atari_frostbite_vta_20260107_202443/train_eps/20260108T163622-6a2855e80f96423f8e6321ab3a435bdc-1194.npz,801,71.95616149902344,1647.379150390625,-2.9534912463845285e-30
/home/haselab/murakawa/stable-deep-world-model/logdir/atari_frostbite_vta_20260107_202443,atari_frostbite,/home/haselab/murakawa/stable-deep-world-model/logdir/atari_frostbite_vta_20260107_202443/latest.pt,/home/haselab/murakawa/stable-deep-world-model/logdir/atari_frostbite_vta_20260107_202443/train_eps/20260108T163622-6a2855e80f96423f8e6321ab3a435bdc-1194.npz,802,71.8028793334961,1644.2342529296875,-2.8121614004240596e-33
/home/haselab/murakawa/stable-deep-world-model/logdir/atari_frostbite_vta_20260107_202443,atari_frostbite,/home/haselab/murakawa/stable-deep-world-model/logdir/atari_frostbite_vta_20260107_202443/latest.pt,/home/haselab/murakawa/stable-deep-world-model/logdir/atari_frostbite_vta_20260107_202443/train_eps/20260108T163622-6a2855e80f96423f8e6321ab3a435bdc-1194.npz,803,71.3285903930664,1623.467041015625,-5.660765237940022e-34
/home/haselab/murakawa/stable-deep-world-model/logdir/atari_frostbite_vta_20260107_202443,atari_frostbite,/home/haselab/murakawa/stable-deep-world-model/logdir/atari_frostbite_vta_20260107_202443/latest.pt,/home/haselab/murakawa/stable-deep-world-model/logdir/atari_frostbite_vta_20260107_202443/train_eps/20260108T163622-6a2855e80f96423f8e6321ab3a435bdc-1194.npz,804,70.76010131835938,1621.1160888671875,-1.3861020716938511e-34
/home/haselab/murakawa/stable-deep-world-model/logdir/atari_frostbite_vta_20260107_202443,atari_frostbite,/home/haselab/murakawa/stable-deep-world-model/logdir/atari_frostbite_vta_20260107_202443/latest.pt,/home/haselab/murakawa/stable-deep-world-model/logdir/atari_frostbite_vta_20260107_202443/train_eps/20260108T163622-6a2855e80f96423f8e6321ab3a435bdc-1194.npz,805,70.66034698486328,1657.376708984375,-1.0425858881851155e-33
/home/haselab/murakawa/stable-deep-world-model/logdir/atari_frostbite_vta_20260107_202443,atari_frostbite,/home/haselab/murakawa/stable-deep-world-model/logdir/atari_frostbite_vta_20260107_202443/latest.pt,/home/haselab/murakawa/stable-deep-world-model/logdir/atari_frostbite_vta_20260107_202443/train_eps/20260108T163622-6a2855e80f96423f8e6321ab3a435bdc-1194.npz,806,68.03229522705078,1596.3056640625,-2.3631671904610785e-33
/home/haselab/murakawa/stable-deep-world-model/logdir/atari_frostbite_vta_20260107_202443,atari_frostbite,/home/haselab/murakawa/stable-deep-world-model/logdir/atari_frostbite_vta_20260107_202443/latest.pt,/home/haselab/murakawa/stable-deep-world-model/logdir/atari_frostbite_vta_20260107_202443/train_eps/20260108T163622-6a2855e80f96423f8e6321ab3a435bdc-1194.npz,807,68.18397521972656,1601.324462890625,-7.192334505959391e-35
/home/haselab/murakawa/stable-deep-world-model/logdir/atari_frostbite_vta_20260107_202443,atari_frostbite,/home/haselab/murakawa/stable-deep-world-model/logdir/atari_frostbite_vta_20260107_202443/latest.pt,/home/haselab/murakawa/stable-deep-world-model/logdir/atari_frostbite_vta_20260107_202443/train_eps/20260108T163622-6a2855e80f96423f8e6321ab3a435bdc-1194.npz,808,66.5729751586914,1537.6142578125,-2.6529022574500386e-34
/home/haselab/murakawa/stable-deep-world-model/logdir/atari_frostbite_vta_20260107_202443,atari_frostbite,/home/haselab/murakawa/stable-deep-world-model/logdir/atari_frostbite_vta_20260107_202443/latest.pt,/home/haselab/murakawa/stable-deep-world-model/logdir/atari_frostbite_vta_20260107_202443/train_eps/20260108T163622-6a2855e80f96423f8e6321ab3a435bdc-1194.npz,809,66.70249938964844,1542.2774658203125,1.1920930376163597e-07
/home/haselab/murakawa/stable-deep-world-model/logdir/atari_frostbite_vta_20260107_202443,atari_frostbite,/home/haselab/murakawa/stable-deep-world-model/logdir/atari_frostbite_vta_20260107_202443/latest.pt,/home/haselab/murakawa/stable-deep-world-model/logdir/atari_frostbite_vta_20260107_202443/train_eps/20260108T163622-6a2855e80f96423f8e6321ab3a435bdc-1194.npz,810,63.792510986328125,1399.0799560546875,1.1920930376163597e-07
/home/haselab/murakawa/stable-deep-world-model/logdir/atari_frostbite_vta_20260107_202443,atari_frostbite,/home/haselab/murakawa/stable-deep-world-model/logdir/atari_frostbite_vta_20260107_202443/latest.pt,/home/haselab/murakawa/stable-deep-world-model/logdir/atari_frostbite_vta_20260107_202443/train_eps/20260108T163622-6a2855e80f96423f8e6321ab3a435bdc-1194.npz,811,64.02006530761719,1413.4085693359375,1.1920930376163597e-07
/home/haselab/murakawa/stable-deep-world-model/logdir/atari_frostbite_vta_20260107_202443,atari_frostbite,/home/haselab/murakawa/stable-deep-world-model/logdir/atari_frostbite_vta_20260107_202443/latest.pt,/home/haselab/murakawa/stable-deep-world-model/logdir/atari_frostbite_vta_20260107_202443/train_eps/20260108T163622-6a2855e80f96423f8e6321ab3a435bdc-1194.npz,812,62.74962615966797,1335.7381591796875,-9.909969125092801e-33
/home/haselab/murakawa/stable-deep-world-model/logdir/atari_frostbite_vta_20260107_202443,atari_frostbite,/home/haselab/murakawa/stable-deep-world-model/logdir/atari_frostbite_vta_20260107_202443/latest.pt,/home/haselab/murakawa/stable-deep-world-model/logdir/atari_frostbite_vta_20260107_202443/train_eps/20260108T163622-6a2855e80f96423f8e6321ab3a435bdc-1194.npz,813,63.00419616699219,1351.3814697265625,1.1920930376163597e-07
/home/haselab/murakawa/stable-deep-world-model/logdir/atari_frostbite_vta_20260107_202443,atari_frostbite,/home/haselab/murakawa/stable-deep-world-model/logdir/atari_frostbite_vta_20260107_202443/latest.pt,/home/haselab/murakawa/stable-deep-world-model/logdir/atari_frostbite_vta_20260107_202443/train_eps/20260108T163622-6a2855e80f96423f8e6321ab3a435bdc-1194.npz,814,62.6832160949707,1310.2216796875,5.006802894058637e-06
/home/haselab/murakawa/stable-deep-world-model/logdir/atari_frostbite_vta_20260107_202443,atari_frostbite,/home/haselab/murakawa/stable-deep-world-model/logdir/atari_frostbite_vta_20260107_202443/latest.pt,/home/haselab/murakawa/stable-deep-world-model/logdir/atari_frostbite_vta_20260107_202443/train_eps/20260108T163622-6a2855e80f96423f8e6321ab3a435bdc-1194.npz,815,63.20952224731445,1334.5897216796875,9.536747711536009e-07
/home/haselab/murakawa/stable-deep-world-model/logdir/atari_frostbite_vta_20260107_202443,atari_frostbite,/home/haselab/murakawa/stable-deep-world-model/logdir/atari_frostbite_vta_20260107_202443/latest.pt,/home/haselab/murakawa/stable-deep-world-model/logdir/atari_frostbite_vta_20260107_202443/train_eps/20260108T163622-6a2855e80f96423f8e6321ab3a435bdc-1194.npz,816,64.24186706542969,1345.1268310546875,1.6689314179529902e-06
/home/haselab/murakawa/stable-deep-world-model/logdir/atari_frostbite_vta_20260107_202443,atari_frostbite,/home/haselab/murakawa/stable-deep-world-model/logdir/atari_frostbite_vta_20260107_202443/latest.pt,/home/haselab/murakawa/stable-deep-world-model/logdir/atari_frostbite_vta_20260107_202443/train_eps/20260108T163622-6a2855e80f96423f8e6321ab3a435bdc-1194.npz,817,108.57159423828125,971.6824340820312,0.0
/home/haselab/murakawa/stable-deep-world-model/logdir/atari_frostbite_vta_20260107_202443,atari_frostbite,/home/haselab/murakawa/stable-deep-world-model/logdir/atari_frostbite_vta_20260107_202443/latest.pt,/home/haselab/murakawa/stable-deep-world-model/logdir/atari_frostbite_vta_20260107_202443/train_eps/20260108T163622-6a2855e80f96423f8e6321ab3a435bdc-1194.npz,818,108.46160888671875,996.1743774414062,0.0038465235847979784
/home/haselab/murakawa/stable-deep-world-model/logdir/atari_frostbite_vta_20260107_202443,atari_frostbite,/home/haselab/murakawa/stable-deep-world-model/logdir/atari_frostbite_vta_20260107_202443/latest.pt,/home/haselab/murakawa/stable-deep-world-model/logdir/atari_frostbite_vta_20260107_202443/train_eps/20260108T163622-6a2855e80f96423f8e6321ab3a435bdc-1194.npz,819,109.66915130615234,995.828857421875,1.9431303371675313e-05
/home/haselab/murakawa/stable-deep-world-model/logdir/atari_frostbite_vta_20260107_202443,atari_frostbite,/home/haselab/murakawa/stable-deep-world-model/logdir/atari_frostbite_vta_20260107_202443/latest.pt,/home/haselab/murakawa/stable-deep-world-model/logdir/atari_frostbite_vta_20260107_202443/train_eps/20260108T163622-6a2855e80f96423f8e6321ab3a435bdc-1194.npz,820,106.29010009765625,917.6165771484375,3.588264007703401e-05
/home/haselab/murakawa/stable-deep-world-model/logdir/atari_frostbite_vta_20260107_202443,atari_frostbite,/home/haselab/murakawa/stable-deep-world-model/logdir/atari_frostbite_vta_20260107_202443/latest.pt,/home/haselab/murakawa/stable-deep-world-model/logdir/atari_frostbite_vta_20260107_202443/train_eps/20260108T163622-6a2855e80f96423f8e6321ab3a435bdc-1194.npz,821,106.6846694946289,910.6846923828125,7.867844033171423e-06
/home/haselab/murakawa/stable-deep-world-model/logdir/atari_frostbite_vta_20260107_202443,atari_frostbite,/home/haselab/murakawa/stable-deep-world-model/logdir/atari_frostbite_vta_20260107_202443/latest.pt,/home/haselab/murakawa/stable-deep-world-model/logdir/atari_frostbite_vta_20260107_202443/train_eps/20260108T163622-6a2855e80f96423f8e6321ab3a435bdc-1194.npz,822,109.66490173339844,960.829833984375,7.867844033171423e-06
/home/haselab/murakawa/stable-deep-world-model/logdir/atari_frostbite_vta_20260107_202443,atari_frostbite,/home/haselab/murakawa/stable-deep-world-model/logdir/atari_frostbite_vta_20260107_202443/latest.pt,/home/haselab/murakawa/stable-deep-world-model/logdir/atari_frostbite_vta_20260107_202443/train_eps/20260108T163622-6a2855e80f96423f8e6321ab3a435bdc-1194.npz,823,109.45003509521484,956.5477294921875,0.0002718937466852367
/home/haselab/murakawa/stable-deep-world-model/logdir/atari_frostbite_vta_20260107_202443,atari_frostbite,/home/haselab/murakawa/stable-deep-world-model/logdir/atari_frostbite_vta_20260107_202443/latest.pt,/home/haselab/murakawa/stable-deep-world-model/logdir/atari_frostbite_vta_20260107_202443/train_eps/20260108T163622-6a2855e80f96423f8e6321ab3a435bdc-1194.npz,824,114.06307983398438,1024.2900390625,4.0531240301788785e-06
/home/haselab/murakawa/stable-deep-world-model/logdir/atari_frostbite_vta_20260107_202443,atari_frostbite,/home/haselab/murakawa/stable-deep-world-model/logdir/atari_frostbite_vta_20260107_202443/latest.pt,/home/haselab/murakawa/stable-deep-world-model/logdir/atari_frostbite_vta_20260107_202443/train_eps/20260108T163622-6a2855e80f96423f8e6321ab3a435bdc-1194.npz,825,115.20417022705078,1018.037109375,7.152560215217818e-07
/home/haselab/murakawa/stable-deep-world-model/logdir/atari_frostbite_vta_20260107_202443,atari_frostbite,/home/haselab/murakawa/stable-deep-world-model/logdir/atari_frostbite_vta_20260107_202443/latest.pt,/home/haselab/murakawa/stable-deep-world-model/logdir/atari_frostbite_vta_20260107_202443/train_eps/20260108T163622-6a2855e80f96423f8e6321ab3a435bdc-1194.npz,826,120.79114532470703,1081.8641357421875,5.960466182841628e-07
/home/haselab/murakawa/stable-deep-world-model/logdir/atari_frostbite_vta_20260107_202443,atari_frostbite,/home/haselab/murakawa/stable-deep-world-model/logdir/atari_frostbite_vta_20260107_202443/latest.pt,/home/haselab/murakawa/stable-deep-world-model/logdir/atari_frostbite_vta_20260107_202443/train_eps/20260108T163622-6a2855e80f96423f8e6321ab3a435bdc-1194.npz,827,122.76458740234375,1074.3602294921875,2.3841860752327193e-07
/home/haselab/murakawa/stable-deep-world-model/logdir/atari_frostbite_vta_20260107_202443,atari_frostbite,/home/haselab/murakawa/stable-deep-world-model/logdir/atari_frostbite_vta_20260107_202443/latest.pt,/home/haselab/murakawa/stable-deep-world-model/logdir/atari_frostbite_vta_20260107_202443/train_eps/20260108T163622-6a2855e80f96423f8e6321ab3a435bdc-1194.npz,828,129.12313842773438,1121.5521240234375,-6.5959953779808095e-25
/home/haselab/murakawa/stable-deep-world-model/logdir/atari_frostbite_vta_20260107_202443,atari_frostbite,/home/haselab/murakawa/stable-deep-world-model/logdir/atari_frostbite_vta_20260107_202443/latest.pt,/home/haselab/murakawa/stable-deep-world-model/logdir/atari_frostbite_vta_20260107_202443/train_eps/20260108T163622-6a2855e80f96423f8e6321ab3a435bdc-1194.npz,829,128.79803466796875,1110.6085205078125,-2.704821928067308e-26
/home/haselab/murakawa/stable-deep-world-model/logdir/atari_frostbite_vta_20260107_202443,atari_frostbite,/home/haselab/murakawa/stable-deep-world-model/logdir/atari_frostbite_vta_20260107_202443/latest.pt,/home/haselab/murakawa/stable-deep-world-model/logdir/atari_frostbite_vta_20260107_202443/train_eps/20260108T163622-6a2855e80f96423f8e6321ab3a435bdc-1194.npz,830,131.4156951904297,1123.197021484375,-1.2530424390711596e-25
/home/haselab/murakawa/stable-deep-world-model/logdir/atari_frostbite_vta_20260107_202443,atari_frostbite,/home/haselab/murakawa/stable-deep-world-model/logdir/atari_frostbite_vta_20260107_202443/latest.pt,/home/haselab/murakawa/stable-deep-world-model/logdir/atari_frostbite_vta_20260107_202443/train_eps/20260108T163622-6a2855e80f96423f8e6321ab3a435bdc-1194.npz,831,130.58236694335938,1100.883056640625,-7.807617491931982e-24
/home/haselab/murakawa/stable-deep-world-model/logdir/atari_frostbite_vta_20260107_202443,atari_frostbite,/home/haselab/murakawa/stable-deep-world-model/logdir/atari_frostbite_vta_20260107_202443/latest.pt,/home/haselab/murakawa/stable-deep-world-model/logdir/atari_frostbite_vta_20260107_202443/train_eps/20260108T163622-6a2855e80f96423f8e6321ab3a435bdc-1194.npz,832,133.6004638671875,1094.94140625,-1.150911773115816e-24
/home/haselab/murakawa/stable-deep-world-model/logdir/atari_frostbite_vta_20260107_202443,atari_frostbite,/home/haselab/murakawa/stable-deep-world-model/logdir/atari_frostbite_vta_20260107_202443/latest.pt,/home/haselab/murakawa/stable-deep-world-model/logdir/atari_frostbite_vta_20260107_202443/train_eps/20260108T163622-6a2855e80f96423f8e6321ab3a435bdc-1194.npz,833,133.40216064453125,1087.08837890625,-8.9547634403015e-25
/home/haselab/murakawa/stable-deep-world-model/logdir/atari_frostbite_vta_20260107_202443,atari_frostbite,/home/haselab/murakawa/stable-deep-world-model/logdir/atari_frostbite_vta_20260107_202443/latest.pt,/home/haselab/murakawa/stable-deep-world-model/logdir/atari_frostbite_vta_20260107_202443/train_eps/20260108T163622-6a2855e80f96423f8e6321ab3a435bdc-1194.npz,834,128.63302612304688,1075.4217529296875,-1.1790978225631694e-25
/home/haselab/murakawa/stable-deep-world-model/logdir/atari_frostbite_vta_20260107_202443,atari_frostbite,/home/haselab/murakawa/stable-deep-world-model/logdir/atari_frostbite_vta_20260107_202443/latest.pt,/home/haselab/murakawa/stable-deep-world-model/logdir/atari_frostbite_vta_20260107_202443/train_eps/20260108T163622-6a2855e80f96423f8e6321ab3a435bdc-1194.npz,835,129.01780700683594,1074.0626220703125,-8.262448424820208e-28
/home/haselab/murakawa/stable-deep-world-model/logdir/atari_frostbite_vta_20260107_202443,atari_frostbite,/home/haselab/murakawa/stable-deep-world-model/logdir/atari_frostbite_vta_20260107_202443/latest.pt,/home/haselab/murakawa/stable-deep-world-model/logdir/atari_frostbite_vta_20260107_202443/train_eps/20260108T163622-6a2855e80f96423f8e6321ab3a435bdc-1194.npz,836,124.552001953125,1133.399169921875,-1.414445983655181e-29
/home/haselab/murakawa/stable-deep-world-model/logdir/atari_frostbite_vta_20260107_202443,atari_frostbite,/home/haselab/murakawa/stable-deep-world-model/logdir/atari_frostbite_vta_20260107_202443/latest.pt,/home/haselab/murakawa/stable-deep-world-model/logdir/atari_frostbite_vta_20260107_202443/train_eps/20260108T163622-6a2855e80f96423f8e6321ab3a435bdc-1194.npz,837,124.55778503417969,1134.5860595703125,-1.783449406360225e-28
/home/haselab/murakawa/stable-deep-world-model/logdir/atari_frostbite_vta_20260107_202443,atari_frostbite,/home/haselab/murakawa/stable-deep-world-model/logdir/atari_frostbite_vta_20260107_202443/latest.pt,/home/haselab/murakawa/stable-deep-world-model/logdir/atari_frostbite_vta_20260107_202443/train_eps/20260108T163622-6a2855e80f96423f8e6321ab3a435bdc-1194.npz,838,120.32733154296875,1189.2652587890625,-1.4628799319350495e-28
/home/haselab/murakawa/stable-deep-world-model/logdir/atari_frostbite_vta_20260107_202443,atari_frostbite,/home/haselab/murakawa/stable-deep-world-model/logdir/atari_frostbite_vta_20260107_202443/latest.pt,/home/haselab/murakawa/stable-deep-world-model/logdir/atari_frostbite_vta_20260107_202443/train_eps/20260108T163622-6a2855e80f96423f8e6321ab3a435bdc-1194.npz,839,119.47007751464844,1181.271728515625,-2.397929151437882e-28
/home/haselab/murakawa/stable-deep-world-model/logdir/atari_frostbite_vta_20260107_202443,atari_frostbite,/home/haselab/murakawa/stable-deep-world-model/logdir/atari_frostbite_vta_20260107_202443/latest.pt,/home/haselab/murakawa/stable-deep-world-model/logdir/atari_frostbite_vta_20260107_202443/train_eps/20260108T163622-6a2855e80f96423f8e6321ab3a435bdc-1194.npz,840,117.11408233642578,1201.8115234375,-2.1704745138898162e-27
/home/haselab/murakawa/stable-deep-world-model/logdir/atari_frostbite_vta_20260107_202443,atari_frostbite,/home/haselab/murakawa/stable-deep-world-model/logdir/atari_frostbite_vta_20260107_202443/latest.pt,/home/haselab/murakawa/stable-deep-world-model/logdir/atari_frostbite_vta_20260107_202443/train_eps/20260108T163622-6a2855e80f96423f8e6321ab3a435bdc-1194.npz,841,116.8675765991211,1212.26953125,-2.271140175781015e-27
/home/haselab/murakawa/stable-deep-world-model/logdir/atari_frostbite_vta_20260107_202443,atari_frostbite,/home/haselab/murakawa/stable-deep-world-model/logdir/atari_frostbite_vta_20260107_202443/latest.pt,/home/haselab/murakawa/stable-deep-world-model/logdir/atari_frostbite_vta_20260107_202443/train_eps/20260108T163622-6a2855e80f96423f8e6321ab3a435bdc-1194.npz,842,118.21587371826172,1225.3505859375,-1.4115264784895465e-27
/home/haselab/murakawa/stable-deep-world-model/logdir/atari_frostbite_vta_20260107_202443,atari_frostbite,/home/haselab/murakawa/stable-deep-world-model/logdir/atari_frostbite_vta_20260107_202443/latest.pt,/home/haselab/murakawa/stable-deep-world-model/logdir/atari_frostbite_vta_20260107_202443/train_eps/20260108T163622-6a2855e80f96423f8e6321ab3a435bdc-1194.npz,843,118.41801452636719,1233.49853515625,-3.438333118541637e-28
/home/haselab/murakawa/stable-deep-world-model/logdir/atari_frostbite_vta_20260107_202443,atari_frostbite,/home/haselab/murakawa/stable-deep-world-model/logdir/atari_frostbite_vta_20260107_202443/latest.pt,/home/haselab/murakawa/stable-deep-world-model/logdir/atari_frostbite_vta_20260107_202443/train_eps/20260108T163622-6a2855e80f96423f8e6321ab3a435bdc-1194.npz,844,121.53270721435547,1241.6767578125,-1.57780608913639e-26
/home/haselab/murakawa/stable-deep-world-model/logdir/atari_frostbite_vta_20260107_202443,atari_frostbite,/home/haselab/murakawa/stable-deep-world-model/logdir/atari_frostbite_vta_20260107_202443/latest.pt,/home/haselab/murakawa/stable-deep-world-model/logdir/atari_frostbite_vta_20260107_202443/train_eps/20260108T163622-6a2855e80f96423f8e6321ab3a435bdc-1194.npz,845,123.11212158203125,1258.503662109375,-1.1526071530680486e-27
/home/haselab/murakawa/stable-deep-world-model/logdir/atari_frostbite_vta_20260107_202443,atari_frostbite,/home/haselab/murakawa/stable-deep-world-model/logdir/atari_frostbite_vta_20260107_202443/latest.pt,/home/haselab/murakawa/stable-deep-world-model/logdir/atari_frostbite_vta_20260107_202443/train_eps/20260108T163622-6a2855e80f96423f8e6321ab3a435bdc-1194.npz,846,128.6912078857422,1287.0753173828125,-2.794959147250124e-26
/home/haselab/murakawa/stable-deep-world-model/logdir/atari_frostbite_vta_20260107_202443,atari_frostbite,/home/haselab/murakawa/stable-deep-world-model/logdir/atari_frostbite_vta_20260107_202443/latest.pt,/home/haselab/murakawa/stable-deep-world-model/logdir/atari_frostbite_vta_20260107_202443/train_eps/20260108T163622-6a2855e80f96423f8e6321ab3a435bdc-1194.npz,847,128.51980590820312,1285.2645263671875,-1.1349814851809038e-26
/home/haselab/murakawa/stable-deep-world-model/logdir/atari_frostbite_vta_20260107_202443,atari_frostbite,/home/haselab/murakawa/stable-deep-world-model/logdir/atari_frostbite_vta_20260107_202443/latest.pt,/home/haselab/murakawa/stable-deep-world-model/logdir/atari_frostbite_vta_20260107_202443/train_eps/20260108T163622-6a2855e80f96423f8e6321ab3a435bdc-1194.npz,848,126.87184143066406,1177.6900634765625,-4.752830254579033e-25
/home/haselab/murakawa/stable-deep-world-model/logdir/atari_frostbite_vta_20260107_202443,atari_frostbite,/home/haselab/murakawa/stable-deep-world-model/logdir/atari_frostbite_vta_20260107_202443/latest.pt,/home/haselab/murakawa/stable-deep-world-model/logdir/atari_frostbite_vta_20260107_202443/train_eps/20260108T163622-6a2855e80f96423f8e6321ab3a435bdc-1194.npz,849,126.091796875,1155.2371826171875,-5.0946771127921565e-24
/home/haselab/murakawa/stable-deep-world-model/logdir/atari_frostbite_vta_20260107_202443,atari_frostbite,/home/haselab/murakawa/stable-deep-world-model/logdir/atari_frostbite_vta_20260107_202443/latest.pt,/home/haselab/murakawa/stable-deep-world-model/logdir/atari_frostbite_vta_20260107_202443/train_eps/20260108T163622-6a2855e80f96423f8e6321ab3a435bdc-1194.npz,850,127.63621520996094,1187.8153076171875,-2.5766551421282265e-25
/home/haselab/murakawa/stable-deep-world-model/logdir/atari_frostbite_vta_20260107_202443,atari_frostbite,/home/haselab/murakawa/stable-deep-world-model/logdir/atari_frostbite_vta_20260107_202443/latest.pt,/home/haselab/murakawa/stable-deep-world-model/logdir/atari_frostbite_vta_20260107_202443/train_eps/20260108T163622-6a2855e80f96423f8e6321ab3a435bdc-1194.npz,851,128.06544494628906,1177.92333984375,-2.3430655099009487e-23
/home/haselab/murakawa/stable-deep-world-model/logdir/atari_frostbite_vta_20260107_202443,atari_frostbite,/home/haselab/murakawa/stable-deep-world-model/logdir/atari_frostbite_vta_20260107_202443/latest.pt,/home/haselab/murakawa/stable-deep-world-model/logdir/atari_frostbite_vta_20260107_202443/train_eps/20260108T163622-6a2855e80f96423f8e6321ab3a435bdc-1194.npz,852,129.9077911376953,1277.99951171875,-8.428737065305151e-23
/home/haselab/murakawa/stable-deep-world-model/logdir/atari_frostbite_vta_20260107_202443,atari_frostbite,/home/haselab/murakawa/stable-deep-world-model/logdir/atari_frostbite_vta_20260107_202443/latest.pt,/home/haselab/murakawa/stable-deep-world-model/logdir/atari_frostbite_vta_20260107_202443/train_eps/20260108T163622-6a2855e80f96423f8e6321ab3a435bdc-1194.npz,853,129.18450927734375,1261.5733642578125,-7.629515324063839e-22
/home/haselab/murakawa/stable-deep-world-model/logdir/atari_frostbite_vta_20260107_202443,atari_frostbite,/home/haselab/murakawa/stable-deep-world-model/logdir/atari_frostbite_vta_20260107_202443/latest.pt,/home/haselab/murakawa/stable-deep-world-model/logdir/atari_frostbite_vta_20260107_202443/train_eps/20260108T163622-6a2855e80f96423f8e6321ab3a435bdc-1194.npz,854,133.64852905273438,1387.1495361328125,-3.455586994721837e-21
/home/haselab/murakawa/stable-deep-world-model/logdir/atari_frostbite_vta_20260107_202443,atari_frostbite,/home/haselab/murakawa/stable-deep-world-model/logdir/atari_frostbite_vta_20260107_202443/latest.pt,/home/haselab/murakawa/stable-deep-world-model/logdir/atari_frostbite_vta_20260107_202443/train_eps/20260108T163622-6a2855e80f96423f8e6321ab3a435bdc-1194.npz,855,133.15972900390625,1377.4586181640625,-8.042325705651466e-21
/home/haselab/murakawa/stable-deep-world-model/logdir/atari_frostbite_vta_20260107_202443,atari_frostbite,/home/haselab/murakawa/stable-deep-world-model/logdir/atari_frostbite_vta_20260107_202443/latest.pt,/home/haselab/murakawa/stable-deep-world-model/logdir/atari_frostbite_vta_20260107_202443/train_eps/20260108T163622-6a2855e80f96423f8e6321ab3a435bdc-1194.npz,856,137.9221954345703,1487.787353515625,-9.294038188345296e-21
/home/haselab/murakawa/stable-deep-world-model/logdir/atari_frostbite_vta_20260107_202443,atari_frostbite,/home/haselab/murakawa/stable-deep-world-model/logdir/atari_frostbite_vta_20260107_202443/latest.pt,/home/haselab/murakawa/stable-deep-world-model/logdir/atari_frostbite_vta_20260107_202443/train_eps/20260108T163622-6a2855e80f96423f8e6321ab3a435bdc-1194.npz,857,136.75115966796875,1469.47802734375,-3.0256861246383266e-20
/home/haselab/murakawa/stable-deep-world-model/logdir/atari_frostbite_vta_20260107_202443,atari_frostbite,/home/haselab/murakawa/stable-deep-world-model/logdir/atari_frostbite_vta_20260107_202443/latest.pt,/home/haselab/murakawa/stable-deep-world-model/logdir/atari_frostbite_vta_20260107_202443/train_eps/20260108T163622-6a2855e80f96423f8e6321ab3a435bdc-1194.npz,858,143.74981689453125,1579.325439453125,-1.3388327765509195e-20
/home/haselab/murakawa/stable-deep-world-model/logdir/atari_frostbite_vta_20260107_202443,atari_frostbite,/home/haselab/murakawa/stable-deep-world-model/logdir/atari_frostbite_vta_20260107_202443/latest.pt,/home/haselab/murakawa/stable-deep-world-model/logdir/atari_frostbite_vta_20260107_202443/train_eps/20260108T163622-6a2855e80f96423f8e6321ab3a435bdc-1194.npz,859,141.8924560546875,1576.7308349609375,1.1920930376163597e-07
/home/haselab/murakawa/stable-deep-world-model/logdir/atari_frostbite_vta_20260107_202443,atari_frostbite,/home/haselab/murakawa/stable-deep-world-model/logdir/atari_frostbite_vta_20260107_202443/latest.pt,/home/haselab/murakawa/stable-deep-world-model/logdir/atari_frostbite_vta_20260107_202443/train_eps/20260108T163622-6a2855e80f96423f8e6321ab3a435bdc-1194.npz,860,146.0557403564453,1557.4788818359375,-6.153559944952952e-19
/home/haselab/murakawa/stable-deep-world-model/logdir/atari_frostbite_vta_20260107_202443,atari_frostbite,/home/haselab/murakawa/stable-deep-world-model/logdir/atari_frostbite_vta_20260107_202443/latest.pt,/home/haselab/murakawa/stable-deep-world-model/logdir/atari_frostbite_vta_20260107_202443/train_eps/20260108T163622-6a2855e80f96423f8e6321ab3a435bdc-1194.npz,861,144.5553741455078,1531.79052734375,2.3841860752327193e-07
/home/haselab/murakawa/stable-deep-world-model/logdir/atari_frostbite_vta_20260107_202443,atari_frostbite,/home/haselab/murakawa/stable-deep-world-model/logdir/atari_frostbite_vta_20260107_202443/latest.pt,/home/haselab/murakawa/stable-deep-world-model/logdir/atari_frostbite_vta_20260107_202443/train_eps/20260108T163622-6a2855e80f96423f8e6321ab3a435bdc-1194.npz,862,147.08299255371094,1472.200927734375,-7.381045696910038e-21
/home/haselab/murakawa/stable-deep-world-model/logdir/atari_frostbite_vta_20260107_202443,atari_frostbite,/home/haselab/murakawa/stable-deep-world-model/logdir/atari_frostbite_vta_20260107_202443/latest.pt,/home/haselab/murakawa/stable-deep-world-model/logdir/atari_frostbite_vta_20260107_202443/train_eps/20260108T163622-6a2855e80f96423f8e6321ab3a435bdc-1194.npz,863,145.84292602539062,1485.6048583984375,-1.2097641666590906e-21
/home/haselab/murakawa/stable-deep-world-model/logdir/atari_frostbite_vta_20260107_202443,atari_frostbite,/home/haselab/murakawa/stable-deep-world-model/logdir/atari_frostbite_vta_20260107_202443/latest.pt,/home/haselab/murakawa/stable-deep-world-model/logdir/atari_frostbite_vta_20260107_202443/train_eps/20260108T163622-6a2855e80f96423f8e6321ab3a435bdc-1194.npz,864,146.17637634277344,1464.177490234375,-2.5518123049187224e-22
/home/haselab/murakawa/stable-deep-world-model/logdir/atari_frostbite_vta_20260107_202443,atari_frostbite,/home/haselab/murakawa/stable-deep-world-model/logdir/atari_frostbite_vta_20260107_202443/latest.pt,/home/haselab/murakawa/stable-deep-world-model/logdir/atari_frostbite_vta_20260107_202443/train_eps/20260108T163622-6a2855e80f96423f8e6321ab3a435bdc-1194.npz,865,141.63731384277344,1435.5328369140625,-1.9323852168404865e-22
/home/haselab/murakawa/stable-deep-world-model/logdir/atari_frostbite_vta_20260107_202443,atari_frostbite,/home/haselab/murakawa/stable-deep-world-model/logdir/atari_frostbite_vta_20260107_202443/latest.pt,/home/haselab/murakawa/stable-deep-world-model/logdir/atari_frostbite_vta_20260107_202443/train_eps/20260108T163622-6a2855e80f96423f8e6321ab3a435bdc-1194.npz,866,134.46348571777344,1340.6214599609375,-9.50050860846964e-22
/home/haselab/murakawa/stable-deep-world-model/logdir/atari_frostbite_vta_20260107_202443,atari_frostbite,/home/haselab/murakawa/stable-deep-world-model/logdir/atari_frostbite_vta_20260107_202443/latest.pt,/home/haselab/murakawa/stable-deep-world-model/logdir/atari_frostbite_vta_20260107_202443/train_eps/20260108T163622-6a2855e80f96423f8e6321ab3a435bdc-1194.npz,867,71.93022918701172,1229.879150390625,0.0
/home/haselab/murakawa/stable-deep-world-model/logdir/atari_frostbite_vta_20260107_202443,atari_frostbite,/home/haselab/murakawa/stable-deep-world-model/logdir/atari_frostbite_vta_20260107_202443/latest.pt,/home/haselab/murakawa/stable-deep-world-model/logdir/atari_frostbite_vta_20260107_202443/train_eps/20260108T163622-6a2855e80f96423f8e6321ab3a435bdc-1194.npz,868,69.14218139648438,1158.8582763671875,0.13521085679531097
/home/haselab/murakawa/stable-deep-world-model/logdir/atari_frostbite_vta_20260107_202443,atari_frostbite,/home/haselab/murakawa/stable-deep-world-model/logdir/atari_frostbite_vta_20260107_202443/latest.pt,/home/haselab/murakawa/stable-deep-world-model/logdir/atari_frostbite_vta_20260107_202443/train_eps/20260108T163622-6a2855e80f96423f8e6321ab3a435bdc-1194.npz,869,68.04513549804688,1133.57421875,4.0531240301788785e-06
/home/haselab/murakawa/stable-deep-world-model/logdir/atari_frostbite_vta_20260107_202443,atari_frostbite,/home/haselab/murakawa/stable-deep-world-model/logdir/atari_frostbite_vta_20260107_202443/latest.pt,/home/haselab/murakawa/stable-deep-world-model/logdir/atari_frostbite_vta_20260107_202443/train_eps/20260108T163622-6a2855e80f96423f8e6321ab3a435bdc-1194.npz,870,65.77947998046875,1069.023681640625,-1.2752835834329608e-23
/home/haselab/murakawa/stable-deep-world-model/logdir/atari_frostbite_vta_20260107_202443,atari_frostbite,/home/haselab/murakawa/stable-deep-world-model/logdir/atari_frostbite_vta_20260107_202443/latest.pt,/home/haselab/murakawa/stable-deep-world-model/logdir/atari_frostbite_vta_20260107_202443/train_eps/20260108T163622-6a2855e80f96423f8e6321ab3a435bdc-1194.npz,871,65.33428192138672,1064.1485595703125,-7.799745720129718e-26
/home/haselab/murakawa/stable-deep-world-model/logdir/atari_frostbite_vta_20260107_202443,atari_frostbite,/home/haselab/murakawa/stable-deep-world-model/logdir/atari_frostbite_vta_20260107_202443/latest.pt,/home/haselab/murakawa/stable-deep-world-model/logdir/atari_frostbite_vta_20260107_202443/train_eps/20260108T163622-6a2855e80f96423f8e6321ab3a435bdc-1194.npz,872,64.86186218261719,1020.0587768554688,-1.8445336984647214e-24
/home/haselab/murakawa/stable-deep-world-model/logdir/atari_frostbite_vta_20260107_202443,atari_frostbite,/home/haselab/murakawa/stable-deep-world-model/logdir/atari_frostbite_vta_20260107_202443/latest.pt,/home/haselab/murakawa/stable-deep-world-model/logdir/atari_frostbite_vta_20260107_202443/train_eps/20260108T163622-6a2855e80f96423f8e6321ab3a435bdc-1194.npz,873,64.15312957763672,1058.35009765625,-2.4446773814819736e-24
/home/haselab/murakawa/stable-deep-world-model/logdir/atari_frostbite_vta_20260107_202443,atari_frostbite,/home/haselab/murakawa/stable-deep-world-model/logdir/atari_frostbite_vta_20260107_202443/latest.pt,/home/haselab/murakawa/stable-deep-world-model/logdir/atari_frostbite_vta_20260107_202443/train_eps/20260108T163622-6a2855e80f96423f8e6321ab3a435bdc-1194.npz,874,62.05733871459961,970.676025390625,-2.4434112991721392e-23
/home/haselab/murakawa/stable-deep-world-model/logdir/atari_frostbite_vta_20260107_202443,atari_frostbite,/home/haselab/murakawa/stable-deep-world-model/logdir/atari_frostbite_vta_20260107_202443/latest.pt,/home/haselab/murakawa/stable-deep-world-model/logdir/atari_frostbite_vta_20260107_202443/train_eps/20260108T163622-6a2855e80f96423f8e6321ab3a435bdc-1194.npz,875,62.04315185546875,989.1065673828125,-8.822946005773471e-23
/home/haselab/murakawa/stable-deep-world-model/logdir/atari_frostbite_vta_20260107_202443,atari_frostbite,/home/haselab/murakawa/stable-deep-world-model/logdir/atari_frostbite_vta_20260107_202443/latest.pt,/home/haselab/murakawa/stable-deep-world-model/logdir/atari_frostbite_vta_20260107_202443/train_eps/20260108T163622-6a2855e80f96423f8e6321ab3a435bdc-1194.npz,876,62.53767013549805,981.7554931640625,-1.2649542387399969e-22
/home/haselab/murakawa/stable-deep-world-model/logdir/atari_frostbite_vta_20260107_202443,atari_frostbite,/home/haselab/murakawa/stable-deep-world-model/logdir/atari_frostbite_vta_20260107_202443/latest.pt,/home/haselab/murakawa/stable-deep-world-model/logdir/atari_frostbite_vta_20260107_202443/train_eps/20260108T163622-6a2855e80f96423f8e6321ab3a435bdc-1194.npz,877,63.16603088378906,996.948486328125,-1.0658446418569462e-23
/home/haselab/murakawa/stable-deep-world-model/logdir/atari_frostbite_vta_20260107_202443,atari_frostbite,/home/haselab/murakawa/stable-deep-world-model/logdir/atari_frostbite_vta_20260107_202443/latest.pt,/home/haselab/murakawa/stable-deep-world-model/logdir/atari_frostbite_vta_20260107_202443/train_eps/20260108T163622-6a2855e80f96423f8e6321ab3a435bdc-1194.npz,878,64.42225646972656,1024.353271484375,-3.5199828716182806e-23
/home/haselab/murakawa/stable-deep-world-model/logdir/atari_frostbite_vta_20260107_202443,atari_frostbite,/home/haselab/murakawa/stable-deep-world-model/logdir/atari_frostbite_vta_20260107_202443/latest.pt,/home/haselab/murakawa/stable-deep-world-model/logdir/atari_frostbite_vta_20260107_202443/train_eps/20260108T163622-6a2855e80f96423f8e6321ab3a435bdc-1194.npz,879,64.90902709960938,1030.924560546875,4.768372718899627e-07
/home/haselab/murakawa/stable-deep-world-model/logdir/atari_frostbite_vta_20260107_202443,atari_frostbite,/home/haselab/murakawa/stable-deep-world-model/logdir/atari_frostbite_vta_20260107_202443/latest.pt,/home/haselab/murakawa/stable-deep-world-model/logdir/atari_frostbite_vta_20260107_202443/train_eps/20260108T163622-6a2855e80f96423f8e6321ab3a435bdc-1194.npz,880,65.89617156982422,1016.0042724609375,1.9073504518019035e-06
/home/haselab/murakawa/stable-deep-world-model/logdir/atari_frostbite_vta_20260107_202443,atari_frostbite,/home/haselab/murakawa/stable-deep-world-model/logdir/atari_frostbite_vta_20260107_202443/latest.pt,/home/haselab/murakawa/stable-deep-world-model/logdir/atari_frostbite_vta_20260107_202443/train_eps/20260108T163622-6a2855e80f96423f8e6321ab3a435bdc-1194.npz,881,65.85407257080078,1013.015380859375,1.1920930376163597e-07
/home/haselab/murakawa/stable-deep-world-model/logdir/atari_frostbite_vta_20260107_202443,atari_frostbite,/home/haselab/murakawa/stable-deep-world-model/logdir/atari_frostbite_vta_20260107_202443/latest.pt,/home/haselab/murakawa/stable-deep-world-model/logdir/atari_frostbite_vta_20260107_202443/train_eps/20260108T163622-6a2855e80f96423f8e6321ab3a435bdc-1194.npz,882,66.43119812011719,987.3645629882812,-6.23064658240842e-22
/home/haselab/murakawa/stable-deep-world-model/logdir/atari_frostbite_vta_20260107_202443,atari_frostbite,/home/haselab/murakawa/stable-deep-world-model/logdir/atari_frostbite_vta_20260107_202443/latest.pt,/home/haselab/murakawa/stable-deep-world-model/logdir/atari_frostbite_vta_20260107_202443/train_eps/20260108T163622-6a2855e80f96423f8e6321ab3a435bdc-1194.npz,883,65.67256927490234,972.0884399414062,5.960466182841628e-07
/home/haselab/murakawa/stable-deep-world-model/logdir/atari_frostbite_vta_20260107_202443,atari_frostbite,/home/haselab/murakawa/stable-deep-world-model/logdir/atari_frostbite_vta_20260107_202443/latest.pt,/home/haselab/murakawa/stable-deep-world-model/logdir/atari_frostbite_vta_20260107_202443/train_eps/20260108T163622-6a2855e80f96423f8e6321ab3a435bdc-1194.npz,884,66.2943115234375,957.1387939453125,1.2159421203250531e-05
/home/haselab/murakawa/stable-deep-world-model/logdir/atari_frostbite_vta_20260107_202443,atari_frostbite,/home/haselab/murakawa/stable-deep-world-model/logdir/atari_frostbite_vta_20260107_202443/latest.pt,/home/haselab/murakawa/stable-deep-world-model/logdir/atari_frostbite_vta_20260107_202443/train_eps/20260108T163622-6a2855e80f96423f8e6321ab3a435bdc-1194.npz,885,66.2794418334961,1011.1591796875,6.55653229841846e-06
/home/haselab/murakawa/stable-deep-world-model/logdir/atari_frostbite_vta_20260107_202443,atari_frostbite,/home/haselab/murakawa/stable-deep-world-model/logdir/atari_frostbite_vta_20260107_202443/latest.pt,/home/haselab/murakawa/stable-deep-world-model/logdir/atari_frostbite_vta_20260107_202443/train_eps/20260108T163622-6a2855e80f96423f8e6321ab3a435bdc-1194.npz,886,70.10173034667969,1094.8787841796875,1.7047073924914002e-05
/home/haselab/murakawa/stable-deep-world-model/logdir/atari_frostbite_vta_20260107_202443,atari_frostbite,/home/haselab/murakawa/stable-deep-world-model/logdir/atari_frostbite_vta_20260107_202443/latest.pt,/home/haselab/murakawa/stable-deep-world-model/logdir/atari_frostbite_vta_20260107_202443/train_eps/20260108T163622-6a2855e80f96423f8e6321ab3a435bdc-1194.npz,887,68.28324127197266,1054.9111328125,1.9073504518019035e-06
/home/haselab/murakawa/stable-deep-world-model/logdir/atari_frostbite_vta_20260107_202443,atari_frostbite,/home/haselab/murakawa/stable-deep-world-model/logdir/atari_frostbite_vta_20260107_202443/latest.pt,/home/haselab/murakawa/stable-deep-world-model/logdir/atari_frostbite_vta_20260107_202443/train_eps/20260108T163622-6a2855e80f96423f8e6321ab3a435bdc-1194.npz,888,71.95873260498047,1170.55615234375,7.629423635080457e-06
/home/haselab/murakawa/stable-deep-world-model/logdir/atari_frostbite_vta_20260107_202443,atari_frostbite,/home/haselab/murakawa/stable-deep-world-model/logdir/atari_frostbite_vta_20260107_202443/latest.pt,/home/haselab/murakawa/stable-deep-world-model/logdir/atari_frostbite_vta_20260107_202443/train_eps/20260108T163622-6a2855e80f96423f8e6321ab3a435bdc-1194.npz,889,71.88557434082031,1205.181396484375,6.437322554120328e-06
/home/haselab/murakawa/stable-deep-world-model/logdir/atari_frostbite_vta_20260107_202443,atari_frostbite,/home/haselab/murakawa/stable-deep-world-model/logdir/atari_frostbite_vta_20260107_202443/latest.pt,/home/haselab/murakawa/stable-deep-world-model/logdir/atari_frostbite_vta_20260107_202443/train_eps/20260108T163622-6a2855e80f96423f8e6321ab3a435bdc-1194.npz,890,74.07369995117188,1295.087158203125,6.07969241173123e-06
/home/haselab/murakawa/stable-deep-world-model/logdir/atari_frostbite_vta_20260107_202443,atari_frostbite,/home/haselab/murakawa/stable-deep-world-model/logdir/atari_frostbite_vta_20260107_202443/latest.pt,/home/haselab/murakawa/stable-deep-world-model/logdir/atari_frostbite_vta_20260107_202443/train_eps/20260108T163622-6a2855e80f96423f8e6321ab3a435bdc-1194.npz,891,72.992919921875,1315.185546875,2.7418175250204513e-06
/home/haselab/murakawa/stable-deep-world-model/logdir/atari_frostbite_vta_20260107_202443,atari_frostbite,/home/haselab/murakawa/stable-deep-world-model/logdir/atari_frostbite_vta_20260107_202443/latest.pt,/home/haselab/murakawa/stable-deep-world-model/logdir/atari_frostbite_vta_20260107_202443/train_eps/20260108T163622-6a2855e80f96423f8e6321ab3a435bdc-1194.npz,892,73.68165588378906,1359.341552734375,1.1920928955078125e-07
/home/haselab/murakawa/stable-deep-world-model/logdir/atari_frostbite_vta_20260107_202443,atari_frostbite,/home/haselab/murakawa/stable-deep-world-model/logdir/atari_frostbite_vta_20260107_202443/latest.pt,/home/haselab/murakawa/stable-deep-world-model/logdir/atari_frostbite_vta_20260107_202443/train_eps/20260108T163622-6a2855e80f96423f8e6321ab3a435bdc-1194.npz,893,72.76860046386719,1335.388671875,-4.3110016289182526e-14
/home/haselab/murakawa/stable-deep-world-model/logdir/atari_frostbite_vta_20260107_202443,atari_frostbite,/home/haselab/murakawa/stable-deep-world-model/logdir/atari_frostbite_vta_20260107_202443/latest.pt,/home/haselab/murakawa/stable-deep-world-model/logdir/atari_frostbite_vta_20260107_202443/train_eps/20260108T163622-6a2855e80f96423f8e6321ab3a435bdc-1194.npz,894,71.16231536865234,1284.4962158203125,-1.8352894955186473e-14
/home/haselab/murakawa/stable-deep-world-model/logdir/atari_frostbite_vta_20260107_202443,atari_frostbite,/home/haselab/murakawa/stable-deep-world-model/logdir/atari_frostbite_vta_20260107_202443/latest.pt,/home/haselab/murakawa/stable-deep-world-model/logdir/atari_frostbite_vta_20260107_202443/train_eps/20260108T163622-6a2855e80f96423f8e6321ab3a435bdc-1194.npz,895,70.32575988769531,1269.1669921875,-3.58825856939908e-15
/home/haselab/murakawa/stable-deep-world-model/logdir/atari_frostbite_vta_20260107_202443,atari_frostbite,/home/haselab/murakawa/stable-deep-world-model/logdir/atari_frostbite_vta_20260107_202443/latest.pt,/home/haselab/murakawa/stable-deep-world-model/logdir/atari_frostbite_vta_20260107_202443/train_eps/20260108T163622-6a2855e80f96423f8e6321ab3a435bdc-1194.npz,896,68.11547088623047,1189.7861328125,5.96046561440744e-07
/home/haselab/murakawa/stable-deep-world-model/logdir/atari_frostbite_vta_20260107_202443,atari_frostbite,/home/haselab/murakawa/stable-deep-world-model/logdir/atari_frostbite_vta_20260107_202443/latest.pt,/home/haselab/murakawa/stable-deep-world-model/logdir/atari_frostbite_vta_20260107_202443/train_eps/20260108T163622-6a2855e80f96423f8e6321ab3a435bdc-1194.npz,897,68.2053451538086,1184.1759033203125,-4.082488318078335e-15
/home/haselab/murakawa/stable-deep-world-model/logdir/atari_frostbite_vta_20260107_202443,atari_frostbite,/home/haselab/murakawa/stable-deep-world-model/logdir/atari_frostbite_vta_20260107_202443/latest.pt,/home/haselab/murakawa/stable-deep-world-model/logdir/atari_frostbite_vta_20260107_202443/train_eps/20260108T163622-6a2855e80f96423f8e6321ab3a435bdc-1194.npz,898,64.91334533691406,1061.0379638671875,3.576279254957626e-07
/home/haselab/murakawa/stable-deep-world-model/logdir/atari_frostbite_vta_20260107_202443,atari_frostbite,/home/haselab/murakawa/stable-deep-world-model/logdir/atari_frostbite_vta_20260107_202443/latest.pt,/home/haselab/murakawa/stable-deep-world-model/logdir/atari_frostbite_vta_20260107_202443/train_eps/20260108T163622-6a2855e80f96423f8e6321ab3a435bdc-1194.npz,899,65.3701171875,1071.4576416015625,-1.1039513577643917e-17
/home/haselab/murakawa/stable-deep-world-model/logdir/atari_frostbite_vta_20260107_202443,atari_frostbite,/home/haselab/murakawa/stable-deep-world-model/logdir/atari_frostbite_vta_20260107_202443/latest.pt,/home/haselab/murakawa/stable-deep-world-model/logdir/atari_frostbite_vta_20260107_202443/train_eps/20260108T163622-6a2855e80f96423f8e6321ab3a435bdc-1194.npz,900,63.16065216064453,1039.83447265625,-8.86485657442262e-18
/home/haselab/murakawa/stable-deep-world-model/logdir/atari_frostbite_vta_20260107_202443,atari_frostbite,/home/haselab/murakawa/stable-deep-world-model/logdir/atari_frostbite_vta_20260107_202443/latest.pt,/home/haselab/murakawa/stable-deep-world-model/logdir/atari_frostbite_vta_20260107_202443/train_eps/20260108T163622-6a2855e80f96423f8e6321ab3a435bdc-1194.npz,901,64.28845977783203,1101.2037353515625,-1.8577699008165202e-17
/home/haselab/murakawa/stable-deep-world-model/logdir/atari_frostbite_vta_20260107_202443,atari_frostbite,/home/haselab/murakawa/stable-deep-world-model/logdir/atari_frostbite_vta_20260107_202443/latest.pt,/home/haselab/murakawa/stable-deep-world-model/logdir/atari_frostbite_vta_20260107_202443/train_eps/20260108T163622-6a2855e80f96423f8e6321ab3a435bdc-1194.npz,902,62.18061828613281,1070.6121826171875,-4.674687568341859e-18
/home/haselab/murakawa/stable-deep-world-model/logdir/atari_frostbite_vta_20260107_202443,atari_frostbite,/home/haselab/murakawa/stable-deep-world-model/logdir/atari_frostbite_vta_20260107_202443/latest.pt,/home/haselab/murakawa/stable-deep-world-model/logdir/atari_frostbite_vta_20260107_202443/train_eps/20260108T163622-6a2855e80f96423f8e6321ab3a435bdc-1194.npz,903,63.35048294067383,1126.569091796875,-6.322252089461462e-21
/home/haselab/murakawa/stable-deep-world-model/logdir/atari_frostbite_vta_20260107_202443,atari_frostbite,/home/haselab/murakawa/stable-deep-world-model/logdir/atari_frostbite_vta_20260107_202443/latest.pt,/home/haselab/murakawa/stable-deep-world-model/logdir/atari_frostbite_vta_20260107_202443/train_eps/20260108T163622-6a2855e80f96423f8e6321ab3a435bdc-1194.npz,904,63.06101608276367,1146.272705078125,-9.473388070370411e-20
/home/haselab/murakawa/stable-deep-world-model/logdir/atari_frostbite_vta_20260107_202443,atari_frostbite,/home/haselab/murakawa/stable-deep-world-model/logdir/atari_frostbite_vta_20260107_202443/latest.pt,/home/haselab/murakawa/stable-deep-world-model/logdir/atari_frostbite_vta_20260107_202443/train_eps/20260108T163622-6a2855e80f96423f8e6321ab3a435bdc-1194.npz,905,64.9884262084961,1212.0928955078125,-8.728968170573021e-19
/home/haselab/murakawa/stable-deep-world-model/logdir/atari_frostbite_vta_20260107_202443,atari_frostbite,/home/haselab/murakawa/stable-deep-world-model/logdir/atari_frostbite_vta_20260107_202443/latest.pt,/home/haselab/murakawa/stable-deep-world-model/logdir/atari_frostbite_vta_20260107_202443/train_eps/20260108T163622-6a2855e80f96423f8e6321ab3a435bdc-1194.npz,906,64.1375732421875,1204.1307373046875,-1.0036847218523224e-18
/home/haselab/murakawa/stable-deep-world-model/logdir/atari_frostbite_vta_20260107_202443,atari_frostbite,/home/haselab/murakawa/stable-deep-world-model/logdir/atari_frostbite_vta_20260107_202443/latest.pt,/home/haselab/murakawa/stable-deep-world-model/logdir/atari_frostbite_vta_20260107_202443/train_eps/20260108T163622-6a2855e80f96423f8e6321ab3a435bdc-1194.npz,907,64.55467224121094,1201.3134765625,-2.0814431379789932e-20
/home/haselab/murakawa/stable-deep-world-model/logdir/atari_frostbite_vta_20260107_202443,atari_frostbite,/home/haselab/murakawa/stable-deep-world-model/logdir/atari_frostbite_vta_20260107_202443/latest.pt,/home/haselab/murakawa/stable-deep-world-model/logdir/atari_frostbite_vta_20260107_202443/train_eps/20260108T163622-6a2855e80f96423f8e6321ab3a435bdc-1194.npz,908,64.37103271484375,1190.3822021484375,-1.0908249165117278e-19
/home/haselab/murakawa/stable-deep-world-model/logdir/atari_frostbite_vta_20260107_202443,atari_frostbite,/home/haselab/murakawa/stable-deep-world-model/logdir/atari_frostbite_vta_20260107_202443/latest.pt,/home/haselab/murakawa/stable-deep-world-model/logdir/atari_frostbite_vta_20260107_202443/train_eps/20260108T163622-6a2855e80f96423f8e6321ab3a435bdc-1194.npz,909,63.91278076171875,1152.96826171875,-1.1263934502069607e-18
/home/haselab/murakawa/stable-deep-world-model/logdir/atari_frostbite_vta_20260107_202443,atari_frostbite,/home/haselab/murakawa/stable-deep-world-model/logdir/atari_frostbite_vta_20260107_202443/latest.pt,/home/haselab/murakawa/stable-deep-world-model/logdir/atari_frostbite_vta_20260107_202443/train_eps/20260108T163622-6a2855e80f96423f8e6321ab3a435bdc-1194.npz,910,64.02015686035156,1165.36572265625,-8.499402286134828e-19
/home/haselab/murakawa/stable-deep-world-model/logdir/atari_frostbite_vta_20260107_202443,atari_frostbite,/home/haselab/murakawa/stable-deep-world-model/logdir/atari_frostbite_vta_20260107_202443/latest.pt,/home/haselab/murakawa/stable-deep-world-model/logdir/atari_frostbite_vta_20260107_202443/train_eps/20260108T163622-6a2855e80f96423f8e6321ab3a435bdc-1194.npz,911,63.7296028137207,1146.5362548828125,-1.4665297044984594e-18
/home/haselab/murakawa/stable-deep-world-model/logdir/atari_frostbite_vta_20260107_202443,atari_frostbite,/home/haselab/murakawa/stable-deep-world-model/logdir/atari_frostbite_vta_20260107_202443/latest.pt,/home/haselab/murakawa/stable-deep-world-model/logdir/atari_frostbite_vta_20260107_202443/train_eps/20260108T163622-6a2855e80f96423f8e6321ab3a435bdc-1194.npz,912,64.59832000732422,1135.801513671875,-8.587345802415993e-20
/home/haselab/murakawa/stable-deep-world-model/logdir/atari_frostbite_vta_20260107_202443,atari_frostbite,/home/haselab/murakawa/stable-deep-world-model/logdir/atari_frostbite_vta_20260107_202443/latest.pt,/home/haselab/murakawa/stable-deep-world-model/logdir/atari_frostbite_vta_20260107_202443/train_eps/20260108T163622-6a2855e80f96423f8e6321ab3a435bdc-1194.npz,913,64.15375518798828,1101.2996826171875,-8.326262010194057e-19
/home/haselab/murakawa/stable-deep-world-model/logdir/atari_frostbite_vta_20260107_202443,atari_frostbite,/home/haselab/murakawa/stable-deep-world-model/logdir/atari_frostbite_vta_20260107_202443/latest.pt,/home/haselab/murakawa/stable-deep-world-model/logdir/atari_frostbite_vta_20260107_202443/train_eps/20260108T163622-6a2855e80f96423f8e6321ab3a435bdc-1194.npz,914,66.16511535644531,1138.708984375,-7.890842278305298e-20
/home/haselab/murakawa/stable-deep-world-model/logdir/atari_frostbite_vta_20260107_202443,atari_frostbite,/home/haselab/murakawa/stable-deep-world-model/logdir/atari_frostbite_vta_20260107_202443/latest.pt,/home/haselab/murakawa/stable-deep-world-model/logdir/atari_frostbite_vta_20260107_202443/train_eps/20260108T163622-6a2855e80f96423f8e6321ab3a435bdc-1194.npz,915,66.01441192626953,1135.3443603515625,-3.2202304614860347e-18
/home/haselab/murakawa/stable-deep-world-model/logdir/atari_frostbite_vta_20260107_202443,atari_frostbite,/home/haselab/murakawa/stable-deep-world-model/logdir/atari_frostbite_vta_20260107_202443/latest.pt,/home/haselab/murakawa/stable-deep-world-model/logdir/atari_frostbite_vta_20260107_202443/train_eps/20260108T163622-6a2855e80f96423f8e6321ab3a435bdc-1194.npz,916,68.70913696289062,1221.9007568359375,-1.15961333379982e-18
/home/haselab/murakawa/stable-deep-world-model/logdir/atari_frostbite_vta_20260107_202443,atari_frostbite,/home/haselab/murakawa/stable-deep-world-model/logdir/atari_frostbite_vta_20260107_202443/latest.pt,/home/haselab/murakawa/stable-deep-world-model/logdir/atari_frostbite_vta_20260107_202443/train_eps/20260108T163622-6a2855e80f96423f8e6321ab3a435bdc-1194.npz,917,57.87015151977539,1019.7822265625,0.0
/home/haselab/murakawa/stable-deep-world-model/logdir/atari_frostbite_vta_20260107_202443,atari_frostbite,/home/haselab/murakawa/stable-deep-world-model/logdir/atari_frostbite_vta_20260107_202443/latest.pt,/home/haselab/murakawa/stable-deep-world-model/logdir/atari_frostbite_vta_20260107_202443/train_eps/20260108T163622-6a2855e80f96423f8e6321ab3a435bdc-1194.npz,918,58.22319412231445,1026.8172607421875,0.32230904698371887
/home/haselab/murakawa/stable-deep-world-model/logdir/atari_frostbite_vta_20260107_202443,atari_frostbite,/home/haselab/murakawa/stable-deep-world-model/logdir/atari_frostbite_vta_20260107_202443/latest.pt,/home/haselab/murakawa/stable-deep-world-model/logdir/atari_frostbite_vta_20260107_202443/train_eps/20260108T163622-6a2855e80f96423f8e6321ab3a435bdc-1194.npz,919,58.33517837524414,1043.9947509765625,0.2983625829219818
/home/haselab/murakawa/stable-deep-world-model/logdir/atari_frostbite_vta_20260107_202443,atari_frostbite,/home/haselab/murakawa/stable-deep-world-model/logdir/atari_frostbite_vta_20260107_202443/latest.pt,/home/haselab/murakawa/stable-deep-world-model/logdir/atari_frostbite_vta_20260107_202443/train_eps/20260108T163622-6a2855e80f96423f8e6321ab3a435bdc-1194.npz,920,59.796043395996094,1090.10107421875,0.032079216092824936
/home/haselab/murakawa/stable-deep-world-model/logdir/atari_frostbite_vta_20260107_202443,atari_frostbite,/home/haselab/murakawa/stable-deep-world-model/logdir/atari_frostbite_vta_20260107_202443/latest.pt,/home/haselab/murakawa/stable-deep-world-model/logdir/atari_frostbite_vta_20260107_202443/train_eps/20260108T163622-6a2855e80f96423f8e6321ab3a435bdc-1194.npz,921,60.250099182128906,1132.7696533203125,0.00019701276323758066
/home/haselab/murakawa/stable-deep-world-model/logdir/atari_frostbite_vta_20260107_202443,atari_frostbite,/home/haselab/murakawa/stable-deep-world-model/logdir/atari_frostbite_vta_20260107_202443/latest.pt,/home/haselab/murakawa/stable-deep-world-model/logdir/atari_frostbite_vta_20260107_202443/train_eps/20260108T163622-6a2855e80f96423f8e6321ab3a435bdc-1194.npz,922,60.143314361572266,1145.6279296875,4.315469413995743e-05
/home/haselab/murakawa/stable-deep-world-model/logdir/atari_frostbite_vta_20260107_202443,atari_frostbite,/home/haselab/murakawa/stable-deep-world-model/logdir/atari_frostbite_vta_20260107_202443/latest.pt,/home/haselab/murakawa/stable-deep-world-model/logdir/atari_frostbite_vta_20260107_202443/train_eps/20260108T163622-6a2855e80f96423f8e6321ab3a435bdc-1194.npz,923,60.23696517944336,1180.6512451171875,1.3113030945532955e-06
/home/haselab/murakawa/stable-deep-world-model/logdir/atari_frostbite_vta_20260107_202443,atari_frostbite,/home/haselab/murakawa/stable-deep-world-model/logdir/atari_frostbite_vta_20260107_202443/latest.pt,/home/haselab/murakawa/stable-deep-world-model/logdir/atari_frostbite_vta_20260107_202443/train_eps/20260108T163622-6a2855e80f96423f8e6321ab3a435bdc-1194.npz,924,59.6495246887207,1157.380859375,1.1920930376163597e-07
/home/haselab/murakawa/stable-deep-world-model/logdir/atari_frostbite_vta_20260107_202443,atari_frostbite,/home/haselab/murakawa/stable-deep-world-model/logdir/atari_frostbite_vta_20260107_202443/latest.pt,/home/haselab/murakawa/stable-deep-world-model/logdir/atari_frostbite_vta_20260107_202443/train_eps/20260108T163622-6a2855e80f96423f8e6321ab3a435bdc-1194.npz,925,59.236183166503906,1155.467041015625,1.1920930376163597e-07
/home/haselab/murakawa/stable-deep-world-model/logdir/atari_frostbite_vta_20260107_202443,atari_frostbite,/home/haselab/murakawa/stable-deep-world-model/logdir/atari_frostbite_vta_20260107_202443/latest.pt,/home/haselab/murakawa/stable-deep-world-model/logdir/atari_frostbite_vta_20260107_202443/train_eps/20260108T163622-6a2855e80f96423f8e6321ab3a435bdc-1194.npz,926,56.9398193359375,1042.2694091796875,1.1920930376163597e-07
/home/haselab/murakawa/stable-deep-world-model/logdir/atari_frostbite_vta_20260107_202443,atari_frostbite,/home/haselab/murakawa/stable-deep-world-model/logdir/atari_frostbite_vta_20260107_202443/latest.pt,/home/haselab/murakawa/stable-deep-world-model/logdir/atari_frostbite_vta_20260107_202443/train_eps/20260108T163622-6a2855e80f96423f8e6321ab3a435bdc-1194.npz,927,56.96339416503906,1026.9827880859375,4.768372718899627e-07
/home/haselab/murakawa/stable-deep-world-model/logdir/atari_frostbite_vta_20260107_202443,atari_frostbite,/home/haselab/murakawa/stable-deep-world-model/logdir/atari_frostbite_vta_20260107_202443/latest.pt,/home/haselab/murakawa/stable-deep-world-model/logdir/atari_frostbite_vta_20260107_202443/train_eps/20260108T163622-6a2855e80f96423f8e6321ab3a435bdc-1194.npz,928,55.307464599609375,957.674072265625,1.6689314179529902e-06
/home/haselab/murakawa/stable-deep-world-model/logdir/atari_frostbite_vta_20260107_202443,atari_frostbite,/home/haselab/murakawa/stable-deep-world-model/logdir/atari_frostbite_vta_20260107_202443/latest.pt,/home/haselab/murakawa/stable-deep-world-model/logdir/atari_frostbite_vta_20260107_202443/train_eps/20260108T163622-6a2855e80f96423f8e6321ab3a435bdc-1194.npz,929,54.943328857421875,941.2613525390625,3.576279254957626e-07
/home/haselab/murakawa/stable-deep-world-model/logdir/atari_frostbite_vta_20260107_202443,atari_frostbite,/home/haselab/murakawa/stable-deep-world-model/logdir/atari_frostbite_vta_20260107_202443/latest.pt,/home/haselab/murakawa/stable-deep-world-model/logdir/atari_frostbite_vta_20260107_202443/train_eps/20260108T163622-6a2855e80f96423f8e6321ab3a435bdc-1194.npz,930,53.84653091430664,881.6458740234375,1.1920930376163597e-07
/home/haselab/murakawa/stable-deep-world-model/logdir/atari_frostbite_vta_20260107_202443,atari_frostbite,/home/haselab/murakawa/stable-deep-world-model/logdir/atari_frostbite_vta_20260107_202443/latest.pt,/home/haselab/murakawa/stable-deep-world-model/logdir/atari_frostbite_vta_20260107_202443/train_eps/20260108T163622-6a2855e80f96423f8e6321ab3a435bdc-1194.npz,931,53.48304748535156,862.5341796875,-1.569745637829334e-23
/home/haselab/murakawa/stable-deep-world-model/logdir/atari_frostbite_vta_20260107_202443,atari_frostbite,/home/haselab/murakawa/stable-deep-world-model/logdir/atari_frostbite_vta_20260107_202443/latest.pt,/home/haselab/murakawa/stable-deep-world-model/logdir/atari_frostbite_vta_20260107_202443/train_eps/20260108T163622-6a2855e80f96423f8e6321ab3a435bdc-1194.npz,932,53.33659362792969,823.9351196289062,-6.88605124979107e-24
/home/haselab/murakawa/stable-deep-world-model/logdir/atari_frostbite_vta_20260107_202443,atari_frostbite,/home/haselab/murakawa/stable-deep-world-model/logdir/atari_frostbite_vta_20260107_202443/latest.pt,/home/haselab/murakawa/stable-deep-world-model/logdir/atari_frostbite_vta_20260107_202443/train_eps/20260108T163622-6a2855e80f96423f8e6321ab3a435bdc-1194.npz,933,53.991024017333984,850.635986328125,-5.879483667390785e-24
/home/haselab/murakawa/stable-deep-world-model/logdir/atari_frostbite_vta_20260107_202443,atari_frostbite,/home/haselab/murakawa/stable-deep-world-model/logdir/atari_frostbite_vta_20260107_202443/latest.pt,/home/haselab/murakawa/stable-deep-world-model/logdir/atari_frostbite_vta_20260107_202443/train_eps/20260108T163622-6a2855e80f96423f8e6321ab3a435bdc-1194.npz,934,53.16963195800781,826.4564819335938,4.768372718899627e-07
/home/haselab/murakawa/stable-deep-world-model/logdir/atari_frostbite_vta_20260107_202443,atari_frostbite,/home/haselab/murakawa/stable-deep-world-model/logdir/atari_frostbite_vta_20260107_202443/latest.pt,/home/haselab/murakawa/stable-deep-world-model/logdir/atari_frostbite_vta_20260107_202443/train_eps/20260108T163622-6a2855e80f96423f8e6321ab3a435bdc-1194.npz,935,53.683265686035156,848.2272338867188,-5.345703176237958e-22
/home/haselab/murakawa/stable-deep-world-model/logdir/atari_frostbite_vta_20260107_202443,atari_frostbite,/home/haselab/murakawa/stable-deep-world-model/logdir/atari_frostbite_vta_20260107_202443/latest.pt,/home/haselab/murakawa/stable-deep-world-model/logdir/atari_frostbite_vta_20260107_202443/train_eps/20260108T163622-6a2855e80f96423f8e6321ab3a435bdc-1194.npz,936,54.25682067871094,883.5676879882812,2.3841860752327193e-07
/home/haselab/murakawa/stable-deep-world-model/logdir/atari_frostbite_vta_20260107_202443,atari_frostbite,/home/haselab/murakawa/stable-deep-world-model/logdir/atari_frostbite_vta_20260107_202443/latest.pt,/home/haselab/murakawa/stable-deep-world-model/logdir/atari_frostbite_vta_20260107_202443/train_eps/20260108T163622-6a2855e80f96423f8e6321ab3a435bdc-1194.npz,937,54.8930778503418,904.5225830078125,3.099446303167497e-06
/home/haselab/murakawa/stable-deep-world-model/logdir/atari_frostbite_vta_20260107_202443,atari_frostbite,/home/haselab/murakawa/stable-deep-world-model/logdir/atari_frostbite_vta_20260107_202443/latest.pt,/home/haselab/murakawa/stable-deep-world-model/logdir/atari_frostbite_vta_20260107_202443/train_eps/20260108T163622-6a2855e80f96423f8e6321ab3a435bdc-1194.npz,938,55.41159439086914,933.4060668945312,9.89442014542874e-06
/home/haselab/murakawa/stable-deep-world-model/logdir/atari_frostbite_vta_20260107_202443,atari_frostbite,/home/haselab/murakawa/stable-deep-world-model/logdir/atari_frostbite_vta_20260107_202443/latest.pt,/home/haselab/murakawa/stable-deep-world-model/logdir/atari_frostbite_vta_20260107_202443/train_eps/20260108T163622-6a2855e80f96423f8e6321ab3a435bdc-1194.npz,939,55.15827178955078,919.4354858398438,1.6689314179529902e-06
/home/haselab/murakawa/stable-deep-world-model/logdir/atari_frostbite_vta_20260107_202443,atari_frostbite,/home/haselab/murakawa/stable-deep-world-model/logdir/atari_frostbite_vta_20260107_202443/latest.pt,/home/haselab/murakawa/stable-deep-world-model/logdir/atari_frostbite_vta_20260107_202443/train_eps/20260108T163622-6a2855e80f96423f8e6321ab3a435bdc-1194.npz,940,54.74989318847656,883.5505981445312,1.1920930376163597e-07
/home/haselab/murakawa/stable-deep-world-model/logdir/atari_frostbite_vta_20260107_202443,atari_frostbite,/home/haselab/murakawa/stable-deep-world-model/logdir/atari_frostbite_vta_20260107_202443/latest.pt,/home/haselab/murakawa/stable-deep-world-model/logdir/atari_frostbite_vta_20260107_202443/train_eps/20260108T163622-6a2855e80f96423f8e6321ab3a435bdc-1194.npz,941,55.10652160644531,883.704345703125,2.0265599687263602e-06
/home/haselab/murakawa/stable-deep-world-model/logdir/atari_frostbite_vta_20260107_202443,atari_frostbite,/home/haselab/murakawa/stable-deep-world-model/logdir/atari_frostbite_vta_20260107_202443/latest.pt,/home/haselab/murakawa/stable-deep-world-model/logdir/atari_frostbite_vta_20260107_202443/train_eps/20260108T163622-6a2855e80f96423f8e6321ab3a435bdc-1194.npz,942,56.00078582763672,898.4686279296875,1.6689314179529902e-06
/home/haselab/murakawa/stable-deep-world-model/logdir/atari_frostbite_vta_20260107_202443,atari_frostbite,/home/haselab/murakawa/stable-deep-world-model/logdir/atari_frostbite_vta_20260107_202443/latest.pt,/home/haselab/murakawa/stable-deep-world-model/logdir/atari_frostbite_vta_20260107_202443/train_eps/20260108T163622-6a2855e80f96423f8e6321ab3a435bdc-1194.npz,943,56.23048400878906,904.493896484375,3.278309304732829e-05
/home/haselab/murakawa/stable-deep-world-model/logdir/atari_frostbite_vta_20260107_202443,atari_frostbite,/home/haselab/murakawa/stable-deep-world-model/logdir/atari_frostbite_vta_20260107_202443/latest.pt,/home/haselab/murakawa/stable-deep-world-model/logdir/atari_frostbite_vta_20260107_202443/train_eps/20260108T163622-6a2855e80f96423f8e6321ab3a435bdc-1194.npz,944,59.026947021484375,1004.0543212890625,4.768372718899627e-07
/home/haselab/murakawa/stable-deep-world-model/logdir/atari_frostbite_vta_20260107_202443,atari_frostbite,/home/haselab/murakawa/stable-deep-world-model/logdir/atari_frostbite_vta_20260107_202443/latest.pt,/home/haselab/murakawa/stable-deep-world-model/logdir/atari_frostbite_vta_20260107_202443/train_eps/20260108T163622-6a2855e80f96423f8e6321ab3a435bdc-1194.npz,945,59.202999114990234,1014.6504516601562,2.7418175250204513e-06
/home/haselab/murakawa/stable-deep-world-model/logdir/atari_frostbite_vta_20260107_202443,atari_frostbite,/home/haselab/murakawa/stable-deep-world-model/logdir/atari_frostbite_vta_20260107_202443/latest.pt,/home/haselab/murakawa/stable-deep-world-model/logdir/atari_frostbite_vta_20260107_202443/train_eps/20260108T163622-6a2855e80f96423f8e6321ab3a435bdc-1194.npz,946,59.763362884521484,1019.6853637695312,2.622607780722319e-06
/home/haselab/murakawa/stable-deep-world-model/logdir/atari_frostbite_vta_20260107_202443,atari_frostbite,/home/haselab/murakawa/stable-deep-world-model/logdir/atari_frostbite_vta_20260107_202443/latest.pt,/home/haselab/murakawa/stable-deep-world-model/logdir/atari_frostbite_vta_20260107_202443/train_eps/20260108T163622-6a2855e80f96423f8e6321ab3a435bdc-1194.npz,947,60.04853057861328,1028.9649658203125,9.465665789321065e-05
/home/haselab/murakawa/stable-deep-world-model/logdir/atari_frostbite_vta_20260107_202443,atari_frostbite,/home/haselab/murakawa/stable-deep-world-model/logdir/atari_frostbite_vta_20260107_202443/latest.pt,/home/haselab/murakawa/stable-deep-world-model/logdir/atari_frostbite_vta_20260107_202443/train_eps/20260108T163622-6a2855e80f96423f8e6321ab3a435bdc-1194.npz,948,60.729164123535156,1039.369140625,6.342135020531714e-05
/home/haselab/murakawa/stable-deep-world-model/logdir/atari_frostbite_vta_20260107_202443,atari_frostbite,/home/haselab/murakawa/stable-deep-world-model/logdir/atari_frostbite_vta_20260107_202443/latest.pt,/home/haselab/murakawa/stable-deep-world-model/logdir/atari_frostbite_vta_20260107_202443/train_eps/20260108T163622-6a2855e80f96423f8e6321ab3a435bdc-1194.npz,949,60.86994934082031,1050.296630859375,8.356920443475246e-05
/home/haselab/murakawa/stable-deep-world-model/logdir/atari_frostbite_vta_20260107_202443,atari_frostbite,/home/haselab/murakawa/stable-deep-world-model/logdir/atari_frostbite_vta_20260107_202443/latest.pt,/home/haselab/murakawa/stable-deep-world-model/logdir/atari_frostbite_vta_20260107_202443/train_eps/20260108T163622-6a2855e80f96423f8e6321ab3a435bdc-1194.npz,950,61.64654541015625,1056.055908203125,3.826691317954101e-05
/home/haselab/murakawa/stable-deep-world-model/logdir/atari_frostbite_vta_20260107_202443,atari_frostbite,/home/haselab/murakawa/stable-deep-world-model/logdir/atari_frostbite_vta_20260107_202443/latest.pt,/home/haselab/murakawa/stable-deep-world-model/logdir/atari_frostbite_vta_20260107_202443/train_eps/20260108T163622-6a2855e80f96423f8e6321ab3a435bdc-1194.npz,951,62.66471481323242,1112.35107421875,4.768485450767912e-05
/home/haselab/murakawa/stable-deep-world-model/logdir/atari_frostbite_vta_20260107_202443,atari_frostbite,/home/haselab/murakawa/stable-deep-world-model/logdir/atari_frostbite_vta_20260107_202443/latest.pt,/home/haselab/murakawa/stable-deep-world-model/logdir/atari_frostbite_vta_20260107_202443/train_eps/20260108T163622-6a2855e80f96423f8e6321ab3a435bdc-1194.npz,952,65.042724609375,1217.904052734375,2.8849064619862475e-05
/home/haselab/murakawa/stable-deep-world-model/logdir/atari_frostbite_vta_20260107_202443,atari_frostbite,/home/haselab/murakawa/stable-deep-world-model/logdir/atari_frostbite_vta_20260107_202443/latest.pt,/home/haselab/murakawa/stable-deep-world-model/logdir/atari_frostbite_vta_20260107_202443/train_eps/20260108T163622-6a2855e80f96423f8e6321ab3a435bdc-1194.npz,953,65.6639175415039,1254.497802734375,9.775209946383256e-06
/home/haselab/murakawa/stable-deep-world-model/logdir/atari_frostbite_vta_20260107_202443,atari_frostbite,/home/haselab/murakawa/stable-deep-world-model/logdir/atari_frostbite_vta_20260107_202443/latest.pt,/home/haselab/murakawa/stable-deep-world-model/logdir/atari_frostbite_vta_20260107_202443/train_eps/20260108T163622-6a2855e80f96423f8e6321ab3a435bdc-1194.npz,954,65.36408996582031,1272.675537109375,1.0132840543519706e-05
/home/haselab/murakawa/stable-deep-world-model/logdir/atari_frostbite_vta_20260107_202443,atari_frostbite,/home/haselab/murakawa/stable-deep-world-model/logdir/atari_frostbite_vta_20260107_202443/latest.pt,/home/haselab/murakawa/stable-deep-world-model/logdir/atari_frostbite_vta_20260107_202443/train_eps/20260108T163622-6a2855e80f96423f8e6321ab3a435bdc-1194.npz,955,65.24972534179688,1280.5675048828125,4.768372718899627e-07
/home/haselab/murakawa/stable-deep-world-model/logdir/atari_frostbite_vta_20260107_202443,atari_frostbite,/home/haselab/murakawa/stable-deep-world-model/logdir/atari_frostbite_vta_20260107_202443/latest.pt,/home/haselab/murakawa/stable-deep-world-model/logdir/atari_frostbite_vta_20260107_202443/train_eps/20260108T163622-6a2855e80f96423f8e6321ab3a435bdc-1194.npz,956,64.52741241455078,1292.1044921875,1.7881409348774469e-06
/home/haselab/murakawa/stable-deep-world-model/logdir/atari_frostbite_vta_20260107_202443,atari_frostbite,/home/haselab/murakawa/stable-deep-world-model/logdir/atari_frostbite_vta_20260107_202443/latest.pt,/home/haselab/murakawa/stable-deep-world-model/logdir/atari_frostbite_vta_20260107_202443/train_eps/20260108T163622-6a2855e80f96423f8e6321ab3a435bdc-1194.npz,957,64.82770538330078,1306.5152587890625,-1.9855907057881958e-24
/home/haselab/murakawa/stable-deep-world-model/logdir/atari_frostbite_vta_20260107_202443,atari_frostbite,/home/haselab/murakawa/stable-deep-world-model/logdir/atari_frostbite_vta_20260107_202443/latest.pt,/home/haselab/murakawa/stable-deep-world-model/logdir/atari_frostbite_vta_20260107_202443/train_eps/20260108T163622-6a2855e80f96423f8e6321ab3a435bdc-1194.npz,958,64.50794982910156,1315.8651123046875,1.1920930376163597e-07
/home/haselab/murakawa/stable-deep-world-model/logdir/atari_frostbite_vta_20260107_202443,atari_frostbite,/home/haselab/murakawa/stable-deep-world-model/logdir/atari_frostbite_vta_20260107_202443/latest.pt,/home/haselab/murakawa/stable-deep-world-model/logdir/atari_frostbite_vta_20260107_202443/train_eps/20260108T163622-6a2855e80f96423f8e6321ab3a435bdc-1194.npz,959,64.92477416992188,1333.9932861328125,-1.0517134609173601e-23
/home/haselab/murakawa/stable-deep-world-model/logdir/atari_frostbite_vta_20260107_202443,atari_frostbite,/home/haselab/murakawa/stable-deep-world-model/logdir/atari_frostbite_vta_20260107_202443/latest.pt,/home/haselab/murakawa/stable-deep-world-model/logdir/atari_frostbite_vta_20260107_202443/train_eps/20260108T163622-6a2855e80f96423f8e6321ab3a435bdc-1194.npz,960,64.90493774414062,1332.0045166015625,2.3841860752327193e-07
/home/haselab/murakawa/stable-deep-world-model/logdir/atari_frostbite_vta_20260107_202443,atari_frostbite,/home/haselab/murakawa/stable-deep-world-model/logdir/atari_frostbite_vta_20260107_202443/latest.pt,/home/haselab/murakawa/stable-deep-world-model/logdir/atari_frostbite_vta_20260107_202443/train_eps/20260108T163622-6a2855e80f96423f8e6321ab3a435bdc-1194.npz,961,64.9847183227539,1334.2607421875,5.960466182841628e-07
/home/haselab/murakawa/stable-deep-world-model/logdir/atari_frostbite_vta_20260107_202443,atari_frostbite,/home/haselab/murakawa/stable-deep-world-model/logdir/atari_frostbite_vta_20260107_202443/latest.pt,/home/haselab/murakawa/stable-deep-world-model/logdir/atari_frostbite_vta_20260107_202443/train_eps/20260108T163622-6a2855e80f96423f8e6321ab3a435bdc-1194.npz,962,65.08839416503906,1340.4425048828125,1.1920930376163597e-07
/home/haselab/murakawa/stable-deep-world-model/logdir/atari_frostbite_vta_20260107_202443,atari_frostbite,/home/haselab/murakawa/stable-deep-world-model/logdir/atari_frostbite_vta_20260107_202443/latest.pt,/home/haselab/murakawa/stable-deep-world-model/logdir/atari_frostbite_vta_20260107_202443/train_eps/20260108T163622-6a2855e80f96423f8e6321ab3a435bdc-1194.npz,963,65.11031341552734,1339.4884033203125,1.1920930376163597e-07
/home/haselab/murakawa/stable-deep-world-model/logdir/atari_frostbite_vta_20260107_202443,atari_frostbite,/home/haselab/murakawa/stable-deep-world-model/logdir/atari_frostbite_vta_20260107_202443/latest.pt,/home/haselab/murakawa/stable-deep-world-model/logdir/atari_frostbite_vta_20260107_202443/train_eps/20260108T163622-6a2855e80f96423f8e6321ab3a435bdc-1194.npz,964,65.17205810546875,1342.25244140625,3.576279254957626e-07
/home/haselab/murakawa/stable-deep-world-model/logdir/atari_frostbite_vta_20260107_202443,atari_frostbite,/home/haselab/murakawa/stable-deep-world-model/logdir/atari_frostbite_vta_20260107_202443/latest.pt,/home/haselab/murakawa/stable-deep-world-model/logdir/atari_frostbite_vta_20260107_202443/train_eps/20260108T163622-6a2855e80f96423f8e6321ab3a435bdc-1194.npz,965,65.20853424072266,1343.096923828125,2.3841860752327193e-07
/home/haselab/murakawa/stable-deep-world-model/logdir/atari_frostbite_vta_20260107_202443,atari_frostbite,/home/haselab/murakawa/stable-deep-world-model/logdir/atari_frostbite_vta_20260107_202443/latest.pt,/home/haselab/murakawa/stable-deep-world-model/logdir/atari_frostbite_vta_20260107_202443/train_eps/20260108T163622-6a2855e80f96423f8e6321ab3a435bdc-1194.npz,966,65.17320251464844,1340.113037109375,4.768372718899627e-07
/home/haselab/murakawa/stable-deep-world-model/logdir/atari_frostbite_vta_20260107_202443,atari_frostbite,/home/haselab/murakawa/stable-deep-world-model/logdir/atari_frostbite_vta_20260107_202443/latest.pt,/home/haselab/murakawa/stable-deep-world-model/logdir/atari_frostbite_vta_20260107_202443/train_eps/20260108T163622-6a2855e80f96423f8e6321ab3a435bdc-1194.npz,967,63.27519989013672,1579.5159912109375,0.0
/home/haselab/murakawa/stable-deep-world-model/logdir/atari_frostbite_vta_20260107_202443,atari_frostbite,/home/haselab/murakawa/stable-deep-world-model/logdir/atari_frostbite_vta_20260107_202443/latest.pt,/home/haselab/murakawa/stable-deep-world-model/logdir/atari_frostbite_vta_20260107_202443/train_eps/20260108T163622-6a2855e80f96423f8e6321ab3a435bdc-1194.npz,968,63.304046630859375,1580.9395751953125,0.6903980374336243
/home/haselab/murakawa/stable-deep-world-model/logdir/atari_frostbite_vta_20260107_202443,atari_frostbite,/home/haselab/murakawa/stable-deep-world-model/logdir/atari_frostbite_vta_20260107_202443/latest.pt,/home/haselab/murakawa/stable-deep-world-model/logdir/atari_frostbite_vta_20260107_202443/train_eps/20260108T163622-6a2855e80f96423f8e6321ab3a435bdc-1194.npz,969,63.406593322753906,1587.2916259765625,0.14926272630691528
/home/haselab/murakawa/stable-deep-world-model/logdir/atari_frostbite_vta_20260107_202443,atari_frostbite,/home/haselab/murakawa/stable-deep-world-model/logdir/atari_frostbite_vta_20260107_202443/latest.pt,/home/haselab/murakawa/stable-deep-world-model/logdir/atari_frostbite_vta_20260107_202443/train_eps/20260108T163622-6a2855e80f96423f8e6321ab3a435bdc-1194.npz,970,63.5567741394043,1596.395263671875,0.0076038711704313755
/home/haselab/murakawa/stable-deep-world-model/logdir/atari_frostbite_vta_20260107_202443,atari_frostbite,/home/haselab/murakawa/stable-deep-world-model/logdir/atari_frostbite_vta_20260107_202443/latest.pt,/home/haselab/murakawa/stable-deep-world-model/logdir/atari_frostbite_vta_20260107_202443/train_eps/20260108T163622-6a2855e80f96423f8e6321ab3a435bdc-1194.npz,971,63.556739807128906,1597.2271728515625,0.01594880037009716
/home/haselab/murakawa/stable-deep-world-model/logdir/atari_frostbite_vta_20260107_202443,atari_frostbite,/home/haselab/murakawa/stable-deep-world-model/logdir/atari_frostbite_vta_20260107_202443/latest.pt,/home/haselab/murakawa/stable-deep-world-model/logdir/atari_frostbite_vta_20260107_202443/train_eps/20260108T163622-6a2855e80f96423f8e6321ab3a435bdc-1194.npz,972,63.40240478515625,1586.722412109375,0.007909380830824375
/home/haselab/murakawa/stable-deep-world-model/logdir/atari_frostbite_vta_20260107_202443,atari_frostbite,/home/haselab/murakawa/stable-deep-world-model/logdir/atari_frostbite_vta_20260107_202443/latest.pt,/home/haselab/murakawa/stable-deep-world-model/logdir/atari_frostbite_vta_20260107_202443/train_eps/20260108T163622-6a2855e80f96423f8e6321ab3a435bdc-1194.npz,973,63.38505172729492,1586.481201171875,0.004276406019926071
/home/haselab/murakawa/stable-deep-world-model/logdir/atari_frostbite_vta_20260107_202443,atari_frostbite,/home/haselab/murakawa/stable-deep-world-model/logdir/atari_frostbite_vta_20260107_202443/latest.pt,/home/haselab/murakawa/stable-deep-world-model/logdir/atari_frostbite_vta_20260107_202443/train_eps/20260108T163622-6a2855e80f96423f8e6321ab3a435bdc-1194.npz,974,63.45557403564453,1593.607421875,0.0068765138275921345
/home/haselab/murakawa/stable-deep-world-model/logdir/atari_frostbite_vta_20260107_202443,atari_frostbite,/home/haselab/murakawa/stable-deep-world-model/logdir/atari_frostbite_vta_20260107_202443/latest.pt,/home/haselab/murakawa/stable-deep-world-model/logdir/atari_frostbite_vta_20260107_202443/train_eps/20260108T163622-6a2855e80f96423f8e6321ab3a435bdc-1194.npz,975,63.45100021362305,1594.1954345703125,0.011842659674584866
/home/haselab/murakawa/stable-deep-world-model/logdir/atari_frostbite_vta_20260107_202443,atari_frostbite,/home/haselab/murakawa/stable-deep-world-model/logdir/atari_frostbite_vta_20260107_202443/latest.pt,/home/haselab/murakawa/stable-deep-world-model/logdir/atari_frostbite_vta_20260107_202443/train_eps/20260108T163622-6a2855e80f96423f8e6321ab3a435bdc-1194.npz,976,63.43949890136719,1591.7576904296875,0.010439638048410416
/home/haselab/murakawa/stable-deep-world-model/logdir/atari_frostbite_vta_20260107_202443,atari_frostbite,/home/haselab/murakawa/stable-deep-world-model/logdir/atari_frostbite_vta_20260107_202443/latest.pt,/home/haselab/murakawa/stable-deep-world-model/logdir/atari_frostbite_vta_20260107_202443/train_eps/20260108T163622-6a2855e80f96423f8e6321ab3a435bdc-1194.npz,977,63.4390754699707,1592.230224609375,0.006443292833864689
/home/haselab/murakawa/stable-deep-world-model/logdir/atari_frostbite_vta_20260107_202443,atari_frostbite,/home/haselab/murakawa/stable-deep-world-model/logdir/atari_frostbite_vta_20260107_202443/latest.pt,/home/haselab/murakawa/stable-deep-world-model/logdir/atari_frostbite_vta_20260107_202443/train_eps/20260108T163622-6a2855e80f96423f8e6321ab3a435bdc-1194.npz,978,63.4589958190918,1593.03076171875,0.010055925697088242
/home/haselab/murakawa/stable-deep-world-model/logdir/atari_frostbite_vta_20260107_202443,atari_frostbite,/home/haselab/murakawa/stable-deep-world-model/logdir/atari_frostbite_vta_20260107_202443/latest.pt,/home/haselab/murakawa/stable-deep-world-model/logdir/atari_frostbite_vta_20260107_202443/train_eps/20260108T163622-6a2855e80f96423f8e6321ab3a435bdc-1194.npz,979,63.4818000793457,1593.180908203125,0.004510366823524237
/home/haselab/murakawa/stable-deep-world-model/logdir/atari_frostbite_vta_20260107_202443,atari_frostbite,/home/haselab/murakawa/stable-deep-world-model/logdir/atari_frostbite_vta_20260107_202443/latest.pt,/home/haselab/murakawa/stable-deep-world-model/logdir/atari_frostbite_vta_20260107_202443/train_eps/20260108T163622-6a2855e80f96423f8e6321ab3a435bdc-1194.npz,980,63.541900634765625,1596.11572265625,0.004069132264703512
/home/haselab/murakawa/stable-deep-world-model/logdir/atari_frostbite_vta_20260107_202443,atari_frostbite,/home/haselab/murakawa/stable-deep-world-model/logdir/atari_frostbite_vta_20260107_202443/latest.pt,/home/haselab/murakawa/stable-deep-world-model/logdir/atari_frostbite_vta_20260107_202443/train_eps/20260108T163622-6a2855e80f96423f8e6321ab3a435bdc-1194.npz,981,63.541900634765625,1596.11572265625,0.0021002874709665775
/home/haselab/murakawa/stable-deep-world-model/logdir/atari_frostbite_vta_20260107_202443,atari_frostbite,/home/haselab/murakawa/stable-deep-world-model/logdir/atari_frostbite_vta_20260107_202443/latest.pt,/home/haselab/murakawa/stable-deep-world-model/logdir/atari_frostbite_vta_20260107_202443/train_eps/20260108T163622-6a2855e80f96423f8e6321ab3a435bdc-1194.npz,982,63.4887580871582,1591.791259765625,0.010340685024857521
/home/haselab/murakawa/stable-deep-world-model/logdir/atari_frostbite_vta_20260107_202443,atari_frostbite,/home/haselab/murakawa/stable-deep-world-model/logdir/atari_frostbite_vta_20260107_202443/latest.pt,/home/haselab/murakawa/stable-deep-world-model/logdir/atari_frostbite_vta_20260107_202443/train_eps/20260108T163622-6a2855e80f96423f8e6321ab3a435bdc-1194.npz,983,63.4887580871582,1591.791259765625,0.005982496310025454
/home/haselab/murakawa/stable-deep-world-model/logdir/atari_frostbite_vta_20260107_202443,atari_frostbite,/home/haselab/murakawa/stable-deep-world-model/logdir/atari_frostbite_vta_20260107_202443/latest.pt,/home/haselab/murakawa/stable-deep-world-model/logdir/atari_frostbite_vta_20260107_202443/train_eps/20260108T163622-6a2855e80f96423f8e6321ab3a435bdc-1194.npz,984,63.5060920715332,1592.83056640625,0.00532624451443553
/home/haselab/murakawa/stable-deep-world-model/logdir/atari_frostbite_vta_20260107_202443,atari_frostbite,/home/haselab/murakawa/stable-deep-world-model/logdir/atari_frostbite_vta_20260107_202443/latest.pt,/home/haselab/murakawa/stable-deep-world-model/logdir/atari_frostbite_vta_20260107_202443/train_eps/20260108T163622-6a2855e80f96423f8e6321ab3a435bdc-1194.npz,985,63.5060920715332,1592.83056640625,0.00250264978967607
/home/haselab/murakawa/stable-deep-world-model/logdir/atari_frostbite_vta_20260107_202443,atari_frostbite,/home/haselab/murakawa/stable-deep-world-model/logdir/atari_frostbite_vta_20260107_202443/latest.pt,/home/haselab/murakawa/stable-deep-world-model/logdir/atari_frostbite_vta_20260107_202443/train_eps/20260108T163622-6a2855e80f96423f8e6321ab3a435bdc-1194.npz,986,63.44084930419922,1589.0570068359375,0.0029174285009503365
/home/haselab/murakawa/stable-deep-world-model/logdir/atari_frostbite_vta_20260107_202443,atari_frostbite,/home/haselab/murakawa/stable-deep-world-model/logdir/atari_frostbite_vta_20260107_202443/latest.pt,/home/haselab/murakawa/stable-deep-world-model/logdir/atari_frostbite_vta_20260107_202443/train_eps/20260108T163622-6a2855e80f96423f8e6321ab3a435bdc-1194.npz,987,63.44084930419922,1589.0570068359375,0.003431718097999692
/home/haselab/murakawa/stable-deep-world-model/logdir/atari_frostbite_vta_20260107_202443,atari_frostbite,/home/haselab/murakawa/stable-deep-world-model/logdir/atari_frostbite_vta_20260107_202443/latest.pt,/home/haselab/murakawa/stable-deep-world-model/logdir/atari_frostbite_vta_20260107_202443/train_eps/20260108T163622-6a2855e80f96423f8e6321ab3a435bdc-1194.npz,988,63.56001281738281,1597.4912109375,0.007110423408448696
/home/haselab/murakawa/stable-deep-world-model/logdir/atari_frostbite_vta_20260107_202443,atari_frostbite,/home/haselab/murakawa/stable-deep-world-model/logdir/atari_frostbite_vta_20260107_202443/latest.pt,/home/haselab/murakawa/stable-deep-world-model/logdir/atari_frostbite_vta_20260107_202443/train_eps/20260108T163622-6a2855e80f96423f8e6321ab3a435bdc-1194.npz,989,63.56001281738281,1597.4912109375,0.0038379672914743423
/home/haselab/murakawa/stable-deep-world-model/logdir/atari_frostbite_vta_20260107_202443,atari_frostbite,/home/haselab/murakawa/stable-deep-world-model/logdir/atari_frostbite_vta_20260107_202443/latest.pt,/home/haselab/murakawa/stable-deep-world-model/logdir/atari_frostbite_vta_20260107_202443/train_eps/20260108T163622-6a2855e80f96423f8e6321ab3a435bdc-1194.npz,990,63.479496002197266,1591.259033203125,0.001752838958054781
/home/haselab/murakawa/stable-deep-world-model/logdir/atari_frostbite_vta_20260107_202443,atari_frostbite,/home/haselab/murakawa/stable-deep-world-model/logdir/atari_frostbite_vta_20260107_202443/latest.pt,/home/haselab/murakawa/stable-deep-world-model/logdir/atari_frostbite_vta_20260107_202443/train_eps/20260108T163622-6a2855e80f96423f8e6321ab3a435bdc-1194.npz,991,63.479496002197266,1591.259033203125,0.0019718166440725327
/home/haselab/murakawa/stable-deep-world-model/logdir/atari_frostbite_vta_20260107_202443,atari_frostbite,/home/haselab/murakawa/stable-deep-world-model/logdir/atari_frostbite_vta_20260107_202443/latest.pt,/home/haselab/murakawa/stable-deep-world-model/logdir/atari_frostbite_vta_20260107_202443/train_eps/20260108T163622-6a2855e80f96423f8e6321ab3a435bdc-1194.npz,992,63.522212982177734,1595.093017578125,0.0039005554281175137
/home/haselab/murakawa/stable-deep-world-model/logdir/atari_frostbite_vta_20260107_202443,atari_frostbite,/home/haselab/murakawa/stable-deep-world-model/logdir/atari_frostbite_vta_20260107_202443/latest.pt,/home/haselab/murakawa/stable-deep-world-model/logdir/atari_frostbite_vta_20260107_202443/train_eps/20260108T163622-6a2855e80f96423f8e6321ab3a435bdc-1194.npz,993,63.522212982177734,1595.093017578125,0.003537108190357685
/home/haselab/murakawa/stable-deep-world-model/logdir/atari_frostbite_vta_20260107_202443,atari_frostbite,/home/haselab/murakawa/stable-deep-world-model/logdir/atari_frostbite_vta_20260107_202443/latest.pt,/home/haselab/murakawa/stable-deep-world-model/logdir/atari_frostbite_vta_20260107_202443/train_eps/20260108T163622-6a2855e80f96423f8e6321ab3a435bdc-1194.npz,994,63.57715606689453,1599.0130615234375,0.001605189056135714
/home/haselab/murakawa/stable-deep-world-model/logdir/atari_frostbite_vta_20260107_202443,atari_frostbite,/home/haselab/murakawa/stable-deep-world-model/logdir/atari_frostbite_vta_20260107_202443/latest.pt,/home/haselab/murakawa/stable-deep-world-model/logdir/atari_frostbite_vta_20260107_202443/train_eps/20260108T163622-6a2855e80f96423f8e6321ab3a435bdc-1194.npz,995,63.57715606689453,1599.0130615234375,0.0038344969507306814
/home/haselab/murakawa/stable-deep-world-model/logdir/atari_frostbite_vta_20260107_202443,atari_frostbite,/home/haselab/murakawa/stable-deep-world-model/logdir/atari_frostbite_vta_20260107_202443/latest.pt,/home/haselab/murakawa/stable-deep-world-model/logdir/atari_frostbite_vta_20260107_202443/train_eps/20260108T163622-6a2855e80f96423f8e6321ab3a435bdc-1194.npz,996,63.54985427856445,1595.7711181640625,0.002277044113725424
/home/haselab/murakawa/stable-deep-world-model/logdir/atari_frostbite_vta_20260107_202443,atari_frostbite,/home/haselab/murakawa/stable-deep-world-model/logdir/atari_frostbite_vta_20260107_202443/latest.pt,/home/haselab/murakawa/stable-deep-world-model/logdir/atari_frostbite_vta_20260107_202443/train_eps/20260108T163622-6a2855e80f96423f8e6321ab3a435bdc-1194.npz,997,63.54985427856445,1595.7711181640625,0.012618125416338444
/home/haselab/murakawa/stable-deep-world-model/logdir/atari_frostbite_vta_20260107_202443,atari_frostbite,/home/haselab/murakawa/stable-deep-world-model/logdir/atari_frostbite_vta_20260107_202443/latest.pt,/home/haselab/murakawa/stable-deep-world-model/logdir/atari_frostbite_vta_20260107_202443/train_eps/20260108T163622-6a2855e80f96423f8e6321ab3a435bdc-1194.npz,998,63.490474700927734,1592.421875,0.01351235806941986
/home/haselab/murakawa/stable-deep-world-model/logdir/atari_frostbite_vta_20260107_202443,atari_frostbite,/home/haselab/murakawa/stable-deep-world-model/logdir/atari_frostbite_vta_20260107_202443/latest.pt,/home/haselab/murakawa/stable-deep-world-model/logdir/atari_frostbite_vta_20260107_202443/train_eps/20260108T163622-6a2855e80f96423f8e6321ab3a435bdc-1194.npz,999,63.490474700927734,1592.421875,0.013381929136812687
/home/haselab/murakawa/stable-deep-world-model/logdir/atari_frostbite_vta_20260107_202443,atari_frostbite,/home/haselab/murakawa/stable-deep-world-model/logdir/atari_frostbite_vta_20260107_202443/latest.pt,/home/haselab/murakawa/stable-deep-world-model/logdir/atari_frostbite_vta_20260107_202443/train_eps/20260108T163622-6a2855e80f96423f8e6321ab3a435bdc-1194.npz,1000,63.53522491455078,1595.6158447265625,0.022709770128130913
/home/haselab/murakawa/stable-deep-world-model/logdir/atari_frostbite_vta_20260107_202443,atari_frostbite,/home/haselab/murakawa/stable-deep-world-model/logdir/atari_frostbite_vta_20260107_202443/latest.pt,/home/haselab/murakawa/stable-deep-world-model/logdir/atari_frostbite_vta_20260107_202443/train_eps/20260108T163622-6a2855e80f96423f8e6321ab3a435bdc-1194.npz,1001,63.53522491455078,1595.6158447265625,0.003830368397757411
/home/haselab/murakawa/stable-deep-world-model/logdir/atari_frostbite_vta_20260107_202443,atari_frostbite,/home/haselab/murakawa/stable-deep-world-model/logdir/atari_frostbite_vta_20260107_202443/latest.pt,/home/haselab/murakawa/stable-deep-world-model/logdir/atari_frostbite_vta_20260107_202443/train_eps/20260108T163622-6a2855e80f96423f8e6321ab3a435bdc-1194.npz,1002,63.46194839477539,1590.4078369140625,0.007087672129273415
/home/haselab/murakawa/stable-deep-world-model/logdir/atari_frostbite_vta_20260107_202443,atari_frostbite,/home/haselab/murakawa/stable-deep-world-model/logdir/atari_frostbite_vta_20260107_202443/latest.pt,/home/haselab/murakawa/stable-deep-world-model/logdir/atari_frostbite_vta_20260107_202443/train_eps/20260108T163622-6a2855e80f96423f8e6321ab3a435bdc-1194.npz,1003,63.46194839477539,1590.4078369140625,0.0044679767452180386
/home/haselab/murakawa/stable-deep-world-model/logdir/atari_frostbite_vta_20260107_202443,atari_frostbite,/home/haselab/murakawa/stable-deep-world-model/logdir/atari_frostbite_vta_20260107_202443/latest.pt,/home/haselab/murakawa/stable-deep-world-model/logdir/atari_frostbite_vta_20260107_202443/train_eps/20260108T163622-6a2855e80f96423f8e6321ab3a435bdc-1194.npz,1004,63.53363037109375,1594.435546875,0.004851707257330418
/home/haselab/murakawa/stable-deep-world-model/logdir/atari_frostbite_vta_20260107_202443,atari_frostbite,/home/haselab/murakawa/stable-deep-world-model/logdir/atari_frostbite_vta_20260107_202443/latest.pt,/home/haselab/murakawa/stable-deep-world-model/logdir/atari_frostbite_vta_20260107_202443/train_eps/20260108T163622-6a2855e80f96423f8e6321ab3a435bdc-1194.npz,1005,63.53363037109375,1594.435546875,0.0012215084861963987
/home/haselab/murakawa/stable-deep-world-model/logdir/atari_frostbite_vta_20260107_202443,atari_frostbite,/home/haselab/murakawa/stable-deep-world-model/logdir/atari_frostbite_vta_20260107_202443/latest.pt,/home/haselab/murakawa/stable-deep-world-model/logdir/atari_frostbite_vta_20260107_202443/train_eps/20260108T163622-6a2855e80f96423f8e6321ab3a435bdc-1194.npz,1006,63.485252380371094,1591.0888671875,0.002511433558538556
/home/haselab/murakawa/stable-deep-world-model/logdir/atari_frostbite_vta_20260107_202443,atari_frostbite,/home/haselab/murakawa/stable-deep-world-model/logdir/atari_frostbite_vta_20260107_202443/latest.pt,/home/haselab/murakawa/stable-deep-world-model/logdir/atari_frostbite_vta_20260107_202443/train_eps/20260108T163622-6a2855e80f96423f8e6321ab3a435bdc-1194.npz,1007,63.485252380371094,1591.0888671875,0.0009311599424108863
/home/haselab/murakawa/stable-deep-world-model/logdir/atari_frostbite_vta_20260107_202443,atari_frostbite,/home/haselab/murakawa/stable-deep-world-model/logdir/atari_frostbite_vta_20260107_202443/latest.pt,/home/haselab/murakawa/stable-deep-world-model/logdir/atari_frostbite_vta_20260107_202443/train_eps/20260108T163622-6a2855e80f96423f8e6321ab3a435bdc-1194.npz,1008,63.466487884521484,1591.40185546875,0.001529491739347577
/home/haselab/murakawa/stable-deep-world-model/logdir/atari_frostbite_vta_20260107_202443,atari_frostbite,/home/haselab/murakawa/stable-deep-world-model/logdir/atari_frostbite_vta_20260107_202443/latest.pt,/home/haselab/murakawa/stable-deep-world-model/logdir/atari_frostbite_vta_20260107_202443/train_eps/20260108T163622-6a2855e80f96423f8e6321ab3a435bdc-1194.npz,1009,53.24273681640625,1074.0482177734375,4.43422269821167
/home/haselab/murakawa/stable-deep-world-model/logdir/atari_frostbite_vta_20260107_202443,atari_frostbite,/home/haselab/murakawa/stable-deep-world-model/logdir/atari_frostbite_vta_20260107_202443/latest.pt,/home/haselab/murakawa/stable-deep-world-model/logdir/atari_frostbite_vta_20260107_202443/train_eps/20260108T163622-6a2855e80f96423f8e6321ab3a435bdc-1194.npz,1010,51.6822509765625,961.737060546875,0.0006775766960345209
/home/haselab/murakawa/stable-deep-world-model/logdir/atari_frostbite_vta_20260107_202443,atari_frostbite,/home/haselab/murakawa/stable-deep-world-model/logdir/atari_frostbite_vta_20260107_202443/latest.pt,/home/haselab/murakawa/stable-deep-world-model/logdir/atari_frostbite_vta_20260107_202443/train_eps/20260108T163622-6a2855e80f96423f8e6321ab3a435bdc-1194.npz,1011,51.6822509765625,961.737060546875,-2.919498568675694e-17
/home/haselab/murakawa/stable-deep-world-model/logdir/atari_frostbite_vta_20260107_202443,atari_frostbite,/home/haselab/murakawa/stable-deep-world-model/logdir/atari_frostbite_vta_20260107_202443/latest.pt,/home/haselab/murakawa/stable-deep-world-model/logdir/atari_frostbite_vta_20260107_202443/train_eps/20260108T163622-6a2855e80f96423f8e6321ab3a435bdc-1194.npz,1012,51.40495681762695,944.7845458984375,0.0
/home/haselab/murakawa/stable-deep-world-model/logdir/atari_frostbite_vta_20260107_202443,atari_frostbite,/home/haselab/murakawa/stable-deep-world-model/logdir/atari_frostbite_vta_20260107_202443/latest.pt,/home/haselab/murakawa/stable-deep-world-model/logdir/atari_frostbite_vta_20260107_202443/train_eps/20260108T163622-6a2855e80f96423f8e6321ab3a435bdc-1194.npz,1013,51.40495681762695,944.7845458984375,-4.425263442615832e-20
/home/haselab/murakawa/stable-deep-world-model/logdir/atari_frostbite_vta_20260107_202443,atari_frostbite,/home/haselab/murakawa/stable-deep-world-model/logdir/atari_frostbite_vta_20260107_202443/latest.pt,/home/haselab/murakawa/stable-deep-world-model/logdir/atari_frostbite_vta_20260107_202443/train_eps/20260108T163622-6a2855e80f96423f8e6321ab3a435bdc-1194.npz,1014,51.612022399902344,949.5645751953125,-2.1902768421362436e-20
/home/haselab/murakawa/stable-deep-world-model/logdir/atari_frostbite_vta_20260107_202443,atari_frostbite,/home/haselab/murakawa/stable-deep-world-model/logdir/atari_frostbite_vta_20260107_202443/latest.pt,/home/haselab/murakawa/stable-deep-world-model/logdir/atari_frostbite_vta_20260107_202443/train_eps/20260108T163622-6a2855e80f96423f8e6321ab3a435bdc-1194.npz,1015,51.612022399902344,949.5645751953125,-3.7637651034291296e-19
/home/haselab/murakawa/stable-deep-world-model/logdir/atari_frostbite_vta_20260107_202443,atari_frostbite,/home/haselab/murakawa/stable-deep-world-model/logdir/atari_frostbite_vta_20260107_202443/latest.pt,/home/haselab/murakawa/stable-deep-world-model/logdir/atari_frostbite_vta_20260107_202443/train_eps/20260108T163622-6a2855e80f96423f8e6321ab3a435bdc-1194.npz,1016,51.66322708129883,957.26416015625,-3.5258573610072805e-19
/home/haselab/murakawa/stable-deep-world-model/logdir/atari_frostbite_vta_20260107_202443,atari_frostbite,/home/haselab/murakawa/stable-deep-world-model/logdir/atari_frostbite_vta_20260107_202443/latest.pt,/home/haselab/murakawa/stable-deep-world-model/logdir/atari_frostbite_vta_20260107_202443/train_eps/20260108T163622-6a2855e80f96423f8e6321ab3a435bdc-1194.npz,1017,51.66322708129883,957.26416015625,-1.6836366979479555e-18
/home/haselab/murakawa/stable-deep-world-model/logdir/atari_frostbite_vta_20260107_202443,atari_frostbite,/home/haselab/murakawa/stable-deep-world-model/logdir/atari_frostbite_vta_20260107_202443/latest.pt,/home/haselab/murakawa/stable-deep-world-model/logdir/atari_frostbite_vta_20260107_202443/train_eps/20260108T163622-6a2855e80f96423f8e6321ab3a435bdc-1194.npz,1018,51.60552215576172,960.2923583984375,-1.0700435287355874e-18
/home/haselab/murakawa/stable-deep-world-model/logdir/atari_frostbite_vta_20260107_202443,atari_frostbite,/home/haselab/murakawa/stable-deep-world-model/logdir/atari_frostbite_vta_20260107_202443/latest.pt,/home/haselab/murakawa/stable-deep-world-model/logdir/atari_frostbite_vta_20260107_202443/train_eps/20260108T163622-6a2855e80f96423f8e6321ab3a435bdc-1194.npz,1019,51.60552215576172,960.2923583984375,-3.5725017448769007e-17
/home/haselab/murakawa/stable-deep-world-model/logdir/atari_frostbite_vta_20260107_202443,atari_frostbite,/home/haselab/murakawa/stable-deep-world-model/logdir/atari_frostbite_vta_20260107_202443/latest.pt,/home/haselab/murakawa/stable-deep-world-model/logdir/atari_frostbite_vta_20260107_202443/train_eps/20260108T163622-6a2855e80f96423f8e6321ab3a435bdc-1194.npz,1020,51.41868591308594,947.8106689453125,-2.3731626485689152e-17
/home/haselab/murakawa/stable-deep-world-model/logdir/atari_frostbite_vta_20260107_202443,atari_frostbite,/home/haselab/murakawa/stable-deep-world-model/logdir/atari_frostbite_vta_20260107_202443/latest.pt,/home/haselab/murakawa/stable-deep-world-model/logdir/atari_frostbite_vta_20260107_202443/train_eps/20260108T163622-6a2855e80f96423f8e6321ab3a435bdc-1194.npz,1021,51.41868591308594,947.8106689453125,-1.6785921576618162e-17
/home/haselab/murakawa/stable-deep-world-model/logdir/atari_frostbite_vta_20260107_202443,atari_frostbite,/home/haselab/murakawa/stable-deep-world-model/logdir/atari_frostbite_vta_20260107_202443/latest.pt,/home/haselab/murakawa/stable-deep-world-model/logdir/atari_frostbite_vta_20260107_202443/train_eps/20260108T163622-6a2855e80f96423f8e6321ab3a435bdc-1194.npz,1022,51.63053894042969,959.1476440429688,-5.580665985073117e-16
/home/haselab/murakawa/stable-deep-world-model/logdir/atari_frostbite_vta_20260107_202443,atari_frostbite,/home/haselab/murakawa/stable-deep-world-model/logdir/atari_frostbite_vta_20260107_202443/latest.pt,/home/haselab/murakawa/stable-deep-world-model/logdir/atari_frostbite_vta_20260107_202443/train_eps/20260108T163622-6a2855e80f96423f8e6321ab3a435bdc-1194.npz,1023,51.63053894042969,959.1476440429688,-1.578376228748477e-15
/home/haselab/murakawa/stable-deep-world-model/logdir/atari_frostbite_vta_20260107_202443,atari_frostbite,/home/haselab/murakawa/stable-deep-world-model/logdir/atari_frostbite_vta_20260107_202443/latest.pt,/home/haselab/murakawa/stable-deep-world-model/logdir/atari_frostbite_vta_20260107_202443/train_eps/20260108T163622-6a2855e80f96423f8e6321ab3a435bdc-1194.npz,1024,51.457828521728516,945.3518676757812,-4.703856123953684e-16
/home/haselab/murakawa/stable-deep-world-model/logdir/atari_frostbite_vta_20260107_202443,atari_frostbite,/home/haselab/murakawa/stable-deep-world-model/logdir/atari_frostbite_vta_20260107_202443/latest.pt,/home/haselab/murakawa/stable-deep-world-model/logdir/atari_frostbite_vta_20260107_202443/train_eps/20260108T163622-6a2855e80f96423f8e6321ab3a435bdc-1194.npz,1025,51.457828521728516,945.3518676757812,-2.921668428858543e-17
/home/haselab/murakawa/stable-deep-world-model/logdir/atari_frostbite_vta_20260107_202443,atari_frostbite,/home/haselab/murakawa/stable-deep-world-model/logdir/atari_frostbite_vta_20260107_202443/latest.pt,/home/haselab/murakawa/stable-deep-world-model/logdir/atari_frostbite_vta_20260107_202443/train_eps/20260108T163622-6a2855e80f96423f8e6321ab3a435bdc-1194.npz,1026,48.2598991394043,816.7335205078125,-7.21924101037964e-22
/home/haselab/murakawa/stable-deep-world-model/logdir/atari_frostbite_vta_20260107_202443,atari_frostbite,/home/haselab/murakawa/stable-deep-world-model/logdir/atari_frostbite_vta_20260107_202443/latest.pt,/home/haselab/murakawa/stable-deep-world-model/logdir/atari_frostbite_vta_20260107_202443/train_eps/20260108T163622-6a2855e80f96423f8e6321ab3a435bdc-1194.npz,1027,47.14677047729492,763.4639282226562,-9.33342730126885e-19
/home/haselab/murakawa/stable-deep-world-model/logdir/atari_frostbite_vta_20260107_202443,atari_frostbite,/home/haselab/murakawa/stable-deep-world-model/logdir/atari_frostbite_vta_20260107_202443/latest.pt,/home/haselab/murakawa/stable-deep-world-model/logdir/atari_frostbite_vta_20260107_202443/train_eps/20260108T163622-6a2855e80f96423f8e6321ab3a435bdc-1194.npz,1028,49.95671463012695,846.5325927734375,0.0
/home/haselab/murakawa/stable-deep-world-model/logdir/atari_frostbite_vta_20260107_202443,atari_frostbite,/home/haselab/murakawa/stable-deep-world-model/logdir/atari_frostbite_vta_20260107_202443/latest.pt,/home/haselab/murakawa/stable-deep-world-model/logdir/atari_frostbite_vta_20260107_202443/train_eps/20260108T163622-6a2855e80f96423f8e6321ab3a435bdc-1194.npz,1029,48.79926681518555,798.5960693359375,4.1608567754003904e-20
/home/haselab/murakawa/stable-deep-world-model/logdir/atari_frostbite_vta_20260107_202443,atari_frostbite,/home/haselab/murakawa/stable-deep-world-model/logdir/atari_frostbite_vta_20260107_202443/latest.pt,/home/haselab/murakawa/stable-deep-world-model/logdir/atari_frostbite_vta_20260107_202443/train_eps/20260108T163622-6a2855e80f96423f8e6321ab3a435bdc-1194.npz,1030,52.52653503417969,937.2093505859375,-3.7620582194663007e-22
/home/haselab/murakawa/stable-deep-world-model/logdir/atari_frostbite_vta_20260107_202443,atari_frostbite,/home/haselab/murakawa/stable-deep-world-model/logdir/atari_frostbite_vta_20260107_202443/latest.pt,/home/haselab/murakawa/stable-deep-world-model/logdir/atari_frostbite_vta_20260107_202443/train_eps/20260108T163622-6a2855e80f96423f8e6321ab3a435bdc-1194.npz,1031,52.15250778198242,884.4015502929688,-6.369531633011719e-19
/home/haselab/murakawa/stable-deep-world-model/logdir/atari_frostbite_vta_20260107_202443,atari_frostbite,/home/haselab/murakawa/stable-deep-world-model/logdir/atari_frostbite_vta_20260107_202443/latest.pt,/home/haselab/murakawa/stable-deep-world-model/logdir/atari_frostbite_vta_20260107_202443/train_eps/20260108T163622-6a2855e80f96423f8e6321ab3a435bdc-1194.npz,1032,56.01049041748047,1015.797607421875,-3.611693828548423e-20
/home/haselab/murakawa/stable-deep-world-model/logdir/atari_frostbite_vta_20260107_202443,atari_frostbite,/home/haselab/murakawa/stable-deep-world-model/logdir/atari_frostbite_vta_20260107_202443/latest.pt,/home/haselab/murakawa/stable-deep-world-model/logdir/atari_frostbite_vta_20260107_202443/train_eps/20260108T163622-6a2855e80f96423f8e6321ab3a435bdc-1194.npz,1033,55.025474548339844,947.9367065429688,-3.99592789038116e-17
/home/haselab/murakawa/stable-deep-world-model/logdir/atari_frostbite_vta_20260107_202443,atari_frostbite,/home/haselab/murakawa/stable-deep-world-model/logdir/atari_frostbite_vta_20260107_202443/latest.pt,/home/haselab/murakawa/stable-deep-world-model/logdir/atari_frostbite_vta_20260107_202443/train_eps/20260108T163622-6a2855e80f96423f8e6321ab3a435bdc-1194.npz,1034,57.809303283691406,1046.07861328125,-7.689755524423664e-17
/home/haselab/murakawa/stable-deep-world-model/logdir/atari_frostbite_vta_20260107_202443,atari_frostbite,/home/haselab/murakawa/stable-deep-world-model/logdir/atari_frostbite_vta_20260107_202443/latest.pt,/home/haselab/murakawa/stable-deep-world-model/logdir/atari_frostbite_vta_20260107_202443/train_eps/20260108T163622-6a2855e80f96423f8e6321ab3a435bdc-1194.npz,1035,57.809303283691406,1046.07861328125,-9.389310457128268e-16
/home/haselab/murakawa/stable-deep-world-model/logdir/atari_frostbite_vta_20260107_202443,atari_frostbite,/home/haselab/murakawa/stable-deep-world-model/logdir/atari_frostbite_vta_20260107_202443/latest.pt,/home/haselab/murakawa/stable-deep-world-model/logdir/atari_frostbite_vta_20260107_202443/train_eps/20260108T163622-6a2855e80f96423f8e6321ab3a435bdc-1194.npz,1036,60.150634765625,1120.52978515625,-2.5321335274118063e-16
/home/haselab/murakawa/stable-deep-world-model/logdir/atari_frostbite_vta_20260107_202443,atari_frostbite,/home/haselab/murakawa/stable-deep-world-model/logdir/atari_frostbite_vta_20260107_202443/latest.pt,/home/haselab/murakawa/stable-deep-world-model/logdir/atari_frostbite_vta_20260107_202443/train_eps/20260108T163622-6a2855e80f96423f8e6321ab3a435bdc-1194.npz,1037,61.36382293701172,1164.7987060546875,-7.668249410832436e-15
/home/haselab/murakawa/stable-deep-world-model/logdir/atari_frostbite_vta_20260107_202443,atari_frostbite,/home/haselab/murakawa/stable-deep-world-model/logdir/atari_frostbite_vta_20260107_202443/latest.pt,/home/haselab/murakawa/stable-deep-world-model/logdir/atari_frostbite_vta_20260107_202443/train_eps/20260108T163622-6a2855e80f96423f8e6321ab3a435bdc-1194.npz,1038,62.17294692993164,1175.81005859375,-8.787085235871864e-14
/home/haselab/murakawa/stable-deep-world-model/logdir/atari_frostbite_vta_20260107_202443,atari_frostbite,/home/haselab/murakawa/stable-deep-world-model/logdir/atari_frostbite_vta_20260107_202443/latest.pt,/home/haselab/murakawa/stable-deep-world-model/logdir/atari_frostbite_vta_20260107_202443/train_eps/20260108T163622-6a2855e80f96423f8e6321ab3a435bdc-1194.npz,1039,65.23645782470703,1349.153076171875,-3.1890878826601465e-11
/home/haselab/murakawa/stable-deep-world-model/logdir/atari_frostbite_vta_20260107_202443,atari_frostbite,/home/haselab/murakawa/stable-deep-world-model/logdir/atari_frostbite_vta_20260107_202443/latest.pt,/home/haselab/murakawa/stable-deep-world-model/logdir/atari_frostbite_vta_20260107_202443/train_eps/20260108T163622-6a2855e80f96423f8e6321ab3a435bdc-1194.npz,1040,66.37715148925781,1490.9144287109375,-2.360867848872489e-13
/home/haselab/murakawa/stable-deep-world-model/logdir/atari_frostbite_vta_20260107_202443,atari_frostbite,/home/haselab/murakawa/stable-deep-world-model/logdir/atari_frostbite_vta_20260107_202443/latest.pt,/home/haselab/murakawa/stable-deep-world-model/logdir/atari_frostbite_vta_20260107_202443/train_eps/20260108T163622-6a2855e80f96423f8e6321ab3a435bdc-1194.npz,1041,68.28851318359375,1679.75439453125,-8.787544158322686e-15
/home/haselab/murakawa/stable-deep-world-model/logdir/atari_frostbite_vta_20260107_202443,atari_frostbite,/home/haselab/murakawa/stable-deep-world-model/logdir/atari_frostbite_vta_20260107_202443/latest.pt,/home/haselab/murakawa/stable-deep-world-model/logdir/atari_frostbite_vta_20260107_202443/train_eps/20260108T163622-6a2855e80f96423f8e6321ab3a435bdc-1194.npz,1042,67.12544250488281,1671.8292236328125,3.78399983669655e-15
/home/haselab/murakawa/stable-deep-world-model/logdir/atari_frostbite_vta_20260107_202443,atari_frostbite,/home/haselab/murakawa/stable-deep-world-model/logdir/atari_frostbite_vta_20260107_202443/latest.pt,/home/haselab/murakawa/stable-deep-world-model/logdir/atari_frostbite_vta_20260107_202443/train_eps/20260108T163622-6a2855e80f96423f8e6321ab3a435bdc-1194.npz,1043,67.02525329589844,1638.9136962890625,-1.0653758691220316e-12
/home/haselab/murakawa/stable-deep-world-model/logdir/atari_frostbite_vta_20260107_202443,atari_frostbite,/home/haselab/murakawa/stable-deep-world-model/logdir/atari_frostbite_vta_20260107_202443/latest.pt,/home/haselab/murakawa/stable-deep-world-model/logdir/atari_frostbite_vta_20260107_202443/train_eps/20260108T163622-6a2855e80f96423f8e6321ab3a435bdc-1194.npz,1044,65.42611694335938,1591.4271240234375,-6.088254900227241e-12
/home/haselab/murakawa/stable-deep-world-model/logdir/atari_frostbite_vta_20260107_202443,atari_frostbite,/home/haselab/murakawa/stable-deep-world-model/logdir/atari_frostbite_vta_20260107_202443/latest.pt,/home/haselab/murakawa/stable-deep-world-model/logdir/atari_frostbite_vta_20260107_202443/train_eps/20260108T163622-6a2855e80f96423f8e6321ab3a435bdc-1194.npz,1045,66.68801879882812,1752.019775390625,-8.290430516567915e-13
/home/haselab/murakawa/stable-deep-world-model/logdir/atari_frostbite_vta_20260107_202443,atari_frostbite,/home/haselab/murakawa/stable-deep-world-model/logdir/atari_frostbite_vta_20260107_202443/latest.pt,/home/haselab/murakawa/stable-deep-world-model/logdir/atari_frostbite_vta_20260107_202443/train_eps/20260108T163622-6a2855e80f96423f8e6321ab3a435bdc-1194.npz,1046,65.43771362304688,1786.848876953125,-1.7319693856182594e-12
/home/haselab/murakawa/stable-deep-world-model/logdir/atari_frostbite_vta_20260107_202443,atari_frostbite,/home/haselab/murakawa/stable-deep-world-model/logdir/atari_frostbite_vta_20260107_202443/latest.pt,/home/haselab/murakawa/stable-deep-world-model/logdir/atari_frostbite_vta_20260107_202443/train_eps/20260108T163622-6a2855e80f96423f8e6321ab3a435bdc-1194.npz,1047,64.07350158691406,1774.424072265625,-3.595845443507637e-15
/home/haselab/murakawa/stable-deep-world-model/logdir/atari_frostbite_vta_20260107_202443,atari_frostbite,/home/haselab/murakawa/stable-deep-world-model/logdir/atari_frostbite_vta_20260107_202443/latest.pt,/home/haselab/murakawa/stable-deep-world-model/logdir/atari_frostbite_vta_20260107_202443/train_eps/20260108T163622-6a2855e80f96423f8e6321ab3a435bdc-1194.npz,1048,62.094024658203125,1665.6019287109375,-1.0698503903343624e-16
/home/haselab/murakawa/stable-deep-world-model/logdir/atari_frostbite_vta_20260107_202443,atari_frostbite,/home/haselab/murakawa/stable-deep-world-model/logdir/atari_frostbite_vta_20260107_202443/latest.pt,/home/haselab/murakawa/stable-deep-world-model/logdir/atari_frostbite_vta_20260107_202443/train_eps/20260108T163622-6a2855e80f96423f8e6321ab3a435bdc-1194.npz,1049,62.97686004638672,1683.6180419921875,-1.6268425010783024e-15
/home/haselab/murakawa/stable-deep-world-model/logdir/atari_frostbite_vta_20260107_202443,atari_frostbite,/home/haselab/murakawa/stable-deep-world-model/logdir/atari_frostbite_vta_20260107_202443/latest.pt,/home/haselab/murakawa/stable-deep-world-model/logdir/atari_frostbite_vta_20260107_202443/train_eps/20260108T163622-6a2855e80f96423f8e6321ab3a435bdc-1194.npz,1050,61.401153564453125,1591.5938720703125,-2.785521845396154e-16
/home/haselab/murakawa/stable-deep-world-model/logdir/atari_frostbite_vta_20260107_202443,atari_frostbite,/home/haselab/murakawa/stable-deep-world-model/logdir/atari_frostbite_vta_20260107_202443/latest.pt,/home/haselab/murakawa/stable-deep-world-model/logdir/atari_frostbite_vta_20260107_202443/train_eps/20260108T163622-6a2855e80f96423f8e6321ab3a435bdc-1194.npz,1051,61.20918273925781,1593.9969482421875,-1.2061922545957628e-16
/home/haselab/murakawa/stable-deep-world-model/logdir/atari_frostbite_vta_20260107_202443,atari_frostbite,/home/haselab/murakawa/stable-deep-world-model/logdir/atari_frostbite_vta_20260107_202443/latest.pt,/home/haselab/murakawa/stable-deep-world-model/logdir/atari_frostbite_vta_20260107_202443/train_eps/20260108T163622-6a2855e80f96423f8e6321ab3a435bdc-1194.npz,1052,58.224937438964844,1462.851318359375,-1.373139586454666e-17
/home/haselab/murakawa/stable-deep-world-model/logdir/atari_frostbite_vta_20260107_202443,atari_frostbite,/home/haselab/murakawa/stable-deep-world-model/logdir/atari_frostbite_vta_20260107_202443/latest.pt,/home/haselab/murakawa/stable-deep-world-model/logdir/atari_frostbite_vta_20260107_202443/train_eps/20260108T163622-6a2855e80f96423f8e6321ab3a435bdc-1194.npz,1053,58.09331512451172,1484.170654296875,-1.2440218213549362e-17
/home/haselab/murakawa/stable-deep-world-model/logdir/atari_frostbite_vta_20260107_202443,atari_frostbite,/home/haselab/murakawa/stable-deep-world-model/logdir/atari_frostbite_vta_20260107_202443/latest.pt,/home/haselab/murakawa/stable-deep-world-model/logdir/atari_frostbite_vta_20260107_202443/train_eps/20260108T163622-6a2855e80f96423f8e6321ab3a435bdc-1194.npz,1054,58.44871520996094,1464.475830078125,-8.48859465444394e-20
/home/haselab/murakawa/stable-deep-world-model/logdir/atari_frostbite_vta_20260107_202443,atari_frostbite,/home/haselab/murakawa/stable-deep-world-model/logdir/atari_frostbite_vta_20260107_202443/latest.pt,/home/haselab/murakawa/stable-deep-world-model/logdir/atari_frostbite_vta_20260107_202443/train_eps/20260108T163622-6a2855e80f96423f8e6321ab3a435bdc-1194.npz,1055,60.39274978637695,1557.6466064453125,-3.7171241974339325e-22
/home/haselab/murakawa/stable-deep-world-model/logdir/atari_frostbite_vta_20260107_202443,atari_frostbite,/home/haselab/murakawa/stable-deep-world-model/logdir/atari_frostbite_vta_20260107_202443/latest.pt,/home/haselab/murakawa/stable-deep-world-model/logdir/atari_frostbite_vta_20260107_202443/train_eps/20260108T163622-6a2855e80f96423f8e6321ab3a435bdc-1194.npz,1056,58.838478088378906,1467.18701171875,-8.859836297145227e-23
/home/haselab/murakawa/stable-deep-world-model/logdir/atari_frostbite_vta_20260107_202443,atari_frostbite,/home/haselab/murakawa/stable-deep-world-model/logdir/atari_frostbite_vta_20260107_202443/latest.pt,/home/haselab/murakawa/stable-deep-world-model/logdir/atari_frostbite_vta_20260107_202443/train_eps/20260108T163622-6a2855e80f96423f8e6321ab3a435bdc-1194.npz,1057,59.59585952758789,1510.00439453125,-1.0457319893678378e-20
/home/haselab/murakawa/stable-deep-world-model/logdir/atari_frostbite_vta_20260107_202443,atari_frostbite,/home/haselab/murakawa/stable-deep-world-model/logdir/atari_frostbite_vta_20260107_202443/latest.pt,/home/haselab/murakawa/stable-deep-world-model/logdir/atari_frostbite_vta_20260107_202443/train_eps/20260108T163622-6a2855e80f96423f8e6321ab3a435bdc-1194.npz,1058,59.526771545410156,1483.62109375,-1.9462706833853144e-23
/home/haselab/murakawa/stable-deep-world-model/logdir/atari_frostbite_vta_20260107_202443,atari_frostbite,/home/haselab/murakawa/stable-deep-world-model/logdir/atari_frostbite_vta_20260107_202443/latest.pt,/home/haselab/murakawa/stable-deep-world-model/logdir/atari_frostbite_vta_20260107_202443/train_eps/20260108T163622-6a2855e80f96423f8e6321ab3a435bdc-1194.npz,1059,45.80312728881836,510.8108215332031,0.0
/home/haselab/murakawa/stable-deep-world-model/logdir/atari_frostbite_vta_20260107_202443,atari_frostbite,/home/haselab/murakawa/stable-deep-world-model/logdir/atari_frostbite_vta_20260107_202443/latest.pt,/home/haselab/murakawa/stable-deep-world-model/logdir/atari_frostbite_vta_20260107_202443/train_eps/20260108T163622-6a2855e80f96423f8e6321ab3a435bdc-1194.npz,1060,50.28843307495117,575.880615234375,4.768382950715022e-06
/home/haselab/murakawa/stable-deep-world-model/logdir/atari_frostbite_vta_20260107_202443,atari_frostbite,/home/haselab/murakawa/stable-deep-world-model/logdir/atari_frostbite_vta_20260107_202443/latest.pt,/home/haselab/murakawa/stable-deep-world-model/logdir/atari_frostbite_vta_20260107_202443/train_eps/20260108T163622-6a2855e80f96423f8e6321ab3a435bdc-1194.npz,1061,51.399749755859375,593.6909790039062,-1.265092096790132e-19
/home/haselab/murakawa/stable-deep-world-model/logdir/atari_frostbite_vta_20260107_202443,atari_frostbite,/home/haselab/murakawa/stable-deep-world-model/logdir/atari_frostbite_vta_20260107_202443/latest.pt,/home/haselab/murakawa/stable-deep-world-model/logdir/atari_frostbite_vta_20260107_202443/train_eps/20260108T163622-6a2855e80f96423f8e6321ab3a435bdc-1194.npz,1062,60.12372589111328,729.3236694335938,-1.27089475263132e-21
/home/haselab/murakawa/stable-deep-world-model/logdir/atari_frostbite_vta_20260107_202443,atari_frostbite,/home/haselab/murakawa/stable-deep-world-model/logdir/atari_frostbite_vta_20260107_202443/latest.pt,/home/haselab/murakawa/stable-deep-world-model/logdir/atari_frostbite_vta_20260107_202443/train_eps/20260108T163622-6a2855e80f96423f8e6321ab3a435bdc-1194.npz,1063,66.20975494384766,819.3491821289062,-1.431850448122858e-20
/home/haselab/murakawa/stable-deep-world-model/logdir/atari_frostbite_vta_20260107_202443,atari_frostbite,/home/haselab/murakawa/stable-deep-world-model/logdir/atari_frostbite_vta_20260107_202443/latest.pt,/home/haselab/murakawa/stable-deep-world-model/logdir/atari_frostbite_vta_20260107_202443/train_eps/20260108T163622-6a2855e80f96423f8e6321ab3a435bdc-1194.npz,1064,76.64818572998047,981.4463500976562,-4.824970362415953e-19
/home/haselab/murakawa/stable-deep-world-model/logdir/atari_frostbite_vta_20260107_202443,atari_frostbite,/home/haselab/murakawa/stable-deep-world-model/logdir/atari_frostbite_vta_20260107_202443/latest.pt,/home/haselab/murakawa/stable-deep-world-model/logdir/atari_frostbite_vta_20260107_202443/train_eps/20260108T163622-6a2855e80f96423f8e6321ab3a435bdc-1194.npz,1065,78.50695037841797,1012.6626586914062,-3.9388415093309154e-17
/home/haselab/murakawa/stable-deep-world-model/logdir/atari_frostbite_vta_20260107_202443,atari_frostbite,/home/haselab/murakawa/stable-deep-world-model/logdir/atari_frostbite_vta_20260107_202443/latest.pt,/home/haselab/murakawa/stable-deep-world-model/logdir/atari_frostbite_vta_20260107_202443/train_eps/20260108T163622-6a2855e80f96423f8e6321ab3a435bdc-1194.npz,1066,86.69345092773438,1164.58544921875,-1.4867009793644172e-16
/home/haselab/murakawa/stable-deep-world-model/logdir/atari_frostbite_vta_20260107_202443,atari_frostbite,/home/haselab/murakawa/stable-deep-world-model/logdir/atari_frostbite_vta_20260107_202443/latest.pt,/home/haselab/murakawa/stable-deep-world-model/logdir/atari_frostbite_vta_20260107_202443/train_eps/20260108T163622-6a2855e80f96423f8e6321ab3a435bdc-1194.npz,1067,85.55775451660156,1177.748779296875,2.0733514987702134e-16
/home/haselab/murakawa/stable-deep-world-model/logdir/atari_frostbite_vta_20260107_202443,atari_frostbite,/home/haselab/murakawa/stable-deep-world-model/logdir/atari_frostbite_vta_20260107_202443/latest.pt,/home/haselab/murakawa/stable-deep-world-model/logdir/atari_frostbite_vta_20260107_202443/train_eps/20260108T163622-6a2855e80f96423f8e6321ab3a435bdc-1194.npz,1068,90.91827392578125,1315.7244873046875,1.6534084824469837e-14
/home/haselab/murakawa/stable-deep-world-model/logdir/atari_frostbite_vta_20260107_202443,atari_frostbite,/home/haselab/murakawa/stable-deep-world-model/logdir/atari_frostbite_vta_20260107_202443/latest.pt,/home/haselab/murakawa/stable-deep-world-model/logdir/atari_frostbite_vta_20260107_202443/train_eps/20260108T163622-6a2855e80f96423f8e6321ab3a435bdc-1194.npz,1069,98.37749481201172,1435.534912109375,4.950205809904585e-15
/home/haselab/murakawa/stable-deep-world-model/logdir/atari_frostbite_vta_20260107_202443,atari_frostbite,/home/haselab/murakawa/stable-deep-world-model/logdir/atari_frostbite_vta_20260107_202443/latest.pt,/home/haselab/murakawa/stable-deep-world-model/logdir/atari_frostbite_vta_20260107_202443/train_eps/20260108T163622-6a2855e80f96423f8e6321ab3a435bdc-1194.npz,1070,110.63291931152344,1667.9619140625,2.792486727964949e-12
/home/haselab/murakawa/stable-deep-world-model/logdir/atari_frostbite_vta_20260107_202443,atari_frostbite,/home/haselab/murakawa/stable-deep-world-model/logdir/atari_frostbite_vta_20260107_202443/latest.pt,/home/haselab/murakawa/stable-deep-world-model/logdir/atari_frostbite_vta_20260107_202443/train_eps/20260108T163622-6a2855e80f96423f8e6321ab3a435bdc-1194.npz,1071,110.3644027709961,1667.177001953125,1.9106996529665715e-14
/home/haselab/murakawa/stable-deep-world-model/logdir/atari_frostbite_vta_20260107_202443,atari_frostbite,/home/haselab/murakawa/stable-deep-world-model/logdir/atari_frostbite_vta_20260107_202443/latest.pt,/home/haselab/murakawa/stable-deep-world-model/logdir/atari_frostbite_vta_20260107_202443/train_eps/20260108T163622-6a2855e80f96423f8e6321ab3a435bdc-1194.npz,1072,110.40217590332031,1665.9393310546875,2.5224095815540304e-12
/home/haselab/murakawa/stable-deep-world-model/logdir/atari_frostbite_vta_20260107_202443,atari_frostbite,/home/haselab/murakawa/stable-deep-world-model/logdir/atari_frostbite_vta_20260107_202443/latest.pt,/home/haselab/murakawa/stable-deep-world-model/logdir/atari_frostbite_vta_20260107_202443/train_eps/20260108T163622-6a2855e80f96423f8e6321ab3a435bdc-1194.npz,1073,108.86079406738281,1612.319091796875,7.069025811760887e-13
/home/haselab/murakawa/stable-deep-world-model/logdir/atari_frostbite_vta_20260107_202443,atari_frostbite,/home/haselab/murakawa/stable-deep-world-model/logdir/atari_frostbite_vta_20260107_202443/latest.pt,/home/haselab/murakawa/stable-deep-world-model/logdir/atari_frostbite_vta_20260107_202443/train_eps/20260108T163622-6a2855e80f96423f8e6321ab3a435bdc-1194.npz,1074,111.70024108886719,1585.377685546875,3.4422751937968803e-15
/home/haselab/murakawa/stable-deep-world-model/logdir/atari_frostbite_vta_20260107_202443,atari_frostbite,/home/haselab/murakawa/stable-deep-world-model/logdir/atari_frostbite_vta_20260107_202443/latest.pt,/home/haselab/murakawa/stable-deep-world-model/logdir/atari_frostbite_vta_20260107_202443/train_eps/20260108T163622-6a2855e80f96423f8e6321ab3a435bdc-1194.npz,1075,110.10371398925781,1556.3365478515625,-6.023304651001007e-15
/home/haselab/murakawa/stable-deep-world-model/logdir/atari_frostbite_vta_20260107_202443,atari_frostbite,/home/haselab/murakawa/stable-deep-world-model/logdir/atari_frostbite_vta_20260107_202443/latest.pt,/home/haselab/murakawa/stable-deep-world-model/logdir/atari_frostbite_vta_20260107_202443/train_eps/20260108T163622-6a2855e80f96423f8e6321ab3a435bdc-1194.npz,1076,111.86846923828125,1507.738525390625,3.700264277113358e-15
/home/haselab/murakawa/stable-deep-world-model/logdir/atari_frostbite_vta_20260107_202443,atari_frostbite,/home/haselab/murakawa/stable-deep-world-model/logdir/atari_frostbite_vta_20260107_202443/latest.pt,/home/haselab/murakawa/stable-deep-world-model/logdir/atari_frostbite_vta_20260107_202443/train_eps/20260108T163622-6a2855e80f96423f8e6321ab3a435bdc-1194.npz,1077,112.03540802001953,1510.201904296875,-6.365742283884028e-15
/home/haselab/murakawa/stable-deep-world-model/logdir/atari_frostbite_vta_20260107_202443,atari_frostbite,/home/haselab/murakawa/stable-deep-world-model/logdir/atari_frostbite_vta_20260107_202443/latest.pt,/home/haselab/murakawa/stable-deep-world-model/logdir/atari_frostbite_vta_20260107_202443/train_eps/20260108T163622-6a2855e80f96423f8e6321ab3a435bdc-1194.npz,1078,111.61138916015625,1466.793212890625,2.963712988132e-13
/home/haselab/murakawa/stable-deep-world-model/logdir/atari_frostbite_vta_20260107_202443,atari_frostbite,/home/haselab/murakawa/stable-deep-world-model/logdir/atari_frostbite_vta_20260107_202443/latest.pt,/home/haselab/murakawa/stable-deep-world-model/logdir/atari_frostbite_vta_20260107_202443/train_eps/20260108T163622-6a2855e80f96423f8e6321ab3a435bdc-1194.npz,1079,117.50389862060547,1488.6075439453125,1.010591133346339e-12
/home/haselab/murakawa/stable-deep-world-model/logdir/atari_frostbite_vta_20260107_202443,atari_frostbite,/home/haselab/murakawa/stable-deep-world-model/logdir/atari_frostbite_vta_20260107_202443/latest.pt,/home/haselab/murakawa/stable-deep-world-model/logdir/atari_frostbite_vta_20260107_202443/train_eps/20260108T163622-6a2855e80f96423f8e6321ab3a435bdc-1194.npz,1080,111.71113586425781,1396.415771484375,9.075132172706255e-15
/home/haselab/murakawa/stable-deep-world-model/logdir/atari_frostbite_vta_20260107_202443,atari_frostbite,/home/haselab/murakawa/stable-deep-world-model/logdir/atari_frostbite_vta_20260107_202443/latest.pt,/home/haselab/murakawa/stable-deep-world-model/logdir/atari_frostbite_vta_20260107_202443/train_eps/20260108T163622-6a2855e80f96423f8e6321ab3a435bdc-1194.npz,1081,112.196044921875,1394.0068359375,9.30163979423037e-15
/home/haselab/murakawa/stable-deep-world-model/logdir/atari_frostbite_vta_20260107_202443,atari_frostbite,/home/haselab/murakawa/stable-deep-world-model/logdir/atari_frostbite_vta_20260107_202443/latest.pt,/home/haselab/murakawa/stable-deep-world-model/logdir/atari_frostbite_vta_20260107_202443/train_eps/20260108T163622-6a2855e80f96423f8e6321ab3a435bdc-1194.npz,1082,98.78070068359375,1262.23974609375,8.420964160766451e-18
/home/haselab/murakawa/stable-deep-world-model/logdir/atari_frostbite_vta_20260107_202443,atari_frostbite,/home/haselab/murakawa/stable-deep-world-model/logdir/atari_frostbite_vta_20260107_202443/latest.pt,/home/haselab/murakawa/stable-deep-world-model/logdir/atari_frostbite_vta_20260107_202443/train_eps/20260108T163622-6a2855e80f96423f8e6321ab3a435bdc-1194.npz,1083,91.40208435058594,1256.141357421875,-1.0520760930810787e-19
/home/haselab/murakawa/stable-deep-world-model/logdir/atari_frostbite_vta_20260107_202443,atari_frostbite,/home/haselab/murakawa/stable-deep-world-model/logdir/atari_frostbite_vta_20260107_202443/latest.pt,/home/haselab/murakawa/stable-deep-world-model/logdir/atari_frostbite_vta_20260107_202443/train_eps/20260108T163622-6a2855e80f96423f8e6321ab3a435bdc-1194.npz,1084,84.94935607910156,1243.8148193359375,-1.681900624364585e-21
/home/haselab/murakawa/stable-deep-world-model/logdir/atari_frostbite_vta_20260107_202443,atari_frostbite,/home/haselab/murakawa/stable-deep-world-model/logdir/atari_frostbite_vta_20260107_202443/latest.pt,/home/haselab/murakawa/stable-deep-world-model/logdir/atari_frostbite_vta_20260107_202443/train_eps/20260108T163622-6a2855e80f96423f8e6321ab3a435bdc-1194.npz,1085,88.07173156738281,1300.9232177734375,-1.2273989464603823e-20
/home/haselab/murakawa/stable-deep-world-model/logdir/atari_frostbite_vta_20260107_202443,atari_frostbite,/home/haselab/murakawa/stable-deep-world-model/logdir/atari_frostbite_vta_20260107_202443/latest.pt,/home/haselab/murakawa/stable-deep-world-model/logdir/atari_frostbite_vta_20260107_202443/train_eps/20260108T163622-6a2855e80f96423f8e6321ab3a435bdc-1194.npz,1086,81.18011474609375,1184.2698974609375,4.262255418320496e-19
/home/haselab/murakawa/stable-deep-world-model/logdir/atari_frostbite_vta_20260107_202443,atari_frostbite,/home/haselab/murakawa/stable-deep-world-model/logdir/atari_frostbite_vta_20260107_202443/latest.pt,/home/haselab/murakawa/stable-deep-world-model/logdir/atari_frostbite_vta_20260107_202443/train_eps/20260108T163622-6a2855e80f96423f8e6321ab3a435bdc-1194.npz,1087,80.39677429199219,1126.203857421875,2.984546000638945e-16
/home/haselab/murakawa/stable-deep-world-model/logdir/atari_frostbite_vta_20260107_202443,atari_frostbite,/home/haselab/murakawa/stable-deep-world-model/logdir/atari_frostbite_vta_20260107_202443/latest.pt,/home/haselab/murakawa/stable-deep-world-model/logdir/atari_frostbite_vta_20260107_202443/train_eps/20260108T163622-6a2855e80f96423f8e6321ab3a435bdc-1194.npz,1088,81.99707794189453,1085.08447265625,-2.5608701127641435e-18
/home/haselab/murakawa/stable-deep-world-model/logdir/atari_frostbite_vta_20260107_202443,atari_frostbite,/home/haselab/murakawa/stable-deep-world-model/logdir/atari_frostbite_vta_20260107_202443/latest.pt,/home/haselab/murakawa/stable-deep-world-model/logdir/atari_frostbite_vta_20260107_202443/train_eps/20260108T163622-6a2855e80f96423f8e6321ab3a435bdc-1194.npz,1089,84.18630981445312,1094.1517333984375,-8.064562485403651e-20
/home/haselab/murakawa/stable-deep-world-model/logdir/atari_frostbite_vta_20260107_202443,atari_frostbite,/home/haselab/murakawa/stable-deep-world-model/logdir/atari_frostbite_vta_20260107_202443/latest.pt,/home/haselab/murakawa/stable-deep-world-model/logdir/atari_frostbite_vta_20260107_202443/train_eps/20260108T163622-6a2855e80f96423f8e6321ab3a435bdc-1194.npz,1090,87.04092407226562,1101.030517578125,0.0
/home/haselab/murakawa/stable-deep-world-model/logdir/atari_frostbite_vta_20260107_202443,atari_frostbite,/home/haselab/murakawa/stable-deep-world-model/logdir/atari_frostbite_vta_20260107_202443/latest.pt,/home/haselab/murakawa/stable-deep-world-model/logdir/atari_frostbite_vta_20260107_202443/train_eps/20260108T163622-6a2855e80f96423f8e6321ab3a435bdc-1194.npz,1091,87.83496856689453,1113.52099609375,1.3331647185050302e-18
/home/haselab/murakawa/stable-deep-world-model/logdir/atari_frostbite_vta_20260107_202443,atari_frostbite,/home/haselab/murakawa/stable-deep-world-model/logdir/atari_frostbite_vta_20260107_202443/latest.pt,/home/haselab/murakawa/stable-deep-world-model/logdir/atari_frostbite_vta_20260107_202443/train_eps/20260108T163622-6a2855e80f96423f8e6321ab3a435bdc-1194.npz,1092,91.239013671875,1178.8323974609375,-2.5695166317071603e-19
/home/haselab/murakawa/stable-deep-world-model/logdir/atari_frostbite_vta_20260107_202443,atari_frostbite,/home/haselab/murakawa/stable-deep-world-model/logdir/atari_frostbite_vta_20260107_202443/latest.pt,/home/haselab/murakawa/stable-deep-world-model/logdir/atari_frostbite_vta_20260107_202443/train_eps/20260108T163622-6a2855e80f96423f8e6321ab3a435bdc-1194.npz,1093,95.17607116699219,1214.4693603515625,1.5215408341484157e-17
/home/haselab/murakawa/stable-deep-world-model/logdir/atari_frostbite_vta_20260107_202443,atari_frostbite,/home/haselab/murakawa/stable-deep-world-model/logdir/atari_frostbite_vta_20260107_202443/latest.pt,/home/haselab/murakawa/stable-deep-world-model/logdir/atari_frostbite_vta_20260107_202443/train_eps/20260108T163622-6a2855e80f96423f8e6321ab3a435bdc-1194.npz,1094,103.68305969238281,1348.782470703125,-1.6659486358244942e-16
/home/haselab/murakawa/stable-deep-world-model/logdir/atari_frostbite_vta_20260107_202443,atari_frostbite,/home/haselab/murakawa/stable-deep-world-model/logdir/atari_frostbite_vta_20260107_202443/latest.pt,/home/haselab/murakawa/stable-deep-world-model/logdir/atari_frostbite_vta_20260107_202443/train_eps/20260108T163622-6a2855e80f96423f8e6321ab3a435bdc-1194.npz,1095,109.37316131591797,1426.644775390625,-4.0760832137498755e-16
/home/haselab/murakawa/stable-deep-world-model/logdir/atari_frostbite_vta_20260107_202443,atari_frostbite,/home/haselab/murakawa/stable-deep-world-model/logdir/atari_frostbite_vta_20260107_202443/latest.pt,/home/haselab/murakawa/stable-deep-world-model/logdir/atari_frostbite_vta_20260107_202443/train_eps/20260108T163622-6a2855e80f96423f8e6321ab3a435bdc-1194.npz,1096,120.1864242553711,1581.1571044921875,-9.41936950575673e-18
/home/haselab/murakawa/stable-deep-world-model/logdir/atari_frostbite_vta_20260107_202443,atari_frostbite,/home/haselab/murakawa/stable-deep-world-model/logdir/atari_frostbite_vta_20260107_202443/latest.pt,/home/haselab/murakawa/stable-deep-world-model/logdir/atari_frostbite_vta_20260107_202443/train_eps/20260108T163622-6a2855e80f96423f8e6321ab3a435bdc-1194.npz,1097,124.88085174560547,1628.6883544921875,-1.8682641344528273e-18
/home/haselab/murakawa/stable-deep-world-model/logdir/atari_frostbite_vta_20260107_202443,atari_frostbite,/home/haselab/murakawa/stable-deep-world-model/logdir/atari_frostbite_vta_20260107_202443/latest.pt,/home/haselab/murakawa/stable-deep-world-model/logdir/atari_frostbite_vta_20260107_202443/train_eps/20260108T163622-6a2855e80f96423f8e6321ab3a435bdc-1194.npz,1098,133.058349609375,1746.26806640625,-9.226991645406178e-20
/home/haselab/murakawa/stable-deep-world-model/logdir/atari_frostbite_vta_20260107_202443,atari_frostbite,/home/haselab/murakawa/stable-deep-world-model/logdir/atari_frostbite_vta_20260107_202443/latest.pt,/home/haselab/murakawa/stable-deep-world-model/logdir/atari_frostbite_vta_20260107_202443/train_eps/20260108T163622-6a2855e80f96423f8e6321ab3a435bdc-1194.npz,1099,134.35931396484375,1776.558837890625,-4.308042579411691e-20
/home/haselab/murakawa/stable-deep-world-model/logdir/atari_frostbite_vta_20260107_202443,atari_frostbite,/home/haselab/murakawa/stable-deep-world-model/logdir/atari_frostbite_vta_20260107_202443/latest.pt,/home/haselab/murakawa/stable-deep-world-model/logdir/atari_frostbite_vta_20260107_202443/train_eps/20260108T163622-6a2855e80f96423f8e6321ab3a435bdc-1194.npz,1100,140.69430541992188,1896.3983154296875,-6.325032676477605e-20
/home/haselab/murakawa/stable-deep-world-model/logdir/atari_frostbite_vta_20260107_202443,atari_frostbite,/home/haselab/murakawa/stable-deep-world-model/logdir/atari_frostbite_vta_20260107_202443/latest.pt,/home/haselab/murakawa/stable-deep-world-model/logdir/atari_frostbite_vta_20260107_202443/train_eps/20260108T163622-6a2855e80f96423f8e6321ab3a435bdc-1194.npz,1101,140.02365112304688,1947.368408203125,-1.1293164900030472e-20
/home/haselab/murakawa/stable-deep-world-model/logdir/atari_frostbite_vta_20260107_202443,atari_frostbite,/home/haselab/murakawa/stable-deep-world-model/logdir/atari_frostbite_vta_20260107_202443/latest.pt,/home/haselab/murakawa/stable-deep-world-model/logdir/atari_frostbite_vta_20260107_202443/train_eps/20260108T163622-6a2855e80f96423f8e6321ab3a435bdc-1194.npz,1102,143.9456024169922,2022.075927734375,-2.6181591168753118e-21
/home/haselab/murakawa/stable-deep-world-model/logdir/atari_frostbite_vta_20260107_202443,atari_frostbite,/home/haselab/murakawa/stable-deep-world-model/logdir/atari_frostbite_vta_20260107_202443/latest.pt,/home/haselab/murakawa/stable-deep-world-model/logdir/atari_frostbite_vta_20260107_202443/train_eps/20260108T163622-6a2855e80f96423f8e6321ab3a435bdc-1194.npz,1103,143.3331298828125,2032.4830322265625,-1.3596776148961564e-18
/home/haselab/murakawa/stable-deep-world-model/logdir/atari_frostbite_vta_20260107_202443,atari_frostbite,/home/haselab/murakawa/stable-deep-world-model/logdir/atari_frostbite_vta_20260107_202443/latest.pt,/home/haselab/murakawa/stable-deep-world-model/logdir/atari_frostbite_vta_20260107_202443/train_eps/20260108T163622-6a2855e80f96423f8e6321ab3a435bdc-1194.npz,1104,142.03457641601562,2021.538818359375,-6.181813332750466e-19
/home/haselab/murakawa/stable-deep-world-model/logdir/atari_frostbite_vta_20260107_202443,atari_frostbite,/home/haselab/murakawa/stable-deep-world-model/logdir/atari_frostbite_vta_20260107_202443/latest.pt,/home/haselab/murakawa/stable-deep-world-model/logdir/atari_frostbite_vta_20260107_202443/train_eps/20260108T163622-6a2855e80f96423f8e6321ab3a435bdc-1194.npz,1105,135.00942993164062,1948.689697265625,-4.7652125602184375e-18
/home/haselab/murakawa/stable-deep-world-model/logdir/atari_frostbite_vta_20260107_202443,atari_frostbite,/home/haselab/murakawa/stable-deep-world-model/logdir/atari_frostbite_vta_20260107_202443/latest.pt,/home/haselab/murakawa/stable-deep-world-model/logdir/atari_frostbite_vta_20260107_202443/train_eps/20260108T163622-6a2855e80f96423f8e6321ab3a435bdc-1194.npz,1106,127.35399627685547,1883.33984375,-4.115090205936569e-17
/home/haselab/murakawa/stable-deep-world-model/logdir/atari_frostbite_vta_20260107_202443,atari_frostbite,/home/haselab/murakawa/stable-deep-world-model/logdir/atari_frostbite_vta_20260107_202443/latest.pt,/home/haselab/murakawa/stable-deep-world-model/logdir/atari_frostbite_vta_20260107_202443/train_eps/20260108T163622-6a2855e80f96423f8e6321ab3a435bdc-1194.npz,1107,119.8824462890625,1882.3330078125,1.731408632390062e-17
/home/haselab/murakawa/stable-deep-world-model/logdir/atari_frostbite_vta_20260107_202443,atari_frostbite,/home/haselab/murakawa/stable-deep-world-model/logdir/atari_frostbite_vta_20260107_202443/latest.pt,/home/haselab/murakawa/stable-deep-world-model/logdir/atari_frostbite_vta_20260107_202443/train_eps/20260108T163622-6a2855e80f96423f8e6321ab3a435bdc-1194.npz,1108,119.13999938964844,1902.656494140625,7.278253419059928e-15
/home/haselab/murakawa/stable-deep-world-model/logdir/atari_frostbite_vta_20260107_202443,atari_frostbite,/home/haselab/murakawa/stable-deep-world-model/logdir/atari_frostbite_vta_20260107_202443/latest.pt,/home/haselab/murakawa/stable-deep-world-model/logdir/atari_frostbite_vta_20260107_202443/train_eps/20260108T163622-6a2855e80f96423f8e6321ab3a435bdc-1194.npz,1109,72.47314453125,1736.2890625,0.0
/home/haselab/murakawa/stable-deep-world-model/logdir/atari_frostbite_vta_20260107_202443,atari_frostbite,/home/haselab/murakawa/stable-deep-world-model/logdir/atari_frostbite_vta_20260107_202443/latest.pt,/home/haselab/murakawa/stable-deep-world-model/logdir/atari_frostbite_vta_20260107_202443/train_eps/20260108T163622-6a2855e80f96423f8e6321ab3a435bdc-1194.npz,1110,73.1416015625,1743.120849609375,0.08089715242385864
/home/haselab/murakawa/stable-deep-world-model/logdir/atari_frostbite_vta_20260107_202443,atari_frostbite,/home/haselab/murakawa/stable-deep-world-model/logdir/atari_frostbite_vta_20260107_202443/latest.pt,/home/haselab/murakawa/stable-deep-world-model/logdir/atari_frostbite_vta_20260107_202443/train_eps/20260108T163622-6a2855e80f96423f8e6321ab3a435bdc-1194.npz,1111,72.97032928466797,1726.915771484375,8.642831380711868e-05
/home/haselab/murakawa/stable-deep-world-model/logdir/atari_frostbite_vta_20260107_202443,atari_frostbite,/home/haselab/murakawa/stable-deep-world-model/logdir/atari_frostbite_vta_20260107_202443/latest.pt,/home/haselab/murakawa/stable-deep-world-model/logdir/atari_frostbite_vta_20260107_202443/train_eps/20260108T163622-6a2855e80f96423f8e6321ab3a435bdc-1194.npz,1112,72.17144012451172,1680.6229248046875,-1.8177906012037393e-12
/home/haselab/murakawa/stable-deep-world-model/logdir/atari_frostbite_vta_20260107_202443,atari_frostbite,/home/haselab/murakawa/stable-deep-world-model/logdir/atari_frostbite_vta_20260107_202443/latest.pt,/home/haselab/murakawa/stable-deep-world-model/logdir/atari_frostbite_vta_20260107_202443/train_eps/20260108T163622-6a2855e80f96423f8e6321ab3a435bdc-1194.npz,1113,72.67474365234375,1674.4366455078125,-3.2052771894997e-12
/home/haselab/murakawa/stable-deep-world-model/logdir/atari_frostbite_vta_20260107_202443,atari_frostbite,/home/haselab/murakawa/stable-deep-world-model/logdir/atari_frostbite_vta_20260107_202443/latest.pt,/home/haselab/murakawa/stable-deep-world-model/logdir/atari_frostbite_vta_20260107_202443/train_eps/20260108T163622-6a2855e80f96423f8e6321ab3a435bdc-1194.npz,1114,70.06563568115234,1582.2891845703125,-1.3471935698082527e-13
/home/haselab/murakawa/stable-deep-world-model/logdir/atari_frostbite_vta_20260107_202443,atari_frostbite,/home/haselab/murakawa/stable-deep-world-model/logdir/atari_frostbite_vta_20260107_202443/latest.pt,/home/haselab/murakawa/stable-deep-world-model/logdir/atari_frostbite_vta_20260107_202443/train_eps/20260108T163622-6a2855e80f96423f8e6321ab3a435bdc-1194.npz,1115,69.65135955810547,1550.270751953125,-2.0037755634437493e-13
/home/haselab/murakawa/stable-deep-world-model/logdir/atari_frostbite_vta_20260107_202443,atari_frostbite,/home/haselab/murakawa/stable-deep-world-model/logdir/atari_frostbite_vta_20260107_202443/latest.pt,/home/haselab/murakawa/stable-deep-world-model/logdir/atari_frostbite_vta_20260107_202443/train_eps/20260108T163622-6a2855e80f96423f8e6321ab3a435bdc-1194.npz,1116,67.88095092773438,1472.0723876953125,1.1920928244535389e-07
/home/haselab/murakawa/stable-deep-world-model/logdir/atari_frostbite_vta_20260107_202443,atari_frostbite,/home/haselab/murakawa/stable-deep-world-model/logdir/atari_frostbite_vta_20260107_202443/latest.pt,/home/haselab/murakawa/stable-deep-world-model/logdir/atari_frostbite_vta_20260107_202443/train_eps/20260108T163622-6a2855e80f96423f8e6321ab3a435bdc-1194.npz,1117,66.93953704833984,1415.9793701171875,1.1920928244535389e-07
/home/haselab/murakawa/stable-deep-world-model/logdir/atari_frostbite_vta_20260107_202443,atari_frostbite,/home/haselab/murakawa/stable-deep-world-model/logdir/atari_frostbite_vta_20260107_202443/latest.pt,/home/haselab/murakawa/stable-deep-world-model/logdir/atari_frostbite_vta_20260107_202443/train_eps/20260108T163622-6a2855e80f96423f8e6321ab3a435bdc-1194.npz,1118,65.98757934570312,1362.3856201171875,2.3841860752327193e-07
/home/haselab/murakawa/stable-deep-world-model/logdir/atari_frostbite_vta_20260107_202443,atari_frostbite,/home/haselab/murakawa/stable-deep-world-model/logdir/atari_frostbite_vta_20260107_202443/latest.pt,/home/haselab/murakawa/stable-deep-world-model/logdir/atari_frostbite_vta_20260107_202443/train_eps/20260108T163622-6a2855e80f96423f8e6321ab3a435bdc-1194.npz,1119,65.1978530883789,1310.61181640625,1.3113030945532955e-06
/home/haselab/murakawa/stable-deep-world-model/logdir/atari_frostbite_vta_20260107_202443,atari_frostbite,/home/haselab/murakawa/stable-deep-world-model/logdir/atari_frostbite_vta_20260107_202443/latest.pt,/home/haselab/murakawa/stable-deep-world-model/logdir/atari_frostbite_vta_20260107_202443/train_eps/20260108T163622-6a2855e80f96423f8e6321ab3a435bdc-1194.npz,1120,64.7086410522461,1272.551513671875,4.768372718899627e-07
/home/haselab/murakawa/stable-deep-world-model/logdir/atari_frostbite_vta_20260107_202443,atari_frostbite,/home/haselab/murakawa/stable-deep-world-model/logdir/atari_frostbite_vta_20260107_202443/latest.pt,/home/haselab/murakawa/stable-deep-world-model/logdir/atari_frostbite_vta_20260107_202443/train_eps/20260108T163622-6a2855e80f96423f8e6321ab3a435bdc-1194.npz,1121,64.23175048828125,1256.495849609375,2.3841860752327193e-07
/home/haselab/murakawa/stable-deep-world-model/logdir/atari_frostbite_vta_20260107_202443,atari_frostbite,/home/haselab/murakawa/stable-deep-world-model/logdir/atari_frostbite_vta_20260107_202443/latest.pt,/home/haselab/murakawa/stable-deep-world-model/logdir/atari_frostbite_vta_20260107_202443/train_eps/20260108T163622-6a2855e80f96423f8e6321ab3a435bdc-1194.npz,1122,64.26258087158203,1230.0242919921875,-1.7715176586952963e-19
/home/haselab/murakawa/stable-deep-world-model/logdir/atari_frostbite_vta_20260107_202443,atari_frostbite,/home/haselab/murakawa/stable-deep-world-model/logdir/atari_frostbite_vta_20260107_202443/latest.pt,/home/haselab/murakawa/stable-deep-world-model/logdir/atari_frostbite_vta_20260107_202443/train_eps/20260108T163622-6a2855e80f96423f8e6321ab3a435bdc-1194.npz,1123,63.271575927734375,1205.5816650390625,-7.132670888565126e-18
/home/haselab/murakawa/stable-deep-world-model/logdir/atari_frostbite_vta_20260107_202443,atari_frostbite,/home/haselab/murakawa/stable-deep-world-model/logdir/atari_frostbite_vta_20260107_202443/latest.pt,/home/haselab/murakawa/stable-deep-world-model/logdir/atari_frostbite_vta_20260107_202443/train_eps/20260108T163622-6a2855e80f96423f8e6321ab3a435bdc-1194.npz,1124,64.3721923828125,1219.815673828125,-1.3847975391357433e-19
/home/haselab/murakawa/stable-deep-world-model/logdir/atari_frostbite_vta_20260107_202443,atari_frostbite,/home/haselab/murakawa/stable-deep-world-model/logdir/atari_frostbite_vta_20260107_202443/latest.pt,/home/haselab/murakawa/stable-deep-world-model/logdir/atari_frostbite_vta_20260107_202443/train_eps/20260108T163622-6a2855e80f96423f8e6321ab3a435bdc-1194.npz,1125,65.81800842285156,1270.93359375,-2.8400292489364355e-19
/home/haselab/murakawa/stable-deep-world-model/logdir/atari_frostbite_vta_20260107_202443,atari_frostbite,/home/haselab/murakawa/stable-deep-world-model/logdir/atari_frostbite_vta_20260107_202443/latest.pt,/home/haselab/murakawa/stable-deep-world-model/logdir/atari_frostbite_vta_20260107_202443/train_eps/20260108T163622-6a2855e80f96423f8e6321ab3a435bdc-1194.npz,1126,69.196533203125,1353.45556640625,-7.077154661753629e-19
/home/haselab/murakawa/stable-deep-world-model/logdir/atari_frostbite_vta_20260107_202443,atari_frostbite,/home/haselab/murakawa/stable-deep-world-model/logdir/atari_frostbite_vta_20260107_202443/latest.pt,/home/haselab/murakawa/stable-deep-world-model/logdir/atari_frostbite_vta_20260107_202443/train_eps/20260108T163622-6a2855e80f96423f8e6321ab3a435bdc-1194.npz,1127,68.88468170166016,1315.50439453125,-5.389799786952248e-19
/home/haselab/murakawa/stable-deep-world-model/logdir/atari_frostbite_vta_20260107_202443,atari_frostbite,/home/haselab/murakawa/stable-deep-world-model/logdir/atari_frostbite_vta_20260107_202443/latest.pt,/home/haselab/murakawa/stable-deep-world-model/logdir/atari_frostbite_vta_20260107_202443/train_eps/20260108T163622-6a2855e80f96423f8e6321ab3a435bdc-1194.npz,1128,69.05149841308594,1319.861572265625,-1.4108965350278633e-18
/home/haselab/murakawa/stable-deep-world-model/logdir/atari_frostbite_vta_20260107_202443,atari_frostbite,/home/haselab/murakawa/stable-deep-world-model/logdir/atari_frostbite_vta_20260107_202443/latest.pt,/home/haselab/murakawa/stable-deep-world-model/logdir/atari_frostbite_vta_20260107_202443/train_eps/20260108T163622-6a2855e80f96423f8e6321ab3a435bdc-1194.npz,1129,68.7430648803711,1311.679931640625,-4.1783482849346485e-19
/home/haselab/murakawa/stable-deep-world-model/logdir/atari_frostbite_vta_20260107_202443,atari_frostbite,/home/haselab/murakawa/stable-deep-world-model/logdir/atari_frostbite_vta_20260107_202443/latest.pt,/home/haselab/murakawa/stable-deep-world-model/logdir/atari_frostbite_vta_20260107_202443/train_eps/20260108T163622-6a2855e80f96423f8e6321ab3a435bdc-1194.npz,1130,68.79019165039062,1313.826416015625,-4.850413404082318e-19
/home/haselab/murakawa/stable-deep-world-model/logdir/atari_frostbite_vta_20260107_202443,atari_frostbite,/home/haselab/murakawa/stable-deep-world-model/logdir/atari_frostbite_vta_20260107_202443/latest.pt,/home/haselab/murakawa/stable-deep-world-model/logdir/atari_frostbite_vta_20260107_202443/train_eps/20260108T163622-6a2855e80f96423f8e6321ab3a435bdc-1194.npz,1131,68.68446350097656,1303.5440673828125,-3.500713332207656e-20
/home/haselab/murakawa/stable-deep-world-model/logdir/atari_frostbite_vta_20260107_202443,atari_frostbite,/home/haselab/murakawa/stable-deep-world-model/logdir/atari_frostbite_vta_20260107_202443/latest.pt,/home/haselab/murakawa/stable-deep-world-model/logdir/atari_frostbite_vta_20260107_202443/train_eps/20260108T163622-6a2855e80f96423f8e6321ab3a435bdc-1194.npz,1132,70.70431518554688,1433.379638671875,-3.422885782453617e-19
/home/haselab/murakawa/stable-deep-world-model/logdir/atari_frostbite_vta_20260107_202443,atari_frostbite,/home/haselab/murakawa/stable-deep-world-model/logdir/atari_frostbite_vta_20260107_202443/latest.pt,/home/haselab/murakawa/stable-deep-world-model/logdir/atari_frostbite_vta_20260107_202443/train_eps/20260108T163622-6a2855e80f96423f8e6321ab3a435bdc-1194.npz,1133,70.76698303222656,1439.9775390625,-5.107053693529132e-22
/home/haselab/murakawa/stable-deep-world-model/logdir/atari_frostbite_vta_20260107_202443,atari_frostbite,/home/haselab/murakawa/stable-deep-world-model/logdir/atari_frostbite_vta_20260107_202443/latest.pt,/home/haselab/murakawa/stable-deep-world-model/logdir/atari_frostbite_vta_20260107_202443/train_eps/20260108T163622-6a2855e80f96423f8e6321ab3a435bdc-1194.npz,1134,71.83463287353516,1514.80224609375,-6.0607004474393575e-22
/home/haselab/murakawa/stable-deep-world-model/logdir/atari_frostbite_vta_20260107_202443,atari_frostbite,/home/haselab/murakawa/stable-deep-world-model/logdir/atari_frostbite_vta_20260107_202443/latest.pt,/home/haselab/murakawa/stable-deep-world-model/logdir/atari_frostbite_vta_20260107_202443/train_eps/20260108T163622-6a2855e80f96423f8e6321ab3a435bdc-1194.npz,1135,72.36102294921875,1532.173828125,-1.5604319988834964e-22
/home/haselab/murakawa/stable-deep-world-model/logdir/atari_frostbite_vta_20260107_202443,atari_frostbite,/home/haselab/murakawa/stable-deep-world-model/logdir/atari_frostbite_vta_20260107_202443/latest.pt,/home/haselab/murakawa/stable-deep-world-model/logdir/atari_frostbite_vta_20260107_202443/train_eps/20260108T163622-6a2855e80f96423f8e6321ab3a435bdc-1194.npz,1136,73.41241455078125,1598.44140625,-1.5821443792468588e-21
/home/haselab/murakawa/stable-deep-world-model/logdir/atari_frostbite_vta_20260107_202443,atari_frostbite,/home/haselab/murakawa/stable-deep-world-model/logdir/atari_frostbite_vta_20260107_202443/latest.pt,/home/haselab/murakawa/stable-deep-world-model/logdir/atari_frostbite_vta_20260107_202443/train_eps/20260108T163622-6a2855e80f96423f8e6321ab3a435bdc-1194.npz,1137,74.77401733398438,1630.4287109375,-2.8223716530058455e-22
/home/haselab/murakawa/stable-deep-world-model/logdir/atari_frostbite_vta_20260107_202443,atari_frostbite,/home/haselab/murakawa/stable-deep-world-model/logdir/atari_frostbite_vta_20260107_202443/latest.pt,/home/haselab/murakawa/stable-deep-world-model/logdir/atari_frostbite_vta_20260107_202443/train_eps/20260108T163622-6a2855e80f96423f8e6321ab3a435bdc-1194.npz,1138,75.38670349121094,1639.457275390625,-3.5017081198879307e-23
/home/haselab/murakawa/stable-deep-world-model/logdir/atari_frostbite_vta_20260107_202443,atari_frostbite,/home/haselab/murakawa/stable-deep-world-model/logdir/atari_frostbite_vta_20260107_202443/latest.pt,/home/haselab/murakawa/stable-deep-world-model/logdir/atari_frostbite_vta_20260107_202443/train_eps/20260108T163622-6a2855e80f96423f8e6321ab3a435bdc-1194.npz,1139,76.1719741821289,1691.66064453125,-1.3684187813958252e-20
/home/haselab/murakawa/stable-deep-world-model/logdir/atari_frostbite_vta_20260107_202443,atari_frostbite,/home/haselab/murakawa/stable-deep-world-model/logdir/atari_frostbite_vta_20260107_202443/latest.pt,/home/haselab/murakawa/stable-deep-world-model/logdir/atari_frostbite_vta_20260107_202443/train_eps/20260108T163622-6a2855e80f96423f8e6321ab3a435bdc-1194.npz,1140,74.31422424316406,1696.8953857421875,-3.796751337579511e-21
/home/haselab/murakawa/stable-deep-world-model/logdir/atari_frostbite_vta_20260107_202443,atari_frostbite,/home/haselab/murakawa/stable-deep-world-model/logdir/atari_frostbite_vta_20260107_202443/latest.pt,/home/haselab/murakawa/stable-deep-world-model/logdir/atari_frostbite_vta_20260107_202443/train_eps/20260108T163622-6a2855e80f96423f8e6321ab3a435bdc-1194.npz,1141,74.27676391601562,1712.4102783203125,-1.9282000131265887e-21
/home/haselab/murakawa/stable-deep-world-model/logdir/atari_frostbite_vta_20260107_202443,atari_frostbite,/home/haselab/murakawa/stable-deep-world-model/logdir/atari_frostbite_vta_20260107_202443/latest.pt,/home/haselab/murakawa/stable-deep-world-model/logdir/atari_frostbite_vta_20260107_202443/train_eps/20260108T163622-6a2855e80f96423f8e6321ab3a435bdc-1194.npz,1142,71.43338775634766,1673.427001953125,-3.455139830495434e-22
/home/haselab/murakawa/stable-deep-world-model/logdir/atari_frostbite_vta_20260107_202443,atari_frostbite,/home/haselab/murakawa/stable-deep-world-model/logdir/atari_frostbite_vta_20260107_202443/latest.pt,/home/haselab/murakawa/stable-deep-world-model/logdir/atari_frostbite_vta_20260107_202443/train_eps/20260108T163622-6a2855e80f96423f8e6321ab3a435bdc-1194.npz,1143,70.740478515625,1655.0703125,-7.044713575169837e-21
/home/haselab/murakawa/stable-deep-world-model/logdir/atari_frostbite_vta_20260107_202443,atari_frostbite,/home/haselab/murakawa/stable-deep-world-model/logdir/atari_frostbite_vta_20260107_202443/latest.pt,/home/haselab/murakawa/stable-deep-world-model/logdir/atari_frostbite_vta_20260107_202443/train_eps/20260108T163622-6a2855e80f96423f8e6321ab3a435bdc-1194.npz,1144,68.62602233886719,1643.6939697265625,-2.3811184244748188e-23
/home/haselab/murakawa/stable-deep-world-model/logdir/atari_frostbite_vta_20260107_202443,atari_frostbite,/home/haselab/murakawa/stable-deep-world-model/logdir/atari_frostbite_vta_20260107_202443/latest.pt,/home/haselab/murakawa/stable-deep-world-model/logdir/atari_frostbite_vta_20260107_202443/train_eps/20260108T163622-6a2855e80f96423f8e6321ab3a435bdc-1194.npz,1145,67.89979553222656,1615.7874755859375,-5.619823631777866e-23
/home/haselab/murakawa/stable-deep-world-model/logdir/atari_frostbite_vta_20260107_202443,atari_frostbite,/home/haselab/murakawa/stable-deep-world-model/logdir/atari_frostbite_vta_20260107_202443/latest.pt,/home/haselab/murakawa/stable-deep-world-model/logdir/atari_frostbite_vta_20260107_202443/train_eps/20260108T163622-6a2855e80f96423f8e6321ab3a435bdc-1194.npz,1146,66.40105438232422,1547.39697265625,-2.411702108175217e-25
/home/haselab/murakawa/stable-deep-world-model/logdir/atari_frostbite_vta_20260107_202443,atari_frostbite,/home/haselab/murakawa/stable-deep-world-model/logdir/atari_frostbite_vta_20260107_202443/latest.pt,/home/haselab/murakawa/stable-deep-world-model/logdir/atari_frostbite_vta_20260107_202443/train_eps/20260108T163622-6a2855e80f96423f8e6321ab3a435bdc-1194.npz,1147,67.11851501464844,1555.567138671875,-1.5979956897805992e-26
/home/haselab/murakawa/stable-deep-world-model/logdir/atari_frostbite_vta_20260107_202443,atari_frostbite,/home/haselab/murakawa/stable-deep-world-model/logdir/atari_frostbite_vta_20260107_202443/latest.pt,/home/haselab/murakawa/stable-deep-world-model/logdir/atari_frostbite_vta_20260107_202443/train_eps/20260108T163622-6a2855e80f96423f8e6321ab3a435bdc-1194.npz,1148,65.52389526367188,1461.6875,-1.0223567396333207e-29
/home/haselab/murakawa/stable-deep-world-model/logdir/atari_frostbite_vta_20260107_202443,atari_frostbite,/home/haselab/murakawa/stable-deep-world-model/logdir/atari_frostbite_vta_20260107_202443/latest.pt,/home/haselab/murakawa/stable-deep-world-model/logdir/atari_frostbite_vta_20260107_202443/train_eps/20260108T163622-6a2855e80f96423f8e6321ab3a435bdc-1194.npz,1149,65.20283508300781,1424.698486328125,-1.8383675394656702e-29
/home/haselab/murakawa/stable-deep-world-model/logdir/atari_frostbite_vta_20260107_202443,atari_frostbite,/home/haselab/murakawa/stable-deep-world-model/logdir/atari_frostbite_vta_20260107_202443/latest.pt,/home/haselab/murakawa/stable-deep-world-model/logdir/atari_frostbite_vta_20260107_202443/train_eps/20260108T163622-6a2855e80f96423f8e6321ab3a435bdc-1194.npz,1150,64.10486602783203,1376.6722412109375,-1.4386425850674222e-29
/home/haselab/murakawa/stable-deep-world-model/logdir/atari_frostbite_vta_20260107_202443,atari_frostbite,/home/haselab/murakawa/stable-deep-world-model/logdir/atari_frostbite_vta_20260107_202443/latest.pt,/home/haselab/murakawa/stable-deep-world-model/logdir/atari_frostbite_vta_20260107_202443/train_eps/20260108T163622-6a2855e80f96423f8e6321ab3a435bdc-1194.npz,1151,64.0349349975586,1363.635986328125,-4.211373616679226e-27
/home/haselab/murakawa/stable-deep-world-model/logdir/atari_frostbite_vta_20260107_202443,atari_frostbite,/home/haselab/murakawa/stable-deep-world-model/logdir/atari_frostbite_vta_20260107_202443/latest.pt,/home/haselab/murakawa/stable-deep-world-model/logdir/atari_frostbite_vta_20260107_202443/train_eps/20260108T163622-6a2855e80f96423f8e6321ab3a435bdc-1194.npz,1152,63.39803695678711,1296.7159423828125,3.576279254957626e-07
/home/haselab/murakawa/stable-deep-world-model/logdir/atari_frostbite_vta_20260107_202443,atari_frostbite,/home/haselab/murakawa/stable-deep-world-model/logdir/atari_frostbite_vta_20260107_202443/latest.pt,/home/haselab/murakawa/stable-deep-world-model/logdir/atari_frostbite_vta_20260107_202443/train_eps/20260108T163622-6a2855e80f96423f8e6321ab3a435bdc-1194.npz,1153,61.82218933105469,1214.7552490234375,1.1920930376163597e-07
/home/haselab/murakawa/stable-deep-world-model/logdir/atari_frostbite_vta_20260107_202443,atari_frostbite,/home/haselab/murakawa/stable-deep-world-model/logdir/atari_frostbite_vta_20260107_202443/latest.pt,/home/haselab/murakawa/stable-deep-world-model/logdir/atari_frostbite_vta_20260107_202443/train_eps/20260108T163622-6a2855e80f96423f8e6321ab3a435bdc-1194.npz,1154,60.35392761230469,1142.00927734375,3.576279254957626e-07
/home/haselab/murakawa/stable-deep-world-model/logdir/atari_frostbite_vta_20260107_202443,atari_frostbite,/home/haselab/murakawa/stable-deep-world-model/logdir/atari_frostbite_vta_20260107_202443/latest.pt,/home/haselab/murakawa/stable-deep-world-model/logdir/atari_frostbite_vta_20260107_202443/train_eps/20260108T163622-6a2855e80f96423f8e6321ab3a435bdc-1194.npz,1155,60.14200973510742,1146.4788818359375,9.536747711536009e-07
/home/haselab/murakawa/stable-deep-world-model/logdir/atari_frostbite_vta_20260107_202443,atari_frostbite,/home/haselab/murakawa/stable-deep-world-model/logdir/atari_frostbite_vta_20260107_202443/latest.pt,/home/haselab/murakawa/stable-deep-world-model/logdir/atari_frostbite_vta_20260107_202443/train_eps/20260108T163622-6a2855e80f96423f8e6321ab3a435bdc-1194.npz,1156,59.43644714355469,1127.583984375,1.0728841743912199e-06
/home/haselab/murakawa/stable-deep-world-model/logdir/atari_frostbite_vta_20260107_202443,atari_frostbite,/home/haselab/murakawa/stable-deep-world-model/logdir/atari_frostbite_vta_20260107_202443/latest.pt,/home/haselab/murakawa/stable-deep-world-model/logdir/atari_frostbite_vta_20260107_202443/train_eps/20260108T163622-6a2855e80f96423f8e6321ab3a435bdc-1194.npz,1157,61.47349548339844,1186.2342529296875,-2.613384012837251e-26
/home/haselab/murakawa/stable-deep-world-model/logdir/atari_frostbite_vta_20260107_202443,atari_frostbite,/home/haselab/murakawa/stable-deep-world-model/logdir/atari_frostbite_vta_20260107_202443/latest.pt,/home/haselab/murakawa/stable-deep-world-model/logdir/atari_frostbite_vta_20260107_202443/train_eps/20260108T163622-6a2855e80f96423f8e6321ab3a435bdc-1194.npz,1158,63.52373504638672,1234.5567626953125,-2.416659060888291e-28
/home/haselab/murakawa/stable-deep-world-model/logdir/atari_frostbite_vta_20260107_202443,atari_frostbite,/home/haselab/murakawa/stable-deep-world-model/logdir/atari_frostbite_vta_20260107_202443/latest.pt,/home/haselab/murakawa/stable-deep-world-model/logdir/atari_frostbite_vta_20260107_202443/train_eps/20260108T163622-6a2855e80f96423f8e6321ab3a435bdc-1194.npz,1159,59.343597412109375,1170.6031494140625,0.0
/home/haselab/murakawa/stable-deep-world-model/logdir/atari_frostbite_vta_20260107_202443,atari_frostbite,/home/haselab/murakawa/stable-deep-world-model/logdir/atari_frostbite_vta_20260107_202443/latest.pt,/home/haselab/murakawa/stable-deep-world-model/logdir/atari_frostbite_vta_20260107_202443/train_eps/20260108T163622-6a2855e80f96423f8e6321ab3a435bdc-1194.npz,1160,59.56297302246094,1181.6453857421875,0.03391397371888161
/home/haselab/murakawa/stable-deep-world-model/logdir/atari_frostbite_vta_20260107_202443,atari_frostbite,/home/haselab/murakawa/stable-deep-world-model/logdir/atari_frostbite_vta_20260107_202443/latest.pt,/home/haselab/murakawa/stable-deep-world-model/logdir/atari_frostbite_vta_20260107_202443/train_eps/20260108T163622-6a2855e80f96423f8e6321ab3a435bdc-1194.npz,1161,59.63201904296875,1183.495849609375,4.1962550312746316e-05
/home/haselab/murakawa/stable-deep-world-model/logdir/atari_frostbite_vta_20260107_202443,atari_frostbite,/home/haselab/murakawa/stable-deep-world-model/logdir/atari_frostbite_vta_20260107_202443/latest.pt,/home/haselab/murakawa/stable-deep-world-model/logdir/atari_frostbite_vta_20260107_202443/train_eps/20260108T163622-6a2855e80f96423f8e6321ab3a435bdc-1194.npz,1162,59.51723861694336,1183.552978515625,0.000273324636509642
/home/haselab/murakawa/stable-deep-world-model/logdir/atari_frostbite_vta_20260107_202443,atari_frostbite,/home/haselab/murakawa/stable-deep-world-model/logdir/atari_frostbite_vta_20260107_202443/latest.pt,/home/haselab/murakawa/stable-deep-world-model/logdir/atari_frostbite_vta_20260107_202443/train_eps/20260108T163622-6a2855e80f96423f8e6321ab3a435bdc-1194.npz,1163,59.70667266845703,1191.036865234375,6.139466859167442e-05
/home/haselab/murakawa/stable-deep-world-model/logdir/atari_frostbite_vta_20260107_202443,atari_frostbite,/home/haselab/murakawa/stable-deep-world-model/logdir/atari_frostbite_vta_20260107_202443/latest.pt,/home/haselab/murakawa/stable-deep-world-model/logdir/atari_frostbite_vta_20260107_202443/train_eps/20260108T163622-6a2855e80f96423f8e6321ab3a435bdc-1194.npz,1164,58.540550231933594,1176.79248046875,1.0728841743912199e-06
/home/haselab/murakawa/stable-deep-world-model/logdir/atari_frostbite_vta_20260107_202443,atari_frostbite,/home/haselab/murakawa/stable-deep-world-model/logdir/atari_frostbite_vta_20260107_202443/latest.pt,/home/haselab/murakawa/stable-deep-world-model/logdir/atari_frostbite_vta_20260107_202443/train_eps/20260108T163622-6a2855e80f96423f8e6321ab3a435bdc-1194.npz,1165,57.52088928222656,1170.0963134765625,2.3841860752327193e-07
/home/haselab/murakawa/stable-deep-world-model/logdir/atari_frostbite_vta_20260107_202443,atari_frostbite,/home/haselab/murakawa/stable-deep-world-model/logdir/atari_frostbite_vta_20260107_202443/latest.pt,/home/haselab/murakawa/stable-deep-world-model/logdir/atari_frostbite_vta_20260107_202443/train_eps/20260108T163622-6a2855e80f96423f8e6321ab3a435bdc-1194.npz,1166,58.426387786865234,1238.3760986328125,2.6584024453768507e-05
/home/haselab/murakawa/stable-deep-world-model/logdir/atari_frostbite_vta_20260107_202443,atari_frostbite,/home/haselab/murakawa/stable-deep-world-model/logdir/atari_frostbite_vta_20260107_202443/latest.pt,/home/haselab/murakawa/stable-deep-world-model/logdir/atari_frostbite_vta_20260107_202443/train_eps/20260108T163622-6a2855e80f96423f8e6321ab3a435bdc-1194.npz,1167,58.213226318359375,1236.557861328125,5.006802894058637e-06
/home/haselab/murakawa/stable-deep-world-model/logdir/atari_frostbite_vta_20260107_202443,atari_frostbite,/home/haselab/murakawa/stable-deep-world-model/logdir/atari_frostbite_vta_20260107_202443/latest.pt,/home/haselab/murakawa/stable-deep-world-model/logdir/atari_frostbite_vta_20260107_202443/train_eps/20260108T163622-6a2855e80f96423f8e6321ab3a435bdc-1194.npz,1168,60.239227294921875,1326.7939453125,3.337865791763761e-06
/home/haselab/murakawa/stable-deep-world-model/logdir/atari_frostbite_vta_20260107_202443,atari_frostbite,/home/haselab/murakawa/stable-deep-world-model/logdir/atari_frostbite_vta_20260107_202443/latest.pt,/home/haselab/murakawa/stable-deep-world-model/logdir/atari_frostbite_vta_20260107_202443/train_eps/20260108T163622-6a2855e80f96423f8e6321ab3a435bdc-1194.npz,1169,60.907569885253906,1344.8453369140625,3.814704541582614e-06
/home/haselab/murakawa/stable-deep-world-model/logdir/atari_frostbite_vta_20260107_202443,atari_frostbite,/home/haselab/murakawa/stable-deep-world-model/logdir/atari_frostbite_vta_20260107_202443/latest.pt,/home/haselab/murakawa/stable-deep-world-model/logdir/atari_frostbite_vta_20260107_202443/train_eps/20260108T163622-6a2855e80f96423f8e6321ab3a435bdc-1194.npz,1170,63.03528594970703,1415.671142578125,8.344653679159819e-07
/home/haselab/murakawa/stable-deep-world-model/logdir/atari_frostbite_vta_20260107_202443,atari_frostbite,/home/haselab/murakawa/stable-deep-world-model/logdir/atari_frostbite_vta_20260107_202443/latest.pt,/home/haselab/murakawa/stable-deep-world-model/logdir/atari_frostbite_vta_20260107_202443/train_eps/20260108T163622-6a2855e80f96423f8e6321ab3a435bdc-1194.npz,1171,63.24356460571289,1416.6055908203125,5.960466182841628e-07
/home/haselab/murakawa/stable-deep-world-model/logdir/atari_frostbite_vta_20260107_202443,atari_frostbite,/home/haselab/murakawa/stable-deep-world-model/logdir/atari_frostbite_vta_20260107_202443/latest.pt,/home/haselab/murakawa/stable-deep-world-model/logdir/atari_frostbite_vta_20260107_202443/train_eps/20260108T163622-6a2855e80f96423f8e6321ab3a435bdc-1194.npz,1172,62.898494720458984,1403.1478271484375,1.1920930376163597e-07
/home/haselab/murakawa/stable-deep-world-model/logdir/atari_frostbite_vta_20260107_202443,atari_frostbite,/home/haselab/murakawa/stable-deep-world-model/logdir/atari_frostbite_vta_20260107_202443/latest.pt,/home/haselab/murakawa/stable-deep-world-model/logdir/atari_frostbite_vta_20260107_202443/train_eps/20260108T163622-6a2855e80f96423f8e6321ab3a435bdc-1194.npz,1173,62.845848083496094,1404.068603515625,-1.5711284377898944e-20
/home/haselab/murakawa/stable-deep-world-model/logdir/atari_frostbite_vta_20260107_202443,atari_frostbite,/home/haselab/murakawa/stable-deep-world-model/logdir/atari_frostbite_vta_20260107_202443/latest.pt,/home/haselab/murakawa/stable-deep-world-model/logdir/atari_frostbite_vta_20260107_202443/train_eps/20260108T163622-6a2855e80f96423f8e6321ab3a435bdc-1194.npz,1174,62.68669891357422,1393.78271484375,-4.3590221083042464e-21
/home/haselab/murakawa/stable-deep-world-model/logdir/atari_frostbite_vta_20260107_202443,atari_frostbite,/home/haselab/murakawa/stable-deep-world-model/logdir/atari_frostbite_vta_20260107_202443/latest.pt,/home/haselab/murakawa/stable-deep-world-model/logdir/atari_frostbite_vta_20260107_202443/train_eps/20260108T163622-6a2855e80f96423f8e6321ab3a435bdc-1194.npz,1175,62.74417495727539,1401.4599609375,-7.950216236386846e-21
/home/haselab/murakawa/stable-deep-world-model/logdir/atari_frostbite_vta_20260107_202443,atari_frostbite,/home/haselab/murakawa/stable-deep-world-model/logdir/atari_frostbite_vta_20260107_202443/latest.pt,/home/haselab/murakawa/stable-deep-world-model/logdir/atari_frostbite_vta_20260107_202443/train_eps/20260108T163622-6a2855e80f96423f8e6321ab3a435bdc-1194.npz,1176,65.2501220703125,1491.2335205078125,-5.830889195705204e-20
/home/haselab/murakawa/stable-deep-world-model/logdir/atari_frostbite_vta_20260107_202443,atari_frostbite,/home/haselab/murakawa/stable-deep-world-model/logdir/atari_frostbite_vta_20260107_202443/latest.pt,/home/haselab/murakawa/stable-deep-world-model/logdir/atari_frostbite_vta_20260107_202443/train_eps/20260108T163622-6a2855e80f96423f8e6321ab3a435bdc-1194.npz,1177,65.91219329833984,1493.32373046875,-5.339730673721384e-20
/home/haselab/murakawa/stable-deep-world-model/logdir/atari_frostbite_vta_20260107_202443,atari_frostbite,/home/haselab/murakawa/stable-deep-world-model/logdir/atari_frostbite_vta_20260107_202443/latest.pt,/home/haselab/murakawa/stable-deep-world-model/logdir/atari_frostbite_vta_20260107_202443/train_eps/20260108T163622-6a2855e80f96423f8e6321ab3a435bdc-1194.npz,1178,65.1865463256836,1460.2657470703125,-1.431909417053245e-20
/home/haselab/murakawa/stable-deep-world-model/logdir/atari_frostbite_vta_20260107_202443,atari_frostbite,/home/haselab/murakawa/stable-deep-world-model/logdir/atari_frostbite_vta_20260107_202443/latest.pt,/home/haselab/murakawa/stable-deep-world-model/logdir/atari_frostbite_vta_20260107_202443/train_eps/20260108T163622-6a2855e80f96423f8e6321ab3a435bdc-1194.npz,1179,65.53018951416016,1475.1602783203125,-2.1697047431719826e-22
/home/haselab/murakawa/stable-deep-world-model/logdir/atari_frostbite_vta_20260107_202443,atari_frostbite,/home/haselab/murakawa/stable-deep-world-model/logdir/atari_frostbite_vta_20260107_202443/latest.pt,/home/haselab/murakawa/stable-deep-world-model/logdir/atari_frostbite_vta_20260107_202443/train_eps/20260108T163622-6a2855e80f96423f8e6321ab3a435bdc-1194.npz,1180,63.75225067138672,1409.487548828125,-1.9507145577454778e-22
/home/haselab/murakawa/stable-deep-world-model/logdir/atari_frostbite_vta_20260107_202443,atari_frostbite,/home/haselab/murakawa/stable-deep-world-model/logdir/atari_frostbite_vta_20260107_202443/latest.pt,/home/haselab/murakawa/stable-deep-world-model/logdir/atari_frostbite_vta_20260107_202443/train_eps/20260108T163622-6a2855e80f96423f8e6321ab3a435bdc-1194.npz,1181,63.34088134765625,1404.5665283203125,-3.014375727280081e-23
/home/haselab/murakawa/stable-deep-world-model/logdir/atari_frostbite_vta_20260107_202443,atari_frostbite,/home/haselab/murakawa/stable-deep-world-model/logdir/atari_frostbite_vta_20260107_202443/latest.pt,/home/haselab/murakawa/stable-deep-world-model/logdir/atari_frostbite_vta_20260107_202443/train_eps/20260108T163622-6a2855e80f96423f8e6321ab3a435bdc-1194.npz,1182,64.71533203125,1463.5670166015625,-2.6387273586252906e-21
/home/haselab/murakawa/stable-deep-world-model/logdir/atari_frostbite_vta_20260107_202443,atari_frostbite,/home/haselab/murakawa/stable-deep-world-model/logdir/atari_frostbite_vta_20260107_202443/latest.pt,/home/haselab/murakawa/stable-deep-world-model/logdir/atari_frostbite_vta_20260107_202443/train_eps/20260108T163622-6a2855e80f96423f8e6321ab3a435bdc-1194.npz,1183,64.50997161865234,1459.476806640625,-8.766657309197969e-23
/home/haselab/murakawa/stable-deep-world-model/logdir/atari_frostbite_vta_20260107_202443,atari_frostbite,/home/haselab/murakawa/stable-deep-world-model/logdir/atari_frostbite_vta_20260107_202443/latest.pt,/home/haselab/murakawa/stable-deep-world-model/logdir/atari_frostbite_vta_20260107_202443/train_eps/20260108T163622-6a2855e80f96423f8e6321ab3a435bdc-1194.npz,1184,64.69749450683594,1463.2984619140625,-1.0814677670275841e-21
/home/haselab/murakawa/stable-deep-world-model/logdir/atari_frostbite_vta_20260107_202443,atari_frostbite,/home/haselab/murakawa/stable-deep-world-model/logdir/atari_frostbite_vta_20260107_202443/latest.pt,/home/haselab/murakawa/stable-deep-world-model/logdir/atari_frostbite_vta_20260107_202443/train_eps/20260108T163622-6a2855e80f96423f8e6321ab3a435bdc-1194.npz,1185,64.65130615234375,1463.5400390625,-5.541919262875094e-22
/home/haselab/murakawa/stable-deep-world-model/logdir/atari_frostbite_vta_20260107_202443,atari_frostbite,/home/haselab/murakawa/stable-deep-world-model/logdir/atari_frostbite_vta_20260107_202443/latest.pt,/home/haselab/murakawa/stable-deep-world-model/logdir/atari_frostbite_vta_20260107_202443/train_eps/20260108T163622-6a2855e80f96423f8e6321ab3a435bdc-1194.npz,1186,62.44579315185547,1358.8934326171875,-2.131224171324174e-23
/home/haselab/murakawa/stable-deep-world-model/logdir/atari_frostbite_vta_20260107_202443,atari_frostbite,/home/haselab/murakawa/stable-deep-world-model/logdir/atari_frostbite_vta_20260107_202443/latest.pt,/home/haselab/murakawa/stable-deep-world-model/logdir/atari_frostbite_vta_20260107_202443/train_eps/20260108T163622-6a2855e80f96423f8e6321ab3a435bdc-1194.npz,1187,61.40947341918945,1308.2843017578125,-4.8821796786005095e-23
/home/haselab/murakawa/stable-deep-world-model/logdir/atari_frostbite_vta_20260107_202443,atari_frostbite,/home/haselab/murakawa/stable-deep-world-model/logdir/atari_frostbite_vta_20260107_202443/latest.pt,/home/haselab/murakawa/stable-deep-world-model/logdir/atari_frostbite_vta_20260107_202443/train_eps/20260108T163622-6a2855e80f96423f8e6321ab3a435bdc-1194.npz,1188,60.09964370727539,1274.9215087890625,-1.3421419055701814e-26
/home/haselab/murakawa/stable-deep-world-model/logdir/atari_frostbite_vta_20260107_202443,atari_frostbite,/home/haselab/murakawa/stable-deep-world-model/logdir/atari_frostbite_vta_20260107_202443/latest.pt,/home/haselab/murakawa/stable-deep-world-model/logdir/atari_frostbite_vta_20260107_202443/train_eps/20260108T163622-6a2855e80f96423f8e6321ab3a435bdc-1194.npz,1189,59.92115020751953,1280.52587890625,-6.4263678501263e-26
/home/haselab/murakawa/stable-deep-world-model/logdir/atari_frostbite_vta_20260107_202443,atari_frostbite,/home/haselab/murakawa/stable-deep-world-model/logdir/atari_frostbite_vta_20260107_202443/latest.pt,/home/haselab/murakawa/stable-deep-world-model/logdir/atari_frostbite_vta_20260107_202443/train_eps/20260108T163622-6a2855e80f96423f8e6321ab3a435bdc-1194.npz,1190,60.43962097167969,1317.4769287109375,-1.1817334808032227e-25
/home/haselab/murakawa/stable-deep-world-model/logdir/atari_frostbite_vta_20260107_202443,atari_frostbite,/home/haselab/murakawa/stable-deep-world-model/logdir/atari_frostbite_vta_20260107_202443/latest.pt,/home/haselab/murakawa/stable-deep-world-model/logdir/atari_frostbite_vta_20260107_202443/train_eps/20260108T163622-6a2855e80f96423f8e6321ab3a435bdc-1194.npz,1191,59.68497085571289,1297.017333984375,-4.595444516770776e-24
/home/haselab/murakawa/stable-deep-world-model/logdir/atari_frostbite_vta_20260107_202443,atari_frostbite,/home/haselab/murakawa/stable-deep-world-model/logdir/atari_frostbite_vta_20260107_202443/latest.pt,/home/haselab/murakawa/stable-deep-world-model/logdir/atari_frostbite_vta_20260107_202443/train_eps/20260108T163622-6a2855e80f96423f8e6321ab3a435bdc-1194.npz,1192,58.28168869018555,1240.3416748046875,1.1920930376163597e-07
/home/haselab/murakawa/stable-deep-world-model/logdir/atari_frostbite_vta_20260107_202443,atari_frostbite,/home/haselab/murakawa/stable-deep-world-model/logdir/atari_frostbite_vta_20260107_202443/latest.pt,/home/haselab/murakawa/stable-deep-world-model/logdir/atari_frostbite_vta_20260107_202443/train_eps/20260108T163622-6a2855e80f96423f8e6321ab3a435bdc-1194.npz,1193,58.72532653808594,1256.7421875,1.3113030945532955e-06
