task,logdir,ckpt,episode,window_start,window_end,boundary_rate,read_prob_mean,abs_l2_mean,obs_l2_mean,abs_stoch_l2_mean,obs_stoch_l2_mean,abs_l2_read_mean,obs_l2_read_mean,abs_stoch_l2_read_mean,obs_stoch_l2_read_mean
atari_krull,/home/haselab/projects/stable-deep-world-model/logs/content_kl_kernelsize/runs/20260207_060134_krull_private_eye/atari_krull_vta_k5_seed0,/home/haselab/projects/stable-deep-world-model/logs/content_kl_kernelsize/runs/20260207_060134_krull_private_eye/atari_krull_vta_k5_seed0/latest.pt,/home/haselab/projects/stable-deep-world-model/logs/content_kl_kernelsize/runs/20260207_060134_krull_private_eye/atari_krull_vta_k5_seed0/train_eps/20260207T124626-7e1e93f537ba4eb6baa370b030d256f6-3511.npz,0,32,0.0,2.6061138669319917e-07,0.11091729253530502,1.2131202220916748,0.0,4.195897579193115,nan,nan,nan,nan
atari_krull,/home/haselab/projects/stable-deep-world-model/logs/content_kl_kernelsize/runs/20260207_060134_krull_private_eye/atari_krull_vta_k5_seed0,/home/haselab/projects/stable-deep-world-model/logs/content_kl_kernelsize/runs/20260207_060134_krull_private_eye/atari_krull_vta_k5_seed0/latest.pt,/home/haselab/projects/stable-deep-world-model/logs/content_kl_kernelsize/runs/20260207_060134_krull_private_eye/atari_krull_vta_k5_seed0/train_eps/20260207T124626-7e1e93f537ba4eb6baa370b030d256f6-3511.npz,8,40,0.0,2.401020822162536e-07,0.18272683024406433,1.193095088005066,0.0,3.7890701293945312,nan,nan,nan,nan
atari_krull,/home/haselab/projects/stable-deep-world-model/logs/content_kl_kernelsize/runs/20260207_060134_krull_private_eye/atari_krull_vta_k5_seed0,/home/haselab/projects/stable-deep-world-model/logs/content_kl_kernelsize/runs/20260207_060134_krull_private_eye/atari_krull_vta_k5_seed0/latest.pt,/home/haselab/projects/stable-deep-world-model/logs/content_kl_kernelsize/runs/20260207_060134_krull_private_eye/atari_krull_vta_k5_seed0/train_eps/20260207T124626-7e1e93f537ba4eb6baa370b030d256f6-3511.npz,16,48,0.0,2.4893151362448407e-07,0.2518639862537384,1.290743350982666,0.0,3.557126522064209,nan,nan,nan,nan
atari_krull,/home/haselab/projects/stable-deep-world-model/logs/content_kl_kernelsize/runs/20260207_060134_krull_private_eye/atari_krull_vta_k5_seed0,/home/haselab/projects/stable-deep-world-model/logs/content_kl_kernelsize/runs/20260207_060134_krull_private_eye/atari_krull_vta_k5_seed0/latest.pt,/home/haselab/projects/stable-deep-world-model/logs/content_kl_kernelsize/runs/20260207_060134_krull_private_eye/atari_krull_vta_k5_seed0/train_eps/20260207T124626-7e1e93f537ba4eb6baa370b030d256f6-3511.npz,24,56,0.0,2.554676825639035e-07,0.32565855979919434,1.3587831258773804,0.0,3.1957249641418457,nan,nan,nan,nan
atari_krull,/home/haselab/projects/stable-deep-world-model/logs/content_kl_kernelsize/runs/20260207_060134_krull_private_eye/atari_krull_vta_k5_seed0,/home/haselab/projects/stable-deep-world-model/logs/content_kl_kernelsize/runs/20260207_060134_krull_private_eye/atari_krull_vta_k5_seed0/latest.pt,/home/haselab/projects/stable-deep-world-model/logs/content_kl_kernelsize/runs/20260207_060134_krull_private_eye/atari_krull_vta_k5_seed0/train_eps/20260207T124626-7e1e93f537ba4eb6baa370b030d256f6-3511.npz,32,64,0.0,2.3909461077664673e-08,0.32340532541275024,1.2021479606628418,0.0,2.907743215560913,nan,nan,nan,nan
atari_krull,/home/haselab/projects/stable-deep-world-model/logs/content_kl_kernelsize/runs/20260207_060134_krull_private_eye/atari_krull_vta_k5_seed0,/home/haselab/projects/stable-deep-world-model/logs/content_kl_kernelsize/runs/20260207_060134_krull_private_eye/atari_krull_vta_k5_seed0/latest.pt,/home/haselab/projects/stable-deep-world-model/logs/content_kl_kernelsize/runs/20260207_060134_krull_private_eye/atari_krull_vta_k5_seed0/train_eps/20260207T124626-7e1e93f537ba4eb6baa370b030d256f6-3511.npz,40,72,0.0,2.4594966063773427e-08,0.35591477155685425,1.2898056507110596,0.0,3.0380654335021973,nan,nan,nan,nan
atari_krull,/home/haselab/projects/stable-deep-world-model/logs/content_kl_kernelsize/runs/20260207_060134_krull_private_eye/atari_krull_vta_k5_seed0,/home/haselab/projects/stable-deep-world-model/logs/content_kl_kernelsize/runs/20260207_060134_krull_private_eye/atari_krull_vta_k5_seed0/latest.pt,/home/haselab/projects/stable-deep-world-model/logs/content_kl_kernelsize/runs/20260207_060134_krull_private_eye/atari_krull_vta_k5_seed0/train_eps/20260207T124626-7e1e93f537ba4eb6baa370b030d256f6-3511.npz,48,80,0.0,1.881227440492239e-08,0.4124879539012909,1.5633620023727417,0.0,3.1081557273864746,nan,nan,nan,nan
atari_krull,/home/haselab/projects/stable-deep-world-model/logs/content_kl_kernelsize/runs/20260207_060134_krull_private_eye/atari_krull_vta_k5_seed0,/home/haselab/projects/stable-deep-world-model/logs/content_kl_kernelsize/runs/20260207_060134_krull_private_eye/atari_krull_vta_k5_seed0/latest.pt,/home/haselab/projects/stable-deep-world-model/logs/content_kl_kernelsize/runs/20260207_060134_krull_private_eye/atari_krull_vta_k5_seed0/train_eps/20260207T124626-7e1e93f537ba4eb6baa370b030d256f6-3511.npz,56,88,0.0,2.4696138467561468e-08,0.5245870351791382,1.7134640216827393,0.0,3.126871109008789,nan,nan,nan,nan
atari_krull,/home/haselab/projects/stable-deep-world-model/logs/content_kl_kernelsize/runs/20260207_060134_krull_private_eye/atari_krull_vta_k5_seed0,/home/haselab/projects/stable-deep-world-model/logs/content_kl_kernelsize/runs/20260207_060134_krull_private_eye/atari_krull_vta_k5_seed0/latest.pt,/home/haselab/projects/stable-deep-world-model/logs/content_kl_kernelsize/runs/20260207_060134_krull_private_eye/atari_krull_vta_k5_seed0/train_eps/20260207T124626-7e1e93f537ba4eb6baa370b030d256f6-3511.npz,64,96,0.0,4.5903185252882395e-08,0.6181166172027588,1.640969157218933,0.0,3.010528802871704,nan,nan,nan,nan
atari_krull,/home/haselab/projects/stable-deep-world-model/logs/content_kl_kernelsize/runs/20260207_060134_krull_private_eye/atari_krull_vta_k5_seed0,/home/haselab/projects/stable-deep-world-model/logs/content_kl_kernelsize/runs/20260207_060134_krull_private_eye/atari_krull_vta_k5_seed0/latest.pt,/home/haselab/projects/stable-deep-world-model/logs/content_kl_kernelsize/runs/20260207_060134_krull_private_eye/atari_krull_vta_k5_seed0/train_eps/20260207T124626-7e1e93f537ba4eb6baa370b030d256f6-3511.npz,72,104,0.0,6.869166213618882e-08,0.6639354825019836,1.6212685108184814,0.0,2.960582733154297,nan,nan,nan,nan
atari_krull,/home/haselab/projects/stable-deep-world-model/logs/content_kl_kernelsize/runs/20260207_060134_krull_private_eye/atari_krull_vta_k5_seed0,/home/haselab/projects/stable-deep-world-model/logs/content_kl_kernelsize/runs/20260207_060134_krull_private_eye/atari_krull_vta_k5_seed0/latest.pt,/home/haselab/projects/stable-deep-world-model/logs/content_kl_kernelsize/runs/20260207_060134_krull_private_eye/atari_krull_vta_k5_seed0/train_eps/20260207T124626-7e1e93f537ba4eb6baa370b030d256f6-3511.npz,80,112,0.0,6.330313340185967e-08,0.6944853067398071,1.5232329368591309,0.0,2.831432342529297,nan,nan,nan,nan
atari_krull,/home/haselab/projects/stable-deep-world-model/logs/content_kl_kernelsize/runs/20260207_060134_krull_private_eye/atari_krull_vta_k5_seed0,/home/haselab/projects/stable-deep-world-model/logs/content_kl_kernelsize/runs/20260207_060134_krull_private_eye/atari_krull_vta_k5_seed0/latest.pt,/home/haselab/projects/stable-deep-world-model/logs/content_kl_kernelsize/runs/20260207_060134_krull_private_eye/atari_krull_vta_k5_seed0/train_eps/20260207T124626-7e1e93f537ba4eb6baa370b030d256f6-3511.npz,88,120,0.0,6.55676686278639e-08,0.6412158608436584,1.4162359237670898,0.0,2.6998684406280518,nan,nan,nan,nan
atari_krull,/home/haselab/projects/stable-deep-world-model/logs/content_kl_kernelsize/runs/20260207_060134_krull_private_eye/atari_krull_vta_k5_seed0,/home/haselab/projects/stable-deep-world-model/logs/content_kl_kernelsize/runs/20260207_060134_krull_private_eye/atari_krull_vta_k5_seed0/latest.pt,/home/haselab/projects/stable-deep-world-model/logs/content_kl_kernelsize/runs/20260207_060134_krull_private_eye/atari_krull_vta_k5_seed0/train_eps/20260207T124626-7e1e93f537ba4eb6baa370b030d256f6-3511.npz,96,128,0.0,5.298123895158824e-08,0.5814181566238403,1.2293726205825806,0.0,2.508814811706543,nan,nan,nan,nan
atari_krull,/home/haselab/projects/stable-deep-world-model/logs/content_kl_kernelsize/runs/20260207_060134_krull_private_eye/atari_krull_vta_k5_seed0,/home/haselab/projects/stable-deep-world-model/logs/content_kl_kernelsize/runs/20260207_060134_krull_private_eye/atari_krull_vta_k5_seed0/latest.pt,/home/haselab/projects/stable-deep-world-model/logs/content_kl_kernelsize/runs/20260207_060134_krull_private_eye/atari_krull_vta_k5_seed0/train_eps/20260207T124626-7e1e93f537ba4eb6baa370b030d256f6-3511.npz,104,136,0.0,2.8221137426953646e-08,0.5698626637458801,1.1790235042572021,0.0,2.3719258308410645,nan,nan,nan,nan
atari_krull,/home/haselab/projects/stable-deep-world-model/logs/content_kl_kernelsize/runs/20260207_060134_krull_private_eye/atari_krull_vta_k5_seed0,/home/haselab/projects/stable-deep-world-model/logs/content_kl_kernelsize/runs/20260207_060134_krull_private_eye/atari_krull_vta_k5_seed0/latest.pt,/home/haselab/projects/stable-deep-world-model/logs/content_kl_kernelsize/runs/20260207_060134_krull_private_eye/atari_krull_vta_k5_seed0/train_eps/20260207T124626-7e1e93f537ba4eb6baa370b030d256f6-3511.npz,112,144,0.0,2.896709183630719e-08,0.5939903259277344,1.2997822761535645,0.0,2.464944362640381,nan,nan,nan,nan
atari_krull,/home/haselab/projects/stable-deep-world-model/logs/content_kl_kernelsize/runs/20260207_060134_krull_private_eye/atari_krull_vta_k5_seed0,/home/haselab/projects/stable-deep-world-model/logs/content_kl_kernelsize/runs/20260207_060134_krull_private_eye/atari_krull_vta_k5_seed0/latest.pt,/home/haselab/projects/stable-deep-world-model/logs/content_kl_kernelsize/runs/20260207_060134_krull_private_eye/atari_krull_vta_k5_seed0/train_eps/20260207T124626-7e1e93f537ba4eb6baa370b030d256f6-3511.npz,120,152,0.0,1.1515911779724775e-08,0.6021239757537842,1.2841918468475342,0.0,2.445843458175659,nan,nan,nan,nan
atari_krull,/home/haselab/projects/stable-deep-world-model/logs/content_kl_kernelsize/runs/20260207_060134_krull_private_eye/atari_krull_vta_k5_seed0,/home/haselab/projects/stable-deep-world-model/logs/content_kl_kernelsize/runs/20260207_060134_krull_private_eye/atari_krull_vta_k5_seed0/latest.pt,/home/haselab/projects/stable-deep-world-model/logs/content_kl_kernelsize/runs/20260207_060134_krull_private_eye/atari_krull_vta_k5_seed0/train_eps/20260207T124626-7e1e93f537ba4eb6baa370b030d256f6-3511.npz,128,160,0.0,3.071907173080035e-09,0.6484864950180054,1.4645441770553589,0.0,2.6478049755096436,nan,nan,nan,nan
atari_krull,/home/haselab/projects/stable-deep-world-model/logs/content_kl_kernelsize/runs/20260207_060134_krull_private_eye/atari_krull_vta_k5_seed0,/home/haselab/projects/stable-deep-world-model/logs/content_kl_kernelsize/runs/20260207_060134_krull_private_eye/atari_krull_vta_k5_seed0/latest.pt,/home/haselab/projects/stable-deep-world-model/logs/content_kl_kernelsize/runs/20260207_060134_krull_private_eye/atari_krull_vta_k5_seed0/train_eps/20260207T124626-7e1e93f537ba4eb6baa370b030d256f6-3511.npz,136,168,0.0,9.4482421886255e-09,0.6693138480186462,1.5308479070663452,0.0,2.7835545539855957,nan,nan,nan,nan
atari_krull,/home/haselab/projects/stable-deep-world-model/logs/content_kl_kernelsize/runs/20260207_060134_krull_private_eye/atari_krull_vta_k5_seed0,/home/haselab/projects/stable-deep-world-model/logs/content_kl_kernelsize/runs/20260207_060134_krull_private_eye/atari_krull_vta_k5_seed0/latest.pt,/home/haselab/projects/stable-deep-world-model/logs/content_kl_kernelsize/runs/20260207_060134_krull_private_eye/atari_krull_vta_k5_seed0/train_eps/20260207T124626-7e1e93f537ba4eb6baa370b030d256f6-3511.npz,144,176,0.0,1.011530326167076e-08,0.6376906633377075,1.2595386505126953,0.0,2.5544495582580566,nan,nan,nan,nan
atari_krull,/home/haselab/projects/stable-deep-world-model/logs/content_kl_kernelsize/runs/20260207_060134_krull_private_eye/atari_krull_vta_k5_seed0,/home/haselab/projects/stable-deep-world-model/logs/content_kl_kernelsize/runs/20260207_060134_krull_private_eye/atari_krull_vta_k5_seed0/latest.pt,/home/haselab/projects/stable-deep-world-model/logs/content_kl_kernelsize/runs/20260207_060134_krull_private_eye/atari_krull_vta_k5_seed0/train_eps/20260207T124626-7e1e93f537ba4eb6baa370b030d256f6-3511.npz,152,184,0.0,1.3872393900271618e-08,0.6199822425842285,1.2504322528839111,0.0,2.559828996658325,nan,nan,nan,nan
atari_krull,/home/haselab/projects/stable-deep-world-model/logs/content_kl_kernelsize/runs/20260207_060134_krull_private_eye/atari_krull_vta_k5_seed0,/home/haselab/projects/stable-deep-world-model/logs/content_kl_kernelsize/runs/20260207_060134_krull_private_eye/atari_krull_vta_k5_seed0/latest.pt,/home/haselab/projects/stable-deep-world-model/logs/content_kl_kernelsize/runs/20260207_060134_krull_private_eye/atari_krull_vta_k5_seed0/train_eps/20260207T124626-7e1e93f537ba4eb6baa370b030d256f6-3511.npz,160,192,0.0,1.2907078072998956e-08,0.5203359127044678,0.8740043640136719,0.0,2.283797264099121,nan,nan,nan,nan
atari_krull,/home/haselab/projects/stable-deep-world-model/logs/content_kl_kernelsize/runs/20260207_060134_krull_private_eye/atari_krull_vta_k5_seed0,/home/haselab/projects/stable-deep-world-model/logs/content_kl_kernelsize/runs/20260207_060134_krull_private_eye/atari_krull_vta_k5_seed0/latest.pt,/home/haselab/projects/stable-deep-world-model/logs/content_kl_kernelsize/runs/20260207_060134_krull_private_eye/atari_krull_vta_k5_seed0/train_eps/20260207T124626-7e1e93f537ba4eb6baa370b030d256f6-3511.npz,168,200,0.0,6.546796882389572e-09,0.4124166965484619,0.6807798147201538,0.0,2.1594557762145996,nan,nan,nan,nan
atari_krull,/home/haselab/projects/stable-deep-world-model/logs/content_kl_kernelsize/runs/20260207_060134_krull_private_eye/atari_krull_vta_k5_seed0,/home/haselab/projects/stable-deep-world-model/logs/content_kl_kernelsize/runs/20260207_060134_krull_private_eye/atari_krull_vta_k5_seed0/latest.pt,/home/haselab/projects/stable-deep-world-model/logs/content_kl_kernelsize/runs/20260207_060134_krull_private_eye/atari_krull_vta_k5_seed0/train_eps/20260207T124626-7e1e93f537ba4eb6baa370b030d256f6-3511.npz,176,208,0.03125,0.0312500074505806,0.5475285053253174,1.043820858001709,0.22246649861335754,2.4564666748046875,6.6931047439575195,11.09853458404541,7.118927955627441,10.561895370483398
atari_krull,/home/haselab/projects/stable-deep-world-model/logs/content_kl_kernelsize/runs/20260207_060134_krull_private_eye/atari_krull_vta_k5_seed0,/home/haselab/projects/stable-deep-world-model/logs/content_kl_kernelsize/runs/20260207_060134_krull_private_eye/atari_krull_vta_k5_seed0/latest.pt,/home/haselab/projects/stable-deep-world-model/logs/content_kl_kernelsize/runs/20260207_060134_krull_private_eye/atari_krull_vta_k5_seed0/train_eps/20260207T124626-7e1e93f537ba4eb6baa370b030d256f6-3511.npz,184,216,0.03125,0.0312500074505806,0.5027902126312256,1.0511990785598755,0.22246649861335754,2.4422240257263184,6.6931047439575195,11.09853458404541,7.118927955627441,10.561895370483398
atari_krull,/home/haselab/projects/stable-deep-world-model/logs/content_kl_kernelsize/runs/20260207_060134_krull_private_eye/atari_krull_vta_k5_seed0,/home/haselab/projects/stable-deep-world-model/logs/content_kl_kernelsize/runs/20260207_060134_krull_private_eye/atari_krull_vta_k5_seed0/latest.pt,/home/haselab/projects/stable-deep-world-model/logs/content_kl_kernelsize/runs/20260207_060134_krull_private_eye/atari_krull_vta_k5_seed0/train_eps/20260207T124626-7e1e93f537ba4eb6baa370b030d256f6-3511.npz,192,224,0.03125,0.0312500074505806,0.5071346759796143,1.1597743034362793,0.22246649861335754,2.5204925537109375,6.6931047439575195,11.09853458404541,7.118927955627441,10.561895370483398
atari_krull,/home/haselab/projects/stable-deep-world-model/logs/content_kl_kernelsize/runs/20260207_060134_krull_private_eye/atari_krull_vta_k5_seed0,/home/haselab/projects/stable-deep-world-model/logs/content_kl_kernelsize/runs/20260207_060134_krull_private_eye/atari_krull_vta_k5_seed0/latest.pt,/home/haselab/projects/stable-deep-world-model/logs/content_kl_kernelsize/runs/20260207_060134_krull_private_eye/atari_krull_vta_k5_seed0/train_eps/20260207T124626-7e1e93f537ba4eb6baa370b030d256f6-3511.npz,200,232,0.03125,0.0312500074505806,0.5371559858322144,1.3106225728988647,0.22246649861335754,2.660961627960205,6.6931047439575195,11.09853458404541,7.118927955627441,10.561895370483398
atari_krull,/home/haselab/projects/stable-deep-world-model/logs/content_kl_kernelsize/runs/20260207_060134_krull_private_eye/atari_krull_vta_k5_seed0,/home/haselab/projects/stable-deep-world-model/logs/content_kl_kernelsize/runs/20260207_060134_krull_private_eye/atari_krull_vta_k5_seed0/latest.pt,/home/haselab/projects/stable-deep-world-model/logs/content_kl_kernelsize/runs/20260207_060134_krull_private_eye/atari_krull_vta_k5_seed0/train_eps/20260207T124626-7e1e93f537ba4eb6baa370b030d256f6-3511.npz,208,240,0.0,2.9828524668542147e-22,0.3410298526287079,0.9185808300971985,0.0,2.391517162322998,nan,nan,nan,nan
atari_krull,/home/haselab/projects/stable-deep-world-model/logs/content_kl_kernelsize/runs/20260207_060134_krull_private_eye/atari_krull_vta_k5_seed0,/home/haselab/projects/stable-deep-world-model/logs/content_kl_kernelsize/runs/20260207_060134_krull_private_eye/atari_krull_vta_k5_seed0/latest.pt,/home/haselab/projects/stable-deep-world-model/logs/content_kl_kernelsize/runs/20260207_060134_krull_private_eye/atari_krull_vta_k5_seed0/train_eps/20260207T124626-7e1e93f537ba4eb6baa370b030d256f6-3511.npz,216,248,0.0,5.552056433983353e-19,0.3375353515148163,0.9183830618858337,0.0,2.4999289512634277,nan,nan,nan,nan
atari_krull,/home/haselab/projects/stable-deep-world-model/logs/content_kl_kernelsize/runs/20260207_060134_krull_private_eye/atari_krull_vta_k5_seed0,/home/haselab/projects/stable-deep-world-model/logs/content_kl_kernelsize/runs/20260207_060134_krull_private_eye/atari_krull_vta_k5_seed0/latest.pt,/home/haselab/projects/stable-deep-world-model/logs/content_kl_kernelsize/runs/20260207_060134_krull_private_eye/atari_krull_vta_k5_seed0/train_eps/20260207T124626-7e1e93f537ba4eb6baa370b030d256f6-3511.npz,224,256,0.0,1.6952170122839193e-14,0.3552054464817047,0.9104341864585876,0.0,2.5482065677642822,nan,nan,nan,nan
atari_krull,/home/haselab/projects/stable-deep-world-model/logs/content_kl_kernelsize/runs/20260207_060134_krull_private_eye/atari_krull_vta_k5_seed0,/home/haselab/projects/stable-deep-world-model/logs/content_kl_kernelsize/runs/20260207_060134_krull_private_eye/atari_krull_vta_k5_seed0/latest.pt,/home/haselab/projects/stable-deep-world-model/logs/content_kl_kernelsize/runs/20260207_060134_krull_private_eye/atari_krull_vta_k5_seed0/train_eps/20260207T124626-7e1e93f537ba4eb6baa370b030d256f6-3511.npz,232,264,0.0,9.068431227297891e-13,0.34454911947250366,0.9093849658966064,0.0,2.575227737426758,nan,nan,nan,nan
atari_krull,/home/haselab/projects/stable-deep-world-model/logs/content_kl_kernelsize/runs/20260207_060134_krull_private_eye/atari_krull_vta_k5_seed0,/home/haselab/projects/stable-deep-world-model/logs/content_kl_kernelsize/runs/20260207_060134_krull_private_eye/atari_krull_vta_k5_seed0/latest.pt,/home/haselab/projects/stable-deep-world-model/logs/content_kl_kernelsize/runs/20260207_060134_krull_private_eye/atari_krull_vta_k5_seed0/train_eps/20260207T124626-7e1e93f537ba4eb6baa370b030d256f6-3511.npz,240,272,0.0,2.7466791861774364e-12,0.31910261511802673,0.9370574355125427,0.0,2.6616017818450928,nan,nan,nan,nan
atari_krull,/home/haselab/projects/stable-deep-world-model/logs/content_kl_kernelsize/runs/20260207_060134_krull_private_eye/atari_krull_vta_k5_seed0,/home/haselab/projects/stable-deep-world-model/logs/content_kl_kernelsize/runs/20260207_060134_krull_private_eye/atari_krull_vta_k5_seed0/latest.pt,/home/haselab/projects/stable-deep-world-model/logs/content_kl_kernelsize/runs/20260207_060134_krull_private_eye/atari_krull_vta_k5_seed0/train_eps/20260207T124626-7e1e93f537ba4eb6baa370b030d256f6-3511.npz,248,280,0.0,2.7986532362411776e-12,0.3198455572128296,0.9298834204673767,0.0,2.6348986625671387,nan,nan,nan,nan
atari_krull,/home/haselab/projects/stable-deep-world-model/logs/content_kl_kernelsize/runs/20260207_060134_krull_private_eye/atari_krull_vta_k5_seed0,/home/haselab/projects/stable-deep-world-model/logs/content_kl_kernelsize/runs/20260207_060134_krull_private_eye/atari_krull_vta_k5_seed0/latest.pt,/home/haselab/projects/stable-deep-world-model/logs/content_kl_kernelsize/runs/20260207_060134_krull_private_eye/atari_krull_vta_k5_seed0/train_eps/20260207T124626-7e1e93f537ba4eb6baa370b030d256f6-3511.npz,256,288,0.0,2.7872023265762547e-12,0.29025980830192566,0.9783835411071777,0.0,2.673102378845215,nan,nan,nan,nan
atari_krull,/home/haselab/projects/stable-deep-world-model/logs/content_kl_kernelsize/runs/20260207_060134_krull_private_eye/atari_krull_vta_k5_seed0,/home/haselab/projects/stable-deep-world-model/logs/content_kl_kernelsize/runs/20260207_060134_krull_private_eye/atari_krull_vta_k5_seed0/latest.pt,/home/haselab/projects/stable-deep-world-model/logs/content_kl_kernelsize/runs/20260207_060134_krull_private_eye/atari_krull_vta_k5_seed0/train_eps/20260207T124626-7e1e93f537ba4eb6baa370b030d256f6-3511.npz,264,296,0.0,1.9248435310925682e-12,0.2863372564315796,0.9903563261032104,0.0,2.7655482292175293,nan,nan,nan,nan
atari_krull,/home/haselab/projects/stable-deep-world-model/logs/content_kl_kernelsize/runs/20260207_060134_krull_private_eye/atari_krull_vta_k5_seed0,/home/haselab/projects/stable-deep-world-model/logs/content_kl_kernelsize/runs/20260207_060134_krull_private_eye/atari_krull_vta_k5_seed0/latest.pt,/home/haselab/projects/stable-deep-world-model/logs/content_kl_kernelsize/runs/20260207_060134_krull_private_eye/atari_krull_vta_k5_seed0/train_eps/20260207T124626-7e1e93f537ba4eb6baa370b030d256f6-3511.npz,272,304,0.03125,0.03125017508864403,0.508467972278595,1.2850545644760132,0.19336698949337006,3.07061767578125,5.125096797943115,8.987536430358887,6.187743663787842,8.996602058410645
atari_krull,/home/haselab/projects/stable-deep-world-model/logs/content_kl_kernelsize/runs/20260207_060134_krull_private_eye/atari_krull_vta_k5_seed0,/home/haselab/projects/stable-deep-world-model/logs/content_kl_kernelsize/runs/20260207_060134_krull_private_eye/atari_krull_vta_k5_seed0/latest.pt,/home/haselab/projects/stable-deep-world-model/logs/content_kl_kernelsize/runs/20260207_060134_krull_private_eye/atari_krull_vta_k5_seed0/train_eps/20260207T124626-7e1e93f537ba4eb6baa370b030d256f6-3511.npz,280,312,0.03125,0.03125017508864403,0.9102970957756042,1.66111421585083,0.19336698949337006,3.165459156036377,5.125096797943115,8.987536430358887,6.187743663787842,8.996602058410645
atari_krull,/home/haselab/projects/stable-deep-world-model/logs/content_kl_kernelsize/runs/20260207_060134_krull_private_eye/atari_krull_vta_k5_seed0,/home/haselab/projects/stable-deep-world-model/logs/content_kl_kernelsize/runs/20260207_060134_krull_private_eye/atari_krull_vta_k5_seed0/latest.pt,/home/haselab/projects/stable-deep-world-model/logs/content_kl_kernelsize/runs/20260207_060134_krull_private_eye/atari_krull_vta_k5_seed0/train_eps/20260207T124626-7e1e93f537ba4eb6baa370b030d256f6-3511.npz,288,320,0.03125,0.031250227242708206,1.3182011842727661,1.9362189769744873,0.19336698949337006,3.172895908355713,5.125096797943115,8.987536430358887,6.187743663787842,8.996602058410645
atari_krull,/home/haselab/projects/stable-deep-world-model/logs/content_kl_kernelsize/runs/20260207_060134_krull_private_eye/atari_krull_vta_k5_seed0,/home/haselab/projects/stable-deep-world-model/logs/content_kl_kernelsize/runs/20260207_060134_krull_private_eye/atari_krull_vta_k5_seed0/latest.pt,/home/haselab/projects/stable-deep-world-model/logs/content_kl_kernelsize/runs/20260207_060134_krull_private_eye/atari_krull_vta_k5_seed0/train_eps/20260207T124626-7e1e93f537ba4eb6baa370b030d256f6-3511.npz,296,328,0.03125,0.031250230967998505,1.72223699092865,2.3044161796569824,0.19336698949337006,3.164672374725342,5.125096797943115,8.987536430358887,6.187743663787842,8.996602058410645
atari_krull,/home/haselab/projects/stable-deep-world-model/logs/content_kl_kernelsize/runs/20260207_060134_krull_private_eye/atari_krull_vta_k5_seed0,/home/haselab/projects/stable-deep-world-model/logs/content_kl_kernelsize/runs/20260207_060134_krull_private_eye/atari_krull_vta_k5_seed0/latest.pt,/home/haselab/projects/stable-deep-world-model/logs/content_kl_kernelsize/runs/20260207_060134_krull_private_eye/atari_krull_vta_k5_seed0/train_eps/20260207T124626-7e1e93f537ba4eb6baa370b030d256f6-3511.npz,304,336,0.0,6.017744169639627e-08,1.8599673509597778,2.2498207092285156,0.0,2.811021327972412,nan,nan,nan,nan
atari_krull,/home/haselab/projects/stable-deep-world-model/logs/content_kl_kernelsize/runs/20260207_060134_krull_private_eye/atari_krull_vta_k5_seed0,/home/haselab/projects/stable-deep-world-model/logs/content_kl_kernelsize/runs/20260207_060134_krull_private_eye/atari_krull_vta_k5_seed0/latest.pt,/home/haselab/projects/stable-deep-world-model/logs/content_kl_kernelsize/runs/20260207_060134_krull_private_eye/atari_krull_vta_k5_seed0/train_eps/20260207T124626-7e1e93f537ba4eb6baa370b030d256f6-3511.npz,312,344,0.0,6.01877445660648e-08,1.8177821636199951,2.070824384689331,0.0,2.687403678894043,nan,nan,nan,nan
atari_krull,/home/haselab/projects/stable-deep-world-model/logs/content_kl_kernelsize/runs/20260207_060134_krull_private_eye/atari_krull_vta_k5_seed0,/home/haselab/projects/stable-deep-world-model/logs/content_kl_kernelsize/runs/20260207_060134_krull_private_eye/atari_krull_vta_k5_seed0/latest.pt,/home/haselab/projects/stable-deep-world-model/logs/content_kl_kernelsize/runs/20260207_060134_krull_private_eye/atari_krull_vta_k5_seed0/train_eps/20260207T124626-7e1e93f537ba4eb6baa370b030d256f6-3511.npz,320,352,0.0,1.1332476290704108e-08,1.7840170860290527,2.039670467376709,0.0,2.6121950149536133,nan,nan,nan,nan
atari_krull,/home/haselab/projects/stable-deep-world-model/logs/content_kl_kernelsize/runs/20260207_060134_krull_private_eye/atari_krull_vta_k5_seed0,/home/haselab/projects/stable-deep-world-model/logs/content_kl_kernelsize/runs/20260207_060134_krull_private_eye/atari_krull_vta_k5_seed0/latest.pt,/home/haselab/projects/stable-deep-world-model/logs/content_kl_kernelsize/runs/20260207_060134_krull_private_eye/atari_krull_vta_k5_seed0/train_eps/20260207T124626-7e1e93f537ba4eb6baa370b030d256f6-3511.npz,328,360,0.0,5.106529421539108e-09,1.770450234413147,1.8713107109069824,0.0,2.4313104152679443,nan,nan,nan,nan
atari_krull,/home/haselab/projects/stable-deep-world-model/logs/content_kl_kernelsize/runs/20260207_060134_krull_private_eye/atari_krull_vta_k5_seed0,/home/haselab/projects/stable-deep-world-model/logs/content_kl_kernelsize/runs/20260207_060134_krull_private_eye/atari_krull_vta_k5_seed0/latest.pt,/home/haselab/projects/stable-deep-world-model/logs/content_kl_kernelsize/runs/20260207_060134_krull_private_eye/atari_krull_vta_k5_seed0/train_eps/20260207T124626-7e1e93f537ba4eb6baa370b030d256f6-3511.npz,336,368,0.0,4.944735287892854e-09,1.7779126167297363,1.773244857788086,0.0,2.339571952819824,nan,nan,nan,nan
atari_krull,/home/haselab/projects/stable-deep-world-model/logs/content_kl_kernelsize/runs/20260207_060134_krull_private_eye/atari_krull_vta_k5_seed0,/home/haselab/projects/stable-deep-world-model/logs/content_kl_kernelsize/runs/20260207_060134_krull_private_eye/atari_krull_vta_k5_seed0/latest.pt,/home/haselab/projects/stable-deep-world-model/logs/content_kl_kernelsize/runs/20260207_060134_krull_private_eye/atari_krull_vta_k5_seed0/train_eps/20260207T124626-7e1e93f537ba4eb6baa370b030d256f6-3511.npz,344,376,0.0,4.93586149730163e-09,1.8214401006698608,1.854187250137329,0.0,2.356562852859497,nan,nan,nan,nan
atari_krull,/home/haselab/projects/stable-deep-world-model/logs/content_kl_kernelsize/runs/20260207_060134_krull_private_eye/atari_krull_vta_k5_seed0,/home/haselab/projects/stable-deep-world-model/logs/content_kl_kernelsize/runs/20260207_060134_krull_private_eye/atari_krull_vta_k5_seed0/latest.pt,/home/haselab/projects/stable-deep-world-model/logs/content_kl_kernelsize/runs/20260207_060134_krull_private_eye/atari_krull_vta_k5_seed0/train_eps/20260207T124626-7e1e93f537ba4eb6baa370b030d256f6-3511.npz,352,384,0.0,3.1165580532954706e-11,1.8221514225006104,1.8612236976623535,0.0,2.4060797691345215,nan,nan,nan,nan
atari_krull,/home/haselab/projects/stable-deep-world-model/logs/content_kl_kernelsize/runs/20260207_060134_krull_private_eye/atari_krull_vta_k5_seed0,/home/haselab/projects/stable-deep-world-model/logs/content_kl_kernelsize/runs/20260207_060134_krull_private_eye/atari_krull_vta_k5_seed0/latest.pt,/home/haselab/projects/stable-deep-world-model/logs/content_kl_kernelsize/runs/20260207_060134_krull_private_eye/atari_krull_vta_k5_seed0/train_eps/20260207T124626-7e1e93f537ba4eb6baa370b030d256f6-3511.npz,360,392,0.0,3.357307140627874e-11,1.812196969985962,1.828192949295044,0.0,2.4164879322052,nan,nan,nan,nan
atari_krull,/home/haselab/projects/stable-deep-world-model/logs/content_kl_kernelsize/runs/20260207_060134_krull_private_eye/atari_krull_vta_k5_seed0,/home/haselab/projects/stable-deep-world-model/logs/content_kl_kernelsize/runs/20260207_060134_krull_private_eye/atari_krull_vta_k5_seed0/latest.pt,/home/haselab/projects/stable-deep-world-model/logs/content_kl_kernelsize/runs/20260207_060134_krull_private_eye/atari_krull_vta_k5_seed0/train_eps/20260207T124626-7e1e93f537ba4eb6baa370b030d256f6-3511.npz,368,400,0.0,6.955319653556558e-11,1.8752399682998657,1.9506890773773193,0.0,2.5689330101013184,nan,nan,nan,nan
atari_krull,/home/haselab/projects/stable-deep-world-model/logs/content_kl_kernelsize/runs/20260207_060134_krull_private_eye/atari_krull_vta_k5_seed0,/home/haselab/projects/stable-deep-world-model/logs/content_kl_kernelsize/runs/20260207_060134_krull_private_eye/atari_krull_vta_k5_seed0/latest.pt,/home/haselab/projects/stable-deep-world-model/logs/content_kl_kernelsize/runs/20260207_060134_krull_private_eye/atari_krull_vta_k5_seed0/train_eps/20260207T124626-7e1e93f537ba4eb6baa370b030d256f6-3511.npz,376,408,0.0,1.047441786083958e-10,1.8403756618499756,1.9774110317230225,0.0,2.587362289428711,nan,nan,nan,nan
atari_krull,/home/haselab/projects/stable-deep-world-model/logs/content_kl_kernelsize/runs/20260207_060134_krull_private_eye/atari_krull_vta_k5_seed0,/home/haselab/projects/stable-deep-world-model/logs/content_kl_kernelsize/runs/20260207_060134_krull_private_eye/atari_krull_vta_k5_seed0/latest.pt,/home/haselab/projects/stable-deep-world-model/logs/content_kl_kernelsize/runs/20260207_060134_krull_private_eye/atari_krull_vta_k5_seed0/train_eps/20260207T124626-7e1e93f537ba4eb6baa370b030d256f6-3511.npz,384,416,0.0,9.72315783442923e-10,1.8320660591125488,1.8779289722442627,0.0,2.4806222915649414,nan,nan,nan,nan
atari_krull,/home/haselab/projects/stable-deep-world-model/logs/content_kl_kernelsize/runs/20260207_060134_krull_private_eye/atari_krull_vta_k5_seed0,/home/haselab/projects/stable-deep-world-model/logs/content_kl_kernelsize/runs/20260207_060134_krull_private_eye/atari_krull_vta_k5_seed0/latest.pt,/home/haselab/projects/stable-deep-world-model/logs/content_kl_kernelsize/runs/20260207_060134_krull_private_eye/atari_krull_vta_k5_seed0/train_eps/20260207T124626-7e1e93f537ba4eb6baa370b030d256f6-3511.npz,392,424,0.0,1.2744753030702327e-09,1.8690670728683472,2.0718066692352295,0.0,2.650057315826416,nan,nan,nan,nan
atari_krull,/home/haselab/projects/stable-deep-world-model/logs/content_kl_kernelsize/runs/20260207_060134_krull_private_eye/atari_krull_vta_k5_seed0,/home/haselab/projects/stable-deep-world-model/logs/content_kl_kernelsize/runs/20260207_060134_krull_private_eye/atari_krull_vta_k5_seed0/latest.pt,/home/haselab/projects/stable-deep-world-model/logs/content_kl_kernelsize/runs/20260207_060134_krull_private_eye/atari_krull_vta_k5_seed0/train_eps/20260207T124626-7e1e93f537ba4eb6baa370b030d256f6-3511.npz,400,432,0.0,1.2380829694791373e-09,1.8188366889953613,2.065955877304077,0.0,2.605090618133545,nan,nan,nan,nan
atari_krull,/home/haselab/projects/stable-deep-world-model/logs/content_kl_kernelsize/runs/20260207_060134_krull_private_eye/atari_krull_vta_k5_seed0,/home/haselab/projects/stable-deep-world-model/logs/content_kl_kernelsize/runs/20260207_060134_krull_private_eye/atari_krull_vta_k5_seed0/latest.pt,/home/haselab/projects/stable-deep-world-model/logs/content_kl_kernelsize/runs/20260207_060134_krull_private_eye/atari_krull_vta_k5_seed0/train_eps/20260207T124626-7e1e93f537ba4eb6baa370b030d256f6-3511.npz,408,440,0.0,1.2409475669272751e-09,1.822366714477539,2.13962984085083,0.0,2.679960250854492,nan,nan,nan,nan
atari_krull,/home/haselab/projects/stable-deep-world-model/logs/content_kl_kernelsize/runs/20260207_060134_krull_private_eye/atari_krull_vta_k5_seed0,/home/haselab/projects/stable-deep-world-model/logs/content_kl_kernelsize/runs/20260207_060134_krull_private_eye/atari_krull_vta_k5_seed0/latest.pt,/home/haselab/projects/stable-deep-world-model/logs/content_kl_kernelsize/runs/20260207_060134_krull_private_eye/atari_krull_vta_k5_seed0/train_eps/20260207T124626-7e1e93f537ba4eb6baa370b030d256f6-3511.npz,416,448,0.0,1.3990130165453252e-09,1.852710247039795,2.289184093475342,0.0,2.815446376800537,nan,nan,nan,nan
atari_krull,/home/haselab/projects/stable-deep-world-model/logs/content_kl_kernelsize/runs/20260207_060134_krull_private_eye/atari_krull_vta_k5_seed0,/home/haselab/projects/stable-deep-world-model/logs/content_kl_kernelsize/runs/20260207_060134_krull_private_eye/atari_krull_vta_k5_seed0/latest.pt,/home/haselab/projects/stable-deep-world-model/logs/content_kl_kernelsize/runs/20260207_060134_krull_private_eye/atari_krull_vta_k5_seed0/train_eps/20260207T124626-7e1e93f537ba4eb6baa370b030d256f6-3511.npz,424,456,0.0,1.0952011519904659e-09,1.8005049228668213,2.1811985969543457,0.0,2.739123821258545,nan,nan,nan,nan
atari_krull,/home/haselab/projects/stable-deep-world-model/logs/content_kl_kernelsize/runs/20260207_060134_krull_private_eye/atari_krull_vta_k5_seed0,/home/haselab/projects/stable-deep-world-model/logs/content_kl_kernelsize/runs/20260207_060134_krull_private_eye/atari_krull_vta_k5_seed0/latest.pt,/home/haselab/projects/stable-deep-world-model/logs/content_kl_kernelsize/runs/20260207_060134_krull_private_eye/atari_krull_vta_k5_seed0/train_eps/20260207T124626-7e1e93f537ba4eb6baa370b030d256f6-3511.npz,432,464,0.0,2.851224811806219e-09,1.8116798400878906,2.1177725791931152,0.0,2.6922342777252197,nan,nan,nan,nan
atari_krull,/home/haselab/projects/stable-deep-world-model/logs/content_kl_kernelsize/runs/20260207_060134_krull_private_eye/atari_krull_vta_k5_seed0,/home/haselab/projects/stable-deep-world-model/logs/content_kl_kernelsize/runs/20260207_060134_krull_private_eye/atari_krull_vta_k5_seed0/latest.pt,/home/haselab/projects/stable-deep-world-model/logs/content_kl_kernelsize/runs/20260207_060134_krull_private_eye/atari_krull_vta_k5_seed0/train_eps/20260207T124626-7e1e93f537ba4eb6baa370b030d256f6-3511.npz,440,472,0.0,9.827938463047303e-09,1.8861029148101807,2.2204604148864746,0.0,2.8005499839782715,nan,nan,nan,nan
atari_krull,/home/haselab/projects/stable-deep-world-model/logs/content_kl_kernelsize/runs/20260207_060134_krull_private_eye/atari_krull_vta_k5_seed0,/home/haselab/projects/stable-deep-world-model/logs/content_kl_kernelsize/runs/20260207_060134_krull_private_eye/atari_krull_vta_k5_seed0/latest.pt,/home/haselab/projects/stable-deep-world-model/logs/content_kl_kernelsize/runs/20260207_060134_krull_private_eye/atari_krull_vta_k5_seed0/train_eps/20260207T124626-7e1e93f537ba4eb6baa370b030d256f6-3511.npz,448,480,0.0,1.5200569691842247e-08,1.8741216659545898,2.150587320327759,0.0,2.774500846862793,nan,nan,nan,nan
atari_krull,/home/haselab/projects/stable-deep-world-model/logs/content_kl_kernelsize/runs/20260207_060134_krull_private_eye/atari_krull_vta_k5_seed0,/home/haselab/projects/stable-deep-world-model/logs/content_kl_kernelsize/runs/20260207_060134_krull_private_eye/atari_krull_vta_k5_seed0/latest.pt,/home/haselab/projects/stable-deep-world-model/logs/content_kl_kernelsize/runs/20260207_060134_krull_private_eye/atari_krull_vta_k5_seed0/train_eps/20260207T124626-7e1e93f537ba4eb6baa370b030d256f6-3511.npz,456,488,0.0,5.174648265438009e-08,1.9042205810546875,2.180576801300049,0.0,2.8144569396972656,nan,nan,nan,nan
atari_krull,/home/haselab/projects/stable-deep-world-model/logs/content_kl_kernelsize/runs/20260207_060134_krull_private_eye/atari_krull_vta_k5_seed0,/home/haselab/projects/stable-deep-world-model/logs/content_kl_kernelsize/runs/20260207_060134_krull_private_eye/atari_krull_vta_k5_seed0/latest.pt,/home/haselab/projects/stable-deep-world-model/logs/content_kl_kernelsize/runs/20260207_060134_krull_private_eye/atari_krull_vta_k5_seed0/train_eps/20260207T124626-7e1e93f537ba4eb6baa370b030d256f6-3511.npz,464,496,0.0,5.5762619410870684e-08,1.9221928119659424,2.24090576171875,0.0,2.883741855621338,nan,nan,nan,nan
atari_krull,/home/haselab/projects/stable-deep-world-model/logs/content_kl_kernelsize/runs/20260207_060134_krull_private_eye/atari_krull_vta_k5_seed0,/home/haselab/projects/stable-deep-world-model/logs/content_kl_kernelsize/runs/20260207_060134_krull_private_eye/atari_krull_vta_k5_seed0/latest.pt,/home/haselab/projects/stable-deep-world-model/logs/content_kl_kernelsize/runs/20260207_060134_krull_private_eye/atari_krull_vta_k5_seed0/train_eps/20260207T124626-7e1e93f537ba4eb6baa370b030d256f6-3511.npz,472,504,0.0,4.9174818883557236e-08,1.8611444234848022,2.127697229385376,0.0,2.8052682876586914,nan,nan,nan,nan
atari_krull,/home/haselab/projects/stable-deep-world-model/logs/content_kl_kernelsize/runs/20260207_060134_krull_private_eye/atari_krull_vta_k5_seed0,/home/haselab/projects/stable-deep-world-model/logs/content_kl_kernelsize/runs/20260207_060134_krull_private_eye/atari_krull_vta_k5_seed0/latest.pt,/home/haselab/projects/stable-deep-world-model/logs/content_kl_kernelsize/runs/20260207_060134_krull_private_eye/atari_krull_vta_k5_seed0/train_eps/20260207T124626-7e1e93f537ba4eb6baa370b030d256f6-3511.npz,480,512,0.0,4.283794652337747e-08,1.8882977962493896,2.0877716541290283,0.0,2.7545127868652344,nan,nan,nan,nan
atari_krull,/home/haselab/projects/stable-deep-world-model/logs/content_kl_kernelsize/runs/20260207_060134_krull_private_eye/atari_krull_vta_k5_seed0,/home/haselab/projects/stable-deep-world-model/logs/content_kl_kernelsize/runs/20260207_060134_krull_private_eye/atari_krull_vta_k5_seed0/latest.pt,/home/haselab/projects/stable-deep-world-model/logs/content_kl_kernelsize/runs/20260207_060134_krull_private_eye/atari_krull_vta_k5_seed0/train_eps/20260207T124626-7e1e93f537ba4eb6baa370b030d256f6-3511.npz,488,520,0.0,6.6176091273462134e-09,1.8995916843414307,2.126913547515869,0.0,2.7341604232788086,nan,nan,nan,nan
atari_krull,/home/haselab/projects/stable-deep-world-model/logs/content_kl_kernelsize/runs/20260207_060134_krull_private_eye/atari_krull_vta_k5_seed0,/home/haselab/projects/stable-deep-world-model/logs/content_kl_kernelsize/runs/20260207_060134_krull_private_eye/atari_krull_vta_k5_seed0/latest.pt,/home/haselab/projects/stable-deep-world-model/logs/content_kl_kernelsize/runs/20260207_060134_krull_private_eye/atari_krull_vta_k5_seed0/train_eps/20260207T124626-7e1e93f537ba4eb6baa370b030d256f6-3511.npz,496,528,0.0,1.1296257262927156e-09,1.8731844425201416,2.1170482635498047,0.0,2.751575231552124,nan,nan,nan,nan
atari_krull,/home/haselab/projects/stable-deep-world-model/logs/content_kl_kernelsize/runs/20260207_060134_krull_private_eye/atari_krull_vta_k5_seed0,/home/haselab/projects/stable-deep-world-model/logs/content_kl_kernelsize/runs/20260207_060134_krull_private_eye/atari_krull_vta_k5_seed0/latest.pt,/home/haselab/projects/stable-deep-world-model/logs/content_kl_kernelsize/runs/20260207_060134_krull_private_eye/atari_krull_vta_k5_seed0/train_eps/20260207T124626-7e1e93f537ba4eb6baa370b030d256f6-3511.npz,504,536,0.0,8.618961100381739e-10,1.875331163406372,2.0078301429748535,0.0,2.666079044342041,nan,nan,nan,nan
atari_krull,/home/haselab/projects/stable-deep-world-model/logs/content_kl_kernelsize/runs/20260207_060134_krull_private_eye/atari_krull_vta_k5_seed0,/home/haselab/projects/stable-deep-world-model/logs/content_kl_kernelsize/runs/20260207_060134_krull_private_eye/atari_krull_vta_k5_seed0/latest.pt,/home/haselab/projects/stable-deep-world-model/logs/content_kl_kernelsize/runs/20260207_060134_krull_private_eye/atari_krull_vta_k5_seed0/train_eps/20260207T124626-7e1e93f537ba4eb6baa370b030d256f6-3511.npz,512,544,0.0,9.120503241533129e-10,1.888920545578003,2.091763973236084,0.0,2.8010103702545166,nan,nan,nan,nan
atari_krull,/home/haselab/projects/stable-deep-world-model/logs/content_kl_kernelsize/runs/20260207_060134_krull_private_eye/atari_krull_vta_k5_seed0,/home/haselab/projects/stable-deep-world-model/logs/content_kl_kernelsize/runs/20260207_060134_krull_private_eye/atari_krull_vta_k5_seed0/latest.pt,/home/haselab/projects/stable-deep-world-model/logs/content_kl_kernelsize/runs/20260207_060134_krull_private_eye/atari_krull_vta_k5_seed0/train_eps/20260207T124626-7e1e93f537ba4eb6baa370b030d256f6-3511.npz,520,552,0.0,5.994626461891528e-10,1.861419677734375,2.1634109020233154,0.0,2.9334568977355957,nan,nan,nan,nan
atari_krull,/home/haselab/projects/stable-deep-world-model/logs/content_kl_kernelsize/runs/20260207_060134_krull_private_eye/atari_krull_vta_k5_seed0,/home/haselab/projects/stable-deep-world-model/logs/content_kl_kernelsize/runs/20260207_060134_krull_private_eye/atari_krull_vta_k5_seed0/latest.pt,/home/haselab/projects/stable-deep-world-model/logs/content_kl_kernelsize/runs/20260207_060134_krull_private_eye/atari_krull_vta_k5_seed0/train_eps/20260207T124626-7e1e93f537ba4eb6baa370b030d256f6-3511.npz,528,560,0.0,3.15450610077761e-10,1.8915075063705444,2.1575427055358887,0.0,2.8984432220458984,nan,nan,nan,nan
atari_krull,/home/haselab/projects/stable-deep-world-model/logs/content_kl_kernelsize/runs/20260207_060134_krull_private_eye/atari_krull_vta_k5_seed0,/home/haselab/projects/stable-deep-world-model/logs/content_kl_kernelsize/runs/20260207_060134_krull_private_eye/atari_krull_vta_k5_seed0/latest.pt,/home/haselab/projects/stable-deep-world-model/logs/content_kl_kernelsize/runs/20260207_060134_krull_private_eye/atari_krull_vta_k5_seed0/train_eps/20260207T124626-7e1e93f537ba4eb6baa370b030d256f6-3511.npz,536,568,0.0,2.1253807047649786e-10,1.8959050178527832,2.2524733543395996,0.0,2.981161117553711,nan,nan,nan,nan
atari_krull,/home/haselab/projects/stable-deep-world-model/logs/content_kl_kernelsize/runs/20260207_060134_krull_private_eye/atari_krull_vta_k5_seed0,/home/haselab/projects/stable-deep-world-model/logs/content_kl_kernelsize/runs/20260207_060134_krull_private_eye/atari_krull_vta_k5_seed0/latest.pt,/home/haselab/projects/stable-deep-world-model/logs/content_kl_kernelsize/runs/20260207_060134_krull_private_eye/atari_krull_vta_k5_seed0/train_eps/20260207T124626-7e1e93f537ba4eb6baa370b030d256f6-3511.npz,544,576,0.0,9.370015874310411e-11,1.857088327407837,2.222573757171631,0.0,2.9071192741394043,nan,nan,nan,nan
atari_krull,/home/haselab/projects/stable-deep-world-model/logs/content_kl_kernelsize/runs/20260207_060134_krull_private_eye/atari_krull_vta_k5_seed0,/home/haselab/projects/stable-deep-world-model/logs/content_kl_kernelsize/runs/20260207_060134_krull_private_eye/atari_krull_vta_k5_seed0/latest.pt,/home/haselab/projects/stable-deep-world-model/logs/content_kl_kernelsize/runs/20260207_060134_krull_private_eye/atari_krull_vta_k5_seed0/train_eps/20260207T124626-7e1e93f537ba4eb6baa370b030d256f6-3511.npz,552,584,0.0,8.896064440655493e-11,1.8947337865829468,2.1035919189453125,0.0,2.779357433319092,nan,nan,nan,nan
atari_krull,/home/haselab/projects/stable-deep-world-model/logs/content_kl_kernelsize/runs/20260207_060134_krull_private_eye/atari_krull_vta_k5_seed0,/home/haselab/projects/stable-deep-world-model/logs/content_kl_kernelsize/runs/20260207_060134_krull_private_eye/atari_krull_vta_k5_seed0/latest.pt,/home/haselab/projects/stable-deep-world-model/logs/content_kl_kernelsize/runs/20260207_060134_krull_private_eye/atari_krull_vta_k5_seed0/train_eps/20260207T124626-7e1e93f537ba4eb6baa370b030d256f6-3511.npz,560,592,0.0,9.348011947851731e-11,1.9496653079986572,2.2241291999816895,0.0,2.9359564781188965,nan,nan,nan,nan
atari_krull,/home/haselab/projects/stable-deep-world-model/logs/content_kl_kernelsize/runs/20260207_060134_krull_private_eye/atari_krull_vta_k5_seed0,/home/haselab/projects/stable-deep-world-model/logs/content_kl_kernelsize/runs/20260207_060134_krull_private_eye/atari_krull_vta_k5_seed0/latest.pt,/home/haselab/projects/stable-deep-world-model/logs/content_kl_kernelsize/runs/20260207_060134_krull_private_eye/atari_krull_vta_k5_seed0/train_eps/20260207T124626-7e1e93f537ba4eb6baa370b030d256f6-3511.npz,568,600,0.0,3.5132150660865946e-11,1.9500871896743774,2.2419486045837402,0.0,2.9864249229431152,nan,nan,nan,nan
atari_krull,/home/haselab/projects/stable-deep-world-model/logs/content_kl_kernelsize/runs/20260207_060134_krull_private_eye/atari_krull_vta_k5_seed0,/home/haselab/projects/stable-deep-world-model/logs/content_kl_kernelsize/runs/20260207_060134_krull_private_eye/atari_krull_vta_k5_seed0/latest.pt,/home/haselab/projects/stable-deep-world-model/logs/content_kl_kernelsize/runs/20260207_060134_krull_private_eye/atari_krull_vta_k5_seed0/train_eps/20260207T124626-7e1e93f537ba4eb6baa370b030d256f6-3511.npz,576,608,0.0,1.8362538919958205e-11,2.0012221336364746,2.209634304046631,0.0,2.97647762298584,nan,nan,nan,nan
atari_krull,/home/haselab/projects/stable-deep-world-model/logs/content_kl_kernelsize/runs/20260207_060134_krull_private_eye/atari_krull_vta_k5_seed0,/home/haselab/projects/stable-deep-world-model/logs/content_kl_kernelsize/runs/20260207_060134_krull_private_eye/atari_krull_vta_k5_seed0/latest.pt,/home/haselab/projects/stable-deep-world-model/logs/content_kl_kernelsize/runs/20260207_060134_krull_private_eye/atari_krull_vta_k5_seed0/train_eps/20260207T124626-7e1e93f537ba4eb6baa370b030d256f6-3511.npz,584,616,0.0,8.619902014395109e-11,2.0027575492858887,2.242487668991089,0.0,3.0161185264587402,nan,nan,nan,nan
atari_krull,/home/haselab/projects/stable-deep-world-model/logs/content_kl_kernelsize/runs/20260207_060134_krull_private_eye/atari_krull_vta_k5_seed0,/home/haselab/projects/stable-deep-world-model/logs/content_kl_kernelsize/runs/20260207_060134_krull_private_eye/atari_krull_vta_k5_seed0/latest.pt,/home/haselab/projects/stable-deep-world-model/logs/content_kl_kernelsize/runs/20260207_060134_krull_private_eye/atari_krull_vta_k5_seed0/train_eps/20260207T124626-7e1e93f537ba4eb6baa370b030d256f6-3511.npz,592,624,0.0,8.133252404896041e-11,1.935240387916565,2.121737003326416,0.0,2.872127056121826,nan,nan,nan,nan
atari_krull,/home/haselab/projects/stable-deep-world-model/logs/content_kl_kernelsize/runs/20260207_060134_krull_private_eye/atari_krull_vta_k5_seed0,/home/haselab/projects/stable-deep-world-model/logs/content_kl_kernelsize/runs/20260207_060134_krull_private_eye/atari_krull_vta_k5_seed0/latest.pt,/home/haselab/projects/stable-deep-world-model/logs/content_kl_kernelsize/runs/20260207_060134_krull_private_eye/atari_krull_vta_k5_seed0/train_eps/20260207T124626-7e1e93f537ba4eb6baa370b030d256f6-3511.npz,600,632,0.0,8.134498630241183e-11,1.9208239316940308,1.9330201148986816,0.0,2.6488752365112305,nan,nan,nan,nan
atari_krull,/home/haselab/projects/stable-deep-world-model/logs/content_kl_kernelsize/runs/20260207_060134_krull_private_eye/atari_krull_vta_k5_seed0,/home/haselab/projects/stable-deep-world-model/logs/content_kl_kernelsize/runs/20260207_060134_krull_private_eye/atari_krull_vta_k5_seed0/latest.pt,/home/haselab/projects/stable-deep-world-model/logs/content_kl_kernelsize/runs/20260207_060134_krull_private_eye/atari_krull_vta_k5_seed0/train_eps/20260207T124626-7e1e93f537ba4eb6baa370b030d256f6-3511.npz,608,640,0.0,7.996298068135843e-11,1.890641689300537,1.973476767539978,0.0,2.6036596298217773,nan,nan,nan,nan
atari_krull,/home/haselab/projects/stable-deep-world-model/logs/content_kl_kernelsize/runs/20260207_060134_krull_private_eye/atari_krull_vta_k5_seed0,/home/haselab/projects/stable-deep-world-model/logs/content_kl_kernelsize/runs/20260207_060134_krull_private_eye/atari_krull_vta_k5_seed0/latest.pt,/home/haselab/projects/stable-deep-world-model/logs/content_kl_kernelsize/runs/20260207_060134_krull_private_eye/atari_krull_vta_k5_seed0/train_eps/20260207T124626-7e1e93f537ba4eb6baa370b030d256f6-3511.npz,616,648,0.0,2.2093072271807401e-13,1.8488320112228394,1.9388412237167358,0.0,2.57427978515625,nan,nan,nan,nan
atari_krull,/home/haselab/projects/stable-deep-world-model/logs/content_kl_kernelsize/runs/20260207_060134_krull_private_eye/atari_krull_vta_k5_seed0,/home/haselab/projects/stable-deep-world-model/logs/content_kl_kernelsize/runs/20260207_060134_krull_private_eye/atari_krull_vta_k5_seed0/latest.pt,/home/haselab/projects/stable-deep-world-model/logs/content_kl_kernelsize/runs/20260207_060134_krull_private_eye/atari_krull_vta_k5_seed0/train_eps/20260207T124626-7e1e93f537ba4eb6baa370b030d256f6-3511.npz,624,656,0.0,1.2716657154382416e-12,1.8811304569244385,1.9807016849517822,0.0,2.6355936527252197,nan,nan,nan,nan
atari_krull,/home/haselab/projects/stable-deep-world-model/logs/content_kl_kernelsize/runs/20260207_060134_krull_private_eye/atari_krull_vta_k5_seed0,/home/haselab/projects/stable-deep-world-model/logs/content_kl_kernelsize/runs/20260207_060134_krull_private_eye/atari_krull_vta_k5_seed0/latest.pt,/home/haselab/projects/stable-deep-world-model/logs/content_kl_kernelsize/runs/20260207_060134_krull_private_eye/atari_krull_vta_k5_seed0/train_eps/20260207T124626-7e1e93f537ba4eb6baa370b030d256f6-3511.npz,632,664,0.0,1.2348811209705879e-12,1.9874088764190674,2.216370105743408,0.0,2.8950321674346924,nan,nan,nan,nan
atari_krull,/home/haselab/projects/stable-deep-world-model/logs/content_kl_kernelsize/runs/20260207_060134_krull_private_eye/atari_krull_vta_k5_seed0,/home/haselab/projects/stable-deep-world-model/logs/content_kl_kernelsize/runs/20260207_060134_krull_private_eye/atari_krull_vta_k5_seed0/latest.pt,/home/haselab/projects/stable-deep-world-model/logs/content_kl_kernelsize/runs/20260207_060134_krull_private_eye/atari_krull_vta_k5_seed0/train_eps/20260207T124626-7e1e93f537ba4eb6baa370b030d256f6-3511.npz,640,672,0.0,1.0845401183026682e-12,2.05067777633667,2.1870877742767334,0.0,2.9475769996643066,nan,nan,nan,nan
atari_krull,/home/haselab/projects/stable-deep-world-model/logs/content_kl_kernelsize/runs/20260207_060134_krull_private_eye/atari_krull_vta_k5_seed0,/home/haselab/projects/stable-deep-world-model/logs/content_kl_kernelsize/runs/20260207_060134_krull_private_eye/atari_krull_vta_k5_seed0/latest.pt,/home/haselab/projects/stable-deep-world-model/logs/content_kl_kernelsize/runs/20260207_060134_krull_private_eye/atari_krull_vta_k5_seed0/train_eps/20260207T124626-7e1e93f537ba4eb6baa370b030d256f6-3511.npz,648,680,0.0,1.085168630302058e-12,2.1346383094787598,2.0885181427001953,0.0,2.859074831008911,nan,nan,nan,nan
atari_krull,/home/haselab/projects/stable-deep-world-model/logs/content_kl_kernelsize/runs/20260207_060134_krull_private_eye/atari_krull_vta_k5_seed0,/home/haselab/projects/stable-deep-world-model/logs/content_kl_kernelsize/runs/20260207_060134_krull_private_eye/atari_krull_vta_k5_seed0/latest.pt,/home/haselab/projects/stable-deep-world-model/logs/content_kl_kernelsize/runs/20260207_060134_krull_private_eye/atari_krull_vta_k5_seed0/train_eps/20260207T124626-7e1e93f537ba4eb6baa370b030d256f6-3511.npz,656,688,0.0625,0.0625,2.3114428520202637,2.552568197250366,0.3310682773590088,3.2575104236602783,4.75228214263916,7.843838214874268,5.297092437744141,8.189661979675293
atari_krull,/home/haselab/projects/stable-deep-world-model/logs/content_kl_kernelsize/runs/20260207_060134_krull_private_eye/atari_krull_vta_k5_seed0,/home/haselab/projects/stable-deep-world-model/logs/content_kl_kernelsize/runs/20260207_060134_krull_private_eye/atari_krull_vta_k5_seed0/latest.pt,/home/haselab/projects/stable-deep-world-model/logs/content_kl_kernelsize/runs/20260207_060134_krull_private_eye/atari_krull_vta_k5_seed0/train_eps/20260207T124626-7e1e93f537ba4eb6baa370b030d256f6-3511.npz,664,696,0.0625,0.0625,2.22334361076355,2.4220046997070312,0.3310682773590088,3.0506951808929443,4.75228214263916,7.843838214874268,5.297092437744141,8.189661979675293
atari_krull,/home/haselab/projects/stable-deep-world-model/logs/content_kl_kernelsize/runs/20260207_060134_krull_private_eye/atari_krull_vta_k5_seed0,/home/haselab/projects/stable-deep-world-model/logs/content_kl_kernelsize/runs/20260207_060134_krull_private_eye/atari_krull_vta_k5_seed0/latest.pt,/home/haselab/projects/stable-deep-world-model/logs/content_kl_kernelsize/runs/20260207_060134_krull_private_eye/atari_krull_vta_k5_seed0/train_eps/20260207T124626-7e1e93f537ba4eb6baa370b030d256f6-3511.npz,672,704,0.0625,0.0625,2.160733699798584,2.5123589038848877,0.3310682773590088,3.0559325218200684,4.75228214263916,7.843838214874268,5.297092437744141,8.189661979675293
atari_krull,/home/haselab/projects/stable-deep-world-model/logs/content_kl_kernelsize/runs/20260207_060134_krull_private_eye/atari_krull_vta_k5_seed0,/home/haselab/projects/stable-deep-world-model/logs/content_kl_kernelsize/runs/20260207_060134_krull_private_eye/atari_krull_vta_k5_seed0/latest.pt,/home/haselab/projects/stable-deep-world-model/logs/content_kl_kernelsize/runs/20260207_060134_krull_private_eye/atari_krull_vta_k5_seed0/train_eps/20260207T124626-7e1e93f537ba4eb6baa370b030d256f6-3511.npz,680,712,0.0625,0.0625,2.111997604370117,2.6851248741149902,0.3310682773590088,3.2099390029907227,4.75228214263916,7.843838214874268,5.297092437744141,8.189661979675293
atari_krull,/home/haselab/projects/stable-deep-world-model/logs/content_kl_kernelsize/runs/20260207_060134_krull_private_eye/atari_krull_vta_k5_seed0,/home/haselab/projects/stable-deep-world-model/logs/content_kl_kernelsize/runs/20260207_060134_krull_private_eye/atari_krull_vta_k5_seed0/latest.pt,/home/haselab/projects/stable-deep-world-model/logs/content_kl_kernelsize/runs/20260207_060134_krull_private_eye/atari_krull_vta_k5_seed0/train_eps/20260207T124626-7e1e93f537ba4eb6baa370b030d256f6-3511.npz,688,720,0.0,7.72812924765276e-10,1.908478021621704,2.190664291381836,0.0,2.7793595790863037,nan,nan,nan,nan
atari_krull,/home/haselab/projects/stable-deep-world-model/logs/content_kl_kernelsize/runs/20260207_060134_krull_private_eye/atari_krull_vta_k5_seed0,/home/haselab/projects/stable-deep-world-model/logs/content_kl_kernelsize/runs/20260207_060134_krull_private_eye/atari_krull_vta_k5_seed0/latest.pt,/home/haselab/projects/stable-deep-world-model/logs/content_kl_kernelsize/runs/20260207_060134_krull_private_eye/atari_krull_vta_k5_seed0/train_eps/20260207T124626-7e1e93f537ba4eb6baa370b030d256f6-3511.npz,696,728,0.0,7.864214279784676e-10,1.8839305639266968,2.2538466453552246,0.0,2.843322515487671,nan,nan,nan,nan
atari_krull,/home/haselab/projects/stable-deep-world-model/logs/content_kl_kernelsize/runs/20260207_060134_krull_private_eye/atari_krull_vta_k5_seed0,/home/haselab/projects/stable-deep-world-model/logs/content_kl_kernelsize/runs/20260207_060134_krull_private_eye/atari_krull_vta_k5_seed0/latest.pt,/home/haselab/projects/stable-deep-world-model/logs/content_kl_kernelsize/runs/20260207_060134_krull_private_eye/atari_krull_vta_k5_seed0/train_eps/20260207T124626-7e1e93f537ba4eb6baa370b030d256f6-3511.npz,704,736,0.0,6.713870570607128e-10,1.854184865951538,2.2527809143066406,0.0,2.924882650375366,nan,nan,nan,nan
atari_krull,/home/haselab/projects/stable-deep-world-model/logs/content_kl_kernelsize/runs/20260207_060134_krull_private_eye/atari_krull_vta_k5_seed0,/home/haselab/projects/stable-deep-world-model/logs/content_kl_kernelsize/runs/20260207_060134_krull_private_eye/atari_krull_vta_k5_seed0/latest.pt,/home/haselab/projects/stable-deep-world-model/logs/content_kl_kernelsize/runs/20260207_060134_krull_private_eye/atari_krull_vta_k5_seed0/train_eps/20260207T124626-7e1e93f537ba4eb6baa370b030d256f6-3511.npz,712,744,0.0,6.906657468164212e-10,1.8359367847442627,2.0881099700927734,0.0,2.7445199489593506,nan,nan,nan,nan
atari_krull,/home/haselab/projects/stable-deep-world-model/logs/content_kl_kernelsize/runs/20260207_060134_krull_private_eye/atari_krull_vta_k5_seed0,/home/haselab/projects/stable-deep-world-model/logs/content_kl_kernelsize/runs/20260207_060134_krull_private_eye/atari_krull_vta_k5_seed0/latest.pt,/home/haselab/projects/stable-deep-world-model/logs/content_kl_kernelsize/runs/20260207_060134_krull_private_eye/atari_krull_vta_k5_seed0/train_eps/20260207T124626-7e1e93f537ba4eb6baa370b030d256f6-3511.npz,720,752,0.0,1.648254310815389e-10,1.8437559604644775,2.1737661361694336,0.0,2.8081066608428955,nan,nan,nan,nan
atari_krull,/home/haselab/projects/stable-deep-world-model/logs/content_kl_kernelsize/runs/20260207_060134_krull_private_eye/atari_krull_vta_k5_seed0,/home/haselab/projects/stable-deep-world-model/logs/content_kl_kernelsize/runs/20260207_060134_krull_private_eye/atari_krull_vta_k5_seed0/latest.pt,/home/haselab/projects/stable-deep-world-model/logs/content_kl_kernelsize/runs/20260207_060134_krull_private_eye/atari_krull_vta_k5_seed0/train_eps/20260207T124626-7e1e93f537ba4eb6baa370b030d256f6-3511.npz,728,760,0.0,1.990941023155557e-10,1.9084036350250244,2.2531323432922363,0.0,2.990252733230591,nan,nan,nan,nan
atari_krull,/home/haselab/projects/stable-deep-world-model/logs/content_kl_kernelsize/runs/20260207_060134_krull_private_eye/atari_krull_vta_k5_seed0,/home/haselab/projects/stable-deep-world-model/logs/content_kl_kernelsize/runs/20260207_060134_krull_private_eye/atari_krull_vta_k5_seed0/latest.pt,/home/haselab/projects/stable-deep-world-model/logs/content_kl_kernelsize/runs/20260207_060134_krull_private_eye/atari_krull_vta_k5_seed0/train_eps/20260207T124626-7e1e93f537ba4eb6baa370b030d256f6-3511.npz,736,768,0.0,1.9667451001126324e-10,1.9688808917999268,2.1956863403320312,0.0,2.9163401126861572,nan,nan,nan,nan
atari_krull,/home/haselab/projects/stable-deep-world-model/logs/content_kl_kernelsize/runs/20260207_060134_krull_private_eye/atari_krull_vta_k5_seed0,/home/haselab/projects/stable-deep-world-model/logs/content_kl_kernelsize/runs/20260207_060134_krull_private_eye/atari_krull_vta_k5_seed0/latest.pt,/home/haselab/projects/stable-deep-world-model/logs/content_kl_kernelsize/runs/20260207_060134_krull_private_eye/atari_krull_vta_k5_seed0/train_eps/20260207T124626-7e1e93f537ba4eb6baa370b030d256f6-3511.npz,744,776,0.0,9.131959771702114e-11,2.0542550086975098,2.450319766998291,0.0,3.145482063293457,nan,nan,nan,nan
atari_krull,/home/haselab/projects/stable-deep-world-model/logs/content_kl_kernelsize/runs/20260207_060134_krull_private_eye/atari_krull_vta_k5_seed0,/home/haselab/projects/stable-deep-world-model/logs/content_kl_kernelsize/runs/20260207_060134_krull_private_eye/atari_krull_vta_k5_seed0/latest.pt,/home/haselab/projects/stable-deep-world-model/logs/content_kl_kernelsize/runs/20260207_060134_krull_private_eye/atari_krull_vta_k5_seed0/train_eps/20260207T124626-7e1e93f537ba4eb6baa370b030d256f6-3511.npz,752,784,0.0,5.214843487588716e-11,2.1588494777679443,2.4977076053619385,0.0,3.2325634956359863,nan,nan,nan,nan
atari_krull,/home/haselab/projects/stable-deep-world-model/logs/content_kl_kernelsize/runs/20260207_060134_krull_private_eye/atari_krull_vta_k5_seed0,/home/haselab/projects/stable-deep-world-model/logs/content_kl_kernelsize/runs/20260207_060134_krull_private_eye/atari_krull_vta_k5_seed0/latest.pt,/home/haselab/projects/stable-deep-world-model/logs/content_kl_kernelsize/runs/20260207_060134_krull_private_eye/atari_krull_vta_k5_seed0/train_eps/20260207T124626-7e1e93f537ba4eb6baa370b030d256f6-3511.npz,760,792,0.0,3.5867535070482903e-12,2.2166380882263184,2.4574804306030273,0.0,3.1707255840301514,nan,nan,nan,nan
atari_krull,/home/haselab/projects/stable-deep-world-model/logs/content_kl_kernelsize/runs/20260207_060134_krull_private_eye/atari_krull_vta_k5_seed0,/home/haselab/projects/stable-deep-world-model/logs/content_kl_kernelsize/runs/20260207_060134_krull_private_eye/atari_krull_vta_k5_seed0/latest.pt,/home/haselab/projects/stable-deep-world-model/logs/content_kl_kernelsize/runs/20260207_060134_krull_private_eye/atari_krull_vta_k5_seed0/train_eps/20260207T124626-7e1e93f537ba4eb6baa370b030d256f6-3511.npz,768,800,0.03125,0.03125,2.328219175338745,2.949359655380249,0.17903730273246765,3.622128963470459,5.813605308532715,10.010544776916504,5.729193687438965,9.697112083435059
atari_krull,/home/haselab/projects/stable-deep-world-model/logs/content_kl_kernelsize/runs/20260207_060134_krull_private_eye/atari_krull_vta_k5_seed0,/home/haselab/projects/stable-deep-world-model/logs/content_kl_kernelsize/runs/20260207_060134_krull_private_eye/atari_krull_vta_k5_seed0/latest.pt,/home/haselab/projects/stable-deep-world-model/logs/content_kl_kernelsize/runs/20260207_060134_krull_private_eye/atari_krull_vta_k5_seed0/train_eps/20260207T124626-7e1e93f537ba4eb6baa370b030d256f6-3511.npz,776,808,0.03125,0.03125,1.8758336305618286,2.8403544425964355,0.17903730273246765,3.6409692764282227,5.813605308532715,10.010544776916504,5.729193687438965,9.697112083435059
atari_krull,/home/haselab/projects/stable-deep-world-model/logs/content_kl_kernelsize/runs/20260207_060134_krull_private_eye/atari_krull_vta_k5_seed0,/home/haselab/projects/stable-deep-world-model/logs/content_kl_kernelsize/runs/20260207_060134_krull_private_eye/atari_krull_vta_k5_seed0/latest.pt,/home/haselab/projects/stable-deep-world-model/logs/content_kl_kernelsize/runs/20260207_060134_krull_private_eye/atari_krull_vta_k5_seed0/train_eps/20260207T124626-7e1e93f537ba4eb6baa370b030d256f6-3511.npz,784,816,0.03125,0.03125,1.422807216644287,3.2522525787353516,0.17903730273246765,4.046807765960693,5.813605308532715,10.010544776916504,5.729193687438965,9.697112083435059
atari_krull,/home/haselab/projects/stable-deep-world-model/logs/content_kl_kernelsize/runs/20260207_060134_krull_private_eye/atari_krull_vta_k5_seed0,/home/haselab/projects/stable-deep-world-model/logs/content_kl_kernelsize/runs/20260207_060134_krull_private_eye/atari_krull_vta_k5_seed0/latest.pt,/home/haselab/projects/stable-deep-world-model/logs/content_kl_kernelsize/runs/20260207_060134_krull_private_eye/atari_krull_vta_k5_seed0/train_eps/20260207T124626-7e1e93f537ba4eb6baa370b030d256f6-3511.npz,792,824,0.03125,0.03125,1.0286762714385986,4.126993656158447,0.17903730273246765,4.850006580352783,5.813605308532715,10.010544776916504,5.729193687438965,9.697112083435059
atari_krull,/home/haselab/projects/stable-deep-world-model/logs/content_kl_kernelsize/runs/20260207_060134_krull_private_eye/atari_krull_vta_k5_seed0,/home/haselab/projects/stable-deep-world-model/logs/content_kl_kernelsize/runs/20260207_060134_krull_private_eye/atari_krull_vta_k5_seed0/latest.pt,/home/haselab/projects/stable-deep-world-model/logs/content_kl_kernelsize/runs/20260207_060134_krull_private_eye/atari_krull_vta_k5_seed0/train_eps/20260207T124626-7e1e93f537ba4eb6baa370b030d256f6-3511.npz,800,832,0.0,2.7657973703182695e-14,0.5962365865707397,4.780215263366699,0.0,5.523524284362793,nan,nan,nan,nan
atari_krull,/home/haselab/projects/stable-deep-world-model/logs/content_kl_kernelsize/runs/20260207_060134_krull_private_eye/atari_krull_vta_k5_seed0,/home/haselab/projects/stable-deep-world-model/logs/content_kl_kernelsize/runs/20260207_060134_krull_private_eye/atari_krull_vta_k5_seed0/latest.pt,/home/haselab/projects/stable-deep-world-model/logs/content_kl_kernelsize/runs/20260207_060134_krull_private_eye/atari_krull_vta_k5_seed0/train_eps/20260207T124626-7e1e93f537ba4eb6baa370b030d256f6-3511.npz,808,840,0.0,4.087358164601984e-14,0.7085937261581421,5.967221736907959,0.0,6.462968349456787,nan,nan,nan,nan
atari_krull,/home/haselab/projects/stable-deep-world-model/logs/content_kl_kernelsize/runs/20260207_060134_krull_private_eye/atari_krull_vta_k5_seed0,/home/haselab/projects/stable-deep-world-model/logs/content_kl_kernelsize/runs/20260207_060134_krull_private_eye/atari_krull_vta_k5_seed0/latest.pt,/home/haselab/projects/stable-deep-world-model/logs/content_kl_kernelsize/runs/20260207_060134_krull_private_eye/atari_krull_vta_k5_seed0/train_eps/20260207T124626-7e1e93f537ba4eb6baa370b030d256f6-3511.npz,816,848,0.0,4.4313585732726896e-14,0.7836741209030151,6.789361000061035,0.0,7.251973628997803,nan,nan,nan,nan
atari_krull,/home/haselab/projects/stable-deep-world-model/logs/content_kl_kernelsize/runs/20260207_060134_krull_private_eye/atari_krull_vta_k5_seed0,/home/haselab/projects/stable-deep-world-model/logs/content_kl_kernelsize/runs/20260207_060134_krull_private_eye/atari_krull_vta_k5_seed0/latest.pt,/home/haselab/projects/stable-deep-world-model/logs/content_kl_kernelsize/runs/20260207_060134_krull_private_eye/atari_krull_vta_k5_seed0/train_eps/20260207T124626-7e1e93f537ba4eb6baa370b030d256f6-3511.npz,824,856,0.0,5.282100847209606e-14,0.8277555704116821,7.045479774475098,0.0,7.425893306732178,nan,nan,nan,nan
atari_krull,/home/haselab/projects/stable-deep-world-model/logs/content_kl_kernelsize/runs/20260207_060134_krull_private_eye/atari_krull_vta_k5_seed0,/home/haselab/projects/stable-deep-world-model/logs/content_kl_kernelsize/runs/20260207_060134_krull_private_eye/atari_krull_vta_k5_seed0/latest.pt,/home/haselab/projects/stable-deep-world-model/logs/content_kl_kernelsize/runs/20260207_060134_krull_private_eye/atari_krull_vta_k5_seed0/train_eps/20260207T124626-7e1e93f537ba4eb6baa370b030d256f6-3511.npz,832,864,0.0,3.5827281218798676e-14,0.8573036193847656,7.157562255859375,0.0,7.519129753112793,nan,nan,nan,nan
atari_krull,/home/haselab/projects/stable-deep-world-model/logs/content_kl_kernelsize/runs/20260207_060134_krull_private_eye/atari_krull_vta_k5_seed0,/home/haselab/projects/stable-deep-world-model/logs/content_kl_kernelsize/runs/20260207_060134_krull_private_eye/atari_krull_vta_k5_seed0/latest.pt,/home/haselab/projects/stable-deep-world-model/logs/content_kl_kernelsize/runs/20260207_060134_krull_private_eye/atari_krull_vta_k5_seed0/train_eps/20260207T124626-7e1e93f537ba4eb6baa370b030d256f6-3511.npz,840,872,0.0,3.554489737484304e-14,0.8554599285125732,6.983461380004883,0.0,7.543142318725586,nan,nan,nan,nan
atari_krull,/home/haselab/projects/stable-deep-world-model/logs/content_kl_kernelsize/runs/20260207_060134_krull_private_eye/atari_krull_vta_k5_seed0,/home/haselab/projects/stable-deep-world-model/logs/content_kl_kernelsize/runs/20260207_060134_krull_private_eye/atari_krull_vta_k5_seed0/latest.pt,/home/haselab/projects/stable-deep-world-model/logs/content_kl_kernelsize/runs/20260207_060134_krull_private_eye/atari_krull_vta_k5_seed0/train_eps/20260207T124626-7e1e93f537ba4eb6baa370b030d256f6-3511.npz,848,880,0.0,3.712628755857608e-14,0.8625955581665039,6.824873447418213,0.0,7.2057037353515625,nan,nan,nan,nan
atari_krull,/home/haselab/projects/stable-deep-world-model/logs/content_kl_kernelsize/runs/20260207_060134_krull_private_eye/atari_krull_vta_k5_seed0,/home/haselab/projects/stable-deep-world-model/logs/content_kl_kernelsize/runs/20260207_060134_krull_private_eye/atari_krull_vta_k5_seed0/latest.pt,/home/haselab/projects/stable-deep-world-model/logs/content_kl_kernelsize/runs/20260207_060134_krull_private_eye/atari_krull_vta_k5_seed0/train_eps/20260207T124626-7e1e93f537ba4eb6baa370b030d256f6-3511.npz,856,888,0.0,7.44934983924056e-14,0.8761407136917114,6.6416144371032715,0.0,7.154447555541992,nan,nan,nan,nan
atari_krull,/home/haselab/projects/stable-deep-world-model/logs/content_kl_kernelsize/runs/20260207_060134_krull_private_eye/atari_krull_vta_k5_seed0,/home/haselab/projects/stable-deep-world-model/logs/content_kl_kernelsize/runs/20260207_060134_krull_private_eye/atari_krull_vta_k5_seed0/latest.pt,/home/haselab/projects/stable-deep-world-model/logs/content_kl_kernelsize/runs/20260207_060134_krull_private_eye/atari_krull_vta_k5_seed0/train_eps/20260207T124626-7e1e93f537ba4eb6baa370b030d256f6-3511.npz,864,896,0.0,1.0365591441826097e-13,0.8192713856697083,6.077919006347656,0.0,6.602206230163574,nan,nan,nan,nan
atari_krull,/home/haselab/projects/stable-deep-world-model/logs/content_kl_kernelsize/runs/20260207_060134_krull_private_eye/atari_krull_vta_k5_seed0,/home/haselab/projects/stable-deep-world-model/logs/content_kl_kernelsize/runs/20260207_060134_krull_private_eye/atari_krull_vta_k5_seed0/latest.pt,/home/haselab/projects/stable-deep-world-model/logs/content_kl_kernelsize/runs/20260207_060134_krull_private_eye/atari_krull_vta_k5_seed0/train_eps/20260207T124626-7e1e93f537ba4eb6baa370b030d256f6-3511.npz,872,904,0.0,1.4796830752859813e-13,0.7418973445892334,5.350152969360352,0.0,5.894224166870117,nan,nan,nan,nan
atari_krull,/home/haselab/projects/stable-deep-world-model/logs/content_kl_kernelsize/runs/20260207_060134_krull_private_eye/atari_krull_vta_k5_seed0,/home/haselab/projects/stable-deep-world-model/logs/content_kl_kernelsize/runs/20260207_060134_krull_private_eye/atari_krull_vta_k5_seed0/latest.pt,/home/haselab/projects/stable-deep-world-model/logs/content_kl_kernelsize/runs/20260207_060134_krull_private_eye/atari_krull_vta_k5_seed0/train_eps/20260207T124626-7e1e93f537ba4eb6baa370b030d256f6-3511.npz,880,912,0.0,1.4860107502151498e-13,0.5849736928939819,3.964989423751831,0.0,4.90939998626709,nan,nan,nan,nan
atari_krull,/home/haselab/projects/stable-deep-world-model/logs/content_kl_kernelsize/runs/20260207_060134_krull_private_eye/atari_krull_vta_k5_seed0,/home/haselab/projects/stable-deep-world-model/logs/content_kl_kernelsize/runs/20260207_060134_krull_private_eye/atari_krull_vta_k5_seed0/latest.pt,/home/haselab/projects/stable-deep-world-model/logs/content_kl_kernelsize/runs/20260207_060134_krull_private_eye/atari_krull_vta_k5_seed0/train_eps/20260207T124626-7e1e93f537ba4eb6baa370b030d256f6-3511.npz,888,920,0.0,1.007502593722634e-13,0.3488212525844574,2.4742178916931152,0.0,3.7653167247772217,nan,nan,nan,nan
atari_krull,/home/haselab/projects/stable-deep-world-model/logs/content_kl_kernelsize/runs/20260207_060134_krull_private_eye/atari_krull_vta_k5_seed0,/home/haselab/projects/stable-deep-world-model/logs/content_kl_kernelsize/runs/20260207_060134_krull_private_eye/atari_krull_vta_k5_seed0/latest.pt,/home/haselab/projects/stable-deep-world-model/logs/content_kl_kernelsize/runs/20260207_060134_krull_private_eye/atari_krull_vta_k5_seed0/train_eps/20260207T124626-7e1e93f537ba4eb6baa370b030d256f6-3511.npz,896,928,0.0,6.938330118777536e-14,0.27274996042251587,1.5969871282577515,0.0,3.2558584213256836,nan,nan,nan,nan
atari_krull,/home/haselab/projects/stable-deep-world-model/logs/content_kl_kernelsize/runs/20260207_060134_krull_private_eye/atari_krull_vta_k5_seed0,/home/haselab/projects/stable-deep-world-model/logs/content_kl_kernelsize/runs/20260207_060134_krull_private_eye/atari_krull_vta_k5_seed0/latest.pt,/home/haselab/projects/stable-deep-world-model/logs/content_kl_kernelsize/runs/20260207_060134_krull_private_eye/atari_krull_vta_k5_seed0/train_eps/20260207T124626-7e1e93f537ba4eb6baa370b030d256f6-3511.npz,904,936,0.0,3.1001275765246694e-12,0.22953127324581146,1.2133070230484009,0.0,2.8932015895843506,nan,nan,nan,nan
atari_krull,/home/haselab/projects/stable-deep-world-model/logs/content_kl_kernelsize/runs/20260207_060134_krull_private_eye/atari_krull_vta_k5_seed0,/home/haselab/projects/stable-deep-world-model/logs/content_kl_kernelsize/runs/20260207_060134_krull_private_eye/atari_krull_vta_k5_seed0/latest.pt,/home/haselab/projects/stable-deep-world-model/logs/content_kl_kernelsize/runs/20260207_060134_krull_private_eye/atari_krull_vta_k5_seed0/train_eps/20260207T124626-7e1e93f537ba4eb6baa370b030d256f6-3511.npz,912,944,0.0,3.223535587765225e-12,0.3060965836048126,1.935418963432312,0.0,3.452526807785034,nan,nan,nan,nan
atari_krull,/home/haselab/projects/stable-deep-world-model/logs/content_kl_kernelsize/runs/20260207_060134_krull_private_eye/atari_krull_vta_k5_seed0,/home/haselab/projects/stable-deep-world-model/logs/content_kl_kernelsize/runs/20260207_060134_krull_private_eye/atari_krull_vta_k5_seed0/latest.pt,/home/haselab/projects/stable-deep-world-model/logs/content_kl_kernelsize/runs/20260207_060134_krull_private_eye/atari_krull_vta_k5_seed0/train_eps/20260207T124626-7e1e93f537ba4eb6baa370b030d256f6-3511.npz,920,952,0.0,3.3112859242762083e-12,0.4595963954925537,3.2583675384521484,0.0,4.439609050750732,nan,nan,nan,nan
atari_krull,/home/haselab/projects/stable-deep-world-model/logs/content_kl_kernelsize/runs/20260207_060134_krull_private_eye/atari_krull_vta_k5_seed0,/home/haselab/projects/stable-deep-world-model/logs/content_kl_kernelsize/runs/20260207_060134_krull_private_eye/atari_krull_vta_k5_seed0/latest.pt,/home/haselab/projects/stable-deep-world-model/logs/content_kl_kernelsize/runs/20260207_060134_krull_private_eye/atari_krull_vta_k5_seed0/train_eps/20260207T124626-7e1e93f537ba4eb6baa370b030d256f6-3511.npz,928,960,0.0,3.385501297706317e-12,0.6158406734466553,4.582164764404297,0.0,5.452643871307373,nan,nan,nan,nan
atari_krull,/home/haselab/projects/stable-deep-world-model/logs/content_kl_kernelsize/runs/20260207_060134_krull_private_eye/atari_krull_vta_k5_seed0,/home/haselab/projects/stable-deep-world-model/logs/content_kl_kernelsize/runs/20260207_060134_krull_private_eye/atari_krull_vta_k5_seed0/latest.pt,/home/haselab/projects/stable-deep-world-model/logs/content_kl_kernelsize/runs/20260207_060134_krull_private_eye/atari_krull_vta_k5_seed0/train_eps/20260207T124626-7e1e93f537ba4eb6baa370b030d256f6-3511.npz,936,968,0.0,1.2021448289947778e-12,0.7199349403381348,5.72669792175293,0.0,6.4730377197265625,nan,nan,nan,nan
atari_krull,/home/haselab/projects/stable-deep-world-model/logs/content_kl_kernelsize/runs/20260207_060134_krull_private_eye/atari_krull_vta_k5_seed0,/home/haselab/projects/stable-deep-world-model/logs/content_kl_kernelsize/runs/20260207_060134_krull_private_eye/atari_krull_vta_k5_seed0/latest.pt,/home/haselab/projects/stable-deep-world-model/logs/content_kl_kernelsize/runs/20260207_060134_krull_private_eye/atari_krull_vta_k5_seed0/train_eps/20260207T124626-7e1e93f537ba4eb6baa370b030d256f6-3511.npz,944,976,0.0,1.997106039569596e-12,0.7793440818786621,6.307403564453125,0.0,6.831637382507324,nan,nan,nan,nan
atari_krull,/home/haselab/projects/stable-deep-world-model/logs/content_kl_kernelsize/runs/20260207_060134_krull_private_eye/atari_krull_vta_k5_seed0,/home/haselab/projects/stable-deep-world-model/logs/content_kl_kernelsize/runs/20260207_060134_krull_private_eye/atari_krull_vta_k5_seed0/latest.pt,/home/haselab/projects/stable-deep-world-model/logs/content_kl_kernelsize/runs/20260207_060134_krull_private_eye/atari_krull_vta_k5_seed0/train_eps/20260207T124626-7e1e93f537ba4eb6baa370b030d256f6-3511.npz,952,984,0.0,2.96213010717028e-12,0.8155310153961182,6.616505146026611,0.0,7.102594375610352,nan,nan,nan,nan
atari_krull,/home/haselab/projects/stable-deep-world-model/logs/content_kl_kernelsize/runs/20260207_060134_krull_private_eye/atari_krull_vta_k5_seed0,/home/haselab/projects/stable-deep-world-model/logs/content_kl_kernelsize/runs/20260207_060134_krull_private_eye/atari_krull_vta_k5_seed0/latest.pt,/home/haselab/projects/stable-deep-world-model/logs/content_kl_kernelsize/runs/20260207_060134_krull_private_eye/atari_krull_vta_k5_seed0/train_eps/20260207T124626-7e1e93f537ba4eb6baa370b030d256f6-3511.npz,960,992,0.0,3.338129252183908e-12,0.7382872104644775,6.6410722732543945,0.0,7.135396480560303,nan,nan,nan,nan
atari_krull,/home/haselab/projects/stable-deep-world-model/logs/content_kl_kernelsize/runs/20260207_060134_krull_private_eye/atari_krull_vta_k5_seed0,/home/haselab/projects/stable-deep-world-model/logs/content_kl_kernelsize/runs/20260207_060134_krull_private_eye/atari_krull_vta_k5_seed0/latest.pt,/home/haselab/projects/stable-deep-world-model/logs/content_kl_kernelsize/runs/20260207_060134_krull_private_eye/atari_krull_vta_k5_seed0/train_eps/20260207T124626-7e1e93f537ba4eb6baa370b030d256f6-3511.npz,968,1000,0.0,3.14829672748429e-12,0.7341240644454956,6.660300254821777,0.0,7.096735954284668,nan,nan,nan,nan
atari_krull,/home/haselab/projects/stable-deep-world-model/logs/content_kl_kernelsize/runs/20260207_060134_krull_private_eye/atari_krull_vta_k5_seed0,/home/haselab/projects/stable-deep-world-model/logs/content_kl_kernelsize/runs/20260207_060134_krull_private_eye/atari_krull_vta_k5_seed0/latest.pt,/home/haselab/projects/stable-deep-world-model/logs/content_kl_kernelsize/runs/20260207_060134_krull_private_eye/atari_krull_vta_k5_seed0/train_eps/20260207T124626-7e1e93f537ba4eb6baa370b030d256f6-3511.npz,976,1008,0.0,9.228329038435401e-12,0.7469372749328613,6.690970420837402,0.0,7.179238319396973,nan,nan,nan,nan
atari_krull,/home/haselab/projects/stable-deep-world-model/logs/content_kl_kernelsize/runs/20260207_060134_krull_private_eye/atari_krull_vta_k5_seed0,/home/haselab/projects/stable-deep-world-model/logs/content_kl_kernelsize/runs/20260207_060134_krull_private_eye/atari_krull_vta_k5_seed0/latest.pt,/home/haselab/projects/stable-deep-world-model/logs/content_kl_kernelsize/runs/20260207_060134_krull_private_eye/atari_krull_vta_k5_seed0/train_eps/20260207T124626-7e1e93f537ba4eb6baa370b030d256f6-3511.npz,984,1016,0.0,8.176910537560644e-12,0.7123260498046875,6.338918685913086,0.0,6.870375156402588,nan,nan,nan,nan
atari_krull,/home/haselab/projects/stable-deep-world-model/logs/content_kl_kernelsize/runs/20260207_060134_krull_private_eye/atari_krull_vta_k5_seed0,/home/haselab/projects/stable-deep-world-model/logs/content_kl_kernelsize/runs/20260207_060134_krull_private_eye/atari_krull_vta_k5_seed0/latest.pt,/home/haselab/projects/stable-deep-world-model/logs/content_kl_kernelsize/runs/20260207_060134_krull_private_eye/atari_krull_vta_k5_seed0/train_eps/20260207T124626-7e1e93f537ba4eb6baa370b030d256f6-3511.npz,992,1024,0.0,7.723305502083111e-12,0.6842450499534607,5.793276786804199,0.0,6.292946815490723,nan,nan,nan,nan
atari_krull,/home/haselab/projects/stable-deep-world-model/logs/content_kl_kernelsize/runs/20260207_060134_krull_private_eye/atari_krull_vta_k5_seed0,/home/haselab/projects/stable-deep-world-model/logs/content_kl_kernelsize/runs/20260207_060134_krull_private_eye/atari_krull_vta_k5_seed0/latest.pt,/home/haselab/projects/stable-deep-world-model/logs/content_kl_kernelsize/runs/20260207_060134_krull_private_eye/atari_krull_vta_k5_seed0/train_eps/20260207T124626-7e1e93f537ba4eb6baa370b030d256f6-3511.npz,1000,1032,0.0,7.008015261850131e-12,0.590279757976532,4.838905334472656,0.0,5.616583347320557,nan,nan,nan,nan
atari_krull,/home/haselab/projects/stable-deep-world-model/logs/content_kl_kernelsize/runs/20260207_060134_krull_private_eye/atari_krull_vta_k5_seed0,/home/haselab/projects/stable-deep-world-model/logs/content_kl_kernelsize/runs/20260207_060134_krull_private_eye/atari_krull_vta_k5_seed0/latest.pt,/home/haselab/projects/stable-deep-world-model/logs/content_kl_kernelsize/runs/20260207_060134_krull_private_eye/atari_krull_vta_k5_seed0/train_eps/20260207T124626-7e1e93f537ba4eb6baa370b030d256f6-3511.npz,1008,1040,0.03125,0.03125,0.7491931915283203,3.9048848152160645,0.18475916981697083,4.958147048950195,5.3196940422058105,7.210545063018799,5.912293434143066,7.829437255859375
atari_krull,/home/haselab/projects/stable-deep-world-model/logs/content_kl_kernelsize/runs/20260207_060134_krull_private_eye/atari_krull_vta_k5_seed0,/home/haselab/projects/stable-deep-world-model/logs/content_kl_kernelsize/runs/20260207_060134_krull_private_eye/atari_krull_vta_k5_seed0/latest.pt,/home/haselab/projects/stable-deep-world-model/logs/content_kl_kernelsize/runs/20260207_060134_krull_private_eye/atari_krull_vta_k5_seed0/train_eps/20260207T124626-7e1e93f537ba4eb6baa370b030d256f6-3511.npz,1016,1048,0.03125,0.03125,1.0755618810653687,3.0801053047180176,0.18475916981697083,4.082898139953613,5.3196940422058105,7.210545063018799,5.912293434143066,7.829437255859375
atari_krull,/home/haselab/projects/stable-deep-world-model/logs/content_kl_kernelsize/runs/20260207_060134_krull_private_eye/atari_krull_vta_k5_seed0,/home/haselab/projects/stable-deep-world-model/logs/content_kl_kernelsize/runs/20260207_060134_krull_private_eye/atari_krull_vta_k5_seed0/latest.pt,/home/haselab/projects/stable-deep-world-model/logs/content_kl_kernelsize/runs/20260207_060134_krull_private_eye/atari_krull_vta_k5_seed0/train_eps/20260207T124626-7e1e93f537ba4eb6baa370b030d256f6-3511.npz,1024,1056,0.03125,0.03125,1.396490454673767,2.56951904296875,0.18475916981697083,3.567884683609009,5.3196940422058105,7.210545063018799,5.912293434143066,7.829437255859375
atari_krull,/home/haselab/projects/stable-deep-world-model/logs/content_kl_kernelsize/runs/20260207_060134_krull_private_eye/atari_krull_vta_k5_seed0,/home/haselab/projects/stable-deep-world-model/logs/content_kl_kernelsize/runs/20260207_060134_krull_private_eye/atari_krull_vta_k5_seed0/latest.pt,/home/haselab/projects/stable-deep-world-model/logs/content_kl_kernelsize/runs/20260207_060134_krull_private_eye/atari_krull_vta_k5_seed0/train_eps/20260207T124626-7e1e93f537ba4eb6baa370b030d256f6-3511.npz,1032,1064,0.03125,0.03125,1.7946577072143555,2.421574115753174,0.18475916981697083,3.197749614715576,5.3196940422058105,7.210545063018799,5.912293434143066,7.829437255859375
atari_krull,/home/haselab/projects/stable-deep-world-model/logs/content_kl_kernelsize/runs/20260207_060134_krull_private_eye/atari_krull_vta_k5_seed0,/home/haselab/projects/stable-deep-world-model/logs/content_kl_kernelsize/runs/20260207_060134_krull_private_eye/atari_krull_vta_k5_seed0/latest.pt,/home/haselab/projects/stable-deep-world-model/logs/content_kl_kernelsize/runs/20260207_060134_krull_private_eye/atari_krull_vta_k5_seed0/train_eps/20260207T124626-7e1e93f537ba4eb6baa370b030d256f6-3511.npz,1040,1072,0.0,1.0644830572559272e-09,1.9089701175689697,2.310181140899658,0.0,2.871432304382324,nan,nan,nan,nan
atari_krull,/home/haselab/projects/stable-deep-world-model/logs/content_kl_kernelsize/runs/20260207_060134_krull_private_eye/atari_krull_vta_k5_seed0,/home/haselab/projects/stable-deep-world-model/logs/content_kl_kernelsize/runs/20260207_060134_krull_private_eye/atari_krull_vta_k5_seed0/latest.pt,/home/haselab/projects/stable-deep-world-model/logs/content_kl_kernelsize/runs/20260207_060134_krull_private_eye/atari_krull_vta_k5_seed0/train_eps/20260207T124626-7e1e93f537ba4eb6baa370b030d256f6-3511.npz,1048,1080,0.0,1.2391463410921233e-09,1.9128690958023071,2.3186678886413574,0.0,2.900221586227417,nan,nan,nan,nan
atari_krull,/home/haselab/projects/stable-deep-world-model/logs/content_kl_kernelsize/runs/20260207_060134_krull_private_eye/atari_krull_vta_k5_seed0,/home/haselab/projects/stable-deep-world-model/logs/content_kl_kernelsize/runs/20260207_060134_krull_private_eye/atari_krull_vta_k5_seed0/latest.pt,/home/haselab/projects/stable-deep-world-model/logs/content_kl_kernelsize/runs/20260207_060134_krull_private_eye/atari_krull_vta_k5_seed0/train_eps/20260207T124626-7e1e93f537ba4eb6baa370b030d256f6-3511.npz,1056,1088,0.0,1.0898463242980938e-09,1.9547306299209595,2.3243021965026855,0.0,2.9184069633483887,nan,nan,nan,nan
atari_krull,/home/haselab/projects/stable-deep-world-model/logs/content_kl_kernelsize/runs/20260207_060134_krull_private_eye/atari_krull_vta_k5_seed0,/home/haselab/projects/stable-deep-world-model/logs/content_kl_kernelsize/runs/20260207_060134_krull_private_eye/atari_krull_vta_k5_seed0/latest.pt,/home/haselab/projects/stable-deep-world-model/logs/content_kl_kernelsize/runs/20260207_060134_krull_private_eye/atari_krull_vta_k5_seed0/train_eps/20260207T124626-7e1e93f537ba4eb6baa370b030d256f6-3511.npz,1064,1096,0.0,4.310266032980792e-10,1.9383567571640015,2.226933002471924,0.0,2.8766653537750244,nan,nan,nan,nan
atari_krull,/home/haselab/projects/stable-deep-world-model/logs/content_kl_kernelsize/runs/20260207_060134_krull_private_eye/atari_krull_vta_k5_seed0,/home/haselab/projects/stable-deep-world-model/logs/content_kl_kernelsize/runs/20260207_060134_krull_private_eye/atari_krull_vta_k5_seed0/latest.pt,/home/haselab/projects/stable-deep-world-model/logs/content_kl_kernelsize/runs/20260207_060134_krull_private_eye/atari_krull_vta_k5_seed0/train_eps/20260207T124626-7e1e93f537ba4eb6baa370b030d256f6-3511.npz,1072,1104,0.0,3.4547573135590426e-10,1.9611496925354004,2.1680960655212402,0.0,2.911914825439453,nan,nan,nan,nan
atari_krull,/home/haselab/projects/stable-deep-world-model/logs/content_kl_kernelsize/runs/20260207_060134_krull_private_eye/atari_krull_vta_k5_seed0,/home/haselab/projects/stable-deep-world-model/logs/content_kl_kernelsize/runs/20260207_060134_krull_private_eye/atari_krull_vta_k5_seed0/latest.pt,/home/haselab/projects/stable-deep-world-model/logs/content_kl_kernelsize/runs/20260207_060134_krull_private_eye/atari_krull_vta_k5_seed0/train_eps/20260207T124626-7e1e93f537ba4eb6baa370b030d256f6-3511.npz,1080,1112,0.0,1.7102845528693678e-10,1.9700926542282104,2.1703572273254395,0.0,2.866959571838379,nan,nan,nan,nan
atari_krull,/home/haselab/projects/stable-deep-world-model/logs/content_kl_kernelsize/runs/20260207_060134_krull_private_eye/atari_krull_vta_k5_seed0,/home/haselab/projects/stable-deep-world-model/logs/content_kl_kernelsize/runs/20260207_060134_krull_private_eye/atari_krull_vta_k5_seed0/latest.pt,/home/haselab/projects/stable-deep-world-model/logs/content_kl_kernelsize/runs/20260207_060134_krull_private_eye/atari_krull_vta_k5_seed0/train_eps/20260207T124626-7e1e93f537ba4eb6baa370b030d256f6-3511.npz,1088,1120,0.0,6.41570296888716e-10,1.961990237236023,2.109090805053711,0.0,2.786519765853882,nan,nan,nan,nan
atari_krull,/home/haselab/projects/stable-deep-world-model/logs/content_kl_kernelsize/runs/20260207_060134_krull_private_eye/atari_krull_vta_k5_seed0,/home/haselab/projects/stable-deep-world-model/logs/content_kl_kernelsize/runs/20260207_060134_krull_private_eye/atari_krull_vta_k5_seed0/latest.pt,/home/haselab/projects/stable-deep-world-model/logs/content_kl_kernelsize/runs/20260207_060134_krull_private_eye/atari_krull_vta_k5_seed0/train_eps/20260207T124626-7e1e93f537ba4eb6baa370b030d256f6-3511.npz,1096,1128,0.0,9.897268782310675e-09,1.9551470279693604,2.1016781330108643,0.0,2.830846071243286,nan,nan,nan,nan
atari_krull,/home/haselab/projects/stable-deep-world-model/logs/content_kl_kernelsize/runs/20260207_060134_krull_private_eye/atari_krull_vta_k5_seed0,/home/haselab/projects/stable-deep-world-model/logs/content_kl_kernelsize/runs/20260207_060134_krull_private_eye/atari_krull_vta_k5_seed0/latest.pt,/home/haselab/projects/stable-deep-world-model/logs/content_kl_kernelsize/runs/20260207_060134_krull_private_eye/atari_krull_vta_k5_seed0/train_eps/20260207T124626-7e1e93f537ba4eb6baa370b030d256f6-3511.npz,1104,1136,0.0,1.0963598029434252e-08,1.9512434005737305,2.2013447284698486,0.0,2.9213664531707764,nan,nan,nan,nan
atari_krull,/home/haselab/projects/stable-deep-world-model/logs/content_kl_kernelsize/runs/20260207_060134_krull_private_eye/atari_krull_vta_k5_seed0,/home/haselab/projects/stable-deep-world-model/logs/content_kl_kernelsize/runs/20260207_060134_krull_private_eye/atari_krull_vta_k5_seed0/latest.pt,/home/haselab/projects/stable-deep-world-model/logs/content_kl_kernelsize/runs/20260207_060134_krull_private_eye/atari_krull_vta_k5_seed0/train_eps/20260207T124626-7e1e93f537ba4eb6baa370b030d256f6-3511.npz,1112,1144,0.0,1.0964724239670431e-08,1.9445035457611084,2.1694960594177246,0.0,2.9530200958251953,nan,nan,nan,nan
atari_krull,/home/haselab/projects/stable-deep-world-model/logs/content_kl_kernelsize/runs/20260207_060134_krull_private_eye/atari_krull_vta_k5_seed0,/home/haselab/projects/stable-deep-world-model/logs/content_kl_kernelsize/runs/20260207_060134_krull_private_eye/atari_krull_vta_k5_seed0/latest.pt,/home/haselab/projects/stable-deep-world-model/logs/content_kl_kernelsize/runs/20260207_060134_krull_private_eye/atari_krull_vta_k5_seed0/train_eps/20260207T124626-7e1e93f537ba4eb6baa370b030d256f6-3511.npz,1120,1152,0.0,1.1278153522198409e-08,1.9337756633758545,2.0565996170043945,0.0,2.954097270965576,nan,nan,nan,nan
atari_krull,/home/haselab/projects/stable-deep-world-model/logs/content_kl_kernelsize/runs/20260207_060134_krull_private_eye/atari_krull_vta_k5_seed0,/home/haselab/projects/stable-deep-world-model/logs/content_kl_kernelsize/runs/20260207_060134_krull_private_eye/atari_krull_vta_k5_seed0/latest.pt,/home/haselab/projects/stable-deep-world-model/logs/content_kl_kernelsize/runs/20260207_060134_krull_private_eye/atari_krull_vta_k5_seed0/train_eps/20260207T124626-7e1e93f537ba4eb6baa370b030d256f6-3511.npz,1128,1160,0.03125,0.03125,1.9273850917816162,2.4527268409729004,0.16844269633293152,3.332934856414795,3.8978798389434814,5.521530628204346,5.390166282653809,6.098478317260742
atari_krull,/home/haselab/projects/stable-deep-world-model/logs/content_kl_kernelsize/runs/20260207_060134_krull_private_eye/atari_krull_vta_k5_seed0,/home/haselab/projects/stable-deep-world-model/logs/content_kl_kernelsize/runs/20260207_060134_krull_private_eye/atari_krull_vta_k5_seed0/latest.pt,/home/haselab/projects/stable-deep-world-model/logs/content_kl_kernelsize/runs/20260207_060134_krull_private_eye/atari_krull_vta_k5_seed0/train_eps/20260207T124626-7e1e93f537ba4eb6baa370b030d256f6-3511.npz,1136,1168,0.03125,0.03125,1.5396647453308105,2.4809093475341797,0.16844269633293152,3.4877405166625977,3.8978798389434814,5.521530628204346,5.390166282653809,6.098478317260742
atari_krull,/home/haselab/projects/stable-deep-world-model/logs/content_kl_kernelsize/runs/20260207_060134_krull_private_eye/atari_krull_vta_k5_seed0,/home/haselab/projects/stable-deep-world-model/logs/content_kl_kernelsize/runs/20260207_060134_krull_private_eye/atari_krull_vta_k5_seed0/latest.pt,/home/haselab/projects/stable-deep-world-model/logs/content_kl_kernelsize/runs/20260207_060134_krull_private_eye/atari_krull_vta_k5_seed0/train_eps/20260207T124626-7e1e93f537ba4eb6baa370b030d256f6-3511.npz,1144,1176,0.03125,0.03125,1.2042216062545776,3.1669397354125977,0.16844269633293152,4.160276412963867,3.8978798389434814,5.521530628204346,5.390166282653809,6.098478317260742
atari_krull,/home/haselab/projects/stable-deep-world-model/logs/content_kl_kernelsize/runs/20260207_060134_krull_private_eye/atari_krull_vta_k5_seed0,/home/haselab/projects/stable-deep-world-model/logs/content_kl_kernelsize/runs/20260207_060134_krull_private_eye/atari_krull_vta_k5_seed0/latest.pt,/home/haselab/projects/stable-deep-world-model/logs/content_kl_kernelsize/runs/20260207_060134_krull_private_eye/atari_krull_vta_k5_seed0/train_eps/20260207T124626-7e1e93f537ba4eb6baa370b030d256f6-3511.npz,1152,1184,0.03125,0.03125,0.9131001234054565,4.213061332702637,0.16844269633293152,5.084977149963379,3.8978798389434814,5.521530628204346,5.390166282653809,6.098478317260742
atari_krull,/home/haselab/projects/stable-deep-world-model/logs/content_kl_kernelsize/runs/20260207_060134_krull_private_eye/atari_krull_vta_k5_seed0,/home/haselab/projects/stable-deep-world-model/logs/content_kl_kernelsize/runs/20260207_060134_krull_private_eye/atari_krull_vta_k5_seed0/latest.pt,/home/haselab/projects/stable-deep-world-model/logs/content_kl_kernelsize/runs/20260207_060134_krull_private_eye/atari_krull_vta_k5_seed0/train_eps/20260207T124626-7e1e93f537ba4eb6baa370b030d256f6-3511.npz,1160,1192,0.0,8.689570330649987e-13,0.6800413131713867,5.1787285804748535,0.0,5.963324069976807,nan,nan,nan,nan
atari_krull,/home/haselab/projects/stable-deep-world-model/logs/content_kl_kernelsize/runs/20260207_060134_krull_private_eye/atari_krull_vta_k5_seed0,/home/haselab/projects/stable-deep-world-model/logs/content_kl_kernelsize/runs/20260207_060134_krull_private_eye/atari_krull_vta_k5_seed0/latest.pt,/home/haselab/projects/stable-deep-world-model/logs/content_kl_kernelsize/runs/20260207_060134_krull_private_eye/atari_krull_vta_k5_seed0/train_eps/20260207T124626-7e1e93f537ba4eb6baa370b030d256f6-3511.npz,1168,1200,0.0,8.242156956939084e-13,0.7969186305999756,6.274040699005127,0.0,6.8681535720825195,nan,nan,nan,nan
atari_krull,/home/haselab/projects/stable-deep-world-model/logs/content_kl_kernelsize/runs/20260207_060134_krull_private_eye/atari_krull_vta_k5_seed0,/home/haselab/projects/stable-deep-world-model/logs/content_kl_kernelsize/runs/20260207_060134_krull_private_eye/atari_krull_vta_k5_seed0/latest.pt,/home/haselab/projects/stable-deep-world-model/logs/content_kl_kernelsize/runs/20260207_060134_krull_private_eye/atari_krull_vta_k5_seed0/train_eps/20260207T124626-7e1e93f537ba4eb6baa370b030d256f6-3511.npz,1176,1208,0.0,1.1457358499444847e-12,0.8652650117874146,6.9264044761657715,0.0,7.437643527984619,nan,nan,nan,nan
atari_krull,/home/haselab/projects/stable-deep-world-model/logs/content_kl_kernelsize/runs/20260207_060134_krull_private_eye/atari_krull_vta_k5_seed0,/home/haselab/projects/stable-deep-world-model/logs/content_kl_kernelsize/runs/20260207_060134_krull_private_eye/atari_krull_vta_k5_seed0/latest.pt,/home/haselab/projects/stable-deep-world-model/logs/content_kl_kernelsize/runs/20260207_060134_krull_private_eye/atari_krull_vta_k5_seed0/train_eps/20260207T124626-7e1e93f537ba4eb6baa370b030d256f6-3511.npz,1184,1216,0.0,1.4150026636516877e-12,0.9025046229362488,7.24456787109375,0.0,7.72138786315918,nan,nan,nan,nan
atari_krull,/home/haselab/projects/stable-deep-world-model/logs/content_kl_kernelsize/runs/20260207_060134_krull_private_eye/atari_krull_vta_k5_seed0,/home/haselab/projects/stable-deep-world-model/logs/content_kl_kernelsize/runs/20260207_060134_krull_private_eye/atari_krull_vta_k5_seed0/latest.pt,/home/haselab/projects/stable-deep-world-model/logs/content_kl_kernelsize/runs/20260207_060134_krull_private_eye/atari_krull_vta_k5_seed0/train_eps/20260207T124626-7e1e93f537ba4eb6baa370b030d256f6-3511.npz,1192,1224,0.0,1.456434040210397e-12,0.8993353843688965,7.2151594161987305,0.0,7.685677528381348,nan,nan,nan,nan
atari_krull,/home/haselab/projects/stable-deep-world-model/logs/content_kl_kernelsize/runs/20260207_060134_krull_private_eye/atari_krull_vta_k5_seed0,/home/haselab/projects/stable-deep-world-model/logs/content_kl_kernelsize/runs/20260207_060134_krull_private_eye/atari_krull_vta_k5_seed0/latest.pt,/home/haselab/projects/stable-deep-world-model/logs/content_kl_kernelsize/runs/20260207_060134_krull_private_eye/atari_krull_vta_k5_seed0/train_eps/20260207T124626-7e1e93f537ba4eb6baa370b030d256f6-3511.npz,1200,1232,0.0,1.430991609929766e-12,0.9016151428222656,7.154299259185791,0.0,7.6195292472839355,nan,nan,nan,nan
atari_krull,/home/haselab/projects/stable-deep-world-model/logs/content_kl_kernelsize/runs/20260207_060134_krull_private_eye/atari_krull_vta_k5_seed0,/home/haselab/projects/stable-deep-world-model/logs/content_kl_kernelsize/runs/20260207_060134_krull_private_eye/atari_krull_vta_k5_seed0/latest.pt,/home/haselab/projects/stable-deep-world-model/logs/content_kl_kernelsize/runs/20260207_060134_krull_private_eye/atari_krull_vta_k5_seed0/train_eps/20260207T124626-7e1e93f537ba4eb6baa370b030d256f6-3511.npz,1208,1240,0.0,1.445670948403699e-12,0.8886421918869019,7.0400309562683105,0.0,7.618618965148926,nan,nan,nan,nan
atari_krull,/home/haselab/projects/stable-deep-world-model/logs/content_kl_kernelsize/runs/20260207_060134_krull_private_eye/atari_krull_vta_k5_seed0,/home/haselab/projects/stable-deep-world-model/logs/content_kl_kernelsize/runs/20260207_060134_krull_private_eye/atari_krull_vta_k5_seed0/latest.pt,/home/haselab/projects/stable-deep-world-model/logs/content_kl_kernelsize/runs/20260207_060134_krull_private_eye/atari_krull_vta_k5_seed0/train_eps/20260207T124626-7e1e93f537ba4eb6baa370b030d256f6-3511.npz,1216,1248,0.0,1.6508922050587072e-12,0.8837636709213257,6.879411697387695,0.0,7.526248455047607,nan,nan,nan,nan
atari_krull,/home/haselab/projects/stable-deep-world-model/logs/content_kl_kernelsize/runs/20260207_060134_krull_private_eye/atari_krull_vta_k5_seed0,/home/haselab/projects/stable-deep-world-model/logs/content_kl_kernelsize/runs/20260207_060134_krull_private_eye/atari_krull_vta_k5_seed0/latest.pt,/home/haselab/projects/stable-deep-world-model/logs/content_kl_kernelsize/runs/20260207_060134_krull_private_eye/atari_krull_vta_k5_seed0/train_eps/20260207T124626-7e1e93f537ba4eb6baa370b030d256f6-3511.npz,1224,1256,0.0,1.8888074698047985e-12,0.8263890743255615,6.269472599029541,0.0,6.957904815673828,nan,nan,nan,nan
atari_krull,/home/haselab/projects/stable-deep-world-model/logs/content_kl_kernelsize/runs/20260207_060134_krull_private_eye/atari_krull_vta_k5_seed0,/home/haselab/projects/stable-deep-world-model/logs/content_kl_kernelsize/runs/20260207_060134_krull_private_eye/atari_krull_vta_k5_seed0/latest.pt,/home/haselab/projects/stable-deep-world-model/logs/content_kl_kernelsize/runs/20260207_060134_krull_private_eye/atari_krull_vta_k5_seed0/train_eps/20260207T124626-7e1e93f537ba4eb6baa370b030d256f6-3511.npz,1232,1264,0.0,1.9976356679940466e-10,0.7481573820114136,5.423526763916016,0.0,6.148632049560547,nan,nan,nan,nan
atari_krull,/home/haselab/projects/stable-deep-world-model/logs/content_kl_kernelsize/runs/20260207_060134_krull_private_eye/atari_krull_vta_k5_seed0,/home/haselab/projects/stable-deep-world-model/logs/content_kl_kernelsize/runs/20260207_060134_krull_private_eye/atari_krull_vta_k5_seed0/latest.pt,/home/haselab/projects/stable-deep-world-model/logs/content_kl_kernelsize/runs/20260207_060134_krull_private_eye/atari_krull_vta_k5_seed0/train_eps/20260207T124626-7e1e93f537ba4eb6baa370b030d256f6-3511.npz,1240,1272,0.0,1.9941016893287866e-10,0.6081113815307617,3.9220986366271973,0.0,4.888066291809082,nan,nan,nan,nan
atari_krull,/home/haselab/projects/stable-deep-world-model/logs/content_kl_kernelsize/runs/20260207_060134_krull_private_eye/atari_krull_vta_k5_seed0,/home/haselab/projects/stable-deep-world-model/logs/content_kl_kernelsize/runs/20260207_060134_krull_private_eye/atari_krull_vta_k5_seed0/latest.pt,/home/haselab/projects/stable-deep-world-model/logs/content_kl_kernelsize/runs/20260207_060134_krull_private_eye/atari_krull_vta_k5_seed0/train_eps/20260207T124626-7e1e93f537ba4eb6baa370b030d256f6-3511.npz,1248,1280,0.0,1.9889641322823337e-10,0.3853321969509125,2.3297762870788574,0.0,3.626397132873535,nan,nan,nan,nan
atari_krull,/home/haselab/projects/stable-deep-world-model/logs/content_kl_kernelsize/runs/20260207_060134_krull_private_eye/atari_krull_vta_k5_seed0,/home/haselab/projects/stable-deep-world-model/logs/content_kl_kernelsize/runs/20260207_060134_krull_private_eye/atari_krull_vta_k5_seed0/latest.pt,/home/haselab/projects/stable-deep-world-model/logs/content_kl_kernelsize/runs/20260207_060134_krull_private_eye/atari_krull_vta_k5_seed0/train_eps/20260207T124626-7e1e93f537ba4eb6baa370b030d256f6-3511.npz,1256,1288,0.0,1.982468217365252e-10,0.30429139733314514,1.5117835998535156,0.0,3.0890936851501465,nan,nan,nan,nan
atari_krull,/home/haselab/projects/stable-deep-world-model/logs/content_kl_kernelsize/runs/20260207_060134_krull_private_eye/atari_krull_vta_k5_seed0,/home/haselab/projects/stable-deep-world-model/logs/content_kl_kernelsize/runs/20260207_060134_krull_private_eye/atari_krull_vta_k5_seed0/latest.pt,/home/haselab/projects/stable-deep-world-model/logs/content_kl_kernelsize/runs/20260207_060134_krull_private_eye/atari_krull_vta_k5_seed0/train_eps/20260207T124626-7e1e93f537ba4eb6baa370b030d256f6-3511.npz,1264,1296,0.0,1.0321894164042056e-12,0.24785465002059937,1.2748733758926392,0.0,2.9605531692504883,nan,nan,nan,nan
atari_krull,/home/haselab/projects/stable-deep-world-model/logs/content_kl_kernelsize/runs/20260207_060134_krull_private_eye/atari_krull_vta_k5_seed0,/home/haselab/projects/stable-deep-world-model/logs/content_kl_kernelsize/runs/20260207_060134_krull_private_eye/atari_krull_vta_k5_seed0/latest.pt,/home/haselab/projects/stable-deep-world-model/logs/content_kl_kernelsize/runs/20260207_060134_krull_private_eye/atari_krull_vta_k5_seed0/train_eps/20260207T124626-7e1e93f537ba4eb6baa370b030d256f6-3511.npz,1272,1304,0.0,1.2600675711182951e-12,0.3421365022659302,2.2018799781799316,0.0,3.644843339920044,nan,nan,nan,nan
atari_krull,/home/haselab/projects/stable-deep-world-model/logs/content_kl_kernelsize/runs/20260207_060134_krull_private_eye/atari_krull_vta_k5_seed0,/home/haselab/projects/stable-deep-world-model/logs/content_kl_kernelsize/runs/20260207_060134_krull_private_eye/atari_krull_vta_k5_seed0/latest.pt,/home/haselab/projects/stable-deep-world-model/logs/content_kl_kernelsize/runs/20260207_060134_krull_private_eye/atari_krull_vta_k5_seed0/train_eps/20260207T124626-7e1e93f537ba4eb6baa370b030d256f6-3511.npz,1280,1312,0.0,1.5039712097236757e-12,0.536903977394104,3.6881206035614014,0.0,4.79070520401001,nan,nan,nan,nan
atari_krull,/home/haselab/projects/stable-deep-world-model/logs/content_kl_kernelsize/runs/20260207_060134_krull_private_eye/atari_krull_vta_k5_seed0,/home/haselab/projects/stable-deep-world-model/logs/content_kl_kernelsize/runs/20260207_060134_krull_private_eye/atari_krull_vta_k5_seed0/latest.pt,/home/haselab/projects/stable-deep-world-model/logs/content_kl_kernelsize/runs/20260207_060134_krull_private_eye/atari_krull_vta_k5_seed0/train_eps/20260207T124626-7e1e93f537ba4eb6baa370b030d256f6-3511.npz,1288,1320,0.0,3.744108321990236e-12,0.6558935046195984,4.970224380493164,0.0,5.659402847290039,nan,nan,nan,nan
atari_krull,/home/haselab/projects/stable-deep-world-model/logs/content_kl_kernelsize/runs/20260207_060134_krull_private_eye/atari_krull_vta_k5_seed0,/home/haselab/projects/stable-deep-world-model/logs/content_kl_kernelsize/runs/20260207_060134_krull_private_eye/atari_krull_vta_k5_seed0/latest.pt,/home/haselab/projects/stable-deep-world-model/logs/content_kl_kernelsize/runs/20260207_060134_krull_private_eye/atari_krull_vta_k5_seed0/train_eps/20260207T124626-7e1e93f537ba4eb6baa370b030d256f6-3511.npz,1296,1328,0.0,7.295293709408401e-12,0.7628122568130493,6.016803741455078,0.0,6.668270111083984,nan,nan,nan,nan
atari_krull,/home/haselab/projects/stable-deep-world-model/logs/content_kl_kernelsize/runs/20260207_060134_krull_private_eye/atari_krull_vta_k5_seed0,/home/haselab/projects/stable-deep-world-model/logs/content_kl_kernelsize/runs/20260207_060134_krull_private_eye/atari_krull_vta_k5_seed0/latest.pt,/home/haselab/projects/stable-deep-world-model/logs/content_kl_kernelsize/runs/20260207_060134_krull_private_eye/atari_krull_vta_k5_seed0/train_eps/20260207T124626-7e1e93f537ba4eb6baa370b030d256f6-3511.npz,1304,1336,0.0,1.3162331467808652e-11,0.7912533283233643,6.6388678550720215,0.0,7.165890693664551,nan,nan,nan,nan
atari_krull,/home/haselab/projects/stable-deep-world-model/logs/content_kl_kernelsize/runs/20260207_060134_krull_private_eye/atari_krull_vta_k5_seed0,/home/haselab/projects/stable-deep-world-model/logs/content_kl_kernelsize/runs/20260207_060134_krull_private_eye/atari_krull_vta_k5_seed0/latest.pt,/home/haselab/projects/stable-deep-world-model/logs/content_kl_kernelsize/runs/20260207_060134_krull_private_eye/atari_krull_vta_k5_seed0/train_eps/20260207T124626-7e1e93f537ba4eb6baa370b030d256f6-3511.npz,1312,1344,0.0,1.989479414543638e-11,0.7949540019035339,6.775961399078369,0.0,7.3355712890625,nan,nan,nan,nan
atari_krull,/home/haselab/projects/stable-deep-world-model/logs/content_kl_kernelsize/runs/20260207_060134_krull_private_eye/atari_krull_vta_k5_seed0,/home/haselab/projects/stable-deep-world-model/logs/content_kl_kernelsize/runs/20260207_060134_krull_private_eye/atari_krull_vta_k5_seed0/latest.pt,/home/haselab/projects/stable-deep-world-model/logs/content_kl_kernelsize/runs/20260207_060134_krull_private_eye/atari_krull_vta_k5_seed0/train_eps/20260207T124626-7e1e93f537ba4eb6baa370b030d256f6-3511.npz,1320,1352,0.0,2.2998904863902325e-11,0.785994291305542,6.882767677307129,0.0,7.559797286987305,nan,nan,nan,nan
atari_krull,/home/haselab/projects/stable-deep-world-model/logs/content_kl_kernelsize/runs/20260207_060134_krull_private_eye/atari_krull_vta_k5_seed0,/home/haselab/projects/stable-deep-world-model/logs/content_kl_kernelsize/runs/20260207_060134_krull_private_eye/atari_krull_vta_k5_seed0/latest.pt,/home/haselab/projects/stable-deep-world-model/logs/content_kl_kernelsize/runs/20260207_060134_krull_private_eye/atari_krull_vta_k5_seed0/train_eps/20260207T124626-7e1e93f537ba4eb6baa370b030d256f6-3511.npz,1328,1360,0.0,2.266174574383495e-11,0.791040301322937,6.952018737792969,0.0,7.611653804779053,nan,nan,nan,nan
atari_krull,/home/haselab/projects/stable-deep-world-model/logs/content_kl_kernelsize/runs/20260207_060134_krull_private_eye/atari_krull_vta_k5_seed0,/home/haselab/projects/stable-deep-world-model/logs/content_kl_kernelsize/runs/20260207_060134_krull_private_eye/atari_krull_vta_k5_seed0/latest.pt,/home/haselab/projects/stable-deep-world-model/logs/content_kl_kernelsize/runs/20260207_060134_krull_private_eye/atari_krull_vta_k5_seed0/train_eps/20260207T124626-7e1e93f537ba4eb6baa370b030d256f6-3511.npz,1336,1368,0.0,2.0899915478822528e-11,0.8017616271972656,6.860271453857422,0.0,7.564818382263184,nan,nan,nan,nan
atari_krull,/home/haselab/projects/stable-deep-world-model/logs/content_kl_kernelsize/runs/20260207_060134_krull_private_eye/atari_krull_vta_k5_seed0,/home/haselab/projects/stable-deep-world-model/logs/content_kl_kernelsize/runs/20260207_060134_krull_private_eye/atari_krull_vta_k5_seed0/latest.pt,/home/haselab/projects/stable-deep-world-model/logs/content_kl_kernelsize/runs/20260207_060134_krull_private_eye/atari_krull_vta_k5_seed0/train_eps/20260207T124626-7e1e93f537ba4eb6baa370b030d256f6-3511.npz,1344,1376,0.0,3.839198403632338e-11,0.7754582166671753,6.699806213378906,0.0,7.428589820861816,nan,nan,nan,nan
atari_krull,/home/haselab/projects/stable-deep-world-model/logs/content_kl_kernelsize/runs/20260207_060134_krull_private_eye/atari_krull_vta_k5_seed0,/home/haselab/projects/stable-deep-world-model/logs/content_kl_kernelsize/runs/20260207_060134_krull_private_eye/atari_krull_vta_k5_seed0/latest.pt,/home/haselab/projects/stable-deep-world-model/logs/content_kl_kernelsize/runs/20260207_060134_krull_private_eye/atari_krull_vta_k5_seed0/train_eps/20260207T124626-7e1e93f537ba4eb6baa370b030d256f6-3511.npz,1352,1384,0.0,3.798947961763943e-11,0.7275904417037964,6.046086311340332,0.0,6.962677001953125,nan,nan,nan,nan
atari_krull,/home/haselab/projects/stable-deep-world-model/logs/content_kl_kernelsize/runs/20260207_060134_krull_private_eye/atari_krull_vta_k5_seed0,/home/haselab/projects/stable-deep-world-model/logs/content_kl_kernelsize/runs/20260207_060134_krull_private_eye/atari_krull_vta_k5_seed0/latest.pt,/home/haselab/projects/stable-deep-world-model/logs/content_kl_kernelsize/runs/20260207_060134_krull_private_eye/atari_krull_vta_k5_seed0/train_eps/20260207T124626-7e1e93f537ba4eb6baa370b030d256f6-3511.npz,1360,1392,0.0,3.4119627262407803e-11,0.5935125350952148,4.875662803649902,0.0,5.951415538787842,nan,nan,nan,nan
atari_krull,/home/haselab/projects/stable-deep-world-model/logs/content_kl_kernelsize/runs/20260207_060134_krull_private_eye/atari_krull_vta_k5_seed0,/home/haselab/projects/stable-deep-world-model/logs/content_kl_kernelsize/runs/20260207_060134_krull_private_eye/atari_krull_vta_k5_seed0/latest.pt,/home/haselab/projects/stable-deep-world-model/logs/content_kl_kernelsize/runs/20260207_060134_krull_private_eye/atari_krull_vta_k5_seed0/train_eps/20260207T124626-7e1e93f537ba4eb6baa370b030d256f6-3511.npz,1368,1400,0.0625,0.0624999962747097,0.7975709438323975,3.9126510620117188,0.22515371441841125,5.167934894561768,3.2085108757019043,5.823995590209961,3.60245943069458,6.549862861633301
atari_krull,/home/haselab/projects/stable-deep-world-model/logs/content_kl_kernelsize/runs/20260207_060134_krull_private_eye/atari_krull_vta_k5_seed0,/home/haselab/projects/stable-deep-world-model/logs/content_kl_kernelsize/runs/20260207_060134_krull_private_eye/atari_krull_vta_k5_seed0/latest.pt,/home/haselab/projects/stable-deep-world-model/logs/content_kl_kernelsize/runs/20260207_060134_krull_private_eye/atari_krull_vta_k5_seed0/train_eps/20260207T124626-7e1e93f537ba4eb6baa370b030d256f6-3511.npz,1376,1408,0.0625,0.0624999962747097,1.0770267248153687,2.854165554046631,0.22515371441841125,3.981182336807251,3.2085108757019043,5.823995590209961,3.60245943069458,6.549862861633301
atari_krull,/home/haselab/projects/stable-deep-world-model/logs/content_kl_kernelsize/runs/20260207_060134_krull_private_eye/atari_krull_vta_k5_seed0,/home/haselab/projects/stable-deep-world-model/logs/content_kl_kernelsize/runs/20260207_060134_krull_private_eye/atari_krull_vta_k5_seed0/latest.pt,/home/haselab/projects/stable-deep-world-model/logs/content_kl_kernelsize/runs/20260207_060134_krull_private_eye/atari_krull_vta_k5_seed0/train_eps/20260207T124626-7e1e93f537ba4eb6baa370b030d256f6-3511.npz,1384,1416,0.0625,0.0624999962747097,1.3928567171096802,2.5222277641296387,0.22515371441841125,3.4432106018066406,3.2085108757019043,5.823995590209961,3.60245943069458,6.549862861633301
atari_krull,/home/haselab/projects/stable-deep-world-model/logs/content_kl_kernelsize/runs/20260207_060134_krull_private_eye/atari_krull_vta_k5_seed0,/home/haselab/projects/stable-deep-world-model/logs/content_kl_kernelsize/runs/20260207_060134_krull_private_eye/atari_krull_vta_k5_seed0/latest.pt,/home/haselab/projects/stable-deep-world-model/logs/content_kl_kernelsize/runs/20260207_060134_krull_private_eye/atari_krull_vta_k5_seed0/train_eps/20260207T124626-7e1e93f537ba4eb6baa370b030d256f6-3511.npz,1392,1424,0.0625,0.0624999962747097,1.8268015384674072,2.4823787212371826,0.22515371441841125,3.1437506675720215,3.2085108757019043,5.823995590209961,3.60245943069458,6.549862861633301
atari_krull,/home/haselab/projects/stable-deep-world-model/logs/content_kl_kernelsize/runs/20260207_060134_krull_private_eye/atari_krull_vta_k5_seed0,/home/haselab/projects/stable-deep-world-model/logs/content_kl_kernelsize/runs/20260207_060134_krull_private_eye/atari_krull_vta_k5_seed0/latest.pt,/home/haselab/projects/stable-deep-world-model/logs/content_kl_kernelsize/runs/20260207_060134_krull_private_eye/atari_krull_vta_k5_seed0/train_eps/20260207T124626-7e1e93f537ba4eb6baa370b030d256f6-3511.npz,1400,1432,0.0,1.3594559922225358e-09,1.8970623016357422,2.3466908931732178,0.0,2.8346238136291504,nan,nan,nan,nan
atari_krull,/home/haselab/projects/stable-deep-world-model/logs/content_kl_kernelsize/runs/20260207_060134_krull_private_eye/atari_krull_vta_k5_seed0,/home/haselab/projects/stable-deep-world-model/logs/content_kl_kernelsize/runs/20260207_060134_krull_private_eye/atari_krull_vta_k5_seed0/latest.pt,/home/haselab/projects/stable-deep-world-model/logs/content_kl_kernelsize/runs/20260207_060134_krull_private_eye/atari_krull_vta_k5_seed0/train_eps/20260207T124626-7e1e93f537ba4eb6baa370b030d256f6-3511.npz,1408,1440,0.03125,0.03125001862645149,1.9095118045806885,2.540106773376465,0.17593735456466675,3.0740132331848145,5.075109004974365,7.5353288650512695,5.629995346069336,7.320537090301514
atari_krull,/home/haselab/projects/stable-deep-world-model/logs/content_kl_kernelsize/runs/20260207_060134_krull_private_eye/atari_krull_vta_k5_seed0,/home/haselab/projects/stable-deep-world-model/logs/content_kl_kernelsize/runs/20260207_060134_krull_private_eye/atari_krull_vta_k5_seed0/latest.pt,/home/haselab/projects/stable-deep-world-model/logs/content_kl_kernelsize/runs/20260207_060134_krull_private_eye/atari_krull_vta_k5_seed0/train_eps/20260207T124626-7e1e93f537ba4eb6baa370b030d256f6-3511.npz,1416,1448,0.03125,0.03125001862645149,1.536610722541809,2.363767623901367,0.17593735456466675,3.044159412384033,5.075109004974365,7.5353288650512695,5.629995346069336,7.320537090301514
atari_krull,/home/haselab/projects/stable-deep-world-model/logs/content_kl_kernelsize/runs/20260207_060134_krull_private_eye/atari_krull_vta_k5_seed0,/home/haselab/projects/stable-deep-world-model/logs/content_kl_kernelsize/runs/20260207_060134_krull_private_eye/atari_krull_vta_k5_seed0/latest.pt,/home/haselab/projects/stable-deep-world-model/logs/content_kl_kernelsize/runs/20260207_060134_krull_private_eye/atari_krull_vta_k5_seed0/train_eps/20260207T124626-7e1e93f537ba4eb6baa370b030d256f6-3511.npz,1424,1456,0.03125,0.03125001862645149,1.182463526725769,2.769318103790283,0.17593735456466675,3.5017900466918945,5.075109004974365,7.5353288650512695,5.629995346069336,7.320537090301514
atari_krull,/home/haselab/projects/stable-deep-world-model/logs/content_kl_kernelsize/runs/20260207_060134_krull_private_eye/atari_krull_vta_k5_seed0,/home/haselab/projects/stable-deep-world-model/logs/content_kl_kernelsize/runs/20260207_060134_krull_private_eye/atari_krull_vta_k5_seed0/latest.pt,/home/haselab/projects/stable-deep-world-model/logs/content_kl_kernelsize/runs/20260207_060134_krull_private_eye/atari_krull_vta_k5_seed0/train_eps/20260207T124626-7e1e93f537ba4eb6baa370b030d256f6-3511.npz,1432,1464,0.03125,0.031250014901161194,0.8917655348777771,3.524916172027588,0.17593735456466675,4.363467216491699,5.075109004974365,7.5353288650512695,5.629995346069336,7.320537090301514
atari_krull,/home/haselab/projects/stable-deep-world-model/logs/content_kl_kernelsize/runs/20260207_060134_krull_private_eye/atari_krull_vta_k5_seed0,/home/haselab/projects/stable-deep-world-model/logs/content_kl_kernelsize/runs/20260207_060134_krull_private_eye/atari_krull_vta_k5_seed0/latest.pt,/home/haselab/projects/stable-deep-world-model/logs/content_kl_kernelsize/runs/20260207_060134_krull_private_eye/atari_krull_vta_k5_seed0/train_eps/20260207T124626-7e1e93f537ba4eb6baa370b030d256f6-3511.npz,1440,1472,0.0,6.577318550915479e-11,0.6156156063079834,4.233819961547852,0.0,5.191712379455566,nan,nan,nan,nan
atari_krull,/home/haselab/projects/stable-deep-world-model/logs/content_kl_kernelsize/runs/20260207_060134_krull_private_eye/atari_krull_vta_k5_seed0,/home/haselab/projects/stable-deep-world-model/logs/content_kl_kernelsize/runs/20260207_060134_krull_private_eye/atari_krull_vta_k5_seed0/latest.pt,/home/haselab/projects/stable-deep-world-model/logs/content_kl_kernelsize/runs/20260207_060134_krull_private_eye/atari_krull_vta_k5_seed0/train_eps/20260207T124626-7e1e93f537ba4eb6baa370b030d256f6-3511.npz,1448,1480,0.0,6.481087888587922e-11,0.7154114246368408,5.152079105377197,0.0,5.993703365325928,nan,nan,nan,nan
atari_krull,/home/haselab/projects/stable-deep-world-model/logs/content_kl_kernelsize/runs/20260207_060134_krull_private_eye/atari_krull_vta_k5_seed0,/home/haselab/projects/stable-deep-world-model/logs/content_kl_kernelsize/runs/20260207_060134_krull_private_eye/atari_krull_vta_k5_seed0/latest.pt,/home/haselab/projects/stable-deep-world-model/logs/content_kl_kernelsize/runs/20260207_060134_krull_private_eye/atari_krull_vta_k5_seed0/train_eps/20260207T124626-7e1e93f537ba4eb6baa370b030d256f6-3511.npz,1456,1488,0.0,6.475513181225523e-11,0.7558631896972656,5.7449631690979,0.0,6.599850654602051,nan,nan,nan,nan
atari_krull,/home/haselab/projects/stable-deep-world-model/logs/content_kl_kernelsize/runs/20260207_060134_krull_private_eye/atari_krull_vta_k5_seed0,/home/haselab/projects/stable-deep-world-model/logs/content_kl_kernelsize/runs/20260207_060134_krull_private_eye/atari_krull_vta_k5_seed0/latest.pt,/home/haselab/projects/stable-deep-world-model/logs/content_kl_kernelsize/runs/20260207_060134_krull_private_eye/atari_krull_vta_k5_seed0/train_eps/20260207T124626-7e1e93f537ba4eb6baa370b030d256f6-3511.npz,1464,1496,0.0,3.1851523371942414e-13,0.7587301731109619,5.959248065948486,0.0,6.779553413391113,nan,nan,nan,nan
atari_krull,/home/haselab/projects/stable-deep-world-model/logs/content_kl_kernelsize/runs/20260207_060134_krull_private_eye/atari_krull_vta_k5_seed0,/home/haselab/projects/stable-deep-world-model/logs/content_kl_kernelsize/runs/20260207_060134_krull_private_eye/atari_krull_vta_k5_seed0/latest.pt,/home/haselab/projects/stable-deep-world-model/logs/content_kl_kernelsize/runs/20260207_060134_krull_private_eye/atari_krull_vta_k5_seed0/train_eps/20260207T124626-7e1e93f537ba4eb6baa370b030d256f6-3511.npz,1472,1504,0.0,5.7060145454077e-13,0.7668131589889526,6.138664722442627,0.0,6.768151760101318,nan,nan,nan,nan
atari_krull,/home/haselab/projects/stable-deep-world-model/logs/content_kl_kernelsize/runs/20260207_060134_krull_private_eye/atari_krull_vta_k5_seed0,/home/haselab/projects/stable-deep-world-model/logs/content_kl_kernelsize/runs/20260207_060134_krull_private_eye/atari_krull_vta_k5_seed0/latest.pt,/home/haselab/projects/stable-deep-world-model/logs/content_kl_kernelsize/runs/20260207_060134_krull_private_eye/atari_krull_vta_k5_seed0/train_eps/20260207T124626-7e1e93f537ba4eb6baa370b030d256f6-3511.npz,1480,1512,0.0,6.378056719921754e-13,0.771178662776947,6.2126665115356445,0.0,6.70886754989624,nan,nan,nan,nan
atari_krull,/home/haselab/projects/stable-deep-world-model/logs/content_kl_kernelsize/runs/20260207_060134_krull_private_eye/atari_krull_vta_k5_seed0,/home/haselab/projects/stable-deep-world-model/logs/content_kl_kernelsize/runs/20260207_060134_krull_private_eye/atari_krull_vta_k5_seed0/latest.pt,/home/haselab/projects/stable-deep-world-model/logs/content_kl_kernelsize/runs/20260207_060134_krull_private_eye/atari_krull_vta_k5_seed0/train_eps/20260207T124626-7e1e93f537ba4eb6baa370b030d256f6-3511.npz,1488,1520,0.0,6.564776933865035e-13,0.7540287971496582,6.251315116882324,0.0,6.883881568908691,nan,nan,nan,nan
atari_krull,/home/haselab/projects/stable-deep-world-model/logs/content_kl_kernelsize/runs/20260207_060134_krull_private_eye/atari_krull_vta_k5_seed0,/home/haselab/projects/stable-deep-world-model/logs/content_kl_kernelsize/runs/20260207_060134_krull_private_eye/atari_krull_vta_k5_seed0/latest.pt,/home/haselab/projects/stable-deep-world-model/logs/content_kl_kernelsize/runs/20260207_060134_krull_private_eye/atari_krull_vta_k5_seed0/train_eps/20260207T124626-7e1e93f537ba4eb6baa370b030d256f6-3511.npz,1496,1528,0.0,5.664059716040115e-13,0.8011547327041626,6.290217399597168,0.0,6.878202438354492,nan,nan,nan,nan
atari_krull,/home/haselab/projects/stable-deep-world-model/logs/content_kl_kernelsize/runs/20260207_060134_krull_private_eye/atari_krull_vta_k5_seed0,/home/haselab/projects/stable-deep-world-model/logs/content_kl_kernelsize/runs/20260207_060134_krull_private_eye/atari_krull_vta_k5_seed0/latest.pt,/home/haselab/projects/stable-deep-world-model/logs/content_kl_kernelsize/runs/20260207_060134_krull_private_eye/atari_krull_vta_k5_seed0/train_eps/20260207T124626-7e1e93f537ba4eb6baa370b030d256f6-3511.npz,1504,1536,0.0,5.523103675797447e-13,0.7632602453231812,5.782784461975098,0.0,6.468424320220947,nan,nan,nan,nan
atari_krull,/home/haselab/projects/stable-deep-world-model/logs/content_kl_kernelsize/runs/20260207_060134_krull_private_eye/atari_krull_vta_k5_seed0,/home/haselab/projects/stable-deep-world-model/logs/content_kl_kernelsize/runs/20260207_060134_krull_private_eye/atari_krull_vta_k5_seed0/latest.pt,/home/haselab/projects/stable-deep-world-model/logs/content_kl_kernelsize/runs/20260207_060134_krull_private_eye/atari_krull_vta_k5_seed0/train_eps/20260207T124626-7e1e93f537ba4eb6baa370b030d256f6-3511.npz,1512,1544,0.0,2.9535813898806662e-12,0.6993269920349121,4.938107967376709,0.0,5.835580348968506,nan,nan,nan,nan
atari_krull,/home/haselab/projects/stable-deep-world-model/logs/content_kl_kernelsize/runs/20260207_060134_krull_private_eye/atari_krull_vta_k5_seed0,/home/haselab/projects/stable-deep-world-model/logs/content_kl_kernelsize/runs/20260207_060134_krull_private_eye/atari_krull_vta_k5_seed0/latest.pt,/home/haselab/projects/stable-deep-world-model/logs/content_kl_kernelsize/runs/20260207_060134_krull_private_eye/atari_krull_vta_k5_seed0/train_eps/20260207T124626-7e1e93f537ba4eb6baa370b030d256f6-3511.npz,1520,1552,0.0,2.9490633025874846e-12,0.5774029493331909,3.5254054069519043,0.0,4.585470199584961,nan,nan,nan,nan
atari_krull,/home/haselab/projects/stable-deep-world-model/logs/content_kl_kernelsize/runs/20260207_060134_krull_private_eye/atari_krull_vta_k5_seed0,/home/haselab/projects/stable-deep-world-model/logs/content_kl_kernelsize/runs/20260207_060134_krull_private_eye/atari_krull_vta_k5_seed0/latest.pt,/home/haselab/projects/stable-deep-world-model/logs/content_kl_kernelsize/runs/20260207_060134_krull_private_eye/atari_krull_vta_k5_seed0/train_eps/20260207T124626-7e1e93f537ba4eb6baa370b030d256f6-3511.npz,1528,1560,0.0,2.8539505828040213e-12,0.34291383624076843,1.9922523498535156,0.0,3.4652624130249023,nan,nan,nan,nan
atari_krull,/home/haselab/projects/stable-deep-world-model/logs/content_kl_kernelsize/runs/20260207_060134_krull_private_eye/atari_krull_vta_k5_seed0,/home/haselab/projects/stable-deep-world-model/logs/content_kl_kernelsize/runs/20260207_060134_krull_private_eye/atari_krull_vta_k5_seed0/latest.pt,/home/haselab/projects/stable-deep-world-model/logs/content_kl_kernelsize/runs/20260207_060134_krull_private_eye/atari_krull_vta_k5_seed0/train_eps/20260207T124626-7e1e93f537ba4eb6baa370b030d256f6-3511.npz,1536,1568,0.0,2.5664886882381666e-12,0.24355775117874146,1.1188416481018066,0.0,2.9290990829467773,nan,nan,nan,nan
atari_krull,/home/haselab/projects/stable-deep-world-model/logs/content_kl_kernelsize/runs/20260207_060134_krull_private_eye/atari_krull_vta_k5_seed0,/home/haselab/projects/stable-deep-world-model/logs/content_kl_kernelsize/runs/20260207_060134_krull_private_eye/atari_krull_vta_k5_seed0/latest.pt,/home/haselab/projects/stable-deep-world-model/logs/content_kl_kernelsize/runs/20260207_060134_krull_private_eye/atari_krull_vta_k5_seed0/train_eps/20260207T124626-7e1e93f537ba4eb6baa370b030d256f6-3511.npz,1544,1576,0.0,3.2990598100579582e-12,0.21541395783424377,1.003229022026062,0.0,2.8338871002197266,nan,nan,nan,nan
atari_krull,/home/haselab/projects/stable-deep-world-model/logs/content_kl_kernelsize/runs/20260207_060134_krull_private_eye/atari_krull_vta_k5_seed0,/home/haselab/projects/stable-deep-world-model/logs/content_kl_kernelsize/runs/20260207_060134_krull_private_eye/atari_krull_vta_k5_seed0/latest.pt,/home/haselab/projects/stable-deep-world-model/logs/content_kl_kernelsize/runs/20260207_060134_krull_private_eye/atari_krull_vta_k5_seed0/train_eps/20260207T124626-7e1e93f537ba4eb6baa370b030d256f6-3511.npz,1552,1584,0.0,4.137309418672519e-12,0.30963334441185,1.8677418231964111,0.0,3.517361640930176,nan,nan,nan,nan
atari_krull,/home/haselab/projects/stable-deep-world-model/logs/content_kl_kernelsize/runs/20260207_060134_krull_private_eye/atari_krull_vta_k5_seed0,/home/haselab/projects/stable-deep-world-model/logs/content_kl_kernelsize/runs/20260207_060134_krull_private_eye/atari_krull_vta_k5_seed0/latest.pt,/home/haselab/projects/stable-deep-world-model/logs/content_kl_kernelsize/runs/20260207_060134_krull_private_eye/atari_krull_vta_k5_seed0/train_eps/20260207T124626-7e1e93f537ba4eb6baa370b030d256f6-3511.npz,1560,1592,0.0,4.206552640939609e-12,0.4976198673248291,3.150972366333008,0.0,4.418582916259766,nan,nan,nan,nan
atari_krull,/home/haselab/projects/stable-deep-world-model/logs/content_kl_kernelsize/runs/20260207_060134_krull_private_eye/atari_krull_vta_k5_seed0,/home/haselab/projects/stable-deep-world-model/logs/content_kl_kernelsize/runs/20260207_060134_krull_private_eye/atari_krull_vta_k5_seed0/latest.pt,/home/haselab/projects/stable-deep-world-model/logs/content_kl_kernelsize/runs/20260207_060134_krull_private_eye/atari_krull_vta_k5_seed0/train_eps/20260207T124626-7e1e93f537ba4eb6baa370b030d256f6-3511.npz,1568,1600,0.0,4.8832071199156335e-12,0.6286591291427612,4.636150360107422,0.0,5.523354530334473,nan,nan,nan,nan
atari_krull,/home/haselab/projects/stable-deep-world-model/logs/content_kl_kernelsize/runs/20260207_060134_krull_private_eye/atari_krull_vta_k5_seed0,/home/haselab/projects/stable-deep-world-model/logs/content_kl_kernelsize/runs/20260207_060134_krull_private_eye/atari_krull_vta_k5_seed0/latest.pt,/home/haselab/projects/stable-deep-world-model/logs/content_kl_kernelsize/runs/20260207_060134_krull_private_eye/atari_krull_vta_k5_seed0/train_eps/20260207T124626-7e1e93f537ba4eb6baa370b030d256f6-3511.npz,1576,1608,0.0,1.9948469959230053e-12,0.7373842597007751,5.708865642547607,0.0,6.3849639892578125,nan,nan,nan,nan
atari_krull,/home/haselab/projects/stable-deep-world-model/logs/content_kl_kernelsize/runs/20260207_060134_krull_private_eye/atari_krull_vta_k5_seed0,/home/haselab/projects/stable-deep-world-model/logs/content_kl_kernelsize/runs/20260207_060134_krull_private_eye/atari_krull_vta_k5_seed0/latest.pt,/home/haselab/projects/stable-deep-world-model/logs/content_kl_kernelsize/runs/20260207_060134_krull_private_eye/atari_krull_vta_k5_seed0/train_eps/20260207T124626-7e1e93f537ba4eb6baa370b030d256f6-3511.npz,1584,1616,0.0,1.6358300347976695e-12,0.772415041923523,6.483736038208008,0.0,6.981437683105469,nan,nan,nan,nan
atari_krull,/home/haselab/projects/stable-deep-world-model/logs/content_kl_kernelsize/runs/20260207_060134_krull_private_eye/atari_krull_vta_k5_seed0,/home/haselab/projects/stable-deep-world-model/logs/content_kl_kernelsize/runs/20260207_060134_krull_private_eye/atari_krull_vta_k5_seed0/latest.pt,/home/haselab/projects/stable-deep-world-model/logs/content_kl_kernelsize/runs/20260207_060134_krull_private_eye/atari_krull_vta_k5_seed0/train_eps/20260207T124626-7e1e93f537ba4eb6baa370b030d256f6-3511.npz,1592,1624,0.0,1.901272759022299e-12,0.7967512607574463,6.878698348999023,0.0,7.296232223510742,nan,nan,nan,nan
atari_krull,/home/haselab/projects/stable-deep-world-model/logs/content_kl_kernelsize/runs/20260207_060134_krull_private_eye/atari_krull_vta_k5_seed0,/home/haselab/projects/stable-deep-world-model/logs/content_kl_kernelsize/runs/20260207_060134_krull_private_eye/atari_krull_vta_k5_seed0/latest.pt,/home/haselab/projects/stable-deep-world-model/logs/content_kl_kernelsize/runs/20260207_060134_krull_private_eye/atari_krull_vta_k5_seed0/train_eps/20260207T124626-7e1e93f537ba4eb6baa370b030d256f6-3511.npz,1600,1632,0.0,1.5269253960184526e-12,0.7907454371452332,6.925278186798096,0.0,7.217168807983398,nan,nan,nan,nan
atari_krull,/home/haselab/projects/stable-deep-world-model/logs/content_kl_kernelsize/runs/20260207_060134_krull_private_eye/atari_krull_vta_k5_seed0,/home/haselab/projects/stable-deep-world-model/logs/content_kl_kernelsize/runs/20260207_060134_krull_private_eye/atari_krull_vta_k5_seed0/latest.pt,/home/haselab/projects/stable-deep-world-model/logs/content_kl_kernelsize/runs/20260207_060134_krull_private_eye/atari_krull_vta_k5_seed0/train_eps/20260207T124626-7e1e93f537ba4eb6baa370b030d256f6-3511.npz,1608,1640,0.0,1.621447984559432e-12,0.7768046855926514,6.990117073059082,0.0,7.354006767272949,nan,nan,nan,nan
atari_krull,/home/haselab/projects/stable-deep-world-model/logs/content_kl_kernelsize/runs/20260207_060134_krull_private_eye/atari_krull_vta_k5_seed0,/home/haselab/projects/stable-deep-world-model/logs/content_kl_kernelsize/runs/20260207_060134_krull_private_eye/atari_krull_vta_k5_seed0/latest.pt,/home/haselab/projects/stable-deep-world-model/logs/content_kl_kernelsize/runs/20260207_060134_krull_private_eye/atari_krull_vta_k5_seed0/train_eps/20260207T124626-7e1e93f537ba4eb6baa370b030d256f6-3511.npz,1616,1648,0.0,1.4692251321807293e-12,0.7978044748306274,6.885466575622559,0.0,7.412326812744141,nan,nan,nan,nan
atari_krull,/home/haselab/projects/stable-deep-world-model/logs/content_kl_kernelsize/runs/20260207_060134_krull_private_eye/atari_krull_vta_k5_seed0,/home/haselab/projects/stable-deep-world-model/logs/content_kl_kernelsize/runs/20260207_060134_krull_private_eye/atari_krull_vta_k5_seed0/latest.pt,/home/haselab/projects/stable-deep-world-model/logs/content_kl_kernelsize/runs/20260207_060134_krull_private_eye/atari_krull_vta_k5_seed0/train_eps/20260207T124626-7e1e93f537ba4eb6baa370b030d256f6-3511.npz,1624,1656,0.0,4.992088339927925e-12,0.7645689249038696,6.690645217895508,0.0,7.412646293640137,nan,nan,nan,nan
atari_krull,/home/haselab/projects/stable-deep-world-model/logs/content_kl_kernelsize/runs/20260207_060134_krull_private_eye/atari_krull_vta_k5_seed0,/home/haselab/projects/stable-deep-world-model/logs/content_kl_kernelsize/runs/20260207_060134_krull_private_eye/atari_krull_vta_k5_seed0/latest.pt,/home/haselab/projects/stable-deep-world-model/logs/content_kl_kernelsize/runs/20260207_060134_krull_private_eye/atari_krull_vta_k5_seed0/train_eps/20260207T124626-7e1e93f537ba4eb6baa370b030d256f6-3511.npz,1632,1664,0.0,5.062672503441945e-12,0.7069408893585205,6.1164140701293945,0.0,6.987518310546875,nan,nan,nan,nan
atari_krull,/home/haselab/projects/stable-deep-world-model/logs/content_kl_kernelsize/runs/20260207_060134_krull_private_eye/atari_krull_vta_k5_seed0,/home/haselab/projects/stable-deep-world-model/logs/content_kl_kernelsize/runs/20260207_060134_krull_private_eye/atari_krull_vta_k5_seed0/latest.pt,/home/haselab/projects/stable-deep-world-model/logs/content_kl_kernelsize/runs/20260207_060134_krull_private_eye/atari_krull_vta_k5_seed0/train_eps/20260207T124626-7e1e93f537ba4eb6baa370b030d256f6-3511.npz,1640,1672,0.0,4.7759556726090224e-12,0.5680526494979858,4.989379405975342,0.0,6.081716060638428,nan,nan,nan,nan
atari_krull,/home/haselab/projects/stable-deep-world-model/logs/content_kl_kernelsize/runs/20260207_060134_krull_private_eye/atari_krull_vta_k5_seed0,/home/haselab/projects/stable-deep-world-model/logs/content_kl_kernelsize/runs/20260207_060134_krull_private_eye/atari_krull_vta_k5_seed0/latest.pt,/home/haselab/projects/stable-deep-world-model/logs/content_kl_kernelsize/runs/20260207_060134_krull_private_eye/atari_krull_vta_k5_seed0/train_eps/20260207T124626-7e1e93f537ba4eb6baa370b030d256f6-3511.npz,1648,1680,0.03125,0.03125,0.7726624608039856,4.064755439758301,0.21295727789402008,5.238654136657715,5.808572292327881,9.04684066772461,6.814632892608643,9.930278778076172
atari_krull,/home/haselab/projects/stable-deep-world-model/logs/content_kl_kernelsize/runs/20260207_060134_krull_private_eye/atari_krull_vta_k5_seed0,/home/haselab/projects/stable-deep-world-model/logs/content_kl_kernelsize/runs/20260207_060134_krull_private_eye/atari_krull_vta_k5_seed0/latest.pt,/home/haselab/projects/stable-deep-world-model/logs/content_kl_kernelsize/runs/20260207_060134_krull_private_eye/atari_krull_vta_k5_seed0/train_eps/20260207T124626-7e1e93f537ba4eb6baa370b030d256f6-3511.npz,1656,1688,0.03125,0.03125,1.0984470844268799,3.071821928024292,0.21295727789402008,4.097350120544434,5.808572292327881,9.04684066772461,6.814632892608643,9.930278778076172
atari_krull,/home/haselab/projects/stable-deep-world-model/logs/content_kl_kernelsize/runs/20260207_060134_krull_private_eye/atari_krull_vta_k5_seed0,/home/haselab/projects/stable-deep-world-model/logs/content_kl_kernelsize/runs/20260207_060134_krull_private_eye/atari_krull_vta_k5_seed0/latest.pt,/home/haselab/projects/stable-deep-world-model/logs/content_kl_kernelsize/runs/20260207_060134_krull_private_eye/atari_krull_vta_k5_seed0/train_eps/20260207T124626-7e1e93f537ba4eb6baa370b030d256f6-3511.npz,1664,1696,0.03125,0.03125,1.4774219989776611,2.5364222526550293,0.21295727789402008,3.6268491744995117,5.808572292327881,9.04684066772461,6.814632892608643,9.930278778076172
atari_krull,/home/haselab/projects/stable-deep-world-model/logs/content_kl_kernelsize/runs/20260207_060134_krull_private_eye/atari_krull_vta_k5_seed0,/home/haselab/projects/stable-deep-world-model/logs/content_kl_kernelsize/runs/20260207_060134_krull_private_eye/atari_krull_vta_k5_seed0/latest.pt,/home/haselab/projects/stable-deep-world-model/logs/content_kl_kernelsize/runs/20260207_060134_krull_private_eye/atari_krull_vta_k5_seed0/train_eps/20260207T124626-7e1e93f537ba4eb6baa370b030d256f6-3511.npz,1672,1704,0.03125,0.03125,1.9248971939086914,2.5240418910980225,0.21295727789402008,3.476203441619873,5.808572292327881,9.04684066772461,6.814632892608643,9.930278778076172
atari_krull,/home/haselab/projects/stable-deep-world-model/logs/content_kl_kernelsize/runs/20260207_060134_krull_private_eye/atari_krull_vta_k5_seed0,/home/haselab/projects/stable-deep-world-model/logs/content_kl_kernelsize/runs/20260207_060134_krull_private_eye/atari_krull_vta_k5_seed0/latest.pt,/home/haselab/projects/stable-deep-world-model/logs/content_kl_kernelsize/runs/20260207_060134_krull_private_eye/atari_krull_vta_k5_seed0/train_eps/20260207T124626-7e1e93f537ba4eb6baa370b030d256f6-3511.npz,1680,1712,0.0,1.0666557637151186e-09,2.0104598999023438,2.272113800048828,0.0,2.9897007942199707,nan,nan,nan,nan
atari_krull,/home/haselab/projects/stable-deep-world-model/logs/content_kl_kernelsize/runs/20260207_060134_krull_private_eye/atari_krull_vta_k5_seed0,/home/haselab/projects/stable-deep-world-model/logs/content_kl_kernelsize/runs/20260207_060134_krull_private_eye/atari_krull_vta_k5_seed0/latest.pt,/home/haselab/projects/stable-deep-world-model/logs/content_kl_kernelsize/runs/20260207_060134_krull_private_eye/atari_krull_vta_k5_seed0/train_eps/20260207T124626-7e1e93f537ba4eb6baa370b030d256f6-3511.npz,1688,1720,0.0,1.8216425035078032e-09,2.0184030532836914,2.1910953521728516,0.0,2.928704261779785,nan,nan,nan,nan
atari_krull,/home/haselab/projects/stable-deep-world-model/logs/content_kl_kernelsize/runs/20260207_060134_krull_private_eye/atari_krull_vta_k5_seed0,/home/haselab/projects/stable-deep-world-model/logs/content_kl_kernelsize/runs/20260207_060134_krull_private_eye/atari_krull_vta_k5_seed0/latest.pt,/home/haselab/projects/stable-deep-world-model/logs/content_kl_kernelsize/runs/20260207_060134_krull_private_eye/atari_krull_vta_k5_seed0/train_eps/20260207T124626-7e1e93f537ba4eb6baa370b030d256f6-3511.npz,1696,1728,0.03125,0.031250033527612686,1.823020339012146,2.3211188316345215,0.19802866876125336,3.094175100326538,5.756507396697998,9.689007759094238,6.336917400360107,10.023848533630371
atari_krull,/home/haselab/projects/stable-deep-world-model/logs/content_kl_kernelsize/runs/20260207_060134_krull_private_eye/atari_krull_vta_k5_seed0,/home/haselab/projects/stable-deep-world-model/logs/content_kl_kernelsize/runs/20260207_060134_krull_private_eye/atari_krull_vta_k5_seed0/latest.pt,/home/haselab/projects/stable-deep-world-model/logs/content_kl_kernelsize/runs/20260207_060134_krull_private_eye/atari_krull_vta_k5_seed0/train_eps/20260207T124626-7e1e93f537ba4eb6baa370b030d256f6-3511.npz,1704,1736,0.03125,0.031250033527612686,1.4341099262237549,2.6091372966766357,0.19802866876125336,3.6050777435302734,5.756507396697998,9.689007759094238,6.336917400360107,10.023848533630371
atari_krull,/home/haselab/projects/stable-deep-world-model/logs/content_kl_kernelsize/runs/20260207_060134_krull_private_eye/atari_krull_vta_k5_seed0,/home/haselab/projects/stable-deep-world-model/logs/content_kl_kernelsize/runs/20260207_060134_krull_private_eye/atari_krull_vta_k5_seed0/latest.pt,/home/haselab/projects/stable-deep-world-model/logs/content_kl_kernelsize/runs/20260207_060134_krull_private_eye/atari_krull_vta_k5_seed0/train_eps/20260207T124626-7e1e93f537ba4eb6baa370b030d256f6-3511.npz,1712,1744,0.03125,0.031250033527612686,1.1274570226669312,3.315469741821289,0.19802866876125336,4.42311954498291,5.756507396697998,9.689007759094238,6.336917400360107,10.023848533630371
atari_krull,/home/haselab/projects/stable-deep-world-model/logs/content_kl_kernelsize/runs/20260207_060134_krull_private_eye/atari_krull_vta_k5_seed0,/home/haselab/projects/stable-deep-world-model/logs/content_kl_kernelsize/runs/20260207_060134_krull_private_eye/atari_krull_vta_k5_seed0/latest.pt,/home/haselab/projects/stable-deep-world-model/logs/content_kl_kernelsize/runs/20260207_060134_krull_private_eye/atari_krull_vta_k5_seed0/train_eps/20260207T124626-7e1e93f537ba4eb6baa370b030d256f6-3511.npz,1720,1752,0.03125,0.031250033527612686,0.8111735582351685,4.401983261108398,0.19802866876125336,5.468902587890625,5.756507396697998,9.689007759094238,6.336917400360107,10.023848533630371
atari_krull,/home/haselab/projects/stable-deep-world-model/logs/content_kl_kernelsize/runs/20260207_060134_krull_private_eye/atari_krull_vta_k5_seed0,/home/haselab/projects/stable-deep-world-model/logs/content_kl_kernelsize/runs/20260207_060134_krull_private_eye/atari_krull_vta_k5_seed0/latest.pt,/home/haselab/projects/stable-deep-world-model/logs/content_kl_kernelsize/runs/20260207_060134_krull_private_eye/atari_krull_vta_k5_seed0/train_eps/20260207T124626-7e1e93f537ba4eb6baa370b030d256f6-3511.npz,1728,1760,0.0,1.2566897934600252e-13,0.7018632888793945,5.436354160308838,0.0,6.3354644775390625,nan,nan,nan,nan
atari_krull,/home/haselab/projects/stable-deep-world-model/logs/content_kl_kernelsize/runs/20260207_060134_krull_private_eye/atari_krull_vta_k5_seed0,/home/haselab/projects/stable-deep-world-model/logs/content_kl_kernelsize/runs/20260207_060134_krull_private_eye/atari_krull_vta_k5_seed0/latest.pt,/home/haselab/projects/stable-deep-world-model/logs/content_kl_kernelsize/runs/20260207_060134_krull_private_eye/atari_krull_vta_k5_seed0/train_eps/20260207T124626-7e1e93f537ba4eb6baa370b030d256f6-3511.npz,1736,1768,0.0,2.325425821955024e-13,0.806675374507904,6.148062705993652,0.0,6.726014137268066,nan,nan,nan,nan
atari_krull,/home/haselab/projects/stable-deep-world-model/logs/content_kl_kernelsize/runs/20260207_060134_krull_private_eye/atari_krull_vta_k5_seed0,/home/haselab/projects/stable-deep-world-model/logs/content_kl_kernelsize/runs/20260207_060134_krull_private_eye/atari_krull_vta_k5_seed0/latest.pt,/home/haselab/projects/stable-deep-world-model/logs/content_kl_kernelsize/runs/20260207_060134_krull_private_eye/atari_krull_vta_k5_seed0/train_eps/20260207T124626-7e1e93f537ba4eb6baa370b030d256f6-3511.npz,1744,1776,0.0,3.189818472294076e-13,0.8288698196411133,6.5389204025268555,0.0,7.043791770935059,nan,nan,nan,nan
atari_krull,/home/haselab/projects/stable-deep-world-model/logs/content_kl_kernelsize/runs/20260207_060134_krull_private_eye/atari_krull_vta_k5_seed0,/home/haselab/projects/stable-deep-world-model/logs/content_kl_kernelsize/runs/20260207_060134_krull_private_eye/atari_krull_vta_k5_seed0/latest.pt,/home/haselab/projects/stable-deep-world-model/logs/content_kl_kernelsize/runs/20260207_060134_krull_private_eye/atari_krull_vta_k5_seed0/train_eps/20260207T124626-7e1e93f537ba4eb6baa370b030d256f6-3511.npz,1752,1784,0.0,3.5311895551712325e-13,0.8400411605834961,6.613136291503906,0.0,7.127070426940918,nan,nan,nan,nan
atari_krull,/home/haselab/projects/stable-deep-world-model/logs/content_kl_kernelsize/runs/20260207_060134_krull_private_eye/atari_krull_vta_k5_seed0,/home/haselab/projects/stable-deep-world-model/logs/content_kl_kernelsize/runs/20260207_060134_krull_private_eye/atari_krull_vta_k5_seed0/latest.pt,/home/haselab/projects/stable-deep-world-model/logs/content_kl_kernelsize/runs/20260207_060134_krull_private_eye/atari_krull_vta_k5_seed0/train_eps/20260207T124626-7e1e93f537ba4eb6baa370b030d256f6-3511.npz,1760,1792,0.0,3.2687836270216264e-13,0.8635181188583374,6.516639709472656,0.0,7.132834434509277,nan,nan,nan,nan
atari_krull,/home/haselab/projects/stable-deep-world-model/logs/content_kl_kernelsize/runs/20260207_060134_krull_private_eye/atari_krull_vta_k5_seed0,/home/haselab/projects/stable-deep-world-model/logs/content_kl_kernelsize/runs/20260207_060134_krull_private_eye/atari_krull_vta_k5_seed0/latest.pt,/home/haselab/projects/stable-deep-world-model/logs/content_kl_kernelsize/runs/20260207_060134_krull_private_eye/atari_krull_vta_k5_seed0/train_eps/20260207T124626-7e1e93f537ba4eb6baa370b030d256f6-3511.npz,1768,1800,0.0,2.672412258934026e-13,0.8434222340583801,6.554324626922607,0.0,7.185579776763916,nan,nan,nan,nan
atari_krull,/home/haselab/projects/stable-deep-world-model/logs/content_kl_kernelsize/runs/20260207_060134_krull_private_eye/atari_krull_vta_k5_seed0,/home/haselab/projects/stable-deep-world-model/logs/content_kl_kernelsize/runs/20260207_060134_krull_private_eye/atari_krull_vta_k5_seed0/latest.pt,/home/haselab/projects/stable-deep-world-model/logs/content_kl_kernelsize/runs/20260207_060134_krull_private_eye/atari_krull_vta_k5_seed0/train_eps/20260207T124626-7e1e93f537ba4eb6baa370b030d256f6-3511.npz,1776,1808,0.0,2.343150359070817e-13,0.8322970867156982,6.533138275146484,0.0,6.900941848754883,nan,nan,nan,nan
atari_krull,/home/haselab/projects/stable-deep-world-model/logs/content_kl_kernelsize/runs/20260207_060134_krull_private_eye/atari_krull_vta_k5_seed0,/home/haselab/projects/stable-deep-world-model/logs/content_kl_kernelsize/runs/20260207_060134_krull_private_eye/atari_krull_vta_k5_seed0/latest.pt,/home/haselab/projects/stable-deep-world-model/logs/content_kl_kernelsize/runs/20260207_060134_krull_private_eye/atari_krull_vta_k5_seed0/train_eps/20260207T124626-7e1e93f537ba4eb6baa370b030d256f6-3511.npz,1784,1816,0.0,3.0711240842085097e-13,0.8024193048477173,6.191461563110352,0.0,6.607766628265381,nan,nan,nan,nan
atari_krull,/home/haselab/projects/stable-deep-world-model/logs/content_kl_kernelsize/runs/20260207_060134_krull_private_eye/atari_krull_vta_k5_seed0,/home/haselab/projects/stable-deep-world-model/logs/content_kl_kernelsize/runs/20260207_060134_krull_private_eye/atari_krull_vta_k5_seed0/latest.pt,/home/haselab/projects/stable-deep-world-model/logs/content_kl_kernelsize/runs/20260207_060134_krull_private_eye/atari_krull_vta_k5_seed0/train_eps/20260207T124626-7e1e93f537ba4eb6baa370b030d256f6-3511.npz,1792,1824,0.0,6.224457256044647e-13,0.7274378538131714,5.44901180267334,0.0,5.8978962898254395,nan,nan,nan,nan
atari_krull,/home/haselab/projects/stable-deep-world-model/logs/content_kl_kernelsize/runs/20260207_060134_krull_private_eye/atari_krull_vta_k5_seed0,/home/haselab/projects/stable-deep-world-model/logs/content_kl_kernelsize/runs/20260207_060134_krull_private_eye/atari_krull_vta_k5_seed0/latest.pt,/home/haselab/projects/stable-deep-world-model/logs/content_kl_kernelsize/runs/20260207_060134_krull_private_eye/atari_krull_vta_k5_seed0/train_eps/20260207T124626-7e1e93f537ba4eb6baa370b030d256f6-3511.npz,1800,1832,0.0,1.4963811439949737e-12,0.6448328495025635,4.348183631896973,0.0,4.928929328918457,nan,nan,nan,nan
atari_krull,/home/haselab/projects/stable-deep-world-model/logs/content_kl_kernelsize/runs/20260207_060134_krull_private_eye/atari_krull_vta_k5_seed0,/home/haselab/projects/stable-deep-world-model/logs/content_kl_kernelsize/runs/20260207_060134_krull_private_eye/atari_krull_vta_k5_seed0/latest.pt,/home/haselab/projects/stable-deep-world-model/logs/content_kl_kernelsize/runs/20260207_060134_krull_private_eye/atari_krull_vta_k5_seed0/train_eps/20260207T124626-7e1e93f537ba4eb6baa370b030d256f6-3511.npz,1808,1840,0.0,1.4496700281169117e-12,0.45302054286003113,2.814662218093872,0.0,3.983473300933838,nan,nan,nan,nan
atari_krull,/home/haselab/projects/stable-deep-world-model/logs/content_kl_kernelsize/runs/20260207_060134_krull_private_eye/atari_krull_vta_k5_seed0,/home/haselab/projects/stable-deep-world-model/logs/content_kl_kernelsize/runs/20260207_060134_krull_private_eye/atari_krull_vta_k5_seed0/latest.pt,/home/haselab/projects/stable-deep-world-model/logs/content_kl_kernelsize/runs/20260207_060134_krull_private_eye/atari_krull_vta_k5_seed0/train_eps/20260207T124626-7e1e93f537ba4eb6baa370b030d256f6-3511.npz,1816,1848,0.0,1.3150051794003081e-12,0.2751955986022949,1.5814645290374756,0.0,3.104745864868164,nan,nan,nan,nan
atari_krull,/home/haselab/projects/stable-deep-world-model/logs/content_kl_kernelsize/runs/20260207_060134_krull_private_eye/atari_krull_vta_k5_seed0,/home/haselab/projects/stable-deep-world-model/logs/content_kl_kernelsize/runs/20260207_060134_krull_private_eye/atari_krull_vta_k5_seed0/latest.pt,/home/haselab/projects/stable-deep-world-model/logs/content_kl_kernelsize/runs/20260207_060134_krull_private_eye/atari_krull_vta_k5_seed0/train_eps/20260207T124626-7e1e93f537ba4eb6baa370b030d256f6-3511.npz,1824,1856,0.0,1.7000183812759806e-12,0.2477671205997467,1.043135404586792,0.0,2.764655590057373,nan,nan,nan,nan
atari_krull,/home/haselab/projects/stable-deep-world-model/logs/content_kl_kernelsize/runs/20260207_060134_krull_private_eye/atari_krull_vta_k5_seed0,/home/haselab/projects/stable-deep-world-model/logs/content_kl_kernelsize/runs/20260207_060134_krull_private_eye/atari_krull_vta_k5_seed0/latest.pt,/home/haselab/projects/stable-deep-world-model/logs/content_kl_kernelsize/runs/20260207_060134_krull_private_eye/atari_krull_vta_k5_seed0/train_eps/20260207T124626-7e1e93f537ba4eb6baa370b030d256f6-3511.npz,1832,1864,0.0,1.064526721980541e-12,0.2518309950828552,1.286468744277954,0.0,2.9435043334960938,nan,nan,nan,nan
atari_krull,/home/haselab/projects/stable-deep-world-model/logs/content_kl_kernelsize/runs/20260207_060134_krull_private_eye/atari_krull_vta_k5_seed0,/home/haselab/projects/stable-deep-world-model/logs/content_kl_kernelsize/runs/20260207_060134_krull_private_eye/atari_krull_vta_k5_seed0/latest.pt,/home/haselab/projects/stable-deep-world-model/logs/content_kl_kernelsize/runs/20260207_060134_krull_private_eye/atari_krull_vta_k5_seed0/train_eps/20260207T124626-7e1e93f537ba4eb6baa370b030d256f6-3511.npz,1840,1872,0.0,1.0964253593578888e-12,0.4127964377403259,2.4990389347076416,0.0,3.8729054927825928,nan,nan,nan,nan
atari_krull,/home/haselab/projects/stable-deep-world-model/logs/content_kl_kernelsize/runs/20260207_060134_krull_private_eye/atari_krull_vta_k5_seed0,/home/haselab/projects/stable-deep-world-model/logs/content_kl_kernelsize/runs/20260207_060134_krull_private_eye/atari_krull_vta_k5_seed0/latest.pt,/home/haselab/projects/stable-deep-world-model/logs/content_kl_kernelsize/runs/20260207_060134_krull_private_eye/atari_krull_vta_k5_seed0/train_eps/20260207T124626-7e1e93f537ba4eb6baa370b030d256f6-3511.npz,1848,1880,0.0,1.1198815312585264e-12,0.5982418060302734,3.944828748703003,0.0,5.020243167877197,nan,nan,nan,nan
atari_krull,/home/haselab/projects/stable-deep-world-model/logs/content_kl_kernelsize/runs/20260207_060134_krull_private_eye/atari_krull_vta_k5_seed0,/home/haselab/projects/stable-deep-world-model/logs/content_kl_kernelsize/runs/20260207_060134_krull_private_eye/atari_krull_vta_k5_seed0/latest.pt,/home/haselab/projects/stable-deep-world-model/logs/content_kl_kernelsize/runs/20260207_060134_krull_private_eye/atari_krull_vta_k5_seed0/train_eps/20260207T124626-7e1e93f537ba4eb6baa370b030d256f6-3511.npz,1856,1888,0.0,8.077589703885113e-13,0.6735340356826782,5.216031551361084,0.0,6.104075908660889,nan,nan,nan,nan
atari_krull,/home/haselab/projects/stable-deep-world-model/logs/content_kl_kernelsize/runs/20260207_060134_krull_private_eye/atari_krull_vta_k5_seed0,/home/haselab/projects/stable-deep-world-model/logs/content_kl_kernelsize/runs/20260207_060134_krull_private_eye/atari_krull_vta_k5_seed0/latest.pt,/home/haselab/projects/stable-deep-world-model/logs/content_kl_kernelsize/runs/20260207_060134_krull_private_eye/atari_krull_vta_k5_seed0/train_eps/20260207T124626-7e1e93f537ba4eb6baa370b030d256f6-3511.npz,1864,1896,0.0,1.076681278855407e-12,0.7319773435592651,6.057158946990967,0.0,6.827935218811035,nan,nan,nan,nan
atari_krull,/home/haselab/projects/stable-deep-world-model/logs/content_kl_kernelsize/runs/20260207_060134_krull_private_eye/atari_krull_vta_k5_seed0,/home/haselab/projects/stable-deep-world-model/logs/content_kl_kernelsize/runs/20260207_060134_krull_private_eye/atari_krull_vta_k5_seed0/latest.pt,/home/haselab/projects/stable-deep-world-model/logs/content_kl_kernelsize/runs/20260207_060134_krull_private_eye/atari_krull_vta_k5_seed0/train_eps/20260207T124626-7e1e93f537ba4eb6baa370b030d256f6-3511.npz,1872,1904,0.0,1.2764801151851635e-12,0.7539443969726562,6.39089822769165,0.0,7.0709075927734375,nan,nan,nan,nan
atari_krull,/home/haselab/projects/stable-deep-world-model/logs/content_kl_kernelsize/runs/20260207_060134_krull_private_eye/atari_krull_vta_k5_seed0,/home/haselab/projects/stable-deep-world-model/logs/content_kl_kernelsize/runs/20260207_060134_krull_private_eye/atari_krull_vta_k5_seed0/latest.pt,/home/haselab/projects/stable-deep-world-model/logs/content_kl_kernelsize/runs/20260207_060134_krull_private_eye/atari_krull_vta_k5_seed0/train_eps/20260207T124626-7e1e93f537ba4eb6baa370b030d256f6-3511.npz,1880,1912,0.0,1.7334583204617338e-12,0.7621463537216187,6.520750999450684,0.0,7.114687919616699,nan,nan,nan,nan
atari_krull,/home/haselab/projects/stable-deep-world-model/logs/content_kl_kernelsize/runs/20260207_060134_krull_private_eye/atari_krull_vta_k5_seed0,/home/haselab/projects/stable-deep-world-model/logs/content_kl_kernelsize/runs/20260207_060134_krull_private_eye/atari_krull_vta_k5_seed0/latest.pt,/home/haselab/projects/stable-deep-world-model/logs/content_kl_kernelsize/runs/20260207_060134_krull_private_eye/atari_krull_vta_k5_seed0/train_eps/20260207T124626-7e1e93f537ba4eb6baa370b030d256f6-3511.npz,1888,1920,0.0,1.7631509316787253e-12,0.7551512718200684,6.509271621704102,0.0,6.960139274597168,nan,nan,nan,nan
atari_krull,/home/haselab/projects/stable-deep-world-model/logs/content_kl_kernelsize/runs/20260207_060134_krull_private_eye/atari_krull_vta_k5_seed0,/home/haselab/projects/stable-deep-world-model/logs/content_kl_kernelsize/runs/20260207_060134_krull_private_eye/atari_krull_vta_k5_seed0/latest.pt,/home/haselab/projects/stable-deep-world-model/logs/content_kl_kernelsize/runs/20260207_060134_krull_private_eye/atari_krull_vta_k5_seed0/train_eps/20260207T124626-7e1e93f537ba4eb6baa370b030d256f6-3511.npz,1896,1928,0.0,1.634350640933313e-12,0.7665046453475952,6.5241594314575195,0.0,7.050957202911377,nan,nan,nan,nan
atari_krull,/home/haselab/projects/stable-deep-world-model/logs/content_kl_kernelsize/runs/20260207_060134_krull_private_eye/atari_krull_vta_k5_seed0,/home/haselab/projects/stable-deep-world-model/logs/content_kl_kernelsize/runs/20260207_060134_krull_private_eye/atari_krull_vta_k5_seed0/latest.pt,/home/haselab/projects/stable-deep-world-model/logs/content_kl_kernelsize/runs/20260207_060134_krull_private_eye/atari_krull_vta_k5_seed0/train_eps/20260207T124626-7e1e93f537ba4eb6baa370b030d256f6-3511.npz,1904,1936,0.0,1.5597517851947962e-12,0.7427648305892944,6.476500511169434,0.0,6.9997358322143555,nan,nan,nan,nan
atari_krull,/home/haselab/projects/stable-deep-world-model/logs/content_kl_kernelsize/runs/20260207_060134_krull_private_eye/atari_krull_vta_k5_seed0,/home/haselab/projects/stable-deep-world-model/logs/content_kl_kernelsize/runs/20260207_060134_krull_private_eye/atari_krull_vta_k5_seed0/latest.pt,/home/haselab/projects/stable-deep-world-model/logs/content_kl_kernelsize/runs/20260207_060134_krull_private_eye/atari_krull_vta_k5_seed0/train_eps/20260207T124626-7e1e93f537ba4eb6baa370b030d256f6-3511.npz,1912,1944,0.0,2.1605599254126417e-12,0.7066637277603149,6.145434379577637,0.0,6.614354133605957,nan,nan,nan,nan
atari_krull,/home/haselab/projects/stable-deep-world-model/logs/content_kl_kernelsize/runs/20260207_060134_krull_private_eye/atari_krull_vta_k5_seed0,/home/haselab/projects/stable-deep-world-model/logs/content_kl_kernelsize/runs/20260207_060134_krull_private_eye/atari_krull_vta_k5_seed0/latest.pt,/home/haselab/projects/stable-deep-world-model/logs/content_kl_kernelsize/runs/20260207_060134_krull_private_eye/atari_krull_vta_k5_seed0/train_eps/20260207T124626-7e1e93f537ba4eb6baa370b030d256f6-3511.npz,1920,1952,0.0,1.8948436569798943e-12,0.6358866691589355,5.468155384063721,0.0,6.037151336669922,nan,nan,nan,nan
atari_krull,/home/haselab/projects/stable-deep-world-model/logs/content_kl_kernelsize/runs/20260207_060134_krull_private_eye/atari_krull_vta_k5_seed0,/home/haselab/projects/stable-deep-world-model/logs/content_kl_kernelsize/runs/20260207_060134_krull_private_eye/atari_krull_vta_k5_seed0/latest.pt,/home/haselab/projects/stable-deep-world-model/logs/content_kl_kernelsize/runs/20260207_060134_krull_private_eye/atari_krull_vta_k5_seed0/train_eps/20260207T124626-7e1e93f537ba4eb6baa370b030d256f6-3511.npz,1928,1960,0.0,6.346197872764137e-12,0.5051820278167725,4.279284477233887,0.0,5.128733158111572,nan,nan,nan,nan
atari_krull,/home/haselab/projects/stable-deep-world-model/logs/content_kl_kernelsize/runs/20260207_060134_krull_private_eye/atari_krull_vta_k5_seed0,/home/haselab/projects/stable-deep-world-model/logs/content_kl_kernelsize/runs/20260207_060134_krull_private_eye/atari_krull_vta_k5_seed0/latest.pt,/home/haselab/projects/stable-deep-world-model/logs/content_kl_kernelsize/runs/20260207_060134_krull_private_eye/atari_krull_vta_k5_seed0/train_eps/20260207T124626-7e1e93f537ba4eb6baa370b030d256f6-3511.npz,1936,1968,0.03125,0.03125,1.0152891874313354,3.589541435241699,0.19222953915596008,4.499685287475586,5.9335527420043945,9.556910514831543,6.151345252990723,10.279529571533203
atari_krull,/home/haselab/projects/stable-deep-world-model/logs/content_kl_kernelsize/runs/20260207_060134_krull_private_eye/atari_krull_vta_k5_seed0,/home/haselab/projects/stable-deep-world-model/logs/content_kl_kernelsize/runs/20260207_060134_krull_private_eye/atari_krull_vta_k5_seed0/latest.pt,/home/haselab/projects/stable-deep-world-model/logs/content_kl_kernelsize/runs/20260207_060134_krull_private_eye/atari_krull_vta_k5_seed0/train_eps/20260207T124626-7e1e93f537ba4eb6baa370b030d256f6-3511.npz,1944,1976,0.03125,0.03125,1.3731036186218262,2.814547538757324,0.19222953915596008,3.8554539680480957,5.9335527420043945,9.556910514831543,6.151345252990723,10.279529571533203
atari_krull,/home/haselab/projects/stable-deep-world-model/logs/content_kl_kernelsize/runs/20260207_060134_krull_private_eye/atari_krull_vta_k5_seed0,/home/haselab/projects/stable-deep-world-model/logs/content_kl_kernelsize/runs/20260207_060134_krull_private_eye/atari_krull_vta_k5_seed0/latest.pt,/home/haselab/projects/stable-deep-world-model/logs/content_kl_kernelsize/runs/20260207_060134_krull_private_eye/atari_krull_vta_k5_seed0/train_eps/20260207T124626-7e1e93f537ba4eb6baa370b030d256f6-3511.npz,1952,1984,0.03125,0.03125053644180298,1.757073998451233,2.5312135219573975,0.19222953915596008,3.545928955078125,5.9335527420043945,9.556910514831543,6.151345252990723,10.279529571533203
atari_krull,/home/haselab/projects/stable-deep-world-model/logs/content_kl_kernelsize/runs/20260207_060134_krull_private_eye/atari_krull_vta_k5_seed0,/home/haselab/projects/stable-deep-world-model/logs/content_kl_kernelsize/runs/20260207_060134_krull_private_eye/atari_krull_vta_k5_seed0/latest.pt,/home/haselab/projects/stable-deep-world-model/logs/content_kl_kernelsize/runs/20260207_060134_krull_private_eye/atari_krull_vta_k5_seed0/train_eps/20260207T124626-7e1e93f537ba4eb6baa370b030d256f6-3511.npz,1960,1992,0.03125,0.03125055134296417,2.1876509189605713,2.5989437103271484,0.19222953915596008,3.361940860748291,5.9335527420043945,9.556910514831543,6.151345252990723,10.279529571533203
atari_krull,/home/haselab/projects/stable-deep-world-model/logs/content_kl_kernelsize/runs/20260207_060134_krull_private_eye/atari_krull_vta_k5_seed0,/home/haselab/projects/stable-deep-world-model/logs/content_kl_kernelsize/runs/20260207_060134_krull_private_eye/atari_krull_vta_k5_seed0/latest.pt,/home/haselab/projects/stable-deep-world-model/logs/content_kl_kernelsize/runs/20260207_060134_krull_private_eye/atari_krull_vta_k5_seed0/train_eps/20260207T124626-7e1e93f537ba4eb6baa370b030d256f6-3511.npz,1968,2000,0.0,5.516569672181504e-07,1.9724886417388916,2.205679178237915,0.0,3.0567233562469482,nan,nan,nan,nan
atari_krull,/home/haselab/projects/stable-deep-world-model/logs/content_kl_kernelsize/runs/20260207_060134_krull_private_eye/atari_krull_vta_k5_seed0,/home/haselab/projects/stable-deep-world-model/logs/content_kl_kernelsize/runs/20260207_060134_krull_private_eye/atari_krull_vta_k5_seed0/latest.pt,/home/haselab/projects/stable-deep-world-model/logs/content_kl_kernelsize/runs/20260207_060134_krull_private_eye/atari_krull_vta_k5_seed0/train_eps/20260207T124626-7e1e93f537ba4eb6baa370b030d256f6-3511.npz,1976,2008,0.0,5.497337269844138e-07,1.9072730541229248,2.2683897018432617,0.0,3.0042335987091064,nan,nan,nan,nan
atari_krull,/home/haselab/projects/stable-deep-world-model/logs/content_kl_kernelsize/runs/20260207_060134_krull_private_eye/atari_krull_vta_k5_seed0,/home/haselab/projects/stable-deep-world-model/logs/content_kl_kernelsize/runs/20260207_060134_krull_private_eye/atari_krull_vta_k5_seed0/latest.pt,/home/haselab/projects/stable-deep-world-model/logs/content_kl_kernelsize/runs/20260207_060134_krull_private_eye/atari_krull_vta_k5_seed0/train_eps/20260207T124626-7e1e93f537ba4eb6baa370b030d256f6-3511.npz,1984,2016,0.0,1.6194247720591193e-08,1.8709861040115356,2.156184434890747,0.0,2.8685431480407715,nan,nan,nan,nan
atari_krull,/home/haselab/projects/stable-deep-world-model/logs/content_kl_kernelsize/runs/20260207_060134_krull_private_eye/atari_krull_vta_k5_seed0,/home/haselab/projects/stable-deep-world-model/logs/content_kl_kernelsize/runs/20260207_060134_krull_private_eye/atari_krull_vta_k5_seed0/latest.pt,/home/haselab/projects/stable-deep-world-model/logs/content_kl_kernelsize/runs/20260207_060134_krull_private_eye/atari_krull_vta_k5_seed0/train_eps/20260207T124626-7e1e93f537ba4eb6baa370b030d256f6-3511.npz,1992,2024,0.0,7.739326512989919e-09,1.8574609756469727,2.1206531524658203,0.0,2.8541641235351562,nan,nan,nan,nan
atari_krull,/home/haselab/projects/stable-deep-world-model/logs/content_kl_kernelsize/runs/20260207_060134_krull_private_eye/atari_krull_vta_k5_seed0,/home/haselab/projects/stable-deep-world-model/logs/content_kl_kernelsize/runs/20260207_060134_krull_private_eye/atari_krull_vta_k5_seed0/latest.pt,/home/haselab/projects/stable-deep-world-model/logs/content_kl_kernelsize/runs/20260207_060134_krull_private_eye/atari_krull_vta_k5_seed0/train_eps/20260207T124626-7e1e93f537ba4eb6baa370b030d256f6-3511.npz,2000,2032,0.0,7.19923320957605e-09,1.8673964738845825,2.298760414123535,0.0,2.9572606086730957,nan,nan,nan,nan
atari_krull,/home/haselab/projects/stable-deep-world-model/logs/content_kl_kernelsize/runs/20260207_060134_krull_private_eye/atari_krull_vta_k5_seed0,/home/haselab/projects/stable-deep-world-model/logs/content_kl_kernelsize/runs/20260207_060134_krull_private_eye/atari_krull_vta_k5_seed0/latest.pt,/home/haselab/projects/stable-deep-world-model/logs/content_kl_kernelsize/runs/20260207_060134_krull_private_eye/atari_krull_vta_k5_seed0/train_eps/20260207T124626-7e1e93f537ba4eb6baa370b030d256f6-3511.npz,2008,2040,0.0,6.323424006637879e-09,1.9097747802734375,2.229527235031128,0.0,2.9886417388916016,nan,nan,nan,nan
atari_krull,/home/haselab/projects/stable-deep-world-model/logs/content_kl_kernelsize/runs/20260207_060134_krull_private_eye/atari_krull_vta_k5_seed0,/home/haselab/projects/stable-deep-world-model/logs/content_kl_kernelsize/runs/20260207_060134_krull_private_eye/atari_krull_vta_k5_seed0/latest.pt,/home/haselab/projects/stable-deep-world-model/logs/content_kl_kernelsize/runs/20260207_060134_krull_private_eye/atari_krull_vta_k5_seed0/train_eps/20260207T124626-7e1e93f537ba4eb6baa370b030d256f6-3511.npz,2016,2048,0.0,9.845735782221254e-09,1.9446072578430176,2.2011637687683105,0.0,3.0281710624694824,nan,nan,nan,nan
atari_krull,/home/haselab/projects/stable-deep-world-model/logs/content_kl_kernelsize/runs/20260207_060134_krull_private_eye/atari_krull_vta_k5_seed0,/home/haselab/projects/stable-deep-world-model/logs/content_kl_kernelsize/runs/20260207_060134_krull_private_eye/atari_krull_vta_k5_seed0/latest.pt,/home/haselab/projects/stable-deep-world-model/logs/content_kl_kernelsize/runs/20260207_060134_krull_private_eye/atari_krull_vta_k5_seed0/train_eps/20260207T124626-7e1e93f537ba4eb6baa370b030d256f6-3511.npz,2024,2056,0.03125,0.0312500074505806,1.7149063348770142,2.4216980934143066,0.2011551707983017,3.3640871047973633,5.6885786056518555,9.50162124633789,6.436965465545654,10.223880767822266
atari_krull,/home/haselab/projects/stable-deep-world-model/logs/content_kl_kernelsize/runs/20260207_060134_krull_private_eye/atari_krull_vta_k5_seed0,/home/haselab/projects/stable-deep-world-model/logs/content_kl_kernelsize/runs/20260207_060134_krull_private_eye/atari_krull_vta_k5_seed0/latest.pt,/home/haselab/projects/stable-deep-world-model/logs/content_kl_kernelsize/runs/20260207_060134_krull_private_eye/atari_krull_vta_k5_seed0/train_eps/20260207T124626-7e1e93f537ba4eb6baa370b030d256f6-3511.npz,2032,2064,0.03125,0.0312500074505806,1.36849045753479,2.6397790908813477,0.2011551707983017,3.7007265090942383,5.6885786056518555,9.50162124633789,6.436965465545654,10.223880767822266
atari_krull,/home/haselab/projects/stable-deep-world-model/logs/content_kl_kernelsize/runs/20260207_060134_krull_private_eye/atari_krull_vta_k5_seed0,/home/haselab/projects/stable-deep-world-model/logs/content_kl_kernelsize/runs/20260207_060134_krull_private_eye/atari_krull_vta_k5_seed0/latest.pt,/home/haselab/projects/stable-deep-world-model/logs/content_kl_kernelsize/runs/20260207_060134_krull_private_eye/atari_krull_vta_k5_seed0/train_eps/20260207T124626-7e1e93f537ba4eb6baa370b030d256f6-3511.npz,2040,2072,0.03125,0.0312500074505806,1.057220220565796,3.211918830871582,0.2011551707983017,4.352453708648682,5.6885786056518555,9.50162124633789,6.436965465545654,10.223880767822266
atari_krull,/home/haselab/projects/stable-deep-world-model/logs/content_kl_kernelsize/runs/20260207_060134_krull_private_eye/atari_krull_vta_k5_seed0,/home/haselab/projects/stable-deep-world-model/logs/content_kl_kernelsize/runs/20260207_060134_krull_private_eye/atari_krull_vta_k5_seed0/latest.pt,/home/haselab/projects/stable-deep-world-model/logs/content_kl_kernelsize/runs/20260207_060134_krull_private_eye/atari_krull_vta_k5_seed0/train_eps/20260207T124626-7e1e93f537ba4eb6baa370b030d256f6-3511.npz,2048,2080,0.03125,0.03125,0.7474201917648315,4.058151721954346,0.2011551707983017,5.135808944702148,5.6885786056518555,9.50162124633789,6.436965465545654,10.223880767822266
atari_krull,/home/haselab/projects/stable-deep-world-model/logs/content_kl_kernelsize/runs/20260207_060134_krull_private_eye/atari_krull_vta_k5_seed0,/home/haselab/projects/stable-deep-world-model/logs/content_kl_kernelsize/runs/20260207_060134_krull_private_eye/atari_krull_vta_k5_seed0/latest.pt,/home/haselab/projects/stable-deep-world-model/logs/content_kl_kernelsize/runs/20260207_060134_krull_private_eye/atari_krull_vta_k5_seed0/train_eps/20260207T124626-7e1e93f537ba4eb6baa370b030d256f6-3511.npz,2056,2088,0.0,5.8284498036828385e-15,0.6994069218635559,4.820820331573486,0.0,5.672461032867432,nan,nan,nan,nan
atari_krull,/home/haselab/projects/stable-deep-world-model/logs/content_kl_kernelsize/runs/20260207_060134_krull_private_eye/atari_krull_vta_k5_seed0,/home/haselab/projects/stable-deep-world-model/logs/content_kl_kernelsize/runs/20260207_060134_krull_private_eye/atari_krull_vta_k5_seed0/latest.pt,/home/haselab/projects/stable-deep-world-model/logs/content_kl_kernelsize/runs/20260207_060134_krull_private_eye/atari_krull_vta_k5_seed0/train_eps/20260207T124626-7e1e93f537ba4eb6baa370b030d256f6-3511.npz,2064,2096,0.0,7.430013771120639e-15,0.7926589846611023,5.441619873046875,0.0,6.122313022613525,nan,nan,nan,nan
atari_krull,/home/haselab/projects/stable-deep-world-model/logs/content_kl_kernelsize/runs/20260207_060134_krull_private_eye/atari_krull_vta_k5_seed0,/home/haselab/projects/stable-deep-world-model/logs/content_kl_kernelsize/runs/20260207_060134_krull_private_eye/atari_krull_vta_k5_seed0/latest.pt,/home/haselab/projects/stable-deep-world-model/logs/content_kl_kernelsize/runs/20260207_060134_krull_private_eye/atari_krull_vta_k5_seed0/train_eps/20260207T124626-7e1e93f537ba4eb6baa370b030d256f6-3511.npz,2072,2104,0.0,6.755639172801708e-15,0.8180763721466064,5.832313060760498,0.0,6.467308521270752,nan,nan,nan,nan
atari_krull,/home/haselab/projects/stable-deep-world-model/logs/content_kl_kernelsize/runs/20260207_060134_krull_private_eye/atari_krull_vta_k5_seed0,/home/haselab/projects/stable-deep-world-model/logs/content_kl_kernelsize/runs/20260207_060134_krull_private_eye/atari_krull_vta_k5_seed0/latest.pt,/home/haselab/projects/stable-deep-world-model/logs/content_kl_kernelsize/runs/20260207_060134_krull_private_eye/atari_krull_vta_k5_seed0/train_eps/20260207T124626-7e1e93f537ba4eb6baa370b030d256f6-3511.npz,2080,2112,0.0,7.014926969384563e-15,0.8512842655181885,6.0170745849609375,0.0,6.679653167724609,nan,nan,nan,nan
atari_krull,/home/haselab/projects/stable-deep-world-model/logs/content_kl_kernelsize/runs/20260207_060134_krull_private_eye/atari_krull_vta_k5_seed0,/home/haselab/projects/stable-deep-world-model/logs/content_kl_kernelsize/runs/20260207_060134_krull_private_eye/atari_krull_vta_k5_seed0/latest.pt,/home/haselab/projects/stable-deep-world-model/logs/content_kl_kernelsize/runs/20260207_060134_krull_private_eye/atari_krull_vta_k5_seed0/train_eps/20260207T124626-7e1e93f537ba4eb6baa370b030d256f6-3511.npz,2088,2120,0.0,1.4259769173840045e-14,0.8739224076271057,6.215337753295898,0.0,6.894629955291748,nan,nan,nan,nan
atari_krull,/home/haselab/projects/stable-deep-world-model/logs/content_kl_kernelsize/runs/20260207_060134_krull_private_eye/atari_krull_vta_k5_seed0,/home/haselab/projects/stable-deep-world-model/logs/content_kl_kernelsize/runs/20260207_060134_krull_private_eye/atari_krull_vta_k5_seed0/latest.pt,/home/haselab/projects/stable-deep-world-model/logs/content_kl_kernelsize/runs/20260207_060134_krull_private_eye/atari_krull_vta_k5_seed0/train_eps/20260207T124626-7e1e93f537ba4eb6baa370b030d256f6-3511.npz,2096,2128,0.0,2.6676892709827718e-14,0.8939307928085327,6.540711879730225,0.0,7.286721229553223,nan,nan,nan,nan
atari_krull,/home/haselab/projects/stable-deep-world-model/logs/content_kl_kernelsize/runs/20260207_060134_krull_private_eye/atari_krull_vta_k5_seed0,/home/haselab/projects/stable-deep-world-model/logs/content_kl_kernelsize/runs/20260207_060134_krull_private_eye/atari_krull_vta_k5_seed0/latest.pt,/home/haselab/projects/stable-deep-world-model/logs/content_kl_kernelsize/runs/20260207_060134_krull_private_eye/atari_krull_vta_k5_seed0/train_eps/20260207T124626-7e1e93f537ba4eb6baa370b030d256f6-3511.npz,2104,2136,0.0,6.078618782368733e-14,0.927054762840271,6.638359546661377,0.0,7.330484390258789,nan,nan,nan,nan
atari_krull,/home/haselab/projects/stable-deep-world-model/logs/content_kl_kernelsize/runs/20260207_060134_krull_private_eye/atari_krull_vta_k5_seed0,/home/haselab/projects/stable-deep-world-model/logs/content_kl_kernelsize/runs/20260207_060134_krull_private_eye/atari_krull_vta_k5_seed0/latest.pt,/home/haselab/projects/stable-deep-world-model/logs/content_kl_kernelsize/runs/20260207_060134_krull_private_eye/atari_krull_vta_k5_seed0/train_eps/20260207T124626-7e1e93f537ba4eb6baa370b030d256f6-3511.npz,2112,2144,0.0,2.1052238186221317e-13,0.9375278949737549,6.34709358215332,0.0,7.088732719421387,nan,nan,nan,nan
atari_krull,/home/haselab/projects/stable-deep-world-model/logs/content_kl_kernelsize/runs/20260207_060134_krull_private_eye/atari_krull_vta_k5_seed0,/home/haselab/projects/stable-deep-world-model/logs/content_kl_kernelsize/runs/20260207_060134_krull_private_eye/atari_krull_vta_k5_seed0/latest.pt,/home/haselab/projects/stable-deep-world-model/logs/content_kl_kernelsize/runs/20260207_060134_krull_private_eye/atari_krull_vta_k5_seed0/train_eps/20260207T124626-7e1e93f537ba4eb6baa370b030d256f6-3511.npz,2120,2152,0.0,8.149381863775673e-11,0.8402979969978333,5.647444725036621,0.0,6.575041770935059,nan,nan,nan,nan
atari_krull,/home/haselab/projects/stable-deep-world-model/logs/content_kl_kernelsize/runs/20260207_060134_krull_private_eye/atari_krull_vta_k5_seed0,/home/haselab/projects/stable-deep-world-model/logs/content_kl_kernelsize/runs/20260207_060134_krull_private_eye/atari_krull_vta_k5_seed0/latest.pt,/home/haselab/projects/stable-deep-world-model/logs/content_kl_kernelsize/runs/20260207_060134_krull_private_eye/atari_krull_vta_k5_seed0/train_eps/20260207T124626-7e1e93f537ba4eb6baa370b030d256f6-3511.npz,2128,2160,0.0,9.710272863561187e-11,0.7365329265594482,4.282240867614746,0.0,5.36268949508667,nan,nan,nan,nan
atari_krull,/home/haselab/projects/stable-deep-world-model/logs/content_kl_kernelsize/runs/20260207_060134_krull_private_eye/atari_krull_vta_k5_seed0,/home/haselab/projects/stable-deep-world-model/logs/content_kl_kernelsize/runs/20260207_060134_krull_private_eye/atari_krull_vta_k5_seed0/latest.pt,/home/haselab/projects/stable-deep-world-model/logs/content_kl_kernelsize/runs/20260207_060134_krull_private_eye/atari_krull_vta_k5_seed0/train_eps/20260207T124626-7e1e93f537ba4eb6baa370b030d256f6-3511.npz,2136,2168,0.0,9.707000481196104e-11,0.4967381954193115,2.789625406265259,0.0,4.355249881744385,nan,nan,nan,nan
atari_krull,/home/haselab/projects/stable-deep-world-model/logs/content_kl_kernelsize/runs/20260207_060134_krull_private_eye/atari_krull_vta_k5_seed0,/home/haselab/projects/stable-deep-world-model/logs/content_kl_kernelsize/runs/20260207_060134_krull_private_eye/atari_krull_vta_k5_seed0/latest.pt,/home/haselab/projects/stable-deep-world-model/logs/content_kl_kernelsize/runs/20260207_060134_krull_private_eye/atari_krull_vta_k5_seed0/train_eps/20260207T124626-7e1e93f537ba4eb6baa370b030d256f6-3511.npz,2144,2176,0.0,9.692776442582485e-11,0.31461066007614136,1.75288987159729,0.0,3.718057632446289,nan,nan,nan,nan
atari_krull,/home/haselab/projects/stable-deep-world-model/logs/content_kl_kernelsize/runs/20260207_060134_krull_private_eye/atari_krull_vta_k5_seed0,/home/haselab/projects/stable-deep-world-model/logs/content_kl_kernelsize/runs/20260207_060134_krull_private_eye/atari_krull_vta_k5_seed0/latest.pt,/home/haselab/projects/stable-deep-world-model/logs/content_kl_kernelsize/runs/20260207_060134_krull_private_eye/atari_krull_vta_k5_seed0/train_eps/20260207T124626-7e1e93f537ba4eb6baa370b030d256f6-3511.npz,2152,2184,0.0,1.750638349562461e-11,0.32651907205581665,1.230177402496338,0.0,3.357219696044922,nan,nan,nan,nan
atari_krull,/home/haselab/projects/stable-deep-world-model/logs/content_kl_kernelsize/runs/20260207_060134_krull_private_eye/atari_krull_vta_k5_seed0,/home/haselab/projects/stable-deep-world-model/logs/content_kl_kernelsize/runs/20260207_060134_krull_private_eye/atari_krull_vta_k5_seed0/latest.pt,/home/haselab/projects/stable-deep-world-model/logs/content_kl_kernelsize/runs/20260207_060134_krull_private_eye/atari_krull_vta_k5_seed0/train_eps/20260207T124626-7e1e93f537ba4eb6baa370b030d256f6-3511.npz,2160,2192,0.0,1.9732407981892797e-12,0.34974610805511475,1.6886390447616577,0.0,3.7164745330810547,nan,nan,nan,nan
atari_krull,/home/haselab/projects/stable-deep-world-model/logs/content_kl_kernelsize/runs/20260207_060134_krull_private_eye/atari_krull_vta_k5_seed0,/home/haselab/projects/stable-deep-world-model/logs/content_kl_kernelsize/runs/20260207_060134_krull_private_eye/atari_krull_vta_k5_seed0/latest.pt,/home/haselab/projects/stable-deep-world-model/logs/content_kl_kernelsize/runs/20260207_060134_krull_private_eye/atari_krull_vta_k5_seed0/train_eps/20260207T124626-7e1e93f537ba4eb6baa370b030d256f6-3511.npz,2168,2200,0.0,2.1411527065251512e-12,0.5487236976623535,2.884643316268921,0.0,4.439816474914551,nan,nan,nan,nan
atari_krull,/home/haselab/projects/stable-deep-world-model/logs/content_kl_kernelsize/runs/20260207_060134_krull_private_eye/atari_krull_vta_k5_seed0,/home/haselab/projects/stable-deep-world-model/logs/content_kl_kernelsize/runs/20260207_060134_krull_private_eye/atari_krull_vta_k5_seed0/latest.pt,/home/haselab/projects/stable-deep-world-model/logs/content_kl_kernelsize/runs/20260207_060134_krull_private_eye/atari_krull_vta_k5_seed0/train_eps/20260207T124626-7e1e93f537ba4eb6baa370b030d256f6-3511.npz,2176,2208,0.0,2.7947329780259045e-12,0.7238602638244629,4.16124153137207,0.0,5.295229911804199,nan,nan,nan,nan
atari_krull,/home/haselab/projects/stable-deep-world-model/logs/content_kl_kernelsize/runs/20260207_060134_krull_private_eye/atari_krull_vta_k5_seed0,/home/haselab/projects/stable-deep-world-model/logs/content_kl_kernelsize/runs/20260207_060134_krull_private_eye/atari_krull_vta_k5_seed0/latest.pt,/home/haselab/projects/stable-deep-world-model/logs/content_kl_kernelsize/runs/20260207_060134_krull_private_eye/atari_krull_vta_k5_seed0/train_eps/20260207T124626-7e1e93f537ba4eb6baa370b030d256f6-3511.npz,2184,2216,0.0,7.879098415375374e-12,0.8093143701553345,5.372897624969482,0.0,6.1236114501953125,nan,nan,nan,nan
atari_krull,/home/haselab/projects/stable-deep-world-model/logs/content_kl_kernelsize/runs/20260207_060134_krull_private_eye/atari_krull_vta_k5_seed0,/home/haselab/projects/stable-deep-world-model/logs/content_kl_kernelsize/runs/20260207_060134_krull_private_eye/atari_krull_vta_k5_seed0/latest.pt,/home/haselab/projects/stable-deep-world-model/logs/content_kl_kernelsize/runs/20260207_060134_krull_private_eye/atari_krull_vta_k5_seed0/train_eps/20260207T124626-7e1e93f537ba4eb6baa370b030d256f6-3511.npz,2192,2224,0.0,1.4257654085136906e-11,0.8733774423599243,6.1623687744140625,0.0,6.810676097869873,nan,nan,nan,nan
atari_krull,/home/haselab/projects/stable-deep-world-model/logs/content_kl_kernelsize/runs/20260207_060134_krull_private_eye/atari_krull_vta_k5_seed0,/home/haselab/projects/stable-deep-world-model/logs/content_kl_kernelsize/runs/20260207_060134_krull_private_eye/atari_krull_vta_k5_seed0/latest.pt,/home/haselab/projects/stable-deep-world-model/logs/content_kl_kernelsize/runs/20260207_060134_krull_private_eye/atari_krull_vta_k5_seed0/train_eps/20260207T124626-7e1e93f537ba4eb6baa370b030d256f6-3511.npz,2200,2232,0.0,1.768705668037107e-11,0.8651272058486938,6.525392055511475,0.0,7.053182601928711,nan,nan,nan,nan
atari_krull,/home/haselab/projects/stable-deep-world-model/logs/content_kl_kernelsize/runs/20260207_060134_krull_private_eye/atari_krull_vta_k5_seed0,/home/haselab/projects/stable-deep-world-model/logs/content_kl_kernelsize/runs/20260207_060134_krull_private_eye/atari_krull_vta_k5_seed0/latest.pt,/home/haselab/projects/stable-deep-world-model/logs/content_kl_kernelsize/runs/20260207_060134_krull_private_eye/atari_krull_vta_k5_seed0/train_eps/20260207T124626-7e1e93f537ba4eb6baa370b030d256f6-3511.npz,2208,2240,0.0,2.345400956782484e-11,0.8734226822853088,6.650918006896973,0.0,7.111333847045898,nan,nan,nan,nan
atari_krull,/home/haselab/projects/stable-deep-world-model/logs/content_kl_kernelsize/runs/20260207_060134_krull_private_eye/atari_krull_vta_k5_seed0,/home/haselab/projects/stable-deep-world-model/logs/content_kl_kernelsize/runs/20260207_060134_krull_private_eye/atari_krull_vta_k5_seed0/latest.pt,/home/haselab/projects/stable-deep-world-model/logs/content_kl_kernelsize/runs/20260207_060134_krull_private_eye/atari_krull_vta_k5_seed0/train_eps/20260207T124626-7e1e93f537ba4eb6baa370b030d256f6-3511.npz,2216,2248,0.0,2.1700688121462086e-11,0.8767622709274292,6.598921775817871,0.0,7.24664306640625,nan,nan,nan,nan
atari_krull,/home/haselab/projects/stable-deep-world-model/logs/content_kl_kernelsize/runs/20260207_060134_krull_private_eye/atari_krull_vta_k5_seed0,/home/haselab/projects/stable-deep-world-model/logs/content_kl_kernelsize/runs/20260207_060134_krull_private_eye/atari_krull_vta_k5_seed0/latest.pt,/home/haselab/projects/stable-deep-world-model/logs/content_kl_kernelsize/runs/20260207_060134_krull_private_eye/atari_krull_vta_k5_seed0/train_eps/20260207T124626-7e1e93f537ba4eb6baa370b030d256f6-3511.npz,2224,2256,0.0,2.2345852598859572e-11,0.8819009065628052,6.5459980964660645,0.0,7.153493881225586,nan,nan,nan,nan
atari_krull,/home/haselab/projects/stable-deep-world-model/logs/content_kl_kernelsize/runs/20260207_060134_krull_private_eye/atari_krull_vta_k5_seed0,/home/haselab/projects/stable-deep-world-model/logs/content_kl_kernelsize/runs/20260207_060134_krull_private_eye/atari_krull_vta_k5_seed0/latest.pt,/home/haselab/projects/stable-deep-world-model/logs/content_kl_kernelsize/runs/20260207_060134_krull_private_eye/atari_krull_vta_k5_seed0/train_eps/20260207T124626-7e1e93f537ba4eb6baa370b030d256f6-3511.npz,2232,2264,0.0,2.4434806608630844e-11,0.8640307188034058,6.440640926361084,0.0,7.0772552490234375,nan,nan,nan,nan
atari_krull,/home/haselab/projects/stable-deep-world-model/logs/content_kl_kernelsize/runs/20260207_060134_krull_private_eye/atari_krull_vta_k5_seed0,/home/haselab/projects/stable-deep-world-model/logs/content_kl_kernelsize/runs/20260207_060134_krull_private_eye/atari_krull_vta_k5_seed0/latest.pt,/home/haselab/projects/stable-deep-world-model/logs/content_kl_kernelsize/runs/20260207_060134_krull_private_eye/atari_krull_vta_k5_seed0/train_eps/20260207T124626-7e1e93f537ba4eb6baa370b030d256f6-3511.npz,2240,2272,0.0,2.619135290593544e-11,0.79213947057724,6.0660810470581055,0.0,6.777547359466553,nan,nan,nan,nan
atari_krull,/home/haselab/projects/stable-deep-world-model/logs/content_kl_kernelsize/runs/20260207_060134_krull_private_eye/atari_krull_vta_k5_seed0,/home/haselab/projects/stable-deep-world-model/logs/content_kl_kernelsize/runs/20260207_060134_krull_private_eye/atari_krull_vta_k5_seed0/latest.pt,/home/haselab/projects/stable-deep-world-model/logs/content_kl_kernelsize/runs/20260207_060134_krull_private_eye/atari_krull_vta_k5_seed0/train_eps/20260207T124626-7e1e93f537ba4eb6baa370b030d256f6-3511.npz,2248,2280,0.0,2.555594277864337e-11,0.677297830581665,5.285480976104736,0.0,6.03263521194458,nan,nan,nan,nan
atari_krull,/home/haselab/projects/stable-deep-world-model/logs/content_kl_kernelsize/runs/20260207_060134_krull_private_eye/atari_krull_vta_k5_seed0,/home/haselab/projects/stable-deep-world-model/logs/content_kl_kernelsize/runs/20260207_060134_krull_private_eye/atari_krull_vta_k5_seed0/latest.pt,/home/haselab/projects/stable-deep-world-model/logs/content_kl_kernelsize/runs/20260207_060134_krull_private_eye/atari_krull_vta_k5_seed0/train_eps/20260207T124626-7e1e93f537ba4eb6baa370b030d256f6-3511.npz,2256,2288,0.03125,0.03125001862645149,0.6693354249000549,4.273736000061035,0.19741104543209076,5.290424823760986,5.729033946990967,8.186555862426758,6.317153453826904,8.847516059875488
atari_krull,/home/haselab/projects/stable-deep-world-model/logs/content_kl_kernelsize/runs/20260207_060134_krull_private_eye/atari_krull_vta_k5_seed0,/home/haselab/projects/stable-deep-world-model/logs/content_kl_kernelsize/runs/20260207_060134_krull_private_eye/atari_krull_vta_k5_seed0/latest.pt,/home/haselab/projects/stable-deep-world-model/logs/content_kl_kernelsize/runs/20260207_060134_krull_private_eye/atari_krull_vta_k5_seed0/train_eps/20260207T124626-7e1e93f537ba4eb6baa370b030d256f6-3511.npz,2264,2296,0.03125,0.03125001862645149,1.0114729404449463,3.3676302433013916,0.19741104543209076,4.426608085632324,5.729033946990967,8.186555862426758,6.317153453826904,8.847516059875488
atari_krull,/home/haselab/projects/stable-deep-world-model/logs/content_kl_kernelsize/runs/20260207_060134_krull_private_eye/atari_krull_vta_k5_seed0,/home/haselab/projects/stable-deep-world-model/logs/content_kl_kernelsize/runs/20260207_060134_krull_private_eye/atari_krull_vta_k5_seed0/latest.pt,/home/haselab/projects/stable-deep-world-model/logs/content_kl_kernelsize/runs/20260207_060134_krull_private_eye/atari_krull_vta_k5_seed0/train_eps/20260207T124626-7e1e93f537ba4eb6baa370b030d256f6-3511.npz,2272,2304,0.03125,0.03125001862645149,1.3352131843566895,2.605813503265381,0.19741104543209076,3.66648530960083,5.729033946990967,8.186555862426758,6.317153453826904,8.847516059875488
atari_krull,/home/haselab/projects/stable-deep-world-model/logs/content_kl_kernelsize/runs/20260207_060134_krull_private_eye/atari_krull_vta_k5_seed0,/home/haselab/projects/stable-deep-world-model/logs/content_kl_kernelsize/runs/20260207_060134_krull_private_eye/atari_krull_vta_k5_seed0/latest.pt,/home/haselab/projects/stable-deep-world-model/logs/content_kl_kernelsize/runs/20260207_060134_krull_private_eye/atari_krull_vta_k5_seed0/train_eps/20260207T124626-7e1e93f537ba4eb6baa370b030d256f6-3511.npz,2280,2312,0.03125,0.03125001862645149,1.742321252822876,2.392063617706299,0.19741104543209076,3.2866010665893555,5.729033946990967,8.186555862426758,6.317153453826904,8.847516059875488
atari_krull,/home/haselab/projects/stable-deep-world-model/logs/content_kl_kernelsize/runs/20260207_060134_krull_private_eye/atari_krull_vta_k5_seed0,/home/haselab/projects/stable-deep-world-model/logs/content_kl_kernelsize/runs/20260207_060134_krull_private_eye/atari_krull_vta_k5_seed0/latest.pt,/home/haselab/projects/stable-deep-world-model/logs/content_kl_kernelsize/runs/20260207_060134_krull_private_eye/atari_krull_vta_k5_seed0/train_eps/20260207T124626-7e1e93f537ba4eb6baa370b030d256f6-3511.npz,2288,2320,0.0,2.554730871295874e-10,2.03226900100708,2.255272626876831,0.0,2.9096548557281494,nan,nan,nan,nan
atari_krull,/home/haselab/projects/stable-deep-world-model/logs/content_kl_kernelsize/runs/20260207_060134_krull_private_eye/atari_krull_vta_k5_seed0,/home/haselab/projects/stable-deep-world-model/logs/content_kl_kernelsize/runs/20260207_060134_krull_private_eye/atari_krull_vta_k5_seed0/latest.pt,/home/haselab/projects/stable-deep-world-model/logs/content_kl_kernelsize/runs/20260207_060134_krull_private_eye/atari_krull_vta_k5_seed0/train_eps/20260207T124626-7e1e93f537ba4eb6baa370b030d256f6-3511.npz,2296,2328,0.0,7.113027944427586e-10,2.020220994949341,2.072420597076416,0.0,2.7517142295837402,nan,nan,nan,nan
atari_krull,/home/haselab/projects/stable-deep-world-model/logs/content_kl_kernelsize/runs/20260207_060134_krull_private_eye/atari_krull_vta_k5_seed0,/home/haselab/projects/stable-deep-world-model/logs/content_kl_kernelsize/runs/20260207_060134_krull_private_eye/atari_krull_vta_k5_seed0/latest.pt,/home/haselab/projects/stable-deep-world-model/logs/content_kl_kernelsize/runs/20260207_060134_krull_private_eye/atari_krull_vta_k5_seed0/train_eps/20260207T124626-7e1e93f537ba4eb6baa370b030d256f6-3511.npz,2304,2336,0.0,7.66288643649915e-10,2.0545806884765625,2.146920919418335,0.0,2.86470890045166,nan,nan,nan,nan
atari_krull,/home/haselab/projects/stable-deep-world-model/logs/content_kl_kernelsize/runs/20260207_060134_krull_private_eye/atari_krull_vta_k5_seed0,/home/haselab/projects/stable-deep-world-model/logs/content_kl_kernelsize/runs/20260207_060134_krull_private_eye/atari_krull_vta_k5_seed0/latest.pt,/home/haselab/projects/stable-deep-world-model/logs/content_kl_kernelsize/runs/20260207_060134_krull_private_eye/atari_krull_vta_k5_seed0/train_eps/20260207T124626-7e1e93f537ba4eb6baa370b030d256f6-3511.npz,2312,2344,0.0,1.6972000471682236e-09,2.0539979934692383,2.0685057640075684,0.0,2.9346673488616943,nan,nan,nan,nan
atari_krull,/home/haselab/projects/stable-deep-world-model/logs/content_kl_kernelsize/runs/20260207_060134_krull_private_eye/atari_krull_vta_k5_seed0,/home/haselab/projects/stable-deep-world-model/logs/content_kl_kernelsize/runs/20260207_060134_krull_private_eye/atari_krull_vta_k5_seed0/latest.pt,/home/haselab/projects/stable-deep-world-model/logs/content_kl_kernelsize/runs/20260207_060134_krull_private_eye/atari_krull_vta_k5_seed0/train_eps/20260207T124626-7e1e93f537ba4eb6baa370b030d256f6-3511.npz,2320,2352,0.0,8.131505246922188e-09,2.0674707889556885,2.036031723022461,0.0,3.01448392868042,nan,nan,nan,nan
atari_krull,/home/haselab/projects/stable-deep-world-model/logs/content_kl_kernelsize/runs/20260207_060134_krull_private_eye/atari_krull_vta_k5_seed0,/home/haselab/projects/stable-deep-world-model/logs/content_kl_kernelsize/runs/20260207_060134_krull_private_eye/atari_krull_vta_k5_seed0/latest.pt,/home/haselab/projects/stable-deep-world-model/logs/content_kl_kernelsize/runs/20260207_060134_krull_private_eye/atari_krull_vta_k5_seed0/train_eps/20260207T124626-7e1e93f537ba4eb6baa370b030d256f6-3511.npz,2328,2360,0.0,8.370553139513959e-09,2.1197314262390137,2.22952938079834,0.0,3.290388584136963,nan,nan,nan,nan
atari_krull,/home/haselab/projects/stable-deep-world-model/logs/content_kl_kernelsize/runs/20260207_060134_krull_private_eye/atari_krull_vta_k5_seed0,/home/haselab/projects/stable-deep-world-model/logs/content_kl_kernelsize/runs/20260207_060134_krull_private_eye/atari_krull_vta_k5_seed0/latest.pt,/home/haselab/projects/stable-deep-world-model/logs/content_kl_kernelsize/runs/20260207_060134_krull_private_eye/atari_krull_vta_k5_seed0/train_eps/20260207T124626-7e1e93f537ba4eb6baa370b030d256f6-3511.npz,2336,2368,0.0,8.752680358270482e-09,2.0882997512817383,2.1447620391845703,0.0,3.229004144668579,nan,nan,nan,nan
atari_krull,/home/haselab/projects/stable-deep-world-model/logs/content_kl_kernelsize/runs/20260207_060134_krull_private_eye/atari_krull_vta_k5_seed0,/home/haselab/projects/stable-deep-world-model/logs/content_kl_kernelsize/runs/20260207_060134_krull_private_eye/atari_krull_vta_k5_seed0/latest.pt,/home/haselab/projects/stable-deep-world-model/logs/content_kl_kernelsize/runs/20260207_060134_krull_private_eye/atari_krull_vta_k5_seed0/train_eps/20260207T124626-7e1e93f537ba4eb6baa370b030d256f6-3511.npz,2344,2376,0.0,8.158634656751929e-09,2.060037851333618,2.082564353942871,0.0,3.142172336578369,nan,nan,nan,nan
atari_krull,/home/haselab/projects/stable-deep-world-model/logs/content_kl_kernelsize/runs/20260207_060134_krull_private_eye/atari_krull_vta_k5_seed0,/home/haselab/projects/stable-deep-world-model/logs/content_kl_kernelsize/runs/20260207_060134_krull_private_eye/atari_krull_vta_k5_seed0/latest.pt,/home/haselab/projects/stable-deep-world-model/logs/content_kl_kernelsize/runs/20260207_060134_krull_private_eye/atari_krull_vta_k5_seed0/train_eps/20260207T124626-7e1e93f537ba4eb6baa370b030d256f6-3511.npz,2352,2384,0.0,8.571003462520821e-09,2.059694290161133,2.185563564300537,0.0,3.193838596343994,nan,nan,nan,nan
atari_krull,/home/haselab/projects/stable-deep-world-model/logs/content_kl_kernelsize/runs/20260207_060134_krull_private_eye/atari_krull_vta_k5_seed0,/home/haselab/projects/stable-deep-world-model/logs/content_kl_kernelsize/runs/20260207_060134_krull_private_eye/atari_krull_vta_k5_seed0/latest.pt,/home/haselab/projects/stable-deep-world-model/logs/content_kl_kernelsize/runs/20260207_060134_krull_private_eye/atari_krull_vta_k5_seed0/train_eps/20260207T124626-7e1e93f537ba4eb6baa370b030d256f6-3511.npz,2360,2392,0.0,8.357188718832731e-09,2.003833055496216,2.243499279022217,0.0,3.1840739250183105,nan,nan,nan,nan
atari_krull,/home/haselab/projects/stable-deep-world-model/logs/content_kl_kernelsize/runs/20260207_060134_krull_private_eye/atari_krull_vta_k5_seed0,/home/haselab/projects/stable-deep-world-model/logs/content_kl_kernelsize/runs/20260207_060134_krull_private_eye/atari_krull_vta_k5_seed0/latest.pt,/home/haselab/projects/stable-deep-world-model/logs/content_kl_kernelsize/runs/20260207_060134_krull_private_eye/atari_krull_vta_k5_seed0/train_eps/20260207T124626-7e1e93f537ba4eb6baa370b030d256f6-3511.npz,2368,2400,0.0,1.6124053203725452e-08,1.9950777292251587,2.1538305282592773,0.0,3.0093421936035156,nan,nan,nan,nan
atari_krull,/home/haselab/projects/stable-deep-world-model/logs/content_kl_kernelsize/runs/20260207_060134_krull_private_eye/atari_krull_vta_k5_seed0,/home/haselab/projects/stable-deep-world-model/logs/content_kl_kernelsize/runs/20260207_060134_krull_private_eye/atari_krull_vta_k5_seed0/latest.pt,/home/haselab/projects/stable-deep-world-model/logs/content_kl_kernelsize/runs/20260207_060134_krull_private_eye/atari_krull_vta_k5_seed0/train_eps/20260207T124626-7e1e93f537ba4eb6baa370b030d256f6-3511.npz,2376,2408,0.0,1.5801806085846692e-08,1.971300482749939,2.294248580932617,0.0,3.0857632160186768,nan,nan,nan,nan
atari_krull,/home/haselab/projects/stable-deep-world-model/logs/content_kl_kernelsize/runs/20260207_060134_krull_private_eye/atari_krull_vta_k5_seed0,/home/haselab/projects/stable-deep-world-model/logs/content_kl_kernelsize/runs/20260207_060134_krull_private_eye/atari_krull_vta_k5_seed0/latest.pt,/home/haselab/projects/stable-deep-world-model/logs/content_kl_kernelsize/runs/20260207_060134_krull_private_eye/atari_krull_vta_k5_seed0/train_eps/20260207T124626-7e1e93f537ba4eb6baa370b030d256f6-3511.npz,2384,2416,0.0,8.707851328892957e-09,1.9392833709716797,2.237562656402588,0.0,3.0563149452209473,nan,nan,nan,nan
atari_krull,/home/haselab/projects/stable-deep-world-model/logs/content_kl_kernelsize/runs/20260207_060134_krull_private_eye/atari_krull_vta_k5_seed0,/home/haselab/projects/stable-deep-world-model/logs/content_kl_kernelsize/runs/20260207_060134_krull_private_eye/atari_krull_vta_k5_seed0/latest.pt,/home/haselab/projects/stable-deep-world-model/logs/content_kl_kernelsize/runs/20260207_060134_krull_private_eye/atari_krull_vta_k5_seed0/train_eps/20260207T124626-7e1e93f537ba4eb6baa370b030d256f6-3511.npz,2392,2424,0.0,8.903525028358672e-09,1.9122902154922485,2.015230655670166,0.0,2.7929840087890625,nan,nan,nan,nan
atari_krull,/home/haselab/projects/stable-deep-world-model/logs/content_kl_kernelsize/runs/20260207_060134_krull_private_eye/atari_krull_vta_k5_seed0,/home/haselab/projects/stable-deep-world-model/logs/content_kl_kernelsize/runs/20260207_060134_krull_private_eye/atari_krull_vta_k5_seed0/latest.pt,/home/haselab/projects/stable-deep-world-model/logs/content_kl_kernelsize/runs/20260207_060134_krull_private_eye/atari_krull_vta_k5_seed0/train_eps/20260207T124626-7e1e93f537ba4eb6baa370b030d256f6-3511.npz,2400,2432,0.03125,0.03125,1.6536774635314941,2.2612264156341553,0.18106575310230255,3.0638883113861084,4.8310017585754395,8.339838981628418,5.794104099273682,8.587836265563965
atari_krull,/home/haselab/projects/stable-deep-world-model/logs/content_kl_kernelsize/runs/20260207_060134_krull_private_eye/atari_krull_vta_k5_seed0,/home/haselab/projects/stable-deep-world-model/logs/content_kl_kernelsize/runs/20260207_060134_krull_private_eye/atari_krull_vta_k5_seed0/latest.pt,/home/haselab/projects/stable-deep-world-model/logs/content_kl_kernelsize/runs/20260207_060134_krull_private_eye/atari_krull_vta_k5_seed0/train_eps/20260207T124626-7e1e93f537ba4eb6baa370b030d256f6-3511.npz,2408,2440,0.03125,0.03125,1.309781789779663,2.5547029972076416,0.18106575310230255,3.438839912414551,4.8310017585754395,8.339838981628418,5.794104099273682,8.587836265563965
atari_krull,/home/haselab/projects/stable-deep-world-model/logs/content_kl_kernelsize/runs/20260207_060134_krull_private_eye/atari_krull_vta_k5_seed0,/home/haselab/projects/stable-deep-world-model/logs/content_kl_kernelsize/runs/20260207_060134_krull_private_eye/atari_krull_vta_k5_seed0/latest.pt,/home/haselab/projects/stable-deep-world-model/logs/content_kl_kernelsize/runs/20260207_060134_krull_private_eye/atari_krull_vta_k5_seed0/train_eps/20260207T124626-7e1e93f537ba4eb6baa370b030d256f6-3511.npz,2416,2448,0.03125,0.03125,1.0150799751281738,3.2476272583007812,0.18106575310230255,4.1516218185424805,4.8310017585754395,8.339838981628418,5.794104099273682,8.587836265563965
atari_krull,/home/haselab/projects/stable-deep-world-model/logs/content_kl_kernelsize/runs/20260207_060134_krull_private_eye/atari_krull_vta_k5_seed0,/home/haselab/projects/stable-deep-world-model/logs/content_kl_kernelsize/runs/20260207_060134_krull_private_eye/atari_krull_vta_k5_seed0/latest.pt,/home/haselab/projects/stable-deep-world-model/logs/content_kl_kernelsize/runs/20260207_060134_krull_private_eye/atari_krull_vta_k5_seed0/train_eps/20260207T124626-7e1e93f537ba4eb6baa370b030d256f6-3511.npz,2424,2456,0.03125,0.03125,0.7137665748596191,4.237536430358887,0.18106575310230255,5.15009880065918,4.8310017585754395,8.339838981628418,5.794104099273682,8.587836265563965
atari_krull,/home/haselab/projects/stable-deep-world-model/logs/content_kl_kernelsize/runs/20260207_060134_krull_private_eye/atari_krull_vta_k5_seed0,/home/haselab/projects/stable-deep-world-model/logs/content_kl_kernelsize/runs/20260207_060134_krull_private_eye/atari_krull_vta_k5_seed0/latest.pt,/home/haselab/projects/stable-deep-world-model/logs/content_kl_kernelsize/runs/20260207_060134_krull_private_eye/atari_krull_vta_k5_seed0/train_eps/20260207T124626-7e1e93f537ba4eb6baa370b030d256f6-3511.npz,2432,2464,0.0,3.5723494475059514e-12,0.6847825050354004,5.1124114990234375,0.0,5.986875534057617,nan,nan,nan,nan
atari_krull,/home/haselab/projects/stable-deep-world-model/logs/content_kl_kernelsize/runs/20260207_060134_krull_private_eye/atari_krull_vta_k5_seed0,/home/haselab/projects/stable-deep-world-model/logs/content_kl_kernelsize/runs/20260207_060134_krull_private_eye/atari_krull_vta_k5_seed0/latest.pt,/home/haselab/projects/stable-deep-world-model/logs/content_kl_kernelsize/runs/20260207_060134_krull_private_eye/atari_krull_vta_k5_seed0/train_eps/20260207T124626-7e1e93f537ba4eb6baa370b030d256f6-3511.npz,2440,2472,0.0,4.954762728576201e-13,0.7498221397399902,5.746493339538574,0.0,6.5201735496521,nan,nan,nan,nan
atari_krull,/home/haselab/projects/stable-deep-world-model/logs/content_kl_kernelsize/runs/20260207_060134_krull_private_eye/atari_krull_vta_k5_seed0,/home/haselab/projects/stable-deep-world-model/logs/content_kl_kernelsize/runs/20260207_060134_krull_private_eye/atari_krull_vta_k5_seed0/latest.pt,/home/haselab/projects/stable-deep-world-model/logs/content_kl_kernelsize/runs/20260207_060134_krull_private_eye/atari_krull_vta_k5_seed0/train_eps/20260207T124626-7e1e93f537ba4eb6baa370b030d256f6-3511.npz,2448,2480,0.0,6.662360008298507e-13,0.7414158582687378,6.1006269454956055,0.0,6.791067123413086,nan,nan,nan,nan
atari_krull,/home/haselab/projects/stable-deep-world-model/logs/content_kl_kernelsize/runs/20260207_060134_krull_private_eye/atari_krull_vta_k5_seed0,/home/haselab/projects/stable-deep-world-model/logs/content_kl_kernelsize/runs/20260207_060134_krull_private_eye/atari_krull_vta_k5_seed0/latest.pt,/home/haselab/projects/stable-deep-world-model/logs/content_kl_kernelsize/runs/20260207_060134_krull_private_eye/atari_krull_vta_k5_seed0/train_eps/20260207T124626-7e1e93f537ba4eb6baa370b030d256f6-3511.npz,2456,2488,0.0,7.807254734197577e-13,0.7672181129455566,6.183280944824219,0.0,6.916457176208496,nan,nan,nan,nan
atari_krull,/home/haselab/projects/stable-deep-world-model/logs/content_kl_kernelsize/runs/20260207_060134_krull_private_eye/atari_krull_vta_k5_seed0,/home/haselab/projects/stable-deep-world-model/logs/content_kl_kernelsize/runs/20260207_060134_krull_private_eye/atari_krull_vta_k5_seed0/latest.pt,/home/haselab/projects/stable-deep-world-model/logs/content_kl_kernelsize/runs/20260207_060134_krull_private_eye/atari_krull_vta_k5_seed0/train_eps/20260207T124626-7e1e93f537ba4eb6baa370b030d256f6-3511.npz,2464,2496,0.0,8.711254916200784e-13,0.7516380548477173,6.287586212158203,0.0,6.979094505310059,nan,nan,nan,nan
atari_krull,/home/haselab/projects/stable-deep-world-model/logs/content_kl_kernelsize/runs/20260207_060134_krull_private_eye/atari_krull_vta_k5_seed0,/home/haselab/projects/stable-deep-world-model/logs/content_kl_kernelsize/runs/20260207_060134_krull_private_eye/atari_krull_vta_k5_seed0/latest.pt,/home/haselab/projects/stable-deep-world-model/logs/content_kl_kernelsize/runs/20260207_060134_krull_private_eye/atari_krull_vta_k5_seed0/train_eps/20260207T124626-7e1e93f537ba4eb6baa370b030d256f6-3511.npz,2472,2504,0.0,2.2567633525816255e-12,0.7695063948631287,6.517134666442871,0.0,7.2053985595703125,nan,nan,nan,nan
atari_krull,/home/haselab/projects/stable-deep-world-model/logs/content_kl_kernelsize/runs/20260207_060134_krull_private_eye/atari_krull_vta_k5_seed0,/home/haselab/projects/stable-deep-world-model/logs/content_kl_kernelsize/runs/20260207_060134_krull_private_eye/atari_krull_vta_k5_seed0/latest.pt,/home/haselab/projects/stable-deep-world-model/logs/content_kl_kernelsize/runs/20260207_060134_krull_private_eye/atari_krull_vta_k5_seed0/train_eps/20260207T124626-7e1e93f537ba4eb6baa370b030d256f6-3511.npz,2480,2512,0.0,8.26444641888191e-12,0.7970728278160095,6.4646759033203125,0.0,7.084711074829102,nan,nan,nan,nan
atari_krull,/home/haselab/projects/stable-deep-world-model/logs/content_kl_kernelsize/runs/20260207_060134_krull_private_eye/atari_krull_vta_k5_seed0,/home/haselab/projects/stable-deep-world-model/logs/content_kl_kernelsize/runs/20260207_060134_krull_private_eye/atari_krull_vta_k5_seed0/latest.pt,/home/haselab/projects/stable-deep-world-model/logs/content_kl_kernelsize/runs/20260207_060134_krull_private_eye/atari_krull_vta_k5_seed0/train_eps/20260207T124626-7e1e93f537ba4eb6baa370b030d256f6-3511.npz,2488,2520,0.0,2.2480236422373068e-11,0.7620015740394592,6.11715030670166,0.0,6.748387336730957,nan,nan,nan,nan
atari_krull,/home/haselab/projects/stable-deep-world-model/logs/content_kl_kernelsize/runs/20260207_060134_krull_private_eye/atari_krull_vta_k5_seed0,/home/haselab/projects/stable-deep-world-model/logs/content_kl_kernelsize/runs/20260207_060134_krull_private_eye/atari_krull_vta_k5_seed0/latest.pt,/home/haselab/projects/stable-deep-world-model/logs/content_kl_kernelsize/runs/20260207_060134_krull_private_eye/atari_krull_vta_k5_seed0/train_eps/20260207T124626-7e1e93f537ba4eb6baa370b030d256f6-3511.npz,2496,2528,0.0,9.088928221157033e-11,0.7240920066833496,5.383154392242432,0.0,6.120451927185059,nan,nan,nan,nan
atari_krull,/home/haselab/projects/stable-deep-world-model/logs/content_kl_kernelsize/runs/20260207_060134_krull_private_eye/atari_krull_vta_k5_seed0,/home/haselab/projects/stable-deep-world-model/logs/content_kl_kernelsize/runs/20260207_060134_krull_private_eye/atari_krull_vta_k5_seed0/latest.pt,/home/haselab/projects/stable-deep-world-model/logs/content_kl_kernelsize/runs/20260207_060134_krull_private_eye/atari_krull_vta_k5_seed0/train_eps/20260207T124626-7e1e93f537ba4eb6baa370b030d256f6-3511.npz,2504,2536,0.0,1.7794971052254027e-10,0.6111657619476318,4.025018215179443,0.0,4.957324981689453,nan,nan,nan,nan
atari_krull,/home/haselab/projects/stable-deep-world-model/logs/content_kl_kernelsize/runs/20260207_060134_krull_private_eye/atari_krull_vta_k5_seed0,/home/haselab/projects/stable-deep-world-model/logs/content_kl_kernelsize/runs/20260207_060134_krull_private_eye/atari_krull_vta_k5_seed0/latest.pt,/home/haselab/projects/stable-deep-world-model/logs/content_kl_kernelsize/runs/20260207_060134_krull_private_eye/atari_krull_vta_k5_seed0/train_eps/20260207T124626-7e1e93f537ba4eb6baa370b030d256f6-3511.npz,2512,2544,0.0,1.721881665028846e-10,0.39805710315704346,2.5760536193847656,0.0,3.884237051010132,nan,nan,nan,nan
atari_krull,/home/haselab/projects/stable-deep-world-model/logs/content_kl_kernelsize/runs/20260207_060134_krull_private_eye/atari_krull_vta_k5_seed0,/home/haselab/projects/stable-deep-world-model/logs/content_kl_kernelsize/runs/20260207_060134_krull_private_eye/atari_krull_vta_k5_seed0/latest.pt,/home/haselab/projects/stable-deep-world-model/logs/content_kl_kernelsize/runs/20260207_060134_krull_private_eye/atari_krull_vta_k5_seed0/train_eps/20260207T124626-7e1e93f537ba4eb6baa370b030d256f6-3511.npz,2520,2552,0.0,1.582415587453312e-10,0.2825506925582886,1.5606412887573242,0.0,3.1027612686157227,nan,nan,nan,nan
atari_krull,/home/haselab/projects/stable-deep-world-model/logs/content_kl_kernelsize/runs/20260207_060134_krull_private_eye/atari_krull_vta_k5_seed0,/home/haselab/projects/stable-deep-world-model/logs/content_kl_kernelsize/runs/20260207_060134_krull_private_eye/atari_krull_vta_k5_seed0/latest.pt,/home/haselab/projects/stable-deep-world-model/logs/content_kl_kernelsize/runs/20260207_060134_krull_private_eye/atari_krull_vta_k5_seed0/train_eps/20260207T124626-7e1e93f537ba4eb6baa370b030d256f6-3511.npz,2528,2560,0.0,9.883392715348549e-11,0.22891129553318024,1.0508019924163818,0.0,2.743608236312866,nan,nan,nan,nan
atari_krull,/home/haselab/projects/stable-deep-world-model/logs/content_kl_kernelsize/runs/20260207_060134_krull_private_eye/atari_krull_vta_k5_seed0,/home/haselab/projects/stable-deep-world-model/logs/content_kl_kernelsize/runs/20260207_060134_krull_private_eye/atari_krull_vta_k5_seed0/latest.pt,/home/haselab/projects/stable-deep-world-model/logs/content_kl_kernelsize/runs/20260207_060134_krull_private_eye/atari_krull_vta_k5_seed0/train_eps/20260207T124626-7e1e93f537ba4eb6baa370b030d256f6-3511.npz,2536,2568,0.0,1.0866945364396141e-11,0.26518261432647705,1.5642271041870117,0.0,3.105360984802246,nan,nan,nan,nan
atari_krull,/home/haselab/projects/stable-deep-world-model/logs/content_kl_kernelsize/runs/20260207_060134_krull_private_eye/atari_krull_vta_k5_seed0,/home/haselab/projects/stable-deep-world-model/logs/content_kl_kernelsize/runs/20260207_060134_krull_private_eye/atari_krull_vta_k5_seed0/latest.pt,/home/haselab/projects/stable-deep-world-model/logs/content_kl_kernelsize/runs/20260207_060134_krull_private_eye/atari_krull_vta_k5_seed0/train_eps/20260207T124626-7e1e93f537ba4eb6baa370b030d256f6-3511.npz,2544,2576,0.0,1.1316668088734438e-11,0.4280130863189697,2.7949717044830322,0.0,4.07563591003418,nan,nan,nan,nan
atari_krull,/home/haselab/projects/stable-deep-world-model/logs/content_kl_kernelsize/runs/20260207_060134_krull_private_eye/atari_krull_vta_k5_seed0,/home/haselab/projects/stable-deep-world-model/logs/content_kl_kernelsize/runs/20260207_060134_krull_private_eye/atari_krull_vta_k5_seed0/latest.pt,/home/haselab/projects/stable-deep-world-model/logs/content_kl_kernelsize/runs/20260207_060134_krull_private_eye/atari_krull_vta_k5_seed0/train_eps/20260207T124626-7e1e93f537ba4eb6baa370b030d256f6-3511.npz,2552,2584,0.0,1.221381676352884e-11,0.5791112184524536,4.13740348815918,0.0,5.074699401855469,nan,nan,nan,nan
atari_krull,/home/haselab/projects/stable-deep-world-model/logs/content_kl_kernelsize/runs/20260207_060134_krull_private_eye/atari_krull_vta_k5_seed0,/home/haselab/projects/stable-deep-world-model/logs/content_kl_kernelsize/runs/20260207_060134_krull_private_eye/atari_krull_vta_k5_seed0/latest.pt,/home/haselab/projects/stable-deep-world-model/logs/content_kl_kernelsize/runs/20260207_060134_krull_private_eye/atari_krull_vta_k5_seed0/train_eps/20260207T124626-7e1e93f537ba4eb6baa370b030d256f6-3511.npz,2560,2592,0.0,5.339559090017376e-12,0.6722180843353271,5.499543190002441,0.0,6.321201324462891,nan,nan,nan,nan
atari_krull,/home/haselab/projects/stable-deep-world-model/logs/content_kl_kernelsize/runs/20260207_060134_krull_private_eye/atari_krull_vta_k5_seed0,/home/haselab/projects/stable-deep-world-model/logs/content_kl_kernelsize/runs/20260207_060134_krull_private_eye/atari_krull_vta_k5_seed0/latest.pt,/home/haselab/projects/stable-deep-world-model/logs/content_kl_kernelsize/runs/20260207_060134_krull_private_eye/atari_krull_vta_k5_seed0/train_eps/20260207T124626-7e1e93f537ba4eb6baa370b030d256f6-3511.npz,2568,2600,0.0,5.655452668673622e-12,0.7263509631156921,6.303078651428223,0.0,6.972372055053711,nan,nan,nan,nan
atari_krull,/home/haselab/projects/stable-deep-world-model/logs/content_kl_kernelsize/runs/20260207_060134_krull_private_eye/atari_krull_vta_k5_seed0,/home/haselab/projects/stable-deep-world-model/logs/content_kl_kernelsize/runs/20260207_060134_krull_private_eye/atari_krull_vta_k5_seed0/latest.pt,/home/haselab/projects/stable-deep-world-model/logs/content_kl_kernelsize/runs/20260207_060134_krull_private_eye/atari_krull_vta_k5_seed0/train_eps/20260207T124626-7e1e93f537ba4eb6baa370b030d256f6-3511.npz,2576,2608,0.0,6.5242160632306145e-12,0.7432336807250977,6.670639991760254,0.0,7.2911481857299805,nan,nan,nan,nan
atari_krull,/home/haselab/projects/stable-deep-world-model/logs/content_kl_kernelsize/runs/20260207_060134_krull_private_eye/atari_krull_vta_k5_seed0,/home/haselab/projects/stable-deep-world-model/logs/content_kl_kernelsize/runs/20260207_060134_krull_private_eye/atari_krull_vta_k5_seed0/latest.pt,/home/haselab/projects/stable-deep-world-model/logs/content_kl_kernelsize/runs/20260207_060134_krull_private_eye/atari_krull_vta_k5_seed0/train_eps/20260207T124626-7e1e93f537ba4eb6baa370b030d256f6-3511.npz,2584,2616,0.0,6.997949962561645e-12,0.741676926612854,6.815662384033203,0.0,7.551167964935303,nan,nan,nan,nan
atari_krull,/home/haselab/projects/stable-deep-world-model/logs/content_kl_kernelsize/runs/20260207_060134_krull_private_eye/atari_krull_vta_k5_seed0,/home/haselab/projects/stable-deep-world-model/logs/content_kl_kernelsize/runs/20260207_060134_krull_private_eye/atari_krull_vta_k5_seed0/latest.pt,/home/haselab/projects/stable-deep-world-model/logs/content_kl_kernelsize/runs/20260207_060134_krull_private_eye/atari_krull_vta_k5_seed0/train_eps/20260207T124626-7e1e93f537ba4eb6baa370b030d256f6-3511.npz,2592,2624,0.0,6.32184755933185e-12,0.7500113844871521,6.78291130065918,0.0,7.375364303588867,nan,nan,nan,nan
atari_krull,/home/haselab/projects/stable-deep-world-model/logs/content_kl_kernelsize/runs/20260207_060134_krull_private_eye/atari_krull_vta_k5_seed0,/home/haselab/projects/stable-deep-world-model/logs/content_kl_kernelsize/runs/20260207_060134_krull_private_eye/atari_krull_vta_k5_seed0/latest.pt,/home/haselab/projects/stable-deep-world-model/logs/content_kl_kernelsize/runs/20260207_060134_krull_private_eye/atari_krull_vta_k5_seed0/train_eps/20260207T124626-7e1e93f537ba4eb6baa370b030d256f6-3511.npz,2600,2632,0.0,7.251210916436879e-12,0.7461155652999878,6.804547309875488,0.0,7.405333518981934,nan,nan,nan,nan
atari_krull,/home/haselab/projects/stable-deep-world-model/logs/content_kl_kernelsize/runs/20260207_060134_krull_private_eye/atari_krull_vta_k5_seed0,/home/haselab/projects/stable-deep-world-model/logs/content_kl_kernelsize/runs/20260207_060134_krull_private_eye/atari_krull_vta_k5_seed0/latest.pt,/home/haselab/projects/stable-deep-world-model/logs/content_kl_kernelsize/runs/20260207_060134_krull_private_eye/atari_krull_vta_k5_seed0/train_eps/20260207T124626-7e1e93f537ba4eb6baa370b030d256f6-3511.npz,2608,2640,0.0,8.56750174277332e-12,0.7293696403503418,6.6782026290893555,0.0,7.308538436889648,nan,nan,nan,nan
atari_krull,/home/haselab/projects/stable-deep-world-model/logs/content_kl_kernelsize/runs/20260207_060134_krull_private_eye/atari_krull_vta_k5_seed0,/home/haselab/projects/stable-deep-world-model/logs/content_kl_kernelsize/runs/20260207_060134_krull_private_eye/atari_krull_vta_k5_seed0/latest.pt,/home/haselab/projects/stable-deep-world-model/logs/content_kl_kernelsize/runs/20260207_060134_krull_private_eye/atari_krull_vta_k5_seed0/train_eps/20260207T124626-7e1e93f537ba4eb6baa370b030d256f6-3511.npz,2616,2648,0.0,1.1347995459987104e-11,0.6806240081787109,6.223646640777588,0.0,6.812589168548584,nan,nan,nan,nan
atari_krull,/home/haselab/projects/stable-deep-world-model/logs/content_kl_kernelsize/runs/20260207_060134_krull_private_eye/atari_krull_vta_k5_seed0,/home/haselab/projects/stable-deep-world-model/logs/content_kl_kernelsize/runs/20260207_060134_krull_private_eye/atari_krull_vta_k5_seed0/latest.pt,/home/haselab/projects/stable-deep-world-model/logs/content_kl_kernelsize/runs/20260207_060134_krull_private_eye/atari_krull_vta_k5_seed0/train_eps/20260207T124626-7e1e93f537ba4eb6baa370b030d256f6-3511.npz,2624,2656,0.0,1.0596159366604851e-11,0.5806741714477539,5.3219895362854,0.0,5.985359191894531,nan,nan,nan,nan
atari_krull,/home/haselab/projects/stable-deep-world-model/logs/content_kl_kernelsize/runs/20260207_060134_krull_private_eye/atari_krull_vta_k5_seed0,/home/haselab/projects/stable-deep-world-model/logs/content_kl_kernelsize/runs/20260207_060134_krull_private_eye/atari_krull_vta_k5_seed0/latest.pt,/home/haselab/projects/stable-deep-world-model/logs/content_kl_kernelsize/runs/20260207_060134_krull_private_eye/atari_krull_vta_k5_seed0/train_eps/20260207T124626-7e1e93f537ba4eb6baa370b030d256f6-3511.npz,2632,2664,0.03125,0.03125,0.6231714487075806,4.227581977844238,0.20043690502643585,5.183037281036377,5.689497947692871,8.077387809753418,6.413980960845947,8.491859436035156
atari_krull,/home/haselab/projects/stable-deep-world-model/logs/content_kl_kernelsize/runs/20260207_060134_krull_private_eye/atari_krull_vta_k5_seed0,/home/haselab/projects/stable-deep-world-model/logs/content_kl_kernelsize/runs/20260207_060134_krull_private_eye/atari_krull_vta_k5_seed0/latest.pt,/home/haselab/projects/stable-deep-world-model/logs/content_kl_kernelsize/runs/20260207_060134_krull_private_eye/atari_krull_vta_k5_seed0/train_eps/20260207T124626-7e1e93f537ba4eb6baa370b030d256f6-3511.npz,2640,2672,0.03125,0.03125,0.9782423377037048,3.287810802459717,0.20043690502643585,4.198143482208252,5.689497947692871,8.077387809753418,6.413980960845947,8.491859436035156
atari_krull,/home/haselab/projects/stable-deep-world-model/logs/content_kl_kernelsize/runs/20260207_060134_krull_private_eye/atari_krull_vta_k5_seed0,/home/haselab/projects/stable-deep-world-model/logs/content_kl_kernelsize/runs/20260207_060134_krull_private_eye/atari_krull_vta_k5_seed0/latest.pt,/home/haselab/projects/stable-deep-world-model/logs/content_kl_kernelsize/runs/20260207_060134_krull_private_eye/atari_krull_vta_k5_seed0/train_eps/20260207T124626-7e1e93f537ba4eb6baa370b030d256f6-3511.npz,2648,2680,0.03125,0.03125,1.3510645627975464,2.554283380508423,0.20043690502643585,3.4692320823669434,5.689497947692871,8.077387809753418,6.413980960845947,8.491859436035156
atari_krull,/home/haselab/projects/stable-deep-world-model/logs/content_kl_kernelsize/runs/20260207_060134_krull_private_eye/atari_krull_vta_k5_seed0,/home/haselab/projects/stable-deep-world-model/logs/content_kl_kernelsize/runs/20260207_060134_krull_private_eye/atari_krull_vta_k5_seed0/latest.pt,/home/haselab/projects/stable-deep-world-model/logs/content_kl_kernelsize/runs/20260207_060134_krull_private_eye/atari_krull_vta_k5_seed0/train_eps/20260207T124626-7e1e93f537ba4eb6baa370b030d256f6-3511.npz,2656,2688,0.03125,0.03125,1.7774144411087036,2.2714853286743164,0.20043690502643585,3.1605582237243652,5.689497947692871,8.077387809753418,6.413980960845947,8.491859436035156
atari_krull,/home/haselab/projects/stable-deep-world-model/logs/content_kl_kernelsize/runs/20260207_060134_krull_private_eye/atari_krull_vta_k5_seed0,/home/haselab/projects/stable-deep-world-model/logs/content_kl_kernelsize/runs/20260207_060134_krull_private_eye/atari_krull_vta_k5_seed0/latest.pt,/home/haselab/projects/stable-deep-world-model/logs/content_kl_kernelsize/runs/20260207_060134_krull_private_eye/atari_krull_vta_k5_seed0/train_eps/20260207T124626-7e1e93f537ba4eb6baa370b030d256f6-3511.npz,2664,2696,0.0,4.277972198707403e-09,2.0436620712280273,2.192190170288086,0.0,2.945669174194336,nan,nan,nan,nan
atari_krull,/home/haselab/projects/stable-deep-world-model/logs/content_kl_kernelsize/runs/20260207_060134_krull_private_eye/atari_krull_vta_k5_seed0,/home/haselab/projects/stable-deep-world-model/logs/content_kl_kernelsize/runs/20260207_060134_krull_private_eye/atari_krull_vta_k5_seed0/latest.pt,/home/haselab/projects/stable-deep-world-model/logs/content_kl_kernelsize/runs/20260207_060134_krull_private_eye/atari_krull_vta_k5_seed0/train_eps/20260207T124626-7e1e93f537ba4eb6baa370b030d256f6-3511.npz,2672,2704,0.0,4.31236690801029e-09,2.0275866985321045,2.103576183319092,0.0,2.9246292114257812,nan,nan,nan,nan
atari_krull,/home/haselab/projects/stable-deep-world-model/logs/content_kl_kernelsize/runs/20260207_060134_krull_private_eye/atari_krull_vta_k5_seed0,/home/haselab/projects/stable-deep-world-model/logs/content_kl_kernelsize/runs/20260207_060134_krull_private_eye/atari_krull_vta_k5_seed0/latest.pt,/home/haselab/projects/stable-deep-world-model/logs/content_kl_kernelsize/runs/20260207_060134_krull_private_eye/atari_krull_vta_k5_seed0/train_eps/20260207T124626-7e1e93f537ba4eb6baa370b030d256f6-3511.npz,2680,2712,0.0,4.083749782779478e-09,1.986088752746582,2.1979451179504395,0.0,2.9790239334106445,nan,nan,nan,nan
atari_krull,/home/haselab/projects/stable-deep-world-model/logs/content_kl_kernelsize/runs/20260207_060134_krull_private_eye/atari_krull_vta_k5_seed0,/home/haselab/projects/stable-deep-world-model/logs/content_kl_kernelsize/runs/20260207_060134_krull_private_eye/atari_krull_vta_k5_seed0/latest.pt,/home/haselab/projects/stable-deep-world-model/logs/content_kl_kernelsize/runs/20260207_060134_krull_private_eye/atari_krull_vta_k5_seed0/train_eps/20260207T124626-7e1e93f537ba4eb6baa370b030d256f6-3511.npz,2688,2720,0.0,4.0331507022983715e-09,1.9375392198562622,2.1502528190612793,0.0,2.9900074005126953,nan,nan,nan,nan
atari_krull,/home/haselab/projects/stable-deep-world-model/logs/content_kl_kernelsize/runs/20260207_060134_krull_private_eye/atari_krull_vta_k5_seed0,/home/haselab/projects/stable-deep-world-model/logs/content_kl_kernelsize/runs/20260207_060134_krull_private_eye/atari_krull_vta_k5_seed0/latest.pt,/home/haselab/projects/stable-deep-world-model/logs/content_kl_kernelsize/runs/20260207_060134_krull_private_eye/atari_krull_vta_k5_seed0/train_eps/20260207T124626-7e1e93f537ba4eb6baa370b030d256f6-3511.npz,2696,2728,0.0,3.199553066934868e-09,1.9491263628005981,2.0395188331604004,0.0,2.8630688190460205,nan,nan,nan,nan
atari_krull,/home/haselab/projects/stable-deep-world-model/logs/content_kl_kernelsize/runs/20260207_060134_krull_private_eye/atari_krull_vta_k5_seed0,/home/haselab/projects/stable-deep-world-model/logs/content_kl_kernelsize/runs/20260207_060134_krull_private_eye/atari_krull_vta_k5_seed0/latest.pt,/home/haselab/projects/stable-deep-world-model/logs/content_kl_kernelsize/runs/20260207_060134_krull_private_eye/atari_krull_vta_k5_seed0/train_eps/20260207T124626-7e1e93f537ba4eb6baa370b030d256f6-3511.npz,2704,2736,0.0,6.810179975502706e-09,1.9686822891235352,2.0994210243225098,0.0,2.8522658348083496,nan,nan,nan,nan
atari_krull,/home/haselab/projects/stable-deep-world-model/logs/content_kl_kernelsize/runs/20260207_060134_krull_private_eye/atari_krull_vta_k5_seed0,/home/haselab/projects/stable-deep-world-model/logs/content_kl_kernelsize/runs/20260207_060134_krull_private_eye/atari_krull_vta_k5_seed0/latest.pt,/home/haselab/projects/stable-deep-world-model/logs/content_kl_kernelsize/runs/20260207_060134_krull_private_eye/atari_krull_vta_k5_seed0/train_eps/20260207T124626-7e1e93f537ba4eb6baa370b030d256f6-3511.npz,2712,2744,0.0,8.022912112437552e-09,1.9971356391906738,2.0380289554595947,0.0,2.8210880756378174,nan,nan,nan,nan
atari_krull,/home/haselab/projects/stable-deep-world-model/logs/content_kl_kernelsize/runs/20260207_060134_krull_private_eye/atari_krull_vta_k5_seed0,/home/haselab/projects/stable-deep-world-model/logs/content_kl_kernelsize/runs/20260207_060134_krull_private_eye/atari_krull_vta_k5_seed0/latest.pt,/home/haselab/projects/stable-deep-world-model/logs/content_kl_kernelsize/runs/20260207_060134_krull_private_eye/atari_krull_vta_k5_seed0/train_eps/20260207T124626-7e1e93f537ba4eb6baa370b030d256f6-3511.npz,2720,2752,0.0,8.936226869593611e-09,2.0558996200561523,1.9830663204193115,0.0,2.7867891788482666,nan,nan,nan,nan
atari_krull,/home/haselab/projects/stable-deep-world-model/logs/content_kl_kernelsize/runs/20260207_060134_krull_private_eye/atari_krull_vta_k5_seed0,/home/haselab/projects/stable-deep-world-model/logs/content_kl_kernelsize/runs/20260207_060134_krull_private_eye/atari_krull_vta_k5_seed0/latest.pt,/home/haselab/projects/stable-deep-world-model/logs/content_kl_kernelsize/runs/20260207_060134_krull_private_eye/atari_krull_vta_k5_seed0/train_eps/20260207T124626-7e1e93f537ba4eb6baa370b030d256f6-3511.npz,2728,2760,0.0,6.203446645258737e-09,2.0920917987823486,2.102480888366699,0.0,2.97666072845459,nan,nan,nan,nan
atari_krull,/home/haselab/projects/stable-deep-world-model/logs/content_kl_kernelsize/runs/20260207_060134_krull_private_eye/atari_krull_vta_k5_seed0,/home/haselab/projects/stable-deep-world-model/logs/content_kl_kernelsize/runs/20260207_060134_krull_private_eye/atari_krull_vta_k5_seed0/latest.pt,/home/haselab/projects/stable-deep-world-model/logs/content_kl_kernelsize/runs/20260207_060134_krull_private_eye/atari_krull_vta_k5_seed0/train_eps/20260207T124626-7e1e93f537ba4eb6baa370b030d256f6-3511.npz,2736,2768,0.0,2.6428084165530663e-09,2.0509068965911865,2.071470022201538,0.0,3.0605618953704834,nan,nan,nan,nan
atari_krull,/home/haselab/projects/stable-deep-world-model/logs/content_kl_kernelsize/runs/20260207_060134_krull_private_eye/atari_krull_vta_k5_seed0,/home/haselab/projects/stable-deep-world-model/logs/content_kl_kernelsize/runs/20260207_060134_krull_private_eye/atari_krull_vta_k5_seed0/latest.pt,/home/haselab/projects/stable-deep-world-model/logs/content_kl_kernelsize/runs/20260207_060134_krull_private_eye/atari_krull_vta_k5_seed0/train_eps/20260207T124626-7e1e93f537ba4eb6baa370b030d256f6-3511.npz,2744,2776,0.0,1.5711223433356736e-09,2.0607235431671143,2.02057147026062,0.0,3.0950777530670166,nan,nan,nan,nan
atari_krull,/home/haselab/projects/stable-deep-world-model/logs/content_kl_kernelsize/runs/20260207_060134_krull_private_eye/atari_krull_vta_k5_seed0,/home/haselab/projects/stable-deep-world-model/logs/content_kl_kernelsize/runs/20260207_060134_krull_private_eye/atari_krull_vta_k5_seed0/latest.pt,/home/haselab/projects/stable-deep-world-model/logs/content_kl_kernelsize/runs/20260207_060134_krull_private_eye/atari_krull_vta_k5_seed0/train_eps/20260207T124626-7e1e93f537ba4eb6baa370b030d256f6-3511.npz,2752,2784,0.0,6.414837550039465e-10,2.0555334091186523,2.1391825675964355,0.0,3.1961870193481445,nan,nan,nan,nan
atari_krull,/home/haselab/projects/stable-deep-world-model/logs/content_kl_kernelsize/runs/20260207_060134_krull_private_eye/atari_krull_vta_k5_seed0,/home/haselab/projects/stable-deep-world-model/logs/content_kl_kernelsize/runs/20260207_060134_krull_private_eye/atari_krull_vta_k5_seed0/latest.pt,/home/haselab/projects/stable-deep-world-model/logs/content_kl_kernelsize/runs/20260207_060134_krull_private_eye/atari_krull_vta_k5_seed0/train_eps/20260207T124626-7e1e93f537ba4eb6baa370b030d256f6-3511.npz,2760,2792,0.0,6.400741048295799e-10,1.9747151136398315,2.0654296875,0.0,3.019469738006592,nan,nan,nan,nan
atari_krull,/home/haselab/projects/stable-deep-world-model/logs/content_kl_kernelsize/runs/20260207_060134_krull_private_eye/atari_krull_vta_k5_seed0,/home/haselab/projects/stable-deep-world-model/logs/content_kl_kernelsize/runs/20260207_060134_krull_private_eye/atari_krull_vta_k5_seed0/latest.pt,/home/haselab/projects/stable-deep-world-model/logs/content_kl_kernelsize/runs/20260207_060134_krull_private_eye/atari_krull_vta_k5_seed0/train_eps/20260207T124626-7e1e93f537ba4eb6baa370b030d256f6-3511.npz,2768,2800,0.0,1.481907574429897e-08,1.9857145547866821,1.9682257175445557,0.0,2.9385476112365723,nan,nan,nan,nan
atari_krull,/home/haselab/projects/stable-deep-world-model/logs/content_kl_kernelsize/runs/20260207_060134_krull_private_eye/atari_krull_vta_k5_seed0,/home/haselab/projects/stable-deep-world-model/logs/content_kl_kernelsize/runs/20260207_060134_krull_private_eye/atari_krull_vta_k5_seed0/latest.pt,/home/haselab/projects/stable-deep-world-model/logs/content_kl_kernelsize/runs/20260207_060134_krull_private_eye/atari_krull_vta_k5_seed0/train_eps/20260207T124626-7e1e93f537ba4eb6baa370b030d256f6-3511.npz,2776,2808,0.0,1.445500963370705e-08,2.0059094429016113,2.0839362144470215,0.0,3.0274038314819336,nan,nan,nan,nan
atari_krull,/home/haselab/projects/stable-deep-world-model/logs/content_kl_kernelsize/runs/20260207_060134_krull_private_eye/atari_krull_vta_k5_seed0,/home/haselab/projects/stable-deep-world-model/logs/content_kl_kernelsize/runs/20260207_060134_krull_private_eye/atari_krull_vta_k5_seed0/latest.pt,/home/haselab/projects/stable-deep-world-model/logs/content_kl_kernelsize/runs/20260207_060134_krull_private_eye/atari_krull_vta_k5_seed0/train_eps/20260207T124626-7e1e93f537ba4eb6baa370b030d256f6-3511.npz,2784,2816,0.0,1.4429918593350521e-08,1.9926161766052246,2.0249781608581543,0.0,2.9598026275634766,nan,nan,nan,nan
atari_krull,/home/haselab/projects/stable-deep-world-model/logs/content_kl_kernelsize/runs/20260207_060134_krull_private_eye/atari_krull_vta_k5_seed0,/home/haselab/projects/stable-deep-world-model/logs/content_kl_kernelsize/runs/20260207_060134_krull_private_eye/atari_krull_vta_k5_seed0/latest.pt,/home/haselab/projects/stable-deep-world-model/logs/content_kl_kernelsize/runs/20260207_060134_krull_private_eye/atari_krull_vta_k5_seed0/train_eps/20260207T124626-7e1e93f537ba4eb6baa370b030d256f6-3511.npz,2792,2824,0.0,1.5010726883701864e-08,2.032062292098999,1.9724656343460083,0.0,3.0291190147399902,nan,nan,nan,nan
atari_krull,/home/haselab/projects/stable-deep-world-model/logs/content_kl_kernelsize/runs/20260207_060134_krull_private_eye/atari_krull_vta_k5_seed0,/home/haselab/projects/stable-deep-world-model/logs/content_kl_kernelsize/runs/20260207_060134_krull_private_eye/atari_krull_vta_k5_seed0/latest.pt,/home/haselab/projects/stable-deep-world-model/logs/content_kl_kernelsize/runs/20260207_060134_krull_private_eye/atari_krull_vta_k5_seed0/train_eps/20260207T124626-7e1e93f537ba4eb6baa370b030d256f6-3511.npz,2800,2832,0.0,6.944536057318373e-10,2.0654356479644775,2.0404162406921387,0.0,3.01314115524292,nan,nan,nan,nan
atari_krull,/home/haselab/projects/stable-deep-world-model/logs/content_kl_kernelsize/runs/20260207_060134_krull_private_eye/atari_krull_vta_k5_seed0,/home/haselab/projects/stable-deep-world-model/logs/content_kl_kernelsize/runs/20260207_060134_krull_private_eye/atari_krull_vta_k5_seed0/latest.pt,/home/haselab/projects/stable-deep-world-model/logs/content_kl_kernelsize/runs/20260207_060134_krull_private_eye/atari_krull_vta_k5_seed0/train_eps/20260207T124626-7e1e93f537ba4eb6baa370b030d256f6-3511.npz,2808,2840,0.0,6.605206936960428e-10,2.0032577514648438,1.9309046268463135,0.0,2.8806867599487305,nan,nan,nan,nan
atari_krull,/home/haselab/projects/stable-deep-world-model/logs/content_kl_kernelsize/runs/20260207_060134_krull_private_eye/atari_krull_vta_k5_seed0,/home/haselab/projects/stable-deep-world-model/logs/content_kl_kernelsize/runs/20260207_060134_krull_private_eye/atari_krull_vta_k5_seed0/latest.pt,/home/haselab/projects/stable-deep-world-model/logs/content_kl_kernelsize/runs/20260207_060134_krull_private_eye/atari_krull_vta_k5_seed0/train_eps/20260207T124626-7e1e93f537ba4eb6baa370b030d256f6-3511.npz,2816,2848,0.0,6.942251218333695e-10,1.9883654117584229,1.8573864698410034,0.0,2.774405002593994,nan,nan,nan,nan
atari_krull,/home/haselab/projects/stable-deep-world-model/logs/content_kl_kernelsize/runs/20260207_060134_krull_private_eye/atari_krull_vta_k5_seed0,/home/haselab/projects/stable-deep-world-model/logs/content_kl_kernelsize/runs/20260207_060134_krull_private_eye/atari_krull_vta_k5_seed0/latest.pt,/home/haselab/projects/stable-deep-world-model/logs/content_kl_kernelsize/runs/20260207_060134_krull_private_eye/atari_krull_vta_k5_seed0/train_eps/20260207T124626-7e1e93f537ba4eb6baa370b030d256f6-3511.npz,2824,2856,0.0,7.763768100632618e-11,2.0315566062927246,1.9334415197372437,0.0,2.7850990295410156,nan,nan,nan,nan
atari_krull,/home/haselab/projects/stable-deep-world-model/logs/content_kl_kernelsize/runs/20260207_060134_krull_private_eye/atari_krull_vta_k5_seed0,/home/haselab/projects/stable-deep-world-model/logs/content_kl_kernelsize/runs/20260207_060134_krull_private_eye/atari_krull_vta_k5_seed0/latest.pt,/home/haselab/projects/stable-deep-world-model/logs/content_kl_kernelsize/runs/20260207_060134_krull_private_eye/atari_krull_vta_k5_seed0/train_eps/20260207T124626-7e1e93f537ba4eb6baa370b030d256f6-3511.npz,2832,2864,0.0,8.24854420877763e-11,1.994117259979248,1.9061412811279297,0.0,2.8522703647613525,nan,nan,nan,nan
atari_krull,/home/haselab/projects/stable-deep-world-model/logs/content_kl_kernelsize/runs/20260207_060134_krull_private_eye/atari_krull_vta_k5_seed0,/home/haselab/projects/stable-deep-world-model/logs/content_kl_kernelsize/runs/20260207_060134_krull_private_eye/atari_krull_vta_k5_seed0/latest.pt,/home/haselab/projects/stable-deep-world-model/logs/content_kl_kernelsize/runs/20260207_060134_krull_private_eye/atari_krull_vta_k5_seed0/train_eps/20260207T124626-7e1e93f537ba4eb6baa370b030d256f6-3511.npz,2840,2872,0.03125,0.03125,1.8640121221542358,2.195816993713379,0.18051715195178986,3.1721553802490234,5.372722625732422,10.917752265930176,5.776548862457275,11.381251335144043
atari_krull,/home/haselab/projects/stable-deep-world-model/logs/content_kl_kernelsize/runs/20260207_060134_krull_private_eye/atari_krull_vta_k5_seed0,/home/haselab/projects/stable-deep-world-model/logs/content_kl_kernelsize/runs/20260207_060134_krull_private_eye/atari_krull_vta_k5_seed0/latest.pt,/home/haselab/projects/stable-deep-world-model/logs/content_kl_kernelsize/runs/20260207_060134_krull_private_eye/atari_krull_vta_k5_seed0/train_eps/20260207T124626-7e1e93f537ba4eb6baa370b030d256f6-3511.npz,2848,2880,0.03125,0.03125,1.4778168201446533,2.5266520977020264,0.18051715195178986,3.5132229328155518,5.372722625732422,10.917752265930176,5.776548862457275,11.381251335144043
atari_krull,/home/haselab/projects/stable-deep-world-model/logs/content_kl_kernelsize/runs/20260207_060134_krull_private_eye/atari_krull_vta_k5_seed0,/home/haselab/projects/stable-deep-world-model/logs/content_kl_kernelsize/runs/20260207_060134_krull_private_eye/atari_krull_vta_k5_seed0/latest.pt,/home/haselab/projects/stable-deep-world-model/logs/content_kl_kernelsize/runs/20260207_060134_krull_private_eye/atari_krull_vta_k5_seed0/train_eps/20260207T124626-7e1e93f537ba4eb6baa370b030d256f6-3511.npz,2856,2888,0.03125,0.03125,1.0990471839904785,3.136963367462158,0.18051715195178986,4.105156898498535,5.372722625732422,10.917752265930176,5.776548862457275,11.381251335144043
atari_krull,/home/haselab/projects/stable-deep-world-model/logs/content_kl_kernelsize/runs/20260207_060134_krull_private_eye/atari_krull_vta_k5_seed0,/home/haselab/projects/stable-deep-world-model/logs/content_kl_kernelsize/runs/20260207_060134_krull_private_eye/atari_krull_vta_k5_seed0/latest.pt,/home/haselab/projects/stable-deep-world-model/logs/content_kl_kernelsize/runs/20260207_060134_krull_private_eye/atari_krull_vta_k5_seed0/train_eps/20260207T124626-7e1e93f537ba4eb6baa370b030d256f6-3511.npz,2864,2896,0.03125,0.03125,0.788211464881897,4.073596477508545,0.18051715195178986,4.956387996673584,5.372722625732422,10.917752265930176,5.776548862457275,11.381251335144043
atari_krull,/home/haselab/projects/stable-deep-world-model/logs/content_kl_kernelsize/runs/20260207_060134_krull_private_eye/atari_krull_vta_k5_seed0,/home/haselab/projects/stable-deep-world-model/logs/content_kl_kernelsize/runs/20260207_060134_krull_private_eye/atari_krull_vta_k5_seed0/latest.pt,/home/haselab/projects/stable-deep-world-model/logs/content_kl_kernelsize/runs/20260207_060134_krull_private_eye/atari_krull_vta_k5_seed0/train_eps/20260207T124626-7e1e93f537ba4eb6baa370b030d256f6-3511.npz,2872,2904,0.0,8.906907871843173e-13,0.6601453423500061,4.839014053344727,0.0,5.570399284362793,nan,nan,nan,nan
atari_krull,/home/haselab/projects/stable-deep-world-model/logs/content_kl_kernelsize/runs/20260207_060134_krull_private_eye/atari_krull_vta_k5_seed0,/home/haselab/projects/stable-deep-world-model/logs/content_kl_kernelsize/runs/20260207_060134_krull_private_eye/atari_krull_vta_k5_seed0/latest.pt,/home/haselab/projects/stable-deep-world-model/logs/content_kl_kernelsize/runs/20260207_060134_krull_private_eye/atari_krull_vta_k5_seed0/train_eps/20260207T124626-7e1e93f537ba4eb6baa370b030d256f6-3511.npz,2880,2912,0.0,1.06497991848864e-12,0.7507686614990234,5.678409576416016,0.0,6.350095748901367,nan,nan,nan,nan
atari_krull,/home/haselab/projects/stable-deep-world-model/logs/content_kl_kernelsize/runs/20260207_060134_krull_private_eye/atari_krull_vta_k5_seed0,/home/haselab/projects/stable-deep-world-model/logs/content_kl_kernelsize/runs/20260207_060134_krull_private_eye/atari_krull_vta_k5_seed0/latest.pt,/home/haselab/projects/stable-deep-world-model/logs/content_kl_kernelsize/runs/20260207_060134_krull_private_eye/atari_krull_vta_k5_seed0/train_eps/20260207T124626-7e1e93f537ba4eb6baa370b030d256f6-3511.npz,2888,2920,0.0,1.2363810062560043e-12,0.7861394286155701,6.056427001953125,0.0,6.669991493225098,nan,nan,nan,nan
atari_krull,/home/haselab/projects/stable-deep-world-model/logs/content_kl_kernelsize/runs/20260207_060134_krull_private_eye/atari_krull_vta_k5_seed0,/home/haselab/projects/stable-deep-world-model/logs/content_kl_kernelsize/runs/20260207_060134_krull_private_eye/atari_krull_vta_k5_seed0/latest.pt,/home/haselab/projects/stable-deep-world-model/logs/content_kl_kernelsize/runs/20260207_060134_krull_private_eye/atari_krull_vta_k5_seed0/train_eps/20260207T124626-7e1e93f537ba4eb6baa370b030d256f6-3511.npz,2896,2928,0.0,8.403988225810788e-13,0.818577766418457,6.2117180824279785,0.0,6.767764091491699,nan,nan,nan,nan
atari_krull,/home/haselab/projects/stable-deep-world-model/logs/content_kl_kernelsize/runs/20260207_060134_krull_private_eye/atari_krull_vta_k5_seed0,/home/haselab/projects/stable-deep-world-model/logs/content_kl_kernelsize/runs/20260207_060134_krull_private_eye/atari_krull_vta_k5_seed0/latest.pt,/home/haselab/projects/stable-deep-world-model/logs/content_kl_kernelsize/runs/20260207_060134_krull_private_eye/atari_krull_vta_k5_seed0/train_eps/20260207T124626-7e1e93f537ba4eb6baa370b030d256f6-3511.npz,2904,2936,0.0,6.96904556632405e-13,0.8020363450050354,6.371897220611572,0.0,6.958154201507568,nan,nan,nan,nan
atari_krull,/home/haselab/projects/stable-deep-world-model/logs/content_kl_kernelsize/runs/20260207_060134_krull_private_eye/atari_krull_vta_k5_seed0,/home/haselab/projects/stable-deep-world-model/logs/content_kl_kernelsize/runs/20260207_060134_krull_private_eye/atari_krull_vta_k5_seed0/latest.pt,/home/haselab/projects/stable-deep-world-model/logs/content_kl_kernelsize/runs/20260207_060134_krull_private_eye/atari_krull_vta_k5_seed0/train_eps/20260207T124626-7e1e93f537ba4eb6baa370b030d256f6-3511.npz,2912,2944,0.0,7.216837804441267e-13,0.8183173537254333,6.358781337738037,0.0,6.985838890075684,nan,nan,nan,nan
atari_krull,/home/haselab/projects/stable-deep-world-model/logs/content_kl_kernelsize/runs/20260207_060134_krull_private_eye/atari_krull_vta_k5_seed0,/home/haselab/projects/stable-deep-world-model/logs/content_kl_kernelsize/runs/20260207_060134_krull_private_eye/atari_krull_vta_k5_seed0/latest.pt,/home/haselab/projects/stable-deep-world-model/logs/content_kl_kernelsize/runs/20260207_060134_krull_private_eye/atari_krull_vta_k5_seed0/train_eps/20260207T124626-7e1e93f537ba4eb6baa370b030d256f6-3511.npz,2920,2952,0.0,6.711515024293568e-13,0.8322789072990417,6.331695079803467,0.0,6.926144123077393,nan,nan,nan,nan
atari_krull,/home/haselab/projects/stable-deep-world-model/logs/content_kl_kernelsize/runs/20260207_060134_krull_private_eye/atari_krull_vta_k5_seed0,/home/haselab/projects/stable-deep-world-model/logs/content_kl_kernelsize/runs/20260207_060134_krull_private_eye/atari_krull_vta_k5_seed0/latest.pt,/home/haselab/projects/stable-deep-world-model/logs/content_kl_kernelsize/runs/20260207_060134_krull_private_eye/atari_krull_vta_k5_seed0/train_eps/20260207T124626-7e1e93f537ba4eb6baa370b030d256f6-3511.npz,2928,2960,0.0,3.29152633968266e-12,0.8446893692016602,6.083402633666992,0.0,6.67491340637207,nan,nan,nan,nan
atari_krull,/home/haselab/projects/stable-deep-world-model/logs/content_kl_kernelsize/runs/20260207_060134_krull_private_eye/atari_krull_vta_k5_seed0,/home/haselab/projects/stable-deep-world-model/logs/content_kl_kernelsize/runs/20260207_060134_krull_private_eye/atari_krull_vta_k5_seed0/latest.pt,/home/haselab/projects/stable-deep-world-model/logs/content_kl_kernelsize/runs/20260207_060134_krull_private_eye/atari_krull_vta_k5_seed0/train_eps/20260207T124626-7e1e93f537ba4eb6baa370b030d256f6-3511.npz,2936,2968,0.0,3.3825906485540624e-12,0.7479898929595947,5.3260674476623535,0.0,6.005512714385986,nan,nan,nan,nan
atari_krull,/home/haselab/projects/stable-deep-world-model/logs/content_kl_kernelsize/runs/20260207_060134_krull_private_eye/atari_krull_vta_k5_seed0,/home/haselab/projects/stable-deep-world-model/logs/content_kl_kernelsize/runs/20260207_060134_krull_private_eye/atari_krull_vta_k5_seed0/latest.pt,/home/haselab/projects/stable-deep-world-model/logs/content_kl_kernelsize/runs/20260207_060134_krull_private_eye/atari_krull_vta_k5_seed0/train_eps/20260207T124626-7e1e93f537ba4eb6baa370b030d256f6-3511.npz,2944,2976,0.0,5.921986425544423e-12,0.644500732421875,4.323472023010254,0.0,5.143360614776611,nan,nan,nan,nan
atari_krull,/home/haselab/projects/stable-deep-world-model/logs/content_kl_kernelsize/runs/20260207_060134_krull_private_eye/atari_krull_vta_k5_seed0,/home/haselab/projects/stable-deep-world-model/logs/content_kl_kernelsize/runs/20260207_060134_krull_private_eye/atari_krull_vta_k5_seed0/latest.pt,/home/haselab/projects/stable-deep-world-model/logs/content_kl_kernelsize/runs/20260207_060134_krull_private_eye/atari_krull_vta_k5_seed0/train_eps/20260207T124626-7e1e93f537ba4eb6baa370b030d256f6-3511.npz,2952,2984,0.0,5.799625536762054e-12,0.461356520652771,2.963625907897949,0.0,4.211333274841309,nan,nan,nan,nan
atari_krull,/home/haselab/projects/stable-deep-world-model/logs/content_kl_kernelsize/runs/20260207_060134_krull_private_eye/atari_krull_vta_k5_seed0,/home/haselab/projects/stable-deep-world-model/logs/content_kl_kernelsize/runs/20260207_060134_krull_private_eye/atari_krull_vta_k5_seed0/latest.pt,/home/haselab/projects/stable-deep-world-model/logs/content_kl_kernelsize/runs/20260207_060134_krull_private_eye/atari_krull_vta_k5_seed0/train_eps/20260207T124626-7e1e93f537ba4eb6baa370b030d256f6-3511.npz,2960,2992,0.0,2.951502757475577e-12,0.2547411322593689,1.8832149505615234,0.0,3.4788780212402344,nan,nan,nan,nan
atari_krull,/home/haselab/projects/stable-deep-world-model/logs/content_kl_kernelsize/runs/20260207_060134_krull_private_eye/atari_krull_vta_k5_seed0,/home/haselab/projects/stable-deep-world-model/logs/content_kl_kernelsize/runs/20260207_060134_krull_private_eye/atari_krull_vta_k5_seed0/latest.pt,/home/haselab/projects/stable-deep-world-model/logs/content_kl_kernelsize/runs/20260207_060134_krull_private_eye/atari_krull_vta_k5_seed0/train_eps/20260207T124626-7e1e93f537ba4eb6baa370b030d256f6-3511.npz,2968,3000,0.0,2.7610047494824874e-12,0.24151289463043213,1.214383602142334,0.0,3.0414626598358154,nan,nan,nan,nan
atari_krull,/home/haselab/projects/stable-deep-world-model/logs/content_kl_kernelsize/runs/20260207_060134_krull_private_eye/atari_krull_vta_k5_seed0,/home/haselab/projects/stable-deep-world-model/logs/content_kl_kernelsize/runs/20260207_060134_krull_private_eye/atari_krull_vta_k5_seed0/latest.pt,/home/haselab/projects/stable-deep-world-model/logs/content_kl_kernelsize/runs/20260207_060134_krull_private_eye/atari_krull_vta_k5_seed0/train_eps/20260207T124626-7e1e93f537ba4eb6baa370b030d256f6-3511.npz,2976,3008,0.0,6.7064871214219616e-15,0.2547062635421753,1.433896541595459,0.0,3.190591335296631,nan,nan,nan,nan
atari_krull,/home/haselab/projects/stable-deep-world-model/logs/content_kl_kernelsize/runs/20260207_060134_krull_private_eye/atari_krull_vta_k5_seed0,/home/haselab/projects/stable-deep-world-model/logs/content_kl_kernelsize/runs/20260207_060134_krull_private_eye/atari_krull_vta_k5_seed0/latest.pt,/home/haselab/projects/stable-deep-world-model/logs/content_kl_kernelsize/runs/20260207_060134_krull_private_eye/atari_krull_vta_k5_seed0/train_eps/20260207T124626-7e1e93f537ba4eb6baa370b030d256f6-3511.npz,2984,3016,0.0,2.440865621466037e-15,0.3767520487308502,2.333955764770508,0.0,3.737029552459717,nan,nan,nan,nan
atari_krull,/home/haselab/projects/stable-deep-world-model/logs/content_kl_kernelsize/runs/20260207_060134_krull_private_eye/atari_krull_vta_k5_seed0,/home/haselab/projects/stable-deep-world-model/logs/content_kl_kernelsize/runs/20260207_060134_krull_private_eye/atari_krull_vta_k5_seed0/latest.pt,/home/haselab/projects/stable-deep-world-model/logs/content_kl_kernelsize/runs/20260207_060134_krull_private_eye/atari_krull_vta_k5_seed0/train_eps/20260207T124626-7e1e93f537ba4eb6baa370b030d256f6-3511.npz,2992,3024,0.0,2.1711533904013227e-15,0.5512315034866333,3.432323455810547,0.0,4.511818885803223,nan,nan,nan,nan
atari_krull,/home/haselab/projects/stable-deep-world-model/logs/content_kl_kernelsize/runs/20260207_060134_krull_private_eye/atari_krull_vta_k5_seed0,/home/haselab/projects/stable-deep-world-model/logs/content_kl_kernelsize/runs/20260207_060134_krull_private_eye/atari_krull_vta_k5_seed0/latest.pt,/home/haselab/projects/stable-deep-world-model/logs/content_kl_kernelsize/runs/20260207_060134_krull_private_eye/atari_krull_vta_k5_seed0/train_eps/20260207T124626-7e1e93f537ba4eb6baa370b030d256f6-3511.npz,3000,3032,0.0,1.976553754110162e-14,0.6469465494155884,4.613330841064453,0.0,5.350661277770996,nan,nan,nan,nan
atari_krull,/home/haselab/projects/stable-deep-world-model/logs/content_kl_kernelsize/runs/20260207_060134_krull_private_eye/atari_krull_vta_k5_seed0,/home/haselab/projects/stable-deep-world-model/logs/content_kl_kernelsize/runs/20260207_060134_krull_private_eye/atari_krull_vta_k5_seed0/latest.pt,/home/haselab/projects/stable-deep-world-model/logs/content_kl_kernelsize/runs/20260207_060134_krull_private_eye/atari_krull_vta_k5_seed0/train_eps/20260207T124626-7e1e93f537ba4eb6baa370b030d256f6-3511.npz,3008,3040,0.0,3.404078031282211e-14,0.6897118091583252,5.238773345947266,0.0,5.892967700958252,nan,nan,nan,nan
atari_krull,/home/haselab/projects/stable-deep-world-model/logs/content_kl_kernelsize/runs/20260207_060134_krull_private_eye/atari_krull_vta_k5_seed0,/home/haselab/projects/stable-deep-world-model/logs/content_kl_kernelsize/runs/20260207_060134_krull_private_eye/atari_krull_vta_k5_seed0/latest.pt,/home/haselab/projects/stable-deep-world-model/logs/content_kl_kernelsize/runs/20260207_060134_krull_private_eye/atari_krull_vta_k5_seed0/train_eps/20260207T124626-7e1e93f537ba4eb6baa370b030d256f6-3511.npz,3016,3048,0.0,8.102639924029847e-14,0.7303682565689087,5.577756881713867,0.0,6.218265533447266,nan,nan,nan,nan
atari_krull,/home/haselab/projects/stable-deep-world-model/logs/content_kl_kernelsize/runs/20260207_060134_krull_private_eye/atari_krull_vta_k5_seed0,/home/haselab/projects/stable-deep-world-model/logs/content_kl_kernelsize/runs/20260207_060134_krull_private_eye/atari_krull_vta_k5_seed0/latest.pt,/home/haselab/projects/stable-deep-world-model/logs/content_kl_kernelsize/runs/20260207_060134_krull_private_eye/atari_krull_vta_k5_seed0/train_eps/20260207T124626-7e1e93f537ba4eb6baa370b030d256f6-3511.npz,3024,3056,0.0,1.3240370442830357e-13,0.7356771230697632,5.593452453613281,0.0,6.145824432373047,nan,nan,nan,nan
atari_krull,/home/haselab/projects/stable-deep-world-model/logs/content_kl_kernelsize/runs/20260207_060134_krull_private_eye/atari_krull_vta_k5_seed0,/home/haselab/projects/stable-deep-world-model/logs/content_kl_kernelsize/runs/20260207_060134_krull_private_eye/atari_krull_vta_k5_seed0/latest.pt,/home/haselab/projects/stable-deep-world-model/logs/content_kl_kernelsize/runs/20260207_060134_krull_private_eye/atari_krull_vta_k5_seed0/train_eps/20260207T124626-7e1e93f537ba4eb6baa370b030d256f6-3511.npz,3032,3064,0.0,1.3053813130263492e-13,0.7378183603286743,5.532426357269287,0.0,6.153273582458496,nan,nan,nan,nan
atari_krull,/home/haselab/projects/stable-deep-world-model/logs/content_kl_kernelsize/runs/20260207_060134_krull_private_eye/atari_krull_vta_k5_seed0,/home/haselab/projects/stable-deep-world-model/logs/content_kl_kernelsize/runs/20260207_060134_krull_private_eye/atari_krull_vta_k5_seed0/latest.pt,/home/haselab/projects/stable-deep-world-model/logs/content_kl_kernelsize/runs/20260207_060134_krull_private_eye/atari_krull_vta_k5_seed0/train_eps/20260207T124626-7e1e93f537ba4eb6baa370b030d256f6-3511.npz,3040,3072,0.0,3.0865574310832977e-13,0.7619665861129761,5.6315155029296875,0.0,6.3145880699157715,nan,nan,nan,nan
atari_krull,/home/haselab/projects/stable-deep-world-model/logs/content_kl_kernelsize/runs/20260207_060134_krull_private_eye/atari_krull_vta_k5_seed0,/home/haselab/projects/stable-deep-world-model/logs/content_kl_kernelsize/runs/20260207_060134_krull_private_eye/atari_krull_vta_k5_seed0/latest.pt,/home/haselab/projects/stable-deep-world-model/logs/content_kl_kernelsize/runs/20260207_060134_krull_private_eye/atari_krull_vta_k5_seed0/train_eps/20260207T124626-7e1e93f537ba4eb6baa370b030d256f6-3511.npz,3048,3080,0.0,3.596173380783496e-13,0.7394574284553528,5.520179748535156,0.0,6.2645440101623535,nan,nan,nan,nan
atari_krull,/home/haselab/projects/stable-deep-world-model/logs/content_kl_kernelsize/runs/20260207_060134_krull_private_eye/atari_krull_vta_k5_seed0,/home/haselab/projects/stable-deep-world-model/logs/content_kl_kernelsize/runs/20260207_060134_krull_private_eye/atari_krull_vta_k5_seed0/latest.pt,/home/haselab/projects/stable-deep-world-model/logs/content_kl_kernelsize/runs/20260207_060134_krull_private_eye/atari_krull_vta_k5_seed0/train_eps/20260207T124626-7e1e93f537ba4eb6baa370b030d256f6-3511.npz,3056,3088,0.0,1.0799061297972479e-12,0.7222001552581787,5.432341575622559,0.0,6.248346328735352,nan,nan,nan,nan
atari_krull,/home/haselab/projects/stable-deep-world-model/logs/content_kl_kernelsize/runs/20260207_060134_krull_private_eye/atari_krull_vta_k5_seed0,/home/haselab/projects/stable-deep-world-model/logs/content_kl_kernelsize/runs/20260207_060134_krull_private_eye/atari_krull_vta_k5_seed0/latest.pt,/home/haselab/projects/stable-deep-world-model/logs/content_kl_kernelsize/runs/20260207_060134_krull_private_eye/atari_krull_vta_k5_seed0/train_eps/20260207T124626-7e1e93f537ba4eb6baa370b030d256f6-3511.npz,3064,3096,0.0,2.986170989302539e-12,0.6657425165176392,4.893841743469238,0.0,5.80059289932251,nan,nan,nan,nan
atari_krull,/home/haselab/projects/stable-deep-world-model/logs/content_kl_kernelsize/runs/20260207_060134_krull_private_eye/atari_krull_vta_k5_seed0,/home/haselab/projects/stable-deep-world-model/logs/content_kl_kernelsize/runs/20260207_060134_krull_private_eye/atari_krull_vta_k5_seed0/latest.pt,/home/haselab/projects/stable-deep-world-model/logs/content_kl_kernelsize/runs/20260207_060134_krull_private_eye/atari_krull_vta_k5_seed0/train_eps/20260207T124626-7e1e93f537ba4eb6baa370b030d256f6-3511.npz,3072,3104,0.0,3.6626136151740596e-12,0.5494053363800049,3.813725471496582,0.0,4.89053201675415,nan,nan,nan,nan
atari_krull,/home/haselab/projects/stable-deep-world-model/logs/content_kl_kernelsize/runs/20260207_060134_krull_private_eye/atari_krull_vta_k5_seed0,/home/haselab/projects/stable-deep-world-model/logs/content_kl_kernelsize/runs/20260207_060134_krull_private_eye/atari_krull_vta_k5_seed0/latest.pt,/home/haselab/projects/stable-deep-world-model/logs/content_kl_kernelsize/runs/20260207_060134_krull_private_eye/atari_krull_vta_k5_seed0/train_eps/20260207T124626-7e1e93f537ba4eb6baa370b030d256f6-3511.npz,3080,3112,0.03125,0.03125,0.9746158123016357,3.3516182899475098,0.19357390701770782,4.337519645690918,5.526811122894287,7.855552673339844,6.19436502456665,7.921347141265869
atari_krull,/home/haselab/projects/stable-deep-world-model/logs/content_kl_kernelsize/runs/20260207_060134_krull_private_eye/atari_krull_vta_k5_seed0,/home/haselab/projects/stable-deep-world-model/logs/content_kl_kernelsize/runs/20260207_060134_krull_private_eye/atari_krull_vta_k5_seed0/latest.pt,/home/haselab/projects/stable-deep-world-model/logs/content_kl_kernelsize/runs/20260207_060134_krull_private_eye/atari_krull_vta_k5_seed0/train_eps/20260207T124626-7e1e93f537ba4eb6baa370b030d256f6-3511.npz,3088,3120,0.03125,0.03125,1.3149511814117432,2.5351920127868652,0.19357390701770782,3.5636019706726074,5.526811122894287,7.855552673339844,6.19436502456665,7.921347141265869
atari_krull,/home/haselab/projects/stable-deep-world-model/logs/content_kl_kernelsize/runs/20260207_060134_krull_private_eye/atari_krull_vta_k5_seed0,/home/haselab/projects/stable-deep-world-model/logs/content_kl_kernelsize/runs/20260207_060134_krull_private_eye/atari_krull_vta_k5_seed0/latest.pt,/home/haselab/projects/stable-deep-world-model/logs/content_kl_kernelsize/runs/20260207_060134_krull_private_eye/atari_krull_vta_k5_seed0/train_eps/20260207T124626-7e1e93f537ba4eb6baa370b030d256f6-3511.npz,3096,3128,0.03125,0.03125,1.6786829233169556,2.2647910118103027,0.19357390701770782,3.2009501457214355,5.526811122894287,7.855552673339844,6.19436502456665,7.921347141265869
atari_krull,/home/haselab/projects/stable-deep-world-model/logs/content_kl_kernelsize/runs/20260207_060134_krull_private_eye/atari_krull_vta_k5_seed0,/home/haselab/projects/stable-deep-world-model/logs/content_kl_kernelsize/runs/20260207_060134_krull_private_eye/atari_krull_vta_k5_seed0/latest.pt,/home/haselab/projects/stable-deep-world-model/logs/content_kl_kernelsize/runs/20260207_060134_krull_private_eye/atari_krull_vta_k5_seed0/train_eps/20260207T124626-7e1e93f537ba4eb6baa370b030d256f6-3511.npz,3104,3136,0.03125,0.03125,2.1047539710998535,2.338158130645752,0.19357390701770782,3.049354076385498,5.526811122894287,7.855552673339844,6.19436502456665,7.921347141265869
atari_krull,/home/haselab/projects/stable-deep-world-model/logs/content_kl_kernelsize/runs/20260207_060134_krull_private_eye/atari_krull_vta_k5_seed0,/home/haselab/projects/stable-deep-world-model/logs/content_kl_kernelsize/runs/20260207_060134_krull_private_eye/atari_krull_vta_k5_seed0/latest.pt,/home/haselab/projects/stable-deep-world-model/logs/content_kl_kernelsize/runs/20260207_060134_krull_private_eye/atari_krull_vta_k5_seed0/train_eps/20260207T124626-7e1e93f537ba4eb6baa370b030d256f6-3511.npz,3112,3144,0.0,3.4731919562602798e-09,1.9920412302017212,1.9651362895965576,0.0,2.7351248264312744,nan,nan,nan,nan
atari_krull,/home/haselab/projects/stable-deep-world-model/logs/content_kl_kernelsize/runs/20260207_060134_krull_private_eye/atari_krull_vta_k5_seed0,/home/haselab/projects/stable-deep-world-model/logs/content_kl_kernelsize/runs/20260207_060134_krull_private_eye/atari_krull_vta_k5_seed0/latest.pt,/home/haselab/projects/stable-deep-world-model/logs/content_kl_kernelsize/runs/20260207_060134_krull_private_eye/atari_krull_vta_k5_seed0/train_eps/20260207T124626-7e1e93f537ba4eb6baa370b030d256f6-3511.npz,3120,3152,0.0,3.2866707133649697e-09,1.995232343673706,2.0557541847229004,0.0,2.790816307067871,nan,nan,nan,nan
atari_krull,/home/haselab/projects/stable-deep-world-model/logs/content_kl_kernelsize/runs/20260207_060134_krull_private_eye/atari_krull_vta_k5_seed0,/home/haselab/projects/stable-deep-world-model/logs/content_kl_kernelsize/runs/20260207_060134_krull_private_eye/atari_krull_vta_k5_seed0/latest.pt,/home/haselab/projects/stable-deep-world-model/logs/content_kl_kernelsize/runs/20260207_060134_krull_private_eye/atari_krull_vta_k5_seed0/train_eps/20260207T124626-7e1e93f537ba4eb6baa370b030d256f6-3511.npz,3128,3160,0.0,3.5904865747227177e-09,2.009192943572998,2.0324325561523438,0.0,2.764585256576538,nan,nan,nan,nan
atari_krull,/home/haselab/projects/stable-deep-world-model/logs/content_kl_kernelsize/runs/20260207_060134_krull_private_eye/atari_krull_vta_k5_seed0,/home/haselab/projects/stable-deep-world-model/logs/content_kl_kernelsize/runs/20260207_060134_krull_private_eye/atari_krull_vta_k5_seed0/latest.pt,/home/haselab/projects/stable-deep-world-model/logs/content_kl_kernelsize/runs/20260207_060134_krull_private_eye/atari_krull_vta_k5_seed0/train_eps/20260207T124626-7e1e93f537ba4eb6baa370b030d256f6-3511.npz,3136,3168,0.0,4.257279861974439e-09,2.030219078063965,1.9080122709274292,0.0,2.642043113708496,nan,nan,nan,nan
atari_krull,/home/haselab/projects/stable-deep-world-model/logs/content_kl_kernelsize/runs/20260207_060134_krull_private_eye/atari_krull_vta_k5_seed0,/home/haselab/projects/stable-deep-world-model/logs/content_kl_kernelsize/runs/20260207_060134_krull_private_eye/atari_krull_vta_k5_seed0/latest.pt,/home/haselab/projects/stable-deep-world-model/logs/content_kl_kernelsize/runs/20260207_060134_krull_private_eye/atari_krull_vta_k5_seed0/train_eps/20260207T124626-7e1e93f537ba4eb6baa370b030d256f6-3511.npz,3144,3176,0.0,2.3215731559389496e-09,2.068476676940918,2.0242342948913574,0.0,2.7358994483947754,nan,nan,nan,nan
atari_krull,/home/haselab/projects/stable-deep-world-model/logs/content_kl_kernelsize/runs/20260207_060134_krull_private_eye/atari_krull_vta_k5_seed0,/home/haselab/projects/stable-deep-world-model/logs/content_kl_kernelsize/runs/20260207_060134_krull_private_eye/atari_krull_vta_k5_seed0/latest.pt,/home/haselab/projects/stable-deep-world-model/logs/content_kl_kernelsize/runs/20260207_060134_krull_private_eye/atari_krull_vta_k5_seed0/train_eps/20260207T124626-7e1e93f537ba4eb6baa370b030d256f6-3511.npz,3152,3184,0.0,2.349111127841752e-09,2.072699785232544,1.9508793354034424,0.0,2.719924211502075,nan,nan,nan,nan
atari_krull,/home/haselab/projects/stable-deep-world-model/logs/content_kl_kernelsize/runs/20260207_060134_krull_private_eye/atari_krull_vta_k5_seed0,/home/haselab/projects/stable-deep-world-model/logs/content_kl_kernelsize/runs/20260207_060134_krull_private_eye/atari_krull_vta_k5_seed0/latest.pt,/home/haselab/projects/stable-deep-world-model/logs/content_kl_kernelsize/runs/20260207_060134_krull_private_eye/atari_krull_vta_k5_seed0/train_eps/20260207T124626-7e1e93f537ba4eb6baa370b030d256f6-3511.npz,3160,3192,0.0,2.0389052668434715e-09,2.058258533477783,1.7882053852081299,0.0,2.551938533782959,nan,nan,nan,nan
atari_krull,/home/haselab/projects/stable-deep-world-model/logs/content_kl_kernelsize/runs/20260207_060134_krull_private_eye/atari_krull_vta_k5_seed0,/home/haselab/projects/stable-deep-world-model/logs/content_kl_kernelsize/runs/20260207_060134_krull_private_eye/atari_krull_vta_k5_seed0/latest.pt,/home/haselab/projects/stable-deep-world-model/logs/content_kl_kernelsize/runs/20260207_060134_krull_private_eye/atari_krull_vta_k5_seed0/train_eps/20260207T124626-7e1e93f537ba4eb6baa370b030d256f6-3511.npz,3168,3200,0.0,9.909255638262948e-10,2.0488009452819824,1.9133706092834473,0.0,2.660733699798584,nan,nan,nan,nan
atari_krull,/home/haselab/projects/stable-deep-world-model/logs/content_kl_kernelsize/runs/20260207_060134_krull_private_eye/atari_krull_vta_k5_seed0,/home/haselab/projects/stable-deep-world-model/logs/content_kl_kernelsize/runs/20260207_060134_krull_private_eye/atari_krull_vta_k5_seed0/latest.pt,/home/haselab/projects/stable-deep-world-model/logs/content_kl_kernelsize/runs/20260207_060134_krull_private_eye/atari_krull_vta_k5_seed0/train_eps/20260207T124626-7e1e93f537ba4eb6baa370b030d256f6-3511.npz,3176,3208,0.0,1.294678364516244e-09,2.056732177734375,1.8629472255706787,0.0,2.6556200981140137,nan,nan,nan,nan
atari_krull,/home/haselab/projects/stable-deep-world-model/logs/content_kl_kernelsize/runs/20260207_060134_krull_private_eye/atari_krull_vta_k5_seed0,/home/haselab/projects/stable-deep-world-model/logs/content_kl_kernelsize/runs/20260207_060134_krull_private_eye/atari_krull_vta_k5_seed0/latest.pt,/home/haselab/projects/stable-deep-world-model/logs/content_kl_kernelsize/runs/20260207_060134_krull_private_eye/atari_krull_vta_k5_seed0/train_eps/20260207T124626-7e1e93f537ba4eb6baa370b030d256f6-3511.npz,3184,3216,0.0,1.3139654919669397e-09,2.028649091720581,1.8244725465774536,0.0,2.6285672187805176,nan,nan,nan,nan
atari_krull,/home/haselab/projects/stable-deep-world-model/logs/content_kl_kernelsize/runs/20260207_060134_krull_private_eye/atari_krull_vta_k5_seed0,/home/haselab/projects/stable-deep-world-model/logs/content_kl_kernelsize/runs/20260207_060134_krull_private_eye/atari_krull_vta_k5_seed0/latest.pt,/home/haselab/projects/stable-deep-world-model/logs/content_kl_kernelsize/runs/20260207_060134_krull_private_eye/atari_krull_vta_k5_seed0/train_eps/20260207T124626-7e1e93f537ba4eb6baa370b030d256f6-3511.npz,3192,3224,0.0,1.3130300180463905e-09,2.036003351211548,1.996705174446106,0.0,2.8221657276153564,nan,nan,nan,nan
atari_krull,/home/haselab/projects/stable-deep-world-model/logs/content_kl_kernelsize/runs/20260207_060134_krull_private_eye/atari_krull_vta_k5_seed0,/home/haselab/projects/stable-deep-world-model/logs/content_kl_kernelsize/runs/20260207_060134_krull_private_eye/atari_krull_vta_k5_seed0/latest.pt,/home/haselab/projects/stable-deep-world-model/logs/content_kl_kernelsize/runs/20260207_060134_krull_private_eye/atari_krull_vta_k5_seed0/train_eps/20260207T124626-7e1e93f537ba4eb6baa370b030d256f6-3511.npz,3200,3232,0.0,1.296802221162352e-09,2.03413987159729,2.0183892250061035,0.0,2.891261339187622,nan,nan,nan,nan
atari_krull,/home/haselab/projects/stable-deep-world-model/logs/content_kl_kernelsize/runs/20260207_060134_krull_private_eye/atari_krull_vta_k5_seed0,/home/haselab/projects/stable-deep-world-model/logs/content_kl_kernelsize/runs/20260207_060134_krull_private_eye/atari_krull_vta_k5_seed0/latest.pt,/home/haselab/projects/stable-deep-world-model/logs/content_kl_kernelsize/runs/20260207_060134_krull_private_eye/atari_krull_vta_k5_seed0/train_eps/20260207T124626-7e1e93f537ba4eb6baa370b030d256f6-3511.npz,3208,3240,0.0,2.410608934688696e-10,2.0118775367736816,1.9513250589370728,0.0,2.798997640609741,nan,nan,nan,nan
atari_krull,/home/haselab/projects/stable-deep-world-model/logs/content_kl_kernelsize/runs/20260207_060134_krull_private_eye/atari_krull_vta_k5_seed0,/home/haselab/projects/stable-deep-world-model/logs/content_kl_kernelsize/runs/20260207_060134_krull_private_eye/atari_krull_vta_k5_seed0/latest.pt,/home/haselab/projects/stable-deep-world-model/logs/content_kl_kernelsize/runs/20260207_060134_krull_private_eye/atari_krull_vta_k5_seed0/train_eps/20260207T124626-7e1e93f537ba4eb6baa370b030d256f6-3511.npz,3216,3248,0.0,3.480405741385084e-09,2.0088391304016113,2.0508623123168945,0.0,2.8218932151794434,nan,nan,nan,nan
atari_krull,/home/haselab/projects/stable-deep-world-model/logs/content_kl_kernelsize/runs/20260207_060134_krull_private_eye/atari_krull_vta_k5_seed0,/home/haselab/projects/stable-deep-world-model/logs/content_kl_kernelsize/runs/20260207_060134_krull_private_eye/atari_krull_vta_k5_seed0/latest.pt,/home/haselab/projects/stable-deep-world-model/logs/content_kl_kernelsize/runs/20260207_060134_krull_private_eye/atari_krull_vta_k5_seed0/train_eps/20260207T124626-7e1e93f537ba4eb6baa370b030d256f6-3511.npz,3224,3256,0.0,4.638290640457399e-09,2.013930320739746,2.013782024383545,0.0,2.8215560913085938,nan,nan,nan,nan
atari_krull,/home/haselab/projects/stable-deep-world-model/logs/content_kl_kernelsize/runs/20260207_060134_krull_private_eye/atari_krull_vta_k5_seed0,/home/haselab/projects/stable-deep-world-model/logs/content_kl_kernelsize/runs/20260207_060134_krull_private_eye/atari_krull_vta_k5_seed0/latest.pt,/home/haselab/projects/stable-deep-world-model/logs/content_kl_kernelsize/runs/20260207_060134_krull_private_eye/atari_krull_vta_k5_seed0/train_eps/20260207T124626-7e1e93f537ba4eb6baa370b030d256f6-3511.npz,3232,3264,0.0,5.020874382921647e-09,1.999910831451416,1.855262279510498,0.0,2.6944334506988525,nan,nan,nan,nan
atari_krull,/home/haselab/projects/stable-deep-world-model/logs/content_kl_kernelsize/runs/20260207_060134_krull_private_eye/atari_krull_vta_k5_seed0,/home/haselab/projects/stable-deep-world-model/logs/content_kl_kernelsize/runs/20260207_060134_krull_private_eye/atari_krull_vta_k5_seed0/latest.pt,/home/haselab/projects/stable-deep-world-model/logs/content_kl_kernelsize/runs/20260207_060134_krull_private_eye/atari_krull_vta_k5_seed0/train_eps/20260207T124626-7e1e93f537ba4eb6baa370b030d256f6-3511.npz,3240,3272,0.0,4.861943736500507e-09,1.9986003637313843,1.9887701272964478,0.0,2.8519062995910645,nan,nan,nan,nan
atari_krull,/home/haselab/projects/stable-deep-world-model/logs/content_kl_kernelsize/runs/20260207_060134_krull_private_eye/atari_krull_vta_k5_seed0,/home/haselab/projects/stable-deep-world-model/logs/content_kl_kernelsize/runs/20260207_060134_krull_private_eye/atari_krull_vta_k5_seed0/latest.pt,/home/haselab/projects/stable-deep-world-model/logs/content_kl_kernelsize/runs/20260207_060134_krull_private_eye/atari_krull_vta_k5_seed0/train_eps/20260207T124626-7e1e93f537ba4eb6baa370b030d256f6-3511.npz,3248,3280,0.0,1.5551877563524386e-09,2.0206735134124756,1.960963249206543,0.0,2.8871679306030273,nan,nan,nan,nan
atari_krull,/home/haselab/projects/stable-deep-world-model/logs/content_kl_kernelsize/runs/20260207_060134_krull_private_eye/atari_krull_vta_k5_seed0,/home/haselab/projects/stable-deep-world-model/logs/content_kl_kernelsize/runs/20260207_060134_krull_private_eye/atari_krull_vta_k5_seed0/latest.pt,/home/haselab/projects/stable-deep-world-model/logs/content_kl_kernelsize/runs/20260207_060134_krull_private_eye/atari_krull_vta_k5_seed0/train_eps/20260207T124626-7e1e93f537ba4eb6baa370b030d256f6-3511.npz,3256,3288,0.0,4.739836301226319e-10,1.992854356765747,1.8607286214828491,0.0,2.7924180030822754,nan,nan,nan,nan
atari_krull,/home/haselab/projects/stable-deep-world-model/logs/content_kl_kernelsize/runs/20260207_060134_krull_private_eye/atari_krull_vta_k5_seed0,/home/haselab/projects/stable-deep-world-model/logs/content_kl_kernelsize/runs/20260207_060134_krull_private_eye/atari_krull_vta_k5_seed0/latest.pt,/home/haselab/projects/stable-deep-world-model/logs/content_kl_kernelsize/runs/20260207_060134_krull_private_eye/atari_krull_vta_k5_seed0/train_eps/20260207T124626-7e1e93f537ba4eb6baa370b030d256f6-3511.npz,3264,3296,0.0,9.148353602439485e-11,1.996828556060791,2.043684482574463,0.0,2.966477870941162,nan,nan,nan,nan
atari_krull,/home/haselab/projects/stable-deep-world-model/logs/content_kl_kernelsize/runs/20260207_060134_krull_private_eye/atari_krull_vta_k5_seed0,/home/haselab/projects/stable-deep-world-model/logs/content_kl_kernelsize/runs/20260207_060134_krull_private_eye/atari_krull_vta_k5_seed0/latest.pt,/home/haselab/projects/stable-deep-world-model/logs/content_kl_kernelsize/runs/20260207_060134_krull_private_eye/atari_krull_vta_k5_seed0/train_eps/20260207T124626-7e1e93f537ba4eb6baa370b030d256f6-3511.npz,3272,3304,0.0,8.334175016777579e-11,1.98994779586792,1.8972463607788086,0.0,2.7823472023010254,nan,nan,nan,nan
atari_krull,/home/haselab/projects/stable-deep-world-model/logs/content_kl_kernelsize/runs/20260207_060134_krull_private_eye/atari_krull_vta_k5_seed0,/home/haselab/projects/stable-deep-world-model/logs/content_kl_kernelsize/runs/20260207_060134_krull_private_eye/atari_krull_vta_k5_seed0/latest.pt,/home/haselab/projects/stable-deep-world-model/logs/content_kl_kernelsize/runs/20260207_060134_krull_private_eye/atari_krull_vta_k5_seed0/train_eps/20260207T124626-7e1e93f537ba4eb6baa370b030d256f6-3511.npz,3280,3312,0.0,9.33909408140643e-11,1.969760775566101,1.750076413154602,0.0,2.6458261013031006,nan,nan,nan,nan
atari_krull,/home/haselab/projects/stable-deep-world-model/logs/content_kl_kernelsize/runs/20260207_060134_krull_private_eye/atari_krull_vta_k5_seed0,/home/haselab/projects/stable-deep-world-model/logs/content_kl_kernelsize/runs/20260207_060134_krull_private_eye/atari_krull_vta_k5_seed0/latest.pt,/home/haselab/projects/stable-deep-world-model/logs/content_kl_kernelsize/runs/20260207_060134_krull_private_eye/atari_krull_vta_k5_seed0/train_eps/20260207T124626-7e1e93f537ba4eb6baa370b030d256f6-3511.npz,3288,3320,0.0,6.750155989720952e-11,1.9602763652801514,1.813117504119873,0.0,2.6933116912841797,nan,nan,nan,nan
atari_krull,/home/haselab/projects/stable-deep-world-model/logs/content_kl_kernelsize/runs/20260207_060134_krull_private_eye/atari_krull_vta_k5_seed0,/home/haselab/projects/stable-deep-world-model/logs/content_kl_kernelsize/runs/20260207_060134_krull_private_eye/atari_krull_vta_k5_seed0/latest.pt,/home/haselab/projects/stable-deep-world-model/logs/content_kl_kernelsize/runs/20260207_060134_krull_private_eye/atari_krull_vta_k5_seed0/train_eps/20260207T124626-7e1e93f537ba4eb6baa370b030d256f6-3511.npz,3296,3328,0.0,8.237778514885719e-11,1.9302752017974854,1.7313872575759888,0.0,2.5974440574645996,nan,nan,nan,nan
atari_krull,/home/haselab/projects/stable-deep-world-model/logs/content_kl_kernelsize/runs/20260207_060134_krull_private_eye/atari_krull_vta_k5_seed0,/home/haselab/projects/stable-deep-world-model/logs/content_kl_kernelsize/runs/20260207_060134_krull_private_eye/atari_krull_vta_k5_seed0/latest.pt,/home/haselab/projects/stable-deep-world-model/logs/content_kl_kernelsize/runs/20260207_060134_krull_private_eye/atari_krull_vta_k5_seed0/train_eps/20260207T124626-7e1e93f537ba4eb6baa370b030d256f6-3511.npz,3304,3336,0.0,1.5525702945495823e-10,1.888135313987732,1.7347784042358398,0.0,2.622818946838379,nan,nan,nan,nan
atari_krull,/home/haselab/projects/stable-deep-world-model/logs/content_kl_kernelsize/runs/20260207_060134_krull_private_eye/atari_krull_vta_k5_seed0,/home/haselab/projects/stable-deep-world-model/logs/content_kl_kernelsize/runs/20260207_060134_krull_private_eye/atari_krull_vta_k5_seed0/latest.pt,/home/haselab/projects/stable-deep-world-model/logs/content_kl_kernelsize/runs/20260207_060134_krull_private_eye/atari_krull_vta_k5_seed0/train_eps/20260207T124626-7e1e93f537ba4eb6baa370b030d256f6-3511.npz,3312,3344,0.0,1.5910032180599387e-09,1.8165167570114136,1.8771371841430664,0.0,2.753218650817871,nan,nan,nan,nan
atari_krull,/home/haselab/projects/stable-deep-world-model/logs/content_kl_kernelsize/runs/20260207_060134_krull_private_eye/atari_krull_vta_k5_seed0,/home/haselab/projects/stable-deep-world-model/logs/content_kl_kernelsize/runs/20260207_060134_krull_private_eye/atari_krull_vta_k5_seed0/latest.pt,/home/haselab/projects/stable-deep-world-model/logs/content_kl_kernelsize/runs/20260207_060134_krull_private_eye/atari_krull_vta_k5_seed0/train_eps/20260207T124626-7e1e93f537ba4eb6baa370b030d256f6-3511.npz,3320,3352,0.0,1.5508558881549561e-09,1.7799103260040283,1.9226109981536865,0.0,2.788844108581543,nan,nan,nan,nan
atari_krull,/home/haselab/projects/stable-deep-world-model/logs/content_kl_kernelsize/runs/20260207_060134_krull_private_eye/atari_krull_vta_k5_seed0,/home/haselab/projects/stable-deep-world-model/logs/content_kl_kernelsize/runs/20260207_060134_krull_private_eye/atari_krull_vta_k5_seed0/latest.pt,/home/haselab/projects/stable-deep-world-model/logs/content_kl_kernelsize/runs/20260207_060134_krull_private_eye/atari_krull_vta_k5_seed0/train_eps/20260207T124626-7e1e93f537ba4eb6baa370b030d256f6-3511.npz,3328,3360,0.0,1.5358476712634683e-09,1.737842321395874,1.8373053073883057,0.0,2.717568874359131,nan,nan,nan,nan
atari_krull,/home/haselab/projects/stable-deep-world-model/logs/content_kl_kernelsize/runs/20260207_060134_krull_private_eye/atari_krull_vta_k5_seed0,/home/haselab/projects/stable-deep-world-model/logs/content_kl_kernelsize/runs/20260207_060134_krull_private_eye/atari_krull_vta_k5_seed0/latest.pt,/home/haselab/projects/stable-deep-world-model/logs/content_kl_kernelsize/runs/20260207_060134_krull_private_eye/atari_krull_vta_k5_seed0/train_eps/20260207T124626-7e1e93f537ba4eb6baa370b030d256f6-3511.npz,3336,3368,0.0,1.4632831613070607e-09,1.7282096147537231,2.0531625747680664,0.0,2.8826332092285156,nan,nan,nan,nan
atari_krull,/home/haselab/projects/stable-deep-world-model/logs/content_kl_kernelsize/runs/20260207_060134_krull_private_eye/atari_krull_vta_k5_seed0,/home/haselab/projects/stable-deep-world-model/logs/content_kl_kernelsize/runs/20260207_060134_krull_private_eye/atari_krull_vta_k5_seed0/latest.pt,/home/haselab/projects/stable-deep-world-model/logs/content_kl_kernelsize/runs/20260207_060134_krull_private_eye/atari_krull_vta_k5_seed0/train_eps/20260207T124626-7e1e93f537ba4eb6baa370b030d256f6-3511.npz,3344,3376,0.0,1.1374724946666692e-11,1.7379151582717896,2.0107195377349854,0.0,2.7530460357666016,nan,nan,nan,nan
atari_krull,/home/haselab/projects/stable-deep-world-model/logs/content_kl_kernelsize/runs/20260207_060134_krull_private_eye/atari_krull_vta_k5_seed0,/home/haselab/projects/stable-deep-world-model/logs/content_kl_kernelsize/runs/20260207_060134_krull_private_eye/atari_krull_vta_k5_seed0/latest.pt,/home/haselab/projects/stable-deep-world-model/logs/content_kl_kernelsize/runs/20260207_060134_krull_private_eye/atari_krull_vta_k5_seed0/train_eps/20260207T124626-7e1e93f537ba4eb6baa370b030d256f6-3511.npz,3352,3384,0.0,4.341594900432455e-13,1.721416711807251,1.8684026002883911,0.0,2.663872003555298,nan,nan,nan,nan
atari_krull,/home/haselab/projects/stable-deep-world-model/logs/content_kl_kernelsize/runs/20260207_060134_krull_private_eye/atari_krull_vta_k5_seed0,/home/haselab/projects/stable-deep-world-model/logs/content_kl_kernelsize/runs/20260207_060134_krull_private_eye/atari_krull_vta_k5_seed0/latest.pt,/home/haselab/projects/stable-deep-world-model/logs/content_kl_kernelsize/runs/20260207_060134_krull_private_eye/atari_krull_vta_k5_seed0/train_eps/20260207T124626-7e1e93f537ba4eb6baa370b030d256f6-3511.npz,3360,3392,0.0,4.902382211117995e-13,1.7158832550048828,1.9569789171218872,0.0,2.7030954360961914,nan,nan,nan,nan
atari_krull,/home/haselab/projects/stable-deep-world-model/logs/content_kl_kernelsize/runs/20260207_060134_krull_private_eye/atari_krull_vta_k5_seed0,/home/haselab/projects/stable-deep-world-model/logs/content_kl_kernelsize/runs/20260207_060134_krull_private_eye/atari_krull_vta_k5_seed0/latest.pt,/home/haselab/projects/stable-deep-world-model/logs/content_kl_kernelsize/runs/20260207_060134_krull_private_eye/atari_krull_vta_k5_seed0/train_eps/20260207T124626-7e1e93f537ba4eb6baa370b030d256f6-3511.npz,3368,3400,0.0,2.1037900154591282e-12,1.7101426124572754,1.8617914915084839,0.0,2.6480226516723633,nan,nan,nan,nan
atari_krull,/home/haselab/projects/stable-deep-world-model/logs/content_kl_kernelsize/runs/20260207_060134_krull_private_eye/atari_krull_vta_k5_seed0,/home/haselab/projects/stable-deep-world-model/logs/content_kl_kernelsize/runs/20260207_060134_krull_private_eye/atari_krull_vta_k5_seed0/latest.pt,/home/haselab/projects/stable-deep-world-model/logs/content_kl_kernelsize/runs/20260207_060134_krull_private_eye/atari_krull_vta_k5_seed0/train_eps/20260207T124626-7e1e93f537ba4eb6baa370b030d256f6-3511.npz,3376,3408,0.0,1.0212269918596917e-10,1.7564442157745361,1.8056833744049072,0.0,2.670426845550537,nan,nan,nan,nan
atari_krull,/home/haselab/projects/stable-deep-world-model/logs/content_kl_kernelsize/runs/20260207_060134_krull_private_eye/atari_krull_vta_k5_seed0,/home/haselab/projects/stable-deep-world-model/logs/content_kl_kernelsize/runs/20260207_060134_krull_private_eye/atari_krull_vta_k5_seed0/latest.pt,/home/haselab/projects/stable-deep-world-model/logs/content_kl_kernelsize/runs/20260207_060134_krull_private_eye/atari_krull_vta_k5_seed0/train_eps/20260207T124626-7e1e93f537ba4eb6baa370b030d256f6-3511.npz,3384,3416,0.0,1.173064284598624e-10,1.7919809818267822,2.0068061351776123,0.0,2.8411002159118652,nan,nan,nan,nan
atari_krull,/home/haselab/projects/stable-deep-world-model/logs/content_kl_kernelsize/runs/20260207_060134_krull_private_eye/atari_krull_vta_k5_seed0,/home/haselab/projects/stable-deep-world-model/logs/content_kl_kernelsize/runs/20260207_060134_krull_private_eye/atari_krull_vta_k5_seed0/latest.pt,/home/haselab/projects/stable-deep-world-model/logs/content_kl_kernelsize/runs/20260207_060134_krull_private_eye/atari_krull_vta_k5_seed0/train_eps/20260207T124626-7e1e93f537ba4eb6baa370b030d256f6-3511.npz,3392,3424,0.0,1.84848636397561e-10,1.8290942907333374,2.010234832763672,0.0,2.8158464431762695,nan,nan,nan,nan
atari_krull,/home/haselab/projects/stable-deep-world-model/logs/content_kl_kernelsize/runs/20260207_060134_krull_private_eye/atari_krull_vta_k5_seed0,/home/haselab/projects/stable-deep-world-model/logs/content_kl_kernelsize/runs/20260207_060134_krull_private_eye/atari_krull_vta_k5_seed0/latest.pt,/home/haselab/projects/stable-deep-world-model/logs/content_kl_kernelsize/runs/20260207_060134_krull_private_eye/atari_krull_vta_k5_seed0/train_eps/20260207T124626-7e1e93f537ba4eb6baa370b030d256f6-3511.npz,3400,3432,0.0,5.350797027681153e-10,1.8532459735870361,1.987790584564209,0.0,2.8196334838867188,nan,nan,nan,nan
atari_krull,/home/haselab/projects/stable-deep-world-model/logs/content_kl_kernelsize/runs/20260207_060134_krull_private_eye/atari_krull_vta_k5_seed0,/home/haselab/projects/stable-deep-world-model/logs/content_kl_kernelsize/runs/20260207_060134_krull_private_eye/atari_krull_vta_k5_seed0/latest.pt,/home/haselab/projects/stable-deep-world-model/logs/content_kl_kernelsize/runs/20260207_060134_krull_private_eye/atari_krull_vta_k5_seed0/train_eps/20260207T124626-7e1e93f537ba4eb6baa370b030d256f6-3511.npz,3408,3440,0.0,4.84942919154463e-10,1.8039919137954712,2.0499367713928223,0.0,2.869384765625,nan,nan,nan,nan
atari_krull,/home/haselab/projects/stable-deep-world-model/logs/content_kl_kernelsize/runs/20260207_060134_krull_private_eye/atari_krull_vta_k5_seed0,/home/haselab/projects/stable-deep-world-model/logs/content_kl_kernelsize/runs/20260207_060134_krull_private_eye/atari_krull_vta_k5_seed0/latest.pt,/home/haselab/projects/stable-deep-world-model/logs/content_kl_kernelsize/runs/20260207_060134_krull_private_eye/atari_krull_vta_k5_seed0/train_eps/20260207T124626-7e1e93f537ba4eb6baa370b030d256f6-3511.npz,3416,3448,0.0,4.862351632439754e-10,1.8144288063049316,1.963474988937378,0.0,2.785088539123535,nan,nan,nan,nan
atari_krull,/home/haselab/projects/stable-deep-world-model/logs/content_kl_kernelsize/runs/20260207_060134_krull_private_eye/atari_krull_vta_k5_seed0,/home/haselab/projects/stable-deep-world-model/logs/content_kl_kernelsize/runs/20260207_060134_krull_private_eye/atari_krull_vta_k5_seed0/latest.pt,/home/haselab/projects/stable-deep-world-model/logs/content_kl_kernelsize/runs/20260207_060134_krull_private_eye/atari_krull_vta_k5_seed0/train_eps/20260207T124626-7e1e93f537ba4eb6baa370b030d256f6-3511.npz,3424,3456,0.0,1.2599099541432679e-09,1.8273658752441406,1.952646017074585,0.0,2.871030807495117,nan,nan,nan,nan
atari_krull,/home/haselab/projects/stable-deep-world-model/logs/content_kl_kernelsize/runs/20260207_060134_krull_private_eye/atari_krull_vta_k5_seed0,/home/haselab/projects/stable-deep-world-model/logs/content_kl_kernelsize/runs/20260207_060134_krull_private_eye/atari_krull_vta_k5_seed0/latest.pt,/home/haselab/projects/stable-deep-world-model/logs/content_kl_kernelsize/runs/20260207_060134_krull_private_eye/atari_krull_vta_k5_seed0/train_eps/20260207T124626-7e1e93f537ba4eb6baa370b030d256f6-3511.npz,3432,3464,0.0,1.3195892734074732e-07,1.8292107582092285,2.0000271797180176,0.0,2.878572702407837,nan,nan,nan,nan
atari_krull,/home/haselab/projects/stable-deep-world-model/logs/content_kl_kernelsize/runs/20260207_060134_krull_private_eye/atari_krull_vta_k5_seed0,/home/haselab/projects/stable-deep-world-model/logs/content_kl_kernelsize/runs/20260207_060134_krull_private_eye/atari_krull_vta_k5_seed0/latest.pt,/home/haselab/projects/stable-deep-world-model/logs/content_kl_kernelsize/runs/20260207_060134_krull_private_eye/atari_krull_vta_k5_seed0/train_eps/20260207T124626-7e1e93f537ba4eb6baa370b030d256f6-3511.npz,3440,3472,0.0,2.265792176103787e-07,1.860379934310913,2.0566954612731934,0.0,2.890585422515869,nan,nan,nan,nan
atari_krull,/home/haselab/projects/stable-deep-world-model/logs/content_kl_kernelsize/runs/20260207_060134_krull_private_eye/atari_krull_vta_k5_seed0,/home/haselab/projects/stable-deep-world-model/logs/content_kl_kernelsize/runs/20260207_060134_krull_private_eye/atari_krull_vta_k5_seed0/latest.pt,/home/haselab/projects/stable-deep-world-model/logs/content_kl_kernelsize/runs/20260207_060134_krull_private_eye/atari_krull_vta_k5_seed0/train_eps/20260207T124626-7e1e93f537ba4eb6baa370b030d256f6-3511.npz,3448,3480,0.0,2.265788623390108e-07,1.8901758193969727,2.12937593460083,0.0,2.915335178375244,nan,nan,nan,nan
atari_krull,/home/haselab/projects/stable-deep-world-model/logs/content_kl_kernelsize/runs/20260207_060134_krull_private_eye/atari_krull_vta_k5_seed0,/home/haselab/projects/stable-deep-world-model/logs/content_kl_kernelsize/runs/20260207_060134_krull_private_eye/atari_krull_vta_k5_seed0/latest.pt,/home/haselab/projects/stable-deep-world-model/logs/content_kl_kernelsize/runs/20260207_060134_krull_private_eye/atari_krull_vta_k5_seed0/train_eps/20260207T124626-7e1e93f537ba4eb6baa370b030d256f6-3511.npz,3456,3488,0.0,2.2608176664107305e-07,1.9479658603668213,2.28326416015625,0.0,3.02414870262146,nan,nan,nan,nan
atari_krull,/home/haselab/projects/stable-deep-world-model/logs/content_kl_kernelsize/runs/20260207_060134_krull_private_eye/atari_krull_vta_k5_seed0,/home/haselab/projects/stable-deep-world-model/logs/content_kl_kernelsize/runs/20260207_060134_krull_private_eye/atari_krull_vta_k5_seed0/latest.pt,/home/haselab/projects/stable-deep-world-model/logs/content_kl_kernelsize/runs/20260207_060134_krull_private_eye/atari_krull_vta_k5_seed0/train_eps/20260207T124626-7e1e93f537ba4eb6baa370b030d256f6-3511.npz,3464,3496,0.0,9.526416988592246e-08,2.043410062789917,2.2288436889648438,0.0,2.932100772857666,nan,nan,nan,nan
atari_krull,/home/haselab/projects/stable-deep-world-model/logs/content_kl_kernelsize/runs/20260207_060134_krull_private_eye/atari_krull_vta_k5_seed0,/home/haselab/projects/stable-deep-world-model/logs/content_kl_kernelsize/runs/20260207_060134_krull_private_eye/atari_krull_vta_k5_seed0/latest.pt,/home/haselab/projects/stable-deep-world-model/logs/content_kl_kernelsize/runs/20260207_060134_krull_private_eye/atari_krull_vta_k5_seed0/train_eps/20260207T124626-7e1e93f537ba4eb6baa370b030d256f6-3511.npz,3472,3504,0.0,6.109071026827451e-10,2.124236822128296,2.0663068294525146,0.0,2.7845354080200195,nan,nan,nan,nan
