task,logdir,ckpt,episode,window_start,window_end,boundary_rate,read_prob_mean,abs_l2_mean,obs_l2_mean,abs_stoch_l2_mean,obs_stoch_l2_mean,abs_l2_read_mean,obs_l2_read_mean,abs_stoch_l2_read_mean,obs_stoch_l2_read_mean
atari_private_eye,/home/haselab/projects/stable-deep-world-model/logs/content_kl_kernelsize/runs/20260207_060134_krull_private_eye/atari_private_eye_vta_k1_seed0,/home/haselab/projects/stable-deep-world-model/logs/content_kl_kernelsize/runs/20260207_060134_krull_private_eye/atari_private_eye_vta_k1_seed0/latest.pt,/home/haselab/projects/stable-deep-world-model/logs/content_kl_kernelsize/runs/20260207_060134_krull_private_eye/atari_private_eye_vta_k1_seed0/train_eps/20260207T135356-623cc9838618413ab383254def4ae298-2699.npz,0,32,0.0,5.91438183150661e-12,1.4207065105438232,2.6761343479156494,0.0,3.2472543716430664,nan,nan,nan,nan
atari_private_eye,/home/haselab/projects/stable-deep-world-model/logs/content_kl_kernelsize/runs/20260207_060134_krull_private_eye/atari_private_eye_vta_k1_seed0,/home/haselab/projects/stable-deep-world-model/logs/content_kl_kernelsize/runs/20260207_060134_krull_private_eye/atari_private_eye_vta_k1_seed0/latest.pt,/home/haselab/projects/stable-deep-world-model/logs/content_kl_kernelsize/runs/20260207_060134_krull_private_eye/atari_private_eye_vta_k1_seed0/train_eps/20260207T135356-623cc9838618413ab383254def4ae298-2699.npz,8,40,0.0,7.975249800840079e-12,1.4665710926055908,2.730869770050049,0.0,3.273674964904785,nan,nan,nan,nan
atari_private_eye,/home/haselab/projects/stable-deep-world-model/logs/content_kl_kernelsize/runs/20260207_060134_krull_private_eye/atari_private_eye_vta_k1_seed0,/home/haselab/projects/stable-deep-world-model/logs/content_kl_kernelsize/runs/20260207_060134_krull_private_eye/atari_private_eye_vta_k1_seed0/latest.pt,/home/haselab/projects/stable-deep-world-model/logs/content_kl_kernelsize/runs/20260207_060134_krull_private_eye/atari_private_eye_vta_k1_seed0/train_eps/20260207T135356-623cc9838618413ab383254def4ae298-2699.npz,16,48,0.0,1.1149048698144703e-11,1.4501221179962158,2.6789655685424805,0.0,3.218258857727051,nan,nan,nan,nan
atari_private_eye,/home/haselab/projects/stable-deep-world-model/logs/content_kl_kernelsize/runs/20260207_060134_krull_private_eye/atari_private_eye_vta_k1_seed0,/home/haselab/projects/stable-deep-world-model/logs/content_kl_kernelsize/runs/20260207_060134_krull_private_eye/atari_private_eye_vta_k1_seed0/latest.pt,/home/haselab/projects/stable-deep-world-model/logs/content_kl_kernelsize/runs/20260207_060134_krull_private_eye/atari_private_eye_vta_k1_seed0/train_eps/20260207T135356-623cc9838618413ab383254def4ae298-2699.npz,24,56,0.0,8.526603034741953e-12,1.5423085689544678,2.650285243988037,0.0,3.2122151851654053,nan,nan,nan,nan
atari_private_eye,/home/haselab/projects/stable-deep-world-model/logs/content_kl_kernelsize/runs/20260207_060134_krull_private_eye/atari_private_eye_vta_k1_seed0,/home/haselab/projects/stable-deep-world-model/logs/content_kl_kernelsize/runs/20260207_060134_krull_private_eye/atari_private_eye_vta_k1_seed0/latest.pt,/home/haselab/projects/stable-deep-world-model/logs/content_kl_kernelsize/runs/20260207_060134_krull_private_eye/atari_private_eye_vta_k1_seed0/train_eps/20260207T135356-623cc9838618413ab383254def4ae298-2699.npz,32,64,0.0,8.698273004648094e-12,1.5157215595245361,2.4698734283447266,0.0,3.1568267345428467,nan,nan,nan,nan
atari_private_eye,/home/haselab/projects/stable-deep-world-model/logs/content_kl_kernelsize/runs/20260207_060134_krull_private_eye/atari_private_eye_vta_k1_seed0,/home/haselab/projects/stable-deep-world-model/logs/content_kl_kernelsize/runs/20260207_060134_krull_private_eye/atari_private_eye_vta_k1_seed0/latest.pt,/home/haselab/projects/stable-deep-world-model/logs/content_kl_kernelsize/runs/20260207_060134_krull_private_eye/atari_private_eye_vta_k1_seed0/train_eps/20260207T135356-623cc9838618413ab383254def4ae298-2699.npz,40,72,0.0,8.40370047855421e-12,1.622978687286377,2.6285488605499268,0.0,3.3436460494995117,nan,nan,nan,nan
atari_private_eye,/home/haselab/projects/stable-deep-world-model/logs/content_kl_kernelsize/runs/20260207_060134_krull_private_eye/atari_private_eye_vta_k1_seed0,/home/haselab/projects/stable-deep-world-model/logs/content_kl_kernelsize/runs/20260207_060134_krull_private_eye/atari_private_eye_vta_k1_seed0/latest.pt,/home/haselab/projects/stable-deep-world-model/logs/content_kl_kernelsize/runs/20260207_060134_krull_private_eye/atari_private_eye_vta_k1_seed0/train_eps/20260207T135356-623cc9838618413ab383254def4ae298-2699.npz,48,80,0.0,4.546668163490919e-12,1.6208239793777466,2.6433963775634766,0.0,3.321498394012451,nan,nan,nan,nan
atari_private_eye,/home/haselab/projects/stable-deep-world-model/logs/content_kl_kernelsize/runs/20260207_060134_krull_private_eye/atari_private_eye_vta_k1_seed0,/home/haselab/projects/stable-deep-world-model/logs/content_kl_kernelsize/runs/20260207_060134_krull_private_eye/atari_private_eye_vta_k1_seed0/latest.pt,/home/haselab/projects/stable-deep-world-model/logs/content_kl_kernelsize/runs/20260207_060134_krull_private_eye/atari_private_eye_vta_k1_seed0/train_eps/20260207T135356-623cc9838618413ab383254def4ae298-2699.npz,56,88,0.0,3.879649639743077e-12,1.6338400840759277,2.7552013397216797,0.0,3.427466869354248,nan,nan,nan,nan
atari_private_eye,/home/haselab/projects/stable-deep-world-model/logs/content_kl_kernelsize/runs/20260207_060134_krull_private_eye/atari_private_eye_vta_k1_seed0,/home/haselab/projects/stable-deep-world-model/logs/content_kl_kernelsize/runs/20260207_060134_krull_private_eye/atari_private_eye_vta_k1_seed0/latest.pt,/home/haselab/projects/stable-deep-world-model/logs/content_kl_kernelsize/runs/20260207_060134_krull_private_eye/atari_private_eye_vta_k1_seed0/train_eps/20260207T135356-623cc9838618413ab383254def4ae298-2699.npz,64,96,0.0,4.244723929985872e-12,1.9959688186645508,3.7640130519866943,0.0,4.306118965148926,nan,nan,nan,nan
atari_private_eye,/home/haselab/projects/stable-deep-world-model/logs/content_kl_kernelsize/runs/20260207_060134_krull_private_eye/atari_private_eye_vta_k1_seed0,/home/haselab/projects/stable-deep-world-model/logs/content_kl_kernelsize/runs/20260207_060134_krull_private_eye/atari_private_eye_vta_k1_seed0/latest.pt,/home/haselab/projects/stable-deep-world-model/logs/content_kl_kernelsize/runs/20260207_060134_krull_private_eye/atari_private_eye_vta_k1_seed0/train_eps/20260207T135356-623cc9838618413ab383254def4ae298-2699.npz,72,104,0.0,4.552504206944974e-12,1.7633213996887207,3.389207363128662,0.0,3.9440488815307617,nan,nan,nan,nan
atari_private_eye,/home/haselab/projects/stable-deep-world-model/logs/content_kl_kernelsize/runs/20260207_060134_krull_private_eye/atari_private_eye_vta_k1_seed0,/home/haselab/projects/stable-deep-world-model/logs/content_kl_kernelsize/runs/20260207_060134_krull_private_eye/atari_private_eye_vta_k1_seed0/latest.pt,/home/haselab/projects/stable-deep-world-model/logs/content_kl_kernelsize/runs/20260207_060134_krull_private_eye/atari_private_eye_vta_k1_seed0/train_eps/20260207T135356-623cc9838618413ab383254def4ae298-2699.npz,80,112,0.0,6.171758850509468e-12,1.8296427726745605,3.4749929904937744,0.0,3.986485719680786,nan,nan,nan,nan
atari_private_eye,/home/haselab/projects/stable-deep-world-model/logs/content_kl_kernelsize/runs/20260207_060134_krull_private_eye/atari_private_eye_vta_k1_seed0,/home/haselab/projects/stable-deep-world-model/logs/content_kl_kernelsize/runs/20260207_060134_krull_private_eye/atari_private_eye_vta_k1_seed0/latest.pt,/home/haselab/projects/stable-deep-world-model/logs/content_kl_kernelsize/runs/20260207_060134_krull_private_eye/atari_private_eye_vta_k1_seed0/train_eps/20260207T135356-623cc9838618413ab383254def4ae298-2699.npz,88,120,0.0,6.132310804984886e-12,1.8508460521697998,3.520185947418213,0.0,3.955293655395508,nan,nan,nan,nan
atari_private_eye,/home/haselab/projects/stable-deep-world-model/logs/content_kl_kernelsize/runs/20260207_060134_krull_private_eye/atari_private_eye_vta_k1_seed0,/home/haselab/projects/stable-deep-world-model/logs/content_kl_kernelsize/runs/20260207_060134_krull_private_eye/atari_private_eye_vta_k1_seed0/latest.pt,/home/haselab/projects/stable-deep-world-model/logs/content_kl_kernelsize/runs/20260207_060134_krull_private_eye/atari_private_eye_vta_k1_seed0/train_eps/20260207T135356-623cc9838618413ab383254def4ae298-2699.npz,96,128,0.0,4.897432719780381e-12,1.5122601985931396,2.604641914367676,0.0,3.0299620628356934,nan,nan,nan,nan
atari_private_eye,/home/haselab/projects/stable-deep-world-model/logs/content_kl_kernelsize/runs/20260207_060134_krull_private_eye/atari_private_eye_vta_k1_seed0,/home/haselab/projects/stable-deep-world-model/logs/content_kl_kernelsize/runs/20260207_060134_krull_private_eye/atari_private_eye_vta_k1_seed0/latest.pt,/home/haselab/projects/stable-deep-world-model/logs/content_kl_kernelsize/runs/20260207_060134_krull_private_eye/atari_private_eye_vta_k1_seed0/train_eps/20260207T135356-623cc9838618413ab383254def4ae298-2699.npz,104,136,0.0,2.8430079471175596e-12,1.6473569869995117,2.85817813873291,0.0,3.2495970726013184,nan,nan,nan,nan
atari_private_eye,/home/haselab/projects/stable-deep-world-model/logs/content_kl_kernelsize/runs/20260207_060134_krull_private_eye/atari_private_eye_vta_k1_seed0,/home/haselab/projects/stable-deep-world-model/logs/content_kl_kernelsize/runs/20260207_060134_krull_private_eye/atari_private_eye_vta_k1_seed0/latest.pt,/home/haselab/projects/stable-deep-world-model/logs/content_kl_kernelsize/runs/20260207_060134_krull_private_eye/atari_private_eye_vta_k1_seed0/train_eps/20260207T135356-623cc9838618413ab383254def4ae298-2699.npz,112,144,0.0,6.843730226621658e-13,1.6276025772094727,2.7872869968414307,0.0,3.2379932403564453,nan,nan,nan,nan
atari_private_eye,/home/haselab/projects/stable-deep-world-model/logs/content_kl_kernelsize/runs/20260207_060134_krull_private_eye/atari_private_eye_vta_k1_seed0,/home/haselab/projects/stable-deep-world-model/logs/content_kl_kernelsize/runs/20260207_060134_krull_private_eye/atari_private_eye_vta_k1_seed0/latest.pt,/home/haselab/projects/stable-deep-world-model/logs/content_kl_kernelsize/runs/20260207_060134_krull_private_eye/atari_private_eye_vta_k1_seed0/train_eps/20260207T135356-623cc9838618413ab383254def4ae298-2699.npz,120,152,0.0,7.542610199612332e-13,1.6324492692947388,2.8163094520568848,0.0,3.353701114654541,nan,nan,nan,nan
atari_private_eye,/home/haselab/projects/stable-deep-world-model/logs/content_kl_kernelsize/runs/20260207_060134_krull_private_eye/atari_private_eye_vta_k1_seed0,/home/haselab/projects/stable-deep-world-model/logs/content_kl_kernelsize/runs/20260207_060134_krull_private_eye/atari_private_eye_vta_k1_seed0/latest.pt,/home/haselab/projects/stable-deep-world-model/logs/content_kl_kernelsize/runs/20260207_060134_krull_private_eye/atari_private_eye_vta_k1_seed0/train_eps/20260207T135356-623cc9838618413ab383254def4ae298-2699.npz,128,160,0.0,3.2922982916294696e-12,1.6303855180740356,2.758384943008423,0.0,3.352222442626953,nan,nan,nan,nan
atari_private_eye,/home/haselab/projects/stable-deep-world-model/logs/content_kl_kernelsize/runs/20260207_060134_krull_private_eye/atari_private_eye_vta_k1_seed0,/home/haselab/projects/stable-deep-world-model/logs/content_kl_kernelsize/runs/20260207_060134_krull_private_eye/atari_private_eye_vta_k1_seed0/latest.pt,/home/haselab/projects/stable-deep-world-model/logs/content_kl_kernelsize/runs/20260207_060134_krull_private_eye/atari_private_eye_vta_k1_seed0/train_eps/20260207T135356-623cc9838618413ab383254def4ae298-2699.npz,136,168,0.0,2.250690432636926e-11,1.6271183490753174,2.6444127559661865,0.0,3.3817825317382812,nan,nan,nan,nan
atari_private_eye,/home/haselab/projects/stable-deep-world-model/logs/content_kl_kernelsize/runs/20260207_060134_krull_private_eye/atari_private_eye_vta_k1_seed0,/home/haselab/projects/stable-deep-world-model/logs/content_kl_kernelsize/runs/20260207_060134_krull_private_eye/atari_private_eye_vta_k1_seed0/latest.pt,/home/haselab/projects/stable-deep-world-model/logs/content_kl_kernelsize/runs/20260207_060134_krull_private_eye/atari_private_eye_vta_k1_seed0/train_eps/20260207T135356-623cc9838618413ab383254def4ae298-2699.npz,144,176,0.0,2.276230072484342e-11,1.6571335792541504,2.608607769012451,0.0,3.4420831203460693,nan,nan,nan,nan
atari_private_eye,/home/haselab/projects/stable-deep-world-model/logs/content_kl_kernelsize/runs/20260207_060134_krull_private_eye/atari_private_eye_vta_k1_seed0,/home/haselab/projects/stable-deep-world-model/logs/content_kl_kernelsize/runs/20260207_060134_krull_private_eye/atari_private_eye_vta_k1_seed0/latest.pt,/home/haselab/projects/stable-deep-world-model/logs/content_kl_kernelsize/runs/20260207_060134_krull_private_eye/atari_private_eye_vta_k1_seed0/train_eps/20260207T135356-623cc9838618413ab383254def4ae298-2699.npz,152,184,0.0,2.695409347108768e-11,1.782892107963562,2.742259979248047,0.0,3.5561070442199707,nan,nan,nan,nan
atari_private_eye,/home/haselab/projects/stable-deep-world-model/logs/content_kl_kernelsize/runs/20260207_060134_krull_private_eye/atari_private_eye_vta_k1_seed0,/home/haselab/projects/stable-deep-world-model/logs/content_kl_kernelsize/runs/20260207_060134_krull_private_eye/atari_private_eye_vta_k1_seed0/latest.pt,/home/haselab/projects/stable-deep-world-model/logs/content_kl_kernelsize/runs/20260207_060134_krull_private_eye/atari_private_eye_vta_k1_seed0/train_eps/20260207T135356-623cc9838618413ab383254def4ae298-2699.npz,160,192,0.0,2.620576672329733e-11,1.7740130424499512,2.7554771900177,0.0,3.5574493408203125,nan,nan,nan,nan
atari_private_eye,/home/haselab/projects/stable-deep-world-model/logs/content_kl_kernelsize/runs/20260207_060134_krull_private_eye/atari_private_eye_vta_k1_seed0,/home/haselab/projects/stable-deep-world-model/logs/content_kl_kernelsize/runs/20260207_060134_krull_private_eye/atari_private_eye_vta_k1_seed0/latest.pt,/home/haselab/projects/stable-deep-world-model/logs/content_kl_kernelsize/runs/20260207_060134_krull_private_eye/atari_private_eye_vta_k1_seed0/train_eps/20260207T135356-623cc9838618413ab383254def4ae298-2699.npz,168,200,0.0,9.677143635034025e-12,1.696028232574463,2.7303504943847656,0.0,3.417231559753418,nan,nan,nan,nan
atari_private_eye,/home/haselab/projects/stable-deep-world-model/logs/content_kl_kernelsize/runs/20260207_060134_krull_private_eye/atari_private_eye_vta_k1_seed0,/home/haselab/projects/stable-deep-world-model/logs/content_kl_kernelsize/runs/20260207_060134_krull_private_eye/atari_private_eye_vta_k1_seed0/latest.pt,/home/haselab/projects/stable-deep-world-model/logs/content_kl_kernelsize/runs/20260207_060134_krull_private_eye/atari_private_eye_vta_k1_seed0/train_eps/20260207T135356-623cc9838618413ab383254def4ae298-2699.npz,176,208,0.0,1.5763324673345736e-11,1.6055855751037598,2.6100480556488037,0.0,3.1884751319885254,nan,nan,nan,nan
atari_private_eye,/home/haselab/projects/stable-deep-world-model/logs/content_kl_kernelsize/runs/20260207_060134_krull_private_eye/atari_private_eye_vta_k1_seed0,/home/haselab/projects/stable-deep-world-model/logs/content_kl_kernelsize/runs/20260207_060134_krull_private_eye/atari_private_eye_vta_k1_seed0/latest.pt,/home/haselab/projects/stable-deep-world-model/logs/content_kl_kernelsize/runs/20260207_060134_krull_private_eye/atari_private_eye_vta_k1_seed0/train_eps/20260207T135356-623cc9838618413ab383254def4ae298-2699.npz,184,216,0.0,1.773578506281126e-11,1.4704768657684326,2.464590311050415,0.0,3.0091700553894043,nan,nan,nan,nan
atari_private_eye,/home/haselab/projects/stable-deep-world-model/logs/content_kl_kernelsize/runs/20260207_060134_krull_private_eye/atari_private_eye_vta_k1_seed0,/home/haselab/projects/stable-deep-world-model/logs/content_kl_kernelsize/runs/20260207_060134_krull_private_eye/atari_private_eye_vta_k1_seed0/latest.pt,/home/haselab/projects/stable-deep-world-model/logs/content_kl_kernelsize/runs/20260207_060134_krull_private_eye/atari_private_eye_vta_k1_seed0/train_eps/20260207T135356-623cc9838618413ab383254def4ae298-2699.npz,192,224,0.0,1.7216670797348677e-11,1.2643263339996338,2.2066051959991455,0.0,2.800077438354492,nan,nan,nan,nan
atari_private_eye,/home/haselab/projects/stable-deep-world-model/logs/content_kl_kernelsize/runs/20260207_060134_krull_private_eye/atari_private_eye_vta_k1_seed0,/home/haselab/projects/stable-deep-world-model/logs/content_kl_kernelsize/runs/20260207_060134_krull_private_eye/atari_private_eye_vta_k1_seed0/latest.pt,/home/haselab/projects/stable-deep-world-model/logs/content_kl_kernelsize/runs/20260207_060134_krull_private_eye/atari_private_eye_vta_k1_seed0/train_eps/20260207T135356-623cc9838618413ab383254def4ae298-2699.npz,200,232,0.0,4.461354202733858e-11,1.0755207538604736,1.8337900638580322,0.0,2.513059616088867,nan,nan,nan,nan
atari_private_eye,/home/haselab/projects/stable-deep-world-model/logs/content_kl_kernelsize/runs/20260207_060134_krull_private_eye/atari_private_eye_vta_k1_seed0,/home/haselab/projects/stable-deep-world-model/logs/content_kl_kernelsize/runs/20260207_060134_krull_private_eye/atari_private_eye_vta_k1_seed0/latest.pt,/home/haselab/projects/stable-deep-world-model/logs/content_kl_kernelsize/runs/20260207_060134_krull_private_eye/atari_private_eye_vta_k1_seed0/train_eps/20260207T135356-623cc9838618413ab383254def4ae298-2699.npz,208,240,0.0,4.2649814235851125e-11,1.1771618127822876,2.0984978675842285,0.0,2.7230262756347656,nan,nan,nan,nan
atari_private_eye,/home/haselab/projects/stable-deep-world-model/logs/content_kl_kernelsize/runs/20260207_060134_krull_private_eye/atari_private_eye_vta_k1_seed0,/home/haselab/projects/stable-deep-world-model/logs/content_kl_kernelsize/runs/20260207_060134_krull_private_eye/atari_private_eye_vta_k1_seed0/latest.pt,/home/haselab/projects/stable-deep-world-model/logs/content_kl_kernelsize/runs/20260207_060134_krull_private_eye/atari_private_eye_vta_k1_seed0/train_eps/20260207T135356-623cc9838618413ab383254def4ae298-2699.npz,216,248,0.0,3.9705461141181786e-11,1.196293830871582,2.0511231422424316,0.0,2.7052881717681885,nan,nan,nan,nan
atari_private_eye,/home/haselab/projects/stable-deep-world-model/logs/content_kl_kernelsize/runs/20260207_060134_krull_private_eye/atari_private_eye_vta_k1_seed0,/home/haselab/projects/stable-deep-world-model/logs/content_kl_kernelsize/runs/20260207_060134_krull_private_eye/atari_private_eye_vta_k1_seed0/latest.pt,/home/haselab/projects/stable-deep-world-model/logs/content_kl_kernelsize/runs/20260207_060134_krull_private_eye/atari_private_eye_vta_k1_seed0/train_eps/20260207T135356-623cc9838618413ab383254def4ae298-2699.npz,224,256,0.0,4.0215022284462165e-11,1.357271432876587,2.2008378505706787,0.0,2.8670568466186523,nan,nan,nan,nan
atari_private_eye,/home/haselab/projects/stable-deep-world-model/logs/content_kl_kernelsize/runs/20260207_060134_krull_private_eye/atari_private_eye_vta_k1_seed0,/home/haselab/projects/stable-deep-world-model/logs/content_kl_kernelsize/runs/20260207_060134_krull_private_eye/atari_private_eye_vta_k1_seed0/latest.pt,/home/haselab/projects/stable-deep-world-model/logs/content_kl_kernelsize/runs/20260207_060134_krull_private_eye/atari_private_eye_vta_k1_seed0/train_eps/20260207T135356-623cc9838618413ab383254def4ae298-2699.npz,232,264,0.0,1.3980693339132877e-11,1.7979791164398193,2.8658876419067383,0.0,3.4286422729492188,nan,nan,nan,nan
atari_private_eye,/home/haselab/projects/stable-deep-world-model/logs/content_kl_kernelsize/runs/20260207_060134_krull_private_eye/atari_private_eye_vta_k1_seed0,/home/haselab/projects/stable-deep-world-model/logs/content_kl_kernelsize/runs/20260207_060134_krull_private_eye/atari_private_eye_vta_k1_seed0/latest.pt,/home/haselab/projects/stable-deep-world-model/logs/content_kl_kernelsize/runs/20260207_060134_krull_private_eye/atari_private_eye_vta_k1_seed0/train_eps/20260207T135356-623cc9838618413ab383254def4ae298-2699.npz,240,272,0.0,9.623191132845932e-12,1.7412989139556885,2.7080800533294678,0.0,3.3715734481811523,nan,nan,nan,nan
atari_private_eye,/home/haselab/projects/stable-deep-world-model/logs/content_kl_kernelsize/runs/20260207_060134_krull_private_eye/atari_private_eye_vta_k1_seed0,/home/haselab/projects/stable-deep-world-model/logs/content_kl_kernelsize/runs/20260207_060134_krull_private_eye/atari_private_eye_vta_k1_seed0/latest.pt,/home/haselab/projects/stable-deep-world-model/logs/content_kl_kernelsize/runs/20260207_060134_krull_private_eye/atari_private_eye_vta_k1_seed0/train_eps/20260207T135356-623cc9838618413ab383254def4ae298-2699.npz,248,280,0.0,7.22195480501453e-12,1.6692849397659302,2.707211494445801,0.0,3.400580406188965,nan,nan,nan,nan
atari_private_eye,/home/haselab/projects/stable-deep-world-model/logs/content_kl_kernelsize/runs/20260207_060134_krull_private_eye/atari_private_eye_vta_k1_seed0,/home/haselab/projects/stable-deep-world-model/logs/content_kl_kernelsize/runs/20260207_060134_krull_private_eye/atari_private_eye_vta_k1_seed0/latest.pt,/home/haselab/projects/stable-deep-world-model/logs/content_kl_kernelsize/runs/20260207_060134_krull_private_eye/atari_private_eye_vta_k1_seed0/train_eps/20260207T135356-623cc9838618413ab383254def4ae298-2699.npz,256,288,0.0,5.051508256831427e-12,1.652247667312622,2.8742270469665527,0.0,3.6279962062835693,nan,nan,nan,nan
atari_private_eye,/home/haselab/projects/stable-deep-world-model/logs/content_kl_kernelsize/runs/20260207_060134_krull_private_eye/atari_private_eye_vta_k1_seed0,/home/haselab/projects/stable-deep-world-model/logs/content_kl_kernelsize/runs/20260207_060134_krull_private_eye/atari_private_eye_vta_k1_seed0/latest.pt,/home/haselab/projects/stable-deep-world-model/logs/content_kl_kernelsize/runs/20260207_060134_krull_private_eye/atari_private_eye_vta_k1_seed0/train_eps/20260207T135356-623cc9838618413ab383254def4ae298-2699.npz,264,296,0.0,1.0213212654069936e-12,1.3553855419158936,2.5209412574768066,0.0,3.3135464191436768,nan,nan,nan,nan
atari_private_eye,/home/haselab/projects/stable-deep-world-model/logs/content_kl_kernelsize/runs/20260207_060134_krull_private_eye/atari_private_eye_vta_k1_seed0,/home/haselab/projects/stable-deep-world-model/logs/content_kl_kernelsize/runs/20260207_060134_krull_private_eye/atari_private_eye_vta_k1_seed0/latest.pt,/home/haselab/projects/stable-deep-world-model/logs/content_kl_kernelsize/runs/20260207_060134_krull_private_eye/atari_private_eye_vta_k1_seed0/train_eps/20260207T135356-623cc9838618413ab383254def4ae298-2699.npz,272,304,0.0,2.0163593017485937e-12,1.545013189315796,2.9545958042144775,0.0,3.7321677207946777,nan,nan,nan,nan
atari_private_eye,/home/haselab/projects/stable-deep-world-model/logs/content_kl_kernelsize/runs/20260207_060134_krull_private_eye/atari_private_eye_vta_k1_seed0,/home/haselab/projects/stable-deep-world-model/logs/content_kl_kernelsize/runs/20260207_060134_krull_private_eye/atari_private_eye_vta_k1_seed0/latest.pt,/home/haselab/projects/stable-deep-world-model/logs/content_kl_kernelsize/runs/20260207_060134_krull_private_eye/atari_private_eye_vta_k1_seed0/train_eps/20260207T135356-623cc9838618413ab383254def4ae298-2699.npz,280,312,0.0,1.5630541565919698e-12,1.644546389579773,2.9189226627349854,0.0,3.7250115871429443,nan,nan,nan,nan
atari_private_eye,/home/haselab/projects/stable-deep-world-model/logs/content_kl_kernelsize/runs/20260207_060134_krull_private_eye/atari_private_eye_vta_k1_seed0,/home/haselab/projects/stable-deep-world-model/logs/content_kl_kernelsize/runs/20260207_060134_krull_private_eye/atari_private_eye_vta_k1_seed0/latest.pt,/home/haselab/projects/stable-deep-world-model/logs/content_kl_kernelsize/runs/20260207_060134_krull_private_eye/atari_private_eye_vta_k1_seed0/train_eps/20260207T135356-623cc9838618413ab383254def4ae298-2699.npz,288,320,0.0,5.569446813458168e-12,1.7553727626800537,2.94313645362854,0.0,3.6695303916931152,nan,nan,nan,nan
atari_private_eye,/home/haselab/projects/stable-deep-world-model/logs/content_kl_kernelsize/runs/20260207_060134_krull_private_eye/atari_private_eye_vta_k1_seed0,/home/haselab/projects/stable-deep-world-model/logs/content_kl_kernelsize/runs/20260207_060134_krull_private_eye/atari_private_eye_vta_k1_seed0/latest.pt,/home/haselab/projects/stable-deep-world-model/logs/content_kl_kernelsize/runs/20260207_060134_krull_private_eye/atari_private_eye_vta_k1_seed0/train_eps/20260207T135356-623cc9838618413ab383254def4ae298-2699.npz,296,328,0.0,6.684942530088556e-12,1.9021135568618774,2.9686856269836426,0.0,3.693859100341797,nan,nan,nan,nan
atari_private_eye,/home/haselab/projects/stable-deep-world-model/logs/content_kl_kernelsize/runs/20260207_060134_krull_private_eye/atari_private_eye_vta_k1_seed0,/home/haselab/projects/stable-deep-world-model/logs/content_kl_kernelsize/runs/20260207_060134_krull_private_eye/atari_private_eye_vta_k1_seed0/latest.pt,/home/haselab/projects/stable-deep-world-model/logs/content_kl_kernelsize/runs/20260207_060134_krull_private_eye/atari_private_eye_vta_k1_seed0/train_eps/20260207T135356-623cc9838618413ab383254def4ae298-2699.npz,304,336,0.0,5.750303011531344e-12,1.7524266242980957,2.621568441390991,0.0,3.3387842178344727,nan,nan,nan,nan
atari_private_eye,/home/haselab/projects/stable-deep-world-model/logs/content_kl_kernelsize/runs/20260207_060134_krull_private_eye/atari_private_eye_vta_k1_seed0,/home/haselab/projects/stable-deep-world-model/logs/content_kl_kernelsize/runs/20260207_060134_krull_private_eye/atari_private_eye_vta_k1_seed0/latest.pt,/home/haselab/projects/stable-deep-world-model/logs/content_kl_kernelsize/runs/20260207_060134_krull_private_eye/atari_private_eye_vta_k1_seed0/train_eps/20260207T135356-623cc9838618413ab383254def4ae298-2699.npz,312,344,0.0,8.671520966563318e-12,1.678657054901123,2.5925402641296387,0.0,3.2564516067504883,nan,nan,nan,nan
atari_private_eye,/home/haselab/projects/stable-deep-world-model/logs/content_kl_kernelsize/runs/20260207_060134_krull_private_eye/atari_private_eye_vta_k1_seed0,/home/haselab/projects/stable-deep-world-model/logs/content_kl_kernelsize/runs/20260207_060134_krull_private_eye/atari_private_eye_vta_k1_seed0/latest.pt,/home/haselab/projects/stable-deep-world-model/logs/content_kl_kernelsize/runs/20260207_060134_krull_private_eye/atari_private_eye_vta_k1_seed0/train_eps/20260207T135356-623cc9838618413ab383254def4ae298-2699.npz,320,352,0.0,4.75771765734434e-12,1.7242804765701294,2.595266103744507,0.0,3.267167091369629,nan,nan,nan,nan
atari_private_eye,/home/haselab/projects/stable-deep-world-model/logs/content_kl_kernelsize/runs/20260207_060134_krull_private_eye/atari_private_eye_vta_k1_seed0,/home/haselab/projects/stable-deep-world-model/logs/content_kl_kernelsize/runs/20260207_060134_krull_private_eye/atari_private_eye_vta_k1_seed0/latest.pt,/home/haselab/projects/stable-deep-world-model/logs/content_kl_kernelsize/runs/20260207_060134_krull_private_eye/atari_private_eye_vta_k1_seed0/train_eps/20260207T135356-623cc9838618413ab383254def4ae298-2699.npz,328,360,0.0,3.738630932614839e-12,1.792930006980896,2.8366732597351074,0.0,3.489551067352295,nan,nan,nan,nan
atari_private_eye,/home/haselab/projects/stable-deep-world-model/logs/content_kl_kernelsize/runs/20260207_060134_krull_private_eye/atari_private_eye_vta_k1_seed0,/home/haselab/projects/stable-deep-world-model/logs/content_kl_kernelsize/runs/20260207_060134_krull_private_eye/atari_private_eye_vta_k1_seed0/latest.pt,/home/haselab/projects/stable-deep-world-model/logs/content_kl_kernelsize/runs/20260207_060134_krull_private_eye/atari_private_eye_vta_k1_seed0/train_eps/20260207T135356-623cc9838618413ab383254def4ae298-2699.npz,336,368,0.0,4.379253903952218e-12,1.880317211151123,3.103703498840332,0.0,3.696499824523926,nan,nan,nan,nan
atari_private_eye,/home/haselab/projects/stable-deep-world-model/logs/content_kl_kernelsize/runs/20260207_060134_krull_private_eye/atari_private_eye_vta_k1_seed0,/home/haselab/projects/stable-deep-world-model/logs/content_kl_kernelsize/runs/20260207_060134_krull_private_eye/atari_private_eye_vta_k1_seed0/latest.pt,/home/haselab/projects/stable-deep-world-model/logs/content_kl_kernelsize/runs/20260207_060134_krull_private_eye/atari_private_eye_vta_k1_seed0/train_eps/20260207T135356-623cc9838618413ab383254def4ae298-2699.npz,344,376,0.0,2.1244952411875184e-12,1.9220805168151855,3.1742820739746094,0.0,3.748284339904785,nan,nan,nan,nan
atari_private_eye,/home/haselab/projects/stable-deep-world-model/logs/content_kl_kernelsize/runs/20260207_060134_krull_private_eye/atari_private_eye_vta_k1_seed0,/home/haselab/projects/stable-deep-world-model/logs/content_kl_kernelsize/runs/20260207_060134_krull_private_eye/atari_private_eye_vta_k1_seed0/latest.pt,/home/haselab/projects/stable-deep-world-model/logs/content_kl_kernelsize/runs/20260207_060134_krull_private_eye/atari_private_eye_vta_k1_seed0/train_eps/20260207T135356-623cc9838618413ab383254def4ae298-2699.npz,352,384,0.0,5.346524438454292e-12,1.813109040260315,2.9353652000427246,0.0,3.511075973510742,nan,nan,nan,nan
atari_private_eye,/home/haselab/projects/stable-deep-world-model/logs/content_kl_kernelsize/runs/20260207_060134_krull_private_eye/atari_private_eye_vta_k1_seed0,/home/haselab/projects/stable-deep-world-model/logs/content_kl_kernelsize/runs/20260207_060134_krull_private_eye/atari_private_eye_vta_k1_seed0/latest.pt,/home/haselab/projects/stable-deep-world-model/logs/content_kl_kernelsize/runs/20260207_060134_krull_private_eye/atari_private_eye_vta_k1_seed0/train_eps/20260207T135356-623cc9838618413ab383254def4ae298-2699.npz,360,392,0.0,5.4586083916841055e-12,1.7965898513793945,2.919950485229492,0.0,3.491772174835205,nan,nan,nan,nan
atari_private_eye,/home/haselab/projects/stable-deep-world-model/logs/content_kl_kernelsize/runs/20260207_060134_krull_private_eye/atari_private_eye_vta_k1_seed0,/home/haselab/projects/stable-deep-world-model/logs/content_kl_kernelsize/runs/20260207_060134_krull_private_eye/atari_private_eye_vta_k1_seed0/latest.pt,/home/haselab/projects/stable-deep-world-model/logs/content_kl_kernelsize/runs/20260207_060134_krull_private_eye/atari_private_eye_vta_k1_seed0/train_eps/20260207T135356-623cc9838618413ab383254def4ae298-2699.npz,368,400,0.0,4.701026894149418e-12,1.6796634197235107,2.6313908100128174,0.0,3.2528786659240723,nan,nan,nan,nan
atari_private_eye,/home/haselab/projects/stable-deep-world-model/logs/content_kl_kernelsize/runs/20260207_060134_krull_private_eye/atari_private_eye_vta_k1_seed0,/home/haselab/projects/stable-deep-world-model/logs/content_kl_kernelsize/runs/20260207_060134_krull_private_eye/atari_private_eye_vta_k1_seed0/latest.pt,/home/haselab/projects/stable-deep-world-model/logs/content_kl_kernelsize/runs/20260207_060134_krull_private_eye/atari_private_eye_vta_k1_seed0/train_eps/20260207T135356-623cc9838618413ab383254def4ae298-2699.npz,376,408,0.0,5.00832014749264e-12,1.723543643951416,2.88165283203125,0.0,3.592191219329834,nan,nan,nan,nan
atari_private_eye,/home/haselab/projects/stable-deep-world-model/logs/content_kl_kernelsize/runs/20260207_060134_krull_private_eye/atari_private_eye_vta_k1_seed0,/home/haselab/projects/stable-deep-world-model/logs/content_kl_kernelsize/runs/20260207_060134_krull_private_eye/atari_private_eye_vta_k1_seed0/latest.pt,/home/haselab/projects/stable-deep-world-model/logs/content_kl_kernelsize/runs/20260207_060134_krull_private_eye/atari_private_eye_vta_k1_seed0/train_eps/20260207T135356-623cc9838618413ab383254def4ae298-2699.npz,384,416,0.0,1.575150287980165e-10,1.735985517501831,3.209679365158081,0.0,3.950925350189209,nan,nan,nan,nan
atari_private_eye,/home/haselab/projects/stable-deep-world-model/logs/content_kl_kernelsize/runs/20260207_060134_krull_private_eye/atari_private_eye_vta_k1_seed0,/home/haselab/projects/stable-deep-world-model/logs/content_kl_kernelsize/runs/20260207_060134_krull_private_eye/atari_private_eye_vta_k1_seed0/latest.pt,/home/haselab/projects/stable-deep-world-model/logs/content_kl_kernelsize/runs/20260207_060134_krull_private_eye/atari_private_eye_vta_k1_seed0/train_eps/20260207T135356-623cc9838618413ab383254def4ae298-2699.npz,392,424,0.0,1.573067232030212e-10,1.6193616390228271,3.0447206497192383,0.0,3.9072628021240234,nan,nan,nan,nan
atari_private_eye,/home/haselab/projects/stable-deep-world-model/logs/content_kl_kernelsize/runs/20260207_060134_krull_private_eye/atari_private_eye_vta_k1_seed0,/home/haselab/projects/stable-deep-world-model/logs/content_kl_kernelsize/runs/20260207_060134_krull_private_eye/atari_private_eye_vta_k1_seed0/latest.pt,/home/haselab/projects/stable-deep-world-model/logs/content_kl_kernelsize/runs/20260207_060134_krull_private_eye/atari_private_eye_vta_k1_seed0/train_eps/20260207T135356-623cc9838618413ab383254def4ae298-2699.npz,400,432,0.0,1.5735401870387022e-10,1.5245603322982788,2.9903247356414795,0.0,3.9757943153381348,nan,nan,nan,nan
atari_private_eye,/home/haselab/projects/stable-deep-world-model/logs/content_kl_kernelsize/runs/20260207_060134_krull_private_eye/atari_private_eye_vta_k1_seed0,/home/haselab/projects/stable-deep-world-model/logs/content_kl_kernelsize/runs/20260207_060134_krull_private_eye/atari_private_eye_vta_k1_seed0/latest.pt,/home/haselab/projects/stable-deep-world-model/logs/content_kl_kernelsize/runs/20260207_060134_krull_private_eye/atari_private_eye_vta_k1_seed0/train_eps/20260207T135356-623cc9838618413ab383254def4ae298-2699.npz,408,440,0.0,1.560121060117936e-10,1.4387173652648926,2.885519504547119,0.0,3.932736396789551,nan,nan,nan,nan
atari_private_eye,/home/haselab/projects/stable-deep-world-model/logs/content_kl_kernelsize/runs/20260207_060134_krull_private_eye/atari_private_eye_vta_k1_seed0,/home/haselab/projects/stable-deep-world-model/logs/content_kl_kernelsize/runs/20260207_060134_krull_private_eye/atari_private_eye_vta_k1_seed0/latest.pt,/home/haselab/projects/stable-deep-world-model/logs/content_kl_kernelsize/runs/20260207_060134_krull_private_eye/atari_private_eye_vta_k1_seed0/train_eps/20260207T135356-623cc9838618413ab383254def4ae298-2699.npz,416,448,0.0,2.0076814017701283e-13,1.5095659494400024,2.864185094833374,0.0,3.8499302864074707,nan,nan,nan,nan
atari_private_eye,/home/haselab/projects/stable-deep-world-model/logs/content_kl_kernelsize/runs/20260207_060134_krull_private_eye/atari_private_eye_vta_k1_seed0,/home/haselab/projects/stable-deep-world-model/logs/content_kl_kernelsize/runs/20260207_060134_krull_private_eye/atari_private_eye_vta_k1_seed0/latest.pt,/home/haselab/projects/stable-deep-world-model/logs/content_kl_kernelsize/runs/20260207_060134_krull_private_eye/atari_private_eye_vta_k1_seed0/train_eps/20260207T135356-623cc9838618413ab383254def4ae298-2699.npz,424,456,0.0,2.106434601398255e-13,1.5641751289367676,3.0087766647338867,0.0,3.9139912128448486,nan,nan,nan,nan
atari_private_eye,/home/haselab/projects/stable-deep-world-model/logs/content_kl_kernelsize/runs/20260207_060134_krull_private_eye/atari_private_eye_vta_k1_seed0,/home/haselab/projects/stable-deep-world-model/logs/content_kl_kernelsize/runs/20260207_060134_krull_private_eye/atari_private_eye_vta_k1_seed0/latest.pt,/home/haselab/projects/stable-deep-world-model/logs/content_kl_kernelsize/runs/20260207_060134_krull_private_eye/atari_private_eye_vta_k1_seed0/train_eps/20260207T135356-623cc9838618413ab383254def4ae298-2699.npz,432,464,0.0,1.6335713435167848e-13,1.6554151773452759,3.05118727684021,0.0,3.9362070560455322,nan,nan,nan,nan
atari_private_eye,/home/haselab/projects/stable-deep-world-model/logs/content_kl_kernelsize/runs/20260207_060134_krull_private_eye/atari_private_eye_vta_k1_seed0,/home/haselab/projects/stable-deep-world-model/logs/content_kl_kernelsize/runs/20260207_060134_krull_private_eye/atari_private_eye_vta_k1_seed0/latest.pt,/home/haselab/projects/stable-deep-world-model/logs/content_kl_kernelsize/runs/20260207_060134_krull_private_eye/atari_private_eye_vta_k1_seed0/train_eps/20260207T135356-623cc9838618413ab383254def4ae298-2699.npz,440,472,0.0,4.474980092429928e-14,1.5999245643615723,2.8463053703308105,0.0,3.61885666847229,nan,nan,nan,nan
atari_private_eye,/home/haselab/projects/stable-deep-world-model/logs/content_kl_kernelsize/runs/20260207_060134_krull_private_eye/atari_private_eye_vta_k1_seed0,/home/haselab/projects/stable-deep-world-model/logs/content_kl_kernelsize/runs/20260207_060134_krull_private_eye/atari_private_eye_vta_k1_seed0/latest.pt,/home/haselab/projects/stable-deep-world-model/logs/content_kl_kernelsize/runs/20260207_060134_krull_private_eye/atari_private_eye_vta_k1_seed0/train_eps/20260207T135356-623cc9838618413ab383254def4ae298-2699.npz,448,480,0.0,3.9333391144841245e-14,1.5180962085723877,2.8153669834136963,0.0,3.707744598388672,nan,nan,nan,nan
atari_private_eye,/home/haselab/projects/stable-deep-world-model/logs/content_kl_kernelsize/runs/20260207_060134_krull_private_eye/atari_private_eye_vta_k1_seed0,/home/haselab/projects/stable-deep-world-model/logs/content_kl_kernelsize/runs/20260207_060134_krull_private_eye/atari_private_eye_vta_k1_seed0/latest.pt,/home/haselab/projects/stable-deep-world-model/logs/content_kl_kernelsize/runs/20260207_060134_krull_private_eye/atari_private_eye_vta_k1_seed0/train_eps/20260207T135356-623cc9838618413ab383254def4ae298-2699.npz,456,488,0.0,2.9523787386208367e-14,1.4316389560699463,2.656536340713501,0.0,3.506014108657837,nan,nan,nan,nan
atari_private_eye,/home/haselab/projects/stable-deep-world-model/logs/content_kl_kernelsize/runs/20260207_060134_krull_private_eye/atari_private_eye_vta_k1_seed0,/home/haselab/projects/stable-deep-world-model/logs/content_kl_kernelsize/runs/20260207_060134_krull_private_eye/atari_private_eye_vta_k1_seed0/latest.pt,/home/haselab/projects/stable-deep-world-model/logs/content_kl_kernelsize/runs/20260207_060134_krull_private_eye/atari_private_eye_vta_k1_seed0/train_eps/20260207T135356-623cc9838618413ab383254def4ae298-2699.npz,464,496,0.0,8.441700436552166e-14,1.4493991136550903,2.6439130306243896,0.0,3.493809700012207,nan,nan,nan,nan
atari_private_eye,/home/haselab/projects/stable-deep-world-model/logs/content_kl_kernelsize/runs/20260207_060134_krull_private_eye/atari_private_eye_vta_k1_seed0,/home/haselab/projects/stable-deep-world-model/logs/content_kl_kernelsize/runs/20260207_060134_krull_private_eye/atari_private_eye_vta_k1_seed0/latest.pt,/home/haselab/projects/stable-deep-world-model/logs/content_kl_kernelsize/runs/20260207_060134_krull_private_eye/atari_private_eye_vta_k1_seed0/train_eps/20260207T135356-623cc9838618413ab383254def4ae298-2699.npz,472,504,0.0,6.629998199753073e-13,1.6942859888076782,3.0029115676879883,0.0,3.8910341262817383,nan,nan,nan,nan
atari_private_eye,/home/haselab/projects/stable-deep-world-model/logs/content_kl_kernelsize/runs/20260207_060134_krull_private_eye/atari_private_eye_vta_k1_seed0,/home/haselab/projects/stable-deep-world-model/logs/content_kl_kernelsize/runs/20260207_060134_krull_private_eye/atari_private_eye_vta_k1_seed0/latest.pt,/home/haselab/projects/stable-deep-world-model/logs/content_kl_kernelsize/runs/20260207_060134_krull_private_eye/atari_private_eye_vta_k1_seed0/train_eps/20260207T135356-623cc9838618413ab383254def4ae298-2699.npz,480,512,0.0,6.61413632196961e-13,1.6245472431182861,2.842599391937256,0.0,3.62371826171875,nan,nan,nan,nan
atari_private_eye,/home/haselab/projects/stable-deep-world-model/logs/content_kl_kernelsize/runs/20260207_060134_krull_private_eye/atari_private_eye_vta_k1_seed0,/home/haselab/projects/stable-deep-world-model/logs/content_kl_kernelsize/runs/20260207_060134_krull_private_eye/atari_private_eye_vta_k1_seed0/latest.pt,/home/haselab/projects/stable-deep-world-model/logs/content_kl_kernelsize/runs/20260207_060134_krull_private_eye/atari_private_eye_vta_k1_seed0/train_eps/20260207T135356-623cc9838618413ab383254def4ae298-2699.npz,488,520,0.0,6.657394362348523e-13,1.6499478816986084,3.0405220985412598,0.0,3.877934455871582,nan,nan,nan,nan
atari_private_eye,/home/haselab/projects/stable-deep-world-model/logs/content_kl_kernelsize/runs/20260207_060134_krull_private_eye/atari_private_eye_vta_k1_seed0,/home/haselab/projects/stable-deep-world-model/logs/content_kl_kernelsize/runs/20260207_060134_krull_private_eye/atari_private_eye_vta_k1_seed0/latest.pt,/home/haselab/projects/stable-deep-world-model/logs/content_kl_kernelsize/runs/20260207_060134_krull_private_eye/atari_private_eye_vta_k1_seed0/train_eps/20260207T135356-623cc9838618413ab383254def4ae298-2699.npz,496,528,0.0,1.37612425794853e-12,1.9582524299621582,3.9398717880249023,0.0,4.652656078338623,nan,nan,nan,nan
atari_private_eye,/home/haselab/projects/stable-deep-world-model/logs/content_kl_kernelsize/runs/20260207_060134_krull_private_eye/atari_private_eye_vta_k1_seed0,/home/haselab/projects/stable-deep-world-model/logs/content_kl_kernelsize/runs/20260207_060134_krull_private_eye/atari_private_eye_vta_k1_seed0/latest.pt,/home/haselab/projects/stable-deep-world-model/logs/content_kl_kernelsize/runs/20260207_060134_krull_private_eye/atari_private_eye_vta_k1_seed0/train_eps/20260207T135356-623cc9838618413ab383254def4ae298-2699.npz,504,536,0.0,7.98271062966982e-13,1.6802337169647217,3.512753963470459,0.0,4.143941879272461,nan,nan,nan,nan
atari_private_eye,/home/haselab/projects/stable-deep-world-model/logs/content_kl_kernelsize/runs/20260207_060134_krull_private_eye/atari_private_eye_vta_k1_seed0,/home/haselab/projects/stable-deep-world-model/logs/content_kl_kernelsize/runs/20260207_060134_krull_private_eye/atari_private_eye_vta_k1_seed0/latest.pt,/home/haselab/projects/stable-deep-world-model/logs/content_kl_kernelsize/runs/20260207_060134_krull_private_eye/atari_private_eye_vta_k1_seed0/train_eps/20260207T135356-623cc9838618413ab383254def4ae298-2699.npz,512,544,0.0,1.837808117494122e-12,1.7047100067138672,3.623981475830078,0.0,4.221647262573242,nan,nan,nan,nan
atari_private_eye,/home/haselab/projects/stable-deep-world-model/logs/content_kl_kernelsize/runs/20260207_060134_krull_private_eye/atari_private_eye_vta_k1_seed0,/home/haselab/projects/stable-deep-world-model/logs/content_kl_kernelsize/runs/20260207_060134_krull_private_eye/atari_private_eye_vta_k1_seed0/latest.pt,/home/haselab/projects/stable-deep-world-model/logs/content_kl_kernelsize/runs/20260207_060134_krull_private_eye/atari_private_eye_vta_k1_seed0/train_eps/20260207T135356-623cc9838618413ab383254def4ae298-2699.npz,520,552,0.0,1.8363611412747227e-12,1.601759433746338,3.279003858566284,0.0,3.843080997467041,nan,nan,nan,nan
atari_private_eye,/home/haselab/projects/stable-deep-world-model/logs/content_kl_kernelsize/runs/20260207_060134_krull_private_eye/atari_private_eye_vta_k1_seed0,/home/haselab/projects/stable-deep-world-model/logs/content_kl_kernelsize/runs/20260207_060134_krull_private_eye/atari_private_eye_vta_k1_seed0/latest.pt,/home/haselab/projects/stable-deep-world-model/logs/content_kl_kernelsize/runs/20260207_060134_krull_private_eye/atari_private_eye_vta_k1_seed0/train_eps/20260207T135356-623cc9838618413ab383254def4ae298-2699.npz,528,560,0.0,1.124038904488922e-12,1.2152858972549438,2.3512020111083984,0.0,2.934018611907959,nan,nan,nan,nan
atari_private_eye,/home/haselab/projects/stable-deep-world-model/logs/content_kl_kernelsize/runs/20260207_060134_krull_private_eye/atari_private_eye_vta_k1_seed0,/home/haselab/projects/stable-deep-world-model/logs/content_kl_kernelsize/runs/20260207_060134_krull_private_eye/atari_private_eye_vta_k1_seed0/latest.pt,/home/haselab/projects/stable-deep-world-model/logs/content_kl_kernelsize/runs/20260207_060134_krull_private_eye/atari_private_eye_vta_k1_seed0/train_eps/20260207T135356-623cc9838618413ab383254def4ae298-2699.npz,536,568,0.0,2.2678274189114056e-12,1.4686909914016724,2.9044437408447266,0.0,3.501706600189209,nan,nan,nan,nan
atari_private_eye,/home/haselab/projects/stable-deep-world-model/logs/content_kl_kernelsize/runs/20260207_060134_krull_private_eye/atari_private_eye_vta_k1_seed0,/home/haselab/projects/stable-deep-world-model/logs/content_kl_kernelsize/runs/20260207_060134_krull_private_eye/atari_private_eye_vta_k1_seed0/latest.pt,/home/haselab/projects/stable-deep-world-model/logs/content_kl_kernelsize/runs/20260207_060134_krull_private_eye/atari_private_eye_vta_k1_seed0/train_eps/20260207T135356-623cc9838618413ab383254def4ae298-2699.npz,544,576,0.0,1.2222773791356611e-12,1.6865524053573608,3.308750867843628,0.0,3.9244089126586914,nan,nan,nan,nan
atari_private_eye,/home/haselab/projects/stable-deep-world-model/logs/content_kl_kernelsize/runs/20260207_060134_krull_private_eye/atari_private_eye_vta_k1_seed0,/home/haselab/projects/stable-deep-world-model/logs/content_kl_kernelsize/runs/20260207_060134_krull_private_eye/atari_private_eye_vta_k1_seed0/latest.pt,/home/haselab/projects/stable-deep-world-model/logs/content_kl_kernelsize/runs/20260207_060134_krull_private_eye/atari_private_eye_vta_k1_seed0/train_eps/20260207T135356-623cc9838618413ab383254def4ae298-2699.npz,552,584,0.0,1.4928997708191227e-12,1.7755073308944702,3.342153549194336,0.0,3.9602949619293213,nan,nan,nan,nan
atari_private_eye,/home/haselab/projects/stable-deep-world-model/logs/content_kl_kernelsize/runs/20260207_060134_krull_private_eye/atari_private_eye_vta_k1_seed0,/home/haselab/projects/stable-deep-world-model/logs/content_kl_kernelsize/runs/20260207_060134_krull_private_eye/atari_private_eye_vta_k1_seed0/latest.pt,/home/haselab/projects/stable-deep-world-model/logs/content_kl_kernelsize/runs/20260207_060134_krull_private_eye/atari_private_eye_vta_k1_seed0/train_eps/20260207T135356-623cc9838618413ab383254def4ae298-2699.npz,560,592,0.0,1.4253678532610836e-12,1.7278238534927368,3.2993640899658203,0.0,3.8951401710510254,nan,nan,nan,nan
atari_private_eye,/home/haselab/projects/stable-deep-world-model/logs/content_kl_kernelsize/runs/20260207_060134_krull_private_eye/atari_private_eye_vta_k1_seed0,/home/haselab/projects/stable-deep-world-model/logs/content_kl_kernelsize/runs/20260207_060134_krull_private_eye/atari_private_eye_vta_k1_seed0/latest.pt,/home/haselab/projects/stable-deep-world-model/logs/content_kl_kernelsize/runs/20260207_060134_krull_private_eye/atari_private_eye_vta_k1_seed0/train_eps/20260207T135356-623cc9838618413ab383254def4ae298-2699.npz,568,600,0.0,3.1506993737086264e-13,1.5584969520568848,2.8812551498413086,0.0,3.4879140853881836,nan,nan,nan,nan
atari_private_eye,/home/haselab/projects/stable-deep-world-model/logs/content_kl_kernelsize/runs/20260207_060134_krull_private_eye/atari_private_eye_vta_k1_seed0,/home/haselab/projects/stable-deep-world-model/logs/content_kl_kernelsize/runs/20260207_060134_krull_private_eye/atari_private_eye_vta_k1_seed0/latest.pt,/home/haselab/projects/stable-deep-world-model/logs/content_kl_kernelsize/runs/20260207_060134_krull_private_eye/atari_private_eye_vta_k1_seed0/train_eps/20260207T135356-623cc9838618413ab383254def4ae298-2699.npz,576,608,0.0,2.3637827806233247e-12,1.314252495765686,2.389525890350342,0.0,3.0048739910125732,nan,nan,nan,nan
atari_private_eye,/home/haselab/projects/stable-deep-world-model/logs/content_kl_kernelsize/runs/20260207_060134_krull_private_eye/atari_private_eye_vta_k1_seed0,/home/haselab/projects/stable-deep-world-model/logs/content_kl_kernelsize/runs/20260207_060134_krull_private_eye/atari_private_eye_vta_k1_seed0/latest.pt,/home/haselab/projects/stable-deep-world-model/logs/content_kl_kernelsize/runs/20260207_060134_krull_private_eye/atari_private_eye_vta_k1_seed0/train_eps/20260207T135356-623cc9838618413ab383254def4ae298-2699.npz,584,616,0.0,3.8333750236596575e-12,1.287859559059143,2.456521987915039,0.0,3.0410115718841553,nan,nan,nan,nan
atari_private_eye,/home/haselab/projects/stable-deep-world-model/logs/content_kl_kernelsize/runs/20260207_060134_krull_private_eye/atari_private_eye_vta_k1_seed0,/home/haselab/projects/stable-deep-world-model/logs/content_kl_kernelsize/runs/20260207_060134_krull_private_eye/atari_private_eye_vta_k1_seed0/latest.pt,/home/haselab/projects/stable-deep-world-model/logs/content_kl_kernelsize/runs/20260207_060134_krull_private_eye/atari_private_eye_vta_k1_seed0/train_eps/20260207T135356-623cc9838618413ab383254def4ae298-2699.npz,592,624,0.0,4.145111337505725e-12,1.35231614112854,2.5398154258728027,0.0,3.1113951206207275,nan,nan,nan,nan
atari_private_eye,/home/haselab/projects/stable-deep-world-model/logs/content_kl_kernelsize/runs/20260207_060134_krull_private_eye/atari_private_eye_vta_k1_seed0,/home/haselab/projects/stable-deep-world-model/logs/content_kl_kernelsize/runs/20260207_060134_krull_private_eye/atari_private_eye_vta_k1_seed0/latest.pt,/home/haselab/projects/stable-deep-world-model/logs/content_kl_kernelsize/runs/20260207_060134_krull_private_eye/atari_private_eye_vta_k1_seed0/train_eps/20260207T135356-623cc9838618413ab383254def4ae298-2699.npz,600,632,0.0,6.01244531592271e-12,1.2962068319320679,2.428367853164673,0.0,2.9992892742156982,nan,nan,nan,nan
atari_private_eye,/home/haselab/projects/stable-deep-world-model/logs/content_kl_kernelsize/runs/20260207_060134_krull_private_eye/atari_private_eye_vta_k1_seed0,/home/haselab/projects/stable-deep-world-model/logs/content_kl_kernelsize/runs/20260207_060134_krull_private_eye/atari_private_eye_vta_k1_seed0/latest.pt,/home/haselab/projects/stable-deep-world-model/logs/content_kl_kernelsize/runs/20260207_060134_krull_private_eye/atari_private_eye_vta_k1_seed0/train_eps/20260207T135356-623cc9838618413ab383254def4ae298-2699.npz,608,640,0.0,4.2497680721731435e-12,1.347103238105774,2.4175667762756348,0.0,2.9806337356567383,nan,nan,nan,nan
atari_private_eye,/home/haselab/projects/stable-deep-world-model/logs/content_kl_kernelsize/runs/20260207_060134_krull_private_eye/atari_private_eye_vta_k1_seed0,/home/haselab/projects/stable-deep-world-model/logs/content_kl_kernelsize/runs/20260207_060134_krull_private_eye/atari_private_eye_vta_k1_seed0/latest.pt,/home/haselab/projects/stable-deep-world-model/logs/content_kl_kernelsize/runs/20260207_060134_krull_private_eye/atari_private_eye_vta_k1_seed0/train_eps/20260207T135356-623cc9838618413ab383254def4ae298-2699.npz,616,648,0.0,2.7487376524221174e-12,1.327656626701355,2.3858821392059326,0.0,3.05600643157959,nan,nan,nan,nan
atari_private_eye,/home/haselab/projects/stable-deep-world-model/logs/content_kl_kernelsize/runs/20260207_060134_krull_private_eye/atari_private_eye_vta_k1_seed0,/home/haselab/projects/stable-deep-world-model/logs/content_kl_kernelsize/runs/20260207_060134_krull_private_eye/atari_private_eye_vta_k1_seed0/latest.pt,/home/haselab/projects/stable-deep-world-model/logs/content_kl_kernelsize/runs/20260207_060134_krull_private_eye/atari_private_eye_vta_k1_seed0/train_eps/20260207T135356-623cc9838618413ab383254def4ae298-2699.npz,624,656,0.0,3.7084736323467204e-12,1.5069609880447388,2.7517037391662598,0.0,3.494056463241577,nan,nan,nan,nan
atari_private_eye,/home/haselab/projects/stable-deep-world-model/logs/content_kl_kernelsize/runs/20260207_060134_krull_private_eye/atari_private_eye_vta_k1_seed0,/home/haselab/projects/stable-deep-world-model/logs/content_kl_kernelsize/runs/20260207_060134_krull_private_eye/atari_private_eye_vta_k1_seed0/latest.pt,/home/haselab/projects/stable-deep-world-model/logs/content_kl_kernelsize/runs/20260207_060134_krull_private_eye/atari_private_eye_vta_k1_seed0/train_eps/20260207T135356-623cc9838618413ab383254def4ae298-2699.npz,632,664,0.0,1.825367548086154e-12,1.5968585014343262,2.9504411220550537,0.0,3.709157705307007,nan,nan,nan,nan
atari_private_eye,/home/haselab/projects/stable-deep-world-model/logs/content_kl_kernelsize/runs/20260207_060134_krull_private_eye/atari_private_eye_vta_k1_seed0,/home/haselab/projects/stable-deep-world-model/logs/content_kl_kernelsize/runs/20260207_060134_krull_private_eye/atari_private_eye_vta_k1_seed0/latest.pt,/home/haselab/projects/stable-deep-world-model/logs/content_kl_kernelsize/runs/20260207_060134_krull_private_eye/atari_private_eye_vta_k1_seed0/train_eps/20260207T135356-623cc9838618413ab383254def4ae298-2699.npz,640,672,0.0,1.5366990449225404e-12,1.4945147037506104,2.9778950214385986,0.0,3.83288836479187,nan,nan,nan,nan
atari_private_eye,/home/haselab/projects/stable-deep-world-model/logs/content_kl_kernelsize/runs/20260207_060134_krull_private_eye/atari_private_eye_vta_k1_seed0,/home/haselab/projects/stable-deep-world-model/logs/content_kl_kernelsize/runs/20260207_060134_krull_private_eye/atari_private_eye_vta_k1_seed0/latest.pt,/home/haselab/projects/stable-deep-world-model/logs/content_kl_kernelsize/runs/20260207_060134_krull_private_eye/atari_private_eye_vta_k1_seed0/train_eps/20260207T135356-623cc9838618413ab383254def4ae298-2699.npz,648,680,0.0,1.2921567028173486e-12,1.5159623622894287,3.123539447784424,0.0,3.892892837524414,nan,nan,nan,nan
atari_private_eye,/home/haselab/projects/stable-deep-world-model/logs/content_kl_kernelsize/runs/20260207_060134_krull_private_eye/atari_private_eye_vta_k1_seed0,/home/haselab/projects/stable-deep-world-model/logs/content_kl_kernelsize/runs/20260207_060134_krull_private_eye/atari_private_eye_vta_k1_seed0/latest.pt,/home/haselab/projects/stable-deep-world-model/logs/content_kl_kernelsize/runs/20260207_060134_krull_private_eye/atari_private_eye_vta_k1_seed0/train_eps/20260207T135356-623cc9838618413ab383254def4ae298-2699.npz,656,688,0.0,1.9430339498818783e-14,1.2634062767028809,2.7657485008239746,0.0,3.563270092010498,nan,nan,nan,nan
atari_private_eye,/home/haselab/projects/stable-deep-world-model/logs/content_kl_kernelsize/runs/20260207_060134_krull_private_eye/atari_private_eye_vta_k1_seed0,/home/haselab/projects/stable-deep-world-model/logs/content_kl_kernelsize/runs/20260207_060134_krull_private_eye/atari_private_eye_vta_k1_seed0/latest.pt,/home/haselab/projects/stable-deep-world-model/logs/content_kl_kernelsize/runs/20260207_060134_krull_private_eye/atari_private_eye_vta_k1_seed0/train_eps/20260207T135356-623cc9838618413ab383254def4ae298-2699.npz,664,696,0.0,8.927065519570283e-16,1.2151544094085693,2.6761693954467773,0.0,3.486396551132202,nan,nan,nan,nan
atari_private_eye,/home/haselab/projects/stable-deep-world-model/logs/content_kl_kernelsize/runs/20260207_060134_krull_private_eye/atari_private_eye_vta_k1_seed0,/home/haselab/projects/stable-deep-world-model/logs/content_kl_kernelsize/runs/20260207_060134_krull_private_eye/atari_private_eye_vta_k1_seed0/latest.pt,/home/haselab/projects/stable-deep-world-model/logs/content_kl_kernelsize/runs/20260207_060134_krull_private_eye/atari_private_eye_vta_k1_seed0/train_eps/20260207T135356-623cc9838618413ab383254def4ae298-2699.npz,672,704,0.0,1.2533244765034423e-15,1.240246057510376,2.731173515319824,0.0,3.507564067840576,nan,nan,nan,nan
atari_private_eye,/home/haselab/projects/stable-deep-world-model/logs/content_kl_kernelsize/runs/20260207_060134_krull_private_eye/atari_private_eye_vta_k1_seed0,/home/haselab/projects/stable-deep-world-model/logs/content_kl_kernelsize/runs/20260207_060134_krull_private_eye/atari_private_eye_vta_k1_seed0/latest.pt,/home/haselab/projects/stable-deep-world-model/logs/content_kl_kernelsize/runs/20260207_060134_krull_private_eye/atari_private_eye_vta_k1_seed0/train_eps/20260207T135356-623cc9838618413ab383254def4ae298-2699.npz,680,712,0.0,1.4871598859333719e-15,1.2856829166412354,2.7290191650390625,0.0,3.4910523891448975,nan,nan,nan,nan
atari_private_eye,/home/haselab/projects/stable-deep-world-model/logs/content_kl_kernelsize/runs/20260207_060134_krull_private_eye/atari_private_eye_vta_k1_seed0,/home/haselab/projects/stable-deep-world-model/logs/content_kl_kernelsize/runs/20260207_060134_krull_private_eye/atari_private_eye_vta_k1_seed0/latest.pt,/home/haselab/projects/stable-deep-world-model/logs/content_kl_kernelsize/runs/20260207_060134_krull_private_eye/atari_private_eye_vta_k1_seed0/train_eps/20260207T135356-623cc9838618413ab383254def4ae298-2699.npz,688,720,0.0,1.450210402950008e-15,1.323070764541626,2.6754157543182373,0.0,3.40144681930542,nan,nan,nan,nan
atari_private_eye,/home/haselab/projects/stable-deep-world-model/logs/content_kl_kernelsize/runs/20260207_060134_krull_private_eye/atari_private_eye_vta_k1_seed0,/home/haselab/projects/stable-deep-world-model/logs/content_kl_kernelsize/runs/20260207_060134_krull_private_eye/atari_private_eye_vta_k1_seed0/latest.pt,/home/haselab/projects/stable-deep-world-model/logs/content_kl_kernelsize/runs/20260207_060134_krull_private_eye/atari_private_eye_vta_k1_seed0/train_eps/20260207T135356-623cc9838618413ab383254def4ae298-2699.npz,696,728,0.0,1.5232389366843136e-15,1.3295507431030273,2.644684314727783,0.0,3.2971043586730957,nan,nan,nan,nan
atari_private_eye,/home/haselab/projects/stable-deep-world-model/logs/content_kl_kernelsize/runs/20260207_060134_krull_private_eye/atari_private_eye_vta_k1_seed0,/home/haselab/projects/stable-deep-world-model/logs/content_kl_kernelsize/runs/20260207_060134_krull_private_eye/atari_private_eye_vta_k1_seed0/latest.pt,/home/haselab/projects/stable-deep-world-model/logs/content_kl_kernelsize/runs/20260207_060134_krull_private_eye/atari_private_eye_vta_k1_seed0/train_eps/20260207T135356-623cc9838618413ab383254def4ae298-2699.npz,704,736,0.0,6.56373352479929e-14,1.405545711517334,2.6026737689971924,0.0,3.209007740020752,nan,nan,nan,nan
atari_private_eye,/home/haselab/projects/stable-deep-world-model/logs/content_kl_kernelsize/runs/20260207_060134_krull_private_eye/atari_private_eye_vta_k1_seed0,/home/haselab/projects/stable-deep-world-model/logs/content_kl_kernelsize/runs/20260207_060134_krull_private_eye/atari_private_eye_vta_k1_seed0/latest.pt,/home/haselab/projects/stable-deep-world-model/logs/content_kl_kernelsize/runs/20260207_060134_krull_private_eye/atari_private_eye_vta_k1_seed0/train_eps/20260207T135356-623cc9838618413ab383254def4ae298-2699.npz,712,744,0.0,7.36328316028323e-14,1.3740333318710327,2.398934841156006,0.0,3.0790743827819824,nan,nan,nan,nan
atari_private_eye,/home/haselab/projects/stable-deep-world-model/logs/content_kl_kernelsize/runs/20260207_060134_krull_private_eye/atari_private_eye_vta_k1_seed0,/home/haselab/projects/stable-deep-world-model/logs/content_kl_kernelsize/runs/20260207_060134_krull_private_eye/atari_private_eye_vta_k1_seed0/latest.pt,/home/haselab/projects/stable-deep-world-model/logs/content_kl_kernelsize/runs/20260207_060134_krull_private_eye/atari_private_eye_vta_k1_seed0/train_eps/20260207T135356-623cc9838618413ab383254def4ae298-2699.npz,720,752,0.0,9.013996553298639e-14,1.6271343231201172,2.8687639236450195,0.0,3.521214008331299,nan,nan,nan,nan
atari_private_eye,/home/haselab/projects/stable-deep-world-model/logs/content_kl_kernelsize/runs/20260207_060134_krull_private_eye/atari_private_eye_vta_k1_seed0,/home/haselab/projects/stable-deep-world-model/logs/content_kl_kernelsize/runs/20260207_060134_krull_private_eye/atari_private_eye_vta_k1_seed0/latest.pt,/home/haselab/projects/stable-deep-world-model/logs/content_kl_kernelsize/runs/20260207_060134_krull_private_eye/atari_private_eye_vta_k1_seed0/train_eps/20260207T135356-623cc9838618413ab383254def4ae298-2699.npz,728,760,0.0,9.056456620878603e-14,1.5921094417572021,2.8116681575775146,0.0,3.5549304485321045,nan,nan,nan,nan
atari_private_eye,/home/haselab/projects/stable-deep-world-model/logs/content_kl_kernelsize/runs/20260207_060134_krull_private_eye/atari_private_eye_vta_k1_seed0,/home/haselab/projects/stable-deep-world-model/logs/content_kl_kernelsize/runs/20260207_060134_krull_private_eye/atari_private_eye_vta_k1_seed0/latest.pt,/home/haselab/projects/stable-deep-world-model/logs/content_kl_kernelsize/runs/20260207_060134_krull_private_eye/atari_private_eye_vta_k1_seed0/train_eps/20260207T135356-623cc9838618413ab383254def4ae298-2699.npz,736,768,0.0,1.6670638394028492e-13,1.6115162372589111,2.87949538230896,0.0,3.5989372730255127,nan,nan,nan,nan
atari_private_eye,/home/haselab/projects/stable-deep-world-model/logs/content_kl_kernelsize/runs/20260207_060134_krull_private_eye/atari_private_eye_vta_k1_seed0,/home/haselab/projects/stable-deep-world-model/logs/content_kl_kernelsize/runs/20260207_060134_krull_private_eye/atari_private_eye_vta_k1_seed0/latest.pt,/home/haselab/projects/stable-deep-world-model/logs/content_kl_kernelsize/runs/20260207_060134_krull_private_eye/atari_private_eye_vta_k1_seed0/train_eps/20260207T135356-623cc9838618413ab383254def4ae298-2699.npz,744,776,0.0,5.231587190367148e-13,1.6202932596206665,3.0333335399627686,0.0,3.6468749046325684,nan,nan,nan,nan
atari_private_eye,/home/haselab/projects/stable-deep-world-model/logs/content_kl_kernelsize/runs/20260207_060134_krull_private_eye/atari_private_eye_vta_k1_seed0,/home/haselab/projects/stable-deep-world-model/logs/content_kl_kernelsize/runs/20260207_060134_krull_private_eye/atari_private_eye_vta_k1_seed0/latest.pt,/home/haselab/projects/stable-deep-world-model/logs/content_kl_kernelsize/runs/20260207_060134_krull_private_eye/atari_private_eye_vta_k1_seed0/train_eps/20260207T135356-623cc9838618413ab383254def4ae298-2699.npz,752,784,0.0,5.336213242113086e-13,1.6300063133239746,3.2120871543884277,0.0,3.7771639823913574,nan,nan,nan,nan
atari_private_eye,/home/haselab/projects/stable-deep-world-model/logs/content_kl_kernelsize/runs/20260207_060134_krull_private_eye/atari_private_eye_vta_k1_seed0,/home/haselab/projects/stable-deep-world-model/logs/content_kl_kernelsize/runs/20260207_060134_krull_private_eye/atari_private_eye_vta_k1_seed0/latest.pt,/home/haselab/projects/stable-deep-world-model/logs/content_kl_kernelsize/runs/20260207_060134_krull_private_eye/atari_private_eye_vta_k1_seed0/train_eps/20260207T135356-623cc9838618413ab383254def4ae298-2699.npz,760,792,0.0,9.66394282306271e-13,1.7945306301116943,3.454552173614502,0.0,3.9957621097564697,nan,nan,nan,nan
atari_private_eye,/home/haselab/projects/stable-deep-world-model/logs/content_kl_kernelsize/runs/20260207_060134_krull_private_eye/atari_private_eye_vta_k1_seed0,/home/haselab/projects/stable-deep-world-model/logs/content_kl_kernelsize/runs/20260207_060134_krull_private_eye/atari_private_eye_vta_k1_seed0/latest.pt,/home/haselab/projects/stable-deep-world-model/logs/content_kl_kernelsize/runs/20260207_060134_krull_private_eye/atari_private_eye_vta_k1_seed0/train_eps/20260207T135356-623cc9838618413ab383254def4ae298-2699.npz,768,800,0.0,1.2950766761082866e-12,1.7697031497955322,3.3135952949523926,0.0,3.823284864425659,nan,nan,nan,nan
atari_private_eye,/home/haselab/projects/stable-deep-world-model/logs/content_kl_kernelsize/runs/20260207_060134_krull_private_eye/atari_private_eye_vta_k1_seed0,/home/haselab/projects/stable-deep-world-model/logs/content_kl_kernelsize/runs/20260207_060134_krull_private_eye/atari_private_eye_vta_k1_seed0/latest.pt,/home/haselab/projects/stable-deep-world-model/logs/content_kl_kernelsize/runs/20260207_060134_krull_private_eye/atari_private_eye_vta_k1_seed0/train_eps/20260207T135356-623cc9838618413ab383254def4ae298-2699.npz,776,808,0.0,1.8747651001072008e-12,1.8128141164779663,3.3290891647338867,0.0,3.919102668762207,nan,nan,nan,nan
atari_private_eye,/home/haselab/projects/stable-deep-world-model/logs/content_kl_kernelsize/runs/20260207_060134_krull_private_eye/atari_private_eye_vta_k1_seed0,/home/haselab/projects/stable-deep-world-model/logs/content_kl_kernelsize/runs/20260207_060134_krull_private_eye/atari_private_eye_vta_k1_seed0/latest.pt,/home/haselab/projects/stable-deep-world-model/logs/content_kl_kernelsize/runs/20260207_060134_krull_private_eye/atari_private_eye_vta_k1_seed0/train_eps/20260207T135356-623cc9838618413ab383254def4ae298-2699.npz,784,816,0.0,1.9429794145126023e-12,1.6750301122665405,2.9086904525756836,0.0,3.580549955368042,nan,nan,nan,nan
atari_private_eye,/home/haselab/projects/stable-deep-world-model/logs/content_kl_kernelsize/runs/20260207_060134_krull_private_eye/atari_private_eye_vta_k1_seed0,/home/haselab/projects/stable-deep-world-model/logs/content_kl_kernelsize/runs/20260207_060134_krull_private_eye/atari_private_eye_vta_k1_seed0/latest.pt,/home/haselab/projects/stable-deep-world-model/logs/content_kl_kernelsize/runs/20260207_060134_krull_private_eye/atari_private_eye_vta_k1_seed0/train_eps/20260207T135356-623cc9838618413ab383254def4ae298-2699.npz,792,824,0.0,1.5120986060490615e-12,1.691964030265808,2.9953126907348633,0.0,3.696176528930664,nan,nan,nan,nan
atari_private_eye,/home/haselab/projects/stable-deep-world-model/logs/content_kl_kernelsize/runs/20260207_060134_krull_private_eye/atari_private_eye_vta_k1_seed0,/home/haselab/projects/stable-deep-world-model/logs/content_kl_kernelsize/runs/20260207_060134_krull_private_eye/atari_private_eye_vta_k1_seed0/latest.pt,/home/haselab/projects/stable-deep-world-model/logs/content_kl_kernelsize/runs/20260207_060134_krull_private_eye/atari_private_eye_vta_k1_seed0/train_eps/20260207T135356-623cc9838618413ab383254def4ae298-2699.npz,800,832,0.0,1.2274265805134466e-12,1.74730384349823,3.038367748260498,0.0,3.847525119781494,nan,nan,nan,nan
atari_private_eye,/home/haselab/projects/stable-deep-world-model/logs/content_kl_kernelsize/runs/20260207_060134_krull_private_eye/atari_private_eye_vta_k1_seed0,/home/haselab/projects/stable-deep-world-model/logs/content_kl_kernelsize/runs/20260207_060134_krull_private_eye/atari_private_eye_vta_k1_seed0/latest.pt,/home/haselab/projects/stable-deep-world-model/logs/content_kl_kernelsize/runs/20260207_060134_krull_private_eye/atari_private_eye_vta_k1_seed0/train_eps/20260207T135356-623cc9838618413ab383254def4ae298-2699.npz,808,840,0.0,3.3548896083077095e-13,1.999316692352295,3.7799296379089355,0.0,4.601309776306152,nan,nan,nan,nan
atari_private_eye,/home/haselab/projects/stable-deep-world-model/logs/content_kl_kernelsize/runs/20260207_060134_krull_private_eye/atari_private_eye_vta_k1_seed0,/home/haselab/projects/stable-deep-world-model/logs/content_kl_kernelsize/runs/20260207_060134_krull_private_eye/atari_private_eye_vta_k1_seed0/latest.pt,/home/haselab/projects/stable-deep-world-model/logs/content_kl_kernelsize/runs/20260207_060134_krull_private_eye/atari_private_eye_vta_k1_seed0/train_eps/20260207T135356-623cc9838618413ab383254def4ae298-2699.npz,816,848,0.0,3.895747656759707e-13,2.0908026695251465,4.040014266967773,0.0,4.831671714782715,nan,nan,nan,nan
atari_private_eye,/home/haselab/projects/stable-deep-world-model/logs/content_kl_kernelsize/runs/20260207_060134_krull_private_eye/atari_private_eye_vta_k1_seed0,/home/haselab/projects/stable-deep-world-model/logs/content_kl_kernelsize/runs/20260207_060134_krull_private_eye/atari_private_eye_vta_k1_seed0/latest.pt,/home/haselab/projects/stable-deep-world-model/logs/content_kl_kernelsize/runs/20260207_060134_krull_private_eye/atari_private_eye_vta_k1_seed0/train_eps/20260207T135356-623cc9838618413ab383254def4ae298-2699.npz,824,856,0.0,6.422545871867524e-13,1.9027061462402344,3.757014274597168,0.0,4.498021125793457,nan,nan,nan,nan
atari_private_eye,/home/haselab/projects/stable-deep-world-model/logs/content_kl_kernelsize/runs/20260207_060134_krull_private_eye/atari_private_eye_vta_k1_seed0,/home/haselab/projects/stable-deep-world-model/logs/content_kl_kernelsize/runs/20260207_060134_krull_private_eye/atari_private_eye_vta_k1_seed0/latest.pt,/home/haselab/projects/stable-deep-world-model/logs/content_kl_kernelsize/runs/20260207_060134_krull_private_eye/atari_private_eye_vta_k1_seed0/train_eps/20260207T135356-623cc9838618413ab383254def4ae298-2699.npz,832,864,0.0,4.846949122443156e-13,2.0218961238861084,4.290464401245117,0.0,4.9139251708984375,nan,nan,nan,nan
atari_private_eye,/home/haselab/projects/stable-deep-world-model/logs/content_kl_kernelsize/runs/20260207_060134_krull_private_eye/atari_private_eye_vta_k1_seed0,/home/haselab/projects/stable-deep-world-model/logs/content_kl_kernelsize/runs/20260207_060134_krull_private_eye/atari_private_eye_vta_k1_seed0/latest.pt,/home/haselab/projects/stable-deep-world-model/logs/content_kl_kernelsize/runs/20260207_060134_krull_private_eye/atari_private_eye_vta_k1_seed0/train_eps/20260207T135356-623cc9838618413ab383254def4ae298-2699.npz,840,872,0.0,4.897421444077787e-13,1.9738022089004517,3.976733922958374,0.0,4.616474151611328,nan,nan,nan,nan
atari_private_eye,/home/haselab/projects/stable-deep-world-model/logs/content_kl_kernelsize/runs/20260207_060134_krull_private_eye/atari_private_eye_vta_k1_seed0,/home/haselab/projects/stable-deep-world-model/logs/content_kl_kernelsize/runs/20260207_060134_krull_private_eye/atari_private_eye_vta_k1_seed0/latest.pt,/home/haselab/projects/stable-deep-world-model/logs/content_kl_kernelsize/runs/20260207_060134_krull_private_eye/atari_private_eye_vta_k1_seed0/train_eps/20260207T135356-623cc9838618413ab383254def4ae298-2699.npz,848,880,0.0,4.797298626055269e-13,1.9474964141845703,3.781636953353882,0.0,4.426114082336426,nan,nan,nan,nan
atari_private_eye,/home/haselab/projects/stable-deep-world-model/logs/content_kl_kernelsize/runs/20260207_060134_krull_private_eye/atari_private_eye_vta_k1_seed0,/home/haselab/projects/stable-deep-world-model/logs/content_kl_kernelsize/runs/20260207_060134_krull_private_eye/atari_private_eye_vta_k1_seed0/latest.pt,/home/haselab/projects/stable-deep-world-model/logs/content_kl_kernelsize/runs/20260207_060134_krull_private_eye/atari_private_eye_vta_k1_seed0/train_eps/20260207T135356-623cc9838618413ab383254def4ae298-2699.npz,856,888,0.0,2.2684579095797602e-13,2.074443817138672,3.872163772583008,0.0,4.581366539001465,nan,nan,nan,nan
atari_private_eye,/home/haselab/projects/stable-deep-world-model/logs/content_kl_kernelsize/runs/20260207_060134_krull_private_eye/atari_private_eye_vta_k1_seed0,/home/haselab/projects/stable-deep-world-model/logs/content_kl_kernelsize/runs/20260207_060134_krull_private_eye/atari_private_eye_vta_k1_seed0/latest.pt,/home/haselab/projects/stable-deep-world-model/logs/content_kl_kernelsize/runs/20260207_060134_krull_private_eye/atari_private_eye_vta_k1_seed0/train_eps/20260207T135356-623cc9838618413ab383254def4ae298-2699.npz,864,896,0.0,2.002133810304063e-13,1.8565964698791504,3.4347305297851562,0.0,4.172147750854492,nan,nan,nan,nan
atari_private_eye,/home/haselab/projects/stable-deep-world-model/logs/content_kl_kernelsize/runs/20260207_060134_krull_private_eye/atari_private_eye_vta_k1_seed0,/home/haselab/projects/stable-deep-world-model/logs/content_kl_kernelsize/runs/20260207_060134_krull_private_eye/atari_private_eye_vta_k1_seed0/latest.pt,/home/haselab/projects/stable-deep-world-model/logs/content_kl_kernelsize/runs/20260207_060134_krull_private_eye/atari_private_eye_vta_k1_seed0/train_eps/20260207T135356-623cc9838618413ab383254def4ae298-2699.npz,872,904,0.0,1.4268030116768027e-13,1.6148967742919922,3.073178291320801,0.0,3.7981953620910645,nan,nan,nan,nan
atari_private_eye,/home/haselab/projects/stable-deep-world-model/logs/content_kl_kernelsize/runs/20260207_060134_krull_private_eye/atari_private_eye_vta_k1_seed0,/home/haselab/projects/stable-deep-world-model/logs/content_kl_kernelsize/runs/20260207_060134_krull_private_eye/atari_private_eye_vta_k1_seed0/latest.pt,/home/haselab/projects/stable-deep-world-model/logs/content_kl_kernelsize/runs/20260207_060134_krull_private_eye/atari_private_eye_vta_k1_seed0/train_eps/20260207T135356-623cc9838618413ab383254def4ae298-2699.npz,880,912,0.0,5.9682801201979465e-15,1.476419448852539,2.8750905990600586,0.0,3.6351213455200195,nan,nan,nan,nan
atari_private_eye,/home/haselab/projects/stable-deep-world-model/logs/content_kl_kernelsize/runs/20260207_060134_krull_private_eye/atari_private_eye_vta_k1_seed0,/home/haselab/projects/stable-deep-world-model/logs/content_kl_kernelsize/runs/20260207_060134_krull_private_eye/atari_private_eye_vta_k1_seed0/latest.pt,/home/haselab/projects/stable-deep-world-model/logs/content_kl_kernelsize/runs/20260207_060134_krull_private_eye/atari_private_eye_vta_k1_seed0/train_eps/20260207T135356-623cc9838618413ab383254def4ae298-2699.npz,888,920,0.0,3.675861257902962e-15,1.4433624744415283,2.9604039192199707,0.0,3.7402074337005615,nan,nan,nan,nan
atari_private_eye,/home/haselab/projects/stable-deep-world-model/logs/content_kl_kernelsize/runs/20260207_060134_krull_private_eye/atari_private_eye_vta_k1_seed0,/home/haselab/projects/stable-deep-world-model/logs/content_kl_kernelsize/runs/20260207_060134_krull_private_eye/atari_private_eye_vta_k1_seed0/latest.pt,/home/haselab/projects/stable-deep-world-model/logs/content_kl_kernelsize/runs/20260207_060134_krull_private_eye/atari_private_eye_vta_k1_seed0/train_eps/20260207T135356-623cc9838618413ab383254def4ae298-2699.npz,896,928,0.0,5.899673111153803e-13,1.5616542100906372,3.3132519721984863,0.0,4.137101650238037,nan,nan,nan,nan
atari_private_eye,/home/haselab/projects/stable-deep-world-model/logs/content_kl_kernelsize/runs/20260207_060134_krull_private_eye/atari_private_eye_vta_k1_seed0,/home/haselab/projects/stable-deep-world-model/logs/content_kl_kernelsize/runs/20260207_060134_krull_private_eye/atari_private_eye_vta_k1_seed0/latest.pt,/home/haselab/projects/stable-deep-world-model/logs/content_kl_kernelsize/runs/20260207_060134_krull_private_eye/atari_private_eye_vta_k1_seed0/train_eps/20260207T135356-623cc9838618413ab383254def4ae298-2699.npz,904,936,0.0,7.056800890165027e-13,1.6318283081054688,3.385348081588745,0.0,4.133218765258789,nan,nan,nan,nan
atari_private_eye,/home/haselab/projects/stable-deep-world-model/logs/content_kl_kernelsize/runs/20260207_060134_krull_private_eye/atari_private_eye_vta_k1_seed0,/home/haselab/projects/stable-deep-world-model/logs/content_kl_kernelsize/runs/20260207_060134_krull_private_eye/atari_private_eye_vta_k1_seed0/latest.pt,/home/haselab/projects/stable-deep-world-model/logs/content_kl_kernelsize/runs/20260207_060134_krull_private_eye/atari_private_eye_vta_k1_seed0/train_eps/20260207T135356-623cc9838618413ab383254def4ae298-2699.npz,912,944,0.0,7.031610536889499e-13,1.594806432723999,3.358802318572998,0.0,4.056887626647949,nan,nan,nan,nan
atari_private_eye,/home/haselab/projects/stable-deep-world-model/logs/content_kl_kernelsize/runs/20260207_060134_krull_private_eye/atari_private_eye_vta_k1_seed0,/home/haselab/projects/stable-deep-world-model/logs/content_kl_kernelsize/runs/20260207_060134_krull_private_eye/atari_private_eye_vta_k1_seed0/latest.pt,/home/haselab/projects/stable-deep-world-model/logs/content_kl_kernelsize/runs/20260207_060134_krull_private_eye/atari_private_eye_vta_k1_seed0/train_eps/20260207T135356-623cc9838618413ab383254def4ae298-2699.npz,920,952,0.0,7.029058324975468e-13,1.5322221517562866,3.199983596801758,0.0,3.7702078819274902,nan,nan,nan,nan
atari_private_eye,/home/haselab/projects/stable-deep-world-model/logs/content_kl_kernelsize/runs/20260207_060134_krull_private_eye/atari_private_eye_vta_k1_seed0,/home/haselab/projects/stable-deep-world-model/logs/content_kl_kernelsize/runs/20260207_060134_krull_private_eye/atari_private_eye_vta_k1_seed0/latest.pt,/home/haselab/projects/stable-deep-world-model/logs/content_kl_kernelsize/runs/20260207_060134_krull_private_eye/atari_private_eye_vta_k1_seed0/train_eps/20260207T135356-623cc9838618413ab383254def4ae298-2699.npz,928,960,0.0,1.162371387293179e-13,1.4489011764526367,2.7899584770202637,0.0,3.23781681060791,nan,nan,nan,nan
atari_private_eye,/home/haselab/projects/stable-deep-world-model/logs/content_kl_kernelsize/runs/20260207_060134_krull_private_eye/atari_private_eye_vta_k1_seed0,/home/haselab/projects/stable-deep-world-model/logs/content_kl_kernelsize/runs/20260207_060134_krull_private_eye/atari_private_eye_vta_k1_seed0/latest.pt,/home/haselab/projects/stable-deep-world-model/logs/content_kl_kernelsize/runs/20260207_060134_krull_private_eye/atari_private_eye_vta_k1_seed0/train_eps/20260207T135356-623cc9838618413ab383254def4ae298-2699.npz,936,968,0.0,7.883898395233402e-12,1.5753569602966309,3.1992149353027344,0.0,3.658456563949585,nan,nan,nan,nan
atari_private_eye,/home/haselab/projects/stable-deep-world-model/logs/content_kl_kernelsize/runs/20260207_060134_krull_private_eye/atari_private_eye_vta_k1_seed0,/home/haselab/projects/stable-deep-world-model/logs/content_kl_kernelsize/runs/20260207_060134_krull_private_eye/atari_private_eye_vta_k1_seed0/latest.pt,/home/haselab/projects/stable-deep-world-model/logs/content_kl_kernelsize/runs/20260207_060134_krull_private_eye/atari_private_eye_vta_k1_seed0/train_eps/20260207T135356-623cc9838618413ab383254def4ae298-2699.npz,944,976,0.0,7.96829442706315e-12,1.4191560745239258,2.889023542404175,0.0,3.4865705966949463,nan,nan,nan,nan
atari_private_eye,/home/haselab/projects/stable-deep-world-model/logs/content_kl_kernelsize/runs/20260207_060134_krull_private_eye/atari_private_eye_vta_k1_seed0,/home/haselab/projects/stable-deep-world-model/logs/content_kl_kernelsize/runs/20260207_060134_krull_private_eye/atari_private_eye_vta_k1_seed0/latest.pt,/home/haselab/projects/stable-deep-world-model/logs/content_kl_kernelsize/runs/20260207_060134_krull_private_eye/atari_private_eye_vta_k1_seed0/train_eps/20260207T135356-623cc9838618413ab383254def4ae298-2699.npz,952,984,0.0,9.096796232954674e-12,1.3807439804077148,2.862675905227661,0.0,3.559258222579956,nan,nan,nan,nan
atari_private_eye,/home/haselab/projects/stable-deep-world-model/logs/content_kl_kernelsize/runs/20260207_060134_krull_private_eye/atari_private_eye_vta_k1_seed0,/home/haselab/projects/stable-deep-world-model/logs/content_kl_kernelsize/runs/20260207_060134_krull_private_eye/atari_private_eye_vta_k1_seed0/latest.pt,/home/haselab/projects/stable-deep-world-model/logs/content_kl_kernelsize/runs/20260207_060134_krull_private_eye/atari_private_eye_vta_k1_seed0/train_eps/20260207T135356-623cc9838618413ab383254def4ae298-2699.npz,960,992,0.0,9.330970891785473e-12,1.4148766994476318,2.8922581672668457,0.0,3.644502639770508,nan,nan,nan,nan
atari_private_eye,/home/haselab/projects/stable-deep-world-model/logs/content_kl_kernelsize/runs/20260207_060134_krull_private_eye/atari_private_eye_vta_k1_seed0,/home/haselab/projects/stable-deep-world-model/logs/content_kl_kernelsize/runs/20260207_060134_krull_private_eye/atari_private_eye_vta_k1_seed0/latest.pt,/home/haselab/projects/stable-deep-world-model/logs/content_kl_kernelsize/runs/20260207_060134_krull_private_eye/atari_private_eye_vta_k1_seed0/train_eps/20260207T135356-623cc9838618413ab383254def4ae298-2699.npz,968,1000,0.0,1.4490942083431047e-12,1.2061439752578735,2.3324177265167236,0.0,3.0546112060546875,nan,nan,nan,nan
atari_private_eye,/home/haselab/projects/stable-deep-world-model/logs/content_kl_kernelsize/runs/20260207_060134_krull_private_eye/atari_private_eye_vta_k1_seed0,/home/haselab/projects/stable-deep-world-model/logs/content_kl_kernelsize/runs/20260207_060134_krull_private_eye/atari_private_eye_vta_k1_seed0/latest.pt,/home/haselab/projects/stable-deep-world-model/logs/content_kl_kernelsize/runs/20260207_060134_krull_private_eye/atari_private_eye_vta_k1_seed0/train_eps/20260207T135356-623cc9838618413ab383254def4ae298-2699.npz,976,1008,0.0,1.3646394127556083e-12,1.3540996313095093,2.5191259384155273,0.0,3.154536247253418,nan,nan,nan,nan
atari_private_eye,/home/haselab/projects/stable-deep-world-model/logs/content_kl_kernelsize/runs/20260207_060134_krull_private_eye/atari_private_eye_vta_k1_seed0,/home/haselab/projects/stable-deep-world-model/logs/content_kl_kernelsize/runs/20260207_060134_krull_private_eye/atari_private_eye_vta_k1_seed0/latest.pt,/home/haselab/projects/stable-deep-world-model/logs/content_kl_kernelsize/runs/20260207_060134_krull_private_eye/atari_private_eye_vta_k1_seed0/train_eps/20260207T135356-623cc9838618413ab383254def4ae298-2699.npz,984,1016,0.0,2.6214368674913613e-13,1.6244122982025146,3.047344207763672,0.0,3.6478679180145264,nan,nan,nan,nan
atari_private_eye,/home/haselab/projects/stable-deep-world-model/logs/content_kl_kernelsize/runs/20260207_060134_krull_private_eye/atari_private_eye_vta_k1_seed0,/home/haselab/projects/stable-deep-world-model/logs/content_kl_kernelsize/runs/20260207_060134_krull_private_eye/atari_private_eye_vta_k1_seed0/latest.pt,/home/haselab/projects/stable-deep-world-model/logs/content_kl_kernelsize/runs/20260207_060134_krull_private_eye/atari_private_eye_vta_k1_seed0/train_eps/20260207T135356-623cc9838618413ab383254def4ae298-2699.npz,992,1024,0.0,2.781160501549862e-12,1.6510162353515625,3.036660671234131,0.0,3.855348825454712,nan,nan,nan,nan
atari_private_eye,/home/haselab/projects/stable-deep-world-model/logs/content_kl_kernelsize/runs/20260207_060134_krull_private_eye/atari_private_eye_vta_k1_seed0,/home/haselab/projects/stable-deep-world-model/logs/content_kl_kernelsize/runs/20260207_060134_krull_private_eye/atari_private_eye_vta_k1_seed0/latest.pt,/home/haselab/projects/stable-deep-world-model/logs/content_kl_kernelsize/runs/20260207_060134_krull_private_eye/atari_private_eye_vta_k1_seed0/train_eps/20260207T135356-623cc9838618413ab383254def4ae298-2699.npz,1000,1032,0.0,3.8535771795800144e-11,1.6728333234786987,3.0053491592407227,0.0,3.9824721813201904,nan,nan,nan,nan
atari_private_eye,/home/haselab/projects/stable-deep-world-model/logs/content_kl_kernelsize/runs/20260207_060134_krull_private_eye/atari_private_eye_vta_k1_seed0,/home/haselab/projects/stable-deep-world-model/logs/content_kl_kernelsize/runs/20260207_060134_krull_private_eye/atari_private_eye_vta_k1_seed0/latest.pt,/home/haselab/projects/stable-deep-world-model/logs/content_kl_kernelsize/runs/20260207_060134_krull_private_eye/atari_private_eye_vta_k1_seed0/train_eps/20260207T135356-623cc9838618413ab383254def4ae298-2699.npz,1008,1040,0.0,3.8536056290450205e-11,1.7522927522659302,3.1598215103149414,0.0,4.1248579025268555,nan,nan,nan,nan
atari_private_eye,/home/haselab/projects/stable-deep-world-model/logs/content_kl_kernelsize/runs/20260207_060134_krull_private_eye/atari_private_eye_vta_k1_seed0,/home/haselab/projects/stable-deep-world-model/logs/content_kl_kernelsize/runs/20260207_060134_krull_private_eye/atari_private_eye_vta_k1_seed0/latest.pt,/home/haselab/projects/stable-deep-world-model/logs/content_kl_kernelsize/runs/20260207_060134_krull_private_eye/atari_private_eye_vta_k1_seed0/train_eps/20260207T135356-623cc9838618413ab383254def4ae298-2699.npz,1016,1048,0.0,3.851154464773465e-11,1.5144033432006836,2.7236557006835938,0.0,3.9123706817626953,nan,nan,nan,nan
atari_private_eye,/home/haselab/projects/stable-deep-world-model/logs/content_kl_kernelsize/runs/20260207_060134_krull_private_eye/atari_private_eye_vta_k1_seed0,/home/haselab/projects/stable-deep-world-model/logs/content_kl_kernelsize/runs/20260207_060134_krull_private_eye/atari_private_eye_vta_k1_seed0/latest.pt,/home/haselab/projects/stable-deep-world-model/logs/content_kl_kernelsize/runs/20260207_060134_krull_private_eye/atari_private_eye_vta_k1_seed0/train_eps/20260207T135356-623cc9838618413ab383254def4ae298-2699.npz,1024,1056,0.0,3.576836396512739e-11,1.4690675735473633,2.7688636779785156,0.0,3.8883495330810547,nan,nan,nan,nan
atari_private_eye,/home/haselab/projects/stable-deep-world-model/logs/content_kl_kernelsize/runs/20260207_060134_krull_private_eye/atari_private_eye_vta_k1_seed0,/home/haselab/projects/stable-deep-world-model/logs/content_kl_kernelsize/runs/20260207_060134_krull_private_eye/atari_private_eye_vta_k1_seed0/latest.pt,/home/haselab/projects/stable-deep-world-model/logs/content_kl_kernelsize/runs/20260207_060134_krull_private_eye/atari_private_eye_vta_k1_seed0/train_eps/20260207T135356-623cc9838618413ab383254def4ae298-2699.npz,1032,1064,0.0,1.5238616033093344e-13,1.533797264099121,3.0842185020446777,0.0,4.147669315338135,nan,nan,nan,nan
atari_private_eye,/home/haselab/projects/stable-deep-world-model/logs/content_kl_kernelsize/runs/20260207_060134_krull_private_eye/atari_private_eye_vta_k1_seed0,/home/haselab/projects/stable-deep-world-model/logs/content_kl_kernelsize/runs/20260207_060134_krull_private_eye/atari_private_eye_vta_k1_seed0/latest.pt,/home/haselab/projects/stable-deep-world-model/logs/content_kl_kernelsize/runs/20260207_060134_krull_private_eye/atari_private_eye_vta_k1_seed0/train_eps/20260207T135356-623cc9838618413ab383254def4ae298-2699.npz,1040,1072,0.0,2.736696719934928e-12,1.4705761671066284,2.9641764163970947,0.0,4.05525016784668,nan,nan,nan,nan
atari_private_eye,/home/haselab/projects/stable-deep-world-model/logs/content_kl_kernelsize/runs/20260207_060134_krull_private_eye/atari_private_eye_vta_k1_seed0,/home/haselab/projects/stable-deep-world-model/logs/content_kl_kernelsize/runs/20260207_060134_krull_private_eye/atari_private_eye_vta_k1_seed0/latest.pt,/home/haselab/projects/stable-deep-world-model/logs/content_kl_kernelsize/runs/20260207_060134_krull_private_eye/atari_private_eye_vta_k1_seed0/train_eps/20260207T135356-623cc9838618413ab383254def4ae298-2699.npz,1048,1080,0.0,3.010306847545108e-12,1.484648585319519,2.9035263061523438,0.0,3.884012222290039,nan,nan,nan,nan
atari_private_eye,/home/haselab/projects/stable-deep-world-model/logs/content_kl_kernelsize/runs/20260207_060134_krull_private_eye/atari_private_eye_vta_k1_seed0,/home/haselab/projects/stable-deep-world-model/logs/content_kl_kernelsize/runs/20260207_060134_krull_private_eye/atari_private_eye_vta_k1_seed0/latest.pt,/home/haselab/projects/stable-deep-world-model/logs/content_kl_kernelsize/runs/20260207_060134_krull_private_eye/atari_private_eye_vta_k1_seed0/train_eps/20260207T135356-623cc9838618413ab383254def4ae298-2699.npz,1056,1088,0.0,9.804469736085508e-12,1.503650426864624,3.000204086303711,0.0,3.9895291328430176,nan,nan,nan,nan
atari_private_eye,/home/haselab/projects/stable-deep-world-model/logs/content_kl_kernelsize/runs/20260207_060134_krull_private_eye/atari_private_eye_vta_k1_seed0,/home/haselab/projects/stable-deep-world-model/logs/content_kl_kernelsize/runs/20260207_060134_krull_private_eye/atari_private_eye_vta_k1_seed0/latest.pt,/home/haselab/projects/stable-deep-world-model/logs/content_kl_kernelsize/runs/20260207_060134_krull_private_eye/atari_private_eye_vta_k1_seed0/train_eps/20260207T135356-623cc9838618413ab383254def4ae298-2699.npz,1064,1096,0.0,1.4879365101139186e-11,1.3920743465423584,2.634126901626587,0.0,3.7099995613098145,nan,nan,nan,nan
atari_private_eye,/home/haselab/projects/stable-deep-world-model/logs/content_kl_kernelsize/runs/20260207_060134_krull_private_eye/atari_private_eye_vta_k1_seed0,/home/haselab/projects/stable-deep-world-model/logs/content_kl_kernelsize/runs/20260207_060134_krull_private_eye/atari_private_eye_vta_k1_seed0/latest.pt,/home/haselab/projects/stable-deep-world-model/logs/content_kl_kernelsize/runs/20260207_060134_krull_private_eye/atari_private_eye_vta_k1_seed0/train_eps/20260207T135356-623cc9838618413ab383254def4ae298-2699.npz,1072,1104,0.0,1.2648822961258688e-11,1.4540374279022217,2.7677674293518066,0.0,3.757779598236084,nan,nan,nan,nan
atari_private_eye,/home/haselab/projects/stable-deep-world-model/logs/content_kl_kernelsize/runs/20260207_060134_krull_private_eye/atari_private_eye_vta_k1_seed0,/home/haselab/projects/stable-deep-world-model/logs/content_kl_kernelsize/runs/20260207_060134_krull_private_eye/atari_private_eye_vta_k1_seed0/latest.pt,/home/haselab/projects/stable-deep-world-model/logs/content_kl_kernelsize/runs/20260207_060134_krull_private_eye/atari_private_eye_vta_k1_seed0/train_eps/20260207T135356-623cc9838618413ab383254def4ae298-2699.npz,1080,1112,0.0,1.2467742116495373e-11,1.540195345878601,2.9126996994018555,0.0,3.7587122917175293,nan,nan,nan,nan
atari_private_eye,/home/haselab/projects/stable-deep-world-model/logs/content_kl_kernelsize/runs/20260207_060134_krull_private_eye/atari_private_eye_vta_k1_seed0,/home/haselab/projects/stable-deep-world-model/logs/content_kl_kernelsize/runs/20260207_060134_krull_private_eye/atari_private_eye_vta_k1_seed0/latest.pt,/home/haselab/projects/stable-deep-world-model/logs/content_kl_kernelsize/runs/20260207_060134_krull_private_eye/atari_private_eye_vta_k1_seed0/train_eps/20260207T135356-623cc9838618413ab383254def4ae298-2699.npz,1088,1120,0.0,1.2988444521300213e-11,1.7216732501983643,3.0082437992095947,0.0,3.777360439300537,nan,nan,nan,nan
atari_private_eye,/home/haselab/projects/stable-deep-world-model/logs/content_kl_kernelsize/runs/20260207_060134_krull_private_eye/atari_private_eye_vta_k1_seed0,/home/haselab/projects/stable-deep-world-model/logs/content_kl_kernelsize/runs/20260207_060134_krull_private_eye/atari_private_eye_vta_k1_seed0/latest.pt,/home/haselab/projects/stable-deep-world-model/logs/content_kl_kernelsize/runs/20260207_060134_krull_private_eye/atari_private_eye_vta_k1_seed0/train_eps/20260207T135356-623cc9838618413ab383254def4ae298-2699.npz,1096,1128,0.0,8.17740840319825e-12,1.8279294967651367,3.080509662628174,0.0,3.666564464569092,nan,nan,nan,nan
atari_private_eye,/home/haselab/projects/stable-deep-world-model/logs/content_kl_kernelsize/runs/20260207_060134_krull_private_eye/atari_private_eye_vta_k1_seed0,/home/haselab/projects/stable-deep-world-model/logs/content_kl_kernelsize/runs/20260207_060134_krull_private_eye/atari_private_eye_vta_k1_seed0/latest.pt,/home/haselab/projects/stable-deep-world-model/logs/content_kl_kernelsize/runs/20260207_060134_krull_private_eye/atari_private_eye_vta_k1_seed0/train_eps/20260207T135356-623cc9838618413ab383254def4ae298-2699.npz,1104,1136,0.0,8.478433233261029e-12,1.8489513397216797,3.0850298404693604,0.0,3.6742892265319824,nan,nan,nan,nan
atari_private_eye,/home/haselab/projects/stable-deep-world-model/logs/content_kl_kernelsize/runs/20260207_060134_krull_private_eye/atari_private_eye_vta_k1_seed0,/home/haselab/projects/stable-deep-world-model/logs/content_kl_kernelsize/runs/20260207_060134_krull_private_eye/atari_private_eye_vta_k1_seed0/latest.pt,/home/haselab/projects/stable-deep-world-model/logs/content_kl_kernelsize/runs/20260207_060134_krull_private_eye/atari_private_eye_vta_k1_seed0/train_eps/20260207T135356-623cc9838618413ab383254def4ae298-2699.npz,1112,1144,0.0,1.0713266211659356e-11,1.675128698348999,2.862088203430176,0.0,3.420729637145996,nan,nan,nan,nan
atari_private_eye,/home/haselab/projects/stable-deep-world-model/logs/content_kl_kernelsize/runs/20260207_060134_krull_private_eye/atari_private_eye_vta_k1_seed0,/home/haselab/projects/stable-deep-world-model/logs/content_kl_kernelsize/runs/20260207_060134_krull_private_eye/atari_private_eye_vta_k1_seed0/latest.pt,/home/haselab/projects/stable-deep-world-model/logs/content_kl_kernelsize/runs/20260207_060134_krull_private_eye/atari_private_eye_vta_k1_seed0/train_eps/20260207T135356-623cc9838618413ab383254def4ae298-2699.npz,1120,1152,0.0,3.4718027064339907e-12,1.4822614192962646,2.564575672149658,0.0,3.1223318576812744,nan,nan,nan,nan
atari_private_eye,/home/haselab/projects/stable-deep-world-model/logs/content_kl_kernelsize/runs/20260207_060134_krull_private_eye/atari_private_eye_vta_k1_seed0,/home/haselab/projects/stable-deep-world-model/logs/content_kl_kernelsize/runs/20260207_060134_krull_private_eye/atari_private_eye_vta_k1_seed0/latest.pt,/home/haselab/projects/stable-deep-world-model/logs/content_kl_kernelsize/runs/20260207_060134_krull_private_eye/atari_private_eye_vta_k1_seed0/train_eps/20260207T135356-623cc9838618413ab383254def4ae298-2699.npz,1128,1160,0.0,4.8734848621945215e-12,1.6074926853179932,3.1574907302856445,0.0,3.7361602783203125,nan,nan,nan,nan
atari_private_eye,/home/haselab/projects/stable-deep-world-model/logs/content_kl_kernelsize/runs/20260207_060134_krull_private_eye/atari_private_eye_vta_k1_seed0,/home/haselab/projects/stable-deep-world-model/logs/content_kl_kernelsize/runs/20260207_060134_krull_private_eye/atari_private_eye_vta_k1_seed0/latest.pt,/home/haselab/projects/stable-deep-world-model/logs/content_kl_kernelsize/runs/20260207_060134_krull_private_eye/atari_private_eye_vta_k1_seed0/train_eps/20260207T135356-623cc9838618413ab383254def4ae298-2699.npz,1136,1168,0.0,4.735626821239514e-12,1.4757139682769775,2.9512991905212402,0.0,3.596511125564575,nan,nan,nan,nan
atari_private_eye,/home/haselab/projects/stable-deep-world-model/logs/content_kl_kernelsize/runs/20260207_060134_krull_private_eye/atari_private_eye_vta_k1_seed0,/home/haselab/projects/stable-deep-world-model/logs/content_kl_kernelsize/runs/20260207_060134_krull_private_eye/atari_private_eye_vta_k1_seed0/latest.pt,/home/haselab/projects/stable-deep-world-model/logs/content_kl_kernelsize/runs/20260207_060134_krull_private_eye/atari_private_eye_vta_k1_seed0/train_eps/20260207T135356-623cc9838618413ab383254def4ae298-2699.npz,1144,1176,0.0,2.418386454636212e-12,1.4996743202209473,2.903684139251709,0.0,3.5863428115844727,nan,nan,nan,nan
atari_private_eye,/home/haselab/projects/stable-deep-world-model/logs/content_kl_kernelsize/runs/20260207_060134_krull_private_eye/atari_private_eye_vta_k1_seed0,/home/haselab/projects/stable-deep-world-model/logs/content_kl_kernelsize/runs/20260207_060134_krull_private_eye/atari_private_eye_vta_k1_seed0/latest.pt,/home/haselab/projects/stable-deep-world-model/logs/content_kl_kernelsize/runs/20260207_060134_krull_private_eye/atari_private_eye_vta_k1_seed0/train_eps/20260207T135356-623cc9838618413ab383254def4ae298-2699.npz,1152,1184,0.0,2.5037250918347187e-12,1.5565547943115234,3.0534000396728516,0.0,3.6337223052978516,nan,nan,nan,nan
atari_private_eye,/home/haselab/projects/stable-deep-world-model/logs/content_kl_kernelsize/runs/20260207_060134_krull_private_eye/atari_private_eye_vta_k1_seed0,/home/haselab/projects/stable-deep-world-model/logs/content_kl_kernelsize/runs/20260207_060134_krull_private_eye/atari_private_eye_vta_k1_seed0/latest.pt,/home/haselab/projects/stable-deep-world-model/logs/content_kl_kernelsize/runs/20260207_060134_krull_private_eye/atari_private_eye_vta_k1_seed0/train_eps/20260207T135356-623cc9838618413ab383254def4ae298-2699.npz,1160,1192,0.0,1.6496330126555825e-12,1.3561835289001465,2.379152297973633,0.0,2.968299388885498,nan,nan,nan,nan
atari_private_eye,/home/haselab/projects/stable-deep-world-model/logs/content_kl_kernelsize/runs/20260207_060134_krull_private_eye/atari_private_eye_vta_k1_seed0,/home/haselab/projects/stable-deep-world-model/logs/content_kl_kernelsize/runs/20260207_060134_krull_private_eye/atari_private_eye_vta_k1_seed0/latest.pt,/home/haselab/projects/stable-deep-world-model/logs/content_kl_kernelsize/runs/20260207_060134_krull_private_eye/atari_private_eye_vta_k1_seed0/train_eps/20260207T135356-623cc9838618413ab383254def4ae298-2699.npz,1168,1200,0.0,5.134323521893691e-12,1.5780551433563232,3.014759063720703,0.0,3.5336661338806152,nan,nan,nan,nan
atari_private_eye,/home/haselab/projects/stable-deep-world-model/logs/content_kl_kernelsize/runs/20260207_060134_krull_private_eye/atari_private_eye_vta_k1_seed0,/home/haselab/projects/stable-deep-world-model/logs/content_kl_kernelsize/runs/20260207_060134_krull_private_eye/atari_private_eye_vta_k1_seed0/latest.pt,/home/haselab/projects/stable-deep-world-model/logs/content_kl_kernelsize/runs/20260207_060134_krull_private_eye/atari_private_eye_vta_k1_seed0/train_eps/20260207T135356-623cc9838618413ab383254def4ae298-2699.npz,1176,1208,0.0,1.3571636869880166e-11,1.6849162578582764,3.2161386013031006,0.0,3.726191282272339,nan,nan,nan,nan
atari_private_eye,/home/haselab/projects/stable-deep-world-model/logs/content_kl_kernelsize/runs/20260207_060134_krull_private_eye/atari_private_eye_vta_k1_seed0,/home/haselab/projects/stable-deep-world-model/logs/content_kl_kernelsize/runs/20260207_060134_krull_private_eye/atari_private_eye_vta_k1_seed0/latest.pt,/home/haselab/projects/stable-deep-world-model/logs/content_kl_kernelsize/runs/20260207_060134_krull_private_eye/atari_private_eye_vta_k1_seed0/train_eps/20260207T135356-623cc9838618413ab383254def4ae298-2699.npz,1184,1216,0.0,1.570453142529793e-11,1.669584035873413,3.1967902183532715,0.0,3.719465970993042,nan,nan,nan,nan
atari_private_eye,/home/haselab/projects/stable-deep-world-model/logs/content_kl_kernelsize/runs/20260207_060134_krull_private_eye/atari_private_eye_vta_k1_seed0,/home/haselab/projects/stable-deep-world-model/logs/content_kl_kernelsize/runs/20260207_060134_krull_private_eye/atari_private_eye_vta_k1_seed0/latest.pt,/home/haselab/projects/stable-deep-world-model/logs/content_kl_kernelsize/runs/20260207_060134_krull_private_eye/atari_private_eye_vta_k1_seed0/train_eps/20260207T135356-623cc9838618413ab383254def4ae298-2699.npz,1192,1224,0.0,1.578799938006803e-11,1.5972129106521606,3.183936595916748,0.0,3.733217716217041,nan,nan,nan,nan
atari_private_eye,/home/haselab/projects/stable-deep-world-model/logs/content_kl_kernelsize/runs/20260207_060134_krull_private_eye/atari_private_eye_vta_k1_seed0,/home/haselab/projects/stable-deep-world-model/logs/content_kl_kernelsize/runs/20260207_060134_krull_private_eye/atari_private_eye_vta_k1_seed0/latest.pt,/home/haselab/projects/stable-deep-world-model/logs/content_kl_kernelsize/runs/20260207_060134_krull_private_eye/atari_private_eye_vta_k1_seed0/train_eps/20260207T135356-623cc9838618413ab383254def4ae298-2699.npz,1200,1232,0.0,1.2852135154728384e-11,1.56978178024292,3.179858446121216,0.0,3.7867143154144287,nan,nan,nan,nan
atari_private_eye,/home/haselab/projects/stable-deep-world-model/logs/content_kl_kernelsize/runs/20260207_060134_krull_private_eye/atari_private_eye_vta_k1_seed0,/home/haselab/projects/stable-deep-world-model/logs/content_kl_kernelsize/runs/20260207_060134_krull_private_eye/atari_private_eye_vta_k1_seed0/latest.pt,/home/haselab/projects/stable-deep-world-model/logs/content_kl_kernelsize/runs/20260207_060134_krull_private_eye/atari_private_eye_vta_k1_seed0/train_eps/20260207T135356-623cc9838618413ab383254def4ae298-2699.npz,1208,1240,0.0,4.486031338069019e-12,1.5495679378509521,3.1347546577453613,0.0,3.723233222961426,nan,nan,nan,nan
atari_private_eye,/home/haselab/projects/stable-deep-world-model/logs/content_kl_kernelsize/runs/20260207_060134_krull_private_eye/atari_private_eye_vta_k1_seed0,/home/haselab/projects/stable-deep-world-model/logs/content_kl_kernelsize/runs/20260207_060134_krull_private_eye/atari_private_eye_vta_k1_seed0/latest.pt,/home/haselab/projects/stable-deep-world-model/logs/content_kl_kernelsize/runs/20260207_060134_krull_private_eye/atari_private_eye_vta_k1_seed0/train_eps/20260207T135356-623cc9838618413ab383254def4ae298-2699.npz,1216,1248,0.0,2.2787574778526665e-12,1.548522710800171,3.0587310791015625,0.0,3.631521463394165,nan,nan,nan,nan
atari_private_eye,/home/haselab/projects/stable-deep-world-model/logs/content_kl_kernelsize/runs/20260207_060134_krull_private_eye/atari_private_eye_vta_k1_seed0,/home/haselab/projects/stable-deep-world-model/logs/content_kl_kernelsize/runs/20260207_060134_krull_private_eye/atari_private_eye_vta_k1_seed0/latest.pt,/home/haselab/projects/stable-deep-world-model/logs/content_kl_kernelsize/runs/20260207_060134_krull_private_eye/atari_private_eye_vta_k1_seed0/train_eps/20260207T135356-623cc9838618413ab383254def4ae298-2699.npz,1224,1256,0.0,1.7488641828114493e-12,1.566523551940918,3.066305160522461,0.0,3.6040468215942383,nan,nan,nan,nan
atari_private_eye,/home/haselab/projects/stable-deep-world-model/logs/content_kl_kernelsize/runs/20260207_060134_krull_private_eye/atari_private_eye_vta_k1_seed0,/home/haselab/projects/stable-deep-world-model/logs/content_kl_kernelsize/runs/20260207_060134_krull_private_eye/atari_private_eye_vta_k1_seed0/latest.pt,/home/haselab/projects/stable-deep-world-model/logs/content_kl_kernelsize/runs/20260207_060134_krull_private_eye/atari_private_eye_vta_k1_seed0/train_eps/20260207T135356-623cc9838618413ab383254def4ae298-2699.npz,1232,1264,0.0,1.1673760916264264e-12,1.5573854446411133,2.9949703216552734,0.0,3.4580323696136475,nan,nan,nan,nan
atari_private_eye,/home/haselab/projects/stable-deep-world-model/logs/content_kl_kernelsize/runs/20260207_060134_krull_private_eye/atari_private_eye_vta_k1_seed0,/home/haselab/projects/stable-deep-world-model/logs/content_kl_kernelsize/runs/20260207_060134_krull_private_eye/atari_private_eye_vta_k1_seed0/latest.pt,/home/haselab/projects/stable-deep-world-model/logs/content_kl_kernelsize/runs/20260207_060134_krull_private_eye/atari_private_eye_vta_k1_seed0/train_eps/20260207T135356-623cc9838618413ab383254def4ae298-2699.npz,1240,1272,0.0,3.2287371561079414e-12,1.6013507843017578,2.9398796558380127,0.0,3.4688892364501953,nan,nan,nan,nan
atari_private_eye,/home/haselab/projects/stable-deep-world-model/logs/content_kl_kernelsize/runs/20260207_060134_krull_private_eye/atari_private_eye_vta_k1_seed0,/home/haselab/projects/stable-deep-world-model/logs/content_kl_kernelsize/runs/20260207_060134_krull_private_eye/atari_private_eye_vta_k1_seed0/latest.pt,/home/haselab/projects/stable-deep-world-model/logs/content_kl_kernelsize/runs/20260207_060134_krull_private_eye/atari_private_eye_vta_k1_seed0/train_eps/20260207T135356-623cc9838618413ab383254def4ae298-2699.npz,1248,1280,0.0,4.927601729431963e-12,1.5976945161819458,2.939358711242676,0.0,3.5270767211914062,nan,nan,nan,nan
atari_private_eye,/home/haselab/projects/stable-deep-world-model/logs/content_kl_kernelsize/runs/20260207_060134_krull_private_eye/atari_private_eye_vta_k1_seed0,/home/haselab/projects/stable-deep-world-model/logs/content_kl_kernelsize/runs/20260207_060134_krull_private_eye/atari_private_eye_vta_k1_seed0/latest.pt,/home/haselab/projects/stable-deep-world-model/logs/content_kl_kernelsize/runs/20260207_060134_krull_private_eye/atari_private_eye_vta_k1_seed0/train_eps/20260207T135356-623cc9838618413ab383254def4ae298-2699.npz,1256,1288,0.0,5.192460610786709e-12,1.6953232288360596,3.004058361053467,0.0,3.629202127456665,nan,nan,nan,nan
atari_private_eye,/home/haselab/projects/stable-deep-world-model/logs/content_kl_kernelsize/runs/20260207_060134_krull_private_eye/atari_private_eye_vta_k1_seed0,/home/haselab/projects/stable-deep-world-model/logs/content_kl_kernelsize/runs/20260207_060134_krull_private_eye/atari_private_eye_vta_k1_seed0/latest.pt,/home/haselab/projects/stable-deep-world-model/logs/content_kl_kernelsize/runs/20260207_060134_krull_private_eye/atari_private_eye_vta_k1_seed0/train_eps/20260207T135356-623cc9838618413ab383254def4ae298-2699.npz,1264,1296,0.0,1.3451314714862939e-11,1.5837388038635254,2.5056846141815186,0.0,3.1760759353637695,nan,nan,nan,nan
atari_private_eye,/home/haselab/projects/stable-deep-world-model/logs/content_kl_kernelsize/runs/20260207_060134_krull_private_eye/atari_private_eye_vta_k1_seed0,/home/haselab/projects/stable-deep-world-model/logs/content_kl_kernelsize/runs/20260207_060134_krull_private_eye/atari_private_eye_vta_k1_seed0/latest.pt,/home/haselab/projects/stable-deep-world-model/logs/content_kl_kernelsize/runs/20260207_060134_krull_private_eye/atari_private_eye_vta_k1_seed0/train_eps/20260207T135356-623cc9838618413ab383254def4ae298-2699.npz,1272,1304,0.0,1.131924588781974e-11,1.4990789890289307,2.4892184734344482,0.0,3.1377577781677246,nan,nan,nan,nan
atari_private_eye,/home/haselab/projects/stable-deep-world-model/logs/content_kl_kernelsize/runs/20260207_060134_krull_private_eye/atari_private_eye_vta_k1_seed0,/home/haselab/projects/stable-deep-world-model/logs/content_kl_kernelsize/runs/20260207_060134_krull_private_eye/atari_private_eye_vta_k1_seed0/latest.pt,/home/haselab/projects/stable-deep-world-model/logs/content_kl_kernelsize/runs/20260207_060134_krull_private_eye/atari_private_eye_vta_k1_seed0/train_eps/20260207T135356-623cc9838618413ab383254def4ae298-2699.npz,1280,1312,0.0,1.0335481602508079e-11,1.5386769771575928,2.5714030265808105,0.0,3.1454672813415527,nan,nan,nan,nan
atari_private_eye,/home/haselab/projects/stable-deep-world-model/logs/content_kl_kernelsize/runs/20260207_060134_krull_private_eye/atari_private_eye_vta_k1_seed0,/home/haselab/projects/stable-deep-world-model/logs/content_kl_kernelsize/runs/20260207_060134_krull_private_eye/atari_private_eye_vta_k1_seed0/latest.pt,/home/haselab/projects/stable-deep-world-model/logs/content_kl_kernelsize/runs/20260207_060134_krull_private_eye/atari_private_eye_vta_k1_seed0/train_eps/20260207T135356-623cc9838618413ab383254def4ae298-2699.npz,1288,1320,0.0,9.861131876343077e-12,1.5555429458618164,2.6422667503356934,0.0,3.1711959838867188,nan,nan,nan,nan
atari_private_eye,/home/haselab/projects/stable-deep-world-model/logs/content_kl_kernelsize/runs/20260207_060134_krull_private_eye/atari_private_eye_vta_k1_seed0,/home/haselab/projects/stable-deep-world-model/logs/content_kl_kernelsize/runs/20260207_060134_krull_private_eye/atari_private_eye_vta_k1_seed0/latest.pt,/home/haselab/projects/stable-deep-world-model/logs/content_kl_kernelsize/runs/20260207_060134_krull_private_eye/atari_private_eye_vta_k1_seed0/train_eps/20260207T135356-623cc9838618413ab383254def4ae298-2699.npz,1296,1328,0.0,2.047228272322732e-12,1.4948797225952148,2.6217708587646484,0.0,3.124021053314209,nan,nan,nan,nan
atari_private_eye,/home/haselab/projects/stable-deep-world-model/logs/content_kl_kernelsize/runs/20260207_060134_krull_private_eye/atari_private_eye_vta_k1_seed0,/home/haselab/projects/stable-deep-world-model/logs/content_kl_kernelsize/runs/20260207_060134_krull_private_eye/atari_private_eye_vta_k1_seed0/latest.pt,/home/haselab/projects/stable-deep-world-model/logs/content_kl_kernelsize/runs/20260207_060134_krull_private_eye/atari_private_eye_vta_k1_seed0/train_eps/20260207T135356-623cc9838618413ab383254def4ae298-2699.npz,1304,1336,0.0,5.6802253872723085e-12,1.6932191848754883,3.3383631706237793,0.0,3.8486428260803223,nan,nan,nan,nan
atari_private_eye,/home/haselab/projects/stable-deep-world-model/logs/content_kl_kernelsize/runs/20260207_060134_krull_private_eye/atari_private_eye_vta_k1_seed0,/home/haselab/projects/stable-deep-world-model/logs/content_kl_kernelsize/runs/20260207_060134_krull_private_eye/atari_private_eye_vta_k1_seed0/latest.pt,/home/haselab/projects/stable-deep-world-model/logs/content_kl_kernelsize/runs/20260207_060134_krull_private_eye/atari_private_eye_vta_k1_seed0/train_eps/20260207T135356-623cc9838618413ab383254def4ae298-2699.npz,1312,1344,0.0,1.6031927521642508e-11,1.7177237272262573,3.3259382247924805,0.0,3.881983518600464,nan,nan,nan,nan
atari_private_eye,/home/haselab/projects/stable-deep-world-model/logs/content_kl_kernelsize/runs/20260207_060134_krull_private_eye/atari_private_eye_vta_k1_seed0,/home/haselab/projects/stable-deep-world-model/logs/content_kl_kernelsize/runs/20260207_060134_krull_private_eye/atari_private_eye_vta_k1_seed0/latest.pt,/home/haselab/projects/stable-deep-world-model/logs/content_kl_kernelsize/runs/20260207_060134_krull_private_eye/atari_private_eye_vta_k1_seed0/train_eps/20260207T135356-623cc9838618413ab383254def4ae298-2699.npz,1320,1352,0.0,1.800524659922864e-11,1.7717926502227783,3.4211177825927734,0.0,4.033903121948242,nan,nan,nan,nan
atari_private_eye,/home/haselab/projects/stable-deep-world-model/logs/content_kl_kernelsize/runs/20260207_060134_krull_private_eye/atari_private_eye_vta_k1_seed0,/home/haselab/projects/stable-deep-world-model/logs/content_kl_kernelsize/runs/20260207_060134_krull_private_eye/atari_private_eye_vta_k1_seed0/latest.pt,/home/haselab/projects/stable-deep-world-model/logs/content_kl_kernelsize/runs/20260207_060134_krull_private_eye/atari_private_eye_vta_k1_seed0/train_eps/20260207T135356-623cc9838618413ab383254def4ae298-2699.npz,1328,1360,0.0,3.8080517905658695e-11,1.8717825412750244,3.6012449264526367,0.0,4.2768449783325195,nan,nan,nan,nan
atari_private_eye,/home/haselab/projects/stable-deep-world-model/logs/content_kl_kernelsize/runs/20260207_060134_krull_private_eye/atari_private_eye_vta_k1_seed0,/home/haselab/projects/stable-deep-world-model/logs/content_kl_kernelsize/runs/20260207_060134_krull_private_eye/atari_private_eye_vta_k1_seed0/latest.pt,/home/haselab/projects/stable-deep-world-model/logs/content_kl_kernelsize/runs/20260207_060134_krull_private_eye/atari_private_eye_vta_k1_seed0/train_eps/20260207T135356-623cc9838618413ab383254def4ae298-2699.npz,1336,1368,0.0,4.06254127560679e-11,1.7666854858398438,3.135824680328369,0.0,3.9048585891723633,nan,nan,nan,nan
atari_private_eye,/home/haselab/projects/stable-deep-world-model/logs/content_kl_kernelsize/runs/20260207_060134_krull_private_eye/atari_private_eye_vta_k1_seed0,/home/haselab/projects/stable-deep-world-model/logs/content_kl_kernelsize/runs/20260207_060134_krull_private_eye/atari_private_eye_vta_k1_seed0/latest.pt,/home/haselab/projects/stable-deep-world-model/logs/content_kl_kernelsize/runs/20260207_060134_krull_private_eye/atari_private_eye_vta_k1_seed0/train_eps/20260207T135356-623cc9838618413ab383254def4ae298-2699.npz,1344,1376,0.0,3.429408840238679e-11,1.6529505252838135,3.0704517364501953,0.0,3.9334473609924316,nan,nan,nan,nan
atari_private_eye,/home/haselab/projects/stable-deep-world-model/logs/content_kl_kernelsize/runs/20260207_060134_krull_private_eye/atari_private_eye_vta_k1_seed0,/home/haselab/projects/stable-deep-world-model/logs/content_kl_kernelsize/runs/20260207_060134_krull_private_eye/atari_private_eye_vta_k1_seed0/latest.pt,/home/haselab/projects/stable-deep-world-model/logs/content_kl_kernelsize/runs/20260207_060134_krull_private_eye/atari_private_eye_vta_k1_seed0/train_eps/20260207T135356-623cc9838618413ab383254def4ae298-2699.npz,1352,1384,0.0,4.4171395707781613e-11,1.572420358657837,2.882848024368286,0.0,3.7402584552764893,nan,nan,nan,nan
atari_private_eye,/home/haselab/projects/stable-deep-world-model/logs/content_kl_kernelsize/runs/20260207_060134_krull_private_eye/atari_private_eye_vta_k1_seed0,/home/haselab/projects/stable-deep-world-model/logs/content_kl_kernelsize/runs/20260207_060134_krull_private_eye/atari_private_eye_vta_k1_seed0/latest.pt,/home/haselab/projects/stable-deep-world-model/logs/content_kl_kernelsize/runs/20260207_060134_krull_private_eye/atari_private_eye_vta_k1_seed0/train_eps/20260207T135356-623cc9838618413ab383254def4ae298-2699.npz,1360,1392,0.0,4.16920178936131e-11,1.6202017068862915,2.9434988498687744,0.0,3.7616002559661865,nan,nan,nan,nan
atari_private_eye,/home/haselab/projects/stable-deep-world-model/logs/content_kl_kernelsize/runs/20260207_060134_krull_private_eye/atari_private_eye_vta_k1_seed0,/home/haselab/projects/stable-deep-world-model/logs/content_kl_kernelsize/runs/20260207_060134_krull_private_eye/atari_private_eye_vta_k1_seed0/latest.pt,/home/haselab/projects/stable-deep-world-model/logs/content_kl_kernelsize/runs/20260207_060134_krull_private_eye/atari_private_eye_vta_k1_seed0/train_eps/20260207T135356-623cc9838618413ab383254def4ae298-2699.npz,1368,1400,0.0,4.142286860742139e-11,1.4668681621551514,2.5728135108947754,0.0,3.361525535583496,nan,nan,nan,nan
atari_private_eye,/home/haselab/projects/stable-deep-world-model/logs/content_kl_kernelsize/runs/20260207_060134_krull_private_eye/atari_private_eye_vta_k1_seed0,/home/haselab/projects/stable-deep-world-model/logs/content_kl_kernelsize/runs/20260207_060134_krull_private_eye/atari_private_eye_vta_k1_seed0/latest.pt,/home/haselab/projects/stable-deep-world-model/logs/content_kl_kernelsize/runs/20260207_060134_krull_private_eye/atari_private_eye_vta_k1_seed0/train_eps/20260207T135356-623cc9838618413ab383254def4ae298-2699.npz,1376,1408,0.0,4.4514558705799345e-11,1.495645523071289,2.7153866291046143,0.0,3.4502673149108887,nan,nan,nan,nan
atari_private_eye,/home/haselab/projects/stable-deep-world-model/logs/content_kl_kernelsize/runs/20260207_060134_krull_private_eye/atari_private_eye_vta_k1_seed0,/home/haselab/projects/stable-deep-world-model/logs/content_kl_kernelsize/runs/20260207_060134_krull_private_eye/atari_private_eye_vta_k1_seed0/latest.pt,/home/haselab/projects/stable-deep-world-model/logs/content_kl_kernelsize/runs/20260207_060134_krull_private_eye/atari_private_eye_vta_k1_seed0/train_eps/20260207T135356-623cc9838618413ab383254def4ae298-2699.npz,1384,1416,0.0,3.504523060637865e-11,1.5807700157165527,2.8916313648223877,0.0,3.6460659503936768,nan,nan,nan,nan
atari_private_eye,/home/haselab/projects/stable-deep-world-model/logs/content_kl_kernelsize/runs/20260207_060134_krull_private_eye/atari_private_eye_vta_k1_seed0,/home/haselab/projects/stable-deep-world-model/logs/content_kl_kernelsize/runs/20260207_060134_krull_private_eye/atari_private_eye_vta_k1_seed0/latest.pt,/home/haselab/projects/stable-deep-world-model/logs/content_kl_kernelsize/runs/20260207_060134_krull_private_eye/atari_private_eye_vta_k1_seed0/train_eps/20260207T135356-623cc9838618413ab383254def4ae298-2699.npz,1392,1424,0.0,2.1846708470052434e-11,1.538639783859253,2.813037872314453,0.0,3.5876941680908203,nan,nan,nan,nan
atari_private_eye,/home/haselab/projects/stable-deep-world-model/logs/content_kl_kernelsize/runs/20260207_060134_krull_private_eye/atari_private_eye_vta_k1_seed0,/home/haselab/projects/stable-deep-world-model/logs/content_kl_kernelsize/runs/20260207_060134_krull_private_eye/atari_private_eye_vta_k1_seed0/latest.pt,/home/haselab/projects/stable-deep-world-model/logs/content_kl_kernelsize/runs/20260207_060134_krull_private_eye/atari_private_eye_vta_k1_seed0/train_eps/20260207T135356-623cc9838618413ab383254def4ae298-2699.npz,1400,1432,0.0,2.4115896779530743e-11,1.684032678604126,3.0995917320251465,0.0,3.8262557983398438,nan,nan,nan,nan
atari_private_eye,/home/haselab/projects/stable-deep-world-model/logs/content_kl_kernelsize/runs/20260207_060134_krull_private_eye/atari_private_eye_vta_k1_seed0,/home/haselab/projects/stable-deep-world-model/logs/content_kl_kernelsize/runs/20260207_060134_krull_private_eye/atari_private_eye_vta_k1_seed0/latest.pt,/home/haselab/projects/stable-deep-world-model/logs/content_kl_kernelsize/runs/20260207_060134_krull_private_eye/atari_private_eye_vta_k1_seed0/train_eps/20260207T135356-623cc9838618413ab383254def4ae298-2699.npz,1408,1440,0.0,1.7272159397174747e-11,1.4888325929641724,2.703892707824707,0.0,3.475642442703247,nan,nan,nan,nan
atari_private_eye,/home/haselab/projects/stable-deep-world-model/logs/content_kl_kernelsize/runs/20260207_060134_krull_private_eye/atari_private_eye_vta_k1_seed0,/home/haselab/projects/stable-deep-world-model/logs/content_kl_kernelsize/runs/20260207_060134_krull_private_eye/atari_private_eye_vta_k1_seed0/latest.pt,/home/haselab/projects/stable-deep-world-model/logs/content_kl_kernelsize/runs/20260207_060134_krull_private_eye/atari_private_eye_vta_k1_seed0/train_eps/20260207T135356-623cc9838618413ab383254def4ae298-2699.npz,1416,1448,0.0,1.6872239716470006e-11,1.3667867183685303,2.5286357402801514,0.0,3.2763359546661377,nan,nan,nan,nan
atari_private_eye,/home/haselab/projects/stable-deep-world-model/logs/content_kl_kernelsize/runs/20260207_060134_krull_private_eye/atari_private_eye_vta_k1_seed0,/home/haselab/projects/stable-deep-world-model/logs/content_kl_kernelsize/runs/20260207_060134_krull_private_eye/atari_private_eye_vta_k1_seed0/latest.pt,/home/haselab/projects/stable-deep-world-model/logs/content_kl_kernelsize/runs/20260207_060134_krull_private_eye/atari_private_eye_vta_k1_seed0/train_eps/20260207T135356-623cc9838618413ab383254def4ae298-2699.npz,1424,1456,0.0,2.3933140191889635e-11,1.3684239387512207,2.5319466590881348,0.0,3.298523426055908,nan,nan,nan,nan
atari_private_eye,/home/haselab/projects/stable-deep-world-model/logs/content_kl_kernelsize/runs/20260207_060134_krull_private_eye/atari_private_eye_vta_k1_seed0,/home/haselab/projects/stable-deep-world-model/logs/content_kl_kernelsize/runs/20260207_060134_krull_private_eye/atari_private_eye_vta_k1_seed0/latest.pt,/home/haselab/projects/stable-deep-world-model/logs/content_kl_kernelsize/runs/20260207_060134_krull_private_eye/atari_private_eye_vta_k1_seed0/train_eps/20260207T135356-623cc9838618413ab383254def4ae298-2699.npz,1432,1464,0.0,1.7816487868360653e-11,1.189673662185669,2.1335926055908203,0.0,2.9599103927612305,nan,nan,nan,nan
atari_private_eye,/home/haselab/projects/stable-deep-world-model/logs/content_kl_kernelsize/runs/20260207_060134_krull_private_eye/atari_private_eye_vta_k1_seed0,/home/haselab/projects/stable-deep-world-model/logs/content_kl_kernelsize/runs/20260207_060134_krull_private_eye/atari_private_eye_vta_k1_seed0/latest.pt,/home/haselab/projects/stable-deep-world-model/logs/content_kl_kernelsize/runs/20260207_060134_krull_private_eye/atari_private_eye_vta_k1_seed0/train_eps/20260207T135356-623cc9838618413ab383254def4ae298-2699.npz,1440,1472,0.0,2.091459644359972e-11,1.3572187423706055,2.354490280151367,0.0,3.142772674560547,nan,nan,nan,nan
atari_private_eye,/home/haselab/projects/stable-deep-world-model/logs/content_kl_kernelsize/runs/20260207_060134_krull_private_eye/atari_private_eye_vta_k1_seed0,/home/haselab/projects/stable-deep-world-model/logs/content_kl_kernelsize/runs/20260207_060134_krull_private_eye/atari_private_eye_vta_k1_seed0/latest.pt,/home/haselab/projects/stable-deep-world-model/logs/content_kl_kernelsize/runs/20260207_060134_krull_private_eye/atari_private_eye_vta_k1_seed0/train_eps/20260207T135356-623cc9838618413ab383254def4ae298-2699.npz,1448,1480,0.0,4.258195185347091e-11,1.4067280292510986,2.4541878700256348,0.0,3.2798027992248535,nan,nan,nan,nan
atari_private_eye,/home/haselab/projects/stable-deep-world-model/logs/content_kl_kernelsize/runs/20260207_060134_krull_private_eye/atari_private_eye_vta_k1_seed0,/home/haselab/projects/stable-deep-world-model/logs/content_kl_kernelsize/runs/20260207_060134_krull_private_eye/atari_private_eye_vta_k1_seed0/latest.pt,/home/haselab/projects/stable-deep-world-model/logs/content_kl_kernelsize/runs/20260207_060134_krull_private_eye/atari_private_eye_vta_k1_seed0/train_eps/20260207T135356-623cc9838618413ab383254def4ae298-2699.npz,1456,1488,0.0,3.4268698989592394e-11,1.278692364692688,2.1917853355407715,0.0,3.1005139350891113,nan,nan,nan,nan
atari_private_eye,/home/haselab/projects/stable-deep-world-model/logs/content_kl_kernelsize/runs/20260207_060134_krull_private_eye/atari_private_eye_vta_k1_seed0,/home/haselab/projects/stable-deep-world-model/logs/content_kl_kernelsize/runs/20260207_060134_krull_private_eye/atari_private_eye_vta_k1_seed0/latest.pt,/home/haselab/projects/stable-deep-world-model/logs/content_kl_kernelsize/runs/20260207_060134_krull_private_eye/atari_private_eye_vta_k1_seed0/train_eps/20260207T135356-623cc9838618413ab383254def4ae298-2699.npz,1464,1496,0.0,3.3859477721609466e-11,1.108081579208374,2.0167794227600098,0.0,3.0568008422851562,nan,nan,nan,nan
atari_private_eye,/home/haselab/projects/stable-deep-world-model/logs/content_kl_kernelsize/runs/20260207_060134_krull_private_eye/atari_private_eye_vta_k1_seed0,/home/haselab/projects/stable-deep-world-model/logs/content_kl_kernelsize/runs/20260207_060134_krull_private_eye/atari_private_eye_vta_k1_seed0/latest.pt,/home/haselab/projects/stable-deep-world-model/logs/content_kl_kernelsize/runs/20260207_060134_krull_private_eye/atari_private_eye_vta_k1_seed0/train_eps/20260207T135356-623cc9838618413ab383254def4ae298-2699.npz,1472,1504,0.0,3.412072360764462e-11,0.956835150718689,1.8716888427734375,0.0,2.9302594661712646,nan,nan,nan,nan
atari_private_eye,/home/haselab/projects/stable-deep-world-model/logs/content_kl_kernelsize/runs/20260207_060134_krull_private_eye/atari_private_eye_vta_k1_seed0,/home/haselab/projects/stable-deep-world-model/logs/content_kl_kernelsize/runs/20260207_060134_krull_private_eye/atari_private_eye_vta_k1_seed0/latest.pt,/home/haselab/projects/stable-deep-world-model/logs/content_kl_kernelsize/runs/20260207_060134_krull_private_eye/atari_private_eye_vta_k1_seed0/train_eps/20260207T135356-623cc9838618413ab383254def4ae298-2699.npz,1480,1512,0.0,2.3357199854801003e-11,0.9605640172958374,1.8911590576171875,0.0,2.935389518737793,nan,nan,nan,nan
atari_private_eye,/home/haselab/projects/stable-deep-world-model/logs/content_kl_kernelsize/runs/20260207_060134_krull_private_eye/atari_private_eye_vta_k1_seed0,/home/haselab/projects/stable-deep-world-model/logs/content_kl_kernelsize/runs/20260207_060134_krull_private_eye/atari_private_eye_vta_k1_seed0/latest.pt,/home/haselab/projects/stable-deep-world-model/logs/content_kl_kernelsize/runs/20260207_060134_krull_private_eye/atari_private_eye_vta_k1_seed0/train_eps/20260207T135356-623cc9838618413ab383254def4ae298-2699.npz,1488,1520,0.0,9.164828618235532e-11,1.1500699520111084,2.302727222442627,0.0,3.2427942752838135,nan,nan,nan,nan
atari_private_eye,/home/haselab/projects/stable-deep-world-model/logs/content_kl_kernelsize/runs/20260207_060134_krull_private_eye/atari_private_eye_vta_k1_seed0,/home/haselab/projects/stable-deep-world-model/logs/content_kl_kernelsize/runs/20260207_060134_krull_private_eye/atari_private_eye_vta_k1_seed0/latest.pt,/home/haselab/projects/stable-deep-world-model/logs/content_kl_kernelsize/runs/20260207_060134_krull_private_eye/atari_private_eye_vta_k1_seed0/train_eps/20260207T135356-623cc9838618413ab383254def4ae298-2699.npz,1496,1528,0.0,9.591955701937493e-11,1.2261581420898438,2.3588743209838867,0.0,3.285552978515625,nan,nan,nan,nan
atari_private_eye,/home/haselab/projects/stable-deep-world-model/logs/content_kl_kernelsize/runs/20260207_060134_krull_private_eye/atari_private_eye_vta_k1_seed0,/home/haselab/projects/stable-deep-world-model/logs/content_kl_kernelsize/runs/20260207_060134_krull_private_eye/atari_private_eye_vta_k1_seed0/latest.pt,/home/haselab/projects/stable-deep-world-model/logs/content_kl_kernelsize/runs/20260207_060134_krull_private_eye/atari_private_eye_vta_k1_seed0/train_eps/20260207T135356-623cc9838618413ab383254def4ae298-2699.npz,1504,1536,0.0,1.0602942135395921e-10,1.4059784412384033,2.601275682449341,0.0,3.531109571456909,nan,nan,nan,nan
atari_private_eye,/home/haselab/projects/stable-deep-world-model/logs/content_kl_kernelsize/runs/20260207_060134_krull_private_eye/atari_private_eye_vta_k1_seed0,/home/haselab/projects/stable-deep-world-model/logs/content_kl_kernelsize/runs/20260207_060134_krull_private_eye/atari_private_eye_vta_k1_seed0/latest.pt,/home/haselab/projects/stable-deep-world-model/logs/content_kl_kernelsize/runs/20260207_060134_krull_private_eye/atari_private_eye_vta_k1_seed0/train_eps/20260207T135356-623cc9838618413ab383254def4ae298-2699.npz,1512,1544,0.0,1.0492528373928778e-10,1.4211255311965942,2.6390109062194824,0.0,3.5926218032836914,nan,nan,nan,nan
atari_private_eye,/home/haselab/projects/stable-deep-world-model/logs/content_kl_kernelsize/runs/20260207_060134_krull_private_eye/atari_private_eye_vta_k1_seed0,/home/haselab/projects/stable-deep-world-model/logs/content_kl_kernelsize/runs/20260207_060134_krull_private_eye/atari_private_eye_vta_k1_seed0/latest.pt,/home/haselab/projects/stable-deep-world-model/logs/content_kl_kernelsize/runs/20260207_060134_krull_private_eye/atari_private_eye_vta_k1_seed0/train_eps/20260207T135356-623cc9838618413ab383254def4ae298-2699.npz,1520,1552,0.0,7.291454245939022e-11,1.364387035369873,2.4677815437316895,0.0,3.4632115364074707,nan,nan,nan,nan
atari_private_eye,/home/haselab/projects/stable-deep-world-model/logs/content_kl_kernelsize/runs/20260207_060134_krull_private_eye/atari_private_eye_vta_k1_seed0,/home/haselab/projects/stable-deep-world-model/logs/content_kl_kernelsize/runs/20260207_060134_krull_private_eye/atari_private_eye_vta_k1_seed0/latest.pt,/home/haselab/projects/stable-deep-world-model/logs/content_kl_kernelsize/runs/20260207_060134_krull_private_eye/atari_private_eye_vta_k1_seed0/train_eps/20260207T135356-623cc9838618413ab383254def4ae298-2699.npz,1528,1560,0.0,1.2568444895943998e-10,1.6404237747192383,3.0606701374053955,0.0,3.831632137298584,nan,nan,nan,nan
atari_private_eye,/home/haselab/projects/stable-deep-world-model/logs/content_kl_kernelsize/runs/20260207_060134_krull_private_eye/atari_private_eye_vta_k1_seed0,/home/haselab/projects/stable-deep-world-model/logs/content_kl_kernelsize/runs/20260207_060134_krull_private_eye/atari_private_eye_vta_k1_seed0/latest.pt,/home/haselab/projects/stable-deep-world-model/logs/content_kl_kernelsize/runs/20260207_060134_krull_private_eye/atari_private_eye_vta_k1_seed0/train_eps/20260207T135356-623cc9838618413ab383254def4ae298-2699.npz,1536,1568,0.0,1.2564480011967305e-10,1.719783067703247,3.154472827911377,0.0,3.8757097721099854,nan,nan,nan,nan
atari_private_eye,/home/haselab/projects/stable-deep-world-model/logs/content_kl_kernelsize/runs/20260207_060134_krull_private_eye/atari_private_eye_vta_k1_seed0,/home/haselab/projects/stable-deep-world-model/logs/content_kl_kernelsize/runs/20260207_060134_krull_private_eye/atari_private_eye_vta_k1_seed0/latest.pt,/home/haselab/projects/stable-deep-world-model/logs/content_kl_kernelsize/runs/20260207_060134_krull_private_eye/atari_private_eye_vta_k1_seed0/train_eps/20260207T135356-623cc9838618413ab383254def4ae298-2699.npz,1544,1576,0.0,1.1766081164932274e-10,1.6863718032836914,3.086138963699341,0.0,3.8781161308288574,nan,nan,nan,nan
atari_private_eye,/home/haselab/projects/stable-deep-world-model/logs/content_kl_kernelsize/runs/20260207_060134_krull_private_eye/atari_private_eye_vta_k1_seed0,/home/haselab/projects/stable-deep-world-model/logs/content_kl_kernelsize/runs/20260207_060134_krull_private_eye/atari_private_eye_vta_k1_seed0/latest.pt,/home/haselab/projects/stable-deep-world-model/logs/content_kl_kernelsize/runs/20260207_060134_krull_private_eye/atari_private_eye_vta_k1_seed0/train_eps/20260207T135356-623cc9838618413ab383254def4ae298-2699.npz,1552,1584,0.0,8.089967584723468e-11,1.667686939239502,2.9827568531036377,0.0,3.8272786140441895,nan,nan,nan,nan
atari_private_eye,/home/haselab/projects/stable-deep-world-model/logs/content_kl_kernelsize/runs/20260207_060134_krull_private_eye/atari_private_eye_vta_k1_seed0,/home/haselab/projects/stable-deep-world-model/logs/content_kl_kernelsize/runs/20260207_060134_krull_private_eye/atari_private_eye_vta_k1_seed0/latest.pt,/home/haselab/projects/stable-deep-world-model/logs/content_kl_kernelsize/runs/20260207_060134_krull_private_eye/atari_private_eye_vta_k1_seed0/train_eps/20260207T135356-623cc9838618413ab383254def4ae298-2699.npz,1560,1592,0.0,2.9398632833688154e-11,1.6471953392028809,2.8464136123657227,0.0,3.7234177589416504,nan,nan,nan,nan
atari_private_eye,/home/haselab/projects/stable-deep-world-model/logs/content_kl_kernelsize/runs/20260207_060134_krull_private_eye/atari_private_eye_vta_k1_seed0,/home/haselab/projects/stable-deep-world-model/logs/content_kl_kernelsize/runs/20260207_060134_krull_private_eye/atari_private_eye_vta_k1_seed0/latest.pt,/home/haselab/projects/stable-deep-world-model/logs/content_kl_kernelsize/runs/20260207_060134_krull_private_eye/atari_private_eye_vta_k1_seed0/train_eps/20260207T135356-623cc9838618413ab383254def4ae298-2699.npz,1568,1600,0.0,2.0262860833675234e-11,1.6041890382766724,2.7548325061798096,0.0,3.7201080322265625,nan,nan,nan,nan
atari_private_eye,/home/haselab/projects/stable-deep-world-model/logs/content_kl_kernelsize/runs/20260207_060134_krull_private_eye/atari_private_eye_vta_k1_seed0,/home/haselab/projects/stable-deep-world-model/logs/content_kl_kernelsize/runs/20260207_060134_krull_private_eye/atari_private_eye_vta_k1_seed0/latest.pt,/home/haselab/projects/stable-deep-world-model/logs/content_kl_kernelsize/runs/20260207_060134_krull_private_eye/atari_private_eye_vta_k1_seed0/train_eps/20260207T135356-623cc9838618413ab383254def4ae298-2699.npz,1576,1608,0.0,1.8672480228687505e-11,1.4255621433258057,2.3575692176818848,0.0,3.278425455093384,nan,nan,nan,nan
atari_private_eye,/home/haselab/projects/stable-deep-world-model/logs/content_kl_kernelsize/runs/20260207_060134_krull_private_eye/atari_private_eye_vta_k1_seed0,/home/haselab/projects/stable-deep-world-model/logs/content_kl_kernelsize/runs/20260207_060134_krull_private_eye/atari_private_eye_vta_k1_seed0/latest.pt,/home/haselab/projects/stable-deep-world-model/logs/content_kl_kernelsize/runs/20260207_060134_krull_private_eye/atari_private_eye_vta_k1_seed0/train_eps/20260207T135356-623cc9838618413ab383254def4ae298-2699.npz,1584,1616,0.0,1.7445753175415746e-11,1.3008575439453125,2.2879016399383545,0.0,3.1480274200439453,nan,nan,nan,nan
atari_private_eye,/home/haselab/projects/stable-deep-world-model/logs/content_kl_kernelsize/runs/20260207_060134_krull_private_eye/atari_private_eye_vta_k1_seed0,/home/haselab/projects/stable-deep-world-model/logs/content_kl_kernelsize/runs/20260207_060134_krull_private_eye/atari_private_eye_vta_k1_seed0/latest.pt,/home/haselab/projects/stable-deep-world-model/logs/content_kl_kernelsize/runs/20260207_060134_krull_private_eye/atari_private_eye_vta_k1_seed0/train_eps/20260207T135356-623cc9838618413ab383254def4ae298-2699.npz,1592,1624,0.0,3.2519674453279634e-11,1.2719151973724365,2.2893199920654297,0.0,3.1538162231445312,nan,nan,nan,nan
atari_private_eye,/home/haselab/projects/stable-deep-world-model/logs/content_kl_kernelsize/runs/20260207_060134_krull_private_eye/atari_private_eye_vta_k1_seed0,/home/haselab/projects/stable-deep-world-model/logs/content_kl_kernelsize/runs/20260207_060134_krull_private_eye/atari_private_eye_vta_k1_seed0/latest.pt,/home/haselab/projects/stable-deep-world-model/logs/content_kl_kernelsize/runs/20260207_060134_krull_private_eye/atari_private_eye_vta_k1_seed0/train_eps/20260207T135356-623cc9838618413ab383254def4ae298-2699.npz,1600,1632,0.0,3.305603013536995e-11,1.2966835498809814,2.2677359580993652,0.0,3.0679287910461426,nan,nan,nan,nan
atari_private_eye,/home/haselab/projects/stable-deep-world-model/logs/content_kl_kernelsize/runs/20260207_060134_krull_private_eye/atari_private_eye_vta_k1_seed0,/home/haselab/projects/stable-deep-world-model/logs/content_kl_kernelsize/runs/20260207_060134_krull_private_eye/atari_private_eye_vta_k1_seed0/latest.pt,/home/haselab/projects/stable-deep-world-model/logs/content_kl_kernelsize/runs/20260207_060134_krull_private_eye/atari_private_eye_vta_k1_seed0/train_eps/20260207T135356-623cc9838618413ab383254def4ae298-2699.npz,1608,1640,0.0,3.509576657068081e-11,1.4977704286575317,2.7403950691223145,0.0,3.438323974609375,nan,nan,nan,nan
atari_private_eye,/home/haselab/projects/stable-deep-world-model/logs/content_kl_kernelsize/runs/20260207_060134_krull_private_eye/atari_private_eye_vta_k1_seed0,/home/haselab/projects/stable-deep-world-model/logs/content_kl_kernelsize/runs/20260207_060134_krull_private_eye/atari_private_eye_vta_k1_seed0/latest.pt,/home/haselab/projects/stable-deep-world-model/logs/content_kl_kernelsize/runs/20260207_060134_krull_private_eye/atari_private_eye_vta_k1_seed0/train_eps/20260207T135356-623cc9838618413ab383254def4ae298-2699.npz,1616,1648,0.0,3.4898185036214e-11,1.6731711626052856,2.97056245803833,0.0,3.6816813945770264,nan,nan,nan,nan
atari_private_eye,/home/haselab/projects/stable-deep-world-model/logs/content_kl_kernelsize/runs/20260207_060134_krull_private_eye/atari_private_eye_vta_k1_seed0,/home/haselab/projects/stable-deep-world-model/logs/content_kl_kernelsize/runs/20260207_060134_krull_private_eye/atari_private_eye_vta_k1_seed0/latest.pt,/home/haselab/projects/stable-deep-world-model/logs/content_kl_kernelsize/runs/20260207_060134_krull_private_eye/atari_private_eye_vta_k1_seed0/train_eps/20260207T135356-623cc9838618413ab383254def4ae298-2699.npz,1624,1656,0.0,1.8017927427838032e-11,1.5531960725784302,2.8372225761413574,0.0,3.5770535469055176,nan,nan,nan,nan
atari_private_eye,/home/haselab/projects/stable-deep-world-model/logs/content_kl_kernelsize/runs/20260207_060134_krull_private_eye/atari_private_eye_vta_k1_seed0,/home/haselab/projects/stable-deep-world-model/logs/content_kl_kernelsize/runs/20260207_060134_krull_private_eye/atari_private_eye_vta_k1_seed0/latest.pt,/home/haselab/projects/stable-deep-world-model/logs/content_kl_kernelsize/runs/20260207_060134_krull_private_eye/atari_private_eye_vta_k1_seed0/train_eps/20260207T135356-623cc9838618413ab383254def4ae298-2699.npz,1632,1664,0.0,2.756020932304093e-11,1.6088461875915527,2.966463088989258,0.0,3.7547011375427246,nan,nan,nan,nan
atari_private_eye,/home/haselab/projects/stable-deep-world-model/logs/content_kl_kernelsize/runs/20260207_060134_krull_private_eye/atari_private_eye_vta_k1_seed0,/home/haselab/projects/stable-deep-world-model/logs/content_kl_kernelsize/runs/20260207_060134_krull_private_eye/atari_private_eye_vta_k1_seed0/latest.pt,/home/haselab/projects/stable-deep-world-model/logs/content_kl_kernelsize/runs/20260207_060134_krull_private_eye/atari_private_eye_vta_k1_seed0/train_eps/20260207T135356-623cc9838618413ab383254def4ae298-2699.npz,1640,1672,0.0,3.732931672106865e-11,1.6471561193466187,3.0379159450531006,0.0,3.8919100761413574,nan,nan,nan,nan
atari_private_eye,/home/haselab/projects/stable-deep-world-model/logs/content_kl_kernelsize/runs/20260207_060134_krull_private_eye/atari_private_eye_vta_k1_seed0,/home/haselab/projects/stable-deep-world-model/logs/content_kl_kernelsize/runs/20260207_060134_krull_private_eye/atari_private_eye_vta_k1_seed0/latest.pt,/home/haselab/projects/stable-deep-world-model/logs/content_kl_kernelsize/runs/20260207_060134_krull_private_eye/atari_private_eye_vta_k1_seed0/train_eps/20260207T135356-623cc9838618413ab383254def4ae298-2699.npz,1648,1680,0.0,3.821330751829777e-11,1.534138560295105,2.8723044395446777,0.0,3.73213529586792,nan,nan,nan,nan
atari_private_eye,/home/haselab/projects/stable-deep-world-model/logs/content_kl_kernelsize/runs/20260207_060134_krull_private_eye/atari_private_eye_vta_k1_seed0,/home/haselab/projects/stable-deep-world-model/logs/content_kl_kernelsize/runs/20260207_060134_krull_private_eye/atari_private_eye_vta_k1_seed0/latest.pt,/home/haselab/projects/stable-deep-world-model/logs/content_kl_kernelsize/runs/20260207_060134_krull_private_eye/atari_private_eye_vta_k1_seed0/train_eps/20260207T135356-623cc9838618413ab383254def4ae298-2699.npz,1656,1688,0.0,3.416458782545817e-11,1.6165183782577515,2.979900360107422,0.0,3.8323683738708496,nan,nan,nan,nan
atari_private_eye,/home/haselab/projects/stable-deep-world-model/logs/content_kl_kernelsize/runs/20260207_060134_krull_private_eye/atari_private_eye_vta_k1_seed0,/home/haselab/projects/stable-deep-world-model/logs/content_kl_kernelsize/runs/20260207_060134_krull_private_eye/atari_private_eye_vta_k1_seed0/latest.pt,/home/haselab/projects/stable-deep-world-model/logs/content_kl_kernelsize/runs/20260207_060134_krull_private_eye/atari_private_eye_vta_k1_seed0/train_eps/20260207T135356-623cc9838618413ab383254def4ae298-2699.npz,1664,1696,0.0,2.0159502539529583e-11,1.476287603378296,2.714682102203369,0.0,3.6097536087036133,nan,nan,nan,nan
atari_private_eye,/home/haselab/projects/stable-deep-world-model/logs/content_kl_kernelsize/runs/20260207_060134_krull_private_eye/atari_private_eye_vta_k1_seed0,/home/haselab/projects/stable-deep-world-model/logs/content_kl_kernelsize/runs/20260207_060134_krull_private_eye/atari_private_eye_vta_k1_seed0/latest.pt,/home/haselab/projects/stable-deep-world-model/logs/content_kl_kernelsize/runs/20260207_060134_krull_private_eye/atari_private_eye_vta_k1_seed0/train_eps/20260207T135356-623cc9838618413ab383254def4ae298-2699.npz,1672,1704,0.0,6.726548137936383e-12,1.3529143333435059,2.532437801361084,0.0,3.347877025604248,nan,nan,nan,nan
atari_private_eye,/home/haselab/projects/stable-deep-world-model/logs/content_kl_kernelsize/runs/20260207_060134_krull_private_eye/atari_private_eye_vta_k1_seed0,/home/haselab/projects/stable-deep-world-model/logs/content_kl_kernelsize/runs/20260207_060134_krull_private_eye/atari_private_eye_vta_k1_seed0/latest.pt,/home/haselab/projects/stable-deep-world-model/logs/content_kl_kernelsize/runs/20260207_060134_krull_private_eye/atari_private_eye_vta_k1_seed0/train_eps/20260207T135356-623cc9838618413ab383254def4ae298-2699.npz,1680,1712,0.0,9.95842210776976e-12,1.4443329572677612,2.7506299018859863,0.0,3.534874439239502,nan,nan,nan,nan
atari_private_eye,/home/haselab/projects/stable-deep-world-model/logs/content_kl_kernelsize/runs/20260207_060134_krull_private_eye/atari_private_eye_vta_k1_seed0,/home/haselab/projects/stable-deep-world-model/logs/content_kl_kernelsize/runs/20260207_060134_krull_private_eye/atari_private_eye_vta_k1_seed0/latest.pt,/home/haselab/projects/stable-deep-world-model/logs/content_kl_kernelsize/runs/20260207_060134_krull_private_eye/atari_private_eye_vta_k1_seed0/train_eps/20260207T135356-623cc9838618413ab383254def4ae298-2699.npz,1688,1720,0.0,9.244806309371967e-12,1.4290800094604492,2.585648536682129,0.0,3.3369805812835693,nan,nan,nan,nan
atari_private_eye,/home/haselab/projects/stable-deep-world-model/logs/content_kl_kernelsize/runs/20260207_060134_krull_private_eye/atari_private_eye_vta_k1_seed0,/home/haselab/projects/stable-deep-world-model/logs/content_kl_kernelsize/runs/20260207_060134_krull_private_eye/atari_private_eye_vta_k1_seed0/latest.pt,/home/haselab/projects/stable-deep-world-model/logs/content_kl_kernelsize/runs/20260207_060134_krull_private_eye/atari_private_eye_vta_k1_seed0/train_eps/20260207T135356-623cc9838618413ab383254def4ae298-2699.npz,1696,1728,0.0,8.188385733354231e-12,1.2495113611221313,2.3449349403381348,0.0,3.058272123336792,nan,nan,nan,nan
atari_private_eye,/home/haselab/projects/stable-deep-world-model/logs/content_kl_kernelsize/runs/20260207_060134_krull_private_eye/atari_private_eye_vta_k1_seed0,/home/haselab/projects/stable-deep-world-model/logs/content_kl_kernelsize/runs/20260207_060134_krull_private_eye/atari_private_eye_vta_k1_seed0/latest.pt,/home/haselab/projects/stable-deep-world-model/logs/content_kl_kernelsize/runs/20260207_060134_krull_private_eye/atari_private_eye_vta_k1_seed0/train_eps/20260207T135356-623cc9838618413ab383254def4ae298-2699.npz,1704,1736,0.0,8.201325035761542e-12,1.164146900177002,2.1372623443603516,0.0,2.9097561836242676,nan,nan,nan,nan
atari_private_eye,/home/haselab/projects/stable-deep-world-model/logs/content_kl_kernelsize/runs/20260207_060134_krull_private_eye/atari_private_eye_vta_k1_seed0,/home/haselab/projects/stable-deep-world-model/logs/content_kl_kernelsize/runs/20260207_060134_krull_private_eye/atari_private_eye_vta_k1_seed0/latest.pt,/home/haselab/projects/stable-deep-world-model/logs/content_kl_kernelsize/runs/20260207_060134_krull_private_eye/atari_private_eye_vta_k1_seed0/train_eps/20260207T135356-623cc9838618413ab383254def4ae298-2699.npz,1712,1744,0.0,2.7268530315704975e-12,1.1209965944290161,2.0712485313415527,0.0,2.833296298980713,nan,nan,nan,nan
atari_private_eye,/home/haselab/projects/stable-deep-world-model/logs/content_kl_kernelsize/runs/20260207_060134_krull_private_eye/atari_private_eye_vta_k1_seed0,/home/haselab/projects/stable-deep-world-model/logs/content_kl_kernelsize/runs/20260207_060134_krull_private_eye/atari_private_eye_vta_k1_seed0/latest.pt,/home/haselab/projects/stable-deep-world-model/logs/content_kl_kernelsize/runs/20260207_060134_krull_private_eye/atari_private_eye_vta_k1_seed0/train_eps/20260207T135356-623cc9838618413ab383254def4ae298-2699.npz,1720,1752,0.0,2.430600208949696e-12,1.2424201965332031,2.3469128608703613,0.0,3.142268657684326,nan,nan,nan,nan
atari_private_eye,/home/haselab/projects/stable-deep-world-model/logs/content_kl_kernelsize/runs/20260207_060134_krull_private_eye/atari_private_eye_vta_k1_seed0,/home/haselab/projects/stable-deep-world-model/logs/content_kl_kernelsize/runs/20260207_060134_krull_private_eye/atari_private_eye_vta_k1_seed0/latest.pt,/home/haselab/projects/stable-deep-world-model/logs/content_kl_kernelsize/runs/20260207_060134_krull_private_eye/atari_private_eye_vta_k1_seed0/train_eps/20260207T135356-623cc9838618413ab383254def4ae298-2699.npz,1728,1760,0.0,2.3779381241872954e-12,1.2025576829910278,2.309359073638916,0.0,3.1488282680511475,nan,nan,nan,nan
atari_private_eye,/home/haselab/projects/stable-deep-world-model/logs/content_kl_kernelsize/runs/20260207_060134_krull_private_eye/atari_private_eye_vta_k1_seed0,/home/haselab/projects/stable-deep-world-model/logs/content_kl_kernelsize/runs/20260207_060134_krull_private_eye/atari_private_eye_vta_k1_seed0/latest.pt,/home/haselab/projects/stable-deep-world-model/logs/content_kl_kernelsize/runs/20260207_060134_krull_private_eye/atari_private_eye_vta_k1_seed0/train_eps/20260207T135356-623cc9838618413ab383254def4ae298-2699.npz,1736,1768,0.0,2.0361726627698973e-12,1.1477453708648682,2.1896233558654785,0.0,3.071226119995117,nan,nan,nan,nan
atari_private_eye,/home/haselab/projects/stable-deep-world-model/logs/content_kl_kernelsize/runs/20260207_060134_krull_private_eye/atari_private_eye_vta_k1_seed0,/home/haselab/projects/stable-deep-world-model/logs/content_kl_kernelsize/runs/20260207_060134_krull_private_eye/atari_private_eye_vta_k1_seed0/latest.pt,/home/haselab/projects/stable-deep-world-model/logs/content_kl_kernelsize/runs/20260207_060134_krull_private_eye/atari_private_eye_vta_k1_seed0/train_eps/20260207T135356-623cc9838618413ab383254def4ae298-2699.npz,1744,1776,0.0,2.4137772943605418e-12,1.1337363719940186,2.137176513671875,0.0,3.014252185821533,nan,nan,nan,nan
atari_private_eye,/home/haselab/projects/stable-deep-world-model/logs/content_kl_kernelsize/runs/20260207_060134_krull_private_eye/atari_private_eye_vta_k1_seed0,/home/haselab/projects/stable-deep-world-model/logs/content_kl_kernelsize/runs/20260207_060134_krull_private_eye/atari_private_eye_vta_k1_seed0/latest.pt,/home/haselab/projects/stable-deep-world-model/logs/content_kl_kernelsize/runs/20260207_060134_krull_private_eye/atari_private_eye_vta_k1_seed0/train_eps/20260207T135356-623cc9838618413ab383254def4ae298-2699.npz,1752,1784,0.0,6.586983996442752e-12,1.103611946105957,2.1337361335754395,0.0,3.035712718963623,nan,nan,nan,nan
atari_private_eye,/home/haselab/projects/stable-deep-world-model/logs/content_kl_kernelsize/runs/20260207_060134_krull_private_eye/atari_private_eye_vta_k1_seed0,/home/haselab/projects/stable-deep-world-model/logs/content_kl_kernelsize/runs/20260207_060134_krull_private_eye/atari_private_eye_vta_k1_seed0/latest.pt,/home/haselab/projects/stable-deep-world-model/logs/content_kl_kernelsize/runs/20260207_060134_krull_private_eye/atari_private_eye_vta_k1_seed0/train_eps/20260207T135356-623cc9838618413ab383254def4ae298-2699.npz,1760,1792,0.0,9.095251461699316e-12,1.3580583333969116,2.5488369464874268,0.0,3.331301689147949,nan,nan,nan,nan
atari_private_eye,/home/haselab/projects/stable-deep-world-model/logs/content_kl_kernelsize/runs/20260207_060134_krull_private_eye/atari_private_eye_vta_k1_seed0,/home/haselab/projects/stable-deep-world-model/logs/content_kl_kernelsize/runs/20260207_060134_krull_private_eye/atari_private_eye_vta_k1_seed0/latest.pt,/home/haselab/projects/stable-deep-world-model/logs/content_kl_kernelsize/runs/20260207_060134_krull_private_eye/atari_private_eye_vta_k1_seed0/train_eps/20260207T135356-623cc9838618413ab383254def4ae298-2699.npz,1768,1800,0.0,1.2382525560461488e-11,1.582029104232788,2.977151870727539,0.0,3.7231812477111816,nan,nan,nan,nan
atari_private_eye,/home/haselab/projects/stable-deep-world-model/logs/content_kl_kernelsize/runs/20260207_060134_krull_private_eye/atari_private_eye_vta_k1_seed0,/home/haselab/projects/stable-deep-world-model/logs/content_kl_kernelsize/runs/20260207_060134_krull_private_eye/atari_private_eye_vta_k1_seed0/latest.pt,/home/haselab/projects/stable-deep-world-model/logs/content_kl_kernelsize/runs/20260207_060134_krull_private_eye/atari_private_eye_vta_k1_seed0/train_eps/20260207T135356-623cc9838618413ab383254def4ae298-2699.npz,1776,1808,0.0,1.617779521456697e-11,1.6069910526275635,2.8986988067626953,0.0,3.7715086936950684,nan,nan,nan,nan
atari_private_eye,/home/haselab/projects/stable-deep-world-model/logs/content_kl_kernelsize/runs/20260207_060134_krull_private_eye/atari_private_eye_vta_k1_seed0,/home/haselab/projects/stable-deep-world-model/logs/content_kl_kernelsize/runs/20260207_060134_krull_private_eye/atari_private_eye_vta_k1_seed0/latest.pt,/home/haselab/projects/stable-deep-world-model/logs/content_kl_kernelsize/runs/20260207_060134_krull_private_eye/atari_private_eye_vta_k1_seed0/train_eps/20260207T135356-623cc9838618413ab383254def4ae298-2699.npz,1784,1816,0.0,1.5179611040361252e-11,1.4251781702041626,2.621455430984497,0.0,3.5865046977996826,nan,nan,nan,nan
atari_private_eye,/home/haselab/projects/stable-deep-world-model/logs/content_kl_kernelsize/runs/20260207_060134_krull_private_eye/atari_private_eye_vta_k1_seed0,/home/haselab/projects/stable-deep-world-model/logs/content_kl_kernelsize/runs/20260207_060134_krull_private_eye/atari_private_eye_vta_k1_seed0/latest.pt,/home/haselab/projects/stable-deep-world-model/logs/content_kl_kernelsize/runs/20260207_060134_krull_private_eye/atari_private_eye_vta_k1_seed0/train_eps/20260207T135356-623cc9838618413ab383254def4ae298-2699.npz,1792,1824,0.0,2.1481282030944016e-11,1.3952481746673584,2.6285343170166016,0.0,3.6490468978881836,nan,nan,nan,nan
atari_private_eye,/home/haselab/projects/stable-deep-world-model/logs/content_kl_kernelsize/runs/20260207_060134_krull_private_eye/atari_private_eye_vta_k1_seed0,/home/haselab/projects/stable-deep-world-model/logs/content_kl_kernelsize/runs/20260207_060134_krull_private_eye/atari_private_eye_vta_k1_seed0/latest.pt,/home/haselab/projects/stable-deep-world-model/logs/content_kl_kernelsize/runs/20260207_060134_krull_private_eye/atari_private_eye_vta_k1_seed0/train_eps/20260207T135356-623cc9838618413ab383254def4ae298-2699.npz,1800,1832,0.0,2.7854491282952587e-11,1.3906517028808594,2.596727132797241,0.0,3.610966920852661,nan,nan,nan,nan
atari_private_eye,/home/haselab/projects/stable-deep-world-model/logs/content_kl_kernelsize/runs/20260207_060134_krull_private_eye/atari_private_eye_vta_k1_seed0,/home/haselab/projects/stable-deep-world-model/logs/content_kl_kernelsize/runs/20260207_060134_krull_private_eye/atari_private_eye_vta_k1_seed0/latest.pt,/home/haselab/projects/stable-deep-world-model/logs/content_kl_kernelsize/runs/20260207_060134_krull_private_eye/atari_private_eye_vta_k1_seed0/train_eps/20260207T135356-623cc9838618413ab383254def4ae298-2699.npz,1808,1840,0.0,2.8984294131451094e-11,1.177581787109375,2.289517402648926,0.0,3.2579379081726074,nan,nan,nan,nan
atari_private_eye,/home/haselab/projects/stable-deep-world-model/logs/content_kl_kernelsize/runs/20260207_060134_krull_private_eye/atari_private_eye_vta_k1_seed0,/home/haselab/projects/stable-deep-world-model/logs/content_kl_kernelsize/runs/20260207_060134_krull_private_eye/atari_private_eye_vta_k1_seed0/latest.pt,/home/haselab/projects/stable-deep-world-model/logs/content_kl_kernelsize/runs/20260207_060134_krull_private_eye/atari_private_eye_vta_k1_seed0/train_eps/20260207T135356-623cc9838618413ab383254def4ae298-2699.npz,1816,1848,0.0,2.763908546477012e-11,1.0847241878509521,2.0586674213409424,0.0,2.895573616027832,nan,nan,nan,nan
atari_private_eye,/home/haselab/projects/stable-deep-world-model/logs/content_kl_kernelsize/runs/20260207_060134_krull_private_eye/atari_private_eye_vta_k1_seed0,/home/haselab/projects/stable-deep-world-model/logs/content_kl_kernelsize/runs/20260207_060134_krull_private_eye/atari_private_eye_vta_k1_seed0/latest.pt,/home/haselab/projects/stable-deep-world-model/logs/content_kl_kernelsize/runs/20260207_060134_krull_private_eye/atari_private_eye_vta_k1_seed0/train_eps/20260207T135356-623cc9838618413ab383254def4ae298-2699.npz,1824,1856,0.0,2.2410365230207674e-11,0.9751361012458801,1.7919070720672607,0.0,2.6641082763671875,nan,nan,nan,nan
atari_private_eye,/home/haselab/projects/stable-deep-world-model/logs/content_kl_kernelsize/runs/20260207_060134_krull_private_eye/atari_private_eye_vta_k1_seed0,/home/haselab/projects/stable-deep-world-model/logs/content_kl_kernelsize/runs/20260207_060134_krull_private_eye/atari_private_eye_vta_k1_seed0/latest.pt,/home/haselab/projects/stable-deep-world-model/logs/content_kl_kernelsize/runs/20260207_060134_krull_private_eye/atari_private_eye_vta_k1_seed0/train_eps/20260207T135356-623cc9838618413ab383254def4ae298-2699.npz,1832,1864,0.0,2.326827445997548e-11,1.0113086700439453,1.7679839134216309,0.0,2.580188274383545,nan,nan,nan,nan
atari_private_eye,/home/haselab/projects/stable-deep-world-model/logs/content_kl_kernelsize/runs/20260207_060134_krull_private_eye/atari_private_eye_vta_k1_seed0,/home/haselab/projects/stable-deep-world-model/logs/content_kl_kernelsize/runs/20260207_060134_krull_private_eye/atari_private_eye_vta_k1_seed0/latest.pt,/home/haselab/projects/stable-deep-world-model/logs/content_kl_kernelsize/runs/20260207_060134_krull_private_eye/atari_private_eye_vta_k1_seed0/train_eps/20260207T135356-623cc9838618413ab383254def4ae298-2699.npz,1840,1872,0.0,1.9814413998453517e-11,1.2561509609222412,2.144935131072998,0.0,2.8579459190368652,nan,nan,nan,nan
atari_private_eye,/home/haselab/projects/stable-deep-world-model/logs/content_kl_kernelsize/runs/20260207_060134_krull_private_eye/atari_private_eye_vta_k1_seed0,/home/haselab/projects/stable-deep-world-model/logs/content_kl_kernelsize/runs/20260207_060134_krull_private_eye/atari_private_eye_vta_k1_seed0/latest.pt,/home/haselab/projects/stable-deep-world-model/logs/content_kl_kernelsize/runs/20260207_060134_krull_private_eye/atari_private_eye_vta_k1_seed0/train_eps/20260207T135356-623cc9838618413ab383254def4ae298-2699.npz,1848,1880,0.0,2.5549111437594973e-11,1.547586441040039,2.5652432441711426,0.0,3.2412900924682617,nan,nan,nan,nan
atari_private_eye,/home/haselab/projects/stable-deep-world-model/logs/content_kl_kernelsize/runs/20260207_060134_krull_private_eye/atari_private_eye_vta_k1_seed0,/home/haselab/projects/stable-deep-world-model/logs/content_kl_kernelsize/runs/20260207_060134_krull_private_eye/atari_private_eye_vta_k1_seed0/latest.pt,/home/haselab/projects/stable-deep-world-model/logs/content_kl_kernelsize/runs/20260207_060134_krull_private_eye/atari_private_eye_vta_k1_seed0/train_eps/20260207T135356-623cc9838618413ab383254def4ae298-2699.npz,1856,1888,0.0,3.626490427399709e-11,1.754119634628296,2.9288225173950195,0.0,3.5427653789520264,nan,nan,nan,nan
atari_private_eye,/home/haselab/projects/stable-deep-world-model/logs/content_kl_kernelsize/runs/20260207_060134_krull_private_eye/atari_private_eye_vta_k1_seed0,/home/haselab/projects/stable-deep-world-model/logs/content_kl_kernelsize/runs/20260207_060134_krull_private_eye/atari_private_eye_vta_k1_seed0/latest.pt,/home/haselab/projects/stable-deep-world-model/logs/content_kl_kernelsize/runs/20260207_060134_krull_private_eye/atari_private_eye_vta_k1_seed0/train_eps/20260207T135356-623cc9838618413ab383254def4ae298-2699.npz,1864,1896,0.0,3.3304501517728013e-11,1.6027833223342896,2.674752712249756,0.0,3.3580429553985596,nan,nan,nan,nan
atari_private_eye,/home/haselab/projects/stable-deep-world-model/logs/content_kl_kernelsize/runs/20260207_060134_krull_private_eye/atari_private_eye_vta_k1_seed0,/home/haselab/projects/stable-deep-world-model/logs/content_kl_kernelsize/runs/20260207_060134_krull_private_eye/atari_private_eye_vta_k1_seed0/latest.pt,/home/haselab/projects/stable-deep-world-model/logs/content_kl_kernelsize/runs/20260207_060134_krull_private_eye/atari_private_eye_vta_k1_seed0/train_eps/20260207T135356-623cc9838618413ab383254def4ae298-2699.npz,1872,1904,0.0,4.475549097993081e-11,1.4695661067962646,2.4885520935058594,0.0,3.2341761589050293,nan,nan,nan,nan
atari_private_eye,/home/haselab/projects/stable-deep-world-model/logs/content_kl_kernelsize/runs/20260207_060134_krull_private_eye/atari_private_eye_vta_k1_seed0,/home/haselab/projects/stable-deep-world-model/logs/content_kl_kernelsize/runs/20260207_060134_krull_private_eye/atari_private_eye_vta_k1_seed0/latest.pt,/home/haselab/projects/stable-deep-world-model/logs/content_kl_kernelsize/runs/20260207_060134_krull_private_eye/atari_private_eye_vta_k1_seed0/train_eps/20260207T135356-623cc9838618413ab383254def4ae298-2699.npz,1880,1912,0.0,4.253872601389652e-11,1.230189561843872,2.1504664421081543,0.0,2.9719409942626953,nan,nan,nan,nan
atari_private_eye,/home/haselab/projects/stable-deep-world-model/logs/content_kl_kernelsize/runs/20260207_060134_krull_private_eye/atari_private_eye_vta_k1_seed0,/home/haselab/projects/stable-deep-world-model/logs/content_kl_kernelsize/runs/20260207_060134_krull_private_eye/atari_private_eye_vta_k1_seed0/latest.pt,/home/haselab/projects/stable-deep-world-model/logs/content_kl_kernelsize/runs/20260207_060134_krull_private_eye/atari_private_eye_vta_k1_seed0/train_eps/20260207T135356-623cc9838618413ab383254def4ae298-2699.npz,1888,1920,0.0,3.178930729763607e-11,0.9220199584960938,1.660552978515625,0.0,2.5902299880981445,nan,nan,nan,nan
atari_private_eye,/home/haselab/projects/stable-deep-world-model/logs/content_kl_kernelsize/runs/20260207_060134_krull_private_eye/atari_private_eye_vta_k1_seed0,/home/haselab/projects/stable-deep-world-model/logs/content_kl_kernelsize/runs/20260207_060134_krull_private_eye/atari_private_eye_vta_k1_seed0/latest.pt,/home/haselab/projects/stable-deep-world-model/logs/content_kl_kernelsize/runs/20260207_060134_krull_private_eye/atari_private_eye_vta_k1_seed0/train_eps/20260207T135356-623cc9838618413ab383254def4ae298-2699.npz,1896,1928,0.0,3.047724572713406e-11,0.8618127107620239,1.6410999298095703,0.0,2.535291910171509,nan,nan,nan,nan
atari_private_eye,/home/haselab/projects/stable-deep-world-model/logs/content_kl_kernelsize/runs/20260207_060134_krull_private_eye/atari_private_eye_vta_k1_seed0,/home/haselab/projects/stable-deep-world-model/logs/content_kl_kernelsize/runs/20260207_060134_krull_private_eye/atari_private_eye_vta_k1_seed0/latest.pt,/home/haselab/projects/stable-deep-world-model/logs/content_kl_kernelsize/runs/20260207_060134_krull_private_eye/atari_private_eye_vta_k1_seed0/train_eps/20260207T135356-623cc9838618413ab383254def4ae298-2699.npz,1904,1936,0.0,2.1897393620573524e-11,1.0583199262619019,1.8474884033203125,0.0,2.7192533016204834,nan,nan,nan,nan
atari_private_eye,/home/haselab/projects/stable-deep-world-model/logs/content_kl_kernelsize/runs/20260207_060134_krull_private_eye/atari_private_eye_vta_k1_seed0,/home/haselab/projects/stable-deep-world-model/logs/content_kl_kernelsize/runs/20260207_060134_krull_private_eye/atari_private_eye_vta_k1_seed0/latest.pt,/home/haselab/projects/stable-deep-world-model/logs/content_kl_kernelsize/runs/20260207_060134_krull_private_eye/atari_private_eye_vta_k1_seed0/train_eps/20260207T135356-623cc9838618413ab383254def4ae298-2699.npz,1912,1944,0.0,2.735542348197839e-11,1.2957406044006348,2.2116658687591553,0.0,3.030787467956543,nan,nan,nan,nan
atari_private_eye,/home/haselab/projects/stable-deep-world-model/logs/content_kl_kernelsize/runs/20260207_060134_krull_private_eye/atari_private_eye_vta_k1_seed0,/home/haselab/projects/stable-deep-world-model/logs/content_kl_kernelsize/runs/20260207_060134_krull_private_eye/atari_private_eye_vta_k1_seed0/latest.pt,/home/haselab/projects/stable-deep-world-model/logs/content_kl_kernelsize/runs/20260207_060134_krull_private_eye/atari_private_eye_vta_k1_seed0/train_eps/20260207T135356-623cc9838618413ab383254def4ae298-2699.npz,1920,1952,0.0,3.283159161204807e-11,1.5108091831207275,2.465125322341919,0.0,3.2234625816345215,nan,nan,nan,nan
atari_private_eye,/home/haselab/projects/stable-deep-world-model/logs/content_kl_kernelsize/runs/20260207_060134_krull_private_eye/atari_private_eye_vta_k1_seed0,/home/haselab/projects/stable-deep-world-model/logs/content_kl_kernelsize/runs/20260207_060134_krull_private_eye/atari_private_eye_vta_k1_seed0/latest.pt,/home/haselab/projects/stable-deep-world-model/logs/content_kl_kernelsize/runs/20260207_060134_krull_private_eye/atari_private_eye_vta_k1_seed0/train_eps/20260207T135356-623cc9838618413ab383254def4ae298-2699.npz,1928,1960,0.0,3.6975721096066394e-11,1.4842414855957031,2.5269217491149902,0.0,3.4050629138946533,nan,nan,nan,nan
atari_private_eye,/home/haselab/projects/stable-deep-world-model/logs/content_kl_kernelsize/runs/20260207_060134_krull_private_eye/atari_private_eye_vta_k1_seed0,/home/haselab/projects/stable-deep-world-model/logs/content_kl_kernelsize/runs/20260207_060134_krull_private_eye/atari_private_eye_vta_k1_seed0/latest.pt,/home/haselab/projects/stable-deep-world-model/logs/content_kl_kernelsize/runs/20260207_060134_krull_private_eye/atari_private_eye_vta_k1_seed0/train_eps/20260207T135356-623cc9838618413ab383254def4ae298-2699.npz,1936,1968,0.0,6.45290001988208e-11,1.2314965724945068,2.394894599914551,0.0,3.353485107421875,nan,nan,nan,nan
atari_private_eye,/home/haselab/projects/stable-deep-world-model/logs/content_kl_kernelsize/runs/20260207_060134_krull_private_eye/atari_private_eye_vta_k1_seed0,/home/haselab/projects/stable-deep-world-model/logs/content_kl_kernelsize/runs/20260207_060134_krull_private_eye/atari_private_eye_vta_k1_seed0/latest.pt,/home/haselab/projects/stable-deep-world-model/logs/content_kl_kernelsize/runs/20260207_060134_krull_private_eye/atari_private_eye_vta_k1_seed0/train_eps/20260207T135356-623cc9838618413ab383254def4ae298-2699.npz,1944,1976,0.0,2.0525679766958405e-10,1.106430172920227,2.248732089996338,0.0,3.2722115516662598,nan,nan,nan,nan
atari_private_eye,/home/haselab/projects/stable-deep-world-model/logs/content_kl_kernelsize/runs/20260207_060134_krull_private_eye/atari_private_eye_vta_k1_seed0,/home/haselab/projects/stable-deep-world-model/logs/content_kl_kernelsize/runs/20260207_060134_krull_private_eye/atari_private_eye_vta_k1_seed0/latest.pt,/home/haselab/projects/stable-deep-world-model/logs/content_kl_kernelsize/runs/20260207_060134_krull_private_eye/atari_private_eye_vta_k1_seed0/train_eps/20260207T135356-623cc9838618413ab383254def4ae298-2699.npz,1952,1984,0.0,3.790183167318162e-10,1.1068534851074219,2.3759818077087402,0.0,3.3972063064575195,nan,nan,nan,nan
atari_private_eye,/home/haselab/projects/stable-deep-world-model/logs/content_kl_kernelsize/runs/20260207_060134_krull_private_eye/atari_private_eye_vta_k1_seed0,/home/haselab/projects/stable-deep-world-model/logs/content_kl_kernelsize/runs/20260207_060134_krull_private_eye/atari_private_eye_vta_k1_seed0/latest.pt,/home/haselab/projects/stable-deep-world-model/logs/content_kl_kernelsize/runs/20260207_060134_krull_private_eye/atari_private_eye_vta_k1_seed0/train_eps/20260207T135356-623cc9838618413ab383254def4ae298-2699.npz,1960,1992,0.0,4.18587442485574e-10,1.3161046504974365,2.4844610691070557,0.0,3.418799638748169,nan,nan,nan,nan
atari_private_eye,/home/haselab/projects/stable-deep-world-model/logs/content_kl_kernelsize/runs/20260207_060134_krull_private_eye/atari_private_eye_vta_k1_seed0,/home/haselab/projects/stable-deep-world-model/logs/content_kl_kernelsize/runs/20260207_060134_krull_private_eye/atari_private_eye_vta_k1_seed0/latest.pt,/home/haselab/projects/stable-deep-world-model/logs/content_kl_kernelsize/runs/20260207_060134_krull_private_eye/atari_private_eye_vta_k1_seed0/train_eps/20260207T135356-623cc9838618413ab383254def4ae298-2699.npz,1968,2000,0.0,3.954231664327068e-10,1.4369858503341675,2.4605019092559814,0.0,3.3650317192077637,nan,nan,nan,nan
atari_private_eye,/home/haselab/projects/stable-deep-world-model/logs/content_kl_kernelsize/runs/20260207_060134_krull_private_eye/atari_private_eye_vta_k1_seed0,/home/haselab/projects/stable-deep-world-model/logs/content_kl_kernelsize/runs/20260207_060134_krull_private_eye/atari_private_eye_vta_k1_seed0/latest.pt,/home/haselab/projects/stable-deep-world-model/logs/content_kl_kernelsize/runs/20260207_060134_krull_private_eye/atari_private_eye_vta_k1_seed0/train_eps/20260207T135356-623cc9838618413ab383254def4ae298-2699.npz,1976,2008,0.0,2.6073540548843255e-10,1.574143886566162,2.5175669193267822,0.0,3.356048107147217,nan,nan,nan,nan
atari_private_eye,/home/haselab/projects/stable-deep-world-model/logs/content_kl_kernelsize/runs/20260207_060134_krull_private_eye/atari_private_eye_vta_k1_seed0,/home/haselab/projects/stable-deep-world-model/logs/content_kl_kernelsize/runs/20260207_060134_krull_private_eye/atari_private_eye_vta_k1_seed0/latest.pt,/home/haselab/projects/stable-deep-world-model/logs/content_kl_kernelsize/runs/20260207_060134_krull_private_eye/atari_private_eye_vta_k1_seed0/train_eps/20260207T135356-623cc9838618413ab383254def4ae298-2699.npz,1984,2016,0.0,1.1224519230745855e-10,1.689434289932251,2.601309299468994,0.0,3.348752975463867,nan,nan,nan,nan
atari_private_eye,/home/haselab/projects/stable-deep-world-model/logs/content_kl_kernelsize/runs/20260207_060134_krull_private_eye/atari_private_eye_vta_k1_seed0,/home/haselab/projects/stable-deep-world-model/logs/content_kl_kernelsize/runs/20260207_060134_krull_private_eye/atari_private_eye_vta_k1_seed0/latest.pt,/home/haselab/projects/stable-deep-world-model/logs/content_kl_kernelsize/runs/20260207_060134_krull_private_eye/atari_private_eye_vta_k1_seed0/train_eps/20260207T135356-623cc9838618413ab383254def4ae298-2699.npz,1992,2024,0.0,7.00766111805251e-11,1.546082615852356,2.438373327255249,0.0,3.2108826637268066,nan,nan,nan,nan
atari_private_eye,/home/haselab/projects/stable-deep-world-model/logs/content_kl_kernelsize/runs/20260207_060134_krull_private_eye/atari_private_eye_vta_k1_seed0,/home/haselab/projects/stable-deep-world-model/logs/content_kl_kernelsize/runs/20260207_060134_krull_private_eye/atari_private_eye_vta_k1_seed0/latest.pt,/home/haselab/projects/stable-deep-world-model/logs/content_kl_kernelsize/runs/20260207_060134_krull_private_eye/atari_private_eye_vta_k1_seed0/train_eps/20260207T135356-623cc9838618413ab383254def4ae298-2699.npz,2000,2032,0.0,6.25172622004122e-11,1.5273553133010864,2.449397087097168,0.0,3.187553882598877,nan,nan,nan,nan
atari_private_eye,/home/haselab/projects/stable-deep-world-model/logs/content_kl_kernelsize/runs/20260207_060134_krull_private_eye/atari_private_eye_vta_k1_seed0,/home/haselab/projects/stable-deep-world-model/logs/content_kl_kernelsize/runs/20260207_060134_krull_private_eye/atari_private_eye_vta_k1_seed0/latest.pt,/home/haselab/projects/stable-deep-world-model/logs/content_kl_kernelsize/runs/20260207_060134_krull_private_eye/atari_private_eye_vta_k1_seed0/train_eps/20260207T135356-623cc9838618413ab383254def4ae298-2699.npz,2008,2040,0.0,5.107989725638973e-11,1.402747631072998,2.3477888107299805,0.0,3.151578903198242,nan,nan,nan,nan
atari_private_eye,/home/haselab/projects/stable-deep-world-model/logs/content_kl_kernelsize/runs/20260207_060134_krull_private_eye/atari_private_eye_vta_k1_seed0,/home/haselab/projects/stable-deep-world-model/logs/content_kl_kernelsize/runs/20260207_060134_krull_private_eye/atari_private_eye_vta_k1_seed0/latest.pt,/home/haselab/projects/stable-deep-world-model/logs/content_kl_kernelsize/runs/20260207_060134_krull_private_eye/atari_private_eye_vta_k1_seed0/train_eps/20260207T135356-623cc9838618413ab383254def4ae298-2699.npz,2016,2048,0.0,2.3696702586284424e-11,1.3403816223144531,2.1785809993743896,0.0,3.0590479373931885,nan,nan,nan,nan
atari_private_eye,/home/haselab/projects/stable-deep-world-model/logs/content_kl_kernelsize/runs/20260207_060134_krull_private_eye/atari_private_eye_vta_k1_seed0,/home/haselab/projects/stable-deep-world-model/logs/content_kl_kernelsize/runs/20260207_060134_krull_private_eye/atari_private_eye_vta_k1_seed0/latest.pt,/home/haselab/projects/stable-deep-world-model/logs/content_kl_kernelsize/runs/20260207_060134_krull_private_eye/atari_private_eye_vta_k1_seed0/train_eps/20260207T135356-623cc9838618413ab383254def4ae298-2699.npz,2024,2056,0.0,4.8361523119488936e-11,1.5464988946914673,2.5083582401275635,0.0,3.340857982635498,nan,nan,nan,nan
atari_private_eye,/home/haselab/projects/stable-deep-world-model/logs/content_kl_kernelsize/runs/20260207_060134_krull_private_eye/atari_private_eye_vta_k1_seed0,/home/haselab/projects/stable-deep-world-model/logs/content_kl_kernelsize/runs/20260207_060134_krull_private_eye/atari_private_eye_vta_k1_seed0/latest.pt,/home/haselab/projects/stable-deep-world-model/logs/content_kl_kernelsize/runs/20260207_060134_krull_private_eye/atari_private_eye_vta_k1_seed0/train_eps/20260207T135356-623cc9838618413ab383254def4ae298-2699.npz,2032,2064,0.0,5.389916291065333e-11,1.588388204574585,2.5614771842956543,0.0,3.3698344230651855,nan,nan,nan,nan
atari_private_eye,/home/haselab/projects/stable-deep-world-model/logs/content_kl_kernelsize/runs/20260207_060134_krull_private_eye/atari_private_eye_vta_k1_seed0,/home/haselab/projects/stable-deep-world-model/logs/content_kl_kernelsize/runs/20260207_060134_krull_private_eye/atari_private_eye_vta_k1_seed0/latest.pt,/home/haselab/projects/stable-deep-world-model/logs/content_kl_kernelsize/runs/20260207_060134_krull_private_eye/atari_private_eye_vta_k1_seed0/train_eps/20260207T135356-623cc9838618413ab383254def4ae298-2699.npz,2040,2072,0.0,5.432417016226765e-11,1.5476429462432861,2.478631019592285,0.0,3.258760929107666,nan,nan,nan,nan
atari_private_eye,/home/haselab/projects/stable-deep-world-model/logs/content_kl_kernelsize/runs/20260207_060134_krull_private_eye/atari_private_eye_vta_k1_seed0,/home/haselab/projects/stable-deep-world-model/logs/content_kl_kernelsize/runs/20260207_060134_krull_private_eye/atari_private_eye_vta_k1_seed0/latest.pt,/home/haselab/projects/stable-deep-world-model/logs/content_kl_kernelsize/runs/20260207_060134_krull_private_eye/atari_private_eye_vta_k1_seed0/train_eps/20260207T135356-623cc9838618413ab383254def4ae298-2699.npz,2048,2080,0.0,4.812271761633902e-11,1.4376109838485718,2.4078657627105713,0.0,3.1869029998779297,nan,nan,nan,nan
atari_private_eye,/home/haselab/projects/stable-deep-world-model/logs/content_kl_kernelsize/runs/20260207_060134_krull_private_eye/atari_private_eye_vta_k1_seed0,/home/haselab/projects/stable-deep-world-model/logs/content_kl_kernelsize/runs/20260207_060134_krull_private_eye/atari_private_eye_vta_k1_seed0/latest.pt,/home/haselab/projects/stable-deep-world-model/logs/content_kl_kernelsize/runs/20260207_060134_krull_private_eye/atari_private_eye_vta_k1_seed0/train_eps/20260207T135356-623cc9838618413ab383254def4ae298-2699.npz,2056,2088,0.0,2.5921660651295753e-11,1.459108591079712,2.3691515922546387,0.0,3.0947425365448,nan,nan,nan,nan
atari_private_eye,/home/haselab/projects/stable-deep-world-model/logs/content_kl_kernelsize/runs/20260207_060134_krull_private_eye/atari_private_eye_vta_k1_seed0,/home/haselab/projects/stable-deep-world-model/logs/content_kl_kernelsize/runs/20260207_060134_krull_private_eye/atari_private_eye_vta_k1_seed0/latest.pt,/home/haselab/projects/stable-deep-world-model/logs/content_kl_kernelsize/runs/20260207_060134_krull_private_eye/atari_private_eye_vta_k1_seed0/train_eps/20260207T135356-623cc9838618413ab383254def4ae298-2699.npz,2064,2096,0.0,2.118301888065499e-11,1.517303228378296,2.5017712116241455,0.0,3.2333788871765137,nan,nan,nan,nan
atari_private_eye,/home/haselab/projects/stable-deep-world-model/logs/content_kl_kernelsize/runs/20260207_060134_krull_private_eye/atari_private_eye_vta_k1_seed0,/home/haselab/projects/stable-deep-world-model/logs/content_kl_kernelsize/runs/20260207_060134_krull_private_eye/atari_private_eye_vta_k1_seed0/latest.pt,/home/haselab/projects/stable-deep-world-model/logs/content_kl_kernelsize/runs/20260207_060134_krull_private_eye/atari_private_eye_vta_k1_seed0/train_eps/20260207T135356-623cc9838618413ab383254def4ae298-2699.npz,2072,2104,0.0,2.64701021518432e-11,1.5895119905471802,2.637495517730713,0.0,3.370185613632202,nan,nan,nan,nan
atari_private_eye,/home/haselab/projects/stable-deep-world-model/logs/content_kl_kernelsize/runs/20260207_060134_krull_private_eye/atari_private_eye_vta_k1_seed0,/home/haselab/projects/stable-deep-world-model/logs/content_kl_kernelsize/runs/20260207_060134_krull_private_eye/atari_private_eye_vta_k1_seed0/latest.pt,/home/haselab/projects/stable-deep-world-model/logs/content_kl_kernelsize/runs/20260207_060134_krull_private_eye/atari_private_eye_vta_k1_seed0/train_eps/20260207T135356-623cc9838618413ab383254def4ae298-2699.npz,2080,2112,0.0,3.000426990196203e-11,1.5688722133636475,2.604266405105591,0.0,3.43013334274292,nan,nan,nan,nan
atari_private_eye,/home/haselab/projects/stable-deep-world-model/logs/content_kl_kernelsize/runs/20260207_060134_krull_private_eye/atari_private_eye_vta_k1_seed0,/home/haselab/projects/stable-deep-world-model/logs/content_kl_kernelsize/runs/20260207_060134_krull_private_eye/atari_private_eye_vta_k1_seed0/latest.pt,/home/haselab/projects/stable-deep-world-model/logs/content_kl_kernelsize/runs/20260207_060134_krull_private_eye/atari_private_eye_vta_k1_seed0/train_eps/20260207T135356-623cc9838618413ab383254def4ae298-2699.npz,2088,2120,0.0,2.2581336106552996e-11,1.4691917896270752,2.544795036315918,0.0,3.460951805114746,nan,nan,nan,nan
atari_private_eye,/home/haselab/projects/stable-deep-world-model/logs/content_kl_kernelsize/runs/20260207_060134_krull_private_eye/atari_private_eye_vta_k1_seed0,/home/haselab/projects/stable-deep-world-model/logs/content_kl_kernelsize/runs/20260207_060134_krull_private_eye/atari_private_eye_vta_k1_seed0/latest.pt,/home/haselab/projects/stable-deep-world-model/logs/content_kl_kernelsize/runs/20260207_060134_krull_private_eye/atari_private_eye_vta_k1_seed0/train_eps/20260207T135356-623cc9838618413ab383254def4ae298-2699.npz,2096,2128,0.0,2.48937571944996e-11,1.4554519653320312,2.4562106132507324,0.0,3.320831298828125,nan,nan,nan,nan
atari_private_eye,/home/haselab/projects/stable-deep-world-model/logs/content_kl_kernelsize/runs/20260207_060134_krull_private_eye/atari_private_eye_vta_k1_seed0,/home/haselab/projects/stable-deep-world-model/logs/content_kl_kernelsize/runs/20260207_060134_krull_private_eye/atari_private_eye_vta_k1_seed0/latest.pt,/home/haselab/projects/stable-deep-world-model/logs/content_kl_kernelsize/runs/20260207_060134_krull_private_eye/atari_private_eye_vta_k1_seed0/train_eps/20260207T135356-623cc9838618413ab383254def4ae298-2699.npz,2104,2136,0.0,2.4844461557482767e-11,1.5318872928619385,2.5385613441467285,0.0,3.3160271644592285,nan,nan,nan,nan
atari_private_eye,/home/haselab/projects/stable-deep-world-model/logs/content_kl_kernelsize/runs/20260207_060134_krull_private_eye/atari_private_eye_vta_k1_seed0,/home/haselab/projects/stable-deep-world-model/logs/content_kl_kernelsize/runs/20260207_060134_krull_private_eye/atari_private_eye_vta_k1_seed0/latest.pt,/home/haselab/projects/stable-deep-world-model/logs/content_kl_kernelsize/runs/20260207_060134_krull_private_eye/atari_private_eye_vta_k1_seed0/train_eps/20260207T135356-623cc9838618413ab383254def4ae298-2699.npz,2112,2144,0.0,2.377860235103224e-11,1.653578519821167,2.7036004066467285,0.0,3.3306922912597656,nan,nan,nan,nan
atari_private_eye,/home/haselab/projects/stable-deep-world-model/logs/content_kl_kernelsize/runs/20260207_060134_krull_private_eye/atari_private_eye_vta_k1_seed0,/home/haselab/projects/stable-deep-world-model/logs/content_kl_kernelsize/runs/20260207_060134_krull_private_eye/atari_private_eye_vta_k1_seed0/latest.pt,/home/haselab/projects/stable-deep-world-model/logs/content_kl_kernelsize/runs/20260207_060134_krull_private_eye/atari_private_eye_vta_k1_seed0/train_eps/20260207T135356-623cc9838618413ab383254def4ae298-2699.npz,2120,2152,0.0,3.782859442358344e-11,1.6848676204681396,2.744039535522461,0.0,3.2933104038238525,nan,nan,nan,nan
atari_private_eye,/home/haselab/projects/stable-deep-world-model/logs/content_kl_kernelsize/runs/20260207_060134_krull_private_eye/atari_private_eye_vta_k1_seed0,/home/haselab/projects/stable-deep-world-model/logs/content_kl_kernelsize/runs/20260207_060134_krull_private_eye/atari_private_eye_vta_k1_seed0/latest.pt,/home/haselab/projects/stable-deep-world-model/logs/content_kl_kernelsize/runs/20260207_060134_krull_private_eye/atari_private_eye_vta_k1_seed0/train_eps/20260207T135356-623cc9838618413ab383254def4ae298-2699.npz,2128,2160,0.0,3.5979969004173995e-11,1.6656649112701416,2.7360777854919434,0.0,3.383826971054077,nan,nan,nan,nan
atari_private_eye,/home/haselab/projects/stable-deep-world-model/logs/content_kl_kernelsize/runs/20260207_060134_krull_private_eye/atari_private_eye_vta_k1_seed0,/home/haselab/projects/stable-deep-world-model/logs/content_kl_kernelsize/runs/20260207_060134_krull_private_eye/atari_private_eye_vta_k1_seed0/latest.pt,/home/haselab/projects/stable-deep-world-model/logs/content_kl_kernelsize/runs/20260207_060134_krull_private_eye/atari_private_eye_vta_k1_seed0/train_eps/20260207T135356-623cc9838618413ab383254def4ae298-2699.npz,2136,2168,0.0,2.7087051351903924e-11,1.6485127210617065,2.7315244674682617,0.0,3.4164583683013916,nan,nan,nan,nan
atari_private_eye,/home/haselab/projects/stable-deep-world-model/logs/content_kl_kernelsize/runs/20260207_060134_krull_private_eye/atari_private_eye_vta_k1_seed0,/home/haselab/projects/stable-deep-world-model/logs/content_kl_kernelsize/runs/20260207_060134_krull_private_eye/atari_private_eye_vta_k1_seed0/latest.pt,/home/haselab/projects/stable-deep-world-model/logs/content_kl_kernelsize/runs/20260207_060134_krull_private_eye/atari_private_eye_vta_k1_seed0/train_eps/20260207T135356-623cc9838618413ab383254def4ae298-2699.npz,2144,2176,0.0,4.028521613519409e-11,1.7120521068572998,2.8587594032287598,0.0,3.5001888275146484,nan,nan,nan,nan
atari_private_eye,/home/haselab/projects/stable-deep-world-model/logs/content_kl_kernelsize/runs/20260207_060134_krull_private_eye/atari_private_eye_vta_k1_seed0,/home/haselab/projects/stable-deep-world-model/logs/content_kl_kernelsize/runs/20260207_060134_krull_private_eye/atari_private_eye_vta_k1_seed0/latest.pt,/home/haselab/projects/stable-deep-world-model/logs/content_kl_kernelsize/runs/20260207_060134_krull_private_eye/atari_private_eye_vta_k1_seed0/train_eps/20260207T135356-623cc9838618413ab383254def4ae298-2699.npz,2152,2184,0.0,2.5888855295641555e-11,1.7209386825561523,2.8267695903778076,0.0,3.4620726108551025,nan,nan,nan,nan
atari_private_eye,/home/haselab/projects/stable-deep-world-model/logs/content_kl_kernelsize/runs/20260207_060134_krull_private_eye/atari_private_eye_vta_k1_seed0,/home/haselab/projects/stable-deep-world-model/logs/content_kl_kernelsize/runs/20260207_060134_krull_private_eye/atari_private_eye_vta_k1_seed0/latest.pt,/home/haselab/projects/stable-deep-world-model/logs/content_kl_kernelsize/runs/20260207_060134_krull_private_eye/atari_private_eye_vta_k1_seed0/train_eps/20260207T135356-623cc9838618413ab383254def4ae298-2699.npz,2160,2192,0.0,2.4424743477746702e-11,1.727209210395813,2.869281768798828,0.0,3.475198268890381,nan,nan,nan,nan
atari_private_eye,/home/haselab/projects/stable-deep-world-model/logs/content_kl_kernelsize/runs/20260207_060134_krull_private_eye/atari_private_eye_vta_k1_seed0,/home/haselab/projects/stable-deep-world-model/logs/content_kl_kernelsize/runs/20260207_060134_krull_private_eye/atari_private_eye_vta_k1_seed0/latest.pt,/home/haselab/projects/stable-deep-world-model/logs/content_kl_kernelsize/runs/20260207_060134_krull_private_eye/atari_private_eye_vta_k1_seed0/train_eps/20260207T135356-623cc9838618413ab383254def4ae298-2699.npz,2168,2200,0.0,2.4802788295419376e-11,1.6932704448699951,2.824446201324463,0.0,3.490694999694824,nan,nan,nan,nan
atari_private_eye,/home/haselab/projects/stable-deep-world-model/logs/content_kl_kernelsize/runs/20260207_060134_krull_private_eye/atari_private_eye_vta_k1_seed0,/home/haselab/projects/stable-deep-world-model/logs/content_kl_kernelsize/runs/20260207_060134_krull_private_eye/atari_private_eye_vta_k1_seed0/latest.pt,/home/haselab/projects/stable-deep-world-model/logs/content_kl_kernelsize/runs/20260207_060134_krull_private_eye/atari_private_eye_vta_k1_seed0/train_eps/20260207T135356-623cc9838618413ab383254def4ae298-2699.npz,2176,2208,0.0,8.332308801262123e-12,1.349855661392212,2.2687089443206787,0.0,3.123080015182495,nan,nan,nan,nan
atari_private_eye,/home/haselab/projects/stable-deep-world-model/logs/content_kl_kernelsize/runs/20260207_060134_krull_private_eye/atari_private_eye_vta_k1_seed0,/home/haselab/projects/stable-deep-world-model/logs/content_kl_kernelsize/runs/20260207_060134_krull_private_eye/atari_private_eye_vta_k1_seed0/latest.pt,/home/haselab/projects/stable-deep-world-model/logs/content_kl_kernelsize/runs/20260207_060134_krull_private_eye/atari_private_eye_vta_k1_seed0/train_eps/20260207T135356-623cc9838618413ab383254def4ae298-2699.npz,2184,2216,0.0,8.794805161915775e-12,1.2787842750549316,2.197782039642334,0.0,3.122410774230957,nan,nan,nan,nan
atari_private_eye,/home/haselab/projects/stable-deep-world-model/logs/content_kl_kernelsize/runs/20260207_060134_krull_private_eye/atari_private_eye_vta_k1_seed0,/home/haselab/projects/stable-deep-world-model/logs/content_kl_kernelsize/runs/20260207_060134_krull_private_eye/atari_private_eye_vta_k1_seed0/latest.pt,/home/haselab/projects/stable-deep-world-model/logs/content_kl_kernelsize/runs/20260207_060134_krull_private_eye/atari_private_eye_vta_k1_seed0/train_eps/20260207T135356-623cc9838618413ab383254def4ae298-2699.npz,2192,2224,0.0,2.4723060404463482e-11,1.3067280054092407,2.3224987983703613,0.0,3.2630457878112793,nan,nan,nan,nan
atari_private_eye,/home/haselab/projects/stable-deep-world-model/logs/content_kl_kernelsize/runs/20260207_060134_krull_private_eye/atari_private_eye_vta_k1_seed0,/home/haselab/projects/stable-deep-world-model/logs/content_kl_kernelsize/runs/20260207_060134_krull_private_eye/atari_private_eye_vta_k1_seed0/latest.pt,/home/haselab/projects/stable-deep-world-model/logs/content_kl_kernelsize/runs/20260207_060134_krull_private_eye/atari_private_eye_vta_k1_seed0/train_eps/20260207T135356-623cc9838618413ab383254def4ae298-2699.npz,2200,2232,0.0,2.2265371837915104e-11,1.270513653755188,2.2573347091674805,0.0,3.2306554317474365,nan,nan,nan,nan
atari_private_eye,/home/haselab/projects/stable-deep-world-model/logs/content_kl_kernelsize/runs/20260207_060134_krull_private_eye/atari_private_eye_vta_k1_seed0,/home/haselab/projects/stable-deep-world-model/logs/content_kl_kernelsize/runs/20260207_060134_krull_private_eye/atari_private_eye_vta_k1_seed0/latest.pt,/home/haselab/projects/stable-deep-world-model/logs/content_kl_kernelsize/runs/20260207_060134_krull_private_eye/atari_private_eye_vta_k1_seed0/train_eps/20260207T135356-623cc9838618413ab383254def4ae298-2699.npz,2208,2240,0.0,2.6292567081864782e-11,1.5501840114593506,2.7036283016204834,0.0,3.5575385093688965,nan,nan,nan,nan
atari_private_eye,/home/haselab/projects/stable-deep-world-model/logs/content_kl_kernelsize/runs/20260207_060134_krull_private_eye/atari_private_eye_vta_k1_seed0,/home/haselab/projects/stable-deep-world-model/logs/content_kl_kernelsize/runs/20260207_060134_krull_private_eye/atari_private_eye_vta_k1_seed0/latest.pt,/home/haselab/projects/stable-deep-world-model/logs/content_kl_kernelsize/runs/20260207_060134_krull_private_eye/atari_private_eye_vta_k1_seed0/train_eps/20260207T135356-623cc9838618413ab383254def4ae298-2699.npz,2216,2248,0.0,2.618337144322247e-11,1.623006820678711,2.895888090133667,0.0,3.830026626586914,nan,nan,nan,nan
atari_private_eye,/home/haselab/projects/stable-deep-world-model/logs/content_kl_kernelsize/runs/20260207_060134_krull_private_eye/atari_private_eye_vta_k1_seed0,/home/haselab/projects/stable-deep-world-model/logs/content_kl_kernelsize/runs/20260207_060134_krull_private_eye/atari_private_eye_vta_k1_seed0/latest.pt,/home/haselab/projects/stable-deep-world-model/logs/content_kl_kernelsize/runs/20260207_060134_krull_private_eye/atari_private_eye_vta_k1_seed0/train_eps/20260207T135356-623cc9838618413ab383254def4ae298-2699.npz,2224,2256,0.0,1.572092109269896e-11,1.5570790767669678,2.7611727714538574,0.0,3.6536173820495605,nan,nan,nan,nan
atari_private_eye,/home/haselab/projects/stable-deep-world-model/logs/content_kl_kernelsize/runs/20260207_060134_krull_private_eye/atari_private_eye_vta_k1_seed0,/home/haselab/projects/stable-deep-world-model/logs/content_kl_kernelsize/runs/20260207_060134_krull_private_eye/atari_private_eye_vta_k1_seed0/latest.pt,/home/haselab/projects/stable-deep-world-model/logs/content_kl_kernelsize/runs/20260207_060134_krull_private_eye/atari_private_eye_vta_k1_seed0/train_eps/20260207T135356-623cc9838618413ab383254def4ae298-2699.npz,2232,2264,0.0,2.1188571730501593e-11,1.5153136253356934,2.698174238204956,0.0,3.570596218109131,nan,nan,nan,nan
atari_private_eye,/home/haselab/projects/stable-deep-world-model/logs/content_kl_kernelsize/runs/20260207_060134_krull_private_eye/atari_private_eye_vta_k1_seed0,/home/haselab/projects/stable-deep-world-model/logs/content_kl_kernelsize/runs/20260207_060134_krull_private_eye/atari_private_eye_vta_k1_seed0/latest.pt,/home/haselab/projects/stable-deep-world-model/logs/content_kl_kernelsize/runs/20260207_060134_krull_private_eye/atari_private_eye_vta_k1_seed0/train_eps/20260207T135356-623cc9838618413ab383254def4ae298-2699.npz,2240,2272,0.0,1.837790336578493e-11,1.4058209657669067,2.5259757041931152,0.0,3.4053592681884766,nan,nan,nan,nan
atari_private_eye,/home/haselab/projects/stable-deep-world-model/logs/content_kl_kernelsize/runs/20260207_060134_krull_private_eye/atari_private_eye_vta_k1_seed0,/home/haselab/projects/stable-deep-world-model/logs/content_kl_kernelsize/runs/20260207_060134_krull_private_eye/atari_private_eye_vta_k1_seed0/latest.pt,/home/haselab/projects/stable-deep-world-model/logs/content_kl_kernelsize/runs/20260207_060134_krull_private_eye/atari_private_eye_vta_k1_seed0/train_eps/20260207T135356-623cc9838618413ab383254def4ae298-2699.npz,2248,2280,0.0,2.8757213624275302e-11,1.344449520111084,2.277998447418213,0.0,3.0363049507141113,nan,nan,nan,nan
atari_private_eye,/home/haselab/projects/stable-deep-world-model/logs/content_kl_kernelsize/runs/20260207_060134_krull_private_eye/atari_private_eye_vta_k1_seed0,/home/haselab/projects/stable-deep-world-model/logs/content_kl_kernelsize/runs/20260207_060134_krull_private_eye/atari_private_eye_vta_k1_seed0/latest.pt,/home/haselab/projects/stable-deep-world-model/logs/content_kl_kernelsize/runs/20260207_060134_krull_private_eye/atari_private_eye_vta_k1_seed0/train_eps/20260207T135356-623cc9838618413ab383254def4ae298-2699.npz,2256,2288,0.0,4.834211503323971e-11,1.3709967136383057,2.2889411449432373,0.0,3.0187344551086426,nan,nan,nan,nan
atari_private_eye,/home/haselab/projects/stable-deep-world-model/logs/content_kl_kernelsize/runs/20260207_060134_krull_private_eye/atari_private_eye_vta_k1_seed0,/home/haselab/projects/stable-deep-world-model/logs/content_kl_kernelsize/runs/20260207_060134_krull_private_eye/atari_private_eye_vta_k1_seed0/latest.pt,/home/haselab/projects/stable-deep-world-model/logs/content_kl_kernelsize/runs/20260207_060134_krull_private_eye/atari_private_eye_vta_k1_seed0/train_eps/20260207T135356-623cc9838618413ab383254def4ae298-2699.npz,2264,2296,0.0,4.734109632087424e-11,1.485029697418213,2.380146026611328,0.0,3.0582823753356934,nan,nan,nan,nan
atari_private_eye,/home/haselab/projects/stable-deep-world-model/logs/content_kl_kernelsize/runs/20260207_060134_krull_private_eye/atari_private_eye_vta_k1_seed0,/home/haselab/projects/stable-deep-world-model/logs/content_kl_kernelsize/runs/20260207_060134_krull_private_eye/atari_private_eye_vta_k1_seed0/latest.pt,/home/haselab/projects/stable-deep-world-model/logs/content_kl_kernelsize/runs/20260207_060134_krull_private_eye/atari_private_eye_vta_k1_seed0/train_eps/20260207T135356-623cc9838618413ab383254def4ae298-2699.npz,2272,2304,0.0,4.868277309055813e-11,1.6039016246795654,2.5194520950317383,0.0,3.156785011291504,nan,nan,nan,nan
atari_private_eye,/home/haselab/projects/stable-deep-world-model/logs/content_kl_kernelsize/runs/20260207_060134_krull_private_eye/atari_private_eye_vta_k1_seed0,/home/haselab/projects/stable-deep-world-model/logs/content_kl_kernelsize/runs/20260207_060134_krull_private_eye/atari_private_eye_vta_k1_seed0/latest.pt,/home/haselab/projects/stable-deep-world-model/logs/content_kl_kernelsize/runs/20260207_060134_krull_private_eye/atari_private_eye_vta_k1_seed0/train_eps/20260207T135356-623cc9838618413ab383254def4ae298-2699.npz,2280,2312,0.0,4.950765492006681e-11,1.673478126525879,2.747818946838379,0.0,3.409520149230957,nan,nan,nan,nan
atari_private_eye,/home/haselab/projects/stable-deep-world-model/logs/content_kl_kernelsize/runs/20260207_060134_krull_private_eye/atari_private_eye_vta_k1_seed0,/home/haselab/projects/stable-deep-world-model/logs/content_kl_kernelsize/runs/20260207_060134_krull_private_eye/atari_private_eye_vta_k1_seed0/latest.pt,/home/haselab/projects/stable-deep-world-model/logs/content_kl_kernelsize/runs/20260207_060134_krull_private_eye/atari_private_eye_vta_k1_seed0/train_eps/20260207T135356-623cc9838618413ab383254def4ae298-2699.npz,2288,2320,0.0,2.3618825645277397e-11,1.51921808719635,2.4194910526275635,0.0,3.1849770545959473,nan,nan,nan,nan
atari_private_eye,/home/haselab/projects/stable-deep-world-model/logs/content_kl_kernelsize/runs/20260207_060134_krull_private_eye/atari_private_eye_vta_k1_seed0,/home/haselab/projects/stable-deep-world-model/logs/content_kl_kernelsize/runs/20260207_060134_krull_private_eye/atari_private_eye_vta_k1_seed0/latest.pt,/home/haselab/projects/stable-deep-world-model/logs/content_kl_kernelsize/runs/20260207_060134_krull_private_eye/atari_private_eye_vta_k1_seed0/train_eps/20260207T135356-623cc9838618413ab383254def4ae298-2699.npz,2296,2328,0.0,2.0479321363731096e-11,1.2853938341140747,2.144268035888672,0.0,2.9935879707336426,nan,nan,nan,nan
atari_private_eye,/home/haselab/projects/stable-deep-world-model/logs/content_kl_kernelsize/runs/20260207_060134_krull_private_eye/atari_private_eye_vta_k1_seed0,/home/haselab/projects/stable-deep-world-model/logs/content_kl_kernelsize/runs/20260207_060134_krull_private_eye/atari_private_eye_vta_k1_seed0/latest.pt,/home/haselab/projects/stable-deep-world-model/logs/content_kl_kernelsize/runs/20260207_060134_krull_private_eye/atari_private_eye_vta_k1_seed0/train_eps/20260207T135356-623cc9838618413ab383254def4ae298-2699.npz,2304,2336,0.0,2.007201349574217e-11,1.1884971857070923,1.9927585124969482,0.0,2.955678939819336,nan,nan,nan,nan
atari_private_eye,/home/haselab/projects/stable-deep-world-model/logs/content_kl_kernelsize/runs/20260207_060134_krull_private_eye/atari_private_eye_vta_k1_seed0,/home/haselab/projects/stable-deep-world-model/logs/content_kl_kernelsize/runs/20260207_060134_krull_private_eye/atari_private_eye_vta_k1_seed0/latest.pt,/home/haselab/projects/stable-deep-world-model/logs/content_kl_kernelsize/runs/20260207_060134_krull_private_eye/atari_private_eye_vta_k1_seed0/train_eps/20260207T135356-623cc9838618413ab383254def4ae298-2699.npz,2312,2344,0.0,7.340811986056295e-12,1.0524327754974365,1.7478220462799072,0.0,2.703961133956909,nan,nan,nan,nan
atari_private_eye,/home/haselab/projects/stable-deep-world-model/logs/content_kl_kernelsize/runs/20260207_060134_krull_private_eye/atari_private_eye_vta_k1_seed0,/home/haselab/projects/stable-deep-world-model/logs/content_kl_kernelsize/runs/20260207_060134_krull_private_eye/atari_private_eye_vta_k1_seed0/latest.pt,/home/haselab/projects/stable-deep-world-model/logs/content_kl_kernelsize/runs/20260207_060134_krull_private_eye/atari_private_eye_vta_k1_seed0/train_eps/20260207T135356-623cc9838618413ab383254def4ae298-2699.npz,2320,2352,0.0,7.361233150815494e-12,1.1067250967025757,1.9095563888549805,0.0,2.7674288749694824,nan,nan,nan,nan
atari_private_eye,/home/haselab/projects/stable-deep-world-model/logs/content_kl_kernelsize/runs/20260207_060134_krull_private_eye/atari_private_eye_vta_k1_seed0,/home/haselab/projects/stable-deep-world-model/logs/content_kl_kernelsize/runs/20260207_060134_krull_private_eye/atari_private_eye_vta_k1_seed0/latest.pt,/home/haselab/projects/stable-deep-world-model/logs/content_kl_kernelsize/runs/20260207_060134_krull_private_eye/atari_private_eye_vta_k1_seed0/train_eps/20260207T135356-623cc9838618413ab383254def4ae298-2699.npz,2328,2360,0.0,9.370997901270162e-12,1.2136917114257812,2.051731586456299,0.0,2.841209888458252,nan,nan,nan,nan
atari_private_eye,/home/haselab/projects/stable-deep-world-model/logs/content_kl_kernelsize/runs/20260207_060134_krull_private_eye/atari_private_eye_vta_k1_seed0,/home/haselab/projects/stable-deep-world-model/logs/content_kl_kernelsize/runs/20260207_060134_krull_private_eye/atari_private_eye_vta_k1_seed0/latest.pt,/home/haselab/projects/stable-deep-world-model/logs/content_kl_kernelsize/runs/20260207_060134_krull_private_eye/atari_private_eye_vta_k1_seed0/train_eps/20260207T135356-623cc9838618413ab383254def4ae298-2699.npz,2336,2368,0.0,7.735864032687445e-12,1.27057945728302,2.15960693359375,0.0,2.888148784637451,nan,nan,nan,nan
atari_private_eye,/home/haselab/projects/stable-deep-world-model/logs/content_kl_kernelsize/runs/20260207_060134_krull_private_eye/atari_private_eye_vta_k1_seed0,/home/haselab/projects/stable-deep-world-model/logs/content_kl_kernelsize/runs/20260207_060134_krull_private_eye/atari_private_eye_vta_k1_seed0/latest.pt,/home/haselab/projects/stable-deep-world-model/logs/content_kl_kernelsize/runs/20260207_060134_krull_private_eye/atari_private_eye_vta_k1_seed0/train_eps/20260207T135356-623cc9838618413ab383254def4ae298-2699.npz,2344,2376,0.0,2.4496358067005453e-11,1.4071741104125977,2.3127217292785645,0.0,3.0216615200042725,nan,nan,nan,nan
atari_private_eye,/home/haselab/projects/stable-deep-world-model/logs/content_kl_kernelsize/runs/20260207_060134_krull_private_eye/atari_private_eye_vta_k1_seed0,/home/haselab/projects/stable-deep-world-model/logs/content_kl_kernelsize/runs/20260207_060134_krull_private_eye/atari_private_eye_vta_k1_seed0/latest.pt,/home/haselab/projects/stable-deep-world-model/logs/content_kl_kernelsize/runs/20260207_060134_krull_private_eye/atari_private_eye_vta_k1_seed0/train_eps/20260207T135356-623cc9838618413ab383254def4ae298-2699.npz,2352,2384,0.0,2.5792659674728213e-11,1.5756813287734985,2.615450859069824,0.0,3.3205599784851074,nan,nan,nan,nan
atari_private_eye,/home/haselab/projects/stable-deep-world-model/logs/content_kl_kernelsize/runs/20260207_060134_krull_private_eye/atari_private_eye_vta_k1_seed0,/home/haselab/projects/stable-deep-world-model/logs/content_kl_kernelsize/runs/20260207_060134_krull_private_eye/atari_private_eye_vta_k1_seed0/latest.pt,/home/haselab/projects/stable-deep-world-model/logs/content_kl_kernelsize/runs/20260207_060134_krull_private_eye/atari_private_eye_vta_k1_seed0/train_eps/20260207T135356-623cc9838618413ab383254def4ae298-2699.npz,2360,2392,0.0,2.771753833397117e-11,1.6668353080749512,2.849724769592285,0.0,3.5631284713745117,nan,nan,nan,nan
atari_private_eye,/home/haselab/projects/stable-deep-world-model/logs/content_kl_kernelsize/runs/20260207_060134_krull_private_eye/atari_private_eye_vta_k1_seed0,/home/haselab/projects/stable-deep-world-model/logs/content_kl_kernelsize/runs/20260207_060134_krull_private_eye/atari_private_eye_vta_k1_seed0/latest.pt,/home/haselab/projects/stable-deep-world-model/logs/content_kl_kernelsize/runs/20260207_060134_krull_private_eye/atari_private_eye_vta_k1_seed0/train_eps/20260207T135356-623cc9838618413ab383254def4ae298-2699.npz,2368,2400,0.0,3.242597163000127e-11,1.738328456878662,3.1058311462402344,0.0,3.9216198921203613,nan,nan,nan,nan
atari_private_eye,/home/haselab/projects/stable-deep-world-model/logs/content_kl_kernelsize/runs/20260207_060134_krull_private_eye/atari_private_eye_vta_k1_seed0,/home/haselab/projects/stable-deep-world-model/logs/content_kl_kernelsize/runs/20260207_060134_krull_private_eye/atari_private_eye_vta_k1_seed0/latest.pt,/home/haselab/projects/stable-deep-world-model/logs/content_kl_kernelsize/runs/20260207_060134_krull_private_eye/atari_private_eye_vta_k1_seed0/train_eps/20260207T135356-623cc9838618413ab383254def4ae298-2699.npz,2376,2408,0.0,1.0841205710931945e-10,1.5841163396835327,2.893338680267334,0.0,3.7626280784606934,nan,nan,nan,nan
atari_private_eye,/home/haselab/projects/stable-deep-world-model/logs/content_kl_kernelsize/runs/20260207_060134_krull_private_eye/atari_private_eye_vta_k1_seed0,/home/haselab/projects/stable-deep-world-model/logs/content_kl_kernelsize/runs/20260207_060134_krull_private_eye/atari_private_eye_vta_k1_seed0/latest.pt,/home/haselab/projects/stable-deep-world-model/logs/content_kl_kernelsize/runs/20260207_060134_krull_private_eye/atari_private_eye_vta_k1_seed0/train_eps/20260207T135356-623cc9838618413ab383254def4ae298-2699.npz,2384,2416,0.0,1.7291088005855215e-10,1.5080857276916504,2.812893867492676,0.0,3.876739501953125,nan,nan,nan,nan
atari_private_eye,/home/haselab/projects/stable-deep-world-model/logs/content_kl_kernelsize/runs/20260207_060134_krull_private_eye/atari_private_eye_vta_k1_seed0,/home/haselab/projects/stable-deep-world-model/logs/content_kl_kernelsize/runs/20260207_060134_krull_private_eye/atari_private_eye_vta_k1_seed0/latest.pt,/home/haselab/projects/stable-deep-world-model/logs/content_kl_kernelsize/runs/20260207_060134_krull_private_eye/atari_private_eye_vta_k1_seed0/train_eps/20260207T135356-623cc9838618413ab383254def4ae298-2699.npz,2392,2424,0.0,2.0580395720948275e-10,1.5890748500823975,2.8483664989471436,0.0,3.944514513015747,nan,nan,nan,nan
atari_private_eye,/home/haselab/projects/stable-deep-world-model/logs/content_kl_kernelsize/runs/20260207_060134_krull_private_eye/atari_private_eye_vta_k1_seed0,/home/haselab/projects/stable-deep-world-model/logs/content_kl_kernelsize/runs/20260207_060134_krull_private_eye/atari_private_eye_vta_k1_seed0/latest.pt,/home/haselab/projects/stable-deep-world-model/logs/content_kl_kernelsize/runs/20260207_060134_krull_private_eye/atari_private_eye_vta_k1_seed0/train_eps/20260207T135356-623cc9838618413ab383254def4ae298-2699.npz,2400,2432,0.0,2.2728066650934409e-10,1.423994541168213,2.4317312240600586,0.0,3.4592337608337402,nan,nan,nan,nan
atari_private_eye,/home/haselab/projects/stable-deep-world-model/logs/content_kl_kernelsize/runs/20260207_060134_krull_private_eye/atari_private_eye_vta_k1_seed0,/home/haselab/projects/stable-deep-world-model/logs/content_kl_kernelsize/runs/20260207_060134_krull_private_eye/atari_private_eye_vta_k1_seed0/latest.pt,/home/haselab/projects/stable-deep-world-model/logs/content_kl_kernelsize/runs/20260207_060134_krull_private_eye/atari_private_eye_vta_k1_seed0/train_eps/20260207T135356-623cc9838618413ab383254def4ae298-2699.npz,2408,2440,0.0,1.3335578474826804e-10,1.383622169494629,2.500917911529541,0.0,3.4551985263824463,nan,nan,nan,nan
atari_private_eye,/home/haselab/projects/stable-deep-world-model/logs/content_kl_kernelsize/runs/20260207_060134_krull_private_eye/atari_private_eye_vta_k1_seed0,/home/haselab/projects/stable-deep-world-model/logs/content_kl_kernelsize/runs/20260207_060134_krull_private_eye/atari_private_eye_vta_k1_seed0/latest.pt,/home/haselab/projects/stable-deep-world-model/logs/content_kl_kernelsize/runs/20260207_060134_krull_private_eye/atari_private_eye_vta_k1_seed0/train_eps/20260207T135356-623cc9838618413ab383254def4ae298-2699.npz,2416,2448,0.0,6.895871373924223e-11,1.4325593709945679,2.4282820224761963,0.0,3.199124336242676,nan,nan,nan,nan
atari_private_eye,/home/haselab/projects/stable-deep-world-model/logs/content_kl_kernelsize/runs/20260207_060134_krull_private_eye/atari_private_eye_vta_k1_seed0,/home/haselab/projects/stable-deep-world-model/logs/content_kl_kernelsize/runs/20260207_060134_krull_private_eye/atari_private_eye_vta_k1_seed0/latest.pt,/home/haselab/projects/stable-deep-world-model/logs/content_kl_kernelsize/runs/20260207_060134_krull_private_eye/atari_private_eye_vta_k1_seed0/train_eps/20260207T135356-623cc9838618413ab383254def4ae298-2699.npz,2424,2456,0.0,6.519934592219556e-11,1.4115943908691406,2.411991596221924,0.0,3.1276841163635254,nan,nan,nan,nan
atari_private_eye,/home/haselab/projects/stable-deep-world-model/logs/content_kl_kernelsize/runs/20260207_060134_krull_private_eye/atari_private_eye_vta_k1_seed0,/home/haselab/projects/stable-deep-world-model/logs/content_kl_kernelsize/runs/20260207_060134_krull_private_eye/atari_private_eye_vta_k1_seed0/latest.pt,/home/haselab/projects/stable-deep-world-model/logs/content_kl_kernelsize/runs/20260207_060134_krull_private_eye/atari_private_eye_vta_k1_seed0/train_eps/20260207T135356-623cc9838618413ab383254def4ae298-2699.npz,2432,2464,0.0,6.967813825919933e-11,1.4008564949035645,2.398818016052246,0.0,3.1195876598358154,nan,nan,nan,nan
atari_private_eye,/home/haselab/projects/stable-deep-world-model/logs/content_kl_kernelsize/runs/20260207_060134_krull_private_eye/atari_private_eye_vta_k1_seed0,/home/haselab/projects/stable-deep-world-model/logs/content_kl_kernelsize/runs/20260207_060134_krull_private_eye/atari_private_eye_vta_k1_seed0/latest.pt,/home/haselab/projects/stable-deep-world-model/logs/content_kl_kernelsize/runs/20260207_060134_krull_private_eye/atari_private_eye_vta_k1_seed0/train_eps/20260207T135356-623cc9838618413ab383254def4ae298-2699.npz,2440,2472,0.0,9.94691828903882e-11,1.6362700462341309,2.5270237922668457,0.0,3.235032081604004,nan,nan,nan,nan
atari_private_eye,/home/haselab/projects/stable-deep-world-model/logs/content_kl_kernelsize/runs/20260207_060134_krull_private_eye/atari_private_eye_vta_k1_seed0,/home/haselab/projects/stable-deep-world-model/logs/content_kl_kernelsize/runs/20260207_060134_krull_private_eye/atari_private_eye_vta_k1_seed0/latest.pt,/home/haselab/projects/stable-deep-world-model/logs/content_kl_kernelsize/runs/20260207_060134_krull_private_eye/atari_private_eye_vta_k1_seed0/train_eps/20260207T135356-623cc9838618413ab383254def4ae298-2699.npz,2448,2480,0.0,1.1377573883031289e-10,1.6617424488067627,2.550307273864746,0.0,3.2365403175354004,nan,nan,nan,nan
atari_private_eye,/home/haselab/projects/stable-deep-world-model/logs/content_kl_kernelsize/runs/20260207_060134_krull_private_eye/atari_private_eye_vta_k1_seed0,/home/haselab/projects/stable-deep-world-model/logs/content_kl_kernelsize/runs/20260207_060134_krull_private_eye/atari_private_eye_vta_k1_seed0/latest.pt,/home/haselab/projects/stable-deep-world-model/logs/content_kl_kernelsize/runs/20260207_060134_krull_private_eye/atari_private_eye_vta_k1_seed0/train_eps/20260207T135356-623cc9838618413ab383254def4ae298-2699.npz,2456,2488,0.0,9.843192927405653e-11,1.4959338903427124,2.290313243865967,0.0,3.050060272216797,nan,nan,nan,nan
atari_private_eye,/home/haselab/projects/stable-deep-world-model/logs/content_kl_kernelsize/runs/20260207_060134_krull_private_eye/atari_private_eye_vta_k1_seed0,/home/haselab/projects/stable-deep-world-model/logs/content_kl_kernelsize/runs/20260207_060134_krull_private_eye/atari_private_eye_vta_k1_seed0/latest.pt,/home/haselab/projects/stable-deep-world-model/logs/content_kl_kernelsize/runs/20260207_060134_krull_private_eye/atari_private_eye_vta_k1_seed0/train_eps/20260207T135356-623cc9838618413ab383254def4ae298-2699.npz,2464,2496,0.0,1.2209810940078114e-10,1.6388120651245117,2.5085439682006836,0.0,3.1790733337402344,nan,nan,nan,nan
atari_private_eye,/home/haselab/projects/stable-deep-world-model/logs/content_kl_kernelsize/runs/20260207_060134_krull_private_eye/atari_private_eye_vta_k1_seed0,/home/haselab/projects/stable-deep-world-model/logs/content_kl_kernelsize/runs/20260207_060134_krull_private_eye/atari_private_eye_vta_k1_seed0/latest.pt,/home/haselab/projects/stable-deep-world-model/logs/content_kl_kernelsize/runs/20260207_060134_krull_private_eye/atari_private_eye_vta_k1_seed0/train_eps/20260207T135356-623cc9838618413ab383254def4ae298-2699.npz,2472,2504,0.0,9.673724321590527e-11,1.619521975517273,2.588557243347168,0.0,3.3034543991088867,nan,nan,nan,nan
atari_private_eye,/home/haselab/projects/stable-deep-world-model/logs/content_kl_kernelsize/runs/20260207_060134_krull_private_eye/atari_private_eye_vta_k1_seed0,/home/haselab/projects/stable-deep-world-model/logs/content_kl_kernelsize/runs/20260207_060134_krull_private_eye/atari_private_eye_vta_k1_seed0/latest.pt,/home/haselab/projects/stable-deep-world-model/logs/content_kl_kernelsize/runs/20260207_060134_krull_private_eye/atari_private_eye_vta_k1_seed0/train_eps/20260207T135356-623cc9838618413ab383254def4ae298-2699.npz,2480,2512,0.0,9.17846493253549e-11,1.5929447412490845,2.6170711517333984,0.0,3.400010108947754,nan,nan,nan,nan
atari_private_eye,/home/haselab/projects/stable-deep-world-model/logs/content_kl_kernelsize/runs/20260207_060134_krull_private_eye/atari_private_eye_vta_k1_seed0,/home/haselab/projects/stable-deep-world-model/logs/content_kl_kernelsize/runs/20260207_060134_krull_private_eye/atari_private_eye_vta_k1_seed0/latest.pt,/home/haselab/projects/stable-deep-world-model/logs/content_kl_kernelsize/runs/20260207_060134_krull_private_eye/atari_private_eye_vta_k1_seed0/train_eps/20260207T135356-623cc9838618413ab383254def4ae298-2699.npz,2488,2520,0.0,1.0809296513425437e-10,1.7764980792999268,2.9928088188171387,0.0,3.7460994720458984,nan,nan,nan,nan
atari_private_eye,/home/haselab/projects/stable-deep-world-model/logs/content_kl_kernelsize/runs/20260207_060134_krull_private_eye/atari_private_eye_vta_k1_seed0,/home/haselab/projects/stable-deep-world-model/logs/content_kl_kernelsize/runs/20260207_060134_krull_private_eye/atari_private_eye_vta_k1_seed0/latest.pt,/home/haselab/projects/stable-deep-world-model/logs/content_kl_kernelsize/runs/20260207_060134_krull_private_eye/atari_private_eye_vta_k1_seed0/train_eps/20260207T135356-623cc9838618413ab383254def4ae298-2699.npz,2496,2528,0.0,6.238926042456683e-11,1.7922286987304688,2.9675493240356445,0.0,3.721944808959961,nan,nan,nan,nan
atari_private_eye,/home/haselab/projects/stable-deep-world-model/logs/content_kl_kernelsize/runs/20260207_060134_krull_private_eye/atari_private_eye_vta_k1_seed0,/home/haselab/projects/stable-deep-world-model/logs/content_kl_kernelsize/runs/20260207_060134_krull_private_eye/atari_private_eye_vta_k1_seed0/latest.pt,/home/haselab/projects/stable-deep-world-model/logs/content_kl_kernelsize/runs/20260207_060134_krull_private_eye/atari_private_eye_vta_k1_seed0/train_eps/20260207T135356-623cc9838618413ab383254def4ae298-2699.npz,2504,2536,0.0,7.997191797670666e-11,1.7980462312698364,3.002835750579834,0.0,3.7525532245635986,nan,nan,nan,nan
atari_private_eye,/home/haselab/projects/stable-deep-world-model/logs/content_kl_kernelsize/runs/20260207_060134_krull_private_eye/atari_private_eye_vta_k1_seed0,/home/haselab/projects/stable-deep-world-model/logs/content_kl_kernelsize/runs/20260207_060134_krull_private_eye/atari_private_eye_vta_k1_seed0/latest.pt,/home/haselab/projects/stable-deep-world-model/logs/content_kl_kernelsize/runs/20260207_060134_krull_private_eye/atari_private_eye_vta_k1_seed0/train_eps/20260207T135356-623cc9838618413ab383254def4ae298-2699.npz,2512,2544,0.0,7.56156803838337e-11,1.8516228199005127,3.01706600189209,0.0,3.736830472946167,nan,nan,nan,nan
atari_private_eye,/home/haselab/projects/stable-deep-world-model/logs/content_kl_kernelsize/runs/20260207_060134_krull_private_eye/atari_private_eye_vta_k1_seed0,/home/haselab/projects/stable-deep-world-model/logs/content_kl_kernelsize/runs/20260207_060134_krull_private_eye/atari_private_eye_vta_k1_seed0/latest.pt,/home/haselab/projects/stable-deep-world-model/logs/content_kl_kernelsize/runs/20260207_060134_krull_private_eye/atari_private_eye_vta_k1_seed0/train_eps/20260207T135356-623cc9838618413ab383254def4ae298-2699.npz,2520,2552,0.0,5.2883079859622484e-11,1.8429675102233887,2.9331016540527344,0.0,3.619338274002075,nan,nan,nan,nan
atari_private_eye,/home/haselab/projects/stable-deep-world-model/logs/content_kl_kernelsize/runs/20260207_060134_krull_private_eye/atari_private_eye_vta_k1_seed0,/home/haselab/projects/stable-deep-world-model/logs/content_kl_kernelsize/runs/20260207_060134_krull_private_eye/atari_private_eye_vta_k1_seed0/latest.pt,/home/haselab/projects/stable-deep-world-model/logs/content_kl_kernelsize/runs/20260207_060134_krull_private_eye/atari_private_eye_vta_k1_seed0/train_eps/20260207T135356-623cc9838618413ab383254def4ae298-2699.npz,2528,2560,0.0,6.901314242302448e-11,1.8074939250946045,2.91251802444458,0.0,3.7650508880615234,nan,nan,nan,nan
atari_private_eye,/home/haselab/projects/stable-deep-world-model/logs/content_kl_kernelsize/runs/20260207_060134_krull_private_eye/atari_private_eye_vta_k1_seed0,/home/haselab/projects/stable-deep-world-model/logs/content_kl_kernelsize/runs/20260207_060134_krull_private_eye/atari_private_eye_vta_k1_seed0/latest.pt,/home/haselab/projects/stable-deep-world-model/logs/content_kl_kernelsize/runs/20260207_060134_krull_private_eye/atari_private_eye_vta_k1_seed0/train_eps/20260207T135356-623cc9838618413ab383254def4ae298-2699.npz,2536,2568,0.0,6.154809994995958e-11,1.7553865909576416,2.8365414142608643,0.0,3.7603261470794678,nan,nan,nan,nan
atari_private_eye,/home/haselab/projects/stable-deep-world-model/logs/content_kl_kernelsize/runs/20260207_060134_krull_private_eye/atari_private_eye_vta_k1_seed0,/home/haselab/projects/stable-deep-world-model/logs/content_kl_kernelsize/runs/20260207_060134_krull_private_eye/atari_private_eye_vta_k1_seed0/latest.pt,/home/haselab/projects/stable-deep-world-model/logs/content_kl_kernelsize/runs/20260207_060134_krull_private_eye/atari_private_eye_vta_k1_seed0/train_eps/20260207T135356-623cc9838618413ab383254def4ae298-2699.npz,2544,2576,0.0,5.66736102491916e-11,1.650375485420227,2.651179313659668,0.0,3.5327847003936768,nan,nan,nan,nan
atari_private_eye,/home/haselab/projects/stable-deep-world-model/logs/content_kl_kernelsize/runs/20260207_060134_krull_private_eye/atari_private_eye_vta_k1_seed0,/home/haselab/projects/stable-deep-world-model/logs/content_kl_kernelsize/runs/20260207_060134_krull_private_eye/atari_private_eye_vta_k1_seed0/latest.pt,/home/haselab/projects/stable-deep-world-model/logs/content_kl_kernelsize/runs/20260207_060134_krull_private_eye/atari_private_eye_vta_k1_seed0/train_eps/20260207T135356-623cc9838618413ab383254def4ae298-2699.npz,2552,2584,0.0,4.819956239687784e-11,1.6622951030731201,2.5865752696990967,0.0,3.419952869415283,nan,nan,nan,nan
atari_private_eye,/home/haselab/projects/stable-deep-world-model/logs/content_kl_kernelsize/runs/20260207_060134_krull_private_eye/atari_private_eye_vta_k1_seed0,/home/haselab/projects/stable-deep-world-model/logs/content_kl_kernelsize/runs/20260207_060134_krull_private_eye/atari_private_eye_vta_k1_seed0/latest.pt,/home/haselab/projects/stable-deep-world-model/logs/content_kl_kernelsize/runs/20260207_060134_krull_private_eye/atari_private_eye_vta_k1_seed0/train_eps/20260207T135356-623cc9838618413ab383254def4ae298-2699.npz,2560,2592,0.0,2.5720894164527053e-11,1.6791160106658936,2.69649076461792,0.0,3.374840259552002,nan,nan,nan,nan
atari_private_eye,/home/haselab/projects/stable-deep-world-model/logs/content_kl_kernelsize/runs/20260207_060134_krull_private_eye/atari_private_eye_vta_k1_seed0,/home/haselab/projects/stable-deep-world-model/logs/content_kl_kernelsize/runs/20260207_060134_krull_private_eye/atari_private_eye_vta_k1_seed0/latest.pt,/home/haselab/projects/stable-deep-world-model/logs/content_kl_kernelsize/runs/20260207_060134_krull_private_eye/atari_private_eye_vta_k1_seed0/train_eps/20260207T135356-623cc9838618413ab383254def4ae298-2699.npz,2568,2600,0.0,1.0777568074105126e-11,1.6738066673278809,2.683206081390381,0.0,3.341920852661133,nan,nan,nan,nan
atari_private_eye,/home/haselab/projects/stable-deep-world-model/logs/content_kl_kernelsize/runs/20260207_060134_krull_private_eye/atari_private_eye_vta_k1_seed0,/home/haselab/projects/stable-deep-world-model/logs/content_kl_kernelsize/runs/20260207_060134_krull_private_eye/atari_private_eye_vta_k1_seed0/latest.pt,/home/haselab/projects/stable-deep-world-model/logs/content_kl_kernelsize/runs/20260207_060134_krull_private_eye/atari_private_eye_vta_k1_seed0/train_eps/20260207T135356-623cc9838618413ab383254def4ae298-2699.npz,2576,2608,0.0,1.2097730803239948e-11,1.6082487106323242,2.6206607818603516,0.0,3.367685556411743,nan,nan,nan,nan
atari_private_eye,/home/haselab/projects/stable-deep-world-model/logs/content_kl_kernelsize/runs/20260207_060134_krull_private_eye/atari_private_eye_vta_k1_seed0,/home/haselab/projects/stable-deep-world-model/logs/content_kl_kernelsize/runs/20260207_060134_krull_private_eye/atari_private_eye_vta_k1_seed0/latest.pt,/home/haselab/projects/stable-deep-world-model/logs/content_kl_kernelsize/runs/20260207_060134_krull_private_eye/atari_private_eye_vta_k1_seed0/train_eps/20260207T135356-623cc9838618413ab383254def4ae298-2699.npz,2584,2616,0.0,8.028180550900821e-12,1.459328532218933,2.545560598373413,0.0,3.318284034729004,nan,nan,nan,nan
atari_private_eye,/home/haselab/projects/stable-deep-world-model/logs/content_kl_kernelsize/runs/20260207_060134_krull_private_eye/atari_private_eye_vta_k1_seed0,/home/haselab/projects/stable-deep-world-model/logs/content_kl_kernelsize/runs/20260207_060134_krull_private_eye/atari_private_eye_vta_k1_seed0/latest.pt,/home/haselab/projects/stable-deep-world-model/logs/content_kl_kernelsize/runs/20260207_060134_krull_private_eye/atari_private_eye_vta_k1_seed0/train_eps/20260207T135356-623cc9838618413ab383254def4ae298-2699.npz,2592,2624,0.0,6.436685819760646e-12,1.3620121479034424,2.4262990951538086,0.0,3.1927201747894287,nan,nan,nan,nan
atari_private_eye,/home/haselab/projects/stable-deep-world-model/logs/content_kl_kernelsize/runs/20260207_060134_krull_private_eye/atari_private_eye_vta_k1_seed0,/home/haselab/projects/stable-deep-world-model/logs/content_kl_kernelsize/runs/20260207_060134_krull_private_eye/atari_private_eye_vta_k1_seed0/latest.pt,/home/haselab/projects/stable-deep-world-model/logs/content_kl_kernelsize/runs/20260207_060134_krull_private_eye/atari_private_eye_vta_k1_seed0/train_eps/20260207T135356-623cc9838618413ab383254def4ae298-2699.npz,2600,2632,0.0,8.257231703945322e-12,1.415855884552002,2.3943142890930176,0.0,3.1216254234313965,nan,nan,nan,nan
atari_private_eye,/home/haselab/projects/stable-deep-world-model/logs/content_kl_kernelsize/runs/20260207_060134_krull_private_eye/atari_private_eye_vta_k1_seed0,/home/haselab/projects/stable-deep-world-model/logs/content_kl_kernelsize/runs/20260207_060134_krull_private_eye/atari_private_eye_vta_k1_seed0/latest.pt,/home/haselab/projects/stable-deep-world-model/logs/content_kl_kernelsize/runs/20260207_060134_krull_private_eye/atari_private_eye_vta_k1_seed0/train_eps/20260207T135356-623cc9838618413ab383254def4ae298-2699.npz,2608,2640,0.0,5.975287539067287e-12,1.5593873262405396,2.6751294136047363,0.0,3.3534157276153564,nan,nan,nan,nan
atari_private_eye,/home/haselab/projects/stable-deep-world-model/logs/content_kl_kernelsize/runs/20260207_060134_krull_private_eye/atari_private_eye_vta_k1_seed0,/home/haselab/projects/stable-deep-world-model/logs/content_kl_kernelsize/runs/20260207_060134_krull_private_eye/atari_private_eye_vta_k1_seed0/latest.pt,/home/haselab/projects/stable-deep-world-model/logs/content_kl_kernelsize/runs/20260207_060134_krull_private_eye/atari_private_eye_vta_k1_seed0/train_eps/20260207T135356-623cc9838618413ab383254def4ae298-2699.npz,2616,2648,0.0,8.115855210100165e-12,1.6434465646743774,2.767848253250122,0.0,3.4542272090911865,nan,nan,nan,nan
atari_private_eye,/home/haselab/projects/stable-deep-world-model/logs/content_kl_kernelsize/runs/20260207_060134_krull_private_eye/atari_private_eye_vta_k1_seed0,/home/haselab/projects/stable-deep-world-model/logs/content_kl_kernelsize/runs/20260207_060134_krull_private_eye/atari_private_eye_vta_k1_seed0/latest.pt,/home/haselab/projects/stable-deep-world-model/logs/content_kl_kernelsize/runs/20260207_060134_krull_private_eye/atari_private_eye_vta_k1_seed0/train_eps/20260207T135356-623cc9838618413ab383254def4ae298-2699.npz,2624,2656,0.0,7.310858515796603e-12,1.755676031112671,2.884106159210205,0.0,3.6485681533813477,nan,nan,nan,nan
atari_private_eye,/home/haselab/projects/stable-deep-world-model/logs/content_kl_kernelsize/runs/20260207_060134_krull_private_eye/atari_private_eye_vta_k1_seed0,/home/haselab/projects/stable-deep-world-model/logs/content_kl_kernelsize/runs/20260207_060134_krull_private_eye/atari_private_eye_vta_k1_seed0/latest.pt,/home/haselab/projects/stable-deep-world-model/logs/content_kl_kernelsize/runs/20260207_060134_krull_private_eye/atari_private_eye_vta_k1_seed0/train_eps/20260207T135356-623cc9838618413ab383254def4ae298-2699.npz,2632,2664,0.0,6.098544846205867e-12,1.7540147304534912,2.995866060256958,0.0,3.7686500549316406,nan,nan,nan,nan
atari_private_eye,/home/haselab/projects/stable-deep-world-model/logs/content_kl_kernelsize/runs/20260207_060134_krull_private_eye/atari_private_eye_vta_k1_seed0,/home/haselab/projects/stable-deep-world-model/logs/content_kl_kernelsize/runs/20260207_060134_krull_private_eye/atari_private_eye_vta_k1_seed0/latest.pt,/home/haselab/projects/stable-deep-world-model/logs/content_kl_kernelsize/runs/20260207_060134_krull_private_eye/atari_private_eye_vta_k1_seed0/train_eps/20260207T135356-623cc9838618413ab383254def4ae298-2699.npz,2640,2672,0.0,4.73135549836079e-12,1.6965768337249756,3.0063230991363525,0.0,3.819422721862793,nan,nan,nan,nan
atari_private_eye,/home/haselab/projects/stable-deep-world-model/logs/content_kl_kernelsize/runs/20260207_060134_krull_private_eye/atari_private_eye_vta_k1_seed0,/home/haselab/projects/stable-deep-world-model/logs/content_kl_kernelsize/runs/20260207_060134_krull_private_eye/atari_private_eye_vta_k1_seed0/latest.pt,/home/haselab/projects/stable-deep-world-model/logs/content_kl_kernelsize/runs/20260207_060134_krull_private_eye/atari_private_eye_vta_k1_seed0/train_eps/20260207T135356-623cc9838618413ab383254def4ae298-2699.npz,2648,2680,0.0,3.64626297905124e-12,1.6639559268951416,2.873609781265259,0.0,3.8059911727905273,nan,nan,nan,nan
atari_private_eye,/home/haselab/projects/stable-deep-world-model/logs/content_kl_kernelsize/runs/20260207_060134_krull_private_eye/atari_private_eye_vta_k1_seed0,/home/haselab/projects/stable-deep-world-model/logs/content_kl_kernelsize/runs/20260207_060134_krull_private_eye/atari_private_eye_vta_k1_seed0/latest.pt,/home/haselab/projects/stable-deep-world-model/logs/content_kl_kernelsize/runs/20260207_060134_krull_private_eye/atari_private_eye_vta_k1_seed0/train_eps/20260207T135356-623cc9838618413ab383254def4ae298-2699.npz,2656,2688,0.0,6.382771047808156e-12,1.6187915802001953,2.8465993404388428,0.0,3.7761573791503906,nan,nan,nan,nan
atari_private_eye,/home/haselab/projects/stable-deep-world-model/logs/content_kl_kernelsize/runs/20260207_060134_krull_private_eye/atari_private_eye_vta_k1_seed0,/home/haselab/projects/stable-deep-world-model/logs/content_kl_kernelsize/runs/20260207_060134_krull_private_eye/atari_private_eye_vta_k1_seed0/latest.pt,/home/haselab/projects/stable-deep-world-model/logs/content_kl_kernelsize/runs/20260207_060134_krull_private_eye/atari_private_eye_vta_k1_seed0/train_eps/20260207T135356-623cc9838618413ab383254def4ae298-2699.npz,2664,2696,0.0,6.751581065056467e-12,1.5808205604553223,2.818591356277466,0.0,3.7849280834198,nan,nan,nan,nan
