task,logdir,ckpt,episode,window_start,window_end,boundary_rate,read_prob_mean,abs_l2_mean,obs_l2_mean,abs_stoch_l2_mean,obs_stoch_l2_mean,abs_l2_read_mean,obs_l2_read_mean,abs_stoch_l2_read_mean,obs_stoch_l2_read_mean
atari_private_eye,/home/haselab/murakawa/stable-deep-world-model/logdir/atari_private_eye_vta_20260108_185758,/home/haselab/murakawa/stable-deep-world-model/logdir/atari_private_eye_vta_20260108_185758/latest.pt,/home/haselab/murakawa/stable-deep-world-model/logdir/atari_private_eye_vta_20260108_185758/train_eps/20260109T132052-aea21edf924748b7af34daa02366cf5f-2699.npz,0,20,0.0,1.092635462603519e-25,2.605219841003418,6.200451374053955,0.0,6.778689384460449,nan,nan,nan,nan
atari_private_eye,/home/haselab/murakawa/stable-deep-world-model/logdir/atari_private_eye_vta_20260108_185758,/home/haselab/murakawa/stable-deep-world-model/logdir/atari_private_eye_vta_20260108_185758/latest.pt,/home/haselab/murakawa/stable-deep-world-model/logdir/atari_private_eye_vta_20260108_185758/train_eps/20260109T132052-aea21edf924748b7af34daa02366cf5f-2699.npz,5,25,0.0,5.9358911664186134e-24,2.519291877746582,5.845433235168457,0.0,6.29098653793335,nan,nan,nan,nan
atari_private_eye,/home/haselab/murakawa/stable-deep-world-model/logdir/atari_private_eye_vta_20260108_185758,/home/haselab/murakawa/stable-deep-world-model/logdir/atari_private_eye_vta_20260108_185758/latest.pt,/home/haselab/murakawa/stable-deep-world-model/logdir/atari_private_eye_vta_20260108_185758/train_eps/20260109T132052-aea21edf924748b7af34daa02366cf5f-2699.npz,10,30,0.0,5.448888304908437e-16,2.159027338027954,4.840206623077393,0.0,5.33663272857666,nan,nan,nan,nan
atari_private_eye,/home/haselab/murakawa/stable-deep-world-model/logdir/atari_private_eye_vta_20260108_185758,/home/haselab/murakawa/stable-deep-world-model/logdir/atari_private_eye_vta_20260108_185758/latest.pt,/home/haselab/murakawa/stable-deep-world-model/logdir/atari_private_eye_vta_20260108_185758/train_eps/20260109T132052-aea21edf924748b7af34daa02366cf5f-2699.npz,15,35,0.0,9.612773630481714e-15,1.8535140752792358,3.8364436626434326,0.0,4.31706428527832,nan,nan,nan,nan
atari_private_eye,/home/haselab/murakawa/stable-deep-world-model/logdir/atari_private_eye_vta_20260108_185758,/home/haselab/murakawa/stable-deep-world-model/logdir/atari_private_eye_vta_20260108_185758/latest.pt,/home/haselab/murakawa/stable-deep-world-model/logdir/atari_private_eye_vta_20260108_185758/train_eps/20260109T132052-aea21edf924748b7af34daa02366cf5f-2699.npz,20,40,0.0,9.616135504249366e-15,1.5374534130096436,3.0369560718536377,0.0,3.5539374351501465,nan,nan,nan,nan
atari_private_eye,/home/haselab/murakawa/stable-deep-world-model/logdir/atari_private_eye_vta_20260108_185758,/home/haselab/murakawa/stable-deep-world-model/logdir/atari_private_eye_vta_20260108_185758/latest.pt,/home/haselab/murakawa/stable-deep-world-model/logdir/atari_private_eye_vta_20260108_185758/train_eps/20260109T132052-aea21edf924748b7af34daa02366cf5f-2699.npz,25,45,0.0,9.97491324971787e-15,1.4855797290802002,2.5971317291259766,0.0,3.1673848628997803,nan,nan,nan,nan
atari_private_eye,/home/haselab/murakawa/stable-deep-world-model/logdir/atari_private_eye_vta_20260108_185758,/home/haselab/murakawa/stable-deep-world-model/logdir/atari_private_eye_vta_20260108_185758/latest.pt,/home/haselab/murakawa/stable-deep-world-model/logdir/atari_private_eye_vta_20260108_185758/train_eps/20260109T132052-aea21edf924748b7af34daa02366cf5f-2699.npz,30,50,0.05,0.05000000074505806,1.6152927875518799,2.7773613929748535,0.2751001715660095,3.2978503704071045,1.4006454944610596,2.9351954460144043,5.502003192901611,3.6054811477661133
atari_private_eye,/home/haselab/murakawa/stable-deep-world-model/logdir/atari_private_eye_vta_20260108_185758,/home/haselab/murakawa/stable-deep-world-model/logdir/atari_private_eye_vta_20260108_185758/latest.pt,/home/haselab/murakawa/stable-deep-world-model/logdir/atari_private_eye_vta_20260108_185758/train_eps/20260109T132052-aea21edf924748b7af34daa02366cf5f-2699.npz,35,55,0.05,0.05000000074505806,1.6796897649765015,2.8420166969299316,0.2751001715660095,3.3867366313934326,1.4006454944610596,2.9351954460144043,5.502003192901611,3.6054811477661133
atari_private_eye,/home/haselab/murakawa/stable-deep-world-model/logdir/atari_private_eye_vta_20260108_185758,/home/haselab/murakawa/stable-deep-world-model/logdir/atari_private_eye_vta_20260108_185758/latest.pt,/home/haselab/murakawa/stable-deep-world-model/logdir/atari_private_eye_vta_20260108_185758/train_eps/20260109T132052-aea21edf924748b7af34daa02366cf5f-2699.npz,40,60,0.05,0.05000000074505806,1.9739093780517578,3.6973495483398438,0.2751001715660095,4.235951900482178,1.4006454944610596,2.9351954460144043,5.502003192901611,3.6054811477661133
atari_private_eye,/home/haselab/murakawa/stable-deep-world-model/logdir/atari_private_eye_vta_20260108_185758,/home/haselab/murakawa/stable-deep-world-model/logdir/atari_private_eye_vta_20260108_185758/latest.pt,/home/haselab/murakawa/stable-deep-world-model/logdir/atari_private_eye_vta_20260108_185758/train_eps/20260109T132052-aea21edf924748b7af34daa02366cf5f-2699.npz,45,65,0.05,0.05000000074505806,1.7992448806762695,3.442072629928589,0.2751001715660095,4.149026870727539,1.4006454944610596,2.9351954460144043,5.502003192901611,3.6054811477661133
atari_private_eye,/home/haselab/murakawa/stable-deep-world-model/logdir/atari_private_eye_vta_20260108_185758,/home/haselab/murakawa/stable-deep-world-model/logdir/atari_private_eye_vta_20260108_185758/latest.pt,/home/haselab/murakawa/stable-deep-world-model/logdir/atari_private_eye_vta_20260108_185758/train_eps/20260109T132052-aea21edf924748b7af34daa02366cf5f-2699.npz,50,70,0.0,8.738920973139382e-16,1.6983810663223267,3.312412977218628,0.0,4.059058666229248,nan,nan,nan,nan
atari_private_eye,/home/haselab/murakawa/stable-deep-world-model/logdir/atari_private_eye_vta_20260108_185758,/home/haselab/murakawa/stable-deep-world-model/logdir/atari_private_eye_vta_20260108_185758/latest.pt,/home/haselab/murakawa/stable-deep-world-model/logdir/atari_private_eye_vta_20260108_185758/train_eps/20260109T132052-aea21edf924748b7af34daa02366cf5f-2699.npz,55,75,0.0,8.472583257809058e-14,1.8077147006988525,3.5411906242370605,0.0,4.214356422424316,nan,nan,nan,nan
atari_private_eye,/home/haselab/murakawa/stable-deep-world-model/logdir/atari_private_eye_vta_20260108_185758,/home/haselab/murakawa/stable-deep-world-model/logdir/atari_private_eye_vta_20260108_185758/latest.pt,/home/haselab/murakawa/stable-deep-world-model/logdir/atari_private_eye_vta_20260108_185758/train_eps/20260109T132052-aea21edf924748b7af34daa02366cf5f-2699.npz,60,80,0.0,8.478910255111868e-14,1.5950847864151,2.765315055847168,0.0,3.492603302001953,nan,nan,nan,nan
atari_private_eye,/home/haselab/murakawa/stable-deep-world-model/logdir/atari_private_eye_vta_20260108_185758,/home/haselab/murakawa/stable-deep-world-model/logdir/atari_private_eye_vta_20260108_185758/latest.pt,/home/haselab/murakawa/stable-deep-world-model/logdir/atari_private_eye_vta_20260108_185758/train_eps/20260109T132052-aea21edf924748b7af34daa02366cf5f-2699.npz,65,85,0.0,8.429602095559943e-14,1.6409709453582764,2.7019710540771484,0.0,3.34490704536438,nan,nan,nan,nan
atari_private_eye,/home/haselab/murakawa/stable-deep-world-model/logdir/atari_private_eye_vta_20260108_185758,/home/haselab/murakawa/stable-deep-world-model/logdir/atari_private_eye_vta_20260108_185758/latest.pt,/home/haselab/murakawa/stable-deep-world-model/logdir/atari_private_eye_vta_20260108_185758/train_eps/20260109T132052-aea21edf924748b7af34daa02366cf5f-2699.npz,70,90,0.0,8.396324542754574e-14,1.8111921548843384,3.0174293518066406,0.0,3.585266590118408,nan,nan,nan,nan
atari_private_eye,/home/haselab/murakawa/stable-deep-world-model/logdir/atari_private_eye_vta_20260108_185758,/home/haselab/murakawa/stable-deep-world-model/logdir/atari_private_eye_vta_20260108_185758/latest.pt,/home/haselab/murakawa/stable-deep-world-model/logdir/atari_private_eye_vta_20260108_185758/train_eps/20260109T132052-aea21edf924748b7af34daa02366cf5f-2699.npz,75,95,0.0,2.7519430770868295e-16,1.731894850730896,2.958357334136963,0.0,3.482658863067627,nan,nan,nan,nan
atari_private_eye,/home/haselab/murakawa/stable-deep-world-model/logdir/atari_private_eye_vta_20260108_185758,/home/haselab/murakawa/stable-deep-world-model/logdir/atari_private_eye_vta_20260108_185758/latest.pt,/home/haselab/murakawa/stable-deep-world-model/logdir/atari_private_eye_vta_20260108_185758/train_eps/20260109T132052-aea21edf924748b7af34daa02366cf5f-2699.npz,80,100,0.05,0.05000000074505806,1.767007827758789,3.0596823692321777,0.37790265679359436,3.50642728805542,1.8583788871765137,5.215570449829102,7.558053016662598,5.462901592254639
atari_private_eye,/home/haselab/murakawa/stable-deep-world-model/logdir/atari_private_eye_vta_20260108_185758,/home/haselab/murakawa/stable-deep-world-model/logdir/atari_private_eye_vta_20260108_185758/latest.pt,/home/haselab/murakawa/stable-deep-world-model/logdir/atari_private_eye_vta_20260108_185758/train_eps/20260109T132052-aea21edf924748b7af34daa02366cf5f-2699.npz,85,105,0.05,0.05000000074505806,1.8606582880020142,3.453202486038208,0.37790265679359436,3.8717739582061768,1.8583788871765137,5.215570449829102,7.558053016662598,5.462901592254639
atari_private_eye,/home/haselab/murakawa/stable-deep-world-model/logdir/atari_private_eye_vta_20260108_185758,/home/haselab/murakawa/stable-deep-world-model/logdir/atari_private_eye_vta_20260108_185758/latest.pt,/home/haselab/murakawa/stable-deep-world-model/logdir/atari_private_eye_vta_20260108_185758/train_eps/20260109T132052-aea21edf924748b7af34daa02366cf5f-2699.npz,90,110,0.05,0.05000000074505806,1.725259780883789,3.231031894683838,0.37790265679359436,3.718721866607666,1.8583788871765137,5.215570449829102,7.558053016662598,5.462901592254639
atari_private_eye,/home/haselab/murakawa/stable-deep-world-model/logdir/atari_private_eye_vta_20260108_185758,/home/haselab/murakawa/stable-deep-world-model/logdir/atari_private_eye_vta_20260108_185758/latest.pt,/home/haselab/murakawa/stable-deep-world-model/logdir/atari_private_eye_vta_20260108_185758/train_eps/20260109T132052-aea21edf924748b7af34daa02366cf5f-2699.npz,95,115,0.05,0.05000000074505806,1.6026475429534912,2.942836284637451,0.37790265679359436,3.5634007453918457,1.8583788871765137,5.215570449829102,7.558053016662598,5.462901592254639
atari_private_eye,/home/haselab/murakawa/stable-deep-world-model/logdir/atari_private_eye_vta_20260108_185758,/home/haselab/murakawa/stable-deep-world-model/logdir/atari_private_eye_vta_20260108_185758/latest.pt,/home/haselab/murakawa/stable-deep-world-model/logdir/atari_private_eye_vta_20260108_185758/train_eps/20260109T132052-aea21edf924748b7af34daa02366cf5f-2699.npz,100,120,0.0,1.729446392952777e-13,1.4394091367721558,2.7319891452789307,0.0,3.389709949493408,nan,nan,nan,nan
atari_private_eye,/home/haselab/murakawa/stable-deep-world-model/logdir/atari_private_eye_vta_20260108_185758,/home/haselab/murakawa/stable-deep-world-model/logdir/atari_private_eye_vta_20260108_185758/latest.pt,/home/haselab/murakawa/stable-deep-world-model/logdir/atari_private_eye_vta_20260108_185758/train_eps/20260109T132052-aea21edf924748b7af34daa02366cf5f-2699.npz,105,125,0.0,4.18659291262502e-12,1.289116382598877,2.429624319076538,0.0,3.1393468379974365,nan,nan,nan,nan
atari_private_eye,/home/haselab/murakawa/stable-deep-world-model/logdir/atari_private_eye_vta_20260108_185758,/home/haselab/murakawa/stable-deep-world-model/logdir/atari_private_eye_vta_20260108_185758/latest.pt,/home/haselab/murakawa/stable-deep-world-model/logdir/atari_private_eye_vta_20260108_185758/train_eps/20260109T132052-aea21edf924748b7af34daa02366cf5f-2699.npz,110,130,0.0,4.189690261391377e-12,1.2821145057678223,2.245340585708618,0.0,3.0335936546325684,nan,nan,nan,nan
atari_private_eye,/home/haselab/murakawa/stable-deep-world-model/logdir/atari_private_eye_vta_20260108_185758,/home/haselab/murakawa/stable-deep-world-model/logdir/atari_private_eye_vta_20260108_185758/latest.pt,/home/haselab/murakawa/stable-deep-world-model/logdir/atari_private_eye_vta_20260108_185758/train_eps/20260109T132052-aea21edf924748b7af34daa02366cf5f-2699.npz,115,135,0.0,4.059602046885269e-12,1.2951728105545044,2.3147757053375244,0.0,3.037682294845581,nan,nan,nan,nan
atari_private_eye,/home/haselab/murakawa/stable-deep-world-model/logdir/atari_private_eye_vta_20260108_185758,/home/haselab/murakawa/stable-deep-world-model/logdir/atari_private_eye_vta_20260108_185758/latest.pt,/home/haselab/murakawa/stable-deep-world-model/logdir/atari_private_eye_vta_20260108_185758/train_eps/20260109T132052-aea21edf924748b7af34daa02366cf5f-2699.npz,120,140,0.0,4.031859915376579e-12,1.2299848794937134,2.112401247024536,0.0,2.9523463249206543,nan,nan,nan,nan
atari_private_eye,/home/haselab/murakawa/stable-deep-world-model/logdir/atari_private_eye_vta_20260108_185758,/home/haselab/murakawa/stable-deep-world-model/logdir/atari_private_eye_vta_20260108_185758/latest.pt,/home/haselab/murakawa/stable-deep-world-model/logdir/atari_private_eye_vta_20260108_185758/train_eps/20260109T132052-aea21edf924748b7af34daa02366cf5f-2699.npz,125,145,0.0,1.3865025562398176e-14,1.2542939186096191,2.2150862216949463,0.0,3.001875638961792,nan,nan,nan,nan
atari_private_eye,/home/haselab/murakawa/stable-deep-world-model/logdir/atari_private_eye_vta_20260108_185758,/home/haselab/murakawa/stable-deep-world-model/logdir/atari_private_eye_vta_20260108_185758/latest.pt,/home/haselab/murakawa/stable-deep-world-model/logdir/atari_private_eye_vta_20260108_185758/train_eps/20260109T132052-aea21edf924748b7af34daa02366cf5f-2699.npz,130,150,0.05,0.05000000074505806,1.327892541885376,2.5842509269714355,0.3555906116962433,3.2331995964050293,3.4879329204559326,6.100854873657227,7.111812114715576,6.117300510406494
atari_private_eye,/home/haselab/murakawa/stable-deep-world-model/logdir/atari_private_eye_vta_20260108_185758,/home/haselab/murakawa/stable-deep-world-model/logdir/atari_private_eye_vta_20260108_185758/latest.pt,/home/haselab/murakawa/stable-deep-world-model/logdir/atari_private_eye_vta_20260108_185758/train_eps/20260109T132052-aea21edf924748b7af34daa02366cf5f-2699.npz,135,155,0.05,0.05000000074505806,1.250951886177063,2.5713868141174316,0.3555906116962433,3.3385205268859863,3.4879329204559326,6.100854873657227,7.111812114715576,6.117300510406494
atari_private_eye,/home/haselab/murakawa/stable-deep-world-model/logdir/atari_private_eye_vta_20260108_185758,/home/haselab/murakawa/stable-deep-world-model/logdir/atari_private_eye_vta_20260108_185758/latest.pt,/home/haselab/murakawa/stable-deep-world-model/logdir/atari_private_eye_vta_20260108_185758/train_eps/20260109T132052-aea21edf924748b7af34daa02366cf5f-2699.npz,140,160,0.05,0.05000000074505806,1.3447530269622803,2.7204856872558594,0.3555906116962433,3.633147716522217,3.4879329204559326,6.100854873657227,7.111812114715576,6.117300510406494
atari_private_eye,/home/haselab/murakawa/stable-deep-world-model/logdir/atari_private_eye_vta_20260108_185758,/home/haselab/murakawa/stable-deep-world-model/logdir/atari_private_eye_vta_20260108_185758/latest.pt,/home/haselab/murakawa/stable-deep-world-model/logdir/atari_private_eye_vta_20260108_185758/train_eps/20260109T132052-aea21edf924748b7af34daa02366cf5f-2699.npz,145,165,0.05,0.05000000074505806,1.3073244094848633,2.6788182258605957,0.3555906116962433,3.7045130729675293,3.4879329204559326,6.100854873657227,7.111812114715576,6.117300510406494
atari_private_eye,/home/haselab/murakawa/stable-deep-world-model/logdir/atari_private_eye_vta_20260108_185758,/home/haselab/murakawa/stable-deep-world-model/logdir/atari_private_eye_vta_20260108_185758/latest.pt,/home/haselab/murakawa/stable-deep-world-model/logdir/atari_private_eye_vta_20260108_185758/train_eps/20260109T132052-aea21edf924748b7af34daa02366cf5f-2699.npz,150,170,0.0,1.7900025666502968e-16,1.1560933589935303,2.366024971008301,0.0,3.4423580169677734,nan,nan,nan,nan
atari_private_eye,/home/haselab/murakawa/stable-deep-world-model/logdir/atari_private_eye_vta_20260108_185758,/home/haselab/murakawa/stable-deep-world-model/logdir/atari_private_eye_vta_20260108_185758/latest.pt,/home/haselab/murakawa/stable-deep-world-model/logdir/atari_private_eye_vta_20260108_185758/train_eps/20260109T132052-aea21edf924748b7af34daa02366cf5f-2699.npz,155,175,0.0,1.7807176297105116e-16,1.2579538822174072,2.388535737991333,0.0,3.392739772796631,nan,nan,nan,nan
atari_private_eye,/home/haselab/murakawa/stable-deep-world-model/logdir/atari_private_eye_vta_20260108_185758,/home/haselab/murakawa/stable-deep-world-model/logdir/atari_private_eye_vta_20260108_185758/latest.pt,/home/haselab/murakawa/stable-deep-world-model/logdir/atari_private_eye_vta_20260108_185758/train_eps/20260109T132052-aea21edf924748b7af34daa02366cf5f-2699.npz,160,180,0.0,1.735985819766012e-16,1.234062910079956,2.330751419067383,0.0,3.1542811393737793,nan,nan,nan,nan
atari_private_eye,/home/haselab/murakawa/stable-deep-world-model/logdir/atari_private_eye_vta_20260108_185758,/home/haselab/murakawa/stable-deep-world-model/logdir/atari_private_eye_vta_20260108_185758/latest.pt,/home/haselab/murakawa/stable-deep-world-model/logdir/atari_private_eye_vta_20260108_185758/train_eps/20260109T132052-aea21edf924748b7af34daa02366cf5f-2699.npz,165,185,0.0,1.8651561273782512e-17,1.1690922975540161,2.359281063079834,0.0,3.1256744861602783,nan,nan,nan,nan
atari_private_eye,/home/haselab/murakawa/stable-deep-world-model/logdir/atari_private_eye_vta_20260108_185758,/home/haselab/murakawa/stable-deep-world-model/logdir/atari_private_eye_vta_20260108_185758/latest.pt,/home/haselab/murakawa/stable-deep-world-model/logdir/atari_private_eye_vta_20260108_185758/train_eps/20260109T132052-aea21edf924748b7af34daa02366cf5f-2699.npz,170,190,0.0,6.077174199440927e-17,1.2941008806228638,2.460099220275879,0.0,3.1902661323547363,nan,nan,nan,nan
atari_private_eye,/home/haselab/murakawa/stable-deep-world-model/logdir/atari_private_eye_vta_20260108_185758,/home/haselab/murakawa/stable-deep-world-model/logdir/atari_private_eye_vta_20260108_185758/latest.pt,/home/haselab/murakawa/stable-deep-world-model/logdir/atari_private_eye_vta_20260108_185758/train_eps/20260109T132052-aea21edf924748b7af34daa02366cf5f-2699.npz,175,195,0.0,2.228147166927631e-16,1.263268232345581,2.503958225250244,0.0,3.2516322135925293,nan,nan,nan,nan
atari_private_eye,/home/haselab/murakawa/stable-deep-world-model/logdir/atari_private_eye_vta_20260108_185758,/home/haselab/murakawa/stable-deep-world-model/logdir/atari_private_eye_vta_20260108_185758/latest.pt,/home/haselab/murakawa/stable-deep-world-model/logdir/atari_private_eye_vta_20260108_185758/train_eps/20260109T132052-aea21edf924748b7af34daa02366cf5f-2699.npz,180,200,0.05,0.05000000074505806,1.2621185779571533,2.6364033222198486,0.18590210378170013,3.3713932037353516,1.5434296131134033,3.74653697013855,3.7180421352386475,4.031235218048096
atari_private_eye,/home/haselab/murakawa/stable-deep-world-model/logdir/atari_private_eye_vta_20260108_185758,/home/haselab/murakawa/stable-deep-world-model/logdir/atari_private_eye_vta_20260108_185758/latest.pt,/home/haselab/murakawa/stable-deep-world-model/logdir/atari_private_eye_vta_20260108_185758/train_eps/20260109T132052-aea21edf924748b7af34daa02366cf5f-2699.npz,185,205,0.05,0.05000000074505806,1.343544840812683,2.6003081798553467,0.18590210378170013,3.3875393867492676,1.5434296131134033,3.74653697013855,3.7180421352386475,4.031235218048096
atari_private_eye,/home/haselab/murakawa/stable-deep-world-model/logdir/atari_private_eye_vta_20260108_185758,/home/haselab/murakawa/stable-deep-world-model/logdir/atari_private_eye_vta_20260108_185758/latest.pt,/home/haselab/murakawa/stable-deep-world-model/logdir/atari_private_eye_vta_20260108_185758/train_eps/20260109T132052-aea21edf924748b7af34daa02366cf5f-2699.npz,190,210,0.05,0.05000000074505806,1.3285940885543823,2.6217074394226074,0.18590210378170013,3.4898860454559326,1.5434296131134033,3.74653697013855,3.7180421352386475,4.031235218048096
atari_private_eye,/home/haselab/murakawa/stable-deep-world-model/logdir/atari_private_eye_vta_20260108_185758,/home/haselab/murakawa/stable-deep-world-model/logdir/atari_private_eye_vta_20260108_185758/latest.pt,/home/haselab/murakawa/stable-deep-world-model/logdir/atari_private_eye_vta_20260108_185758/train_eps/20260109T132052-aea21edf924748b7af34daa02366cf5f-2699.npz,195,215,0.05,0.05000000074505806,1.2804100513458252,2.5038390159606934,0.18590210378170013,3.3315341472625732,1.5434296131134033,3.74653697013855,3.7180421352386475,4.031235218048096
atari_private_eye,/home/haselab/murakawa/stable-deep-world-model/logdir/atari_private_eye_vta_20260108_185758,/home/haselab/murakawa/stable-deep-world-model/logdir/atari_private_eye_vta_20260108_185758/latest.pt,/home/haselab/murakawa/stable-deep-world-model/logdir/atari_private_eye_vta_20260108_185758/train_eps/20260109T132052-aea21edf924748b7af34daa02366cf5f-2699.npz,200,220,0.0,4.835626452033682e-20,1.250051736831665,2.4710166454315186,0.0,3.356163740158081,nan,nan,nan,nan
atari_private_eye,/home/haselab/murakawa/stable-deep-world-model/logdir/atari_private_eye_vta_20260108_185758,/home/haselab/murakawa/stable-deep-world-model/logdir/atari_private_eye_vta_20260108_185758/latest.pt,/home/haselab/murakawa/stable-deep-world-model/logdir/atari_private_eye_vta_20260108_185758/train_eps/20260109T132052-aea21edf924748b7af34daa02366cf5f-2699.npz,205,225,0.0,1.9397170814397118e-19,1.267065405845642,2.3796584606170654,0.0,3.2366490364074707,nan,nan,nan,nan
atari_private_eye,/home/haselab/murakawa/stable-deep-world-model/logdir/atari_private_eye_vta_20260108_185758,/home/haselab/murakawa/stable-deep-world-model/logdir/atari_private_eye_vta_20260108_185758/latest.pt,/home/haselab/murakawa/stable-deep-world-model/logdir/atari_private_eye_vta_20260108_185758/train_eps/20260109T132052-aea21edf924748b7af34daa02366cf5f-2699.npz,210,230,0.0,1.124743328282494e-18,1.2314075231552124,2.300680637359619,0.0,3.196667432785034,nan,nan,nan,nan
atari_private_eye,/home/haselab/murakawa/stable-deep-world-model/logdir/atari_private_eye_vta_20260108_185758,/home/haselab/murakawa/stable-deep-world-model/logdir/atari_private_eye_vta_20260108_185758/latest.pt,/home/haselab/murakawa/stable-deep-world-model/logdir/atari_private_eye_vta_20260108_185758/train_eps/20260109T132052-aea21edf924748b7af34daa02366cf5f-2699.npz,215,235,0.0,1.2296426512537125e-18,1.3021217584609985,2.377031087875366,0.0,3.302349090576172,nan,nan,nan,nan
atari_private_eye,/home/haselab/murakawa/stable-deep-world-model/logdir/atari_private_eye_vta_20260108_185758,/home/haselab/murakawa/stable-deep-world-model/logdir/atari_private_eye_vta_20260108_185758/latest.pt,/home/haselab/murakawa/stable-deep-world-model/logdir/atari_private_eye_vta_20260108_185758/train_eps/20260109T132052-aea21edf924748b7af34daa02366cf5f-2699.npz,220,240,0.0,1.231170453845098e-18,1.3443896770477295,2.4369874000549316,0.0,3.314167022705078,nan,nan,nan,nan
atari_private_eye,/home/haselab/murakawa/stable-deep-world-model/logdir/atari_private_eye_vta_20260108_185758,/home/haselab/murakawa/stable-deep-world-model/logdir/atari_private_eye_vta_20260108_185758/latest.pt,/home/haselab/murakawa/stable-deep-world-model/logdir/atari_private_eye_vta_20260108_185758/train_eps/20260109T132052-aea21edf924748b7af34daa02366cf5f-2699.npz,225,245,0.0,5.891716335639597e-17,1.3001892566680908,2.360877513885498,0.0,3.200514316558838,nan,nan,nan,nan
atari_private_eye,/home/haselab/murakawa/stable-deep-world-model/logdir/atari_private_eye_vta_20260108_185758,/home/haselab/murakawa/stable-deep-world-model/logdir/atari_private_eye_vta_20260108_185758/latest.pt,/home/haselab/murakawa/stable-deep-world-model/logdir/atari_private_eye_vta_20260108_185758/train_eps/20260109T132052-aea21edf924748b7af34daa02366cf5f-2699.npz,230,250,0.05,0.05000000074505806,1.2731133699417114,2.4062633514404297,0.2368522584438324,3.1542446613311768,1.954384446144104,4.33873176574707,4.7370452880859375,4.616211414337158
atari_private_eye,/home/haselab/murakawa/stable-deep-world-model/logdir/atari_private_eye_vta_20260108_185758,/home/haselab/murakawa/stable-deep-world-model/logdir/atari_private_eye_vta_20260108_185758/latest.pt,/home/haselab/murakawa/stable-deep-world-model/logdir/atari_private_eye_vta_20260108_185758/train_eps/20260109T132052-aea21edf924748b7af34daa02366cf5f-2699.npz,235,255,0.05,0.05000000074505806,1.6021486520767212,3.265399932861328,0.2368522584438324,3.914501190185547,1.954384446144104,4.33873176574707,4.7370452880859375,4.616211414337158
atari_private_eye,/home/haselab/murakawa/stable-deep-world-model/logdir/atari_private_eye_vta_20260108_185758,/home/haselab/murakawa/stable-deep-world-model/logdir/atari_private_eye_vta_20260108_185758/latest.pt,/home/haselab/murakawa/stable-deep-world-model/logdir/atari_private_eye_vta_20260108_185758/train_eps/20260109T132052-aea21edf924748b7af34daa02366cf5f-2699.npz,240,260,0.05,0.05000000074505806,1.711560606956482,3.6038596630096436,0.2368522584438324,4.168488502502441,1.954384446144104,4.33873176574707,4.7370452880859375,4.616211414337158
atari_private_eye,/home/haselab/murakawa/stable-deep-world-model/logdir/atari_private_eye_vta_20260108_185758,/home/haselab/murakawa/stable-deep-world-model/logdir/atari_private_eye_vta_20260108_185758/latest.pt,/home/haselab/murakawa/stable-deep-world-model/logdir/atari_private_eye_vta_20260108_185758/train_eps/20260109T132052-aea21edf924748b7af34daa02366cf5f-2699.npz,245,265,0.05,0.05000000074505806,2.1350855827331543,4.5871171951293945,0.2368522584438324,5.036135673522949,1.954384446144104,4.33873176574707,4.7370452880859375,4.616211414337158
atari_private_eye,/home/haselab/murakawa/stable-deep-world-model/logdir/atari_private_eye_vta_20260108_185758,/home/haselab/murakawa/stable-deep-world-model/logdir/atari_private_eye_vta_20260108_185758/latest.pt,/home/haselab/murakawa/stable-deep-world-model/logdir/atari_private_eye_vta_20260108_185758/train_eps/20260109T132052-aea21edf924748b7af34daa02366cf5f-2699.npz,250,270,0.0,1.873432820977979e-21,2.297774076461792,4.957019805908203,0.0,5.361073017120361,nan,nan,nan,nan
atari_private_eye,/home/haselab/murakawa/stable-deep-world-model/logdir/atari_private_eye_vta_20260108_185758,/home/haselab/murakawa/stable-deep-world-model/logdir/atari_private_eye_vta_20260108_185758/latest.pt,/home/haselab/murakawa/stable-deep-world-model/logdir/atari_private_eye_vta_20260108_185758/train_eps/20260109T132052-aea21edf924748b7af34daa02366cf5f-2699.npz,255,275,0.0,2.7588806336464814e-20,2.2663464546203613,4.769885063171387,0.0,5.17925500869751,nan,nan,nan,nan
atari_private_eye,/home/haselab/murakawa/stable-deep-world-model/logdir/atari_private_eye_vta_20260108_185758,/home/haselab/murakawa/stable-deep-world-model/logdir/atari_private_eye_vta_20260108_185758/latest.pt,/home/haselab/murakawa/stable-deep-world-model/logdir/atari_private_eye_vta_20260108_185758/train_eps/20260109T132052-aea21edf924748b7af34daa02366cf5f-2699.npz,260,280,0.0,4.7287992748987207e-14,2.1721577644348145,4.322842597961426,0.0,4.816039085388184,nan,nan,nan,nan
atari_private_eye,/home/haselab/murakawa/stable-deep-world-model/logdir/atari_private_eye_vta_20260108_185758,/home/haselab/murakawa/stable-deep-world-model/logdir/atari_private_eye_vta_20260108_185758/latest.pt,/home/haselab/murakawa/stable-deep-world-model/logdir/atari_private_eye_vta_20260108_185758/train_eps/20260109T132052-aea21edf924748b7af34daa02366cf5f-2699.npz,265,285,0.0,4.852596189458547e-14,1.785282850265503,3.4855904579162598,0.0,4.188228607177734,nan,nan,nan,nan
atari_private_eye,/home/haselab/murakawa/stable-deep-world-model/logdir/atari_private_eye_vta_20260108_185758,/home/haselab/murakawa/stable-deep-world-model/logdir/atari_private_eye_vta_20260108_185758/latest.pt,/home/haselab/murakawa/stable-deep-world-model/logdir/atari_private_eye_vta_20260108_185758/train_eps/20260109T132052-aea21edf924748b7af34daa02366cf5f-2699.npz,270,290,0.0,4.854256035221986e-14,1.6636886596679688,3.0604584217071533,0.0,3.871556520462036,nan,nan,nan,nan
atari_private_eye,/home/haselab/murakawa/stable-deep-world-model/logdir/atari_private_eye_vta_20260108_185758,/home/haselab/murakawa/stable-deep-world-model/logdir/atari_private_eye_vta_20260108_185758/latest.pt,/home/haselab/murakawa/stable-deep-world-model/logdir/atari_private_eye_vta_20260108_185758/train_eps/20260109T132052-aea21edf924748b7af34daa02366cf5f-2699.npz,275,295,0.0,4.8542651831778166e-14,1.3232845067977905,2.334468364715576,0.0,3.308746337890625,nan,nan,nan,nan
atari_private_eye,/home/haselab/murakawa/stable-deep-world-model/logdir/atari_private_eye_vta_20260108_185758,/home/haselab/murakawa/stable-deep-world-model/logdir/atari_private_eye_vta_20260108_185758/latest.pt,/home/haselab/murakawa/stable-deep-world-model/logdir/atari_private_eye_vta_20260108_185758/train_eps/20260109T132052-aea21edf924748b7af34daa02366cf5f-2699.npz,280,300,0.05,0.05000000074505806,1.3259737491607666,2.3076460361480713,0.17046970129013062,3.2455036640167236,3.0586354732513428,3.8830008506774902,3.4093940258026123,3.948638677597046
atari_private_eye,/home/haselab/murakawa/stable-deep-world-model/logdir/atari_private_eye_vta_20260108_185758,/home/haselab/murakawa/stable-deep-world-model/logdir/atari_private_eye_vta_20260108_185758/latest.pt,/home/haselab/murakawa/stable-deep-world-model/logdir/atari_private_eye_vta_20260108_185758/train_eps/20260109T132052-aea21edf924748b7af34daa02366cf5f-2699.npz,285,305,0.05,0.05000000074505806,1.5727624893188477,3.131859302520752,0.17046970129013062,3.8916068077087402,3.0586354732513428,3.8830008506774902,3.4093940258026123,3.948638677597046
atari_private_eye,/home/haselab/murakawa/stable-deep-world-model/logdir/atari_private_eye_vta_20260108_185758,/home/haselab/murakawa/stable-deep-world-model/logdir/atari_private_eye_vta_20260108_185758/latest.pt,/home/haselab/murakawa/stable-deep-world-model/logdir/atari_private_eye_vta_20260108_185758/train_eps/20260109T132052-aea21edf924748b7af34daa02366cf5f-2699.npz,290,310,0.05,0.05000000074505806,1.92526113986969,3.8585219383239746,0.17046970129013062,4.525486946105957,3.0586354732513428,3.8830008506774902,3.4093940258026123,3.948638677597046
atari_private_eye,/home/haselab/murakawa/stable-deep-world-model/logdir/atari_private_eye_vta_20260108_185758,/home/haselab/murakawa/stable-deep-world-model/logdir/atari_private_eye_vta_20260108_185758/latest.pt,/home/haselab/murakawa/stable-deep-world-model/logdir/atari_private_eye_vta_20260108_185758/train_eps/20260109T132052-aea21edf924748b7af34daa02366cf5f-2699.npz,295,315,0.05,0.05000000074505806,2.01831316947937,3.972914934158325,0.17046970129013062,4.836947917938232,3.0586354732513428,3.8830008506774902,3.4093940258026123,3.948638677597046
atari_private_eye,/home/haselab/murakawa/stable-deep-world-model/logdir/atari_private_eye_vta_20260108_185758,/home/haselab/murakawa/stable-deep-world-model/logdir/atari_private_eye_vta_20260108_185758/latest.pt,/home/haselab/murakawa/stable-deep-world-model/logdir/atari_private_eye_vta_20260108_185758/train_eps/20260109T132052-aea21edf924748b7af34daa02366cf5f-2699.npz,300,320,0.0,3.3622413799514264e-15,1.9968223571777344,3.8985188007354736,0.0,4.832596778869629,nan,nan,nan,nan
atari_private_eye,/home/haselab/murakawa/stable-deep-world-model/logdir/atari_private_eye_vta_20260108_185758,/home/haselab/murakawa/stable-deep-world-model/logdir/atari_private_eye_vta_20260108_185758/latest.pt,/home/haselab/murakawa/stable-deep-world-model/logdir/atari_private_eye_vta_20260108_185758/train_eps/20260109T132052-aea21edf924748b7af34daa02366cf5f-2699.npz,305,325,0.0,3.51501435990058e-15,1.7585147619247437,3.0394539833068848,0.0,4.090914249420166,nan,nan,nan,nan
atari_private_eye,/home/haselab/murakawa/stable-deep-world-model/logdir/atari_private_eye_vta_20260108_185758,/home/haselab/murakawa/stable-deep-world-model/logdir/atari_private_eye_vta_20260108_185758/latest.pt,/home/haselab/murakawa/stable-deep-world-model/logdir/atari_private_eye_vta_20260108_185758/train_eps/20260109T132052-aea21edf924748b7af34daa02366cf5f-2699.npz,310,330,0.0,3.526740260505895e-15,1.38783860206604,2.329550266265869,0.0,3.4963583946228027,nan,nan,nan,nan
atari_private_eye,/home/haselab/murakawa/stable-deep-world-model/logdir/atari_private_eye_vta_20260108_185758,/home/haselab/murakawa/stable-deep-world-model/logdir/atari_private_eye_vta_20260108_185758/latest.pt,/home/haselab/murakawa/stable-deep-world-model/logdir/atari_private_eye_vta_20260108_185758/train_eps/20260109T132052-aea21edf924748b7af34daa02366cf5f-2699.npz,315,335,0.0,4.374580006642455e-15,1.2636663913726807,2.2013323307037354,0.0,3.122554302215576,nan,nan,nan,nan
atari_private_eye,/home/haselab/murakawa/stable-deep-world-model/logdir/atari_private_eye_vta_20260108_185758,/home/haselab/murakawa/stable-deep-world-model/logdir/atari_private_eye_vta_20260108_185758/latest.pt,/home/haselab/murakawa/stable-deep-world-model/logdir/atari_private_eye_vta_20260108_185758/train_eps/20260109T132052-aea21edf924748b7af34daa02366cf5f-2699.npz,320,340,0.0,2.0068982435774265e-15,1.1979143619537354,2.2973976135253906,0.0,3.1493632793426514,nan,nan,nan,nan
atari_private_eye,/home/haselab/murakawa/stable-deep-world-model/logdir/atari_private_eye_vta_20260108_185758,/home/haselab/murakawa/stable-deep-world-model/logdir/atari_private_eye_vta_20260108_185758/latest.pt,/home/haselab/murakawa/stable-deep-world-model/logdir/atari_private_eye_vta_20260108_185758/train_eps/20260109T132052-aea21edf924748b7af34daa02366cf5f-2699.npz,325,345,0.0,1.8751805968728833e-15,1.152357816696167,2.220893383026123,0.0,3.133608102798462,nan,nan,nan,nan
atari_private_eye,/home/haselab/murakawa/stable-deep-world-model/logdir/atari_private_eye_vta_20260108_185758,/home/haselab/murakawa/stable-deep-world-model/logdir/atari_private_eye_vta_20260108_185758/latest.pt,/home/haselab/murakawa/stable-deep-world-model/logdir/atari_private_eye_vta_20260108_185758/train_eps/20260109T132052-aea21edf924748b7af34daa02366cf5f-2699.npz,330,350,0.05,0.05000000074505806,1.1967995166778564,2.429325580596924,0.2729886770248413,3.29296612739563,2.0512430667877197,4.77651834487915,5.459773540496826,5.406704902648926
atari_private_eye,/home/haselab/murakawa/stable-deep-world-model/logdir/atari_private_eye_vta_20260108_185758,/home/haselab/murakawa/stable-deep-world-model/logdir/atari_private_eye_vta_20260108_185758/latest.pt,/home/haselab/murakawa/stable-deep-world-model/logdir/atari_private_eye_vta_20260108_185758/train_eps/20260109T132052-aea21edf924748b7af34daa02366cf5f-2699.npz,335,355,0.05,0.05000000074505806,1.1728746891021729,2.3731510639190674,0.2729886770248413,3.3086483478546143,2.0512430667877197,4.77651834487915,5.459773540496826,5.406704902648926
atari_private_eye,/home/haselab/murakawa/stable-deep-world-model/logdir/atari_private_eye_vta_20260108_185758,/home/haselab/murakawa/stable-deep-world-model/logdir/atari_private_eye_vta_20260108_185758/latest.pt,/home/haselab/murakawa/stable-deep-world-model/logdir/atari_private_eye_vta_20260108_185758/train_eps/20260109T132052-aea21edf924748b7af34daa02366cf5f-2699.npz,340,360,0.05,0.05000000074505806,1.2921748161315918,2.3784806728363037,0.2729886770248413,3.3874008655548096,2.0512430667877197,4.77651834487915,5.459773540496826,5.406704902648926
atari_private_eye,/home/haselab/murakawa/stable-deep-world-model/logdir/atari_private_eye_vta_20260108_185758,/home/haselab/murakawa/stable-deep-world-model/logdir/atari_private_eye_vta_20260108_185758/latest.pt,/home/haselab/murakawa/stable-deep-world-model/logdir/atari_private_eye_vta_20260108_185758/train_eps/20260109T132052-aea21edf924748b7af34daa02366cf5f-2699.npz,345,365,0.05,0.05000000074505806,1.2805516719818115,2.4098522663116455,0.2729886770248413,3.322065830230713,2.0512430667877197,4.77651834487915,5.459773540496826,5.406704902648926
atari_private_eye,/home/haselab/murakawa/stable-deep-world-model/logdir/atari_private_eye_vta_20260108_185758,/home/haselab/murakawa/stable-deep-world-model/logdir/atari_private_eye_vta_20260108_185758/latest.pt,/home/haselab/murakawa/stable-deep-world-model/logdir/atari_private_eye_vta_20260108_185758/train_eps/20260109T132052-aea21edf924748b7af34daa02366cf5f-2699.npz,350,370,0.0,6.136785549310989e-18,1.2423161268234253,2.200812339782715,0.0,3.1680843830108643,nan,nan,nan,nan
atari_private_eye,/home/haselab/murakawa/stable-deep-world-model/logdir/atari_private_eye_vta_20260108_185758,/home/haselab/murakawa/stable-deep-world-model/logdir/atari_private_eye_vta_20260108_185758/latest.pt,/home/haselab/murakawa/stable-deep-world-model/logdir/atari_private_eye_vta_20260108_185758/train_eps/20260109T132052-aea21edf924748b7af34daa02366cf5f-2699.npz,355,375,0.0,1.3112444736314056e-17,1.2896019220352173,2.2691636085510254,0.0,3.220019578933716,nan,nan,nan,nan
atari_private_eye,/home/haselab/murakawa/stable-deep-world-model/logdir/atari_private_eye_vta_20260108_185758,/home/haselab/murakawa/stable-deep-world-model/logdir/atari_private_eye_vta_20260108_185758/latest.pt,/home/haselab/murakawa/stable-deep-world-model/logdir/atari_private_eye_vta_20260108_185758/train_eps/20260109T132052-aea21edf924748b7af34daa02366cf5f-2699.npz,360,380,0.0,1.618876996624878e-17,1.2030296325683594,2.2377243041992188,0.0,3.2174434661865234,nan,nan,nan,nan
atari_private_eye,/home/haselab/murakawa/stable-deep-world-model/logdir/atari_private_eye_vta_20260108_185758,/home/haselab/murakawa/stable-deep-world-model/logdir/atari_private_eye_vta_20260108_185758/latest.pt,/home/haselab/murakawa/stable-deep-world-model/logdir/atari_private_eye_vta_20260108_185758/train_eps/20260109T132052-aea21edf924748b7af34daa02366cf5f-2699.npz,365,385,0.0,1.96805028182658e-17,1.2187631130218506,2.3093557357788086,0.0,3.3536314964294434,nan,nan,nan,nan
atari_private_eye,/home/haselab/murakawa/stable-deep-world-model/logdir/atari_private_eye_vta_20260108_185758,/home/haselab/murakawa/stable-deep-world-model/logdir/atari_private_eye_vta_20260108_185758/latest.pt,/home/haselab/murakawa/stable-deep-world-model/logdir/atari_private_eye_vta_20260108_185758/train_eps/20260109T132052-aea21edf924748b7af34daa02366cf5f-2699.npz,370,390,0.0,1.9665889845564437e-17,1.261223554611206,2.3754069805145264,0.0,3.365480899810791,nan,nan,nan,nan
atari_private_eye,/home/haselab/murakawa/stable-deep-world-model/logdir/atari_private_eye_vta_20260108_185758,/home/haselab/murakawa/stable-deep-world-model/logdir/atari_private_eye_vta_20260108_185758/latest.pt,/home/haselab/murakawa/stable-deep-world-model/logdir/atari_private_eye_vta_20260108_185758/train_eps/20260109T132052-aea21edf924748b7af34daa02366cf5f-2699.npz,375,395,0.0,4.786240070415964e-17,1.325263500213623,2.345201015472412,0.0,3.3930060863494873,nan,nan,nan,nan
atari_private_eye,/home/haselab/murakawa/stable-deep-world-model/logdir/atari_private_eye_vta_20260108_185758,/home/haselab/murakawa/stable-deep-world-model/logdir/atari_private_eye_vta_20260108_185758/latest.pt,/home/haselab/murakawa/stable-deep-world-model/logdir/atari_private_eye_vta_20260108_185758/train_eps/20260109T132052-aea21edf924748b7af34daa02366cf5f-2699.npz,380,400,0.05,0.05000000074505806,1.268486499786377,2.2424073219299316,0.33757659792900085,3.2635555267333984,1.217773675918579,4.1928253173828125,6.751532077789307,4.747391223907471
atari_private_eye,/home/haselab/murakawa/stable-deep-world-model/logdir/atari_private_eye_vta_20260108_185758,/home/haselab/murakawa/stable-deep-world-model/logdir/atari_private_eye_vta_20260108_185758/latest.pt,/home/haselab/murakawa/stable-deep-world-model/logdir/atari_private_eye_vta_20260108_185758/train_eps/20260109T132052-aea21edf924748b7af34daa02366cf5f-2699.npz,385,405,0.05,0.05000000074505806,1.3293046951293945,2.3498599529266357,0.33757659792900085,3.3316967487335205,1.217773675918579,4.1928253173828125,6.751532077789307,4.747391223907471
atari_private_eye,/home/haselab/murakawa/stable-deep-world-model/logdir/atari_private_eye_vta_20260108_185758,/home/haselab/murakawa/stable-deep-world-model/logdir/atari_private_eye_vta_20260108_185758/latest.pt,/home/haselab/murakawa/stable-deep-world-model/logdir/atari_private_eye_vta_20260108_185758/train_eps/20260109T132052-aea21edf924748b7af34daa02366cf5f-2699.npz,390,410,0.05,0.05000000074505806,1.3648064136505127,2.273660898208618,0.33757659792900085,3.273207902908325,1.217773675918579,4.1928253173828125,6.751532077789307,4.747391223907471
atari_private_eye,/home/haselab/murakawa/stable-deep-world-model/logdir/atari_private_eye_vta_20260108_185758,/home/haselab/murakawa/stable-deep-world-model/logdir/atari_private_eye_vta_20260108_185758/latest.pt,/home/haselab/murakawa/stable-deep-world-model/logdir/atari_private_eye_vta_20260108_185758/train_eps/20260109T132052-aea21edf924748b7af34daa02366cf5f-2699.npz,395,415,0.05,0.05000000074505806,1.307054877281189,2.299835681915283,0.33757659792900085,3.2238852977752686,1.217773675918579,4.1928253173828125,6.751532077789307,4.747391223907471
atari_private_eye,/home/haselab/murakawa/stable-deep-world-model/logdir/atari_private_eye_vta_20260108_185758,/home/haselab/murakawa/stable-deep-world-model/logdir/atari_private_eye_vta_20260108_185758/latest.pt,/home/haselab/murakawa/stable-deep-world-model/logdir/atari_private_eye_vta_20260108_185758/train_eps/20260109T132052-aea21edf924748b7af34daa02366cf5f-2699.npz,400,420,0.0,6.934332631486264e-15,1.3601375818252563,2.3761794567108154,0.0,3.383554458618164,nan,nan,nan,nan
atari_private_eye,/home/haselab/murakawa/stable-deep-world-model/logdir/atari_private_eye_vta_20260108_185758,/home/haselab/murakawa/stable-deep-world-model/logdir/atari_private_eye_vta_20260108_185758/latest.pt,/home/haselab/murakawa/stable-deep-world-model/logdir/atari_private_eye_vta_20260108_185758/train_eps/20260109T132052-aea21edf924748b7af34daa02366cf5f-2699.npz,405,425,0.0,6.934972988394388e-15,1.304371953010559,2.2831225395202637,0.0,3.3018062114715576,nan,nan,nan,nan
atari_private_eye,/home/haselab/murakawa/stable-deep-world-model/logdir/atari_private_eye_vta_20260108_185758,/home/haselab/murakawa/stable-deep-world-model/logdir/atari_private_eye_vta_20260108_185758/latest.pt,/home/haselab/murakawa/stable-deep-world-model/logdir/atari_private_eye_vta_20260108_185758/train_eps/20260109T132052-aea21edf924748b7af34daa02366cf5f-2699.npz,410,430,0.0,4.713509652574423e-16,1.2363051176071167,2.2517542839050293,0.0,3.256014347076416,nan,nan,nan,nan
atari_private_eye,/home/haselab/murakawa/stable-deep-world-model/logdir/atari_private_eye_vta_20260108_185758,/home/haselab/murakawa/stable-deep-world-model/logdir/atari_private_eye_vta_20260108_185758/latest.pt,/home/haselab/murakawa/stable-deep-world-model/logdir/atari_private_eye_vta_20260108_185758/train_eps/20260109T132052-aea21edf924748b7af34daa02366cf5f-2699.npz,415,435,0.0,4.356173186605231e-16,1.2586522102355957,2.328476905822754,0.0,3.3687000274658203,nan,nan,nan,nan
atari_private_eye,/home/haselab/murakawa/stable-deep-world-model/logdir/atari_private_eye_vta_20260108_185758,/home/haselab/murakawa/stable-deep-world-model/logdir/atari_private_eye_vta_20260108_185758/latest.pt,/home/haselab/murakawa/stable-deep-world-model/logdir/atari_private_eye_vta_20260108_185758/train_eps/20260109T132052-aea21edf924748b7af34daa02366cf5f-2699.npz,420,440,0.0,4.27962549567288e-16,1.2484971284866333,2.3407607078552246,0.0,3.357407808303833,nan,nan,nan,nan
atari_private_eye,/home/haselab/murakawa/stable-deep-world-model/logdir/atari_private_eye_vta_20260108_185758,/home/haselab/murakawa/stable-deep-world-model/logdir/atari_private_eye_vta_20260108_185758/latest.pt,/home/haselab/murakawa/stable-deep-world-model/logdir/atari_private_eye_vta_20260108_185758/train_eps/20260109T132052-aea21edf924748b7af34daa02366cf5f-2699.npz,425,445,0.0,3.612035154805423e-16,1.199567437171936,2.238301992416382,0.0,3.255289077758789,nan,nan,nan,nan
atari_private_eye,/home/haselab/murakawa/stable-deep-world-model/logdir/atari_private_eye_vta_20260108_185758,/home/haselab/murakawa/stable-deep-world-model/logdir/atari_private_eye_vta_20260108_185758/latest.pt,/home/haselab/murakawa/stable-deep-world-model/logdir/atari_private_eye_vta_20260108_185758/train_eps/20260109T132052-aea21edf924748b7af34daa02366cf5f-2699.npz,430,450,0.05,0.05000000074505806,1.2220505475997925,2.398881435394287,0.3332901895046234,3.4553844928741455,2.6109540462493896,4.673004627227783,6.665803909301758,5.101248741149902
atari_private_eye,/home/haselab/murakawa/stable-deep-world-model/logdir/atari_private_eye_vta_20260108_185758,/home/haselab/murakawa/stable-deep-world-model/logdir/atari_private_eye_vta_20260108_185758/latest.pt,/home/haselab/murakawa/stable-deep-world-model/logdir/atari_private_eye_vta_20260108_185758/train_eps/20260109T132052-aea21edf924748b7af34daa02366cf5f-2699.npz,435,455,0.05,0.05000000074505806,1.19411301612854,2.4239089488983154,0.3332901895046234,3.4619617462158203,2.6109540462493896,4.673004627227783,6.665803909301758,5.101248741149902
atari_private_eye,/home/haselab/murakawa/stable-deep-world-model/logdir/atari_private_eye_vta_20260108_185758,/home/haselab/murakawa/stable-deep-world-model/logdir/atari_private_eye_vta_20260108_185758/latest.pt,/home/haselab/murakawa/stable-deep-world-model/logdir/atari_private_eye_vta_20260108_185758/train_eps/20260109T132052-aea21edf924748b7af34daa02366cf5f-2699.npz,440,460,0.05,0.05000000074505806,1.251619815826416,2.4418416023254395,0.3332901895046234,3.5707061290740967,2.6109540462493896,4.673004627227783,6.665803909301758,5.101248741149902
atari_private_eye,/home/haselab/murakawa/stable-deep-world-model/logdir/atari_private_eye_vta_20260108_185758,/home/haselab/murakawa/stable-deep-world-model/logdir/atari_private_eye_vta_20260108_185758/latest.pt,/home/haselab/murakawa/stable-deep-world-model/logdir/atari_private_eye_vta_20260108_185758/train_eps/20260109T132052-aea21edf924748b7af34daa02366cf5f-2699.npz,445,465,0.05,0.05000000074505806,1.3345186710357666,2.5434577465057373,0.3332901895046234,3.8812243938446045,2.6109540462493896,4.673004627227783,6.665803909301758,5.101248741149902
atari_private_eye,/home/haselab/murakawa/stable-deep-world-model/logdir/atari_private_eye_vta_20260108_185758,/home/haselab/murakawa/stable-deep-world-model/logdir/atari_private_eye_vta_20260108_185758/latest.pt,/home/haselab/murakawa/stable-deep-world-model/logdir/atari_private_eye_vta_20260108_185758/train_eps/20260109T132052-aea21edf924748b7af34daa02366cf5f-2699.npz,450,470,0.0,1.0626610234939961e-14,1.3327568769454956,2.494844913482666,0.0,3.831089735031128,nan,nan,nan,nan
atari_private_eye,/home/haselab/murakawa/stable-deep-world-model/logdir/atari_private_eye_vta_20260108_185758,/home/haselab/murakawa/stable-deep-world-model/logdir/atari_private_eye_vta_20260108_185758/latest.pt,/home/haselab/murakawa/stable-deep-world-model/logdir/atari_private_eye_vta_20260108_185758/train_eps/20260109T132052-aea21edf924748b7af34daa02366cf5f-2699.npz,455,475,0.0,1.2612322278682427e-14,1.3956800699234009,2.416008234024048,0.0,3.7209434509277344,nan,nan,nan,nan
atari_private_eye,/home/haselab/murakawa/stable-deep-world-model/logdir/atari_private_eye_vta_20260108_185758,/home/haselab/murakawa/stable-deep-world-model/logdir/atari_private_eye_vta_20260108_185758/latest.pt,/home/haselab/murakawa/stable-deep-world-model/logdir/atari_private_eye_vta_20260108_185758/train_eps/20260109T132052-aea21edf924748b7af34daa02366cf5f-2699.npz,460,480,0.0,1.3630523643917876e-14,1.4060101509094238,2.4474847316741943,0.0,3.5380446910858154,nan,nan,nan,nan
atari_private_eye,/home/haselab/murakawa/stable-deep-world-model/logdir/atari_private_eye_vta_20260108_185758,/home/haselab/murakawa/stable-deep-world-model/logdir/atari_private_eye_vta_20260108_185758/latest.pt,/home/haselab/murakawa/stable-deep-world-model/logdir/atari_private_eye_vta_20260108_185758/train_eps/20260109T132052-aea21edf924748b7af34daa02366cf5f-2699.npz,465,485,0.0,2.1323547921424553e-14,1.378509283065796,2.399207592010498,0.0,3.2560954093933105,nan,nan,nan,nan
atari_private_eye,/home/haselab/murakawa/stable-deep-world-model/logdir/atari_private_eye_vta_20260108_185758,/home/haselab/murakawa/stable-deep-world-model/logdir/atari_private_eye_vta_20260108_185758/latest.pt,/home/haselab/murakawa/stable-deep-world-model/logdir/atari_private_eye_vta_20260108_185758/train_eps/20260109T132052-aea21edf924748b7af34daa02366cf5f-2699.npz,470,490,0.0,1.3966879580239611e-14,1.3499046564102173,2.279705047607422,0.0,3.1602602005004883,nan,nan,nan,nan
atari_private_eye,/home/haselab/murakawa/stable-deep-world-model/logdir/atari_private_eye_vta_20260108_185758,/home/haselab/murakawa/stable-deep-world-model/logdir/atari_private_eye_vta_20260108_185758/latest.pt,/home/haselab/murakawa/stable-deep-world-model/logdir/atari_private_eye_vta_20260108_185758/train_eps/20260109T132052-aea21edf924748b7af34daa02366cf5f-2699.npz,475,495,0.0,1.5942029123129815e-14,1.3488264083862305,2.342628240585327,0.0,3.289107084274292,nan,nan,nan,nan
atari_private_eye,/home/haselab/murakawa/stable-deep-world-model/logdir/atari_private_eye_vta_20260108_185758,/home/haselab/murakawa/stable-deep-world-model/logdir/atari_private_eye_vta_20260108_185758/latest.pt,/home/haselab/murakawa/stable-deep-world-model/logdir/atari_private_eye_vta_20260108_185758/train_eps/20260109T132052-aea21edf924748b7af34daa02366cf5f-2699.npz,480,500,0.05,0.05000000074505806,1.2788670063018799,2.3944883346557617,0.2452125996351242,3.388746738433838,1.2664753198623657,3.35486102104187,4.904252052307129,3.2540042400360107
atari_private_eye,/home/haselab/murakawa/stable-deep-world-model/logdir/atari_private_eye_vta_20260108_185758,/home/haselab/murakawa/stable-deep-world-model/logdir/atari_private_eye_vta_20260108_185758/latest.pt,/home/haselab/murakawa/stable-deep-world-model/logdir/atari_private_eye_vta_20260108_185758/train_eps/20260109T132052-aea21edf924748b7af34daa02366cf5f-2699.npz,485,505,0.05,0.05000000074505806,1.2669594287872314,2.4559128284454346,0.2452125996351242,3.5069034099578857,1.2664753198623657,3.35486102104187,4.904252052307129,3.2540042400360107
atari_private_eye,/home/haselab/murakawa/stable-deep-world-model/logdir/atari_private_eye_vta_20260108_185758,/home/haselab/murakawa/stable-deep-world-model/logdir/atari_private_eye_vta_20260108_185758/latest.pt,/home/haselab/murakawa/stable-deep-world-model/logdir/atari_private_eye_vta_20260108_185758/train_eps/20260109T132052-aea21edf924748b7af34daa02366cf5f-2699.npz,490,510,0.05,0.05000000074505806,1.2928447723388672,2.546891450881958,0.2452125996351242,3.572974443435669,1.2664753198623657,3.35486102104187,4.904252052307129,3.2540042400360107
atari_private_eye,/home/haselab/murakawa/stable-deep-world-model/logdir/atari_private_eye_vta_20260108_185758,/home/haselab/murakawa/stable-deep-world-model/logdir/atari_private_eye_vta_20260108_185758/latest.pt,/home/haselab/murakawa/stable-deep-world-model/logdir/atari_private_eye_vta_20260108_185758/train_eps/20260109T132052-aea21edf924748b7af34daa02366cf5f-2699.npz,495,515,0.05,0.05000000074505806,1.2619235515594482,2.493086338043213,0.2452125996351242,3.4753265380859375,1.2664753198623657,3.35486102104187,4.904252052307129,3.2540042400360107
atari_private_eye,/home/haselab/murakawa/stable-deep-world-model/logdir/atari_private_eye_vta_20260108_185758,/home/haselab/murakawa/stable-deep-world-model/logdir/atari_private_eye_vta_20260108_185758/latest.pt,/home/haselab/murakawa/stable-deep-world-model/logdir/atari_private_eye_vta_20260108_185758/train_eps/20260109T132052-aea21edf924748b7af34daa02366cf5f-2699.npz,500,520,0.0,1.9376241304422664e-16,1.2654074430465698,2.4075865745544434,0.0,3.3592586517333984,nan,nan,nan,nan
atari_private_eye,/home/haselab/murakawa/stable-deep-world-model/logdir/atari_private_eye_vta_20260108_185758,/home/haselab/murakawa/stable-deep-world-model/logdir/atari_private_eye_vta_20260108_185758/latest.pt,/home/haselab/murakawa/stable-deep-world-model/logdir/atari_private_eye_vta_20260108_185758/train_eps/20260109T132052-aea21edf924748b7af34daa02366cf5f-2699.npz,505,525,0.0,6.640320083956008e-16,1.278212547302246,2.2768619060516357,0.0,3.2096431255340576,nan,nan,nan,nan
atari_private_eye,/home/haselab/murakawa/stable-deep-world-model/logdir/atari_private_eye_vta_20260108_185758,/home/haselab/murakawa/stable-deep-world-model/logdir/atari_private_eye_vta_20260108_185758/latest.pt,/home/haselab/murakawa/stable-deep-world-model/logdir/atari_private_eye_vta_20260108_185758/train_eps/20260109T132052-aea21edf924748b7af34daa02366cf5f-2699.npz,510,530,0.0,1.0498874913636934e-15,1.2279078960418701,2.247387409210205,0.0,3.130709409713745,nan,nan,nan,nan
atari_private_eye,/home/haselab/murakawa/stable-deep-world-model/logdir/atari_private_eye_vta_20260108_185758,/home/haselab/murakawa/stable-deep-world-model/logdir/atari_private_eye_vta_20260108_185758/latest.pt,/home/haselab/murakawa/stable-deep-world-model/logdir/atari_private_eye_vta_20260108_185758/train_eps/20260109T132052-aea21edf924748b7af34daa02366cf5f-2699.npz,515,535,0.0,9.224844187342269e-16,1.2228670120239258,2.201133966445923,0.0,3.1132237911224365,nan,nan,nan,nan
atari_private_eye,/home/haselab/murakawa/stable-deep-world-model/logdir/atari_private_eye_vta_20260108_185758,/home/haselab/murakawa/stable-deep-world-model/logdir/atari_private_eye_vta_20260108_185758/latest.pt,/home/haselab/murakawa/stable-deep-world-model/logdir/atari_private_eye_vta_20260108_185758/train_eps/20260109T132052-aea21edf924748b7af34daa02366cf5f-2699.npz,520,540,0.0,1.1026066102425643e-15,1.2113721370697021,2.237492322921753,0.0,3.4280476570129395,nan,nan,nan,nan
atari_private_eye,/home/haselab/murakawa/stable-deep-world-model/logdir/atari_private_eye_vta_20260108_185758,/home/haselab/murakawa/stable-deep-world-model/logdir/atari_private_eye_vta_20260108_185758/latest.pt,/home/haselab/murakawa/stable-deep-world-model/logdir/atari_private_eye_vta_20260108_185758/train_eps/20260109T132052-aea21edf924748b7af34daa02366cf5f-2699.npz,525,545,0.0,7.80599994382468e-16,1.2155534029006958,2.2114357948303223,0.0,3.4287285804748535,nan,nan,nan,nan
atari_private_eye,/home/haselab/murakawa/stable-deep-world-model/logdir/atari_private_eye_vta_20260108_185758,/home/haselab/murakawa/stable-deep-world-model/logdir/atari_private_eye_vta_20260108_185758/latest.pt,/home/haselab/murakawa/stable-deep-world-model/logdir/atari_private_eye_vta_20260108_185758/train_eps/20260109T132052-aea21edf924748b7af34daa02366cf5f-2699.npz,530,550,0.05,0.05000000074505806,1.166598916053772,2.304739475250244,0.2283022403717041,3.4955050945281982,0.7752338647842407,4.4387736320495605,4.566044807434082,5.312179088592529
atari_private_eye,/home/haselab/murakawa/stable-deep-world-model/logdir/atari_private_eye_vta_20260108_185758,/home/haselab/murakawa/stable-deep-world-model/logdir/atari_private_eye_vta_20260108_185758/latest.pt,/home/haselab/murakawa/stable-deep-world-model/logdir/atari_private_eye_vta_20260108_185758/train_eps/20260109T132052-aea21edf924748b7af34daa02366cf5f-2699.npz,535,555,0.05,0.05000000074505806,1.25533127784729,2.576137065887451,0.2283022403717041,3.7432663440704346,0.7752338647842407,4.4387736320495605,4.566044807434082,5.312179088592529
atari_private_eye,/home/haselab/murakawa/stable-deep-world-model/logdir/atari_private_eye_vta_20260108_185758,/home/haselab/murakawa/stable-deep-world-model/logdir/atari_private_eye_vta_20260108_185758/latest.pt,/home/haselab/murakawa/stable-deep-world-model/logdir/atari_private_eye_vta_20260108_185758/train_eps/20260109T132052-aea21edf924748b7af34daa02366cf5f-2699.npz,540,560,0.05,0.05000000074505806,1.2399168014526367,2.6443498134613037,0.2283022403717041,3.5111000537872314,0.7752338647842407,4.4387736320495605,4.566044807434082,5.312179088592529
atari_private_eye,/home/haselab/murakawa/stable-deep-world-model/logdir/atari_private_eye_vta_20260108_185758,/home/haselab/murakawa/stable-deep-world-model/logdir/atari_private_eye_vta_20260108_185758/latest.pt,/home/haselab/murakawa/stable-deep-world-model/logdir/atari_private_eye_vta_20260108_185758/train_eps/20260109T132052-aea21edf924748b7af34daa02366cf5f-2699.npz,545,565,0.05,0.05000000074505806,1.1484811305999756,2.7368292808532715,0.2283022403717041,3.636578321456909,0.7752338647842407,4.4387736320495605,4.566044807434082,5.312179088592529
atari_private_eye,/home/haselab/murakawa/stable-deep-world-model/logdir/atari_private_eye_vta_20260108_185758,/home/haselab/murakawa/stable-deep-world-model/logdir/atari_private_eye_vta_20260108_185758/latest.pt,/home/haselab/murakawa/stable-deep-world-model/logdir/atari_private_eye_vta_20260108_185758/train_eps/20260109T132052-aea21edf924748b7af34daa02366cf5f-2699.npz,550,570,0.0,1.6148623847096928e-15,1.2451084852218628,2.660344362258911,0.0,3.705392360687256,nan,nan,nan,nan
atari_private_eye,/home/haselab/murakawa/stable-deep-world-model/logdir/atari_private_eye_vta_20260108_185758,/home/haselab/murakawa/stable-deep-world-model/logdir/atari_private_eye_vta_20260108_185758/latest.pt,/home/haselab/murakawa/stable-deep-world-model/logdir/atari_private_eye_vta_20260108_185758/train_eps/20260109T132052-aea21edf924748b7af34daa02366cf5f-2699.npz,555,575,0.0,3.934194024837788e-15,1.1402922868728638,2.418353319168091,0.0,3.5345051288604736,nan,nan,nan,nan
atari_private_eye,/home/haselab/murakawa/stable-deep-world-model/logdir/atari_private_eye_vta_20260108_185758,/home/haselab/murakawa/stable-deep-world-model/logdir/atari_private_eye_vta_20260108_185758/latest.pt,/home/haselab/murakawa/stable-deep-world-model/logdir/atari_private_eye_vta_20260108_185758/train_eps/20260109T132052-aea21edf924748b7af34daa02366cf5f-2699.npz,560,580,0.0,6.042078289243951e-15,1.1460249423980713,2.299116849899292,0.0,3.5251879692077637,nan,nan,nan,nan
atari_private_eye,/home/haselab/murakawa/stable-deep-world-model/logdir/atari_private_eye_vta_20260108_185758,/home/haselab/murakawa/stable-deep-world-model/logdir/atari_private_eye_vta_20260108_185758/latest.pt,/home/haselab/murakawa/stable-deep-world-model/logdir/atari_private_eye_vta_20260108_185758/train_eps/20260109T132052-aea21edf924748b7af34daa02366cf5f-2699.npz,565,585,0.0,7.382706133983539e-15,1.2357122898101807,2.307610273361206,0.0,3.429628849029541,nan,nan,nan,nan
atari_private_eye,/home/haselab/murakawa/stable-deep-world-model/logdir/atari_private_eye_vta_20260108_185758,/home/haselab/murakawa/stable-deep-world-model/logdir/atari_private_eye_vta_20260108_185758/latest.pt,/home/haselab/murakawa/stable-deep-world-model/logdir/atari_private_eye_vta_20260108_185758/train_eps/20260109T132052-aea21edf924748b7af34daa02366cf5f-2699.npz,570,590,0.0,6.816930053348555e-15,1.2084181308746338,2.3023791313171387,0.0,3.350752353668213,nan,nan,nan,nan
atari_private_eye,/home/haselab/murakawa/stable-deep-world-model/logdir/atari_private_eye_vta_20260108_185758,/home/haselab/murakawa/stable-deep-world-model/logdir/atari_private_eye_vta_20260108_185758/latest.pt,/home/haselab/murakawa/stable-deep-world-model/logdir/atari_private_eye_vta_20260108_185758/train_eps/20260109T132052-aea21edf924748b7af34daa02366cf5f-2699.npz,575,595,0.0,5.280946341302498e-15,1.186583399772644,2.299201250076294,0.0,3.2835826873779297,nan,nan,nan,nan
atari_private_eye,/home/haselab/murakawa/stable-deep-world-model/logdir/atari_private_eye_vta_20260108_185758,/home/haselab/murakawa/stable-deep-world-model/logdir/atari_private_eye_vta_20260108_185758/latest.pt,/home/haselab/murakawa/stable-deep-world-model/logdir/atari_private_eye_vta_20260108_185758/train_eps/20260109T132052-aea21edf924748b7af34daa02366cf5f-2699.npz,580,600,0.05,0.05000000074505806,1.2940170764923096,2.404573917388916,0.15046356618404388,3.3692753314971924,2.9630720615386963,3.4553134441375732,3.0092713832855225,4.424686908721924
atari_private_eye,/home/haselab/murakawa/stable-deep-world-model/logdir/atari_private_eye_vta_20260108_185758,/home/haselab/murakawa/stable-deep-world-model/logdir/atari_private_eye_vta_20260108_185758/latest.pt,/home/haselab/murakawa/stable-deep-world-model/logdir/atari_private_eye_vta_20260108_185758/train_eps/20260109T132052-aea21edf924748b7af34daa02366cf5f-2699.npz,585,605,0.05,0.05000000074505806,1.2767188549041748,2.507936954498291,0.15046356618404388,3.608293056488037,2.9630720615386963,3.4553134441375732,3.0092713832855225,4.424686908721924
atari_private_eye,/home/haselab/murakawa/stable-deep-world-model/logdir/atari_private_eye_vta_20260108_185758,/home/haselab/murakawa/stable-deep-world-model/logdir/atari_private_eye_vta_20260108_185758/latest.pt,/home/haselab/murakawa/stable-deep-world-model/logdir/atari_private_eye_vta_20260108_185758/train_eps/20260109T132052-aea21edf924748b7af34daa02366cf5f-2699.npz,590,610,0.05,0.05000000074505806,1.2646071910858154,2.4151453971862793,0.15046356618404388,3.6838393211364746,2.9630720615386963,3.4553134441375732,3.0092713832855225,4.424686908721924
atari_private_eye,/home/haselab/murakawa/stable-deep-world-model/logdir/atari_private_eye_vta_20260108_185758,/home/haselab/murakawa/stable-deep-world-model/logdir/atari_private_eye_vta_20260108_185758/latest.pt,/home/haselab/murakawa/stable-deep-world-model/logdir/atari_private_eye_vta_20260108_185758/train_eps/20260109T132052-aea21edf924748b7af34daa02366cf5f-2699.npz,595,615,0.05,0.05000000074505806,1.3352495431900024,2.560474395751953,0.15046356618404388,3.8347537517547607,2.9630720615386963,3.4553134441375732,3.0092713832855225,4.424686908721924
atari_private_eye,/home/haselab/murakawa/stable-deep-world-model/logdir/atari_private_eye_vta_20260108_185758,/home/haselab/murakawa/stable-deep-world-model/logdir/atari_private_eye_vta_20260108_185758/latest.pt,/home/haselab/murakawa/stable-deep-world-model/logdir/atari_private_eye_vta_20260108_185758/train_eps/20260109T132052-aea21edf924748b7af34daa02366cf5f-2699.npz,600,620,0.0,6.049125497485988e-17,1.2079808712005615,2.4282469749450684,0.0,3.688145160675049,nan,nan,nan,nan
atari_private_eye,/home/haselab/murakawa/stable-deep-world-model/logdir/atari_private_eye_vta_20260108_185758,/home/haselab/murakawa/stable-deep-world-model/logdir/atari_private_eye_vta_20260108_185758/latest.pt,/home/haselab/murakawa/stable-deep-world-model/logdir/atari_private_eye_vta_20260108_185758/train_eps/20260109T132052-aea21edf924748b7af34daa02366cf5f-2699.npz,605,625,0.0,1.4128772934508767e-16,1.1957674026489258,2.417530059814453,0.0,3.6178066730499268,nan,nan,nan,nan
atari_private_eye,/home/haselab/murakawa/stable-deep-world-model/logdir/atari_private_eye_vta_20260108_185758,/home/haselab/murakawa/stable-deep-world-model/logdir/atari_private_eye_vta_20260108_185758/latest.pt,/home/haselab/murakawa/stable-deep-world-model/logdir/atari_private_eye_vta_20260108_185758/train_eps/20260109T132052-aea21edf924748b7af34daa02366cf5f-2699.npz,610,630,0.0,1.7227603267369222e-16,1.187981367111206,2.45226788520813,0.0,3.577862501144409,nan,nan,nan,nan
atari_private_eye,/home/haselab/murakawa/stable-deep-world-model/logdir/atari_private_eye_vta_20260108_185758,/home/haselab/murakawa/stable-deep-world-model/logdir/atari_private_eye_vta_20260108_185758/latest.pt,/home/haselab/murakawa/stable-deep-world-model/logdir/atari_private_eye_vta_20260108_185758/train_eps/20260109T132052-aea21edf924748b7af34daa02366cf5f-2699.npz,615,635,0.0,1.9381842309786383e-16,1.1076316833496094,2.2269110679626465,0.0,3.3530845642089844,nan,nan,nan,nan
atari_private_eye,/home/haselab/murakawa/stable-deep-world-model/logdir/atari_private_eye_vta_20260108_185758,/home/haselab/murakawa/stable-deep-world-model/logdir/atari_private_eye_vta_20260108_185758/latest.pt,/home/haselab/murakawa/stable-deep-world-model/logdir/atari_private_eye_vta_20260108_185758/train_eps/20260109T132052-aea21edf924748b7af34daa02366cf5f-2699.npz,620,640,0.0,2.43055871280561e-15,1.1902562379837036,2.27923321723938,0.0,3.407454252243042,nan,nan,nan,nan
atari_private_eye,/home/haselab/murakawa/stable-deep-world-model/logdir/atari_private_eye_vta_20260108_185758,/home/haselab/murakawa/stable-deep-world-model/logdir/atari_private_eye_vta_20260108_185758/latest.pt,/home/haselab/murakawa/stable-deep-world-model/logdir/atari_private_eye_vta_20260108_185758/train_eps/20260109T132052-aea21edf924748b7af34daa02366cf5f-2699.npz,625,645,0.0,3.910001493314785e-15,1.1943343877792358,2.1626534461975098,0.0,3.317150831222534,nan,nan,nan,nan
atari_private_eye,/home/haselab/murakawa/stable-deep-world-model/logdir/atari_private_eye_vta_20260108_185758,/home/haselab/murakawa/stable-deep-world-model/logdir/atari_private_eye_vta_20260108_185758/latest.pt,/home/haselab/murakawa/stable-deep-world-model/logdir/atari_private_eye_vta_20260108_185758/train_eps/20260109T132052-aea21edf924748b7af34daa02366cf5f-2699.npz,630,650,0.05,0.05000000074505806,1.175968050956726,2.2321767807006836,0.18526622653007507,3.227137327194214,0.9785390496253967,4.136851787567139,3.705324649810791,4.193331718444824
atari_private_eye,/home/haselab/murakawa/stable-deep-world-model/logdir/atari_private_eye_vta_20260108_185758,/home/haselab/murakawa/stable-deep-world-model/logdir/atari_private_eye_vta_20260108_185758/latest.pt,/home/haselab/murakawa/stable-deep-world-model/logdir/atari_private_eye_vta_20260108_185758/train_eps/20260109T132052-aea21edf924748b7af34daa02366cf5f-2699.npz,635,655,0.05,0.05000000074505806,1.2252371311187744,2.40824818611145,0.18526622653007507,3.5903754234313965,0.9785390496253967,4.136851787567139,3.705324649810791,4.193331718444824
atari_private_eye,/home/haselab/murakawa/stable-deep-world-model/logdir/atari_private_eye_vta_20260108_185758,/home/haselab/murakawa/stable-deep-world-model/logdir/atari_private_eye_vta_20260108_185758/latest.pt,/home/haselab/murakawa/stable-deep-world-model/logdir/atari_private_eye_vta_20260108_185758/train_eps/20260109T132052-aea21edf924748b7af34daa02366cf5f-2699.npz,640,660,0.05,0.05000000074505806,1.224025011062622,2.3894801139831543,0.18526622653007507,3.615450382232666,0.9785390496253967,4.136851787567139,3.705324649810791,4.193331718444824
atari_private_eye,/home/haselab/murakawa/stable-deep-world-model/logdir/atari_private_eye_vta_20260108_185758,/home/haselab/murakawa/stable-deep-world-model/logdir/atari_private_eye_vta_20260108_185758/latest.pt,/home/haselab/murakawa/stable-deep-world-model/logdir/atari_private_eye_vta_20260108_185758/train_eps/20260109T132052-aea21edf924748b7af34daa02366cf5f-2699.npz,645,665,0.05,0.05000000074505806,1.1761653423309326,2.3894827365875244,0.18526622653007507,3.5749707221984863,0.9785390496253967,4.136851787567139,3.705324649810791,4.193331718444824
atari_private_eye,/home/haselab/murakawa/stable-deep-world-model/logdir/atari_private_eye_vta_20260108_185758,/home/haselab/murakawa/stable-deep-world-model/logdir/atari_private_eye_vta_20260108_185758/latest.pt,/home/haselab/murakawa/stable-deep-world-model/logdir/atari_private_eye_vta_20260108_185758/train_eps/20260109T132052-aea21edf924748b7af34daa02366cf5f-2699.npz,650,670,0.0,1.0387094721827418e-17,1.2272531986236572,2.351442575454712,0.0,3.6053531169891357,nan,nan,nan,nan
atari_private_eye,/home/haselab/murakawa/stable-deep-world-model/logdir/atari_private_eye_vta_20260108_185758,/home/haselab/murakawa/stable-deep-world-model/logdir/atari_private_eye_vta_20260108_185758/latest.pt,/home/haselab/murakawa/stable-deep-world-model/logdir/atari_private_eye_vta_20260108_185758/train_eps/20260109T132052-aea21edf924748b7af34daa02366cf5f-2699.npz,655,675,0.0,4.8790738888183005e-17,1.2099261283874512,2.173544406890869,0.0,3.272932767868042,nan,nan,nan,nan
atari_private_eye,/home/haselab/murakawa/stable-deep-world-model/logdir/atari_private_eye_vta_20260108_185758,/home/haselab/murakawa/stable-deep-world-model/logdir/atari_private_eye_vta_20260108_185758/latest.pt,/home/haselab/murakawa/stable-deep-world-model/logdir/atari_private_eye_vta_20260108_185758/train_eps/20260109T132052-aea21edf924748b7af34daa02366cf5f-2699.npz,660,680,0.0,4.807949591028541e-17,1.5308115482330322,3.1242918968200684,0.0,4.013246059417725,nan,nan,nan,nan
atari_private_eye,/home/haselab/murakawa/stable-deep-world-model/logdir/atari_private_eye_vta_20260108_185758,/home/haselab/murakawa/stable-deep-world-model/logdir/atari_private_eye_vta_20260108_185758/latest.pt,/home/haselab/murakawa/stable-deep-world-model/logdir/atari_private_eye_vta_20260108_185758/train_eps/20260109T132052-aea21edf924748b7af34daa02366cf5f-2699.npz,665,685,0.0,4.527120118705563e-17,1.952056646347046,4.095911502838135,0.0,4.895054340362549,nan,nan,nan,nan
atari_private_eye,/home/haselab/murakawa/stable-deep-world-model/logdir/atari_private_eye_vta_20260108_185758,/home/haselab/murakawa/stable-deep-world-model/logdir/atari_private_eye_vta_20260108_185758/latest.pt,/home/haselab/murakawa/stable-deep-world-model/logdir/atari_private_eye_vta_20260108_185758/train_eps/20260109T132052-aea21edf924748b7af34daa02366cf5f-2699.npz,670,690,0.0,4.028122090693969e-17,2.0515799522399902,4.2997050285339355,0.0,5.105974197387695,nan,nan,nan,nan
atari_private_eye,/home/haselab/murakawa/stable-deep-world-model/logdir/atari_private_eye_vta_20260108_185758,/home/haselab/murakawa/stable-deep-world-model/logdir/atari_private_eye_vta_20260108_185758/latest.pt,/home/haselab/murakawa/stable-deep-world-model/logdir/atari_private_eye_vta_20260108_185758/train_eps/20260109T132052-aea21edf924748b7af34daa02366cf5f-2699.npz,675,695,0.0,1.0783225726914775e-17,2.181999683380127,4.417753219604492,0.0,5.241952419281006,nan,nan,nan,nan
atari_private_eye,/home/haselab/murakawa/stable-deep-world-model/logdir/atari_private_eye_vta_20260108_185758,/home/haselab/murakawa/stable-deep-world-model/logdir/atari_private_eye_vta_20260108_185758/latest.pt,/home/haselab/murakawa/stable-deep-world-model/logdir/atari_private_eye_vta_20260108_185758/train_eps/20260109T132052-aea21edf924748b7af34daa02366cf5f-2699.npz,680,700,0.05,0.05000000074505806,2.1494526863098145,4.334451675415039,0.29822009801864624,5.30958366394043,4.4110517501831055,9.343652725219727,5.964401721954346,10.4799165725708
atari_private_eye,/home/haselab/murakawa/stable-deep-world-model/logdir/atari_private_eye_vta_20260108_185758,/home/haselab/murakawa/stable-deep-world-model/logdir/atari_private_eye_vta_20260108_185758/latest.pt,/home/haselab/murakawa/stable-deep-world-model/logdir/atari_private_eye_vta_20260108_185758/train_eps/20260109T132052-aea21edf924748b7af34daa02366cf5f-2699.npz,685,705,0.05,0.05000000074505806,1.9304285049438477,3.744530439376831,0.29822009801864624,4.735208988189697,4.4110517501831055,9.343652725219727,5.964401721954346,10.4799165725708
atari_private_eye,/home/haselab/murakawa/stable-deep-world-model/logdir/atari_private_eye_vta_20260108_185758,/home/haselab/murakawa/stable-deep-world-model/logdir/atari_private_eye_vta_20260108_185758/latest.pt,/home/haselab/murakawa/stable-deep-world-model/logdir/atari_private_eye_vta_20260108_185758/train_eps/20260109T132052-aea21edf924748b7af34daa02366cf5f-2699.npz,690,710,0.05,0.05000000074505806,2.2107534408569336,4.708004951477051,0.29822009801864624,5.71823787689209,4.4110517501831055,9.343652725219727,5.964401721954346,10.4799165725708
atari_private_eye,/home/haselab/murakawa/stable-deep-world-model/logdir/atari_private_eye_vta_20260108_185758,/home/haselab/murakawa/stable-deep-world-model/logdir/atari_private_eye_vta_20260108_185758/latest.pt,/home/haselab/murakawa/stable-deep-world-model/logdir/atari_private_eye_vta_20260108_185758/train_eps/20260109T132052-aea21edf924748b7af34daa02366cf5f-2699.npz,695,715,0.05,0.05000000074505806,2.4490554332733154,5.575607776641846,0.29822009801864624,6.377068996429443,4.4110517501831055,9.343652725219727,5.964401721954346,10.4799165725708
atari_private_eye,/home/haselab/murakawa/stable-deep-world-model/logdir/atari_private_eye_vta_20260108_185758,/home/haselab/murakawa/stable-deep-world-model/logdir/atari_private_eye_vta_20260108_185758/latest.pt,/home/haselab/murakawa/stable-deep-world-model/logdir/atari_private_eye_vta_20260108_185758/train_eps/20260109T132052-aea21edf924748b7af34daa02366cf5f-2699.npz,700,720,0.0,3.641671911187565e-17,2.370377779006958,5.14923095703125,0.0,5.941265106201172,nan,nan,nan,nan
atari_private_eye,/home/haselab/murakawa/stable-deep-world-model/logdir/atari_private_eye_vta_20260108_185758,/home/haselab/murakawa/stable-deep-world-model/logdir/atari_private_eye_vta_20260108_185758/latest.pt,/home/haselab/murakawa/stable-deep-world-model/logdir/atari_private_eye_vta_20260108_185758/train_eps/20260109T132052-aea21edf924748b7af34daa02366cf5f-2699.npz,705,725,0.0,4.628307137805705e-16,2.378932476043701,5.164486885070801,0.0,5.997939109802246,nan,nan,nan,nan
atari_private_eye,/home/haselab/murakawa/stable-deep-world-model/logdir/atari_private_eye_vta_20260108_185758,/home/haselab/murakawa/stable-deep-world-model/logdir/atari_private_eye_vta_20260108_185758/latest.pt,/home/haselab/murakawa/stable-deep-world-model/logdir/atari_private_eye_vta_20260108_185758/train_eps/20260109T132052-aea21edf924748b7af34daa02366cf5f-2699.npz,710,730,0.0,4.484024074965999e-16,2.283144474029541,4.676778793334961,0.0,5.378390312194824,nan,nan,nan,nan
atari_private_eye,/home/haselab/murakawa/stable-deep-world-model/logdir/atari_private_eye_vta_20260108_185758,/home/haselab/murakawa/stable-deep-world-model/logdir/atari_private_eye_vta_20260108_185758/latest.pt,/home/haselab/murakawa/stable-deep-world-model/logdir/atari_private_eye_vta_20260108_185758/train_eps/20260109T132052-aea21edf924748b7af34daa02366cf5f-2699.npz,715,735,0.0,6.839088011732254e-16,2.2448439598083496,4.576422691345215,0.0,5.332209587097168,nan,nan,nan,nan
atari_private_eye,/home/haselab/murakawa/stable-deep-world-model/logdir/atari_private_eye_vta_20260108_185758,/home/haselab/murakawa/stable-deep-world-model/logdir/atari_private_eye_vta_20260108_185758/latest.pt,/home/haselab/murakawa/stable-deep-world-model/logdir/atari_private_eye_vta_20260108_185758/train_eps/20260109T132052-aea21edf924748b7af34daa02366cf5f-2699.npz,720,740,0.0,6.647440984064456e-16,2.27284574508667,5.022908687591553,0.0,5.66530704498291,nan,nan,nan,nan
atari_private_eye,/home/haselab/murakawa/stable-deep-world-model/logdir/atari_private_eye_vta_20260108_185758,/home/haselab/murakawa/stable-deep-world-model/logdir/atari_private_eye_vta_20260108_185758/latest.pt,/home/haselab/murakawa/stable-deep-world-model/logdir/atari_private_eye_vta_20260108_185758/train_eps/20260109T132052-aea21edf924748b7af34daa02366cf5f-2699.npz,725,745,0.0,2.552146004279669e-16,2.50636625289917,5.455711841583252,0.0,6.024007797241211,nan,nan,nan,nan
atari_private_eye,/home/haselab/murakawa/stable-deep-world-model/logdir/atari_private_eye_vta_20260108_185758,/home/haselab/murakawa/stable-deep-world-model/logdir/atari_private_eye_vta_20260108_185758/latest.pt,/home/haselab/murakawa/stable-deep-world-model/logdir/atari_private_eye_vta_20260108_185758/train_eps/20260109T132052-aea21edf924748b7af34daa02366cf5f-2699.npz,730,750,0.05,0.05000000074505806,2.5624656677246094,5.518458366394043,0.14903174340724945,6.097256660461426,5.314881324768066,10.270148277282715,2.980634927749634,10.794532775878906
atari_private_eye,/home/haselab/murakawa/stable-deep-world-model/logdir/atari_private_eye_vta_20260108_185758,/home/haselab/murakawa/stable-deep-world-model/logdir/atari_private_eye_vta_20260108_185758/latest.pt,/home/haselab/murakawa/stable-deep-world-model/logdir/atari_private_eye_vta_20260108_185758/train_eps/20260109T132052-aea21edf924748b7af34daa02366cf5f-2699.npz,735,755,0.05,0.05000000074505806,2.6314053535461426,5.689324378967285,0.14903174340724945,6.196117877960205,5.314881324768066,10.270148277282715,2.980634927749634,10.794532775878906
atari_private_eye,/home/haselab/murakawa/stable-deep-world-model/logdir/atari_private_eye_vta_20260108_185758,/home/haselab/murakawa/stable-deep-world-model/logdir/atari_private_eye_vta_20260108_185758/latest.pt,/home/haselab/murakawa/stable-deep-world-model/logdir/atari_private_eye_vta_20260108_185758/train_eps/20260109T132052-aea21edf924748b7af34daa02366cf5f-2699.npz,740,760,0.05,0.05000000074505806,2.5443241596221924,5.354880332946777,0.14903174340724945,5.960442066192627,5.314881324768066,10.270148277282715,2.980634927749634,10.794532775878906
atari_private_eye,/home/haselab/murakawa/stable-deep-world-model/logdir/atari_private_eye_vta_20260108_185758,/home/haselab/murakawa/stable-deep-world-model/logdir/atari_private_eye_vta_20260108_185758/latest.pt,/home/haselab/murakawa/stable-deep-world-model/logdir/atari_private_eye_vta_20260108_185758/train_eps/20260109T132052-aea21edf924748b7af34daa02366cf5f-2699.npz,745,765,0.05,0.05000000074505806,2.5183513164520264,5.429347991943359,0.14903174340724945,6.0971856117248535,5.314881324768066,10.270148277282715,2.980634927749634,10.794532775878906
atari_private_eye,/home/haselab/murakawa/stable-deep-world-model/logdir/atari_private_eye_vta_20260108_185758,/home/haselab/murakawa/stable-deep-world-model/logdir/atari_private_eye_vta_20260108_185758/latest.pt,/home/haselab/murakawa/stable-deep-world-model/logdir/atari_private_eye_vta_20260108_185758/train_eps/20260109T132052-aea21edf924748b7af34daa02366cf5f-2699.npz,750,770,0.0,6.262467107387426e-12,2.516916036605835,5.367624282836914,0.0,6.039704322814941,nan,nan,nan,nan
atari_private_eye,/home/haselab/murakawa/stable-deep-world-model/logdir/atari_private_eye_vta_20260108_185758,/home/haselab/murakawa/stable-deep-world-model/logdir/atari_private_eye_vta_20260108_185758/latest.pt,/home/haselab/murakawa/stable-deep-world-model/logdir/atari_private_eye_vta_20260108_185758/train_eps/20260109T132052-aea21edf924748b7af34daa02366cf5f-2699.npz,755,775,0.0,6.262933314321595e-12,2.4782326221466064,5.413718223571777,0.0,6.166216850280762,nan,nan,nan,nan
atari_private_eye,/home/haselab/murakawa/stable-deep-world-model/logdir/atari_private_eye_vta_20260108_185758,/home/haselab/murakawa/stable-deep-world-model/logdir/atari_private_eye_vta_20260108_185758/latest.pt,/home/haselab/murakawa/stable-deep-world-model/logdir/atari_private_eye_vta_20260108_185758/train_eps/20260109T132052-aea21edf924748b7af34daa02366cf5f-2699.npz,760,780,0.0,8.568690028354364e-12,2.497370481491089,5.231664657592773,0.0,5.978596210479736,nan,nan,nan,nan
atari_private_eye,/home/haselab/murakawa/stable-deep-world-model/logdir/atari_private_eye_vta_20260108_185758,/home/haselab/murakawa/stable-deep-world-model/logdir/atari_private_eye_vta_20260108_185758/latest.pt,/home/haselab/murakawa/stable-deep-world-model/logdir/atari_private_eye_vta_20260108_185758/train_eps/20260109T132052-aea21edf924748b7af34daa02366cf5f-2699.npz,765,785,0.0,8.825554002889202e-12,2.1277103424072266,4.307361602783203,0.0,4.9974188804626465,nan,nan,nan,nan
atari_private_eye,/home/haselab/murakawa/stable-deep-world-model/logdir/atari_private_eye_vta_20260108_185758,/home/haselab/murakawa/stable-deep-world-model/logdir/atari_private_eye_vta_20260108_185758/latest.pt,/home/haselab/murakawa/stable-deep-world-model/logdir/atari_private_eye_vta_20260108_185758/train_eps/20260109T132052-aea21edf924748b7af34daa02366cf5f-2699.npz,770,790,0.0,5.219222276586777e-11,1.7792177200317383,3.6190781593322754,0.0,4.328285217285156,nan,nan,nan,nan
atari_private_eye,/home/haselab/murakawa/stable-deep-world-model/logdir/atari_private_eye_vta_20260108_185758,/home/haselab/murakawa/stable-deep-world-model/logdir/atari_private_eye_vta_20260108_185758/latest.pt,/home/haselab/murakawa/stable-deep-world-model/logdir/atari_private_eye_vta_20260108_185758/train_eps/20260109T132052-aea21edf924748b7af34daa02366cf5f-2699.npz,775,795,0.0,5.21997375879657e-11,1.4450191259384155,2.643303871154785,0.0,3.4413464069366455,nan,nan,nan,nan
atari_private_eye,/home/haselab/murakawa/stable-deep-world-model/logdir/atari_private_eye_vta_20260108_185758,/home/haselab/murakawa/stable-deep-world-model/logdir/atari_private_eye_vta_20260108_185758/latest.pt,/home/haselab/murakawa/stable-deep-world-model/logdir/atari_private_eye_vta_20260108_185758/train_eps/20260109T132052-aea21edf924748b7af34daa02366cf5f-2699.npz,780,800,0.05,0.05000000074505806,1.2713265419006348,2.45928692817688,0.3181850016117096,3.3214149475097656,1.30631422996521,4.2834649085998535,6.363699913024902,4.820690631866455
atari_private_eye,/home/haselab/murakawa/stable-deep-world-model/logdir/atari_private_eye_vta_20260108_185758,/home/haselab/murakawa/stable-deep-world-model/logdir/atari_private_eye_vta_20260108_185758/latest.pt,/home/haselab/murakawa/stable-deep-world-model/logdir/atari_private_eye_vta_20260108_185758/train_eps/20260109T132052-aea21edf924748b7af34daa02366cf5f-2699.npz,785,805,0.05,0.05000000074505806,1.296823263168335,2.622896671295166,0.3181850016117096,3.560110092163086,1.30631422996521,4.2834649085998535,6.363699913024902,4.820690631866455
atari_private_eye,/home/haselab/murakawa/stable-deep-world-model/logdir/atari_private_eye_vta_20260108_185758,/home/haselab/murakawa/stable-deep-world-model/logdir/atari_private_eye_vta_20260108_185758/latest.pt,/home/haselab/murakawa/stable-deep-world-model/logdir/atari_private_eye_vta_20260108_185758/train_eps/20260109T132052-aea21edf924748b7af34daa02366cf5f-2699.npz,790,810,0.05,0.05000000074505806,1.3244287967681885,2.67181134223938,0.3181850016117096,3.6894688606262207,1.30631422996521,4.2834649085998535,6.363699913024902,4.820690631866455
atari_private_eye,/home/haselab/murakawa/stable-deep-world-model/logdir/atari_private_eye_vta_20260108_185758,/home/haselab/murakawa/stable-deep-world-model/logdir/atari_private_eye_vta_20260108_185758/latest.pt,/home/haselab/murakawa/stable-deep-world-model/logdir/atari_private_eye_vta_20260108_185758/train_eps/20260109T132052-aea21edf924748b7af34daa02366cf5f-2699.npz,795,815,0.05,0.05000000074505806,1.3149687051773071,2.6852715015411377,0.3181850016117096,3.6110892295837402,1.30631422996521,4.2834649085998535,6.363699913024902,4.820690631866455
atari_private_eye,/home/haselab/murakawa/stable-deep-world-model/logdir/atari_private_eye_vta_20260108_185758,/home/haselab/murakawa/stable-deep-world-model/logdir/atari_private_eye_vta_20260108_185758/latest.pt,/home/haselab/murakawa/stable-deep-world-model/logdir/atari_private_eye_vta_20260108_185758/train_eps/20260109T132052-aea21edf924748b7af34daa02366cf5f-2699.npz,800,820,0.0,6.050070926015561e-13,1.4301979541778564,2.7889161109924316,0.0,3.595956325531006,nan,nan,nan,nan
atari_private_eye,/home/haselab/murakawa/stable-deep-world-model/logdir/atari_private_eye_vta_20260108_185758,/home/haselab/murakawa/stable-deep-world-model/logdir/atari_private_eye_vta_20260108_185758/latest.pt,/home/haselab/murakawa/stable-deep-world-model/logdir/atari_private_eye_vta_20260108_185758/train_eps/20260109T132052-aea21edf924748b7af34daa02366cf5f-2699.npz,805,825,0.0,6.686462906795032e-13,1.577892541885376,2.902750253677368,0.0,3.6380646228790283,nan,nan,nan,nan
atari_private_eye,/home/haselab/murakawa/stable-deep-world-model/logdir/atari_private_eye_vta_20260108_185758,/home/haselab/murakawa/stable-deep-world-model/logdir/atari_private_eye_vta_20260108_185758/latest.pt,/home/haselab/murakawa/stable-deep-world-model/logdir/atari_private_eye_vta_20260108_185758/train_eps/20260109T132052-aea21edf924748b7af34daa02366cf5f-2699.npz,810,830,0.0,7.642626765821947e-13,1.6013638973236084,2.815446615219116,0.0,3.5150814056396484,nan,nan,nan,nan
atari_private_eye,/home/haselab/murakawa/stable-deep-world-model/logdir/atari_private_eye_vta_20260108_185758,/home/haselab/murakawa/stable-deep-world-model/logdir/atari_private_eye_vta_20260108_185758/latest.pt,/home/haselab/murakawa/stable-deep-world-model/logdir/atari_private_eye_vta_20260108_185758/train_eps/20260109T132052-aea21edf924748b7af34daa02366cf5f-2699.npz,815,835,0.0,7.776254683580786e-13,1.5910661220550537,2.915815591812134,0.0,3.6612002849578857,nan,nan,nan,nan
atari_private_eye,/home/haselab/murakawa/stable-deep-world-model/logdir/atari_private_eye_vta_20260108_185758,/home/haselab/murakawa/stable-deep-world-model/logdir/atari_private_eye_vta_20260108_185758/latest.pt,/home/haselab/murakawa/stable-deep-world-model/logdir/atari_private_eye_vta_20260108_185758/train_eps/20260109T132052-aea21edf924748b7af34daa02366cf5f-2699.npz,820,840,0.0,2.4274056072484673e-13,1.6679903268814087,2.9825148582458496,0.0,3.717449188232422,nan,nan,nan,nan
atari_private_eye,/home/haselab/murakawa/stable-deep-world-model/logdir/atari_private_eye_vta_20260108_185758,/home/haselab/murakawa/stable-deep-world-model/logdir/atari_private_eye_vta_20260108_185758/latest.pt,/home/haselab/murakawa/stable-deep-world-model/logdir/atari_private_eye_vta_20260108_185758/train_eps/20260109T132052-aea21edf924748b7af34daa02366cf5f-2699.npz,825,845,0.0,1.7634530717191427e-13,1.6489267349243164,2.842008590698242,0.0,3.6722042560577393,nan,nan,nan,nan
atari_private_eye,/home/haselab/murakawa/stable-deep-world-model/logdir/atari_private_eye_vta_20260108_185758,/home/haselab/murakawa/stable-deep-world-model/logdir/atari_private_eye_vta_20260108_185758/latest.pt,/home/haselab/murakawa/stable-deep-world-model/logdir/atari_private_eye_vta_20260108_185758/train_eps/20260109T132052-aea21edf924748b7af34daa02366cf5f-2699.npz,830,850,0.05,0.05000000074505806,1.735247015953064,3.14703631401062,0.16989275813102722,3.87439227104187,1.7383546829223633,4.278707981109619,3.397855043411255,4.878668785095215
atari_private_eye,/home/haselab/murakawa/stable-deep-world-model/logdir/atari_private_eye_vta_20260108_185758,/home/haselab/murakawa/stable-deep-world-model/logdir/atari_private_eye_vta_20260108_185758/latest.pt,/home/haselab/murakawa/stable-deep-world-model/logdir/atari_private_eye_vta_20260108_185758/train_eps/20260109T132052-aea21edf924748b7af34daa02366cf5f-2699.npz,835,855,0.05,0.05000000074505806,1.829525351524353,3.1493120193481445,0.16989275813102722,3.852879285812378,1.7383546829223633,4.278707981109619,3.397855043411255,4.878668785095215
atari_private_eye,/home/haselab/murakawa/stable-deep-world-model/logdir/atari_private_eye_vta_20260108_185758,/home/haselab/murakawa/stable-deep-world-model/logdir/atari_private_eye_vta_20260108_185758/latest.pt,/home/haselab/murakawa/stable-deep-world-model/logdir/atari_private_eye_vta_20260108_185758/train_eps/20260109T132052-aea21edf924748b7af34daa02366cf5f-2699.npz,840,860,0.05,0.05000000074505806,1.5900695323944092,2.9311540126800537,0.16989275813102722,3.6725361347198486,1.7383546829223633,4.278707981109619,3.397855043411255,4.878668785095215
atari_private_eye,/home/haselab/murakawa/stable-deep-world-model/logdir/atari_private_eye_vta_20260108_185758,/home/haselab/murakawa/stable-deep-world-model/logdir/atari_private_eye_vta_20260108_185758/latest.pt,/home/haselab/murakawa/stable-deep-world-model/logdir/atari_private_eye_vta_20260108_185758/train_eps/20260109T132052-aea21edf924748b7af34daa02366cf5f-2699.npz,845,865,0.05,0.05000000074505806,1.4858930110931396,2.863710641860962,0.16989275813102722,3.6724071502685547,1.7383546829223633,4.278707981109619,3.397855043411255,4.878668785095215
atari_private_eye,/home/haselab/murakawa/stable-deep-world-model/logdir/atari_private_eye_vta_20260108_185758,/home/haselab/murakawa/stable-deep-world-model/logdir/atari_private_eye_vta_20260108_185758/latest.pt,/home/haselab/murakawa/stable-deep-world-model/logdir/atari_private_eye_vta_20260108_185758/train_eps/20260109T132052-aea21edf924748b7af34daa02366cf5f-2699.npz,850,870,0.0,1.2623372670512306e-13,1.3418915271759033,2.62557053565979,0.0,3.5383543968200684,nan,nan,nan,nan
atari_private_eye,/home/haselab/murakawa/stable-deep-world-model/logdir/atari_private_eye_vta_20260108_185758,/home/haselab/murakawa/stable-deep-world-model/logdir/atari_private_eye_vta_20260108_185758/latest.pt,/home/haselab/murakawa/stable-deep-world-model/logdir/atari_private_eye_vta_20260108_185758/train_eps/20260109T132052-aea21edf924748b7af34daa02366cf5f-2699.npz,855,875,0.0,1.8902292383236874e-13,1.2930543422698975,2.446807384490967,0.0,3.3975844383239746,nan,nan,nan,nan
atari_private_eye,/home/haselab/murakawa/stable-deep-world-model/logdir/atari_private_eye_vta_20260108_185758,/home/haselab/murakawa/stable-deep-world-model/logdir/atari_private_eye_vta_20260108_185758/latest.pt,/home/haselab/murakawa/stable-deep-world-model/logdir/atari_private_eye_vta_20260108_185758/train_eps/20260109T132052-aea21edf924748b7af34daa02366cf5f-2699.npz,860,880,0.0,5.848254823123678e-13,1.2910829782485962,2.335085391998291,0.0,3.3546013832092285,nan,nan,nan,nan
atari_private_eye,/home/haselab/murakawa/stable-deep-world-model/logdir/atari_private_eye_vta_20260108_185758,/home/haselab/murakawa/stable-deep-world-model/logdir/atari_private_eye_vta_20260108_185758/latest.pt,/home/haselab/murakawa/stable-deep-world-model/logdir/atari_private_eye_vta_20260108_185758/train_eps/20260109T132052-aea21edf924748b7af34daa02366cf5f-2699.npz,865,885,0.0,2.0737158518135956e-11,1.2789230346679688,2.3671348094940186,0.0,3.3693771362304688,nan,nan,nan,nan
atari_private_eye,/home/haselab/murakawa/stable-deep-world-model/logdir/atari_private_eye_vta_20260108_185758,/home/haselab/murakawa/stable-deep-world-model/logdir/atari_private_eye_vta_20260108_185758/latest.pt,/home/haselab/murakawa/stable-deep-world-model/logdir/atari_private_eye_vta_20260108_185758/train_eps/20260109T132052-aea21edf924748b7af34daa02366cf5f-2699.npz,870,890,0.0,2.064094381526438e-11,1.2787247896194458,2.381378650665283,0.0,3.3765690326690674,nan,nan,nan,nan
atari_private_eye,/home/haselab/murakawa/stable-deep-world-model/logdir/atari_private_eye_vta_20260108_185758,/home/haselab/murakawa/stable-deep-world-model/logdir/atari_private_eye_vta_20260108_185758/latest.pt,/home/haselab/murakawa/stable-deep-world-model/logdir/atari_private_eye_vta_20260108_185758/train_eps/20260109T132052-aea21edf924748b7af34daa02366cf5f-2699.npz,875,895,0.0,2.333821677580339e-11,1.2441942691802979,2.355536460876465,0.0,3.3958935737609863,nan,nan,nan,nan
atari_private_eye,/home/haselab/murakawa/stable-deep-world-model/logdir/atari_private_eye_vta_20260108_185758,/home/haselab/murakawa/stable-deep-world-model/logdir/atari_private_eye_vta_20260108_185758/latest.pt,/home/haselab/murakawa/stable-deep-world-model/logdir/atari_private_eye_vta_20260108_185758/train_eps/20260109T132052-aea21edf924748b7af34daa02366cf5f-2699.npz,880,900,0.05,0.05000000074505806,1.421766996383667,2.675503730773926,0.19678081572055817,3.704359531402588,2.4174394607543945,3.832181453704834,3.9356162548065186,4.76081657409668
atari_private_eye,/home/haselab/murakawa/stable-deep-world-model/logdir/atari_private_eye_vta_20260108_185758,/home/haselab/murakawa/stable-deep-world-model/logdir/atari_private_eye_vta_20260108_185758/latest.pt,/home/haselab/murakawa/stable-deep-world-model/logdir/atari_private_eye_vta_20260108_185758/train_eps/20260109T132052-aea21edf924748b7af34daa02366cf5f-2699.npz,885,905,0.05,0.05000000074505806,1.4354031085968018,2.6971898078918457,0.19678081572055817,3.9293601512908936,2.4174394607543945,3.832181453704834,3.9356162548065186,4.76081657409668
atari_private_eye,/home/haselab/murakawa/stable-deep-world-model/logdir/atari_private_eye_vta_20260108_185758,/home/haselab/murakawa/stable-deep-world-model/logdir/atari_private_eye_vta_20260108_185758/latest.pt,/home/haselab/murakawa/stable-deep-world-model/logdir/atari_private_eye_vta_20260108_185758/train_eps/20260109T132052-aea21edf924748b7af34daa02366cf5f-2699.npz,890,910,0.05,0.05000000074505806,1.417607069015503,2.5654544830322266,0.19678081572055817,4.005350589752197,2.4174394607543945,3.832181453704834,3.9356162548065186,4.76081657409668
atari_private_eye,/home/haselab/murakawa/stable-deep-world-model/logdir/atari_private_eye_vta_20260108_185758,/home/haselab/murakawa/stable-deep-world-model/logdir/atari_private_eye_vta_20260108_185758/latest.pt,/home/haselab/murakawa/stable-deep-world-model/logdir/atari_private_eye_vta_20260108_185758/train_eps/20260109T132052-aea21edf924748b7af34daa02366cf5f-2699.npz,895,915,0.05,0.05000000074505806,1.5621063709259033,2.6446433067321777,0.19678081572055817,4.189408302307129,2.4174394607543945,3.832181453704834,3.9356162548065186,4.76081657409668
atari_private_eye,/home/haselab/murakawa/stable-deep-world-model/logdir/atari_private_eye_vta_20260108_185758,/home/haselab/murakawa/stable-deep-world-model/logdir/atari_private_eye_vta_20260108_185758/latest.pt,/home/haselab/murakawa/stable-deep-world-model/logdir/atari_private_eye_vta_20260108_185758/train_eps/20260109T132052-aea21edf924748b7af34daa02366cf5f-2699.npz,900,920,0.0,2.4672584057728285e-14,1.3901968002319336,2.2811648845672607,0.0,3.8271594047546387,nan,nan,nan,nan
atari_private_eye,/home/haselab/murakawa/stable-deep-world-model/logdir/atari_private_eye_vta_20260108_185758,/home/haselab/murakawa/stable-deep-world-model/logdir/atari_private_eye_vta_20260108_185758/latest.pt,/home/haselab/murakawa/stable-deep-world-model/logdir/atari_private_eye_vta_20260108_185758/train_eps/20260109T132052-aea21edf924748b7af34daa02366cf5f-2699.npz,905,925,0.0,3.2207485918707424e-13,1.3829514980316162,2.2505905628204346,0.0,3.5197842121124268,nan,nan,nan,nan
atari_private_eye,/home/haselab/murakawa/stable-deep-world-model/logdir/atari_private_eye_vta_20260108_185758,/home/haselab/murakawa/stable-deep-world-model/logdir/atari_private_eye_vta_20260108_185758/latest.pt,/home/haselab/murakawa/stable-deep-world-model/logdir/atari_private_eye_vta_20260108_185758/train_eps/20260109T132052-aea21edf924748b7af34daa02366cf5f-2699.npz,910,930,0.0,1.5961826044935679e-12,1.435230016708374,2.370067834854126,0.0,3.3547720909118652,nan,nan,nan,nan
atari_private_eye,/home/haselab/murakawa/stable-deep-world-model/logdir/atari_private_eye_vta_20260108_185758,/home/haselab/murakawa/stable-deep-world-model/logdir/atari_private_eye_vta_20260108_185758/latest.pt,/home/haselab/murakawa/stable-deep-world-model/logdir/atari_private_eye_vta_20260108_185758/train_eps/20260109T132052-aea21edf924748b7af34daa02366cf5f-2699.npz,915,935,0.0,1.584767039819468e-12,1.1583659648895264,2.2614378929138184,0.0,3.1534340381622314,nan,nan,nan,nan
atari_private_eye,/home/haselab/murakawa/stable-deep-world-model/logdir/atari_private_eye_vta_20260108_185758,/home/haselab/murakawa/stable-deep-world-model/logdir/atari_private_eye_vta_20260108_185758/latest.pt,/home/haselab/murakawa/stable-deep-world-model/logdir/atari_private_eye_vta_20260108_185758/train_eps/20260109T132052-aea21edf924748b7af34daa02366cf5f-2699.npz,920,940,0.0,1.5802380020843443e-12,1.1786192655563354,2.4578230381011963,0.0,3.2657439708709717,nan,nan,nan,nan
atari_private_eye,/home/haselab/murakawa/stable-deep-world-model/logdir/atari_private_eye_vta_20260108_185758,/home/haselab/murakawa/stable-deep-world-model/logdir/atari_private_eye_vta_20260108_185758/latest.pt,/home/haselab/murakawa/stable-deep-world-model/logdir/atari_private_eye_vta_20260108_185758/train_eps/20260109T132052-aea21edf924748b7af34daa02366cf5f-2699.npz,925,945,0.0,1.2805684247371718e-12,1.1974585056304932,2.435612201690674,0.0,3.2214152812957764,nan,nan,nan,nan
atari_private_eye,/home/haselab/murakawa/stable-deep-world-model/logdir/atari_private_eye_vta_20260108_185758,/home/haselab/murakawa/stable-deep-world-model/logdir/atari_private_eye_vta_20260108_185758/latest.pt,/home/haselab/murakawa/stable-deep-world-model/logdir/atari_private_eye_vta_20260108_185758/train_eps/20260109T132052-aea21edf924748b7af34daa02366cf5f-2699.npz,930,950,0.05,0.05000000074505806,1.1160556077957153,2.517770528793335,0.2132297307252884,3.380953311920166,1.5378303527832031,4.570765972137451,4.264594554901123,5.332749843597412
atari_private_eye,/home/haselab/murakawa/stable-deep-world-model/logdir/atari_private_eye_vta_20260108_185758,/home/haselab/murakawa/stable-deep-world-model/logdir/atari_private_eye_vta_20260108_185758/latest.pt,/home/haselab/murakawa/stable-deep-world-model/logdir/atari_private_eye_vta_20260108_185758/train_eps/20260109T132052-aea21edf924748b7af34daa02366cf5f-2699.npz,935,955,0.05,0.05000000074505806,1.2968721389770508,2.7137680053710938,0.2132297307252884,3.5728352069854736,1.5378303527832031,4.570765972137451,4.264594554901123,5.332749843597412
atari_private_eye,/home/haselab/murakawa/stable-deep-world-model/logdir/atari_private_eye_vta_20260108_185758,/home/haselab/murakawa/stable-deep-world-model/logdir/atari_private_eye_vta_20260108_185758/latest.pt,/home/haselab/murakawa/stable-deep-world-model/logdir/atari_private_eye_vta_20260108_185758/train_eps/20260109T132052-aea21edf924748b7af34daa02366cf5f-2699.npz,940,960,0.05,0.05000000074505806,1.3110134601593018,2.580829620361328,0.2132297307252884,3.4997799396514893,1.5378303527832031,4.570765972137451,4.264594554901123,5.332749843597412
atari_private_eye,/home/haselab/murakawa/stable-deep-world-model/logdir/atari_private_eye_vta_20260108_185758,/home/haselab/murakawa/stable-deep-world-model/logdir/atari_private_eye_vta_20260108_185758/latest.pt,/home/haselab/murakawa/stable-deep-world-model/logdir/atari_private_eye_vta_20260108_185758/train_eps/20260109T132052-aea21edf924748b7af34daa02366cf5f-2699.npz,945,965,0.05,0.05000000074505806,1.300098180770874,2.5650486946105957,0.2132297307252884,3.4984240531921387,1.5378303527832031,4.570765972137451,4.264594554901123,5.332749843597412
atari_private_eye,/home/haselab/murakawa/stable-deep-world-model/logdir/atari_private_eye_vta_20260108_185758,/home/haselab/murakawa/stable-deep-world-model/logdir/atari_private_eye_vta_20260108_185758/latest.pt,/home/haselab/murakawa/stable-deep-world-model/logdir/atari_private_eye_vta_20260108_185758/train_eps/20260109T132052-aea21edf924748b7af34daa02366cf5f-2699.npz,950,970,0.0,4.713944620933497e-13,1.310075044631958,2.467571973800659,0.0,3.4090938568115234,nan,nan,nan,nan
atari_private_eye,/home/haselab/murakawa/stable-deep-world-model/logdir/atari_private_eye_vta_20260108_185758,/home/haselab/murakawa/stable-deep-world-model/logdir/atari_private_eye_vta_20260108_185758/latest.pt,/home/haselab/murakawa/stable-deep-world-model/logdir/atari_private_eye_vta_20260108_185758/train_eps/20260109T132052-aea21edf924748b7af34daa02366cf5f-2699.npz,955,975,0.0,4.742778435609663e-13,1.2654569149017334,2.3186817169189453,0.0,3.168233633041382,nan,nan,nan,nan
atari_private_eye,/home/haselab/murakawa/stable-deep-world-model/logdir/atari_private_eye_vta_20260108_185758,/home/haselab/murakawa/stable-deep-world-model/logdir/atari_private_eye_vta_20260108_185758/latest.pt,/home/haselab/murakawa/stable-deep-world-model/logdir/atari_private_eye_vta_20260108_185758/train_eps/20260109T132052-aea21edf924748b7af34daa02366cf5f-2699.npz,960,980,0.0,4.738293633323176e-13,1.2545950412750244,2.3944191932678223,0.0,3.2813339233398438,nan,nan,nan,nan
atari_private_eye,/home/haselab/murakawa/stable-deep-world-model/logdir/atari_private_eye_vta_20260108_185758,/home/haselab/murakawa/stable-deep-world-model/logdir/atari_private_eye_vta_20260108_185758/latest.pt,/home/haselab/murakawa/stable-deep-world-model/logdir/atari_private_eye_vta_20260108_185758/train_eps/20260109T132052-aea21edf924748b7af34daa02366cf5f-2699.npz,965,985,0.0,4.74267489430219e-13,1.2029249668121338,2.405783176422119,0.0,3.3110339641571045,nan,nan,nan,nan
atari_private_eye,/home/haselab/murakawa/stable-deep-world-model/logdir/atari_private_eye_vta_20260108_185758,/home/haselab/murakawa/stable-deep-world-model/logdir/atari_private_eye_vta_20260108_185758/latest.pt,/home/haselab/murakawa/stable-deep-world-model/logdir/atari_private_eye_vta_20260108_185758/train_eps/20260109T132052-aea21edf924748b7af34daa02366cf5f-2699.npz,970,990,0.0,6.369419253908059e-15,1.2579467296600342,2.4006240367889404,0.0,3.2734572887420654,nan,nan,nan,nan
atari_private_eye,/home/haselab/murakawa/stable-deep-world-model/logdir/atari_private_eye_vta_20260108_185758,/home/haselab/murakawa/stable-deep-world-model/logdir/atari_private_eye_vta_20260108_185758/latest.pt,/home/haselab/murakawa/stable-deep-world-model/logdir/atari_private_eye_vta_20260108_185758/train_eps/20260109T132052-aea21edf924748b7af34daa02366cf5f-2699.npz,975,995,0.0,5.844117372108201e-15,1.2016512155532837,2.5093467235565186,0.0,3.3933448791503906,nan,nan,nan,nan
atari_private_eye,/home/haselab/murakawa/stable-deep-world-model/logdir/atari_private_eye_vta_20260108_185758,/home/haselab/murakawa/stable-deep-world-model/logdir/atari_private_eye_vta_20260108_185758/latest.pt,/home/haselab/murakawa/stable-deep-world-model/logdir/atari_private_eye_vta_20260108_185758/train_eps/20260109T132052-aea21edf924748b7af34daa02366cf5f-2699.npz,980,1000,0.05,0.05000000074505806,1.2368590831756592,2.5231900215148926,0.13279685378074646,3.3959994316101074,2.2599573135375977,4.149043560028076,2.6559371948242188,4.687398433685303
atari_private_eye,/home/haselab/murakawa/stable-deep-world-model/logdir/atari_private_eye_vta_20260108_185758,/home/haselab/murakawa/stable-deep-world-model/logdir/atari_private_eye_vta_20260108_185758/latest.pt,/home/haselab/murakawa/stable-deep-world-model/logdir/atari_private_eye_vta_20260108_185758/train_eps/20260109T132052-aea21edf924748b7af34daa02366cf5f-2699.npz,985,1005,0.05,0.05000000074505806,1.2598536014556885,2.6610360145568848,0.13279685378074646,3.518112897872925,2.2599573135375977,4.149043560028076,2.6559371948242188,4.687398433685303
atari_private_eye,/home/haselab/murakawa/stable-deep-world-model/logdir/atari_private_eye_vta_20260108_185758,/home/haselab/murakawa/stable-deep-world-model/logdir/atari_private_eye_vta_20260108_185758/latest.pt,/home/haselab/murakawa/stable-deep-world-model/logdir/atari_private_eye_vta_20260108_185758/train_eps/20260109T132052-aea21edf924748b7af34daa02366cf5f-2699.npz,990,1010,0.05,0.05000000074505806,1.2580201625823975,2.706634044647217,0.13279685378074646,3.667085647583008,2.2599573135375977,4.149043560028076,2.6559371948242188,4.687398433685303
atari_private_eye,/home/haselab/murakawa/stable-deep-world-model/logdir/atari_private_eye_vta_20260108_185758,/home/haselab/murakawa/stable-deep-world-model/logdir/atari_private_eye_vta_20260108_185758/latest.pt,/home/haselab/murakawa/stable-deep-world-model/logdir/atari_private_eye_vta_20260108_185758/train_eps/20260109T132052-aea21edf924748b7af34daa02366cf5f-2699.npz,995,1015,0.05,0.05000000074505806,1.3438374996185303,2.775386095046997,0.13279685378074646,3.721212387084961,2.2599573135375977,4.149043560028076,2.6559371948242188,4.687398433685303
atari_private_eye,/home/haselab/murakawa/stable-deep-world-model/logdir/atari_private_eye_vta_20260108_185758,/home/haselab/murakawa/stable-deep-world-model/logdir/atari_private_eye_vta_20260108_185758/latest.pt,/home/haselab/murakawa/stable-deep-world-model/logdir/atari_private_eye_vta_20260108_185758/train_eps/20260109T132052-aea21edf924748b7af34daa02366cf5f-2699.npz,1000,1020,0.0,1.1544892205585505e-14,1.298771619796753,2.676906108856201,0.0,3.6142477989196777,nan,nan,nan,nan
atari_private_eye,/home/haselab/murakawa/stable-deep-world-model/logdir/atari_private_eye_vta_20260108_185758,/home/haselab/murakawa/stable-deep-world-model/logdir/atari_private_eye_vta_20260108_185758/latest.pt,/home/haselab/murakawa/stable-deep-world-model/logdir/atari_private_eye_vta_20260108_185758/train_eps/20260109T132052-aea21edf924748b7af34daa02366cf5f-2699.npz,1005,1025,0.0,6.341724834071222e-14,1.3005980253219604,2.5320475101470947,0.0,3.5312798023223877,nan,nan,nan,nan
atari_private_eye,/home/haselab/murakawa/stable-deep-world-model/logdir/atari_private_eye_vta_20260108_185758,/home/haselab/murakawa/stable-deep-world-model/logdir/atari_private_eye_vta_20260108_185758/latest.pt,/home/haselab/murakawa/stable-deep-world-model/logdir/atari_private_eye_vta_20260108_185758/train_eps/20260109T132052-aea21edf924748b7af34daa02366cf5f-2699.npz,1010,1030,0.0,4.68207157072742e-12,1.2744883298873901,2.477879047393799,0.0,3.399583339691162,nan,nan,nan,nan
atari_private_eye,/home/haselab/murakawa/stable-deep-world-model/logdir/atari_private_eye_vta_20260108_185758,/home/haselab/murakawa/stable-deep-world-model/logdir/atari_private_eye_vta_20260108_185758/latest.pt,/home/haselab/murakawa/stable-deep-world-model/logdir/atari_private_eye_vta_20260108_185758/train_eps/20260109T132052-aea21edf924748b7af34daa02366cf5f-2699.npz,1015,1035,0.0,4.689122354295527e-12,1.2603754997253418,2.3609416484832764,0.0,3.326841354370117,nan,nan,nan,nan
atari_private_eye,/home/haselab/murakawa/stable-deep-world-model/logdir/atari_private_eye_vta_20260108_185758,/home/haselab/murakawa/stable-deep-world-model/logdir/atari_private_eye_vta_20260108_185758/latest.pt,/home/haselab/murakawa/stable-deep-world-model/logdir/atari_private_eye_vta_20260108_185758/train_eps/20260109T132052-aea21edf924748b7af34daa02366cf5f-2699.npz,1020,1040,0.0,4.695605015925253e-12,1.2575128078460693,2.350432872772217,0.0,3.329102039337158,nan,nan,nan,nan
atari_private_eye,/home/haselab/murakawa/stable-deep-world-model/logdir/atari_private_eye_vta_20260108_185758,/home/haselab/murakawa/stable-deep-world-model/logdir/atari_private_eye_vta_20260108_185758/latest.pt,/home/haselab/murakawa/stable-deep-world-model/logdir/atari_private_eye_vta_20260108_185758/train_eps/20260109T132052-aea21edf924748b7af34daa02366cf5f-2699.npz,1025,1045,0.0,4.647212736158535e-12,1.2617480754852295,2.3629024028778076,0.0,3.322408676147461,nan,nan,nan,nan
atari_private_eye,/home/haselab/murakawa/stable-deep-world-model/logdir/atari_private_eye_vta_20260108_185758,/home/haselab/murakawa/stable-deep-world-model/logdir/atari_private_eye_vta_20260108_185758/latest.pt,/home/haselab/murakawa/stable-deep-world-model/logdir/atari_private_eye_vta_20260108_185758/train_eps/20260109T132052-aea21edf924748b7af34daa02366cf5f-2699.npz,1030,1050,0.05,0.05000000074505806,1.335970163345337,2.544248342514038,0.1929769665002823,3.563028335571289,2.121649980545044,4.761943817138672,3.859539270401001,5.8526611328125
atari_private_eye,/home/haselab/murakawa/stable-deep-world-model/logdir/atari_private_eye_vta_20260108_185758,/home/haselab/murakawa/stable-deep-world-model/logdir/atari_private_eye_vta_20260108_185758/latest.pt,/home/haselab/murakawa/stable-deep-world-model/logdir/atari_private_eye_vta_20260108_185758/train_eps/20260109T132052-aea21edf924748b7af34daa02366cf5f-2699.npz,1035,1055,0.05,0.05000000074505806,1.3253740072250366,2.6686835289001465,0.1929769665002823,3.712857484817505,2.121649980545044,4.761943817138672,3.859539270401001,5.8526611328125
atari_private_eye,/home/haselab/murakawa/stable-deep-world-model/logdir/atari_private_eye_vta_20260108_185758,/home/haselab/murakawa/stable-deep-world-model/logdir/atari_private_eye_vta_20260108_185758/latest.pt,/home/haselab/murakawa/stable-deep-world-model/logdir/atari_private_eye_vta_20260108_185758/train_eps/20260109T132052-aea21edf924748b7af34daa02366cf5f-2699.npz,1040,1060,0.05,0.05000000074505806,1.448002576828003,2.9335989952087402,0.1929769665002823,4.001479148864746,2.121649980545044,4.761943817138672,3.859539270401001,5.8526611328125
atari_private_eye,/home/haselab/murakawa/stable-deep-world-model/logdir/atari_private_eye_vta_20260108_185758,/home/haselab/murakawa/stable-deep-world-model/logdir/atari_private_eye_vta_20260108_185758/latest.pt,/home/haselab/murakawa/stable-deep-world-model/logdir/atari_private_eye_vta_20260108_185758/train_eps/20260109T132052-aea21edf924748b7af34daa02366cf5f-2699.npz,1045,1065,0.05,0.05000000074505806,1.476630449295044,2.9580254554748535,0.1929769665002823,4.2183518409729,2.121649980545044,4.761943817138672,3.859539270401001,5.8526611328125
atari_private_eye,/home/haselab/murakawa/stable-deep-world-model/logdir/atari_private_eye_vta_20260108_185758,/home/haselab/murakawa/stable-deep-world-model/logdir/atari_private_eye_vta_20260108_185758/latest.pt,/home/haselab/murakawa/stable-deep-world-model/logdir/atari_private_eye_vta_20260108_185758/train_eps/20260109T132052-aea21edf924748b7af34daa02366cf5f-2699.npz,1050,1070,0.0,2.0563592568421285e-17,1.3573261499404907,2.606576681137085,0.0,3.862898349761963,nan,nan,nan,nan
atari_private_eye,/home/haselab/murakawa/stable-deep-world-model/logdir/atari_private_eye_vta_20260108_185758,/home/haselab/murakawa/stable-deep-world-model/logdir/atari_private_eye_vta_20260108_185758/latest.pt,/home/haselab/murakawa/stable-deep-world-model/logdir/atari_private_eye_vta_20260108_185758/train_eps/20260109T132052-aea21edf924748b7af34daa02366cf5f-2699.npz,1055,1075,0.0,3.717384337636673e-14,1.4403674602508545,2.3986096382141113,0.0,3.66559100151062,nan,nan,nan,nan
atari_private_eye,/home/haselab/murakawa/stable-deep-world-model/logdir/atari_private_eye_vta_20260108_185758,/home/haselab/murakawa/stable-deep-world-model/logdir/atari_private_eye_vta_20260108_185758/latest.pt,/home/haselab/murakawa/stable-deep-world-model/logdir/atari_private_eye_vta_20260108_185758/train_eps/20260109T132052-aea21edf924748b7af34daa02366cf5f-2699.npz,1060,1080,0.0,1.0877156651507153e-13,1.4581630229949951,2.243069648742676,0.0,3.4538702964782715,nan,nan,nan,nan
atari_private_eye,/home/haselab/murakawa/stable-deep-world-model/logdir/atari_private_eye_vta_20260108_185758,/home/haselab/murakawa/stable-deep-world-model/logdir/atari_private_eye_vta_20260108_185758/latest.pt,/home/haselab/murakawa/stable-deep-world-model/logdir/atari_private_eye_vta_20260108_185758/train_eps/20260109T132052-aea21edf924748b7af34daa02366cf5f-2699.npz,1065,1085,0.0,1.0878623034945439e-13,1.4461381435394287,2.006969451904297,0.0,3.092883586883545,nan,nan,nan,nan
atari_private_eye,/home/haselab/murakawa/stable-deep-world-model/logdir/atari_private_eye_vta_20260108_185758,/home/haselab/murakawa/stable-deep-world-model/logdir/atari_private_eye_vta_20260108_185758/latest.pt,/home/haselab/murakawa/stable-deep-world-model/logdir/atari_private_eye_vta_20260108_185758/train_eps/20260109T132052-aea21edf924748b7af34daa02366cf5f-2699.npz,1070,1090,0.0,3.39526096040238e-13,1.5353927612304688,2.1226446628570557,0.0,3.178856372833252,nan,nan,nan,nan
atari_private_eye,/home/haselab/murakawa/stable-deep-world-model/logdir/atari_private_eye_vta_20260108_185758,/home/haselab/murakawa/stable-deep-world-model/logdir/atari_private_eye_vta_20260108_185758/latest.pt,/home/haselab/murakawa/stable-deep-world-model/logdir/atari_private_eye_vta_20260108_185758/train_eps/20260109T132052-aea21edf924748b7af34daa02366cf5f-2699.npz,1075,1095,0.0,3.2911244259373196e-13,1.5014398097991943,2.2287838459014893,0.0,3.2696259021759033,nan,nan,nan,nan
atari_private_eye,/home/haselab/murakawa/stable-deep-world-model/logdir/atari_private_eye_vta_20260108_185758,/home/haselab/murakawa/stable-deep-world-model/logdir/atari_private_eye_vta_20260108_185758/latest.pt,/home/haselab/murakawa/stable-deep-world-model/logdir/atari_private_eye_vta_20260108_185758/train_eps/20260109T132052-aea21edf924748b7af34daa02366cf5f-2699.npz,1080,1100,0.05,0.05000000074505806,1.3618724346160889,2.076493263244629,0.2808322012424469,3.1620287895202637,1.1585391759872437,2.849158525466919,5.616643905639648,3.503387689590454
atari_private_eye,/home/haselab/murakawa/stable-deep-world-model/logdir/atari_private_eye_vta_20260108_185758,/home/haselab/murakawa/stable-deep-world-model/logdir/atari_private_eye_vta_20260108_185758/latest.pt,/home/haselab/murakawa/stable-deep-world-model/logdir/atari_private_eye_vta_20260108_185758/train_eps/20260109T132052-aea21edf924748b7af34daa02366cf5f-2699.npz,1085,1105,0.05,0.05000000074505806,1.3426319360733032,2.3468518257141113,0.2808322012424469,3.327003002166748,1.1585391759872437,2.849158525466919,5.616643905639648,3.503387689590454
atari_private_eye,/home/haselab/murakawa/stable-deep-world-model/logdir/atari_private_eye_vta_20260108_185758,/home/haselab/murakawa/stable-deep-world-model/logdir/atari_private_eye_vta_20260108_185758/latest.pt,/home/haselab/murakawa/stable-deep-world-model/logdir/atari_private_eye_vta_20260108_185758/train_eps/20260109T132052-aea21edf924748b7af34daa02366cf5f-2699.npz,1090,1110,0.05,0.05000000074505806,1.403130292892456,2.4451229572296143,0.2808322012424469,3.4418444633483887,1.1585391759872437,2.849158525466919,5.616643905639648,3.503387689590454
atari_private_eye,/home/haselab/murakawa/stable-deep-world-model/logdir/atari_private_eye_vta_20260108_185758,/home/haselab/murakawa/stable-deep-world-model/logdir/atari_private_eye_vta_20260108_185758/latest.pt,/home/haselab/murakawa/stable-deep-world-model/logdir/atari_private_eye_vta_20260108_185758/train_eps/20260109T132052-aea21edf924748b7af34daa02366cf5f-2699.npz,1095,1115,0.05,0.05000000074505806,1.3467862606048584,2.32472825050354,0.2808322012424469,3.292503833770752,1.1585391759872437,2.849158525466919,5.616643905639648,3.503387689590454
atari_private_eye,/home/haselab/murakawa/stable-deep-world-model/logdir/atari_private_eye_vta_20260108_185758,/home/haselab/murakawa/stable-deep-world-model/logdir/atari_private_eye_vta_20260108_185758/latest.pt,/home/haselab/murakawa/stable-deep-world-model/logdir/atari_private_eye_vta_20260108_185758/train_eps/20260109T132052-aea21edf924748b7af34daa02366cf5f-2699.npz,1100,1120,0.0,1.6066066722101604e-15,1.3749282360076904,2.318617343902588,0.0,3.3009281158447266,nan,nan,nan,nan
atari_private_eye,/home/haselab/murakawa/stable-deep-world-model/logdir/atari_private_eye_vta_20260108_185758,/home/haselab/murakawa/stable-deep-world-model/logdir/atari_private_eye_vta_20260108_185758/latest.pt,/home/haselab/murakawa/stable-deep-world-model/logdir/atari_private_eye_vta_20260108_185758/train_eps/20260109T132052-aea21edf924748b7af34daa02366cf5f-2699.npz,1105,1125,0.0,3.8111917118857815e-15,1.3805891275405884,2.236710548400879,0.0,3.241229295730591,nan,nan,nan,nan
atari_private_eye,/home/haselab/murakawa/stable-deep-world-model/logdir/atari_private_eye_vta_20260108_185758,/home/haselab/murakawa/stable-deep-world-model/logdir/atari_private_eye_vta_20260108_185758/latest.pt,/home/haselab/murakawa/stable-deep-world-model/logdir/atari_private_eye_vta_20260108_185758/train_eps/20260109T132052-aea21edf924748b7af34daa02366cf5f-2699.npz,1110,1130,0.0,3.716879675406699e-15,1.2882883548736572,2.2000131607055664,0.0,3.1447701454162598,nan,nan,nan,nan
atari_private_eye,/home/haselab/murakawa/stable-deep-world-model/logdir/atari_private_eye_vta_20260108_185758,/home/haselab/murakawa/stable-deep-world-model/logdir/atari_private_eye_vta_20260108_185758/latest.pt,/home/haselab/murakawa/stable-deep-world-model/logdir/atari_private_eye_vta_20260108_185758/train_eps/20260109T132052-aea21edf924748b7af34daa02366cf5f-2699.npz,1115,1135,0.0,3.5162546278935973e-15,1.1860671043395996,2.3041162490844727,0.0,3.2883477210998535,nan,nan,nan,nan
atari_private_eye,/home/haselab/murakawa/stable-deep-world-model/logdir/atari_private_eye_vta_20260108_185758,/home/haselab/murakawa/stable-deep-world-model/logdir/atari_private_eye_vta_20260108_185758/latest.pt,/home/haselab/murakawa/stable-deep-world-model/logdir/atari_private_eye_vta_20260108_185758/train_eps/20260109T132052-aea21edf924748b7af34daa02366cf5f-2699.npz,1120,1140,0.0,4.9586020239942435e-14,1.2397210597991943,2.414207696914673,0.0,3.3464622497558594,nan,nan,nan,nan
atari_private_eye,/home/haselab/murakawa/stable-deep-world-model/logdir/atari_private_eye_vta_20260108_185758,/home/haselab/murakawa/stable-deep-world-model/logdir/atari_private_eye_vta_20260108_185758/latest.pt,/home/haselab/murakawa/stable-deep-world-model/logdir/atari_private_eye_vta_20260108_185758/train_eps/20260109T132052-aea21edf924748b7af34daa02366cf5f-2699.npz,1125,1145,0.0,1.078084561727255e-13,1.145483374595642,2.3572726249694824,0.0,3.336439847946167,nan,nan,nan,nan
atari_private_eye,/home/haselab/murakawa/stable-deep-world-model/logdir/atari_private_eye_vta_20260108_185758,/home/haselab/murakawa/stable-deep-world-model/logdir/atari_private_eye_vta_20260108_185758/latest.pt,/home/haselab/murakawa/stable-deep-world-model/logdir/atari_private_eye_vta_20260108_185758/train_eps/20260109T132052-aea21edf924748b7af34daa02366cf5f-2699.npz,1130,1150,0.05,0.05000000074505806,1.4655301570892334,3.2346832752227783,0.3634442687034607,4.133355617523193,1.595829963684082,3.911121368408203,7.268885135650635,4.274349212646484
atari_private_eye,/home/haselab/murakawa/stable-deep-world-model/logdir/atari_private_eye_vta_20260108_185758,/home/haselab/murakawa/stable-deep-world-model/logdir/atari_private_eye_vta_20260108_185758/latest.pt,/home/haselab/murakawa/stable-deep-world-model/logdir/atari_private_eye_vta_20260108_185758/train_eps/20260109T132052-aea21edf924748b7af34daa02366cf5f-2699.npz,1135,1155,0.05,0.05000000074505806,1.8224155902862549,3.8601372241973877,0.3634442687034607,4.668699741363525,1.595829963684082,3.911121368408203,7.268885135650635,4.274349212646484
atari_private_eye,/home/haselab/murakawa/stable-deep-world-model/logdir/atari_private_eye_vta_20260108_185758,/home/haselab/murakawa/stable-deep-world-model/logdir/atari_private_eye_vta_20260108_185758/latest.pt,/home/haselab/murakawa/stable-deep-world-model/logdir/atari_private_eye_vta_20260108_185758/train_eps/20260109T132052-aea21edf924748b7af34daa02366cf5f-2699.npz,1140,1160,0.05,0.05000000074505806,1.9498875141143799,4.329113960266113,0.3634442687034607,4.968888759613037,1.595829963684082,3.911121368408203,7.268885135650635,4.274349212646484
atari_private_eye,/home/haselab/murakawa/stable-deep-world-model/logdir/atari_private_eye_vta_20260108_185758,/home/haselab/murakawa/stable-deep-world-model/logdir/atari_private_eye_vta_20260108_185758/latest.pt,/home/haselab/murakawa/stable-deep-world-model/logdir/atari_private_eye_vta_20260108_185758/train_eps/20260109T132052-aea21edf924748b7af34daa02366cf5f-2699.npz,1145,1165,0.05,0.05000000074505806,2.0818231105804443,4.651102542877197,0.3634442687034607,5.09100866317749,1.595829963684082,3.911121368408203,7.268885135650635,4.274349212646484
atari_private_eye,/home/haselab/murakawa/stable-deep-world-model/logdir/atari_private_eye_vta_20260108_185758,/home/haselab/murakawa/stable-deep-world-model/logdir/atari_private_eye_vta_20260108_185758/latest.pt,/home/haselab/murakawa/stable-deep-world-model/logdir/atari_private_eye_vta_20260108_185758/train_eps/20260109T132052-aea21edf924748b7af34daa02366cf5f-2699.npz,1150,1170,0.0,4.171906043390701e-23,2.022897720336914,4.220301628112793,0.0,4.65968132019043,nan,nan,nan,nan
atari_private_eye,/home/haselab/murakawa/stable-deep-world-model/logdir/atari_private_eye_vta_20260108_185758,/home/haselab/murakawa/stable-deep-world-model/logdir/atari_private_eye_vta_20260108_185758/latest.pt,/home/haselab/murakawa/stable-deep-world-model/logdir/atari_private_eye_vta_20260108_185758/train_eps/20260109T132052-aea21edf924748b7af34daa02366cf5f-2699.npz,1155,1175,0.0,1.888376878911996e-13,1.9617443084716797,4.17403507232666,0.0,4.565711498260498,nan,nan,nan,nan
atari_private_eye,/home/haselab/murakawa/stable-deep-world-model/logdir/atari_private_eye_vta_20260108_185758,/home/haselab/murakawa/stable-deep-world-model/logdir/atari_private_eye_vta_20260108_185758/latest.pt,/home/haselab/murakawa/stable-deep-world-model/logdir/atari_private_eye_vta_20260108_185758/train_eps/20260109T132052-aea21edf924748b7af34daa02366cf5f-2699.npz,1160,1180,0.0,1.4035625092723159e-11,1.7719008922576904,3.5654361248016357,0.0,4.1793437004089355,nan,nan,nan,nan
atari_private_eye,/home/haselab/murakawa/stable-deep-world-model/logdir/atari_private_eye_vta_20260108_185758,/home/haselab/murakawa/stable-deep-world-model/logdir/atari_private_eye_vta_20260108_185758/latest.pt,/home/haselab/murakawa/stable-deep-world-model/logdir/atari_private_eye_vta_20260108_185758/train_eps/20260109T132052-aea21edf924748b7af34daa02366cf5f-2699.npz,1165,1185,0.0,1.40858227859475e-11,1.6982990503311157,3.3476805686950684,0.0,4.16909646987915,nan,nan,nan,nan
atari_private_eye,/home/haselab/murakawa/stable-deep-world-model/logdir/atari_private_eye_vta_20260108_185758,/home/haselab/murakawa/stable-deep-world-model/logdir/atari_private_eye_vta_20260108_185758/latest.pt,/home/haselab/murakawa/stable-deep-world-model/logdir/atari_private_eye_vta_20260108_185758/train_eps/20260109T132052-aea21edf924748b7af34daa02366cf5f-2699.npz,1170,1190,0.0,1.4087846340882226e-11,1.442603588104248,2.9967892169952393,0.0,3.9556708335876465,nan,nan,nan,nan
atari_private_eye,/home/haselab/murakawa/stable-deep-world-model/logdir/atari_private_eye_vta_20260108_185758,/home/haselab/murakawa/stable-deep-world-model/logdir/atari_private_eye_vta_20260108_185758/latest.pt,/home/haselab/murakawa/stable-deep-world-model/logdir/atari_private_eye_vta_20260108_185758/train_eps/20260109T132052-aea21edf924748b7af34daa02366cf5f-2699.npz,1175,1195,0.0,1.389903036413953e-11,1.2340887784957886,2.3613953590393066,0.0,3.4093353748321533,nan,nan,nan,nan
atari_private_eye,/home/haselab/murakawa/stable-deep-world-model/logdir/atari_private_eye_vta_20260108_185758,/home/haselab/murakawa/stable-deep-world-model/logdir/atari_private_eye_vta_20260108_185758/latest.pt,/home/haselab/murakawa/stable-deep-world-model/logdir/atari_private_eye_vta_20260108_185758/train_eps/20260109T132052-aea21edf924748b7af34daa02366cf5f-2699.npz,1180,1200,0.05,0.05000000074505806,1.3005062341690063,2.606387138366699,0.358584463596344,3.738530397415161,1.4156160354614258,4.355340003967285,7.171689510345459,4.765136241912842
atari_private_eye,/home/haselab/murakawa/stable-deep-world-model/logdir/atari_private_eye_vta_20260108_185758,/home/haselab/murakawa/stable-deep-world-model/logdir/atari_private_eye_vta_20260108_185758/latest.pt,/home/haselab/murakawa/stable-deep-world-model/logdir/atari_private_eye_vta_20260108_185758/train_eps/20260109T132052-aea21edf924748b7af34daa02366cf5f-2699.npz,1185,1205,0.05,0.05000000074505806,1.2597930431365967,2.553723096847534,0.358584463596344,3.9195308685302734,1.4156160354614258,4.355340003967285,7.171689510345459,4.765136241912842
atari_private_eye,/home/haselab/murakawa/stable-deep-world-model/logdir/atari_private_eye_vta_20260108_185758,/home/haselab/murakawa/stable-deep-world-model/logdir/atari_private_eye_vta_20260108_185758/latest.pt,/home/haselab/murakawa/stable-deep-world-model/logdir/atari_private_eye_vta_20260108_185758/train_eps/20260109T132052-aea21edf924748b7af34daa02366cf5f-2699.npz,1190,1210,0.05,0.05000000074505806,1.2398293018341064,2.432316541671753,0.358584463596344,3.8526313304901123,1.4156160354614258,4.355340003967285,7.171689510345459,4.765136241912842
atari_private_eye,/home/haselab/murakawa/stable-deep-world-model/logdir/atari_private_eye_vta_20260108_185758,/home/haselab/murakawa/stable-deep-world-model/logdir/atari_private_eye_vta_20260108_185758/latest.pt,/home/haselab/murakawa/stable-deep-world-model/logdir/atari_private_eye_vta_20260108_185758/train_eps/20260109T132052-aea21edf924748b7af34daa02366cf5f-2699.npz,1195,1215,0.05,0.05000000074505806,1.2620376348495483,2.5498576164245605,0.358584463596344,4.081449031829834,1.4156160354614258,4.355340003967285,7.171689510345459,4.765136241912842
atari_private_eye,/home/haselab/murakawa/stable-deep-world-model/logdir/atari_private_eye_vta_20260108_185758,/home/haselab/murakawa/stable-deep-world-model/logdir/atari_private_eye_vta_20260108_185758/latest.pt,/home/haselab/murakawa/stable-deep-world-model/logdir/atari_private_eye_vta_20260108_185758/train_eps/20260109T132052-aea21edf924748b7af34daa02366cf5f-2699.npz,1200,1220,0.0,2.7069041859352147e-14,1.2120730876922607,2.392521381378174,0.0,3.8001599311828613,nan,nan,nan,nan
atari_private_eye,/home/haselab/murakawa/stable-deep-world-model/logdir/atari_private_eye_vta_20260108_185758,/home/haselab/murakawa/stable-deep-world-model/logdir/atari_private_eye_vta_20260108_185758/latest.pt,/home/haselab/murakawa/stable-deep-world-model/logdir/atari_private_eye_vta_20260108_185758/train_eps/20260109T132052-aea21edf924748b7af34daa02366cf5f-2699.npz,1205,1225,0.0,2.8077204190096738e-14,1.2583463191986084,2.379997730255127,0.0,3.4741077423095703,nan,nan,nan,nan
atari_private_eye,/home/haselab/murakawa/stable-deep-world-model/logdir/atari_private_eye_vta_20260108_185758,/home/haselab/murakawa/stable-deep-world-model/logdir/atari_private_eye_vta_20260108_185758/latest.pt,/home/haselab/murakawa/stable-deep-world-model/logdir/atari_private_eye_vta_20260108_185758/train_eps/20260109T132052-aea21edf924748b7af34daa02366cf5f-2699.npz,1210,1230,0.0,8.815579424217498e-14,1.277766227722168,2.4008214473724365,0.0,3.4667744636535645,nan,nan,nan,nan
atari_private_eye,/home/haselab/murakawa/stable-deep-world-model/logdir/atari_private_eye_vta_20260108_185758,/home/haselab/murakawa/stable-deep-world-model/logdir/atari_private_eye_vta_20260108_185758/latest.pt,/home/haselab/murakawa/stable-deep-world-model/logdir/atari_private_eye_vta_20260108_185758/train_eps/20260109T132052-aea21edf924748b7af34daa02366cf5f-2699.npz,1215,1235,0.0,4.439987873888773e-13,1.2564042806625366,2.4655160903930664,0.0,3.4403719902038574,nan,nan,nan,nan
atari_private_eye,/home/haselab/murakawa/stable-deep-world-model/logdir/atari_private_eye_vta_20260108_185758,/home/haselab/murakawa/stable-deep-world-model/logdir/atari_private_eye_vta_20260108_185758/latest.pt,/home/haselab/murakawa/stable-deep-world-model/logdir/atari_private_eye_vta_20260108_185758/train_eps/20260109T132052-aea21edf924748b7af34daa02366cf5f-2699.npz,1220,1240,0.0,8.069567692010893e-13,1.3261983394622803,2.6137664318084717,0.0,3.5586352348327637,nan,nan,nan,nan
atari_private_eye,/home/haselab/murakawa/stable-deep-world-model/logdir/atari_private_eye_vta_20260108_185758,/home/haselab/murakawa/stable-deep-world-model/logdir/atari_private_eye_vta_20260108_185758/latest.pt,/home/haselab/murakawa/stable-deep-world-model/logdir/atari_private_eye_vta_20260108_185758/train_eps/20260109T132052-aea21edf924748b7af34daa02366cf5f-2699.npz,1225,1245,0.0,8.716363676837535e-13,1.343634009361267,2.690711259841919,0.0,3.62495493888855,nan,nan,nan,nan
atari_private_eye,/home/haselab/murakawa/stable-deep-world-model/logdir/atari_private_eye_vta_20260108_185758,/home/haselab/murakawa/stable-deep-world-model/logdir/atari_private_eye_vta_20260108_185758/latest.pt,/home/haselab/murakawa/stable-deep-world-model/logdir/atari_private_eye_vta_20260108_185758/train_eps/20260109T132052-aea21edf924748b7af34daa02366cf5f-2699.npz,1230,1250,0.05,0.05000000074505806,1.288027048110962,2.7393338680267334,0.245977520942688,3.605257511138916,1.0197594165802002,3.7629716396331787,4.91955041885376,4.562427043914795
atari_private_eye,/home/haselab/murakawa/stable-deep-world-model/logdir/atari_private_eye_vta_20260108_185758,/home/haselab/murakawa/stable-deep-world-model/logdir/atari_private_eye_vta_20260108_185758/latest.pt,/home/haselab/murakawa/stable-deep-world-model/logdir/atari_private_eye_vta_20260108_185758/train_eps/20260109T132052-aea21edf924748b7af34daa02366cf5f-2699.npz,1235,1255,0.05,0.05000000074505806,1.29212486743927,2.711832284927368,0.245977520942688,3.6289494037628174,1.0197594165802002,3.7629716396331787,4.91955041885376,4.562427043914795
atari_private_eye,/home/haselab/murakawa/stable-deep-world-model/logdir/atari_private_eye_vta_20260108_185758,/home/haselab/murakawa/stable-deep-world-model/logdir/atari_private_eye_vta_20260108_185758/latest.pt,/home/haselab/murakawa/stable-deep-world-model/logdir/atari_private_eye_vta_20260108_185758/train_eps/20260109T132052-aea21edf924748b7af34daa02366cf5f-2699.npz,1240,1260,0.05,0.05000000074505806,1.293524980545044,2.6448466777801514,0.245977520942688,3.5489819049835205,1.0197594165802002,3.7629716396331787,4.91955041885376,4.562427043914795
atari_private_eye,/home/haselab/murakawa/stable-deep-world-model/logdir/atari_private_eye_vta_20260108_185758,/home/haselab/murakawa/stable-deep-world-model/logdir/atari_private_eye_vta_20260108_185758/latest.pt,/home/haselab/murakawa/stable-deep-world-model/logdir/atari_private_eye_vta_20260108_185758/train_eps/20260109T132052-aea21edf924748b7af34daa02366cf5f-2699.npz,1245,1265,0.05,0.05000000074505806,1.2566144466400146,2.4973340034484863,0.245977520942688,3.4742043018341064,1.0197594165802002,3.7629716396331787,4.91955041885376,4.562427043914795
atari_private_eye,/home/haselab/murakawa/stable-deep-world-model/logdir/atari_private_eye_vta_20260108_185758,/home/haselab/murakawa/stable-deep-world-model/logdir/atari_private_eye_vta_20260108_185758/latest.pt,/home/haselab/murakawa/stable-deep-world-model/logdir/atari_private_eye_vta_20260108_185758/train_eps/20260109T132052-aea21edf924748b7af34daa02366cf5f-2699.npz,1250,1270,0.0,5.463785179230917e-15,1.220558762550354,2.381067991256714,0.0,3.4053738117218018,nan,nan,nan,nan
atari_private_eye,/home/haselab/murakawa/stable-deep-world-model/logdir/atari_private_eye_vta_20260108_185758,/home/haselab/murakawa/stable-deep-world-model/logdir/atari_private_eye_vta_20260108_185758/latest.pt,/home/haselab/murakawa/stable-deep-world-model/logdir/atari_private_eye_vta_20260108_185758/train_eps/20260109T132052-aea21edf924748b7af34daa02366cf5f-2699.npz,1255,1275,0.0,1.3263966747861788e-14,1.2804734706878662,2.2829372882843018,0.0,3.22542142868042,nan,nan,nan,nan
atari_private_eye,/home/haselab/murakawa/stable-deep-world-model/logdir/atari_private_eye_vta_20260108_185758,/home/haselab/murakawa/stable-deep-world-model/logdir/atari_private_eye_vta_20260108_185758/latest.pt,/home/haselab/murakawa/stable-deep-world-model/logdir/atari_private_eye_vta_20260108_185758/train_eps/20260109T132052-aea21edf924748b7af34daa02366cf5f-2699.npz,1260,1280,0.0,2.5259457611497005e-14,1.2071378231048584,2.2352747917175293,0.0,3.213045120239258,nan,nan,nan,nan
atari_private_eye,/home/haselab/murakawa/stable-deep-world-model/logdir/atari_private_eye_vta_20260108_185758,/home/haselab/murakawa/stable-deep-world-model/logdir/atari_private_eye_vta_20260108_185758/latest.pt,/home/haselab/murakawa/stable-deep-world-model/logdir/atari_private_eye_vta_20260108_185758/train_eps/20260109T132052-aea21edf924748b7af34daa02366cf5f-2699.npz,1265,1285,0.0,2.562093400393546e-14,1.2409212589263916,2.3287196159362793,0.0,3.2945008277893066,nan,nan,nan,nan
atari_private_eye,/home/haselab/murakawa/stable-deep-world-model/logdir/atari_private_eye_vta_20260108_185758,/home/haselab/murakawa/stable-deep-world-model/logdir/atari_private_eye_vta_20260108_185758/latest.pt,/home/haselab/murakawa/stable-deep-world-model/logdir/atari_private_eye_vta_20260108_185758/train_eps/20260109T132052-aea21edf924748b7af34daa02366cf5f-2699.npz,1270,1290,0.0,3.228306158639324e-14,1.4086393117904663,2.4895291328430176,0.0,3.3922677040100098,nan,nan,nan,nan
atari_private_eye,/home/haselab/murakawa/stable-deep-world-model/logdir/atari_private_eye_vta_20260108_185758,/home/haselab/murakawa/stable-deep-world-model/logdir/atari_private_eye_vta_20260108_185758/latest.pt,/home/haselab/murakawa/stable-deep-world-model/logdir/atari_private_eye_vta_20260108_185758/train_eps/20260109T132052-aea21edf924748b7af34daa02366cf5f-2699.npz,1275,1295,0.0,2.7716251264019685e-14,1.3263150453567505,2.4402318000793457,0.0,3.3669838905334473,nan,nan,nan,nan
atari_private_eye,/home/haselab/murakawa/stable-deep-world-model/logdir/atari_private_eye_vta_20260108_185758,/home/haselab/murakawa/stable-deep-world-model/logdir/atari_private_eye_vta_20260108_185758/latest.pt,/home/haselab/murakawa/stable-deep-world-model/logdir/atari_private_eye_vta_20260108_185758/train_eps/20260109T132052-aea21edf924748b7af34daa02366cf5f-2699.npz,1280,1300,0.05,0.05000000074505806,1.3180677890777588,2.445101261138916,0.14876243472099304,3.430995464324951,2.4950921535491943,4.447187900543213,2.9752485752105713,5.570695400238037
atari_private_eye,/home/haselab/murakawa/stable-deep-world-model/logdir/atari_private_eye_vta_20260108_185758,/home/haselab/murakawa/stable-deep-world-model/logdir/atari_private_eye_vta_20260108_185758/latest.pt,/home/haselab/murakawa/stable-deep-world-model/logdir/atari_private_eye_vta_20260108_185758/train_eps/20260109T132052-aea21edf924748b7af34daa02366cf5f-2699.npz,1285,1305,0.05,0.05000000074505806,1.3188608884811401,2.5664353370666504,0.14876243472099304,3.437472105026245,2.4950921535491943,4.447187900543213,2.9752485752105713,5.570695400238037
atari_private_eye,/home/haselab/murakawa/stable-deep-world-model/logdir/atari_private_eye_vta_20260108_185758,/home/haselab/murakawa/stable-deep-world-model/logdir/atari_private_eye_vta_20260108_185758/latest.pt,/home/haselab/murakawa/stable-deep-world-model/logdir/atari_private_eye_vta_20260108_185758/train_eps/20260109T132052-aea21edf924748b7af34daa02366cf5f-2699.npz,1290,1310,0.05,0.05000000074505806,1.2764904499053955,2.5423741340637207,0.14876243472099304,3.447783946990967,2.4950921535491943,4.447187900543213,2.9752485752105713,5.570695400238037
atari_private_eye,/home/haselab/murakawa/stable-deep-world-model/logdir/atari_private_eye_vta_20260108_185758,/home/haselab/murakawa/stable-deep-world-model/logdir/atari_private_eye_vta_20260108_185758/latest.pt,/home/haselab/murakawa/stable-deep-world-model/logdir/atari_private_eye_vta_20260108_185758/train_eps/20260109T132052-aea21edf924748b7af34daa02366cf5f-2699.npz,1295,1315,0.05,0.05000000074505806,1.2818710803985596,2.551544666290283,0.14876243472099304,3.3852462768554688,2.4950921535491943,4.447187900543213,2.9752485752105713,5.570695400238037
atari_private_eye,/home/haselab/murakawa/stable-deep-world-model/logdir/atari_private_eye_vta_20260108_185758,/home/haselab/murakawa/stable-deep-world-model/logdir/atari_private_eye_vta_20260108_185758/latest.pt,/home/haselab/murakawa/stable-deep-world-model/logdir/atari_private_eye_vta_20260108_185758/train_eps/20260109T132052-aea21edf924748b7af34daa02366cf5f-2699.npz,1300,1320,0.0,1.5515312559027938e-14,1.256469488143921,2.5327653884887695,0.0,3.394829511642456,nan,nan,nan,nan
atari_private_eye,/home/haselab/murakawa/stable-deep-world-model/logdir/atari_private_eye_vta_20260108_185758,/home/haselab/murakawa/stable-deep-world-model/logdir/atari_private_eye_vta_20260108_185758/latest.pt,/home/haselab/murakawa/stable-deep-world-model/logdir/atari_private_eye_vta_20260108_185758/train_eps/20260109T132052-aea21edf924748b7af34daa02366cf5f-2699.npz,1305,1325,0.0,1.2835025028207474e-14,1.1466474533081055,2.4177937507629395,0.0,3.365537643432617,nan,nan,nan,nan
atari_private_eye,/home/haselab/murakawa/stable-deep-world-model/logdir/atari_private_eye_vta_20260108_185758,/home/haselab/murakawa/stable-deep-world-model/logdir/atari_private_eye_vta_20260108_185758/latest.pt,/home/haselab/murakawa/stable-deep-world-model/logdir/atari_private_eye_vta_20260108_185758/train_eps/20260109T132052-aea21edf924748b7af34daa02366cf5f-2699.npz,1310,1330,0.0,2.2273313835668995e-12,1.0973517894744873,2.3572018146514893,0.0,3.3392443656921387,nan,nan,nan,nan
atari_private_eye,/home/haselab/murakawa/stable-deep-world-model/logdir/atari_private_eye_vta_20260108_185758,/home/haselab/murakawa/stable-deep-world-model/logdir/atari_private_eye_vta_20260108_185758/latest.pt,/home/haselab/murakawa/stable-deep-world-model/logdir/atari_private_eye_vta_20260108_185758/train_eps/20260109T132052-aea21edf924748b7af34daa02366cf5f-2699.npz,1315,1335,0.0,2.227608505642187e-12,1.135394811630249,2.4561896324157715,0.0,3.5840630531311035,nan,nan,nan,nan
atari_private_eye,/home/haselab/murakawa/stable-deep-world-model/logdir/atari_private_eye_vta_20260108_185758,/home/haselab/murakawa/stable-deep-world-model/logdir/atari_private_eye_vta_20260108_185758/latest.pt,/home/haselab/murakawa/stable-deep-world-model/logdir/atari_private_eye_vta_20260108_185758/train_eps/20260109T132052-aea21edf924748b7af34daa02366cf5f-2699.npz,1320,1340,0.0,2.2257334864050904e-12,1.240849256515503,2.5397794246673584,0.0,3.5568535327911377,nan,nan,nan,nan
atari_private_eye,/home/haselab/murakawa/stable-deep-world-model/logdir/atari_private_eye_vta_20260108_185758,/home/haselab/murakawa/stable-deep-world-model/logdir/atari_private_eye_vta_20260108_185758/latest.pt,/home/haselab/murakawa/stable-deep-world-model/logdir/atari_private_eye_vta_20260108_185758/train_eps/20260109T132052-aea21edf924748b7af34daa02366cf5f-2699.npz,1325,1345,0.0,2.223565298900554e-12,1.3495638370513916,2.372877597808838,0.0,3.471482038497925,nan,nan,nan,nan
atari_private_eye,/home/haselab/murakawa/stable-deep-world-model/logdir/atari_private_eye_vta_20260108_185758,/home/haselab/murakawa/stable-deep-world-model/logdir/atari_private_eye_vta_20260108_185758/latest.pt,/home/haselab/murakawa/stable-deep-world-model/logdir/atari_private_eye_vta_20260108_185758/train_eps/20260109T132052-aea21edf924748b7af34daa02366cf5f-2699.npz,1330,1350,0.05,0.05000000074505806,1.4418007135391235,2.345566511154175,0.24477532505989075,3.4701743125915527,1.727301836013794,2.884387969970703,4.895506381988525,4.198771953582764
atari_private_eye,/home/haselab/murakawa/stable-deep-world-model/logdir/atari_private_eye_vta_20260108_185758,/home/haselab/murakawa/stable-deep-world-model/logdir/atari_private_eye_vta_20260108_185758/latest.pt,/home/haselab/murakawa/stable-deep-world-model/logdir/atari_private_eye_vta_20260108_185758/train_eps/20260109T132052-aea21edf924748b7af34daa02366cf5f-2699.npz,1335,1355,0.05,0.05000000074505806,1.4832290410995483,2.3529140949249268,0.24477532505989075,3.5302040576934814,1.727301836013794,2.884387969970703,4.895506381988525,4.198771953582764
atari_private_eye,/home/haselab/murakawa/stable-deep-world-model/logdir/atari_private_eye_vta_20260108_185758,/home/haselab/murakawa/stable-deep-world-model/logdir/atari_private_eye_vta_20260108_185758/latest.pt,/home/haselab/murakawa/stable-deep-world-model/logdir/atari_private_eye_vta_20260108_185758/train_eps/20260109T132052-aea21edf924748b7af34daa02366cf5f-2699.npz,1340,1360,0.05,0.05000000074505806,1.3849046230316162,2.192709445953369,0.24477532505989075,3.6495327949523926,1.727301836013794,2.884387969970703,4.895506381988525,4.198771953582764
atari_private_eye,/home/haselab/murakawa/stable-deep-world-model/logdir/atari_private_eye_vta_20260108_185758,/home/haselab/murakawa/stable-deep-world-model/logdir/atari_private_eye_vta_20260108_185758/latest.pt,/home/haselab/murakawa/stable-deep-world-model/logdir/atari_private_eye_vta_20260108_185758/train_eps/20260109T132052-aea21edf924748b7af34daa02366cf5f-2699.npz,1345,1365,0.05,0.05000000074505806,1.3718547821044922,2.3751511573791504,0.24477532505989075,4.0558552742004395,1.727301836013794,2.884387969970703,4.895506381988525,4.198771953582764
atari_private_eye,/home/haselab/murakawa/stable-deep-world-model/logdir/atari_private_eye_vta_20260108_185758,/home/haselab/murakawa/stable-deep-world-model/logdir/atari_private_eye_vta_20260108_185758/latest.pt,/home/haselab/murakawa/stable-deep-world-model/logdir/atari_private_eye_vta_20260108_185758/train_eps/20260109T132052-aea21edf924748b7af34daa02366cf5f-2699.npz,1350,1370,0.0,2.602630838708514e-13,1.26283860206604,2.4309592247009277,0.0,4.049859046936035,nan,nan,nan,nan
atari_private_eye,/home/haselab/murakawa/stable-deep-world-model/logdir/atari_private_eye_vta_20260108_185758,/home/haselab/murakawa/stable-deep-world-model/logdir/atari_private_eye_vta_20260108_185758/latest.pt,/home/haselab/murakawa/stable-deep-world-model/logdir/atari_private_eye_vta_20260108_185758/train_eps/20260109T132052-aea21edf924748b7af34daa02366cf5f-2699.npz,1355,1375,0.0,6.055654567203861e-13,1.2073404788970947,2.3271374702453613,0.0,3.856360912322998,nan,nan,nan,nan
atari_private_eye,/home/haselab/murakawa/stable-deep-world-model/logdir/atari_private_eye_vta_20260108_185758,/home/haselab/murakawa/stable-deep-world-model/logdir/atari_private_eye_vta_20260108_185758/latest.pt,/home/haselab/murakawa/stable-deep-world-model/logdir/atari_private_eye_vta_20260108_185758/train_eps/20260109T132052-aea21edf924748b7af34daa02366cf5f-2699.npz,1360,1380,0.0,2.0895988932234655e-12,1.2289750576019287,2.437394380569458,0.0,3.691740036010742,nan,nan,nan,nan
atari_private_eye,/home/haselab/murakawa/stable-deep-world-model/logdir/atari_private_eye_vta_20260108_185758,/home/haselab/murakawa/stable-deep-world-model/logdir/atari_private_eye_vta_20260108_185758/latest.pt,/home/haselab/murakawa/stable-deep-world-model/logdir/atari_private_eye_vta_20260108_185758/train_eps/20260109T132052-aea21edf924748b7af34daa02366cf5f-2699.npz,1365,1385,0.0,1.8426635217672072e-10,1.2399795055389404,2.3677940368652344,0.0,3.2911434173583984,nan,nan,nan,nan
atari_private_eye,/home/haselab/murakawa/stable-deep-world-model/logdir/atari_private_eye_vta_20260108_185758,/home/haselab/murakawa/stable-deep-world-model/logdir/atari_private_eye_vta_20260108_185758/latest.pt,/home/haselab/murakawa/stable-deep-world-model/logdir/atari_private_eye_vta_20260108_185758/train_eps/20260109T132052-aea21edf924748b7af34daa02366cf5f-2699.npz,1370,1390,0.0,1.8437015802952317e-10,1.2603504657745361,2.3791823387145996,0.0,3.3282463550567627,nan,nan,nan,nan
atari_private_eye,/home/haselab/murakawa/stable-deep-world-model/logdir/atari_private_eye_vta_20260108_185758,/home/haselab/murakawa/stable-deep-world-model/logdir/atari_private_eye_vta_20260108_185758/latest.pt,/home/haselab/murakawa/stable-deep-world-model/logdir/atari_private_eye_vta_20260108_185758/train_eps/20260109T132052-aea21edf924748b7af34daa02366cf5f-2699.npz,1375,1395,0.0,1.9847794241467653e-10,1.3060872554779053,2.415341854095459,0.0,3.2869067192077637,nan,nan,nan,nan
atari_private_eye,/home/haselab/murakawa/stable-deep-world-model/logdir/atari_private_eye_vta_20260108_185758,/home/haselab/murakawa/stable-deep-world-model/logdir/atari_private_eye_vta_20260108_185758/latest.pt,/home/haselab/murakawa/stable-deep-world-model/logdir/atari_private_eye_vta_20260108_185758/train_eps/20260109T132052-aea21edf924748b7af34daa02366cf5f-2699.npz,1380,1400,0.05,0.05000000074505806,1.2863547801971436,2.4962708950042725,0.3093290328979492,3.3612143993377686,1.2979594469070435,4.132565498352051,6.186580657958984,4.7151312828063965
atari_private_eye,/home/haselab/murakawa/stable-deep-world-model/logdir/atari_private_eye_vta_20260108_185758,/home/haselab/murakawa/stable-deep-world-model/logdir/atari_private_eye_vta_20260108_185758/latest.pt,/home/haselab/murakawa/stable-deep-world-model/logdir/atari_private_eye_vta_20260108_185758/train_eps/20260109T132052-aea21edf924748b7af34daa02366cf5f-2699.npz,1385,1405,0.05,0.05000000074505806,1.2717108726501465,2.6525323390960693,0.3093290328979492,3.4984424114227295,1.2979594469070435,4.132565498352051,6.186580657958984,4.7151312828063965
atari_private_eye,/home/haselab/murakawa/stable-deep-world-model/logdir/atari_private_eye_vta_20260108_185758,/home/haselab/murakawa/stable-deep-world-model/logdir/atari_private_eye_vta_20260108_185758/latest.pt,/home/haselab/murakawa/stable-deep-world-model/logdir/atari_private_eye_vta_20260108_185758/train_eps/20260109T132052-aea21edf924748b7af34daa02366cf5f-2699.npz,1390,1410,0.05,0.05000000074505806,1.3437613248825073,2.7673401832580566,0.3093290328979492,3.542621612548828,1.2979594469070435,4.132565498352051,6.186580657958984,4.7151312828063965
atari_private_eye,/home/haselab/murakawa/stable-deep-world-model/logdir/atari_private_eye_vta_20260108_185758,/home/haselab/murakawa/stable-deep-world-model/logdir/atari_private_eye_vta_20260108_185758/latest.pt,/home/haselab/murakawa/stable-deep-world-model/logdir/atari_private_eye_vta_20260108_185758/train_eps/20260109T132052-aea21edf924748b7af34daa02366cf5f-2699.npz,1395,1415,0.05,0.05000000074505806,1.37380850315094,2.7854714393615723,0.3093290328979492,3.5757720470428467,1.2979594469070435,4.132565498352051,6.186580657958984,4.7151312828063965
atari_private_eye,/home/haselab/murakawa/stable-deep-world-model/logdir/atari_private_eye_vta_20260108_185758,/home/haselab/murakawa/stable-deep-world-model/logdir/atari_private_eye_vta_20260108_185758/latest.pt,/home/haselab/murakawa/stable-deep-world-model/logdir/atari_private_eye_vta_20260108_185758/train_eps/20260109T132052-aea21edf924748b7af34daa02366cf5f-2699.npz,1400,1420,0.0,3.883420820159633e-13,1.3156918287277222,2.491609573364258,0.0,3.3866214752197266,nan,nan,nan,nan
atari_private_eye,/home/haselab/murakawa/stable-deep-world-model/logdir/atari_private_eye_vta_20260108_185758,/home/haselab/murakawa/stable-deep-world-model/logdir/atari_private_eye_vta_20260108_185758/latest.pt,/home/haselab/murakawa/stable-deep-world-model/logdir/atari_private_eye_vta_20260108_185758/train_eps/20260109T132052-aea21edf924748b7af34daa02366cf5f-2699.npz,1405,1425,0.0,6.213082348952015e-13,1.409640908241272,2.2308173179626465,0.0,3.225038528442383,nan,nan,nan,nan
atari_private_eye,/home/haselab/murakawa/stable-deep-world-model/logdir/atari_private_eye_vta_20260108_185758,/home/haselab/murakawa/stable-deep-world-model/logdir/atari_private_eye_vta_20260108_185758/latest.pt,/home/haselab/murakawa/stable-deep-world-model/logdir/atari_private_eye_vta_20260108_185758/train_eps/20260109T132052-aea21edf924748b7af34daa02366cf5f-2699.npz,1410,1430,0.0,7.937731418342087e-13,1.4043629169464111,2.1288254261016846,0.0,3.1517181396484375,nan,nan,nan,nan
atari_private_eye,/home/haselab/murakawa/stable-deep-world-model/logdir/atari_private_eye_vta_20260108_185758,/home/haselab/murakawa/stable-deep-world-model/logdir/atari_private_eye_vta_20260108_185758/latest.pt,/home/haselab/murakawa/stable-deep-world-model/logdir/atari_private_eye_vta_20260108_185758/train_eps/20260109T132052-aea21edf924748b7af34daa02366cf5f-2699.npz,1415,1435,0.0,7.853156601574096e-13,1.3192150592803955,2.0738015174865723,0.0,3.1026053428649902,nan,nan,nan,nan
atari_private_eye,/home/haselab/murakawa/stable-deep-world-model/logdir/atari_private_eye_vta_20260108_185758,/home/haselab/murakawa/stable-deep-world-model/logdir/atari_private_eye_vta_20260108_185758/latest.pt,/home/haselab/murakawa/stable-deep-world-model/logdir/atari_private_eye_vta_20260108_185758/train_eps/20260109T132052-aea21edf924748b7af34daa02366cf5f-2699.npz,1420,1440,0.0,9.03751899705707e-13,1.4598350524902344,2.338038444519043,0.0,3.2960197925567627,nan,nan,nan,nan
atari_private_eye,/home/haselab/murakawa/stable-deep-world-model/logdir/atari_private_eye_vta_20260108_185758,/home/haselab/murakawa/stable-deep-world-model/logdir/atari_private_eye_vta_20260108_185758/latest.pt,/home/haselab/murakawa/stable-deep-world-model/logdir/atari_private_eye_vta_20260108_185758/train_eps/20260109T132052-aea21edf924748b7af34daa02366cf5f-2699.npz,1425,1445,0.0,3.6411187107933396e-13,1.3825602531433105,2.6536736488342285,0.0,3.532866954803467,nan,nan,nan,nan
atari_private_eye,/home/haselab/murakawa/stable-deep-world-model/logdir/atari_private_eye_vta_20260108_185758,/home/haselab/murakawa/stable-deep-world-model/logdir/atari_private_eye_vta_20260108_185758/latest.pt,/home/haselab/murakawa/stable-deep-world-model/logdir/atari_private_eye_vta_20260108_185758/train_eps/20260109T132052-aea21edf924748b7af34daa02366cf5f-2699.npz,1430,1450,0.05,0.05000000074505806,1.354533076286316,2.7585067749023438,0.21435770392417908,3.6791815757751465,2.0181632041931152,5.468204498291016,4.287154197692871,5.984087944030762
atari_private_eye,/home/haselab/murakawa/stable-deep-world-model/logdir/atari_private_eye_vta_20260108_185758,/home/haselab/murakawa/stable-deep-world-model/logdir/atari_private_eye_vta_20260108_185758/latest.pt,/home/haselab/murakawa/stable-deep-world-model/logdir/atari_private_eye_vta_20260108_185758/train_eps/20260109T132052-aea21edf924748b7af34daa02366cf5f-2699.npz,1435,1455,0.05,0.05000000074505806,1.416494607925415,2.666867256164551,0.21435770392417908,3.605517864227295,2.0181632041931152,5.468204498291016,4.287154197692871,5.984087944030762
atari_private_eye,/home/haselab/murakawa/stable-deep-world-model/logdir/atari_private_eye_vta_20260108_185758,/home/haselab/murakawa/stable-deep-world-model/logdir/atari_private_eye_vta_20260108_185758/latest.pt,/home/haselab/murakawa/stable-deep-world-model/logdir/atari_private_eye_vta_20260108_185758/train_eps/20260109T132052-aea21edf924748b7af34daa02366cf5f-2699.npz,1440,1460,0.05,0.05000000074505806,1.3215370178222656,2.303755283355713,0.21435770392417908,3.348853588104248,2.0181632041931152,5.468204498291016,4.287154197692871,5.984087944030762
atari_private_eye,/home/haselab/murakawa/stable-deep-world-model/logdir/atari_private_eye_vta_20260108_185758,/home/haselab/murakawa/stable-deep-world-model/logdir/atari_private_eye_vta_20260108_185758/latest.pt,/home/haselab/murakawa/stable-deep-world-model/logdir/atari_private_eye_vta_20260108_185758/train_eps/20260109T132052-aea21edf924748b7af34daa02366cf5f-2699.npz,1445,1465,0.05,0.05000000074505806,1.4154549837112427,2.04764461517334,0.21435770392417908,3.208719253540039,2.0181632041931152,5.468204498291016,4.287154197692871,5.984087944030762
atari_private_eye,/home/haselab/murakawa/stable-deep-world-model/logdir/atari_private_eye_vta_20260108_185758,/home/haselab/murakawa/stable-deep-world-model/logdir/atari_private_eye_vta_20260108_185758/latest.pt,/home/haselab/murakawa/stable-deep-world-model/logdir/atari_private_eye_vta_20260108_185758/train_eps/20260109T132052-aea21edf924748b7af34daa02366cf5f-2699.npz,1450,1470,0.0,7.658147662022163e-13,1.4190706014633179,1.8866384029388428,0.0,3.042975664138794,nan,nan,nan,nan
atari_private_eye,/home/haselab/murakawa/stable-deep-world-model/logdir/atari_private_eye_vta_20260108_185758,/home/haselab/murakawa/stable-deep-world-model/logdir/atari_private_eye_vta_20260108_185758/latest.pt,/home/haselab/murakawa/stable-deep-world-model/logdir/atari_private_eye_vta_20260108_185758/train_eps/20260109T132052-aea21edf924748b7af34daa02366cf5f-2699.npz,1455,1475,0.0,9.825094297172265e-13,1.3670361042022705,1.9457098245620728,0.0,3.1407341957092285,nan,nan,nan,nan
atari_private_eye,/home/haselab/murakawa/stable-deep-world-model/logdir/atari_private_eye_vta_20260108_185758,/home/haselab/murakawa/stable-deep-world-model/logdir/atari_private_eye_vta_20260108_185758/latest.pt,/home/haselab/murakawa/stable-deep-world-model/logdir/atari_private_eye_vta_20260108_185758/train_eps/20260109T132052-aea21edf924748b7af34daa02366cf5f-2699.npz,1460,1480,0.0,1.377639647325013e-12,1.378272533416748,2.273444414138794,0.0,3.335850238800049,nan,nan,nan,nan
atari_private_eye,/home/haselab/murakawa/stable-deep-world-model/logdir/atari_private_eye_vta_20260108_185758,/home/haselab/murakawa/stable-deep-world-model/logdir/atari_private_eye_vta_20260108_185758/latest.pt,/home/haselab/murakawa/stable-deep-world-model/logdir/atari_private_eye_vta_20260108_185758/train_eps/20260109T132052-aea21edf924748b7af34daa02366cf5f-2699.npz,1465,1485,0.0,2.7287519032553886e-12,1.2261087894439697,2.32086443901062,0.0,3.268153429031372,nan,nan,nan,nan
atari_private_eye,/home/haselab/murakawa/stable-deep-world-model/logdir/atari_private_eye_vta_20260108_185758,/home/haselab/murakawa/stable-deep-world-model/logdir/atari_private_eye_vta_20260108_185758/latest.pt,/home/haselab/murakawa/stable-deep-world-model/logdir/atari_private_eye_vta_20260108_185758/train_eps/20260109T132052-aea21edf924748b7af34daa02366cf5f-2699.npz,1470,1490,0.0,2.719530980618834e-12,1.2100335359573364,2.3875768184661865,0.0,3.3848423957824707,nan,nan,nan,nan
atari_private_eye,/home/haselab/murakawa/stable-deep-world-model/logdir/atari_private_eye_vta_20260108_185758,/home/haselab/murakawa/stable-deep-world-model/logdir/atari_private_eye_vta_20260108_185758/latest.pt,/home/haselab/murakawa/stable-deep-world-model/logdir/atari_private_eye_vta_20260108_185758/train_eps/20260109T132052-aea21edf924748b7af34daa02366cf5f-2699.npz,1475,1495,0.0,2.554373596322379e-12,1.2598131895065308,2.4145495891571045,0.0,3.3897995948791504,nan,nan,nan,nan
atari_private_eye,/home/haselab/murakawa/stable-deep-world-model/logdir/atari_private_eye_vta_20260108_185758,/home/haselab/murakawa/stable-deep-world-model/logdir/atari_private_eye_vta_20260108_185758/latest.pt,/home/haselab/murakawa/stable-deep-world-model/logdir/atari_private_eye_vta_20260108_185758/train_eps/20260109T132052-aea21edf924748b7af34daa02366cf5f-2699.npz,1480,1500,0.05,0.05000000074505806,1.3232563734054565,2.4987246990203857,0.16998465359210968,3.6149210929870605,1.3230209350585938,4.152016639709473,3.399693012237549,5.253401756286621
atari_private_eye,/home/haselab/murakawa/stable-deep-world-model/logdir/atari_private_eye_vta_20260108_185758,/home/haselab/murakawa/stable-deep-world-model/logdir/atari_private_eye_vta_20260108_185758/latest.pt,/home/haselab/murakawa/stable-deep-world-model/logdir/atari_private_eye_vta_20260108_185758/train_eps/20260109T132052-aea21edf924748b7af34daa02366cf5f-2699.npz,1485,1505,0.05,0.05000000074505806,1.384429693222046,2.6142687797546387,0.16998465359210968,3.9408493041992188,1.3230209350585938,4.152016639709473,3.399693012237549,5.253401756286621
atari_private_eye,/home/haselab/murakawa/stable-deep-world-model/logdir/atari_private_eye_vta_20260108_185758,/home/haselab/murakawa/stable-deep-world-model/logdir/atari_private_eye_vta_20260108_185758/latest.pt,/home/haselab/murakawa/stable-deep-world-model/logdir/atari_private_eye_vta_20260108_185758/train_eps/20260109T132052-aea21edf924748b7af34daa02366cf5f-2699.npz,1490,1510,0.05,0.05000000074505806,1.3102943897247314,2.5589189529418945,0.16998465359210968,3.8955612182617188,1.3230209350585938,4.152016639709473,3.399693012237549,5.253401756286621
atari_private_eye,/home/haselab/murakawa/stable-deep-world-model/logdir/atari_private_eye_vta_20260108_185758,/home/haselab/murakawa/stable-deep-world-model/logdir/atari_private_eye_vta_20260108_185758/latest.pt,/home/haselab/murakawa/stable-deep-world-model/logdir/atari_private_eye_vta_20260108_185758/train_eps/20260109T132052-aea21edf924748b7af34daa02366cf5f-2699.npz,1495,1515,0.05,0.05000000074505806,1.388540267944336,2.9674293994903564,0.16998465359210968,4.466750144958496,1.3230209350585938,4.152016639709473,3.399693012237549,5.253401756286621
atari_private_eye,/home/haselab/murakawa/stable-deep-world-model/logdir/atari_private_eye_vta_20260108_185758,/home/haselab/murakawa/stable-deep-world-model/logdir/atari_private_eye_vta_20260108_185758/latest.pt,/home/haselab/murakawa/stable-deep-world-model/logdir/atari_private_eye_vta_20260108_185758/train_eps/20260109T132052-aea21edf924748b7af34daa02366cf5f-2699.npz,1500,1520,0.0,4.1140875428613555e-13,1.2671849727630615,2.5751335620880127,0.0,4.091549873352051,nan,nan,nan,nan
atari_private_eye,/home/haselab/murakawa/stable-deep-world-model/logdir/atari_private_eye_vta_20260108_185758,/home/haselab/murakawa/stable-deep-world-model/logdir/atari_private_eye_vta_20260108_185758/latest.pt,/home/haselab/murakawa/stable-deep-world-model/logdir/atari_private_eye_vta_20260108_185758/train_eps/20260109T132052-aea21edf924748b7af34daa02366cf5f-2699.npz,1505,1525,0.0,4.755877224156546e-13,1.2844383716583252,2.5581235885620117,0.0,3.8914904594421387,nan,nan,nan,nan
atari_private_eye,/home/haselab/murakawa/stable-deep-world-model/logdir/atari_private_eye_vta_20260108_185758,/home/haselab/murakawa/stable-deep-world-model/logdir/atari_private_eye_vta_20260108_185758/latest.pt,/home/haselab/murakawa/stable-deep-world-model/logdir/atari_private_eye_vta_20260108_185758/train_eps/20260109T132052-aea21edf924748b7af34daa02366cf5f-2699.npz,1510,1530,0.0,4.755574189649336e-13,1.6718835830688477,3.408491611480713,0.0,4.520373344421387,nan,nan,nan,nan
atari_private_eye,/home/haselab/murakawa/stable-deep-world-model/logdir/atari_private_eye_vta_20260108_185758,/home/haselab/murakawa/stable-deep-world-model/logdir/atari_private_eye_vta_20260108_185758/latest.pt,/home/haselab/murakawa/stable-deep-world-model/logdir/atari_private_eye_vta_20260108_185758/train_eps/20260109T132052-aea21edf924748b7af34daa02366cf5f-2699.npz,1515,1535,0.0,6.910998059635534e-14,1.9779564142227173,3.879838466644287,0.0,4.755424976348877,nan,nan,nan,nan
atari_private_eye,/home/haselab/murakawa/stable-deep-world-model/logdir/atari_private_eye_vta_20260108_185758,/home/haselab/murakawa/stable-deep-world-model/logdir/atari_private_eye_vta_20260108_185758/latest.pt,/home/haselab/murakawa/stable-deep-world-model/logdir/atari_private_eye_vta_20260108_185758/train_eps/20260109T132052-aea21edf924748b7af34daa02366cf5f-2699.npz,1520,1540,0.0,6.563217851141001e-14,2.345076084136963,4.829314231872559,0.0,5.532925128936768,nan,nan,nan,nan
atari_private_eye,/home/haselab/murakawa/stable-deep-world-model/logdir/atari_private_eye_vta_20260108_185758,/home/haselab/murakawa/stable-deep-world-model/logdir/atari_private_eye_vta_20260108_185758/latest.pt,/home/haselab/murakawa/stable-deep-world-model/logdir/atari_private_eye_vta_20260108_185758/train_eps/20260109T132052-aea21edf924748b7af34daa02366cf5f-2699.npz,1525,1545,0.0,1.3420512836074486e-15,2.650052547454834,5.753510475158691,0.0,6.287640571594238,nan,nan,nan,nan
atari_private_eye,/home/haselab/murakawa/stable-deep-world-model/logdir/atari_private_eye_vta_20260108_185758,/home/haselab/murakawa/stable-deep-world-model/logdir/atari_private_eye_vta_20260108_185758/latest.pt,/home/haselab/murakawa/stable-deep-world-model/logdir/atari_private_eye_vta_20260108_185758/train_eps/20260109T132052-aea21edf924748b7af34daa02366cf5f-2699.npz,1530,1550,0.05,0.05000000074505806,2.5550267696380615,5.336302757263184,0.31519418954849243,6.010765552520752,3.0018396377563477,7.55263614654541,6.3038835525512695,7.70629358291626
atari_private_eye,/home/haselab/murakawa/stable-deep-world-model/logdir/atari_private_eye_vta_20260108_185758,/home/haselab/murakawa/stable-deep-world-model/logdir/atari_private_eye_vta_20260108_185758/latest.pt,/home/haselab/murakawa/stable-deep-world-model/logdir/atari_private_eye_vta_20260108_185758/train_eps/20260109T132052-aea21edf924748b7af34daa02366cf5f-2699.npz,1535,1555,0.05,0.05000000074505806,2.4678232669830322,5.3453369140625,0.31519418954849243,6.025622367858887,3.0018396377563477,7.55263614654541,6.3038835525512695,7.70629358291626
atari_private_eye,/home/haselab/murakawa/stable-deep-world-model/logdir/atari_private_eye_vta_20260108_185758,/home/haselab/murakawa/stable-deep-world-model/logdir/atari_private_eye_vta_20260108_185758/latest.pt,/home/haselab/murakawa/stable-deep-world-model/logdir/atari_private_eye_vta_20260108_185758/train_eps/20260109T132052-aea21edf924748b7af34daa02366cf5f-2699.npz,1540,1560,0.05,0.05000000074505806,2.527177572250366,5.345484733581543,0.31519418954849243,5.99921178817749,3.0018396377563477,7.55263614654541,6.3038835525512695,7.70629358291626
atari_private_eye,/home/haselab/murakawa/stable-deep-world-model/logdir/atari_private_eye_vta_20260108_185758,/home/haselab/murakawa/stable-deep-world-model/logdir/atari_private_eye_vta_20260108_185758/latest.pt,/home/haselab/murakawa/stable-deep-world-model/logdir/atari_private_eye_vta_20260108_185758/train_eps/20260109T132052-aea21edf924748b7af34daa02366cf5f-2699.npz,1545,1565,0.05,0.05000000074505806,2.496694326400757,4.964233875274658,0.31519418954849243,5.676703453063965,3.0018396377563477,7.55263614654541,6.3038835525512695,7.70629358291626
atari_private_eye,/home/haselab/murakawa/stable-deep-world-model/logdir/atari_private_eye_vta_20260108_185758,/home/haselab/murakawa/stable-deep-world-model/logdir/atari_private_eye_vta_20260108_185758/latest.pt,/home/haselab/murakawa/stable-deep-world-model/logdir/atari_private_eye_vta_20260108_185758/train_eps/20260109T132052-aea21edf924748b7af34daa02366cf5f-2699.npz,1550,1570,0.0,2.379717062306663e-17,2.5626015663146973,5.458148002624512,0.0,6.122998237609863,nan,nan,nan,nan
atari_private_eye,/home/haselab/murakawa/stable-deep-world-model/logdir/atari_private_eye_vta_20260108_185758,/home/haselab/murakawa/stable-deep-world-model/logdir/atari_private_eye_vta_20260108_185758/latest.pt,/home/haselab/murakawa/stable-deep-world-model/logdir/atari_private_eye_vta_20260108_185758/train_eps/20260109T132052-aea21edf924748b7af34daa02366cf5f-2699.npz,1555,1575,0.0,2.4376109370708818e-17,2.545727252960205,5.414040565490723,0.0,6.0191731452941895,nan,nan,nan,nan
atari_private_eye,/home/haselab/murakawa/stable-deep-world-model/logdir/atari_private_eye_vta_20260108_185758,/home/haselab/murakawa/stable-deep-world-model/logdir/atari_private_eye_vta_20260108_185758/latest.pt,/home/haselab/murakawa/stable-deep-world-model/logdir/atari_private_eye_vta_20260108_185758/train_eps/20260109T132052-aea21edf924748b7af34daa02366cf5f-2699.npz,1560,1580,0.0,2.717784408845991e-15,2.541564464569092,5.4595866203308105,0.0,6.092805862426758,nan,nan,nan,nan
atari_private_eye,/home/haselab/murakawa/stable-deep-world-model/logdir/atari_private_eye_vta_20260108_185758,/home/haselab/murakawa/stable-deep-world-model/logdir/atari_private_eye_vta_20260108_185758/latest.pt,/home/haselab/murakawa/stable-deep-world-model/logdir/atari_private_eye_vta_20260108_185758/train_eps/20260109T132052-aea21edf924748b7af34daa02366cf5f-2699.npz,1565,1585,0.0,3.419534053228997e-15,2.556879758834839,5.659493446350098,0.0,6.253331184387207,nan,nan,nan,nan
atari_private_eye,/home/haselab/murakawa/stable-deep-world-model/logdir/atari_private_eye_vta_20260108_185758,/home/haselab/murakawa/stable-deep-world-model/logdir/atari_private_eye_vta_20260108_185758/latest.pt,/home/haselab/murakawa/stable-deep-world-model/logdir/atari_private_eye_vta_20260108_185758/train_eps/20260109T132052-aea21edf924748b7af34daa02366cf5f-2699.npz,1570,1590,0.0,1.1043190355762046e-14,2.5714335441589355,5.669129371643066,0.0,6.267176628112793,nan,nan,nan,nan
atari_private_eye,/home/haselab/murakawa/stable-deep-world-model/logdir/atari_private_eye_vta_20260108_185758,/home/haselab/murakawa/stable-deep-world-model/logdir/atari_private_eye_vta_20260108_185758/latest.pt,/home/haselab/murakawa/stable-deep-world-model/logdir/atari_private_eye_vta_20260108_185758/train_eps/20260109T132052-aea21edf924748b7af34daa02366cf5f-2699.npz,1575,1595,0.0,1.5049829329809306e-13,2.4295599460601807,5.082033157348633,0.0,5.834500789642334,nan,nan,nan,nan
atari_private_eye,/home/haselab/murakawa/stable-deep-world-model/logdir/atari_private_eye_vta_20260108_185758,/home/haselab/murakawa/stable-deep-world-model/logdir/atari_private_eye_vta_20260108_185758/latest.pt,/home/haselab/murakawa/stable-deep-world-model/logdir/atari_private_eye_vta_20260108_185758/train_eps/20260109T132052-aea21edf924748b7af34daa02366cf5f-2699.npz,1580,1600,0.05,0.05000000074505806,2.4941623210906982,5.296870708465576,0.29528847336769104,5.89078426361084,2.215669631958008,2.7335262298583984,5.905769348144531,3.4300947189331055
atari_private_eye,/home/haselab/murakawa/stable-deep-world-model/logdir/atari_private_eye_vta_20260108_185758,/home/haselab/murakawa/stable-deep-world-model/logdir/atari_private_eye_vta_20260108_185758/latest.pt,/home/haselab/murakawa/stable-deep-world-model/logdir/atari_private_eye_vta_20260108_185758/train_eps/20260109T132052-aea21edf924748b7af34daa02366cf5f-2699.npz,1585,1605,0.05,0.05000000074505806,2.4127094745635986,5.241225242614746,0.29528847336769104,5.824820041656494,2.215669631958008,2.7335262298583984,5.905769348144531,3.4300947189331055
atari_private_eye,/home/haselab/murakawa/stable-deep-world-model/logdir/atari_private_eye_vta_20260108_185758,/home/haselab/murakawa/stable-deep-world-model/logdir/atari_private_eye_vta_20260108_185758/latest.pt,/home/haselab/murakawa/stable-deep-world-model/logdir/atari_private_eye_vta_20260108_185758/train_eps/20260109T132052-aea21edf924748b7af34daa02366cf5f-2699.npz,1590,1610,0.05,0.05000000074505806,2.3233072757720947,4.718257904052734,0.29528847336769104,5.296333312988281,2.215669631958008,2.7335262298583984,5.905769348144531,3.4300947189331055
atari_private_eye,/home/haselab/murakawa/stable-deep-world-model/logdir/atari_private_eye_vta_20260108_185758,/home/haselab/murakawa/stable-deep-world-model/logdir/atari_private_eye_vta_20260108_185758/latest.pt,/home/haselab/murakawa/stable-deep-world-model/logdir/atari_private_eye_vta_20260108_185758/train_eps/20260109T132052-aea21edf924748b7af34daa02366cf5f-2699.npz,1595,1615,0.05,0.05000000074505806,2.2890677452087402,4.538001537322998,0.29528847336769104,5.10788106918335,2.215669631958008,2.7335262298583984,5.905769348144531,3.4300947189331055
atari_private_eye,/home/haselab/murakawa/stable-deep-world-model/logdir/atari_private_eye_vta_20260108_185758,/home/haselab/murakawa/stable-deep-world-model/logdir/atari_private_eye_vta_20260108_185758/latest.pt,/home/haselab/murakawa/stable-deep-world-model/logdir/atari_private_eye_vta_20260108_185758/train_eps/20260109T132052-aea21edf924748b7af34daa02366cf5f-2699.npz,1600,1620,0.0,6.724257872655357e-15,1.8751707077026367,3.5206573009490967,0.0,4.339386940002441,nan,nan,nan,nan
atari_private_eye,/home/haselab/murakawa/stable-deep-world-model/logdir/atari_private_eye_vta_20260108_185758,/home/haselab/murakawa/stable-deep-world-model/logdir/atari_private_eye_vta_20260108_185758/latest.pt,/home/haselab/murakawa/stable-deep-world-model/logdir/atari_private_eye_vta_20260108_185758/train_eps/20260109T132052-aea21edf924748b7af34daa02366cf5f-2699.npz,1605,1625,0.0,2.1550537504695655e-14,1.6642334461212158,2.8753647804260254,0.0,3.8428547382354736,nan,nan,nan,nan
atari_private_eye,/home/haselab/murakawa/stable-deep-world-model/logdir/atari_private_eye_vta_20260108_185758,/home/haselab/murakawa/stable-deep-world-model/logdir/atari_private_eye_vta_20260108_185758/latest.pt,/home/haselab/murakawa/stable-deep-world-model/logdir/atari_private_eye_vta_20260108_185758/train_eps/20260109T132052-aea21edf924748b7af34daa02366cf5f-2699.npz,1610,1630,0.0,2.2583878736830328e-14,1.4025013446807861,2.448392629623413,0.0,3.3521766662597656,nan,nan,nan,nan
atari_private_eye,/home/haselab/murakawa/stable-deep-world-model/logdir/atari_private_eye_vta_20260108_185758,/home/haselab/murakawa/stable-deep-world-model/logdir/atari_private_eye_vta_20260108_185758/latest.pt,/home/haselab/murakawa/stable-deep-world-model/logdir/atari_private_eye_vta_20260108_185758/train_eps/20260109T132052-aea21edf924748b7af34daa02366cf5f-2699.npz,1615,1635,0.0,1.8760902255549397e-14,1.244339942932129,2.507333993911743,0.0,3.3821938037872314,nan,nan,nan,nan
atari_private_eye,/home/haselab/murakawa/stable-deep-world-model/logdir/atari_private_eye_vta_20260108_185758,/home/haselab/murakawa/stable-deep-world-model/logdir/atari_private_eye_vta_20260108_185758/latest.pt,/home/haselab/murakawa/stable-deep-world-model/logdir/atari_private_eye_vta_20260108_185758/train_eps/20260109T132052-aea21edf924748b7af34daa02366cf5f-2699.npz,1620,1640,0.0,1.85711465465737e-14,1.2355014085769653,2.594499349594116,0.0,3.402372360229492,nan,nan,nan,nan
atari_private_eye,/home/haselab/murakawa/stable-deep-world-model/logdir/atari_private_eye_vta_20260108_185758,/home/haselab/murakawa/stable-deep-world-model/logdir/atari_private_eye_vta_20260108_185758/latest.pt,/home/haselab/murakawa/stable-deep-world-model/logdir/atari_private_eye_vta_20260108_185758/train_eps/20260109T132052-aea21edf924748b7af34daa02366cf5f-2699.npz,1625,1645,0.0,5.329781602359971e-15,1.2311789989471436,2.476165294647217,0.0,3.3248679637908936,nan,nan,nan,nan
atari_private_eye,/home/haselab/murakawa/stable-deep-world-model/logdir/atari_private_eye_vta_20260108_185758,/home/haselab/murakawa/stable-deep-world-model/logdir/atari_private_eye_vta_20260108_185758/latest.pt,/home/haselab/murakawa/stable-deep-world-model/logdir/atari_private_eye_vta_20260108_185758/train_eps/20260109T132052-aea21edf924748b7af34daa02366cf5f-2699.npz,1630,1650,0.05,0.05000000074505806,1.353972315788269,2.634260416030884,0.3170180916786194,3.542457103729248,1.7849009037017822,4.0249505043029785,6.340361595153809,4.415637493133545
atari_private_eye,/home/haselab/murakawa/stable-deep-world-model/logdir/atari_private_eye_vta_20260108_185758,/home/haselab/murakawa/stable-deep-world-model/logdir/atari_private_eye_vta_20260108_185758/latest.pt,/home/haselab/murakawa/stable-deep-world-model/logdir/atari_private_eye_vta_20260108_185758/train_eps/20260109T132052-aea21edf924748b7af34daa02366cf5f-2699.npz,1635,1655,0.05,0.05000000074505806,1.3153371810913086,2.5354762077331543,0.3170180916786194,3.5936996936798096,1.7849009037017822,4.0249505043029785,6.340361595153809,4.415637493133545
atari_private_eye,/home/haselab/murakawa/stable-deep-world-model/logdir/atari_private_eye_vta_20260108_185758,/home/haselab/murakawa/stable-deep-world-model/logdir/atari_private_eye_vta_20260108_185758/latest.pt,/home/haselab/murakawa/stable-deep-world-model/logdir/atari_private_eye_vta_20260108_185758/train_eps/20260109T132052-aea21edf924748b7af34daa02366cf5f-2699.npz,1640,1660,0.05,0.05000000074505806,1.2966680526733398,2.4911437034606934,0.3170180916786194,3.7792885303497314,1.7849009037017822,4.0249505043029785,6.340361595153809,4.415637493133545
atari_private_eye,/home/haselab/murakawa/stable-deep-world-model/logdir/atari_private_eye_vta_20260108_185758,/home/haselab/murakawa/stable-deep-world-model/logdir/atari_private_eye_vta_20260108_185758/latest.pt,/home/haselab/murakawa/stable-deep-world-model/logdir/atari_private_eye_vta_20260108_185758/train_eps/20260109T132052-aea21edf924748b7af34daa02366cf5f-2699.npz,1645,1665,0.05,0.05000000074505806,1.3840837478637695,2.7902615070343018,0.3170180916786194,4.04308557510376,1.7849009037017822,4.0249505043029785,6.340361595153809,4.415637493133545
atari_private_eye,/home/haselab/murakawa/stable-deep-world-model/logdir/atari_private_eye_vta_20260108_185758,/home/haselab/murakawa/stable-deep-world-model/logdir/atari_private_eye_vta_20260108_185758/latest.pt,/home/haselab/murakawa/stable-deep-world-model/logdir/atari_private_eye_vta_20260108_185758/train_eps/20260109T132052-aea21edf924748b7af34daa02366cf5f-2699.npz,1650,1670,0.0,1.0732596079498103e-14,1.2998850345611572,2.6893081665039062,0.0,4.015289783477783,nan,nan,nan,nan
atari_private_eye,/home/haselab/murakawa/stable-deep-world-model/logdir/atari_private_eye_vta_20260108_185758,/home/haselab/murakawa/stable-deep-world-model/logdir/atari_private_eye_vta_20260108_185758/latest.pt,/home/haselab/murakawa/stable-deep-world-model/logdir/atari_private_eye_vta_20260108_185758/train_eps/20260109T132052-aea21edf924748b7af34daa02366cf5f-2699.npz,1655,1675,0.0,3.081674252261059e-14,1.3217464685440063,2.5966687202453613,0.0,3.7327792644500732,nan,nan,nan,nan
atari_private_eye,/home/haselab/murakawa/stable-deep-world-model/logdir/atari_private_eye_vta_20260108_185758,/home/haselab/murakawa/stable-deep-world-model/logdir/atari_private_eye_vta_20260108_185758/latest.pt,/home/haselab/murakawa/stable-deep-world-model/logdir/atari_private_eye_vta_20260108_185758/train_eps/20260109T132052-aea21edf924748b7af34daa02366cf5f-2699.npz,1660,1680,0.0,1.897888313520668e-13,1.3874599933624268,2.700191020965576,0.0,3.5345165729522705,nan,nan,nan,nan
atari_private_eye,/home/haselab/murakawa/stable-deep-world-model/logdir/atari_private_eye_vta_20260108_185758,/home/haselab/murakawa/stable-deep-world-model/logdir/atari_private_eye_vta_20260108_185758/latest.pt,/home/haselab/murakawa/stable-deep-world-model/logdir/atari_private_eye_vta_20260108_185758/train_eps/20260109T132052-aea21edf924748b7af34daa02366cf5f-2699.npz,1665,1685,0.0,2.2461351355251846e-13,1.2937028408050537,2.4470763206481934,0.0,3.2486400604248047,nan,nan,nan,nan
atari_private_eye,/home/haselab/murakawa/stable-deep-world-model/logdir/atari_private_eye_vta_20260108_185758,/home/haselab/murakawa/stable-deep-world-model/logdir/atari_private_eye_vta_20260108_185758/latest.pt,/home/haselab/murakawa/stable-deep-world-model/logdir/atari_private_eye_vta_20260108_185758/train_eps/20260109T132052-aea21edf924748b7af34daa02366cf5f-2699.npz,1670,1690,0.0,1.1553882850456887e-12,1.282943844795227,2.450198173522949,0.0,3.1836116313934326,nan,nan,nan,nan
atari_private_eye,/home/haselab/murakawa/stable-deep-world-model/logdir/atari_private_eye_vta_20260108_185758,/home/haselab/murakawa/stable-deep-world-model/logdir/atari_private_eye_vta_20260108_185758/latest.pt,/home/haselab/murakawa/stable-deep-world-model/logdir/atari_private_eye_vta_20260108_185758/train_eps/20260109T132052-aea21edf924748b7af34daa02366cf5f-2699.npz,1675,1695,0.0,1.3296014679878287e-12,1.3304016590118408,2.6066701412200928,0.0,3.376417636871338,nan,nan,nan,nan
atari_private_eye,/home/haselab/murakawa/stable-deep-world-model/logdir/atari_private_eye_vta_20260108_185758,/home/haselab/murakawa/stable-deep-world-model/logdir/atari_private_eye_vta_20260108_185758/latest.pt,/home/haselab/murakawa/stable-deep-world-model/logdir/atari_private_eye_vta_20260108_185758/train_eps/20260109T132052-aea21edf924748b7af34daa02366cf5f-2699.npz,1680,1700,0.05,0.05000000074505806,1.287124752998352,2.6073296070098877,0.2152162343263626,3.43579363822937,1.2595165967941284,3.657686233520508,4.304324626922607,3.6910502910614014
atari_private_eye,/home/haselab/murakawa/stable-deep-world-model/logdir/atari_private_eye_vta_20260108_185758,/home/haselab/murakawa/stable-deep-world-model/logdir/atari_private_eye_vta_20260108_185758/latest.pt,/home/haselab/murakawa/stable-deep-world-model/logdir/atari_private_eye_vta_20260108_185758/train_eps/20260109T132052-aea21edf924748b7af34daa02366cf5f-2699.npz,1685,1705,0.05,0.05000000074505806,1.2725598812103271,2.675903081893921,0.2152162343263626,3.4991283416748047,1.2595165967941284,3.657686233520508,4.304324626922607,3.6910502910614014
atari_private_eye,/home/haselab/murakawa/stable-deep-world-model/logdir/atari_private_eye_vta_20260108_185758,/home/haselab/murakawa/stable-deep-world-model/logdir/atari_private_eye_vta_20260108_185758/latest.pt,/home/haselab/murakawa/stable-deep-world-model/logdir/atari_private_eye_vta_20260108_185758/train_eps/20260109T132052-aea21edf924748b7af34daa02366cf5f-2699.npz,1690,1710,0.05,0.05000000074505806,1.3495053052902222,2.6805858612060547,0.2152162343263626,3.4874720573425293,1.2595165967941284,3.657686233520508,4.304324626922607,3.6910502910614014
atari_private_eye,/home/haselab/murakawa/stable-deep-world-model/logdir/atari_private_eye_vta_20260108_185758,/home/haselab/murakawa/stable-deep-world-model/logdir/atari_private_eye_vta_20260108_185758/latest.pt,/home/haselab/murakawa/stable-deep-world-model/logdir/atari_private_eye_vta_20260108_185758/train_eps/20260109T132052-aea21edf924748b7af34daa02366cf5f-2699.npz,1695,1715,0.05,0.05000000074505806,1.3217835426330566,2.6093366146087646,0.2152162343263626,3.396216869354248,1.2595165967941284,3.657686233520508,4.304324626922607,3.6910502910614014
atari_private_eye,/home/haselab/murakawa/stable-deep-world-model/logdir/atari_private_eye_vta_20260108_185758,/home/haselab/murakawa/stable-deep-world-model/logdir/atari_private_eye_vta_20260108_185758/latest.pt,/home/haselab/murakawa/stable-deep-world-model/logdir/atari_private_eye_vta_20260108_185758/train_eps/20260109T132052-aea21edf924748b7af34daa02366cf5f-2699.npz,1700,1720,0.0,3.86458646659503e-14,1.3179124593734741,2.5602622032165527,0.0,3.3373961448669434,nan,nan,nan,nan
atari_private_eye,/home/haselab/murakawa/stable-deep-world-model/logdir/atari_private_eye_vta_20260108_185758,/home/haselab/murakawa/stable-deep-world-model/logdir/atari_private_eye_vta_20260108_185758/latest.pt,/home/haselab/murakawa/stable-deep-world-model/logdir/atari_private_eye_vta_20260108_185758/train_eps/20260109T132052-aea21edf924748b7af34daa02366cf5f-2699.npz,1705,1725,0.0,4.140600622787316e-14,1.365168571472168,2.5147180557250977,0.0,3.310137987136841,nan,nan,nan,nan
atari_private_eye,/home/haselab/murakawa/stable-deep-world-model/logdir/atari_private_eye_vta_20260108_185758,/home/haselab/murakawa/stable-deep-world-model/logdir/atari_private_eye_vta_20260108_185758/latest.pt,/home/haselab/murakawa/stable-deep-world-model/logdir/atari_private_eye_vta_20260108_185758/train_eps/20260109T132052-aea21edf924748b7af34daa02366cf5f-2699.npz,1710,1730,0.0,1.6379292941490903e-14,1.252434253692627,2.583698034286499,0.0,3.4834656715393066,nan,nan,nan,nan
atari_private_eye,/home/haselab/murakawa/stable-deep-world-model/logdir/atari_private_eye_vta_20260108_185758,/home/haselab/murakawa/stable-deep-world-model/logdir/atari_private_eye_vta_20260108_185758/latest.pt,/home/haselab/murakawa/stable-deep-world-model/logdir/atari_private_eye_vta_20260108_185758/train_eps/20260109T132052-aea21edf924748b7af34daa02366cf5f-2699.npz,1715,1735,0.0,2.039542173386602e-14,1.2686246633529663,2.62508225440979,0.0,3.529353618621826,nan,nan,nan,nan
atari_private_eye,/home/haselab/murakawa/stable-deep-world-model/logdir/atari_private_eye_vta_20260108_185758,/home/haselab/murakawa/stable-deep-world-model/logdir/atari_private_eye_vta_20260108_185758/latest.pt,/home/haselab/murakawa/stable-deep-world-model/logdir/atari_private_eye_vta_20260108_185758/train_eps/20260109T132052-aea21edf924748b7af34daa02366cf5f-2699.npz,1720,1740,0.0,1.224057611997828e-13,1.2965495586395264,2.6648659706115723,0.0,3.6225357055664062,nan,nan,nan,nan
atari_private_eye,/home/haselab/murakawa/stable-deep-world-model/logdir/atari_private_eye_vta_20260108_185758,/home/haselab/murakawa/stable-deep-world-model/logdir/atari_private_eye_vta_20260108_185758/latest.pt,/home/haselab/murakawa/stable-deep-world-model/logdir/atari_private_eye_vta_20260108_185758/train_eps/20260109T132052-aea21edf924748b7af34daa02366cf5f-2699.npz,1725,1745,0.0,1.206512916917396e-13,1.2378357648849487,2.578744411468506,0.0,3.558528184890747,nan,nan,nan,nan
atari_private_eye,/home/haselab/murakawa/stable-deep-world-model/logdir/atari_private_eye_vta_20260108_185758,/home/haselab/murakawa/stable-deep-world-model/logdir/atari_private_eye_vta_20260108_185758/latest.pt,/home/haselab/murakawa/stable-deep-world-model/logdir/atari_private_eye_vta_20260108_185758/train_eps/20260109T132052-aea21edf924748b7af34daa02366cf5f-2699.npz,1730,1750,0.05,0.05000000074505806,1.2174742221832275,2.563992977142334,0.11648035049438477,3.481550931930542,1.5777329206466675,4.449800968170166,2.3296070098876953,4.866032123565674
atari_private_eye,/home/haselab/murakawa/stable-deep-world-model/logdir/atari_private_eye_vta_20260108_185758,/home/haselab/murakawa/stable-deep-world-model/logdir/atari_private_eye_vta_20260108_185758/latest.pt,/home/haselab/murakawa/stable-deep-world-model/logdir/atari_private_eye_vta_20260108_185758/train_eps/20260109T132052-aea21edf924748b7af34daa02366cf5f-2699.npz,1735,1755,0.05,0.05000000074505806,1.2199113368988037,2.5929477214813232,0.11648035049438477,3.551142930984497,1.5777329206466675,4.449800968170166,2.3296070098876953,4.866032123565674
atari_private_eye,/home/haselab/murakawa/stable-deep-world-model/logdir/atari_private_eye_vta_20260108_185758,/home/haselab/murakawa/stable-deep-world-model/logdir/atari_private_eye_vta_20260108_185758/latest.pt,/home/haselab/murakawa/stable-deep-world-model/logdir/atari_private_eye_vta_20260108_185758/train_eps/20260109T132052-aea21edf924748b7af34daa02366cf5f-2699.npz,1740,1760,0.05,0.05000000074505806,1.215863585472107,2.5530037879943848,0.11648035049438477,3.4804282188415527,1.5777329206466675,4.449800968170166,2.3296070098876953,4.866032123565674
atari_private_eye,/home/haselab/murakawa/stable-deep-world-model/logdir/atari_private_eye_vta_20260108_185758,/home/haselab/murakawa/stable-deep-world-model/logdir/atari_private_eye_vta_20260108_185758/latest.pt,/home/haselab/murakawa/stable-deep-world-model/logdir/atari_private_eye_vta_20260108_185758/train_eps/20260109T132052-aea21edf924748b7af34daa02366cf5f-2699.npz,1745,1765,0.05,0.05000000074505806,1.252947211265564,2.5922703742980957,0.11648035049438477,3.522315263748169,1.5777329206466675,4.449800968170166,2.3296070098876953,4.866032123565674
atari_private_eye,/home/haselab/murakawa/stable-deep-world-model/logdir/atari_private_eye_vta_20260108_185758,/home/haselab/murakawa/stable-deep-world-model/logdir/atari_private_eye_vta_20260108_185758/latest.pt,/home/haselab/murakawa/stable-deep-world-model/logdir/atari_private_eye_vta_20260108_185758/train_eps/20260109T132052-aea21edf924748b7af34daa02366cf5f-2699.npz,1750,1770,0.0,1.1967773235095625e-13,1.343694806098938,2.551241397857666,0.0,3.4051685333251953,nan,nan,nan,nan
atari_private_eye,/home/haselab/murakawa/stable-deep-world-model/logdir/atari_private_eye_vta_20260108_185758,/home/haselab/murakawa/stable-deep-world-model/logdir/atari_private_eye_vta_20260108_185758/latest.pt,/home/haselab/murakawa/stable-deep-world-model/logdir/atari_private_eye_vta_20260108_185758/train_eps/20260109T132052-aea21edf924748b7af34daa02366cf5f-2699.npz,1755,1775,0.0,2.28756981890052e-13,1.3386175632476807,2.5284857749938965,0.0,3.3087165355682373,nan,nan,nan,nan
atari_private_eye,/home/haselab/murakawa/stable-deep-world-model/logdir/atari_private_eye_vta_20260108_185758,/home/haselab/murakawa/stable-deep-world-model/logdir/atari_private_eye_vta_20260108_185758/latest.pt,/home/haselab/murakawa/stable-deep-world-model/logdir/atari_private_eye_vta_20260108_185758/train_eps/20260109T132052-aea21edf924748b7af34daa02366cf5f-2699.npz,1760,1780,0.0,2.2889261558182994e-13,1.3096989393234253,2.5377135276794434,0.0,3.3811097145080566,nan,nan,nan,nan
atari_private_eye,/home/haselab/murakawa/stable-deep-world-model/logdir/atari_private_eye_vta_20260108_185758,/home/haselab/murakawa/stable-deep-world-model/logdir/atari_private_eye_vta_20260108_185758/latest.pt,/home/haselab/murakawa/stable-deep-world-model/logdir/atari_private_eye_vta_20260108_185758/train_eps/20260109T132052-aea21edf924748b7af34daa02366cf5f-2699.npz,1765,1785,0.0,5.195051203457646e-13,1.3302302360534668,2.6655213832855225,0.0,3.555997848510742,nan,nan,nan,nan
atari_private_eye,/home/haselab/murakawa/stable-deep-world-model/logdir/atari_private_eye_vta_20260108_185758,/home/haselab/murakawa/stable-deep-world-model/logdir/atari_private_eye_vta_20260108_185758/latest.pt,/home/haselab/murakawa/stable-deep-world-model/logdir/atari_private_eye_vta_20260108_185758/train_eps/20260109T132052-aea21edf924748b7af34daa02366cf5f-2699.npz,1770,1790,0.0,5.170752064367901e-13,1.3009957075119019,2.658169746398926,0.0,3.6582107543945312,nan,nan,nan,nan
atari_private_eye,/home/haselab/murakawa/stable-deep-world-model/logdir/atari_private_eye_vta_20260108_185758,/home/haselab/murakawa/stable-deep-world-model/logdir/atari_private_eye_vta_20260108_185758/latest.pt,/home/haselab/murakawa/stable-deep-world-model/logdir/atari_private_eye_vta_20260108_185758/train_eps/20260109T132052-aea21edf924748b7af34daa02366cf5f-2699.npz,1775,1795,0.0,5.233923646048855e-13,1.3191494941711426,2.657313346862793,0.0,3.7328999042510986,nan,nan,nan,nan
atari_private_eye,/home/haselab/murakawa/stable-deep-world-model/logdir/atari_private_eye_vta_20260108_185758,/home/haselab/murakawa/stable-deep-world-model/logdir/atari_private_eye_vta_20260108_185758/latest.pt,/home/haselab/murakawa/stable-deep-world-model/logdir/atari_private_eye_vta_20260108_185758/train_eps/20260109T132052-aea21edf924748b7af34daa02366cf5f-2699.npz,1780,1800,0.05,0.05000000074505806,1.396514654159546,2.802992343902588,0.14085516333580017,3.8006508350372314,1.3726017475128174,4.147463321685791,2.817103385925293,5.22414493560791
atari_private_eye,/home/haselab/murakawa/stable-deep-world-model/logdir/atari_private_eye_vta_20260108_185758,/home/haselab/murakawa/stable-deep-world-model/logdir/atari_private_eye_vta_20260108_185758/latest.pt,/home/haselab/murakawa/stable-deep-world-model/logdir/atari_private_eye_vta_20260108_185758/train_eps/20260109T132052-aea21edf924748b7af34daa02366cf5f-2699.npz,1785,1805,0.05,0.05000000074505806,1.3768705129623413,2.7610573768615723,0.14085516333580017,3.7976269721984863,1.3726017475128174,4.147463321685791,2.817103385925293,5.22414493560791
atari_private_eye,/home/haselab/murakawa/stable-deep-world-model/logdir/atari_private_eye_vta_20260108_185758,/home/haselab/murakawa/stable-deep-world-model/logdir/atari_private_eye_vta_20260108_185758/latest.pt,/home/haselab/murakawa/stable-deep-world-model/logdir/atari_private_eye_vta_20260108_185758/train_eps/20260109T132052-aea21edf924748b7af34daa02366cf5f-2699.npz,1790,1810,0.05,0.05000000074505806,1.3799543380737305,2.7604148387908936,0.14085516333580017,3.8900866508483887,1.3726017475128174,4.147463321685791,2.817103385925293,5.22414493560791
atari_private_eye,/home/haselab/murakawa/stable-deep-world-model/logdir/atari_private_eye_vta_20260108_185758,/home/haselab/murakawa/stable-deep-world-model/logdir/atari_private_eye_vta_20260108_185758/latest.pt,/home/haselab/murakawa/stable-deep-world-model/logdir/atari_private_eye_vta_20260108_185758/train_eps/20260109T132052-aea21edf924748b7af34daa02366cf5f-2699.npz,1795,1815,0.05,0.05000000074505806,1.3848953247070312,2.8412399291992188,0.14085516333580017,3.9971511363983154,1.3726017475128174,4.147463321685791,2.817103385925293,5.22414493560791
atari_private_eye,/home/haselab/murakawa/stable-deep-world-model/logdir/atari_private_eye_vta_20260108_185758,/home/haselab/murakawa/stable-deep-world-model/logdir/atari_private_eye_vta_20260108_185758/latest.pt,/home/haselab/murakawa/stable-deep-world-model/logdir/atari_private_eye_vta_20260108_185758/train_eps/20260109T132052-aea21edf924748b7af34daa02366cf5f-2699.npz,1800,1820,0.0,3.021497548688634e-12,1.3150628805160522,2.630962371826172,0.0,3.771685838699341,nan,nan,nan,nan
atari_private_eye,/home/haselab/murakawa/stable-deep-world-model/logdir/atari_private_eye_vta_20260108_185758,/home/haselab/murakawa/stable-deep-world-model/logdir/atari_private_eye_vta_20260108_185758/latest.pt,/home/haselab/murakawa/stable-deep-world-model/logdir/atari_private_eye_vta_20260108_185758/train_eps/20260109T132052-aea21edf924748b7af34daa02366cf5f-2699.npz,1805,1825,0.0,3.4704739082513925e-12,1.324339747428894,2.6323442459106445,0.0,3.625293731689453,nan,nan,nan,nan
atari_private_eye,/home/haselab/murakawa/stable-deep-world-model/logdir/atari_private_eye_vta_20260108_185758,/home/haselab/murakawa/stable-deep-world-model/logdir/atari_private_eye_vta_20260108_185758/latest.pt,/home/haselab/murakawa/stable-deep-world-model/logdir/atari_private_eye_vta_20260108_185758/train_eps/20260109T132052-aea21edf924748b7af34daa02366cf5f-2699.npz,1810,1830,0.0,3.5396397184833672e-12,1.3135671615600586,2.5289294719696045,0.0,3.4316163063049316,nan,nan,nan,nan
atari_private_eye,/home/haselab/murakawa/stable-deep-world-model/logdir/atari_private_eye_vta_20260108_185758,/home/haselab/murakawa/stable-deep-world-model/logdir/atari_private_eye_vta_20260108_185758/latest.pt,/home/haselab/murakawa/stable-deep-world-model/logdir/atari_private_eye_vta_20260108_185758/train_eps/20260109T132052-aea21edf924748b7af34daa02366cf5f-2699.npz,1815,1835,0.0,5.936558211162846e-13,1.3573331832885742,2.427150011062622,0.0,3.273317813873291,nan,nan,nan,nan
atari_private_eye,/home/haselab/murakawa/stable-deep-world-model/logdir/atari_private_eye_vta_20260108_185758,/home/haselab/murakawa/stable-deep-world-model/logdir/atari_private_eye_vta_20260108_185758/latest.pt,/home/haselab/murakawa/stable-deep-world-model/logdir/atari_private_eye_vta_20260108_185758/train_eps/20260109T132052-aea21edf924748b7af34daa02366cf5f-2699.npz,1820,1840,0.0,7.113253670983088e-13,1.3639116287231445,2.482759475708008,0.0,3.392014741897583,nan,nan,nan,nan
atari_private_eye,/home/haselab/murakawa/stable-deep-world-model/logdir/atari_private_eye_vta_20260108_185758,/home/haselab/murakawa/stable-deep-world-model/logdir/atari_private_eye_vta_20260108_185758/latest.pt,/home/haselab/murakawa/stable-deep-world-model/logdir/atari_private_eye_vta_20260108_185758/train_eps/20260109T132052-aea21edf924748b7af34daa02366cf5f-2699.npz,1825,1845,0.0,8.852001705424162e-13,1.3269517421722412,2.4636270999908447,0.0,3.4676308631896973,nan,nan,nan,nan
atari_private_eye,/home/haselab/murakawa/stable-deep-world-model/logdir/atari_private_eye_vta_20260108_185758,/home/haselab/murakawa/stable-deep-world-model/logdir/atari_private_eye_vta_20260108_185758/latest.pt,/home/haselab/murakawa/stable-deep-world-model/logdir/atari_private_eye_vta_20260108_185758/train_eps/20260109T132052-aea21edf924748b7af34daa02366cf5f-2699.npz,1830,1850,0.05,0.05000000074505806,1.3337022066116333,2.5577902793884277,0.246628999710083,3.6392199993133545,1.1585828065872192,3.7577004432678223,4.93257999420166,4.738247871398926
atari_private_eye,/home/haselab/murakawa/stable-deep-world-model/logdir/atari_private_eye_vta_20260108_185758,/home/haselab/murakawa/stable-deep-world-model/logdir/atari_private_eye_vta_20260108_185758/latest.pt,/home/haselab/murakawa/stable-deep-world-model/logdir/atari_private_eye_vta_20260108_185758/train_eps/20260109T132052-aea21edf924748b7af34daa02366cf5f-2699.npz,1835,1855,0.05,0.05000000074505806,1.2569048404693604,2.671400547027588,0.246628999710083,3.957482099533081,1.1585828065872192,3.7577004432678223,4.93257999420166,4.738247871398926
atari_private_eye,/home/haselab/murakawa/stable-deep-world-model/logdir/atari_private_eye_vta_20260108_185758,/home/haselab/murakawa/stable-deep-world-model/logdir/atari_private_eye_vta_20260108_185758/latest.pt,/home/haselab/murakawa/stable-deep-world-model/logdir/atari_private_eye_vta_20260108_185758/train_eps/20260109T132052-aea21edf924748b7af34daa02366cf5f-2699.npz,1840,1860,0.05,0.05000000074505806,1.3827012777328491,2.7657341957092285,0.246628999710083,3.9807257652282715,1.1585828065872192,3.7577004432678223,4.93257999420166,4.738247871398926
atari_private_eye,/home/haselab/murakawa/stable-deep-world-model/logdir/atari_private_eye_vta_20260108_185758,/home/haselab/murakawa/stable-deep-world-model/logdir/atari_private_eye_vta_20260108_185758/latest.pt,/home/haselab/murakawa/stable-deep-world-model/logdir/atari_private_eye_vta_20260108_185758/train_eps/20260109T132052-aea21edf924748b7af34daa02366cf5f-2699.npz,1845,1865,0.05,0.05000000074505806,1.398130178451538,2.6420328617095947,0.246628999710083,3.8324832916259766,1.1585828065872192,3.7577004432678223,4.93257999420166,4.738247871398926
atari_private_eye,/home/haselab/murakawa/stable-deep-world-model/logdir/atari_private_eye_vta_20260108_185758,/home/haselab/murakawa/stable-deep-world-model/logdir/atari_private_eye_vta_20260108_185758/latest.pt,/home/haselab/murakawa/stable-deep-world-model/logdir/atari_private_eye_vta_20260108_185758/train_eps/20260109T132052-aea21edf924748b7af34daa02366cf5f-2699.npz,1850,1870,0.0,1.1861013371830282e-14,1.7154239416122437,3.415132522583008,0.0,4.404447555541992,nan,nan,nan,nan
atari_private_eye,/home/haselab/murakawa/stable-deep-world-model/logdir/atari_private_eye_vta_20260108_185758,/home/haselab/murakawa/stable-deep-world-model/logdir/atari_private_eye_vta_20260108_185758/latest.pt,/home/haselab/murakawa/stable-deep-world-model/logdir/atari_private_eye_vta_20260108_185758/train_eps/20260109T132052-aea21edf924748b7af34daa02366cf5f-2699.npz,1855,1875,0.0,8.597596172867962e-15,2.0805845260620117,4.188429832458496,0.0,4.773531436920166,nan,nan,nan,nan
atari_private_eye,/home/haselab/murakawa/stable-deep-world-model/logdir/atari_private_eye_vta_20260108_185758,/home/haselab/murakawa/stable-deep-world-model/logdir/atari_private_eye_vta_20260108_185758/latest.pt,/home/haselab/murakawa/stable-deep-world-model/logdir/atari_private_eye_vta_20260108_185758/train_eps/20260109T132052-aea21edf924748b7af34daa02366cf5f-2699.npz,1860,1880,0.0,2.017094580556919e-13,1.9546159505844116,3.9817306995391846,0.0,4.639095783233643,nan,nan,nan,nan
atari_private_eye,/home/haselab/murakawa/stable-deep-world-model/logdir/atari_private_eye_vta_20260108_185758,/home/haselab/murakawa/stable-deep-world-model/logdir/atari_private_eye_vta_20260108_185758/latest.pt,/home/haselab/murakawa/stable-deep-world-model/logdir/atari_private_eye_vta_20260108_185758/train_eps/20260109T132052-aea21edf924748b7af34daa02366cf5f-2699.npz,1865,1885,0.0,2.1516519306281207e-13,1.864802598953247,4.068700313568115,0.0,4.694036960601807,nan,nan,nan,nan
atari_private_eye,/home/haselab/murakawa/stable-deep-world-model/logdir/atari_private_eye_vta_20260108_185758,/home/haselab/murakawa/stable-deep-world-model/logdir/atari_private_eye_vta_20260108_185758/latest.pt,/home/haselab/murakawa/stable-deep-world-model/logdir/atari_private_eye_vta_20260108_185758/train_eps/20260109T132052-aea21edf924748b7af34daa02366cf5f-2699.npz,1870,1890,0.0,2.2208280949908427e-13,1.6030263900756836,3.3185970783233643,0.0,4.079335689544678,nan,nan,nan,nan
atari_private_eye,/home/haselab/murakawa/stable-deep-world-model/logdir/atari_private_eye_vta_20260108_185758,/home/haselab/murakawa/stable-deep-world-model/logdir/atari_private_eye_vta_20260108_185758/latest.pt,/home/haselab/murakawa/stable-deep-world-model/logdir/atari_private_eye_vta_20260108_185758/train_eps/20260109T132052-aea21edf924748b7af34daa02366cf5f-2699.npz,1875,1895,0.0,2.2735082588244693e-13,1.2491918802261353,2.478360652923584,0.0,3.3653175830841064,nan,nan,nan,nan
atari_private_eye,/home/haselab/murakawa/stable-deep-world-model/logdir/atari_private_eye_vta_20260108_185758,/home/haselab/murakawa/stable-deep-world-model/logdir/atari_private_eye_vta_20260108_185758/latest.pt,/home/haselab/murakawa/stable-deep-world-model/logdir/atari_private_eye_vta_20260108_185758/train_eps/20260109T132052-aea21edf924748b7af34daa02366cf5f-2699.npz,1880,1900,0.05,0.05000000074505806,1.2783772945404053,2.6796109676361084,0.22797791659832,3.5220272541046143,1.4100797176361084,3.932175874710083,4.559558391571045,4.646611213684082
atari_private_eye,/home/haselab/murakawa/stable-deep-world-model/logdir/atari_private_eye_vta_20260108_185758,/home/haselab/murakawa/stable-deep-world-model/logdir/atari_private_eye_vta_20260108_185758/latest.pt,/home/haselab/murakawa/stable-deep-world-model/logdir/atari_private_eye_vta_20260108_185758/train_eps/20260109T132052-aea21edf924748b7af34daa02366cf5f-2699.npz,1885,1905,0.05,0.05000000074505806,1.3942584991455078,2.826977252960205,0.22797791659832,3.5821735858917236,1.4100797176361084,3.932175874710083,4.559558391571045,4.646611213684082
atari_private_eye,/home/haselab/murakawa/stable-deep-world-model/logdir/atari_private_eye_vta_20260108_185758,/home/haselab/murakawa/stable-deep-world-model/logdir/atari_private_eye_vta_20260108_185758/latest.pt,/home/haselab/murakawa/stable-deep-world-model/logdir/atari_private_eye_vta_20260108_185758/train_eps/20260109T132052-aea21edf924748b7af34daa02366cf5f-2699.npz,1890,1910,0.05,0.05000000074505806,1.3379886150360107,2.794020175933838,0.22797791659832,3.4943416118621826,1.4100797176361084,3.932175874710083,4.559558391571045,4.646611213684082
atari_private_eye,/home/haselab/murakawa/stable-deep-world-model/logdir/atari_private_eye_vta_20260108_185758,/home/haselab/murakawa/stable-deep-world-model/logdir/atari_private_eye_vta_20260108_185758/latest.pt,/home/haselab/murakawa/stable-deep-world-model/logdir/atari_private_eye_vta_20260108_185758/train_eps/20260109T132052-aea21edf924748b7af34daa02366cf5f-2699.npz,1895,1915,0.05,0.05000000074505806,1.3178174495697021,2.74320650100708,0.22797791659832,3.442288637161255,1.4100797176361084,3.932175874710083,4.559558391571045,4.646611213684082
atari_private_eye,/home/haselab/murakawa/stable-deep-world-model/logdir/atari_private_eye_vta_20260108_185758,/home/haselab/murakawa/stable-deep-world-model/logdir/atari_private_eye_vta_20260108_185758/latest.pt,/home/haselab/murakawa/stable-deep-world-model/logdir/atari_private_eye_vta_20260108_185758/train_eps/20260109T132052-aea21edf924748b7af34daa02366cf5f-2699.npz,1900,1920,0.0,8.931718212257245e-13,1.2236366271972656,2.6562986373901367,0.0,3.3583133220672607,nan,nan,nan,nan
atari_private_eye,/home/haselab/murakawa/stable-deep-world-model/logdir/atari_private_eye_vta_20260108_185758,/home/haselab/murakawa/stable-deep-world-model/logdir/atari_private_eye_vta_20260108_185758/latest.pt,/home/haselab/murakawa/stable-deep-world-model/logdir/atari_private_eye_vta_20260108_185758/train_eps/20260109T132052-aea21edf924748b7af34daa02366cf5f-2699.npz,1905,1925,0.0,9.389938913223483e-13,1.1867767572402954,2.577892780303955,0.0,3.3010668754577637,nan,nan,nan,nan
atari_private_eye,/home/haselab/murakawa/stable-deep-world-model/logdir/atari_private_eye_vta_20260108_185758,/home/haselab/murakawa/stable-deep-world-model/logdir/atari_private_eye_vta_20260108_185758/latest.pt,/home/haselab/murakawa/stable-deep-world-model/logdir/atari_private_eye_vta_20260108_185758/train_eps/20260109T132052-aea21edf924748b7af34daa02366cf5f-2699.npz,1910,1930,0.0,1.0269495757248004e-12,1.2169276475906372,2.5956385135650635,0.0,3.341747999191284,nan,nan,nan,nan
atari_private_eye,/home/haselab/murakawa/stable-deep-world-model/logdir/atari_private_eye_vta_20260108_185758,/home/haselab/murakawa/stable-deep-world-model/logdir/atari_private_eye_vta_20260108_185758/latest.pt,/home/haselab/murakawa/stable-deep-world-model/logdir/atari_private_eye_vta_20260108_185758/train_eps/20260109T132052-aea21edf924748b7af34daa02366cf5f-2699.npz,1915,1935,0.0,2.3112691231383375e-13,1.2747204303741455,2.888652801513672,0.0,3.6824424266815186,nan,nan,nan,nan
atari_private_eye,/home/haselab/murakawa/stable-deep-world-model/logdir/atari_private_eye_vta_20260108_185758,/home/haselab/murakawa/stable-deep-world-model/logdir/atari_private_eye_vta_20260108_185758/latest.pt,/home/haselab/murakawa/stable-deep-world-model/logdir/atari_private_eye_vta_20260108_185758/train_eps/20260109T132052-aea21edf924748b7af34daa02366cf5f-2699.npz,1920,1940,0.0,2.7222457144385204e-13,1.3458662033081055,2.8082175254821777,0.0,3.7006478309631348,nan,nan,nan,nan
atari_private_eye,/home/haselab/murakawa/stable-deep-world-model/logdir/atari_private_eye_vta_20260108_185758,/home/haselab/murakawa/stable-deep-world-model/logdir/atari_private_eye_vta_20260108_185758/latest.pt,/home/haselab/murakawa/stable-deep-world-model/logdir/atari_private_eye_vta_20260108_185758/train_eps/20260109T132052-aea21edf924748b7af34daa02366cf5f-2699.npz,1925,1945,0.0,2.9566008929310383e-13,1.3277637958526611,2.7066779136657715,0.0,3.6868388652801514,nan,nan,nan,nan
atari_private_eye,/home/haselab/murakawa/stable-deep-world-model/logdir/atari_private_eye_vta_20260108_185758,/home/haselab/murakawa/stable-deep-world-model/logdir/atari_private_eye_vta_20260108_185758/latest.pt,/home/haselab/murakawa/stable-deep-world-model/logdir/atari_private_eye_vta_20260108_185758/train_eps/20260109T132052-aea21edf924748b7af34daa02366cf5f-2699.npz,1930,1950,0.05,0.05000000074505806,1.385529637336731,2.8912463188171387,0.24819788336753845,3.839918851852417,1.3785680532455444,4.097699165344238,4.963957786560059,5.172991752624512
atari_private_eye,/home/haselab/murakawa/stable-deep-world-model/logdir/atari_private_eye_vta_20260108_185758,/home/haselab/murakawa/stable-deep-world-model/logdir/atari_private_eye_vta_20260108_185758/latest.pt,/home/haselab/murakawa/stable-deep-world-model/logdir/atari_private_eye_vta_20260108_185758/train_eps/20260109T132052-aea21edf924748b7af34daa02366cf5f-2699.npz,1935,1955,0.05,0.05000000074505806,1.2853564023971558,2.621572494506836,0.24819788336753845,3.7026991844177246,1.3785680532455444,4.097699165344238,4.963957786560059,5.172991752624512
atari_private_eye,/home/haselab/murakawa/stable-deep-world-model/logdir/atari_private_eye_vta_20260108_185758,/home/haselab/murakawa/stable-deep-world-model/logdir/atari_private_eye_vta_20260108_185758/latest.pt,/home/haselab/murakawa/stable-deep-world-model/logdir/atari_private_eye_vta_20260108_185758/train_eps/20260109T132052-aea21edf924748b7af34daa02366cf5f-2699.npz,1940,1960,0.05,0.05000000074505806,1.2694480419158936,2.590252637863159,0.24819788336753845,3.7220592498779297,1.3785680532455444,4.097699165344238,4.963957786560059,5.172991752624512
atari_private_eye,/home/haselab/murakawa/stable-deep-world-model/logdir/atari_private_eye_vta_20260108_185758,/home/haselab/murakawa/stable-deep-world-model/logdir/atari_private_eye_vta_20260108_185758/latest.pt,/home/haselab/murakawa/stable-deep-world-model/logdir/atari_private_eye_vta_20260108_185758/train_eps/20260109T132052-aea21edf924748b7af34daa02366cf5f-2699.npz,1945,1965,0.05,0.05000000074505806,1.355233907699585,2.731282949447632,0.24819788336753845,3.844939708709717,1.3785680532455444,4.097699165344238,4.963957786560059,5.172991752624512
atari_private_eye,/home/haselab/murakawa/stable-deep-world-model/logdir/atari_private_eye_vta_20260108_185758,/home/haselab/murakawa/stable-deep-world-model/logdir/atari_private_eye_vta_20260108_185758/latest.pt,/home/haselab/murakawa/stable-deep-world-model/logdir/atari_private_eye_vta_20260108_185758/train_eps/20260109T132052-aea21edf924748b7af34daa02366cf5f-2699.npz,1950,1970,0.0,2.418032154306903e-15,1.2690753936767578,2.4824090003967285,0.0,3.6541106700897217,nan,nan,nan,nan
atari_private_eye,/home/haselab/murakawa/stable-deep-world-model/logdir/atari_private_eye_vta_20260108_185758,/home/haselab/murakawa/stable-deep-world-model/logdir/atari_private_eye_vta_20260108_185758/latest.pt,/home/haselab/murakawa/stable-deep-world-model/logdir/atari_private_eye_vta_20260108_185758/train_eps/20260109T132052-aea21edf924748b7af34daa02366cf5f-2699.npz,1955,1975,0.0,4.824609543254907e-14,1.2477895021438599,2.350241184234619,0.0,3.4366862773895264,nan,nan,nan,nan
atari_private_eye,/home/haselab/murakawa/stable-deep-world-model/logdir/atari_private_eye_vta_20260108_185758,/home/haselab/murakawa/stable-deep-world-model/logdir/atari_private_eye_vta_20260108_185758/latest.pt,/home/haselab/murakawa/stable-deep-world-model/logdir/atari_private_eye_vta_20260108_185758/train_eps/20260109T132052-aea21edf924748b7af34daa02366cf5f-2699.npz,1960,1980,0.0,1.9384760994740208e-13,1.2910388708114624,2.3521296977996826,0.0,3.4257290363311768,nan,nan,nan,nan
atari_private_eye,/home/haselab/murakawa/stable-deep-world-model/logdir/atari_private_eye_vta_20260108_185758,/home/haselab/murakawa/stable-deep-world-model/logdir/atari_private_eye_vta_20260108_185758/latest.pt,/home/haselab/murakawa/stable-deep-world-model/logdir/atari_private_eye_vta_20260108_185758/train_eps/20260109T132052-aea21edf924748b7af34daa02366cf5f-2699.npz,1965,1985,0.0,4.725712009212568e-13,1.3526928424835205,2.6190826892852783,0.0,3.66340970993042,nan,nan,nan,nan
atari_private_eye,/home/haselab/murakawa/stable-deep-world-model/logdir/atari_private_eye_vta_20260108_185758,/home/haselab/murakawa/stable-deep-world-model/logdir/atari_private_eye_vta_20260108_185758/latest.pt,/home/haselab/murakawa/stable-deep-world-model/logdir/atari_private_eye_vta_20260108_185758/train_eps/20260109T132052-aea21edf924748b7af34daa02366cf5f-2699.npz,1970,1990,0.0,4.724055890394097e-13,1.615393877029419,3.1981616020202637,0.0,4.162481307983398,nan,nan,nan,nan
atari_private_eye,/home/haselab/murakawa/stable-deep-world-model/logdir/atari_private_eye_vta_20260108_185758,/home/haselab/murakawa/stable-deep-world-model/logdir/atari_private_eye_vta_20260108_185758/latest.pt,/home/haselab/murakawa/stable-deep-world-model/logdir/atari_private_eye_vta_20260108_185758/train_eps/20260109T132052-aea21edf924748b7af34daa02366cf5f-2699.npz,1975,1995,0.0,4.2627842445144837e-13,1.6236079931259155,3.4388587474823,0.0,4.31512975692749,nan,nan,nan,nan
atari_private_eye,/home/haselab/murakawa/stable-deep-world-model/logdir/atari_private_eye_vta_20260108_185758,/home/haselab/murakawa/stable-deep-world-model/logdir/atari_private_eye_vta_20260108_185758/latest.pt,/home/haselab/murakawa/stable-deep-world-model/logdir/atari_private_eye_vta_20260108_185758/train_eps/20260109T132052-aea21edf924748b7af34daa02366cf5f-2699.npz,1980,2000,0.05,0.05000000074505806,1.6511415243148804,3.7901835441589355,0.35046884417533875,4.485213279724121,2.2227694988250732,3.9526350498199463,7.0093770027160645,4.466468811035156
atari_private_eye,/home/haselab/murakawa/stable-deep-world-model/logdir/atari_private_eye_vta_20260108_185758,/home/haselab/murakawa/stable-deep-world-model/logdir/atari_private_eye_vta_20260108_185758/latest.pt,/home/haselab/murakawa/stable-deep-world-model/logdir/atari_private_eye_vta_20260108_185758/train_eps/20260109T132052-aea21edf924748b7af34daa02366cf5f-2699.npz,1985,2005,0.05,0.05000000074505806,1.5968267917633057,3.7434093952178955,0.35046884417533875,4.445937156677246,2.2227694988250732,3.9526350498199463,7.0093770027160645,4.466468811035156
atari_private_eye,/home/haselab/murakawa/stable-deep-world-model/logdir/atari_private_eye_vta_20260108_185758,/home/haselab/murakawa/stable-deep-world-model/logdir/atari_private_eye_vta_20260108_185758/latest.pt,/home/haselab/murakawa/stable-deep-world-model/logdir/atari_private_eye_vta_20260108_185758/train_eps/20260109T132052-aea21edf924748b7af34daa02366cf5f-2699.npz,1990,2010,0.05,0.05000000074505806,1.5192458629608154,3.5669970512390137,0.35046884417533875,4.228482246398926,2.2227694988250732,3.9526350498199463,7.0093770027160645,4.466468811035156
atari_private_eye,/home/haselab/murakawa/stable-deep-world-model/logdir/atari_private_eye_vta_20260108_185758,/home/haselab/murakawa/stable-deep-world-model/logdir/atari_private_eye_vta_20260108_185758/latest.pt,/home/haselab/murakawa/stable-deep-world-model/logdir/atari_private_eye_vta_20260108_185758/train_eps/20260109T132052-aea21edf924748b7af34daa02366cf5f-2699.npz,1995,2015,0.05,0.05000000074505806,1.7534542083740234,3.8285510540008545,0.35046884417533875,4.444554328918457,2.2227694988250732,3.9526350498199463,7.0093770027160645,4.466468811035156
atari_private_eye,/home/haselab/murakawa/stable-deep-world-model/logdir/atari_private_eye_vta_20260108_185758,/home/haselab/murakawa/stable-deep-world-model/logdir/atari_private_eye_vta_20260108_185758/latest.pt,/home/haselab/murakawa/stable-deep-world-model/logdir/atari_private_eye_vta_20260108_185758/train_eps/20260109T132052-aea21edf924748b7af34daa02366cf5f-2699.npz,2000,2020,0.0,1.5376715394991791e-24,1.6537103652954102,3.8580665588378906,0.0,4.425162315368652,nan,nan,nan,nan
atari_private_eye,/home/haselab/murakawa/stable-deep-world-model/logdir/atari_private_eye_vta_20260108_185758,/home/haselab/murakawa/stable-deep-world-model/logdir/atari_private_eye_vta_20260108_185758/latest.pt,/home/haselab/murakawa/stable-deep-world-model/logdir/atari_private_eye_vta_20260108_185758/train_eps/20260109T132052-aea21edf924748b7af34daa02366cf5f-2699.npz,2005,2025,0.0,1.5373415984255705e-24,1.6853259801864624,3.9877166748046875,0.0,4.547773361206055,nan,nan,nan,nan
atari_private_eye,/home/haselab/murakawa/stable-deep-world-model/logdir/atari_private_eye_vta_20260108_185758,/home/haselab/murakawa/stable-deep-world-model/logdir/atari_private_eye_vta_20260108_185758/latest.pt,/home/haselab/murakawa/stable-deep-world-model/logdir/atari_private_eye_vta_20260108_185758/train_eps/20260109T132052-aea21edf924748b7af34daa02366cf5f-2699.npz,2010,2030,0.0,1.6435906113442334e-24,1.6908409595489502,3.9298882484436035,0.0,4.514993190765381,nan,nan,nan,nan
atari_private_eye,/home/haselab/murakawa/stable-deep-world-model/logdir/atari_private_eye_vta_20260108_185758,/home/haselab/murakawa/stable-deep-world-model/logdir/atari_private_eye_vta_20260108_185758/latest.pt,/home/haselab/murakawa/stable-deep-world-model/logdir/atari_private_eye_vta_20260108_185758/train_eps/20260109T132052-aea21edf924748b7af34daa02366cf5f-2699.npz,2015,2035,0.0,2.990973616324066e-24,1.768236517906189,4.040478229522705,0.0,4.668946743011475,nan,nan,nan,nan
atari_private_eye,/home/haselab/murakawa/stable-deep-world-model/logdir/atari_private_eye_vta_20260108_185758,/home/haselab/murakawa/stable-deep-world-model/logdir/atari_private_eye_vta_20260108_185758/latest.pt,/home/haselab/murakawa/stable-deep-world-model/logdir/atari_private_eye_vta_20260108_185758/train_eps/20260109T132052-aea21edf924748b7af34daa02366cf5f-2699.npz,2020,2040,0.0,3.2126940177891043e-24,2.069849729537964,4.624061584472656,0.0,5.2688374519348145,nan,nan,nan,nan
atari_private_eye,/home/haselab/murakawa/stable-deep-world-model/logdir/atari_private_eye_vta_20260108_185758,/home/haselab/murakawa/stable-deep-world-model/logdir/atari_private_eye_vta_20260108_185758/latest.pt,/home/haselab/murakawa/stable-deep-world-model/logdir/atari_private_eye_vta_20260108_185758/train_eps/20260109T132052-aea21edf924748b7af34daa02366cf5f-2699.npz,2025,2045,0.0,1.143139571988406e-15,2.203068494796753,4.6759185791015625,0.0,5.325949668884277,nan,nan,nan,nan
atari_private_eye,/home/haselab/murakawa/stable-deep-world-model/logdir/atari_private_eye_vta_20260108_185758,/home/haselab/murakawa/stable-deep-world-model/logdir/atari_private_eye_vta_20260108_185758/latest.pt,/home/haselab/murakawa/stable-deep-world-model/logdir/atari_private_eye_vta_20260108_185758/train_eps/20260109T132052-aea21edf924748b7af34daa02366cf5f-2699.npz,2030,2050,0.05,0.05000000074505806,2.3019702434539795,4.973922252655029,0.18064765632152557,5.609910011291504,2.109218120574951,5.0727691650390625,3.6129531860351562,5.636553764343262
atari_private_eye,/home/haselab/murakawa/stable-deep-world-model/logdir/atari_private_eye_vta_20260108_185758,/home/haselab/murakawa/stable-deep-world-model/logdir/atari_private_eye_vta_20260108_185758/latest.pt,/home/haselab/murakawa/stable-deep-world-model/logdir/atari_private_eye_vta_20260108_185758/train_eps/20260109T132052-aea21edf924748b7af34daa02366cf5f-2699.npz,2035,2055,0.05,0.05000000074505806,2.326092004776001,5.253773212432861,0.18064765632152557,5.866410255432129,2.109218120574951,5.0727691650390625,3.6129531860351562,5.636553764343262
atari_private_eye,/home/haselab/murakawa/stable-deep-world-model/logdir/atari_private_eye_vta_20260108_185758,/home/haselab/murakawa/stable-deep-world-model/logdir/atari_private_eye_vta_20260108_185758/latest.pt,/home/haselab/murakawa/stable-deep-world-model/logdir/atari_private_eye_vta_20260108_185758/train_eps/20260109T132052-aea21edf924748b7af34daa02366cf5f-2699.npz,2040,2060,0.05,0.05000000074505806,2.4154677391052246,5.219064712524414,0.18064765632152557,5.801553726196289,2.109218120574951,5.0727691650390625,3.6129531860351562,5.636553764343262
atari_private_eye,/home/haselab/murakawa/stable-deep-world-model/logdir/atari_private_eye_vta_20260108_185758,/home/haselab/murakawa/stable-deep-world-model/logdir/atari_private_eye_vta_20260108_185758/latest.pt,/home/haselab/murakawa/stable-deep-world-model/logdir/atari_private_eye_vta_20260108_185758/train_eps/20260109T132052-aea21edf924748b7af34daa02366cf5f-2699.npz,2045,2065,0.05,0.05000000074505806,2.4873709678649902,5.303564071655273,0.18064765632152557,5.802458763122559,2.109218120574951,5.0727691650390625,3.6129531860351562,5.636553764343262
atari_private_eye,/home/haselab/murakawa/stable-deep-world-model/logdir/atari_private_eye_vta_20260108_185758,/home/haselab/murakawa/stable-deep-world-model/logdir/atari_private_eye_vta_20260108_185758/latest.pt,/home/haselab/murakawa/stable-deep-world-model/logdir/atari_private_eye_vta_20260108_185758/train_eps/20260109T132052-aea21edf924748b7af34daa02366cf5f-2699.npz,2050,2070,0.0,3.205930978656302e-15,2.6150062084198,5.909283638000488,0.0,6.318019390106201,nan,nan,nan,nan
atari_private_eye,/home/haselab/murakawa/stable-deep-world-model/logdir/atari_private_eye_vta_20260108_185758,/home/haselab/murakawa/stable-deep-world-model/logdir/atari_private_eye_vta_20260108_185758/latest.pt,/home/haselab/murakawa/stable-deep-world-model/logdir/atari_private_eye_vta_20260108_185758/train_eps/20260109T132052-aea21edf924748b7af34daa02366cf5f-2699.npz,2055,2075,0.0,3.2059292845904074e-15,2.4022693634033203,5.457879066467285,0.0,5.878656387329102,nan,nan,nan,nan
atari_private_eye,/home/haselab/murakawa/stable-deep-world-model/logdir/atari_private_eye_vta_20260108_185758,/home/haselab/murakawa/stable-deep-world-model/logdir/atari_private_eye_vta_20260108_185758/latest.pt,/home/haselab/murakawa/stable-deep-world-model/logdir/atari_private_eye_vta_20260108_185758/train_eps/20260109T132052-aea21edf924748b7af34daa02366cf5f-2699.npz,2060,2080,0.0,3.892250291601812e-13,2.315753221511841,5.196640491485596,0.0,5.730823993682861,nan,nan,nan,nan
atari_private_eye,/home/haselab/murakawa/stable-deep-world-model/logdir/atari_private_eye_vta_20260108_185758,/home/haselab/murakawa/stable-deep-world-model/logdir/atari_private_eye_vta_20260108_185758/latest.pt,/home/haselab/murakawa/stable-deep-world-model/logdir/atari_private_eye_vta_20260108_185758/train_eps/20260109T132052-aea21edf924748b7af34daa02366cf5f-2699.npz,2065,2085,0.0,3.8934323430203643e-13,2.077261447906494,4.542140007019043,0.0,5.234023571014404,nan,nan,nan,nan
atari_private_eye,/home/haselab/murakawa/stable-deep-world-model/logdir/atari_private_eye_vta_20260108_185758,/home/haselab/murakawa/stable-deep-world-model/logdir/atari_private_eye_vta_20260108_185758/latest.pt,/home/haselab/murakawa/stable-deep-world-model/logdir/atari_private_eye_vta_20260108_185758/train_eps/20260109T132052-aea21edf924748b7af34daa02366cf5f-2699.npz,2070,2090,0.0,3.882786561888729e-13,1.9654783010482788,4.070832252502441,0.0,4.803400993347168,nan,nan,nan,nan
atari_private_eye,/home/haselab/murakawa/stable-deep-world-model/logdir/atari_private_eye_vta_20260108_185758,/home/haselab/murakawa/stable-deep-world-model/logdir/atari_private_eye_vta_20260108_185758/latest.pt,/home/haselab/murakawa/stable-deep-world-model/logdir/atari_private_eye_vta_20260108_185758/train_eps/20260109T132052-aea21edf924748b7af34daa02366cf5f-2699.npz,2075,2095,0.0,8.201658211089147e-13,2.2523725032806396,4.5742669105529785,0.0,5.228524684906006,nan,nan,nan,nan
atari_private_eye,/home/haselab/murakawa/stable-deep-world-model/logdir/atari_private_eye_vta_20260108_185758,/home/haselab/murakawa/stable-deep-world-model/logdir/atari_private_eye_vta_20260108_185758/latest.pt,/home/haselab/murakawa/stable-deep-world-model/logdir/atari_private_eye_vta_20260108_185758/train_eps/20260109T132052-aea21edf924748b7af34daa02366cf5f-2699.npz,2080,2100,0.05,0.05000000074505806,2.044238328933716,3.9770309925079346,0.3318686783313751,4.710726737976074,1.700251817703247,3.4925639629364014,6.637373447418213,4.324963092803955
atari_private_eye,/home/haselab/murakawa/stable-deep-world-model/logdir/atari_private_eye_vta_20260108_185758,/home/haselab/murakawa/stable-deep-world-model/logdir/atari_private_eye_vta_20260108_185758/latest.pt,/home/haselab/murakawa/stable-deep-world-model/logdir/atari_private_eye_vta_20260108_185758/train_eps/20260109T132052-aea21edf924748b7af34daa02366cf5f-2699.npz,2085,2105,0.05,0.05000000074505806,2.0226807594299316,3.979504346847534,0.3318686783313751,4.789511203765869,1.700251817703247,3.4925639629364014,6.637373447418213,4.324963092803955
atari_private_eye,/home/haselab/murakawa/stable-deep-world-model/logdir/atari_private_eye_vta_20260108_185758,/home/haselab/murakawa/stable-deep-world-model/logdir/atari_private_eye_vta_20260108_185758/latest.pt,/home/haselab/murakawa/stable-deep-world-model/logdir/atari_private_eye_vta_20260108_185758/train_eps/20260109T132052-aea21edf924748b7af34daa02366cf5f-2699.npz,2090,2110,0.05,0.05000000074505806,1.6557979583740234,3.0747315883636475,0.3318686783313751,4.2998948097229,1.700251817703247,3.4925639629364014,6.637373447418213,4.324963092803955
atari_private_eye,/home/haselab/murakawa/stable-deep-world-model/logdir/atari_private_eye_vta_20260108_185758,/home/haselab/murakawa/stable-deep-world-model/logdir/atari_private_eye_vta_20260108_185758/latest.pt,/home/haselab/murakawa/stable-deep-world-model/logdir/atari_private_eye_vta_20260108_185758/train_eps/20260109T132052-aea21edf924748b7af34daa02366cf5f-2699.npz,2095,2115,0.05,0.05000000074505806,1.3796498775482178,2.191229820251465,0.3318686783313751,3.677398681640625,1.700251817703247,3.4925639629364014,6.637373447418213,4.324963092803955
atari_private_eye,/home/haselab/murakawa/stable-deep-world-model/logdir/atari_private_eye_vta_20260108_185758,/home/haselab/murakawa/stable-deep-world-model/logdir/atari_private_eye_vta_20260108_185758/latest.pt,/home/haselab/murakawa/stable-deep-world-model/logdir/atari_private_eye_vta_20260108_185758/train_eps/20260109T132052-aea21edf924748b7af34daa02366cf5f-2699.npz,2100,2120,0.0,1.4096634016330656e-12,1.3181558847427368,2.263467311859131,0.0,3.731590747833252,nan,nan,nan,nan
atari_private_eye,/home/haselab/murakawa/stable-deep-world-model/logdir/atari_private_eye_vta_20260108_185758,/home/haselab/murakawa/stable-deep-world-model/logdir/atari_private_eye_vta_20260108_185758/latest.pt,/home/haselab/murakawa/stable-deep-world-model/logdir/atari_private_eye_vta_20260108_185758/train_eps/20260109T132052-aea21edf924748b7af34daa02366cf5f-2699.npz,2105,2125,0.0,1.3471877693266299e-12,1.2113783359527588,2.2902021408081055,0.0,3.6685051918029785,nan,nan,nan,nan
atari_private_eye,/home/haselab/murakawa/stable-deep-world-model/logdir/atari_private_eye_vta_20260108_185758,/home/haselab/murakawa/stable-deep-world-model/logdir/atari_private_eye_vta_20260108_185758/latest.pt,/home/haselab/murakawa/stable-deep-world-model/logdir/atari_private_eye_vta_20260108_185758/train_eps/20260109T132052-aea21edf924748b7af34daa02366cf5f-2699.npz,2110,2130,0.0,1.389673424077864e-12,1.3668760061264038,2.5599846839904785,0.0,3.6313419342041016,nan,nan,nan,nan
atari_private_eye,/home/haselab/murakawa/stable-deep-world-model/logdir/atari_private_eye_vta_20260108_185758,/home/haselab/murakawa/stable-deep-world-model/logdir/atari_private_eye_vta_20260108_185758/latest.pt,/home/haselab/murakawa/stable-deep-world-model/logdir/atari_private_eye_vta_20260108_185758/train_eps/20260109T132052-aea21edf924748b7af34daa02366cf5f-2699.npz,2115,2135,0.0,5.615343259823824e-13,1.3108819723129272,2.591177463531494,0.0,3.5894668102264404,nan,nan,nan,nan
atari_private_eye,/home/haselab/murakawa/stable-deep-world-model/logdir/atari_private_eye_vta_20260108_185758,/home/haselab/murakawa/stable-deep-world-model/logdir/atari_private_eye_vta_20260108_185758/latest.pt,/home/haselab/murakawa/stable-deep-world-model/logdir/atari_private_eye_vta_20260108_185758/train_eps/20260109T132052-aea21edf924748b7af34daa02366cf5f-2699.npz,2120,2140,0.0,3.279370048084318e-13,1.32704758644104,2.47772479057312,0.0,3.431718349456787,nan,nan,nan,nan
atari_private_eye,/home/haselab/murakawa/stable-deep-world-model/logdir/atari_private_eye_vta_20260108_185758,/home/haselab/murakawa/stable-deep-world-model/logdir/atari_private_eye_vta_20260108_185758/latest.pt,/home/haselab/murakawa/stable-deep-world-model/logdir/atari_private_eye_vta_20260108_185758/train_eps/20260109T132052-aea21edf924748b7af34daa02366cf5f-2699.npz,2125,2145,0.0,4.0443554538346915e-13,1.362365484237671,2.517784833908081,0.0,3.368880033493042,nan,nan,nan,nan
atari_private_eye,/home/haselab/murakawa/stable-deep-world-model/logdir/atari_private_eye_vta_20260108_185758,/home/haselab/murakawa/stable-deep-world-model/logdir/atari_private_eye_vta_20260108_185758/latest.pt,/home/haselab/murakawa/stable-deep-world-model/logdir/atari_private_eye_vta_20260108_185758/train_eps/20260109T132052-aea21edf924748b7af34daa02366cf5f-2699.npz,2130,2150,0.05,0.05000000074505806,1.2911458015441895,2.6041715145111084,0.1957627534866333,3.481523036956787,2.246797561645508,4.763684272766113,3.915255069732666,4.8915510177612305
atari_private_eye,/home/haselab/murakawa/stable-deep-world-model/logdir/atari_private_eye_vta_20260108_185758,/home/haselab/murakawa/stable-deep-world-model/logdir/atari_private_eye_vta_20260108_185758/latest.pt,/home/haselab/murakawa/stable-deep-world-model/logdir/atari_private_eye_vta_20260108_185758/train_eps/20260109T132052-aea21edf924748b7af34daa02366cf5f-2699.npz,2135,2155,0.05,0.05000000074505806,1.2261555194854736,2.743178367614746,0.1957627534866333,3.6774916648864746,2.246797561645508,4.763684272766113,3.915255069732666,4.8915510177612305
atari_private_eye,/home/haselab/murakawa/stable-deep-world-model/logdir/atari_private_eye_vta_20260108_185758,/home/haselab/murakawa/stable-deep-world-model/logdir/atari_private_eye_vta_20260108_185758/latest.pt,/home/haselab/murakawa/stable-deep-world-model/logdir/atari_private_eye_vta_20260108_185758/train_eps/20260109T132052-aea21edf924748b7af34daa02366cf5f-2699.npz,2140,2160,0.05,0.05000000074505806,1.3028006553649902,2.8489012718200684,0.1957627534866333,3.7757256031036377,2.246797561645508,4.763684272766113,3.915255069732666,4.8915510177612305
atari_private_eye,/home/haselab/murakawa/stable-deep-world-model/logdir/atari_private_eye_vta_20260108_185758,/home/haselab/murakawa/stable-deep-world-model/logdir/atari_private_eye_vta_20260108_185758/latest.pt,/home/haselab/murakawa/stable-deep-world-model/logdir/atari_private_eye_vta_20260108_185758/train_eps/20260109T132052-aea21edf924748b7af34daa02366cf5f-2699.npz,2145,2165,0.05,0.05000000074505806,1.2602514028549194,2.8508787155151367,0.1957627534866333,3.8770318031311035,2.246797561645508,4.763684272766113,3.915255069732666,4.8915510177612305
atari_private_eye,/home/haselab/murakawa/stable-deep-world-model/logdir/atari_private_eye_vta_20260108_185758,/home/haselab/murakawa/stable-deep-world-model/logdir/atari_private_eye_vta_20260108_185758/latest.pt,/home/haselab/murakawa/stable-deep-world-model/logdir/atari_private_eye_vta_20260108_185758/train_eps/20260109T132052-aea21edf924748b7af34daa02366cf5f-2699.npz,2150,2170,0.0,9.183671821600368e-15,1.353018045425415,2.805926561355591,0.0,3.780346393585205,nan,nan,nan,nan
atari_private_eye,/home/haselab/murakawa/stable-deep-world-model/logdir/atari_private_eye_vta_20260108_185758,/home/haselab/murakawa/stable-deep-world-model/logdir/atari_private_eye_vta_20260108_185758/latest.pt,/home/haselab/murakawa/stable-deep-world-model/logdir/atari_private_eye_vta_20260108_185758/train_eps/20260109T132052-aea21edf924748b7af34daa02366cf5f-2699.npz,2155,2175,0.0,3.766684365672304e-14,1.4239780902862549,2.802866220474243,0.0,3.6999645233154297,nan,nan,nan,nan
atari_private_eye,/home/haselab/murakawa/stable-deep-world-model/logdir/atari_private_eye_vta_20260108_185758,/home/haselab/murakawa/stable-deep-world-model/logdir/atari_private_eye_vta_20260108_185758/latest.pt,/home/haselab/murakawa/stable-deep-world-model/logdir/atari_private_eye_vta_20260108_185758/train_eps/20260109T132052-aea21edf924748b7af34daa02366cf5f-2699.npz,2160,2180,0.0,6.659301202919382e-14,1.3162707090377808,2.729465961456299,0.0,3.7014942169189453,nan,nan,nan,nan
atari_private_eye,/home/haselab/murakawa/stable-deep-world-model/logdir/atari_private_eye_vta_20260108_185758,/home/haselab/murakawa/stable-deep-world-model/logdir/atari_private_eye_vta_20260108_185758/latest.pt,/home/haselab/murakawa/stable-deep-world-model/logdir/atari_private_eye_vta_20260108_185758/train_eps/20260109T132052-aea21edf924748b7af34daa02366cf5f-2699.npz,2165,2185,0.0,1.0898640795181311e-13,1.3542553186416626,2.6636195182800293,0.0,3.649049758911133,nan,nan,nan,nan
atari_private_eye,/home/haselab/murakawa/stable-deep-world-model/logdir/atari_private_eye_vta_20260108_185758,/home/haselab/murakawa/stable-deep-world-model/logdir/atari_private_eye_vta_20260108_185758/latest.pt,/home/haselab/murakawa/stable-deep-world-model/logdir/atari_private_eye_vta_20260108_185758/train_eps/20260109T132052-aea21edf924748b7af34daa02366cf5f-2699.npz,2170,2190,0.0,1.2895647006835875e-13,1.2572304010391235,2.5232815742492676,0.0,3.658785343170166,nan,nan,nan,nan
atari_private_eye,/home/haselab/murakawa/stable-deep-world-model/logdir/atari_private_eye_vta_20260108_185758,/home/haselab/murakawa/stable-deep-world-model/logdir/atari_private_eye_vta_20260108_185758/latest.pt,/home/haselab/murakawa/stable-deep-world-model/logdir/atari_private_eye_vta_20260108_185758/train_eps/20260109T132052-aea21edf924748b7af34daa02366cf5f-2699.npz,2175,2195,0.0,1.38629423695677e-13,1.2200891971588135,2.3277621269226074,0.0,3.432372570037842,nan,nan,nan,nan
atari_private_eye,/home/haselab/murakawa/stable-deep-world-model/logdir/atari_private_eye_vta_20260108_185758,/home/haselab/murakawa/stable-deep-world-model/logdir/atari_private_eye_vta_20260108_185758/latest.pt,/home/haselab/murakawa/stable-deep-world-model/logdir/atari_private_eye_vta_20260108_185758/train_eps/20260109T132052-aea21edf924748b7af34daa02366cf5f-2699.npz,2180,2200,0.05,0.05000000074505806,1.264329195022583,2.3275651931762695,0.1901175081729889,3.3690757751464844,1.4728474617004395,3.218151330947876,3.8023502826690674,3.4946060180664062
atari_private_eye,/home/haselab/murakawa/stable-deep-world-model/logdir/atari_private_eye_vta_20260108_185758,/home/haselab/murakawa/stable-deep-world-model/logdir/atari_private_eye_vta_20260108_185758/latest.pt,/home/haselab/murakawa/stable-deep-world-model/logdir/atari_private_eye_vta_20260108_185758/train_eps/20260109T132052-aea21edf924748b7af34daa02366cf5f-2699.npz,2185,2205,0.05,0.05000000074505806,1.3261334896087646,2.4329190254211426,0.1901175081729889,3.4057815074920654,1.4728474617004395,3.218151330947876,3.8023502826690674,3.4946060180664062
atari_private_eye,/home/haselab/murakawa/stable-deep-world-model/logdir/atari_private_eye_vta_20260108_185758,/home/haselab/murakawa/stable-deep-world-model/logdir/atari_private_eye_vta_20260108_185758/latest.pt,/home/haselab/murakawa/stable-deep-world-model/logdir/atari_private_eye_vta_20260108_185758/train_eps/20260109T132052-aea21edf924748b7af34daa02366cf5f-2699.npz,2190,2210,0.05,0.05000000074505806,1.2907946109771729,2.2946698665618896,0.1901175081729889,3.240790843963623,1.4728474617004395,3.218151330947876,3.8023502826690674,3.4946060180664062
atari_private_eye,/home/haselab/murakawa/stable-deep-world-model/logdir/atari_private_eye_vta_20260108_185758,/home/haselab/murakawa/stable-deep-world-model/logdir/atari_private_eye_vta_20260108_185758/latest.pt,/home/haselab/murakawa/stable-deep-world-model/logdir/atari_private_eye_vta_20260108_185758/train_eps/20260109T132052-aea21edf924748b7af34daa02366cf5f-2699.npz,2195,2215,0.05,0.05000000074505806,1.307999610900879,2.296022653579712,0.1901175081729889,3.300055742263794,1.4728474617004395,3.218151330947876,3.8023502826690674,3.4946060180664062
atari_private_eye,/home/haselab/murakawa/stable-deep-world-model/logdir/atari_private_eye_vta_20260108_185758,/home/haselab/murakawa/stable-deep-world-model/logdir/atari_private_eye_vta_20260108_185758/latest.pt,/home/haselab/murakawa/stable-deep-world-model/logdir/atari_private_eye_vta_20260108_185758/train_eps/20260109T132052-aea21edf924748b7af34daa02366cf5f-2699.npz,2200,2220,0.0,1.1850982977075486e-13,1.2626146078109741,2.420137405395508,0.0,3.4121360778808594,nan,nan,nan,nan
atari_private_eye,/home/haselab/murakawa/stable-deep-world-model/logdir/atari_private_eye_vta_20260108_185758,/home/haselab/murakawa/stable-deep-world-model/logdir/atari_private_eye_vta_20260108_185758/latest.pt,/home/haselab/murakawa/stable-deep-world-model/logdir/atari_private_eye_vta_20260108_185758/train_eps/20260109T132052-aea21edf924748b7af34daa02366cf5f-2699.npz,2205,2225,0.0,3.510666421197711e-13,1.138486385345459,2.2430198192596436,0.0,3.354346513748169,nan,nan,nan,nan
atari_private_eye,/home/haselab/murakawa/stable-deep-world-model/logdir/atari_private_eye_vta_20260108_185758,/home/haselab/murakawa/stable-deep-world-model/logdir/atari_private_eye_vta_20260108_185758/latest.pt,/home/haselab/murakawa/stable-deep-world-model/logdir/atari_private_eye_vta_20260108_185758/train_eps/20260109T132052-aea21edf924748b7af34daa02366cf5f-2699.npz,2210,2230,0.0,5.249968211898381e-13,1.1234904527664185,2.2701685428619385,0.0,3.425161838531494,nan,nan,nan,nan
atari_private_eye,/home/haselab/murakawa/stable-deep-world-model/logdir/atari_private_eye_vta_20260108_185758,/home/haselab/murakawa/stable-deep-world-model/logdir/atari_private_eye_vta_20260108_185758/latest.pt,/home/haselab/murakawa/stable-deep-world-model/logdir/atari_private_eye_vta_20260108_185758/train_eps/20260109T132052-aea21edf924748b7af34daa02366cf5f-2699.npz,2215,2235,0.0,6.80388091787304e-13,1.1190764904022217,2.434032678604126,0.0,3.558520793914795,nan,nan,nan,nan
atari_private_eye,/home/haselab/murakawa/stable-deep-world-model/logdir/atari_private_eye_vta_20260108_185758,/home/haselab/murakawa/stable-deep-world-model/logdir/atari_private_eye_vta_20260108_185758/latest.pt,/home/haselab/murakawa/stable-deep-world-model/logdir/atari_private_eye_vta_20260108_185758/train_eps/20260109T132052-aea21edf924748b7af34daa02366cf5f-2699.npz,2220,2240,0.0,9.856841905186986e-13,1.1346471309661865,2.255737781524658,0.0,3.473031997680664,nan,nan,nan,nan
atari_private_eye,/home/haselab/murakawa/stable-deep-world-model/logdir/atari_private_eye_vta_20260108_185758,/home/haselab/murakawa/stable-deep-world-model/logdir/atari_private_eye_vta_20260108_185758/latest.pt,/home/haselab/murakawa/stable-deep-world-model/logdir/atari_private_eye_vta_20260108_185758/train_eps/20260109T132052-aea21edf924748b7af34daa02366cf5f-2699.npz,2225,2245,0.0,9.17332399277826e-13,1.2261583805084229,2.311962604522705,0.0,3.469208240509033,nan,nan,nan,nan
atari_private_eye,/home/haselab/murakawa/stable-deep-world-model/logdir/atari_private_eye_vta_20260108_185758,/home/haselab/murakawa/stable-deep-world-model/logdir/atari_private_eye_vta_20260108_185758/latest.pt,/home/haselab/murakawa/stable-deep-world-model/logdir/atari_private_eye_vta_20260108_185758/train_eps/20260109T132052-aea21edf924748b7af34daa02366cf5f-2699.npz,2230,2250,0.05,0.05000000074505806,1.2979378700256348,2.46710467338562,0.19899359345436096,3.5957226753234863,1.29425847530365,3.6302499771118164,3.979871988296509,4.700408935546875
atari_private_eye,/home/haselab/murakawa/stable-deep-world-model/logdir/atari_private_eye_vta_20260108_185758,/home/haselab/murakawa/stable-deep-world-model/logdir/atari_private_eye_vta_20260108_185758/latest.pt,/home/haselab/murakawa/stable-deep-world-model/logdir/atari_private_eye_vta_20260108_185758/train_eps/20260109T132052-aea21edf924748b7af34daa02366cf5f-2699.npz,2235,2255,0.05,0.05000000074505806,1.2418549060821533,2.3431293964385986,0.19899359345436096,3.6161704063415527,1.29425847530365,3.6302499771118164,3.979871988296509,4.700408935546875
atari_private_eye,/home/haselab/murakawa/stable-deep-world-model/logdir/atari_private_eye_vta_20260108_185758,/home/haselab/murakawa/stable-deep-world-model/logdir/atari_private_eye_vta_20260108_185758/latest.pt,/home/haselab/murakawa/stable-deep-world-model/logdir/atari_private_eye_vta_20260108_185758/train_eps/20260109T132052-aea21edf924748b7af34daa02366cf5f-2699.npz,2240,2260,0.05,0.05000000074505806,1.3482916355133057,2.478214979171753,0.19899359345436096,3.785179853439331,1.29425847530365,3.6302499771118164,3.979871988296509,4.700408935546875
atari_private_eye,/home/haselab/murakawa/stable-deep-world-model/logdir/atari_private_eye_vta_20260108_185758,/home/haselab/murakawa/stable-deep-world-model/logdir/atari_private_eye_vta_20260108_185758/latest.pt,/home/haselab/murakawa/stable-deep-world-model/logdir/atari_private_eye_vta_20260108_185758/train_eps/20260109T132052-aea21edf924748b7af34daa02366cf5f-2699.npz,2245,2265,0.05,0.05000000074505806,1.4103503227233887,2.620065212249756,0.19899359345436096,3.8803963661193848,1.29425847530365,3.6302499771118164,3.979871988296509,4.700408935546875
atari_private_eye,/home/haselab/murakawa/stable-deep-world-model/logdir/atari_private_eye_vta_20260108_185758,/home/haselab/murakawa/stable-deep-world-model/logdir/atari_private_eye_vta_20260108_185758/latest.pt,/home/haselab/murakawa/stable-deep-world-model/logdir/atari_private_eye_vta_20260108_185758/train_eps/20260109T132052-aea21edf924748b7af34daa02366cf5f-2699.npz,2250,2270,0.0,2.335234056908414e-13,1.4365638494491577,2.5825610160827637,0.0,3.738647937774658,nan,nan,nan,nan
atari_private_eye,/home/haselab/murakawa/stable-deep-world-model/logdir/atari_private_eye_vta_20260108_185758,/home/haselab/murakawa/stable-deep-world-model/logdir/atari_private_eye_vta_20260108_185758/latest.pt,/home/haselab/murakawa/stable-deep-world-model/logdir/atari_private_eye_vta_20260108_185758/train_eps/20260109T132052-aea21edf924748b7af34daa02366cf5f-2699.npz,2255,2275,0.0,2.5292287795380952e-12,1.5028131008148193,2.5766375064849854,0.0,3.551924467086792,nan,nan,nan,nan
atari_private_eye,/home/haselab/murakawa/stable-deep-world-model/logdir/atari_private_eye_vta_20260108_185758,/home/haselab/murakawa/stable-deep-world-model/logdir/atari_private_eye_vta_20260108_185758/latest.pt,/home/haselab/murakawa/stable-deep-world-model/logdir/atari_private_eye_vta_20260108_185758/train_eps/20260109T132052-aea21edf924748b7af34daa02366cf5f-2699.npz,2260,2280,0.0,3.2661200133343726e-12,1.4111168384552002,2.496830463409424,0.0,3.363129138946533,nan,nan,nan,nan
atari_private_eye,/home/haselab/murakawa/stable-deep-world-model/logdir/atari_private_eye_vta_20260108_185758,/home/haselab/murakawa/stable-deep-world-model/logdir/atari_private_eye_vta_20260108_185758/latest.pt,/home/haselab/murakawa/stable-deep-world-model/logdir/atari_private_eye_vta_20260108_185758/train_eps/20260109T132052-aea21edf924748b7af34daa02366cf5f-2699.npz,2265,2285,0.0,5.005083153486467e-12,1.248948335647583,2.38995361328125,0.0,3.296729564666748,nan,nan,nan,nan
atari_private_eye,/home/haselab/murakawa/stable-deep-world-model/logdir/atari_private_eye_vta_20260108_185758,/home/haselab/murakawa/stable-deep-world-model/logdir/atari_private_eye_vta_20260108_185758/latest.pt,/home/haselab/murakawa/stable-deep-world-model/logdir/atari_private_eye_vta_20260108_185758/train_eps/20260109T132052-aea21edf924748b7af34daa02366cf5f-2699.npz,2270,2290,0.0,1.2066472820926322e-11,1.137012243270874,2.3563778400421143,0.0,3.3203463554382324,nan,nan,nan,nan
atari_private_eye,/home/haselab/murakawa/stable-deep-world-model/logdir/atari_private_eye_vta_20260108_185758,/home/haselab/murakawa/stable-deep-world-model/logdir/atari_private_eye_vta_20260108_185758/latest.pt,/home/haselab/murakawa/stable-deep-world-model/logdir/atari_private_eye_vta_20260108_185758/train_eps/20260109T132052-aea21edf924748b7af34daa02366cf5f-2699.npz,2275,2295,0.0,1.048582921880925e-11,1.1260790824890137,2.5384693145751953,0.0,3.5939598083496094,nan,nan,nan,nan
atari_private_eye,/home/haselab/murakawa/stable-deep-world-model/logdir/atari_private_eye_vta_20260108_185758,/home/haselab/murakawa/stable-deep-world-model/logdir/atari_private_eye_vta_20260108_185758/latest.pt,/home/haselab/murakawa/stable-deep-world-model/logdir/atari_private_eye_vta_20260108_185758/train_eps/20260109T132052-aea21edf924748b7af34daa02366cf5f-2699.npz,2280,2300,0.05,0.05000000074505806,1.1126959323883057,2.5936827659606934,0.20767450332641602,3.646263837814331,1.7896394729614258,3.768314838409424,4.15349006652832,4.659106731414795
atari_private_eye,/home/haselab/murakawa/stable-deep-world-model/logdir/atari_private_eye_vta_20260108_185758,/home/haselab/murakawa/stable-deep-world-model/logdir/atari_private_eye_vta_20260108_185758/latest.pt,/home/haselab/murakawa/stable-deep-world-model/logdir/atari_private_eye_vta_20260108_185758/train_eps/20260109T132052-aea21edf924748b7af34daa02366cf5f-2699.npz,2285,2305,0.05,0.05000000074505806,1.201690673828125,2.6472952365875244,0.20767450332641602,3.7579407691955566,1.7896394729614258,3.768314838409424,4.15349006652832,4.659106731414795
atari_private_eye,/home/haselab/murakawa/stable-deep-world-model/logdir/atari_private_eye_vta_20260108_185758,/home/haselab/murakawa/stable-deep-world-model/logdir/atari_private_eye_vta_20260108_185758/latest.pt,/home/haselab/murakawa/stable-deep-world-model/logdir/atari_private_eye_vta_20260108_185758/train_eps/20260109T132052-aea21edf924748b7af34daa02366cf5f-2699.npz,2290,2310,0.05,0.05000000074505806,1.3279293775558472,2.8318231105804443,0.20767450332641602,3.8873143196105957,1.7896394729614258,3.768314838409424,4.15349006652832,4.659106731414795
atari_private_eye,/home/haselab/murakawa/stable-deep-world-model/logdir/atari_private_eye_vta_20260108_185758,/home/haselab/murakawa/stable-deep-world-model/logdir/atari_private_eye_vta_20260108_185758/latest.pt,/home/haselab/murakawa/stable-deep-world-model/logdir/atari_private_eye_vta_20260108_185758/train_eps/20260109T132052-aea21edf924748b7af34daa02366cf5f-2699.npz,2295,2315,0.05,0.05000000074505806,1.3070337772369385,2.6910605430603027,0.20767450332641602,3.607790470123291,1.7896394729614258,3.768314838409424,4.15349006652832,4.659106731414795
atari_private_eye,/home/haselab/murakawa/stable-deep-world-model/logdir/atari_private_eye_vta_20260108_185758,/home/haselab/murakawa/stable-deep-world-model/logdir/atari_private_eye_vta_20260108_185758/latest.pt,/home/haselab/murakawa/stable-deep-world-model/logdir/atari_private_eye_vta_20260108_185758/train_eps/20260109T132052-aea21edf924748b7af34daa02366cf5f-2699.npz,2300,2320,0.0,8.035670111088133e-14,1.2521485090255737,2.541384220123291,0.0,3.4891419410705566,nan,nan,nan,nan
atari_private_eye,/home/haselab/murakawa/stable-deep-world-model/logdir/atari_private_eye_vta_20260108_185758,/home/haselab/murakawa/stable-deep-world-model/logdir/atari_private_eye_vta_20260108_185758/latest.pt,/home/haselab/murakawa/stable-deep-world-model/logdir/atari_private_eye_vta_20260108_185758/train_eps/20260109T132052-aea21edf924748b7af34daa02366cf5f-2699.npz,2305,2325,0.0,3.830226608970977e-13,1.2531360387802124,2.5203793048858643,0.0,3.4132392406463623,nan,nan,nan,nan
atari_private_eye,/home/haselab/murakawa/stable-deep-world-model/logdir/atari_private_eye_vta_20260108_185758,/home/haselab/murakawa/stable-deep-world-model/logdir/atari_private_eye_vta_20260108_185758/latest.pt,/home/haselab/murakawa/stable-deep-world-model/logdir/atari_private_eye_vta_20260108_185758/train_eps/20260109T132052-aea21edf924748b7af34daa02366cf5f-2699.npz,2310,2330,0.0,3.441793020291656e-13,1.1570217609405518,2.3336119651794434,0.0,3.2702465057373047,nan,nan,nan,nan
atari_private_eye,/home/haselab/murakawa/stable-deep-world-model/logdir/atari_private_eye_vta_20260108_185758,/home/haselab/murakawa/stable-deep-world-model/logdir/atari_private_eye_vta_20260108_185758/latest.pt,/home/haselab/murakawa/stable-deep-world-model/logdir/atari_private_eye_vta_20260108_185758/train_eps/20260109T132052-aea21edf924748b7af34daa02366cf5f-2699.npz,2315,2335,0.0,5.506720838870105e-13,1.1604242324829102,2.2374539375305176,0.0,3.3007683753967285,nan,nan,nan,nan
atari_private_eye,/home/haselab/murakawa/stable-deep-world-model/logdir/atari_private_eye_vta_20260108_185758,/home/haselab/murakawa/stable-deep-world-model/logdir/atari_private_eye_vta_20260108_185758/latest.pt,/home/haselab/murakawa/stable-deep-world-model/logdir/atari_private_eye_vta_20260108_185758/train_eps/20260109T132052-aea21edf924748b7af34daa02366cf5f-2699.npz,2320,2340,0.0,8.139170760979031e-13,1.2012598514556885,2.388335704803467,0.0,3.3765759468078613,nan,nan,nan,nan
atari_private_eye,/home/haselab/murakawa/stable-deep-world-model/logdir/atari_private_eye_vta_20260108_185758,/home/haselab/murakawa/stable-deep-world-model/logdir/atari_private_eye_vta_20260108_185758/latest.pt,/home/haselab/murakawa/stable-deep-world-model/logdir/atari_private_eye_vta_20260108_185758/train_eps/20260109T132052-aea21edf924748b7af34daa02366cf5f-2699.npz,2325,2345,0.0,5.078495133106764e-13,1.1455134153366089,2.2136454582214355,0.0,3.299867630004883,nan,nan,nan,nan
atari_private_eye,/home/haselab/murakawa/stable-deep-world-model/logdir/atari_private_eye_vta_20260108_185758,/home/haselab/murakawa/stable-deep-world-model/logdir/atari_private_eye_vta_20260108_185758/latest.pt,/home/haselab/murakawa/stable-deep-world-model/logdir/atari_private_eye_vta_20260108_185758/train_eps/20260109T132052-aea21edf924748b7af34daa02366cf5f-2699.npz,2330,2350,0.05,0.05000000074505806,1.2199698686599731,2.429431438446045,0.1863318383693695,3.430298328399658,2.455815553665161,5.5140700340271,3.7266366481781006,6.270110607147217
atari_private_eye,/home/haselab/murakawa/stable-deep-world-model/logdir/atari_private_eye_vta_20260108_185758,/home/haselab/murakawa/stable-deep-world-model/logdir/atari_private_eye_vta_20260108_185758/latest.pt,/home/haselab/murakawa/stable-deep-world-model/logdir/atari_private_eye_vta_20260108_185758/train_eps/20260109T132052-aea21edf924748b7af34daa02366cf5f-2699.npz,2335,2355,0.05,0.05000000074505806,1.2812163829803467,2.595613479614258,0.1863318383693695,3.577986478805542,2.455815553665161,5.5140700340271,3.7266366481781006,6.270110607147217
atari_private_eye,/home/haselab/murakawa/stable-deep-world-model/logdir/atari_private_eye_vta_20260108_185758,/home/haselab/murakawa/stable-deep-world-model/logdir/atari_private_eye_vta_20260108_185758/latest.pt,/home/haselab/murakawa/stable-deep-world-model/logdir/atari_private_eye_vta_20260108_185758/train_eps/20260109T132052-aea21edf924748b7af34daa02366cf5f-2699.npz,2340,2360,0.05,0.05000000074505806,1.2448501586914062,2.3838980197906494,0.1863318383693695,3.5007357597351074,2.455815553665161,5.5140700340271,3.7266366481781006,6.270110607147217
atari_private_eye,/home/haselab/murakawa/stable-deep-world-model/logdir/atari_private_eye_vta_20260108_185758,/home/haselab/murakawa/stable-deep-world-model/logdir/atari_private_eye_vta_20260108_185758/latest.pt,/home/haselab/murakawa/stable-deep-world-model/logdir/atari_private_eye_vta_20260108_185758/train_eps/20260109T132052-aea21edf924748b7af34daa02366cf5f-2699.npz,2345,2365,0.05,0.05000000074505806,1.4045069217681885,2.5243639945983887,0.1863318383693695,3.522176742553711,2.455815553665161,5.5140700340271,3.7266366481781006,6.270110607147217
atari_private_eye,/home/haselab/murakawa/stable-deep-world-model/logdir/atari_private_eye_vta_20260108_185758,/home/haselab/murakawa/stable-deep-world-model/logdir/atari_private_eye_vta_20260108_185758/latest.pt,/home/haselab/murakawa/stable-deep-world-model/logdir/atari_private_eye_vta_20260108_185758/train_eps/20260109T132052-aea21edf924748b7af34daa02366cf5f-2699.npz,2350,2370,0.0,3.655668161847009e-13,1.3811169862747192,2.4027347564697266,0.0,3.373495101928711,nan,nan,nan,nan
atari_private_eye,/home/haselab/murakawa/stable-deep-world-model/logdir/atari_private_eye_vta_20260108_185758,/home/haselab/murakawa/stable-deep-world-model/logdir/atari_private_eye_vta_20260108_185758/latest.pt,/home/haselab/murakawa/stable-deep-world-model/logdir/atari_private_eye_vta_20260108_185758/train_eps/20260109T132052-aea21edf924748b7af34daa02366cf5f-2699.npz,2355,2375,0.0,4.814356920936069e-13,1.2938705682754517,2.2559142112731934,0.0,3.247213363647461,nan,nan,nan,nan
atari_private_eye,/home/haselab/murakawa/stable-deep-world-model/logdir/atari_private_eye_vta_20260108_185758,/home/haselab/murakawa/stable-deep-world-model/logdir/atari_private_eye_vta_20260108_185758/latest.pt,/home/haselab/murakawa/stable-deep-world-model/logdir/atari_private_eye_vta_20260108_185758/train_eps/20260109T132052-aea21edf924748b7af34daa02366cf5f-2699.npz,2360,2380,0.0,1.5316665036985144e-12,1.3721245527267456,2.4661781787872314,0.0,3.341765880584717,nan,nan,nan,nan
atari_private_eye,/home/haselab/murakawa/stable-deep-world-model/logdir/atari_private_eye_vta_20260108_185758,/home/haselab/murakawa/stable-deep-world-model/logdir/atari_private_eye_vta_20260108_185758/latest.pt,/home/haselab/murakawa/stable-deep-world-model/logdir/atari_private_eye_vta_20260108_185758/train_eps/20260109T132052-aea21edf924748b7af34daa02366cf5f-2699.npz,2365,2385,0.0,3.218327731049908e-12,1.290076732635498,2.5047638416290283,0.0,3.428642749786377,nan,nan,nan,nan
atari_private_eye,/home/haselab/murakawa/stable-deep-world-model/logdir/atari_private_eye_vta_20260108_185758,/home/haselab/murakawa/stable-deep-world-model/logdir/atari_private_eye_vta_20260108_185758/latest.pt,/home/haselab/murakawa/stable-deep-world-model/logdir/atari_private_eye_vta_20260108_185758/train_eps/20260109T132052-aea21edf924748b7af34daa02366cf5f-2699.npz,2370,2390,0.0,2.943942398886401e-12,1.2750966548919678,2.3926584720611572,0.0,3.475107192993164,nan,nan,nan,nan
atari_private_eye,/home/haselab/murakawa/stable-deep-world-model/logdir/atari_private_eye_vta_20260108_185758,/home/haselab/murakawa/stable-deep-world-model/logdir/atari_private_eye_vta_20260108_185758/latest.pt,/home/haselab/murakawa/stable-deep-world-model/logdir/atari_private_eye_vta_20260108_185758/train_eps/20260109T132052-aea21edf924748b7af34daa02366cf5f-2699.npz,2375,2395,0.0,2.8632131388039994e-12,1.248230218887329,2.4111292362213135,0.0,3.4663643836975098,nan,nan,nan,nan
atari_private_eye,/home/haselab/murakawa/stable-deep-world-model/logdir/atari_private_eye_vta_20260108_185758,/home/haselab/murakawa/stable-deep-world-model/logdir/atari_private_eye_vta_20260108_185758/latest.pt,/home/haselab/murakawa/stable-deep-world-model/logdir/atari_private_eye_vta_20260108_185758/train_eps/20260109T132052-aea21edf924748b7af34daa02366cf5f-2699.npz,2380,2400,0.05,0.05000000074505806,1.2979854345321655,2.547847270965576,0.1688932329416275,3.584092378616333,1.088090181350708,3.7073044776916504,3.3778645992279053,4.202726364135742
atari_private_eye,/home/haselab/murakawa/stable-deep-world-model/logdir/atari_private_eye_vta_20260108_185758,/home/haselab/murakawa/stable-deep-world-model/logdir/atari_private_eye_vta_20260108_185758/latest.pt,/home/haselab/murakawa/stable-deep-world-model/logdir/atari_private_eye_vta_20260108_185758/train_eps/20260109T132052-aea21edf924748b7af34daa02366cf5f-2699.npz,2385,2405,0.05,0.05000000074505806,1.2690398693084717,2.5887646675109863,0.1688932329416275,3.640061140060425,1.088090181350708,3.7073044776916504,3.3778645992279053,4.202726364135742
atari_private_eye,/home/haselab/murakawa/stable-deep-world-model/logdir/atari_private_eye_vta_20260108_185758,/home/haselab/murakawa/stable-deep-world-model/logdir/atari_private_eye_vta_20260108_185758/latest.pt,/home/haselab/murakawa/stable-deep-world-model/logdir/atari_private_eye_vta_20260108_185758/train_eps/20260109T132052-aea21edf924748b7af34daa02366cf5f-2699.npz,2390,2410,0.05,0.05000000074505806,1.2225258350372314,2.543175220489502,0.1688932329416275,3.729893922805786,1.088090181350708,3.7073044776916504,3.3778645992279053,4.202726364135742
atari_private_eye,/home/haselab/murakawa/stable-deep-world-model/logdir/atari_private_eye_vta_20260108_185758,/home/haselab/murakawa/stable-deep-world-model/logdir/atari_private_eye_vta_20260108_185758/latest.pt,/home/haselab/murakawa/stable-deep-world-model/logdir/atari_private_eye_vta_20260108_185758/train_eps/20260109T132052-aea21edf924748b7af34daa02366cf5f-2699.npz,2395,2415,0.05,0.05000000074505806,1.303453803062439,2.7086262702941895,0.1688932329416275,4.021000862121582,1.088090181350708,3.7073044776916504,3.3778645992279053,4.202726364135742
atari_private_eye,/home/haselab/murakawa/stable-deep-world-model/logdir/atari_private_eye_vta_20260108_185758,/home/haselab/murakawa/stable-deep-world-model/logdir/atari_private_eye_vta_20260108_185758/latest.pt,/home/haselab/murakawa/stable-deep-world-model/logdir/atari_private_eye_vta_20260108_185758/train_eps/20260109T132052-aea21edf924748b7af34daa02366cf5f-2699.npz,2400,2420,0.0,2.955083551990645e-13,1.267305612564087,2.524247407913208,0.0,3.9760429859161377,nan,nan,nan,nan
atari_private_eye,/home/haselab/murakawa/stable-deep-world-model/logdir/atari_private_eye_vta_20260108_185758,/home/haselab/murakawa/stable-deep-world-model/logdir/atari_private_eye_vta_20260108_185758/latest.pt,/home/haselab/murakawa/stable-deep-world-model/logdir/atari_private_eye_vta_20260108_185758/train_eps/20260109T132052-aea21edf924748b7af34daa02366cf5f-2699.npz,2405,2425,0.0,3.507711970277688e-13,1.2459986209869385,2.4735894203186035,0.0,3.872236967086792,nan,nan,nan,nan
atari_private_eye,/home/haselab/murakawa/stable-deep-world-model/logdir/atari_private_eye_vta_20260108_185758,/home/haselab/murakawa/stable-deep-world-model/logdir/atari_private_eye_vta_20260108_185758/latest.pt,/home/haselab/murakawa/stable-deep-world-model/logdir/atari_private_eye_vta_20260108_185758/train_eps/20260109T132052-aea21edf924748b7af34daa02366cf5f-2699.npz,2410,2430,0.0,2.912618497080688e-12,1.294588327407837,2.4550254344940186,0.0,3.73064923286438,nan,nan,nan,nan
atari_private_eye,/home/haselab/murakawa/stable-deep-world-model/logdir/atari_private_eye_vta_20260108_185758,/home/haselab/murakawa/stable-deep-world-model/logdir/atari_private_eye_vta_20260108_185758/latest.pt,/home/haselab/murakawa/stable-deep-world-model/logdir/atari_private_eye_vta_20260108_185758/train_eps/20260109T132052-aea21edf924748b7af34daa02366cf5f-2699.npz,2415,2435,0.0,4.583738770491674e-12,1.2560093402862549,2.293663501739502,0.0,3.5328190326690674,nan,nan,nan,nan
atari_private_eye,/home/haselab/murakawa/stable-deep-world-model/logdir/atari_private_eye_vta_20260108_185758,/home/haselab/murakawa/stable-deep-world-model/logdir/atari_private_eye_vta_20260108_185758/latest.pt,/home/haselab/murakawa/stable-deep-world-model/logdir/atari_private_eye_vta_20260108_185758/train_eps/20260109T132052-aea21edf924748b7af34daa02366cf5f-2699.npz,2420,2440,0.0,5.7441733661289796e-12,1.2141504287719727,2.28969407081604,0.0,3.430126905441284,nan,nan,nan,nan
atari_private_eye,/home/haselab/murakawa/stable-deep-world-model/logdir/atari_private_eye_vta_20260108_185758,/home/haselab/murakawa/stable-deep-world-model/logdir/atari_private_eye_vta_20260108_185758/latest.pt,/home/haselab/murakawa/stable-deep-world-model/logdir/atari_private_eye_vta_20260108_185758/train_eps/20260109T132052-aea21edf924748b7af34daa02366cf5f-2699.npz,2425,2445,0.0,5.696480613603949e-12,1.2579469680786133,2.2803609371185303,0.0,3.5043506622314453,nan,nan,nan,nan
atari_private_eye,/home/haselab/murakawa/stable-deep-world-model/logdir/atari_private_eye_vta_20260108_185758,/home/haselab/murakawa/stable-deep-world-model/logdir/atari_private_eye_vta_20260108_185758/latest.pt,/home/haselab/murakawa/stable-deep-world-model/logdir/atari_private_eye_vta_20260108_185758/train_eps/20260109T132052-aea21edf924748b7af34daa02366cf5f-2699.npz,2430,2450,0.05,0.05000000074505806,1.2132847309112549,2.4358572959899902,0.2110128104686737,3.5813968181610107,1.271728515625,4.0703630447387695,4.220256328582764,4.188066482543945
atari_private_eye,/home/haselab/murakawa/stable-deep-world-model/logdir/atari_private_eye_vta_20260108_185758,/home/haselab/murakawa/stable-deep-world-model/logdir/atari_private_eye_vta_20260108_185758/latest.pt,/home/haselab/murakawa/stable-deep-world-model/logdir/atari_private_eye_vta_20260108_185758/train_eps/20260109T132052-aea21edf924748b7af34daa02366cf5f-2699.npz,2435,2455,0.05,0.05000000074505806,1.2016303539276123,2.468648910522461,0.2110128104686737,3.5001583099365234,1.271728515625,4.0703630447387695,4.220256328582764,4.188066482543945
atari_private_eye,/home/haselab/murakawa/stable-deep-world-model/logdir/atari_private_eye_vta_20260108_185758,/home/haselab/murakawa/stable-deep-world-model/logdir/atari_private_eye_vta_20260108_185758/latest.pt,/home/haselab/murakawa/stable-deep-world-model/logdir/atari_private_eye_vta_20260108_185758/train_eps/20260109T132052-aea21edf924748b7af34daa02366cf5f-2699.npz,2440,2460,0.05,0.05000000074505806,1.1800510883331299,2.5999999046325684,0.2110128104686737,3.6445746421813965,1.271728515625,4.0703630447387695,4.220256328582764,4.188066482543945
atari_private_eye,/home/haselab/murakawa/stable-deep-world-model/logdir/atari_private_eye_vta_20260108_185758,/home/haselab/murakawa/stable-deep-world-model/logdir/atari_private_eye_vta_20260108_185758/latest.pt,/home/haselab/murakawa/stable-deep-world-model/logdir/atari_private_eye_vta_20260108_185758/train_eps/20260109T132052-aea21edf924748b7af34daa02366cf5f-2699.npz,2445,2465,0.05,0.05000000074505806,1.1145517826080322,2.6638965606689453,0.2110128104686737,3.537330150604248,1.271728515625,4.0703630447387695,4.220256328582764,4.188066482543945
atari_private_eye,/home/haselab/murakawa/stable-deep-world-model/logdir/atari_private_eye_vta_20260108_185758,/home/haselab/murakawa/stable-deep-world-model/logdir/atari_private_eye_vta_20260108_185758/latest.pt,/home/haselab/murakawa/stable-deep-world-model/logdir/atari_private_eye_vta_20260108_185758/train_eps/20260109T132052-aea21edf924748b7af34daa02366cf5f-2699.npz,2450,2470,0.0,7.432611790576457e-14,1.089201807975769,2.4870810508728027,0.0,3.439566135406494,nan,nan,nan,nan
atari_private_eye,/home/haselab/murakawa/stable-deep-world-model/logdir/atari_private_eye_vta_20260108_185758,/home/haselab/murakawa/stable-deep-world-model/logdir/atari_private_eye_vta_20260108_185758/latest.pt,/home/haselab/murakawa/stable-deep-world-model/logdir/atari_private_eye_vta_20260108_185758/train_eps/20260109T132052-aea21edf924748b7af34daa02366cf5f-2699.npz,2455,2475,0.0,1.3731534355757025e-13,1.0983418226242065,2.4706215858459473,0.0,3.5261642932891846,nan,nan,nan,nan
atari_private_eye,/home/haselab/murakawa/stable-deep-world-model/logdir/atari_private_eye_vta_20260108_185758,/home/haselab/murakawa/stable-deep-world-model/logdir/atari_private_eye_vta_20260108_185758/latest.pt,/home/haselab/murakawa/stable-deep-world-model/logdir/atari_private_eye_vta_20260108_185758/train_eps/20260109T132052-aea21edf924748b7af34daa02366cf5f-2699.npz,2460,2480,0.0,2.468693381229431e-13,1.144510269165039,2.3081271648406982,0.0,3.3611807823181152,nan,nan,nan,nan
atari_private_eye,/home/haselab/murakawa/stable-deep-world-model/logdir/atari_private_eye_vta_20260108_185758,/home/haselab/murakawa/stable-deep-world-model/logdir/atari_private_eye_vta_20260108_185758/latest.pt,/home/haselab/murakawa/stable-deep-world-model/logdir/atari_private_eye_vta_20260108_185758/train_eps/20260109T132052-aea21edf924748b7af34daa02366cf5f-2699.npz,2465,2485,0.0,2.1806796819678897e-13,1.0782718658447266,2.2259836196899414,0.0,3.4798102378845215,nan,nan,nan,nan
atari_private_eye,/home/haselab/murakawa/stable-deep-world-model/logdir/atari_private_eye_vta_20260108_185758,/home/haselab/murakawa/stable-deep-world-model/logdir/atari_private_eye_vta_20260108_185758/latest.pt,/home/haselab/murakawa/stable-deep-world-model/logdir/atari_private_eye_vta_20260108_185758/train_eps/20260109T132052-aea21edf924748b7af34daa02366cf5f-2699.npz,2470,2490,0.0,1.9143241408291906e-13,1.1581733226776123,2.3907558917999268,0.0,3.6846861839294434,nan,nan,nan,nan
atari_private_eye,/home/haselab/murakawa/stable-deep-world-model/logdir/atari_private_eye_vta_20260108_185758,/home/haselab/murakawa/stable-deep-world-model/logdir/atari_private_eye_vta_20260108_185758/latest.pt,/home/haselab/murakawa/stable-deep-world-model/logdir/atari_private_eye_vta_20260108_185758/train_eps/20260109T132052-aea21edf924748b7af34daa02366cf5f-2699.npz,2475,2495,0.0,1.5427481341034888e-13,1.1952861547470093,2.337719678878784,0.0,3.6155974864959717,nan,nan,nan,nan
atari_private_eye,/home/haselab/murakawa/stable-deep-world-model/logdir/atari_private_eye_vta_20260108_185758,/home/haselab/murakawa/stable-deep-world-model/logdir/atari_private_eye_vta_20260108_185758/latest.pt,/home/haselab/murakawa/stable-deep-world-model/logdir/atari_private_eye_vta_20260108_185758/train_eps/20260109T132052-aea21edf924748b7af34daa02366cf5f-2699.npz,2480,2500,0.05,0.05000000074505806,1.1211707592010498,2.392117977142334,0.1313551664352417,3.7803218364715576,1.094205379486084,3.348149299621582,2.627103328704834,4.154149532318115
atari_private_eye,/home/haselab/murakawa/stable-deep-world-model/logdir/atari_private_eye_vta_20260108_185758,/home/haselab/murakawa/stable-deep-world-model/logdir/atari_private_eye_vta_20260108_185758/latest.pt,/home/haselab/murakawa/stable-deep-world-model/logdir/atari_private_eye_vta_20260108_185758/train_eps/20260109T132052-aea21edf924748b7af34daa02366cf5f-2699.npz,2485,2505,0.05,0.05000000074505806,1.2964789867401123,2.5375804901123047,0.1313551664352417,3.8544535636901855,1.094205379486084,3.348149299621582,2.627103328704834,4.154149532318115
atari_private_eye,/home/haselab/murakawa/stable-deep-world-model/logdir/atari_private_eye_vta_20260108_185758,/home/haselab/murakawa/stable-deep-world-model/logdir/atari_private_eye_vta_20260108_185758/latest.pt,/home/haselab/murakawa/stable-deep-world-model/logdir/atari_private_eye_vta_20260108_185758/train_eps/20260109T132052-aea21edf924748b7af34daa02366cf5f-2699.npz,2490,2510,0.05,0.05000000074505806,1.225216269493103,2.409313917160034,0.1313551664352417,3.6509411334991455,1.094205379486084,3.348149299621582,2.627103328704834,4.154149532318115
atari_private_eye,/home/haselab/murakawa/stable-deep-world-model/logdir/atari_private_eye_vta_20260108_185758,/home/haselab/murakawa/stable-deep-world-model/logdir/atari_private_eye_vta_20260108_185758/latest.pt,/home/haselab/murakawa/stable-deep-world-model/logdir/atari_private_eye_vta_20260108_185758/train_eps/20260109T132052-aea21edf924748b7af34daa02366cf5f-2699.npz,2495,2515,0.05,0.05000000074505806,1.207078218460083,2.389174222946167,0.1313551664352417,3.6266918182373047,1.094205379486084,3.348149299621582,2.627103328704834,4.154149532318115
atari_private_eye,/home/haselab/murakawa/stable-deep-world-model/logdir/atari_private_eye_vta_20260108_185758,/home/haselab/murakawa/stable-deep-world-model/logdir/atari_private_eye_vta_20260108_185758/latest.pt,/home/haselab/murakawa/stable-deep-world-model/logdir/atari_private_eye_vta_20260108_185758/train_eps/20260109T132052-aea21edf924748b7af34daa02366cf5f-2699.npz,2500,2520,0.0,9.085696875844179e-14,1.1869529485702515,2.3747341632843018,0.0,3.527414321899414,nan,nan,nan,nan
atari_private_eye,/home/haselab/murakawa/stable-deep-world-model/logdir/atari_private_eye_vta_20260108_185758,/home/haselab/murakawa/stable-deep-world-model/logdir/atari_private_eye_vta_20260108_185758/latest.pt,/home/haselab/murakawa/stable-deep-world-model/logdir/atari_private_eye_vta_20260108_185758/train_eps/20260109T132052-aea21edf924748b7af34daa02366cf5f-2699.npz,2505,2525,0.0,1.0631621451262507e-13,1.1035029888153076,2.2731385231018066,0.0,3.3852622509002686,nan,nan,nan,nan
atari_private_eye,/home/haselab/murakawa/stable-deep-world-model/logdir/atari_private_eye_vta_20260108_185758,/home/haselab/murakawa/stable-deep-world-model/logdir/atari_private_eye_vta_20260108_185758/latest.pt,/home/haselab/murakawa/stable-deep-world-model/logdir/atari_private_eye_vta_20260108_185758/train_eps/20260109T132052-aea21edf924748b7af34daa02366cf5f-2699.npz,2510,2530,0.0,1.177477440637148e-13,1.1326749324798584,2.3339686393737793,0.0,3.3878161907196045,nan,nan,nan,nan
atari_private_eye,/home/haselab/murakawa/stable-deep-world-model/logdir/atari_private_eye_vta_20260108_185758,/home/haselab/murakawa/stable-deep-world-model/logdir/atari_private_eye_vta_20260108_185758/latest.pt,/home/haselab/murakawa/stable-deep-world-model/logdir/atari_private_eye_vta_20260108_185758/train_eps/20260109T132052-aea21edf924748b7af34daa02366cf5f-2699.npz,2515,2535,0.0,1.8947144471859884e-13,1.1214830875396729,2.396895170211792,0.0,3.3792107105255127,nan,nan,nan,nan
atari_private_eye,/home/haselab/murakawa/stable-deep-world-model/logdir/atari_private_eye_vta_20260108_185758,/home/haselab/murakawa/stable-deep-world-model/logdir/atari_private_eye_vta_20260108_185758/latest.pt,/home/haselab/murakawa/stable-deep-world-model/logdir/atari_private_eye_vta_20260108_185758/train_eps/20260109T132052-aea21edf924748b7af34daa02366cf5f-2699.npz,2520,2540,0.0,1.5697571009980898e-13,1.1383349895477295,2.3115756511688232,0.0,3.2922110557556152,nan,nan,nan,nan
atari_private_eye,/home/haselab/murakawa/stable-deep-world-model/logdir/atari_private_eye_vta_20260108_185758,/home/haselab/murakawa/stable-deep-world-model/logdir/atari_private_eye_vta_20260108_185758/latest.pt,/home/haselab/murakawa/stable-deep-world-model/logdir/atari_private_eye_vta_20260108_185758/train_eps/20260109T132052-aea21edf924748b7af34daa02366cf5f-2699.npz,2525,2545,0.0,2.6246420401637716e-13,1.1794726848602295,2.217210292816162,0.0,3.171548366546631,nan,nan,nan,nan
atari_private_eye,/home/haselab/murakawa/stable-deep-world-model/logdir/atari_private_eye_vta_20260108_185758,/home/haselab/murakawa/stable-deep-world-model/logdir/atari_private_eye_vta_20260108_185758/latest.pt,/home/haselab/murakawa/stable-deep-world-model/logdir/atari_private_eye_vta_20260108_185758/train_eps/20260109T132052-aea21edf924748b7af34daa02366cf5f-2699.npz,2530,2550,0.05,0.05000000074505806,1.239931344985962,2.341596841812134,0.15748098492622375,3.305713176727295,1.36482572555542,3.5759644508361816,3.1496195793151855,4.034153938293457
atari_private_eye,/home/haselab/murakawa/stable-deep-world-model/logdir/atari_private_eye_vta_20260108_185758,/home/haselab/murakawa/stable-deep-world-model/logdir/atari_private_eye_vta_20260108_185758/latest.pt,/home/haselab/murakawa/stable-deep-world-model/logdir/atari_private_eye_vta_20260108_185758/train_eps/20260109T132052-aea21edf924748b7af34daa02366cf5f-2699.npz,2535,2555,0.05,0.05000000074505806,1.2565363645553589,2.3595919609069824,0.15748098492622375,3.5321192741394043,1.36482572555542,3.5759644508361816,3.1496195793151855,4.034153938293457
atari_private_eye,/home/haselab/murakawa/stable-deep-world-model/logdir/atari_private_eye_vta_20260108_185758,/home/haselab/murakawa/stable-deep-world-model/logdir/atari_private_eye_vta_20260108_185758/latest.pt,/home/haselab/murakawa/stable-deep-world-model/logdir/atari_private_eye_vta_20260108_185758/train_eps/20260109T132052-aea21edf924748b7af34daa02366cf5f-2699.npz,2540,2560,0.05,0.05000000074505806,1.2943670749664307,2.349217414855957,0.15748098492622375,3.8161919116973877,1.36482572555542,3.5759644508361816,3.1496195793151855,4.034153938293457
atari_private_eye,/home/haselab/murakawa/stable-deep-world-model/logdir/atari_private_eye_vta_20260108_185758,/home/haselab/murakawa/stable-deep-world-model/logdir/atari_private_eye_vta_20260108_185758/latest.pt,/home/haselab/murakawa/stable-deep-world-model/logdir/atari_private_eye_vta_20260108_185758/train_eps/20260109T132052-aea21edf924748b7af34daa02366cf5f-2699.npz,2545,2565,0.05,0.05000000074505806,1.321245789527893,2.4382429122924805,0.15748098492622375,3.948791980743408,1.36482572555542,3.5759644508361816,3.1496195793151855,4.034153938293457
atari_private_eye,/home/haselab/murakawa/stable-deep-world-model/logdir/atari_private_eye_vta_20260108_185758,/home/haselab/murakawa/stable-deep-world-model/logdir/atari_private_eye_vta_20260108_185758/latest.pt,/home/haselab/murakawa/stable-deep-world-model/logdir/atari_private_eye_vta_20260108_185758/train_eps/20260109T132052-aea21edf924748b7af34daa02366cf5f-2699.npz,2550,2570,0.0,1.4204544319744959e-14,1.252681016921997,2.271252393722534,0.0,3.796290159225464,nan,nan,nan,nan
atari_private_eye,/home/haselab/murakawa/stable-deep-world-model/logdir/atari_private_eye_vta_20260108_185758,/home/haselab/murakawa/stable-deep-world-model/logdir/atari_private_eye_vta_20260108_185758/latest.pt,/home/haselab/murakawa/stable-deep-world-model/logdir/atari_private_eye_vta_20260108_185758/train_eps/20260109T132052-aea21edf924748b7af34daa02366cf5f-2699.npz,2555,2575,0.0,1.538259435465445e-14,1.2003593444824219,2.3360304832458496,0.0,3.644742250442505,nan,nan,nan,nan
atari_private_eye,/home/haselab/murakawa/stable-deep-world-model/logdir/atari_private_eye_vta_20260108_185758,/home/haselab/murakawa/stable-deep-world-model/logdir/atari_private_eye_vta_20260108_185758/latest.pt,/home/haselab/murakawa/stable-deep-world-model/logdir/atari_private_eye_vta_20260108_185758/train_eps/20260109T132052-aea21edf924748b7af34daa02366cf5f-2699.npz,2560,2580,0.0,7.123941464948907e-14,1.1835169792175293,2.397543430328369,0.0,3.3649723529815674,nan,nan,nan,nan
atari_private_eye,/home/haselab/murakawa/stable-deep-world-model/logdir/atari_private_eye_vta_20260108_185758,/home/haselab/murakawa/stable-deep-world-model/logdir/atari_private_eye_vta_20260108_185758/latest.pt,/home/haselab/murakawa/stable-deep-world-model/logdir/atari_private_eye_vta_20260108_185758/train_eps/20260109T132052-aea21edf924748b7af34daa02366cf5f-2699.npz,2565,2585,0.0,9.806829556324032e-14,1.0954163074493408,2.3564960956573486,0.0,3.297156810760498,nan,nan,nan,nan
atari_private_eye,/home/haselab/murakawa/stable-deep-world-model/logdir/atari_private_eye_vta_20260108_185758,/home/haselab/murakawa/stable-deep-world-model/logdir/atari_private_eye_vta_20260108_185758/latest.pt,/home/haselab/murakawa/stable-deep-world-model/logdir/atari_private_eye_vta_20260108_185758/train_eps/20260109T132052-aea21edf924748b7af34daa02366cf5f-2699.npz,2570,2590,0.0,1.308565614806939e-13,1.094114899635315,2.392662525177002,0.0,3.4238662719726562,nan,nan,nan,nan
atari_private_eye,/home/haselab/murakawa/stable-deep-world-model/logdir/atari_private_eye_vta_20260108_185758,/home/haselab/murakawa/stable-deep-world-model/logdir/atari_private_eye_vta_20260108_185758/latest.pt,/home/haselab/murakawa/stable-deep-world-model/logdir/atari_private_eye_vta_20260108_185758/train_eps/20260109T132052-aea21edf924748b7af34daa02366cf5f-2699.npz,2575,2595,0.0,2.287529432369595e-13,1.1800111532211304,2.440988779067993,0.0,3.4528629779815674,nan,nan,nan,nan
atari_private_eye,/home/haselab/murakawa/stable-deep-world-model/logdir/atari_private_eye_vta_20260108_185758,/home/haselab/murakawa/stable-deep-world-model/logdir/atari_private_eye_vta_20260108_185758/latest.pt,/home/haselab/murakawa/stable-deep-world-model/logdir/atari_private_eye_vta_20260108_185758/train_eps/20260109T132052-aea21edf924748b7af34daa02366cf5f-2699.npz,2580,2600,0.05,0.05000000074505806,1.185316562652588,2.4972217082977295,0.23221547901630402,3.501099109649658,1.446051001548767,4.069070816040039,4.6443095207214355,4.0728759765625
atari_private_eye,/home/haselab/murakawa/stable-deep-world-model/logdir/atari_private_eye_vta_20260108_185758,/home/haselab/murakawa/stable-deep-world-model/logdir/atari_private_eye_vta_20260108_185758/latest.pt,/home/haselab/murakawa/stable-deep-world-model/logdir/atari_private_eye_vta_20260108_185758/train_eps/20260109T132052-aea21edf924748b7af34daa02366cf5f-2699.npz,2585,2605,0.05,0.05000000074505806,1.2461528778076172,2.5722689628601074,0.23221547901630402,3.5550835132598877,1.446051001548767,4.069070816040039,4.6443095207214355,4.0728759765625
atari_private_eye,/home/haselab/murakawa/stable-deep-world-model/logdir/atari_private_eye_vta_20260108_185758,/home/haselab/murakawa/stable-deep-world-model/logdir/atari_private_eye_vta_20260108_185758/latest.pt,/home/haselab/murakawa/stable-deep-world-model/logdir/atari_private_eye_vta_20260108_185758/train_eps/20260109T132052-aea21edf924748b7af34daa02366cf5f-2699.npz,2590,2610,0.05,0.05000000074505806,1.3228875398635864,2.6230661869049072,0.23221547901630402,3.4844326972961426,1.446051001548767,4.069070816040039,4.6443095207214355,4.0728759765625
atari_private_eye,/home/haselab/murakawa/stable-deep-world-model/logdir/atari_private_eye_vta_20260108_185758,/home/haselab/murakawa/stable-deep-world-model/logdir/atari_private_eye_vta_20260108_185758/latest.pt,/home/haselab/murakawa/stable-deep-world-model/logdir/atari_private_eye_vta_20260108_185758/train_eps/20260109T132052-aea21edf924748b7af34daa02366cf5f-2699.npz,2595,2615,0.05,0.05000000074505806,1.323627233505249,2.475527763366699,0.23221547901630402,3.3391406536102295,1.446051001548767,4.069070816040039,4.6443095207214355,4.0728759765625
atari_private_eye,/home/haselab/murakawa/stable-deep-world-model/logdir/atari_private_eye_vta_20260108_185758,/home/haselab/murakawa/stable-deep-world-model/logdir/atari_private_eye_vta_20260108_185758/latest.pt,/home/haselab/murakawa/stable-deep-world-model/logdir/atari_private_eye_vta_20260108_185758/train_eps/20260109T132052-aea21edf924748b7af34daa02366cf5f-2699.npz,2600,2620,0.0,3.523633343655366e-14,1.2820899486541748,2.442997455596924,0.0,3.286860227584839,nan,nan,nan,nan
atari_private_eye,/home/haselab/murakawa/stable-deep-world-model/logdir/atari_private_eye_vta_20260108_185758,/home/haselab/murakawa/stable-deep-world-model/logdir/atari_private_eye_vta_20260108_185758/latest.pt,/home/haselab/murakawa/stable-deep-world-model/logdir/atari_private_eye_vta_20260108_185758/train_eps/20260109T132052-aea21edf924748b7af34daa02366cf5f-2699.npz,2605,2625,0.0,3.5103596597455336e-14,1.2844160795211792,2.3885436058044434,0.0,3.230991840362549,nan,nan,nan,nan
atari_private_eye,/home/haselab/murakawa/stable-deep-world-model/logdir/atari_private_eye_vta_20260108_185758,/home/haselab/murakawa/stable-deep-world-model/logdir/atari_private_eye_vta_20260108_185758/latest.pt,/home/haselab/murakawa/stable-deep-world-model/logdir/atari_private_eye_vta_20260108_185758/train_eps/20260109T132052-aea21edf924748b7af34daa02366cf5f-2699.npz,2610,2630,0.0,1.7765638542525594e-14,1.214786171913147,2.4230854511260986,0.0,3.3291804790496826,nan,nan,nan,nan
atari_private_eye,/home/haselab/murakawa/stable-deep-world-model/logdir/atari_private_eye_vta_20260108_185758,/home/haselab/murakawa/stable-deep-world-model/logdir/atari_private_eye_vta_20260108_185758/latest.pt,/home/haselab/murakawa/stable-deep-world-model/logdir/atari_private_eye_vta_20260108_185758/train_eps/20260109T132052-aea21edf924748b7af34daa02366cf5f-2699.npz,2615,2635,0.0,2.915069308986537e-14,1.1351057291030884,2.5262527465820312,0.0,3.4267964363098145,nan,nan,nan,nan
atari_private_eye,/home/haselab/murakawa/stable-deep-world-model/logdir/atari_private_eye_vta_20260108_185758,/home/haselab/murakawa/stable-deep-world-model/logdir/atari_private_eye_vta_20260108_185758/latest.pt,/home/haselab/murakawa/stable-deep-world-model/logdir/atari_private_eye_vta_20260108_185758/train_eps/20260109T132052-aea21edf924748b7af34daa02366cf5f-2699.npz,2620,2640,0.0,2.152775401248041e-14,1.2073825597763062,2.644312620162964,0.0,3.5608677864074707,nan,nan,nan,nan
atari_private_eye,/home/haselab/murakawa/stable-deep-world-model/logdir/atari_private_eye_vta_20260108_185758,/home/haselab/murakawa/stable-deep-world-model/logdir/atari_private_eye_vta_20260108_185758/latest.pt,/home/haselab/murakawa/stable-deep-world-model/logdir/atari_private_eye_vta_20260108_185758/train_eps/20260109T132052-aea21edf924748b7af34daa02366cf5f-2699.npz,2625,2645,0.0,1.9248493383504546e-14,1.2397162914276123,2.778052568435669,0.0,3.7754006385803223,nan,nan,nan,nan
atari_private_eye,/home/haselab/murakawa/stable-deep-world-model/logdir/atari_private_eye_vta_20260108_185758,/home/haselab/murakawa/stable-deep-world-model/logdir/atari_private_eye_vta_20260108_185758/latest.pt,/home/haselab/murakawa/stable-deep-world-model/logdir/atari_private_eye_vta_20260108_185758/train_eps/20260109T132052-aea21edf924748b7af34daa02366cf5f-2699.npz,2630,2650,0.05,0.05000000074505806,1.2452794313430786,2.8002712726593018,0.1766645461320877,3.7324531078338623,1.7510144710540771,4.472123622894287,3.5332908630371094,4.9850544929504395
atari_private_eye,/home/haselab/murakawa/stable-deep-world-model/logdir/atari_private_eye_vta_20260108_185758,/home/haselab/murakawa/stable-deep-world-model/logdir/atari_private_eye_vta_20260108_185758/latest.pt,/home/haselab/murakawa/stable-deep-world-model/logdir/atari_private_eye_vta_20260108_185758/train_eps/20260109T132052-aea21edf924748b7af34daa02366cf5f-2699.npz,2635,2655,0.05,0.05000000074505806,1.4551093578338623,2.9557595252990723,0.1766645461320877,3.838294267654419,1.7510144710540771,4.472123622894287,3.5332908630371094,4.9850544929504395
atari_private_eye,/home/haselab/murakawa/stable-deep-world-model/logdir/atari_private_eye_vta_20260108_185758,/home/haselab/murakawa/stable-deep-world-model/logdir/atari_private_eye_vta_20260108_185758/latest.pt,/home/haselab/murakawa/stable-deep-world-model/logdir/atari_private_eye_vta_20260108_185758/train_eps/20260109T132052-aea21edf924748b7af34daa02366cf5f-2699.npz,2640,2660,0.05,0.05000000074505806,1.576035499572754,3.2839202880859375,0.1766645461320877,4.174187183380127,1.7510144710540771,4.472123622894287,3.5332908630371094,4.9850544929504395
atari_private_eye,/home/haselab/murakawa/stable-deep-world-model/logdir/atari_private_eye_vta_20260108_185758,/home/haselab/murakawa/stable-deep-world-model/logdir/atari_private_eye_vta_20260108_185758/latest.pt,/home/haselab/murakawa/stable-deep-world-model/logdir/atari_private_eye_vta_20260108_185758/train_eps/20260109T132052-aea21edf924748b7af34daa02366cf5f-2699.npz,2645,2665,0.05,0.05000000074505806,1.8269191980361938,3.6969096660614014,0.1766645461320877,4.471710205078125,1.7510144710540771,4.472123622894287,3.5332908630371094,4.9850544929504395
atari_private_eye,/home/haselab/murakawa/stable-deep-world-model/logdir/atari_private_eye_vta_20260108_185758,/home/haselab/murakawa/stable-deep-world-model/logdir/atari_private_eye_vta_20260108_185758/latest.pt,/home/haselab/murakawa/stable-deep-world-model/logdir/atari_private_eye_vta_20260108_185758/train_eps/20260109T132052-aea21edf924748b7af34daa02366cf5f-2699.npz,2650,2670,0.0,3.532885518419543e-13,2.1863718032836914,4.6041693687438965,0.0,5.363824844360352,nan,nan,nan,nan
atari_private_eye,/home/haselab/murakawa/stable-deep-world-model/logdir/atari_private_eye_vta_20260108_185758,/home/haselab/murakawa/stable-deep-world-model/logdir/atari_private_eye_vta_20260108_185758/latest.pt,/home/haselab/murakawa/stable-deep-world-model/logdir/atari_private_eye_vta_20260108_185758/train_eps/20260109T132052-aea21edf924748b7af34daa02366cf5f-2699.npz,2655,2675,0.0,6.460951565423478e-13,2.012970209121704,4.316014289855957,0.0,5.193748950958252,nan,nan,nan,nan
atari_private_eye,/home/haselab/murakawa/stable-deep-world-model/logdir/atari_private_eye_vta_20260108_185758,/home/haselab/murakawa/stable-deep-world-model/logdir/atari_private_eye_vta_20260108_185758/latest.pt,/home/haselab/murakawa/stable-deep-world-model/logdir/atari_private_eye_vta_20260108_185758/train_eps/20260109T132052-aea21edf924748b7af34daa02366cf5f-2699.npz,2660,2680,0.0,6.849269415520887e-13,1.8691484928131104,3.847965955734253,0.0,4.75551176071167,nan,nan,nan,nan
atari_private_eye,/home/haselab/murakawa/stable-deep-world-model/logdir/atari_private_eye_vta_20260108_185758,/home/haselab/murakawa/stable-deep-world-model/logdir/atari_private_eye_vta_20260108_185758/latest.pt,/home/haselab/murakawa/stable-deep-world-model/logdir/atari_private_eye_vta_20260108_185758/train_eps/20260109T132052-aea21edf924748b7af34daa02366cf5f-2699.npz,2665,2685,0.0,6.265469913724342e-12,1.5892980098724365,3.3559489250183105,0.0,4.293162822723389,nan,nan,nan,nan
atari_private_eye,/home/haselab/murakawa/stable-deep-world-model/logdir/atari_private_eye_vta_20260108_185758,/home/haselab/murakawa/stable-deep-world-model/logdir/atari_private_eye_vta_20260108_185758/latest.pt,/home/haselab/murakawa/stable-deep-world-model/logdir/atari_private_eye_vta_20260108_185758/train_eps/20260109T132052-aea21edf924748b7af34daa02366cf5f-2699.npz,2670,2690,0.0,5.92140572686084e-12,1.1877963542938232,2.302145004272461,0.0,3.362257480621338,nan,nan,nan,nan
atari_private_eye,/home/haselab/murakawa/stable-deep-world-model/logdir/atari_private_eye_vta_20260108_185758,/home/haselab/murakawa/stable-deep-world-model/logdir/atari_private_eye_vta_20260108_185758/latest.pt,/home/haselab/murakawa/stable-deep-world-model/logdir/atari_private_eye_vta_20260108_185758/train_eps/20260109T132052-aea21edf924748b7af34daa02366cf5f-2699.npz,2675,2695,0.0,5.632095918112201e-12,1.130581021308899,2.3157336711883545,0.0,3.3753676414489746,nan,nan,nan,nan
