Logdir /home/haselab/projects/stable-deep-world-model/logs/models/from_scratch_atari_krull_vta_3seed_to_400000_20260208_112207/atari_krull_seed2
Config saved to /home/haselab/projects/stable-deep-world-model/logs/models/from_scratch_atari_krull_vta_3seed_to_400000_20260208_112207/atari_krull_seed2/config.yaml
Create envs.
Gym has been unmaintained since 2022 and does not support NumPy 2.0 amongst other critical functionality.
Please upgrade to Gymnasium, the maintained drop-in replacement of Gym, or contact the authors of your software and request that they upgrade.
Users of this version of Gym should be able to simply replace 'import gym' with 'import gymnasium as gym' in the vast majority of cases.
See the migration guide at https://gymnasium.farama.org/introduction/migration_guide/ for additional information.
A.L.E: Arcade Learning Environment (version 0.11.2+ecc1138)
[Powered by Stella]
Action Space Box(0.0, 1.0, (18,), float32)
Prefill dataset (2500 steps).
[0] dataset_size 988.0 / train_return 1220.0 / train_length 988.0 / train_episodes 1.0
[0] dataset_size 2412.0 / train_return 1950.0 / train_length 1424.0 / train_episodes 2.0
Logger: (10000 steps).
Simulate agent.
Encoder CNN shapes: {'image': (64, 64, 3)}
Encoder MLP shapes: {}
Decoder CNN shapes: {'image': (64, 64, 3)}
Decoder MLP shapes: {}
/home/haselab/projects/stable-deep-world-model/src_dreamerv3/tools.py:747: FutureWarning: `torch.cuda.amp.GradScaler(args...)` is deprecated. Please use `torch.amp.GradScaler('cuda', args...)` instead.
  self._scaler = torch.cuda.amp.GradScaler(enabled=use_amp)
Optimizer model_opt has 23085447 variables.
Optimizer actor_opt has 830482 variables.
Optimizer value_opt has 952063 variables.
[10000] 
Start evaluation.
[10000] eval_return 460.0 / eval_length 13631.2 / eval_episodes 5.0
add_video needs package moviepy
Start training.
/home/haselab/projects/stable-deep-world-model/src_dreamerv3/models.py:146: FutureWarning: `torch.cuda.amp.autocast(args...)` is deprecated. Please use `torch.amp.autocast('cuda', args...)` instead.
  with torch.cuda.amp.autocast(self._use_amp):
/home/haselab/projects/stable-deep-world-model/src_dreamerv3/models.py:216: FutureWarning: `torch.cuda.amp.autocast(args...)` is deprecated. Please use `torch.amp.autocast('cuda', args...)` instead.
  with torch.cuda.amp.autocast(self._use_amp):
/home/haselab/projects/stable-deep-world-model/src_dreamerv3/models.py:448: FutureWarning: `torch.cuda.amp.autocast(args...)` is deprecated. Please use `torch.amp.autocast('cuda', args...)` instead.
  with torch.cuda.amp.autocast(self._use_amp):
/home/haselab/projects/stable-deep-world-model/src_dreamerv3/models.py:479: FutureWarning: `torch.cuda.amp.autocast(args...)` is deprecated. Please use `torch.amp.autocast('cuda', args...)` instead.
  with torch.cuda.amp.autocast(self._use_amp):
[10000] model_loss 718.9 / model_grad_norm 2303.5 / image_loss 693.8 / reward_loss 2.9 / cont_loss 0.0 / kl_free 1.0 / dyn_scale 0.5 / rep_scale 0.1 / dyn_loss 36.7 / rep_loss 36.7 / kl 36.7 / prior_abs_ent 36.6 / post_abs_ent -2.4 / prior_obs_ent 25.9 / post_obs_ent 7.1 / boundary_ratio 0.3 / kl_mask 0.1 / normed_target_mean 1.2 / normed_target_std 0.6 / normed_target_min 0.1 / normed_target_max 2.1 / EMA_005 0.1 / EMA_095 0.7 / value_mean 0.0 / value_std 0.0 / value_min 0.0 / value_max 0.0 / target_mean 1.4 / target_std 0.6 / target_min 0.2 / target_max 2.3 / imag_reward_mean 0.2 / imag_reward_std 0.0 / imag_reward_min 0.2 / imag_reward_max 0.2 / imag_action_mean 8.4 / imag_action_std 5.6 / imag_action_min 0.0 / imag_action_max 17.0 / actor_entropy 2.7 / actor_loss 3.5 / actor_grad_norm 0.4 / value_loss 9.3 / value_grad_norm 13.3 / update_count 100.0 / fps 0.0
add_video needs package moviepy
add_video needs package moviepy
[10624] 
Start evaluation.
[10624] eval_return 4.0 / eval_length 1436.6 / eval_episodes 5.0
add_video needs package moviepy
Start training.
[10624] model_loss 125.5 / model_grad_norm 200.2 / image_loss 119.7 / reward_loss 0.5 / cont_loss 0.0 / kl_free 1.0 / dyn_scale 0.5 / rep_scale 0.1 / dyn_loss 8.6 / rep_loss 8.6 / kl 8.6 / prior_abs_ent 22.2 / post_abs_ent -13.1 / prior_obs_ent 1.6 / post_obs_ent -1.8 / boundary_ratio 0.3 / kl_mask 0.0 / normed_target_mean 0.8 / normed_target_std 0.4 / normed_target_min 0.1 / normed_target_max 1.4 / EMA_005 0.3 / EMA_095 2.2 / value_mean 0.3 / value_std 0.0 / value_min 0.2 / value_max 0.3 / target_mean 1.8 / target_std 0.7 / target_min 0.5 / target_max 2.8 / imag_reward_mean 0.3 / imag_reward_std 0.0 / imag_reward_min 0.3 / imag_reward_max 0.3 / imag_action_mean 7.6 / imag_action_std 4.7 / imag_action_min 0.0 / imag_action_max 17.0 / actor_entropy 2.0 / actor_loss 3.0 / actor_grad_norm 0.4 / value_loss 6.4 / value_grad_norm 11.4 / update_count 256.0 / fps 12.3
add_video needs package moviepy
add_video needs package moviepy
[11248] 
Start evaluation.
[11248] eval_return 0.0 / eval_length 1416.0 / eval_episodes 5.0
add_video needs package moviepy
Start training.
[11248] model_loss 84.6 / model_grad_norm 138.1 / image_loss 79.5 / reward_loss 0.4 / cont_loss 0.0 / kl_free 1.0 / dyn_scale 0.5 / rep_scale 0.1 / dyn_loss 7.8 / rep_loss 7.8 / kl 7.8 / prior_abs_ent 16.4 / post_abs_ent -16.1 / prior_obs_ent -1.4 / post_obs_ent -4.2 / boundary_ratio 0.4 / kl_mask 0.0 / normed_target_mean 0.7 / normed_target_std 0.4 / normed_target_min 0.1 / normed_target_max 1.4 / EMA_005 0.7 / EMA_095 3.1 / value_mean 0.7 / value_std 0.0 / value_min 0.6 / value_max 0.7 / target_mean 2.3 / target_std 0.9 / target_min 0.8 / target_max 4.0 / imag_reward_mean 0.3 / imag_reward_std 0.1 / imag_reward_min 0.2 / imag_reward_max 0.3 / imag_action_mean 7.0 / imag_action_std 4.3 / imag_action_min 0.0 / imag_action_max 17.0 / actor_entropy 0.8 / actor_loss 1.2 / actor_grad_norm 0.2 / value_loss 5.2 / value_grad_norm 11.1 / update_count 412.0 / fps 12.2
add_video needs package moviepy
add_video needs package moviepy
[11872] 
Start evaluation.
[11872] eval_return 0.0 / eval_length 1309.4 / eval_episodes 5.0
add_video needs package moviepy
Start training.
[11872] model_loss 74.9 / model_grad_norm 108.8 / image_loss 70.2 / reward_loss 0.4 / cont_loss 0.0 / kl_free 1.0 / dyn_scale 0.5 / rep_scale 0.1 / dyn_loss 7.2 / rep_loss 7.2 / kl 7.1 / prior_abs_ent 10.7 / post_abs_ent -16.8 / prior_obs_ent -3.3 / post_obs_ent -5.6 / boundary_ratio 0.4 / kl_mask 0.0 / normed_target_mean 0.5 / normed_target_std 0.4 / normed_target_min 0.0 / normed_target_max 1.5 / EMA_005 1.0 / EMA_095 4.2 / value_mean 1.0 / value_std 0.0 / value_min 0.9 / value_max 1.0 / target_mean 2.5 / target_std 1.3 / target_min 1.0 / target_max 5.9 / imag_reward_mean 0.3 / imag_reward_std 0.2 / imag_reward_min 0.1 / imag_reward_max 0.5 / imag_action_mean 6.1 / imag_action_std 3.7 / imag_action_min 0.0 / imag_action_max 17.0 / actor_entropy 0.9 / actor_loss 1.4 / actor_grad_norm 0.3 / value_loss 4.4 / value_grad_norm 7.3 / update_count 568.0 / fps 12.7
add_video needs package moviepy
add_video needs package moviepy
[12496] 
Start evaluation.
[12496] eval_return 0.0 / eval_length 1425.6 / eval_episodes 5.0
add_video needs package moviepy
Start training.
[12496] model_loss 70.3 / model_grad_norm 94.5 / image_loss 65.9 / reward_loss 0.4 / cont_loss 0.0 / kl_free 1.0 / dyn_scale 0.5 / rep_scale 0.1 / dyn_loss 6.6 / rep_loss 6.6 / kl 6.5 / prior_abs_ent 6.1 / post_abs_ent -17.8 / prior_obs_ent -5.9 / post_obs_ent -7.8 / boundary_ratio 0.4 / kl_mask 0.1 / normed_target_mean 0.4 / normed_target_std 0.4 / normed_target_min 0.0 / normed_target_max 1.5 / EMA_005 1.2 / EMA_095 5.0 / value_mean 1.3 / value_std 0.0 / value_min 1.2 / value_max 1.3 / target_mean 2.8 / target_std 1.3 / target_min 1.3 / target_max 6.7 / imag_reward_mean 0.3 / imag_reward_std 0.2 / imag_reward_min 0.0 / imag_reward_max 0.6 / imag_action_mean 4.3 / imag_action_std 2.7 / imag_action_min 0.0 / imag_action_max 17.0 / actor_entropy 0.6 / actor_loss 0.9 / actor_grad_norm 0.2 / value_loss 3.8 / value_grad_norm 5.8 / update_count 724.0 / fps 12.6
add_video needs package moviepy
add_video needs package moviepy
[13120] 
Start evaluation.
[13120] eval_return 0.0 / eval_length 1424.6 / eval_episodes 5.0
add_video needs package moviepy
Start training.
[13120] model_loss 68.2 / model_grad_norm 121.2 / image_loss 63.4 / reward_loss 0.4 / cont_loss 0.0 / kl_free 1.0 / dyn_scale 0.5 / rep_scale 0.1 / dyn_loss 7.4 / rep_loss 7.4 / kl 7.3 / prior_abs_ent 7.5 / post_abs_ent -16.0 / prior_obs_ent -1.0 / post_obs_ent -3.4 / boundary_ratio 0.4 / kl_mask 0.0 / normed_target_mean 0.4 / normed_target_std 0.4 / normed_target_min 0.0 / normed_target_max 1.5 / EMA_005 1.4 / EMA_095 5.6 / value_mean 1.6 / value_std 0.1 / value_min 1.5 / value_max 1.7 / target_mean 3.2 / target_std 1.5 / target_min 1.5 / target_max 7.6 / imag_reward_mean 0.3 / imag_reward_std 0.2 / imag_reward_min 0.0 / imag_reward_max 0.6 / imag_action_mean 4.4 / imag_action_std 2.5 / imag_action_min 0.0 / imag_action_max 17.0 / actor_entropy 0.5 / actor_loss 0.4 / actor_grad_norm 0.1 / value_loss 3.5 / value_grad_norm 5.7 / update_count 880.0 / fps 12.5
add_video needs package moviepy
add_video needs package moviepy
[13744] 
Start evaluation.
[13744] eval_return 0.0 / eval_length 1480.2 / eval_episodes 5.0
add_video needs package moviepy
Start training.
[13744] model_loss 65.2 / model_grad_norm 78.2 / image_loss 61.4 / reward_loss 0.3 / cont_loss 0.0 / kl_free 1.0 / dyn_scale 0.5 / rep_scale 0.1 / dyn_loss 5.7 / rep_loss 5.7 / kl 5.7 / prior_abs_ent 5.3 / post_abs_ent -16.8 / prior_obs_ent -3.2 / post_obs_ent -5.1 / boundary_ratio 0.3 / kl_mask 0.0 / normed_target_mean 0.4 / normed_target_std 0.3 / normed_target_min -0.0 / normed_target_max 1.4 / EMA_005 1.6 / EMA_095 6.1 / value_mean 2.0 / value_std 0.3 / value_min 1.5 / value_max 2.2 / target_mean 3.4 / target_std 1.6 / target_min 1.6 / target_max 7.8 / imag_reward_mean 0.2 / imag_reward_std 0.2 / imag_reward_min 0.0 / imag_reward_max 0.7 / imag_action_mean 4.5 / imag_action_std 2.5 / imag_action_min 0.0 / imag_action_max 17.0 / actor_entropy 0.5 / actor_loss 0.2 / actor_grad_norm 0.0 / value_loss 3.1 / value_grad_norm 5.9 / update_count 1036.0 / fps 12.2
add_video needs package moviepy
add_video needs package moviepy
[14368] 
Start evaluation.
[14368] eval_return 0.0 / eval_length 1423.6 / eval_episodes 5.0
add_video needs package moviepy
Start training.
[14368] model_loss 65.8 / model_grad_norm 64.0 / image_loss 62.4 / reward_loss 0.3 / cont_loss 0.0 / kl_free 1.0 / dyn_scale 0.5 / rep_scale 0.1 / dyn_loss 5.0 / rep_loss 5.0 / kl 5.0 / prior_abs_ent 4.6 / post_abs_ent -17.8 / prior_obs_ent -2.9 / post_obs_ent -4.9 / boundary_ratio 0.3 / kl_mask 0.0 / normed_target_mean 0.4 / normed_target_std 0.3 / normed_target_min -0.0 / normed_target_max 1.3 / EMA_005 1.6 / EMA_095 6.4 / value_mean 2.4 / value_std 0.5 / value_min 1.5 / value_max 2.8 / target_mean 3.7 / target_std 1.6 / target_min 1.5 / target_max 8.0 / imag_reward_mean 0.2 / imag_reward_std 0.2 / imag_reward_min 0.0 / imag_reward_max 0.6 / imag_action_mean 4.5 / imag_action_std 2.6 / imag_action_min 0.0 / imag_action_max 17.0 / actor_entropy 0.6 / actor_loss 0.2 / actor_grad_norm 0.0 / value_loss 3.0 / value_grad_norm 5.2 / update_count 1192.0 / fps 12.3
add_video needs package moviepy
add_video needs package moviepy
[14492] dataset_size 3623.0 / train_return 220.0 / train_length 1211.0 / train_episodes 3.0
[14992] 
Start evaluation.
[14992] eval_return 0.0 / eval_length 1423.0 / eval_episodes 5.0
add_video needs package moviepy
Start training.
[14992] model_loss 64.6 / model_grad_norm 83.1 / image_loss 61.1 / reward_loss 0.3 / cont_loss 0.0 / kl_free 1.0 / dyn_scale 0.5 / rep_scale 0.1 / dyn_loss 5.3 / rep_loss 5.3 / kl 5.3 / prior_abs_ent 5.1 / post_abs_ent -17.4 / prior_obs_ent -1.2 / post_obs_ent -3.2 / boundary_ratio 0.2 / kl_mask 0.0 / normed_target_mean 0.5 / normed_target_std 0.3 / normed_target_min -0.0 / normed_target_max 1.3 / EMA_005 1.6 / EMA_095 6.8 / value_mean 2.8 / value_std 0.7 / value_min 1.4 / value_max 3.4 / target_mean 4.1 / target_std 1.7 / target_min 1.4 / target_max 8.2 / imag_reward_mean 0.2 / imag_reward_std 0.2 / imag_reward_min 0.0 / imag_reward_max 0.5 / imag_action_mean 4.2 / imag_action_std 2.4 / imag_action_min 0.0 / imag_action_max 17.0 / actor_entropy 0.3 / actor_loss 0.2 / actor_grad_norm 0.0 / value_loss 2.9 / value_grad_norm 4.3 / update_count 1348.0 / fps 12.3
add_video needs package moviepy
add_video needs package moviepy
[15616] 
Start evaluation.
[15616] eval_return 0.0 / eval_length 1455.2 / eval_episodes 5.0
add_video needs package moviepy
Start training.
[15616] model_loss 63.2 / model_grad_norm 72.5 / image_loss 59.8 / reward_loss 0.3 / cont_loss 0.0 / kl_free 1.0 / dyn_scale 0.5 / rep_scale 0.1 / dyn_loss 5.0 / rep_loss 5.0 / kl 5.0 / prior_abs_ent 3.8 / post_abs_ent -17.2 / prior_obs_ent 0.5 / post_obs_ent -1.5 / boundary_ratio 0.2 / kl_mask 0.0 / normed_target_mean 0.5 / normed_target_std 0.4 / normed_target_min -0.0 / normed_target_max 1.3 / EMA_005 1.6 / EMA_095 7.3 / value_mean 3.3 / value_std 1.1 / value_min 1.4 / value_max 4.2 / target_mean 4.5 / target_std 2.1 / target_min 1.4 / target_max 9.2 / imag_reward_mean 0.2 / imag_reward_std 0.2 / imag_reward_min 0.0 / imag_reward_max 0.6 / imag_action_mean 4.8 / imag_action_std 2.8 / imag_action_min 0.0 / imag_action_max 17.0 / actor_entropy 0.5 / actor_loss 0.2 / actor_grad_norm 0.1 / value_loss 2.8 / value_grad_norm 3.8 / update_count 1504.0 / fps 12.3
add_video needs package moviepy
add_video needs package moviepy
[16240] 
Start evaluation.
[16240] eval_return 0.0 / eval_length 1412.8 / eval_episodes 5.0
add_video needs package moviepy
Start training.
[16240] model_loss 61.6 / model_grad_norm 63.9 / image_loss 58.4 / reward_loss 0.3 / cont_loss 0.0 / kl_free 1.0 / dyn_scale 0.5 / rep_scale 0.1 / dyn_loss 4.8 / rep_loss 4.8 / kl 4.8 / prior_abs_ent 4.0 / post_abs_ent -17.0 / prior_obs_ent 1.7 / post_obs_ent -0.3 / boundary_ratio 0.2 / kl_mask 0.0 / normed_target_mean 0.5 / normed_target_std 0.4 / normed_target_min -0.0 / normed_target_max 1.3 / EMA_005 1.6 / EMA_095 7.9 / value_mean 3.7 / value_std 1.5 / value_min 1.4 / value_max 5.0 / target_mean 4.9 / target_std 2.4 / target_min 1.4 / target_max 9.8 / imag_reward_mean 0.2 / imag_reward_std 0.2 / imag_reward_min 0.0 / imag_reward_max 0.6 / imag_action_mean 6.0 / imag_action_std 3.6 / imag_action_min 0.0 / imag_action_max 17.0 / actor_entropy 0.4 / actor_loss 0.2 / actor_grad_norm 0.0 / value_loss 2.5 / value_grad_norm 3.2 / update_count 1660.0 / fps 12.4
add_video needs package moviepy
add_video needs package moviepy
[16864] 
Start evaluation.
[16864] eval_return 0.0 / eval_length 1433.4 / eval_episodes 5.0
add_video needs package moviepy
Start training.
[16864] model_loss 62.1 / model_grad_norm 60.2 / image_loss 59.0 / reward_loss 0.3 / cont_loss 0.0 / kl_free 1.0 / dyn_scale 0.5 / rep_scale 0.1 / dyn_loss 4.7 / rep_loss 4.7 / kl 4.7 / prior_abs_ent 3.3 / post_abs_ent -16.8 / prior_obs_ent 4.0 / post_obs_ent 1.8 / boundary_ratio 0.2 / kl_mask 0.0 / normed_target_mean 0.5 / normed_target_std 0.4 / normed_target_min -0.0 / normed_target_max 1.2 / EMA_005 1.5 / EMA_095 8.5 / value_mean 4.3 / value_std 1.8 / value_min 1.4 / value_max 5.7 / target_mean 5.3 / target_std 2.5 / target_min 1.4 / target_max 10.1 / imag_reward_mean 0.2 / imag_reward_std 0.1 / imag_reward_min 0.0 / imag_reward_max 0.6 / imag_action_mean 6.2 / imag_action_std 3.6 / imag_action_min 0.0 / imag_action_max 17.0 / actor_entropy 0.3 / actor_loss 0.1 / actor_grad_norm 0.0 / value_loss 2.3 / value_grad_norm 3.0 / update_count 1816.0 / fps 12.3
add_video needs package moviepy
add_video needs package moviepy
[17488] 
Start evaluation.
[17488] eval_return 0.0 / eval_length 1468.2 / eval_episodes 5.0
add_video needs package moviepy
Start training.
[17488] model_loss 62.0 / model_grad_norm 60.3 / image_loss 58.7 / reward_loss 0.3 / cont_loss 0.0 / kl_free 1.0 / dyn_scale 0.5 / rep_scale 0.1 / dyn_loss 5.0 / rep_loss 5.0 / kl 5.0 / prior_abs_ent 3.2 / post_abs_ent -16.5 / prior_obs_ent 6.1 / post_obs_ent 3.7 / boundary_ratio 0.2 / kl_mask 0.0 / normed_target_mean 0.6 / normed_target_std 0.4 / normed_target_min -0.0 / normed_target_max 1.5 / EMA_005 1.5 / EMA_095 9.0 / value_mean 4.7 / value_std 2.0 / value_min 1.1 / value_max 6.4 / target_mean 5.7 / target_std 2.8 / target_min 1.3 / target_max 12.8 / imag_reward_mean 0.2 / imag_reward_std 0.2 / imag_reward_min 0.0 / imag_reward_max 1.0 / imag_action_mean 6.4 / imag_action_std 3.7 / imag_action_min 0.0 / imag_action_max 17.0 / actor_entropy 0.2 / actor_loss 0.1 / actor_grad_norm 0.0 / value_loss 2.3 / value_grad_norm 2.6 / update_count 1972.0 / fps 12.3
add_video needs package moviepy
add_video needs package moviepy
[18112] 
Start evaluation.
[18112] eval_return 20.0 / eval_length 1469.8 / eval_episodes 5.0
add_video needs package moviepy
Start training.
[18112] model_loss 64.5 / model_grad_norm 57.0 / image_loss 60.9 / reward_loss 0.2 / cont_loss 0.0 / kl_free 1.0 / dyn_scale 0.5 / rep_scale 0.1 / dyn_loss 5.6 / rep_loss 5.6 / kl 5.6 / prior_abs_ent 3.4 / post_abs_ent -15.5 / prior_obs_ent 10.9 / post_obs_ent 7.8 / boundary_ratio 0.2 / kl_mask 0.0 / normed_target_mean 0.6 / normed_target_std 0.4 / normed_target_min -0.0 / normed_target_max 2.4 / EMA_005 1.5 / EMA_095 10.0 / value_mean 5.1 / value_std 2.2 / value_min 1.0 / value_max 6.8 / target_mean 6.3 / target_std 3.3 / target_min 1.2 / target_max 21.6 / imag_reward_mean 0.2 / imag_reward_std 0.3 / imag_reward_min 0.0 / imag_reward_max 2.5 / imag_action_mean 11.0 / imag_action_std 3.8 / imag_action_min 0.0 / imag_action_max 17.0 / actor_entropy 0.3 / actor_loss 0.3 / actor_grad_norm 0.1 / value_loss 2.2 / value_grad_norm 2.7 / update_count 2128.0 / fps 12.2
add_video needs package moviepy
add_video needs package moviepy
[18736] 
Start evaluation.
[18736] eval_return 32.0 / eval_length 1408.2 / eval_episodes 5.0
add_video needs package moviepy
Start training.
[18736] model_loss 65.4 / model_grad_norm 63.8 / image_loss 60.5 / reward_loss 0.2 / cont_loss 0.0 / kl_free 1.0 / dyn_scale 0.5 / rep_scale 0.1 / dyn_loss 7.7 / rep_loss 7.7 / kl 7.7 / prior_abs_ent 3.2 / post_abs_ent -15.3 / prior_obs_ent 20.5 / post_obs_ent 15.3 / boundary_ratio 0.2 / kl_mask 0.0 / normed_target_mean 0.5 / normed_target_std 0.3 / normed_target_min -0.0 / normed_target_max 1.9 / EMA_005 1.4 / EMA_095 11.6 / value_mean 5.5 / value_std 2.4 / value_min 0.8 / value_max 7.3 / target_mean 6.7 / target_std 3.6 / target_min 1.0 / target_max 21.2 / imag_reward_mean 0.2 / imag_reward_std 0.3 / imag_reward_min 0.0 / imag_reward_max 2.0 / imag_action_mean 12.5 / imag_action_std 3.6 / imag_action_min 0.0 / imag_action_max 17.0 / actor_entropy 0.1 / actor_loss 0.1 / actor_grad_norm 0.0 / value_loss 2.2 / value_grad_norm 2.1 / update_count 2284.0 / fps 12.3
add_video needs package moviepy
add_video needs package moviepy
[19228] dataset_size 4807.0 / train_return 200.0 / train_length 1184.0 / train_episodes 4.0
[19360] 
Start evaluation.
[19360] eval_return 16.0 / eval_length 1451.2 / eval_episodes 5.0
add_video needs package moviepy
Start training.
[19360] model_loss 62.9 / model_grad_norm 68.6 / image_loss 57.6 / reward_loss 0.2 / cont_loss 0.0 / kl_free 1.0 / dyn_scale 0.5 / rep_scale 0.1 / dyn_loss 8.3 / rep_loss 8.3 / kl 8.3 / prior_abs_ent 3.6 / post_abs_ent -15.6 / prior_obs_ent 21.8 / post_obs_ent 15.8 / boundary_ratio 0.2 / kl_mask 0.0 / normed_target_mean 0.5 / normed_target_std 0.3 / normed_target_min -0.1 / normed_target_max 2.2 / EMA_005 1.3 / EMA_095 12.8 / value_mean 5.8 / value_std 2.7 / value_min 0.7 / value_max 8.1 / target_mean 6.9 / target_std 4.0 / target_min 0.4 / target_max 26.6 / imag_reward_mean 0.2 / imag_reward_std 0.4 / imag_reward_min 0.0 / imag_reward_max 3.4 / imag_action_mean 12.5 / imag_action_std 3.6 / imag_action_min 0.0 / imag_action_max 17.0 / actor_entropy 0.1 / actor_loss 0.1 / actor_grad_norm 0.0 / value_loss 2.2 / value_grad_norm 1.9 / update_count 2440.0 / fps 12.2
add_video needs package moviepy
add_video needs package moviepy
[19984] 
Start evaluation.
[19984] eval_return 12.0 / eval_length 1473.4 / eval_episodes 5.0
add_video needs package moviepy
Start training.
[19984] model_loss 60.3 / model_grad_norm 63.8 / image_loss 53.6 / reward_loss 0.2 / cont_loss 0.0 / kl_free 1.0 / dyn_scale 0.5 / rep_scale 0.1 / dyn_loss 10.8 / rep_loss 10.8 / kl 10.8 / prior_abs_ent 2.8 / post_abs_ent -17.6 / prior_obs_ent 22.5 / post_obs_ent 14.1 / boundary_ratio 0.2 / kl_mask 0.0 / normed_target_mean 0.4 / normed_target_std 0.4 / normed_target_min -0.1 / normed_target_max 2.5 / EMA_005 1.3 / EMA_095 14.1 / value_mean 5.8 / value_std 2.9 / value_min 0.8 / value_max 9.0 / target_mean 6.9 / target_std 4.6 / target_min 0.2 / target_max 33.3 / imag_reward_mean 0.2 / imag_reward_std 0.5 / imag_reward_min 0.0 / imag_reward_max 5.3 / imag_action_mean 12.6 / imag_action_std 3.5 / imag_action_min 0.0 / imag_action_max 17.0 / actor_entropy 0.1 / actor_loss 0.1 / actor_grad_norm 0.0 / value_loss 2.2 / value_grad_norm 1.7 / update_count 2596.0 / fps 12.4
add_video needs package moviepy
add_video needs package moviepy
[20608] 
Start evaluation.
[20608] eval_return 26.0 / eval_length 1318.8 / eval_episodes 5.0
add_video needs package moviepy
Start training.
[20608] model_loss 56.1 / model_grad_norm 85.0 / image_loss 47.8 / reward_loss 0.2 / cont_loss 0.0 / kl_free 1.0 / dyn_scale 0.5 / rep_scale 0.1 / dyn_loss 13.5 / rep_loss 13.5 / kl 13.5 / prior_abs_ent 0.7 / post_abs_ent -20.2 / prior_obs_ent 21.6 / post_obs_ent 10.6 / boundary_ratio 0.2 / kl_mask 0.0 / normed_target_mean 0.4 / normed_target_std 0.4 / normed_target_min -0.0 / normed_target_max 3.1 / EMA_005 1.2 / EMA_095 15.9 / value_mean 5.6 / value_std 3.2 / value_min 0.7 / value_max 10.1 / target_mean 7.1 / target_std 5.7 / target_min 0.6 / target_max 46.9 / imag_reward_mean 0.3 / imag_reward_std 0.7 / imag_reward_min 0.0 / imag_reward_max 7.1 / imag_action_mean 12.5 / imag_action_std 3.6 / imag_action_min 0.0 / imag_action_max 17.0 / actor_entropy 0.2 / actor_loss 0.2 / actor_grad_norm 0.1 / value_loss 2.5 / value_grad_norm 1.8 / update_count 2752.0 / fps 12.7
add_video needs package moviepy
add_video needs package moviepy
[21232] 
Start evaluation.
[21232] eval_return 0.0 / eval_length 1234.2 / eval_episodes 5.0
add_video needs package moviepy
Start training.
[21232] model_loss 51.2 / model_grad_norm 81.0 / image_loss 42.0 / reward_loss 0.2 / cont_loss 0.0 / kl_free 1.0 / dyn_scale 0.5 / rep_scale 0.1 / dyn_loss 14.9 / rep_loss 14.9 / kl 14.9 / prior_abs_ent 0.8 / post_abs_ent -21.6 / prior_obs_ent 19.1 / post_obs_ent 6.8 / boundary_ratio 0.2 / kl_mask 0.0 / normed_target_mean 0.4 / normed_target_std 0.4 / normed_target_min -0.0 / normed_target_max 3.2 / EMA_005 1.2 / EMA_095 19.8 / value_mean 6.3 / value_std 3.8 / value_min 0.8 / value_max 11.7 / target_mean 8.5 / target_std 7.4 / target_min 0.7 / target_max 60.2 / imag_reward_mean 0.3 / imag_reward_std 0.9 / imag_reward_min 0.0 / imag_reward_max 8.6 / imag_action_mean 12.8 / imag_action_std 2.8 / imag_action_min 0.0 / imag_action_max 17.0 / actor_entropy 0.3 / actor_loss 0.6 / actor_grad_norm 0.3 / value_loss 2.8 / value_grad_norm 1.8 / update_count 2908.0 / fps 13.1
add_video needs package moviepy
add_video needs package moviepy
[21856] 
Start evaluation.
[21856] eval_return 0.0 / eval_length 26997.0 / eval_episodes 5.0
add_video needs package moviepy
Start training.
[21856] model_loss 44.8 / model_grad_norm 70.9 / image_loss 35.4 / reward_loss 0.2 / cont_loss 0.0 / kl_free 1.0 / dyn_scale 0.5 / rep_scale 0.1 / dyn_loss 15.3 / rep_loss 15.3 / kl 15.3 / prior_abs_ent 0.6 / post_abs_ent -22.5 / prior_obs_ent 15.7 / post_obs_ent 3.3 / boundary_ratio 0.2 / kl_mask 0.0 / normed_target_mean 0.4 / normed_target_std 0.4 / normed_target_min -0.0 / normed_target_max 2.9 / EMA_005 1.1 / EMA_095 23.8 / value_mean 7.6 / value_std 4.8 / value_min 0.8 / value_max 14.2 / target_mean 10.3 / target_std 8.6 / target_min 0.8 / target_max 66.2 / imag_reward_mean 0.4 / imag_reward_std 1.1 / imag_reward_min 0.0 / imag_reward_max 11.0 / imag_action_mean 12.5 / imag_action_std 1.8 / imag_action_min 0.0 / imag_action_max 17.0 / actor_entropy 0.4 / actor_loss 0.7 / actor_grad_norm 0.5 / value_loss 2.9 / value_grad_norm 1.6 / update_count 3064.0 / fps 2.0
add_video needs package moviepy
add_video needs package moviepy
[22480] 
Start evaluation.
[22480] eval_return 8.0 / eval_length 26996.4 / eval_episodes 5.0
add_video needs package moviepy
Start training.
[22480] model_loss 39.9 / model_grad_norm 69.9 / image_loss 30.6 / reward_loss 0.1 / cont_loss 0.0 / kl_free 1.0 / dyn_scale 0.5 / rep_scale 0.1 / dyn_loss 15.2 / rep_loss 15.2 / kl 15.2 / prior_abs_ent 1.0 / post_abs_ent -22.9 / prior_obs_ent 13.5 / post_obs_ent 1.4 / boundary_ratio 0.2 / kl_mask 0.0 / normed_target_mean 0.4 / normed_target_std 0.4 / normed_target_min -0.0 / normed_target_max 2.6 / EMA_005 1.0 / EMA_095 27.1 / value_mean 9.3 / value_std 6.1 / value_min 0.8 / value_max 16.9 / target_mean 11.8 / target_std 9.4 / target_min 0.8 / target_max 68.6 / imag_reward_mean 0.4 / imag_reward_std 1.1 / imag_reward_min -0.0 / imag_reward_max 13.3 / imag_action_mean 12.1 / imag_action_std 1.8 / imag_action_min 0.0 / imag_action_max 17.0 / actor_entropy 0.3 / actor_loss 0.4 / actor_grad_norm 0.3 / value_loss 2.7 / value_grad_norm 1.5 / update_count 3220.0 / fps 2.0
add_video needs package moviepy
add_video needs package moviepy
[23104] 
Start evaluation.
[23104] eval_return 80.0 / eval_length 26995.4 / eval_episodes 5.0
add_video needs package moviepy
Start training.
[23104] model_loss 36.1 / model_grad_norm 66.9 / image_loss 26.8 / reward_loss 0.1 / cont_loss 0.0 / kl_free 1.0 / dyn_scale 0.5 / rep_scale 0.1 / dyn_loss 15.2 / rep_loss 15.2 / kl 15.2 / prior_abs_ent 2.4 / post_abs_ent -22.5 / prior_obs_ent 13.4 / post_obs_ent 1.6 / boundary_ratio 0.2 / kl_mask 0.0 / normed_target_mean 0.4 / normed_target_std 0.4 / normed_target_min -0.0 / normed_target_max 2.6 / EMA_005 1.0 / EMA_095 28.6 / value_mean 10.3 / value_std 7.0 / value_min 0.8 / value_max 19.2 / target_mean 12.5 / target_std 10.2 / target_min 0.8 / target_max 72.5 / imag_reward_mean 0.3 / imag_reward_std 1.1 / imag_reward_min 0.0 / imag_reward_max 14.2 / imag_action_mean 12.3 / imag_action_std 1.9 / imag_action_min 0.0 / imag_action_max 17.0 / actor_entropy 0.4 / actor_loss 0.9 / actor_grad_norm 0.7 / value_loss 2.6 / value_grad_norm 1.6 / update_count 3376.0 / fps 2.0
add_video needs package moviepy
add_video needs package moviepy
[23728] 
Start evaluation.
[23728] eval_return 48.0 / eval_length 26996.8 / eval_episodes 5.0
add_video needs package moviepy
Start training.
[23728] model_loss 34.2 / model_grad_norm 80.0 / image_loss 24.4 / reward_loss 0.1 / cont_loss 0.0 / kl_free 1.0 / dyn_scale 0.5 / rep_scale 0.1 / dyn_loss 16.1 / rep_loss 16.1 / kl 16.1 / prior_abs_ent 3.2 / post_abs_ent -22.3 / prior_obs_ent 13.3 / post_obs_ent 1.6 / boundary_ratio 0.3 / kl_mask 0.0 / normed_target_mean 0.4 / normed_target_std 0.4 / normed_target_min -0.0 / normed_target_max 2.4 / EMA_005 1.0 / EMA_095 30.9 / value_mean 11.0 / value_std 8.0 / value_min 0.8 / value_max 21.5 / target_mean 13.2 / target_std 11.1 / target_min 0.8 / target_max 72.8 / imag_reward_mean 0.3 / imag_reward_std 1.1 / imag_reward_min -0.0 / imag_reward_max 14.1 / imag_action_mean 12.0 / imag_action_std 2.1 / imag_action_min 0.0 / imag_action_max 17.0 / actor_entropy 0.4 / actor_loss 1.0 / actor_grad_norm 0.7 / value_loss 2.6 / value_grad_norm 1.5 / update_count 3532.0 / fps 2.0
add_video needs package moviepy
add_video needs package moviepy
[24352] 
Start evaluation.
[24352] eval_return 1046.0 / eval_length 21247.8 / eval_episodes 5.0
add_video needs package moviepy
Start training.
[24352] model_loss 32.5 / model_grad_norm 74.6 / image_loss 22.8 / reward_loss 0.1 / cont_loss 0.0 / kl_free 1.0 / dyn_scale 0.5 / rep_scale 0.1 / dyn_loss 15.9 / rep_loss 15.9 / kl 15.9 / prior_abs_ent 4.8 / post_abs_ent -21.6 / prior_obs_ent 15.0 / post_obs_ent 3.6 / boundary_ratio 0.3 / kl_mask 0.0 / normed_target_mean 0.4 / normed_target_std 0.4 / normed_target_min -0.0 / normed_target_max 2.3 / EMA_005 1.0 / EMA_095 30.5 / value_mean 11.6 / value_std 8.5 / value_min 0.8 / value_max 22.9 / target_mean 13.3 / target_std 10.8 / target_min 0.8 / target_max 69.9 / imag_reward_mean 0.3 / imag_reward_std 0.9 / imag_reward_min -0.0 / imag_reward_max 13.7 / imag_action_mean 12.1 / imag_action_std 2.0 / imag_action_min 0.0 / imag_action_max 17.0 / actor_entropy 0.4 / actor_loss 0.8 / actor_grad_norm 0.7 / value_loss 2.6 / value_grad_norm 1.5 / update_count 3688.0 / fps 2.5
add_video needs package moviepy
add_video needs package moviepy
[24976] 
Start evaluation.
[24976] eval_return 134.0 / eval_length 1456.4 / eval_episodes 5.0
add_video needs package moviepy
Start training.
[24976] model_loss 30.7 / model_grad_norm 59.2 / image_loss 20.9 / reward_loss 0.1 / cont_loss 0.0 / kl_free 1.0 / dyn_scale 0.5 / rep_scale 0.1 / dyn_loss 16.0 / rep_loss 16.0 / kl 16.0 / prior_abs_ent 4.5 / post_abs_ent -21.7 / prior_obs_ent 13.2 / post_obs_ent 2.3 / boundary_ratio 0.3 / kl_mask 0.0 / normed_target_mean 0.4 / normed_target_std 0.4 / normed_target_min -0.0 / normed_target_max 2.4 / EMA_005 0.9 / EMA_095 33.1 / value_mean 12.4 / value_std 9.2 / value_min 0.8 / value_max 25.2 / target_mean 14.6 / target_std 12.6 / target_min 0.8 / target_max 79.0 / imag_reward_mean 0.4 / imag_reward_std 1.2 / imag_reward_min -0.0 / imag_reward_max 14.8 / imag_action_mean 10.3 / imag_action_std 3.1 / imag_action_min 0.0 / imag_action_max 17.0 / actor_entropy 0.5 / actor_loss 1.0 / actor_grad_norm 0.8 / value_loss 2.6 / value_grad_norm 1.5 / update_count 3844.0 / fps 11.9
add_video needs package moviepy
add_video needs package moviepy
[25600] 
Start evaluation.
[25600] eval_return 76.0 / eval_length 1472.8 / eval_episodes 5.0
add_video needs package moviepy
Start training.
[25600] model_loss 29.2 / model_grad_norm 50.3 / image_loss 19.7 / reward_loss 0.1 / cont_loss 0.0 / kl_free 1.0 / dyn_scale 0.5 / rep_scale 0.1 / dyn_loss 15.7 / rep_loss 15.7 / kl 15.7 / prior_abs_ent 4.0 / post_abs_ent -21.7 / prior_obs_ent 12.7 / post_obs_ent 2.3 / boundary_ratio 0.3 / kl_mask 0.0 / normed_target_mean 0.4 / normed_target_std 0.4 / normed_target_min -0.0 / normed_target_max 2.3 / EMA_005 1.0 / EMA_095 36.4 / value_mean 13.3 / value_std 9.9 / value_min 0.8 / value_max 28.0 / target_mean 15.4 / target_std 13.2 / target_min 0.8 / target_max 81.4 / imag_reward_mean 0.4 / imag_reward_std 1.2 / imag_reward_min -0.0 / imag_reward_max 15.2 / imag_action_mean 7.5 / imag_action_std 3.4 / imag_action_min 0.0 / imag_action_max 17.0 / actor_entropy 0.3 / actor_loss 0.4 / actor_grad_norm 0.3 / value_loss 2.7 / value_grad_norm 1.4 / update_count 4000.0 / fps 12.2
add_video needs package moviepy
add_video needs package moviepy
[26024] dataset_size 6506.0 / train_return 780.0 / train_length 1699.0 / train_episodes 5.0
[26224] 
Start evaluation.
[26224] eval_return 178.0 / eval_length 1453.8 / eval_episodes 5.0
add_video needs package moviepy
Start training.
[26224] model_loss 28.5 / model_grad_norm 49.6 / image_loss 18.9 / reward_loss 0.1 / cont_loss 0.0 / kl_free 1.0 / dyn_scale 0.5 / rep_scale 0.1 / dyn_loss 15.7 / rep_loss 15.7 / kl 15.7 / prior_abs_ent 3.9 / post_abs_ent -22.1 / prior_obs_ent 12.1 / post_obs_ent 1.8 / boundary_ratio 0.3 / kl_mask 0.0 / normed_target_mean 0.4 / normed_target_std 0.4 / normed_target_min -0.0 / normed_target_max 2.2 / EMA_005 1.0 / EMA_095 38.5 / value_mean 13.9 / value_std 10.4 / value_min 0.8 / value_max 30.7 / target_mean 15.9 / target_std 13.5 / target_min 0.8 / target_max 84.8 / imag_reward_mean 0.3 / imag_reward_std 1.2 / imag_reward_min -0.0 / imag_reward_max 15.9 / imag_action_mean 6.5 / imag_action_std 3.3 / imag_action_min 0.0 / imag_action_max 17.0 / actor_entropy 0.2 / actor_loss 0.3 / actor_grad_norm 0.2 / value_loss 2.6 / value_grad_norm 1.4 / update_count 4156.0 / fps 12.4
add_video needs package moviepy
add_video needs package moviepy
[26848] 
Start evaluation.
[26848] eval_return 32.0 / eval_length 1367.6 / eval_episodes 5.0
add_video needs package moviepy
Start training.
[26848] model_loss 27.6 / model_grad_norm 62.3 / image_loss 18.2 / reward_loss 0.1 / cont_loss 0.0 / kl_free 1.0 / dyn_scale 0.5 / rep_scale 0.1 / dyn_loss 15.5 / rep_loss 15.5 / kl 15.5 / prior_abs_ent 4.5 / post_abs_ent -22.4 / prior_obs_ent 12.1 / post_obs_ent 1.9 / boundary_ratio 0.3 / kl_mask 0.0 / normed_target_mean 0.4 / normed_target_std 0.4 / normed_target_min -0.0 / normed_target_max 2.3 / EMA_005 1.0 / EMA_095 38.2 / value_mean 13.7 / value_std 10.4 / value_min 0.9 / value_max 32.1 / target_mean 15.4 / target_std 13.3 / target_min 0.8 / target_max 85.3 / imag_reward_mean 0.3 / imag_reward_std 1.2 / imag_reward_min -0.0 / imag_reward_max 16.2 / imag_action_mean 6.5 / imag_action_std 3.3 / imag_action_min 0.0 / imag_action_max 17.0 / actor_entropy 0.3 / actor_loss 0.2 / actor_grad_norm 0.2 / value_loss 2.7 / value_grad_norm 1.5 / update_count 4312.0 / fps 12.6
add_video needs package moviepy
add_video needs package moviepy
[27472] 
Start evaluation.
[27472] eval_return 312.0 / eval_length 1402.4 / eval_episodes 5.0
add_video needs package moviepy
Start training.
[27472] model_loss 26.6 / model_grad_norm 57.3 / image_loss 17.4 / reward_loss 0.1 / cont_loss 0.0 / kl_free 1.0 / dyn_scale 0.5 / rep_scale 0.1 / dyn_loss 15.2 / rep_loss 15.2 / kl 15.2 / prior_abs_ent 5.0 / post_abs_ent -22.5 / prior_obs_ent 11.8 / post_obs_ent 1.9 / boundary_ratio 0.3 / kl_mask 0.0 / normed_target_mean 0.4 / normed_target_std 0.4 / normed_target_min -0.0 / normed_target_max 2.3 / EMA_005 1.0 / EMA_095 39.9 / value_mean 14.2 / value_std 10.8 / value_min 0.9 / value_max 34.1 / target_mean 16.1 / target_std 14.0 / target_min 0.8 / target_max 89.1 / imag_reward_mean 0.4 / imag_reward_std 1.3 / imag_reward_min -0.0 / imag_reward_max 16.8 / imag_action_mean 6.7 / imag_action_std 3.5 / imag_action_min 0.0 / imag_action_max 17.0 / actor_entropy 0.3 / actor_loss 0.3 / actor_grad_norm 0.3 / value_loss 2.7 / value_grad_norm 1.2 / update_count 4468.0 / fps 12.4
add_video needs package moviepy
add_video needs package moviepy
[28096] 
Start evaluation.
[28096] eval_return 518.0 / eval_length 1353.2 / eval_episodes 5.0
add_video needs package moviepy
Start training.
[28096] model_loss 26.7 / model_grad_norm 56.6 / image_loss 17.3 / reward_loss 0.1 / cont_loss 0.0 / kl_free 1.0 / dyn_scale 0.5 / rep_scale 0.1 / dyn_loss 15.4 / rep_loss 15.4 / kl 15.4 / prior_abs_ent 3.9 / post_abs_ent -22.9 / prior_obs_ent 12.5 / post_obs_ent 2.5 / boundary_ratio 0.3 / kl_mask 0.0 / normed_target_mean 0.4 / normed_target_std 0.4 / normed_target_min -0.0 / normed_target_max 2.2 / EMA_005 1.1 / EMA_095 42.6 / value_mean 14.7 / value_std 11.2 / value_min 0.9 / value_max 37.0 / target_mean 16.8 / target_std 14.8 / target_min 0.8 / target_max 92.7 / imag_reward_mean 0.4 / imag_reward_std 1.4 / imag_reward_min -0.0 / imag_reward_max 17.5 / imag_action_mean 6.8 / imag_action_std 3.6 / imag_action_min 0.0 / imag_action_max 17.0 / actor_entropy 0.3 / actor_loss 0.4 / actor_grad_norm 0.4 / value_loss 2.8 / value_grad_norm 1.4 / update_count 4624.0 / fps 12.7
add_video needs package moviepy
add_video needs package moviepy
[28720] 
Start evaluation.
[28720] eval_return 1162.0 / eval_length 1332.4 / eval_episodes 5.0
add_video needs package moviepy
Start training.
[28720] model_loss 26.1 / model_grad_norm 54.6 / image_loss 16.9 / reward_loss 0.1 / cont_loss 0.0 / kl_free 1.0 / dyn_scale 0.5 / rep_scale 0.1 / dyn_loss 15.2 / rep_loss 15.2 / kl 15.2 / prior_abs_ent 9.6 / post_abs_ent -22.5 / prior_obs_ent 12.2 / post_obs_ent 2.5 / boundary_ratio 0.3 / kl_mask 0.0 / normed_target_mean 0.4 / normed_target_std 0.4 / normed_target_min -0.0 / normed_target_max 2.1 / EMA_005 1.1 / EMA_095 45.4 / value_mean 15.3 / value_std 11.9 / value_min 0.9 / value_max 39.1 / target_mean 17.6 / target_std 15.9 / target_min 0.9 / target_max 96.1 / imag_reward_mean 0.4 / imag_reward_std 1.5 / imag_reward_min -0.0 / imag_reward_max 17.8 / imag_action_mean 7.2 / imag_action_std 3.9 / imag_action_min 0.0 / imag_action_max 17.0 / actor_entropy 0.4 / actor_loss 0.6 / actor_grad_norm 0.7 / value_loss 2.8 / value_grad_norm 1.3 / update_count 4780.0 / fps 12.7
add_video needs package moviepy
add_video needs package moviepy
[29344] 
Start evaluation.
[29344] eval_return 1056.0 / eval_length 1395.8 / eval_episodes 5.0
add_video needs package moviepy
Start training.
[29344] model_loss 25.4 / model_grad_norm 47.5 / image_loss 16.3 / reward_loss 0.1 / cont_loss 0.0 / kl_free 1.0 / dyn_scale 0.5 / rep_scale 0.1 / dyn_loss 14.8 / rep_loss 14.8 / kl 14.8 / prior_abs_ent 15.8 / post_abs_ent -22.6 / prior_obs_ent 11.9 / post_obs_ent 2.4 / boundary_ratio 0.3 / kl_mask 0.0 / normed_target_mean 0.4 / normed_target_std 0.4 / normed_target_min -0.0 / normed_target_max 2.1 / EMA_005 1.1 / EMA_095 49.4 / value_mean 15.7 / value_std 12.7 / value_min 0.9 / value_max 42.3 / target_mean 18.3 / target_std 17.3 / target_min 0.9 / target_max 104.0 / imag_reward_mean 0.5 / imag_reward_std 1.6 / imag_reward_min -0.0 / imag_reward_max 18.0 / imag_action_mean 7.2 / imag_action_std 3.9 / imag_action_min 0.0 / imag_action_max 17.0 / actor_entropy 0.4 / actor_loss 0.6 / actor_grad_norm 0.7 / value_loss 2.9 / value_grad_norm 1.2 / update_count 4936.0 / fps 12.5
add_video needs package moviepy
add_video needs package moviepy
[29968] 
Start evaluation.
[29968] eval_return 604.0 / eval_length 1457.6 / eval_episodes 5.0
add_video needs package moviepy
Start training.
[29968] model_loss 25.5 / model_grad_norm 75.7 / image_loss 16.2 / reward_loss 0.1 / cont_loss 0.0 / kl_free 1.0 / dyn_scale 0.5 / rep_scale 0.1 / dyn_loss 15.2 / rep_loss 15.2 / kl 15.2 / prior_abs_ent 18.4 / post_abs_ent -22.1 / prior_obs_ent 11.9 / post_obs_ent 2.6 / boundary_ratio 0.3 / kl_mask 0.0 / normed_target_mean 0.3 / normed_target_std 0.4 / normed_target_min -0.0 / normed_target_max 2.1 / EMA_005 1.1 / EMA_095 52.5 / value_mean 16.3 / value_std 13.4 / value_min 0.9 / value_max 45.5 / target_mean 19.0 / target_std 18.3 / target_min 0.9 / target_max 111.5 / imag_reward_mean 0.5 / imag_reward_std 1.7 / imag_reward_min -0.0 / imag_reward_max 18.6 / imag_action_mean 7.1 / imag_action_std 3.8 / imag_action_min 0.0 / imag_action_max 17.0 / actor_entropy 0.4 / actor_loss 0.6 / actor_grad_norm 0.8 / value_loss 2.9 / value_grad_norm 1.2 / update_count 5092.0 / fps 12.4
add_video needs package moviepy
add_video needs package moviepy
[30592] 
Start evaluation.
[30592] eval_return 16.0 / eval_length 1352.4 / eval_episodes 5.0
add_video needs package moviepy
Start training.
[30592] model_loss 26.0 / model_grad_norm 68.6 / image_loss 16.4 / reward_loss 0.1 / cont_loss 0.0 / kl_free 1.0 / dyn_scale 0.5 / rep_scale 0.1 / dyn_loss 15.7 / rep_loss 15.7 / kl 15.7 / prior_abs_ent 18.6 / post_abs_ent -22.6 / prior_obs_ent 14.2 / post_obs_ent 4.3 / boundary_ratio 0.3 / kl_mask 0.0 / normed_target_mean 0.4 / normed_target_std 0.4 / normed_target_min -0.0 / normed_target_max 2.1 / EMA_005 1.2 / EMA_095 58.3 / value_mean 17.7 / value_std 14.7 / value_min 0.9 / value_max 50.6 / target_mean 21.5 / target_std 21.0 / target_min 0.9 / target_max 122.6 / imag_reward_mean 0.7 / imag_reward_std 2.0 / imag_reward_min -0.0 / imag_reward_max 18.8 / imag_action_mean 8.9 / imag_action_std 4.5 / imag_action_min 0.0 / imag_action_max 17.0 / actor_entropy 0.4 / actor_loss 1.1 / actor_grad_norm 1.2 / value_loss 3.2 / value_grad_norm 1.3 / update_count 5248.0 / fps 12.7
add_video needs package moviepy
add_video needs package moviepy
[31216] 
Start evaluation.
[31216] eval_return 0.0 / eval_length 1294.6 / eval_episodes 5.0
add_video needs package moviepy
Start training.
[31216] model_loss 25.6 / model_grad_norm 46.6 / image_loss 16.5 / reward_loss 0.1 / cont_loss 0.0 / kl_free 1.0 / dyn_scale 0.5 / rep_scale 0.1 / dyn_loss 14.9 / rep_loss 14.9 / kl 14.9 / prior_abs_ent 19.9 / post_abs_ent -22.4 / prior_obs_ent 14.3 / post_obs_ent 4.5 / boundary_ratio 0.2 / kl_mask 0.1 / normed_target_mean 0.4 / normed_target_std 0.4 / normed_target_min -0.0 / normed_target_max 1.9 / EMA_005 1.4 / EMA_095 68.5 / value_mean 22.9 / value_std 17.4 / value_min 1.0 / value_max 56.0 / target_mean 27.4 / target_std 23.8 / target_min 1.0 / target_max 128.6 / imag_reward_mean 0.7 / imag_reward_std 2.0 / imag_reward_min -0.0 / imag_reward_max 18.7 / imag_action_mean 14.2 / imag_action_std 4.1 / imag_action_min 0.0 / imag_action_max 17.0 / actor_entropy 0.3 / actor_loss 0.6 / actor_grad_norm 0.4 / value_loss 3.2 / value_grad_norm 1.3 / update_count 5404.0 / fps 12.7
add_video needs package moviepy
add_video needs package moviepy
[31840] 
Start evaluation.
[31840] eval_return 0.0 / eval_length 1441.2 / eval_episodes 5.0
add_video needs package moviepy
Start training.
[31840] model_loss 25.4 / model_grad_norm 52.0 / image_loss 16.9 / reward_loss 0.1 / cont_loss 0.0 / kl_free 1.0 / dyn_scale 0.5 / rep_scale 0.1 / dyn_loss 13.8 / rep_loss 13.8 / kl 13.8 / prior_abs_ent 20.9 / post_abs_ent -23.0 / prior_obs_ent 14.7 / post_obs_ent 4.3 / boundary_ratio 0.1 / kl_mask 0.1 / normed_target_mean 0.4 / normed_target_std 0.3 / normed_target_min -0.0 / normed_target_max 1.8 / EMA_005 1.7 / EMA_095 68.0 / value_mean 22.3 / value_std 16.6 / value_min 1.1 / value_max 58.2 / target_mean 25.0 / target_std 21.5 / target_min 1.0 / target_max 124.2 / imag_reward_mean 0.6 / imag_reward_std 1.9 / imag_reward_min -0.0 / imag_reward_max 18.7 / imag_action_mean 15.3 / imag_action_std 2.7 / imag_action_min 0.0 / imag_action_max 17.0 / actor_entropy 0.2 / actor_loss 0.3 / actor_grad_norm 0.2 / value_loss 3.1 / value_grad_norm 1.4 / update_count 5560.0 / fps 12.4
add_video needs package moviepy
add_video needs package moviepy
[32172] dataset_size 8043.0 / train_return 1260.0 / train_length 1537.0 / train_episodes 6.0
[32464] 
Start evaluation.
[32464] eval_return 0.0 / eval_length 1423.4 / eval_episodes 5.0
add_video needs package moviepy
Start training.
[32464] model_loss 25.2 / model_grad_norm 47.7 / image_loss 16.5 / reward_loss 0.1 / cont_loss 0.0 / kl_free 1.0 / dyn_scale 0.5 / rep_scale 0.1 / dyn_loss 14.3 / rep_loss 14.3 / kl 14.3 / prior_abs_ent 20.4 / post_abs_ent -23.6 / prior_obs_ent 16.9 / post_obs_ent 5.5 / boundary_ratio 0.1 / kl_mask 0.1 / normed_target_mean 0.3 / normed_target_std 0.3 / normed_target_min -0.0 / normed_target_max 1.9 / EMA_005 1.7 / EMA_095 64.4 / value_mean 20.8 / value_std 15.8 / value_min 1.0 / value_max 59.6 / target_mean 22.8 / target_std 20.2 / target_min 1.0 / target_max 121.2 / imag_reward_mean 0.5 / imag_reward_std 1.7 / imag_reward_min -0.0 / imag_reward_max 18.8 / imag_action_mean 15.7 / imag_action_std 1.8 / imag_action_min 0.0 / imag_action_max 17.0 / actor_entropy 0.2 / actor_loss 0.2 / actor_grad_norm 0.1 / value_loss 3.0 / value_grad_norm 1.3 / update_count 5716.0 / fps 12.4
add_video needs package moviepy
add_video needs package moviepy
[33088] 
Start evaluation.
[33088] eval_return 0.0 / eval_length 1218.2 / eval_episodes 5.0
add_video needs package moviepy
Start training.
[33088] model_loss 25.2 / model_grad_norm 46.7 / image_loss 16.1 / reward_loss 0.1 / cont_loss 0.0 / kl_free 1.0 / dyn_scale 0.5 / rep_scale 0.1 / dyn_loss 14.8 / rep_loss 14.8 / kl 14.8 / prior_abs_ent 21.8 / post_abs_ent -23.3 / prior_obs_ent 19.0 / post_obs_ent 6.9 / boundary_ratio 0.1 / kl_mask 0.1 / normed_target_mean 0.3 / normed_target_std 0.3 / normed_target_min -0.0 / normed_target_max 2.1 / EMA_005 1.6 / EMA_095 63.3 / value_mean 19.9 / value_std 15.2 / value_min 1.1 / value_max 62.8 / target_mean 22.1 / target_std 20.4 / target_min 1.1 / target_max 133.5 / imag_reward_mean 0.5 / imag_reward_std 1.8 / imag_reward_min -0.0 / imag_reward_max 19.0 / imag_action_mean 15.7 / imag_action_std 1.7 / imag_action_min 0.0 / imag_action_max 17.0 / actor_entropy 0.2 / actor_loss 0.2 / actor_grad_norm 0.2 / value_loss 3.1 / value_grad_norm 1.4 / update_count 5872.0 / fps 13.0
add_video needs package moviepy
add_video needs package moviepy
[33712] 
Start evaluation.
[33712] eval_return 474.0 / eval_length 1325.0 / eval_episodes 5.0
add_video needs package moviepy
Start training.
[33712] model_loss 24.3 / model_grad_norm 42.6 / image_loss 15.5 / reward_loss 0.1 / cont_loss 0.0 / kl_free 1.0 / dyn_scale 0.5 / rep_scale 0.1 / dyn_loss 14.3 / rep_loss 14.3 / kl 14.3 / prior_abs_ent 23.1 / post_abs_ent -23.6 / prior_obs_ent 18.6 / post_obs_ent 6.7 / boundary_ratio 0.1 / kl_mask 0.1 / normed_target_mean 0.3 / normed_target_std 0.3 / normed_target_min -0.0 / normed_target_max 2.2 / EMA_005 1.8 / EMA_095 65.1 / value_mean 19.9 / value_std 15.8 / value_min 1.1 / value_max 66.1 / target_mean 22.6 / target_std 21.7 / target_min 1.1 / target_max 142.8 / imag_reward_mean 0.5 / imag_reward_std 1.9 / imag_reward_min 0.0 / imag_reward_max 19.2 / imag_action_mean 15.2 / imag_action_std 2.8 / imag_action_min 0.0 / imag_action_max 17.0 / actor_entropy 0.2 / actor_loss 0.5 / actor_grad_norm 0.7 / value_loss 3.0 / value_grad_norm 1.3 / update_count 6028.0 / fps 12.7
add_video needs package moviepy
add_video needs package moviepy
[34336] 
Start evaluation.
[34336] eval_return 1268.0 / eval_length 1297.0 / eval_episodes 5.0
add_video needs package moviepy
Start training.
[34336] model_loss 24.4 / model_grad_norm 49.7 / image_loss 15.4 / reward_loss 0.1 / cont_loss 0.0 / kl_free 1.0 / dyn_scale 0.5 / rep_scale 0.1 / dyn_loss 14.8 / rep_loss 14.8 / kl 14.8 / prior_abs_ent 24.5 / post_abs_ent -23.7 / prior_obs_ent 19.2 / post_obs_ent 6.8 / boundary_ratio 0.1 / kl_mask 0.0 / normed_target_mean 0.3 / normed_target_std 0.3 / normed_target_min -0.0 / normed_target_max 2.2 / EMA_005 1.8 / EMA_095 71.5 / value_mean 20.2 / value_std 16.6 / value_min 1.2 / value_max 70.9 / target_mean 23.1 / target_std 23.4 / target_min 1.2 / target_max 153.3 / imag_reward_mean 0.6 / imag_reward_std 2.0 / imag_reward_min 0.0 / imag_reward_max 19.5 / imag_action_mean 12.3 / imag_action_std 5.0 / imag_action_min 0.0 / imag_action_max 17.0 / actor_entropy 0.5 / actor_loss 1.1 / actor_grad_norm 1.5 / value_loss 3.0 / value_grad_norm 1.3 / update_count 6184.0 / fps 12.7
add_video needs package moviepy
add_video needs package moviepy
[34960] 
Start evaluation.
[34960] eval_return 1740.0 / eval_length 1430.6 / eval_episodes 5.0
add_video needs package moviepy
Start training.
[34960] model_loss 24.5 / model_grad_norm 46.2 / image_loss 15.3 / reward_loss 0.1 / cont_loss 0.0 / kl_free 1.0 / dyn_scale 0.5 / rep_scale 0.1 / dyn_loss 14.9 / rep_loss 14.9 / kl 14.9 / prior_abs_ent 25.6 / post_abs_ent -24.4 / prior_obs_ent 19.7 / post_obs_ent 6.8 / boundary_ratio 0.1 / kl_mask 0.0 / normed_target_mean 0.3 / normed_target_std 0.3 / normed_target_min -0.0 / normed_target_max 2.1 / EMA_005 2.1 / EMA_095 75.1 / value_mean 21.2 / value_std 17.5 / value_min 1.3 / value_max 74.0 / target_mean 24.5 / target_std 24.3 / target_min 1.3 / target_max 156.2 / imag_reward_mean 0.6 / imag_reward_std 2.0 / imag_reward_min 0.0 / imag_reward_max 19.4 / imag_action_mean 11.0 / imag_action_std 5.0 / imag_action_min 0.0 / imag_action_max 17.0 / actor_entropy 0.6 / actor_loss 1.4 / actor_grad_norm 1.7 / value_loss 3.0 / value_grad_norm 1.4 / update_count 6340.0 / fps 12.4
add_video needs package moviepy
add_video needs package moviepy
[35584] 
Start evaluation.
[35584] eval_return 240.0 / eval_length 1388.8 / eval_episodes 5.0
add_video needs package moviepy
Start training.
[35584] model_loss 24.3 / model_grad_norm 40.2 / image_loss 15.2 / reward_loss 0.1 / cont_loss 0.0 / kl_free 1.0 / dyn_scale 0.5 / rep_scale 0.1 / dyn_loss 15.0 / rep_loss 15.0 / kl 15.0 / prior_abs_ent 26.2 / post_abs_ent -24.9 / prior_obs_ent 20.0 / post_obs_ent 7.0 / boundary_ratio 0.0 / kl_mask 0.0 / normed_target_mean 0.3 / normed_target_std 0.4 / normed_target_min -0.0 / normed_target_max 2.1 / EMA_005 2.0 / EMA_095 79.7 / value_mean 24.0 / value_std 19.8 / value_min 1.4 / value_max 77.5 / target_mean 27.9 / target_std 27.2 / target_min 1.4 / target_max 162.0 / imag_reward_mean 0.7 / imag_reward_std 2.1 / imag_reward_min 0.0 / imag_reward_max 19.4 / imag_action_mean 10.2 / imag_action_std 4.8 / imag_action_min 0.0 / imag_action_max 17.0 / actor_entropy 0.6 / actor_loss 2.2 / actor_grad_norm 2.2 / value_loss 3.1 / value_grad_norm 1.3 / update_count 6496.0 / fps 12.3
add_video needs package moviepy
add_video needs package moviepy
[36208] 
Start evaluation.
[36208] eval_return 702.0 / eval_length 1342.2 / eval_episodes 5.0
add_video needs package moviepy
Start training.
[36208] model_loss 24.4 / model_grad_norm 41.7 / image_loss 15.2 / reward_loss 0.1 / cont_loss 0.0 / kl_free 1.0 / dyn_scale 0.5 / rep_scale 0.1 / dyn_loss 15.2 / rep_loss 15.2 / kl 15.2 / prior_abs_ent 26.9 / post_abs_ent -25.1 / prior_obs_ent 20.4 / post_obs_ent 7.1 / boundary_ratio 0.0 / kl_mask 0.0 / normed_target_mean 0.3 / normed_target_std 0.3 / normed_target_min -0.0 / normed_target_max 1.9 / EMA_005 2.3 / EMA_095 85.2 / value_mean 25.7 / value_std 21.2 / value_min 1.3 / value_max 79.9 / target_mean 29.3 / target_std 28.3 / target_min 1.4 / target_max 161.7 / imag_reward_mean 0.7 / imag_reward_std 2.1 / imag_reward_min 0.0 / imag_reward_max 19.3 / imag_action_mean 8.4 / imag_action_std 3.8 / imag_action_min 0.0 / imag_action_max 17.0 / actor_entropy 0.5 / actor_loss 1.3 / actor_grad_norm 1.6 / value_loss 3.1 / value_grad_norm 1.3 / update_count 6652.0 / fps 12.7
add_video needs package moviepy
add_video needs package moviepy
[36832] 
Start evaluation.
[36832] eval_return 1406.0 / eval_length 1255.8 / eval_episodes 5.0
add_video needs package moviepy
Start training.
[36832] model_loss 25.7 / model_grad_norm 103.5 / image_loss 16.0 / reward_loss 0.1 / cont_loss 0.0 / kl_free 1.0 / dyn_scale 0.5 / rep_scale 0.1 / dyn_loss 16.0 / rep_loss 16.0 / kl 16.0 / prior_abs_ent 27.4 / post_abs_ent -24.6 / prior_obs_ent 22.5 / post_obs_ent 8.6 / boundary_ratio 0.0 / kl_mask 0.0 / normed_target_mean 0.3 / normed_target_std 0.3 / normed_target_min -0.0 / normed_target_max 1.9 / EMA_005 2.5 / EMA_095 88.6 / value_mean 25.9 / value_std 21.3 / value_min 1.4 / value_max 84.5 / target_mean 29.4 / target_std 28.9 / target_min 1.4 / target_max 169.9 / imag_reward_mean 0.7 / imag_reward_std 2.2 / imag_reward_min 0.0 / imag_reward_max 19.9 / imag_action_mean 8.8 / imag_action_std 4.3 / imag_action_min 0.0 / imag_action_max 17.0 / actor_entropy 0.6 / actor_loss 1.8 / actor_grad_norm 2.1 / value_loss 3.2 / value_grad_norm 1.4 / update_count 6808.0 / fps 12.8
add_video needs package moviepy
add_video needs package moviepy
[37456] 
Start evaluation.
[37456] eval_return 2088.0 / eval_length 1703.2 / eval_episodes 5.0
add_video needs package moviepy
Start training.
[37456] model_loss 24.2 / model_grad_norm 38.1 / image_loss 15.1 / reward_loss 0.1 / cont_loss 0.0 / kl_free 1.0 / dyn_scale 0.5 / rep_scale 0.1 / dyn_loss 15.0 / rep_loss 15.0 / kl 15.0 / prior_abs_ent 27.4 / post_abs_ent -25.5 / prior_obs_ent 20.6 / post_obs_ent 7.3 / boundary_ratio 0.0 / kl_mask 0.0 / normed_target_mean 0.3 / normed_target_std 0.3 / normed_target_min -0.0 / normed_target_max 1.9 / EMA_005 2.8 / EMA_095 92.6 / value_mean 26.5 / value_std 21.8 / value_min 1.7 / value_max 88.5 / target_mean 29.9 / target_std 29.4 / target_min 1.8 / target_max 177.0 / imag_reward_mean 0.7 / imag_reward_std 2.2 / imag_reward_min 0.0 / imag_reward_max 19.6 / imag_action_mean 9.4 / imag_action_std 4.3 / imag_action_min 0.0 / imag_action_max 17.0 / actor_entropy 0.7 / actor_loss 1.6 / actor_grad_norm 2.2 / value_loss 3.2 / value_grad_norm 1.3 / update_count 6964.0 / fps 11.8
add_video needs package moviepy
add_video needs package moviepy
[38016] dataset_size 9504.0 / train_return 1530.0 / train_length 1461.0 / train_episodes 7.0
[38080] 
Start evaluation.
[38080] eval_return 1054.0 / eval_length 1277.2 / eval_episodes 5.0
add_video needs package moviepy
Start training.
[38080] model_loss 23.9 / model_grad_norm 34.5 / image_loss 14.7 / reward_loss 0.1 / cont_loss 0.0 / kl_free 1.0 / dyn_scale 0.5 / rep_scale 0.1 / dyn_loss 15.1 / rep_loss 15.1 / kl 15.1 / prior_abs_ent 27.3 / post_abs_ent -25.4 / prior_obs_ent 20.2 / post_obs_ent 6.8 / boundary_ratio 0.0 / kl_mask 0.0 / normed_target_mean 0.3 / normed_target_std 0.4 / normed_target_min -0.0 / normed_target_max 1.9 / EMA_005 3.2 / EMA_095 100.3 / value_mean 29.0 / value_std 25.2 / value_min 1.8 / value_max 95.0 / target_mean 33.2 / target_std 34.1 / target_min 1.8 / target_max 188.0 / imag_reward_mean 0.8 / imag_reward_std 2.4 / imag_reward_min 0.0 / imag_reward_max 20.0 / imag_action_mean 8.8 / imag_action_std 4.2 / imag_action_min 0.0 / imag_action_max 17.0 / actor_entropy 0.6 / actor_loss 1.8 / actor_grad_norm 2.3 / value_loss 3.2 / value_grad_norm 1.3 / update_count 7120.0 / fps 12.7
add_video needs package moviepy
add_video needs package moviepy
[38704] 
Start evaluation.
[38704] eval_return 1548.0 / eval_length 1253.4 / eval_episodes 5.0
add_video needs package moviepy
Start training.
[38704] model_loss 24.5 / model_grad_norm 63.7 / image_loss 15.1 / reward_loss 0.1 / cont_loss 0.0 / kl_free 1.0 / dyn_scale 0.5 / rep_scale 0.1 / dyn_loss 15.5 / rep_loss 15.5 / kl 15.5 / prior_abs_ent 28.0 / post_abs_ent -25.6 / prior_obs_ent 21.0 / post_obs_ent 7.4 / boundary_ratio 0.0 / kl_mask 0.0 / normed_target_mean 0.3 / normed_target_std 0.3 / normed_target_min -0.0 / normed_target_max 1.9 / EMA_005 3.5 / EMA_095 107.8 / value_mean 31.8 / value_std 27.6 / value_min 2.0 / value_max 101.3 / target_mean 36.7 / target_std 36.5 / target_min 1.9 / target_max 197.0 / imag_reward_mean 0.8 / imag_reward_std 2.4 / imag_reward_min 0.0 / imag_reward_max 20.7 / imag_action_mean 8.9 / imag_action_std 4.2 / imag_action_min 0.0 / imag_action_max 17.0 / actor_entropy 0.6 / actor_loss 2.6 / actor_grad_norm 2.7 / value_loss 3.2 / value_grad_norm 1.3 / update_count 7276.0 / fps 12.9
add_video needs package moviepy
add_video needs package moviepy
[39328] 
Start evaluation.
[39328] eval_return 20.0 / eval_length 1360.4 / eval_episodes 5.0
add_video needs package moviepy
Start training.
[39328] model_loss 24.0 / model_grad_norm 46.4 / image_loss 14.7 / reward_loss 0.1 / cont_loss 0.0 / kl_free 1.0 / dyn_scale 0.5 / rep_scale 0.1 / dyn_loss 15.3 / rep_loss 15.3 / kl 15.3 / prior_abs_ent 28.3 / post_abs_ent -25.7 / prior_obs_ent 20.9 / post_obs_ent 7.2 / boundary_ratio 0.0 / kl_mask 0.0 / normed_target_mean 0.3 / normed_target_std 0.4 / normed_target_min -0.0 / normed_target_max 1.8 / EMA_005 4.1 / EMA_095 117.0 / value_mean 34.7 / value_std 30.3 / value_min 2.3 / value_max 108.2 / target_mean 40.3 / target_std 39.8 / target_min 2.2 / target_max 203.6 / imag_reward_mean 0.9 / imag_reward_std 2.6 / imag_reward_min 0.0 / imag_reward_max 20.4 / imag_action_mean 9.8 / imag_action_std 3.5 / imag_action_min 0.0 / imag_action_max 17.0 / actor_entropy 0.5 / actor_loss 1.8 / actor_grad_norm 2.0 / value_loss 3.2 / value_grad_norm 1.3 / update_count 7432.0 / fps 12.6
add_video needs package moviepy
add_video needs package moviepy
[39952] 
Start evaluation.
[39952] eval_return 20.0 / eval_length 1444.2 / eval_episodes 5.0
add_video needs package moviepy
Start training.
[39952] model_loss 23.4 / model_grad_norm 35.7 / image_loss 14.4 / reward_loss 0.1 / cont_loss 0.0 / kl_free 1.0 / dyn_scale 0.5 / rep_scale 0.1 / dyn_loss 14.9 / rep_loss 14.9 / kl 14.9 / prior_abs_ent 27.4 / post_abs_ent -26.3 / prior_obs_ent 19.8 / post_obs_ent 6.5 / boundary_ratio 0.0 / kl_mask 0.0 / normed_target_mean 0.3 / normed_target_std 0.3 / normed_target_min -0.0 / normed_target_max 1.7 / EMA_005 4.7 / EMA_095 123.8 / value_mean 38.3 / value_std 32.2 / value_min 2.5 / value_max 114.5 / target_mean 43.4 / target_std 41.2 / target_min 2.4 / target_max 206.7 / imag_reward_mean 0.9 / imag_reward_std 2.6 / imag_reward_min 0.0 / imag_reward_max 21.6 / imag_action_mean 10.0 / imag_action_std 2.9 / imag_action_min 0.0 / imag_action_max 17.0 / actor_entropy 0.4 / actor_loss 0.9 / actor_grad_norm 1.3 / value_loss 3.1 / value_grad_norm 1.4 / update_count 7588.0 / fps 12.3
add_video needs package moviepy
add_video needs package moviepy
[40576] 
Start evaluation.
[40576] eval_return 260.0 / eval_length 1473.0 / eval_episodes 5.0
add_video needs package moviepy
Start training.
[40576] model_loss 23.2 / model_grad_norm 33.6 / image_loss 14.3 / reward_loss 0.1 / cont_loss 0.0 / kl_free 1.0 / dyn_scale 0.5 / rep_scale 0.1 / dyn_loss 14.7 / rep_loss 14.7 / kl 14.7 / prior_abs_ent 27.8 / post_abs_ent -26.3 / prior_obs_ent 19.3 / post_obs_ent 6.2 / boundary_ratio 0.0 / kl_mask 0.0 / normed_target_mean 0.3 / normed_target_std 0.3 / normed_target_min -0.0 / normed_target_max 1.7 / EMA_005 5.2 / EMA_095 127.3 / value_mean 37.1 / value_std 32.0 / value_min 3.0 / value_max 119.9 / target_mean 41.1 / target_std 40.2 / target_min 3.0 / target_max 213.8 / imag_reward_mean 0.8 / imag_reward_std 2.5 / imag_reward_min 0.0 / imag_reward_max 20.0 / imag_action_mean 10.1 / imag_action_std 2.6 / imag_action_min 0.0 / imag_action_max 17.0 / actor_entropy 0.4 / actor_loss 0.7 / actor_grad_norm 1.2 / value_loss 3.1 / value_grad_norm 1.3 / update_count 7744.0 / fps 12.3
add_video needs package moviepy
add_video needs package moviepy
[41200] 
Start evaluation.
[41200] eval_return 732.0 / eval_length 1421.0 / eval_episodes 5.0
add_video needs package moviepy
Start training.
[41200] model_loss 22.8 / model_grad_norm 34.2 / image_loss 14.1 / reward_loss 0.1 / cont_loss 0.0 / kl_free 1.0 / dyn_scale 0.5 / rep_scale 0.1 / dyn_loss 14.4 / rep_loss 14.4 / kl 14.4 / prior_abs_ent 28.0 / post_abs_ent -26.3 / prior_obs_ent 18.8 / post_obs_ent 6.0 / boundary_ratio 0.0 / kl_mask 0.0 / normed_target_mean 0.3 / normed_target_std 0.3 / normed_target_min -0.0 / normed_target_max 1.8 / EMA_005 6.0 / EMA_095 128.7 / value_mean 38.0 / value_std 32.9 / value_min 3.5 / value_max 124.5 / target_mean 42.2 / target_std 41.9 / target_min 3.2 / target_max 222.3 / imag_reward_mean 0.8 / imag_reward_std 2.6 / imag_reward_min 0.0 / imag_reward_max 21.2 / imag_action_mean 9.9 / imag_action_std 2.6 / imag_action_min 0.0 / imag_action_max 17.0 / actor_entropy 0.4 / actor_loss 1.0 / actor_grad_norm 1.7 / value_loss 3.1 / value_grad_norm 1.2 / update_count 7900.0 / fps 12.4
add_video needs package moviepy
add_video needs package moviepy
[41824] 
Start evaluation.
[41824] eval_return 1568.0 / eval_length 1370.6 / eval_episodes 5.0
add_video needs package moviepy
Start training.
[41824] model_loss 22.7 / model_grad_norm 33.0 / image_loss 13.9 / reward_loss 0.1 / cont_loss 0.0 / kl_free 1.0 / dyn_scale 0.5 / rep_scale 0.1 / dyn_loss 14.5 / rep_loss 14.5 / kl 14.5 / prior_abs_ent 28.1 / post_abs_ent -26.4 / prior_obs_ent 18.2 / post_obs_ent 5.3 / boundary_ratio 0.0 / kl_mask 0.0 / normed_target_mean 0.3 / normed_target_std 0.3 / normed_target_min -0.0 / normed_target_max 1.8 / EMA_005 6.1 / EMA_095 135.4 / value_mean 38.5 / value_std 35.1 / value_min 3.4 / value_max 131.2 / target_mean 43.3 / target_std 45.1 / target_min 3.4 / target_max 238.8 / imag_reward_mean 0.9 / imag_reward_std 2.7 / imag_reward_min 0.0 / imag_reward_max 26.6 / imag_action_mean 9.8 / imag_action_std 3.0 / imag_action_min 0.0 / imag_action_max 17.0 / actor_entropy 0.5 / actor_loss 1.6 / actor_grad_norm 2.4 / value_loss 3.1 / value_grad_norm 1.2 / update_count 8056.0 / fps 12.6
add_video needs package moviepy
add_video needs package moviepy
[42448] 
Start evaluation.
[42448] eval_return 1450.0 / eval_length 1578.6 / eval_episodes 5.0
add_video needs package moviepy
Start training.
[42448] model_loss 22.6 / model_grad_norm 35.3 / image_loss 13.8 / reward_loss 0.1 / cont_loss 0.0 / kl_free 1.0 / dyn_scale 0.5 / rep_scale 0.1 / dyn_loss 14.6 / rep_loss 14.6 / kl 14.6 / prior_abs_ent 27.9 / post_abs_ent -26.3 / prior_obs_ent 18.3 / post_obs_ent 5.3 / boundary_ratio 0.0 / kl_mask 0.0 / normed_target_mean 0.3 / normed_target_std 0.3 / normed_target_min -0.0 / normed_target_max 1.8 / EMA_005 6.4 / EMA_095 143.1 / value_mean 39.8 / value_std 37.2 / value_min 3.4 / value_max 138.2 / target_mean 44.1 / target_std 46.9 / target_min 3.3 / target_max 247.9 / imag_reward_mean 0.8 / imag_reward_std 2.7 / imag_reward_min 0.0 / imag_reward_max 27.7 / imag_action_mean 9.6 / imag_action_std 3.6 / imag_action_min 0.0 / imag_action_max 17.0 / actor_entropy 0.5 / actor_loss 1.9 / actor_grad_norm 2.9 / value_loss 3.0 / value_grad_norm 1.2 / update_count 8212.0 / fps 12.0
add_video needs package moviepy
add_video needs package moviepy
[43072] 
Start evaluation.
[43072] eval_return 2308.0 / eval_length 1598.0 / eval_episodes 5.0
add_video needs package moviepy
Start training.
[43072] model_loss 22.8 / model_grad_norm 39.2 / image_loss 13.9 / reward_loss 0.1 / cont_loss 0.0 / kl_free 1.0 / dyn_scale 0.5 / rep_scale 0.1 / dyn_loss 14.7 / rep_loss 14.7 / kl 14.7 / prior_abs_ent 28.1 / post_abs_ent -26.5 / prior_obs_ent 18.2 / post_obs_ent 5.2 / boundary_ratio 0.0 / kl_mask 0.0 / normed_target_mean 0.3 / normed_target_std 0.4 / normed_target_min -0.0 / normed_target_max 1.9 / EMA_005 6.6 / EMA_095 147.1 / value_mean 42.3 / value_std 39.5 / value_min 3.7 / value_max 142.3 / target_mean 47.3 / target_std 49.2 / target_min 3.3 / target_max 266.6 / imag_reward_mean 0.8 / imag_reward_std 2.7 / imag_reward_min 0.0 / imag_reward_max 24.9 / imag_action_mean 9.9 / imag_action_std 4.0 / imag_action_min 0.0 / imag_action_max 17.0 / actor_entropy 0.5 / actor_loss 2.3 / actor_grad_norm 3.2 / value_loss 3.0 / value_grad_norm 1.2 / update_count 8368.0 / fps 11.8
add_video needs package moviepy
add_video needs package moviepy
[43696] 
Start evaluation.
[43696] eval_return 644.0 / eval_length 1431.6 / eval_episodes 5.0
add_video needs package moviepy
Start training.
[43696] model_loss 22.7 / model_grad_norm 36.3 / image_loss 13.9 / reward_loss 0.1 / cont_loss 0.0 / kl_free 1.0 / dyn_scale 0.5 / rep_scale 0.1 / dyn_loss 14.5 / rep_loss 14.5 / kl 14.5 / prior_abs_ent 27.9 / post_abs_ent -26.5 / prior_obs_ent 18.9 / post_obs_ent 6.1 / boundary_ratio 0.0 / kl_mask 0.0 / normed_target_mean 0.3 / normed_target_std 0.4 / normed_target_min -0.0 / normed_target_max 1.8 / EMA_005 6.8 / EMA_095 152.2 / value_mean 49.1 / value_std 42.3 / value_min 3.9 / value_max 146.8 / target_mean 55.1 / target_std 51.9 / target_min 3.4 / target_max 264.8 / imag_reward_mean 0.9 / imag_reward_std 2.7 / imag_reward_min 0.0 / imag_reward_max 28.2 / imag_action_mean 7.6 / imag_action_std 4.4 / imag_action_min 0.0 / imag_action_max 17.0 / actor_entropy 0.5 / actor_loss 3.0 / actor_grad_norm 3.4 / value_loss 3.0 / value_grad_norm 1.3 / update_count 8524.0 / fps 12.4
add_video needs package moviepy
add_video needs package moviepy
[43816] dataset_size 10954.0 / train_return 550.0 / train_length 1450.0 / train_episodes 8.0
[44320] 
Start evaluation.
[44320] eval_return 228.0 / eval_length 1490.0 / eval_episodes 5.0
add_video needs package moviepy
Start training.
[44320] model_loss 22.5 / model_grad_norm 36.4 / image_loss 13.7 / reward_loss 0.1 / cont_loss 0.0 / kl_free 1.0 / dyn_scale 0.5 / rep_scale 0.1 / dyn_loss 14.6 / rep_loss 14.6 / kl 14.6 / prior_abs_ent 28.2 / post_abs_ent -26.5 / prior_obs_ent 19.1 / post_obs_ent 6.2 / boundary_ratio 0.0 / kl_mask 0.0 / normed_target_mean 0.3 / normed_target_std 0.4 / normed_target_min -0.0 / normed_target_max 1.7 / EMA_005 7.3 / EMA_095 160.2 / value_mean 52.7 / value_std 44.6 / value_min 3.5 / value_max 155.4 / target_mean 58.9 / target_std 53.8 / target_min 3.4 / target_max 263.9 / imag_reward_mean 0.9 / imag_reward_std 2.7 / imag_reward_min 0.0 / imag_reward_max 21.9 / imag_action_mean 3.4 / imag_action_std 3.0 / imag_action_min 0.0 / imag_action_max 17.0 / actor_entropy 0.4 / actor_loss 1.3 / actor_grad_norm 1.9 / value_loss 3.0 / value_grad_norm 1.4 / update_count 8680.0 / fps 12.1
add_video needs package moviepy
add_video needs package moviepy
[44944] 
Start evaluation.
[44944] eval_return 358.0 / eval_length 1435.4 / eval_episodes 5.0
add_video needs package moviepy
Start training.
[44944] model_loss 22.3 / model_grad_norm 36.3 / image_loss 13.6 / reward_loss 0.1 / cont_loss 0.0 / kl_free 1.0 / dyn_scale 0.5 / rep_scale 0.1 / dyn_loss 14.4 / rep_loss 14.4 / kl 14.4 / prior_abs_ent 28.2 / post_abs_ent -26.6 / prior_obs_ent 18.9 / post_obs_ent 6.2 / boundary_ratio 0.0 / kl_mask 0.0 / normed_target_mean 0.3 / normed_target_std 0.3 / normed_target_min -0.0 / normed_target_max 1.7 / EMA_005 7.8 / EMA_095 161.0 / value_mean 54.7 / value_std 44.3 / value_min 3.7 / value_max 160.2 / target_mean 59.6 / target_std 52.5 / target_min 3.6 / target_max 270.5 / imag_reward_mean 0.8 / imag_reward_std 2.6 / imag_reward_min 0.0 / imag_reward_max 30.5 / imag_action_mean 3.1 / imag_action_std 2.7 / imag_action_min 0.0 / imag_action_max 17.0 / actor_entropy 0.3 / actor_loss 1.0 / actor_grad_norm 1.5 / value_loss 3.0 / value_grad_norm 1.3 / update_count 8836.0 / fps 12.4
add_video needs package moviepy
add_video needs package moviepy
[45568] 
Start evaluation.
[45568] eval_return 582.0 / eval_length 1453.2 / eval_episodes 5.0
add_video needs package moviepy
Start training.
[45568] model_loss 22.2 / model_grad_norm 35.0 / image_loss 13.4 / reward_loss 0.1 / cont_loss 0.0 / kl_free 1.0 / dyn_scale 0.5 / rep_scale 0.1 / dyn_loss 14.5 / rep_loss 14.5 / kl 14.5 / prior_abs_ent 28.3 / post_abs_ent -26.6 / prior_obs_ent 18.8 / post_obs_ent 6.0 / boundary_ratio 0.0 / kl_mask 0.0 / normed_target_mean 0.3 / normed_target_std 0.3 / normed_target_min -0.0 / normed_target_max 1.7 / EMA_005 7.9 / EMA_095 163.2 / value_mean 56.5 / value_std 45.6 / value_min 4.0 / value_max 166.1 / target_mean 60.6 / target_std 53.7 / target_min 3.4 / target_max 274.7 / imag_reward_mean 0.8 / imag_reward_std 2.6 / imag_reward_min 0.0 / imag_reward_max 25.2 / imag_action_mean 3.3 / imag_action_std 3.2 / imag_action_min 0.0 / imag_action_max 17.0 / actor_entropy 0.3 / actor_loss 0.9 / actor_grad_norm 1.8 / value_loss 3.0 / value_grad_norm 1.3 / update_count 8992.0 / fps 12.3
add_video needs package moviepy
add_video needs package moviepy
[46192] 
Start evaluation.
[46192] eval_return 618.0 / eval_length 1316.0 / eval_episodes 5.0
add_video needs package moviepy
Start training.
[46192] model_loss 23.9 / model_grad_norm 62.1 / image_loss 14.4 / reward_loss 0.1 / cont_loss 0.0 / kl_free 1.0 / dyn_scale 0.5 / rep_scale 0.1 / dyn_loss 15.7 / rep_loss 15.7 / kl 15.7 / prior_abs_ent 26.8 / post_abs_ent -27.3 / prior_obs_ent 21.5 / post_obs_ent 7.5 / boundary_ratio 0.0 / kl_mask 0.0 / normed_target_mean 0.3 / normed_target_std 0.3 / normed_target_min -0.0 / normed_target_max 1.7 / EMA_005 8.6 / EMA_095 164.6 / value_mean 55.6 / value_std 43.6 / value_min 4.1 / value_max 166.7 / target_mean 59.0 / target_std 50.8 / target_min 3.5 / target_max 266.9 / imag_reward_mean 0.8 / imag_reward_std 2.5 / imag_reward_min 0.0 / imag_reward_max 25.3 / imag_action_mean 3.9 / imag_action_std 3.9 / imag_action_min 0.0 / imag_action_max 17.0 / actor_entropy 0.3 / actor_loss 1.0 / actor_grad_norm 2.4 / value_loss 3.1 / value_grad_norm 1.5 / update_count 9148.0 / fps 12.6
add_video needs package moviepy
add_video needs package moviepy
[46816] 
Start evaluation.
[46816] eval_return 1466.0 / eval_length 1397.4 / eval_episodes 5.0
add_video needs package moviepy
Start training.
[46816] model_loss 22.3 / model_grad_norm 36.7 / image_loss 13.5 / reward_loss 0.1 / cont_loss 0.0 / kl_free 1.0 / dyn_scale 0.5 / rep_scale 0.1 / dyn_loss 14.4 / rep_loss 14.4 / kl 14.4 / prior_abs_ent 27.1 / post_abs_ent -27.1 / prior_obs_ent 19.0 / post_obs_ent 6.2 / boundary_ratio 0.0 / kl_mask 0.0 / normed_target_mean 0.3 / normed_target_std 0.3 / normed_target_min -0.0 / normed_target_max 1.8 / EMA_005 8.9 / EMA_095 157.6 / value_mean 51.8 / value_std 41.3 / value_min 4.6 / value_max 167.4 / target_mean 54.9 / target_std 48.5 / target_min 3.6 / target_max 269.7 / imag_reward_mean 0.7 / imag_reward_std 2.5 / imag_reward_min 0.0 / imag_reward_max 36.0 / imag_action_mean 6.1 / imag_action_std 5.0 / imag_action_min 0.0 / imag_action_max 17.0 / actor_entropy 0.4 / actor_loss 1.2 / actor_grad_norm 2.8 / value_loss 3.0 / value_grad_norm 1.4 / update_count 9304.0 / fps 12.3
add_video needs package moviepy
add_video needs package moviepy
[47440] 
Start evaluation.
[47440] eval_return 1528.0 / eval_length 1200.6 / eval_episodes 5.0
add_video needs package moviepy
Start training.
[47440] model_loss 22.2 / model_grad_norm 33.5 / image_loss 13.4 / reward_loss 0.1 / cont_loss 0.0 / kl_free 1.0 / dyn_scale 0.5 / rep_scale 0.1 / dyn_loss 14.5 / rep_loss 14.5 / kl 14.5 / prior_abs_ent 27.5 / post_abs_ent -27.0 / prior_obs_ent 19.2 / post_obs_ent 6.3 / boundary_ratio 0.0 / kl_mask 0.0 / normed_target_mean 0.3 / normed_target_std 0.3 / normed_target_min -0.0 / normed_target_max 1.8 / EMA_005 9.0 / EMA_095 157.8 / value_mean 54.6 / value_std 43.2 / value_min 4.8 / value_max 169.4 / target_mean 58.3 / target_std 50.7 / target_min 4.0 / target_max 275.4 / imag_reward_mean 0.7 / imag_reward_std 2.6 / imag_reward_min 0.0 / imag_reward_max 40.2 / imag_action_mean 8.0 / imag_action_std 5.0 / imag_action_min 0.0 / imag_action_max 17.0 / actor_entropy 0.5 / actor_loss 1.7 / actor_grad_norm 3.1 / value_loss 3.0 / value_grad_norm 1.4 / update_count 9460.0 / fps 12.9
add_video needs package moviepy
add_video needs package moviepy
[48064] 
Start evaluation.
[48064] eval_return 2168.0 / eval_length 1448.0 / eval_episodes 5.0
add_video needs package moviepy
Start training.
[48064] model_loss 21.9 / model_grad_norm 33.3 / image_loss 13.3 / reward_loss 0.1 / cont_loss 0.0 / kl_free 1.0 / dyn_scale 0.5 / rep_scale 0.1 / dyn_loss 14.2 / rep_loss 14.2 / kl 14.2 / prior_abs_ent 27.7 / post_abs_ent -26.9 / prior_obs_ent 18.9 / post_obs_ent 6.4 / boundary_ratio 0.0 / kl_mask 0.0 / normed_target_mean 0.3 / normed_target_std 0.3 / normed_target_min -0.0 / normed_target_max 1.8 / EMA_005 8.7 / EMA_095 159.0 / value_mean 53.3 / value_std 42.9 / value_min 4.6 / value_max 172.0 / target_mean 56.9 / target_std 50.6 / target_min 4.2 / target_max 285.1 / imag_reward_mean 0.7 / imag_reward_std 2.7 / imag_reward_min 0.0 / imag_reward_max 35.7 / imag_action_mean 8.9 / imag_action_std 4.9 / imag_action_min 0.0 / imag_action_max 17.0 / actor_entropy 0.5 / actor_loss 1.3 / actor_grad_norm 2.7 / value_loss 2.9 / value_grad_norm 1.3 / update_count 9616.0 / fps 12.2
add_video needs package moviepy
add_video needs package moviepy
[48688] 
Start evaluation.
[48688] eval_return 1754.0 / eval_length 1442.8 / eval_episodes 5.0
add_video needs package moviepy
Start training.
[48688] model_loss 21.8 / model_grad_norm 32.6 / image_loss 13.2 / reward_loss 0.1 / cont_loss 0.0 / kl_free 1.0 / dyn_scale 0.5 / rep_scale 0.1 / dyn_loss 14.3 / rep_loss 14.3 / kl 14.3 / prior_abs_ent 28.2 / post_abs_ent -26.9 / prior_obs_ent 18.6 / post_obs_ent 5.9 / boundary_ratio 0.0 / kl_mask 0.0 / normed_target_mean 0.3 / normed_target_std 0.3 / normed_target_min -0.0 / normed_target_max 1.8 / EMA_005 8.6 / EMA_095 157.0 / value_mean 53.6 / value_std 41.8 / value_min 4.5 / value_max 172.4 / target_mean 56.9 / target_std 48.9 / target_min 3.8 / target_max 280.3 / imag_reward_mean 0.7 / imag_reward_std 2.6 / imag_reward_min 0.0 / imag_reward_max 40.5 / imag_action_mean 8.7 / imag_action_std 4.7 / imag_action_min 0.0 / imag_action_max 17.0 / actor_entropy 0.4 / actor_loss 1.0 / actor_grad_norm 2.6 / value_loss 2.9 / value_grad_norm 1.3 / update_count 9772.0 / fps 12.4
add_video needs package moviepy
add_video needs package moviepy
[49312] 
Start evaluation.
[49312] eval_return 1830.0 / eval_length 1429.4 / eval_episodes 5.0
add_video needs package moviepy
Start training.
[49312] model_loss 22.0 / model_grad_norm 33.1 / image_loss 13.2 / reward_loss 0.1 / cont_loss 0.0 / kl_free 1.0 / dyn_scale 0.5 / rep_scale 0.1 / dyn_loss 14.4 / rep_loss 14.4 / kl 14.4 / prior_abs_ent 28.1 / post_abs_ent -27.0 / prior_obs_ent 18.2 / post_obs_ent 5.5 / boundary_ratio 0.0 / kl_mask 0.0 / normed_target_mean 0.3 / normed_target_std 0.3 / normed_target_min -0.0 / normed_target_max 1.8 / EMA_005 8.8 / EMA_095 158.0 / value_mean 54.8 / value_std 42.3 / value_min 4.8 / value_max 173.2 / target_mean 58.3 / target_std 49.4 / target_min 4.1 / target_max 278.9 / imag_reward_mean 0.7 / imag_reward_std 2.6 / imag_reward_min 0.0 / imag_reward_max 43.6 / imag_action_mean 8.6 / imag_action_std 4.6 / imag_action_min 0.0 / imag_action_max 17.0 / actor_entropy 0.4 / actor_loss 1.1 / actor_grad_norm 2.7 / value_loss 2.9 / value_grad_norm 1.4 / update_count 9928.0 / fps 12.3
add_video needs package moviepy
add_video needs package moviepy
[49648] dataset_size 12412.0 / train_return 990.0 / train_length 1458.0 / train_episodes 9.0
[49936] 
Start evaluation.
[49936] eval_return 1912.0 / eval_length 1336.4 / eval_episodes 5.0
add_video needs package moviepy
Start training.
[49936] model_loss 21.8 / model_grad_norm 31.8 / image_loss 13.2 / reward_loss 0.1 / cont_loss 0.0 / kl_free 1.0 / dyn_scale 0.5 / rep_scale 0.1 / dyn_loss 14.2 / rep_loss 14.2 / kl 14.2 / prior_abs_ent 28.3 / post_abs_ent -27.0 / prior_obs_ent 18.1 / post_obs_ent 5.5 / boundary_ratio 0.0 / kl_mask 0.0 / normed_target_mean 0.3 / normed_target_std 0.3 / normed_target_min -0.0 / normed_target_max 1.9 / EMA_005 9.1 / EMA_095 157.3 / value_mean 54.4 / value_std 41.4 / value_min 5.0 / value_max 175.5 / target_mean 58.2 / target_std 48.9 / target_min 4.3 / target_max 284.6 / imag_reward_mean 0.7 / imag_reward_std 2.8 / imag_reward_min 0.0 / imag_reward_max 55.1 / imag_action_mean 8.4 / imag_action_std 4.5 / imag_action_min 0.0 / imag_action_max 17.0 / actor_entropy 0.4 / actor_loss 1.2 / actor_grad_norm 2.8 / value_loss 2.9 / value_grad_norm 1.3 / update_count 10084.0 / fps 12.5
add_video needs package moviepy
add_video needs package moviepy
[50560] 
Start evaluation.
[50560] eval_return 1348.0 / eval_length 1283.4 / eval_episodes 5.0
add_video needs package moviepy
Start training.
[50560] model_loss 22.0 / model_grad_norm 36.1 / image_loss 13.2 / reward_loss 0.1 / cont_loss 0.0 / kl_free 1.0 / dyn_scale 0.5 / rep_scale 0.1 / dyn_loss 14.5 / rep_loss 14.5 / kl 14.5 / prior_abs_ent 28.2 / post_abs_ent -27.0 / prior_obs_ent 19.4 / post_obs_ent 6.5 / boundary_ratio 0.0 / kl_mask 0.0 / normed_target_mean 0.3 / normed_target_std 0.3 / normed_target_min -0.0 / normed_target_max 1.8 / EMA_005 9.3 / EMA_095 156.3 / value_mean 56.2 / value_std 42.1 / value_min 5.0 / value_max 174.7 / target_mean 59.5 / target_std 48.5 / target_min 4.6 / target_max 277.9 / imag_reward_mean 0.6 / imag_reward_std 2.4 / imag_reward_min 0.0 / imag_reward_max 24.2 / imag_action_mean 8.3 / imag_action_std 4.6 / imag_action_min 0.0 / imag_action_max 17.0 / actor_entropy 0.4 / actor_loss 1.2 / actor_grad_norm 2.8 / value_loss 2.9 / value_grad_norm 1.4 / update_count 10240.0 / fps 12.8
add_video needs package moviepy
add_video needs package moviepy
[51184] 
Start evaluation.
[51184] eval_return 1930.0 / eval_length 1353.4 / eval_episodes 5.0
add_video needs package moviepy
Start training.
[51184] model_loss 21.8 / model_grad_norm 37.0 / image_loss 13.1 / reward_loss 0.1 / cont_loss 0.0 / kl_free 1.0 / dyn_scale 0.5 / rep_scale 0.1 / dyn_loss 14.4 / rep_loss 14.4 / kl 14.4 / prior_abs_ent 28.2 / post_abs_ent -26.8 / prior_obs_ent 19.9 / post_obs_ent 7.2 / boundary_ratio 0.0 / kl_mask 0.0 / normed_target_mean 0.3 / normed_target_std 0.3 / normed_target_min -0.0 / normed_target_max 1.8 / EMA_005 9.6 / EMA_095 147.4 / value_mean 52.1 / value_std 37.9 / value_min 5.2 / value_max 171.5 / target_mean 54.1 / target_std 43.0 / target_min 3.2 / target_max 262.8 / imag_reward_mean 0.5 / imag_reward_std 2.3 / imag_reward_min 0.0 / imag_reward_max 40.0 / imag_action_mean 8.1 / imag_action_std 4.5 / imag_action_min 0.0 / imag_action_max 17.0 / actor_entropy 0.5 / actor_loss 0.8 / actor_grad_norm 2.6 / value_loss 2.8 / value_grad_norm 1.5 / update_count 10396.0 / fps 12.4
add_video needs package moviepy
add_video needs package moviepy
[51808] 
Start evaluation.
[51808] eval_return 1664.0 / eval_length 1283.6 / eval_episodes 5.0
add_video needs package moviepy
Start training.
[51808] model_loss 21.7 / model_grad_norm 31.8 / image_loss 13.0 / reward_loss 0.1 / cont_loss 0.0 / kl_free 1.0 / dyn_scale 0.5 / rep_scale 0.1 / dyn_loss 14.3 / rep_loss 14.3 / kl 14.3 / prior_abs_ent 28.1 / post_abs_ent -26.9 / prior_obs_ent 19.4 / post_obs_ent 6.7 / boundary_ratio 0.0 / kl_mask 0.0 / normed_target_mean 0.4 / normed_target_std 0.3 / normed_target_min -0.0 / normed_target_max 1.8 / EMA_005 10.4 / EMA_095 148.3 / value_mean 56.0 / value_std 39.7 / value_min 5.1 / value_max 172.1 / target_mean 59.5 / target_std 45.9 / target_min 3.8 / target_max 264.0 / imag_reward_mean 0.6 / imag_reward_std 2.4 / imag_reward_min 0.0 / imag_reward_max 39.7 / imag_action_mean 8.5 / imag_action_std 4.7 / imag_action_min 0.0 / imag_action_max 17.0 / actor_entropy 0.5 / actor_loss 1.4 / actor_grad_norm 2.8 / value_loss 2.8 / value_grad_norm 1.4 / update_count 10552.0 / fps 12.7
add_video needs package moviepy
add_video needs package moviepy
[52432] 
Start evaluation.
[52432] eval_return 1766.0 / eval_length 1243.0 / eval_episodes 5.0
add_video needs package moviepy
Start training.
[52432] model_loss 22.0 / model_grad_norm 45.5 / image_loss 13.1 / reward_loss 0.1 / cont_loss 0.0 / kl_free 1.0 / dyn_scale 0.5 / rep_scale 0.1 / dyn_loss 14.7 / rep_loss 14.7 / kl 14.7 / prior_abs_ent 28.1 / post_abs_ent -27.0 / prior_obs_ent 19.7 / post_obs_ent 6.7 / boundary_ratio 0.0 / kl_mask 0.0 / normed_target_mean 0.3 / normed_target_std 0.3 / normed_target_min -0.1 / normed_target_max 1.8 / EMA_005 10.8 / EMA_095 143.5 / value_mean 52.4 / value_std 35.0 / value_min 5.4 / value_max 167.0 / target_mean 54.6 / target_std 40.1 / target_min 2.9 / target_max 253.7 / imag_reward_mean 0.6 / imag_reward_std 2.4 / imag_reward_min 0.0 / imag_reward_max 54.9 / imag_action_mean 8.9 / imag_action_std 4.7 / imag_action_min 0.0 / imag_action_max 17.0 / actor_entropy 0.5 / actor_loss 1.0 / actor_grad_norm 2.5 / value_loss 2.8 / value_grad_norm 1.3 / update_count 10708.0 / fps 12.9
add_video needs package moviepy
add_video needs package moviepy
[53056] 
Start evaluation.
[53056] eval_return 1760.0 / eval_length 1275.4 / eval_episodes 5.0
add_video needs package moviepy
Start training.
[53056] model_loss 21.8 / model_grad_norm 36.9 / image_loss 13.1 / reward_loss 0.1 / cont_loss 0.0 / kl_free 1.0 / dyn_scale 0.5 / rep_scale 0.1 / dyn_loss 14.4 / rep_loss 14.4 / kl 14.4 / prior_abs_ent 27.7 / post_abs_ent -27.1 / prior_obs_ent 19.6 / post_obs_ent 6.8 / boundary_ratio 0.0 / kl_mask 0.0 / normed_target_mean 0.4 / normed_target_std 0.3 / normed_target_min -0.1 / normed_target_max 2.0 / EMA_005 11.6 / EMA_095 138.0 / value_mean 56.0 / value_std 35.0 / value_min 5.2 / value_max 166.1 / target_mean 58.5 / target_std 40.4 / target_min 3.3 / target_max 259.7 / imag_reward_mean 0.6 / imag_reward_std 2.4 / imag_reward_min 0.0 / imag_reward_max 50.4 / imag_action_mean 9.0 / imag_action_std 4.7 / imag_action_min 0.0 / imag_action_max 17.0 / actor_entropy 0.5 / actor_loss 1.2 / actor_grad_norm 2.6 / value_loss 2.7 / value_grad_norm 1.3 / update_count 10864.0 / fps 12.7
add_video needs package moviepy
add_video needs package moviepy
[53680] 
Start evaluation.
[53680] eval_return 2092.0 / eval_length 1420.4 / eval_episodes 5.0
add_video needs package moviepy
Start training.
[53680] model_loss 21.8 / model_grad_norm 34.6 / image_loss 13.1 / reward_loss 0.1 / cont_loss 0.0 / kl_free 1.0 / dyn_scale 0.5 / rep_scale 0.1 / dyn_loss 14.4 / rep_loss 14.4 / kl 14.4 / prior_abs_ent 28.2 / post_abs_ent -27.0 / prior_obs_ent 19.3 / post_obs_ent 6.5 / boundary_ratio 0.0 / kl_mask 0.0 / normed_target_mean 0.4 / normed_target_std 0.3 / normed_target_min -0.1 / normed_target_max 1.9 / EMA_005 12.2 / EMA_095 138.0 / value_mean 57.1 / value_std 36.1 / value_min 5.9 / value_max 167.0 / target_mean 60.0 / target_std 41.7 / target_min 4.3 / target_max 255.2 / imag_reward_mean 0.6 / imag_reward_std 2.4 / imag_reward_min 0.0 / imag_reward_max 38.6 / imag_action_mean 9.3 / imag_action_std 4.7 / imag_action_min 0.0 / imag_action_max 17.0 / actor_entropy 0.6 / actor_loss 1.5 / actor_grad_norm 2.7 / value_loss 2.7 / value_grad_norm 1.3 / update_count 11020.0 / fps 12.3
add_video needs package moviepy
add_video needs package moviepy
[53844] dataset_size 13461.0 / train_return 1310.0 / train_length 1049.0 / train_episodes 10.0
[54304] 
Start evaluation.
[54304] eval_return 1960.0 / eval_length 1314.6 / eval_episodes 5.0
add_video needs package moviepy
Start training.
[54304] model_loss 21.4 / model_grad_norm 33.0 / image_loss 12.7 / reward_loss 0.1 / cont_loss 0.0 / kl_free 1.0 / dyn_scale 0.5 / rep_scale 0.1 / dyn_loss 14.3 / rep_loss 14.3 / kl 14.3 / prior_abs_ent 28.3 / post_abs_ent -27.0 / prior_obs_ent 19.0 / post_obs_ent 6.3 / boundary_ratio 0.0 / kl_mask 0.0 / normed_target_mean 0.4 / normed_target_std 0.3 / normed_target_min -0.1 / normed_target_max 1.9 / EMA_005 12.5 / EMA_095 136.6 / value_mean 55.1 / value_std 34.4 / value_min 5.1 / value_max 165.4 / target_mean 57.3 / target_std 39.4 / target_min 2.4 / target_max 246.5 / imag_reward_mean 0.5 / imag_reward_std 2.3 / imag_reward_min 0.0 / imag_reward_max 37.7 / imag_action_mean 9.3 / imag_action_std 4.7 / imag_action_min 0.0 / imag_action_max 17.0 / actor_entropy 0.6 / actor_loss 1.0 / actor_grad_norm 2.5 / value_loss 2.6 / value_grad_norm 1.3 / update_count 11176.0 / fps 12.5
add_video needs package moviepy
add_video needs package moviepy
[54928] 
Start evaluation.
[54928] eval_return 2690.0 / eval_length 1303.4 / eval_episodes 5.0
add_video needs package moviepy
Start training.
[54928] model_loss 21.4 / model_grad_norm 31.3 / image_loss 12.7 / reward_loss 0.1 / cont_loss 0.0 / kl_free 1.0 / dyn_scale 0.5 / rep_scale 0.1 / dyn_loss 14.4 / rep_loss 14.4 / kl 14.4 / prior_abs_ent 28.4 / post_abs_ent -26.9 / prior_obs_ent 19.4 / post_obs_ent 6.7 / boundary_ratio 0.0 / kl_mask 0.0 / normed_target_mean 0.4 / normed_target_std 0.3 / normed_target_min -0.1 / normed_target_max 1.9 / EMA_005 12.7 / EMA_095 138.6 / value_mean 55.3 / value_std 35.2 / value_min 5.3 / value_max 166.1 / target_mean 57.5 / target_std 40.2 / target_min 2.4 / target_max 249.7 / imag_reward_mean 0.5 / imag_reward_std 2.3 / imag_reward_min 0.0 / imag_reward_max 44.9 / imag_action_mean 9.3 / imag_action_std 4.5 / imag_action_min 0.0 / imag_action_max 17.0 / actor_entropy 0.6 / actor_loss 1.0 / actor_grad_norm 2.5 / value_loss 2.6 / value_grad_norm 1.3 / update_count 11332.0 / fps 12.7
add_video needs package moviepy
add_video needs package moviepy
[55552] 
Start evaluation.
[55552] eval_return 1798.0 / eval_length 1348.2 / eval_episodes 5.0
add_video needs package moviepy
Start training.
[55552] model_loss 21.6 / model_grad_norm 42.4 / image_loss 12.8 / reward_loss 0.1 / cont_loss 0.0 / kl_free 1.0 / dyn_scale 0.5 / rep_scale 0.1 / dyn_loss 14.5 / rep_loss 14.5 / kl 14.5 / prior_abs_ent 28.6 / post_abs_ent -26.8 / prior_obs_ent 20.1 / post_obs_ent 7.3 / boundary_ratio 0.0 / kl_mask 0.0 / normed_target_mean 0.4 / normed_target_std 0.3 / normed_target_min -0.1 / normed_target_max 1.9 / EMA_005 13.3 / EMA_095 137.7 / value_mean 57.4 / value_std 35.1 / value_min 5.4 / value_max 165.8 / target_mean 59.4 / target_std 40.1 / target_min 2.3 / target_max 251.9 / imag_reward_mean 0.5 / imag_reward_std 2.4 / imag_reward_min 0.0 / imag_reward_max 55.8 / imag_action_mean 9.3 / imag_action_std 4.6 / imag_action_min 0.0 / imag_action_max 17.0 / actor_entropy 0.5 / actor_loss 0.9 / actor_grad_norm 2.4 / value_loss 2.6 / value_grad_norm 1.3 / update_count 11488.0 / fps 12.5
add_video needs package moviepy
add_video needs package moviepy
[56176] 
Start evaluation.
[56176] eval_return 2706.0 / eval_length 1498.8 / eval_episodes 5.0
add_video needs package moviepy
Start training.
[56176] model_loss 21.3 / model_grad_norm 30.1 / image_loss 12.5 / reward_loss 0.1 / cont_loss 0.0 / kl_free 1.0 / dyn_scale 0.5 / rep_scale 0.1 / dyn_loss 14.4 / rep_loss 14.4 / kl 14.4 / prior_abs_ent 28.2 / post_abs_ent -26.7 / prior_obs_ent 20.0 / post_obs_ent 7.3 / boundary_ratio 0.0 / kl_mask 0.0 / normed_target_mean 0.4 / normed_target_std 0.3 / normed_target_min -0.1 / normed_target_max 1.9 / EMA_005 13.6 / EMA_095 138.9 / value_mean 56.1 / value_std 35.7 / value_min 5.6 / value_max 166.4 / target_mean 58.3 / target_std 40.7 / target_min 1.9 / target_max 247.3 / imag_reward_mean 0.5 / imag_reward_std 2.2 / imag_reward_min 0.0 / imag_reward_max 40.1 / imag_action_mean 9.2 / imag_action_std 4.6 / imag_action_min 0.0 / imag_action_max 17.0 / actor_entropy 0.6 / actor_loss 0.9 / actor_grad_norm 2.4 / value_loss 2.5 / value_grad_norm 1.2 / update_count 11644.0 / fps 12.1
add_video needs package moviepy
add_video needs package moviepy
[56800] 
Start evaluation.
[56800] eval_return 2114.0 / eval_length 1311.8 / eval_episodes 5.0
add_video needs package moviepy
Start training.
[56800] model_loss 21.3 / model_grad_norm 31.0 / image_loss 12.6 / reward_loss 0.1 / cont_loss 0.0 / kl_free 1.0 / dyn_scale 0.5 / rep_scale 0.1 / dyn_loss 14.4 / rep_loss 14.4 / kl 14.4 / prior_abs_ent 28.3 / post_abs_ent -26.9 / prior_obs_ent 19.5 / post_obs_ent 6.7 / boundary_ratio 0.0 / kl_mask 0.0 / normed_target_mean 0.4 / normed_target_std 0.3 / normed_target_min -0.1 / normed_target_max 1.8 / EMA_005 13.7 / EMA_095 136.8 / value_mean 56.0 / value_std 33.8 / value_min 5.7 / value_max 163.6 / target_mean 57.7 / target_std 38.1 / target_min 2.5 / target_max 240.1 / imag_reward_mean 0.5 / imag_reward_std 2.4 / imag_reward_min 0.0 / imag_reward_max 58.6 / imag_action_mean 9.4 / imag_action_std 4.6 / imag_action_min 0.0 / imag_action_max 17.0 / actor_entropy 0.6 / actor_loss 0.7 / actor_grad_norm 2.2 / value_loss 2.5 / value_grad_norm 1.2 / update_count 11800.0 / fps 12.6
add_video needs package moviepy
add_video needs package moviepy
[57424] 
Start evaluation.
[57424] eval_return 2242.0 / eval_length 1271.8 / eval_episodes 5.0
add_video needs package moviepy
Start training.
[57424] model_loss 21.5 / model_grad_norm 37.9 / image_loss 12.7 / reward_loss 0.1 / cont_loss 0.0 / kl_free 1.0 / dyn_scale 0.5 / rep_scale 0.1 / dyn_loss 14.5 / rep_loss 14.5 / kl 14.5 / prior_abs_ent 28.0 / post_abs_ent -27.0 / prior_obs_ent 19.8 / post_obs_ent 7.0 / boundary_ratio 0.0 / kl_mask 0.0 / normed_target_mean 0.4 / normed_target_std 0.3 / normed_target_min -0.1 / normed_target_max 1.9 / EMA_005 14.8 / EMA_095 130.6 / value_mean 55.0 / value_std 31.6 / value_min 5.5 / value_max 161.6 / target_mean 56.4 / target_std 35.5 / target_min 2.5 / target_max 229.4 / imag_reward_mean 0.5 / imag_reward_std 2.2 / imag_reward_min 0.0 / imag_reward_max 40.8 / imag_action_mean 9.4 / imag_action_std 4.5 / imag_action_min 0.0 / imag_action_max 17.0 / actor_entropy 0.5 / actor_loss 0.6 / actor_grad_norm 2.2 / value_loss 2.5 / value_grad_norm 1.4 / update_count 11956.0 / fps 12.8
add_video needs package moviepy
add_video needs package moviepy
[58048] 
Start evaluation.
[58048] eval_return 2026.0 / eval_length 1318.8 / eval_episodes 5.0
add_video needs package moviepy
Start training.
[58048] model_loss 21.1 / model_grad_norm 31.0 / image_loss 12.4 / reward_loss 0.1 / cont_loss 0.0 / kl_free 1.0 / dyn_scale 0.5 / rep_scale 0.1 / dyn_loss 14.3 / rep_loss 14.3 / kl 14.3 / prior_abs_ent 27.9 / post_abs_ent -26.8 / prior_obs_ent 19.6 / post_obs_ent 7.0 / boundary_ratio 0.0 / kl_mask 0.0 / normed_target_mean 0.4 / normed_target_std 0.3 / normed_target_min -0.1 / normed_target_max 1.9 / EMA_005 14.5 / EMA_095 128.6 / value_mean 54.7 / value_std 32.0 / value_min 5.9 / value_max 161.1 / target_mean 56.2 / target_std 36.1 / target_min 1.9 / target_max 233.1 / imag_reward_mean 0.5 / imag_reward_std 2.3 / imag_reward_min 0.0 / imag_reward_max 46.3 / imag_action_mean 9.4 / imag_action_std 4.5 / imag_action_min 0.0 / imag_action_max 17.0 / actor_entropy 0.5 / actor_loss 0.6 / actor_grad_norm 2.1 / value_loss 2.4 / value_grad_norm 1.3 / update_count 12112.0 / fps 12.7
add_video needs package moviepy
add_video needs package moviepy
[58672] 
Start evaluation.
[58672] eval_return 2010.0 / eval_length 1328.8 / eval_episodes 5.0
add_video needs package moviepy
Start training.
[58672] model_loss 21.6 / model_grad_norm 35.0 / image_loss 12.8 / reward_loss 0.1 / cont_loss 0.0 / kl_free 1.0 / dyn_scale 0.5 / rep_scale 0.1 / dyn_loss 14.5 / rep_loss 14.5 / kl 14.5 / prior_abs_ent 28.1 / post_abs_ent -27.0 / prior_obs_ent 20.6 / post_obs_ent 7.7 / boundary_ratio 0.0 / kl_mask 0.0 / normed_target_mean 0.4 / normed_target_std 0.3 / normed_target_min -0.1 / normed_target_max 2.0 / EMA_005 14.9 / EMA_095 125.5 / value_mean 55.3 / value_std 30.6 / value_min 5.5 / value_max 159.7 / target_mean 57.1 / target_std 35.2 / target_min 2.2 / target_max 233.6 / imag_reward_mean 0.6 / imag_reward_std 2.4 / imag_reward_min 0.0 / imag_reward_max 37.4 / imag_action_mean 9.4 / imag_action_std 4.5 / imag_action_min 0.0 / imag_action_max 17.0 / actor_entropy 0.5 / actor_loss 0.8 / actor_grad_norm 2.3 / value_loss 2.5 / value_grad_norm 1.4 / update_count 12268.0 / fps 12.5
add_video needs package moviepy
add_video needs package moviepy
[59296] 
Start evaluation.
[59296] eval_return 1660.0 / eval_length 1357.6 / eval_episodes 5.0
add_video needs package moviepy
Start training.
[59296] model_loss 21.4 / model_grad_norm 30.9 / image_loss 12.6 / reward_loss 0.1 / cont_loss 0.0 / kl_free 1.0 / dyn_scale 0.5 / rep_scale 0.1 / dyn_loss 14.4 / rep_loss 14.4 / kl 14.4 / prior_abs_ent 27.9 / post_abs_ent -26.9 / prior_obs_ent 19.6 / post_obs_ent 6.9 / boundary_ratio 0.0 / kl_mask 0.0 / normed_target_mean 0.4 / normed_target_std 0.3 / normed_target_min -0.1 / normed_target_max 2.0 / EMA_005 15.5 / EMA_095 124.2 / value_mean 54.2 / value_std 29.8 / value_min 6.0 / value_max 156.3 / target_mean 55.6 / target_std 33.8 / target_min 3.1 / target_max 232.7 / imag_reward_mean 0.6 / imag_reward_std 2.5 / imag_reward_min 0.0 / imag_reward_max 55.6 / imag_action_mean 9.4 / imag_action_std 4.5 / imag_action_min 0.0 / imag_action_max 17.0 / actor_entropy 0.5 / actor_loss 0.5 / actor_grad_norm 2.1 / value_loss 2.4 / value_grad_norm 1.3 / update_count 12424.0 / fps 12.5
add_video needs package moviepy
add_video needs package moviepy
[59612] dataset_size 14903.0 / train_return 3440.0 / train_length 1442.0 / train_episodes 11.0
[59920] 
Start evaluation.
[59920] eval_return 2072.0 / eval_length 1292.8 / eval_episodes 5.0
add_video needs package moviepy
Start training.
[59920] model_loss 21.6 / model_grad_norm 35.6 / image_loss 12.8 / reward_loss 0.1 / cont_loss 0.0 / kl_free 1.0 / dyn_scale 0.5 / rep_scale 0.1 / dyn_loss 14.6 / rep_loss 14.6 / kl 14.6 / prior_abs_ent 28.4 / post_abs_ent -27.0 / prior_obs_ent 19.9 / post_obs_ent 6.9 / boundary_ratio 0.0 / kl_mask 0.0 / normed_target_mean 0.4 / normed_target_std 0.3 / normed_target_min -0.1 / normed_target_max 1.9 / EMA_005 16.2 / EMA_095 124.2 / value_mean 56.3 / value_std 29.8 / value_min 6.6 / value_max 153.7 / target_mean 58.1 / target_std 34.1 / target_min 3.2 / target_max 226.7 / imag_reward_mean 0.7 / imag_reward_std 2.6 / imag_reward_min 0.0 / imag_reward_max 48.4 / imag_action_mean 9.3 / imag_action_std 4.5 / imag_action_min 0.0 / imag_action_max 17.0 / actor_entropy 0.5 / actor_loss 0.7 / actor_grad_norm 2.2 / value_loss 2.4 / value_grad_norm 1.3 / update_count 12580.0 / fps 12.6
add_video needs package moviepy
add_video needs package moviepy
[60544] 
Start evaluation.
[60544] eval_return 2002.0 / eval_length 1282.6 / eval_episodes 5.0
add_video needs package moviepy
Start training.
[60544] model_loss 21.6 / model_grad_norm 32.0 / image_loss 12.6 / reward_loss 0.1 / cont_loss 0.0 / kl_free 1.0 / dyn_scale 0.5 / rep_scale 0.1 / dyn_loss 14.8 / rep_loss 14.8 / kl 14.8 / prior_abs_ent 27.7 / post_abs_ent -27.2 / prior_obs_ent 20.8 / post_obs_ent 7.6 / boundary_ratio 0.0 / kl_mask 0.0 / normed_target_mean 0.4 / normed_target_std 0.3 / normed_target_min -0.1 / normed_target_max 2.0 / EMA_005 16.9 / EMA_095 125.1 / value_mean 55.9 / value_std 30.3 / value_min 6.5 / value_max 155.4 / target_mean 57.9 / target_std 35.1 / target_min 3.4 / target_max 238.3 / imag_reward_mean 0.6 / imag_reward_std 2.6 / imag_reward_min 0.0 / imag_reward_max 56.8 / imag_action_mean 9.1 / imag_action_std 4.6 / imag_action_min 0.0 / imag_action_max 17.0 / actor_entropy 0.5 / actor_loss 0.8 / actor_grad_norm 2.3 / value_loss 2.4 / value_grad_norm 1.3 / update_count 12736.0 / fps 12.7
add_video needs package moviepy
add_video needs package moviepy
[61168] 
Start evaluation.
[61168] eval_return 2140.0 / eval_length 1300.2 / eval_episodes 5.0
add_video needs package moviepy
Start training.
[61168] model_loss 21.1 / model_grad_norm 31.9 / image_loss 12.4 / reward_loss 0.1 / cont_loss 0.0 / kl_free 1.0 / dyn_scale 0.5 / rep_scale 0.1 / dyn_loss 14.3 / rep_loss 14.3 / kl 14.3 / prior_abs_ent 27.9 / post_abs_ent -26.9 / prior_obs_ent 19.9 / post_obs_ent 7.2 / boundary_ratio 0.0 / kl_mask 0.0 / normed_target_mean 0.4 / normed_target_std 0.3 / normed_target_min -0.1 / normed_target_max 2.0 / EMA_005 16.7 / EMA_095 127.4 / value_mean 56.0 / value_std 30.9 / value_min 6.5 / value_max 155.7 / target_mean 58.1 / target_std 35.8 / target_min 3.2 / target_max 243.0 / imag_reward_mean 0.6 / imag_reward_std 2.6 / imag_reward_min 0.0 / imag_reward_max 50.2 / imag_action_mean 9.1 / imag_action_std 4.6 / imag_action_min 0.0 / imag_action_max 17.0 / actor_entropy 0.5 / actor_loss 0.8 / actor_grad_norm 2.3 / value_loss 2.4 / value_grad_norm 1.3 / update_count 12892.0 / fps 12.7
add_video needs package moviepy
add_video needs package moviepy
[61792] 
Start evaluation.
[61792] eval_return 2178.0 / eval_length 1348.8 / eval_episodes 5.0
add_video needs package moviepy
Start training.
[61792] model_loss 21.1 / model_grad_norm 27.7 / image_loss 12.3 / reward_loss 0.1 / cont_loss 0.0 / kl_free 1.0 / dyn_scale 0.5 / rep_scale 0.1 / dyn_loss 14.5 / rep_loss 14.5 / kl 14.5 / prior_abs_ent 28.2 / post_abs_ent -26.9 / prior_obs_ent 20.2 / post_obs_ent 7.3 / boundary_ratio 0.0 / kl_mask 0.0 / normed_target_mean 0.4 / normed_target_std 0.3 / normed_target_min -0.1 / normed_target_max 2.0 / EMA_005 16.9 / EMA_095 127.6 / value_mean 57.9 / value_std 31.2 / value_min 6.6 / value_max 153.1 / target_mean 59.7 / target_std 35.5 / target_min 3.2 / target_max 234.3 / imag_reward_mean 0.6 / imag_reward_std 2.5 / imag_reward_min 0.0 / imag_reward_max 49.0 / imag_action_mean 9.1 / imag_action_std 4.6 / imag_action_min 0.0 / imag_action_max 17.0 / actor_entropy 0.5 / actor_loss 0.8 / actor_grad_norm 2.2 / value_loss 2.4 / value_grad_norm 1.3 / update_count 13048.0 / fps 12.5
add_video needs package moviepy
add_video needs package moviepy
[62416] 
Start evaluation.
[62416] eval_return 2526.0 / eval_length 1392.6 / eval_episodes 5.0
add_video needs package moviepy
Start training.
[62416] model_loss 20.9 / model_grad_norm 30.6 / image_loss 12.3 / reward_loss 0.1 / cont_loss 0.0 / kl_free 1.0 / dyn_scale 0.5 / rep_scale 0.1 / dyn_loss 14.3 / rep_loss 14.3 / kl 14.3 / prior_abs_ent 28.2 / post_abs_ent -26.8 / prior_obs_ent 20.1 / post_obs_ent 7.4 / boundary_ratio 0.0 / kl_mask 0.0 / normed_target_mean 0.4 / normed_target_std 0.3 / normed_target_min -0.1 / normed_target_max 2.0 / EMA_005 17.9 / EMA_095 127.0 / value_mean 58.3 / value_std 30.8 / value_min 6.3 / value_max 151.2 / target_mean 60.0 / target_std 34.9 / target_min 3.1 / target_max 232.2 / imag_reward_mean 0.6 / imag_reward_std 2.5 / imag_reward_min 0.0 / imag_reward_max 48.8 / imag_action_mean 9.1 / imag_action_std 4.6 / imag_action_min 0.0 / imag_action_max 17.0 / actor_entropy 0.5 / actor_loss 0.7 / actor_grad_norm 2.1 / value_loss 2.3 / value_grad_norm 1.3 / update_count 13204.0 / fps 12.3
add_video needs package moviepy
add_video needs package moviepy
[63040] 
Start evaluation.
[63040] eval_return 1878.0 / eval_length 1267.4 / eval_episodes 5.0
add_video needs package moviepy
Start training.
[63040] model_loss 20.6 / model_grad_norm 29.1 / image_loss 11.9 / reward_loss 0.1 / cont_loss 0.0 / kl_free 1.0 / dyn_scale 0.5 / rep_scale 0.1 / dyn_loss 14.3 / rep_loss 14.3 / kl 14.3 / prior_abs_ent 28.1 / post_abs_ent -26.8 / prior_obs_ent 19.5 / post_obs_ent 6.9 / boundary_ratio 0.0 / kl_mask 0.0 / normed_target_mean 0.4 / normed_target_std 0.3 / normed_target_min -0.1 / normed_target_max 1.9 / EMA_005 17.8 / EMA_095 128.2 / value_mean 59.2 / value_std 31.1 / value_min 6.3 / value_max 153.0 / target_mean 61.1 / target_std 35.5 / target_min 3.6 / target_max 228.4 / imag_reward_mean 0.6 / imag_reward_std 2.5 / imag_reward_min 0.0 / imag_reward_max 34.3 / imag_action_mean 9.3 / imag_action_std 4.6 / imag_action_min 0.0 / imag_action_max 17.0 / actor_entropy 0.5 / actor_loss 0.8 / actor_grad_norm 2.1 / value_loss 2.3 / value_grad_norm 1.3 / update_count 13360.0 / fps 12.7
add_video needs package moviepy
add_video needs package moviepy
[63664] 
Start evaluation.
[63664] eval_return 2352.0 / eval_length 1337.2 / eval_episodes 5.0
add_video needs package moviepy
Start training.
[63664] model_loss 21.0 / model_grad_norm 30.7 / image_loss 12.1 / reward_loss 0.1 / cont_loss 0.0 / kl_free 1.0 / dyn_scale 0.5 / rep_scale 0.1 / dyn_loss 14.6 / rep_loss 14.6 / kl 14.6 / prior_abs_ent 28.2 / post_abs_ent -26.8 / prior_obs_ent 20.6 / post_obs_ent 7.7 / boundary_ratio 0.0 / kl_mask 0.0 / normed_target_mean 0.4 / normed_target_std 0.3 / normed_target_min -0.1 / normed_target_max 1.9 / EMA_005 18.0 / EMA_095 130.5 / value_mean 59.2 / value_std 31.9 / value_min 5.5 / value_max 153.4 / target_mean 61.0 / target_std 36.3 / target_min 2.7 / target_max 231.1 / imag_reward_mean 0.6 / imag_reward_std 2.5 / imag_reward_min 0.0 / imag_reward_max 42.2 / imag_action_mean 9.4 / imag_action_std 4.5 / imag_action_min 0.0 / imag_action_max 17.0 / actor_entropy 0.5 / actor_loss 0.7 / actor_grad_norm 2.1 / value_loss 2.3 / value_grad_norm 1.3 / update_count 13516.0 / fps 12.5
add_video needs package moviepy
add_video needs package moviepy
[64288] 
Start evaluation.
[64288] eval_return 2832.0 / eval_length 1378.2 / eval_episodes 5.0
add_video needs package moviepy
Start training.
[64288] model_loss 20.8 / model_grad_norm 31.9 / image_loss 12.0 / reward_loss 0.1 / cont_loss 0.0 / kl_free 1.0 / dyn_scale 0.5 / rep_scale 0.1 / dyn_loss 14.5 / rep_loss 14.5 / kl 14.5 / prior_abs_ent 28.3 / post_abs_ent -26.8 / prior_obs_ent 20.7 / post_obs_ent 7.8 / boundary_ratio 0.0 / kl_mask 0.0 / normed_target_mean 0.4 / normed_target_std 0.3 / normed_target_min -0.1 / normed_target_max 1.9 / EMA_005 18.3 / EMA_095 130.4 / value_mean 60.3 / value_std 31.4 / value_min 6.1 / value_max 153.7 / target_mean 62.1 / target_std 35.6 / target_min 3.0 / target_max 228.3 / imag_reward_mean 0.6 / imag_reward_std 2.5 / imag_reward_min 0.0 / imag_reward_max 44.0 / imag_action_mean 9.3 / imag_action_std 4.5 / imag_action_min 0.0 / imag_action_max 17.0 / actor_entropy 0.5 / actor_loss 0.7 / actor_grad_norm 2.1 / value_loss 2.3 / value_grad_norm 1.4 / update_count 13672.0 / fps 12.4
add_video needs package moviepy
add_video needs package moviepy
[64912] 
Start evaluation.
[64912] eval_return 2282.0 / eval_length 1444.6 / eval_episodes 5.0
add_video needs package moviepy
Start training.
[64912] model_loss 20.9 / model_grad_norm 31.0 / image_loss 12.0 / reward_loss 0.1 / cont_loss 0.0 / kl_free 1.0 / dyn_scale 0.5 / rep_scale 0.1 / dyn_loss 14.6 / rep_loss 14.6 / kl 14.6 / prior_abs_ent 28.4 / post_abs_ent -26.8 / prior_obs_ent 20.7 / post_obs_ent 7.7 / boundary_ratio 0.0 / kl_mask 0.0 / normed_target_mean 0.4 / normed_target_std 0.3 / normed_target_min -0.1 / normed_target_max 1.8 / EMA_005 18.6 / EMA_095 131.9 / value_mean 61.6 / value_std 31.5 / value_min 6.3 / value_max 153.2 / target_mean 63.5 / target_std 35.6 / target_min 3.4 / target_max 223.0 / imag_reward_mean 0.6 / imag_reward_std 2.5 / imag_reward_min 0.0 / imag_reward_max 31.5 / imag_action_mean 9.1 / imag_action_std 4.6 / imag_action_min 0.0 / imag_action_max 17.0 / actor_entropy 0.5 / actor_loss 0.8 / actor_grad_norm 2.2 / value_loss 2.3 / value_grad_norm 1.4 / update_count 13828.0 / fps 12.1
add_video needs package moviepy
add_video needs package moviepy
[65444] dataset_size 16361.0 / train_return 2000.0 / train_length 1458.0 / train_episodes 12.0
[65536] 
Start evaluation.
[65536] eval_return 2244.0 / eval_length 1379.4 / eval_episodes 5.0
add_video needs package moviepy
Start training.
[65536] model_loss 20.9 / model_grad_norm 30.2 / image_loss 12.1 / reward_loss 0.1 / cont_loss 0.0 / kl_free 1.0 / dyn_scale 0.5 / rep_scale 0.1 / dyn_loss 14.5 / rep_loss 14.5 / kl 14.5 / prior_abs_ent 28.3 / post_abs_ent -26.8 / prior_obs_ent 20.4 / post_obs_ent 7.5 / boundary_ratio 0.0 / kl_mask 0.0 / normed_target_mean 0.4 / normed_target_std 0.3 / normed_target_min -0.1 / normed_target_max 1.9 / EMA_005 19.6 / EMA_095 135.1 / value_mean 65.5 / value_std 33.5 / value_min 6.2 / value_max 155.2 / target_mean 67.5 / target_std 37.7 / target_min 3.8 / target_max 233.3 / imag_reward_mean 0.6 / imag_reward_std 2.6 / imag_reward_min 0.0 / imag_reward_max 41.8 / imag_action_mean 8.4 / imag_action_std 4.7 / imag_action_min 0.0 / imag_action_max 17.0 / actor_entropy 0.5 / actor_loss 0.9 / actor_grad_norm 2.3 / value_loss 2.3 / value_grad_norm 1.4 / update_count 13984.0 / fps 12.4
add_video needs package moviepy
add_video needs package moviepy
[66160] 
Start evaluation.
[66160] eval_return 2006.0 / eval_length 1372.0 / eval_episodes 5.0
add_video needs package moviepy
Start training.
[66160] model_loss 20.7 / model_grad_norm 29.1 / image_loss 11.9 / reward_loss 0.1 / cont_loss 0.0 / kl_free 1.0 / dyn_scale 0.5 / rep_scale 0.1 / dyn_loss 14.5 / rep_loss 14.5 / kl 14.5 / prior_abs_ent 28.5 / post_abs_ent -26.8 / prior_obs_ent 20.1 / post_obs_ent 7.3 / boundary_ratio 0.0 / kl_mask 0.0 / normed_target_mean 0.4 / normed_target_std 0.3 / normed_target_min -0.1 / normed_target_max 1.9 / EMA_005 20.2 / EMA_095 137.7 / value_mean 65.0 / value_std 33.6 / value_min 5.3 / value_max 156.7 / target_mean 67.2 / target_std 38.2 / target_min 3.4 / target_max 241.5 / imag_reward_mean 0.7 / imag_reward_std 2.7 / imag_reward_min 0.0 / imag_reward_max 50.4 / imag_action_mean 8.2 / imag_action_std 4.8 / imag_action_min 0.0 / imag_action_max 17.0 / actor_entropy 0.5 / actor_loss 0.9 / actor_grad_norm 2.4 / value_loss 2.3 / value_grad_norm 1.3 / update_count 14140.0 / fps 12.3
add_video needs package moviepy
add_video needs package moviepy
[66784] 
Start evaluation.
[66784] eval_return 2002.0 / eval_length 1412.6 / eval_episodes 5.0
add_video needs package moviepy
Start training.
[66784] model_loss 21.1 / model_grad_norm 30.0 / image_loss 12.1 / reward_loss 0.1 / cont_loss 0.0 / kl_free 1.0 / dyn_scale 0.5 / rep_scale 0.1 / dyn_loss 14.9 / rep_loss 14.9 / kl 14.9 / prior_abs_ent 28.3 / post_abs_ent -26.8 / prior_obs_ent 20.9 / post_obs_ent 7.7 / boundary_ratio 0.0 / kl_mask 0.0 / normed_target_mean 0.4 / normed_target_std 0.3 / normed_target_min -0.1 / normed_target_max 1.8 / EMA_005 20.6 / EMA_095 140.1 / value_mean 67.0 / value_std 34.1 / value_min 5.4 / value_max 157.6 / target_mean 69.2 / target_std 38.6 / target_min 3.6 / target_max 238.3 / imag_reward_mean 0.7 / imag_reward_std 2.7 / imag_reward_min 0.0 / imag_reward_max 41.9 / imag_action_mean 8.2 / imag_action_std 4.8 / imag_action_min 0.0 / imag_action_max 17.0 / actor_entropy 0.4 / actor_loss 0.9 / actor_grad_norm 2.4 / value_loss 2.3 / value_grad_norm 1.4 / update_count 14296.0 / fps 12.3
add_video needs package moviepy
add_video needs package moviepy
[67408] 
Start evaluation.
[67408] eval_return 2026.0 / eval_length 1431.6 / eval_episodes 5.0
add_video needs package moviepy
Start training.
[67408] model_loss 20.9 / model_grad_norm 29.0 / image_loss 12.0 / reward_loss 0.1 / cont_loss 0.0 / kl_free 1.0 / dyn_scale 0.5 / rep_scale 0.1 / dyn_loss 14.6 / rep_loss 14.6 / kl 14.6 / prior_abs_ent 28.2 / post_abs_ent -26.8 / prior_obs_ent 20.9 / post_obs_ent 7.9 / boundary_ratio 0.0 / kl_mask 0.0 / normed_target_mean 0.4 / normed_target_std 0.3 / normed_target_min -0.1 / normed_target_max 1.8 / EMA_005 21.1 / EMA_095 142.6 / value_mean 70.0 / value_std 35.1 / value_min 6.2 / value_max 158.0 / target_mean 71.9 / target_std 39.2 / target_min 3.7 / target_max 235.2 / imag_reward_mean 0.6 / imag_reward_std 2.5 / imag_reward_min 0.0 / imag_reward_max 30.5 / imag_action_mean 7.7 / imag_action_std 4.8 / imag_action_min 0.0 / imag_action_max 17.0 / actor_entropy 0.4 / actor_loss 0.8 / actor_grad_norm 2.3 / value_loss 2.3 / value_grad_norm 1.4 / update_count 14452.0 / fps 12.2
add_video needs package moviepy
add_video needs package moviepy
[68032] 
Start evaluation.
[68032] eval_return 1694.0 / eval_length 1335.6 / eval_episodes 5.0
add_video needs package moviepy
Start training.
[68032] model_loss 21.6 / model_grad_norm 39.1 / image_loss 12.4 / reward_loss 0.1 / cont_loss 0.0 / kl_free 1.0 / dyn_scale 0.5 / rep_scale 0.1 / dyn_loss 15.2 / rep_loss 15.2 / kl 15.2 / prior_abs_ent 27.1 / post_abs_ent -27.2 / prior_obs_ent 21.6 / post_obs_ent 8.0 / boundary_ratio 0.0 / kl_mask 0.0 / normed_target_mean 0.4 / normed_target_std 0.3 / normed_target_min -0.2 / normed_target_max 1.7 / EMA_005 22.1 / EMA_095 144.1 / value_mean 70.2 / value_std 34.7 / value_min 5.3 / value_max 158.6 / target_mean 72.1 / target_std 38.9 / target_min 1.9 / target_max 233.5 / imag_reward_mean 0.7 / imag_reward_std 2.6 / imag_reward_min 0.0 / imag_reward_max 33.2 / imag_action_mean 7.3 / imag_action_std 4.7 / imag_action_min 0.0 / imag_action_max 17.0 / actor_entropy 0.4 / actor_loss 0.7 / actor_grad_norm 2.4 / value_loss 2.3 / value_grad_norm 1.5 / update_count 14608.0 / fps 12.5
add_video needs package moviepy
add_video needs package moviepy
[68656] 
Start evaluation.
[68656] eval_return 2288.0 / eval_length 1459.0 / eval_episodes 5.0
add_video needs package moviepy
Start training.
[68656] model_loss 20.8 / model_grad_norm 28.7 / image_loss 12.0 / reward_loss 0.1 / cont_loss 0.0 / kl_free 1.0 / dyn_scale 0.5 / rep_scale 0.1 / dyn_loss 14.5 / rep_loss 14.5 / kl 14.5 / prior_abs_ent 28.1 / post_abs_ent -26.8 / prior_obs_ent 20.9 / post_obs_ent 8.0 / boundary_ratio 0.0 / kl_mask 0.0 / normed_target_mean 0.4 / normed_target_std 0.3 / normed_target_min -0.2 / normed_target_max 1.8 / EMA_005 22.2 / EMA_095 142.8 / value_mean 70.7 / value_std 34.0 / value_min 5.5 / value_max 158.2 / target_mean 72.7 / target_std 38.0 / target_min 3.4 / target_max 235.6 / imag_reward_mean 0.7 / imag_reward_std 2.6 / imag_reward_min 0.0 / imag_reward_max 45.0 / imag_action_mean 7.3 / imag_action_std 4.7 / imag_action_min 0.0 / imag_action_max 17.0 / actor_entropy 0.4 / actor_loss 0.8 / actor_grad_norm 2.3 / value_loss 2.3 / value_grad_norm 1.5 / update_count 14764.0 / fps 12.2
add_video needs package moviepy
add_video needs package moviepy
[69280] 
Start evaluation.
[69280] eval_return 2018.0 / eval_length 1397.0 / eval_episodes 5.0
add_video needs package moviepy
Start training.
[69280] model_loss 20.8 / model_grad_norm 27.4 / image_loss 11.9 / reward_loss 0.1 / cont_loss 0.0 / kl_free 1.0 / dyn_scale 0.5 / rep_scale 0.1 / dyn_loss 14.7 / rep_loss 14.7 / kl 14.7 / prior_abs_ent 28.1 / post_abs_ent -26.7 / prior_obs_ent 20.5 / post_obs_ent 7.5 / boundary_ratio 0.0 / kl_mask 0.0 / normed_target_mean 0.4 / normed_target_std 0.3 / normed_target_min -0.2 / normed_target_max 1.7 / EMA_005 22.8 / EMA_095 143.5 / value_mean 71.1 / value_std 34.8 / value_min 5.8 / value_max 160.0 / target_mean 73.1 / target_std 38.8 / target_min 4.0 / target_max 233.5 / imag_reward_mean 0.6 / imag_reward_std 2.5 / imag_reward_min 0.0 / imag_reward_max 36.1 / imag_action_mean 7.7 / imag_action_std 4.7 / imag_action_min 0.0 / imag_action_max 17.0 / actor_entropy 0.4 / actor_loss 0.7 / actor_grad_norm 2.3 / value_loss 2.2 / value_grad_norm 1.4 / update_count 14920.0 / fps 12.3
add_video needs package moviepy
add_video needs package moviepy
[69904] 
Start evaluation.
[69904] eval_return 2012.0 / eval_length 1322.4 / eval_episodes 5.0
add_video needs package moviepy
Start training.
[69904] model_loss 21.0 / model_grad_norm 31.3 / image_loss 12.0 / reward_loss 0.1 / cont_loss 0.0 / kl_free 1.0 / dyn_scale 0.5 / rep_scale 0.1 / dyn_loss 14.9 / rep_loss 14.9 / kl 14.9 / prior_abs_ent 28.6 / post_abs_ent -26.6 / prior_obs_ent 21.4 / post_obs_ent 8.2 / boundary_ratio 0.0 / kl_mask 0.0 / normed_target_mean 0.4 / normed_target_std 0.3 / normed_target_min -0.2 / normed_target_max 1.7 / EMA_005 22.8 / EMA_095 145.2 / value_mean 70.5 / value_std 34.6 / value_min 5.9 / value_max 161.8 / target_mean 72.4 / target_std 38.6 / target_min 3.6 / target_max 236.0 / imag_reward_mean 0.7 / imag_reward_std 2.6 / imag_reward_min 0.0 / imag_reward_max 50.9 / imag_action_mean 7.7 / imag_action_std 4.7 / imag_action_min 0.0 / imag_action_max 17.0 / actor_entropy 0.4 / actor_loss 0.7 / actor_grad_norm 2.2 / value_loss 2.2 / value_grad_norm 1.4 / update_count 15076.0 / fps 12.6
add_video needs package moviepy
add_video needs package moviepy
[70528] 
Start evaluation.
[70528] eval_return 1892.0 / eval_length 1333.6 / eval_episodes 5.0
add_video needs package moviepy
Start training.
[70528] model_loss 21.3 / model_grad_norm 42.1 / image_loss 12.1 / reward_loss 0.1 / cont_loss 0.0 / kl_free 1.0 / dyn_scale 0.5 / rep_scale 0.1 / dyn_loss 15.1 / rep_loss 15.1 / kl 15.1 / prior_abs_ent 28.4 / post_abs_ent -26.9 / prior_obs_ent 21.0 / post_obs_ent 7.6 / boundary_ratio 0.0 / kl_mask 0.0 / normed_target_mean 0.4 / normed_target_std 0.3 / normed_target_min -0.2 / normed_target_max 1.7 / EMA_005 24.1 / EMA_095 147.9 / value_mean 74.8 / value_std 36.3 / value_min 5.6 / value_max 163.1 / target_mean 77.0 / target_std 40.4 / target_min 3.3 / target_max 237.4 / imag_reward_mean 0.7 / imag_reward_std 2.6 / imag_reward_min 0.0 / imag_reward_max 37.8 / imag_action_mean 7.7 / imag_action_std 4.8 / imag_action_min 0.0 / imag_action_max 17.0 / actor_entropy 0.4 / actor_loss 0.8 / actor_grad_norm 2.4 / value_loss 2.2 / value_grad_norm 1.4 / update_count 15232.0 / fps 12.5
add_video needs package moviepy
add_video needs package moviepy
[71152] 
Start evaluation.
[71152] eval_return 2286.0 / eval_length 1321.6 / eval_episodes 5.0
add_video needs package moviepy
Start training.
[71152] model_loss 20.7 / model_grad_norm 25.7 / image_loss 11.8 / reward_loss 0.1 / cont_loss 0.0 / kl_free 1.0 / dyn_scale 0.5 / rep_scale 0.1 / dyn_loss 14.6 / rep_loss 14.6 / kl 14.6 / prior_abs_ent 28.2 / post_abs_ent -26.9 / prior_obs_ent 20.2 / post_obs_ent 7.2 / boundary_ratio 0.0 / kl_mask 0.0 / normed_target_mean 0.4 / normed_target_std 0.3 / normed_target_min -0.2 / normed_target_max 1.7 / EMA_005 25.0 / EMA_095 149.3 / value_mean 75.5 / value_std 36.0 / value_min 7.3 / value_max 163.7 / target_mean 77.8 / target_std 40.0 / target_min 5.3 / target_max 239.2 / imag_reward_mean 0.7 / imag_reward_std 2.6 / imag_reward_min 0.0 / imag_reward_max 31.5 / imag_action_mean 7.4 / imag_action_std 4.7 / imag_action_min 0.0 / imag_action_max 17.0 / actor_entropy 0.4 / actor_loss 0.8 / actor_grad_norm 2.3 / value_loss 2.2 / value_grad_norm 1.5 / update_count 15388.0 / fps 12.5
add_video needs package moviepy
add_video needs package moviepy
[71304] dataset_size 17826.0 / train_return 2000.0 / train_length 1465.0 / train_episodes 13.0
[71776] 
Start evaluation.
[71776] eval_return 2656.0 / eval_length 1323.6 / eval_episodes 5.0
add_video needs package moviepy
Start training.
[71776] model_loss 20.5 / model_grad_norm 27.2 / image_loss 11.6 / reward_loss 0.1 / cont_loss 0.0 / kl_free 1.0 / dyn_scale 0.5 / rep_scale 0.1 / dyn_loss 14.7 / rep_loss 14.7 / kl 14.7 / prior_abs_ent 28.4 / post_abs_ent -26.7 / prior_obs_ent 20.1 / post_obs_ent 7.1 / boundary_ratio 0.0 / kl_mask 0.0 / normed_target_mean 0.4 / normed_target_std 0.3 / normed_target_min -0.2 / normed_target_max 1.7 / EMA_005 25.4 / EMA_095 153.6 / value_mean 78.7 / value_std 37.9 / value_min 5.3 / value_max 166.7 / target_mean 81.2 / target_std 42.4 / target_min 1.2 / target_max 248.8 / imag_reward_mean 0.7 / imag_reward_std 2.8 / imag_reward_min 0.0 / imag_reward_max 46.2 / imag_action_mean 7.4 / imag_action_std 4.7 / imag_action_min 0.0 / imag_action_max 17.0 / actor_entropy 0.4 / actor_loss 0.9 / actor_grad_norm 2.4 / value_loss 2.2 / value_grad_norm 1.5 / update_count 15544.0 / fps 12.5
add_video needs package moviepy
add_video needs package moviepy
[72400] 
Start evaluation.
[72400] eval_return 1642.0 / eval_length 1188.0 / eval_episodes 5.0
add_video needs package moviepy
Start training.
[72400] model_loss 20.4 / model_grad_norm 27.0 / image_loss 11.6 / reward_loss 0.1 / cont_loss 0.0 / kl_free 1.0 / dyn_scale 0.5 / rep_scale 0.1 / dyn_loss 14.6 / rep_loss 14.6 / kl 14.6 / prior_abs_ent 28.8 / post_abs_ent -26.8 / prior_obs_ent 20.1 / post_obs_ent 7.2 / boundary_ratio 0.0 / kl_mask 0.0 / normed_target_mean 0.4 / normed_target_std 0.3 / normed_target_min -0.2 / normed_target_max 1.8 / EMA_005 24.7 / EMA_095 157.2 / value_mean 80.3 / value_std 38.9 / value_min 4.7 / value_max 169.5 / target_mean 82.7 / target_std 43.2 / target_min 2.4 / target_max 257.3 / imag_reward_mean 0.7 / imag_reward_std 2.8 / imag_reward_min 0.0 / imag_reward_max 55.4 / imag_action_mean 7.4 / imag_action_std 4.7 / imag_action_min 0.0 / imag_action_max 17.0 / actor_entropy 0.4 / actor_loss 0.8 / actor_grad_norm 2.4 / value_loss 2.2 / value_grad_norm 1.4 / update_count 15700.0 / fps 12.9
add_video needs package moviepy
add_video needs package moviepy
[73024] 
Start evaluation.
[73024] eval_return 2340.0 / eval_length 1444.0 / eval_episodes 5.0
add_video needs package moviepy
Start training.
[73024] model_loss 20.1 / model_grad_norm 25.7 / image_loss 11.3 / reward_loss 0.1 / cont_loss 0.0 / kl_free 1.0 / dyn_scale 0.5 / rep_scale 0.1 / dyn_loss 14.5 / rep_loss 14.5 / kl 14.5 / prior_abs_ent 28.3 / post_abs_ent -26.7 / prior_obs_ent 20.5 / post_obs_ent 7.6 / boundary_ratio 0.0 / kl_mask 0.0 / normed_target_mean 0.4 / normed_target_std 0.3 / normed_target_min -0.2 / normed_target_max 1.8 / EMA_005 25.5 / EMA_095 159.8 / value_mean 82.9 / value_std 40.6 / value_min 4.6 / value_max 172.0 / target_mean 85.6 / target_std 44.9 / target_min 2.2 / target_max 261.0 / imag_reward_mean 0.7 / imag_reward_std 2.9 / imag_reward_min 0.0 / imag_reward_max 56.6 / imag_action_mean 7.4 / imag_action_std 4.8 / imag_action_min 0.0 / imag_action_max 17.0 / actor_entropy 0.4 / actor_loss 0.9 / actor_grad_norm 2.4 / value_loss 2.1 / value_grad_norm 1.4 / update_count 15856.0 / fps 12.2
add_video needs package moviepy
add_video needs package moviepy
[73648] 
Start evaluation.
[73648] eval_return 2160.0 / eval_length 1340.0 / eval_episodes 5.0
add_video needs package moviepy
Start training.
[73648] model_loss 20.5 / model_grad_norm 30.1 / image_loss 11.6 / reward_loss 0.1 / cont_loss 0.0 / kl_free 1.0 / dyn_scale 0.5 / rep_scale 0.1 / dyn_loss 14.7 / rep_loss 14.7 / kl 14.7 / prior_abs_ent 28.7 / post_abs_ent -26.8 / prior_obs_ent 20.3 / post_obs_ent 7.2 / boundary_ratio 0.0 / kl_mask 0.0 / normed_target_mean 0.4 / normed_target_std 0.3 / normed_target_min -0.2 / normed_target_max 1.6 / EMA_005 25.8 / EMA_095 164.1 / value_mean 85.1 / value_std 41.0 / value_min 4.9 / value_max 175.5 / target_mean 87.9 / target_std 45.2 / target_min 2.9 / target_max 253.0 / imag_reward_mean 0.7 / imag_reward_std 2.8 / imag_reward_min 0.0 / imag_reward_max 39.3 / imag_action_mean 7.3 / imag_action_std 4.7 / imag_action_min 0.0 / imag_action_max 17.0 / actor_entropy 0.4 / actor_loss 1.0 / actor_grad_norm 2.5 / value_loss 2.2 / value_grad_norm 1.4 / update_count 16012.0 / fps 12.5
add_video needs package moviepy
add_video needs package moviepy
[74272] 
Start evaluation.
[74272] eval_return 2032.0 / eval_length 1363.0 / eval_episodes 5.0
add_video needs package moviepy
Start training.
[74272] model_loss 20.3 / model_grad_norm 26.5 / image_loss 11.4 / reward_loss 0.1 / cont_loss 0.0 / kl_free 1.0 / dyn_scale 0.5 / rep_scale 0.1 / dyn_loss 14.6 / rep_loss 14.6 / kl 14.6 / prior_abs_ent 28.7 / post_abs_ent -26.7 / prior_obs_ent 20.5 / post_obs_ent 7.5 / boundary_ratio 0.0 / kl_mask 0.0 / normed_target_mean 0.4 / normed_target_std 0.3 / normed_target_min -0.2 / normed_target_max 1.7 / EMA_005 26.2 / EMA_095 165.8 / value_mean 85.5 / value_std 42.0 / value_min 5.1 / value_max 177.8 / target_mean 87.8 / target_std 45.9 / target_min 3.5 / target_max 261.0 / imag_reward_mean 0.7 / imag_reward_std 2.8 / imag_reward_min 0.0 / imag_reward_max 50.3 / imag_action_mean 7.3 / imag_action_std 4.7 / imag_action_min 0.0 / imag_action_max 17.0 / actor_entropy 0.4 / actor_loss 0.8 / actor_grad_norm 2.4 / value_loss 2.1 / value_grad_norm 1.4 / update_count 16168.0 / fps 12.4
add_video needs package moviepy
add_video needs package moviepy
[74896] 
Start evaluation.
[74896] eval_return 2498.0 / eval_length 1354.6 / eval_episodes 5.0
add_video needs package moviepy
Start training.
[74896] model_loss 20.3 / model_grad_norm 25.3 / image_loss 11.4 / reward_loss 0.1 / cont_loss 0.0 / kl_free 1.0 / dyn_scale 0.5 / rep_scale 0.1 / dyn_loss 14.7 / rep_loss 14.7 / kl 14.7 / prior_abs_ent 29.0 / post_abs_ent -26.8 / prior_obs_ent 19.7 / post_obs_ent 6.7 / boundary_ratio 0.0 / kl_mask 0.0 / normed_target_mean 0.5 / normed_target_std 0.3 / normed_target_min -0.2 / normed_target_max 1.7 / EMA_005 27.0 / EMA_095 168.3 / value_mean 90.0 / value_std 42.4 / value_min 6.0 / value_max 179.1 / target_mean 92.7 / target_std 46.3 / target_min 4.6 / target_max 262.7 / imag_reward_mean 0.7 / imag_reward_std 2.8 / imag_reward_min 0.0 / imag_reward_max 46.3 / imag_action_mean 7.3 / imag_action_std 4.7 / imag_action_min 0.0 / imag_action_max 17.0 / actor_entropy 0.4 / actor_loss 1.0 / actor_grad_norm 2.4 / value_loss 2.1 / value_grad_norm 1.4 / update_count 16324.0 / fps 12.4
add_video needs package moviepy
add_video needs package moviepy
[75520] 
Start evaluation.
[75520] eval_return 2178.0 / eval_length 1419.8 / eval_episodes 5.0
add_video needs package moviepy
Start training.
[75520] model_loss 20.5 / model_grad_norm 27.3 / image_loss 11.5 / reward_loss 0.1 / cont_loss 0.0 / kl_free 1.0 / dyn_scale 0.5 / rep_scale 0.1 / dyn_loss 15.0 / rep_loss 15.0 / kl 15.0 / prior_abs_ent 29.0 / post_abs_ent -26.9 / prior_obs_ent 20.7 / post_obs_ent 7.5 / boundary_ratio 0.0 / kl_mask 0.0 / normed_target_mean 0.5 / normed_target_std 0.3 / normed_target_min -0.2 / normed_target_max 1.6 / EMA_005 27.6 / EMA_095 171.6 / value_mean 92.1 / value_std 43.6 / value_min 4.7 / value_max 181.9 / target_mean 95.1 / target_std 47.6 / target_min 3.4 / target_max 261.6 / imag_reward_mean 0.7 / imag_reward_std 2.8 / imag_reward_min 0.0 / imag_reward_max 43.2 / imag_action_mean 7.3 / imag_action_std 4.7 / imag_action_min 0.0 / imag_action_max 17.0 / actor_entropy 0.4 / actor_loss 1.1 / actor_grad_norm 2.6 / value_loss 2.2 / value_grad_norm 1.4 / update_count 16480.0 / fps 12.2
add_video needs package moviepy
add_video needs package moviepy
[76144] 
Start evaluation.
[76144] eval_return 2658.0 / eval_length 1445.2 / eval_episodes 5.0
add_video needs package moviepy
Start training.
[76144] model_loss 20.4 / model_grad_norm 25.7 / image_loss 11.4 / reward_loss 0.1 / cont_loss 0.0 / kl_free 1.0 / dyn_scale 0.5 / rep_scale 0.1 / dyn_loss 14.8 / rep_loss 14.8 / kl 14.8 / prior_abs_ent 29.0 / post_abs_ent -26.8 / prior_obs_ent 20.6 / post_obs_ent 7.4 / boundary_ratio 0.0 / kl_mask 0.0 / normed_target_mean 0.5 / normed_target_std 0.3 / normed_target_min -0.2 / normed_target_max 1.6 / EMA_005 28.5 / EMA_095 175.5 / value_mean 95.3 / value_std 44.5 / value_min 5.9 / value_max 184.5 / target_mean 98.1 / target_std 48.6 / target_min 4.6 / target_max 268.2 / imag_reward_mean 0.7 / imag_reward_std 2.8 / imag_reward_min 0.0 / imag_reward_max 36.9 / imag_action_mean 7.4 / imag_action_std 4.7 / imag_action_min 0.0 / imag_action_max 17.0 / actor_entropy 0.4 / actor_loss 1.0 / actor_grad_norm 2.6 / value_loss 2.1 / value_grad_norm 1.4 / update_count 16636.0 / fps 12.2
add_video needs package moviepy
add_video needs package moviepy
[76768] 
Start evaluation.
[76768] eval_return 2398.0 / eval_length 1412.6 / eval_episodes 5.0
add_video needs package moviepy
Start training.
[76768] model_loss 20.7 / model_grad_norm 26.0 / image_loss 11.6 / reward_loss 0.1 / cont_loss 0.0 / kl_free 1.0 / dyn_scale 0.5 / rep_scale 0.1 / dyn_loss 15.0 / rep_loss 15.0 / kl 15.0 / prior_abs_ent 29.1 / post_abs_ent -26.9 / prior_obs_ent 20.6 / post_obs_ent 7.3 / boundary_ratio 0.0 / kl_mask 0.0 / normed_target_mean 0.5 / normed_target_std 0.3 / normed_target_min -0.2 / normed_target_max 1.6 / EMA_005 29.3 / EMA_095 178.6 / value_mean 95.2 / value_std 45.2 / value_min 5.1 / value_max 186.3 / target_mean 98.0 / target_std 49.3 / target_min 3.0 / target_max 266.1 / imag_reward_mean 0.7 / imag_reward_std 2.8 / imag_reward_min 0.0 / imag_reward_max 30.5 / imag_action_mean 7.7 / imag_action_std 4.7 / imag_action_min 0.0 / imag_action_max 17.0 / actor_entropy 0.4 / actor_loss 1.0 / actor_grad_norm 2.6 / value_loss 2.1 / value_grad_norm 1.4 / update_count 16792.0 / fps 12.2
add_video needs package moviepy
add_video needs package moviepy
[77004] dataset_size 19251.0 / train_return 3540.0 / train_length 1425.0 / train_episodes 14.0
[77392] 
Start evaluation.
[77392] eval_return 2480.0 / eval_length 1465.8 / eval_episodes 5.0
add_video needs package moviepy
Start training.
[77392] model_loss 20.4 / model_grad_norm 28.8 / image_loss 11.4 / reward_loss 0.1 / cont_loss 0.0 / kl_free 1.0 / dyn_scale 0.5 / rep_scale 0.1 / dyn_loss 14.9 / rep_loss 14.9 / kl 14.9 / prior_abs_ent 29.1 / post_abs_ent -27.0 / prior_obs_ent 21.1 / post_obs_ent 7.9 / boundary_ratio 0.0 / kl_mask 0.0 / normed_target_mean 0.5 / normed_target_std 0.3 / normed_target_min -0.2 / normed_target_max 1.6 / EMA_005 30.3 / EMA_095 182.5 / value_mean 99.5 / value_std 47.0 / value_min 6.3 / value_max 189.1 / target_mean 102.2 / target_std 50.9 / target_min 5.3 / target_max 275.3 / imag_reward_mean 0.7 / imag_reward_std 2.8 / imag_reward_min 0.0 / imag_reward_max 38.2 / imag_action_mean 7.8 / imag_action_std 4.8 / imag_action_min 0.0 / imag_action_max 17.0 / actor_entropy 0.4 / actor_loss 0.9 / actor_grad_norm 2.5 / value_loss 2.1 / value_grad_norm 1.5 / update_count 16948.0 / fps 11.0
add_video needs package moviepy
add_video needs package moviepy
[78016] 
Start evaluation.
[78016] eval_return 2566.0 / eval_length 1356.4 / eval_episodes 5.0
add_video needs package moviepy
Start training.
[78016] model_loss 20.0 / model_grad_norm 27.5 / image_loss 11.1 / reward_loss 0.1 / cont_loss 0.0 / kl_free 1.0 / dyn_scale 0.5 / rep_scale 0.1 / dyn_loss 14.6 / rep_loss 14.6 / kl 14.6 / prior_abs_ent 28.9 / post_abs_ent -26.8 / prior_obs_ent 20.3 / post_obs_ent 7.2 / boundary_ratio 0.0 / kl_mask 0.0 / normed_target_mean 0.5 / normed_target_std 0.3 / normed_target_min -0.2 / normed_target_max 1.6 / EMA_005 30.7 / EMA_095 186.1 / value_mean 103.0 / value_std 48.0 / value_min 5.9 / value_max 192.5 / target_mean 106.1 / target_std 52.1 / target_min 4.0 / target_max 279.6 / imag_reward_mean 0.8 / imag_reward_std 2.9 / imag_reward_min 0.0 / imag_reward_max 44.6 / imag_action_mean 7.9 / imag_action_std 4.8 / imag_action_min 0.0 / imag_action_max 17.0 / actor_entropy 0.3 / actor_loss 1.0 / actor_grad_norm 2.6 / value_loss 2.1 / value_grad_norm 1.4 / update_count 17104.0 / fps 7.5
add_video needs package moviepy
add_video needs package moviepy
[78640] 
Start evaluation.
[78640] eval_return 2774.0 / eval_length 1466.4 / eval_episodes 5.0
add_video needs package moviepy
Start training.
[78640] model_loss 20.1 / model_grad_norm 27.1 / image_loss 11.1 / reward_loss 0.1 / cont_loss 0.0 / kl_free 1.0 / dyn_scale 0.5 / rep_scale 0.1 / dyn_loss 14.7 / rep_loss 14.7 / kl 14.7 / prior_abs_ent 29.0 / post_abs_ent -26.8 / prior_obs_ent 20.5 / post_obs_ent 7.4 / boundary_ratio 0.0 / kl_mask 0.0 / normed_target_mean 0.5 / normed_target_std 0.3 / normed_target_min -0.2 / normed_target_max 1.6 / EMA_005 32.6 / EMA_095 190.4 / value_mean 106.5 / value_std 49.8 / value_min 5.0 / value_max 196.2 / target_mean 109.2 / target_std 53.6 / target_min 3.1 / target_max 280.3 / imag_reward_mean 0.7 / imag_reward_std 2.9 / imag_reward_min 0.0 / imag_reward_max 56.0 / imag_action_mean 8.1 / imag_action_std 4.8 / imag_action_min 0.0 / imag_action_max 17.0 / actor_entropy 0.3 / actor_loss 0.8 / actor_grad_norm 2.5 / value_loss 2.1 / value_grad_norm 1.4 / update_count 17260.0 / fps 7.1
add_video needs package moviepy
add_video needs package moviepy
[79264] 
Start evaluation.
[79264] eval_return 2434.0 / eval_length 1323.8 / eval_episodes 5.0
add_video needs package moviepy
Start training.
[79264] model_loss 20.3 / model_grad_norm 26.2 / image_loss 11.3 / reward_loss 0.1 / cont_loss 0.0 / kl_free 1.0 / dyn_scale 0.5 / rep_scale 0.1 / dyn_loss 14.8 / rep_loss 14.8 / kl 14.8 / prior_abs_ent 29.0 / post_abs_ent -26.9 / prior_obs_ent 20.4 / post_obs_ent 7.2 / boundary_ratio 0.0 / kl_mask 0.0 / normed_target_mean 0.5 / normed_target_std 0.3 / normed_target_min -0.2 / normed_target_max 1.6 / EMA_005 32.7 / EMA_095 193.7 / value_mean 110.4 / value_std 49.7 / value_min 5.9 / value_max 199.9 / target_mean 113.6 / target_std 53.8 / target_min 4.6 / target_max 291.2 / imag_reward_mean 0.8 / imag_reward_std 3.0 / imag_reward_min 0.0 / imag_reward_max 53.1 / imag_action_mean 8.3 / imag_action_std 4.8 / imag_action_min 0.0 / imag_action_max 17.0 / actor_entropy 0.3 / actor_loss 1.0 / actor_grad_norm 2.6 / value_loss 2.0 / value_grad_norm 1.4 / update_count 17416.0 / fps 9.8
add_video needs package moviepy
add_video needs package moviepy
[79888] 
Start evaluation.
[79888] eval_return 2534.0 / eval_length 1451.6 / eval_episodes 5.0
add_video needs package moviepy
Start training.
[79888] model_loss 20.1 / model_grad_norm 24.3 / image_loss 11.1 / reward_loss 0.1 / cont_loss 0.0 / kl_free 1.0 / dyn_scale 0.5 / rep_scale 0.1 / dyn_loss 14.9 / rep_loss 14.9 / kl 14.9 / prior_abs_ent 29.2 / post_abs_ent -26.8 / prior_obs_ent 20.4 / post_obs_ent 7.2 / boundary_ratio 0.0 / kl_mask 0.0 / normed_target_mean 0.5 / normed_target_std 0.3 / normed_target_min -0.2 / normed_target_max 1.6 / EMA_005 34.3 / EMA_095 198.1 / value_mean 114.5 / value_std 51.7 / value_min 6.3 / value_max 205.5 / target_mean 118.0 / target_std 55.8 / target_min 4.8 / target_max 294.5 / imag_reward_mean 0.8 / imag_reward_std 3.1 / imag_reward_min 0.0 / imag_reward_max 52.0 / imag_action_mean 8.6 / imag_action_std 4.8 / imag_action_min 0.0 / imag_action_max 17.0 / actor_entropy 0.3 / actor_loss 1.1 / actor_grad_norm 2.5 / value_loss 2.0 / value_grad_norm 1.4 / update_count 17572.0 / fps 11.4
add_video needs package moviepy
add_video needs package moviepy
[80512] 
Start evaluation.
[80512] eval_return 2418.0 / eval_length 1454.8 / eval_episodes 5.0
add_video needs package moviepy
Start training.
[80512] model_loss 20.2 / model_grad_norm 26.5 / image_loss 11.1 / reward_loss 0.1 / cont_loss 0.0 / kl_free 1.0 / dyn_scale 0.5 / rep_scale 0.1 / dyn_loss 15.1 / rep_loss 15.1 / kl 15.1 / prior_abs_ent 29.3 / post_abs_ent -26.8 / prior_obs_ent 20.6 / post_obs_ent 7.2 / boundary_ratio 0.0 / kl_mask 0.0 / normed_target_mean 0.5 / normed_target_std 0.3 / normed_target_min -0.2 / normed_target_max 1.5 / EMA_005 34.4 / EMA_095 204.9 / value_mean 116.5 / value_std 54.0 / value_min 5.9 / value_max 210.8 / target_mean 119.8 / target_std 58.2 / target_min 4.4 / target_max 293.2 / imag_reward_mean 0.8 / imag_reward_std 3.0 / imag_reward_min 0.0 / imag_reward_max 37.7 / imag_action_mean 8.7 / imag_action_std 4.8 / imag_action_min 0.0 / imag_action_max 17.0 / actor_entropy 0.3 / actor_loss 1.0 / actor_grad_norm 2.5 / value_loss 2.0 / value_grad_norm 1.4 / update_count 17728.0 / fps 11.3
add_video needs package moviepy
add_video needs package moviepy
[80832] dataset_size 20208.0 / train_return 1870.0 / train_length 957.0 / train_episodes 15.0
[81136] 
Start evaluation.
[81136] eval_return 3038.0 / eval_length 1419.8 / eval_episodes 5.0
add_video needs package moviepy
Start training.
[81136] model_loss 21.1 / model_grad_norm 61.6 / image_loss 11.8 / reward_loss 0.1 / cont_loss 0.0 / kl_free 1.0 / dyn_scale 0.5 / rep_scale 0.1 / dyn_loss 15.5 / rep_loss 15.5 / kl 15.5 / prior_abs_ent 29.3 / post_abs_ent -27.0 / prior_obs_ent 21.3 / post_obs_ent 7.6 / boundary_ratio 0.0 / kl_mask 0.0 / normed_target_mean 0.5 / normed_target_std 0.3 / normed_target_min -0.2 / normed_target_max 1.5 / EMA_005 34.1 / EMA_095 212.0 / value_mean 123.5 / value_std 57.2 / value_min 5.2 / value_max 215.0 / target_mean 127.2 / target_std 61.8 / target_min 4.1 / target_max 301.7 / imag_reward_mean 0.9 / imag_reward_std 3.1 / imag_reward_min 0.0 / imag_reward_max 31.6 / imag_action_mean 8.8 / imag_action_std 4.8 / imag_action_min 0.0 / imag_action_max 17.0 / actor_entropy 0.3 / actor_loss 1.1 / actor_grad_norm 2.6 / value_loss 2.1 / value_grad_norm 1.4 / update_count 17884.0 / fps 12.2
add_video needs package moviepy
add_video needs package moviepy
[81760] 
Start evaluation.
[81760] eval_return 2068.0 / eval_length 1324.8 / eval_episodes 5.0
add_video needs package moviepy
Start training.
[81760] model_loss 20.0 / model_grad_norm 23.1 / image_loss 11.1 / reward_loss 0.1 / cont_loss 0.0 / kl_free 1.0 / dyn_scale 0.5 / rep_scale 0.1 / dyn_loss 14.7 / rep_loss 14.7 / kl 14.7 / prior_abs_ent 29.3 / post_abs_ent -26.9 / prior_obs_ent 20.2 / post_obs_ent 7.0 / boundary_ratio 0.0 / kl_mask 0.0 / normed_target_mean 0.5 / normed_target_std 0.3 / normed_target_min -0.2 / normed_target_max 1.5 / EMA_005 34.1 / EMA_095 218.0 / value_mean 128.4 / value_std 58.1 / value_min 5.8 / value_max 218.1 / target_mean 131.6 / target_std 62.5 / target_min 4.2 / target_max 309.2 / imag_reward_mean 0.9 / imag_reward_std 3.1 / imag_reward_min 0.0 / imag_reward_max 41.4 / imag_action_mean 8.6 / imag_action_std 4.8 / imag_action_min 0.0 / imag_action_max 17.0 / actor_entropy 0.3 / actor_loss 0.9 / actor_grad_norm 2.7 / value_loss 2.1 / value_grad_norm 1.3 / update_count 18040.0 / fps 12.5
add_video needs package moviepy
add_video needs package moviepy
[82384] 
Start evaluation.
[82384] eval_return 2382.0 / eval_length 1357.0 / eval_episodes 5.0
add_video needs package moviepy
Start training.
[82384] model_loss 19.5 / model_grad_norm 22.3 / image_loss 10.8 / reward_loss 0.1 / cont_loss 0.0 / kl_free 1.0 / dyn_scale 0.5 / rep_scale 0.1 / dyn_loss 14.5 / rep_loss 14.5 / kl 14.5 / prior_abs_ent 28.9 / post_abs_ent -26.7 / prior_obs_ent 19.5 / post_obs_ent 6.6 / boundary_ratio 0.0 / kl_mask 0.0 / normed_target_mean 0.5 / normed_target_std 0.3 / normed_target_min -0.2 / normed_target_max 1.5 / EMA_005 34.8 / EMA_095 222.4 / value_mean 131.1 / value_std 60.9 / value_min 5.7 / value_max 222.3 / target_mean 134.5 / target_std 65.0 / target_min 4.2 / target_max 307.2 / imag_reward_mean 0.8 / imag_reward_std 3.0 / imag_reward_min 0.0 / imag_reward_max 35.8 / imag_action_mean 8.9 / imag_action_std 4.8 / imag_action_min 0.0 / imag_action_max 17.0 / actor_entropy 0.3 / actor_loss 0.9 / actor_grad_norm 2.5 / value_loss 1.9 / value_grad_norm 1.3 / update_count 18196.0 / fps 12.4
add_video needs package moviepy
add_video needs package moviepy
[83008] 
Start evaluation.
[83008] eval_return 2582.0 / eval_length 1318.8 / eval_episodes 5.0
add_video needs package moviepy
Start training.
[83008] model_loss 19.8 / model_grad_norm 29.4 / image_loss 10.9 / reward_loss 0.1 / cont_loss 0.0 / kl_free 1.0 / dyn_scale 0.5 / rep_scale 0.1 / dyn_loss 14.8 / rep_loss 14.8 / kl 14.8 / prior_abs_ent 28.9 / post_abs_ent -27.0 / prior_obs_ent 19.3 / post_obs_ent 6.2 / boundary_ratio 0.0 / kl_mask 0.0 / normed_target_mean 0.5 / normed_target_std 0.3 / normed_target_min -0.2 / normed_target_max 1.4 / EMA_005 34.3 / EMA_095 228.4 / value_mean 133.2 / value_std 62.9 / value_min 6.0 / value_max 230.6 / target_mean 136.5 / target_std 67.0 / target_min 4.8 / target_max 311.4 / imag_reward_mean 0.9 / imag_reward_std 3.1 / imag_reward_min -0.0 / imag_reward_max 33.9 / imag_action_mean 8.9 / imag_action_std 4.8 / imag_action_min 0.0 / imag_action_max 17.0 / actor_entropy 0.3 / actor_loss 0.9 / actor_grad_norm 2.6 / value_loss 2.0 / value_grad_norm 1.4 / update_count 18352.0 / fps 12.4
add_video needs package moviepy
add_video needs package moviepy
[83632] 
Start evaluation.
[83632] eval_return 2610.0 / eval_length 1437.8 / eval_episodes 5.0
add_video needs package moviepy
Start training.
[83632] model_loss 19.6 / model_grad_norm 25.9 / image_loss 10.8 / reward_loss 0.1 / cont_loss 0.0 / kl_free 1.0 / dyn_scale 0.5 / rep_scale 0.1 / dyn_loss 14.6 / rep_loss 14.6 / kl 14.6 / prior_abs_ent 28.3 / post_abs_ent -27.0 / prior_obs_ent 19.2 / post_obs_ent 6.2 / boundary_ratio 0.0 / kl_mask 0.0 / normed_target_mean 0.5 / normed_target_std 0.3 / normed_target_min -0.1 / normed_target_max 1.5 / EMA_005 34.3 / EMA_095 234.4 / value_mean 139.1 / value_std 65.4 / value_min 5.6 / value_max 238.6 / target_mean 142.9 / target_std 69.4 / target_min 5.2 / target_max 324.7 / imag_reward_mean 0.9 / imag_reward_std 3.2 / imag_reward_min -0.0 / imag_reward_max 54.7 / imag_action_mean 9.0 / imag_action_std 4.8 / imag_action_min 0.0 / imag_action_max 17.0 / actor_entropy 0.3 / actor_loss 1.0 / actor_grad_norm 2.7 / value_loss 1.9 / value_grad_norm 1.4 / update_count 18508.0 / fps 12.1
add_video needs package moviepy
add_video needs package moviepy
[84256] 
Start evaluation.
[84256] eval_return 2494.0 / eval_length 1410.4 / eval_episodes 5.0
add_video needs package moviepy
Start training.
[84256] model_loss 19.4 / model_grad_norm 24.9 / image_loss 10.6 / reward_loss 0.1 / cont_loss 0.0 / kl_free 1.0 / dyn_scale 0.5 / rep_scale 0.1 / dyn_loss 14.5 / rep_loss 14.5 / kl 14.5 / prior_abs_ent 28.8 / post_abs_ent -26.9 / prior_obs_ent 19.0 / post_obs_ent 6.1 / boundary_ratio 0.0 / kl_mask 0.0 / normed_target_mean 0.6 / normed_target_std 0.3 / normed_target_min -0.1 / normed_target_max 1.4 / EMA_005 35.7 / EMA_095 240.7 / value_mean 146.7 / value_std 66.2 / value_min 8.3 / value_max 246.1 / target_mean 150.6 / target_std 70.4 / target_min 7.2 / target_max 327.2 / imag_reward_mean 0.9 / imag_reward_std 3.2 / imag_reward_min -0.0 / imag_reward_max 43.2 / imag_action_mean 8.8 / imag_action_std 4.8 / imag_action_min 0.0 / imag_action_max 17.0 / actor_entropy 0.3 / actor_loss 1.0 / actor_grad_norm 2.8 / value_loss 1.9 / value_grad_norm 1.3 / update_count 18664.0 / fps 12.2
add_video needs package moviepy
add_video needs package moviepy
[84880] 
Start evaluation.
[84880] eval_return 2826.0 / eval_length 1386.4 / eval_episodes 5.0
add_video needs package moviepy
Start training.
[84880] model_loss 19.4 / model_grad_norm 26.1 / image_loss 10.6 / reward_loss 0.1 / cont_loss 0.0 / kl_free 1.0 / dyn_scale 0.5 / rep_scale 0.1 / dyn_loss 14.6 / rep_loss 14.6 / kl 14.6 / prior_abs_ent 28.0 / post_abs_ent -27.3 / prior_obs_ent 19.1 / post_obs_ent 6.0 / boundary_ratio 0.0 / kl_mask 0.0 / normed_target_mean 0.5 / normed_target_std 0.3 / normed_target_min -0.1 / normed_target_max 1.4 / EMA_005 37.9 / EMA_095 248.3 / value_mean 149.7 / value_std 67.9 / value_min 8.5 / value_max 251.1 / target_mean 153.6 / target_std 72.1 / target_min 8.2 / target_max 333.2 / imag_reward_mean 0.9 / imag_reward_std 3.2 / imag_reward_min -0.0 / imag_reward_max 38.4 / imag_action_mean 9.1 / imag_action_std 4.7 / imag_action_min 0.0 / imag_action_max 17.0 / actor_entropy 0.3 / actor_loss 1.0 / actor_grad_norm 2.6 / value_loss 1.9 / value_grad_norm 1.3 / update_count 18820.0 / fps 9.2
add_video needs package moviepy
add_video needs package moviepy
[85504] 
Start evaluation.
[85504] eval_return 2460.0 / eval_length 1400.6 / eval_episodes 5.0
add_video needs package moviepy
Start training.
[85504] model_loss 19.5 / model_grad_norm 24.0 / image_loss 10.7 / reward_loss 0.1 / cont_loss 0.0 / kl_free 1.0 / dyn_scale 0.5 / rep_scale 0.1 / dyn_loss 14.7 / rep_loss 14.7 / kl 14.7 / prior_abs_ent 28.0 / post_abs_ent -27.2 / prior_obs_ent 18.4 / post_obs_ent 5.4 / boundary_ratio 0.0 / kl_mask 0.0 / normed_target_mean 0.6 / normed_target_std 0.3 / normed_target_min -0.1 / normed_target_max 1.4 / EMA_005 37.9 / EMA_095 254.9 / value_mean 154.7 / value_std 69.2 / value_min 7.1 / value_max 256.1 / target_mean 158.8 / target_std 73.0 / target_min 5.9 / target_max 334.1 / imag_reward_mean 0.9 / imag_reward_std 3.1 / imag_reward_min -0.0 / imag_reward_max 26.1 / imag_action_mean 9.2 / imag_action_std 4.8 / imag_action_min 0.0 / imag_action_max 17.0 / actor_entropy 0.3 / actor_loss 1.0 / actor_grad_norm 2.6 / value_loss 1.9 / value_grad_norm 1.4 / update_count 18976.0 / fps 12.2
add_video needs package moviepy
add_video needs package moviepy
[86128] 
Start evaluation.
[86128] eval_return 2274.0 / eval_length 1416.4 / eval_episodes 5.0
add_video needs package moviepy
Start training.
[86128] model_loss 19.3 / model_grad_norm 23.4 / image_loss 10.6 / reward_loss 0.1 / cont_loss 0.0 / kl_free 1.0 / dyn_scale 0.5 / rep_scale 0.1 / dyn_loss 14.5 / rep_loss 14.5 / kl 14.5 / prior_abs_ent 28.7 / post_abs_ent -27.0 / prior_obs_ent 18.3 / post_obs_ent 5.3 / boundary_ratio 0.0 / kl_mask 0.0 / normed_target_mean 0.6 / normed_target_std 0.3 / normed_target_min -0.2 / normed_target_max 1.4 / EMA_005 40.2 / EMA_095 259.7 / value_mean 159.8 / value_std 70.4 / value_min 7.9 / value_max 261.8 / target_mean 163.8 / target_std 74.5 / target_min 6.8 / target_max 340.3 / imag_reward_mean 0.9 / imag_reward_std 3.2 / imag_reward_min -0.0 / imag_reward_max 45.4 / imag_action_mean 9.0 / imag_action_std 4.8 / imag_action_min 0.0 / imag_action_max 17.0 / actor_entropy 0.3 / actor_loss 1.0 / actor_grad_norm 2.7 / value_loss 1.9 / value_grad_norm 1.3 / update_count 19132.0 / fps 12.2
add_video needs package moviepy
add_video needs package moviepy
[86600] dataset_size 21650.0 / train_return 2870.0 / train_length 1442.0 / train_episodes 16.0
[86752] 
Start evaluation.
[86752] eval_return 1922.0 / eval_length 1325.8 / eval_episodes 5.0
add_video needs package moviepy
Start training.
[86752] model_loss 19.4 / model_grad_norm 25.8 / image_loss 10.5 / reward_loss 0.1 / cont_loss 0.0 / kl_free 1.0 / dyn_scale 0.5 / rep_scale 0.1 / dyn_loss 14.7 / rep_loss 14.7 / kl 14.7 / prior_abs_ent 28.9 / post_abs_ent -27.1 / prior_obs_ent 18.3 / post_obs_ent 5.2 / boundary_ratio 0.0 / kl_mask 0.0 / normed_target_mean 0.6 / normed_target_std 0.3 / normed_target_min -0.2 / normed_target_max 1.4 / EMA_005 42.6 / EMA_095 266.3 / value_mean 169.0 / value_std 70.8 / value_min 9.8 / value_max 272.0 / target_mean 173.1 / target_std 74.7 / target_min 8.2 / target_max 349.1 / imag_reward_mean 0.9 / imag_reward_std 3.2 / imag_reward_min -0.0 / imag_reward_max 38.8 / imag_action_mean 8.9 / imag_action_std 4.8 / imag_action_min 0.0 / imag_action_max 17.0 / actor_entropy 0.3 / actor_loss 1.0 / actor_grad_norm 2.8 / value_loss 1.8 / value_grad_norm 1.3 / update_count 19288.0 / fps 12.3
add_video needs package moviepy
add_video needs package moviepy
[87376] 
Start evaluation.
[87376] eval_return 2568.0 / eval_length 1421.6 / eval_episodes 5.0
add_video needs package moviepy
Start training.
[87376] model_loss 19.4 / model_grad_norm 24.8 / image_loss 10.5 / reward_loss 0.1 / cont_loss 0.0 / kl_free 1.0 / dyn_scale 0.5 / rep_scale 0.1 / dyn_loss 14.8 / rep_loss 14.8 / kl 14.8 / prior_abs_ent 28.8 / post_abs_ent -27.1 / prior_obs_ent 18.6 / post_obs_ent 5.5 / boundary_ratio 0.0 / kl_mask 0.0 / normed_target_mean 0.6 / normed_target_std 0.3 / normed_target_min -0.1 / normed_target_max 1.4 / EMA_005 42.1 / EMA_095 272.5 / value_mean 171.7 / value_std 74.7 / value_min 9.7 / value_max 281.4 / target_mean 175.5 / target_std 78.7 / target_min 8.7 / target_max 360.1 / imag_reward_mean 1.0 / imag_reward_std 3.3 / imag_reward_min -0.0 / imag_reward_max 33.0 / imag_action_mean 8.6 / imag_action_std 4.9 / imag_action_min 0.0 / imag_action_max 17.0 / actor_entropy 0.3 / actor_loss 0.9 / actor_grad_norm 3.0 / value_loss 1.9 / value_grad_norm 1.3 / update_count 19444.0 / fps 11.4
add_video needs package moviepy
add_video needs package moviepy
[88000] 
Start evaluation.
[88000] eval_return 2260.0 / eval_length 1439.2 / eval_episodes 5.0
add_video needs package moviepy
Start training.
[88000] model_loss 19.2 / model_grad_norm 25.0 / image_loss 10.4 / reward_loss 0.1 / cont_loss 0.0 / kl_free 1.0 / dyn_scale 0.5 / rep_scale 0.1 / dyn_loss 14.6 / rep_loss 14.6 / kl 14.6 / prior_abs_ent 28.9 / post_abs_ent -27.1 / prior_obs_ent 18.4 / post_obs_ent 5.4 / boundary_ratio 0.0 / kl_mask 0.0 / normed_target_mean 0.6 / normed_target_std 0.3 / normed_target_min -0.2 / normed_target_max 1.4 / EMA_005 44.3 / EMA_095 278.1 / value_mean 175.9 / value_std 75.3 / value_min 9.7 / value_max 289.1 / target_mean 179.7 / target_std 79.2 / target_min 8.4 / target_max 366.6 / imag_reward_mean 0.9 / imag_reward_std 3.3 / imag_reward_min -0.0 / imag_reward_max 42.0 / imag_action_mean 8.7 / imag_action_std 4.9 / imag_action_min 0.0 / imag_action_max 17.0 / actor_entropy 0.3 / actor_loss 0.9 / actor_grad_norm 2.9 / value_loss 1.9 / value_grad_norm 1.3 / update_count 19600.0 / fps 12.1
add_video needs package moviepy
add_video needs package moviepy
[88624] 
Start evaluation.
[88624] eval_return 2660.0 / eval_length 1346.6 / eval_episodes 5.0
add_video needs package moviepy
Start training.
[88624] model_loss 19.5 / model_grad_norm 28.5 / image_loss 10.5 / reward_loss 0.1 / cont_loss 0.0 / kl_free 1.0 / dyn_scale 0.5 / rep_scale 0.1 / dyn_loss 14.9 / rep_loss 14.9 / kl 14.9 / prior_abs_ent 28.9 / post_abs_ent -27.1 / prior_obs_ent 18.9 / post_obs_ent 5.6 / boundary_ratio 0.0 / kl_mask 0.0 / normed_target_mean 0.6 / normed_target_std 0.3 / normed_target_min -0.2 / normed_target_max 1.4 / EMA_005 43.5 / EMA_095 285.7 / value_mean 182.3 / value_std 77.1 / value_min 7.4 / value_max 294.3 / target_mean 186.2 / target_std 80.9 / target_min 5.6 / target_max 372.5 / imag_reward_mean 1.0 / imag_reward_std 3.3 / imag_reward_min -0.0 / imag_reward_max 40.0 / imag_action_mean 8.7 / imag_action_std 4.9 / imag_action_min 0.0 / imag_action_max 17.0 / actor_entropy 0.3 / actor_loss 1.0 / actor_grad_norm 3.1 / value_loss 1.9 / value_grad_norm 1.3 / update_count 19756.0 / fps 12.3
add_video needs package moviepy
add_video needs package moviepy
[89248] 
Start evaluation.
[89248] eval_return 1668.0 / eval_length 1363.6 / eval_episodes 5.0
add_video needs package moviepy
Start training.
[89248] model_loss 19.5 / model_grad_norm 26.7 / image_loss 10.5 / reward_loss 0.1 / cont_loss 0.0 / kl_free 1.0 / dyn_scale 0.5 / rep_scale 0.1 / dyn_loss 15.0 / rep_loss 15.0 / kl 15.0 / prior_abs_ent 28.8 / post_abs_ent -27.1 / prior_obs_ent 19.6 / post_obs_ent 6.3 / boundary_ratio 0.0 / kl_mask 0.0 / normed_target_mean 0.6 / normed_target_std 0.3 / normed_target_min -0.2 / normed_target_max 1.4 / EMA_005 45.7 / EMA_095 292.0 / value_mean 185.7 / value_std 78.0 / value_min 9.1 / value_max 296.7 / target_mean 189.5 / target_std 81.7 / target_min 7.2 / target_max 379.4 / imag_reward_mean 1.0 / imag_reward_std 3.4 / imag_reward_min -0.0 / imag_reward_max 52.9 / imag_action_mean 8.8 / imag_action_std 4.9 / imag_action_min 0.0 / imag_action_max 17.0 / actor_entropy 0.3 / actor_loss 0.9 / actor_grad_norm 3.1 / value_loss 1.9 / value_grad_norm 1.3 / update_count 19912.0 / fps 12.3
add_video needs package moviepy
add_video needs package moviepy
[89872] 
Start evaluation.
[89872] eval_return 2800.0 / eval_length 1450.0 / eval_episodes 5.0
add_video needs package moviepy
Start training.
[89872] model_loss 19.4 / model_grad_norm 25.1 / image_loss 10.5 / reward_loss 0.1 / cont_loss 0.0 / kl_free 1.0 / dyn_scale 0.5 / rep_scale 0.1 / dyn_loss 14.8 / rep_loss 14.8 / kl 14.8 / prior_abs_ent 28.9 / post_abs_ent -27.1 / prior_obs_ent 19.2 / post_obs_ent 6.0 / boundary_ratio 0.0 / kl_mask 0.0 / normed_target_mean 0.6 / normed_target_std 0.3 / normed_target_min -0.2 / normed_target_max 1.4 / EMA_005 50.2 / EMA_095 297.3 / value_mean 191.9 / value_std 77.2 / value_min 10.2 / value_max 301.3 / target_mean 196.4 / target_std 81.3 / target_min 9.0 / target_max 385.8 / imag_reward_mean 1.0 / imag_reward_std 3.4 / imag_reward_min -0.0 / imag_reward_max 39.4 / imag_action_mean 8.8 / imag_action_std 4.9 / imag_action_min 0.0 / imag_action_max 17.0 / actor_entropy 0.3 / actor_loss 1.1 / actor_grad_norm 3.1 / value_loss 1.8 / value_grad_norm 1.3 / update_count 20068.0 / fps 12.2
add_video needs package moviepy
add_video needs package moviepy
[90496] 
Start evaluation.
[90496] eval_return 2384.0 / eval_length 1267.0 / eval_episodes 5.0
add_video needs package moviepy
Start training.
[90496] model_loss 19.4 / model_grad_norm 28.3 / image_loss 10.2 / reward_loss 0.1 / cont_loss 0.0 / kl_free 1.0 / dyn_scale 0.5 / rep_scale 0.1 / dyn_loss 15.2 / rep_loss 15.2 / kl 15.2 / prior_abs_ent 28.9 / post_abs_ent -27.1 / prior_obs_ent 19.2 / post_obs_ent 5.8 / boundary_ratio 0.0 / kl_mask 0.0 / normed_target_mean 0.6 / normed_target_std 0.3 / normed_target_min -0.2 / normed_target_max 1.3 / EMA_005 50.3 / EMA_095 305.6 / value_mean 197.3 / value_std 82.7 / value_min 8.0 / value_max 312.0 / target_mean 201.5 / target_std 86.7 / target_min 6.3 / target_max 389.5 / imag_reward_mean 1.0 / imag_reward_std 3.3 / imag_reward_min -0.0 / imag_reward_max 33.4 / imag_action_mean 8.7 / imag_action_std 4.9 / imag_action_min 0.0 / imag_action_max 17.0 / actor_entropy 0.3 / actor_loss 1.0 / actor_grad_norm 3.1 / value_loss 1.8 / value_grad_norm 1.3 / update_count 20224.0 / fps 12.6
add_video needs package moviepy
add_video needs package moviepy
[91120] 
Start evaluation.
[91120] eval_return 2640.0 / eval_length 1443.0 / eval_episodes 5.0
add_video needs package moviepy
Start training.
[91120] model_loss 19.6 / model_grad_norm 27.6 / image_loss 10.5 / reward_loss 0.1 / cont_loss 0.0 / kl_free 1.0 / dyn_scale 0.5 / rep_scale 0.1 / dyn_loss 15.1 / rep_loss 15.1 / kl 15.1 / prior_abs_ent 29.0 / post_abs_ent -27.2 / prior_obs_ent 20.4 / post_obs_ent 6.9 / boundary_ratio 0.0 / kl_mask 0.0 / normed_target_mean 0.6 / normed_target_std 0.3 / normed_target_min -0.2 / normed_target_max 1.3 / EMA_005 53.1 / EMA_095 313.8 / value_mean 203.4 / value_std 83.3 / value_min 8.7 / value_max 327.1 / target_mean 207.9 / target_std 87.4 / target_min 8.4 / target_max 401.8 / imag_reward_mean 1.1 / imag_reward_std 3.5 / imag_reward_min -0.0 / imag_reward_max 48.2 / imag_action_mean 8.7 / imag_action_std 4.9 / imag_action_min 0.0 / imag_action_max 17.0 / actor_entropy 0.3 / actor_loss 1.1 / actor_grad_norm 3.2 / value_loss 1.8 / value_grad_norm 1.3 / update_count 20380.0 / fps 12.1
add_video needs package moviepy
add_video needs package moviepy
[91744] 
Start evaluation.
[91744] eval_return 2474.0 / eval_length 1442.0 / eval_episodes 5.0
add_video needs package moviepy
Start training.
[91744] model_loss 19.6 / model_grad_norm 27.9 / image_loss 10.4 / reward_loss 0.1 / cont_loss 0.0 / kl_free 1.0 / dyn_scale 0.5 / rep_scale 0.1 / dyn_loss 15.1 / rep_loss 15.1 / kl 15.1 / prior_abs_ent 28.8 / post_abs_ent -27.1 / prior_obs_ent 19.9 / post_obs_ent 6.4 / boundary_ratio 0.0 / kl_mask 0.0 / normed_target_mean 0.6 / normed_target_std 0.3 / normed_target_min -0.2 / normed_target_max 1.3 / EMA_005 53.5 / EMA_095 322.3 / value_mean 210.7 / value_std 85.7 / value_min 9.4 / value_max 339.7 / target_mean 215.4 / target_std 89.8 / target_min 9.2 / target_max 412.2 / imag_reward_mean 1.1 / imag_reward_std 3.5 / imag_reward_min -0.0 / imag_reward_max 38.6 / imag_action_mean 8.6 / imag_action_std 4.9 / imag_action_min 0.0 / imag_action_max 17.0 / actor_entropy 0.3 / actor_loss 1.2 / actor_grad_norm 3.2 / value_loss 1.8 / value_grad_norm 1.3 / update_count 20536.0 / fps 12.1
add_video needs package moviepy
add_video needs package moviepy
[92324] dataset_size 23081.0 / train_return 3490.0 / train_length 1431.0 / train_episodes 17.0
[92368] 
Start evaluation.
[92368] eval_return 2612.0 / eval_length 1364.2 / eval_episodes 5.0
add_video needs package moviepy
Start training.
[92368] model_loss 19.5 / model_grad_norm 26.7 / image_loss 10.4 / reward_loss 0.1 / cont_loss 0.0 / kl_free 1.0 / dyn_scale 0.5 / rep_scale 0.1 / dyn_loss 15.1 / rep_loss 15.1 / kl 15.1 / prior_abs_ent 29.0 / post_abs_ent -27.1 / prior_obs_ent 19.6 / post_obs_ent 6.1 / boundary_ratio 0.0 / kl_mask 0.0 / normed_target_mean 0.6 / normed_target_std 0.3 / normed_target_min -0.2 / normed_target_max 1.3 / EMA_005 55.9 / EMA_095 331.0 / value_mean 218.9 / value_std 87.1 / value_min 8.1 / value_max 347.8 / target_mean 223.5 / target_std 91.0 / target_min 6.5 / target_max 425.5 / imag_reward_mean 1.1 / imag_reward_std 3.5 / imag_reward_min -0.0 / imag_reward_max 44.0 / imag_action_mean 8.6 / imag_action_std 4.9 / imag_action_min 0.0 / imag_action_max 17.0 / actor_entropy 0.3 / actor_loss 1.1 / actor_grad_norm 3.2 / value_loss 1.8 / value_grad_norm 1.2 / update_count 20692.0 / fps 12.3
add_video needs package moviepy
add_video needs package moviepy
[92992] 
Start evaluation.
[92992] eval_return 2298.0 / eval_length 1333.6 / eval_episodes 5.0
add_video needs package moviepy
Start training.
[92992] model_loss 19.7 / model_grad_norm 28.5 / image_loss 10.4 / reward_loss 0.1 / cont_loss 0.0 / kl_free 1.0 / dyn_scale 0.5 / rep_scale 0.1 / dyn_loss 15.3 / rep_loss 15.3 / kl 15.3 / prior_abs_ent 28.9 / post_abs_ent -27.2 / prior_obs_ent 19.9 / post_obs_ent 6.3 / boundary_ratio 0.0 / kl_mask 0.0 / normed_target_mean 0.6 / normed_target_std 0.3 / normed_target_min -0.2 / normed_target_max 1.3 / EMA_005 59.6 / EMA_095 340.0 / value_mean 222.3 / value_std 89.5 / value_min 8.8 / value_max 352.8 / target_mean 226.6 / target_std 93.7 / target_min 8.1 / target_max 433.2 / imag_reward_mean 1.1 / imag_reward_std 3.6 / imag_reward_min -0.0 / imag_reward_max 50.9 / imag_action_mean 8.8 / imag_action_std 4.9 / imag_action_min 0.0 / imag_action_max 17.0 / actor_entropy 0.3 / actor_loss 1.0 / actor_grad_norm 3.2 / value_loss 1.8 / value_grad_norm 1.3 / update_count 20848.0 / fps 12.5
add_video needs package moviepy
add_video needs package moviepy
[93616] 
Start evaluation.
[93616] eval_return 2646.0 / eval_length 1406.6 / eval_episodes 5.0
add_video needs package moviepy
Start training.
[93616] model_loss 19.5 / model_grad_norm 26.4 / image_loss 10.3 / reward_loss 0.1 / cont_loss 0.0 / kl_free 1.0 / dyn_scale 0.5 / rep_scale 0.1 / dyn_loss 15.2 / rep_loss 15.2 / kl 15.2 / prior_abs_ent 29.2 / post_abs_ent -27.1 / prior_obs_ent 20.0 / post_obs_ent 6.4 / boundary_ratio 0.0 / kl_mask 0.0 / normed_target_mean 0.6 / normed_target_std 0.3 / normed_target_min -0.2 / normed_target_max 1.3 / EMA_005 59.1 / EMA_095 347.9 / value_mean 226.8 / value_std 94.6 / value_min 9.0 / value_max 357.1 / target_mean 231.2 / target_std 98.6 / target_min 8.0 / target_max 440.9 / imag_reward_mean 1.1 / imag_reward_std 3.7 / imag_reward_min -0.0 / imag_reward_max 51.1 / imag_action_mean 8.8 / imag_action_std 4.9 / imag_action_min 0.0 / imag_action_max 17.0 / actor_entropy 0.3 / actor_loss 0.9 / actor_grad_norm 3.3 / value_loss 1.8 / value_grad_norm 1.3 / update_count 21004.0 / fps 12.2
add_video needs package moviepy
add_video needs package moviepy
[94240] 
Start evaluation.
[94240] eval_return 2742.0 / eval_length 1404.8 / eval_episodes 5.0
add_video needs package moviepy
Start training.
[94240] model_loss 19.5 / model_grad_norm 25.3 / image_loss 10.3 / reward_loss 0.1 / cont_loss 0.0 / kl_free 1.0 / dyn_scale 0.5 / rep_scale 0.1 / dyn_loss 15.1 / rep_loss 15.1 / kl 15.1 / prior_abs_ent 28.8 / post_abs_ent -27.0 / prior_obs_ent 20.2 / post_obs_ent 6.8 / boundary_ratio 0.0 / kl_mask 0.0 / normed_target_mean 0.6 / normed_target_std 0.3 / normed_target_min -0.2 / normed_target_max 1.3 / EMA_005 61.0 / EMA_095 356.8 / value_mean 232.4 / value_std 94.4 / value_min 7.6 / value_max 365.5 / target_mean 236.8 / target_std 98.6 / target_min 6.9 / target_max 441.7 / imag_reward_mean 1.1 / imag_reward_std 3.6 / imag_reward_min -0.0 / imag_reward_max 51.2 / imag_action_mean 8.5 / imag_action_std 5.0 / imag_action_min 0.0 / imag_action_max 17.0 / actor_entropy 0.3 / actor_loss 1.0 / actor_grad_norm 3.2 / value_loss 1.7 / value_grad_norm 1.2 / update_count 21160.0 / fps 12.3
add_video needs package moviepy
add_video needs package moviepy
[94864] 
Start evaluation.
[94864] eval_return 2736.0 / eval_length 1378.6 / eval_episodes 5.0
add_video needs package moviepy
Start training.
[94864] model_loss 19.4 / model_grad_norm 28.8 / image_loss 10.2 / reward_loss 0.1 / cont_loss 0.0 / kl_free 1.0 / dyn_scale 0.5 / rep_scale 0.1 / dyn_loss 15.2 / rep_loss 15.2 / kl 15.2 / prior_abs_ent 28.5 / post_abs_ent -27.2 / prior_obs_ent 20.3 / post_obs_ent 6.8 / boundary_ratio 0.0 / kl_mask 0.0 / normed_target_mean 0.6 / normed_target_std 0.3 / normed_target_min -0.2 / normed_target_max 1.3 / EMA_005 60.5 / EMA_095 363.7 / value_mean 234.7 / value_std 99.3 / value_min 8.4 / value_max 376.6 / target_mean 238.6 / target_std 103.3 / target_min 8.5 / target_max 454.1 / imag_reward_mean 1.1 / imag_reward_std 3.6 / imag_reward_min -0.0 / imag_reward_max 50.6 / imag_action_mean 8.3 / imag_action_std 5.0 / imag_action_min 0.0 / imag_action_max 17.0 / actor_entropy 0.3 / actor_loss 0.9 / actor_grad_norm 3.4 / value_loss 1.7 / value_grad_norm 1.4 / update_count 21316.0 / fps 12.4
add_video needs package moviepy
add_video needs package moviepy
[95488] 
Start evaluation.
[95488] eval_return 2542.0 / eval_length 1371.8 / eval_episodes 5.0
add_video needs package moviepy
Start training.
[95488] model_loss 19.4 / model_grad_norm 27.5 / image_loss 10.2 / reward_loss 0.1 / cont_loss 0.0 / kl_free 1.0 / dyn_scale 0.5 / rep_scale 0.1 / dyn_loss 15.2 / rep_loss 15.2 / kl 15.2 / prior_abs_ent 28.8 / post_abs_ent -27.1 / prior_obs_ent 20.1 / post_obs_ent 6.6 / boundary_ratio 0.0 / kl_mask 0.0 / normed_target_mean 0.6 / normed_target_std 0.3 / normed_target_min -0.2 / normed_target_max 1.3 / EMA_005 61.3 / EMA_095 368.5 / value_mean 240.3 / value_std 99.9 / value_min 9.3 / value_max 384.6 / target_mean 244.3 / target_std 103.8 / target_min 8.4 / target_max 457.4 / imag_reward_mean 1.1 / imag_reward_std 3.5 / imag_reward_min -0.0 / imag_reward_max 36.1 / imag_action_mean 8.2 / imag_action_std 5.0 / imag_action_min 0.0 / imag_action_max 17.0 / actor_entropy 0.3 / actor_loss 0.9 / actor_grad_norm 3.3 / value_loss 1.7 / value_grad_norm 1.2 / update_count 21472.0 / fps 12.3
add_video needs package moviepy
add_video needs package moviepy
[96112] 
Start evaluation.
[96112] eval_return 2790.0 / eval_length 1379.8 / eval_episodes 5.0
add_video needs package moviepy
Start training.
[96112] model_loss 19.2 / model_grad_norm 24.2 / image_loss 10.1 / reward_loss 0.1 / cont_loss 0.0 / kl_free 1.0 / dyn_scale 0.5 / rep_scale 0.1 / dyn_loss 15.1 / rep_loss 15.1 / kl 15.1 / prior_abs_ent 29.0 / post_abs_ent -27.0 / prior_obs_ent 20.0 / post_obs_ent 6.6 / boundary_ratio 0.0 / kl_mask 0.0 / normed_target_mean 0.6 / normed_target_std 0.3 / normed_target_min -0.2 / normed_target_max 1.3 / EMA_005 63.4 / EMA_095 377.2 / value_mean 242.3 / value_std 103.1 / value_min 8.5 / value_max 395.0 / target_mean 246.5 / target_std 106.9 / target_min 7.8 / target_max 464.6 / imag_reward_mean 1.0 / imag_reward_std 3.4 / imag_reward_min -0.0 / imag_reward_max 38.7 / imag_action_mean 8.2 / imag_action_std 5.0 / imag_action_min 0.0 / imag_action_max 17.0 / actor_entropy 0.3 / actor_loss 0.9 / actor_grad_norm 3.3 / value_loss 1.7 / value_grad_norm 1.2 / update_count 21628.0 / fps 12.3
add_video needs package moviepy
add_video needs package moviepy
[96736] 
Start evaluation.
[96736] eval_return 2608.0 / eval_length 1350.6 / eval_episodes 5.0
add_video needs package moviepy
Start training.
[96736] model_loss 19.5 / model_grad_norm 25.3 / image_loss 10.3 / reward_loss 0.1 / cont_loss 0.0 / kl_free 1.0 / dyn_scale 0.5 / rep_scale 0.1 / dyn_loss 15.3 / rep_loss 15.3 / kl 15.3 / prior_abs_ent 29.0 / post_abs_ent -27.1 / prior_obs_ent 20.4 / post_obs_ent 6.8 / boundary_ratio 0.0 / kl_mask 0.0 / normed_target_mean 0.6 / normed_target_std 0.3 / normed_target_min -0.2 / normed_target_max 1.3 / EMA_005 65.5 / EMA_095 384.5 / value_mean 249.3 / value_std 103.5 / value_min 12.2 / value_max 401.0 / target_mean 253.2 / target_std 107.2 / target_min 12.1 / target_max 467.8 / imag_reward_mean 1.1 / imag_reward_std 3.5 / imag_reward_min -0.0 / imag_reward_max 30.6 / imag_action_mean 8.1 / imag_action_std 5.0 / imag_action_min 0.0 / imag_action_max 17.0 / actor_entropy 0.3 / actor_loss 0.8 / actor_grad_norm 3.4 / value_loss 1.7 / value_grad_norm 1.3 / update_count 21784.0 / fps 12.4
add_video needs package moviepy
add_video needs package moviepy
[97180] dataset_size 24295.0 / train_return 2550.0 / train_length 1214.0 / train_episodes 18.0
[97360] 
Start evaluation.
[97360] eval_return 3458.0 / eval_length 1425.2 / eval_episodes 5.0
add_video needs package moviepy
Start training.
[97360] model_loss 19.5 / model_grad_norm 27.1 / image_loss 10.2 / reward_loss 0.1 / cont_loss 0.0 / kl_free 1.0 / dyn_scale 0.5 / rep_scale 0.1 / dyn_loss 15.4 / rep_loss 15.4 / kl 15.4 / prior_abs_ent 29.1 / post_abs_ent -27.2 / prior_obs_ent 20.7 / post_obs_ent 6.9 / boundary_ratio 0.0 / kl_mask 0.0 / normed_target_mean 0.6 / normed_target_std 0.3 / normed_target_min -0.2 / normed_target_max 1.3 / EMA_005 66.5 / EMA_095 392.4 / value_mean 253.8 / value_std 105.4 / value_min 11.0 / value_max 406.2 / target_mean 257.6 / target_std 109.0 / target_min 9.8 / target_max 479.5 / imag_reward_mean 1.1 / imag_reward_std 3.6 / imag_reward_min -0.0 / imag_reward_max 42.0 / imag_action_mean 7.9 / imag_action_std 5.0 / imag_action_min 0.0 / imag_action_max 17.0 / actor_entropy 0.3 / actor_loss 0.8 / actor_grad_norm 3.5 / value_loss 1.7 / value_grad_norm 1.3 / update_count 21940.0 / fps 12.1
add_video needs package moviepy
add_video needs package moviepy
[97984] 
Start evaluation.
[97984] eval_return 2614.0 / eval_length 1433.8 / eval_episodes 5.0
add_video needs package moviepy
Start training.
[97984] model_loss 19.3 / model_grad_norm 25.8 / image_loss 10.2 / reward_loss 0.1 / cont_loss 0.0 / kl_free 1.0 / dyn_scale 0.5 / rep_scale 0.1 / dyn_loss 15.1 / rep_loss 15.1 / kl 15.1 / prior_abs_ent 29.2 / post_abs_ent -26.9 / prior_obs_ent 20.5 / post_obs_ent 6.9 / boundary_ratio 0.0 / kl_mask 0.0 / normed_target_mean 0.6 / normed_target_std 0.3 / normed_target_min -0.2 / normed_target_max 1.3 / EMA_005 67.8 / EMA_095 398.3 / value_mean 252.1 / value_std 109.7 / value_min 10.9 / value_max 410.0 / target_mean 256.0 / target_std 113.3 / target_min 10.5 / target_max 483.5 / imag_reward_mean 1.1 / imag_reward_std 3.5 / imag_reward_min -0.0 / imag_reward_max 41.1 / imag_action_mean 7.9 / imag_action_std 5.0 / imag_action_min 0.0 / imag_action_max 17.0 / actor_entropy 0.3 / actor_loss 0.9 / actor_grad_norm 3.4 / value_loss 1.7 / value_grad_norm 1.2 / update_count 22096.0 / fps 12.2
add_video needs package moviepy
add_video needs package moviepy
[98608] 
Start evaluation.
[98608] eval_return 2408.0 / eval_length 1331.4 / eval_episodes 5.0
add_video needs package moviepy
Start training.
[98608] model_loss 19.1 / model_grad_norm 23.9 / image_loss 10.0 / reward_loss 0.1 / cont_loss 0.0 / kl_free 1.0 / dyn_scale 0.5 / rep_scale 0.1 / dyn_loss 15.0 / rep_loss 15.0 / kl 15.0 / prior_abs_ent 29.2 / post_abs_ent -27.0 / prior_obs_ent 19.7 / post_obs_ent 6.3 / boundary_ratio 0.0 / kl_mask 0.0 / normed_target_mean 0.6 / normed_target_std 0.3 / normed_target_min -0.2 / normed_target_max 1.3 / EMA_005 66.8 / EMA_095 402.8 / value_mean 260.1 / value_std 108.6 / value_min 12.7 / value_max 412.8 / target_mean 264.2 / target_std 112.0 / target_min 13.4 / target_max 490.6 / imag_reward_mean 1.1 / imag_reward_std 3.6 / imag_reward_min -0.0 / imag_reward_max 46.9 / imag_action_mean 7.9 / imag_action_std 5.0 / imag_action_min 0.0 / imag_action_max 17.0 / actor_entropy 0.3 / actor_loss 0.9 / actor_grad_norm 3.3 / value_loss 1.7 / value_grad_norm 1.2 / update_count 22252.0 / fps 12.4
add_video needs package moviepy
add_video needs package moviepy
[99232] 
Start evaluation.
[99232] eval_return 2402.0 / eval_length 1322.6 / eval_episodes 5.0
add_video needs package moviepy
Start training.
[99232] model_loss 19.3 / model_grad_norm 25.9 / image_loss 10.1 / reward_loss 0.1 / cont_loss 0.0 / kl_free 1.0 / dyn_scale 0.5 / rep_scale 0.1 / dyn_loss 15.2 / rep_loss 15.2 / kl 15.2 / prior_abs_ent 29.0 / post_abs_ent -27.0 / prior_obs_ent 20.7 / post_obs_ent 7.1 / boundary_ratio 0.0 / kl_mask 0.0 / normed_target_mean 0.6 / normed_target_std 0.3 / normed_target_min -0.2 / normed_target_max 1.3 / EMA_005 70.9 / EMA_095 409.0 / value_mean 267.6 / value_std 111.2 / value_min 9.4 / value_max 419.5 / target_mean 271.4 / target_std 114.7 / target_min 9.3 / target_max 497.2 / imag_reward_mean 1.1 / imag_reward_std 3.6 / imag_reward_min -0.0 / imag_reward_max 39.0 / imag_action_mean 7.8 / imag_action_std 5.0 / imag_action_min 0.0 / imag_action_max 17.0 / actor_entropy 0.3 / actor_loss 0.9 / actor_grad_norm 3.4 / value_loss 1.6 / value_grad_norm 1.2 / update_count 22408.0 / fps 12.3
add_video needs package moviepy
add_video needs package moviepy
[99856] 
Start evaluation.
[99856] eval_return 2228.0 / eval_length 1299.8 / eval_episodes 5.0
add_video needs package moviepy
Start training.
[99856] model_loss 19.2 / model_grad_norm 27.3 / image_loss 10.0 / reward_loss 0.1 / cont_loss 0.0 / kl_free 1.0 / dyn_scale 0.5 / rep_scale 0.1 / dyn_loss 15.2 / rep_loss 15.2 / kl 15.2 / prior_abs_ent 29.1 / post_abs_ent -27.1 / prior_obs_ent 20.3 / post_obs_ent 6.8 / boundary_ratio 0.0 / kl_mask 0.0 / normed_target_mean 0.6 / normed_target_std 0.3 / normed_target_min -0.2 / normed_target_max 1.3 / EMA_005 71.7 / EMA_095 416.3 / value_mean 271.1 / value_std 113.0 / value_min 12.8 / value_max 429.3 / target_mean 275.3 / target_std 116.3 / target_min 12.5 / target_max 503.1 / imag_reward_mean 1.1 / imag_reward_std 3.6 / imag_reward_min -0.0 / imag_reward_max 35.0 / imag_action_mean 8.1 / imag_action_std 5.0 / imag_action_min 0.0 / imag_action_max 17.0 / actor_entropy 0.3 / actor_loss 1.0 / actor_grad_norm 3.4 / value_loss 1.6 / value_grad_norm 1.2 / update_count 22564.0 / fps 12.4
add_video needs package moviepy
add_video needs package moviepy
[100480] 
Start evaluation.
[100480] eval_return 2794.0 / eval_length 1432.4 / eval_episodes 5.0
add_video needs package moviepy
Start training.
[100480] model_loss 19.1 / model_grad_norm 26.3 / image_loss 9.9 / reward_loss 0.1 / cont_loss 0.0 / kl_free 1.0 / dyn_scale 0.5 / rep_scale 0.1 / dyn_loss 15.2 / rep_loss 15.2 / kl 15.2 / prior_abs_ent 29.6 / post_abs_ent -27.1 / prior_obs_ent 20.6 / post_obs_ent 7.0 / boundary_ratio 0.0 / kl_mask 0.0 / normed_target_mean 0.6 / normed_target_std 0.3 / normed_target_min -0.2 / normed_target_max 1.3 / EMA_005 72.3 / EMA_095 421.1 / value_mean 274.7 / value_std 113.5 / value_min 11.7 / value_max 438.3 / target_mean 278.7 / target_std 117.0 / target_min 12.6 / target_max 509.4 / imag_reward_mean 1.1 / imag_reward_std 3.6 / imag_reward_min -0.0 / imag_reward_max 42.6 / imag_action_mean 8.1 / imag_action_std 4.9 / imag_action_min 0.0 / imag_action_max 17.0 / actor_entropy 0.3 / actor_loss 1.0 / actor_grad_norm 3.5 / value_loss 1.6 / value_grad_norm 1.3 / update_count 22720.0 / fps 12.1
add_video needs package moviepy
add_video needs package moviepy
[101104] 
Start evaluation.
[101104] eval_return 3528.0 / eval_length 1356.2 / eval_episodes 5.0
add_video needs package moviepy
Start training.
[101104] model_loss 19.1 / model_grad_norm 25.8 / image_loss 9.9 / reward_loss 0.1 / cont_loss 0.0 / kl_free 1.0 / dyn_scale 0.5 / rep_scale 0.1 / dyn_loss 15.3 / rep_loss 15.3 / kl 15.3 / prior_abs_ent 29.2 / post_abs_ent -27.1 / prior_obs_ent 20.2 / post_obs_ent 6.5 / boundary_ratio 0.0 / kl_mask 0.0 / normed_target_mean 0.6 / normed_target_std 0.3 / normed_target_min -0.2 / normed_target_max 1.2 / EMA_005 75.6 / EMA_095 428.5 / value_mean 280.5 / value_std 116.3 / value_min 11.7 / value_max 447.6 / target_mean 284.8 / target_std 120.0 / target_min 11.9 / target_max 514.8 / imag_reward_mean 1.2 / imag_reward_std 3.6 / imag_reward_min -0.0 / imag_reward_max 30.2 / imag_action_mean 8.0 / imag_action_std 4.9 / imag_action_min 0.0 / imag_action_max 17.0 / actor_entropy 0.3 / actor_loss 0.9 / actor_grad_norm 3.5 / value_loss 1.6 / value_grad_norm 1.2 / update_count 22876.0 / fps 12.3
add_video needs package moviepy
add_video needs package moviepy
[101728] 
Start evaluation.
[101728] eval_return 2090.0 / eval_length 1273.4 / eval_episodes 5.0
add_video needs package moviepy
Start training.
[101728] model_loss 19.3 / model_grad_norm 26.0 / image_loss 10.0 / reward_loss 0.1 / cont_loss 0.0 / kl_free 1.0 / dyn_scale 0.5 / rep_scale 0.1 / dyn_loss 15.3 / rep_loss 15.3 / kl 15.3 / prior_abs_ent 29.3 / post_abs_ent -27.2 / prior_obs_ent 20.3 / post_obs_ent 6.6 / boundary_ratio 0.0 / kl_mask 0.0 / normed_target_mean 0.6 / normed_target_std 0.3 / normed_target_min -0.2 / normed_target_max 1.2 / EMA_005 76.0 / EMA_095 436.3 / value_mean 285.0 / value_std 118.4 / value_min 11.7 / value_max 454.0 / target_mean 289.2 / target_std 121.6 / target_min 12.6 / target_max 525.3 / imag_reward_mean 1.1 / imag_reward_std 3.7 / imag_reward_min -0.0 / imag_reward_max 57.7 / imag_action_mean 7.8 / imag_action_std 4.9 / imag_action_min 0.0 / imag_action_max 17.0 / actor_entropy 0.3 / actor_loss 0.9 / actor_grad_norm 3.5 / value_loss 1.6 / value_grad_norm 1.3 / update_count 23032.0 / fps 12.6
add_video needs package moviepy
add_video needs package moviepy
[102352] 
Start evaluation.
[102352] eval_return 3292.0 / eval_length 1382.0 / eval_episodes 5.0
add_video needs package moviepy
Start training.
[102352] model_loss 19.4 / model_grad_norm 24.0 / image_loss 10.1 / reward_loss 0.1 / cont_loss 0.0 / kl_free 1.0 / dyn_scale 0.5 / rep_scale 0.1 / dyn_loss 15.4 / rep_loss 15.4 / kl 15.4 / prior_abs_ent 29.2 / post_abs_ent -27.1 / prior_obs_ent 20.4 / post_obs_ent 6.6 / boundary_ratio 0.0 / kl_mask 0.0 / normed_target_mean 0.6 / normed_target_std 0.3 / normed_target_min -0.2 / normed_target_max 1.2 / EMA_005 75.9 / EMA_095 443.7 / value_mean 290.6 / value_std 120.7 / value_min 10.0 / value_max 459.8 / target_mean 294.9 / target_std 124.2 / target_min 11.1 / target_max 530.5 / imag_reward_mean 1.2 / imag_reward_std 3.7 / imag_reward_min -0.0 / imag_reward_max 33.5 / imag_action_mean 8.3 / imag_action_std 4.9 / imag_action_min 0.0 / imag_action_max 17.0 / actor_entropy 0.3 / actor_loss 0.9 / actor_grad_norm 3.7 / value_loss 1.6 / value_grad_norm 1.2 / update_count 23188.0 / fps 12.3
add_video needs package moviepy
add_video needs package moviepy
[102552] dataset_size 25638.0 / train_return 2990.0 / train_length 1343.0 / train_episodes 19.0
[102976] 
Start evaluation.
[102976] eval_return 3376.0 / eval_length 1364.0 / eval_episodes 5.0
add_video needs package moviepy
Start training.
[102976] model_loss 19.2 / model_grad_norm 28.4 / image_loss 9.9 / reward_loss 0.1 / cont_loss 0.0 / kl_free 1.0 / dyn_scale 0.5 / rep_scale 0.1 / dyn_loss 15.4 / rep_loss 15.4 / kl 15.4 / prior_abs_ent 29.5 / post_abs_ent -27.1 / prior_obs_ent 20.5 / post_obs_ent 6.7 / boundary_ratio 0.0 / kl_mask 0.0 / normed_target_mean 0.6 / normed_target_std 0.3 / normed_target_min -0.2 / normed_target_max 1.2 / EMA_005 75.7 / EMA_095 453.2 / value_mean 290.1 / value_std 125.3 / value_min 10.4 / value_max 466.8 / target_mean 294.6 / target_std 129.0 / target_min 10.4 / target_max 543.4 / imag_reward_mean 1.2 / imag_reward_std 3.7 / imag_reward_min -0.0 / imag_reward_max 51.0 / imag_action_mean 8.2 / imag_action_std 4.9 / imag_action_min 0.0 / imag_action_max 17.0 / actor_entropy 0.3 / actor_loss 0.9 / actor_grad_norm 3.6 / value_loss 1.6 / value_grad_norm 1.3 / update_count 23344.0 / fps 12.3
add_video needs package moviepy
add_video needs package moviepy
[103600] 
Start evaluation.
[103600] eval_return 2566.0 / eval_length 1381.2 / eval_episodes 5.0
add_video needs package moviepy
Start training.
[103600] model_loss 19.0 / model_grad_norm 26.5 / image_loss 9.8 / reward_loss 0.1 / cont_loss 0.0 / kl_free 1.0 / dyn_scale 0.5 / rep_scale 0.1 / dyn_loss 15.3 / rep_loss 15.3 / kl 15.3 / prior_abs_ent 29.8 / post_abs_ent -27.1 / prior_obs_ent 19.8 / post_obs_ent 6.2 / boundary_ratio 0.0 / kl_mask 0.0 / normed_target_mean 0.6 / normed_target_std 0.3 / normed_target_min -0.2 / normed_target_max 1.2 / EMA_005 78.8 / EMA_095 461.1 / value_mean 297.3 / value_std 124.7 / value_min 13.2 / value_max 472.5 / target_mean 301.9 / target_std 128.2 / target_min 14.6 / target_max 546.2 / imag_reward_mean 1.2 / imag_reward_std 3.7 / imag_reward_min -0.0 / imag_reward_max 37.0 / imag_action_mean 8.5 / imag_action_std 4.8 / imag_action_min 0.0 / imag_action_max 17.0 / actor_entropy 0.3 / actor_loss 1.1 / actor_grad_norm 3.9 / value_loss 1.6 / value_grad_norm 1.3 / update_count 23500.0 / fps 12.3
add_video needs package moviepy
add_video needs package moviepy
[104224] 
Start evaluation.
[104224] eval_return 2514.0 / eval_length 1410.4 / eval_episodes 5.0
add_video needs package moviepy
Start training.
[104224] model_loss 19.1 / model_grad_norm 28.3 / image_loss 9.8 / reward_loss 0.1 / cont_loss 0.0 / kl_free 1.0 / dyn_scale 0.5 / rep_scale 0.1 / dyn_loss 15.4 / rep_loss 15.4 / kl 15.4 / prior_abs_ent 29.7 / post_abs_ent -27.1 / prior_obs_ent 20.6 / post_obs_ent 6.9 / boundary_ratio 0.0 / kl_mask 0.0 / normed_target_mean 0.6 / normed_target_std 0.3 / normed_target_min -0.2 / normed_target_max 1.2 / EMA_005 80.9 / EMA_095 467.2 / value_mean 303.9 / value_std 127.3 / value_min 11.4 / value_max 476.1 / target_mean 308.7 / target_std 130.2 / target_min 13.0 / target_max 550.6 / imag_reward_mean 1.1 / imag_reward_std 3.6 / imag_reward_min -0.0 / imag_reward_max 33.1 / imag_action_mean 8.7 / imag_action_std 4.7 / imag_action_min 0.0 / imag_action_max 17.0 / actor_entropy 0.3 / actor_loss 1.1 / actor_grad_norm 3.7 / value_loss 1.6 / value_grad_norm 1.3 / update_count 23656.0 / fps 12.3
add_video needs package moviepy
add_video needs package moviepy
[104848] 
Start evaluation.
[104848] eval_return 2360.0 / eval_length 1072.2 / eval_episodes 5.0
add_video needs package moviepy
Start training.
[104848] model_loss 19.1 / model_grad_norm 28.9 / image_loss 9.8 / reward_loss 0.1 / cont_loss 0.0 / kl_free 1.0 / dyn_scale 0.5 / rep_scale 0.1 / dyn_loss 15.4 / rep_loss 15.4 / kl 15.4 / prior_abs_ent 29.6 / post_abs_ent -27.1 / prior_obs_ent 20.5 / post_obs_ent 6.7 / boundary_ratio 0.0 / kl_mask 0.0 / normed_target_mean 0.6 / normed_target_std 0.3 / normed_target_min -0.2 / normed_target_max 1.2 / EMA_005 84.1 / EMA_095 472.5 / value_mean 304.2 / value_std 128.2 / value_min 13.0 / value_max 481.7 / target_mean 309.0 / target_std 131.2 / target_min 14.6 / target_max 553.3 / imag_reward_mean 1.2 / imag_reward_std 3.6 / imag_reward_min -0.0 / imag_reward_max 27.7 / imag_action_mean 8.7 / imag_action_std 4.6 / imag_action_min 0.0 / imag_action_max 17.0 / actor_entropy 0.3 / actor_loss 1.1 / actor_grad_norm 3.6 / value_loss 1.6 / value_grad_norm 1.3 / update_count 23812.0 / fps 13.3
add_video needs package moviepy
add_video needs package moviepy
[105472] 
Start evaluation.
[105472] eval_return 3680.0 / eval_length 1511.6 / eval_episodes 5.0
add_video needs package moviepy
Start training.
[105472] model_loss 19.1 / model_grad_norm 25.1 / image_loss 9.7 / reward_loss 0.1 / cont_loss 0.0 / kl_free 1.0 / dyn_scale 0.5 / rep_scale 0.1 / dyn_loss 15.4 / rep_loss 15.4 / kl 15.4 / prior_abs_ent 29.6 / post_abs_ent -27.0 / prior_obs_ent 20.3 / post_obs_ent 6.4 / boundary_ratio 0.0 / kl_mask 0.0 / normed_target_mean 0.6 / normed_target_std 0.3 / normed_target_min -0.2 / normed_target_max 1.2 / EMA_005 88.6 / EMA_095 478.3 / value_mean 317.5 / value_std 128.0 / value_min 15.0 / value_max 491.7 / target_mean 322.3 / target_std 131.2 / target_min 15.0 / target_max 561.2 / imag_reward_mean 1.2 / imag_reward_std 3.7 / imag_reward_min -0.0 / imag_reward_max 39.6 / imag_action_mean 8.7 / imag_action_std 4.5 / imag_action_min 0.0 / imag_action_max 17.0 / actor_entropy 0.3 / actor_loss 1.1 / actor_grad_norm 3.5 / value_loss 1.5 / value_grad_norm 1.2 / update_count 23968.0 / fps 11.9
add_video needs package moviepy
add_video needs package moviepy
[106096] 
Start evaluation.
[106096] eval_return 2754.0 / eval_length 1291.4 / eval_episodes 5.0
add_video needs package moviepy
Start training.
[106096] model_loss 18.9 / model_grad_norm 26.8 / image_loss 9.6 / reward_loss 0.1 / cont_loss 0.0 / kl_free 1.0 / dyn_scale 0.5 / rep_scale 0.1 / dyn_loss 15.4 / rep_loss 15.4 / kl 15.4 / prior_abs_ent 29.5 / post_abs_ent -27.1 / prior_obs_ent 20.3 / post_obs_ent 6.5 / boundary_ratio 0.0 / kl_mask 0.0 / normed_target_mean 0.6 / normed_target_std 0.3 / normed_target_min -0.2 / normed_target_max 1.2 / EMA_005 90.8 / EMA_095 485.8 / value_mean 321.7 / value_std 130.4 / value_min 16.1 / value_max 501.7 / target_mean 326.2 / target_std 133.2 / target_min 16.2 / target_max 570.3 / imag_reward_mean 1.2 / imag_reward_std 3.8 / imag_reward_min -0.0 / imag_reward_max 49.3 / imag_action_mean 8.8 / imag_action_std 4.5 / imag_action_min 0.0 / imag_action_max 17.0 / actor_entropy 0.3 / actor_loss 1.1 / actor_grad_norm 3.7 / value_loss 1.5 / value_grad_norm 1.2 / update_count 24124.0 / fps 12.5
add_video needs package moviepy
add_video needs package moviepy
[106720] 
Start evaluation.
[106720] eval_return 3220.0 / eval_length 1437.4 / eval_episodes 5.0
add_video needs package moviepy
Start training.
[106720] model_loss 18.8 / model_grad_norm 24.3 / image_loss 9.5 / reward_loss 0.1 / cont_loss 0.0 / kl_free 1.0 / dyn_scale 0.5 / rep_scale 0.1 / dyn_loss 15.3 / rep_loss 15.3 / kl 15.3 / prior_abs_ent 29.4 / post_abs_ent -27.1 / prior_obs_ent 20.3 / post_obs_ent 6.6 / boundary_ratio 0.0 / kl_mask 0.0 / normed_target_mean 0.6 / normed_target_std 0.3 / normed_target_min -0.2 / normed_target_max 1.2 / EMA_005 96.3 / EMA_095 491.5 / value_mean 330.3 / value_std 129.0 / value_min 15.6 / value_max 512.8 / target_mean 335.0 / target_std 132.2 / target_min 17.2 / target_max 578.6 / imag_reward_mean 1.2 / imag_reward_std 3.8 / imag_reward_min -0.0 / imag_reward_max 30.7 / imag_action_mean 8.9 / imag_action_std 4.5 / imag_action_min 0.0 / imag_action_max 17.0 / actor_entropy 0.3 / actor_loss 1.1 / actor_grad_norm 3.6 / value_loss 1.5 / value_grad_norm 1.2 / update_count 24280.0 / fps 12.2
add_video needs package moviepy
add_video needs package moviepy
[107344] 
Start evaluation.
[107344] eval_return 2934.0 / eval_length 1373.2 / eval_episodes 5.0
add_video needs package moviepy
Start training.
[107344] model_loss 18.8 / model_grad_norm 24.6 / image_loss 9.5 / reward_loss 0.1 / cont_loss 0.0 / kl_free 1.0 / dyn_scale 0.5 / rep_scale 0.1 / dyn_loss 15.4 / rep_loss 15.4 / kl 15.4 / prior_abs_ent 29.7 / post_abs_ent -27.1 / prior_obs_ent 19.9 / post_obs_ent 6.2 / boundary_ratio 0.0 / kl_mask 0.0 / normed_target_mean 0.6 / normed_target_std 0.3 / normed_target_min -0.2 / normed_target_max 1.2 / EMA_005 98.4 / EMA_095 499.7 / value_mean 338.0 / value_std 131.2 / value_min 15.9 / value_max 522.7 / target_mean 342.5 / target_std 133.8 / target_min 17.8 / target_max 585.9 / imag_reward_mean 1.2 / imag_reward_std 3.7 / imag_reward_min -0.0 / imag_reward_max 45.2 / imag_action_mean 8.8 / imag_action_std 4.5 / imag_action_min 0.0 / imag_action_max 17.0 / actor_entropy 0.3 / actor_loss 1.1 / actor_grad_norm 3.6 / value_loss 1.5 / value_grad_norm 1.2 / update_count 24436.0 / fps 12.3
add_video needs package moviepy
add_video needs package moviepy
[107408] dataset_size 26852.0 / train_return 2280.0 / train_length 1214.0 / train_episodes 20.0
[107968] 
Start evaluation.
[107968] eval_return 3388.0 / eval_length 1442.8 / eval_episodes 5.0
add_video needs package moviepy
Start training.
[107968] model_loss 18.8 / model_grad_norm 26.5 / image_loss 9.5 / reward_loss 0.1 / cont_loss 0.0 / kl_free 1.0 / dyn_scale 0.5 / rep_scale 0.1 / dyn_loss 15.4 / rep_loss 15.4 / kl 15.4 / prior_abs_ent 29.5 / post_abs_ent -27.2 / prior_obs_ent 20.1 / post_obs_ent 6.3 / boundary_ratio 0.0 / kl_mask 0.0 / normed_target_mean 0.6 / normed_target_std 0.3 / normed_target_min -0.2 / normed_target_max 1.2 / EMA_005 96.0 / EMA_095 504.0 / value_mean 336.1 / value_std 136.4 / value_min 11.5 / value_max 529.0 / target_mean 340.1 / target_std 139.3 / target_min 13.2 / target_max 592.7 / imag_reward_mean 1.2 / imag_reward_std 3.7 / imag_reward_min -0.0 / imag_reward_max 34.1 / imag_action_mean 8.8 / imag_action_std 4.4 / imag_action_min 0.0 / imag_action_max 17.0 / actor_entropy 0.3 / actor_loss 1.0 / actor_grad_norm 3.8 / value_loss 1.5 / value_grad_norm 1.2 / update_count 24592.0 / fps 12.1
add_video needs package moviepy
add_video needs package moviepy
[108592] 
Start evaluation.
[108592] eval_return 3548.0 / eval_length 1382.8 / eval_episodes 5.0
add_video needs package moviepy
Start training.
[108592] model_loss 18.7 / model_grad_norm 26.1 / image_loss 9.4 / reward_loss 0.1 / cont_loss 0.0 / kl_free 1.0 / dyn_scale 0.5 / rep_scale 0.1 / dyn_loss 15.4 / rep_loss 15.4 / kl 15.4 / prior_abs_ent 29.2 / post_abs_ent -27.1 / prior_obs_ent 20.0 / post_obs_ent 6.3 / boundary_ratio 0.0 / kl_mask 0.0 / normed_target_mean 0.6 / normed_target_std 0.3 / normed_target_min -0.2 / normed_target_max 1.2 / EMA_005 100.2 / EMA_095 512.0 / value_mean 349.3 / value_std 133.3 / value_min 19.3 / value_max 534.7 / target_mean 353.3 / target_std 136.1 / target_min 20.1 / target_max 599.6 / imag_reward_mean 1.2 / imag_reward_std 3.7 / imag_reward_min -0.0 / imag_reward_max 40.4 / imag_action_mean 8.7 / imag_action_std 4.5 / imag_action_min 0.0 / imag_action_max 17.0 / actor_entropy 0.3 / actor_loss 0.9 / actor_grad_norm 3.5 / value_loss 1.5 / value_grad_norm 1.2 / update_count 24748.0 / fps 12.4
add_video needs package moviepy
add_video needs package moviepy
[109216] 
Start evaluation.
[109216] eval_return 2926.0 / eval_length 1362.4 / eval_episodes 5.0
add_video needs package moviepy
Start training.
[109216] model_loss 18.7 / model_grad_norm 25.2 / image_loss 9.4 / reward_loss 0.1 / cont_loss 0.0 / kl_free 1.0 / dyn_scale 0.5 / rep_scale 0.1 / dyn_loss 15.4 / rep_loss 15.4 / kl 15.4 / prior_abs_ent 29.7 / post_abs_ent -27.1 / prior_obs_ent 20.1 / post_obs_ent 6.4 / boundary_ratio 0.0 / kl_mask 0.0 / normed_target_mean 0.6 / normed_target_std 0.3 / normed_target_min -0.2 / normed_target_max 1.2 / EMA_005 99.8 / EMA_095 517.3 / value_mean 344.6 / value_std 138.6 / value_min 14.6 / value_max 538.3 / target_mean 348.8 / target_std 141.4 / target_min 15.8 / target_max 607.3 / imag_reward_mean 1.2 / imag_reward_std 3.8 / imag_reward_min -0.0 / imag_reward_max 43.0 / imag_action_mean 8.7 / imag_action_std 4.5 / imag_action_min 0.0 / imag_action_max 17.0 / actor_entropy 0.3 / actor_loss 0.9 / actor_grad_norm 3.6 / value_loss 1.5 / value_grad_norm 1.2 / update_count 24904.0 / fps 12.3
add_video needs package moviepy
add_video needs package moviepy
[109840] 
Start evaluation.
[109840] eval_return 3140.0 / eval_length 1346.0 / eval_episodes 5.0
add_video needs package moviepy
Start training.
[109840] model_loss 18.6 / model_grad_norm 25.5 / image_loss 9.3 / reward_loss 0.1 / cont_loss 0.0 / kl_free 1.0 / dyn_scale 0.5 / rep_scale 0.1 / dyn_loss 15.5 / rep_loss 15.5 / kl 15.5 / prior_abs_ent 29.7 / post_abs_ent -27.1 / prior_obs_ent 20.2 / post_obs_ent 6.4 / boundary_ratio 0.0 / kl_mask 0.0 / normed_target_mean 0.6 / normed_target_std 0.3 / normed_target_min -0.2 / normed_target_max 1.2 / EMA_005 97.3 / EMA_095 525.5 / value_mean 351.9 / value_std 140.0 / value_min 16.5 / value_max 546.0 / target_mean 356.4 / target_std 142.7 / target_min 17.6 / target_max 620.1 / imag_reward_mean 1.2 / imag_reward_std 3.8 / imag_reward_min -0.0 / imag_reward_max 42.9 / imag_action_mean 8.7 / imag_action_std 4.5 / imag_action_min 0.0 / imag_action_max 17.0 / actor_entropy 0.3 / actor_loss 1.1 / actor_grad_norm 3.7 / value_loss 1.5 / value_grad_norm 1.3 / update_count 25060.0 / fps 12.4
add_video needs package moviepy
add_video needs package moviepy
[110464] 
Start evaluation.
[110464] eval_return 2890.0 / eval_length 1393.0 / eval_episodes 5.0
add_video needs package moviepy
Start training.
[110464] model_loss 18.6 / model_grad_norm 24.8 / image_loss 9.3 / reward_loss 0.1 / cont_loss 0.0 / kl_free 1.0 / dyn_scale 0.5 / rep_scale 0.1 / dyn_loss 15.3 / rep_loss 15.3 / kl 15.3 / prior_abs_ent 29.7 / post_abs_ent -27.1 / prior_obs_ent 20.2 / post_obs_ent 6.5 / boundary_ratio 0.0 / kl_mask 0.0 / normed_target_mean 0.6 / normed_target_std 0.3 / normed_target_min -0.2 / normed_target_max 1.2 / EMA_005 98.2 / EMA_095 533.0 / value_mean 358.3 / value_std 141.8 / value_min 18.7 / value_max 550.8 / target_mean 362.7 / target_std 144.7 / target_min 21.9 / target_max 619.5 / imag_reward_mean 1.2 / imag_reward_std 3.8 / imag_reward_min -0.0 / imag_reward_max 36.4 / imag_action_mean 8.6 / imag_action_std 4.5 / imag_action_min 0.0 / imag_action_max 17.0 / actor_entropy 0.3 / actor_loss 1.0 / actor_grad_norm 3.7 / value_loss 1.5 / value_grad_norm 1.2 / update_count 25216.0 / fps 12.3
add_video needs package moviepy
add_video needs package moviepy
[111088] 
Start evaluation.
[111088] eval_return 2872.0 / eval_length 1293.6 / eval_episodes 5.0
add_video needs package moviepy
Start training.
[111088] model_loss 18.6 / model_grad_norm 26.3 / image_loss 9.2 / reward_loss 0.1 / cont_loss 0.0 / kl_free 1.0 / dyn_scale 0.5 / rep_scale 0.1 / dyn_loss 15.5 / rep_loss 15.5 / kl 15.5 / prior_abs_ent 29.5 / post_abs_ent -27.2 / prior_obs_ent 20.3 / post_obs_ent 6.4 / boundary_ratio 0.0 / kl_mask 0.0 / normed_target_mean 0.6 / normed_target_std 0.3 / normed_target_min -0.2 / normed_target_max 1.2 / EMA_005 102.2 / EMA_095 540.1 / value_mean 365.0 / value_std 143.1 / value_min 13.2 / value_max 557.7 / target_mean 369.1 / target_std 145.8 / target_min 13.3 / target_max 625.4 / imag_reward_mean 1.2 / imag_reward_std 3.8 / imag_reward_min -0.0 / imag_reward_max 41.4 / imag_action_mean 8.8 / imag_action_std 4.4 / imag_action_min 0.0 / imag_action_max 17.0 / actor_entropy 0.3 / actor_loss 0.9 / actor_grad_norm 3.6 / value_loss 1.5 / value_grad_norm 1.2 / update_count 25372.0 / fps 12.6
add_video needs package moviepy
add_video needs package moviepy
[111712] 
Start evaluation.
[111712] eval_return 3284.0 / eval_length 1316.4 / eval_episodes 5.0
add_video needs package moviepy
Start training.
[111712] model_loss 18.5 / model_grad_norm 25.9 / image_loss 9.3 / reward_loss 0.1 / cont_loss 0.0 / kl_free 1.0 / dyn_scale 0.5 / rep_scale 0.1 / dyn_loss 15.2 / rep_loss 15.2 / kl 15.2 / prior_abs_ent 29.6 / post_abs_ent -27.1 / prior_obs_ent 19.6 / post_obs_ent 6.0 / boundary_ratio 0.0 / kl_mask 0.0 / normed_target_mean 0.6 / normed_target_std 0.3 / normed_target_min -0.2 / normed_target_max 1.2 / EMA_005 101.8 / EMA_095 545.4 / value_mean 366.6 / value_std 146.0 / value_min 14.2 / value_max 563.6 / target_mean 370.7 / target_std 148.8 / target_min 17.4 / target_max 634.7 / imag_reward_mean 1.2 / imag_reward_std 3.9 / imag_reward_min -0.0 / imag_reward_max 42.6 / imag_action_mean 8.6 / imag_action_std 4.5 / imag_action_min 0.0 / imag_action_max 17.0 / actor_entropy 0.3 / actor_loss 0.9 / actor_grad_norm 3.6 / value_loss 1.5 / value_grad_norm 1.1 / update_count 25528.0 / fps 12.4
add_video needs package moviepy
add_video needs package moviepy
[111760] dataset_size 27940.0 / train_return 1850.0 / train_length 1088.0 / train_episodes 21.0
[112336] 
Start evaluation.
[112336] eval_return 3138.0 / eval_length 1269.2 / eval_episodes 5.0
add_video needs package moviepy
Start training.
[112336] model_loss 18.5 / model_grad_norm 26.3 / image_loss 9.2 / reward_loss 0.1 / cont_loss 0.0 / kl_free 1.0 / dyn_scale 0.5 / rep_scale 0.1 / dyn_loss 15.4 / rep_loss 15.4 / kl 15.4 / prior_abs_ent 29.6 / post_abs_ent -27.1 / prior_obs_ent 19.8 / post_obs_ent 6.0 / boundary_ratio 0.0 / kl_mask 0.0 / normed_target_mean 0.6 / normed_target_std 0.3 / normed_target_min -0.2 / normed_target_max 1.2 / EMA_005 103.9 / EMA_095 550.7 / value_mean 368.2 / value_std 148.6 / value_min 14.8 / value_max 571.7 / target_mean 371.8 / target_std 151.2 / target_min 14.6 / target_max 634.5 / imag_reward_mean 1.2 / imag_reward_std 3.7 / imag_reward_min -0.0 / imag_reward_max 37.8 / imag_action_mean 8.6 / imag_action_std 4.5 / imag_action_min 0.0 / imag_action_max 17.0 / actor_entropy 0.3 / actor_loss 0.8 / actor_grad_norm 3.6 / value_loss 1.5 / value_grad_norm 1.2 / update_count 25684.0 / fps 12.6
add_video needs package moviepy
add_video needs package moviepy
[112960] 
Start evaluation.
[112960] eval_return 3504.0 / eval_length 1395.2 / eval_episodes 5.0
add_video needs package moviepy
Start training.
[112960] model_loss 18.5 / model_grad_norm 26.5 / image_loss 9.2 / reward_loss 0.1 / cont_loss 0.0 / kl_free 1.0 / dyn_scale 0.5 / rep_scale 0.1 / dyn_loss 15.4 / rep_loss 15.4 / kl 15.4 / prior_abs_ent 29.7 / post_abs_ent -27.1 / prior_obs_ent 19.8 / post_obs_ent 6.1 / boundary_ratio 0.0 / kl_mask 0.0 / normed_target_mean 0.6 / normed_target_std 0.3 / normed_target_min -0.2 / normed_target_max 1.2 / EMA_005 108.1 / EMA_095 554.6 / value_mean 370.1 / value_std 148.9 / value_min 14.5 / value_max 581.0 / target_mean 373.6 / target_std 151.3 / target_min 15.9 / target_max 642.2 / imag_reward_mean 1.2 / imag_reward_std 3.8 / imag_reward_min -0.0 / imag_reward_max 34.4 / imag_action_mean 8.5 / imag_action_std 4.5 / imag_action_min 0.0 / imag_action_max 17.0 / actor_entropy 0.3 / actor_loss 0.9 / actor_grad_norm 3.6 / value_loss 1.5 / value_grad_norm 1.3 / update_count 25840.0 / fps 12.2
add_video needs package moviepy
add_video needs package moviepy
[113584] 
Start evaluation.
[113584] eval_return 3500.0 / eval_length 1389.2 / eval_episodes 5.0
add_video needs package moviepy
Start training.
[113584] model_loss 18.3 / model_grad_norm 25.6 / image_loss 9.0 / reward_loss 0.1 / cont_loss 0.0 / kl_free 1.0 / dyn_scale 0.5 / rep_scale 0.1 / dyn_loss 15.4 / rep_loss 15.4 / kl 15.4 / prior_abs_ent 29.6 / post_abs_ent -27.1 / prior_obs_ent 20.4 / post_obs_ent 6.6 / boundary_ratio 0.0 / kl_mask 0.0 / normed_target_mean 0.6 / normed_target_std 0.3 / normed_target_min -0.2 / normed_target_max 1.2 / EMA_005 106.6 / EMA_095 560.0 / value_mean 372.8 / value_std 152.6 / value_min 13.9 / value_max 589.7 / target_mean 376.0 / target_std 155.0 / target_min 14.2 / target_max 648.7 / imag_reward_mean 1.2 / imag_reward_std 3.8 / imag_reward_min -0.0 / imag_reward_max 42.4 / imag_action_mean 8.4 / imag_action_std 4.6 / imag_action_min 0.0 / imag_action_max 17.0 / actor_entropy 0.3 / actor_loss 0.7 / actor_grad_norm 3.6 / value_loss 1.5 / value_grad_norm 1.2 / update_count 25996.0 / fps 12.3
add_video needs package moviepy
add_video needs package moviepy
[114208] 
Start evaluation.
[114208] eval_return 2900.0 / eval_length 1282.8 / eval_episodes 5.0
add_video needs package moviepy
Start training.
[114208] model_loss 18.4 / model_grad_norm 25.5 / image_loss 9.1 / reward_loss 0.1 / cont_loss 0.0 / kl_free 1.0 / dyn_scale 0.5 / rep_scale 0.1 / dyn_loss 15.4 / rep_loss 15.4 / kl 15.4 / prior_abs_ent 29.8 / post_abs_ent -27.2 / prior_obs_ent 20.0 / post_obs_ent 6.2 / boundary_ratio 0.0 / kl_mask 0.0 / normed_target_mean 0.6 / normed_target_std 0.3 / normed_target_min -0.2 / normed_target_max 1.2 / EMA_005 109.6 / EMA_095 563.8 / value_mean 377.2 / value_std 151.4 / value_min 16.1 / value_max 596.4 / target_mean 380.7 / target_std 153.9 / target_min 17.5 / target_max 652.8 / imag_reward_mean 1.2 / imag_reward_std 3.8 / imag_reward_min -0.0 / imag_reward_max 37.9 / imag_action_mean 8.2 / imag_action_std 4.6 / imag_action_min 0.0 / imag_action_max 17.0 / actor_entropy 0.3 / actor_loss 0.8 / actor_grad_norm 3.6 / value_loss 1.5 / value_grad_norm 1.2 / update_count 26152.0 / fps 12.5
add_video needs package moviepy
add_video needs package moviepy
[114832] 
Start evaluation.
[114832] eval_return 3058.0 / eval_length 1438.0 / eval_episodes 5.0
add_video needs package moviepy
Start training.
[114832] model_loss 18.4 / model_grad_norm 28.1 / image_loss 9.1 / reward_loss 0.1 / cont_loss 0.0 / kl_free 1.0 / dyn_scale 0.5 / rep_scale 0.1 / dyn_loss 15.3 / rep_loss 15.3 / kl 15.3 / prior_abs_ent 29.6 / post_abs_ent -27.1 / prior_obs_ent 20.2 / post_obs_ent 6.4 / boundary_ratio 0.0 / kl_mask 0.0 / normed_target_mean 0.6 / normed_target_std 0.3 / normed_target_min -0.2 / normed_target_max 1.2 / EMA_005 109.4 / EMA_095 571.7 / value_mean 386.1 / value_std 152.2 / value_min 19.7 / value_max 607.9 / target_mean 389.6 / target_std 154.5 / target_min 23.3 / target_max 661.1 / imag_reward_mean 1.2 / imag_reward_std 3.8 / imag_reward_min -0.0 / imag_reward_max 27.5 / imag_action_mean 8.5 / imag_action_std 4.6 / imag_action_min 0.0 / imag_action_max 17.0 / actor_entropy 0.3 / actor_loss 0.9 / actor_grad_norm 3.7 / value_loss 1.5 / value_grad_norm 1.2 / update_count 26308.0 / fps 12.1
add_video needs package moviepy
add_video needs package moviepy
[115456] 
Start evaluation.
[115456] eval_return 3050.0 / eval_length 1393.0 / eval_episodes 5.0
add_video needs package moviepy
Start training.
[115456] model_loss 18.4 / model_grad_norm 25.4 / image_loss 9.0 / reward_loss 0.1 / cont_loss 0.0 / kl_free 1.0 / dyn_scale 0.5 / rep_scale 0.1 / dyn_loss 15.5 / rep_loss 15.5 / kl 15.5 / prior_abs_ent 29.6 / post_abs_ent -27.1 / prior_obs_ent 20.1 / post_obs_ent 6.2 / boundary_ratio 0.0 / kl_mask 0.0 / normed_target_mean 0.6 / normed_target_std 0.3 / normed_target_min -0.2 / normed_target_max 1.2 / EMA_005 108.7 / EMA_095 577.6 / value_mean 381.1 / value_std 158.7 / value_min 12.7 / value_max 614.9 / target_mean 384.7 / target_std 161.3 / target_min 14.2 / target_max 669.3 / imag_reward_mean 1.3 / imag_reward_std 3.9 / imag_reward_min -0.0 / imag_reward_max 46.4 / imag_action_mean 8.6 / imag_action_std 4.6 / imag_action_min 0.0 / imag_action_max 17.0 / actor_entropy 0.3 / actor_loss 0.8 / actor_grad_norm 3.8 / value_loss 1.5 / value_grad_norm 1.2 / update_count 26464.0 / fps 12.3
add_video needs package moviepy
add_video needs package moviepy
[116080] 
Start evaluation.
[116080] eval_return 2662.0 / eval_length 1347.0 / eval_episodes 5.0
add_video needs package moviepy
Start training.
[116080] model_loss 18.2 / model_grad_norm 24.3 / image_loss 9.0 / reward_loss 0.1 / cont_loss 0.0 / kl_free 1.0 / dyn_scale 0.5 / rep_scale 0.1 / dyn_loss 15.3 / rep_loss 15.3 / kl 15.3 / prior_abs_ent 29.6 / post_abs_ent -27.1 / prior_obs_ent 19.7 / post_obs_ent 5.9 / boundary_ratio 0.0 / kl_mask 0.0 / normed_target_mean 0.6 / normed_target_std 0.3 / normed_target_min -0.2 / normed_target_max 1.2 / EMA_005 108.8 / EMA_095 583.3 / value_mean 394.0 / value_std 155.8 / value_min 18.3 / value_max 618.1 / target_mean 397.5 / target_std 158.4 / target_min 20.2 / target_max 673.6 / imag_reward_mean 1.2 / imag_reward_std 3.8 / imag_reward_min -0.0 / imag_reward_max 31.3 / imag_action_mean 8.5 / imag_action_std 4.6 / imag_action_min 0.0 / imag_action_max 17.0 / actor_entropy 0.3 / actor_loss 0.8 / actor_grad_norm 3.6 / value_loss 1.4 / value_grad_norm 1.2 / update_count 26620.0 / fps 12.4
add_video needs package moviepy
add_video needs package moviepy
[116704] 
Start evaluation.
[116704] eval_return 2226.0 / eval_length 1074.8 / eval_episodes 5.0
add_video needs package moviepy
Start training.
[116704] model_loss 18.4 / model_grad_norm 25.6 / image_loss 9.0 / reward_loss 0.1 / cont_loss 0.0 / kl_free 1.0 / dyn_scale 0.5 / rep_scale 0.1 / dyn_loss 15.5 / rep_loss 15.5 / kl 15.5 / prior_abs_ent 29.9 / post_abs_ent -27.1 / prior_obs_ent 19.7 / post_obs_ent 5.9 / boundary_ratio 0.0 / kl_mask 0.0 / normed_target_mean 0.6 / normed_target_std 0.3 / normed_target_min -0.2 / normed_target_max 1.2 / EMA_005 108.8 / EMA_095 590.3 / value_mean 392.2 / value_std 159.1 / value_min 13.3 / value_max 622.6 / target_mean 395.8 / target_std 161.5 / target_min 15.2 / target_max 681.2 / imag_reward_mean 1.2 / imag_reward_std 3.8 / imag_reward_min -0.0 / imag_reward_max 39.7 / imag_action_mean 8.3 / imag_action_std 4.7 / imag_action_min 0.0 / imag_action_max 17.0 / actor_entropy 0.3 / actor_loss 0.8 / actor_grad_norm 3.8 / value_loss 1.5 / value_grad_norm 1.2 / update_count 26776.0 / fps 13.2
add_video needs package moviepy
add_video needs package moviepy
[117328] 
Start evaluation.
[117328] eval_return 2186.0 / eval_length 1086.4 / eval_episodes 5.0
add_video needs package moviepy
Start training.
[117328] model_loss 18.2 / model_grad_norm 24.9 / image_loss 8.9 / reward_loss 0.1 / cont_loss 0.0 / kl_free 1.0 / dyn_scale 0.5 / rep_scale 0.1 / dyn_loss 15.4 / rep_loss 15.4 / kl 15.4 / prior_abs_ent 29.6 / post_abs_ent -27.2 / prior_obs_ent 19.6 / post_obs_ent 5.8 / boundary_ratio 0.0 / kl_mask 0.0 / normed_target_mean 0.6 / normed_target_std 0.3 / normed_target_min -0.2 / normed_target_max 1.2 / EMA_005 105.9 / EMA_095 591.2 / value_mean 390.5 / value_std 160.3 / value_min 14.2 / value_max 625.2 / target_mean 393.8 / target_std 162.4 / target_min 16.1 / target_max 682.3 / imag_reward_mean 1.3 / imag_reward_std 3.8 / imag_reward_min -0.0 / imag_reward_max 33.7 / imag_action_mean 8.0 / imag_action_std 4.7 / imag_action_min 0.0 / imag_action_max 17.0 / actor_entropy 0.3 / actor_loss 0.7 / actor_grad_norm 3.7 / value_loss 1.5 / value_grad_norm 1.2 / update_count 26932.0 / fps 13.1
add_video needs package moviepy
add_video needs package moviepy
[117684] dataset_size 29421.0 / train_return 3590.0 / train_length 1481.0 / train_episodes 22.0
[117952] 
Start evaluation.
[117952] eval_return 2926.0 / eval_length 1204.4 / eval_episodes 5.0
add_video needs package moviepy
Start training.
[117952] model_loss 18.1 / model_grad_norm 26.2 / image_loss 8.8 / reward_loss 0.1 / cont_loss 0.0 / kl_free 1.0 / dyn_scale 0.5 / rep_scale 0.1 / dyn_loss 15.3 / rep_loss 15.3 / kl 15.3 / prior_abs_ent 29.8 / post_abs_ent -27.1 / prior_obs_ent 19.5 / post_obs_ent 5.8 / boundary_ratio 0.0 / kl_mask 0.0 / normed_target_mean 0.6 / normed_target_std 0.3 / normed_target_min -0.2 / normed_target_max 1.2 / EMA_005 115.7 / EMA_095 598.3 / value_mean 402.5 / value_std 159.9 / value_min 17.6 / value_max 629.1 / target_mean 406.2 / target_std 162.1 / target_min 20.0 / target_max 691.9 / imag_reward_mean 1.3 / imag_reward_std 3.8 / imag_reward_min -0.0 / imag_reward_max 36.3 / imag_action_mean 7.9 / imag_action_std 4.7 / imag_action_min 0.0 / imag_action_max 17.0 / actor_entropy 0.3 / actor_loss 0.8 / actor_grad_norm 3.6 / value_loss 1.4 / value_grad_norm 1.1 / update_count 27088.0 / fps 12.7
add_video needs package moviepy
add_video needs package moviepy
[118576] 
Start evaluation.
[118576] eval_return 3384.0 / eval_length 1269.8 / eval_episodes 5.0
add_video needs package moviepy
Start training.
[118576] model_loss 18.2 / model_grad_norm 27.6 / image_loss 8.9 / reward_loss 0.1 / cont_loss 0.0 / kl_free 1.0 / dyn_scale 0.5 / rep_scale 0.1 / dyn_loss 15.4 / rep_loss 15.4 / kl 15.4 / prior_abs_ent 29.5 / post_abs_ent -27.1 / prior_obs_ent 19.9 / post_obs_ent 6.2 / boundary_ratio 0.0 / kl_mask 0.0 / normed_target_mean 0.6 / normed_target_std 0.3 / normed_target_min -0.2 / normed_target_max 1.2 / EMA_005 118.2 / EMA_095 604.0 / value_mean 402.6 / value_std 160.8 / value_min 21.3 / value_max 634.0 / target_mean 406.2 / target_std 162.9 / target_min 24.6 / target_max 695.4 / imag_reward_mean 1.3 / imag_reward_std 3.8 / imag_reward_min -0.0 / imag_reward_max 42.2 / imag_action_mean 7.8 / imag_action_std 4.7 / imag_action_min 0.0 / imag_action_max 17.0 / actor_entropy 0.3 / actor_loss 0.9 / actor_grad_norm 3.8 / value_loss 1.4 / value_grad_norm 1.2 / update_count 27244.0 / fps 12.6
add_video needs package moviepy
add_video needs package moviepy
[119200] 
Start evaluation.
[119200] eval_return 3288.0 / eval_length 1345.0 / eval_episodes 5.0
add_video needs package moviepy
Start training.
[119200] model_loss 17.9 / model_grad_norm 25.2 / image_loss 8.7 / reward_loss 0.1 / cont_loss 0.0 / kl_free 1.0 / dyn_scale 0.5 / rep_scale 0.1 / dyn_loss 15.2 / rep_loss 15.2 / kl 15.2 / prior_abs_ent 29.9 / post_abs_ent -27.1 / prior_obs_ent 19.2 / post_obs_ent 5.6 / boundary_ratio 0.0 / kl_mask 0.0 / normed_target_mean 0.6 / normed_target_std 0.3 / normed_target_min -0.2 / normed_target_max 1.2 / EMA_005 116.4 / EMA_095 606.7 / value_mean 401.5 / value_std 161.3 / value_min 22.1 / value_max 636.8 / target_mean 404.7 / target_std 163.5 / target_min 23.9 / target_max 705.8 / imag_reward_mean 1.2 / imag_reward_std 3.9 / imag_reward_min -0.0 / imag_reward_max 48.8 / imag_action_mean 7.8 / imag_action_std 4.7 / imag_action_min 0.0 / imag_action_max 17.0 / actor_entropy 0.3 / actor_loss 0.7 / actor_grad_norm 3.6 / value_loss 1.4 / value_grad_norm 1.1 / update_count 27400.0 / fps 12.3
add_video needs package moviepy
add_video needs package moviepy
[119824] 
Start evaluation.
[119824] eval_return 2794.0 / eval_length 1245.6 / eval_episodes 5.0
add_video needs package moviepy
Start training.
[119824] model_loss 18.0 / model_grad_norm 27.3 / image_loss 8.7 / reward_loss 0.1 / cont_loss 0.0 / kl_free 1.0 / dyn_scale 0.5 / rep_scale 0.1 / dyn_loss 15.3 / rep_loss 15.3 / kl 15.3 / prior_abs_ent 29.6 / post_abs_ent -27.2 / prior_obs_ent 19.4 / post_obs_ent 5.7 / boundary_ratio 0.0 / kl_mask 0.0 / normed_target_mean 0.6 / normed_target_std 0.3 / normed_target_min -0.2 / normed_target_max 1.2 / EMA_005 117.8 / EMA_095 613.6 / value_mean 417.3 / value_std 160.4 / value_min 22.2 / value_max 641.3 / target_mean 420.8 / target_std 162.3 / target_min 23.8 / target_max 707.4 / imag_reward_mean 1.3 / imag_reward_std 3.8 / imag_reward_min -0.0 / imag_reward_max 36.8 / imag_action_mean 7.6 / imag_action_std 4.7 / imag_action_min 0.0 / imag_action_max 17.0 / actor_entropy 0.3 / actor_loss 0.8 / actor_grad_norm 3.5 / value_loss 1.4 / value_grad_norm 1.1 / update_count 27556.0 / fps 12.6
add_video needs package moviepy
add_video needs package moviepy
[120448] 
Start evaluation.
[120448] eval_return 2952.0 / eval_length 1227.6 / eval_episodes 5.0
add_video needs package moviepy
Start training.
[120448] model_loss 18.3 / model_grad_norm 35.6 / image_loss 8.8 / reward_loss 0.1 / cont_loss 0.0 / kl_free 1.0 / dyn_scale 0.5 / rep_scale 0.1 / dyn_loss 15.7 / rep_loss 15.7 / kl 15.7 / prior_abs_ent 29.9 / post_abs_ent -27.2 / prior_obs_ent 19.8 / post_obs_ent 5.8 / boundary_ratio 0.0 / kl_mask 0.0 / normed_target_mean 0.6 / normed_target_std 0.3 / normed_target_min -0.2 / normed_target_max 1.2 / EMA_005 116.3 / EMA_095 618.6 / value_mean 413.8 / value_std 166.7 / value_min 11.6 / value_max 643.7 / target_mean 417.2 / target_std 168.9 / target_min 15.0 / target_max 706.7 / imag_reward_mean 1.2 / imag_reward_std 3.8 / imag_reward_min -0.0 / imag_reward_max 31.0 / imag_action_mean 7.7 / imag_action_std 4.7 / imag_action_min 0.0 / imag_action_max 17.0 / actor_entropy 0.3 / actor_loss 0.7 / actor_grad_norm 3.9 / value_loss 1.4 / value_grad_norm 1.2 / update_count 27712.0 / fps 12.7
add_video needs package moviepy
add_video needs package moviepy
[121072] 
Start evaluation.
[121072] eval_return 2878.0 / eval_length 1203.4 / eval_episodes 5.0
add_video needs package moviepy
Start training.
[121072] model_loss 17.8 / model_grad_norm 25.6 / image_loss 8.6 / reward_loss 0.1 / cont_loss 0.0 / kl_free 1.0 / dyn_scale 0.5 / rep_scale 0.1 / dyn_loss 15.2 / rep_loss 15.2 / kl 15.2 / prior_abs_ent 29.9 / post_abs_ent -27.0 / prior_obs_ent 19.7 / post_obs_ent 6.0 / boundary_ratio 0.0 / kl_mask 0.0 / normed_target_mean 0.6 / normed_target_std 0.3 / normed_target_min -0.2 / normed_target_max 1.2 / EMA_005 117.1 / EMA_095 623.6 / value_mean 415.9 / value_std 168.2 / value_min 15.8 / value_max 647.8 / target_mean 419.0 / target_std 170.1 / target_min 19.6 / target_max 716.3 / imag_reward_mean 1.2 / imag_reward_std 3.9 / imag_reward_min -0.0 / imag_reward_max 48.6 / imag_action_mean 7.7 / imag_action_std 4.7 / imag_action_min 0.0 / imag_action_max 17.0 / actor_entropy 0.3 / actor_loss 0.8 / actor_grad_norm 3.7 / value_loss 1.4 / value_grad_norm 1.1 / update_count 27868.0 / fps 12.8
add_video needs package moviepy
add_video needs package moviepy
[121696] 
Start evaluation.
[121696] eval_return 2182.0 / eval_length 1095.2 / eval_episodes 5.0
add_video needs package moviepy
Start training.
[121696] model_loss 18.2 / model_grad_norm 29.4 / image_loss 8.8 / reward_loss 0.1 / cont_loss 0.0 / kl_free 1.0 / dyn_scale 0.5 / rep_scale 0.1 / dyn_loss 15.6 / rep_loss 15.6 / kl 15.6 / prior_abs_ent 30.0 / post_abs_ent -27.1 / prior_obs_ent 19.3 / post_obs_ent 5.4 / boundary_ratio 0.0 / kl_mask 0.0 / normed_target_mean 0.6 / normed_target_std 0.3 / normed_target_min -0.2 / normed_target_max 1.2 / EMA_005 109.8 / EMA_095 628.9 / value_mean 418.3 / value_std 170.8 / value_min 14.9 / value_max 655.6 / target_mean 421.3 / target_std 172.9 / target_min 16.5 / target_max 724.2 / imag_reward_mean 1.3 / imag_reward_std 4.0 / imag_reward_min -0.0 / imag_reward_max 48.9 / imag_action_mean 7.6 / imag_action_std 4.7 / imag_action_min 0.0 / imag_action_max 17.0 / actor_entropy 0.3 / actor_loss 0.7 / actor_grad_norm 4.0 / value_loss 1.4 / value_grad_norm 1.2 / update_count 28024.0 / fps 13.0
add_video needs package moviepy
add_video needs package moviepy
[121884] dataset_size 30471.0 / train_return 1730.0 / train_length 1050.0 / train_episodes 23.0
[122320] 
Start evaluation.
[122320] eval_return 2690.0 / eval_length 1187.8 / eval_episodes 5.0
add_video needs package moviepy
Start training.
[122320] model_loss 17.8 / model_grad_norm 27.9 / image_loss 8.5 / reward_loss 0.1 / cont_loss 0.0 / kl_free 1.0 / dyn_scale 0.5 / rep_scale 0.1 / dyn_loss 15.2 / rep_loss 15.2 / kl 15.2 / prior_abs_ent 29.2 / post_abs_ent -27.0 / prior_obs_ent 19.4 / post_obs_ent 5.7 / boundary_ratio 0.0 / kl_mask 0.0 / normed_target_mean 0.6 / normed_target_std 0.3 / normed_target_min -0.2 / normed_target_max 1.2 / EMA_005 114.4 / EMA_095 632.1 / value_mean 424.7 / value_std 168.7 / value_min 14.2 / value_max 661.6 / target_mean 427.7 / target_std 171.0 / target_min 15.5 / target_max 722.5 / imag_reward_mean 1.3 / imag_reward_std 3.9 / imag_reward_min -0.0 / imag_reward_max 41.6 / imag_action_mean 7.5 / imag_action_std 4.7 / imag_action_min 0.0 / imag_action_max 17.0 / actor_entropy 0.3 / actor_loss 0.8 / actor_grad_norm 4.0 / value_loss 1.4 / value_grad_norm 1.1 / update_count 28180.0 / fps 12.7
add_video needs package moviepy
add_video needs package moviepy
[122944] 
Start evaluation.
[122944] eval_return 2962.0 / eval_length 1263.6 / eval_episodes 5.0
add_video needs package moviepy
Start training.
[122944] model_loss 17.5 / model_grad_norm 26.3 / image_loss 8.3 / reward_loss 0.1 / cont_loss 0.0 / kl_free 1.0 / dyn_scale 0.5 / rep_scale 0.1 / dyn_loss 15.2 / rep_loss 15.2 / kl 15.2 / prior_abs_ent 29.8 / post_abs_ent -27.0 / prior_obs_ent 18.9 / post_obs_ent 5.3 / boundary_ratio 0.0 / kl_mask 0.0 / normed_target_mean 0.6 / normed_target_std 0.3 / normed_target_min -0.2 / normed_target_max 1.2 / EMA_005 115.4 / EMA_095 635.5 / value_mean 422.2 / value_std 173.3 / value_min 16.9 / value_max 670.5 / target_mean 425.0 / target_std 175.2 / target_min 18.9 / target_max 721.4 / imag_reward_mean 1.2 / imag_reward_std 3.8 / imag_reward_min -0.0 / imag_reward_max 32.6 / imag_action_mean 7.6 / imag_action_std 4.7 / imag_action_min 0.0 / imag_action_max 17.0 / actor_entropy 0.3 / actor_loss 0.7 / actor_grad_norm 3.9 / value_loss 1.4 / value_grad_norm 1.1 / update_count 28336.0 / fps 12.6
add_video needs package moviepy
add_video needs package moviepy
[123568] 
Start evaluation.
[123568] eval_return 2554.0 / eval_length 1110.8 / eval_episodes 5.0
add_video needs package moviepy
Start training.
[123568] model_loss 17.6 / model_grad_norm 25.5 / image_loss 8.4 / reward_loss 0.1 / cont_loss 0.0 / kl_free 1.0 / dyn_scale 0.5 / rep_scale 0.1 / dyn_loss 15.2 / rep_loss 15.2 / kl 15.2 / prior_abs_ent 29.5 / post_abs_ent -27.1 / prior_obs_ent 18.4 / post_obs_ent 4.8 / boundary_ratio 0.0 / kl_mask 0.0 / normed_target_mean 0.6 / normed_target_std 0.3 / normed_target_min -0.2 / normed_target_max 1.2 / EMA_005 114.0 / EMA_095 639.0 / value_mean 433.8 / value_std 171.8 / value_min 17.2 / value_max 678.0 / target_mean 437.0 / target_std 173.6 / target_min 21.0 / target_max 727.2 / imag_reward_mean 1.3 / imag_reward_std 3.8 / imag_reward_min -0.0 / imag_reward_max 31.8 / imag_action_mean 7.8 / imag_action_std 4.7 / imag_action_min 0.0 / imag_action_max 17.0 / actor_entropy 0.3 / actor_loss 0.7 / actor_grad_norm 4.0 / value_loss 1.4 / value_grad_norm 1.2 / update_count 28492.0 / fps 13.2
add_video needs package moviepy
add_video needs package moviepy
[124192] 
Start evaluation.
[124192] eval_return 2990.0 / eval_length 1317.6 / eval_episodes 5.0
add_video needs package moviepy
Start training.
[124192] model_loss 17.8 / model_grad_norm 24.1 / image_loss 8.5 / reward_loss 0.1 / cont_loss 0.0 / kl_free 1.0 / dyn_scale 0.5 / rep_scale 0.1 / dyn_loss 15.3 / rep_loss 15.3 / kl 15.3 / prior_abs_ent 29.4 / post_abs_ent -27.4 / prior_obs_ent 18.6 / post_obs_ent 4.8 / boundary_ratio 0.0 / kl_mask 0.0 / normed_target_mean 0.6 / normed_target_std 0.3 / normed_target_min -0.2 / normed_target_max 1.2 / EMA_005 118.5 / EMA_095 645.5 / value_mean 432.7 / value_std 176.3 / value_min 17.9 / value_max 688.6 / target_mean 435.5 / target_std 178.4 / target_min 20.7 / target_max 735.2 / imag_reward_mean 1.3 / imag_reward_std 3.9 / imag_reward_min -0.0 / imag_reward_max 33.3 / imag_action_mean 7.8 / imag_action_std 4.7 / imag_action_min 0.0 / imag_action_max 17.0 / actor_entropy 0.3 / actor_loss 0.6 / actor_grad_norm 3.9 / value_loss 1.4 / value_grad_norm 1.2 / update_count 28648.0 / fps 12.5
add_video needs package moviepy
add_video needs package moviepy
[124816] 
Start evaluation.
[124816] eval_return 3450.0 / eval_length 1339.8 / eval_episodes 5.0
add_video needs package moviepy
Start training.
[124816] model_loss 17.8 / model_grad_norm 28.0 / image_loss 8.4 / reward_loss 0.1 / cont_loss 0.0 / kl_free 1.0 / dyn_scale 0.5 / rep_scale 0.1 / dyn_loss 15.5 / rep_loss 15.5 / kl 15.5 / prior_abs_ent 29.4 / post_abs_ent -27.3 / prior_obs_ent 19.2 / post_obs_ent 5.4 / boundary_ratio 0.0 / kl_mask 0.0 / normed_target_mean 0.6 / normed_target_std 0.3 / normed_target_min -0.2 / normed_target_max 1.2 / EMA_005 117.2 / EMA_095 650.3 / value_mean 435.8 / value_std 175.6 / value_min 17.4 / value_max 699.8 / target_mean 439.2 / target_std 177.7 / target_min 19.3 / target_max 740.8 / imag_reward_mean 1.3 / imag_reward_std 4.0 / imag_reward_min -0.0 / imag_reward_max 51.3 / imag_action_mean 7.7 / imag_action_std 4.7 / imag_action_min 0.0 / imag_action_max 17.0 / actor_entropy 0.3 / actor_loss 0.8 / actor_grad_norm 4.3 / value_loss 1.4 / value_grad_norm 1.3 / update_count 28804.0 / fps 12.4
add_video needs package moviepy
add_video needs package moviepy
[125440] 
Start evaluation.
[125440] eval_return 3804.0 / eval_length 1336.4 / eval_episodes 5.0
add_video needs package moviepy
Start training.
[125440] model_loss 17.5 / model_grad_norm 25.2 / image_loss 8.3 / reward_loss 0.1 / cont_loss 0.0 / kl_free 1.0 / dyn_scale 0.5 / rep_scale 0.1 / dyn_loss 15.2 / rep_loss 15.2 / kl 15.2 / prior_abs_ent 29.6 / post_abs_ent -27.1 / prior_obs_ent 18.4 / post_obs_ent 4.8 / boundary_ratio 0.0 / kl_mask 0.0 / normed_target_mean 0.6 / normed_target_std 0.3 / normed_target_min -0.2 / normed_target_max 1.2 / EMA_005 116.1 / EMA_095 654.1 / value_mean 436.2 / value_std 177.4 / value_min 14.1 / value_max 704.8 / target_mean 439.5 / target_std 179.4 / target_min 16.0 / target_max 747.7 / imag_reward_mean 1.3 / imag_reward_std 3.9 / imag_reward_min -0.0 / imag_reward_max 37.8 / imag_action_mean 7.7 / imag_action_std 4.7 / imag_action_min 0.0 / imag_action_max 17.0 / actor_entropy 0.3 / actor_loss 0.7 / actor_grad_norm 4.1 / value_loss 1.4 / value_grad_norm 1.2 / update_count 28960.0 / fps 12.4
add_video needs package moviepy
add_video needs package moviepy
[126064] 
Start evaluation.
[126064] eval_return 3466.0 / eval_length 1256.2 / eval_episodes 5.0
add_video needs package moviepy
Start training.
[126064] model_loss 17.5 / model_grad_norm 24.3 / image_loss 8.3 / reward_loss 0.1 / cont_loss 0.0 / kl_free 1.0 / dyn_scale 0.5 / rep_scale 0.1 / dyn_loss 15.2 / rep_loss 15.2 / kl 15.2 / prior_abs_ent 29.6 / post_abs_ent -27.1 / prior_obs_ent 18.4 / post_obs_ent 4.8 / boundary_ratio 0.0 / kl_mask 0.0 / normed_target_mean 0.6 / normed_target_std 0.3 / normed_target_min -0.2 / normed_target_max 1.2 / EMA_005 118.4 / EMA_095 659.8 / value_mean 444.1 / value_std 180.2 / value_min 15.3 / value_max 713.2 / target_mean 447.4 / target_std 182.1 / target_min 17.0 / target_max 755.8 / imag_reward_mean 1.3 / imag_reward_std 3.9 / imag_reward_min -0.0 / imag_reward_max 34.9 / imag_action_mean 7.9 / imag_action_std 4.7 / imag_action_min 0.0 / imag_action_max 17.0 / actor_entropy 0.3 / actor_loss 0.7 / actor_grad_norm 4.1 / value_loss 1.4 / value_grad_norm 1.2 / update_count 29116.0 / fps 12.7
add_video needs package moviepy
add_video needs package moviepy
[126688] 
Start evaluation.
[126688] eval_return 3594.0 / eval_length 1319.6 / eval_episodes 5.0
add_video needs package moviepy
Start training.
[126688] model_loss 17.7 / model_grad_norm 26.3 / image_loss 8.3 / reward_loss 0.1 / cont_loss 0.0 / kl_free 1.0 / dyn_scale 0.5 / rep_scale 0.1 / dyn_loss 15.5 / rep_loss 15.5 / kl 15.5 / prior_abs_ent 29.8 / post_abs_ent -27.2 / prior_obs_ent 18.9 / post_obs_ent 5.0 / boundary_ratio 0.0 / kl_mask 0.0 / normed_target_mean 0.6 / normed_target_std 0.3 / normed_target_min -0.2 / normed_target_max 1.2 / EMA_005 118.9 / EMA_095 666.1 / value_mean 452.9 / value_std 180.7 / value_min 18.7 / value_max 720.7 / target_mean 456.4 / target_std 182.6 / target_min 22.6 / target_max 762.9 / imag_reward_mean 1.4 / imag_reward_std 4.0 / imag_reward_min -0.0 / imag_reward_max 36.3 / imag_action_mean 7.8 / imag_action_std 4.8 / imag_action_min 0.0 / imag_action_max 17.0 / actor_entropy 0.3 / actor_loss 0.8 / actor_grad_norm 4.2 / value_loss 1.4 / value_grad_norm 1.2 / update_count 29272.0 / fps 12.5
add_video needs package moviepy
add_video needs package moviepy
[127132] dataset_size 31783.0 / train_return 3500.0 / train_length 1312.0 / train_episodes 24.0
[127312] 
Start evaluation.
[127312] eval_return 3040.0 / eval_length 1268.8 / eval_episodes 5.0
add_video needs package moviepy
Start training.
[127312] model_loss 17.6 / model_grad_norm 26.5 / image_loss 8.2 / reward_loss 0.1 / cont_loss 0.0 / kl_free 1.0 / dyn_scale 0.5 / rep_scale 0.1 / dyn_loss 15.4 / rep_loss 15.4 / kl 15.4 / prior_abs_ent 30.0 / post_abs_ent -27.2 / prior_obs_ent 18.6 / post_obs_ent 4.8 / boundary_ratio 0.0 / kl_mask 0.0 / normed_target_mean 0.6 / normed_target_std 0.3 / normed_target_min -0.2 / normed_target_max 1.2 / EMA_005 114.9 / EMA_095 671.5 / value_mean 445.8 / value_std 184.7 / value_min 18.0 / value_max 722.1 / target_mean 448.8 / target_std 186.6 / target_min 21.7 / target_max 767.4 / imag_reward_mean 1.3 / imag_reward_std 4.0 / imag_reward_min -0.0 / imag_reward_max 42.2 / imag_action_mean 7.7 / imag_action_std 4.7 / imag_action_min 0.0 / imag_action_max 17.0 / actor_entropy 0.3 / actor_loss 0.6 / actor_grad_norm 4.3 / value_loss 1.4 / value_grad_norm 1.2 / update_count 29428.0 / fps 12.5
add_video needs package moviepy
add_video needs package moviepy
[127936] 
Start evaluation.
[127936] eval_return 3606.0 / eval_length 1493.4 / eval_episodes 5.0
add_video needs package moviepy
Start training.
[127936] model_loss 17.6 / model_grad_norm 24.5 / image_loss 8.2 / reward_loss 0.1 / cont_loss 0.0 / kl_free 1.0 / dyn_scale 0.5 / rep_scale 0.1 / dyn_loss 15.5 / rep_loss 15.5 / kl 15.5 / prior_abs_ent 29.6 / post_abs_ent -27.2 / prior_obs_ent 18.8 / post_obs_ent 5.0 / boundary_ratio 0.0 / kl_mask 0.0 / normed_target_mean 0.6 / normed_target_std 0.3 / normed_target_min -0.2 / normed_target_max 1.2 / EMA_005 113.1 / EMA_095 676.2 / value_mean 454.7 / value_std 184.0 / value_min 12.3 / value_max 728.9 / target_mean 458.2 / target_std 185.9 / target_min 16.0 / target_max 772.6 / imag_reward_mean 1.4 / imag_reward_std 4.0 / imag_reward_min -0.0 / imag_reward_max 43.0 / imag_action_mean 7.7 / imag_action_std 4.7 / imag_action_min 0.0 / imag_action_max 17.0 / actor_entropy 0.3 / actor_loss 0.8 / actor_grad_norm 4.4 / value_loss 1.4 / value_grad_norm 1.2 / update_count 29584.0 / fps 12.1
add_video needs package moviepy
add_video needs package moviepy
[128560] 
Start evaluation.
[128560] eval_return 3556.0 / eval_length 1453.2 / eval_episodes 5.0
add_video needs package moviepy
Start training.
[128560] model_loss 17.6 / model_grad_norm 25.9 / image_loss 8.3 / reward_loss 0.1 / cont_loss 0.0 / kl_free 1.0 / dyn_scale 0.5 / rep_scale 0.1 / dyn_loss 15.4 / rep_loss 15.4 / kl 15.4 / prior_abs_ent 29.6 / post_abs_ent -27.0 / prior_obs_ent 18.9 / post_obs_ent 5.1 / boundary_ratio 0.0 / kl_mask 0.0 / normed_target_mean 0.6 / normed_target_std 0.3 / normed_target_min -0.2 / normed_target_max 1.2 / EMA_005 119.1 / EMA_095 680.7 / value_mean 449.9 / value_std 184.6 / value_min 12.9 / value_max 728.7 / target_mean 452.7 / target_std 186.4 / target_min 14.1 / target_max 774.5 / imag_reward_mean 1.3 / imag_reward_std 3.8 / imag_reward_min -0.0 / imag_reward_max 26.5 / imag_action_mean 7.4 / imag_action_std 4.7 / imag_action_min 0.0 / imag_action_max 17.0 / actor_entropy 0.3 / actor_loss 0.7 / actor_grad_norm 4.4 / value_loss 1.4 / value_grad_norm 1.2 / update_count 29740.0 / fps 12.1
add_video needs package moviepy
add_video needs package moviepy
[129184] 
Start evaluation.
[129184] eval_return 2816.0 / eval_length 1387.4 / eval_episodes 5.0
add_video needs package moviepy
Start training.
[129184] model_loss 17.2 / model_grad_norm 26.5 / image_loss 8.0 / reward_loss 0.1 / cont_loss 0.0 / kl_free 1.0 / dyn_scale 0.5 / rep_scale 0.1 / dyn_loss 15.3 / rep_loss 15.3 / kl 15.3 / prior_abs_ent 29.6 / post_abs_ent -27.1 / prior_obs_ent 18.6 / post_obs_ent 4.9 / boundary_ratio 0.0 / kl_mask 0.0 / normed_target_mean 0.6 / normed_target_std 0.3 / normed_target_min -0.2 / normed_target_max 1.2 / EMA_005 117.0 / EMA_095 686.0 / value_mean 461.0 / value_std 184.2 / value_min 11.7 / value_max 732.8 / target_mean 464.2 / target_std 185.9 / target_min 16.8 / target_max 783.5 / imag_reward_mean 1.3 / imag_reward_std 4.0 / imag_reward_min -0.0 / imag_reward_max 44.9 / imag_action_mean 7.4 / imag_action_std 4.7 / imag_action_min 0.0 / imag_action_max 17.0 / actor_entropy 0.3 / actor_loss 0.8 / actor_grad_norm 4.5 / value_loss 1.4 / value_grad_norm 1.2 / update_count 29896.0 / fps 12.1
add_video needs package moviepy
add_video needs package moviepy
[129808] 
Start evaluation.
[129808] eval_return 2950.0 / eval_length 1381.4 / eval_episodes 5.0
add_video needs package moviepy
Start training.
[129808] model_loss 17.6 / model_grad_norm 25.3 / image_loss 8.2 / reward_loss 0.1 / cont_loss 0.0 / kl_free 1.0 / dyn_scale 0.5 / rep_scale 0.1 / dyn_loss 15.6 / rep_loss 15.6 / kl 15.6 / prior_abs_ent 30.0 / post_abs_ent -27.2 / prior_obs_ent 19.0 / post_obs_ent 5.0 / boundary_ratio 0.0 / kl_mask 0.0 / normed_target_mean 0.6 / normed_target_std 0.3 / normed_target_min -0.2 / normed_target_max 1.2 / EMA_005 116.4 / EMA_095 689.6 / value_mean 462.1 / value_std 187.6 / value_min 15.1 / value_max 734.7 / target_mean 465.7 / target_std 189.2 / target_min 19.2 / target_max 786.2 / imag_reward_mean 1.4 / imag_reward_std 4.1 / imag_reward_min -0.0 / imag_reward_max 38.0 / imag_action_mean 7.2 / imag_action_std 4.7 / imag_action_min 0.0 / imag_action_max 17.0 / actor_entropy 0.3 / actor_loss 0.8 / actor_grad_norm 4.7 / value_loss 1.4 / value_grad_norm 1.3 / update_count 30052.0 / fps 12.2
add_video needs package moviepy
add_video needs package moviepy
[130432] 
Start evaluation.
[130432] eval_return 3352.0 / eval_length 1439.6 / eval_episodes 5.0
add_video needs package moviepy
Start training.
[130432] model_loss 17.5 / model_grad_norm 26.6 / image_loss 8.1 / reward_loss 0.1 / cont_loss 0.0 / kl_free 1.0 / dyn_scale 0.5 / rep_scale 0.1 / dyn_loss 15.5 / rep_loss 15.5 / kl 15.5 / prior_abs_ent 29.8 / post_abs_ent -27.2 / prior_obs_ent 18.5 / post_obs_ent 4.6 / boundary_ratio 0.0 / kl_mask 0.0 / normed_target_mean 0.6 / normed_target_std 0.3 / normed_target_min -0.2 / normed_target_max 1.2 / EMA_005 113.9 / EMA_095 694.3 / value_mean 462.1 / value_std 189.7 / value_min 16.4 / value_max 735.4 / target_mean 465.6 / target_std 191.4 / target_min 19.2 / target_max 787.0 / imag_reward_mean 1.4 / imag_reward_std 4.1 / imag_reward_min -0.0 / imag_reward_max 34.9 / imag_action_mean 7.2 / imag_action_std 4.7 / imag_action_min 0.0 / imag_action_max 17.0 / actor_entropy 0.3 / actor_loss 0.8 / actor_grad_norm 4.4 / value_loss 1.4 / value_grad_norm 1.2 / update_count 30208.0 / fps 12.1
add_video needs package moviepy
add_video needs package moviepy
[131056] 
Start evaluation.
[131056] eval_return 3596.0 / eval_length 1374.6 / eval_episodes 5.0
add_video needs package moviepy
Start training.
[131056] model_loss 17.4 / model_grad_norm 25.5 / image_loss 8.1 / reward_loss 0.1 / cont_loss 0.0 / kl_free 1.0 / dyn_scale 0.5 / rep_scale 0.1 / dyn_loss 15.4 / rep_loss 15.4 / kl 15.4 / prior_abs_ent 29.5 / post_abs_ent -27.1 / prior_obs_ent 18.8 / post_obs_ent 4.9 / boundary_ratio 0.0 / kl_mask 0.0 / normed_target_mean 0.6 / normed_target_std 0.3 / normed_target_min -0.2 / normed_target_max 1.2 / EMA_005 107.9 / EMA_095 698.7 / value_mean 462.6 / value_std 192.6 / value_min 11.8 / value_max 738.2 / target_mean 466.4 / target_std 194.6 / target_min 13.4 / target_max 792.9 / imag_reward_mean 1.4 / imag_reward_std 4.0 / imag_reward_min -0.0 / imag_reward_max 31.6 / imag_action_mean 7.2 / imag_action_std 4.7 / imag_action_min 0.0 / imag_action_max 17.0 / actor_entropy 0.3 / actor_loss 0.9 / actor_grad_norm 4.5 / value_loss 1.4 / value_grad_norm 1.3 / update_count 30364.0 / fps 12.3
add_video needs package moviepy
add_video needs package moviepy
[131680] 
Start evaluation.
[131680] eval_return 2882.0 / eval_length 1372.2 / eval_episodes 5.0
add_video needs package moviepy
Start training.
[131680] model_loss 17.5 / model_grad_norm 25.2 / image_loss 8.1 / reward_loss 0.1 / cont_loss 0.0 / kl_free 1.0 / dyn_scale 0.5 / rep_scale 0.1 / dyn_loss 15.6 / rep_loss 15.6 / kl 15.6 / prior_abs_ent 30.0 / post_abs_ent -27.2 / prior_obs_ent 18.9 / post_obs_ent 4.9 / boundary_ratio 0.0 / kl_mask 0.0 / normed_target_mean 0.6 / normed_target_std 0.3 / normed_target_min -0.2 / normed_target_max 1.2 / EMA_005 109.4 / EMA_095 701.9 / value_mean 475.2 / value_std 189.4 / value_min 16.1 / value_max 739.9 / target_mean 478.3 / target_std 191.2 / target_min 17.8 / target_max 794.9 / imag_reward_mean 1.4 / imag_reward_std 4.1 / imag_reward_min -0.0 / imag_reward_max 40.5 / imag_action_mean 7.3 / imag_action_std 4.7 / imag_action_min 0.0 / imag_action_max 17.0 / actor_entropy 0.3 / actor_loss 0.7 / actor_grad_norm 4.5 / value_loss 1.4 / value_grad_norm 1.2 / update_count 30520.0 / fps 12.2
add_video needs package moviepy
add_video needs package moviepy
[132304] 
Start evaluation.
[132304] eval_return 2744.0 / eval_length 1328.2 / eval_episodes 5.0
add_video needs package moviepy
Start training.
[132304] model_loss 17.8 / model_grad_norm 31.9 / image_loss 8.1 / reward_loss 0.1 / cont_loss 0.0 / kl_free 1.0 / dyn_scale 0.5 / rep_scale 0.1 / dyn_loss 15.9 / rep_loss 15.9 / kl 15.9 / prior_abs_ent 29.7 / post_abs_ent -27.3 / prior_obs_ent 19.4 / post_obs_ent 5.1 / boundary_ratio 0.0 / kl_mask 0.0 / normed_target_mean 0.6 / normed_target_std 0.3 / normed_target_min -0.2 / normed_target_max 1.2 / EMA_005 109.0 / EMA_095 706.0 / value_mean 470.1 / value_std 196.1 / value_min 12.3 / value_max 740.8 / target_mean 473.6 / target_std 197.8 / target_min 13.4 / target_max 796.9 / imag_reward_mean 1.4 / imag_reward_std 4.1 / imag_reward_min -0.0 / imag_reward_max 38.8 / imag_action_mean 7.0 / imag_action_std 4.7 / imag_action_min 0.0 / imag_action_max 17.0 / actor_entropy 0.3 / actor_loss 0.8 / actor_grad_norm 4.5 / value_loss 1.4 / value_grad_norm 1.3 / update_count 30676.0 / fps 12.4
add_video needs package moviepy
add_video needs package moviepy
[132884] dataset_size 33221.0 / train_return 4260.0 / train_length 1438.0 / train_episodes 25.0
[132928] 
Start evaluation.
[132928] eval_return 3992.0 / eval_length 1555.2 / eval_episodes 5.0
add_video needs package moviepy
Start training.
[132928] model_loss 17.1 / model_grad_norm 22.4 / image_loss 7.9 / reward_loss 0.1 / cont_loss 0.0 / kl_free 1.0 / dyn_scale 0.5 / rep_scale 0.1 / dyn_loss 15.2 / rep_loss 15.2 / kl 15.2 / prior_abs_ent 28.8 / post_abs_ent -27.4 / prior_obs_ent 18.0 / post_obs_ent 4.3 / boundary_ratio 0.0 / kl_mask 0.0 / normed_target_mean 0.6 / normed_target_std 0.3 / normed_target_min -0.2 / normed_target_max 1.2 / EMA_005 110.1 / EMA_095 712.3 / value_mean 476.0 / value_std 193.7 / value_min 16.8 / value_max 745.0 / target_mean 479.2 / target_std 195.4 / target_min 18.0 / target_max 806.8 / imag_reward_mean 1.4 / imag_reward_std 4.1 / imag_reward_min -0.0 / imag_reward_max 36.4 / imag_action_mean 7.1 / imag_action_std 4.8 / imag_action_min 0.0 / imag_action_max 17.0 / actor_entropy 0.3 / actor_loss 0.7 / actor_grad_norm 4.3 / value_loss 1.4 / value_grad_norm 1.2 / update_count 30832.0 / fps 11.8
add_video needs package moviepy
add_video needs package moviepy
[133552] 
Start evaluation.
[133552] eval_return 3242.0 / eval_length 1405.2 / eval_episodes 5.0
add_video needs package moviepy
Start training.
[133552] model_loss 17.1 / model_grad_norm 25.2 / image_loss 7.8 / reward_loss 0.1 / cont_loss 0.0 / kl_free 1.0 / dyn_scale 0.5 / rep_scale 0.1 / dyn_loss 15.4 / rep_loss 15.4 / kl 15.4 / prior_abs_ent 29.2 / post_abs_ent -27.3 / prior_obs_ent 17.8 / post_obs_ent 3.9 / boundary_ratio 0.0 / kl_mask 0.0 / normed_target_mean 0.6 / normed_target_std 0.3 / normed_target_min -0.2 / normed_target_max 1.2 / EMA_005 114.3 / EMA_095 716.3 / value_mean 481.2 / value_std 194.3 / value_min 15.3 / value_max 748.1 / target_mean 484.6 / target_std 195.8 / target_min 19.0 / target_max 811.4 / imag_reward_mean 1.4 / imag_reward_std 4.2 / imag_reward_min -0.0 / imag_reward_max 46.3 / imag_action_mean 7.1 / imag_action_std 4.8 / imag_action_min 0.0 / imag_action_max 17.0 / actor_entropy 0.3 / actor_loss 0.8 / actor_grad_norm 4.5 / value_loss 1.4 / value_grad_norm 1.3 / update_count 30988.0 / fps 12.1
add_video needs package moviepy
add_video needs package moviepy
[134176] 
Start evaluation.
[134176] eval_return 3498.0 / eval_length 1345.6 / eval_episodes 5.0
add_video needs package moviepy
Start training.
[134176] model_loss 17.0 / model_grad_norm 24.5 / image_loss 7.7 / reward_loss 0.1 / cont_loss 0.0 / kl_free 1.0 / dyn_scale 0.5 / rep_scale 0.1 / dyn_loss 15.3 / rep_loss 15.3 / kl 15.3 / prior_abs_ent 29.2 / post_abs_ent -27.3 / prior_obs_ent 17.4 / post_obs_ent 3.7 / boundary_ratio 0.0 / kl_mask 0.0 / normed_target_mean 0.6 / normed_target_std 0.3 / normed_target_min -0.2 / normed_target_max 1.2 / EMA_005 112.4 / EMA_095 721.6 / value_mean 484.5 / value_std 198.2 / value_min 10.3 / value_max 753.1 / target_mean 487.9 / target_std 200.2 / target_min 11.7 / target_max 815.4 / imag_reward_mean 1.4 / imag_reward_std 4.1 / imag_reward_min -0.0 / imag_reward_max 41.2 / imag_action_mean 7.0 / imag_action_std 4.7 / imag_action_min 0.0 / imag_action_max 17.0 / actor_entropy 0.3 / actor_loss 0.7 / actor_grad_norm 4.5 / value_loss 1.4 / value_grad_norm 1.2 / update_count 31144.0 / fps 12.3
add_video needs package moviepy
add_video needs package moviepy
[134800] 
Start evaluation.
[134800] eval_return 2664.0 / eval_length 1243.8 / eval_episodes 5.0
add_video needs package moviepy
Start training.
[134800] model_loss 17.2 / model_grad_norm 26.8 / image_loss 7.8 / reward_loss 0.1 / cont_loss 0.0 / kl_free 1.0 / dyn_scale 0.5 / rep_scale 0.1 / dyn_loss 15.5 / rep_loss 15.5 / kl 15.5 / prior_abs_ent 29.5 / post_abs_ent -27.3 / prior_obs_ent 18.1 / post_obs_ent 4.3 / boundary_ratio 0.0 / kl_mask 0.0 / normed_target_mean 0.6 / normed_target_std 0.3 / normed_target_min -0.2 / normed_target_max 1.1 / EMA_005 113.3 / EMA_095 727.7 / value_mean 488.1 / value_std 199.8 / value_min 12.2 / value_max 756.6 / target_mean 491.5 / target_std 201.4 / target_min 15.7 / target_max 812.9 / imag_reward_mean 1.5 / imag_reward_std 4.2 / imag_reward_min -0.0 / imag_reward_max 31.0 / imag_action_mean 6.7 / imag_action_std 4.7 / imag_action_min 0.0 / imag_action_max 17.0 / actor_entropy 0.3 / actor_loss 0.8 / actor_grad_norm 4.8 / value_loss 1.4 / value_grad_norm 1.2 / update_count 31300.0 / fps 12.7
add_video needs package moviepy
add_video needs package moviepy
[135424] 
Start evaluation.
[135424] eval_return 3388.0 / eval_length 1461.6 / eval_episodes 5.0
add_video needs package moviepy
Start training.
[135424] model_loss 17.2 / model_grad_norm 24.9 / image_loss 7.8 / reward_loss 0.1 / cont_loss 0.0 / kl_free 1.0 / dyn_scale 0.5 / rep_scale 0.1 / dyn_loss 15.5 / rep_loss 15.5 / kl 15.5 / prior_abs_ent 29.2 / post_abs_ent -27.4 / prior_obs_ent 17.6 / post_obs_ent 3.7 / boundary_ratio 0.0 / kl_mask 0.0 / normed_target_mean 0.6 / normed_target_std 0.3 / normed_target_min -0.2 / normed_target_max 1.1 / EMA_005 122.0 / EMA_095 731.1 / value_mean 495.3 / value_std 198.6 / value_min 15.1 / value_max 761.9 / target_mean 498.8 / target_std 200.3 / target_min 18.0 / target_max 817.0 / imag_reward_mean 1.4 / imag_reward_std 4.1 / imag_reward_min -0.0 / imag_reward_max 28.7 / imag_action_mean 6.8 / imag_action_std 4.7 / imag_action_min 0.0 / imag_action_max 17.0 / actor_entropy 0.3 / actor_loss 0.8 / actor_grad_norm 4.8 / value_loss 1.4 / value_grad_norm 1.3 / update_count 31456.0 / fps 12.1
add_video needs package moviepy
add_video needs package moviepy
[135784] dataset_size 33946.0 / train_return 660.0 / train_length 725.0 / train_episodes 26.0
[136048] 
Start evaluation.
[136048] eval_return 3390.0 / eval_length 1364.8 / eval_episodes 5.0
add_video needs package moviepy
Start training.
[136048] model_loss 17.1 / model_grad_norm 26.6 / image_loss 7.7 / reward_loss 0.1 / cont_loss 0.0 / kl_free 1.0 / dyn_scale 0.5 / rep_scale 0.1 / dyn_loss 15.5 / rep_loss 15.5 / kl 15.5 / prior_abs_ent 29.6 / post_abs_ent -27.3 / prior_obs_ent 18.2 / post_obs_ent 4.3 / boundary_ratio 0.0 / kl_mask 0.0 / normed_target_mean 0.6 / normed_target_std 0.3 / normed_target_min -0.2 / normed_target_max 1.2 / EMA_005 116.8 / EMA_095 735.1 / value_mean 496.3 / value_std 200.6 / value_min 14.4 / value_max 769.5 / target_mean 499.8 / target_std 202.3 / target_min 17.0 / target_max 829.9 / imag_reward_mean 1.5 / imag_reward_std 4.3 / imag_reward_min -0.0 / imag_reward_max 50.0 / imag_action_mean 6.7 / imag_action_std 4.7 / imag_action_min 0.0 / imag_action_max 17.0 / actor_entropy 0.3 / actor_loss 0.8 / actor_grad_norm 4.9 / value_loss 1.4 / value_grad_norm 1.2 / update_count 31612.0 / fps 12.3
add_video needs package moviepy
add_video needs package moviepy
[136672] 
Start evaluation.
[136672] eval_return 3302.0 / eval_length 1442.8 / eval_episodes 5.0
add_video needs package moviepy
Start training.
[136672] model_loss 16.8 / model_grad_norm 26.3 / image_loss 7.6 / reward_loss 0.1 / cont_loss 0.0 / kl_free 1.0 / dyn_scale 0.5 / rep_scale 0.1 / dyn_loss 15.3 / rep_loss 15.3 / kl 15.3 / prior_abs_ent 29.5 / post_abs_ent -27.3 / prior_obs_ent 17.5 / post_obs_ent 3.8 / boundary_ratio 0.0 / kl_mask 0.0 / normed_target_mean 0.6 / normed_target_std 0.3 / normed_target_min -0.2 / normed_target_max 1.2 / EMA_005 122.7 / EMA_095 737.7 / value_mean 493.8 / value_std 200.8 / value_min 10.8 / value_max 775.1 / target_mean 496.7 / target_std 202.5 / target_min 12.9 / target_max 836.0 / imag_reward_mean 1.4 / imag_reward_std 4.2 / imag_reward_min -0.0 / imag_reward_max 55.4 / imag_action_mean 7.0 / imag_action_std 4.7 / imag_action_min 0.0 / imag_action_max 17.0 / actor_entropy 0.3 / actor_loss 0.7 / actor_grad_norm 4.6 / value_loss 1.4 / value_grad_norm 1.2 / update_count 31768.0 / fps 12.0
add_video needs package moviepy
add_video needs package moviepy
[137296] 
Start evaluation.
[137296] eval_return 3376.0 / eval_length 1422.2 / eval_episodes 5.0
add_video needs package moviepy
Start training.
[137296] model_loss 17.2 / model_grad_norm 28.2 / image_loss 7.7 / reward_loss 0.1 / cont_loss 0.0 / kl_free 1.0 / dyn_scale 0.5 / rep_scale 0.1 / dyn_loss 15.7 / rep_loss 15.7 / kl 15.7 / prior_abs_ent 29.7 / post_abs_ent -27.3 / prior_obs_ent 17.6 / post_obs_ent 3.6 / boundary_ratio 0.0 / kl_mask 0.0 / normed_target_mean 0.6 / normed_target_std 0.3 / normed_target_min -0.2 / normed_target_max 1.1 / EMA_005 121.5 / EMA_095 742.1 / value_mean 504.2 / value_std 199.8 / value_min 14.0 / value_max 784.3 / target_mean 507.3 / target_std 201.2 / target_min 16.0 / target_max 831.0 / imag_reward_mean 1.4 / imag_reward_std 4.2 / imag_reward_min -0.0 / imag_reward_max 34.9 / imag_action_mean 6.8 / imag_action_std 4.7 / imag_action_min 0.0 / imag_action_max 17.0 / actor_entropy 0.3 / actor_loss 0.7 / actor_grad_norm 4.7 / value_loss 1.4 / value_grad_norm 1.2 / update_count 31924.0 / fps 12.2
add_video needs package moviepy
add_video needs package moviepy
[137920] 
Start evaluation.
[137920] eval_return 2982.0 / eval_length 1421.8 / eval_episodes 5.0
add_video needs package moviepy
Start training.
[137920] model_loss 17.0 / model_grad_norm 26.7 / image_loss 7.6 / reward_loss 0.1 / cont_loss 0.0 / kl_free 1.0 / dyn_scale 0.5 / rep_scale 0.1 / dyn_loss 15.5 / rep_loss 15.5 / kl 15.5 / prior_abs_ent 29.5 / post_abs_ent -27.3 / prior_obs_ent 17.7 / post_obs_ent 3.8 / boundary_ratio 0.0 / kl_mask 0.0 / normed_target_mean 0.6 / normed_target_std 0.3 / normed_target_min -0.2 / normed_target_max 1.1 / EMA_005 118.5 / EMA_095 744.8 / value_mean 501.1 / value_std 205.7 / value_min 12.3 / value_max 792.5 / target_mean 504.0 / target_std 207.4 / target_min 15.3 / target_max 833.5 / imag_reward_mean 1.4 / imag_reward_std 4.1 / imag_reward_min -0.0 / imag_reward_max 46.2 / imag_action_mean 6.6 / imag_action_std 4.7 / imag_action_min 0.0 / imag_action_max 17.0 / actor_entropy 0.3 / actor_loss 0.7 / actor_grad_norm 4.8 / value_loss 1.4 / value_grad_norm 1.2 / update_count 32080.0 / fps 12.1
add_video needs package moviepy
add_video needs package moviepy
[138544] 
Start evaluation.
[138544] eval_return 2770.0 / eval_length 1335.4 / eval_episodes 5.0
add_video needs package moviepy
Start training.
[138544] model_loss 16.9 / model_grad_norm 26.5 / image_loss 7.6 / reward_loss 0.1 / cont_loss 0.0 / kl_free 1.0 / dyn_scale 0.5 / rep_scale 0.1 / dyn_loss 15.4 / rep_loss 15.4 / kl 15.4 / prior_abs_ent 29.4 / post_abs_ent -27.3 / prior_obs_ent 17.6 / post_obs_ent 3.8 / boundary_ratio 0.0 / kl_mask 0.0 / normed_target_mean 0.6 / normed_target_std 0.3 / normed_target_min -0.2 / normed_target_max 1.1 / EMA_005 121.2 / EMA_095 748.4 / value_mean 508.9 / value_std 204.5 / value_min 9.4 / value_max 800.4 / target_mean 512.0 / target_std 206.0 / target_min 11.8 / target_max 840.7 / imag_reward_mean 1.4 / imag_reward_std 4.2 / imag_reward_min -0.0 / imag_reward_max 47.2 / imag_action_mean 6.9 / imag_action_std 4.7 / imag_action_min 0.0 / imag_action_max 17.0 / actor_entropy 0.3 / actor_loss 0.7 / actor_grad_norm 4.8 / value_loss 1.4 / value_grad_norm 1.2 / update_count 32236.0 / fps 12.5
add_video needs package moviepy
add_video needs package moviepy
[139168] 
Start evaluation.
[139168] eval_return 3058.0 / eval_length 1371.2 / eval_episodes 5.0
add_video needs package moviepy
Start training.
[139168] model_loss 17.1 / model_grad_norm 27.8 / image_loss 7.7 / reward_loss 0.1 / cont_loss 0.0 / kl_free 1.0 / dyn_scale 0.5 / rep_scale 0.1 / dyn_loss 15.6 / rep_loss 15.6 / kl 15.6 / prior_abs_ent 29.5 / post_abs_ent -27.2 / prior_obs_ent 18.2 / post_obs_ent 4.2 / boundary_ratio 0.0 / kl_mask 0.0 / normed_target_mean 0.6 / normed_target_std 0.3 / normed_target_min -0.2 / normed_target_max 1.1 / EMA_005 119.2 / EMA_095 751.0 / value_mean 510.3 / value_std 204.1 / value_min 14.4 / value_max 806.0 / target_mean 513.6 / target_std 205.6 / target_min 17.9 / target_max 837.9 / imag_reward_mean 1.4 / imag_reward_std 4.1 / imag_reward_min -0.0 / imag_reward_max 25.3 / imag_action_mean 6.8 / imag_action_std 4.7 / imag_action_min 0.0 / imag_action_max 17.0 / actor_entropy 0.3 / actor_loss 0.7 / actor_grad_norm 4.9 / value_loss 1.4 / value_grad_norm 1.2 / update_count 32392.0 / fps 12.3
add_video needs package moviepy
add_video needs package moviepy
[139792] 
Start evaluation.
[139792] eval_return 3092.0 / eval_length 1359.2 / eval_episodes 5.0
add_video needs package moviepy
Start training.
[139792] model_loss 16.8 / model_grad_norm 25.1 / image_loss 7.4 / reward_loss 0.1 / cont_loss 0.0 / kl_free 1.0 / dyn_scale 0.5 / rep_scale 0.1 / dyn_loss 15.5 / rep_loss 15.5 / kl 15.5 / prior_abs_ent 29.7 / post_abs_ent -27.3 / prior_obs_ent 17.4 / post_obs_ent 3.5 / boundary_ratio 0.0 / kl_mask 0.0 / normed_target_mean 0.6 / normed_target_std 0.3 / normed_target_min -0.2 / normed_target_max 1.1 / EMA_005 114.6 / EMA_095 754.2 / value_mean 504.5 / value_std 209.8 / value_min 15.3 / value_max 815.3 / target_mean 507.7 / target_std 211.5 / target_min 18.3 / target_max 845.1 / imag_reward_mean 1.4 / imag_reward_std 4.1 / imag_reward_min -0.0 / imag_reward_max 35.1 / imag_action_mean 6.9 / imag_action_std 4.8 / imag_action_min 0.0 / imag_action_max 17.0 / actor_entropy 0.3 / actor_loss 0.7 / actor_grad_norm 5.0 / value_loss 1.4 / value_grad_norm 1.2 / update_count 32548.0 / fps 12.4
add_video needs package moviepy
add_video needs package moviepy
[140416] 
Start evaluation.
[140416] eval_return 2596.0 / eval_length 1364.6 / eval_episodes 5.0
add_video needs package moviepy
Start training.
[140416] model_loss 17.0 / model_grad_norm 25.4 / image_loss 7.5 / reward_loss 0.1 / cont_loss 0.0 / kl_free 1.0 / dyn_scale 0.5 / rep_scale 0.1 / dyn_loss 15.8 / rep_loss 15.8 / kl 15.8 / prior_abs_ent 30.1 / post_abs_ent -27.4 / prior_obs_ent 17.7 / post_obs_ent 3.6 / boundary_ratio 0.0 / kl_mask 0.0 / normed_target_mean 0.6 / normed_target_std 0.3 / normed_target_min -0.2 / normed_target_max 1.1 / EMA_005 116.7 / EMA_095 759.3 / value_mean 511.7 / value_std 210.1 / value_min 14.3 / value_max 825.9 / target_mean 514.8 / target_std 211.5 / target_min 16.5 / target_max 851.1 / imag_reward_mean 1.4 / imag_reward_std 4.1 / imag_reward_min -0.0 / imag_reward_max 26.0 / imag_action_mean 6.9 / imag_action_std 4.8 / imag_action_min 0.0 / imag_action_max 17.0 / actor_entropy 0.3 / actor_loss 0.7 / actor_grad_norm 5.1 / value_loss 1.4 / value_grad_norm 1.3 / update_count 32704.0 / fps 12.3
add_video needs package moviepy
add_video needs package moviepy
[140792] dataset_size 35198.0 / train_return 2780.0 / train_length 1252.0 / train_episodes 27.0
[141040] 
Start evaluation.
[141040] eval_return 3386.0 / eval_length 1417.0 / eval_episodes 5.0
add_video needs package moviepy
Start training.
[141040] model_loss 16.9 / model_grad_norm 26.5 / image_loss 7.5 / reward_loss 0.1 / cont_loss 0.0 / kl_free 1.0 / dyn_scale 0.5 / rep_scale 0.1 / dyn_loss 15.6 / rep_loss 15.6 / kl 15.6 / prior_abs_ent 29.6 / post_abs_ent -27.4 / prior_obs_ent 17.4 / post_obs_ent 3.5 / boundary_ratio 0.0 / kl_mask 0.0 / normed_target_mean 0.6 / normed_target_std 0.3 / normed_target_min -0.2 / normed_target_max 1.1 / EMA_005 112.7 / EMA_095 762.4 / value_mean 503.9 / value_std 212.7 / value_min 12.4 / value_max 829.4 / target_mean 507.0 / target_std 214.1 / target_min 12.9 / target_max 858.1 / imag_reward_mean 1.4 / imag_reward_std 4.1 / imag_reward_min -0.0 / imag_reward_max 34.2 / imag_action_mean 6.8 / imag_action_std 4.7 / imag_action_min 0.0 / imag_action_max 17.0 / actor_entropy 0.3 / actor_loss 0.7 / actor_grad_norm 5.2 / value_loss 1.4 / value_grad_norm 1.3 / update_count 32860.0 / fps 12.1
add_video needs package moviepy
add_video needs package moviepy
[141664] 
Start evaluation.
[141664] eval_return 3106.0 / eval_length 1466.4 / eval_episodes 5.0
add_video needs package moviepy
Start training.
[141664] model_loss 17.1 / model_grad_norm 26.5 / image_loss 7.5 / reward_loss 0.1 / cont_loss 0.0 / kl_free 1.0 / dyn_scale 0.5 / rep_scale 0.1 / dyn_loss 15.8 / rep_loss 15.8 / kl 15.8 / prior_abs_ent 29.8 / post_abs_ent -27.4 / prior_obs_ent 17.8 / post_obs_ent 3.6 / boundary_ratio 0.0 / kl_mask 0.0 / normed_target_mean 0.6 / normed_target_std 0.3 / normed_target_min -0.2 / normed_target_max 1.1 / EMA_005 109.5 / EMA_095 764.9 / value_mean 515.3 / value_std 213.8 / value_min 8.7 / value_max 836.9 / target_mean 517.9 / target_std 215.2 / target_min 10.4 / target_max 861.8 / imag_reward_mean 1.4 / imag_reward_std 4.1 / imag_reward_min -0.0 / imag_reward_max 25.3 / imag_action_mean 7.0 / imag_action_std 4.7 / imag_action_min 0.0 / imag_action_max 17.0 / actor_entropy 0.3 / actor_loss 0.6 / actor_grad_norm 5.3 / value_loss 1.4 / value_grad_norm 1.3 / update_count 33016.0 / fps 12.0
add_video needs package moviepy
add_video needs package moviepy
[142288] 
Start evaluation.
[142288] eval_return 2934.0 / eval_length 1389.6 / eval_episodes 5.0
add_video needs package moviepy
Start training.
[142288] model_loss 16.8 / model_grad_norm 25.7 / image_loss 7.4 / reward_loss 0.1 / cont_loss 0.0 / kl_free 1.0 / dyn_scale 0.5 / rep_scale 0.1 / dyn_loss 15.6 / rep_loss 15.6 / kl 15.6 / prior_abs_ent 29.6 / post_abs_ent -27.3 / prior_obs_ent 17.7 / post_obs_ent 3.7 / boundary_ratio 0.0 / kl_mask 0.0 / normed_target_mean 0.6 / normed_target_std 0.3 / normed_target_min -0.2 / normed_target_max 1.1 / EMA_005 121.2 / EMA_095 767.8 / value_mean 513.8 / value_std 209.4 / value_min 12.2 / value_max 836.8 / target_mean 516.4 / target_std 211.0 / target_min 15.2 / target_max 860.5 / imag_reward_mean 1.4 / imag_reward_std 4.1 / imag_reward_min -0.0 / imag_reward_max 34.7 / imag_action_mean 7.2 / imag_action_std 4.7 / imag_action_min 0.0 / imag_action_max 17.0 / actor_entropy 0.3 / actor_loss 0.6 / actor_grad_norm 5.3 / value_loss 1.4 / value_grad_norm 1.2 / update_count 33172.0 / fps 12.3
add_video needs package moviepy
add_video needs package moviepy
[142912] 
Start evaluation.
[142912] eval_return 3342.0 / eval_length 1464.0 / eval_episodes 5.0
add_video needs package moviepy
Start training.
[142912] model_loss 16.7 / model_grad_norm 24.8 / image_loss 7.2 / reward_loss 0.1 / cont_loss 0.0 / kl_free 1.0 / dyn_scale 0.5 / rep_scale 0.1 / dyn_loss 15.6 / rep_loss 15.6 / kl 15.6 / prior_abs_ent 29.7 / post_abs_ent -27.3 / prior_obs_ent 17.4 / post_obs_ent 3.3 / boundary_ratio 0.0 / kl_mask 0.0 / normed_target_mean 0.6 / normed_target_std 0.3 / normed_target_min -0.2 / normed_target_max 1.2 / EMA_005 119.3 / EMA_095 769.8 / value_mean 517.3 / value_std 213.7 / value_min 12.9 / value_max 841.3 / target_mean 520.5 / target_std 214.9 / target_min 16.3 / target_max 869.0 / imag_reward_mean 1.4 / imag_reward_std 4.1 / imag_reward_min -0.0 / imag_reward_max 27.8 / imag_action_mean 7.4 / imag_action_std 4.7 / imag_action_min 0.0 / imag_action_max 17.0 / actor_entropy 0.3 / actor_loss 0.8 / actor_grad_norm 5.2 / value_loss 1.4 / value_grad_norm 1.3 / update_count 33328.0 / fps 12.1
add_video needs package moviepy
add_video needs package moviepy
[143536] 
Start evaluation.
[143536] eval_return 2542.0 / eval_length 1151.2 / eval_episodes 5.0
add_video needs package moviepy
Start training.
[143536] model_loss 16.9 / model_grad_norm 28.9 / image_loss 7.3 / reward_loss 0.1 / cont_loss 0.0 / kl_free 1.0 / dyn_scale 0.5 / rep_scale 0.1 / dyn_loss 15.9 / rep_loss 15.9 / kl 15.9 / prior_abs_ent 29.6 / post_abs_ent -27.4 / prior_obs_ent 17.6 / post_obs_ent 3.4 / boundary_ratio 0.0 / kl_mask 0.0 / normed_target_mean 0.6 / normed_target_std 0.3 / normed_target_min -0.2 / normed_target_max 1.2 / EMA_005 122.7 / EMA_095 772.9 / value_mean 527.3 / value_std 208.6 / value_min 17.9 / value_max 843.7 / target_mean 530.4 / target_std 209.8 / target_min 21.1 / target_max 871.2 / imag_reward_mean 1.5 / imag_reward_std 4.2 / imag_reward_min -0.0 / imag_reward_max 25.7 / imag_action_mean 7.9 / imag_action_std 4.8 / imag_action_min 0.0 / imag_action_max 17.0 / actor_entropy 0.3 / actor_loss 0.8 / actor_grad_norm 5.2 / value_loss 1.4 / value_grad_norm 1.2 / update_count 33484.0 / fps 12.9
add_video needs package moviepy
add_video needs package moviepy
[144160] 
Start evaluation.
[144160] eval_return 2710.0 / eval_length 1335.6 / eval_episodes 5.0
add_video needs package moviepy
Start training.
[144160] model_loss 16.8 / model_grad_norm 26.0 / image_loss 7.3 / reward_loss 0.1 / cont_loss 0.0 / kl_free 1.0 / dyn_scale 0.5 / rep_scale 0.1 / dyn_loss 15.7 / rep_loss 15.7 / kl 15.7 / prior_abs_ent 29.6 / post_abs_ent -27.3 / prior_obs_ent 17.5 / post_obs_ent 3.4 / boundary_ratio 0.0 / kl_mask 0.0 / normed_target_mean 0.6 / normed_target_std 0.3 / normed_target_min -0.2 / normed_target_max 1.2 / EMA_005 125.0 / EMA_095 779.1 / value_mean 528.1 / value_std 210.3 / value_min 12.4 / value_max 849.7 / target_mean 531.3 / target_std 211.7 / target_min 13.9 / target_max 879.2 / imag_reward_mean 1.5 / imag_reward_std 4.1 / imag_reward_min -0.0 / imag_reward_max 28.7 / imag_action_mean 8.0 / imag_action_std 4.8 / imag_action_min 0.0 / imag_action_max 17.0 / actor_entropy 0.3 / actor_loss 0.7 / actor_grad_norm 5.5 / value_loss 1.4 / value_grad_norm 1.3 / update_count 33640.0 / fps 12.5
add_video needs package moviepy
add_video needs package moviepy
[144784] 
Start evaluation.
[144784] eval_return 2350.0 / eval_length 1243.4 / eval_episodes 5.0
add_video needs package moviepy
Start training.
[144784] model_loss 16.8 / model_grad_norm 24.7 / image_loss 7.3 / reward_loss 0.1 / cont_loss 0.0 / kl_free 1.0 / dyn_scale 0.5 / rep_scale 0.1 / dyn_loss 15.8 / rep_loss 15.8 / kl 15.8 / prior_abs_ent 29.7 / post_abs_ent -27.3 / prior_obs_ent 17.4 / post_obs_ent 3.3 / boundary_ratio 0.0 / kl_mask 0.0 / normed_target_mean 0.6 / normed_target_std 0.3 / normed_target_min -0.2 / normed_target_max 1.2 / EMA_005 125.6 / EMA_095 783.2 / value_mean 520.3 / value_std 216.8 / value_min 15.5 / value_max 851.9 / target_mean 523.4 / target_std 218.2 / target_min 17.5 / target_max 882.8 / imag_reward_mean 1.4 / imag_reward_std 4.1 / imag_reward_min -0.0 / imag_reward_max 27.9 / imag_action_mean 7.8 / imag_action_std 4.8 / imag_action_min 0.0 / imag_action_max 17.0 / actor_entropy 0.3 / actor_loss 0.7 / actor_grad_norm 5.1 / value_loss 1.4 / value_grad_norm 1.2 / update_count 33796.0 / fps 12.7
add_video needs package moviepy
add_video needs package moviepy
[145408] 
Start evaluation.
[145408] eval_return 3152.0 / eval_length 1468.6 / eval_episodes 5.0
add_video needs package moviepy
Start training.
[145408] model_loss 16.8 / model_grad_norm 26.8 / image_loss 7.2 / reward_loss 0.1 / cont_loss 0.0 / kl_free 1.0 / dyn_scale 0.5 / rep_scale 0.1 / dyn_loss 15.8 / rep_loss 15.8 / kl 15.8 / prior_abs_ent 30.0 / post_abs_ent -27.3 / prior_obs_ent 17.0 / post_obs_ent 2.8 / boundary_ratio 0.0 / kl_mask 0.0 / normed_target_mean 0.6 / normed_target_std 0.3 / normed_target_min -0.2 / normed_target_max 1.1 / EMA_005 123.2 / EMA_095 786.9 / value_mean 530.8 / value_std 215.7 / value_min 14.9 / value_max 853.5 / target_mean 533.6 / target_std 217.1 / target_min 18.6 / target_max 883.7 / imag_reward_mean 1.5 / imag_reward_std 4.1 / imag_reward_min -0.0 / imag_reward_max 28.4 / imag_action_mean 7.8 / imag_action_std 4.8 / imag_action_min 0.0 / imag_action_max 17.0 / actor_entropy 0.3 / actor_loss 0.7 / actor_grad_norm 5.0 / value_loss 1.4 / value_grad_norm 1.2 / update_count 33952.0 / fps 12.1
add_video needs package moviepy
add_video needs package moviepy
[146032] 
Start evaluation.
[146032] eval_return 3498.0 / eval_length 1469.0 / eval_episodes 5.0
add_video needs package moviepy
Start training.
[146032] model_loss 16.8 / model_grad_norm 28.7 / image_loss 7.2 / reward_loss 0.1 / cont_loss 0.0 / kl_free 1.0 / dyn_scale 0.5 / rep_scale 0.1 / dyn_loss 15.9 / rep_loss 15.9 / kl 15.9 / prior_abs_ent 29.8 / post_abs_ent -27.4 / prior_obs_ent 17.7 / post_obs_ent 3.4 / boundary_ratio 0.0 / kl_mask 0.0 / normed_target_mean 0.6 / normed_target_std 0.3 / normed_target_min -0.2 / normed_target_max 1.1 / EMA_005 116.7 / EMA_095 789.8 / value_mean 525.6 / value_std 221.5 / value_min 11.9 / value_max 854.3 / target_mean 528.3 / target_std 222.7 / target_min 12.2 / target_max 887.7 / imag_reward_mean 1.4 / imag_reward_std 4.1 / imag_reward_min -0.0 / imag_reward_max 34.0 / imag_action_mean 7.9 / imag_action_std 4.8 / imag_action_min 0.0 / imag_action_max 17.0 / actor_entropy 0.3 / actor_loss 0.6 / actor_grad_norm 5.2 / value_loss 1.4 / value_grad_norm 1.3 / update_count 34108.0 / fps 12.0
add_video needs package moviepy
add_video needs package moviepy
[146656] 
Start evaluation.
[146656] eval_return 3450.0 / eval_length 1456.4 / eval_episodes 5.0
add_video needs package moviepy
Start training.
[146656] model_loss 16.8 / model_grad_norm 26.4 / image_loss 7.2 / reward_loss 0.1 / cont_loss 0.0 / kl_free 1.0 / dyn_scale 0.5 / rep_scale 0.1 / dyn_loss 15.9 / rep_loss 15.9 / kl 15.9 / prior_abs_ent 29.4 / post_abs_ent -27.4 / prior_obs_ent 17.0 / post_obs_ent 2.7 / boundary_ratio 0.0 / kl_mask 0.0 / normed_target_mean 0.6 / normed_target_std 0.3 / normed_target_min -0.2 / normed_target_max 1.1 / EMA_005 120.3 / EMA_095 789.5 / value_mean 540.4 / value_std 210.6 / value_min 11.2 / value_max 852.0 / target_mean 543.3 / target_std 211.8 / target_min 13.4 / target_max 882.9 / imag_reward_mean 1.5 / imag_reward_std 4.2 / imag_reward_min -0.0 / imag_reward_max 35.8 / imag_action_mean 8.0 / imag_action_std 4.8 / imag_action_min 0.0 / imag_action_max 17.0 / actor_entropy 0.3 / actor_loss 0.7 / actor_grad_norm 5.2 / value_loss 1.4 / value_grad_norm 1.2 / update_count 34264.0 / fps 12.1
add_video needs package moviepy
add_video needs package moviepy
[146744] dataset_size 36686.0 / train_return 3610.0 / train_length 1488.0 / train_episodes 28.0
[147280] 
Start evaluation.
[147280] eval_return 2726.0 / eval_length 1337.4 / eval_episodes 5.0
add_video needs package moviepy
Start training.
[147280] model_loss 17.8 / model_grad_norm 40.6 / image_loss 7.7 / reward_loss 0.1 / cont_loss 0.0 / kl_free 1.0 / dyn_scale 0.5 / rep_scale 0.1 / dyn_loss 16.6 / rep_loss 16.6 / kl 16.6 / prior_abs_ent 30.2 / post_abs_ent -27.4 / prior_obs_ent 19.0 / post_obs_ent 4.3 / boundary_ratio 0.0 / kl_mask 0.0 / normed_target_mean 0.6 / normed_target_std 0.3 / normed_target_min -0.2 / normed_target_max 1.1 / EMA_005 126.4 / EMA_095 790.4 / value_mean 530.2 / value_std 214.6 / value_min 15.9 / value_max 852.8 / target_mean 532.7 / target_std 215.8 / target_min 18.2 / target_max 884.8 / imag_reward_mean 1.5 / imag_reward_std 4.1 / imag_reward_min -0.0 / imag_reward_max 22.6 / imag_action_mean 7.9 / imag_action_std 4.8 / imag_action_min 0.0 / imag_action_max 17.0 / actor_entropy 0.3 / actor_loss 0.5 / actor_grad_norm 5.4 / value_loss 1.4 / value_grad_norm 1.3 / update_count 34420.0 / fps 12.4
add_video needs package moviepy
add_video needs package moviepy
[147904] 
Start evaluation.
[147904] eval_return 2492.0 / eval_length 1216.2 / eval_episodes 5.0
add_video needs package moviepy
Start training.
[147904] model_loss 16.6 / model_grad_norm 24.0 / image_loss 7.2 / reward_loss 0.1 / cont_loss 0.0 / kl_free 1.0 / dyn_scale 0.5 / rep_scale 0.1 / dyn_loss 15.6 / rep_loss 15.6 / kl 15.6 / prior_abs_ent 30.4 / post_abs_ent -27.2 / prior_obs_ent 18.0 / post_obs_ent 3.8 / boundary_ratio 0.0 / kl_mask 0.0 / normed_target_mean 0.6 / normed_target_std 0.3 / normed_target_min -0.2 / normed_target_max 1.1 / EMA_005 137.4 / EMA_095 789.9 / value_mean 533.1 / value_std 208.4 / value_min 22.1 / value_max 850.7 / target_mean 535.7 / target_std 209.5 / target_min 26.0 / target_max 887.7 / imag_reward_mean 1.5 / imag_reward_std 4.2 / imag_reward_min -0.0 / imag_reward_max 40.4 / imag_action_mean 7.9 / imag_action_std 4.8 / imag_action_min 0.0 / imag_action_max 17.0 / actor_entropy 0.3 / actor_loss 0.6 / actor_grad_norm 5.1 / value_loss 1.4 / value_grad_norm 1.2 / update_count 34576.0 / fps 12.7
add_video needs package moviepy
add_video needs package moviepy
[148528] 
Start evaluation.
[148528] eval_return 2694.0 / eval_length 1285.4 / eval_episodes 5.0
add_video needs package moviepy
Start training.
[148528] model_loss 16.7 / model_grad_norm 25.6 / image_loss 7.1 / reward_loss 0.1 / cont_loss 0.0 / kl_free 1.0 / dyn_scale 0.5 / rep_scale 0.1 / dyn_loss 15.8 / rep_loss 15.8 / kl 15.8 / prior_abs_ent 30.2 / post_abs_ent -27.2 / prior_obs_ent 16.7 / post_obs_ent 2.7 / boundary_ratio 0.0 / kl_mask 0.0 / normed_target_mean 0.6 / normed_target_std 0.3 / normed_target_min -0.2 / normed_target_max 1.2 / EMA_005 135.5 / EMA_095 793.1 / value_mean 533.7 / value_std 215.6 / value_min 19.3 / value_max 855.5 / target_mean 536.2 / target_std 216.5 / target_min 22.7 / target_max 894.0 / imag_reward_mean 1.4 / imag_reward_std 4.2 / imag_reward_min -0.0 / imag_reward_max 35.2 / imag_action_mean 7.9 / imag_action_std 4.7 / imag_action_min 0.0 / imag_action_max 17.0 / actor_entropy 0.3 / actor_loss 0.5 / actor_grad_norm 4.8 / value_loss 1.4 / value_grad_norm 1.2 / update_count 34732.0 / fps 12.5
add_video needs package moviepy
add_video needs package moviepy
[149152] 
Start evaluation.
[149152] eval_return 2756.0 / eval_length 1272.0 / eval_episodes 5.0
add_video needs package moviepy
Start training.
[149152] model_loss 16.5 / model_grad_norm 25.7 / image_loss 7.0 / reward_loss 0.1 / cont_loss 0.0 / kl_free 1.0 / dyn_scale 0.5 / rep_scale 0.1 / dyn_loss 15.7 / rep_loss 15.7 / kl 15.7 / prior_abs_ent 29.9 / post_abs_ent -27.2 / prior_obs_ent 16.6 / post_obs_ent 2.5 / boundary_ratio 0.0 / kl_mask 0.0 / normed_target_mean 0.6 / normed_target_std 0.3 / normed_target_min -0.2 / normed_target_max 1.2 / EMA_005 142.7 / EMA_095 797.9 / value_mean 550.0 / value_std 211.4 / value_min 17.8 / value_max 857.3 / target_mean 552.7 / target_std 212.7 / target_min 20.5 / target_max 897.1 / imag_reward_mean 1.5 / imag_reward_std 4.2 / imag_reward_min -0.0 / imag_reward_max 32.0 / imag_action_mean 7.9 / imag_action_std 4.7 / imag_action_min 0.0 / imag_action_max 17.0 / actor_entropy 0.3 / actor_loss 0.6 / actor_grad_norm 4.9 / value_loss 1.4 / value_grad_norm 1.2 / update_count 34888.0 / fps 12.5
add_video needs package moviepy
add_video needs package moviepy
[149776] 
Start evaluation.
[149776] eval_return 3254.0 / eval_length 1428.0 / eval_episodes 5.0
add_video needs package moviepy
Start training.
[149776] model_loss 16.3 / model_grad_norm 25.0 / image_loss 6.8 / reward_loss 0.1 / cont_loss 0.0 / kl_free 1.0 / dyn_scale 0.5 / rep_scale 0.1 / dyn_loss 15.7 / rep_loss 15.7 / kl 15.7 / prior_abs_ent 30.2 / post_abs_ent -27.3 / prior_obs_ent 16.1 / post_obs_ent 2.0 / boundary_ratio 0.0 / kl_mask 0.0 / normed_target_mean 0.6 / normed_target_std 0.3 / normed_target_min -0.2 / normed_target_max 1.1 / EMA_005 132.0 / EMA_095 801.9 / value_mean 535.8 / value_std 220.3 / value_min 16.4 / value_max 857.7 / target_mean 538.1 / target_std 221.7 / target_min 17.3 / target_max 898.9 / imag_reward_mean 1.5 / imag_reward_std 4.2 / imag_reward_min -0.0 / imag_reward_max 31.3 / imag_action_mean 7.9 / imag_action_std 4.7 / imag_action_min 0.0 / imag_action_max 17.0 / actor_entropy 0.3 / actor_loss 0.5 / actor_grad_norm 4.9 / value_loss 1.4 / value_grad_norm 1.2 / update_count 35044.0 / fps 12.2
add_video needs package moviepy
add_video needs package moviepy
[150400] 
Start evaluation.
[150400] eval_return 2632.0 / eval_length 1226.8 / eval_episodes 5.0
add_video needs package moviepy
Start training.
[150400] model_loss 16.5 / model_grad_norm 23.2 / image_loss 6.9 / reward_loss 0.1 / cont_loss 0.0 / kl_free 1.0 / dyn_scale 0.5 / rep_scale 0.1 / dyn_loss 15.8 / rep_loss 15.8 / kl 15.8 / prior_abs_ent 30.0 / post_abs_ent -27.3 / prior_obs_ent 16.3 / post_obs_ent 2.1 / boundary_ratio 0.0 / kl_mask 0.0 / normed_target_mean 0.6 / normed_target_std 0.3 / normed_target_min -0.2 / normed_target_max 1.1 / EMA_005 127.8 / EMA_095 804.1 / value_mean 546.7 / value_std 216.6 / value_min 14.0 / value_max 858.9 / target_mean 549.2 / target_std 218.0 / target_min 17.1 / target_max 905.5 / imag_reward_mean 1.5 / imag_reward_std 4.3 / imag_reward_min -0.0 / imag_reward_max 41.0 / imag_action_mean 8.2 / imag_action_std 4.7 / imag_action_min 0.0 / imag_action_max 17.0 / actor_entropy 0.3 / actor_loss 0.6 / actor_grad_norm 5.2 / value_loss 1.4 / value_grad_norm 1.2 / update_count 35200.0 / fps 12.6
add_video needs package moviepy
add_video needs package moviepy
[151024] 
Start evaluation.
[151024] eval_return 3140.0 / eval_length 1373.0 / eval_episodes 5.0
add_video needs package moviepy
Start training.
[151024] model_loss 16.6 / model_grad_norm 26.9 / image_loss 7.0 / reward_loss 0.1 / cont_loss 0.0 / kl_free 1.0 / dyn_scale 0.5 / rep_scale 0.1 / dyn_loss 15.9 / rep_loss 15.9 / kl 15.9 / prior_abs_ent 30.1 / post_abs_ent -27.3 / prior_obs_ent 16.5 / post_obs_ent 2.3 / boundary_ratio 0.0 / kl_mask 0.0 / normed_target_mean 0.6 / normed_target_std 0.3 / normed_target_min -0.2 / normed_target_max 1.1 / EMA_005 130.3 / EMA_095 808.0 / value_mean 545.0 / value_std 219.3 / value_min 17.2 / value_max 859.1 / target_mean 547.4 / target_std 220.6 / target_min 19.1 / target_max 901.4 / imag_reward_mean 1.5 / imag_reward_std 4.2 / imag_reward_min -0.0 / imag_reward_max 33.8 / imag_action_mean 8.0 / imag_action_std 4.7 / imag_action_min 0.0 / imag_action_max 17.0 / actor_entropy 0.3 / actor_loss 0.5 / actor_grad_norm 5.0 / value_loss 1.4 / value_grad_norm 1.2 / update_count 35356.0 / fps 12.3
add_video needs package moviepy
add_video needs package moviepy
[151648] 
Start evaluation.
[151648] eval_return 2532.0 / eval_length 1211.8 / eval_episodes 5.0
add_video needs package moviepy
Start training.
[151648] model_loss 16.5 / model_grad_norm 25.2 / image_loss 6.9 / reward_loss 0.1 / cont_loss 0.0 / kl_free 1.0 / dyn_scale 0.5 / rep_scale 0.1 / dyn_loss 15.9 / rep_loss 15.9 / kl 15.9 / prior_abs_ent 30.0 / post_abs_ent -27.4 / prior_obs_ent 16.2 / post_obs_ent 1.9 / boundary_ratio 0.0 / kl_mask 0.0 / normed_target_mean 0.6 / normed_target_std 0.3 / normed_target_min -0.2 / normed_target_max 1.1 / EMA_005 129.5 / EMA_095 808.8 / value_mean 548.2 / value_std 218.6 / value_min 14.3 / value_max 860.2 / target_mean 550.5 / target_std 219.9 / target_min 18.8 / target_max 901.2 / imag_reward_mean 1.5 / imag_reward_std 4.3 / imag_reward_min -0.0 / imag_reward_max 34.9 / imag_action_mean 8.1 / imag_action_std 4.8 / imag_action_min 0.0 / imag_action_max 17.0 / actor_entropy 0.3 / actor_loss 0.5 / actor_grad_norm 5.2 / value_loss 1.4 / value_grad_norm 1.2 / update_count 35512.0 / fps 12.8
add_video needs package moviepy
add_video needs package moviepy
[152272] 
Start evaluation.
[152272] eval_return 2726.0 / eval_length 1305.8 / eval_episodes 5.0
add_video needs package moviepy
Start training.
[152272] model_loss 16.5 / model_grad_norm 27.7 / image_loss 6.9 / reward_loss 0.1 / cont_loss 0.0 / kl_free 1.0 / dyn_scale 0.5 / rep_scale 0.1 / dyn_loss 15.8 / rep_loss 15.8 / kl 15.8 / prior_abs_ent 30.0 / post_abs_ent -27.3 / prior_obs_ent 16.6 / post_obs_ent 2.4 / boundary_ratio 0.0 / kl_mask 0.0 / normed_target_mean 0.6 / normed_target_std 0.3 / normed_target_min -0.2 / normed_target_max 1.1 / EMA_005 132.7 / EMA_095 812.1 / value_mean 549.9 / value_std 218.4 / value_min 19.1 / value_max 861.2 / target_mean 552.3 / target_std 219.8 / target_min 21.4 / target_max 907.6 / imag_reward_mean 1.5 / imag_reward_std 4.2 / imag_reward_min -0.0 / imag_reward_max 31.8 / imag_action_mean 8.1 / imag_action_std 4.7 / imag_action_min 0.0 / imag_action_max 17.0 / actor_entropy 0.3 / actor_loss 0.5 / actor_grad_norm 5.0 / value_loss 1.4 / value_grad_norm 1.2 / update_count 35668.0 / fps 12.5
add_video needs package moviepy
add_video needs package moviepy
[152528] dataset_size 38132.0 / train_return 3800.0 / train_length 1446.0 / train_episodes 29.0
[152896] 
Start evaluation.
[152896] eval_return 2998.0 / eval_length 1279.2 / eval_episodes 5.0
add_video needs package moviepy
Start training.
[152896] model_loss 16.4 / model_grad_norm 25.9 / image_loss 6.8 / reward_loss 0.1 / cont_loss 0.0 / kl_free 1.0 / dyn_scale 0.5 / rep_scale 0.1 / dyn_loss 15.9 / rep_loss 15.9 / kl 15.9 / prior_abs_ent 30.3 / post_abs_ent -27.3 / prior_obs_ent 16.4 / post_obs_ent 2.2 / boundary_ratio 0.0 / kl_mask 0.0 / normed_target_mean 0.6 / normed_target_std 0.3 / normed_target_min -0.2 / normed_target_max 1.1 / EMA_005 135.9 / EMA_095 812.7 / value_mean 550.0 / value_std 219.8 / value_min 13.4 / value_max 859.8 / target_mean 552.3 / target_std 221.1 / target_min 16.4 / target_max 901.2 / imag_reward_mean 1.5 / imag_reward_std 4.2 / imag_reward_min -0.0 / imag_reward_max 24.9 / imag_action_mean 8.0 / imag_action_std 4.7 / imag_action_min 0.0 / imag_action_max 17.0 / actor_entropy 0.3 / actor_loss 0.5 / actor_grad_norm 5.2 / value_loss 1.4 / value_grad_norm 1.2 / update_count 35824.0 / fps 12.5
add_video needs package moviepy
add_video needs package moviepy
[153520] 
Start evaluation.
[153520] eval_return 2468.0 / eval_length 1250.6 / eval_episodes 5.0
add_video needs package moviepy
Start training.
[153520] model_loss 16.5 / model_grad_norm 28.0 / image_loss 6.9 / reward_loss 0.1 / cont_loss 0.0 / kl_free 1.0 / dyn_scale 0.5 / rep_scale 0.1 / dyn_loss 15.9 / rep_loss 15.9 / kl 15.9 / prior_abs_ent 30.1 / post_abs_ent -27.3 / prior_obs_ent 16.5 / post_obs_ent 2.2 / boundary_ratio 0.0 / kl_mask 0.0 / normed_target_mean 0.6 / normed_target_std 0.3 / normed_target_min -0.2 / normed_target_max 1.1 / EMA_005 135.7 / EMA_095 814.8 / value_mean 549.8 / value_std 220.1 / value_min 18.7 / value_max 863.3 / target_mean 552.1 / target_std 221.0 / target_min 24.3 / target_max 904.7 / imag_reward_mean 1.5 / imag_reward_std 4.1 / imag_reward_min -0.0 / imag_reward_max 28.9 / imag_action_mean 8.0 / imag_action_std 4.7 / imag_action_min 0.0 / imag_action_max 17.0 / actor_entropy 0.3 / actor_loss 0.5 / actor_grad_norm 5.1 / value_loss 1.4 / value_grad_norm 1.2 / update_count 35980.0 / fps 12.7
add_video needs package moviepy
add_video needs package moviepy
[154144] 
Start evaluation.
[154144] eval_return 3202.0 / eval_length 1382.4 / eval_episodes 5.0
add_video needs package moviepy
Start training.
[154144] model_loss 16.5 / model_grad_norm 26.0 / image_loss 6.9 / reward_loss 0.1 / cont_loss 0.0 / kl_free 1.0 / dyn_scale 0.5 / rep_scale 0.1 / dyn_loss 15.9 / rep_loss 15.9 / kl 15.9 / prior_abs_ent 29.5 / post_abs_ent -27.5 / prior_obs_ent 16.1 / post_obs_ent 1.8 / boundary_ratio 0.0 / kl_mask 0.0 / normed_target_mean 0.6 / normed_target_std 0.3 / normed_target_min -0.2 / normed_target_max 1.2 / EMA_005 134.8 / EMA_095 816.8 / value_mean 555.0 / value_std 218.9 / value_min 20.2 / value_max 863.7 / target_mean 557.8 / target_std 220.0 / target_min 24.3 / target_max 919.4 / imag_reward_mean 1.6 / imag_reward_std 4.4 / imag_reward_min -0.0 / imag_reward_max 48.1 / imag_action_mean 8.1 / imag_action_std 4.7 / imag_action_min 0.0 / imag_action_max 17.0 / actor_entropy 0.3 / actor_loss 0.7 / actor_grad_norm 5.3 / value_loss 1.4 / value_grad_norm 1.2 / update_count 36136.0 / fps 12.2
add_video needs package moviepy
add_video needs package moviepy
[154768] 
Start evaluation.
[154768] eval_return 3206.0 / eval_length 1394.6 / eval_episodes 5.0
add_video needs package moviepy
Start training.
[154768] model_loss 16.5 / model_grad_norm 28.4 / image_loss 6.8 / reward_loss 0.1 / cont_loss 0.0 / kl_free 1.0 / dyn_scale 0.5 / rep_scale 0.1 / dyn_loss 16.0 / rep_loss 16.0 / kl 16.0 / prior_abs_ent 29.8 / post_abs_ent -27.4 / prior_obs_ent 16.4 / post_obs_ent 2.0 / boundary_ratio 0.0 / kl_mask 0.0 / normed_target_mean 0.6 / normed_target_std 0.3 / normed_target_min -0.2 / normed_target_max 1.1 / EMA_005 140.7 / EMA_095 822.2 / value_mean 555.7 / value_std 218.0 / value_min 14.4 / value_max 863.3 / target_mean 558.0 / target_std 219.0 / target_min 19.1 / target_max 912.1 / imag_reward_mean 1.5 / imag_reward_std 4.3 / imag_reward_min -0.0 / imag_reward_max 37.7 / imag_action_mean 8.3 / imag_action_std 4.7 / imag_action_min 0.0 / imag_action_max 17.0 / actor_entropy 0.3 / actor_loss 0.5 / actor_grad_norm 5.3 / value_loss 1.4 / value_grad_norm 1.2 / update_count 36292.0 / fps 12.2
add_video needs package moviepy
add_video needs package moviepy
[155392] 
Start evaluation.
[155392] eval_return 3268.0 / eval_length 1384.0 / eval_episodes 5.0
add_video needs package moviepy
Start training.
[155392] model_loss 16.2 / model_grad_norm 25.2 / image_loss 6.7 / reward_loss 0.1 / cont_loss 0.0 / kl_free 1.0 / dyn_scale 0.5 / rep_scale 0.1 / dyn_loss 15.8 / rep_loss 15.8 / kl 15.8 / prior_abs_ent 29.7 / post_abs_ent -27.4 / prior_obs_ent 15.7 / post_obs_ent 1.5 / boundary_ratio 0.0 / kl_mask 0.0 / normed_target_mean 0.6 / normed_target_std 0.3 / normed_target_min -0.2 / normed_target_max 1.1 / EMA_005 138.6 / EMA_095 824.0 / value_mean 561.7 / value_std 221.3 / value_min 24.5 / value_max 864.9 / target_mean 564.2 / target_std 222.6 / target_min 26.2 / target_max 912.9 / imag_reward_mean 1.5 / imag_reward_std 4.3 / imag_reward_min -0.0 / imag_reward_max 36.9 / imag_action_mean 8.2 / imag_action_std 4.7 / imag_action_min 0.0 / imag_action_max 17.0 / actor_entropy 0.3 / actor_loss 0.5 / actor_grad_norm 5.1 / value_loss 1.3 / value_grad_norm 1.2 / update_count 36448.0 / fps 12.2
add_video needs package moviepy
add_video needs package moviepy
[156016] 
Start evaluation.
[156016] eval_return 2746.0 / eval_length 1269.6 / eval_episodes 5.0
add_video needs package moviepy
Start training.
[156016] model_loss 16.5 / model_grad_norm 25.8 / image_loss 6.8 / reward_loss 0.1 / cont_loss 0.0 / kl_free 1.0 / dyn_scale 0.5 / rep_scale 0.1 / dyn_loss 16.0 / rep_loss 16.0 / kl 16.0 / prior_abs_ent 30.0 / post_abs_ent -27.3 / prior_obs_ent 16.7 / post_obs_ent 2.4 / boundary_ratio 0.0 / kl_mask 0.0 / normed_target_mean 0.6 / normed_target_std 0.3 / normed_target_min -0.2 / normed_target_max 1.1 / EMA_005 136.2 / EMA_095 825.3 / value_mean 556.0 / value_std 219.3 / value_min 14.5 / value_max 864.2 / target_mean 558.3 / target_std 220.5 / target_min 18.6 / target_max 915.3 / imag_reward_mean 1.5 / imag_reward_std 4.2 / imag_reward_min -0.0 / imag_reward_max 36.5 / imag_action_mean 8.1 / imag_action_std 4.7 / imag_action_min 0.0 / imag_action_max 17.0 / actor_entropy 0.3 / actor_loss 0.5 / actor_grad_norm 5.2 / value_loss 1.4 / value_grad_norm 1.2 / update_count 36604.0 / fps 12.6
add_video needs package moviepy
add_video needs package moviepy
[156640] 
Start evaluation.
[156640] eval_return 3022.0 / eval_length 1383.6 / eval_episodes 5.0
add_video needs package moviepy
Start training.
[156640] model_loss 16.2 / model_grad_norm 26.4 / image_loss 6.7 / reward_loss 0.1 / cont_loss 0.0 / kl_free 1.0 / dyn_scale 0.5 / rep_scale 0.1 / dyn_loss 15.8 / rep_loss 15.8 / kl 15.8 / prior_abs_ent 29.8 / post_abs_ent -27.4 / prior_obs_ent 16.1 / post_obs_ent 1.9 / boundary_ratio 0.0 / kl_mask 0.0 / normed_target_mean 0.6 / normed_target_std 0.3 / normed_target_min -0.2 / normed_target_max 1.1 / EMA_005 138.0 / EMA_095 827.7 / value_mean 563.4 / value_std 225.2 / value_min 17.4 / value_max 866.9 / target_mean 565.9 / target_std 226.2 / target_min 22.4 / target_max 915.9 / imag_reward_mean 1.6 / imag_reward_std 4.3 / imag_reward_min -0.0 / imag_reward_max 34.2 / imag_action_mean 8.1 / imag_action_std 4.7 / imag_action_min 0.0 / imag_action_max 17.0 / actor_entropy 0.3 / actor_loss 0.6 / actor_grad_norm 5.2 / value_loss 1.4 / value_grad_norm 1.2 / update_count 36760.0 / fps 12.3
add_video needs package moviepy
add_video needs package moviepy
[157264] 
Start evaluation.
[157264] eval_return 3250.0 / eval_length 1352.0 / eval_episodes 5.0
add_video needs package moviepy
Start training.
[157264] model_loss 16.5 / model_grad_norm 26.0 / image_loss 6.8 / reward_loss 0.1 / cont_loss 0.0 / kl_free 1.0 / dyn_scale 0.5 / rep_scale 0.1 / dyn_loss 16.0 / rep_loss 16.0 / kl 16.0 / prior_abs_ent 30.1 / post_abs_ent -27.4 / prior_obs_ent 16.1 / post_obs_ent 1.7 / boundary_ratio 0.0 / kl_mask 0.0 / normed_target_mean 0.6 / normed_target_std 0.3 / normed_target_min -0.2 / normed_target_max 1.1 / EMA_005 135.2 / EMA_095 832.7 / value_mean 562.5 / value_std 224.7 / value_min 14.7 / value_max 866.6 / target_mean 565.0 / target_std 225.9 / target_min 18.4 / target_max 919.6 / imag_reward_mean 1.5 / imag_reward_std 4.2 / imag_reward_min -0.0 / imag_reward_max 34.1 / imag_action_mean 8.0 / imag_action_std 4.7 / imag_action_min 0.0 / imag_action_max 17.0 / actor_entropy 0.3 / actor_loss 0.5 / actor_grad_norm 5.3 / value_loss 1.4 / value_grad_norm 1.2 / update_count 36916.0 / fps 12.4
add_video needs package moviepy
add_video needs package moviepy
[157888] 
Start evaluation.
[157888] eval_return 3498.0 / eval_length 1420.2 / eval_episodes 5.0
add_video needs package moviepy
Start training.
[157888] model_loss 16.5 / model_grad_norm 25.6 / image_loss 6.8 / reward_loss 0.1 / cont_loss 0.0 / kl_free 1.0 / dyn_scale 0.5 / rep_scale 0.1 / dyn_loss 16.0 / rep_loss 16.0 / kl 16.0 / prior_abs_ent 29.9 / post_abs_ent -27.4 / prior_obs_ent 15.9 / post_obs_ent 1.6 / boundary_ratio 0.0 / kl_mask 0.0 / normed_target_mean 0.6 / normed_target_std 0.3 / normed_target_min -0.2 / normed_target_max 1.1 / EMA_005 144.0 / EMA_095 831.4 / value_mean 570.4 / value_std 217.7 / value_min 26.2 / value_max 866.6 / target_mean 573.0 / target_std 218.7 / target_min 30.4 / target_max 919.9 / imag_reward_mean 1.5 / imag_reward_std 4.3 / imag_reward_min -0.0 / imag_reward_max 40.4 / imag_action_mean 8.1 / imag_action_std 4.7 / imag_action_min 0.0 / imag_action_max 17.0 / actor_entropy 0.3 / actor_loss 0.7 / actor_grad_norm 5.4 / value_loss 1.3 / value_grad_norm 1.2 / update_count 37072.0 / fps 12.1
add_video needs package moviepy
add_video needs package moviepy
[158324] dataset_size 39581.0 / train_return 3890.0 / train_length 1449.0 / train_episodes 30.0
[158512] 
Start evaluation.
[158512] eval_return 3166.0 / eval_length 1344.4 / eval_episodes 5.0
add_video needs package moviepy
Start training.
[158512] model_loss 16.5 / model_grad_norm 25.8 / image_loss 6.8 / reward_loss 0.1 / cont_loss 0.0 / kl_free 1.0 / dyn_scale 0.5 / rep_scale 0.1 / dyn_loss 16.1 / rep_loss 16.1 / kl 16.1 / prior_abs_ent 29.9 / post_abs_ent -27.4 / prior_obs_ent 16.5 / post_obs_ent 2.1 / boundary_ratio 0.0 / kl_mask 0.0 / normed_target_mean 0.6 / normed_target_std 0.3 / normed_target_min -0.2 / normed_target_max 1.1 / EMA_005 143.1 / EMA_095 833.9 / value_mean 562.7 / value_std 225.8 / value_min 10.9 / value_max 868.5 / target_mean 565.1 / target_std 226.9 / target_min 14.2 / target_max 926.2 / imag_reward_mean 1.5 / imag_reward_std 4.3 / imag_reward_min -0.0 / imag_reward_max 38.3 / imag_action_mean 8.3 / imag_action_std 4.7 / imag_action_min 0.0 / imag_action_max 17.0 / actor_entropy 0.3 / actor_loss 0.6 / actor_grad_norm 5.6 / value_loss 1.4 / value_grad_norm 1.3 / update_count 37228.0 / fps 12.3
add_video needs package moviepy
add_video needs package moviepy
[159136] 
Start evaluation.
[159136] eval_return 3216.0 / eval_length 1357.8 / eval_episodes 5.0
add_video needs package moviepy
Start training.
[159136] model_loss 16.4 / model_grad_norm 24.6 / image_loss 6.8 / reward_loss 0.1 / cont_loss 0.0 / kl_free 1.0 / dyn_scale 0.5 / rep_scale 0.1 / dyn_loss 15.8 / rep_loss 15.8 / kl 15.8 / prior_abs_ent 29.9 / post_abs_ent -27.4 / prior_obs_ent 15.7 / post_obs_ent 1.4 / boundary_ratio 0.0 / kl_mask 0.0 / normed_target_mean 0.6 / normed_target_std 0.3 / normed_target_min -0.2 / normed_target_max 1.1 / EMA_005 150.0 / EMA_095 836.4 / value_mean 566.3 / value_std 218.4 / value_min 15.2 / value_max 869.3 / target_mean 568.5 / target_std 219.6 / target_min 19.1 / target_max 928.0 / imag_reward_mean 1.5 / imag_reward_std 4.3 / imag_reward_min -0.0 / imag_reward_max 40.9 / imag_action_mean 8.5 / imag_action_std 4.7 / imag_action_min 0.0 / imag_action_max 17.0 / actor_entropy 0.3 / actor_loss 0.6 / actor_grad_norm 5.4 / value_loss 1.4 / value_grad_norm 1.2 / update_count 37384.0 / fps 12.3
add_video needs package moviepy
add_video needs package moviepy
[159760] 
Start evaluation.
[159760] eval_return 3026.0 / eval_length 1360.4 / eval_episodes 5.0
add_video needs package moviepy
Start training.
[159760] model_loss 16.3 / model_grad_norm 26.6 / image_loss 6.6 / reward_loss 0.1 / cont_loss 0.0 / kl_free 1.0 / dyn_scale 0.5 / rep_scale 0.1 / dyn_loss 15.9 / rep_loss 15.9 / kl 15.9 / prior_abs_ent 30.2 / post_abs_ent -27.4 / prior_obs_ent 16.2 / post_obs_ent 1.9 / boundary_ratio 0.0 / kl_mask 0.0 / normed_target_mean 0.6 / normed_target_std 0.3 / normed_target_min -0.2 / normed_target_max 1.1 / EMA_005 145.2 / EMA_095 839.4 / value_mean 569.8 / value_std 225.2 / value_min 18.7 / value_max 869.5 / target_mean 572.0 / target_std 226.3 / target_min 23.3 / target_max 925.0 / imag_reward_mean 1.5 / imag_reward_std 4.3 / imag_reward_min -0.0 / imag_reward_max 40.4 / imag_action_mean 8.4 / imag_action_std 4.7 / imag_action_min 0.0 / imag_action_max 17.0 / actor_entropy 0.3 / actor_loss 0.5 / actor_grad_norm 5.5 / value_loss 1.4 / value_grad_norm 1.3 / update_count 37540.0 / fps 12.3
add_video needs package moviepy
add_video needs package moviepy
[160384] 
Start evaluation.
[160384] eval_return 3474.0 / eval_length 1410.4 / eval_episodes 5.0
add_video needs package moviepy
Start training.
[160384] model_loss 16.3 / model_grad_norm 24.4 / image_loss 6.7 / reward_loss 0.1 / cont_loss 0.0 / kl_free 1.0 / dyn_scale 0.5 / rep_scale 0.1 / dyn_loss 15.9 / rep_loss 15.9 / kl 15.9 / prior_abs_ent 30.1 / post_abs_ent -27.4 / prior_obs_ent 15.8 / post_obs_ent 1.6 / boundary_ratio 0.0 / kl_mask 0.0 / normed_target_mean 0.6 / normed_target_std 0.3 / normed_target_min -0.2 / normed_target_max 1.1 / EMA_005 148.5 / EMA_095 842.9 / value_mean 572.8 / value_std 224.1 / value_min 21.9 / value_max 871.0 / target_mean 575.0 / target_std 225.3 / target_min 27.7 / target_max 929.9 / imag_reward_mean 1.6 / imag_reward_std 4.3 / imag_reward_min -0.0 / imag_reward_max 40.9 / imag_action_mean 8.5 / imag_action_std 4.7 / imag_action_min 0.0 / imag_action_max 17.0 / actor_entropy 0.3 / actor_loss 0.4 / actor_grad_norm 5.4 / value_loss 1.3 / value_grad_norm 1.2 / update_count 37696.0 / fps 12.1
add_video needs package moviepy
add_video needs package moviepy
[161008] 
Start evaluation.
[161008] eval_return 3090.0 / eval_length 1401.4 / eval_episodes 5.0
add_video needs package moviepy
Start training.
[161008] model_loss 16.3 / model_grad_norm 24.2 / image_loss 6.6 / reward_loss 0.1 / cont_loss 0.0 / kl_free 1.0 / dyn_scale 0.5 / rep_scale 0.1 / dyn_loss 15.9 / rep_loss 15.9 / kl 15.9 / prior_abs_ent 29.9 / post_abs_ent -27.4 / prior_obs_ent 15.7 / post_obs_ent 1.4 / boundary_ratio 0.0 / kl_mask 0.0 / normed_target_mean 0.6 / normed_target_std 0.3 / normed_target_min -0.2 / normed_target_max 1.1 / EMA_005 146.9 / EMA_095 841.8 / value_mean 572.0 / value_std 224.6 / value_min 14.9 / value_max 871.1 / target_mean 574.1 / target_std 225.7 / target_min 16.6 / target_max 925.5 / imag_reward_mean 1.5 / imag_reward_std 4.2 / imag_reward_min -0.0 / imag_reward_max 31.2 / imag_action_mean 8.6 / imag_action_std 4.6 / imag_action_min 0.0 / imag_action_max 17.0 / actor_entropy 0.3 / actor_loss 0.5 / actor_grad_norm 5.3 / value_loss 1.4 / value_grad_norm 1.2 / update_count 37852.0 / fps 12.2
add_video needs package moviepy
add_video needs package moviepy
[161632] 
Start evaluation.
[161632] eval_return 3088.0 / eval_length 1354.4 / eval_episodes 5.0
add_video needs package moviepy
Start training.
[161632] model_loss 16.6 / model_grad_norm 31.3 / image_loss 6.8 / reward_loss 0.1 / cont_loss 0.0 / kl_free 1.0 / dyn_scale 0.5 / rep_scale 0.1 / dyn_loss 16.2 / rep_loss 16.2 / kl 16.2 / prior_abs_ent 29.8 / post_abs_ent -27.5 / prior_obs_ent 15.7 / post_obs_ent 1.2 / boundary_ratio 0.0 / kl_mask 0.0 / normed_target_mean 0.6 / normed_target_std 0.3 / normed_target_min -0.2 / normed_target_max 1.1 / EMA_005 150.2 / EMA_095 844.5 / value_mean 582.9 / value_std 220.1 / value_min 21.1 / value_max 871.6 / target_mean 584.9 / target_std 221.4 / target_min 24.2 / target_max 928.7 / imag_reward_mean 1.6 / imag_reward_std 4.4 / imag_reward_min -0.0 / imag_reward_max 39.4 / imag_action_mean 8.6 / imag_action_std 4.7 / imag_action_min 0.0 / imag_action_max 17.0 / actor_entropy 0.3 / actor_loss 0.4 / actor_grad_norm 5.4 / value_loss 1.3 / value_grad_norm 1.2 / update_count 38008.0 / fps 12.3
add_video needs package moviepy
add_video needs package moviepy
[162256] 
Start evaluation.
[162256] eval_return 2934.0 / eval_length 1299.8 / eval_episodes 5.0
add_video needs package moviepy
Start training.
[162256] model_loss 16.3 / model_grad_norm 28.4 / image_loss 6.6 / reward_loss 0.1 / cont_loss 0.0 / kl_free 1.0 / dyn_scale 0.5 / rep_scale 0.1 / dyn_loss 16.1 / rep_loss 16.1 / kl 16.1 / prior_abs_ent 29.9 / post_abs_ent -27.5 / prior_obs_ent 15.3 / post_obs_ent 0.9 / boundary_ratio 0.0 / kl_mask 0.0 / normed_target_mean 0.6 / normed_target_std 0.3 / normed_target_min -0.2 / normed_target_max 1.1 / EMA_005 146.2 / EMA_095 846.1 / value_mean 572.6 / value_std 228.9 / value_min 16.2 / value_max 873.6 / target_mean 575.0 / target_std 229.9 / target_min 19.9 / target_max 929.8 / imag_reward_mean 1.5 / imag_reward_std 4.3 / imag_reward_min -0.0 / imag_reward_max 37.2 / imag_action_mean 8.6 / imag_action_std 4.7 / imag_action_min 0.0 / imag_action_max 17.0 / actor_entropy 0.3 / actor_loss 0.5 / actor_grad_norm 5.4 / value_loss 1.4 / value_grad_norm 1.2 / update_count 38164.0 / fps 12.4
add_video needs package moviepy
add_video needs package moviepy
[162880] 
Start evaluation.
[162880] eval_return 3490.0 / eval_length 1415.6 / eval_episodes 5.0
add_video needs package moviepy
Start training.
[162880] model_loss 16.3 / model_grad_norm 27.4 / image_loss 6.6 / reward_loss 0.1 / cont_loss 0.0 / kl_free 1.0 / dyn_scale 0.5 / rep_scale 0.1 / dyn_loss 16.0 / rep_loss 16.0 / kl 16.0 / prior_abs_ent 29.9 / post_abs_ent -27.5 / prior_obs_ent 15.2 / post_obs_ent 0.8 / boundary_ratio 0.0 / kl_mask 0.0 / normed_target_mean 0.6 / normed_target_std 0.3 / normed_target_min -0.2 / normed_target_max 1.1 / EMA_005 139.9 / EMA_095 846.7 / value_mean 576.0 / value_std 227.1 / value_min 18.2 / value_max 875.3 / target_mean 578.4 / target_std 228.0 / target_min 24.9 / target_max 931.3 / imag_reward_mean 1.5 / imag_reward_std 4.2 / imag_reward_min -0.0 / imag_reward_max 31.1 / imag_action_mean 8.6 / imag_action_std 4.6 / imag_action_min 0.0 / imag_action_max 17.0 / actor_entropy 0.3 / actor_loss 0.5 / actor_grad_norm 5.5 / value_loss 1.4 / value_grad_norm 1.3 / update_count 38320.0 / fps 12.1
add_video needs package moviepy
add_video needs package moviepy
[163504] 
Start evaluation.
[163504] eval_return 3452.0 / eval_length 1283.2 / eval_episodes 5.0
add_video needs package moviepy
Start training.
[163504] model_loss 16.3 / model_grad_norm 24.7 / image_loss 6.6 / reward_loss 0.1 / cont_loss 0.0 / kl_free 1.0 / dyn_scale 0.5 / rep_scale 0.1 / dyn_loss 16.0 / rep_loss 16.0 / kl 16.0 / prior_abs_ent 29.6 / post_abs_ent -27.6 / prior_obs_ent 15.7 / post_obs_ent 1.3 / boundary_ratio 0.0 / kl_mask 0.0 / normed_target_mean 0.6 / normed_target_std 0.3 / normed_target_min -0.2 / normed_target_max 1.1 / EMA_005 147.0 / EMA_095 848.4 / value_mean 575.4 / value_std 225.4 / value_min 14.7 / value_max 877.7 / target_mean 577.5 / target_std 226.4 / target_min 17.3 / target_max 931.6 / imag_reward_mean 1.5 / imag_reward_std 4.2 / imag_reward_min -0.0 / imag_reward_max 37.2 / imag_action_mean 8.8 / imag_action_std 4.6 / imag_action_min 0.0 / imag_action_max 17.0 / actor_entropy 0.3 / actor_loss 0.5 / actor_grad_norm 5.4 / value_loss 1.3 / value_grad_norm 1.2 / update_count 38476.0 / fps 12.5
add_video needs package moviepy
add_video needs package moviepy
[164044] dataset_size 41011.0 / train_return 2690.0 / train_length 1430.0 / train_episodes 31.0
[164128] 
Start evaluation.
[164128] eval_return 3544.0 / eval_length 1384.6 / eval_episodes 5.0
add_video needs package moviepy
Start training.
[164128] model_loss 15.9 / model_grad_norm 23.6 / image_loss 6.4 / reward_loss 0.1 / cont_loss 0.0 / kl_free 1.0 / dyn_scale 0.5 / rep_scale 0.1 / dyn_loss 15.7 / rep_loss 15.7 / kl 15.7 / prior_abs_ent 29.6 / post_abs_ent -27.5 / prior_obs_ent 14.9 / post_obs_ent 0.8 / boundary_ratio 0.0 / kl_mask 0.0 / normed_target_mean 0.6 / normed_target_std 0.3 / normed_target_min -0.2 / normed_target_max 1.1 / EMA_005 133.7 / EMA_095 847.9 / value_mean 570.4 / value_std 233.9 / value_min 10.1 / value_max 879.6 / target_mean 572.6 / target_std 234.6 / target_min 13.4 / target_max 931.9 / imag_reward_mean 1.4 / imag_reward_std 4.1 / imag_reward_min -0.0 / imag_reward_max 32.0 / imag_action_mean 8.9 / imag_action_std 4.6 / imag_action_min 0.0 / imag_action_max 17.0 / actor_entropy 0.3 / actor_loss 0.5 / actor_grad_norm 5.1 / value_loss 1.4 / value_grad_norm 1.2 / update_count 38632.0 / fps 12.2
add_video needs package moviepy
add_video needs package moviepy
[164752] 
Start evaluation.
[164752] eval_return 3318.0 / eval_length 1369.4 / eval_episodes 5.0
add_video needs package moviepy
Start training.
[164752] model_loss 16.1 / model_grad_norm 25.0 / image_loss 6.5 / reward_loss 0.1 / cont_loss 0.0 / kl_free 1.0 / dyn_scale 0.5 / rep_scale 0.1 / dyn_loss 15.9 / rep_loss 15.9 / kl 15.9 / prior_abs_ent 29.6 / post_abs_ent -27.5 / prior_obs_ent 15.2 / post_obs_ent 0.9 / boundary_ratio 0.0 / kl_mask 0.0 / normed_target_mean 0.6 / normed_target_std 0.3 / normed_target_min -0.2 / normed_target_max 1.1 / EMA_005 135.4 / EMA_095 851.3 / value_mean 575.0 / value_std 229.7 / value_min 15.8 / value_max 884.7 / target_mean 576.8 / target_std 230.8 / target_min 18.2 / target_max 934.5 / imag_reward_mean 1.4 / imag_reward_std 4.2 / imag_reward_min -0.0 / imag_reward_max 33.6 / imag_action_mean 8.7 / imag_action_std 4.6 / imag_action_min 0.0 / imag_action_max 17.0 / actor_entropy 0.3 / actor_loss 0.3 / actor_grad_norm 5.2 / value_loss 1.3 / value_grad_norm 1.2 / update_count 38788.0 / fps 12.3
add_video needs package moviepy
add_video needs package moviepy
[165376] 
Start evaluation.
[165376] eval_return 3104.0 / eval_length 1333.6 / eval_episodes 5.0
add_video needs package moviepy
Start training.
[165376] model_loss 16.2 / model_grad_norm 23.3 / image_loss 6.5 / reward_loss 0.1 / cont_loss 0.0 / kl_free 1.0 / dyn_scale 0.5 / rep_scale 0.1 / dyn_loss 15.9 / rep_loss 15.9 / kl 15.9 / prior_abs_ent 30.2 / post_abs_ent -27.5 / prior_obs_ent 15.2 / post_obs_ent 0.9 / boundary_ratio 0.0 / kl_mask 0.0 / normed_target_mean 0.6 / normed_target_std 0.3 / normed_target_min -0.2 / normed_target_max 1.1 / EMA_005 135.2 / EMA_095 852.4 / value_mean 573.6 / value_std 231.3 / value_min 15.5 / value_max 886.4 / target_mean 575.9 / target_std 232.4 / target_min 19.0 / target_max 936.9 / imag_reward_mean 1.5 / imag_reward_std 4.3 / imag_reward_min -0.0 / imag_reward_max 36.9 / imag_action_mean 8.4 / imag_action_std 4.7 / imag_action_min 0.0 / imag_action_max 17.0 / actor_entropy 0.3 / actor_loss 0.6 / actor_grad_norm 5.5 / value_loss 1.4 / value_grad_norm 1.3 / update_count 38944.0 / fps 12.4
add_video needs package moviepy
add_video needs package moviepy
[166000] 
Start evaluation.
[166000] eval_return 3230.0 / eval_length 1465.0 / eval_episodes 5.0
add_video needs package moviepy
Start training.
[166000] model_loss 16.1 / model_grad_norm 24.4 / image_loss 6.4 / reward_loss 0.1 / cont_loss 0.0 / kl_free 1.0 / dyn_scale 0.5 / rep_scale 0.1 / dyn_loss 15.9 / rep_loss 15.9 / kl 15.9 / prior_abs_ent 30.0 / post_abs_ent -27.5 / prior_obs_ent 14.7 / post_obs_ent 0.5 / boundary_ratio 0.0 / kl_mask 0.0 / normed_target_mean 0.6 / normed_target_std 0.3 / normed_target_min -0.2 / normed_target_max 1.1 / EMA_005 130.5 / EMA_095 858.3 / value_mean 575.4 / value_std 239.1 / value_min 14.6 / value_max 895.2 / target_mean 577.4 / target_std 240.5 / target_min 17.2 / target_max 942.6 / imag_reward_mean 1.5 / imag_reward_std 4.3 / imag_reward_min -0.0 / imag_reward_max 38.1 / imag_action_mean 8.4 / imag_action_std 4.7 / imag_action_min 0.0 / imag_action_max 17.0 / actor_entropy 0.3 / actor_loss 0.4 / actor_grad_norm 5.6 / value_loss 1.3 / value_grad_norm 1.3 / update_count 39100.0 / fps 12.0
add_video needs package moviepy
add_video needs package moviepy
[166624] 
Start evaluation.
[166624] eval_return 3328.0 / eval_length 1460.0 / eval_episodes 5.0
add_video needs package moviepy
Start training.
[166624] model_loss 16.3 / model_grad_norm 25.4 / image_loss 6.6 / reward_loss 0.1 / cont_loss 0.0 / kl_free 1.0 / dyn_scale 0.5 / rep_scale 0.1 / dyn_loss 16.0 / rep_loss 16.0 / kl 16.0 / prior_abs_ent 29.7 / post_abs_ent -27.4 / prior_obs_ent 15.3 / post_obs_ent 1.0 / boundary_ratio 0.0 / kl_mask 0.0 / normed_target_mean 0.6 / normed_target_std 0.3 / normed_target_min -0.2 / normed_target_max 1.1 / EMA_005 138.2 / EMA_095 860.3 / value_mean 582.7 / value_std 227.8 / value_min 19.9 / value_max 899.8 / target_mean 585.1 / target_std 229.1 / target_min 24.4 / target_max 947.6 / imag_reward_mean 1.5 / imag_reward_std 4.3 / imag_reward_min -0.0 / imag_reward_max 34.9 / imag_action_mean 8.5 / imag_action_std 4.7 / imag_action_min 0.0 / imag_action_max 17.0 / actor_entropy 0.3 / actor_loss 0.5 / actor_grad_norm 5.5 / value_loss 1.3 / value_grad_norm 1.3 / update_count 39256.0 / fps 12.1
add_video needs package moviepy
add_video needs package moviepy
[167248] 
Start evaluation.
[167248] eval_return 3178.0 / eval_length 1382.4 / eval_episodes 5.0
add_video needs package moviepy
Start training.
[167248] model_loss 16.4 / model_grad_norm 28.2 / image_loss 6.6 / reward_loss 0.1 / cont_loss 0.0 / kl_free 1.0 / dyn_scale 0.5 / rep_scale 0.1 / dyn_loss 16.2 / rep_loss 16.2 / kl 16.2 / prior_abs_ent 29.9 / post_abs_ent -27.6 / prior_obs_ent 15.4 / post_obs_ent 0.8 / boundary_ratio 0.0 / kl_mask 0.0 / normed_target_mean 0.6 / normed_target_std 0.3 / normed_target_min -0.2 / normed_target_max 1.1 / EMA_005 151.8 / EMA_095 862.3 / value_mean 587.8 / value_std 228.1 / value_min 26.4 / value_max 902.6 / target_mean 590.0 / target_std 229.4 / target_min 31.6 / target_max 949.3 / imag_reward_mean 1.5 / imag_reward_std 4.3 / imag_reward_min -0.0 / imag_reward_max 37.4 / imag_action_mean 8.5 / imag_action_std 4.7 / imag_action_min 0.0 / imag_action_max 17.0 / actor_entropy 0.3 / actor_loss 0.5 / actor_grad_norm 5.7 / value_loss 1.3 / value_grad_norm 1.3 / update_count 39412.0 / fps 12.3
add_video needs package moviepy
add_video needs package moviepy
[167872] 
Start evaluation.
[167872] eval_return 3720.0 / eval_length 1375.0 / eval_episodes 5.0
add_video needs package moviepy
Start training.
[167872] model_loss 16.1 / model_grad_norm 24.7 / image_loss 6.5 / reward_loss 0.1 / cont_loss 0.0 / kl_free 1.0 / dyn_scale 0.5 / rep_scale 0.1 / dyn_loss 15.9 / rep_loss 15.9 / kl 15.9 / prior_abs_ent 29.4 / post_abs_ent -27.6 / prior_obs_ent 15.0 / post_obs_ent 0.7 / boundary_ratio 0.0 / kl_mask 0.0 / normed_target_mean 0.6 / normed_target_std 0.3 / normed_target_min -0.2 / normed_target_max 1.1 / EMA_005 154.9 / EMA_095 865.5 / value_mean 578.8 / value_std 235.7 / value_min 14.0 / value_max 913.1 / target_mean 581.1 / target_std 237.0 / target_min 16.7 / target_max 957.6 / imag_reward_mean 1.5 / imag_reward_std 4.4 / imag_reward_min -0.0 / imag_reward_max 46.1 / imag_action_mean 8.6 / imag_action_std 4.7 / imag_action_min 0.0 / imag_action_max 17.0 / actor_entropy 0.3 / actor_loss 0.5 / actor_grad_norm 5.4 / value_loss 1.3 / value_grad_norm 1.2 / update_count 39568.0 / fps 12.2
add_video needs package moviepy
add_video needs package moviepy
[168496] 
Start evaluation.
[168496] eval_return 3924.0 / eval_length 1468.6 / eval_episodes 5.0
add_video needs package moviepy
Start training.
[168496] model_loss 16.1 / model_grad_norm 24.3 / image_loss 6.4 / reward_loss 0.1 / cont_loss 0.0 / kl_free 1.0 / dyn_scale 0.5 / rep_scale 0.1 / dyn_loss 16.0 / rep_loss 16.0 / kl 16.0 / prior_abs_ent 29.9 / post_abs_ent -27.6 / prior_obs_ent 14.4 / post_obs_ent 0.0 / boundary_ratio 0.0 / kl_mask 0.0 / normed_target_mean 0.6 / normed_target_std 0.3 / normed_target_min -0.2 / normed_target_max 1.1 / EMA_005 142.3 / EMA_095 865.9 / value_mean 589.0 / value_std 233.3 / value_min 14.5 / value_max 916.8 / target_mean 591.1 / target_std 234.3 / target_min 16.8 / target_max 951.4 / imag_reward_mean 1.5 / imag_reward_std 4.3 / imag_reward_min -0.0 / imag_reward_max 34.3 / imag_action_mean 8.6 / imag_action_std 4.7 / imag_action_min 0.0 / imag_action_max 17.0 / actor_entropy 0.3 / actor_loss 0.4 / actor_grad_norm 5.5 / value_loss 1.3 / value_grad_norm 1.2 / update_count 39724.0 / fps 12.1
add_video needs package moviepy
add_video needs package moviepy
[169120] 
Start evaluation.
[169120] eval_return 4004.0 / eval_length 1367.6 / eval_episodes 5.0
add_video needs package moviepy
Start training.
[169120] model_loss 16.3 / model_grad_norm 28.7 / image_loss 6.5 / reward_loss 0.1 / cont_loss 0.0 / kl_free 1.0 / dyn_scale 0.5 / rep_scale 0.1 / dyn_loss 16.2 / rep_loss 16.2 / kl 16.2 / prior_abs_ent 29.9 / post_abs_ent -27.6 / prior_obs_ent 15.4 / post_obs_ent 0.9 / boundary_ratio 0.0 / kl_mask 0.0 / normed_target_mean 0.6 / normed_target_std 0.3 / normed_target_min -0.2 / normed_target_max 1.1 / EMA_005 142.6 / EMA_095 867.6 / value_mean 583.2 / value_std 235.9 / value_min 18.9 / value_max 925.7 / target_mean 585.2 / target_std 237.3 / target_min 22.2 / target_max 953.6 / imag_reward_mean 1.6 / imag_reward_std 4.3 / imag_reward_min -0.0 / imag_reward_max 28.0 / imag_action_mean 8.4 / imag_action_std 4.6 / imag_action_min 0.0 / imag_action_max 17.0 / actor_entropy 0.3 / actor_loss 0.4 / actor_grad_norm 5.7 / value_loss 1.3 / value_grad_norm 1.2 / update_count 39880.0 / fps 12.3
add_video needs package moviepy
add_video needs package moviepy
[169744] 
Start evaluation.
[169744] eval_return 3434.0 / eval_length 1398.4 / eval_episodes 5.0
add_video needs package moviepy
Start training.
[169744] model_loss 16.0 / model_grad_norm 23.0 / image_loss 6.4 / reward_loss 0.1 / cont_loss 0.0 / kl_free 1.0 / dyn_scale 0.5 / rep_scale 0.1 / dyn_loss 15.9 / rep_loss 15.9 / kl 15.9 / prior_abs_ent 30.0 / post_abs_ent -27.5 / prior_obs_ent 15.1 / post_obs_ent 0.8 / boundary_ratio 0.0 / kl_mask 0.0 / normed_target_mean 0.6 / normed_target_std 0.3 / normed_target_min -0.2 / normed_target_max 1.1 / EMA_005 136.7 / EMA_095 870.5 / value_mean 585.7 / value_std 238.0 / value_min 14.9 / value_max 935.9 / target_mean 587.7 / target_std 239.4 / target_min 19.3 / target_max 959.5 / imag_reward_mean 1.5 / imag_reward_std 4.3 / imag_reward_min -0.0 / imag_reward_max 33.1 / imag_action_mean 8.5 / imag_action_std 4.6 / imag_action_min 0.0 / imag_action_max 17.0 / actor_entropy 0.3 / actor_loss 0.4 / actor_grad_norm 5.4 / value_loss 1.3 / value_grad_norm 1.2 / update_count 40036.0 / fps 12.2
add_video needs package moviepy
add_video needs package moviepy
[169760] dataset_size 42440.0 / train_return 2850.0 / train_length 1429.0 / train_episodes 32.0
[170368] 
Start evaluation.
[170368] eval_return 2906.0 / eval_length 1291.2 / eval_episodes 5.0
add_video needs package moviepy
Start training.
[170368] model_loss 16.2 / model_grad_norm 28.7 / image_loss 6.4 / reward_loss 0.1 / cont_loss 0.0 / kl_free 1.0 / dyn_scale 0.5 / rep_scale 0.1 / dyn_loss 16.0 / rep_loss 16.0 / kl 16.0 / prior_abs_ent 30.2 / post_abs_ent -27.5 / prior_obs_ent 14.9 / post_obs_ent 0.5 / boundary_ratio 0.0 / kl_mask 0.0 / normed_target_mean 0.6 / normed_target_std 0.3 / normed_target_min -0.2 / normed_target_max 1.1 / EMA_005 142.4 / EMA_095 870.8 / value_mean 590.9 / value_std 235.4 / value_min 13.2 / value_max 935.1 / target_mean 593.1 / target_std 236.4 / target_min 16.9 / target_max 964.1 / imag_reward_mean 1.5 / imag_reward_std 4.4 / imag_reward_min -0.0 / imag_reward_max 43.3 / imag_action_mean 8.5 / imag_action_std 4.7 / imag_action_min 0.0 / imag_action_max 17.0 / actor_entropy 0.3 / actor_loss 0.4 / actor_grad_norm 5.6 / value_loss 1.3 / value_grad_norm 1.2 / update_count 40192.0 / fps 12.4
add_video needs package moviepy
add_video needs package moviepy
[170992] 
Start evaluation.
[170992] eval_return 3384.0 / eval_length 1455.0 / eval_episodes 5.0
add_video needs package moviepy
Start training.
[170992] model_loss 16.1 / model_grad_norm 23.9 / image_loss 6.4 / reward_loss 0.1 / cont_loss 0.0 / kl_free 1.0 / dyn_scale 0.5 / rep_scale 0.1 / dyn_loss 16.0 / rep_loss 16.0 / kl 16.0 / prior_abs_ent 30.0 / post_abs_ent -27.6 / prior_obs_ent 14.3 / post_obs_ent -0.0 / boundary_ratio 0.0 / kl_mask 0.0 / normed_target_mean 0.6 / normed_target_std 0.3 / normed_target_min -0.2 / normed_target_max 1.1 / EMA_005 143.0 / EMA_095 870.0 / value_mean 575.7 / value_std 236.1 / value_min 18.9 / value_max 935.0 / target_mean 577.6 / target_std 237.1 / target_min 23.3 / target_max 964.3 / imag_reward_mean 1.5 / imag_reward_std 4.3 / imag_reward_min -0.0 / imag_reward_max 36.3 / imag_action_mean 8.7 / imag_action_std 4.7 / imag_action_min 0.0 / imag_action_max 17.0 / actor_entropy 0.3 / actor_loss 0.3 / actor_grad_norm 5.5 / value_loss 1.3 / value_grad_norm 1.2 / update_count 40348.0 / fps 12.1
add_video needs package moviepy
add_video needs package moviepy
[171616] 
Start evaluation.
[171616] eval_return 4132.0 / eval_length 1475.4 / eval_episodes 5.0
add_video needs package moviepy
Start training.
[171616] model_loss 16.2 / model_grad_norm 26.3 / image_loss 6.4 / reward_loss 0.1 / cont_loss 0.0 / kl_free 1.0 / dyn_scale 0.5 / rep_scale 0.1 / dyn_loss 16.2 / rep_loss 16.2 / kl 16.2 / prior_abs_ent 30.2 / post_abs_ent -27.6 / prior_obs_ent 14.8 / post_obs_ent 0.3 / boundary_ratio 0.0 / kl_mask 0.0 / normed_target_mean 0.6 / normed_target_std 0.3 / normed_target_min -0.2 / normed_target_max 1.1 / EMA_005 139.0 / EMA_095 872.4 / value_mean 584.4 / value_std 238.8 / value_min 21.7 / value_max 945.8 / target_mean 586.5 / target_std 240.1 / target_min 28.7 / target_max 975.5 / imag_reward_mean 1.6 / imag_reward_std 4.5 / imag_reward_min -0.0 / imag_reward_max 47.0 / imag_action_mean 8.6 / imag_action_std 4.7 / imag_action_min 0.0 / imag_action_max 17.0 / actor_entropy 0.3 / actor_loss 0.5 / actor_grad_norm 5.8 / value_loss 1.3 / value_grad_norm 1.2 / update_count 40504.0 / fps 12.0
add_video needs package moviepy
add_video needs package moviepy
[172240] 
Start evaluation.
[172240] eval_return 3400.0 / eval_length 1325.0 / eval_episodes 5.0
add_video needs package moviepy
Start training.
[172240] model_loss 16.3 / model_grad_norm 27.7 / image_loss 6.6 / reward_loss 0.1 / cont_loss 0.0 / kl_free 1.0 / dyn_scale 0.5 / rep_scale 0.1 / dyn_loss 16.1 / rep_loss 16.1 / kl 16.1 / prior_abs_ent 30.3 / post_abs_ent -27.5 / prior_obs_ent 14.6 / post_obs_ent 0.2 / boundary_ratio 0.0 / kl_mask 0.0 / normed_target_mean 0.6 / normed_target_std 0.3 / normed_target_min -0.2 / normed_target_max 1.1 / EMA_005 139.2 / EMA_095 876.3 / value_mean 582.3 / value_std 239.3 / value_min 15.9 / value_max 955.0 / target_mean 584.2 / target_std 240.5 / target_min 17.3 / target_max 977.0 / imag_reward_mean 1.5 / imag_reward_std 4.3 / imag_reward_min -0.0 / imag_reward_max 34.0 / imag_action_mean 8.6 / imag_action_std 4.6 / imag_action_min 0.0 / imag_action_max 17.0 / actor_entropy 0.3 / actor_loss 0.4 / actor_grad_norm 6.0 / value_loss 1.4 / value_grad_norm 1.3 / update_count 40660.0 / fps 12.3
add_video needs package moviepy
add_video needs package moviepy
[172864] 
Start evaluation.
[172864] eval_return 3100.0 / eval_length 1270.6 / eval_episodes 5.0
add_video needs package moviepy
Start training.
[172864] model_loss 16.1 / model_grad_norm 24.9 / image_loss 6.4 / reward_loss 0.1 / cont_loss 0.0 / kl_free 1.0 / dyn_scale 0.5 / rep_scale 0.1 / dyn_loss 16.1 / rep_loss 16.1 / kl 16.1 / prior_abs_ent 30.6 / post_abs_ent -27.5 / prior_obs_ent 14.9 / post_obs_ent 0.4 / boundary_ratio 0.0 / kl_mask 0.0 / normed_target_mean 0.6 / normed_target_std 0.3 / normed_target_min -0.1 / normed_target_max 1.1 / EMA_005 126.1 / EMA_095 875.0 / value_mean 581.7 / value_std 241.9 / value_min 14.4 / value_max 954.4 / target_mean 583.9 / target_std 243.1 / target_min 17.7 / target_max 973.5 / imag_reward_mean 1.6 / imag_reward_std 4.3 / imag_reward_min -0.0 / imag_reward_max 27.9 / imag_action_mean 8.6 / imag_action_std 4.7 / imag_action_min 0.0 / imag_action_max 17.0 / actor_entropy 0.3 / actor_loss 0.4 / actor_grad_norm 5.9 / value_loss 1.4 / value_grad_norm 1.3 / update_count 40816.0 / fps 12.5
add_video needs package moviepy
add_video needs package moviepy
[173488] 
Start evaluation.
[173488] eval_return 3680.0 / eval_length 1453.0 / eval_episodes 5.0
add_video needs package moviepy
Start training.
[173488] model_loss 16.1 / model_grad_norm 27.7 / image_loss 6.4 / reward_loss 0.1 / cont_loss 0.0 / kl_free 1.0 / dyn_scale 0.5 / rep_scale 0.1 / dyn_loss 16.1 / rep_loss 16.1 / kl 16.1 / prior_abs_ent 30.3 / post_abs_ent -27.5 / prior_obs_ent 15.0 / post_obs_ent 0.6 / boundary_ratio 0.0 / kl_mask 0.0 / normed_target_mean 0.6 / normed_target_std 0.3 / normed_target_min -0.2 / normed_target_max 1.1 / EMA_005 143.1 / EMA_095 879.3 / value_mean 592.1 / value_std 234.9 / value_min 17.8 / value_max 958.9 / target_mean 594.2 / target_std 236.0 / target_min 24.9 / target_max 976.3 / imag_reward_mean 1.6 / imag_reward_std 4.4 / imag_reward_min -0.0 / imag_reward_max 33.9 / imag_action_mean 8.6 / imag_action_std 4.6 / imag_action_min 0.0 / imag_action_max 17.0 / actor_entropy 0.3 / actor_loss 0.4 / actor_grad_norm 5.7 / value_loss 1.3 / value_grad_norm 1.2 / update_count 40972.0 / fps 12.1
add_video needs package moviepy
add_video needs package moviepy
[174112] 
Start evaluation.
[174112] eval_return 3280.0 / eval_length 1422.2 / eval_episodes 5.0
add_video needs package moviepy
Start training.
[174112] model_loss 16.1 / model_grad_norm 25.0 / image_loss 6.3 / reward_loss 0.1 / cont_loss 0.0 / kl_free 1.0 / dyn_scale 0.5 / rep_scale 0.1 / dyn_loss 16.1 / rep_loss 16.1 / kl 16.1 / prior_abs_ent 30.6 / post_abs_ent -27.5 / prior_obs_ent 14.7 / post_obs_ent 0.2 / boundary_ratio 0.0 / kl_mask 0.0 / normed_target_mean 0.6 / normed_target_std 0.3 / normed_target_min -0.2 / normed_target_max 1.1 / EMA_005 141.8 / EMA_095 879.5 / value_mean 585.2 / value_std 242.3 / value_min 14.7 / value_max 958.9 / target_mean 587.3 / target_std 243.3 / target_min 18.8 / target_max 975.0 / imag_reward_mean 1.6 / imag_reward_std 4.4 / imag_reward_min -0.0 / imag_reward_max 43.8 / imag_action_mean 8.5 / imag_action_std 4.6 / imag_action_min 0.0 / imag_action_max 17.0 / actor_entropy 0.3 / actor_loss 0.4 / actor_grad_norm 5.7 / value_loss 1.3 / value_grad_norm 1.2 / update_count 41128.0 / fps 12.1
add_video needs package moviepy
add_video needs package moviepy
[174736] 
Start evaluation.
[174736] eval_return 3624.0 / eval_length 1457.2 / eval_episodes 5.0
add_video needs package moviepy
Start training.
[174736] model_loss 15.9 / model_grad_norm 26.1 / image_loss 6.2 / reward_loss 0.1 / cont_loss 0.0 / kl_free 1.0 / dyn_scale 0.5 / rep_scale 0.1 / dyn_loss 16.0 / rep_loss 16.0 / kl 16.0 / prior_abs_ent 30.4 / post_abs_ent -27.5 / prior_obs_ent 14.0 / post_obs_ent -0.4 / boundary_ratio 0.0 / kl_mask 0.0 / normed_target_mean 0.6 / normed_target_std 0.3 / normed_target_min -0.2 / normed_target_max 1.1 / EMA_005 147.7 / EMA_095 881.9 / value_mean 584.2 / value_std 239.3 / value_min 16.3 / value_max 964.8 / target_mean 586.4 / target_std 240.5 / target_min 19.2 / target_max 988.0 / imag_reward_mean 1.6 / imag_reward_std 4.4 / imag_reward_min -0.0 / imag_reward_max 33.2 / imag_action_mean 8.3 / imag_action_std 4.6 / imag_action_min 0.0 / imag_action_max 17.0 / actor_entropy 0.3 / actor_loss 0.5 / actor_grad_norm 5.8 / value_loss 1.3 / value_grad_norm 1.3 / update_count 41284.0 / fps 12.1
add_video needs package moviepy
add_video needs package moviepy
[174868] dataset_size 43717.0 / train_return 3070.0 / train_length 1277.0 / train_episodes 33.0
[175360] 
Start evaluation.
[175360] eval_return 3424.0 / eval_length 1249.6 / eval_episodes 5.0
add_video needs package moviepy
Start training.
[175360] model_loss 16.1 / model_grad_norm 25.9 / image_loss 6.3 / reward_loss 0.1 / cont_loss 0.0 / kl_free 1.0 / dyn_scale 0.5 / rep_scale 0.1 / dyn_loss 16.2 / rep_loss 16.2 / kl 16.2 / prior_abs_ent 30.4 / post_abs_ent -27.5 / prior_obs_ent 14.8 / post_obs_ent 0.3 / boundary_ratio 0.0 / kl_mask 0.0 / normed_target_mean 0.6 / normed_target_std 0.3 / normed_target_min -0.2 / normed_target_max 1.1 / EMA_005 143.9 / EMA_095 883.6 / value_mean 597.5 / value_std 238.8 / value_min 15.8 / value_max 971.3 / target_mean 599.4 / target_std 239.9 / target_min 20.3 / target_max 985.9 / imag_reward_mean 1.6 / imag_reward_std 4.3 / imag_reward_min -0.0 / imag_reward_max 25.0 / imag_action_mean 8.3 / imag_action_std 4.7 / imag_action_min 0.0 / imag_action_max 17.0 / actor_entropy 0.3 / actor_loss 0.4 / actor_grad_norm 5.5 / value_loss 1.3 / value_grad_norm 1.2 / update_count 41440.0 / fps 12.5
add_video needs package moviepy
add_video needs package moviepy
[175984] 
Start evaluation.
[175984] eval_return 3576.0 / eval_length 1319.2 / eval_episodes 5.0
add_video needs package moviepy
Start training.
[175984] model_loss 15.9 / model_grad_norm 25.1 / image_loss 6.2 / reward_loss 0.1 / cont_loss 0.0 / kl_free 1.0 / dyn_scale 0.5 / rep_scale 0.1 / dyn_loss 15.9 / rep_loss 15.9 / kl 15.9 / prior_abs_ent 30.5 / post_abs_ent -27.4 / prior_obs_ent 14.3 / post_obs_ent -0.0 / boundary_ratio 0.0 / kl_mask 0.0 / normed_target_mean 0.6 / normed_target_std 0.3 / normed_target_min -0.2 / normed_target_max 1.1 / EMA_005 150.6 / EMA_095 886.7 / value_mean 593.7 / value_std 238.1 / value_min 15.2 / value_max 976.4 / target_mean 595.5 / target_std 239.4 / target_min 23.5 / target_max 993.1 / imag_reward_mean 1.5 / imag_reward_std 4.3 / imag_reward_min -0.0 / imag_reward_max 28.1 / imag_action_mean 8.3 / imag_action_std 4.7 / imag_action_min 0.0 / imag_action_max 17.0 / actor_entropy 0.3 / actor_loss 0.4 / actor_grad_norm 5.8 / value_loss 1.3 / value_grad_norm 1.2 / update_count 41596.0 / fps 12.4
add_video needs package moviepy
add_video needs package moviepy
[176608] 
Start evaluation.
[176608] eval_return 4198.0 / eval_length 1413.0 / eval_episodes 5.0
add_video needs package moviepy
Start training.
[176608] model_loss 16.0 / model_grad_norm 25.4 / image_loss 6.3 / reward_loss 0.1 / cont_loss 0.0 / kl_free 1.0 / dyn_scale 0.5 / rep_scale 0.1 / dyn_loss 16.1 / rep_loss 16.1 / kl 16.1 / prior_abs_ent 30.7 / post_abs_ent -27.5 / prior_obs_ent 14.2 / post_obs_ent -0.2 / boundary_ratio 0.0 / kl_mask 0.0 / normed_target_mean 0.6 / normed_target_std 0.3 / normed_target_min -0.2 / normed_target_max 1.1 / EMA_005 146.4 / EMA_095 888.9 / value_mean 593.4 / value_std 241.8 / value_min 20.4 / value_max 972.5 / target_mean 595.3 / target_std 243.1 / target_min 23.3 / target_max 996.8 / imag_reward_mean 1.5 / imag_reward_std 4.4 / imag_reward_min -0.0 / imag_reward_max 45.7 / imag_action_mean 8.4 / imag_action_std 4.7 / imag_action_min 0.0 / imag_action_max 17.0 / actor_entropy 0.3 / actor_loss 0.4 / actor_grad_norm 5.6 / value_loss 1.3 / value_grad_norm 1.2 / update_count 41752.0 / fps 12.1
add_video needs package moviepy
add_video needs package moviepy
[177232] 
Start evaluation.
[177232] eval_return 3362.0 / eval_length 1363.6 / eval_episodes 5.0
add_video needs package moviepy
Start training.
[177232] model_loss 16.0 / model_grad_norm 25.4 / image_loss 6.2 / reward_loss 0.1 / cont_loss 0.0 / kl_free 1.0 / dyn_scale 0.5 / rep_scale 0.1 / dyn_loss 16.1 / rep_loss 16.1 / kl 16.1 / prior_abs_ent 30.7 / post_abs_ent -27.4 / prior_obs_ent 14.4 / post_obs_ent -0.1 / boundary_ratio 0.0 / kl_mask 0.0 / normed_target_mean 0.6 / normed_target_std 0.3 / normed_target_min -0.2 / normed_target_max 1.1 / EMA_005 142.9 / EMA_095 892.0 / value_mean 598.6 / value_std 246.9 / value_min 12.2 / value_max 978.9 / target_mean 600.5 / target_std 248.2 / target_min 14.3 / target_max 1002.0 / imag_reward_mean 1.7 / imag_reward_std 4.6 / imag_reward_min -0.0 / imag_reward_max 40.2 / imag_action_mean 8.6 / imag_action_std 4.7 / imag_action_min 0.0 / imag_action_max 17.0 / actor_entropy 0.3 / actor_loss 0.3 / actor_grad_norm 5.8 / value_loss 1.3 / value_grad_norm 1.3 / update_count 41908.0 / fps 12.2
add_video needs package moviepy
add_video needs package moviepy
[177856] 
Start evaluation.
[177856] eval_return 3528.0 / eval_length 1395.6 / eval_episodes 5.0
add_video needs package moviepy
Start training.
[177856] model_loss 16.1 / model_grad_norm 24.9 / image_loss 6.3 / reward_loss 0.1 / cont_loss 0.0 / kl_free 1.0 / dyn_scale 0.5 / rep_scale 0.1 / dyn_loss 16.2 / rep_loss 16.2 / kl 16.2 / prior_abs_ent 30.7 / post_abs_ent -27.5 / prior_obs_ent 14.0 / post_obs_ent -0.5 / boundary_ratio 0.0 / kl_mask 0.0 / normed_target_mean 0.6 / normed_target_std 0.3 / normed_target_min -0.2 / normed_target_max 1.1 / EMA_005 143.5 / EMA_095 895.6 / value_mean 601.6 / value_std 242.3 / value_min 17.2 / value_max 983.4 / target_mean 604.0 / target_std 243.4 / target_min 25.2 / target_max 999.7 / imag_reward_mean 1.6 / imag_reward_std 4.5 / imag_reward_min -0.0 / imag_reward_max 34.7 / imag_action_mean 8.4 / imag_action_std 4.7 / imag_action_min 0.0 / imag_action_max 17.0 / actor_entropy 0.3 / actor_loss 0.6 / actor_grad_norm 6.1 / value_loss 1.3 / value_grad_norm 1.4 / update_count 42064.0 / fps 12.2
add_video needs package moviepy
add_video needs package moviepy
[178480] 
Start evaluation.
[178480] eval_return 3430.0 / eval_length 1373.4 / eval_episodes 5.0
add_video needs package moviepy
Start training.
[178480] model_loss 16.2 / model_grad_norm 28.9 / image_loss 6.4 / reward_loss 0.1 / cont_loss 0.0 / kl_free 1.0 / dyn_scale 0.5 / rep_scale 0.1 / dyn_loss 16.3 / rep_loss 16.3 / kl 16.3 / prior_abs_ent 31.2 / post_abs_ent -27.4 / prior_obs_ent 14.9 / post_obs_ent 0.4 / boundary_ratio 0.0 / kl_mask 0.0 / normed_target_mean 0.6 / normed_target_std 0.3 / normed_target_min -0.2 / normed_target_max 1.1 / EMA_005 139.0 / EMA_095 893.4 / value_mean 584.4 / value_std 249.4 / value_min 12.5 / value_max 984.8 / target_mean 586.5 / target_std 250.3 / target_min 13.7 / target_max 1003.4 / imag_reward_mean 1.6 / imag_reward_std 4.4 / imag_reward_min -0.0 / imag_reward_max 36.6 / imag_action_mean 8.4 / imag_action_std 4.7 / imag_action_min 0.0 / imag_action_max 17.0 / actor_entropy 0.3 / actor_loss 0.5 / actor_grad_norm 6.2 / value_loss 1.4 / value_grad_norm 1.3 / update_count 42220.0 / fps 12.3
add_video needs package moviepy
add_video needs package moviepy
[179104] 
Start evaluation.
[179104] eval_return 3016.0 / eval_length 1206.2 / eval_episodes 5.0
add_video needs package moviepy
Start training.
[179104] model_loss 15.9 / model_grad_norm 22.6 / image_loss 6.2 / reward_loss 0.1 / cont_loss 0.0 / kl_free 1.0 / dyn_scale 0.5 / rep_scale 0.1 / dyn_loss 16.0 / rep_loss 16.0 / kl 16.0 / prior_abs_ent 30.8 / post_abs_ent -27.5 / prior_obs_ent 13.8 / post_obs_ent -0.6 / boundary_ratio 0.0 / kl_mask 0.0 / normed_target_mean 0.6 / normed_target_std 0.3 / normed_target_min -0.2 / normed_target_max 1.1 / EMA_005 134.7 / EMA_095 892.2 / value_mean 589.5 / value_std 243.2 / value_min 15.1 / value_max 978.5 / target_mean 591.6 / target_std 244.1 / target_min 17.6 / target_max 993.6 / imag_reward_mean 1.6 / imag_reward_std 4.4 / imag_reward_min -0.0 / imag_reward_max 38.4 / imag_action_mean 8.2 / imag_action_std 4.7 / imag_action_min 0.0 / imag_action_max 17.0 / actor_entropy 0.3 / actor_loss 0.4 / actor_grad_norm 5.8 / value_loss 1.3 / value_grad_norm 1.3 / update_count 42376.0 / fps 12.6
add_video needs package moviepy
add_video needs package moviepy
[179728] 
Start evaluation.
[179728] eval_return 3762.0 / eval_length 1431.0 / eval_episodes 5.0
add_video needs package moviepy
Start training.
[179728] model_loss 16.2 / model_grad_norm 26.8 / image_loss 6.3 / reward_loss 0.1 / cont_loss 0.0 / kl_free 1.0 / dyn_scale 0.5 / rep_scale 0.1 / dyn_loss 16.3 / rep_loss 16.3 / kl 16.3 / prior_abs_ent 31.0 / post_abs_ent -27.5 / prior_obs_ent 14.3 / post_obs_ent -0.3 / boundary_ratio 0.0 / kl_mask 0.0 / normed_target_mean 0.6 / normed_target_std 0.3 / normed_target_min -0.2 / normed_target_max 1.1 / EMA_005 134.9 / EMA_095 891.4 / value_mean 592.2 / value_std 245.3 / value_min 14.7 / value_max 979.2 / target_mean 594.1 / target_std 246.0 / target_min 20.8 / target_max 997.0 / imag_reward_mean 1.6 / imag_reward_std 4.4 / imag_reward_min -0.0 / imag_reward_max 37.1 / imag_action_mean 8.2 / imag_action_std 4.7 / imag_action_min 0.0 / imag_action_max 17.0 / actor_entropy 0.3 / actor_loss 0.4 / actor_grad_norm 5.7 / value_loss 1.3 / value_grad_norm 1.2 / update_count 42532.0 / fps 12.1
add_video needs package moviepy
add_video needs package moviepy
[180352] 
Start evaluation.
[180352] eval_return 3410.0 / eval_length 1299.6 / eval_episodes 5.0
add_video needs package moviepy
Start training.
[180352] model_loss 16.1 / model_grad_norm 26.2 / image_loss 6.2 / reward_loss 0.1 / cont_loss 0.0 / kl_free 1.0 / dyn_scale 0.5 / rep_scale 0.1 / dyn_loss 16.3 / rep_loss 16.3 / kl 16.3 / prior_abs_ent 31.1 / post_abs_ent -27.4 / prior_obs_ent 14.7 / post_obs_ent 0.1 / boundary_ratio 0.0 / kl_mask 0.0 / normed_target_mean 0.6 / normed_target_std 0.3 / normed_target_min -0.2 / normed_target_max 1.1 / EMA_005 139.5 / EMA_095 893.8 / value_mean 596.9 / value_std 244.4 / value_min 19.6 / value_max 977.5 / target_mean 598.9 / target_std 245.3 / target_min 24.5 / target_max 992.8 / imag_reward_mean 1.6 / imag_reward_std 4.4 / imag_reward_min -0.0 / imag_reward_max 37.5 / imag_action_mean 8.5 / imag_action_std 4.7 / imag_action_min 0.0 / imag_action_max 17.0 / actor_entropy 0.3 / actor_loss 0.3 / actor_grad_norm 5.7 / value_loss 1.3 / value_grad_norm 1.2 / update_count 42688.0 / fps 12.4
add_video needs package moviepy
add_video needs package moviepy
[180776] dataset_size 45194.0 / train_return 3100.0 / train_length 1477.0 / train_episodes 34.0
[180976] 
Start evaluation.
[180976] eval_return 3208.0 / eval_length 1312.4 / eval_episodes 5.0
add_video needs package moviepy
Start training.
[180976] model_loss 15.9 / model_grad_norm 24.2 / image_loss 6.2 / reward_loss 0.1 / cont_loss 0.0 / kl_free 1.0 / dyn_scale 0.5 / rep_scale 0.1 / dyn_loss 16.1 / rep_loss 16.1 / kl 16.1 / prior_abs_ent 31.3 / post_abs_ent -27.4 / prior_obs_ent 13.9 / post_obs_ent -0.5 / boundary_ratio 0.0 / kl_mask 0.0 / normed_target_mean 0.6 / normed_target_std 0.3 / normed_target_min -0.2 / normed_target_max 1.1 / EMA_005 138.2 / EMA_095 894.3 / value_mean 589.9 / value_std 249.6 / value_min 16.6 / value_max 979.7 / target_mean 591.8 / target_std 250.7 / target_min 17.7 / target_max 994.5 / imag_reward_mean 1.6 / imag_reward_std 4.4 / imag_reward_min -0.0 / imag_reward_max 32.4 / imag_action_mean 8.6 / imag_action_std 4.7 / imag_action_min 0.0 / imag_action_max 17.0 / actor_entropy 0.3 / actor_loss 0.3 / actor_grad_norm 5.6 / value_loss 1.3 / value_grad_norm 1.2 / update_count 42844.0 / fps 12.2
add_video needs package moviepy
add_video needs package moviepy
[181600] 
Start evaluation.
[181600] eval_return 3308.0 / eval_length 1293.6 / eval_episodes 5.0
add_video needs package moviepy
Start training.
[181600] model_loss 16.0 / model_grad_norm 25.9 / image_loss 6.1 / reward_loss 0.1 / cont_loss 0.0 / kl_free 1.0 / dyn_scale 0.5 / rep_scale 0.1 / dyn_loss 16.2 / rep_loss 16.2 / kl 16.2 / prior_abs_ent 31.3 / post_abs_ent -27.4 / prior_obs_ent 14.1 / post_obs_ent -0.5 / boundary_ratio 0.0 / kl_mask 0.0 / normed_target_mean 0.6 / normed_target_std 0.3 / normed_target_min -0.1 / normed_target_max 1.1 / EMA_005 123.7 / EMA_095 895.4 / value_mean 583.9 / value_std 251.8 / value_min 14.9 / value_max 982.0 / target_mean 586.2 / target_std 252.7 / target_min 17.1 / target_max 998.3 / imag_reward_mean 1.6 / imag_reward_std 4.4 / imag_reward_min -0.0 / imag_reward_max 29.0 / imag_action_mean 8.7 / imag_action_std 4.6 / imag_action_min 0.0 / imag_action_max 17.0 / actor_entropy 0.3 / actor_loss 0.4 / actor_grad_norm 5.7 / value_loss 1.4 / value_grad_norm 1.3 / update_count 43000.0 / fps 12.4
add_video needs package moviepy
add_video needs package moviepy
[182224] 
Start evaluation.
[182224] eval_return 3738.0 / eval_length 1448.6 / eval_episodes 5.0
add_video needs package moviepy
Start training.
[182224] model_loss 15.9 / model_grad_norm 27.2 / image_loss 6.1 / reward_loss 0.1 / cont_loss 0.0 / kl_free 1.0 / dyn_scale 0.5 / rep_scale 0.1 / dyn_loss 16.2 / rep_loss 16.2 / kl 16.2 / prior_abs_ent 31.0 / post_abs_ent -27.4 / prior_obs_ent 14.0 / post_obs_ent -0.5 / boundary_ratio 0.0 / kl_mask 0.0 / normed_target_mean 0.6 / normed_target_std 0.3 / normed_target_min -0.2 / normed_target_max 1.1 / EMA_005 135.8 / EMA_095 899.1 / value_mean 598.8 / value_std 245.8 / value_min 16.8 / value_max 984.9 / target_mean 600.9 / target_std 247.0 / target_min 19.0 / target_max 1004.0 / imag_reward_mean 1.6 / imag_reward_std 4.4 / imag_reward_min -0.0 / imag_reward_max 31.7 / imag_action_mean 8.5 / imag_action_std 4.6 / imag_action_min 0.0 / imag_action_max 17.0 / actor_entropy 0.3 / actor_loss 0.4 / actor_grad_norm 5.5 / value_loss 1.3 / value_grad_norm 1.3 / update_count 43156.0 / fps 12.1
add_video needs package moviepy
add_video needs package moviepy
[182848] 
Start evaluation.
[182848] eval_return 3502.0 / eval_length 1360.4 / eval_episodes 5.0
add_video needs package moviepy
Start training.
[182848] model_loss 16.1 / model_grad_norm 28.3 / image_loss 6.2 / reward_loss 0.1 / cont_loss 0.0 / kl_free 1.0 / dyn_scale 0.5 / rep_scale 0.1 / dyn_loss 16.3 / rep_loss 16.3 / kl 16.3 / prior_abs_ent 31.2 / post_abs_ent -27.4 / prior_obs_ent 14.3 / post_obs_ent -0.3 / boundary_ratio 0.0 / kl_mask 0.0 / normed_target_mean 0.6 / normed_target_std 0.3 / normed_target_min -0.2 / normed_target_max 1.1 / EMA_005 148.0 / EMA_095 899.3 / value_mean 603.5 / value_std 243.5 / value_min 16.3 / value_max 980.2 / target_mean 605.4 / target_std 244.5 / target_min 20.7 / target_max 1000.6 / imag_reward_mean 1.6 / imag_reward_std 4.5 / imag_reward_min -0.0 / imag_reward_max 38.4 / imag_action_mean 8.2 / imag_action_std 4.7 / imag_action_min 0.0 / imag_action_max 17.0 / actor_entropy 0.3 / actor_loss 0.4 / actor_grad_norm 5.3 / value_loss 1.3 / value_grad_norm 1.2 / update_count 43312.0 / fps 12.3
add_video needs package moviepy
add_video needs package moviepy
[183472] 
Start evaluation.
[183472] eval_return 3698.0 / eval_length 1347.2 / eval_episodes 5.0
add_video needs package moviepy
Start training.
[183472] model_loss 16.1 / model_grad_norm 28.2 / image_loss 6.3 / reward_loss 0.1 / cont_loss 0.0 / kl_free 1.0 / dyn_scale 0.5 / rep_scale 0.1 / dyn_loss 16.2 / rep_loss 16.2 / kl 16.2 / prior_abs_ent 31.3 / post_abs_ent -27.4 / prior_obs_ent 14.3 / post_obs_ent -0.3 / boundary_ratio 0.0 / kl_mask 0.0 / normed_target_mean 0.6 / normed_target_std 0.3 / normed_target_min -0.2 / normed_target_max 1.1 / EMA_005 150.2 / EMA_095 900.4 / value_mean 601.8 / value_std 243.7 / value_min 14.6 / value_max 983.8 / target_mean 603.8 / target_std 244.8 / target_min 21.1 / target_max 1008.0 / imag_reward_mean 1.6 / imag_reward_std 4.6 / imag_reward_min -0.0 / imag_reward_max 46.2 / imag_action_mean 8.2 / imag_action_std 4.7 / imag_action_min 0.0 / imag_action_max 17.0 / actor_entropy 0.3 / actor_loss 0.4 / actor_grad_norm 5.9 / value_loss 1.3 / value_grad_norm 1.2 / update_count 43468.0 / fps 12.4
add_video needs package moviepy
add_video needs package moviepy
[184096] 
Start evaluation.
[184096] eval_return 3970.0 / eval_length 1418.6 / eval_episodes 5.0
add_video needs package moviepy
Start training.
[184096] model_loss 16.0 / model_grad_norm 25.3 / image_loss 6.1 / reward_loss 0.1 / cont_loss 0.0 / kl_free 1.0 / dyn_scale 0.5 / rep_scale 0.1 / dyn_loss 16.3 / rep_loss 16.3 / kl 16.3 / prior_abs_ent 31.4 / post_abs_ent -27.4 / prior_obs_ent 13.7 / post_obs_ent -0.9 / boundary_ratio 0.0 / kl_mask 0.0 / normed_target_mean 0.6 / normed_target_std 0.3 / normed_target_min -0.2 / normed_target_max 1.1 / EMA_005 147.4 / EMA_095 899.9 / value_mean 593.1 / value_std 244.5 / value_min 14.6 / value_max 982.7 / target_mean 594.7 / target_std 245.6 / target_min 17.6 / target_max 1004.8 / imag_reward_mean 1.6 / imag_reward_std 4.4 / imag_reward_min -0.0 / imag_reward_max 36.7 / imag_action_mean 8.3 / imag_action_std 4.7 / imag_action_min 0.0 / imag_action_max 17.0 / actor_entropy 0.3 / actor_loss 0.3 / actor_grad_norm 5.7 / value_loss 1.3 / value_grad_norm 1.3 / update_count 43624.0 / fps 12.2
add_video needs package moviepy
add_video needs package moviepy
[184720] 
Start evaluation.
[184720] eval_return 3414.0 / eval_length 1394.0 / eval_episodes 5.0
add_video needs package moviepy
Start training.
[184720] model_loss 16.3 / model_grad_norm 31.3 / image_loss 6.4 / reward_loss 0.1 / cont_loss 0.0 / kl_free 1.0 / dyn_scale 0.5 / rep_scale 0.1 / dyn_loss 16.4 / rep_loss 16.4 / kl 16.4 / prior_abs_ent 30.7 / post_abs_ent -27.6 / prior_obs_ent 15.0 / post_obs_ent 0.2 / boundary_ratio 0.0 / kl_mask 0.0 / normed_target_mean 0.6 / normed_target_std 0.3 / normed_target_min -0.2 / normed_target_max 1.1 / EMA_005 154.6 / EMA_095 903.5 / value_mean 609.0 / value_std 241.1 / value_min 22.7 / value_max 990.5 / target_mean 610.8 / target_std 242.4 / target_min 25.8 / target_max 1005.5 / imag_reward_mean 1.6 / imag_reward_std 4.4 / imag_reward_min -0.0 / imag_reward_max 33.0 / imag_action_mean 8.4 / imag_action_std 4.7 / imag_action_min 0.0 / imag_action_max 17.0 / actor_entropy 0.3 / actor_loss 0.4 / actor_grad_norm 5.9 / value_loss 1.3 / value_grad_norm 1.3 / update_count 43780.0 / fps 12.3
add_video needs package moviepy
add_video needs package moviepy
[185276] dataset_size 46319.0 / train_return 2150.0 / train_length 1125.0 / train_episodes 35.0
[185344] 
Start evaluation.
[185344] eval_return 2960.0 / eval_length 1354.4 / eval_episodes 5.0
add_video needs package moviepy
Start training.
[185344] model_loss 15.7 / model_grad_norm 24.1 / image_loss 6.1 / reward_loss 0.1 / cont_loss 0.0 / kl_free 1.0 / dyn_scale 0.5 / rep_scale 0.1 / dyn_loss 16.0 / rep_loss 16.0 / kl 16.0 / prior_abs_ent 30.4 / post_abs_ent -27.7 / prior_obs_ent 12.8 / post_obs_ent -1.6 / boundary_ratio 0.0 / kl_mask 0.0 / normed_target_mean 0.6 / normed_target_std 0.3 / normed_target_min -0.2 / normed_target_max 1.1 / EMA_005 153.0 / EMA_095 905.8 / value_mean 609.2 / value_std 242.6 / value_min 20.2 / value_max 989.2 / target_mean 611.2 / target_std 243.3 / target_min 27.2 / target_max 1012.7 / imag_reward_mean 1.7 / imag_reward_std 4.5 / imag_reward_min -0.0 / imag_reward_max 37.4 / imag_action_mean 8.1 / imag_action_std 4.7 / imag_action_min 0.0 / imag_action_max 17.0 / actor_entropy 0.3 / actor_loss 0.4 / actor_grad_norm 5.6 / value_loss 1.3 / value_grad_norm 1.2 / update_count 43936.0 / fps 12.3
add_video needs package moviepy
add_video needs package moviepy
[185968] 
Start evaluation.
[185968] eval_return 3472.0 / eval_length 1396.0 / eval_episodes 5.0
add_video needs package moviepy
Start training.
[185968] model_loss 15.7 / model_grad_norm 24.0 / image_loss 6.0 / reward_loss 0.1 / cont_loss 0.0 / kl_free 1.0 / dyn_scale 0.5 / rep_scale 0.1 / dyn_loss 16.1 / rep_loss 16.1 / kl 16.1 / prior_abs_ent 30.6 / post_abs_ent -27.6 / prior_obs_ent 12.9 / post_obs_ent -1.5 / boundary_ratio 0.0 / kl_mask 0.0 / normed_target_mean 0.6 / normed_target_std 0.3 / normed_target_min -0.2 / normed_target_max 1.1 / EMA_005 148.7 / EMA_095 907.1 / value_mean 597.3 / value_std 248.7 / value_min 19.0 / value_max 988.3 / target_mean 599.0 / target_std 249.9 / target_min 21.2 / target_max 1010.8 / imag_reward_mean 1.6 / imag_reward_std 4.4 / imag_reward_min -0.0 / imag_reward_max 36.8 / imag_action_mean 8.1 / imag_action_std 4.7 / imag_action_min 0.0 / imag_action_max 17.0 / actor_entropy 0.3 / actor_loss 0.3 / actor_grad_norm 5.6 / value_loss 1.3 / value_grad_norm 1.3 / update_count 44092.0 / fps 12.2
add_video needs package moviepy
add_video needs package moviepy
[186592] 
Start evaluation.
[186592] eval_return 2490.0 / eval_length 1134.6 / eval_episodes 5.0
add_video needs package moviepy
Start training.
[186592] model_loss 15.7 / model_grad_norm 24.0 / image_loss 6.1 / reward_loss 0.1 / cont_loss 0.0 / kl_free 1.0 / dyn_scale 0.5 / rep_scale 0.1 / dyn_loss 16.0 / rep_loss 16.0 / kl 16.0 / prior_abs_ent 30.8 / post_abs_ent -27.5 / prior_obs_ent 12.8 / post_obs_ent -1.5 / boundary_ratio 0.0 / kl_mask 0.0 / normed_target_mean 0.6 / normed_target_std 0.3 / normed_target_min -0.2 / normed_target_max 1.1 / EMA_005 141.4 / EMA_095 906.0 / value_mean 594.8 / value_std 248.3 / value_min 18.1 / value_max 986.2 / target_mean 596.6 / target_std 249.5 / target_min 21.4 / target_max 1008.2 / imag_reward_mean 1.6 / imag_reward_std 4.4 / imag_reward_min -0.0 / imag_reward_max 38.4 / imag_action_mean 8.0 / imag_action_std 4.7 / imag_action_min 0.0 / imag_action_max 17.0 / actor_entropy 0.3 / actor_loss 0.3 / actor_grad_norm 5.6 / value_loss 1.3 / value_grad_norm 1.3 / update_count 44248.0 / fps 13.0
add_video needs package moviepy
add_video needs package moviepy
[187216] 
Start evaluation.
[187216] eval_return 3736.0 / eval_length 1491.4 / eval_episodes 5.0
add_video needs package moviepy
Start training.
[187216] model_loss 15.8 / model_grad_norm 24.9 / image_loss 6.0 / reward_loss 0.1 / cont_loss 0.0 / kl_free 1.0 / dyn_scale 0.5 / rep_scale 0.1 / dyn_loss 16.1 / rep_loss 16.1 / kl 16.1 / prior_abs_ent 31.4 / post_abs_ent -27.5 / prior_obs_ent 12.4 / post_obs_ent -2.1 / boundary_ratio 0.0 / kl_mask 0.0 / normed_target_mean 0.6 / normed_target_std 0.3 / normed_target_min -0.2 / normed_target_max 1.1 / EMA_005 145.5 / EMA_095 906.3 / value_mean 597.1 / value_std 250.8 / value_min 14.4 / value_max 983.5 / target_mean 599.1 / target_std 252.0 / target_min 17.3 / target_max 1002.0 / imag_reward_mean 1.6 / imag_reward_std 4.4 / imag_reward_min -0.0 / imag_reward_max 25.2 / imag_action_mean 8.0 / imag_action_std 4.7 / imag_action_min 0.0 / imag_action_max 17.0 / actor_entropy 0.3 / actor_loss 0.3 / actor_grad_norm 5.7 / value_loss 1.3 / value_grad_norm 1.3 / update_count 44404.0 / fps 12.0
add_video needs package moviepy
add_video needs package moviepy
[187840] 
Start evaluation.
[187840] eval_return 3218.0 / eval_length 1417.0 / eval_episodes 5.0
add_video needs package moviepy
Start training.
[187840] model_loss 15.8 / model_grad_norm 27.0 / image_loss 6.1 / reward_loss 0.1 / cont_loss 0.0 / kl_free 1.0 / dyn_scale 0.5 / rep_scale 0.1 / dyn_loss 16.1 / rep_loss 16.1 / kl 16.1 / prior_abs_ent 31.1 / post_abs_ent -27.4 / prior_obs_ent 13.1 / post_obs_ent -1.3 / boundary_ratio 0.0 / kl_mask 0.0 / normed_target_mean 0.6 / normed_target_std 0.3 / normed_target_min -0.2 / normed_target_max 1.1 / EMA_005 144.7 / EMA_095 908.3 / value_mean 597.8 / value_std 251.2 / value_min 23.7 / value_max 988.0 / target_mean 599.3 / target_std 252.4 / target_min 30.0 / target_max 1007.3 / imag_reward_mean 1.6 / imag_reward_std 4.3 / imag_reward_min -0.0 / imag_reward_max 34.4 / imag_action_mean 8.0 / imag_action_std 4.7 / imag_action_min 0.0 / imag_action_max 17.0 / actor_entropy 0.3 / actor_loss 0.3 / actor_grad_norm 5.7 / value_loss 1.3 / value_grad_norm 1.3 / update_count 44560.0 / fps 12.2
add_video needs package moviepy
add_video needs package moviepy
[188464] 
Start evaluation.
[188464] eval_return 4080.0 / eval_length 1414.0 / eval_episodes 5.0
add_video needs package moviepy
Start training.
[188464] model_loss 15.9 / model_grad_norm 26.3 / image_loss 6.1 / reward_loss 0.1 / cont_loss 0.0 / kl_free 1.0 / dyn_scale 0.5 / rep_scale 0.1 / dyn_loss 16.3 / rep_loss 16.3 / kl 16.3 / prior_abs_ent 31.2 / post_abs_ent -27.5 / prior_obs_ent 13.1 / post_obs_ent -1.5 / boundary_ratio 0.0 / kl_mask 0.0 / normed_target_mean 0.6 / normed_target_std 0.3 / normed_target_min -0.2 / normed_target_max 1.1 / EMA_005 145.5 / EMA_095 913.7 / value_mean 613.0 / value_std 249.4 / value_min 16.8 / value_max 992.6 / target_mean 614.7 / target_std 250.6 / target_min 19.0 / target_max 1012.3 / imag_reward_mean 1.6 / imag_reward_std 4.4 / imag_reward_min -0.0 / imag_reward_max 29.9 / imag_action_mean 8.1 / imag_action_std 4.7 / imag_action_min 0.0 / imag_action_max 17.0 / actor_entropy 0.3 / actor_loss 0.3 / actor_grad_norm 5.6 / value_loss 1.3 / value_grad_norm 1.3 / update_count 44716.0 / fps 12.0
add_video needs package moviepy
add_video needs package moviepy
[189088] 
Start evaluation.
[189088] eval_return 3756.0 / eval_length 1343.0 / eval_episodes 5.0
add_video needs package moviepy
Start training.
[189088] model_loss 15.8 / model_grad_norm 25.3 / image_loss 6.0 / reward_loss 0.1 / cont_loss 0.0 / kl_free 1.0 / dyn_scale 0.5 / rep_scale 0.1 / dyn_loss 16.2 / rep_loss 16.2 / kl 16.2 / prior_abs_ent 31.5 / post_abs_ent -27.4 / prior_obs_ent 13.0 / post_obs_ent -1.6 / boundary_ratio 0.0 / kl_mask 0.0 / normed_target_mean 0.6 / normed_target_std 0.3 / normed_target_min -0.2 / normed_target_max 1.1 / EMA_005 139.6 / EMA_095 915.9 / value_mean 596.0 / value_std 260.8 / value_min 8.1 / value_max 994.3 / target_mean 597.7 / target_std 262.3 / target_min 10.8 / target_max 1015.3 / imag_reward_mean 1.6 / imag_reward_std 4.4 / imag_reward_min -0.0 / imag_reward_max 30.9 / imag_action_mean 7.9 / imag_action_std 4.7 / imag_action_min 0.0 / imag_action_max 17.0 / actor_entropy 0.3 / actor_loss 0.3 / actor_grad_norm 5.8 / value_loss 1.4 / value_grad_norm 1.3 / update_count 44872.0 / fps 12.2
add_video needs package moviepy
add_video needs package moviepy
[189712] 
Start evaluation.
[189712] eval_return 2962.0 / eval_length 1320.0 / eval_episodes 5.0
add_video needs package moviepy
Start training.
[189712] model_loss 15.9 / model_grad_norm 24.3 / image_loss 6.0 / reward_loss 0.1 / cont_loss 0.0 / kl_free 1.0 / dyn_scale 0.5 / rep_scale 0.1 / dyn_loss 16.3 / rep_loss 16.3 / kl 16.3 / prior_abs_ent 31.4 / post_abs_ent -27.5 / prior_obs_ent 12.9 / post_obs_ent -1.7 / boundary_ratio 0.0 / kl_mask 0.0 / normed_target_mean 0.6 / normed_target_std 0.3 / normed_target_min -0.2 / normed_target_max 1.1 / EMA_005 144.4 / EMA_095 916.3 / value_mean 615.0 / value_std 250.7 / value_min 23.9 / value_max 993.1 / target_mean 616.4 / target_std 251.8 / target_min 26.9 / target_max 1011.7 / imag_reward_mean 1.6 / imag_reward_std 4.4 / imag_reward_min -0.0 / imag_reward_max 28.2 / imag_action_mean 8.1 / imag_action_std 4.7 / imag_action_min 0.0 / imag_action_max 17.0 / actor_entropy 0.3 / actor_loss 0.2 / actor_grad_norm 6.0 / value_loss 1.3 / value_grad_norm 1.3 / update_count 45028.0 / fps 12.3
add_video needs package moviepy
add_video needs package moviepy
[190236] dataset_size 47559.0 / train_return 3210.0 / train_length 1240.0 / train_episodes 36.0
[190336] 
Start evaluation.
[190336] eval_return 3434.0 / eval_length 1350.2 / eval_episodes 5.0
add_video needs package moviepy
Start training.
[190336] model_loss 15.9 / model_grad_norm 26.5 / image_loss 6.1 / reward_loss 0.1 / cont_loss 0.0 / kl_free 1.0 / dyn_scale 0.5 / rep_scale 0.1 / dyn_loss 16.2 / rep_loss 16.2 / kl 16.2 / prior_abs_ent 31.7 / post_abs_ent -27.3 / prior_obs_ent 13.0 / post_obs_ent -1.6 / boundary_ratio 0.0 / kl_mask 0.0 / normed_target_mean 0.6 / normed_target_std 0.3 / normed_target_min -0.2 / normed_target_max 1.1 / EMA_005 145.7 / EMA_095 917.0 / value_mean 604.7 / value_std 254.7 / value_min 18.4 / value_max 990.9 / target_mean 606.4 / target_std 255.8 / target_min 19.8 / target_max 1014.3 / imag_reward_mean 1.6 / imag_reward_std 4.5 / imag_reward_min -0.0 / imag_reward_max 34.1 / imag_action_mean 8.1 / imag_action_std 4.7 / imag_action_min 0.0 / imag_action_max 17.0 / actor_entropy 0.3 / actor_loss 0.3 / actor_grad_norm 5.8 / value_loss 1.3 / value_grad_norm 1.3 / update_count 45184.0 / fps 12.3
add_video needs package moviepy
add_video needs package moviepy
[190960] 
Start evaluation.
[190960] eval_return 3308.0 / eval_length 1450.6 / eval_episodes 5.0
add_video needs package moviepy
Start training.
[190960] model_loss 16.0 / model_grad_norm 23.8 / image_loss 6.1 / reward_loss 0.1 / cont_loss 0.0 / kl_free 1.0 / dyn_scale 0.5 / rep_scale 0.1 / dyn_loss 16.4 / rep_loss 16.4 / kl 16.4 / prior_abs_ent 31.9 / post_abs_ent -27.4 / prior_obs_ent 13.4 / post_obs_ent -1.3 / boundary_ratio 0.0 / kl_mask 0.0 / normed_target_mean 0.6 / normed_target_std 0.3 / normed_target_min -0.2 / normed_target_max 1.1 / EMA_005 146.1 / EMA_095 916.8 / value_mean 606.1 / value_std 252.9 / value_min 16.9 / value_max 991.5 / target_mean 607.7 / target_std 254.1 / target_min 19.0 / target_max 1017.3 / imag_reward_mean 1.6 / imag_reward_std 4.4 / imag_reward_min -0.0 / imag_reward_max 31.9 / imag_action_mean 7.9 / imag_action_std 4.7 / imag_action_min 0.0 / imag_action_max 17.0 / actor_entropy 0.3 / actor_loss 0.3 / actor_grad_norm 6.0 / value_loss 1.3 / value_grad_norm 1.4 / update_count 45340.0 / fps 12.1
add_video needs package moviepy
add_video needs package moviepy
[191584] 
Start evaluation.
[191584] eval_return 3686.0 / eval_length 1390.0 / eval_episodes 5.0
add_video needs package moviepy
Start training.
[191584] model_loss 15.8 / model_grad_norm 23.5 / image_loss 5.9 / reward_loss 0.1 / cont_loss 0.0 / kl_free 1.0 / dyn_scale 0.5 / rep_scale 0.1 / dyn_loss 16.3 / rep_loss 16.3 / kl 16.3 / prior_abs_ent 31.7 / post_abs_ent -27.5 / prior_obs_ent 12.6 / post_obs_ent -2.0 / boundary_ratio 0.0 / kl_mask 0.0 / normed_target_mean 0.6 / normed_target_std 0.3 / normed_target_min -0.2 / normed_target_max 1.1 / EMA_005 145.4 / EMA_095 920.3 / value_mean 608.5 / value_std 256.8 / value_min 21.5 / value_max 992.8 / target_mean 610.0 / target_std 258.0 / target_min 24.6 / target_max 1014.1 / imag_reward_mean 1.6 / imag_reward_std 4.4 / imag_reward_min -0.0 / imag_reward_max 25.2 / imag_action_mean 8.0 / imag_action_std 4.7 / imag_action_min 0.0 / imag_action_max 17.0 / actor_entropy 0.3 / actor_loss 0.2 / actor_grad_norm 5.7 / value_loss 1.3 / value_grad_norm 1.3 / update_count 45496.0 / fps 12.2
add_video needs package moviepy
add_video needs package moviepy
[192208] 
Start evaluation.
[192208] eval_return 3078.0 / eval_length 1219.2 / eval_episodes 5.0
add_video needs package moviepy
Start training.
[192208] model_loss 15.7 / model_grad_norm 25.7 / image_loss 5.9 / reward_loss 0.1 / cont_loss 0.0 / kl_free 1.0 / dyn_scale 0.5 / rep_scale 0.1 / dyn_loss 16.2 / rep_loss 16.2 / kl 16.2 / prior_abs_ent 31.5 / post_abs_ent -27.5 / prior_obs_ent 12.9 / post_obs_ent -1.7 / boundary_ratio 0.0 / kl_mask 0.0 / normed_target_mean 0.6 / normed_target_std 0.3 / normed_target_min -0.2 / normed_target_max 1.1 / EMA_005 140.6 / EMA_095 921.5 / value_mean 604.6 / value_std 261.1 / value_min 14.6 / value_max 995.4 / target_mean 606.1 / target_std 262.1 / target_min 17.5 / target_max 1017.9 / imag_reward_mean 1.6 / imag_reward_std 4.4 / imag_reward_min -0.0 / imag_reward_max 29.5 / imag_action_mean 8.1 / imag_action_std 4.7 / imag_action_min 0.0 / imag_action_max 17.0 / actor_entropy 0.3 / actor_loss 0.3 / actor_grad_norm 5.9 / value_loss 1.4 / value_grad_norm 1.3 / update_count 45652.0 / fps 12.7
add_video needs package moviepy
add_video needs package moviepy
[192832] 
Start evaluation.
[192832] eval_return 3950.0 / eval_length 1400.4 / eval_episodes 5.0
add_video needs package moviepy
Start training.
[192832] model_loss 16.0 / model_grad_norm 25.4 / image_loss 6.0 / reward_loss 0.1 / cont_loss 0.0 / kl_free 1.0 / dyn_scale 0.5 / rep_scale 0.1 / dyn_loss 16.4 / rep_loss 16.4 / kl 16.4 / prior_abs_ent 31.8 / post_abs_ent -27.4 / prior_obs_ent 13.2 / post_obs_ent -1.6 / boundary_ratio 0.0 / kl_mask 0.0 / normed_target_mean 0.6 / normed_target_std 0.3 / normed_target_min -0.1 / normed_target_max 1.1 / EMA_005 136.6 / EMA_095 924.0 / value_mean 612.5 / value_std 258.4 / value_min 19.9 / value_max 997.1 / target_mean 614.1 / target_std 259.6 / target_min 23.7 / target_max 1021.2 / imag_reward_mean 1.7 / imag_reward_std 4.5 / imag_reward_min -0.0 / imag_reward_max 30.0 / imag_action_mean 8.3 / imag_action_std 4.7 / imag_action_min 0.0 / imag_action_max 17.0 / actor_entropy 0.3 / actor_loss 0.3 / actor_grad_norm 6.0 / value_loss 1.3 / value_grad_norm 1.4 / update_count 45808.0 / fps 12.1
add_video needs package moviepy
add_video needs package moviepy
[193456] 
Start evaluation.
[193456] eval_return 4066.0 / eval_length 1516.2 / eval_episodes 5.0
add_video needs package moviepy
Start training.
[193456] model_loss 15.9 / model_grad_norm 25.7 / image_loss 6.0 / reward_loss 0.1 / cont_loss 0.0 / kl_free 1.0 / dyn_scale 0.5 / rep_scale 0.1 / dyn_loss 16.3 / rep_loss 16.3 / kl 16.3 / prior_abs_ent 31.6 / post_abs_ent -27.4 / prior_obs_ent 12.6 / post_obs_ent -2.0 / boundary_ratio 0.0 / kl_mask 0.0 / normed_target_mean 0.6 / normed_target_std 0.3 / normed_target_min -0.2 / normed_target_max 1.1 / EMA_005 144.5 / EMA_095 925.2 / value_mean 607.6 / value_std 262.4 / value_min 16.7 / value_max 1000.2 / target_mean 609.4 / target_std 263.3 / target_min 17.6 / target_max 1020.9 / imag_reward_mean 1.6 / imag_reward_std 4.4 / imag_reward_min -0.0 / imag_reward_max 25.5 / imag_action_mean 8.0 / imag_action_std 4.7 / imag_action_min 0.0 / imag_action_max 17.0 / actor_entropy 0.3 / actor_loss 0.4 / actor_grad_norm 5.7 / value_loss 1.3 / value_grad_norm 1.4 / update_count 45964.0 / fps 11.9
add_video needs package moviepy
add_video needs package moviepy
[194080] 
Start evaluation.
[194080] eval_return 3814.0 / eval_length 1453.6 / eval_episodes 5.0
add_video needs package moviepy
Start training.
[194080] model_loss 15.9 / model_grad_norm 26.1 / image_loss 5.9 / reward_loss 0.1 / cont_loss 0.0 / kl_free 1.0 / dyn_scale 0.5 / rep_scale 0.1 / dyn_loss 16.4 / rep_loss 16.4 / kl 16.4 / prior_abs_ent 31.6 / post_abs_ent -27.4 / prior_obs_ent 12.8 / post_obs_ent -1.9 / boundary_ratio 0.0 / kl_mask 0.0 / normed_target_mean 0.6 / normed_target_std 0.3 / normed_target_min -0.2 / normed_target_max 1.1 / EMA_005 141.7 / EMA_095 923.8 / value_mean 600.2 / value_std 258.3 / value_min 17.6 / value_max 995.2 / target_mean 601.8 / target_std 259.1 / target_min 20.1 / target_max 1017.8 / imag_reward_mean 1.6 / imag_reward_std 4.4 / imag_reward_min -0.0 / imag_reward_max 25.3 / imag_action_mean 8.0 / imag_action_std 4.6 / imag_action_min 0.0 / imag_action_max 17.0 / actor_entropy 0.3 / actor_loss 0.3 / actor_grad_norm 5.9 / value_loss 1.3 / value_grad_norm 1.3 / update_count 46120.0 / fps 12.0
add_video needs package moviepy
add_video needs package moviepy
[194704] 
Start evaluation.
[194704] eval_return 3306.0 / eval_length 1349.6 / eval_episodes 5.0
add_video needs package moviepy
Start training.
[194704] model_loss 15.9 / model_grad_norm 26.7 / image_loss 6.0 / reward_loss 0.1 / cont_loss 0.0 / kl_free 1.0 / dyn_scale 0.5 / rep_scale 0.1 / dyn_loss 16.3 / rep_loss 16.3 / kl 16.3 / prior_abs_ent 31.6 / post_abs_ent -27.4 / prior_obs_ent 13.1 / post_obs_ent -1.6 / boundary_ratio 0.0 / kl_mask 0.0 / normed_target_mean 0.6 / normed_target_std 0.3 / normed_target_min -0.1 / normed_target_max 1.1 / EMA_005 142.3 / EMA_095 924.0 / value_mean 613.3 / value_std 255.6 / value_min 21.5 / value_max 995.9 / target_mean 614.8 / target_std 256.6 / target_min 26.9 / target_max 1017.7 / imag_reward_mean 1.6 / imag_reward_std 4.4 / imag_reward_min -0.0 / imag_reward_max 29.6 / imag_action_mean 8.0 / imag_action_std 4.7 / imag_action_min 0.0 / imag_action_max 17.0 / actor_entropy 0.3 / actor_loss 0.3 / actor_grad_norm 5.8 / value_loss 1.3 / value_grad_norm 1.3 / update_count 46276.0 / fps 12.3
add_video needs package moviepy
add_video needs package moviepy
[195328] 
Start evaluation.
[195328] eval_return 3682.0 / eval_length 1524.8 / eval_episodes 5.0
add_video needs package moviepy
Start training.
[195328] model_loss 15.7 / model_grad_norm 24.4 / image_loss 5.9 / reward_loss 0.1 / cont_loss 0.0 / kl_free 1.0 / dyn_scale 0.5 / rep_scale 0.1 / dyn_loss 16.2 / rep_loss 16.2 / kl 16.2 / prior_abs_ent 31.4 / post_abs_ent -27.4 / prior_obs_ent 12.6 / post_obs_ent -2.0 / boundary_ratio 0.0 / kl_mask 0.0 / normed_target_mean 0.6 / normed_target_std 0.3 / normed_target_min -0.2 / normed_target_max 1.1 / EMA_005 146.7 / EMA_095 924.1 / value_mean 611.1 / value_std 259.5 / value_min 15.8 / value_max 996.7 / target_mean 612.8 / target_std 260.7 / target_min 19.5 / target_max 1027.6 / imag_reward_mean 1.7 / imag_reward_std 4.5 / imag_reward_min -0.0 / imag_reward_max 34.4 / imag_action_mean 8.1 / imag_action_std 4.7 / imag_action_min 0.0 / imag_action_max 17.0 / actor_entropy 0.3 / actor_loss 0.3 / actor_grad_norm 5.9 / value_loss 1.3 / value_grad_norm 1.4 / update_count 46432.0 / fps 11.9
add_video needs package moviepy
add_video needs package moviepy
[195392] dataset_size 48848.0 / train_return 3060.0 / train_length 1289.0 / train_episodes 37.0
[195952] 
Start evaluation.
[195952] eval_return 3814.0 / eval_length 1614.0 / eval_episodes 5.0
add_video needs package moviepy
Start training.
[195952] model_loss 16.0 / model_grad_norm 26.4 / image_loss 6.1 / reward_loss 0.1 / cont_loss 0.0 / kl_free 1.0 / dyn_scale 0.5 / rep_scale 0.1 / dyn_loss 16.4 / rep_loss 16.4 / kl 16.4 / prior_abs_ent 31.8 / post_abs_ent -27.4 / prior_obs_ent 13.3 / post_obs_ent -1.4 / boundary_ratio 0.0 / kl_mask 0.0 / normed_target_mean 0.6 / normed_target_std 0.3 / normed_target_min -0.2 / normed_target_max 1.1 / EMA_005 145.0 / EMA_095 925.9 / value_mean 602.3 / value_std 259.1 / value_min 16.2 / value_max 998.9 / target_mean 603.8 / target_std 260.5 / target_min 20.9 / target_max 1027.9 / imag_reward_mean 1.6 / imag_reward_std 4.5 / imag_reward_min -0.0 / imag_reward_max 40.5 / imag_action_mean 8.1 / imag_action_std 4.7 / imag_action_min 0.0 / imag_action_max 17.0 / actor_entropy 0.4 / actor_loss 0.4 / actor_grad_norm 6.1 / value_loss 1.3 / value_grad_norm 1.4 / update_count 46588.0 / fps 11.7
add_video needs package moviepy
add_video needs package moviepy
[196576] 
Start evaluation.
[196576] eval_return 3846.0 / eval_length 1481.0 / eval_episodes 5.0
add_video needs package moviepy
Start training.
[196576] model_loss 15.7 / model_grad_norm 25.2 / image_loss 5.9 / reward_loss 0.1 / cont_loss 0.0 / kl_free 1.0 / dyn_scale 0.5 / rep_scale 0.1 / dyn_loss 16.2 / rep_loss 16.2 / kl 16.2 / prior_abs_ent 31.5 / post_abs_ent -27.3 / prior_obs_ent 12.6 / post_obs_ent -1.9 / boundary_ratio 0.0 / kl_mask 0.0 / normed_target_mean 0.6 / normed_target_std 0.3 / normed_target_min -0.1 / normed_target_max 1.1 / EMA_005 141.9 / EMA_095 927.2 / value_mean 596.2 / value_std 259.9 / value_min 23.4 / value_max 998.4 / target_mean 597.7 / target_std 260.8 / target_min 28.2 / target_max 1027.8 / imag_reward_mean 1.5 / imag_reward_std 4.4 / imag_reward_min -0.0 / imag_reward_max 36.6 / imag_action_mean 8.1 / imag_action_std 4.7 / imag_action_min 0.0 / imag_action_max 17.0 / actor_entropy 0.4 / actor_loss 0.3 / actor_grad_norm 5.9 / value_loss 1.3 / value_grad_norm 1.4 / update_count 46744.0 / fps 12.0
add_video needs package moviepy
add_video needs package moviepy
[197200] 
Start evaluation.
[197200] eval_return 3828.0 / eval_length 1612.0 / eval_episodes 5.0
add_video needs package moviepy
Start training.
[197200] model_loss 16.5 / model_grad_norm 34.5 / image_loss 6.3 / reward_loss 0.1 / cont_loss 0.0 / kl_free 1.0 / dyn_scale 0.5 / rep_scale 0.1 / dyn_loss 16.9 / rep_loss 16.9 / kl 16.9 / prior_abs_ent 32.0 / post_abs_ent -27.5 / prior_obs_ent 14.6 / post_obs_ent -0.5 / boundary_ratio 0.0 / kl_mask 0.0 / normed_target_mean 0.6 / normed_target_std 0.3 / normed_target_min -0.2 / normed_target_max 1.1 / EMA_005 148.3 / EMA_095 929.7 / value_mean 614.7 / value_std 256.7 / value_min 23.5 / value_max 1000.9 / target_mean 616.2 / target_std 257.8 / target_min 28.4 / target_max 1030.8 / imag_reward_mean 1.6 / imag_reward_std 4.4 / imag_reward_min -0.0 / imag_reward_max 29.1 / imag_action_mean 8.4 / imag_action_std 4.6 / imag_action_min 0.0 / imag_action_max 17.0 / actor_entropy 0.4 / actor_loss 0.3 / actor_grad_norm 6.1 / value_loss 1.3 / value_grad_norm 1.3 / update_count 46900.0 / fps 11.6
add_video needs package moviepy
add_video needs package moviepy
[197824] 
Start evaluation.
[197824] eval_return 3876.0 / eval_length 1733.8 / eval_episodes 5.0
add_video needs package moviepy
Start training.
[197824] model_loss 15.8 / model_grad_norm 22.6 / image_loss 6.0 / reward_loss 0.1 / cont_loss 0.0 / kl_free 1.0 / dyn_scale 0.5 / rep_scale 0.1 / dyn_loss 16.2 / rep_loss 16.2 / kl 16.2 / prior_abs_ent 31.2 / post_abs_ent -27.6 / prior_obs_ent 13.0 / post_obs_ent -1.6 / boundary_ratio 0.0 / kl_mask 0.0 / normed_target_mean 0.6 / normed_target_std 0.3 / normed_target_min -0.2 / normed_target_max 1.1 / EMA_005 147.0 / EMA_095 929.9 / value_mean 605.8 / value_std 258.0 / value_min 16.0 / value_max 996.7 / target_mean 607.3 / target_std 259.1 / target_min 18.2 / target_max 1022.6 / imag_reward_mean 1.6 / imag_reward_std 4.4 / imag_reward_min -0.0 / imag_reward_max 28.8 / imag_action_mean 8.4 / imag_action_std 4.7 / imag_action_min 0.0 / imag_action_max 17.0 / actor_entropy 0.4 / actor_loss 0.2 / actor_grad_norm 5.7 / value_loss 1.3 / value_grad_norm 1.3 / update_count 47056.0 / fps 11.4
add_video needs package moviepy
add_video needs package moviepy
[198448] 
Start evaluation.
[198448] eval_return 3586.0 / eval_length 1501.6 / eval_episodes 5.0
add_video needs package moviepy
Start training.
[198448] model_loss 15.6 / model_grad_norm 23.7 / image_loss 5.8 / reward_loss 0.1 / cont_loss 0.0 / kl_free 1.0 / dyn_scale 0.5 / rep_scale 0.1 / dyn_loss 16.1 / rep_loss 16.1 / kl 16.1 / prior_abs_ent 31.1 / post_abs_ent -27.6 / prior_obs_ent 12.2 / post_obs_ent -2.3 / boundary_ratio 0.0 / kl_mask 0.0 / normed_target_mean 0.6 / normed_target_std 0.3 / normed_target_min -0.1 / normed_target_max 1.1 / EMA_005 139.6 / EMA_095 929.6 / value_mean 602.6 / value_std 260.9 / value_min 20.0 / value_max 998.7 / target_mean 604.4 / target_std 261.9 / target_min 22.6 / target_max 1026.0 / imag_reward_mean 1.7 / imag_reward_std 4.5 / imag_reward_min -0.0 / imag_reward_max 37.1 / imag_action_mean 8.1 / imag_action_std 4.7 / imag_action_min 0.0 / imag_action_max 17.0 / actor_entropy 0.4 / actor_loss 0.3 / actor_grad_norm 5.7 / value_loss 1.3 / value_grad_norm 1.3 / update_count 47212.0 / fps 11.9
add_video needs package moviepy
add_video needs package moviepy
[199072] 
Start evaluation.
[199072] eval_return 3320.0 / eval_length 1599.6 / eval_episodes 5.0
add_video needs package moviepy
Start training.
[199072] model_loss 15.4 / model_grad_norm 25.3 / image_loss 5.7 / reward_loss 0.1 / cont_loss 0.0 / kl_free 1.0 / dyn_scale 0.5 / rep_scale 0.1 / dyn_loss 16.0 / rep_loss 16.0 / kl 16.0 / prior_abs_ent 31.0 / post_abs_ent -27.5 / prior_obs_ent 11.5 / post_obs_ent -2.9 / boundary_ratio 0.0 / kl_mask 0.0 / normed_target_mean 0.6 / normed_target_std 0.3 / normed_target_min -0.1 / normed_target_max 1.1 / EMA_005 136.8 / EMA_095 931.5 / value_mean 604.8 / value_std 264.1 / value_min 19.5 / value_max 1001.2 / target_mean 606.6 / target_std 265.2 / target_min 25.4 / target_max 1033.2 / imag_reward_mean 1.6 / imag_reward_std 4.4 / imag_reward_min -0.0 / imag_reward_max 28.5 / imag_action_mean 8.1 / imag_action_std 4.7 / imag_action_min 0.0 / imag_action_max 17.0 / actor_entropy 0.4 / actor_loss 0.3 / actor_grad_norm 5.7 / value_loss 1.3 / value_grad_norm 1.3 / update_count 47368.0 / fps 11.6
add_video needs package moviepy
add_video needs package moviepy
[199696] 
Start evaluation.
[199696] eval_return 3416.0 / eval_length 1554.8 / eval_episodes 5.0
add_video needs package moviepy
Start training.
[199696] model_loss 15.7 / model_grad_norm 24.0 / image_loss 5.8 / reward_loss 0.1 / cont_loss 0.0 / kl_free 1.0 / dyn_scale 0.5 / rep_scale 0.1 / dyn_loss 16.3 / rep_loss 16.3 / kl 16.3 / prior_abs_ent 31.2 / post_abs_ent -27.6 / prior_obs_ent 11.8 / post_obs_ent -2.8 / boundary_ratio 0.0 / kl_mask 0.0 / normed_target_mean 0.6 / normed_target_std 0.3 / normed_target_min -0.1 / normed_target_max 1.1 / EMA_005 145.6 / EMA_095 934.2 / value_mean 619.9 / value_std 259.1 / value_min 27.2 / value_max 999.9 / target_mean 621.9 / target_std 260.3 / target_min 30.6 / target_max 1026.9 / imag_reward_mean 1.7 / imag_reward_std 4.5 / imag_reward_min -0.0 / imag_reward_max 38.2 / imag_action_mean 8.0 / imag_action_std 4.7 / imag_action_min 0.0 / imag_action_max 17.0 / actor_entropy 0.4 / actor_loss 0.4 / actor_grad_norm 5.8 / value_loss 1.3 / value_grad_norm 1.3 / update_count 47524.0 / fps 11.7
add_video needs package moviepy
add_video needs package moviepy
[200320] 
Start evaluation.
[200320] eval_return 3646.0 / eval_length 1521.2 / eval_episodes 5.0
add_video needs package moviepy
Start training.
[200320] model_loss 15.8 / model_grad_norm 28.2 / image_loss 5.9 / reward_loss 0.1 / cont_loss 0.0 / kl_free 1.0 / dyn_scale 0.5 / rep_scale 0.1 / dyn_loss 16.4 / rep_loss 16.4 / kl 16.4 / prior_abs_ent 31.3 / post_abs_ent -27.5 / prior_obs_ent 12.2 / post_obs_ent -2.5 / boundary_ratio 0.0 / kl_mask 0.0 / normed_target_mean 0.6 / normed_target_std 0.3 / normed_target_min -0.1 / normed_target_max 1.1 / EMA_005 147.3 / EMA_095 937.3 / value_mean 616.3 / value_std 261.2 / value_min 27.6 / value_max 1002.6 / target_mean 617.8 / target_std 262.3 / target_min 32.5 / target_max 1029.0 / imag_reward_mean 1.6 / imag_reward_std 4.4 / imag_reward_min -0.0 / imag_reward_max 28.6 / imag_action_mean 7.9 / imag_action_std 4.7 / imag_action_min 0.0 / imag_action_max 17.0 / actor_entropy 0.4 / actor_loss 0.3 / actor_grad_norm 5.8 / value_loss 1.3 / value_grad_norm 1.3 / update_count 47680.0 / fps 11.8
add_video needs package moviepy
add_video needs package moviepy
[200944] 
Start evaluation.
[200944] eval_return 3370.0 / eval_length 1482.2 / eval_episodes 5.0
add_video needs package moviepy
Start training.
[200944] model_loss 15.7 / model_grad_norm 24.7 / image_loss 5.8 / reward_loss 0.1 / cont_loss 0.0 / kl_free 1.0 / dyn_scale 0.5 / rep_scale 0.1 / dyn_loss 16.3 / rep_loss 16.3 / kl 16.3 / prior_abs_ent 31.3 / post_abs_ent -27.5 / prior_obs_ent 11.8 / post_obs_ent -2.8 / boundary_ratio 0.0 / kl_mask 0.0 / normed_target_mean 0.6 / normed_target_std 0.3 / normed_target_min -0.1 / normed_target_max 1.1 / EMA_005 141.5 / EMA_095 937.7 / value_mean 612.6 / value_std 265.8 / value_min 24.7 / value_max 1001.2 / target_mean 613.9 / target_std 267.1 / target_min 26.5 / target_max 1031.8 / imag_reward_mean 1.7 / imag_reward_std 4.5 / imag_reward_min -0.0 / imag_reward_max 34.8 / imag_action_mean 7.7 / imag_action_std 4.7 / imag_action_min 0.0 / imag_action_max 17.0 / actor_entropy 0.3 / actor_loss 0.2 / actor_grad_norm 6.0 / value_loss 1.3 / value_grad_norm 1.3 / update_count 47836.0 / fps 12.0
add_video needs package moviepy
add_video needs package moviepy
[201568] 
Start evaluation.
[201568] eval_return 4042.0 / eval_length 1487.8 / eval_episodes 5.0
add_video needs package moviepy
Start training.
[201568] model_loss 15.8 / model_grad_norm 25.5 / image_loss 5.9 / reward_loss 0.1 / cont_loss 0.0 / kl_free 1.0 / dyn_scale 0.5 / rep_scale 0.1 / dyn_loss 16.4 / rep_loss 16.4 / kl 16.4 / prior_abs_ent 31.7 / post_abs_ent -27.6 / prior_obs_ent 11.8 / post_obs_ent -2.9 / boundary_ratio 0.0 / kl_mask 0.0 / normed_target_mean 0.6 / normed_target_std 0.3 / normed_target_min -0.1 / normed_target_max 1.1 / EMA_005 140.7 / EMA_095 939.8 / value_mean 613.5 / value_std 265.3 / value_min 24.3 / value_max 1003.3 / target_mean 615.0 / target_std 266.5 / target_min 27.9 / target_max 1035.6 / imag_reward_mean 1.7 / imag_reward_std 4.4 / imag_reward_min -0.0 / imag_reward_max 25.4 / imag_action_mean 8.1 / imag_action_std 4.7 / imag_action_min 0.0 / imag_action_max 17.0 / actor_entropy 0.3 / actor_loss 0.2 / actor_grad_norm 5.7 / value_loss 1.3 / value_grad_norm 1.3 / update_count 47992.0 / fps 11.9
add_video needs package moviepy
add_video needs package moviepy
[201936] dataset_size 50484.0 / train_return 2980.0 / train_length 1636.0 / train_episodes 38.0
[202192] 
Start evaluation.
[202192] eval_return 3574.0 / eval_length 1413.0 / eval_episodes 5.0
add_video needs package moviepy
Start training.
[202192] model_loss 17.0 / model_grad_norm 35.4 / image_loss 6.4 / reward_loss 0.1 / cont_loss 0.0 / kl_free 1.0 / dyn_scale 0.5 / rep_scale 0.1 / dyn_loss 17.5 / rep_loss 17.5 / kl 17.5 / prior_abs_ent 33.2 / post_abs_ent -27.6 / prior_obs_ent 15.5 / post_obs_ent -0.0 / boundary_ratio 0.0 / kl_mask 0.0 / normed_target_mean 0.6 / normed_target_std 0.3 / normed_target_min -0.1 / normed_target_max 1.1 / EMA_005 137.6 / EMA_095 941.7 / value_mean 613.0 / value_std 266.0 / value_min 16.3 / value_max 1005.0 / target_mean 614.1 / target_std 266.9 / target_min 20.6 / target_max 1036.4 / imag_reward_mean 1.6 / imag_reward_std 4.4 / imag_reward_min -0.0 / imag_reward_max 31.6 / imag_action_mean 8.3 / imag_action_std 4.6 / imag_action_min 0.0 / imag_action_max 17.0 / actor_entropy 0.4 / actor_loss 0.1 / actor_grad_norm 6.9 / value_loss 1.4 / value_grad_norm 1.4 / update_count 48148.0 / fps 12.1
add_video needs package moviepy
add_video needs package moviepy
[202816] 
Start evaluation.
[202816] eval_return 3468.0 / eval_length 1479.2 / eval_episodes 5.0
add_video needs package moviepy
Start training.
[202816] model_loss 15.8 / model_grad_norm 24.5 / image_loss 5.8 / reward_loss 0.1 / cont_loss 0.0 / kl_free 1.0 / dyn_scale 0.5 / rep_scale 0.1 / dyn_loss 16.4 / rep_loss 16.4 / kl 16.4 / prior_abs_ent 32.6 / post_abs_ent -27.4 / prior_obs_ent 13.0 / post_obs_ent -1.8 / boundary_ratio 0.0 / kl_mask 0.0 / normed_target_mean 0.6 / normed_target_std 0.3 / normed_target_min -0.1 / normed_target_max 1.1 / EMA_005 140.7 / EMA_095 940.7 / value_mean 616.3 / value_std 262.7 / value_min 32.9 / value_max 1005.1 / target_mean 617.8 / target_std 263.8 / target_min 36.6 / target_max 1035.2 / imag_reward_mean 1.6 / imag_reward_std 4.4 / imag_reward_min -0.0 / imag_reward_max 37.0 / imag_action_mean 8.2 / imag_action_std 4.6 / imag_action_min 0.0 / imag_action_max 17.0 / actor_entropy 0.3 / actor_loss 0.3 / actor_grad_norm 6.1 / value_loss 1.3 / value_grad_norm 1.3 / update_count 48304.0 / fps 11.9
add_video needs package moviepy
add_video needs package moviepy
[203440] 
Start evaluation.
[203440] eval_return 3638.0 / eval_length 1395.4 / eval_episodes 5.0
add_video needs package moviepy
Start training.
[203440] model_loss 15.6 / model_grad_norm 24.1 / image_loss 5.7 / reward_loss 0.1 / cont_loss 0.0 / kl_free 1.0 / dyn_scale 0.5 / rep_scale 0.1 / dyn_loss 16.2 / rep_loss 16.2 / kl 16.2 / prior_abs_ent 32.2 / post_abs_ent -27.4 / prior_obs_ent 12.1 / post_obs_ent -2.5 / boundary_ratio 0.0 / kl_mask 0.0 / normed_target_mean 0.6 / normed_target_std 0.3 / normed_target_min -0.1 / normed_target_max 1.1 / EMA_005 133.3 / EMA_095 944.0 / value_mean 610.1 / value_std 268.8 / value_min 18.6 / value_max 1004.7 / target_mean 611.6 / target_std 270.2 / target_min 22.1 / target_max 1038.7 / imag_reward_mean 1.6 / imag_reward_std 4.4 / imag_reward_min -0.0 / imag_reward_max 31.8 / imag_action_mean 8.2 / imag_action_std 4.6 / imag_action_min 0.0 / imag_action_max 17.0 / actor_entropy 0.3 / actor_loss 0.2 / actor_grad_norm 5.9 / value_loss 1.3 / value_grad_norm 1.2 / update_count 48460.0 / fps 12.1
add_video needs package moviepy
add_video needs package moviepy
[204064] 
Start evaluation.
[204064] eval_return 3124.0 / eval_length 1350.2 / eval_episodes 5.0
add_video needs package moviepy
Start training.
[204064] model_loss 15.5 / model_grad_norm 24.2 / image_loss 5.6 / reward_loss 0.1 / cont_loss 0.0 / kl_free 1.0 / dyn_scale 0.5 / rep_scale 0.1 / dyn_loss 16.3 / rep_loss 16.3 / kl 16.3 / prior_abs_ent 31.8 / post_abs_ent -27.5 / prior_obs_ent 11.8 / post_obs_ent -2.8 / boundary_ratio 0.0 / kl_mask 0.0 / normed_target_mean 0.6 / normed_target_std 0.3 / normed_target_min -0.1 / normed_target_max 1.1 / EMA_005 125.3 / EMA_095 943.9 / value_mean 609.8 / value_std 273.7 / value_min 15.5 / value_max 1004.6 / target_mean 611.4 / target_std 274.8 / target_min 18.5 / target_max 1037.7 / imag_reward_mean 1.7 / imag_reward_std 4.5 / imag_reward_min -0.0 / imag_reward_max 31.4 / imag_action_mean 8.1 / imag_action_std 4.6 / imag_action_min 0.0 / imag_action_max 17.0 / actor_entropy 0.4 / actor_loss 0.3 / actor_grad_norm 6.2 / value_loss 1.3 / value_grad_norm 1.3 / update_count 48616.0 / fps 12.2
add_video needs package moviepy
add_video needs package moviepy
[204688] 
Start evaluation.
[204688] eval_return 3784.0 / eval_length 1330.2 / eval_episodes 5.0
add_video needs package moviepy
Start training.
[204688] model_loss 15.5 / model_grad_norm 24.5 / image_loss 5.7 / reward_loss 0.1 / cont_loss 0.0 / kl_free 1.0 / dyn_scale 0.5 / rep_scale 0.1 / dyn_loss 16.2 / rep_loss 16.2 / kl 16.2 / prior_abs_ent 31.8 / post_abs_ent -27.5 / prior_obs_ent 11.6 / post_obs_ent -3.0 / boundary_ratio 0.0 / kl_mask 0.0 / normed_target_mean 0.6 / normed_target_std 0.3 / normed_target_min -0.1 / normed_target_max 1.1 / EMA_005 130.5 / EMA_095 945.2 / value_mean 612.7 / value_std 269.2 / value_min 19.7 / value_max 1006.3 / target_mean 614.3 / target_std 270.5 / target_min 23.6 / target_max 1038.4 / imag_reward_mean 1.7 / imag_reward_std 4.5 / imag_reward_min -0.0 / imag_reward_max 26.1 / imag_action_mean 8.0 / imag_action_std 4.6 / imag_action_min 0.0 / imag_action_max 17.0 / actor_entropy 0.3 / actor_loss 0.3 / actor_grad_norm 5.9 / value_loss 1.3 / value_grad_norm 1.2 / update_count 48772.0 / fps 12.2
add_video needs package moviepy
add_video needs package moviepy
[205312] 
Start evaluation.
[205312] eval_return 4072.0 / eval_length 1446.6 / eval_episodes 5.0
add_video needs package moviepy
Start training.
[205312] model_loss 15.6 / model_grad_norm 27.3 / image_loss 5.7 / reward_loss 0.1 / cont_loss 0.0 / kl_free 1.0 / dyn_scale 0.5 / rep_scale 0.1 / dyn_loss 16.3 / rep_loss 16.3 / kl 16.3 / prior_abs_ent 31.7 / post_abs_ent -27.5 / prior_obs_ent 11.7 / post_obs_ent -2.9 / boundary_ratio 0.0 / kl_mask 0.0 / normed_target_mean 0.6 / normed_target_std 0.3 / normed_target_min -0.1 / normed_target_max 1.1 / EMA_005 130.9 / EMA_095 945.8 / value_mean 603.4 / value_std 272.3 / value_min 19.6 / value_max 1004.8 / target_mean 604.9 / target_std 273.3 / target_min 23.4 / target_max 1036.0 / imag_reward_mean 1.6 / imag_reward_std 4.4 / imag_reward_min -0.0 / imag_reward_max 31.7 / imag_action_mean 7.9 / imag_action_std 4.6 / imag_action_min 0.0 / imag_action_max 17.0 / actor_entropy 0.4 / actor_loss 0.3 / actor_grad_norm 6.0 / value_loss 1.3 / value_grad_norm 1.3 / update_count 48928.0 / fps 12.0
add_video needs package moviepy
add_video needs package moviepy
[205936] 
Start evaluation.
[205936] eval_return 3084.0 / eval_length 1225.0 / eval_episodes 5.0
add_video needs package moviepy
Start training.
[205936] model_loss 15.6 / model_grad_norm 23.3 / image_loss 5.7 / reward_loss 0.1 / cont_loss 0.0 / kl_free 1.0 / dyn_scale 0.5 / rep_scale 0.1 / dyn_loss 16.4 / rep_loss 16.4 / kl 16.4 / prior_abs_ent 31.7 / post_abs_ent -27.5 / prior_obs_ent 11.4 / post_obs_ent -3.3 / boundary_ratio 0.0 / kl_mask 0.0 / normed_target_mean 0.6 / normed_target_std 0.3 / normed_target_min -0.1 / normed_target_max 1.1 / EMA_005 134.7 / EMA_095 949.1 / value_mean 612.3 / value_std 268.5 / value_min 15.6 / value_max 1007.1 / target_mean 614.0 / target_std 269.8 / target_min 21.6 / target_max 1043.0 / imag_reward_mean 1.7 / imag_reward_std 4.5 / imag_reward_min -0.0 / imag_reward_max 32.1 / imag_action_mean 8.1 / imag_action_std 4.6 / imag_action_min 0.0 / imag_action_max 17.0 / actor_entropy 0.4 / actor_loss 0.4 / actor_grad_norm 6.0 / value_loss 1.3 / value_grad_norm 1.3 / update_count 49084.0 / fps 12.7
add_video needs package moviepy
add_video needs package moviepy
[206560] 
Start evaluation.
[206560] eval_return 3484.0 / eval_length 1319.2 / eval_episodes 5.0
add_video needs package moviepy
Start training.
[206560] model_loss 15.6 / model_grad_norm 28.2 / image_loss 5.7 / reward_loss 0.1 / cont_loss 0.0 / kl_free 1.0 / dyn_scale 0.5 / rep_scale 0.1 / dyn_loss 16.3 / rep_loss 16.3 / kl 16.3 / prior_abs_ent 31.9 / post_abs_ent -27.5 / prior_obs_ent 12.0 / post_obs_ent -2.7 / boundary_ratio 0.0 / kl_mask 0.0 / normed_target_mean 0.6 / normed_target_std 0.3 / normed_target_min -0.1 / normed_target_max 1.1 / EMA_005 128.3 / EMA_095 948.1 / value_mean 609.0 / value_std 271.8 / value_min 20.5 / value_max 1004.6 / target_mean 610.6 / target_std 272.9 / target_min 23.2 / target_max 1038.9 / imag_reward_mean 1.6 / imag_reward_std 4.4 / imag_reward_min -0.0 / imag_reward_max 28.1 / imag_action_mean 8.2 / imag_action_std 4.7 / imag_action_min 0.0 / imag_action_max 17.0 / actor_entropy 0.4 / actor_loss 0.4 / actor_grad_norm 6.0 / value_loss 1.3 / value_grad_norm 1.3 / update_count 49240.0 / fps 12.3
add_video needs package moviepy
add_video needs package moviepy
[207184] 
Start evaluation.
[207184] eval_return 3546.0 / eval_length 1388.0 / eval_episodes 5.0
add_video needs package moviepy
Start training.
[207184] model_loss 15.7 / model_grad_norm 26.7 / image_loss 5.7 / reward_loss 0.1 / cont_loss 0.0 / kl_free 1.0 / dyn_scale 0.5 / rep_scale 0.1 / dyn_loss 16.4 / rep_loss 16.4 / kl 16.4 / prior_abs_ent 32.0 / post_abs_ent -27.5 / prior_obs_ent 11.6 / post_obs_ent -3.1 / boundary_ratio 0.0 / kl_mask 0.0 / normed_target_mean 0.6 / normed_target_std 0.3 / normed_target_min -0.1 / normed_target_max 1.1 / EMA_005 134.7 / EMA_095 949.7 / value_mean 616.3 / value_std 269.1 / value_min 22.3 / value_max 1007.3 / target_mean 617.9 / target_std 270.1 / target_min 28.1 / target_max 1040.3 / imag_reward_mean 1.7 / imag_reward_std 4.4 / imag_reward_min -0.0 / imag_reward_max 26.1 / imag_action_mean 8.1 / imag_action_std 4.7 / imag_action_min 0.0 / imag_action_max 17.0 / actor_entropy 0.4 / actor_loss 0.4 / actor_grad_norm 6.0 / value_loss 1.3 / value_grad_norm 1.3 / update_count 49396.0 / fps 12.1
add_video needs package moviepy
add_video needs package moviepy
[207788] dataset_size 51947.0 / train_return 4430.0 / train_length 1463.0 / train_episodes 39.0
[207808] 
Start evaluation.
[207808] eval_return 3500.0 / eval_length 1373.0 / eval_episodes 5.0
add_video needs package moviepy
Start training.
[207808] model_loss 16.2 / model_grad_norm 47.3 / image_loss 6.0 / reward_loss 0.1 / cont_loss 0.0 / kl_free 1.0 / dyn_scale 0.5 / rep_scale 0.1 / dyn_loss 16.8 / rep_loss 16.8 / kl 16.8 / prior_abs_ent 31.8 / post_abs_ent -27.5 / prior_obs_ent 11.8 / post_obs_ent -3.2 / boundary_ratio 0.0 / kl_mask 0.0 / normed_target_mean 0.6 / normed_target_std 0.3 / normed_target_min -0.1 / normed_target_max 1.1 / EMA_005 127.4 / EMA_095 951.3 / value_mean 613.3 / value_std 275.8 / value_min 19.4 / value_max 1006.9 / target_mean 614.7 / target_std 276.9 / target_min 22.4 / target_max 1045.5 / imag_reward_mean 1.7 / imag_reward_std 4.6 / imag_reward_min -0.0 / imag_reward_max 40.3 / imag_action_mean 8.2 / imag_action_std 4.7 / imag_action_min 0.0 / imag_action_max 17.0 / actor_entropy 0.4 / actor_loss 0.3 / actor_grad_norm 6.4 / value_loss 1.3 / value_grad_norm 1.4 / update_count 49552.0 / fps 12.0
add_video needs package moviepy
add_video needs package moviepy
[208432] 
Start evaluation.
[208432] eval_return 3356.0 / eval_length 1440.2 / eval_episodes 5.0
add_video needs package moviepy
Start training.
[208432] model_loss 15.9 / model_grad_norm 29.9 / image_loss 5.9 / reward_loss 0.1 / cont_loss 0.0 / kl_free 1.0 / dyn_scale 0.5 / rep_scale 0.1 / dyn_loss 16.5 / rep_loss 16.5 / kl 16.5 / prior_abs_ent 32.3 / post_abs_ent -27.3 / prior_obs_ent 13.6 / post_obs_ent -1.3 / boundary_ratio 0.0 / kl_mask 0.0 / normed_target_mean 0.6 / normed_target_std 0.3 / normed_target_min -0.1 / normed_target_max 1.1 / EMA_005 130.1 / EMA_095 949.0 / value_mean 612.3 / value_std 270.0 / value_min 18.7 / value_max 1006.4 / target_mean 614.3 / target_std 270.2 / target_min 23.2 / target_max 1043.2 / imag_reward_mean 1.7 / imag_reward_std 4.5 / imag_reward_min -0.0 / imag_reward_max 32.5 / imag_action_mean 7.8 / imag_action_std 4.7 / imag_action_min 0.0 / imag_action_max 17.0 / actor_entropy 0.4 / actor_loss 0.7 / actor_grad_norm 6.6 / value_loss 1.4 / value_grad_norm 1.5 / update_count 49708.0 / fps 11.9
add_video needs package moviepy
add_video needs package moviepy
[209056] 
Start evaluation.
[209056] eval_return 3314.0 / eval_length 1376.2 / eval_episodes 5.0
add_video needs package moviepy
Start training.
[209056] model_loss 15.5 / model_grad_norm 22.1 / image_loss 5.6 / reward_loss 0.1 / cont_loss 0.0 / kl_free 1.0 / dyn_scale 0.5 / rep_scale 0.1 / dyn_loss 16.3 / rep_loss 16.3 / kl 16.3 / prior_abs_ent 32.1 / post_abs_ent -27.3 / prior_obs_ent 11.5 / post_obs_ent -3.2 / boundary_ratio 0.0 / kl_mask 0.0 / normed_target_mean 0.6 / normed_target_std 0.3 / normed_target_min -0.1 / normed_target_max 1.1 / EMA_005 131.8 / EMA_095 948.4 / value_mean 601.3 / value_std 270.5 / value_min 16.2 / value_max 1006.2 / target_mean 603.6 / target_std 271.0 / target_min 18.7 / target_max 1042.0 / imag_reward_mean 1.6 / imag_reward_std 4.5 / imag_reward_min -0.0 / imag_reward_max 28.9 / imag_action_mean 8.0 / imag_action_std 4.7 / imag_action_min 0.0 / imag_action_max 17.0 / actor_entropy 0.4 / actor_loss 0.6 / actor_grad_norm 6.3 / value_loss 1.4 / value_grad_norm 1.4 / update_count 49864.0 / fps 12.2
add_video needs package moviepy
add_video needs package moviepy
[209680] 
Start evaluation.
[209680] eval_return 3586.0 / eval_length 1320.6 / eval_episodes 5.0
add_video needs package moviepy
Start training.
[209680] model_loss 15.9 / model_grad_norm 26.3 / image_loss 5.9 / reward_loss 0.1 / cont_loss 0.0 / kl_free 1.0 / dyn_scale 0.5 / rep_scale 0.1 / dyn_loss 16.6 / rep_loss 16.6 / kl 16.6 / prior_abs_ent 32.1 / post_abs_ent -27.3 / prior_obs_ent 12.2 / post_obs_ent -2.7 / boundary_ratio 0.0 / kl_mask 0.0 / normed_target_mean 0.6 / normed_target_std 0.3 / normed_target_min -0.1 / normed_target_max 1.1 / EMA_005 124.3 / EMA_095 953.3 / value_mean 614.5 / value_std 274.3 / value_min 12.6 / value_max 1007.4 / target_mean 616.6 / target_std 274.9 / target_min 16.2 / target_max 1048.6 / imag_reward_mean 1.7 / imag_reward_std 4.6 / imag_reward_min -0.0 / imag_reward_max 41.4 / imag_action_mean 8.1 / imag_action_std 4.7 / imag_action_min 0.0 / imag_action_max 17.0 / actor_entropy 0.4 / actor_loss 0.7 / actor_grad_norm 6.6 / value_loss 1.3 / value_grad_norm 1.4 / update_count 50020.0 / fps 12.4
add_video needs package moviepy
add_video needs package moviepy
[210304] 
Start evaluation.
[210304] eval_return 3996.0 / eval_length 1434.2 / eval_episodes 5.0
add_video needs package moviepy
Start training.
[210304] model_loss 15.5 / model_grad_norm 23.1 / image_loss 5.5 / reward_loss 0.1 / cont_loss 0.0 / kl_free 1.0 / dyn_scale 0.5 / rep_scale 0.1 / dyn_loss 16.4 / rep_loss 16.4 / kl 16.4 / prior_abs_ent 32.1 / post_abs_ent -27.4 / prior_obs_ent 11.6 / post_obs_ent -3.2 / boundary_ratio 0.0 / kl_mask 0.0 / normed_target_mean 0.6 / normed_target_std 0.3 / normed_target_min -0.1 / normed_target_max 1.1 / EMA_005 122.2 / EMA_095 954.3 / value_mean 625.6 / value_std 273.5 / value_min 18.1 / value_max 1008.8 / target_mean 627.9 / target_std 274.3 / target_min 22.0 / target_max 1046.6 / imag_reward_mean 1.7 / imag_reward_std 4.5 / imag_reward_min -0.0 / imag_reward_max 31.8 / imag_action_mean 8.1 / imag_action_std 4.8 / imag_action_min 0.0 / imag_action_max 17.0 / actor_entropy 0.4 / actor_loss 0.7 / actor_grad_norm 6.2 / value_loss 1.3 / value_grad_norm 1.4 / update_count 50176.0 / fps 11.9
add_video needs package moviepy
add_video needs package moviepy
[210928] 
Start evaluation.
[210928] eval_return 2978.0 / eval_length 1297.2 / eval_episodes 5.0
add_video needs package moviepy
Start training.
[210928] model_loss 15.6 / model_grad_norm 22.9 / image_loss 5.6 / reward_loss 0.1 / cont_loss 0.0 / kl_free 1.0 / dyn_scale 0.5 / rep_scale 0.1 / dyn_loss 16.5 / rep_loss 16.5 / kl 16.5 / prior_abs_ent 31.6 / post_abs_ent -27.4 / prior_obs_ent 11.5 / post_obs_ent -3.3 / boundary_ratio 0.0 / kl_mask 0.0 / normed_target_mean 0.6 / normed_target_std 0.3 / normed_target_min -0.1 / normed_target_max 1.1 / EMA_005 129.8 / EMA_095 956.6 / value_mean 621.5 / value_std 268.3 / value_min 13.6 / value_max 1009.1 / target_mean 623.7 / target_std 269.1 / target_min 21.3 / target_max 1045.9 / imag_reward_mean 1.7 / imag_reward_std 4.5 / imag_reward_min -0.0 / imag_reward_max 25.2 / imag_action_mean 8.1 / imag_action_std 4.8 / imag_action_min 0.0 / imag_action_max 17.0 / actor_entropy 0.4 / actor_loss 0.6 / actor_grad_norm 6.3 / value_loss 1.3 / value_grad_norm 1.4 / update_count 50332.0 / fps 12.4
add_video needs package moviepy
add_video needs package moviepy
[211552] 
Start evaluation.
[211552] eval_return 3826.0 / eval_length 1413.8 / eval_episodes 5.0
add_video needs package moviepy
Start training.
[211552] model_loss 15.6 / model_grad_norm 23.9 / image_loss 5.6 / reward_loss 0.1 / cont_loss 0.0 / kl_free 1.0 / dyn_scale 0.5 / rep_scale 0.1 / dyn_loss 16.4 / rep_loss 16.4 / kl 16.4 / prior_abs_ent 32.0 / post_abs_ent -27.3 / prior_obs_ent 12.0 / post_obs_ent -2.7 / boundary_ratio 0.0 / kl_mask 0.0 / normed_target_mean 0.6 / normed_target_std 0.3 / normed_target_min -0.1 / normed_target_max 1.1 / EMA_005 126.6 / EMA_095 954.7 / value_mean 618.4 / value_std 271.4 / value_min 11.9 / value_max 1007.9 / target_mean 619.9 / target_std 272.4 / target_min 17.8 / target_max 1041.4 / imag_reward_mean 1.7 / imag_reward_std 4.4 / imag_reward_min -0.0 / imag_reward_max 27.2 / imag_action_mean 8.0 / imag_action_std 4.8 / imag_action_min 0.0 / imag_action_max 17.0 / actor_entropy 0.4 / actor_loss 0.4 / actor_grad_norm 6.4 / value_loss 1.3 / value_grad_norm 1.4 / update_count 50488.0 / fps 12.1
add_video needs package moviepy
add_video needs package moviepy
[212160] dataset_size 53040.0 / train_return 2550.0 / train_length 1093.0 / train_episodes 40.0
[212176] 
Start evaluation.
[212176] eval_return 3576.0 / eval_length 1313.8 / eval_episodes 5.0
add_video needs package moviepy
Start training.
[212176] model_loss 15.7 / model_grad_norm 22.7 / image_loss 5.7 / reward_loss 0.1 / cont_loss 0.0 / kl_free 1.0 / dyn_scale 0.5 / rep_scale 0.1 / dyn_loss 16.5 / rep_loss 16.5 / kl 16.5 / prior_abs_ent 32.0 / post_abs_ent -27.4 / prior_obs_ent 11.9 / post_obs_ent -2.9 / boundary_ratio 0.0 / kl_mask 0.0 / normed_target_mean 0.6 / normed_target_std 0.3 / normed_target_min -0.1 / normed_target_max 1.1 / EMA_005 134.8 / EMA_095 951.8 / value_mean 624.6 / value_std 265.7 / value_min 18.4 / value_max 1008.2 / target_mean 626.6 / target_std 266.8 / target_min 24.4 / target_max 1046.0 / imag_reward_mean 1.7 / imag_reward_std 4.5 / imag_reward_min -0.0 / imag_reward_max 34.6 / imag_action_mean 8.5 / imag_action_std 4.8 / imag_action_min 0.0 / imag_action_max 17.0 / actor_entropy 0.4 / actor_loss 0.5 / actor_grad_norm 6.5 / value_loss 1.3 / value_grad_norm 1.4 / update_count 50644.0 / fps 12.3
add_video needs package moviepy
add_video needs package moviepy
[212800] 
Start evaluation.
[212800] eval_return 3248.0 / eval_length 1290.4 / eval_episodes 5.0
add_video needs package moviepy
Start training.
[212800] model_loss 15.6 / model_grad_norm 24.0 / image_loss 5.7 / reward_loss 0.1 / cont_loss 0.0 / kl_free 1.0 / dyn_scale 0.5 / rep_scale 0.1 / dyn_loss 16.4 / rep_loss 16.4 / kl 16.4 / prior_abs_ent 31.9 / post_abs_ent -27.4 / prior_obs_ent 11.6 / post_obs_ent -3.2 / boundary_ratio 0.0 / kl_mask 0.0 / normed_target_mean 0.6 / normed_target_std 0.3 / normed_target_min -0.1 / normed_target_max 1.1 / EMA_005 129.4 / EMA_095 954.5 / value_mean 617.1 / value_std 271.3 / value_min 20.4 / value_max 1008.8 / target_mean 618.7 / target_std 272.5 / target_min 25.9 / target_max 1050.5 / imag_reward_mean 1.7 / imag_reward_std 4.5 / imag_reward_min -0.0 / imag_reward_max 33.8 / imag_action_mean 8.4 / imag_action_std 4.9 / imag_action_min 0.0 / imag_action_max 17.0 / actor_entropy 0.4 / actor_loss 0.3 / actor_grad_norm 6.4 / value_loss 1.3 / value_grad_norm 1.4 / update_count 50800.0 / fps 12.3
add_video needs package moviepy
add_video needs package moviepy
[213424] 
Start evaluation.
[213424] eval_return 3200.0 / eval_length 1297.2 / eval_episodes 5.0
add_video needs package moviepy
Start training.
[213424] model_loss 15.6 / model_grad_norm 25.4 / image_loss 5.6 / reward_loss 0.1 / cont_loss 0.0 / kl_free 1.0 / dyn_scale 0.5 / rep_scale 0.1 / dyn_loss 16.4 / rep_loss 16.4 / kl 16.4 / prior_abs_ent 31.9 / post_abs_ent -27.4 / prior_obs_ent 11.5 / post_obs_ent -3.2 / boundary_ratio 0.0 / kl_mask 0.0 / normed_target_mean 0.6 / normed_target_std 0.3 / normed_target_min -0.1 / normed_target_max 1.1 / EMA_005 125.9 / EMA_095 954.9 / value_mean 619.5 / value_std 272.2 / value_min 20.8 / value_max 1009.2 / target_mean 621.2 / target_std 273.5 / target_min 23.8 / target_max 1046.1 / imag_reward_mean 1.6 / imag_reward_std 4.5 / imag_reward_min -0.0 / imag_reward_max 28.0 / imag_action_mean 8.2 / imag_action_std 4.9 / imag_action_min 0.0 / imag_action_max 17.0 / actor_entropy 0.4 / actor_loss 0.4 / actor_grad_norm 6.2 / value_loss 1.3 / value_grad_norm 1.4 / update_count 50956.0 / fps 12.3
add_video needs package moviepy
add_video needs package moviepy
[214048] 
Start evaluation.
[214048] eval_return 4014.0 / eval_length 1466.8 / eval_episodes 5.0
add_video needs package moviepy
Start training.
[214048] model_loss 16.0 / model_grad_norm 27.1 / image_loss 5.8 / reward_loss 0.1 / cont_loss 0.0 / kl_free 1.0 / dyn_scale 0.5 / rep_scale 0.1 / dyn_loss 16.7 / rep_loss 16.7 / kl 16.7 / prior_abs_ent 32.5 / post_abs_ent -27.3 / prior_obs_ent 12.7 / post_obs_ent -2.3 / boundary_ratio 0.0 / kl_mask 0.0 / normed_target_mean 0.6 / normed_target_std 0.3 / normed_target_min -0.1 / normed_target_max 1.1 / EMA_005 127.1 / EMA_095 955.3 / value_mean 620.9 / value_std 267.2 / value_min 13.1 / value_max 1008.2 / target_mean 622.0 / target_std 269.4 / target_min 15.5 / target_max 1045.3 / imag_reward_mean 1.7 / imag_reward_std 4.5 / imag_reward_min -0.0 / imag_reward_max 29.3 / imag_action_mean 8.1 / imag_action_std 5.0 / imag_action_min 0.0 / imag_action_max 17.0 / actor_entropy 0.4 / actor_loss -0.2 / actor_grad_norm 8.4 / value_loss 1.5 / value_grad_norm 1.8 / update_count 51112.0 / fps 11.9
add_video needs package moviepy
add_video needs package moviepy
[214672] 
Start evaluation.
[214672] eval_return 3080.0 / eval_length 1232.6 / eval_episodes 5.0
add_video needs package moviepy
Start training.
[214672] model_loss 15.8 / model_grad_norm 23.8 / image_loss 5.7 / reward_loss 0.1 / cont_loss 0.0 / kl_free 1.0 / dyn_scale 0.5 / rep_scale 0.1 / dyn_loss 16.6 / rep_loss 16.6 / kl 16.6 / prior_abs_ent 32.4 / post_abs_ent -27.1 / prior_obs_ent 12.0 / post_obs_ent -3.0 / boundary_ratio 0.0 / kl_mask 0.0 / normed_target_mean 0.6 / normed_target_std 0.3 / normed_target_min -0.1 / normed_target_max 1.1 / EMA_005 136.1 / EMA_095 955.6 / value_mean 630.8 / value_std 261.3 / value_min 16.2 / value_max 1007.6 / target_mean 632.8 / target_std 263.0 / target_min 19.0 / target_max 1045.5 / imag_reward_mean 1.7 / imag_reward_std 4.5 / imag_reward_min -0.0 / imag_reward_max 31.2 / imag_action_mean 7.8 / imag_action_std 5.2 / imag_action_min 0.0 / imag_action_max 17.0 / actor_entropy 0.4 / actor_loss 0.3 / actor_grad_norm 7.0 / value_loss 1.5 / value_grad_norm 1.6 / update_count 51268.0 / fps 12.5
add_video needs package moviepy
add_video needs package moviepy
[215296] 
Start evaluation.
[215296] eval_return 3626.0 / eval_length 1398.4 / eval_episodes 5.0
add_video needs package moviepy
Start training.
[215296] model_loss 16.4 / model_grad_norm 41.7 / image_loss 6.0 / reward_loss 0.1 / cont_loss 0.0 / kl_free 1.0 / dyn_scale 0.5 / rep_scale 0.1 / dyn_loss 17.1 / rep_loss 17.1 / kl 17.1 / prior_abs_ent 32.2 / post_abs_ent -26.8 / prior_obs_ent 12.8 / post_obs_ent -2.5 / boundary_ratio 0.0 / kl_mask 0.0 / normed_target_mean 0.6 / normed_target_std 0.3 / normed_target_min -0.2 / normed_target_max 1.1 / EMA_005 135.8 / EMA_095 957.2 / value_mean 622.0 / value_std 265.3 / value_min 9.8 / value_max 1007.9 / target_mean 624.0 / target_std 266.8 / target_min 10.3 / target_max 1047.6 / imag_reward_mean 1.7 / imag_reward_std 4.5 / imag_reward_min -0.0 / imag_reward_max 37.4 / imag_action_mean 7.7 / imag_action_std 5.2 / imag_action_min 0.0 / imag_action_max 17.0 / actor_entropy 0.3 / actor_loss 0.3 / actor_grad_norm 6.8 / value_loss 1.5 / value_grad_norm 1.6 / update_count 51424.0 / fps 12.0
add_video needs package moviepy
add_video needs package moviepy
[215920] 
Start evaluation.
[215920] eval_return 3538.0 / eval_length 1353.8 / eval_episodes 5.0
add_video needs package moviepy
Start training.
[215920] model_loss 16.5 / model_grad_norm 34.0 / image_loss 6.1 / reward_loss 0.1 / cont_loss 0.0 / kl_free 1.0 / dyn_scale 0.5 / rep_scale 0.1 / dyn_loss 17.1 / rep_loss 17.1 / kl 17.1 / prior_abs_ent 32.2 / post_abs_ent -26.9 / prior_obs_ent 15.5 / post_obs_ent 0.0 / boundary_ratio 0.0 / kl_mask 0.0 / normed_target_mean 0.6 / normed_target_std 0.3 / normed_target_min -0.2 / normed_target_max 1.1 / EMA_005 145.2 / EMA_095 953.7 / value_mean 626.8 / value_std 259.8 / value_min 9.2 / value_max 1009.7 / target_mean 628.6 / target_std 261.4 / target_min 11.8 / target_max 1050.3 / imag_reward_mean 1.7 / imag_reward_std 4.6 / imag_reward_min -0.0 / imag_reward_max 43.7 / imag_action_mean 7.6 / imag_action_std 5.2 / imag_action_min 0.0 / imag_action_max 17.0 / actor_entropy 0.3 / actor_loss 0.3 / actor_grad_norm 7.0 / value_loss 1.4 / value_grad_norm 1.5 / update_count 51580.0 / fps 12.3
add_video needs package moviepy
add_video needs package moviepy
[216544] 
Start evaluation.
[216544] eval_return 3620.0 / eval_length 1349.2 / eval_episodes 5.0
add_video needs package moviepy
Start training.
[216544] model_loss 15.8 / model_grad_norm 27.1 / image_loss 5.9 / reward_loss 0.1 / cont_loss 0.0 / kl_free 1.0 / dyn_scale 0.5 / rep_scale 0.1 / dyn_loss 16.5 / rep_loss 16.5 / kl 16.5 / prior_abs_ent 32.2 / post_abs_ent -26.6 / prior_obs_ent 12.6 / post_obs_ent -2.4 / boundary_ratio 0.0 / kl_mask 0.0 / normed_target_mean 0.6 / normed_target_std 0.3 / normed_target_min -0.2 / normed_target_max 1.1 / EMA_005 152.7 / EMA_095 955.9 / value_mean 626.2 / value_std 260.6 / value_min 16.5 / value_max 1009.1 / target_mean 628.5 / target_std 262.3 / target_min 22.6 / target_max 1053.8 / imag_reward_mean 1.6 / imag_reward_std 4.5 / imag_reward_min -0.0 / imag_reward_max 40.0 / imag_action_mean 7.4 / imag_action_std 5.2 / imag_action_min 0.0 / imag_action_max 17.0 / actor_entropy 0.3 / actor_loss 0.6 / actor_grad_norm 6.6 / value_loss 1.4 / value_grad_norm 1.5 / update_count 51736.0 / fps 12.2
add_video needs package moviepy
add_video needs package moviepy
[217168] 
Start evaluation.
[217168] eval_return 3132.0 / eval_length 1187.6 / eval_episodes 5.0
add_video needs package moviepy
Start training.
[217168] model_loss 15.5 / model_grad_norm 22.6 / image_loss 5.5 / reward_loss 0.1 / cont_loss 0.0 / kl_free 1.0 / dyn_scale 0.5 / rep_scale 0.1 / dyn_loss 16.4 / rep_loss 16.4 / kl 16.4 / prior_abs_ent 32.1 / post_abs_ent -26.7 / prior_obs_ent 11.5 / post_obs_ent -3.4 / boundary_ratio 0.0 / kl_mask 0.0 / normed_target_mean 0.6 / normed_target_std 0.3 / normed_target_min -0.2 / normed_target_max 1.1 / EMA_005 157.6 / EMA_095 958.7 / value_mean 638.2 / value_std 257.8 / value_min 11.7 / value_max 1010.7 / target_mean 640.4 / target_std 259.5 / target_min 14.4 / target_max 1055.2 / imag_reward_mean 1.7 / imag_reward_std 4.6 / imag_reward_min -0.0 / imag_reward_max 34.8 / imag_action_mean 7.5 / imag_action_std 5.1 / imag_action_min 0.0 / imag_action_max 17.0 / actor_entropy 0.3 / actor_loss 0.6 / actor_grad_norm 6.7 / value_loss 1.4 / value_grad_norm 1.4 / update_count 51892.0 / fps 12.7
add_video needs package moviepy
add_video needs package moviepy
[217792] 
Start evaluation.
[217792] eval_return 3334.0 / eval_length 1329.0 / eval_episodes 5.0
add_video needs package moviepy
Start training.
[217792] model_loss 15.5 / model_grad_norm 22.4 / image_loss 5.5 / reward_loss 0.1 / cont_loss 0.0 / kl_free 1.0 / dyn_scale 0.5 / rep_scale 0.1 / dyn_loss 16.5 / rep_loss 16.5 / kl 16.5 / prior_abs_ent 31.9 / post_abs_ent -26.8 / prior_obs_ent 10.8 / post_obs_ent -4.1 / boundary_ratio 0.0 / kl_mask 0.0 / normed_target_mean 0.6 / normed_target_std 0.3 / normed_target_min -0.2 / normed_target_max 1.1 / EMA_005 152.7 / EMA_095 961.7 / value_mean 632.3 / value_std 266.4 / value_min 9.6 / value_max 1011.1 / target_mean 634.5 / target_std 267.9 / target_min 11.2 / target_max 1055.2 / imag_reward_mean 1.8 / imag_reward_std 4.6 / imag_reward_min -0.0 / imag_reward_max 37.9 / imag_action_mean 7.7 / imag_action_std 5.2 / imag_action_min 0.0 / imag_action_max 17.0 / actor_entropy 0.3 / actor_loss 0.6 / actor_grad_norm 6.7 / value_loss 1.4 / value_grad_norm 1.4 / update_count 52048.0 / fps 12.1
add_video needs package moviepy
add_video needs package moviepy
[217984] dataset_size 54496.0 / train_return 3910.0 / train_length 1456.0 / train_episodes 41.0
[218416] 
Start evaluation.
[218416] eval_return 3056.0 / eval_length 1207.8 / eval_episodes 5.0
add_video needs package moviepy
Start training.
[218416] model_loss 15.7 / model_grad_norm 24.6 / image_loss 5.6 / reward_loss 0.1 / cont_loss 0.0 / kl_free 1.0 / dyn_scale 0.5 / rep_scale 0.1 / dyn_loss 16.7 / rep_loss 16.7 / kl 16.7 / prior_abs_ent 31.8 / post_abs_ent -26.7 / prior_obs_ent 11.2 / post_obs_ent -3.8 / boundary_ratio 0.0 / kl_mask 0.0 / normed_target_mean 0.6 / normed_target_std 0.3 / normed_target_min -0.2 / normed_target_max 1.1 / EMA_005 142.3 / EMA_095 963.0 / value_mean 628.4 / value_std 268.7 / value_min 11.3 / value_max 1012.2 / target_mean 630.6 / target_std 270.2 / target_min 12.5 / target_max 1054.4 / imag_reward_mean 1.7 / imag_reward_std 4.6 / imag_reward_min -0.0 / imag_reward_max 32.8 / imag_action_mean 7.9 / imag_action_std 5.2 / imag_action_min 0.0 / imag_action_max 17.0 / actor_entropy 0.3 / actor_loss 0.5 / actor_grad_norm 6.6 / value_loss 1.4 / value_grad_norm 1.5 / update_count 52204.0 / fps 12.5
add_video needs package moviepy
add_video needs package moviepy
[219040] 
Start evaluation.
[219040] eval_return 3672.0 / eval_length 1402.2 / eval_episodes 5.0
add_video needs package moviepy
Start training.
[219040] model_loss 15.5 / model_grad_norm 22.3 / image_loss 5.6 / reward_loss 0.1 / cont_loss 0.0 / kl_free 1.0 / dyn_scale 0.5 / rep_scale 0.1 / dyn_loss 16.4 / rep_loss 16.4 / kl 16.4 / prior_abs_ent 31.7 / post_abs_ent -26.6 / prior_obs_ent 11.0 / post_obs_ent -3.8 / boundary_ratio 0.0 / kl_mask 0.0 / normed_target_mean 0.6 / normed_target_std 0.3 / normed_target_min -0.2 / normed_target_max 1.1 / EMA_005 140.3 / EMA_095 961.1 / value_mean 619.7 / value_std 266.1 / value_min 9.0 / value_max 1010.1 / target_mean 621.7 / target_std 267.7 / target_min 12.5 / target_max 1054.5 / imag_reward_mean 1.7 / imag_reward_std 4.6 / imag_reward_min -0.0 / imag_reward_max 37.9 / imag_action_mean 7.7 / imag_action_std 5.2 / imag_action_min 0.0 / imag_action_max 17.0 / actor_entropy 0.3 / actor_loss 0.4 / actor_grad_norm 6.5 / value_loss 1.4 / value_grad_norm 1.6 / update_count 52360.0 / fps 12.1
add_video needs package moviepy
add_video needs package moviepy
[219664] 
Start evaluation.
[219664] eval_return 3222.0 / eval_length 1336.4 / eval_episodes 5.0
add_video needs package moviepy
Start training.
[219664] model_loss 15.7 / model_grad_norm 25.7 / image_loss 5.7 / reward_loss 0.1 / cont_loss 0.0 / kl_free 1.0 / dyn_scale 0.5 / rep_scale 0.1 / dyn_loss 16.7 / rep_loss 16.7 / kl 16.7 / prior_abs_ent 31.7 / post_abs_ent -26.6 / prior_obs_ent 10.6 / post_obs_ent -4.4 / boundary_ratio 0.0 / kl_mask 0.0 / normed_target_mean 0.6 / normed_target_std 0.3 / normed_target_min -0.2 / normed_target_max 1.1 / EMA_005 153.5 / EMA_095 961.9 / value_mean 623.2 / value_std 265.9 / value_min 9.0 / value_max 1011.1 / target_mean 625.3 / target_std 267.3 / target_min 11.7 / target_max 1052.2 / imag_reward_mean 1.7 / imag_reward_std 4.5 / imag_reward_min -0.0 / imag_reward_max 28.4 / imag_action_mean 7.8 / imag_action_std 5.2 / imag_action_min 0.0 / imag_action_max 17.0 / actor_entropy 0.3 / actor_loss 0.4 / actor_grad_norm 6.8 / value_loss 1.4 / value_grad_norm 1.6 / update_count 52516.0 / fps 12.2
add_video needs package moviepy
add_video needs package moviepy
[220288] 
Start evaluation.
[220288] eval_return 3504.0 / eval_length 1257.0 / eval_episodes 5.0
add_video needs package moviepy
Start training.
[220288] model_loss 15.6 / model_grad_norm 23.2 / image_loss 5.6 / reward_loss 0.1 / cont_loss 0.0 / kl_free 1.0 / dyn_scale 0.5 / rep_scale 0.1 / dyn_loss 16.5 / rep_loss 16.5 / kl 16.5 / prior_abs_ent 31.5 / post_abs_ent -26.8 / prior_obs_ent 11.1 / post_obs_ent -3.9 / boundary_ratio 0.0 / kl_mask 0.0 / normed_target_mean 0.6 / normed_target_std 0.3 / normed_target_min -0.2 / normed_target_max 1.1 / EMA_005 154.6 / EMA_095 965.9 / value_mean 640.8 / value_std 264.7 / value_min 14.4 / value_max 1013.3 / target_mean 642.8 / target_std 266.5 / target_min 17.8 / target_max 1055.8 / imag_reward_mean 1.8 / imag_reward_std 4.6 / imag_reward_min -0.0 / imag_reward_max 37.5 / imag_action_mean 7.8 / imag_action_std 5.2 / imag_action_min 0.0 / imag_action_max 17.0 / actor_entropy 0.3 / actor_loss 0.4 / actor_grad_norm 6.4 / value_loss 1.4 / value_grad_norm 1.5 / update_count 52672.0 / fps 12.3
add_video needs package moviepy
add_video needs package moviepy
[220912] 
Start evaluation.
[220912] eval_return 3506.0 / eval_length 1361.4 / eval_episodes 5.0
add_video needs package moviepy
Start training.
[220912] model_loss 15.6 / model_grad_norm 24.9 / image_loss 5.6 / reward_loss 0.1 / cont_loss 0.0 / kl_free 1.0 / dyn_scale 0.5 / rep_scale 0.1 / dyn_loss 16.6 / rep_loss 16.6 / kl 16.6 / prior_abs_ent 31.6 / post_abs_ent -26.6 / prior_obs_ent 11.0 / post_obs_ent -4.0 / boundary_ratio 0.0 / kl_mask 0.0 / normed_target_mean 0.6 / normed_target_std 0.3 / normed_target_min -0.2 / normed_target_max 1.1 / EMA_005 147.3 / EMA_095 967.5 / value_mean 623.4 / value_std 273.3 / value_min 7.5 / value_max 1013.8 / target_mean 625.6 / target_std 275.1 / target_min 10.3 / target_max 1055.3 / imag_reward_mean 1.7 / imag_reward_std 4.5 / imag_reward_min -0.0 / imag_reward_max 25.0 / imag_action_mean 7.8 / imag_action_std 5.2 / imag_action_min 0.0 / imag_action_max 17.0 / actor_entropy 0.4 / actor_loss 0.4 / actor_grad_norm 6.9 / value_loss 1.5 / value_grad_norm 1.6 / update_count 52828.0 / fps 12.2
add_video needs package moviepy
add_video needs package moviepy
[221536] 
Start evaluation.
[221536] eval_return 4008.0 / eval_length 1450.2 / eval_episodes 5.0
add_video needs package moviepy
Start training.
[221536] model_loss 15.6 / model_grad_norm 23.3 / image_loss 5.6 / reward_loss 0.1 / cont_loss 0.0 / kl_free 1.0 / dyn_scale 0.5 / rep_scale 0.1 / dyn_loss 16.6 / rep_loss 16.6 / kl 16.6 / prior_abs_ent 31.6 / post_abs_ent -26.6 / prior_obs_ent 10.6 / post_obs_ent -4.4 / boundary_ratio 0.0 / kl_mask 0.0 / normed_target_mean 0.6 / normed_target_std 0.3 / normed_target_min -0.1 / normed_target_max 1.1 / EMA_005 136.6 / EMA_095 966.4 / value_mean 630.6 / value_std 276.9 / value_min 8.8 / value_max 1011.7 / target_mean 632.9 / target_std 278.8 / target_min 12.2 / target_max 1055.0 / imag_reward_mean 1.8 / imag_reward_std 4.6 / imag_reward_min -0.0 / imag_reward_max 32.3 / imag_action_mean 7.8 / imag_action_std 5.2 / imag_action_min 0.0 / imag_action_max 17.0 / actor_entropy 0.3 / actor_loss 0.6 / actor_grad_norm 7.3 / value_loss 1.5 / value_grad_norm 1.5 / update_count 52984.0 / fps 11.9
add_video needs package moviepy
add_video needs package moviepy
[222160] 
Start evaluation.
[222160] eval_return 3178.0 / eval_length 1318.8 / eval_episodes 5.0
add_video needs package moviepy
Start training.
[222160] model_loss 15.7 / model_grad_norm 26.0 / image_loss 5.6 / reward_loss 0.1 / cont_loss 0.0 / kl_free 1.0 / dyn_scale 0.5 / rep_scale 0.1 / dyn_loss 16.7 / rep_loss 16.7 / kl 16.7 / prior_abs_ent 31.4 / post_abs_ent -26.5 / prior_obs_ent 10.7 / post_obs_ent -4.4 / boundary_ratio 0.0 / kl_mask 0.0 / normed_target_mean 0.6 / normed_target_std 0.3 / normed_target_min -0.1 / normed_target_max 1.1 / EMA_005 136.5 / EMA_095 967.9 / value_mean 626.6 / value_std 274.8 / value_min 9.1 / value_max 1013.7 / target_mean 628.5 / target_std 276.6 / target_min 13.2 / target_max 1056.3 / imag_reward_mean 1.8 / imag_reward_std 4.6 / imag_reward_min -0.0 / imag_reward_max 36.8 / imag_action_mean 7.9 / imag_action_std 5.1 / imag_action_min 0.0 / imag_action_max 17.0 / actor_entropy 0.4 / actor_loss 0.6 / actor_grad_norm 7.6 / value_loss 1.5 / value_grad_norm 1.6 / update_count 53140.0 / fps 12.1
add_video needs package moviepy
add_video needs package moviepy
[222336] dataset_size 55584.0 / train_return 2920.0 / train_length 1088.0 / train_episodes 42.0
[222784] 
Start evaluation.
[222784] eval_return 3864.0 / eval_length 1426.6 / eval_episodes 5.0
add_video needs package moviepy
Start training.
[222784] model_loss 15.5 / model_grad_norm 26.0 / image_loss 5.5 / reward_loss 0.1 / cont_loss 0.0 / kl_free 1.0 / dyn_scale 0.5 / rep_scale 0.1 / dyn_loss 16.5 / rep_loss 16.5 / kl 16.5 / prior_abs_ent 31.5 / post_abs_ent -26.7 / prior_obs_ent 10.9 / post_obs_ent -4.0 / boundary_ratio 0.0 / kl_mask 0.0 / normed_target_mean 0.6 / normed_target_std 0.3 / normed_target_min -0.1 / normed_target_max 1.1 / EMA_005 132.2 / EMA_095 969.4 / value_mean 615.2 / value_std 278.0 / value_min 7.6 / value_max 1014.6 / target_mean 617.4 / target_std 279.6 / target_min 9.4 / target_max 1057.6 / imag_reward_mean 1.7 / imag_reward_std 4.5 / imag_reward_min -0.0 / imag_reward_max 28.6 / imag_action_mean 8.1 / imag_action_std 5.0 / imag_action_min 0.0 / imag_action_max 17.0 / actor_entropy 0.4 / actor_loss 0.6 / actor_grad_norm 7.9 / value_loss 1.5 / value_grad_norm 1.6 / update_count 53296.0 / fps 11.8
add_video needs package moviepy
add_video needs package moviepy
[223408] 
Start evaluation.
[223408] eval_return 3478.0 / eval_length 1268.0 / eval_episodes 5.0
add_video needs package moviepy
Start training.
[223408] model_loss 15.6 / model_grad_norm 24.2 / image_loss 5.6 / reward_loss 0.1 / cont_loss 0.0 / kl_free 1.0 / dyn_scale 0.5 / rep_scale 0.1 / dyn_loss 16.6 / rep_loss 16.6 / kl 16.6 / prior_abs_ent 31.6 / post_abs_ent -26.6 / prior_obs_ent 10.8 / post_obs_ent -4.2 / boundary_ratio 0.0 / kl_mask 0.0 / normed_target_mean 0.6 / normed_target_std 0.3 / normed_target_min -0.1 / normed_target_max 1.1 / EMA_005 126.2 / EMA_095 969.6 / value_mean 615.5 / value_std 283.4 / value_min 8.5 / value_max 1014.2 / target_mean 617.4 / target_std 284.8 / target_min 12.5 / target_max 1055.6 / imag_reward_mean 1.7 / imag_reward_std 4.5 / imag_reward_min -0.0 / imag_reward_max 22.5 / imag_action_mean 8.6 / imag_action_std 4.9 / imag_action_min 0.0 / imag_action_max 17.0 / actor_entropy 0.4 / actor_loss 0.6 / actor_grad_norm 8.0 / value_loss 1.5 / value_grad_norm 1.6 / update_count 53452.0 / fps 12.2
add_video needs package moviepy
add_video needs package moviepy
[224032] 
Start evaluation.
[224032] eval_return 3756.0 / eval_length 1417.0 / eval_episodes 5.0
add_video needs package moviepy
Start training.
[224032] model_loss 15.6 / model_grad_norm 25.0 / image_loss 5.6 / reward_loss 0.1 / cont_loss 0.0 / kl_free 1.0 / dyn_scale 0.5 / rep_scale 0.1 / dyn_loss 16.6 / rep_loss 16.6 / kl 16.6 / prior_abs_ent 31.3 / post_abs_ent -26.7 / prior_obs_ent 11.1 / post_obs_ent -4.0 / boundary_ratio 0.0 / kl_mask 0.0 / normed_target_mean 0.6 / normed_target_std 0.3 / normed_target_min -0.1 / normed_target_max 1.1 / EMA_005 136.9 / EMA_095 972.2 / value_mean 626.0 / value_std 279.6 / value_min 8.4 / value_max 1015.3 / target_mean 628.5 / target_std 281.0 / target_min 14.1 / target_max 1057.6 / imag_reward_mean 1.7 / imag_reward_std 4.5 / imag_reward_min -0.0 / imag_reward_max 28.7 / imag_action_mean 8.6 / imag_action_std 4.8 / imag_action_min 0.0 / imag_action_max 17.0 / actor_entropy 0.4 / actor_loss 0.7 / actor_grad_norm 8.2 / value_loss 1.5 / value_grad_norm 1.6 / update_count 53608.0 / fps 12.0
add_video needs package moviepy
add_video needs package moviepy
[224656] 
Start evaluation.
[224656] eval_return 2982.0 / eval_length 1224.8 / eval_episodes 5.0
add_video needs package moviepy
Start training.
[224656] model_loss 15.7 / model_grad_norm 29.1 / image_loss 5.6 / reward_loss 0.1 / cont_loss 0.0 / kl_free 1.0 / dyn_scale 0.5 / rep_scale 0.1 / dyn_loss 16.7 / rep_loss 16.7 / kl 16.7 / prior_abs_ent 31.6 / post_abs_ent -26.6 / prior_obs_ent 11.2 / post_obs_ent -3.8 / boundary_ratio 0.0 / kl_mask 0.0 / normed_target_mean 0.6 / normed_target_std 0.3 / normed_target_min -0.2 / normed_target_max 1.1 / EMA_005 136.7 / EMA_095 973.7 / value_mean 617.4 / value_std 281.4 / value_min 7.0 / value_max 1014.4 / target_mean 620.3 / target_std 282.5 / target_min 9.9 / target_max 1059.3 / imag_reward_mean 1.8 / imag_reward_std 4.6 / imag_reward_min -0.0 / imag_reward_max 37.9 / imag_action_mean 8.5 / imag_action_std 4.8 / imag_action_min 0.0 / imag_action_max 17.0 / actor_entropy 0.4 / actor_loss 0.8 / actor_grad_norm 7.9 / value_loss 1.5 / value_grad_norm 1.6 / update_count 53764.0 / fps 12.5
add_video needs package moviepy
add_video needs package moviepy
[225280] 
Start evaluation.
[225280] eval_return 2936.0 / eval_length 1293.2 / eval_episodes 5.0
add_video needs package moviepy
Start training.
[225280] model_loss 15.6 / model_grad_norm 26.9 / image_loss 5.6 / reward_loss 0.1 / cont_loss 0.0 / kl_free 1.0 / dyn_scale 0.5 / rep_scale 0.1 / dyn_loss 16.6 / rep_loss 16.6 / kl 16.6 / prior_abs_ent 31.7 / post_abs_ent -26.5 / prior_obs_ent 11.3 / post_obs_ent -3.8 / boundary_ratio 0.0 / kl_mask 0.0 / normed_target_mean 0.6 / normed_target_std 0.3 / normed_target_min -0.1 / normed_target_max 1.1 / EMA_005 132.4 / EMA_095 972.5 / value_mean 629.7 / value_std 281.4 / value_min 10.8 / value_max 1014.7 / target_mean 632.5 / target_std 282.5 / target_min 15.3 / target_max 1056.8 / imag_reward_mean 1.7 / imag_reward_std 4.5 / imag_reward_min -0.0 / imag_reward_max 22.5 / imag_action_mean 8.6 / imag_action_std 4.8 / imag_action_min 0.0 / imag_action_max 17.0 / actor_entropy 0.3 / actor_loss 0.7 / actor_grad_norm 7.5 / value_loss 1.4 / value_grad_norm 1.6 / update_count 53920.0 / fps 12.3
add_video needs package moviepy
add_video needs package moviepy
[225904] 
Start evaluation.
[225904] eval_return 3364.0 / eval_length 1381.4 / eval_episodes 5.0
add_video needs package moviepy
Start training.
[225904] model_loss 15.7 / model_grad_norm 26.3 / image_loss 5.6 / reward_loss 0.1 / cont_loss 0.0 / kl_free 1.0 / dyn_scale 0.5 / rep_scale 0.1 / dyn_loss 16.7 / rep_loss 16.7 / kl 16.7 / prior_abs_ent 31.4 / post_abs_ent -26.5 / prior_obs_ent 11.3 / post_obs_ent -3.8 / boundary_ratio 0.0 / kl_mask 0.0 / normed_target_mean 0.6 / normed_target_std 0.3 / normed_target_min -0.1 / normed_target_max 1.1 / EMA_005 136.5 / EMA_095 976.0 / value_mean 633.4 / value_std 281.8 / value_min 14.7 / value_max 1015.5 / target_mean 636.3 / target_std 282.9 / target_min 19.0 / target_max 1058.1 / imag_reward_mean 1.8 / imag_reward_std 4.6 / imag_reward_min -0.0 / imag_reward_max 22.7 / imag_action_mean 8.7 / imag_action_std 4.8 / imag_action_min 0.0 / imag_action_max 17.0 / actor_entropy 0.3 / actor_loss 0.7 / actor_grad_norm 7.4 / value_loss 1.4 / value_grad_norm 1.6 / update_count 54076.0 / fps 12.0
add_video needs package moviepy
add_video needs package moviepy
[226528] 
Start evaluation.
[226528] eval_return 3322.0 / eval_length 1401.8 / eval_episodes 5.0
add_video needs package moviepy
Start training.
[226528] model_loss 15.7 / model_grad_norm 23.7 / image_loss 5.6 / reward_loss 0.1 / cont_loss 0.0 / kl_free 1.0 / dyn_scale 0.5 / rep_scale 0.1 / dyn_loss 16.8 / rep_loss 16.8 / kl 16.8 / prior_abs_ent 31.4 / post_abs_ent -26.5 / prior_obs_ent 11.1 / post_obs_ent -4.1 / boundary_ratio 0.0 / kl_mask 0.0 / normed_target_mean 0.6 / normed_target_std 0.3 / normed_target_min -0.1 / normed_target_max 1.1 / EMA_005 137.6 / EMA_095 976.1 / value_mean 629.3 / value_std 279.3 / value_min 10.9 / value_max 1014.6 / target_mean 632.0 / target_std 280.2 / target_min 13.5 / target_max 1060.1 / imag_reward_mean 1.7 / imag_reward_std 4.6 / imag_reward_min -0.0 / imag_reward_max 32.4 / imag_action_mean 8.7 / imag_action_std 4.8 / imag_action_min 0.0 / imag_action_max 17.0 / actor_entropy 0.3 / actor_loss 0.7 / actor_grad_norm 7.6 / value_loss 1.4 / value_grad_norm 1.6 / update_count 54232.0 / fps 12.0
add_video needs package moviepy
add_video needs package moviepy
[226704] dataset_size 56676.0 / train_return 2020.0 / train_length 1092.0 / train_episodes 43.0
[227152] 
Start evaluation.
[227152] eval_return 2916.0 / eval_length 1188.0 / eval_episodes 5.0
add_video needs package moviepy
Start training.
[227152] model_loss 15.7 / model_grad_norm 25.3 / image_loss 5.6 / reward_loss 0.1 / cont_loss 0.0 / kl_free 1.0 / dyn_scale 0.5 / rep_scale 0.1 / dyn_loss 16.8 / rep_loss 16.8 / kl 16.8 / prior_abs_ent 31.7 / post_abs_ent -26.6 / prior_obs_ent 11.2 / post_obs_ent -3.9 / boundary_ratio 0.0 / kl_mask 0.0 / normed_target_mean 0.6 / normed_target_std 0.3 / normed_target_min -0.1 / normed_target_max 1.1 / EMA_005 129.6 / EMA_095 975.5 / value_mean 627.9 / value_std 285.7 / value_min 9.0 / value_max 1015.3 / target_mean 630.2 / target_std 286.9 / target_min 14.2 / target_max 1061.2 / imag_reward_mean 1.7 / imag_reward_std 4.6 / imag_reward_min -0.0 / imag_reward_max 32.1 / imag_action_mean 8.8 / imag_action_std 4.8 / imag_action_min 0.0 / imag_action_max 17.0 / actor_entropy 0.3 / actor_loss 0.5 / actor_grad_norm 7.3 / value_loss 1.5 / value_grad_norm 1.6 / update_count 54388.0 / fps 12.6
add_video needs package moviepy
add_video needs package moviepy
[227776] 
Start evaluation.
[227776] eval_return 3410.0 / eval_length 1310.2 / eval_episodes 5.0
add_video needs package moviepy
Start training.
[227776] model_loss 15.6 / model_grad_norm 24.9 / image_loss 5.5 / reward_loss 0.1 / cont_loss 0.0 / kl_free 1.0 / dyn_scale 0.5 / rep_scale 0.1 / dyn_loss 16.7 / rep_loss 16.7 / kl 16.7 / prior_abs_ent 31.4 / post_abs_ent -26.5 / prior_obs_ent 10.8 / post_obs_ent -4.3 / boundary_ratio 0.0 / kl_mask 0.0 / normed_target_mean 0.6 / normed_target_std 0.3 / normed_target_min -0.1 / normed_target_max 1.1 / EMA_005 125.9 / EMA_095 978.5 / value_mean 626.5 / value_std 286.7 / value_min 10.0 / value_max 1016.6 / target_mean 629.0 / target_std 288.0 / target_min 10.7 / target_max 1060.4 / imag_reward_mean 1.7 / imag_reward_std 4.5 / imag_reward_min -0.0 / imag_reward_max 25.4 / imag_action_mean 8.7 / imag_action_std 4.8 / imag_action_min 0.0 / imag_action_max 17.0 / actor_entropy 0.3 / actor_loss 0.6 / actor_grad_norm 7.1 / value_loss 1.5 / value_grad_norm 1.5 / update_count 54544.0 / fps 12.1
add_video needs package moviepy
add_video needs package moviepy
[228400] 
Start evaluation.
[228400] eval_return 3478.0 / eval_length 1300.6 / eval_episodes 5.0
add_video needs package moviepy
Start training.
[228400] model_loss 15.6 / model_grad_norm 25.3 / image_loss 5.5 / reward_loss 0.1 / cont_loss 0.0 / kl_free 1.0 / dyn_scale 0.5 / rep_scale 0.1 / dyn_loss 16.7 / rep_loss 16.7 / kl 16.7 / prior_abs_ent 31.6 / post_abs_ent -26.6 / prior_obs_ent 11.3 / post_obs_ent -3.8 / boundary_ratio 0.0 / kl_mask 0.0 / normed_target_mean 0.6 / normed_target_std 0.3 / normed_target_min -0.1 / normed_target_max 1.1 / EMA_005 123.5 / EMA_095 977.3 / value_mean 622.3 / value_std 286.3 / value_min 8.0 / value_max 1015.7 / target_mean 624.6 / target_std 287.4 / target_min 12.7 / target_max 1059.4 / imag_reward_mean 1.7 / imag_reward_std 4.5 / imag_reward_min -0.0 / imag_reward_max 25.5 / imag_action_mean 8.6 / imag_action_std 4.8 / imag_action_min 0.0 / imag_action_max 17.0 / actor_entropy 0.3 / actor_loss 0.5 / actor_grad_norm 7.3 / value_loss 1.5 / value_grad_norm 1.6 / update_count 54700.0 / fps 12.4
add_video needs package moviepy
add_video needs package moviepy
[229024] 
Start evaluation.
[229024] eval_return 3342.0 / eval_length 1351.2 / eval_episodes 5.0
add_video needs package moviepy
Start training.
[229024] model_loss 15.5 / model_grad_norm 25.5 / image_loss 5.5 / reward_loss 0.1 / cont_loss 0.0 / kl_free 1.0 / dyn_scale 0.5 / rep_scale 0.1 / dyn_loss 16.5 / rep_loss 16.5 / kl 16.5 / prior_abs_ent 31.4 / post_abs_ent -26.4 / prior_obs_ent 11.3 / post_obs_ent -3.6 / boundary_ratio 0.0 / kl_mask 0.0 / normed_target_mean 0.6 / normed_target_std 0.3 / normed_target_min -0.1 / normed_target_max 1.1 / EMA_005 125.2 / EMA_095 977.9 / value_mean 617.2 / value_std 287.0 / value_min 10.9 / value_max 1015.1 / target_mean 619.8 / target_std 288.1 / target_min 13.8 / target_max 1062.5 / imag_reward_mean 1.7 / imag_reward_std 4.5 / imag_reward_min -0.0 / imag_reward_max 37.8 / imag_action_mean 8.7 / imag_action_std 4.8 / imag_action_min 0.0 / imag_action_max 17.0 / actor_entropy 0.3 / actor_loss 0.6 / actor_grad_norm 7.4 / value_loss 1.4 / value_grad_norm 1.7 / update_count 54856.0 / fps 12.2
add_video needs package moviepy
add_video needs package moviepy
[229648] 
Start evaluation.
[229648] eval_return 3812.0 / eval_length 1381.6 / eval_episodes 5.0
add_video needs package moviepy
Start training.
[229648] model_loss 15.7 / model_grad_norm 25.2 / image_loss 5.6 / reward_loss 0.1 / cont_loss 0.0 / kl_free 1.0 / dyn_scale 0.5 / rep_scale 0.1 / dyn_loss 16.7 / rep_loss 16.7 / kl 16.7 / prior_abs_ent 31.7 / post_abs_ent -26.4 / prior_obs_ent 11.5 / post_obs_ent -3.6 / boundary_ratio 0.0 / kl_mask 0.0 / normed_target_mean 0.6 / normed_target_std 0.3 / normed_target_min -0.1 / normed_target_max 1.1 / EMA_005 123.5 / EMA_095 978.9 / value_mean 620.9 / value_std 288.8 / value_min 9.2 / value_max 1018.6 / target_mean 623.3 / target_std 289.9 / target_min 10.8 / target_max 1063.4 / imag_reward_mean 1.7 / imag_reward_std 4.5 / imag_reward_min -0.0 / imag_reward_max 26.8 / imag_action_mean 8.7 / imag_action_std 4.8 / imag_action_min 0.0 / imag_action_max 17.0 / actor_entropy 0.3 / actor_loss 0.5 / actor_grad_norm 7.3 / value_loss 1.5 / value_grad_norm 1.7 / update_count 55012.0 / fps 12.1
add_video needs package moviepy
add_video needs package moviepy
[230272] 
Start evaluation.
[230272] eval_return 3718.0 / eval_length 1427.8 / eval_episodes 5.0
add_video needs package moviepy
Start training.
[230272] model_loss 15.8 / model_grad_norm 25.2 / image_loss 5.6 / reward_loss 0.1 / cont_loss 0.0 / kl_free 1.0 / dyn_scale 0.5 / rep_scale 0.1 / dyn_loss 16.8 / rep_loss 16.8 / kl 16.8 / prior_abs_ent 31.5 / post_abs_ent -26.4 / prior_obs_ent 11.4 / post_obs_ent -3.8 / boundary_ratio 0.0 / kl_mask 0.0 / normed_target_mean 0.6 / normed_target_std 0.3 / normed_target_min -0.1 / normed_target_max 1.1 / EMA_005 126.0 / EMA_095 980.5 / value_mean 626.1 / value_std 287.8 / value_min 11.1 / value_max 1017.7 / target_mean 628.8 / target_std 288.8 / target_min 13.4 / target_max 1068.2 / imag_reward_mean 1.7 / imag_reward_std 4.6 / imag_reward_min -0.0 / imag_reward_max 44.6 / imag_action_mean 8.8 / imag_action_std 4.8 / imag_action_min 0.0 / imag_action_max 17.0 / actor_entropy 0.3 / actor_loss 0.7 / actor_grad_norm 7.3 / value_loss 1.5 / value_grad_norm 1.6 / update_count 55168.0 / fps 12.0
add_video needs package moviepy
add_video needs package moviepy
[230896] 
Start evaluation.
[230896] eval_return 3152.0 / eval_length 1448.0 / eval_episodes 5.0
add_video needs package moviepy
Start training.
[230896] model_loss 15.8 / model_grad_norm 25.8 / image_loss 5.6 / reward_loss 0.1 / cont_loss 0.0 / kl_free 1.0 / dyn_scale 0.5 / rep_scale 0.1 / dyn_loss 16.9 / rep_loss 16.9 / kl 16.9 / prior_abs_ent 31.9 / post_abs_ent -26.6 / prior_obs_ent 11.3 / post_obs_ent -4.0 / boundary_ratio 0.0 / kl_mask 0.0 / normed_target_mean 0.6 / normed_target_std 0.3 / normed_target_min -0.1 / normed_target_max 1.1 / EMA_005 131.9 / EMA_095 981.8 / value_mean 634.0 / value_std 284.4 / value_min 9.2 / value_max 1017.5 / target_mean 636.5 / target_std 285.0 / target_min 12.6 / target_max 1064.9 / imag_reward_mean 1.8 / imag_reward_std 4.6 / imag_reward_min -0.0 / imag_reward_max 26.2 / imag_action_mean 8.7 / imag_action_std 4.8 / imag_action_min 0.0 / imag_action_max 17.0 / actor_entropy 0.3 / actor_loss 0.7 / actor_grad_norm 7.2 / value_loss 1.5 / value_grad_norm 1.6 / update_count 55324.0 / fps 12.0
add_video needs package moviepy
add_video needs package moviepy
[231520] 
Start evaluation.
[231520] eval_return 3166.0 / eval_length 1377.6 / eval_episodes 5.0
add_video needs package moviepy
Start training.
[231520] model_loss 15.6 / model_grad_norm 24.7 / image_loss 5.5 / reward_loss 0.1 / cont_loss 0.0 / kl_free 1.0 / dyn_scale 0.5 / rep_scale 0.1 / dyn_loss 16.7 / rep_loss 16.7 / kl 16.7 / prior_abs_ent 31.7 / post_abs_ent -26.5 / prior_obs_ent 11.1 / post_obs_ent -4.0 / boundary_ratio 0.0 / kl_mask 0.0 / normed_target_mean 0.6 / normed_target_std 0.3 / normed_target_min -0.1 / normed_target_max 1.1 / EMA_005 138.1 / EMA_095 982.7 / value_mean 635.2 / value_std 282.8 / value_min 15.7 / value_max 1019.0 / target_mean 638.2 / target_std 283.6 / target_min 17.7 / target_max 1066.5 / imag_reward_mean 1.8 / imag_reward_std 4.6 / imag_reward_min -0.0 / imag_reward_max 28.6 / imag_action_mean 8.7 / imag_action_std 4.8 / imag_action_min 0.0 / imag_action_max 17.0 / actor_entropy 0.3 / actor_loss 0.7 / actor_grad_norm 7.1 / value_loss 1.4 / value_grad_norm 1.6 / update_count 55480.0 / fps 12.1
add_video needs package moviepy
add_video needs package moviepy
[232144] 
Start evaluation.
[232144] eval_return 3254.0 / eval_length 1338.0 / eval_episodes 5.0
add_video needs package moviepy
Start training.
[232144] model_loss 16.2 / model_grad_norm 34.6 / image_loss 5.7 / reward_loss 0.1 / cont_loss 0.0 / kl_free 1.0 / dyn_scale 0.5 / rep_scale 0.1 / dyn_loss 17.2 / rep_loss 17.2 / kl 17.2 / prior_abs_ent 31.5 / post_abs_ent -26.6 / prior_obs_ent 12.6 / post_obs_ent -3.0 / boundary_ratio 0.0 / kl_mask 0.0 / normed_target_mean 0.6 / normed_target_std 0.3 / normed_target_min -0.1 / normed_target_max 1.1 / EMA_005 143.3 / EMA_095 985.2 / value_mean 642.8 / value_std 281.9 / value_min 13.8 / value_max 1021.5 / target_mean 645.1 / target_std 282.7 / target_min 18.1 / target_max 1072.7 / imag_reward_mean 1.8 / imag_reward_std 4.6 / imag_reward_min -0.0 / imag_reward_max 36.9 / imag_action_mean 8.8 / imag_action_std 4.8 / imag_action_min 0.0 / imag_action_max 17.0 / actor_entropy 0.3 / actor_loss 0.5 / actor_grad_norm 7.2 / value_loss 1.4 / value_grad_norm 1.5 / update_count 55636.0 / fps 12.2
add_video needs package moviepy
add_video needs package moviepy
[232576] dataset_size 58144.0 / train_return 3510.0 / train_length 1468.0 / train_episodes 44.0
[232768] 
Start evaluation.
[232768] eval_return 3112.0 / eval_length 1252.6 / eval_episodes 5.0
add_video needs package moviepy
Start training.
[232768] model_loss 15.6 / model_grad_norm 22.4 / image_loss 5.5 / reward_loss 0.1 / cont_loss 0.0 / kl_free 1.0 / dyn_scale 0.5 / rep_scale 0.1 / dyn_loss 16.7 / rep_loss 16.7 / kl 16.7 / prior_abs_ent 31.1 / post_abs_ent -26.7 / prior_obs_ent 11.0 / post_obs_ent -4.2 / boundary_ratio 0.0 / kl_mask 0.0 / normed_target_mean 0.6 / normed_target_std 0.3 / normed_target_min -0.2 / normed_target_max 1.1 / EMA_005 147.1 / EMA_095 988.9 / value_mean 641.2 / value_std 281.9 / value_min 17.0 / value_max 1021.5 / target_mean 643.3 / target_std 283.1 / target_min 18.8 / target_max 1076.8 / imag_reward_mean 1.8 / imag_reward_std 4.6 / imag_reward_min -0.0 / imag_reward_max 35.2 / imag_action_mean 8.7 / imag_action_std 4.8 / imag_action_min 0.0 / imag_action_max 17.0 / actor_entropy 0.3 / actor_loss 0.4 / actor_grad_norm 6.6 / value_loss 1.4 / value_grad_norm 1.5 / update_count 55792.0 / fps 12.4
add_video needs package moviepy
add_video needs package moviepy
[233392] 
Start evaluation.
[233392] eval_return 3152.0 / eval_length 1247.8 / eval_episodes 5.0
add_video needs package moviepy
Start training.
[233392] model_loss 15.5 / model_grad_norm 26.8 / image_loss 5.5 / reward_loss 0.1 / cont_loss 0.0 / kl_free 1.0 / dyn_scale 0.5 / rep_scale 0.1 / dyn_loss 16.6 / rep_loss 16.6 / kl 16.6 / prior_abs_ent 31.4 / post_abs_ent -26.5 / prior_obs_ent 10.8 / post_obs_ent -4.2 / boundary_ratio 0.0 / kl_mask 0.0 / normed_target_mean 0.6 / normed_target_std 0.3 / normed_target_min -0.1 / normed_target_max 1.1 / EMA_005 135.4 / EMA_095 987.4 / value_mean 627.5 / value_std 290.6 / value_min 9.4 / value_max 1021.0 / target_mean 629.8 / target_std 291.3 / target_min 11.6 / target_max 1071.1 / imag_reward_mean 1.7 / imag_reward_std 4.5 / imag_reward_min -0.0 / imag_reward_max 35.6 / imag_action_mean 8.6 / imag_action_std 4.8 / imag_action_min 0.0 / imag_action_max 17.0 / actor_entropy 0.3 / actor_loss 0.5 / actor_grad_norm 7.0 / value_loss 1.4 / value_grad_norm 1.6 / update_count 55948.0 / fps 12.4
add_video needs package moviepy
add_video needs package moviepy
[234016] 
Start evaluation.
[234016] eval_return 2822.0 / eval_length 1219.0 / eval_episodes 5.0
add_video needs package moviepy
Start training.
[234016] model_loss 15.6 / model_grad_norm 26.0 / image_loss 5.5 / reward_loss 0.1 / cont_loss 0.0 / kl_free 1.0 / dyn_scale 0.5 / rep_scale 0.1 / dyn_loss 16.7 / rep_loss 16.7 / kl 16.7 / prior_abs_ent 31.2 / post_abs_ent -26.7 / prior_obs_ent 11.0 / post_obs_ent -4.1 / boundary_ratio 0.0 / kl_mask 0.0 / normed_target_mean 0.6 / normed_target_std 0.3 / normed_target_min -0.2 / normed_target_max 1.1 / EMA_005 148.5 / EMA_095 987.8 / value_mean 642.2 / value_std 277.8 / value_min 16.8 / value_max 1021.9 / target_mean 644.5 / target_std 278.9 / target_min 19.8 / target_max 1067.0 / imag_reward_mean 1.8 / imag_reward_std 4.6 / imag_reward_min -0.0 / imag_reward_max 29.1 / imag_action_mean 8.6 / imag_action_std 4.8 / imag_action_min 0.0 / imag_action_max 17.0 / actor_entropy 0.3 / actor_loss 0.5 / actor_grad_norm 6.9 / value_loss 1.4 / value_grad_norm 1.5 / update_count 56104.0 / fps 12.5
add_video needs package moviepy
add_video needs package moviepy
[234640] 
Start evaluation.
[234640] eval_return 3760.0 / eval_length 1418.6 / eval_episodes 5.0
add_video needs package moviepy
Start training.
[234640] model_loss 15.5 / model_grad_norm 26.8 / image_loss 5.5 / reward_loss 0.1 / cont_loss 0.0 / kl_free 1.0 / dyn_scale 0.5 / rep_scale 0.1 / dyn_loss 16.6 / rep_loss 16.6 / kl 16.6 / prior_abs_ent 31.4 / post_abs_ent -26.6 / prior_obs_ent 10.9 / post_obs_ent -4.1 / boundary_ratio 0.0 / kl_mask 0.0 / normed_target_mean 0.6 / normed_target_std 0.3 / normed_target_min -0.1 / normed_target_max 1.1 / EMA_005 132.5 / EMA_095 988.2 / value_mean 633.5 / value_std 290.2 / value_min 11.2 / value_max 1022.9 / target_mean 635.7 / target_std 291.1 / target_min 13.6 / target_max 1069.8 / imag_reward_mean 1.7 / imag_reward_std 4.6 / imag_reward_min -0.0 / imag_reward_max 31.7 / imag_action_mean 8.4 / imag_action_std 4.8 / imag_action_min 0.0 / imag_action_max 17.0 / actor_entropy 0.3 / actor_loss 0.5 / actor_grad_norm 6.9 / value_loss 1.4 / value_grad_norm 1.5 / update_count 56260.0 / fps 11.9
add_video needs package moviepy
add_video needs package moviepy
[235264] 
Start evaluation.
[235264] eval_return 3106.0 / eval_length 1260.4 / eval_episodes 5.0
add_video needs package moviepy
Start training.
[235264] model_loss 15.5 / model_grad_norm 25.3 / image_loss 5.5 / reward_loss 0.1 / cont_loss 0.0 / kl_free 1.0 / dyn_scale 0.5 / rep_scale 0.1 / dyn_loss 16.6 / rep_loss 16.6 / kl 16.6 / prior_abs_ent 31.4 / post_abs_ent -26.5 / prior_obs_ent 10.7 / post_obs_ent -4.3 / boundary_ratio 0.0 / kl_mask 0.0 / normed_target_mean 0.6 / normed_target_std 0.3 / normed_target_min -0.1 / normed_target_max 1.1 / EMA_005 136.6 / EMA_095 986.9 / value_mean 640.2 / value_std 281.5 / value_min 12.8 / value_max 1022.7 / target_mean 642.1 / target_std 282.3 / target_min 15.2 / target_max 1070.2 / imag_reward_mean 1.7 / imag_reward_std 4.6 / imag_reward_min -0.0 / imag_reward_max 32.3 / imag_action_mean 8.7 / imag_action_std 4.7 / imag_action_min 0.0 / imag_action_max 17.0 / actor_entropy 0.3 / actor_loss 0.5 / actor_grad_norm 6.7 / value_loss 1.4 / value_grad_norm 1.5 / update_count 56416.0 / fps 12.5
add_video needs package moviepy
add_video needs package moviepy
[235888] 
Start evaluation.
[235888] eval_return 3288.0 / eval_length 1349.8 / eval_episodes 5.0
add_video needs package moviepy
Start training.
[235888] model_loss 15.4 / model_grad_norm 23.9 / image_loss 5.4 / reward_loss 0.1 / cont_loss 0.0 / kl_free 1.0 / dyn_scale 0.5 / rep_scale 0.1 / dyn_loss 16.6 / rep_loss 16.6 / kl 16.6 / prior_abs_ent 31.2 / post_abs_ent -26.6 / prior_obs_ent 10.6 / post_obs_ent -4.4 / boundary_ratio 0.0 / kl_mask 0.0 / normed_target_mean 0.6 / normed_target_std 0.3 / normed_target_min -0.1 / normed_target_max 1.1 / EMA_005 140.6 / EMA_095 990.0 / value_mean 643.4 / value_std 284.1 / value_min 14.0 / value_max 1026.2 / target_mean 645.8 / target_std 285.2 / target_min 17.0 / target_max 1073.4 / imag_reward_mean 1.7 / imag_reward_std 4.6 / imag_reward_min -0.0 / imag_reward_max 31.3 / imag_action_mean 8.6 / imag_action_std 4.8 / imag_action_min 0.0 / imag_action_max 17.0 / actor_entropy 0.3 / actor_loss 0.6 / actor_grad_norm 6.8 / value_loss 1.4 / value_grad_norm 1.6 / update_count 56572.0 / fps 12.3
add_video needs package moviepy
add_video needs package moviepy
[236512] 
Start evaluation.
[236512] eval_return 3040.0 / eval_length 1240.8 / eval_episodes 5.0
add_video needs package moviepy
Start training.
[236512] model_loss 15.7 / model_grad_norm 25.3 / image_loss 5.5 / reward_loss 0.1 / cont_loss 0.0 / kl_free 1.0 / dyn_scale 0.5 / rep_scale 0.1 / dyn_loss 16.8 / rep_loss 16.8 / kl 16.8 / prior_abs_ent 31.5 / post_abs_ent -26.6 / prior_obs_ent 10.9 / post_obs_ent -4.3 / boundary_ratio 0.0 / kl_mask 0.0 / normed_target_mean 0.6 / normed_target_std 0.3 / normed_target_min -0.1 / normed_target_max 1.1 / EMA_005 141.9 / EMA_095 989.2 / value_mean 643.1 / value_std 279.2 / value_min 15.0 / value_max 1026.6 / target_mean 645.3 / target_std 280.3 / target_min 18.5 / target_max 1069.9 / imag_reward_mean 1.7 / imag_reward_std 4.6 / imag_reward_min -0.0 / imag_reward_max 35.5 / imag_action_mean 8.7 / imag_action_std 4.7 / imag_action_min 0.0 / imag_action_max 17.0 / actor_entropy 0.3 / actor_loss 0.5 / actor_grad_norm 7.0 / value_loss 1.4 / value_grad_norm 1.6 / update_count 56728.0 / fps 12.4
add_video needs package moviepy
add_video needs package moviepy
[236948] dataset_size 59237.0 / train_return 2680.0 / train_length 1093.0 / train_episodes 45.0
[237136] 
Start evaluation.
[237136] eval_return 3548.0 / eval_length 1352.2 / eval_episodes 5.0
add_video needs package moviepy
Start training.
[237136] model_loss 15.7 / model_grad_norm 28.4 / image_loss 5.5 / reward_loss 0.1 / cont_loss 0.0 / kl_free 1.0 / dyn_scale 0.5 / rep_scale 0.1 / dyn_loss 16.9 / rep_loss 16.9 / kl 16.9 / prior_abs_ent 31.2 / post_abs_ent -26.5 / prior_obs_ent 10.8 / post_obs_ent -4.4 / boundary_ratio 0.0 / kl_mask 0.0 / normed_target_mean 0.6 / normed_target_std 0.3 / normed_target_min -0.1 / normed_target_max 1.1 / EMA_005 139.0 / EMA_095 989.7 / value_mean 645.0 / value_std 284.6 / value_min 10.0 / value_max 1026.9 / target_mean 646.9 / target_std 285.6 / target_min 13.8 / target_max 1069.3 / imag_reward_mean 1.8 / imag_reward_std 4.6 / imag_reward_min -0.0 / imag_reward_max 28.3 / imag_action_mean 8.8 / imag_action_std 4.7 / imag_action_min 0.0 / imag_action_max 17.0 / actor_entropy 0.3 / actor_loss 0.4 / actor_grad_norm 6.9 / value_loss 1.4 / value_grad_norm 1.5 / update_count 56884.0 / fps 12.1
add_video needs package moviepy
add_video needs package moviepy
[237760] 
Start evaluation.
[237760] eval_return 3478.0 / eval_length 1369.4 / eval_episodes 5.0
add_video needs package moviepy
Start training.
[237760] model_loss 15.6 / model_grad_norm 24.7 / image_loss 5.5 / reward_loss 0.1 / cont_loss 0.0 / kl_free 1.0 / dyn_scale 0.5 / rep_scale 0.1 / dyn_loss 16.6 / rep_loss 16.6 / kl 16.6 / prior_abs_ent 31.2 / post_abs_ent -26.5 / prior_obs_ent 10.7 / post_obs_ent -4.4 / boundary_ratio 0.0 / kl_mask 0.0 / normed_target_mean 0.6 / normed_target_std 0.3 / normed_target_min -0.1 / normed_target_max 1.1 / EMA_005 135.4 / EMA_095 989.1 / value_mean 641.8 / value_std 285.9 / value_min 12.7 / value_max 1031.5 / target_mean 643.9 / target_std 286.9 / target_min 14.2 / target_max 1072.9 / imag_reward_mean 1.7 / imag_reward_std 4.6 / imag_reward_min -0.0 / imag_reward_max 29.0 / imag_action_mean 8.8 / imag_action_std 4.7 / imag_action_min 0.0 / imag_action_max 17.0 / actor_entropy 0.3 / actor_loss 0.4 / actor_grad_norm 6.8 / value_loss 1.4 / value_grad_norm 1.4 / update_count 57040.0 / fps 12.1
add_video needs package moviepy
add_video needs package moviepy
[238384] 
Start evaluation.
[238384] eval_return 2972.0 / eval_length 1382.6 / eval_episodes 5.0
add_video needs package moviepy
Start training.
[238384] model_loss 15.5 / model_grad_norm 25.5 / image_loss 5.4 / reward_loss 0.1 / cont_loss 0.0 / kl_free 1.0 / dyn_scale 0.5 / rep_scale 0.1 / dyn_loss 16.7 / rep_loss 16.7 / kl 16.7 / prior_abs_ent 31.5 / post_abs_ent -26.7 / prior_obs_ent 10.2 / post_obs_ent -4.9 / boundary_ratio 0.0 / kl_mask 0.0 / normed_target_mean 0.6 / normed_target_std 0.3 / normed_target_min -0.1 / normed_target_max 1.1 / EMA_005 137.2 / EMA_095 991.0 / value_mean 639.3 / value_std 286.3 / value_min 12.8 / value_max 1030.1 / target_mean 641.2 / target_std 287.3 / target_min 14.5 / target_max 1070.9 / imag_reward_mean 1.7 / imag_reward_std 4.5 / imag_reward_min -0.0 / imag_reward_max 25.7 / imag_action_mean 8.6 / imag_action_std 4.8 / imag_action_min 0.0 / imag_action_max 17.0 / actor_entropy 0.3 / actor_loss 0.4 / actor_grad_norm 6.7 / value_loss 1.4 / value_grad_norm 1.5 / update_count 57196.0 / fps 12.2
add_video needs package moviepy
add_video needs package moviepy
[239008] 
Start evaluation.
[239008] eval_return 3386.0 / eval_length 1311.6 / eval_episodes 5.0
add_video needs package moviepy
Start training.
[239008] model_loss 15.6 / model_grad_norm 27.3 / image_loss 5.5 / reward_loss 0.1 / cont_loss 0.0 / kl_free 1.0 / dyn_scale 0.5 / rep_scale 0.1 / dyn_loss 16.6 / rep_loss 16.6 / kl 16.6 / prior_abs_ent 31.6 / post_abs_ent -26.4 / prior_obs_ent 11.0 / post_obs_ent -4.1 / boundary_ratio 0.0 / kl_mask 0.0 / normed_target_mean 0.6 / normed_target_std 0.3 / normed_target_min -0.1 / normed_target_max 1.1 / EMA_005 132.5 / EMA_095 991.0 / value_mean 634.4 / value_std 284.4 / value_min 11.5 / value_max 1028.8 / target_mean 636.9 / target_std 285.3 / target_min 14.1 / target_max 1071.0 / imag_reward_mean 1.7 / imag_reward_std 4.5 / imag_reward_min -0.0 / imag_reward_max 22.6 / imag_action_mean 8.6 / imag_action_std 4.8 / imag_action_min 0.0 / imag_action_max 17.0 / actor_entropy 0.3 / actor_loss 0.5 / actor_grad_norm 7.0 / value_loss 1.4 / value_grad_norm 1.5 / update_count 57352.0 / fps 12.3
add_video needs package moviepy
add_video needs package moviepy
[239632] 
Start evaluation.
[239632] eval_return 3548.0 / eval_length 1307.2 / eval_episodes 5.0
add_video needs package moviepy
Start training.
[239632] model_loss 15.5 / model_grad_norm 26.1 / image_loss 5.5 / reward_loss 0.1 / cont_loss 0.0 / kl_free 1.0 / dyn_scale 0.5 / rep_scale 0.1 / dyn_loss 16.6 / rep_loss 16.6 / kl 16.6 / prior_abs_ent 31.3 / post_abs_ent -26.5 / prior_obs_ent 10.6 / post_obs_ent -4.5 / boundary_ratio 0.0 / kl_mask 0.0 / normed_target_mean 0.6 / normed_target_std 0.3 / normed_target_min -0.1 / normed_target_max 1.1 / EMA_005 140.2 / EMA_095 993.0 / value_mean 642.0 / value_std 286.5 / value_min 15.1 / value_max 1032.0 / target_mean 644.1 / target_std 287.5 / target_min 15.4 / target_max 1074.8 / imag_reward_mean 1.8 / imag_reward_std 4.6 / imag_reward_min -0.0 / imag_reward_max 38.2 / imag_action_mean 8.6 / imag_action_std 4.8 / imag_action_min 0.0 / imag_action_max 17.0 / actor_entropy 0.3 / actor_loss 0.4 / actor_grad_norm 6.8 / value_loss 1.4 / value_grad_norm 1.5 / update_count 57508.0 / fps 12.3
add_video needs package moviepy
add_video needs package moviepy
[240256] 
Start evaluation.
[240256] eval_return 2758.0 / eval_length 1230.6 / eval_episodes 5.0
add_video needs package moviepy
Start training.
[240256] model_loss 15.5 / model_grad_norm 26.7 / image_loss 5.4 / reward_loss 0.1 / cont_loss 0.0 / kl_free 1.0 / dyn_scale 0.5 / rep_scale 0.1 / dyn_loss 16.7 / rep_loss 16.7 / kl 16.7 / prior_abs_ent 31.3 / post_abs_ent -26.6 / prior_obs_ent 10.4 / post_obs_ent -4.7 / boundary_ratio 0.0 / kl_mask 0.0 / normed_target_mean 0.6 / normed_target_std 0.3 / normed_target_min -0.2 / normed_target_max 1.1 / EMA_005 143.9 / EMA_095 993.4 / value_mean 648.9 / value_std 284.3 / value_min 12.2 / value_max 1032.9 / target_mean 650.9 / target_std 285.4 / target_min 15.3 / target_max 1075.1 / imag_reward_mean 1.8 / imag_reward_std 4.6 / imag_reward_min -0.0 / imag_reward_max 35.8 / imag_action_mean 8.8 / imag_action_std 4.8 / imag_action_min 0.0 / imag_action_max 17.0 / actor_entropy 0.3 / actor_loss 0.4 / actor_grad_norm 7.0 / value_loss 1.4 / value_grad_norm 1.5 / update_count 57664.0 / fps 12.4
add_video needs package moviepy
add_video needs package moviepy
[240880] 
Start evaluation.
[240880] eval_return 3410.0 / eval_length 1382.2 / eval_episodes 5.0
add_video needs package moviepy
Start training.
[240880] model_loss 15.5 / model_grad_norm 24.3 / image_loss 5.4 / reward_loss 0.1 / cont_loss 0.0 / kl_free 1.0 / dyn_scale 0.5 / rep_scale 0.1 / dyn_loss 16.6 / rep_loss 16.6 / kl 16.6 / prior_abs_ent 31.5 / post_abs_ent -26.4 / prior_obs_ent 10.7 / post_obs_ent -4.4 / boundary_ratio 0.0 / kl_mask 0.0 / normed_target_mean 0.6 / normed_target_std 0.3 / normed_target_min -0.2 / normed_target_max 1.1 / EMA_005 145.4 / EMA_095 993.3 / value_mean 647.2 / value_std 283.0 / value_min 15.0 / value_max 1035.2 / target_mean 649.3 / target_std 284.0 / target_min 17.7 / target_max 1073.0 / imag_reward_mean 1.7 / imag_reward_std 4.6 / imag_reward_min -0.0 / imag_reward_max 31.8 / imag_action_mean 8.9 / imag_action_std 4.8 / imag_action_min 0.0 / imag_action_max 17.0 / actor_entropy 0.3 / actor_loss 0.4 / actor_grad_norm 6.9 / value_loss 1.4 / value_grad_norm 1.5 / update_count 57820.0 / fps 12.1
add_video needs package moviepy
add_video needs package moviepy
[241504] 
Start evaluation.
[241504] eval_return 3752.0 / eval_length 1464.4 / eval_episodes 5.0
add_video needs package moviepy
Start training.
[241504] model_loss 15.6 / model_grad_norm 26.5 / image_loss 5.4 / reward_loss 0.1 / cont_loss 0.0 / kl_free 1.0 / dyn_scale 0.5 / rep_scale 0.1 / dyn_loss 16.9 / rep_loss 16.9 / kl 16.9 / prior_abs_ent 31.5 / post_abs_ent -26.7 / prior_obs_ent 10.7 / post_obs_ent -4.6 / boundary_ratio 0.0 / kl_mask 0.0 / normed_target_mean 0.6 / normed_target_std 0.3 / normed_target_min -0.2 / normed_target_max 1.1 / EMA_005 148.4 / EMA_095 995.3 / value_mean 655.2 / value_std 282.3 / value_min 14.6 / value_max 1035.2 / target_mean 657.5 / target_std 283.3 / target_min 19.8 / target_max 1079.2 / imag_reward_mean 1.8 / imag_reward_std 4.7 / imag_reward_min -0.0 / imag_reward_max 32.0 / imag_action_mean 9.0 / imag_action_std 4.7 / imag_action_min 0.0 / imag_action_max 17.0 / actor_entropy 0.3 / actor_loss 0.4 / actor_grad_norm 6.9 / value_loss 1.4 / value_grad_norm 1.6 / update_count 57976.0 / fps 11.9
add_video needs package moviepy
add_video needs package moviepy
[242128] 
Start evaluation.
[242128] eval_return 2916.0 / eval_length 1293.0 / eval_episodes 5.0
add_video needs package moviepy
Start training.
[242128] model_loss 15.5 / model_grad_norm 25.6 / image_loss 5.4 / reward_loss 0.1 / cont_loss 0.0 / kl_free 1.0 / dyn_scale 0.5 / rep_scale 0.1 / dyn_loss 16.8 / rep_loss 16.8 / kl 16.8 / prior_abs_ent 31.6 / post_abs_ent -26.6 / prior_obs_ent 10.8 / post_obs_ent -4.4 / boundary_ratio 0.0 / kl_mask 0.0 / normed_target_mean 0.6 / normed_target_std 0.3 / normed_target_min -0.1 / normed_target_max 1.1 / EMA_005 138.5 / EMA_095 997.2 / value_mean 646.0 / value_std 290.6 / value_min 14.4 / value_max 1038.6 / target_mean 647.8 / target_std 291.5 / target_min 16.8 / target_max 1076.0 / imag_reward_mean 1.8 / imag_reward_std 4.6 / imag_reward_min -0.0 / imag_reward_max 31.0 / imag_action_mean 9.0 / imag_action_std 4.7 / imag_action_min 0.0 / imag_action_max 17.0 / actor_entropy 0.3 / actor_loss 0.3 / actor_grad_norm 6.8 / value_loss 1.4 / value_grad_norm 1.5 / update_count 58132.0 / fps 12.3
add_video needs package moviepy
add_video needs package moviepy
[242192] dataset_size 60548.0 / train_return 3000.0 / train_length 1311.0 / train_episodes 46.0
[242752] 
Start evaluation.
[242752] eval_return 3818.0 / eval_length 1388.6 / eval_episodes 5.0
add_video needs package moviepy
Start training.
[242752] model_loss 15.6 / model_grad_norm 28.0 / image_loss 5.4 / reward_loss 0.1 / cont_loss 0.0 / kl_free 1.0 / dyn_scale 0.5 / rep_scale 0.1 / dyn_loss 16.9 / rep_loss 16.9 / kl 16.9 / prior_abs_ent 31.7 / post_abs_ent -26.7 / prior_obs_ent 10.7 / post_obs_ent -4.5 / boundary_ratio 0.0 / kl_mask 0.0 / normed_target_mean 0.6 / normed_target_std 0.3 / normed_target_min -0.1 / normed_target_max 1.1 / EMA_005 147.0 / EMA_095 999.1 / value_mean 656.8 / value_std 282.5 / value_min 20.3 / value_max 1044.5 / target_mean 658.9 / target_std 283.4 / target_min 23.7 / target_max 1080.6 / imag_reward_mean 1.8 / imag_reward_std 4.6 / imag_reward_min -0.0 / imag_reward_max 24.9 / imag_action_mean 9.0 / imag_action_std 4.7 / imag_action_min 0.0 / imag_action_max 17.0 / actor_entropy 0.3 / actor_loss 0.4 / actor_grad_norm 6.9 / value_loss 1.4 / value_grad_norm 1.5 / update_count 58288.0 / fps 12.1
add_video needs package moviepy
add_video needs package moviepy
[243376] 
Start evaluation.
[243376] eval_return 3092.0 / eval_length 1276.2 / eval_episodes 5.0
add_video needs package moviepy
Start training.
[243376] model_loss 15.7 / model_grad_norm 24.7 / image_loss 5.5 / reward_loss 0.1 / cont_loss 0.0 / kl_free 1.0 / dyn_scale 0.5 / rep_scale 0.1 / dyn_loss 16.7 / rep_loss 16.7 / kl 16.7 / prior_abs_ent 31.4 / post_abs_ent -26.5 / prior_obs_ent 10.6 / post_obs_ent -4.5 / boundary_ratio 0.0 / kl_mask 0.0 / normed_target_mean 0.6 / normed_target_std 0.3 / normed_target_min -0.2 / normed_target_max 1.1 / EMA_005 150.1 / EMA_095 999.0 / value_mean 641.8 / value_std 288.5 / value_min 11.8 / value_max 1042.5 / target_mean 643.5 / target_std 289.9 / target_min 15.1 / target_max 1080.6 / imag_reward_mean 1.7 / imag_reward_std 4.6 / imag_reward_min -0.0 / imag_reward_max 41.2 / imag_action_mean 9.1 / imag_action_std 4.7 / imag_action_min 0.0 / imag_action_max 17.0 / actor_entropy 0.3 / actor_loss 0.2 / actor_grad_norm 6.9 / value_loss 1.4 / value_grad_norm 1.5 / update_count 58444.0 / fps 12.5
add_video needs package moviepy
add_video needs package moviepy
[244000] 
Start evaluation.
[244000] eval_return 3708.0 / eval_length 1399.6 / eval_episodes 5.0
add_video needs package moviepy
Start training.
[244000] model_loss 15.8 / model_grad_norm 27.4 / image_loss 5.5 / reward_loss 0.1 / cont_loss 0.0 / kl_free 1.0 / dyn_scale 0.5 / rep_scale 0.1 / dyn_loss 17.0 / rep_loss 17.0 / kl 17.0 / prior_abs_ent 31.4 / post_abs_ent -26.6 / prior_obs_ent 10.8 / post_obs_ent -4.5 / boundary_ratio 0.0 / kl_mask 0.0 / normed_target_mean 0.6 / normed_target_std 0.3 / normed_target_min -0.1 / normed_target_max 1.1 / EMA_005 142.6 / EMA_095 1000.4 / value_mean 647.0 / value_std 289.4 / value_min 13.1 / value_max 1049.9 / target_mean 648.9 / target_std 290.5 / target_min 14.8 / target_max 1083.6 / imag_reward_mean 1.8 / imag_reward_std 4.6 / imag_reward_min -0.0 / imag_reward_max 34.4 / imag_action_mean 8.9 / imag_action_std 4.7 / imag_action_min 0.0 / imag_action_max 17.0 / actor_entropy 0.3 / actor_loss 0.3 / actor_grad_norm 6.9 / value_loss 1.4 / value_grad_norm 1.5 / update_count 58600.0 / fps 12.0
add_video needs package moviepy
add_video needs package moviepy
[244624] 
Start evaluation.
[244624] eval_return 3180.0 / eval_length 1221.4 / eval_episodes 5.0
add_video needs package moviepy
Start training.
[244624] model_loss 15.5 / model_grad_norm 25.9 / image_loss 5.3 / reward_loss 0.1 / cont_loss 0.0 / kl_free 1.0 / dyn_scale 0.5 / rep_scale 0.1 / dyn_loss 16.8 / rep_loss 16.8 / kl 16.8 / prior_abs_ent 31.5 / post_abs_ent -26.6 / prior_obs_ent 10.7 / post_obs_ent -4.6 / boundary_ratio 0.0 / kl_mask 0.0 / normed_target_mean 0.6 / normed_target_std 0.3 / normed_target_min -0.1 / normed_target_max 1.1 / EMA_005 142.9 / EMA_095 1003.5 / value_mean 652.7 / value_std 286.0 / value_min 18.1 / value_max 1055.0 / target_mean 655.0 / target_std 287.1 / target_min 20.5 / target_max 1089.8 / imag_reward_mean 1.8 / imag_reward_std 4.6 / imag_reward_min -0.0 / imag_reward_max 28.0 / imag_action_mean 9.0 / imag_action_std 4.7 / imag_action_min 0.0 / imag_action_max 17.0 / actor_entropy 0.3 / actor_loss 0.4 / actor_grad_norm 6.6 / value_loss 1.4 / value_grad_norm 1.6 / update_count 58756.0 / fps 12.5
add_video needs package moviepy
add_video needs package moviepy
[245248] 
Start evaluation.
[245248] eval_return 2834.0 / eval_length 1188.2 / eval_episodes 5.0
add_video needs package moviepy
Start training.
[245248] model_loss 15.7 / model_grad_norm 26.9 / image_loss 5.4 / reward_loss 0.1 / cont_loss 0.0 / kl_free 1.0 / dyn_scale 0.5 / rep_scale 0.1 / dyn_loss 16.9 / rep_loss 16.9 / kl 16.9 / prior_abs_ent 31.6 / post_abs_ent -26.5 / prior_obs_ent 10.8 / post_obs_ent -4.6 / boundary_ratio 0.0 / kl_mask 0.0 / normed_target_mean 0.6 / normed_target_std 0.3 / normed_target_min -0.1 / normed_target_max 1.1 / EMA_005 142.2 / EMA_095 1004.6 / value_mean 655.2 / value_std 291.1 / value_min 12.1 / value_max 1063.3 / target_mean 657.5 / target_std 292.2 / target_min 15.3 / target_max 1090.9 / imag_reward_mean 1.8 / imag_reward_std 4.7 / imag_reward_min -0.0 / imag_reward_max 40.3 / imag_action_mean 9.0 / imag_action_std 4.7 / imag_action_min 0.0 / imag_action_max 17.0 / actor_entropy 0.3 / actor_loss 0.5 / actor_grad_norm 6.6 / value_loss 1.4 / value_grad_norm 1.6 / update_count 58912.0 / fps 12.6
add_video needs package moviepy
add_video needs package moviepy
[245872] 
Start evaluation.
[245872] eval_return 3342.0 / eval_length 1501.6 / eval_episodes 5.0
add_video needs package moviepy
Start training.
[245872] model_loss 15.7 / model_grad_norm 25.6 / image_loss 5.4 / reward_loss 0.1 / cont_loss 0.0 / kl_free 1.0 / dyn_scale 0.5 / rep_scale 0.1 / dyn_loss 16.9 / rep_loss 16.9 / kl 16.9 / prior_abs_ent 31.4 / post_abs_ent -26.6 / prior_obs_ent 11.1 / post_obs_ent -4.2 / boundary_ratio 0.0 / kl_mask 0.0 / normed_target_mean 0.6 / normed_target_std 0.3 / normed_target_min -0.1 / normed_target_max 1.1 / EMA_005 141.5 / EMA_095 1005.5 / value_mean 655.8 / value_std 291.3 / value_min 12.7 / value_max 1059.3 / target_mean 657.8 / target_std 292.5 / target_min 14.2 / target_max 1091.5 / imag_reward_mean 1.8 / imag_reward_std 4.7 / imag_reward_min -0.0 / imag_reward_max 37.6 / imag_action_mean 9.1 / imag_action_std 4.7 / imag_action_min 0.0 / imag_action_max 17.0 / actor_entropy 0.3 / actor_loss 0.3 / actor_grad_norm 6.6 / value_loss 1.4 / value_grad_norm 1.4 / update_count 59068.0 / fps 11.8
add_video needs package moviepy
add_video needs package moviepy
[246496] 
Start evaluation.
[246496] eval_return 3716.0 / eval_length 1471.6 / eval_episodes 5.0
add_video needs package moviepy
Start training.
[246496] model_loss 15.5 / model_grad_norm 24.7 / image_loss 5.4 / reward_loss 0.1 / cont_loss 0.0 / kl_free 1.0 / dyn_scale 0.5 / rep_scale 0.1 / dyn_loss 16.8 / rep_loss 16.8 / kl 16.8 / prior_abs_ent 31.7 / post_abs_ent -26.5 / prior_obs_ent 10.5 / post_obs_ent -4.7 / boundary_ratio 0.0 / kl_mask 0.0 / normed_target_mean 0.6 / normed_target_std 0.3 / normed_target_min -0.1 / normed_target_max 1.1 / EMA_005 137.2 / EMA_095 1008.1 / value_mean 652.7 / value_std 292.7 / value_min 13.6 / value_max 1062.4 / target_mean 654.9 / target_std 293.9 / target_min 16.4 / target_max 1091.7 / imag_reward_mean 1.8 / imag_reward_std 4.6 / imag_reward_min -0.0 / imag_reward_max 29.0 / imag_action_mean 8.9 / imag_action_std 4.8 / imag_action_min 0.0 / imag_action_max 17.0 / actor_entropy 0.3 / actor_loss 0.4 / actor_grad_norm 7.1 / value_loss 1.4 / value_grad_norm 1.5 / update_count 59224.0 / fps 11.9
add_video needs package moviepy
add_video needs package moviepy
[246744] dataset_size 61686.0 / train_return 3160.0 / train_length 1138.0 / train_episodes 47.0
[247120] 
Start evaluation.
[247120] eval_return 3454.0 / eval_length 1393.4 / eval_episodes 5.0
add_video needs package moviepy
Start training.
[247120] model_loss 15.6 / model_grad_norm 23.9 / image_loss 5.4 / reward_loss 0.1 / cont_loss 0.0 / kl_free 1.0 / dyn_scale 0.5 / rep_scale 0.1 / dyn_loss 16.8 / rep_loss 16.8 / kl 16.8 / prior_abs_ent 31.5 / post_abs_ent -26.4 / prior_obs_ent 10.6 / post_obs_ent -4.6 / boundary_ratio 0.0 / kl_mask 0.0 / normed_target_mean 0.6 / normed_target_std 0.3 / normed_target_min -0.1 / normed_target_max 1.1 / EMA_005 134.0 / EMA_095 1008.9 / value_mean 648.0 / value_std 294.6 / value_min 16.0 / value_max 1065.0 / target_mean 650.3 / target_std 295.9 / target_min 21.0 / target_max 1089.6 / imag_reward_mean 1.8 / imag_reward_std 4.6 / imag_reward_min -0.0 / imag_reward_max 22.3 / imag_action_mean 9.1 / imag_action_std 4.7 / imag_action_min 0.0 / imag_action_max 17.0 / actor_entropy 0.3 / actor_loss 0.4 / actor_grad_norm 6.5 / value_loss 1.4 / value_grad_norm 1.5 / update_count 59380.0 / fps 12.1
add_video needs package moviepy
add_video needs package moviepy
[247744] 
Start evaluation.
[247744] eval_return 3874.0 / eval_length 1429.4 / eval_episodes 5.0
add_video needs package moviepy
Start training.
[247744] model_loss 16.5 / model_grad_norm 46.2 / image_loss 5.8 / reward_loss 0.1 / cont_loss 0.0 / kl_free 1.0 / dyn_scale 0.5 / rep_scale 0.1 / dyn_loss 17.6 / rep_loss 17.6 / kl 17.6 / prior_abs_ent 31.9 / post_abs_ent -26.6 / prior_obs_ent 13.2 / post_obs_ent -2.7 / boundary_ratio 0.0 / kl_mask 0.0 / normed_target_mean 0.6 / normed_target_std 0.3 / normed_target_min -0.1 / normed_target_max 1.1 / EMA_005 141.5 / EMA_095 1009.0 / value_mean 647.6 / value_std 294.8 / value_min 13.6 / value_max 1073.2 / target_mean 649.8 / target_std 295.9 / target_min 15.8 / target_max 1097.7 / imag_reward_mean 1.7 / imag_reward_std 4.6 / imag_reward_min -0.0 / imag_reward_max 28.3 / imag_action_mean 8.9 / imag_action_std 4.8 / imag_action_min 0.0 / imag_action_max 17.0 / actor_entropy 0.3 / actor_loss 0.4 / actor_grad_norm 7.1 / value_loss 1.4 / value_grad_norm 1.6 / update_count 59536.0 / fps 12.0
add_video needs package moviepy
add_video needs package moviepy
[248368] 
Start evaluation.
[248368] eval_return 3330.0 / eval_length 1403.2 / eval_episodes 5.0
add_video needs package moviepy
Start training.
[248368] model_loss 15.5 / model_grad_norm 23.5 / image_loss 5.4 / reward_loss 0.1 / cont_loss 0.0 / kl_free 1.0 / dyn_scale 0.5 / rep_scale 0.1 / dyn_loss 16.8 / rep_loss 16.8 / kl 16.8 / prior_abs_ent 31.2 / post_abs_ent -26.9 / prior_obs_ent 11.4 / post_obs_ent -3.9 / boundary_ratio 0.0 / kl_mask 0.0 / normed_target_mean 0.6 / normed_target_std 0.3 / normed_target_min -0.1 / normed_target_max 1.1 / EMA_005 141.7 / EMA_095 1007.0 / value_mean 655.5 / value_std 289.7 / value_min 18.5 / value_max 1072.9 / target_mean 657.8 / target_std 290.7 / target_min 23.8 / target_max 1095.2 / imag_reward_mean 1.8 / imag_reward_std 4.6 / imag_reward_min -0.0 / imag_reward_max 22.5 / imag_action_mean 8.9 / imag_action_std 4.8 / imag_action_min 0.0 / imag_action_max 17.0 / actor_entropy 0.3 / actor_loss 0.4 / actor_grad_norm 6.4 / value_loss 1.4 / value_grad_norm 1.4 / update_count 59692.0 / fps 12.0
add_video needs package moviepy
add_video needs package moviepy
[248992] 
Start evaluation.
[248992] eval_return 3326.0 / eval_length 1391.2 / eval_episodes 5.0
add_video needs package moviepy
Start training.
[248992] model_loss 15.4 / model_grad_norm 23.9 / image_loss 5.3 / reward_loss 0.1 / cont_loss 0.0 / kl_free 1.0 / dyn_scale 0.5 / rep_scale 0.1 / dyn_loss 16.6 / rep_loss 16.6 / kl 16.6 / prior_abs_ent 31.4 / post_abs_ent -26.8 / prior_obs_ent 10.5 / post_obs_ent -4.5 / boundary_ratio 0.0 / kl_mask 0.0 / normed_target_mean 0.6 / normed_target_std 0.3 / normed_target_min -0.2 / normed_target_max 1.1 / EMA_005 146.0 / EMA_095 1007.2 / value_mean 646.7 / value_std 295.9 / value_min 11.4 / value_max 1076.4 / target_mean 648.4 / target_std 297.0 / target_min 14.5 / target_max 1096.3 / imag_reward_mean 1.7 / imag_reward_std 4.6 / imag_reward_min -0.0 / imag_reward_max 28.0 / imag_action_mean 8.8 / imag_action_std 4.8 / imag_action_min 0.0 / imag_action_max 17.0 / actor_entropy 0.3 / actor_loss 0.2 / actor_grad_norm 6.7 / value_loss 1.4 / value_grad_norm 1.5 / update_count 59848.0 / fps 12.1
add_video needs package moviepy
add_video needs package moviepy
[249616] 
Start evaluation.
[249616] eval_return 3182.0 / eval_length 1340.8 / eval_episodes 5.0
add_video needs package moviepy
Start training.
[249616] model_loss 15.3 / model_grad_norm 25.8 / image_loss 5.3 / reward_loss 0.1 / cont_loss 0.0 / kl_free 1.0 / dyn_scale 0.5 / rep_scale 0.1 / dyn_loss 16.6 / rep_loss 16.6 / kl 16.6 / prior_abs_ent 31.4 / post_abs_ent -26.8 / prior_obs_ent 10.1 / post_obs_ent -4.9 / boundary_ratio 0.0 / kl_mask 0.0 / normed_target_mean 0.6 / normed_target_std 0.3 / normed_target_min -0.1 / normed_target_max 1.1 / EMA_005 146.3 / EMA_095 1010.0 / value_mean 659.5 / value_std 293.7 / value_min 16.2 / value_max 1080.4 / target_mean 661.6 / target_std 294.8 / target_min 18.7 / target_max 1099.7 / imag_reward_mean 1.8 / imag_reward_std 4.6 / imag_reward_min -0.0 / imag_reward_max 29.0 / imag_action_mean 9.1 / imag_action_std 4.7 / imag_action_min 0.0 / imag_action_max 17.0 / actor_entropy 0.3 / actor_loss 0.3 / actor_grad_norm 6.4 / value_loss 1.3 / value_grad_norm 1.5 / update_count 60004.0 / fps 12.2
add_video needs package moviepy
add_video needs package moviepy
[250240] 
Start evaluation.
[250240] eval_return 3628.0 / eval_length 1463.0 / eval_episodes 5.0
add_video needs package moviepy
Start training.
[250240] model_loss 16.2 / model_grad_norm 39.7 / image_loss 5.7 / reward_loss 0.1 / cont_loss 0.0 / kl_free 1.0 / dyn_scale 0.5 / rep_scale 0.1 / dyn_loss 17.5 / rep_loss 17.5 / kl 17.5 / prior_abs_ent 32.0 / post_abs_ent -26.7 / prior_obs_ent 10.9 / post_obs_ent -4.6 / boundary_ratio 0.0 / kl_mask 0.0 / normed_target_mean 0.6 / normed_target_std 0.3 / normed_target_min -0.1 / normed_target_max 1.1 / EMA_005 142.9 / EMA_095 1012.5 / value_mean 658.2 / value_std 299.1 / value_min 13.4 / value_max 1090.6 / target_mean 660.0 / target_std 300.1 / target_min 15.0 / target_max 1105.3 / imag_reward_mean 1.8 / imag_reward_std 4.6 / imag_reward_min -0.0 / imag_reward_max 34.3 / imag_action_mean 9.1 / imag_action_std 4.7 / imag_action_min 0.0 / imag_action_max 17.0 / actor_entropy 0.3 / actor_loss 0.3 / actor_grad_norm 7.1 / value_loss 1.4 / value_grad_norm 1.5 / update_count 60160.0 / fps 11.9
add_video needs package moviepy
add_video needs package moviepy
[250864] 
Start evaluation.
[250864] eval_return 3820.0 / eval_length 1407.6 / eval_episodes 5.0
add_video needs package moviepy
Start training.
[250864] model_loss 16.4 / model_grad_norm 26.8 / image_loss 5.8 / reward_loss 0.1 / cont_loss 0.0 / kl_free 1.0 / dyn_scale 0.5 / rep_scale 0.1 / dyn_loss 17.5 / rep_loss 17.5 / kl 17.5 / prior_abs_ent 33.4 / post_abs_ent -26.7 / prior_obs_ent 14.0 / post_obs_ent -2.0 / boundary_ratio 0.0 / kl_mask 0.0 / normed_target_mean 0.6 / normed_target_std 0.3 / normed_target_min -0.1 / normed_target_max 1.1 / EMA_005 145.1 / EMA_095 1007.1 / value_mean 664.2 / value_std 289.8 / value_min 13.5 / value_max 1074.3 / target_mean 665.7 / target_std 289.8 / target_min 16.2 / target_max 1090.0 / imag_reward_mean 1.8 / imag_reward_std 4.6 / imag_reward_min -0.0 / imag_reward_max 28.1 / imag_action_mean 9.2 / imag_action_std 4.6 / imag_action_min 0.0 / imag_action_max 17.0 / actor_entropy 0.3 / actor_loss 0.2 / actor_grad_norm 7.8 / value_loss 1.4 / value_grad_norm 1.5 / update_count 60316.0 / fps 12.0
add_video needs package moviepy
add_video needs package moviepy
[251488] 
Start evaluation.
[251488] eval_return 3994.0 / eval_length 1358.0 / eval_episodes 5.0
add_video needs package moviepy
Start training.
[251488] model_loss 15.4 / model_grad_norm 22.1 / image_loss 5.3 / reward_loss 0.1 / cont_loss 0.0 / kl_free 1.0 / dyn_scale 0.5 / rep_scale 0.1 / dyn_loss 16.6 / rep_loss 16.6 / kl 16.6 / prior_abs_ent 32.4 / post_abs_ent -26.5 / prior_obs_ent 10.5 / post_obs_ent -4.6 / boundary_ratio 0.0 / kl_mask 0.0 / normed_target_mean 0.6 / normed_target_std 0.3 / normed_target_min -0.2 / normed_target_max 1.1 / EMA_005 147.8 / EMA_095 1005.3 / value_mean 649.2 / value_std 290.4 / value_min 16.8 / value_max 1073.6 / target_mean 651.0 / target_std 291.3 / target_min 17.7 / target_max 1091.5 / imag_reward_mean 1.7 / imag_reward_std 4.5 / imag_reward_min -0.0 / imag_reward_max 25.9 / imag_action_mean 9.3 / imag_action_std 4.6 / imag_action_min 0.0 / imag_action_max 17.0 / actor_entropy 0.3 / actor_loss 0.3 / actor_grad_norm 7.0 / value_loss 1.4 / value_grad_norm 1.4 / update_count 60472.0 / fps 12.1
add_video needs package moviepy
add_video needs package moviepy
[252112] 
Start evaluation.
[252112] eval_return 3432.0 / eval_length 1403.8 / eval_episodes 5.0
add_video needs package moviepy
Start training.
[252112] model_loss 15.3 / model_grad_norm 22.9 / image_loss 5.3 / reward_loss 0.1 / cont_loss 0.0 / kl_free 1.0 / dyn_scale 0.5 / rep_scale 0.1 / dyn_loss 16.7 / rep_loss 16.7 / kl 16.7 / prior_abs_ent 31.9 / post_abs_ent -26.7 / prior_obs_ent 10.0 / post_obs_ent -5.1 / boundary_ratio 0.0 / kl_mask 0.0 / normed_target_mean 0.6 / normed_target_std 0.3 / normed_target_min -0.2 / normed_target_max 1.1 / EMA_005 146.3 / EMA_095 1007.1 / value_mean 653.6 / value_std 290.2 / value_min 13.9 / value_max 1083.3 / target_mean 655.4 / target_std 291.3 / target_min 14.6 / target_max 1099.5 / imag_reward_mean 1.7 / imag_reward_std 4.6 / imag_reward_min -0.0 / imag_reward_max 28.4 / imag_action_mean 9.1 / imag_action_std 4.7 / imag_action_min 0.0 / imag_action_max 17.0 / actor_entropy 0.3 / actor_loss 0.3 / actor_grad_norm 6.9 / value_loss 1.4 / value_grad_norm 1.4 / update_count 60628.0 / fps 12.1
add_video needs package moviepy
add_video needs package moviepy
[252604] dataset_size 63151.0 / train_return 3890.0 / train_length 1465.0 / train_episodes 48.0
[252736] 
Start evaluation.
[252736] eval_return 3092.0 / eval_length 1265.0 / eval_episodes 5.0
add_video needs package moviepy
Start training.
[252736] model_loss 15.3 / model_grad_norm 22.9 / image_loss 5.2 / reward_loss 0.1 / cont_loss 0.0 / kl_free 1.0 / dyn_scale 0.5 / rep_scale 0.1 / dyn_loss 16.7 / rep_loss 16.7 / kl 16.7 / prior_abs_ent 32.0 / post_abs_ent -26.7 / prior_obs_ent 9.6 / post_obs_ent -5.5 / boundary_ratio 0.0 / kl_mask 0.0 / normed_target_mean 0.6 / normed_target_std 0.3 / normed_target_min -0.2 / normed_target_max 1.1 / EMA_005 151.9 / EMA_095 1010.4 / value_mean 658.2 / value_std 289.8 / value_min 17.2 / value_max 1086.7 / target_mean 660.1 / target_std 291.1 / target_min 18.2 / target_max 1100.5 / imag_reward_mean 1.8 / imag_reward_std 4.6 / imag_reward_min -0.0 / imag_reward_max 22.8 / imag_action_mean 9.1 / imag_action_std 4.7 / imag_action_min 0.0 / imag_action_max 17.0 / actor_entropy 0.3 / actor_loss 0.2 / actor_grad_norm 6.9 / value_loss 1.4 / value_grad_norm 1.4 / update_count 60784.0 / fps 12.4
add_video needs package moviepy
add_video needs package moviepy
[253360] 
Start evaluation.
[253360] eval_return 3514.0 / eval_length 1360.8 / eval_episodes 5.0
add_video needs package moviepy
Start training.
[253360] model_loss 15.3 / model_grad_norm 23.5 / image_loss 5.2 / reward_loss 0.1 / cont_loss 0.0 / kl_free 1.0 / dyn_scale 0.5 / rep_scale 0.1 / dyn_loss 16.7 / rep_loss 16.7 / kl 16.7 / prior_abs_ent 31.9 / post_abs_ent -26.7 / prior_obs_ent 9.6 / post_obs_ent -5.5 / boundary_ratio 0.0 / kl_mask 0.0 / normed_target_mean 0.6 / normed_target_std 0.3 / normed_target_min -0.1 / normed_target_max 1.1 / EMA_005 146.0 / EMA_095 1011.0 / value_mean 655.7 / value_std 292.5 / value_min 19.3 / value_max 1084.4 / target_mean 657.7 / target_std 293.7 / target_min 23.4 / target_max 1101.6 / imag_reward_mean 1.7 / imag_reward_std 4.6 / imag_reward_min -0.0 / imag_reward_max 30.8 / imag_action_mean 9.0 / imag_action_std 4.7 / imag_action_min 0.0 / imag_action_max 17.0 / actor_entropy 0.3 / actor_loss 0.3 / actor_grad_norm 6.7 / value_loss 1.3 / value_grad_norm 1.5 / update_count 60940.0 / fps 12.2
add_video needs package moviepy
add_video needs package moviepy
[253984] 
Start evaluation.
[253984] eval_return 2844.0 / eval_length 1286.2 / eval_episodes 5.0
add_video needs package moviepy
Start training.
[253984] model_loss 15.4 / model_grad_norm 24.5 / image_loss 5.3 / reward_loss 0.1 / cont_loss 0.0 / kl_free 1.0 / dyn_scale 0.5 / rep_scale 0.1 / dyn_loss 16.7 / rep_loss 16.7 / kl 16.7 / prior_abs_ent 31.5 / post_abs_ent -26.8 / prior_obs_ent 9.4 / post_obs_ent -5.8 / boundary_ratio 0.0 / kl_mask 0.0 / normed_target_mean 0.6 / normed_target_std 0.3 / normed_target_min -0.1 / normed_target_max 1.1 / EMA_005 146.7 / EMA_095 1014.2 / value_mean 658.7 / value_std 296.2 / value_min 19.9 / value_max 1095.2 / target_mean 660.8 / target_std 297.5 / target_min 22.9 / target_max 1108.8 / imag_reward_mean 1.8 / imag_reward_std 4.7 / imag_reward_min -0.0 / imag_reward_max 34.1 / imag_action_mean 9.0 / imag_action_std 4.7 / imag_action_min 0.0 / imag_action_max 17.0 / actor_entropy 0.3 / actor_loss 0.4 / actor_grad_norm 6.6 / value_loss 1.3 / value_grad_norm 1.5 / update_count 61096.0 / fps 12.4
add_video needs package moviepy
add_video needs package moviepy
[254608] 
Start evaluation.
[254608] eval_return 2756.0 / eval_length 1183.4 / eval_episodes 5.0
add_video needs package moviepy
Start training.
[254608] model_loss 15.4 / model_grad_norm 24.0 / image_loss 5.2 / reward_loss 0.1 / cont_loss 0.0 / kl_free 1.0 / dyn_scale 0.5 / rep_scale 0.1 / dyn_loss 16.7 / rep_loss 16.7 / kl 16.7 / prior_abs_ent 31.4 / post_abs_ent -26.7 / prior_obs_ent 9.5 / post_obs_ent -5.6 / boundary_ratio 0.0 / kl_mask 0.0 / normed_target_mean 0.6 / normed_target_std 0.3 / normed_target_min -0.1 / normed_target_max 1.1 / EMA_005 149.2 / EMA_095 1016.2 / value_mean 663.7 / value_std 297.6 / value_min 15.1 / value_max 1104.0 / target_mean 666.1 / target_std 298.6 / target_min 21.9 / target_max 1111.7 / imag_reward_mean 1.8 / imag_reward_std 4.6 / imag_reward_min -0.0 / imag_reward_max 22.5 / imag_action_mean 9.0 / imag_action_std 4.8 / imag_action_min 0.0 / imag_action_max 17.0 / actor_entropy 0.3 / actor_loss 0.5 / actor_grad_norm 7.0 / value_loss 1.3 / value_grad_norm 1.4 / update_count 61252.0 / fps 12.8
add_video needs package moviepy
add_video needs package moviepy
[255232] 
Start evaluation.
[255232] eval_return 3240.0 / eval_length 1401.4 / eval_episodes 5.0
add_video needs package moviepy
Start training.
[255232] model_loss 15.5 / model_grad_norm 24.2 / image_loss 5.3 / reward_loss 0.1 / cont_loss 0.0 / kl_free 1.0 / dyn_scale 0.5 / rep_scale 0.1 / dyn_loss 16.7 / rep_loss 16.7 / kl 16.7 / prior_abs_ent 31.5 / post_abs_ent -26.7 / prior_obs_ent 9.6 / post_obs_ent -5.6 / boundary_ratio 0.0 / kl_mask 0.0 / normed_target_mean 0.6 / normed_target_std 0.3 / normed_target_min -0.2 / normed_target_max 1.1 / EMA_005 156.3 / EMA_095 1016.4 / value_mean 662.2 / value_std 289.1 / value_min 17.9 / value_max 1113.6 / target_mean 664.2 / target_std 290.2 / target_min 21.4 / target_max 1117.8 / imag_reward_mean 1.8 / imag_reward_std 4.6 / imag_reward_min -0.0 / imag_reward_max 28.6 / imag_action_mean 9.0 / imag_action_std 4.7 / imag_action_min 0.0 / imag_action_max 17.0 / actor_entropy 0.3 / actor_loss 0.4 / actor_grad_norm 6.9 / value_loss 1.3 / value_grad_norm 1.5 / update_count 61408.0 / fps 12.2
add_video needs package moviepy
add_video needs package moviepy
[255856] 
Start evaluation.
[255856] eval_return 3296.0 / eval_length 1256.4 / eval_episodes 5.0
add_video needs package moviepy
Start training.
[255856] model_loss 15.5 / model_grad_norm 28.2 / image_loss 5.3 / reward_loss 0.1 / cont_loss 0.0 / kl_free 1.0 / dyn_scale 0.5 / rep_scale 0.1 / dyn_loss 16.9 / rep_loss 16.9 / kl 16.9 / prior_abs_ent 31.7 / post_abs_ent -26.5 / prior_obs_ent 9.9 / post_obs_ent -5.3 / boundary_ratio 0.0 / kl_mask 0.0 / normed_target_mean 0.6 / normed_target_std 0.3 / normed_target_min -0.2 / normed_target_max 1.1 / EMA_005 157.4 / EMA_095 1018.6 / value_mean 663.0 / value_std 298.2 / value_min 10.9 / value_max 1118.3 / target_mean 665.0 / target_std 299.2 / target_min 12.5 / target_max 1121.2 / imag_reward_mean 1.8 / imag_reward_std 4.6 / imag_reward_min -0.0 / imag_reward_max 22.5 / imag_action_mean 8.9 / imag_action_std 4.8 / imag_action_min 0.0 / imag_action_max 17.0 / actor_entropy 0.3 / actor_loss 0.4 / actor_grad_norm 7.0 / value_loss 1.3 / value_grad_norm 1.5 / update_count 61564.0 / fps 12.6
add_video needs package moviepy
add_video needs package moviepy
[256120] dataset_size 64030.0 / train_return 2170.0 / train_length 879.0 / train_episodes 49.0
[256480] 
Start evaluation.
[256480] eval_return 3196.0 / eval_length 1313.0 / eval_episodes 5.0
add_video needs package moviepy
Start training.
[256480] model_loss 15.4 / model_grad_norm 26.6 / image_loss 5.2 / reward_loss 0.1 / cont_loss 0.0 / kl_free 1.0 / dyn_scale 0.5 / rep_scale 0.1 / dyn_loss 16.7 / rep_loss 16.7 / kl 16.7 / prior_abs_ent 31.7 / post_abs_ent -26.7 / prior_obs_ent 9.8 / post_obs_ent -5.3 / boundary_ratio 0.0 / kl_mask 0.0 / normed_target_mean 0.6 / normed_target_std 0.3 / normed_target_min -0.1 / normed_target_max 1.1 / EMA_005 150.6 / EMA_095 1019.8 / value_mean 665.4 / value_std 294.3 / value_min 20.0 / value_max 1115.3 / target_mean 667.4 / target_std 295.2 / target_min 23.4 / target_max 1117.6 / imag_reward_mean 1.8 / imag_reward_std 4.6 / imag_reward_min -0.0 / imag_reward_max 25.4 / imag_action_mean 8.9 / imag_action_std 4.7 / imag_action_min 0.0 / imag_action_max 17.0 / actor_entropy 0.3 / actor_loss 0.4 / actor_grad_norm 6.9 / value_loss 1.3 / value_grad_norm 1.6 / update_count 61720.0 / fps 12.4
add_video needs package moviepy
add_video needs package moviepy
[257104] 
Start evaluation.
[257104] eval_return 2910.0 / eval_length 1373.2 / eval_episodes 5.0
add_video needs package moviepy
Start training.
[257104] model_loss 15.5 / model_grad_norm 24.6 / image_loss 5.3 / reward_loss 0.1 / cont_loss 0.0 / kl_free 1.0 / dyn_scale 0.5 / rep_scale 0.1 / dyn_loss 16.8 / rep_loss 16.8 / kl 16.8 / prior_abs_ent 31.6 / post_abs_ent -26.5 / prior_obs_ent 10.2 / post_obs_ent -5.0 / boundary_ratio 0.0 / kl_mask 0.0 / normed_target_mean 0.6 / normed_target_std 0.3 / normed_target_min -0.1 / normed_target_max 1.1 / EMA_005 140.8 / EMA_095 1018.5 / value_mean 650.3 / value_std 301.4 / value_min 9.4 / value_max 1113.1 / target_mean 652.1 / target_std 302.5 / target_min 12.3 / target_max 1120.9 / imag_reward_mean 1.8 / imag_reward_std 4.6 / imag_reward_min -0.0 / imag_reward_max 38.3 / imag_action_mean 8.8 / imag_action_std 4.8 / imag_action_min 0.0 / imag_action_max 17.0 / actor_entropy 0.3 / actor_loss 0.2 / actor_grad_norm 6.9 / value_loss 1.4 / value_grad_norm 1.5 / update_count 61876.0 / fps 12.2
add_video needs package moviepy
add_video needs package moviepy
[257728] 
Start evaluation.
[257728] eval_return 3002.0 / eval_length 1187.8 / eval_episodes 5.0
add_video needs package moviepy
Start training.
[257728] model_loss 15.5 / model_grad_norm 24.5 / image_loss 5.2 / reward_loss 0.1 / cont_loss 0.0 / kl_free 1.0 / dyn_scale 0.5 / rep_scale 0.1 / dyn_loss 17.0 / rep_loss 17.0 / kl 17.0 / prior_abs_ent 31.8 / post_abs_ent -26.8 / prior_obs_ent 9.9 / post_obs_ent -5.5 / boundary_ratio 0.0 / kl_mask 0.0 / normed_target_mean 0.6 / normed_target_std 0.3 / normed_target_min -0.1 / normed_target_max 1.1 / EMA_005 143.0 / EMA_095 1019.9 / value_mean 661.1 / value_std 297.7 / value_min 17.5 / value_max 1114.8 / target_mean 663.6 / target_std 298.8 / target_min 18.8 / target_max 1118.3 / imag_reward_mean 1.9 / imag_reward_std 4.7 / imag_reward_min -0.0 / imag_reward_max 27.0 / imag_action_mean 9.0 / imag_action_std 4.7 / imag_action_min 0.0 / imag_action_max 17.0 / actor_entropy 0.3 / actor_loss 0.5 / actor_grad_norm 7.3 / value_loss 1.4 / value_grad_norm 1.5 / update_count 62032.0 / fps 12.5
add_video needs package moviepy
add_video needs package moviepy
[258352] 
Start evaluation.
[258352] eval_return 3398.0 / eval_length 1355.6 / eval_episodes 5.0
add_video needs package moviepy
Start training.
[258352] model_loss 15.7 / model_grad_norm 27.1 / image_loss 5.5 / reward_loss 0.1 / cont_loss 0.0 / kl_free 1.0 / dyn_scale 0.5 / rep_scale 0.1 / dyn_loss 17.0 / rep_loss 17.0 / kl 17.0 / prior_abs_ent 31.8 / post_abs_ent -26.7 / prior_obs_ent 10.2 / post_obs_ent -5.1 / boundary_ratio 0.0 / kl_mask 0.0 / normed_target_mean 0.6 / normed_target_std 0.3 / normed_target_min -0.1 / normed_target_max 1.1 / EMA_005 144.4 / EMA_095 1022.4 / value_mean 662.1 / value_std 299.6 / value_min 16.1 / value_max 1122.1 / target_mean 664.4 / target_std 300.3 / target_min 21.2 / target_max 1131.5 / imag_reward_mean 1.8 / imag_reward_std 4.7 / imag_reward_min -0.0 / imag_reward_max 35.1 / imag_action_mean 8.9 / imag_action_std 4.7 / imag_action_min 0.0 / imag_action_max 17.0 / actor_entropy 0.3 / actor_loss 0.5 / actor_grad_norm 6.7 / value_loss 1.4 / value_grad_norm 1.5 / update_count 62188.0 / fps 12.1
add_video needs package moviepy
add_video needs package moviepy
[258976] 
Start evaluation.
[258976] eval_return 3420.0 / eval_length 1352.4 / eval_episodes 5.0
add_video needs package moviepy
Start training.
[258976] model_loss 15.6 / model_grad_norm 26.4 / image_loss 5.3 / reward_loss 0.1 / cont_loss 0.0 / kl_free 1.0 / dyn_scale 0.5 / rep_scale 0.1 / dyn_loss 16.9 / rep_loss 16.9 / kl 16.9 / prior_abs_ent 31.7 / post_abs_ent -26.5 / prior_obs_ent 10.3 / post_obs_ent -4.9 / boundary_ratio 0.0 / kl_mask 0.0 / normed_target_mean 0.6 / normed_target_std 0.3 / normed_target_min -0.1 / normed_target_max 1.1 / EMA_005 142.4 / EMA_095 1020.3 / value_mean 660.3 / value_std 298.5 / value_min 13.9 / value_max 1123.8 / target_mean 662.5 / target_std 299.4 / target_min 17.2 / target_max 1126.9 / imag_reward_mean 1.8 / imag_reward_std 4.6 / imag_reward_min -0.0 / imag_reward_max 35.4 / imag_action_mean 8.9 / imag_action_std 4.7 / imag_action_min 0.0 / imag_action_max 17.0 / actor_entropy 0.3 / actor_loss 0.4 / actor_grad_norm 7.3 / value_loss 1.3 / value_grad_norm 1.6 / update_count 62344.0 / fps 12.2
add_video needs package moviepy
add_video needs package moviepy
[259600] 
Start evaluation.
[259600] eval_return 3148.0 / eval_length 1310.2 / eval_episodes 5.0
add_video needs package moviepy
Start training.
[259600] model_loss 15.4 / model_grad_norm 23.9 / image_loss 5.2 / reward_loss 0.1 / cont_loss 0.0 / kl_free 1.0 / dyn_scale 0.5 / rep_scale 0.1 / dyn_loss 16.8 / rep_loss 16.8 / kl 16.8 / prior_abs_ent 31.8 / post_abs_ent -26.5 / prior_obs_ent 9.9 / post_obs_ent -5.4 / boundary_ratio 0.0 / kl_mask 0.0 / normed_target_mean 0.6 / normed_target_std 0.3 / normed_target_min -0.2 / normed_target_max 1.1 / EMA_005 150.1 / EMA_095 1022.0 / value_mean 670.1 / value_std 295.5 / value_min 12.7 / value_max 1124.9 / target_mean 672.2 / target_std 296.5 / target_min 17.2 / target_max 1129.5 / imag_reward_mean 1.8 / imag_reward_std 4.7 / imag_reward_min -0.0 / imag_reward_max 32.2 / imag_action_mean 8.8 / imag_action_std 4.7 / imag_action_min 0.0 / imag_action_max 17.0 / actor_entropy 0.3 / actor_loss 0.5 / actor_grad_norm 7.5 / value_loss 1.3 / value_grad_norm 1.5 / update_count 62500.0 / fps 12.2
add_video needs package moviepy
add_video needs package moviepy
[260224] 
Start evaluation.
[260224] eval_return 3168.0 / eval_length 1282.8 / eval_episodes 5.0
add_video needs package moviepy
Start training.
[260224] model_loss 15.5 / model_grad_norm 26.9 / image_loss 5.3 / reward_loss 0.1 / cont_loss 0.0 / kl_free 1.0 / dyn_scale 0.5 / rep_scale 0.1 / dyn_loss 16.9 / rep_loss 16.9 / kl 16.9 / prior_abs_ent 31.5 / post_abs_ent -26.6 / prior_obs_ent 9.9 / post_obs_ent -5.4 / boundary_ratio 0.0 / kl_mask 0.0 / normed_target_mean 0.6 / normed_target_std 0.3 / normed_target_min -0.2 / normed_target_max 1.1 / EMA_005 150.0 / EMA_095 1023.0 / value_mean 655.4 / value_std 302.2 / value_min 14.5 / value_max 1121.4 / target_mean 657.6 / target_std 303.0 / target_min 15.5 / target_max 1128.2 / imag_reward_mean 1.8 / imag_reward_std 4.7 / imag_reward_min -0.0 / imag_reward_max 28.7 / imag_action_mean 8.9 / imag_action_std 4.8 / imag_action_min 0.0 / imag_action_max 17.0 / actor_entropy 0.3 / actor_loss 0.4 / actor_grad_norm 6.9 / value_loss 1.4 / value_grad_norm 1.5 / update_count 62656.0 / fps 12.3
add_video needs package moviepy
add_video needs package moviepy
[260848] 
Start evaluation.
[260848] eval_return 3206.0 / eval_length 1369.2 / eval_episodes 5.0
add_video needs package moviepy
Start training.
[260848] model_loss 15.5 / model_grad_norm 26.2 / image_loss 5.3 / reward_loss 0.1 / cont_loss 0.0 / kl_free 1.0 / dyn_scale 0.5 / rep_scale 0.1 / dyn_loss 16.9 / rep_loss 16.9 / kl 16.9 / prior_abs_ent 31.5 / post_abs_ent -26.6 / prior_obs_ent 9.9 / post_obs_ent -5.3 / boundary_ratio 0.0 / kl_mask 0.0 / normed_target_mean 0.6 / normed_target_std 0.3 / normed_target_min -0.1 / normed_target_max 1.1 / EMA_005 145.7 / EMA_095 1023.2 / value_mean 669.8 / value_std 294.6 / value_min 18.2 / value_max 1127.6 / target_mean 672.0 / target_std 295.4 / target_min 23.4 / target_max 1133.8 / imag_reward_mean 1.8 / imag_reward_std 4.7 / imag_reward_min -0.0 / imag_reward_max 36.4 / imag_action_mean 8.7 / imag_action_std 4.8 / imag_action_min 0.0 / imag_action_max 17.0 / actor_entropy 0.3 / actor_loss 0.4 / actor_grad_norm 7.1 / value_loss 1.3 / value_grad_norm 1.7 / update_count 62812.0 / fps 12.1
add_video needs package moviepy
add_video needs package moviepy
[261472] 
Start evaluation.
[261472] eval_return 3434.0 / eval_length 1536.4 / eval_episodes 5.0
add_video needs package moviepy
Start training.
[261472] model_loss 15.6 / model_grad_norm 25.8 / image_loss 5.2 / reward_loss 0.1 / cont_loss 0.0 / kl_free 1.0 / dyn_scale 0.5 / rep_scale 0.1 / dyn_loss 17.0 / rep_loss 17.0 / kl 17.0 / prior_abs_ent 31.6 / post_abs_ent -26.6 / prior_obs_ent 9.8 / post_obs_ent -5.6 / boundary_ratio 0.0 / kl_mask 0.0 / normed_target_mean 0.6 / normed_target_std 0.3 / normed_target_min -0.2 / normed_target_max 1.1 / EMA_005 158.3 / EMA_095 1025.7 / value_mean 675.9 / value_std 295.2 / value_min 16.7 / value_max 1133.7 / target_mean 678.0 / target_std 295.9 / target_min 23.0 / target_max 1137.2 / imag_reward_mean 1.8 / imag_reward_std 4.7 / imag_reward_min -0.0 / imag_reward_max 30.4 / imag_action_mean 8.8 / imag_action_std 4.8 / imag_action_min 0.0 / imag_action_max 17.0 / actor_entropy 0.3 / actor_loss 0.3 / actor_grad_norm 7.0 / value_loss 1.3 / value_grad_norm 1.5 / update_count 62968.0 / fps 11.7
add_video needs package moviepy
add_video needs package moviepy
[261824] dataset_size 65456.0 / train_return 4180.0 / train_length 1426.0 / train_episodes 50.0
[262096] 
Start evaluation.
[262096] eval_return 3652.0 / eval_length 1396.6 / eval_episodes 5.0
add_video needs package moviepy
Start training.
[262096] model_loss 15.5 / model_grad_norm 25.3 / image_loss 5.2 / reward_loss 0.1 / cont_loss 0.0 / kl_free 1.0 / dyn_scale 0.5 / rep_scale 0.1 / dyn_loss 16.9 / rep_loss 16.9 / kl 16.9 / prior_abs_ent 31.6 / post_abs_ent -26.6 / prior_obs_ent 9.9 / post_obs_ent -5.4 / boundary_ratio 0.0 / kl_mask 0.0 / normed_target_mean 0.6 / normed_target_std 0.3 / normed_target_min -0.1 / normed_target_max 1.1 / EMA_005 152.1 / EMA_095 1026.7 / value_mean 664.9 / value_std 297.9 / value_min 19.8 / value_max 1127.5 / target_mean 667.3 / target_std 298.5 / target_min 24.5 / target_max 1132.1 / imag_reward_mean 1.8 / imag_reward_std 4.7 / imag_reward_min -0.0 / imag_reward_max 34.9 / imag_action_mean 8.7 / imag_action_std 4.8 / imag_action_min 0.0 / imag_action_max 17.0 / actor_entropy 0.3 / actor_loss 0.5 / actor_grad_norm 7.4 / value_loss 1.4 / value_grad_norm 1.5 / update_count 63124.0 / fps 12.0
add_video needs package moviepy
add_video needs package moviepy
[262720] 
Start evaluation.
[262720] eval_return 3610.0 / eval_length 1578.2 / eval_episodes 5.0
add_video needs package moviepy
Start training.
[262720] model_loss 15.7 / model_grad_norm 24.7 / image_loss 5.3 / reward_loss 0.1 / cont_loss 0.0 / kl_free 1.0 / dyn_scale 0.5 / rep_scale 0.1 / dyn_loss 17.1 / rep_loss 17.1 / kl 17.1 / prior_abs_ent 31.7 / post_abs_ent -26.6 / prior_obs_ent 10.5 / post_obs_ent -5.0 / boundary_ratio 0.0 / kl_mask 0.0 / normed_target_mean 0.6 / normed_target_std 0.3 / normed_target_min -0.2 / normed_target_max 1.1 / EMA_005 152.4 / EMA_095 1028.9 / value_mean 674.3 / value_std 300.9 / value_min 15.5 / value_max 1136.4 / target_mean 677.2 / target_std 301.8 / target_min 20.0 / target_max 1140.3 / imag_reward_mean 1.9 / imag_reward_std 4.7 / imag_reward_min -0.0 / imag_reward_max 25.1 / imag_action_mean 8.8 / imag_action_std 4.8 / imag_action_min 0.0 / imag_action_max 17.0 / actor_entropy 0.3 / actor_loss 0.6 / actor_grad_norm 7.5 / value_loss 1.4 / value_grad_norm 1.5 / update_count 63280.0 / fps 11.7
add_video needs package moviepy
add_video needs package moviepy
[263344] 
Start evaluation.
[263344] eval_return 3210.0 / eval_length 1428.6 / eval_episodes 5.0
add_video needs package moviepy
Start training.
[263344] model_loss 15.5 / model_grad_norm 24.5 / image_loss 5.2 / reward_loss 0.1 / cont_loss 0.0 / kl_free 1.0 / dyn_scale 0.5 / rep_scale 0.1 / dyn_loss 16.9 / rep_loss 16.9 / kl 16.9 / prior_abs_ent 31.4 / post_abs_ent -26.5 / prior_obs_ent 10.3 / post_obs_ent -5.0 / boundary_ratio 0.0 / kl_mask 0.0 / normed_target_mean 0.6 / normed_target_std 0.3 / normed_target_min -0.1 / normed_target_max 1.1 / EMA_005 151.4 / EMA_095 1031.8 / value_mean 672.7 / value_std 299.4 / value_min 21.9 / value_max 1142.5 / target_mean 675.3 / target_std 300.3 / target_min 26.5 / target_max 1144.1 / imag_reward_mean 1.8 / imag_reward_std 4.7 / imag_reward_min -0.0 / imag_reward_max 34.8 / imag_action_mean 8.9 / imag_action_std 4.8 / imag_action_min 0.0 / imag_action_max 17.0 / actor_entropy 0.3 / actor_loss 0.5 / actor_grad_norm 7.5 / value_loss 1.3 / value_grad_norm 1.5 / update_count 63436.0 / fps 11.9
add_video needs package moviepy
add_video needs package moviepy
[263968] 
Start evaluation.
[263968] eval_return 3768.0 / eval_length 1453.0 / eval_episodes 5.0
add_video needs package moviepy
Start training.
[263968] model_loss 15.6 / model_grad_norm 27.8 / image_loss 5.3 / reward_loss 0.1 / cont_loss 0.0 / kl_free 1.0 / dyn_scale 0.5 / rep_scale 0.1 / dyn_loss 17.0 / rep_loss 17.0 / kl 17.0 / prior_abs_ent 31.7 / post_abs_ent -26.4 / prior_obs_ent 10.2 / post_obs_ent -5.2 / boundary_ratio 0.0 / kl_mask 0.0 / normed_target_mean 0.6 / normed_target_std 0.3 / normed_target_min -0.1 / normed_target_max 1.1 / EMA_005 150.7 / EMA_095 1032.4 / value_mean 671.2 / value_std 299.5 / value_min 17.0 / value_max 1132.2 / target_mean 673.8 / target_std 300.3 / target_min 21.9 / target_max 1137.6 / imag_reward_mean 1.8 / imag_reward_std 4.7 / imag_reward_min -0.0 / imag_reward_max 28.3 / imag_action_mean 8.9 / imag_action_std 4.7 / imag_action_min 0.0 / imag_action_max 17.0 / actor_entropy 0.3 / actor_loss 0.5 / actor_grad_norm 7.0 / value_loss 1.3 / value_grad_norm 1.5 / update_count 63592.0 / fps 11.9
add_video needs package moviepy
add_video needs package moviepy
[264592] 
Start evaluation.
[264592] eval_return 3746.0 / eval_length 1427.6 / eval_episodes 5.0
add_video needs package moviepy
Start training.
[264592] model_loss 15.5 / model_grad_norm 25.6 / image_loss 5.2 / reward_loss 0.1 / cont_loss 0.0 / kl_free 1.0 / dyn_scale 0.5 / rep_scale 0.1 / dyn_loss 17.0 / rep_loss 17.0 / kl 17.0 / prior_abs_ent 31.5 / post_abs_ent -26.6 / prior_obs_ent 10.1 / post_obs_ent -5.3 / boundary_ratio 0.0 / kl_mask 0.0 / normed_target_mean 0.6 / normed_target_std 0.3 / normed_target_min -0.2 / normed_target_max 1.1 / EMA_005 159.4 / EMA_095 1033.8 / value_mean 682.8 / value_std 293.0 / value_min 23.0 / value_max 1142.1 / target_mean 685.7 / target_std 293.9 / target_min 26.0 / target_max 1144.8 / imag_reward_mean 1.9 / imag_reward_std 4.8 / imag_reward_min -0.0 / imag_reward_max 27.9 / imag_action_mean 9.1 / imag_action_std 4.7 / imag_action_min 0.0 / imag_action_max 17.0 / actor_entropy 0.3 / actor_loss 0.6 / actor_grad_norm 7.1 / value_loss 1.3 / value_grad_norm 1.5 / update_count 63748.0 / fps 12.0
add_video needs package moviepy
add_video needs package moviepy
[265216] 
Start evaluation.
[265216] eval_return 3678.0 / eval_length 1367.8 / eval_episodes 5.0
add_video needs package moviepy
Start training.
[265216] model_loss 15.6 / model_grad_norm 24.9 / image_loss 5.3 / reward_loss 0.1 / cont_loss 0.0 / kl_free 1.0 / dyn_scale 0.5 / rep_scale 0.1 / dyn_loss 17.0 / rep_loss 17.0 / kl 17.0 / prior_abs_ent 31.5 / post_abs_ent -26.5 / prior_obs_ent 10.2 / post_obs_ent -5.2 / boundary_ratio 0.0 / kl_mask 0.0 / normed_target_mean 0.6 / normed_target_std 0.3 / normed_target_min -0.2 / normed_target_max 1.1 / EMA_005 155.8 / EMA_095 1035.6 / value_mean 675.5 / value_std 303.1 / value_min 14.7 / value_max 1138.8 / target_mean 677.8 / target_std 304.1 / target_min 17.6 / target_max 1141.1 / imag_reward_mean 1.9 / imag_reward_std 4.7 / imag_reward_min -0.0 / imag_reward_max 25.3 / imag_action_mean 9.2 / imag_action_std 4.7 / imag_action_min 0.0 / imag_action_max 17.0 / actor_entropy 0.3 / actor_loss 0.4 / actor_grad_norm 7.1 / value_loss 1.3 / value_grad_norm 1.5 / update_count 63904.0 / fps 12.1
add_video needs package moviepy
add_video needs package moviepy
[265840] 
Start evaluation.
[265840] eval_return 3368.0 / eval_length 1576.6 / eval_episodes 5.0
add_video needs package moviepy
Start training.
[265840] model_loss 15.6 / model_grad_norm 24.8 / image_loss 5.2 / reward_loss 0.1 / cont_loss 0.0 / kl_free 1.0 / dyn_scale 0.5 / rep_scale 0.1 / dyn_loss 17.0 / rep_loss 17.0 / kl 17.0 / prior_abs_ent 31.5 / post_abs_ent -26.6 / prior_obs_ent 10.4 / post_obs_ent -5.0 / boundary_ratio 0.0 / kl_mask 0.0 / normed_target_mean 0.6 / normed_target_std 0.3 / normed_target_min -0.1 / normed_target_max 1.1 / EMA_005 141.9 / EMA_095 1035.9 / value_mean 672.9 / value_std 305.6 / value_min 13.4 / value_max 1142.1 / target_mean 675.3 / target_std 306.3 / target_min 15.7 / target_max 1144.0 / imag_reward_mean 1.8 / imag_reward_std 4.6 / imag_reward_min -0.0 / imag_reward_max 25.2 / imag_action_mean 9.1 / imag_action_std 4.7 / imag_action_min 0.0 / imag_action_max 17.0 / actor_entropy 0.3 / actor_loss 0.5 / actor_grad_norm 7.3 / value_loss 1.3 / value_grad_norm 1.5 / update_count 64060.0 / fps 11.7
add_video needs package moviepy
add_video needs package moviepy
[266464] 
Start evaluation.
[266464] eval_return 3654.0 / eval_length 1423.4 / eval_episodes 5.0
add_video needs package moviepy
Start training.
[266464] model_loss 15.4 / model_grad_norm 23.3 / image_loss 5.2 / reward_loss 0.1 / cont_loss 0.0 / kl_free 1.0 / dyn_scale 0.5 / rep_scale 0.1 / dyn_loss 16.9 / rep_loss 16.9 / kl 16.9 / prior_abs_ent 31.6 / post_abs_ent -26.4 / prior_obs_ent 10.6 / post_obs_ent -4.7 / boundary_ratio 0.0 / kl_mask 0.0 / normed_target_mean 0.6 / normed_target_std 0.3 / normed_target_min -0.1 / normed_target_max 1.1 / EMA_005 142.8 / EMA_095 1037.1 / value_mean 673.6 / value_std 302.6 / value_min 15.1 / value_max 1145.7 / target_mean 676.0 / target_std 303.6 / target_min 18.2 / target_max 1148.0 / imag_reward_mean 1.8 / imag_reward_std 4.7 / imag_reward_min -0.0 / imag_reward_max 28.8 / imag_action_mean 9.2 / imag_action_std 4.6 / imag_action_min 0.0 / imag_action_max 17.0 / actor_entropy 0.3 / actor_loss 0.5 / actor_grad_norm 7.1 / value_loss 1.3 / value_grad_norm 1.5 / update_count 64216.0 / fps 12.0
add_video needs package moviepy
add_video needs package moviepy
[267088] 
Start evaluation.
[267088] eval_return 3290.0 / eval_length 1405.6 / eval_episodes 5.0
add_video needs package moviepy
Start training.
[267088] model_loss 15.6 / model_grad_norm 25.0 / image_loss 5.3 / reward_loss 0.1 / cont_loss 0.0 / kl_free 1.0 / dyn_scale 0.5 / rep_scale 0.1 / dyn_loss 17.1 / rep_loss 17.1 / kl 17.1 / prior_abs_ent 31.8 / post_abs_ent -26.5 / prior_obs_ent 10.2 / post_obs_ent -5.3 / boundary_ratio 0.0 / kl_mask 0.0 / normed_target_mean 0.6 / normed_target_std 0.3 / normed_target_min -0.2 / normed_target_max 1.1 / EMA_005 157.6 / EMA_095 1039.0 / value_mean 689.6 / value_std 294.7 / value_min 19.5 / value_max 1147.8 / target_mean 691.7 / target_std 295.8 / target_min 22.9 / target_max 1149.6 / imag_reward_mean 1.9 / imag_reward_std 4.7 / imag_reward_min -0.0 / imag_reward_max 28.7 / imag_action_mean 9.2 / imag_action_std 4.7 / imag_action_min 0.0 / imag_action_max 17.0 / actor_entropy 0.3 / actor_loss 0.3 / actor_grad_norm 7.2 / value_loss 1.3 / value_grad_norm 1.5 / update_count 64372.0 / fps 12.0
add_video needs package moviepy
add_video needs package moviepy
[267668] dataset_size 66917.0 / train_return 3940.0 / train_length 1461.0 / train_episodes 51.0
[267712] 
Start evaluation.
[267712] eval_return 3502.0 / eval_length 1314.6 / eval_episodes 5.0
add_video needs package moviepy
Start training.
[267712] model_loss 15.7 / model_grad_norm 27.2 / image_loss 5.3 / reward_loss 0.1 / cont_loss 0.0 / kl_free 1.0 / dyn_scale 0.5 / rep_scale 0.1 / dyn_loss 17.1 / rep_loss 17.1 / kl 17.1 / prior_abs_ent 31.3 / post_abs_ent -26.6 / prior_obs_ent 10.2 / post_obs_ent -5.3 / boundary_ratio 0.0 / kl_mask 0.0 / normed_target_mean 0.6 / normed_target_std 0.3 / normed_target_min -0.2 / normed_target_max 1.1 / EMA_005 161.1 / EMA_095 1037.2 / value_mean 692.4 / value_std 292.5 / value_min 20.8 / value_max 1142.2 / target_mean 694.7 / target_std 293.2 / target_min 24.8 / target_max 1144.6 / imag_reward_mean 1.8 / imag_reward_std 4.7 / imag_reward_min -0.0 / imag_reward_max 28.8 / imag_action_mean 9.1 / imag_action_std 4.7 / imag_action_min 0.0 / imag_action_max 17.0 / actor_entropy 0.3 / actor_loss 0.5 / actor_grad_norm 7.3 / value_loss 1.3 / value_grad_norm 1.5 / update_count 64528.0 / fps 12.2
add_video needs package moviepy
add_video needs package moviepy
[268336] 
Start evaluation.
[268336] eval_return 3904.0 / eval_length 1442.0 / eval_episodes 5.0
add_video needs package moviepy
Start training.
[268336] model_loss 15.5 / model_grad_norm 25.3 / image_loss 5.2 / reward_loss 0.1 / cont_loss 0.0 / kl_free 1.0 / dyn_scale 0.5 / rep_scale 0.1 / dyn_loss 17.0 / rep_loss 17.0 / kl 17.0 / prior_abs_ent 31.7 / post_abs_ent -26.5 / prior_obs_ent 10.5 / post_obs_ent -4.9 / boundary_ratio 0.0 / kl_mask 0.0 / normed_target_mean 0.6 / normed_target_std 0.3 / normed_target_min -0.2 / normed_target_max 1.1 / EMA_005 164.0 / EMA_095 1037.2 / value_mean 682.9 / value_std 297.3 / value_min 20.0 / value_max 1143.7 / target_mean 684.7 / target_std 298.4 / target_min 24.2 / target_max 1144.2 / imag_reward_mean 1.8 / imag_reward_std 4.7 / imag_reward_min -0.0 / imag_reward_max 32.1 / imag_action_mean 9.0 / imag_action_std 4.7 / imag_action_min 0.0 / imag_action_max 17.0 / actor_entropy 0.3 / actor_loss 0.2 / actor_grad_norm 7.2 / value_loss 1.3 / value_grad_norm 1.5 / update_count 64684.0 / fps 12.0
add_video needs package moviepy
add_video needs package moviepy
[268960] 
Start evaluation.
[268960] eval_return 3178.0 / eval_length 1326.6 / eval_episodes 5.0
add_video needs package moviepy
Start training.
[268960] model_loss 15.7 / model_grad_norm 26.5 / image_loss 5.3 / reward_loss 0.1 / cont_loss 0.0 / kl_free 1.0 / dyn_scale 0.5 / rep_scale 0.1 / dyn_loss 17.1 / rep_loss 17.1 / kl 17.1 / prior_abs_ent 31.4 / post_abs_ent -26.5 / prior_obs_ent 10.2 / post_obs_ent -5.4 / boundary_ratio 0.0 / kl_mask 0.0 / normed_target_mean 0.6 / normed_target_std 0.3 / normed_target_min -0.2 / normed_target_max 1.1 / EMA_005 156.3 / EMA_095 1040.4 / value_mean 685.2 / value_std 299.9 / value_min 16.5 / value_max 1150.7 / target_mean 687.4 / target_std 300.7 / target_min 22.9 / target_max 1151.5 / imag_reward_mean 1.9 / imag_reward_std 4.7 / imag_reward_min -0.0 / imag_reward_max 29.3 / imag_action_mean 8.9 / imag_action_std 4.7 / imag_action_min 0.0 / imag_action_max 17.0 / actor_entropy 0.3 / actor_loss 0.4 / actor_grad_norm 7.2 / value_loss 1.3 / value_grad_norm 1.6 / update_count 64840.0 / fps 12.2
add_video needs package moviepy
add_video needs package moviepy
[269584] 
Start evaluation.
[269584] eval_return 4004.0 / eval_length 1438.4 / eval_episodes 5.0
add_video needs package moviepy
Start training.
[269584] model_loss 15.6 / model_grad_norm 27.8 / image_loss 5.3 / reward_loss 0.1 / cont_loss 0.0 / kl_free 1.0 / dyn_scale 0.5 / rep_scale 0.1 / dyn_loss 17.1 / rep_loss 17.1 / kl 17.1 / prior_abs_ent 31.8 / post_abs_ent -26.6 / prior_obs_ent 10.6 / post_obs_ent -4.8 / boundary_ratio 0.0 / kl_mask 0.0 / normed_target_mean 0.6 / normed_target_std 0.3 / normed_target_min -0.1 / normed_target_max 1.1 / EMA_005 154.0 / EMA_095 1038.4 / value_mean 682.0 / value_std 297.9 / value_min 19.3 / value_max 1145.1 / target_mean 684.2 / target_std 299.0 / target_min 22.3 / target_max 1146.8 / imag_reward_mean 1.8 / imag_reward_std 4.7 / imag_reward_min -0.0 / imag_reward_max 31.9 / imag_action_mean 9.0 / imag_action_std 4.7 / imag_action_min 0.0 / imag_action_max 17.0 / actor_entropy 0.3 / actor_loss 0.4 / actor_grad_norm 7.4 / value_loss 1.3 / value_grad_norm 1.5 / update_count 64996.0 / fps 12.0
add_video needs package moviepy
add_video needs package moviepy
[270208] 
Start evaluation.
[270208] eval_return 3980.0 / eval_length 1404.4 / eval_episodes 5.0
add_video needs package moviepy
Start training.
[270208] model_loss 15.7 / model_grad_norm 25.6 / image_loss 5.2 / reward_loss 0.1 / cont_loss 0.0 / kl_free 1.0 / dyn_scale 0.5 / rep_scale 0.1 / dyn_loss 17.2 / rep_loss 17.2 / kl 17.2 / prior_abs_ent 31.6 / post_abs_ent -26.7 / prior_obs_ent 10.1 / post_obs_ent -5.6 / boundary_ratio 0.0 / kl_mask 0.0 / normed_target_mean 0.6 / normed_target_std 0.3 / normed_target_min -0.2 / normed_target_max 1.1 / EMA_005 170.9 / EMA_095 1043.0 / value_mean 702.4 / value_std 293.2 / value_min 24.6 / value_max 1151.1 / target_mean 704.9 / target_std 294.0 / target_min 27.1 / target_max 1151.2 / imag_reward_mean 1.9 / imag_reward_std 4.8 / imag_reward_min -0.0 / imag_reward_max 34.2 / imag_action_mean 9.1 / imag_action_std 4.7 / imag_action_min 0.0 / imag_action_max 17.0 / actor_entropy 0.3 / actor_loss 0.5 / actor_grad_norm 7.4 / value_loss 1.3 / value_grad_norm 1.5 / update_count 65152.0 / fps 12.0
add_video needs package moviepy
add_video needs package moviepy
[270832] 
Start evaluation.
[270832] eval_return 3960.0 / eval_length 1416.0 / eval_episodes 5.0
add_video needs package moviepy
Start training.
[270832] model_loss 15.6 / model_grad_norm 27.1 / image_loss 5.2 / reward_loss 0.1 / cont_loss 0.0 / kl_free 1.0 / dyn_scale 0.5 / rep_scale 0.1 / dyn_loss 17.1 / rep_loss 17.1 / kl 17.1 / prior_abs_ent 31.5 / post_abs_ent -26.5 / prior_obs_ent 10.1 / post_obs_ent -5.4 / boundary_ratio 0.0 / kl_mask 0.0 / normed_target_mean 0.6 / normed_target_std 0.3 / normed_target_min -0.2 / normed_target_max 1.1 / EMA_005 178.8 / EMA_095 1045.2 / value_mean 705.1 / value_std 295.7 / value_min 25.4 / value_max 1150.0 / target_mean 707.7 / target_std 296.7 / target_min 31.9 / target_max 1153.4 / imag_reward_mean 1.9 / imag_reward_std 4.8 / imag_reward_min -0.0 / imag_reward_max 27.9 / imag_action_mean 9.1 / imag_action_std 4.7 / imag_action_min 0.0 / imag_action_max 17.0 / actor_entropy 0.3 / actor_loss 0.4 / actor_grad_norm 7.1 / value_loss 1.3 / value_grad_norm 1.5 / update_count 65308.0 / fps 12.0
add_video needs package moviepy
add_video needs package moviepy
[271456] 
Start evaluation.
[271456] eval_return 3422.0 / eval_length 1556.4 / eval_episodes 5.0
add_video needs package moviepy
Start training.
[271456] model_loss 15.6 / model_grad_norm 23.3 / image_loss 5.2 / reward_loss 0.1 / cont_loss 0.0 / kl_free 1.0 / dyn_scale 0.5 / rep_scale 0.1 / dyn_loss 17.1 / rep_loss 17.1 / kl 17.1 / prior_abs_ent 31.3 / post_abs_ent -26.5 / prior_obs_ent 10.0 / post_obs_ent -5.5 / boundary_ratio 0.0 / kl_mask 0.0 / normed_target_mean 0.6 / normed_target_std 0.3 / normed_target_min -0.2 / normed_target_max 1.1 / EMA_005 171.1 / EMA_095 1047.6 / value_mean 701.2 / value_std 296.6 / value_min 20.9 / value_max 1147.9 / target_mean 703.6 / target_std 297.5 / target_min 25.1 / target_max 1152.3 / imag_reward_mean 1.9 / imag_reward_std 4.7 / imag_reward_min -0.0 / imag_reward_max 26.2 / imag_action_mean 9.1 / imag_action_std 4.7 / imag_action_min 0.0 / imag_action_max 17.0 / actor_entropy 0.3 / actor_loss 0.4 / actor_grad_norm 7.1 / value_loss 1.3 / value_grad_norm 1.4 / update_count 65464.0 / fps 11.6
add_video needs package moviepy
add_video needs package moviepy
[272080] 
Start evaluation.
[272080] eval_return 3602.0 / eval_length 1418.6 / eval_episodes 5.0
add_video needs package moviepy
Start training.
[272080] model_loss 15.7 / model_grad_norm 28.5 / image_loss 5.3 / reward_loss 0.1 / cont_loss 0.0 / kl_free 1.0 / dyn_scale 0.5 / rep_scale 0.1 / dyn_loss 17.1 / rep_loss 17.1 / kl 17.1 / prior_abs_ent 31.6 / post_abs_ent -26.4 / prior_obs_ent 10.2 / post_obs_ent -5.3 / boundary_ratio 0.0 / kl_mask 0.0 / normed_target_mean 0.6 / normed_target_std 0.3 / normed_target_min -0.2 / normed_target_max 1.1 / EMA_005 168.2 / EMA_095 1045.1 / value_mean 689.4 / value_std 296.4 / value_min 21.3 / value_max 1147.1 / target_mean 692.1 / target_std 297.2 / target_min 27.5 / target_max 1151.3 / imag_reward_mean 1.8 / imag_reward_std 4.7 / imag_reward_min -0.0 / imag_reward_max 22.5 / imag_action_mean 9.0 / imag_action_std 4.7 / imag_action_min 0.0 / imag_action_max 17.0 / actor_entropy 0.3 / actor_loss 0.5 / actor_grad_norm 7.3 / value_loss 1.3 / value_grad_norm 1.5 / update_count 65620.0 / fps 11.9
add_video needs package moviepy
add_video needs package moviepy
[272704] 
Start evaluation.
[272704] eval_return 3674.0 / eval_length 1460.4 / eval_episodes 5.0
add_video needs package moviepy
Start training.
[272704] model_loss 15.7 / model_grad_norm 27.5 / image_loss 5.3 / reward_loss 0.1 / cont_loss 0.0 / kl_free 1.0 / dyn_scale 0.5 / rep_scale 0.1 / dyn_loss 17.1 / rep_loss 17.1 / kl 17.1 / prior_abs_ent 31.5 / post_abs_ent -26.4 / prior_obs_ent 10.4 / post_obs_ent -5.2 / boundary_ratio 0.0 / kl_mask 0.0 / normed_target_mean 0.6 / normed_target_std 0.3 / normed_target_min -0.2 / normed_target_max 1.1 / EMA_005 169.5 / EMA_095 1046.5 / value_mean 703.9 / value_std 296.3 / value_min 17.2 / value_max 1151.5 / target_mean 706.5 / target_std 297.1 / target_min 23.8 / target_max 1154.4 / imag_reward_mean 1.9 / imag_reward_std 4.8 / imag_reward_min -0.0 / imag_reward_max 28.7 / imag_action_mean 8.9 / imag_action_std 4.7 / imag_action_min 0.0 / imag_action_max 17.0 / actor_entropy 0.3 / actor_loss 0.6 / actor_grad_norm 7.4 / value_loss 1.3 / value_grad_norm 1.5 / update_count 65776.0 / fps 11.9
add_video needs package moviepy
add_video needs package moviepy
[273328] 
Start evaluation.
[273328] eval_return 3426.0 / eval_length 1314.4 / eval_episodes 5.0
add_video needs package moviepy
Start training.
[273328] model_loss 15.7 / model_grad_norm 26.5 / image_loss 5.3 / reward_loss 0.1 / cont_loss 0.0 / kl_free 1.0 / dyn_scale 0.5 / rep_scale 0.1 / dyn_loss 17.2 / rep_loss 17.2 / kl 17.2 / prior_abs_ent 31.4 / post_abs_ent -26.7 / prior_obs_ent 10.0 / post_obs_ent -5.6 / boundary_ratio 0.0 / kl_mask 0.0 / normed_target_mean 0.6 / normed_target_std 0.3 / normed_target_min -0.2 / normed_target_max 1.1 / EMA_005 165.5 / EMA_095 1046.6 / value_mean 694.8 / value_std 296.2 / value_min 14.3 / value_max 1149.5 / target_mean 697.2 / target_std 297.4 / target_min 17.2 / target_max 1153.5 / imag_reward_mean 1.9 / imag_reward_std 4.8 / imag_reward_min -0.0 / imag_reward_max 28.8 / imag_action_mean 8.8 / imag_action_std 4.8 / imag_action_min 0.0 / imag_action_max 17.0 / actor_entropy 0.3 / actor_loss 0.5 / actor_grad_norm 7.6 / value_loss 1.3 / value_grad_norm 1.6 / update_count 65932.0 / fps 12.2
add_video needs package moviepy
add_video needs package moviepy
[273612] dataset_size 68403.0 / train_return 4610.0 / train_length 1486.0 / train_episodes 52.0
[273952] 
Start evaluation.
[273952] eval_return 3970.0 / eval_length 1501.0 / eval_episodes 5.0
add_video needs package moviepy
Start training.
[273952] model_loss 16.3 / model_grad_norm 39.6 / image_loss 5.6 / reward_loss 0.1 / cont_loss 0.0 / kl_free 1.0 / dyn_scale 0.5 / rep_scale 0.1 / dyn_loss 17.8 / rep_loss 17.8 / kl 17.8 / prior_abs_ent 31.9 / post_abs_ent -26.7 / prior_obs_ent 11.6 / post_obs_ent -4.4 / boundary_ratio 0.0 / kl_mask 0.0 / normed_target_mean 0.6 / normed_target_std 0.3 / normed_target_min -0.2 / normed_target_max 1.1 / EMA_005 169.9 / EMA_095 1049.4 / value_mean 721.7 / value_std 292.9 / value_min 23.5 / value_max 1154.3 / target_mean 724.1 / target_std 293.8 / target_min 27.4 / target_max 1159.2 / imag_reward_mean 2.0 / imag_reward_std 4.8 / imag_reward_min -0.0 / imag_reward_max 35.6 / imag_action_mean 9.0 / imag_action_std 4.7 / imag_action_min 0.0 / imag_action_max 17.0 / actor_entropy 0.3 / actor_loss 0.5 / actor_grad_norm 7.6 / value_loss 1.3 / value_grad_norm 1.6 / update_count 66088.0 / fps 11.8
add_video needs package moviepy
add_video needs package moviepy
[274576] 
Start evaluation.
[274576] eval_return 3218.0 / eval_length 1420.2 / eval_episodes 5.0
add_video needs package moviepy
Start training.
[274576] model_loss 15.5 / model_grad_norm 22.5 / image_loss 5.2 / reward_loss 0.1 / cont_loss 0.0 / kl_free 1.0 / dyn_scale 0.5 / rep_scale 0.1 / dyn_loss 17.0 / rep_loss 17.0 / kl 17.0 / prior_abs_ent 31.4 / post_abs_ent -26.6 / prior_obs_ent 10.5 / post_obs_ent -5.0 / boundary_ratio 0.0 / kl_mask 0.0 / normed_target_mean 0.6 / normed_target_std 0.3 / normed_target_min -0.2 / normed_target_max 1.1 / EMA_005 160.7 / EMA_095 1052.1 / value_mean 699.1 / value_std 302.8 / value_min 21.9 / value_max 1153.2 / target_mean 702.2 / target_std 303.3 / target_min 22.9 / target_max 1158.2 / imag_reward_mean 1.9 / imag_reward_std 4.8 / imag_reward_min -0.0 / imag_reward_max 34.5 / imag_action_mean 9.0 / imag_action_std 4.7 / imag_action_min 0.0 / imag_action_max 17.0 / actor_entropy 0.3 / actor_loss 0.6 / actor_grad_norm 7.5 / value_loss 1.4 / value_grad_norm 1.5 / update_count 66244.0 / fps 12.0
add_video needs package moviepy
add_video needs package moviepy
[275200] 
Start evaluation.
[275200] eval_return 3600.0 / eval_length 1452.2 / eval_episodes 5.0
add_video needs package moviepy
Start training.
[275200] model_loss 15.5 / model_grad_norm 24.4 / image_loss 5.2 / reward_loss 0.1 / cont_loss 0.0 / kl_free 1.0 / dyn_scale 0.5 / rep_scale 0.1 / dyn_loss 17.0 / rep_loss 17.0 / kl 17.0 / prior_abs_ent 31.5 / post_abs_ent -26.6 / prior_obs_ent 9.7 / post_obs_ent -5.7 / boundary_ratio 0.0 / kl_mask 0.0 / normed_target_mean 0.6 / normed_target_std 0.3 / normed_target_min -0.2 / normed_target_max 1.1 / EMA_005 162.9 / EMA_095 1055.1 / value_mean 704.7 / value_std 302.5 / value_min 17.2 / value_max 1155.5 / target_mean 707.2 / target_std 303.2 / target_min 19.3 / target_max 1165.2 / imag_reward_mean 1.9 / imag_reward_std 4.8 / imag_reward_min -0.0 / imag_reward_max 28.6 / imag_action_mean 9.0 / imag_action_std 4.6 / imag_action_min 0.0 / imag_action_max 17.0 / actor_entropy 0.3 / actor_loss 0.5 / actor_grad_norm 7.2 / value_loss 1.3 / value_grad_norm 1.5 / update_count 66400.0 / fps 11.9
add_video needs package moviepy
add_video needs package moviepy
[275824] 
Start evaluation.
[275824] eval_return 3550.0 / eval_length 1344.6 / eval_episodes 5.0
add_video needs package moviepy
Start training.
[275824] model_loss 15.5 / model_grad_norm 25.2 / image_loss 5.2 / reward_loss 0.1 / cont_loss 0.0 / kl_free 1.0 / dyn_scale 0.5 / rep_scale 0.1 / dyn_loss 16.9 / rep_loss 16.9 / kl 16.9 / prior_abs_ent 31.4 / post_abs_ent -26.6 / prior_obs_ent 9.2 / post_obs_ent -6.2 / boundary_ratio 0.0 / kl_mask 0.0 / normed_target_mean 0.6 / normed_target_std 0.3 / normed_target_min -0.2 / normed_target_max 1.1 / EMA_005 169.6 / EMA_095 1059.1 / value_mean 709.8 / value_std 297.8 / value_min 16.6 / value_max 1159.6 / target_mean 712.4 / target_std 298.5 / target_min 21.4 / target_max 1165.8 / imag_reward_mean 1.9 / imag_reward_std 4.8 / imag_reward_min -0.0 / imag_reward_max 25.7 / imag_action_mean 9.2 / imag_action_std 4.6 / imag_action_min 0.0 / imag_action_max 17.0 / actor_entropy 0.3 / actor_loss 0.5 / actor_grad_norm 7.2 / value_loss 1.3 / value_grad_norm 1.5 / update_count 66556.0 / fps 12.2
add_video needs package moviepy
add_video needs package moviepy
[276448] 
Start evaluation.
[276448] eval_return 3688.0 / eval_length 1530.0 / eval_episodes 5.0
add_video needs package moviepy
Start training.
[276448] model_loss 15.6 / model_grad_norm 24.6 / image_loss 5.2 / reward_loss 0.1 / cont_loss 0.0 / kl_free 1.0 / dyn_scale 0.5 / rep_scale 0.1 / dyn_loss 17.1 / rep_loss 17.1 / kl 17.1 / prior_abs_ent 31.5 / post_abs_ent -26.7 / prior_obs_ent 9.6 / post_obs_ent -5.9 / boundary_ratio 0.0 / kl_mask 0.0 / normed_target_mean 0.6 / normed_target_std 0.3 / normed_target_min -0.2 / normed_target_max 1.1 / EMA_005 170.6 / EMA_095 1056.6 / value_mean 704.5 / value_std 296.9 / value_min 18.5 / value_max 1155.2 / target_mean 706.6 / target_std 297.8 / target_min 22.0 / target_max 1159.2 / imag_reward_mean 1.8 / imag_reward_std 4.7 / imag_reward_min -0.0 / imag_reward_max 29.1 / imag_action_mean 9.0 / imag_action_std 4.7 / imag_action_min 0.0 / imag_action_max 17.0 / actor_entropy 0.3 / actor_loss 0.5 / actor_grad_norm 7.1 / value_loss 1.3 / value_grad_norm 1.5 / update_count 66712.0 / fps 11.7
add_video needs package moviepy
add_video needs package moviepy
[277072] 
Start evaluation.
[277072] eval_return 3414.0 / eval_length 1465.0 / eval_episodes 5.0
add_video needs package moviepy
Start training.
[277072] model_loss 15.4 / model_grad_norm 24.3 / image_loss 5.1 / reward_loss 0.1 / cont_loss 0.0 / kl_free 1.0 / dyn_scale 0.5 / rep_scale 0.1 / dyn_loss 17.0 / rep_loss 17.0 / kl 17.0 / prior_abs_ent 31.6 / post_abs_ent -26.6 / prior_obs_ent 9.4 / post_obs_ent -6.0 / boundary_ratio 0.0 / kl_mask 0.0 / normed_target_mean 0.6 / normed_target_std 0.3 / normed_target_min -0.2 / normed_target_max 1.1 / EMA_005 175.8 / EMA_095 1056.7 / value_mean 718.1 / value_std 291.3 / value_min 21.9 / value_max 1160.2 / target_mean 720.3 / target_std 292.3 / target_min 25.5 / target_max 1165.9 / imag_reward_mean 1.9 / imag_reward_std 4.8 / imag_reward_min -0.0 / imag_reward_max 27.9 / imag_action_mean 8.7 / imag_action_std 4.7 / imag_action_min 0.0 / imag_action_max 17.0 / actor_entropy 0.3 / actor_loss 0.4 / actor_grad_norm 7.5 / value_loss 1.3 / value_grad_norm 1.5 / update_count 66868.0 / fps 12.0
add_video needs package moviepy
add_video needs package moviepy
[277696] 
Start evaluation.
[277696] eval_return 3648.0 / eval_length 1393.2 / eval_episodes 5.0
add_video needs package moviepy
Start training.
[277696] model_loss 15.6 / model_grad_norm 24.9 / image_loss 5.2 / reward_loss 0.1 / cont_loss 0.0 / kl_free 1.0 / dyn_scale 0.5 / rep_scale 0.1 / dyn_loss 17.1 / rep_loss 17.1 / kl 17.1 / prior_abs_ent 31.4 / post_abs_ent -26.6 / prior_obs_ent 9.6 / post_obs_ent -5.9 / boundary_ratio 0.0 / kl_mask 0.0 / normed_target_mean 0.6 / normed_target_std 0.3 / normed_target_min -0.2 / normed_target_max 1.1 / EMA_005 175.8 / EMA_095 1057.0 / value_mean 710.2 / value_std 297.3 / value_min 17.8 / value_max 1156.3 / target_mean 712.6 / target_std 298.3 / target_min 19.5 / target_max 1159.4 / imag_reward_mean 1.9 / imag_reward_std 4.7 / imag_reward_min -0.0 / imag_reward_max 25.9 / imag_action_mean 8.8 / imag_action_std 4.7 / imag_action_min 0.0 / imag_action_max 17.0 / actor_entropy 0.3 / actor_loss 0.4 / actor_grad_norm 7.7 / value_loss 1.3 / value_grad_norm 1.5 / update_count 67024.0 / fps 11.9
add_video needs package moviepy
add_video needs package moviepy
[278320] 
Start evaluation.
[278320] eval_return 3762.0 / eval_length 1564.4 / eval_episodes 5.0
add_video needs package moviepy
Start training.
[278320] model_loss 15.6 / model_grad_norm 25.0 / image_loss 5.2 / reward_loss 0.1 / cont_loss 0.0 / kl_free 1.0 / dyn_scale 0.5 / rep_scale 0.1 / dyn_loss 17.2 / rep_loss 17.2 / kl 17.2 / prior_abs_ent 31.5 / post_abs_ent -26.5 / prior_obs_ent 9.2 / post_obs_ent -6.4 / boundary_ratio 0.0 / kl_mask 0.0 / normed_target_mean 0.6 / normed_target_std 0.3 / normed_target_min -0.2 / normed_target_max 1.1 / EMA_005 169.3 / EMA_095 1059.4 / value_mean 715.5 / value_std 297.1 / value_min 13.7 / value_max 1159.0 / target_mean 718.1 / target_std 298.1 / target_min 20.9 / target_max 1166.0 / imag_reward_mean 1.9 / imag_reward_std 4.8 / imag_reward_min -0.0 / imag_reward_max 25.5 / imag_action_mean 8.9 / imag_action_std 4.7 / imag_action_min 0.0 / imag_action_max 17.0 / actor_entropy 0.3 / actor_loss 0.5 / actor_grad_norm 7.4 / value_loss 1.3 / value_grad_norm 1.5 / update_count 67180.0 / fps 11.6
add_video needs package moviepy
add_video needs package moviepy
[278944] 
Start evaluation.
[278944] eval_return 3190.0 / eval_length 1301.0 / eval_episodes 5.0
add_video needs package moviepy
Start training.
[278944] model_loss 15.6 / model_grad_norm 26.5 / image_loss 5.2 / reward_loss 0.1 / cont_loss 0.0 / kl_free 1.0 / dyn_scale 0.5 / rep_scale 0.1 / dyn_loss 17.2 / rep_loss 17.2 / kl 17.2 / prior_abs_ent 31.6 / post_abs_ent -26.6 / prior_obs_ent 9.4 / post_obs_ent -6.1 / boundary_ratio 0.0 / kl_mask 0.0 / normed_target_mean 0.6 / normed_target_std 0.3 / normed_target_min -0.2 / normed_target_max 1.1 / EMA_005 171.0 / EMA_095 1061.4 / value_mean 721.6 / value_std 295.9 / value_min 16.1 / value_max 1158.6 / target_mean 724.1 / target_std 296.9 / target_min 20.4 / target_max 1168.6 / imag_reward_mean 1.9 / imag_reward_std 4.7 / imag_reward_min -0.0 / imag_reward_max 22.4 / imag_action_mean 8.8 / imag_action_std 4.7 / imag_action_min 0.0 / imag_action_max 17.0 / actor_entropy 0.3 / actor_loss 0.5 / actor_grad_norm 7.7 / value_loss 1.3 / value_grad_norm 1.5 / update_count 67336.0 / fps 12.2
add_video needs package moviepy
add_video needs package moviepy
[279312] dataset_size 69828.0 / train_return 4300.0 / train_length 1425.0 / train_episodes 53.0
[279568] 
Start evaluation.
[279568] eval_return 3730.0 / eval_length 1427.8 / eval_episodes 5.0
add_video needs package moviepy
Start training.
[279568] model_loss 15.6 / model_grad_norm 27.9 / image_loss 5.1 / reward_loss 0.1 / cont_loss 0.0 / kl_free 1.0 / dyn_scale 0.5 / rep_scale 0.1 / dyn_loss 17.2 / rep_loss 17.2 / kl 17.2 / prior_abs_ent 31.7 / post_abs_ent -26.7 / prior_obs_ent 9.9 / post_obs_ent -5.7 / boundary_ratio 0.0 / kl_mask 0.0 / normed_target_mean 0.6 / normed_target_std 0.3 / normed_target_min -0.2 / normed_target_max 1.1 / EMA_005 163.8 / EMA_095 1062.3 / value_mean 717.8 / value_std 299.1 / value_min 18.6 / value_max 1159.9 / target_mean 720.4 / target_std 300.1 / target_min 24.3 / target_max 1171.2 / imag_reward_mean 1.9 / imag_reward_std 4.8 / imag_reward_min -0.0 / imag_reward_max 28.3 / imag_action_mean 9.0 / imag_action_std 4.7 / imag_action_min 0.0 / imag_action_max 17.0 / actor_entropy 0.3 / actor_loss 0.5 / actor_grad_norm 7.5 / value_loss 1.4 / value_grad_norm 1.5 / update_count 67492.0 / fps 11.9
add_video needs package moviepy
add_video needs package moviepy
[280192] 
Start evaluation.
[280192] eval_return 3398.0 / eval_length 1326.6 / eval_episodes 5.0
add_video needs package moviepy
Start training.
[280192] model_loss 15.5 / model_grad_norm 25.9 / image_loss 5.1 / reward_loss 0.1 / cont_loss 0.0 / kl_free 1.0 / dyn_scale 0.5 / rep_scale 0.1 / dyn_loss 17.2 / rep_loss 17.2 / kl 17.2 / prior_abs_ent 31.7 / post_abs_ent -26.7 / prior_obs_ent 9.6 / post_obs_ent -6.1 / boundary_ratio 0.0 / kl_mask 0.0 / normed_target_mean 0.6 / normed_target_std 0.3 / normed_target_min -0.2 / normed_target_max 1.1 / EMA_005 169.3 / EMA_095 1062.5 / value_mean 720.1 / value_std 296.5 / value_min 15.8 / value_max 1162.2 / target_mean 722.5 / target_std 297.4 / target_min 18.6 / target_max 1169.3 / imag_reward_mean 1.9 / imag_reward_std 4.8 / imag_reward_min -0.0 / imag_reward_max 25.2 / imag_action_mean 9.2 / imag_action_std 4.7 / imag_action_min 0.0 / imag_action_max 17.0 / actor_entropy 0.3 / actor_loss 0.4 / actor_grad_norm 7.6 / value_loss 1.3 / value_grad_norm 1.5 / update_count 67648.0 / fps 12.2
add_video needs package moviepy
add_video needs package moviepy
[280816] 
Start evaluation.
[280816] eval_return 3414.0 / eval_length 1393.0 / eval_episodes 5.0
add_video needs package moviepy
Start training.
[280816] model_loss 15.6 / model_grad_norm 24.6 / image_loss 5.2 / reward_loss 0.1 / cont_loss 0.0 / kl_free 1.0 / dyn_scale 0.5 / rep_scale 0.1 / dyn_loss 17.2 / rep_loss 17.2 / kl 17.2 / prior_abs_ent 31.7 / post_abs_ent -26.5 / prior_obs_ent 9.5 / post_obs_ent -6.2 / boundary_ratio 0.0 / kl_mask 0.0 / normed_target_mean 0.6 / normed_target_std 0.3 / normed_target_min -0.2 / normed_target_max 1.1 / EMA_005 166.5 / EMA_095 1062.5 / value_mean 718.9 / value_std 299.8 / value_min 11.3 / value_max 1162.3 / target_mean 721.7 / target_std 300.6 / target_min 13.4 / target_max 1171.5 / imag_reward_mean 1.9 / imag_reward_std 4.8 / imag_reward_min -0.0 / imag_reward_max 28.3 / imag_action_mean 9.1 / imag_action_std 4.6 / imag_action_min 0.0 / imag_action_max 17.0 / actor_entropy 0.3 / actor_loss 0.5 / actor_grad_norm 7.5 / value_loss 1.3 / value_grad_norm 1.6 / update_count 67804.0 / fps 12.1
add_video needs package moviepy
add_video needs package moviepy
[281440] 
Start evaluation.
[281440] eval_return 3644.0 / eval_length 1500.0 / eval_episodes 5.0
add_video needs package moviepy
Start training.
[281440] model_loss 15.7 / model_grad_norm 27.1 / image_loss 5.2 / reward_loss 0.1 / cont_loss 0.0 / kl_free 1.0 / dyn_scale 0.5 / rep_scale 0.1 / dyn_loss 17.3 / rep_loss 17.3 / kl 17.3 / prior_abs_ent 31.3 / post_abs_ent -26.5 / prior_obs_ent 9.6 / post_obs_ent -6.1 / boundary_ratio 0.0 / kl_mask 0.0 / normed_target_mean 0.6 / normed_target_std 0.3 / normed_target_min -0.2 / normed_target_max 1.1 / EMA_005 169.6 / EMA_095 1067.1 / value_mean 729.1 / value_std 295.6 / value_min 20.6 / value_max 1166.6 / target_mean 731.6 / target_std 296.5 / target_min 22.6 / target_max 1176.8 / imag_reward_mean 1.9 / imag_reward_std 4.8 / imag_reward_min -0.0 / imag_reward_max 27.2 / imag_action_mean 9.2 / imag_action_std 4.6 / imag_action_min 0.0 / imag_action_max 17.0 / actor_entropy 0.3 / actor_loss 0.5 / actor_grad_norm 7.5 / value_loss 1.3 / value_grad_norm 1.5 / update_count 67960.0 / fps 11.8
add_video needs package moviepy
add_video needs package moviepy
[282064] 
Start evaluation.
[282064] eval_return 3870.0 / eval_length 1446.2 / eval_episodes 5.0
add_video needs package moviepy
Start training.
[282064] model_loss 15.6 / model_grad_norm 23.5 / image_loss 5.2 / reward_loss 0.1 / cont_loss 0.0 / kl_free 1.0 / dyn_scale 0.5 / rep_scale 0.1 / dyn_loss 17.3 / rep_loss 17.3 / kl 17.3 / prior_abs_ent 31.6 / post_abs_ent -26.5 / prior_obs_ent 9.9 / post_obs_ent -5.8 / boundary_ratio 0.0 / kl_mask 0.0 / normed_target_mean 0.6 / normed_target_std 0.3 / normed_target_min -0.2 / normed_target_max 1.1 / EMA_005 167.1 / EMA_095 1072.3 / value_mean 726.5 / value_std 301.1 / value_min 15.4 / value_max 1169.8 / target_mean 729.3 / target_std 301.9 / target_min 18.9 / target_max 1181.0 / imag_reward_mean 2.0 / imag_reward_std 4.8 / imag_reward_min -0.0 / imag_reward_max 31.9 / imag_action_mean 9.2 / imag_action_std 4.7 / imag_action_min 0.0 / imag_action_max 17.0 / actor_entropy 0.3 / actor_loss 0.5 / actor_grad_norm 7.7 / value_loss 1.3 / value_grad_norm 1.6 / update_count 68116.0 / fps 11.8
add_video needs package moviepy
add_video needs package moviepy
[282688] 
Start evaluation.
[282688] eval_return 3750.0 / eval_length 1307.4 / eval_episodes 5.0
add_video needs package moviepy
Start training.
[282688] model_loss 15.7 / model_grad_norm 25.2 / image_loss 5.2 / reward_loss 0.1 / cont_loss 0.0 / kl_free 1.0 / dyn_scale 0.5 / rep_scale 0.1 / dyn_loss 17.3 / rep_loss 17.3 / kl 17.3 / prior_abs_ent 31.4 / post_abs_ent -26.5 / prior_obs_ent 9.4 / post_obs_ent -6.2 / boundary_ratio 0.0 / kl_mask 0.0 / normed_target_mean 0.6 / normed_target_std 0.3 / normed_target_min -0.2 / normed_target_max 1.1 / EMA_005 181.3 / EMA_095 1073.1 / value_mean 739.1 / value_std 291.2 / value_min 19.2 / value_max 1165.6 / target_mean 741.8 / target_std 292.1 / target_min 27.2 / target_max 1179.5 / imag_reward_mean 1.9 / imag_reward_std 4.8 / imag_reward_min -0.0 / imag_reward_max 31.6 / imag_action_mean 9.3 / imag_action_std 4.6 / imag_action_min 0.0 / imag_action_max 17.0 / actor_entropy 0.3 / actor_loss 0.4 / actor_grad_norm 7.5 / value_loss 1.3 / value_grad_norm 1.5 / update_count 68272.0 / fps 12.2
add_video needs package moviepy
add_video needs package moviepy
[283312] 
Start evaluation.
[283312] eval_return 4242.0 / eval_length 1453.4 / eval_episodes 5.0
add_video needs package moviepy
Start training.
[283312] model_loss 15.4 / model_grad_norm 27.2 / image_loss 5.1 / reward_loss 0.1 / cont_loss 0.0 / kl_free 1.0 / dyn_scale 0.5 / rep_scale 0.1 / dyn_loss 17.1 / rep_loss 17.1 / kl 17.1 / prior_abs_ent 31.6 / post_abs_ent -26.4 / prior_obs_ent 10.1 / post_obs_ent -5.5 / boundary_ratio 0.0 / kl_mask 0.0 / normed_target_mean 0.6 / normed_target_std 0.3 / normed_target_min -0.2 / normed_target_max 1.1 / EMA_005 180.8 / EMA_095 1074.2 / value_mean 734.0 / value_std 296.2 / value_min 17.8 / value_max 1165.3 / target_mean 736.7 / target_std 297.1 / target_min 20.8 / target_max 1178.6 / imag_reward_mean 1.9 / imag_reward_std 4.7 / imag_reward_min -0.0 / imag_reward_max 25.1 / imag_action_mean 9.2 / imag_action_std 4.6 / imag_action_min 0.0 / imag_action_max 17.0 / actor_entropy 0.3 / actor_loss 0.5 / actor_grad_norm 7.8 / value_loss 1.3 / value_grad_norm 1.6 / update_count 68428.0 / fps 11.8
add_video needs package moviepy
add_video needs package moviepy
[283936] 
Start evaluation.
[283936] eval_return 3282.0 / eval_length 1330.0 / eval_episodes 5.0
add_video needs package moviepy
Start training.
[283936] model_loss 15.6 / model_grad_norm 28.6 / image_loss 5.2 / reward_loss 0.1 / cont_loss 0.0 / kl_free 1.0 / dyn_scale 0.5 / rep_scale 0.1 / dyn_loss 17.2 / rep_loss 17.2 / kl 17.2 / prior_abs_ent 31.7 / post_abs_ent -26.6 / prior_obs_ent 10.0 / post_obs_ent -5.6 / boundary_ratio 0.0 / kl_mask 0.0 / normed_target_mean 0.6 / normed_target_std 0.3 / normed_target_min -0.2 / normed_target_max 1.1 / EMA_005 175.2 / EMA_095 1075.7 / value_mean 723.6 / value_std 298.7 / value_min 18.0 / value_max 1165.0 / target_mean 726.4 / target_std 299.6 / target_min 21.7 / target_max 1181.3 / imag_reward_mean 1.9 / imag_reward_std 4.7 / imag_reward_min -0.0 / imag_reward_max 30.1 / imag_action_mean 9.2 / imag_action_std 4.6 / imag_action_min 0.0 / imag_action_max 17.0 / actor_entropy 0.3 / actor_loss 0.5 / actor_grad_norm 7.9 / value_loss 1.4 / value_grad_norm 1.5 / update_count 68584.0 / fps 12.2
add_video needs package moviepy
add_video needs package moviepy
[284560] 
Start evaluation.
[284560] eval_return 3296.0 / eval_length 1304.8 / eval_episodes 5.0
add_video needs package moviepy
Start training.
[284560] model_loss 15.6 / model_grad_norm 24.3 / image_loss 5.2 / reward_loss 0.1 / cont_loss 0.0 / kl_free 1.0 / dyn_scale 0.5 / rep_scale 0.1 / dyn_loss 17.2 / rep_loss 17.2 / kl 17.2 / prior_abs_ent 31.6 / post_abs_ent -26.3 / prior_obs_ent 9.7 / post_obs_ent -5.9 / boundary_ratio 0.0 / kl_mask 0.0 / normed_target_mean 0.6 / normed_target_std 0.3 / normed_target_min -0.2 / normed_target_max 1.1 / EMA_005 178.7 / EMA_095 1080.0 / value_mean 725.8 / value_std 292.7 / value_min 18.8 / value_max 1169.8 / target_mean 728.7 / target_std 293.6 / target_min 24.7 / target_max 1190.3 / imag_reward_mean 1.9 / imag_reward_std 4.8 / imag_reward_min -0.0 / imag_reward_max 29.1 / imag_action_mean 9.2 / imag_action_std 4.7 / imag_action_min 0.0 / imag_action_max 17.0 / actor_entropy 0.3 / actor_loss 0.5 / actor_grad_norm 7.8 / value_loss 1.4 / value_grad_norm 1.7 / update_count 68740.0 / fps 12.2
add_video needs package moviepy
add_video needs package moviepy
[284748] dataset_size 71187.0 / train_return 3220.0 / train_length 1359.0 / train_episodes 54.0
[285184] 
Start evaluation.
[285184] eval_return 3638.0 / eval_length 1463.2 / eval_episodes 5.0
add_video needs package moviepy
Start training.
[285184] model_loss 15.6 / model_grad_norm 27.3 / image_loss 5.1 / reward_loss 0.1 / cont_loss 0.0 / kl_free 1.0 / dyn_scale 0.5 / rep_scale 0.1 / dyn_loss 17.3 / rep_loss 17.3 / kl 17.3 / prior_abs_ent 31.8 / post_abs_ent -26.5 / prior_obs_ent 9.5 / post_obs_ent -6.2 / boundary_ratio 0.0 / kl_mask 0.0 / normed_target_mean 0.6 / normed_target_std 0.3 / normed_target_min -0.2 / normed_target_max 1.1 / EMA_005 192.9 / EMA_095 1085.8 / value_mean 743.9 / value_std 290.0 / value_min 21.8 / value_max 1173.0 / target_mean 746.4 / target_std 291.4 / target_min 27.1 / target_max 1193.4 / imag_reward_mean 2.0 / imag_reward_std 4.9 / imag_reward_min -0.0 / imag_reward_max 42.7 / imag_action_mean 9.3 / imag_action_std 4.7 / imag_action_min 0.0 / imag_action_max 17.0 / actor_entropy 0.3 / actor_loss 0.4 / actor_grad_norm 7.7 / value_loss 1.3 / value_grad_norm 1.6 / update_count 68896.0 / fps 11.9
add_video needs package moviepy
add_video needs package moviepy
[285808] 
Start evaluation.
[285808] eval_return 3052.0 / eval_length 1408.8 / eval_episodes 5.0
add_video needs package moviepy
Start training.
[285808] model_loss 15.6 / model_grad_norm 27.3 / image_loss 5.1 / reward_loss 0.1 / cont_loss 0.0 / kl_free 1.0 / dyn_scale 0.5 / rep_scale 0.1 / dyn_loss 17.2 / rep_loss 17.2 / kl 17.2 / prior_abs_ent 31.7 / post_abs_ent -26.4 / prior_obs_ent 9.9 / post_obs_ent -5.7 / boundary_ratio 0.0 / kl_mask 0.0 / normed_target_mean 0.6 / normed_target_std 0.3 / normed_target_min -0.2 / normed_target_max 1.1 / EMA_005 187.3 / EMA_095 1087.4 / value_mean 732.9 / value_std 297.9 / value_min 18.9 / value_max 1171.6 / target_mean 734.9 / target_std 299.0 / target_min 21.9 / target_max 1192.3 / imag_reward_mean 1.9 / imag_reward_std 4.8 / imag_reward_min -0.0 / imag_reward_max 31.7 / imag_action_mean 9.2 / imag_action_std 4.7 / imag_action_min 0.0 / imag_action_max 17.0 / actor_entropy 0.3 / actor_loss 0.2 / actor_grad_norm 7.9 / value_loss 1.4 / value_grad_norm 1.5 / update_count 69052.0 / fps 12.0
add_video needs package moviepy
add_video needs package moviepy
[286432] 
Start evaluation.
[286432] eval_return 3938.0 / eval_length 1419.8 / eval_episodes 5.0
add_video needs package moviepy
Start training.
[286432] model_loss 15.6 / model_grad_norm 26.4 / image_loss 5.1 / reward_loss 0.1 / cont_loss 0.0 / kl_free 1.0 / dyn_scale 0.5 / rep_scale 0.1 / dyn_loss 17.3 / rep_loss 17.3 / kl 17.3 / prior_abs_ent 31.9 / post_abs_ent -26.6 / prior_obs_ent 9.6 / post_obs_ent -6.1 / boundary_ratio 0.0 / kl_mask 0.0 / normed_target_mean 0.6 / normed_target_std 0.3 / normed_target_min -0.2 / normed_target_max 1.1 / EMA_005 187.4 / EMA_095 1088.0 / value_mean 730.4 / value_std 299.5 / value_min 14.9 / value_max 1172.0 / target_mean 733.1 / target_std 300.3 / target_min 19.7 / target_max 1194.0 / imag_reward_mean 1.9 / imag_reward_std 4.8 / imag_reward_min -0.0 / imag_reward_max 25.4 / imag_action_mean 9.2 / imag_action_std 4.7 / imag_action_min 0.0 / imag_action_max 17.0 / actor_entropy 0.3 / actor_loss 0.4 / actor_grad_norm 8.0 / value_loss 1.4 / value_grad_norm 1.6 / update_count 69208.0 / fps 12.0
add_video needs package moviepy
add_video needs package moviepy
[287056] 
Start evaluation.
[287056] eval_return 3116.0 / eval_length 1226.0 / eval_episodes 5.0
add_video needs package moviepy
Start training.
[287056] model_loss 15.5 / model_grad_norm 24.8 / image_loss 5.1 / reward_loss 0.1 / cont_loss 0.0 / kl_free 1.0 / dyn_scale 0.5 / rep_scale 0.1 / dyn_loss 17.2 / rep_loss 17.2 / kl 17.2 / prior_abs_ent 31.7 / post_abs_ent -26.5 / prior_obs_ent 9.4 / post_obs_ent -6.2 / boundary_ratio 0.0 / kl_mask 0.0 / normed_target_mean 0.6 / normed_target_std 0.3 / normed_target_min -0.2 / normed_target_max 1.1 / EMA_005 188.2 / EMA_095 1088.6 / value_mean 745.9 / value_std 291.9 / value_min 22.3 / value_max 1170.7 / target_mean 748.1 / target_std 292.9 / target_min 29.8 / target_max 1189.8 / imag_reward_mean 1.9 / imag_reward_std 4.7 / imag_reward_min -0.0 / imag_reward_max 24.4 / imag_action_mean 9.1 / imag_action_std 4.7 / imag_action_min 0.0 / imag_action_max 17.0 / actor_entropy 0.3 / actor_loss 0.3 / actor_grad_norm 7.9 / value_loss 1.3 / value_grad_norm 1.5 / update_count 69364.0 / fps 12.5
add_video needs package moviepy
add_video needs package moviepy
[287680] 
Start evaluation.
[287680] eval_return 3746.0 / eval_length 1417.4 / eval_episodes 5.0
add_video needs package moviepy
Start training.
[287680] model_loss 16.7 / model_grad_norm 50.3 / image_loss 5.7 / reward_loss 0.1 / cont_loss 0.0 / kl_free 1.0 / dyn_scale 0.5 / rep_scale 0.1 / dyn_loss 18.1 / rep_loss 18.1 / kl 18.1 / prior_abs_ent 31.9 / post_abs_ent -26.6 / prior_obs_ent 11.7 / post_obs_ent -4.6 / boundary_ratio 0.0 / kl_mask 0.0 / normed_target_mean 0.6 / normed_target_std 0.3 / normed_target_min -0.2 / normed_target_max 1.1 / EMA_005 186.1 / EMA_095 1088.4 / value_mean 737.0 / value_std 294.6 / value_min 14.1 / value_max 1171.8 / target_mean 739.4 / target_std 295.9 / target_min 18.2 / target_max 1189.6 / imag_reward_mean 1.9 / imag_reward_std 4.8 / imag_reward_min -0.0 / imag_reward_max 25.4 / imag_action_mean 9.2 / imag_action_std 4.7 / imag_action_min 0.0 / imag_action_max 17.0 / actor_entropy 0.3 / actor_loss 0.4 / actor_grad_norm 8.7 / value_loss 1.4 / value_grad_norm 1.6 / update_count 69520.0 / fps 12.0
add_video needs package moviepy
add_video needs package moviepy
[288304] 
Start evaluation.
[288304] eval_return 3680.0 / eval_length 1461.0 / eval_episodes 5.0
add_video needs package moviepy
Start training.
[288304] model_loss 15.7 / model_grad_norm 23.8 / image_loss 5.2 / reward_loss 0.1 / cont_loss 0.0 / kl_free 1.0 / dyn_scale 0.5 / rep_scale 0.1 / dyn_loss 17.2 / rep_loss 17.2 / kl 17.2 / prior_abs_ent 31.2 / post_abs_ent -26.4 / prior_obs_ent 10.5 / post_obs_ent -5.2 / boundary_ratio 0.0 / kl_mask 0.0 / normed_target_mean 0.6 / normed_target_std 0.3 / normed_target_min -0.2 / normed_target_max 1.1 / EMA_005 189.2 / EMA_095 1088.3 / value_mean 734.7 / value_std 296.0 / value_min 20.2 / value_max 1172.4 / target_mean 737.7 / target_std 296.9 / target_min 26.9 / target_max 1193.5 / imag_reward_mean 1.9 / imag_reward_std 4.8 / imag_reward_min -0.0 / imag_reward_max 25.4 / imag_action_mean 9.1 / imag_action_std 4.8 / imag_action_min 0.0 / imag_action_max 17.0 / actor_entropy 0.3 / actor_loss 0.7 / actor_grad_norm 8.4 / value_loss 1.4 / value_grad_norm 1.6 / update_count 69676.0 / fps 11.9
add_video needs package moviepy
add_video needs package moviepy
[288928] 
Start evaluation.
[288928] eval_return 3098.0 / eval_length 1268.2 / eval_episodes 5.0
add_video needs package moviepy
Start training.
[288928] model_loss 15.5 / model_grad_norm 24.2 / image_loss 5.2 / reward_loss 0.1 / cont_loss 0.0 / kl_free 1.0 / dyn_scale 0.5 / rep_scale 0.1 / dyn_loss 16.9 / rep_loss 16.9 / kl 16.9 / prior_abs_ent 31.4 / post_abs_ent -26.5 / prior_obs_ent 9.5 / post_obs_ent -6.0 / boundary_ratio 0.0 / kl_mask 0.0 / normed_target_mean 0.6 / normed_target_std 0.3 / normed_target_min -0.2 / normed_target_max 1.1 / EMA_005 203.5 / EMA_095 1092.6 / value_mean 751.2 / value_std 284.7 / value_min 27.9 / value_max 1175.5 / target_mean 753.9 / target_std 285.7 / target_min 32.2 / target_max 1198.0 / imag_reward_mean 1.9 / imag_reward_std 4.8 / imag_reward_min -0.0 / imag_reward_max 28.6 / imag_action_mean 9.1 / imag_action_std 4.7 / imag_action_min 0.0 / imag_action_max 17.0 / actor_entropy 0.3 / actor_loss 0.6 / actor_grad_norm 8.4 / value_loss 1.3 / value_grad_norm 1.5 / update_count 69832.0 / fps 12.3
add_video needs package moviepy
add_video needs package moviepy
[289552] 
Start evaluation.
[289552] eval_return 3608.0 / eval_length 1452.2 / eval_episodes 5.0
add_video needs package moviepy
Start training.
[289552] model_loss 15.5 / model_grad_norm 24.9 / image_loss 5.1 / reward_loss 0.1 / cont_loss 0.0 / kl_free 1.0 / dyn_scale 0.5 / rep_scale 0.1 / dyn_loss 17.0 / rep_loss 17.0 / kl 17.0 / prior_abs_ent 31.5 / post_abs_ent -26.6 / prior_obs_ent 9.0 / post_obs_ent -6.5 / boundary_ratio 0.0 / kl_mask 0.0 / normed_target_mean 0.6 / normed_target_std 0.3 / normed_target_min -0.2 / normed_target_max 1.1 / EMA_005 211.4 / EMA_095 1096.0 / value_mean 744.5 / value_std 296.4 / value_min 19.7 / value_max 1176.0 / target_mean 747.4 / target_std 297.4 / target_min 21.8 / target_max 1202.9 / imag_reward_mean 1.9 / imag_reward_std 4.8 / imag_reward_min -0.0 / imag_reward_max 26.1 / imag_action_mean 9.0 / imag_action_std 4.7 / imag_action_min 0.0 / imag_action_max 17.0 / actor_entropy 0.3 / actor_loss 0.6 / actor_grad_norm 8.4 / value_loss 1.3 / value_grad_norm 1.5 / update_count 69988.0 / fps 11.9
add_video needs package moviepy
add_video needs package moviepy
[290176] 
Start evaluation.
[290176] eval_return 3260.0 / eval_length 1420.4 / eval_episodes 5.0
add_video needs package moviepy
Start training.
[290176] model_loss 15.5 / model_grad_norm 27.4 / image_loss 5.1 / reward_loss 0.1 / cont_loss 0.0 / kl_free 1.0 / dyn_scale 0.5 / rep_scale 0.1 / dyn_loss 17.2 / rep_loss 17.2 / kl 17.2 / prior_abs_ent 31.5 / post_abs_ent -26.7 / prior_obs_ent 9.2 / post_obs_ent -6.4 / boundary_ratio 0.0 / kl_mask 0.0 / normed_target_mean 0.6 / normed_target_std 0.3 / normed_target_min -0.2 / normed_target_max 1.1 / EMA_005 191.4 / EMA_095 1098.5 / value_mean 747.7 / value_std 296.3 / value_min 13.2 / value_max 1176.3 / target_mean 750.4 / target_std 297.2 / target_min 17.4 / target_max 1200.2 / imag_reward_mean 1.9 / imag_reward_std 4.8 / imag_reward_min -0.0 / imag_reward_max 28.7 / imag_action_mean 9.0 / imag_action_std 4.7 / imag_action_min 0.0 / imag_action_max 17.0 / actor_entropy 0.3 / actor_loss 0.6 / actor_grad_norm 8.5 / value_loss 1.3 / value_grad_norm 1.6 / update_count 70144.0 / fps 12.1
add_video needs package moviepy
add_video needs package moviepy
[290800] 
Start evaluation.
[290800] eval_return 3690.0 / eval_length 1450.4 / eval_episodes 5.0
add_video needs package moviepy
Start training.
[290800] model_loss 15.4 / model_grad_norm 23.0 / image_loss 5.1 / reward_loss 0.1 / cont_loss 0.0 / kl_free 1.0 / dyn_scale 0.5 / rep_scale 0.1 / dyn_loss 17.0 / rep_loss 17.0 / kl 17.0 / prior_abs_ent 31.6 / post_abs_ent -26.5 / prior_obs_ent 8.8 / post_obs_ent -6.7 / boundary_ratio 0.0 / kl_mask 0.0 / normed_target_mean 0.6 / normed_target_std 0.3 / normed_target_min -0.2 / normed_target_max 1.1 / EMA_005 190.5 / EMA_095 1097.6 / value_mean 740.5 / value_std 293.1 / value_min 12.1 / value_max 1175.2 / target_mean 742.7 / target_std 294.3 / target_min 18.8 / target_max 1197.9 / imag_reward_mean 1.9 / imag_reward_std 4.8 / imag_reward_min -0.0 / imag_reward_max 29.5 / imag_action_mean 9.0 / imag_action_std 4.6 / imag_action_min 0.0 / imag_action_max 17.0 / actor_entropy 0.3 / actor_loss 0.4 / actor_grad_norm 8.0 / value_loss 1.3 / value_grad_norm 1.5 / update_count 70300.0 / fps 11.9
add_video needs package moviepy
add_video needs package moviepy
[291352] dataset_size 72838.0 / train_return 4380.0 / train_length 1651.0 / train_episodes 55.0
[291424] 
Start evaluation.
[291424] eval_return 3602.0 / eval_length 1517.4 / eval_episodes 5.0
add_video needs package moviepy
Start training.
[291424] model_loss 15.4 / model_grad_norm 27.0 / image_loss 5.0 / reward_loss 0.1 / cont_loss 0.0 / kl_free 1.0 / dyn_scale 0.5 / rep_scale 0.1 / dyn_loss 17.1 / rep_loss 17.1 / kl 17.1 / prior_abs_ent 31.7 / post_abs_ent -26.7 / prior_obs_ent 9.0 / post_obs_ent -6.5 / boundary_ratio 0.0 / kl_mask 0.0 / normed_target_mean 0.6 / normed_target_std 0.3 / normed_target_min -0.2 / normed_target_max 1.1 / EMA_005 194.4 / EMA_095 1101.2 / value_mean 751.2 / value_std 298.9 / value_min 14.0 / value_max 1178.9 / target_mean 753.7 / target_std 299.6 / target_min 18.6 / target_max 1204.8 / imag_reward_mean 1.9 / imag_reward_std 4.8 / imag_reward_min -0.0 / imag_reward_max 28.6 / imag_action_mean 8.9 / imag_action_std 4.6 / imag_action_min 0.0 / imag_action_max 17.0 / actor_entropy 0.3 / actor_loss 0.4 / actor_grad_norm 8.2 / value_loss 1.3 / value_grad_norm 1.5 / update_count 70456.0 / fps 11.6
add_video needs package moviepy
add_video needs package moviepy
[292048] 
Start evaluation.
[292048] eval_return 4116.0 / eval_length 1503.6 / eval_episodes 5.0
add_video needs package moviepy
Start training.
[292048] model_loss 17.1 / model_grad_norm 38.4 / image_loss 6.1 / reward_loss 0.1 / cont_loss 0.0 / kl_free 1.0 / dyn_scale 0.5 / rep_scale 0.1 / dyn_loss 18.1 / rep_loss 18.1 / kl 18.1 / prior_abs_ent 32.9 / post_abs_ent -26.6 / prior_obs_ent 12.1 / post_obs_ent -4.1 / boundary_ratio 0.0 / kl_mask 0.0 / normed_target_mean 0.6 / normed_target_std 0.3 / normed_target_min -0.2 / normed_target_max 1.1 / EMA_005 188.0 / EMA_095 1092.9 / value_mean 731.0 / value_std 293.9 / value_min 12.7 / value_max 1172.4 / target_mean 733.0 / target_std 294.7 / target_min 15.7 / target_max 1192.2 / imag_reward_mean 1.8 / imag_reward_std 4.6 / imag_reward_min -0.0 / imag_reward_max 22.6 / imag_action_mean 9.0 / imag_action_std 4.6 / imag_action_min 0.0 / imag_action_max 17.0 / actor_entropy 0.4 / actor_loss 0.4 / actor_grad_norm 9.0 / value_loss 1.4 / value_grad_norm 1.6 / update_count 70612.0 / fps 11.9
add_video needs package moviepy
add_video needs package moviepy
[292672] 
Start evaluation.
[292672] eval_return 3566.0 / eval_length 1352.8 / eval_episodes 5.0
add_video needs package moviepy
Start training.
[292672] model_loss 17.8 / model_grad_norm 40.9 / image_loss 6.5 / reward_loss 0.1 / cont_loss 0.0 / kl_free 1.0 / dyn_scale 0.5 / rep_scale 0.1 / dyn_loss 18.7 / rep_loss 18.7 / kl 18.7 / prior_abs_ent 34.2 / post_abs_ent -26.5 / prior_obs_ent 14.7 / post_obs_ent -2.0 / boundary_ratio 0.0 / kl_mask 0.0 / normed_target_mean 0.6 / normed_target_std 0.3 / normed_target_min -0.2 / normed_target_max 1.1 / EMA_005 176.9 / EMA_095 1084.9 / value_mean 718.6 / value_std 295.0 / value_min 14.1 / value_max 1169.0 / target_mean 720.2 / target_std 295.4 / target_min 17.5 / target_max 1187.4 / imag_reward_mean 1.8 / imag_reward_std 4.6 / imag_reward_min -0.0 / imag_reward_max 22.5 / imag_action_mean 9.1 / imag_action_std 4.5 / imag_action_min 0.0 / imag_action_max 17.0 / actor_entropy 0.4 / actor_loss 0.2 / actor_grad_norm 9.1 / value_loss 1.4 / value_grad_norm 1.7 / update_count 70768.0 / fps 12.1
add_video needs package moviepy
add_video needs package moviepy
[293296] 
Start evaluation.
[293296] eval_return 4040.0 / eval_length 1466.0 / eval_episodes 5.0
add_video needs package moviepy
Start training.
[293296] model_loss 15.8 / model_grad_norm 22.5 / image_loss 5.2 / reward_loss 0.1 / cont_loss 0.0 / kl_free 1.0 / dyn_scale 0.5 / rep_scale 0.1 / dyn_loss 17.4 / rep_loss 17.4 / kl 17.4 / prior_abs_ent 32.8 / post_abs_ent -26.5 / prior_obs_ent 11.5 / post_obs_ent -4.4 / boundary_ratio 0.0 / kl_mask 0.0 / normed_target_mean 0.6 / normed_target_std 0.3 / normed_target_min -0.2 / normed_target_max 1.1 / EMA_005 171.5 / EMA_095 1085.8 / value_mean 738.7 / value_std 297.5 / value_min 16.8 / value_max 1169.4 / target_mean 740.8 / target_std 298.0 / target_min 20.5 / target_max 1193.5 / imag_reward_mean 1.8 / imag_reward_std 4.7 / imag_reward_min -0.0 / imag_reward_max 31.5 / imag_action_mean 9.1 / imag_action_std 4.6 / imag_action_min 0.0 / imag_action_max 17.0 / actor_entropy 0.3 / actor_loss 0.4 / actor_grad_norm 8.1 / value_loss 1.3 / value_grad_norm 1.5 / update_count 70924.0 / fps 11.8
add_video needs package moviepy
add_video needs package moviepy
[293920] 
Start evaluation.
[293920] eval_return 3650.0 / eval_length 1387.2 / eval_episodes 5.0
add_video needs package moviepy
Start training.
[293920] model_loss 15.4 / model_grad_norm 21.4 / image_loss 5.0 / reward_loss 0.1 / cont_loss 0.0 / kl_free 1.0 / dyn_scale 0.5 / rep_scale 0.1 / dyn_loss 17.2 / rep_loss 17.2 / kl 17.2 / prior_abs_ent 32.6 / post_abs_ent -26.7 / prior_obs_ent 10.3 / post_obs_ent -5.4 / boundary_ratio 0.0 / kl_mask 0.0 / normed_target_mean 0.6 / normed_target_std 0.3 / normed_target_min -0.2 / normed_target_max 1.1 / EMA_005 184.4 / EMA_095 1086.5 / value_mean 745.8 / value_std 289.0 / value_min 17.0 / value_max 1167.9 / target_mean 747.9 / target_std 289.8 / target_min 20.5 / target_max 1189.5 / imag_reward_mean 1.9 / imag_reward_std 4.7 / imag_reward_min -0.0 / imag_reward_max 21.6 / imag_action_mean 9.1 / imag_action_std 4.6 / imag_action_min 0.0 / imag_action_max 17.0 / actor_entropy 0.3 / actor_loss 0.4 / actor_grad_norm 8.3 / value_loss 1.3 / value_grad_norm 1.5 / update_count 71080.0 / fps 12.1
add_video needs package moviepy
add_video needs package moviepy
[294544] 
Start evaluation.
[294544] eval_return 2852.0 / eval_length 1120.6 / eval_episodes 5.0
add_video needs package moviepy
Start training.
[294544] model_loss 15.4 / model_grad_norm 23.9 / image_loss 5.0 / reward_loss 0.1 / cont_loss 0.0 / kl_free 1.0 / dyn_scale 0.5 / rep_scale 0.1 / dyn_loss 17.1 / rep_loss 17.1 / kl 17.1 / prior_abs_ent 32.2 / post_abs_ent -26.6 / prior_obs_ent 9.4 / post_obs_ent -6.2 / boundary_ratio 0.0 / kl_mask 0.0 / normed_target_mean 0.6 / normed_target_std 0.3 / normed_target_min -0.2 / normed_target_max 1.1 / EMA_005 189.9 / EMA_095 1086.6 / value_mean 740.2 / value_std 291.3 / value_min 23.8 / value_max 1169.4 / target_mean 742.6 / target_std 292.3 / target_min 28.1 / target_max 1192.5 / imag_reward_mean 1.9 / imag_reward_std 4.7 / imag_reward_min -0.0 / imag_reward_max 22.4 / imag_action_mean 9.1 / imag_action_std 4.6 / imag_action_min 0.0 / imag_action_max 17.0 / actor_entropy 0.3 / actor_loss 0.4 / actor_grad_norm 8.1 / value_loss 1.3 / value_grad_norm 1.5 / update_count 71236.0 / fps 12.8
add_video needs package moviepy
add_video needs package moviepy
[295168] 
Start evaluation.
[295168] eval_return 3628.0 / eval_length 1496.4 / eval_episodes 5.0
add_video needs package moviepy
Start training.
[295168] model_loss 15.4 / model_grad_norm 25.2 / image_loss 5.0 / reward_loss 0.1 / cont_loss 0.0 / kl_free 1.0 / dyn_scale 0.5 / rep_scale 0.1 / dyn_loss 17.3 / rep_loss 17.3 / kl 17.3 / prior_abs_ent 32.2 / post_abs_ent -26.7 / prior_obs_ent 9.1 / post_obs_ent -6.6 / boundary_ratio 0.0 / kl_mask 0.0 / normed_target_mean 0.6 / normed_target_std 0.3 / normed_target_min -0.2 / normed_target_max 1.1 / EMA_005 190.7 / EMA_095 1087.5 / value_mean 753.6 / value_std 286.1 / value_min 27.5 / value_max 1170.7 / target_mean 756.1 / target_std 287.0 / target_min 35.8 / target_max 1190.0 / imag_reward_mean 2.0 / imag_reward_std 4.8 / imag_reward_min -0.0 / imag_reward_max 25.1 / imag_action_mean 9.1 / imag_action_std 4.6 / imag_action_min 0.0 / imag_action_max 17.0 / actor_entropy 0.3 / actor_loss 0.4 / actor_grad_norm 8.0 / value_loss 1.3 / value_grad_norm 1.4 / update_count 71392.0 / fps 11.7
add_video needs package moviepy
add_video needs package moviepy
[295792] 
Start evaluation.
[295792] eval_return 3904.0 / eval_length 1478.0 / eval_episodes 5.0
add_video needs package moviepy
Start training.
[295792] model_loss 15.5 / model_grad_norm 34.0 / image_loss 5.1 / reward_loss 0.1 / cont_loss 0.0 / kl_free 1.0 / dyn_scale 0.5 / rep_scale 0.1 / dyn_loss 17.2 / rep_loss 17.2 / kl 17.2 / prior_abs_ent 31.9 / post_abs_ent -26.6 / prior_obs_ent 9.4 / post_obs_ent -6.3 / boundary_ratio 0.0 / kl_mask 0.0 / normed_target_mean 0.6 / normed_target_std 0.3 / normed_target_min -0.2 / normed_target_max 1.1 / EMA_005 202.0 / EMA_095 1089.0 / value_mean 748.4 / value_std 284.7 / value_min 27.3 / value_max 1171.0 / target_mean 750.6 / target_std 285.9 / target_min 30.6 / target_max 1195.2 / imag_reward_mean 1.9 / imag_reward_std 4.8 / imag_reward_min -0.0 / imag_reward_max 22.7 / imag_action_mean 9.0 / imag_action_std 4.7 / imag_action_min 0.0 / imag_action_max 17.0 / actor_entropy 0.3 / actor_loss 0.4 / actor_grad_norm 8.2 / value_loss 1.3 / value_grad_norm 1.5 / update_count 71548.0 / fps 11.8
add_video needs package moviepy
add_video needs package moviepy
[296416] 
Start evaluation.
[296416] eval_return 4056.0 / eval_length 1400.6 / eval_episodes 5.0
add_video needs package moviepy
Start training.
[296416] model_loss 15.4 / model_grad_norm 23.5 / image_loss 5.0 / reward_loss 0.1 / cont_loss 0.0 / kl_free 1.0 / dyn_scale 0.5 / rep_scale 0.1 / dyn_loss 17.1 / rep_loss 17.1 / kl 17.1 / prior_abs_ent 31.6 / post_abs_ent -26.6 / prior_obs_ent 9.0 / post_obs_ent -6.6 / boundary_ratio 0.0 / kl_mask 0.0 / normed_target_mean 0.6 / normed_target_std 0.3 / normed_target_min -0.2 / normed_target_max 1.1 / EMA_005 206.8 / EMA_095 1089.2 / value_mean 753.7 / value_std 284.6 / value_min 14.8 / value_max 1171.0 / target_mean 756.3 / target_std 285.5 / target_min 20.3 / target_max 1191.3 / imag_reward_mean 1.9 / imag_reward_std 4.8 / imag_reward_min -0.0 / imag_reward_max 25.8 / imag_action_mean 9.0 / imag_action_std 4.7 / imag_action_min 0.0 / imag_action_max 17.0 / actor_entropy 0.3 / actor_loss 0.5 / actor_grad_norm 8.1 / value_loss 1.3 / value_grad_norm 1.4 / update_count 71704.0 / fps 12.0
add_video needs package moviepy
add_video needs package moviepy
[297040] 
Start evaluation.
[297040] eval_return 4314.0 / eval_length 1349.6 / eval_episodes 5.0
add_video needs package moviepy
Start training.
[297040] model_loss 15.4 / model_grad_norm 23.6 / image_loss 4.9 / reward_loss 0.1 / cont_loss 0.0 / kl_free 1.0 / dyn_scale 0.5 / rep_scale 0.1 / dyn_loss 17.2 / rep_loss 17.2 / kl 17.2 / prior_abs_ent 31.8 / post_abs_ent -26.6 / prior_obs_ent 8.5 / post_obs_ent -7.1 / boundary_ratio 0.0 / kl_mask 0.0 / normed_target_mean 0.6 / normed_target_std 0.3 / normed_target_min -0.2 / normed_target_max 1.1 / EMA_005 204.3 / EMA_095 1089.5 / value_mean 751.4 / value_std 290.9 / value_min 25.8 / value_max 1174.0 / target_mean 753.5 / target_std 292.2 / target_min 31.9 / target_max 1197.9 / imag_reward_mean 1.9 / imag_reward_std 4.8 / imag_reward_min -0.0 / imag_reward_max 28.1 / imag_action_mean 9.0 / imag_action_std 4.6 / imag_action_min 0.0 / imag_action_max 17.0 / actor_entropy 0.3 / actor_loss 0.4 / actor_grad_norm 8.3 / value_loss 1.3 / value_grad_norm 1.5 / update_count 71860.0 / fps 12.2
add_video needs package moviepy
add_video needs package moviepy
[297496] dataset_size 74374.0 / train_return 3010.0 / train_length 1536.0 / train_episodes 56.0
[297664] 
Start evaluation.
[297664] eval_return 3640.0 / eval_length 1298.2 / eval_episodes 5.0
add_video needs package moviepy
Start training.
[297664] model_loss 15.3 / model_grad_norm 25.7 / image_loss 4.9 / reward_loss 0.1 / cont_loss 0.0 / kl_free 1.0 / dyn_scale 0.5 / rep_scale 0.1 / dyn_loss 17.2 / rep_loss 17.2 / kl 17.2 / prior_abs_ent 31.8 / post_abs_ent -26.9 / prior_obs_ent 9.2 / post_obs_ent -6.4 / boundary_ratio 0.0 / kl_mask 0.0 / normed_target_mean 0.6 / normed_target_std 0.3 / normed_target_min -0.2 / normed_target_max 1.1 / EMA_005 194.8 / EMA_095 1095.6 / value_mean 754.7 / value_std 293.2 / value_min 20.8 / value_max 1175.4 / target_mean 757.0 / target_std 294.2 / target_min 26.4 / target_max 1199.5 / imag_reward_mean 1.9 / imag_reward_std 4.8 / imag_reward_min -0.0 / imag_reward_max 22.5 / imag_action_mean 8.9 / imag_action_std 4.6 / imag_action_min 0.0 / imag_action_max 17.0 / actor_entropy 0.3 / actor_loss 0.4 / actor_grad_norm 8.3 / value_loss 1.3 / value_grad_norm 1.5 / update_count 72016.0 / fps 12.2
add_video needs package moviepy
add_video needs package moviepy
[298288] 
Start evaluation.
[298288] eval_return 3716.0 / eval_length 1363.8 / eval_episodes 5.0
add_video needs package moviepy
Start training.
[298288] model_loss 15.3 / model_grad_norm 23.0 / image_loss 4.9 / reward_loss 0.1 / cont_loss 0.0 / kl_free 1.0 / dyn_scale 0.5 / rep_scale 0.1 / dyn_loss 17.1 / rep_loss 17.1 / kl 17.1 / prior_abs_ent 31.9 / post_abs_ent -26.7 / prior_obs_ent 8.8 / post_obs_ent -6.7 / boundary_ratio 0.0 / kl_mask 0.0 / normed_target_mean 0.6 / normed_target_std 0.3 / normed_target_min -0.2 / normed_target_max 1.1 / EMA_005 181.3 / EMA_095 1095.0 / value_mean 744.3 / value_std 298.4 / value_min 18.3 / value_max 1175.7 / target_mean 746.4 / target_std 299.3 / target_min 21.7 / target_max 1201.4 / imag_reward_mean 1.9 / imag_reward_std 4.8 / imag_reward_min -0.0 / imag_reward_max 32.0 / imag_action_mean 9.0 / imag_action_std 4.6 / imag_action_min 0.0 / imag_action_max 17.0 / actor_entropy 0.3 / actor_loss 0.4 / actor_grad_norm 8.3 / value_loss 1.3 / value_grad_norm 1.5 / update_count 72172.0 / fps 12.1
add_video needs package moviepy
add_video needs package moviepy
[298912] 
Start evaluation.
[298912] eval_return 4184.0 / eval_length 1373.4 / eval_episodes 5.0
add_video needs package moviepy
Start training.
[298912] model_loss 15.5 / model_grad_norm 25.8 / image_loss 5.0 / reward_loss 0.1 / cont_loss 0.0 / kl_free 1.0 / dyn_scale 0.5 / rep_scale 0.1 / dyn_loss 17.3 / rep_loss 17.3 / kl 17.3 / prior_abs_ent 31.8 / post_abs_ent -26.7 / prior_obs_ent 8.9 / post_obs_ent -6.8 / boundary_ratio 0.0 / kl_mask 0.0 / normed_target_mean 0.6 / normed_target_std 0.3 / normed_target_min -0.2 / normed_target_max 1.1 / EMA_005 187.8 / EMA_095 1096.0 / value_mean 752.0 / value_std 295.1 / value_min 17.6 / value_max 1174.3 / target_mean 754.2 / target_std 295.9 / target_min 23.3 / target_max 1198.3 / imag_reward_mean 1.9 / imag_reward_std 4.8 / imag_reward_min -0.0 / imag_reward_max 22.6 / imag_action_mean 9.0 / imag_action_std 4.6 / imag_action_min 0.0 / imag_action_max 17.0 / actor_entropy 0.4 / actor_loss 0.4 / actor_grad_norm 8.6 / value_loss 1.3 / value_grad_norm 1.5 / update_count 72328.0 / fps 12.1
add_video needs package moviepy
add_video needs package moviepy
[299536] 
Start evaluation.
[299536] eval_return 3252.0 / eval_length 1215.2 / eval_episodes 5.0
add_video needs package moviepy
Start training.
[299536] model_loss 15.4 / model_grad_norm 24.9 / image_loss 4.9 / reward_loss 0.1 / cont_loss 0.0 / kl_free 1.0 / dyn_scale 0.5 / rep_scale 0.1 / dyn_loss 17.2 / rep_loss 17.2 / kl 17.2 / prior_abs_ent 32.0 / post_abs_ent -26.6 / prior_obs_ent 9.0 / post_obs_ent -6.7 / boundary_ratio 0.0 / kl_mask 0.0 / normed_target_mean 0.6 / normed_target_std 0.3 / normed_target_min -0.2 / normed_target_max 1.1 / EMA_005 184.4 / EMA_095 1099.2 / value_mean 757.1 / value_std 296.6 / value_min 14.9 / value_max 1177.1 / target_mean 759.4 / target_std 297.2 / target_min 17.3 / target_max 1204.0 / imag_reward_mean 1.9 / imag_reward_std 4.8 / imag_reward_min -0.0 / imag_reward_max 28.4 / imag_action_mean 9.0 / imag_action_std 4.6 / imag_action_min 0.0 / imag_action_max 17.0 / actor_entropy 0.3 / actor_loss 0.4 / actor_grad_norm 8.3 / value_loss 1.3 / value_grad_norm 1.5 / update_count 72484.0 / fps 12.6
add_video needs package moviepy
add_video needs package moviepy
[300160] 
Start evaluation.
[300160] eval_return 3362.0 / eval_length 1228.8 / eval_episodes 5.0
add_video needs package moviepy
Start training.
[300160] model_loss 15.5 / model_grad_norm 27.2 / image_loss 5.0 / reward_loss 0.1 / cont_loss 0.0 / kl_free 1.0 / dyn_scale 0.5 / rep_scale 0.1 / dyn_loss 17.2 / rep_loss 17.2 / kl 17.2 / prior_abs_ent 31.6 / post_abs_ent -26.6 / prior_obs_ent 8.9 / post_obs_ent -6.7 / boundary_ratio 0.0 / kl_mask 0.0 / normed_target_mean 0.6 / normed_target_std 0.3 / normed_target_min -0.2 / normed_target_max 1.1 / EMA_005 189.4 / EMA_095 1100.4 / value_mean 759.9 / value_std 294.9 / value_min 23.3 / value_max 1176.8 / target_mean 762.4 / target_std 295.5 / target_min 25.6 / target_max 1202.7 / imag_reward_mean 1.9 / imag_reward_std 4.7 / imag_reward_min -0.0 / imag_reward_max 28.5 / imag_action_mean 9.2 / imag_action_std 4.6 / imag_action_min 0.0 / imag_action_max 17.0 / actor_entropy 0.3 / actor_loss 0.6 / actor_grad_norm 8.2 / value_loss 1.3 / value_grad_norm 1.5 / update_count 72640.0 / fps 12.4
add_video needs package moviepy
add_video needs package moviepy
[300784] 
Start evaluation.
[300784] eval_return 3740.0 / eval_length 1363.8 / eval_episodes 5.0
add_video needs package moviepy
Start training.
[300784] model_loss 15.5 / model_grad_norm 24.2 / image_loss 5.0 / reward_loss 0.1 / cont_loss 0.0 / kl_free 1.0 / dyn_scale 0.5 / rep_scale 0.1 / dyn_loss 17.4 / rep_loss 17.4 / kl 17.4 / prior_abs_ent 31.7 / post_abs_ent -26.7 / prior_obs_ent 9.2 / post_obs_ent -6.5 / boundary_ratio 0.0 / kl_mask 0.0 / normed_target_mean 0.6 / normed_target_std 0.3 / normed_target_min -0.2 / normed_target_max 1.1 / EMA_005 201.5 / EMA_095 1099.3 / value_mean 759.7 / value_std 287.7 / value_min 28.9 / value_max 1174.8 / target_mean 761.8 / target_std 288.1 / target_min 33.8 / target_max 1196.6 / imag_reward_mean 1.9 / imag_reward_std 4.8 / imag_reward_min -0.0 / imag_reward_max 28.2 / imag_action_mean 9.3 / imag_action_std 4.6 / imag_action_min 0.0 / imag_action_max 17.0 / actor_entropy 0.3 / actor_loss 0.3 / actor_grad_norm 8.0 / value_loss 1.3 / value_grad_norm 1.5 / update_count 72796.0 / fps 12.1
add_video needs package moviepy
add_video needs package moviepy
[301408] 
Start evaluation.
[301408] eval_return 3702.0 / eval_length 1327.2 / eval_episodes 5.0
add_video needs package moviepy
Start training.
[301408] model_loss 15.4 / model_grad_norm 25.4 / image_loss 4.9 / reward_loss 0.1 / cont_loss 0.0 / kl_free 1.0 / dyn_scale 0.5 / rep_scale 0.1 / dyn_loss 17.2 / rep_loss 17.2 / kl 17.2 / prior_abs_ent 31.7 / post_abs_ent -26.5 / prior_obs_ent 9.0 / post_obs_ent -6.6 / boundary_ratio 0.0 / kl_mask 0.0 / normed_target_mean 0.6 / normed_target_std 0.3 / normed_target_min -0.2 / normed_target_max 1.1 / EMA_005 193.4 / EMA_095 1097.0 / value_mean 747.0 / value_std 295.2 / value_min 18.4 / value_max 1174.5 / target_mean 749.5 / target_std 295.9 / target_min 24.5 / target_max 1200.3 / imag_reward_mean 1.9 / imag_reward_std 4.7 / imag_reward_min -0.0 / imag_reward_max 32.6 / imag_action_mean 9.1 / imag_action_std 4.6 / imag_action_min 0.0 / imag_action_max 17.0 / actor_entropy 0.3 / actor_loss 0.5 / actor_grad_norm 8.1 / value_loss 1.3 / value_grad_norm 1.6 / update_count 72952.0 / fps 12.2
add_video needs package moviepy
add_video needs package moviepy
[302032] 
Start evaluation.
[302032] eval_return 3676.0 / eval_length 1400.6 / eval_episodes 5.0
add_video needs package moviepy
Start training.
[302032] model_loss 15.3 / model_grad_norm 25.9 / image_loss 4.9 / reward_loss 0.1 / cont_loss 0.0 / kl_free 1.0 / dyn_scale 0.5 / rep_scale 0.1 / dyn_loss 17.2 / rep_loss 17.2 / kl 17.2 / prior_abs_ent 31.6 / post_abs_ent -26.7 / prior_obs_ent 9.0 / post_obs_ent -6.5 / boundary_ratio 0.0 / kl_mask 0.0 / normed_target_mean 0.6 / normed_target_std 0.3 / normed_target_min -0.2 / normed_target_max 1.1 / EMA_005 189.4 / EMA_095 1097.9 / value_mean 750.9 / value_std 290.0 / value_min 28.5 / value_max 1176.1 / target_mean 753.3 / target_std 290.8 / target_min 32.0 / target_max 1202.1 / imag_reward_mean 1.9 / imag_reward_std 4.7 / imag_reward_min -0.0 / imag_reward_max 22.3 / imag_action_mean 9.1 / imag_action_std 4.6 / imag_action_min 0.0 / imag_action_max 17.0 / actor_entropy 0.3 / actor_loss 0.4 / actor_grad_norm 8.3 / value_loss 1.3 / value_grad_norm 1.6 / update_count 73108.0 / fps 12.1
add_video needs package moviepy
add_video needs package moviepy
[302656] 
Start evaluation.
[302656] eval_return 3684.0 / eval_length 1323.6 / eval_episodes 5.0
add_video needs package moviepy
Start training.
[302656] model_loss 15.4 / model_grad_norm 29.0 / image_loss 5.0 / reward_loss 0.1 / cont_loss 0.0 / kl_free 1.0 / dyn_scale 0.5 / rep_scale 0.1 / dyn_loss 17.2 / rep_loss 17.2 / kl 17.2 / prior_abs_ent 31.9 / post_abs_ent -26.6 / prior_obs_ent 9.1 / post_obs_ent -6.5 / boundary_ratio 0.0 / kl_mask 0.0 / normed_target_mean 0.6 / normed_target_std 0.3 / normed_target_min -0.2 / normed_target_max 1.1 / EMA_005 202.5 / EMA_095 1100.1 / value_mean 765.5 / value_std 288.0 / value_min 18.4 / value_max 1179.1 / target_mean 767.4 / target_std 288.7 / target_min 25.8 / target_max 1206.2 / imag_reward_mean 1.9 / imag_reward_std 4.8 / imag_reward_min -0.0 / imag_reward_max 31.7 / imag_action_mean 9.3 / imag_action_std 4.6 / imag_action_min 0.0 / imag_action_max 17.0 / actor_entropy 0.3 / actor_loss 0.2 / actor_grad_norm 8.3 / value_loss 1.3 / value_grad_norm 1.4 / update_count 73264.0 / fps 12.3
add_video needs package moviepy
add_video needs package moviepy
[303260] dataset_size 75815.0 / train_return 3920.0 / train_length 1441.0 / train_episodes 57.0
[303280] 
Start evaluation.
[303280] eval_return 3532.0 / eval_length 1376.8 / eval_episodes 5.0
add_video needs package moviepy
Start training.
[303280] model_loss 15.7 / model_grad_norm 25.6 / image_loss 5.1 / reward_loss 0.1 / cont_loss 0.0 / kl_free 1.0 / dyn_scale 0.5 / rep_scale 0.1 / dyn_loss 17.4 / rep_loss 17.4 / kl 17.4 / prior_abs_ent 32.1 / post_abs_ent -26.6 / prior_obs_ent 9.2 / post_obs_ent -6.7 / boundary_ratio 0.0 / kl_mask 0.0 / normed_target_mean 0.6 / normed_target_std 0.3 / normed_target_min -0.2 / normed_target_max 1.1 / EMA_005 201.2 / EMA_095 1102.6 / value_mean 762.6 / value_std 285.7 / value_min 30.5 / value_max 1175.3 / target_mean 764.4 / target_std 286.4 / target_min 34.0 / target_max 1199.4 / imag_reward_mean 1.9 / imag_reward_std 4.8 / imag_reward_min -0.0 / imag_reward_max 28.5 / imag_action_mean 9.2 / imag_action_std 4.6 / imag_action_min 0.0 / imag_action_max 17.0 / actor_entropy 0.3 / actor_loss 0.2 / actor_grad_norm 8.2 / value_loss 1.3 / value_grad_norm 1.5 / update_count 73420.0 / fps 12.2
add_video needs package moviepy
add_video needs package moviepy
[303904] 
Start evaluation.
[303904] eval_return 3606.0 / eval_length 1400.0 / eval_episodes 5.0
add_video needs package moviepy
Start training.
[303904] model_loss 15.6 / model_grad_norm 24.5 / image_loss 5.0 / reward_loss 0.1 / cont_loss 0.0 / kl_free 1.0 / dyn_scale 0.5 / rep_scale 0.1 / dyn_loss 17.5 / rep_loss 17.5 / kl 17.5 / prior_abs_ent 31.9 / post_abs_ent -26.7 / prior_obs_ent 9.2 / post_obs_ent -6.6 / boundary_ratio 0.0 / kl_mask 0.0 / normed_target_mean 0.6 / normed_target_std 0.3 / normed_target_min -0.2 / normed_target_max 1.1 / EMA_005 210.6 / EMA_095 1099.2 / value_mean 774.4 / value_std 285.5 / value_min 25.9 / value_max 1176.3 / target_mean 776.2 / target_std 286.1 / target_min 29.4 / target_max 1200.3 / imag_reward_mean 2.0 / imag_reward_std 4.8 / imag_reward_min -0.0 / imag_reward_max 28.0 / imag_action_mean 9.1 / imag_action_std 4.6 / imag_action_min 0.0 / imag_action_max 17.0 / actor_entropy 0.3 / actor_loss 0.3 / actor_grad_norm 8.3 / value_loss 1.3 / value_grad_norm 1.4 / update_count 73576.0 / fps 12.0
add_video needs package moviepy
add_video needs package moviepy
[304528] 
Start evaluation.
[304528] eval_return 3392.0 / eval_length 1329.0 / eval_episodes 5.0
add_video needs package moviepy
Start training.
[304528] model_loss 15.5 / model_grad_norm 24.3 / image_loss 5.0 / reward_loss 0.1 / cont_loss 0.0 / kl_free 1.0 / dyn_scale 0.5 / rep_scale 0.1 / dyn_loss 17.4 / rep_loss 17.4 / kl 17.4 / prior_abs_ent 31.7 / post_abs_ent -26.5 / prior_obs_ent 9.3 / post_obs_ent -6.5 / boundary_ratio 0.0 / kl_mask 0.0 / normed_target_mean 0.6 / normed_target_std 0.3 / normed_target_min -0.2 / normed_target_max 1.1 / EMA_005 201.6 / EMA_095 1102.6 / value_mean 757.3 / value_std 293.6 / value_min 19.3 / value_max 1177.0 / target_mean 759.0 / target_std 294.9 / target_min 23.5 / target_max 1202.6 / imag_reward_mean 1.9 / imag_reward_std 4.8 / imag_reward_min -0.0 / imag_reward_max 34.7 / imag_action_mean 9.2 / imag_action_std 4.6 / imag_action_min 0.0 / imag_action_max 17.0 / actor_entropy 0.3 / actor_loss 0.2 / actor_grad_norm 7.9 / value_loss 1.3 / value_grad_norm 1.4 / update_count 73732.0 / fps 12.3
add_video needs package moviepy
add_video needs package moviepy
[305152] 
Start evaluation.
[305152] eval_return 4534.0 / eval_length 1460.2 / eval_episodes 5.0
add_video needs package moviepy
Start training.
[305152] model_loss 15.5 / model_grad_norm 27.6 / image_loss 5.0 / reward_loss 0.1 / cont_loss 0.0 / kl_free 1.0 / dyn_scale 0.5 / rep_scale 0.1 / dyn_loss 17.3 / rep_loss 17.3 / kl 17.3 / prior_abs_ent 31.8 / post_abs_ent -26.6 / prior_obs_ent 9.4 / post_obs_ent -6.3 / boundary_ratio 0.0 / kl_mask 0.0 / normed_target_mean 0.6 / normed_target_std 0.3 / normed_target_min -0.2 / normed_target_max 1.1 / EMA_005 196.8 / EMA_095 1099.0 / value_mean 752.2 / value_std 290.6 / value_min 21.1 / value_max 1174.2 / target_mean 754.1 / target_std 291.3 / target_min 30.1 / target_max 1198.1 / imag_reward_mean 1.9 / imag_reward_std 4.7 / imag_reward_min -0.0 / imag_reward_max 28.1 / imag_action_mean 9.2 / imag_action_std 4.6 / imag_action_min 0.0 / imag_action_max 17.0 / actor_entropy 0.3 / actor_loss 0.2 / actor_grad_norm 7.9 / value_loss 1.3 / value_grad_norm 1.5 / update_count 73888.0 / fps 11.9
add_video needs package moviepy
add_video needs package moviepy
[305776] 
Start evaluation.
[305776] eval_return 3792.0 / eval_length 1469.2 / eval_episodes 5.0
add_video needs package moviepy
Start training.
[305776] model_loss 15.5 / model_grad_norm 25.0 / image_loss 5.0 / reward_loss 0.1 / cont_loss 0.0 / kl_free 1.0 / dyn_scale 0.5 / rep_scale 0.1 / dyn_loss 17.4 / rep_loss 17.4 / kl 17.4 / prior_abs_ent 31.9 / post_abs_ent -26.5 / prior_obs_ent 9.2 / post_obs_ent -6.6 / boundary_ratio 0.0 / kl_mask 0.0 / normed_target_mean 0.6 / normed_target_std 0.3 / normed_target_min -0.2 / normed_target_max 1.1 / EMA_005 197.5 / EMA_095 1100.5 / value_mean 761.4 / value_std 289.8 / value_min 34.7 / value_max 1174.3 / target_mean 763.4 / target_std 290.5 / target_min 38.4 / target_max 1201.1 / imag_reward_mean 1.9 / imag_reward_std 4.8 / imag_reward_min -0.0 / imag_reward_max 25.5 / imag_action_mean 9.1 / imag_action_std 4.6 / imag_action_min 0.0 / imag_action_max 17.0 / actor_entropy 0.3 / actor_loss 0.3 / actor_grad_norm 8.0 / value_loss 1.3 / value_grad_norm 1.4 / update_count 74044.0 / fps 11.9
add_video needs package moviepy
add_video needs package moviepy
[306400] 
Start evaluation.
[306400] eval_return 3548.0 / eval_length 1384.0 / eval_episodes 5.0
add_video needs package moviepy
Start training.
[306400] model_loss 15.6 / model_grad_norm 24.4 / image_loss 5.0 / reward_loss 0.1 / cont_loss 0.0 / kl_free 1.0 / dyn_scale 0.5 / rep_scale 0.1 / dyn_loss 17.4 / rep_loss 17.4 / kl 17.4 / prior_abs_ent 32.0 / post_abs_ent -26.5 / prior_obs_ent 9.3 / post_obs_ent -6.6 / boundary_ratio 0.0 / kl_mask 0.0 / normed_target_mean 0.6 / normed_target_std 0.3 / normed_target_min -0.2 / normed_target_max 1.1 / EMA_005 198.0 / EMA_095 1103.7 / value_mean 767.2 / value_std 285.9 / value_min 22.4 / value_max 1176.7 / target_mean 769.4 / target_std 286.7 / target_min 26.8 / target_max 1203.9 / imag_reward_mean 1.9 / imag_reward_std 4.8 / imag_reward_min -0.0 / imag_reward_max 22.2 / imag_action_mean 9.2 / imag_action_std 4.6 / imag_action_min 0.0 / imag_action_max 17.0 / actor_entropy 0.3 / actor_loss 0.4 / actor_grad_norm 8.3 / value_loss 1.3 / value_grad_norm 1.4 / update_count 74200.0 / fps 12.1
add_video needs package moviepy
add_video needs package moviepy
[307024] 
Start evaluation.
[307024] eval_return 3640.0 / eval_length 1473.2 / eval_episodes 5.0
add_video needs package moviepy
Start training.
[307024] model_loss 15.7 / model_grad_norm 26.9 / image_loss 5.1 / reward_loss 0.1 / cont_loss 0.0 / kl_free 1.0 / dyn_scale 0.5 / rep_scale 0.1 / dyn_loss 17.5 / rep_loss 17.5 / kl 17.5 / prior_abs_ent 31.8 / post_abs_ent -26.6 / prior_obs_ent 9.6 / post_obs_ent -6.2 / boundary_ratio 0.0 / kl_mask 0.0 / normed_target_mean 0.6 / normed_target_std 0.3 / normed_target_min -0.2 / normed_target_max 1.1 / EMA_005 212.0 / EMA_095 1102.5 / value_mean 756.7 / value_std 286.7 / value_min 25.9 / value_max 1175.5 / target_mean 758.7 / target_std 287.7 / target_min 31.9 / target_max 1200.3 / imag_reward_mean 1.9 / imag_reward_std 4.8 / imag_reward_min -0.0 / imag_reward_max 38.1 / imag_action_mean 9.2 / imag_action_std 4.6 / imag_action_min 0.0 / imag_action_max 17.0 / actor_entropy 0.3 / actor_loss 0.3 / actor_grad_norm 8.2 / value_loss 1.3 / value_grad_norm 1.5 / update_count 74356.0 / fps 12.0
add_video needs package moviepy
add_video needs package moviepy
[307648] 
Start evaluation.
[307648] eval_return 3886.0 / eval_length 1355.6 / eval_episodes 5.0
add_video needs package moviepy
Start training.
[307648] model_loss 15.5 / model_grad_norm 27.6 / image_loss 5.0 / reward_loss 0.1 / cont_loss 0.0 / kl_free 1.0 / dyn_scale 0.5 / rep_scale 0.1 / dyn_loss 17.4 / rep_loss 17.4 / kl 17.4 / prior_abs_ent 32.1 / post_abs_ent -26.6 / prior_obs_ent 9.6 / post_obs_ent -6.2 / boundary_ratio 0.0 / kl_mask 0.0 / normed_target_mean 0.6 / normed_target_std 0.3 / normed_target_min -0.2 / normed_target_max 1.1 / EMA_005 199.0 / EMA_095 1101.4 / value_mean 767.0 / value_std 292.4 / value_min 20.0 / value_max 1176.0 / target_mean 769.1 / target_std 293.0 / target_min 22.4 / target_max 1201.8 / imag_reward_mean 2.0 / imag_reward_std 4.8 / imag_reward_min -0.0 / imag_reward_max 22.2 / imag_action_mean 9.0 / imag_action_std 4.6 / imag_action_min 0.0 / imag_action_max 17.0 / actor_entropy 0.3 / actor_loss 0.4 / actor_grad_norm 7.9 / value_loss 1.3 / value_grad_norm 1.4 / update_count 74512.0 / fps 12.1
add_video needs package moviepy
add_video needs package moviepy
[307684] dataset_size 76921.0 / train_return 2750.0 / train_length 1106.0 / train_episodes 58.0
[308272] 
Start evaluation.
[308272] eval_return 3840.0 / eval_length 1466.0 / eval_episodes 5.0
add_video needs package moviepy
Start training.
[308272] model_loss 15.5 / model_grad_norm 26.3 / image_loss 5.0 / reward_loss 0.1 / cont_loss 0.0 / kl_free 1.0 / dyn_scale 0.5 / rep_scale 0.1 / dyn_loss 17.4 / rep_loss 17.4 / kl 17.4 / prior_abs_ent 31.8 / post_abs_ent -26.6 / prior_obs_ent 9.2 / post_obs_ent -6.6 / boundary_ratio 0.0 / kl_mask 0.0 / normed_target_mean 0.6 / normed_target_std 0.3 / normed_target_min -0.2 / normed_target_max 1.1 / EMA_005 200.0 / EMA_095 1102.7 / value_mean 771.8 / value_std 285.3 / value_min 24.1 / value_max 1176.9 / target_mean 774.2 / target_std 285.9 / target_min 29.6 / target_max 1202.7 / imag_reward_mean 1.9 / imag_reward_std 4.8 / imag_reward_min -0.0 / imag_reward_max 28.8 / imag_action_mean 9.0 / imag_action_std 4.7 / imag_action_min 0.0 / imag_action_max 17.0 / actor_entropy 0.4 / actor_loss 0.5 / actor_grad_norm 8.3 / value_loss 1.3 / value_grad_norm 1.4 / update_count 74668.0 / fps 11.8
add_video needs package moviepy
add_video needs package moviepy
[308896] 
Start evaluation.
[308896] eval_return 3334.0 / eval_length 1322.6 / eval_episodes 5.0
add_video needs package moviepy
Start training.
[308896] model_loss 15.5 / model_grad_norm 24.0 / image_loss 5.0 / reward_loss 0.1 / cont_loss 0.0 / kl_free 1.0 / dyn_scale 0.5 / rep_scale 0.1 / dyn_loss 17.3 / rep_loss 17.3 / kl 17.3 / prior_abs_ent 31.9 / post_abs_ent -26.5 / prior_obs_ent 9.3 / post_obs_ent -6.4 / boundary_ratio 0.0 / kl_mask 0.0 / normed_target_mean 0.6 / normed_target_std 0.3 / normed_target_min -0.2 / normed_target_max 1.1 / EMA_005 199.9 / EMA_095 1100.5 / value_mean 755.7 / value_std 289.6 / value_min 26.6 / value_max 1177.5 / target_mean 757.6 / target_std 290.2 / target_min 31.4 / target_max 1205.9 / imag_reward_mean 1.9 / imag_reward_std 4.8 / imag_reward_min -0.0 / imag_reward_max 34.2 / imag_action_mean 9.0 / imag_action_std 4.6 / imag_action_min 0.0 / imag_action_max 17.0 / actor_entropy 0.4 / actor_loss 0.3 / actor_grad_norm 8.2 / value_loss 1.3 / value_grad_norm 1.5 / update_count 74824.0 / fps 12.1
add_video needs package moviepy
add_video needs package moviepy
[309520] 
Start evaluation.
[309520] eval_return 4146.0 / eval_length 1589.8 / eval_episodes 5.0
add_video needs package moviepy
Start training.
[309520] model_loss 15.5 / model_grad_norm 25.5 / image_loss 5.0 / reward_loss 0.1 / cont_loss 0.0 / kl_free 1.0 / dyn_scale 0.5 / rep_scale 0.1 / dyn_loss 17.4 / rep_loss 17.4 / kl 17.4 / prior_abs_ent 31.7 / post_abs_ent -26.4 / prior_obs_ent 9.3 / post_obs_ent -6.5 / boundary_ratio 0.0 / kl_mask 0.0 / normed_target_mean 0.6 / normed_target_std 0.3 / normed_target_min -0.2 / normed_target_max 1.1 / EMA_005 200.9 / EMA_095 1105.7 / value_mean 762.2 / value_std 291.3 / value_min 25.8 / value_max 1177.8 / target_mean 764.3 / target_std 291.9 / target_min 29.0 / target_max 1208.7 / imag_reward_mean 1.9 / imag_reward_std 4.7 / imag_reward_min -0.0 / imag_reward_max 25.9 / imag_action_mean 9.1 / imag_action_std 4.6 / imag_action_min 0.0 / imag_action_max 17.0 / actor_entropy 0.4 / actor_loss 0.4 / actor_grad_norm 8.3 / value_loss 1.3 / value_grad_norm 1.5 / update_count 74980.0 / fps 11.6
add_video needs package moviepy
add_video needs package moviepy
[310144] 
Start evaluation.
[310144] eval_return 3772.0 / eval_length 1464.2 / eval_episodes 5.0
add_video needs package moviepy
Start training.
[310144] model_loss 15.6 / model_grad_norm 25.1 / image_loss 5.1 / reward_loss 0.1 / cont_loss 0.0 / kl_free 1.0 / dyn_scale 0.5 / rep_scale 0.1 / dyn_loss 17.4 / rep_loss 17.4 / kl 17.4 / prior_abs_ent 31.8 / post_abs_ent -26.3 / prior_obs_ent 9.3 / post_obs_ent -6.5 / boundary_ratio 0.0 / kl_mask 0.0 / normed_target_mean 0.6 / normed_target_std 0.3 / normed_target_min -0.2 / normed_target_max 1.1 / EMA_005 200.5 / EMA_095 1104.0 / value_mean 761.4 / value_std 287.8 / value_min 22.0 / value_max 1176.8 / target_mean 763.6 / target_std 288.6 / target_min 25.2 / target_max 1206.4 / imag_reward_mean 1.9 / imag_reward_std 4.8 / imag_reward_min -0.0 / imag_reward_max 25.8 / imag_action_mean 9.2 / imag_action_std 4.6 / imag_action_min 0.0 / imag_action_max 17.0 / actor_entropy 0.3 / actor_loss 0.4 / actor_grad_norm 8.3 / value_loss 1.3 / value_grad_norm 1.4 / update_count 75136.0 / fps 11.8
add_video needs package moviepy
add_video needs package moviepy
[310768] 
Start evaluation.
[310768] eval_return 3398.0 / eval_length 1338.0 / eval_episodes 5.0
add_video needs package moviepy
Start training.
[310768] model_loss 15.5 / model_grad_norm 26.6 / image_loss 5.0 / reward_loss 0.1 / cont_loss 0.0 / kl_free 1.0 / dyn_scale 0.5 / rep_scale 0.1 / dyn_loss 17.4 / rep_loss 17.4 / kl 17.4 / prior_abs_ent 32.0 / post_abs_ent -26.5 / prior_obs_ent 9.1 / post_obs_ent -6.6 / boundary_ratio 0.0 / kl_mask 0.0 / normed_target_mean 0.6 / normed_target_std 0.3 / normed_target_min -0.2 / normed_target_max 1.1 / EMA_005 207.6 / EMA_095 1103.9 / value_mean 768.5 / value_std 288.6 / value_min 21.0 / value_max 1178.5 / target_mean 770.4 / target_std 289.3 / target_min 23.6 / target_max 1206.7 / imag_reward_mean 1.9 / imag_reward_std 4.7 / imag_reward_min -0.0 / imag_reward_max 25.0 / imag_action_mean 9.0 / imag_action_std 4.6 / imag_action_min 0.0 / imag_action_max 17.0 / actor_entropy 0.3 / actor_loss 0.3 / actor_grad_norm 8.2 / value_loss 1.3 / value_grad_norm 1.5 / update_count 75292.0 / fps 12.2
add_video needs package moviepy
add_video needs package moviepy
[311392] 
Start evaluation.
[311392] eval_return 3590.0 / eval_length 1452.0 / eval_episodes 5.0
add_video needs package moviepy
Start training.
[311392] model_loss 15.6 / model_grad_norm 25.6 / image_loss 5.0 / reward_loss 0.1 / cont_loss 0.0 / kl_free 1.0 / dyn_scale 0.5 / rep_scale 0.1 / dyn_loss 17.5 / rep_loss 17.5 / kl 17.5 / prior_abs_ent 32.0 / post_abs_ent -26.5 / prior_obs_ent 9.1 / post_obs_ent -6.8 / boundary_ratio 0.0 / kl_mask 0.0 / normed_target_mean 0.6 / normed_target_std 0.3 / normed_target_min -0.2 / normed_target_max 1.1 / EMA_005 214.9 / EMA_095 1107.2 / value_mean 775.1 / value_std 282.4 / value_min 25.4 / value_max 1178.4 / target_mean 777.2 / target_std 283.1 / target_min 32.1 / target_max 1209.9 / imag_reward_mean 2.0 / imag_reward_std 4.8 / imag_reward_min -0.0 / imag_reward_max 31.1 / imag_action_mean 8.8 / imag_action_std 4.6 / imag_action_min 0.0 / imag_action_max 17.0 / actor_entropy 0.4 / actor_loss 0.4 / actor_grad_norm 8.7 / value_loss 1.3 / value_grad_norm 1.4 / update_count 75448.0 / fps 11.8
add_video needs package moviepy
add_video needs package moviepy
[312016] 
Start evaluation.
[312016] eval_return 3748.0 / eval_length 1307.4 / eval_episodes 5.0
add_video needs package moviepy
Start training.
[312016] model_loss 15.7 / model_grad_norm 30.5 / image_loss 5.1 / reward_loss 0.1 / cont_loss 0.0 / kl_free 1.0 / dyn_scale 0.5 / rep_scale 0.1 / dyn_loss 17.6 / rep_loss 17.6 / kl 17.6 / prior_abs_ent 31.9 / post_abs_ent -26.7 / prior_obs_ent 9.9 / post_obs_ent -6.1 / boundary_ratio 0.0 / kl_mask 0.0 / normed_target_mean 0.6 / normed_target_std 0.3 / normed_target_min -0.2 / normed_target_max 1.1 / EMA_005 221.4 / EMA_095 1104.9 / value_mean 777.8 / value_std 282.0 / value_min 28.3 / value_max 1177.6 / target_mean 779.7 / target_std 282.8 / target_min 33.9 / target_max 1204.5 / imag_reward_mean 1.9 / imag_reward_std 4.8 / imag_reward_min -0.0 / imag_reward_max 25.2 / imag_action_mean 9.0 / imag_action_std 4.6 / imag_action_min 0.0 / imag_action_max 17.0 / actor_entropy 0.4 / actor_loss 0.4 / actor_grad_norm 8.5 / value_loss 1.3 / value_grad_norm 1.4 / update_count 75604.0 / fps 12.3
add_video needs package moviepy
add_video needs package moviepy
[312640] 
Start evaluation.
[312640] eval_return 3852.0 / eval_length 1432.4 / eval_episodes 5.0
add_video needs package moviepy
Start training.
[312640] model_loss 15.6 / model_grad_norm 25.1 / image_loss 5.0 / reward_loss 0.1 / cont_loss 0.0 / kl_free 1.0 / dyn_scale 0.5 / rep_scale 0.1 / dyn_loss 17.4 / rep_loss 17.4 / kl 17.4 / prior_abs_ent 31.8 / post_abs_ent -26.7 / prior_obs_ent 9.5 / post_obs_ent -6.3 / boundary_ratio 0.0 / kl_mask 0.0 / normed_target_mean 0.6 / normed_target_std 0.3 / normed_target_min -0.2 / normed_target_max 1.1 / EMA_005 221.1 / EMA_095 1104.5 / value_mean 772.6 / value_std 279.3 / value_min 29.6 / value_max 1178.7 / target_mean 774.5 / target_std 279.9 / target_min 33.6 / target_max 1206.9 / imag_reward_mean 1.9 / imag_reward_std 4.8 / imag_reward_min -0.0 / imag_reward_max 37.9 / imag_action_mean 9.2 / imag_action_std 4.6 / imag_action_min 0.0 / imag_action_max 17.0 / actor_entropy 0.3 / actor_loss 0.4 / actor_grad_norm 8.3 / value_loss 1.3 / value_grad_norm 1.4 / update_count 75760.0 / fps 12.0
add_video needs package moviepy
add_video needs package moviepy
[313024] dataset_size 78256.0 / train_return 3970.0 / train_length 1335.0 / train_episodes 59.0
[313264] 
Start evaluation.
[313264] eval_return 3874.0 / eval_length 1430.8 / eval_episodes 5.0
add_video needs package moviepy
Start training.
[313264] model_loss 15.5 / model_grad_norm 25.5 / image_loss 4.9 / reward_loss 0.1 / cont_loss 0.0 / kl_free 1.0 / dyn_scale 0.5 / rep_scale 0.1 / dyn_loss 17.4 / rep_loss 17.4 / kl 17.4 / prior_abs_ent 31.7 / post_abs_ent -26.4 / prior_obs_ent 9.2 / post_obs_ent -6.5 / boundary_ratio 0.0 / kl_mask 0.0 / normed_target_mean 0.6 / normed_target_std 0.3 / normed_target_min -0.2 / normed_target_max 1.1 / EMA_005 212.9 / EMA_095 1107.7 / value_mean 763.6 / value_std 292.3 / value_min 16.8 / value_max 1177.8 / target_mean 765.8 / target_std 293.2 / target_min 18.2 / target_max 1208.1 / imag_reward_mean 1.9 / imag_reward_std 4.8 / imag_reward_min -0.0 / imag_reward_max 25.2 / imag_action_mean 9.3 / imag_action_std 4.5 / imag_action_min 0.0 / imag_action_max 17.0 / actor_entropy 0.3 / actor_loss 0.4 / actor_grad_norm 7.9 / value_loss 1.3 / value_grad_norm 1.4 / update_count 75916.0 / fps 12.0
add_video needs package moviepy
add_video needs package moviepy
[313888] 
Start evaluation.
[313888] eval_return 3808.0 / eval_length 1363.6 / eval_episodes 5.0
add_video needs package moviepy
Start training.
[313888] model_loss 15.7 / model_grad_norm 28.8 / image_loss 5.1 / reward_loss 0.1 / cont_loss 0.0 / kl_free 1.0 / dyn_scale 0.5 / rep_scale 0.1 / dyn_loss 17.6 / rep_loss 17.6 / kl 17.6 / prior_abs_ent 31.8 / post_abs_ent -26.7 / prior_obs_ent 9.9 / post_obs_ent -5.9 / boundary_ratio 0.0 / kl_mask 0.0 / normed_target_mean 0.6 / normed_target_std 0.3 / normed_target_min -0.2 / normed_target_max 1.1 / EMA_005 204.2 / EMA_095 1107.8 / value_mean 762.4 / value_std 288.5 / value_min 28.4 / value_max 1176.1 / target_mean 764.2 / target_std 289.5 / target_min 34.1 / target_max 1205.2 / imag_reward_mean 1.9 / imag_reward_std 4.7 / imag_reward_min -0.0 / imag_reward_max 23.9 / imag_action_mean 9.2 / imag_action_std 4.5 / imag_action_min 0.0 / imag_action_max 17.0 / actor_entropy 0.4 / actor_loss 0.4 / actor_grad_norm 8.1 / value_loss 1.3 / value_grad_norm 1.5 / update_count 76072.0 / fps 12.2
add_video needs package moviepy
add_video needs package moviepy
[314512] 
Start evaluation.
[314512] eval_return 3520.0 / eval_length 1275.6 / eval_episodes 5.0
add_video needs package moviepy
Start training.
[314512] model_loss 15.6 / model_grad_norm 25.0 / image_loss 5.0 / reward_loss 0.1 / cont_loss 0.0 / kl_free 1.0 / dyn_scale 0.5 / rep_scale 0.1 / dyn_loss 17.4 / rep_loss 17.4 / kl 17.4 / prior_abs_ent 31.7 / post_abs_ent -26.6 / prior_obs_ent 10.0 / post_obs_ent -5.8 / boundary_ratio 0.0 / kl_mask 0.0 / normed_target_mean 0.6 / normed_target_std 0.3 / normed_target_min -0.2 / normed_target_max 1.1 / EMA_005 204.9 / EMA_095 1107.5 / value_mean 766.6 / value_std 290.8 / value_min 33.1 / value_max 1178.5 / target_mean 768.8 / target_std 291.6 / target_min 35.4 / target_max 1210.8 / imag_reward_mean 1.9 / imag_reward_std 4.8 / imag_reward_min -0.0 / imag_reward_max 28.2 / imag_action_mean 9.1 / imag_action_std 4.5 / imag_action_min 0.0 / imag_action_max 17.0 / actor_entropy 0.4 / actor_loss 0.5 / actor_grad_norm 8.1 / value_loss 1.3 / value_grad_norm 1.5 / update_count 76228.0 / fps 12.4
add_video needs package moviepy
add_video needs package moviepy
[315136] 
Start evaluation.
[315136] eval_return 3588.0 / eval_length 1282.2 / eval_episodes 5.0
add_video needs package moviepy
Start training.
[315136] model_loss 15.6 / model_grad_norm 25.9 / image_loss 5.0 / reward_loss 0.1 / cont_loss 0.0 / kl_free 1.0 / dyn_scale 0.5 / rep_scale 0.1 / dyn_loss 17.5 / rep_loss 17.5 / kl 17.5 / prior_abs_ent 32.0 / post_abs_ent -26.7 / prior_obs_ent 9.3 / post_obs_ent -6.6 / boundary_ratio 0.0 / kl_mask 0.0 / normed_target_mean 0.6 / normed_target_std 0.3 / normed_target_min -0.2 / normed_target_max 1.1 / EMA_005 199.7 / EMA_095 1109.6 / value_mean 770.3 / value_std 285.8 / value_min 26.6 / value_max 1179.5 / target_mean 772.5 / target_std 286.9 / target_min 30.6 / target_max 1211.0 / imag_reward_mean 2.0 / imag_reward_std 4.8 / imag_reward_min -0.0 / imag_reward_max 28.4 / imag_action_mean 9.2 / imag_action_std 4.5 / imag_action_min 0.0 / imag_action_max 17.0 / actor_entropy 0.4 / actor_loss 0.4 / actor_grad_norm 8.7 / value_loss 1.3 / value_grad_norm 1.5 / update_count 76384.0 / fps 12.3
add_video needs package moviepy
add_video needs package moviepy
[315760] 
Start evaluation.
[315760] eval_return 3986.0 / eval_length 1474.4 / eval_episodes 5.0
add_video needs package moviepy
Start training.
[315760] model_loss 15.8 / model_grad_norm 29.7 / image_loss 5.0 / reward_loss 0.1 / cont_loss 0.0 / kl_free 1.0 / dyn_scale 0.5 / rep_scale 0.1 / dyn_loss 17.8 / rep_loss 17.8 / kl 17.8 / prior_abs_ent 32.1 / post_abs_ent -26.9 / prior_obs_ent 9.8 / post_obs_ent -6.3 / boundary_ratio 0.0 / kl_mask 0.0 / normed_target_mean 0.6 / normed_target_std 0.3 / normed_target_min -0.2 / normed_target_max 1.1 / EMA_005 203.4 / EMA_095 1109.8 / value_mean 779.7 / value_std 284.3 / value_min 25.1 / value_max 1180.3 / target_mean 781.7 / target_std 285.1 / target_min 26.1 / target_max 1208.9 / imag_reward_mean 1.9 / imag_reward_std 4.8 / imag_reward_min -0.0 / imag_reward_max 28.2 / imag_action_mean 9.2 / imag_action_std 4.5 / imag_action_min 0.0 / imag_action_max 17.0 / actor_entropy 0.4 / actor_loss 0.4 / actor_grad_norm 8.5 / value_loss 1.3 / value_grad_norm 1.4 / update_count 76540.0 / fps 11.8
add_video needs package moviepy
add_video needs package moviepy
[316384] 
Start evaluation.
[316384] eval_return 3628.0 / eval_length 1295.4 / eval_episodes 5.0
add_video needs package moviepy
Start training.
[316384] model_loss 15.7 / model_grad_norm 25.8 / image_loss 5.0 / reward_loss 0.1 / cont_loss 0.0 / kl_free 1.0 / dyn_scale 0.5 / rep_scale 0.1 / dyn_loss 17.6 / rep_loss 17.6 / kl 17.6 / prior_abs_ent 31.9 / post_abs_ent -26.6 / prior_obs_ent 9.9 / post_obs_ent -6.1 / boundary_ratio 0.0 / kl_mask 0.0 / normed_target_mean 0.6 / normed_target_std 0.3 / normed_target_min -0.2 / normed_target_max 1.1 / EMA_005 215.6 / EMA_095 1110.9 / value_mean 778.9 / value_std 283.6 / value_min 29.7 / value_max 1178.4 / target_mean 780.4 / target_std 284.7 / target_min 36.0 / target_max 1208.4 / imag_reward_mean 1.9 / imag_reward_std 4.8 / imag_reward_min -0.0 / imag_reward_max 31.3 / imag_action_mean 9.2 / imag_action_std 4.5 / imag_action_min 0.0 / imag_action_max 17.0 / actor_entropy 0.4 / actor_loss 0.2 / actor_grad_norm 8.6 / value_loss 1.3 / value_grad_norm 1.4 / update_count 76696.0 / fps 12.3
add_video needs package moviepy
add_video needs package moviepy
[317008] 
Start evaluation.
[317008] eval_return 3328.0 / eval_length 1115.8 / eval_episodes 5.0
add_video needs package moviepy
Start training.
[317008] model_loss 15.5 / model_grad_norm 24.3 / image_loss 5.0 / reward_loss 0.1 / cont_loss 0.0 / kl_free 1.0 / dyn_scale 0.5 / rep_scale 0.1 / dyn_loss 17.3 / rep_loss 17.3 / kl 17.3 / prior_abs_ent 31.7 / post_abs_ent -26.6 / prior_obs_ent 9.0 / post_obs_ent -6.8 / boundary_ratio 0.0 / kl_mask 0.0 / normed_target_mean 0.6 / normed_target_std 0.3 / normed_target_min -0.2 / normed_target_max 1.1 / EMA_005 212.4 / EMA_095 1107.6 / value_mean 770.7 / value_std 287.0 / value_min 21.5 / value_max 1180.1 / target_mean 772.3 / target_std 287.9 / target_min 22.1 / target_max 1209.3 / imag_reward_mean 1.9 / imag_reward_std 4.8 / imag_reward_min -0.0 / imag_reward_max 28.5 / imag_action_mean 9.4 / imag_action_std 4.4 / imag_action_min 0.0 / imag_action_max 17.0 / actor_entropy 0.4 / actor_loss 0.2 / actor_grad_norm 8.2 / value_loss 1.3 / value_grad_norm 1.5 / update_count 76852.0 / fps 12.8
add_video needs package moviepy
add_video needs package moviepy
[317632] 
Start evaluation.
[317632] eval_return 4178.0 / eval_length 1422.6 / eval_episodes 5.0
add_video needs package moviepy
Start training.
[317632] model_loss 15.5 / model_grad_norm 25.6 / image_loss 5.0 / reward_loss 0.1 / cont_loss 0.0 / kl_free 1.0 / dyn_scale 0.5 / rep_scale 0.1 / dyn_loss 17.4 / rep_loss 17.4 / kl 17.4 / prior_abs_ent 31.9 / post_abs_ent -26.4 / prior_obs_ent 9.0 / post_obs_ent -6.8 / boundary_ratio 0.0 / kl_mask 0.0 / normed_target_mean 0.6 / normed_target_std 0.3 / normed_target_min -0.2 / normed_target_max 1.1 / EMA_005 221.9 / EMA_095 1112.6 / value_mean 782.1 / value_std 278.4 / value_min 30.4 / value_max 1179.3 / target_mean 784.2 / target_std 279.3 / target_min 32.6 / target_max 1211.5 / imag_reward_mean 1.9 / imag_reward_std 4.8 / imag_reward_min -0.0 / imag_reward_max 31.2 / imag_action_mean 9.4 / imag_action_std 4.4 / imag_action_min 0.0 / imag_action_max 17.0 / actor_entropy 0.4 / actor_loss 0.4 / actor_grad_norm 8.2 / value_loss 1.3 / value_grad_norm 1.4 / update_count 77008.0 / fps 12.0
add_video needs package moviepy
add_video needs package moviepy
[318256] 
Start evaluation.
[318256] eval_return 3628.0 / eval_length 1366.4 / eval_episodes 5.0
add_video needs package moviepy
Start training.
[318256] model_loss 15.7 / model_grad_norm 25.0 / image_loss 5.0 / reward_loss 0.1 / cont_loss 0.0 / kl_free 1.0 / dyn_scale 0.5 / rep_scale 0.1 / dyn_loss 17.6 / rep_loss 17.6 / kl 17.6 / prior_abs_ent 31.8 / post_abs_ent -26.6 / prior_obs_ent 9.0 / post_obs_ent -7.0 / boundary_ratio 0.0 / kl_mask 0.0 / normed_target_mean 0.6 / normed_target_std 0.3 / normed_target_min -0.2 / normed_target_max 1.1 / EMA_005 228.7 / EMA_095 1117.6 / value_mean 791.8 / value_std 280.8 / value_min 27.5 / value_max 1181.0 / target_mean 794.0 / target_std 281.5 / target_min 29.8 / target_max 1214.6 / imag_reward_mean 2.0 / imag_reward_std 4.8 / imag_reward_min -0.0 / imag_reward_max 25.1 / imag_action_mean 9.3 / imag_action_std 4.4 / imag_action_min 0.0 / imag_action_max 17.0 / actor_entropy 0.4 / actor_loss 0.4 / actor_grad_norm 8.3 / value_loss 1.3 / value_grad_norm 1.5 / update_count 77164.0 / fps 12.2
add_video needs package moviepy
add_video needs package moviepy
[318832] dataset_size 79708.0 / train_return 4430.0 / train_length 1452.0 / train_episodes 60.0
[318880] 
Start evaluation.
[318880] eval_return 4066.0 / eval_length 1316.4 / eval_episodes 5.0
add_video needs package moviepy
Start training.
[318880] model_loss 15.6 / model_grad_norm 25.1 / image_loss 4.9 / reward_loss 0.1 / cont_loss 0.0 / kl_free 1.0 / dyn_scale 0.5 / rep_scale 0.1 / dyn_loss 17.6 / rep_loss 17.6 / kl 17.6 / prior_abs_ent 31.7 / post_abs_ent -26.9 / prior_obs_ent 9.1 / post_obs_ent -6.9 / boundary_ratio 0.0 / kl_mask 0.0 / normed_target_mean 0.6 / normed_target_std 0.3 / normed_target_min -0.2 / normed_target_max 1.1 / EMA_005 215.1 / EMA_095 1116.9 / value_mean 780.0 / value_std 286.0 / value_min 31.4 / value_max 1178.5 / target_mean 781.8 / target_std 287.0 / target_min 37.0 / target_max 1208.7 / imag_reward_mean 2.0 / imag_reward_std 4.9 / imag_reward_min -0.0 / imag_reward_max 24.9 / imag_action_mean 9.3 / imag_action_std 4.4 / imag_action_min 0.0 / imag_action_max 17.0 / actor_entropy 0.4 / actor_loss 0.3 / actor_grad_norm 8.3 / value_loss 1.3 / value_grad_norm 1.4 / update_count 77320.0 / fps 12.3
add_video needs package moviepy
add_video needs package moviepy
[319504] 
Start evaluation.
[319504] eval_return 3516.0 / eval_length 1193.8 / eval_episodes 5.0
add_video needs package moviepy
Start training.
[319504] model_loss 15.5 / model_grad_norm 29.4 / image_loss 5.0 / reward_loss 0.1 / cont_loss 0.0 / kl_free 1.0 / dyn_scale 0.5 / rep_scale 0.1 / dyn_loss 17.5 / rep_loss 17.5 / kl 17.5 / prior_abs_ent 31.7 / post_abs_ent -26.6 / prior_obs_ent 9.0 / post_obs_ent -6.8 / boundary_ratio 0.0 / kl_mask 0.0 / normed_target_mean 0.6 / normed_target_std 0.3 / normed_target_min -0.2 / normed_target_max 1.1 / EMA_005 203.0 / EMA_095 1117.0 / value_mean 772.9 / value_std 291.1 / value_min 19.5 / value_max 1181.6 / target_mean 774.7 / target_std 292.0 / target_min 23.6 / target_max 1213.8 / imag_reward_mean 1.9 / imag_reward_std 4.8 / imag_reward_min -0.0 / imag_reward_max 25.8 / imag_action_mean 9.3 / imag_action_std 4.4 / imag_action_min 0.0 / imag_action_max 17.0 / actor_entropy 0.4 / actor_loss 0.3 / actor_grad_norm 8.3 / value_loss 1.3 / value_grad_norm 1.4 / update_count 77476.0 / fps 12.6
add_video needs package moviepy
add_video needs package moviepy
[320128] 
Start evaluation.
[320128] eval_return 3952.0 / eval_length 1326.8 / eval_episodes 5.0
add_video needs package moviepy
Start training.
[320128] model_loss 15.5 / model_grad_norm 25.5 / image_loss 4.9 / reward_loss 0.1 / cont_loss 0.0 / kl_free 1.0 / dyn_scale 0.5 / rep_scale 0.1 / dyn_loss 17.4 / rep_loss 17.4 / kl 17.4 / prior_abs_ent 31.6 / post_abs_ent -26.7 / prior_obs_ent 8.8 / post_obs_ent -7.0 / boundary_ratio 0.0 / kl_mask 0.0 / normed_target_mean 0.6 / normed_target_std 0.3 / normed_target_min -0.2 / normed_target_max 1.1 / EMA_005 211.6 / EMA_095 1115.4 / value_mean 784.0 / value_std 282.9 / value_min 27.8 / value_max 1179.1 / target_mean 785.6 / target_std 283.6 / target_min 33.8 / target_max 1208.2 / imag_reward_mean 1.9 / imag_reward_std 4.8 / imag_reward_min -0.0 / imag_reward_max 22.3 / imag_action_mean 9.3 / imag_action_std 4.4 / imag_action_min 0.0 / imag_action_max 17.0 / actor_entropy 0.3 / actor_loss 0.3 / actor_grad_norm 7.9 / value_loss 1.3 / value_grad_norm 1.4 / update_count 77632.0 / fps 12.2
add_video needs package moviepy
add_video needs package moviepy
[320752] 
Start evaluation.
[320752] eval_return 3832.0 / eval_length 1454.6 / eval_episodes 5.0
add_video needs package moviepy
Start training.
[320752] model_loss 15.5 / model_grad_norm 23.8 / image_loss 4.9 / reward_loss 0.1 / cont_loss 0.0 / kl_free 1.0 / dyn_scale 0.5 / rep_scale 0.1 / dyn_loss 17.5 / rep_loss 17.5 / kl 17.5 / prior_abs_ent 31.7 / post_abs_ent -26.5 / prior_obs_ent 8.8 / post_obs_ent -7.0 / boundary_ratio 0.0 / kl_mask 0.0 / normed_target_mean 0.6 / normed_target_std 0.3 / normed_target_min -0.2 / normed_target_max 1.1 / EMA_005 231.1 / EMA_095 1116.6 / value_mean 785.7 / value_std 274.5 / value_min 44.1 / value_max 1180.8 / target_mean 787.4 / target_std 275.5 / target_min 46.5 / target_max 1215.8 / imag_reward_mean 2.0 / imag_reward_std 4.8 / imag_reward_min -0.0 / imag_reward_max 32.1 / imag_action_mean 9.2 / imag_action_std 4.4 / imag_action_min 0.0 / imag_action_max 17.0 / actor_entropy 0.3 / actor_loss 0.2 / actor_grad_norm 8.5 / value_loss 1.3 / value_grad_norm 1.4 / update_count 77788.0 / fps 12.0
add_video needs package moviepy
add_video needs package moviepy
[321376] 
Start evaluation.
[321376] eval_return 3654.0 / eval_length 1348.2 / eval_episodes 5.0
add_video needs package moviepy
Start training.
[321376] model_loss 15.6 / model_grad_norm 25.5 / image_loss 4.9 / reward_loss 0.1 / cont_loss 0.0 / kl_free 1.0 / dyn_scale 0.5 / rep_scale 0.1 / dyn_loss 17.6 / rep_loss 17.6 / kl 17.6 / prior_abs_ent 31.6 / post_abs_ent -26.6 / prior_obs_ent 8.8 / post_obs_ent -7.2 / boundary_ratio 0.0 / kl_mask 0.0 / normed_target_mean 0.6 / normed_target_std 0.3 / normed_target_min -0.2 / normed_target_max 1.1 / EMA_005 224.4 / EMA_095 1117.9 / value_mean 780.5 / value_std 285.2 / value_min 28.1 / value_max 1179.3 / target_mean 782.3 / target_std 285.9 / target_min 31.3 / target_max 1209.6 / imag_reward_mean 2.0 / imag_reward_std 4.8 / imag_reward_min -0.0 / imag_reward_max 25.6 / imag_action_mean 9.3 / imag_action_std 4.4 / imag_action_min 0.0 / imag_action_max 17.0 / actor_entropy 0.4 / actor_loss 0.2 / actor_grad_norm 8.3 / value_loss 1.3 / value_grad_norm 1.4 / update_count 77944.0 / fps 12.2
add_video needs package moviepy
add_video needs package moviepy
[322000] 
Start evaluation.
[322000] eval_return 3764.0 / eval_length 1374.4 / eval_episodes 5.0
add_video needs package moviepy
Start training.
[322000] model_loss 15.5 / model_grad_norm 25.5 / image_loss 4.9 / reward_loss 0.1 / cont_loss 0.0 / kl_free 1.0 / dyn_scale 0.5 / rep_scale 0.1 / dyn_loss 17.5 / rep_loss 17.5 / kl 17.5 / prior_abs_ent 31.6 / post_abs_ent -26.4 / prior_obs_ent 9.0 / post_obs_ent -6.9 / boundary_ratio 0.0 / kl_mask 0.0 / normed_target_mean 0.6 / normed_target_std 0.3 / normed_target_min -0.2 / normed_target_max 1.1 / EMA_005 204.9 / EMA_095 1116.3 / value_mean 775.2 / value_std 289.4 / value_min 23.8 / value_max 1180.7 / target_mean 777.0 / target_std 290.2 / target_min 27.1 / target_max 1213.2 / imag_reward_mean 2.0 / imag_reward_std 4.8 / imag_reward_min -0.0 / imag_reward_max 32.2 / imag_action_mean 9.3 / imag_action_std 4.4 / imag_action_min 0.0 / imag_action_max 17.0 / actor_entropy 0.4 / actor_loss 0.3 / actor_grad_norm 8.3 / value_loss 1.3 / value_grad_norm 1.5 / update_count 78100.0 / fps 12.2
add_video needs package moviepy
add_video needs package moviepy
[322624] 
Start evaluation.
[322624] eval_return 3350.0 / eval_length 1264.0 / eval_episodes 5.0
add_video needs package moviepy
Start training.
[322624] model_loss 15.5 / model_grad_norm 26.6 / image_loss 4.9 / reward_loss 0.1 / cont_loss 0.0 / kl_free 1.0 / dyn_scale 0.5 / rep_scale 0.1 / dyn_loss 17.5 / rep_loss 17.5 / kl 17.5 / prior_abs_ent 31.5 / post_abs_ent -26.5 / prior_obs_ent 8.7 / post_obs_ent -7.2 / boundary_ratio 0.0 / kl_mask 0.0 / normed_target_mean 0.6 / normed_target_std 0.3 / normed_target_min -0.2 / normed_target_max 1.1 / EMA_005 231.2 / EMA_095 1117.2 / value_mean 791.4 / value_std 272.2 / value_min 51.4 / value_max 1179.7 / target_mean 793.3 / target_std 272.9 / target_min 59.5 / target_max 1212.4 / imag_reward_mean 1.9 / imag_reward_std 4.8 / imag_reward_min -0.0 / imag_reward_max 28.3 / imag_action_mean 9.1 / imag_action_std 4.5 / imag_action_min 0.0 / imag_action_max 17.0 / actor_entropy 0.3 / actor_loss 0.3 / actor_grad_norm 8.4 / value_loss 1.3 / value_grad_norm 1.4 / update_count 78256.0 / fps 12.4
add_video needs package moviepy
add_video needs package moviepy
[323248] 
Start evaluation.
[323248] eval_return 3810.0 / eval_length 1315.8 / eval_episodes 5.0
add_video needs package moviepy
Start training.
[323248] model_loss 15.7 / model_grad_norm 26.3 / image_loss 5.0 / reward_loss 0.1 / cont_loss 0.0 / kl_free 1.0 / dyn_scale 0.5 / rep_scale 0.1 / dyn_loss 17.6 / rep_loss 17.6 / kl 17.6 / prior_abs_ent 31.7 / post_abs_ent -26.6 / prior_obs_ent 9.2 / post_obs_ent -6.8 / boundary_ratio 0.0 / kl_mask 0.0 / normed_target_mean 0.6 / normed_target_std 0.3 / normed_target_min -0.2 / normed_target_max 1.1 / EMA_005 216.4 / EMA_095 1119.0 / value_mean 787.2 / value_std 283.3 / value_min 41.4 / value_max 1181.6 / target_mean 789.2 / target_std 284.2 / target_min 43.9 / target_max 1215.0 / imag_reward_mean 2.0 / imag_reward_std 4.9 / imag_reward_min -0.0 / imag_reward_max 28.7 / imag_action_mean 9.1 / imag_action_std 4.4 / imag_action_min 0.0 / imag_action_max 17.0 / actor_entropy 0.4 / actor_loss 0.3 / actor_grad_norm 8.4 / value_loss 1.3 / value_grad_norm 1.3 / update_count 78412.0 / fps 12.3
add_video needs package moviepy
add_video needs package moviepy
[323872] 
Start evaluation.
[323872] eval_return 4254.0 / eval_length 1456.6 / eval_episodes 5.0
add_video needs package moviepy
Start training.
[323872] model_loss 15.5 / model_grad_norm 23.3 / image_loss 4.9 / reward_loss 0.1 / cont_loss 0.0 / kl_free 1.0 / dyn_scale 0.5 / rep_scale 0.1 / dyn_loss 17.4 / rep_loss 17.4 / kl 17.4 / prior_abs_ent 31.6 / post_abs_ent -26.5 / prior_obs_ent 9.1 / post_obs_ent -6.7 / boundary_ratio 0.0 / kl_mask 0.0 / normed_target_mean 0.6 / normed_target_std 0.3 / normed_target_min -0.2 / normed_target_max 1.1 / EMA_005 236.3 / EMA_095 1121.0 / value_mean 789.7 / value_std 281.9 / value_min 36.9 / value_max 1181.0 / target_mean 791.3 / target_std 282.7 / target_min 40.2 / target_max 1213.8 / imag_reward_mean 2.0 / imag_reward_std 4.8 / imag_reward_min -0.0 / imag_reward_max 22.4 / imag_action_mean 9.1 / imag_action_std 4.4 / imag_action_min 0.0 / imag_action_max 17.0 / actor_entropy 0.4 / actor_loss 0.3 / actor_grad_norm 7.8 / value_loss 1.2 / value_grad_norm 1.3 / update_count 78568.0 / fps 11.9
add_video needs package moviepy
add_video needs package moviepy
[324292] dataset_size 81073.0 / train_return 4150.0 / train_length 1365.0 / train_episodes 61.0
[324496] 
Start evaluation.
[324496] eval_return 3860.0 / eval_length 1295.6 / eval_episodes 5.0
add_video needs package moviepy
Start training.
[324496] model_loss 15.8 / model_grad_norm 27.9 / image_loss 5.0 / reward_loss 0.1 / cont_loss 0.0 / kl_free 1.0 / dyn_scale 0.5 / rep_scale 0.1 / dyn_loss 17.8 / rep_loss 17.8 / kl 17.8 / prior_abs_ent 31.8 / post_abs_ent -26.6 / prior_obs_ent 9.1 / post_obs_ent -7.1 / boundary_ratio 0.0 / kl_mask 0.0 / normed_target_mean 0.6 / normed_target_std 0.3 / normed_target_min -0.2 / normed_target_max 1.1 / EMA_005 227.8 / EMA_095 1118.4 / value_mean 787.5 / value_std 280.7 / value_min 33.8 / value_max 1181.7 / target_mean 789.3 / target_std 281.8 / target_min 40.0 / target_max 1215.8 / imag_reward_mean 2.0 / imag_reward_std 4.9 / imag_reward_min -0.0 / imag_reward_max 31.2 / imag_action_mean 9.3 / imag_action_std 4.4 / imag_action_min 0.0 / imag_action_max 17.0 / actor_entropy 0.4 / actor_loss 0.3 / actor_grad_norm 8.2 / value_loss 1.3 / value_grad_norm 1.4 / update_count 78724.0 / fps 12.3
add_video needs package moviepy
add_video needs package moviepy
[325120] 
Start evaluation.
[325120] eval_return 3808.0 / eval_length 1341.0 / eval_episodes 5.0
add_video needs package moviepy
Start training.
[325120] model_loss 15.6 / model_grad_norm 24.8 / image_loss 5.0 / reward_loss 0.1 / cont_loss 0.0 / kl_free 1.0 / dyn_scale 0.5 / rep_scale 0.1 / dyn_loss 17.6 / rep_loss 17.6 / kl 17.6 / prior_abs_ent 31.7 / post_abs_ent -26.3 / prior_obs_ent 8.8 / post_obs_ent -7.2 / boundary_ratio 0.0 / kl_mask 0.0 / normed_target_mean 0.6 / normed_target_std 0.3 / normed_target_min -0.2 / normed_target_max 1.1 / EMA_005 224.0 / EMA_095 1123.3 / value_mean 790.4 / value_std 287.4 / value_min 33.1 / value_max 1182.2 / target_mean 792.3 / target_std 288.6 / target_min 38.9 / target_max 1218.2 / imag_reward_mean 2.0 / imag_reward_std 4.9 / imag_reward_min -0.0 / imag_reward_max 34.2 / imag_action_mean 9.3 / imag_action_std 4.4 / imag_action_min 0.0 / imag_action_max 17.0 / actor_entropy 0.3 / actor_loss 0.3 / actor_grad_norm 8.3 / value_loss 1.3 / value_grad_norm 1.4 / update_count 78880.0 / fps 12.0
add_video needs package moviepy
add_video needs package moviepy
[325744] 
Start evaluation.
[325744] eval_return 4362.0 / eval_length 1419.4 / eval_episodes 5.0
add_video needs package moviepy
Start training.
[325744] model_loss 15.7 / model_grad_norm 26.5 / image_loss 5.0 / reward_loss 0.1 / cont_loss 0.0 / kl_free 1.0 / dyn_scale 0.5 / rep_scale 0.1 / dyn_loss 17.7 / rep_loss 17.7 / kl 17.7 / prior_abs_ent 32.1 / post_abs_ent -26.5 / prior_obs_ent 9.0 / post_obs_ent -7.1 / boundary_ratio 0.0 / kl_mask 0.0 / normed_target_mean 0.6 / normed_target_std 0.3 / normed_target_min -0.2 / normed_target_max 1.1 / EMA_005 215.5 / EMA_095 1124.7 / value_mean 783.9 / value_std 285.5 / value_min 20.9 / value_max 1183.0 / target_mean 785.7 / target_std 286.6 / target_min 26.8 / target_max 1220.7 / imag_reward_mean 2.0 / imag_reward_std 4.9 / imag_reward_min -0.0 / imag_reward_max 28.4 / imag_action_mean 9.3 / imag_action_std 4.4 / imag_action_min 0.0 / imag_action_max 17.0 / actor_entropy 0.3 / actor_loss 0.3 / actor_grad_norm 8.5 / value_loss 1.3 / value_grad_norm 1.4 / update_count 79036.0 / fps 12.1
add_video needs package moviepy
add_video needs package moviepy
[326368] 
Start evaluation.
[326368] eval_return 3918.0 / eval_length 1337.4 / eval_episodes 5.0
add_video needs package moviepy
Start training.
[326368] model_loss 15.7 / model_grad_norm 25.6 / image_loss 4.9 / reward_loss 0.1 / cont_loss 0.0 / kl_free 1.0 / dyn_scale 0.5 / rep_scale 0.1 / dyn_loss 17.7 / rep_loss 17.7 / kl 17.7 / prior_abs_ent 32.0 / post_abs_ent -26.6 / prior_obs_ent 9.3 / post_obs_ent -6.8 / boundary_ratio 0.0 / kl_mask 0.0 / normed_target_mean 0.6 / normed_target_std 0.3 / normed_target_min -0.2 / normed_target_max 1.1 / EMA_005 232.6 / EMA_095 1127.2 / value_mean 793.9 / value_std 281.1 / value_min 37.6 / value_max 1183.9 / target_mean 795.7 / target_std 282.2 / target_min 43.1 / target_max 1221.7 / imag_reward_mean 2.0 / imag_reward_std 4.9 / imag_reward_min -0.0 / imag_reward_max 31.4 / imag_action_mean 9.2 / imag_action_std 4.4 / imag_action_min 0.0 / imag_action_max 17.0 / actor_entropy 0.3 / actor_loss 0.3 / actor_grad_norm 8.2 / value_loss 1.3 / value_grad_norm 1.5 / update_count 79192.0 / fps 12.2
add_video needs package moviepy
add_video needs package moviepy
[326992] 
Start evaluation.
[326992] eval_return 3862.0 / eval_length 1307.8 / eval_episodes 5.0
add_video needs package moviepy
Start training.
[326992] model_loss 15.7 / model_grad_norm 28.7 / image_loss 5.0 / reward_loss 0.1 / cont_loss 0.0 / kl_free 1.0 / dyn_scale 0.5 / rep_scale 0.1 / dyn_loss 17.6 / rep_loss 17.6 / kl 17.6 / prior_abs_ent 32.0 / post_abs_ent -26.6 / prior_obs_ent 9.1 / post_obs_ent -6.9 / boundary_ratio 0.0 / kl_mask 0.0 / normed_target_mean 0.6 / normed_target_std 0.3 / normed_target_min -0.2 / normed_target_max 1.1 / EMA_005 229.2 / EMA_095 1127.6 / value_mean 795.8 / value_std 282.4 / value_min 33.3 / value_max 1183.5 / target_mean 797.4 / target_std 283.4 / target_min 37.0 / target_max 1218.8 / imag_reward_mean 2.0 / imag_reward_std 4.8 / imag_reward_min -0.0 / imag_reward_max 25.8 / imag_action_mean 9.1 / imag_action_std 4.4 / imag_action_min 0.0 / imag_action_max 17.0 / actor_entropy 0.3 / actor_loss 0.2 / actor_grad_norm 8.5 / value_loss 1.3 / value_grad_norm 1.4 / update_count 79348.0 / fps 12.4
add_video needs package moviepy
add_video needs package moviepy
[327616] 
Start evaluation.
[327616] eval_return 3860.0 / eval_length 1243.6 / eval_episodes 5.0
add_video needs package moviepy
Start training.
[327616] model_loss 15.7 / model_grad_norm 27.0 / image_loss 5.0 / reward_loss 0.1 / cont_loss 0.0 / kl_free 1.0 / dyn_scale 0.5 / rep_scale 0.1 / dyn_loss 17.6 / rep_loss 17.6 / kl 17.6 / prior_abs_ent 32.2 / post_abs_ent -26.5 / prior_obs_ent 9.3 / post_obs_ent -6.7 / boundary_ratio 0.0 / kl_mask 0.0 / normed_target_mean 0.6 / normed_target_std 0.3 / normed_target_min -0.2 / normed_target_max 1.1 / EMA_005 218.4 / EMA_095 1125.7 / value_mean 775.7 / value_std 291.2 / value_min 24.7 / value_max 1183.6 / target_mean 777.4 / target_std 292.1 / target_min 27.0 / target_max 1219.8 / imag_reward_mean 2.0 / imag_reward_std 4.8 / imag_reward_min -0.0 / imag_reward_max 28.7 / imag_action_mean 9.4 / imag_action_std 4.3 / imag_action_min 0.0 / imag_action_max 17.0 / actor_entropy 0.3 / actor_loss 0.2 / actor_grad_norm 8.5 / value_loss 1.3 / value_grad_norm 1.5 / update_count 79504.0 / fps 12.5
add_video needs package moviepy
add_video needs package moviepy
[328240] 
Start evaluation.
[328240] eval_return 3830.0 / eval_length 1284.2 / eval_episodes 5.0
add_video needs package moviepy
Start training.
[328240] model_loss 15.6 / model_grad_norm 26.4 / image_loss 5.0 / reward_loss 0.1 / cont_loss 0.0 / kl_free 1.0 / dyn_scale 0.5 / rep_scale 0.1 / dyn_loss 17.6 / rep_loss 17.6 / kl 17.6 / prior_abs_ent 32.1 / post_abs_ent -26.5 / prior_obs_ent 8.7 / post_obs_ent -7.2 / boundary_ratio 0.0 / kl_mask 0.0 / normed_target_mean 0.6 / normed_target_std 0.3 / normed_target_min -0.2 / normed_target_max 1.1 / EMA_005 231.3 / EMA_095 1126.3 / value_mean 789.5 / value_std 280.8 / value_min 26.6 / value_max 1183.8 / target_mean 791.0 / target_std 282.0 / target_min 28.4 / target_max 1220.1 / imag_reward_mean 2.0 / imag_reward_std 4.8 / imag_reward_min -0.0 / imag_reward_max 25.1 / imag_action_mean 9.2 / imag_action_std 4.4 / imag_action_min 0.0 / imag_action_max 17.0 / actor_entropy 0.3 / actor_loss 0.2 / actor_grad_norm 8.6 / value_loss 1.3 / value_grad_norm 1.5 / update_count 79660.0 / fps 12.3
add_video needs package moviepy
add_video needs package moviepy
[328864] 
Start evaluation.
[328864] eval_return 3986.0 / eval_length 1354.0 / eval_episodes 5.0
add_video needs package moviepy
Start training.
[328864] model_loss 15.8 / model_grad_norm 26.7 / image_loss 5.0 / reward_loss 0.1 / cont_loss 0.0 / kl_free 1.0 / dyn_scale 0.5 / rep_scale 0.1 / dyn_loss 17.8 / rep_loss 17.8 / kl 17.8 / prior_abs_ent 31.9 / post_abs_ent -26.6 / prior_obs_ent 9.2 / post_obs_ent -7.0 / boundary_ratio 0.0 / kl_mask 0.0 / normed_target_mean 0.6 / normed_target_std 0.3 / normed_target_min -0.2 / normed_target_max 1.1 / EMA_005 226.7 / EMA_095 1130.7 / value_mean 805.0 / value_std 281.0 / value_min 23.5 / value_max 1184.3 / target_mean 806.9 / target_std 282.2 / target_min 34.5 / target_max 1223.0 / imag_reward_mean 2.1 / imag_reward_std 5.0 / imag_reward_min -0.0 / imag_reward_max 33.9 / imag_action_mean 9.3 / imag_action_std 4.4 / imag_action_min 0.0 / imag_action_max 17.0 / actor_entropy 0.3 / actor_loss 0.4 / actor_grad_norm 8.1 / value_loss 1.3 / value_grad_norm 1.3 / update_count 79816.0 / fps 12.1
add_video needs package moviepy
add_video needs package moviepy
[329456] dataset_size 82364.0 / train_return 4110.0 / train_length 1291.0 / train_episodes 62.0
[329488] 
Start evaluation.
[329488] eval_return 4314.0 / eval_length 1431.4 / eval_episodes 5.0
add_video needs package moviepy
Start training.
[329488] model_loss 15.7 / model_grad_norm 27.3 / image_loss 5.0 / reward_loss 0.1 / cont_loss 0.0 / kl_free 1.0 / dyn_scale 0.5 / rep_scale 0.1 / dyn_loss 17.7 / rep_loss 17.7 / kl 17.7 / prior_abs_ent 31.8 / post_abs_ent -26.5 / prior_obs_ent 8.8 / post_obs_ent -7.3 / boundary_ratio 0.0 / kl_mask 0.0 / normed_target_mean 0.6 / normed_target_std 0.3 / normed_target_min -0.2 / normed_target_max 1.1 / EMA_005 231.6 / EMA_095 1126.2 / value_mean 783.7 / value_std 286.2 / value_min 21.9 / value_max 1183.2 / target_mean 785.2 / target_std 287.3 / target_min 26.2 / target_max 1216.1 / imag_reward_mean 2.0 / imag_reward_std 4.8 / imag_reward_min -0.0 / imag_reward_max 25.2 / imag_action_mean 9.3 / imag_action_std 4.4 / imag_action_min 0.0 / imag_action_max 17.0 / actor_entropy 0.3 / actor_loss 0.2 / actor_grad_norm 8.3 / value_loss 1.3 / value_grad_norm 1.4 / update_count 79972.0 / fps 11.9
add_video needs package moviepy
add_video needs package moviepy
[330112] 
Start evaluation.
[330112] eval_return 4066.0 / eval_length 1375.0 / eval_episodes 5.0
add_video needs package moviepy
Start training.
[330112] model_loss 15.7 / model_grad_norm 27.1 / image_loss 4.9 / reward_loss 0.1 / cont_loss 0.0 / kl_free 1.0 / dyn_scale 0.5 / rep_scale 0.1 / dyn_loss 17.7 / rep_loss 17.7 / kl 17.7 / prior_abs_ent 31.8 / post_abs_ent -26.5 / prior_obs_ent 8.7 / post_obs_ent -7.4 / boundary_ratio 0.0 / kl_mask 0.0 / normed_target_mean 0.6 / normed_target_std 0.3 / normed_target_min -0.2 / normed_target_max 1.1 / EMA_005 232.7 / EMA_095 1126.5 / value_mean 792.7 / value_std 282.8 / value_min 39.6 / value_max 1183.1 / target_mean 794.7 / target_std 283.5 / target_min 45.8 / target_max 1216.1 / imag_reward_mean 2.0 / imag_reward_std 4.9 / imag_reward_min -0.0 / imag_reward_max 25.3 / imag_action_mean 9.4 / imag_action_std 4.3 / imag_action_min 0.0 / imag_action_max 17.0 / actor_entropy 0.3 / actor_loss 0.4 / actor_grad_norm 8.2 / value_loss 1.3 / value_grad_norm 1.4 / update_count 80128.0 / fps 12.1
add_video needs package moviepy
add_video needs package moviepy
[330736] 
Start evaluation.
[330736] eval_return 4038.0 / eval_length 1386.2 / eval_episodes 5.0
add_video needs package moviepy
Start training.
[330736] model_loss 15.6 / model_grad_norm 25.3 / image_loss 4.9 / reward_loss 0.1 / cont_loss 0.0 / kl_free 1.0 / dyn_scale 0.5 / rep_scale 0.1 / dyn_loss 17.6 / rep_loss 17.6 / kl 17.6 / prior_abs_ent 32.1 / post_abs_ent -26.6 / prior_obs_ent 9.0 / post_obs_ent -7.1 / boundary_ratio 0.0 / kl_mask 0.0 / normed_target_mean 0.6 / normed_target_std 0.3 / normed_target_min -0.2 / normed_target_max 1.1 / EMA_005 222.0 / EMA_095 1127.2 / value_mean 775.8 / value_std 290.9 / value_min 22.4 / value_max 1183.6 / target_mean 777.4 / target_std 292.0 / target_min 25.3 / target_max 1220.4 / imag_reward_mean 2.0 / imag_reward_std 4.8 / imag_reward_min -0.0 / imag_reward_max 21.8 / imag_action_mean 9.4 / imag_action_std 4.3 / imag_action_min 0.0 / imag_action_max 17.0 / actor_entropy 0.3 / actor_loss 0.2 / actor_grad_norm 8.1 / value_loss 1.3 / value_grad_norm 1.4 / update_count 80284.0 / fps 12.1
add_video needs package moviepy
add_video needs package moviepy
[331360] 
Start evaluation.
[331360] eval_return 4102.0 / eval_length 1326.0 / eval_episodes 5.0
add_video needs package moviepy
Start training.
[331360] model_loss 15.6 / model_grad_norm 28.0 / image_loss 4.9 / reward_loss 0.1 / cont_loss 0.0 / kl_free 1.0 / dyn_scale 0.5 / rep_scale 0.1 / dyn_loss 17.6 / rep_loss 17.6 / kl 17.6 / prior_abs_ent 32.1 / post_abs_ent -26.5 / prior_obs_ent 9.4 / post_obs_ent -6.6 / boundary_ratio 0.0 / kl_mask 0.0 / normed_target_mean 0.6 / normed_target_std 0.3 / normed_target_min -0.2 / normed_target_max 1.1 / EMA_005 219.8 / EMA_095 1127.3 / value_mean 788.9 / value_std 288.6 / value_min 19.1 / value_max 1183.5 / target_mean 790.5 / target_std 289.7 / target_min 25.2 / target_max 1221.5 / imag_reward_mean 2.0 / imag_reward_std 4.8 / imag_reward_min -0.0 / imag_reward_max 28.0 / imag_action_mean 9.3 / imag_action_std 4.3 / imag_action_min 0.0 / imag_action_max 17.0 / actor_entropy 0.3 / actor_loss 0.3 / actor_grad_norm 8.2 / value_loss 1.3 / value_grad_norm 1.4 / update_count 80440.0 / fps 12.2
add_video needs package moviepy
add_video needs package moviepy
[331984] 
Start evaluation.
[331984] eval_return 3386.0 / eval_length 1203.8 / eval_episodes 5.0
add_video needs package moviepy
Start training.
[331984] model_loss 15.7 / model_grad_norm 25.3 / image_loss 4.9 / reward_loss 0.1 / cont_loss 0.0 / kl_free 1.0 / dyn_scale 0.5 / rep_scale 0.1 / dyn_loss 17.7 / rep_loss 17.7 / kl 17.7 / prior_abs_ent 32.0 / post_abs_ent -26.3 / prior_obs_ent 9.2 / post_obs_ent -6.9 / boundary_ratio 0.0 / kl_mask 0.0 / normed_target_mean 0.6 / normed_target_std 0.3 / normed_target_min -0.2 / normed_target_max 1.1 / EMA_005 217.0 / EMA_095 1131.5 / value_mean 791.6 / value_std 291.9 / value_min 20.0 / value_max 1184.3 / target_mean 793.2 / target_std 292.7 / target_min 23.7 / target_max 1225.3 / imag_reward_mean 2.0 / imag_reward_std 4.9 / imag_reward_min -0.0 / imag_reward_max 25.4 / imag_action_mean 9.4 / imag_action_std 4.3 / imag_action_min 0.0 / imag_action_max 17.0 / actor_entropy 0.3 / actor_loss 0.2 / actor_grad_norm 8.0 / value_loss 1.3 / value_grad_norm 1.4 / update_count 80596.0 / fps 12.5
add_video needs package moviepy
add_video needs package moviepy
[332608] 
Start evaluation.
[332608] eval_return 3386.0 / eval_length 1180.4 / eval_episodes 5.0
add_video needs package moviepy
Start training.
[332608] model_loss 15.7 / model_grad_norm 29.6 / image_loss 5.0 / reward_loss 0.1 / cont_loss 0.0 / kl_free 1.0 / dyn_scale 0.5 / rep_scale 0.1 / dyn_loss 17.7 / rep_loss 17.7 / kl 17.7 / prior_abs_ent 31.7 / post_abs_ent -26.7 / prior_obs_ent 9.4 / post_obs_ent -6.7 / boundary_ratio 0.0 / kl_mask 0.0 / normed_target_mean 0.6 / normed_target_std 0.3 / normed_target_min -0.2 / normed_target_max 1.1 / EMA_005 224.4 / EMA_095 1131.2 / value_mean 791.8 / value_std 282.7 / value_min 27.9 / value_max 1183.8 / target_mean 793.3 / target_std 283.8 / target_min 33.9 / target_max 1222.8 / imag_reward_mean 1.9 / imag_reward_std 4.8 / imag_reward_min -0.0 / imag_reward_max 31.4 / imag_action_mean 9.3 / imag_action_std 4.3 / imag_action_min 0.0 / imag_action_max 17.0 / actor_entropy 0.3 / actor_loss 0.1 / actor_grad_norm 8.4 / value_loss 1.3 / value_grad_norm 1.5 / update_count 80752.0 / fps 12.7
add_video needs package moviepy
add_video needs package moviepy
[333232] 
Start evaluation.
[333232] eval_return 3438.0 / eval_length 1199.2 / eval_episodes 5.0
add_video needs package moviepy
Start training.
[333232] model_loss 15.6 / model_grad_norm 23.4 / image_loss 5.0 / reward_loss 0.1 / cont_loss 0.0 / kl_free 1.0 / dyn_scale 0.5 / rep_scale 0.1 / dyn_loss 17.5 / rep_loss 17.5 / kl 17.5 / prior_abs_ent 31.4 / post_abs_ent -26.7 / prior_obs_ent 8.9 / post_obs_ent -7.0 / boundary_ratio 0.0 / kl_mask 0.0 / normed_target_mean 0.6 / normed_target_std 0.3 / normed_target_min -0.2 / normed_target_max 1.1 / EMA_005 218.6 / EMA_095 1129.3 / value_mean 775.9 / value_std 293.3 / value_min 20.1 / value_max 1183.9 / target_mean 778.1 / target_std 294.2 / target_min 22.5 / target_max 1222.5 / imag_reward_mean 2.0 / imag_reward_std 4.9 / imag_reward_min -0.0 / imag_reward_max 31.5 / imag_action_mean 9.4 / imag_action_std 4.3 / imag_action_min 0.0 / imag_action_max 17.0 / actor_entropy 0.3 / actor_loss 0.4 / actor_grad_norm 8.5 / value_loss 1.3 / value_grad_norm 1.5 / update_count 80908.0 / fps 12.6
add_video needs package moviepy
add_video needs package moviepy
[333856] 
Start evaluation.
[333856] eval_return 3736.0 / eval_length 1340.6 / eval_episodes 5.0
add_video needs package moviepy
Start training.
[333856] model_loss 15.5 / model_grad_norm 29.0 / image_loss 4.9 / reward_loss 0.1 / cont_loss 0.0 / kl_free 1.0 / dyn_scale 0.5 / rep_scale 0.1 / dyn_loss 17.5 / rep_loss 17.5 / kl 17.5 / prior_abs_ent 31.3 / post_abs_ent -26.7 / prior_obs_ent 8.9 / post_obs_ent -7.0 / boundary_ratio 0.0 / kl_mask 0.0 / normed_target_mean 0.6 / normed_target_std 0.3 / normed_target_min -0.2 / normed_target_max 1.1 / EMA_005 217.4 / EMA_095 1130.8 / value_mean 796.2 / value_std 281.9 / value_min 37.0 / value_max 1184.3 / target_mean 798.1 / target_std 282.7 / target_min 40.0 / target_max 1221.9 / imag_reward_mean 1.9 / imag_reward_std 4.8 / imag_reward_min -0.0 / imag_reward_max 25.0 / imag_action_mean 9.3 / imag_action_std 4.3 / imag_action_min 0.0 / imag_action_max 17.0 / actor_entropy 0.4 / actor_loss 0.3 / actor_grad_norm 8.4 / value_loss 1.3 / value_grad_norm 1.3 / update_count 81064.0 / fps 12.1
add_video needs package moviepy
add_video needs package moviepy
[334480] 
Start evaluation.
[334480] eval_return 4234.0 / eval_length 1505.2 / eval_episodes 5.0
add_video needs package moviepy
Start training.
[334480] model_loss 15.5 / model_grad_norm 25.1 / image_loss 4.9 / reward_loss 0.1 / cont_loss 0.0 / kl_free 1.0 / dyn_scale 0.5 / rep_scale 0.1 / dyn_loss 17.5 / rep_loss 17.5 / kl 17.5 / prior_abs_ent 31.8 / post_abs_ent -26.8 / prior_obs_ent 8.7 / post_obs_ent -7.3 / boundary_ratio 0.0 / kl_mask 0.0 / normed_target_mean 0.6 / normed_target_std 0.3 / normed_target_min -0.2 / normed_target_max 1.1 / EMA_005 241.7 / EMA_095 1132.8 / value_mean 786.3 / value_std 287.5 / value_min 22.2 / value_max 1183.1 / target_mean 788.1 / target_std 288.5 / target_min 27.6 / target_max 1221.6 / imag_reward_mean 2.0 / imag_reward_std 4.8 / imag_reward_min -0.0 / imag_reward_max 21.8 / imag_action_mean 9.3 / imag_action_std 4.2 / imag_action_min 0.0 / imag_action_max 17.0 / actor_entropy 0.3 / actor_loss 0.3 / actor_grad_norm 8.4 / value_loss 1.3 / value_grad_norm 1.5 / update_count 81220.0 / fps 11.8
add_video needs package moviepy
add_video needs package moviepy
[335104] 
Start evaluation.
[335104] eval_return 3750.0 / eval_length 1290.0 / eval_episodes 5.0
add_video needs package moviepy
Start training.
[335104] model_loss 15.6 / model_grad_norm 25.7 / image_loss 4.9 / reward_loss 0.1 / cont_loss 0.0 / kl_free 1.0 / dyn_scale 0.5 / rep_scale 0.1 / dyn_loss 17.7 / rep_loss 17.7 / kl 17.7 / prior_abs_ent 31.7 / post_abs_ent -26.8 / prior_obs_ent 8.6 / post_obs_ent -7.4 / boundary_ratio 0.0 / kl_mask 0.0 / normed_target_mean 0.6 / normed_target_std 0.3 / normed_target_min -0.2 / normed_target_max 1.1 / EMA_005 222.7 / EMA_095 1133.2 / value_mean 791.4 / value_std 285.9 / value_min 18.5 / value_max 1185.7 / target_mean 793.2 / target_std 287.3 / target_min 22.9 / target_max 1224.0 / imag_reward_mean 2.0 / imag_reward_std 4.9 / imag_reward_min -0.0 / imag_reward_max 25.3 / imag_action_mean 9.2 / imag_action_std 4.3 / imag_action_min 0.0 / imag_action_max 17.0 / actor_entropy 0.3 / actor_loss 0.3 / actor_grad_norm 8.9 / value_loss 1.3 / value_grad_norm 1.5 / update_count 81376.0 / fps 12.4
add_video needs package moviepy
add_video needs package moviepy
[335288] dataset_size 83822.0 / train_return 3940.0 / train_length 1458.0 / train_episodes 63.0
[335728] 
Start evaluation.
[335728] eval_return 4214.0 / eval_length 1495.0 / eval_episodes 5.0
add_video needs package moviepy
Start training.
[335728] model_loss 15.7 / model_grad_norm 25.9 / image_loss 4.9 / reward_loss 0.1 / cont_loss 0.0 / kl_free 1.0 / dyn_scale 0.5 / rep_scale 0.1 / dyn_loss 17.8 / rep_loss 17.8 / kl 17.8 / prior_abs_ent 32.0 / post_abs_ent -26.8 / prior_obs_ent 8.8 / post_obs_ent -7.5 / boundary_ratio 0.0 / kl_mask 0.0 / normed_target_mean 0.6 / normed_target_std 0.3 / normed_target_min -0.2 / normed_target_max 1.1 / EMA_005 240.4 / EMA_095 1135.2 / value_mean 809.5 / value_std 279.9 / value_min 29.3 / value_max 1185.0 / target_mean 811.4 / target_std 280.9 / target_min 34.5 / target_max 1224.7 / imag_reward_mean 2.1 / imag_reward_std 4.9 / imag_reward_min -0.0 / imag_reward_max 25.1 / imag_action_mean 9.3 / imag_action_std 4.3 / imag_action_min 0.0 / imag_action_max 17.0 / actor_entropy 0.4 / actor_loss 0.3 / actor_grad_norm 8.4 / value_loss 1.3 / value_grad_norm 1.4 / update_count 81532.0 / fps 11.8
add_video needs package moviepy
add_video needs package moviepy
[336352] 
Start evaluation.
[336352] eval_return 3786.0 / eval_length 1398.8 / eval_episodes 5.0
add_video needs package moviepy
Start training.
[336352] model_loss 15.5 / model_grad_norm 24.7 / image_loss 4.8 / reward_loss 0.1 / cont_loss 0.0 / kl_free 1.0 / dyn_scale 0.5 / rep_scale 0.1 / dyn_loss 17.7 / rep_loss 17.7 / kl 17.7 / prior_abs_ent 31.7 / post_abs_ent -26.8 / prior_obs_ent 8.5 / post_obs_ent -7.6 / boundary_ratio 0.0 / kl_mask 0.0 / normed_target_mean 0.6 / normed_target_std 0.3 / normed_target_min -0.2 / normed_target_max 1.1 / EMA_005 242.7 / EMA_095 1139.5 / value_mean 807.5 / value_std 286.5 / value_min 26.2 / value_max 1188.2 / target_mean 809.3 / target_std 287.6 / target_min 38.5 / target_max 1228.4 / imag_reward_mean 2.1 / imag_reward_std 4.9 / imag_reward_min -0.0 / imag_reward_max 31.1 / imag_action_mean 9.2 / imag_action_std 4.3 / imag_action_min 0.0 / imag_action_max 17.0 / actor_entropy 0.3 / actor_loss 0.2 / actor_grad_norm 8.4 / value_loss 1.3 / value_grad_norm 1.4 / update_count 81688.0 / fps 12.0
add_video needs package moviepy
add_video needs package moviepy
[336976] 
Start evaluation.
[336976] eval_return 4056.0 / eval_length 1465.2 / eval_episodes 5.0
add_video needs package moviepy
Start training.
[336976] model_loss 15.7 / model_grad_norm 26.6 / image_loss 5.0 / reward_loss 0.1 / cont_loss 0.0 / kl_free 1.0 / dyn_scale 0.5 / rep_scale 0.1 / dyn_loss 17.7 / rep_loss 17.7 / kl 17.7 / prior_abs_ent 32.0 / post_abs_ent -26.9 / prior_obs_ent 8.9 / post_obs_ent -7.3 / boundary_ratio 0.0 / kl_mask 0.0 / normed_target_mean 0.6 / normed_target_std 0.3 / normed_target_min -0.2 / normed_target_max 1.1 / EMA_005 228.7 / EMA_095 1139.1 / value_mean 800.1 / value_std 288.0 / value_min 19.6 / value_max 1185.3 / target_mean 801.7 / target_std 289.0 / target_min 22.7 / target_max 1222.1 / imag_reward_mean 2.0 / imag_reward_std 4.9 / imag_reward_min -0.0 / imag_reward_max 31.5 / imag_action_mean 9.3 / imag_action_std 4.3 / imag_action_min 0.0 / imag_action_max 17.0 / actor_entropy 0.3 / actor_loss 0.3 / actor_grad_norm 8.5 / value_loss 1.3 / value_grad_norm 1.5 / update_count 81844.0 / fps 11.8
add_video needs package moviepy
add_video needs package moviepy
[337600] 
Start evaluation.
[337600] eval_return 4450.0 / eval_length 1454.2 / eval_episodes 5.0
add_video needs package moviepy
Start training.
[337600] model_loss 15.6 / model_grad_norm 26.4 / image_loss 4.9 / reward_loss 0.1 / cont_loss 0.0 / kl_free 1.0 / dyn_scale 0.5 / rep_scale 0.1 / dyn_loss 17.7 / rep_loss 17.7 / kl 17.7 / prior_abs_ent 31.8 / post_abs_ent -26.7 / prior_obs_ent 8.3 / post_obs_ent -7.7 / boundary_ratio 0.0 / kl_mask 0.0 / normed_target_mean 0.6 / normed_target_std 0.3 / normed_target_min -0.2 / normed_target_max 1.1 / EMA_005 228.3 / EMA_095 1134.2 / value_mean 800.4 / value_std 283.5 / value_min 23.9 / value_max 1184.0 / target_mean 802.4 / target_std 284.4 / target_min 26.6 / target_max 1221.7 / imag_reward_mean 2.0 / imag_reward_std 4.9 / imag_reward_min -0.0 / imag_reward_max 28.3 / imag_action_mean 9.3 / imag_action_std 4.3 / imag_action_min 0.0 / imag_action_max 17.0 / actor_entropy 0.3 / actor_loss 0.3 / actor_grad_norm 8.2 / value_loss 1.3 / value_grad_norm 1.4 / update_count 82000.0 / fps 11.8
add_video needs package moviepy
add_video needs package moviepy
[338224] 
Start evaluation.
[338224] eval_return 4062.0 / eval_length 1345.2 / eval_episodes 5.0
add_video needs package moviepy
Start training.
[338224] model_loss 20.1 / model_grad_norm 87.9 / image_loss 7.7 / reward_loss 0.1 / cont_loss 0.0 / kl_free 1.0 / dyn_scale 0.5 / rep_scale 0.1 / dyn_loss 20.4 / rep_loss 20.4 / kl 20.4 / prior_abs_ent 33.9 / post_abs_ent -26.2 / prior_obs_ent 15.3 / post_obs_ent -2.6 / boundary_ratio 0.0 / kl_mask 0.0 / normed_target_mean 0.6 / normed_target_std 0.3 / normed_target_min -0.2 / normed_target_max 1.1 / EMA_005 219.4 / EMA_095 1128.7 / value_mean 760.7 / value_std 292.2 / value_min 11.3 / value_max 1182.7 / target_mean 761.7 / target_std 292.8 / target_min 19.8 / target_max 1217.7 / imag_reward_mean 1.9 / imag_reward_std 4.7 / imag_reward_min -0.0 / imag_reward_max 30.4 / imag_action_mean 9.2 / imag_action_std 4.3 / imag_action_min 0.0 / imag_action_max 17.0 / actor_entropy 0.3 / actor_loss 0.1 / actor_grad_norm 11.2 / value_loss 1.5 / value_grad_norm 2.0 / update_count 82156.0 / fps 12.2
add_video needs package moviepy
add_video needs package moviepy
[338848] 
Start evaluation.
[338848] eval_return 4166.0 / eval_length 1354.6 / eval_episodes 5.0
add_video needs package moviepy
Start training.
[338848] model_loss 18.9 / model_grad_norm 50.9 / image_loss 6.9 / reward_loss 0.1 / cont_loss 0.0 / kl_free 1.0 / dyn_scale 0.5 / rep_scale 0.1 / dyn_loss 19.8 / rep_loss 19.8 / kl 19.8 / prior_abs_ent 35.9 / post_abs_ent -26.6 / prior_obs_ent 19.8 / post_obs_ent 1.8 / boundary_ratio 0.0 / kl_mask 0.0 / normed_target_mean 0.6 / normed_target_std 0.3 / normed_target_min -0.2 / normed_target_max 1.1 / EMA_005 226.5 / EMA_095 1119.3 / value_mean 786.5 / value_std 274.0 / value_min 22.9 / value_max 1181.1 / target_mean 785.5 / target_std 275.3 / target_min 26.5 / target_max 1210.3 / imag_reward_mean 1.8 / imag_reward_std 4.5 / imag_reward_min -0.0 / imag_reward_max 27.1 / imag_action_mean 9.4 / imag_action_std 4.3 / imag_action_min 0.0 / imag_action_max 17.0 / actor_entropy 0.3 / actor_loss -0.6 / actor_grad_norm 10.3 / value_loss 1.4 / value_grad_norm 1.5 / update_count 82312.0 / fps 12.1
add_video needs package moviepy
add_video needs package moviepy
[339472] 
Start evaluation.
[339472] eval_return 3730.0 / eval_length 1263.4 / eval_episodes 5.0
add_video needs package moviepy
Start training.
[339472] model_loss 16.7 / model_grad_norm 21.0 / image_loss 5.4 / reward_loss 0.1 / cont_loss 0.0 / kl_free 1.0 / dyn_scale 0.5 / rep_scale 0.1 / dyn_loss 18.6 / rep_loss 18.6 / kl 18.6 / prior_abs_ent 34.7 / post_abs_ent -26.4 / prior_obs_ent 15.0 / post_obs_ent -1.9 / boundary_ratio 0.0 / kl_mask 0.0 / normed_target_mean 0.6 / normed_target_std 0.3 / normed_target_min -0.2 / normed_target_max 1.1 / EMA_005 247.7 / EMA_095 1120.2 / value_mean 794.0 / value_std 273.0 / value_min 38.0 / value_max 1181.6 / target_mean 795.0 / target_std 274.3 / target_min 45.1 / target_max 1217.8 / imag_reward_mean 1.9 / imag_reward_std 4.8 / imag_reward_min -0.0 / imag_reward_max 27.9 / imag_action_mean 9.5 / imag_action_std 4.3 / imag_action_min 0.0 / imag_action_max 17.0 / actor_entropy 0.3 / actor_loss 0.0 / actor_grad_norm 9.0 / value_loss 1.3 / value_grad_norm 1.3 / update_count 82468.0 / fps 12.3
add_video needs package moviepy
add_video needs package moviepy
[340096] 
Start evaluation.
[340096] eval_return 3952.0 / eval_length 1299.0 / eval_episodes 5.0
add_video needs package moviepy
Start training.
[340096] model_loss 16.0 / model_grad_norm 22.3 / image_loss 5.1 / reward_loss 0.1 / cont_loss 0.0 / kl_free 1.0 / dyn_scale 0.5 / rep_scale 0.1 / dyn_loss 18.0 / rep_loss 18.0 / kl 18.0 / prior_abs_ent 33.9 / post_abs_ent -26.4 / prior_obs_ent 13.1 / post_obs_ent -3.3 / boundary_ratio 0.0 / kl_mask 0.0 / normed_target_mean 0.6 / normed_target_std 0.3 / normed_target_min -0.3 / normed_target_max 1.1 / EMA_005 252.3 / EMA_095 1124.6 / value_mean 788.2 / value_std 276.9 / value_min 29.0 / value_max 1183.8 / target_mean 789.7 / target_std 278.3 / target_min 31.9 / target_max 1221.0 / imag_reward_mean 1.9 / imag_reward_std 4.7 / imag_reward_min -0.0 / imag_reward_max 27.4 / imag_action_mean 9.4 / imag_action_std 4.3 / imag_action_min 0.0 / imag_action_max 17.0 / actor_entropy 0.3 / actor_loss 0.1 / actor_grad_norm 8.2 / value_loss 1.3 / value_grad_norm 1.3 / update_count 82624.0 / fps 12.2
add_video needs package moviepy
add_video needs package moviepy
[340720] 
Start evaluation.
[340720] eval_return 4050.0 / eval_length 1345.6 / eval_episodes 5.0
add_video needs package moviepy
Start training.
[340720] model_loss 15.8 / model_grad_norm 22.1 / image_loss 5.0 / reward_loss 0.1 / cont_loss 0.0 / kl_free 1.0 / dyn_scale 0.5 / rep_scale 0.1 / dyn_loss 17.9 / rep_loss 17.9 / kl 17.9 / prior_abs_ent 33.3 / post_abs_ent -26.3 / prior_obs_ent 11.6 / post_obs_ent -4.7 / boundary_ratio 0.0 / kl_mask 0.0 / normed_target_mean 0.6 / normed_target_std 0.3 / normed_target_min -0.2 / normed_target_max 1.1 / EMA_005 235.3 / EMA_095 1127.2 / value_mean 786.7 / value_std 283.5 / value_min 18.2 / value_max 1183.0 / target_mean 788.4 / target_std 284.7 / target_min 20.4 / target_max 1219.1 / imag_reward_mean 2.0 / imag_reward_std 4.8 / imag_reward_min -0.0 / imag_reward_max 27.7 / imag_action_mean 9.3 / imag_action_std 4.3 / imag_action_min 0.0 / imag_action_max 17.0 / actor_entropy 0.3 / actor_loss 0.2 / actor_grad_norm 7.9 / value_loss 1.3 / value_grad_norm 1.3 / update_count 82780.0 / fps 12.1
add_video needs package moviepy
add_video needs package moviepy
[340916] dataset_size 85229.0 / train_return 3240.0 / train_length 1407.0 / train_episodes 64.0
[341344] 
Start evaluation.
[341344] eval_return 4024.0 / eval_length 1376.0 / eval_episodes 5.0
add_video needs package moviepy
Start training.
[341344] model_loss 15.7 / model_grad_norm 23.1 / image_loss 4.9 / reward_loss 0.1 / cont_loss 0.0 / kl_free 1.0 / dyn_scale 0.5 / rep_scale 0.1 / dyn_loss 17.9 / rep_loss 17.9 / kl 17.9 / prior_abs_ent 33.0 / post_abs_ent -26.6 / prior_obs_ent 10.6 / post_obs_ent -5.6 / boundary_ratio 0.0 / kl_mask 0.0 / normed_target_mean 0.6 / normed_target_std 0.3 / normed_target_min -0.2 / normed_target_max 1.1 / EMA_005 226.3 / EMA_095 1127.6 / value_mean 788.7 / value_std 285.9 / value_min 38.2 / value_max 1184.0 / target_mean 790.7 / target_std 286.9 / target_min 41.0 / target_max 1224.2 / imag_reward_mean 2.0 / imag_reward_std 4.9 / imag_reward_min -0.0 / imag_reward_max 22.2 / imag_action_mean 9.3 / imag_action_std 4.3 / imag_action_min 0.0 / imag_action_max 17.0 / actor_entropy 0.3 / actor_loss 0.3 / actor_grad_norm 8.1 / value_loss 1.3 / value_grad_norm 1.3 / update_count 82936.0 / fps 12.0
add_video needs package moviepy
add_video needs package moviepy
[341968] 
Start evaluation.
[341968] eval_return 3456.0 / eval_length 1278.0 / eval_episodes 5.0
add_video needs package moviepy
Start training.
[341968] model_loss 15.4 / model_grad_norm 22.3 / image_loss 4.8 / reward_loss 0.1 / cont_loss 0.0 / kl_free 1.0 / dyn_scale 0.5 / rep_scale 0.1 / dyn_loss 17.6 / rep_loss 17.6 / kl 17.6 / prior_abs_ent 32.8 / post_abs_ent -26.3 / prior_obs_ent 9.9 / post_obs_ent -6.2 / boundary_ratio 0.0 / kl_mask 0.0 / normed_target_mean 0.6 / normed_target_std 0.3 / normed_target_min -0.2 / normed_target_max 1.1 / EMA_005 230.7 / EMA_095 1130.3 / value_mean 787.8 / value_std 287.3 / value_min 41.9 / value_max 1184.2 / target_mean 790.3 / target_std 288.2 / target_min 43.5 / target_max 1221.6 / imag_reward_mean 2.0 / imag_reward_std 4.8 / imag_reward_min -0.0 / imag_reward_max 24.9 / imag_action_mean 9.3 / imag_action_std 4.3 / imag_action_min 0.0 / imag_action_max 17.0 / actor_entropy 0.3 / actor_loss 0.5 / actor_grad_norm 8.1 / value_loss 1.3 / value_grad_norm 1.3 / update_count 83092.0 / fps 12.4
add_video needs package moviepy
add_video needs package moviepy
[342592] 
Start evaluation.
[342592] eval_return 4000.0 / eval_length 1222.0 / eval_episodes 5.0
add_video needs package moviepy
Start training.
[342592] model_loss 15.6 / model_grad_norm 23.9 / image_loss 4.8 / reward_loss 0.1 / cont_loss 0.0 / kl_free 1.0 / dyn_scale 0.5 / rep_scale 0.1 / dyn_loss 17.7 / rep_loss 17.7 / kl 17.7 / prior_abs_ent 32.7 / post_abs_ent -26.5 / prior_obs_ent 9.6 / post_obs_ent -6.5 / boundary_ratio 0.0 / kl_mask 0.0 / normed_target_mean 0.6 / normed_target_std 0.3 / normed_target_min -0.2 / normed_target_max 1.1 / EMA_005 226.6 / EMA_095 1140.2 / value_mean 798.7 / value_std 290.0 / value_min 26.2 / value_max 1188.0 / target_mean 801.0 / target_std 291.3 / target_min 35.1 / target_max 1231.3 / imag_reward_mean 2.0 / imag_reward_std 4.9 / imag_reward_min -0.0 / imag_reward_max 28.4 / imag_action_mean 9.2 / imag_action_std 4.3 / imag_action_min 0.0 / imag_action_max 17.0 / actor_entropy 0.3 / actor_loss 0.4 / actor_grad_norm 8.0 / value_loss 1.3 / value_grad_norm 1.4 / update_count 83248.0 / fps 12.5
add_video needs package moviepy
add_video needs package moviepy
[343216] 
Start evaluation.
[343216] eval_return 4154.0 / eval_length 1395.0 / eval_episodes 5.0
add_video needs package moviepy
Start training.
[343216] model_loss 15.4 / model_grad_norm 23.9 / image_loss 4.8 / reward_loss 0.1 / cont_loss 0.0 / kl_free 1.0 / dyn_scale 0.5 / rep_scale 0.1 / dyn_loss 17.6 / rep_loss 17.6 / kl 17.6 / prior_abs_ent 32.2 / post_abs_ent -26.6 / prior_obs_ent 9.1 / post_obs_ent -7.0 / boundary_ratio 0.0 / kl_mask 0.0 / normed_target_mean 0.6 / normed_target_std 0.3 / normed_target_min -0.2 / normed_target_max 1.1 / EMA_005 225.5 / EMA_095 1145.0 / value_mean 795.7 / value_std 292.0 / value_min 32.4 / value_max 1187.7 / target_mean 798.0 / target_std 293.0 / target_min 32.1 / target_max 1232.6 / imag_reward_mean 2.1 / imag_reward_std 4.9 / imag_reward_min -0.0 / imag_reward_max 25.4 / imag_action_mean 9.3 / imag_action_std 4.3 / imag_action_min 0.0 / imag_action_max 17.0 / actor_entropy 0.3 / actor_loss 0.4 / actor_grad_norm 8.2 / value_loss 1.3 / value_grad_norm 1.4 / update_count 83404.0 / fps 12.1
add_video needs package moviepy
add_video needs package moviepy
[343840] 
Start evaluation.
[343840] eval_return 4030.0 / eval_length 1339.8 / eval_episodes 5.0
add_video needs package moviepy
Start training.
[343840] model_loss 15.5 / model_grad_norm 25.2 / image_loss 4.8 / reward_loss 0.1 / cont_loss 0.0 / kl_free 1.0 / dyn_scale 0.5 / rep_scale 0.1 / dyn_loss 17.7 / rep_loss 17.7 / kl 17.7 / prior_abs_ent 32.2 / post_abs_ent -26.6 / prior_obs_ent 8.7 / post_obs_ent -7.4 / boundary_ratio 0.0 / kl_mask 0.0 / normed_target_mean 0.6 / normed_target_std 0.3 / normed_target_min -0.2 / normed_target_max 1.1 / EMA_005 229.9 / EMA_095 1144.7 / value_mean 803.1 / value_std 287.3 / value_min 36.3 / value_max 1189.1 / target_mean 805.2 / target_std 288.2 / target_min 39.5 / target_max 1230.5 / imag_reward_mean 2.0 / imag_reward_std 4.9 / imag_reward_min -0.0 / imag_reward_max 28.4 / imag_action_mean 9.3 / imag_action_std 4.3 / imag_action_min 0.0 / imag_action_max 17.0 / actor_entropy 0.3 / actor_loss 0.4 / actor_grad_norm 7.9 / value_loss 1.3 / value_grad_norm 1.4 / update_count 83560.0 / fps 12.1
add_video needs package moviepy
add_video needs package moviepy
[344464] 
Start evaluation.
[344464] eval_return 4382.0 / eval_length 1352.4 / eval_episodes 5.0
add_video needs package moviepy
Start training.
[344464] model_loss 15.5 / model_grad_norm 25.6 / image_loss 4.7 / reward_loss 0.1 / cont_loss 0.0 / kl_free 1.0 / dyn_scale 0.5 / rep_scale 0.1 / dyn_loss 17.7 / rep_loss 17.7 / kl 17.7 / prior_abs_ent 32.3 / post_abs_ent -26.6 / prior_obs_ent 8.8 / post_obs_ent -7.3 / boundary_ratio 0.0 / kl_mask 0.0 / normed_target_mean 0.6 / normed_target_std 0.3 / normed_target_min -0.2 / normed_target_max 1.1 / EMA_005 243.3 / EMA_095 1147.4 / value_mean 810.2 / value_std 287.6 / value_min 39.2 / value_max 1189.3 / target_mean 812.0 / target_std 288.7 / target_min 42.3 / target_max 1234.3 / imag_reward_mean 2.1 / imag_reward_std 4.9 / imag_reward_min -0.0 / imag_reward_max 21.8 / imag_action_mean 9.2 / imag_action_std 4.4 / imag_action_min 0.0 / imag_action_max 17.0 / actor_entropy 0.3 / actor_loss 0.3 / actor_grad_norm 8.1 / value_loss 1.3 / value_grad_norm 1.3 / update_count 83716.0 / fps 12.2
add_video needs package moviepy
add_video needs package moviepy
[345088] 
Start evaluation.
[345088] eval_return 4488.0 / eval_length 1406.0 / eval_episodes 5.0
add_video needs package moviepy
Start training.
[345088] model_loss 15.3 / model_grad_norm 27.9 / image_loss 4.7 / reward_loss 0.1 / cont_loss 0.0 / kl_free 1.0 / dyn_scale 0.5 / rep_scale 0.1 / dyn_loss 17.6 / rep_loss 17.6 / kl 17.6 / prior_abs_ent 32.1 / post_abs_ent -26.5 / prior_obs_ent 8.9 / post_obs_ent -7.1 / boundary_ratio 0.0 / kl_mask 0.0 / normed_target_mean 0.6 / normed_target_std 0.3 / normed_target_min -0.2 / normed_target_max 1.1 / EMA_005 239.3 / EMA_095 1151.1 / value_mean 811.4 / value_std 291.3 / value_min 25.2 / value_max 1191.7 / target_mean 813.4 / target_std 292.3 / target_min 29.6 / target_max 1235.6 / imag_reward_mean 2.0 / imag_reward_std 4.9 / imag_reward_min -0.0 / imag_reward_max 28.1 / imag_action_mean 9.4 / imag_action_std 4.3 / imag_action_min 0.0 / imag_action_max 17.0 / actor_entropy 0.3 / actor_loss 0.3 / actor_grad_norm 8.0 / value_loss 1.3 / value_grad_norm 1.4 / update_count 83872.0 / fps 12.0
add_video needs package moviepy
add_video needs package moviepy
[345712] 
Start evaluation.
[345712] eval_return 3992.0 / eval_length 1295.0 / eval_episodes 5.0
add_video needs package moviepy
Start training.
[345712] model_loss 15.4 / model_grad_norm 24.5 / image_loss 4.7 / reward_loss 0.1 / cont_loss 0.0 / kl_free 1.0 / dyn_scale 0.5 / rep_scale 0.1 / dyn_loss 17.6 / rep_loss 17.6 / kl 17.6 / prior_abs_ent 32.0 / post_abs_ent -26.6 / prior_obs_ent 8.7 / post_obs_ent -7.2 / boundary_ratio 0.0 / kl_mask 0.0 / normed_target_mean 0.6 / normed_target_std 0.3 / normed_target_min -0.2 / normed_target_max 1.1 / EMA_005 248.2 / EMA_095 1152.5 / value_mean 816.7 / value_std 286.6 / value_min 32.2 / value_max 1190.7 / target_mean 818.7 / target_std 287.4 / target_min 36.6 / target_max 1237.4 / imag_reward_mean 2.1 / imag_reward_std 5.0 / imag_reward_min -0.0 / imag_reward_max 27.8 / imag_action_mean 9.4 / imag_action_std 4.3 / imag_action_min 0.0 / imag_action_max 17.0 / actor_entropy 0.3 / actor_loss 0.3 / actor_grad_norm 8.0 / value_loss 1.2 / value_grad_norm 1.4 / update_count 84028.0 / fps 12.3
add_video needs package moviepy
add_video needs package moviepy
[346336] 
Start evaluation.
[346336] eval_return 3794.0 / eval_length 1259.8 / eval_episodes 5.0
add_video needs package moviepy
Start training.
[346336] model_loss 15.6 / model_grad_norm 25.3 / image_loss 4.8 / reward_loss 0.1 / cont_loss 0.0 / kl_free 1.0 / dyn_scale 0.5 / rep_scale 0.1 / dyn_loss 17.7 / rep_loss 17.7 / kl 17.7 / prior_abs_ent 32.4 / post_abs_ent -26.6 / prior_obs_ent 8.8 / post_obs_ent -7.4 / boundary_ratio 0.0 / kl_mask 0.0 / normed_target_mean 0.6 / normed_target_std 0.3 / normed_target_min -0.2 / normed_target_max 1.1 / EMA_005 235.8 / EMA_095 1150.6 / value_mean 809.6 / value_std 290.1 / value_min 32.2 / value_max 1188.6 / target_mean 811.3 / target_std 290.9 / target_min 34.5 / target_max 1233.6 / imag_reward_mean 2.0 / imag_reward_std 4.9 / imag_reward_min -0.0 / imag_reward_max 28.5 / imag_action_mean 9.3 / imag_action_std 4.3 / imag_action_min 0.0 / imag_action_max 17.0 / actor_entropy 0.3 / actor_loss 0.3 / actor_grad_norm 8.0 / value_loss 1.3 / value_grad_norm 1.4 / update_count 84184.0 / fps 12.4
add_video needs package moviepy
add_video needs package moviepy
[346724] dataset_size 86681.0 / train_return 3990.0 / train_length 1452.0 / train_episodes 65.0
[346960] 
Start evaluation.
[346960] eval_return 4184.0 / eval_length 1342.8 / eval_episodes 5.0
add_video needs package moviepy
Start training.
[346960] model_loss 15.5 / model_grad_norm 24.3 / image_loss 4.8 / reward_loss 0.1 / cont_loss 0.0 / kl_free 1.0 / dyn_scale 0.5 / rep_scale 0.1 / dyn_loss 17.6 / rep_loss 17.6 / kl 17.6 / prior_abs_ent 31.8 / post_abs_ent -26.6 / prior_obs_ent 8.4 / post_obs_ent -7.5 / boundary_ratio 0.0 / kl_mask 0.0 / normed_target_mean 0.6 / normed_target_std 0.3 / normed_target_min -0.2 / normed_target_max 1.1 / EMA_005 239.1 / EMA_095 1152.3 / value_mean 813.4 / value_std 289.0 / value_min 33.6 / value_max 1193.9 / target_mean 815.0 / target_std 290.0 / target_min 40.8 / target_max 1240.4 / imag_reward_mean 2.0 / imag_reward_std 4.9 / imag_reward_min -0.0 / imag_reward_max 25.6 / imag_action_mean 9.2 / imag_action_std 4.4 / imag_action_min 0.0 / imag_action_max 17.0 / actor_entropy 0.3 / actor_loss 0.2 / actor_grad_norm 7.9 / value_loss 1.2 / value_grad_norm 1.4 / update_count 84340.0 / fps 12.2
add_video needs package moviepy
add_video needs package moviepy
[347584] 
Start evaluation.
[347584] eval_return 3906.0 / eval_length 1290.4 / eval_episodes 5.0
add_video needs package moviepy
Start training.
[347584] model_loss 15.4 / model_grad_norm 23.8 / image_loss 4.7 / reward_loss 0.1 / cont_loss 0.0 / kl_free 1.0 / dyn_scale 0.5 / rep_scale 0.1 / dyn_loss 17.7 / rep_loss 17.7 / kl 17.7 / prior_abs_ent 31.9 / post_abs_ent -26.7 / prior_obs_ent 8.4 / post_obs_ent -7.7 / boundary_ratio 0.0 / kl_mask 0.0 / normed_target_mean 0.6 / normed_target_std 0.3 / normed_target_min -0.2 / normed_target_max 1.1 / EMA_005 252.2 / EMA_095 1156.6 / value_mean 818.4 / value_std 285.7 / value_min 32.7 / value_max 1192.7 / target_mean 820.4 / target_std 286.2 / target_min 38.3 / target_max 1237.6 / imag_reward_mean 2.0 / imag_reward_std 4.9 / imag_reward_min -0.0 / imag_reward_max 34.2 / imag_action_mean 9.1 / imag_action_std 4.3 / imag_action_min 0.0 / imag_action_max 17.0 / actor_entropy 0.3 / actor_loss 0.4 / actor_grad_norm 7.8 / value_loss 1.2 / value_grad_norm 1.3 / update_count 84496.0 / fps 12.3
add_video needs package moviepy
add_video needs package moviepy
[348208] 
Start evaluation.
[348208] eval_return 3890.0 / eval_length 1386.8 / eval_episodes 5.0
add_video needs package moviepy
Start training.
[348208] model_loss 15.5 / model_grad_norm 25.3 / image_loss 4.8 / reward_loss 0.1 / cont_loss 0.0 / kl_free 1.0 / dyn_scale 0.5 / rep_scale 0.1 / dyn_loss 17.6 / rep_loss 17.6 / kl 17.6 / prior_abs_ent 31.7 / post_abs_ent -26.6 / prior_obs_ent 8.4 / post_obs_ent -7.6 / boundary_ratio 0.0 / kl_mask 0.0 / normed_target_mean 0.6 / normed_target_std 0.3 / normed_target_min -0.2 / normed_target_max 1.1 / EMA_005 243.8 / EMA_095 1156.9 / value_mean 820.6 / value_std 290.2 / value_min 38.4 / value_max 1193.1 / target_mean 822.7 / target_std 291.0 / target_min 43.2 / target_max 1242.0 / imag_reward_mean 2.0 / imag_reward_std 4.9 / imag_reward_min -0.0 / imag_reward_max 34.6 / imag_action_mean 9.2 / imag_action_std 4.3 / imag_action_min 0.0 / imag_action_max 17.0 / actor_entropy 0.3 / actor_loss 0.3 / actor_grad_norm 8.1 / value_loss 1.2 / value_grad_norm 1.4 / update_count 84652.0 / fps 12.1
add_video needs package moviepy
add_video needs package moviepy
[348832] 
Start evaluation.
[348832] eval_return 4054.0 / eval_length 1397.2 / eval_episodes 5.0
add_video needs package moviepy
Start training.
[348832] model_loss 15.5 / model_grad_norm 25.9 / image_loss 4.7 / reward_loss 0.1 / cont_loss 0.0 / kl_free 1.0 / dyn_scale 0.5 / rep_scale 0.1 / dyn_loss 17.8 / rep_loss 17.8 / kl 17.8 / prior_abs_ent 31.8 / post_abs_ent -26.5 / prior_obs_ent 8.7 / post_obs_ent -7.5 / boundary_ratio 0.0 / kl_mask 0.0 / normed_target_mean 0.6 / normed_target_std 0.3 / normed_target_min -0.2 / normed_target_max 1.1 / EMA_005 250.8 / EMA_095 1161.3 / value_mean 828.7 / value_std 290.9 / value_min 29.4 / value_max 1195.1 / target_mean 830.5 / target_std 291.7 / target_min 33.9 / target_max 1240.3 / imag_reward_mean 2.1 / imag_reward_std 5.0 / imag_reward_min -0.0 / imag_reward_max 25.2 / imag_action_mean 9.3 / imag_action_std 4.3 / imag_action_min 0.0 / imag_action_max 17.0 / actor_entropy 0.3 / actor_loss 0.2 / actor_grad_norm 8.4 / value_loss 1.2 / value_grad_norm 1.4 / update_count 84808.0 / fps 12.1
add_video needs package moviepy
add_video needs package moviepy
[349456] 
Start evaluation.
[349456] eval_return 3708.0 / eval_length 1325.4 / eval_episodes 5.0
add_video needs package moviepy
Start training.
[349456] model_loss 15.6 / model_grad_norm 26.1 / image_loss 4.8 / reward_loss 0.1 / cont_loss 0.0 / kl_free 1.0 / dyn_scale 0.5 / rep_scale 0.1 / dyn_loss 17.8 / rep_loss 17.8 / kl 17.8 / prior_abs_ent 31.8 / post_abs_ent -26.6 / prior_obs_ent 8.4 / post_obs_ent -7.8 / boundary_ratio 0.0 / kl_mask 0.0 / normed_target_mean 0.6 / normed_target_std 0.3 / normed_target_min -0.2 / normed_target_max 1.1 / EMA_005 227.8 / EMA_095 1159.3 / value_mean 822.0 / value_std 292.4 / value_min 24.5 / value_max 1196.4 / target_mean 823.8 / target_std 293.1 / target_min 29.5 / target_max 1241.9 / imag_reward_mean 2.0 / imag_reward_std 4.9 / imag_reward_min -0.0 / imag_reward_max 34.4 / imag_action_mean 9.3 / imag_action_std 4.2 / imag_action_min 0.0 / imag_action_max 17.0 / actor_entropy 0.3 / actor_loss 0.2 / actor_grad_norm 8.1 / value_loss 1.2 / value_grad_norm 1.4 / update_count 84964.0 / fps 12.2
add_video needs package moviepy
add_video needs package moviepy
[350080] 
Start evaluation.
[350080] eval_return 4022.0 / eval_length 1431.8 / eval_episodes 5.0
add_video needs package moviepy
Start training.
[350080] model_loss 15.7 / model_grad_norm 25.9 / image_loss 4.9 / reward_loss 0.1 / cont_loss 0.0 / kl_free 1.0 / dyn_scale 0.5 / rep_scale 0.1 / dyn_loss 17.7 / rep_loss 17.7 / kl 17.7 / prior_abs_ent 31.9 / post_abs_ent -26.6 / prior_obs_ent 8.6 / post_obs_ent -7.5 / boundary_ratio 0.0 / kl_mask 0.0 / normed_target_mean 0.6 / normed_target_std 0.3 / normed_target_min -0.2 / normed_target_max 1.1 / EMA_005 236.8 / EMA_095 1162.0 / value_mean 826.7 / value_std 286.3 / value_min 39.8 / value_max 1198.4 / target_mean 828.8 / target_std 286.9 / target_min 48.0 / target_max 1243.0 / imag_reward_mean 2.1 / imag_reward_std 4.9 / imag_reward_min -0.0 / imag_reward_max 28.5 / imag_action_mean 9.2 / imag_action_std 4.2 / imag_action_min 0.0 / imag_action_max 17.0 / actor_entropy 0.3 / actor_loss 0.3 / actor_grad_norm 8.1 / value_loss 1.2 / value_grad_norm 1.4 / update_count 85120.0 / fps 11.9
add_video needs package moviepy
add_video needs package moviepy
[350704] 
Start evaluation.
[350704] eval_return 4170.0 / eval_length 1394.0 / eval_episodes 5.0
add_video needs package moviepy
Start training.
[350704] model_loss 15.6 / model_grad_norm 25.3 / image_loss 4.8 / reward_loss 0.1 / cont_loss 0.0 / kl_free 1.0 / dyn_scale 0.5 / rep_scale 0.1 / dyn_loss 17.7 / rep_loss 17.7 / kl 17.7 / prior_abs_ent 31.7 / post_abs_ent -26.5 / prior_obs_ent 8.4 / post_obs_ent -7.7 / boundary_ratio 0.0 / kl_mask 0.0 / normed_target_mean 0.6 / normed_target_std 0.3 / normed_target_min -0.2 / normed_target_max 1.1 / EMA_005 242.0 / EMA_095 1161.9 / value_mean 824.1 / value_std 288.4 / value_min 24.6 / value_max 1202.2 / target_mean 826.1 / target_std 289.1 / target_min 28.1 / target_max 1241.9 / imag_reward_mean 2.1 / imag_reward_std 4.9 / imag_reward_min -0.0 / imag_reward_max 22.9 / imag_action_mean 9.1 / imag_action_std 4.2 / imag_action_min 0.0 / imag_action_max 17.0 / actor_entropy 0.3 / actor_loss 0.3 / actor_grad_norm 8.2 / value_loss 1.3 / value_grad_norm 1.4 / update_count 85276.0 / fps 11.9
add_video needs package moviepy
add_video needs package moviepy
[351328] 
Start evaluation.
[351328] eval_return 3530.0 / eval_length 1276.4 / eval_episodes 5.0
add_video needs package moviepy
Start training.
[351328] model_loss 15.7 / model_grad_norm 27.9 / image_loss 4.9 / reward_loss 0.1 / cont_loss 0.0 / kl_free 1.0 / dyn_scale 0.5 / rep_scale 0.1 / dyn_loss 17.8 / rep_loss 17.8 / kl 17.8 / prior_abs_ent 31.9 / post_abs_ent -26.6 / prior_obs_ent 8.7 / post_obs_ent -7.5 / boundary_ratio 0.0 / kl_mask 0.0 / normed_target_mean 0.6 / normed_target_std 0.3 / normed_target_min -0.2 / normed_target_max 1.1 / EMA_005 222.9 / EMA_095 1161.1 / value_mean 821.5 / value_std 293.5 / value_min 24.9 / value_max 1204.4 / target_mean 823.0 / target_std 294.5 / target_min 26.4 / target_max 1243.8 / imag_reward_mean 2.0 / imag_reward_std 4.9 / imag_reward_min -0.0 / imag_reward_max 26.3 / imag_action_mean 9.1 / imag_action_std 4.2 / imag_action_min 0.0 / imag_action_max 17.0 / actor_entropy 0.3 / actor_loss 0.1 / actor_grad_norm 8.1 / value_loss 1.3 / value_grad_norm 1.3 / update_count 85432.0 / fps 12.4
add_video needs package moviepy
add_video needs package moviepy
[351952] 
Start evaluation.
[351952] eval_return 4020.0 / eval_length 1438.0 / eval_episodes 5.0
add_video needs package moviepy
Start training.
[351952] model_loss 15.7 / model_grad_norm 23.9 / image_loss 4.9 / reward_loss 0.1 / cont_loss 0.0 / kl_free 1.0 / dyn_scale 0.5 / rep_scale 0.1 / dyn_loss 17.9 / rep_loss 17.9 / kl 17.9 / prior_abs_ent 32.0 / post_abs_ent -26.7 / prior_obs_ent 8.7 / post_obs_ent -7.5 / boundary_ratio 0.0 / kl_mask 0.0 / normed_target_mean 0.6 / normed_target_std 0.3 / normed_target_min -0.2 / normed_target_max 1.1 / EMA_005 239.0 / EMA_095 1161.5 / value_mean 826.5 / value_std 286.4 / value_min 29.3 / value_max 1201.0 / target_mean 828.3 / target_std 287.3 / target_min 40.2 / target_max 1243.9 / imag_reward_mean 2.1 / imag_reward_std 5.0 / imag_reward_min -0.0 / imag_reward_max 35.4 / imag_action_mean 9.0 / imag_action_std 4.2 / imag_action_min 0.0 / imag_action_max 17.0 / actor_entropy 0.3 / actor_loss 0.3 / actor_grad_norm 8.5 / value_loss 1.3 / value_grad_norm 1.4 / update_count 85588.0 / fps 12.0
add_video needs package moviepy
add_video needs package moviepy
[352456] dataset_size 88114.0 / train_return 4250.0 / train_length 1433.0 / train_episodes 66.0
[352576] 
Start evaluation.
[352576] eval_return 4546.0 / eval_length 1406.4 / eval_episodes 5.0
add_video needs package moviepy
Start training.
[352576] model_loss 15.7 / model_grad_norm 24.7 / image_loss 4.9 / reward_loss 0.1 / cont_loss 0.0 / kl_free 1.0 / dyn_scale 0.5 / rep_scale 0.1 / dyn_loss 17.9 / rep_loss 17.9 / kl 17.9 / prior_abs_ent 32.0 / post_abs_ent -26.7 / prior_obs_ent 8.6 / post_obs_ent -7.7 / boundary_ratio 0.0 / kl_mask 0.0 / normed_target_mean 0.6 / normed_target_std 0.3 / normed_target_min -0.2 / normed_target_max 1.1 / EMA_005 248.7 / EMA_095 1159.8 / value_mean 838.4 / value_std 284.2 / value_min 28.1 / value_max 1206.5 / target_mean 840.5 / target_std 284.9 / target_min 35.8 / target_max 1244.6 / imag_reward_mean 2.1 / imag_reward_std 5.0 / imag_reward_min -0.0 / imag_reward_max 28.6 / imag_action_mean 9.1 / imag_action_std 4.2 / imag_action_min 0.0 / imag_action_max 17.0 / actor_entropy 0.3 / actor_loss 0.3 / actor_grad_norm 8.3 / value_loss 1.2 / value_grad_norm 1.4 / update_count 85744.0 / fps 12.0
add_video needs package moviepy
add_video needs package moviepy
[353200] 
Start evaluation.
[353200] eval_return 2954.0 / eval_length 1127.8 / eval_episodes 5.0
add_video needs package moviepy
Start training.
[353200] model_loss 15.7 / model_grad_norm 29.1 / image_loss 4.9 / reward_loss 0.1 / cont_loss 0.0 / kl_free 1.0 / dyn_scale 0.5 / rep_scale 0.1 / dyn_loss 17.8 / rep_loss 17.8 / kl 17.8 / prior_abs_ent 31.9 / post_abs_ent -26.7 / prior_obs_ent 8.7 / post_obs_ent -7.5 / boundary_ratio 0.0 / kl_mask 0.0 / normed_target_mean 0.6 / normed_target_std 0.3 / normed_target_min -0.2 / normed_target_max 1.1 / EMA_005 231.4 / EMA_095 1159.0 / value_mean 816.8 / value_std 298.8 / value_min 21.3 / value_max 1208.5 / target_mean 818.7 / target_std 299.5 / target_min 25.5 / target_max 1246.6 / imag_reward_mean 2.0 / imag_reward_std 4.9 / imag_reward_min -0.0 / imag_reward_max 25.2 / imag_action_mean 9.2 / imag_action_std 4.2 / imag_action_min 0.0 / imag_action_max 17.0 / actor_entropy 0.3 / actor_loss 0.3 / actor_grad_norm 8.2 / value_loss 1.3 / value_grad_norm 1.5 / update_count 85900.0 / fps 12.7
add_video needs package moviepy
add_video needs package moviepy
[353824] 
Start evaluation.
[353824] eval_return 4132.0 / eval_length 1392.6 / eval_episodes 5.0
add_video needs package moviepy
Start training.
[353824] model_loss 15.8 / model_grad_norm 26.0 / image_loss 4.9 / reward_loss 0.1 / cont_loss 0.0 / kl_free 1.0 / dyn_scale 0.5 / rep_scale 0.1 / dyn_loss 17.9 / rep_loss 17.9 / kl 17.9 / prior_abs_ent 31.9 / post_abs_ent -26.5 / prior_obs_ent 9.0 / post_obs_ent -7.4 / boundary_ratio 0.0 / kl_mask 0.0 / normed_target_mean 0.6 / normed_target_std 0.3 / normed_target_min -0.2 / normed_target_max 1.1 / EMA_005 234.8 / EMA_095 1160.7 / value_mean 821.9 / value_std 289.7 / value_min 19.7 / value_max 1206.7 / target_mean 823.7 / target_std 290.7 / target_min 22.4 / target_max 1243.3 / imag_reward_mean 2.1 / imag_reward_std 4.9 / imag_reward_min -0.0 / imag_reward_max 22.5 / imag_action_mean 9.1 / imag_action_std 4.3 / imag_action_min 0.0 / imag_action_max 17.0 / actor_entropy 0.3 / actor_loss 0.2 / actor_grad_norm 8.6 / value_loss 1.3 / value_grad_norm 1.4 / update_count 86056.0 / fps 12.0
add_video needs package moviepy
add_video needs package moviepy
[354448] 
Start evaluation.
[354448] eval_return 4076.0 / eval_length 1322.2 / eval_episodes 5.0
add_video needs package moviepy
Start training.
[354448] model_loss 15.7 / model_grad_norm 25.6 / image_loss 4.9 / reward_loss 0.1 / cont_loss 0.0 / kl_free 1.0 / dyn_scale 0.5 / rep_scale 0.1 / dyn_loss 17.8 / rep_loss 17.8 / kl 17.8 / prior_abs_ent 31.8 / post_abs_ent -26.3 / prior_obs_ent 8.7 / post_obs_ent -7.5 / boundary_ratio 0.0 / kl_mask 0.0 / normed_target_mean 0.6 / normed_target_std 0.3 / normed_target_min -0.2 / normed_target_max 1.1 / EMA_005 240.9 / EMA_095 1160.4 / value_mean 828.5 / value_std 288.2 / value_min 26.5 / value_max 1208.3 / target_mean 830.5 / target_std 289.1 / target_min 30.9 / target_max 1246.5 / imag_reward_mean 2.1 / imag_reward_std 5.0 / imag_reward_min -0.0 / imag_reward_max 31.9 / imag_action_mean 8.9 / imag_action_std 4.3 / imag_action_min 0.0 / imag_action_max 17.0 / actor_entropy 0.3 / actor_loss 0.4 / actor_grad_norm 8.6 / value_loss 1.3 / value_grad_norm 1.4 / update_count 86212.0 / fps 12.2
add_video needs package moviepy
add_video needs package moviepy
[355072] 
Start evaluation.
[355072] eval_return 4106.0 / eval_length 1303.4 / eval_episodes 5.0
add_video needs package moviepy
Start training.
[355072] model_loss 15.8 / model_grad_norm 26.3 / image_loss 4.9 / reward_loss 0.1 / cont_loss 0.0 / kl_free 1.0 / dyn_scale 0.5 / rep_scale 0.1 / dyn_loss 18.0 / rep_loss 18.0 / kl 18.0 / prior_abs_ent 32.0 / post_abs_ent -26.5 / prior_obs_ent 8.5 / post_obs_ent -7.8 / boundary_ratio 0.0 / kl_mask 0.0 / normed_target_mean 0.6 / normed_target_std 0.3 / normed_target_min -0.2 / normed_target_max 1.1 / EMA_005 239.0 / EMA_095 1163.0 / value_mean 825.3 / value_std 291.1 / value_min 38.2 / value_max 1211.4 / target_mean 827.0 / target_std 291.8 / target_min 41.9 / target_max 1249.2 / imag_reward_mean 2.1 / imag_reward_std 4.9 / imag_reward_min -0.0 / imag_reward_max 28.6 / imag_action_mean 9.1 / imag_action_std 4.3 / imag_action_min 0.0 / imag_action_max 17.0 / actor_entropy 0.3 / actor_loss 0.2 / actor_grad_norm 8.3 / value_loss 1.3 / value_grad_norm 1.4 / update_count 86368.0 / fps 12.2
add_video needs package moviepy
add_video needs package moviepy
[355696] 
Start evaluation.
[355696] eval_return 4518.0 / eval_length 1321.8 / eval_episodes 5.0
add_video needs package moviepy
Start training.
[355696] model_loss 15.7 / model_grad_norm 28.5 / image_loss 4.9 / reward_loss 0.1 / cont_loss 0.0 / kl_free 1.0 / dyn_scale 0.5 / rep_scale 0.1 / dyn_loss 17.9 / rep_loss 17.9 / kl 17.9 / prior_abs_ent 31.9 / post_abs_ent -26.6 / prior_obs_ent 8.6 / post_obs_ent -7.6 / boundary_ratio 0.0 / kl_mask 0.0 / normed_target_mean 0.6 / normed_target_std 0.3 / normed_target_min -0.2 / normed_target_max 1.1 / EMA_005 247.4 / EMA_095 1164.3 / value_mean 841.3 / value_std 283.9 / value_min 30.9 / value_max 1214.6 / target_mean 842.7 / target_std 284.9 / target_min 37.8 / target_max 1249.4 / imag_reward_mean 2.1 / imag_reward_std 4.9 / imag_reward_min -0.0 / imag_reward_max 21.7 / imag_action_mean 9.0 / imag_action_std 4.3 / imag_action_min 0.0 / imag_action_max 17.0 / actor_entropy 0.3 / actor_loss 0.1 / actor_grad_norm 8.5 / value_loss 1.2 / value_grad_norm 1.3 / update_count 86524.0 / fps 12.2
add_video needs package moviepy
add_video needs package moviepy
[356320] 
Start evaluation.
[356320] eval_return 4188.0 / eval_length 1358.8 / eval_episodes 5.0
add_video needs package moviepy
Start training.
[356320] model_loss 15.7 / model_grad_norm 24.6 / image_loss 4.9 / reward_loss 0.1 / cont_loss 0.0 / kl_free 1.0 / dyn_scale 0.5 / rep_scale 0.1 / dyn_loss 17.8 / rep_loss 17.8 / kl 17.8 / prior_abs_ent 32.0 / post_abs_ent -26.6 / prior_obs_ent 8.7 / post_obs_ent -7.5 / boundary_ratio 0.0 / kl_mask 0.0 / normed_target_mean 0.6 / normed_target_std 0.3 / normed_target_min -0.2 / normed_target_max 1.1 / EMA_005 229.9 / EMA_095 1165.5 / value_mean 824.5 / value_std 294.5 / value_min 26.1 / value_max 1217.5 / target_mean 826.2 / target_std 295.3 / target_min 34.4 / target_max 1251.2 / imag_reward_mean 2.0 / imag_reward_std 4.9 / imag_reward_min -0.0 / imag_reward_max 26.2 / imag_action_mean 9.1 / imag_action_std 4.2 / imag_action_min 0.0 / imag_action_max 17.0 / actor_entropy 0.3 / actor_loss 0.2 / actor_grad_norm 8.3 / value_loss 1.3 / value_grad_norm 1.5 / update_count 86680.0 / fps 12.2
add_video needs package moviepy
add_video needs package moviepy
[356944] 
Start evaluation.
[356944] eval_return 4334.0 / eval_length 1349.4 / eval_episodes 5.0
add_video needs package moviepy
Start training.
[356944] model_loss 15.8 / model_grad_norm 29.1 / image_loss 5.0 / reward_loss 0.1 / cont_loss 0.0 / kl_free 1.0 / dyn_scale 0.5 / rep_scale 0.1 / dyn_loss 17.9 / rep_loss 17.9 / kl 17.9 / prior_abs_ent 31.8 / post_abs_ent -26.4 / prior_obs_ent 8.8 / post_obs_ent -7.5 / boundary_ratio 0.0 / kl_mask 0.0 / normed_target_mean 0.6 / normed_target_std 0.3 / normed_target_min -0.2 / normed_target_max 1.1 / EMA_005 229.4 / EMA_095 1162.2 / value_mean 823.6 / value_std 290.0 / value_min 26.9 / value_max 1213.7 / target_mean 825.4 / target_std 290.8 / target_min 26.3 / target_max 1244.6 / imag_reward_mean 2.0 / imag_reward_std 4.9 / imag_reward_min -0.0 / imag_reward_max 22.0 / imag_action_mean 9.2 / imag_action_std 4.2 / imag_action_min 0.0 / imag_action_max 17.0 / actor_entropy 0.3 / actor_loss 0.2 / actor_grad_norm 8.5 / value_loss 1.3 / value_grad_norm 1.4 / update_count 86836.0 / fps 12.1
add_video needs package moviepy
add_video needs package moviepy
[357568] 
Start evaluation.
[357568] eval_return 3872.0 / eval_length 1279.6 / eval_episodes 5.0
add_video needs package moviepy
Start training.
[357568] model_loss 15.8 / model_grad_norm 25.5 / image_loss 4.9 / reward_loss 0.1 / cont_loss 0.0 / kl_free 1.0 / dyn_scale 0.5 / rep_scale 0.1 / dyn_loss 17.9 / rep_loss 17.9 / kl 17.9 / prior_abs_ent 32.0 / post_abs_ent -26.4 / prior_obs_ent 8.8 / post_obs_ent -7.6 / boundary_ratio 0.0 / kl_mask 0.0 / normed_target_mean 0.6 / normed_target_std 0.3 / normed_target_min -0.2 / normed_target_max 1.1 / EMA_005 224.6 / EMA_095 1159.7 / value_mean 827.2 / value_std 289.4 / value_min 19.8 / value_max 1216.4 / target_mean 829.0 / target_std 290.0 / target_min 23.0 / target_max 1251.4 / imag_reward_mean 2.1 / imag_reward_std 4.9 / imag_reward_min -0.0 / imag_reward_max 31.6 / imag_action_mean 9.3 / imag_action_std 4.2 / imag_action_min 0.0 / imag_action_max 17.0 / actor_entropy 0.3 / actor_loss 0.3 / actor_grad_norm 8.8 / value_loss 1.3 / value_grad_norm 1.4 / update_count 86992.0 / fps 12.3
add_video needs package moviepy
add_video needs package moviepy
[358188] dataset_size 89547.0 / train_return 3760.0 / train_length 1433.0 / train_episodes 67.0
[358192] 
Start evaluation.
[358192] eval_return 3500.0 / eval_length 1278.0 / eval_episodes 5.0
add_video needs package moviepy
Start training.
[358192] model_loss 15.8 / model_grad_norm 28.8 / image_loss 4.9 / reward_loss 0.1 / cont_loss 0.0 / kl_free 1.0 / dyn_scale 0.5 / rep_scale 0.1 / dyn_loss 18.0 / rep_loss 18.0 / kl 18.0 / prior_abs_ent 32.0 / post_abs_ent -26.2 / prior_obs_ent 9.1 / post_obs_ent -7.2 / boundary_ratio 0.0 / kl_mask 0.0 / normed_target_mean 0.6 / normed_target_std 0.3 / normed_target_min -0.2 / normed_target_max 1.1 / EMA_005 230.0 / EMA_095 1162.1 / value_mean 823.3 / value_std 290.4 / value_min 36.1 / value_max 1218.3 / target_mean 824.8 / target_std 291.1 / target_min 39.6 / target_max 1248.8 / imag_reward_mean 2.0 / imag_reward_std 4.9 / imag_reward_min -0.0 / imag_reward_max 25.5 / imag_action_mean 9.2 / imag_action_std 4.3 / imag_action_min 0.0 / imag_action_max 17.0 / actor_entropy 0.3 / actor_loss 0.2 / actor_grad_norm 8.6 / value_loss 1.3 / value_grad_norm 1.4 / update_count 87148.0 / fps 12.4
add_video needs package moviepy
add_video needs package moviepy
[358816] 
Start evaluation.
[358816] eval_return 4412.0 / eval_length 1460.0 / eval_episodes 5.0
add_video needs package moviepy
Start training.
[358816] model_loss 15.7 / model_grad_norm 28.1 / image_loss 4.9 / reward_loss 0.1 / cont_loss 0.0 / kl_free 1.0 / dyn_scale 0.5 / rep_scale 0.1 / dyn_loss 17.9 / rep_loss 17.9 / kl 17.9 / prior_abs_ent 31.8 / post_abs_ent -26.6 / prior_obs_ent 9.1 / post_obs_ent -7.2 / boundary_ratio 0.0 / kl_mask 0.0 / normed_target_mean 0.6 / normed_target_std 0.3 / normed_target_min -0.2 / normed_target_max 1.1 / EMA_005 258.2 / EMA_095 1164.6 / value_mean 834.3 / value_std 287.6 / value_min 37.1 / value_max 1216.4 / target_mean 836.1 / target_std 288.3 / target_min 38.4 / target_max 1250.4 / imag_reward_mean 2.1 / imag_reward_std 4.9 / imag_reward_min -0.0 / imag_reward_max 22.6 / imag_action_mean 9.1 / imag_action_std 4.2 / imag_action_min 0.0 / imag_action_max 17.0 / actor_entropy 0.3 / actor_loss 0.2 / actor_grad_norm 8.7 / value_loss 1.3 / value_grad_norm 1.4 / update_count 87304.0 / fps 11.9
add_video needs package moviepy
add_video needs package moviepy
[359440] 
Start evaluation.
[359440] eval_return 4068.0 / eval_length 1370.2 / eval_episodes 5.0
add_video needs package moviepy
Start training.
[359440] model_loss 15.8 / model_grad_norm 26.7 / image_loss 4.9 / reward_loss 0.1 / cont_loss 0.0 / kl_free 1.0 / dyn_scale 0.5 / rep_scale 0.1 / dyn_loss 17.9 / rep_loss 17.9 / kl 17.9 / prior_abs_ent 31.4 / post_abs_ent -26.5 / prior_obs_ent 9.2 / post_obs_ent -7.1 / boundary_ratio 0.0 / kl_mask 0.0 / normed_target_mean 0.6 / normed_target_std 0.3 / normed_target_min -0.2 / normed_target_max 1.1 / EMA_005 244.2 / EMA_095 1162.9 / value_mean 834.6 / value_std 282.9 / value_min 24.4 / value_max 1211.5 / target_mean 836.3 / target_std 283.7 / target_min 30.0 / target_max 1245.1 / imag_reward_mean 2.0 / imag_reward_std 4.9 / imag_reward_min -0.0 / imag_reward_max 22.6 / imag_action_mean 9.1 / imag_action_std 4.2 / imag_action_min 0.0 / imag_action_max 17.0 / actor_entropy 0.3 / actor_loss 0.2 / actor_grad_norm 8.6 / value_loss 1.3 / value_grad_norm 1.4 / update_count 87460.0 / fps 12.1
add_video needs package moviepy
add_video needs package moviepy
[360064] 
Start evaluation.
[360064] eval_return 4646.0 / eval_length 1457.2 / eval_episodes 5.0
add_video needs package moviepy
Start training.
[360064] model_loss 15.8 / model_grad_norm 23.4 / image_loss 4.9 / reward_loss 0.1 / cont_loss 0.0 / kl_free 1.0 / dyn_scale 0.5 / rep_scale 0.1 / dyn_loss 17.9 / rep_loss 17.9 / kl 17.9 / prior_abs_ent 31.8 / post_abs_ent -26.6 / prior_obs_ent 8.5 / post_obs_ent -7.9 / boundary_ratio 0.0 / kl_mask 0.0 / normed_target_mean 0.6 / normed_target_std 0.3 / normed_target_min -0.2 / normed_target_max 1.1 / EMA_005 250.8 / EMA_095 1163.8 / value_mean 841.6 / value_std 283.6 / value_min 23.0 / value_max 1219.2 / target_mean 843.3 / target_std 284.2 / target_min 29.3 / target_max 1251.1 / imag_reward_mean 2.1 / imag_reward_std 5.0 / imag_reward_min -0.0 / imag_reward_max 25.7 / imag_action_mean 9.1 / imag_action_std 4.2 / imag_action_min 0.0 / imag_action_max 17.0 / actor_entropy 0.3 / actor_loss 0.2 / actor_grad_norm 8.2 / value_loss 1.3 / value_grad_norm 1.3 / update_count 87616.0 / fps 11.9
add_video needs package moviepy
add_video needs package moviepy
[360688] 
Start evaluation.
[360688] eval_return 4422.0 / eval_length 1462.2 / eval_episodes 5.0
add_video needs package moviepy
Start training.
[360688] model_loss 15.7 / model_grad_norm 27.4 / image_loss 4.9 / reward_loss 0.1 / cont_loss 0.0 / kl_free 1.0 / dyn_scale 0.5 / rep_scale 0.1 / dyn_loss 17.8 / rep_loss 17.8 / kl 17.8 / prior_abs_ent 31.9 / post_abs_ent -26.5 / prior_obs_ent 8.6 / post_obs_ent -7.6 / boundary_ratio 0.0 / kl_mask 0.0 / normed_target_mean 0.6 / normed_target_std 0.3 / normed_target_min -0.2 / normed_target_max 1.1 / EMA_005 245.9 / EMA_095 1161.3 / value_mean 823.4 / value_std 290.6 / value_min 25.6 / value_max 1220.9 / target_mean 825.3 / target_std 291.1 / target_min 35.0 / target_max 1249.3 / imag_reward_mean 2.0 / imag_reward_std 4.9 / imag_reward_min -0.0 / imag_reward_max 28.6 / imag_action_mean 9.1 / imag_action_std 4.2 / imag_action_min 0.0 / imag_action_max 17.0 / actor_entropy 0.3 / actor_loss 0.2 / actor_grad_norm 8.4 / value_loss 1.3 / value_grad_norm 1.4 / update_count 87772.0 / fps 11.9
add_video needs package moviepy
add_video needs package moviepy
[361312] 
Start evaluation.
[361312] eval_return 4134.0 / eval_length 1391.2 / eval_episodes 5.0
add_video needs package moviepy
Start training.
[361312] model_loss 15.7 / model_grad_norm 26.3 / image_loss 4.8 / reward_loss 0.1 / cont_loss 0.0 / kl_free 1.0 / dyn_scale 0.5 / rep_scale 0.1 / dyn_loss 17.9 / rep_loss 17.9 / kl 17.9 / prior_abs_ent 31.9 / post_abs_ent -26.5 / prior_obs_ent 8.6 / post_obs_ent -7.7 / boundary_ratio 0.0 / kl_mask 0.0 / normed_target_mean 0.6 / normed_target_std 0.3 / normed_target_min -0.2 / normed_target_max 1.1 / EMA_005 240.5 / EMA_095 1162.2 / value_mean 835.8 / value_std 284.9 / value_min 30.4 / value_max 1212.0 / target_mean 837.5 / target_std 285.5 / target_min 35.1 / target_max 1244.2 / imag_reward_mean 2.1 / imag_reward_std 4.9 / imag_reward_min -0.0 / imag_reward_max 25.5 / imag_action_mean 9.0 / imag_action_std 4.2 / imag_action_min 0.0 / imag_action_max 17.0 / actor_entropy 0.3 / actor_loss 0.1 / actor_grad_norm 8.0 / value_loss 1.3 / value_grad_norm 1.3 / update_count 87928.0 / fps 12.0
add_video needs package moviepy
add_video needs package moviepy
[361936] 
Start evaluation.
[361936] eval_return 3822.0 / eval_length 1330.2 / eval_episodes 5.0
add_video needs package moviepy
Start training.
[361936] model_loss 15.6 / model_grad_norm 25.2 / image_loss 4.8 / reward_loss 0.1 / cont_loss 0.0 / kl_free 1.0 / dyn_scale 0.5 / rep_scale 0.1 / dyn_loss 17.8 / rep_loss 17.8 / kl 17.8 / prior_abs_ent 31.7 / post_abs_ent -26.4 / prior_obs_ent 8.4 / post_obs_ent -7.8 / boundary_ratio 0.0 / kl_mask 0.0 / normed_target_mean 0.7 / normed_target_std 0.3 / normed_target_min -0.2 / normed_target_max 1.1 / EMA_005 247.0 / EMA_095 1162.0 / value_mean 846.4 / value_std 279.9 / value_min 31.9 / value_max 1219.5 / target_mean 848.2 / target_std 280.7 / target_min 40.6 / target_max 1250.3 / imag_reward_mean 2.0 / imag_reward_std 4.9 / imag_reward_min -0.0 / imag_reward_max 25.6 / imag_action_mean 9.1 / imag_action_std 4.2 / imag_action_min 0.0 / imag_action_max 17.0 / actor_entropy 0.3 / actor_loss 0.2 / actor_grad_norm 8.2 / value_loss 1.2 / value_grad_norm 1.3 / update_count 88084.0 / fps 12.2
add_video needs package moviepy
add_video needs package moviepy
[362560] 
Start evaluation.
[362560] eval_return 4534.0 / eval_length 1425.8 / eval_episodes 5.0
add_video needs package moviepy
Start training.
[362560] model_loss 15.7 / model_grad_norm 24.0 / image_loss 4.8 / reward_loss 0.1 / cont_loss 0.0 / kl_free 1.0 / dyn_scale 0.5 / rep_scale 0.1 / dyn_loss 17.9 / rep_loss 17.9 / kl 17.9 / prior_abs_ent 31.7 / post_abs_ent -26.5 / prior_obs_ent 8.3 / post_obs_ent -7.9 / boundary_ratio 0.0 / kl_mask 0.0 / normed_target_mean 0.6 / normed_target_std 0.3 / normed_target_min -0.3 / normed_target_max 1.1 / EMA_005 264.8 / EMA_095 1163.6 / value_mean 838.2 / value_std 281.0 / value_min 35.6 / value_max 1217.0 / target_mean 839.9 / target_std 282.1 / target_min 39.2 / target_max 1247.1 / imag_reward_mean 2.1 / imag_reward_std 4.9 / imag_reward_min -0.0 / imag_reward_max 24.9 / imag_action_mean 9.2 / imag_action_std 4.2 / imag_action_min 0.0 / imag_action_max 17.0 / actor_entropy 0.3 / actor_loss 0.2 / actor_grad_norm 8.5 / value_loss 1.3 / value_grad_norm 1.4 / update_count 88240.0 / fps 12.0
add_video needs package moviepy
add_video needs package moviepy
[363184] 
Start evaluation.
[363184] eval_return 4226.0 / eval_length 1321.4 / eval_episodes 5.0
add_video needs package moviepy
Start training.
[363184] model_loss 15.7 / model_grad_norm 24.4 / image_loss 4.9 / reward_loss 0.1 / cont_loss 0.0 / kl_free 1.0 / dyn_scale 0.5 / rep_scale 0.1 / dyn_loss 17.9 / rep_loss 17.9 / kl 17.9 / prior_abs_ent 31.8 / post_abs_ent -26.4 / prior_obs_ent 8.7 / post_obs_ent -7.6 / boundary_ratio 0.0 / kl_mask 0.0 / normed_target_mean 0.6 / normed_target_std 0.3 / normed_target_min -0.3 / normed_target_max 1.1 / EMA_005 266.1 / EMA_095 1162.6 / value_mean 839.8 / value_std 283.5 / value_min 32.8 / value_max 1221.4 / target_mean 841.2 / target_std 284.4 / target_min 40.7 / target_max 1251.0 / imag_reward_mean 2.1 / imag_reward_std 5.0 / imag_reward_min -0.0 / imag_reward_max 34.2 / imag_action_mean 9.1 / imag_action_std 4.2 / imag_action_min 0.0 / imag_action_max 17.0 / actor_entropy 0.3 / actor_loss 0.2 / actor_grad_norm 8.8 / value_loss 1.3 / value_grad_norm 1.4 / update_count 88396.0 / fps 12.3
add_video needs package moviepy
add_video needs package moviepy
[363808] 
Start evaluation.
[363808] eval_return 3646.0 / eval_length 1287.4 / eval_episodes 5.0
add_video needs package moviepy
Start training.
[363808] model_loss 15.7 / model_grad_norm 27.9 / image_loss 4.9 / reward_loss 0.1 / cont_loss 0.0 / kl_free 1.0 / dyn_scale 0.5 / rep_scale 0.1 / dyn_loss 17.9 / rep_loss 17.9 / kl 17.9 / prior_abs_ent 31.6 / post_abs_ent -26.2 / prior_obs_ent 8.4 / post_obs_ent -7.9 / boundary_ratio 0.0 / kl_mask 0.0 / normed_target_mean 0.6 / normed_target_std 0.3 / normed_target_min -0.2 / normed_target_max 1.1 / EMA_005 247.8 / EMA_095 1167.4 / value_mean 833.1 / value_std 289.0 / value_min 35.3 / value_max 1227.0 / target_mean 834.7 / target_std 290.2 / target_min 40.1 / target_max 1256.2 / imag_reward_mean 2.1 / imag_reward_std 5.0 / imag_reward_min -0.0 / imag_reward_max 27.4 / imag_action_mean 9.1 / imag_action_std 4.2 / imag_action_min 0.0 / imag_action_max 17.0 / actor_entropy 0.3 / actor_loss 0.2 / actor_grad_norm 8.5 / value_loss 1.3 / value_grad_norm 1.3 / update_count 88552.0 / fps 12.3
add_video needs package moviepy
add_video needs package moviepy
[364048] dataset_size 91012.0 / train_return 4480.0 / train_length 1465.0 / train_episodes 68.0
[364432] 
Start evaluation.
[364432] eval_return 3250.0 / eval_length 1151.4 / eval_episodes 5.0
add_video needs package moviepy
Start training.
[364432] model_loss 15.8 / model_grad_norm 26.9 / image_loss 4.8 / reward_loss 0.1 / cont_loss 0.0 / kl_free 1.0 / dyn_scale 0.5 / rep_scale 0.1 / dyn_loss 18.1 / rep_loss 18.1 / kl 18.1 / prior_abs_ent 31.9 / post_abs_ent -26.4 / prior_obs_ent 8.6 / post_obs_ent -7.9 / boundary_ratio 0.0 / kl_mask 0.0 / normed_target_mean 0.6 / normed_target_std 0.3 / normed_target_min -0.2 / normed_target_max 1.1 / EMA_005 257.5 / EMA_095 1169.1 / value_mean 846.7 / value_std 281.5 / value_min 37.3 / value_max 1231.9 / target_mean 848.4 / target_std 282.6 / target_min 42.6 / target_max 1256.2 / imag_reward_mean 2.2 / imag_reward_std 5.0 / imag_reward_min -0.0 / imag_reward_max 21.8 / imag_action_mean 9.1 / imag_action_std 4.2 / imag_action_min 0.0 / imag_action_max 17.0 / actor_entropy 0.3 / actor_loss 0.2 / actor_grad_norm 8.3 / value_loss 1.2 / value_grad_norm 1.3 / update_count 88708.0 / fps 12.7
add_video needs package moviepy
add_video needs package moviepy
[365056] 
Start evaluation.
[365056] eval_return 3522.0 / eval_length 1250.6 / eval_episodes 5.0
add_video needs package moviepy
Start training.
[365056] model_loss 15.8 / model_grad_norm 25.6 / image_loss 4.9 / reward_loss 0.1 / cont_loss 0.0 / kl_free 1.0 / dyn_scale 0.5 / rep_scale 0.1 / dyn_loss 18.0 / rep_loss 18.0 / kl 18.0 / prior_abs_ent 31.6 / post_abs_ent -26.3 / prior_obs_ent 8.6 / post_obs_ent -7.8 / boundary_ratio 0.0 / kl_mask 0.0 / normed_target_mean 0.6 / normed_target_std 0.3 / normed_target_min -0.2 / normed_target_max 1.1 / EMA_005 249.5 / EMA_095 1166.3 / value_mean 831.6 / value_std 290.8 / value_min 19.5 / value_max 1224.7 / target_mean 833.4 / target_std 291.4 / target_min 26.2 / target_max 1253.1 / imag_reward_mean 2.1 / imag_reward_std 5.0 / imag_reward_min -0.0 / imag_reward_max 27.7 / imag_action_mean 9.1 / imag_action_std 4.3 / imag_action_min 0.0 / imag_action_max 17.0 / actor_entropy 0.3 / actor_loss 0.3 / actor_grad_norm 8.5 / value_loss 1.3 / value_grad_norm 1.3 / update_count 88864.0 / fps 12.4
add_video needs package moviepy
add_video needs package moviepy
[365680] 
Start evaluation.
[365680] eval_return 3846.0 / eval_length 1296.6 / eval_episodes 5.0
add_video needs package moviepy
Start training.
[365680] model_loss 18.2 / model_grad_norm 88.7 / image_loss 6.3 / reward_loss 0.1 / cont_loss 0.0 / kl_free 1.0 / dyn_scale 0.5 / rep_scale 0.1 / dyn_loss 19.8 / rep_loss 19.8 / kl 19.8 / prior_abs_ent 33.6 / post_abs_ent -26.5 / prior_obs_ent 13.6 / post_obs_ent -4.1 / boundary_ratio 0.0 / kl_mask 0.0 / normed_target_mean 0.6 / normed_target_std 0.3 / normed_target_min -0.3 / normed_target_max 1.1 / EMA_005 266.8 / EMA_095 1165.8 / value_mean 837.8 / value_std 279.3 / value_min 21.2 / value_max 1216.7 / target_mean 838.4 / target_std 280.1 / target_min 27.2 / target_max 1247.6 / imag_reward_mean 2.0 / imag_reward_std 4.9 / imag_reward_min -0.0 / imag_reward_max 25.6 / imag_action_mean 9.2 / imag_action_std 4.3 / imag_action_min 0.0 / imag_action_max 17.0 / actor_entropy 0.3 / actor_loss -0.1 / actor_grad_norm 10.6 / value_loss 1.3 / value_grad_norm 1.5 / update_count 89020.0 / fps 12.3
add_video needs package moviepy
add_video needs package moviepy
[366304] 
Start evaluation.
[366304] eval_return 4120.0 / eval_length 1363.2 / eval_episodes 5.0
add_video needs package moviepy
Start training.
[366304] model_loss 16.1 / model_grad_norm 22.9 / image_loss 5.1 / reward_loss 0.1 / cont_loss 0.0 / kl_free 1.0 / dyn_scale 0.5 / rep_scale 0.1 / dyn_loss 18.3 / rep_loss 18.3 / kl 18.3 / prior_abs_ent 33.6 / post_abs_ent -26.2 / prior_obs_ent 11.0 / post_obs_ent -5.7 / boundary_ratio 0.0 / kl_mask 0.0 / normed_target_mean 0.6 / normed_target_std 0.3 / normed_target_min -0.3 / normed_target_max 1.1 / EMA_005 256.7 / EMA_095 1161.7 / value_mean 829.3 / value_std 284.5 / value_min 27.3 / value_max 1214.3 / target_mean 830.3 / target_std 285.6 / target_min 27.2 / target_max 1245.3 / imag_reward_mean 2.1 / imag_reward_std 4.9 / imag_reward_min -0.0 / imag_reward_max 26.9 / imag_action_mean 9.2 / imag_action_std 4.3 / imag_action_min 0.0 / imag_action_max 17.0 / actor_entropy 0.3 / actor_loss -0.0 / actor_grad_norm 9.7 / value_loss 1.3 / value_grad_norm 1.4 / update_count 89176.0 / fps 12.1
add_video needs package moviepy
add_video needs package moviepy
[366928] 
Start evaluation.
[366928] eval_return 4252.0 / eval_length 1386.4 / eval_episodes 5.0
add_video needs package moviepy
Start training.
[366928] model_loss 16.0 / model_grad_norm 29.9 / image_loss 4.9 / reward_loss 0.1 / cont_loss 0.0 / kl_free 1.0 / dyn_scale 0.5 / rep_scale 0.1 / dyn_loss 18.3 / rep_loss 18.3 / kl 18.3 / prior_abs_ent 33.1 / post_abs_ent -26.3 / prior_obs_ent 10.0 / post_obs_ent -6.5 / boundary_ratio 0.0 / kl_mask 0.0 / normed_target_mean 0.7 / normed_target_std 0.3 / normed_target_min -0.2 / normed_target_max 1.1 / EMA_005 241.2 / EMA_095 1163.1 / value_mean 841.4 / value_std 284.7 / value_min 26.9 / value_max 1225.4 / target_mean 842.6 / target_std 285.7 / target_min 30.3 / target_max 1250.9 / imag_reward_mean 2.1 / imag_reward_std 4.9 / imag_reward_min -0.0 / imag_reward_max 22.2 / imag_action_mean 9.2 / imag_action_std 4.3 / imag_action_min 0.0 / imag_action_max 17.0 / actor_entropy 0.3 / actor_loss 0.1 / actor_grad_norm 9.0 / value_loss 1.3 / value_grad_norm 1.3 / update_count 89332.0 / fps 12.0
add_video needs package moviepy
add_video needs package moviepy
[367552] 
Start evaluation.
[367552] eval_return 4452.0 / eval_length 1318.6 / eval_episodes 5.0
add_video needs package moviepy
Start training.
[367552] model_loss 16.2 / model_grad_norm 33.3 / image_loss 5.1 / reward_loss 0.1 / cont_loss 0.0 / kl_free 1.0 / dyn_scale 0.5 / rep_scale 0.1 / dyn_loss 18.3 / rep_loss 18.3 / kl 18.3 / prior_abs_ent 32.7 / post_abs_ent -26.5 / prior_obs_ent 10.7 / post_obs_ent -6.0 / boundary_ratio 0.0 / kl_mask 0.0 / normed_target_mean 0.6 / normed_target_std 0.3 / normed_target_min -0.3 / normed_target_max 1.1 / EMA_005 257.0 / EMA_095 1164.5 / value_mean 834.2 / value_std 287.1 / value_min 16.0 / value_max 1240.8 / target_mean 835.4 / target_std 288.5 / target_min 22.7 / target_max 1255.1 / imag_reward_mean 2.1 / imag_reward_std 4.9 / imag_reward_min -0.0 / imag_reward_max 25.3 / imag_action_mean 9.1 / imag_action_std 4.3 / imag_action_min 0.0 / imag_action_max 17.0 / actor_entropy 0.3 / actor_loss 0.1 / actor_grad_norm 9.6 / value_loss 1.3 / value_grad_norm 1.3 / update_count 89488.0 / fps 12.2
add_video needs package moviepy
add_video needs package moviepy
[368176] 
Start evaluation.
[368176] eval_return 4554.0 / eval_length 1419.8 / eval_episodes 5.0
add_video needs package moviepy
Start training.
[368176] model_loss 15.7 / model_grad_norm 22.4 / image_loss 4.9 / reward_loss 0.1 / cont_loss 0.0 / kl_free 1.0 / dyn_scale 0.5 / rep_scale 0.1 / dyn_loss 17.9 / rep_loss 17.9 / kl 17.9 / prior_abs_ent 32.3 / post_abs_ent -26.7 / prior_obs_ent 9.2 / post_obs_ent -7.1 / boundary_ratio 0.0 / kl_mask 0.0 / normed_target_mean 0.6 / normed_target_std 0.3 / normed_target_min -0.2 / normed_target_max 1.1 / EMA_005 257.3 / EMA_095 1166.7 / value_mean 836.2 / value_std 287.1 / value_min 28.3 / value_max 1234.4 / target_mean 838.0 / target_std 288.4 / target_min 33.8 / target_max 1257.5 / imag_reward_mean 2.1 / imag_reward_std 5.0 / imag_reward_min -0.0 / imag_reward_max 28.4 / imag_action_mean 9.3 / imag_action_std 4.2 / imag_action_min 0.0 / imag_action_max 17.0 / actor_entropy 0.3 / actor_loss 0.2 / actor_grad_norm 8.7 / value_loss 1.3 / value_grad_norm 1.3 / update_count 89644.0 / fps 11.9
add_video needs package moviepy
add_video needs package moviepy
[368800] 
Start evaluation.
[368800] eval_return 4428.0 / eval_length 1422.2 / eval_episodes 5.0
add_video needs package moviepy
Start training.
[368800] model_loss 15.6 / model_grad_norm 23.8 / image_loss 4.8 / reward_loss 0.1 / cont_loss 0.0 / kl_free 1.0 / dyn_scale 0.5 / rep_scale 0.1 / dyn_loss 17.8 / rep_loss 17.8 / kl 17.8 / prior_abs_ent 32.4 / post_abs_ent -26.6 / prior_obs_ent 8.4 / post_obs_ent -7.9 / boundary_ratio 0.0 / kl_mask 0.0 / normed_target_mean 0.6 / normed_target_std 0.3 / normed_target_min -0.2 / normed_target_max 1.1 / EMA_005 244.6 / EMA_095 1170.2 / value_mean 837.5 / value_std 292.0 / value_min 28.5 / value_max 1234.8 / target_mean 839.2 / target_std 293.1 / target_min 33.3 / target_max 1258.3 / imag_reward_mean 2.1 / imag_reward_std 5.0 / imag_reward_min -0.0 / imag_reward_max 28.4 / imag_action_mean 9.2 / imag_action_std 4.3 / imag_action_min 0.0 / imag_action_max 17.0 / actor_entropy 0.3 / actor_loss 0.2 / actor_grad_norm 8.6 / value_loss 1.3 / value_grad_norm 1.3 / update_count 89800.0 / fps 12.0
add_video needs package moviepy
add_video needs package moviepy
[369424] 
Start evaluation.
[369424] eval_return 4280.0 / eval_length 1371.8 / eval_episodes 5.0
add_video needs package moviepy
Start training.
[369424] model_loss 15.5 / model_grad_norm 26.2 / image_loss 4.7 / reward_loss 0.1 / cont_loss 0.0 / kl_free 1.0 / dyn_scale 0.5 / rep_scale 0.1 / dyn_loss 17.7 / rep_loss 17.7 / kl 17.7 / prior_abs_ent 32.2 / post_abs_ent -26.5 / prior_obs_ent 8.5 / post_obs_ent -7.6 / boundary_ratio 0.0 / kl_mask 0.0 / normed_target_mean 0.6 / normed_target_std 0.3 / normed_target_min -0.2 / normed_target_max 1.1 / EMA_005 241.8 / EMA_095 1170.2 / value_mean 835.5 / value_std 288.2 / value_min 40.2 / value_max 1233.8 / target_mean 836.7 / target_std 289.3 / target_min 46.8 / target_max 1256.1 / imag_reward_mean 2.0 / imag_reward_std 4.9 / imag_reward_min -0.0 / imag_reward_max 24.8 / imag_action_mean 9.0 / imag_action_std 4.3 / imag_action_min 0.0 / imag_action_max 17.0 / actor_entropy 0.3 / actor_loss 0.1 / actor_grad_norm 8.4 / value_loss 1.2 / value_grad_norm 1.3 / update_count 89956.0 / fps 12.0
add_video needs package moviepy
add_video needs package moviepy
[369824] dataset_size 92456.0 / train_return 4650.0 / train_length 1444.0 / train_episodes 69.0
[370048] 
Start evaluation.
[370048] eval_return 3424.0 / eval_length 1266.4 / eval_episodes 5.0
add_video needs package moviepy
Start training.
[370048] model_loss 16.6 / model_grad_norm 36.8 / image_loss 5.3 / reward_loss 0.1 / cont_loss 0.0 / kl_free 1.0 / dyn_scale 0.5 / rep_scale 0.1 / dyn_loss 18.6 / rep_loss 18.6 / kl 18.6 / prior_abs_ent 32.3 / post_abs_ent -26.7 / prior_obs_ent 10.6 / post_obs_ent -6.1 / boundary_ratio 0.0 / kl_mask 0.0 / normed_target_mean 0.6 / normed_target_std 0.3 / normed_target_min -0.2 / normed_target_max 1.1 / EMA_005 242.8 / EMA_095 1168.8 / value_mean 836.9 / value_std 291.0 / value_min 37.8 / value_max 1231.3 / target_mean 837.8 / target_std 292.1 / target_min 45.9 / target_max 1254.3 / imag_reward_mean 2.1 / imag_reward_std 4.9 / imag_reward_min -0.0 / imag_reward_max 28.7 / imag_action_mean 8.9 / imag_action_std 4.3 / imag_action_min 0.0 / imag_action_max 17.0 / actor_entropy 0.3 / actor_loss -0.1 / actor_grad_norm 8.8 / value_loss 1.3 / value_grad_norm 1.5 / update_count 90112.0 / fps 12.3
add_video needs package moviepy
add_video needs package moviepy
[370672] 
Start evaluation.
[370672] eval_return 3578.0 / eval_length 1261.6 / eval_episodes 5.0
add_video needs package moviepy
Start training.
[370672] model_loss 16.0 / model_grad_norm 32.1 / image_loss 5.1 / reward_loss 0.1 / cont_loss 0.0 / kl_free 1.0 / dyn_scale 0.5 / rep_scale 0.1 / dyn_loss 18.0 / rep_loss 18.0 / kl 18.0 / prior_abs_ent 32.8 / post_abs_ent -26.6 / prior_obs_ent 10.6 / post_obs_ent -5.9 / boundary_ratio 0.0 / kl_mask 0.0 / normed_target_mean 0.6 / normed_target_std 0.3 / normed_target_min -0.2 / normed_target_max 1.1 / EMA_005 255.2 / EMA_095 1167.5 / value_mean 840.4 / value_std 288.3 / value_min 27.5 / value_max 1226.2 / target_mean 841.9 / target_std 289.0 / target_min 32.7 / target_max 1253.8 / imag_reward_mean 2.1 / imag_reward_std 4.9 / imag_reward_min -0.0 / imag_reward_max 25.3 / imag_action_mean 8.7 / imag_action_std 4.3 / imag_action_min 0.0 / imag_action_max 17.0 / actor_entropy 0.3 / actor_loss 0.2 / actor_grad_norm 8.8 / value_loss 1.3 / value_grad_norm 1.4 / update_count 90268.0 / fps 12.4
add_video needs package moviepy
add_video needs package moviepy
[371296] 
Start evaluation.
[371296] eval_return 4398.0 / eval_length 1452.8 / eval_episodes 5.0
add_video needs package moviepy
Start training.
[371296] model_loss 15.8 / model_grad_norm 25.7 / image_loss 4.9 / reward_loss 0.1 / cont_loss 0.0 / kl_free 1.0 / dyn_scale 0.5 / rep_scale 0.1 / dyn_loss 18.0 / rep_loss 18.0 / kl 18.0 / prior_abs_ent 32.4 / post_abs_ent -26.7 / prior_obs_ent 8.8 / post_obs_ent -7.5 / boundary_ratio 0.0 / kl_mask 0.0 / normed_target_mean 0.6 / normed_target_std 0.3 / normed_target_min -0.2 / normed_target_max 1.1 / EMA_005 252.3 / EMA_095 1169.3 / value_mean 833.3 / value_std 290.7 / value_min 25.0 / value_max 1225.7 / target_mean 834.6 / target_std 292.0 / target_min 29.2 / target_max 1255.3 / imag_reward_mean 2.1 / imag_reward_std 5.0 / imag_reward_min -0.0 / imag_reward_max 25.8 / imag_action_mean 9.0 / imag_action_std 4.3 / imag_action_min 0.0 / imag_action_max 17.0 / actor_entropy 0.3 / actor_loss 0.1 / actor_grad_norm 8.7 / value_loss 1.3 / value_grad_norm 1.3 / update_count 90424.0 / fps 11.9
add_video needs package moviepy
add_video needs package moviepy
[371920] 
Start evaluation.
[371920] eval_return 4188.0 / eval_length 1383.6 / eval_episodes 5.0
add_video needs package moviepy
Start training.
[371920] model_loss 15.6 / model_grad_norm 26.7 / image_loss 4.8 / reward_loss 0.1 / cont_loss 0.0 / kl_free 1.0 / dyn_scale 0.5 / rep_scale 0.1 / dyn_loss 17.8 / rep_loss 17.8 / kl 17.8 / prior_abs_ent 32.2 / post_abs_ent -26.7 / prior_obs_ent 8.5 / post_obs_ent -7.7 / boundary_ratio 0.0 / kl_mask 0.0 / normed_target_mean 0.6 / normed_target_std 0.3 / normed_target_min -0.2 / normed_target_max 1.1 / EMA_005 248.7 / EMA_095 1168.2 / value_mean 840.7 / value_std 287.7 / value_min 34.4 / value_max 1232.7 / target_mean 842.2 / target_std 288.7 / target_min 37.7 / target_max 1257.0 / imag_reward_mean 2.1 / imag_reward_std 5.0 / imag_reward_min -0.0 / imag_reward_max 28.8 / imag_action_mean 9.2 / imag_action_std 4.3 / imag_action_min 0.0 / imag_action_max 17.0 / actor_entropy 0.3 / actor_loss 0.2 / actor_grad_norm 8.4 / value_loss 1.2 / value_grad_norm 1.3 / update_count 90580.0 / fps 12.1
add_video needs package moviepy
add_video needs package moviepy
[372544] 
Start evaluation.
[372544] eval_return 4318.0 / eval_length 1361.0 / eval_episodes 5.0
add_video needs package moviepy
Start training.
[372544] model_loss 15.6 / model_grad_norm 23.2 / image_loss 4.7 / reward_loss 0.1 / cont_loss 0.0 / kl_free 1.0 / dyn_scale 0.5 / rep_scale 0.1 / dyn_loss 17.9 / rep_loss 17.9 / kl 17.9 / prior_abs_ent 32.1 / post_abs_ent -26.8 / prior_obs_ent 8.4 / post_obs_ent -7.8 / boundary_ratio 0.0 / kl_mask 0.0 / normed_target_mean 0.6 / normed_target_std 0.3 / normed_target_min -0.2 / normed_target_max 1.1 / EMA_005 245.5 / EMA_095 1168.4 / value_mean 837.6 / value_std 291.7 / value_min 31.4 / value_max 1246.0 / target_mean 839.5 / target_std 292.8 / target_min 37.9 / target_max 1266.1 / imag_reward_mean 2.1 / imag_reward_std 5.0 / imag_reward_min -0.0 / imag_reward_max 25.9 / imag_action_mean 9.2 / imag_action_std 4.3 / imag_action_min 0.0 / imag_action_max 17.0 / actor_entropy 0.3 / actor_loss 0.3 / actor_grad_norm 8.5 / value_loss 1.3 / value_grad_norm 1.4 / update_count 90736.0 / fps 12.1
add_video needs package moviepy
add_video needs package moviepy
[373168] 
Start evaluation.
[373168] eval_return 4582.0 / eval_length 1430.6 / eval_episodes 5.0
add_video needs package moviepy
Start training.
[373168] model_loss 15.7 / model_grad_norm 22.5 / image_loss 4.8 / reward_loss 0.1 / cont_loss 0.0 / kl_free 1.0 / dyn_scale 0.5 / rep_scale 0.1 / dyn_loss 18.0 / rep_loss 18.0 / kl 18.0 / prior_abs_ent 32.3 / post_abs_ent -26.9 / prior_obs_ent 7.9 / post_obs_ent -8.5 / boundary_ratio 0.0 / kl_mask 0.0 / normed_target_mean 0.6 / normed_target_std 0.3 / normed_target_min -0.2 / normed_target_max 1.1 / EMA_005 239.3 / EMA_095 1172.8 / value_mean 842.1 / value_std 293.6 / value_min 27.8 / value_max 1243.7 / target_mean 843.6 / target_std 294.4 / target_min 39.5 / target_max 1264.5 / imag_reward_mean 2.1 / imag_reward_std 5.0 / imag_reward_min -0.0 / imag_reward_max 25.1 / imag_action_mean 9.3 / imag_action_std 4.3 / imag_action_min 0.0 / imag_action_max 17.0 / actor_entropy 0.3 / actor_loss 0.2 / actor_grad_norm 8.1 / value_loss 1.2 / value_grad_norm 1.3 / update_count 90892.0 / fps 12.0
add_video needs package moviepy
add_video needs package moviepy
[373792] 
Start evaluation.
[373792] eval_return 4226.0 / eval_length 1459.6 / eval_episodes 5.0
add_video needs package moviepy
Start training.
[373792] model_loss 15.6 / model_grad_norm 24.1 / image_loss 4.8 / reward_loss 0.1 / cont_loss 0.0 / kl_free 1.0 / dyn_scale 0.5 / rep_scale 0.1 / dyn_loss 18.0 / rep_loss 18.0 / kl 18.0 / prior_abs_ent 32.5 / post_abs_ent -26.6 / prior_obs_ent 8.3 / post_obs_ent -8.0 / boundary_ratio 0.0 / kl_mask 0.0 / normed_target_mean 0.7 / normed_target_std 0.3 / normed_target_min -0.2 / normed_target_max 1.1 / EMA_005 222.8 / EMA_095 1172.2 / value_mean 842.3 / value_std 298.9 / value_min 31.6 / value_max 1240.7 / target_mean 844.0 / target_std 299.6 / target_min 36.2 / target_max 1261.3 / imag_reward_mean 2.1 / imag_reward_std 5.0 / imag_reward_min -0.0 / imag_reward_max 25.5 / imag_action_mean 9.2 / imag_action_std 4.3 / imag_action_min 0.0 / imag_action_max 17.0 / actor_entropy 0.3 / actor_loss 0.2 / actor_grad_norm 8.2 / value_loss 1.2 / value_grad_norm 1.3 / update_count 91048.0 / fps 11.9
add_video needs package moviepy
add_video needs package moviepy
[374416] 
Start evaluation.
[374416] eval_return 4640.0 / eval_length 1384.0 / eval_episodes 5.0
add_video needs package moviepy
Start training.
[374416] model_loss 15.8 / model_grad_norm 26.1 / image_loss 4.8 / reward_loss 0.1 / cont_loss 0.0 / kl_free 1.0 / dyn_scale 0.5 / rep_scale 0.1 / dyn_loss 18.1 / rep_loss 18.1 / kl 18.1 / prior_abs_ent 32.4 / post_abs_ent -26.6 / prior_obs_ent 8.1 / post_obs_ent -8.3 / boundary_ratio 0.0 / kl_mask 0.0 / normed_target_mean 0.6 / normed_target_std 0.3 / normed_target_min -0.2 / normed_target_max 1.1 / EMA_005 228.9 / EMA_095 1171.5 / value_mean 836.6 / value_std 297.1 / value_min 23.6 / value_max 1244.7 / target_mean 838.1 / target_std 298.2 / target_min 32.7 / target_max 1262.9 / imag_reward_mean 2.1 / imag_reward_std 5.0 / imag_reward_min -0.0 / imag_reward_max 25.3 / imag_action_mean 9.1 / imag_action_std 4.3 / imag_action_min 0.0 / imag_action_max 17.0 / actor_entropy 0.3 / actor_loss 0.2 / actor_grad_norm 8.6 / value_loss 1.2 / value_grad_norm 1.4 / update_count 91204.0 / fps 12.2
add_video needs package moviepy
add_video needs package moviepy
[374908] dataset_size 93727.0 / train_return 3460.0 / train_length 1271.0 / train_episodes 70.0
[375040] 
Start evaluation.
[375040] eval_return 4694.0 / eval_length 1401.4 / eval_episodes 5.0
add_video needs package moviepy
Start training.
[375040] model_loss 15.7 / model_grad_norm 24.7 / image_loss 4.7 / reward_loss 0.1 / cont_loss 0.0 / kl_free 1.0 / dyn_scale 0.5 / rep_scale 0.1 / dyn_loss 18.0 / rep_loss 18.0 / kl 18.0 / prior_abs_ent 32.3 / post_abs_ent -26.9 / prior_obs_ent 8.5 / post_obs_ent -7.9 / boundary_ratio 0.0 / kl_mask 0.0 / normed_target_mean 0.7 / normed_target_std 0.3 / normed_target_min -0.2 / normed_target_max 1.1 / EMA_005 247.0 / EMA_095 1172.3 / value_mean 849.5 / value_std 290.0 / value_min 41.4 / value_max 1238.7 / target_mean 851.2 / target_std 290.7 / target_min 48.5 / target_max 1260.0 / imag_reward_mean 2.2 / imag_reward_std 5.0 / imag_reward_min -0.0 / imag_reward_max 22.0 / imag_action_mean 9.2 / imag_action_std 4.3 / imag_action_min 0.0 / imag_action_max 17.0 / actor_entropy 0.3 / actor_loss 0.2 / actor_grad_norm 8.1 / value_loss 1.2 / value_grad_norm 1.5 / update_count 91360.0 / fps 12.0
add_video needs package moviepy
add_video needs package moviepy
[375664] 
Start evaluation.
[375664] eval_return 3838.0 / eval_length 1282.0 / eval_episodes 5.0
add_video needs package moviepy
Start training.
[375664] model_loss 15.6 / model_grad_norm 25.6 / image_loss 4.8 / reward_loss 0.1 / cont_loss 0.0 / kl_free 1.0 / dyn_scale 0.5 / rep_scale 0.1 / dyn_loss 17.9 / rep_loss 17.9 / kl 17.9 / prior_abs_ent 32.0 / post_abs_ent -26.7 / prior_obs_ent 7.9 / post_obs_ent -8.4 / boundary_ratio 0.0 / kl_mask 0.0 / normed_target_mean 0.6 / normed_target_std 0.3 / normed_target_min -0.3 / normed_target_max 1.1 / EMA_005 268.7 / EMA_095 1174.2 / value_mean 854.6 / value_std 286.2 / value_min 35.3 / value_max 1241.1 / target_mean 856.5 / target_std 287.3 / target_min 41.4 / target_max 1262.1 / imag_reward_mean 2.2 / imag_reward_std 5.1 / imag_reward_min -0.0 / imag_reward_max 31.7 / imag_action_mean 9.2 / imag_action_std 4.2 / imag_action_min 0.0 / imag_action_max 17.0 / actor_entropy 0.3 / actor_loss 0.3 / actor_grad_norm 8.4 / value_loss 1.2 / value_grad_norm 1.4 / update_count 91516.0 / fps 12.4
add_video needs package moviepy
add_video needs package moviepy
[376288] 
Start evaluation.
[376288] eval_return 4294.0 / eval_length 1459.4 / eval_episodes 5.0
add_video needs package moviepy
Start training.
[376288] model_loss 15.7 / model_grad_norm 26.5 / image_loss 4.8 / reward_loss 0.1 / cont_loss 0.0 / kl_free 1.0 / dyn_scale 0.5 / rep_scale 0.1 / dyn_loss 17.9 / rep_loss 17.9 / kl 17.9 / prior_abs_ent 32.1 / post_abs_ent -26.7 / prior_obs_ent 8.0 / post_obs_ent -8.2 / boundary_ratio 0.0 / kl_mask 0.0 / normed_target_mean 0.6 / normed_target_std 0.3 / normed_target_min -0.2 / normed_target_max 1.1 / EMA_005 257.5 / EMA_095 1172.6 / value_mean 835.7 / value_std 294.8 / value_min 37.1 / value_max 1237.2 / target_mean 836.9 / target_std 295.8 / target_min 37.3 / target_max 1260.8 / imag_reward_mean 2.1 / imag_reward_std 5.0 / imag_reward_min -0.0 / imag_reward_max 28.4 / imag_action_mean 9.0 / imag_action_std 4.3 / imag_action_min 0.0 / imag_action_max 17.0 / actor_entropy 0.3 / actor_loss 0.1 / actor_grad_norm 8.6 / value_loss 1.2 / value_grad_norm 1.4 / update_count 91672.0 / fps 11.9
add_video needs package moviepy
add_video needs package moviepy
[376912] 
Start evaluation.
[376912] eval_return 4026.0 / eval_length 1389.8 / eval_episodes 5.0
add_video needs package moviepy
Start training.
[376912] model_loss 15.7 / model_grad_norm 25.6 / image_loss 4.8 / reward_loss 0.1 / cont_loss 0.0 / kl_free 1.0 / dyn_scale 0.5 / rep_scale 0.1 / dyn_loss 18.0 / rep_loss 18.0 / kl 18.0 / prior_abs_ent 31.9 / post_abs_ent -26.6 / prior_obs_ent 8.4 / post_obs_ent -8.0 / boundary_ratio 0.0 / kl_mask 0.0 / normed_target_mean 0.6 / normed_target_std 0.3 / normed_target_min -0.2 / normed_target_max 1.1 / EMA_005 235.6 / EMA_095 1174.6 / value_mean 842.8 / value_std 300.2 / value_min 35.4 / value_max 1239.6 / target_mean 844.0 / target_std 301.1 / target_min 38.3 / target_max 1262.0 / imag_reward_mean 2.2 / imag_reward_std 5.0 / imag_reward_min -0.0 / imag_reward_max 28.5 / imag_action_mean 9.1 / imag_action_std 4.3 / imag_action_min 0.0 / imag_action_max 17.0 / actor_entropy 0.3 / actor_loss 0.1 / actor_grad_norm 8.3 / value_loss 1.2 / value_grad_norm 1.3 / update_count 91828.0 / fps 12.0
add_video needs package moviepy
add_video needs package moviepy
[377536] 
Start evaluation.
[377536] eval_return 4756.0 / eval_length 1449.4 / eval_episodes 5.0
add_video needs package moviepy
Start training.
[377536] model_loss 15.7 / model_grad_norm 25.7 / image_loss 4.8 / reward_loss 0.1 / cont_loss 0.0 / kl_free 1.0 / dyn_scale 0.5 / rep_scale 0.1 / dyn_loss 18.0 / rep_loss 18.0 / kl 18.0 / prior_abs_ent 32.1 / post_abs_ent -26.6 / prior_obs_ent 8.1 / post_obs_ent -8.3 / boundary_ratio 0.0 / kl_mask 0.0 / normed_target_mean 0.6 / normed_target_std 0.3 / normed_target_min -0.2 / normed_target_max 1.1 / EMA_005 239.3 / EMA_095 1176.5 / value_mean 843.8 / value_std 294.6 / value_min 38.8 / value_max 1247.0 / target_mean 845.5 / target_std 295.4 / target_min 44.1 / target_max 1267.8 / imag_reward_mean 2.2 / imag_reward_std 5.1 / imag_reward_min -0.0 / imag_reward_max 22.0 / imag_action_mean 9.2 / imag_action_std 4.3 / imag_action_min 0.0 / imag_action_max 17.0 / actor_entropy 0.3 / actor_loss 0.2 / actor_grad_norm 8.5 / value_loss 1.2 / value_grad_norm 1.3 / update_count 91984.0 / fps 11.8
add_video needs package moviepy
add_video needs package moviepy
[378160] 
Start evaluation.
[378160] eval_return 4322.0 / eval_length 1371.8 / eval_episodes 5.0
add_video needs package moviepy
Start training.
[378160] model_loss 15.6 / model_grad_norm 26.1 / image_loss 4.8 / reward_loss 0.1 / cont_loss 0.0 / kl_free 1.0 / dyn_scale 0.5 / rep_scale 0.1 / dyn_loss 17.9 / rep_loss 17.9 / kl 17.9 / prior_abs_ent 32.1 / post_abs_ent -26.5 / prior_obs_ent 8.3 / post_obs_ent -7.9 / boundary_ratio 0.0 / kl_mask 0.0 / normed_target_mean 0.6 / normed_target_std 0.3 / normed_target_min -0.2 / normed_target_max 1.1 / EMA_005 253.6 / EMA_095 1173.4 / value_mean 843.1 / value_std 294.5 / value_min 30.9 / value_max 1249.2 / target_mean 844.9 / target_std 295.3 / target_min 39.6 / target_max 1264.8 / imag_reward_mean 2.1 / imag_reward_std 5.0 / imag_reward_min -0.0 / imag_reward_max 22.3 / imag_action_mean 9.2 / imag_action_std 4.3 / imag_action_min 0.0 / imag_action_max 17.0 / actor_entropy 0.3 / actor_loss 0.3 / actor_grad_norm 8.4 / value_loss 1.2 / value_grad_norm 1.3 / update_count 92140.0 / fps 12.1
add_video needs package moviepy
add_video needs package moviepy
[378784] 
Start evaluation.
[378784] eval_return 4358.0 / eval_length 1427.8 / eval_episodes 5.0
add_video needs package moviepy
Start training.
[378784] model_loss 15.8 / model_grad_norm 26.0 / image_loss 4.9 / reward_loss 0.1 / cont_loss 0.0 / kl_free 1.0 / dyn_scale 0.5 / rep_scale 0.1 / dyn_loss 18.0 / rep_loss 18.0 / kl 18.0 / prior_abs_ent 31.9 / post_abs_ent -26.5 / prior_obs_ent 8.4 / post_obs_ent -8.0 / boundary_ratio 0.0 / kl_mask 0.0 / normed_target_mean 0.6 / normed_target_std 0.3 / normed_target_min -0.2 / normed_target_max 1.1 / EMA_005 248.7 / EMA_095 1174.8 / value_mean 842.3 / value_std 292.6 / value_min 44.2 / value_max 1251.7 / target_mean 844.5 / target_std 293.3 / target_min 52.9 / target_max 1266.4 / imag_reward_mean 2.2 / imag_reward_std 5.1 / imag_reward_min -0.0 / imag_reward_max 35.1 / imag_action_mean 9.4 / imag_action_std 4.3 / imag_action_min 0.0 / imag_action_max 17.0 / actor_entropy 0.3 / actor_loss 0.4 / actor_grad_norm 8.9 / value_loss 1.2 / value_grad_norm 1.4 / update_count 92296.0 / fps 12.0
add_video needs package moviepy
add_video needs package moviepy
[379408] 
Start evaluation.
[379408] eval_return 4178.0 / eval_length 1410.0 / eval_episodes 5.0
add_video needs package moviepy
Start training.
[379408] model_loss 15.8 / model_grad_norm 25.4 / image_loss 4.9 / reward_loss 0.1 / cont_loss 0.0 / kl_free 1.0 / dyn_scale 0.5 / rep_scale 0.1 / dyn_loss 18.0 / rep_loss 18.0 / kl 18.0 / prior_abs_ent 32.2 / post_abs_ent -26.7 / prior_obs_ent 8.2 / post_obs_ent -8.2 / boundary_ratio 0.0 / kl_mask 0.0 / normed_target_mean 0.7 / normed_target_std 0.3 / normed_target_min -0.2 / normed_target_max 1.1 / EMA_005 249.4 / EMA_095 1176.4 / value_mean 850.7 / value_std 293.4 / value_min 39.0 / value_max 1263.6 / target_mean 852.5 / target_std 294.3 / target_min 43.5 / target_max 1274.3 / imag_reward_mean 2.1 / imag_reward_std 5.0 / imag_reward_min -0.0 / imag_reward_max 22.5 / imag_action_mean 9.4 / imag_action_std 4.4 / imag_action_min 0.0 / imag_action_max 17.0 / actor_entropy 0.3 / actor_loss 0.3 / actor_grad_norm 8.5 / value_loss 1.2 / value_grad_norm 1.4 / update_count 92452.0 / fps 11.9
add_video needs package moviepy
add_video needs package moviepy
[379684] dataset_size 94921.0 / train_return 3510.0 / train_length 1194.0 / train_episodes 71.0
[380032] 
Start evaluation.
[380032] eval_return 3834.0 / eval_length 1270.0 / eval_episodes 5.0
add_video needs package moviepy
Start training.
[380032] model_loss 15.8 / model_grad_norm 27.4 / image_loss 4.8 / reward_loss 0.1 / cont_loss 0.0 / kl_free 1.0 / dyn_scale 0.5 / rep_scale 0.1 / dyn_loss 18.0 / rep_loss 18.0 / kl 18.0 / prior_abs_ent 32.0 / post_abs_ent -26.5 / prior_obs_ent 8.9 / post_obs_ent -7.5 / boundary_ratio 0.0 / kl_mask 0.0 / normed_target_mean 0.6 / normed_target_std 0.3 / normed_target_min -0.2 / normed_target_max 1.1 / EMA_005 251.7 / EMA_095 1178.4 / value_mean 851.1 / value_std 294.7 / value_min 37.4 / value_max 1254.8 / target_mean 852.7 / target_std 295.4 / target_min 44.6 / target_max 1270.7 / imag_reward_mean 2.1 / imag_reward_std 5.0 / imag_reward_min -0.0 / imag_reward_max 22.5 / imag_action_mean 9.4 / imag_action_std 4.3 / imag_action_min 0.0 / imag_action_max 17.0 / actor_entropy 0.3 / actor_loss 0.2 / actor_grad_norm 8.5 / value_loss 1.2 / value_grad_norm 1.3 / update_count 92608.0 / fps 12.4
add_video needs package moviepy
add_video needs package moviepy
[380656] 
Start evaluation.
[380656] eval_return 4352.0 / eval_length 1376.4 / eval_episodes 5.0
add_video needs package moviepy
Start training.
[380656] model_loss 15.7 / model_grad_norm 26.3 / image_loss 4.8 / reward_loss 0.1 / cont_loss 0.0 / kl_free 1.0 / dyn_scale 0.5 / rep_scale 0.1 / dyn_loss 18.0 / rep_loss 18.0 / kl 18.0 / prior_abs_ent 32.1 / post_abs_ent -26.3 / prior_obs_ent 8.3 / post_obs_ent -8.0 / boundary_ratio 0.0 / kl_mask 0.0 / normed_target_mean 0.6 / normed_target_std 0.3 / normed_target_min -0.2 / normed_target_max 1.1 / EMA_005 257.3 / EMA_095 1179.2 / value_mean 853.9 / value_std 296.0 / value_min 31.3 / value_max 1256.6 / target_mean 855.6 / target_std 296.7 / target_min 34.0 / target_max 1272.4 / imag_reward_mean 2.2 / imag_reward_std 5.0 / imag_reward_min -0.0 / imag_reward_max 25.2 / imag_action_mean 9.4 / imag_action_std 4.3 / imag_action_min 0.0 / imag_action_max 17.0 / actor_entropy 0.3 / actor_loss 0.2 / actor_grad_norm 8.6 / value_loss 1.2 / value_grad_norm 1.4 / update_count 92764.0 / fps 12.1
add_video needs package moviepy
add_video needs package moviepy
[381280] 
Start evaluation.
[381280] eval_return 4406.0 / eval_length 1312.0 / eval_episodes 5.0
add_video needs package moviepy
Start training.
[381280] model_loss 15.7 / model_grad_norm 25.0 / image_loss 4.8 / reward_loss 0.1 / cont_loss 0.0 / kl_free 1.0 / dyn_scale 0.5 / rep_scale 0.1 / dyn_loss 18.0 / rep_loss 18.0 / kl 18.0 / prior_abs_ent 32.0 / post_abs_ent -26.4 / prior_obs_ent 8.5 / post_obs_ent -7.8 / boundary_ratio 0.0 / kl_mask 0.0 / normed_target_mean 0.6 / normed_target_std 0.3 / normed_target_min -0.2 / normed_target_max 1.1 / EMA_005 258.7 / EMA_095 1180.9 / value_mean 852.4 / value_std 295.8 / value_min 27.6 / value_max 1260.9 / target_mean 854.3 / target_std 296.7 / target_min 32.5 / target_max 1273.5 / imag_reward_mean 2.1 / imag_reward_std 5.0 / imag_reward_min -0.0 / imag_reward_max 36.1 / imag_action_mean 9.4 / imag_action_std 4.3 / imag_action_min 0.0 / imag_action_max 17.0 / actor_entropy 0.3 / actor_loss 0.3 / actor_grad_norm 8.4 / value_loss 1.2 / value_grad_norm 1.4 / update_count 92920.0 / fps 12.3
add_video needs package moviepy
add_video needs package moviepy
[381904] 
Start evaluation.
[381904] eval_return 3980.0 / eval_length 1360.2 / eval_episodes 5.0
add_video needs package moviepy
Start training.
[381904] model_loss 15.9 / model_grad_norm 28.8 / image_loss 4.9 / reward_loss 0.1 / cont_loss 0.0 / kl_free 1.0 / dyn_scale 0.5 / rep_scale 0.1 / dyn_loss 18.1 / rep_loss 18.1 / kl 18.1 / prior_abs_ent 32.3 / post_abs_ent -26.4 / prior_obs_ent 8.5 / post_obs_ent -7.9 / boundary_ratio 0.0 / kl_mask 0.0 / normed_target_mean 0.6 / normed_target_std 0.3 / normed_target_min -0.2 / normed_target_max 1.1 / EMA_005 259.0 / EMA_095 1181.5 / value_mean 851.7 / value_std 295.3 / value_min 27.8 / value_max 1255.8 / target_mean 853.7 / target_std 296.2 / target_min 32.4 / target_max 1269.1 / imag_reward_mean 2.2 / imag_reward_std 5.1 / imag_reward_min -0.0 / imag_reward_max 34.8 / imag_action_mean 9.3 / imag_action_std 4.3 / imag_action_min 0.0 / imag_action_max 17.0 / actor_entropy 0.3 / actor_loss 0.3 / actor_grad_norm 8.7 / value_loss 1.2 / value_grad_norm 1.3 / update_count 93076.0 / fps 12.1
add_video needs package moviepy
add_video needs package moviepy
[382528] 
Start evaluation.
[382528] eval_return 4094.0 / eval_length 1344.0 / eval_episodes 5.0
add_video needs package moviepy
Start training.
[382528] model_loss 15.9 / model_grad_norm 25.1 / image_loss 4.9 / reward_loss 0.1 / cont_loss 0.0 / kl_free 1.0 / dyn_scale 0.5 / rep_scale 0.1 / dyn_loss 18.1 / rep_loss 18.1 / kl 18.1 / prior_abs_ent 32.2 / post_abs_ent -26.5 / prior_obs_ent 9.0 / post_obs_ent -7.5 / boundary_ratio 0.0 / kl_mask 0.0 / normed_target_mean 0.7 / normed_target_std 0.3 / normed_target_min -0.2 / normed_target_max 1.1 / EMA_005 245.5 / EMA_095 1182.2 / value_mean 853.0 / value_std 301.8 / value_min 25.7 / value_max 1252.1 / target_mean 854.9 / target_std 302.6 / target_min 26.2 / target_max 1267.5 / imag_reward_mean 2.2 / imag_reward_std 5.0 / imag_reward_min -0.0 / imag_reward_max 25.4 / imag_action_mean 9.2 / imag_action_std 4.4 / imag_action_min 0.0 / imag_action_max 17.0 / actor_entropy 0.3 / actor_loss 0.3 / actor_grad_norm 8.7 / value_loss 1.2 / value_grad_norm 1.3 / update_count 93232.0 / fps 12.2
add_video needs package moviepy
add_video needs package moviepy
[383152] 
Start evaluation.
[383152] eval_return 4420.0 / eval_length 1430.0 / eval_episodes 5.0
add_video needs package moviepy
Start training.
[383152] model_loss 15.7 / model_grad_norm 28.0 / image_loss 4.8 / reward_loss 0.1 / cont_loss 0.0 / kl_free 1.0 / dyn_scale 0.5 / rep_scale 0.1 / dyn_loss 18.0 / rep_loss 18.0 / kl 18.0 / prior_abs_ent 31.9 / post_abs_ent -26.4 / prior_obs_ent 8.4 / post_obs_ent -8.0 / boundary_ratio 0.0 / kl_mask 0.0 / normed_target_mean 0.7 / normed_target_std 0.3 / normed_target_min -0.2 / normed_target_max 1.1 / EMA_005 251.7 / EMA_095 1183.4 / value_mean 860.2 / value_std 291.5 / value_min 40.7 / value_max 1268.3 / target_mean 862.3 / target_std 292.1 / target_min 45.3 / target_max 1274.8 / imag_reward_mean 2.1 / imag_reward_std 5.0 / imag_reward_min -0.0 / imag_reward_max 22.3 / imag_action_mean 9.2 / imag_action_std 4.3 / imag_action_min 0.0 / imag_action_max 17.0 / actor_entropy 0.4 / actor_loss 0.3 / actor_grad_norm 8.9 / value_loss 1.2 / value_grad_norm 1.4 / update_count 93388.0 / fps 12.0
add_video needs package moviepy
add_video needs package moviepy
[383776] 
Start evaluation.
[383776] eval_return 4256.0 / eval_length 1414.2 / eval_episodes 5.0
add_video needs package moviepy
Start training.
[383776] model_loss 16.1 / model_grad_norm 36.8 / image_loss 5.1 / reward_loss 0.1 / cont_loss 0.0 / kl_free 1.0 / dyn_scale 0.5 / rep_scale 0.1 / dyn_loss 18.3 / rep_loss 18.3 / kl 18.3 / prior_abs_ent 32.5 / post_abs_ent -26.4 / prior_obs_ent 8.7 / post_obs_ent -7.9 / boundary_ratio 0.0 / kl_mask 0.0 / normed_target_mean 0.7 / normed_target_std 0.3 / normed_target_min -0.2 / normed_target_max 1.1 / EMA_005 273.7 / EMA_095 1184.3 / value_mean 866.3 / value_std 289.9 / value_min 39.5 / value_max 1270.2 / target_mean 868.1 / target_std 290.8 / target_min 46.4 / target_max 1279.7 / imag_reward_mean 2.2 / imag_reward_std 5.1 / imag_reward_min -0.0 / imag_reward_max 25.2 / imag_action_mean 9.5 / imag_action_std 4.3 / imag_action_min 0.0 / imag_action_max 17.0 / actor_entropy 0.3 / actor_loss 0.3 / actor_grad_norm 8.6 / value_loss 1.2 / value_grad_norm 1.3 / update_count 93544.0 / fps 12.0
add_video needs package moviepy
add_video needs package moviepy
[384400] 
Start evaluation.
[384400] eval_return 4424.0 / eval_length 1411.0 / eval_episodes 5.0
add_video needs package moviepy
Start training.
[384400] model_loss 17.0 / model_grad_norm 37.6 / image_loss 5.5 / reward_loss 0.1 / cont_loss 0.0 / kl_free 1.0 / dyn_scale 0.5 / rep_scale 0.1 / dyn_loss 19.0 / rep_loss 19.0 / kl 19.0 / prior_abs_ent 32.5 / post_abs_ent -27.1 / prior_obs_ent 11.8 / post_obs_ent -5.4 / boundary_ratio 0.0 / kl_mask 0.0 / normed_target_mean 0.6 / normed_target_std 0.3 / normed_target_min -0.3 / normed_target_max 1.1 / EMA_005 272.9 / EMA_095 1182.9 / value_mean 853.0 / value_std 296.2 / value_min 28.2 / value_max 1250.7 / target_mean 855.2 / target_std 296.8 / target_min 33.4 / target_max 1267.7 / imag_reward_mean 2.2 / imag_reward_std 5.1 / imag_reward_min -0.0 / imag_reward_max 31.6 / imag_action_mean 9.4 / imag_action_std 4.3 / imag_action_min 0.0 / imag_action_max 17.0 / actor_entropy 0.4 / actor_loss 0.3 / actor_grad_norm 9.0 / value_loss 1.2 / value_grad_norm 1.4 / update_count 93700.0 / fps 12.0
add_video needs package moviepy
add_video needs package moviepy
[385024] 
Start evaluation.
[385024] eval_return 4308.0 / eval_length 1392.0 / eval_episodes 5.0
add_video needs package moviepy
Start training.
[385024] model_loss 15.8 / model_grad_norm 23.0 / image_loss 4.9 / reward_loss 0.1 / cont_loss 0.0 / kl_free 1.0 / dyn_scale 0.5 / rep_scale 0.1 / dyn_loss 18.0 / rep_loss 18.0 / kl 18.0 / prior_abs_ent 32.0 / post_abs_ent -26.8 / prior_obs_ent 9.3 / post_obs_ent -7.2 / boundary_ratio 0.0 / kl_mask 0.0 / normed_target_mean 0.7 / normed_target_std 0.3 / normed_target_min -0.2 / normed_target_max 1.1 / EMA_005 265.5 / EMA_095 1186.5 / value_mean 864.1 / value_std 292.2 / value_min 36.7 / value_max 1269.0 / target_mean 866.1 / target_std 292.9 / target_min 36.8 / target_max 1274.8 / imag_reward_mean 2.1 / imag_reward_std 5.0 / imag_reward_min -0.0 / imag_reward_max 25.7 / imag_action_mean 9.4 / imag_action_std 4.4 / imag_action_min 0.0 / imag_action_max 17.0 / actor_entropy 0.4 / actor_loss 0.3 / actor_grad_norm 8.6 / value_loss 1.2 / value_grad_norm 1.3 / update_count 93856.0 / fps 12.1
add_video needs package moviepy
add_video needs package moviepy
[385380] dataset_size 96345.0 / train_return 4080.0 / train_length 1424.0 / train_episodes 72.0
[385648] 
Start evaluation.
[385648] eval_return 4622.0 / eval_length 1411.8 / eval_episodes 5.0
add_video needs package moviepy
Start training.
[385648] model_loss 15.8 / model_grad_norm 22.0 / image_loss 4.8 / reward_loss 0.1 / cont_loss 0.0 / kl_free 1.0 / dyn_scale 0.5 / rep_scale 0.1 / dyn_loss 18.1 / rep_loss 18.1 / kl 18.1 / prior_abs_ent 32.2 / post_abs_ent -26.8 / prior_obs_ent 8.9 / post_obs_ent -7.6 / boundary_ratio 0.0 / kl_mask 0.0 / normed_target_mean 0.6 / normed_target_std 0.3 / normed_target_min -0.2 / normed_target_max 1.1 / EMA_005 270.5 / EMA_095 1185.5 / value_mean 858.4 / value_std 295.6 / value_min 37.7 / value_max 1262.0 / target_mean 860.3 / target_std 296.3 / target_min 42.6 / target_max 1269.1 / imag_reward_mean 2.2 / imag_reward_std 5.0 / imag_reward_min -0.0 / imag_reward_max 21.9 / imag_action_mean 9.4 / imag_action_std 4.4 / imag_action_min 0.0 / imag_action_max 17.0 / actor_entropy 0.4 / actor_loss 0.3 / actor_grad_norm 8.2 / value_loss 1.2 / value_grad_norm 1.3 / update_count 94012.0 / fps 12.0
add_video needs package moviepy
add_video needs package moviepy
[386272] 
Start evaluation.
[386272] eval_return 3828.0 / eval_length 1269.6 / eval_episodes 5.0
add_video needs package moviepy
Start training.
[386272] model_loss 15.5 / model_grad_norm 23.8 / image_loss 4.7 / reward_loss 0.1 / cont_loss 0.0 / kl_free 1.0 / dyn_scale 0.5 / rep_scale 0.1 / dyn_loss 17.9 / rep_loss 17.9 / kl 17.9 / prior_abs_ent 32.4 / post_abs_ent -26.7 / prior_obs_ent 8.3 / post_obs_ent -8.0 / boundary_ratio 0.0 / kl_mask 0.0 / normed_target_mean 0.7 / normed_target_std 0.3 / normed_target_min -0.2 / normed_target_max 1.1 / EMA_005 250.2 / EMA_095 1184.1 / value_mean 858.0 / value_std 300.0 / value_min 39.3 / value_max 1270.4 / target_mean 859.8 / target_std 300.8 / target_min 38.1 / target_max 1278.4 / imag_reward_mean 2.1 / imag_reward_std 5.0 / imag_reward_min -0.0 / imag_reward_max 28.2 / imag_action_mean 9.3 / imag_action_std 4.4 / imag_action_min 0.0 / imag_action_max 17.0 / actor_entropy 0.4 / actor_loss 0.4 / actor_grad_norm 8.5 / value_loss 1.2 / value_grad_norm 1.4 / update_count 94168.0 / fps 12.4
add_video needs package moviepy
add_video needs package moviepy
[386896] 
Start evaluation.
[386896] eval_return 4200.0 / eval_length 1371.2 / eval_episodes 5.0
add_video needs package moviepy
Start training.
[386896] model_loss 15.7 / model_grad_norm 23.6 / image_loss 4.7 / reward_loss 0.1 / cont_loss 0.0 / kl_free 1.0 / dyn_scale 0.5 / rep_scale 0.1 / dyn_loss 18.1 / rep_loss 18.1 / kl 18.1 / prior_abs_ent 32.4 / post_abs_ent -26.9 / prior_obs_ent 8.2 / post_obs_ent -8.3 / boundary_ratio 0.0 / kl_mask 0.0 / normed_target_mean 0.7 / normed_target_std 0.3 / normed_target_min -0.2 / normed_target_max 1.1 / EMA_005 269.6 / EMA_095 1186.3 / value_mean 879.3 / value_std 291.0 / value_min 43.1 / value_max 1270.3 / target_mean 881.5 / target_std 291.5 / target_min 48.3 / target_max 1280.0 / imag_reward_mean 2.2 / imag_reward_std 5.1 / imag_reward_min -0.0 / imag_reward_max 31.0 / imag_action_mean 9.3 / imag_action_std 4.4 / imag_action_min 0.0 / imag_action_max 17.0 / actor_entropy 0.4 / actor_loss 0.4 / actor_grad_norm 8.5 / value_loss 1.2 / value_grad_norm 1.3 / update_count 94324.0 / fps 12.0
add_video needs package moviepy
add_video needs package moviepy
[387520] 
Start evaluation.
[387520] eval_return 4432.0 / eval_length 1463.8 / eval_episodes 5.0
add_video needs package moviepy
Start training.
[387520] model_loss 15.6 / model_grad_norm 25.0 / image_loss 4.7 / reward_loss 0.1 / cont_loss 0.0 / kl_free 1.0 / dyn_scale 0.5 / rep_scale 0.1 / dyn_loss 17.9 / rep_loss 17.9 / kl 17.9 / prior_abs_ent 32.2 / post_abs_ent -26.6 / prior_obs_ent 8.4 / post_obs_ent -7.9 / boundary_ratio 0.0 / kl_mask 0.0 / normed_target_mean 0.6 / normed_target_std 0.3 / normed_target_min -0.2 / normed_target_max 1.1 / EMA_005 262.4 / EMA_095 1190.8 / value_mean 863.7 / value_std 303.5 / value_min 32.7 / value_max 1275.3 / target_mean 865.7 / target_std 304.2 / target_min 35.0 / target_max 1283.3 / imag_reward_mean 2.2 / imag_reward_std 5.1 / imag_reward_min -0.0 / imag_reward_max 32.0 / imag_action_mean 9.2 / imag_action_std 4.4 / imag_action_min 0.0 / imag_action_max 17.0 / actor_entropy 0.4 / actor_loss 0.4 / actor_grad_norm 8.3 / value_loss 1.2 / value_grad_norm 1.4 / update_count 94480.0 / fps 11.9
add_video needs package moviepy
add_video needs package moviepy
[388144] 
Start evaluation.
[388144] eval_return 3986.0 / eval_length 1401.2 / eval_episodes 5.0
add_video needs package moviepy
Start training.
[388144] model_loss 15.7 / model_grad_norm 25.1 / image_loss 4.8 / reward_loss 0.1 / cont_loss 0.0 / kl_free 1.0 / dyn_scale 0.5 / rep_scale 0.1 / dyn_loss 18.1 / rep_loss 18.1 / kl 18.1 / prior_abs_ent 32.1 / post_abs_ent -26.8 / prior_obs_ent 8.0 / post_obs_ent -8.5 / boundary_ratio 0.0 / kl_mask 0.0 / normed_target_mean 0.7 / normed_target_std 0.3 / normed_target_min -0.2 / normed_target_max 1.1 / EMA_005 265.4 / EMA_095 1193.3 / value_mean 876.6 / value_std 295.0 / value_min 45.4 / value_max 1278.9 / target_mean 878.6 / target_std 295.6 / target_min 56.7 / target_max 1282.8 / imag_reward_mean 2.2 / imag_reward_std 5.1 / imag_reward_min -0.0 / imag_reward_max 21.7 / imag_action_mean 9.3 / imag_action_std 4.4 / imag_action_min 0.0 / imag_action_max 17.0 / actor_entropy 0.4 / actor_loss 0.4 / actor_grad_norm 8.6 / value_loss 1.2 / value_grad_norm 1.3 / update_count 94636.0 / fps 12.0
add_video needs package moviepy
add_video needs package moviepy
[388768] 
Start evaluation.
[388768] eval_return 4290.0 / eval_length 1418.8 / eval_episodes 5.0
add_video needs package moviepy
Start training.
[388768] model_loss 15.7 / model_grad_norm 26.1 / image_loss 4.8 / reward_loss 0.1 / cont_loss 0.0 / kl_free 1.0 / dyn_scale 0.5 / rep_scale 0.1 / dyn_loss 18.0 / rep_loss 18.0 / kl 18.0 / prior_abs_ent 32.4 / post_abs_ent -26.8 / prior_obs_ent 8.1 / post_obs_ent -8.3 / boundary_ratio 0.0 / kl_mask 0.0 / normed_target_mean 0.7 / normed_target_std 0.3 / normed_target_min -0.2 / normed_target_max 1.1 / EMA_005 256.6 / EMA_095 1193.1 / value_mean 868.1 / value_std 301.2 / value_min 33.1 / value_max 1273.5 / target_mean 870.1 / target_std 301.9 / target_min 39.0 / target_max 1283.9 / imag_reward_mean 2.2 / imag_reward_std 5.0 / imag_reward_min -0.0 / imag_reward_max 22.1 / imag_action_mean 9.3 / imag_action_std 4.4 / imag_action_min 0.0 / imag_action_max 17.0 / actor_entropy 0.3 / actor_loss 0.3 / actor_grad_norm 8.3 / value_loss 1.2 / value_grad_norm 1.4 / update_count 94792.0 / fps 11.9
add_video needs package moviepy
add_video needs package moviepy
[389392] 
Start evaluation.
[389392] eval_return 4332.0 / eval_length 1390.0 / eval_episodes 5.0
add_video needs package moviepy
Start training.
[389392] model_loss 15.9 / model_grad_norm 29.0 / image_loss 4.9 / reward_loss 0.1 / cont_loss 0.0 / kl_free 1.0 / dyn_scale 0.5 / rep_scale 0.1 / dyn_loss 18.1 / rep_loss 18.1 / kl 18.1 / prior_abs_ent 32.1 / post_abs_ent -26.5 / prior_obs_ent 8.6 / post_obs_ent -7.8 / boundary_ratio 0.0 / kl_mask 0.0 / normed_target_mean 0.7 / normed_target_std 0.3 / normed_target_min -0.2 / normed_target_max 1.1 / EMA_005 252.3 / EMA_095 1194.6 / value_mean 865.7 / value_std 304.6 / value_min 26.7 / value_max 1288.0 / target_mean 867.3 / target_std 305.4 / target_min 34.9 / target_max 1292.1 / imag_reward_mean 2.2 / imag_reward_std 5.1 / imag_reward_min -0.0 / imag_reward_max 27.8 / imag_action_mean 9.3 / imag_action_std 4.4 / imag_action_min 0.0 / imag_action_max 17.0 / actor_entropy 0.4 / actor_loss 0.2 / actor_grad_norm 8.8 / value_loss 1.2 / value_grad_norm 1.4 / update_count 94948.0 / fps 12.0
add_video needs package moviepy
add_video needs package moviepy
[390016] 
Start evaluation.
[390016] eval_return 4248.0 / eval_length 1414.8 / eval_episodes 5.0
add_video needs package moviepy
Start training.
[390016] model_loss 15.7 / model_grad_norm 26.7 / image_loss 4.8 / reward_loss 0.1 / cont_loss 0.0 / kl_free 1.0 / dyn_scale 0.5 / rep_scale 0.1 / dyn_loss 18.1 / rep_loss 18.1 / kl 18.1 / prior_abs_ent 32.4 / post_abs_ent -26.6 / prior_obs_ent 8.6 / post_obs_ent -7.8 / boundary_ratio 0.0 / kl_mask 0.0 / normed_target_mean 0.7 / normed_target_std 0.3 / normed_target_min -0.2 / normed_target_max 1.1 / EMA_005 265.2 / EMA_095 1195.0 / value_mean 882.6 / value_std 294.3 / value_min 37.0 / value_max 1275.0 / target_mean 883.9 / target_std 295.4 / target_min 42.2 / target_max 1281.9 / imag_reward_mean 2.2 / imag_reward_std 5.1 / imag_reward_min -0.0 / imag_reward_max 25.0 / imag_action_mean 9.2 / imag_action_std 4.4 / imag_action_min 0.0 / imag_action_max 17.0 / actor_entropy 0.4 / actor_loss 0.1 / actor_grad_norm 8.7 / value_loss 1.2 / value_grad_norm 1.3 / update_count 95104.0 / fps 12.1
add_video needs package moviepy
add_video needs package moviepy
[390640] 
Start evaluation.
[390640] eval_return 3756.0 / eval_length 1398.6 / eval_episodes 5.0
add_video needs package moviepy
Start training.
[390640] model_loss 15.6 / model_grad_norm 25.9 / image_loss 4.7 / reward_loss 0.1 / cont_loss 0.0 / kl_free 1.0 / dyn_scale 0.5 / rep_scale 0.1 / dyn_loss 17.9 / rep_loss 17.9 / kl 17.9 / prior_abs_ent 31.8 / post_abs_ent -26.3 / prior_obs_ent 8.5 / post_obs_ent -7.7 / boundary_ratio 0.0 / kl_mask 0.0 / normed_target_mean 0.6 / normed_target_std 0.3 / normed_target_min -0.2 / normed_target_max 1.1 / EMA_005 256.7 / EMA_095 1192.8 / value_mean 862.2 / value_std 299.0 / value_min 33.5 / value_max 1282.0 / target_mean 863.9 / target_std 300.1 / target_min 36.7 / target_max 1284.7 / imag_reward_mean 2.2 / imag_reward_std 5.0 / imag_reward_min -0.0 / imag_reward_max 25.3 / imag_action_mean 9.2 / imag_action_std 4.4 / imag_action_min 0.0 / imag_action_max 17.0 / actor_entropy 0.4 / actor_loss 0.2 / actor_grad_norm 8.8 / value_loss 1.2 / value_grad_norm 1.4 / update_count 95260.0 / fps 12.1
add_video needs package moviepy
add_video needs package moviepy
[391040] dataset_size 97760.0 / train_return 4890.0 / train_length 1415.0 / train_episodes 73.0
[391264] 
Start evaluation.
[391264] eval_return 4588.0 / eval_length 1469.8 / eval_episodes 5.0
add_video needs package moviepy
Start training.
[391264] model_loss 15.8 / model_grad_norm 25.2 / image_loss 4.8 / reward_loss 0.1 / cont_loss 0.0 / kl_free 1.0 / dyn_scale 0.5 / rep_scale 0.1 / dyn_loss 18.1 / rep_loss 18.1 / kl 18.1 / prior_abs_ent 32.3 / post_abs_ent -26.7 / prior_obs_ent 8.4 / post_obs_ent -8.1 / boundary_ratio 0.0 / kl_mask 0.0 / normed_target_mean 0.7 / normed_target_std 0.3 / normed_target_min -0.3 / normed_target_max 1.1 / EMA_005 259.5 / EMA_095 1193.6 / value_mean 875.5 / value_std 300.7 / value_min 24.5 / value_max 1283.4 / target_mean 877.4 / target_std 301.4 / target_min 25.5 / target_max 1287.3 / imag_reward_mean 2.2 / imag_reward_std 5.1 / imag_reward_min -0.0 / imag_reward_max 21.9 / imag_action_mean 9.3 / imag_action_std 4.3 / imag_action_min 0.0 / imag_action_max 17.0 / actor_entropy 0.3 / actor_loss 0.3 / actor_grad_norm 8.8 / value_loss 1.2 / value_grad_norm 1.3 / update_count 95416.0 / fps 11.8
add_video needs package moviepy
add_video needs package moviepy
[391888] 
Start evaluation.
[391888] eval_return 3572.0 / eval_length 1236.6 / eval_episodes 5.0
add_video needs package moviepy
Start training.
[391888] model_loss 15.8 / model_grad_norm 26.4 / image_loss 4.8 / reward_loss 0.1 / cont_loss 0.0 / kl_free 1.0 / dyn_scale 0.5 / rep_scale 0.1 / dyn_loss 18.1 / rep_loss 18.1 / kl 18.1 / prior_abs_ent 32.0 / post_abs_ent -26.6 / prior_obs_ent 8.3 / post_obs_ent -8.1 / boundary_ratio 0.0 / kl_mask 0.0 / normed_target_mean 0.7 / normed_target_std 0.3 / normed_target_min -0.2 / normed_target_max 1.1 / EMA_005 242.7 / EMA_095 1196.2 / value_mean 869.8 / value_std 309.9 / value_min 26.1 / value_max 1285.3 / target_mean 871.6 / target_std 310.8 / target_min 29.9 / target_max 1290.6 / imag_reward_mean 2.2 / imag_reward_std 5.1 / imag_reward_min -0.0 / imag_reward_max 31.7 / imag_action_mean 9.4 / imag_action_std 4.3 / imag_action_min 0.0 / imag_action_max 17.0 / actor_entropy 0.3 / actor_loss 0.2 / actor_grad_norm 8.2 / value_loss 1.2 / value_grad_norm 1.3 / update_count 95572.0 / fps 12.5
add_video needs package moviepy
add_video needs package moviepy
[392512] 
Start evaluation.
[392512] eval_return 4408.0 / eval_length 1462.2 / eval_episodes 5.0
add_video needs package moviepy
Start training.
[392512] model_loss 15.8 / model_grad_norm 25.3 / image_loss 4.8 / reward_loss 0.1 / cont_loss 0.0 / kl_free 1.0 / dyn_scale 0.5 / rep_scale 0.1 / dyn_loss 18.1 / rep_loss 18.1 / kl 18.1 / prior_abs_ent 31.9 / post_abs_ent -26.5 / prior_obs_ent 8.2 / post_obs_ent -8.3 / boundary_ratio 0.0 / kl_mask 0.0 / normed_target_mean 0.7 / normed_target_std 0.3 / normed_target_min -0.2 / normed_target_max 1.1 / EMA_005 241.0 / EMA_095 1199.1 / value_mean 871.6 / value_std 304.3 / value_min 30.3 / value_max 1289.8 / target_mean 873.0 / target_std 305.4 / target_min 35.5 / target_max 1295.0 / imag_reward_mean 2.2 / imag_reward_std 5.1 / imag_reward_min -0.0 / imag_reward_max 27.5 / imag_action_mean 9.3 / imag_action_std 4.3 / imag_action_min 0.0 / imag_action_max 17.0 / actor_entropy 0.3 / actor_loss 0.1 / actor_grad_norm 8.7 / value_loss 1.2 / value_grad_norm 1.4 / update_count 95728.0 / fps 11.9
add_video needs package moviepy
add_video needs package moviepy
[393136] 
Start evaluation.
[393136] eval_return 4098.0 / eval_length 1341.8 / eval_episodes 5.0
add_video needs package moviepy
Start training.
[393136] model_loss 15.8 / model_grad_norm 26.5 / image_loss 4.8 / reward_loss 0.1 / cont_loss 0.0 / kl_free 1.0 / dyn_scale 0.5 / rep_scale 0.1 / dyn_loss 18.1 / rep_loss 18.1 / kl 18.1 / prior_abs_ent 31.9 / post_abs_ent -26.5 / prior_obs_ent 8.2 / post_obs_ent -8.3 / boundary_ratio 0.0 / kl_mask 0.0 / normed_target_mean 0.7 / normed_target_std 0.3 / normed_target_min -0.2 / normed_target_max 1.1 / EMA_005 243.2 / EMA_095 1200.1 / value_mean 877.2 / value_std 303.2 / value_min 28.2 / value_max 1302.7 / target_mean 878.9 / target_std 304.3 / target_min 33.0 / target_max 1302.5 / imag_reward_mean 2.2 / imag_reward_std 5.1 / imag_reward_min -0.0 / imag_reward_max 25.4 / imag_action_mean 9.4 / imag_action_std 4.4 / imag_action_min 0.0 / imag_action_max 17.0 / actor_entropy 0.3 / actor_loss 0.2 / actor_grad_norm 9.1 / value_loss 1.2 / value_grad_norm 1.5 / update_count 95884.0 / fps 12.1
add_video needs package moviepy
add_video needs package moviepy
[393760] 
Start evaluation.
[393760] eval_return 4422.0 / eval_length 1395.2 / eval_episodes 5.0
add_video needs package moviepy
Start training.
[393760] model_loss 15.8 / model_grad_norm 26.4 / image_loss 4.8 / reward_loss 0.1 / cont_loss 0.0 / kl_free 1.0 / dyn_scale 0.5 / rep_scale 0.1 / dyn_loss 18.1 / rep_loss 18.1 / kl 18.1 / prior_abs_ent 31.9 / post_abs_ent -26.6 / prior_obs_ent 8.2 / post_obs_ent -8.3 / boundary_ratio 0.0 / kl_mask 0.0 / normed_target_mean 0.7 / normed_target_std 0.3 / normed_target_min -0.2 / normed_target_max 1.1 / EMA_005 257.7 / EMA_095 1200.1 / value_mean 879.0 / value_std 302.8 / value_min 36.4 / value_max 1302.5 / target_mean 880.8 / target_std 303.5 / target_min 40.4 / target_max 1303.5 / imag_reward_mean 2.2 / imag_reward_std 5.1 / imag_reward_min -0.0 / imag_reward_max 34.5 / imag_action_mean 9.3 / imag_action_std 4.5 / imag_action_min 0.0 / imag_action_max 17.0 / actor_entropy 0.3 / actor_loss 0.2 / actor_grad_norm 8.6 / value_loss 1.2 / value_grad_norm 1.4 / update_count 96040.0 / fps 12.0
add_video needs package moviepy
add_video needs package moviepy
[394384] 
Start evaluation.
[394384] eval_return 4020.0 / eval_length 1352.8 / eval_episodes 5.0
add_video needs package moviepy
Start training.
[394384] model_loss 15.8 / model_grad_norm 25.4 / image_loss 4.8 / reward_loss 0.1 / cont_loss 0.0 / kl_free 1.0 / dyn_scale 0.5 / rep_scale 0.1 / dyn_loss 18.1 / rep_loss 18.1 / kl 18.1 / prior_abs_ent 32.0 / post_abs_ent -26.3 / prior_obs_ent 8.0 / post_obs_ent -8.5 / boundary_ratio 0.0 / kl_mask 0.0 / normed_target_mean 0.7 / normed_target_std 0.3 / normed_target_min -0.2 / normed_target_max 1.1 / EMA_005 253.6 / EMA_095 1200.0 / value_mean 875.9 / value_std 302.2 / value_min 33.4 / value_max 1290.5 / target_mean 877.5 / target_std 302.9 / target_min 35.7 / target_max 1291.9 / imag_reward_mean 2.1 / imag_reward_std 5.0 / imag_reward_min -0.0 / imag_reward_max 22.2 / imag_action_mean 9.3 / imag_action_std 4.5 / imag_action_min 0.0 / imag_action_max 17.0 / actor_entropy 0.3 / actor_loss 0.2 / actor_grad_norm 8.6 / value_loss 1.2 / value_grad_norm 1.3 / update_count 96196.0 / fps 12.2
add_video needs package moviepy
add_video needs package moviepy
[395008] 
Start evaluation.
[395008] eval_return 4082.0 / eval_length 1303.8 / eval_episodes 5.0
add_video needs package moviepy
Start training.
[395008] model_loss 15.8 / model_grad_norm 25.7 / image_loss 4.8 / reward_loss 0.1 / cont_loss 0.0 / kl_free 1.0 / dyn_scale 0.5 / rep_scale 0.1 / dyn_loss 18.2 / rep_loss 18.2 / kl 18.2 / prior_abs_ent 31.9 / post_abs_ent -26.5 / prior_obs_ent 8.3 / post_obs_ent -8.2 / boundary_ratio 0.0 / kl_mask 0.0 / normed_target_mean 0.7 / normed_target_std 0.3 / normed_target_min -0.2 / normed_target_max 1.1 / EMA_005 261.1 / EMA_095 1199.2 / value_mean 882.4 / value_std 302.9 / value_min 35.0 / value_max 1294.1 / target_mean 884.0 / target_std 303.6 / target_min 38.6 / target_max 1294.7 / imag_reward_mean 2.2 / imag_reward_std 5.1 / imag_reward_min -0.0 / imag_reward_max 31.4 / imag_action_mean 9.4 / imag_action_std 4.5 / imag_action_min 0.0 / imag_action_max 17.0 / actor_entropy 0.3 / actor_loss 0.1 / actor_grad_norm 8.5 / value_loss 1.2 / value_grad_norm 1.3 / update_count 96352.0 / fps 12.2
add_video needs package moviepy
add_video needs package moviepy
[395632] 
Start evaluation.
[395632] eval_return 4160.0 / eval_length 1355.6 / eval_episodes 5.0
add_video needs package moviepy
Start training.
[395632] model_loss 15.8 / model_grad_norm 25.1 / image_loss 4.8 / reward_loss 0.1 / cont_loss 0.0 / kl_free 1.0 / dyn_scale 0.5 / rep_scale 0.1 / dyn_loss 18.1 / rep_loss 18.1 / kl 18.1 / prior_abs_ent 32.0 / post_abs_ent -26.4 / prior_obs_ent 8.3 / post_obs_ent -8.2 / boundary_ratio 0.0 / kl_mask 0.0 / normed_target_mean 0.7 / normed_target_std 0.3 / normed_target_min -0.2 / normed_target_max 1.1 / EMA_005 252.8 / EMA_095 1200.6 / value_mean 872.8 / value_std 306.4 / value_min 36.7 / value_max 1294.7 / target_mean 874.5 / target_std 307.1 / target_min 40.6 / target_max 1295.2 / imag_reward_mean 2.2 / imag_reward_std 5.1 / imag_reward_min -0.0 / imag_reward_max 31.5 / imag_action_mean 9.4 / imag_action_std 4.4 / imag_action_min 0.0 / imag_action_max 17.0 / actor_entropy 0.3 / actor_loss 0.2 / actor_grad_norm 8.4 / value_loss 1.2 / value_grad_norm 1.4 / update_count 96508.0 / fps 12.0
add_video needs package moviepy
add_video needs package moviepy
[396256] 
Start evaluation.
[396256] eval_return 4424.0 / eval_length 1459.0 / eval_episodes 5.0
add_video needs package moviepy
Start training.
[396256] model_loss 15.8 / model_grad_norm 26.3 / image_loss 4.8 / reward_loss 0.1 / cont_loss 0.0 / kl_free 1.0 / dyn_scale 0.5 / rep_scale 0.1 / dyn_loss 18.2 / rep_loss 18.2 / kl 18.2 / prior_abs_ent 32.0 / post_abs_ent -26.4 / prior_obs_ent 8.5 / post_obs_ent -8.0 / boundary_ratio 0.0 / kl_mask 0.0 / normed_target_mean 0.7 / normed_target_std 0.3 / normed_target_min -0.2 / normed_target_max 1.1 / EMA_005 257.0 / EMA_095 1200.9 / value_mean 886.2 / value_std 296.8 / value_min 35.4 / value_max 1294.6 / target_mean 887.9 / target_std 297.5 / target_min 38.3 / target_max 1295.7 / imag_reward_mean 2.2 / imag_reward_std 5.1 / imag_reward_min -0.0 / imag_reward_max 25.3 / imag_action_mean 9.4 / imag_action_std 4.4 / imag_action_min 0.0 / imag_action_max 17.0 / actor_entropy 0.3 / actor_loss 0.2 / actor_grad_norm 8.4 / value_loss 1.2 / value_grad_norm 1.4 / update_count 96664.0 / fps 11.8
add_video needs package moviepy
add_video needs package moviepy
[396864] dataset_size 99216.0 / train_return 4180.0 / train_length 1456.0 / train_episodes 74.0
[396880] 
Start evaluation.
[396880] eval_return 4594.0 / eval_length 1434.0 / eval_episodes 5.0
add_video needs package moviepy
Start training.
[396880] model_loss 15.9 / model_grad_norm 29.8 / image_loss 4.8 / reward_loss 0.1 / cont_loss 0.0 / kl_free 1.0 / dyn_scale 0.5 / rep_scale 0.1 / dyn_loss 18.2 / rep_loss 18.2 / kl 18.2 / prior_abs_ent 32.1 / post_abs_ent -26.5 / prior_obs_ent 8.4 / post_obs_ent -8.2 / boundary_ratio 0.0 / kl_mask 0.0 / normed_target_mean 0.7 / normed_target_std 0.3 / normed_target_min -0.2 / normed_target_max 1.1 / EMA_005 266.5 / EMA_095 1202.7 / value_mean 883.4 / value_std 303.7 / value_min 37.9 / value_max 1299.1 / target_mean 885.0 / target_std 304.3 / target_min 42.0 / target_max 1296.6 / imag_reward_mean 2.2 / imag_reward_std 5.1 / imag_reward_min -0.0 / imag_reward_max 27.9 / imag_action_mean 9.5 / imag_action_std 4.4 / imag_action_min 0.0 / imag_action_max 17.0 / actor_entropy 0.3 / actor_loss 0.1 / actor_grad_norm 8.3 / value_loss 1.2 / value_grad_norm 1.4 / update_count 96820.0 / fps 11.8
add_video needs package moviepy
add_video needs package moviepy
[397504] 
Start evaluation.
[397504] eval_return 4558.0 / eval_length 1473.2 / eval_episodes 5.0
add_video needs package moviepy
Start training.
[397504] model_loss 15.9 / model_grad_norm 27.3 / image_loss 4.8 / reward_loss 0.1 / cont_loss 0.0 / kl_free 1.0 / dyn_scale 0.5 / rep_scale 0.1 / dyn_loss 18.3 / rep_loss 18.3 / kl 18.3 / prior_abs_ent 32.2 / post_abs_ent -26.6 / prior_obs_ent 8.3 / post_obs_ent -8.3 / boundary_ratio 0.0 / kl_mask 0.0 / normed_target_mean 0.7 / normed_target_std 0.3 / normed_target_min -0.2 / normed_target_max 1.1 / EMA_005 260.3 / EMA_095 1201.5 / value_mean 887.6 / value_std 300.8 / value_min 38.3 / value_max 1290.1 / target_mean 889.4 / target_std 301.4 / target_min 44.9 / target_max 1293.8 / imag_reward_mean 2.2 / imag_reward_std 5.1 / imag_reward_min -0.0 / imag_reward_max 30.9 / imag_action_mean 9.4 / imag_action_std 4.3 / imag_action_min 0.0 / imag_action_max 17.0 / actor_entropy 0.3 / actor_loss 0.3 / actor_grad_norm 8.7 / value_loss 1.2 / value_grad_norm 1.3 / update_count 96976.0 / fps 11.8
add_video needs package moviepy
add_video needs package moviepy
[398128] 
Start evaluation.
[398128] eval_return 4250.0 / eval_length 1391.8 / eval_episodes 5.0
add_video needs package moviepy
Start training.
[398128] model_loss 15.7 / model_grad_norm 24.1 / image_loss 4.8 / reward_loss 0.1 / cont_loss 0.0 / kl_free 1.0 / dyn_scale 0.5 / rep_scale 0.1 / dyn_loss 18.1 / rep_loss 18.1 / kl 18.1 / prior_abs_ent 31.9 / post_abs_ent -26.5 / prior_obs_ent 8.5 / post_obs_ent -7.9 / boundary_ratio 0.0 / kl_mask 0.0 / normed_target_mean 0.7 / normed_target_std 0.3 / normed_target_min -0.2 / normed_target_max 1.1 / EMA_005 246.6 / EMA_095 1202.9 / value_mean 872.9 / value_std 310.5 / value_min 22.0 / value_max 1302.6 / target_mean 874.6 / target_std 311.4 / target_min 25.6 / target_max 1299.6 / imag_reward_mean 2.2 / imag_reward_std 5.1 / imag_reward_min -0.0 / imag_reward_max 31.5 / imag_action_mean 9.3 / imag_action_std 4.3 / imag_action_min 0.0 / imag_action_max 17.0 / actor_entropy 0.4 / actor_loss 0.2 / actor_grad_norm 8.6 / value_loss 1.2 / value_grad_norm 1.4 / update_count 97132.0 / fps 11.9
add_video needs package moviepy
add_video needs package moviepy
[398752] 
Start evaluation.
[398752] eval_return 4426.0 / eval_length 1410.4 / eval_episodes 5.0
add_video needs package moviepy
Start training.
[398752] model_loss 16.6 / model_grad_norm 36.1 / image_loss 5.1 / reward_loss 0.1 / cont_loss 0.0 / kl_free 1.0 / dyn_scale 0.5 / rep_scale 0.1 / dyn_loss 18.9 / rep_loss 18.9 / kl 18.9 / prior_abs_ent 32.4 / post_abs_ent -26.8 / prior_obs_ent 11.5 / post_obs_ent -5.7 / boundary_ratio 0.0 / kl_mask 0.0 / normed_target_mean 0.7 / normed_target_std 0.3 / normed_target_min -0.2 / normed_target_max 1.1 / EMA_005 244.9 / EMA_095 1202.0 / value_mean 883.6 / value_std 300.6 / value_min 31.1 / value_max 1297.6 / target_mean 884.9 / target_std 301.3 / target_min 33.8 / target_max 1294.9 / imag_reward_mean 2.2 / imag_reward_std 5.1 / imag_reward_min -0.0 / imag_reward_max 28.2 / imag_action_mean 9.2 / imag_action_std 4.4 / imag_action_min 0.0 / imag_action_max 17.0 / actor_entropy 0.3 / actor_loss 0.1 / actor_grad_norm 8.7 / value_loss 1.2 / value_grad_norm 1.3 / update_count 97288.0 / fps 11.8
add_video needs package moviepy
add_video needs package moviepy
[399376] 
Start evaluation.
[399376] eval_return 4310.0 / eval_length 1383.6 / eval_episodes 5.0
add_video needs package moviepy
Start training.
[399376] model_loss 15.8 / model_grad_norm 25.2 / image_loss 4.8 / reward_loss 0.1 / cont_loss 0.0 / kl_free 1.0 / dyn_scale 0.5 / rep_scale 0.1 / dyn_loss 18.1 / rep_loss 18.1 / kl 18.1 / prior_abs_ent 31.7 / post_abs_ent -26.7 / prior_obs_ent 9.6 / post_obs_ent -6.9 / boundary_ratio 0.0 / kl_mask 0.0 / normed_target_mean 0.7 / normed_target_std 0.3 / normed_target_min -0.2 / normed_target_max 1.1 / EMA_005 256.6 / EMA_095 1204.0 / value_mean 885.9 / value_std 302.6 / value_min 48.0 / value_max 1302.5 / target_mean 888.1 / target_std 303.1 / target_min 53.7 / target_max 1301.6 / imag_reward_mean 2.2 / imag_reward_std 5.1 / imag_reward_min -0.0 / imag_reward_max 31.7 / imag_action_mean 9.3 / imag_action_std 4.3 / imag_action_min 0.0 / imag_action_max 17.0 / actor_entropy 0.4 / actor_loss 0.4 / actor_grad_norm 8.5 / value_loss 1.2 / value_grad_norm 1.3 / update_count 97444.0 / fps 11.9
add_video needs package moviepy
add_video needs package moviepy
[400000] 
Start evaluation.
[400000] eval_return 4640.0 / eval_length 1415.0 / eval_episodes 5.0
add_video needs package moviepy
Start training.
[400000] model_loss 15.6 / model_grad_norm 24.0 / image_loss 4.7 / reward_loss 0.1 / cont_loss 0.0 / kl_free 1.0 / dyn_scale 0.5 / rep_scale 0.1 / dyn_loss 18.0 / rep_loss 18.0 / kl 18.0 / prior_abs_ent 32.1 / post_abs_ent -26.9 / prior_obs_ent 8.5 / post_obs_ent -7.9 / boundary_ratio 0.0 / kl_mask 0.0 / normed_target_mean 0.7 / normed_target_std 0.3 / normed_target_min -0.2 / normed_target_max 1.1 / EMA_005 256.9 / EMA_095 1207.0 / value_mean 888.0 / value_std 302.7 / value_min 36.5 / value_max 1307.1 / target_mean 889.9 / target_std 303.2 / target_min 43.3 / target_max 1304.8 / imag_reward_mean 2.2 / imag_reward_std 5.1 / imag_reward_min -0.0 / imag_reward_max 28.3 / imag_action_mean 9.1 / imag_action_std 4.4 / imag_action_min 0.0 / imag_action_max 17.0 / actor_entropy 0.3 / actor_loss 0.2 / actor_grad_norm 8.4 / value_loss 1.2 / value_grad_norm 1.4 / update_count 97600.0 / fps 11.8
add_video needs package moviepy
add_video needs package moviepy
