task,logdir,ckpt,episode,window_start,window_end,boundary_rate,read_prob_mean,abs_l2_mean,obs_l2_mean,abs_stoch_l2_mean,obs_stoch_l2_mean,abs_l2_read_mean,obs_l2_read_mean,abs_stoch_l2_read_mean,obs_stoch_l2_read_mean
atari_krull,/home/haselab/projects/stable-deep-world-model/logs/models/from_scratch_atari_krull_vta_3seed_to_400000_20260208_112207/atari_krull_seed0,/home/haselab/projects/stable-deep-world-model/logs/models/from_scratch_atari_krull_vta_3seed_to_400000_20260208_112207/atari_krull_seed0/checkpoints/step-000087500.pt,/home/haselab/projects/stable-deep-world-model/logs/models/from_scratch_atari_krull_vta_3seed_to_400000_20260208_112207/atari_krull_seed0/eval_eps/20260208T180330-44487f1ea8c44b5eaf22e05d1a89f711-1974.npz,0,20,0.0,1.809478996489272e-21,0.028372451663017273,0.38300490379333496,0.0,2.7871649265289307,nan,nan,nan,nan
atari_krull,/home/haselab/projects/stable-deep-world-model/logs/models/from_scratch_atari_krull_vta_3seed_to_400000_20260208_112207/atari_krull_seed0,/home/haselab/projects/stable-deep-world-model/logs/models/from_scratch_atari_krull_vta_3seed_to_400000_20260208_112207/atari_krull_seed0/checkpoints/step-000087500.pt,/home/haselab/projects/stable-deep-world-model/logs/models/from_scratch_atari_krull_vta_3seed_to_400000_20260208_112207/atari_krull_seed0/eval_eps/20260208T180330-44487f1ea8c44b5eaf22e05d1a89f711-1974.npz,5,25,0.0,5.072466730799728e-17,0.2551209330558777,1.2094908952713013,0.0,3.9027862548828125,nan,nan,nan,nan
atari_krull,/home/haselab/projects/stable-deep-world-model/logs/models/from_scratch_atari_krull_vta_3seed_to_400000_20260208_112207/atari_krull_seed0,/home/haselab/projects/stable-deep-world-model/logs/models/from_scratch_atari_krull_vta_3seed_to_400000_20260208_112207/atari_krull_seed0/checkpoints/step-000087500.pt,/home/haselab/projects/stable-deep-world-model/logs/models/from_scratch_atari_krull_vta_3seed_to_400000_20260208_112207/atari_krull_seed0/eval_eps/20260208T180330-44487f1ea8c44b5eaf22e05d1a89f711-1974.npz,10,30,0.0,5.139680449525582e-17,0.391325980424881,1.434837818145752,0.0,3.743563413619995,nan,nan,nan,nan
atari_krull,/home/haselab/projects/stable-deep-world-model/logs/models/from_scratch_atari_krull_vta_3seed_to_400000_20260208_112207/atari_krull_seed0,/home/haselab/projects/stable-deep-world-model/logs/models/from_scratch_atari_krull_vta_3seed_to_400000_20260208_112207/atari_krull_seed0/checkpoints/step-000087500.pt,/home/haselab/projects/stable-deep-world-model/logs/models/from_scratch_atari_krull_vta_3seed_to_400000_20260208_112207/atari_krull_seed0/eval_eps/20260208T180330-44487f1ea8c44b5eaf22e05d1a89f711-1974.npz,15,35,0.0,5.295450470270138e-17,0.5582700967788696,1.672987937927246,0.0,3.7320072650909424,nan,nan,nan,nan
atari_krull,/home/haselab/projects/stable-deep-world-model/logs/models/from_scratch_atari_krull_vta_3seed_to_400000_20260208_112207/atari_krull_seed0,/home/haselab/projects/stable-deep-world-model/logs/models/from_scratch_atari_krull_vta_3seed_to_400000_20260208_112207/atari_krull_seed0/checkpoints/step-000087500.pt,/home/haselab/projects/stable-deep-world-model/logs/models/from_scratch_atari_krull_vta_3seed_to_400000_20260208_112207/atari_krull_seed0/eval_eps/20260208T180330-44487f1ea8c44b5eaf22e05d1a89f711-1974.npz,20,40,0.0,2.3013305488726063e-16,0.70128333568573,1.834176778793335,0.0,3.4712491035461426,nan,nan,nan,nan
atari_krull,/home/haselab/projects/stable-deep-world-model/logs/models/from_scratch_atari_krull_vta_3seed_to_400000_20260208_112207/atari_krull_seed0,/home/haselab/projects/stable-deep-world-model/logs/models/from_scratch_atari_krull_vta_3seed_to_400000_20260208_112207/atari_krull_seed0/checkpoints/step-000087500.pt,/home/haselab/projects/stable-deep-world-model/logs/models/from_scratch_atari_krull_vta_3seed_to_400000_20260208_112207/atari_krull_seed0/eval_eps/20260208T180330-44487f1ea8c44b5eaf22e05d1a89f711-1974.npz,25,45,0.0,5.141489142800656e-15,0.6364113688468933,1.1735248565673828,0.0,2.4524900913238525,nan,nan,nan,nan
atari_krull,/home/haselab/projects/stable-deep-world-model/logs/models/from_scratch_atari_krull_vta_3seed_to_400000_20260208_112207/atari_krull_seed0,/home/haselab/projects/stable-deep-world-model/logs/models/from_scratch_atari_krull_vta_3seed_to_400000_20260208_112207/atari_krull_seed0/checkpoints/step-000087500.pt,/home/haselab/projects/stable-deep-world-model/logs/models/from_scratch_atari_krull_vta_3seed_to_400000_20260208_112207/atari_krull_seed0/eval_eps/20260208T180330-44487f1ea8c44b5eaf22e05d1a89f711-1974.npz,30,50,0.0,1.993891163287742e-13,0.677787184715271,1.21306574344635,0.0,2.6116013526916504,nan,nan,nan,nan
atari_krull,/home/haselab/projects/stable-deep-world-model/logs/models/from_scratch_atari_krull_vta_3seed_to_400000_20260208_112207/atari_krull_seed0,/home/haselab/projects/stable-deep-world-model/logs/models/from_scratch_atari_krull_vta_3seed_to_400000_20260208_112207/atari_krull_seed0/checkpoints/step-000087500.pt,/home/haselab/projects/stable-deep-world-model/logs/models/from_scratch_atari_krull_vta_3seed_to_400000_20260208_112207/atari_krull_seed0/eval_eps/20260208T180330-44487f1ea8c44b5eaf22e05d1a89f711-1974.npz,35,55,0.0,2.4939917752514473e-12,0.7102248072624207,1.462432622909546,0.0,2.7437644004821777,nan,nan,nan,nan
atari_krull,/home/haselab/projects/stable-deep-world-model/logs/models/from_scratch_atari_krull_vta_3seed_to_400000_20260208_112207/atari_krull_seed0,/home/haselab/projects/stable-deep-world-model/logs/models/from_scratch_atari_krull_vta_3seed_to_400000_20260208_112207/atari_krull_seed0/checkpoints/step-000087500.pt,/home/haselab/projects/stable-deep-world-model/logs/models/from_scratch_atari_krull_vta_3seed_to_400000_20260208_112207/atari_krull_seed0/eval_eps/20260208T180330-44487f1ea8c44b5eaf22e05d1a89f711-1974.npz,40,60,0.0,2.6318816917503263e-12,0.7918283939361572,1.6854565143585205,0.0,2.874110698699951,nan,nan,nan,nan
atari_krull,/home/haselab/projects/stable-deep-world-model/logs/models/from_scratch_atari_krull_vta_3seed_to_400000_20260208_112207/atari_krull_seed0,/home/haselab/projects/stable-deep-world-model/logs/models/from_scratch_atari_krull_vta_3seed_to_400000_20260208_112207/atari_krull_seed0/checkpoints/step-000087500.pt,/home/haselab/projects/stable-deep-world-model/logs/models/from_scratch_atari_krull_vta_3seed_to_400000_20260208_112207/atari_krull_seed0/eval_eps/20260208T180330-44487f1ea8c44b5eaf22e05d1a89f711-1974.npz,45,65,0.0,2.6291646811060776e-12,0.7844032049179077,1.629005789756775,0.0,2.8007893562316895,nan,nan,nan,nan
atari_krull,/home/haselab/projects/stable-deep-world-model/logs/models/from_scratch_atari_krull_vta_3seed_to_400000_20260208_112207/atari_krull_seed0,/home/haselab/projects/stable-deep-world-model/logs/models/from_scratch_atari_krull_vta_3seed_to_400000_20260208_112207/atari_krull_seed0/checkpoints/step-000087500.pt,/home/haselab/projects/stable-deep-world-model/logs/models/from_scratch_atari_krull_vta_3seed_to_400000_20260208_112207/atari_krull_seed0/eval_eps/20260208T180330-44487f1ea8c44b5eaf22e05d1a89f711-1974.npz,50,70,0.0,2.4370620538977095e-12,0.7521607279777527,1.5896140336990356,0.0,2.721630334854126,nan,nan,nan,nan
atari_krull,/home/haselab/projects/stable-deep-world-model/logs/models/from_scratch_atari_krull_vta_3seed_to_400000_20260208_112207/atari_krull_seed0,/home/haselab/projects/stable-deep-world-model/logs/models/from_scratch_atari_krull_vta_3seed_to_400000_20260208_112207/atari_krull_seed0/checkpoints/step-000087500.pt,/home/haselab/projects/stable-deep-world-model/logs/models/from_scratch_atari_krull_vta_3seed_to_400000_20260208_112207/atari_krull_seed0/eval_eps/20260208T180330-44487f1ea8c44b5eaf22e05d1a89f711-1974.npz,55,75,0.0,1.5925870106188456e-13,0.7415837049484253,1.6792863607406616,0.0,2.824061155319214,nan,nan,nan,nan
atari_krull,/home/haselab/projects/stable-deep-world-model/logs/models/from_scratch_atari_krull_vta_3seed_to_400000_20260208_112207/atari_krull_seed0,/home/haselab/projects/stable-deep-world-model/logs/models/from_scratch_atari_krull_vta_3seed_to_400000_20260208_112207/atari_krull_seed0/checkpoints/step-000087500.pt,/home/haselab/projects/stable-deep-world-model/logs/models/from_scratch_atari_krull_vta_3seed_to_400000_20260208_112207/atari_krull_seed0/eval_eps/20260208T180330-44487f1ea8c44b5eaf22e05d1a89f711-1974.npz,60,80,0.0,8.307226434522974e-13,0.7616921663284302,1.5251327753067017,0.0,2.652578830718994,nan,nan,nan,nan
atari_krull,/home/haselab/projects/stable-deep-world-model/logs/models/from_scratch_atari_krull_vta_3seed_to_400000_20260208_112207/atari_krull_seed0,/home/haselab/projects/stable-deep-world-model/logs/models/from_scratch_atari_krull_vta_3seed_to_400000_20260208_112207/atari_krull_seed0/checkpoints/step-000087500.pt,/home/haselab/projects/stable-deep-world-model/logs/models/from_scratch_atari_krull_vta_3seed_to_400000_20260208_112207/atari_krull_seed0/eval_eps/20260208T180330-44487f1ea8c44b5eaf22e05d1a89f711-1974.npz,65,85,0.0,8.284790496866645e-13,0.841439425945282,1.654034972190857,0.0,2.6198713779449463,nan,nan,nan,nan
atari_krull,/home/haselab/projects/stable-deep-world-model/logs/models/from_scratch_atari_krull_vta_3seed_to_400000_20260208_112207/atari_krull_seed0,/home/haselab/projects/stable-deep-world-model/logs/models/from_scratch_atari_krull_vta_3seed_to_400000_20260208_112207/atari_krull_seed0/checkpoints/step-000087500.pt,/home/haselab/projects/stable-deep-world-model/logs/models/from_scratch_atari_krull_vta_3seed_to_400000_20260208_112207/atari_krull_seed0/eval_eps/20260208T180330-44487f1ea8c44b5eaf22e05d1a89f711-1974.npz,70,90,0.0,8.263333593772071e-13,0.9742178916931152,1.8831535577774048,0.0,2.663634777069092,nan,nan,nan,nan
atari_krull,/home/haselab/projects/stable-deep-world-model/logs/models/from_scratch_atari_krull_vta_3seed_to_400000_20260208_112207/atari_krull_seed0,/home/haselab/projects/stable-deep-world-model/logs/models/from_scratch_atari_krull_vta_3seed_to_400000_20260208_112207/atari_krull_seed0/checkpoints/step-000087500.pt,/home/haselab/projects/stable-deep-world-model/logs/models/from_scratch_atari_krull_vta_3seed_to_400000_20260208_112207/atari_krull_seed0/eval_eps/20260208T180330-44487f1ea8c44b5eaf22e05d1a89f711-1974.npz,75,95,0.0,8.095323998820458e-13,0.9657955169677734,1.4990506172180176,0.0,2.3215830326080322,nan,nan,nan,nan
atari_krull,/home/haselab/projects/stable-deep-world-model/logs/models/from_scratch_atari_krull_vta_3seed_to_400000_20260208_112207/atari_krull_seed0,/home/haselab/projects/stable-deep-world-model/logs/models/from_scratch_atari_krull_vta_3seed_to_400000_20260208_112207/atari_krull_seed0/checkpoints/step-000087500.pt,/home/haselab/projects/stable-deep-world-model/logs/models/from_scratch_atari_krull_vta_3seed_to_400000_20260208_112207/atari_krull_seed0/eval_eps/20260208T180330-44487f1ea8c44b5eaf22e05d1a89f711-1974.npz,80,100,0.0,1.2871324276091839e-18,0.8535701632499695,1.3042443990707397,0.0,2.106074810028076,nan,nan,nan,nan
atari_krull,/home/haselab/projects/stable-deep-world-model/logs/models/from_scratch_atari_krull_vta_3seed_to_400000_20260208_112207/atari_krull_seed0,/home/haselab/projects/stable-deep-world-model/logs/models/from_scratch_atari_krull_vta_3seed_to_400000_20260208_112207/atari_krull_seed0/checkpoints/step-000087500.pt,/home/haselab/projects/stable-deep-world-model/logs/models/from_scratch_atari_krull_vta_3seed_to_400000_20260208_112207/atari_krull_seed0/eval_eps/20260208T180330-44487f1ea8c44b5eaf22e05d1a89f711-1974.npz,85,105,0.0,2.2254845247515987e-20,0.7924808263778687,1.3521982431411743,0.0,2.1793887615203857,nan,nan,nan,nan
atari_krull,/home/haselab/projects/stable-deep-world-model/logs/models/from_scratch_atari_krull_vta_3seed_to_400000_20260208_112207/atari_krull_seed0,/home/haselab/projects/stable-deep-world-model/logs/models/from_scratch_atari_krull_vta_3seed_to_400000_20260208_112207/atari_krull_seed0/checkpoints/step-000087500.pt,/home/haselab/projects/stable-deep-world-model/logs/models/from_scratch_atari_krull_vta_3seed_to_400000_20260208_112207/atari_krull_seed0/eval_eps/20260208T180330-44487f1ea8c44b5eaf22e05d1a89f711-1974.npz,90,110,0.0,6.171498907499813e-19,0.6242347955703735,1.1236541271209717,0.0,2.099574565887451,nan,nan,nan,nan
atari_krull,/home/haselab/projects/stable-deep-world-model/logs/models/from_scratch_atari_krull_vta_3seed_to_400000_20260208_112207/atari_krull_seed0,/home/haselab/projects/stable-deep-world-model/logs/models/from_scratch_atari_krull_vta_3seed_to_400000_20260208_112207/atari_krull_seed0/checkpoints/step-000087500.pt,/home/haselab/projects/stable-deep-world-model/logs/models/from_scratch_atari_krull_vta_3seed_to_400000_20260208_112207/atari_krull_seed0/eval_eps/20260208T180330-44487f1ea8c44b5eaf22e05d1a89f711-1974.npz,95,115,0.0,6.783045425081572e-19,0.5553146004676819,1.1422207355499268,0.0,2.1965126991271973,nan,nan,nan,nan
atari_krull,/home/haselab/projects/stable-deep-world-model/logs/models/from_scratch_atari_krull_vta_3seed_to_400000_20260208_112207/atari_krull_seed0,/home/haselab/projects/stable-deep-world-model/logs/models/from_scratch_atari_krull_vta_3seed_to_400000_20260208_112207/atari_krull_seed0/checkpoints/step-000087500.pt,/home/haselab/projects/stable-deep-world-model/logs/models/from_scratch_atari_krull_vta_3seed_to_400000_20260208_112207/atari_krull_seed0/eval_eps/20260208T180330-44487f1ea8c44b5eaf22e05d1a89f711-1974.npz,100,120,0.0,2.1235800479622197e-18,0.5908080339431763,1.4219224452972412,0.0,2.4382243156433105,nan,nan,nan,nan
atari_krull,/home/haselab/projects/stable-deep-world-model/logs/models/from_scratch_atari_krull_vta_3seed_to_400000_20260208_112207/atari_krull_seed0,/home/haselab/projects/stable-deep-world-model/logs/models/from_scratch_atari_krull_vta_3seed_to_400000_20260208_112207/atari_krull_seed0/checkpoints/step-000087500.pt,/home/haselab/projects/stable-deep-world-model/logs/models/from_scratch_atari_krull_vta_3seed_to_400000_20260208_112207/atari_krull_seed0/eval_eps/20260208T180330-44487f1ea8c44b5eaf22e05d1a89f711-1974.npz,105,125,0.0,1.289197380610846e-17,0.6121670007705688,1.306855320930481,0.0,2.3492026329040527,nan,nan,nan,nan
atari_krull,/home/haselab/projects/stable-deep-world-model/logs/models/from_scratch_atari_krull_vta_3seed_to_400000_20260208_112207/atari_krull_seed0,/home/haselab/projects/stable-deep-world-model/logs/models/from_scratch_atari_krull_vta_3seed_to_400000_20260208_112207/atari_krull_seed0/checkpoints/step-000087500.pt,/home/haselab/projects/stable-deep-world-model/logs/models/from_scratch_atari_krull_vta_3seed_to_400000_20260208_112207/atari_krull_seed0/eval_eps/20260208T180330-44487f1ea8c44b5eaf22e05d1a89f711-1974.npz,110,130,0.0,1.2312684333886548e-17,0.6568800210952759,1.3353986740112305,0.0,2.299570322036743,nan,nan,nan,nan
atari_krull,/home/haselab/projects/stable-deep-world-model/logs/models/from_scratch_atari_krull_vta_3seed_to_400000_20260208_112207/atari_krull_seed0,/home/haselab/projects/stable-deep-world-model/logs/models/from_scratch_atari_krull_vta_3seed_to_400000_20260208_112207/atari_krull_seed0/checkpoints/step-000087500.pt,/home/haselab/projects/stable-deep-world-model/logs/models/from_scratch_atari_krull_vta_3seed_to_400000_20260208_112207/atari_krull_seed0/eval_eps/20260208T180330-44487f1ea8c44b5eaf22e05d1a89f711-1974.npz,115,135,0.0,1.2251605317455633e-17,0.7352278232574463,1.6444969177246094,0.0,2.564415693283081,nan,nan,nan,nan
atari_krull,/home/haselab/projects/stable-deep-world-model/logs/models/from_scratch_atari_krull_vta_3seed_to_400000_20260208_112207/atari_krull_seed0,/home/haselab/projects/stable-deep-world-model/logs/models/from_scratch_atari_krull_vta_3seed_to_400000_20260208_112207/atari_krull_seed0/checkpoints/step-000087500.pt,/home/haselab/projects/stable-deep-world-model/logs/models/from_scratch_atari_krull_vta_3seed_to_400000_20260208_112207/atari_krull_seed0/eval_eps/20260208T180330-44487f1ea8c44b5eaf22e05d1a89f711-1974.npz,120,140,0.0,1.0806326399881544e-17,0.7995812296867371,1.6053898334503174,0.0,2.6151957511901855,nan,nan,nan,nan
atari_krull,/home/haselab/projects/stable-deep-world-model/logs/models/from_scratch_atari_krull_vta_3seed_to_400000_20260208_112207/atari_krull_seed0,/home/haselab/projects/stable-deep-world-model/logs/models/from_scratch_atari_krull_vta_3seed_to_400000_20260208_112207/atari_krull_seed0/checkpoints/step-000087500.pt,/home/haselab/projects/stable-deep-world-model/logs/models/from_scratch_atari_krull_vta_3seed_to_400000_20260208_112207/atari_krull_seed0/eval_eps/20260208T180330-44487f1ea8c44b5eaf22e05d1a89f711-1974.npz,125,145,0.0,2.6693359089569153e-20,0.8140339851379395,1.6378986835479736,0.0,2.7253687381744385,nan,nan,nan,nan
atari_krull,/home/haselab/projects/stable-deep-world-model/logs/models/from_scratch_atari_krull_vta_3seed_to_400000_20260208_112207/atari_krull_seed0,/home/haselab/projects/stable-deep-world-model/logs/models/from_scratch_atari_krull_vta_3seed_to_400000_20260208_112207/atari_krull_seed0/checkpoints/step-000087500.pt,/home/haselab/projects/stable-deep-world-model/logs/models/from_scratch_atari_krull_vta_3seed_to_400000_20260208_112207/atari_krull_seed0/eval_eps/20260208T180330-44487f1ea8c44b5eaf22e05d1a89f711-1974.npz,130,150,0.0,8.843434301203871e-23,0.8567771911621094,1.6986726522445679,0.0,2.825263500213623,nan,nan,nan,nan
atari_krull,/home/haselab/projects/stable-deep-world-model/logs/models/from_scratch_atari_krull_vta_3seed_to_400000_20260208_112207/atari_krull_seed0,/home/haselab/projects/stable-deep-world-model/logs/models/from_scratch_atari_krull_vta_3seed_to_400000_20260208_112207/atari_krull_seed0/checkpoints/step-000087500.pt,/home/haselab/projects/stable-deep-world-model/logs/models/from_scratch_atari_krull_vta_3seed_to_400000_20260208_112207/atari_krull_seed0/eval_eps/20260208T180330-44487f1ea8c44b5eaf22e05d1a89f711-1974.npz,135,155,0.0,1.229022413368085e-23,0.8994361758232117,1.6730029582977295,0.0,2.6790943145751953,nan,nan,nan,nan
atari_krull,/home/haselab/projects/stable-deep-world-model/logs/models/from_scratch_atari_krull_vta_3seed_to_400000_20260208_112207/atari_krull_seed0,/home/haselab/projects/stable-deep-world-model/logs/models/from_scratch_atari_krull_vta_3seed_to_400000_20260208_112207/atari_krull_seed0/checkpoints/step-000087500.pt,/home/haselab/projects/stable-deep-world-model/logs/models/from_scratch_atari_krull_vta_3seed_to_400000_20260208_112207/atari_krull_seed0/eval_eps/20260208T180330-44487f1ea8c44b5eaf22e05d1a89f711-1974.npz,140,160,0.0,1.1267989576487648e-24,0.904476523399353,1.62355637550354,0.0,2.4877099990844727,nan,nan,nan,nan
atari_krull,/home/haselab/projects/stable-deep-world-model/logs/models/from_scratch_atari_krull_vta_3seed_to_400000_20260208_112207/atari_krull_seed0,/home/haselab/projects/stable-deep-world-model/logs/models/from_scratch_atari_krull_vta_3seed_to_400000_20260208_112207/atari_krull_seed0/checkpoints/step-000087500.pt,/home/haselab/projects/stable-deep-world-model/logs/models/from_scratch_atari_krull_vta_3seed_to_400000_20260208_112207/atari_krull_seed0/eval_eps/20260208T180330-44487f1ea8c44b5eaf22e05d1a89f711-1974.npz,145,165,0.0,1.0175783057001343e-24,0.9174764752388,1.6136062145233154,0.0,2.3793327808380127,nan,nan,nan,nan
atari_krull,/home/haselab/projects/stable-deep-world-model/logs/models/from_scratch_atari_krull_vta_3seed_to_400000_20260208_112207/atari_krull_seed0,/home/haselab/projects/stable-deep-world-model/logs/models/from_scratch_atari_krull_vta_3seed_to_400000_20260208_112207/atari_krull_seed0/checkpoints/step-000087500.pt,/home/haselab/projects/stable-deep-world-model/logs/models/from_scratch_atari_krull_vta_3seed_to_400000_20260208_112207/atari_krull_seed0/eval_eps/20260208T180330-44487f1ea8c44b5eaf22e05d1a89f711-1974.npz,150,170,0.0,7.931568839386644e-24,0.948296844959259,1.6007457971572876,0.0,2.315516710281372,nan,nan,nan,nan
atari_krull,/home/haselab/projects/stable-deep-world-model/logs/models/from_scratch_atari_krull_vta_3seed_to_400000_20260208_112207/atari_krull_seed0,/home/haselab/projects/stable-deep-world-model/logs/models/from_scratch_atari_krull_vta_3seed_to_400000_20260208_112207/atari_krull_seed0/checkpoints/step-000087500.pt,/home/haselab/projects/stable-deep-world-model/logs/models/from_scratch_atari_krull_vta_3seed_to_400000_20260208_112207/atari_krull_seed0/eval_eps/20260208T180330-44487f1ea8c44b5eaf22e05d1a89f711-1974.npz,155,175,0.0,9.370924447052902e-24,0.9220708608627319,1.3506320714950562,0.0,2.0399932861328125,nan,nan,nan,nan
atari_krull,/home/haselab/projects/stable-deep-world-model/logs/models/from_scratch_atari_krull_vta_3seed_to_400000_20260208_112207/atari_krull_seed0,/home/haselab/projects/stable-deep-world-model/logs/models/from_scratch_atari_krull_vta_3seed_to_400000_20260208_112207/atari_krull_seed0/checkpoints/step-000087500.pt,/home/haselab/projects/stable-deep-world-model/logs/models/from_scratch_atari_krull_vta_3seed_to_400000_20260208_112207/atari_krull_seed0/eval_eps/20260208T180330-44487f1ea8c44b5eaf22e05d1a89f711-1974.npz,160,180,0.0,1.2860756739329274e-23,0.9122822880744934,1.3201043605804443,0.0,2.0311996936798096,nan,nan,nan,nan
atari_krull,/home/haselab/projects/stable-deep-world-model/logs/models/from_scratch_atari_krull_vta_3seed_to_400000_20260208_112207/atari_krull_seed0,/home/haselab/projects/stable-deep-world-model/logs/models/from_scratch_atari_krull_vta_3seed_to_400000_20260208_112207/atari_krull_seed0/checkpoints/step-000087500.pt,/home/haselab/projects/stable-deep-world-model/logs/models/from_scratch_atari_krull_vta_3seed_to_400000_20260208_112207/atari_krull_seed0/eval_eps/20260208T180330-44487f1ea8c44b5eaf22e05d1a89f711-1974.npz,165,185,0.0,4.461960858127349e-22,0.8830830454826355,1.2857000827789307,0.0,2.025700092315674,nan,nan,nan,nan
atari_krull,/home/haselab/projects/stable-deep-world-model/logs/models/from_scratch_atari_krull_vta_3seed_to_400000_20260208_112207/atari_krull_seed0,/home/haselab/projects/stable-deep-world-model/logs/models/from_scratch_atari_krull_vta_3seed_to_400000_20260208_112207/atari_krull_seed0/checkpoints/step-000087500.pt,/home/haselab/projects/stable-deep-world-model/logs/models/from_scratch_atari_krull_vta_3seed_to_400000_20260208_112207/atari_krull_seed0/eval_eps/20260208T180330-44487f1ea8c44b5eaf22e05d1a89f711-1974.npz,170,190,0.0,4.594787364082291e-22,0.789098858833313,1.1702086925506592,0.0,1.962315320968628,nan,nan,nan,nan
atari_krull,/home/haselab/projects/stable-deep-world-model/logs/models/from_scratch_atari_krull_vta_3seed_to_400000_20260208_112207/atari_krull_seed0,/home/haselab/projects/stable-deep-world-model/logs/models/from_scratch_atari_krull_vta_3seed_to_400000_20260208_112207/atari_krull_seed0/checkpoints/step-000087500.pt,/home/haselab/projects/stable-deep-world-model/logs/models/from_scratch_atari_krull_vta_3seed_to_400000_20260208_112207/atari_krull_seed0/eval_eps/20260208T180330-44487f1ea8c44b5eaf22e05d1a89f711-1974.npz,175,195,0.0,8.047693392929629e-22,0.6913357973098755,1.0987846851348877,0.0,2.0251500606536865,nan,nan,nan,nan
atari_krull,/home/haselab/projects/stable-deep-world-model/logs/models/from_scratch_atari_krull_vta_3seed_to_400000_20260208_112207/atari_krull_seed0,/home/haselab/projects/stable-deep-world-model/logs/models/from_scratch_atari_krull_vta_3seed_to_400000_20260208_112207/atari_krull_seed0/checkpoints/step-000087500.pt,/home/haselab/projects/stable-deep-world-model/logs/models/from_scratch_atari_krull_vta_3seed_to_400000_20260208_112207/atari_krull_seed0/eval_eps/20260208T180330-44487f1ea8c44b5eaf22e05d1a89f711-1974.npz,180,200,0.05,0.05000000074505806,0.996294379234314,1.4012107849121094,0.4107939302921295,2.4223976135253906,8.527371406555176,9.883776664733887,8.2158784866333,10.320043563842773
atari_krull,/home/haselab/projects/stable-deep-world-model/logs/models/from_scratch_atari_krull_vta_3seed_to_400000_20260208_112207/atari_krull_seed0,/home/haselab/projects/stable-deep-world-model/logs/models/from_scratch_atari_krull_vta_3seed_to_400000_20260208_112207/atari_krull_seed0/checkpoints/step-000087500.pt,/home/haselab/projects/stable-deep-world-model/logs/models/from_scratch_atari_krull_vta_3seed_to_400000_20260208_112207/atari_krull_seed0/eval_eps/20260208T180330-44487f1ea8c44b5eaf22e05d1a89f711-1974.npz,185,205,0.05,0.05000000074505806,1.1379351615905762,1.955075979232788,0.4107939302921295,2.9783706665039062,8.527371406555176,9.883776664733887,8.2158784866333,10.320043563842773
atari_krull,/home/haselab/projects/stable-deep-world-model/logs/models/from_scratch_atari_krull_vta_3seed_to_400000_20260208_112207/atari_krull_seed0,/home/haselab/projects/stable-deep-world-model/logs/models/from_scratch_atari_krull_vta_3seed_to_400000_20260208_112207/atari_krull_seed0/checkpoints/step-000087500.pt,/home/haselab/projects/stable-deep-world-model/logs/models/from_scratch_atari_krull_vta_3seed_to_400000_20260208_112207/atari_krull_seed0/eval_eps/20260208T180330-44487f1ea8c44b5eaf22e05d1a89f711-1974.npz,190,210,0.05,0.05000000074505806,1.3633774518966675,2.644456148147583,0.4107939302921295,3.7106728553771973,8.527371406555176,9.883776664733887,8.2158784866333,10.320043563842773
atari_krull,/home/haselab/projects/stable-deep-world-model/logs/models/from_scratch_atari_krull_vta_3seed_to_400000_20260208_112207/atari_krull_seed0,/home/haselab/projects/stable-deep-world-model/logs/models/from_scratch_atari_krull_vta_3seed_to_400000_20260208_112207/atari_krull_seed0/checkpoints/step-000087500.pt,/home/haselab/projects/stable-deep-world-model/logs/models/from_scratch_atari_krull_vta_3seed_to_400000_20260208_112207/atari_krull_seed0/eval_eps/20260208T180330-44487f1ea8c44b5eaf22e05d1a89f711-1974.npz,195,215,0.05,0.05000000074505806,1.5891859531402588,3.561645030975342,0.4107939302921295,4.468253135681152,8.527371406555176,9.883776664733887,8.2158784866333,10.320043563842773
atari_krull,/home/haselab/projects/stable-deep-world-model/logs/models/from_scratch_atari_krull_vta_3seed_to_400000_20260208_112207/atari_krull_seed0,/home/haselab/projects/stable-deep-world-model/logs/models/from_scratch_atari_krull_vta_3seed_to_400000_20260208_112207/atari_krull_seed0/checkpoints/step-000087500.pt,/home/haselab/projects/stable-deep-world-model/logs/models/from_scratch_atari_krull_vta_3seed_to_400000_20260208_112207/atari_krull_seed0/eval_eps/20260208T180330-44487f1ea8c44b5eaf22e05d1a89f711-1974.npz,200,220,0.0,1.4042319722653868e-14,1.4134773015975952,3.910555601119995,0.0,4.745879650115967,nan,nan,nan,nan
atari_krull,/home/haselab/projects/stable-deep-world-model/logs/models/from_scratch_atari_krull_vta_3seed_to_400000_20260208_112207/atari_krull_seed0,/home/haselab/projects/stable-deep-world-model/logs/models/from_scratch_atari_krull_vta_3seed_to_400000_20260208_112207/atari_krull_seed0/checkpoints/step-000087500.pt,/home/haselab/projects/stable-deep-world-model/logs/models/from_scratch_atari_krull_vta_3seed_to_400000_20260208_112207/atari_krull_seed0/eval_eps/20260208T180330-44487f1ea8c44b5eaf22e05d1a89f711-1974.npz,205,225,0.0,9.724386235499127e-17,1.408071756362915,3.9491004943847656,0.0,4.771720886230469,nan,nan,nan,nan
atari_krull,/home/haselab/projects/stable-deep-world-model/logs/models/from_scratch_atari_krull_vta_3seed_to_400000_20260208_112207/atari_krull_seed0,/home/haselab/projects/stable-deep-world-model/logs/models/from_scratch_atari_krull_vta_3seed_to_400000_20260208_112207/atari_krull_seed0/checkpoints/step-000087500.pt,/home/haselab/projects/stable-deep-world-model/logs/models/from_scratch_atari_krull_vta_3seed_to_400000_20260208_112207/atari_krull_seed0/eval_eps/20260208T180330-44487f1ea8c44b5eaf22e05d1a89f711-1974.npz,210,230,0.0,2.1922253268151884e-17,1.3797681331634521,3.9851901531219482,0.0,4.711411476135254,nan,nan,nan,nan
atari_krull,/home/haselab/projects/stable-deep-world-model/logs/models/from_scratch_atari_krull_vta_3seed_to_400000_20260208_112207/atari_krull_seed0,/home/haselab/projects/stable-deep-world-model/logs/models/from_scratch_atari_krull_vta_3seed_to_400000_20260208_112207/atari_krull_seed0/checkpoints/step-000087500.pt,/home/haselab/projects/stable-deep-world-model/logs/models/from_scratch_atari_krull_vta_3seed_to_400000_20260208_112207/atari_krull_seed0/eval_eps/20260208T180330-44487f1ea8c44b5eaf22e05d1a89f711-1974.npz,215,235,0.0,6.7181227071392755e-16,1.3900716304779053,3.829266309738159,0.0,4.579958915710449,nan,nan,nan,nan
atari_krull,/home/haselab/projects/stable-deep-world-model/logs/models/from_scratch_atari_krull_vta_3seed_to_400000_20260208_112207/atari_krull_seed0,/home/haselab/projects/stable-deep-world-model/logs/models/from_scratch_atari_krull_vta_3seed_to_400000_20260208_112207/atari_krull_seed0/checkpoints/step-000087500.pt,/home/haselab/projects/stable-deep-world-model/logs/models/from_scratch_atari_krull_vta_3seed_to_400000_20260208_112207/atari_krull_seed0/eval_eps/20260208T180330-44487f1ea8c44b5eaf22e05d1a89f711-1974.npz,220,240,0.0,1.122102085727994e-13,1.3630578517913818,3.7543883323669434,0.0,4.575406551361084,nan,nan,nan,nan
atari_krull,/home/haselab/projects/stable-deep-world-model/logs/models/from_scratch_atari_krull_vta_3seed_to_400000_20260208_112207/atari_krull_seed0,/home/haselab/projects/stable-deep-world-model/logs/models/from_scratch_atari_krull_vta_3seed_to_400000_20260208_112207/atari_krull_seed0/checkpoints/step-000087500.pt,/home/haselab/projects/stable-deep-world-model/logs/models/from_scratch_atari_krull_vta_3seed_to_400000_20260208_112207/atari_krull_seed0/eval_eps/20260208T180330-44487f1ea8c44b5eaf22e05d1a89f711-1974.npz,225,245,0.0,1.122321094566836e-13,1.3342922925949097,3.8582968711853027,0.0,4.560449600219727,nan,nan,nan,nan
atari_krull,/home/haselab/projects/stable-deep-world-model/logs/models/from_scratch_atari_krull_vta_3seed_to_400000_20260208_112207/atari_krull_seed0,/home/haselab/projects/stable-deep-world-model/logs/models/from_scratch_atari_krull_vta_3seed_to_400000_20260208_112207/atari_krull_seed0/checkpoints/step-000087500.pt,/home/haselab/projects/stable-deep-world-model/logs/models/from_scratch_atari_krull_vta_3seed_to_400000_20260208_112207/atari_krull_seed0/eval_eps/20260208T180330-44487f1ea8c44b5eaf22e05d1a89f711-1974.npz,230,250,0.0,1.1226649899434213e-13,1.3319224119186401,3.857285261154175,0.0,4.625923156738281,nan,nan,nan,nan
atari_krull,/home/haselab/projects/stable-deep-world-model/logs/models/from_scratch_atari_krull_vta_3seed_to_400000_20260208_112207/atari_krull_seed0,/home/haselab/projects/stable-deep-world-model/logs/models/from_scratch_atari_krull_vta_3seed_to_400000_20260208_112207/atari_krull_seed0/checkpoints/step-000087500.pt,/home/haselab/projects/stable-deep-world-model/logs/models/from_scratch_atari_krull_vta_3seed_to_400000_20260208_112207/atari_krull_seed0/eval_eps/20260208T180330-44487f1ea8c44b5eaf22e05d1a89f711-1974.npz,235,255,0.0,1.1161521874933009e-13,1.280826210975647,3.8940787315368652,0.0,4.770791053771973,nan,nan,nan,nan
atari_krull,/home/haselab/projects/stable-deep-world-model/logs/models/from_scratch_atari_krull_vta_3seed_to_400000_20260208_112207/atari_krull_seed0,/home/haselab/projects/stable-deep-world-model/logs/models/from_scratch_atari_krull_vta_3seed_to_400000_20260208_112207/atari_krull_seed0/checkpoints/step-000087500.pt,/home/haselab/projects/stable-deep-world-model/logs/models/from_scratch_atari_krull_vta_3seed_to_400000_20260208_112207/atari_krull_seed0/eval_eps/20260208T180330-44487f1ea8c44b5eaf22e05d1a89f711-1974.npz,240,260,0.0,8.446552993015779e-17,1.2265197038650513,3.9050841331481934,0.0,4.749794960021973,nan,nan,nan,nan
atari_krull,/home/haselab/projects/stable-deep-world-model/logs/models/from_scratch_atari_krull_vta_3seed_to_400000_20260208_112207/atari_krull_seed0,/home/haselab/projects/stable-deep-world-model/logs/models/from_scratch_atari_krull_vta_3seed_to_400000_20260208_112207/atari_krull_seed0/checkpoints/step-000087500.pt,/home/haselab/projects/stable-deep-world-model/logs/models/from_scratch_atari_krull_vta_3seed_to_400000_20260208_112207/atari_krull_seed0/eval_eps/20260208T180330-44487f1ea8c44b5eaf22e05d1a89f711-1974.npz,245,265,0.0,5.3821092199636433e-17,1.2261555194854736,3.9417922496795654,0.0,4.849516868591309,nan,nan,nan,nan
atari_krull,/home/haselab/projects/stable-deep-world-model/logs/models/from_scratch_atari_krull_vta_3seed_to_400000_20260208_112207/atari_krull_seed0,/home/haselab/projects/stable-deep-world-model/logs/models/from_scratch_atari_krull_vta_3seed_to_400000_20260208_112207/atari_krull_seed0/checkpoints/step-000087500.pt,/home/haselab/projects/stable-deep-world-model/logs/models/from_scratch_atari_krull_vta_3seed_to_400000_20260208_112207/atari_krull_seed0/eval_eps/20260208T180330-44487f1ea8c44b5eaf22e05d1a89f711-1974.npz,250,270,0.0,1.2877139149002934e-17,1.209623098373413,3.93511700630188,0.0,4.800829887390137,nan,nan,nan,nan
atari_krull,/home/haselab/projects/stable-deep-world-model/logs/models/from_scratch_atari_krull_vta_3seed_to_400000_20260208_112207/atari_krull_seed0,/home/haselab/projects/stable-deep-world-model/logs/models/from_scratch_atari_krull_vta_3seed_to_400000_20260208_112207/atari_krull_seed0/checkpoints/step-000087500.pt,/home/haselab/projects/stable-deep-world-model/logs/models/from_scratch_atari_krull_vta_3seed_to_400000_20260208_112207/atari_krull_seed0/eval_eps/20260208T180330-44487f1ea8c44b5eaf22e05d1a89f711-1974.npz,255,275,0.0,1.0341665135405393e-17,1.197989583015442,3.827305555343628,0.0,4.704721450805664,nan,nan,nan,nan
atari_krull,/home/haselab/projects/stable-deep-world-model/logs/models/from_scratch_atari_krull_vta_3seed_to_400000_20260208_112207/atari_krull_seed0,/home/haselab/projects/stable-deep-world-model/logs/models/from_scratch_atari_krull_vta_3seed_to_400000_20260208_112207/atari_krull_seed0/checkpoints/step-000087500.pt,/home/haselab/projects/stable-deep-world-model/logs/models/from_scratch_atari_krull_vta_3seed_to_400000_20260208_112207/atari_krull_seed0/eval_eps/20260208T180330-44487f1ea8c44b5eaf22e05d1a89f711-1974.npz,260,280,0.0,2.286903551188365e-18,1.1985365152359009,3.77280855178833,0.0,4.638503074645996,nan,nan,nan,nan
atari_krull,/home/haselab/projects/stable-deep-world-model/logs/models/from_scratch_atari_krull_vta_3seed_to_400000_20260208_112207/atari_krull_seed0,/home/haselab/projects/stable-deep-world-model/logs/models/from_scratch_atari_krull_vta_3seed_to_400000_20260208_112207/atari_krull_seed0/checkpoints/step-000087500.pt,/home/haselab/projects/stable-deep-world-model/logs/models/from_scratch_atari_krull_vta_3seed_to_400000_20260208_112207/atari_krull_seed0/eval_eps/20260208T180330-44487f1ea8c44b5eaf22e05d1a89f711-1974.npz,265,285,0.0,1.2245934365699316e-15,1.2114439010620117,3.911579132080078,0.0,4.75907039642334,nan,nan,nan,nan
atari_krull,/home/haselab/projects/stable-deep-world-model/logs/models/from_scratch_atari_krull_vta_3seed_to_400000_20260208_112207/atari_krull_seed0,/home/haselab/projects/stable-deep-world-model/logs/models/from_scratch_atari_krull_vta_3seed_to_400000_20260208_112207/atari_krull_seed0/checkpoints/step-000087500.pt,/home/haselab/projects/stable-deep-world-model/logs/models/from_scratch_atari_krull_vta_3seed_to_400000_20260208_112207/atari_krull_seed0/eval_eps/20260208T180330-44487f1ea8c44b5eaf22e05d1a89f711-1974.npz,270,290,0.0,1.6667301295974547e-15,1.2144217491149902,4.105158805847168,0.0,4.910220146179199,nan,nan,nan,nan
atari_krull,/home/haselab/projects/stable-deep-world-model/logs/models/from_scratch_atari_krull_vta_3seed_to_400000_20260208_112207/atari_krull_seed0,/home/haselab/projects/stable-deep-world-model/logs/models/from_scratch_atari_krull_vta_3seed_to_400000_20260208_112207/atari_krull_seed0/checkpoints/step-000087500.pt,/home/haselab/projects/stable-deep-world-model/logs/models/from_scratch_atari_krull_vta_3seed_to_400000_20260208_112207/atari_krull_seed0/eval_eps/20260208T180330-44487f1ea8c44b5eaf22e05d1a89f711-1974.npz,275,295,0.0,1.6667293884436258e-15,1.25656259059906,4.467529773712158,0.0,5.179337501525879,nan,nan,nan,nan
atari_krull,/home/haselab/projects/stable-deep-world-model/logs/models/from_scratch_atari_krull_vta_3seed_to_400000_20260208_112207/atari_krull_seed0,/home/haselab/projects/stable-deep-world-model/logs/models/from_scratch_atari_krull_vta_3seed_to_400000_20260208_112207/atari_krull_seed0/checkpoints/step-000087500.pt,/home/haselab/projects/stable-deep-world-model/logs/models/from_scratch_atari_krull_vta_3seed_to_400000_20260208_112207/atari_krull_seed0/eval_eps/20260208T180330-44487f1ea8c44b5eaf22e05d1a89f711-1974.npz,280,300,0.0,1.8325216899484076e-09,1.5418713092803955,5.003632545471191,0.0,5.653899192810059,nan,nan,nan,nan
atari_krull,/home/haselab/projects/stable-deep-world-model/logs/models/from_scratch_atari_krull_vta_3seed_to_400000_20260208_112207/atari_krull_seed0,/home/haselab/projects/stable-deep-world-model/logs/models/from_scratch_atari_krull_vta_3seed_to_400000_20260208_112207/atari_krull_seed0/checkpoints/step-000087500.pt,/home/haselab/projects/stable-deep-world-model/logs/models/from_scratch_atari_krull_vta_3seed_to_400000_20260208_112207/atari_krull_seed0/eval_eps/20260208T180330-44487f1ea8c44b5eaf22e05d1a89f711-1974.npz,285,305,0.0,1.8325204687030805e-09,2.043344497680664,5.304251194000244,0.0,5.879786014556885,nan,nan,nan,nan
atari_krull,/home/haselab/projects/stable-deep-world-model/logs/models/from_scratch_atari_krull_vta_3seed_to_400000_20260208_112207/atari_krull_seed0,/home/haselab/projects/stable-deep-world-model/logs/models/from_scratch_atari_krull_vta_3seed_to_400000_20260208_112207/atari_krull_seed0/checkpoints/step-000087500.pt,/home/haselab/projects/stable-deep-world-model/logs/models/from_scratch_atari_krull_vta_3seed_to_400000_20260208_112207/atari_krull_seed0/eval_eps/20260208T180330-44487f1ea8c44b5eaf22e05d1a89f711-1974.npz,290,310,0.0,1.8325201356361731e-09,2.523735761642456,5.5103607177734375,0.0,5.983019828796387,nan,nan,nan,nan
atari_krull,/home/haselab/projects/stable-deep-world-model/logs/models/from_scratch_atari_krull_vta_3seed_to_400000_20260208_112207/atari_krull_seed0,/home/haselab/projects/stable-deep-world-model/logs/models/from_scratch_atari_krull_vta_3seed_to_400000_20260208_112207/atari_krull_seed0/checkpoints/step-000087500.pt,/home/haselab/projects/stable-deep-world-model/logs/models/from_scratch_atari_krull_vta_3seed_to_400000_20260208_112207/atari_krull_seed0/eval_eps/20260208T180330-44487f1ea8c44b5eaf22e05d1a89f711-1974.npz,295,315,0.0,1.8325201356361731e-09,2.9818289279937744,5.564332008361816,0.0,5.895884037017822,nan,nan,nan,nan
atari_krull,/home/haselab/projects/stable-deep-world-model/logs/models/from_scratch_atari_krull_vta_3seed_to_400000_20260208_112207/atari_krull_seed0,/home/haselab/projects/stable-deep-world-model/logs/models/from_scratch_atari_krull_vta_3seed_to_400000_20260208_112207/atari_krull_seed0/checkpoints/step-000087500.pt,/home/haselab/projects/stable-deep-world-model/logs/models/from_scratch_atari_krull_vta_3seed_to_400000_20260208_112207/atari_krull_seed0/eval_eps/20260208T180330-44487f1ea8c44b5eaf22e05d1a89f711-1974.npz,300,320,0.0,9.175865565958473e-17,3.1860995292663574,5.25965690612793,0.0,5.549116611480713,nan,nan,nan,nan
atari_krull,/home/haselab/projects/stable-deep-world-model/logs/models/from_scratch_atari_krull_vta_3seed_to_400000_20260208_112207/atari_krull_seed0,/home/haselab/projects/stable-deep-world-model/logs/models/from_scratch_atari_krull_vta_3seed_to_400000_20260208_112207/atari_krull_seed0/checkpoints/step-000087500.pt,/home/haselab/projects/stable-deep-world-model/logs/models/from_scratch_atari_krull_vta_3seed_to_400000_20260208_112207/atari_krull_seed0/eval_eps/20260208T180330-44487f1ea8c44b5eaf22e05d1a89f711-1974.npz,305,325,0.0,3.043795142147754e-13,3.129706621170044,5.042600154876709,0.0,5.417051315307617,nan,nan,nan,nan
atari_krull,/home/haselab/projects/stable-deep-world-model/logs/models/from_scratch_atari_krull_vta_3seed_to_400000_20260208_112207/atari_krull_seed0,/home/haselab/projects/stable-deep-world-model/logs/models/from_scratch_atari_krull_vta_3seed_to_400000_20260208_112207/atari_krull_seed0/checkpoints/step-000087500.pt,/home/haselab/projects/stable-deep-world-model/logs/models/from_scratch_atari_krull_vta_3seed_to_400000_20260208_112207/atari_krull_seed0/eval_eps/20260208T180330-44487f1ea8c44b5eaf22e05d1a89f711-1974.npz,310,330,0.0,3.1185736501862515e-13,3.1502647399902344,5.092313766479492,0.0,5.431436538696289,nan,nan,nan,nan
atari_krull,/home/haselab/projects/stable-deep-world-model/logs/models/from_scratch_atari_krull_vta_3seed_to_400000_20260208_112207/atari_krull_seed0,/home/haselab/projects/stable-deep-world-model/logs/models/from_scratch_atari_krull_vta_3seed_to_400000_20260208_112207/atari_krull_seed0/checkpoints/step-000087500.pt,/home/haselab/projects/stable-deep-world-model/logs/models/from_scratch_atari_krull_vta_3seed_to_400000_20260208_112207/atari_krull_seed0/eval_eps/20260208T180330-44487f1ea8c44b5eaf22e05d1a89f711-1974.npz,315,335,0.0,6.9513791424447025e-12,3.2055435180664062,5.182111740112305,0.0,5.6754655838012695,nan,nan,nan,nan
atari_krull,/home/haselab/projects/stable-deep-world-model/logs/models/from_scratch_atari_krull_vta_3seed_to_400000_20260208_112207/atari_krull_seed0,/home/haselab/projects/stable-deep-world-model/logs/models/from_scratch_atari_krull_vta_3seed_to_400000_20260208_112207/atari_krull_seed0/checkpoints/step-000087500.pt,/home/haselab/projects/stable-deep-world-model/logs/models/from_scratch_atari_krull_vta_3seed_to_400000_20260208_112207/atari_krull_seed0/eval_eps/20260208T180330-44487f1ea8c44b5eaf22e05d1a89f711-1974.npz,320,340,0.0,7.238282022370424e-12,3.266785144805908,5.245629787445068,0.0,5.7084832191467285,nan,nan,nan,nan
atari_krull,/home/haselab/projects/stable-deep-world-model/logs/models/from_scratch_atari_krull_vta_3seed_to_400000_20260208_112207/atari_krull_seed0,/home/haselab/projects/stable-deep-world-model/logs/models/from_scratch_atari_krull_vta_3seed_to_400000_20260208_112207/atari_krull_seed0/checkpoints/step-000087500.pt,/home/haselab/projects/stable-deep-world-model/logs/models/from_scratch_atari_krull_vta_3seed_to_400000_20260208_112207/atari_krull_seed0/eval_eps/20260208T180330-44487f1ea8c44b5eaf22e05d1a89f711-1974.npz,325,345,0.0,7.28476480527096e-12,3.3696517944335938,5.130188941955566,0.0,5.545432090759277,nan,nan,nan,nan
atari_krull,/home/haselab/projects/stable-deep-world-model/logs/models/from_scratch_atari_krull_vta_3seed_to_400000_20260208_112207/atari_krull_seed0,/home/haselab/projects/stable-deep-world-model/logs/models/from_scratch_atari_krull_vta_3seed_to_400000_20260208_112207/atari_krull_seed0/checkpoints/step-000087500.pt,/home/haselab/projects/stable-deep-world-model/logs/models/from_scratch_atari_krull_vta_3seed_to_400000_20260208_112207/atari_krull_seed0/eval_eps/20260208T180330-44487f1ea8c44b5eaf22e05d1a89f711-1974.npz,330,350,0.0,9.455507557487586e-12,3.3651123046875,4.985062122344971,0.0,5.506791591644287,nan,nan,nan,nan
atari_krull,/home/haselab/projects/stable-deep-world-model/logs/models/from_scratch_atari_krull_vta_3seed_to_400000_20260208_112207/atari_krull_seed0,/home/haselab/projects/stable-deep-world-model/logs/models/from_scratch_atari_krull_vta_3seed_to_400000_20260208_112207/atari_krull_seed0/checkpoints/step-000087500.pt,/home/haselab/projects/stable-deep-world-model/logs/models/from_scratch_atari_krull_vta_3seed_to_400000_20260208_112207/atari_krull_seed0/eval_eps/20260208T180330-44487f1ea8c44b5eaf22e05d1a89f711-1974.npz,335,355,0.0,2.488367289998905e-09,3.3555588722229004,4.975490570068359,0.0,5.450396537780762,nan,nan,nan,nan
atari_krull,/home/haselab/projects/stable-deep-world-model/logs/models/from_scratch_atari_krull_vta_3seed_to_400000_20260208_112207/atari_krull_seed0,/home/haselab/projects/stable-deep-world-model/logs/models/from_scratch_atari_krull_vta_3seed_to_400000_20260208_112207/atari_krull_seed0/checkpoints/step-000087500.pt,/home/haselab/projects/stable-deep-world-model/logs/models/from_scratch_atari_krull_vta_3seed_to_400000_20260208_112207/atari_krull_seed0/eval_eps/20260208T180330-44487f1ea8c44b5eaf22e05d1a89f711-1974.npz,340,360,0.0,2.5817796789340264e-09,3.3434906005859375,5.029900550842285,0.0,5.583214282989502,nan,nan,nan,nan
atari_krull,/home/haselab/projects/stable-deep-world-model/logs/models/from_scratch_atari_krull_vta_3seed_to_400000_20260208_112207/atari_krull_seed0,/home/haselab/projects/stable-deep-world-model/logs/models/from_scratch_atari_krull_vta_3seed_to_400000_20260208_112207/atari_krull_seed0/checkpoints/step-000087500.pt,/home/haselab/projects/stable-deep-world-model/logs/models/from_scratch_atari_krull_vta_3seed_to_400000_20260208_112207/atari_krull_seed0/eval_eps/20260208T180330-44487f1ea8c44b5eaf22e05d1a89f711-1974.npz,345,365,0.0,2.5814330673057384e-09,3.2678864002227783,5.028242111206055,0.0,5.639491081237793,nan,nan,nan,nan
atari_krull,/home/haselab/projects/stable-deep-world-model/logs/models/from_scratch_atari_krull_vta_3seed_to_400000_20260208_112207/atari_krull_seed0,/home/haselab/projects/stable-deep-world-model/logs/models/from_scratch_atari_krull_vta_3seed_to_400000_20260208_112207/atari_krull_seed0/checkpoints/step-000087500.pt,/home/haselab/projects/stable-deep-world-model/logs/models/from_scratch_atari_krull_vta_3seed_to_400000_20260208_112207/atari_krull_seed0/eval_eps/20260208T180330-44487f1ea8c44b5eaf22e05d1a89f711-1974.npz,350,370,0.0,2.579263691515621e-09,3.254448413848877,4.890512943267822,0.0,5.5533905029296875,nan,nan,nan,nan
atari_krull,/home/haselab/projects/stable-deep-world-model/logs/models/from_scratch_atari_krull_vta_3seed_to_400000_20260208_112207/atari_krull_seed0,/home/haselab/projects/stable-deep-world-model/logs/models/from_scratch_atari_krull_vta_3seed_to_400000_20260208_112207/atari_krull_seed0/checkpoints/step-000087500.pt,/home/haselab/projects/stable-deep-world-model/logs/models/from_scratch_atari_krull_vta_3seed_to_400000_20260208_112207/atari_krull_seed0/eval_eps/20260208T180330-44487f1ea8c44b5eaf22e05d1a89f711-1974.npz,355,375,0.0,9.371634718258193e-11,3.2697227001190186,4.754166603088379,0.0,5.452041149139404,nan,nan,nan,nan
atari_krull,/home/haselab/projects/stable-deep-world-model/logs/models/from_scratch_atari_krull_vta_3seed_to_400000_20260208_112207/atari_krull_seed0,/home/haselab/projects/stable-deep-world-model/logs/models/from_scratch_atari_krull_vta_3seed_to_400000_20260208_112207/atari_krull_seed0/checkpoints/step-000087500.pt,/home/haselab/projects/stable-deep-world-model/logs/models/from_scratch_atari_krull_vta_3seed_to_400000_20260208_112207/atari_krull_seed0/eval_eps/20260208T180330-44487f1ea8c44b5eaf22e05d1a89f711-1974.npz,360,380,0.0,1.0246090000748387e-13,3.294987916946411,5.012426376342773,0.0,5.622166156768799,nan,nan,nan,nan
atari_krull,/home/haselab/projects/stable-deep-world-model/logs/models/from_scratch_atari_krull_vta_3seed_to_400000_20260208_112207/atari_krull_seed0,/home/haselab/projects/stable-deep-world-model/logs/models/from_scratch_atari_krull_vta_3seed_to_400000_20260208_112207/atari_krull_seed0/checkpoints/step-000087500.pt,/home/haselab/projects/stable-deep-world-model/logs/models/from_scratch_atari_krull_vta_3seed_to_400000_20260208_112207/atari_krull_seed0/eval_eps/20260208T180330-44487f1ea8c44b5eaf22e05d1a89f711-1974.npz,365,385,0.0,9.825667569070967e-14,3.3350472450256348,5.18737268447876,0.0,5.8324151039123535,nan,nan,nan,nan
atari_krull,/home/haselab/projects/stable-deep-world-model/logs/models/from_scratch_atari_krull_vta_3seed_to_400000_20260208_112207/atari_krull_seed0,/home/haselab/projects/stable-deep-world-model/logs/models/from_scratch_atari_krull_vta_3seed_to_400000_20260208_112207/atari_krull_seed0/checkpoints/step-000087500.pt,/home/haselab/projects/stable-deep-world-model/logs/models/from_scratch_atari_krull_vta_3seed_to_400000_20260208_112207/atari_krull_seed0/eval_eps/20260208T180330-44487f1ea8c44b5eaf22e05d1a89f711-1974.npz,370,390,0.0,9.959241276721181e-14,3.3246750831604004,5.33483362197876,0.0,5.976444721221924,nan,nan,nan,nan
atari_krull,/home/haselab/projects/stable-deep-world-model/logs/models/from_scratch_atari_krull_vta_3seed_to_400000_20260208_112207/atari_krull_seed0,/home/haselab/projects/stable-deep-world-model/logs/models/from_scratch_atari_krull_vta_3seed_to_400000_20260208_112207/atari_krull_seed0/checkpoints/step-000087500.pt,/home/haselab/projects/stable-deep-world-model/logs/models/from_scratch_atari_krull_vta_3seed_to_400000_20260208_112207/atari_krull_seed0/eval_eps/20260208T180330-44487f1ea8c44b5eaf22e05d1a89f711-1974.npz,375,395,0.0,9.79639682091929e-14,3.290374279022217,5.199419975280762,0.0,5.870072841644287,nan,nan,nan,nan
atari_krull,/home/haselab/projects/stable-deep-world-model/logs/models/from_scratch_atari_krull_vta_3seed_to_400000_20260208_112207/atari_krull_seed0,/home/haselab/projects/stable-deep-world-model/logs/models/from_scratch_atari_krull_vta_3seed_to_400000_20260208_112207/atari_krull_seed0/checkpoints/step-000087500.pt,/home/haselab/projects/stable-deep-world-model/logs/models/from_scratch_atari_krull_vta_3seed_to_400000_20260208_112207/atari_krull_seed0/eval_eps/20260208T180330-44487f1ea8c44b5eaf22e05d1a89f711-1974.npz,380,400,0.0,1.2588518111765739e-14,3.2765955924987793,5.033435821533203,0.0,5.719386100769043,nan,nan,nan,nan
atari_krull,/home/haselab/projects/stable-deep-world-model/logs/models/from_scratch_atari_krull_vta_3seed_to_400000_20260208_112207/atari_krull_seed0,/home/haselab/projects/stable-deep-world-model/logs/models/from_scratch_atari_krull_vta_3seed_to_400000_20260208_112207/atari_krull_seed0/checkpoints/step-000087500.pt,/home/haselab/projects/stable-deep-world-model/logs/models/from_scratch_atari_krull_vta_3seed_to_400000_20260208_112207/atari_krull_seed0/eval_eps/20260208T180330-44487f1ea8c44b5eaf22e05d1a89f711-1974.npz,385,405,0.0,1.9566168008174588e-14,3.26597261428833,5.082136154174805,0.0,5.673663139343262,nan,nan,nan,nan
atari_krull,/home/haselab/projects/stable-deep-world-model/logs/models/from_scratch_atari_krull_vta_3seed_to_400000_20260208_112207/atari_krull_seed0,/home/haselab/projects/stable-deep-world-model/logs/models/from_scratch_atari_krull_vta_3seed_to_400000_20260208_112207/atari_krull_seed0/checkpoints/step-000087500.pt,/home/haselab/projects/stable-deep-world-model/logs/models/from_scratch_atari_krull_vta_3seed_to_400000_20260208_112207/atari_krull_seed0/eval_eps/20260208T180330-44487f1ea8c44b5eaf22e05d1a89f711-1974.npz,390,410,0.0,9.240096074348766e-15,3.25793719291687,5.045739650726318,0.0,5.579686641693115,nan,nan,nan,nan
atari_krull,/home/haselab/projects/stable-deep-world-model/logs/models/from_scratch_atari_krull_vta_3seed_to_400000_20260208_112207/atari_krull_seed0,/home/haselab/projects/stable-deep-world-model/logs/models/from_scratch_atari_krull_vta_3seed_to_400000_20260208_112207/atari_krull_seed0/checkpoints/step-000087500.pt,/home/haselab/projects/stable-deep-world-model/logs/models/from_scratch_atari_krull_vta_3seed_to_400000_20260208_112207/atari_krull_seed0/eval_eps/20260208T180330-44487f1ea8c44b5eaf22e05d1a89f711-1974.npz,395,415,0.0,6.9966060702519265e-15,3.293504238128662,5.215257167816162,0.0,5.691583156585693,nan,nan,nan,nan
atari_krull,/home/haselab/projects/stable-deep-world-model/logs/models/from_scratch_atari_krull_vta_3seed_to_400000_20260208_112207/atari_krull_seed0,/home/haselab/projects/stable-deep-world-model/logs/models/from_scratch_atari_krull_vta_3seed_to_400000_20260208_112207/atari_krull_seed0/checkpoints/step-000087500.pt,/home/haselab/projects/stable-deep-world-model/logs/models/from_scratch_atari_krull_vta_3seed_to_400000_20260208_112207/atari_krull_seed0/eval_eps/20260208T180330-44487f1ea8c44b5eaf22e05d1a89f711-1974.npz,400,420,0.0,6.996799617280374e-15,3.2822253704071045,4.997829437255859,0.0,5.485404014587402,nan,nan,nan,nan
atari_krull,/home/haselab/projects/stable-deep-world-model/logs/models/from_scratch_atari_krull_vta_3seed_to_400000_20260208_112207/atari_krull_seed0,/home/haselab/projects/stable-deep-world-model/logs/models/from_scratch_atari_krull_vta_3seed_to_400000_20260208_112207/atari_krull_seed0/checkpoints/step-000087500.pt,/home/haselab/projects/stable-deep-world-model/logs/models/from_scratch_atari_krull_vta_3seed_to_400000_20260208_112207/atari_krull_seed0/eval_eps/20260208T180330-44487f1ea8c44b5eaf22e05d1a89f711-1974.npz,405,425,0.0,5.3555610236398764e-18,3.2764201164245605,4.889898300170898,0.0,5.372907638549805,nan,nan,nan,nan
atari_krull,/home/haselab/projects/stable-deep-world-model/logs/models/from_scratch_atari_krull_vta_3seed_to_400000_20260208_112207/atari_krull_seed0,/home/haselab/projects/stable-deep-world-model/logs/models/from_scratch_atari_krull_vta_3seed_to_400000_20260208_112207/atari_krull_seed0/checkpoints/step-000087500.pt,/home/haselab/projects/stable-deep-world-model/logs/models/from_scratch_atari_krull_vta_3seed_to_400000_20260208_112207/atari_krull_seed0/eval_eps/20260208T180330-44487f1ea8c44b5eaf22e05d1a89f711-1974.npz,410,430,0.0,1.0584440699660906e-14,3.3089942932128906,4.927765369415283,0.0,5.380234241485596,nan,nan,nan,nan
atari_krull,/home/haselab/projects/stable-deep-world-model/logs/models/from_scratch_atari_krull_vta_3seed_to_400000_20260208_112207/atari_krull_seed0,/home/haselab/projects/stable-deep-world-model/logs/models/from_scratch_atari_krull_vta_3seed_to_400000_20260208_112207/atari_krull_seed0/checkpoints/step-000087500.pt,/home/haselab/projects/stable-deep-world-model/logs/models/from_scratch_atari_krull_vta_3seed_to_400000_20260208_112207/atari_krull_seed0/eval_eps/20260208T180330-44487f1ea8c44b5eaf22e05d1a89f711-1974.npz,415,435,0.0,5.478798160594642e-14,3.220323085784912,5.017658233642578,0.0,5.4064741134643555,nan,nan,nan,nan
atari_krull,/home/haselab/projects/stable-deep-world-model/logs/models/from_scratch_atari_krull_vta_3seed_to_400000_20260208_112207/atari_krull_seed0,/home/haselab/projects/stable-deep-world-model/logs/models/from_scratch_atari_krull_vta_3seed_to_400000_20260208_112207/atari_krull_seed0/checkpoints/step-000087500.pt,/home/haselab/projects/stable-deep-world-model/logs/models/from_scratch_atari_krull_vta_3seed_to_400000_20260208_112207/atari_krull_seed0/eval_eps/20260208T180330-44487f1ea8c44b5eaf22e05d1a89f711-1974.npz,420,440,0.0,1.287205476756259e-13,3.2253165245056152,5.041938304901123,0.0,5.38897180557251,nan,nan,nan,nan
atari_krull,/home/haselab/projects/stable-deep-world-model/logs/models/from_scratch_atari_krull_vta_3seed_to_400000_20260208_112207/atari_krull_seed0,/home/haselab/projects/stable-deep-world-model/logs/models/from_scratch_atari_krull_vta_3seed_to_400000_20260208_112207/atari_krull_seed0/checkpoints/step-000087500.pt,/home/haselab/projects/stable-deep-world-model/logs/models/from_scratch_atari_krull_vta_3seed_to_400000_20260208_112207/atari_krull_seed0/eval_eps/20260208T180330-44487f1ea8c44b5eaf22e05d1a89f711-1974.npz,425,445,0.0,1.2874548432559307e-13,3.1901910305023193,4.963526725769043,0.0,5.284613609313965,nan,nan,nan,nan
atari_krull,/home/haselab/projects/stable-deep-world-model/logs/models/from_scratch_atari_krull_vta_3seed_to_400000_20260208_112207/atari_krull_seed0,/home/haselab/projects/stable-deep-world-model/logs/models/from_scratch_atari_krull_vta_3seed_to_400000_20260208_112207/atari_krull_seed0/checkpoints/step-000087500.pt,/home/haselab/projects/stable-deep-world-model/logs/models/from_scratch_atari_krull_vta_3seed_to_400000_20260208_112207/atari_krull_seed0/eval_eps/20260208T180330-44487f1ea8c44b5eaf22e05d1a89f711-1974.npz,430,450,0.0,1.1820686302618094e-13,3.145259380340576,5.085709571838379,0.0,5.3900861740112305,nan,nan,nan,nan
atari_krull,/home/haselab/projects/stable-deep-world-model/logs/models/from_scratch_atari_krull_vta_3seed_to_400000_20260208_112207/atari_krull_seed0,/home/haselab/projects/stable-deep-world-model/logs/models/from_scratch_atari_krull_vta_3seed_to_400000_20260208_112207/atari_krull_seed0/checkpoints/step-000087500.pt,/home/haselab/projects/stable-deep-world-model/logs/models/from_scratch_atari_krull_vta_3seed_to_400000_20260208_112207/atari_krull_seed0/eval_eps/20260208T180330-44487f1ea8c44b5eaf22e05d1a89f711-1974.npz,435,455,0.0,7.46387679309915e-14,3.176978588104248,4.996837139129639,0.0,5.301857948303223,nan,nan,nan,nan
atari_krull,/home/haselab/projects/stable-deep-world-model/logs/models/from_scratch_atari_krull_vta_3seed_to_400000_20260208_112207/atari_krull_seed0,/home/haselab/projects/stable-deep-world-model/logs/models/from_scratch_atari_krull_vta_3seed_to_400000_20260208_112207/atari_krull_seed0/checkpoints/step-000087500.pt,/home/haselab/projects/stable-deep-world-model/logs/models/from_scratch_atari_krull_vta_3seed_to_400000_20260208_112207/atari_krull_seed0/eval_eps/20260208T180330-44487f1ea8c44b5eaf22e05d1a89f711-1974.npz,440,460,0.0,1.3151827632458318e-15,3.1207082271575928,4.963859558105469,0.0,5.316462993621826,nan,nan,nan,nan
atari_krull,/home/haselab/projects/stable-deep-world-model/logs/models/from_scratch_atari_krull_vta_3seed_to_400000_20260208_112207/atari_krull_seed0,/home/haselab/projects/stable-deep-world-model/logs/models/from_scratch_atari_krull_vta_3seed_to_400000_20260208_112207/atari_krull_seed0/checkpoints/step-000087500.pt,/home/haselab/projects/stable-deep-world-model/logs/models/from_scratch_atari_krull_vta_3seed_to_400000_20260208_112207/atari_krull_seed0/eval_eps/20260208T180330-44487f1ea8c44b5eaf22e05d1a89f711-1974.npz,445,465,0.0,1.512680247480315e-15,3.1463425159454346,4.901240348815918,0.0,5.214115142822266,nan,nan,nan,nan
atari_krull,/home/haselab/projects/stable-deep-world-model/logs/models/from_scratch_atari_krull_vta_3seed_to_400000_20260208_112207/atari_krull_seed0,/home/haselab/projects/stable-deep-world-model/logs/models/from_scratch_atari_krull_vta_3seed_to_400000_20260208_112207/atari_krull_seed0/checkpoints/step-000087500.pt,/home/haselab/projects/stable-deep-world-model/logs/models/from_scratch_atari_krull_vta_3seed_to_400000_20260208_112207/atari_krull_seed0/eval_eps/20260208T180330-44487f1ea8c44b5eaf22e05d1a89f711-1974.npz,450,470,0.0,1.5654776110276885e-15,3.1667497158050537,4.806967735290527,0.0,5.0972089767456055,nan,nan,nan,nan
atari_krull,/home/haselab/projects/stable-deep-world-model/logs/models/from_scratch_atari_krull_vta_3seed_to_400000_20260208_112207/atari_krull_seed0,/home/haselab/projects/stable-deep-world-model/logs/models/from_scratch_atari_krull_vta_3seed_to_400000_20260208_112207/atari_krull_seed0/checkpoints/step-000087500.pt,/home/haselab/projects/stable-deep-world-model/logs/models/from_scratch_atari_krull_vta_3seed_to_400000_20260208_112207/atari_krull_seed0/eval_eps/20260208T180330-44487f1ea8c44b5eaf22e05d1a89f711-1974.npz,455,475,0.0,3.269202010475593e-15,3.1422698497772217,4.820206165313721,0.0,5.132266044616699,nan,nan,nan,nan
atari_krull,/home/haselab/projects/stable-deep-world-model/logs/models/from_scratch_atari_krull_vta_3seed_to_400000_20260208_112207/atari_krull_seed0,/home/haselab/projects/stable-deep-world-model/logs/models/from_scratch_atari_krull_vta_3seed_to_400000_20260208_112207/atari_krull_seed0/checkpoints/step-000087500.pt,/home/haselab/projects/stable-deep-world-model/logs/models/from_scratch_atari_krull_vta_3seed_to_400000_20260208_112207/atari_krull_seed0/eval_eps/20260208T180330-44487f1ea8c44b5eaf22e05d1a89f711-1974.npz,460,480,0.0,3.274710053973351e-15,3.1971325874328613,5.018407344818115,0.0,5.360945224761963,nan,nan,nan,nan
atari_krull,/home/haselab/projects/stable-deep-world-model/logs/models/from_scratch_atari_krull_vta_3seed_to_400000_20260208_112207/atari_krull_seed0,/home/haselab/projects/stable-deep-world-model/logs/models/from_scratch_atari_krull_vta_3seed_to_400000_20260208_112207/atari_krull_seed0/checkpoints/step-000087500.pt,/home/haselab/projects/stable-deep-world-model/logs/models/from_scratch_atari_krull_vta_3seed_to_400000_20260208_112207/atari_krull_seed0/eval_eps/20260208T180330-44487f1ea8c44b5eaf22e05d1a89f711-1974.npz,465,485,0.0,3.0508674098595357e-15,3.189932346343994,4.9308905601501465,0.0,5.4610209465026855,nan,nan,nan,nan
atari_krull,/home/haselab/projects/stable-deep-world-model/logs/models/from_scratch_atari_krull_vta_3seed_to_400000_20260208_112207/atari_krull_seed0,/home/haselab/projects/stable-deep-world-model/logs/models/from_scratch_atari_krull_vta_3seed_to_400000_20260208_112207/atari_krull_seed0/checkpoints/step-000087500.pt,/home/haselab/projects/stable-deep-world-model/logs/models/from_scratch_atari_krull_vta_3seed_to_400000_20260208_112207/atari_krull_seed0/eval_eps/20260208T180330-44487f1ea8c44b5eaf22e05d1a89f711-1974.npz,470,490,0.0,4.456505456817365e-15,3.2287025451660156,4.572811603546143,0.0,5.159054756164551,nan,nan,nan,nan
atari_krull,/home/haselab/projects/stable-deep-world-model/logs/models/from_scratch_atari_krull_vta_3seed_to_400000_20260208_112207/atari_krull_seed0,/home/haselab/projects/stable-deep-world-model/logs/models/from_scratch_atari_krull_vta_3seed_to_400000_20260208_112207/atari_krull_seed0/checkpoints/step-000087500.pt,/home/haselab/projects/stable-deep-world-model/logs/models/from_scratch_atari_krull_vta_3seed_to_400000_20260208_112207/atari_krull_seed0/eval_eps/20260208T180330-44487f1ea8c44b5eaf22e05d1a89f711-1974.npz,475,495,0.0,2.142017362839906e-15,3.316544771194458,4.549276828765869,0.0,5.182773113250732,nan,nan,nan,nan
atari_krull,/home/haselab/projects/stable-deep-world-model/logs/models/from_scratch_atari_krull_vta_3seed_to_400000_20260208_112207/atari_krull_seed0,/home/haselab/projects/stable-deep-world-model/logs/models/from_scratch_atari_krull_vta_3seed_to_400000_20260208_112207/atari_krull_seed0/checkpoints/step-000087500.pt,/home/haselab/projects/stable-deep-world-model/logs/models/from_scratch_atari_krull_vta_3seed_to_400000_20260208_112207/atari_krull_seed0/eval_eps/20260208T180330-44487f1ea8c44b5eaf22e05d1a89f711-1974.npz,480,500,0.0,1.58854252993966e-15,3.3273537158966064,4.685212135314941,0.0,5.288066387176514,nan,nan,nan,nan
atari_krull,/home/haselab/projects/stable-deep-world-model/logs/models/from_scratch_atari_krull_vta_3seed_to_400000_20260208_112207/atari_krull_seed0,/home/haselab/projects/stable-deep-world-model/logs/models/from_scratch_atari_krull_vta_3seed_to_400000_20260208_112207/atari_krull_seed0/checkpoints/step-000087500.pt,/home/haselab/projects/stable-deep-world-model/logs/models/from_scratch_atari_krull_vta_3seed_to_400000_20260208_112207/atari_krull_seed0/eval_eps/20260208T180330-44487f1ea8c44b5eaf22e05d1a89f711-1974.npz,485,505,0.0,2.449827865322698e-15,3.3620476722717285,4.959604740142822,0.0,5.496744155883789,nan,nan,nan,nan
atari_krull,/home/haselab/projects/stable-deep-world-model/logs/models/from_scratch_atari_krull_vta_3seed_to_400000_20260208_112207/atari_krull_seed0,/home/haselab/projects/stable-deep-world-model/logs/models/from_scratch_atari_krull_vta_3seed_to_400000_20260208_112207/atari_krull_seed0/checkpoints/step-000087500.pt,/home/haselab/projects/stable-deep-world-model/logs/models/from_scratch_atari_krull_vta_3seed_to_400000_20260208_112207/atari_krull_seed0/eval_eps/20260208T180330-44487f1ea8c44b5eaf22e05d1a89f711-1974.npz,490,510,0.0,1.050574540963035e-15,3.3367748260498047,5.173803806304932,0.0,5.701975345611572,nan,nan,nan,nan
atari_krull,/home/haselab/projects/stable-deep-world-model/logs/models/from_scratch_atari_krull_vta_3seed_to_400000_20260208_112207/atari_krull_seed0,/home/haselab/projects/stable-deep-world-model/logs/models/from_scratch_atari_krull_vta_3seed_to_400000_20260208_112207/atari_krull_seed0/checkpoints/step-000087500.pt,/home/haselab/projects/stable-deep-world-model/logs/models/from_scratch_atari_krull_vta_3seed_to_400000_20260208_112207/atari_krull_seed0/eval_eps/20260208T180330-44487f1ea8c44b5eaf22e05d1a89f711-1974.npz,495,515,0.0,1.2481793485071002e-13,3.288712739944458,5.156775951385498,0.0,5.616764545440674,nan,nan,nan,nan
atari_krull,/home/haselab/projects/stable-deep-world-model/logs/models/from_scratch_atari_krull_vta_3seed_to_400000_20260208_112207/atari_krull_seed0,/home/haselab/projects/stable-deep-world-model/logs/models/from_scratch_atari_krull_vta_3seed_to_400000_20260208_112207/atari_krull_seed0/checkpoints/step-000087500.pt,/home/haselab/projects/stable-deep-world-model/logs/models/from_scratch_atari_krull_vta_3seed_to_400000_20260208_112207/atari_krull_seed0/eval_eps/20260208T180330-44487f1ea8c44b5eaf22e05d1a89f711-1974.npz,500,520,0.0,1.9198116945999544e-13,3.264148235321045,4.99977970123291,0.0,5.403573989868164,nan,nan,nan,nan
atari_krull,/home/haselab/projects/stable-deep-world-model/logs/models/from_scratch_atari_krull_vta_3seed_to_400000_20260208_112207/atari_krull_seed0,/home/haselab/projects/stable-deep-world-model/logs/models/from_scratch_atari_krull_vta_3seed_to_400000_20260208_112207/atari_krull_seed0/checkpoints/step-000087500.pt,/home/haselab/projects/stable-deep-world-model/logs/models/from_scratch_atari_krull_vta_3seed_to_400000_20260208_112207/atari_krull_seed0/eval_eps/20260208T180330-44487f1ea8c44b5eaf22e05d1a89f711-1974.npz,505,525,0.0,1.9137939659668451e-13,3.25835919380188,4.968046188354492,0.0,5.348949909210205,nan,nan,nan,nan
atari_krull,/home/haselab/projects/stable-deep-world-model/logs/models/from_scratch_atari_krull_vta_3seed_to_400000_20260208_112207/atari_krull_seed0,/home/haselab/projects/stable-deep-world-model/logs/models/from_scratch_atari_krull_vta_3seed_to_400000_20260208_112207/atari_krull_seed0/checkpoints/step-000087500.pt,/home/haselab/projects/stable-deep-world-model/logs/models/from_scratch_atari_krull_vta_3seed_to_400000_20260208_112207/atari_krull_seed0/eval_eps/20260208T180330-44487f1ea8c44b5eaf22e05d1a89f711-1974.npz,510,530,0.0,2.7047870779055294e-13,3.28759765625,5.048608303070068,0.0,5.518322944641113,nan,nan,nan,nan
atari_krull,/home/haselab/projects/stable-deep-world-model/logs/models/from_scratch_atari_krull_vta_3seed_to_400000_20260208_112207/atari_krull_seed0,/home/haselab/projects/stable-deep-world-model/logs/models/from_scratch_atari_krull_vta_3seed_to_400000_20260208_112207/atari_krull_seed0/checkpoints/step-000087500.pt,/home/haselab/projects/stable-deep-world-model/logs/models/from_scratch_atari_krull_vta_3seed_to_400000_20260208_112207/atari_krull_seed0/eval_eps/20260208T180330-44487f1ea8c44b5eaf22e05d1a89f711-1974.npz,515,535,0.0,6.408546610048305e-11,3.2625648975372314,4.73016881942749,0.0,5.483382225036621,nan,nan,nan,nan
atari_krull,/home/haselab/projects/stable-deep-world-model/logs/models/from_scratch_atari_krull_vta_3seed_to_400000_20260208_112207/atari_krull_seed0,/home/haselab/projects/stable-deep-world-model/logs/models/from_scratch_atari_krull_vta_3seed_to_400000_20260208_112207/atari_krull_seed0/checkpoints/step-000087500.pt,/home/haselab/projects/stable-deep-world-model/logs/models/from_scratch_atari_krull_vta_3seed_to_400000_20260208_112207/atari_krull_seed0/eval_eps/20260208T180330-44487f1ea8c44b5eaf22e05d1a89f711-1974.npz,520,540,0.0,6.76109307429229e-11,3.283205032348633,4.403103351593018,0.0,5.405636787414551,nan,nan,nan,nan
atari_krull,/home/haselab/projects/stable-deep-world-model/logs/models/from_scratch_atari_krull_vta_3seed_to_400000_20260208_112207/atari_krull_seed0,/home/haselab/projects/stable-deep-world-model/logs/models/from_scratch_atari_krull_vta_3seed_to_400000_20260208_112207/atari_krull_seed0/checkpoints/step-000087500.pt,/home/haselab/projects/stable-deep-world-model/logs/models/from_scratch_atari_krull_vta_3seed_to_400000_20260208_112207/atari_krull_seed0/eval_eps/20260208T180330-44487f1ea8c44b5eaf22e05d1a89f711-1974.npz,525,545,0.0,6.761068094274236e-11,3.3571560382843018,4.461948871612549,0.0,5.479767799377441,nan,nan,nan,nan
atari_krull,/home/haselab/projects/stable-deep-world-model/logs/models/from_scratch_atari_krull_vta_3seed_to_400000_20260208_112207/atari_krull_seed0,/home/haselab/projects/stable-deep-world-model/logs/models/from_scratch_atari_krull_vta_3seed_to_400000_20260208_112207/atari_krull_seed0/checkpoints/step-000087500.pt,/home/haselab/projects/stable-deep-world-model/logs/models/from_scratch_atari_krull_vta_3seed_to_400000_20260208_112207/atari_krull_seed0/eval_eps/20260208T180330-44487f1ea8c44b5eaf22e05d1a89f711-1974.npz,530,550,0.0,6.753147346882926e-11,3.40351939201355,4.579566955566406,0.0,5.563235282897949,nan,nan,nan,nan
atari_krull,/home/haselab/projects/stable-deep-world-model/logs/models/from_scratch_atari_krull_vta_3seed_to_400000_20260208_112207/atari_krull_seed0,/home/haselab/projects/stable-deep-world-model/logs/models/from_scratch_atari_krull_vta_3seed_to_400000_20260208_112207/atari_krull_seed0/checkpoints/step-000087500.pt,/home/haselab/projects/stable-deep-world-model/logs/models/from_scratch_atari_krull_vta_3seed_to_400000_20260208_112207/atari_krull_seed0/eval_eps/20260208T180330-44487f1ea8c44b5eaf22e05d1a89f711-1974.npz,535,555,0.0,3.593350226746561e-12,3.540255069732666,4.94404411315918,0.0,5.723085880279541,nan,nan,nan,nan
atari_krull,/home/haselab/projects/stable-deep-world-model/logs/models/from_scratch_atari_krull_vta_3seed_to_400000_20260208_112207/atari_krull_seed0,/home/haselab/projects/stable-deep-world-model/logs/models/from_scratch_atari_krull_vta_3seed_to_400000_20260208_112207/atari_krull_seed0/checkpoints/step-000087500.pt,/home/haselab/projects/stable-deep-world-model/logs/models/from_scratch_atari_krull_vta_3seed_to_400000_20260208_112207/atari_krull_seed0/eval_eps/20260208T180330-44487f1ea8c44b5eaf22e05d1a89f711-1974.npz,540,560,0.0,8.638051525220011e-16,3.602567672729492,5.070222854614258,0.0,5.6705002784729,nan,nan,nan,nan
atari_krull,/home/haselab/projects/stable-deep-world-model/logs/models/from_scratch_atari_krull_vta_3seed_to_400000_20260208_112207/atari_krull_seed0,/home/haselab/projects/stable-deep-world-model/logs/models/from_scratch_atari_krull_vta_3seed_to_400000_20260208_112207/atari_krull_seed0/checkpoints/step-000087500.pt,/home/haselab/projects/stable-deep-world-model/logs/models/from_scratch_atari_krull_vta_3seed_to_400000_20260208_112207/atari_krull_seed0/eval_eps/20260208T180330-44487f1ea8c44b5eaf22e05d1a89f711-1974.npz,545,565,0.0,3.004188965736315e-13,3.586867094039917,4.947100639343262,0.0,5.473215103149414,nan,nan,nan,nan
atari_krull,/home/haselab/projects/stable-deep-world-model/logs/models/from_scratch_atari_krull_vta_3seed_to_400000_20260208_112207/atari_krull_seed0,/home/haselab/projects/stable-deep-world-model/logs/models/from_scratch_atari_krull_vta_3seed_to_400000_20260208_112207/atari_krull_seed0/checkpoints/step-000087500.pt,/home/haselab/projects/stable-deep-world-model/logs/models/from_scratch_atari_krull_vta_3seed_to_400000_20260208_112207/atari_krull_seed0/eval_eps/20260208T180330-44487f1ea8c44b5eaf22e05d1a89f711-1974.npz,550,570,0.0,3.0073759780223364e-13,3.5444388389587402,4.873875617980957,0.0,5.325612545013428,nan,nan,nan,nan
atari_krull,/home/haselab/projects/stable-deep-world-model/logs/models/from_scratch_atari_krull_vta_3seed_to_400000_20260208_112207/atari_krull_seed0,/home/haselab/projects/stable-deep-world-model/logs/models/from_scratch_atari_krull_vta_3seed_to_400000_20260208_112207/atari_krull_seed0/checkpoints/step-000087500.pt,/home/haselab/projects/stable-deep-world-model/logs/models/from_scratch_atari_krull_vta_3seed_to_400000_20260208_112207/atari_krull_seed0/eval_eps/20260208T180330-44487f1ea8c44b5eaf22e05d1a89f711-1974.npz,555,575,0.0,3.0013087826651075e-13,3.460667371749878,4.730666160583496,0.0,5.188614845275879,nan,nan,nan,nan
atari_krull,/home/haselab/projects/stable-deep-world-model/logs/models/from_scratch_atari_krull_vta_3seed_to_400000_20260208_112207/atari_krull_seed0,/home/haselab/projects/stable-deep-world-model/logs/models/from_scratch_atari_krull_vta_3seed_to_400000_20260208_112207/atari_krull_seed0/checkpoints/step-000087500.pt,/home/haselab/projects/stable-deep-world-model/logs/models/from_scratch_atari_krull_vta_3seed_to_400000_20260208_112207/atari_krull_seed0/eval_eps/20260208T180330-44487f1ea8c44b5eaf22e05d1a89f711-1974.npz,560,580,0.0,2.999206243602115e-13,3.5216708183288574,4.862375259399414,0.0,5.408238410949707,nan,nan,nan,nan
atari_krull,/home/haselab/projects/stable-deep-world-model/logs/models/from_scratch_atari_krull_vta_3seed_to_400000_20260208_112207/atari_krull_seed0,/home/haselab/projects/stable-deep-world-model/logs/models/from_scratch_atari_krull_vta_3seed_to_400000_20260208_112207/atari_krull_seed0/checkpoints/step-000087500.pt,/home/haselab/projects/stable-deep-world-model/logs/models/from_scratch_atari_krull_vta_3seed_to_400000_20260208_112207/atari_krull_seed0/eval_eps/20260208T180330-44487f1ea8c44b5eaf22e05d1a89f711-1974.npz,565,585,0.0,3.5808894886370864e-16,3.5292346477508545,4.731963157653809,0.0,5.279626846313477,nan,nan,nan,nan
atari_krull,/home/haselab/projects/stable-deep-world-model/logs/models/from_scratch_atari_krull_vta_3seed_to_400000_20260208_112207/atari_krull_seed0,/home/haselab/projects/stable-deep-world-model/logs/models/from_scratch_atari_krull_vta_3seed_to_400000_20260208_112207/atari_krull_seed0/checkpoints/step-000087500.pt,/home/haselab/projects/stable-deep-world-model/logs/models/from_scratch_atari_krull_vta_3seed_to_400000_20260208_112207/atari_krull_seed0/eval_eps/20260208T180330-44487f1ea8c44b5eaf22e05d1a89f711-1974.npz,570,590,0.0,3.928646011972832e-17,3.5305862426757812,4.6500139236450195,0.0,5.213032245635986,nan,nan,nan,nan
atari_krull,/home/haselab/projects/stable-deep-world-model/logs/models/from_scratch_atari_krull_vta_3seed_to_400000_20260208_112207/atari_krull_seed0,/home/haselab/projects/stable-deep-world-model/logs/models/from_scratch_atari_krull_vta_3seed_to_400000_20260208_112207/atari_krull_seed0/checkpoints/step-000087500.pt,/home/haselab/projects/stable-deep-world-model/logs/models/from_scratch_atari_krull_vta_3seed_to_400000_20260208_112207/atari_krull_seed0/eval_eps/20260208T180330-44487f1ea8c44b5eaf22e05d1a89f711-1974.npz,575,595,0.0,2.2579341393090123e-16,3.5116126537323,4.763270854949951,0.0,5.264280796051025,nan,nan,nan,nan
atari_krull,/home/haselab/projects/stable-deep-world-model/logs/models/from_scratch_atari_krull_vta_3seed_to_400000_20260208_112207/atari_krull_seed0,/home/haselab/projects/stable-deep-world-model/logs/models/from_scratch_atari_krull_vta_3seed_to_400000_20260208_112207/atari_krull_seed0/checkpoints/step-000087500.pt,/home/haselab/projects/stable-deep-world-model/logs/models/from_scratch_atari_krull_vta_3seed_to_400000_20260208_112207/atari_krull_seed0/eval_eps/20260208T180330-44487f1ea8c44b5eaf22e05d1a89f711-1974.npz,580,600,0.0,2.7922321992229803e-16,3.455219268798828,4.789246559143066,0.0,5.204455375671387,nan,nan,nan,nan
atari_krull,/home/haselab/projects/stable-deep-world-model/logs/models/from_scratch_atari_krull_vta_3seed_to_400000_20260208_112207/atari_krull_seed0,/home/haselab/projects/stable-deep-world-model/logs/models/from_scratch_atari_krull_vta_3seed_to_400000_20260208_112207/atari_krull_seed0/checkpoints/step-000087500.pt,/home/haselab/projects/stable-deep-world-model/logs/models/from_scratch_atari_krull_vta_3seed_to_400000_20260208_112207/atari_krull_seed0/eval_eps/20260208T180330-44487f1ea8c44b5eaf22e05d1a89f711-1974.npz,585,605,0.0,2.7922321992229803e-16,3.485924482345581,4.906619548797607,0.0,5.278687953948975,nan,nan,nan,nan
atari_krull,/home/haselab/projects/stable-deep-world-model/logs/models/from_scratch_atari_krull_vta_3seed_to_400000_20260208_112207/atari_krull_seed0,/home/haselab/projects/stable-deep-world-model/logs/models/from_scratch_atari_krull_vta_3seed_to_400000_20260208_112207/atari_krull_seed0/checkpoints/step-000087500.pt,/home/haselab/projects/stable-deep-world-model/logs/models/from_scratch_atari_krull_vta_3seed_to_400000_20260208_112207/atari_krull_seed0/eval_eps/20260208T180330-44487f1ea8c44b5eaf22e05d1a89f711-1974.npz,590,610,0.0,4.332560396195064e-15,3.546988010406494,4.9732537269592285,0.0,5.357750415802002,nan,nan,nan,nan
atari_krull,/home/haselab/projects/stable-deep-world-model/logs/models/from_scratch_atari_krull_vta_3seed_to_400000_20260208_112207/atari_krull_seed0,/home/haselab/projects/stable-deep-world-model/logs/models/from_scratch_atari_krull_vta_3seed_to_400000_20260208_112207/atari_krull_seed0/checkpoints/step-000087500.pt,/home/haselab/projects/stable-deep-world-model/logs/models/from_scratch_atari_krull_vta_3seed_to_400000_20260208_112207/atari_krull_seed0/eval_eps/20260208T180330-44487f1ea8c44b5eaf22e05d1a89f711-1974.npz,595,615,0.0,7.253982536989303e-15,3.5743606090545654,4.888627529144287,0.0,5.2231550216674805,nan,nan,nan,nan
atari_krull,/home/haselab/projects/stable-deep-world-model/logs/models/from_scratch_atari_krull_vta_3seed_to_400000_20260208_112207/atari_krull_seed0,/home/haselab/projects/stable-deep-world-model/logs/models/from_scratch_atari_krull_vta_3seed_to_400000_20260208_112207/atari_krull_seed0/checkpoints/step-000087500.pt,/home/haselab/projects/stable-deep-world-model/logs/models/from_scratch_atari_krull_vta_3seed_to_400000_20260208_112207/atari_krull_seed0/eval_eps/20260208T180330-44487f1ea8c44b5eaf22e05d1a89f711-1974.npz,600,620,0.0,7.912382940955965e-15,3.549179792404175,4.935248374938965,0.0,5.272852897644043,nan,nan,nan,nan
atari_krull,/home/haselab/projects/stable-deep-world-model/logs/models/from_scratch_atari_krull_vta_3seed_to_400000_20260208_112207/atari_krull_seed0,/home/haselab/projects/stable-deep-world-model/logs/models/from_scratch_atari_krull_vta_3seed_to_400000_20260208_112207/atari_krull_seed0/checkpoints/step-000087500.pt,/home/haselab/projects/stable-deep-world-model/logs/models/from_scratch_atari_krull_vta_3seed_to_400000_20260208_112207/atari_krull_seed0/eval_eps/20260208T180330-44487f1ea8c44b5eaf22e05d1a89f711-1974.npz,605,625,0.0,7.962015683533278e-15,3.519545316696167,4.925553321838379,0.0,5.341960430145264,nan,nan,nan,nan
atari_krull,/home/haselab/projects/stable-deep-world-model/logs/models/from_scratch_atari_krull_vta_3seed_to_400000_20260208_112207/atari_krull_seed0,/home/haselab/projects/stable-deep-world-model/logs/models/from_scratch_atari_krull_vta_3seed_to_400000_20260208_112207/atari_krull_seed0/checkpoints/step-000087500.pt,/home/haselab/projects/stable-deep-world-model/logs/models/from_scratch_atari_krull_vta_3seed_to_400000_20260208_112207/atari_krull_seed0/eval_eps/20260208T180330-44487f1ea8c44b5eaf22e05d1a89f711-1974.npz,610,630,0.0,4.245152101752577e-15,3.462010145187378,4.712289810180664,0.0,5.140373229980469,nan,nan,nan,nan
atari_krull,/home/haselab/projects/stable-deep-world-model/logs/models/from_scratch_atari_krull_vta_3seed_to_400000_20260208_112207/atari_krull_seed0,/home/haselab/projects/stable-deep-world-model/logs/models/from_scratch_atari_krull_vta_3seed_to_400000_20260208_112207/atari_krull_seed0/checkpoints/step-000087500.pt,/home/haselab/projects/stable-deep-world-model/logs/models/from_scratch_atari_krull_vta_3seed_to_400000_20260208_112207/atari_krull_seed0/eval_eps/20260208T180330-44487f1ea8c44b5eaf22e05d1a89f711-1974.npz,615,635,0.0,1.8255442544055445e-15,3.461944580078125,4.531399250030518,0.0,4.90443754196167,nan,nan,nan,nan
atari_krull,/home/haselab/projects/stable-deep-world-model/logs/models/from_scratch_atari_krull_vta_3seed_to_400000_20260208_112207/atari_krull_seed0,/home/haselab/projects/stable-deep-world-model/logs/models/from_scratch_atari_krull_vta_3seed_to_400000_20260208_112207/atari_krull_seed0/checkpoints/step-000087500.pt,/home/haselab/projects/stable-deep-world-model/logs/models/from_scratch_atari_krull_vta_3seed_to_400000_20260208_112207/atari_krull_seed0/eval_eps/20260208T180330-44487f1ea8c44b5eaf22e05d1a89f711-1974.npz,620,640,0.0,1.1154241245586532e-15,3.428431987762451,4.42073917388916,0.0,4.7300872802734375,nan,nan,nan,nan
atari_krull,/home/haselab/projects/stable-deep-world-model/logs/models/from_scratch_atari_krull_vta_3seed_to_400000_20260208_112207/atari_krull_seed0,/home/haselab/projects/stable-deep-world-model/logs/models/from_scratch_atari_krull_vta_3seed_to_400000_20260208_112207/atari_krull_seed0/checkpoints/step-000087500.pt,/home/haselab/projects/stable-deep-world-model/logs/models/from_scratch_atari_krull_vta_3seed_to_400000_20260208_112207/atari_krull_seed0/eval_eps/20260208T180330-44487f1ea8c44b5eaf22e05d1a89f711-1974.npz,625,645,0.0,1.0805066736157523e-15,3.3706817626953125,4.585505962371826,0.0,4.8896403312683105,nan,nan,nan,nan
atari_krull,/home/haselab/projects/stable-deep-world-model/logs/models/from_scratch_atari_krull_vta_3seed_to_400000_20260208_112207/atari_krull_seed0,/home/haselab/projects/stable-deep-world-model/logs/models/from_scratch_atari_krull_vta_3seed_to_400000_20260208_112207/atari_krull_seed0/checkpoints/step-000087500.pt,/home/haselab/projects/stable-deep-world-model/logs/models/from_scratch_atari_krull_vta_3seed_to_400000_20260208_112207/atari_krull_seed0/eval_eps/20260208T180330-44487f1ea8c44b5eaf22e05d1a89f711-1974.npz,630,650,0.0,7.648382994208415e-16,3.416968584060669,4.768136024475098,0.0,5.0514020919799805,nan,nan,nan,nan
atari_krull,/home/haselab/projects/stable-deep-world-model/logs/models/from_scratch_atari_krull_vta_3seed_to_400000_20260208_112207/atari_krull_seed0,/home/haselab/projects/stable-deep-world-model/logs/models/from_scratch_atari_krull_vta_3seed_to_400000_20260208_112207/atari_krull_seed0/checkpoints/step-000087500.pt,/home/haselab/projects/stable-deep-world-model/logs/models/from_scratch_atari_krull_vta_3seed_to_400000_20260208_112207/atari_krull_seed0/eval_eps/20260208T180330-44487f1ea8c44b5eaf22e05d1a89f711-1974.npz,635,655,0.0,4.626424474731534e-17,3.404313564300537,4.919508457183838,0.0,5.320369720458984,nan,nan,nan,nan
atari_krull,/home/haselab/projects/stable-deep-world-model/logs/models/from_scratch_atari_krull_vta_3seed_to_400000_20260208_112207/atari_krull_seed0,/home/haselab/projects/stable-deep-world-model/logs/models/from_scratch_atari_krull_vta_3seed_to_400000_20260208_112207/atari_krull_seed0/checkpoints/step-000087500.pt,/home/haselab/projects/stable-deep-world-model/logs/models/from_scratch_atari_krull_vta_3seed_to_400000_20260208_112207/atari_krull_seed0/eval_eps/20260208T180330-44487f1ea8c44b5eaf22e05d1a89f711-1974.npz,640,660,0.0,4.499452250704644e-17,3.3641040325164795,4.973513603210449,0.0,5.438721656799316,nan,nan,nan,nan
atari_krull,/home/haselab/projects/stable-deep-world-model/logs/models/from_scratch_atari_krull_vta_3seed_to_400000_20260208_112207/atari_krull_seed0,/home/haselab/projects/stable-deep-world-model/logs/models/from_scratch_atari_krull_vta_3seed_to_400000_20260208_112207/atari_krull_seed0/checkpoints/step-000087500.pt,/home/haselab/projects/stable-deep-world-model/logs/models/from_scratch_atari_krull_vta_3seed_to_400000_20260208_112207/atari_krull_seed0/eval_eps/20260208T180330-44487f1ea8c44b5eaf22e05d1a89f711-1974.npz,645,665,0.0,3.031923332705736e-17,3.336900234222412,4.827338695526123,0.0,5.301077842712402,nan,nan,nan,nan
atari_krull,/home/haselab/projects/stable-deep-world-model/logs/models/from_scratch_atari_krull_vta_3seed_to_400000_20260208_112207/atari_krull_seed0,/home/haselab/projects/stable-deep-world-model/logs/models/from_scratch_atari_krull_vta_3seed_to_400000_20260208_112207/atari_krull_seed0/checkpoints/step-000087500.pt,/home/haselab/projects/stable-deep-world-model/logs/models/from_scratch_atari_krull_vta_3seed_to_400000_20260208_112207/atari_krull_seed0/eval_eps/20260208T180330-44487f1ea8c44b5eaf22e05d1a89f711-1974.npz,650,670,0.0,2.746748349752772e-17,3.255038022994995,4.8423967361450195,0.0,5.357936382293701,nan,nan,nan,nan
atari_krull,/home/haselab/projects/stable-deep-world-model/logs/models/from_scratch_atari_krull_vta_3seed_to_400000_20260208_112207/atari_krull_seed0,/home/haselab/projects/stable-deep-world-model/logs/models/from_scratch_atari_krull_vta_3seed_to_400000_20260208_112207/atari_krull_seed0/checkpoints/step-000087500.pt,/home/haselab/projects/stable-deep-world-model/logs/models/from_scratch_atari_krull_vta_3seed_to_400000_20260208_112207/atari_krull_seed0/eval_eps/20260208T180330-44487f1ea8c44b5eaf22e05d1a89f711-1974.npz,655,675,0.0,1.8436917830992352e-17,3.2657151222229004,4.832470893859863,0.0,5.447277545928955,nan,nan,nan,nan
atari_krull,/home/haselab/projects/stable-deep-world-model/logs/models/from_scratch_atari_krull_vta_3seed_to_400000_20260208_112207/atari_krull_seed0,/home/haselab/projects/stable-deep-world-model/logs/models/from_scratch_atari_krull_vta_3seed_to_400000_20260208_112207/atari_krull_seed0/checkpoints/step-000087500.pt,/home/haselab/projects/stable-deep-world-model/logs/models/from_scratch_atari_krull_vta_3seed_to_400000_20260208_112207/atari_krull_seed0/eval_eps/20260208T180330-44487f1ea8c44b5eaf22e05d1a89f711-1974.npz,660,680,0.0,2.0073217071114944e-16,3.3462634086608887,4.736943244934082,0.0,5.286808490753174,nan,nan,nan,nan
atari_krull,/home/haselab/projects/stable-deep-world-model/logs/models/from_scratch_atari_krull_vta_3seed_to_400000_20260208_112207/atari_krull_seed0,/home/haselab/projects/stable-deep-world-model/logs/models/from_scratch_atari_krull_vta_3seed_to_400000_20260208_112207/atari_krull_seed0/checkpoints/step-000087500.pt,/home/haselab/projects/stable-deep-world-model/logs/models/from_scratch_atari_krull_vta_3seed_to_400000_20260208_112207/atari_krull_seed0/eval_eps/20260208T180330-44487f1ea8c44b5eaf22e05d1a89f711-1974.npz,665,685,0.0,6.652488241638908e-16,3.402937650680542,4.793599605560303,0.0,5.347006320953369,nan,nan,nan,nan
atari_krull,/home/haselab/projects/stable-deep-world-model/logs/models/from_scratch_atari_krull_vta_3seed_to_400000_20260208_112207/atari_krull_seed0,/home/haselab/projects/stable-deep-world-model/logs/models/from_scratch_atari_krull_vta_3seed_to_400000_20260208_112207/atari_krull_seed0/checkpoints/step-000087500.pt,/home/haselab/projects/stable-deep-world-model/logs/models/from_scratch_atari_krull_vta_3seed_to_400000_20260208_112207/atari_krull_seed0/eval_eps/20260208T180330-44487f1ea8c44b5eaf22e05d1a89f711-1974.npz,670,690,0.0,6.491704447591097e-16,3.424846649169922,4.812414646148682,0.0,5.269057273864746,nan,nan,nan,nan
atari_krull,/home/haselab/projects/stable-deep-world-model/logs/models/from_scratch_atari_krull_vta_3seed_to_400000_20260208_112207/atari_krull_seed0,/home/haselab/projects/stable-deep-world-model/logs/models/from_scratch_atari_krull_vta_3seed_to_400000_20260208_112207/atari_krull_seed0/checkpoints/step-000087500.pt,/home/haselab/projects/stable-deep-world-model/logs/models/from_scratch_atari_krull_vta_3seed_to_400000_20260208_112207/atari_krull_seed0/eval_eps/20260208T180330-44487f1ea8c44b5eaf22e05d1a89f711-1974.npz,675,695,0.0,6.912543238313739e-16,3.465672016143799,4.922040939331055,0.0,5.278875350952148,nan,nan,nan,nan
atari_krull,/home/haselab/projects/stable-deep-world-model/logs/models/from_scratch_atari_krull_vta_3seed_to_400000_20260208_112207/atari_krull_seed0,/home/haselab/projects/stable-deep-world-model/logs/models/from_scratch_atari_krull_vta_3seed_to_400000_20260208_112207/atari_krull_seed0/checkpoints/step-000087500.pt,/home/haselab/projects/stable-deep-world-model/logs/models/from_scratch_atari_krull_vta_3seed_to_400000_20260208_112207/atari_krull_seed0/eval_eps/20260208T180330-44487f1ea8c44b5eaf22e05d1a89f711-1974.npz,680,700,0.1,0.10000000149011612,3.844648838043213,5.374203205108643,0.7699857950210571,5.730133056640625,6.858251571655273,7.380462646484375,7.69985818862915,7.679570198059082
atari_krull,/home/haselab/projects/stable-deep-world-model/logs/models/from_scratch_atari_krull_vta_3seed_to_400000_20260208_112207/atari_krull_seed0,/home/haselab/projects/stable-deep-world-model/logs/models/from_scratch_atari_krull_vta_3seed_to_400000_20260208_112207/atari_krull_seed0/checkpoints/step-000087500.pt,/home/haselab/projects/stable-deep-world-model/logs/models/from_scratch_atari_krull_vta_3seed_to_400000_20260208_112207/atari_krull_seed0/eval_eps/20260208T180330-44487f1ea8c44b5eaf22e05d1a89f711-1974.npz,685,705,0.1,0.10000000149011612,3.9646048545837402,5.572391033172607,0.7699857950210571,5.869040489196777,6.858251571655273,7.380462646484375,7.69985818862915,7.679570198059082
atari_krull,/home/haselab/projects/stable-deep-world-model/logs/models/from_scratch_atari_krull_vta_3seed_to_400000_20260208_112207/atari_krull_seed0,/home/haselab/projects/stable-deep-world-model/logs/models/from_scratch_atari_krull_vta_3seed_to_400000_20260208_112207/atari_krull_seed0/checkpoints/step-000087500.pt,/home/haselab/projects/stable-deep-world-model/logs/models/from_scratch_atari_krull_vta_3seed_to_400000_20260208_112207/atari_krull_seed0/eval_eps/20260208T180330-44487f1ea8c44b5eaf22e05d1a89f711-1974.npz,690,710,0.1,0.10000000149011612,4.033865928649902,5.512481689453125,0.7699857950210571,5.800684928894043,6.858251571655273,7.380462646484375,7.69985818862915,7.679570198059082
atari_krull,/home/haselab/projects/stable-deep-world-model/logs/models/from_scratch_atari_krull_vta_3seed_to_400000_20260208_112207/atari_krull_seed0,/home/haselab/projects/stable-deep-world-model/logs/models/from_scratch_atari_krull_vta_3seed_to_400000_20260208_112207/atari_krull_seed0/checkpoints/step-000087500.pt,/home/haselab/projects/stable-deep-world-model/logs/models/from_scratch_atari_krull_vta_3seed_to_400000_20260208_112207/atari_krull_seed0/eval_eps/20260208T180330-44487f1ea8c44b5eaf22e05d1a89f711-1974.npz,695,715,0.1,0.10000000149011612,4.073302268981934,5.503016471862793,0.7699857950210571,5.69956636428833,6.858251571655273,7.380462646484375,7.69985818862915,7.679570198059082
atari_krull,/home/haselab/projects/stable-deep-world-model/logs/models/from_scratch_atari_krull_vta_3seed_to_400000_20260208_112207/atari_krull_seed0,/home/haselab/projects/stable-deep-world-model/logs/models/from_scratch_atari_krull_vta_3seed_to_400000_20260208_112207/atari_krull_seed0/checkpoints/step-000087500.pt,/home/haselab/projects/stable-deep-world-model/logs/models/from_scratch_atari_krull_vta_3seed_to_400000_20260208_112207/atari_krull_seed0/eval_eps/20260208T180330-44487f1ea8c44b5eaf22e05d1a89f711-1974.npz,700,720,0.0,1.3489957848694667e-12,3.696730136871338,5.24528694152832,0.0,5.420571327209473,nan,nan,nan,nan
atari_krull,/home/haselab/projects/stable-deep-world-model/logs/models/from_scratch_atari_krull_vta_3seed_to_400000_20260208_112207/atari_krull_seed0,/home/haselab/projects/stable-deep-world-model/logs/models/from_scratch_atari_krull_vta_3seed_to_400000_20260208_112207/atari_krull_seed0/checkpoints/step-000087500.pt,/home/haselab/projects/stable-deep-world-model/logs/models/from_scratch_atari_krull_vta_3seed_to_400000_20260208_112207/atari_krull_seed0/eval_eps/20260208T180330-44487f1ea8c44b5eaf22e05d1a89f711-1974.npz,705,725,0.0,1.3042912019520236e-12,3.6764895915985107,5.117824554443359,0.0,5.281572341918945,nan,nan,nan,nan
atari_krull,/home/haselab/projects/stable-deep-world-model/logs/models/from_scratch_atari_krull_vta_3seed_to_400000_20260208_112207/atari_krull_seed0,/home/haselab/projects/stable-deep-world-model/logs/models/from_scratch_atari_krull_vta_3seed_to_400000_20260208_112207/atari_krull_seed0/checkpoints/step-000087500.pt,/home/haselab/projects/stable-deep-world-model/logs/models/from_scratch_atari_krull_vta_3seed_to_400000_20260208_112207/atari_krull_seed0/eval_eps/20260208T180330-44487f1ea8c44b5eaf22e05d1a89f711-1974.npz,710,730,0.0,3.340632978576785e-11,3.687439441680908,5.43284273147583,0.0,5.614031791687012,nan,nan,nan,nan
atari_krull,/home/haselab/projects/stable-deep-world-model/logs/models/from_scratch_atari_krull_vta_3seed_to_400000_20260208_112207/atari_krull_seed0,/home/haselab/projects/stable-deep-world-model/logs/models/from_scratch_atari_krull_vta_3seed_to_400000_20260208_112207/atari_krull_seed0/checkpoints/step-000087500.pt,/home/haselab/projects/stable-deep-world-model/logs/models/from_scratch_atari_krull_vta_3seed_to_400000_20260208_112207/atari_krull_seed0/eval_eps/20260208T180330-44487f1ea8c44b5eaf22e05d1a89f711-1974.npz,715,735,0.0,3.354914956954502e-11,3.6615452766418457,5.566949844360352,0.0,5.7976884841918945,nan,nan,nan,nan
atari_krull,/home/haselab/projects/stable-deep-world-model/logs/models/from_scratch_atari_krull_vta_3seed_to_400000_20260208_112207/atari_krull_seed0,/home/haselab/projects/stable-deep-world-model/logs/models/from_scratch_atari_krull_vta_3seed_to_400000_20260208_112207/atari_krull_seed0/checkpoints/step-000087500.pt,/home/haselab/projects/stable-deep-world-model/logs/models/from_scratch_atari_krull_vta_3seed_to_400000_20260208_112207/atari_krull_seed0/eval_eps/20260208T180330-44487f1ea8c44b5eaf22e05d1a89f711-1974.npz,720,740,0.0,6.063179125437301e-11,3.6701207160949707,5.441033363342285,0.0,5.69101095199585,nan,nan,nan,nan
atari_krull,/home/haselab/projects/stable-deep-world-model/logs/models/from_scratch_atari_krull_vta_3seed_to_400000_20260208_112207/atari_krull_seed0,/home/haselab/projects/stable-deep-world-model/logs/models/from_scratch_atari_krull_vta_3seed_to_400000_20260208_112207/atari_krull_seed0/checkpoints/step-000087500.pt,/home/haselab/projects/stable-deep-world-model/logs/models/from_scratch_atari_krull_vta_3seed_to_400000_20260208_112207/atari_krull_seed0/eval_eps/20260208T180330-44487f1ea8c44b5eaf22e05d1a89f711-1974.npz,725,745,0.0,6.063059082572764e-11,3.563899517059326,5.4263200759887695,0.0,5.727693557739258,nan,nan,nan,nan
atari_krull,/home/haselab/projects/stable-deep-world-model/logs/models/from_scratch_atari_krull_vta_3seed_to_400000_20260208_112207/atari_krull_seed0,/home/haselab/projects/stable-deep-world-model/logs/models/from_scratch_atari_krull_vta_3seed_to_400000_20260208_112207/atari_krull_seed0/checkpoints/step-000087500.pt,/home/haselab/projects/stable-deep-world-model/logs/models/from_scratch_atari_krull_vta_3seed_to_400000_20260208_112207/atari_krull_seed0/eval_eps/20260208T180330-44487f1ea8c44b5eaf22e05d1a89f711-1974.npz,730,750,0.0,2.7281798348210984e-11,3.611793041229248,5.247190952301025,0.0,5.554390907287598,nan,nan,nan,nan
atari_krull,/home/haselab/projects/stable-deep-world-model/logs/models/from_scratch_atari_krull_vta_3seed_to_400000_20260208_112207/atari_krull_seed0,/home/haselab/projects/stable-deep-world-model/logs/models/from_scratch_atari_krull_vta_3seed_to_400000_20260208_112207/atari_krull_seed0/checkpoints/step-000087500.pt,/home/haselab/projects/stable-deep-world-model/logs/models/from_scratch_atari_krull_vta_3seed_to_400000_20260208_112207/atari_krull_seed0/eval_eps/20260208T180330-44487f1ea8c44b5eaf22e05d1a89f711-1974.npz,735,755,0.0,2.731328531402344e-11,3.5791125297546387,5.071445941925049,0.0,5.419912338256836,nan,nan,nan,nan
atari_krull,/home/haselab/projects/stable-deep-world-model/logs/models/from_scratch_atari_krull_vta_3seed_to_400000_20260208_112207/atari_krull_seed0,/home/haselab/projects/stable-deep-world-model/logs/models/from_scratch_atari_krull_vta_3seed_to_400000_20260208_112207/atari_krull_seed0/checkpoints/step-000087500.pt,/home/haselab/projects/stable-deep-world-model/logs/models/from_scratch_atari_krull_vta_3seed_to_400000_20260208_112207/atari_krull_seed0/eval_eps/20260208T180330-44487f1ea8c44b5eaf22e05d1a89f711-1974.npz,740,760,0.0,2.320799260234485e-13,3.59997820854187,5.167984962463379,0.0,5.602384567260742,nan,nan,nan,nan
atari_krull,/home/haselab/projects/stable-deep-world-model/logs/models/from_scratch_atari_krull_vta_3seed_to_400000_20260208_112207/atari_krull_seed0,/home/haselab/projects/stable-deep-world-model/logs/models/from_scratch_atari_krull_vta_3seed_to_400000_20260208_112207/atari_krull_seed0/checkpoints/step-000087500.pt,/home/haselab/projects/stable-deep-world-model/logs/models/from_scratch_atari_krull_vta_3seed_to_400000_20260208_112207/atari_krull_seed0/eval_eps/20260208T180330-44487f1ea8c44b5eaf22e05d1a89f711-1974.npz,745,765,0.0,2.3518074423675706e-13,3.6168372631073,5.144125461578369,0.0,5.56593132019043,nan,nan,nan,nan
atari_krull,/home/haselab/projects/stable-deep-world-model/logs/models/from_scratch_atari_krull_vta_3seed_to_400000_20260208_112207/atari_krull_seed0,/home/haselab/projects/stable-deep-world-model/logs/models/from_scratch_atari_krull_vta_3seed_to_400000_20260208_112207/atari_krull_seed0/checkpoints/step-000087500.pt,/home/haselab/projects/stable-deep-world-model/logs/models/from_scratch_atari_krull_vta_3seed_to_400000_20260208_112207/atari_krull_seed0/eval_eps/20260208T180330-44487f1ea8c44b5eaf22e05d1a89f711-1974.npz,750,770,0.0,2.0906392665231283e-13,3.519522190093994,5.032039165496826,0.0,5.482736587524414,nan,nan,nan,nan
atari_krull,/home/haselab/projects/stable-deep-world-model/logs/models/from_scratch_atari_krull_vta_3seed_to_400000_20260208_112207/atari_krull_seed0,/home/haselab/projects/stable-deep-world-model/logs/models/from_scratch_atari_krull_vta_3seed_to_400000_20260208_112207/atari_krull_seed0/checkpoints/step-000087500.pt,/home/haselab/projects/stable-deep-world-model/logs/models/from_scratch_atari_krull_vta_3seed_to_400000_20260208_112207/atari_krull_seed0/eval_eps/20260208T180330-44487f1ea8c44b5eaf22e05d1a89f711-1974.npz,755,775,0.0,3.043734819740962e-09,3.5904102325439453,5.31734561920166,0.0,5.868687629699707,nan,nan,nan,nan
atari_krull,/home/haselab/projects/stable-deep-world-model/logs/models/from_scratch_atari_krull_vta_3seed_to_400000_20260208_112207/atari_krull_seed0,/home/haselab/projects/stable-deep-world-model/logs/models/from_scratch_atari_krull_vta_3seed_to_400000_20260208_112207/atari_krull_seed0/checkpoints/step-000087500.pt,/home/haselab/projects/stable-deep-world-model/logs/models/from_scratch_atari_krull_vta_3seed_to_400000_20260208_112207/atari_krull_seed0/eval_eps/20260208T180330-44487f1ea8c44b5eaf22e05d1a89f711-1974.npz,760,780,0.0,3.0437334874733324e-09,3.5360355377197266,5.229992866516113,0.0,5.686104774475098,nan,nan,nan,nan
atari_krull,/home/haselab/projects/stable-deep-world-model/logs/models/from_scratch_atari_krull_vta_3seed_to_400000_20260208_112207/atari_krull_seed0,/home/haselab/projects/stable-deep-world-model/logs/models/from_scratch_atari_krull_vta_3seed_to_400000_20260208_112207/atari_krull_seed0/checkpoints/step-000087500.pt,/home/haselab/projects/stable-deep-world-model/logs/models/from_scratch_atari_krull_vta_3seed_to_400000_20260208_112207/atari_krull_seed0/eval_eps/20260208T180330-44487f1ea8c44b5eaf22e05d1a89f711-1974.npz,765,785,0.0,3.0437301568042585e-09,3.551994800567627,5.345302104949951,0.0,5.8315839767456055,nan,nan,nan,nan
atari_krull,/home/haselab/projects/stable-deep-world-model/logs/models/from_scratch_atari_krull_vta_3seed_to_400000_20260208_112207/atari_krull_seed0,/home/haselab/projects/stable-deep-world-model/logs/models/from_scratch_atari_krull_vta_3seed_to_400000_20260208_112207/atari_krull_seed0/checkpoints/step-000087500.pt,/home/haselab/projects/stable-deep-world-model/logs/models/from_scratch_atari_krull_vta_3seed_to_400000_20260208_112207/atari_krull_seed0/eval_eps/20260208T180330-44487f1ea8c44b5eaf22e05d1a89f711-1974.npz,770,790,0.0,3.043711060968235e-09,3.5350422859191895,5.497996807098389,0.0,6.1112775802612305,nan,nan,nan,nan
atari_krull,/home/haselab/projects/stable-deep-world-model/logs/models/from_scratch_atari_krull_vta_3seed_to_400000_20260208_112207/atari_krull_seed0,/home/haselab/projects/stable-deep-world-model/logs/models/from_scratch_atari_krull_vta_3seed_to_400000_20260208_112207/atari_krull_seed0/checkpoints/step-000087500.pt,/home/haselab/projects/stable-deep-world-model/logs/models/from_scratch_atari_krull_vta_3seed_to_400000_20260208_112207/atari_krull_seed0/eval_eps/20260208T180330-44487f1ea8c44b5eaf22e05d1a89f711-1974.npz,775,795,0.0,9.212332028403665e-15,3.549708843231201,5.4249958992004395,0.0,5.917775630950928,nan,nan,nan,nan
atari_krull,/home/haselab/projects/stable-deep-world-model/logs/models/from_scratch_atari_krull_vta_3seed_to_400000_20260208_112207/atari_krull_seed0,/home/haselab/projects/stable-deep-world-model/logs/models/from_scratch_atari_krull_vta_3seed_to_400000_20260208_112207/atari_krull_seed0/checkpoints/step-000087500.pt,/home/haselab/projects/stable-deep-world-model/logs/models/from_scratch_atari_krull_vta_3seed_to_400000_20260208_112207/atari_krull_seed0/eval_eps/20260208T180330-44487f1ea8c44b5eaf22e05d1a89f711-1974.npz,780,800,0.0,9.190400651333357e-15,3.6633903980255127,5.569572925567627,0.0,6.059401035308838,nan,nan,nan,nan
atari_krull,/home/haselab/projects/stable-deep-world-model/logs/models/from_scratch_atari_krull_vta_3seed_to_400000_20260208_112207/atari_krull_seed0,/home/haselab/projects/stable-deep-world-model/logs/models/from_scratch_atari_krull_vta_3seed_to_400000_20260208_112207/atari_krull_seed0/checkpoints/step-000087500.pt,/home/haselab/projects/stable-deep-world-model/logs/models/from_scratch_atari_krull_vta_3seed_to_400000_20260208_112207/atari_krull_seed0/eval_eps/20260208T180330-44487f1ea8c44b5eaf22e05d1a89f711-1974.npz,785,805,0.0,9.699890969106818e-15,3.630683183670044,5.5292158126831055,0.0,6.009146213531494,nan,nan,nan,nan
atari_krull,/home/haselab/projects/stable-deep-world-model/logs/models/from_scratch_atari_krull_vta_3seed_to_400000_20260208_112207/atari_krull_seed0,/home/haselab/projects/stable-deep-world-model/logs/models/from_scratch_atari_krull_vta_3seed_to_400000_20260208_112207/atari_krull_seed0/checkpoints/step-000087500.pt,/home/haselab/projects/stable-deep-world-model/logs/models/from_scratch_atari_krull_vta_3seed_to_400000_20260208_112207/atari_krull_seed0/eval_eps/20260208T180330-44487f1ea8c44b5eaf22e05d1a89f711-1974.npz,790,810,0.0,9.060226510416948e-16,3.655134916305542,5.52364444732666,0.0,5.791236400604248,nan,nan,nan,nan
atari_krull,/home/haselab/projects/stable-deep-world-model/logs/models/from_scratch_atari_krull_vta_3seed_to_400000_20260208_112207/atari_krull_seed0,/home/haselab/projects/stable-deep-world-model/logs/models/from_scratch_atari_krull_vta_3seed_to_400000_20260208_112207/atari_krull_seed0/checkpoints/step-000087500.pt,/home/haselab/projects/stable-deep-world-model/logs/models/from_scratch_atari_krull_vta_3seed_to_400000_20260208_112207/atari_krull_seed0/eval_eps/20260208T180330-44487f1ea8c44b5eaf22e05d1a89f711-1974.npz,795,815,0.0,4.367218443297868e-15,3.550884962081909,5.310491561889648,0.0,5.611837863922119,nan,nan,nan,nan
atari_krull,/home/haselab/projects/stable-deep-world-model/logs/models/from_scratch_atari_krull_vta_3seed_to_400000_20260208_112207/atari_krull_seed0,/home/haselab/projects/stable-deep-world-model/logs/models/from_scratch_atari_krull_vta_3seed_to_400000_20260208_112207/atari_krull_seed0/checkpoints/step-000087500.pt,/home/haselab/projects/stable-deep-world-model/logs/models/from_scratch_atari_krull_vta_3seed_to_400000_20260208_112207/atari_krull_seed0/eval_eps/20260208T180330-44487f1ea8c44b5eaf22e05d1a89f711-1974.npz,800,820,0.0,4.979212788608356e-12,3.495269298553467,5.209598064422607,0.0,5.593480110168457,nan,nan,nan,nan
atari_krull,/home/haselab/projects/stable-deep-world-model/logs/models/from_scratch_atari_krull_vta_3seed_to_400000_20260208_112207/atari_krull_seed0,/home/haselab/projects/stable-deep-world-model/logs/models/from_scratch_atari_krull_vta_3seed_to_400000_20260208_112207/atari_krull_seed0/checkpoints/step-000087500.pt,/home/haselab/projects/stable-deep-world-model/logs/models/from_scratch_atari_krull_vta_3seed_to_400000_20260208_112207/atari_krull_seed0/eval_eps/20260208T180330-44487f1ea8c44b5eaf22e05d1a89f711-1974.npz,805,825,0.0,1.2238125790542398e-10,3.5696539878845215,5.14847469329834,0.0,5.545515537261963,nan,nan,nan,nan
atari_krull,/home/haselab/projects/stable-deep-world-model/logs/models/from_scratch_atari_krull_vta_3seed_to_400000_20260208_112207/atari_krull_seed0,/home/haselab/projects/stable-deep-world-model/logs/models/from_scratch_atari_krull_vta_3seed_to_400000_20260208_112207/atari_krull_seed0/checkpoints/step-000087500.pt,/home/haselab/projects/stable-deep-world-model/logs/models/from_scratch_atari_krull_vta_3seed_to_400000_20260208_112207/atari_krull_seed0/eval_eps/20260208T180330-44487f1ea8c44b5eaf22e05d1a89f711-1974.npz,810,830,0.0,1.2384740455395615e-10,3.544651508331299,4.869553089141846,0.0,5.445123195648193,nan,nan,nan,nan
atari_krull,/home/haselab/projects/stable-deep-world-model/logs/models/from_scratch_atari_krull_vta_3seed_to_400000_20260208_112207/atari_krull_seed0,/home/haselab/projects/stable-deep-world-model/logs/models/from_scratch_atari_krull_vta_3seed_to_400000_20260208_112207/atari_krull_seed0/checkpoints/step-000087500.pt,/home/haselab/projects/stable-deep-world-model/logs/models/from_scratch_atari_krull_vta_3seed_to_400000_20260208_112207/atari_krull_seed0/eval_eps/20260208T180330-44487f1ea8c44b5eaf22e05d1a89f711-1974.npz,815,835,0.0,1.2402799620669924e-10,3.6013054847717285,5.1043524742126465,0.0,5.6715006828308105,nan,nan,nan,nan
atari_krull,/home/haselab/projects/stable-deep-world-model/logs/models/from_scratch_atari_krull_vta_3seed_to_400000_20260208_112207/atari_krull_seed0,/home/haselab/projects/stable-deep-world-model/logs/models/from_scratch_atari_krull_vta_3seed_to_400000_20260208_112207/atari_krull_seed0/checkpoints/step-000087500.pt,/home/haselab/projects/stable-deep-world-model/logs/models/from_scratch_atari_krull_vta_3seed_to_400000_20260208_112207/atari_krull_seed0/eval_eps/20260208T180330-44487f1ea8c44b5eaf22e05d1a89f711-1974.npz,820,840,0.0,1.2192426235291265e-10,3.5718512535095215,5.163835048675537,0.0,5.734552383422852,nan,nan,nan,nan
atari_krull,/home/haselab/projects/stable-deep-world-model/logs/models/from_scratch_atari_krull_vta_3seed_to_400000_20260208_112207/atari_krull_seed0,/home/haselab/projects/stable-deep-world-model/logs/models/from_scratch_atari_krull_vta_3seed_to_400000_20260208_112207/atari_krull_seed0/checkpoints/step-000087500.pt,/home/haselab/projects/stable-deep-world-model/logs/models/from_scratch_atari_krull_vta_3seed_to_400000_20260208_112207/atari_krull_seed0/eval_eps/20260208T180330-44487f1ea8c44b5eaf22e05d1a89f711-1974.npz,825,845,0.0,1.14457974348392e-11,3.5966620445251465,5.111145973205566,0.0,5.567873954772949,nan,nan,nan,nan
atari_krull,/home/haselab/projects/stable-deep-world-model/logs/models/from_scratch_atari_krull_vta_3seed_to_400000_20260208_112207/atari_krull_seed0,/home/haselab/projects/stable-deep-world-model/logs/models/from_scratch_atari_krull_vta_3seed_to_400000_20260208_112207/atari_krull_seed0/checkpoints/step-000087500.pt,/home/haselab/projects/stable-deep-world-model/logs/models/from_scratch_atari_krull_vta_3seed_to_400000_20260208_112207/atari_krull_seed0/eval_eps/20260208T180330-44487f1ea8c44b5eaf22e05d1a89f711-1974.npz,830,850,0.0,1.1248646111794436e-11,3.65995454788208,5.327645301818848,0.0,5.825325012207031,nan,nan,nan,nan
atari_krull,/home/haselab/projects/stable-deep-world-model/logs/models/from_scratch_atari_krull_vta_3seed_to_400000_20260208_112207/atari_krull_seed0,/home/haselab/projects/stable-deep-world-model/logs/models/from_scratch_atari_krull_vta_3seed_to_400000_20260208_112207/atari_krull_seed0/checkpoints/step-000087500.pt,/home/haselab/projects/stable-deep-world-model/logs/models/from_scratch_atari_krull_vta_3seed_to_400000_20260208_112207/atari_krull_seed0/eval_eps/20260208T180330-44487f1ea8c44b5eaf22e05d1a89f711-1974.npz,835,855,0.0,1.1066148865312986e-11,3.5783584117889404,5.0144267082214355,0.0,5.476986885070801,nan,nan,nan,nan
atari_krull,/home/haselab/projects/stable-deep-world-model/logs/models/from_scratch_atari_krull_vta_3seed_to_400000_20260208_112207/atari_krull_seed0,/home/haselab/projects/stable-deep-world-model/logs/models/from_scratch_atari_krull_vta_3seed_to_400000_20260208_112207/atari_krull_seed0/checkpoints/step-000087500.pt,/home/haselab/projects/stable-deep-world-model/logs/models/from_scratch_atari_krull_vta_3seed_to_400000_20260208_112207/atari_krull_seed0/eval_eps/20260208T180330-44487f1ea8c44b5eaf22e05d1a89f711-1974.npz,840,860,0.0,8.198266718273395e-12,3.564182996749878,4.831862926483154,0.0,5.208505630493164,nan,nan,nan,nan
atari_krull,/home/haselab/projects/stable-deep-world-model/logs/models/from_scratch_atari_krull_vta_3seed_to_400000_20260208_112207/atari_krull_seed0,/home/haselab/projects/stable-deep-world-model/logs/models/from_scratch_atari_krull_vta_3seed_to_400000_20260208_112207/atari_krull_seed0/checkpoints/step-000087500.pt,/home/haselab/projects/stable-deep-world-model/logs/models/from_scratch_atari_krull_vta_3seed_to_400000_20260208_112207/atari_krull_seed0/eval_eps/20260208T180330-44487f1ea8c44b5eaf22e05d1a89f711-1974.npz,845,865,0.0,5.892474008728499e-12,3.4935760498046875,4.951106071472168,0.0,5.425705909729004,nan,nan,nan,nan
atari_krull,/home/haselab/projects/stable-deep-world-model/logs/models/from_scratch_atari_krull_vta_3seed_to_400000_20260208_112207/atari_krull_seed0,/home/haselab/projects/stable-deep-world-model/logs/models/from_scratch_atari_krull_vta_3seed_to_400000_20260208_112207/atari_krull_seed0/checkpoints/step-000087500.pt,/home/haselab/projects/stable-deep-world-model/logs/models/from_scratch_atari_krull_vta_3seed_to_400000_20260208_112207/atari_krull_seed0/eval_eps/20260208T180330-44487f1ea8c44b5eaf22e05d1a89f711-1974.npz,850,870,0.0,1.6016599158064082e-10,3.5101802349090576,5.1165313720703125,0.0,5.447715759277344,nan,nan,nan,nan
atari_krull,/home/haselab/projects/stable-deep-world-model/logs/models/from_scratch_atari_krull_vta_3seed_to_400000_20260208_112207/atari_krull_seed0,/home/haselab/projects/stable-deep-world-model/logs/models/from_scratch_atari_krull_vta_3seed_to_400000_20260208_112207/atari_krull_seed0/checkpoints/step-000087500.pt,/home/haselab/projects/stable-deep-world-model/logs/models/from_scratch_atari_krull_vta_3seed_to_400000_20260208_112207/atari_krull_seed0/eval_eps/20260208T180330-44487f1ea8c44b5eaf22e05d1a89f711-1974.npz,855,875,0.0,2.6705035405250044e-10,3.5698623657226562,5.213194847106934,0.0,5.5978288650512695,nan,nan,nan,nan
atari_krull,/home/haselab/projects/stable-deep-world-model/logs/models/from_scratch_atari_krull_vta_3seed_to_400000_20260208_112207/atari_krull_seed0,/home/haselab/projects/stable-deep-world-model/logs/models/from_scratch_atari_krull_vta_3seed_to_400000_20260208_112207/atari_krull_seed0/checkpoints/step-000087500.pt,/home/haselab/projects/stable-deep-world-model/logs/models/from_scratch_atari_krull_vta_3seed_to_400000_20260208_112207/atari_krull_seed0/eval_eps/20260208T180330-44487f1ea8c44b5eaf22e05d1a89f711-1974.npz,860,880,0.0,2.670471066501534e-10,3.59523344039917,5.254992485046387,0.0,5.682156562805176,nan,nan,nan,nan
atari_krull,/home/haselab/projects/stable-deep-world-model/logs/models/from_scratch_atari_krull_vta_3seed_to_400000_20260208_112207/atari_krull_seed0,/home/haselab/projects/stable-deep-world-model/logs/models/from_scratch_atari_krull_vta_3seed_to_400000_20260208_112207/atari_krull_seed0/checkpoints/step-000087500.pt,/home/haselab/projects/stable-deep-world-model/logs/models/from_scratch_atari_krull_vta_3seed_to_400000_20260208_112207/atari_krull_seed0/eval_eps/20260208T180330-44487f1ea8c44b5eaf22e05d1a89f711-1974.npz,865,885,0.0,2.6242877315674207e-10,3.5946803092956543,4.9844651222229,0.0,5.392163276672363,nan,nan,nan,nan
atari_krull,/home/haselab/projects/stable-deep-world-model/logs/models/from_scratch_atari_krull_vta_3seed_to_400000_20260208_112207/atari_krull_seed0,/home/haselab/projects/stable-deep-world-model/logs/models/from_scratch_atari_krull_vta_3seed_to_400000_20260208_112207/atari_krull_seed0/checkpoints/step-000087500.pt,/home/haselab/projects/stable-deep-world-model/logs/models/from_scratch_atari_krull_vta_3seed_to_400000_20260208_112207/atari_krull_seed0/eval_eps/20260208T180330-44487f1ea8c44b5eaf22e05d1a89f711-1974.npz,870,890,0.0,1.0688603474529046e-10,3.557313919067383,4.752406120300293,0.0,5.20567512512207,nan,nan,nan,nan
atari_krull,/home/haselab/projects/stable-deep-world-model/logs/models/from_scratch_atari_krull_vta_3seed_to_400000_20260208_112207/atari_krull_seed0,/home/haselab/projects/stable-deep-world-model/logs/models/from_scratch_atari_krull_vta_3seed_to_400000_20260208_112207/atari_krull_seed0/checkpoints/step-000087500.pt,/home/haselab/projects/stable-deep-world-model/logs/models/from_scratch_atari_krull_vta_3seed_to_400000_20260208_112207/atari_krull_seed0/eval_eps/20260208T180330-44487f1ea8c44b5eaf22e05d1a89f711-1974.npz,875,895,0.0,1.4433270659371111e-13,3.590590000152588,4.900607585906982,0.0,5.272378444671631,nan,nan,nan,nan
atari_krull,/home/haselab/projects/stable-deep-world-model/logs/models/from_scratch_atari_krull_vta_3seed_to_400000_20260208_112207/atari_krull_seed0,/home/haselab/projects/stable-deep-world-model/logs/models/from_scratch_atari_krull_vta_3seed_to_400000_20260208_112207/atari_krull_seed0/checkpoints/step-000087500.pt,/home/haselab/projects/stable-deep-world-model/logs/models/from_scratch_atari_krull_vta_3seed_to_400000_20260208_112207/atari_krull_seed0/eval_eps/20260208T180330-44487f1ea8c44b5eaf22e05d1a89f711-1974.npz,880,900,0.0,1.4677732499464996e-13,3.6163973808288574,5.0464558601379395,0.0,5.486306667327881,nan,nan,nan,nan
atari_krull,/home/haselab/projects/stable-deep-world-model/logs/models/from_scratch_atari_krull_vta_3seed_to_400000_20260208_112207/atari_krull_seed0,/home/haselab/projects/stable-deep-world-model/logs/models/from_scratch_atari_krull_vta_3seed_to_400000_20260208_112207/atari_krull_seed0/checkpoints/step-000087500.pt,/home/haselab/projects/stable-deep-world-model/logs/models/from_scratch_atari_krull_vta_3seed_to_400000_20260208_112207/atari_krull_seed0/eval_eps/20260208T180330-44487f1ea8c44b5eaf22e05d1a89f711-1974.npz,885,905,0.0,1.5346373531763963e-13,3.6649513244628906,5.134463310241699,0.0,5.594272136688232,nan,nan,nan,nan
atari_krull,/home/haselab/projects/stable-deep-world-model/logs/models/from_scratch_atari_krull_vta_3seed_to_400000_20260208_112207/atari_krull_seed0,/home/haselab/projects/stable-deep-world-model/logs/models/from_scratch_atari_krull_vta_3seed_to_400000_20260208_112207/atari_krull_seed0/checkpoints/step-000087500.pt,/home/haselab/projects/stable-deep-world-model/logs/models/from_scratch_atari_krull_vta_3seed_to_400000_20260208_112207/atari_krull_seed0/eval_eps/20260208T180330-44487f1ea8c44b5eaf22e05d1a89f711-1974.npz,890,910,0.0,8.915260196751262e-11,3.638301134109497,4.98936128616333,0.0,5.3931803703308105,nan,nan,nan,nan
atari_krull,/home/haselab/projects/stable-deep-world-model/logs/models/from_scratch_atari_krull_vta_3seed_to_400000_20260208_112207/atari_krull_seed0,/home/haselab/projects/stable-deep-world-model/logs/models/from_scratch_atari_krull_vta_3seed_to_400000_20260208_112207/atari_krull_seed0/checkpoints/step-000087500.pt,/home/haselab/projects/stable-deep-world-model/logs/models/from_scratch_atari_krull_vta_3seed_to_400000_20260208_112207/atari_krull_seed0/eval_eps/20260208T180330-44487f1ea8c44b5eaf22e05d1a89f711-1974.npz,895,915,0.0,9.086790764278874e-10,3.606382369995117,4.909509658813477,0.0,5.278621673583984,nan,nan,nan,nan
atari_krull,/home/haselab/projects/stable-deep-world-model/logs/models/from_scratch_atari_krull_vta_3seed_to_400000_20260208_112207/atari_krull_seed0,/home/haselab/projects/stable-deep-world-model/logs/models/from_scratch_atari_krull_vta_3seed_to_400000_20260208_112207/atari_krull_seed0/checkpoints/step-000087500.pt,/home/haselab/projects/stable-deep-world-model/logs/models/from_scratch_atari_krull_vta_3seed_to_400000_20260208_112207/atari_krull_seed0/eval_eps/20260208T180330-44487f1ea8c44b5eaf22e05d1a89f711-1974.npz,900,920,0.0,2.515198271879626e-09,3.6750292778015137,4.97321081161499,0.0,5.250311851501465,nan,nan,nan,nan
atari_krull,/home/haselab/projects/stable-deep-world-model/logs/models/from_scratch_atari_krull_vta_3seed_to_400000_20260208_112207/atari_krull_seed0,/home/haselab/projects/stable-deep-world-model/logs/models/from_scratch_atari_krull_vta_3seed_to_400000_20260208_112207/atari_krull_seed0/checkpoints/step-000087500.pt,/home/haselab/projects/stable-deep-world-model/logs/models/from_scratch_atari_krull_vta_3seed_to_400000_20260208_112207/atari_krull_seed0/eval_eps/20260208T180330-44487f1ea8c44b5eaf22e05d1a89f711-1974.npz,905,925,0.0,9.831283342975894e-09,3.67193341255188,5.0253214836120605,0.0,5.235977649688721,nan,nan,nan,nan
atari_krull,/home/haselab/projects/stable-deep-world-model/logs/models/from_scratch_atari_krull_vta_3seed_to_400000_20260208_112207/atari_krull_seed0,/home/haselab/projects/stable-deep-world-model/logs/models/from_scratch_atari_krull_vta_3seed_to_400000_20260208_112207/atari_krull_seed0/checkpoints/step-000087500.pt,/home/haselab/projects/stable-deep-world-model/logs/models/from_scratch_atari_krull_vta_3seed_to_400000_20260208_112207/atari_krull_seed0/eval_eps/20260208T180330-44487f1ea8c44b5eaf22e05d1a89f711-1974.npz,910,930,0.0,9.742859852224228e-09,3.706324815750122,5.240664482116699,0.0,5.489738464355469,nan,nan,nan,nan
atari_krull,/home/haselab/projects/stable-deep-world-model/logs/models/from_scratch_atari_krull_vta_3seed_to_400000_20260208_112207/atari_krull_seed0,/home/haselab/projects/stable-deep-world-model/logs/models/from_scratch_atari_krull_vta_3seed_to_400000_20260208_112207/atari_krull_seed0/checkpoints/step-000087500.pt,/home/haselab/projects/stable-deep-world-model/logs/models/from_scratch_atari_krull_vta_3seed_to_400000_20260208_112207/atari_krull_seed0/eval_eps/20260208T180330-44487f1ea8c44b5eaf22e05d1a89f711-1974.npz,915,935,0.0,8.924553540623492e-09,3.671008348464966,5.148495197296143,0.0,5.47183895111084,nan,nan,nan,nan
atari_krull,/home/haselab/projects/stable-deep-world-model/logs/models/from_scratch_atari_krull_vta_3seed_to_400000_20260208_112207/atari_krull_seed0,/home/haselab/projects/stable-deep-world-model/logs/models/from_scratch_atari_krull_vta_3seed_to_400000_20260208_112207/atari_krull_seed0/checkpoints/step-000087500.pt,/home/haselab/projects/stable-deep-world-model/logs/models/from_scratch_atari_krull_vta_3seed_to_400000_20260208_112207/atari_krull_seed0/eval_eps/20260208T180330-44487f1ea8c44b5eaf22e05d1a89f711-1974.npz,920,940,0.0,7.31803329045988e-09,3.631803512573242,5.268708229064941,0.0,5.6393938064575195,nan,nan,nan,nan
atari_krull,/home/haselab/projects/stable-deep-world-model/logs/models/from_scratch_atari_krull_vta_3seed_to_400000_20260208_112207/atari_krull_seed0,/home/haselab/projects/stable-deep-world-model/logs/models/from_scratch_atari_krull_vta_3seed_to_400000_20260208_112207/atari_krull_seed0/checkpoints/step-000087500.pt,/home/haselab/projects/stable-deep-world-model/logs/models/from_scratch_atari_krull_vta_3seed_to_400000_20260208_112207/atari_krull_seed0/eval_eps/20260208T180330-44487f1ea8c44b5eaf22e05d1a89f711-1974.npz,925,945,0.0,1.2911472238585908e-11,3.6470813751220703,5.520974159240723,0.0,5.978514194488525,nan,nan,nan,nan
atari_krull,/home/haselab/projects/stable-deep-world-model/logs/models/from_scratch_atari_krull_vta_3seed_to_400000_20260208_112207/atari_krull_seed0,/home/haselab/projects/stable-deep-world-model/logs/models/from_scratch_atari_krull_vta_3seed_to_400000_20260208_112207/atari_krull_seed0/checkpoints/step-000087500.pt,/home/haselab/projects/stable-deep-world-model/logs/models/from_scratch_atari_krull_vta_3seed_to_400000_20260208_112207/atari_krull_seed0/eval_eps/20260208T180330-44487f1ea8c44b5eaf22e05d1a89f711-1974.npz,930,950,0.0,2.4425741429467962e-08,3.6552376747131348,5.575482368469238,0.0,6.034430980682373,nan,nan,nan,nan
atari_krull,/home/haselab/projects/stable-deep-world-model/logs/models/from_scratch_atari_krull_vta_3seed_to_400000_20260208_112207/atari_krull_seed0,/home/haselab/projects/stable-deep-world-model/logs/models/from_scratch_atari_krull_vta_3seed_to_400000_20260208_112207/atari_krull_seed0/checkpoints/step-000087500.pt,/home/haselab/projects/stable-deep-world-model/logs/models/from_scratch_atari_krull_vta_3seed_to_400000_20260208_112207/atari_krull_seed0/eval_eps/20260208T180330-44487f1ea8c44b5eaf22e05d1a89f711-1974.npz,935,955,0.0,2.4909251550297995e-08,3.7536754608154297,5.5682830810546875,0.0,6.047220706939697,nan,nan,nan,nan
atari_krull,/home/haselab/projects/stable-deep-world-model/logs/models/from_scratch_atari_krull_vta_3seed_to_400000_20260208_112207/atari_krull_seed0,/home/haselab/projects/stable-deep-world-model/logs/models/from_scratch_atari_krull_vta_3seed_to_400000_20260208_112207/atari_krull_seed0/checkpoints/step-000087500.pt,/home/haselab/projects/stable-deep-world-model/logs/models/from_scratch_atari_krull_vta_3seed_to_400000_20260208_112207/atari_krull_seed0/eval_eps/20260208T180330-44487f1ea8c44b5eaf22e05d1a89f711-1974.npz,940,960,0.0,2.502160967310374e-08,3.735703229904175,5.403561592102051,0.0,5.827883243560791,nan,nan,nan,nan
atari_krull,/home/haselab/projects/stable-deep-world-model/logs/models/from_scratch_atari_krull_vta_3seed_to_400000_20260208_112207/atari_krull_seed0,/home/haselab/projects/stable-deep-world-model/logs/models/from_scratch_atari_krull_vta_3seed_to_400000_20260208_112207/atari_krull_seed0/checkpoints/step-000087500.pt,/home/haselab/projects/stable-deep-world-model/logs/models/from_scratch_atari_krull_vta_3seed_to_400000_20260208_112207/atari_krull_seed0/eval_eps/20260208T180330-44487f1ea8c44b5eaf22e05d1a89f711-1974.npz,945,965,0.0,2.5012729665263578e-08,3.767759323120117,5.230151176452637,0.0,5.621294975280762,nan,nan,nan,nan
atari_krull,/home/haselab/projects/stable-deep-world-model/logs/models/from_scratch_atari_krull_vta_3seed_to_400000_20260208_112207/atari_krull_seed0,/home/haselab/projects/stable-deep-world-model/logs/models/from_scratch_atari_krull_vta_3seed_to_400000_20260208_112207/atari_krull_seed0/checkpoints/step-000087500.pt,/home/haselab/projects/stable-deep-world-model/logs/models/from_scratch_atari_krull_vta_3seed_to_400000_20260208_112207/atari_krull_seed0/eval_eps/20260208T180330-44487f1ea8c44b5eaf22e05d1a89f711-1974.npz,950,970,0.0,5.993293639150465e-10,3.786736249923706,5.301649570465088,0.0,5.706640720367432,nan,nan,nan,nan
atari_krull,/home/haselab/projects/stable-deep-world-model/logs/models/from_scratch_atari_krull_vta_3seed_to_400000_20260208_112207/atari_krull_seed0,/home/haselab/projects/stable-deep-world-model/logs/models/from_scratch_atari_krull_vta_3seed_to_400000_20260208_112207/atari_krull_seed0/checkpoints/step-000087500.pt,/home/haselab/projects/stable-deep-world-model/logs/models/from_scratch_atari_krull_vta_3seed_to_400000_20260208_112207/atari_krull_seed0/eval_eps/20260208T180330-44487f1ea8c44b5eaf22e05d1a89f711-1974.npz,955,975,0.0,1.2664905235659774e-10,3.7414517402648926,5.3781585693359375,0.0,5.825328350067139,nan,nan,nan,nan
atari_krull,/home/haselab/projects/stable-deep-world-model/logs/models/from_scratch_atari_krull_vta_3seed_to_400000_20260208_112207/atari_krull_seed0,/home/haselab/projects/stable-deep-world-model/logs/models/from_scratch_atari_krull_vta_3seed_to_400000_20260208_112207/atari_krull_seed0/checkpoints/step-000087500.pt,/home/haselab/projects/stable-deep-world-model/logs/models/from_scratch_atari_krull_vta_3seed_to_400000_20260208_112207/atari_krull_seed0/eval_eps/20260208T180330-44487f1ea8c44b5eaf22e05d1a89f711-1974.npz,960,980,0.0,1.4547986079693764e-11,3.7477385997772217,5.25644063949585,0.0,5.78036642074585,nan,nan,nan,nan
atari_krull,/home/haselab/projects/stable-deep-world-model/logs/models/from_scratch_atari_krull_vta_3seed_to_400000_20260208_112207/atari_krull_seed0,/home/haselab/projects/stable-deep-world-model/logs/models/from_scratch_atari_krull_vta_3seed_to_400000_20260208_112207/atari_krull_seed0/checkpoints/step-000087500.pt,/home/haselab/projects/stable-deep-world-model/logs/models/from_scratch_atari_krull_vta_3seed_to_400000_20260208_112207/atari_krull_seed0/eval_eps/20260208T180330-44487f1ea8c44b5eaf22e05d1a89f711-1974.npz,965,985,0.0,1.2459351259042073e-11,3.679159164428711,5.283740043640137,0.0,5.918020248413086,nan,nan,nan,nan
atari_krull,/home/haselab/projects/stable-deep-world-model/logs/models/from_scratch_atari_krull_vta_3seed_to_400000_20260208_112207/atari_krull_seed0,/home/haselab/projects/stable-deep-world-model/logs/models/from_scratch_atari_krull_vta_3seed_to_400000_20260208_112207/atari_krull_seed0/checkpoints/step-000087500.pt,/home/haselab/projects/stable-deep-world-model/logs/models/from_scratch_atari_krull_vta_3seed_to_400000_20260208_112207/atari_krull_seed0/eval_eps/20260208T180330-44487f1ea8c44b5eaf22e05d1a89f711-1974.npz,970,990,0.0,1.253760290031991e-11,3.74513578414917,5.161593437194824,0.0,5.759177207946777,nan,nan,nan,nan
atari_krull,/home/haselab/projects/stable-deep-world-model/logs/models/from_scratch_atari_krull_vta_3seed_to_400000_20260208_112207/atari_krull_seed0,/home/haselab/projects/stable-deep-world-model/logs/models/from_scratch_atari_krull_vta_3seed_to_400000_20260208_112207/atari_krull_seed0/checkpoints/step-000087500.pt,/home/haselab/projects/stable-deep-world-model/logs/models/from_scratch_atari_krull_vta_3seed_to_400000_20260208_112207/atari_krull_seed0/eval_eps/20260208T180330-44487f1ea8c44b5eaf22e05d1a89f711-1974.npz,975,995,0.0,7.460146389526301e-11,3.76435923576355,5.003775596618652,0.0,5.623410224914551,nan,nan,nan,nan
atari_krull,/home/haselab/projects/stable-deep-world-model/logs/models/from_scratch_atari_krull_vta_3seed_to_400000_20260208_112207/atari_krull_seed0,/home/haselab/projects/stable-deep-world-model/logs/models/from_scratch_atari_krull_vta_3seed_to_400000_20260208_112207/atari_krull_seed0/checkpoints/step-000087500.pt,/home/haselab/projects/stable-deep-world-model/logs/models/from_scratch_atari_krull_vta_3seed_to_400000_20260208_112207/atari_krull_seed0/eval_eps/20260208T180330-44487f1ea8c44b5eaf22e05d1a89f711-1974.npz,980,1000,0.0,7.517123729039454e-11,3.7175705432891846,5.074763774871826,0.0,5.6523637771606445,nan,nan,nan,nan
atari_krull,/home/haselab/projects/stable-deep-world-model/logs/models/from_scratch_atari_krull_vta_3seed_to_400000_20260208_112207/atari_krull_seed0,/home/haselab/projects/stable-deep-world-model/logs/models/from_scratch_atari_krull_vta_3seed_to_400000_20260208_112207/atari_krull_seed0/checkpoints/step-000087500.pt,/home/haselab/projects/stable-deep-world-model/logs/models/from_scratch_atari_krull_vta_3seed_to_400000_20260208_112207/atari_krull_seed0/eval_eps/20260208T180330-44487f1ea8c44b5eaf22e05d1a89f711-1974.npz,985,1005,0.0,1.4839002249189548e-10,3.6606850624084473,4.962643623352051,0.0,5.464873313903809,nan,nan,nan,nan
atari_krull,/home/haselab/projects/stable-deep-world-model/logs/models/from_scratch_atari_krull_vta_3seed_to_400000_20260208_112207/atari_krull_seed0,/home/haselab/projects/stable-deep-world-model/logs/models/from_scratch_atari_krull_vta_3seed_to_400000_20260208_112207/atari_krull_seed0/checkpoints/step-000087500.pt,/home/haselab/projects/stable-deep-world-model/logs/models/from_scratch_atari_krull_vta_3seed_to_400000_20260208_112207/atari_krull_seed0/eval_eps/20260208T180330-44487f1ea8c44b5eaf22e05d1a89f711-1974.npz,990,1010,0.0,1.4856335606161508e-10,3.544290065765381,4.9062700271606445,0.0,5.403820991516113,nan,nan,nan,nan
atari_krull,/home/haselab/projects/stable-deep-world-model/logs/models/from_scratch_atari_krull_vta_3seed_to_400000_20260208_112207/atari_krull_seed0,/home/haselab/projects/stable-deep-world-model/logs/models/from_scratch_atari_krull_vta_3seed_to_400000_20260208_112207/atari_krull_seed0/checkpoints/step-000087500.pt,/home/haselab/projects/stable-deep-world-model/logs/models/from_scratch_atari_krull_vta_3seed_to_400000_20260208_112207/atari_krull_seed0/eval_eps/20260208T180330-44487f1ea8c44b5eaf22e05d1a89f711-1974.npz,995,1015,0.0,7.451499833832642e-11,3.543001174926758,5.036934852600098,0.0,5.450416088104248,nan,nan,nan,nan
atari_krull,/home/haselab/projects/stable-deep-world-model/logs/models/from_scratch_atari_krull_vta_3seed_to_400000_20260208_112207/atari_krull_seed0,/home/haselab/projects/stable-deep-world-model/logs/models/from_scratch_atari_krull_vta_3seed_to_400000_20260208_112207/atari_krull_seed0/checkpoints/step-000087500.pt,/home/haselab/projects/stable-deep-world-model/logs/models/from_scratch_atari_krull_vta_3seed_to_400000_20260208_112207/atari_krull_seed0/eval_eps/20260208T180330-44487f1ea8c44b5eaf22e05d1a89f711-1974.npz,1000,1020,0.0,7.405107083080509e-11,3.5247883796691895,4.892913818359375,0.0,5.385683536529541,nan,nan,nan,nan
atari_krull,/home/haselab/projects/stable-deep-world-model/logs/models/from_scratch_atari_krull_vta_3seed_to_400000_20260208_112207/atari_krull_seed0,/home/haselab/projects/stable-deep-world-model/logs/models/from_scratch_atari_krull_vta_3seed_to_400000_20260208_112207/atari_krull_seed0/checkpoints/step-000087500.pt,/home/haselab/projects/stable-deep-world-model/logs/models/from_scratch_atari_krull_vta_3seed_to_400000_20260208_112207/atari_krull_seed0/eval_eps/20260208T180330-44487f1ea8c44b5eaf22e05d1a89f711-1974.npz,1005,1025,0.0,1.0636550234338626e-12,3.569749355316162,4.946789741516113,0.0,5.412380695343018,nan,nan,nan,nan
atari_krull,/home/haselab/projects/stable-deep-world-model/logs/models/from_scratch_atari_krull_vta_3seed_to_400000_20260208_112207/atari_krull_seed0,/home/haselab/projects/stable-deep-world-model/logs/models/from_scratch_atari_krull_vta_3seed_to_400000_20260208_112207/atari_krull_seed0/checkpoints/step-000087500.pt,/home/haselab/projects/stable-deep-world-model/logs/models/from_scratch_atari_krull_vta_3seed_to_400000_20260208_112207/atari_krull_seed0/eval_eps/20260208T180330-44487f1ea8c44b5eaf22e05d1a89f711-1974.npz,1010,1030,0.0,8.057839335010031e-13,3.535224437713623,4.8312482833862305,0.0,5.243904113769531,nan,nan,nan,nan
atari_krull,/home/haselab/projects/stable-deep-world-model/logs/models/from_scratch_atari_krull_vta_3seed_to_400000_20260208_112207/atari_krull_seed0,/home/haselab/projects/stable-deep-world-model/logs/models/from_scratch_atari_krull_vta_3seed_to_400000_20260208_112207/atari_krull_seed0/checkpoints/step-000087500.pt,/home/haselab/projects/stable-deep-world-model/logs/models/from_scratch_atari_krull_vta_3seed_to_400000_20260208_112207/atari_krull_seed0/eval_eps/20260208T180330-44487f1ea8c44b5eaf22e05d1a89f711-1974.npz,1015,1035,0.0,5.969462662895608e-13,3.512821674346924,4.82534122467041,0.0,5.205281734466553,nan,nan,nan,nan
atari_krull,/home/haselab/projects/stable-deep-world-model/logs/models/from_scratch_atari_krull_vta_3seed_to_400000_20260208_112207/atari_krull_seed0,/home/haselab/projects/stable-deep-world-model/logs/models/from_scratch_atari_krull_vta_3seed_to_400000_20260208_112207/atari_krull_seed0/checkpoints/step-000087500.pt,/home/haselab/projects/stable-deep-world-model/logs/models/from_scratch_atari_krull_vta_3seed_to_400000_20260208_112207/atari_krull_seed0/eval_eps/20260208T180330-44487f1ea8c44b5eaf22e05d1a89f711-1974.npz,1020,1040,0.0,2.365716672038387e-13,3.53110933303833,4.963335990905762,0.0,5.24143123626709,nan,nan,nan,nan
atari_krull,/home/haselab/projects/stable-deep-world-model/logs/models/from_scratch_atari_krull_vta_3seed_to_400000_20260208_112207/atari_krull_seed0,/home/haselab/projects/stable-deep-world-model/logs/models/from_scratch_atari_krull_vta_3seed_to_400000_20260208_112207/atari_krull_seed0/checkpoints/step-000087500.pt,/home/haselab/projects/stable-deep-world-model/logs/models/from_scratch_atari_krull_vta_3seed_to_400000_20260208_112207/atari_krull_seed0/eval_eps/20260208T180330-44487f1ea8c44b5eaf22e05d1a89f711-1974.npz,1025,1045,0.0,6.341767439828469e-16,3.4947400093078613,4.732354164123535,0.0,5.019674301147461,nan,nan,nan,nan
atari_krull,/home/haselab/projects/stable-deep-world-model/logs/models/from_scratch_atari_krull_vta_3seed_to_400000_20260208_112207/atari_krull_seed0,/home/haselab/projects/stable-deep-world-model/logs/models/from_scratch_atari_krull_vta_3seed_to_400000_20260208_112207/atari_krull_seed0/checkpoints/step-000087500.pt,/home/haselab/projects/stable-deep-world-model/logs/models/from_scratch_atari_krull_vta_3seed_to_400000_20260208_112207/atari_krull_seed0/eval_eps/20260208T180330-44487f1ea8c44b5eaf22e05d1a89f711-1974.npz,1030,1050,0.0,9.567871355156579e-16,3.539720058441162,4.797010898590088,0.0,5.135400295257568,nan,nan,nan,nan
atari_krull,/home/haselab/projects/stable-deep-world-model/logs/models/from_scratch_atari_krull_vta_3seed_to_400000_20260208_112207/atari_krull_seed0,/home/haselab/projects/stable-deep-world-model/logs/models/from_scratch_atari_krull_vta_3seed_to_400000_20260208_112207/atari_krull_seed0/checkpoints/step-000087500.pt,/home/haselab/projects/stable-deep-world-model/logs/models/from_scratch_atari_krull_vta_3seed_to_400000_20260208_112207/atari_krull_seed0/eval_eps/20260208T180330-44487f1ea8c44b5eaf22e05d1a89f711-1974.npz,1035,1055,0.0,9.450743639210254e-16,3.4849472045898438,4.606734275817871,0.0,4.98356819152832,nan,nan,nan,nan
atari_krull,/home/haselab/projects/stable-deep-world-model/logs/models/from_scratch_atari_krull_vta_3seed_to_400000_20260208_112207/atari_krull_seed0,/home/haselab/projects/stable-deep-world-model/logs/models/from_scratch_atari_krull_vta_3seed_to_400000_20260208_112207/atari_krull_seed0/checkpoints/step-000087500.pt,/home/haselab/projects/stable-deep-world-model/logs/models/from_scratch_atari_krull_vta_3seed_to_400000_20260208_112207/atari_krull_seed0/eval_eps/20260208T180330-44487f1ea8c44b5eaf22e05d1a89f711-1974.npz,1040,1060,0.0,1.9849505611228835e-13,3.5216212272644043,4.5306715965271,0.0,4.93753719329834,nan,nan,nan,nan
atari_krull,/home/haselab/projects/stable-deep-world-model/logs/models/from_scratch_atari_krull_vta_3seed_to_400000_20260208_112207/atari_krull_seed0,/home/haselab/projects/stable-deep-world-model/logs/models/from_scratch_atari_krull_vta_3seed_to_400000_20260208_112207/atari_krull_seed0/checkpoints/step-000087500.pt,/home/haselab/projects/stable-deep-world-model/logs/models/from_scratch_atari_krull_vta_3seed_to_400000_20260208_112207/atari_krull_seed0/eval_eps/20260208T180330-44487f1ea8c44b5eaf22e05d1a89f711-1974.npz,1045,1065,0.05,0.05000000074505806,3.749870777130127,5.138751029968262,0.23040243983268738,5.4871296882629395,6.950983047485352,9.187146186828613,4.608048915863037,9.387761116027832
atari_krull,/home/haselab/projects/stable-deep-world-model/logs/models/from_scratch_atari_krull_vta_3seed_to_400000_20260208_112207/atari_krull_seed0,/home/haselab/projects/stable-deep-world-model/logs/models/from_scratch_atari_krull_vta_3seed_to_400000_20260208_112207/atari_krull_seed0/checkpoints/step-000087500.pt,/home/haselab/projects/stable-deep-world-model/logs/models/from_scratch_atari_krull_vta_3seed_to_400000_20260208_112207/atari_krull_seed0/eval_eps/20260208T180330-44487f1ea8c44b5eaf22e05d1a89f711-1974.npz,1050,1070,0.05,0.05000000074505806,3.6111366748809814,5.363621234893799,0.23040243983268738,5.631925106048584,6.950983047485352,9.187146186828613,4.608048915863037,9.387761116027832
atari_krull,/home/haselab/projects/stable-deep-world-model/logs/models/from_scratch_atari_krull_vta_3seed_to_400000_20260208_112207/atari_krull_seed0,/home/haselab/projects/stable-deep-world-model/logs/models/from_scratch_atari_krull_vta_3seed_to_400000_20260208_112207/atari_krull_seed0/checkpoints/step-000087500.pt,/home/haselab/projects/stable-deep-world-model/logs/models/from_scratch_atari_krull_vta_3seed_to_400000_20260208_112207/atari_krull_seed0/eval_eps/20260208T180330-44487f1ea8c44b5eaf22e05d1a89f711-1974.npz,1055,1075,0.05,0.05000000074505806,3.594428300857544,5.743015766143799,0.23040243983268738,5.949269771575928,6.950983047485352,9.187146186828613,4.608048915863037,9.387761116027832
atari_krull,/home/haselab/projects/stable-deep-world-model/logs/models/from_scratch_atari_krull_vta_3seed_to_400000_20260208_112207/atari_krull_seed0,/home/haselab/projects/stable-deep-world-model/logs/models/from_scratch_atari_krull_vta_3seed_to_400000_20260208_112207/atari_krull_seed0/checkpoints/step-000087500.pt,/home/haselab/projects/stable-deep-world-model/logs/models/from_scratch_atari_krull_vta_3seed_to_400000_20260208_112207/atari_krull_seed0/eval_eps/20260208T180330-44487f1ea8c44b5eaf22e05d1a89f711-1974.npz,1060,1080,0.05,0.05000000074505806,3.4356837272644043,5.745026588439941,0.23040243983268738,5.939379692077637,6.950983047485352,9.187146186828613,4.608048915863037,9.387761116027832
atari_krull,/home/haselab/projects/stable-deep-world-model/logs/models/from_scratch_atari_krull_vta_3seed_to_400000_20260208_112207/atari_krull_seed0,/home/haselab/projects/stable-deep-world-model/logs/models/from_scratch_atari_krull_vta_3seed_to_400000_20260208_112207/atari_krull_seed0/checkpoints/step-000087500.pt,/home/haselab/projects/stable-deep-world-model/logs/models/from_scratch_atari_krull_vta_3seed_to_400000_20260208_112207/atari_krull_seed0/eval_eps/20260208T180330-44487f1ea8c44b5eaf22e05d1a89f711-1974.npz,1065,1085,0.0,6.186056148907404e-18,3.1004934310913086,5.280597686767578,0.0,5.47828483581543,nan,nan,nan,nan
atari_krull,/home/haselab/projects/stable-deep-world-model/logs/models/from_scratch_atari_krull_vta_3seed_to_400000_20260208_112207/atari_krull_seed0,/home/haselab/projects/stable-deep-world-model/logs/models/from_scratch_atari_krull_vta_3seed_to_400000_20260208_112207/atari_krull_seed0/checkpoints/step-000087500.pt,/home/haselab/projects/stable-deep-world-model/logs/models/from_scratch_atari_krull_vta_3seed_to_400000_20260208_112207/atari_krull_seed0/eval_eps/20260208T180330-44487f1ea8c44b5eaf22e05d1a89f711-1974.npz,1070,1090,0.0,2.8272219391339734e-17,3.1172516345977783,5.144103050231934,0.0,5.441218376159668,nan,nan,nan,nan
atari_krull,/home/haselab/projects/stable-deep-world-model/logs/models/from_scratch_atari_krull_vta_3seed_to_400000_20260208_112207/atari_krull_seed0,/home/haselab/projects/stable-deep-world-model/logs/models/from_scratch_atari_krull_vta_3seed_to_400000_20260208_112207/atari_krull_seed0/checkpoints/step-000087500.pt,/home/haselab/projects/stable-deep-world-model/logs/models/from_scratch_atari_krull_vta_3seed_to_400000_20260208_112207/atari_krull_seed0/eval_eps/20260208T180330-44487f1ea8c44b5eaf22e05d1a89f711-1974.npz,1075,1095,0.0,2.767620101840955e-17,3.0608067512512207,5.161433219909668,0.0,5.4574294090271,nan,nan,nan,nan
atari_krull,/home/haselab/projects/stable-deep-world-model/logs/models/from_scratch_atari_krull_vta_3seed_to_400000_20260208_112207/atari_krull_seed0,/home/haselab/projects/stable-deep-world-model/logs/models/from_scratch_atari_krull_vta_3seed_to_400000_20260208_112207/atari_krull_seed0/checkpoints/step-000087500.pt,/home/haselab/projects/stable-deep-world-model/logs/models/from_scratch_atari_krull_vta_3seed_to_400000_20260208_112207/atari_krull_seed0/eval_eps/20260208T180330-44487f1ea8c44b5eaf22e05d1a89f711-1974.npz,1080,1100,0.0,2.713435635815669e-17,3.0990352630615234,5.333176136016846,0.0,5.6226091384887695,nan,nan,nan,nan
atari_krull,/home/haselab/projects/stable-deep-world-model/logs/models/from_scratch_atari_krull_vta_3seed_to_400000_20260208_112207/atari_krull_seed0,/home/haselab/projects/stable-deep-world-model/logs/models/from_scratch_atari_krull_vta_3seed_to_400000_20260208_112207/atari_krull_seed0/checkpoints/step-000087500.pt,/home/haselab/projects/stable-deep-world-model/logs/models/from_scratch_atari_krull_vta_3seed_to_400000_20260208_112207/atari_krull_seed0/eval_eps/20260208T180330-44487f1ea8c44b5eaf22e05d1a89f711-1974.npz,1085,1105,0.0,2.2918077809630998e-17,3.0934951305389404,5.2815070152282715,0.0,5.712831974029541,nan,nan,nan,nan
atari_krull,/home/haselab/projects/stable-deep-world-model/logs/models/from_scratch_atari_krull_vta_3seed_to_400000_20260208_112207/atari_krull_seed0,/home/haselab/projects/stable-deep-world-model/logs/models/from_scratch_atari_krull_vta_3seed_to_400000_20260208_112207/atari_krull_seed0/checkpoints/step-000087500.pt,/home/haselab/projects/stable-deep-world-model/logs/models/from_scratch_atari_krull_vta_3seed_to_400000_20260208_112207/atari_krull_seed0/eval_eps/20260208T180330-44487f1ea8c44b5eaf22e05d1a89f711-1974.npz,1090,1110,0.0,3.8098129556602495e-21,3.1109273433685303,5.07470178604126,0.0,5.532769680023193,nan,nan,nan,nan
atari_krull,/home/haselab/projects/stable-deep-world-model/logs/models/from_scratch_atari_krull_vta_3seed_to_400000_20260208_112207/atari_krull_seed0,/home/haselab/projects/stable-deep-world-model/logs/models/from_scratch_atari_krull_vta_3seed_to_400000_20260208_112207/atari_krull_seed0/checkpoints/step-000087500.pt,/home/haselab/projects/stable-deep-world-model/logs/models/from_scratch_atari_krull_vta_3seed_to_400000_20260208_112207/atari_krull_seed0/eval_eps/20260208T180330-44487f1ea8c44b5eaf22e05d1a89f711-1974.npz,1095,1115,0.0,4.143527947477203e-16,3.1242551803588867,5.17367696762085,0.0,5.674523830413818,nan,nan,nan,nan
atari_krull,/home/haselab/projects/stable-deep-world-model/logs/models/from_scratch_atari_krull_vta_3seed_to_400000_20260208_112207/atari_krull_seed0,/home/haselab/projects/stable-deep-world-model/logs/models/from_scratch_atari_krull_vta_3seed_to_400000_20260208_112207/atari_krull_seed0/checkpoints/step-000087500.pt,/home/haselab/projects/stable-deep-world-model/logs/models/from_scratch_atari_krull_vta_3seed_to_400000_20260208_112207/atari_krull_seed0/eval_eps/20260208T180330-44487f1ea8c44b5eaf22e05d1a89f711-1974.npz,1100,1120,0.0,4.1435758577782823e-16,3.0808651447296143,5.020691871643066,0.0,5.619483947753906,nan,nan,nan,nan
atari_krull,/home/haselab/projects/stable-deep-world-model/logs/models/from_scratch_atari_krull_vta_3seed_to_400000_20260208_112207/atari_krull_seed0,/home/haselab/projects/stable-deep-world-model/logs/models/from_scratch_atari_krull_vta_3seed_to_400000_20260208_112207/atari_krull_seed0/checkpoints/step-000087500.pt,/home/haselab/projects/stable-deep-world-model/logs/models/from_scratch_atari_krull_vta_3seed_to_400000_20260208_112207/atari_krull_seed0/eval_eps/20260208T180330-44487f1ea8c44b5eaf22e05d1a89f711-1974.npz,1105,1125,0.0,4.1436407087383064e-16,3.0883474349975586,5.136750221252441,0.0,5.731119155883789,nan,nan,nan,nan
atari_krull,/home/haselab/projects/stable-deep-world-model/logs/models/from_scratch_atari_krull_vta_3seed_to_400000_20260208_112207/atari_krull_seed0,/home/haselab/projects/stable-deep-world-model/logs/models/from_scratch_atari_krull_vta_3seed_to_400000_20260208_112207/atari_krull_seed0/checkpoints/step-000087500.pt,/home/haselab/projects/stable-deep-world-model/logs/models/from_scratch_atari_krull_vta_3seed_to_400000_20260208_112207/atari_krull_seed0/eval_eps/20260208T180330-44487f1ea8c44b5eaf22e05d1a89f711-1974.npz,1110,1130,0.0,4.1436407087383064e-16,3.095079183578491,5.362673759460449,0.0,6.0063581466674805,nan,nan,nan,nan
atari_krull,/home/haselab/projects/stable-deep-world-model/logs/models/from_scratch_atari_krull_vta_3seed_to_400000_20260208_112207/atari_krull_seed0,/home/haselab/projects/stable-deep-world-model/logs/models/from_scratch_atari_krull_vta_3seed_to_400000_20260208_112207/atari_krull_seed0/checkpoints/step-000087500.pt,/home/haselab/projects/stable-deep-world-model/logs/models/from_scratch_atari_krull_vta_3seed_to_400000_20260208_112207/atari_krull_seed0/eval_eps/20260208T180330-44487f1ea8c44b5eaf22e05d1a89f711-1974.npz,1115,1135,0.0,9.062386063929364e-19,3.049849510192871,4.871518135070801,0.0,5.502371788024902,nan,nan,nan,nan
atari_krull,/home/haselab/projects/stable-deep-world-model/logs/models/from_scratch_atari_krull_vta_3seed_to_400000_20260208_112207/atari_krull_seed0,/home/haselab/projects/stable-deep-world-model/logs/models/from_scratch_atari_krull_vta_3seed_to_400000_20260208_112207/atari_krull_seed0/checkpoints/step-000087500.pt,/home/haselab/projects/stable-deep-world-model/logs/models/from_scratch_atari_krull_vta_3seed_to_400000_20260208_112207/atari_krull_seed0/eval_eps/20260208T180330-44487f1ea8c44b5eaf22e05d1a89f711-1974.npz,1120,1140,0.0,4.989771003420964e-18,3.0575060844421387,4.924800872802734,0.0,5.456955909729004,nan,nan,nan,nan
atari_krull,/home/haselab/projects/stable-deep-world-model/logs/models/from_scratch_atari_krull_vta_3seed_to_400000_20260208_112207/atari_krull_seed0,/home/haselab/projects/stable-deep-world-model/logs/models/from_scratch_atari_krull_vta_3seed_to_400000_20260208_112207/atari_krull_seed0/checkpoints/step-000087500.pt,/home/haselab/projects/stable-deep-world-model/logs/models/from_scratch_atari_krull_vta_3seed_to_400000_20260208_112207/atari_krull_seed0/eval_eps/20260208T180330-44487f1ea8c44b5eaf22e05d1a89f711-1974.npz,1125,1145,0.0,8.39561608439749e-15,3.0891470909118652,4.892919540405273,0.0,5.383285999298096,nan,nan,nan,nan
atari_krull,/home/haselab/projects/stable-deep-world-model/logs/models/from_scratch_atari_krull_vta_3seed_to_400000_20260208_112207/atari_krull_seed0,/home/haselab/projects/stable-deep-world-model/logs/models/from_scratch_atari_krull_vta_3seed_to_400000_20260208_112207/atari_krull_seed0/checkpoints/step-000087500.pt,/home/haselab/projects/stable-deep-world-model/logs/models/from_scratch_atari_krull_vta_3seed_to_400000_20260208_112207/atari_krull_seed0/eval_eps/20260208T180330-44487f1ea8c44b5eaf22e05d1a89f711-1974.npz,1130,1150,0.0,8.395627095825805e-15,3.095400810241699,4.806259632110596,0.0,5.176681041717529,nan,nan,nan,nan
atari_krull,/home/haselab/projects/stable-deep-world-model/logs/models/from_scratch_atari_krull_vta_3seed_to_400000_20260208_112207/atari_krull_seed0,/home/haselab/projects/stable-deep-world-model/logs/models/from_scratch_atari_krull_vta_3seed_to_400000_20260208_112207/atari_krull_seed0/checkpoints/step-000087500.pt,/home/haselab/projects/stable-deep-world-model/logs/models/from_scratch_atari_krull_vta_3seed_to_400000_20260208_112207/atari_krull_seed0/eval_eps/20260208T180330-44487f1ea8c44b5eaf22e05d1a89f711-1974.npz,1135,1155,0.0,9.401637115851423e-15,3.1743855476379395,5.016860008239746,0.0,5.469427108764648,nan,nan,nan,nan
atari_krull,/home/haselab/projects/stable-deep-world-model/logs/models/from_scratch_atari_krull_vta_3seed_to_400000_20260208_112207/atari_krull_seed0,/home/haselab/projects/stable-deep-world-model/logs/models/from_scratch_atari_krull_vta_3seed_to_400000_20260208_112207/atari_krull_seed0/checkpoints/step-000087500.pt,/home/haselab/projects/stable-deep-world-model/logs/models/from_scratch_atari_krull_vta_3seed_to_400000_20260208_112207/atari_krull_seed0/eval_eps/20260208T180330-44487f1ea8c44b5eaf22e05d1a89f711-1974.npz,1140,1160,0.0,1.0573649499912886e-14,3.1684043407440186,4.966671943664551,0.0,5.451939582824707,nan,nan,nan,nan
atari_krull,/home/haselab/projects/stable-deep-world-model/logs/models/from_scratch_atari_krull_vta_3seed_to_400000_20260208_112207/atari_krull_seed0,/home/haselab/projects/stable-deep-world-model/logs/models/from_scratch_atari_krull_vta_3seed_to_400000_20260208_112207/atari_krull_seed0/checkpoints/step-000087500.pt,/home/haselab/projects/stable-deep-world-model/logs/models/from_scratch_atari_krull_vta_3seed_to_400000_20260208_112207/atari_krull_seed0/eval_eps/20260208T180330-44487f1ea8c44b5eaf22e05d1a89f711-1974.npz,1145,1165,0.0,7.976883314043254e-14,3.1096365451812744,4.930964469909668,0.0,5.493988990783691,nan,nan,nan,nan
atari_krull,/home/haselab/projects/stable-deep-world-model/logs/models/from_scratch_atari_krull_vta_3seed_to_400000_20260208_112207/atari_krull_seed0,/home/haselab/projects/stable-deep-world-model/logs/models/from_scratch_atari_krull_vta_3seed_to_400000_20260208_112207/atari_krull_seed0/checkpoints/step-000087500.pt,/home/haselab/projects/stable-deep-world-model/logs/models/from_scratch_atari_krull_vta_3seed_to_400000_20260208_112207/atari_krull_seed0/eval_eps/20260208T180330-44487f1ea8c44b5eaf22e05d1a89f711-1974.npz,1150,1170,0.0,7.990282697642459e-14,3.083897352218628,4.927703857421875,0.0,5.55629825592041,nan,nan,nan,nan
atari_krull,/home/haselab/projects/stable-deep-world-model/logs/models/from_scratch_atari_krull_vta_3seed_to_400000_20260208_112207/atari_krull_seed0,/home/haselab/projects/stable-deep-world-model/logs/models/from_scratch_atari_krull_vta_3seed_to_400000_20260208_112207/atari_krull_seed0/checkpoints/step-000087500.pt,/home/haselab/projects/stable-deep-world-model/logs/models/from_scratch_atari_krull_vta_3seed_to_400000_20260208_112207/atari_krull_seed0/eval_eps/20260208T180330-44487f1ea8c44b5eaf22e05d1a89f711-1974.npz,1155,1175,0.0,7.88967009128852e-14,3.006800889968872,4.882735252380371,0.0,5.550148963928223,nan,nan,nan,nan
atari_krull,/home/haselab/projects/stable-deep-world-model/logs/models/from_scratch_atari_krull_vta_3seed_to_400000_20260208_112207/atari_krull_seed0,/home/haselab/projects/stable-deep-world-model/logs/models/from_scratch_atari_krull_vta_3seed_to_400000_20260208_112207/atari_krull_seed0/checkpoints/step-000087500.pt,/home/haselab/projects/stable-deep-world-model/logs/models/from_scratch_atari_krull_vta_3seed_to_400000_20260208_112207/atari_krull_seed0/eval_eps/20260208T180330-44487f1ea8c44b5eaf22e05d1a89f711-1974.npz,1160,1180,0.0,9.947343513130869e-14,2.9962735176086426,4.7625837326049805,0.0,5.417551517486572,nan,nan,nan,nan
atari_krull,/home/haselab/projects/stable-deep-world-model/logs/models/from_scratch_atari_krull_vta_3seed_to_400000_20260208_112207/atari_krull_seed0,/home/haselab/projects/stable-deep-world-model/logs/models/from_scratch_atari_krull_vta_3seed_to_400000_20260208_112207/atari_krull_seed0/checkpoints/step-000087500.pt,/home/haselab/projects/stable-deep-world-model/logs/models/from_scratch_atari_krull_vta_3seed_to_400000_20260208_112207/atari_krull_seed0/eval_eps/20260208T180330-44487f1ea8c44b5eaf22e05d1a89f711-1974.npz,1165,1185,0.0,6.015896331437731e-13,3.0286970138549805,4.754902362823486,0.0,5.293670654296875,nan,nan,nan,nan
atari_krull,/home/haselab/projects/stable-deep-world-model/logs/models/from_scratch_atari_krull_vta_3seed_to_400000_20260208_112207/atari_krull_seed0,/home/haselab/projects/stable-deep-world-model/logs/models/from_scratch_atari_krull_vta_3seed_to_400000_20260208_112207/atari_krull_seed0/checkpoints/step-000087500.pt,/home/haselab/projects/stable-deep-world-model/logs/models/from_scratch_atari_krull_vta_3seed_to_400000_20260208_112207/atari_krull_seed0/eval_eps/20260208T180330-44487f1ea8c44b5eaf22e05d1a89f711-1974.npz,1170,1190,0.0,6.014573604787299e-13,3.0267159938812256,4.806252956390381,0.0,5.410947322845459,nan,nan,nan,nan
atari_krull,/home/haselab/projects/stable-deep-world-model/logs/models/from_scratch_atari_krull_vta_3seed_to_400000_20260208_112207/atari_krull_seed0,/home/haselab/projects/stable-deep-world-model/logs/models/from_scratch_atari_krull_vta_3seed_to_400000_20260208_112207/atari_krull_seed0/checkpoints/step-000087500.pt,/home/haselab/projects/stable-deep-world-model/logs/models/from_scratch_atari_krull_vta_3seed_to_400000_20260208_112207/atari_krull_seed0/eval_eps/20260208T180330-44487f1ea8c44b5eaf22e05d1a89f711-1974.npz,1175,1195,0.0,6.014601251942697e-13,3.113497018814087,4.973716735839844,0.0,5.58139181137085,nan,nan,nan,nan
atari_krull,/home/haselab/projects/stable-deep-world-model/logs/models/from_scratch_atari_krull_vta_3seed_to_400000_20260208_112207/atari_krull_seed0,/home/haselab/projects/stable-deep-world-model/logs/models/from_scratch_atari_krull_vta_3seed_to_400000_20260208_112207/atari_krull_seed0/checkpoints/step-000087500.pt,/home/haselab/projects/stable-deep-world-model/logs/models/from_scratch_atari_krull_vta_3seed_to_400000_20260208_112207/atari_krull_seed0/eval_eps/20260208T180330-44487f1ea8c44b5eaf22e05d1a89f711-1974.npz,1180,1200,0.0,5.797945673916005e-13,3.146791458129883,4.981079578399658,0.0,5.556817054748535,nan,nan,nan,nan
atari_krull,/home/haselab/projects/stable-deep-world-model/logs/models/from_scratch_atari_krull_vta_3seed_to_400000_20260208_112207/atari_krull_seed0,/home/haselab/projects/stable-deep-world-model/logs/models/from_scratch_atari_krull_vta_3seed_to_400000_20260208_112207/atari_krull_seed0/checkpoints/step-000087500.pt,/home/haselab/projects/stable-deep-world-model/logs/models/from_scratch_atari_krull_vta_3seed_to_400000_20260208_112207/atari_krull_seed0/eval_eps/20260208T180330-44487f1ea8c44b5eaf22e05d1a89f711-1974.npz,1185,1205,0.0,1.1435685941761902e-16,3.1332669258117676,4.887494087219238,0.0,5.602597236633301,nan,nan,nan,nan
atari_krull,/home/haselab/projects/stable-deep-world-model/logs/models/from_scratch_atari_krull_vta_3seed_to_400000_20260208_112207/atari_krull_seed0,/home/haselab/projects/stable-deep-world-model/logs/models/from_scratch_atari_krull_vta_3seed_to_400000_20260208_112207/atari_krull_seed0/checkpoints/step-000087500.pt,/home/haselab/projects/stable-deep-world-model/logs/models/from_scratch_atari_krull_vta_3seed_to_400000_20260208_112207/atari_krull_seed0/eval_eps/20260208T180330-44487f1ea8c44b5eaf22e05d1a89f711-1974.npz,1190,1210,0.0,1.001299669805937e-15,3.1445388793945312,4.839186668395996,0.0,5.553177356719971,nan,nan,nan,nan
atari_krull,/home/haselab/projects/stable-deep-world-model/logs/models/from_scratch_atari_krull_vta_3seed_to_400000_20260208_112207/atari_krull_seed0,/home/haselab/projects/stable-deep-world-model/logs/models/from_scratch_atari_krull_vta_3seed_to_400000_20260208_112207/atari_krull_seed0/checkpoints/step-000087500.pt,/home/haselab/projects/stable-deep-world-model/logs/models/from_scratch_atari_krull_vta_3seed_to_400000_20260208_112207/atari_krull_seed0/eval_eps/20260208T180330-44487f1ea8c44b5eaf22e05d1a89f711-1974.npz,1195,1215,0.0,1.0055266818500912e-15,3.1224818229675293,4.763981342315674,0.0,5.497032642364502,nan,nan,nan,nan
atari_krull,/home/haselab/projects/stable-deep-world-model/logs/models/from_scratch_atari_krull_vta_3seed_to_400000_20260208_112207/atari_krull_seed0,/home/haselab/projects/stable-deep-world-model/logs/models/from_scratch_atari_krull_vta_3seed_to_400000_20260208_112207/atari_krull_seed0/checkpoints/step-000087500.pt,/home/haselab/projects/stable-deep-world-model/logs/models/from_scratch_atari_krull_vta_3seed_to_400000_20260208_112207/atari_krull_seed0/eval_eps/20260208T180330-44487f1ea8c44b5eaf22e05d1a89f711-1974.npz,1200,1220,0.0,9.196163651748238e-16,3.1472487449645996,5.055147171020508,0.0,5.872504234313965,nan,nan,nan,nan
atari_krull,/home/haselab/projects/stable-deep-world-model/logs/models/from_scratch_atari_krull_vta_3seed_to_400000_20260208_112207/atari_krull_seed0,/home/haselab/projects/stable-deep-world-model/logs/models/from_scratch_atari_krull_vta_3seed_to_400000_20260208_112207/atari_krull_seed0/checkpoints/step-000087500.pt,/home/haselab/projects/stable-deep-world-model/logs/models/from_scratch_atari_krull_vta_3seed_to_400000_20260208_112207/atari_krull_seed0/eval_eps/20260208T180330-44487f1ea8c44b5eaf22e05d1a89f711-1974.npz,1205,1225,0.0,8.98966760711948e-16,3.175994873046875,5.0633015632629395,0.0,5.837542533874512,nan,nan,nan,nan
atari_krull,/home/haselab/projects/stable-deep-world-model/logs/models/from_scratch_atari_krull_vta_3seed_to_400000_20260208_112207/atari_krull_seed0,/home/haselab/projects/stable-deep-world-model/logs/models/from_scratch_atari_krull_vta_3seed_to_400000_20260208_112207/atari_krull_seed0/checkpoints/step-000087500.pt,/home/haselab/projects/stable-deep-world-model/logs/models/from_scratch_atari_krull_vta_3seed_to_400000_20260208_112207/atari_krull_seed0/eval_eps/20260208T180330-44487f1ea8c44b5eaf22e05d1a89f711-1974.npz,1210,1230,0.0,2.7426185678265397e-16,3.1966214179992676,4.999499320983887,0.0,5.850681781768799,nan,nan,nan,nan
atari_krull,/home/haselab/projects/stable-deep-world-model/logs/models/from_scratch_atari_krull_vta_3seed_to_400000_20260208_112207/atari_krull_seed0,/home/haselab/projects/stable-deep-world-model/logs/models/from_scratch_atari_krull_vta_3seed_to_400000_20260208_112207/atari_krull_seed0/checkpoints/step-000087500.pt,/home/haselab/projects/stable-deep-world-model/logs/models/from_scratch_atari_krull_vta_3seed_to_400000_20260208_112207/atari_krull_seed0/eval_eps/20260208T180330-44487f1ea8c44b5eaf22e05d1a89f711-1974.npz,1215,1235,0.0,3.201417669475976e-16,3.1862428188323975,4.8576555252075195,0.0,5.6790642738342285,nan,nan,nan,nan
atari_krull,/home/haselab/projects/stable-deep-world-model/logs/models/from_scratch_atari_krull_vta_3seed_to_400000_20260208_112207/atari_krull_seed0,/home/haselab/projects/stable-deep-world-model/logs/models/from_scratch_atari_krull_vta_3seed_to_400000_20260208_112207/atari_krull_seed0/checkpoints/step-000087500.pt,/home/haselab/projects/stable-deep-world-model/logs/models/from_scratch_atari_krull_vta_3seed_to_400000_20260208_112207/atari_krull_seed0/eval_eps/20260208T180330-44487f1ea8c44b5eaf22e05d1a89f711-1974.npz,1220,1240,0.0,1.4560655181979033e-15,3.2344627380371094,4.727395534515381,0.0,5.478782653808594,nan,nan,nan,nan
atari_krull,/home/haselab/projects/stable-deep-world-model/logs/models/from_scratch_atari_krull_vta_3seed_to_400000_20260208_112207/atari_krull_seed0,/home/haselab/projects/stable-deep-world-model/logs/models/from_scratch_atari_krull_vta_3seed_to_400000_20260208_112207/atari_krull_seed0/checkpoints/step-000087500.pt,/home/haselab/projects/stable-deep-world-model/logs/models/from_scratch_atari_krull_vta_3seed_to_400000_20260208_112207/atari_krull_seed0/eval_eps/20260208T180330-44487f1ea8c44b5eaf22e05d1a89f711-1974.npz,1225,1245,0.0,2.3552283035096697e-14,3.3156299591064453,4.896162986755371,0.0,5.6585283279418945,nan,nan,nan,nan
atari_krull,/home/haselab/projects/stable-deep-world-model/logs/models/from_scratch_atari_krull_vta_3seed_to_400000_20260208_112207/atari_krull_seed0,/home/haselab/projects/stable-deep-world-model/logs/models/from_scratch_atari_krull_vta_3seed_to_400000_20260208_112207/atari_krull_seed0/checkpoints/step-000087500.pt,/home/haselab/projects/stable-deep-world-model/logs/models/from_scratch_atari_krull_vta_3seed_to_400000_20260208_112207/atari_krull_seed0/eval_eps/20260208T180330-44487f1ea8c44b5eaf22e05d1a89f711-1974.npz,1230,1250,0.0,2.3346147402986996e-14,3.3387176990509033,4.82448148727417,0.0,5.4593048095703125,nan,nan,nan,nan
atari_krull,/home/haselab/projects/stable-deep-world-model/logs/models/from_scratch_atari_krull_vta_3seed_to_400000_20260208_112207/atari_krull_seed0,/home/haselab/projects/stable-deep-world-model/logs/models/from_scratch_atari_krull_vta_3seed_to_400000_20260208_112207/atari_krull_seed0/checkpoints/step-000087500.pt,/home/haselab/projects/stable-deep-world-model/logs/models/from_scratch_atari_krull_vta_3seed_to_400000_20260208_112207/atari_krull_seed0/eval_eps/20260208T180330-44487f1ea8c44b5eaf22e05d1a89f711-1974.npz,1235,1255,0.0,4.552389417039962e-14,3.3925724029541016,5.027710437774658,0.0,5.731652736663818,nan,nan,nan,nan
atari_krull,/home/haselab/projects/stable-deep-world-model/logs/models/from_scratch_atari_krull_vta_3seed_to_400000_20260208_112207/atari_krull_seed0,/home/haselab/projects/stable-deep-world-model/logs/models/from_scratch_atari_krull_vta_3seed_to_400000_20260208_112207/atari_krull_seed0/checkpoints/step-000087500.pt,/home/haselab/projects/stable-deep-world-model/logs/models/from_scratch_atari_krull_vta_3seed_to_400000_20260208_112207/atari_krull_seed0/eval_eps/20260208T180330-44487f1ea8c44b5eaf22e05d1a89f711-1974.npz,1240,1260,0.0,4.656856023303908e-14,3.346216917037964,4.946454048156738,0.0,5.764124870300293,nan,nan,nan,nan
atari_krull,/home/haselab/projects/stable-deep-world-model/logs/models/from_scratch_atari_krull_vta_3seed_to_400000_20260208_112207/atari_krull_seed0,/home/haselab/projects/stable-deep-world-model/logs/models/from_scratch_atari_krull_vta_3seed_to_400000_20260208_112207/atari_krull_seed0/checkpoints/step-000087500.pt,/home/haselab/projects/stable-deep-world-model/logs/models/from_scratch_atari_krull_vta_3seed_to_400000_20260208_112207/atari_krull_seed0/eval_eps/20260208T180330-44487f1ea8c44b5eaf22e05d1a89f711-1974.npz,1245,1265,0.0,1.0839817541838381e-12,3.335000514984131,4.93483304977417,0.0,5.692139625549316,nan,nan,nan,nan
atari_krull,/home/haselab/projects/stable-deep-world-model/logs/models/from_scratch_atari_krull_vta_3seed_to_400000_20260208_112207/atari_krull_seed0,/home/haselab/projects/stable-deep-world-model/logs/models/from_scratch_atari_krull_vta_3seed_to_400000_20260208_112207/atari_krull_seed0/checkpoints/step-000087500.pt,/home/haselab/projects/stable-deep-world-model/logs/models/from_scratch_atari_krull_vta_3seed_to_400000_20260208_112207/atari_krull_seed0/eval_eps/20260208T180330-44487f1ea8c44b5eaf22e05d1a89f711-1974.npz,1250,1270,0.0,4.234568425076635e-12,3.372638702392578,5.150943756103516,0.0,6.035635948181152,nan,nan,nan,nan
atari_krull,/home/haselab/projects/stable-deep-world-model/logs/models/from_scratch_atari_krull_vta_3seed_to_400000_20260208_112207/atari_krull_seed0,/home/haselab/projects/stable-deep-world-model/logs/models/from_scratch_atari_krull_vta_3seed_to_400000_20260208_112207/atari_krull_seed0/checkpoints/step-000087500.pt,/home/haselab/projects/stable-deep-world-model/logs/models/from_scratch_atari_krull_vta_3seed_to_400000_20260208_112207/atari_krull_seed0/eval_eps/20260208T180330-44487f1ea8c44b5eaf22e05d1a89f711-1974.npz,1255,1275,0.0,4.239280801399126e-12,3.3388962745666504,4.936607360839844,0.0,5.778891086578369,nan,nan,nan,nan
atari_krull,/home/haselab/projects/stable-deep-world-model/logs/models/from_scratch_atari_krull_vta_3seed_to_400000_20260208_112207/atari_krull_seed0,/home/haselab/projects/stable-deep-world-model/logs/models/from_scratch_atari_krull_vta_3seed_to_400000_20260208_112207/atari_krull_seed0/checkpoints/step-000087500.pt,/home/haselab/projects/stable-deep-world-model/logs/models/from_scratch_atari_krull_vta_3seed_to_400000_20260208_112207/atari_krull_seed0/eval_eps/20260208T180330-44487f1ea8c44b5eaf22e05d1a89f711-1974.npz,1260,1280,0.0,4.291613071860656e-12,3.356707811355591,4.928600788116455,0.0,5.859494209289551,nan,nan,nan,nan
atari_krull,/home/haselab/projects/stable-deep-world-model/logs/models/from_scratch_atari_krull_vta_3seed_to_400000_20260208_112207/atari_krull_seed0,/home/haselab/projects/stable-deep-world-model/logs/models/from_scratch_atari_krull_vta_3seed_to_400000_20260208_112207/atari_krull_seed0/checkpoints/step-000087500.pt,/home/haselab/projects/stable-deep-world-model/logs/models/from_scratch_atari_krull_vta_3seed_to_400000_20260208_112207/atari_krull_seed0/eval_eps/20260208T180330-44487f1ea8c44b5eaf22e05d1a89f711-1974.npz,1265,1285,0.0,4.5870182652230085e-10,3.341513156890869,4.874091148376465,0.0,5.796243667602539,nan,nan,nan,nan
atari_krull,/home/haselab/projects/stable-deep-world-model/logs/models/from_scratch_atari_krull_vta_3seed_to_400000_20260208_112207/atari_krull_seed0,/home/haselab/projects/stable-deep-world-model/logs/models/from_scratch_atari_krull_vta_3seed_to_400000_20260208_112207/atari_krull_seed0/checkpoints/step-000087500.pt,/home/haselab/projects/stable-deep-world-model/logs/models/from_scratch_atari_krull_vta_3seed_to_400000_20260208_112207/atari_krull_seed0/eval_eps/20260208T180330-44487f1ea8c44b5eaf22e05d1a89f711-1974.npz,1270,1290,0.0,2.0474446582596784e-09,3.3383193016052246,4.686921119689941,0.0,5.451827526092529,nan,nan,nan,nan
atari_krull,/home/haselab/projects/stable-deep-world-model/logs/models/from_scratch_atari_krull_vta_3seed_to_400000_20260208_112207/atari_krull_seed0,/home/haselab/projects/stable-deep-world-model/logs/models/from_scratch_atari_krull_vta_3seed_to_400000_20260208_112207/atari_krull_seed0/checkpoints/step-000087500.pt,/home/haselab/projects/stable-deep-world-model/logs/models/from_scratch_atari_krull_vta_3seed_to_400000_20260208_112207/atari_krull_seed0/eval_eps/20260208T180330-44487f1ea8c44b5eaf22e05d1a89f711-1974.npz,1275,1295,0.0,4.545281928614031e-09,3.360919237136841,4.659869194030762,0.0,5.403802871704102,nan,nan,nan,nan
atari_krull,/home/haselab/projects/stable-deep-world-model/logs/models/from_scratch_atari_krull_vta_3seed_to_400000_20260208_112207/atari_krull_seed0,/home/haselab/projects/stable-deep-world-model/logs/models/from_scratch_atari_krull_vta_3seed_to_400000_20260208_112207/atari_krull_seed0/checkpoints/step-000087500.pt,/home/haselab/projects/stable-deep-world-model/logs/models/from_scratch_atari_krull_vta_3seed_to_400000_20260208_112207/atari_krull_seed0/eval_eps/20260208T180330-44487f1ea8c44b5eaf22e05d1a89f711-1974.npz,1280,1300,0.0,4.774609152491394e-09,3.319255828857422,4.504299640655518,0.0,5.123913764953613,nan,nan,nan,nan
atari_krull,/home/haselab/projects/stable-deep-world-model/logs/models/from_scratch_atari_krull_vta_3seed_to_400000_20260208_112207/atari_krull_seed0,/home/haselab/projects/stable-deep-world-model/logs/models/from_scratch_atari_krull_vta_3seed_to_400000_20260208_112207/atari_krull_seed0/checkpoints/step-000087500.pt,/home/haselab/projects/stable-deep-world-model/logs/models/from_scratch_atari_krull_vta_3seed_to_400000_20260208_112207/atari_krull_seed0/eval_eps/20260208T180330-44487f1ea8c44b5eaf22e05d1a89f711-1974.npz,1285,1305,0.0,4.7974690886576354e-09,3.3288917541503906,4.48944616317749,0.0,5.099105358123779,nan,nan,nan,nan
atari_krull,/home/haselab/projects/stable-deep-world-model/logs/models/from_scratch_atari_krull_vta_3seed_to_400000_20260208_112207/atari_krull_seed0,/home/haselab/projects/stable-deep-world-model/logs/models/from_scratch_atari_krull_vta_3seed_to_400000_20260208_112207/atari_krull_seed0/checkpoints/step-000087500.pt,/home/haselab/projects/stable-deep-world-model/logs/models/from_scratch_atari_krull_vta_3seed_to_400000_20260208_112207/atari_krull_seed0/eval_eps/20260208T180330-44487f1ea8c44b5eaf22e05d1a89f711-1974.npz,1290,1310,0.0,3.209739363185804e-09,3.3353378772735596,4.566457748413086,0.0,5.175586700439453,nan,nan,nan,nan
atari_krull,/home/haselab/projects/stable-deep-world-model/logs/models/from_scratch_atari_krull_vta_3seed_to_400000_20260208_112207/atari_krull_seed0,/home/haselab/projects/stable-deep-world-model/logs/models/from_scratch_atari_krull_vta_3seed_to_400000_20260208_112207/atari_krull_seed0/checkpoints/step-000087500.pt,/home/haselab/projects/stable-deep-world-model/logs/models/from_scratch_atari_krull_vta_3seed_to_400000_20260208_112207/atari_krull_seed0/eval_eps/20260208T180330-44487f1ea8c44b5eaf22e05d1a89f711-1974.npz,1295,1315,0.0,3.379070800946238e-09,3.395134449005127,4.567019462585449,0.0,5.099830627441406,nan,nan,nan,nan
atari_krull,/home/haselab/projects/stable-deep-world-model/logs/models/from_scratch_atari_krull_vta_3seed_to_400000_20260208_112207/atari_krull_seed0,/home/haselab/projects/stable-deep-world-model/logs/models/from_scratch_atari_krull_vta_3seed_to_400000_20260208_112207/atari_krull_seed0/checkpoints/step-000087500.pt,/home/haselab/projects/stable-deep-world-model/logs/models/from_scratch_atari_krull_vta_3seed_to_400000_20260208_112207/atari_krull_seed0/eval_eps/20260208T180330-44487f1ea8c44b5eaf22e05d1a89f711-1974.npz,1300,1320,0.0,3.1496891761406687e-09,3.4563374519348145,4.624507904052734,0.0,5.0621819496154785,nan,nan,nan,nan
atari_krull,/home/haselab/projects/stable-deep-world-model/logs/models/from_scratch_atari_krull_vta_3seed_to_400000_20260208_112207/atari_krull_seed0,/home/haselab/projects/stable-deep-world-model/logs/models/from_scratch_atari_krull_vta_3seed_to_400000_20260208_112207/atari_krull_seed0/checkpoints/step-000087500.pt,/home/haselab/projects/stable-deep-world-model/logs/models/from_scratch_atari_krull_vta_3seed_to_400000_20260208_112207/atari_krull_seed0/eval_eps/20260208T180330-44487f1ea8c44b5eaf22e05d1a89f711-1974.npz,1305,1325,0.0,2.714583224872058e-09,3.4677135944366455,4.534692287445068,0.0,4.956595420837402,nan,nan,nan,nan
atari_krull,/home/haselab/projects/stable-deep-world-model/logs/models/from_scratch_atari_krull_vta_3seed_to_400000_20260208_112207/atari_krull_seed0,/home/haselab/projects/stable-deep-world-model/logs/models/from_scratch_atari_krull_vta_3seed_to_400000_20260208_112207/atari_krull_seed0/checkpoints/step-000087500.pt,/home/haselab/projects/stable-deep-world-model/logs/models/from_scratch_atari_krull_vta_3seed_to_400000_20260208_112207/atari_krull_seed0/eval_eps/20260208T180330-44487f1ea8c44b5eaf22e05d1a89f711-1974.npz,1310,1330,0.0,2.7213327147279642e-09,3.4449028968811035,4.486974716186523,0.0,4.902552604675293,nan,nan,nan,nan
atari_krull,/home/haselab/projects/stable-deep-world-model/logs/models/from_scratch_atari_krull_vta_3seed_to_400000_20260208_112207/atari_krull_seed0,/home/haselab/projects/stable-deep-world-model/logs/models/from_scratch_atari_krull_vta_3seed_to_400000_20260208_112207/atari_krull_seed0/checkpoints/step-000087500.pt,/home/haselab/projects/stable-deep-world-model/logs/models/from_scratch_atari_krull_vta_3seed_to_400000_20260208_112207/atari_krull_seed0/eval_eps/20260208T180330-44487f1ea8c44b5eaf22e05d1a89f711-1974.npz,1315,1335,0.0,5.414301645911834e-11,3.375840425491333,4.558706283569336,0.0,5.0624589920043945,nan,nan,nan,nan
atari_krull,/home/haselab/projects/stable-deep-world-model/logs/models/from_scratch_atari_krull_vta_3seed_to_400000_20260208_112207/atari_krull_seed0,/home/haselab/projects/stable-deep-world-model/logs/models/from_scratch_atari_krull_vta_3seed_to_400000_20260208_112207/atari_krull_seed0/checkpoints/step-000087500.pt,/home/haselab/projects/stable-deep-world-model/logs/models/from_scratch_atari_krull_vta_3seed_to_400000_20260208_112207/atari_krull_seed0/eval_eps/20260208T180330-44487f1ea8c44b5eaf22e05d1a89f711-1974.npz,1320,1340,0.0,5.4248792957789504e-11,3.4119694232940674,4.6126389503479,0.0,5.214570045471191,nan,nan,nan,nan
atari_krull,/home/haselab/projects/stable-deep-world-model/logs/models/from_scratch_atari_krull_vta_3seed_to_400000_20260208_112207/atari_krull_seed0,/home/haselab/projects/stable-deep-world-model/logs/models/from_scratch_atari_krull_vta_3seed_to_400000_20260208_112207/atari_krull_seed0/checkpoints/step-000087500.pt,/home/haselab/projects/stable-deep-world-model/logs/models/from_scratch_atari_krull_vta_3seed_to_400000_20260208_112207/atari_krull_seed0/eval_eps/20260208T180330-44487f1ea8c44b5eaf22e05d1a89f711-1974.npz,1325,1345,0.0,1.1025060205060999e-11,3.4272384643554688,4.621734142303467,0.0,5.216944694519043,nan,nan,nan,nan
atari_krull,/home/haselab/projects/stable-deep-world-model/logs/models/from_scratch_atari_krull_vta_3seed_to_400000_20260208_112207/atari_krull_seed0,/home/haselab/projects/stable-deep-world-model/logs/models/from_scratch_atari_krull_vta_3seed_to_400000_20260208_112207/atari_krull_seed0/checkpoints/step-000087500.pt,/home/haselab/projects/stable-deep-world-model/logs/models/from_scratch_atari_krull_vta_3seed_to_400000_20260208_112207/atari_krull_seed0/eval_eps/20260208T180330-44487f1ea8c44b5eaf22e05d1a89f711-1974.npz,1330,1350,0.0,1.19322981400119e-13,3.403022289276123,4.474617958068848,0.0,5.229194641113281,nan,nan,nan,nan
atari_krull,/home/haselab/projects/stable-deep-world-model/logs/models/from_scratch_atari_krull_vta_3seed_to_400000_20260208_112207/atari_krull_seed0,/home/haselab/projects/stable-deep-world-model/logs/models/from_scratch_atari_krull_vta_3seed_to_400000_20260208_112207/atari_krull_seed0/checkpoints/step-000087500.pt,/home/haselab/projects/stable-deep-world-model/logs/models/from_scratch_atari_krull_vta_3seed_to_400000_20260208_112207/atari_krull_seed0/eval_eps/20260208T180330-44487f1ea8c44b5eaf22e05d1a89f711-1974.npz,1335,1355,0.0,1.1310523779497691e-13,3.394810438156128,4.469634056091309,0.0,5.129238128662109,nan,nan,nan,nan
atari_krull,/home/haselab/projects/stable-deep-world-model/logs/models/from_scratch_atari_krull_vta_3seed_to_400000_20260208_112207/atari_krull_seed0,/home/haselab/projects/stable-deep-world-model/logs/models/from_scratch_atari_krull_vta_3seed_to_400000_20260208_112207/atari_krull_seed0/checkpoints/step-000087500.pt,/home/haselab/projects/stable-deep-world-model/logs/models/from_scratch_atari_krull_vta_3seed_to_400000_20260208_112207/atari_krull_seed0/eval_eps/20260208T180330-44487f1ea8c44b5eaf22e05d1a89f711-1974.npz,1340,1360,0.0,7.453166569700888e-15,3.4126064777374268,4.664897441864014,0.0,5.241526126861572,nan,nan,nan,nan
atari_krull,/home/haselab/projects/stable-deep-world-model/logs/models/from_scratch_atari_krull_vta_3seed_to_400000_20260208_112207/atari_krull_seed0,/home/haselab/projects/stable-deep-world-model/logs/models/from_scratch_atari_krull_vta_3seed_to_400000_20260208_112207/atari_krull_seed0/checkpoints/step-000087500.pt,/home/haselab/projects/stable-deep-world-model/logs/models/from_scratch_atari_krull_vta_3seed_to_400000_20260208_112207/atari_krull_seed0/eval_eps/20260208T180330-44487f1ea8c44b5eaf22e05d1a89f711-1974.npz,1345,1365,0.0,7.478176064501518e-15,3.448225498199463,4.866751670837402,0.0,5.520892143249512,nan,nan,nan,nan
atari_krull,/home/haselab/projects/stable-deep-world-model/logs/models/from_scratch_atari_krull_vta_3seed_to_400000_20260208_112207/atari_krull_seed0,/home/haselab/projects/stable-deep-world-model/logs/models/from_scratch_atari_krull_vta_3seed_to_400000_20260208_112207/atari_krull_seed0/checkpoints/step-000087500.pt,/home/haselab/projects/stable-deep-world-model/logs/models/from_scratch_atari_krull_vta_3seed_to_400000_20260208_112207/atari_krull_seed0/eval_eps/20260208T180330-44487f1ea8c44b5eaf22e05d1a89f711-1974.npz,1350,1370,0.0,7.92035606208847e-15,3.512316942214966,4.962777137756348,0.0,5.488364219665527,nan,nan,nan,nan
atari_krull,/home/haselab/projects/stable-deep-world-model/logs/models/from_scratch_atari_krull_vta_3seed_to_400000_20260208_112207/atari_krull_seed0,/home/haselab/projects/stable-deep-world-model/logs/models/from_scratch_atari_krull_vta_3seed_to_400000_20260208_112207/atari_krull_seed0/checkpoints/step-000087500.pt,/home/haselab/projects/stable-deep-world-model/logs/models/from_scratch_atari_krull_vta_3seed_to_400000_20260208_112207/atari_krull_seed0/eval_eps/20260208T180330-44487f1ea8c44b5eaf22e05d1a89f711-1974.npz,1355,1375,0.05,0.05000000074505806,3.4342193603515625,5.061088562011719,0.42050209641456604,5.757288455963135,7.171239376068115,8.911867141723633,8.410041809082031,9.872115135192871
atari_krull,/home/haselab/projects/stable-deep-world-model/logs/models/from_scratch_atari_krull_vta_3seed_to_400000_20260208_112207/atari_krull_seed0,/home/haselab/projects/stable-deep-world-model/logs/models/from_scratch_atari_krull_vta_3seed_to_400000_20260208_112207/atari_krull_seed0/checkpoints/step-000087500.pt,/home/haselab/projects/stable-deep-world-model/logs/models/from_scratch_atari_krull_vta_3seed_to_400000_20260208_112207/atari_krull_seed0/eval_eps/20260208T180330-44487f1ea8c44b5eaf22e05d1a89f711-1974.npz,1360,1380,0.05,0.05000000074505806,2.835707426071167,5.122169494628906,0.42050209641456604,5.973909854888916,7.171239376068115,8.911867141723633,8.410041809082031,9.872115135192871
atari_krull,/home/haselab/projects/stable-deep-world-model/logs/models/from_scratch_atari_krull_vta_3seed_to_400000_20260208_112207/atari_krull_seed0,/home/haselab/projects/stable-deep-world-model/logs/models/from_scratch_atari_krull_vta_3seed_to_400000_20260208_112207/atari_krull_seed0/checkpoints/step-000087500.pt,/home/haselab/projects/stable-deep-world-model/logs/models/from_scratch_atari_krull_vta_3seed_to_400000_20260208_112207/atari_krull_seed0/eval_eps/20260208T180330-44487f1ea8c44b5eaf22e05d1a89f711-1974.npz,1365,1385,0.05,0.05000000074505806,2.2785229682922363,5.670795917510986,0.42050209641456604,6.5106377601623535,7.171239376068115,8.911867141723633,8.410041809082031,9.872115135192871
atari_krull,/home/haselab/projects/stable-deep-world-model/logs/models/from_scratch_atari_krull_vta_3seed_to_400000_20260208_112207/atari_krull_seed0,/home/haselab/projects/stable-deep-world-model/logs/models/from_scratch_atari_krull_vta_3seed_to_400000_20260208_112207/atari_krull_seed0/checkpoints/step-000087500.pt,/home/haselab/projects/stable-deep-world-model/logs/models/from_scratch_atari_krull_vta_3seed_to_400000_20260208_112207/atari_krull_seed0/eval_eps/20260208T180330-44487f1ea8c44b5eaf22e05d1a89f711-1974.npz,1370,1390,0.05,0.05000000074505806,1.7363786697387695,6.803859710693359,0.42050209641456604,7.5167365074157715,7.171239376068115,8.911867141723633,8.410041809082031,9.872115135192871
atari_krull,/home/haselab/projects/stable-deep-world-model/logs/models/from_scratch_atari_krull_vta_3seed_to_400000_20260208_112207/atari_krull_seed0,/home/haselab/projects/stable-deep-world-model/logs/models/from_scratch_atari_krull_vta_3seed_to_400000_20260208_112207/atari_krull_seed0/checkpoints/step-000087500.pt,/home/haselab/projects/stable-deep-world-model/logs/models/from_scratch_atari_krull_vta_3seed_to_400000_20260208_112207/atari_krull_seed0/eval_eps/20260208T180330-44487f1ea8c44b5eaf22e05d1a89f711-1974.npz,1375,1395,0.0,2.6744581925884073e-19,1.3834975957870483,8.017607688903809,0.0,8.575709342956543,nan,nan,nan,nan
atari_krull,/home/haselab/projects/stable-deep-world-model/logs/models/from_scratch_atari_krull_vta_3seed_to_400000_20260208_112207/atari_krull_seed0,/home/haselab/projects/stable-deep-world-model/logs/models/from_scratch_atari_krull_vta_3seed_to_400000_20260208_112207/atari_krull_seed0/checkpoints/step-000087500.pt,/home/haselab/projects/stable-deep-world-model/logs/models/from_scratch_atari_krull_vta_3seed_to_400000_20260208_112207/atari_krull_seed0/eval_eps/20260208T180330-44487f1ea8c44b5eaf22e05d1a89f711-1974.npz,1380,1400,0.0,2.6665449175596304e-19,1.4387438297271729,9.113052368164062,0.0,9.487523078918457,nan,nan,nan,nan
atari_krull,/home/haselab/projects/stable-deep-world-model/logs/models/from_scratch_atari_krull_vta_3seed_to_400000_20260208_112207/atari_krull_seed0,/home/haselab/projects/stable-deep-world-model/logs/models/from_scratch_atari_krull_vta_3seed_to_400000_20260208_112207/atari_krull_seed0/checkpoints/step-000087500.pt,/home/haselab/projects/stable-deep-world-model/logs/models/from_scratch_atari_krull_vta_3seed_to_400000_20260208_112207/atari_krull_seed0/eval_eps/20260208T180330-44487f1ea8c44b5eaf22e05d1a89f711-1974.npz,1385,1405,0.0,1.721581669844265e-19,1.429445743560791,9.880845069885254,0.0,10.08387279510498,nan,nan,nan,nan
atari_krull,/home/haselab/projects/stable-deep-world-model/logs/models/from_scratch_atari_krull_vta_3seed_to_400000_20260208_112207/atari_krull_seed0,/home/haselab/projects/stable-deep-world-model/logs/models/from_scratch_atari_krull_vta_3seed_to_400000_20260208_112207/atari_krull_seed0/checkpoints/step-000087500.pt,/home/haselab/projects/stable-deep-world-model/logs/models/from_scratch_atari_krull_vta_3seed_to_400000_20260208_112207/atari_krull_seed0/eval_eps/20260208T180330-44487f1ea8c44b5eaf22e05d1a89f711-1974.npz,1390,1410,0.0,1.1547205071621935e-21,1.4291266202926636,10.375469207763672,0.0,10.59196949005127,nan,nan,nan,nan
atari_krull,/home/haselab/projects/stable-deep-world-model/logs/models/from_scratch_atari_krull_vta_3seed_to_400000_20260208_112207/atari_krull_seed0,/home/haselab/projects/stable-deep-world-model/logs/models/from_scratch_atari_krull_vta_3seed_to_400000_20260208_112207/atari_krull_seed0/checkpoints/step-000087500.pt,/home/haselab/projects/stable-deep-world-model/logs/models/from_scratch_atari_krull_vta_3seed_to_400000_20260208_112207/atari_krull_seed0/eval_eps/20260208T180330-44487f1ea8c44b5eaf22e05d1a89f711-1974.npz,1395,1415,0.0,3.732638377758116e-22,1.3504164218902588,10.505270957946777,0.0,10.736074447631836,nan,nan,nan,nan
atari_krull,/home/haselab/projects/stable-deep-world-model/logs/models/from_scratch_atari_krull_vta_3seed_to_400000_20260208_112207/atari_krull_seed0,/home/haselab/projects/stable-deep-world-model/logs/models/from_scratch_atari_krull_vta_3seed_to_400000_20260208_112207/atari_krull_seed0/checkpoints/step-000087500.pt,/home/haselab/projects/stable-deep-world-model/logs/models/from_scratch_atari_krull_vta_3seed_to_400000_20260208_112207/atari_krull_seed0/eval_eps/20260208T180330-44487f1ea8c44b5eaf22e05d1a89f711-1974.npz,1400,1420,0.0,3.589971084446032e-24,1.3139479160308838,10.651469230651855,0.0,10.958000183105469,nan,nan,nan,nan
atari_krull,/home/haselab/projects/stable-deep-world-model/logs/models/from_scratch_atari_krull_vta_3seed_to_400000_20260208_112207/atari_krull_seed0,/home/haselab/projects/stable-deep-world-model/logs/models/from_scratch_atari_krull_vta_3seed_to_400000_20260208_112207/atari_krull_seed0/checkpoints/step-000087500.pt,/home/haselab/projects/stable-deep-world-model/logs/models/from_scratch_atari_krull_vta_3seed_to_400000_20260208_112207/atari_krull_seed0/eval_eps/20260208T180330-44487f1ea8c44b5eaf22e05d1a89f711-1974.npz,1405,1425,0.0,4.359118750076023e-24,1.2910189628601074,10.761435508728027,0.0,11.139219284057617,nan,nan,nan,nan
atari_krull,/home/haselab/projects/stable-deep-world-model/logs/models/from_scratch_atari_krull_vta_3seed_to_400000_20260208_112207/atari_krull_seed0,/home/haselab/projects/stable-deep-world-model/logs/models/from_scratch_atari_krull_vta_3seed_to_400000_20260208_112207/atari_krull_seed0/checkpoints/step-000087500.pt,/home/haselab/projects/stable-deep-world-model/logs/models/from_scratch_atari_krull_vta_3seed_to_400000_20260208_112207/atari_krull_seed0/eval_eps/20260208T180330-44487f1ea8c44b5eaf22e05d1a89f711-1974.npz,1410,1430,0.0,4.390778893646163e-24,1.2451796531677246,10.695730209350586,0.0,11.196969985961914,nan,nan,nan,nan
atari_krull,/home/haselab/projects/stable-deep-world-model/logs/models/from_scratch_atari_krull_vta_3seed_to_400000_20260208_112207/atari_krull_seed0,/home/haselab/projects/stable-deep-world-model/logs/models/from_scratch_atari_krull_vta_3seed_to_400000_20260208_112207/atari_krull_seed0/checkpoints/step-000087500.pt,/home/haselab/projects/stable-deep-world-model/logs/models/from_scratch_atari_krull_vta_3seed_to_400000_20260208_112207/atari_krull_seed0/eval_eps/20260208T180330-44487f1ea8c44b5eaf22e05d1a89f711-1974.npz,1415,1435,0.0,4.192196965822615e-24,1.2522741556167603,10.793478012084961,0.0,11.356393814086914,nan,nan,nan,nan
atari_krull,/home/haselab/projects/stable-deep-world-model/logs/models/from_scratch_atari_krull_vta_3seed_to_400000_20260208_112207/atari_krull_seed0,/home/haselab/projects/stable-deep-world-model/logs/models/from_scratch_atari_krull_vta_3seed_to_400000_20260208_112207/atari_krull_seed0/checkpoints/step-000087500.pt,/home/haselab/projects/stable-deep-world-model/logs/models/from_scratch_atari_krull_vta_3seed_to_400000_20260208_112207/atari_krull_seed0/eval_eps/20260208T180330-44487f1ea8c44b5eaf22e05d1a89f711-1974.npz,1420,1440,0.0,4.196037140709231e-24,1.2259104251861572,10.802971839904785,0.0,11.135770797729492,nan,nan,nan,nan
atari_krull,/home/haselab/projects/stable-deep-world-model/logs/models/from_scratch_atari_krull_vta_3seed_to_400000_20260208_112207/atari_krull_seed0,/home/haselab/projects/stable-deep-world-model/logs/models/from_scratch_atari_krull_vta_3seed_to_400000_20260208_112207/atari_krull_seed0/checkpoints/step-000087500.pt,/home/haselab/projects/stable-deep-world-model/logs/models/from_scratch_atari_krull_vta_3seed_to_400000_20260208_112207/atari_krull_seed0/eval_eps/20260208T180330-44487f1ea8c44b5eaf22e05d1a89f711-1974.npz,1425,1445,0.0,1.6938460799950827e-24,1.2227128744125366,10.872408866882324,0.0,11.200005531311035,nan,nan,nan,nan
atari_krull,/home/haselab/projects/stable-deep-world-model/logs/models/from_scratch_atari_krull_vta_3seed_to_400000_20260208_112207/atari_krull_seed0,/home/haselab/projects/stable-deep-world-model/logs/models/from_scratch_atari_krull_vta_3seed_to_400000_20260208_112207/atari_krull_seed0/checkpoints/step-000087500.pt,/home/haselab/projects/stable-deep-world-model/logs/models/from_scratch_atari_krull_vta_3seed_to_400000_20260208_112207/atari_krull_seed0/eval_eps/20260208T180330-44487f1ea8c44b5eaf22e05d1a89f711-1974.npz,1430,1450,0.0,1.6624971420520523e-24,1.2268764972686768,10.810680389404297,0.0,11.122101783752441,nan,nan,nan,nan
atari_krull,/home/haselab/projects/stable-deep-world-model/logs/models/from_scratch_atari_krull_vta_3seed_to_400000_20260208_112207/atari_krull_seed0,/home/haselab/projects/stable-deep-world-model/logs/models/from_scratch_atari_krull_vta_3seed_to_400000_20260208_112207/atari_krull_seed0/checkpoints/step-000087500.pt,/home/haselab/projects/stable-deep-world-model/logs/models/from_scratch_atari_krull_vta_3seed_to_400000_20260208_112207/atari_krull_seed0/eval_eps/20260208T180330-44487f1ea8c44b5eaf22e05d1a89f711-1974.npz,1435,1455,0.0,7.059476482233212e-23,1.213134765625,10.715410232543945,0.0,10.941990852355957,nan,nan,nan,nan
atari_krull,/home/haselab/projects/stable-deep-world-model/logs/models/from_scratch_atari_krull_vta_3seed_to_400000_20260208_112207/atari_krull_seed0,/home/haselab/projects/stable-deep-world-model/logs/models/from_scratch_atari_krull_vta_3seed_to_400000_20260208_112207/atari_krull_seed0/checkpoints/step-000087500.pt,/home/haselab/projects/stable-deep-world-model/logs/models/from_scratch_atari_krull_vta_3seed_to_400000_20260208_112207/atari_krull_seed0/eval_eps/20260208T180330-44487f1ea8c44b5eaf22e05d1a89f711-1974.npz,1440,1460,0.0,2.0947569492113323e-21,1.2095563411712646,10.521964073181152,0.0,10.928201675415039,nan,nan,nan,nan
atari_krull,/home/haselab/projects/stable-deep-world-model/logs/models/from_scratch_atari_krull_vta_3seed_to_400000_20260208_112207/atari_krull_seed0,/home/haselab/projects/stable-deep-world-model/logs/models/from_scratch_atari_krull_vta_3seed_to_400000_20260208_112207/atari_krull_seed0/checkpoints/step-000087500.pt,/home/haselab/projects/stable-deep-world-model/logs/models/from_scratch_atari_krull_vta_3seed_to_400000_20260208_112207/atari_krull_seed0/eval_eps/20260208T180330-44487f1ea8c44b5eaf22e05d1a89f711-1974.npz,1445,1465,0.0,2.093365726740659e-21,1.1887309551239014,9.549982070922852,0.0,9.976661682128906,nan,nan,nan,nan
atari_krull,/home/haselab/projects/stable-deep-world-model/logs/models/from_scratch_atari_krull_vta_3seed_to_400000_20260208_112207/atari_krull_seed0,/home/haselab/projects/stable-deep-world-model/logs/models/from_scratch_atari_krull_vta_3seed_to_400000_20260208_112207/atari_krull_seed0/checkpoints/step-000087500.pt,/home/haselab/projects/stable-deep-world-model/logs/models/from_scratch_atari_krull_vta_3seed_to_400000_20260208_112207/atari_krull_seed0/eval_eps/20260208T180330-44487f1ea8c44b5eaf22e05d1a89f711-1974.npz,1450,1470,0.0,8.544782965503136e-19,1.0798637866973877,8.547647476196289,0.0,8.964641571044922,nan,nan,nan,nan
atari_krull,/home/haselab/projects/stable-deep-world-model/logs/models/from_scratch_atari_krull_vta_3seed_to_400000_20260208_112207/atari_krull_seed0,/home/haselab/projects/stable-deep-world-model/logs/models/from_scratch_atari_krull_vta_3seed_to_400000_20260208_112207/atari_krull_seed0/checkpoints/step-000087500.pt,/home/haselab/projects/stable-deep-world-model/logs/models/from_scratch_atari_krull_vta_3seed_to_400000_20260208_112207/atari_krull_seed0/eval_eps/20260208T180330-44487f1ea8c44b5eaf22e05d1a89f711-1974.npz,1455,1475,0.0,1.0048128448337927e-15,1.0360950231552124,7.320903778076172,0.0,7.772292137145996,nan,nan,nan,nan
atari_krull,/home/haselab/projects/stable-deep-world-model/logs/models/from_scratch_atari_krull_vta_3seed_to_400000_20260208_112207/atari_krull_seed0,/home/haselab/projects/stable-deep-world-model/logs/models/from_scratch_atari_krull_vta_3seed_to_400000_20260208_112207/atari_krull_seed0/checkpoints/step-000087500.pt,/home/haselab/projects/stable-deep-world-model/logs/models/from_scratch_atari_krull_vta_3seed_to_400000_20260208_112207/atari_krull_seed0/eval_eps/20260208T180330-44487f1ea8c44b5eaf22e05d1a89f711-1974.npz,1460,1480,0.0,1.004810833130543e-15,0.899298369884491,5.731574058532715,0.0,6.233665943145752,nan,nan,nan,nan
atari_krull,/home/haselab/projects/stable-deep-world-model/logs/models/from_scratch_atari_krull_vta_3seed_to_400000_20260208_112207/atari_krull_seed0,/home/haselab/projects/stable-deep-world-model/logs/models/from_scratch_atari_krull_vta_3seed_to_400000_20260208_112207/atari_krull_seed0/checkpoints/step-000087500.pt,/home/haselab/projects/stable-deep-world-model/logs/models/from_scratch_atari_krull_vta_3seed_to_400000_20260208_112207/atari_krull_seed0/eval_eps/20260208T180330-44487f1ea8c44b5eaf22e05d1a89f711-1974.npz,1465,1485,0.0,1.0053618280627319e-15,0.6825714707374573,4.264773845672607,0.0,5.058061599731445,nan,nan,nan,nan
atari_krull,/home/haselab/projects/stable-deep-world-model/logs/models/from_scratch_atari_krull_vta_3seed_to_400000_20260208_112207/atari_krull_seed0,/home/haselab/projects/stable-deep-world-model/logs/models/from_scratch_atari_krull_vta_3seed_to_400000_20260208_112207/atari_krull_seed0/checkpoints/step-000087500.pt,/home/haselab/projects/stable-deep-world-model/logs/models/from_scratch_atari_krull_vta_3seed_to_400000_20260208_112207/atari_krull_seed0/eval_eps/20260208T180330-44487f1ea8c44b5eaf22e05d1a89f711-1974.npz,1470,1490,0.0,1.051039138534604e-15,0.5255180597305298,3.019090175628662,0.0,4.054192066192627,nan,nan,nan,nan
atari_krull,/home/haselab/projects/stable-deep-world-model/logs/models/from_scratch_atari_krull_vta_3seed_to_400000_20260208_112207/atari_krull_seed0,/home/haselab/projects/stable-deep-world-model/logs/models/from_scratch_atari_krull_vta_3seed_to_400000_20260208_112207/atari_krull_seed0/checkpoints/step-000087500.pt,/home/haselab/projects/stable-deep-world-model/logs/models/from_scratch_atari_krull_vta_3seed_to_400000_20260208_112207/atari_krull_seed0/eval_eps/20260208T180330-44487f1ea8c44b5eaf22e05d1a89f711-1974.npz,1475,1495,0.0,1.114816590177235e-16,0.26034191250801086,1.6887428760528564,0.0,3.0645699501037598,nan,nan,nan,nan
atari_krull,/home/haselab/projects/stable-deep-world-model/logs/models/from_scratch_atari_krull_vta_3seed_to_400000_20260208_112207/atari_krull_seed0,/home/haselab/projects/stable-deep-world-model/logs/models/from_scratch_atari_krull_vta_3seed_to_400000_20260208_112207/atari_krull_seed0/checkpoints/step-000087500.pt,/home/haselab/projects/stable-deep-world-model/logs/models/from_scratch_atari_krull_vta_3seed_to_400000_20260208_112207/atari_krull_seed0/eval_eps/20260208T180330-44487f1ea8c44b5eaf22e05d1a89f711-1974.npz,1480,1500,0.0,1.302846125415767e-16,0.24424776434898376,1.2099847793579102,0.0,2.8028979301452637,nan,nan,nan,nan
atari_krull,/home/haselab/projects/stable-deep-world-model/logs/models/from_scratch_atari_krull_vta_3seed_to_400000_20260208_112207/atari_krull_seed0,/home/haselab/projects/stable-deep-world-model/logs/models/from_scratch_atari_krull_vta_3seed_to_400000_20260208_112207/atari_krull_seed0/checkpoints/step-000087500.pt,/home/haselab/projects/stable-deep-world-model/logs/models/from_scratch_atari_krull_vta_3seed_to_400000_20260208_112207/atari_krull_seed0/eval_eps/20260208T180330-44487f1ea8c44b5eaf22e05d1a89f711-1974.npz,1485,1505,0.0,1.29805641879684e-16,0.4438170790672302,1.800191879272461,0.0,3.229205369949341,nan,nan,nan,nan
atari_krull,/home/haselab/projects/stable-deep-world-model/logs/models/from_scratch_atari_krull_vta_3seed_to_400000_20260208_112207/atari_krull_seed0,/home/haselab/projects/stable-deep-world-model/logs/models/from_scratch_atari_krull_vta_3seed_to_400000_20260208_112207/atari_krull_seed0/checkpoints/step-000087500.pt,/home/haselab/projects/stable-deep-world-model/logs/models/from_scratch_atari_krull_vta_3seed_to_400000_20260208_112207/atari_krull_seed0/eval_eps/20260208T180330-44487f1ea8c44b5eaf22e05d1a89f711-1974.npz,1490,1510,0.0,8.54842988074679e-17,0.641909658908844,2.6931862831115723,0.0,3.9745852947235107,nan,nan,nan,nan
atari_krull,/home/haselab/projects/stable-deep-world-model/logs/models/from_scratch_atari_krull_vta_3seed_to_400000_20260208_112207/atari_krull_seed0,/home/haselab/projects/stable-deep-world-model/logs/models/from_scratch_atari_krull_vta_3seed_to_400000_20260208_112207/atari_krull_seed0/checkpoints/step-000087500.pt,/home/haselab/projects/stable-deep-world-model/logs/models/from_scratch_atari_krull_vta_3seed_to_400000_20260208_112207/atari_krull_seed0/eval_eps/20260208T180330-44487f1ea8c44b5eaf22e05d1a89f711-1974.npz,1495,1515,0.0,8.267210971791422e-17,0.9435166120529175,4.36492919921875,0.0,5.333623886108398,nan,nan,nan,nan
atari_krull,/home/haselab/projects/stable-deep-world-model/logs/models/from_scratch_atari_krull_vta_3seed_to_400000_20260208_112207/atari_krull_seed0,/home/haselab/projects/stable-deep-world-model/logs/models/from_scratch_atari_krull_vta_3seed_to_400000_20260208_112207/atari_krull_seed0/checkpoints/step-000087500.pt,/home/haselab/projects/stable-deep-world-model/logs/models/from_scratch_atari_krull_vta_3seed_to_400000_20260208_112207/atari_krull_seed0/eval_eps/20260208T180330-44487f1ea8c44b5eaf22e05d1a89f711-1974.npz,1500,1520,0.0,6.427150346145172e-17,1.1251819133758545,6.190228462219238,0.0,6.923083305358887,nan,nan,nan,nan
atari_krull,/home/haselab/projects/stable-deep-world-model/logs/models/from_scratch_atari_krull_vta_3seed_to_400000_20260208_112207/atari_krull_seed0,/home/haselab/projects/stable-deep-world-model/logs/models/from_scratch_atari_krull_vta_3seed_to_400000_20260208_112207/atari_krull_seed0/checkpoints/step-000087500.pt,/home/haselab/projects/stable-deep-world-model/logs/models/from_scratch_atari_krull_vta_3seed_to_400000_20260208_112207/atari_krull_seed0/eval_eps/20260208T180330-44487f1ea8c44b5eaf22e05d1a89f711-1974.npz,1505,1525,0.0,1.1624666933228217e-16,1.2176321744918823,7.701005458831787,0.0,8.211186408996582,nan,nan,nan,nan
atari_krull,/home/haselab/projects/stable-deep-world-model/logs/models/from_scratch_atari_krull_vta_3seed_to_400000_20260208_112207/atari_krull_seed0,/home/haselab/projects/stable-deep-world-model/logs/models/from_scratch_atari_krull_vta_3seed_to_400000_20260208_112207/atari_krull_seed0/checkpoints/step-000087500.pt,/home/haselab/projects/stable-deep-world-model/logs/models/from_scratch_atari_krull_vta_3seed_to_400000_20260208_112207/atari_krull_seed0/eval_eps/20260208T180330-44487f1ea8c44b5eaf22e05d1a89f711-1974.npz,1510,1530,0.0,1.1546026541520556e-16,1.3784072399139404,9.275930404663086,0.0,9.654454231262207,nan,nan,nan,nan
atari_krull,/home/haselab/projects/stable-deep-world-model/logs/models/from_scratch_atari_krull_vta_3seed_to_400000_20260208_112207/atari_krull_seed0,/home/haselab/projects/stable-deep-world-model/logs/models/from_scratch_atari_krull_vta_3seed_to_400000_20260208_112207/atari_krull_seed0/checkpoints/step-000087500.pt,/home/haselab/projects/stable-deep-world-model/logs/models/from_scratch_atari_krull_vta_3seed_to_400000_20260208_112207/atari_krull_seed0/eval_eps/20260208T180330-44487f1ea8c44b5eaf22e05d1a89f711-1974.npz,1515,1535,0.0,5.3954178942751315e-17,1.4290316104888916,10.94929313659668,0.0,11.272750854492188,nan,nan,nan,nan
atari_krull,/home/haselab/projects/stable-deep-world-model/logs/models/from_scratch_atari_krull_vta_3seed_to_400000_20260208_112207/atari_krull_seed0,/home/haselab/projects/stable-deep-world-model/logs/models/from_scratch_atari_krull_vta_3seed_to_400000_20260208_112207/atari_krull_seed0/checkpoints/step-000087500.pt,/home/haselab/projects/stable-deep-world-model/logs/models/from_scratch_atari_krull_vta_3seed_to_400000_20260208_112207/atari_krull_seed0/eval_eps/20260208T180330-44487f1ea8c44b5eaf22e05d1a89f711-1974.npz,1520,1540,0.0,5.35616618897602e-17,1.433922290802002,11.805315971374512,0.0,11.974258422851562,nan,nan,nan,nan
atari_krull,/home/haselab/projects/stable-deep-world-model/logs/models/from_scratch_atari_krull_vta_3seed_to_400000_20260208_112207/atari_krull_seed0,/home/haselab/projects/stable-deep-world-model/logs/models/from_scratch_atari_krull_vta_3seed_to_400000_20260208_112207/atari_krull_seed0/checkpoints/step-000087500.pt,/home/haselab/projects/stable-deep-world-model/logs/models/from_scratch_atari_krull_vta_3seed_to_400000_20260208_112207/atari_krull_seed0/eval_eps/20260208T180330-44487f1ea8c44b5eaf22e05d1a89f711-1974.npz,1525,1545,0.0,1.514636977960895e-18,1.421431303024292,12.461376190185547,0.0,12.816987991333008,nan,nan,nan,nan
atari_krull,/home/haselab/projects/stable-deep-world-model/logs/models/from_scratch_atari_krull_vta_3seed_to_400000_20260208_112207/atari_krull_seed0,/home/haselab/projects/stable-deep-world-model/logs/models/from_scratch_atari_krull_vta_3seed_to_400000_20260208_112207/atari_krull_seed0/checkpoints/step-000087500.pt,/home/haselab/projects/stable-deep-world-model/logs/models/from_scratch_atari_krull_vta_3seed_to_400000_20260208_112207/atari_krull_seed0/eval_eps/20260208T180330-44487f1ea8c44b5eaf22e05d1a89f711-1974.npz,1530,1550,0.0,2.6056194258504047e-17,1.369243860244751,12.981704711914062,0.0,13.458300590515137,nan,nan,nan,nan
atari_krull,/home/haselab/projects/stable-deep-world-model/logs/models/from_scratch_atari_krull_vta_3seed_to_400000_20260208_112207/atari_krull_seed0,/home/haselab/projects/stable-deep-world-model/logs/models/from_scratch_atari_krull_vta_3seed_to_400000_20260208_112207/atari_krull_seed0/checkpoints/step-000087500.pt,/home/haselab/projects/stable-deep-world-model/logs/models/from_scratch_atari_krull_vta_3seed_to_400000_20260208_112207/atari_krull_seed0/eval_eps/20260208T180330-44487f1ea8c44b5eaf22e05d1a89f711-1974.npz,1535,1555,0.0,2.5973924529140748e-17,1.3669860363006592,12.60914421081543,0.0,13.143656730651855,nan,nan,nan,nan
atari_krull,/home/haselab/projects/stable-deep-world-model/logs/models/from_scratch_atari_krull_vta_3seed_to_400000_20260208_112207/atari_krull_seed0,/home/haselab/projects/stable-deep-world-model/logs/models/from_scratch_atari_krull_vta_3seed_to_400000_20260208_112207/atari_krull_seed0/checkpoints/step-000087500.pt,/home/haselab/projects/stable-deep-world-model/logs/models/from_scratch_atari_krull_vta_3seed_to_400000_20260208_112207/atari_krull_seed0/eval_eps/20260208T180330-44487f1ea8c44b5eaf22e05d1a89f711-1974.npz,1540,1560,0.0,3.204302478405867e-17,1.3884305953979492,12.849955558776855,0.0,13.428934097290039,nan,nan,nan,nan
atari_krull,/home/haselab/projects/stable-deep-world-model/logs/models/from_scratch_atari_krull_vta_3seed_to_400000_20260208_112207/atari_krull_seed0,/home/haselab/projects/stable-deep-world-model/logs/models/from_scratch_atari_krull_vta_3seed_to_400000_20260208_112207/atari_krull_seed0/checkpoints/step-000087500.pt,/home/haselab/projects/stable-deep-world-model/logs/models/from_scratch_atari_krull_vta_3seed_to_400000_20260208_112207/atari_krull_seed0/eval_eps/20260208T180330-44487f1ea8c44b5eaf22e05d1a89f711-1974.npz,1545,1565,0.0,3.204370638088341e-17,1.3940823078155518,12.769975662231445,0.0,13.177508354187012,nan,nan,nan,nan
atari_krull,/home/haselab/projects/stable-deep-world-model/logs/models/from_scratch_atari_krull_vta_3seed_to_400000_20260208_112207/atari_krull_seed0,/home/haselab/projects/stable-deep-world-model/logs/models/from_scratch_atari_krull_vta_3seed_to_400000_20260208_112207/atari_krull_seed0/checkpoints/step-000087500.pt,/home/haselab/projects/stable-deep-world-model/logs/models/from_scratch_atari_krull_vta_3seed_to_400000_20260208_112207/atari_krull_seed0/eval_eps/20260208T180330-44487f1ea8c44b5eaf22e05d1a89f711-1974.npz,1550,1570,0.0,6.20919487218235e-18,1.395401120185852,12.68921184539795,0.0,13.02942943572998,nan,nan,nan,nan
atari_krull,/home/haselab/projects/stable-deep-world-model/logs/models/from_scratch_atari_krull_vta_3seed_to_400000_20260208_112207/atari_krull_seed0,/home/haselab/projects/stable-deep-world-model/logs/models/from_scratch_atari_krull_vta_3seed_to_400000_20260208_112207/atari_krull_seed0/checkpoints/step-000087500.pt,/home/haselab/projects/stable-deep-world-model/logs/models/from_scratch_atari_krull_vta_3seed_to_400000_20260208_112207/atari_krull_seed0/eval_eps/20260208T180330-44487f1ea8c44b5eaf22e05d1a89f711-1974.npz,1555,1575,0.0,6.250328909683387e-18,1.3759994506835938,12.318746566772461,0.0,12.466727256774902,nan,nan,nan,nan
atari_krull,/home/haselab/projects/stable-deep-world-model/logs/models/from_scratch_atari_krull_vta_3seed_to_400000_20260208_112207/atari_krull_seed0,/home/haselab/projects/stable-deep-world-model/logs/models/from_scratch_atari_krull_vta_3seed_to_400000_20260208_112207/atari_krull_seed0/checkpoints/step-000087500.pt,/home/haselab/projects/stable-deep-world-model/logs/models/from_scratch_atari_krull_vta_3seed_to_400000_20260208_112207/atari_krull_seed0/eval_eps/20260208T180330-44487f1ea8c44b5eaf22e05d1a89f711-1974.npz,1560,1580,0.0,5.858930204880446e-18,1.3965071439743042,12.187289237976074,0.0,12.243040084838867,nan,nan,nan,nan
atari_krull,/home/haselab/projects/stable-deep-world-model/logs/models/from_scratch_atari_krull_vta_3seed_to_400000_20260208_112207/atari_krull_seed0,/home/haselab/projects/stable-deep-world-model/logs/models/from_scratch_atari_krull_vta_3seed_to_400000_20260208_112207/atari_krull_seed0/checkpoints/step-000087500.pt,/home/haselab/projects/stable-deep-world-model/logs/models/from_scratch_atari_krull_vta_3seed_to_400000_20260208_112207/atari_krull_seed0/eval_eps/20260208T180330-44487f1ea8c44b5eaf22e05d1a89f711-1974.npz,1565,1585,0.0,5.8764523717961564e-18,1.3702906370162964,11.996853828430176,0.0,12.064226150512695,nan,nan,nan,nan
atari_krull,/home/haselab/projects/stable-deep-world-model/logs/models/from_scratch_atari_krull_vta_3seed_to_400000_20260208_112207/atari_krull_seed0,/home/haselab/projects/stable-deep-world-model/logs/models/from_scratch_atari_krull_vta_3seed_to_400000_20260208_112207/atari_krull_seed0/checkpoints/step-000087500.pt,/home/haselab/projects/stable-deep-world-model/logs/models/from_scratch_atari_krull_vta_3seed_to_400000_20260208_112207/atari_krull_seed0/eval_eps/20260208T180330-44487f1ea8c44b5eaf22e05d1a89f711-1974.npz,1570,1590,0.0,5.965452042623187e-18,1.3456332683563232,11.298445701599121,0.0,11.301606178283691,nan,nan,nan,nan
atari_krull,/home/haselab/projects/stable-deep-world-model/logs/models/from_scratch_atari_krull_vta_3seed_to_400000_20260208_112207/atari_krull_seed0,/home/haselab/projects/stable-deep-world-model/logs/models/from_scratch_atari_krull_vta_3seed_to_400000_20260208_112207/atari_krull_seed0/checkpoints/step-000087500.pt,/home/haselab/projects/stable-deep-world-model/logs/models/from_scratch_atari_krull_vta_3seed_to_400000_20260208_112207/atari_krull_seed0/eval_eps/20260208T180330-44487f1ea8c44b5eaf22e05d1a89f711-1974.npz,1575,1595,0.0,6.254020616757211e-18,1.2411298751831055,10.815468788146973,0.0,10.952363014221191,nan,nan,nan,nan
atari_krull,/home/haselab/projects/stable-deep-world-model/logs/models/from_scratch_atari_krull_vta_3seed_to_400000_20260208_112207/atari_krull_seed0,/home/haselab/projects/stable-deep-world-model/logs/models/from_scratch_atari_krull_vta_3seed_to_400000_20260208_112207/atari_krull_seed0/checkpoints/step-000087500.pt,/home/haselab/projects/stable-deep-world-model/logs/models/from_scratch_atari_krull_vta_3seed_to_400000_20260208_112207/atari_krull_seed0/eval_eps/20260208T180330-44487f1ea8c44b5eaf22e05d1a89f711-1974.npz,1580,1600,0.0,6.988926026655075e-19,1.0936754941940308,9.503793716430664,0.0,9.872190475463867,nan,nan,nan,nan
atari_krull,/home/haselab/projects/stable-deep-world-model/logs/models/from_scratch_atari_krull_vta_3seed_to_400000_20260208_112207/atari_krull_seed0,/home/haselab/projects/stable-deep-world-model/logs/models/from_scratch_atari_krull_vta_3seed_to_400000_20260208_112207/atari_krull_seed0/checkpoints/step-000087500.pt,/home/haselab/projects/stable-deep-world-model/logs/models/from_scratch_atari_krull_vta_3seed_to_400000_20260208_112207/atari_krull_seed0/eval_eps/20260208T180330-44487f1ea8c44b5eaf22e05d1a89f711-1974.npz,1585,1605,0.0,6.804473538849758e-19,0.9531471133232117,7.907797813415527,0.0,8.458562850952148,nan,nan,nan,nan
atari_krull,/home/haselab/projects/stable-deep-world-model/logs/models/from_scratch_atari_krull_vta_3seed_to_400000_20260208_112207/atari_krull_seed0,/home/haselab/projects/stable-deep-world-model/logs/models/from_scratch_atari_krull_vta_3seed_to_400000_20260208_112207/atari_krull_seed0/checkpoints/step-000087500.pt,/home/haselab/projects/stable-deep-world-model/logs/models/from_scratch_atari_krull_vta_3seed_to_400000_20260208_112207/atari_krull_seed0/eval_eps/20260208T180330-44487f1ea8c44b5eaf22e05d1a89f711-1974.npz,1590,1610,0.0,4.8224723944256895e-15,0.7814754247665405,6.0913472175598145,0.0,7.046422004699707,nan,nan,nan,nan
atari_krull,/home/haselab/projects/stable-deep-world-model/logs/models/from_scratch_atari_krull_vta_3seed_to_400000_20260208_112207/atari_krull_seed0,/home/haselab/projects/stable-deep-world-model/logs/models/from_scratch_atari_krull_vta_3seed_to_400000_20260208_112207/atari_krull_seed0/checkpoints/step-000087500.pt,/home/haselab/projects/stable-deep-world-model/logs/models/from_scratch_atari_krull_vta_3seed_to_400000_20260208_112207/atari_krull_seed0/eval_eps/20260208T180330-44487f1ea8c44b5eaf22e05d1a89f711-1974.npz,1595,1615,0.05,0.05000000074505806,1.485948920249939,5.342085361480713,0.4159332811832428,6.287036418914795,7.423802375793457,10.219583511352539,8.318665504455566,11.455212593078613
atari_krull,/home/haselab/projects/stable-deep-world-model/logs/models/from_scratch_atari_krull_vta_3seed_to_400000_20260208_112207/atari_krull_seed0,/home/haselab/projects/stable-deep-world-model/logs/models/from_scratch_atari_krull_vta_3seed_to_400000_20260208_112207/atari_krull_seed0/checkpoints/step-000087500.pt,/home/haselab/projects/stable-deep-world-model/logs/models/from_scratch_atari_krull_vta_3seed_to_400000_20260208_112207/atari_krull_seed0/eval_eps/20260208T180330-44487f1ea8c44b5eaf22e05d1a89f711-1974.npz,1600,1620,0.05,0.05000000074505806,1.8851072788238525,4.619606971740723,0.4159332811832428,5.4368767738342285,7.423802375793457,10.219583511352539,8.318665504455566,11.455212593078613
atari_krull,/home/haselab/projects/stable-deep-world-model/logs/models/from_scratch_atari_krull_vta_3seed_to_400000_20260208_112207/atari_krull_seed0,/home/haselab/projects/stable-deep-world-model/logs/models/from_scratch_atari_krull_vta_3seed_to_400000_20260208_112207/atari_krull_seed0/checkpoints/step-000087500.pt,/home/haselab/projects/stable-deep-world-model/logs/models/from_scratch_atari_krull_vta_3seed_to_400000_20260208_112207/atari_krull_seed0/eval_eps/20260208T180330-44487f1ea8c44b5eaf22e05d1a89f711-1974.npz,1605,1625,0.05,0.05000000074505806,2.3682188987731934,4.485668659210205,0.4159332811832428,5.221847057342529,7.423802375793457,10.219583511352539,8.318665504455566,11.455212593078613
atari_krull,/home/haselab/projects/stable-deep-world-model/logs/models/from_scratch_atari_krull_vta_3seed_to_400000_20260208_112207/atari_krull_seed0,/home/haselab/projects/stable-deep-world-model/logs/models/from_scratch_atari_krull_vta_3seed_to_400000_20260208_112207/atari_krull_seed0/checkpoints/step-000087500.pt,/home/haselab/projects/stable-deep-world-model/logs/models/from_scratch_atari_krull_vta_3seed_to_400000_20260208_112207/atari_krull_seed0/eval_eps/20260208T180330-44487f1ea8c44b5eaf22e05d1a89f711-1974.npz,1610,1630,0.05,0.05000000447034836,2.7889206409454346,4.6382269859313965,0.4159332811832428,5.122215270996094,7.423802375793457,10.219583511352539,8.318665504455566,11.455212593078613
atari_krull,/home/haselab/projects/stable-deep-world-model/logs/models/from_scratch_atari_krull_vta_3seed_to_400000_20260208_112207/atari_krull_seed0,/home/haselab/projects/stable-deep-world-model/logs/models/from_scratch_atari_krull_vta_3seed_to_400000_20260208_112207/atari_krull_seed0/checkpoints/step-000087500.pt,/home/haselab/projects/stable-deep-world-model/logs/models/from_scratch_atari_krull_vta_3seed_to_400000_20260208_112207/atari_krull_seed0/eval_eps/20260208T180330-44487f1ea8c44b5eaf22e05d1a89f711-1974.npz,1615,1635,0.0,8.271581641849934e-09,2.4505326747894287,4.121702194213867,0.0,4.651363372802734,nan,nan,nan,nan
atari_krull,/home/haselab/projects/stable-deep-world-model/logs/models/from_scratch_atari_krull_vta_3seed_to_400000_20260208_112207/atari_krull_seed0,/home/haselab/projects/stable-deep-world-model/logs/models/from_scratch_atari_krull_vta_3seed_to_400000_20260208_112207/atari_krull_seed0/checkpoints/step-000087500.pt,/home/haselab/projects/stable-deep-world-model/logs/models/from_scratch_atari_krull_vta_3seed_to_400000_20260208_112207/atari_krull_seed0/eval_eps/20260208T180330-44487f1ea8c44b5eaf22e05d1a89f711-1974.npz,1620,1640,0.0,8.313696397976855e-09,2.488736629486084,4.038171291351318,0.0,4.664068698883057,nan,nan,nan,nan
atari_krull,/home/haselab/projects/stable-deep-world-model/logs/models/from_scratch_atari_krull_vta_3seed_to_400000_20260208_112207/atari_krull_seed0,/home/haselab/projects/stable-deep-world-model/logs/models/from_scratch_atari_krull_vta_3seed_to_400000_20260208_112207/atari_krull_seed0/checkpoints/step-000087500.pt,/home/haselab/projects/stable-deep-world-model/logs/models/from_scratch_atari_krull_vta_3seed_to_400000_20260208_112207/atari_krull_seed0/eval_eps/20260208T180330-44487f1ea8c44b5eaf22e05d1a89f711-1974.npz,1625,1645,0.0,8.311003441008324e-09,2.453172206878662,4.0617995262146,0.0,4.678417205810547,nan,nan,nan,nan
atari_krull,/home/haselab/projects/stable-deep-world-model/logs/models/from_scratch_atari_krull_vta_3seed_to_400000_20260208_112207/atari_krull_seed0,/home/haselab/projects/stable-deep-world-model/logs/models/from_scratch_atari_krull_vta_3seed_to_400000_20260208_112207/atari_krull_seed0/checkpoints/step-000087500.pt,/home/haselab/projects/stable-deep-world-model/logs/models/from_scratch_atari_krull_vta_3seed_to_400000_20260208_112207/atari_krull_seed0/eval_eps/20260208T180330-44487f1ea8c44b5eaf22e05d1a89f711-1974.npz,1630,1650,0.0,9.570860770580225e-11,2.5103530883789062,4.089534282684326,0.0,4.624575614929199,nan,nan,nan,nan
atari_krull,/home/haselab/projects/stable-deep-world-model/logs/models/from_scratch_atari_krull_vta_3seed_to_400000_20260208_112207/atari_krull_seed0,/home/haselab/projects/stable-deep-world-model/logs/models/from_scratch_atari_krull_vta_3seed_to_400000_20260208_112207/atari_krull_seed0/checkpoints/step-000087500.pt,/home/haselab/projects/stable-deep-world-model/logs/models/from_scratch_atari_krull_vta_3seed_to_400000_20260208_112207/atari_krull_seed0/eval_eps/20260208T180330-44487f1ea8c44b5eaf22e05d1a89f711-1974.npz,1635,1655,0.0,9.926535288196092e-11,2.482123613357544,4.024155616760254,0.0,4.564212799072266,nan,nan,nan,nan
atari_krull,/home/haselab/projects/stable-deep-world-model/logs/models/from_scratch_atari_krull_vta_3seed_to_400000_20260208_112207/atari_krull_seed0,/home/haselab/projects/stable-deep-world-model/logs/models/from_scratch_atari_krull_vta_3seed_to_400000_20260208_112207/atari_krull_seed0/checkpoints/step-000087500.pt,/home/haselab/projects/stable-deep-world-model/logs/models/from_scratch_atari_krull_vta_3seed_to_400000_20260208_112207/atari_krull_seed0/eval_eps/20260208T180330-44487f1ea8c44b5eaf22e05d1a89f711-1974.npz,1640,1660,0.0,5.7164876998694325e-11,2.4396493434906006,3.880924940109253,0.0,4.465119361877441,nan,nan,nan,nan
atari_krull,/home/haselab/projects/stable-deep-world-model/logs/models/from_scratch_atari_krull_vta_3seed_to_400000_20260208_112207/atari_krull_seed0,/home/haselab/projects/stable-deep-world-model/logs/models/from_scratch_atari_krull_vta_3seed_to_400000_20260208_112207/atari_krull_seed0/checkpoints/step-000087500.pt,/home/haselab/projects/stable-deep-world-model/logs/models/from_scratch_atari_krull_vta_3seed_to_400000_20260208_112207/atari_krull_seed0/eval_eps/20260208T180330-44487f1ea8c44b5eaf22e05d1a89f711-1974.npz,1645,1665,0.0,1.5840073697148682e-10,2.465733051300049,3.760568141937256,0.0,4.3845977783203125,nan,nan,nan,nan
atari_krull,/home/haselab/projects/stable-deep-world-model/logs/models/from_scratch_atari_krull_vta_3seed_to_400000_20260208_112207/atari_krull_seed0,/home/haselab/projects/stable-deep-world-model/logs/models/from_scratch_atari_krull_vta_3seed_to_400000_20260208_112207/atari_krull_seed0/checkpoints/step-000087500.pt,/home/haselab/projects/stable-deep-world-model/logs/models/from_scratch_atari_krull_vta_3seed_to_400000_20260208_112207/atari_krull_seed0/eval_eps/20260208T180330-44487f1ea8c44b5eaf22e05d1a89f711-1974.npz,1650,1670,0.0,1.0911769404708949e-10,2.454191207885742,3.778514862060547,0.0,4.395523548126221,nan,nan,nan,nan
atari_krull,/home/haselab/projects/stable-deep-world-model/logs/models/from_scratch_atari_krull_vta_3seed_to_400000_20260208_112207/atari_krull_seed0,/home/haselab/projects/stable-deep-world-model/logs/models/from_scratch_atari_krull_vta_3seed_to_400000_20260208_112207/atari_krull_seed0/checkpoints/step-000087500.pt,/home/haselab/projects/stable-deep-world-model/logs/models/from_scratch_atari_krull_vta_3seed_to_400000_20260208_112207/atari_krull_seed0/eval_eps/20260208T180330-44487f1ea8c44b5eaf22e05d1a89f711-1974.npz,1655,1675,0.0,1.058395732167483e-10,2.497175931930542,3.7382118701934814,0.0,4.462038516998291,nan,nan,nan,nan
atari_krull,/home/haselab/projects/stable-deep-world-model/logs/models/from_scratch_atari_krull_vta_3seed_to_400000_20260208_112207/atari_krull_seed0,/home/haselab/projects/stable-deep-world-model/logs/models/from_scratch_atari_krull_vta_3seed_to_400000_20260208_112207/atari_krull_seed0/checkpoints/step-000087500.pt,/home/haselab/projects/stable-deep-world-model/logs/models/from_scratch_atari_krull_vta_3seed_to_400000_20260208_112207/atari_krull_seed0/eval_eps/20260208T180330-44487f1ea8c44b5eaf22e05d1a89f711-1974.npz,1660,1680,0.0,1.0582527215641235e-10,2.440204620361328,3.718095064163208,0.0,4.40338659286499,nan,nan,nan,nan
atari_krull,/home/haselab/projects/stable-deep-world-model/logs/models/from_scratch_atari_krull_vta_3seed_to_400000_20260208_112207/atari_krull_seed0,/home/haselab/projects/stable-deep-world-model/logs/models/from_scratch_atari_krull_vta_3seed_to_400000_20260208_112207/atari_krull_seed0/checkpoints/step-000087500.pt,/home/haselab/projects/stable-deep-world-model/logs/models/from_scratch_atari_krull_vta_3seed_to_400000_20260208_112207/atari_krull_seed0/eval_eps/20260208T180330-44487f1ea8c44b5eaf22e05d1a89f711-1974.npz,1665,1685,0.0,4.572684678821881e-12,2.4031920433044434,3.8020668029785156,0.0,4.43105411529541,nan,nan,nan,nan
atari_krull,/home/haselab/projects/stable-deep-world-model/logs/models/from_scratch_atari_krull_vta_3seed_to_400000_20260208_112207/atari_krull_seed0,/home/haselab/projects/stable-deep-world-model/logs/models/from_scratch_atari_krull_vta_3seed_to_400000_20260208_112207/atari_krull_seed0/checkpoints/step-000087500.pt,/home/haselab/projects/stable-deep-world-model/logs/models/from_scratch_atari_krull_vta_3seed_to_400000_20260208_112207/atari_krull_seed0/eval_eps/20260208T180330-44487f1ea8c44b5eaf22e05d1a89f711-1974.npz,1670,1690,0.0,2.913462114791099e-13,2.4140660762786865,3.9887499809265137,0.0,4.6491875648498535,nan,nan,nan,nan
atari_krull,/home/haselab/projects/stable-deep-world-model/logs/models/from_scratch_atari_krull_vta_3seed_to_400000_20260208_112207/atari_krull_seed0,/home/haselab/projects/stable-deep-world-model/logs/models/from_scratch_atari_krull_vta_3seed_to_400000_20260208_112207/atari_krull_seed0/checkpoints/step-000087500.pt,/home/haselab/projects/stable-deep-world-model/logs/models/from_scratch_atari_krull_vta_3seed_to_400000_20260208_112207/atari_krull_seed0/eval_eps/20260208T180330-44487f1ea8c44b5eaf22e05d1a89f711-1974.npz,1675,1695,0.0,2.2979478020955513e-13,2.435314655303955,4.1912384033203125,0.0,4.778403282165527,nan,nan,nan,nan
atari_krull,/home/haselab/projects/stable-deep-world-model/logs/models/from_scratch_atari_krull_vta_3seed_to_400000_20260208_112207/atari_krull_seed0,/home/haselab/projects/stable-deep-world-model/logs/models/from_scratch_atari_krull_vta_3seed_to_400000_20260208_112207/atari_krull_seed0/checkpoints/step-000087500.pt,/home/haselab/projects/stable-deep-world-model/logs/models/from_scratch_atari_krull_vta_3seed_to_400000_20260208_112207/atari_krull_seed0/eval_eps/20260208T180330-44487f1ea8c44b5eaf22e05d1a89f711-1974.npz,1680,1700,0.0,1.0920208964523836e-12,2.4682040214538574,4.155892848968506,0.0,4.841164588928223,nan,nan,nan,nan
atari_krull,/home/haselab/projects/stable-deep-world-model/logs/models/from_scratch_atari_krull_vta_3seed_to_400000_20260208_112207/atari_krull_seed0,/home/haselab/projects/stable-deep-world-model/logs/models/from_scratch_atari_krull_vta_3seed_to_400000_20260208_112207/atari_krull_seed0/checkpoints/step-000087500.pt,/home/haselab/projects/stable-deep-world-model/logs/models/from_scratch_atari_krull_vta_3seed_to_400000_20260208_112207/atari_krull_seed0/eval_eps/20260208T180330-44487f1ea8c44b5eaf22e05d1a89f711-1974.npz,1685,1705,0.0,1.1305574532105567e-12,2.4067511558532715,4.033178806304932,0.0,4.742880821228027,nan,nan,nan,nan
atari_krull,/home/haselab/projects/stable-deep-world-model/logs/models/from_scratch_atari_krull_vta_3seed_to_400000_20260208_112207/atari_krull_seed0,/home/haselab/projects/stable-deep-world-model/logs/models/from_scratch_atari_krull_vta_3seed_to_400000_20260208_112207/atari_krull_seed0/checkpoints/step-000087500.pt,/home/haselab/projects/stable-deep-world-model/logs/models/from_scratch_atari_krull_vta_3seed_to_400000_20260208_112207/atari_krull_seed0/eval_eps/20260208T180330-44487f1ea8c44b5eaf22e05d1a89f711-1974.npz,1690,1710,0.0,1.1452494768499077e-12,2.412130117416382,3.966459274291992,0.0,4.58485746383667,nan,nan,nan,nan
atari_krull,/home/haselab/projects/stable-deep-world-model/logs/models/from_scratch_atari_krull_vta_3seed_to_400000_20260208_112207/atari_krull_seed0,/home/haselab/projects/stable-deep-world-model/logs/models/from_scratch_atari_krull_vta_3seed_to_400000_20260208_112207/atari_krull_seed0/checkpoints/step-000087500.pt,/home/haselab/projects/stable-deep-world-model/logs/models/from_scratch_atari_krull_vta_3seed_to_400000_20260208_112207/atari_krull_seed0/eval_eps/20260208T180330-44487f1ea8c44b5eaf22e05d1a89f711-1974.npz,1695,1715,0.0,1.0555539732212682e-12,2.3986945152282715,3.965017795562744,0.0,4.5609235763549805,nan,nan,nan,nan
atari_krull,/home/haselab/projects/stable-deep-world-model/logs/models/from_scratch_atari_krull_vta_3seed_to_400000_20260208_112207/atari_krull_seed0,/home/haselab/projects/stable-deep-world-model/logs/models/from_scratch_atari_krull_vta_3seed_to_400000_20260208_112207/atari_krull_seed0/checkpoints/step-000087500.pt,/home/haselab/projects/stable-deep-world-model/logs/models/from_scratch_atari_krull_vta_3seed_to_400000_20260208_112207/atari_krull_seed0/eval_eps/20260208T180330-44487f1ea8c44b5eaf22e05d1a89f711-1974.npz,1700,1720,0.0,1.0988846551457376e-12,2.424372434616089,4.098185062408447,0.0,4.564204216003418,nan,nan,nan,nan
atari_krull,/home/haselab/projects/stable-deep-world-model/logs/models/from_scratch_atari_krull_vta_3seed_to_400000_20260208_112207/atari_krull_seed0,/home/haselab/projects/stable-deep-world-model/logs/models/from_scratch_atari_krull_vta_3seed_to_400000_20260208_112207/atari_krull_seed0/checkpoints/step-000087500.pt,/home/haselab/projects/stable-deep-world-model/logs/models/from_scratch_atari_krull_vta_3seed_to_400000_20260208_112207/atari_krull_seed0/eval_eps/20260208T180330-44487f1ea8c44b5eaf22e05d1a89f711-1974.npz,1705,1725,0.0,5.6792478705935956e-12,2.4333789348602295,4.047863006591797,0.0,4.523318290710449,nan,nan,nan,nan
atari_krull,/home/haselab/projects/stable-deep-world-model/logs/models/from_scratch_atari_krull_vta_3seed_to_400000_20260208_112207/atari_krull_seed0,/home/haselab/projects/stable-deep-world-model/logs/models/from_scratch_atari_krull_vta_3seed_to_400000_20260208_112207/atari_krull_seed0/checkpoints/step-000087500.pt,/home/haselab/projects/stable-deep-world-model/logs/models/from_scratch_atari_krull_vta_3seed_to_400000_20260208_112207/atari_krull_seed0/eval_eps/20260208T180330-44487f1ea8c44b5eaf22e05d1a89f711-1974.npz,1710,1730,0.0,6.204948881094463e-12,2.403780221939087,3.953840970993042,0.0,4.438152313232422,nan,nan,nan,nan
atari_krull,/home/haselab/projects/stable-deep-world-model/logs/models/from_scratch_atari_krull_vta_3seed_to_400000_20260208_112207/atari_krull_seed0,/home/haselab/projects/stable-deep-world-model/logs/models/from_scratch_atari_krull_vta_3seed_to_400000_20260208_112207/atari_krull_seed0/checkpoints/step-000087500.pt,/home/haselab/projects/stable-deep-world-model/logs/models/from_scratch_atari_krull_vta_3seed_to_400000_20260208_112207/atari_krull_seed0/eval_eps/20260208T180330-44487f1ea8c44b5eaf22e05d1a89f711-1974.npz,1715,1735,0.0,6.293944532220763e-12,2.4155795574188232,4.0501604080200195,0.0,4.514861583709717,nan,nan,nan,nan
atari_krull,/home/haselab/projects/stable-deep-world-model/logs/models/from_scratch_atari_krull_vta_3seed_to_400000_20260208_112207/atari_krull_seed0,/home/haselab/projects/stable-deep-world-model/logs/models/from_scratch_atari_krull_vta_3seed_to_400000_20260208_112207/atari_krull_seed0/checkpoints/step-000087500.pt,/home/haselab/projects/stable-deep-world-model/logs/models/from_scratch_atari_krull_vta_3seed_to_400000_20260208_112207/atari_krull_seed0/eval_eps/20260208T180330-44487f1ea8c44b5eaf22e05d1a89f711-1974.npz,1720,1740,0.0,3.1714863374388e-11,2.3707773685455322,4.238719463348389,0.0,4.615681171417236,nan,nan,nan,nan
atari_krull,/home/haselab/projects/stable-deep-world-model/logs/models/from_scratch_atari_krull_vta_3seed_to_400000_20260208_112207/atari_krull_seed0,/home/haselab/projects/stable-deep-world-model/logs/models/from_scratch_atari_krull_vta_3seed_to_400000_20260208_112207/atari_krull_seed0/checkpoints/step-000087500.pt,/home/haselab/projects/stable-deep-world-model/logs/models/from_scratch_atari_krull_vta_3seed_to_400000_20260208_112207/atari_krull_seed0/eval_eps/20260208T180330-44487f1ea8c44b5eaf22e05d1a89f711-1974.npz,1725,1745,0.0,3.02115450712126e-11,2.433579444885254,4.351201057434082,0.0,4.698195457458496,nan,nan,nan,nan
atari_krull,/home/haselab/projects/stable-deep-world-model/logs/models/from_scratch_atari_krull_vta_3seed_to_400000_20260208_112207/atari_krull_seed0,/home/haselab/projects/stable-deep-world-model/logs/models/from_scratch_atari_krull_vta_3seed_to_400000_20260208_112207/atari_krull_seed0/checkpoints/step-000087500.pt,/home/haselab/projects/stable-deep-world-model/logs/models/from_scratch_atari_krull_vta_3seed_to_400000_20260208_112207/atari_krull_seed0/eval_eps/20260208T180330-44487f1ea8c44b5eaf22e05d1a89f711-1974.npz,1730,1750,0.0,3.4739384979776133e-11,2.401461601257324,4.311314582824707,0.0,4.7066755294799805,nan,nan,nan,nan
atari_krull,/home/haselab/projects/stable-deep-world-model/logs/models/from_scratch_atari_krull_vta_3seed_to_400000_20260208_112207/atari_krull_seed0,/home/haselab/projects/stable-deep-world-model/logs/models/from_scratch_atari_krull_vta_3seed_to_400000_20260208_112207/atari_krull_seed0/checkpoints/step-000087500.pt,/home/haselab/projects/stable-deep-world-model/logs/models/from_scratch_atari_krull_vta_3seed_to_400000_20260208_112207/atari_krull_seed0/eval_eps/20260208T180330-44487f1ea8c44b5eaf22e05d1a89f711-1974.npz,1735,1755,0.0,3.4519900826701644e-11,2.3289146423339844,4.199769020080566,0.0,4.523155689239502,nan,nan,nan,nan
atari_krull,/home/haselab/projects/stable-deep-world-model/logs/models/from_scratch_atari_krull_vta_3seed_to_400000_20260208_112207/atari_krull_seed0,/home/haselab/projects/stable-deep-world-model/logs/models/from_scratch_atari_krull_vta_3seed_to_400000_20260208_112207/atari_krull_seed0/checkpoints/step-000087500.pt,/home/haselab/projects/stable-deep-world-model/logs/models/from_scratch_atari_krull_vta_3seed_to_400000_20260208_112207/atari_krull_seed0/eval_eps/20260208T180330-44487f1ea8c44b5eaf22e05d1a89f711-1974.npz,1740,1760,0.0,8.193259438959988e-12,2.356773853302002,4.1648173332214355,0.0,4.565176486968994,nan,nan,nan,nan
atari_krull,/home/haselab/projects/stable-deep-world-model/logs/models/from_scratch_atari_krull_vta_3seed_to_400000_20260208_112207/atari_krull_seed0,/home/haselab/projects/stable-deep-world-model/logs/models/from_scratch_atari_krull_vta_3seed_to_400000_20260208_112207/atari_krull_seed0/checkpoints/step-000087500.pt,/home/haselab/projects/stable-deep-world-model/logs/models/from_scratch_atari_krull_vta_3seed_to_400000_20260208_112207/atari_krull_seed0/eval_eps/20260208T180330-44487f1ea8c44b5eaf22e05d1a89f711-1974.npz,1745,1765,0.0,5.07748574088418e-12,2.3353705406188965,4.30327033996582,0.0,4.778886795043945,nan,nan,nan,nan
atari_krull,/home/haselab/projects/stable-deep-world-model/logs/models/from_scratch_atari_krull_vta_3seed_to_400000_20260208_112207/atari_krull_seed0,/home/haselab/projects/stable-deep-world-model/logs/models/from_scratch_atari_krull_vta_3seed_to_400000_20260208_112207/atari_krull_seed0/checkpoints/step-000087500.pt,/home/haselab/projects/stable-deep-world-model/logs/models/from_scratch_atari_krull_vta_3seed_to_400000_20260208_112207/atari_krull_seed0/eval_eps/20260208T180330-44487f1ea8c44b5eaf22e05d1a89f711-1974.npz,1750,1770,0.0,8.200829338528282e-14,2.393611431121826,4.495753765106201,0.0,4.967523574829102,nan,nan,nan,nan
atari_krull,/home/haselab/projects/stable-deep-world-model/logs/models/from_scratch_atari_krull_vta_3seed_to_400000_20260208_112207/atari_krull_seed0,/home/haselab/projects/stable-deep-world-model/logs/models/from_scratch_atari_krull_vta_3seed_to_400000_20260208_112207/atari_krull_seed0/checkpoints/step-000087500.pt,/home/haselab/projects/stable-deep-world-model/logs/models/from_scratch_atari_krull_vta_3seed_to_400000_20260208_112207/atari_krull_seed0/eval_eps/20260208T180330-44487f1ea8c44b5eaf22e05d1a89f711-1974.npz,1755,1775,0.0,8.201061764369008e-14,2.4465951919555664,4.579333305358887,0.0,5.096893310546875,nan,nan,nan,nan
atari_krull,/home/haselab/projects/stable-deep-world-model/logs/models/from_scratch_atari_krull_vta_3seed_to_400000_20260208_112207/atari_krull_seed0,/home/haselab/projects/stable-deep-world-model/logs/models/from_scratch_atari_krull_vta_3seed_to_400000_20260208_112207/atari_krull_seed0/checkpoints/step-000087500.pt,/home/haselab/projects/stable-deep-world-model/logs/models/from_scratch_atari_krull_vta_3seed_to_400000_20260208_112207/atari_krull_seed0/eval_eps/20260208T180330-44487f1ea8c44b5eaf22e05d1a89f711-1974.npz,1760,1780,0.0,8.193832846383961e-14,2.441253900527954,4.54556941986084,0.0,5.085418224334717,nan,nan,nan,nan
atari_krull,/home/haselab/projects/stable-deep-world-model/logs/models/from_scratch_atari_krull_vta_3seed_to_400000_20260208_112207/atari_krull_seed0,/home/haselab/projects/stable-deep-world-model/logs/models/from_scratch_atari_krull_vta_3seed_to_400000_20260208_112207/atari_krull_seed0/checkpoints/step-000087500.pt,/home/haselab/projects/stable-deep-world-model/logs/models/from_scratch_atari_krull_vta_3seed_to_400000_20260208_112207/atari_krull_seed0/eval_eps/20260208T180330-44487f1ea8c44b5eaf22e05d1a89f711-1974.npz,1765,1785,0.0,8.190904822891892e-14,2.463066816329956,4.463900566101074,0.0,5.007889270782471,nan,nan,nan,nan
atari_krull,/home/haselab/projects/stable-deep-world-model/logs/models/from_scratch_atari_krull_vta_3seed_to_400000_20260208_112207/atari_krull_seed0,/home/haselab/projects/stable-deep-world-model/logs/models/from_scratch_atari_krull_vta_3seed_to_400000_20260208_112207/atari_krull_seed0/checkpoints/step-000087500.pt,/home/haselab/projects/stable-deep-world-model/logs/models/from_scratch_atari_krull_vta_3seed_to_400000_20260208_112207/atari_krull_seed0/eval_eps/20260208T180330-44487f1ea8c44b5eaf22e05d1a89f711-1974.npz,1770,1790,0.0,1.7765030452278804e-17,2.435631275177002,4.370818138122559,0.0,5.069343090057373,nan,nan,nan,nan
atari_krull,/home/haselab/projects/stable-deep-world-model/logs/models/from_scratch_atari_krull_vta_3seed_to_400000_20260208_112207/atari_krull_seed0,/home/haselab/projects/stable-deep-world-model/logs/models/from_scratch_atari_krull_vta_3seed_to_400000_20260208_112207/atari_krull_seed0/checkpoints/step-000087500.pt,/home/haselab/projects/stable-deep-world-model/logs/models/from_scratch_atari_krull_vta_3seed_to_400000_20260208_112207/atari_krull_seed0/eval_eps/20260208T180330-44487f1ea8c44b5eaf22e05d1a89f711-1974.npz,1775,1795,0.0,1.5255498477052152e-17,2.4140267372131348,4.168622016906738,0.0,4.914816856384277,nan,nan,nan,nan
atari_krull,/home/haselab/projects/stable-deep-world-model/logs/models/from_scratch_atari_krull_vta_3seed_to_400000_20260208_112207/atari_krull_seed0,/home/haselab/projects/stable-deep-world-model/logs/models/from_scratch_atari_krull_vta_3seed_to_400000_20260208_112207/atari_krull_seed0/checkpoints/step-000087500.pt,/home/haselab/projects/stable-deep-world-model/logs/models/from_scratch_atari_krull_vta_3seed_to_400000_20260208_112207/atari_krull_seed0/eval_eps/20260208T180330-44487f1ea8c44b5eaf22e05d1a89f711-1974.npz,1780,1800,0.0,1.287568992856974e-17,2.3868188858032227,4.065117835998535,0.0,4.920578956604004,nan,nan,nan,nan
atari_krull,/home/haselab/projects/stable-deep-world-model/logs/models/from_scratch_atari_krull_vta_3seed_to_400000_20260208_112207/atari_krull_seed0,/home/haselab/projects/stable-deep-world-model/logs/models/from_scratch_atari_krull_vta_3seed_to_400000_20260208_112207/atari_krull_seed0/checkpoints/step-000087500.pt,/home/haselab/projects/stable-deep-world-model/logs/models/from_scratch_atari_krull_vta_3seed_to_400000_20260208_112207/atari_krull_seed0/eval_eps/20260208T180330-44487f1ea8c44b5eaf22e05d1a89f711-1974.npz,1785,1805,0.0,1.4095491818871063e-17,2.387164354324341,3.972480058670044,0.0,4.864845275878906,nan,nan,nan,nan
atari_krull,/home/haselab/projects/stable-deep-world-model/logs/models/from_scratch_atari_krull_vta_3seed_to_400000_20260208_112207/atari_krull_seed0,/home/haselab/projects/stable-deep-world-model/logs/models/from_scratch_atari_krull_vta_3seed_to_400000_20260208_112207/atari_krull_seed0/checkpoints/step-000087500.pt,/home/haselab/projects/stable-deep-world-model/logs/models/from_scratch_atari_krull_vta_3seed_to_400000_20260208_112207/atari_krull_seed0/eval_eps/20260208T180330-44487f1ea8c44b5eaf22e05d1a89f711-1974.npz,1790,1810,0.0,9.131311632932897e-17,2.4016106128692627,3.942774534225464,0.0,4.736695766448975,nan,nan,nan,nan
atari_krull,/home/haselab/projects/stable-deep-world-model/logs/models/from_scratch_atari_krull_vta_3seed_to_400000_20260208_112207/atari_krull_seed0,/home/haselab/projects/stable-deep-world-model/logs/models/from_scratch_atari_krull_vta_3seed_to_400000_20260208_112207/atari_krull_seed0/checkpoints/step-000087500.pt,/home/haselab/projects/stable-deep-world-model/logs/models/from_scratch_atari_krull_vta_3seed_to_400000_20260208_112207/atari_krull_seed0/eval_eps/20260208T180330-44487f1ea8c44b5eaf22e05d1a89f711-1974.npz,1795,1815,0.0,1.515763765045676e-15,2.413313150405884,3.957780361175537,0.0,4.767186641693115,nan,nan,nan,nan
atari_krull,/home/haselab/projects/stable-deep-world-model/logs/models/from_scratch_atari_krull_vta_3seed_to_400000_20260208_112207/atari_krull_seed0,/home/haselab/projects/stable-deep-world-model/logs/models/from_scratch_atari_krull_vta_3seed_to_400000_20260208_112207/atari_krull_seed0/checkpoints/step-000087500.pt,/home/haselab/projects/stable-deep-world-model/logs/models/from_scratch_atari_krull_vta_3seed_to_400000_20260208_112207/atari_krull_seed0/eval_eps/20260208T180330-44487f1ea8c44b5eaf22e05d1a89f711-1974.npz,1800,1820,0.0,1.5582795250419215e-15,2.440427303314209,4.018679618835449,0.0,4.858221530914307,nan,nan,nan,nan
atari_krull,/home/haselab/projects/stable-deep-world-model/logs/models/from_scratch_atari_krull_vta_3seed_to_400000_20260208_112207/atari_krull_seed0,/home/haselab/projects/stable-deep-world-model/logs/models/from_scratch_atari_krull_vta_3seed_to_400000_20260208_112207/atari_krull_seed0/checkpoints/step-000087500.pt,/home/haselab/projects/stable-deep-world-model/logs/models/from_scratch_atari_krull_vta_3seed_to_400000_20260208_112207/atari_krull_seed0/eval_eps/20260208T180330-44487f1ea8c44b5eaf22e05d1a89f711-1974.npz,1805,1825,0.0,1.5518352983792108e-15,2.361497402191162,3.9193291664123535,0.0,4.763332843780518,nan,nan,nan,nan
atari_krull,/home/haselab/projects/stable-deep-world-model/logs/models/from_scratch_atari_krull_vta_3seed_to_400000_20260208_112207/atari_krull_seed0,/home/haselab/projects/stable-deep-world-model/logs/models/from_scratch_atari_krull_vta_3seed_to_400000_20260208_112207/atari_krull_seed0/checkpoints/step-000087500.pt,/home/haselab/projects/stable-deep-world-model/logs/models/from_scratch_atari_krull_vta_3seed_to_400000_20260208_112207/atari_krull_seed0/eval_eps/20260208T180330-44487f1ea8c44b5eaf22e05d1a89f711-1974.npz,1810,1830,0.0,1.5402133710681713e-15,2.394972801208496,3.8851356506347656,0.0,4.792435169219971,nan,nan,nan,nan
atari_krull,/home/haselab/projects/stable-deep-world-model/logs/models/from_scratch_atari_krull_vta_3seed_to_400000_20260208_112207/atari_krull_seed0,/home/haselab/projects/stable-deep-world-model/logs/models/from_scratch_atari_krull_vta_3seed_to_400000_20260208_112207/atari_krull_seed0/checkpoints/step-000087500.pt,/home/haselab/projects/stable-deep-world-model/logs/models/from_scratch_atari_krull_vta_3seed_to_400000_20260208_112207/atari_krull_seed0/eval_eps/20260208T180330-44487f1ea8c44b5eaf22e05d1a89f711-1974.npz,1815,1835,0.0,1.1674674964340723e-16,2.3769583702087402,3.908823013305664,0.0,4.752665042877197,nan,nan,nan,nan
atari_krull,/home/haselab/projects/stable-deep-world-model/logs/models/from_scratch_atari_krull_vta_3seed_to_400000_20260208_112207/atari_krull_seed0,/home/haselab/projects/stable-deep-world-model/logs/models/from_scratch_atari_krull_vta_3seed_to_400000_20260208_112207/atari_krull_seed0/checkpoints/step-000087500.pt,/home/haselab/projects/stable-deep-world-model/logs/models/from_scratch_atari_krull_vta_3seed_to_400000_20260208_112207/atari_krull_seed0/eval_eps/20260208T180330-44487f1ea8c44b5eaf22e05d1a89f711-1974.npz,1820,1840,0.0,1.1710564015013684e-16,2.38749361038208,3.6648693084716797,0.0,4.434786796569824,nan,nan,nan,nan
atari_krull,/home/haselab/projects/stable-deep-world-model/logs/models/from_scratch_atari_krull_vta_3seed_to_400000_20260208_112207/atari_krull_seed0,/home/haselab/projects/stable-deep-world-model/logs/models/from_scratch_atari_krull_vta_3seed_to_400000_20260208_112207/atari_krull_seed0/checkpoints/step-000087500.pt,/home/haselab/projects/stable-deep-world-model/logs/models/from_scratch_atari_krull_vta_3seed_to_400000_20260208_112207/atari_krull_seed0/eval_eps/20260208T180330-44487f1ea8c44b5eaf22e05d1a89f711-1974.npz,1825,1845,0.0,7.165644623887205e-16,2.410176992416382,3.5496509075164795,0.0,4.3187994956970215,nan,nan,nan,nan
atari_krull,/home/haselab/projects/stable-deep-world-model/logs/models/from_scratch_atari_krull_vta_3seed_to_400000_20260208_112207/atari_krull_seed0,/home/haselab/projects/stable-deep-world-model/logs/models/from_scratch_atari_krull_vta_3seed_to_400000_20260208_112207/atari_krull_seed0/checkpoints/step-000087500.pt,/home/haselab/projects/stable-deep-world-model/logs/models/from_scratch_atari_krull_vta_3seed_to_400000_20260208_112207/atari_krull_seed0/eval_eps/20260208T180330-44487f1ea8c44b5eaf22e05d1a89f711-1974.npz,1830,1850,0.0,6.447669851641306e-15,2.3354275226593018,3.422081470489502,0.0,4.050396919250488,nan,nan,nan,nan
atari_krull,/home/haselab/projects/stable-deep-world-model/logs/models/from_scratch_atari_krull_vta_3seed_to_400000_20260208_112207/atari_krull_seed0,/home/haselab/projects/stable-deep-world-model/logs/models/from_scratch_atari_krull_vta_3seed_to_400000_20260208_112207/atari_krull_seed0/checkpoints/step-000087500.pt,/home/haselab/projects/stable-deep-world-model/logs/models/from_scratch_atari_krull_vta_3seed_to_400000_20260208_112207/atari_krull_seed0/eval_eps/20260208T180330-44487f1ea8c44b5eaf22e05d1a89f711-1974.npz,1835,1855,0.0,6.7850477332139034e-15,2.413008213043213,3.6400883197784424,0.0,4.241641998291016,nan,nan,nan,nan
atari_krull,/home/haselab/projects/stable-deep-world-model/logs/models/from_scratch_atari_krull_vta_3seed_to_400000_20260208_112207/atari_krull_seed0,/home/haselab/projects/stable-deep-world-model/logs/models/from_scratch_atari_krull_vta_3seed_to_400000_20260208_112207/atari_krull_seed0/checkpoints/step-000087500.pt,/home/haselab/projects/stable-deep-world-model/logs/models/from_scratch_atari_krull_vta_3seed_to_400000_20260208_112207/atari_krull_seed0/eval_eps/20260208T180330-44487f1ea8c44b5eaf22e05d1a89f711-1974.npz,1840,1860,0.0,6.7796068170772154e-15,2.4034056663513184,3.8338794708251953,0.0,4.365267753601074,nan,nan,nan,nan
atari_krull,/home/haselab/projects/stable-deep-world-model/logs/models/from_scratch_atari_krull_vta_3seed_to_400000_20260208_112207/atari_krull_seed0,/home/haselab/projects/stable-deep-world-model/logs/models/from_scratch_atari_krull_vta_3seed_to_400000_20260208_112207/atari_krull_seed0/checkpoints/step-000087500.pt,/home/haselab/projects/stable-deep-world-model/logs/models/from_scratch_atari_krull_vta_3seed_to_400000_20260208_112207/atari_krull_seed0/eval_eps/20260208T180330-44487f1ea8c44b5eaf22e05d1a89f711-1974.npz,1845,1865,0.0,6.186794291798822e-15,2.5118870735168457,4.070181846618652,0.0,4.529922962188721,nan,nan,nan,nan
atari_krull,/home/haselab/projects/stable-deep-world-model/logs/models/from_scratch_atari_krull_vta_3seed_to_400000_20260208_112207/atari_krull_seed0,/home/haselab/projects/stable-deep-world-model/logs/models/from_scratch_atari_krull_vta_3seed_to_400000_20260208_112207/atari_krull_seed0/checkpoints/step-000087500.pt,/home/haselab/projects/stable-deep-world-model/logs/models/from_scratch_atari_krull_vta_3seed_to_400000_20260208_112207/atari_krull_seed0/eval_eps/20260208T180330-44487f1ea8c44b5eaf22e05d1a89f711-1974.npz,1850,1870,0.0,6.451080853319899e-15,2.553739309310913,4.220508098602295,0.0,4.685478687286377,nan,nan,nan,nan
atari_krull,/home/haselab/projects/stable-deep-world-model/logs/models/from_scratch_atari_krull_vta_3seed_to_400000_20260208_112207/atari_krull_seed0,/home/haselab/projects/stable-deep-world-model/logs/models/from_scratch_atari_krull_vta_3seed_to_400000_20260208_112207/atari_krull_seed0/checkpoints/step-000087500.pt,/home/haselab/projects/stable-deep-world-model/logs/models/from_scratch_atari_krull_vta_3seed_to_400000_20260208_112207/atari_krull_seed0/eval_eps/20260208T180330-44487f1ea8c44b5eaf22e05d1a89f711-1974.npz,1855,1875,0.0,1.3329574531824318e-14,2.481384754180908,4.057230472564697,0.0,4.579831123352051,nan,nan,nan,nan
atari_krull,/home/haselab/projects/stable-deep-world-model/logs/models/from_scratch_atari_krull_vta_3seed_to_400000_20260208_112207/atari_krull_seed0,/home/haselab/projects/stable-deep-world-model/logs/models/from_scratch_atari_krull_vta_3seed_to_400000_20260208_112207/atari_krull_seed0/checkpoints/step-000087500.pt,/home/haselab/projects/stable-deep-world-model/logs/models/from_scratch_atari_krull_vta_3seed_to_400000_20260208_112207/atari_krull_seed0/eval_eps/20260208T180330-44487f1ea8c44b5eaf22e05d1a89f711-1974.npz,1860,1880,0.0,2.8706929140667053e-14,2.569241762161255,4.196897506713867,0.0,4.738558292388916,nan,nan,nan,nan
atari_krull,/home/haselab/projects/stable-deep-world-model/logs/models/from_scratch_atari_krull_vta_3seed_to_400000_20260208_112207/atari_krull_seed0,/home/haselab/projects/stable-deep-world-model/logs/models/from_scratch_atari_krull_vta_3seed_to_400000_20260208_112207/atari_krull_seed0/checkpoints/step-000087500.pt,/home/haselab/projects/stable-deep-world-model/logs/models/from_scratch_atari_krull_vta_3seed_to_400000_20260208_112207/atari_krull_seed0/eval_eps/20260208T180330-44487f1ea8c44b5eaf22e05d1a89f711-1974.npz,1865,1885,0.0,6.774921877845952e-14,2.4728903770446777,4.163244247436523,0.0,4.606156349182129,nan,nan,nan,nan
atari_krull,/home/haselab/projects/stable-deep-world-model/logs/models/from_scratch_atari_krull_vta_3seed_to_400000_20260208_112207/atari_krull_seed0,/home/haselab/projects/stable-deep-world-model/logs/models/from_scratch_atari_krull_vta_3seed_to_400000_20260208_112207/atari_krull_seed0/checkpoints/step-000087500.pt,/home/haselab/projects/stable-deep-world-model/logs/models/from_scratch_atari_krull_vta_3seed_to_400000_20260208_112207/atari_krull_seed0/eval_eps/20260208T180330-44487f1ea8c44b5eaf22e05d1a89f711-1974.npz,1870,1890,0.0,7.557280810258776e-14,2.5055880546569824,4.118260860443115,0.0,4.592609882354736,nan,nan,nan,nan
atari_krull,/home/haselab/projects/stable-deep-world-model/logs/models/from_scratch_atari_krull_vta_3seed_to_400000_20260208_112207/atari_krull_seed0,/home/haselab/projects/stable-deep-world-model/logs/models/from_scratch_atari_krull_vta_3seed_to_400000_20260208_112207/atari_krull_seed0/checkpoints/step-000087500.pt,/home/haselab/projects/stable-deep-world-model/logs/models/from_scratch_atari_krull_vta_3seed_to_400000_20260208_112207/atari_krull_seed0/eval_eps/20260208T180330-44487f1ea8c44b5eaf22e05d1a89f711-1974.npz,1875,1895,0.0,9.016284219882584e-14,2.5079987049102783,4.049863815307617,0.0,4.388372898101807,nan,nan,nan,nan
atari_krull,/home/haselab/projects/stable-deep-world-model/logs/models/from_scratch_atari_krull_vta_3seed_to_400000_20260208_112207/atari_krull_seed0,/home/haselab/projects/stable-deep-world-model/logs/models/from_scratch_atari_krull_vta_3seed_to_400000_20260208_112207/atari_krull_seed0/checkpoints/step-000087500.pt,/home/haselab/projects/stable-deep-world-model/logs/models/from_scratch_atari_krull_vta_3seed_to_400000_20260208_112207/atari_krull_seed0/eval_eps/20260208T180330-44487f1ea8c44b5eaf22e05d1a89f711-1974.npz,1880,1900,0.0,7.674466124445514e-14,2.4476845264434814,3.932130813598633,0.0,4.246510028839111,nan,nan,nan,nan
atari_krull,/home/haselab/projects/stable-deep-world-model/logs/models/from_scratch_atari_krull_vta_3seed_to_400000_20260208_112207/atari_krull_seed0,/home/haselab/projects/stable-deep-world-model/logs/models/from_scratch_atari_krull_vta_3seed_to_400000_20260208_112207/atari_krull_seed0/checkpoints/step-000087500.pt,/home/haselab/projects/stable-deep-world-model/logs/models/from_scratch_atari_krull_vta_3seed_to_400000_20260208_112207/atari_krull_seed0/eval_eps/20260208T180330-44487f1ea8c44b5eaf22e05d1a89f711-1974.npz,1885,1905,0.0,3.7912425613186376e-14,2.5009422302246094,4.078871250152588,0.0,4.478119850158691,nan,nan,nan,nan
atari_krull,/home/haselab/projects/stable-deep-world-model/logs/models/from_scratch_atari_krull_vta_3seed_to_400000_20260208_112207/atari_krull_seed0,/home/haselab/projects/stable-deep-world-model/logs/models/from_scratch_atari_krull_vta_3seed_to_400000_20260208_112207/atari_krull_seed0/checkpoints/step-000087500.pt,/home/haselab/projects/stable-deep-world-model/logs/models/from_scratch_atari_krull_vta_3seed_to_400000_20260208_112207/atari_krull_seed0/eval_eps/20260208T180330-44487f1ea8c44b5eaf22e05d1a89f711-1974.npz,1890,1910,0.0,9.273619198946204e-13,2.4675722122192383,4.2405805587768555,0.0,4.73024845123291,nan,nan,nan,nan
atari_krull,/home/haselab/projects/stable-deep-world-model/logs/models/from_scratch_atari_krull_vta_3seed_to_400000_20260208_112207/atari_krull_seed0,/home/haselab/projects/stable-deep-world-model/logs/models/from_scratch_atari_krull_vta_3seed_to_400000_20260208_112207/atari_krull_seed0/checkpoints/step-000087500.pt,/home/haselab/projects/stable-deep-world-model/logs/models/from_scratch_atari_krull_vta_3seed_to_400000_20260208_112207/atari_krull_seed0/eval_eps/20260208T180330-44487f1ea8c44b5eaf22e05d1a89f711-1974.npz,1895,1915,0.0,9.317977162429103e-13,2.522362232208252,4.11260461807251,0.0,4.7228169441223145,nan,nan,nan,nan
atari_krull,/home/haselab/projects/stable-deep-world-model/logs/models/from_scratch_atari_krull_vta_3seed_to_400000_20260208_112207/atari_krull_seed0,/home/haselab/projects/stable-deep-world-model/logs/models/from_scratch_atari_krull_vta_3seed_to_400000_20260208_112207/atari_krull_seed0/checkpoints/step-000087500.pt,/home/haselab/projects/stable-deep-world-model/logs/models/from_scratch_atari_krull_vta_3seed_to_400000_20260208_112207/atari_krull_seed0/eval_eps/20260208T180330-44487f1ea8c44b5eaf22e05d1a89f711-1974.npz,1900,1920,0.0,1.8847096192736723e-12,2.464313268661499,4.0513691902160645,0.0,4.729657173156738,nan,nan,nan,nan
atari_krull,/home/haselab/projects/stable-deep-world-model/logs/models/from_scratch_atari_krull_vta_3seed_to_400000_20260208_112207/atari_krull_seed0,/home/haselab/projects/stable-deep-world-model/logs/models/from_scratch_atari_krull_vta_3seed_to_400000_20260208_112207/atari_krull_seed0/checkpoints/step-000087500.pt,/home/haselab/projects/stable-deep-world-model/logs/models/from_scratch_atari_krull_vta_3seed_to_400000_20260208_112207/atari_krull_seed0/eval_eps/20260208T180330-44487f1ea8c44b5eaf22e05d1a89f711-1974.npz,1905,1925,0.0,3.1028749448297477e-12,2.45632266998291,4.028872489929199,0.0,4.727454662322998,nan,nan,nan,nan
atari_krull,/home/haselab/projects/stable-deep-world-model/logs/models/from_scratch_atari_krull_vta_3seed_to_400000_20260208_112207/atari_krull_seed0,/home/haselab/projects/stable-deep-world-model/logs/models/from_scratch_atari_krull_vta_3seed_to_400000_20260208_112207/atari_krull_seed0/checkpoints/step-000087500.pt,/home/haselab/projects/stable-deep-world-model/logs/models/from_scratch_atari_krull_vta_3seed_to_400000_20260208_112207/atari_krull_seed0/eval_eps/20260208T180330-44487f1ea8c44b5eaf22e05d1a89f711-1974.npz,1910,1930,0.0,2.20185696932218e-12,2.475820302963257,3.9515838623046875,0.0,4.619043827056885,nan,nan,nan,nan
atari_krull,/home/haselab/projects/stable-deep-world-model/logs/models/from_scratch_atari_krull_vta_3seed_to_400000_20260208_112207/atari_krull_seed0,/home/haselab/projects/stable-deep-world-model/logs/models/from_scratch_atari_krull_vta_3seed_to_400000_20260208_112207/atari_krull_seed0/checkpoints/step-000087500.pt,/home/haselab/projects/stable-deep-world-model/logs/models/from_scratch_atari_krull_vta_3seed_to_400000_20260208_112207/atari_krull_seed0/eval_eps/20260208T180330-44487f1ea8c44b5eaf22e05d1a89f711-1974.npz,1915,1935,0.0,2.1843412495448078e-12,2.5029592514038086,4.199366092681885,0.0,4.927358627319336,nan,nan,nan,nan
atari_krull,/home/haselab/projects/stable-deep-world-model/logs/models/from_scratch_atari_krull_vta_3seed_to_400000_20260208_112207/atari_krull_seed0,/home/haselab/projects/stable-deep-world-model/logs/models/from_scratch_atari_krull_vta_3seed_to_400000_20260208_112207/atari_krull_seed0/checkpoints/step-000087500.pt,/home/haselab/projects/stable-deep-world-model/logs/models/from_scratch_atari_krull_vta_3seed_to_400000_20260208_112207/atari_krull_seed0/eval_eps/20260208T180330-44487f1ea8c44b5eaf22e05d1a89f711-1974.npz,1920,1940,0.0,1.2294417870914454e-12,2.57535982131958,4.287441730499268,0.0,4.982510566711426,nan,nan,nan,nan
atari_krull,/home/haselab/projects/stable-deep-world-model/logs/models/from_scratch_atari_krull_vta_3seed_to_400000_20260208_112207/atari_krull_seed0,/home/haselab/projects/stable-deep-world-model/logs/models/from_scratch_atari_krull_vta_3seed_to_400000_20260208_112207/atari_krull_seed0/checkpoints/step-000087500.pt,/home/haselab/projects/stable-deep-world-model/logs/models/from_scratch_atari_krull_vta_3seed_to_400000_20260208_112207/atari_krull_seed0/eval_eps/20260208T180330-44487f1ea8c44b5eaf22e05d1a89f711-1974.npz,1925,1945,0.0,1.2022192052638103e-12,2.564317464828491,4.231722831726074,0.0,4.973682403564453,nan,nan,nan,nan
atari_krull,/home/haselab/projects/stable-deep-world-model/logs/models/from_scratch_atari_krull_vta_3seed_to_400000_20260208_112207/atari_krull_seed0,/home/haselab/projects/stable-deep-world-model/logs/models/from_scratch_atari_krull_vta_3seed_to_400000_20260208_112207/atari_krull_seed0/checkpoints/step-000087500.pt,/home/haselab/projects/stable-deep-world-model/logs/models/from_scratch_atari_krull_vta_3seed_to_400000_20260208_112207/atari_krull_seed0/eval_eps/20260208T180330-44487f1ea8c44b5eaf22e05d1a89f711-1974.npz,1930,1950,0.0,1.2001083720541983e-12,2.5926387310028076,4.20936393737793,0.0,4.8820061683654785,nan,nan,nan,nan
atari_krull,/home/haselab/projects/stable-deep-world-model/logs/models/from_scratch_atari_krull_vta_3seed_to_400000_20260208_112207/atari_krull_seed0,/home/haselab/projects/stable-deep-world-model/logs/models/from_scratch_atari_krull_vta_3seed_to_400000_20260208_112207/atari_krull_seed0/checkpoints/step-000087500.pt,/home/haselab/projects/stable-deep-world-model/logs/models/from_scratch_atari_krull_vta_3seed_to_400000_20260208_112207/atari_krull_seed0/eval_eps/20260208T180330-44487f1ea8c44b5eaf22e05d1a89f711-1974.npz,1935,1955,0.0,1.1913811950869935e-12,2.5612497329711914,4.077563285827637,0.0,4.79091215133667,nan,nan,nan,nan
atari_krull,/home/haselab/projects/stable-deep-world-model/logs/models/from_scratch_atari_krull_vta_3seed_to_400000_20260208_112207/atari_krull_seed0,/home/haselab/projects/stable-deep-world-model/logs/models/from_scratch_atari_krull_vta_3seed_to_400000_20260208_112207/atari_krull_seed0/checkpoints/step-000087500.pt,/home/haselab/projects/stable-deep-world-model/logs/models/from_scratch_atari_krull_vta_3seed_to_400000_20260208_112207/atari_krull_seed0/eval_eps/20260208T180330-44487f1ea8c44b5eaf22e05d1a89f711-1974.npz,1940,1960,0.0,1.1913719793685273e-12,2.589892625808716,3.977454662322998,0.0,4.756362438201904,nan,nan,nan,nan
atari_krull,/home/haselab/projects/stable-deep-world-model/logs/models/from_scratch_atari_krull_vta_3seed_to_400000_20260208_112207/atari_krull_seed0,/home/haselab/projects/stable-deep-world-model/logs/models/from_scratch_atari_krull_vta_3seed_to_400000_20260208_112207/atari_krull_seed0/checkpoints/step-000087500.pt,/home/haselab/projects/stable-deep-world-model/logs/models/from_scratch_atari_krull_vta_3seed_to_400000_20260208_112207/atari_krull_seed0/eval_eps/20260208T180330-44487f1ea8c44b5eaf22e05d1a89f711-1974.npz,1945,1965,0.0,2.1267861752010569e-16,2.57834529876709,3.7949881553649902,0.0,4.532553195953369,nan,nan,nan,nan
atari_krull,/home/haselab/projects/stable-deep-world-model/logs/models/from_scratch_atari_krull_vta_3seed_to_400000_20260208_112207/atari_krull_seed0,/home/haselab/projects/stable-deep-world-model/logs/models/from_scratch_atari_krull_vta_3seed_to_400000_20260208_112207/atari_krull_seed0/checkpoints/step-000087500.pt,/home/haselab/projects/stable-deep-world-model/logs/models/from_scratch_atari_krull_vta_3seed_to_400000_20260208_112207/atari_krull_seed0/eval_eps/20260208T180330-44487f1ea8c44b5eaf22e05d1a89f711-1974.npz,1950,1970,0.0,6.488713625125949e-20,2.5153026580810547,3.650392532348633,0.0,4.349442481994629,nan,nan,nan,nan
