task,logdir,ckpt,episode,window_start,window_end,boundary_rate,read_prob_mean,abs_l2_mean,obs_l2_mean,abs_stoch_l2_mean,obs_stoch_l2_mean,abs_l2_read_mean,obs_l2_read_mean,abs_stoch_l2_read_mean,obs_stoch_l2_read_mean
atari_krull,/home/haselab/projects/stable-deep-world-model/logs/models/from_scratch_atari_krull_vta_3seed_to_400000_20260208_112207/atari_krull_seed0,/home/haselab/projects/stable-deep-world-model/logs/models/from_scratch_atari_krull_vta_3seed_to_400000_20260208_112207/atari_krull_seed0/checkpoints/step-000068750.pt,/home/haselab/projects/stable-deep-world-model/logs/models/from_scratch_atari_krull_vta_3seed_to_400000_20260208_112207/atari_krull_seed0/eval_eps/20260208T180330-44487f1ea8c44b5eaf22e05d1a89f711-1974.npz,0,20,0.0,3.1071765190666663e-16,0.01730973646044731,0.4397827684879303,0.0,3.002748489379883,nan,nan,nan,nan
atari_krull,/home/haselab/projects/stable-deep-world-model/logs/models/from_scratch_atari_krull_vta_3seed_to_400000_20260208_112207/atari_krull_seed0,/home/haselab/projects/stable-deep-world-model/logs/models/from_scratch_atari_krull_vta_3seed_to_400000_20260208_112207/atari_krull_seed0/checkpoints/step-000068750.pt,/home/haselab/projects/stable-deep-world-model/logs/models/from_scratch_atari_krull_vta_3seed_to_400000_20260208_112207/atari_krull_seed0/eval_eps/20260208T180330-44487f1ea8c44b5eaf22e05d1a89f711-1974.npz,5,25,0.0,3.016434758223996e-14,0.20294538140296936,1.1566474437713623,0.0,4.008769989013672,nan,nan,nan,nan
atari_krull,/home/haselab/projects/stable-deep-world-model/logs/models/from_scratch_atari_krull_vta_3seed_to_400000_20260208_112207/atari_krull_seed0,/home/haselab/projects/stable-deep-world-model/logs/models/from_scratch_atari_krull_vta_3seed_to_400000_20260208_112207/atari_krull_seed0/checkpoints/step-000068750.pt,/home/haselab/projects/stable-deep-world-model/logs/models/from_scratch_atari_krull_vta_3seed_to_400000_20260208_112207/atari_krull_seed0/eval_eps/20260208T180330-44487f1ea8c44b5eaf22e05d1a89f711-1974.npz,10,30,0.0,8.198806217274424e-13,0.3304385542869568,1.3405967950820923,0.0,3.831916093826294,nan,nan,nan,nan
atari_krull,/home/haselab/projects/stable-deep-world-model/logs/models/from_scratch_atari_krull_vta_3seed_to_400000_20260208_112207/atari_krull_seed0,/home/haselab/projects/stable-deep-world-model/logs/models/from_scratch_atari_krull_vta_3seed_to_400000_20260208_112207/atari_krull_seed0/checkpoints/step-000068750.pt,/home/haselab/projects/stable-deep-world-model/logs/models/from_scratch_atari_krull_vta_3seed_to_400000_20260208_112207/atari_krull_seed0/eval_eps/20260208T180330-44487f1ea8c44b5eaf22e05d1a89f711-1974.npz,15,35,0.0,1.4122017357592886e-12,0.4800735414028168,1.5305508375167847,0.0,3.785132646560669,nan,nan,nan,nan
atari_krull,/home/haselab/projects/stable-deep-world-model/logs/models/from_scratch_atari_krull_vta_3seed_to_400000_20260208_112207/atari_krull_seed0,/home/haselab/projects/stable-deep-world-model/logs/models/from_scratch_atari_krull_vta_3seed_to_400000_20260208_112207/atari_krull_seed0/checkpoints/step-000068750.pt,/home/haselab/projects/stable-deep-world-model/logs/models/from_scratch_atari_krull_vta_3seed_to_400000_20260208_112207/atari_krull_seed0/eval_eps/20260208T180330-44487f1ea8c44b5eaf22e05d1a89f711-1974.npz,20,40,0.0,2.0747481423860625e-12,0.613398551940918,1.6550226211547852,0.0,3.5089924335479736,nan,nan,nan,nan
atari_krull,/home/haselab/projects/stable-deep-world-model/logs/models/from_scratch_atari_krull_vta_3seed_to_400000_20260208_112207/atari_krull_seed0,/home/haselab/projects/stable-deep-world-model/logs/models/from_scratch_atari_krull_vta_3seed_to_400000_20260208_112207/atari_krull_seed0/checkpoints/step-000068750.pt,/home/haselab/projects/stable-deep-world-model/logs/models/from_scratch_atari_krull_vta_3seed_to_400000_20260208_112207/atari_krull_seed0/eval_eps/20260208T180330-44487f1ea8c44b5eaf22e05d1a89f711-1974.npz,25,45,0.0,8.768064399533593e-12,0.5762115716934204,1.0248386859893799,0.0,2.595547676086426,nan,nan,nan,nan
atari_krull,/home/haselab/projects/stable-deep-world-model/logs/models/from_scratch_atari_krull_vta_3seed_to_400000_20260208_112207/atari_krull_seed0,/home/haselab/projects/stable-deep-world-model/logs/models/from_scratch_atari_krull_vta_3seed_to_400000_20260208_112207/atari_krull_seed0/checkpoints/step-000068750.pt,/home/haselab/projects/stable-deep-world-model/logs/models/from_scratch_atari_krull_vta_3seed_to_400000_20260208_112207/atari_krull_seed0/eval_eps/20260208T180330-44487f1ea8c44b5eaf22e05d1a89f711-1974.npz,30,50,0.0,9.893467121935284e-12,0.608167290687561,1.0740801095962524,0.0,2.7072367668151855,nan,nan,nan,nan
atari_krull,/home/haselab/projects/stable-deep-world-model/logs/models/from_scratch_atari_krull_vta_3seed_to_400000_20260208_112207/atari_krull_seed0,/home/haselab/projects/stable-deep-world-model/logs/models/from_scratch_atari_krull_vta_3seed_to_400000_20260208_112207/atari_krull_seed0/checkpoints/step-000068750.pt,/home/haselab/projects/stable-deep-world-model/logs/models/from_scratch_atari_krull_vta_3seed_to_400000_20260208_112207/atari_krull_seed0/eval_eps/20260208T180330-44487f1ea8c44b5eaf22e05d1a89f711-1974.npz,35,55,0.0,1.130574973917664e-11,0.6324487328529358,1.3435332775115967,0.0,2.818333625793457,nan,nan,nan,nan
atari_krull,/home/haselab/projects/stable-deep-world-model/logs/models/from_scratch_atari_krull_vta_3seed_to_400000_20260208_112207/atari_krull_seed0,/home/haselab/projects/stable-deep-world-model/logs/models/from_scratch_atari_krull_vta_3seed_to_400000_20260208_112207/atari_krull_seed0/checkpoints/step-000068750.pt,/home/haselab/projects/stable-deep-world-model/logs/models/from_scratch_atari_krull_vta_3seed_to_400000_20260208_112207/atari_krull_seed0/eval_eps/20260208T180330-44487f1ea8c44b5eaf22e05d1a89f711-1974.npz,40,60,0.0,1.0904157785041058e-11,0.7044172883033752,1.5816259384155273,0.0,2.9656240940093994,nan,nan,nan,nan
atari_krull,/home/haselab/projects/stable-deep-world-model/logs/models/from_scratch_atari_krull_vta_3seed_to_400000_20260208_112207/atari_krull_seed0,/home/haselab/projects/stable-deep-world-model/logs/models/from_scratch_atari_krull_vta_3seed_to_400000_20260208_112207/atari_krull_seed0/checkpoints/step-000068750.pt,/home/haselab/projects/stable-deep-world-model/logs/models/from_scratch_atari_krull_vta_3seed_to_400000_20260208_112207/atari_krull_seed0/eval_eps/20260208T180330-44487f1ea8c44b5eaf22e05d1a89f711-1974.npz,45,65,0.0,4.255607151393281e-12,0.7083246111869812,1.5611205101013184,0.0,2.8609373569488525,nan,nan,nan,nan
atari_krull,/home/haselab/projects/stable-deep-world-model/logs/models/from_scratch_atari_krull_vta_3seed_to_400000_20260208_112207/atari_krull_seed0,/home/haselab/projects/stable-deep-world-model/logs/models/from_scratch_atari_krull_vta_3seed_to_400000_20260208_112207/atari_krull_seed0/checkpoints/step-000068750.pt,/home/haselab/projects/stable-deep-world-model/logs/models/from_scratch_atari_krull_vta_3seed_to_400000_20260208_112207/atari_krull_seed0/eval_eps/20260208T180330-44487f1ea8c44b5eaf22e05d1a89f711-1974.npz,50,70,0.0,2.37197718064297e-12,0.696479320526123,1.5377440452575684,0.0,2.784297227859497,nan,nan,nan,nan
atari_krull,/home/haselab/projects/stable-deep-world-model/logs/models/from_scratch_atari_krull_vta_3seed_to_400000_20260208_112207/atari_krull_seed0,/home/haselab/projects/stable-deep-world-model/logs/models/from_scratch_atari_krull_vta_3seed_to_400000_20260208_112207/atari_krull_seed0/checkpoints/step-000068750.pt,/home/haselab/projects/stable-deep-world-model/logs/models/from_scratch_atari_krull_vta_3seed_to_400000_20260208_112207/atari_krull_seed0/eval_eps/20260208T180330-44487f1ea8c44b5eaf22e05d1a89f711-1974.npz,55,75,0.0,3.6898573931541667e-13,0.7224183678627014,1.7366888523101807,0.0,3.003121852874756,nan,nan,nan,nan
atari_krull,/home/haselab/projects/stable-deep-world-model/logs/models/from_scratch_atari_krull_vta_3seed_to_400000_20260208_112207/atari_krull_seed0,/home/haselab/projects/stable-deep-world-model/logs/models/from_scratch_atari_krull_vta_3seed_to_400000_20260208_112207/atari_krull_seed0/checkpoints/step-000068750.pt,/home/haselab/projects/stable-deep-world-model/logs/models/from_scratch_atari_krull_vta_3seed_to_400000_20260208_112207/atari_krull_seed0/eval_eps/20260208T180330-44487f1ea8c44b5eaf22e05d1a89f711-1974.npz,60,80,0.0,2.2092871694405491e-13,0.7846941947937012,1.6216442584991455,0.0,2.8149466514587402,nan,nan,nan,nan
atari_krull,/home/haselab/projects/stable-deep-world-model/logs/models/from_scratch_atari_krull_vta_3seed_to_400000_20260208_112207/atari_krull_seed0,/home/haselab/projects/stable-deep-world-model/logs/models/from_scratch_atari_krull_vta_3seed_to_400000_20260208_112207/atari_krull_seed0/checkpoints/step-000068750.pt,/home/haselab/projects/stable-deep-world-model/logs/models/from_scratch_atari_krull_vta_3seed_to_400000_20260208_112207/atari_krull_seed0/eval_eps/20260208T180330-44487f1ea8c44b5eaf22e05d1a89f711-1974.npz,65,85,0.0,1.4623226945748719e-13,0.8994396328926086,1.8829069137573242,0.0,2.8403573036193848,nan,nan,nan,nan
atari_krull,/home/haselab/projects/stable-deep-world-model/logs/models/from_scratch_atari_krull_vta_3seed_to_400000_20260208_112207/atari_krull_seed0,/home/haselab/projects/stable-deep-world-model/logs/models/from_scratch_atari_krull_vta_3seed_to_400000_20260208_112207/atari_krull_seed0/checkpoints/step-000068750.pt,/home/haselab/projects/stable-deep-world-model/logs/models/from_scratch_atari_krull_vta_3seed_to_400000_20260208_112207/atari_krull_seed0/eval_eps/20260208T180330-44487f1ea8c44b5eaf22e05d1a89f711-1974.npz,70,90,0.0,1.1469959097093474e-13,1.07804536819458,2.1970043182373047,0.0,2.921093702316284,nan,nan,nan,nan
atari_krull,/home/haselab/projects/stable-deep-world-model/logs/models/from_scratch_atari_krull_vta_3seed_to_400000_20260208_112207/atari_krull_seed0,/home/haselab/projects/stable-deep-world-model/logs/models/from_scratch_atari_krull_vta_3seed_to_400000_20260208_112207/atari_krull_seed0/checkpoints/step-000068750.pt,/home/haselab/projects/stable-deep-world-model/logs/models/from_scratch_atari_krull_vta_3seed_to_400000_20260208_112207/atari_krull_seed0/eval_eps/20260208T180330-44487f1ea8c44b5eaf22e05d1a89f711-1974.npz,75,95,0.0,1.1305749224180608e-13,1.0812163352966309,1.7611087560653687,0.0,2.4992942810058594,nan,nan,nan,nan
atari_krull,/home/haselab/projects/stable-deep-world-model/logs/models/from_scratch_atari_krull_vta_3seed_to_400000_20260208_112207/atari_krull_seed0,/home/haselab/projects/stable-deep-world-model/logs/models/from_scratch_atari_krull_vta_3seed_to_400000_20260208_112207/atari_krull_seed0/checkpoints/step-000068750.pt,/home/haselab/projects/stable-deep-world-model/logs/models/from_scratch_atari_krull_vta_3seed_to_400000_20260208_112207/atari_krull_seed0/eval_eps/20260208T180330-44487f1ea8c44b5eaf22e05d1a89f711-1974.npz,80,100,0.0,1.2707497971130354e-16,0.9548131823539734,1.5687309503555298,0.0,2.2913429737091064,nan,nan,nan,nan
atari_krull,/home/haselab/projects/stable-deep-world-model/logs/models/from_scratch_atari_krull_vta_3seed_to_400000_20260208_112207/atari_krull_seed0,/home/haselab/projects/stable-deep-world-model/logs/models/from_scratch_atari_krull_vta_3seed_to_400000_20260208_112207/atari_krull_seed0/checkpoints/step-000068750.pt,/home/haselab/projects/stable-deep-world-model/logs/models/from_scratch_atari_krull_vta_3seed_to_400000_20260208_112207/atari_krull_seed0/eval_eps/20260208T180330-44487f1ea8c44b5eaf22e05d1a89f711-1974.npz,85,105,0.0,3.5891933231959347e-16,0.8766525387763977,1.5033148527145386,0.0,2.2932536602020264,nan,nan,nan,nan
atari_krull,/home/haselab/projects/stable-deep-world-model/logs/models/from_scratch_atari_krull_vta_3seed_to_400000_20260208_112207/atari_krull_seed0,/home/haselab/projects/stable-deep-world-model/logs/models/from_scratch_atari_krull_vta_3seed_to_400000_20260208_112207/atari_krull_seed0/checkpoints/step-000068750.pt,/home/haselab/projects/stable-deep-world-model/logs/models/from_scratch_atari_krull_vta_3seed_to_400000_20260208_112207/atari_krull_seed0/eval_eps/20260208T180330-44487f1ea8c44b5eaf22e05d1a89f711-1974.npz,90,110,0.0,2.3289920508915308e-15,0.6680243611335754,1.1933882236480713,0.0,2.1189627647399902,nan,nan,nan,nan
atari_krull,/home/haselab/projects/stable-deep-world-model/logs/models/from_scratch_atari_krull_vta_3seed_to_400000_20260208_112207/atari_krull_seed0,/home/haselab/projects/stable-deep-world-model/logs/models/from_scratch_atari_krull_vta_3seed_to_400000_20260208_112207/atari_krull_seed0/checkpoints/step-000068750.pt,/home/haselab/projects/stable-deep-world-model/logs/models/from_scratch_atari_krull_vta_3seed_to_400000_20260208_112207/atari_krull_seed0/eval_eps/20260208T180330-44487f1ea8c44b5eaf22e05d1a89f711-1974.npz,95,115,0.0,3.387239439807269e-15,0.5940998792648315,1.1713240146636963,0.0,2.149876117706299,nan,nan,nan,nan
atari_krull,/home/haselab/projects/stable-deep-world-model/logs/models/from_scratch_atari_krull_vta_3seed_to_400000_20260208_112207/atari_krull_seed0,/home/haselab/projects/stable-deep-world-model/logs/models/from_scratch_atari_krull_vta_3seed_to_400000_20260208_112207/atari_krull_seed0/checkpoints/step-000068750.pt,/home/haselab/projects/stable-deep-world-model/logs/models/from_scratch_atari_krull_vta_3seed_to_400000_20260208_112207/atari_krull_seed0/eval_eps/20260208T180330-44487f1ea8c44b5eaf22e05d1a89f711-1974.npz,100,120,0.0,1.0486025635585323e-14,0.6506656408309937,1.4834606647491455,0.0,2.426618814468384,nan,nan,nan,nan
atari_krull,/home/haselab/projects/stable-deep-world-model/logs/models/from_scratch_atari_krull_vta_3seed_to_400000_20260208_112207/atari_krull_seed0,/home/haselab/projects/stable-deep-world-model/logs/models/from_scratch_atari_krull_vta_3seed_to_400000_20260208_112207/atari_krull_seed0/checkpoints/step-000068750.pt,/home/haselab/projects/stable-deep-world-model/logs/models/from_scratch_atari_krull_vta_3seed_to_400000_20260208_112207/atari_krull_seed0/eval_eps/20260208T180330-44487f1ea8c44b5eaf22e05d1a89f711-1974.npz,105,125,0.0,1.0179492882303465e-14,0.6627911329269409,1.3643357753753662,0.0,2.360224723815918,nan,nan,nan,nan
atari_krull,/home/haselab/projects/stable-deep-world-model/logs/models/from_scratch_atari_krull_vta_3seed_to_400000_20260208_112207/atari_krull_seed0,/home/haselab/projects/stable-deep-world-model/logs/models/from_scratch_atari_krull_vta_3seed_to_400000_20260208_112207/atari_krull_seed0/checkpoints/step-000068750.pt,/home/haselab/projects/stable-deep-world-model/logs/models/from_scratch_atari_krull_vta_3seed_to_400000_20260208_112207/atari_krull_seed0/eval_eps/20260208T180330-44487f1ea8c44b5eaf22e05d1a89f711-1974.npz,110,130,0.0,8.213367628433308e-15,0.7381254434585571,1.4113960266113281,0.0,2.373441457748413,nan,nan,nan,nan
atari_krull,/home/haselab/projects/stable-deep-world-model/logs/models/from_scratch_atari_krull_vta_3seed_to_400000_20260208_112207/atari_krull_seed0,/home/haselab/projects/stable-deep-world-model/logs/models/from_scratch_atari_krull_vta_3seed_to_400000_20260208_112207/atari_krull_seed0/checkpoints/step-000068750.pt,/home/haselab/projects/stable-deep-world-model/logs/models/from_scratch_atari_krull_vta_3seed_to_400000_20260208_112207/atari_krull_seed0/eval_eps/20260208T180330-44487f1ea8c44b5eaf22e05d1a89f711-1974.npz,115,135,0.0,7.16870325985974e-15,0.8105899095535278,1.7646172046661377,0.0,2.690207004547119,nan,nan,nan,nan
atari_krull,/home/haselab/projects/stable-deep-world-model/logs/models/from_scratch_atari_krull_vta_3seed_to_400000_20260208_112207/atari_krull_seed0,/home/haselab/projects/stable-deep-world-model/logs/models/from_scratch_atari_krull_vta_3seed_to_400000_20260208_112207/atari_krull_seed0/checkpoints/step-000068750.pt,/home/haselab/projects/stable-deep-world-model/logs/models/from_scratch_atari_krull_vta_3seed_to_400000_20260208_112207/atari_krull_seed0/eval_eps/20260208T180330-44487f1ea8c44b5eaf22e05d1a89f711-1974.npz,120,140,0.0,7.297004875627566e-17,0.8740267753601074,1.693596601486206,0.0,2.697288990020752,nan,nan,nan,nan
atari_krull,/home/haselab/projects/stable-deep-world-model/logs/models/from_scratch_atari_krull_vta_3seed_to_400000_20260208_112207/atari_krull_seed0,/home/haselab/projects/stable-deep-world-model/logs/models/from_scratch_atari_krull_vta_3seed_to_400000_20260208_112207/atari_krull_seed0/checkpoints/step-000068750.pt,/home/haselab/projects/stable-deep-world-model/logs/models/from_scratch_atari_krull_vta_3seed_to_400000_20260208_112207/atari_krull_seed0/eval_eps/20260208T180330-44487f1ea8c44b5eaf22e05d1a89f711-1974.npz,125,145,0.0,5.83775424885019e-16,0.8883422613143921,1.7836036682128906,0.0,2.8220152854919434,nan,nan,nan,nan
atari_krull,/home/haselab/projects/stable-deep-world-model/logs/models/from_scratch_atari_krull_vta_3seed_to_400000_20260208_112207/atari_krull_seed0,/home/haselab/projects/stable-deep-world-model/logs/models/from_scratch_atari_krull_vta_3seed_to_400000_20260208_112207/atari_krull_seed0/checkpoints/step-000068750.pt,/home/haselab/projects/stable-deep-world-model/logs/models/from_scratch_atari_krull_vta_3seed_to_400000_20260208_112207/atari_krull_seed0/eval_eps/20260208T180330-44487f1ea8c44b5eaf22e05d1a89f711-1974.npz,130,150,0.0,3.338344886443488e-15,0.9184865951538086,1.8113605976104736,0.0,2.8650083541870117,nan,nan,nan,nan
atari_krull,/home/haselab/projects/stable-deep-world-model/logs/models/from_scratch_atari_krull_vta_3seed_to_400000_20260208_112207/atari_krull_seed0,/home/haselab/projects/stable-deep-world-model/logs/models/from_scratch_atari_krull_vta_3seed_to_400000_20260208_112207/atari_krull_seed0/checkpoints/step-000068750.pt,/home/haselab/projects/stable-deep-world-model/logs/models/from_scratch_atari_krull_vta_3seed_to_400000_20260208_112207/atari_krull_seed0/eval_eps/20260208T180330-44487f1ea8c44b5eaf22e05d1a89f711-1974.npz,135,155,0.0,8.732694539823234e-15,0.9669040441513062,1.771529197692871,0.0,2.722961902618408,nan,nan,nan,nan
atari_krull,/home/haselab/projects/stable-deep-world-model/logs/models/from_scratch_atari_krull_vta_3seed_to_400000_20260208_112207/atari_krull_seed0,/home/haselab/projects/stable-deep-world-model/logs/models/from_scratch_atari_krull_vta_3seed_to_400000_20260208_112207/atari_krull_seed0/checkpoints/step-000068750.pt,/home/haselab/projects/stable-deep-world-model/logs/models/from_scratch_atari_krull_vta_3seed_to_400000_20260208_112207/atari_krull_seed0/eval_eps/20260208T180330-44487f1ea8c44b5eaf22e05d1a89f711-1974.npz,140,160,0.0,1.0171457080732863e-14,0.9379329681396484,1.6800779104232788,0.0,2.554259777069092,nan,nan,nan,nan
atari_krull,/home/haselab/projects/stable-deep-world-model/logs/models/from_scratch_atari_krull_vta_3seed_to_400000_20260208_112207/atari_krull_seed0,/home/haselab/projects/stable-deep-world-model/logs/models/from_scratch_atari_krull_vta_3seed_to_400000_20260208_112207/atari_krull_seed0/checkpoints/step-000068750.pt,/home/haselab/projects/stable-deep-world-model/logs/models/from_scratch_atari_krull_vta_3seed_to_400000_20260208_112207/atari_krull_seed0/eval_eps/20260208T180330-44487f1ea8c44b5eaf22e05d1a89f711-1974.npz,145,165,0.0,9.608576582228068e-15,0.9488609433174133,1.6520878076553345,0.0,2.4832406044006348,nan,nan,nan,nan
atari_krull,/home/haselab/projects/stable-deep-world-model/logs/models/from_scratch_atari_krull_vta_3seed_to_400000_20260208_112207/atari_krull_seed0,/home/haselab/projects/stable-deep-world-model/logs/models/from_scratch_atari_krull_vta_3seed_to_400000_20260208_112207/atari_krull_seed0/checkpoints/step-000068750.pt,/home/haselab/projects/stable-deep-world-model/logs/models/from_scratch_atari_krull_vta_3seed_to_400000_20260208_112207/atari_krull_seed0/eval_eps/20260208T180330-44487f1ea8c44b5eaf22e05d1a89f711-1974.npz,150,170,0.0,6.849977890818629e-15,0.9696741104125977,1.701026201248169,0.0,2.466686725616455,nan,nan,nan,nan
atari_krull,/home/haselab/projects/stable-deep-world-model/logs/models/from_scratch_atari_krull_vta_3seed_to_400000_20260208_112207/atari_krull_seed0,/home/haselab/projects/stable-deep-world-model/logs/models/from_scratch_atari_krull_vta_3seed_to_400000_20260208_112207/atari_krull_seed0/checkpoints/step-000068750.pt,/home/haselab/projects/stable-deep-world-model/logs/models/from_scratch_atari_krull_vta_3seed_to_400000_20260208_112207/atari_krull_seed0/eval_eps/20260208T180330-44487f1ea8c44b5eaf22e05d1a89f711-1974.npz,155,175,0.0,1.4420515698438177e-15,0.9302145838737488,1.4345598220825195,0.0,2.17716908454895,nan,nan,nan,nan
atari_krull,/home/haselab/projects/stable-deep-world-model/logs/models/from_scratch_atari_krull_vta_3seed_to_400000_20260208_112207/atari_krull_seed0,/home/haselab/projects/stable-deep-world-model/logs/models/from_scratch_atari_krull_vta_3seed_to_400000_20260208_112207/atari_krull_seed0/checkpoints/step-000068750.pt,/home/haselab/projects/stable-deep-world-model/logs/models/from_scratch_atari_krull_vta_3seed_to_400000_20260208_112207/atari_krull_seed0/eval_eps/20260208T180330-44487f1ea8c44b5eaf22e05d1a89f711-1974.npz,160,180,0.0,6.876974368576382e-19,0.9610241651535034,1.4700078964233398,0.0,2.1527817249298096,nan,nan,nan,nan
atari_krull,/home/haselab/projects/stable-deep-world-model/logs/models/from_scratch_atari_krull_vta_3seed_to_400000_20260208_112207/atari_krull_seed0,/home/haselab/projects/stable-deep-world-model/logs/models/from_scratch_atari_krull_vta_3seed_to_400000_20260208_112207/atari_krull_seed0/checkpoints/step-000068750.pt,/home/haselab/projects/stable-deep-world-model/logs/models/from_scratch_atari_krull_vta_3seed_to_400000_20260208_112207/atari_krull_seed0/eval_eps/20260208T180330-44487f1ea8c44b5eaf22e05d1a89f711-1974.npz,165,185,0.0,6.972091350225972e-19,0.9463802576065063,1.4335644245147705,0.0,2.1071510314941406,nan,nan,nan,nan
atari_krull,/home/haselab/projects/stable-deep-world-model/logs/models/from_scratch_atari_krull_vta_3seed_to_400000_20260208_112207/atari_krull_seed0,/home/haselab/projects/stable-deep-world-model/logs/models/from_scratch_atari_krull_vta_3seed_to_400000_20260208_112207/atari_krull_seed0/checkpoints/step-000068750.pt,/home/haselab/projects/stable-deep-world-model/logs/models/from_scratch_atari_krull_vta_3seed_to_400000_20260208_112207/atari_krull_seed0/eval_eps/20260208T180330-44487f1ea8c44b5eaf22e05d1a89f711-1974.npz,170,190,0.0,6.630127647166191e-19,0.8443125486373901,1.2766796350479126,0.0,2.035529613494873,nan,nan,nan,nan
atari_krull,/home/haselab/projects/stable-deep-world-model/logs/models/from_scratch_atari_krull_vta_3seed_to_400000_20260208_112207/atari_krull_seed0,/home/haselab/projects/stable-deep-world-model/logs/models/from_scratch_atari_krull_vta_3seed_to_400000_20260208_112207/atari_krull_seed0/checkpoints/step-000068750.pt,/home/haselab/projects/stable-deep-world-model/logs/models/from_scratch_atari_krull_vta_3seed_to_400000_20260208_112207/atari_krull_seed0/eval_eps/20260208T180330-44487f1ea8c44b5eaf22e05d1a89f711-1974.npz,175,195,0.0,6.566111105584946e-19,0.7619713544845581,1.2142763137817383,0.0,2.0952489376068115,nan,nan,nan,nan
atari_krull,/home/haselab/projects/stable-deep-world-model/logs/models/from_scratch_atari_krull_vta_3seed_to_400000_20260208_112207/atari_krull_seed0,/home/haselab/projects/stable-deep-world-model/logs/models/from_scratch_atari_krull_vta_3seed_to_400000_20260208_112207/atari_krull_seed0/checkpoints/step-000068750.pt,/home/haselab/projects/stable-deep-world-model/logs/models/from_scratch_atari_krull_vta_3seed_to_400000_20260208_112207/atari_krull_seed0/eval_eps/20260208T180330-44487f1ea8c44b5eaf22e05d1a89f711-1974.npz,180,200,0.05,0.05000000074505806,1.029624581336975,1.478712797164917,0.4185224175453186,2.46821665763855,8.421260833740234,9.6998291015625,8.370448112487793,10.18653678894043
atari_krull,/home/haselab/projects/stable-deep-world-model/logs/models/from_scratch_atari_krull_vta_3seed_to_400000_20260208_112207/atari_krull_seed0,/home/haselab/projects/stable-deep-world-model/logs/models/from_scratch_atari_krull_vta_3seed_to_400000_20260208_112207/atari_krull_seed0/checkpoints/step-000068750.pt,/home/haselab/projects/stable-deep-world-model/logs/models/from_scratch_atari_krull_vta_3seed_to_400000_20260208_112207/atari_krull_seed0/eval_eps/20260208T180330-44487f1ea8c44b5eaf22e05d1a89f711-1974.npz,185,205,0.05,0.05000000074505806,1.120404839515686,2.025007486343384,0.4185224175453186,3.051464557647705,8.421260833740234,9.6998291015625,8.370448112487793,10.18653678894043
atari_krull,/home/haselab/projects/stable-deep-world-model/logs/models/from_scratch_atari_krull_vta_3seed_to_400000_20260208_112207/atari_krull_seed0,/home/haselab/projects/stable-deep-world-model/logs/models/from_scratch_atari_krull_vta_3seed_to_400000_20260208_112207/atari_krull_seed0/checkpoints/step-000068750.pt,/home/haselab/projects/stable-deep-world-model/logs/models/from_scratch_atari_krull_vta_3seed_to_400000_20260208_112207/atari_krull_seed0/eval_eps/20260208T180330-44487f1ea8c44b5eaf22e05d1a89f711-1974.npz,190,210,0.05,0.05000000074505806,1.2815800905227661,2.642120599746704,0.4185224175453186,3.793987274169922,8.421260833740234,9.6998291015625,8.370448112487793,10.18653678894043
atari_krull,/home/haselab/projects/stable-deep-world-model/logs/models/from_scratch_atari_krull_vta_3seed_to_400000_20260208_112207/atari_krull_seed0,/home/haselab/projects/stable-deep-world-model/logs/models/from_scratch_atari_krull_vta_3seed_to_400000_20260208_112207/atari_krull_seed0/checkpoints/step-000068750.pt,/home/haselab/projects/stable-deep-world-model/logs/models/from_scratch_atari_krull_vta_3seed_to_400000_20260208_112207/atari_krull_seed0/eval_eps/20260208T180330-44487f1ea8c44b5eaf22e05d1a89f711-1974.npz,195,215,0.05,0.05000000074505806,1.456653118133545,3.496596097946167,0.4185224175453186,4.500555515289307,8.421260833740234,9.6998291015625,8.370448112487793,10.18653678894043
atari_krull,/home/haselab/projects/stable-deep-world-model/logs/models/from_scratch_atari_krull_vta_3seed_to_400000_20260208_112207/atari_krull_seed0,/home/haselab/projects/stable-deep-world-model/logs/models/from_scratch_atari_krull_vta_3seed_to_400000_20260208_112207/atari_krull_seed0/checkpoints/step-000068750.pt,/home/haselab/projects/stable-deep-world-model/logs/models/from_scratch_atari_krull_vta_3seed_to_400000_20260208_112207/atari_krull_seed0/eval_eps/20260208T180330-44487f1ea8c44b5eaf22e05d1a89f711-1974.npz,200,220,0.0,2.5429490793570596e-16,1.2447788715362549,3.8223869800567627,0.0,4.808056831359863,nan,nan,nan,nan
atari_krull,/home/haselab/projects/stable-deep-world-model/logs/models/from_scratch_atari_krull_vta_3seed_to_400000_20260208_112207/atari_krull_seed0,/home/haselab/projects/stable-deep-world-model/logs/models/from_scratch_atari_krull_vta_3seed_to_400000_20260208_112207/atari_krull_seed0/checkpoints/step-000068750.pt,/home/haselab/projects/stable-deep-world-model/logs/models/from_scratch_atari_krull_vta_3seed_to_400000_20260208_112207/atari_krull_seed0/eval_eps/20260208T180330-44487f1ea8c44b5eaf22e05d1a89f711-1974.npz,205,225,0.0,8.026297860933354e-16,1.245457649230957,3.8195838928222656,0.0,4.79953670501709,nan,nan,nan,nan
atari_krull,/home/haselab/projects/stable-deep-world-model/logs/models/from_scratch_atari_krull_vta_3seed_to_400000_20260208_112207/atari_krull_seed0,/home/haselab/projects/stable-deep-world-model/logs/models/from_scratch_atari_krull_vta_3seed_to_400000_20260208_112207/atari_krull_seed0/checkpoints/step-000068750.pt,/home/haselab/projects/stable-deep-world-model/logs/models/from_scratch_atari_krull_vta_3seed_to_400000_20260208_112207/atari_krull_seed0/eval_eps/20260208T180330-44487f1ea8c44b5eaf22e05d1a89f711-1974.npz,210,230,0.0,1.036109653443655e-15,1.2498276233673096,3.9536185264587402,0.0,4.761767864227295,nan,nan,nan,nan
atari_krull,/home/haselab/projects/stable-deep-world-model/logs/models/from_scratch_atari_krull_vta_3seed_to_400000_20260208_112207/atari_krull_seed0,/home/haselab/projects/stable-deep-world-model/logs/models/from_scratch_atari_krull_vta_3seed_to_400000_20260208_112207/atari_krull_seed0/checkpoints/step-000068750.pt,/home/haselab/projects/stable-deep-world-model/logs/models/from_scratch_atari_krull_vta_3seed_to_400000_20260208_112207/atari_krull_seed0/eval_eps/20260208T180330-44487f1ea8c44b5eaf22e05d1a89f711-1974.npz,215,235,0.0,1.0351033783023169e-15,1.2485148906707764,3.818389415740967,0.0,4.667261123657227,nan,nan,nan,nan
atari_krull,/home/haselab/projects/stable-deep-world-model/logs/models/from_scratch_atari_krull_vta_3seed_to_400000_20260208_112207/atari_krull_seed0,/home/haselab/projects/stable-deep-world-model/logs/models/from_scratch_atari_krull_vta_3seed_to_400000_20260208_112207/atari_krull_seed0/checkpoints/step-000068750.pt,/home/haselab/projects/stable-deep-world-model/logs/models/from_scratch_atari_krull_vta_3seed_to_400000_20260208_112207/atari_krull_seed0/eval_eps/20260208T180330-44487f1ea8c44b5eaf22e05d1a89f711-1974.npz,220,240,0.0,7.868608913516573e-16,1.2235112190246582,3.742220640182495,0.0,4.600131034851074,nan,nan,nan,nan
atari_krull,/home/haselab/projects/stable-deep-world-model/logs/models/from_scratch_atari_krull_vta_3seed_to_400000_20260208_112207/atari_krull_seed0,/home/haselab/projects/stable-deep-world-model/logs/models/from_scratch_atari_krull_vta_3seed_to_400000_20260208_112207/atari_krull_seed0/checkpoints/step-000068750.pt,/home/haselab/projects/stable-deep-world-model/logs/models/from_scratch_atari_krull_vta_3seed_to_400000_20260208_112207/atari_krull_seed0/eval_eps/20260208T180330-44487f1ea8c44b5eaf22e05d1a89f711-1974.npz,225,245,0.0,2.386139987414239e-16,1.1982388496398926,3.830810546875,0.0,4.557865142822266,nan,nan,nan,nan
atari_krull,/home/haselab/projects/stable-deep-world-model/logs/models/from_scratch_atari_krull_vta_3seed_to_400000_20260208_112207/atari_krull_seed0,/home/haselab/projects/stable-deep-world-model/logs/models/from_scratch_atari_krull_vta_3seed_to_400000_20260208_112207/atari_krull_seed0/checkpoints/step-000068750.pt,/home/haselab/projects/stable-deep-world-model/logs/models/from_scratch_atari_krull_vta_3seed_to_400000_20260208_112207/atari_krull_seed0/eval_eps/20260208T180330-44487f1ea8c44b5eaf22e05d1a89f711-1974.npz,230,250,0.0,2.241840405777701e-18,1.1860642433166504,3.8064944744110107,0.0,4.590444087982178,nan,nan,nan,nan
atari_krull,/home/haselab/projects/stable-deep-world-model/logs/models/from_scratch_atari_krull_vta_3seed_to_400000_20260208_112207/atari_krull_seed0,/home/haselab/projects/stable-deep-world-model/logs/models/from_scratch_atari_krull_vta_3seed_to_400000_20260208_112207/atari_krull_seed0/checkpoints/step-000068750.pt,/home/haselab/projects/stable-deep-world-model/logs/models/from_scratch_atari_krull_vta_3seed_to_400000_20260208_112207/atari_krull_seed0/eval_eps/20260208T180330-44487f1ea8c44b5eaf22e05d1a89f711-1974.npz,235,255,0.0,2.2907005169951364e-17,1.146520733833313,3.892463207244873,0.0,4.78399133682251,nan,nan,nan,nan
atari_krull,/home/haselab/projects/stable-deep-world-model/logs/models/from_scratch_atari_krull_vta_3seed_to_400000_20260208_112207/atari_krull_seed0,/home/haselab/projects/stable-deep-world-model/logs/models/from_scratch_atari_krull_vta_3seed_to_400000_20260208_112207/atari_krull_seed0/checkpoints/step-000068750.pt,/home/haselab/projects/stable-deep-world-model/logs/models/from_scratch_atari_krull_vta_3seed_to_400000_20260208_112207/atari_krull_seed0/eval_eps/20260208T180330-44487f1ea8c44b5eaf22e05d1a89f711-1974.npz,240,260,0.0,4.7331301120063845e-17,1.097654104232788,3.9631855487823486,0.0,4.864987850189209,nan,nan,nan,nan
atari_krull,/home/haselab/projects/stable-deep-world-model/logs/models/from_scratch_atari_krull_vta_3seed_to_400000_20260208_112207/atari_krull_seed0,/home/haselab/projects/stable-deep-world-model/logs/models/from_scratch_atari_krull_vta_3seed_to_400000_20260208_112207/atari_krull_seed0/checkpoints/step-000068750.pt,/home/haselab/projects/stable-deep-world-model/logs/models/from_scratch_atari_krull_vta_3seed_to_400000_20260208_112207/atari_krull_seed0/eval_eps/20260208T180330-44487f1ea8c44b5eaf22e05d1a89f711-1974.npz,245,265,0.0,4.805391617702282e-17,1.0724327564239502,3.994162082672119,0.0,4.991330146789551,nan,nan,nan,nan
atari_krull,/home/haselab/projects/stable-deep-world-model/logs/models/from_scratch_atari_krull_vta_3seed_to_400000_20260208_112207/atari_krull_seed0,/home/haselab/projects/stable-deep-world-model/logs/models/from_scratch_atari_krull_vta_3seed_to_400000_20260208_112207/atari_krull_seed0/checkpoints/step-000068750.pt,/home/haselab/projects/stable-deep-world-model/logs/models/from_scratch_atari_krull_vta_3seed_to_400000_20260208_112207/atari_krull_seed0/eval_eps/20260208T180330-44487f1ea8c44b5eaf22e05d1a89f711-1974.npz,250,270,0.0,4.7267800118799374e-17,1.0433419942855835,3.9580790996551514,0.0,4.9716033935546875,nan,nan,nan,nan
atari_krull,/home/haselab/projects/stable-deep-world-model/logs/models/from_scratch_atari_krull_vta_3seed_to_400000_20260208_112207/atari_krull_seed0,/home/haselab/projects/stable-deep-world-model/logs/models/from_scratch_atari_krull_vta_3seed_to_400000_20260208_112207/atari_krull_seed0/checkpoints/step-000068750.pt,/home/haselab/projects/stable-deep-world-model/logs/models/from_scratch_atari_krull_vta_3seed_to_400000_20260208_112207/atari_krull_seed0/eval_eps/20260208T180330-44487f1ea8c44b5eaf22e05d1a89f711-1974.npz,255,275,0.0,2.6557331706451948e-17,1.0324065685272217,3.8069558143615723,0.0,4.8458147048950195,nan,nan,nan,nan
atari_krull,/home/haselab/projects/stable-deep-world-model/logs/models/from_scratch_atari_krull_vta_3seed_to_400000_20260208_112207/atari_krull_seed0,/home/haselab/projects/stable-deep-world-model/logs/models/from_scratch_atari_krull_vta_3seed_to_400000_20260208_112207/atari_krull_seed0/checkpoints/step-000068750.pt,/home/haselab/projects/stable-deep-world-model/logs/models/from_scratch_atari_krull_vta_3seed_to_400000_20260208_112207/atari_krull_seed0/eval_eps/20260208T180330-44487f1ea8c44b5eaf22e05d1a89f711-1974.npz,260,280,0.0,4.021504811229667e-18,1.0432952642440796,3.7120766639709473,0.0,4.730761528015137,nan,nan,nan,nan
atari_krull,/home/haselab/projects/stable-deep-world-model/logs/models/from_scratch_atari_krull_vta_3seed_to_400000_20260208_112207/atari_krull_seed0,/home/haselab/projects/stable-deep-world-model/logs/models/from_scratch_atari_krull_vta_3seed_to_400000_20260208_112207/atari_krull_seed0/checkpoints/step-000068750.pt,/home/haselab/projects/stable-deep-world-model/logs/models/from_scratch_atari_krull_vta_3seed_to_400000_20260208_112207/atari_krull_seed0/eval_eps/20260208T180330-44487f1ea8c44b5eaf22e05d1a89f711-1974.npz,265,285,0.0,4.02391149322189e-18,1.064873456954956,3.869915008544922,0.0,4.8352556228637695,nan,nan,nan,nan
atari_krull,/home/haselab/projects/stable-deep-world-model/logs/models/from_scratch_atari_krull_vta_3seed_to_400000_20260208_112207/atari_krull_seed0,/home/haselab/projects/stable-deep-world-model/logs/models/from_scratch_atari_krull_vta_3seed_to_400000_20260208_112207/atari_krull_seed0/checkpoints/step-000068750.pt,/home/haselab/projects/stable-deep-world-model/logs/models/from_scratch_atari_krull_vta_3seed_to_400000_20260208_112207/atari_krull_seed0/eval_eps/20260208T180330-44487f1ea8c44b5eaf22e05d1a89f711-1974.npz,270,290,0.0,2.8436248479628387e-18,1.0984153747558594,4.035418510437012,0.0,4.946699619293213,nan,nan,nan,nan
atari_krull,/home/haselab/projects/stable-deep-world-model/logs/models/from_scratch_atari_krull_vta_3seed_to_400000_20260208_112207/atari_krull_seed0,/home/haselab/projects/stable-deep-world-model/logs/models/from_scratch_atari_krull_vta_3seed_to_400000_20260208_112207/atari_krull_seed0/checkpoints/step-000068750.pt,/home/haselab/projects/stable-deep-world-model/logs/models/from_scratch_atari_krull_vta_3seed_to_400000_20260208_112207/atari_krull_seed0/eval_eps/20260208T180330-44487f1ea8c44b5eaf22e05d1a89f711-1974.npz,275,295,0.0,2.8157350060445414e-18,1.135325312614441,4.384792804718018,0.0,5.189505577087402,nan,nan,nan,nan
atari_krull,/home/haselab/projects/stable-deep-world-model/logs/models/from_scratch_atari_krull_vta_3seed_to_400000_20260208_112207/atari_krull_seed0,/home/haselab/projects/stable-deep-world-model/logs/models/from_scratch_atari_krull_vta_3seed_to_400000_20260208_112207/atari_krull_seed0/checkpoints/step-000068750.pt,/home/haselab/projects/stable-deep-world-model/logs/models/from_scratch_atari_krull_vta_3seed_to_400000_20260208_112207/atari_krull_seed0/eval_eps/20260208T180330-44487f1ea8c44b5eaf22e05d1a89f711-1974.npz,280,300,0.0,4.3751756232703054e-13,1.4396321773529053,4.970114231109619,0.0,5.72642707824707,nan,nan,nan,nan
atari_krull,/home/haselab/projects/stable-deep-world-model/logs/models/from_scratch_atari_krull_vta_3seed_to_400000_20260208_112207/atari_krull_seed0,/home/haselab/projects/stable-deep-world-model/logs/models/from_scratch_atari_krull_vta_3seed_to_400000_20260208_112207/atari_krull_seed0/checkpoints/step-000068750.pt,/home/haselab/projects/stable-deep-world-model/logs/models/from_scratch_atari_krull_vta_3seed_to_400000_20260208_112207/atari_krull_seed0/eval_eps/20260208T180330-44487f1ea8c44b5eaf22e05d1a89f711-1974.npz,285,305,0.0,4.3751672207034686e-13,1.9882529973983765,5.372485637664795,0.0,6.0693206787109375,nan,nan,nan,nan
atari_krull,/home/haselab/projects/stable-deep-world-model/logs/models/from_scratch_atari_krull_vta_3seed_to_400000_20260208_112207/atari_krull_seed0,/home/haselab/projects/stable-deep-world-model/logs/models/from_scratch_atari_krull_vta_3seed_to_400000_20260208_112207/atari_krull_seed0/checkpoints/step-000068750.pt,/home/haselab/projects/stable-deep-world-model/logs/models/from_scratch_atari_krull_vta_3seed_to_400000_20260208_112207/atari_krull_seed0/eval_eps/20260208T180330-44487f1ea8c44b5eaf22e05d1a89f711-1974.npz,290,310,0.0,4.3751894468480046e-13,2.5028533935546875,5.713687419891357,0.0,6.28439998626709,nan,nan,nan,nan
atari_krull,/home/haselab/projects/stable-deep-world-model/logs/models/from_scratch_atari_krull_vta_3seed_to_400000_20260208_112207/atari_krull_seed0,/home/haselab/projects/stable-deep-world-model/logs/models/from_scratch_atari_krull_vta_3seed_to_400000_20260208_112207/atari_krull_seed0/checkpoints/step-000068750.pt,/home/haselab/projects/stable-deep-world-model/logs/models/from_scratch_atari_krull_vta_3seed_to_400000_20260208_112207/atari_krull_seed0/eval_eps/20260208T180330-44487f1ea8c44b5eaf22e05d1a89f711-1974.npz,295,315,0.0,4.3752588357870437e-13,3.0201306343078613,5.888071537017822,0.0,6.32166051864624,nan,nan,nan,nan
atari_krull,/home/haselab/projects/stable-deep-world-model/logs/models/from_scratch_atari_krull_vta_3seed_to_400000_20260208_112207/atari_krull_seed0,/home/haselab/projects/stable-deep-world-model/logs/models/from_scratch_atari_krull_vta_3seed_to_400000_20260208_112207/atari_krull_seed0/checkpoints/step-000068750.pt,/home/haselab/projects/stable-deep-world-model/logs/models/from_scratch_atari_krull_vta_3seed_to_400000_20260208_112207/atari_krull_seed0/eval_eps/20260208T180330-44487f1ea8c44b5eaf22e05d1a89f711-1974.npz,300,320,0.0,1.249895217294369e-17,3.244797468185425,5.664770126342773,0.0,6.023250102996826,nan,nan,nan,nan
atari_krull,/home/haselab/projects/stable-deep-world-model/logs/models/from_scratch_atari_krull_vta_3seed_to_400000_20260208_112207/atari_krull_seed0,/home/haselab/projects/stable-deep-world-model/logs/models/from_scratch_atari_krull_vta_3seed_to_400000_20260208_112207/atari_krull_seed0/checkpoints/step-000068750.pt,/home/haselab/projects/stable-deep-world-model/logs/models/from_scratch_atari_krull_vta_3seed_to_400000_20260208_112207/atari_krull_seed0/eval_eps/20260208T180330-44487f1ea8c44b5eaf22e05d1a89f711-1974.npz,305,325,0.0,2.979871395209638e-13,3.165961742401123,5.4181413650512695,0.0,5.833017349243164,nan,nan,nan,nan
atari_krull,/home/haselab/projects/stable-deep-world-model/logs/models/from_scratch_atari_krull_vta_3seed_to_400000_20260208_112207/atari_krull_seed0,/home/haselab/projects/stable-deep-world-model/logs/models/from_scratch_atari_krull_vta_3seed_to_400000_20260208_112207/atari_krull_seed0/checkpoints/step-000068750.pt,/home/haselab/projects/stable-deep-world-model/logs/models/from_scratch_atari_krull_vta_3seed_to_400000_20260208_112207/atari_krull_seed0/eval_eps/20260208T180330-44487f1ea8c44b5eaf22e05d1a89f711-1974.npz,310,330,0.0,2.9829749239283776e-13,3.1866090297698975,5.452354431152344,0.0,5.813363552093506,nan,nan,nan,nan
atari_krull,/home/haselab/projects/stable-deep-world-model/logs/models/from_scratch_atari_krull_vta_3seed_to_400000_20260208_112207/atari_krull_seed0,/home/haselab/projects/stable-deep-world-model/logs/models/from_scratch_atari_krull_vta_3seed_to_400000_20260208_112207/atari_krull_seed0/checkpoints/step-000068750.pt,/home/haselab/projects/stable-deep-world-model/logs/models/from_scratch_atari_krull_vta_3seed_to_400000_20260208_112207/atari_krull_seed0/eval_eps/20260208T180330-44487f1ea8c44b5eaf22e05d1a89f711-1974.npz,315,335,0.0,2.985479701997362e-13,3.2306644916534424,5.537469387054443,0.0,5.988485813140869,nan,nan,nan,nan
atari_krull,/home/haselab/projects/stable-deep-world-model/logs/models/from_scratch_atari_krull_vta_3seed_to_400000_20260208_112207/atari_krull_seed0,/home/haselab/projects/stable-deep-world-model/logs/models/from_scratch_atari_krull_vta_3seed_to_400000_20260208_112207/atari_krull_seed0/checkpoints/step-000068750.pt,/home/haselab/projects/stable-deep-world-model/logs/models/from_scratch_atari_krull_vta_3seed_to_400000_20260208_112207/atari_krull_seed0/eval_eps/20260208T180330-44487f1ea8c44b5eaf22e05d1a89f711-1974.npz,320,340,0.0,3.0067081094840853e-13,3.2786192893981934,5.547743320465088,0.0,5.982335090637207,nan,nan,nan,nan
atari_krull,/home/haselab/projects/stable-deep-world-model/logs/models/from_scratch_atari_krull_vta_3seed_to_400000_20260208_112207/atari_krull_seed0,/home/haselab/projects/stable-deep-world-model/logs/models/from_scratch_atari_krull_vta_3seed_to_400000_20260208_112207/atari_krull_seed0/checkpoints/step-000068750.pt,/home/haselab/projects/stable-deep-world-model/logs/models/from_scratch_atari_krull_vta_3seed_to_400000_20260208_112207/atari_krull_seed0/eval_eps/20260208T180330-44487f1ea8c44b5eaf22e05d1a89f711-1974.npz,325,345,0.0,1.8401975432282176e-14,3.388554811477661,5.483419418334961,0.0,5.886396408081055,nan,nan,nan,nan
atari_krull,/home/haselab/projects/stable-deep-world-model/logs/models/from_scratch_atari_krull_vta_3seed_to_400000_20260208_112207/atari_krull_seed0,/home/haselab/projects/stable-deep-world-model/logs/models/from_scratch_atari_krull_vta_3seed_to_400000_20260208_112207/atari_krull_seed0/checkpoints/step-000068750.pt,/home/haselab/projects/stable-deep-world-model/logs/models/from_scratch_atari_krull_vta_3seed_to_400000_20260208_112207/atari_krull_seed0/eval_eps/20260208T180330-44487f1ea8c44b5eaf22e05d1a89f711-1974.npz,330,350,0.0,1.6824881060844427e-13,3.3684744834899902,5.349682807922363,0.0,5.878897666931152,nan,nan,nan,nan
atari_krull,/home/haselab/projects/stable-deep-world-model/logs/models/from_scratch_atari_krull_vta_3seed_to_400000_20260208_112207/atari_krull_seed0,/home/haselab/projects/stable-deep-world-model/logs/models/from_scratch_atari_krull_vta_3seed_to_400000_20260208_112207/atari_krull_seed0/checkpoints/step-000068750.pt,/home/haselab/projects/stable-deep-world-model/logs/models/from_scratch_atari_krull_vta_3seed_to_400000_20260208_112207/atari_krull_seed0/eval_eps/20260208T180330-44487f1ea8c44b5eaf22e05d1a89f711-1974.npz,335,355,0.0,2.142334026107237e-13,3.3549587726593018,5.289567947387695,0.0,5.794692039489746,nan,nan,nan,nan
atari_krull,/home/haselab/projects/stable-deep-world-model/logs/models/from_scratch_atari_krull_vta_3seed_to_400000_20260208_112207/atari_krull_seed0,/home/haselab/projects/stable-deep-world-model/logs/models/from_scratch_atari_krull_vta_3seed_to_400000_20260208_112207/atari_krull_seed0/checkpoints/step-000068750.pt,/home/haselab/projects/stable-deep-world-model/logs/models/from_scratch_atari_krull_vta_3seed_to_400000_20260208_112207/atari_krull_seed0/eval_eps/20260208T180330-44487f1ea8c44b5eaf22e05d1a89f711-1974.npz,340,360,0.0,5.099348135591264e-13,3.3348701000213623,5.383228778839111,0.0,5.951451301574707,nan,nan,nan,nan
atari_krull,/home/haselab/projects/stable-deep-world-model/logs/models/from_scratch_atari_krull_vta_3seed_to_400000_20260208_112207/atari_krull_seed0,/home/haselab/projects/stable-deep-world-model/logs/models/from_scratch_atari_krull_vta_3seed_to_400000_20260208_112207/atari_krull_seed0/checkpoints/step-000068750.pt,/home/haselab/projects/stable-deep-world-model/logs/models/from_scratch_atari_krull_vta_3seed_to_400000_20260208_112207/atari_krull_seed0/eval_eps/20260208T180330-44487f1ea8c44b5eaf22e05d1a89f711-1974.npz,345,365,0.0,4.942445649795679e-13,3.26654052734375,5.348114013671875,0.0,6.000267505645752,nan,nan,nan,nan
atari_krull,/home/haselab/projects/stable-deep-world-model/logs/models/from_scratch_atari_krull_vta_3seed_to_400000_20260208_112207/atari_krull_seed0,/home/haselab/projects/stable-deep-world-model/logs/models/from_scratch_atari_krull_vta_3seed_to_400000_20260208_112207/atari_krull_seed0/checkpoints/step-000068750.pt,/home/haselab/projects/stable-deep-world-model/logs/models/from_scratch_atari_krull_vta_3seed_to_400000_20260208_112207/atari_krull_seed0/eval_eps/20260208T180330-44487f1ea8c44b5eaf22e05d1a89f711-1974.npz,350,370,0.0,3.441453665011668e-13,3.249647855758667,5.221909999847412,0.0,5.904147148132324,nan,nan,nan,nan
atari_krull,/home/haselab/projects/stable-deep-world-model/logs/models/from_scratch_atari_krull_vta_3seed_to_400000_20260208_112207/atari_krull_seed0,/home/haselab/projects/stable-deep-world-model/logs/models/from_scratch_atari_krull_vta_3seed_to_400000_20260208_112207/atari_krull_seed0/checkpoints/step-000068750.pt,/home/haselab/projects/stable-deep-world-model/logs/models/from_scratch_atari_krull_vta_3seed_to_400000_20260208_112207/atari_krull_seed0/eval_eps/20260208T180330-44487f1ea8c44b5eaf22e05d1a89f711-1974.npz,355,375,0.0,2.9858597148588184e-13,3.2464072704315186,5.145354270935059,0.0,5.843533992767334,nan,nan,nan,nan
atari_krull,/home/haselab/projects/stable-deep-world-model/logs/models/from_scratch_atari_krull_vta_3seed_to_400000_20260208_112207/atari_krull_seed0,/home/haselab/projects/stable-deep-world-model/logs/models/from_scratch_atari_krull_vta_3seed_to_400000_20260208_112207/atari_krull_seed0/checkpoints/step-000068750.pt,/home/haselab/projects/stable-deep-world-model/logs/models/from_scratch_atari_krull_vta_3seed_to_400000_20260208_112207/atari_krull_seed0/eval_eps/20260208T180330-44487f1ea8c44b5eaf22e05d1a89f711-1974.npz,360,380,0.0,5.999587728477886e-15,3.27832293510437,5.326990604400635,0.0,5.93959379196167,nan,nan,nan,nan
atari_krull,/home/haselab/projects/stable-deep-world-model/logs/models/from_scratch_atari_krull_vta_3seed_to_400000_20260208_112207/atari_krull_seed0,/home/haselab/projects/stable-deep-world-model/logs/models/from_scratch_atari_krull_vta_3seed_to_400000_20260208_112207/atari_krull_seed0/checkpoints/step-000068750.pt,/home/haselab/projects/stable-deep-world-model/logs/models/from_scratch_atari_krull_vta_3seed_to_400000_20260208_112207/atari_krull_seed0/eval_eps/20260208T180330-44487f1ea8c44b5eaf22e05d1a89f711-1974.npz,365,385,0.0,5.9850458668394245e-15,3.3462677001953125,5.519389629364014,0.0,6.140291690826416,nan,nan,nan,nan
atari_krull,/home/haselab/projects/stable-deep-world-model/logs/models/from_scratch_atari_krull_vta_3seed_to_400000_20260208_112207/atari_krull_seed0,/home/haselab/projects/stable-deep-world-model/logs/models/from_scratch_atari_krull_vta_3seed_to_400000_20260208_112207/atari_krull_seed0/checkpoints/step-000068750.pt,/home/haselab/projects/stable-deep-world-model/logs/models/from_scratch_atari_krull_vta_3seed_to_400000_20260208_112207/atari_krull_seed0/eval_eps/20260208T180330-44487f1ea8c44b5eaf22e05d1a89f711-1974.npz,370,390,0.0,2.8099143021056983e-13,3.3570761680603027,5.730181694030762,0.0,6.33561897277832,nan,nan,nan,nan
atari_krull,/home/haselab/projects/stable-deep-world-model/logs/models/from_scratch_atari_krull_vta_3seed_to_400000_20260208_112207/atari_krull_seed0,/home/haselab/projects/stable-deep-world-model/logs/models/from_scratch_atari_krull_vta_3seed_to_400000_20260208_112207/atari_krull_seed0/checkpoints/step-000068750.pt,/home/haselab/projects/stable-deep-world-model/logs/models/from_scratch_atari_krull_vta_3seed_to_400000_20260208_112207/atari_krull_seed0/eval_eps/20260208T180330-44487f1ea8c44b5eaf22e05d1a89f711-1974.npz,375,395,0.0,5.962223987091009e-13,3.3449695110321045,5.596731662750244,0.0,6.289703845977783,nan,nan,nan,nan
atari_krull,/home/haselab/projects/stable-deep-world-model/logs/models/from_scratch_atari_krull_vta_3seed_to_400000_20260208_112207/atari_krull_seed0,/home/haselab/projects/stable-deep-world-model/logs/models/from_scratch_atari_krull_vta_3seed_to_400000_20260208_112207/atari_krull_seed0/checkpoints/step-000068750.pt,/home/haselab/projects/stable-deep-world-model/logs/models/from_scratch_atari_krull_vta_3seed_to_400000_20260208_112207/atari_krull_seed0/eval_eps/20260208T180330-44487f1ea8c44b5eaf22e05d1a89f711-1974.npz,380,400,0.0,5.935010512561623e-13,3.314549207687378,5.459042549133301,0.0,6.184205055236816,nan,nan,nan,nan
atari_krull,/home/haselab/projects/stable-deep-world-model/logs/models/from_scratch_atari_krull_vta_3seed_to_400000_20260208_112207/atari_krull_seed0,/home/haselab/projects/stable-deep-world-model/logs/models/from_scratch_atari_krull_vta_3seed_to_400000_20260208_112207/atari_krull_seed0/checkpoints/step-000068750.pt,/home/haselab/projects/stable-deep-world-model/logs/models/from_scratch_atari_krull_vta_3seed_to_400000_20260208_112207/atari_krull_seed0/eval_eps/20260208T180330-44487f1ea8c44b5eaf22e05d1a89f711-1974.npz,385,405,0.0,1.2333109793843944e-12,3.305859327316284,5.4732465744018555,0.0,6.103460788726807,nan,nan,nan,nan
atari_krull,/home/haselab/projects/stable-deep-world-model/logs/models/from_scratch_atari_krull_vta_3seed_to_400000_20260208_112207/atari_krull_seed0,/home/haselab/projects/stable-deep-world-model/logs/models/from_scratch_atari_krull_vta_3seed_to_400000_20260208_112207/atari_krull_seed0/checkpoints/step-000068750.pt,/home/haselab/projects/stable-deep-world-model/logs/models/from_scratch_atari_krull_vta_3seed_to_400000_20260208_112207/atari_krull_seed0/eval_eps/20260208T180330-44487f1ea8c44b5eaf22e05d1a89f711-1974.npz,390,410,0.0,1.0098588631990424e-10,3.315930128097534,5.352883338928223,0.0,5.9260125160217285,nan,nan,nan,nan
atari_krull,/home/haselab/projects/stable-deep-world-model/logs/models/from_scratch_atari_krull_vta_3seed_to_400000_20260208_112207/atari_krull_seed0,/home/haselab/projects/stable-deep-world-model/logs/models/from_scratch_atari_krull_vta_3seed_to_400000_20260208_112207/atari_krull_seed0/checkpoints/step-000068750.pt,/home/haselab/projects/stable-deep-world-model/logs/models/from_scratch_atari_krull_vta_3seed_to_400000_20260208_112207/atari_krull_seed0/eval_eps/20260208T180330-44487f1ea8c44b5eaf22e05d1a89f711-1974.npz,395,415,0.0,8.758199498970498e-08,3.3637614250183105,5.492100238800049,0.0,5.976847171783447,nan,nan,nan,nan
atari_krull,/home/haselab/projects/stable-deep-world-model/logs/models/from_scratch_atari_krull_vta_3seed_to_400000_20260208_112207/atari_krull_seed0,/home/haselab/projects/stable-deep-world-model/logs/models/from_scratch_atari_krull_vta_3seed_to_400000_20260208_112207/atari_krull_seed0/checkpoints/step-000068750.pt,/home/haselab/projects/stable-deep-world-model/logs/models/from_scratch_atari_krull_vta_3seed_to_400000_20260208_112207/atari_krull_seed0/eval_eps/20260208T180330-44487f1ea8c44b5eaf22e05d1a89f711-1974.npz,400,420,0.0,8.758199498970498e-08,3.3770408630371094,5.300948143005371,0.0,5.791851043701172,nan,nan,nan,nan
atari_krull,/home/haselab/projects/stable-deep-world-model/logs/models/from_scratch_atari_krull_vta_3seed_to_400000_20260208_112207/atari_krull_seed0,/home/haselab/projects/stable-deep-world-model/logs/models/from_scratch_atari_krull_vta_3seed_to_400000_20260208_112207/atari_krull_seed0/checkpoints/step-000068750.pt,/home/haselab/projects/stable-deep-world-model/logs/models/from_scratch_atari_krull_vta_3seed_to_400000_20260208_112207/atari_krull_seed0/eval_eps/20260208T180330-44487f1ea8c44b5eaf22e05d1a89f711-1974.npz,405,425,0.0,8.758136971209751e-08,3.338052272796631,5.183073997497559,0.0,5.644064903259277,nan,nan,nan,nan
atari_krull,/home/haselab/projects/stable-deep-world-model/logs/models/from_scratch_atari_krull_vta_3seed_to_400000_20260208_112207/atari_krull_seed0,/home/haselab/projects/stable-deep-world-model/logs/models/from_scratch_atari_krull_vta_3seed_to_400000_20260208_112207/atari_krull_seed0/checkpoints/step-000068750.pt,/home/haselab/projects/stable-deep-world-model/logs/models/from_scratch_atari_krull_vta_3seed_to_400000_20260208_112207/atari_krull_seed0/eval_eps/20260208T180330-44487f1ea8c44b5eaf22e05d1a89f711-1974.npz,410,430,0.0,8.74813395057572e-08,3.357217311859131,5.237789630889893,0.0,5.6624979972839355,nan,nan,nan,nan
atari_krull,/home/haselab/projects/stable-deep-world-model/logs/models/from_scratch_atari_krull_vta_3seed_to_400000_20260208_112207/atari_krull_seed0,/home/haselab/projects/stable-deep-world-model/logs/models/from_scratch_atari_krull_vta_3seed_to_400000_20260208_112207/atari_krull_seed0/checkpoints/step-000068750.pt,/home/haselab/projects/stable-deep-world-model/logs/models/from_scratch_atari_krull_vta_3seed_to_400000_20260208_112207/atari_krull_seed0/eval_eps/20260208T180330-44487f1ea8c44b5eaf22e05d1a89f711-1974.npz,415,435,0.0,6.407552440024222e-13,3.2920265197753906,5.332744121551514,0.0,5.724587440490723,nan,nan,nan,nan
atari_krull,/home/haselab/projects/stable-deep-world-model/logs/models/from_scratch_atari_krull_vta_3seed_to_400000_20260208_112207/atari_krull_seed0,/home/haselab/projects/stable-deep-world-model/logs/models/from_scratch_atari_krull_vta_3seed_to_400000_20260208_112207/atari_krull_seed0/checkpoints/step-000068750.pt,/home/haselab/projects/stable-deep-world-model/logs/models/from_scratch_atari_krull_vta_3seed_to_400000_20260208_112207/atari_krull_seed0/eval_eps/20260208T180330-44487f1ea8c44b5eaf22e05d1a89f711-1974.npz,420,440,0.0,6.28942807123084e-13,3.2804527282714844,5.348592758178711,0.0,5.698287010192871,nan,nan,nan,nan
atari_krull,/home/haselab/projects/stable-deep-world-model/logs/models/from_scratch_atari_krull_vta_3seed_to_400000_20260208_112207/atari_krull_seed0,/home/haselab/projects/stable-deep-world-model/logs/models/from_scratch_atari_krull_vta_3seed_to_400000_20260208_112207/atari_krull_seed0/checkpoints/step-000068750.pt,/home/haselab/projects/stable-deep-world-model/logs/models/from_scratch_atari_krull_vta_3seed_to_400000_20260208_112207/atari_krull_seed0/eval_eps/20260208T180330-44487f1ea8c44b5eaf22e05d1a89f711-1974.npz,425,445,0.0,8.610601121006312e-11,3.2378978729248047,5.315559387207031,0.0,5.65518045425415,nan,nan,nan,nan
atari_krull,/home/haselab/projects/stable-deep-world-model/logs/models/from_scratch_atari_krull_vta_3seed_to_400000_20260208_112207/atari_krull_seed0,/home/haselab/projects/stable-deep-world-model/logs/models/from_scratch_atari_krull_vta_3seed_to_400000_20260208_112207/atari_krull_seed0/checkpoints/step-000068750.pt,/home/haselab/projects/stable-deep-world-model/logs/models/from_scratch_atari_krull_vta_3seed_to_400000_20260208_112207/atari_krull_seed0/eval_eps/20260208T180330-44487f1ea8c44b5eaf22e05d1a89f711-1974.npz,430,450,0.0,8.75050518156506e-11,3.165964365005493,5.373282432556152,0.0,5.718824863433838,nan,nan,nan,nan
atari_krull,/home/haselab/projects/stable-deep-world-model/logs/models/from_scratch_atari_krull_vta_3seed_to_400000_20260208_112207/atari_krull_seed0,/home/haselab/projects/stable-deep-world-model/logs/models/from_scratch_atari_krull_vta_3seed_to_400000_20260208_112207/atari_krull_seed0/checkpoints/step-000068750.pt,/home/haselab/projects/stable-deep-world-model/logs/models/from_scratch_atari_krull_vta_3seed_to_400000_20260208_112207/atari_krull_seed0/eval_eps/20260208T180330-44487f1ea8c44b5eaf22e05d1a89f711-1974.npz,435,455,0.0,8.688787189736757e-11,3.1454708576202393,5.279589653015137,0.0,5.604890823364258,nan,nan,nan,nan
atari_krull,/home/haselab/projects/stable-deep-world-model/logs/models/from_scratch_atari_krull_vta_3seed_to_400000_20260208_112207/atari_krull_seed0,/home/haselab/projects/stable-deep-world-model/logs/models/from_scratch_atari_krull_vta_3seed_to_400000_20260208_112207/atari_krull_seed0/checkpoints/step-000068750.pt,/home/haselab/projects/stable-deep-world-model/logs/models/from_scratch_atari_krull_vta_3seed_to_400000_20260208_112207/atari_krull_seed0/eval_eps/20260208T180330-44487f1ea8c44b5eaf22e05d1a89f711-1974.npz,440,460,0.0,8.688248731569814e-11,3.117910385131836,5.21005916595459,0.0,5.591443061828613,nan,nan,nan,nan
atari_krull,/home/haselab/projects/stable-deep-world-model/logs/models/from_scratch_atari_krull_vta_3seed_to_400000_20260208_112207/atari_krull_seed0,/home/haselab/projects/stable-deep-world-model/logs/models/from_scratch_atari_krull_vta_3seed_to_400000_20260208_112207/atari_krull_seed0/checkpoints/step-000068750.pt,/home/haselab/projects/stable-deep-world-model/logs/models/from_scratch_atari_krull_vta_3seed_to_400000_20260208_112207/atari_krull_seed0/eval_eps/20260208T180330-44487f1ea8c44b5eaf22e05d1a89f711-1974.npz,445,465,0.0,1.400245371041553e-12,3.1459524631500244,5.118495941162109,0.0,5.487944602966309,nan,nan,nan,nan
atari_krull,/home/haselab/projects/stable-deep-world-model/logs/models/from_scratch_atari_krull_vta_3seed_to_400000_20260208_112207/atari_krull_seed0,/home/haselab/projects/stable-deep-world-model/logs/models/from_scratch_atari_krull_vta_3seed_to_400000_20260208_112207/atari_krull_seed0/checkpoints/step-000068750.pt,/home/haselab/projects/stable-deep-world-model/logs/models/from_scratch_atari_krull_vta_3seed_to_400000_20260208_112207/atari_krull_seed0/eval_eps/20260208T180330-44487f1ea8c44b5eaf22e05d1a89f711-1974.npz,450,470,0.0,1.171581032533074e-15,3.1489973068237305,5.07291316986084,0.0,5.393353462219238,nan,nan,nan,nan
atari_krull,/home/haselab/projects/stable-deep-world-model/logs/models/from_scratch_atari_krull_vta_3seed_to_400000_20260208_112207/atari_krull_seed0,/home/haselab/projects/stable-deep-world-model/logs/models/from_scratch_atari_krull_vta_3seed_to_400000_20260208_112207/atari_krull_seed0/checkpoints/step-000068750.pt,/home/haselab/projects/stable-deep-world-model/logs/models/from_scratch_atari_krull_vta_3seed_to_400000_20260208_112207/atari_krull_seed0/eval_eps/20260208T180330-44487f1ea8c44b5eaf22e05d1a89f711-1974.npz,455,475,0.0,2.3482598799196388e-17,3.1147043704986572,5.0678606033325195,0.0,5.368352890014648,nan,nan,nan,nan
atari_krull,/home/haselab/projects/stable-deep-world-model/logs/models/from_scratch_atari_krull_vta_3seed_to_400000_20260208_112207/atari_krull_seed0,/home/haselab/projects/stable-deep-world-model/logs/models/from_scratch_atari_krull_vta_3seed_to_400000_20260208_112207/atari_krull_seed0/checkpoints/step-000068750.pt,/home/haselab/projects/stable-deep-world-model/logs/models/from_scratch_atari_krull_vta_3seed_to_400000_20260208_112207/atari_krull_seed0/eval_eps/20260208T180330-44487f1ea8c44b5eaf22e05d1a89f711-1974.npz,460,480,0.0,4.4668222916451425e-17,3.14802885055542,5.383105754852295,0.0,5.674846649169922,nan,nan,nan,nan
atari_krull,/home/haselab/projects/stable-deep-world-model/logs/models/from_scratch_atari_krull_vta_3seed_to_400000_20260208_112207/atari_krull_seed0,/home/haselab/projects/stable-deep-world-model/logs/models/from_scratch_atari_krull_vta_3seed_to_400000_20260208_112207/atari_krull_seed0/checkpoints/step-000068750.pt,/home/haselab/projects/stable-deep-world-model/logs/models/from_scratch_atari_krull_vta_3seed_to_400000_20260208_112207/atari_krull_seed0/eval_eps/20260208T180330-44487f1ea8c44b5eaf22e05d1a89f711-1974.npz,465,485,0.0,4.458122998579045e-17,3.144944667816162,5.287410736083984,0.0,5.724519729614258,nan,nan,nan,nan
atari_krull,/home/haselab/projects/stable-deep-world-model/logs/models/from_scratch_atari_krull_vta_3seed_to_400000_20260208_112207/atari_krull_seed0,/home/haselab/projects/stable-deep-world-model/logs/models/from_scratch_atari_krull_vta_3seed_to_400000_20260208_112207/atari_krull_seed0/checkpoints/step-000068750.pt,/home/haselab/projects/stable-deep-world-model/logs/models/from_scratch_atari_krull_vta_3seed_to_400000_20260208_112207/atari_krull_seed0/eval_eps/20260208T180330-44487f1ea8c44b5eaf22e05d1a89f711-1974.npz,470,490,0.0,1.147496312422388e-16,3.2208034992218018,5.030618667602539,0.0,5.509232997894287,nan,nan,nan,nan
atari_krull,/home/haselab/projects/stable-deep-world-model/logs/models/from_scratch_atari_krull_vta_3seed_to_400000_20260208_112207/atari_krull_seed0,/home/haselab/projects/stable-deep-world-model/logs/models/from_scratch_atari_krull_vta_3seed_to_400000_20260208_112207/atari_krull_seed0/checkpoints/step-000068750.pt,/home/haselab/projects/stable-deep-world-model/logs/models/from_scratch_atari_krull_vta_3seed_to_400000_20260208_112207/atari_krull_seed0/eval_eps/20260208T180330-44487f1ea8c44b5eaf22e05d1a89f711-1974.npz,475,495,0.0,1.3898841870509646e-16,3.2987256050109863,5.095277786254883,0.0,5.621889591217041,nan,nan,nan,nan
atari_krull,/home/haselab/projects/stable-deep-world-model/logs/models/from_scratch_atari_krull_vta_3seed_to_400000_20260208_112207/atari_krull_seed0,/home/haselab/projects/stable-deep-world-model/logs/models/from_scratch_atari_krull_vta_3seed_to_400000_20260208_112207/atari_krull_seed0/checkpoints/step-000068750.pt,/home/haselab/projects/stable-deep-world-model/logs/models/from_scratch_atari_krull_vta_3seed_to_400000_20260208_112207/atari_krull_seed0/eval_eps/20260208T180330-44487f1ea8c44b5eaf22e05d1a89f711-1974.npz,480,500,0.0,8.948558853551919e-14,3.2961323261260986,5.045500755310059,0.0,5.562847137451172,nan,nan,nan,nan
atari_krull,/home/haselab/projects/stable-deep-world-model/logs/models/from_scratch_atari_krull_vta_3seed_to_400000_20260208_112207/atari_krull_seed0,/home/haselab/projects/stable-deep-world-model/logs/models/from_scratch_atari_krull_vta_3seed_to_400000_20260208_112207/atari_krull_seed0/checkpoints/step-000068750.pt,/home/haselab/projects/stable-deep-world-model/logs/models/from_scratch_atari_krull_vta_3seed_to_400000_20260208_112207/atari_krull_seed0/eval_eps/20260208T180330-44487f1ea8c44b5eaf22e05d1a89f711-1974.npz,485,505,0.0,8.99839894979472e-14,3.3319220542907715,5.319946765899658,0.0,5.772536277770996,nan,nan,nan,nan
atari_krull,/home/haselab/projects/stable-deep-world-model/logs/models/from_scratch_atari_krull_vta_3seed_to_400000_20260208_112207/atari_krull_seed0,/home/haselab/projects/stable-deep-world-model/logs/models/from_scratch_atari_krull_vta_3seed_to_400000_20260208_112207/atari_krull_seed0/checkpoints/step-000068750.pt,/home/haselab/projects/stable-deep-world-model/logs/models/from_scratch_atari_krull_vta_3seed_to_400000_20260208_112207/atari_krull_seed0/eval_eps/20260208T180330-44487f1ea8c44b5eaf22e05d1a89f711-1974.npz,490,510,0.0,9.285518046738689e-14,3.299558162689209,5.420762062072754,0.0,5.902069091796875,nan,nan,nan,nan
atari_krull,/home/haselab/projects/stable-deep-world-model/logs/models/from_scratch_atari_krull_vta_3seed_to_400000_20260208_112207/atari_krull_seed0,/home/haselab/projects/stable-deep-world-model/logs/models/from_scratch_atari_krull_vta_3seed_to_400000_20260208_112207/atari_krull_seed0/checkpoints/step-000068750.pt,/home/haselab/projects/stable-deep-world-model/logs/models/from_scratch_atari_krull_vta_3seed_to_400000_20260208_112207/atari_krull_seed0/eval_eps/20260208T180330-44487f1ea8c44b5eaf22e05d1a89f711-1974.npz,495,515,0.0,1.1771712890486924e-13,3.291411876678467,5.37258768081665,0.0,5.82578706741333,nan,nan,nan,nan
atari_krull,/home/haselab/projects/stable-deep-world-model/logs/models/from_scratch_atari_krull_vta_3seed_to_400000_20260208_112207/atari_krull_seed0,/home/haselab/projects/stable-deep-world-model/logs/models/from_scratch_atari_krull_vta_3seed_to_400000_20260208_112207/atari_krull_seed0/checkpoints/step-000068750.pt,/home/haselab/projects/stable-deep-world-model/logs/models/from_scratch_atari_krull_vta_3seed_to_400000_20260208_112207/atari_krull_seed0/eval_eps/20260208T180330-44487f1ea8c44b5eaf22e05d1a89f711-1974.npz,500,520,0.0,3.102329658899623e-14,3.2678475379943848,5.2833075523376465,0.0,5.675553321838379,nan,nan,nan,nan
atari_krull,/home/haselab/projects/stable-deep-world-model/logs/models/from_scratch_atari_krull_vta_3seed_to_400000_20260208_112207/atari_krull_seed0,/home/haselab/projects/stable-deep-world-model/logs/models/from_scratch_atari_krull_vta_3seed_to_400000_20260208_112207/atari_krull_seed0/checkpoints/step-000068750.pt,/home/haselab/projects/stable-deep-world-model/logs/models/from_scratch_atari_krull_vta_3seed_to_400000_20260208_112207/atari_krull_seed0/eval_eps/20260208T180330-44487f1ea8c44b5eaf22e05d1a89f711-1974.npz,505,525,0.0,4.7348399750653594e-14,3.285675048828125,5.2187395095825195,0.0,5.6078996658325195,nan,nan,nan,nan
atari_krull,/home/haselab/projects/stable-deep-world-model/logs/models/from_scratch_atari_krull_vta_3seed_to_400000_20260208_112207/atari_krull_seed0,/home/haselab/projects/stable-deep-world-model/logs/models/from_scratch_atari_krull_vta_3seed_to_400000_20260208_112207/atari_krull_seed0/checkpoints/step-000068750.pt,/home/haselab/projects/stable-deep-world-model/logs/models/from_scratch_atari_krull_vta_3seed_to_400000_20260208_112207/atari_krull_seed0/eval_eps/20260208T180330-44487f1ea8c44b5eaf22e05d1a89f711-1974.npz,510,530,0.0,4.449413927576362e-14,3.3150863647460938,5.2688984870910645,0.0,5.7159247398376465,nan,nan,nan,nan
atari_krull,/home/haselab/projects/stable-deep-world-model/logs/models/from_scratch_atari_krull_vta_3seed_to_400000_20260208_112207/atari_krull_seed0,/home/haselab/projects/stable-deep-world-model/logs/models/from_scratch_atari_krull_vta_3seed_to_400000_20260208_112207/atari_krull_seed0/checkpoints/step-000068750.pt,/home/haselab/projects/stable-deep-world-model/logs/models/from_scratch_atari_krull_vta_3seed_to_400000_20260208_112207/atari_krull_seed0/eval_eps/20260208T180330-44487f1ea8c44b5eaf22e05d1a89f711-1974.npz,515,535,0.0,1.19932316573583e-13,3.2865490913391113,4.868459701538086,0.0,5.566003322601318,nan,nan,nan,nan
atari_krull,/home/haselab/projects/stable-deep-world-model/logs/models/from_scratch_atari_krull_vta_3seed_to_400000_20260208_112207/atari_krull_seed0,/home/haselab/projects/stable-deep-world-model/logs/models/from_scratch_atari_krull_vta_3seed_to_400000_20260208_112207/atari_krull_seed0/checkpoints/step-000068750.pt,/home/haselab/projects/stable-deep-world-model/logs/models/from_scratch_atari_krull_vta_3seed_to_400000_20260208_112207/atari_krull_seed0/eval_eps/20260208T180330-44487f1ea8c44b5eaf22e05d1a89f711-1974.npz,520,540,0.0,1.2288391137982302e-10,3.306999683380127,4.58647346496582,0.0,5.476451873779297,nan,nan,nan,nan
atari_krull,/home/haselab/projects/stable-deep-world-model/logs/models/from_scratch_atari_krull_vta_3seed_to_400000_20260208_112207/atari_krull_seed0,/home/haselab/projects/stable-deep-world-model/logs/models/from_scratch_atari_krull_vta_3seed_to_400000_20260208_112207/atari_krull_seed0/checkpoints/step-000068750.pt,/home/haselab/projects/stable-deep-world-model/logs/models/from_scratch_atari_krull_vta_3seed_to_400000_20260208_112207/atari_krull_seed0/eval_eps/20260208T180330-44487f1ea8c44b5eaf22e05d1a89f711-1974.npz,525,545,0.0,1.2287118544840325e-10,3.3181567192077637,4.684439182281494,0.0,5.550075054168701,nan,nan,nan,nan
atari_krull,/home/haselab/projects/stable-deep-world-model/logs/models/from_scratch_atari_krull_vta_3seed_to_400000_20260208_112207/atari_krull_seed0,/home/haselab/projects/stable-deep-world-model/logs/models/from_scratch_atari_krull_vta_3seed_to_400000_20260208_112207/atari_krull_seed0/checkpoints/step-000068750.pt,/home/haselab/projects/stable-deep-world-model/logs/models/from_scratch_atari_krull_vta_3seed_to_400000_20260208_112207/atari_krull_seed0/eval_eps/20260208T180330-44487f1ea8c44b5eaf22e05d1a89f711-1974.npz,530,550,0.0,1.229190221829768e-10,3.338048219680786,4.879536151885986,0.0,5.69400691986084,nan,nan,nan,nan
atari_krull,/home/haselab/projects/stable-deep-world-model/logs/models/from_scratch_atari_krull_vta_3seed_to_400000_20260208_112207/atari_krull_seed0,/home/haselab/projects/stable-deep-world-model/logs/models/from_scratch_atari_krull_vta_3seed_to_400000_20260208_112207/atari_krull_seed0/checkpoints/step-000068750.pt,/home/haselab/projects/stable-deep-world-model/logs/models/from_scratch_atari_krull_vta_3seed_to_400000_20260208_112207/atari_krull_seed0/eval_eps/20260208T180330-44487f1ea8c44b5eaf22e05d1a89f711-1974.npz,535,555,0.0,1.33522665146657e-10,3.472529649734497,5.303212642669678,0.0,5.883908271789551,nan,nan,nan,nan
atari_krull,/home/haselab/projects/stable-deep-world-model/logs/models/from_scratch_atari_krull_vta_3seed_to_400000_20260208_112207/atari_krull_seed0,/home/haselab/projects/stable-deep-world-model/logs/models/from_scratch_atari_krull_vta_3seed_to_400000_20260208_112207/atari_krull_seed0/checkpoints/step-000068750.pt,/home/haselab/projects/stable-deep-world-model/logs/models/from_scratch_atari_krull_vta_3seed_to_400000_20260208_112207/atari_krull_seed0/eval_eps/20260208T180330-44487f1ea8c44b5eaf22e05d1a89f711-1974.npz,540,560,0.0,1.5120325130846268e-11,3.526724338531494,5.480993270874023,0.0,5.907221794128418,nan,nan,nan,nan
atari_krull,/home/haselab/projects/stable-deep-world-model/logs/models/from_scratch_atari_krull_vta_3seed_to_400000_20260208_112207/atari_krull_seed0,/home/haselab/projects/stable-deep-world-model/logs/models/from_scratch_atari_krull_vta_3seed_to_400000_20260208_112207/atari_krull_seed0/checkpoints/step-000068750.pt,/home/haselab/projects/stable-deep-world-model/logs/models/from_scratch_atari_krull_vta_3seed_to_400000_20260208_112207/atari_krull_seed0/eval_eps/20260208T180330-44487f1ea8c44b5eaf22e05d1a89f711-1974.npz,545,565,0.0,4.6080916860091747e-10,3.5361404418945312,5.406773567199707,0.0,5.764407157897949,nan,nan,nan,nan
atari_krull,/home/haselab/projects/stable-deep-world-model/logs/models/from_scratch_atari_krull_vta_3seed_to_400000_20260208_112207/atari_krull_seed0,/home/haselab/projects/stable-deep-world-model/logs/models/from_scratch_atari_krull_vta_3seed_to_400000_20260208_112207/atari_krull_seed0/checkpoints/step-000068750.pt,/home/haselab/projects/stable-deep-world-model/logs/models/from_scratch_atari_krull_vta_3seed_to_400000_20260208_112207/atari_krull_seed0/eval_eps/20260208T180330-44487f1ea8c44b5eaf22e05d1a89f711-1974.npz,550,570,0.0,4.607648151910837e-10,3.5047874450683594,5.264669418334961,0.0,5.597064018249512,nan,nan,nan,nan
atari_krull,/home/haselab/projects/stable-deep-world-model/logs/models/from_scratch_atari_krull_vta_3seed_to_400000_20260208_112207/atari_krull_seed0,/home/haselab/projects/stable-deep-world-model/logs/models/from_scratch_atari_krull_vta_3seed_to_400000_20260208_112207/atari_krull_seed0/checkpoints/step-000068750.pt,/home/haselab/projects/stable-deep-world-model/logs/models/from_scratch_atari_krull_vta_3seed_to_400000_20260208_112207/atari_krull_seed0/eval_eps/20260208T180330-44487f1ea8c44b5eaf22e05d1a89f711-1974.npz,555,575,0.0,4.501084782670972e-10,3.4001858234405518,5.101772785186768,0.0,5.535218715667725,nan,nan,nan,nan
atari_krull,/home/haselab/projects/stable-deep-world-model/logs/models/from_scratch_atari_krull_vta_3seed_to_400000_20260208_112207/atari_krull_seed0,/home/haselab/projects/stable-deep-world-model/logs/models/from_scratch_atari_krull_vta_3seed_to_400000_20260208_112207/atari_krull_seed0/checkpoints/step-000068750.pt,/home/haselab/projects/stable-deep-world-model/logs/models/from_scratch_atari_krull_vta_3seed_to_400000_20260208_112207/atari_krull_seed0/eval_eps/20260208T180330-44487f1ea8c44b5eaf22e05d1a89f711-1974.npz,560,580,0.0,4.457441638017201e-10,3.4176418781280518,5.202393531799316,0.0,5.749094009399414,nan,nan,nan,nan
atari_krull,/home/haselab/projects/stable-deep-world-model/logs/models/from_scratch_atari_krull_vta_3seed_to_400000_20260208_112207/atari_krull_seed0,/home/haselab/projects/stable-deep-world-model/logs/models/from_scratch_atari_krull_vta_3seed_to_400000_20260208_112207/atari_krull_seed0/checkpoints/step-000068750.pt,/home/haselab/projects/stable-deep-world-model/logs/models/from_scratch_atari_krull_vta_3seed_to_400000_20260208_112207/atari_krull_seed0/eval_eps/20260208T180330-44487f1ea8c44b5eaf22e05d1a89f711-1974.npz,565,585,0.0,5.1171598154566705e-14,3.4128577709198,5.0886101722717285,0.0,5.658626556396484,nan,nan,nan,nan
atari_krull,/home/haselab/projects/stable-deep-world-model/logs/models/from_scratch_atari_krull_vta_3seed_to_400000_20260208_112207/atari_krull_seed0,/home/haselab/projects/stable-deep-world-model/logs/models/from_scratch_atari_krull_vta_3seed_to_400000_20260208_112207/atari_krull_seed0/checkpoints/step-000068750.pt,/home/haselab/projects/stable-deep-world-model/logs/models/from_scratch_atari_krull_vta_3seed_to_400000_20260208_112207/atari_krull_seed0/eval_eps/20260208T180330-44487f1ea8c44b5eaf22e05d1a89f711-1974.npz,570,590,0.0,4.7593649670201604e-14,3.3814494609832764,5.083919525146484,0.0,5.649740219116211,nan,nan,nan,nan
atari_krull,/home/haselab/projects/stable-deep-world-model/logs/models/from_scratch_atari_krull_vta_3seed_to_400000_20260208_112207/atari_krull_seed0,/home/haselab/projects/stable-deep-world-model/logs/models/from_scratch_atari_krull_vta_3seed_to_400000_20260208_112207/atari_krull_seed0/checkpoints/step-000068750.pt,/home/haselab/projects/stable-deep-world-model/logs/models/from_scratch_atari_krull_vta_3seed_to_400000_20260208_112207/atari_krull_seed0/eval_eps/20260208T180330-44487f1ea8c44b5eaf22e05d1a89f711-1974.npz,575,595,0.0,4.225383538609788e-14,3.3492729663848877,5.162770748138428,0.0,5.612767219543457,nan,nan,nan,nan
atari_krull,/home/haselab/projects/stable-deep-world-model/logs/models/from_scratch_atari_krull_vta_3seed_to_400000_20260208_112207/atari_krull_seed0,/home/haselab/projects/stable-deep-world-model/logs/models/from_scratch_atari_krull_vta_3seed_to_400000_20260208_112207/atari_krull_seed0/checkpoints/step-000068750.pt,/home/haselab/projects/stable-deep-world-model/logs/models/from_scratch_atari_krull_vta_3seed_to_400000_20260208_112207/atari_krull_seed0/eval_eps/20260208T180330-44487f1ea8c44b5eaf22e05d1a89f711-1974.npz,580,600,0.0,8.876158542978768e-14,3.3505005836486816,5.117369651794434,0.0,5.468480587005615,nan,nan,nan,nan
atari_krull,/home/haselab/projects/stable-deep-world-model/logs/models/from_scratch_atari_krull_vta_3seed_to_400000_20260208_112207/atari_krull_seed0,/home/haselab/projects/stable-deep-world-model/logs/models/from_scratch_atari_krull_vta_3seed_to_400000_20260208_112207/atari_krull_seed0/checkpoints/step-000068750.pt,/home/haselab/projects/stable-deep-world-model/logs/models/from_scratch_atari_krull_vta_3seed_to_400000_20260208_112207/atari_krull_seed0/eval_eps/20260208T180330-44487f1ea8c44b5eaf22e05d1a89f711-1974.npz,585,605,0.0,8.876155832473337e-14,3.369105815887451,5.215283393859863,0.0,5.511541843414307,nan,nan,nan,nan
atari_krull,/home/haselab/projects/stable-deep-world-model/logs/models/from_scratch_atari_krull_vta_3seed_to_400000_20260208_112207/atari_krull_seed0,/home/haselab/projects/stable-deep-world-model/logs/models/from_scratch_atari_krull_vta_3seed_to_400000_20260208_112207/atari_krull_seed0/checkpoints/step-000068750.pt,/home/haselab/projects/stable-deep-world-model/logs/models/from_scratch_atari_krull_vta_3seed_to_400000_20260208_112207/atari_krull_seed0/eval_eps/20260208T180330-44487f1ea8c44b5eaf22e05d1a89f711-1974.npz,590,610,0.0,1.227133900136984e-13,3.4616870880126953,5.246153831481934,0.0,5.577000617980957,nan,nan,nan,nan
atari_krull,/home/haselab/projects/stable-deep-world-model/logs/models/from_scratch_atari_krull_vta_3seed_to_400000_20260208_112207/atari_krull_seed0,/home/haselab/projects/stable-deep-world-model/logs/models/from_scratch_atari_krull_vta_3seed_to_400000_20260208_112207/atari_krull_seed0/checkpoints/step-000068750.pt,/home/haselab/projects/stable-deep-world-model/logs/models/from_scratch_atari_krull_vta_3seed_to_400000_20260208_112207/atari_krull_seed0/eval_eps/20260208T180330-44487f1ea8c44b5eaf22e05d1a89f711-1974.npz,595,615,0.0,8.077848963729609e-14,3.48309588432312,5.1843366622924805,0.0,5.42991304397583,nan,nan,nan,nan
atari_krull,/home/haselab/projects/stable-deep-world-model/logs/models/from_scratch_atari_krull_vta_3seed_to_400000_20260208_112207/atari_krull_seed0,/home/haselab/projects/stable-deep-world-model/logs/models/from_scratch_atari_krull_vta_3seed_to_400000_20260208_112207/atari_krull_seed0/checkpoints/step-000068750.pt,/home/haselab/projects/stable-deep-world-model/logs/models/from_scratch_atari_krull_vta_3seed_to_400000_20260208_112207/atari_krull_seed0/eval_eps/20260208T180330-44487f1ea8c44b5eaf22e05d1a89f711-1974.npz,600,620,0.0,3.427237944939217e-14,3.4541714191436768,5.273438453674316,0.0,5.507055759429932,nan,nan,nan,nan
atari_krull,/home/haselab/projects/stable-deep-world-model/logs/models/from_scratch_atari_krull_vta_3seed_to_400000_20260208_112207/atari_krull_seed0,/home/haselab/projects/stable-deep-world-model/logs/models/from_scratch_atari_krull_vta_3seed_to_400000_20260208_112207/atari_krull_seed0/checkpoints/step-000068750.pt,/home/haselab/projects/stable-deep-world-model/logs/models/from_scratch_atari_krull_vta_3seed_to_400000_20260208_112207/atari_krull_seed0/eval_eps/20260208T180330-44487f1ea8c44b5eaf22e05d1a89f711-1974.npz,605,625,0.0,3.4277590396083676e-14,3.451009750366211,5.258461952209473,0.0,5.563002586364746,nan,nan,nan,nan
atari_krull,/home/haselab/projects/stable-deep-world-model/logs/models/from_scratch_atari_krull_vta_3seed_to_400000_20260208_112207/atari_krull_seed0,/home/haselab/projects/stable-deep-world-model/logs/models/from_scratch_atari_krull_vta_3seed_to_400000_20260208_112207/atari_krull_seed0/checkpoints/step-000068750.pt,/home/haselab/projects/stable-deep-world-model/logs/models/from_scratch_atari_krull_vta_3seed_to_400000_20260208_112207/atari_krull_seed0/eval_eps/20260208T180330-44487f1ea8c44b5eaf22e05d1a89f711-1974.npz,610,630,0.0,1.6161766410306526e-14,3.3964335918426514,5.074590682983398,0.0,5.38202428817749,nan,nan,nan,nan
atari_krull,/home/haselab/projects/stable-deep-world-model/logs/models/from_scratch_atari_krull_vta_3seed_to_400000_20260208_112207/atari_krull_seed0,/home/haselab/projects/stable-deep-world-model/logs/models/from_scratch_atari_krull_vta_3seed_to_400000_20260208_112207/atari_krull_seed0/checkpoints/step-000068750.pt,/home/haselab/projects/stable-deep-world-model/logs/models/from_scratch_atari_krull_vta_3seed_to_400000_20260208_112207/atari_krull_seed0/eval_eps/20260208T180330-44487f1ea8c44b5eaf22e05d1a89f711-1974.npz,615,635,0.0,1.662792760469614e-14,3.439615249633789,4.938528537750244,0.0,5.216026306152344,nan,nan,nan,nan
atari_krull,/home/haselab/projects/stable-deep-world-model/logs/models/from_scratch_atari_krull_vta_3seed_to_400000_20260208_112207/atari_krull_seed0,/home/haselab/projects/stable-deep-world-model/logs/models/from_scratch_atari_krull_vta_3seed_to_400000_20260208_112207/atari_krull_seed0/checkpoints/step-000068750.pt,/home/haselab/projects/stable-deep-world-model/logs/models/from_scratch_atari_krull_vta_3seed_to_400000_20260208_112207/atari_krull_seed0/eval_eps/20260208T180330-44487f1ea8c44b5eaf22e05d1a89f711-1974.npz,620,640,0.0,4.841229007306394e-14,3.38452410697937,4.814111709594727,0.0,5.056365489959717,nan,nan,nan,nan
atari_krull,/home/haselab/projects/stable-deep-world-model/logs/models/from_scratch_atari_krull_vta_3seed_to_400000_20260208_112207/atari_krull_seed0,/home/haselab/projects/stable-deep-world-model/logs/models/from_scratch_atari_krull_vta_3seed_to_400000_20260208_112207/atari_krull_seed0/checkpoints/step-000068750.pt,/home/haselab/projects/stable-deep-world-model/logs/models/from_scratch_atari_krull_vta_3seed_to_400000_20260208_112207/atari_krull_seed0/eval_eps/20260208T180330-44487f1ea8c44b5eaf22e05d1a89f711-1974.npz,625,645,0.0,3.071645043352389e-13,3.3404717445373535,4.906022548675537,0.0,5.1613383293151855,nan,nan,nan,nan
atari_krull,/home/haselab/projects/stable-deep-world-model/logs/models/from_scratch_atari_krull_vta_3seed_to_400000_20260208_112207/atari_krull_seed0,/home/haselab/projects/stable-deep-world-model/logs/models/from_scratch_atari_krull_vta_3seed_to_400000_20260208_112207/atari_krull_seed0/checkpoints/step-000068750.pt,/home/haselab/projects/stable-deep-world-model/logs/models/from_scratch_atari_krull_vta_3seed_to_400000_20260208_112207/atari_krull_seed0/eval_eps/20260208T180330-44487f1ea8c44b5eaf22e05d1a89f711-1974.npz,630,650,0.0,8.369603838112583e-13,3.3919003009796143,5.056496620178223,0.0,5.294405937194824,nan,nan,nan,nan
atari_krull,/home/haselab/projects/stable-deep-world-model/logs/models/from_scratch_atari_krull_vta_3seed_to_400000_20260208_112207/atari_krull_seed0,/home/haselab/projects/stable-deep-world-model/logs/models/from_scratch_atari_krull_vta_3seed_to_400000_20260208_112207/atari_krull_seed0/checkpoints/step-000068750.pt,/home/haselab/projects/stable-deep-world-model/logs/models/from_scratch_atari_krull_vta_3seed_to_400000_20260208_112207/atari_krull_seed0/eval_eps/20260208T180330-44487f1ea8c44b5eaf22e05d1a89f711-1974.npz,635,655,0.0,1.1232236928754302e-12,3.362100601196289,5.166435241699219,0.0,5.519834518432617,nan,nan,nan,nan
atari_krull,/home/haselab/projects/stable-deep-world-model/logs/models/from_scratch_atari_krull_vta_3seed_to_400000_20260208_112207/atari_krull_seed0,/home/haselab/projects/stable-deep-world-model/logs/models/from_scratch_atari_krull_vta_3seed_to_400000_20260208_112207/atari_krull_seed0/checkpoints/step-000068750.pt,/home/haselab/projects/stable-deep-world-model/logs/models/from_scratch_atari_krull_vta_3seed_to_400000_20260208_112207/atari_krull_seed0/eval_eps/20260208T180330-44487f1ea8c44b5eaf22e05d1a89f711-1974.npz,640,660,0.0,1.1396289727877429e-12,3.3477859497070312,5.215230464935303,0.0,5.619316577911377,nan,nan,nan,nan
atari_krull,/home/haselab/projects/stable-deep-world-model/logs/models/from_scratch_atari_krull_vta_3seed_to_400000_20260208_112207/atari_krull_seed0,/home/haselab/projects/stable-deep-world-model/logs/models/from_scratch_atari_krull_vta_3seed_to_400000_20260208_112207/atari_krull_seed0/checkpoints/step-000068750.pt,/home/haselab/projects/stable-deep-world-model/logs/models/from_scratch_atari_krull_vta_3seed_to_400000_20260208_112207/atari_krull_seed0/eval_eps/20260208T180330-44487f1ea8c44b5eaf22e05d1a89f711-1974.npz,645,665,0.0,8.811736063041309e-13,3.300945281982422,5.021957874298096,0.0,5.411280632019043,nan,nan,nan,nan
atari_krull,/home/haselab/projects/stable-deep-world-model/logs/models/from_scratch_atari_krull_vta_3seed_to_400000_20260208_112207/atari_krull_seed0,/home/haselab/projects/stable-deep-world-model/logs/models/from_scratch_atari_krull_vta_3seed_to_400000_20260208_112207/atari_krull_seed0/checkpoints/step-000068750.pt,/home/haselab/projects/stable-deep-world-model/logs/models/from_scratch_atari_krull_vta_3seed_to_400000_20260208_112207/atari_krull_seed0/eval_eps/20260208T180330-44487f1ea8c44b5eaf22e05d1a89f711-1974.npz,650,670,0.0,4.629111330367586e-12,3.242682695388794,5.055332660675049,0.0,5.460428714752197,nan,nan,nan,nan
atari_krull,/home/haselab/projects/stable-deep-world-model/logs/models/from_scratch_atari_krull_vta_3seed_to_400000_20260208_112207/atari_krull_seed0,/home/haselab/projects/stable-deep-world-model/logs/models/from_scratch_atari_krull_vta_3seed_to_400000_20260208_112207/atari_krull_seed0/checkpoints/step-000068750.pt,/home/haselab/projects/stable-deep-world-model/logs/models/from_scratch_atari_krull_vta_3seed_to_400000_20260208_112207/atari_krull_seed0/eval_eps/20260208T180330-44487f1ea8c44b5eaf22e05d1a89f711-1974.npz,655,675,0.0,4.642035020263613e-12,3.274723768234253,5.055681228637695,0.0,5.5689849853515625,nan,nan,nan,nan
atari_krull,/home/haselab/projects/stable-deep-world-model/logs/models/from_scratch_atari_krull_vta_3seed_to_400000_20260208_112207/atari_krull_seed0,/home/haselab/projects/stable-deep-world-model/logs/models/from_scratch_atari_krull_vta_3seed_to_400000_20260208_112207/atari_krull_seed0/checkpoints/step-000068750.pt,/home/haselab/projects/stable-deep-world-model/logs/models/from_scratch_atari_krull_vta_3seed_to_400000_20260208_112207/atari_krull_seed0/eval_eps/20260208T180330-44487f1ea8c44b5eaf22e05d1a89f711-1974.npz,660,680,0.0,1.8384441538565888e-11,3.3307743072509766,5.013716697692871,0.0,5.465169429779053,nan,nan,nan,nan
atari_krull,/home/haselab/projects/stable-deep-world-model/logs/models/from_scratch_atari_krull_vta_3seed_to_400000_20260208_112207/atari_krull_seed0,/home/haselab/projects/stable-deep-world-model/logs/models/from_scratch_atari_krull_vta_3seed_to_400000_20260208_112207/atari_krull_seed0/checkpoints/step-000068750.pt,/home/haselab/projects/stable-deep-world-model/logs/models/from_scratch_atari_krull_vta_3seed_to_400000_20260208_112207/atari_krull_seed0/eval_eps/20260208T180330-44487f1ea8c44b5eaf22e05d1a89f711-1974.npz,665,685,0.0,3.128153291953595e-11,3.4025065898895264,5.198852062225342,0.0,5.671380043029785,nan,nan,nan,nan
atari_krull,/home/haselab/projects/stable-deep-world-model/logs/models/from_scratch_atari_krull_vta_3seed_to_400000_20260208_112207/atari_krull_seed0,/home/haselab/projects/stable-deep-world-model/logs/models/from_scratch_atari_krull_vta_3seed_to_400000_20260208_112207/atari_krull_seed0/checkpoints/step-000068750.pt,/home/haselab/projects/stable-deep-world-model/logs/models/from_scratch_atari_krull_vta_3seed_to_400000_20260208_112207/atari_krull_seed0/eval_eps/20260208T180330-44487f1ea8c44b5eaf22e05d1a89f711-1974.npz,670,690,0.0,2.6988671714134327e-11,3.3897366523742676,5.164309501647949,0.0,5.560408115386963,nan,nan,nan,nan
atari_krull,/home/haselab/projects/stable-deep-world-model/logs/models/from_scratch_atari_krull_vta_3seed_to_400000_20260208_112207/atari_krull_seed0,/home/haselab/projects/stable-deep-world-model/logs/models/from_scratch_atari_krull_vta_3seed_to_400000_20260208_112207/atari_krull_seed0/checkpoints/step-000068750.pt,/home/haselab/projects/stable-deep-world-model/logs/models/from_scratch_atari_krull_vta_3seed_to_400000_20260208_112207/atari_krull_seed0/eval_eps/20260208T180330-44487f1ea8c44b5eaf22e05d1a89f711-1974.npz,675,695,0.0,2.800227237587105e-11,3.41424298286438,5.266045570373535,0.0,5.566035270690918,nan,nan,nan,nan
atari_krull,/home/haselab/projects/stable-deep-world-model/logs/models/from_scratch_atari_krull_vta_3seed_to_400000_20260208_112207/atari_krull_seed0,/home/haselab/projects/stable-deep-world-model/logs/models/from_scratch_atari_krull_vta_3seed_to_400000_20260208_112207/atari_krull_seed0/checkpoints/step-000068750.pt,/home/haselab/projects/stable-deep-world-model/logs/models/from_scratch_atari_krull_vta_3seed_to_400000_20260208_112207/atari_krull_seed0/eval_eps/20260208T180330-44487f1ea8c44b5eaf22e05d1a89f711-1974.npz,680,700,0.1,0.10000000149011612,3.808864116668701,5.6899518966674805,0.7392279505729675,5.987643718719482,6.896505355834961,7.835806846618652,7.392279624938965,7.987218856811523
atari_krull,/home/haselab/projects/stable-deep-world-model/logs/models/from_scratch_atari_krull_vta_3seed_to_400000_20260208_112207/atari_krull_seed0,/home/haselab/projects/stable-deep-world-model/logs/models/from_scratch_atari_krull_vta_3seed_to_400000_20260208_112207/atari_krull_seed0/checkpoints/step-000068750.pt,/home/haselab/projects/stable-deep-world-model/logs/models/from_scratch_atari_krull_vta_3seed_to_400000_20260208_112207/atari_krull_seed0/eval_eps/20260208T180330-44487f1ea8c44b5eaf22e05d1a89f711-1974.npz,685,705,0.1,0.10000000149011612,3.8929169178009033,5.898610591888428,0.7392279505729675,6.159084796905518,6.896505355834961,7.835806846618652,7.392279624938965,7.987218856811523
atari_krull,/home/haselab/projects/stable-deep-world-model/logs/models/from_scratch_atari_krull_vta_3seed_to_400000_20260208_112207/atari_krull_seed0,/home/haselab/projects/stable-deep-world-model/logs/models/from_scratch_atari_krull_vta_3seed_to_400000_20260208_112207/atari_krull_seed0/checkpoints/step-000068750.pt,/home/haselab/projects/stable-deep-world-model/logs/models/from_scratch_atari_krull_vta_3seed_to_400000_20260208_112207/atari_krull_seed0/eval_eps/20260208T180330-44487f1ea8c44b5eaf22e05d1a89f711-1974.npz,690,710,0.1,0.10000000149011612,3.9582886695861816,5.8903279304504395,0.7392279505729675,6.139352321624756,6.896505355834961,7.835806846618652,7.392279624938965,7.987218856811523
atari_krull,/home/haselab/projects/stable-deep-world-model/logs/models/from_scratch_atari_krull_vta_3seed_to_400000_20260208_112207/atari_krull_seed0,/home/haselab/projects/stable-deep-world-model/logs/models/from_scratch_atari_krull_vta_3seed_to_400000_20260208_112207/atari_krull_seed0/checkpoints/step-000068750.pt,/home/haselab/projects/stable-deep-world-model/logs/models/from_scratch_atari_krull_vta_3seed_to_400000_20260208_112207/atari_krull_seed0/eval_eps/20260208T180330-44487f1ea8c44b5eaf22e05d1a89f711-1974.npz,695,715,0.1,0.10000000149011612,3.9554336071014404,5.931215286254883,0.7392279505729675,6.107316017150879,6.896505355834961,7.835806846618652,7.392279624938965,7.987218856811523
atari_krull,/home/haselab/projects/stable-deep-world-model/logs/models/from_scratch_atari_krull_vta_3seed_to_400000_20260208_112207/atari_krull_seed0,/home/haselab/projects/stable-deep-world-model/logs/models/from_scratch_atari_krull_vta_3seed_to_400000_20260208_112207/atari_krull_seed0/checkpoints/step-000068750.pt,/home/haselab/projects/stable-deep-world-model/logs/models/from_scratch_atari_krull_vta_3seed_to_400000_20260208_112207/atari_krull_seed0/eval_eps/20260208T180330-44487f1ea8c44b5eaf22e05d1a89f711-1974.npz,700,720,0.0,4.555442293188456e-15,3.5650432109832764,5.667460918426514,0.0,5.860255241394043,nan,nan,nan,nan
atari_krull,/home/haselab/projects/stable-deep-world-model/logs/models/from_scratch_atari_krull_vta_3seed_to_400000_20260208_112207/atari_krull_seed0,/home/haselab/projects/stable-deep-world-model/logs/models/from_scratch_atari_krull_vta_3seed_to_400000_20260208_112207/atari_krull_seed0/checkpoints/step-000068750.pt,/home/haselab/projects/stable-deep-world-model/logs/models/from_scratch_atari_krull_vta_3seed_to_400000_20260208_112207/atari_krull_seed0/eval_eps/20260208T180330-44487f1ea8c44b5eaf22e05d1a89f711-1974.npz,705,725,0.0,4.0975790570666176e-15,3.5145936012268066,5.449356555938721,0.0,5.634378910064697,nan,nan,nan,nan
atari_krull,/home/haselab/projects/stable-deep-world-model/logs/models/from_scratch_atari_krull_vta_3seed_to_400000_20260208_112207/atari_krull_seed0,/home/haselab/projects/stable-deep-world-model/logs/models/from_scratch_atari_krull_vta_3seed_to_400000_20260208_112207/atari_krull_seed0/checkpoints/step-000068750.pt,/home/haselab/projects/stable-deep-world-model/logs/models/from_scratch_atari_krull_vta_3seed_to_400000_20260208_112207/atari_krull_seed0/eval_eps/20260208T180330-44487f1ea8c44b5eaf22e05d1a89f711-1974.npz,710,730,0.0,1.551012443479216e-11,3.504920244216919,5.763153076171875,0.0,5.971844673156738,nan,nan,nan,nan
atari_krull,/home/haselab/projects/stable-deep-world-model/logs/models/from_scratch_atari_krull_vta_3seed_to_400000_20260208_112207/atari_krull_seed0,/home/haselab/projects/stable-deep-world-model/logs/models/from_scratch_atari_krull_vta_3seed_to_400000_20260208_112207/atari_krull_seed0/checkpoints/step-000068750.pt,/home/haselab/projects/stable-deep-world-model/logs/models/from_scratch_atari_krull_vta_3seed_to_400000_20260208_112207/atari_krull_seed0/eval_eps/20260208T180330-44487f1ea8c44b5eaf22e05d1a89f711-1974.npz,715,735,0.0,2.2162207832798764e-11,3.48779296875,5.839486122131348,0.0,6.104143142700195,nan,nan,nan,nan
atari_krull,/home/haselab/projects/stable-deep-world-model/logs/models/from_scratch_atari_krull_vta_3seed_to_400000_20260208_112207/atari_krull_seed0,/home/haselab/projects/stable-deep-world-model/logs/models/from_scratch_atari_krull_vta_3seed_to_400000_20260208_112207/atari_krull_seed0/checkpoints/step-000068750.pt,/home/haselab/projects/stable-deep-world-model/logs/models/from_scratch_atari_krull_vta_3seed_to_400000_20260208_112207/atari_krull_seed0/eval_eps/20260208T180330-44487f1ea8c44b5eaf22e05d1a89f711-1974.npz,720,740,0.0,8.534396800374822e-11,3.482518434524536,5.694579124450684,0.0,5.995448112487793,nan,nan,nan,nan
atari_krull,/home/haselab/projects/stable-deep-world-model/logs/models/from_scratch_atari_krull_vta_3seed_to_400000_20260208_112207/atari_krull_seed0,/home/haselab/projects/stable-deep-world-model/logs/models/from_scratch_atari_krull_vta_3seed_to_400000_20260208_112207/atari_krull_seed0/checkpoints/step-000068750.pt,/home/haselab/projects/stable-deep-world-model/logs/models/from_scratch_atari_krull_vta_3seed_to_400000_20260208_112207/atari_krull_seed0/eval_eps/20260208T180330-44487f1ea8c44b5eaf22e05d1a89f711-1974.npz,725,745,0.0,8.534747214516969e-11,3.4397945404052734,5.710955619812012,0.0,6.0326080322265625,nan,nan,nan,nan
atari_krull,/home/haselab/projects/stable-deep-world-model/logs/models/from_scratch_atari_krull_vta_3seed_to_400000_20260208_112207/atari_krull_seed0,/home/haselab/projects/stable-deep-world-model/logs/models/from_scratch_atari_krull_vta_3seed_to_400000_20260208_112207/atari_krull_seed0/checkpoints/step-000068750.pt,/home/haselab/projects/stable-deep-world-model/logs/models/from_scratch_atari_krull_vta_3seed_to_400000_20260208_112207/atari_krull_seed0/eval_eps/20260208T180330-44487f1ea8c44b5eaf22e05d1a89f711-1974.npz,730,750,0.0,6.984132716603142e-11,3.4828579425811768,5.542150497436523,0.0,5.86124324798584,nan,nan,nan,nan
atari_krull,/home/haselab/projects/stable-deep-world-model/logs/models/from_scratch_atari_krull_vta_3seed_to_400000_20260208_112207/atari_krull_seed0,/home/haselab/projects/stable-deep-world-model/logs/models/from_scratch_atari_krull_vta_3seed_to_400000_20260208_112207/atari_krull_seed0/checkpoints/step-000068750.pt,/home/haselab/projects/stable-deep-world-model/logs/models/from_scratch_atari_krull_vta_3seed_to_400000_20260208_112207/atari_krull_seed0/eval_eps/20260208T180330-44487f1ea8c44b5eaf22e05d1a89f711-1974.npz,735,755,0.0,6.318544992778286e-11,3.449347734451294,5.447033882141113,0.0,5.787227630615234,nan,nan,nan,nan
atari_krull,/home/haselab/projects/stable-deep-world-model/logs/models/from_scratch_atari_krull_vta_3seed_to_400000_20260208_112207/atari_krull_seed0,/home/haselab/projects/stable-deep-world-model/logs/models/from_scratch_atari_krull_vta_3seed_to_400000_20260208_112207/atari_krull_seed0/checkpoints/step-000068750.pt,/home/haselab/projects/stable-deep-world-model/logs/models/from_scratch_atari_krull_vta_3seed_to_400000_20260208_112207/atari_krull_seed0/eval_eps/20260208T180330-44487f1ea8c44b5eaf22e05d1a89f711-1974.npz,740,760,0.0,6.734855864188108e-14,3.5167880058288574,5.528404712677002,0.0,5.937628269195557,nan,nan,nan,nan
atari_krull,/home/haselab/projects/stable-deep-world-model/logs/models/from_scratch_atari_krull_vta_3seed_to_400000_20260208_112207/atari_krull_seed0,/home/haselab/projects/stable-deep-world-model/logs/models/from_scratch_atari_krull_vta_3seed_to_400000_20260208_112207/atari_krull_seed0/checkpoints/step-000068750.pt,/home/haselab/projects/stable-deep-world-model/logs/models/from_scratch_atari_krull_vta_3seed_to_400000_20260208_112207/atari_krull_seed0/eval_eps/20260208T180330-44487f1ea8c44b5eaf22e05d1a89f711-1974.npz,745,765,0.0,6.406054614722934e-13,3.4949276447296143,5.472197532653809,0.0,5.925120830535889,nan,nan,nan,nan
atari_krull,/home/haselab/projects/stable-deep-world-model/logs/models/from_scratch_atari_krull_vta_3seed_to_400000_20260208_112207/atari_krull_seed0,/home/haselab/projects/stable-deep-world-model/logs/models/from_scratch_atari_krull_vta_3seed_to_400000_20260208_112207/atari_krull_seed0/checkpoints/step-000068750.pt,/home/haselab/projects/stable-deep-world-model/logs/models/from_scratch_atari_krull_vta_3seed_to_400000_20260208_112207/atari_krull_seed0/eval_eps/20260208T180330-44487f1ea8c44b5eaf22e05d1a89f711-1974.npz,750,770,0.0,1.6073545489395102e-12,3.4086685180664062,5.342089653015137,0.0,5.814880847930908,nan,nan,nan,nan
atari_krull,/home/haselab/projects/stable-deep-world-model/logs/models/from_scratch_atari_krull_vta_3seed_to_400000_20260208_112207/atari_krull_seed0,/home/haselab/projects/stable-deep-world-model/logs/models/from_scratch_atari_krull_vta_3seed_to_400000_20260208_112207/atari_krull_seed0/checkpoints/step-000068750.pt,/home/haselab/projects/stable-deep-world-model/logs/models/from_scratch_atari_krull_vta_3seed_to_400000_20260208_112207/atari_krull_seed0/eval_eps/20260208T180330-44487f1ea8c44b5eaf22e05d1a89f711-1974.npz,755,775,0.0,1.7526776471127326e-12,3.488631010055542,5.60050106048584,0.0,6.170905590057373,nan,nan,nan,nan
atari_krull,/home/haselab/projects/stable-deep-world-model/logs/models/from_scratch_atari_krull_vta_3seed_to_400000_20260208_112207/atari_krull_seed0,/home/haselab/projects/stable-deep-world-model/logs/models/from_scratch_atari_krull_vta_3seed_to_400000_20260208_112207/atari_krull_seed0/checkpoints/step-000068750.pt,/home/haselab/projects/stable-deep-world-model/logs/models/from_scratch_atari_krull_vta_3seed_to_400000_20260208_112207/atari_krull_seed0/eval_eps/20260208T180330-44487f1ea8c44b5eaf22e05d1a89f711-1974.npz,760,780,0.0,1.6913946371960309e-12,3.4058494567871094,5.598128795623779,0.0,6.058269500732422,nan,nan,nan,nan
atari_krull,/home/haselab/projects/stable-deep-world-model/logs/models/from_scratch_atari_krull_vta_3seed_to_400000_20260208_112207/atari_krull_seed0,/home/haselab/projects/stable-deep-world-model/logs/models/from_scratch_atari_krull_vta_3seed_to_400000_20260208_112207/atari_krull_seed0/checkpoints/step-000068750.pt,/home/haselab/projects/stable-deep-world-model/logs/models/from_scratch_atari_krull_vta_3seed_to_400000_20260208_112207/atari_krull_seed0/eval_eps/20260208T180330-44487f1ea8c44b5eaf22e05d1a89f711-1974.npz,765,785,0.0,1.1171897825248966e-12,3.4523215293884277,5.715132236480713,0.0,6.168631076812744,nan,nan,nan,nan
atari_krull,/home/haselab/projects/stable-deep-world-model/logs/models/from_scratch_atari_krull_vta_3seed_to_400000_20260208_112207/atari_krull_seed0,/home/haselab/projects/stable-deep-world-model/logs/models/from_scratch_atari_krull_vta_3seed_to_400000_20260208_112207/atari_krull_seed0/checkpoints/step-000068750.pt,/home/haselab/projects/stable-deep-world-model/logs/models/from_scratch_atari_krull_vta_3seed_to_400000_20260208_112207/atari_krull_seed0/eval_eps/20260208T180330-44487f1ea8c44b5eaf22e05d1a89f711-1974.npz,770,790,0.0,7.179572908411203e-11,3.4172298908233643,5.842167377471924,0.0,6.446423530578613,nan,nan,nan,nan
atari_krull,/home/haselab/projects/stable-deep-world-model/logs/models/from_scratch_atari_krull_vta_3seed_to_400000_20260208_112207/atari_krull_seed0,/home/haselab/projects/stable-deep-world-model/logs/models/from_scratch_atari_krull_vta_3seed_to_400000_20260208_112207/atari_krull_seed0/checkpoints/step-000068750.pt,/home/haselab/projects/stable-deep-world-model/logs/models/from_scratch_atari_krull_vta_3seed_to_400000_20260208_112207/atari_krull_seed0/eval_eps/20260208T180330-44487f1ea8c44b5eaf22e05d1a89f711-1974.npz,775,795,0.0,7.165031068456784e-11,3.4230117797851562,5.674213886260986,0.0,6.1919965744018555,nan,nan,nan,nan
atari_krull,/home/haselab/projects/stable-deep-world-model/logs/models/from_scratch_atari_krull_vta_3seed_to_400000_20260208_112207/atari_krull_seed0,/home/haselab/projects/stable-deep-world-model/logs/models/from_scratch_atari_krull_vta_3seed_to_400000_20260208_112207/atari_krull_seed0/checkpoints/step-000068750.pt,/home/haselab/projects/stable-deep-world-model/logs/models/from_scratch_atari_krull_vta_3seed_to_400000_20260208_112207/atari_krull_seed0/eval_eps/20260208T180330-44487f1ea8c44b5eaf22e05d1a89f711-1974.npz,780,800,0.0,7.164840248874427e-11,3.4967288970947266,5.726508140563965,0.0,6.254904270172119,nan,nan,nan,nan
atari_krull,/home/haselab/projects/stable-deep-world-model/logs/models/from_scratch_atari_krull_vta_3seed_to_400000_20260208_112207/atari_krull_seed0,/home/haselab/projects/stable-deep-world-model/logs/models/from_scratch_atari_krull_vta_3seed_to_400000_20260208_112207/atari_krull_seed0/checkpoints/step-000068750.pt,/home/haselab/projects/stable-deep-world-model/logs/models/from_scratch_atari_krull_vta_3seed_to_400000_20260208_112207/atari_krull_seed0/eval_eps/20260208T180330-44487f1ea8c44b5eaf22e05d1a89f711-1974.npz,785,805,0.0,7.172213517536719e-11,3.4477181434631348,5.684725761413574,0.0,6.237079620361328,nan,nan,nan,nan
atari_krull,/home/haselab/projects/stable-deep-world-model/logs/models/from_scratch_atari_krull_vta_3seed_to_400000_20260208_112207/atari_krull_seed0,/home/haselab/projects/stable-deep-world-model/logs/models/from_scratch_atari_krull_vta_3seed_to_400000_20260208_112207/atari_krull_seed0/checkpoints/step-000068750.pt,/home/haselab/projects/stable-deep-world-model/logs/models/from_scratch_atari_krull_vta_3seed_to_400000_20260208_112207/atari_krull_seed0/eval_eps/20260208T180330-44487f1ea8c44b5eaf22e05d1a89f711-1974.npz,790,810,0.0,2.133213717432289e-13,3.4948067665100098,5.656068801879883,0.0,6.011470794677734,nan,nan,nan,nan
atari_krull,/home/haselab/projects/stable-deep-world-model/logs/models/from_scratch_atari_krull_vta_3seed_to_400000_20260208_112207/atari_krull_seed0,/home/haselab/projects/stable-deep-world-model/logs/models/from_scratch_atari_krull_vta_3seed_to_400000_20260208_112207/atari_krull_seed0/checkpoints/step-000068750.pt,/home/haselab/projects/stable-deep-world-model/logs/models/from_scratch_atari_krull_vta_3seed_to_400000_20260208_112207/atari_krull_seed0/eval_eps/20260208T180330-44487f1ea8c44b5eaf22e05d1a89f711-1974.npz,795,815,0.0,2.2325494046775834e-13,3.3834331035614014,5.564343452453613,0.0,5.936800956726074,nan,nan,nan,nan
atari_krull,/home/haselab/projects/stable-deep-world-model/logs/models/from_scratch_atari_krull_vta_3seed_to_400000_20260208_112207/atari_krull_seed0,/home/haselab/projects/stable-deep-world-model/logs/models/from_scratch_atari_krull_vta_3seed_to_400000_20260208_112207/atari_krull_seed0/checkpoints/step-000068750.pt,/home/haselab/projects/stable-deep-world-model/logs/models/from_scratch_atari_krull_vta_3seed_to_400000_20260208_112207/atari_krull_seed0/eval_eps/20260208T180330-44487f1ea8c44b5eaf22e05d1a89f711-1974.npz,800,820,0.0,2.3954300457269817e-13,3.3372559547424316,5.458144187927246,0.0,5.902734756469727,nan,nan,nan,nan
atari_krull,/home/haselab/projects/stable-deep-world-model/logs/models/from_scratch_atari_krull_vta_3seed_to_400000_20260208_112207/atari_krull_seed0,/home/haselab/projects/stable-deep-world-model/logs/models/from_scratch_atari_krull_vta_3seed_to_400000_20260208_112207/atari_krull_seed0/checkpoints/step-000068750.pt,/home/haselab/projects/stable-deep-world-model/logs/models/from_scratch_atari_krull_vta_3seed_to_400000_20260208_112207/atari_krull_seed0/eval_eps/20260208T180330-44487f1ea8c44b5eaf22e05d1a89f711-1974.npz,805,825,0.0,1.6347733930444086e-11,3.412402391433716,5.438217639923096,0.0,5.876261234283447,nan,nan,nan,nan
atari_krull,/home/haselab/projects/stable-deep-world-model/logs/models/from_scratch_atari_krull_vta_3seed_to_400000_20260208_112207/atari_krull_seed0,/home/haselab/projects/stable-deep-world-model/logs/models/from_scratch_atari_krull_vta_3seed_to_400000_20260208_112207/atari_krull_seed0/checkpoints/step-000068750.pt,/home/haselab/projects/stable-deep-world-model/logs/models/from_scratch_atari_krull_vta_3seed_to_400000_20260208_112207/atari_krull_seed0/eval_eps/20260208T180330-44487f1ea8c44b5eaf22e05d1a89f711-1974.npz,810,830,0.0,1.6348427819834477e-11,3.394995927810669,5.1678056716918945,0.0,5.776467800140381,nan,nan,nan,nan
atari_krull,/home/haselab/projects/stable-deep-world-model/logs/models/from_scratch_atari_krull_vta_3seed_to_400000_20260208_112207/atari_krull_seed0,/home/haselab/projects/stable-deep-world-model/logs/models/from_scratch_atari_krull_vta_3seed_to_400000_20260208_112207/atari_krull_seed0/checkpoints/step-000068750.pt,/home/haselab/projects/stable-deep-world-model/logs/models/from_scratch_atari_krull_vta_3seed_to_400000_20260208_112207/atari_krull_seed0/eval_eps/20260208T180330-44487f1ea8c44b5eaf22e05d1a89f711-1974.npz,815,835,0.0,1.6812284203693295e-11,3.446237087249756,5.333880424499512,0.0,5.9297003746032715,nan,nan,nan,nan
atari_krull,/home/haselab/projects/stable-deep-world-model/logs/models/from_scratch_atari_krull_vta_3seed_to_400000_20260208_112207/atari_krull_seed0,/home/haselab/projects/stable-deep-world-model/logs/models/from_scratch_atari_krull_vta_3seed_to_400000_20260208_112207/atari_krull_seed0/checkpoints/step-000068750.pt,/home/haselab/projects/stable-deep-world-model/logs/models/from_scratch_atari_krull_vta_3seed_to_400000_20260208_112207/atari_krull_seed0/eval_eps/20260208T180330-44487f1ea8c44b5eaf22e05d1a89f711-1974.npz,820,840,0.0,1.6942553263121773e-11,3.4295010566711426,5.412429332733154,0.0,6.017853736877441,nan,nan,nan,nan
atari_krull,/home/haselab/projects/stable-deep-world-model/logs/models/from_scratch_atari_krull_vta_3seed_to_400000_20260208_112207/atari_krull_seed0,/home/haselab/projects/stable-deep-world-model/logs/models/from_scratch_atari_krull_vta_3seed_to_400000_20260208_112207/atari_krull_seed0/checkpoints/step-000068750.pt,/home/haselab/projects/stable-deep-world-model/logs/models/from_scratch_atari_krull_vta_3seed_to_400000_20260208_112207/atari_krull_seed0/eval_eps/20260208T180330-44487f1ea8c44b5eaf22e05d1a89f711-1974.npz,825,845,0.0,7.584535213420174e-13,3.42242169380188,5.296889305114746,0.0,5.77397346496582,nan,nan,nan,nan
atari_krull,/home/haselab/projects/stable-deep-world-model/logs/models/from_scratch_atari_krull_vta_3seed_to_400000_20260208_112207/atari_krull_seed0,/home/haselab/projects/stable-deep-world-model/logs/models/from_scratch_atari_krull_vta_3seed_to_400000_20260208_112207/atari_krull_seed0/checkpoints/step-000068750.pt,/home/haselab/projects/stable-deep-world-model/logs/models/from_scratch_atari_krull_vta_3seed_to_400000_20260208_112207/atari_krull_seed0/eval_eps/20260208T180330-44487f1ea8c44b5eaf22e05d1a89f711-1974.npz,830,850,0.0,6.302602753929798e-13,3.457705020904541,5.47939395904541,0.0,5.989006042480469,nan,nan,nan,nan
atari_krull,/home/haselab/projects/stable-deep-world-model/logs/models/from_scratch_atari_krull_vta_3seed_to_400000_20260208_112207/atari_krull_seed0,/home/haselab/projects/stable-deep-world-model/logs/models/from_scratch_atari_krull_vta_3seed_to_400000_20260208_112207/atari_krull_seed0/checkpoints/step-000068750.pt,/home/haselab/projects/stable-deep-world-model/logs/models/from_scratch_atari_krull_vta_3seed_to_400000_20260208_112207/atari_krull_seed0/eval_eps/20260208T180330-44487f1ea8c44b5eaf22e05d1a89f711-1974.npz,835,855,0.0,1.5647148832696745e-13,3.4120259284973145,5.1649065017700195,0.0,5.626992225646973,nan,nan,nan,nan
atari_krull,/home/haselab/projects/stable-deep-world-model/logs/models/from_scratch_atari_krull_vta_3seed_to_400000_20260208_112207/atari_krull_seed0,/home/haselab/projects/stable-deep-world-model/logs/models/from_scratch_atari_krull_vta_3seed_to_400000_20260208_112207/atari_krull_seed0/checkpoints/step-000068750.pt,/home/haselab/projects/stable-deep-world-model/logs/models/from_scratch_atari_krull_vta_3seed_to_400000_20260208_112207/atari_krull_seed0/eval_eps/20260208T180330-44487f1ea8c44b5eaf22e05d1a89f711-1974.npz,840,860,0.0,9.489667555993668e-15,3.3790576457977295,5.0481462478637695,0.0,5.412351131439209,nan,nan,nan,nan
atari_krull,/home/haselab/projects/stable-deep-world-model/logs/models/from_scratch_atari_krull_vta_3seed_to_400000_20260208_112207/atari_krull_seed0,/home/haselab/projects/stable-deep-world-model/logs/models/from_scratch_atari_krull_vta_3seed_to_400000_20260208_112207/atari_krull_seed0/checkpoints/step-000068750.pt,/home/haselab/projects/stable-deep-world-model/logs/models/from_scratch_atari_krull_vta_3seed_to_400000_20260208_112207/atari_krull_seed0/eval_eps/20260208T180330-44487f1ea8c44b5eaf22e05d1a89f711-1974.npz,845,865,0.0,9.043718261791435e-15,3.3188929557800293,5.142127990722656,0.0,5.61436653137207,nan,nan,nan,nan
atari_krull,/home/haselab/projects/stable-deep-world-model/logs/models/from_scratch_atari_krull_vta_3seed_to_400000_20260208_112207/atari_krull_seed0,/home/haselab/projects/stable-deep-world-model/logs/models/from_scratch_atari_krull_vta_3seed_to_400000_20260208_112207/atari_krull_seed0/checkpoints/step-000068750.pt,/home/haselab/projects/stable-deep-world-model/logs/models/from_scratch_atari_krull_vta_3seed_to_400000_20260208_112207/atari_krull_seed0/eval_eps/20260208T180330-44487f1ea8c44b5eaf22e05d1a89f711-1974.npz,850,870,0.0,5.427496593704648e-15,3.3413376808166504,5.353471755981445,0.0,5.7090911865234375,nan,nan,nan,nan
atari_krull,/home/haselab/projects/stable-deep-world-model/logs/models/from_scratch_atari_krull_vta_3seed_to_400000_20260208_112207/atari_krull_seed0,/home/haselab/projects/stable-deep-world-model/logs/models/from_scratch_atari_krull_vta_3seed_to_400000_20260208_112207/atari_krull_seed0/checkpoints/step-000068750.pt,/home/haselab/projects/stable-deep-world-model/logs/models/from_scratch_atari_krull_vta_3seed_to_400000_20260208_112207/atari_krull_seed0/eval_eps/20260208T180330-44487f1ea8c44b5eaf22e05d1a89f711-1974.npz,855,875,0.0,1.4897401090507856e-09,3.394634962081909,5.491292953491211,0.0,5.9298295974731445,nan,nan,nan,nan
atari_krull,/home/haselab/projects/stable-deep-world-model/logs/models/from_scratch_atari_krull_vta_3seed_to_400000_20260208_112207/atari_krull_seed0,/home/haselab/projects/stable-deep-world-model/logs/models/from_scratch_atari_krull_vta_3seed_to_400000_20260208_112207/atari_krull_seed0/checkpoints/step-000068750.pt,/home/haselab/projects/stable-deep-world-model/logs/models/from_scratch_atari_krull_vta_3seed_to_400000_20260208_112207/atari_krull_seed0/eval_eps/20260208T180330-44487f1ea8c44b5eaf22e05d1a89f711-1974.npz,860,880,0.0,1.4897401090507856e-09,3.458824634552002,5.474630832672119,0.0,5.994879722595215,nan,nan,nan,nan
atari_krull,/home/haselab/projects/stable-deep-world-model/logs/models/from_scratch_atari_krull_vta_3seed_to_400000_20260208_112207/atari_krull_seed0,/home/haselab/projects/stable-deep-world-model/logs/models/from_scratch_atari_krull_vta_3seed_to_400000_20260208_112207/atari_krull_seed0/checkpoints/step-000068750.pt,/home/haselab/projects/stable-deep-world-model/logs/models/from_scratch_atari_krull_vta_3seed_to_400000_20260208_112207/atari_krull_seed0/eval_eps/20260208T180330-44487f1ea8c44b5eaf22e05d1a89f711-1974.npz,865,885,0.0,1.489744549942884e-09,3.459143877029419,5.2819414138793945,0.0,5.769540309906006,nan,nan,nan,nan
atari_krull,/home/haselab/projects/stable-deep-world-model/logs/models/from_scratch_atari_krull_vta_3seed_to_400000_20260208_112207/atari_krull_seed0,/home/haselab/projects/stable-deep-world-model/logs/models/from_scratch_atari_krull_vta_3seed_to_400000_20260208_112207/atari_krull_seed0/checkpoints/step-000068750.pt,/home/haselab/projects/stable-deep-world-model/logs/models/from_scratch_atari_krull_vta_3seed_to_400000_20260208_112207/atari_krull_seed0/eval_eps/20260208T180330-44487f1ea8c44b5eaf22e05d1a89f711-1974.npz,870,890,0.0,1.489743328697557e-09,3.403611421585083,5.031403064727783,0.0,5.538947105407715,nan,nan,nan,nan
atari_krull,/home/haselab/projects/stable-deep-world-model/logs/models/from_scratch_atari_krull_vta_3seed_to_400000_20260208_112207/atari_krull_seed0,/home/haselab/projects/stable-deep-world-model/logs/models/from_scratch_atari_krull_vta_3seed_to_400000_20260208_112207/atari_krull_seed0/checkpoints/step-000068750.pt,/home/haselab/projects/stable-deep-world-model/logs/models/from_scratch_atari_krull_vta_3seed_to_400000_20260208_112207/atari_krull_seed0/eval_eps/20260208T180330-44487f1ea8c44b5eaf22e05d1a89f711-1974.npz,875,895,0.0,1.1150756967087672e-12,3.406240940093994,5.14083194732666,0.0,5.584680080413818,nan,nan,nan,nan
atari_krull,/home/haselab/projects/stable-deep-world-model/logs/models/from_scratch_atari_krull_vta_3seed_to_400000_20260208_112207/atari_krull_seed0,/home/haselab/projects/stable-deep-world-model/logs/models/from_scratch_atari_krull_vta_3seed_to_400000_20260208_112207/atari_krull_seed0/checkpoints/step-000068750.pt,/home/haselab/projects/stable-deep-world-model/logs/models/from_scratch_atari_krull_vta_3seed_to_400000_20260208_112207/atari_krull_seed0/eval_eps/20260208T180330-44487f1ea8c44b5eaf22e05d1a89f711-1974.npz,880,900,0.0,1.8770228427111846e-12,3.406506061553955,5.311330318450928,0.0,5.7693281173706055,nan,nan,nan,nan
atari_krull,/home/haselab/projects/stable-deep-world-model/logs/models/from_scratch_atari_krull_vta_3seed_to_400000_20260208_112207/atari_krull_seed0,/home/haselab/projects/stable-deep-world-model/logs/models/from_scratch_atari_krull_vta_3seed_to_400000_20260208_112207/atari_krull_seed0/checkpoints/step-000068750.pt,/home/haselab/projects/stable-deep-world-model/logs/models/from_scratch_atari_krull_vta_3seed_to_400000_20260208_112207/atari_krull_seed0/eval_eps/20260208T180330-44487f1ea8c44b5eaf22e05d1a89f711-1974.npz,885,905,0.0,9.23797930513226e-12,3.489206314086914,5.407437801361084,0.0,5.898997783660889,nan,nan,nan,nan
atari_krull,/home/haselab/projects/stable-deep-world-model/logs/models/from_scratch_atari_krull_vta_3seed_to_400000_20260208_112207/atari_krull_seed0,/home/haselab/projects/stable-deep-world-model/logs/models/from_scratch_atari_krull_vta_3seed_to_400000_20260208_112207/atari_krull_seed0/checkpoints/step-000068750.pt,/home/haselab/projects/stable-deep-world-model/logs/models/from_scratch_atari_krull_vta_3seed_to_400000_20260208_112207/atari_krull_seed0/eval_eps/20260208T180330-44487f1ea8c44b5eaf22e05d1a89f711-1974.npz,890,910,0.0,3.2679262074175597e-10,3.4720051288604736,5.336080074310303,0.0,5.755077362060547,nan,nan,nan,nan
atari_krull,/home/haselab/projects/stable-deep-world-model/logs/models/from_scratch_atari_krull_vta_3seed_to_400000_20260208_112207/atari_krull_seed0,/home/haselab/projects/stable-deep-world-model/logs/models/from_scratch_atari_krull_vta_3seed_to_400000_20260208_112207/atari_krull_seed0/checkpoints/step-000068750.pt,/home/haselab/projects/stable-deep-world-model/logs/models/from_scratch_atari_krull_vta_3seed_to_400000_20260208_112207/atari_krull_seed0/eval_eps/20260208T180330-44487f1ea8c44b5eaf22e05d1a89f711-1974.npz,895,915,0.0,2.5161719818811434e-08,3.4647414684295654,5.223263740539551,0.0,5.578582763671875,nan,nan,nan,nan
atari_krull,/home/haselab/projects/stable-deep-world-model/logs/models/from_scratch_atari_krull_vta_3seed_to_400000_20260208_112207/atari_krull_seed0,/home/haselab/projects/stable-deep-world-model/logs/models/from_scratch_atari_krull_vta_3seed_to_400000_20260208_112207/atari_krull_seed0/checkpoints/step-000068750.pt,/home/haselab/projects/stable-deep-world-model/logs/models/from_scratch_atari_krull_vta_3seed_to_400000_20260208_112207/atari_krull_seed0/eval_eps/20260208T180330-44487f1ea8c44b5eaf22e05d1a89f711-1974.npz,900,920,0.0,2.522940611981994e-08,3.518575668334961,5.260646820068359,0.0,5.524017810821533,nan,nan,nan,nan
atari_krull,/home/haselab/projects/stable-deep-world-model/logs/models/from_scratch_atari_krull_vta_3seed_to_400000_20260208_112207/atari_krull_seed0,/home/haselab/projects/stable-deep-world-model/logs/models/from_scratch_atari_krull_vta_3seed_to_400000_20260208_112207/atari_krull_seed0/checkpoints/step-000068750.pt,/home/haselab/projects/stable-deep-world-model/logs/models/from_scratch_atari_krull_vta_3seed_to_400000_20260208_112207/atari_krull_seed0/eval_eps/20260208T180330-44487f1ea8c44b5eaf22e05d1a89f711-1974.npz,905,925,0.0,2.522446074237905e-08,3.510895252227783,5.284262657165527,0.0,5.483999729156494,nan,nan,nan,nan
atari_krull,/home/haselab/projects/stable-deep-world-model/logs/models/from_scratch_atari_krull_vta_3seed_to_400000_20260208_112207/atari_krull_seed0,/home/haselab/projects/stable-deep-world-model/logs/models/from_scratch_atari_krull_vta_3seed_to_400000_20260208_112207/atari_krull_seed0/checkpoints/step-000068750.pt,/home/haselab/projects/stable-deep-world-model/logs/models/from_scratch_atari_krull_vta_3seed_to_400000_20260208_112207/atari_krull_seed0/eval_eps/20260208T180330-44487f1ea8c44b5eaf22e05d1a89f711-1974.npz,910,930,0.0,2.4907143014729627e-08,3.5809826850891113,5.433272361755371,0.0,5.680916786193848,nan,nan,nan,nan
atari_krull,/home/haselab/projects/stable-deep-world-model/logs/models/from_scratch_atari_krull_vta_3seed_to_400000_20260208_112207/atari_krull_seed0,/home/haselab/projects/stable-deep-world-model/logs/models/from_scratch_atari_krull_vta_3seed_to_400000_20260208_112207/atari_krull_seed0/checkpoints/step-000068750.pt,/home/haselab/projects/stable-deep-world-model/logs/models/from_scratch_atari_krull_vta_3seed_to_400000_20260208_112207/atari_krull_seed0/eval_eps/20260208T180330-44487f1ea8c44b5eaf22e05d1a89f711-1974.npz,915,935,0.0,7.126298162685174e-11,3.531771183013916,5.402689456939697,0.0,5.725546836853027,nan,nan,nan,nan
atari_krull,/home/haselab/projects/stable-deep-world-model/logs/models/from_scratch_atari_krull_vta_3seed_to_400000_20260208_112207/atari_krull_seed0,/home/haselab/projects/stable-deep-world-model/logs/models/from_scratch_atari_krull_vta_3seed_to_400000_20260208_112207/atari_krull_seed0/checkpoints/step-000068750.pt,/home/haselab/projects/stable-deep-world-model/logs/models/from_scratch_atari_krull_vta_3seed_to_400000_20260208_112207/atari_krull_seed0/eval_eps/20260208T180330-44487f1ea8c44b5eaf22e05d1a89f711-1974.npz,920,940,0.0,2.813060114709165e-12,3.5023086071014404,5.502017021179199,0.0,5.90110445022583,nan,nan,nan,nan
atari_krull,/home/haselab/projects/stable-deep-world-model/logs/models/from_scratch_atari_krull_vta_3seed_to_400000_20260208_112207/atari_krull_seed0,/home/haselab/projects/stable-deep-world-model/logs/models/from_scratch_atari_krull_vta_3seed_to_400000_20260208_112207/atari_krull_seed0/checkpoints/step-000068750.pt,/home/haselab/projects/stable-deep-world-model/logs/models/from_scratch_atari_krull_vta_3seed_to_400000_20260208_112207/atari_krull_seed0/eval_eps/20260208T180330-44487f1ea8c44b5eaf22e05d1a89f711-1974.npz,925,945,0.0,4.270520027015168e-13,3.495034694671631,5.741681098937988,0.0,6.23033332824707,nan,nan,nan,nan
atari_krull,/home/haselab/projects/stable-deep-world-model/logs/models/from_scratch_atari_krull_vta_3seed_to_400000_20260208_112207/atari_krull_seed0,/home/haselab/projects/stable-deep-world-model/logs/models/from_scratch_atari_krull_vta_3seed_to_400000_20260208_112207/atari_krull_seed0/checkpoints/step-000068750.pt,/home/haselab/projects/stable-deep-world-model/logs/models/from_scratch_atari_krull_vta_3seed_to_400000_20260208_112207/atari_krull_seed0/eval_eps/20260208T180330-44487f1ea8c44b5eaf22e05d1a89f711-1974.npz,930,950,0.0,2.105402310825788e-11,3.4860165119171143,5.750980377197266,0.0,6.2621564865112305,nan,nan,nan,nan
atari_krull,/home/haselab/projects/stable-deep-world-model/logs/models/from_scratch_atari_krull_vta_3seed_to_400000_20260208_112207/atari_krull_seed0,/home/haselab/projects/stable-deep-world-model/logs/models/from_scratch_atari_krull_vta_3seed_to_400000_20260208_112207/atari_krull_seed0/checkpoints/step-000068750.pt,/home/haselab/projects/stable-deep-world-model/logs/models/from_scratch_atari_krull_vta_3seed_to_400000_20260208_112207/atari_krull_seed0/eval_eps/20260208T180330-44487f1ea8c44b5eaf22e05d1a89f711-1974.npz,935,955,0.0,5.618200349388758e-10,3.5840659141540527,5.731666564941406,0.0,6.260326385498047,nan,nan,nan,nan
atari_krull,/home/haselab/projects/stable-deep-world-model/logs/models/from_scratch_atari_krull_vta_3seed_to_400000_20260208_112207/atari_krull_seed0,/home/haselab/projects/stable-deep-world-model/logs/models/from_scratch_atari_krull_vta_3seed_to_400000_20260208_112207/atari_krull_seed0/checkpoints/step-000068750.pt,/home/haselab/projects/stable-deep-world-model/logs/models/from_scratch_atari_krull_vta_3seed_to_400000_20260208_112207/atari_krull_seed0/eval_eps/20260208T180330-44487f1ea8c44b5eaf22e05d1a89f711-1974.npz,940,960,0.0,7.485702058218635e-10,3.5610299110412598,5.544747352600098,0.0,6.018280506134033,nan,nan,nan,nan
atari_krull,/home/haselab/projects/stable-deep-world-model/logs/models/from_scratch_atari_krull_vta_3seed_to_400000_20260208_112207/atari_krull_seed0,/home/haselab/projects/stable-deep-world-model/logs/models/from_scratch_atari_krull_vta_3seed_to_400000_20260208_112207/atari_krull_seed0/checkpoints/step-000068750.pt,/home/haselab/projects/stable-deep-world-model/logs/models/from_scratch_atari_krull_vta_3seed_to_400000_20260208_112207/atari_krull_seed0/eval_eps/20260208T180330-44487f1ea8c44b5eaf22e05d1a89f711-1974.npz,945,965,0.0,7.540090218860485e-10,3.5722146034240723,5.409646034240723,0.0,5.850095748901367,nan,nan,nan,nan
atari_krull,/home/haselab/projects/stable-deep-world-model/logs/models/from_scratch_atari_krull_vta_3seed_to_400000_20260208_112207/atari_krull_seed0,/home/haselab/projects/stable-deep-world-model/logs/models/from_scratch_atari_krull_vta_3seed_to_400000_20260208_112207/atari_krull_seed0/checkpoints/step-000068750.pt,/home/haselab/projects/stable-deep-world-model/logs/models/from_scratch_atari_krull_vta_3seed_to_400000_20260208_112207/atari_krull_seed0/eval_eps/20260208T180330-44487f1ea8c44b5eaf22e05d1a89f711-1974.npz,950,970,0.0,7.331433238277896e-10,3.5740017890930176,5.506557941436768,0.0,5.926466941833496,nan,nan,nan,nan
atari_krull,/home/haselab/projects/stable-deep-world-model/logs/models/from_scratch_atari_krull_vta_3seed_to_400000_20260208_112207/atari_krull_seed0,/home/haselab/projects/stable-deep-world-model/logs/models/from_scratch_atari_krull_vta_3seed_to_400000_20260208_112207/atari_krull_seed0/checkpoints/step-000068750.pt,/home/haselab/projects/stable-deep-world-model/logs/models/from_scratch_atari_krull_vta_3seed_to_400000_20260208_112207/atari_krull_seed0/eval_eps/20260208T180330-44487f1ea8c44b5eaf22e05d1a89f711-1974.npz,955,975,0.0,1.9222445857280945e-10,3.5481834411621094,5.522982597351074,0.0,5.976933479309082,nan,nan,nan,nan
atari_krull,/home/haselab/projects/stable-deep-world-model/logs/models/from_scratch_atari_krull_vta_3seed_to_400000_20260208_112207/atari_krull_seed0,/home/haselab/projects/stable-deep-world-model/logs/models/from_scratch_atari_krull_vta_3seed_to_400000_20260208_112207/atari_krull_seed0/checkpoints/step-000068750.pt,/home/haselab/projects/stable-deep-world-model/logs/models/from_scratch_atari_krull_vta_3seed_to_400000_20260208_112207/atari_krull_seed0/eval_eps/20260208T180330-44487f1ea8c44b5eaf22e05d1a89f711-1974.npz,960,980,0.0,5.474674099475996e-12,3.5477123260498047,5.49751091003418,0.0,6.019817352294922,nan,nan,nan,nan
atari_krull,/home/haselab/projects/stable-deep-world-model/logs/models/from_scratch_atari_krull_vta_3seed_to_400000_20260208_112207/atari_krull_seed0,/home/haselab/projects/stable-deep-world-model/logs/models/from_scratch_atari_krull_vta_3seed_to_400000_20260208_112207/atari_krull_seed0/checkpoints/step-000068750.pt,/home/haselab/projects/stable-deep-world-model/logs/models/from_scratch_atari_krull_vta_3seed_to_400000_20260208_112207/atari_krull_seed0/eval_eps/20260208T180330-44487f1ea8c44b5eaf22e05d1a89f711-1974.npz,965,985,0.0,9.011383626062949e-14,3.513230800628662,5.494443416595459,0.0,6.119499206542969,nan,nan,nan,nan
atari_krull,/home/haselab/projects/stable-deep-world-model/logs/models/from_scratch_atari_krull_vta_3seed_to_400000_20260208_112207/atari_krull_seed0,/home/haselab/projects/stable-deep-world-model/logs/models/from_scratch_atari_krull_vta_3seed_to_400000_20260208_112207/atari_krull_seed0/checkpoints/step-000068750.pt,/home/haselab/projects/stable-deep-world-model/logs/models/from_scratch_atari_krull_vta_3seed_to_400000_20260208_112207/atari_krull_seed0/eval_eps/20260208T180330-44487f1ea8c44b5eaf22e05d1a89f711-1974.npz,970,990,0.0,1.2318123680365306e-13,3.5564308166503906,5.4694905281066895,0.0,6.0474700927734375,nan,nan,nan,nan
atari_krull,/home/haselab/projects/stable-deep-world-model/logs/models/from_scratch_atari_krull_vta_3seed_to_400000_20260208_112207/atari_krull_seed0,/home/haselab/projects/stable-deep-world-model/logs/models/from_scratch_atari_krull_vta_3seed_to_400000_20260208_112207/atari_krull_seed0/checkpoints/step-000068750.pt,/home/haselab/projects/stable-deep-world-model/logs/models/from_scratch_atari_krull_vta_3seed_to_400000_20260208_112207/atari_krull_seed0/eval_eps/20260208T180330-44487f1ea8c44b5eaf22e05d1a89f711-1974.npz,975,995,0.0,1.232241034470477e-13,3.5499439239501953,5.385010719299316,0.0,5.988020896911621,nan,nan,nan,nan
atari_krull,/home/haselab/projects/stable-deep-world-model/logs/models/from_scratch_atari_krull_vta_3seed_to_400000_20260208_112207/atari_krull_seed0,/home/haselab/projects/stable-deep-world-model/logs/models/from_scratch_atari_krull_vta_3seed_to_400000_20260208_112207/atari_krull_seed0/checkpoints/step-000068750.pt,/home/haselab/projects/stable-deep-world-model/logs/models/from_scratch_atari_krull_vta_3seed_to_400000_20260208_112207/atari_krull_seed0/eval_eps/20260208T180330-44487f1ea8c44b5eaf22e05d1a89f711-1974.npz,980,1000,0.0,1.3416934121872337e-13,3.547694444656372,5.429202079772949,0.0,5.958887100219727,nan,nan,nan,nan
atari_krull,/home/haselab/projects/stable-deep-world-model/logs/models/from_scratch_atari_krull_vta_3seed_to_400000_20260208_112207/atari_krull_seed0,/home/haselab/projects/stable-deep-world-model/logs/models/from_scratch_atari_krull_vta_3seed_to_400000_20260208_112207/atari_krull_seed0/checkpoints/step-000068750.pt,/home/haselab/projects/stable-deep-world-model/logs/models/from_scratch_atari_krull_vta_3seed_to_400000_20260208_112207/atari_krull_seed0/eval_eps/20260208T180330-44487f1ea8c44b5eaf22e05d1a89f711-1974.npz,985,1005,0.0,7.219723950624424e-13,3.469841718673706,5.324281692504883,0.0,5.763161659240723,nan,nan,nan,nan
atari_krull,/home/haselab/projects/stable-deep-world-model/logs/models/from_scratch_atari_krull_vta_3seed_to_400000_20260208_112207/atari_krull_seed0,/home/haselab/projects/stable-deep-world-model/logs/models/from_scratch_atari_krull_vta_3seed_to_400000_20260208_112207/atari_krull_seed0/checkpoints/step-000068750.pt,/home/haselab/projects/stable-deep-world-model/logs/models/from_scratch_atari_krull_vta_3seed_to_400000_20260208_112207/atari_krull_seed0/eval_eps/20260208T180330-44487f1ea8c44b5eaf22e05d1a89f711-1974.npz,990,1010,0.0,6.97334225953361e-13,3.378514051437378,5.219519138336182,0.0,5.6737446784973145,nan,nan,nan,nan
atari_krull,/home/haselab/projects/stable-deep-world-model/logs/models/from_scratch_atari_krull_vta_3seed_to_400000_20260208_112207/atari_krull_seed0,/home/haselab/projects/stable-deep-world-model/logs/models/from_scratch_atari_krull_vta_3seed_to_400000_20260208_112207/atari_krull_seed0/checkpoints/step-000068750.pt,/home/haselab/projects/stable-deep-world-model/logs/models/from_scratch_atari_krull_vta_3seed_to_400000_20260208_112207/atari_krull_seed0/eval_eps/20260208T180330-44487f1ea8c44b5eaf22e05d1a89f711-1974.npz,995,1015,0.0,6.966006547634573e-13,3.381925106048584,5.317156791687012,0.0,5.689890384674072,nan,nan,nan,nan
atari_krull,/home/haselab/projects/stable-deep-world-model/logs/models/from_scratch_atari_krull_vta_3seed_to_400000_20260208_112207/atari_krull_seed0,/home/haselab/projects/stable-deep-world-model/logs/models/from_scratch_atari_krull_vta_3seed_to_400000_20260208_112207/atari_krull_seed0/checkpoints/step-000068750.pt,/home/haselab/projects/stable-deep-world-model/logs/models/from_scratch_atari_krull_vta_3seed_to_400000_20260208_112207/atari_krull_seed0/eval_eps/20260208T180330-44487f1ea8c44b5eaf22e05d1a89f711-1974.npz,1000,1020,0.0,6.853453351704508e-13,3.3610126972198486,5.177086353302002,0.0,5.628213405609131,nan,nan,nan,nan
atari_krull,/home/haselab/projects/stable-deep-world-model/logs/models/from_scratch_atari_krull_vta_3seed_to_400000_20260208_112207/atari_krull_seed0,/home/haselab/projects/stable-deep-world-model/logs/models/from_scratch_atari_krull_vta_3seed_to_400000_20260208_112207/atari_krull_seed0/checkpoints/step-000068750.pt,/home/haselab/projects/stable-deep-world-model/logs/models/from_scratch_atari_krull_vta_3seed_to_400000_20260208_112207/atari_krull_seed0/eval_eps/20260208T180330-44487f1ea8c44b5eaf22e05d1a89f711-1974.npz,1005,1025,0.0,1.0984964463934838e-14,3.429142713546753,5.241152763366699,0.0,5.666012763977051,nan,nan,nan,nan
atari_krull,/home/haselab/projects/stable-deep-world-model/logs/models/from_scratch_atari_krull_vta_3seed_to_400000_20260208_112207/atari_krull_seed0,/home/haselab/projects/stable-deep-world-model/logs/models/from_scratch_atari_krull_vta_3seed_to_400000_20260208_112207/atari_krull_seed0/checkpoints/step-000068750.pt,/home/haselab/projects/stable-deep-world-model/logs/models/from_scratch_atari_krull_vta_3seed_to_400000_20260208_112207/atari_krull_seed0/eval_eps/20260208T180330-44487f1ea8c44b5eaf22e05d1a89f711-1974.npz,1010,1030,0.0,2.712481770837942e-15,3.4016082286834717,5.203603267669678,0.0,5.572559833526611,nan,nan,nan,nan
atari_krull,/home/haselab/projects/stable-deep-world-model/logs/models/from_scratch_atari_krull_vta_3seed_to_400000_20260208_112207/atari_krull_seed0,/home/haselab/projects/stable-deep-world-model/logs/models/from_scratch_atari_krull_vta_3seed_to_400000_20260208_112207/atari_krull_seed0/checkpoints/step-000068750.pt,/home/haselab/projects/stable-deep-world-model/logs/models/from_scratch_atari_krull_vta_3seed_to_400000_20260208_112207/atari_krull_seed0/eval_eps/20260208T180330-44487f1ea8c44b5eaf22e05d1a89f711-1974.npz,1015,1035,0.0,1.9629907237455474e-13,3.36961030960083,5.256386756896973,0.0,5.583925247192383,nan,nan,nan,nan
atari_krull,/home/haselab/projects/stable-deep-world-model/logs/models/from_scratch_atari_krull_vta_3seed_to_400000_20260208_112207/atari_krull_seed0,/home/haselab/projects/stable-deep-world-model/logs/models/from_scratch_atari_krull_vta_3seed_to_400000_20260208_112207/atari_krull_seed0/checkpoints/step-000068750.pt,/home/haselab/projects/stable-deep-world-model/logs/models/from_scratch_atari_krull_vta_3seed_to_400000_20260208_112207/atari_krull_seed0/eval_eps/20260208T180330-44487f1ea8c44b5eaf22e05d1a89f711-1974.npz,1020,1040,0.0,5.718944198415676e-13,3.3878281116485596,5.397880554199219,0.0,5.655623912811279,nan,nan,nan,nan
atari_krull,/home/haselab/projects/stable-deep-world-model/logs/models/from_scratch_atari_krull_vta_3seed_to_400000_20260208_112207/atari_krull_seed0,/home/haselab/projects/stable-deep-world-model/logs/models/from_scratch_atari_krull_vta_3seed_to_400000_20260208_112207/atari_krull_seed0/checkpoints/step-000068750.pt,/home/haselab/projects/stable-deep-world-model/logs/models/from_scratch_atari_krull_vta_3seed_to_400000_20260208_112207/atari_krull_seed0/eval_eps/20260208T180330-44487f1ea8c44b5eaf22e05d1a89f711-1974.npz,1025,1045,0.0,6.173466143670481e-13,3.372520923614502,5.2612690925598145,0.0,5.528841972351074,nan,nan,nan,nan
atari_krull,/home/haselab/projects/stable-deep-world-model/logs/models/from_scratch_atari_krull_vta_3seed_to_400000_20260208_112207/atari_krull_seed0,/home/haselab/projects/stable-deep-world-model/logs/models/from_scratch_atari_krull_vta_3seed_to_400000_20260208_112207/atari_krull_seed0/checkpoints/step-000068750.pt,/home/haselab/projects/stable-deep-world-model/logs/models/from_scratch_atari_krull_vta_3seed_to_400000_20260208_112207/atari_krull_seed0/eval_eps/20260208T180330-44487f1ea8c44b5eaf22e05d1a89f711-1974.npz,1030,1050,0.0,6.432733577581284e-13,3.452971935272217,5.311618328094482,0.0,5.627541542053223,nan,nan,nan,nan
atari_krull,/home/haselab/projects/stable-deep-world-model/logs/models/from_scratch_atari_krull_vta_3seed_to_400000_20260208_112207/atari_krull_seed0,/home/haselab/projects/stable-deep-world-model/logs/models/from_scratch_atari_krull_vta_3seed_to_400000_20260208_112207/atari_krull_seed0/checkpoints/step-000068750.pt,/home/haselab/projects/stable-deep-world-model/logs/models/from_scratch_atari_krull_vta_3seed_to_400000_20260208_112207/atari_krull_seed0/eval_eps/20260208T180330-44487f1ea8c44b5eaf22e05d1a89f711-1974.npz,1035,1055,0.0,4.514962622520491e-13,3.4360809326171875,5.153343200683594,0.0,5.5033721923828125,nan,nan,nan,nan
atari_krull,/home/haselab/projects/stable-deep-world-model/logs/models/from_scratch_atari_krull_vta_3seed_to_400000_20260208_112207/atari_krull_seed0,/home/haselab/projects/stable-deep-world-model/logs/models/from_scratch_atari_krull_vta_3seed_to_400000_20260208_112207/atari_krull_seed0/checkpoints/step-000068750.pt,/home/haselab/projects/stable-deep-world-model/logs/models/from_scratch_atari_krull_vta_3seed_to_400000_20260208_112207/atari_krull_seed0/eval_eps/20260208T180330-44487f1ea8c44b5eaf22e05d1a89f711-1974.npz,1040,1060,0.0,3.788581319323636e-13,3.449504852294922,5.038308143615723,0.0,5.4030327796936035,nan,nan,nan,nan
atari_krull,/home/haselab/projects/stable-deep-world-model/logs/models/from_scratch_atari_krull_vta_3seed_to_400000_20260208_112207/atari_krull_seed0,/home/haselab/projects/stable-deep-world-model/logs/models/from_scratch_atari_krull_vta_3seed_to_400000_20260208_112207/atari_krull_seed0/checkpoints/step-000068750.pt,/home/haselab/projects/stable-deep-world-model/logs/models/from_scratch_atari_krull_vta_3seed_to_400000_20260208_112207/atari_krull_seed0/eval_eps/20260208T180330-44487f1ea8c44b5eaf22e05d1a89f711-1974.npz,1045,1065,0.05,0.05000000074505806,3.6579368114471436,5.542536735534668,0.21858854591846466,5.851118087768555,6.50121545791626,9.716714859008789,4.371770858764648,9.869462013244629
atari_krull,/home/haselab/projects/stable-deep-world-model/logs/models/from_scratch_atari_krull_vta_3seed_to_400000_20260208_112207/atari_krull_seed0,/home/haselab/projects/stable-deep-world-model/logs/models/from_scratch_atari_krull_vta_3seed_to_400000_20260208_112207/atari_krull_seed0/checkpoints/step-000068750.pt,/home/haselab/projects/stable-deep-world-model/logs/models/from_scratch_atari_krull_vta_3seed_to_400000_20260208_112207/atari_krull_seed0/eval_eps/20260208T180330-44487f1ea8c44b5eaf22e05d1a89f711-1974.npz,1050,1070,0.05,0.05000000074505806,3.5684170722961426,5.621997356414795,0.21858854591846466,5.8693461418151855,6.50121545791626,9.716714859008789,4.371770858764648,9.869462013244629
atari_krull,/home/haselab/projects/stable-deep-world-model/logs/models/from_scratch_atari_krull_vta_3seed_to_400000_20260208_112207/atari_krull_seed0,/home/haselab/projects/stable-deep-world-model/logs/models/from_scratch_atari_krull_vta_3seed_to_400000_20260208_112207/atari_krull_seed0/checkpoints/step-000068750.pt,/home/haselab/projects/stable-deep-world-model/logs/models/from_scratch_atari_krull_vta_3seed_to_400000_20260208_112207/atari_krull_seed0/eval_eps/20260208T180330-44487f1ea8c44b5eaf22e05d1a89f711-1974.npz,1055,1075,0.05,0.05000000074505806,3.606501817703247,5.969050407409668,0.21858854591846466,6.185484409332275,6.50121545791626,9.716714859008789,4.371770858764648,9.869462013244629
atari_krull,/home/haselab/projects/stable-deep-world-model/logs/models/from_scratch_atari_krull_vta_3seed_to_400000_20260208_112207/atari_krull_seed0,/home/haselab/projects/stable-deep-world-model/logs/models/from_scratch_atari_krull_vta_3seed_to_400000_20260208_112207/atari_krull_seed0/checkpoints/step-000068750.pt,/home/haselab/projects/stable-deep-world-model/logs/models/from_scratch_atari_krull_vta_3seed_to_400000_20260208_112207/atari_krull_seed0/eval_eps/20260208T180330-44487f1ea8c44b5eaf22e05d1a89f711-1974.npz,1060,1080,0.05,0.05000000074505806,3.530137538909912,6.049000263214111,0.21858854591846466,6.275517463684082,6.50121545791626,9.716714859008789,4.371770858764648,9.869462013244629
atari_krull,/home/haselab/projects/stable-deep-world-model/logs/models/from_scratch_atari_krull_vta_3seed_to_400000_20260208_112207/atari_krull_seed0,/home/haselab/projects/stable-deep-world-model/logs/models/from_scratch_atari_krull_vta_3seed_to_400000_20260208_112207/atari_krull_seed0/checkpoints/step-000068750.pt,/home/haselab/projects/stable-deep-world-model/logs/models/from_scratch_atari_krull_vta_3seed_to_400000_20260208_112207/atari_krull_seed0/eval_eps/20260208T180330-44487f1ea8c44b5eaf22e05d1a89f711-1974.npz,1065,1085,0.0,1.5333159817786796e-15,3.262316942214966,5.67117977142334,0.0,5.917846202850342,nan,nan,nan,nan
atari_krull,/home/haselab/projects/stable-deep-world-model/logs/models/from_scratch_atari_krull_vta_3seed_to_400000_20260208_112207/atari_krull_seed0,/home/haselab/projects/stable-deep-world-model/logs/models/from_scratch_atari_krull_vta_3seed_to_400000_20260208_112207/atari_krull_seed0/checkpoints/step-000068750.pt,/home/haselab/projects/stable-deep-world-model/logs/models/from_scratch_atari_krull_vta_3seed_to_400000_20260208_112207/atari_krull_seed0/eval_eps/20260208T180330-44487f1ea8c44b5eaf22e05d1a89f711-1974.npz,1070,1090,0.0,1.340877772398587e-16,3.2448782920837402,5.599719524383545,0.0,5.954680442810059,nan,nan,nan,nan
atari_krull,/home/haselab/projects/stable-deep-world-model/logs/models/from_scratch_atari_krull_vta_3seed_to_400000_20260208_112207/atari_krull_seed0,/home/haselab/projects/stable-deep-world-model/logs/models/from_scratch_atari_krull_vta_3seed_to_400000_20260208_112207/atari_krull_seed0/checkpoints/step-000068750.pt,/home/haselab/projects/stable-deep-world-model/logs/models/from_scratch_atari_krull_vta_3seed_to_400000_20260208_112207/atari_krull_seed0/eval_eps/20260208T180330-44487f1ea8c44b5eaf22e05d1a89f711-1974.npz,1075,1095,0.0,1.0990936734427251e-16,3.1916074752807617,5.528874397277832,0.0,5.845311164855957,nan,nan,nan,nan
atari_krull,/home/haselab/projects/stable-deep-world-model/logs/models/from_scratch_atari_krull_vta_3seed_to_400000_20260208_112207/atari_krull_seed0,/home/haselab/projects/stable-deep-world-model/logs/models/from_scratch_atari_krull_vta_3seed_to_400000_20260208_112207/atari_krull_seed0/checkpoints/step-000068750.pt,/home/haselab/projects/stable-deep-world-model/logs/models/from_scratch_atari_krull_vta_3seed_to_400000_20260208_112207/atari_krull_seed0/eval_eps/20260208T180330-44487f1ea8c44b5eaf22e05d1a89f711-1974.npz,1080,1100,0.0,1.0421482439688595e-16,3.2235512733459473,5.604376792907715,0.0,5.867048740386963,nan,nan,nan,nan
atari_krull,/home/haselab/projects/stable-deep-world-model/logs/models/from_scratch_atari_krull_vta_3seed_to_400000_20260208_112207/atari_krull_seed0,/home/haselab/projects/stable-deep-world-model/logs/models/from_scratch_atari_krull_vta_3seed_to_400000_20260208_112207/atari_krull_seed0/checkpoints/step-000068750.pt,/home/haselab/projects/stable-deep-world-model/logs/models/from_scratch_atari_krull_vta_3seed_to_400000_20260208_112207/atari_krull_seed0/eval_eps/20260208T180330-44487f1ea8c44b5eaf22e05d1a89f711-1974.npz,1085,1105,0.0,1.0019741330250781e-16,3.219085216522217,5.490303993225098,0.0,5.855537414550781,nan,nan,nan,nan
atari_krull,/home/haselab/projects/stable-deep-world-model/logs/models/from_scratch_atari_krull_vta_3seed_to_400000_20260208_112207/atari_krull_seed0,/home/haselab/projects/stable-deep-world-model/logs/models/from_scratch_atari_krull_vta_3seed_to_400000_20260208_112207/atari_krull_seed0/checkpoints/step-000068750.pt,/home/haselab/projects/stable-deep-world-model/logs/models/from_scratch_atari_krull_vta_3seed_to_400000_20260208_112207/atari_krull_seed0/eval_eps/20260208T180330-44487f1ea8c44b5eaf22e05d1a89f711-1974.npz,1090,1110,0.0,7.305435500430706e-17,3.2440128326416016,5.348478317260742,0.0,5.715180397033691,nan,nan,nan,nan
atari_krull,/home/haselab/projects/stable-deep-world-model/logs/models/from_scratch_atari_krull_vta_3seed_to_400000_20260208_112207/atari_krull_seed0,/home/haselab/projects/stable-deep-world-model/logs/models/from_scratch_atari_krull_vta_3seed_to_400000_20260208_112207/atari_krull_seed0/checkpoints/step-000068750.pt,/home/haselab/projects/stable-deep-world-model/logs/models/from_scratch_atari_krull_vta_3seed_to_400000_20260208_112207/atari_krull_seed0/eval_eps/20260208T180330-44487f1ea8c44b5eaf22e05d1a89f711-1974.npz,1095,1115,0.0,1.4177862993664686e-15,3.2098631858825684,5.47826623916626,0.0,5.892342567443848,nan,nan,nan,nan
atari_krull,/home/haselab/projects/stable-deep-world-model/logs/models/from_scratch_atari_krull_vta_3seed_to_400000_20260208_112207/atari_krull_seed0,/home/haselab/projects/stable-deep-world-model/logs/models/from_scratch_atari_krull_vta_3seed_to_400000_20260208_112207/atari_krull_seed0/checkpoints/step-000068750.pt,/home/haselab/projects/stable-deep-world-model/logs/models/from_scratch_atari_krull_vta_3seed_to_400000_20260208_112207/atari_krull_seed0/eval_eps/20260208T180330-44487f1ea8c44b5eaf22e05d1a89f711-1974.npz,1100,1120,0.0,1.4195031292714346e-15,3.1640784740448,5.360114097595215,0.0,5.8933186531066895,nan,nan,nan,nan
atari_krull,/home/haselab/projects/stable-deep-world-model/logs/models/from_scratch_atari_krull_vta_3seed_to_400000_20260208_112207/atari_krull_seed0,/home/haselab/projects/stable-deep-world-model/logs/models/from_scratch_atari_krull_vta_3seed_to_400000_20260208_112207/atari_krull_seed0/checkpoints/step-000068750.pt,/home/haselab/projects/stable-deep-world-model/logs/models/from_scratch_atari_krull_vta_3seed_to_400000_20260208_112207/atari_krull_seed0/eval_eps/20260208T180330-44487f1ea8c44b5eaf22e05d1a89f711-1974.npz,1105,1125,0.0,8.005954162419379e-14,3.186847448348999,5.425356864929199,0.0,5.968685150146484,nan,nan,nan,nan
atari_krull,/home/haselab/projects/stable-deep-world-model/logs/models/from_scratch_atari_krull_vta_3seed_to_400000_20260208_112207/atari_krull_seed0,/home/haselab/projects/stable-deep-world-model/logs/models/from_scratch_atari_krull_vta_3seed_to_400000_20260208_112207/atari_krull_seed0/checkpoints/step-000068750.pt,/home/haselab/projects/stable-deep-world-model/logs/models/from_scratch_atari_krull_vta_3seed_to_400000_20260208_112207/atari_krull_seed0/eval_eps/20260208T180330-44487f1ea8c44b5eaf22e05d1a89f711-1974.npz,1110,1130,0.0,7.998786908432892e-14,3.1891355514526367,5.556155204772949,0.0,6.19346809387207,nan,nan,nan,nan
atari_krull,/home/haselab/projects/stable-deep-world-model/logs/models/from_scratch_atari_krull_vta_3seed_to_400000_20260208_112207/atari_krull_seed0,/home/haselab/projects/stable-deep-world-model/logs/models/from_scratch_atari_krull_vta_3seed_to_400000_20260208_112207/atari_krull_seed0/checkpoints/step-000068750.pt,/home/haselab/projects/stable-deep-world-model/logs/models/from_scratch_atari_krull_vta_3seed_to_400000_20260208_112207/atari_krull_seed0/eval_eps/20260208T180330-44487f1ea8c44b5eaf22e05d1a89f711-1974.npz,1115,1135,0.0,7.865175931332999e-14,3.157792806625366,5.12465763092041,0.0,5.779189109802246,nan,nan,nan,nan
atari_krull,/home/haselab/projects/stable-deep-world-model/logs/models/from_scratch_atari_krull_vta_3seed_to_400000_20260208_112207/atari_krull_seed0,/home/haselab/projects/stable-deep-world-model/logs/models/from_scratch_atari_krull_vta_3seed_to_400000_20260208_112207/atari_krull_seed0/checkpoints/step-000068750.pt,/home/haselab/projects/stable-deep-world-model/logs/models/from_scratch_atari_krull_vta_3seed_to_400000_20260208_112207/atari_krull_seed0/eval_eps/20260208T180330-44487f1ea8c44b5eaf22e05d1a89f711-1974.npz,1120,1140,0.0,7.865900991535849e-14,3.177460193634033,5.167125701904297,0.0,5.739203929901123,nan,nan,nan,nan
atari_krull,/home/haselab/projects/stable-deep-world-model/logs/models/from_scratch_atari_krull_vta_3seed_to_400000_20260208_112207/atari_krull_seed0,/home/haselab/projects/stable-deep-world-model/logs/models/from_scratch_atari_krull_vta_3seed_to_400000_20260208_112207/atari_krull_seed0/checkpoints/step-000068750.pt,/home/haselab/projects/stable-deep-world-model/logs/models/from_scratch_atari_krull_vta_3seed_to_400000_20260208_112207/atari_krull_seed0/eval_eps/20260208T180330-44487f1ea8c44b5eaf22e05d1a89f711-1974.npz,1125,1145,0.0,4.062081825306211e-17,3.1881706714630127,5.145632266998291,0.0,5.688853740692139,nan,nan,nan,nan
atari_krull,/home/haselab/projects/stable-deep-world-model/logs/models/from_scratch_atari_krull_vta_3seed_to_400000_20260208_112207/atari_krull_seed0,/home/haselab/projects/stable-deep-world-model/logs/models/from_scratch_atari_krull_vta_3seed_to_400000_20260208_112207/atari_krull_seed0/checkpoints/step-000068750.pt,/home/haselab/projects/stable-deep-world-model/logs/models/from_scratch_atari_krull_vta_3seed_to_400000_20260208_112207/atari_krull_seed0/eval_eps/20260208T180330-44487f1ea8c44b5eaf22e05d1a89f711-1974.npz,1130,1150,0.0,3.989098356371677e-17,3.2380969524383545,5.158511638641357,0.0,5.514019966125488,nan,nan,nan,nan
atari_krull,/home/haselab/projects/stable-deep-world-model/logs/models/from_scratch_atari_krull_vta_3seed_to_400000_20260208_112207/atari_krull_seed0,/home/haselab/projects/stable-deep-world-model/logs/models/from_scratch_atari_krull_vta_3seed_to_400000_20260208_112207/atari_krull_seed0/checkpoints/step-000068750.pt,/home/haselab/projects/stable-deep-world-model/logs/models/from_scratch_atari_krull_vta_3seed_to_400000_20260208_112207/atari_krull_seed0/eval_eps/20260208T180330-44487f1ea8c44b5eaf22e05d1a89f711-1974.npz,1135,1155,0.0,7.108132780834532e-15,3.3327078819274902,5.3353962898254395,0.0,5.758364677429199,nan,nan,nan,nan
atari_krull,/home/haselab/projects/stable-deep-world-model/logs/models/from_scratch_atari_krull_vta_3seed_to_400000_20260208_112207/atari_krull_seed0,/home/haselab/projects/stable-deep-world-model/logs/models/from_scratch_atari_krull_vta_3seed_to_400000_20260208_112207/atari_krull_seed0/checkpoints/step-000068750.pt,/home/haselab/projects/stable-deep-world-model/logs/models/from_scratch_atari_krull_vta_3seed_to_400000_20260208_112207/atari_krull_seed0/eval_eps/20260208T180330-44487f1ea8c44b5eaf22e05d1a89f711-1974.npz,1140,1160,0.0,7.181414683299185e-15,3.2892661094665527,5.35606575012207,0.0,5.783403396606445,nan,nan,nan,nan
atari_krull,/home/haselab/projects/stable-deep-world-model/logs/models/from_scratch_atari_krull_vta_3seed_to_400000_20260208_112207/atari_krull_seed0,/home/haselab/projects/stable-deep-world-model/logs/models/from_scratch_atari_krull_vta_3seed_to_400000_20260208_112207/atari_krull_seed0/checkpoints/step-000068750.pt,/home/haselab/projects/stable-deep-world-model/logs/models/from_scratch_atari_krull_vta_3seed_to_400000_20260208_112207/atari_krull_seed0/eval_eps/20260208T180330-44487f1ea8c44b5eaf22e05d1a89f711-1974.npz,1145,1165,0.0,7.165622601030576e-15,3.229323148727417,5.387112617492676,0.0,5.908923149108887,nan,nan,nan,nan
atari_krull,/home/haselab/projects/stable-deep-world-model/logs/models/from_scratch_atari_krull_vta_3seed_to_400000_20260208_112207/atari_krull_seed0,/home/haselab/projects/stable-deep-world-model/logs/models/from_scratch_atari_krull_vta_3seed_to_400000_20260208_112207/atari_krull_seed0/checkpoints/step-000068750.pt,/home/haselab/projects/stable-deep-world-model/logs/models/from_scratch_atari_krull_vta_3seed_to_400000_20260208_112207/atari_krull_seed0/eval_eps/20260208T180330-44487f1ea8c44b5eaf22e05d1a89f711-1974.npz,1150,1170,0.0,7.165131321921168e-15,3.1857516765594482,5.3139328956604,0.0,5.96160888671875,nan,nan,nan,nan
atari_krull,/home/haselab/projects/stable-deep-world-model/logs/models/from_scratch_atari_krull_vta_3seed_to_400000_20260208_112207/atari_krull_seed0,/home/haselab/projects/stable-deep-world-model/logs/models/from_scratch_atari_krull_vta_3seed_to_400000_20260208_112207/atari_krull_seed0/checkpoints/step-000068750.pt,/home/haselab/projects/stable-deep-world-model/logs/models/from_scratch_atari_krull_vta_3seed_to_400000_20260208_112207/atari_krull_seed0/eval_eps/20260208T180330-44487f1ea8c44b5eaf22e05d1a89f711-1974.npz,1155,1175,0.0,8.831847766642569e-17,3.1282238960266113,5.222646713256836,0.0,5.919106483459473,nan,nan,nan,nan
atari_krull,/home/haselab/projects/stable-deep-world-model/logs/models/from_scratch_atari_krull_vta_3seed_to_400000_20260208_112207/atari_krull_seed0,/home/haselab/projects/stable-deep-world-model/logs/models/from_scratch_atari_krull_vta_3seed_to_400000_20260208_112207/atari_krull_seed0/checkpoints/step-000068750.pt,/home/haselab/projects/stable-deep-world-model/logs/models/from_scratch_atari_krull_vta_3seed_to_400000_20260208_112207/atari_krull_seed0/eval_eps/20260208T180330-44487f1ea8c44b5eaf22e05d1a89f711-1974.npz,1160,1180,0.0,1.8205520672075543e-17,3.1488137245178223,5.113485813140869,0.0,5.837156772613525,nan,nan,nan,nan
atari_krull,/home/haselab/projects/stable-deep-world-model/logs/models/from_scratch_atari_krull_vta_3seed_to_400000_20260208_112207/atari_krull_seed0,/home/haselab/projects/stable-deep-world-model/logs/models/from_scratch_atari_krull_vta_3seed_to_400000_20260208_112207/atari_krull_seed0/checkpoints/step-000068750.pt,/home/haselab/projects/stable-deep-world-model/logs/models/from_scratch_atari_krull_vta_3seed_to_400000_20260208_112207/atari_krull_seed0/eval_eps/20260208T180330-44487f1ea8c44b5eaf22e05d1a89f711-1974.npz,1165,1185,0.0,2.1329668581501413e-14,3.159227132797241,5.066164016723633,0.0,5.684784889221191,nan,nan,nan,nan
atari_krull,/home/haselab/projects/stable-deep-world-model/logs/models/from_scratch_atari_krull_vta_3seed_to_400000_20260208_112207/atari_krull_seed0,/home/haselab/projects/stable-deep-world-model/logs/models/from_scratch_atari_krull_vta_3seed_to_400000_20260208_112207/atari_krull_seed0/checkpoints/step-000068750.pt,/home/haselab/projects/stable-deep-world-model/logs/models/from_scratch_atari_krull_vta_3seed_to_400000_20260208_112207/atari_krull_seed0/eval_eps/20260208T180330-44487f1ea8c44b5eaf22e05d1a89f711-1974.npz,1170,1190,0.0,2.134005659356654e-14,3.1395111083984375,5.147078514099121,0.0,5.797689914703369,nan,nan,nan,nan
atari_krull,/home/haselab/projects/stable-deep-world-model/logs/models/from_scratch_atari_krull_vta_3seed_to_400000_20260208_112207/atari_krull_seed0,/home/haselab/projects/stable-deep-world-model/logs/models/from_scratch_atari_krull_vta_3seed_to_400000_20260208_112207/atari_krull_seed0/checkpoints/step-000068750.pt,/home/haselab/projects/stable-deep-world-model/logs/models/from_scratch_atari_krull_vta_3seed_to_400000_20260208_112207/atari_krull_seed0/eval_eps/20260208T180330-44487f1ea8c44b5eaf22e05d1a89f711-1974.npz,1175,1195,0.0,2.1340539402346474e-14,3.2147693634033203,5.334595680236816,0.0,5.978816986083984,nan,nan,nan,nan
atari_krull,/home/haselab/projects/stable-deep-world-model/logs/models/from_scratch_atari_krull_vta_3seed_to_400000_20260208_112207/atari_krull_seed0,/home/haselab/projects/stable-deep-world-model/logs/models/from_scratch_atari_krull_vta_3seed_to_400000_20260208_112207/atari_krull_seed0/checkpoints/step-000068750.pt,/home/haselab/projects/stable-deep-world-model/logs/models/from_scratch_atari_krull_vta_3seed_to_400000_20260208_112207/atari_krull_seed0/eval_eps/20260208T180330-44487f1ea8c44b5eaf22e05d1a89f711-1974.npz,1180,1200,0.0,2.1409408263155932e-14,3.250826358795166,5.238129615783691,0.0,5.852489471435547,nan,nan,nan,nan
atari_krull,/home/haselab/projects/stable-deep-world-model/logs/models/from_scratch_atari_krull_vta_3seed_to_400000_20260208_112207/atari_krull_seed0,/home/haselab/projects/stable-deep-world-model/logs/models/from_scratch_atari_krull_vta_3seed_to_400000_20260208_112207/atari_krull_seed0/checkpoints/step-000068750.pt,/home/haselab/projects/stable-deep-world-model/logs/models/from_scratch_atari_krull_vta_3seed_to_400000_20260208_112207/atari_krull_seed0/eval_eps/20260208T180330-44487f1ea8c44b5eaf22e05d1a89f711-1974.npz,1185,1205,0.0,1.141318133514454e-16,3.27705454826355,5.139542579650879,0.0,5.834959983825684,nan,nan,nan,nan
atari_krull,/home/haselab/projects/stable-deep-world-model/logs/models/from_scratch_atari_krull_vta_3seed_to_400000_20260208_112207/atari_krull_seed0,/home/haselab/projects/stable-deep-world-model/logs/models/from_scratch_atari_krull_vta_3seed_to_400000_20260208_112207/atari_krull_seed0/checkpoints/step-000068750.pt,/home/haselab/projects/stable-deep-world-model/logs/models/from_scratch_atari_krull_vta_3seed_to_400000_20260208_112207/atari_krull_seed0/eval_eps/20260208T180330-44487f1ea8c44b5eaf22e05d1a89f711-1974.npz,1190,1210,0.0,4.970208810591351e-16,3.285923719406128,5.06027364730835,0.0,5.739966869354248,nan,nan,nan,nan
atari_krull,/home/haselab/projects/stable-deep-world-model/logs/models/from_scratch_atari_krull_vta_3seed_to_400000_20260208_112207/atari_krull_seed0,/home/haselab/projects/stable-deep-world-model/logs/models/from_scratch_atari_krull_vta_3seed_to_400000_20260208_112207/atari_krull_seed0/checkpoints/step-000068750.pt,/home/haselab/projects/stable-deep-world-model/logs/models/from_scratch_atari_krull_vta_3seed_to_400000_20260208_112207/atari_krull_seed0/eval_eps/20260208T180330-44487f1ea8c44b5eaf22e05d1a89f711-1974.npz,1195,1215,0.0,5.006948335282914e-16,3.2586264610290527,5.002443790435791,0.0,5.664587497711182,nan,nan,nan,nan
atari_krull,/home/haselab/projects/stable-deep-world-model/logs/models/from_scratch_atari_krull_vta_3seed_to_400000_20260208_112207/atari_krull_seed0,/home/haselab/projects/stable-deep-world-model/logs/models/from_scratch_atari_krull_vta_3seed_to_400000_20260208_112207/atari_krull_seed0/checkpoints/step-000068750.pt,/home/haselab/projects/stable-deep-world-model/logs/models/from_scratch_atari_krull_vta_3seed_to_400000_20260208_112207/atari_krull_seed0/eval_eps/20260208T180330-44487f1ea8c44b5eaf22e05d1a89f711-1974.npz,1200,1220,0.0,4.1970392539199936e-16,3.2786076068878174,5.347926139831543,0.0,6.065573692321777,nan,nan,nan,nan
atari_krull,/home/haselab/projects/stable-deep-world-model/logs/models/from_scratch_atari_krull_vta_3seed_to_400000_20260208_112207/atari_krull_seed0,/home/haselab/projects/stable-deep-world-model/logs/models/from_scratch_atari_krull_vta_3seed_to_400000_20260208_112207/atari_krull_seed0/checkpoints/step-000068750.pt,/home/haselab/projects/stable-deep-world-model/logs/models/from_scratch_atari_krull_vta_3seed_to_400000_20260208_112207/atari_krull_seed0/eval_eps/20260208T180330-44487f1ea8c44b5eaf22e05d1a89f711-1974.npz,1205,1225,0.0,4.018686937754944e-16,3.2997183799743652,5.3510847091674805,0.0,6.083975315093994,nan,nan,nan,nan
atari_krull,/home/haselab/projects/stable-deep-world-model/logs/models/from_scratch_atari_krull_vta_3seed_to_400000_20260208_112207/atari_krull_seed0,/home/haselab/projects/stable-deep-world-model/logs/models/from_scratch_atari_krull_vta_3seed_to_400000_20260208_112207/atari_krull_seed0/checkpoints/step-000068750.pt,/home/haselab/projects/stable-deep-world-model/logs/models/from_scratch_atari_krull_vta_3seed_to_400000_20260208_112207/atari_krull_seed0/eval_eps/20260208T180330-44487f1ea8c44b5eaf22e05d1a89f711-1974.npz,1210,1230,0.0,7.448750817540262e-13,3.3333048820495605,5.327542304992676,0.0,6.100486755371094,nan,nan,nan,nan
atari_krull,/home/haselab/projects/stable-deep-world-model/logs/models/from_scratch_atari_krull_vta_3seed_to_400000_20260208_112207/atari_krull_seed0,/home/haselab/projects/stable-deep-world-model/logs/models/from_scratch_atari_krull_vta_3seed_to_400000_20260208_112207/atari_krull_seed0/checkpoints/step-000068750.pt,/home/haselab/projects/stable-deep-world-model/logs/models/from_scratch_atari_krull_vta_3seed_to_400000_20260208_112207/atari_krull_seed0/eval_eps/20260208T180330-44487f1ea8c44b5eaf22e05d1a89f711-1974.npz,1215,1235,0.0,7.50666564498792e-13,3.3008065223693848,5.136500358581543,0.0,5.890483856201172,nan,nan,nan,nan
atari_krull,/home/haselab/projects/stable-deep-world-model/logs/models/from_scratch_atari_krull_vta_3seed_to_400000_20260208_112207/atari_krull_seed0,/home/haselab/projects/stable-deep-world-model/logs/models/from_scratch_atari_krull_vta_3seed_to_400000_20260208_112207/atari_krull_seed0/checkpoints/step-000068750.pt,/home/haselab/projects/stable-deep-world-model/logs/models/from_scratch_atari_krull_vta_3seed_to_400000_20260208_112207/atari_krull_seed0/eval_eps/20260208T180330-44487f1ea8c44b5eaf22e05d1a89f711-1974.npz,1220,1240,0.0,7.597940289080785e-13,3.335393190383911,5.0640764236450195,0.0,5.732479572296143,nan,nan,nan,nan
atari_krull,/home/haselab/projects/stable-deep-world-model/logs/models/from_scratch_atari_krull_vta_3seed_to_400000_20260208_112207/atari_krull_seed0,/home/haselab/projects/stable-deep-world-model/logs/models/from_scratch_atari_krull_vta_3seed_to_400000_20260208_112207/atari_krull_seed0/checkpoints/step-000068750.pt,/home/haselab/projects/stable-deep-world-model/logs/models/from_scratch_atari_krull_vta_3seed_to_400000_20260208_112207/atari_krull_seed0/eval_eps/20260208T180330-44487f1ea8c44b5eaf22e05d1a89f711-1974.npz,1225,1245,0.0,9.011069885059286e-13,3.400566577911377,5.30424690246582,0.0,5.938595771789551,nan,nan,nan,nan
atari_krull,/home/haselab/projects/stable-deep-world-model/logs/models/from_scratch_atari_krull_vta_3seed_to_400000_20260208_112207/atari_krull_seed0,/home/haselab/projects/stable-deep-world-model/logs/models/from_scratch_atari_krull_vta_3seed_to_400000_20260208_112207/atari_krull_seed0/checkpoints/step-000068750.pt,/home/haselab/projects/stable-deep-world-model/logs/models/from_scratch_atari_krull_vta_3seed_to_400000_20260208_112207/atari_krull_seed0/eval_eps/20260208T180330-44487f1ea8c44b5eaf22e05d1a89f711-1974.npz,1230,1250,0.0,1.5690403078368054e-13,3.422149181365967,5.204726219177246,0.0,5.811623573303223,nan,nan,nan,nan
atari_krull,/home/haselab/projects/stable-deep-world-model/logs/models/from_scratch_atari_krull_vta_3seed_to_400000_20260208_112207/atari_krull_seed0,/home/haselab/projects/stable-deep-world-model/logs/models/from_scratch_atari_krull_vta_3seed_to_400000_20260208_112207/atari_krull_seed0/checkpoints/step-000068750.pt,/home/haselab/projects/stable-deep-world-model/logs/models/from_scratch_atari_krull_vta_3seed_to_400000_20260208_112207/atari_krull_seed0/eval_eps/20260208T180330-44487f1ea8c44b5eaf22e05d1a89f711-1974.npz,1235,1255,0.0,1.5337793426821456e-13,3.478395462036133,5.3988237380981445,0.0,6.116284370422363,nan,nan,nan,nan
atari_krull,/home/haselab/projects/stable-deep-world-model/logs/models/from_scratch_atari_krull_vta_3seed_to_400000_20260208_112207/atari_krull_seed0,/home/haselab/projects/stable-deep-world-model/logs/models/from_scratch_atari_krull_vta_3seed_to_400000_20260208_112207/atari_krull_seed0/checkpoints/step-000068750.pt,/home/haselab/projects/stable-deep-world-model/logs/models/from_scratch_atari_krull_vta_3seed_to_400000_20260208_112207/atari_krull_seed0/eval_eps/20260208T180330-44487f1ea8c44b5eaf22e05d1a89f711-1974.npz,1240,1260,0.0,1.4516979198603286e-13,3.4262404441833496,5.186800956726074,0.0,6.0180158615112305,nan,nan,nan,nan
atari_krull,/home/haselab/projects/stable-deep-world-model/logs/models/from_scratch_atari_krull_vta_3seed_to_400000_20260208_112207/atari_krull_seed0,/home/haselab/projects/stable-deep-world-model/logs/models/from_scratch_atari_krull_vta_3seed_to_400000_20260208_112207/atari_krull_seed0/checkpoints/step-000068750.pt,/home/haselab/projects/stable-deep-world-model/logs/models/from_scratch_atari_krull_vta_3seed_to_400000_20260208_112207/atari_krull_seed0/eval_eps/20260208T180330-44487f1ea8c44b5eaf22e05d1a89f711-1974.npz,1245,1265,0.0,3.8544462963702696e-15,3.3958957195281982,5.142404079437256,0.0,5.883846282958984,nan,nan,nan,nan
atari_krull,/home/haselab/projects/stable-deep-world-model/logs/models/from_scratch_atari_krull_vta_3seed_to_400000_20260208_112207/atari_krull_seed0,/home/haselab/projects/stable-deep-world-model/logs/models/from_scratch_atari_krull_vta_3seed_to_400000_20260208_112207/atari_krull_seed0/checkpoints/step-000068750.pt,/home/haselab/projects/stable-deep-world-model/logs/models/from_scratch_atari_krull_vta_3seed_to_400000_20260208_112207/atari_krull_seed0/eval_eps/20260208T180330-44487f1ea8c44b5eaf22e05d1a89f711-1974.npz,1250,1270,0.0,3.4181785548738353e-13,3.4319121837615967,5.271368980407715,0.0,6.12764310836792,nan,nan,nan,nan
atari_krull,/home/haselab/projects/stable-deep-world-model/logs/models/from_scratch_atari_krull_vta_3seed_to_400000_20260208_112207/atari_krull_seed0,/home/haselab/projects/stable-deep-world-model/logs/models/from_scratch_atari_krull_vta_3seed_to_400000_20260208_112207/atari_krull_seed0/checkpoints/step-000068750.pt,/home/haselab/projects/stable-deep-world-model/logs/models/from_scratch_atari_krull_vta_3seed_to_400000_20260208_112207/atari_krull_seed0/eval_eps/20260208T180330-44487f1ea8c44b5eaf22e05d1a89f711-1974.npz,1255,1275,0.0,7.093129035518064e-12,3.4071781635284424,5.047464370727539,0.0,5.880496978759766,nan,nan,nan,nan
atari_krull,/home/haselab/projects/stable-deep-world-model/logs/models/from_scratch_atari_krull_vta_3seed_to_400000_20260208_112207/atari_krull_seed0,/home/haselab/projects/stable-deep-world-model/logs/models/from_scratch_atari_krull_vta_3seed_to_400000_20260208_112207/atari_krull_seed0/checkpoints/step-000068750.pt,/home/haselab/projects/stable-deep-world-model/logs/models/from_scratch_atari_krull_vta_3seed_to_400000_20260208_112207/atari_krull_seed0/eval_eps/20260208T180330-44487f1ea8c44b5eaf22e05d1a89f711-1974.npz,1260,1280,0.0,1.9803412382168872e-11,3.4174041748046875,5.101451396942139,0.0,6.061648368835449,nan,nan,nan,nan
atari_krull,/home/haselab/projects/stable-deep-world-model/logs/models/from_scratch_atari_krull_vta_3seed_to_400000_20260208_112207/atari_krull_seed0,/home/haselab/projects/stable-deep-world-model/logs/models/from_scratch_atari_krull_vta_3seed_to_400000_20260208_112207/atari_krull_seed0/checkpoints/step-000068750.pt,/home/haselab/projects/stable-deep-world-model/logs/models/from_scratch_atari_krull_vta_3seed_to_400000_20260208_112207/atari_krull_seed0/eval_eps/20260208T180330-44487f1ea8c44b5eaf22e05d1a89f711-1974.npz,1265,1285,0.0,6.661686480224915e-11,3.393749952316284,5.009031295776367,0.0,5.975536346435547,nan,nan,nan,nan
atari_krull,/home/haselab/projects/stable-deep-world-model/logs/models/from_scratch_atari_krull_vta_3seed_to_400000_20260208_112207/atari_krull_seed0,/home/haselab/projects/stable-deep-world-model/logs/models/from_scratch_atari_krull_vta_3seed_to_400000_20260208_112207/atari_krull_seed0/checkpoints/step-000068750.pt,/home/haselab/projects/stable-deep-world-model/logs/models/from_scratch_atari_krull_vta_3seed_to_400000_20260208_112207/atari_krull_seed0/eval_eps/20260208T180330-44487f1ea8c44b5eaf22e05d1a89f711-1974.npz,1270,1290,0.0,6.633903149033671e-11,3.373500347137451,4.9884257316589355,0.0,5.729958534240723,nan,nan,nan,nan
atari_krull,/home/haselab/projects/stable-deep-world-model/logs/models/from_scratch_atari_krull_vta_3seed_to_400000_20260208_112207/atari_krull_seed0,/home/haselab/projects/stable-deep-world-model/logs/models/from_scratch_atari_krull_vta_3seed_to_400000_20260208_112207/atari_krull_seed0/checkpoints/step-000068750.pt,/home/haselab/projects/stable-deep-world-model/logs/models/from_scratch_atari_krull_vta_3seed_to_400000_20260208_112207/atari_krull_seed0/eval_eps/20260208T180330-44487f1ea8c44b5eaf22e05d1a89f711-1974.npz,1275,1295,0.0,6.412186753790294e-11,3.3907878398895264,5.001265525817871,0.0,5.685756206512451,nan,nan,nan,nan
atari_krull,/home/haselab/projects/stable-deep-world-model/logs/models/from_scratch_atari_krull_vta_3seed_to_400000_20260208_112207/atari_krull_seed0,/home/haselab/projects/stable-deep-world-model/logs/models/from_scratch_atari_krull_vta_3seed_to_400000_20260208_112207/atari_krull_seed0/checkpoints/step-000068750.pt,/home/haselab/projects/stable-deep-world-model/logs/models/from_scratch_atari_krull_vta_3seed_to_400000_20260208_112207/atari_krull_seed0/eval_eps/20260208T180330-44487f1ea8c44b5eaf22e05d1a89f711-1974.npz,1280,1300,0.0,5.3082975515206243e-11,3.354985475540161,4.900129795074463,0.0,5.457159519195557,nan,nan,nan,nan
atari_krull,/home/haselab/projects/stable-deep-world-model/logs/models/from_scratch_atari_krull_vta_3seed_to_400000_20260208_112207/atari_krull_seed0,/home/haselab/projects/stable-deep-world-model/logs/models/from_scratch_atari_krull_vta_3seed_to_400000_20260208_112207/atari_krull_seed0/checkpoints/step-000068750.pt,/home/haselab/projects/stable-deep-world-model/logs/models/from_scratch_atari_krull_vta_3seed_to_400000_20260208_112207/atari_krull_seed0/eval_eps/20260208T180330-44487f1ea8c44b5eaf22e05d1a89f711-1974.npz,1285,1305,0.0,6.6446375311668415e-12,3.360433578491211,4.8634538650512695,0.0,5.439751625061035,nan,nan,nan,nan
atari_krull,/home/haselab/projects/stable-deep-world-model/logs/models/from_scratch_atari_krull_vta_3seed_to_400000_20260208_112207/atari_krull_seed0,/home/haselab/projects/stable-deep-world-model/logs/models/from_scratch_atari_krull_vta_3seed_to_400000_20260208_112207/atari_krull_seed0/checkpoints/step-000068750.pt,/home/haselab/projects/stable-deep-world-model/logs/models/from_scratch_atari_krull_vta_3seed_to_400000_20260208_112207/atari_krull_seed0/eval_eps/20260208T180330-44487f1ea8c44b5eaf22e05d1a89f711-1974.npz,1290,1310,0.0,1.0877939174425144e-11,3.353099822998047,4.857129096984863,0.0,5.462764263153076,nan,nan,nan,nan
atari_krull,/home/haselab/projects/stable-deep-world-model/logs/models/from_scratch_atari_krull_vta_3seed_to_400000_20260208_112207/atari_krull_seed0,/home/haselab/projects/stable-deep-world-model/logs/models/from_scratch_atari_krull_vta_3seed_to_400000_20260208_112207/atari_krull_seed0/checkpoints/step-000068750.pt,/home/haselab/projects/stable-deep-world-model/logs/models/from_scratch_atari_krull_vta_3seed_to_400000_20260208_112207/atari_krull_seed0/eval_eps/20260208T180330-44487f1ea8c44b5eaf22e05d1a89f711-1974.npz,1295,1315,0.0,3.2405751693165286e-11,3.421964168548584,4.945591926574707,0.0,5.467757225036621,nan,nan,nan,nan
atari_krull,/home/haselab/projects/stable-deep-world-model/logs/models/from_scratch_atari_krull_vta_3seed_to_400000_20260208_112207/atari_krull_seed0,/home/haselab/projects/stable-deep-world-model/logs/models/from_scratch_atari_krull_vta_3seed_to_400000_20260208_112207/atari_krull_seed0/checkpoints/step-000068750.pt,/home/haselab/projects/stable-deep-world-model/logs/models/from_scratch_atari_krull_vta_3seed_to_400000_20260208_112207/atari_krull_seed0/eval_eps/20260208T180330-44487f1ea8c44b5eaf22e05d1a89f711-1974.npz,1300,1320,0.0,3.09811412635419e-11,3.5043797492980957,5.015725135803223,0.0,5.449932098388672,nan,nan,nan,nan
atari_krull,/home/haselab/projects/stable-deep-world-model/logs/models/from_scratch_atari_krull_vta_3seed_to_400000_20260208_112207/atari_krull_seed0,/home/haselab/projects/stable-deep-world-model/logs/models/from_scratch_atari_krull_vta_3seed_to_400000_20260208_112207/atari_krull_seed0/checkpoints/step-000068750.pt,/home/haselab/projects/stable-deep-world-model/logs/models/from_scratch_atari_krull_vta_3seed_to_400000_20260208_112207/atari_krull_seed0/eval_eps/20260208T180330-44487f1ea8c44b5eaf22e05d1a89f711-1974.npz,1305,1325,0.0,4.287117882917357e-11,3.529330015182495,5.006182670593262,0.0,5.434305667877197,nan,nan,nan,nan
atari_krull,/home/haselab/projects/stable-deep-world-model/logs/models/from_scratch_atari_krull_vta_3seed_to_400000_20260208_112207/atari_krull_seed0,/home/haselab/projects/stable-deep-world-model/logs/models/from_scratch_atari_krull_vta_3seed_to_400000_20260208_112207/atari_krull_seed0/checkpoints/step-000068750.pt,/home/haselab/projects/stable-deep-world-model/logs/models/from_scratch_atari_krull_vta_3seed_to_400000_20260208_112207/atari_krull_seed0/eval_eps/20260208T180330-44487f1ea8c44b5eaf22e05d1a89f711-1974.npz,1310,1330,0.0,6.851594985812781e-11,3.4923877716064453,4.984189033508301,0.0,5.43211555480957,nan,nan,nan,nan
atari_krull,/home/haselab/projects/stable-deep-world-model/logs/models/from_scratch_atari_krull_vta_3seed_to_400000_20260208_112207/atari_krull_seed0,/home/haselab/projects/stable-deep-world-model/logs/models/from_scratch_atari_krull_vta_3seed_to_400000_20260208_112207/atari_krull_seed0/checkpoints/step-000068750.pt,/home/haselab/projects/stable-deep-world-model/logs/models/from_scratch_atari_krull_vta_3seed_to_400000_20260208_112207/atari_krull_seed0/eval_eps/20260208T180330-44487f1ea8c44b5eaf22e05d1a89f711-1974.npz,1315,1335,0.0,4.2468355221370047e-11,3.377307415008545,4.960875511169434,0.0,5.473148345947266,nan,nan,nan,nan
atari_krull,/home/haselab/projects/stable-deep-world-model/logs/models/from_scratch_atari_krull_vta_3seed_to_400000_20260208_112207/atari_krull_seed0,/home/haselab/projects/stable-deep-world-model/logs/models/from_scratch_atari_krull_vta_3seed_to_400000_20260208_112207/atari_krull_seed0/checkpoints/step-000068750.pt,/home/haselab/projects/stable-deep-world-model/logs/models/from_scratch_atari_krull_vta_3seed_to_400000_20260208_112207/atari_krull_seed0/eval_eps/20260208T180330-44487f1ea8c44b5eaf22e05d1a89f711-1974.npz,1320,1340,0.0,4.222076160909083e-11,3.380070924758911,4.928367614746094,0.0,5.495490074157715,nan,nan,nan,nan
atari_krull,/home/haselab/projects/stable-deep-world-model/logs/models/from_scratch_atari_krull_vta_3seed_to_400000_20260208_112207/atari_krull_seed0,/home/haselab/projects/stable-deep-world-model/logs/models/from_scratch_atari_krull_vta_3seed_to_400000_20260208_112207/atari_krull_seed0/checkpoints/step-000068750.pt,/home/haselab/projects/stable-deep-world-model/logs/models/from_scratch_atari_krull_vta_3seed_to_400000_20260208_112207/atari_krull_seed0/eval_eps/20260208T180330-44487f1ea8c44b5eaf22e05d1a89f711-1974.npz,1325,1345,0.0,2.9955614377907835e-11,3.400174379348755,4.943213939666748,0.0,5.469184398651123,nan,nan,nan,nan
atari_krull,/home/haselab/projects/stable-deep-world-model/logs/models/from_scratch_atari_krull_vta_3seed_to_400000_20260208_112207/atari_krull_seed0,/home/haselab/projects/stable-deep-world-model/logs/models/from_scratch_atari_krull_vta_3seed_to_400000_20260208_112207/atari_krull_seed0/checkpoints/step-000068750.pt,/home/haselab/projects/stable-deep-world-model/logs/models/from_scratch_atari_krull_vta_3seed_to_400000_20260208_112207/atari_krull_seed0/eval_eps/20260208T180330-44487f1ea8c44b5eaf22e05d1a89f711-1974.npz,1330,1350,0.0,1.707651286543023e-14,3.3835997581481934,4.825561046600342,0.0,5.453571796417236,nan,nan,nan,nan
atari_krull,/home/haselab/projects/stable-deep-world-model/logs/models/from_scratch_atari_krull_vta_3seed_to_400000_20260208_112207/atari_krull_seed0,/home/haselab/projects/stable-deep-world-model/logs/models/from_scratch_atari_krull_vta_3seed_to_400000_20260208_112207/atari_krull_seed0/checkpoints/step-000068750.pt,/home/haselab/projects/stable-deep-world-model/logs/models/from_scratch_atari_krull_vta_3seed_to_400000_20260208_112207/atari_krull_seed0/eval_eps/20260208T180330-44487f1ea8c44b5eaf22e05d1a89f711-1974.npz,1335,1355,0.0,4.526089319313424e-16,3.3814826011657715,4.867522239685059,0.0,5.388007640838623,nan,nan,nan,nan
atari_krull,/home/haselab/projects/stable-deep-world-model/logs/models/from_scratch_atari_krull_vta_3seed_to_400000_20260208_112207/atari_krull_seed0,/home/haselab/projects/stable-deep-world-model/logs/models/from_scratch_atari_krull_vta_3seed_to_400000_20260208_112207/atari_krull_seed0/checkpoints/step-000068750.pt,/home/haselab/projects/stable-deep-world-model/logs/models/from_scratch_atari_krull_vta_3seed_to_400000_20260208_112207/atari_krull_seed0/eval_eps/20260208T180330-44487f1ea8c44b5eaf22e05d1a89f711-1974.npz,1340,1360,0.0,5.856755315439472e-16,3.40898060798645,5.087899208068848,0.0,5.507620811462402,nan,nan,nan,nan
atari_krull,/home/haselab/projects/stable-deep-world-model/logs/models/from_scratch_atari_krull_vta_3seed_to_400000_20260208_112207/atari_krull_seed0,/home/haselab/projects/stable-deep-world-model/logs/models/from_scratch_atari_krull_vta_3seed_to_400000_20260208_112207/atari_krull_seed0/checkpoints/step-000068750.pt,/home/haselab/projects/stable-deep-world-model/logs/models/from_scratch_atari_krull_vta_3seed_to_400000_20260208_112207/atari_krull_seed0/eval_eps/20260208T180330-44487f1ea8c44b5eaf22e05d1a89f711-1974.npz,1345,1365,0.0,6.202418873302112e-16,3.424297332763672,5.2969536781311035,0.0,5.798000812530518,nan,nan,nan,nan
atari_krull,/home/haselab/projects/stable-deep-world-model/logs/models/from_scratch_atari_krull_vta_3seed_to_400000_20260208_112207/atari_krull_seed0,/home/haselab/projects/stable-deep-world-model/logs/models/from_scratch_atari_krull_vta_3seed_to_400000_20260208_112207/atari_krull_seed0/checkpoints/step-000068750.pt,/home/haselab/projects/stable-deep-world-model/logs/models/from_scratch_atari_krull_vta_3seed_to_400000_20260208_112207/atari_krull_seed0/eval_eps/20260208T180330-44487f1ea8c44b5eaf22e05d1a89f711-1974.npz,1350,1370,0.0,1.1194949013756863e-14,3.4865214824676514,5.358236789703369,0.0,5.732928276062012,nan,nan,nan,nan
atari_krull,/home/haselab/projects/stable-deep-world-model/logs/models/from_scratch_atari_krull_vta_3seed_to_400000_20260208_112207/atari_krull_seed0,/home/haselab/projects/stable-deep-world-model/logs/models/from_scratch_atari_krull_vta_3seed_to_400000_20260208_112207/atari_krull_seed0/checkpoints/step-000068750.pt,/home/haselab/projects/stable-deep-world-model/logs/models/from_scratch_atari_krull_vta_3seed_to_400000_20260208_112207/atari_krull_seed0/eval_eps/20260208T180330-44487f1ea8c44b5eaf22e05d1a89f711-1974.npz,1355,1375,0.05,0.05000000074505806,3.430485248565674,5.430977821350098,0.41086435317993164,5.999358177185059,7.140592098236084,9.793967247009277,8.217287063598633,10.562650680541992
atari_krull,/home/haselab/projects/stable-deep-world-model/logs/models/from_scratch_atari_krull_vta_3seed_to_400000_20260208_112207/atari_krull_seed0,/home/haselab/projects/stable-deep-world-model/logs/models/from_scratch_atari_krull_vta_3seed_to_400000_20260208_112207/atari_krull_seed0/checkpoints/step-000068750.pt,/home/haselab/projects/stable-deep-world-model/logs/models/from_scratch_atari_krull_vta_3seed_to_400000_20260208_112207/atari_krull_seed0/eval_eps/20260208T180330-44487f1ea8c44b5eaf22e05d1a89f711-1974.npz,1360,1380,0.05,0.05000000074505806,2.811522960662842,5.552260398864746,0.41086435317993164,6.337913513183594,7.140592098236084,9.793967247009277,8.217287063598633,10.562650680541992
atari_krull,/home/haselab/projects/stable-deep-world-model/logs/models/from_scratch_atari_krull_vta_3seed_to_400000_20260208_112207/atari_krull_seed0,/home/haselab/projects/stable-deep-world-model/logs/models/from_scratch_atari_krull_vta_3seed_to_400000_20260208_112207/atari_krull_seed0/checkpoints/step-000068750.pt,/home/haselab/projects/stable-deep-world-model/logs/models/from_scratch_atari_krull_vta_3seed_to_400000_20260208_112207/atari_krull_seed0/eval_eps/20260208T180330-44487f1ea8c44b5eaf22e05d1a89f711-1974.npz,1365,1385,0.05,0.05000000074505806,2.2927675247192383,6.093652725219727,0.41086435317993164,6.972257137298584,7.140592098236084,9.793967247009277,8.217287063598633,10.562650680541992
atari_krull,/home/haselab/projects/stable-deep-world-model/logs/models/from_scratch_atari_krull_vta_3seed_to_400000_20260208_112207/atari_krull_seed0,/home/haselab/projects/stable-deep-world-model/logs/models/from_scratch_atari_krull_vta_3seed_to_400000_20260208_112207/atari_krull_seed0/checkpoints/step-000068750.pt,/home/haselab/projects/stable-deep-world-model/logs/models/from_scratch_atari_krull_vta_3seed_to_400000_20260208_112207/atari_krull_seed0/eval_eps/20260208T180330-44487f1ea8c44b5eaf22e05d1a89f711-1974.npz,1370,1390,0.05,0.05000000074505806,1.8129316568374634,7.34783411026001,0.41086435317993164,8.143684387207031,7.140592098236084,9.793967247009277,8.217287063598633,10.562650680541992
atari_krull,/home/haselab/projects/stable-deep-world-model/logs/models/from_scratch_atari_krull_vta_3seed_to_400000_20260208_112207/atari_krull_seed0,/home/haselab/projects/stable-deep-world-model/logs/models/from_scratch_atari_krull_vta_3seed_to_400000_20260208_112207/atari_krull_seed0/checkpoints/step-000068750.pt,/home/haselab/projects/stable-deep-world-model/logs/models/from_scratch_atari_krull_vta_3seed_to_400000_20260208_112207/atari_krull_seed0/eval_eps/20260208T180330-44487f1ea8c44b5eaf22e05d1a89f711-1974.npz,1375,1395,0.0,1.3981174217445316e-18,1.5093753337860107,8.775775909423828,0.0,9.429929733276367,nan,nan,nan,nan
atari_krull,/home/haselab/projects/stable-deep-world-model/logs/models/from_scratch_atari_krull_vta_3seed_to_400000_20260208_112207/atari_krull_seed0,/home/haselab/projects/stable-deep-world-model/logs/models/from_scratch_atari_krull_vta_3seed_to_400000_20260208_112207/atari_krull_seed0/checkpoints/step-000068750.pt,/home/haselab/projects/stable-deep-world-model/logs/models/from_scratch_atari_krull_vta_3seed_to_400000_20260208_112207/atari_krull_seed0/eval_eps/20260208T180330-44487f1ea8c44b5eaf22e05d1a89f711-1974.npz,1380,1400,0.0,1.349636262645222e-18,1.5840667486190796,9.915095329284668,0.0,10.388582229614258,nan,nan,nan,nan
atari_krull,/home/haselab/projects/stable-deep-world-model/logs/models/from_scratch_atari_krull_vta_3seed_to_400000_20260208_112207/atari_krull_seed0,/home/haselab/projects/stable-deep-world-model/logs/models/from_scratch_atari_krull_vta_3seed_to_400000_20260208_112207/atari_krull_seed0/checkpoints/step-000068750.pt,/home/haselab/projects/stable-deep-world-model/logs/models/from_scratch_atari_krull_vta_3seed_to_400000_20260208_112207/atari_krull_seed0/eval_eps/20260208T180330-44487f1ea8c44b5eaf22e05d1a89f711-1974.npz,1385,1405,0.0,8.080087373031564e-19,1.541789174079895,10.650757789611816,0.0,10.867842674255371,nan,nan,nan,nan
atari_krull,/home/haselab/projects/stable-deep-world-model/logs/models/from_scratch_atari_krull_vta_3seed_to_400000_20260208_112207/atari_krull_seed0,/home/haselab/projects/stable-deep-world-model/logs/models/from_scratch_atari_krull_vta_3seed_to_400000_20260208_112207/atari_krull_seed0/checkpoints/step-000068750.pt,/home/haselab/projects/stable-deep-world-model/logs/models/from_scratch_atari_krull_vta_3seed_to_400000_20260208_112207/atari_krull_seed0/eval_eps/20260208T180330-44487f1ea8c44b5eaf22e05d1a89f711-1974.npz,1390,1410,0.0,3.379186283056838e-22,1.4893968105316162,10.980772018432617,0.0,11.209137916564941,nan,nan,nan,nan
atari_krull,/home/haselab/projects/stable-deep-world-model/logs/models/from_scratch_atari_krull_vta_3seed_to_400000_20260208_112207/atari_krull_seed0,/home/haselab/projects/stable-deep-world-model/logs/models/from_scratch_atari_krull_vta_3seed_to_400000_20260208_112207/atari_krull_seed0/checkpoints/step-000068750.pt,/home/haselab/projects/stable-deep-world-model/logs/models/from_scratch_atari_krull_vta_3seed_to_400000_20260208_112207/atari_krull_seed0/eval_eps/20260208T180330-44487f1ea8c44b5eaf22e05d1a89f711-1974.npz,1395,1415,0.0,2.5786482169546377e-22,1.3624303340911865,10.889750480651855,0.0,11.152787208557129,nan,nan,nan,nan
atari_krull,/home/haselab/projects/stable-deep-world-model/logs/models/from_scratch_atari_krull_vta_3seed_to_400000_20260208_112207/atari_krull_seed0,/home/haselab/projects/stable-deep-world-model/logs/models/from_scratch_atari_krull_vta_3seed_to_400000_20260208_112207/atari_krull_seed0/checkpoints/step-000068750.pt,/home/haselab/projects/stable-deep-world-model/logs/models/from_scratch_atari_krull_vta_3seed_to_400000_20260208_112207/atari_krull_seed0/eval_eps/20260208T180330-44487f1ea8c44b5eaf22e05d1a89f711-1974.npz,1400,1420,0.0,6.715598760784165e-23,1.306936502456665,10.916808128356934,0.0,11.257637977600098,nan,nan,nan,nan
atari_krull,/home/haselab/projects/stable-deep-world-model/logs/models/from_scratch_atari_krull_vta_3seed_to_400000_20260208_112207/atari_krull_seed0,/home/haselab/projects/stable-deep-world-model/logs/models/from_scratch_atari_krull_vta_3seed_to_400000_20260208_112207/atari_krull_seed0/checkpoints/step-000068750.pt,/home/haselab/projects/stable-deep-world-model/logs/models/from_scratch_atari_krull_vta_3seed_to_400000_20260208_112207/atari_krull_seed0/eval_eps/20260208T180330-44487f1ea8c44b5eaf22e05d1a89f711-1974.npz,1405,1425,0.0,2.73869736611567e-22,1.2903081178665161,11.022038459777832,0.0,11.433416366577148,nan,nan,nan,nan
atari_krull,/home/haselab/projects/stable-deep-world-model/logs/models/from_scratch_atari_krull_vta_3seed_to_400000_20260208_112207/atari_krull_seed0,/home/haselab/projects/stable-deep-world-model/logs/models/from_scratch_atari_krull_vta_3seed_to_400000_20260208_112207/atari_krull_seed0/checkpoints/step-000068750.pt,/home/haselab/projects/stable-deep-world-model/logs/models/from_scratch_atari_krull_vta_3seed_to_400000_20260208_112207/atari_krull_seed0/eval_eps/20260208T180330-44487f1ea8c44b5eaf22e05d1a89f711-1974.npz,1410,1430,0.0,2.515629464006769e-22,1.2420532703399658,11.028347969055176,0.0,11.56749153137207,nan,nan,nan,nan
atari_krull,/home/haselab/projects/stable-deep-world-model/logs/models/from_scratch_atari_krull_vta_3seed_to_400000_20260208_112207/atari_krull_seed0,/home/haselab/projects/stable-deep-world-model/logs/models/from_scratch_atari_krull_vta_3seed_to_400000_20260208_112207/atari_krull_seed0/checkpoints/step-000068750.pt,/home/haselab/projects/stable-deep-world-model/logs/models/from_scratch_atari_krull_vta_3seed_to_400000_20260208_112207/atari_krull_seed0/eval_eps/20260208T180330-44487f1ea8c44b5eaf22e05d1a89f711-1974.npz,1415,1435,0.0,2.2626459368879703e-22,1.2403165102005005,11.197386741638184,0.0,11.801131248474121,nan,nan,nan,nan
atari_krull,/home/haselab/projects/stable-deep-world-model/logs/models/from_scratch_atari_krull_vta_3seed_to_400000_20260208_112207/atari_krull_seed0,/home/haselab/projects/stable-deep-world-model/logs/models/from_scratch_atari_krull_vta_3seed_to_400000_20260208_112207/atari_krull_seed0/checkpoints/step-000068750.pt,/home/haselab/projects/stable-deep-world-model/logs/models/from_scratch_atari_krull_vta_3seed_to_400000_20260208_112207/atari_krull_seed0/eval_eps/20260208T180330-44487f1ea8c44b5eaf22e05d1a89f711-1974.npz,1420,1440,0.0,2.3505475084881717e-22,1.225171446800232,11.253089904785156,0.0,11.603585243225098,nan,nan,nan,nan
atari_krull,/home/haselab/projects/stable-deep-world-model/logs/models/from_scratch_atari_krull_vta_3seed_to_400000_20260208_112207/atari_krull_seed0,/home/haselab/projects/stable-deep-world-model/logs/models/from_scratch_atari_krull_vta_3seed_to_400000_20260208_112207/atari_krull_seed0/checkpoints/step-000068750.pt,/home/haselab/projects/stable-deep-world-model/logs/models/from_scratch_atari_krull_vta_3seed_to_400000_20260208_112207/atari_krull_seed0/eval_eps/20260208T180330-44487f1ea8c44b5eaf22e05d1a89f711-1974.npz,1425,1445,0.0,1.963374576205699e-22,1.220790982246399,11.434306144714355,0.0,11.76937484741211,nan,nan,nan,nan
atari_krull,/home/haselab/projects/stable-deep-world-model/logs/models/from_scratch_atari_krull_vta_3seed_to_400000_20260208_112207/atari_krull_seed0,/home/haselab/projects/stable-deep-world-model/logs/models/from_scratch_atari_krull_vta_3seed_to_400000_20260208_112207/atari_krull_seed0/checkpoints/step-000068750.pt,/home/haselab/projects/stable-deep-world-model/logs/models/from_scratch_atari_krull_vta_3seed_to_400000_20260208_112207/atari_krull_seed0/eval_eps/20260208T180330-44487f1ea8c44b5eaf22e05d1a89f711-1974.npz,1430,1450,0.0,1.9839225726294064e-22,1.2243176698684692,11.451995849609375,0.0,11.765070915222168,nan,nan,nan,nan
atari_krull,/home/haselab/projects/stable-deep-world-model/logs/models/from_scratch_atari_krull_vta_3seed_to_400000_20260208_112207/atari_krull_seed0,/home/haselab/projects/stable-deep-world-model/logs/models/from_scratch_atari_krull_vta_3seed_to_400000_20260208_112207/atari_krull_seed0/checkpoints/step-000068750.pt,/home/haselab/projects/stable-deep-world-model/logs/models/from_scratch_atari_krull_vta_3seed_to_400000_20260208_112207/atari_krull_seed0/eval_eps/20260208T180330-44487f1ea8c44b5eaf22e05d1a89f711-1974.npz,1435,1455,0.0,1.8936892544111165e-21,1.2207257747650146,11.442930221557617,0.0,11.68122386932373,nan,nan,nan,nan
atari_krull,/home/haselab/projects/stable-deep-world-model/logs/models/from_scratch_atari_krull_vta_3seed_to_400000_20260208_112207/atari_krull_seed0,/home/haselab/projects/stable-deep-world-model/logs/models/from_scratch_atari_krull_vta_3seed_to_400000_20260208_112207/atari_krull_seed0/checkpoints/step-000068750.pt,/home/haselab/projects/stable-deep-world-model/logs/models/from_scratch_atari_krull_vta_3seed_to_400000_20260208_112207/atari_krull_seed0/eval_eps/20260208T180330-44487f1ea8c44b5eaf22e05d1a89f711-1974.npz,1440,1460,0.0,4.51271795298331e-19,1.2363181114196777,11.283805847167969,0.0,11.723321914672852,nan,nan,nan,nan
atari_krull,/home/haselab/projects/stable-deep-world-model/logs/models/from_scratch_atari_krull_vta_3seed_to_400000_20260208_112207/atari_krull_seed0,/home/haselab/projects/stable-deep-world-model/logs/models/from_scratch_atari_krull_vta_3seed_to_400000_20260208_112207/atari_krull_seed0/checkpoints/step-000068750.pt,/home/haselab/projects/stable-deep-world-model/logs/models/from_scratch_atari_krull_vta_3seed_to_400000_20260208_112207/atari_krull_seed0/eval_eps/20260208T180330-44487f1ea8c44b5eaf22e05d1a89f711-1974.npz,1445,1465,0.0,4.514936864976484e-19,1.2275398969650269,10.396849632263184,0.0,10.885722160339355,nan,nan,nan,nan
atari_krull,/home/haselab/projects/stable-deep-world-model/logs/models/from_scratch_atari_krull_vta_3seed_to_400000_20260208_112207/atari_krull_seed0,/home/haselab/projects/stable-deep-world-model/logs/models/from_scratch_atari_krull_vta_3seed_to_400000_20260208_112207/atari_krull_seed0/checkpoints/step-000068750.pt,/home/haselab/projects/stable-deep-world-model/logs/models/from_scratch_atari_krull_vta_3seed_to_400000_20260208_112207/atari_krull_seed0/eval_eps/20260208T180330-44487f1ea8c44b5eaf22e05d1a89f711-1974.npz,1450,1470,0.0,3.2641479617483126e-18,1.1369107961654663,9.346007347106934,0.0,9.819154739379883,nan,nan,nan,nan
atari_krull,/home/haselab/projects/stable-deep-world-model/logs/models/from_scratch_atari_krull_vta_3seed_to_400000_20260208_112207/atari_krull_seed0,/home/haselab/projects/stable-deep-world-model/logs/models/from_scratch_atari_krull_vta_3seed_to_400000_20260208_112207/atari_krull_seed0/checkpoints/step-000068750.pt,/home/haselab/projects/stable-deep-world-model/logs/models/from_scratch_atari_krull_vta_3seed_to_400000_20260208_112207/atari_krull_seed0/eval_eps/20260208T180330-44487f1ea8c44b5eaf22e05d1a89f711-1974.npz,1455,1475,0.0,1.4318524461259287e-15,1.1021016836166382,8.032073020935059,0.0,8.517334938049316,nan,nan,nan,nan
atari_krull,/home/haselab/projects/stable-deep-world-model/logs/models/from_scratch_atari_krull_vta_3seed_to_400000_20260208_112207/atari_krull_seed0,/home/haselab/projects/stable-deep-world-model/logs/models/from_scratch_atari_krull_vta_3seed_to_400000_20260208_112207/atari_krull_seed0/checkpoints/step-000068750.pt,/home/haselab/projects/stable-deep-world-model/logs/models/from_scratch_atari_krull_vta_3seed_to_400000_20260208_112207/atari_krull_seed0/eval_eps/20260208T180330-44487f1ea8c44b5eaf22e05d1a89f711-1974.npz,1460,1480,0.0,1.431403518663884e-15,0.9506672620773315,6.349740505218506,0.0,6.894761085510254,nan,nan,nan,nan
atari_krull,/home/haselab/projects/stable-deep-world-model/logs/models/from_scratch_atari_krull_vta_3seed_to_400000_20260208_112207/atari_krull_seed0,/home/haselab/projects/stable-deep-world-model/logs/models/from_scratch_atari_krull_vta_3seed_to_400000_20260208_112207/atari_krull_seed0/checkpoints/step-000068750.pt,/home/haselab/projects/stable-deep-world-model/logs/models/from_scratch_atari_krull_vta_3seed_to_400000_20260208_112207/atari_krull_seed0/eval_eps/20260208T180330-44487f1ea8c44b5eaf22e05d1a89f711-1974.npz,1465,1485,0.0,1.4319068679927898e-15,0.7183361053466797,4.60496711730957,0.0,5.443884372711182,nan,nan,nan,nan
atari_krull,/home/haselab/projects/stable-deep-world-model/logs/models/from_scratch_atari_krull_vta_3seed_to_400000_20260208_112207/atari_krull_seed0,/home/haselab/projects/stable-deep-world-model/logs/models/from_scratch_atari_krull_vta_3seed_to_400000_20260208_112207/atari_krull_seed0/checkpoints/step-000068750.pt,/home/haselab/projects/stable-deep-world-model/logs/models/from_scratch_atari_krull_vta_3seed_to_400000_20260208_112207/atari_krull_seed0/eval_eps/20260208T180330-44487f1ea8c44b5eaf22e05d1a89f711-1974.npz,1470,1490,0.0,1.4930884812894415e-15,0.544507622718811,3.265009641647339,0.0,4.371162414550781,nan,nan,nan,nan
atari_krull,/home/haselab/projects/stable-deep-world-model/logs/models/from_scratch_atari_krull_vta_3seed_to_400000_20260208_112207/atari_krull_seed0,/home/haselab/projects/stable-deep-world-model/logs/models/from_scratch_atari_krull_vta_3seed_to_400000_20260208_112207/atari_krull_seed0/checkpoints/step-000068750.pt,/home/haselab/projects/stable-deep-world-model/logs/models/from_scratch_atari_krull_vta_3seed_to_400000_20260208_112207/atari_krull_seed0/eval_eps/20260208T180330-44487f1ea8c44b5eaf22e05d1a89f711-1974.npz,1475,1495,0.0,3.539578103612718e-16,0.2650761008262634,1.8173081874847412,0.0,3.2626819610595703,nan,nan,nan,nan
atari_krull,/home/haselab/projects/stable-deep-world-model/logs/models/from_scratch_atari_krull_vta_3seed_to_400000_20260208_112207/atari_krull_seed0,/home/haselab/projects/stable-deep-world-model/logs/models/from_scratch_atari_krull_vta_3seed_to_400000_20260208_112207/atari_krull_seed0/checkpoints/step-000068750.pt,/home/haselab/projects/stable-deep-world-model/logs/models/from_scratch_atari_krull_vta_3seed_to_400000_20260208_112207/atari_krull_seed0/eval_eps/20260208T180330-44487f1ea8c44b5eaf22e05d1a89f711-1974.npz,1480,1500,0.0,1.067196080245243e-15,0.23168018460273743,1.274047613143921,0.0,2.9263951778411865,nan,nan,nan,nan
atari_krull,/home/haselab/projects/stable-deep-world-model/logs/models/from_scratch_atari_krull_vta_3seed_to_400000_20260208_112207/atari_krull_seed0,/home/haselab/projects/stable-deep-world-model/logs/models/from_scratch_atari_krull_vta_3seed_to_400000_20260208_112207/atari_krull_seed0/checkpoints/step-000068750.pt,/home/haselab/projects/stable-deep-world-model/logs/models/from_scratch_atari_krull_vta_3seed_to_400000_20260208_112207/atari_krull_seed0/eval_eps/20260208T180330-44487f1ea8c44b5eaf22e05d1a89f711-1974.npz,1485,1505,0.0,1.0721937863922802e-15,0.44182148575782776,1.9044586420059204,0.0,3.4169297218322754,nan,nan,nan,nan
atari_krull,/home/haselab/projects/stable-deep-world-model/logs/models/from_scratch_atari_krull_vta_3seed_to_400000_20260208_112207/atari_krull_seed0,/home/haselab/projects/stable-deep-world-model/logs/models/from_scratch_atari_krull_vta_3seed_to_400000_20260208_112207/atari_krull_seed0/checkpoints/step-000068750.pt,/home/haselab/projects/stable-deep-world-model/logs/models/from_scratch_atari_krull_vta_3seed_to_400000_20260208_112207/atari_krull_seed0/eval_eps/20260208T180330-44487f1ea8c44b5eaf22e05d1a89f711-1974.npz,1490,1510,0.0,1.7072897728811348e-15,0.6677257418632507,2.8036372661590576,0.0,4.157068729400635,nan,nan,nan,nan
atari_krull,/home/haselab/projects/stable-deep-world-model/logs/models/from_scratch_atari_krull_vta_3seed_to_400000_20260208_112207/atari_krull_seed0,/home/haselab/projects/stable-deep-world-model/logs/models/from_scratch_atari_krull_vta_3seed_to_400000_20260208_112207/atari_krull_seed0/checkpoints/step-000068750.pt,/home/haselab/projects/stable-deep-world-model/logs/models/from_scratch_atari_krull_vta_3seed_to_400000_20260208_112207/atari_krull_seed0/eval_eps/20260208T180330-44487f1ea8c44b5eaf22e05d1a89f711-1974.npz,1495,1515,0.0,1.4767055935401225e-15,1.0023517608642578,4.654319763183594,0.0,5.657101154327393,nan,nan,nan,nan
atari_krull,/home/haselab/projects/stable-deep-world-model/logs/models/from_scratch_atari_krull_vta_3seed_to_400000_20260208_112207/atari_krull_seed0,/home/haselab/projects/stable-deep-world-model/logs/models/from_scratch_atari_krull_vta_3seed_to_400000_20260208_112207/atari_krull_seed0/checkpoints/step-000068750.pt,/home/haselab/projects/stable-deep-world-model/logs/models/from_scratch_atari_krull_vta_3seed_to_400000_20260208_112207/atari_krull_seed0/eval_eps/20260208T180330-44487f1ea8c44b5eaf22e05d1a89f711-1974.npz,1500,1520,0.0,7.776297674738023e-16,1.2099523544311523,6.730771064758301,0.0,7.501964569091797,nan,nan,nan,nan
atari_krull,/home/haselab/projects/stable-deep-world-model/logs/models/from_scratch_atari_krull_vta_3seed_to_400000_20260208_112207/atari_krull_seed0,/home/haselab/projects/stable-deep-world-model/logs/models/from_scratch_atari_krull_vta_3seed_to_400000_20260208_112207/atari_krull_seed0/checkpoints/step-000068750.pt,/home/haselab/projects/stable-deep-world-model/logs/models/from_scratch_atari_krull_vta_3seed_to_400000_20260208_112207/atari_krull_seed0/eval_eps/20260208T180330-44487f1ea8c44b5eaf22e05d1a89f711-1974.npz,1505,1525,0.0,7.72161163947651e-16,1.3184387683868408,8.420061111450195,0.0,8.917200088500977,nan,nan,nan,nan
atari_krull,/home/haselab/projects/stable-deep-world-model/logs/models/from_scratch_atari_krull_vta_3seed_to_400000_20260208_112207/atari_krull_seed0,/home/haselab/projects/stable-deep-world-model/logs/models/from_scratch_atari_krull_vta_3seed_to_400000_20260208_112207/atari_krull_seed0/checkpoints/step-000068750.pt,/home/haselab/projects/stable-deep-world-model/logs/models/from_scratch_atari_krull_vta_3seed_to_400000_20260208_112207/atari_krull_seed0/eval_eps/20260208T180330-44487f1ea8c44b5eaf22e05d1a89f711-1974.npz,1510,1530,0.0,7.372192284586186e-17,1.490425705909729,10.221478462219238,0.0,10.57526683807373,nan,nan,nan,nan
atari_krull,/home/haselab/projects/stable-deep-world-model/logs/models/from_scratch_atari_krull_vta_3seed_to_400000_20260208_112207/atari_krull_seed0,/home/haselab/projects/stable-deep-world-model/logs/models/from_scratch_atari_krull_vta_3seed_to_400000_20260208_112207/atari_krull_seed0/checkpoints/step-000068750.pt,/home/haselab/projects/stable-deep-world-model/logs/models/from_scratch_atari_krull_vta_3seed_to_400000_20260208_112207/atari_krull_seed0/eval_eps/20260208T180330-44487f1ea8c44b5eaf22e05d1a89f711-1974.npz,1515,1535,0.0,1.4901776194789776e-17,1.4994328022003174,11.954975128173828,0.0,12.293128967285156,nan,nan,nan,nan
atari_krull,/home/haselab/projects/stable-deep-world-model/logs/models/from_scratch_atari_krull_vta_3seed_to_400000_20260208_112207/atari_krull_seed0,/home/haselab/projects/stable-deep-world-model/logs/models/from_scratch_atari_krull_vta_3seed_to_400000_20260208_112207/atari_krull_seed0/checkpoints/step-000068750.pt,/home/haselab/projects/stable-deep-world-model/logs/models/from_scratch_atari_krull_vta_3seed_to_400000_20260208_112207/atari_krull_seed0/eval_eps/20260208T180330-44487f1ea8c44b5eaf22e05d1a89f711-1974.npz,1520,1540,0.0,9.015529384155532e-19,1.5418847799301147,12.756914138793945,0.0,12.91676139831543,nan,nan,nan,nan
atari_krull,/home/haselab/projects/stable-deep-world-model/logs/models/from_scratch_atari_krull_vta_3seed_to_400000_20260208_112207/atari_krull_seed0,/home/haselab/projects/stable-deep-world-model/logs/models/from_scratch_atari_krull_vta_3seed_to_400000_20260208_112207/atari_krull_seed0/checkpoints/step-000068750.pt,/home/haselab/projects/stable-deep-world-model/logs/models/from_scratch_atari_krull_vta_3seed_to_400000_20260208_112207/atari_krull_seed0/eval_eps/20260208T180330-44487f1ea8c44b5eaf22e05d1a89f711-1974.npz,1525,1545,0.0,8.964844926097111e-19,1.5189353227615356,13.375271797180176,0.0,13.740484237670898,nan,nan,nan,nan
atari_krull,/home/haselab/projects/stable-deep-world-model/logs/models/from_scratch_atari_krull_vta_3seed_to_400000_20260208_112207/atari_krull_seed0,/home/haselab/projects/stable-deep-world-model/logs/models/from_scratch_atari_krull_vta_3seed_to_400000_20260208_112207/atari_krull_seed0/checkpoints/step-000068750.pt,/home/haselab/projects/stable-deep-world-model/logs/models/from_scratch_atari_krull_vta_3seed_to_400000_20260208_112207/atari_krull_seed0/eval_eps/20260208T180330-44487f1ea8c44b5eaf22e05d1a89f711-1974.npz,1530,1550,0.0,3.149396346926965e-16,1.4616278409957886,13.870905876159668,0.0,14.357292175292969,nan,nan,nan,nan
atari_krull,/home/haselab/projects/stable-deep-world-model/logs/models/from_scratch_atari_krull_vta_3seed_to_400000_20260208_112207/atari_krull_seed0,/home/haselab/projects/stable-deep-world-model/logs/models/from_scratch_atari_krull_vta_3seed_to_400000_20260208_112207/atari_krull_seed0/checkpoints/step-000068750.pt,/home/haselab/projects/stable-deep-world-model/logs/models/from_scratch_atari_krull_vta_3seed_to_400000_20260208_112207/atari_krull_seed0/eval_eps/20260208T180330-44487f1ea8c44b5eaf22e05d1a89f711-1974.npz,1535,1555,0.0,3.14888759776302e-16,1.4782979488372803,13.444007873535156,0.0,13.975372314453125,nan,nan,nan,nan
atari_krull,/home/haselab/projects/stable-deep-world-model/logs/models/from_scratch_atari_krull_vta_3seed_to_400000_20260208_112207/atari_krull_seed0,/home/haselab/projects/stable-deep-world-model/logs/models/from_scratch_atari_krull_vta_3seed_to_400000_20260208_112207/atari_krull_seed0/checkpoints/step-000068750.pt,/home/haselab/projects/stable-deep-world-model/logs/models/from_scratch_atari_krull_vta_3seed_to_400000_20260208_112207/atari_krull_seed0/eval_eps/20260208T180330-44487f1ea8c44b5eaf22e05d1a89f711-1974.npz,1540,1560,0.0,3.4615417522755674e-16,1.485246181488037,13.744300842285156,0.0,14.31042194366455,nan,nan,nan,nan
atari_krull,/home/haselab/projects/stable-deep-world-model/logs/models/from_scratch_atari_krull_vta_3seed_to_400000_20260208_112207/atari_krull_seed0,/home/haselab/projects/stable-deep-world-model/logs/models/from_scratch_atari_krull_vta_3seed_to_400000_20260208_112207/atari_krull_seed0/checkpoints/step-000068750.pt,/home/haselab/projects/stable-deep-world-model/logs/models/from_scratch_atari_krull_vta_3seed_to_400000_20260208_112207/atari_krull_seed0/eval_eps/20260208T180330-44487f1ea8c44b5eaf22e05d1a89f711-1974.npz,1545,1565,0.0,3.461288171786983e-16,1.4762669801712036,13.688901901245117,0.0,14.071176528930664,nan,nan,nan,nan
atari_krull,/home/haselab/projects/stable-deep-world-model/logs/models/from_scratch_atari_krull_vta_3seed_to_400000_20260208_112207/atari_krull_seed0,/home/haselab/projects/stable-deep-world-model/logs/models/from_scratch_atari_krull_vta_3seed_to_400000_20260208_112207/atari_krull_seed0/checkpoints/step-000068750.pt,/home/haselab/projects/stable-deep-world-model/logs/models/from_scratch_atari_krull_vta_3seed_to_400000_20260208_112207/atari_krull_seed0/eval_eps/20260208T180330-44487f1ea8c44b5eaf22e05d1a89f711-1974.npz,1550,1570,0.0,3.228285753086229e-17,1.4829496145248413,13.572900772094727,0.0,13.893716812133789,nan,nan,nan,nan
atari_krull,/home/haselab/projects/stable-deep-world-model/logs/models/from_scratch_atari_krull_vta_3seed_to_400000_20260208_112207/atari_krull_seed0,/home/haselab/projects/stable-deep-world-model/logs/models/from_scratch_atari_krull_vta_3seed_to_400000_20260208_112207/atari_krull_seed0/checkpoints/step-000068750.pt,/home/haselab/projects/stable-deep-world-model/logs/models/from_scratch_atari_krull_vta_3seed_to_400000_20260208_112207/atari_krull_seed0/eval_eps/20260208T180330-44487f1ea8c44b5eaf22e05d1a89f711-1974.npz,1555,1575,0.0,3.2667119321340126e-17,1.4697868824005127,13.092753410339355,0.0,13.228509902954102,nan,nan,nan,nan
atari_krull,/home/haselab/projects/stable-deep-world-model/logs/models/from_scratch_atari_krull_vta_3seed_to_400000_20260208_112207/atari_krull_seed0,/home/haselab/projects/stable-deep-world-model/logs/models/from_scratch_atari_krull_vta_3seed_to_400000_20260208_112207/atari_krull_seed0/checkpoints/step-000068750.pt,/home/haselab/projects/stable-deep-world-model/logs/models/from_scratch_atari_krull_vta_3seed_to_400000_20260208_112207/atari_krull_seed0/eval_eps/20260208T180330-44487f1ea8c44b5eaf22e05d1a89f711-1974.npz,1560,1580,0.0,1.364453652355461e-18,1.4817618131637573,12.945765495300293,0.0,12.979130744934082,nan,nan,nan,nan
atari_krull,/home/haselab/projects/stable-deep-world-model/logs/models/from_scratch_atari_krull_vta_3seed_to_400000_20260208_112207/atari_krull_seed0,/home/haselab/projects/stable-deep-world-model/logs/models/from_scratch_atari_krull_vta_3seed_to_400000_20260208_112207/atari_krull_seed0/checkpoints/step-000068750.pt,/home/haselab/projects/stable-deep-world-model/logs/models/from_scratch_atari_krull_vta_3seed_to_400000_20260208_112207/atari_krull_seed0/eval_eps/20260208T180330-44487f1ea8c44b5eaf22e05d1a89f711-1974.npz,1565,1585,0.0,1.4071894217151303e-18,1.4611461162567139,12.660451889038086,0.0,12.700068473815918,nan,nan,nan,nan
atari_krull,/home/haselab/projects/stable-deep-world-model/logs/models/from_scratch_atari_krull_vta_3seed_to_400000_20260208_112207/atari_krull_seed0,/home/haselab/projects/stable-deep-world-model/logs/models/from_scratch_atari_krull_vta_3seed_to_400000_20260208_112207/atari_krull_seed0/checkpoints/step-000068750.pt,/home/haselab/projects/stable-deep-world-model/logs/models/from_scratch_atari_krull_vta_3seed_to_400000_20260208_112207/atari_krull_seed0/eval_eps/20260208T180330-44487f1ea8c44b5eaf22e05d1a89f711-1974.npz,1570,1590,0.0,5.949272803431956e-18,1.4449554681777954,11.913105010986328,0.0,11.869771957397461,nan,nan,nan,nan
atari_krull,/home/haselab/projects/stable-deep-world-model/logs/models/from_scratch_atari_krull_vta_3seed_to_400000_20260208_112207/atari_krull_seed0,/home/haselab/projects/stable-deep-world-model/logs/models/from_scratch_atari_krull_vta_3seed_to_400000_20260208_112207/atari_krull_seed0/checkpoints/step-000068750.pt,/home/haselab/projects/stable-deep-world-model/logs/models/from_scratch_atari_krull_vta_3seed_to_400000_20260208_112207/atari_krull_seed0/eval_eps/20260208T180330-44487f1ea8c44b5eaf22e05d1a89f711-1974.npz,1575,1595,0.0,1.163302724767929e-17,1.3674089908599854,11.501731872558594,0.0,11.580252647399902,nan,nan,nan,nan
atari_krull,/home/haselab/projects/stable-deep-world-model/logs/models/from_scratch_atari_krull_vta_3seed_to_400000_20260208_112207/atari_krull_seed0,/home/haselab/projects/stable-deep-world-model/logs/models/from_scratch_atari_krull_vta_3seed_to_400000_20260208_112207/atari_krull_seed0/checkpoints/step-000068750.pt,/home/haselab/projects/stable-deep-world-model/logs/models/from_scratch_atari_krull_vta_3seed_to_400000_20260208_112207/atari_krull_seed0/eval_eps/20260208T180330-44487f1ea8c44b5eaf22e05d1a89f711-1974.npz,1580,1600,0.0,2.875944994795715e-16,1.2174882888793945,10.031915664672852,0.0,10.330123901367188,nan,nan,nan,nan
atari_krull,/home/haselab/projects/stable-deep-world-model/logs/models/from_scratch_atari_krull_vta_3seed_to_400000_20260208_112207/atari_krull_seed0,/home/haselab/projects/stable-deep-world-model/logs/models/from_scratch_atari_krull_vta_3seed_to_400000_20260208_112207/atari_krull_seed0/checkpoints/step-000068750.pt,/home/haselab/projects/stable-deep-world-model/logs/models/from_scratch_atari_krull_vta_3seed_to_400000_20260208_112207/atari_krull_seed0/eval_eps/20260208T180330-44487f1ea8c44b5eaf22e05d1a89f711-1974.npz,1585,1605,0.0,2.8763290712977355e-16,1.0833055973052979,8.432641983032227,0.0,8.860597610473633,nan,nan,nan,nan
atari_krull,/home/haselab/projects/stable-deep-world-model/logs/models/from_scratch_atari_krull_vta_3seed_to_400000_20260208_112207/atari_krull_seed0,/home/haselab/projects/stable-deep-world-model/logs/models/from_scratch_atari_krull_vta_3seed_to_400000_20260208_112207/atari_krull_seed0/checkpoints/step-000068750.pt,/home/haselab/projects/stable-deep-world-model/logs/models/from_scratch_atari_krull_vta_3seed_to_400000_20260208_112207/atari_krull_seed0/eval_eps/20260208T180330-44487f1ea8c44b5eaf22e05d1a89f711-1974.npz,1590,1610,0.0,2.8329752780793e-16,0.8749970197677612,6.482157230377197,0.0,7.331779479980469,nan,nan,nan,nan
atari_krull,/home/haselab/projects/stable-deep-world-model/logs/models/from_scratch_atari_krull_vta_3seed_to_400000_20260208_112207/atari_krull_seed0,/home/haselab/projects/stable-deep-world-model/logs/models/from_scratch_atari_krull_vta_3seed_to_400000_20260208_112207/atari_krull_seed0/checkpoints/step-000068750.pt,/home/haselab/projects/stable-deep-world-model/logs/models/from_scratch_atari_krull_vta_3seed_to_400000_20260208_112207/atari_krull_seed0/eval_eps/20260208T180330-44487f1ea8c44b5eaf22e05d1a89f711-1974.npz,1595,1615,0.05,0.05000000074505806,1.5022742748260498,5.568272113800049,0.394164502620697,6.431077003479004,7.057462215423584,9.801911354064941,7.8832902908325195,11.043450355529785
atari_krull,/home/haselab/projects/stable-deep-world-model/logs/models/from_scratch_atari_krull_vta_3seed_to_400000_20260208_112207/atari_krull_seed0,/home/haselab/projects/stable-deep-world-model/logs/models/from_scratch_atari_krull_vta_3seed_to_400000_20260208_112207/atari_krull_seed0/checkpoints/step-000068750.pt,/home/haselab/projects/stable-deep-world-model/logs/models/from_scratch_atari_krull_vta_3seed_to_400000_20260208_112207/atari_krull_seed0/eval_eps/20260208T180330-44487f1ea8c44b5eaf22e05d1a89f711-1974.npz,1600,1620,0.05,0.05000000074505806,1.873456597328186,4.808943271636963,0.394164502620697,5.584146499633789,7.057462215423584,9.801911354064941,7.8832902908325195,11.043450355529785
atari_krull,/home/haselab/projects/stable-deep-world-model/logs/models/from_scratch_atari_krull_vta_3seed_to_400000_20260208_112207/atari_krull_seed0,/home/haselab/projects/stable-deep-world-model/logs/models/from_scratch_atari_krull_vta_3seed_to_400000_20260208_112207/atari_krull_seed0/checkpoints/step-000068750.pt,/home/haselab/projects/stable-deep-world-model/logs/models/from_scratch_atari_krull_vta_3seed_to_400000_20260208_112207/atari_krull_seed0/eval_eps/20260208T180330-44487f1ea8c44b5eaf22e05d1a89f711-1974.npz,1605,1625,0.05,0.05000000074505806,2.348808526992798,4.669762134552002,0.394164502620697,5.424792289733887,7.057462215423584,9.801911354064941,7.8832902908325195,11.043450355529785
atari_krull,/home/haselab/projects/stable-deep-world-model/logs/models/from_scratch_atari_krull_vta_3seed_to_400000_20260208_112207/atari_krull_seed0,/home/haselab/projects/stable-deep-world-model/logs/models/from_scratch_atari_krull_vta_3seed_to_400000_20260208_112207/atari_krull_seed0/checkpoints/step-000068750.pt,/home/haselab/projects/stable-deep-world-model/logs/models/from_scratch_atari_krull_vta_3seed_to_400000_20260208_112207/atari_krull_seed0/eval_eps/20260208T180330-44487f1ea8c44b5eaf22e05d1a89f711-1974.npz,1610,1630,0.05,0.05000000074505806,2.762904167175293,4.851776123046875,0.394164502620697,5.322718620300293,7.057462215423584,9.801911354064941,7.8832902908325195,11.043450355529785
atari_krull,/home/haselab/projects/stable-deep-world-model/logs/models/from_scratch_atari_krull_vta_3seed_to_400000_20260208_112207/atari_krull_seed0,/home/haselab/projects/stable-deep-world-model/logs/models/from_scratch_atari_krull_vta_3seed_to_400000_20260208_112207/atari_krull_seed0/checkpoints/step-000068750.pt,/home/haselab/projects/stable-deep-world-model/logs/models/from_scratch_atari_krull_vta_3seed_to_400000_20260208_112207/atari_krull_seed0/eval_eps/20260208T180330-44487f1ea8c44b5eaf22e05d1a89f711-1974.npz,1615,1635,0.0,1.1473474080536672e-11,2.473525285720825,4.438918113708496,0.0,4.938704490661621,nan,nan,nan,nan
atari_krull,/home/haselab/projects/stable-deep-world-model/logs/models/from_scratch_atari_krull_vta_3seed_to_400000_20260208_112207/atari_krull_seed0,/home/haselab/projects/stable-deep-world-model/logs/models/from_scratch_atari_krull_vta_3seed_to_400000_20260208_112207/atari_krull_seed0/checkpoints/step-000068750.pt,/home/haselab/projects/stable-deep-world-model/logs/models/from_scratch_atari_krull_vta_3seed_to_400000_20260208_112207/atari_krull_seed0/eval_eps/20260208T180330-44487f1ea8c44b5eaf22e05d1a89f711-1974.npz,1620,1640,0.0,1.1478441461210132e-11,2.500669002532959,4.395995140075684,0.0,4.992208957672119,nan,nan,nan,nan
atari_krull,/home/haselab/projects/stable-deep-world-model/logs/models/from_scratch_atari_krull_vta_3seed_to_400000_20260208_112207/atari_krull_seed0,/home/haselab/projects/stable-deep-world-model/logs/models/from_scratch_atari_krull_vta_3seed_to_400000_20260208_112207/atari_krull_seed0/checkpoints/step-000068750.pt,/home/haselab/projects/stable-deep-world-model/logs/models/from_scratch_atari_krull_vta_3seed_to_400000_20260208_112207/atari_krull_seed0/eval_eps/20260208T180330-44487f1ea8c44b5eaf22e05d1a89f711-1974.npz,1625,1645,0.0,1.1443001927957663e-11,2.482247829437256,4.398442268371582,0.0,5.024950981140137,nan,nan,nan,nan
atari_krull,/home/haselab/projects/stable-deep-world-model/logs/models/from_scratch_atari_krull_vta_3seed_to_400000_20260208_112207/atari_krull_seed0,/home/haselab/projects/stable-deep-world-model/logs/models/from_scratch_atari_krull_vta_3seed_to_400000_20260208_112207/atari_krull_seed0/checkpoints/step-000068750.pt,/home/haselab/projects/stable-deep-world-model/logs/models/from_scratch_atari_krull_vta_3seed_to_400000_20260208_112207/atari_krull_seed0/eval_eps/20260208T180330-44487f1ea8c44b5eaf22e05d1a89f711-1974.npz,1630,1650,0.0,2.789497799415841e-12,2.5517117977142334,4.399361610412598,0.0,4.98117733001709,nan,nan,nan,nan
atari_krull,/home/haselab/projects/stable-deep-world-model/logs/models/from_scratch_atari_krull_vta_3seed_to_400000_20260208_112207/atari_krull_seed0,/home/haselab/projects/stable-deep-world-model/logs/models/from_scratch_atari_krull_vta_3seed_to_400000_20260208_112207/atari_krull_seed0/checkpoints/step-000068750.pt,/home/haselab/projects/stable-deep-world-model/logs/models/from_scratch_atari_krull_vta_3seed_to_400000_20260208_112207/atari_krull_seed0/eval_eps/20260208T180330-44487f1ea8c44b5eaf22e05d1a89f711-1974.npz,1635,1655,0.0,3.09986866904588e-12,2.5143508911132812,4.29371976852417,0.0,4.881340503692627,nan,nan,nan,nan
atari_krull,/home/haselab/projects/stable-deep-world-model/logs/models/from_scratch_atari_krull_vta_3seed_to_400000_20260208_112207/atari_krull_seed0,/home/haselab/projects/stable-deep-world-model/logs/models/from_scratch_atari_krull_vta_3seed_to_400000_20260208_112207/atari_krull_seed0/checkpoints/step-000068750.pt,/home/haselab/projects/stable-deep-world-model/logs/models/from_scratch_atari_krull_vta_3seed_to_400000_20260208_112207/atari_krull_seed0/eval_eps/20260208T180330-44487f1ea8c44b5eaf22e05d1a89f711-1974.npz,1640,1660,0.0,3.094912564075014e-12,2.5009610652923584,4.155210494995117,0.0,4.765911102294922,nan,nan,nan,nan
atari_krull,/home/haselab/projects/stable-deep-world-model/logs/models/from_scratch_atari_krull_vta_3seed_to_400000_20260208_112207/atari_krull_seed0,/home/haselab/projects/stable-deep-world-model/logs/models/from_scratch_atari_krull_vta_3seed_to_400000_20260208_112207/atari_krull_seed0/checkpoints/step-000068750.pt,/home/haselab/projects/stable-deep-world-model/logs/models/from_scratch_atari_krull_vta_3seed_to_400000_20260208_112207/atari_krull_seed0/eval_eps/20260208T180330-44487f1ea8c44b5eaf22e05d1a89f711-1974.npz,1645,1665,0.0,3.696936853869737e-12,2.4862170219421387,4.001161098480225,0.0,4.597255229949951,nan,nan,nan,nan
atari_krull,/home/haselab/projects/stable-deep-world-model/logs/models/from_scratch_atari_krull_vta_3seed_to_400000_20260208_112207/atari_krull_seed0,/home/haselab/projects/stable-deep-world-model/logs/models/from_scratch_atari_krull_vta_3seed_to_400000_20260208_112207/atari_krull_seed0/checkpoints/step-000068750.pt,/home/haselab/projects/stable-deep-world-model/logs/models/from_scratch_atari_krull_vta_3seed_to_400000_20260208_112207/atari_krull_seed0/eval_eps/20260208T180330-44487f1ea8c44b5eaf22e05d1a89f711-1974.npz,1650,1670,0.0,9.263578402626815e-13,2.4788365364074707,4.0853657722473145,0.0,4.653965950012207,nan,nan,nan,nan
atari_krull,/home/haselab/projects/stable-deep-world-model/logs/models/from_scratch_atari_krull_vta_3seed_to_400000_20260208_112207/atari_krull_seed0,/home/haselab/projects/stable-deep-world-model/logs/models/from_scratch_atari_krull_vta_3seed_to_400000_20260208_112207/atari_krull_seed0/checkpoints/step-000068750.pt,/home/haselab/projects/stable-deep-world-model/logs/models/from_scratch_atari_krull_vta_3seed_to_400000_20260208_112207/atari_krull_seed0/eval_eps/20260208T180330-44487f1ea8c44b5eaf22e05d1a89f711-1974.npz,1655,1675,0.0,7.694041801245555e-13,2.533414602279663,4.048043251037598,0.0,4.692016124725342,nan,nan,nan,nan
atari_krull,/home/haselab/projects/stable-deep-world-model/logs/models/from_scratch_atari_krull_vta_3seed_to_400000_20260208_112207/atari_krull_seed0,/home/haselab/projects/stable-deep-world-model/logs/models/from_scratch_atari_krull_vta_3seed_to_400000_20260208_112207/atari_krull_seed0/checkpoints/step-000068750.pt,/home/haselab/projects/stable-deep-world-model/logs/models/from_scratch_atari_krull_vta_3seed_to_400000_20260208_112207/atari_krull_seed0/eval_eps/20260208T180330-44487f1ea8c44b5eaf22e05d1a89f711-1974.npz,1660,1680,0.0,7.695262070790687e-13,2.4739551544189453,3.9927985668182373,0.0,4.610282897949219,nan,nan,nan,nan
atari_krull,/home/haselab/projects/stable-deep-world-model/logs/models/from_scratch_atari_krull_vta_3seed_to_400000_20260208_112207/atari_krull_seed0,/home/haselab/projects/stable-deep-world-model/logs/models/from_scratch_atari_krull_vta_3seed_to_400000_20260208_112207/atari_krull_seed0/checkpoints/step-000068750.pt,/home/haselab/projects/stable-deep-world-model/logs/models/from_scratch_atari_krull_vta_3seed_to_400000_20260208_112207/atari_krull_seed0/eval_eps/20260208T180330-44487f1ea8c44b5eaf22e05d1a89f711-1974.npz,1665,1685,0.0,1.660500079450622e-13,2.453756332397461,4.043647766113281,0.0,4.613823890686035,nan,nan,nan,nan
atari_krull,/home/haselab/projects/stable-deep-world-model/logs/models/from_scratch_atari_krull_vta_3seed_to_400000_20260208_112207/atari_krull_seed0,/home/haselab/projects/stable-deep-world-model/logs/models/from_scratch_atari_krull_vta_3seed_to_400000_20260208_112207/atari_krull_seed0/checkpoints/step-000068750.pt,/home/haselab/projects/stable-deep-world-model/logs/models/from_scratch_atari_krull_vta_3seed_to_400000_20260208_112207/atari_krull_seed0/eval_eps/20260208T180330-44487f1ea8c44b5eaf22e05d1a89f711-1974.npz,1670,1690,0.0,1.541677891033974e-13,2.463444232940674,4.168140411376953,0.0,4.763633728027344,nan,nan,nan,nan
atari_krull,/home/haselab/projects/stable-deep-world-model/logs/models/from_scratch_atari_krull_vta_3seed_to_400000_20260208_112207/atari_krull_seed0,/home/haselab/projects/stable-deep-world-model/logs/models/from_scratch_atari_krull_vta_3seed_to_400000_20260208_112207/atari_krull_seed0/checkpoints/step-000068750.pt,/home/haselab/projects/stable-deep-world-model/logs/models/from_scratch_atari_krull_vta_3seed_to_400000_20260208_112207/atari_krull_seed0/eval_eps/20260208T180330-44487f1ea8c44b5eaf22e05d1a89f711-1974.npz,1675,1695,0.0,1.0174206126163177e-15,2.4951252937316895,4.344950199127197,0.0,4.958937168121338,nan,nan,nan,nan
atari_krull,/home/haselab/projects/stable-deep-world-model/logs/models/from_scratch_atari_krull_vta_3seed_to_400000_20260208_112207/atari_krull_seed0,/home/haselab/projects/stable-deep-world-model/logs/models/from_scratch_atari_krull_vta_3seed_to_400000_20260208_112207/atari_krull_seed0/checkpoints/step-000068750.pt,/home/haselab/projects/stable-deep-world-model/logs/models/from_scratch_atari_krull_vta_3seed_to_400000_20260208_112207/atari_krull_seed0/eval_eps/20260208T180330-44487f1ea8c44b5eaf22e05d1a89f711-1974.npz,1680,1700,0.0,5.786166250992819e-12,2.5202107429504395,4.312744617462158,0.0,5.0643157958984375,nan,nan,nan,nan
atari_krull,/home/haselab/projects/stable-deep-world-model/logs/models/from_scratch_atari_krull_vta_3seed_to_400000_20260208_112207/atari_krull_seed0,/home/haselab/projects/stable-deep-world-model/logs/models/from_scratch_atari_krull_vta_3seed_to_400000_20260208_112207/atari_krull_seed0/checkpoints/step-000068750.pt,/home/haselab/projects/stable-deep-world-model/logs/models/from_scratch_atari_krull_vta_3seed_to_400000_20260208_112207/atari_krull_seed0/eval_eps/20260208T180330-44487f1ea8c44b5eaf22e05d1a89f711-1974.npz,1685,1705,0.0,5.786242578825762e-12,2.4786596298217773,4.186971187591553,0.0,4.98845911026001,nan,nan,nan,nan
atari_krull,/home/haselab/projects/stable-deep-world-model/logs/models/from_scratch_atari_krull_vta_3seed_to_400000_20260208_112207/atari_krull_seed0,/home/haselab/projects/stable-deep-world-model/logs/models/from_scratch_atari_krull_vta_3seed_to_400000_20260208_112207/atari_krull_seed0/checkpoints/step-000068750.pt,/home/haselab/projects/stable-deep-world-model/logs/models/from_scratch_atari_krull_vta_3seed_to_400000_20260208_112207/atari_krull_seed0/eval_eps/20260208T180330-44487f1ea8c44b5eaf22e05d1a89f711-1974.npz,1690,1710,0.0,5.785825811510659e-12,2.4767119884490967,4.067221164703369,0.0,4.789374828338623,nan,nan,nan,nan
atari_krull,/home/haselab/projects/stable-deep-world-model/logs/models/from_scratch_atari_krull_vta_3seed_to_400000_20260208_112207/atari_krull_seed0,/home/haselab/projects/stable-deep-world-model/logs/models/from_scratch_atari_krull_vta_3seed_to_400000_20260208_112207/atari_krull_seed0/checkpoints/step-000068750.pt,/home/haselab/projects/stable-deep-world-model/logs/models/from_scratch_atari_krull_vta_3seed_to_400000_20260208_112207/atari_krull_seed0/eval_eps/20260208T180330-44487f1ea8c44b5eaf22e05d1a89f711-1974.npz,1695,1715,0.0,5.785526138030184e-12,2.444136142730713,4.084672451019287,0.0,4.746560573577881,nan,nan,nan,nan
atari_krull,/home/haselab/projects/stable-deep-world-model/logs/models/from_scratch_atari_krull_vta_3seed_to_400000_20260208_112207/atari_krull_seed0,/home/haselab/projects/stable-deep-world-model/logs/models/from_scratch_atari_krull_vta_3seed_to_400000_20260208_112207/atari_krull_seed0/checkpoints/step-000068750.pt,/home/haselab/projects/stable-deep-world-model/logs/models/from_scratch_atari_krull_vta_3seed_to_400000_20260208_112207/atari_krull_seed0/eval_eps/20260208T180330-44487f1ea8c44b5eaf22e05d1a89f711-1974.npz,1700,1720,0.0,2.1072268821357987e-14,2.477396249771118,4.22391414642334,0.0,4.727750778198242,nan,nan,nan,nan
atari_krull,/home/haselab/projects/stable-deep-world-model/logs/models/from_scratch_atari_krull_vta_3seed_to_400000_20260208_112207/atari_krull_seed0,/home/haselab/projects/stable-deep-world-model/logs/models/from_scratch_atari_krull_vta_3seed_to_400000_20260208_112207/atari_krull_seed0/checkpoints/step-000068750.pt,/home/haselab/projects/stable-deep-world-model/logs/models/from_scratch_atari_krull_vta_3seed_to_400000_20260208_112207/atari_krull_seed0/eval_eps/20260208T180330-44487f1ea8c44b5eaf22e05d1a89f711-1974.npz,1705,1725,0.0,9.805203524115846e-12,2.4796462059020996,4.1645731925964355,0.0,4.682159423828125,nan,nan,nan,nan
atari_krull,/home/haselab/projects/stable-deep-world-model/logs/models/from_scratch_atari_krull_vta_3seed_to_400000_20260208_112207/atari_krull_seed0,/home/haselab/projects/stable-deep-world-model/logs/models/from_scratch_atari_krull_vta_3seed_to_400000_20260208_112207/atari_krull_seed0/checkpoints/step-000068750.pt,/home/haselab/projects/stable-deep-world-model/logs/models/from_scratch_atari_krull_vta_3seed_to_400000_20260208_112207/atari_krull_seed0/eval_eps/20260208T180330-44487f1ea8c44b5eaf22e05d1a89f711-1974.npz,1710,1730,0.0,9.830526150056418e-12,2.453730344772339,4.134322643280029,0.0,4.65390157699585,nan,nan,nan,nan
atari_krull,/home/haselab/projects/stable-deep-world-model/logs/models/from_scratch_atari_krull_vta_3seed_to_400000_20260208_112207/atari_krull_seed0,/home/haselab/projects/stable-deep-world-model/logs/models/from_scratch_atari_krull_vta_3seed_to_400000_20260208_112207/atari_krull_seed0/checkpoints/step-000068750.pt,/home/haselab/projects/stable-deep-world-model/logs/models/from_scratch_atari_krull_vta_3seed_to_400000_20260208_112207/atari_krull_seed0/eval_eps/20260208T180330-44487f1ea8c44b5eaf22e05d1a89f711-1974.npz,1715,1735,0.0,9.842575539320553e-12,2.4512076377868652,4.14717960357666,0.0,4.644747734069824,nan,nan,nan,nan
atari_krull,/home/haselab/projects/stable-deep-world-model/logs/models/from_scratch_atari_krull_vta_3seed_to_400000_20260208_112207/atari_krull_seed0,/home/haselab/projects/stable-deep-world-model/logs/models/from_scratch_atari_krull_vta_3seed_to_400000_20260208_112207/atari_krull_seed0/checkpoints/step-000068750.pt,/home/haselab/projects/stable-deep-world-model/logs/models/from_scratch_atari_krull_vta_3seed_to_400000_20260208_112207/atari_krull_seed0/eval_eps/20260208T180330-44487f1ea8c44b5eaf22e05d1a89f711-1974.npz,1720,1740,0.0,9.825801630669595e-12,2.417686939239502,4.332829475402832,0.0,4.770236015319824,nan,nan,nan,nan
atari_krull,/home/haselab/projects/stable-deep-world-model/logs/models/from_scratch_atari_krull_vta_3seed_to_400000_20260208_112207/atari_krull_seed0,/home/haselab/projects/stable-deep-world-model/logs/models/from_scratch_atari_krull_vta_3seed_to_400000_20260208_112207/atari_krull_seed0/checkpoints/step-000068750.pt,/home/haselab/projects/stable-deep-world-model/logs/models/from_scratch_atari_krull_vta_3seed_to_400000_20260208_112207/atari_krull_seed0/eval_eps/20260208T180330-44487f1ea8c44b5eaf22e05d1a89f711-1974.npz,1725,1745,0.0,1.5541460479662206e-11,2.477433443069458,4.476249694824219,0.0,4.897448539733887,nan,nan,nan,nan
atari_krull,/home/haselab/projects/stable-deep-world-model/logs/models/from_scratch_atari_krull_vta_3seed_to_400000_20260208_112207/atari_krull_seed0,/home/haselab/projects/stable-deep-world-model/logs/models/from_scratch_atari_krull_vta_3seed_to_400000_20260208_112207/atari_krull_seed0/checkpoints/step-000068750.pt,/home/haselab/projects/stable-deep-world-model/logs/models/from_scratch_atari_krull_vta_3seed_to_400000_20260208_112207/atari_krull_seed0/eval_eps/20260208T180330-44487f1ea8c44b5eaf22e05d1a89f711-1974.npz,1730,1750,0.0,1.7025917134483315e-11,2.450697898864746,4.447484970092773,0.0,4.939051628112793,nan,nan,nan,nan
atari_krull,/home/haselab/projects/stable-deep-world-model/logs/models/from_scratch_atari_krull_vta_3seed_to_400000_20260208_112207/atari_krull_seed0,/home/haselab/projects/stable-deep-world-model/logs/models/from_scratch_atari_krull_vta_3seed_to_400000_20260208_112207/atari_krull_seed0/checkpoints/step-000068750.pt,/home/haselab/projects/stable-deep-world-model/logs/models/from_scratch_atari_krull_vta_3seed_to_400000_20260208_112207/atari_krull_seed0/eval_eps/20260208T180330-44487f1ea8c44b5eaf22e05d1a89f711-1974.npz,1735,1755,0.0,1.7013709885382866e-11,2.4196460247039795,4.412249565124512,0.0,4.8374714851379395,nan,nan,nan,nan
atari_krull,/home/haselab/projects/stable-deep-world-model/logs/models/from_scratch_atari_krull_vta_3seed_to_400000_20260208_112207/atari_krull_seed0,/home/haselab/projects/stable-deep-world-model/logs/models/from_scratch_atari_krull_vta_3seed_to_400000_20260208_112207/atari_krull_seed0/checkpoints/step-000068750.pt,/home/haselab/projects/stable-deep-world-model/logs/models/from_scratch_atari_krull_vta_3seed_to_400000_20260208_112207/atari_krull_seed0/eval_eps/20260208T180330-44487f1ea8c44b5eaf22e05d1a89f711-1974.npz,1740,1760,0.0,1.7009654101896032e-11,2.426499843597412,4.342569351196289,0.0,4.821597099304199,nan,nan,nan,nan
atari_krull,/home/haselab/projects/stable-deep-world-model/logs/models/from_scratch_atari_krull_vta_3seed_to_400000_20260208_112207/atari_krull_seed0,/home/haselab/projects/stable-deep-world-model/logs/models/from_scratch_atari_krull_vta_3seed_to_400000_20260208_112207/atari_krull_seed0/checkpoints/step-000068750.pt,/home/haselab/projects/stable-deep-world-model/logs/models/from_scratch_atari_krull_vta_3seed_to_400000_20260208_112207/atari_krull_seed0/eval_eps/20260208T180330-44487f1ea8c44b5eaf22e05d1a89f711-1974.npz,1745,1765,0.0,1.509787737538626e-12,2.407646417617798,4.461313724517822,0.0,5.081477642059326,nan,nan,nan,nan
atari_krull,/home/haselab/projects/stable-deep-world-model/logs/models/from_scratch_atari_krull_vta_3seed_to_400000_20260208_112207/atari_krull_seed0,/home/haselab/projects/stable-deep-world-model/logs/models/from_scratch_atari_krull_vta_3seed_to_400000_20260208_112207/atari_krull_seed0/checkpoints/step-000068750.pt,/home/haselab/projects/stable-deep-world-model/logs/models/from_scratch_atari_krull_vta_3seed_to_400000_20260208_112207/atari_krull_seed0/eval_eps/20260208T180330-44487f1ea8c44b5eaf22e05d1a89f711-1974.npz,1750,1770,0.0,4.567134947750591e-16,2.440983772277832,4.568428993225098,0.0,5.246382236480713,nan,nan,nan,nan
atari_krull,/home/haselab/projects/stable-deep-world-model/logs/models/from_scratch_atari_krull_vta_3seed_to_400000_20260208_112207/atari_krull_seed0,/home/haselab/projects/stable-deep-world-model/logs/models/from_scratch_atari_krull_vta_3seed_to_400000_20260208_112207/atari_krull_seed0/checkpoints/step-000068750.pt,/home/haselab/projects/stable-deep-world-model/logs/models/from_scratch_atari_krull_vta_3seed_to_400000_20260208_112207/atari_krull_seed0/eval_eps/20260208T180330-44487f1ea8c44b5eaf22e05d1a89f711-1974.npz,1755,1775,0.0,4.56500042472351e-16,2.460587739944458,4.643488883972168,0.0,5.413523197174072,nan,nan,nan,nan
atari_krull,/home/haselab/projects/stable-deep-world-model/logs/models/from_scratch_atari_krull_vta_3seed_to_400000_20260208_112207/atari_krull_seed0,/home/haselab/projects/stable-deep-world-model/logs/models/from_scratch_atari_krull_vta_3seed_to_400000_20260208_112207/atari_krull_seed0/checkpoints/step-000068750.pt,/home/haselab/projects/stable-deep-world-model/logs/models/from_scratch_atari_krull_vta_3seed_to_400000_20260208_112207/atari_krull_seed0/eval_eps/20260208T180330-44487f1ea8c44b5eaf22e05d1a89f711-1974.npz,1760,1780,0.0,4.564763255498279e-16,2.460965871810913,4.564049243927002,0.0,5.418830871582031,nan,nan,nan,nan
atari_krull,/home/haselab/projects/stable-deep-world-model/logs/models/from_scratch_atari_krull_vta_3seed_to_400000_20260208_112207/atari_krull_seed0,/home/haselab/projects/stable-deep-world-model/logs/models/from_scratch_atari_krull_vta_3seed_to_400000_20260208_112207/atari_krull_seed0/checkpoints/step-000068750.pt,/home/haselab/projects/stable-deep-world-model/logs/models/from_scratch_atari_krull_vta_3seed_to_400000_20260208_112207/atari_krull_seed0/eval_eps/20260208T180330-44487f1ea8c44b5eaf22e05d1a89f711-1974.npz,1765,1785,0.0,4.557311483144809e-16,2.483379364013672,4.4666643142700195,0.0,5.289011001586914,nan,nan,nan,nan
atari_krull,/home/haselab/projects/stable-deep-world-model/logs/models/from_scratch_atari_krull_vta_3seed_to_400000_20260208_112207/atari_krull_seed0,/home/haselab/projects/stable-deep-world-model/logs/models/from_scratch_atari_krull_vta_3seed_to_400000_20260208_112207/atari_krull_seed0/checkpoints/step-000068750.pt,/home/haselab/projects/stable-deep-world-model/logs/models/from_scratch_atari_krull_vta_3seed_to_400000_20260208_112207/atari_krull_seed0/eval_eps/20260208T180330-44487f1ea8c44b5eaf22e05d1a89f711-1974.npz,1770,1790,0.0,3.912631182683164e-20,2.472822427749634,4.464113235473633,0.0,5.4645867347717285,nan,nan,nan,nan
atari_krull,/home/haselab/projects/stable-deep-world-model/logs/models/from_scratch_atari_krull_vta_3seed_to_400000_20260208_112207/atari_krull_seed0,/home/haselab/projects/stable-deep-world-model/logs/models/from_scratch_atari_krull_vta_3seed_to_400000_20260208_112207/atari_krull_seed0/checkpoints/step-000068750.pt,/home/haselab/projects/stable-deep-world-model/logs/models/from_scratch_atari_krull_vta_3seed_to_400000_20260208_112207/atari_krull_seed0/eval_eps/20260208T180330-44487f1ea8c44b5eaf22e05d1a89f711-1974.npz,1775,1795,0.0,3.9394758431234094e-19,2.4553253650665283,4.25917911529541,0.0,5.253628730773926,nan,nan,nan,nan
atari_krull,/home/haselab/projects/stable-deep-world-model/logs/models/from_scratch_atari_krull_vta_3seed_to_400000_20260208_112207/atari_krull_seed0,/home/haselab/projects/stable-deep-world-model/logs/models/from_scratch_atari_krull_vta_3seed_to_400000_20260208_112207/atari_krull_seed0/checkpoints/step-000068750.pt,/home/haselab/projects/stable-deep-world-model/logs/models/from_scratch_atari_krull_vta_3seed_to_400000_20260208_112207/atari_krull_seed0/eval_eps/20260208T180330-44487f1ea8c44b5eaf22e05d1a89f711-1974.npz,1780,1800,0.0,4.15284656514358e-19,2.4245753288269043,4.217301845550537,0.0,5.2634687423706055,nan,nan,nan,nan
atari_krull,/home/haselab/projects/stable-deep-world-model/logs/models/from_scratch_atari_krull_vta_3seed_to_400000_20260208_112207/atari_krull_seed0,/home/haselab/projects/stable-deep-world-model/logs/models/from_scratch_atari_krull_vta_3seed_to_400000_20260208_112207/atari_krull_seed0/checkpoints/step-000068750.pt,/home/haselab/projects/stable-deep-world-model/logs/models/from_scratch_atari_krull_vta_3seed_to_400000_20260208_112207/atari_krull_seed0/eval_eps/20260208T180330-44487f1ea8c44b5eaf22e05d1a89f711-1974.npz,1785,1805,0.0,3.456228936637262e-17,2.4069650173187256,4.144128799438477,0.0,5.146420001983643,nan,nan,nan,nan
atari_krull,/home/haselab/projects/stable-deep-world-model/logs/models/from_scratch_atari_krull_vta_3seed_to_400000_20260208_112207/atari_krull_seed0,/home/haselab/projects/stable-deep-world-model/logs/models/from_scratch_atari_krull_vta_3seed_to_400000_20260208_112207/atari_krull_seed0/checkpoints/step-000068750.pt,/home/haselab/projects/stable-deep-world-model/logs/models/from_scratch_atari_krull_vta_3seed_to_400000_20260208_112207/atari_krull_seed0/eval_eps/20260208T180330-44487f1ea8c44b5eaf22e05d1a89f711-1974.npz,1790,1810,0.0,3.820843533205736e-17,2.4108710289001465,4.130703926086426,0.0,4.903524398803711,nan,nan,nan,nan
atari_krull,/home/haselab/projects/stable-deep-world-model/logs/models/from_scratch_atari_krull_vta_3seed_to_400000_20260208_112207/atari_krull_seed0,/home/haselab/projects/stable-deep-world-model/logs/models/from_scratch_atari_krull_vta_3seed_to_400000_20260208_112207/atari_krull_seed0/checkpoints/step-000068750.pt,/home/haselab/projects/stable-deep-world-model/logs/models/from_scratch_atari_krull_vta_3seed_to_400000_20260208_112207/atari_krull_seed0/eval_eps/20260208T180330-44487f1ea8c44b5eaf22e05d1a89f711-1974.npz,1795,1815,0.0,3.7964982842893203e-17,2.4286606311798096,4.197628974914551,0.0,4.983040809631348,nan,nan,nan,nan
atari_krull,/home/haselab/projects/stable-deep-world-model/logs/models/from_scratch_atari_krull_vta_3seed_to_400000_20260208_112207/atari_krull_seed0,/home/haselab/projects/stable-deep-world-model/logs/models/from_scratch_atari_krull_vta_3seed_to_400000_20260208_112207/atari_krull_seed0/checkpoints/step-000068750.pt,/home/haselab/projects/stable-deep-world-model/logs/models/from_scratch_atari_krull_vta_3seed_to_400000_20260208_112207/atari_krull_seed0/eval_eps/20260208T180330-44487f1ea8c44b5eaf22e05d1a89f711-1974.npz,1800,1820,0.0,4.1142213354211434e-17,2.439487934112549,4.203816890716553,0.0,5.038052558898926,nan,nan,nan,nan
atari_krull,/home/haselab/projects/stable-deep-world-model/logs/models/from_scratch_atari_krull_vta_3seed_to_400000_20260208_112207/atari_krull_seed0,/home/haselab/projects/stable-deep-world-model/logs/models/from_scratch_atari_krull_vta_3seed_to_400000_20260208_112207/atari_krull_seed0/checkpoints/step-000068750.pt,/home/haselab/projects/stable-deep-world-model/logs/models/from_scratch_atari_krull_vta_3seed_to_400000_20260208_112207/atari_krull_seed0/eval_eps/20260208T180330-44487f1ea8c44b5eaf22e05d1a89f711-1974.npz,1805,1825,0.0,7.00341233732514e-18,2.38551664352417,4.126063823699951,0.0,4.967020034790039,nan,nan,nan,nan
atari_krull,/home/haselab/projects/stable-deep-world-model/logs/models/from_scratch_atari_krull_vta_3seed_to_400000_20260208_112207/atari_krull_seed0,/home/haselab/projects/stable-deep-world-model/logs/models/from_scratch_atari_krull_vta_3seed_to_400000_20260208_112207/atari_krull_seed0/checkpoints/step-000068750.pt,/home/haselab/projects/stable-deep-world-model/logs/models/from_scratch_atari_krull_vta_3seed_to_400000_20260208_112207/atari_krull_seed0/eval_eps/20260208T180330-44487f1ea8c44b5eaf22e05d1a89f711-1974.npz,1810,1830,0.0,5.833513922506896e-17,2.415679931640625,4.056374549865723,0.0,4.960473537445068,nan,nan,nan,nan
atari_krull,/home/haselab/projects/stable-deep-world-model/logs/models/from_scratch_atari_krull_vta_3seed_to_400000_20260208_112207/atari_krull_seed0,/home/haselab/projects/stable-deep-world-model/logs/models/from_scratch_atari_krull_vta_3seed_to_400000_20260208_112207/atari_krull_seed0/checkpoints/step-000068750.pt,/home/haselab/projects/stable-deep-world-model/logs/models/from_scratch_atari_krull_vta_3seed_to_400000_20260208_112207/atari_krull_seed0/eval_eps/20260208T180330-44487f1ea8c44b5eaf22e05d1a89f711-1974.npz,1815,1835,0.0,2.488408098487763e-16,2.3952159881591797,4.018148422241211,0.0,4.858883857727051,nan,nan,nan,nan
atari_krull,/home/haselab/projects/stable-deep-world-model/logs/models/from_scratch_atari_krull_vta_3seed_to_400000_20260208_112207/atari_krull_seed0,/home/haselab/projects/stable-deep-world-model/logs/models/from_scratch_atari_krull_vta_3seed_to_400000_20260208_112207/atari_krull_seed0/checkpoints/step-000068750.pt,/home/haselab/projects/stable-deep-world-model/logs/models/from_scratch_atari_krull_vta_3seed_to_400000_20260208_112207/atari_krull_seed0/eval_eps/20260208T180330-44487f1ea8c44b5eaf22e05d1a89f711-1974.npz,1820,1840,0.0,5.306857079159007e-15,2.4210364818573,3.872189998626709,0.0,4.581829071044922,nan,nan,nan,nan
atari_krull,/home/haselab/projects/stable-deep-world-model/logs/models/from_scratch_atari_krull_vta_3seed_to_400000_20260208_112207/atari_krull_seed0,/home/haselab/projects/stable-deep-world-model/logs/models/from_scratch_atari_krull_vta_3seed_to_400000_20260208_112207/atari_krull_seed0/checkpoints/step-000068750.pt,/home/haselab/projects/stable-deep-world-model/logs/models/from_scratch_atari_krull_vta_3seed_to_400000_20260208_112207/atari_krull_seed0/eval_eps/20260208T180330-44487f1ea8c44b5eaf22e05d1a89f711-1974.npz,1825,1845,0.0,3.215071438245065e-14,2.4355556964874268,3.7748024463653564,0.0,4.528861045837402,nan,nan,nan,nan
atari_krull,/home/haselab/projects/stable-deep-world-model/logs/models/from_scratch_atari_krull_vta_3seed_to_400000_20260208_112207/atari_krull_seed0,/home/haselab/projects/stable-deep-world-model/logs/models/from_scratch_atari_krull_vta_3seed_to_400000_20260208_112207/atari_krull_seed0/checkpoints/step-000068750.pt,/home/haselab/projects/stable-deep-world-model/logs/models/from_scratch_atari_krull_vta_3seed_to_400000_20260208_112207/atari_krull_seed0/eval_eps/20260208T180330-44487f1ea8c44b5eaf22e05d1a89f711-1974.npz,1830,1850,0.0,5.6604342117379594e-14,2.358731746673584,3.620957612991333,0.0,4.282232284545898,nan,nan,nan,nan
atari_krull,/home/haselab/projects/stable-deep-world-model/logs/models/from_scratch_atari_krull_vta_3seed_to_400000_20260208_112207/atari_krull_seed0,/home/haselab/projects/stable-deep-world-model/logs/models/from_scratch_atari_krull_vta_3seed_to_400000_20260208_112207/atari_krull_seed0/checkpoints/step-000068750.pt,/home/haselab/projects/stable-deep-world-model/logs/models/from_scratch_atari_krull_vta_3seed_to_400000_20260208_112207/atari_krull_seed0/eval_eps/20260208T180330-44487f1ea8c44b5eaf22e05d1a89f711-1974.npz,1835,1855,0.0,5.690327359699279e-14,2.4041967391967773,3.8670411109924316,0.0,4.510357856750488,nan,nan,nan,nan
atari_krull,/home/haselab/projects/stable-deep-world-model/logs/models/from_scratch_atari_krull_vta_3seed_to_400000_20260208_112207/atari_krull_seed0,/home/haselab/projects/stable-deep-world-model/logs/models/from_scratch_atari_krull_vta_3seed_to_400000_20260208_112207/atari_krull_seed0/checkpoints/step-000068750.pt,/home/haselab/projects/stable-deep-world-model/logs/models/from_scratch_atari_krull_vta_3seed_to_400000_20260208_112207/atari_krull_seed0/eval_eps/20260208T180330-44487f1ea8c44b5eaf22e05d1a89f711-1974.npz,1840,1860,0.0,5.1892589211137777e-14,2.404886484146118,4.028895378112793,0.0,4.647794246673584,nan,nan,nan,nan
atari_krull,/home/haselab/projects/stable-deep-world-model/logs/models/from_scratch_atari_krull_vta_3seed_to_400000_20260208_112207/atari_krull_seed0,/home/haselab/projects/stable-deep-world-model/logs/models/from_scratch_atari_krull_vta_3seed_to_400000_20260208_112207/atari_krull_seed0/checkpoints/step-000068750.pt,/home/haselab/projects/stable-deep-world-model/logs/models/from_scratch_atari_krull_vta_3seed_to_400000_20260208_112207/atari_krull_seed0/eval_eps/20260208T180330-44487f1ea8c44b5eaf22e05d1a89f711-1974.npz,1845,1865,0.0,7.368708236903804e-14,2.5023841857910156,4.276782035827637,0.0,4.772141456604004,nan,nan,nan,nan
atari_krull,/home/haselab/projects/stable-deep-world-model/logs/models/from_scratch_atari_krull_vta_3seed_to_400000_20260208_112207/atari_krull_seed0,/home/haselab/projects/stable-deep-world-model/logs/models/from_scratch_atari_krull_vta_3seed_to_400000_20260208_112207/atari_krull_seed0/checkpoints/step-000068750.pt,/home/haselab/projects/stable-deep-world-model/logs/models/from_scratch_atari_krull_vta_3seed_to_400000_20260208_112207/atari_krull_seed0/eval_eps/20260208T180330-44487f1ea8c44b5eaf22e05d1a89f711-1974.npz,1850,1870,0.0,4.087595279617107e-12,2.5616354942321777,4.446866512298584,0.0,4.932966709136963,nan,nan,nan,nan
atari_krull,/home/haselab/projects/stable-deep-world-model/logs/models/from_scratch_atari_krull_vta_3seed_to_400000_20260208_112207/atari_krull_seed0,/home/haselab/projects/stable-deep-world-model/logs/models/from_scratch_atari_krull_vta_3seed_to_400000_20260208_112207/atari_krull_seed0/checkpoints/step-000068750.pt,/home/haselab/projects/stable-deep-world-model/logs/models/from_scratch_atari_krull_vta_3seed_to_400000_20260208_112207/atari_krull_seed0/eval_eps/20260208T180330-44487f1ea8c44b5eaf22e05d1a89f711-1974.npz,1855,1875,0.0,4.106360217137617e-12,2.51094913482666,4.261031150817871,0.0,4.8065266609191895,nan,nan,nan,nan
atari_krull,/home/haselab/projects/stable-deep-world-model/logs/models/from_scratch_atari_krull_vta_3seed_to_400000_20260208_112207/atari_krull_seed0,/home/haselab/projects/stable-deep-world-model/logs/models/from_scratch_atari_krull_vta_3seed_to_400000_20260208_112207/atari_krull_seed0/checkpoints/step-000068750.pt,/home/haselab/projects/stable-deep-world-model/logs/models/from_scratch_atari_krull_vta_3seed_to_400000_20260208_112207/atari_krull_seed0/eval_eps/20260208T180330-44487f1ea8c44b5eaf22e05d1a89f711-1974.npz,1860,1880,0.0,4.16609021586245e-12,2.583035945892334,4.389935493469238,0.0,4.970283508300781,nan,nan,nan,nan
atari_krull,/home/haselab/projects/stable-deep-world-model/logs/models/from_scratch_atari_krull_vta_3seed_to_400000_20260208_112207/atari_krull_seed0,/home/haselab/projects/stable-deep-world-model/logs/models/from_scratch_atari_krull_vta_3seed_to_400000_20260208_112207/atari_krull_seed0/checkpoints/step-000068750.pt,/home/haselab/projects/stable-deep-world-model/logs/models/from_scratch_atari_krull_vta_3seed_to_400000_20260208_112207/atari_krull_seed0/eval_eps/20260208T180330-44487f1ea8c44b5eaf22e05d1a89f711-1974.npz,1865,1885,0.0,4.45607656676672e-12,2.511975049972534,4.397653579711914,0.0,4.899829387664795,nan,nan,nan,nan
atari_krull,/home/haselab/projects/stable-deep-world-model/logs/models/from_scratch_atari_krull_vta_3seed_to_400000_20260208_112207/atari_krull_seed0,/home/haselab/projects/stable-deep-world-model/logs/models/from_scratch_atari_krull_vta_3seed_to_400000_20260208_112207/atari_krull_seed0/checkpoints/step-000068750.pt,/home/haselab/projects/stable-deep-world-model/logs/models/from_scratch_atari_krull_vta_3seed_to_400000_20260208_112207/atari_krull_seed0/eval_eps/20260208T180330-44487f1ea8c44b5eaf22e05d1a89f711-1974.npz,1870,1890,0.0,9.516501302264668e-12,2.5441746711730957,4.348599433898926,0.0,4.923568248748779,nan,nan,nan,nan
atari_krull,/home/haselab/projects/stable-deep-world-model/logs/models/from_scratch_atari_krull_vta_3seed_to_400000_20260208_112207/atari_krull_seed0,/home/haselab/projects/stable-deep-world-model/logs/models/from_scratch_atari_krull_vta_3seed_to_400000_20260208_112207/atari_krull_seed0/checkpoints/step-000068750.pt,/home/haselab/projects/stable-deep-world-model/logs/models/from_scratch_atari_krull_vta_3seed_to_400000_20260208_112207/atari_krull_seed0/eval_eps/20260208T180330-44487f1ea8c44b5eaf22e05d1a89f711-1974.npz,1875,1895,0.0,1.217465711578214e-10,2.561521530151367,4.290126323699951,0.0,4.7709150314331055,nan,nan,nan,nan
atari_krull,/home/haselab/projects/stable-deep-world-model/logs/models/from_scratch_atari_krull_vta_3seed_to_400000_20260208_112207/atari_krull_seed0,/home/haselab/projects/stable-deep-world-model/logs/models/from_scratch_atari_krull_vta_3seed_to_400000_20260208_112207/atari_krull_seed0/checkpoints/step-000068750.pt,/home/haselab/projects/stable-deep-world-model/logs/models/from_scratch_atari_krull_vta_3seed_to_400000_20260208_112207/atari_krull_seed0/eval_eps/20260208T180330-44487f1ea8c44b5eaf22e05d1a89f711-1974.npz,1880,1900,0.0,1.2171527674631477e-10,2.4990768432617188,4.149347305297852,0.0,4.579416751861572,nan,nan,nan,nan
atari_krull,/home/haselab/projects/stable-deep-world-model/logs/models/from_scratch_atari_krull_vta_3seed_to_400000_20260208_112207/atari_krull_seed0,/home/haselab/projects/stable-deep-world-model/logs/models/from_scratch_atari_krull_vta_3seed_to_400000_20260208_112207/atari_krull_seed0/checkpoints/step-000068750.pt,/home/haselab/projects/stable-deep-world-model/logs/models/from_scratch_atari_krull_vta_3seed_to_400000_20260208_112207/atari_krull_seed0/eval_eps/20260208T180330-44487f1ea8c44b5eaf22e05d1a89f711-1974.npz,1885,1905,0.0,1.213766726015919e-10,2.526975154876709,4.173283100128174,0.0,4.706643104553223,nan,nan,nan,nan
atari_krull,/home/haselab/projects/stable-deep-world-model/logs/models/from_scratch_atari_krull_vta_3seed_to_400000_20260208_112207/atari_krull_seed0,/home/haselab/projects/stable-deep-world-model/logs/models/from_scratch_atari_krull_vta_3seed_to_400000_20260208_112207/atari_krull_seed0/checkpoints/step-000068750.pt,/home/haselab/projects/stable-deep-world-model/logs/models/from_scratch_atari_krull_vta_3seed_to_400000_20260208_112207/atari_krull_seed0/eval_eps/20260208T180330-44487f1ea8c44b5eaf22e05d1a89f711-1974.npz,1890,1910,0.0,1.1229439600413116e-10,2.493898391723633,4.379678726196289,0.0,5.004374980926514,nan,nan,nan,nan
atari_krull,/home/haselab/projects/stable-deep-world-model/logs/models/from_scratch_atari_krull_vta_3seed_to_400000_20260208_112207/atari_krull_seed0,/home/haselab/projects/stable-deep-world-model/logs/models/from_scratch_atari_krull_vta_3seed_to_400000_20260208_112207/atari_krull_seed0/checkpoints/step-000068750.pt,/home/haselab/projects/stable-deep-world-model/logs/models/from_scratch_atari_krull_vta_3seed_to_400000_20260208_112207/atari_krull_seed0/eval_eps/20260208T180330-44487f1ea8c44b5eaf22e05d1a89f711-1974.npz,1895,1915,0.0,6.1856201584442605e-12,2.5395004749298096,4.265548229217529,0.0,4.968577861785889,nan,nan,nan,nan
atari_krull,/home/haselab/projects/stable-deep-world-model/logs/models/from_scratch_atari_krull_vta_3seed_to_400000_20260208_112207/atari_krull_seed0,/home/haselab/projects/stable-deep-world-model/logs/models/from_scratch_atari_krull_vta_3seed_to_400000_20260208_112207/atari_krull_seed0/checkpoints/step-000068750.pt,/home/haselab/projects/stable-deep-world-model/logs/models/from_scratch_atari_krull_vta_3seed_to_400000_20260208_112207/atari_krull_seed0/eval_eps/20260208T180330-44487f1ea8c44b5eaf22e05d1a89f711-1974.npz,1900,1920,0.0,1.7192696918910677e-11,2.499356746673584,4.2305731773376465,0.0,5.003789901733398,nan,nan,nan,nan
atari_krull,/home/haselab/projects/stable-deep-world-model/logs/models/from_scratch_atari_krull_vta_3seed_to_400000_20260208_112207/atari_krull_seed0,/home/haselab/projects/stable-deep-world-model/logs/models/from_scratch_atari_krull_vta_3seed_to_400000_20260208_112207/atari_krull_seed0/checkpoints/step-000068750.pt,/home/haselab/projects/stable-deep-world-model/logs/models/from_scratch_atari_krull_vta_3seed_to_400000_20260208_112207/atari_krull_seed0/eval_eps/20260208T180330-44487f1ea8c44b5eaf22e05d1a89f711-1974.npz,1905,1925,0.0,1.7205634486594512e-11,2.480158567428589,4.241168022155762,0.0,5.043199062347412,nan,nan,nan,nan
atari_krull,/home/haselab/projects/stable-deep-world-model/logs/models/from_scratch_atari_krull_vta_3seed_to_400000_20260208_112207/atari_krull_seed0,/home/haselab/projects/stable-deep-world-model/logs/models/from_scratch_atari_krull_vta_3seed_to_400000_20260208_112207/atari_krull_seed0/checkpoints/step-000068750.pt,/home/haselab/projects/stable-deep-world-model/logs/models/from_scratch_atari_krull_vta_3seed_to_400000_20260208_112207/atari_krull_seed0/eval_eps/20260208T180330-44487f1ea8c44b5eaf22e05d1a89f711-1974.npz,1910,1930,0.0,1.718909563297455e-11,2.5060744285583496,4.136204719543457,0.0,4.880612373352051,nan,nan,nan,nan
atari_krull,/home/haselab/projects/stable-deep-world-model/logs/models/from_scratch_atari_krull_vta_3seed_to_400000_20260208_112207/atari_krull_seed0,/home/haselab/projects/stable-deep-world-model/logs/models/from_scratch_atari_krull_vta_3seed_to_400000_20260208_112207/atari_krull_seed0/checkpoints/step-000068750.pt,/home/haselab/projects/stable-deep-world-model/logs/models/from_scratch_atari_krull_vta_3seed_to_400000_20260208_112207/atari_krull_seed0/eval_eps/20260208T180330-44487f1ea8c44b5eaf22e05d1a89f711-1974.npz,1915,1935,0.0,1.1048583055395245e-11,2.535264492034912,4.367825508117676,0.0,5.178962707519531,nan,nan,nan,nan
atari_krull,/home/haselab/projects/stable-deep-world-model/logs/models/from_scratch_atari_krull_vta_3seed_to_400000_20260208_112207/atari_krull_seed0,/home/haselab/projects/stable-deep-world-model/logs/models/from_scratch_atari_krull_vta_3seed_to_400000_20260208_112207/atari_krull_seed0/checkpoints/step-000068750.pt,/home/haselab/projects/stable-deep-world-model/logs/models/from_scratch_atari_krull_vta_3seed_to_400000_20260208_112207/atari_krull_seed0/eval_eps/20260208T180330-44487f1ea8c44b5eaf22e05d1a89f711-1974.npz,1920,1940,0.0,2.3389994910534562e-14,2.594542980194092,4.429096698760986,0.0,5.20911979675293,nan,nan,nan,nan
atari_krull,/home/haselab/projects/stable-deep-world-model/logs/models/from_scratch_atari_krull_vta_3seed_to_400000_20260208_112207/atari_krull_seed0,/home/haselab/projects/stable-deep-world-model/logs/models/from_scratch_atari_krull_vta_3seed_to_400000_20260208_112207/atari_krull_seed0/checkpoints/step-000068750.pt,/home/haselab/projects/stable-deep-world-model/logs/models/from_scratch_atari_krull_vta_3seed_to_400000_20260208_112207/atari_krull_seed0/eval_eps/20260208T180330-44487f1ea8c44b5eaf22e05d1a89f711-1974.npz,1925,1945,0.0,2.1071522304794144e-09,2.5864875316619873,4.335150718688965,0.0,5.184135913848877,nan,nan,nan,nan
atari_krull,/home/haselab/projects/stable-deep-world-model/logs/models/from_scratch_atari_krull_vta_3seed_to_400000_20260208_112207/atari_krull_seed0,/home/haselab/projects/stable-deep-world-model/logs/models/from_scratch_atari_krull_vta_3seed_to_400000_20260208_112207/atari_krull_seed0/checkpoints/step-000068750.pt,/home/haselab/projects/stable-deep-world-model/logs/models/from_scratch_atari_krull_vta_3seed_to_400000_20260208_112207/atari_krull_seed0/eval_eps/20260208T180330-44487f1ea8c44b5eaf22e05d1a89f711-1974.npz,1930,1950,0.0,2.383403252537164e-09,2.592958688735962,4.271275997161865,0.0,5.041226863861084,nan,nan,nan,nan
atari_krull,/home/haselab/projects/stable-deep-world-model/logs/models/from_scratch_atari_krull_vta_3seed_to_400000_20260208_112207/atari_krull_seed0,/home/haselab/projects/stable-deep-world-model/logs/models/from_scratch_atari_krull_vta_3seed_to_400000_20260208_112207/atari_krull_seed0/checkpoints/step-000068750.pt,/home/haselab/projects/stable-deep-world-model/logs/models/from_scratch_atari_krull_vta_3seed_to_400000_20260208_112207/atari_krull_seed0/eval_eps/20260208T180330-44487f1ea8c44b5eaf22e05d1a89f711-1974.npz,1935,1955,0.0,2.3834050288940034e-09,2.559293270111084,4.157258033752441,0.0,4.945581912994385,nan,nan,nan,nan
atari_krull,/home/haselab/projects/stable-deep-world-model/logs/models/from_scratch_atari_krull_vta_3seed_to_400000_20260208_112207/atari_krull_seed0,/home/haselab/projects/stable-deep-world-model/logs/models/from_scratch_atari_krull_vta_3seed_to_400000_20260208_112207/atari_krull_seed0/checkpoints/step-000068750.pt,/home/haselab/projects/stable-deep-world-model/logs/models/from_scratch_atari_krull_vta_3seed_to_400000_20260208_112207/atari_krull_seed0/eval_eps/20260208T180330-44487f1ea8c44b5eaf22e05d1a89f711-1974.npz,1940,1960,0.0,2.383394814842177e-09,2.5832858085632324,4.15545654296875,0.0,5.021285057067871,nan,nan,nan,nan
atari_krull,/home/haselab/projects/stable-deep-world-model/logs/models/from_scratch_atari_krull_vta_3seed_to_400000_20260208_112207/atari_krull_seed0,/home/haselab/projects/stable-deep-world-model/logs/models/from_scratch_atari_krull_vta_3seed_to_400000_20260208_112207/atari_krull_seed0/checkpoints/step-000068750.pt,/home/haselab/projects/stable-deep-world-model/logs/models/from_scratch_atari_krull_vta_3seed_to_400000_20260208_112207/atari_krull_seed0/eval_eps/20260208T180330-44487f1ea8c44b5eaf22e05d1a89f711-1974.npz,1945,1965,0.0,2.7632968135904434e-10,2.585827350616455,4.04152774810791,0.0,4.842149257659912,nan,nan,nan,nan
atari_krull,/home/haselab/projects/stable-deep-world-model/logs/models/from_scratch_atari_krull_vta_3seed_to_400000_20260208_112207/atari_krull_seed0,/home/haselab/projects/stable-deep-world-model/logs/models/from_scratch_atari_krull_vta_3seed_to_400000_20260208_112207/atari_krull_seed0/checkpoints/step-000068750.pt,/home/haselab/projects/stable-deep-world-model/logs/models/from_scratch_atari_krull_vta_3seed_to_400000_20260208_112207/atari_krull_seed0/eval_eps/20260208T180330-44487f1ea8c44b5eaf22e05d1a89f711-1974.npz,1950,1970,0.0,8.341014646551584e-14,2.531466007232666,3.9058430194854736,0.0,4.695256233215332,nan,nan,nan,nan
