Logdir /home/haselab/projects/stable-deep-world-model/logs/models/from_scratch_atari_krull_vta_3seed_to_400000_20260208_112207/atari_krull_seed0
Config saved to /home/haselab/projects/stable-deep-world-model/logs/models/from_scratch_atari_krull_vta_3seed_to_400000_20260208_112207/atari_krull_seed0/config.yaml
Create envs.
Gym has been unmaintained since 2022 and does not support NumPy 2.0 amongst other critical functionality.
Please upgrade to Gymnasium, the maintained drop-in replacement of Gym, or contact the authors of your software and request that they upgrade.
Users of this version of Gym should be able to simply replace 'import gym' with 'import gymnasium as gym' in the vast majority of cases.
See the migration guide at https://gymnasium.farama.org/introduction/migration_guide/ for additional information.
A.L.E: Arcade Learning Environment (version 0.11.2+ecc1138)
[Powered by Stella]
Action Space Box(0.0, 1.0, (18,), float32)
Prefill dataset (2500 steps).
[0] dataset_size 1446.0 / train_return 2540.0 / train_length 1446.0 / train_episodes 1.0
Logger: (10000 steps).
Simulate agent.
Encoder CNN shapes: {'image': (64, 64, 3)}
Encoder MLP shapes: {}
Decoder CNN shapes: {'image': (64, 64, 3)}
Decoder MLP shapes: {}
/home/haselab/projects/stable-deep-world-model/src_dreamerv3/tools.py:747: FutureWarning: `torch.cuda.amp.GradScaler(args...)` is deprecated. Please use `torch.amp.GradScaler('cuda', args...)` instead.
  self._scaler = torch.cuda.amp.GradScaler(enabled=use_amp)
Optimizer model_opt has 23085447 variables.
Optimizer actor_opt has 830482 variables.
Optimizer value_opt has 952063 variables.
[10000] 
Start evaluation.
[10000] eval_return 472.0 / eval_length 6566.4 / eval_episodes 5.0
add_video needs package moviepy
Start training.
/home/haselab/projects/stable-deep-world-model/src_dreamerv3/models.py:146: FutureWarning: `torch.cuda.amp.autocast(args...)` is deprecated. Please use `torch.amp.autocast('cuda', args...)` instead.
  with torch.cuda.amp.autocast(self._use_amp):
/home/haselab/projects/stable-deep-world-model/src_dreamerv3/models.py:216: FutureWarning: `torch.cuda.amp.autocast(args...)` is deprecated. Please use `torch.amp.autocast('cuda', args...)` instead.
  with torch.cuda.amp.autocast(self._use_amp):
/home/haselab/projects/stable-deep-world-model/src_dreamerv3/models.py:448: FutureWarning: `torch.cuda.amp.autocast(args...)` is deprecated. Please use `torch.amp.autocast('cuda', args...)` instead.
  with torch.cuda.amp.autocast(self._use_amp):
/home/haselab/projects/stable-deep-world-model/src_dreamerv3/models.py:479: FutureWarning: `torch.cuda.amp.autocast(args...)` is deprecated. Please use `torch.amp.autocast('cuda', args...)` instead.
  with torch.cuda.amp.autocast(self._use_amp):
[10000] model_loss 814.7 / model_grad_norm 2852.2 / image_loss 784.0 / reward_loss 2.9 / cont_loss 0.0 / kl_free 1.0 / dyn_scale 0.5 / rep_scale 0.1 / dyn_loss 46.4 / rep_loss 46.4 / kl 46.4 / prior_abs_ent 35.7 / post_abs_ent -4.5 / prior_obs_ent 31.3 / post_obs_ent 7.8 / boundary_ratio 0.3 / kl_mask 0.1 / normed_target_mean 1.3 / normed_target_std 0.6 / normed_target_min 0.1 / normed_target_max 2.2 / EMA_005 0.1 / EMA_095 0.7 / value_mean 0.0 / value_std 0.0 / value_min 0.0 / value_max 0.0 / target_mean 1.5 / target_std 0.7 / target_min 0.2 / target_max 2.6 / imag_reward_mean 0.2 / imag_reward_std 0.0 / imag_reward_min 0.2 / imag_reward_max 0.3 / imag_action_mean 9.1 / imag_action_std 4.8 / imag_action_min 0.0 / imag_action_max 17.0 / actor_entropy 2.5 / actor_loss 3.6 / actor_grad_norm 0.4 / value_loss 9.4 / value_grad_norm 13.2 / update_count 100.0 / fps 0.0
add_video needs package moviepy
add_video needs package moviepy
[10624] 
Start evaluation.
[10624] eval_return 0.0 / eval_length 1218.8 / eval_episodes 5.0
add_video needs package moviepy
Start training.
[10624] model_loss 129.8 / model_grad_norm 283.0 / image_loss 123.5 / reward_loss 0.6 / cont_loss 0.0 / kl_free 1.0 / dyn_scale 0.5 / rep_scale 0.1 / dyn_loss 9.3 / rep_loss 9.3 / kl 9.3 / prior_abs_ent 21.8 / post_abs_ent -13.2 / prior_obs_ent 5.3 / post_obs_ent 1.1 / boundary_ratio 0.2 / kl_mask 0.1 / normed_target_mean 0.8 / normed_target_std 0.4 / normed_target_min 0.1 / normed_target_max 1.4 / EMA_005 0.4 / EMA_095 2.5 / value_mean 0.3 / value_std 0.0 / value_min 0.3 / value_max 0.3 / target_mean 2.1 / target_std 0.8 / target_min 0.6 / target_max 3.3 / imag_reward_mean 0.3 / imag_reward_std 0.0 / imag_reward_min 0.3 / imag_reward_max 0.3 / imag_action_mean 9.3 / imag_action_std 4.4 / imag_action_min 0.0 / imag_action_max 17.0 / actor_entropy 2.1 / actor_loss 3.6 / actor_grad_norm 0.5 / value_loss 6.5 / value_grad_norm 11.7 / update_count 256.0 / fps 13.5
add_video needs package moviepy
add_video needs package moviepy
[11248] 
Start evaluation.
[11248] eval_return 0.0 / eval_length 26996.8 / eval_episodes 5.0
add_video needs package moviepy
Start training.
[11248] model_loss 85.5 / model_grad_norm 157.8 / image_loss 80.3 / reward_loss 0.5 / cont_loss 0.0 / kl_free 1.0 / dyn_scale 0.5 / rep_scale 0.1 / dyn_loss 7.7 / rep_loss 7.7 / kl 7.7 / prior_abs_ent 18.0 / post_abs_ent -17.7 / prior_obs_ent -0.6 / post_obs_ent -3.7 / boundary_ratio 0.2 / kl_mask 0.1 / normed_target_mean 0.7 / normed_target_std 0.4 / normed_target_min 0.0 / normed_target_max 1.5 / EMA_005 0.8 / EMA_095 3.7 / value_mean 0.8 / value_std 0.0 / value_min 0.7 / value_max 0.8 / target_mean 2.6 / target_std 1.1 / target_min 0.9 / target_max 5.0 / imag_reward_mean 0.3 / imag_reward_std 0.1 / imag_reward_min 0.2 / imag_reward_max 0.4 / imag_action_mean 8.6 / imag_action_std 3.4 / imag_action_min 0.0 / imag_action_max 17.0 / actor_entropy 1.4 / actor_loss 2.3 / actor_grad_norm 0.4 / value_loss 5.5 / value_grad_norm 11.4 / update_count 412.0 / fps 2.1
add_video needs package moviepy
add_video needs package moviepy
[11872] 
Start evaluation.
[11872] eval_return 0.0 / eval_length 1370.2 / eval_episodes 5.0
add_video needs package moviepy
Start training.
[11872] model_loss 74.7 / model_grad_norm 121.3 / image_loss 70.0 / reward_loss 0.4 / cont_loss 0.0 / kl_free 1.0 / dyn_scale 0.5 / rep_scale 0.1 / dyn_loss 7.0 / rep_loss 7.0 / kl 7.0 / prior_abs_ent 16.4 / post_abs_ent -18.2 / prior_obs_ent -2.3 / post_obs_ent -5.1 / boundary_ratio 0.2 / kl_mask 0.1 / normed_target_mean 0.5 / normed_target_std 0.4 / normed_target_min 0.0 / normed_target_max 1.5 / EMA_005 1.1 / EMA_095 4.9 / value_mean 1.1 / value_std 0.0 / value_min 1.1 / value_max 1.1 / target_mean 3.0 / target_std 1.5 / target_min 1.1 / target_max 6.8 / imag_reward_mean 0.3 / imag_reward_std 0.2 / imag_reward_min 0.0 / imag_reward_max 0.6 / imag_action_mean 8.5 / imag_action_std 4.0 / imag_action_min 0.0 / imag_action_max 17.0 / actor_entropy 1.2 / actor_loss 1.8 / actor_grad_norm 0.3 / value_loss 4.4 / value_grad_norm 7.5 / update_count 568.0 / fps 12.6
add_video needs package moviepy
add_video needs package moviepy
[12496] 
Start evaluation.
[12496] eval_return 0.0 / eval_length 1282.6 / eval_episodes 5.0
add_video needs package moviepy
Start training.
[12496] model_loss 68.9 / model_grad_norm 107.2 / image_loss 64.9 / reward_loss 0.4 / cont_loss 0.0 / kl_free 1.0 / dyn_scale 0.5 / rep_scale 0.1 / dyn_loss 5.8 / rep_loss 5.8 / kl 5.8 / prior_abs_ent 16.2 / post_abs_ent -20.4 / prior_obs_ent -2.8 / post_obs_ent -5.4 / boundary_ratio 0.1 / kl_mask 0.0 / normed_target_mean 0.4 / normed_target_std 0.4 / normed_target_min 0.0 / normed_target_max 1.3 / EMA_005 1.3 / EMA_095 5.7 / value_mean 1.5 / value_std 0.0 / value_min 1.4 / value_max 1.5 / target_mean 3.2 / target_std 1.6 / target_min 1.4 / target_max 7.0 / imag_reward_mean 0.3 / imag_reward_std 0.2 / imag_reward_min 0.0 / imag_reward_max 0.6 / imag_action_mean 11.2 / imag_action_std 3.3 / imag_action_min 0.0 / imag_action_max 17.0 / actor_entropy 1.1 / actor_loss 1.1 / actor_grad_norm 0.2 / value_loss 3.6 / value_grad_norm 6.2 / update_count 724.0 / fps 13.3
add_video needs package moviepy
add_video needs package moviepy
[13120] 
Start evaluation.
[13120] eval_return 0.0 / eval_length 1476.4 / eval_episodes 5.0
add_video needs package moviepy
Start training.
[13120] model_loss 66.4 / model_grad_norm 104.1 / image_loss 62.9 / reward_loss 0.4 / cont_loss 0.0 / kl_free 1.0 / dyn_scale 0.5 / rep_scale 0.1 / dyn_loss 5.2 / rep_loss 5.2 / kl 5.2 / prior_abs_ent 16.4 / post_abs_ent -21.8 / prior_obs_ent -2.7 / post_obs_ent -5.1 / boundary_ratio 0.1 / kl_mask 0.0 / normed_target_mean 0.4 / normed_target_std 0.3 / normed_target_min 0.0 / normed_target_max 1.3 / EMA_005 1.6 / EMA_095 6.0 / value_mean 1.9 / value_std 0.2 / value_min 1.6 / value_max 2.0 / target_mean 3.4 / target_std 1.5 / target_min 1.6 / target_max 7.3 / imag_reward_mean 0.3 / imag_reward_std 0.2 / imag_reward_min 0.0 / imag_reward_max 0.5 / imag_action_mean 11.9 / imag_action_std 2.8 / imag_action_min 0.0 / imag_action_max 17.0 / actor_entropy 0.8 / actor_loss 0.4 / actor_grad_norm 0.1 / value_loss 3.4 / value_grad_norm 7.2 / update_count 880.0 / fps 12.7
add_video needs package moviepy
add_video needs package moviepy
[13744] 
Start evaluation.
[13744] eval_return 0.0 / eval_length 1451.0 / eval_episodes 5.0
add_video needs package moviepy
Start training.
[13744] model_loss 66.5 / model_grad_norm 91.3 / image_loss 63.2 / reward_loss 0.4 / cont_loss 0.0 / kl_free 1.0 / dyn_scale 0.5 / rep_scale 0.1 / dyn_loss 4.8 / rep_loss 4.8 / kl 4.8 / prior_abs_ent 18.2 / post_abs_ent -22.6 / prior_obs_ent -3.5 / post_obs_ent -5.8 / boundary_ratio 0.1 / kl_mask 0.0 / normed_target_mean 0.5 / normed_target_std 0.4 / normed_target_min 0.0 / normed_target_max 1.5 / EMA_005 1.8 / EMA_095 6.2 / value_mean 2.3 / value_std 0.3 / value_min 1.8 / value_max 2.5 / target_mean 3.8 / target_std 1.6 / target_min 1.8 / target_max 8.3 / imag_reward_mean 0.3 / imag_reward_std 0.2 / imag_reward_min 0.0 / imag_reward_max 0.6 / imag_action_mean 11.8 / imag_action_std 2.9 / imag_action_min 0.0 / imag_action_max 17.0 / actor_entropy 0.8 / actor_loss 0.3 / actor_grad_norm 0.1 / value_loss 3.2 / value_grad_norm 6.1 / update_count 1036.0 / fps 12.8
add_video needs package moviepy
add_video needs package moviepy
[14368] 
Start evaluation.
[14368] eval_return 0.0 / eval_length 1390.0 / eval_episodes 5.0
add_video needs package moviepy
Start training.
[14368] model_loss 64.1 / model_grad_norm 78.4 / image_loss 60.9 / reward_loss 0.3 / cont_loss 0.0 / kl_free 1.0 / dyn_scale 0.5 / rep_scale 0.1 / dyn_loss 4.7 / rep_loss 4.7 / kl 4.7 / prior_abs_ent 26.3 / post_abs_ent -23.3 / prior_obs_ent -2.7 / post_obs_ent -5.1 / boundary_ratio 0.1 / kl_mask 0.0 / normed_target_mean 0.5 / normed_target_std 0.4 / normed_target_min -0.0 / normed_target_max 1.6 / EMA_005 1.8 / EMA_095 6.6 / value_mean 2.5 / value_std 0.5 / value_min 1.7 / value_max 3.0 / target_mean 4.1 / target_std 1.9 / target_min 1.7 / target_max 9.7 / imag_reward_mean 0.3 / imag_reward_std 0.2 / imag_reward_min 0.0 / imag_reward_max 0.7 / imag_action_mean 11.6 / imag_action_std 3.1 / imag_action_min 0.0 / imag_action_max 17.0 / actor_entropy 1.0 / actor_loss 0.4 / actor_grad_norm 0.1 / value_loss 3.0 / value_grad_norm 4.4 / update_count 1192.0 / fps 13.0
add_video needs package moviepy
add_video needs package moviepy
[14992] 
Start evaluation.
[14992] eval_return 0.0 / eval_length 5671.6 / eval_episodes 5.0
add_video needs package moviepy
Start training.
[14992] model_loss 63.6 / model_grad_norm 82.5 / image_loss 60.4 / reward_loss 0.3 / cont_loss 0.0 / kl_free 1.0 / dyn_scale 0.5 / rep_scale 0.1 / dyn_loss 4.8 / rep_loss 4.8 / kl 4.8 / prior_abs_ent 31.0 / post_abs_ent -23.5 / prior_obs_ent -0.2 / post_obs_ent -2.7 / boundary_ratio 0.0 / kl_mask 0.0 / normed_target_mean 0.5 / normed_target_std 0.4 / normed_target_min -0.0 / normed_target_max 1.6 / EMA_005 1.8 / EMA_095 7.4 / value_mean 2.9 / value_std 0.8 / value_min 1.7 / value_max 3.6 / target_mean 4.4 / target_std 2.2 / target_min 1.7 / target_max 10.9 / imag_reward_mean 0.3 / imag_reward_std 0.2 / imag_reward_min 0.0 / imag_reward_max 0.8 / imag_action_mean 11.8 / imag_action_std 3.1 / imag_action_min 0.0 / imag_action_max 17.0 / actor_entropy 1.2 / actor_loss 1.1 / actor_grad_norm 0.3 / value_loss 3.0 / value_grad_norm 4.4 / update_count 1348.0 / fps 6.9
add_video needs package moviepy
add_video needs package moviepy
[15616] 
Start evaluation.
[15616] eval_return 24.0 / eval_length 1135.8 / eval_episodes 5.0
add_video needs package moviepy
Start training.
[15616] model_loss 65.1 / model_grad_norm 107.2 / image_loss 61.7 / reward_loss 0.3 / cont_loss 0.0 / kl_free 1.0 / dyn_scale 0.5 / rep_scale 0.1 / dyn_loss 5.2 / rep_loss 5.2 / kl 5.2 / prior_abs_ent 33.2 / post_abs_ent -23.8 / prior_obs_ent 3.9 / post_obs_ent 1.0 / boundary_ratio 0.0 / kl_mask 0.0 / normed_target_mean 0.5 / normed_target_std 0.4 / normed_target_min -0.0 / normed_target_max 1.5 / EMA_005 1.7 / EMA_095 7.9 / value_mean 3.4 / value_std 1.1 / value_min 1.6 / value_max 4.3 / target_mean 4.8 / target_std 2.2 / target_min 1.6 / target_max 11.0 / imag_reward_mean 0.2 / imag_reward_std 0.2 / imag_reward_min 0.0 / imag_reward_max 0.8 / imag_action_mean 12.3 / imag_action_std 2.6 / imag_action_min 0.0 / imag_action_max 17.0 / actor_entropy 0.8 / actor_loss 0.7 / actor_grad_norm 0.2 / value_loss 2.8 / value_grad_norm 3.8 / update_count 1504.0 / fps 13.5
add_video needs package moviepy
add_video needs package moviepy
[15640] dataset_size 3910.0 / train_return 1100.0 / train_length 2464.0 / train_episodes 2.0
[16240] 
Start evaluation.
[16240] eval_return 970.0 / eval_length 4851.0 / eval_episodes 5.0
add_video needs package moviepy
Start training.
[16240] model_loss 63.9 / model_grad_norm 81.9 / image_loss 60.6 / reward_loss 0.3 / cont_loss 0.0 / kl_free 1.0 / dyn_scale 0.5 / rep_scale 0.1 / dyn_loss 4.9 / rep_loss 4.9 / kl 4.9 / prior_abs_ent 35.7 / post_abs_ent -24.0 / prior_obs_ent 3.3 / post_obs_ent 0.6 / boundary_ratio 0.0 / kl_mask 0.0 / normed_target_mean 0.5 / normed_target_std 0.4 / normed_target_min -0.0 / normed_target_max 2.0 / EMA_005 1.7 / EMA_095 8.6 / value_mean 3.8 / value_std 1.4 / value_min 1.5 / value_max 5.0 / target_mean 5.1 / target_std 2.6 / target_min 1.5 / target_max 15.6 / imag_reward_mean 0.2 / imag_reward_std 0.2 / imag_reward_min 0.0 / imag_reward_max 1.9 / imag_action_mean 11.9 / imag_action_std 2.9 / imag_action_min 0.0 / imag_action_max 17.0 / actor_entropy 0.9 / actor_loss 0.8 / actor_grad_norm 0.2 / value_loss 2.6 / value_grad_norm 3.5 / update_count 1660.0 / fps 7.5
add_video needs package moviepy
add_video needs package moviepy
[16864] 
Start evaluation.
[16864] eval_return 0.0 / eval_length 1250.0 / eval_episodes 5.0
add_video needs package moviepy
Start training.
[16864] model_loss 62.3 / model_grad_norm 73.0 / image_loss 58.8 / reward_loss 0.3 / cont_loss 0.0 / kl_free 1.0 / dyn_scale 0.5 / rep_scale 0.1 / dyn_loss 5.4 / rep_loss 5.4 / kl 5.4 / prior_abs_ent 36.4 / post_abs_ent -24.0 / prior_obs_ent 5.4 / post_obs_ent 2.0 / boundary_ratio 0.0 / kl_mask 0.0 / normed_target_mean 0.5 / normed_target_std 0.4 / normed_target_min -0.0 / normed_target_max 2.6 / EMA_005 1.5 / EMA_095 9.7 / value_mean 4.1 / value_std 1.8 / value_min 1.2 / value_max 5.6 / target_mean 5.4 / target_std 3.2 / target_min 1.3 / target_max 22.6 / imag_reward_mean 0.2 / imag_reward_std 0.4 / imag_reward_min 0.0 / imag_reward_max 4.2 / imag_action_mean 7.4 / imag_action_std 3.0 / imag_action_min 0.0 / imag_action_max 17.0 / actor_entropy 1.1 / actor_loss 0.6 / actor_grad_norm 0.2 / value_loss 2.5 / value_grad_norm 3.2 / update_count 1816.0 / fps 13.3
add_video needs package moviepy
add_video needs package moviepy
[17488] 
Start evaluation.
[17488] eval_return 112.0 / eval_length 1406.8 / eval_episodes 5.0
add_video needs package moviepy
Start training.
[17488] model_loss 61.9 / model_grad_norm 63.7 / image_loss 57.9 / reward_loss 0.3 / cont_loss 0.0 / kl_free 1.0 / dyn_scale 0.5 / rep_scale 0.1 / dyn_loss 6.2 / rep_loss 6.2 / kl 6.2 / prior_abs_ent 36.3 / post_abs_ent -24.0 / prior_obs_ent 8.6 / post_obs_ent 4.4 / boundary_ratio 0.0 / kl_mask 0.0 / normed_target_mean 0.4 / normed_target_std 0.4 / normed_target_min -0.0 / normed_target_max 2.4 / EMA_005 1.3 / EMA_095 10.8 / value_mean 4.4 / value_std 2.2 / value_min 1.0 / value_max 6.2 / target_mean 5.5 / target_std 3.5 / target_min 1.0 / target_max 23.8 / imag_reward_mean 0.2 / imag_reward_std 0.4 / imag_reward_min 0.0 / imag_reward_max 3.5 / imag_action_mean 7.0 / imag_action_std 2.7 / imag_action_min 0.0 / imag_action_max 17.0 / actor_entropy 0.8 / actor_loss 0.2 / actor_grad_norm 0.1 / value_loss 2.4 / value_grad_norm 3.2 / update_count 1972.0 / fps 12.8
add_video needs package moviepy
add_video needs package moviepy
[18112] 
Start evaluation.
[18112] eval_return 40.0 / eval_length 1461.4 / eval_episodes 5.0
add_video needs package moviepy
Start training.
[18112] model_loss 61.7 / model_grad_norm 65.4 / image_loss 57.2 / reward_loss 0.2 / cont_loss 0.0 / kl_free 1.0 / dyn_scale 0.5 / rep_scale 0.1 / dyn_loss 7.1 / rep_loss 7.1 / kl 7.1 / prior_abs_ent 35.9 / post_abs_ent -23.9 / prior_obs_ent 12.5 / post_obs_ent 7.3 / boundary_ratio 0.0 / kl_mask 0.0 / normed_target_mean 0.4 / normed_target_std 0.4 / normed_target_min -0.0 / normed_target_max 2.2 / EMA_005 1.1 / EMA_095 12.2 / value_mean 4.8 / value_std 2.6 / value_min 0.9 / value_max 7.1 / target_mean 6.0 / target_std 4.1 / target_min 0.7 / target_max 25.4 / imag_reward_mean 0.2 / imag_reward_std 0.4 / imag_reward_min 0.0 / imag_reward_max 3.6 / imag_action_mean 7.1 / imag_action_std 2.8 / imag_action_min 0.0 / imag_action_max 17.0 / actor_entropy 0.8 / actor_loss 0.2 / actor_grad_norm 0.1 / value_loss 2.2 / value_grad_norm 3.1 / update_count 2128.0 / fps 12.6
add_video needs package moviepy
add_video needs package moviepy
[18736] 
Start evaluation.
[18736] eval_return 38.0 / eval_length 1429.0 / eval_episodes 5.0
add_video needs package moviepy
Start training.
[18736] model_loss 63.9 / model_grad_norm 128.5 / image_loss 57.8 / reward_loss 0.2 / cont_loss 0.0 / kl_free 1.0 / dyn_scale 0.5 / rep_scale 0.1 / dyn_loss 9.6 / rep_loss 9.6 / kl 9.6 / prior_abs_ent 34.0 / post_abs_ent -24.4 / prior_obs_ent 19.8 / post_obs_ent 12.4 / boundary_ratio 0.0 / kl_mask 0.0 / normed_target_mean 0.5 / normed_target_std 0.4 / normed_target_min -0.0 / normed_target_max 2.1 / EMA_005 0.9 / EMA_095 13.1 / value_mean 5.3 / value_std 3.0 / value_min 0.8 / value_max 8.1 / target_mean 6.5 / target_std 4.5 / target_min 0.5 / target_max 26.1 / imag_reward_mean 0.2 / imag_reward_std 0.4 / imag_reward_min 0.0 / imag_reward_max 3.7 / imag_action_mean 7.0 / imag_action_std 2.8 / imag_action_min 0.0 / imag_action_max 17.0 / actor_entropy 0.9 / actor_loss 0.2 / actor_grad_norm 0.1 / value_loss 2.1 / value_grad_norm 2.5 / update_count 2284.0 / fps 12.7
add_video needs package moviepy
add_video needs package moviepy
[19360] 
Start evaluation.
[19360] eval_return 214.0 / eval_length 1314.6 / eval_episodes 5.0
add_video needs package moviepy
Start training.
[19360] model_loss 60.5 / model_grad_norm 63.1 / image_loss 54.5 / reward_loss 0.2 / cont_loss 0.0 / kl_free 1.0 / dyn_scale 0.5 / rep_scale 0.1 / dyn_loss 9.7 / rep_loss 9.7 / kl 9.7 / prior_abs_ent 32.3 / post_abs_ent -24.7 / prior_obs_ent 18.8 / post_obs_ent 10.8 / boundary_ratio 0.0 / kl_mask 0.0 / normed_target_mean 0.4 / normed_target_std 0.4 / normed_target_min -0.0 / normed_target_max 2.1 / EMA_005 0.9 / EMA_095 13.5 / value_mean 5.6 / value_std 3.3 / value_min 0.8 / value_max 8.8 / target_mean 6.5 / target_std 4.4 / target_min 0.7 / target_max 27.7 / imag_reward_mean 0.2 / imag_reward_std 0.4 / imag_reward_min 0.0 / imag_reward_max 4.3 / imag_action_mean 7.1 / imag_action_std 2.9 / imag_action_min 0.0 / imag_action_max 17.0 / actor_entropy 1.0 / actor_loss 0.2 / actor_grad_norm 0.1 / value_loss 1.8 / value_grad_norm 1.6 / update_count 2440.0 / fps 13.1
add_video needs package moviepy
add_video needs package moviepy
[19984] 
Start evaluation.
[19984] eval_return 18.0 / eval_length 1366.2 / eval_episodes 5.0
add_video needs package moviepy
Start training.
[19984] model_loss 59.3 / model_grad_norm 75.1 / image_loss 52.0 / reward_loss 0.2 / cont_loss 0.0 / kl_free 1.0 / dyn_scale 0.5 / rep_scale 0.1 / dyn_loss 11.7 / rep_loss 11.7 / kl 11.7 / prior_abs_ent 29.4 / post_abs_ent -25.5 / prior_obs_ent 17.3 / post_obs_ent 7.2 / boundary_ratio 0.0 / kl_mask 0.0 / normed_target_mean 0.5 / normed_target_std 0.4 / normed_target_min -0.0 / normed_target_max 2.4 / EMA_005 0.9 / EMA_095 13.7 / value_mean 5.8 / value_std 3.3 / value_min 0.8 / value_max 9.3 / target_mean 6.7 / target_std 4.6 / target_min 0.5 / target_max 31.4 / imag_reward_mean 0.2 / imag_reward_std 0.4 / imag_reward_min 0.0 / imag_reward_max 5.5 / imag_action_mean 12.8 / imag_action_std 4.2 / imag_action_min 0.0 / imag_action_max 17.0 / actor_entropy 1.1 / actor_loss 0.4 / actor_grad_norm 0.2 / value_loss 2.0 / value_grad_norm 1.6 / update_count 2596.0 / fps 12.8
add_video needs package moviepy
add_video needs package moviepy
[20520] dataset_size 5130.0 / train_return 520.0 / train_length 1220.0 / train_episodes 3.0
[20608] 
Start evaluation.
[20608] eval_return 14.0 / eval_length 1403.0 / eval_episodes 5.0
add_video needs package moviepy
Start training.
[20608] model_loss 54.9 / model_grad_norm 97.3 / image_loss 47.1 / reward_loss 0.2 / cont_loss 0.0 / kl_free 1.0 / dyn_scale 0.5 / rep_scale 0.1 / dyn_loss 12.6 / rep_loss 12.6 / kl 12.6 / prior_abs_ent 26.4 / post_abs_ent -26.3 / prior_obs_ent 14.6 / post_obs_ent 3.4 / boundary_ratio 0.0 / kl_mask 0.0 / normed_target_mean 0.4 / normed_target_std 0.3 / normed_target_min -0.0 / normed_target_max 2.3 / EMA_005 0.9 / EMA_095 13.3 / value_mean 5.4 / value_std 3.3 / value_min 0.8 / value_max 9.8 / target_mean 6.1 / target_std 4.3 / target_min 0.5 / target_max 30.0 / imag_reward_mean 0.2 / imag_reward_std 0.4 / imag_reward_min 0.0 / imag_reward_max 6.5 / imag_action_mean 13.8 / imag_action_std 4.1 / imag_action_min 0.0 / imag_action_max 17.0 / actor_entropy 0.9 / actor_loss 0.1 / actor_grad_norm 0.1 / value_loss 2.0 / value_grad_norm 1.9 / update_count 2752.0 / fps 12.7
add_video needs package moviepy
add_video needs package moviepy
[21232] 
Start evaluation.
[21232] eval_return 76.0 / eval_length 1393.0 / eval_episodes 5.0
add_video needs package moviepy
Start training.
[21232] model_loss 48.4 / model_grad_norm 82.2 / image_loss 40.5 / reward_loss 0.2 / cont_loss 0.0 / kl_free 1.0 / dyn_scale 0.5 / rep_scale 0.1 / dyn_loss 12.8 / rep_loss 12.8 / kl 12.8 / prior_abs_ent 24.4 / post_abs_ent -27.0 / prior_obs_ent 11.1 / post_obs_ent -0.3 / boundary_ratio 0.0 / kl_mask 0.0 / normed_target_mean 0.3 / normed_target_std 0.4 / normed_target_min -0.0 / normed_target_max 2.8 / EMA_005 0.8 / EMA_095 12.8 / value_mean 4.4 / value_std 3.1 / value_min 0.8 / value_max 10.0 / target_mean 4.9 / target_std 4.2 / target_min 0.5 / target_max 34.6 / imag_reward_mean 0.2 / imag_reward_std 0.5 / imag_reward_min 0.0 / imag_reward_max 8.7 / imag_action_mean 13.7 / imag_action_std 4.2 / imag_action_min 0.0 / imag_action_max 17.0 / actor_entropy 0.9 / actor_loss 0.1 / actor_grad_norm 0.1 / value_loss 2.4 / value_grad_norm 2.0 / update_count 2908.0 / fps 12.9
add_video needs package moviepy
add_video needs package moviepy
[21856] 
Start evaluation.
[21856] eval_return 42.0 / eval_length 1341.6 / eval_episodes 5.0
add_video needs package moviepy
Start training.
[21856] model_loss 43.5 / model_grad_norm 87.2 / image_loss 35.4 / reward_loss 0.2 / cont_loss 0.0 / kl_free 1.0 / dyn_scale 0.5 / rep_scale 0.1 / dyn_loss 13.2 / rep_loss 13.2 / kl 13.2 / prior_abs_ent 23.2 / post_abs_ent -27.4 / prior_obs_ent 9.3 / post_obs_ent -2.5 / boundary_ratio 0.0 / kl_mask 0.0 / normed_target_mean 0.3 / normed_target_std 0.4 / normed_target_min -0.0 / normed_target_max 3.3 / EMA_005 0.8 / EMA_095 12.8 / value_mean 3.8 / value_std 2.9 / value_min 0.7 / value_max 10.0 / target_mean 4.6 / target_std 4.6 / target_min 0.4 / target_max 40.0 / imag_reward_mean 0.2 / imag_reward_std 0.6 / imag_reward_min -0.0 / imag_reward_max 10.1 / imag_action_mean 13.6 / imag_action_std 4.2 / imag_action_min 0.0 / imag_action_max 17.0 / actor_entropy 0.9 / actor_loss 0.1 / actor_grad_norm 0.1 / value_loss 2.5 / value_grad_norm 1.8 / update_count 3064.0 / fps 13.1
add_video needs package moviepy
add_video needs package moviepy
[22480] 
Start evaluation.
[22480] eval_return 10.0 / eval_length 1288.4 / eval_episodes 5.0
add_video needs package moviepy
Start training.
[22480] model_loss 39.1 / model_grad_norm 80.1 / image_loss 30.9 / reward_loss 0.2 / cont_loss 0.0 / kl_free 1.0 / dyn_scale 0.5 / rep_scale 0.1 / dyn_loss 13.2 / rep_loss 13.2 / kl 13.2 / prior_abs_ent 23.0 / post_abs_ent -27.6 / prior_obs_ent 7.7 / post_obs_ent -4.1 / boundary_ratio 0.0 / kl_mask 0.0 / normed_target_mean 0.3 / normed_target_std 0.4 / normed_target_min -0.0 / normed_target_max 3.5 / EMA_005 0.7 / EMA_095 14.0 / value_mean 3.6 / value_std 3.0 / value_min 0.7 / value_max 10.4 / target_mean 4.7 / target_std 5.4 / target_min 0.4 / target_max 46.6 / imag_reward_mean 0.2 / imag_reward_std 0.8 / imag_reward_min -0.0 / imag_reward_max 10.9 / imag_action_mean 13.4 / imag_action_std 4.5 / imag_action_min 0.0 / imag_action_max 17.0 / actor_entropy 0.9 / actor_loss 0.1 / actor_grad_norm 0.1 / value_loss 2.4 / value_grad_norm 1.3 / update_count 3220.0 / fps 13.2
add_video needs package moviepy
add_video needs package moviepy
[23104] 
Start evaluation.
[23104] eval_return 0.0 / eval_length 1452.0 / eval_episodes 5.0
add_video needs package moviepy
Start training.
[23104] model_loss 37.0 / model_grad_norm 80.8 / image_loss 28.6 / reward_loss 0.2 / cont_loss 0.0 / kl_free 1.0 / dyn_scale 0.5 / rep_scale 0.1 / dyn_loss 13.7 / rep_loss 13.7 / kl 13.7 / prior_abs_ent 22.5 / post_abs_ent -27.7 / prior_obs_ent 7.5 / post_obs_ent -4.7 / boundary_ratio 0.0 / kl_mask 0.0 / normed_target_mean 0.3 / normed_target_std 0.4 / normed_target_min -0.0 / normed_target_max 3.6 / EMA_005 0.7 / EMA_095 15.1 / value_mean 3.7 / value_std 3.0 / value_min 0.7 / value_max 11.3 / target_mean 4.9 / target_std 5.9 / target_min 0.5 / target_max 53.0 / imag_reward_mean 0.2 / imag_reward_std 0.9 / imag_reward_min -0.0 / imag_reward_max 12.1 / imag_action_mean 10.4 / imag_action_std 4.9 / imag_action_min 0.0 / imag_action_max 17.0 / actor_entropy 1.0 / actor_loss 0.4 / actor_grad_norm 0.3 / value_loss 2.4 / value_grad_norm 1.2 / update_count 3376.0 / fps 12.7
add_video needs package moviepy
add_video needs package moviepy
[23728] 
Start evaluation.
[23728] eval_return 0.0 / eval_length 1535.2 / eval_episodes 5.0
add_video needs package moviepy
Start training.
[23728] model_loss 34.7 / model_grad_norm 67.4 / image_loss 26.2 / reward_loss 0.2 / cont_loss 0.0 / kl_free 1.0 / dyn_scale 0.5 / rep_scale 0.1 / dyn_loss 13.8 / rep_loss 13.8 / kl 13.8 / prior_abs_ent 22.5 / post_abs_ent -27.8 / prior_obs_ent 7.9 / post_obs_ent -4.5 / boundary_ratio 0.0 / kl_mask 0.0 / normed_target_mean 0.3 / normed_target_std 0.4 / normed_target_min -0.0 / normed_target_max 3.4 / EMA_005 0.7 / EMA_095 18.5 / value_mean 4.2 / value_std 3.3 / value_min 0.7 / value_max 13.0 / target_mean 6.0 / target_std 7.3 / target_min 0.6 / target_max 61.5 / imag_reward_mean 0.3 / imag_reward_std 1.1 / imag_reward_min 0.0 / imag_reward_max 12.7 / imag_action_mean 3.0 / imag_action_std 3.0 / imag_action_min 0.0 / imag_action_max 17.0 / actor_entropy 0.6 / actor_loss 0.2 / actor_grad_norm 0.2 / value_loss 2.6 / value_grad_norm 1.3 / update_count 3532.0 / fps 12.5
add_video needs package moviepy
add_video needs package moviepy
[24352] 
Start evaluation.
[24352] eval_return 0.0 / eval_length 1542.2 / eval_episodes 5.0
add_video needs package moviepy
Start training.
[24352] model_loss 32.4 / model_grad_norm 65.9 / image_loss 24.0 / reward_loss 0.2 / cont_loss 0.0 / kl_free 1.0 / dyn_scale 0.5 / rep_scale 0.1 / dyn_loss 13.6 / rep_loss 13.6 / kl 13.6 / prior_abs_ent 22.7 / post_abs_ent -27.9 / prior_obs_ent 8.1 / post_obs_ent -4.1 / boundary_ratio 0.0 / kl_mask 0.0 / normed_target_mean 0.3 / normed_target_std 0.4 / normed_target_min -0.0 / normed_target_max 2.8 / EMA_005 0.7 / EMA_095 20.0 / value_mean 4.8 / value_std 3.9 / value_min 0.7 / value_max 14.3 / target_mean 6.3 / target_std 7.2 / target_min 0.6 / target_max 55.0 / imag_reward_mean 0.3 / imag_reward_std 0.9 / imag_reward_min 0.0 / imag_reward_max 12.5 / imag_action_mean 2.6 / imag_action_std 2.3 / imag_action_min 0.0 / imag_action_max 17.0 / actor_entropy 0.4 / actor_loss 0.2 / actor_grad_norm 0.1 / value_loss 2.6 / value_grad_norm 1.5 / update_count 3688.0 / fps 12.6
add_video needs package moviepy
add_video needs package moviepy
[24976] 
Start evaluation.
[24976] eval_return 0.0 / eval_length 1537.4 / eval_episodes 5.0
add_video needs package moviepy
Start training.
[24976] model_loss 31.2 / model_grad_norm 66.1 / image_loss 22.6 / reward_loss 0.2 / cont_loss 0.0 / kl_free 1.0 / dyn_scale 0.5 / rep_scale 0.1 / dyn_loss 14.0 / rep_loss 14.0 / kl 14.0 / prior_abs_ent 22.9 / post_abs_ent -27.9 / prior_obs_ent 9.0 / post_obs_ent -3.3 / boundary_ratio 0.0 / kl_mask 0.0 / normed_target_mean 0.3 / normed_target_std 0.4 / normed_target_min -0.0 / normed_target_max 2.8 / EMA_005 0.7 / EMA_095 21.6 / value_mean 5.4 / value_std 4.6 / value_min 0.7 / value_max 15.9 / target_mean 6.8 / target_std 7.8 / target_min 0.6 / target_max 59.1 / imag_reward_mean 0.3 / imag_reward_std 1.0 / imag_reward_min 0.0 / imag_reward_max 13.5 / imag_action_mean 2.5 / imag_action_std 2.0 / imag_action_min 0.0 / imag_action_max 17.0 / actor_entropy 0.4 / actor_loss 0.1 / actor_grad_norm 0.1 / value_loss 2.6 / value_grad_norm 1.2 / update_count 3844.0 / fps 12.5
add_video needs package moviepy
add_video needs package moviepy
[25600] 
Start evaluation.
[25600] eval_return 0.0 / eval_length 1537.0 / eval_episodes 5.0
add_video needs package moviepy
Start training.
[25600] model_loss 30.4 / model_grad_norm 59.0 / image_loss 21.7 / reward_loss 0.2 / cont_loss 0.0 / kl_free 1.0 / dyn_scale 0.5 / rep_scale 0.1 / dyn_loss 14.2 / rep_loss 14.2 / kl 14.2 / prior_abs_ent 23.1 / post_abs_ent -27.9 / prior_obs_ent 10.4 / post_obs_ent -2.3 / boundary_ratio 0.0 / kl_mask 0.0 / normed_target_mean 0.3 / normed_target_std 0.4 / normed_target_min -0.0 / normed_target_max 2.9 / EMA_005 0.7 / EMA_095 23.1 / value_mean 6.0 / value_std 5.2 / value_min 0.7 / value_max 17.4 / target_mean 7.5 / target_std 8.6 / target_min 0.6 / target_max 64.7 / imag_reward_mean 0.3 / imag_reward_std 1.0 / imag_reward_min 0.0 / imag_reward_max 14.1 / imag_action_mean 2.4 / imag_action_std 1.8 / imag_action_min 0.0 / imag_action_max 17.0 / actor_entropy 0.3 / actor_loss 0.1 / actor_grad_norm 0.1 / value_loss 2.7 / value_grad_norm 1.3 / update_count 4000.0 / fps 12.5
add_video needs package moviepy
add_video needs package moviepy
[26008] dataset_size 6502.0 / train_return 570.0 / train_length 1372.0 / train_episodes 4.0
[26224] 
Start evaluation.
[26224] eval_return 0.0 / eval_length 1544.0 / eval_episodes 5.0
add_video needs package moviepy
Start training.
[26224] model_loss 29.4 / model_grad_norm 64.5 / image_loss 20.7 / reward_loss 0.1 / cont_loss 0.0 / kl_free 1.0 / dyn_scale 0.5 / rep_scale 0.1 / dyn_loss 14.3 / rep_loss 14.3 / kl 14.3 / prior_abs_ent 23.0 / post_abs_ent -27.9 / prior_obs_ent 10.5 / post_obs_ent -2.2 / boundary_ratio 0.0 / kl_mask 0.0 / normed_target_mean 0.3 / normed_target_std 0.4 / normed_target_min -0.0 / normed_target_max 2.8 / EMA_005 0.7 / EMA_095 25.2 / value_mean 6.2 / value_std 5.7 / value_min 0.7 / value_max 19.5 / target_mean 7.5 / target_std 9.0 / target_min 0.5 / target_max 68.7 / imag_reward_mean 0.3 / imag_reward_std 1.0 / imag_reward_min -0.0 / imag_reward_max 14.6 / imag_action_mean 2.3 / imag_action_std 1.7 / imag_action_min 0.0 / imag_action_max 17.0 / actor_entropy 0.3 / actor_loss 0.1 / actor_grad_norm 0.1 / value_loss 2.6 / value_grad_norm 1.1 / update_count 4156.0 / fps 12.4
add_video needs package moviepy
add_video needs package moviepy
[26848] 
Start evaluation.
[26848] eval_return 0.0 / eval_length 1528.6 / eval_episodes 5.0
add_video needs package moviepy
Start training.
[26848] model_loss 28.9 / model_grad_norm 64.3 / image_loss 20.3 / reward_loss 0.2 / cont_loss 0.0 / kl_free 1.0 / dyn_scale 0.5 / rep_scale 0.1 / dyn_loss 14.1 / rep_loss 14.1 / kl 14.1 / prior_abs_ent 23.2 / post_abs_ent -28.0 / prior_obs_ent 11.4 / post_obs_ent -1.3 / boundary_ratio 0.0 / kl_mask 0.0 / normed_target_mean 0.3 / normed_target_std 0.4 / normed_target_min -0.0 / normed_target_max 2.6 / EMA_005 0.7 / EMA_095 25.9 / value_mean 6.6 / value_std 6.2 / value_min 0.7 / value_max 21.1 / target_mean 7.8 / target_std 9.1 / target_min 0.6 / target_max 65.1 / imag_reward_mean 0.3 / imag_reward_std 1.0 / imag_reward_min -0.0 / imag_reward_max 15.0 / imag_action_mean 2.2 / imag_action_std 1.4 / imag_action_min 0.0 / imag_action_max 17.0 / actor_entropy 0.2 / actor_loss 0.1 / actor_grad_norm 0.0 / value_loss 2.7 / value_grad_norm 1.5 / update_count 4312.0 / fps 12.4
add_video needs package moviepy
add_video needs package moviepy
[27472] 
Start evaluation.
[27472] eval_return 0.0 / eval_length 1536.8 / eval_episodes 5.0
add_video needs package moviepy
Start training.
[27472] model_loss 27.2 / model_grad_norm 48.7 / image_loss 18.9 / reward_loss 0.1 / cont_loss 0.0 / kl_free 1.0 / dyn_scale 0.5 / rep_scale 0.1 / dyn_loss 13.6 / rep_loss 13.6 / kl 13.6 / prior_abs_ent 23.3 / post_abs_ent -28.0 / prior_obs_ent 11.3 / post_obs_ent -0.7 / boundary_ratio 0.0 / kl_mask 0.0 / normed_target_mean 0.3 / normed_target_std 0.4 / normed_target_min -0.0 / normed_target_max 2.6 / EMA_005 0.7 / EMA_095 26.2 / value_mean 6.5 / value_std 6.5 / value_min 0.7 / value_max 22.9 / target_mean 7.6 / target_std 9.5 / target_min 0.6 / target_max 67.9 / imag_reward_mean 0.3 / imag_reward_std 1.0 / imag_reward_min 0.0 / imag_reward_max 15.0 / imag_action_mean 2.2 / imag_action_std 1.4 / imag_action_min 0.0 / imag_action_max 17.0 / actor_entropy 0.2 / actor_loss 0.1 / actor_grad_norm 0.1 / value_loss 2.6 / value_grad_norm 1.2 / update_count 4468.0 / fps 12.5
add_video needs package moviepy
add_video needs package moviepy
[28096] 
Start evaluation.
[28096] eval_return 0.0 / eval_length 1537.8 / eval_episodes 5.0
add_video needs package moviepy
Start training.
[28096] model_loss 27.0 / model_grad_norm 51.6 / image_loss 18.6 / reward_loss 0.1 / cont_loss 0.0 / kl_free 1.0 / dyn_scale 0.5 / rep_scale 0.1 / dyn_loss 13.8 / rep_loss 13.8 / kl 13.8 / prior_abs_ent 23.8 / post_abs_ent -28.0 / prior_obs_ent 11.9 / post_obs_ent -0.3 / boundary_ratio 0.0 / kl_mask 0.0 / normed_target_mean 0.3 / normed_target_std 0.4 / normed_target_min -0.0 / normed_target_max 2.5 / EMA_005 0.7 / EMA_095 27.0 / value_mean 6.4 / value_std 6.6 / value_min 0.7 / value_max 24.5 / target_mean 7.4 / target_std 9.3 / target_min 0.7 / target_max 67.4 / imag_reward_mean 0.2 / imag_reward_std 0.9 / imag_reward_min 0.0 / imag_reward_max 15.4 / imag_action_mean 2.2 / imag_action_std 1.4 / imag_action_min 0.0 / imag_action_max 17.0 / actor_entropy 0.2 / actor_loss 0.1 / actor_grad_norm 0.1 / value_loss 2.6 / value_grad_norm 1.2 / update_count 4624.0 / fps 12.5
add_video needs package moviepy
add_video needs package moviepy
[28720] 
Start evaluation.
[28720] eval_return 0.0 / eval_length 1536.8 / eval_episodes 5.0
add_video needs package moviepy
Start training.
[28720] model_loss 26.6 / model_grad_norm 54.7 / image_loss 18.0 / reward_loss 0.1 / cont_loss 0.0 / kl_free 1.0 / dyn_scale 0.5 / rep_scale 0.1 / dyn_loss 14.1 / rep_loss 14.1 / kl 14.1 / prior_abs_ent 24.2 / post_abs_ent -28.0 / prior_obs_ent 13.0 / post_obs_ent 0.5 / boundary_ratio 0.0 / kl_mask 0.0 / normed_target_mean 0.2 / normed_target_std 0.3 / normed_target_min -0.0 / normed_target_max 2.6 / EMA_005 0.7 / EMA_095 26.7 / value_mean 6.2 / value_std 6.5 / value_min 0.7 / value_max 25.4 / target_mean 7.0 / target_std 9.1 / target_min 0.7 / target_max 68.2 / imag_reward_mean 0.2 / imag_reward_std 0.9 / imag_reward_min -0.0 / imag_reward_max 15.6 / imag_action_mean 2.2 / imag_action_std 1.4 / imag_action_min 0.0 / imag_action_max 17.0 / actor_entropy 0.2 / actor_loss 0.1 / actor_grad_norm 0.1 / value_loss 2.5 / value_grad_norm 1.1 / update_count 4780.0 / fps 12.4
add_video needs package moviepy
add_video needs package moviepy
[29344] 
Start evaluation.
[29344] eval_return 6.0 / eval_length 1475.8 / eval_episodes 5.0
add_video needs package moviepy
Start training.
[29344] model_loss 26.4 / model_grad_norm 52.5 / image_loss 17.9 / reward_loss 0.1 / cont_loss 0.0 / kl_free 1.0 / dyn_scale 0.5 / rep_scale 0.1 / dyn_loss 13.9 / rep_loss 13.9 / kl 13.9 / prior_abs_ent 24.7 / post_abs_ent -28.0 / prior_obs_ent 13.3 / post_obs_ent 0.9 / boundary_ratio 0.0 / kl_mask 0.0 / normed_target_mean 0.2 / normed_target_std 0.3 / normed_target_min -0.0 / normed_target_max 2.4 / EMA_005 0.8 / EMA_095 25.5 / value_mean 6.1 / value_std 6.5 / value_min 0.7 / value_max 25.3 / target_mean 6.8 / target_std 8.5 / target_min 0.7 / target_max 60.7 / imag_reward_mean 0.2 / imag_reward_std 0.8 / imag_reward_min -0.0 / imag_reward_max 14.9 / imag_action_mean 2.2 / imag_action_std 1.4 / imag_action_min 0.0 / imag_action_max 17.0 / actor_entropy 0.2 / actor_loss 0.1 / actor_grad_norm 0.1 / value_loss 2.5 / value_grad_norm 1.0 / update_count 4936.0 / fps 12.7
add_video needs package moviepy
add_video needs package moviepy
[29968] 
Start evaluation.
[29968] eval_return 878.0 / eval_length 1472.0 / eval_episodes 5.0
add_video needs package moviepy
Start training.
[29968] model_loss 27.1 / model_grad_norm 82.5 / image_loss 18.1 / reward_loss 0.1 / cont_loss 0.0 / kl_free 1.0 / dyn_scale 0.5 / rep_scale 0.1 / dyn_loss 14.8 / rep_loss 14.8 / kl 14.8 / prior_abs_ent 24.8 / post_abs_ent -28.0 / prior_obs_ent 15.7 / post_obs_ent 2.7 / boundary_ratio 0.0 / kl_mask 0.0 / normed_target_mean 0.3 / normed_target_std 0.4 / normed_target_min -0.0 / normed_target_max 2.6 / EMA_005 0.8 / EMA_095 26.4 / value_mean 6.4 / value_std 6.5 / value_min 0.8 / value_max 25.8 / target_mean 7.4 / target_std 9.3 / target_min 0.7 / target_max 67.7 / imag_reward_mean 0.3 / imag_reward_std 1.0 / imag_reward_min 0.0 / imag_reward_max 15.5 / imag_action_mean 4.1 / imag_action_std 4.2 / imag_action_min 0.0 / imag_action_max 17.0 / actor_entropy 0.6 / actor_loss 0.4 / actor_grad_norm 0.6 / value_loss 2.5 / value_grad_norm 1.2 / update_count 5092.0 / fps 12.6
add_video needs package moviepy
add_video needs package moviepy
[30592] 
Start evaluation.
[30592] eval_return 500.0 / eval_length 1422.2 / eval_episodes 5.0
add_video needs package moviepy
Start training.
[30592] model_loss 25.8 / model_grad_norm 43.6 / image_loss 17.3 / reward_loss 0.1 / cont_loss 0.0 / kl_free 1.0 / dyn_scale 0.5 / rep_scale 0.1 / dyn_loss 14.0 / rep_loss 14.0 / kl 14.0 / prior_abs_ent 24.1 / post_abs_ent -28.0 / prior_obs_ent 14.1 / post_obs_ent 1.8 / boundary_ratio 0.0 / kl_mask 0.0 / normed_target_mean 0.3 / normed_target_std 0.4 / normed_target_min -0.0 / normed_target_max 2.7 / EMA_005 0.8 / EMA_095 29.2 / value_mean 7.2 / value_std 7.2 / value_min 0.8 / value_max 27.2 / target_mean 8.9 / target_std 11.1 / target_min 0.7 / target_max 76.3 / imag_reward_mean 0.4 / imag_reward_std 1.2 / imag_reward_min -0.0 / imag_reward_max 17.0 / imag_action_mean 4.6 / imag_action_std 4.2 / imag_action_min 0.0 / imag_action_max 17.0 / actor_entropy 0.7 / actor_loss 0.6 / actor_grad_norm 0.7 / value_loss 2.7 / value_grad_norm 1.1 / update_count 5248.0 / fps 12.7
add_video needs package moviepy
add_video needs package moviepy
[31216] 
Start evaluation.
[31216] eval_return 262.0 / eval_length 1385.4 / eval_episodes 5.0
add_video needs package moviepy
Start training.
[31216] model_loss 25.6 / model_grad_norm 40.5 / image_loss 17.1 / reward_loss 0.1 / cont_loss 0.0 / kl_free 1.0 / dyn_scale 0.5 / rep_scale 0.1 / dyn_loss 13.9 / rep_loss 13.9 / kl 13.9 / prior_abs_ent 24.7 / post_abs_ent -28.0 / prior_obs_ent 14.8 / post_obs_ent 2.4 / boundary_ratio 0.0 / kl_mask 0.0 / normed_target_mean 0.3 / normed_target_std 0.4 / normed_target_min -0.0 / normed_target_max 2.5 / EMA_005 0.8 / EMA_095 32.7 / value_mean 8.1 / value_std 8.0 / value_min 0.8 / value_max 28.0 / target_mean 9.9 / target_std 11.9 / target_min 0.7 / target_max 79.9 / imag_reward_mean 0.4 / imag_reward_std 1.2 / imag_reward_min -0.0 / imag_reward_max 16.9 / imag_action_mean 5.2 / imag_action_std 4.8 / imag_action_min 0.0 / imag_action_max 17.0 / actor_entropy 0.6 / actor_loss 0.3 / actor_grad_norm 0.5 / value_loss 2.7 / value_grad_norm 1.1 / update_count 5404.0 / fps 12.9
add_video needs package moviepy
add_video needs package moviepy
[31464] dataset_size 7866.0 / train_return 990.0 / train_length 1364.0 / train_episodes 5.0
[31840] 
Start evaluation.
[31840] eval_return 660.0 / eval_length 1303.8 / eval_episodes 5.0
add_video needs package moviepy
Start training.
[31840] model_loss 25.5 / model_grad_norm 46.8 / image_loss 16.8 / reward_loss 0.1 / cont_loss 0.0 / kl_free 1.0 / dyn_scale 0.5 / rep_scale 0.1 / dyn_loss 14.1 / rep_loss 14.1 / kl 14.1 / prior_abs_ent 25.0 / post_abs_ent -28.0 / prior_obs_ent 14.7 / post_obs_ent 2.2 / boundary_ratio 0.0 / kl_mask 0.0 / normed_target_mean 0.3 / normed_target_std 0.4 / normed_target_min -0.0 / normed_target_max 2.4 / EMA_005 0.8 / EMA_095 36.3 / value_mean 8.6 / value_std 8.5 / value_min 0.8 / value_max 29.8 / target_mean 10.6 / target_std 12.7 / target_min 0.7 / target_max 85.0 / imag_reward_mean 0.4 / imag_reward_std 1.4 / imag_reward_min 0.0 / imag_reward_max 17.1 / imag_action_mean 5.3 / imag_action_std 4.9 / imag_action_min 0.0 / imag_action_max 17.0 / actor_entropy 0.6 / actor_loss 0.5 / actor_grad_norm 0.7 / value_loss 2.7 / value_grad_norm 1.1 / update_count 5560.0 / fps 13.0
add_video needs package moviepy
add_video needs package moviepy
[32464] 
Start evaluation.
[32464] eval_return 764.0 / eval_length 1217.6 / eval_episodes 5.0
add_video needs package moviepy
Start training.
[32464] model_loss 25.1 / model_grad_norm 43.8 / image_loss 16.6 / reward_loss 0.1 / cont_loss 0.0 / kl_free 1.0 / dyn_scale 0.5 / rep_scale 0.1 / dyn_loss 13.8 / rep_loss 13.8 / kl 13.8 / prior_abs_ent 25.4 / post_abs_ent -28.0 / prior_obs_ent 15.7 / post_obs_ent 3.4 / boundary_ratio 0.0 / kl_mask 0.0 / normed_target_mean 0.3 / normed_target_std 0.4 / normed_target_min -0.0 / normed_target_max 2.4 / EMA_005 0.8 / EMA_095 38.2 / value_mean 9.8 / value_std 9.5 / value_min 0.8 / value_max 31.3 / target_mean 11.8 / target_std 13.9 / target_min 0.7 / target_max 91.5 / imag_reward_mean 0.5 / imag_reward_std 1.5 / imag_reward_min 0.0 / imag_reward_max 17.5 / imag_action_mean 5.5 / imag_action_std 4.8 / imag_action_min 0.0 / imag_action_max 17.0 / actor_entropy 0.6 / actor_loss 0.6 / actor_grad_norm 0.8 / value_loss 2.7 / value_grad_norm 1.1 / update_count 5716.0 / fps 13.3
add_video needs package moviepy
add_video needs package moviepy
[33088] 
Start evaluation.
[33088] eval_return 830.0 / eval_length 1382.8 / eval_episodes 5.0
add_video needs package moviepy
Start training.
[33088] model_loss 25.1 / model_grad_norm 53.5 / image_loss 16.6 / reward_loss 0.1 / cont_loss 0.0 / kl_free 1.0 / dyn_scale 0.5 / rep_scale 0.1 / dyn_loss 14.0 / rep_loss 14.0 / kl 14.0 / prior_abs_ent 25.5 / post_abs_ent -28.0 / prior_obs_ent 16.2 / post_obs_ent 3.9 / boundary_ratio 0.0 / kl_mask 0.0 / normed_target_mean 0.3 / normed_target_std 0.4 / normed_target_min -0.0 / normed_target_max 2.4 / EMA_005 0.8 / EMA_095 39.6 / value_mean 9.2 / value_std 9.3 / value_min 0.8 / value_max 32.6 / target_mean 11.0 / target_std 13.6 / target_min 0.8 / target_max 94.5 / imag_reward_mean 0.5 / imag_reward_std 1.5 / imag_reward_min 0.0 / imag_reward_max 17.6 / imag_action_mean 5.6 / imag_action_std 4.5 / imag_action_min 0.0 / imag_action_max 17.0 / actor_entropy 0.6 / actor_loss 0.6 / actor_grad_norm 0.9 / value_loss 2.7 / value_grad_norm 1.1 / update_count 5872.0 / fps 12.8
add_video needs package moviepy
add_video needs package moviepy
[33712] 
Start evaluation.
[33712] eval_return 690.0 / eval_length 1291.6 / eval_episodes 5.0
add_video needs package moviepy
Start training.
[33712] model_loss 25.5 / model_grad_norm 61.8 / image_loss 16.8 / reward_loss 0.1 / cont_loss 0.0 / kl_free 1.0 / dyn_scale 0.5 / rep_scale 0.1 / dyn_loss 14.2 / rep_loss 14.2 / kl 14.2 / prior_abs_ent 25.6 / post_abs_ent -27.9 / prior_obs_ent 17.9 / post_obs_ent 5.3 / boundary_ratio 0.0 / kl_mask 0.0 / normed_target_mean 0.3 / normed_target_std 0.4 / normed_target_min -0.0 / normed_target_max 2.5 / EMA_005 0.9 / EMA_095 41.8 / value_mean 11.0 / value_std 10.7 / value_min 0.9 / value_max 33.4 / target_mean 13.0 / target_std 15.4 / target_min 0.8 / target_max 101.1 / imag_reward_mean 0.5 / imag_reward_std 1.6 / imag_reward_min 0.0 / imag_reward_max 17.8 / imag_action_mean 5.7 / imag_action_std 4.3 / imag_action_min 0.0 / imag_action_max 17.0 / actor_entropy 0.6 / actor_loss 0.6 / actor_grad_norm 0.9 / value_loss 2.8 / value_grad_norm 1.0 / update_count 6028.0 / fps 13.1
add_video needs package moviepy
add_video needs package moviepy
[34336] 
Start evaluation.
[34336] eval_return 728.0 / eval_length 1421.0 / eval_episodes 5.0
add_video needs package moviepy
Start training.
[34336] model_loss 24.9 / model_grad_norm 44.3 / image_loss 16.3 / reward_loss 0.1 / cont_loss 0.0 / kl_free 1.0 / dyn_scale 0.5 / rep_scale 0.1 / dyn_loss 14.1 / rep_loss 14.1 / kl 14.1 / prior_abs_ent 25.5 / post_abs_ent -27.9 / prior_obs_ent 17.1 / post_obs_ent 4.5 / boundary_ratio 0.0 / kl_mask 0.0 / normed_target_mean 0.3 / normed_target_std 0.3 / normed_target_min -0.0 / normed_target_max 2.4 / EMA_005 0.9 / EMA_095 43.2 / value_mean 10.4 / value_std 10.4 / value_min 0.9 / value_max 34.9 / target_mean 12.1 / target_std 14.7 / target_min 0.8 / target_max 101.6 / imag_reward_mean 0.5 / imag_reward_std 1.5 / imag_reward_min 0.0 / imag_reward_max 17.7 / imag_action_mean 6.3 / imag_action_std 4.7 / imag_action_min 0.0 / imag_action_max 17.0 / actor_entropy 0.6 / actor_loss 0.5 / actor_grad_norm 0.9 / value_loss 2.8 / value_grad_norm 1.1 / update_count 6184.0 / fps 12.7
add_video needs package moviepy
add_video needs package moviepy
[34960] 
Start evaluation.
[34960] eval_return 972.0 / eval_length 1464.2 / eval_episodes 5.0
add_video needs package moviepy
Start training.
[34960] model_loss 24.6 / model_grad_norm 45.3 / image_loss 16.2 / reward_loss 0.1 / cont_loss 0.0 / kl_free 1.0 / dyn_scale 0.5 / rep_scale 0.1 / dyn_loss 13.9 / rep_loss 13.9 / kl 13.9 / prior_abs_ent 25.5 / post_abs_ent -28.0 / prior_obs_ent 16.9 / post_obs_ent 4.7 / boundary_ratio 0.0 / kl_mask 0.0 / normed_target_mean 0.3 / normed_target_std 0.4 / normed_target_min -0.0 / normed_target_max 2.5 / EMA_005 0.9 / EMA_095 43.2 / value_mean 11.1 / value_std 11.0 / value_min 0.9 / value_max 36.1 / target_mean 12.8 / target_std 15.3 / target_min 0.8 / target_max 105.0 / imag_reward_mean 0.5 / imag_reward_std 1.5 / imag_reward_min 0.0 / imag_reward_max 17.6 / imag_action_mean 6.5 / imag_action_std 4.8 / imag_action_min 0.0 / imag_action_max 17.0 / actor_entropy 0.6 / actor_loss 0.5 / actor_grad_norm 0.9 / value_loss 2.8 / value_grad_norm 1.0 / update_count 6340.0 / fps 12.6
add_video needs package moviepy
add_video needs package moviepy
[35584] 
Start evaluation.
[35584] eval_return 1310.0 / eval_length 1378.0 / eval_episodes 5.0
add_video needs package moviepy
Start training.
[35584] model_loss 24.1 / model_grad_norm 37.4 / image_loss 15.9 / reward_loss 0.1 / cont_loss 0.0 / kl_free 1.0 / dyn_scale 0.5 / rep_scale 0.1 / dyn_loss 13.4 / rep_loss 13.4 / kl 13.4 / prior_abs_ent 26.0 / post_abs_ent -27.9 / prior_obs_ent 16.0 / post_obs_ent 4.2 / boundary_ratio 0.0 / kl_mask 0.0 / normed_target_mean 0.3 / normed_target_std 0.4 / normed_target_min -0.0 / normed_target_max 2.4 / EMA_005 0.9 / EMA_095 42.7 / value_mean 11.7 / value_std 11.2 / value_min 0.9 / value_max 36.8 / target_mean 13.4 / target_std 15.1 / target_min 0.8 / target_max 102.0 / imag_reward_mean 0.4 / imag_reward_std 1.4 / imag_reward_min 0.0 / imag_reward_max 17.7 / imag_action_mean 6.6 / imag_action_std 4.9 / imag_action_min 0.0 / imag_action_max 17.0 / actor_entropy 0.6 / actor_loss 0.5 / actor_grad_norm 0.8 / value_loss 2.8 / value_grad_norm 1.1 / update_count 6496.0 / fps 12.9
add_video needs package moviepy
add_video needs package moviepy
[36208] 
Start evaluation.
[36208] eval_return 1062.0 / eval_length 1332.8 / eval_episodes 5.0
add_video needs package moviepy
Start training.
[36208] model_loss 23.7 / model_grad_norm 34.4 / image_loss 15.5 / reward_loss 0.1 / cont_loss 0.0 / kl_free 1.0 / dyn_scale 0.5 / rep_scale 0.1 / dyn_loss 13.4 / rep_loss 13.4 / kl 13.4 / prior_abs_ent 25.8 / post_abs_ent -27.9 / prior_obs_ent 15.8 / post_obs_ent 4.0 / boundary_ratio 0.0 / kl_mask 0.0 / normed_target_mean 0.3 / normed_target_std 0.4 / normed_target_min -0.0 / normed_target_max 2.5 / EMA_005 1.0 / EMA_095 43.6 / value_mean 11.9 / value_std 11.3 / value_min 0.9 / value_max 38.2 / target_mean 13.7 / target_std 15.6 / target_min 0.7 / target_max 107.7 / imag_reward_mean 0.5 / imag_reward_std 1.6 / imag_reward_min 0.0 / imag_reward_max 18.4 / imag_action_mean 6.5 / imag_action_std 4.9 / imag_action_min 0.0 / imag_action_max 17.0 / actor_entropy 0.6 / actor_loss 0.4 / actor_grad_norm 0.8 / value_loss 2.8 / value_grad_norm 1.1 / update_count 6652.0 / fps 13.0
add_video needs package moviepy
add_video needs package moviepy
[36832] 
Start evaluation.
[36832] eval_return 1188.0 / eval_length 1432.8 / eval_episodes 5.0
add_video needs package moviepy
Start training.
[36832] model_loss 23.9 / model_grad_norm 36.3 / image_loss 15.5 / reward_loss 0.1 / cont_loss 0.0 / kl_free 1.0 / dyn_scale 0.5 / rep_scale 0.1 / dyn_loss 13.7 / rep_loss 13.7 / kl 13.7 / prior_abs_ent 26.1 / post_abs_ent -27.9 / prior_obs_ent 16.7 / post_obs_ent 4.6 / boundary_ratio 0.0 / kl_mask 0.0 / normed_target_mean 0.3 / normed_target_std 0.3 / normed_target_min -0.0 / normed_target_max 2.4 / EMA_005 1.0 / EMA_095 44.5 / value_mean 11.7 / value_std 11.3 / value_min 0.9 / value_max 39.7 / target_mean 13.2 / target_std 14.9 / target_min 0.8 / target_max 105.1 / imag_reward_mean 0.4 / imag_reward_std 1.4 / imag_reward_min 0.0 / imag_reward_max 18.3 / imag_action_mean 6.4 / imag_action_std 4.8 / imag_action_min 0.0 / imag_action_max 17.0 / actor_entropy 0.6 / actor_loss 0.4 / actor_grad_norm 0.8 / value_loss 2.8 / value_grad_norm 1.3 / update_count 6808.0 / fps 12.6
add_video needs package moviepy
add_video needs package moviepy
[37088] dataset_size 9272.0 / train_return 1100.0 / train_length 1406.0 / train_episodes 6.0
[37456] 
Start evaluation.
[37456] eval_return 920.0 / eval_length 1364.8 / eval_episodes 5.0
add_video needs package moviepy
Start training.
[37456] model_loss 23.9 / model_grad_norm 42.0 / image_loss 15.5 / reward_loss 0.1 / cont_loss 0.0 / kl_free 1.0 / dyn_scale 0.5 / rep_scale 0.1 / dyn_loss 13.8 / rep_loss 13.8 / kl 13.8 / prior_abs_ent 26.1 / post_abs_ent -27.9 / prior_obs_ent 17.5 / post_obs_ent 5.3 / boundary_ratio 0.0 / kl_mask 0.0 / normed_target_mean 0.3 / normed_target_std 0.4 / normed_target_min -0.0 / normed_target_max 2.5 / EMA_005 1.0 / EMA_095 43.5 / value_mean 12.3 / value_std 11.5 / value_min 0.9 / value_max 40.4 / target_mean 13.8 / target_std 15.1 / target_min 0.7 / target_max 105.1 / imag_reward_mean 0.4 / imag_reward_std 1.5 / imag_reward_min 0.0 / imag_reward_max 18.5 / imag_action_mean 6.3 / imag_action_std 4.7 / imag_action_min 0.0 / imag_action_max 17.0 / actor_entropy 0.6 / actor_loss 0.4 / actor_grad_norm 0.8 / value_loss 2.8 / value_grad_norm 1.2 / update_count 6964.0 / fps 12.8
add_video needs package moviepy
add_video needs package moviepy
[38080] 
Start evaluation.
[38080] eval_return 1344.0 / eval_length 1265.4 / eval_episodes 5.0
add_video needs package moviepy
Start training.
[38080] model_loss 23.5 / model_grad_norm 38.2 / image_loss 15.1 / reward_loss 0.1 / cont_loss 0.0 / kl_free 1.0 / dyn_scale 0.5 / rep_scale 0.1 / dyn_loss 13.8 / rep_loss 13.8 / kl 13.8 / prior_abs_ent 26.5 / post_abs_ent -27.9 / prior_obs_ent 17.9 / post_obs_ent 5.7 / boundary_ratio 0.0 / kl_mask 0.0 / normed_target_mean 0.3 / normed_target_std 0.4 / normed_target_min -0.0 / normed_target_max 2.5 / EMA_005 1.0 / EMA_095 43.1 / value_mean 12.8 / value_std 11.8 / value_min 0.9 / value_max 41.3 / target_mean 14.4 / target_std 15.5 / target_min 0.6 / target_max 106.5 / imag_reward_mean 0.4 / imag_reward_std 1.5 / imag_reward_min 0.0 / imag_reward_max 18.7 / imag_action_mean 6.5 / imag_action_std 4.8 / imag_action_min 0.0 / imag_action_max 17.0 / actor_entropy 0.6 / actor_loss 0.4 / actor_grad_norm 0.8 / value_loss 2.7 / value_grad_norm 1.1 / update_count 7120.0 / fps 13.2
add_video needs package moviepy
add_video needs package moviepy
[38704] 
Start evaluation.
[38704] eval_return 1664.0 / eval_length 1363.0 / eval_episodes 5.0
add_video needs package moviepy
Start training.
[38704] model_loss 23.6 / model_grad_norm 38.8 / image_loss 15.2 / reward_loss 0.1 / cont_loss 0.0 / kl_free 1.0 / dyn_scale 0.5 / rep_scale 0.1 / dyn_loss 13.7 / rep_loss 13.7 / kl 13.7 / prior_abs_ent 26.8 / post_abs_ent -27.9 / prior_obs_ent 18.1 / post_obs_ent 5.9 / boundary_ratio 0.0 / kl_mask 0.0 / normed_target_mean 0.3 / normed_target_std 0.4 / normed_target_min -0.0 / normed_target_max 2.5 / EMA_005 1.1 / EMA_095 44.3 / value_mean 13.3 / value_std 12.0 / value_min 0.9 / value_max 42.2 / target_mean 14.8 / target_std 15.8 / target_min 0.6 / target_max 108.8 / imag_reward_mean 0.4 / imag_reward_std 1.5 / imag_reward_min 0.0 / imag_reward_max 18.7 / imag_action_mean 7.0 / imag_action_std 5.1 / imag_action_min 0.0 / imag_action_max 17.0 / actor_entropy 0.6 / actor_loss 0.4 / actor_grad_norm 0.9 / value_loss 2.7 / value_grad_norm 1.2 / update_count 7276.0 / fps 12.9
add_video needs package moviepy
add_video needs package moviepy
[39328] 
Start evaluation.
[39328] eval_return 1166.0 / eval_length 1264.6 / eval_episodes 5.0
add_video needs package moviepy
Start training.
[39328] model_loss 23.7 / model_grad_norm 49.5 / image_loss 15.2 / reward_loss 0.1 / cont_loss 0.0 / kl_free 1.0 / dyn_scale 0.5 / rep_scale 0.1 / dyn_loss 13.9 / rep_loss 13.9 / kl 13.9 / prior_abs_ent 27.0 / post_abs_ent -27.9 / prior_obs_ent 17.9 / post_obs_ent 5.7 / boundary_ratio 0.0 / kl_mask 0.0 / normed_target_mean 0.3 / normed_target_std 0.4 / normed_target_min -0.0 / normed_target_max 2.4 / EMA_005 1.1 / EMA_095 45.8 / value_mean 13.8 / value_std 12.1 / value_min 1.0 / value_max 42.9 / target_mean 15.3 / target_std 15.7 / target_min 0.7 / target_max 109.1 / imag_reward_mean 0.4 / imag_reward_std 1.5 / imag_reward_min 0.0 / imag_reward_max 18.8 / imag_action_mean 7.1 / imag_action_std 5.1 / imag_action_min 0.0 / imag_action_max 17.0 / actor_entropy 0.5 / actor_loss 0.4 / actor_grad_norm 0.9 / value_loss 2.7 / value_grad_norm 1.1 / update_count 7432.0 / fps 13.2
add_video needs package moviepy
add_video needs package moviepy
[39952] 
Start evaluation.
[39952] eval_return 1216.0 / eval_length 1305.2 / eval_episodes 5.0
add_video needs package moviepy
Start training.
[39952] model_loss 24.1 / model_grad_norm 47.1 / image_loss 15.5 / reward_loss 0.1 / cont_loss 0.0 / kl_free 1.0 / dyn_scale 0.5 / rep_scale 0.1 / dyn_loss 14.2 / rep_loss 14.2 / kl 14.2 / prior_abs_ent 26.5 / post_abs_ent -28.0 / prior_obs_ent 18.1 / post_obs_ent 5.5 / boundary_ratio 0.0 / kl_mask 0.0 / normed_target_mean 0.3 / normed_target_std 0.4 / normed_target_min -0.0 / normed_target_max 2.4 / EMA_005 1.2 / EMA_095 46.7 / value_mean 14.5 / value_std 12.7 / value_min 1.0 / value_max 44.0 / target_mean 16.0 / target_std 16.3 / target_min 0.7 / target_max 112.4 / imag_reward_mean 0.4 / imag_reward_std 1.5 / imag_reward_min 0.0 / imag_reward_max 18.9 / imag_action_mean 6.9 / imag_action_std 5.1 / imag_action_min 0.0 / imag_action_max 17.0 / actor_entropy 0.5 / actor_loss 0.4 / actor_grad_norm 0.9 / value_loss 2.7 / value_grad_norm 1.2 / update_count 7588.0 / fps 13.0
add_video needs package moviepy
add_video needs package moviepy
[40576] 
Start evaluation.
[40576] eval_return 1682.0 / eval_length 1435.0 / eval_episodes 5.0
add_video needs package moviepy
Start training.
[40576] model_loss 23.7 / model_grad_norm 37.7 / image_loss 15.1 / reward_loss 0.1 / cont_loss 0.0 / kl_free 1.0 / dyn_scale 0.5 / rep_scale 0.1 / dyn_loss 14.1 / rep_loss 14.1 / kl 14.1 / prior_abs_ent 26.6 / post_abs_ent -28.0 / prior_obs_ent 18.0 / post_obs_ent 5.5 / boundary_ratio 0.0 / kl_mask 0.0 / normed_target_mean 0.3 / normed_target_std 0.4 / normed_target_min -0.0 / normed_target_max 2.3 / EMA_005 1.2 / EMA_095 47.5 / value_mean 14.9 / value_std 12.8 / value_min 1.0 / value_max 45.0 / target_mean 16.4 / target_std 16.3 / target_min 0.7 / target_max 110.0 / imag_reward_mean 0.4 / imag_reward_std 1.5 / imag_reward_min 0.0 / imag_reward_max 19.0 / imag_action_mean 6.9 / imag_action_std 5.1 / imag_action_min 0.0 / imag_action_max 17.0 / actor_entropy 0.5 / actor_loss 0.4 / actor_grad_norm 0.8 / value_loss 2.7 / value_grad_norm 1.2 / update_count 7744.0 / fps 12.6
add_video needs package moviepy
add_video needs package moviepy
[41200] 
Start evaluation.
[41200] eval_return 1542.0 / eval_length 1418.8 / eval_episodes 5.0
add_video needs package moviepy
Start training.
[41200] model_loss 24.1 / model_grad_norm 46.9 / image_loss 15.3 / reward_loss 0.1 / cont_loss 0.0 / kl_free 1.0 / dyn_scale 0.5 / rep_scale 0.1 / dyn_loss 14.5 / rep_loss 14.5 / kl 14.5 / prior_abs_ent 26.4 / post_abs_ent -28.0 / prior_obs_ent 18.1 / post_obs_ent 5.2 / boundary_ratio 0.0 / kl_mask 0.0 / normed_target_mean 0.3 / normed_target_std 0.4 / normed_target_min -0.0 / normed_target_max 2.4 / EMA_005 1.3 / EMA_095 48.4 / value_mean 16.0 / value_std 13.3 / value_min 1.0 / value_max 45.4 / target_mean 17.5 / target_std 16.9 / target_min 0.8 / target_max 112.5 / imag_reward_mean 0.4 / imag_reward_std 1.6 / imag_reward_min 0.0 / imag_reward_max 19.1 / imag_action_mean 6.9 / imag_action_std 5.2 / imag_action_min 0.0 / imag_action_max 17.0 / actor_entropy 0.5 / actor_loss 0.4 / actor_grad_norm 0.9 / value_loss 2.7 / value_grad_norm 1.2 / update_count 7900.0 / fps 12.6
add_video needs package moviepy
add_video needs package moviepy
[41824] 
Start evaluation.
[41824] eval_return 1680.0 / eval_length 1258.4 / eval_episodes 5.0
add_video needs package moviepy
Start training.
[41824] model_loss 23.4 / model_grad_norm 34.7 / image_loss 14.9 / reward_loss 0.1 / cont_loss 0.0 / kl_free 1.0 / dyn_scale 0.5 / rep_scale 0.1 / dyn_loss 14.0 / rep_loss 14.0 / kl 14.0 / prior_abs_ent 26.7 / post_abs_ent -28.0 / prior_obs_ent 17.2 / post_obs_ent 4.8 / boundary_ratio 0.0 / kl_mask 0.0 / normed_target_mean 0.3 / normed_target_std 0.3 / normed_target_min -0.0 / normed_target_max 2.4 / EMA_005 1.3 / EMA_095 49.2 / value_mean 16.2 / value_std 13.5 / value_min 1.1 / value_max 46.3 / target_mean 17.5 / target_std 16.6 / target_min 0.7 / target_max 114.3 / imag_reward_mean 0.4 / imag_reward_std 1.6 / imag_reward_min 0.0 / imag_reward_max 19.3 / imag_action_mean 6.8 / imag_action_std 5.2 / imag_action_min 0.0 / imag_action_max 17.0 / actor_entropy 0.5 / actor_loss 0.3 / actor_grad_norm 0.8 / value_loss 2.7 / value_grad_norm 1.3 / update_count 8056.0 / fps 13.1
add_video needs package moviepy
add_video needs package moviepy
[42448] 
Start evaluation.
[42448] eval_return 1262.0 / eval_length 1349.4 / eval_episodes 5.0
add_video needs package moviepy
Start training.
[42448] model_loss 23.3 / model_grad_norm 35.4 / image_loss 14.8 / reward_loss 0.1 / cont_loss 0.0 / kl_free 1.0 / dyn_scale 0.5 / rep_scale 0.1 / dyn_loss 14.0 / rep_loss 14.0 / kl 14.0 / prior_abs_ent 26.9 / post_abs_ent -27.9 / prior_obs_ent 16.4 / post_obs_ent 4.0 / boundary_ratio 0.0 / kl_mask 0.0 / normed_target_mean 0.4 / normed_target_std 0.4 / normed_target_min -0.0 / normed_target_max 2.4 / EMA_005 1.4 / EMA_095 49.7 / value_mean 17.4 / value_std 13.8 / value_min 1.1 / value_max 47.8 / target_mean 18.9 / target_std 17.2 / target_min 0.8 / target_max 118.4 / imag_reward_mean 0.4 / imag_reward_std 1.7 / imag_reward_min 0.0 / imag_reward_max 19.5 / imag_action_mean 7.0 / imag_action_std 5.3 / imag_action_min 0.0 / imag_action_max 17.0 / actor_entropy 0.5 / actor_loss 0.4 / actor_grad_norm 0.8 / value_loss 2.6 / value_grad_norm 1.2 / update_count 8212.0 / fps 12.7
add_video needs package moviepy
add_video needs package moviepy
[42960] dataset_size 10740.0 / train_return 1910.0 / train_length 1468.0 / train_episodes 7.0
[43072] 
Start evaluation.
[43072] eval_return 1762.0 / eval_length 1444.4 / eval_episodes 5.0
add_video needs package moviepy
Start training.
[43072] model_loss 23.1 / model_grad_norm 37.8 / image_loss 14.5 / reward_loss 0.1 / cont_loss 0.0 / kl_free 1.0 / dyn_scale 0.5 / rep_scale 0.1 / dyn_loss 14.1 / rep_loss 14.1 / kl 14.1 / prior_abs_ent 26.8 / post_abs_ent -27.9 / prior_obs_ent 17.4 / post_obs_ent 4.9 / boundary_ratio 0.0 / kl_mask 0.0 / normed_target_mean 0.4 / normed_target_std 0.4 / normed_target_min -0.0 / normed_target_max 2.4 / EMA_005 1.5 / EMA_095 52.3 / value_mean 18.0 / value_std 14.6 / value_min 1.1 / value_max 50.1 / target_mean 19.8 / target_std 18.4 / target_min 0.8 / target_max 125.4 / imag_reward_mean 0.5 / imag_reward_std 1.9 / imag_reward_min 0.0 / imag_reward_max 19.7 / imag_action_mean 6.7 / imag_action_std 5.3 / imag_action_min 0.0 / imag_action_max 17.0 / actor_entropy 0.5 / actor_loss 0.4 / actor_grad_norm 0.9 / value_loss 2.6 / value_grad_norm 1.2 / update_count 8368.0 / fps 12.5
add_video needs package moviepy
add_video needs package moviepy
[43696] 
Start evaluation.
[43696] eval_return 1520.0 / eval_length 1369.0 / eval_episodes 5.0
add_video needs package moviepy
Start training.
[43696] model_loss 22.8 / model_grad_norm 36.1 / image_loss 14.2 / reward_loss 0.1 / cont_loss 0.0 / kl_free 1.0 / dyn_scale 0.5 / rep_scale 0.1 / dyn_loss 14.1 / rep_loss 14.1 / kl 14.1 / prior_abs_ent 26.9 / post_abs_ent -27.9 / prior_obs_ent 17.0 / post_obs_ent 4.6 / boundary_ratio 0.0 / kl_mask 0.0 / normed_target_mean 0.4 / normed_target_std 0.4 / normed_target_min -0.0 / normed_target_max 2.3 / EMA_005 1.5 / EMA_095 55.4 / value_mean 19.4 / value_std 15.8 / value_min 1.1 / value_max 52.5 / target_mean 21.2 / target_std 19.8 / target_min 0.7 / target_max 127.4 / imag_reward_mean 0.5 / imag_reward_std 2.0 / imag_reward_min 0.0 / imag_reward_max 19.7 / imag_action_mean 6.7 / imag_action_std 5.4 / imag_action_min 0.0 / imag_action_max 17.0 / actor_entropy 0.4 / actor_loss 0.4 / actor_grad_norm 0.9 / value_loss 2.6 / value_grad_norm 1.3 / update_count 8524.0 / fps 12.9
add_video needs package moviepy
add_video needs package moviepy
[44320] 
Start evaluation.
[44320] eval_return 1762.0 / eval_length 1356.0 / eval_episodes 5.0
add_video needs package moviepy
Start training.
[44320] model_loss 22.9 / model_grad_norm 40.7 / image_loss 14.3 / reward_loss 0.1 / cont_loss 0.0 / kl_free 1.0 / dyn_scale 0.5 / rep_scale 0.1 / dyn_loss 14.3 / rep_loss 14.3 / kl 14.3 / prior_abs_ent 26.8 / post_abs_ent -27.9 / prior_obs_ent 17.4 / post_obs_ent 4.9 / boundary_ratio 0.0 / kl_mask 0.0 / normed_target_mean 0.4 / normed_target_std 0.4 / normed_target_min -0.0 / normed_target_max 2.3 / EMA_005 1.5 / EMA_095 58.9 / value_mean 20.6 / value_std 16.7 / value_min 1.2 / value_max 54.8 / target_mean 22.6 / target_std 20.8 / target_min 0.8 / target_max 136.3 / imag_reward_mean 0.5 / imag_reward_std 2.0 / imag_reward_min 0.0 / imag_reward_max 19.8 / imag_action_mean 5.9 / imag_action_std 5.0 / imag_action_min 0.0 / imag_action_max 17.0 / actor_entropy 0.4 / actor_loss 0.5 / actor_grad_norm 1.1 / value_loss 2.6 / value_grad_norm 1.3 / update_count 8680.0 / fps 12.9
add_video needs package moviepy
add_video needs package moviepy
[44944] 
Start evaluation.
[44944] eval_return 1570.0 / eval_length 1235.0 / eval_episodes 5.0
add_video needs package moviepy
Start training.
[44944] model_loss 24.2 / model_grad_norm 68.7 / image_loss 15.1 / reward_loss 0.1 / cont_loss 0.0 / kl_free 1.0 / dyn_scale 0.5 / rep_scale 0.1 / dyn_loss 15.0 / rep_loss 15.0 / kl 15.0 / prior_abs_ent 26.4 / post_abs_ent -28.1 / prior_obs_ent 19.8 / post_obs_ent 6.4 / boundary_ratio 0.0 / kl_mask 0.0 / normed_target_mean 0.4 / normed_target_std 0.4 / normed_target_min -0.0 / normed_target_max 2.3 / EMA_005 1.7 / EMA_095 62.4 / value_mean 22.2 / value_std 17.9 / value_min 1.3 / value_max 57.0 / target_mean 24.2 / target_std 22.1 / target_min 0.7 / target_max 141.4 / imag_reward_mean 0.5 / imag_reward_std 2.1 / imag_reward_min 0.0 / imag_reward_max 19.8 / imag_action_mean 6.1 / imag_action_std 5.2 / imag_action_min 0.0 / imag_action_max 17.0 / actor_entropy 0.5 / actor_loss 0.5 / actor_grad_norm 1.1 / value_loss 2.7 / value_grad_norm 1.4 / update_count 8836.0 / fps 13.3
add_video needs package moviepy
add_video needs package moviepy
[45568] 
Start evaluation.
[45568] eval_return 1602.0 / eval_length 1131.2 / eval_episodes 5.0
add_video needs package moviepy
Start training.
[45568] model_loss 22.6 / model_grad_norm 29.3 / image_loss 14.1 / reward_loss 0.1 / cont_loss 0.0 / kl_free 1.0 / dyn_scale 0.5 / rep_scale 0.1 / dyn_loss 13.9 / rep_loss 13.9 / kl 13.9 / prior_abs_ent 26.5 / post_abs_ent -28.1 / prior_obs_ent 17.4 / post_obs_ent 5.0 / boundary_ratio 0.0 / kl_mask 0.0 / normed_target_mean 0.4 / normed_target_std 0.4 / normed_target_min -0.0 / normed_target_max 2.3 / EMA_005 1.7 / EMA_095 65.0 / value_mean 24.3 / value_std 18.9 / value_min 1.3 / value_max 59.9 / target_mean 26.1 / target_std 22.8 / target_min 0.6 / target_max 146.7 / imag_reward_mean 0.5 / imag_reward_std 2.1 / imag_reward_min 0.0 / imag_reward_max 19.9 / imag_action_mean 6.1 / imag_action_std 5.2 / imag_action_min 0.0 / imag_action_max 17.0 / actor_entropy 0.4 / actor_loss 0.4 / actor_grad_norm 1.1 / value_loss 2.6 / value_grad_norm 1.4 / update_count 8992.0 / fps 13.5
add_video needs package moviepy
add_video needs package moviepy
[46192] 
Start evaluation.
[46192] eval_return 2058.0 / eval_length 1393.2 / eval_episodes 5.0
add_video needs package moviepy
Start training.
[46192] model_loss 22.6 / model_grad_norm 38.2 / image_loss 14.0 / reward_loss 0.1 / cont_loss 0.0 / kl_free 1.0 / dyn_scale 0.5 / rep_scale 0.1 / dyn_loss 14.3 / rep_loss 14.3 / kl 14.3 / prior_abs_ent 27.0 / post_abs_ent -28.0 / prior_obs_ent 17.4 / post_obs_ent 4.8 / boundary_ratio 0.0 / kl_mask 0.0 / normed_target_mean 0.4 / normed_target_std 0.4 / normed_target_min -0.0 / normed_target_max 2.2 / EMA_005 1.9 / EMA_095 69.4 / value_mean 25.3 / value_std 19.9 / value_min 1.3 / value_max 63.8 / target_mean 27.5 / target_std 24.4 / target_min 0.6 / target_max 152.8 / imag_reward_mean 0.6 / imag_reward_std 2.3 / imag_reward_min 0.0 / imag_reward_max 19.9 / imag_action_mean 6.0 / imag_action_std 5.1 / imag_action_min 0.0 / imag_action_max 17.0 / actor_entropy 0.4 / actor_loss 0.5 / actor_grad_norm 1.2 / value_loss 2.6 / value_grad_norm 1.4 / update_count 9148.0 / fps 12.8
add_video needs package moviepy
add_video needs package moviepy
[46816] 
Start evaluation.
[46816] eval_return 1604.0 / eval_length 1372.8 / eval_episodes 5.0
add_video needs package moviepy
Start training.
[46816] model_loss 22.4 / model_grad_norm 32.8 / image_loss 14.0 / reward_loss 0.1 / cont_loss 0.0 / kl_free 1.0 / dyn_scale 0.5 / rep_scale 0.1 / dyn_loss 13.9 / rep_loss 13.9 / kl 13.9 / prior_abs_ent 26.9 / post_abs_ent -28.0 / prior_obs_ent 17.5 / post_obs_ent 5.2 / boundary_ratio 0.0 / kl_mask 0.0 / normed_target_mean 0.4 / normed_target_std 0.4 / normed_target_min -0.0 / normed_target_max 2.2 / EMA_005 2.0 / EMA_095 72.9 / value_mean 26.3 / value_std 21.2 / value_min 1.4 / value_max 67.5 / target_mean 28.4 / target_std 25.6 / target_min 0.9 / target_max 155.8 / imag_reward_mean 0.6 / imag_reward_std 2.4 / imag_reward_min 0.0 / imag_reward_max 19.9 / imag_action_mean 5.8 / imag_action_std 5.2 / imag_action_min 0.0 / imag_action_max 17.0 / actor_entropy 0.4 / actor_loss 0.5 / actor_grad_norm 1.2 / value_loss 2.6 / value_grad_norm 1.3 / update_count 9304.0 / fps 12.8
add_video needs package moviepy
add_video needs package moviepy
[47440] 
Start evaluation.
[47440] eval_return 1252.0 / eval_length 1346.8 / eval_episodes 5.0
add_video needs package moviepy
Start training.
[47440] model_loss 21.9 / model_grad_norm 39.8 / image_loss 13.6 / reward_loss 0.1 / cont_loss 0.0 / kl_free 1.0 / dyn_scale 0.5 / rep_scale 0.1 / dyn_loss 13.6 / rep_loss 13.6 / kl 13.6 / prior_abs_ent 26.9 / post_abs_ent -28.0 / prior_obs_ent 17.0 / post_obs_ent 4.9 / boundary_ratio 0.0 / kl_mask 0.0 / normed_target_mean 0.4 / normed_target_std 0.4 / normed_target_min -0.0 / normed_target_max 2.1 / EMA_005 2.0 / EMA_095 78.6 / value_mean 28.6 / value_std 23.1 / value_min 1.4 / value_max 72.2 / target_mean 31.0 / target_std 27.7 / target_min 0.7 / target_max 160.3 / imag_reward_mean 0.6 / imag_reward_std 2.4 / imag_reward_min 0.0 / imag_reward_max 20.0 / imag_action_mean 6.1 / imag_action_std 5.3 / imag_action_min 0.0 / imag_action_max 17.0 / actor_entropy 0.4 / actor_loss 0.6 / actor_grad_norm 1.3 / value_loss 2.6 / value_grad_norm 1.3 / update_count 9460.0 / fps 12.8
add_video needs package moviepy
add_video needs package moviepy
[48064] 
Start evaluation.
[48064] eval_return 1980.0 / eval_length 1344.6 / eval_episodes 5.0
add_video needs package moviepy
Start training.
[48064] model_loss 22.2 / model_grad_norm 33.2 / image_loss 13.9 / reward_loss 0.1 / cont_loss 0.0 / kl_free 1.0 / dyn_scale 0.5 / rep_scale 0.1 / dyn_loss 13.9 / rep_loss 13.9 / kl 13.9 / prior_abs_ent 27.1 / post_abs_ent -28.1 / prior_obs_ent 16.2 / post_obs_ent 3.9 / boundary_ratio 0.0 / kl_mask 0.0 / normed_target_mean 0.4 / normed_target_std 0.4 / normed_target_min -0.0 / normed_target_max 2.1 / EMA_005 2.1 / EMA_095 81.5 / value_mean 30.2 / value_std 23.6 / value_min 1.5 / value_max 75.3 / target_mean 32.6 / target_std 28.1 / target_min 0.7 / target_max 166.0 / imag_reward_mean 0.7 / imag_reward_std 2.5 / imag_reward_min 0.0 / imag_reward_max 20.0 / imag_action_mean 6.3 / imag_action_std 5.4 / imag_action_min 0.0 / imag_action_max 17.0 / actor_entropy 0.4 / actor_loss 0.6 / actor_grad_norm 1.3 / value_loss 2.6 / value_grad_norm 1.3 / update_count 9616.0 / fps 12.8
add_video needs package moviepy
add_video needs package moviepy
[48688] 
Start evaluation.
[48688] eval_return 2046.0 / eval_length 1397.6 / eval_episodes 5.0
add_video needs package moviepy
Start training.
[48688] model_loss 22.0 / model_grad_norm 33.7 / image_loss 13.5 / reward_loss 0.1 / cont_loss 0.0 / kl_free 1.0 / dyn_scale 0.5 / rep_scale 0.1 / dyn_loss 13.9 / rep_loss 13.9 / kl 13.9 / prior_abs_ent 27.0 / post_abs_ent -28.0 / prior_obs_ent 16.8 / post_obs_ent 4.5 / boundary_ratio 0.0 / kl_mask 0.0 / normed_target_mean 0.4 / normed_target_std 0.4 / normed_target_min -0.0 / normed_target_max 2.0 / EMA_005 2.1 / EMA_095 85.5 / value_mean 31.5 / value_std 25.3 / value_min 1.5 / value_max 79.7 / target_mean 33.9 / target_std 29.8 / target_min 0.8 / target_max 172.6 / imag_reward_mean 0.6 / imag_reward_std 2.5 / imag_reward_min 0.0 / imag_reward_max 20.0 / imag_action_mean 6.4 / imag_action_std 5.5 / imag_action_min 0.0 / imag_action_max 17.0 / actor_entropy 0.4 / actor_loss 0.6 / actor_grad_norm 1.3 / value_loss 2.6 / value_grad_norm 1.3 / update_count 9772.0 / fps 12.9
add_video needs package moviepy
add_video needs package moviepy
[48964] dataset_size 12241.0 / train_return 2370.0 / train_length 1501.0 / train_episodes 8.0
[49312] 
Start evaluation.
[49312] eval_return 1456.0 / eval_length 1421.2 / eval_episodes 5.0
add_video needs package moviepy
Start training.
[49312] model_loss 22.1 / model_grad_norm 33.5 / image_loss 13.6 / reward_loss 0.1 / cont_loss 0.0 / kl_free 1.0 / dyn_scale 0.5 / rep_scale 0.1 / dyn_loss 14.0 / rep_loss 14.0 / kl 14.0 / prior_abs_ent 27.6 / post_abs_ent -28.0 / prior_obs_ent 17.1 / post_obs_ent 4.8 / boundary_ratio 0.0 / kl_mask 0.0 / normed_target_mean 0.4 / normed_target_std 0.4 / normed_target_min -0.0 / normed_target_max 2.0 / EMA_005 2.4 / EMA_095 87.9 / value_mean 32.7 / value_std 25.9 / value_min 1.6 / value_max 82.7 / target_mean 34.8 / target_std 30.0 / target_min 0.8 / target_max 174.6 / imag_reward_mean 0.6 / imag_reward_std 2.5 / imag_reward_min 0.0 / imag_reward_max 20.1 / imag_action_mean 6.9 / imag_action_std 5.8 / imag_action_min 0.0 / imag_action_max 17.0 / actor_entropy 0.4 / actor_loss 0.5 / actor_grad_norm 1.3 / value_loss 2.6 / value_grad_norm 1.4 / update_count 9928.0 / fps 12.6
add_video needs package moviepy
add_video needs package moviepy
[49936] 
Start evaluation.
[49936] eval_return 1684.0 / eval_length 1376.0 / eval_episodes 5.0
add_video needs package moviepy
Start training.
[49936] model_loss 22.0 / model_grad_norm 34.0 / image_loss 13.6 / reward_loss 0.1 / cont_loss 0.0 / kl_free 1.0 / dyn_scale 0.5 / rep_scale 0.1 / dyn_loss 13.9 / rep_loss 13.9 / kl 13.9 / prior_abs_ent 27.5 / post_abs_ent -28.0 / prior_obs_ent 17.3 / post_obs_ent 5.1 / boundary_ratio 0.0 / kl_mask 0.0 / normed_target_mean 0.4 / normed_target_std 0.4 / normed_target_min -0.0 / normed_target_max 2.0 / EMA_005 2.5 / EMA_095 90.0 / value_mean 34.0 / value_std 26.7 / value_min 1.7 / value_max 84.7 / target_mean 36.3 / target_std 30.9 / target_min 1.1 / target_max 179.3 / imag_reward_mean 0.7 / imag_reward_std 2.6 / imag_reward_min 0.0 / imag_reward_max 20.0 / imag_action_mean 7.3 / imag_action_std 6.0 / imag_action_min 0.0 / imag_action_max 17.0 / actor_entropy 0.4 / actor_loss 0.5 / actor_grad_norm 1.3 / value_loss 2.6 / value_grad_norm 1.4 / update_count 10084.0 / fps 12.8
add_video needs package moviepy
add_video needs package moviepy
[50560] 
Start evaluation.
[50560] eval_return 1392.0 / eval_length 1307.4 / eval_episodes 5.0
add_video needs package moviepy
Start training.
[50560] model_loss 22.1 / model_grad_norm 35.2 / image_loss 13.5 / reward_loss 0.1 / cont_loss 0.0 / kl_free 1.0 / dyn_scale 0.5 / rep_scale 0.1 / dyn_loss 14.1 / rep_loss 14.1 / kl 14.1 / prior_abs_ent 27.5 / post_abs_ent -28.0 / prior_obs_ent 17.9 / post_obs_ent 5.4 / boundary_ratio 0.0 / kl_mask 0.0 / normed_target_mean 0.4 / normed_target_std 0.4 / normed_target_min -0.0 / normed_target_max 2.0 / EMA_005 2.6 / EMA_095 93.7 / value_mean 35.7 / value_std 28.0 / value_min 1.8 / value_max 89.0 / target_mean 38.5 / target_std 32.7 / target_min 0.8 / target_max 184.6 / imag_reward_mean 0.7 / imag_reward_std 2.7 / imag_reward_min 0.0 / imag_reward_max 20.0 / imag_action_mean 7.6 / imag_action_std 6.1 / imag_action_min 0.0 / imag_action_max 17.0 / actor_entropy 0.4 / actor_loss 0.6 / actor_grad_norm 1.4 / value_loss 2.6 / value_grad_norm 1.3 / update_count 10240.0 / fps 12.9
add_video needs package moviepy
add_video needs package moviepy
[51184] 
Start evaluation.
[51184] eval_return 1286.0 / eval_length 1406.2 / eval_episodes 5.0
add_video needs package moviepy
Start training.
[51184] model_loss 22.0 / model_grad_norm 38.5 / image_loss 13.4 / reward_loss 0.1 / cont_loss 0.0 / kl_free 1.0 / dyn_scale 0.5 / rep_scale 0.1 / dyn_loss 14.2 / rep_loss 14.2 / kl 14.2 / prior_abs_ent 27.5 / post_abs_ent -28.0 / prior_obs_ent 18.1 / post_obs_ent 5.6 / boundary_ratio 0.0 / kl_mask 0.0 / normed_target_mean 0.4 / normed_target_std 0.4 / normed_target_min -0.0 / normed_target_max 1.9 / EMA_005 2.8 / EMA_095 98.4 / value_mean 38.4 / value_std 29.1 / value_min 2.0 / value_max 93.9 / target_mean 41.2 / target_std 33.7 / target_min 0.9 / target_max 188.2 / imag_reward_mean 0.7 / imag_reward_std 2.7 / imag_reward_min 0.0 / imag_reward_max 20.1 / imag_action_mean 7.7 / imag_action_std 6.1 / imag_action_min 0.0 / imag_action_max 17.0 / actor_entropy 0.4 / actor_loss 0.6 / actor_grad_norm 1.4 / value_loss 2.6 / value_grad_norm 1.4 / update_count 10396.0 / fps 12.7
add_video needs package moviepy
add_video needs package moviepy
[51808] 
Start evaluation.
[51808] eval_return 1686.0 / eval_length 1308.4 / eval_episodes 5.0
add_video needs package moviepy
Start training.
[51808] model_loss 21.9 / model_grad_norm 34.9 / image_loss 13.4 / reward_loss 0.1 / cont_loss 0.0 / kl_free 1.0 / dyn_scale 0.5 / rep_scale 0.1 / dyn_loss 14.1 / rep_loss 14.1 / kl 14.1 / prior_abs_ent 27.8 / post_abs_ent -28.0 / prior_obs_ent 18.0 / post_obs_ent 5.5 / boundary_ratio 0.0 / kl_mask 0.0 / normed_target_mean 0.4 / normed_target_std 0.4 / normed_target_min -0.0 / normed_target_max 1.9 / EMA_005 3.2 / EMA_095 101.6 / value_mean 40.5 / value_std 30.7 / value_min 2.2 / value_max 97.5 / target_mean 43.1 / target_std 35.2 / target_min 1.1 / target_max 189.1 / imag_reward_mean 0.7 / imag_reward_std 2.6 / imag_reward_min 0.0 / imag_reward_max 20.1 / imag_action_mean 7.6 / imag_action_std 6.1 / imag_action_min 0.0 / imag_action_max 17.0 / actor_entropy 0.4 / actor_loss 0.6 / actor_grad_norm 1.4 / value_loss 2.6 / value_grad_norm 1.4 / update_count 10552.0 / fps 12.9
add_video needs package moviepy
add_video needs package moviepy
[52432] 
Start evaluation.
[52432] eval_return 1766.0 / eval_length 1309.6 / eval_episodes 5.0
add_video needs package moviepy
Start training.
[52432] model_loss 22.0 / model_grad_norm 34.1 / image_loss 13.3 / reward_loss 0.1 / cont_loss 0.0 / kl_free 1.0 / dyn_scale 0.5 / rep_scale 0.1 / dyn_loss 14.3 / rep_loss 14.3 / kl 14.3 / prior_abs_ent 27.9 / post_abs_ent -28.0 / prior_obs_ent 18.8 / post_obs_ent 6.1 / boundary_ratio 0.0 / kl_mask 0.0 / normed_target_mean 0.4 / normed_target_std 0.3 / normed_target_min -0.0 / normed_target_max 1.9 / EMA_005 3.4 / EMA_095 105.4 / value_mean 42.0 / value_std 31.4 / value_min 2.5 / value_max 100.3 / target_mean 44.5 / target_std 35.6 / target_min 1.1 / target_max 193.1 / imag_reward_mean 0.7 / imag_reward_std 2.7 / imag_reward_min 0.0 / imag_reward_max 20.2 / imag_action_mean 7.8 / imag_action_std 6.0 / imag_action_min 0.0 / imag_action_max 17.0 / actor_entropy 0.4 / actor_loss 0.6 / actor_grad_norm 1.5 / value_loss 2.6 / value_grad_norm 1.4 / update_count 10708.0 / fps 13.0
add_video needs package moviepy
add_video needs package moviepy
[53056] 
Start evaluation.
[53056] eval_return 1084.0 / eval_length 1325.8 / eval_episodes 5.0
add_video needs package moviepy
Start training.
[53056] model_loss 21.8 / model_grad_norm 35.0 / image_loss 13.2 / reward_loss 0.1 / cont_loss 0.0 / kl_free 1.0 / dyn_scale 0.5 / rep_scale 0.1 / dyn_loss 14.2 / rep_loss 14.2 / kl 14.2 / prior_abs_ent 27.9 / post_abs_ent -28.0 / prior_obs_ent 19.2 / post_obs_ent 6.6 / boundary_ratio 0.0 / kl_mask 0.0 / normed_target_mean 0.4 / normed_target_std 0.4 / normed_target_min -0.0 / normed_target_max 1.9 / EMA_005 3.6 / EMA_095 106.4 / value_mean 43.4 / value_std 32.4 / value_min 2.7 / value_max 103.1 / target_mean 46.0 / target_std 36.7 / target_min 1.3 / target_max 196.9 / imag_reward_mean 0.7 / imag_reward_std 2.6 / imag_reward_min 0.0 / imag_reward_max 20.1 / imag_action_mean 8.4 / imag_action_std 5.0 / imag_action_min 0.0 / imag_action_max 17.0 / actor_entropy 0.5 / actor_loss 1.0 / actor_grad_norm 1.9 / value_loss 2.6 / value_grad_norm 1.5 / update_count 10864.0 / fps 12.9
add_video needs package moviepy
add_video needs package moviepy
[53680] 
Start evaluation.
[53680] eval_return 374.0 / eval_length 1239.2 / eval_episodes 5.0
add_video needs package moviepy
Start training.
[53680] model_loss 21.9 / model_grad_norm 32.6 / image_loss 13.3 / reward_loss 0.1 / cont_loss 0.0 / kl_free 1.0 / dyn_scale 0.5 / rep_scale 0.1 / dyn_loss 14.2 / rep_loss 14.2 / kl 14.2 / prior_abs_ent 28.1 / post_abs_ent -27.9 / prior_obs_ent 18.5 / post_obs_ent 6.0 / boundary_ratio 0.0 / kl_mask 0.0 / normed_target_mean 0.4 / normed_target_std 0.4 / normed_target_min -0.0 / normed_target_max 1.9 / EMA_005 4.0 / EMA_095 113.4 / value_mean 47.0 / value_std 34.1 / value_min 2.9 / value_max 109.3 / target_mean 50.5 / target_std 39.2 / target_min 1.4 / target_max 209.6 / imag_reward_mean 0.8 / imag_reward_std 2.8 / imag_reward_min 0.0 / imag_reward_max 20.4 / imag_action_mean 9.3 / imag_action_std 3.8 / imag_action_min 0.0 / imag_action_max 17.0 / actor_entropy 0.5 / actor_loss 1.1 / actor_grad_norm 1.7 / value_loss 2.6 / value_grad_norm 1.4 / update_count 11020.0 / fps 13.2
add_video needs package moviepy
add_video needs package moviepy
[54304] 
Start evaluation.
[54304] eval_return 310.0 / eval_length 1339.6 / eval_episodes 5.0
add_video needs package moviepy
Start training.
[54304] model_loss 21.8 / model_grad_norm 35.5 / image_loss 13.2 / reward_loss 0.1 / cont_loss 0.0 / kl_free 1.0 / dyn_scale 0.5 / rep_scale 0.1 / dyn_loss 14.2 / rep_loss 14.2 / kl 14.2 / prior_abs_ent 28.1 / post_abs_ent -27.9 / prior_obs_ent 18.9 / post_obs_ent 6.3 / boundary_ratio 0.0 / kl_mask 0.0 / normed_target_mean 0.4 / normed_target_std 0.4 / normed_target_min -0.0 / normed_target_max 1.8 / EMA_005 4.3 / EMA_095 120.6 / value_mean 51.1 / value_std 37.3 / value_min 3.1 / value_max 115.5 / target_mean 54.8 / target_std 42.5 / target_min 1.7 / target_max 217.5 / imag_reward_mean 0.8 / imag_reward_std 2.9 / imag_reward_min 0.0 / imag_reward_max 20.3 / imag_action_mean 9.9 / imag_action_std 3.4 / imag_action_min 0.0 / imag_action_max 17.0 / actor_entropy 0.4 / actor_loss 0.9 / actor_grad_norm 1.6 / value_loss 2.5 / value_grad_norm 1.5 / update_count 11176.0 / fps 12.8
add_video needs package moviepy
add_video needs package moviepy
[54928] 
Start evaluation.
[54928] eval_return 190.0 / eval_length 1348.4 / eval_episodes 5.0
add_video needs package moviepy
Start training.
[54928] model_loss 22.5 / model_grad_norm 47.2 / image_loss 13.5 / reward_loss 0.1 / cont_loss 0.0 / kl_free 1.0 / dyn_scale 0.5 / rep_scale 0.1 / dyn_loss 14.8 / rep_loss 14.8 / kl 14.8 / prior_abs_ent 27.7 / post_abs_ent -28.1 / prior_obs_ent 19.5 / post_obs_ent 6.3 / boundary_ratio 0.0 / kl_mask 0.0 / normed_target_mean 0.4 / normed_target_std 0.3 / normed_target_min -0.0 / normed_target_max 1.7 / EMA_005 4.5 / EMA_095 126.1 / value_mean 51.3 / value_std 37.3 / value_min 3.3 / value_max 120.3 / target_mean 54.5 / target_std 42.2 / target_min 1.5 / target_max 214.4 / imag_reward_mean 0.8 / imag_reward_std 2.7 / imag_reward_min 0.0 / imag_reward_max 20.0 / imag_action_mean 10.0 / imag_action_std 3.5 / imag_action_min 0.0 / imag_action_max 17.0 / actor_entropy 0.4 / actor_loss 0.7 / actor_grad_norm 1.5 / value_loss 2.6 / value_grad_norm 1.5 / update_count 11332.0 / fps 12.8
add_video needs package moviepy
add_video needs package moviepy
[55016] dataset_size 13754.0 / train_return 800.0 / train_length 1513.0 / train_episodes 9.0
[55552] 
Start evaluation.
[55552] eval_return 582.0 / eval_length 1330.0 / eval_episodes 5.0
add_video needs package moviepy
Start training.
[55552] model_loss 21.7 / model_grad_norm 30.2 / image_loss 13.2 / reward_loss 0.1 / cont_loss 0.0 / kl_free 1.0 / dyn_scale 0.5 / rep_scale 0.1 / dyn_loss 14.0 / rep_loss 14.0 / kl 14.0 / prior_abs_ent 27.4 / post_abs_ent -28.1 / prior_obs_ent 18.1 / post_obs_ent 5.7 / boundary_ratio 0.0 / kl_mask 0.0 / normed_target_mean 0.4 / normed_target_std 0.3 / normed_target_min -0.0 / normed_target_max 1.7 / EMA_005 5.0 / EMA_095 127.2 / value_mean 54.5 / value_std 37.7 / value_min 3.5 / value_max 124.0 / target_mean 57.6 / target_std 42.3 / target_min 1.7 / target_max 215.1 / imag_reward_mean 0.7 / imag_reward_std 2.7 / imag_reward_min 0.0 / imag_reward_max 20.0 / imag_action_mean 9.7 / imag_action_std 3.7 / imag_action_min 0.0 / imag_action_max 17.0 / actor_entropy 0.4 / actor_loss 0.8 / actor_grad_norm 1.5 / value_loss 2.5 / value_grad_norm 1.5 / update_count 11488.0 / fps 12.9
add_video needs package moviepy
add_video needs package moviepy
[56176] 
Start evaluation.
[56176] eval_return 860.0 / eval_length 1473.2 / eval_episodes 5.0
add_video needs package moviepy
Start training.
[56176] model_loss 21.1 / model_grad_norm 27.9 / image_loss 12.8 / reward_loss 0.1 / cont_loss 0.0 / kl_free 1.0 / dyn_scale 0.5 / rep_scale 0.1 / dyn_loss 13.7 / rep_loss 13.7 / kl 13.7 / prior_abs_ent 27.8 / post_abs_ent -28.0 / prior_obs_ent 17.6 / post_obs_ent 5.5 / boundary_ratio 0.0 / kl_mask 0.0 / normed_target_mean 0.4 / normed_target_std 0.4 / normed_target_min -0.0 / normed_target_max 1.7 / EMA_005 5.2 / EMA_095 131.8 / value_mean 56.3 / value_std 40.7 / value_min 3.6 / value_max 130.3 / target_mean 59.6 / target_std 45.4 / target_min 1.7 / target_max 220.4 / imag_reward_mean 0.7 / imag_reward_std 2.7 / imag_reward_min 0.0 / imag_reward_max 20.5 / imag_action_mean 9.4 / imag_action_std 3.8 / imag_action_min 0.0 / imag_action_max 17.0 / actor_entropy 0.4 / actor_loss 0.7 / actor_grad_norm 1.4 / value_loss 2.4 / value_grad_norm 1.4 / update_count 11644.0 / fps 12.5
add_video needs package moviepy
add_video needs package moviepy
[56800] 
Start evaluation.
[56800] eval_return 1532.0 / eval_length 1471.0 / eval_episodes 5.0
add_video needs package moviepy
Start training.
[56800] model_loss 21.3 / model_grad_norm 31.6 / image_loss 12.8 / reward_loss 0.1 / cont_loss 0.0 / kl_free 1.0 / dyn_scale 0.5 / rep_scale 0.1 / dyn_loss 14.1 / rep_loss 14.1 / kl 14.1 / prior_abs_ent 28.2 / post_abs_ent -27.9 / prior_obs_ent 18.7 / post_obs_ent 6.3 / boundary_ratio 0.0 / kl_mask 0.0 / normed_target_mean 0.4 / normed_target_std 0.4 / normed_target_min -0.0 / normed_target_max 1.7 / EMA_005 5.4 / EMA_095 137.4 / value_mean 58.6 / value_std 42.1 / value_min 3.7 / value_max 134.9 / target_mean 61.8 / target_std 46.7 / target_min 1.8 / target_max 230.1 / imag_reward_mean 0.7 / imag_reward_std 2.7 / imag_reward_min 0.0 / imag_reward_max 20.4 / imag_action_mean 9.2 / imag_action_std 3.9 / imag_action_min 0.0 / imag_action_max 17.0 / actor_entropy 0.4 / actor_loss 0.8 / actor_grad_norm 1.5 / value_loss 2.4 / value_grad_norm 1.4 / update_count 11800.0 / fps 12.4
add_video needs package moviepy
add_video needs package moviepy
[57424] 
Start evaluation.
[57424] eval_return 1376.0 / eval_length 1321.0 / eval_episodes 5.0
add_video needs package moviepy
Start training.
[57424] model_loss 21.2 / model_grad_norm 35.4 / image_loss 12.8 / reward_loss 0.1 / cont_loss 0.0 / kl_free 1.0 / dyn_scale 0.5 / rep_scale 0.1 / dyn_loss 13.8 / rep_loss 13.8 / kl 13.8 / prior_abs_ent 28.3 / post_abs_ent -27.9 / prior_obs_ent 18.6 / post_obs_ent 6.4 / boundary_ratio 0.0 / kl_mask 0.0 / normed_target_mean 0.4 / normed_target_std 0.3 / normed_target_min -0.0 / normed_target_max 1.6 / EMA_005 5.8 / EMA_095 140.2 / value_mean 60.4 / value_std 42.3 / value_min 3.9 / value_max 138.1 / target_mean 63.2 / target_std 46.6 / target_min 1.7 / target_max 227.0 / imag_reward_mean 0.7 / imag_reward_std 2.7 / imag_reward_min 0.0 / imag_reward_max 20.6 / imag_action_mean 9.4 / imag_action_std 4.0 / imag_action_min 0.0 / imag_action_max 17.0 / actor_entropy 0.4 / actor_loss 0.7 / actor_grad_norm 1.6 / value_loss 2.4 / value_grad_norm 1.4 / update_count 11956.0 / fps 12.9
add_video needs package moviepy
add_video needs package moviepy
[58048] 
Start evaluation.
[58048] eval_return 1458.0 / eval_length 1348.0 / eval_episodes 5.0
add_video needs package moviepy
Start training.
[58048] model_loss 22.1 / model_grad_norm 49.7 / image_loss 13.2 / reward_loss 0.1 / cont_loss 0.0 / kl_free 1.0 / dyn_scale 0.5 / rep_scale 0.1 / dyn_loss 14.7 / rep_loss 14.7 / kl 14.7 / prior_abs_ent 27.5 / post_abs_ent -28.0 / prior_obs_ent 19.8 / post_obs_ent 6.8 / boundary_ratio 0.0 / kl_mask 0.0 / normed_target_mean 0.4 / normed_target_std 0.3 / normed_target_min -0.0 / normed_target_max 1.6 / EMA_005 5.9 / EMA_095 142.6 / value_mean 60.3 / value_std 43.0 / value_min 3.9 / value_max 142.4 / target_mean 62.5 / target_std 46.9 / target_min 2.6 / target_max 228.6 / imag_reward_mean 0.7 / imag_reward_std 2.6 / imag_reward_min 0.0 / imag_reward_max 20.3 / imag_action_mean 9.3 / imag_action_std 4.3 / imag_action_min 0.0 / imag_action_max 17.0 / actor_entropy 0.5 / actor_loss 0.7 / actor_grad_norm 1.8 / value_loss 2.4 / value_grad_norm 1.5 / update_count 12112.0 / fps 12.7
add_video needs package moviepy
add_video needs package moviepy
[58672] 
Start evaluation.
[58672] eval_return 1064.0 / eval_length 1357.0 / eval_episodes 5.0
add_video needs package moviepy
Start training.
[58672] model_loss 21.0 / model_grad_norm 30.8 / image_loss 12.7 / reward_loss 0.1 / cont_loss 0.0 / kl_free 1.0 / dyn_scale 0.5 / rep_scale 0.1 / dyn_loss 13.9 / rep_loss 13.9 / kl 13.9 / prior_abs_ent 28.0 / post_abs_ent -27.8 / prior_obs_ent 18.5 / post_obs_ent 6.2 / boundary_ratio 0.0 / kl_mask 0.0 / normed_target_mean 0.4 / normed_target_std 0.3 / normed_target_min -0.0 / normed_target_max 1.6 / EMA_005 6.5 / EMA_095 146.5 / value_mean 62.2 / value_std 43.4 / value_min 4.3 / value_max 147.5 / target_mean 65.0 / target_std 47.7 / target_min 2.2 / target_max 230.0 / imag_reward_mean 0.7 / imag_reward_std 2.7 / imag_reward_min 0.0 / imag_reward_max 21.6 / imag_action_mean 9.4 / imag_action_std 4.5 / imag_action_min 0.0 / imag_action_max 17.0 / actor_entropy 0.5 / actor_loss 0.9 / actor_grad_norm 1.8 / value_loss 2.4 / value_grad_norm 1.4 / update_count 12268.0 / fps 12.9
add_video needs package moviepy
add_video needs package moviepy
[59296] 
Start evaluation.
[59296] eval_return 1278.0 / eval_length 1373.0 / eval_episodes 5.0
add_video needs package moviepy
Start training.
[59296] model_loss 20.9 / model_grad_norm 29.3 / image_loss 12.5 / reward_loss 0.1 / cont_loss 0.0 / kl_free 1.0 / dyn_scale 0.5 / rep_scale 0.1 / dyn_loss 13.8 / rep_loss 13.8 / kl 13.8 / prior_abs_ent 28.3 / post_abs_ent -27.8 / prior_obs_ent 18.2 / post_obs_ent 6.0 / boundary_ratio 0.0 / kl_mask 0.0 / normed_target_mean 0.4 / normed_target_std 0.3 / normed_target_min -0.0 / normed_target_max 1.6 / EMA_005 6.8 / EMA_095 149.7 / value_mean 65.0 / value_std 44.4 / value_min 4.7 / value_max 152.2 / target_mean 67.8 / target_std 48.5 / target_min 2.8 / target_max 238.5 / imag_reward_mean 0.7 / imag_reward_std 2.7 / imag_reward_min 0.0 / imag_reward_max 21.3 / imag_action_mean 9.4 / imag_action_std 4.4 / imag_action_min 0.0 / imag_action_max 17.0 / actor_entropy 0.5 / actor_loss 0.9 / actor_grad_norm 1.8 / value_loss 2.3 / value_grad_norm 1.4 / update_count 12424.0 / fps 12.7
add_video needs package moviepy
add_video needs package moviepy
[59920] 
Start evaluation.
[59920] eval_return 1474.0 / eval_length 1322.6 / eval_episodes 5.0
add_video needs package moviepy
Start training.
[59920] model_loss 20.8 / model_grad_norm 34.1 / image_loss 12.5 / reward_loss 0.1 / cont_loss 0.0 / kl_free 1.0 / dyn_scale 0.5 / rep_scale 0.1 / dyn_loss 13.8 / rep_loss 13.8 / kl 13.8 / prior_abs_ent 28.4 / post_abs_ent -27.8 / prior_obs_ent 18.4 / post_obs_ent 6.3 / boundary_ratio 0.0 / kl_mask 0.0 / normed_target_mean 0.4 / normed_target_std 0.3 / normed_target_min -0.0 / normed_target_max 1.6 / EMA_005 7.2 / EMA_095 151.5 / value_mean 65.6 / value_std 44.9 / value_min 4.3 / value_max 155.1 / target_mean 68.3 / target_std 48.9 / target_min 2.3 / target_max 238.2 / imag_reward_mean 0.7 / imag_reward_std 2.7 / imag_reward_min 0.0 / imag_reward_max 20.7 / imag_action_mean 9.4 / imag_action_std 4.5 / imag_action_min 0.0 / imag_action_max 17.0 / actor_entropy 0.5 / actor_loss 0.9 / actor_grad_norm 1.9 / value_loss 2.3 / value_grad_norm 1.4 / update_count 12580.0 / fps 12.9
add_video needs package moviepy
add_video needs package moviepy
[60544] 
Start evaluation.
[60544] eval_return 1718.0 / eval_length 1350.8 / eval_episodes 5.0
add_video needs package moviepy
Start training.
[60544] model_loss 20.9 / model_grad_norm 36.3 / image_loss 12.5 / reward_loss 0.1 / cont_loss 0.0 / kl_free 1.0 / dyn_scale 0.5 / rep_scale 0.1 / dyn_loss 14.0 / rep_loss 14.0 / kl 14.0 / prior_abs_ent 28.2 / post_abs_ent -27.8 / prior_obs_ent 18.7 / post_obs_ent 6.4 / boundary_ratio 0.0 / kl_mask 0.0 / normed_target_mean 0.4 / normed_target_std 0.3 / normed_target_min -0.0 / normed_target_max 1.6 / EMA_005 7.6 / EMA_095 156.6 / value_mean 68.4 / value_std 47.1 / value_min 4.6 / value_max 158.2 / target_mean 71.2 / target_std 51.1 / target_min 2.6 / target_max 239.9 / imag_reward_mean 0.7 / imag_reward_std 2.8 / imag_reward_min 0.0 / imag_reward_max 21.6 / imag_action_mean 9.1 / imag_action_std 4.6 / imag_action_min 0.0 / imag_action_max 17.0 / actor_entropy 0.5 / actor_loss 1.0 / actor_grad_norm 1.9 / value_loss 2.2 / value_grad_norm 1.4 / update_count 12736.0 / fps 12.7
add_video needs package moviepy
add_video needs package moviepy
[60792] dataset_size 15198.0 / train_return 1400.0 / train_length 1444.0 / train_episodes 10.0
[61168] 
Start evaluation.
[61168] eval_return 1682.0 / eval_length 1347.0 / eval_episodes 5.0
add_video needs package moviepy
Start training.
[61168] model_loss 20.8 / model_grad_norm 31.9 / image_loss 12.5 / reward_loss 0.1 / cont_loss 0.0 / kl_free 1.0 / dyn_scale 0.5 / rep_scale 0.1 / dyn_loss 13.8 / rep_loss 13.8 / kl 13.8 / prior_abs_ent 28.6 / post_abs_ent -27.8 / prior_obs_ent 18.3 / post_obs_ent 6.1 / boundary_ratio 0.0 / kl_mask 0.0 / normed_target_mean 0.4 / normed_target_std 0.3 / normed_target_min -0.0 / normed_target_max 1.6 / EMA_005 8.2 / EMA_095 160.1 / value_mean 69.1 / value_std 46.7 / value_min 5.1 / value_max 160.8 / target_mean 71.7 / target_std 50.6 / target_min 2.3 / target_max 244.6 / imag_reward_mean 0.7 / imag_reward_std 2.8 / imag_reward_min 0.0 / imag_reward_max 21.3 / imag_action_mean 9.1 / imag_action_std 4.8 / imag_action_min 0.0 / imag_action_max 17.0 / actor_entropy 0.5 / actor_loss 0.9 / actor_grad_norm 2.0 / value_loss 2.2 / value_grad_norm 1.4 / update_count 12892.0 / fps 12.6
add_video needs package moviepy
add_video needs package moviepy
[61792] 
Start evaluation.
[61792] eval_return 1498.0 / eval_length 1332.4 / eval_episodes 5.0
add_video needs package moviepy
Start training.
[61792] model_loss 20.7 / model_grad_norm 31.4 / image_loss 12.3 / reward_loss 0.1 / cont_loss 0.0 / kl_free 1.0 / dyn_scale 0.5 / rep_scale 0.1 / dyn_loss 13.8 / rep_loss 13.8 / kl 13.8 / prior_abs_ent 28.6 / post_abs_ent -27.8 / prior_obs_ent 18.6 / post_obs_ent 6.3 / boundary_ratio 0.0 / kl_mask 0.0 / normed_target_mean 0.4 / normed_target_std 0.3 / normed_target_min -0.0 / normed_target_max 1.6 / EMA_005 8.8 / EMA_095 161.4 / value_mean 69.9 / value_std 47.0 / value_min 5.3 / value_max 164.6 / target_mean 72.7 / target_std 51.0 / target_min 2.6 / target_max 247.3 / imag_reward_mean 0.7 / imag_reward_std 2.8 / imag_reward_min 0.0 / imag_reward_max 21.5 / imag_action_mean 9.3 / imag_action_std 4.7 / imag_action_min 0.0 / imag_action_max 17.0 / actor_entropy 0.5 / actor_loss 1.0 / actor_grad_norm 2.0 / value_loss 2.2 / value_grad_norm 1.4 / update_count 13048.0 / fps 12.9
add_video needs package moviepy
add_video needs package moviepy
[62416] 
Start evaluation.
[62416] eval_return 1536.0 / eval_length 1378.0 / eval_episodes 5.0
add_video needs package moviepy
Start training.
[62416] model_loss 21.2 / model_grad_norm 40.4 / image_loss 12.6 / reward_loss 0.1 / cont_loss 0.0 / kl_free 1.0 / dyn_scale 0.5 / rep_scale 0.1 / dyn_loss 14.2 / rep_loss 14.2 / kl 14.2 / prior_abs_ent 28.5 / post_abs_ent -27.9 / prior_obs_ent 19.2 / post_obs_ent 6.6 / boundary_ratio 0.0 / kl_mask 0.0 / normed_target_mean 0.4 / normed_target_std 0.3 / normed_target_min -0.0 / normed_target_max 1.5 / EMA_005 9.8 / EMA_095 164.9 / value_mean 71.5 / value_std 47.2 / value_min 5.7 / value_max 168.1 / target_mean 74.1 / target_std 51.0 / target_min 2.3 / target_max 245.7 / imag_reward_mean 0.7 / imag_reward_std 2.8 / imag_reward_min 0.0 / imag_reward_max 20.5 / imag_action_mean 9.2 / imag_action_std 4.7 / imag_action_min 0.0 / imag_action_max 17.0 / actor_entropy 0.5 / actor_loss 1.0 / actor_grad_norm 2.0 / value_loss 2.2 / value_grad_norm 1.5 / update_count 13204.0 / fps 12.8
add_video needs package moviepy
add_video needs package moviepy
[63040] 
Start evaluation.
[63040] eval_return 1386.0 / eval_length 1291.6 / eval_episodes 5.0
add_video needs package moviepy
Start training.
[63040] model_loss 20.8 / model_grad_norm 32.4 / image_loss 12.4 / reward_loss 0.1 / cont_loss 0.0 / kl_free 1.0 / dyn_scale 0.5 / rep_scale 0.1 / dyn_loss 13.9 / rep_loss 13.9 / kl 13.9 / prior_abs_ent 28.8 / post_abs_ent -27.8 / prior_obs_ent 19.3 / post_obs_ent 7.0 / boundary_ratio 0.0 / kl_mask 0.0 / normed_target_mean 0.4 / normed_target_std 0.3 / normed_target_min -0.0 / normed_target_max 1.5 / EMA_005 9.7 / EMA_095 166.7 / value_mean 72.1 / value_std 48.5 / value_min 5.4 / value_max 171.5 / target_mean 74.8 / target_std 52.4 / target_min 2.1 / target_max 250.5 / imag_reward_mean 0.7 / imag_reward_std 2.8 / imag_reward_min 0.0 / imag_reward_max 21.2 / imag_action_mean 9.3 / imag_action_std 4.8 / imag_action_min 0.0 / imag_action_max 17.0 / actor_entropy 0.5 / actor_loss 1.0 / actor_grad_norm 1.9 / value_loss 2.2 / value_grad_norm 1.4 / update_count 13360.0 / fps 13.0
add_video needs package moviepy
add_video needs package moviepy
[63664] 
Start evaluation.
[63664] eval_return 1526.0 / eval_length 1343.8 / eval_episodes 5.0
add_video needs package moviepy
Start training.
[63664] model_loss 20.7 / model_grad_norm 33.4 / image_loss 12.2 / reward_loss 0.1 / cont_loss 0.0 / kl_free 1.0 / dyn_scale 0.5 / rep_scale 0.1 / dyn_loss 14.0 / rep_loss 14.0 / kl 14.0 / prior_abs_ent 29.0 / post_abs_ent -27.7 / prior_obs_ent 19.4 / post_obs_ent 7.1 / boundary_ratio 0.0 / kl_mask 0.0 / normed_target_mean 0.4 / normed_target_std 0.3 / normed_target_min -0.0 / normed_target_max 1.5 / EMA_005 10.2 / EMA_095 168.3 / value_mean 75.1 / value_std 49.3 / value_min 6.0 / value_max 173.3 / target_mean 77.1 / target_std 52.4 / target_min 2.6 / target_max 246.5 / imag_reward_mean 0.6 / imag_reward_std 2.6 / imag_reward_min 0.0 / imag_reward_max 21.3 / imag_action_mean 9.0 / imag_action_std 4.7 / imag_action_min 0.0 / imag_action_max 17.0 / actor_entropy 0.5 / actor_loss 0.8 / actor_grad_norm 1.9 / value_loss 2.1 / value_grad_norm 1.4 / update_count 13516.0 / fps 12.8
add_video needs package moviepy
add_video needs package moviepy
[64288] 
Start evaluation.
[64288] eval_return 1224.0 / eval_length 1306.6 / eval_episodes 5.0
add_video needs package moviepy
Start training.
[64288] model_loss 20.8 / model_grad_norm 28.0 / image_loss 12.2 / reward_loss 0.1 / cont_loss 0.0 / kl_free 1.0 / dyn_scale 0.5 / rep_scale 0.1 / dyn_loss 14.2 / rep_loss 14.2 / kl 14.2 / prior_abs_ent 29.0 / post_abs_ent -27.7 / prior_obs_ent 19.9 / post_obs_ent 7.4 / boundary_ratio 0.0 / kl_mask 0.0 / normed_target_mean 0.4 / normed_target_std 0.3 / normed_target_min -0.0 / normed_target_max 1.5 / EMA_005 10.7 / EMA_095 168.6 / value_mean 75.1 / value_std 48.3 / value_min 6.1 / value_max 173.9 / target_mean 77.5 / target_std 51.6 / target_min 3.2 / target_max 245.8 / imag_reward_mean 0.7 / imag_reward_std 2.7 / imag_reward_min 0.0 / imag_reward_max 20.8 / imag_action_mean 9.2 / imag_action_std 4.8 / imag_action_min 0.0 / imag_action_max 17.0 / actor_entropy 0.5 / actor_loss 0.8 / actor_grad_norm 2.0 / value_loss 2.1 / value_grad_norm 1.4 / update_count 13672.0 / fps 12.8
add_video needs package moviepy
add_video needs package moviepy
[64912] 
Start evaluation.
[64912] eval_return 1284.0 / eval_length 1381.4 / eval_episodes 5.0
add_video needs package moviepy
Start training.
[64912] model_loss 20.8 / model_grad_norm 30.8 / image_loss 12.2 / reward_loss 0.1 / cont_loss 0.0 / kl_free 1.0 / dyn_scale 0.5 / rep_scale 0.1 / dyn_loss 14.3 / rep_loss 14.3 / kl 14.3 / prior_abs_ent 29.1 / post_abs_ent -27.7 / prior_obs_ent 19.9 / post_obs_ent 7.3 / boundary_ratio 0.0 / kl_mask 0.0 / normed_target_mean 0.4 / normed_target_std 0.3 / normed_target_min -0.1 / normed_target_max 1.5 / EMA_005 11.6 / EMA_095 169.7 / value_mean 78.7 / value_std 50.1 / value_min 6.7 / value_max 176.8 / target_mean 81.2 / target_std 53.4 / target_min 3.4 / target_max 246.3 / imag_reward_mean 0.7 / imag_reward_std 2.7 / imag_reward_min 0.0 / imag_reward_max 20.9 / imag_action_mean 9.2 / imag_action_std 5.0 / imag_action_min 0.0 / imag_action_max 17.0 / actor_entropy 0.5 / actor_loss 0.9 / actor_grad_norm 2.0 / value_loss 2.1 / value_grad_norm 1.4 / update_count 13828.0 / fps 12.6
add_video needs package moviepy
add_video needs package moviepy
[65536] 
Start evaluation.
[65536] eval_return 1604.0 / eval_length 1238.8 / eval_episodes 5.0
add_video needs package moviepy
Start training.
[65536] model_loss 20.9 / model_grad_norm 28.0 / image_loss 12.3 / reward_loss 0.1 / cont_loss 0.0 / kl_free 1.0 / dyn_scale 0.5 / rep_scale 0.1 / dyn_loss 14.1 / rep_loss 14.1 / kl 14.1 / prior_abs_ent 29.1 / post_abs_ent -27.7 / prior_obs_ent 19.5 / post_obs_ent 7.0 / boundary_ratio 0.0 / kl_mask 0.0 / normed_target_mean 0.4 / normed_target_std 0.3 / normed_target_min -0.1 / normed_target_max 1.5 / EMA_005 13.4 / EMA_095 170.2 / value_mean 80.4 / value_std 47.6 / value_min 7.3 / value_max 176.9 / target_mean 82.9 / target_std 50.9 / target_min 4.4 / target_max 246.4 / imag_reward_mean 0.7 / imag_reward_std 2.7 / imag_reward_min 0.0 / imag_reward_max 21.1 / imag_action_mean 9.1 / imag_action_std 5.1 / imag_action_min 0.0 / imag_action_max 17.0 / actor_entropy 0.4 / actor_loss 0.9 / actor_grad_norm 2.0 / value_loss 2.1 / value_grad_norm 1.4 / update_count 13984.0 / fps 13.1
add_video needs package moviepy
add_video needs package moviepy
[65860] dataset_size 16465.0 / train_return 1070.0 / train_length 1267.0 / train_episodes 11.0
[66160] 
Start evaluation.
[66160] eval_return 1408.0 / eval_length 1304.8 / eval_episodes 5.0
add_video needs package moviepy
Start training.
[66160] model_loss 20.9 / model_grad_norm 34.2 / image_loss 12.3 / reward_loss 0.1 / cont_loss 0.0 / kl_free 1.0 / dyn_scale 0.5 / rep_scale 0.1 / dyn_loss 14.3 / rep_loss 14.3 / kl 14.3 / prior_abs_ent 29.1 / post_abs_ent -27.7 / prior_obs_ent 19.9 / post_obs_ent 7.3 / boundary_ratio 0.0 / kl_mask 0.0 / normed_target_mean 0.5 / normed_target_std 0.3 / normed_target_min -0.1 / normed_target_max 1.5 / EMA_005 13.9 / EMA_095 171.5 / value_mean 82.6 / value_std 48.7 / value_min 7.7 / value_max 178.6 / target_mean 85.2 / target_std 52.0 / target_min 3.8 / target_max 247.9 / imag_reward_mean 0.7 / imag_reward_std 2.7 / imag_reward_min 0.0 / imag_reward_max 21.5 / imag_action_mean 9.0 / imag_action_std 5.1 / imag_action_min 0.0 / imag_action_max 17.0 / actor_entropy 0.4 / actor_loss 0.8 / actor_grad_norm 2.0 / value_loss 2.1 / value_grad_norm 1.4 / update_count 14140.0 / fps 12.9
add_video needs package moviepy
add_video needs package moviepy
[66784] 
Start evaluation.
[66784] eval_return 1474.0 / eval_length 1226.4 / eval_episodes 5.0
add_video needs package moviepy
Start training.
[66784] model_loss 20.9 / model_grad_norm 33.6 / image_loss 12.2 / reward_loss 0.1 / cont_loss 0.0 / kl_free 1.0 / dyn_scale 0.5 / rep_scale 0.1 / dyn_loss 14.4 / rep_loss 14.4 / kl 14.4 / prior_abs_ent 29.1 / post_abs_ent -27.6 / prior_obs_ent 20.4 / post_obs_ent 7.7 / boundary_ratio 0.0 / kl_mask 0.0 / normed_target_mean 0.4 / normed_target_std 0.3 / normed_target_min -0.1 / normed_target_max 1.5 / EMA_005 14.1 / EMA_095 173.8 / value_mean 82.7 / value_std 49.7 / value_min 7.8 / value_max 180.2 / target_mean 85.1 / target_std 52.7 / target_min 4.1 / target_max 247.8 / imag_reward_mean 0.7 / imag_reward_std 2.7 / imag_reward_min 0.0 / imag_reward_max 21.4 / imag_action_mean 8.9 / imag_action_std 5.2 / imag_action_min 0.0 / imag_action_max 17.0 / actor_entropy 0.4 / actor_loss 0.8 / actor_grad_norm 1.9 / value_loss 2.0 / value_grad_norm 1.3 / update_count 14296.0 / fps 13.2
add_video needs package moviepy
add_video needs package moviepy
[67408] 
Start evaluation.
[67408] eval_return 1910.0 / eval_length 1487.0 / eval_episodes 5.0
add_video needs package moviepy
Start training.
[67408] model_loss 21.6 / model_grad_norm 46.1 / image_loss 12.6 / reward_loss 0.1 / cont_loss 0.0 / kl_free 1.0 / dyn_scale 0.5 / rep_scale 0.1 / dyn_loss 14.9 / rep_loss 14.9 / kl 14.9 / prior_abs_ent 28.6 / post_abs_ent -27.7 / prior_obs_ent 21.9 / post_obs_ent 8.6 / boundary_ratio 0.0 / kl_mask 0.0 / normed_target_mean 0.5 / normed_target_std 0.3 / normed_target_min -0.1 / normed_target_max 1.5 / EMA_005 14.8 / EMA_095 174.2 / value_mean 85.8 / value_std 49.1 / value_min 6.9 / value_max 181.1 / target_mean 88.5 / target_std 52.3 / target_min 4.3 / target_max 255.1 / imag_reward_mean 0.7 / imag_reward_std 2.7 / imag_reward_min 0.0 / imag_reward_max 20.7 / imag_action_mean 9.3 / imag_action_std 5.2 / imag_action_min 0.0 / imag_action_max 17.0 / actor_entropy 0.4 / actor_loss 0.8 / actor_grad_norm 2.1 / value_loss 2.1 / value_grad_norm 1.5 / update_count 14452.0 / fps 12.5
add_video needs package moviepy
add_video needs package moviepy
[68032] 
Start evaluation.
[68032] eval_return 1156.0 / eval_length 1214.6 / eval_episodes 5.0
add_video needs package moviepy
Start training.
[68032] model_loss 20.7 / model_grad_norm 29.1 / image_loss 12.1 / reward_loss 0.1 / cont_loss 0.0 / kl_free 1.0 / dyn_scale 0.5 / rep_scale 0.1 / dyn_loss 14.2 / rep_loss 14.2 / kl 14.2 / prior_abs_ent 28.6 / post_abs_ent -27.5 / prior_obs_ent 20.6 / post_obs_ent 8.1 / boundary_ratio 0.0 / kl_mask 0.0 / normed_target_mean 0.5 / normed_target_std 0.3 / normed_target_min -0.1 / normed_target_max 1.5 / EMA_005 16.3 / EMA_095 176.8 / value_mean 88.4 / value_std 49.6 / value_min 7.8 / value_max 183.3 / target_mean 91.0 / target_std 52.8 / target_min 4.3 / target_max 256.2 / imag_reward_mean 0.7 / imag_reward_std 2.7 / imag_reward_min 0.0 / imag_reward_max 21.9 / imag_action_mean 8.9 / imag_action_std 5.2 / imag_action_min 0.0 / imag_action_max 17.0 / actor_entropy 0.4 / actor_loss 0.7 / actor_grad_norm 1.9 / value_loss 2.0 / value_grad_norm 1.4 / update_count 14608.0 / fps 13.1
add_video needs package moviepy
add_video needs package moviepy
[68656] 
Start evaluation.
[68656] eval_return 1548.0 / eval_length 1326.4 / eval_episodes 5.0
add_video needs package moviepy
Start training.
[68656] model_loss 20.9 / model_grad_norm 31.0 / image_loss 12.2 / reward_loss 0.1 / cont_loss 0.0 / kl_free 1.0 / dyn_scale 0.5 / rep_scale 0.1 / dyn_loss 14.3 / rep_loss 14.3 / kl 14.3 / prior_abs_ent 29.0 / post_abs_ent -27.5 / prior_obs_ent 20.7 / post_obs_ent 8.1 / boundary_ratio 0.0 / kl_mask 0.0 / normed_target_mean 0.5 / normed_target_std 0.3 / normed_target_min -0.1 / normed_target_max 1.5 / EMA_005 17.8 / EMA_095 180.4 / value_mean 89.7 / value_std 49.4 / value_min 8.0 / value_max 185.7 / target_mean 92.2 / target_std 52.6 / target_min 4.9 / target_max 256.2 / imag_reward_mean 0.7 / imag_reward_std 2.7 / imag_reward_min 0.0 / imag_reward_max 22.0 / imag_action_mean 8.7 / imag_action_std 5.2 / imag_action_min 0.0 / imag_action_max 17.0 / actor_entropy 0.4 / actor_loss 0.8 / actor_grad_norm 1.9 / value_loss 2.0 / value_grad_norm 1.4 / update_count 14764.0 / fps 12.8
add_video needs package moviepy
add_video needs package moviepy
[69280] 
Start evaluation.
[69280] eval_return 2140.0 / eval_length 1517.6 / eval_episodes 5.0
add_video needs package moviepy
Start training.
[69280] model_loss 20.9 / model_grad_norm 30.6 / image_loss 12.1 / reward_loss 0.1 / cont_loss 0.0 / kl_free 1.0 / dyn_scale 0.5 / rep_scale 0.1 / dyn_loss 14.5 / rep_loss 14.5 / kl 14.5 / prior_abs_ent 29.2 / post_abs_ent -27.4 / prior_obs_ent 21.1 / post_obs_ent 8.3 / boundary_ratio 0.0 / kl_mask 0.0 / normed_target_mean 0.5 / normed_target_std 0.3 / normed_target_min -0.1 / normed_target_max 1.5 / EMA_005 18.5 / EMA_095 184.0 / value_mean 93.0 / value_std 51.9 / value_min 8.2 / value_max 188.9 / target_mean 95.6 / target_std 55.0 / target_min 4.6 / target_max 261.3 / imag_reward_mean 0.7 / imag_reward_std 2.7 / imag_reward_min 0.0 / imag_reward_max 21.3 / imag_action_mean 9.0 / imag_action_std 5.1 / imag_action_min 0.0 / imag_action_max 17.0 / actor_entropy 0.4 / actor_loss 0.8 / actor_grad_norm 1.9 / value_loss 2.0 / value_grad_norm 1.4 / update_count 14920.0 / fps 12.3
add_video needs package moviepy
add_video needs package moviepy
[69904] 
Start evaluation.
[69904] eval_return 1902.0 / eval_length 1320.2 / eval_episodes 5.0
add_video needs package moviepy
Start training.
[69904] model_loss 20.5 / model_grad_norm 28.9 / image_loss 11.9 / reward_loss 0.1 / cont_loss 0.0 / kl_free 1.0 / dyn_scale 0.5 / rep_scale 0.1 / dyn_loss 14.2 / rep_loss 14.2 / kl 14.2 / prior_abs_ent 29.4 / post_abs_ent -27.3 / prior_obs_ent 20.7 / post_obs_ent 8.1 / boundary_ratio 0.0 / kl_mask 0.0 / normed_target_mean 0.5 / normed_target_std 0.3 / normed_target_min -0.1 / normed_target_max 1.4 / EMA_005 19.7 / EMA_095 185.8 / value_mean 94.8 / value_std 52.1 / value_min 8.6 / value_max 192.2 / target_mean 97.1 / target_std 54.9 / target_min 4.9 / target_max 256.3 / imag_reward_mean 0.7 / imag_reward_std 2.6 / imag_reward_min 0.0 / imag_reward_max 21.5 / imag_action_mean 8.8 / imag_action_std 5.0 / imag_action_min 0.0 / imag_action_max 17.0 / actor_entropy 0.4 / actor_loss 0.7 / actor_grad_norm 1.9 / value_loss 2.0 / value_grad_norm 1.5 / update_count 15076.0 / fps 12.8
add_video needs package moviepy
add_video needs package moviepy
[70528] 
Start evaluation.
[70528] eval_return 1594.0 / eval_length 1304.0 / eval_episodes 5.0
add_video needs package moviepy
Start training.
[70528] model_loss 20.9 / model_grad_norm 30.4 / image_loss 12.1 / reward_loss 0.1 / cont_loss 0.0 / kl_free 1.0 / dyn_scale 0.5 / rep_scale 0.1 / dyn_loss 14.5 / rep_loss 14.5 / kl 14.5 / prior_abs_ent 29.5 / post_abs_ent -27.3 / prior_obs_ent 21.3 / post_obs_ent 8.4 / boundary_ratio 0.0 / kl_mask 0.0 / normed_target_mean 0.5 / normed_target_std 0.3 / normed_target_min -0.1 / normed_target_max 1.4 / EMA_005 21.2 / EMA_095 189.1 / value_mean 98.0 / value_std 51.9 / value_min 10.3 / value_max 198.7 / target_mean 100.6 / target_std 55.0 / target_min 6.8 / target_max 262.6 / imag_reward_mean 0.7 / imag_reward_std 2.8 / imag_reward_min 0.0 / imag_reward_max 22.7 / imag_action_mean 8.8 / imag_action_std 5.1 / imag_action_min 0.0 / imag_action_max 17.0 / actor_entropy 0.4 / actor_loss 0.8 / actor_grad_norm 1.9 / value_loss 2.0 / value_grad_norm 1.5 / update_count 15232.0 / fps 12.9
add_video needs package moviepy
add_video needs package moviepy
[71152] 
Start evaluation.
[71152] eval_return 1966.0 / eval_length 1359.6 / eval_episodes 5.0
add_video needs package moviepy
Start training.
[71152] model_loss 20.5 / model_grad_norm 28.0 / image_loss 11.8 / reward_loss 0.1 / cont_loss 0.0 / kl_free 1.0 / dyn_scale 0.5 / rep_scale 0.1 / dyn_loss 14.4 / rep_loss 14.4 / kl 14.4 / prior_abs_ent 29.6 / post_abs_ent -27.3 / prior_obs_ent 20.7 / post_obs_ent 7.9 / boundary_ratio 0.0 / kl_mask 0.0 / normed_target_mean 0.5 / normed_target_std 0.3 / normed_target_min -0.1 / normed_target_max 1.4 / EMA_005 23.0 / EMA_095 191.7 / value_mean 98.6 / value_std 52.4 / value_min 9.5 / value_max 202.1 / target_mean 101.0 / target_std 55.4 / target_min 5.4 / target_max 263.5 / imag_reward_mean 0.7 / imag_reward_std 2.7 / imag_reward_min 0.0 / imag_reward_max 21.0 / imag_action_mean 8.9 / imag_action_std 5.0 / imag_action_min 0.0 / imag_action_max 17.0 / actor_entropy 0.4 / actor_loss 0.7 / actor_grad_norm 2.0 / value_loss 2.0 / value_grad_norm 1.4 / update_count 15388.0 / fps 12.8
add_video needs package moviepy
add_video needs package moviepy
[71604] dataset_size 17901.0 / train_return 2380.0 / train_length 1436.0 / train_episodes 12.0
[71776] 
Start evaluation.
[71776] eval_return 1676.0 / eval_length 1342.6 / eval_episodes 5.0
add_video needs package moviepy
Start training.
[71776] model_loss 20.8 / model_grad_norm 28.0 / image_loss 12.1 / reward_loss 0.1 / cont_loss 0.0 / kl_free 1.0 / dyn_scale 0.5 / rep_scale 0.1 / dyn_loss 14.5 / rep_loss 14.5 / kl 14.5 / prior_abs_ent 29.4 / post_abs_ent -27.2 / prior_obs_ent 21.3 / post_obs_ent 8.5 / boundary_ratio 0.0 / kl_mask 0.0 / normed_target_mean 0.5 / normed_target_std 0.3 / normed_target_min -0.1 / normed_target_max 1.4 / EMA_005 23.7 / EMA_095 192.2 / value_mean 101.0 / value_std 51.9 / value_min 9.9 / value_max 203.5 / target_mean 103.4 / target_std 54.7 / target_min 6.4 / target_max 265.8 / imag_reward_mean 0.7 / imag_reward_std 2.7 / imag_reward_min 0.0 / imag_reward_max 22.2 / imag_action_mean 9.0 / imag_action_std 4.9 / imag_action_min 0.0 / imag_action_max 17.0 / actor_entropy 0.4 / actor_loss 0.8 / actor_grad_norm 2.0 / value_loss 1.9 / value_grad_norm 1.5 / update_count 15544.0 / fps 12.7
add_video needs package moviepy
add_video needs package moviepy
[72400] 
Start evaluation.
[72400] eval_return 1476.0 / eval_length 1253.8 / eval_episodes 5.0
add_video needs package moviepy
Start training.
[72400] model_loss 20.8 / model_grad_norm 29.2 / image_loss 12.0 / reward_loss 0.1 / cont_loss 0.0 / kl_free 1.0 / dyn_scale 0.5 / rep_scale 0.1 / dyn_loss 14.6 / rep_loss 14.6 / kl 14.6 / prior_abs_ent 29.8 / post_abs_ent -27.1 / prior_obs_ent 21.4 / post_obs_ent 8.5 / boundary_ratio 0.0 / kl_mask 0.0 / normed_target_mean 0.5 / normed_target_std 0.3 / normed_target_min -0.1 / normed_target_max 1.4 / EMA_005 24.6 / EMA_095 194.4 / value_mean 102.3 / value_std 53.0 / value_min 9.7 / value_max 207.3 / target_mean 104.9 / target_std 56.0 / target_min 5.7 / target_max 266.2 / imag_reward_mean 0.7 / imag_reward_std 2.8 / imag_reward_min 0.0 / imag_reward_max 21.6 / imag_action_mean 9.0 / imag_action_std 4.9 / imag_action_min 0.0 / imag_action_max 17.0 / actor_entropy 0.4 / actor_loss 0.9 / actor_grad_norm 2.0 / value_loss 1.9 / value_grad_norm 1.4 / update_count 15700.0 / fps 13.0
add_video needs package moviepy
add_video needs package moviepy
[73024] 
Start evaluation.
[73024] eval_return 1868.0 / eval_length 1402.4 / eval_episodes 5.0
add_video needs package moviepy
Start training.
[73024] model_loss 20.6 / model_grad_norm 27.1 / image_loss 11.9 / reward_loss 0.1 / cont_loss 0.0 / kl_free 1.0 / dyn_scale 0.5 / rep_scale 0.1 / dyn_loss 14.5 / rep_loss 14.5 / kl 14.5 / prior_abs_ent 29.5 / post_abs_ent -27.1 / prior_obs_ent 21.4 / post_obs_ent 8.6 / boundary_ratio 0.0 / kl_mask 0.0 / normed_target_mean 0.5 / normed_target_std 0.3 / normed_target_min -0.1 / normed_target_max 1.4 / EMA_005 25.1 / EMA_095 197.0 / value_mean 105.8 / value_std 53.8 / value_min 9.8 / value_max 209.4 / target_mean 108.7 / target_std 56.9 / target_min 5.8 / target_max 271.4 / imag_reward_mean 0.7 / imag_reward_std 2.8 / imag_reward_min 0.0 / imag_reward_max 20.9 / imag_action_mean 9.0 / imag_action_std 4.8 / imag_action_min 0.0 / imag_action_max 17.0 / actor_entropy 0.4 / actor_loss 1.0 / actor_grad_norm 2.0 / value_loss 1.9 / value_grad_norm 1.4 / update_count 15856.0 / fps 12.5
add_video needs package moviepy
add_video needs package moviepy
[73648] 
Start evaluation.
[73648] eval_return 2106.0 / eval_length 1184.8 / eval_episodes 5.0
add_video needs package moviepy
Start training.
[73648] model_loss 20.6 / model_grad_norm 35.3 / image_loss 11.8 / reward_loss 0.1 / cont_loss 0.0 / kl_free 1.0 / dyn_scale 0.5 / rep_scale 0.1 / dyn_loss 14.6 / rep_loss 14.6 / kl 14.6 / prior_abs_ent 29.8 / post_abs_ent -27.2 / prior_obs_ent 21.3 / post_obs_ent 8.4 / boundary_ratio 0.0 / kl_mask 0.0 / normed_target_mean 0.5 / normed_target_std 0.3 / normed_target_min -0.1 / normed_target_max 1.4 / EMA_005 25.9 / EMA_095 203.6 / value_mean 110.3 / value_std 55.4 / value_min 9.5 / value_max 213.5 / target_mean 113.2 / target_std 58.6 / target_min 5.6 / target_max 279.4 / imag_reward_mean 0.8 / imag_reward_std 2.9 / imag_reward_min 0.0 / imag_reward_max 21.1 / imag_action_mean 9.1 / imag_action_std 4.7 / imag_action_min 0.0 / imag_action_max 17.0 / actor_entropy 0.4 / actor_loss 1.1 / actor_grad_norm 2.2 / value_loss 1.9 / value_grad_norm 1.4 / update_count 16012.0 / fps 13.2
add_video needs package moviepy
add_video needs package moviepy
[74272] 
Start evaluation.
[74272] eval_return 1654.0 / eval_length 1427.0 / eval_episodes 5.0
add_video needs package moviepy
Start training.
[74272] model_loss 20.6 / model_grad_norm 27.3 / image_loss 11.9 / reward_loss 0.1 / cont_loss 0.0 / kl_free 1.0 / dyn_scale 0.5 / rep_scale 0.1 / dyn_loss 14.5 / rep_loss 14.5 / kl 14.5 / prior_abs_ent 29.4 / post_abs_ent -27.2 / prior_obs_ent 21.9 / post_obs_ent 9.0 / boundary_ratio 0.0 / kl_mask 0.0 / normed_target_mean 0.5 / normed_target_std 0.3 / normed_target_min -0.1 / normed_target_max 1.4 / EMA_005 27.6 / EMA_095 207.8 / value_mean 113.5 / value_std 56.8 / value_min 9.3 / value_max 216.1 / target_mean 116.2 / target_std 59.9 / target_min 5.8 / target_max 281.9 / imag_reward_mean 0.7 / imag_reward_std 2.8 / imag_reward_min 0.0 / imag_reward_max 21.9 / imag_action_mean 8.9 / imag_action_std 4.8 / imag_action_min 0.0 / imag_action_max 17.0 / actor_entropy 0.4 / actor_loss 0.9 / actor_grad_norm 2.1 / value_loss 1.8 / value_grad_norm 1.4 / update_count 16168.0 / fps 12.6
add_video needs package moviepy
add_video needs package moviepy
[74896] 
Start evaluation.
[74896] eval_return 2288.0 / eval_length 1398.6 / eval_episodes 5.0
add_video needs package moviepy
Start training.
[74896] model_loss 20.6 / model_grad_norm 26.8 / image_loss 11.8 / reward_loss 0.1 / cont_loss 0.0 / kl_free 1.0 / dyn_scale 0.5 / rep_scale 0.1 / dyn_loss 14.5 / rep_loss 14.5 / kl 14.5 / prior_abs_ent 29.5 / post_abs_ent -27.1 / prior_obs_ent 21.8 / post_obs_ent 8.9 / boundary_ratio 0.0 / kl_mask 0.0 / normed_target_mean 0.5 / normed_target_std 0.3 / normed_target_min -0.1 / normed_target_max 1.4 / EMA_005 28.2 / EMA_095 212.3 / value_mean 116.0 / value_std 57.1 / value_min 8.6 / value_max 219.2 / target_mean 118.4 / target_std 59.9 / target_min 5.8 / target_max 284.3 / imag_reward_mean 0.7 / imag_reward_std 2.8 / imag_reward_min 0.0 / imag_reward_max 22.1 / imag_action_mean 9.0 / imag_action_std 4.9 / imag_action_min 0.0 / imag_action_max 17.0 / actor_entropy 0.4 / actor_loss 0.8 / actor_grad_norm 2.1 / value_loss 1.8 / value_grad_norm 1.4 / update_count 16324.0 / fps 12.7
add_video needs package moviepy
add_video needs package moviepy
[75520] 
Start evaluation.
[75520] eval_return 2004.0 / eval_length 1409.8 / eval_episodes 5.0
add_video needs package moviepy
Start training.
[75520] model_loss 21.7 / model_grad_norm 51.5 / image_loss 12.6 / reward_loss 0.1 / cont_loss 0.0 / kl_free 1.0 / dyn_scale 0.5 / rep_scale 0.1 / dyn_loss 15.0 / rep_loss 15.0 / kl 15.0 / prior_abs_ent 30.1 / post_abs_ent -27.3 / prior_obs_ent 22.8 / post_obs_ent 9.6 / boundary_ratio 0.0 / kl_mask 0.0 / normed_target_mean 0.5 / normed_target_std 0.3 / normed_target_min -0.1 / normed_target_max 1.4 / EMA_005 28.7 / EMA_095 215.5 / value_mean 117.6 / value_std 59.7 / value_min 9.1 / value_max 224.4 / target_mean 120.1 / target_std 62.5 / target_min 5.9 / target_max 287.8 / imag_reward_mean 0.7 / imag_reward_std 2.8 / imag_reward_min 0.0 / imag_reward_max 21.0 / imag_action_mean 9.2 / imag_action_std 4.9 / imag_action_min 0.0 / imag_action_max 17.0 / actor_entropy 0.4 / actor_loss 0.8 / actor_grad_norm 2.2 / value_loss 1.8 / value_grad_norm 1.4 / update_count 16480.0 / fps 12.5
add_video needs package moviepy
add_video needs package moviepy
[76144] 
Start evaluation.
[76144] eval_return 2460.0 / eval_length 1417.4 / eval_episodes 5.0
add_video needs package moviepy
Start training.
[76144] model_loss 20.4 / model_grad_norm 27.7 / image_loss 11.7 / reward_loss 0.1 / cont_loss 0.0 / kl_free 1.0 / dyn_scale 0.5 / rep_scale 0.1 / dyn_loss 14.4 / rep_loss 14.4 / kl 14.4 / prior_abs_ent 29.8 / post_abs_ent -27.1 / prior_obs_ent 21.6 / post_obs_ent 8.8 / boundary_ratio 0.0 / kl_mask 0.0 / normed_target_mean 0.5 / normed_target_std 0.3 / normed_target_min -0.1 / normed_target_max 1.4 / EMA_005 28.8 / EMA_095 220.5 / value_mean 122.1 / value_std 61.1 / value_min 9.1 / value_max 232.9 / target_mean 124.8 / target_std 64.1 / target_min 5.5 / target_max 295.3 / imag_reward_mean 0.7 / imag_reward_std 2.8 / imag_reward_min 0.0 / imag_reward_max 21.3 / imag_action_mean 9.4 / imag_action_std 4.7 / imag_action_min 0.0 / imag_action_max 17.0 / actor_entropy 0.4 / actor_loss 0.8 / actor_grad_norm 2.1 / value_loss 1.8 / value_grad_norm 1.4 / update_count 16636.0 / fps 12.4
add_video needs package moviepy
add_video needs package moviepy
[76560] dataset_size 19140.0 / train_return 2560.0 / train_length 1239.0 / train_episodes 13.0
[76768] 
Start evaluation.
[76768] eval_return 1916.0 / eval_length 1343.2 / eval_episodes 5.0
add_video needs package moviepy
Start training.
[76768] model_loss 20.3 / model_grad_norm 24.6 / image_loss 11.7 / reward_loss 0.1 / cont_loss 0.0 / kl_free 1.0 / dyn_scale 0.5 / rep_scale 0.1 / dyn_loss 14.1 / rep_loss 14.1 / kl 14.1 / prior_abs_ent 29.7 / post_abs_ent -27.2 / prior_obs_ent 20.6 / post_obs_ent 8.0 / boundary_ratio 0.0 / kl_mask 0.0 / normed_target_mean 0.5 / normed_target_std 0.3 / normed_target_min -0.1 / normed_target_max 1.4 / EMA_005 30.0 / EMA_095 225.6 / value_mean 125.2 / value_std 62.4 / value_min 10.6 / value_max 238.6 / target_mean 127.8 / target_std 65.4 / target_min 6.5 / target_max 300.0 / imag_reward_mean 0.8 / imag_reward_std 2.8 / imag_reward_min 0.0 / imag_reward_max 22.1 / imag_action_mean 9.4 / imag_action_std 4.7 / imag_action_min 0.0 / imag_action_max 17.0 / actor_entropy 0.4 / actor_loss 0.8 / actor_grad_norm 2.1 / value_loss 1.8 / value_grad_norm 1.3 / update_count 16792.0 / fps 12.7
add_video needs package moviepy
add_video needs package moviepy
[77392] 
Start evaluation.
[77392] eval_return 1992.0 / eval_length 1353.0 / eval_episodes 5.0
add_video needs package moviepy
Start training.
[77392] model_loss 20.1 / model_grad_norm 25.9 / image_loss 11.5 / reward_loss 0.1 / cont_loss 0.0 / kl_free 1.0 / dyn_scale 0.5 / rep_scale 0.1 / dyn_loss 14.2 / rep_loss 14.2 / kl 14.2 / prior_abs_ent 29.8 / post_abs_ent -27.2 / prior_obs_ent 20.3 / post_obs_ent 7.7 / boundary_ratio 0.0 / kl_mask 0.0 / normed_target_mean 0.5 / normed_target_std 0.3 / normed_target_min -0.1 / normed_target_max 1.4 / EMA_005 31.1 / EMA_095 232.3 / value_mean 127.4 / value_std 64.7 / value_min 9.5 / value_max 243.9 / target_mean 130.3 / target_std 68.0 / target_min 6.1 / target_max 307.5 / imag_reward_mean 0.8 / imag_reward_std 2.9 / imag_reward_min 0.0 / imag_reward_max 21.6 / imag_action_mean 9.4 / imag_action_std 4.6 / imag_action_min 0.0 / imag_action_max 17.0 / actor_entropy 0.4 / actor_loss 0.8 / actor_grad_norm 2.2 / value_loss 1.8 / value_grad_norm 1.4 / update_count 16948.0 / fps 12.7
add_video needs package moviepy
add_video needs package moviepy
[78016] 
Start evaluation.
[78016] eval_return 1778.0 / eval_length 1321.4 / eval_episodes 5.0
add_video needs package moviepy
Start training.
[78016] model_loss 20.1 / model_grad_norm 31.7 / image_loss 11.5 / reward_loss 0.1 / cont_loss 0.0 / kl_free 1.0 / dyn_scale 0.5 / rep_scale 0.1 / dyn_loss 14.2 / rep_loss 14.2 / kl 14.2 / prior_abs_ent 30.0 / post_abs_ent -27.0 / prior_obs_ent 20.5 / post_obs_ent 7.8 / boundary_ratio 0.0 / kl_mask 0.0 / normed_target_mean 0.5 / normed_target_std 0.3 / normed_target_min -0.1 / normed_target_max 1.4 / EMA_005 30.2 / EMA_095 237.2 / value_mean 128.7 / value_std 67.0 / value_min 11.6 / value_max 247.3 / target_mean 131.6 / target_std 70.4 / target_min 6.2 / target_max 313.8 / imag_reward_mean 0.8 / imag_reward_std 2.9 / imag_reward_min 0.0 / imag_reward_max 21.4 / imag_action_mean 9.6 / imag_action_std 4.5 / imag_action_min 0.0 / imag_action_max 17.0 / actor_entropy 0.4 / actor_loss 0.8 / actor_grad_norm 2.2 / value_loss 1.8 / value_grad_norm 1.5 / update_count 17104.0 / fps 12.8
add_video needs package moviepy
add_video needs package moviepy
[78640] 
Start evaluation.
[78640] eval_return 1790.0 / eval_length 1289.8 / eval_episodes 5.0
add_video needs package moviepy
Start training.
[78640] model_loss 20.1 / model_grad_norm 27.5 / image_loss 11.5 / reward_loss 0.1 / cont_loss 0.0 / kl_free 1.0 / dyn_scale 0.5 / rep_scale 0.1 / dyn_loss 14.2 / rep_loss 14.2 / kl 14.2 / prior_abs_ent 29.8 / post_abs_ent -27.0 / prior_obs_ent 20.3 / post_obs_ent 7.7 / boundary_ratio 0.0 / kl_mask 0.0 / normed_target_mean 0.5 / normed_target_std 0.3 / normed_target_min -0.1 / normed_target_max 1.4 / EMA_005 30.9 / EMA_095 243.9 / value_mean 132.8 / value_std 68.4 / value_min 11.6 / value_max 251.1 / target_mean 136.0 / target_std 71.8 / target_min 6.5 / target_max 322.7 / imag_reward_mean 0.8 / imag_reward_std 3.0 / imag_reward_min 0.0 / imag_reward_max 20.7 / imag_action_mean 9.5 / imag_action_std 4.5 / imag_action_min 0.0 / imag_action_max 17.0 / actor_entropy 0.4 / actor_loss 0.9 / actor_grad_norm 2.3 / value_loss 1.8 / value_grad_norm 1.4 / update_count 17260.0 / fps 12.9
add_video needs package moviepy
add_video needs package moviepy
[79264] 
Start evaluation.
[79264] eval_return 1684.0 / eval_length 1420.2 / eval_episodes 5.0
add_video needs package moviepy
Start training.
[79264] model_loss 20.3 / model_grad_norm 27.5 / image_loss 11.6 / reward_loss 0.1 / cont_loss 0.0 / kl_free 1.0 / dyn_scale 0.5 / rep_scale 0.1 / dyn_loss 14.4 / rep_loss 14.4 / kl 14.4 / prior_abs_ent 29.9 / post_abs_ent -27.0 / prior_obs_ent 20.6 / post_obs_ent 7.8 / boundary_ratio 0.0 / kl_mask 0.0 / normed_target_mean 0.5 / normed_target_std 0.3 / normed_target_min -0.1 / normed_target_max 1.3 / EMA_005 30.3 / EMA_095 250.1 / value_mean 137.7 / value_std 71.3 / value_min 11.1 / value_max 255.6 / target_mean 140.6 / target_std 74.3 / target_min 6.5 / target_max 323.9 / imag_reward_mean 0.8 / imag_reward_std 2.9 / imag_reward_min 0.0 / imag_reward_max 23.1 / imag_action_mean 9.5 / imag_action_std 4.4 / imag_action_min 0.0 / imag_action_max 17.0 / actor_entropy 0.4 / actor_loss 0.9 / actor_grad_norm 2.3 / value_loss 1.7 / value_grad_norm 1.4 / update_count 17416.0 / fps 12.6
add_video needs package moviepy
add_video needs package moviepy
[79888] 
Start evaluation.
[79888] eval_return 1892.0 / eval_length 1213.4 / eval_episodes 5.0
add_video needs package moviepy
Start training.
[79888] model_loss 20.3 / model_grad_norm 28.9 / image_loss 11.5 / reward_loss 0.1 / cont_loss 0.0 / kl_free 1.0 / dyn_scale 0.5 / rep_scale 0.1 / dyn_loss 14.6 / rep_loss 14.6 / kl 14.6 / prior_abs_ent 30.5 / post_abs_ent -27.1 / prior_obs_ent 20.9 / post_obs_ent 8.0 / boundary_ratio 0.0 / kl_mask 0.0 / normed_target_mean 0.5 / normed_target_std 0.3 / normed_target_min -0.1 / normed_target_max 1.3 / EMA_005 30.8 / EMA_095 255.0 / value_mean 138.9 / value_std 73.8 / value_min 11.1 / value_max 262.6 / target_mean 141.8 / target_std 76.8 / target_min 6.7 / target_max 331.1 / imag_reward_mean 0.8 / imag_reward_std 2.9 / imag_reward_min 0.0 / imag_reward_max 22.5 / imag_action_mean 9.6 / imag_action_std 4.3 / imag_action_min 0.0 / imag_action_max 17.0 / actor_entropy 0.4 / actor_loss 0.8 / actor_grad_norm 2.4 / value_loss 1.7 / value_grad_norm 1.3 / update_count 17572.0 / fps 13.2
add_video needs package moviepy
add_video needs package moviepy
[80512] 
Start evaluation.
[80512] eval_return 2700.0 / eval_length 1390.4 / eval_episodes 5.0
add_video needs package moviepy
Start training.
[80512] model_loss 20.4 / model_grad_norm 28.0 / image_loss 11.5 / reward_loss 0.1 / cont_loss 0.0 / kl_free 1.0 / dyn_scale 0.5 / rep_scale 0.1 / dyn_loss 14.7 / rep_loss 14.7 / kl 14.7 / prior_abs_ent 30.4 / post_abs_ent -27.0 / prior_obs_ent 21.9 / post_obs_ent 8.9 / boundary_ratio 0.0 / kl_mask 0.0 / normed_target_mean 0.5 / normed_target_std 0.3 / normed_target_min -0.1 / normed_target_max 1.3 / EMA_005 29.3 / EMA_095 260.6 / value_mean 142.0 / value_std 76.6 / value_min 11.0 / value_max 272.5 / target_mean 144.8 / target_std 79.5 / target_min 5.7 / target_max 333.7 / imag_reward_mean 0.8 / imag_reward_std 3.0 / imag_reward_min 0.0 / imag_reward_max 21.9 / imag_action_mean 9.6 / imag_action_std 4.4 / imag_action_min 0.0 / imag_action_max 17.0 / actor_entropy 0.4 / actor_loss 0.8 / actor_grad_norm 2.4 / value_loss 1.7 / value_grad_norm 1.4 / update_count 17728.0 / fps 12.6
add_video needs package moviepy
add_video needs package moviepy
[81136] 
Start evaluation.
[81136] eval_return 1904.0 / eval_length 1266.0 / eval_episodes 5.0
add_video needs package moviepy
Start training.
[81136] model_loss 20.1 / model_grad_norm 24.5 / image_loss 11.4 / reward_loss 0.1 / cont_loss 0.0 / kl_free 1.0 / dyn_scale 0.5 / rep_scale 0.1 / dyn_loss 14.4 / rep_loss 14.4 / kl 14.4 / prior_abs_ent 30.3 / post_abs_ent -26.9 / prior_obs_ent 21.3 / post_obs_ent 8.5 / boundary_ratio 0.0 / kl_mask 0.0 / normed_target_mean 0.5 / normed_target_std 0.3 / normed_target_min -0.1 / normed_target_max 1.3 / EMA_005 30.5 / EMA_095 265.7 / value_mean 148.1 / value_std 77.3 / value_min 11.2 / value_max 279.9 / target_mean 150.9 / target_std 79.9 / target_min 6.4 / target_max 341.7 / imag_reward_mean 0.8 / imag_reward_std 3.0 / imag_reward_min 0.0 / imag_reward_max 22.6 / imag_action_mean 9.5 / imag_action_std 4.4 / imag_action_min 0.0 / imag_action_max 17.0 / actor_entropy 0.3 / actor_loss 0.8 / actor_grad_norm 2.5 / value_loss 1.7 / value_grad_norm 1.4 / update_count 17884.0 / fps 13.0
add_video needs package moviepy
add_video needs package moviepy
[81760] 
Start evaluation.
[81760] eval_return 2228.0 / eval_length 1300.0 / eval_episodes 5.0
add_video needs package moviepy
Start training.
[81760] model_loss 20.1 / model_grad_norm 25.3 / image_loss 11.4 / reward_loss 0.1 / cont_loss 0.0 / kl_free 1.0 / dyn_scale 0.5 / rep_scale 0.1 / dyn_loss 14.4 / rep_loss 14.4 / kl 14.4 / prior_abs_ent 30.4 / post_abs_ent -27.0 / prior_obs_ent 20.9 / post_obs_ent 8.1 / boundary_ratio 0.0 / kl_mask 0.0 / normed_target_mean 0.5 / normed_target_std 0.3 / normed_target_min -0.1 / normed_target_max 1.3 / EMA_005 31.3 / EMA_095 270.4 / value_mean 149.6 / value_std 78.2 / value_min 11.3 / value_max 285.3 / target_mean 152.8 / target_std 81.2 / target_min 7.3 / target_max 348.6 / imag_reward_mean 0.8 / imag_reward_std 3.0 / imag_reward_min 0.0 / imag_reward_max 22.0 / imag_action_mean 9.5 / imag_action_std 4.4 / imag_action_min 0.0 / imag_action_max 17.0 / actor_entropy 0.4 / actor_loss 1.0 / actor_grad_norm 2.4 / value_loss 1.7 / value_grad_norm 1.3 / update_count 18040.0 / fps 12.9
add_video needs package moviepy
add_video needs package moviepy
[82384] 
Start evaluation.
[82384] eval_return 2072.0 / eval_length 1202.6 / eval_episodes 5.0
add_video needs package moviepy
Start training.
[82384] model_loss 20.2 / model_grad_norm 27.7 / image_loss 11.3 / reward_loss 0.1 / cont_loss 0.0 / kl_free 1.0 / dyn_scale 0.5 / rep_scale 0.1 / dyn_loss 14.6 / rep_loss 14.6 / kl 14.6 / prior_abs_ent 30.4 / post_abs_ent -26.9 / prior_obs_ent 21.3 / post_obs_ent 8.4 / boundary_ratio 0.0 / kl_mask 0.0 / normed_target_mean 0.5 / normed_target_std 0.3 / normed_target_min -0.1 / normed_target_max 1.3 / EMA_005 31.6 / EMA_095 276.7 / value_mean 153.2 / value_std 81.0 / value_min 11.3 / value_max 289.0 / target_mean 155.9 / target_std 83.7 / target_min 7.6 / target_max 354.6 / imag_reward_mean 0.8 / imag_reward_std 3.0 / imag_reward_min 0.0 / imag_reward_max 22.2 / imag_action_mean 9.7 / imag_action_std 4.3 / imag_action_min 0.0 / imag_action_max 17.0 / actor_entropy 0.4 / actor_loss 0.8 / actor_grad_norm 2.4 / value_loss 1.7 / value_grad_norm 1.3 / update_count 18196.0 / fps 13.2
add_video needs package moviepy
add_video needs package moviepy
[82448] dataset_size 20612.0 / train_return 2250.0 / train_length 1472.0 / train_episodes 14.0
[83008] 
Start evaluation.
[83008] eval_return 2084.0 / eval_length 1386.4 / eval_episodes 5.0
add_video needs package moviepy
Start training.
[83008] model_loss 20.1 / model_grad_norm 30.7 / image_loss 11.3 / reward_loss 0.1 / cont_loss 0.0 / kl_free 1.0 / dyn_scale 0.5 / rep_scale 0.1 / dyn_loss 14.6 / rep_loss 14.6 / kl 14.6 / prior_abs_ent 30.5 / post_abs_ent -26.9 / prior_obs_ent 21.6 / post_obs_ent 8.7 / boundary_ratio 0.0 / kl_mask 0.0 / normed_target_mean 0.5 / normed_target_std 0.3 / normed_target_min -0.1 / normed_target_max 1.3 / EMA_005 31.8 / EMA_095 281.3 / value_mean 157.0 / value_std 82.7 / value_min 10.4 / value_max 292.7 / target_mean 159.9 / target_std 85.5 / target_min 8.0 / target_max 356.5 / imag_reward_mean 0.8 / imag_reward_std 3.0 / imag_reward_min 0.0 / imag_reward_max 21.7 / imag_action_mean 9.7 / imag_action_std 4.3 / imag_action_min 0.0 / imag_action_max 17.0 / actor_entropy 0.4 / actor_loss 0.9 / actor_grad_norm 2.4 / value_loss 1.7 / value_grad_norm 1.4 / update_count 18352.0 / fps 12.7
add_video needs package moviepy
add_video needs package moviepy
[83632] 
Start evaluation.
[83632] eval_return 1896.0 / eval_length 1360.2 / eval_episodes 5.0
add_video needs package moviepy
Start training.
[83632] model_loss 20.3 / model_grad_norm 28.5 / image_loss 11.4 / reward_loss 0.1 / cont_loss 0.0 / kl_free 1.0 / dyn_scale 0.5 / rep_scale 0.1 / dyn_loss 14.7 / rep_loss 14.7 / kl 14.7 / prior_abs_ent 30.5 / post_abs_ent -26.9 / prior_obs_ent 21.6 / post_obs_ent 8.5 / boundary_ratio 0.0 / kl_mask 0.0 / normed_target_mean 0.5 / normed_target_std 0.3 / normed_target_min -0.1 / normed_target_max 1.3 / EMA_005 31.7 / EMA_095 284.5 / value_mean 158.1 / value_std 82.3 / value_min 11.1 / value_max 294.6 / target_mean 160.7 / target_std 84.9 / target_min 7.7 / target_max 357.0 / imag_reward_mean 0.8 / imag_reward_std 3.0 / imag_reward_min 0.0 / imag_reward_max 22.3 / imag_action_mean 9.5 / imag_action_std 4.4 / imag_action_min 0.0 / imag_action_max 17.0 / actor_entropy 0.4 / actor_loss 0.7 / actor_grad_norm 2.5 / value_loss 1.7 / value_grad_norm 1.3 / update_count 18508.0 / fps 12.7
add_video needs package moviepy
add_video needs package moviepy
[84256] 
Start evaluation.
[84256] eval_return 2438.0 / eval_length 1387.8 / eval_episodes 5.0
add_video needs package moviepy
Start training.
[84256] model_loss 20.5 / model_grad_norm 32.6 / image_loss 11.6 / reward_loss 0.1 / cont_loss 0.0 / kl_free 1.0 / dyn_scale 0.5 / rep_scale 0.1 / dyn_loss 14.8 / rep_loss 14.8 / kl 14.8 / prior_abs_ent 30.4 / post_abs_ent -26.8 / prior_obs_ent 22.3 / post_obs_ent 9.2 / boundary_ratio 0.0 / kl_mask 0.0 / normed_target_mean 0.5 / normed_target_std 0.3 / normed_target_min -0.1 / normed_target_max 1.3 / EMA_005 33.0 / EMA_095 288.9 / value_mean 159.7 / value_std 84.1 / value_min 9.0 / value_max 299.3 / target_mean 162.4 / target_std 86.6 / target_min 5.5 / target_max 363.1 / imag_reward_mean 0.8 / imag_reward_std 3.0 / imag_reward_min 0.0 / imag_reward_max 21.8 / imag_action_mean 9.5 / imag_action_std 4.3 / imag_action_min 0.0 / imag_action_max 17.0 / actor_entropy 0.3 / actor_loss 0.8 / actor_grad_norm 2.5 / value_loss 1.7 / value_grad_norm 1.4 / update_count 18664.0 / fps 12.7
add_video needs package moviepy
add_video needs package moviepy
[84880] 
Start evaluation.
[84880] eval_return 1952.0 / eval_length 1293.8 / eval_episodes 5.0
add_video needs package moviepy
Start training.
[84880] model_loss 20.1 / model_grad_norm 28.7 / image_loss 11.3 / reward_loss 0.1 / cont_loss 0.0 / kl_free 1.0 / dyn_scale 0.5 / rep_scale 0.1 / dyn_loss 14.5 / rep_loss 14.5 / kl 14.5 / prior_abs_ent 29.7 / post_abs_ent -27.4 / prior_obs_ent 21.2 / post_obs_ent 8.2 / boundary_ratio 0.0 / kl_mask 0.0 / normed_target_mean 0.5 / normed_target_std 0.3 / normed_target_min -0.1 / normed_target_max 1.3 / EMA_005 31.8 / EMA_095 292.9 / value_mean 164.1 / value_std 86.1 / value_min 10.5 / value_max 304.2 / target_mean 166.9 / target_std 88.7 / target_min 7.4 / target_max 370.6 / imag_reward_mean 0.8 / imag_reward_std 3.0 / imag_reward_min 0.0 / imag_reward_max 21.5 / imag_action_mean 9.6 / imag_action_std 4.4 / imag_action_min 0.0 / imag_action_max 17.0 / actor_entropy 0.3 / actor_loss 0.8 / actor_grad_norm 2.5 / value_loss 1.7 / value_grad_norm 1.5 / update_count 18820.0 / fps 12.9
add_video needs package moviepy
add_video needs package moviepy
[85504] 
Start evaluation.
[85504] eval_return 2116.0 / eval_length 1377.4 / eval_episodes 5.0
add_video needs package moviepy
Start training.
[85504] model_loss 20.1 / model_grad_norm 26.0 / image_loss 11.4 / reward_loss 0.1 / cont_loss 0.0 / kl_free 1.0 / dyn_scale 0.5 / rep_scale 0.1 / dyn_loss 14.5 / rep_loss 14.5 / kl 14.5 / prior_abs_ent 30.5 / post_abs_ent -27.0 / prior_obs_ent 21.3 / post_obs_ent 8.4 / boundary_ratio 0.0 / kl_mask 0.0 / normed_target_mean 0.5 / normed_target_std 0.3 / normed_target_min -0.1 / normed_target_max 1.3 / EMA_005 32.3 / EMA_095 299.4 / value_mean 167.7 / value_std 88.5 / value_min 11.2 / value_max 312.7 / target_mean 170.5 / target_std 91.0 / target_min 7.6 / target_max 373.8 / imag_reward_mean 0.9 / imag_reward_std 3.1 / imag_reward_min -0.0 / imag_reward_max 22.5 / imag_action_mean 9.5 / imag_action_std 4.3 / imag_action_min 0.0 / imag_action_max 17.0 / actor_entropy 0.3 / actor_loss 0.8 / actor_grad_norm 2.6 / value_loss 1.7 / value_grad_norm 1.4 / update_count 18976.0 / fps 12.5
add_video needs package moviepy
add_video needs package moviepy
[86128] 
Start evaluation.
[86128] eval_return 2330.0 / eval_length 1373.4 / eval_episodes 5.0
add_video needs package moviepy
Start training.
[86128] model_loss 20.0 / model_grad_norm 25.9 / image_loss 11.2 / reward_loss 0.1 / cont_loss 0.0 / kl_free 1.0 / dyn_scale 0.5 / rep_scale 0.1 / dyn_loss 14.6 / rep_loss 14.6 / kl 14.6 / prior_abs_ent 30.6 / post_abs_ent -27.0 / prior_obs_ent 21.3 / post_obs_ent 8.3 / boundary_ratio 0.0 / kl_mask 0.0 / normed_target_mean 0.5 / normed_target_std 0.3 / normed_target_min -0.1 / normed_target_max 1.3 / EMA_005 33.0 / EMA_095 302.4 / value_mean 170.0 / value_std 88.0 / value_min 10.0 / value_max 320.7 / target_mean 173.0 / target_std 90.5 / target_min 7.4 / target_max 376.2 / imag_reward_mean 0.8 / imag_reward_std 3.1 / imag_reward_min -0.0 / imag_reward_max 22.4 / imag_action_mean 9.5 / imag_action_std 4.4 / imag_action_min 0.0 / imag_action_max 17.0 / actor_entropy 0.4 / actor_loss 0.9 / actor_grad_norm 2.5 / value_loss 1.7 / value_grad_norm 1.4 / update_count 19132.0 / fps 12.7
add_video needs package moviepy
add_video needs package moviepy
[86752] 
Start evaluation.
[86752] eval_return 1932.0 / eval_length 1260.4 / eval_episodes 5.0
add_video needs package moviepy
Start training.
[86752] model_loss 20.1 / model_grad_norm 28.1 / image_loss 11.2 / reward_loss 0.1 / cont_loss 0.0 / kl_free 1.0 / dyn_scale 0.5 / rep_scale 0.1 / dyn_loss 14.6 / rep_loss 14.6 / kl 14.6 / prior_abs_ent 30.5 / post_abs_ent -26.9 / prior_obs_ent 21.7 / post_obs_ent 8.7 / boundary_ratio 0.0 / kl_mask 0.0 / normed_target_mean 0.5 / normed_target_std 0.3 / normed_target_min -0.1 / normed_target_max 1.3 / EMA_005 35.3 / EMA_095 305.7 / value_mean 170.4 / value_std 89.3 / value_min 8.7 / value_max 326.7 / target_mean 173.2 / target_std 91.7 / target_min 6.4 / target_max 380.4 / imag_reward_mean 0.8 / imag_reward_std 3.1 / imag_reward_min -0.0 / imag_reward_max 23.1 / imag_action_mean 9.4 / imag_action_std 4.5 / imag_action_min 0.0 / imag_action_max 17.0 / actor_entropy 0.3 / actor_loss 0.8 / actor_grad_norm 2.6 / value_loss 1.7 / value_grad_norm 1.5 / update_count 19288.0 / fps 12.9
add_video needs package moviepy
add_video needs package moviepy
[87376] 
Start evaluation.
[87376] eval_return 1912.0 / eval_length 1241.6 / eval_episodes 5.0
add_video needs package moviepy
Start training.
[87376] model_loss 20.1 / model_grad_norm 29.0 / image_loss 11.3 / reward_loss 0.1 / cont_loss 0.0 / kl_free 1.0 / dyn_scale 0.5 / rep_scale 0.1 / dyn_loss 14.6 / rep_loss 14.6 / kl 14.6 / prior_abs_ent 30.6 / post_abs_ent -26.9 / prior_obs_ent 21.5 / post_obs_ent 8.5 / boundary_ratio 0.0 / kl_mask 0.0 / normed_target_mean 0.5 / normed_target_std 0.3 / normed_target_min -0.1 / normed_target_max 1.3 / EMA_005 36.3 / EMA_095 310.1 / value_mean 171.7 / value_std 90.0 / value_min 8.8 / value_max 331.3 / target_mean 174.6 / target_std 92.4 / target_min 6.4 / target_max 385.2 / imag_reward_mean 0.9 / imag_reward_std 3.1 / imag_reward_min -0.0 / imag_reward_max 21.9 / imag_action_mean 9.2 / imag_action_std 4.5 / imag_action_min 0.0 / imag_action_max 17.0 / actor_entropy 0.3 / actor_loss 0.9 / actor_grad_norm 2.7 / value_loss 1.7 / value_grad_norm 1.5 / update_count 19444.0 / fps 13.0
add_video needs package moviepy
add_video needs package moviepy
[88000] 
Start evaluation.
[88000] eval_return 1772.0 / eval_length 1148.8 / eval_episodes 5.0
add_video needs package moviepy
Start training.
[88000] model_loss 19.9 / model_grad_norm 30.3 / image_loss 11.1 / reward_loss 0.1 / cont_loss 0.0 / kl_free 1.0 / dyn_scale 0.5 / rep_scale 0.1 / dyn_loss 14.5 / rep_loss 14.5 / kl 14.5 / prior_abs_ent 30.3 / post_abs_ent -26.9 / prior_obs_ent 21.2 / post_obs_ent 8.3 / boundary_ratio 0.0 / kl_mask 0.0 / normed_target_mean 0.5 / normed_target_std 0.3 / normed_target_min -0.1 / normed_target_max 1.3 / EMA_005 38.4 / EMA_095 315.7 / value_mean 177.9 / value_std 90.3 / value_min 11.6 / value_max 334.0 / target_mean 180.9 / target_std 92.9 / target_min 11.3 / target_max 396.1 / imag_reward_mean 0.9 / imag_reward_std 3.2 / imag_reward_min 0.0 / imag_reward_max 22.6 / imag_action_mean 9.3 / imag_action_std 4.4 / imag_action_min 0.0 / imag_action_max 17.0 / actor_entropy 0.3 / actor_loss 0.9 / actor_grad_norm 2.6 / value_loss 1.7 / value_grad_norm 1.4 / update_count 19600.0 / fps 13.4
add_video needs package moviepy
add_video needs package moviepy
[88364] dataset_size 22091.0 / train_return 2560.0 / train_length 1479.0 / train_episodes 15.0
[88624] 
Start evaluation.
[88624] eval_return 1740.0 / eval_length 1139.4 / eval_episodes 5.0
add_video needs package moviepy
Start training.
[88624] model_loss 20.2 / model_grad_norm 28.8 / image_loss 11.3 / reward_loss 0.1 / cont_loss 0.0 / kl_free 1.0 / dyn_scale 0.5 / rep_scale 0.1 / dyn_loss 14.9 / rep_loss 14.9 / kl 14.9 / prior_abs_ent 30.6 / post_abs_ent -26.9 / prior_obs_ent 21.7 / post_obs_ent 8.5 / boundary_ratio 0.0 / kl_mask 0.0 / normed_target_mean 0.5 / normed_target_std 0.3 / normed_target_min -0.1 / normed_target_max 1.3 / EMA_005 40.5 / EMA_095 320.0 / value_mean 178.6 / value_std 92.1 / value_min 9.0 / value_max 338.6 / target_mean 181.5 / target_std 94.4 / target_min 7.4 / target_max 400.8 / imag_reward_mean 0.9 / imag_reward_std 3.1 / imag_reward_min -0.0 / imag_reward_max 21.8 / imag_action_mean 9.2 / imag_action_std 4.5 / imag_action_min 0.0 / imag_action_max 17.0 / actor_entropy 0.3 / actor_loss 0.8 / actor_grad_norm 2.7 / value_loss 1.7 / value_grad_norm 1.4 / update_count 19756.0 / fps 13.2
add_video needs package moviepy
add_video needs package moviepy
[89248] 
Start evaluation.
[89248] eval_return 1990.0 / eval_length 1236.6 / eval_episodes 5.0
add_video needs package moviepy
Start training.
[89248] model_loss 20.1 / model_grad_norm 27.2 / image_loss 11.2 / reward_loss 0.1 / cont_loss 0.0 / kl_free 1.0 / dyn_scale 0.5 / rep_scale 0.1 / dyn_loss 14.7 / rep_loss 14.7 / kl 14.7 / prior_abs_ent 30.6 / post_abs_ent -26.9 / prior_obs_ent 22.0 / post_obs_ent 8.9 / boundary_ratio 0.0 / kl_mask 0.0 / normed_target_mean 0.5 / normed_target_std 0.3 / normed_target_min -0.1 / normed_target_max 1.3 / EMA_005 40.2 / EMA_095 325.7 / value_mean 182.5 / value_std 94.6 / value_min 9.2 / value_max 341.5 / target_mean 185.5 / target_std 96.9 / target_min 8.6 / target_max 406.5 / imag_reward_mean 0.9 / imag_reward_std 3.1 / imag_reward_min -0.0 / imag_reward_max 22.7 / imag_action_mean 8.9 / imag_action_std 4.5 / imag_action_min 0.0 / imag_action_max 17.0 / actor_entropy 0.3 / actor_loss 0.8 / actor_grad_norm 2.7 / value_loss 1.7 / value_grad_norm 1.4 / update_count 19912.0 / fps 13.0
add_video needs package moviepy
add_video needs package moviepy
[89872] 
Start evaluation.
[89872] eval_return 2388.0 / eval_length 1354.6 / eval_episodes 5.0
add_video needs package moviepy
Start training.
[89872] model_loss 20.3 / model_grad_norm 31.2 / image_loss 11.2 / reward_loss 0.1 / cont_loss 0.0 / kl_free 1.0 / dyn_scale 0.5 / rep_scale 0.1 / dyn_loss 15.0 / rep_loss 15.0 / kl 15.0 / prior_abs_ent 30.8 / post_abs_ent -27.1 / prior_obs_ent 22.3 / post_obs_ent 9.0 / boundary_ratio 0.0 / kl_mask 0.0 / normed_target_mean 0.5 / normed_target_std 0.3 / normed_target_min -0.1 / normed_target_max 1.3 / EMA_005 40.4 / EMA_095 330.7 / value_mean 182.3 / value_std 96.0 / value_min 8.2 / value_max 344.6 / target_mean 185.4 / target_std 98.4 / target_min 6.3 / target_max 411.6 / imag_reward_mean 0.9 / imag_reward_std 3.2 / imag_reward_min -0.0 / imag_reward_max 22.9 / imag_action_mean 9.0 / imag_action_std 4.5 / imag_action_min 0.0 / imag_action_max 17.0 / actor_entropy 0.3 / actor_loss 0.9 / actor_grad_norm 2.8 / value_loss 1.7 / value_grad_norm 1.4 / update_count 20068.0 / fps 12.6
add_video needs package moviepy
add_video needs package moviepy
[90496] 
Start evaluation.
[90496] eval_return 2674.0 / eval_length 1335.8 / eval_episodes 5.0
add_video needs package moviepy
Start training.
[90496] model_loss 19.9 / model_grad_norm 26.9 / image_loss 11.0 / reward_loss 0.1 / cont_loss 0.0 / kl_free 1.0 / dyn_scale 0.5 / rep_scale 0.1 / dyn_loss 14.6 / rep_loss 14.6 / kl 14.6 / prior_abs_ent 29.5 / post_abs_ent -27.2 / prior_obs_ent 21.1 / post_obs_ent 8.1 / boundary_ratio 0.0 / kl_mask 0.0 / normed_target_mean 0.5 / normed_target_std 0.3 / normed_target_min -0.1 / normed_target_max 1.3 / EMA_005 40.4 / EMA_095 334.6 / value_mean 183.9 / value_std 96.9 / value_min 6.9 / value_max 347.5 / target_mean 186.8 / target_std 98.8 / target_min 6.3 / target_max 411.0 / imag_reward_mean 0.9 / imag_reward_std 3.1 / imag_reward_min -0.0 / imag_reward_max 22.9 / imag_action_mean 9.0 / imag_action_std 4.4 / imag_action_min 0.0 / imag_action_max 17.0 / actor_entropy 0.3 / actor_loss 0.8 / actor_grad_norm 2.7 / value_loss 1.7 / value_grad_norm 1.4 / update_count 20224.0 / fps 12.7
add_video needs package moviepy
add_video needs package moviepy
[91120] 
Start evaluation.
[91120] eval_return 2522.0 / eval_length 1346.2 / eval_episodes 5.0
add_video needs package moviepy
Start training.
[91120] model_loss 19.7 / model_grad_norm 26.9 / image_loss 11.0 / reward_loss 0.1 / cont_loss 0.0 / kl_free 1.0 / dyn_scale 0.5 / rep_scale 0.1 / dyn_loss 14.4 / rep_loss 14.4 / kl 14.4 / prior_abs_ent 30.3 / post_abs_ent -27.0 / prior_obs_ent 20.7 / post_obs_ent 7.9 / boundary_ratio 0.0 / kl_mask 0.0 / normed_target_mean 0.5 / normed_target_std 0.3 / normed_target_min -0.1 / normed_target_max 1.3 / EMA_005 42.2 / EMA_095 339.4 / value_mean 188.3 / value_std 99.0 / value_min 7.6 / value_max 352.0 / target_mean 191.5 / target_std 101.4 / target_min 7.8 / target_max 418.2 / imag_reward_mean 0.9 / imag_reward_std 3.2 / imag_reward_min -0.0 / imag_reward_max 22.2 / imag_action_mean 9.0 / imag_action_std 4.5 / imag_action_min 0.0 / imag_action_max 17.0 / actor_entropy 0.3 / actor_loss 0.9 / actor_grad_norm 2.6 / value_loss 1.7 / value_grad_norm 1.4 / update_count 20380.0 / fps 12.7
add_video needs package moviepy
add_video needs package moviepy
[91744] 
Start evaluation.
[91744] eval_return 2214.0 / eval_length 1328.8 / eval_episodes 5.0
add_video needs package moviepy
Start training.
[91744] model_loss 20.1 / model_grad_norm 26.5 / image_loss 11.1 / reward_loss 0.1 / cont_loss 0.0 / kl_free 1.0 / dyn_scale 0.5 / rep_scale 0.1 / dyn_loss 14.8 / rep_loss 14.8 / kl 14.8 / prior_abs_ent 30.6 / post_abs_ent -27.1 / prior_obs_ent 21.5 / post_obs_ent 8.2 / boundary_ratio 0.0 / kl_mask 0.0 / normed_target_mean 0.5 / normed_target_std 0.3 / normed_target_min -0.1 / normed_target_max 1.3 / EMA_005 43.1 / EMA_095 345.5 / value_mean 199.6 / value_std 100.2 / value_min 8.4 / value_max 358.9 / target_mean 202.7 / target_std 102.6 / target_min 8.1 / target_max 423.7 / imag_reward_mean 0.9 / imag_reward_std 3.2 / imag_reward_min 0.0 / imag_reward_max 22.6 / imag_action_mean 8.6 / imag_action_std 4.4 / imag_action_min 0.0 / imag_action_max 17.0 / actor_entropy 0.3 / actor_loss 0.9 / actor_grad_norm 2.7 / value_loss 1.7 / value_grad_norm 1.4 / update_count 20536.0 / fps 12.8
add_video needs package moviepy
add_video needs package moviepy
[92368] 
Start evaluation.
[92368] eval_return 2232.0 / eval_length 1373.6 / eval_episodes 5.0
add_video needs package moviepy
Start training.
[92368] model_loss 19.9 / model_grad_norm 27.8 / image_loss 11.0 / reward_loss 0.1 / cont_loss 0.0 / kl_free 1.0 / dyn_scale 0.5 / rep_scale 0.1 / dyn_loss 14.7 / rep_loss 14.7 / kl 14.7 / prior_abs_ent 30.4 / post_abs_ent -27.0 / prior_obs_ent 21.2 / post_obs_ent 8.1 / boundary_ratio 0.0 / kl_mask 0.0 / normed_target_mean 0.5 / normed_target_std 0.3 / normed_target_min -0.1 / normed_target_max 1.2 / EMA_005 46.3 / EMA_095 350.8 / value_mean 201.6 / value_std 100.2 / value_min 8.8 / value_max 367.8 / target_mean 204.7 / target_std 102.2 / target_min 9.8 / target_max 425.6 / imag_reward_mean 0.9 / imag_reward_std 3.2 / imag_reward_min -0.0 / imag_reward_max 23.2 / imag_action_mean 8.5 / imag_action_std 4.4 / imag_action_min 0.0 / imag_action_max 17.0 / actor_entropy 0.3 / actor_loss 0.9 / actor_grad_norm 2.7 / value_loss 1.6 / value_grad_norm 1.3 / update_count 20692.0 / fps 12.7
add_video needs package moviepy
add_video needs package moviepy
[92992] 
Start evaluation.
[92992] eval_return 2928.0 / eval_length 1298.0 / eval_episodes 5.0
add_video needs package moviepy
Start training.
[92992] model_loss 19.8 / model_grad_norm 29.4 / image_loss 10.9 / reward_loss 0.1 / cont_loss 0.0 / kl_free 1.0 / dyn_scale 0.5 / rep_scale 0.1 / dyn_loss 14.8 / rep_loss 14.8 / kl 14.8 / prior_abs_ent 30.6 / post_abs_ent -27.0 / prior_obs_ent 21.8 / post_obs_ent 8.6 / boundary_ratio 0.0 / kl_mask 0.0 / normed_target_mean 0.5 / normed_target_std 0.3 / normed_target_min -0.1 / normed_target_max 1.3 / EMA_005 47.3 / EMA_095 354.6 / value_mean 202.3 / value_std 102.0 / value_min 8.0 / value_max 376.6 / target_mean 205.5 / target_std 104.2 / target_min 7.8 / target_max 433.3 / imag_reward_mean 0.9 / imag_reward_std 3.2 / imag_reward_min -0.0 / imag_reward_max 21.9 / imag_action_mean 8.7 / imag_action_std 4.4 / imag_action_min 0.0 / imag_action_max 17.0 / actor_entropy 0.3 / actor_loss 0.9 / actor_grad_norm 2.7 / value_loss 1.6 / value_grad_norm 1.4 / update_count 20848.0 / fps 12.9
add_video needs package moviepy
add_video needs package moviepy
[93616] 
Start evaluation.
[93616] eval_return 3002.0 / eval_length 1484.6 / eval_episodes 5.0
add_video needs package moviepy
Start training.
[93616] model_loss 19.8 / model_grad_norm 27.0 / image_loss 10.9 / reward_loss 0.1 / cont_loss 0.0 / kl_free 1.0 / dyn_scale 0.5 / rep_scale 0.1 / dyn_loss 14.7 / rep_loss 14.7 / kl 14.7 / prior_abs_ent 30.6 / post_abs_ent -26.9 / prior_obs_ent 21.7 / post_obs_ent 8.6 / boundary_ratio 0.0 / kl_mask 0.0 / normed_target_mean 0.5 / normed_target_std 0.3 / normed_target_min -0.1 / normed_target_max 1.2 / EMA_005 48.4 / EMA_095 358.2 / value_mean 203.1 / value_std 102.3 / value_min 8.3 / value_max 382.0 / target_mean 205.9 / target_std 104.3 / target_min 7.5 / target_max 435.2 / imag_reward_mean 0.9 / imag_reward_std 3.2 / imag_reward_min 0.0 / imag_reward_max 23.7 / imag_action_mean 8.6 / imag_action_std 4.5 / imag_action_min 0.0 / imag_action_max 17.0 / actor_entropy 0.3 / actor_loss 0.8 / actor_grad_norm 2.7 / value_loss 1.6 / value_grad_norm 1.4 / update_count 21004.0 / fps 12.3
add_video needs package moviepy
add_video needs package moviepy
[94080] dataset_size 23520.0 / train_return 2860.0 / train_length 1429.0 / train_episodes 16.0
[94240] 
Start evaluation.
[94240] eval_return 2962.0 / eval_length 1756.6 / eval_episodes 5.0
add_video needs package moviepy
Start training.
[94240] model_loss 19.8 / model_grad_norm 26.7 / image_loss 10.9 / reward_loss 0.1 / cont_loss 0.0 / kl_free 1.0 / dyn_scale 0.5 / rep_scale 0.1 / dyn_loss 14.8 / rep_loss 14.8 / kl 14.8 / prior_abs_ent 30.9 / post_abs_ent -26.9 / prior_obs_ent 21.5 / post_obs_ent 8.3 / boundary_ratio 0.0 / kl_mask 0.0 / normed_target_mean 0.5 / normed_target_std 0.3 / normed_target_min -0.1 / normed_target_max 1.2 / EMA_005 47.9 / EMA_095 362.4 / value_mean 204.6 / value_std 104.9 / value_min 5.9 / value_max 387.1 / target_mean 207.4 / target_std 107.0 / target_min 5.9 / target_max 439.6 / imag_reward_mean 0.9 / imag_reward_std 3.2 / imag_reward_min 0.0 / imag_reward_max 22.7 / imag_action_mean 8.6 / imag_action_std 4.5 / imag_action_min 0.0 / imag_action_max 17.0 / actor_entropy 0.3 / actor_loss 0.7 / actor_grad_norm 2.8 / value_loss 1.7 / value_grad_norm 1.4 / update_count 21160.0 / fps 11.7
add_video needs package moviepy
add_video needs package moviepy
[94864] 
Start evaluation.
[94864] eval_return 2594.0 / eval_length 1357.4 / eval_episodes 5.0
add_video needs package moviepy
Start training.
[94864] model_loss 19.9 / model_grad_norm 26.7 / image_loss 10.9 / reward_loss 0.1 / cont_loss 0.0 / kl_free 1.0 / dyn_scale 0.5 / rep_scale 0.1 / dyn_loss 14.8 / rep_loss 14.8 / kl 14.8 / prior_abs_ent 30.7 / post_abs_ent -27.0 / prior_obs_ent 21.6 / post_obs_ent 8.4 / boundary_ratio 0.0 / kl_mask 0.0 / normed_target_mean 0.5 / normed_target_std 0.3 / normed_target_min -0.1 / normed_target_max 1.3 / EMA_005 49.1 / EMA_095 368.5 / value_mean 210.5 / value_std 106.3 / value_min 7.3 / value_max 391.5 / target_mean 213.5 / target_std 108.7 / target_min 8.3 / target_max 449.4 / imag_reward_mean 0.9 / imag_reward_std 3.2 / imag_reward_min -0.0 / imag_reward_max 23.0 / imag_action_mean 8.4 / imag_action_std 4.5 / imag_action_min 0.0 / imag_action_max 17.0 / actor_entropy 0.3 / actor_loss 0.8 / actor_grad_norm 2.7 / value_loss 1.6 / value_grad_norm 1.4 / update_count 21316.0 / fps 12.6
add_video needs package moviepy
add_video needs package moviepy
[95488] 
Start evaluation.
[95488] eval_return 2462.0 / eval_length 1411.0 / eval_episodes 5.0
add_video needs package moviepy
Start training.
[95488] model_loss 19.6 / model_grad_norm 27.5 / image_loss 10.7 / reward_loss 0.1 / cont_loss 0.0 / kl_free 1.0 / dyn_scale 0.5 / rep_scale 0.1 / dyn_loss 14.6 / rep_loss 14.6 / kl 14.6 / prior_abs_ent 30.8 / post_abs_ent -27.0 / prior_obs_ent 21.2 / post_obs_ent 8.2 / boundary_ratio 0.0 / kl_mask 0.0 / normed_target_mean 0.5 / normed_target_std 0.3 / normed_target_min -0.1 / normed_target_max 1.2 / EMA_005 51.5 / EMA_095 375.3 / value_mean 212.8 / value_std 108.6 / value_min 7.3 / value_max 395.8 / target_mean 215.8 / target_std 110.7 / target_min 7.0 / target_max 455.7 / imag_reward_mean 1.0 / imag_reward_std 3.3 / imag_reward_min -0.0 / imag_reward_max 21.9 / imag_action_mean 8.5 / imag_action_std 4.6 / imag_action_min 0.0 / imag_action_max 17.0 / actor_entropy 0.3 / actor_loss 0.8 / actor_grad_norm 2.7 / value_loss 1.7 / value_grad_norm 1.4 / update_count 21472.0 / fps 12.5
add_video needs package moviepy
add_video needs package moviepy
[96112] 
Start evaluation.
[96112] eval_return 2144.0 / eval_length 1284.4 / eval_episodes 5.0
add_video needs package moviepy
Start training.
[96112] model_loss 19.8 / model_grad_norm 27.9 / image_loss 10.9 / reward_loss 0.1 / cont_loss 0.0 / kl_free 1.0 / dyn_scale 0.5 / rep_scale 0.1 / dyn_loss 14.8 / rep_loss 14.8 / kl 14.8 / prior_abs_ent 30.7 / post_abs_ent -26.9 / prior_obs_ent 21.6 / post_obs_ent 8.4 / boundary_ratio 0.0 / kl_mask 0.0 / normed_target_mean 0.5 / normed_target_std 0.3 / normed_target_min -0.1 / normed_target_max 1.2 / EMA_005 48.3 / EMA_095 379.7 / value_mean 212.6 / value_std 109.1 / value_min 6.5 / value_max 398.3 / target_mean 215.3 / target_std 111.2 / target_min 7.1 / target_max 457.4 / imag_reward_mean 0.9 / imag_reward_std 3.2 / imag_reward_min -0.0 / imag_reward_max 21.5 / imag_action_mean 8.5 / imag_action_std 4.6 / imag_action_min 0.0 / imag_action_max 17.0 / actor_entropy 0.3 / actor_loss 0.7 / actor_grad_norm 2.8 / value_loss 1.7 / value_grad_norm 1.4 / update_count 21628.0 / fps 12.7
add_video needs package moviepy
add_video needs package moviepy
[96736] 
Start evaluation.
[96736] eval_return 2934.0 / eval_length 1458.2 / eval_episodes 5.0
add_video needs package moviepy
Start training.
[96736] model_loss 19.7 / model_grad_norm 27.0 / image_loss 10.8 / reward_loss 0.1 / cont_loss 0.0 / kl_free 1.0 / dyn_scale 0.5 / rep_scale 0.1 / dyn_loss 14.7 / rep_loss 14.7 / kl 14.7 / prior_abs_ent 30.6 / post_abs_ent -27.1 / prior_obs_ent 21.4 / post_obs_ent 8.3 / boundary_ratio 0.0 / kl_mask 0.0 / normed_target_mean 0.5 / normed_target_std 0.3 / normed_target_min -0.1 / normed_target_max 1.2 / EMA_005 49.5 / EMA_095 383.7 / value_mean 219.2 / value_std 109.3 / value_min 6.7 / value_max 401.5 / target_mean 222.2 / target_std 111.3 / target_min 8.1 / target_max 463.1 / imag_reward_mean 0.9 / imag_reward_std 3.2 / imag_reward_min -0.0 / imag_reward_max 23.2 / imag_action_mean 8.6 / imag_action_std 4.5 / imag_action_min 0.0 / imag_action_max 17.0 / actor_entropy 0.3 / actor_loss 0.8 / actor_grad_norm 2.7 / value_loss 1.6 / value_grad_norm 1.4 / update_count 21784.0 / fps 12.3
add_video needs package moviepy
add_video needs package moviepy
[97360] 
Start evaluation.
[97360] eval_return 2944.0 / eval_length 1431.4 / eval_episodes 5.0
add_video needs package moviepy
Start training.
[97360] model_loss 19.7 / model_grad_norm 27.3 / image_loss 10.8 / reward_loss 0.1 / cont_loss 0.0 / kl_free 1.0 / dyn_scale 0.5 / rep_scale 0.1 / dyn_loss 14.7 / rep_loss 14.7 / kl 14.7 / prior_abs_ent 30.7 / post_abs_ent -27.0 / prior_obs_ent 21.5 / post_obs_ent 8.4 / boundary_ratio 0.0 / kl_mask 0.0 / normed_target_mean 0.5 / normed_target_std 0.3 / normed_target_min -0.1 / normed_target_max 1.2 / EMA_005 51.2 / EMA_095 388.8 / value_mean 223.3 / value_std 110.7 / value_min 7.6 / value_max 404.1 / target_mean 226.3 / target_std 112.7 / target_min 7.7 / target_max 468.1 / imag_reward_mean 1.0 / imag_reward_std 3.3 / imag_reward_min -0.0 / imag_reward_max 23.5 / imag_action_mean 8.5 / imag_action_std 4.6 / imag_action_min 0.0 / imag_action_max 17.0 / actor_entropy 0.3 / actor_loss 0.8 / actor_grad_norm 2.9 / value_loss 1.6 / value_grad_norm 1.3 / update_count 21940.0 / fps 12.5
add_video needs package moviepy
add_video needs package moviepy
[97984] 
Start evaluation.
[97984] eval_return 2962.0 / eval_length 1439.2 / eval_episodes 5.0
add_video needs package moviepy
Start training.
[97984] model_loss 19.6 / model_grad_norm 26.6 / image_loss 10.7 / reward_loss 0.1 / cont_loss 0.0 / kl_free 1.0 / dyn_scale 0.5 / rep_scale 0.1 / dyn_loss 14.8 / rep_loss 14.8 / kl 14.8 / prior_abs_ent 31.0 / post_abs_ent -26.9 / prior_obs_ent 21.5 / post_obs_ent 8.4 / boundary_ratio 0.0 / kl_mask 0.0 / normed_target_mean 0.5 / normed_target_std 0.3 / normed_target_min -0.1 / normed_target_max 1.2 / EMA_005 52.2 / EMA_095 392.5 / value_mean 228.4 / value_std 113.7 / value_min 5.7 / value_max 409.2 / target_mean 231.4 / target_std 115.5 / target_min 6.5 / target_max 470.8 / imag_reward_mean 1.0 / imag_reward_std 3.3 / imag_reward_min -0.0 / imag_reward_max 22.9 / imag_action_mean 8.3 / imag_action_std 4.6 / imag_action_min 0.0 / imag_action_max 17.0 / actor_entropy 0.3 / actor_loss 0.8 / actor_grad_norm 2.9 / value_loss 1.6 / value_grad_norm 1.3 / update_count 22096.0 / fps 12.4
add_video needs package moviepy
add_video needs package moviepy
[98608] 
Start evaluation.
[98608] eval_return 2628.0 / eval_length 1342.0 / eval_episodes 5.0
add_video needs package moviepy
Start training.
[98608] model_loss 19.6 / model_grad_norm 28.9 / image_loss 10.6 / reward_loss 0.1 / cont_loss 0.0 / kl_free 1.0 / dyn_scale 0.5 / rep_scale 0.1 / dyn_loss 14.8 / rep_loss 14.8 / kl 14.8 / prior_abs_ent 31.0 / post_abs_ent -26.9 / prior_obs_ent 21.4 / post_obs_ent 8.2 / boundary_ratio 0.0 / kl_mask 0.0 / normed_target_mean 0.5 / normed_target_std 0.3 / normed_target_min -0.1 / normed_target_max 1.2 / EMA_005 51.7 / EMA_095 397.5 / value_mean 232.6 / value_std 115.1 / value_min 9.0 / value_max 415.7 / target_mean 235.8 / target_std 117.2 / target_min 11.7 / target_max 476.9 / imag_reward_mean 1.0 / imag_reward_std 3.4 / imag_reward_min -0.0 / imag_reward_max 22.0 / imag_action_mean 8.4 / imag_action_std 4.5 / imag_action_min 0.0 / imag_action_max 17.0 / actor_entropy 0.3 / actor_loss 0.9 / actor_grad_norm 2.9 / value_loss 1.6 / value_grad_norm 1.3 / update_count 22252.0 / fps 12.7
add_video needs package moviepy
add_video needs package moviepy
[99232] 
Start evaluation.
[99232] eval_return 3176.0 / eval_length 1564.4 / eval_episodes 5.0
add_video needs package moviepy
Start training.
[99232] model_loss 19.7 / model_grad_norm 27.6 / image_loss 10.7 / reward_loss 0.1 / cont_loss 0.0 / kl_free 1.0 / dyn_scale 0.5 / rep_scale 0.1 / dyn_loss 14.8 / rep_loss 14.8 / kl 14.8 / prior_abs_ent 30.2 / post_abs_ent -27.4 / prior_obs_ent 21.2 / post_obs_ent 8.0 / boundary_ratio 0.0 / kl_mask 0.0 / normed_target_mean 0.5 / normed_target_std 0.3 / normed_target_min -0.1 / normed_target_max 1.2 / EMA_005 53.2 / EMA_095 402.1 / value_mean 232.3 / value_std 114.9 / value_min 8.5 / value_max 424.5 / target_mean 235.2 / target_std 117.0 / target_min 10.1 / target_max 481.8 / imag_reward_mean 1.0 / imag_reward_std 3.3 / imag_reward_min -0.0 / imag_reward_max 23.1 / imag_action_mean 8.4 / imag_action_std 4.5 / imag_action_min 0.0 / imag_action_max 17.0 / actor_entropy 0.3 / actor_loss 0.7 / actor_grad_norm 2.9 / value_loss 1.6 / value_grad_norm 1.3 / update_count 22408.0 / fps 12.1
add_video needs package moviepy
add_video needs package moviepy
[99856] 
Start evaluation.
[99856] eval_return 2724.0 / eval_length 1378.2 / eval_episodes 5.0
add_video needs package moviepy
Start training.
[99856] model_loss 19.6 / model_grad_norm 30.9 / image_loss 10.7 / reward_loss 0.1 / cont_loss 0.0 / kl_free 1.0 / dyn_scale 0.5 / rep_scale 0.1 / dyn_loss 14.7 / rep_loss 14.7 / kl 14.7 / prior_abs_ent 30.7 / post_abs_ent -27.0 / prior_obs_ent 21.2 / post_obs_ent 8.1 / boundary_ratio 0.0 / kl_mask 0.0 / normed_target_mean 0.5 / normed_target_std 0.3 / normed_target_min -0.1 / normed_target_max 1.2 / EMA_005 55.9 / EMA_095 406.4 / value_mean 234.0 / value_std 117.7 / value_min 6.6 / value_max 432.6 / target_mean 236.9 / target_std 119.6 / target_min 7.2 / target_max 483.5 / imag_reward_mean 1.0 / imag_reward_std 3.4 / imag_reward_min -0.0 / imag_reward_max 23.4 / imag_action_mean 8.6 / imag_action_std 4.5 / imag_action_min 0.0 / imag_action_max 17.0 / actor_entropy 0.3 / actor_loss 0.8 / actor_grad_norm 3.0 / value_loss 1.6 / value_grad_norm 1.3 / update_count 22564.0 / fps 12.6
add_video needs package moviepy
add_video needs package moviepy
[100012] dataset_size 25003.0 / train_return 3260.0 / train_length 1483.0 / train_episodes 17.0
[100480] 
Start evaluation.
[100480] eval_return 2910.0 / eval_length 1457.4 / eval_episodes 5.0
add_video needs package moviepy
Start training.
[100480] model_loss 19.5 / model_grad_norm 25.6 / image_loss 10.6 / reward_loss 0.1 / cont_loss 0.0 / kl_free 1.0 / dyn_scale 0.5 / rep_scale 0.1 / dyn_loss 14.8 / rep_loss 14.8 / kl 14.8 / prior_abs_ent 30.9 / post_abs_ent -26.9 / prior_obs_ent 21.2 / post_obs_ent 8.0 / boundary_ratio 0.0 / kl_mask 0.0 / normed_target_mean 0.5 / normed_target_std 0.3 / normed_target_min -0.1 / normed_target_max 1.2 / EMA_005 50.7 / EMA_095 410.9 / value_mean 236.3 / value_std 121.4 / value_min 7.3 / value_max 439.2 / target_mean 239.1 / target_std 123.2 / target_min 6.6 / target_max 490.1 / imag_reward_mean 1.0 / imag_reward_std 3.4 / imag_reward_min -0.0 / imag_reward_max 23.7 / imag_action_mean 8.4 / imag_action_std 4.5 / imag_action_min 0.0 / imag_action_max 17.0 / actor_entropy 0.3 / actor_loss 0.8 / actor_grad_norm 2.9 / value_loss 1.6 / value_grad_norm 1.3 / update_count 22720.0 / fps 12.2
add_video needs package moviepy
add_video needs package moviepy
[101104] 
Start evaluation.
[101104] eval_return 2220.0 / eval_length 1211.4 / eval_episodes 5.0
add_video needs package moviepy
Start training.
[101104] model_loss 19.2 / model_grad_norm 26.6 / image_loss 10.4 / reward_loss 0.1 / cont_loss 0.0 / kl_free 1.0 / dyn_scale 0.5 / rep_scale 0.1 / dyn_loss 14.5 / rep_loss 14.5 / kl 14.5 / prior_abs_ent 30.6 / post_abs_ent -26.9 / prior_obs_ent 20.6 / post_obs_ent 7.7 / boundary_ratio 0.0 / kl_mask 0.0 / normed_target_mean 0.5 / normed_target_std 0.3 / normed_target_min -0.1 / normed_target_max 1.2 / EMA_005 55.5 / EMA_095 415.0 / value_mean 240.7 / value_std 117.1 / value_min 9.0 / value_max 446.0 / target_mean 243.8 / target_std 118.9 / target_min 9.6 / target_max 492.6 / imag_reward_mean 1.0 / imag_reward_std 3.4 / imag_reward_min -0.0 / imag_reward_max 23.0 / imag_action_mean 8.4 / imag_action_std 4.7 / imag_action_min 0.0 / imag_action_max 17.0 / actor_entropy 0.3 / actor_loss 0.8 / actor_grad_norm 2.9 / value_loss 1.6 / value_grad_norm 1.3 / update_count 22876.0 / fps 13.1
add_video needs package moviepy
add_video needs package moviepy
[101728] 
Start evaluation.
[101728] eval_return 2612.0 / eval_length 1363.4 / eval_episodes 5.0
add_video needs package moviepy
Start training.
[101728] model_loss 19.4 / model_grad_norm 26.5 / image_loss 10.4 / reward_loss 0.1 / cont_loss 0.0 / kl_free 1.0 / dyn_scale 0.5 / rep_scale 0.1 / dyn_loss 14.8 / rep_loss 14.8 / kl 14.8 / prior_abs_ent 30.6 / post_abs_ent -27.1 / prior_obs_ent 21.2 / post_obs_ent 8.0 / boundary_ratio 0.0 / kl_mask 0.0 / normed_target_mean 0.5 / normed_target_std 0.3 / normed_target_min -0.1 / normed_target_max 1.2 / EMA_005 55.5 / EMA_095 417.9 / value_mean 247.2 / value_std 120.2 / value_min 8.4 / value_max 450.7 / target_mean 250.0 / target_std 122.3 / target_min 9.2 / target_max 501.4 / imag_reward_mean 1.0 / imag_reward_std 3.4 / imag_reward_min -0.0 / imag_reward_max 23.1 / imag_action_mean 8.3 / imag_action_std 4.6 / imag_action_min 0.0 / imag_action_max 17.0 / actor_entropy 0.3 / actor_loss 0.7 / actor_grad_norm 2.9 / value_loss 1.6 / value_grad_norm 1.4 / update_count 23032.0 / fps 12.6
add_video needs package moviepy
add_video needs package moviepy
[102352] 
Start evaluation.
[102352] eval_return 2360.0 / eval_length 1295.2 / eval_episodes 5.0
add_video needs package moviepy
Start training.
[102352] model_loss 19.4 / model_grad_norm 26.8 / image_loss 10.4 / reward_loss 0.1 / cont_loss 0.0 / kl_free 1.0 / dyn_scale 0.5 / rep_scale 0.1 / dyn_loss 14.8 / rep_loss 14.8 / kl 14.8 / prior_abs_ent 30.7 / post_abs_ent -27.1 / prior_obs_ent 21.2 / post_obs_ent 8.0 / boundary_ratio 0.0 / kl_mask 0.0 / normed_target_mean 0.5 / normed_target_std 0.3 / normed_target_min -0.1 / normed_target_max 1.2 / EMA_005 55.7 / EMA_095 424.2 / value_mean 248.4 / value_std 122.9 / value_min 7.6 / value_max 454.8 / target_mean 251.3 / target_std 124.7 / target_min 7.8 / target_max 505.7 / imag_reward_mean 1.0 / imag_reward_std 3.4 / imag_reward_min -0.0 / imag_reward_max 22.9 / imag_action_mean 8.0 / imag_action_std 4.7 / imag_action_min 0.0 / imag_action_max 17.0 / actor_entropy 0.3 / actor_loss 0.7 / actor_grad_norm 2.8 / value_loss 1.6 / value_grad_norm 1.4 / update_count 23188.0 / fps 12.8
add_video needs package moviepy
add_video needs package moviepy
[102976] 
Start evaluation.
[102976] eval_return 2616.0 / eval_length 1426.0 / eval_episodes 5.0
add_video needs package moviepy
Start training.
[102976] model_loss 19.5 / model_grad_norm 29.3 / image_loss 10.5 / reward_loss 0.1 / cont_loss 0.0 / kl_free 1.0 / dyn_scale 0.5 / rep_scale 0.1 / dyn_loss 14.8 / rep_loss 14.8 / kl 14.8 / prior_abs_ent 31.0 / post_abs_ent -27.0 / prior_obs_ent 21.4 / post_obs_ent 8.2 / boundary_ratio 0.0 / kl_mask 0.0 / normed_target_mean 0.5 / normed_target_std 0.3 / normed_target_min -0.1 / normed_target_max 1.2 / EMA_005 54.9 / EMA_095 428.3 / value_mean 246.1 / value_std 123.0 / value_min 7.7 / value_max 458.8 / target_mean 249.0 / target_std 124.9 / target_min 9.8 / target_max 512.5 / imag_reward_mean 1.0 / imag_reward_std 3.4 / imag_reward_min -0.0 / imag_reward_max 22.2 / imag_action_mean 8.4 / imag_action_std 4.6 / imag_action_min 0.0 / imag_action_max 17.0 / actor_entropy 0.3 / actor_loss 0.8 / actor_grad_norm 3.0 / value_loss 1.6 / value_grad_norm 1.4 / update_count 23344.0 / fps 12.4
add_video needs package moviepy
add_video needs package moviepy
[103600] 
Start evaluation.
[103600] eval_return 2946.0 / eval_length 1498.4 / eval_episodes 5.0
add_video needs package moviepy
Start training.
[103600] model_loss 19.4 / model_grad_norm 29.1 / image_loss 10.4 / reward_loss 0.1 / cont_loss 0.0 / kl_free 1.0 / dyn_scale 0.5 / rep_scale 0.1 / dyn_loss 14.9 / rep_loss 14.9 / kl 14.9 / prior_abs_ent 30.8 / post_abs_ent -27.0 / prior_obs_ent 21.7 / post_obs_ent 8.3 / boundary_ratio 0.0 / kl_mask 0.0 / normed_target_mean 0.5 / normed_target_std 0.3 / normed_target_min -0.1 / normed_target_max 1.2 / EMA_005 55.8 / EMA_095 435.1 / value_mean 252.6 / value_std 125.6 / value_min 8.5 / value_max 463.8 / target_mean 255.4 / target_std 127.4 / target_min 10.2 / target_max 519.7 / imag_reward_mean 1.0 / imag_reward_std 3.3 / imag_reward_min -0.0 / imag_reward_max 23.1 / imag_action_mean 8.5 / imag_action_std 4.5 / imag_action_min 0.0 / imag_action_max 17.0 / actor_entropy 0.3 / actor_loss 0.7 / actor_grad_norm 3.1 / value_loss 1.6 / value_grad_norm 1.5 / update_count 23500.0 / fps 12.3
add_video needs package moviepy
add_video needs package moviepy
[104224] 
Start evaluation.
[104224] eval_return 3094.0 / eval_length 1422.2 / eval_episodes 5.0
add_video needs package moviepy
Start training.
[104224] model_loss 19.2 / model_grad_norm 26.0 / image_loss 10.3 / reward_loss 0.1 / cont_loss 0.0 / kl_free 1.0 / dyn_scale 0.5 / rep_scale 0.1 / dyn_loss 14.8 / rep_loss 14.8 / kl 14.8 / prior_abs_ent 30.8 / post_abs_ent -26.9 / prior_obs_ent 21.3 / post_obs_ent 8.1 / boundary_ratio 0.0 / kl_mask 0.0 / normed_target_mean 0.5 / normed_target_std 0.3 / normed_target_min -0.1 / normed_target_max 1.2 / EMA_005 59.4 / EMA_095 439.2 / value_mean 255.0 / value_std 125.2 / value_min 11.5 / value_max 466.5 / target_mean 257.8 / target_std 127.0 / target_min 13.2 / target_max 522.0 / imag_reward_mean 1.0 / imag_reward_std 3.4 / imag_reward_min -0.0 / imag_reward_max 22.9 / imag_action_mean 8.2 / imag_action_std 4.5 / imag_action_min 0.0 / imag_action_max 17.0 / actor_entropy 0.3 / actor_loss 0.7 / actor_grad_norm 3.0 / value_loss 1.6 / value_grad_norm 1.4 / update_count 23656.0 / fps 12.3
add_video needs package moviepy
add_video needs package moviepy
[104288] dataset_size 26072.0 / train_return 1370.0 / train_length 1069.0 / train_episodes 18.0
[104848] 
Start evaluation.
[104848] eval_return 2958.0 / eval_length 1360.4 / eval_episodes 5.0
add_video needs package moviepy
Start training.
[104848] model_loss 19.3 / model_grad_norm 26.9 / image_loss 10.3 / reward_loss 0.1 / cont_loss 0.0 / kl_free 1.0 / dyn_scale 0.5 / rep_scale 0.1 / dyn_loss 14.9 / rep_loss 14.9 / kl 14.9 / prior_abs_ent 31.0 / post_abs_ent -27.0 / prior_obs_ent 21.4 / post_obs_ent 8.1 / boundary_ratio 0.0 / kl_mask 0.0 / normed_target_mean 0.5 / normed_target_std 0.3 / normed_target_min -0.1 / normed_target_max 1.2 / EMA_005 59.9 / EMA_095 445.6 / value_mean 262.6 / value_std 129.7 / value_min 8.1 / value_max 471.8 / target_mean 265.7 / target_std 131.6 / target_min 10.1 / target_max 528.2 / imag_reward_mean 1.0 / imag_reward_std 3.4 / imag_reward_min -0.0 / imag_reward_max 22.1 / imag_action_mean 8.1 / imag_action_std 4.5 / imag_action_min 0.0 / imag_action_max 17.0 / actor_entropy 0.3 / actor_loss 0.8 / actor_grad_norm 3.1 / value_loss 1.6 / value_grad_norm 1.3 / update_count 23812.0 / fps 12.6
add_video needs package moviepy
add_video needs package moviepy
[105472] 
Start evaluation.
[105472] eval_return 2670.0 / eval_length 1349.2 / eval_episodes 5.0
add_video needs package moviepy
Start training.
[105472] model_loss 19.2 / model_grad_norm 26.6 / image_loss 10.2 / reward_loss 0.1 / cont_loss 0.0 / kl_free 1.0 / dyn_scale 0.5 / rep_scale 0.1 / dyn_loss 14.9 / rep_loss 14.9 / kl 14.9 / prior_abs_ent 30.9 / post_abs_ent -26.9 / prior_obs_ent 21.2 / post_obs_ent 7.9 / boundary_ratio 0.0 / kl_mask 0.0 / normed_target_mean 0.5 / normed_target_std 0.3 / normed_target_min -0.1 / normed_target_max 1.2 / EMA_005 60.5 / EMA_095 451.4 / value_mean 266.2 / value_std 130.4 / value_min 9.2 / value_max 475.6 / target_mean 269.2 / target_std 132.2 / target_min 11.7 / target_max 532.5 / imag_reward_mean 1.0 / imag_reward_std 3.5 / imag_reward_min -0.0 / imag_reward_max 23.9 / imag_action_mean 8.0 / imag_action_std 4.5 / imag_action_min 0.0 / imag_action_max 17.0 / actor_entropy 0.3 / actor_loss 0.8 / actor_grad_norm 3.0 / value_loss 1.6 / value_grad_norm 1.3 / update_count 23968.0 / fps 12.7
add_video needs package moviepy
add_video needs package moviepy
[106096] 
Start evaluation.
[106096] eval_return 3066.0 / eval_length 1312.6 / eval_episodes 5.0
add_video needs package moviepy
Start training.
[106096] model_loss 19.3 / model_grad_norm 26.6 / image_loss 10.3 / reward_loss 0.1 / cont_loss 0.0 / kl_free 1.0 / dyn_scale 0.5 / rep_scale 0.1 / dyn_loss 14.9 / rep_loss 14.9 / kl 14.9 / prior_abs_ent 31.0 / post_abs_ent -27.0 / prior_obs_ent 21.1 / post_obs_ent 7.8 / boundary_ratio 0.0 / kl_mask 0.0 / normed_target_mean 0.5 / normed_target_std 0.3 / normed_target_min -0.1 / normed_target_max 1.2 / EMA_005 61.2 / EMA_095 454.4 / value_mean 269.5 / value_std 131.1 / value_min 10.0 / value_max 481.0 / target_mean 272.4 / target_std 132.6 / target_min 10.5 / target_max 533.8 / imag_reward_mean 1.0 / imag_reward_std 3.4 / imag_reward_min -0.0 / imag_reward_max 23.8 / imag_action_mean 8.1 / imag_action_std 4.6 / imag_action_min 0.0 / imag_action_max 17.0 / actor_entropy 0.3 / actor_loss 0.7 / actor_grad_norm 3.0 / value_loss 1.6 / value_grad_norm 1.3 / update_count 24124.0 / fps 12.8
add_video needs package moviepy
add_video needs package moviepy
[106720] 
Start evaluation.
[106720] eval_return 2350.0 / eval_length 1302.0 / eval_episodes 5.0
add_video needs package moviepy
Start training.
[106720] model_loss 19.2 / model_grad_norm 28.8 / image_loss 10.1 / reward_loss 0.1 / cont_loss 0.0 / kl_free 1.0 / dyn_scale 0.5 / rep_scale 0.1 / dyn_loss 14.9 / rep_loss 14.9 / kl 14.9 / prior_abs_ent 30.8 / post_abs_ent -27.0 / prior_obs_ent 21.2 / post_obs_ent 7.9 / boundary_ratio 0.0 / kl_mask 0.0 / normed_target_mean 0.5 / normed_target_std 0.3 / normed_target_min -0.1 / normed_target_max 1.2 / EMA_005 61.9 / EMA_095 459.7 / value_mean 273.2 / value_std 130.4 / value_min 8.3 / value_max 486.0 / target_mean 276.1 / target_std 132.1 / target_min 9.5 / target_max 539.7 / imag_reward_mean 1.0 / imag_reward_std 3.5 / imag_reward_min -0.0 / imag_reward_max 23.4 / imag_action_mean 8.1 / imag_action_std 4.5 / imag_action_min 0.0 / imag_action_max 17.0 / actor_entropy 0.3 / actor_loss 0.7 / actor_grad_norm 3.1 / value_loss 1.6 / value_grad_norm 1.5 / update_count 24280.0 / fps 12.8
add_video needs package moviepy
add_video needs package moviepy
[107344] 
Start evaluation.
[107344] eval_return 2914.0 / eval_length 1319.0 / eval_episodes 5.0
add_video needs package moviepy
Start training.
[107344] model_loss 19.2 / model_grad_norm 28.2 / image_loss 10.2 / reward_loss 0.1 / cont_loss 0.0 / kl_free 1.0 / dyn_scale 0.5 / rep_scale 0.1 / dyn_loss 15.0 / rep_loss 15.0 / kl 15.0 / prior_abs_ent 30.9 / post_abs_ent -27.1 / prior_obs_ent 21.2 / post_obs_ent 7.9 / boundary_ratio 0.0 / kl_mask 0.0 / normed_target_mean 0.5 / normed_target_std 0.3 / normed_target_min -0.1 / normed_target_max 1.2 / EMA_005 63.5 / EMA_095 461.9 / value_mean 274.3 / value_std 133.3 / value_min 9.4 / value_max 490.9 / target_mean 277.1 / target_std 134.9 / target_min 10.6 / target_max 539.0 / imag_reward_mean 1.0 / imag_reward_std 3.4 / imag_reward_min -0.0 / imag_reward_max 22.2 / imag_action_mean 8.2 / imag_action_std 4.4 / imag_action_min 0.0 / imag_action_max 17.0 / actor_entropy 0.3 / actor_loss 0.7 / actor_grad_norm 3.1 / value_loss 1.6 / value_grad_norm 1.5 / update_count 24436.0 / fps 12.7
add_video needs package moviepy
add_video needs package moviepy
[107968] 
Start evaluation.
[107968] eval_return 2424.0 / eval_length 1302.8 / eval_episodes 5.0
add_video needs package moviepy
Start training.
[107968] model_loss 19.2 / model_grad_norm 26.1 / image_loss 10.2 / reward_loss 0.1 / cont_loss 0.0 / kl_free 1.0 / dyn_scale 0.5 / rep_scale 0.1 / dyn_loss 15.0 / rep_loss 15.0 / kl 15.0 / prior_abs_ent 30.8 / post_abs_ent -27.0 / prior_obs_ent 21.4 / post_obs_ent 8.0 / boundary_ratio 0.0 / kl_mask 0.0 / normed_target_mean 0.5 / normed_target_std 0.3 / normed_target_min -0.1 / normed_target_max 1.2 / EMA_005 64.2 / EMA_095 465.3 / value_mean 278.8 / value_std 133.0 / value_min 10.3 / value_max 497.0 / target_mean 281.1 / target_std 134.3 / target_min 11.9 / target_max 543.5 / imag_reward_mean 1.0 / imag_reward_std 3.4 / imag_reward_min -0.0 / imag_reward_max 24.0 / imag_action_mean 8.4 / imag_action_std 4.4 / imag_action_min 0.0 / imag_action_max 17.0 / actor_entropy 0.3 / actor_loss 0.6 / actor_grad_norm 3.2 / value_loss 1.5 / value_grad_norm 1.3 / update_count 24592.0 / fps 12.7
add_video needs package moviepy
add_video needs package moviepy
[108592] 
Start evaluation.
[108592] eval_return 3044.0 / eval_length 1458.2 / eval_episodes 5.0
add_video needs package moviepy
Start training.
[108592] model_loss 19.1 / model_grad_norm 26.2 / image_loss 10.1 / reward_loss 0.1 / cont_loss 0.0 / kl_free 1.0 / dyn_scale 0.5 / rep_scale 0.1 / dyn_loss 14.8 / rep_loss 14.8 / kl 14.8 / prior_abs_ent 31.1 / post_abs_ent -26.9 / prior_obs_ent 20.8 / post_obs_ent 7.6 / boundary_ratio 0.0 / kl_mask 0.0 / normed_target_mean 0.5 / normed_target_std 0.3 / normed_target_min -0.1 / normed_target_max 1.2 / EMA_005 64.6 / EMA_095 467.4 / value_mean 281.4 / value_std 133.2 / value_min 12.3 / value_max 499.4 / target_mean 284.0 / target_std 134.6 / target_min 13.9 / target_max 544.5 / imag_reward_mean 1.0 / imag_reward_std 3.4 / imag_reward_min -0.0 / imag_reward_max 23.3 / imag_action_mean 8.5 / imag_action_std 4.4 / imag_action_min 0.0 / imag_action_max 17.0 / actor_entropy 0.3 / actor_loss 0.7 / actor_grad_norm 3.2 / value_loss 1.5 / value_grad_norm 1.3 / update_count 24748.0 / fps 12.4
add_video needs package moviepy
add_video needs package moviepy
[109216] 
Start evaluation.
[109216] eval_return 3010.0 / eval_length 1278.8 / eval_episodes 5.0
add_video needs package moviepy
Start training.
[109216] model_loss 18.9 / model_grad_norm 26.4 / image_loss 10.0 / reward_loss 0.1 / cont_loss 0.0 / kl_free 1.0 / dyn_scale 0.5 / rep_scale 0.1 / dyn_loss 14.8 / rep_loss 14.8 / kl 14.8 / prior_abs_ent 30.8 / post_abs_ent -27.1 / prior_obs_ent 20.5 / post_obs_ent 7.3 / boundary_ratio 0.0 / kl_mask 0.0 / normed_target_mean 0.5 / normed_target_std 0.3 / normed_target_min -0.1 / normed_target_max 1.2 / EMA_005 67.5 / EMA_095 470.9 / value_mean 284.6 / value_std 134.0 / value_min 10.9 / value_max 510.4 / target_mean 287.1 / target_std 135.4 / target_min 13.0 / target_max 552.2 / imag_reward_mean 1.0 / imag_reward_std 3.4 / imag_reward_min -0.0 / imag_reward_max 22.6 / imag_action_mean 8.4 / imag_action_std 4.5 / imag_action_min 0.0 / imag_action_max 17.0 / actor_entropy 0.3 / actor_loss 0.6 / actor_grad_norm 3.2 / value_loss 1.5 / value_grad_norm 1.4 / update_count 24904.0 / fps 12.8
add_video needs package moviepy
add_video needs package moviepy
[109312] dataset_size 27328.0 / train_return 1750.0 / train_length 1256.0 / train_episodes 19.0
[109840] 
Start evaluation.
[109840] eval_return 2360.0 / eval_length 1253.2 / eval_episodes 5.0
add_video needs package moviepy
Start training.
[109840] model_loss 19.1 / model_grad_norm 28.6 / image_loss 10.1 / reward_loss 0.1 / cont_loss 0.0 / kl_free 1.0 / dyn_scale 0.5 / rep_scale 0.1 / dyn_loss 15.0 / rep_loss 15.0 / kl 15.0 / prior_abs_ent 31.2 / post_abs_ent -27.1 / prior_obs_ent 21.1 / post_obs_ent 7.7 / boundary_ratio 0.0 / kl_mask 0.0 / normed_target_mean 0.5 / normed_target_std 0.3 / normed_target_min -0.1 / normed_target_max 1.2 / EMA_005 63.8 / EMA_095 472.5 / value_mean 281.3 / value_std 136.6 / value_min 8.6 / value_max 512.9 / target_mean 283.7 / target_std 137.9 / target_min 9.0 / target_max 551.1 / imag_reward_mean 1.0 / imag_reward_std 3.4 / imag_reward_min -0.0 / imag_reward_max 23.0 / imag_action_mean 8.5 / imag_action_std 4.5 / imag_action_min 0.0 / imag_action_max 17.0 / actor_entropy 0.3 / actor_loss 0.6 / actor_grad_norm 3.6 / value_loss 1.6 / value_grad_norm 1.5 / update_count 25060.0 / fps 12.9
add_video needs package moviepy
add_video needs package moviepy
[110464] 
Start evaluation.
[110464] eval_return 3116.0 / eval_length 1496.8 / eval_episodes 5.0
add_video needs package moviepy
Start training.
[110464] model_loss 20.1 / model_grad_norm 53.2 / image_loss 10.5 / reward_loss 0.1 / cont_loss 0.0 / kl_free 1.0 / dyn_scale 0.5 / rep_scale 0.1 / dyn_loss 15.8 / rep_loss 15.8 / kl 15.8 / prior_abs_ent 31.3 / post_abs_ent -27.2 / prior_obs_ent 21.5 / post_obs_ent 7.5 / boundary_ratio 0.0 / kl_mask 0.0 / normed_target_mean 0.5 / normed_target_std 0.3 / normed_target_min -0.1 / normed_target_max 1.2 / EMA_005 65.4 / EMA_095 474.0 / value_mean 285.8 / value_std 132.0 / value_min 8.1 / value_max 515.8 / target_mean 288.1 / target_std 133.7 / target_min 9.6 / target_max 553.5 / imag_reward_mean 1.0 / imag_reward_std 3.4 / imag_reward_min -0.0 / imag_reward_max 22.1 / imag_action_mean 8.2 / imag_action_std 4.4 / imag_action_min 0.0 / imag_action_max 17.0 / actor_entropy 0.3 / actor_loss 0.6 / actor_grad_norm 3.9 / value_loss 1.6 / value_grad_norm 1.4 / update_count 25216.0 / fps 12.3
add_video needs package moviepy
add_video needs package moviepy
[111088] 
Start evaluation.
[111088] eval_return 2644.0 / eval_length 1304.6 / eval_episodes 5.0
add_video needs package moviepy
Start training.
[111088] model_loss 19.2 / model_grad_norm 30.5 / image_loss 10.4 / reward_loss 0.1 / cont_loss 0.0 / kl_free 1.0 / dyn_scale 0.5 / rep_scale 0.1 / dyn_loss 14.6 / rep_loss 14.6 / kl 14.6 / prior_abs_ent 30.5 / post_abs_ent -27.2 / prior_obs_ent 21.5 / post_obs_ent 8.4 / boundary_ratio 0.0 / kl_mask 0.0 / normed_target_mean 0.5 / normed_target_std 0.3 / normed_target_min -0.2 / normed_target_max 1.2 / EMA_005 71.7 / EMA_095 471.1 / value_mean 288.2 / value_std 131.3 / value_min 10.0 / value_max 511.1 / target_mean 289.8 / target_std 132.4 / target_min 10.7 / target_max 543.5 / imag_reward_mean 1.0 / imag_reward_std 3.3 / imag_reward_min -0.0 / imag_reward_max 23.7 / imag_action_mean 8.4 / imag_action_std 4.5 / imag_action_min 0.0 / imag_action_max 17.0 / actor_entropy 0.3 / actor_loss 0.4 / actor_grad_norm 3.6 / value_loss 1.6 / value_grad_norm 1.3 / update_count 25372.0 / fps 12.7
add_video needs package moviepy
add_video needs package moviepy
[111712] 
Start evaluation.
[111712] eval_return 2616.0 / eval_length 1400.0 / eval_episodes 5.0
add_video needs package moviepy
Start training.
[111712] model_loss 18.3 / model_grad_norm 23.1 / image_loss 9.6 / reward_loss 0.1 / cont_loss 0.0 / kl_free 1.0 / dyn_scale 0.5 / rep_scale 0.1 / dyn_loss 14.4 / rep_loss 14.4 / kl 14.4 / prior_abs_ent 29.3 / post_abs_ent -27.3 / prior_obs_ent 18.9 / post_obs_ent 6.1 / boundary_ratio 0.0 / kl_mask 0.0 / normed_target_mean 0.5 / normed_target_std 0.3 / normed_target_min -0.1 / normed_target_max 1.2 / EMA_005 69.3 / EMA_095 473.7 / value_mean 287.6 / value_std 134.8 / value_min 9.8 / value_max 516.1 / target_mean 289.7 / target_std 136.2 / target_min 11.8 / target_max 551.3 / imag_reward_mean 1.0 / imag_reward_std 3.4 / imag_reward_min -0.0 / imag_reward_max 23.6 / imag_action_mean 8.4 / imag_action_std 4.5 / imag_action_min 0.0 / imag_action_max 17.0 / actor_entropy 0.3 / actor_loss 0.5 / actor_grad_norm 3.5 / value_loss 1.5 / value_grad_norm 1.3 / update_count 25528.0 / fps 12.6
add_video needs package moviepy
add_video needs package moviepy
[112336] 
Start evaluation.
[112336] eval_return 2700.0 / eval_length 1277.2 / eval_episodes 5.0
add_video needs package moviepy
Start training.
[112336] model_loss 18.5 / model_grad_norm 24.2 / image_loss 9.7 / reward_loss 0.1 / cont_loss 0.0 / kl_free 1.0 / dyn_scale 0.5 / rep_scale 0.1 / dyn_loss 14.6 / rep_loss 14.6 / kl 14.6 / prior_abs_ent 29.7 / post_abs_ent -27.2 / prior_obs_ent 18.8 / post_obs_ent 5.8 / boundary_ratio 0.0 / kl_mask 0.0 / normed_target_mean 0.5 / normed_target_std 0.3 / normed_target_min -0.1 / normed_target_max 1.2 / EMA_005 68.1 / EMA_095 474.8 / value_mean 288.9 / value_std 133.6 / value_min 10.6 / value_max 518.8 / target_mean 291.4 / target_std 134.9 / target_min 12.7 / target_max 554.9 / imag_reward_mean 1.0 / imag_reward_std 3.5 / imag_reward_min -0.0 / imag_reward_max 23.9 / imag_action_mean 8.3 / imag_action_std 4.5 / imag_action_min 0.0 / imag_action_max 17.0 / actor_entropy 0.3 / actor_loss 0.6 / actor_grad_norm 3.5 / value_loss 1.5 / value_grad_norm 1.4 / update_count 25684.0 / fps 12.9
add_video needs package moviepy
add_video needs package moviepy
[112960] 
Start evaluation.
[112960] eval_return 2656.0 / eval_length 1387.0 / eval_episodes 5.0
add_video needs package moviepy
Start training.
[112960] model_loss 18.5 / model_grad_norm 27.1 / image_loss 9.7 / reward_loss 0.1 / cont_loss 0.0 / kl_free 1.0 / dyn_scale 0.5 / rep_scale 0.1 / dyn_loss 14.5 / rep_loss 14.5 / kl 14.5 / prior_abs_ent 30.0 / post_abs_ent -27.2 / prior_obs_ent 18.4 / post_obs_ent 5.4 / boundary_ratio 0.0 / kl_mask 0.0 / normed_target_mean 0.5 / normed_target_std 0.3 / normed_target_min -0.1 / normed_target_max 1.2 / EMA_005 68.8 / EMA_095 478.2 / value_mean 287.0 / value_std 135.3 / value_min 11.7 / value_max 522.5 / target_mean 289.5 / target_std 137.1 / target_min 12.8 / target_max 558.4 / imag_reward_mean 1.0 / imag_reward_std 3.5 / imag_reward_min -0.0 / imag_reward_max 23.0 / imag_action_mean 8.2 / imag_action_std 4.6 / imag_action_min 0.0 / imag_action_max 17.0 / actor_entropy 0.3 / actor_loss 0.5 / actor_grad_norm 3.3 / value_loss 1.5 / value_grad_norm 1.3 / update_count 25840.0 / fps 12.6
add_video needs package moviepy
add_video needs package moviepy
[113584] 
Start evaluation.
[113584] eval_return 2626.0 / eval_length 1327.8 / eval_episodes 5.0
add_video needs package moviepy
Start training.
[113584] model_loss 18.4 / model_grad_norm 26.4 / image_loss 9.5 / reward_loss 0.1 / cont_loss 0.0 / kl_free 1.0 / dyn_scale 0.5 / rep_scale 0.1 / dyn_loss 14.6 / rep_loss 14.6 / kl 14.6 / prior_abs_ent 30.2 / post_abs_ent -27.2 / prior_obs_ent 18.6 / post_obs_ent 5.6 / boundary_ratio 0.0 / kl_mask 0.0 / normed_target_mean 0.5 / normed_target_std 0.3 / normed_target_min -0.1 / normed_target_max 1.2 / EMA_005 63.7 / EMA_095 484.0 / value_mean 283.5 / value_std 138.8 / value_min 8.6 / value_max 527.1 / target_mean 286.2 / target_std 140.6 / target_min 10.2 / target_max 567.4 / imag_reward_mean 1.0 / imag_reward_std 3.4 / imag_reward_min -0.0 / imag_reward_max 22.9 / imag_action_mean 8.2 / imag_action_std 4.5 / imag_action_min 0.0 / imag_action_max 17.0 / actor_entropy 0.3 / actor_loss 0.7 / actor_grad_norm 3.3 / value_loss 1.6 / value_grad_norm 1.4 / update_count 25996.0 / fps 12.7
add_video needs package moviepy
add_video needs package moviepy
[114208] 
Start evaluation.
[114208] eval_return 2562.0 / eval_length 1285.4 / eval_episodes 5.0
add_video needs package moviepy
Start training.
[114208] model_loss 18.5 / model_grad_norm 26.6 / image_loss 9.6 / reward_loss 0.1 / cont_loss 0.0 / kl_free 1.0 / dyn_scale 0.5 / rep_scale 0.1 / dyn_loss 14.6 / rep_loss 14.6 / kl 14.6 / prior_abs_ent 29.9 / post_abs_ent -27.2 / prior_obs_ent 18.6 / post_obs_ent 5.6 / boundary_ratio 0.0 / kl_mask 0.0 / normed_target_mean 0.5 / normed_target_std 0.3 / normed_target_min -0.1 / normed_target_max 1.2 / EMA_005 67.6 / EMA_095 488.4 / value_mean 293.6 / value_std 137.5 / value_min 12.2 / value_max 530.3 / target_mean 296.2 / target_std 139.2 / target_min 13.8 / target_max 575.5 / imag_reward_mean 1.0 / imag_reward_std 3.4 / imag_reward_min -0.0 / imag_reward_max 22.9 / imag_action_mean 8.0 / imag_action_std 4.5 / imag_action_min 0.0 / imag_action_max 17.0 / actor_entropy 0.3 / actor_loss 0.7 / actor_grad_norm 3.3 / value_loss 1.5 / value_grad_norm 1.3 / update_count 26152.0 / fps 12.8
add_video needs package moviepy
add_video needs package moviepy
[114268] dataset_size 28567.0 / train_return 2410.0 / train_length 1239.0 / train_episodes 20.0
[114832] 
Start evaluation.
[114832] eval_return 2382.0 / eval_length 1221.8 / eval_episodes 5.0
add_video needs package moviepy
Start training.
[114832] model_loss 18.3 / model_grad_norm 25.9 / image_loss 9.5 / reward_loss 0.1 / cont_loss 0.0 / kl_free 1.0 / dyn_scale 0.5 / rep_scale 0.1 / dyn_loss 14.7 / rep_loss 14.7 / kl 14.7 / prior_abs_ent 30.6 / post_abs_ent -27.3 / prior_obs_ent 18.3 / post_obs_ent 5.3 / boundary_ratio 0.0 / kl_mask 0.0 / normed_target_mean 0.5 / normed_target_std 0.3 / normed_target_min -0.1 / normed_target_max 1.2 / EMA_005 70.2 / EMA_095 491.1 / value_mean 293.8 / value_std 139.8 / value_min 11.1 / value_max 531.8 / target_mean 296.5 / target_std 141.6 / target_min 14.1 / target_max 573.3 / imag_reward_mean 1.1 / imag_reward_std 3.5 / imag_reward_min -0.0 / imag_reward_max 23.3 / imag_action_mean 8.0 / imag_action_std 4.6 / imag_action_min 0.0 / imag_action_max 17.0 / actor_entropy 0.3 / actor_loss 0.6 / actor_grad_norm 3.2 / value_loss 1.5 / value_grad_norm 1.4 / update_count 26308.0 / fps 12.9
add_video needs package moviepy
add_video needs package moviepy
[115456] 
Start evaluation.
[115456] eval_return 2862.0 / eval_length 1281.2 / eval_episodes 5.0
add_video needs package moviepy
Start training.
[115456] model_loss 18.5 / model_grad_norm 27.4 / image_loss 9.5 / reward_loss 0.1 / cont_loss 0.0 / kl_free 1.0 / dyn_scale 0.5 / rep_scale 0.1 / dyn_loss 14.9 / rep_loss 14.9 / kl 14.9 / prior_abs_ent 30.7 / post_abs_ent -27.3 / prior_obs_ent 18.8 / post_obs_ent 5.6 / boundary_ratio 0.0 / kl_mask 0.0 / normed_target_mean 0.5 / normed_target_std 0.3 / normed_target_min -0.1 / normed_target_max 1.2 / EMA_005 68.9 / EMA_095 496.7 / value_mean 296.5 / value_std 141.2 / value_min 9.3 / value_max 535.3 / target_mean 299.0 / target_std 143.3 / target_min 9.6 / target_max 579.1 / imag_reward_mean 1.1 / imag_reward_std 3.5 / imag_reward_min -0.0 / imag_reward_max 24.5 / imag_action_mean 8.1 / imag_action_std 4.6 / imag_action_min 0.0 / imag_action_max 17.0 / actor_entropy 0.3 / actor_loss 0.6 / actor_grad_norm 3.4 / value_loss 1.6 / value_grad_norm 1.6 / update_count 26464.0 / fps 12.9
add_video needs package moviepy
add_video needs package moviepy
[116080] 
Start evaluation.
[116080] eval_return 2480.0 / eval_length 1292.6 / eval_episodes 5.0
add_video needs package moviepy
Start training.
[116080] model_loss 18.1 / model_grad_norm 26.3 / image_loss 9.3 / reward_loss 0.1 / cont_loss 0.0 / kl_free 1.0 / dyn_scale 0.5 / rep_scale 0.1 / dyn_loss 14.7 / rep_loss 14.7 / kl 14.7 / prior_abs_ent 30.5 / post_abs_ent -27.2 / prior_obs_ent 18.2 / post_obs_ent 5.1 / boundary_ratio 0.0 / kl_mask 0.0 / normed_target_mean 0.5 / normed_target_std 0.3 / normed_target_min -0.1 / normed_target_max 1.2 / EMA_005 66.3 / EMA_095 500.7 / value_mean 301.0 / value_std 144.3 / value_min 12.6 / value_max 539.3 / target_mean 303.6 / target_std 146.0 / target_min 13.6 / target_max 582.8 / imag_reward_mean 1.0 / imag_reward_std 3.5 / imag_reward_min -0.0 / imag_reward_max 23.7 / imag_action_mean 8.2 / imag_action_std 4.6 / imag_action_min 0.0 / imag_action_max 17.0 / actor_entropy 0.3 / actor_loss 0.6 / actor_grad_norm 3.2 / value_loss 1.5 / value_grad_norm 1.3 / update_count 26620.0 / fps 12.7
add_video needs package moviepy
add_video needs package moviepy
[116704] 
Start evaluation.
[116704] eval_return 2572.0 / eval_length 1334.2 / eval_episodes 5.0
add_video needs package moviepy
Start training.
[116704] model_loss 18.4 / model_grad_norm 26.0 / image_loss 9.4 / reward_loss 0.1 / cont_loss 0.0 / kl_free 1.0 / dyn_scale 0.5 / rep_scale 0.1 / dyn_loss 14.9 / rep_loss 14.9 / kl 14.9 / prior_abs_ent 30.6 / post_abs_ent -27.3 / prior_obs_ent 18.9 / post_obs_ent 5.6 / boundary_ratio 0.0 / kl_mask 0.0 / normed_target_mean 0.6 / normed_target_std 0.3 / normed_target_min -0.1 / normed_target_max 1.2 / EMA_005 68.8 / EMA_095 503.6 / value_mean 308.8 / value_std 140.7 / value_min 13.0 / value_max 540.0 / target_mean 311.6 / target_std 142.4 / target_min 15.1 / target_max 585.9 / imag_reward_mean 1.1 / imag_reward_std 3.6 / imag_reward_min -0.0 / imag_reward_max 24.8 / imag_action_mean 8.1 / imag_action_std 4.6 / imag_action_min 0.0 / imag_action_max 17.0 / actor_entropy 0.3 / actor_loss 0.7 / actor_grad_norm 3.2 / value_loss 1.5 / value_grad_norm 1.4 / update_count 26776.0 / fps 12.8
add_video needs package moviepy
add_video needs package moviepy
[117328] 
Start evaluation.
[117328] eval_return 2984.0 / eval_length 1448.6 / eval_episodes 5.0
add_video needs package moviepy
Start training.
[117328] model_loss 18.5 / model_grad_norm 27.3 / image_loss 9.4 / reward_loss 0.1 / cont_loss 0.0 / kl_free 1.0 / dyn_scale 0.5 / rep_scale 0.1 / dyn_loss 15.0 / rep_loss 15.0 / kl 15.0 / prior_abs_ent 30.8 / post_abs_ent -27.2 / prior_obs_ent 19.1 / post_obs_ent 5.7 / boundary_ratio 0.0 / kl_mask 0.0 / normed_target_mean 0.5 / normed_target_std 0.3 / normed_target_min -0.1 / normed_target_max 1.2 / EMA_005 69.4 / EMA_095 508.0 / value_mean 304.8 / value_std 145.1 / value_min 13.1 / value_max 544.4 / target_mean 307.3 / target_std 146.9 / target_min 14.9 / target_max 589.8 / imag_reward_mean 1.1 / imag_reward_std 3.5 / imag_reward_min -0.0 / imag_reward_max 22.7 / imag_action_mean 7.9 / imag_action_std 4.6 / imag_action_min 0.0 / imag_action_max 17.0 / actor_entropy 0.3 / actor_loss 0.6 / actor_grad_norm 3.2 / value_loss 1.5 / value_grad_norm 1.4 / update_count 26932.0 / fps 12.4
add_video needs package moviepy
add_video needs package moviepy
[117952] 
Start evaluation.
[117952] eval_return 2714.0 / eval_length 1392.2 / eval_episodes 5.0
add_video needs package moviepy
Start training.
[117952] model_loss 18.5 / model_grad_norm 29.2 / image_loss 9.4 / reward_loss 0.1 / cont_loss 0.0 / kl_free 1.0 / dyn_scale 0.5 / rep_scale 0.1 / dyn_loss 15.0 / rep_loss 15.0 / kl 15.0 / prior_abs_ent 30.3 / post_abs_ent -27.3 / prior_obs_ent 19.1 / post_obs_ent 5.7 / boundary_ratio 0.0 / kl_mask 0.0 / normed_target_mean 0.5 / normed_target_std 0.3 / normed_target_min -0.1 / normed_target_max 1.2 / EMA_005 68.1 / EMA_095 510.2 / value_mean 308.6 / value_std 143.5 / value_min 9.0 / value_max 548.4 / target_mean 311.1 / target_std 145.3 / target_min 10.1 / target_max 597.4 / imag_reward_mean 1.1 / imag_reward_std 3.5 / imag_reward_min -0.0 / imag_reward_max 24.1 / imag_action_mean 7.9 / imag_action_std 4.5 / imag_action_min 0.0 / imag_action_max 17.0 / actor_entropy 0.3 / actor_loss 0.6 / actor_grad_norm 3.4 / value_loss 1.5 / value_grad_norm 1.4 / update_count 27088.0 / fps 12.5
add_video needs package moviepy
add_video needs package moviepy
[118576] 
Start evaluation.
[118576] eval_return 2672.0 / eval_length 1358.8 / eval_episodes 5.0
add_video needs package moviepy
Start training.
[118576] model_loss 18.4 / model_grad_norm 25.3 / image_loss 9.4 / reward_loss 0.1 / cont_loss 0.0 / kl_free 1.0 / dyn_scale 0.5 / rep_scale 0.1 / dyn_loss 14.9 / rep_loss 14.9 / kl 14.9 / prior_abs_ent 30.6 / post_abs_ent -27.3 / prior_obs_ent 19.1 / post_obs_ent 5.7 / boundary_ratio 0.0 / kl_mask 0.0 / normed_target_mean 0.6 / normed_target_std 0.3 / normed_target_min -0.1 / normed_target_max 1.2 / EMA_005 72.1 / EMA_095 515.9 / value_mean 315.8 / value_std 145.9 / value_min 13.6 / value_max 553.6 / target_mean 318.7 / target_std 147.7 / target_min 16.4 / target_max 601.1 / imag_reward_mean 1.1 / imag_reward_std 3.6 / imag_reward_min -0.0 / imag_reward_max 23.5 / imag_action_mean 7.9 / imag_action_std 4.5 / imag_action_min 0.0 / imag_action_max 17.0 / actor_entropy 0.3 / actor_loss 0.8 / actor_grad_norm 3.4 / value_loss 1.5 / value_grad_norm 1.4 / update_count 27244.0 / fps 12.7
add_video needs package moviepy
add_video needs package moviepy
[119200] 
Start evaluation.
[119200] eval_return 3016.0 / eval_length 1398.2 / eval_episodes 5.0
add_video needs package moviepy
Start training.
[119200] model_loss 18.4 / model_grad_norm 26.9 / image_loss 9.3 / reward_loss 0.1 / cont_loss 0.0 / kl_free 1.0 / dyn_scale 0.5 / rep_scale 0.1 / dyn_loss 15.0 / rep_loss 15.0 / kl 15.0 / prior_abs_ent 30.5 / post_abs_ent -27.3 / prior_obs_ent 18.7 / post_obs_ent 5.3 / boundary_ratio 0.0 / kl_mask 0.0 / normed_target_mean 0.6 / normed_target_std 0.3 / normed_target_min -0.1 / normed_target_max 1.2 / EMA_005 72.4 / EMA_095 520.5 / value_mean 318.6 / value_std 148.1 / value_min 10.9 / value_max 556.5 / target_mean 321.6 / target_std 149.8 / target_min 14.0 / target_max 603.4 / imag_reward_mean 1.1 / imag_reward_std 3.6 / imag_reward_min -0.0 / imag_reward_max 23.2 / imag_action_mean 7.7 / imag_action_std 4.5 / imag_action_min 0.0 / imag_action_max 17.0 / actor_entropy 0.3 / actor_loss 0.8 / actor_grad_norm 3.4 / value_loss 1.5 / value_grad_norm 1.3 / update_count 27400.0 / fps 12.5
add_video needs package moviepy
add_video needs package moviepy
[119824] 
Start evaluation.
[119824] eval_return 2222.0 / eval_length 1243.2 / eval_episodes 5.0
add_video needs package moviepy
Start training.
[119824] model_loss 18.4 / model_grad_norm 25.8 / image_loss 9.3 / reward_loss 0.1 / cont_loss 0.0 / kl_free 1.0 / dyn_scale 0.5 / rep_scale 0.1 / dyn_loss 15.1 / rep_loss 15.1 / kl 15.1 / prior_abs_ent 30.7 / post_abs_ent -27.3 / prior_obs_ent 19.0 / post_obs_ent 5.5 / boundary_ratio 0.0 / kl_mask 0.0 / normed_target_mean 0.5 / normed_target_std 0.3 / normed_target_min -0.1 / normed_target_max 1.2 / EMA_005 69.0 / EMA_095 521.5 / value_mean 311.4 / value_std 148.0 / value_min 9.2 / value_max 557.1 / target_mean 314.1 / target_std 149.5 / target_min 11.0 / target_max 600.6 / imag_reward_mean 1.1 / imag_reward_std 3.6 / imag_reward_min -0.0 / imag_reward_max 23.4 / imag_action_mean 7.4 / imag_action_std 4.5 / imag_action_min 0.0 / imag_action_max 17.0 / actor_entropy 0.3 / actor_loss 0.6 / actor_grad_norm 3.3 / value_loss 1.6 / value_grad_norm 1.4 / update_count 27556.0 / fps 13.0
add_video needs package moviepy
add_video needs package moviepy
[120072] dataset_size 30018.0 / train_return 3150.0 / train_length 1451.0 / train_episodes 21.0
[120448] 
Start evaluation.
[120448] eval_return 2762.0 / eval_length 1356.6 / eval_episodes 5.0
add_video needs package moviepy
Start training.
[120448] model_loss 18.3 / model_grad_norm 29.4 / image_loss 9.2 / reward_loss 0.1 / cont_loss 0.0 / kl_free 1.0 / dyn_scale 0.5 / rep_scale 0.1 / dyn_loss 15.0 / rep_loss 15.0 / kl 15.0 / prior_abs_ent 30.4 / post_abs_ent -27.2 / prior_obs_ent 19.4 / post_obs_ent 6.0 / boundary_ratio 0.0 / kl_mask 0.0 / normed_target_mean 0.5 / normed_target_std 0.3 / normed_target_min -0.1 / normed_target_max 1.2 / EMA_005 71.0 / EMA_095 523.6 / value_mean 316.2 / value_std 147.7 / value_min 8.8 / value_max 562.1 / target_mean 319.1 / target_std 149.0 / target_min 10.2 / target_max 603.4 / imag_reward_mean 1.1 / imag_reward_std 3.5 / imag_reward_min -0.0 / imag_reward_max 23.6 / imag_action_mean 7.5 / imag_action_std 4.5 / imag_action_min 0.0 / imag_action_max 17.0 / actor_entropy 0.3 / actor_loss 0.7 / actor_grad_norm 3.4 / value_loss 1.5 / value_grad_norm 1.4 / update_count 27712.0 / fps 12.5
add_video needs package moviepy
add_video needs package moviepy
[121072] 
Start evaluation.
[121072] eval_return 2852.0 / eval_length 1392.4 / eval_episodes 5.0
add_video needs package moviepy
Start training.
[121072] model_loss 18.2 / model_grad_norm 27.2 / image_loss 9.1 / reward_loss 0.1 / cont_loss 0.0 / kl_free 1.0 / dyn_scale 0.5 / rep_scale 0.1 / dyn_loss 15.0 / rep_loss 15.0 / kl 15.0 / prior_abs_ent 30.8 / post_abs_ent -27.4 / prior_obs_ent 19.2 / post_obs_ent 5.8 / boundary_ratio 0.0 / kl_mask 0.0 / normed_target_mean 0.5 / normed_target_std 0.3 / normed_target_min -0.1 / normed_target_max 1.2 / EMA_005 70.8 / EMA_095 526.8 / value_mean 317.6 / value_std 151.1 / value_min 7.3 / value_max 562.1 / target_mean 320.3 / target_std 152.7 / target_min 7.0 / target_max 606.6 / imag_reward_mean 1.1 / imag_reward_std 3.6 / imag_reward_min -0.0 / imag_reward_max 24.2 / imag_action_mean 7.4 / imag_action_std 4.5 / imag_action_min 0.0 / imag_action_max 17.0 / actor_entropy 0.3 / actor_loss 0.6 / actor_grad_norm 3.3 / value_loss 1.5 / value_grad_norm 1.4 / update_count 27868.0 / fps 12.5
add_video needs package moviepy
add_video needs package moviepy
[121696] 
Start evaluation.
[121696] eval_return 2776.0 / eval_length 1388.2 / eval_episodes 5.0
add_video needs package moviepy
Start training.
[121696] model_loss 18.3 / model_grad_norm 27.0 / image_loss 9.2 / reward_loss 0.1 / cont_loss 0.0 / kl_free 1.0 / dyn_scale 0.5 / rep_scale 0.1 / dyn_loss 15.1 / rep_loss 15.1 / kl 15.1 / prior_abs_ent 30.5 / post_abs_ent -27.2 / prior_obs_ent 19.5 / post_obs_ent 6.0 / boundary_ratio 0.0 / kl_mask 0.0 / normed_target_mean 0.6 / normed_target_std 0.3 / normed_target_min -0.1 / normed_target_max 1.2 / EMA_005 72.9 / EMA_095 529.4 / value_mean 323.6 / value_std 149.7 / value_min 12.9 / value_max 568.1 / target_mean 325.9 / target_std 151.2 / target_min 14.7 / target_max 611.4 / imag_reward_mean 1.1 / imag_reward_std 3.6 / imag_reward_min -0.0 / imag_reward_max 22.6 / imag_action_mean 7.3 / imag_action_std 4.5 / imag_action_min 0.0 / imag_action_max 17.0 / actor_entropy 0.3 / actor_loss 0.5 / actor_grad_norm 3.3 / value_loss 1.5 / value_grad_norm 1.5 / update_count 28024.0 / fps 12.6
add_video needs package moviepy
add_video needs package moviepy
[122320] 
Start evaluation.
[122320] eval_return 2546.0 / eval_length 1309.0 / eval_episodes 5.0
add_video needs package moviepy
Start training.
[122320] model_loss 18.4 / model_grad_norm 27.2 / image_loss 9.2 / reward_loss 0.1 / cont_loss 0.0 / kl_free 1.0 / dyn_scale 0.5 / rep_scale 0.1 / dyn_loss 15.2 / rep_loss 15.2 / kl 15.2 / prior_abs_ent 30.6 / post_abs_ent -27.2 / prior_obs_ent 19.6 / post_obs_ent 6.1 / boundary_ratio 0.0 / kl_mask 0.0 / normed_target_mean 0.6 / normed_target_std 0.3 / normed_target_min -0.1 / normed_target_max 1.2 / EMA_005 73.7 / EMA_095 532.4 / value_mean 325.8 / value_std 149.3 / value_min 11.7 / value_max 570.3 / target_mean 328.2 / target_std 150.6 / target_min 14.1 / target_max 608.5 / imag_reward_mean 1.1 / imag_reward_std 3.6 / imag_reward_min -0.0 / imag_reward_max 24.7 / imag_action_mean 7.3 / imag_action_std 4.5 / imag_action_min 0.0 / imag_action_max 17.0 / actor_entropy 0.3 / actor_loss 0.5 / actor_grad_norm 3.4 / value_loss 1.5 / value_grad_norm 1.3 / update_count 28180.0 / fps 12.9
add_video needs package moviepy
add_video needs package moviepy
[122944] 
Start evaluation.
[122944] eval_return 2810.0 / eval_length 1261.8 / eval_episodes 5.0
add_video needs package moviepy
Start training.
[122944] model_loss 18.3 / model_grad_norm 29.8 / image_loss 9.2 / reward_loss 0.1 / cont_loss 0.0 / kl_free 1.0 / dyn_scale 0.5 / rep_scale 0.1 / dyn_loss 15.1 / rep_loss 15.1 / kl 15.1 / prior_abs_ent 30.4 / post_abs_ent -27.2 / prior_obs_ent 19.8 / post_obs_ent 6.2 / boundary_ratio 0.0 / kl_mask 0.0 / normed_target_mean 0.6 / normed_target_std 0.3 / normed_target_min -0.1 / normed_target_max 1.2 / EMA_005 73.9 / EMA_095 535.6 / value_mean 330.4 / value_std 150.5 / value_min 10.1 / value_max 575.2 / target_mean 332.9 / target_std 152.2 / target_min 10.9 / target_max 616.7 / imag_reward_mean 1.1 / imag_reward_std 3.6 / imag_reward_min -0.0 / imag_reward_max 23.0 / imag_action_mean 7.3 / imag_action_std 4.6 / imag_action_min 0.0 / imag_action_max 17.0 / actor_entropy 0.3 / actor_loss 0.5 / actor_grad_norm 3.3 / value_loss 1.5 / value_grad_norm 1.4 / update_count 28336.0 / fps 12.9
add_video needs package moviepy
add_video needs package moviepy
[123568] 
Start evaluation.
[123568] eval_return 3190.0 / eval_length 1348.2 / eval_episodes 5.0
add_video needs package moviepy
Start training.
[123568] model_loss 18.3 / model_grad_norm 27.2 / image_loss 9.1 / reward_loss 0.1 / cont_loss 0.0 / kl_free 1.0 / dyn_scale 0.5 / rep_scale 0.1 / dyn_loss 15.1 / rep_loss 15.1 / kl 15.1 / prior_abs_ent 30.2 / post_abs_ent -27.1 / prior_obs_ent 19.5 / post_obs_ent 6.0 / boundary_ratio 0.0 / kl_mask 0.0 / normed_target_mean 0.6 / normed_target_std 0.3 / normed_target_min -0.1 / normed_target_max 1.2 / EMA_005 74.6 / EMA_095 538.3 / value_mean 335.1 / value_std 153.5 / value_min 12.5 / value_max 579.2 / target_mean 337.4 / target_std 155.0 / target_min 14.0 / target_max 615.5 / imag_reward_mean 1.1 / imag_reward_std 3.6 / imag_reward_min -0.0 / imag_reward_max 22.7 / imag_action_mean 7.3 / imag_action_std 4.6 / imag_action_min 0.0 / imag_action_max 17.0 / actor_entropy 0.3 / actor_loss 0.5 / actor_grad_norm 3.4 / value_loss 1.5 / value_grad_norm 1.4 / update_count 28492.0 / fps 12.8
add_video needs package moviepy
add_video needs package moviepy
[124192] 
Start evaluation.
[124192] eval_return 2892.0 / eval_length 1325.4 / eval_episodes 5.0
add_video needs package moviepy
Start training.
[124192] model_loss 18.5 / model_grad_norm 30.8 / image_loss 9.3 / reward_loss 0.1 / cont_loss 0.0 / kl_free 1.0 / dyn_scale 0.5 / rep_scale 0.1 / dyn_loss 15.3 / rep_loss 15.3 / kl 15.3 / prior_abs_ent 30.3 / post_abs_ent -27.2 / prior_obs_ent 19.6 / post_obs_ent 6.0 / boundary_ratio 0.0 / kl_mask 0.0 / normed_target_mean 0.6 / normed_target_std 0.3 / normed_target_min -0.1 / normed_target_max 1.2 / EMA_005 77.5 / EMA_095 542.1 / value_mean 337.1 / value_std 150.7 / value_min 15.0 / value_max 584.4 / target_mean 339.8 / target_std 151.9 / target_min 17.0 / target_max 622.6 / imag_reward_mean 1.1 / imag_reward_std 3.6 / imag_reward_min -0.0 / imag_reward_max 24.9 / imag_action_mean 7.4 / imag_action_std 4.6 / imag_action_min 0.0 / imag_action_max 17.0 / actor_entropy 0.3 / actor_loss 0.6 / actor_grad_norm 3.5 / value_loss 1.5 / value_grad_norm 1.3 / update_count 28648.0 / fps 12.8
add_video needs package moviepy
add_video needs package moviepy
[124816] 
Start evaluation.
[124816] eval_return 2596.0 / eval_length 1386.0 / eval_episodes 5.0
add_video needs package moviepy
Start training.
[124816] model_loss 18.4 / model_grad_norm 31.0 / image_loss 9.2 / reward_loss 0.1 / cont_loss 0.0 / kl_free 1.0 / dyn_scale 0.5 / rep_scale 0.1 / dyn_loss 15.3 / rep_loss 15.3 / kl 15.3 / prior_abs_ent 30.8 / post_abs_ent -27.3 / prior_obs_ent 19.9 / post_obs_ent 6.2 / boundary_ratio 0.0 / kl_mask 0.0 / normed_target_mean 0.6 / normed_target_std 0.3 / normed_target_min -0.1 / normed_target_max 1.2 / EMA_005 81.4 / EMA_095 543.4 / value_mean 338.7 / value_std 153.5 / value_min 14.3 / value_max 588.5 / target_mean 340.6 / target_std 154.9 / target_min 15.4 / target_max 620.7 / imag_reward_mean 1.1 / imag_reward_std 3.6 / imag_reward_min -0.0 / imag_reward_max 23.7 / imag_action_mean 7.4 / imag_action_std 4.6 / imag_action_min 0.0 / imag_action_max 17.0 / actor_entropy 0.3 / actor_loss 0.4 / actor_grad_norm 3.6 / value_loss 1.5 / value_grad_norm 1.4 / update_count 28804.0 / fps 12.6
add_video needs package moviepy
add_video needs package moviepy
[125044] dataset_size 31261.0 / train_return 2210.0 / train_length 1243.0 / train_episodes 22.0
[125440] 
Start evaluation.
[125440] eval_return 3482.0 / eval_length 1615.2 / eval_episodes 5.0
add_video needs package moviepy
Start training.
[125440] model_loss 18.2 / model_grad_norm 23.7 / image_loss 9.1 / reward_loss 0.1 / cont_loss 0.0 / kl_free 1.0 / dyn_scale 0.5 / rep_scale 0.1 / dyn_loss 15.1 / rep_loss 15.1 / kl 15.1 / prior_abs_ent 30.6 / post_abs_ent -27.2 / prior_obs_ent 19.0 / post_obs_ent 5.4 / boundary_ratio 0.0 / kl_mask 0.0 / normed_target_mean 0.6 / normed_target_std 0.3 / normed_target_min -0.1 / normed_target_max 1.2 / EMA_005 77.6 / EMA_095 544.4 / value_mean 343.1 / value_std 153.8 / value_min 13.0 / value_max 591.1 / target_mean 345.3 / target_std 155.5 / target_min 13.0 / target_max 622.3 / imag_reward_mean 1.2 / imag_reward_std 3.7 / imag_reward_min -0.0 / imag_reward_max 23.1 / imag_action_mean 7.3 / imag_action_std 4.6 / imag_action_min 0.0 / imag_action_max 17.0 / actor_entropy 0.3 / actor_loss 0.5 / actor_grad_norm 3.4 / value_loss 1.5 / value_grad_norm 1.4 / update_count 28960.0 / fps 11.9
add_video needs package moviepy
add_video needs package moviepy
[126064] 
Start evaluation.
[126064] eval_return 2890.0 / eval_length 1354.0 / eval_episodes 5.0
add_video needs package moviepy
Start training.
[126064] model_loss 18.1 / model_grad_norm 27.2 / image_loss 8.9 / reward_loss 0.1 / cont_loss 0.0 / kl_free 1.0 / dyn_scale 0.5 / rep_scale 0.1 / dyn_loss 15.2 / rep_loss 15.2 / kl 15.2 / prior_abs_ent 30.4 / post_abs_ent -27.2 / prior_obs_ent 19.2 / post_obs_ent 5.6 / boundary_ratio 0.0 / kl_mask 0.0 / normed_target_mean 0.6 / normed_target_std 0.3 / normed_target_min -0.1 / normed_target_max 1.2 / EMA_005 78.3 / EMA_095 547.9 / value_mean 335.1 / value_std 156.2 / value_min 12.0 / value_max 596.7 / target_mean 337.5 / target_std 157.6 / target_min 14.0 / target_max 628.6 / imag_reward_mean 1.1 / imag_reward_std 3.6 / imag_reward_min -0.0 / imag_reward_max 23.0 / imag_action_mean 7.4 / imag_action_std 4.6 / imag_action_min 0.0 / imag_action_max 17.0 / actor_entropy 0.3 / actor_loss 0.5 / actor_grad_norm 3.5 / value_loss 1.5 / value_grad_norm 1.4 / update_count 29116.0 / fps 12.7
add_video needs package moviepy
add_video needs package moviepy
[126688] 
Start evaluation.
[126688] eval_return 2894.0 / eval_length 1220.2 / eval_episodes 5.0
add_video needs package moviepy
Start training.
[126688] model_loss 18.1 / model_grad_norm 27.6 / image_loss 8.9 / reward_loss 0.1 / cont_loss 0.0 / kl_free 1.0 / dyn_scale 0.5 / rep_scale 0.1 / dyn_loss 15.1 / rep_loss 15.1 / kl 15.1 / prior_abs_ent 30.3 / post_abs_ent -27.2 / prior_obs_ent 19.3 / post_obs_ent 5.7 / boundary_ratio 0.0 / kl_mask 0.0 / normed_target_mean 0.6 / normed_target_std 0.3 / normed_target_min -0.1 / normed_target_max 1.2 / EMA_005 77.4 / EMA_095 550.7 / value_mean 342.8 / value_std 156.4 / value_min 14.3 / value_max 604.5 / target_mean 344.9 / target_std 158.0 / target_min 16.0 / target_max 635.4 / imag_reward_mean 1.1 / imag_reward_std 3.6 / imag_reward_min -0.0 / imag_reward_max 23.9 / imag_action_mean 7.5 / imag_action_std 4.6 / imag_action_min 0.0 / imag_action_max 17.0 / actor_entropy 0.3 / actor_loss 0.4 / actor_grad_norm 3.3 / value_loss 1.4 / value_grad_norm 1.3 / update_count 29272.0 / fps 13.1
add_video needs package moviepy
add_video needs package moviepy
[127312] 
Start evaluation.
[127312] eval_return 3032.0 / eval_length 1336.0 / eval_episodes 5.0
add_video needs package moviepy
Start training.
[127312] model_loss 18.5 / model_grad_norm 34.4 / image_loss 9.1 / reward_loss 0.1 / cont_loss 0.0 / kl_free 1.0 / dyn_scale 0.5 / rep_scale 0.1 / dyn_loss 15.4 / rep_loss 15.4 / kl 15.4 / prior_abs_ent 29.7 / post_abs_ent -27.2 / prior_obs_ent 20.2 / post_obs_ent 6.4 / boundary_ratio 0.0 / kl_mask 0.0 / normed_target_mean 0.6 / normed_target_std 0.3 / normed_target_min -0.1 / normed_target_max 1.2 / EMA_005 81.4 / EMA_095 553.7 / value_mean 349.4 / value_std 154.9 / value_min 13.4 / value_max 604.5 / target_mean 351.5 / target_std 156.3 / target_min 16.1 / target_max 634.1 / imag_reward_mean 1.1 / imag_reward_std 3.7 / imag_reward_min -0.0 / imag_reward_max 24.3 / imag_action_mean 7.6 / imag_action_std 4.6 / imag_action_min 0.0 / imag_action_max 17.0 / actor_entropy 0.3 / actor_loss 0.5 / actor_grad_norm 3.6 / value_loss 1.5 / value_grad_norm 1.3 / update_count 29428.0 / fps 12.7
add_video needs package moviepy
add_video needs package moviepy
[127936] 
Start evaluation.
[127936] eval_return 2788.0 / eval_length 1375.0 / eval_episodes 5.0
add_video needs package moviepy
Start training.
[127936] model_loss 17.8 / model_grad_norm 25.3 / image_loss 8.8 / reward_loss 0.1 / cont_loss 0.0 / kl_free 1.0 / dyn_scale 0.5 / rep_scale 0.1 / dyn_loss 15.0 / rep_loss 15.0 / kl 15.0 / prior_abs_ent 30.1 / post_abs_ent -27.3 / prior_obs_ent 18.1 / post_obs_ent 4.7 / boundary_ratio 0.0 / kl_mask 0.0 / normed_target_mean 0.6 / normed_target_std 0.3 / normed_target_min -0.1 / normed_target_max 1.2 / EMA_005 80.4 / EMA_095 556.7 / value_mean 347.4 / value_std 157.3 / value_min 12.2 / value_max 607.3 / target_mean 349.8 / target_std 158.5 / target_min 13.6 / target_max 637.9 / imag_reward_mean 1.1 / imag_reward_std 3.7 / imag_reward_min -0.0 / imag_reward_max 24.3 / imag_action_mean 7.5 / imag_action_std 4.5 / imag_action_min 0.0 / imag_action_max 17.0 / actor_entropy 0.3 / actor_loss 0.5 / actor_grad_norm 3.5 / value_loss 1.5 / value_grad_norm 1.3 / update_count 29584.0 / fps 12.6
add_video needs package moviepy
add_video needs package moviepy
[128560] 
Start evaluation.
[128560] eval_return 2886.0 / eval_length 1325.8 / eval_episodes 5.0
add_video needs package moviepy
Start training.
[128560] model_loss 17.8 / model_grad_norm 28.1 / image_loss 8.7 / reward_loss 0.1 / cont_loss 0.0 / kl_free 1.0 / dyn_scale 0.5 / rep_scale 0.1 / dyn_loss 15.1 / rep_loss 15.1 / kl 15.1 / prior_abs_ent 30.0 / post_abs_ent -27.4 / prior_obs_ent 18.7 / post_obs_ent 5.3 / boundary_ratio 0.0 / kl_mask 0.0 / normed_target_mean 0.6 / normed_target_std 0.3 / normed_target_min -0.1 / normed_target_max 1.2 / EMA_005 83.3 / EMA_095 559.7 / value_mean 349.3 / value_std 155.6 / value_min 16.4 / value_max 610.9 / target_mean 351.5 / target_std 157.2 / target_min 18.0 / target_max 643.4 / imag_reward_mean 1.2 / imag_reward_std 3.7 / imag_reward_min -0.0 / imag_reward_max 24.8 / imag_action_mean 7.4 / imag_action_std 4.6 / imag_action_min 0.0 / imag_action_max 17.0 / actor_entropy 0.3 / actor_loss 0.5 / actor_grad_norm 3.4 / value_loss 1.4 / value_grad_norm 1.3 / update_count 29740.0 / fps 12.8
add_video needs package moviepy
add_video needs package moviepy
[129184] 
Start evaluation.
[129184] eval_return 3270.0 / eval_length 1592.8 / eval_episodes 5.0
add_video needs package moviepy
Start training.
[129184] model_loss 18.0 / model_grad_norm 28.2 / image_loss 8.8 / reward_loss 0.1 / cont_loss 0.0 / kl_free 1.0 / dyn_scale 0.5 / rep_scale 0.1 / dyn_loss 15.2 / rep_loss 15.2 / kl 15.2 / prior_abs_ent 30.0 / post_abs_ent -27.4 / prior_obs_ent 18.8 / post_obs_ent 5.3 / boundary_ratio 0.0 / kl_mask 0.0 / normed_target_mean 0.6 / normed_target_std 0.3 / normed_target_min -0.2 / normed_target_max 1.2 / EMA_005 83.6 / EMA_095 561.6 / value_mean 349.1 / value_std 158.5 / value_min 10.9 / value_max 613.5 / target_mean 351.4 / target_std 160.1 / target_min 11.0 / target_max 646.6 / imag_reward_mean 1.2 / imag_reward_std 3.7 / imag_reward_min -0.0 / imag_reward_max 24.5 / imag_action_mean 7.5 / imag_action_std 4.5 / imag_action_min 0.0 / imag_action_max 17.0 / actor_entropy 0.3 / actor_loss 0.5 / actor_grad_norm 3.4 / value_loss 1.4 / value_grad_norm 1.3 / update_count 29896.0 / fps 12.0
add_video needs package moviepy
add_video needs package moviepy
[129808] 
Start evaluation.
[129808] eval_return 2580.0 / eval_length 1204.6 / eval_episodes 5.0
add_video needs package moviepy
Start training.
[129808] model_loss 17.9 / model_grad_norm 26.6 / image_loss 8.8 / reward_loss 0.1 / cont_loss 0.0 / kl_free 1.0 / dyn_scale 0.5 / rep_scale 0.1 / dyn_loss 15.1 / rep_loss 15.1 / kl 15.1 / prior_abs_ent 30.2 / post_abs_ent -27.4 / prior_obs_ent 18.5 / post_obs_ent 5.0 / boundary_ratio 0.0 / kl_mask 0.0 / normed_target_mean 0.6 / normed_target_std 0.3 / normed_target_min -0.1 / normed_target_max 1.2 / EMA_005 83.1 / EMA_095 564.6 / value_mean 348.2 / value_std 158.7 / value_min 13.1 / value_max 614.2 / target_mean 350.8 / target_std 160.2 / target_min 13.8 / target_max 644.6 / imag_reward_mean 1.2 / imag_reward_std 3.7 / imag_reward_min -0.0 / imag_reward_max 23.9 / imag_action_mean 7.2 / imag_action_std 4.6 / imag_action_min 0.0 / imag_action_max 17.0 / actor_entropy 0.3 / actor_loss 0.6 / actor_grad_norm 3.4 / value_loss 1.4 / value_grad_norm 1.3 / update_count 30052.0 / fps 13.0
add_video needs package moviepy
add_video needs package moviepy
[130432] 
Start evaluation.
[130432] eval_return 2550.0 / eval_length 1206.0 / eval_episodes 5.0
add_video needs package moviepy
Start training.
[130432] model_loss 17.8 / model_grad_norm 23.3 / image_loss 8.6 / reward_loss 0.1 / cont_loss 0.0 / kl_free 1.0 / dyn_scale 0.5 / rep_scale 0.1 / dyn_loss 15.2 / rep_loss 15.2 / kl 15.2 / prior_abs_ent 30.2 / post_abs_ent -27.3 / prior_obs_ent 18.7 / post_obs_ent 5.1 / boundary_ratio 0.0 / kl_mask 0.0 / normed_target_mean 0.6 / normed_target_std 0.3 / normed_target_min -0.1 / normed_target_max 1.2 / EMA_005 81.8 / EMA_095 565.7 / value_mean 353.0 / value_std 158.6 / value_min 14.3 / value_max 615.9 / target_mean 355.4 / target_std 160.2 / target_min 16.0 / target_max 649.4 / imag_reward_mean 1.2 / imag_reward_std 3.7 / imag_reward_min -0.0 / imag_reward_max 23.2 / imag_action_mean 7.2 / imag_action_std 4.6 / imag_action_min 0.0 / imag_action_max 17.0 / actor_entropy 0.3 / actor_loss 0.5 / actor_grad_norm 3.4 / value_loss 1.4 / value_grad_norm 1.3 / update_count 30208.0 / fps 13.0
add_video needs package moviepy
add_video needs package moviepy
[131056] 
Start evaluation.
[131056] eval_return 2614.0 / eval_length 1275.4 / eval_episodes 5.0
add_video needs package moviepy
Start training.
[131056] model_loss 17.9 / model_grad_norm 28.2 / image_loss 8.6 / reward_loss 0.1 / cont_loss 0.0 / kl_free 1.0 / dyn_scale 0.5 / rep_scale 0.1 / dyn_loss 15.2 / rep_loss 15.2 / kl 15.2 / prior_abs_ent 30.4 / post_abs_ent -27.3 / prior_obs_ent 18.7 / post_obs_ent 5.1 / boundary_ratio 0.0 / kl_mask 0.0 / normed_target_mean 0.6 / normed_target_std 0.3 / normed_target_min -0.1 / normed_target_max 1.2 / EMA_005 80.6 / EMA_095 569.2 / value_mean 355.3 / value_std 160.2 / value_min 8.0 / value_max 617.1 / target_mean 357.3 / target_std 161.7 / target_min 10.5 / target_max 649.3 / imag_reward_mean 1.2 / imag_reward_std 3.7 / imag_reward_min -0.0 / imag_reward_max 23.5 / imag_action_mean 7.2 / imag_action_std 4.6 / imag_action_min 0.0 / imag_action_max 17.0 / actor_entropy 0.3 / actor_loss 0.4 / actor_grad_norm 3.5 / value_loss 1.4 / value_grad_norm 1.3 / update_count 30364.0 / fps 12.8
add_video needs package moviepy
add_video needs package moviepy
[131680] 
Start evaluation.
[131680] eval_return 2840.0 / eval_length 1331.8 / eval_episodes 5.0
add_video needs package moviepy
Start training.
[131680] model_loss 17.9 / model_grad_norm 29.0 / image_loss 8.7 / reward_loss 0.1 / cont_loss 0.0 / kl_free 1.0 / dyn_scale 0.5 / rep_scale 0.1 / dyn_loss 15.3 / rep_loss 15.3 / kl 15.3 / prior_abs_ent 30.4 / post_abs_ent -27.3 / prior_obs_ent 19.0 / post_obs_ent 5.3 / boundary_ratio 0.0 / kl_mask 0.0 / normed_target_mean 0.6 / normed_target_std 0.3 / normed_target_min -0.1 / normed_target_max 1.2 / EMA_005 78.3 / EMA_095 570.2 / value_mean 349.9 / value_std 160.1 / value_min 8.8 / value_max 619.1 / target_mean 352.1 / target_std 161.5 / target_min 8.6 / target_max 654.2 / imag_reward_mean 1.1 / imag_reward_std 3.7 / imag_reward_min -0.0 / imag_reward_max 23.7 / imag_action_mean 7.1 / imag_action_std 4.6 / imag_action_min 0.0 / imag_action_max 17.0 / actor_entropy 0.3 / actor_loss 0.4 / actor_grad_norm 3.4 / value_loss 1.5 / value_grad_norm 1.4 / update_count 30520.0 / fps 12.6
add_video needs package moviepy
add_video needs package moviepy
[132304] 
Start evaluation.
[132304] eval_return 2550.0 / eval_length 1292.8 / eval_episodes 5.0
add_video needs package moviepy
Start training.
[132304] model_loss 17.9 / model_grad_norm 28.1 / image_loss 8.6 / reward_loss 0.1 / cont_loss 0.0 / kl_free 1.0 / dyn_scale 0.5 / rep_scale 0.1 / dyn_loss 15.3 / rep_loss 15.3 / kl 15.3 / prior_abs_ent 30.4 / post_abs_ent -27.4 / prior_obs_ent 18.8 / post_obs_ent 5.1 / boundary_ratio 0.0 / kl_mask 0.0 / normed_target_mean 0.6 / normed_target_std 0.3 / normed_target_min -0.1 / normed_target_max 1.2 / EMA_005 78.6 / EMA_095 571.3 / value_mean 347.9 / value_std 159.9 / value_min 11.8 / value_max 617.4 / target_mean 350.0 / target_std 161.4 / target_min 12.6 / target_max 651.3 / imag_reward_mean 1.1 / imag_reward_std 3.6 / imag_reward_min -0.0 / imag_reward_max 23.5 / imag_action_mean 7.1 / imag_action_std 4.6 / imag_action_min 0.0 / imag_action_max 17.0 / actor_entropy 0.3 / actor_loss 0.5 / actor_grad_norm 3.7 / value_loss 1.5 / value_grad_norm 1.4 / update_count 30676.0 / fps 12.8
add_video needs package moviepy
add_video needs package moviepy
[132928] 
Start evaluation.
[132928] eval_return 2616.0 / eval_length 1247.6 / eval_episodes 5.0
add_video needs package moviepy
Start training.
[132928] model_loss 17.8 / model_grad_norm 27.3 / image_loss 8.6 / reward_loss 0.1 / cont_loss 0.0 / kl_free 1.0 / dyn_scale 0.5 / rep_scale 0.1 / dyn_loss 15.3 / rep_loss 15.3 / kl 15.3 / prior_abs_ent 30.5 / post_abs_ent -27.2 / prior_obs_ent 19.2 / post_obs_ent 5.5 / boundary_ratio 0.0 / kl_mask 0.0 / normed_target_mean 0.6 / normed_target_std 0.3 / normed_target_min -0.1 / normed_target_max 1.2 / EMA_005 77.0 / EMA_095 571.8 / value_mean 355.2 / value_std 160.3 / value_min 14.3 / value_max 616.9 / target_mean 357.3 / target_std 161.8 / target_min 14.2 / target_max 649.9 / imag_reward_mean 1.1 / imag_reward_std 3.7 / imag_reward_min -0.0 / imag_reward_max 24.4 / imag_action_mean 7.0 / imag_action_std 4.6 / imag_action_min 0.0 / imag_action_max 17.0 / actor_entropy 0.3 / actor_loss 0.5 / actor_grad_norm 3.5 / value_loss 1.4 / value_grad_norm 1.3 / update_count 30832.0 / fps 12.9
add_video needs package moviepy
add_video needs package moviepy
[133528] dataset_size 33382.0 / train_return 4000.0 / train_length 2121.0 / train_episodes 23.0
[133552] 
Start evaluation.
[133552] eval_return 3234.0 / eval_length 1386.6 / eval_episodes 5.0
add_video needs package moviepy
Start training.
[133552] model_loss 18.0 / model_grad_norm 26.5 / image_loss 8.6 / reward_loss 0.1 / cont_loss 0.0 / kl_free 1.0 / dyn_scale 0.5 / rep_scale 0.1 / dyn_loss 15.5 / rep_loss 15.5 / kl 15.5 / prior_abs_ent 30.6 / post_abs_ent -27.3 / prior_obs_ent 18.9 / post_obs_ent 5.1 / boundary_ratio 0.0 / kl_mask 0.0 / normed_target_mean 0.6 / normed_target_std 0.3 / normed_target_min -0.1 / normed_target_max 1.2 / EMA_005 79.4 / EMA_095 572.3 / value_mean 354.0 / value_std 160.0 / value_min 11.4 / value_max 620.4 / target_mean 356.0 / target_std 161.5 / target_min 11.8 / target_max 655.0 / imag_reward_mean 1.2 / imag_reward_std 3.7 / imag_reward_min -0.0 / imag_reward_max 24.9 / imag_action_mean 7.0 / imag_action_std 4.6 / imag_action_min 0.0 / imag_action_max 17.0 / actor_entropy 0.3 / actor_loss 0.4 / actor_grad_norm 3.6 / value_loss 1.5 / value_grad_norm 1.3 / update_count 30988.0 / fps 12.4
add_video needs package moviepy
add_video needs package moviepy
[134176] 
Start evaluation.
[134176] eval_return 2320.0 / eval_length 1206.4 / eval_episodes 5.0
add_video needs package moviepy
Start training.
[134176] model_loss 17.8 / model_grad_norm 29.6 / image_loss 8.5 / reward_loss 0.1 / cont_loss 0.0 / kl_free 1.0 / dyn_scale 0.5 / rep_scale 0.1 / dyn_loss 15.4 / rep_loss 15.4 / kl 15.4 / prior_abs_ent 30.6 / post_abs_ent -27.3 / prior_obs_ent 19.0 / post_obs_ent 5.3 / boundary_ratio 0.0 / kl_mask 0.0 / normed_target_mean 0.6 / normed_target_std 0.3 / normed_target_min -0.1 / normed_target_max 1.2 / EMA_005 78.0 / EMA_095 573.0 / value_mean 356.2 / value_std 159.4 / value_min 13.4 / value_max 620.2 / target_mean 358.6 / target_std 160.7 / target_min 15.3 / target_max 654.3 / imag_reward_mean 1.2 / imag_reward_std 3.7 / imag_reward_min -0.0 / imag_reward_max 23.3 / imag_action_mean 7.2 / imag_action_std 4.6 / imag_action_min 0.0 / imag_action_max 17.0 / actor_entropy 0.3 / actor_loss 0.5 / actor_grad_norm 3.7 / value_loss 1.5 / value_grad_norm 1.4 / update_count 31144.0 / fps 13.1
add_video needs package moviepy
add_video needs package moviepy
[134800] 
Start evaluation.
[134800] eval_return 2980.0 / eval_length 1320.8 / eval_episodes 5.0
add_video needs package moviepy
Start training.
[134800] model_loss 17.9 / model_grad_norm 29.7 / image_loss 8.5 / reward_loss 0.1 / cont_loss 0.0 / kl_free 1.0 / dyn_scale 0.5 / rep_scale 0.1 / dyn_loss 15.5 / rep_loss 15.5 / kl 15.5 / prior_abs_ent 30.6 / post_abs_ent -27.4 / prior_obs_ent 19.1 / post_obs_ent 5.2 / boundary_ratio 0.0 / kl_mask 0.0 / normed_target_mean 0.6 / normed_target_std 0.3 / normed_target_min -0.1 / normed_target_max 1.2 / EMA_005 78.9 / EMA_095 576.5 / value_mean 359.6 / value_std 162.3 / value_min 15.0 / value_max 623.3 / target_mean 361.9 / target_std 163.7 / target_min 15.9 / target_max 659.6 / imag_reward_mean 1.2 / imag_reward_std 3.7 / imag_reward_min -0.0 / imag_reward_max 23.3 / imag_action_mean 7.0 / imag_action_std 4.6 / imag_action_min 0.0 / imag_action_max 17.0 / actor_entropy 0.3 / actor_loss 0.5 / actor_grad_norm 3.7 / value_loss 1.5 / value_grad_norm 1.4 / update_count 31300.0 / fps 12.8
add_video needs package moviepy
add_video needs package moviepy
[135424] 
Start evaluation.
[135424] eval_return 3158.0 / eval_length 1456.4 / eval_episodes 5.0
add_video needs package moviepy
Start training.
[135424] model_loss 17.9 / model_grad_norm 26.6 / image_loss 8.4 / reward_loss 0.1 / cont_loss 0.0 / kl_free 1.0 / dyn_scale 0.5 / rep_scale 0.1 / dyn_loss 15.6 / rep_loss 15.6 / kl 15.6 / prior_abs_ent 30.9 / post_abs_ent -27.4 / prior_obs_ent 19.2 / post_obs_ent 5.2 / boundary_ratio 0.0 / kl_mask 0.0 / normed_target_mean 0.6 / normed_target_std 0.3 / normed_target_min -0.1 / normed_target_max 1.2 / EMA_005 75.5 / EMA_095 578.2 / value_mean 351.7 / value_std 161.7 / value_min 10.2 / value_max 621.5 / target_mean 353.4 / target_std 163.1 / target_min 10.3 / target_max 657.6 / imag_reward_mean 1.2 / imag_reward_std 3.7 / imag_reward_min -0.0 / imag_reward_max 24.8 / imag_action_mean 7.0 / imag_action_std 4.5 / imag_action_min 0.0 / imag_action_max 17.0 / actor_entropy 0.3 / actor_loss 0.3 / actor_grad_norm 3.8 / value_loss 1.5 / value_grad_norm 1.4 / update_count 31456.0 / fps 12.3
add_video needs package moviepy
add_video needs package moviepy
[136048] 
Start evaluation.
[136048] eval_return 2266.0 / eval_length 1282.0 / eval_episodes 5.0
add_video needs package moviepy
Start training.
[136048] model_loss 17.7 / model_grad_norm 26.6 / image_loss 8.4 / reward_loss 0.1 / cont_loss 0.0 / kl_free 1.0 / dyn_scale 0.5 / rep_scale 0.1 / dyn_loss 15.4 / rep_loss 15.4 / kl 15.4 / prior_abs_ent 30.5 / post_abs_ent -27.3 / prior_obs_ent 18.7 / post_obs_ent 4.9 / boundary_ratio 0.0 / kl_mask 0.0 / normed_target_mean 0.6 / normed_target_std 0.3 / normed_target_min -0.1 / normed_target_max 1.2 / EMA_005 77.1 / EMA_095 578.7 / value_mean 357.5 / value_std 159.6 / value_min 11.4 / value_max 622.9 / target_mean 359.3 / target_std 161.1 / target_min 14.7 / target_max 661.6 / imag_reward_mean 1.1 / imag_reward_std 3.6 / imag_reward_min -0.0 / imag_reward_max 24.0 / imag_action_mean 7.0 / imag_action_std 4.6 / imag_action_min 0.0 / imag_action_max 17.0 / actor_entropy 0.3 / actor_loss 0.3 / actor_grad_norm 3.5 / value_loss 1.5 / value_grad_norm 1.3 / update_count 31612.0 / fps 12.8
add_video needs package moviepy
add_video needs package moviepy
[136672] 
Start evaluation.
[136672] eval_return 2572.0 / eval_length 1462.2 / eval_episodes 5.0
add_video needs package moviepy
Start training.
[136672] model_loss 17.8 / model_grad_norm 26.2 / image_loss 8.4 / reward_loss 0.1 / cont_loss 0.0 / kl_free 1.0 / dyn_scale 0.5 / rep_scale 0.1 / dyn_loss 15.5 / rep_loss 15.5 / kl 15.5 / prior_abs_ent 30.3 / post_abs_ent -27.4 / prior_obs_ent 19.0 / post_obs_ent 5.2 / boundary_ratio 0.0 / kl_mask 0.0 / normed_target_mean 0.6 / normed_target_std 0.3 / normed_target_min -0.1 / normed_target_max 1.2 / EMA_005 76.6 / EMA_095 582.5 / value_mean 362.1 / value_std 161.9 / value_min 13.6 / value_max 624.7 / target_mean 364.4 / target_std 163.5 / target_min 13.6 / target_max 662.9 / imag_reward_mean 1.2 / imag_reward_std 3.7 / imag_reward_min -0.0 / imag_reward_max 24.6 / imag_action_mean 6.9 / imag_action_std 4.6 / imag_action_min 0.0 / imag_action_max 17.0 / actor_entropy 0.3 / actor_loss 0.5 / actor_grad_norm 3.7 / value_loss 1.5 / value_grad_norm 1.4 / update_count 31768.0 / fps 12.4
add_video needs package moviepy
add_video needs package moviepy
[137296] 
Start evaluation.
[137296] eval_return 2562.0 / eval_length 1318.2 / eval_episodes 5.0
add_video needs package moviepy
Start training.
[137296] model_loss 17.7 / model_grad_norm 29.6 / image_loss 8.4 / reward_loss 0.1 / cont_loss 0.0 / kl_free 1.0 / dyn_scale 0.5 / rep_scale 0.1 / dyn_loss 15.4 / rep_loss 15.4 / kl 15.4 / prior_abs_ent 30.3 / post_abs_ent -27.4 / prior_obs_ent 18.6 / post_obs_ent 4.9 / boundary_ratio 0.0 / kl_mask 0.0 / normed_target_mean 0.6 / normed_target_std 0.3 / normed_target_min -0.1 / normed_target_max 1.2 / EMA_005 76.7 / EMA_095 584.8 / value_mean 359.9 / value_std 160.9 / value_min 11.5 / value_max 626.4 / target_mean 362.0 / target_std 162.4 / target_min 11.8 / target_max 664.0 / imag_reward_mean 1.1 / imag_reward_std 3.7 / imag_reward_min -0.0 / imag_reward_max 24.4 / imag_action_mean 7.0 / imag_action_std 4.6 / imag_action_min 0.0 / imag_action_max 17.0 / actor_entropy 0.3 / actor_loss 0.5 / actor_grad_norm 3.5 / value_loss 1.5 / value_grad_norm 1.3 / update_count 31924.0 / fps 12.8
add_video needs package moviepy
add_video needs package moviepy
[137920] 
Start evaluation.
[137920] eval_return 2696.0 / eval_length 1554.8 / eval_episodes 5.0
add_video needs package moviepy
Start training.
[137920] model_loss 17.6 / model_grad_norm 28.3 / image_loss 8.3 / reward_loss 0.1 / cont_loss 0.0 / kl_free 1.0 / dyn_scale 0.5 / rep_scale 0.1 / dyn_loss 15.4 / rep_loss 15.4 / kl 15.4 / prior_abs_ent 30.8 / post_abs_ent -27.3 / prior_obs_ent 18.9 / post_obs_ent 5.1 / boundary_ratio 0.0 / kl_mask 0.0 / normed_target_mean 0.6 / normed_target_std 0.3 / normed_target_min -0.1 / normed_target_max 1.2 / EMA_005 78.1 / EMA_095 585.1 / value_mean 361.8 / value_std 163.8 / value_min 10.5 / value_max 625.4 / target_mean 363.9 / target_std 165.5 / target_min 10.2 / target_max 663.2 / imag_reward_mean 1.2 / imag_reward_std 3.7 / imag_reward_min -0.0 / imag_reward_max 23.3 / imag_action_mean 7.0 / imag_action_std 4.6 / imag_action_min 0.0 / imag_action_max 17.0 / actor_entropy 0.3 / actor_loss 0.5 / actor_grad_norm 3.7 / value_loss 1.5 / value_grad_norm 1.4 / update_count 32080.0 / fps 12.2
add_video needs package moviepy
add_video needs package moviepy
[138544] 
Start evaluation.
[138544] eval_return 2416.0 / eval_length 1200.2 / eval_episodes 5.0
add_video needs package moviepy
Start training.
[138544] model_loss 17.7 / model_grad_norm 26.8 / image_loss 8.3 / reward_loss 0.1 / cont_loss 0.0 / kl_free 1.0 / dyn_scale 0.5 / rep_scale 0.1 / dyn_loss 15.5 / rep_loss 15.5 / kl 15.5 / prior_abs_ent 30.9 / post_abs_ent -27.3 / prior_obs_ent 19.0 / post_obs_ent 5.1 / boundary_ratio 0.0 / kl_mask 0.0 / normed_target_mean 0.6 / normed_target_std 0.3 / normed_target_min -0.1 / normed_target_max 1.2 / EMA_005 74.8 / EMA_095 588.6 / value_mean 359.2 / value_std 166.0 / value_min 13.2 / value_max 629.2 / target_mean 361.2 / target_std 167.7 / target_min 14.1 / target_max 668.8 / imag_reward_mean 1.2 / imag_reward_std 3.7 / imag_reward_min -0.0 / imag_reward_max 24.6 / imag_action_mean 7.1 / imag_action_std 4.6 / imag_action_min 0.0 / imag_action_max 17.0 / actor_entropy 0.3 / actor_loss 0.5 / actor_grad_norm 3.6 / value_loss 1.5 / value_grad_norm 1.3 / update_count 32236.0 / fps 13.1
add_video needs package moviepy
add_video needs package moviepy
[139168] 
Start evaluation.
[139168] eval_return 2182.0 / eval_length 1271.4 / eval_episodes 5.0
add_video needs package moviepy
Start training.
[139168] model_loss 17.6 / model_grad_norm 29.9 / image_loss 8.2 / reward_loss 0.1 / cont_loss 0.0 / kl_free 1.0 / dyn_scale 0.5 / rep_scale 0.1 / dyn_loss 15.5 / rep_loss 15.5 / kl 15.5 / prior_abs_ent 30.8 / post_abs_ent -27.3 / prior_obs_ent 18.8 / post_obs_ent 4.9 / boundary_ratio 0.0 / kl_mask 0.0 / normed_target_mean 0.6 / normed_target_std 0.3 / normed_target_min -0.1 / normed_target_max 1.2 / EMA_005 76.4 / EMA_095 589.5 / value_mean 365.5 / value_std 165.2 / value_min 10.9 / value_max 629.0 / target_mean 367.5 / target_std 166.7 / target_min 12.0 / target_max 669.7 / imag_reward_mean 1.2 / imag_reward_std 3.8 / imag_reward_min -0.0 / imag_reward_max 24.9 / imag_action_mean 7.1 / imag_action_std 4.6 / imag_action_min 0.0 / imag_action_max 17.0 / actor_entropy 0.3 / actor_loss 0.4 / actor_grad_norm 3.6 / value_loss 1.5 / value_grad_norm 1.3 / update_count 32392.0 / fps 12.9
add_video needs package moviepy
add_video needs package moviepy
[139428] dataset_size 34857.0 / train_return 2760.0 / train_length 1475.0 / train_episodes 24.0
[139792] 
Start evaluation.
[139792] eval_return 2938.0 / eval_length 1355.2 / eval_episodes 5.0
add_video needs package moviepy
Start training.
[139792] model_loss 17.6 / model_grad_norm 27.3 / image_loss 8.2 / reward_loss 0.1 / cont_loss 0.0 / kl_free 1.0 / dyn_scale 0.5 / rep_scale 0.1 / dyn_loss 15.6 / rep_loss 15.6 / kl 15.6 / prior_abs_ent 30.5 / post_abs_ent -27.4 / prior_obs_ent 18.8 / post_obs_ent 4.8 / boundary_ratio 0.0 / kl_mask 0.0 / normed_target_mean 0.6 / normed_target_std 0.3 / normed_target_min -0.1 / normed_target_max 1.2 / EMA_005 78.0 / EMA_095 593.1 / value_mean 368.3 / value_std 165.2 / value_min 14.8 / value_max 630.4 / target_mean 370.0 / target_std 166.6 / target_min 15.5 / target_max 672.4 / imag_reward_mean 1.2 / imag_reward_std 3.7 / imag_reward_min -0.0 / imag_reward_max 26.2 / imag_action_mean 7.1 / imag_action_std 4.6 / imag_action_min 0.0 / imag_action_max 17.0 / actor_entropy 0.3 / actor_loss 0.3 / actor_grad_norm 3.8 / value_loss 1.5 / value_grad_norm 1.3 / update_count 32548.0 / fps 12.6
add_video needs package moviepy
add_video needs package moviepy
[140416] 
Start evaluation.
[140416] eval_return 3028.0 / eval_length 1416.0 / eval_episodes 5.0
add_video needs package moviepy
Start training.
[140416] model_loss 17.5 / model_grad_norm 26.2 / image_loss 8.1 / reward_loss 0.1 / cont_loss 0.0 / kl_free 1.0 / dyn_scale 0.5 / rep_scale 0.1 / dyn_loss 15.6 / rep_loss 15.6 / kl 15.6 / prior_abs_ent 30.7 / post_abs_ent -27.4 / prior_obs_ent 18.6 / post_obs_ent 4.7 / boundary_ratio 0.0 / kl_mask 0.0 / normed_target_mean 0.6 / normed_target_std 0.3 / normed_target_min -0.1 / normed_target_max 1.2 / EMA_005 73.1 / EMA_095 596.2 / value_mean 369.4 / value_std 167.8 / value_min 13.3 / value_max 636.6 / target_mean 371.4 / target_std 169.4 / target_min 14.3 / target_max 677.9 / imag_reward_mean 1.2 / imag_reward_std 3.8 / imag_reward_min -0.0 / imag_reward_max 23.6 / imag_action_mean 7.0 / imag_action_std 4.6 / imag_action_min 0.0 / imag_action_max 17.0 / actor_entropy 0.3 / actor_loss 0.4 / actor_grad_norm 3.6 / value_loss 1.5 / value_grad_norm 1.4 / update_count 32704.0 / fps 12.4
add_video needs package moviepy
add_video needs package moviepy
[141040] 
Start evaluation.
[141040] eval_return 2494.0 / eval_length 1316.4 / eval_episodes 5.0
add_video needs package moviepy
Start training.
[141040] model_loss 17.4 / model_grad_norm 27.1 / image_loss 8.0 / reward_loss 0.1 / cont_loss 0.0 / kl_free 1.0 / dyn_scale 0.5 / rep_scale 0.1 / dyn_loss 15.5 / rep_loss 15.5 / kl 15.5 / prior_abs_ent 30.8 / post_abs_ent -27.4 / prior_obs_ent 18.6 / post_obs_ent 4.6 / boundary_ratio 0.0 / kl_mask 0.0 / normed_target_mean 0.6 / normed_target_std 0.3 / normed_target_min -0.1 / normed_target_max 1.2 / EMA_005 74.5 / EMA_095 598.0 / value_mean 367.9 / value_std 168.8 / value_min 11.9 / value_max 638.9 / target_mean 370.0 / target_std 170.3 / target_min 14.2 / target_max 678.5 / imag_reward_mean 1.2 / imag_reward_std 3.8 / imag_reward_min -0.0 / imag_reward_max 25.6 / imag_action_mean 7.1 / imag_action_std 4.6 / imag_action_min 0.0 / imag_action_max 17.0 / actor_entropy 0.3 / actor_loss 0.4 / actor_grad_norm 3.6 / value_loss 1.5 / value_grad_norm 1.4 / update_count 32860.0 / fps 12.8
add_video needs package moviepy
add_video needs package moviepy
[141664] 
Start evaluation.
[141664] eval_return 3530.0 / eval_length 1448.6 / eval_episodes 5.0
add_video needs package moviepy
Start training.
[141664] model_loss 17.6 / model_grad_norm 29.1 / image_loss 8.2 / reward_loss 0.1 / cont_loss 0.0 / kl_free 1.0 / dyn_scale 0.5 / rep_scale 0.1 / dyn_loss 15.5 / rep_loss 15.5 / kl 15.5 / prior_abs_ent 30.4 / post_abs_ent -27.6 / prior_obs_ent 18.7 / post_obs_ent 4.7 / boundary_ratio 0.0 / kl_mask 0.0 / normed_target_mean 0.6 / normed_target_std 0.3 / normed_target_min -0.1 / normed_target_max 1.2 / EMA_005 72.9 / EMA_095 598.8 / value_mean 370.2 / value_std 168.3 / value_min 12.7 / value_max 639.1 / target_mean 372.0 / target_std 169.8 / target_min 13.4 / target_max 677.8 / imag_reward_mean 1.2 / imag_reward_std 3.8 / imag_reward_min -0.0 / imag_reward_max 24.9 / imag_action_mean 7.2 / imag_action_std 4.6 / imag_action_min 0.0 / imag_action_max 17.0 / actor_entropy 0.3 / actor_loss 0.3 / actor_grad_norm 3.6 / value_loss 1.5 / value_grad_norm 1.4 / update_count 33016.0 / fps 12.4
add_video needs package moviepy
add_video needs package moviepy
[142288] 
Start evaluation.
[142288] eval_return 3292.0 / eval_length 1395.2 / eval_episodes 5.0
add_video needs package moviepy
Start training.
[142288] model_loss 17.5 / model_grad_norm 27.5 / image_loss 8.1 / reward_loss 0.1 / cont_loss 0.0 / kl_free 1.0 / dyn_scale 0.5 / rep_scale 0.1 / dyn_loss 15.6 / rep_loss 15.6 / kl 15.6 / prior_abs_ent 30.5 / post_abs_ent -27.4 / prior_obs_ent 18.5 / post_obs_ent 4.6 / boundary_ratio 0.0 / kl_mask 0.0 / normed_target_mean 0.6 / normed_target_std 0.3 / normed_target_min -0.1 / normed_target_max 1.2 / EMA_005 72.7 / EMA_095 602.3 / value_mean 367.2 / value_std 169.0 / value_min 13.9 / value_max 640.9 / target_mean 369.1 / target_std 170.8 / target_min 16.0 / target_max 684.4 / imag_reward_mean 1.2 / imag_reward_std 3.7 / imag_reward_min -0.0 / imag_reward_max 26.2 / imag_action_mean 7.3 / imag_action_std 4.6 / imag_action_min 0.0 / imag_action_max 17.0 / actor_entropy 0.3 / actor_loss 0.4 / actor_grad_norm 3.7 / value_loss 1.5 / value_grad_norm 1.3 / update_count 33172.0 / fps 12.6
add_video needs package moviepy
add_video needs package moviepy
[142912] 
Start evaluation.
[142912] eval_return 3096.0 / eval_length 1457.2 / eval_episodes 5.0
add_video needs package moviepy
Start training.
[142912] model_loss 17.4 / model_grad_norm 24.9 / image_loss 8.0 / reward_loss 0.1 / cont_loss 0.0 / kl_free 1.0 / dyn_scale 0.5 / rep_scale 0.1 / dyn_loss 15.6 / rep_loss 15.6 / kl 15.6 / prior_abs_ent 30.6 / post_abs_ent -27.4 / prior_obs_ent 18.5 / post_obs_ent 4.6 / boundary_ratio 0.0 / kl_mask 0.0 / normed_target_mean 0.6 / normed_target_std 0.3 / normed_target_min -0.1 / normed_target_max 1.1 / EMA_005 69.5 / EMA_095 603.8 / value_mean 364.6 / value_std 172.9 / value_min 8.6 / value_max 640.7 / target_mean 366.4 / target_std 174.3 / target_min 8.2 / target_max 682.8 / imag_reward_mean 1.2 / imag_reward_std 3.7 / imag_reward_min -0.0 / imag_reward_max 25.3 / imag_action_mean 7.2 / imag_action_std 4.6 / imag_action_min 0.0 / imag_action_max 17.0 / actor_entropy 0.3 / actor_loss 0.4 / actor_grad_norm 3.6 / value_loss 1.5 / value_grad_norm 1.3 / update_count 33328.0 / fps 12.4
add_video needs package moviepy
add_video needs package moviepy
[143536] 
Start evaluation.
[143536] eval_return 2728.0 / eval_length 1321.8 / eval_episodes 5.0
add_video needs package moviepy
Start training.
[143536] model_loss 17.4 / model_grad_norm 28.1 / image_loss 7.9 / reward_loss 0.1 / cont_loss 0.0 / kl_free 1.0 / dyn_scale 0.5 / rep_scale 0.1 / dyn_loss 15.7 / rep_loss 15.7 / kl 15.7 / prior_abs_ent 30.8 / post_abs_ent -27.4 / prior_obs_ent 18.6 / post_obs_ent 4.5 / boundary_ratio 0.0 / kl_mask 0.0 / normed_target_mean 0.6 / normed_target_std 0.3 / normed_target_min -0.1 / normed_target_max 1.1 / EMA_005 67.7 / EMA_095 606.3 / value_mean 373.3 / value_std 174.6 / value_min 9.8 / value_max 641.9 / target_mean 375.3 / target_std 176.1 / target_min 11.6 / target_max 685.9 / imag_reward_mean 1.2 / imag_reward_std 3.8 / imag_reward_min -0.0 / imag_reward_max 25.3 / imag_action_mean 7.2 / imag_action_std 4.7 / imag_action_min 0.0 / imag_action_max 17.0 / actor_entropy 0.3 / actor_loss 0.4 / actor_grad_norm 3.8 / value_loss 1.5 / value_grad_norm 1.4 / update_count 33484.0 / fps 12.8
add_video needs package moviepy
add_video needs package moviepy
[144160] 
Start evaluation.
[144160] eval_return 3954.0 / eval_length 1627.2 / eval_episodes 5.0
add_video needs package moviepy
Start training.
[144160] model_loss 17.3 / model_grad_norm 26.4 / image_loss 7.9 / reward_loss 0.1 / cont_loss 0.0 / kl_free 1.0 / dyn_scale 0.5 / rep_scale 0.1 / dyn_loss 15.6 / rep_loss 15.6 / kl 15.6 / prior_abs_ent 30.7 / post_abs_ent -27.3 / prior_obs_ent 18.4 / post_obs_ent 4.5 / boundary_ratio 0.0 / kl_mask 0.0 / normed_target_mean 0.6 / normed_target_std 0.3 / normed_target_min -0.1 / normed_target_max 1.1 / EMA_005 68.7 / EMA_095 609.8 / value_mean 376.9 / value_std 170.6 / value_min 13.4 / value_max 643.2 / target_mean 379.0 / target_std 171.9 / target_min 14.8 / target_max 686.3 / imag_reward_mean 1.2 / imag_reward_std 3.7 / imag_reward_min -0.0 / imag_reward_max 24.5 / imag_action_mean 7.1 / imag_action_std 4.6 / imag_action_min 0.0 / imag_action_max 17.0 / actor_entropy 0.3 / actor_loss 0.4 / actor_grad_norm 3.8 / value_loss 1.4 / value_grad_norm 1.3 / update_count 33640.0 / fps 12.0
add_video needs package moviepy
add_video needs package moviepy
[144784] 
Start evaluation.
[144784] eval_return 3116.0 / eval_length 1376.8 / eval_episodes 5.0
add_video needs package moviepy
Start training.
[144784] model_loss 17.4 / model_grad_norm 27.0 / image_loss 8.0 / reward_loss 0.1 / cont_loss 0.0 / kl_free 1.0 / dyn_scale 0.5 / rep_scale 0.1 / dyn_loss 15.6 / rep_loss 15.6 / kl 15.6 / prior_abs_ent 30.9 / post_abs_ent -27.4 / prior_obs_ent 18.4 / post_obs_ent 4.4 / boundary_ratio 0.0 / kl_mask 0.0 / normed_target_mean 0.6 / normed_target_std 0.3 / normed_target_min -0.1 / normed_target_max 1.1 / EMA_005 72.7 / EMA_095 608.1 / value_mean 367.7 / value_std 173.2 / value_min 9.5 / value_max 643.0 / target_mean 369.5 / target_std 174.4 / target_min 10.8 / target_max 683.8 / imag_reward_mean 1.2 / imag_reward_std 3.7 / imag_reward_min -0.0 / imag_reward_max 25.8 / imag_action_mean 7.3 / imag_action_std 4.6 / imag_action_min 0.0 / imag_action_max 17.0 / actor_entropy 0.3 / actor_loss 0.4 / actor_grad_norm 4.0 / value_loss 1.5 / value_grad_norm 1.4 / update_count 33796.0 / fps 12.6
add_video needs package moviepy
add_video needs package moviepy
[145408] 
Start evaluation.
[145408] eval_return 2934.0 / eval_length 1324.6 / eval_episodes 5.0
add_video needs package moviepy
Start training.
[145408] model_loss 17.4 / model_grad_norm 27.6 / image_loss 7.9 / reward_loss 0.1 / cont_loss 0.0 / kl_free 1.0 / dyn_scale 0.5 / rep_scale 0.1 / dyn_loss 15.8 / rep_loss 15.8 / kl 15.8 / prior_abs_ent 30.6 / post_abs_ent -27.5 / prior_obs_ent 18.4 / post_obs_ent 4.3 / boundary_ratio 0.0 / kl_mask 0.0 / normed_target_mean 0.6 / normed_target_std 0.3 / normed_target_min -0.1 / normed_target_max 1.1 / EMA_005 68.3 / EMA_095 610.9 / value_mean 379.7 / value_std 174.4 / value_min 11.1 / value_max 643.4 / target_mean 381.5 / target_std 176.0 / target_min 12.5 / target_max 687.7 / imag_reward_mean 1.2 / imag_reward_std 3.8 / imag_reward_min -0.0 / imag_reward_max 24.4 / imag_action_mean 7.4 / imag_action_std 4.7 / imag_action_min 0.0 / imag_action_max 17.0 / actor_entropy 0.3 / actor_loss 0.4 / actor_grad_norm 3.9 / value_loss 1.4 / value_grad_norm 1.4 / update_count 33952.0 / fps 12.7
add_video needs package moviepy
add_video needs package moviepy
[145620] dataset_size 36405.0 / train_return 3120.0 / train_length 1548.0 / train_episodes 25.0
[146032] 
Start evaluation.
[146032] eval_return 2616.0 / eval_length 1315.8 / eval_episodes 5.0
add_video needs package moviepy
Start training.
[146032] model_loss 17.4 / model_grad_norm 26.1 / image_loss 8.0 / reward_loss 0.1 / cont_loss 0.0 / kl_free 1.0 / dyn_scale 0.5 / rep_scale 0.1 / dyn_loss 15.6 / rep_loss 15.6 / kl 15.6 / prior_abs_ent 30.9 / post_abs_ent -27.3 / prior_obs_ent 18.7 / post_obs_ent 4.6 / boundary_ratio 0.0 / kl_mask 0.0 / normed_target_mean 0.6 / normed_target_std 0.3 / normed_target_min -0.1 / normed_target_max 1.1 / EMA_005 70.5 / EMA_095 613.5 / value_mean 378.1 / value_std 174.5 / value_min 8.8 / value_max 646.0 / target_mean 380.0 / target_std 176.0 / target_min 9.0 / target_max 689.9 / imag_reward_mean 1.3 / imag_reward_std 3.8 / imag_reward_min -0.0 / imag_reward_max 26.1 / imag_action_mean 7.4 / imag_action_std 4.6 / imag_action_min 0.0 / imag_action_max 17.0 / actor_entropy 0.3 / actor_loss 0.4 / actor_grad_norm 4.1 / value_loss 1.5 / value_grad_norm 1.4 / update_count 34108.0 / fps 12.7
add_video needs package moviepy
add_video needs package moviepy
[146656] 
Start evaluation.
[146656] eval_return 3218.0 / eval_length 1335.0 / eval_episodes 5.0
add_video needs package moviepy
Start training.
[146656] model_loss 17.4 / model_grad_norm 29.4 / image_loss 7.9 / reward_loss 0.1 / cont_loss 0.0 / kl_free 1.0 / dyn_scale 0.5 / rep_scale 0.1 / dyn_loss 15.7 / rep_loss 15.7 / kl 15.7 / prior_abs_ent 30.9 / post_abs_ent -27.3 / prior_obs_ent 18.8 / post_obs_ent 4.8 / boundary_ratio 0.0 / kl_mask 0.0 / normed_target_mean 0.6 / normed_target_std 0.3 / normed_target_min -0.1 / normed_target_max 1.1 / EMA_005 69.3 / EMA_095 614.6 / value_mean 373.4 / value_std 173.3 / value_min 10.4 / value_max 648.8 / target_mean 374.7 / target_std 174.8 / target_min 10.2 / target_max 688.7 / imag_reward_mean 1.2 / imag_reward_std 3.7 / imag_reward_min -0.0 / imag_reward_max 24.6 / imag_action_mean 7.3 / imag_action_std 4.6 / imag_action_min 0.0 / imag_action_max 17.0 / actor_entropy 0.3 / actor_loss 0.3 / actor_grad_norm 4.1 / value_loss 1.5 / value_grad_norm 1.4 / update_count 34264.0 / fps 12.6
add_video needs package moviepy
add_video needs package moviepy
[147280] 
Start evaluation.
[147280] eval_return 2606.0 / eval_length 1276.0 / eval_episodes 5.0
add_video needs package moviepy
Start training.
[147280] model_loss 17.3 / model_grad_norm 28.7 / image_loss 7.7 / reward_loss 0.1 / cont_loss 0.0 / kl_free 1.0 / dyn_scale 0.5 / rep_scale 0.1 / dyn_loss 15.8 / rep_loss 15.8 / kl 15.8 / prior_abs_ent 30.8 / post_abs_ent -27.5 / prior_obs_ent 18.1 / post_obs_ent 4.0 / boundary_ratio 0.0 / kl_mask 0.0 / normed_target_mean 0.6 / normed_target_std 0.3 / normed_target_min -0.1 / normed_target_max 1.1 / EMA_005 68.6 / EMA_095 615.8 / value_mean 381.6 / value_std 174.0 / value_min 13.1 / value_max 646.6 / target_mean 383.7 / target_std 175.4 / target_min 14.8 / target_max 691.1 / imag_reward_mean 1.3 / imag_reward_std 3.8 / imag_reward_min -0.0 / imag_reward_max 25.2 / imag_action_mean 7.3 / imag_action_std 4.7 / imag_action_min 0.0 / imag_action_max 17.0 / actor_entropy 0.3 / actor_loss 0.5 / actor_grad_norm 4.1 / value_loss 1.5 / value_grad_norm 1.4 / update_count 34420.0 / fps 12.9
add_video needs package moviepy
add_video needs package moviepy
[147904] 
Start evaluation.
[147904] eval_return 2736.0 / eval_length 1256.4 / eval_episodes 5.0
add_video needs package moviepy
Start training.
[147904] model_loss 17.1 / model_grad_norm 29.3 / image_loss 7.6 / reward_loss 0.1 / cont_loss 0.0 / kl_free 1.0 / dyn_scale 0.5 / rep_scale 0.1 / dyn_loss 15.7 / rep_loss 15.7 / kl 15.7 / prior_abs_ent 30.4 / post_abs_ent -27.4 / prior_obs_ent 17.8 / post_obs_ent 3.8 / boundary_ratio 0.0 / kl_mask 0.0 / normed_target_mean 0.6 / normed_target_std 0.3 / normed_target_min -0.1 / normed_target_max 1.1 / EMA_005 64.6 / EMA_095 617.3 / value_mean 370.7 / value_std 179.5 / value_min 9.3 / value_max 649.2 / target_mean 372.7 / target_std 180.9 / target_min 10.0 / target_max 695.0 / imag_reward_mean 1.2 / imag_reward_std 3.8 / imag_reward_min -0.0 / imag_reward_max 25.3 / imag_action_mean 7.3 / imag_action_std 4.7 / imag_action_min 0.0 / imag_action_max 17.0 / actor_entropy 0.3 / actor_loss 0.5 / actor_grad_norm 4.2 / value_loss 1.5 / value_grad_norm 1.5 / update_count 34576.0 / fps 13.0
add_video needs package moviepy
add_video needs package moviepy
[148528] 
Start evaluation.
[148528] eval_return 2494.0 / eval_length 1097.0 / eval_episodes 5.0
add_video needs package moviepy
Start training.
[148528] model_loss 17.2 / model_grad_norm 27.0 / image_loss 7.7 / reward_loss 0.1 / cont_loss 0.0 / kl_free 1.0 / dyn_scale 0.5 / rep_scale 0.1 / dyn_loss 15.6 / rep_loss 15.6 / kl 15.6 / prior_abs_ent 30.6 / post_abs_ent -27.4 / prior_obs_ent 17.9 / post_obs_ent 3.9 / boundary_ratio 0.0 / kl_mask 0.0 / normed_target_mean 0.6 / normed_target_std 0.3 / normed_target_min -0.1 / normed_target_max 1.1 / EMA_005 63.8 / EMA_095 620.1 / value_mean 376.5 / value_std 179.0 / value_min 9.3 / value_max 649.5 / target_mean 378.5 / target_std 180.3 / target_min 8.5 / target_max 692.7 / imag_reward_mean 1.2 / imag_reward_std 3.8 / imag_reward_min -0.0 / imag_reward_max 25.7 / imag_action_mean 7.2 / imag_action_std 4.6 / imag_action_min 0.0 / imag_action_max 17.0 / actor_entropy 0.3 / actor_loss 0.5 / actor_grad_norm 4.0 / value_loss 1.5 / value_grad_norm 1.4 / update_count 34732.0 / fps 13.4
add_video needs package moviepy
add_video needs package moviepy
[149152] 
Start evaluation.
[149152] eval_return 3746.0 / eval_length 1573.8 / eval_episodes 5.0
add_video needs package moviepy
Start training.
[149152] model_loss 17.2 / model_grad_norm 26.5 / image_loss 7.7 / reward_loss 0.1 / cont_loss 0.0 / kl_free 1.0 / dyn_scale 0.5 / rep_scale 0.1 / dyn_loss 15.8 / rep_loss 15.8 / kl 15.8 / prior_abs_ent 30.6 / post_abs_ent -27.4 / prior_obs_ent 18.1 / post_obs_ent 4.0 / boundary_ratio 0.0 / kl_mask 0.0 / normed_target_mean 0.6 / normed_target_std 0.3 / normed_target_min -0.1 / normed_target_max 1.1 / EMA_005 66.4 / EMA_095 621.8 / value_mean 385.0 / value_std 176.9 / value_min 13.2 / value_max 653.2 / target_mean 387.4 / target_std 178.5 / target_min 13.5 / target_max 698.8 / imag_reward_mean 1.3 / imag_reward_std 3.9 / imag_reward_min -0.0 / imag_reward_max 27.2 / imag_action_mean 7.1 / imag_action_std 4.6 / imag_action_min 0.0 / imag_action_max 17.0 / actor_entropy 0.3 / actor_loss 0.6 / actor_grad_norm 4.1 / value_loss 1.5 / value_grad_norm 1.4 / update_count 34888.0 / fps 12.1
add_video needs package moviepy
add_video needs package moviepy
[149776] 
Start evaluation.
[149776] eval_return 3084.0 / eval_length 1497.8 / eval_episodes 5.0
add_video needs package moviepy
Start training.
[149776] model_loss 17.2 / model_grad_norm 25.3 / image_loss 7.6 / reward_loss 0.1 / cont_loss 0.0 / kl_free 1.0 / dyn_scale 0.5 / rep_scale 0.1 / dyn_loss 15.8 / rep_loss 15.8 / kl 15.8 / prior_abs_ent 31.0 / post_abs_ent -27.4 / prior_obs_ent 17.7 / post_obs_ent 3.5 / boundary_ratio 0.0 / kl_mask 0.0 / normed_target_mean 0.6 / normed_target_std 0.3 / normed_target_min -0.1 / normed_target_max 1.1 / EMA_005 68.5 / EMA_095 624.9 / value_mean 386.4 / value_std 179.8 / value_min 10.3 / value_max 655.5 / target_mean 388.5 / target_std 181.3 / target_min 12.0 / target_max 697.3 / imag_reward_mean 1.3 / imag_reward_std 3.9 / imag_reward_min -0.0 / imag_reward_max 26.4 / imag_action_mean 7.2 / imag_action_std 4.7 / imag_action_min 0.0 / imag_action_max 17.0 / actor_entropy 0.3 / actor_loss 0.5 / actor_grad_norm 4.1 / value_loss 1.4 / value_grad_norm 1.4 / update_count 35044.0 / fps 12.3
add_video needs package moviepy
add_video needs package moviepy
[150400] 
Start evaluation.
[150400] eval_return 4014.0 / eval_length 1612.2 / eval_episodes 5.0
add_video needs package moviepy
Start training.
[150400] model_loss 17.3 / model_grad_norm 31.5 / image_loss 7.7 / reward_loss 0.1 / cont_loss 0.0 / kl_free 1.0 / dyn_scale 0.5 / rep_scale 0.1 / dyn_loss 15.9 / rep_loss 15.9 / kl 15.9 / prior_abs_ent 30.5 / post_abs_ent -27.5 / prior_obs_ent 18.1 / post_obs_ent 3.9 / boundary_ratio 0.0 / kl_mask 0.0 / normed_target_mean 0.6 / normed_target_std 0.3 / normed_target_min -0.1 / normed_target_max 1.1 / EMA_005 67.4 / EMA_095 625.2 / value_mean 384.8 / value_std 177.9 / value_min 9.5 / value_max 660.4 / target_mean 386.7 / target_std 179.3 / target_min 10.6 / target_max 699.2 / imag_reward_mean 1.3 / imag_reward_std 3.8 / imag_reward_min -0.0 / imag_reward_max 27.2 / imag_action_mean 7.1 / imag_action_std 4.8 / imag_action_min 0.0 / imag_action_max 17.0 / actor_entropy 0.4 / actor_loss 0.5 / actor_grad_norm 4.4 / value_loss 1.5 / value_grad_norm 1.4 / update_count 35200.0 / fps 11.8
add_video needs package moviepy
add_video needs package moviepy
[151024] 
Start evaluation.
[151024] eval_return 3132.0 / eval_length 1332.0 / eval_episodes 5.0
add_video needs package moviepy
Start training.
[151024] model_loss 17.1 / model_grad_norm 28.1 / image_loss 7.6 / reward_loss 0.1 / cont_loss 0.0 / kl_free 1.0 / dyn_scale 0.5 / rep_scale 0.1 / dyn_loss 15.8 / rep_loss 15.8 / kl 15.8 / prior_abs_ent 30.8 / post_abs_ent -27.5 / prior_obs_ent 17.6 / post_obs_ent 3.5 / boundary_ratio 0.0 / kl_mask 0.0 / normed_target_mean 0.6 / normed_target_std 0.3 / normed_target_min -0.1 / normed_target_max 1.1 / EMA_005 68.3 / EMA_095 626.1 / value_mean 383.8 / value_std 180.7 / value_min 9.8 / value_max 661.6 / target_mean 385.9 / target_std 182.3 / target_min 9.6 / target_max 700.5 / imag_reward_mean 1.3 / imag_reward_std 3.8 / imag_reward_min -0.0 / imag_reward_max 26.4 / imag_action_mean 6.6 / imag_action_std 5.0 / imag_action_min 0.0 / imag_action_max 17.0 / actor_entropy 0.4 / actor_loss 0.7 / actor_grad_norm 4.3 / value_loss 1.4 / value_grad_norm 1.4 / update_count 35356.0 / fps 12.8
add_video needs package moviepy
add_video needs package moviepy
[151040] dataset_size 37760.0 / train_return 3760.0 / train_length 1355.0 / train_episodes 26.0
[151648] 
Start evaluation.
[151648] eval_return 3842.0 / eval_length 1451.6 / eval_episodes 5.0
add_video needs package moviepy
Start training.
[151648] model_loss 17.1 / model_grad_norm 25.9 / image_loss 7.6 / reward_loss 0.1 / cont_loss 0.0 / kl_free 1.0 / dyn_scale 0.5 / rep_scale 0.1 / dyn_loss 15.7 / rep_loss 15.7 / kl 15.7 / prior_abs_ent 30.5 / post_abs_ent -27.4 / prior_obs_ent 17.5 / post_obs_ent 3.4 / boundary_ratio 0.0 / kl_mask 0.0 / normed_target_mean 0.6 / normed_target_std 0.3 / normed_target_min -0.1 / normed_target_max 1.1 / EMA_005 67.0 / EMA_095 630.0 / value_mean 388.2 / value_std 183.0 / value_min 8.7 / value_max 668.3 / target_mean 390.3 / target_std 184.4 / target_min 8.8 / target_max 703.6 / imag_reward_mean 1.2 / imag_reward_std 3.7 / imag_reward_min -0.0 / imag_reward_max 26.2 / imag_action_mean 5.8 / imag_action_std 5.1 / imag_action_min 0.0 / imag_action_max 17.0 / actor_entropy 0.4 / actor_loss 0.7 / actor_grad_norm 4.5 / value_loss 1.5 / value_grad_norm 1.5 / update_count 35512.0 / fps 12.3
add_video needs package moviepy
add_video needs package moviepy
[152272] 
Start evaluation.
[152272] eval_return 3360.0 / eval_length 1422.2 / eval_episodes 5.0
add_video needs package moviepy
Start training.
[152272] model_loss 17.5 / model_grad_norm 38.2 / image_loss 7.7 / reward_loss 0.1 / cont_loss 0.0 / kl_free 1.0 / dyn_scale 0.5 / rep_scale 0.1 / dyn_loss 16.1 / rep_loss 16.1 / kl 16.1 / prior_abs_ent 30.5 / post_abs_ent -27.5 / prior_obs_ent 18.2 / post_obs_ent 3.9 / boundary_ratio 0.0 / kl_mask 0.0 / normed_target_mean 0.6 / normed_target_std 0.3 / normed_target_min -0.1 / normed_target_max 1.1 / EMA_005 65.7 / EMA_095 632.2 / value_mean 391.1 / value_std 182.9 / value_min 8.7 / value_max 669.0 / target_mean 393.2 / target_std 184.4 / target_min 9.3 / target_max 707.4 / imag_reward_mean 1.2 / imag_reward_std 3.8 / imag_reward_min -0.0 / imag_reward_max 26.9 / imag_action_mean 5.4 / imag_action_std 5.1 / imag_action_min 0.0 / imag_action_max 17.0 / actor_entropy 0.4 / actor_loss 0.7 / actor_grad_norm 4.3 / value_loss 1.4 / value_grad_norm 1.4 / update_count 35668.0 / fps 12.4
add_video needs package moviepy
add_video needs package moviepy
[152896] 
Start evaluation.
[152896] eval_return 3176.0 / eval_length 1412.0 / eval_episodes 5.0
add_video needs package moviepy
Start training.
[152896] model_loss 18.2 / model_grad_norm 54.7 / image_loss 8.4 / reward_loss 0.1 / cont_loss 0.0 / kl_free 1.0 / dyn_scale 0.5 / rep_scale 0.1 / dyn_loss 16.2 / rep_loss 16.2 / kl 16.2 / prior_abs_ent 31.7 / post_abs_ent -27.2 / prior_obs_ent 20.8 / post_obs_ent 6.3 / boundary_ratio 0.0 / kl_mask 0.0 / normed_target_mean 0.6 / normed_target_std 0.3 / normed_target_min -0.1 / normed_target_max 1.1 / EMA_005 68.3 / EMA_095 633.5 / value_mean 390.6 / value_std 182.7 / value_min 9.4 / value_max 670.5 / target_mean 392.7 / target_std 184.5 / target_min 12.0 / target_max 706.6 / imag_reward_mean 1.2 / imag_reward_std 3.8 / imag_reward_min -0.0 / imag_reward_max 26.6 / imag_action_mean 5.3 / imag_action_std 5.2 / imag_action_min 0.0 / imag_action_max 17.0 / actor_entropy 0.4 / actor_loss 0.5 / actor_grad_norm 4.7 / value_loss 1.5 / value_grad_norm 1.6 / update_count 35824.0 / fps 12.4
add_video needs package moviepy
add_video needs package moviepy
[153520] 
Start evaluation.
[153520] eval_return 2866.0 / eval_length 1235.6 / eval_episodes 5.0
add_video needs package moviepy
Start training.
[153520] model_loss 16.6 / model_grad_norm 20.1 / image_loss 7.3 / reward_loss 0.1 / cont_loss 0.0 / kl_free 1.0 / dyn_scale 0.5 / rep_scale 0.1 / dyn_loss 15.4 / rep_loss 15.4 / kl 15.4 / prior_abs_ent 30.9 / post_abs_ent -27.2 / prior_obs_ent 17.1 / post_obs_ent 3.3 / boundary_ratio 0.0 / kl_mask 0.0 / normed_target_mean 0.6 / normed_target_std 0.3 / normed_target_min -0.1 / normed_target_max 1.1 / EMA_005 69.1 / EMA_095 636.1 / value_mean 394.0 / value_std 184.2 / value_min 11.8 / value_max 680.2 / target_mean 396.9 / target_std 186.1 / target_min 12.0 / target_max 715.6 / imag_reward_mean 1.3 / imag_reward_std 3.9 / imag_reward_min -0.0 / imag_reward_max 26.0 / imag_action_mean 5.2 / imag_action_std 5.2 / imag_action_min 0.0 / imag_action_max 17.0 / actor_entropy 0.4 / actor_loss 0.9 / actor_grad_norm 4.0 / value_loss 1.4 / value_grad_norm 1.3 / update_count 35980.0 / fps 13.0
add_video needs package moviepy
add_video needs package moviepy
[154144] 
Start evaluation.
[154144] eval_return 3122.0 / eval_length 1333.0 / eval_episodes 5.0
add_video needs package moviepy
Start training.
[154144] model_loss 16.8 / model_grad_norm 22.0 / image_loss 7.4 / reward_loss 0.1 / cont_loss 0.0 / kl_free 1.0 / dyn_scale 0.5 / rep_scale 0.1 / dyn_loss 15.5 / rep_loss 15.5 / kl 15.5 / prior_abs_ent 30.6 / post_abs_ent -27.3 / prior_obs_ent 16.4 / post_obs_ent 2.5 / boundary_ratio 0.0 / kl_mask 0.0 / normed_target_mean 0.6 / normed_target_std 0.3 / normed_target_min -0.1 / normed_target_max 1.1 / EMA_005 72.4 / EMA_095 643.9 / value_mean 401.9 / value_std 185.6 / value_min 13.0 / value_max 697.4 / target_mean 404.8 / target_std 187.6 / target_min 15.2 / target_max 728.3 / imag_reward_mean 1.3 / imag_reward_std 3.9 / imag_reward_min -0.0 / imag_reward_max 27.0 / imag_action_mean 5.2 / imag_action_std 5.2 / imag_action_min 0.0 / imag_action_max 17.0 / actor_entropy 0.4 / actor_loss 0.8 / actor_grad_norm 4.0 / value_loss 1.4 / value_grad_norm 1.4 / update_count 36136.0 / fps 12.7
add_video needs package moviepy
add_video needs package moviepy
[154768] 
Start evaluation.
[154768] eval_return 3174.0 / eval_length 1300.8 / eval_episodes 5.0
add_video needs package moviepy
Start training.
[154768] model_loss 16.8 / model_grad_norm 23.0 / image_loss 7.3 / reward_loss 0.1 / cont_loss 0.0 / kl_free 1.0 / dyn_scale 0.5 / rep_scale 0.1 / dyn_loss 15.6 / rep_loss 15.6 / kl 15.6 / prior_abs_ent 30.7 / post_abs_ent -27.4 / prior_obs_ent 16.2 / post_obs_ent 2.2 / boundary_ratio 0.0 / kl_mask 0.0 / normed_target_mean 0.6 / normed_target_std 0.3 / normed_target_min -0.1 / normed_target_max 1.1 / EMA_005 75.1 / EMA_095 652.4 / value_mean 409.4 / value_std 188.5 / value_min 14.0 / value_max 705.2 / target_mean 412.2 / target_std 190.5 / target_min 14.1 / target_max 732.8 / imag_reward_mean 1.3 / imag_reward_std 3.9 / imag_reward_min -0.0 / imag_reward_max 25.0 / imag_action_mean 5.2 / imag_action_std 5.2 / imag_action_min 0.0 / imag_action_max 17.0 / actor_entropy 0.4 / actor_loss 0.8 / actor_grad_norm 4.2 / value_loss 1.4 / value_grad_norm 1.3 / update_count 36292.0 / fps 12.8
add_video needs package moviepy
add_video needs package moviepy
[155392] 
Start evaluation.
[155392] eval_return 2152.0 / eval_length 999.6 / eval_episodes 5.0
add_video needs package moviepy
Start training.
[155392] model_loss 17.1 / model_grad_norm 27.9 / image_loss 7.5 / reward_loss 0.1 / cont_loss 0.0 / kl_free 1.0 / dyn_scale 0.5 / rep_scale 0.1 / dyn_loss 15.8 / rep_loss 15.8 / kl 15.8 / prior_abs_ent 31.0 / post_abs_ent -27.4 / prior_obs_ent 16.8 / post_obs_ent 2.7 / boundary_ratio 0.0 / kl_mask 0.0 / normed_target_mean 0.6 / normed_target_std 0.3 / normed_target_min -0.1 / normed_target_max 1.1 / EMA_005 73.3 / EMA_095 656.3 / value_mean 405.4 / value_std 188.8 / value_min 12.0 / value_max 713.4 / target_mean 408.1 / target_std 190.6 / target_min 12.5 / target_max 737.6 / imag_reward_mean 1.4 / imag_reward_std 4.0 / imag_reward_min -0.0 / imag_reward_max 26.0 / imag_action_mean 5.3 / imag_action_std 5.2 / imag_action_min 0.0 / imag_action_max 17.0 / actor_entropy 0.4 / actor_loss 0.8 / actor_grad_norm 4.4 / value_loss 1.4 / value_grad_norm 1.4 / update_count 36448.0 / fps 13.7
add_video needs package moviepy
add_video needs package moviepy
[156016] 
Start evaluation.
[156016] eval_return 3318.0 / eval_length 1459.6 / eval_episodes 5.0
add_video needs package moviepy
Start training.
[156016] model_loss 16.8 / model_grad_norm 26.8 / image_loss 7.3 / reward_loss 0.1 / cont_loss 0.0 / kl_free 1.0 / dyn_scale 0.5 / rep_scale 0.1 / dyn_loss 15.7 / rep_loss 15.7 / kl 15.7 / prior_abs_ent 31.0 / post_abs_ent -27.4 / prior_obs_ent 16.6 / post_obs_ent 2.5 / boundary_ratio 0.0 / kl_mask 0.0 / normed_target_mean 0.6 / normed_target_std 0.3 / normed_target_min -0.1 / normed_target_max 1.1 / EMA_005 67.0 / EMA_095 658.0 / value_mean 403.3 / value_std 195.1 / value_min 8.6 / value_max 717.8 / target_mean 406.2 / target_std 196.9 / target_min 10.2 / target_max 743.4 / imag_reward_mean 1.3 / imag_reward_std 4.0 / imag_reward_min -0.0 / imag_reward_max 25.5 / imag_action_mean 5.2 / imag_action_std 5.2 / imag_action_min 0.0 / imag_action_max 17.0 / actor_entropy 0.4 / actor_loss 0.9 / actor_grad_norm 4.5 / value_loss 1.5 / value_grad_norm 1.5 / update_count 36604.0 / fps 12.4
add_video needs package moviepy
add_video needs package moviepy
[156356] dataset_size 39089.0 / train_return 3380.0 / train_length 1329.0 / train_episodes 27.0
[156640] 
Start evaluation.
[156640] eval_return 3020.0 / eval_length 1310.2 / eval_episodes 5.0
add_video needs package moviepy
Start training.
[156640] model_loss 16.7 / model_grad_norm 28.4 / image_loss 7.2 / reward_loss 0.1 / cont_loss 0.0 / kl_free 1.0 / dyn_scale 0.5 / rep_scale 0.1 / dyn_loss 15.6 / rep_loss 15.6 / kl 15.6 / prior_abs_ent 30.7 / post_abs_ent -27.4 / prior_obs_ent 16.5 / post_obs_ent 2.5 / boundary_ratio 0.0 / kl_mask 0.0 / normed_target_mean 0.6 / normed_target_std 0.3 / normed_target_min -0.1 / normed_target_max 1.1 / EMA_005 66.0 / EMA_095 661.1 / value_mean 405.1 / value_std 195.4 / value_min 9.6 / value_max 719.4 / target_mean 407.7 / target_std 196.9 / target_min 10.5 / target_max 746.8 / imag_reward_mean 1.3 / imag_reward_std 4.0 / imag_reward_min -0.0 / imag_reward_max 25.5 / imag_action_mean 5.3 / imag_action_std 5.2 / imag_action_min 0.0 / imag_action_max 17.0 / actor_entropy 0.4 / actor_loss 0.8 / actor_grad_norm 4.6 / value_loss 1.4 / value_grad_norm 1.5 / update_count 36760.0 / fps 12.6
add_video needs package moviepy
add_video needs package moviepy
[157264] 
Start evaluation.
[157264] eval_return 3208.0 / eval_length 1292.8 / eval_episodes 5.0
add_video needs package moviepy
Start training.
[157264] model_loss 16.7 / model_grad_norm 23.4 / image_loss 7.2 / reward_loss 0.1 / cont_loss 0.0 / kl_free 1.0 / dyn_scale 0.5 / rep_scale 0.1 / dyn_loss 15.7 / rep_loss 15.7 / kl 15.7 / prior_abs_ent 30.8 / post_abs_ent -27.4 / prior_obs_ent 16.4 / post_obs_ent 2.3 / boundary_ratio 0.0 / kl_mask 0.0 / normed_target_mean 0.6 / normed_target_std 0.3 / normed_target_min -0.1 / normed_target_max 1.2 / EMA_005 65.2 / EMA_095 666.5 / value_mean 415.0 / value_std 195.3 / value_min 12.7 / value_max 725.4 / target_mean 418.0 / target_std 197.0 / target_min 12.3 / target_max 757.0 / imag_reward_mean 1.4 / imag_reward_std 4.0 / imag_reward_min -0.0 / imag_reward_max 26.7 / imag_action_mean 5.2 / imag_action_std 5.1 / imag_action_min 0.0 / imag_action_max 17.0 / actor_entropy 0.4 / actor_loss 0.9 / actor_grad_norm 4.4 / value_loss 1.4 / value_grad_norm 1.4 / update_count 36916.0 / fps 12.8
add_video needs package moviepy
add_video needs package moviepy
[157888] 
Start evaluation.
[157888] eval_return 3194.0 / eval_length 1327.2 / eval_episodes 5.0
add_video needs package moviepy
Start training.
[157888] model_loss 16.7 / model_grad_norm 26.4 / image_loss 7.2 / reward_loss 0.1 / cont_loss 0.0 / kl_free 1.0 / dyn_scale 0.5 / rep_scale 0.1 / dyn_loss 15.7 / rep_loss 15.7 / kl 15.7 / prior_abs_ent 30.8 / post_abs_ent -27.4 / prior_obs_ent 16.4 / post_obs_ent 2.4 / boundary_ratio 0.0 / kl_mask 0.0 / normed_target_mean 0.6 / normed_target_std 0.3 / normed_target_min -0.1 / normed_target_max 1.1 / EMA_005 64.5 / EMA_095 673.1 / value_mean 415.9 / value_std 196.3 / value_min 11.0 / value_max 726.7 / target_mean 418.7 / target_std 197.9 / target_min 12.2 / target_max 759.8 / imag_reward_mean 1.3 / imag_reward_std 3.9 / imag_reward_min -0.0 / imag_reward_max 25.6 / imag_action_mean 5.2 / imag_action_std 5.1 / imag_action_min 0.0 / imag_action_max 17.0 / actor_entropy 0.4 / actor_loss 0.9 / actor_grad_norm 4.5 / value_loss 1.4 / value_grad_norm 1.4 / update_count 37072.0 / fps 12.6
add_video needs package moviepy
add_video needs package moviepy
[158512] 
Start evaluation.
[158512] eval_return 2818.0 / eval_length 1282.2 / eval_episodes 5.0
add_video needs package moviepy
Start training.
[158512] model_loss 16.7 / model_grad_norm 25.0 / image_loss 7.2 / reward_loss 0.1 / cont_loss 0.0 / kl_free 1.0 / dyn_scale 0.5 / rep_scale 0.1 / dyn_loss 15.7 / rep_loss 15.7 / kl 15.7 / prior_abs_ent 30.8 / post_abs_ent -27.4 / prior_obs_ent 16.4 / post_obs_ent 2.3 / boundary_ratio 0.0 / kl_mask 0.0 / normed_target_mean 0.6 / normed_target_std 0.3 / normed_target_min -0.1 / normed_target_max 1.1 / EMA_005 69.7 / EMA_095 675.8 / value_mean 415.1 / value_std 195.5 / value_min 10.0 / value_max 731.1 / target_mean 417.5 / target_std 197.1 / target_min 10.9 / target_max 764.5 / imag_reward_mean 1.3 / imag_reward_std 4.0 / imag_reward_min -0.0 / imag_reward_max 26.1 / imag_action_mean 5.3 / imag_action_std 5.1 / imag_action_min 0.0 / imag_action_max 17.0 / actor_entropy 0.4 / actor_loss 0.7 / actor_grad_norm 4.6 / value_loss 1.4 / value_grad_norm 1.4 / update_count 37228.0 / fps 12.9
add_video needs package moviepy
add_video needs package moviepy
[159136] 
Start evaluation.
[159136] eval_return 3054.0 / eval_length 1312.8 / eval_episodes 5.0
add_video needs package moviepy
Start training.
[159136] model_loss 16.8 / model_grad_norm 26.2 / image_loss 7.2 / reward_loss 0.1 / cont_loss 0.0 / kl_free 1.0 / dyn_scale 0.5 / rep_scale 0.1 / dyn_loss 15.8 / rep_loss 15.8 / kl 15.8 / prior_abs_ent 30.6 / post_abs_ent -27.4 / prior_obs_ent 16.1 / post_obs_ent 1.9 / boundary_ratio 0.0 / kl_mask 0.0 / normed_target_mean 0.6 / normed_target_std 0.3 / normed_target_min -0.1 / normed_target_max 1.1 / EMA_005 67.0 / EMA_095 684.4 / value_mean 427.1 / value_std 200.0 / value_min 13.1 / value_max 734.5 / target_mean 430.1 / target_std 201.6 / target_min 14.2 / target_max 772.4 / imag_reward_mean 1.4 / imag_reward_std 4.1 / imag_reward_min -0.0 / imag_reward_max 25.3 / imag_action_mean 5.2 / imag_action_std 5.0 / imag_action_min 0.0 / imag_action_max 17.0 / actor_entropy 0.4 / actor_loss 0.9 / actor_grad_norm 4.4 / value_loss 1.4 / value_grad_norm 1.4 / update_count 37384.0 / fps 12.6
add_video needs package moviepy
add_video needs package moviepy
[159760] 
Start evaluation.
[159760] eval_return 3380.0 / eval_length 1349.4 / eval_episodes 5.0
add_video needs package moviepy
Start training.
[159760] model_loss 16.7 / model_grad_norm 26.9 / image_loss 7.1 / reward_loss 0.1 / cont_loss 0.0 / kl_free 1.0 / dyn_scale 0.5 / rep_scale 0.1 / dyn_loss 15.8 / rep_loss 15.8 / kl 15.8 / prior_abs_ent 30.8 / post_abs_ent -27.5 / prior_obs_ent 16.4 / post_obs_ent 2.2 / boundary_ratio 0.0 / kl_mask 0.0 / normed_target_mean 0.6 / normed_target_std 0.3 / normed_target_min -0.1 / normed_target_max 1.1 / EMA_005 68.3 / EMA_095 688.4 / value_mean 429.8 / value_std 199.5 / value_min 9.4 / value_max 734.9 / target_mean 432.1 / target_std 201.0 / target_min 9.8 / target_max 773.1 / imag_reward_mean 1.3 / imag_reward_std 4.0 / imag_reward_min -0.0 / imag_reward_max 25.2 / imag_action_mean 5.0 / imag_action_std 5.0 / imag_action_min 0.0 / imag_action_max 17.0 / actor_entropy 0.4 / actor_loss 0.7 / actor_grad_norm 4.5 / value_loss 1.4 / value_grad_norm 1.4 / update_count 37540.0 / fps 12.6
add_video needs package moviepy
add_video needs package moviepy
[160384] 
Start evaluation.
[160384] eval_return 2952.0 / eval_length 1268.0 / eval_episodes 5.0
add_video needs package moviepy
Start training.
[160384] model_loss 16.6 / model_grad_norm 26.2 / image_loss 7.1 / reward_loss 0.1 / cont_loss 0.0 / kl_free 1.0 / dyn_scale 0.5 / rep_scale 0.1 / dyn_loss 15.8 / rep_loss 15.8 / kl 15.8 / prior_abs_ent 30.6 / post_abs_ent -27.5 / prior_obs_ent 16.1 / post_obs_ent 1.9 / boundary_ratio 0.0 / kl_mask 0.0 / normed_target_mean 0.6 / normed_target_std 0.3 / normed_target_min -0.1 / normed_target_max 1.1 / EMA_005 70.3 / EMA_095 689.6 / value_mean 431.6 / value_std 198.6 / value_min 12.8 / value_max 734.9 / target_mean 434.1 / target_std 200.1 / target_min 14.0 / target_max 775.4 / imag_reward_mean 1.4 / imag_reward_std 4.0 / imag_reward_min -0.0 / imag_reward_max 26.1 / imag_action_mean 5.3 / imag_action_std 5.0 / imag_action_min 0.0 / imag_action_max 17.0 / actor_entropy 0.4 / actor_loss 0.8 / actor_grad_norm 4.6 / value_loss 1.4 / value_grad_norm 1.4 / update_count 37696.0 / fps 12.7
add_video needs package moviepy
add_video needs package moviepy
[161008] 
Start evaluation.
[161008] eval_return 3368.0 / eval_length 1334.2 / eval_episodes 5.0
add_video needs package moviepy
Start training.
[161008] model_loss 16.7 / model_grad_norm 29.0 / image_loss 7.2 / reward_loss 0.1 / cont_loss 0.0 / kl_free 1.0 / dyn_scale 0.5 / rep_scale 0.1 / dyn_loss 15.8 / rep_loss 15.8 / kl 15.8 / prior_abs_ent 30.9 / post_abs_ent -27.5 / prior_obs_ent 16.4 / post_obs_ent 2.2 / boundary_ratio 0.0 / kl_mask 0.0 / normed_target_mean 0.6 / normed_target_std 0.3 / normed_target_min -0.1 / normed_target_max 1.1 / EMA_005 68.2 / EMA_095 692.6 / value_mean 434.2 / value_std 196.7 / value_min 15.8 / value_max 734.9 / target_mean 436.3 / target_std 198.3 / target_min 16.1 / target_max 776.3 / imag_reward_mean 1.4 / imag_reward_std 4.1 / imag_reward_min -0.0 / imag_reward_max 26.6 / imag_action_mean 5.3 / imag_action_std 5.0 / imag_action_min 0.0 / imag_action_max 17.0 / actor_entropy 0.4 / actor_loss 0.6 / actor_grad_norm 4.6 / value_loss 1.4 / value_grad_norm 1.4 / update_count 37852.0 / fps 12.5
add_video needs package moviepy
add_video needs package moviepy
[161632] 
Start evaluation.
[161632] eval_return 2398.0 / eval_length 1002.0 / eval_episodes 5.0
add_video needs package moviepy
Start training.
[161632] model_loss 16.5 / model_grad_norm 27.6 / image_loss 6.9 / reward_loss 0.1 / cont_loss 0.0 / kl_free 1.0 / dyn_scale 0.5 / rep_scale 0.1 / dyn_loss 15.7 / rep_loss 15.7 / kl 15.7 / prior_abs_ent 30.8 / post_abs_ent -27.5 / prior_obs_ent 16.2 / post_obs_ent 2.1 / boundary_ratio 0.0 / kl_mask 0.0 / normed_target_mean 0.6 / normed_target_std 0.3 / normed_target_min -0.1 / normed_target_max 1.1 / EMA_005 65.9 / EMA_095 695.2 / value_mean 431.7 / value_std 204.9 / value_min 10.3 / value_max 737.0 / target_mean 434.2 / target_std 206.5 / target_min 10.9 / target_max 782.0 / imag_reward_mean 1.4 / imag_reward_std 4.0 / imag_reward_min -0.0 / imag_reward_max 26.4 / imag_action_mean 5.6 / imag_action_std 5.1 / imag_action_min 0.0 / imag_action_max 17.0 / actor_entropy 0.4 / actor_loss 0.7 / actor_grad_norm 4.6 / value_loss 1.4 / value_grad_norm 1.4 / update_count 38008.0 / fps 13.5
add_video needs package moviepy
add_video needs package moviepy
[162152] dataset_size 40538.0 / train_return 3530.0 / train_length 1449.0 / train_episodes 28.0
[162256] 
Start evaluation.
[162256] eval_return 3796.0 / eval_length 1516.0 / eval_episodes 5.0
add_video needs package moviepy
Start training.
[162256] model_loss 17.6 / model_grad_norm 56.7 / image_loss 7.7 / reward_loss 0.1 / cont_loss 0.0 / kl_free 1.0 / dyn_scale 0.5 / rep_scale 0.1 / dyn_loss 16.5 / rep_loss 16.5 / kl 16.5 / prior_abs_ent 30.2 / post_abs_ent -27.8 / prior_obs_ent 18.1 / post_obs_ent 3.4 / boundary_ratio 0.0 / kl_mask 0.0 / normed_target_mean 0.6 / normed_target_std 0.3 / normed_target_min -0.1 / normed_target_max 1.1 / EMA_005 64.1 / EMA_095 697.9 / value_mean 440.6 / value_std 201.3 / value_min 8.9 / value_max 737.1 / target_mean 443.0 / target_std 202.8 / target_min 8.8 / target_max 780.2 / imag_reward_mean 1.4 / imag_reward_std 4.0 / imag_reward_min -0.0 / imag_reward_max 27.0 / imag_action_mean 5.5 / imag_action_std 5.1 / imag_action_min 0.0 / imag_action_max 17.0 / actor_entropy 0.4 / actor_loss 0.6 / actor_grad_norm 4.9 / value_loss 1.5 / value_grad_norm 1.5 / update_count 38164.0 / fps 12.0
add_video needs package moviepy
add_video needs package moviepy
[162880] 
Start evaluation.
[162880] eval_return 3140.0 / eval_length 1275.6 / eval_episodes 5.0
add_video needs package moviepy
Start training.
[162880] model_loss 16.3 / model_grad_norm 22.9 / image_loss 6.9 / reward_loss 0.1 / cont_loss 0.0 / kl_free 1.0 / dyn_scale 0.5 / rep_scale 0.1 / dyn_loss 15.6 / rep_loss 15.6 / kl 15.6 / prior_abs_ent 29.6 / post_abs_ent -27.8 / prior_obs_ent 16.3 / post_obs_ent 2.3 / boundary_ratio 0.0 / kl_mask 0.0 / normed_target_mean 0.6 / normed_target_std 0.3 / normed_target_min -0.1 / normed_target_max 1.1 / EMA_005 67.7 / EMA_095 698.4 / value_mean 432.4 / value_std 205.2 / value_min 9.3 / value_max 737.3 / target_mean 434.5 / target_std 206.6 / target_min 8.7 / target_max 780.6 / imag_reward_mean 1.4 / imag_reward_std 4.0 / imag_reward_min -0.0 / imag_reward_max 25.3 / imag_action_mean 5.7 / imag_action_std 5.1 / imag_action_min 0.0 / imag_action_max 17.0 / actor_entropy 0.4 / actor_loss 0.6 / actor_grad_norm 4.4 / value_loss 1.4 / value_grad_norm 1.5 / update_count 38320.0 / fps 12.7
add_video needs package moviepy
add_video needs package moviepy
[163504] 
Start evaluation.
[163504] eval_return 3612.0 / eval_length 1457.4 / eval_episodes 5.0
add_video needs package moviepy
Start training.
[163504] model_loss 16.3 / model_grad_norm 25.6 / image_loss 6.9 / reward_loss 0.1 / cont_loss 0.0 / kl_free 1.0 / dyn_scale 0.5 / rep_scale 0.1 / dyn_loss 15.7 / rep_loss 15.7 / kl 15.7 / prior_abs_ent 30.1 / post_abs_ent -27.8 / prior_obs_ent 15.6 / post_obs_ent 1.4 / boundary_ratio 0.0 / kl_mask 0.0 / normed_target_mean 0.6 / normed_target_std 0.3 / normed_target_min -0.1 / normed_target_max 1.1 / EMA_005 66.6 / EMA_095 699.6 / value_mean 433.0 / value_std 204.5 / value_min 11.6 / value_max 739.1 / target_mean 435.4 / target_std 205.9 / target_min 10.5 / target_max 780.6 / imag_reward_mean 1.4 / imag_reward_std 4.1 / imag_reward_min -0.0 / imag_reward_max 26.1 / imag_action_mean 5.6 / imag_action_std 5.1 / imag_action_min 0.0 / imag_action_max 17.0 / actor_entropy 0.4 / actor_loss 0.7 / actor_grad_norm 4.9 / value_loss 1.5 / value_grad_norm 1.6 / update_count 38476.0 / fps 12.2
add_video needs package moviepy
add_video needs package moviepy
[164128] 
Start evaluation.
[164128] eval_return 3296.0 / eval_length 1336.0 / eval_episodes 5.0
add_video needs package moviepy
Start training.
[164128] model_loss 16.4 / model_grad_norm 24.6 / image_loss 7.0 / reward_loss 0.1 / cont_loss 0.0 / kl_free 1.0 / dyn_scale 0.5 / rep_scale 0.1 / dyn_loss 15.6 / rep_loss 15.6 / kl 15.6 / prior_abs_ent 30.2 / post_abs_ent -27.7 / prior_obs_ent 15.4 / post_obs_ent 1.4 / boundary_ratio 0.0 / kl_mask 0.0 / normed_target_mean 0.6 / normed_target_std 0.3 / normed_target_min -0.1 / normed_target_max 1.1 / EMA_005 67.9 / EMA_095 702.5 / value_mean 441.9 / value_std 201.2 / value_min 12.1 / value_max 741.5 / target_mean 444.3 / target_std 202.5 / target_min 13.0 / target_max 783.1 / imag_reward_mean 1.4 / imag_reward_std 4.0 / imag_reward_min -0.0 / imag_reward_max 25.6 / imag_action_mean 5.6 / imag_action_std 5.2 / imag_action_min 0.0 / imag_action_max 17.0 / actor_entropy 0.4 / actor_loss 0.7 / actor_grad_norm 4.6 / value_loss 1.4 / value_grad_norm 1.5 / update_count 38632.0 / fps 12.6
add_video needs package moviepy
add_video needs package moviepy
[164752] 
Start evaluation.
[164752] eval_return 3388.0 / eval_length 1396.8 / eval_episodes 5.0
add_video needs package moviepy
Start training.
[164752] model_loss 16.3 / model_grad_norm 26.8 / image_loss 6.8 / reward_loss 0.1 / cont_loss 0.0 / kl_free 1.0 / dyn_scale 0.5 / rep_scale 0.1 / dyn_loss 15.6 / rep_loss 15.6 / kl 15.6 / prior_abs_ent 30.2 / post_abs_ent -27.6 / prior_obs_ent 14.9 / post_obs_ent 0.8 / boundary_ratio 0.0 / kl_mask 0.0 / normed_target_mean 0.6 / normed_target_std 0.3 / normed_target_min -0.1 / normed_target_max 1.1 / EMA_005 70.3 / EMA_095 706.4 / value_mean 445.4 / value_std 205.2 / value_min 10.0 / value_max 742.3 / target_mean 448.2 / target_std 206.7 / target_min 11.4 / target_max 788.4 / imag_reward_mean 1.5 / imag_reward_std 4.2 / imag_reward_min -0.0 / imag_reward_max 26.9 / imag_action_mean 5.7 / imag_action_std 5.2 / imag_action_min 0.0 / imag_action_max 17.0 / actor_entropy 0.4 / actor_loss 0.8 / actor_grad_norm 4.8 / value_loss 1.4 / value_grad_norm 1.5 / update_count 38788.0 / fps 12.4
add_video needs package moviepy
add_video needs package moviepy
[165376] 
Start evaluation.
[165376] eval_return 3384.0 / eval_length 1442.4 / eval_episodes 5.0
add_video needs package moviepy
Start training.
[165376] model_loss 16.5 / model_grad_norm 24.9 / image_loss 6.9 / reward_loss 0.1 / cont_loss 0.0 / kl_free 1.0 / dyn_scale 0.5 / rep_scale 0.1 / dyn_loss 15.8 / rep_loss 15.8 / kl 15.8 / prior_abs_ent 30.6 / post_abs_ent -27.6 / prior_obs_ent 15.3 / post_obs_ent 1.2 / boundary_ratio 0.0 / kl_mask 0.0 / normed_target_mean 0.6 / normed_target_std 0.3 / normed_target_min -0.1 / normed_target_max 1.1 / EMA_005 69.9 / EMA_095 711.4 / value_mean 449.9 / value_std 208.5 / value_min 13.4 / value_max 744.1 / target_mean 452.3 / target_std 209.8 / target_min 12.8 / target_max 787.5 / imag_reward_mean 1.4 / imag_reward_std 4.1 / imag_reward_min -0.0 / imag_reward_max 26.2 / imag_action_mean 5.9 / imag_action_std 5.3 / imag_action_min 0.0 / imag_action_max 17.0 / actor_entropy 0.4 / actor_loss 0.7 / actor_grad_norm 4.8 / value_loss 1.4 / value_grad_norm 1.7 / update_count 38944.0 / fps 12.2
add_video needs package moviepy
add_video needs package moviepy
[166000] 
Start evaluation.
[166000] eval_return 3034.0 / eval_length 1334.2 / eval_episodes 5.0
add_video needs package moviepy
Start training.
[166000] model_loss 16.7 / model_grad_norm 30.5 / image_loss 7.1 / reward_loss 0.1 / cont_loss 0.0 / kl_free 1.0 / dyn_scale 0.5 / rep_scale 0.1 / dyn_loss 15.9 / rep_loss 15.9 / kl 15.9 / prior_abs_ent 30.8 / post_abs_ent -27.6 / prior_obs_ent 15.9 / post_obs_ent 1.6 / boundary_ratio 0.0 / kl_mask 0.0 / normed_target_mean 0.6 / normed_target_std 0.3 / normed_target_min -0.1 / normed_target_max 1.1 / EMA_005 64.9 / EMA_095 711.3 / value_mean 448.7 / value_std 206.0 / value_min 7.7 / value_max 745.6 / target_mean 450.9 / target_std 207.6 / target_min 8.4 / target_max 791.0 / imag_reward_mean 1.4 / imag_reward_std 4.1 / imag_reward_min -0.0 / imag_reward_max 26.6 / imag_action_mean 6.0 / imag_action_std 5.2 / imag_action_min 0.0 / imag_action_max 17.0 / actor_entropy 0.4 / actor_loss 0.7 / actor_grad_norm 5.0 / value_loss 1.4 / value_grad_norm 1.4 / update_count 39100.0 / fps 12.5
add_video needs package moviepy
add_video needs package moviepy
[166624] 
Start evaluation.
[166624] eval_return 3804.0 / eval_length 1424.2 / eval_episodes 5.0
add_video needs package moviepy
Start training.
[166624] model_loss 17.1 / model_grad_norm 30.9 / image_loss 7.3 / reward_loss 0.1 / cont_loss 0.0 / kl_free 1.0 / dyn_scale 0.5 / rep_scale 0.1 / dyn_loss 16.2 / rep_loss 16.2 / kl 16.2 / prior_abs_ent 31.0 / post_abs_ent -27.6 / prior_obs_ent 15.6 / post_obs_ent 1.1 / boundary_ratio 0.0 / kl_mask 0.0 / normed_target_mean 0.6 / normed_target_std 0.3 / normed_target_min -0.1 / normed_target_max 1.1 / EMA_005 66.2 / EMA_095 711.7 / value_mean 446.3 / value_std 208.8 / value_min 10.3 / value_max 748.5 / target_mean 448.5 / target_std 210.0 / target_min 10.4 / target_max 790.1 / imag_reward_mean 1.4 / imag_reward_std 4.1 / imag_reward_min -0.0 / imag_reward_max 25.9 / imag_action_mean 5.9 / imag_action_std 5.2 / imag_action_min 0.0 / imag_action_max 17.0 / actor_entropy 0.4 / actor_loss 0.6 / actor_grad_norm 5.2 / value_loss 1.5 / value_grad_norm 1.7 / update_count 39256.0 / fps 12.3
add_video needs package moviepy
add_video needs package moviepy
[167248] 
Start evaluation.
[167248] eval_return 3930.0 / eval_length 1527.4 / eval_episodes 5.0
add_video needs package moviepy
Start training.
[167248] model_loss 16.7 / model_grad_norm 25.7 / image_loss 7.1 / reward_loss 0.1 / cont_loss 0.0 / kl_free 1.0 / dyn_scale 0.5 / rep_scale 0.1 / dyn_loss 15.8 / rep_loss 15.8 / kl 15.8 / prior_abs_ent 30.6 / post_abs_ent -27.6 / prior_obs_ent 15.6 / post_obs_ent 1.3 / boundary_ratio 0.0 / kl_mask 0.0 / normed_target_mean 0.6 / normed_target_std 0.3 / normed_target_min -0.1 / normed_target_max 1.1 / EMA_005 65.4 / EMA_095 712.4 / value_mean 455.7 / value_std 205.4 / value_min 11.7 / value_max 748.2 / target_mean 457.7 / target_std 206.6 / target_min 11.5 / target_max 790.1 / imag_reward_mean 1.4 / imag_reward_std 4.0 / imag_reward_min -0.0 / imag_reward_max 24.4 / imag_action_mean 6.2 / imag_action_std 5.3 / imag_action_min 0.0 / imag_action_max 17.0 / actor_entropy 0.4 / actor_loss 0.6 / actor_grad_norm 4.9 / value_loss 1.4 / value_grad_norm 1.4 / update_count 39412.0 / fps 12.2
add_video needs package moviepy
add_video needs package moviepy
[167872] 
Start evaluation.
[167872] eval_return 3258.0 / eval_length 1359.8 / eval_episodes 5.0
add_video needs package moviepy
Start training.
[167872] model_loss 16.5 / model_grad_norm 24.7 / image_loss 6.8 / reward_loss 0.1 / cont_loss 0.0 / kl_free 1.0 / dyn_scale 0.5 / rep_scale 0.1 / dyn_loss 15.9 / rep_loss 15.9 / kl 15.9 / prior_abs_ent 30.7 / post_abs_ent -27.6 / prior_obs_ent 15.4 / post_obs_ent 1.0 / boundary_ratio 0.0 / kl_mask 0.0 / normed_target_mean 0.6 / normed_target_std 0.3 / normed_target_min -0.1 / normed_target_max 1.1 / EMA_005 61.6 / EMA_095 714.9 / value_mean 453.3 / value_std 207.6 / value_min 8.5 / value_max 749.2 / target_mean 455.4 / target_std 209.1 / target_min 8.8 / target_max 795.8 / imag_reward_mean 1.5 / imag_reward_std 4.1 / imag_reward_min -0.0 / imag_reward_max 26.3 / imag_action_mean 6.3 / imag_action_std 5.2 / imag_action_min 0.0 / imag_action_max 17.0 / actor_entropy 0.4 / actor_loss 0.6 / actor_grad_norm 5.1 / value_loss 1.4 / value_grad_norm 1.4 / update_count 39568.0 / fps 12.6
add_video needs package moviepy
add_video needs package moviepy
[167960] dataset_size 41990.0 / train_return 3660.0 / train_length 1452.0 / train_episodes 29.0
[168496] 
Start evaluation.
[168496] eval_return 3448.0 / eval_length 1303.8 / eval_episodes 5.0
add_video needs package moviepy
Start training.
[168496] model_loss 16.6 / model_grad_norm 28.5 / image_loss 6.9 / reward_loss 0.1 / cont_loss 0.0 / kl_free 1.0 / dyn_scale 0.5 / rep_scale 0.1 / dyn_loss 16.1 / rep_loss 16.1 / kl 16.1 / prior_abs_ent 30.8 / post_abs_ent -27.6 / prior_obs_ent 15.4 / post_obs_ent 1.0 / boundary_ratio 0.0 / kl_mask 0.0 / normed_target_mean 0.6 / normed_target_std 0.3 / normed_target_min -0.1 / normed_target_max 1.1 / EMA_005 67.3 / EMA_095 716.8 / value_mean 456.2 / value_std 207.0 / value_min 12.5 / value_max 751.6 / target_mean 458.1 / target_std 208.2 / target_min 14.5 / target_max 796.1 / imag_reward_mean 1.4 / imag_reward_std 4.1 / imag_reward_min -0.0 / imag_reward_max 26.3 / imag_action_mean 6.2 / imag_action_std 5.1 / imag_action_min 0.0 / imag_action_max 17.0 / actor_entropy 0.4 / actor_loss 0.6 / actor_grad_norm 5.1 / value_loss 1.4 / value_grad_norm 1.5 / update_count 39724.0 / fps 12.7
add_video needs package moviepy
add_video needs package moviepy
[169120] 
Start evaluation.
[169120] eval_return 4178.0 / eval_length 1660.0 / eval_episodes 5.0
add_video needs package moviepy
Start training.
[169120] model_loss 16.5 / model_grad_norm 27.4 / image_loss 6.8 / reward_loss 0.1 / cont_loss 0.0 / kl_free 1.0 / dyn_scale 0.5 / rep_scale 0.1 / dyn_loss 16.0 / rep_loss 16.0 / kl 16.0 / prior_abs_ent 30.7 / post_abs_ent -27.6 / prior_obs_ent 15.3 / post_obs_ent 0.9 / boundary_ratio 0.0 / kl_mask 0.0 / normed_target_mean 0.6 / normed_target_std 0.3 / normed_target_min -0.1 / normed_target_max 1.1 / EMA_005 68.7 / EMA_095 718.9 / value_mean 458.8 / value_std 209.6 / value_min 12.0 / value_max 752.5 / target_mean 461.3 / target_std 210.9 / target_min 13.1 / target_max 798.1 / imag_reward_mean 1.4 / imag_reward_std 4.1 / imag_reward_min -0.0 / imag_reward_max 25.8 / imag_action_mean 6.2 / imag_action_std 5.1 / imag_action_min 0.0 / imag_action_max 17.0 / actor_entropy 0.4 / actor_loss 0.8 / actor_grad_norm 5.1 / value_loss 1.4 / value_grad_norm 1.4 / update_count 39880.0 / fps 11.8
add_video needs package moviepy
add_video needs package moviepy
[169744] 
Start evaluation.
[169744] eval_return 3286.0 / eval_length 1225.4 / eval_episodes 5.0
add_video needs package moviepy
Start training.
[169744] model_loss 16.4 / model_grad_norm 26.9 / image_loss 6.8 / reward_loss 0.1 / cont_loss 0.0 / kl_free 1.0 / dyn_scale 0.5 / rep_scale 0.1 / dyn_loss 15.9 / rep_loss 15.9 / kl 15.9 / prior_abs_ent 30.8 / post_abs_ent -27.5 / prior_obs_ent 15.3 / post_obs_ent 1.0 / boundary_ratio 0.0 / kl_mask 0.0 / normed_target_mean 0.6 / normed_target_std 0.3 / normed_target_min -0.1 / normed_target_max 1.1 / EMA_005 61.3 / EMA_095 721.3 / value_mean 454.1 / value_std 212.5 / value_min 8.2 / value_max 757.3 / target_mean 456.9 / target_std 214.0 / target_min 7.7 / target_max 799.3 / imag_reward_mean 1.4 / imag_reward_std 4.1 / imag_reward_min -0.0 / imag_reward_max 26.5 / imag_action_mean 6.3 / imag_action_std 5.1 / imag_action_min 0.0 / imag_action_max 17.0 / actor_entropy 0.4 / actor_loss 0.9 / actor_grad_norm 5.3 / value_loss 1.4 / value_grad_norm 1.6 / update_count 40036.0 / fps 12.9
add_video needs package moviepy
add_video needs package moviepy
[170368] 
Start evaluation.
[170368] eval_return 3844.0 / eval_length 1531.4 / eval_episodes 5.0
add_video needs package moviepy
Start training.
[170368] model_loss 16.3 / model_grad_norm 27.0 / image_loss 6.7 / reward_loss 0.1 / cont_loss 0.0 / kl_free 1.0 / dyn_scale 0.5 / rep_scale 0.1 / dyn_loss 15.9 / rep_loss 15.9 / kl 15.9 / prior_abs_ent 30.6 / post_abs_ent -27.5 / prior_obs_ent 15.5 / post_obs_ent 1.2 / boundary_ratio 0.0 / kl_mask 0.0 / normed_target_mean 0.6 / normed_target_std 0.3 / normed_target_min -0.1 / normed_target_max 1.1 / EMA_005 63.0 / EMA_095 724.2 / value_mean 454.0 / value_std 213.9 / value_min 11.6 / value_max 761.7 / target_mean 456.2 / target_std 215.3 / target_min 11.9 / target_max 802.5 / imag_reward_mean 1.4 / imag_reward_std 4.0 / imag_reward_min -0.0 / imag_reward_max 25.2 / imag_action_mean 6.3 / imag_action_std 5.1 / imag_action_min 0.0 / imag_action_max 17.0 / actor_entropy 0.4 / actor_loss 0.6 / actor_grad_norm 4.8 / value_loss 1.4 / value_grad_norm 1.4 / update_count 40192.0 / fps 12.2
add_video needs package moviepy
add_video needs package moviepy
[170992] 
Start evaluation.
[170992] eval_return 2934.0 / eval_length 1307.2 / eval_episodes 5.0
add_video needs package moviepy
Start training.
[170992] model_loss 16.4 / model_grad_norm 26.8 / image_loss 6.7 / reward_loss 0.1 / cont_loss 0.0 / kl_free 1.0 / dyn_scale 0.5 / rep_scale 0.1 / dyn_loss 16.1 / rep_loss 16.1 / kl 16.1 / prior_abs_ent 31.2 / post_abs_ent -27.6 / prior_obs_ent 15.6 / post_obs_ent 1.2 / boundary_ratio 0.0 / kl_mask 0.0 / normed_target_mean 0.6 / normed_target_std 0.3 / normed_target_min -0.1 / normed_target_max 1.1 / EMA_005 64.1 / EMA_095 725.4 / value_mean 461.2 / value_std 213.4 / value_min 12.1 / value_max 761.4 / target_mean 463.1 / target_std 214.6 / target_min 12.3 / target_max 803.3 / imag_reward_mean 1.4 / imag_reward_std 4.1 / imag_reward_min -0.0 / imag_reward_max 25.3 / imag_action_mean 6.2 / imag_action_std 5.0 / imag_action_min 0.0 / imag_action_max 17.0 / actor_entropy 0.4 / actor_loss 0.6 / actor_grad_norm 5.2 / value_loss 1.4 / value_grad_norm 1.5 / update_count 40348.0 / fps 12.7
add_video needs package moviepy
add_video needs package moviepy
[171616] 
Start evaluation.
[171616] eval_return 3322.0 / eval_length 1366.2 / eval_episodes 5.0
add_video needs package moviepy
Start training.
[171616] model_loss 16.5 / model_grad_norm 28.1 / image_loss 6.8 / reward_loss 0.1 / cont_loss 0.0 / kl_free 1.0 / dyn_scale 0.5 / rep_scale 0.1 / dyn_loss 16.1 / rep_loss 16.1 / kl 16.1 / prior_abs_ent 30.6 / post_abs_ent -27.5 / prior_obs_ent 15.7 / post_obs_ent 1.3 / boundary_ratio 0.0 / kl_mask 0.0 / normed_target_mean 0.6 / normed_target_std 0.3 / normed_target_min -0.1 / normed_target_max 1.1 / EMA_005 62.6 / EMA_095 730.1 / value_mean 462.9 / value_std 212.7 / value_min 9.6 / value_max 768.8 / target_mean 465.0 / target_std 213.9 / target_min 9.1 / target_max 811.4 / imag_reward_mean 1.4 / imag_reward_std 4.1 / imag_reward_min -0.0 / imag_reward_max 26.2 / imag_action_mean 6.4 / imag_action_std 5.1 / imag_action_min 0.0 / imag_action_max 17.0 / actor_entropy 0.4 / actor_loss 0.6 / actor_grad_norm 5.4 / value_loss 1.4 / value_grad_norm 1.5 / update_count 40504.0 / fps 12.5
add_video needs package moviepy
add_video needs package moviepy
[172240] 
Start evaluation.
[172240] eval_return 2992.0 / eval_length 1251.2 / eval_episodes 5.0
add_video needs package moviepy
Start training.
[172240] model_loss 16.3 / model_grad_norm 26.7 / image_loss 6.7 / reward_loss 0.1 / cont_loss 0.0 / kl_free 1.0 / dyn_scale 0.5 / rep_scale 0.1 / dyn_loss 16.0 / rep_loss 16.0 / kl 16.0 / prior_abs_ent 31.1 / post_abs_ent -27.5 / prior_obs_ent 15.6 / post_obs_ent 1.3 / boundary_ratio 0.0 / kl_mask 0.0 / normed_target_mean 0.6 / normed_target_std 0.3 / normed_target_min -0.1 / normed_target_max 1.1 / EMA_005 63.3 / EMA_095 731.7 / value_mean 462.7 / value_std 215.0 / value_min 10.0 / value_max 767.9 / target_mean 464.7 / target_std 216.2 / target_min 11.5 / target_max 805.0 / imag_reward_mean 1.4 / imag_reward_std 4.1 / imag_reward_min -0.0 / imag_reward_max 26.5 / imag_action_mean 6.5 / imag_action_std 5.1 / imag_action_min 0.0 / imag_action_max 17.0 / actor_entropy 0.4 / actor_loss 0.6 / actor_grad_norm 5.1 / value_loss 1.4 / value_grad_norm 1.4 / update_count 40660.0 / fps 12.9
add_video needs package moviepy
add_video needs package moviepy
[172864] 
Start evaluation.
[172864] eval_return 3648.0 / eval_length 1409.0 / eval_episodes 5.0
add_video needs package moviepy
Start training.
[172864] model_loss 16.2 / model_grad_norm 27.8 / image_loss 6.5 / reward_loss 0.1 / cont_loss 0.0 / kl_free 1.0 / dyn_scale 0.5 / rep_scale 0.1 / dyn_loss 16.0 / rep_loss 16.0 / kl 16.0 / prior_abs_ent 30.6 / post_abs_ent -27.6 / prior_obs_ent 15.1 / post_obs_ent 0.8 / boundary_ratio 0.0 / kl_mask 0.0 / normed_target_mean 0.6 / normed_target_std 0.3 / normed_target_min -0.1 / normed_target_max 1.1 / EMA_005 63.8 / EMA_095 733.4 / value_mean 471.9 / value_std 217.6 / value_min 11.8 / value_max 774.5 / target_mean 474.5 / target_std 219.0 / target_min 12.6 / target_max 813.0 / imag_reward_mean 1.5 / imag_reward_std 4.2 / imag_reward_min -0.0 / imag_reward_max 25.7 / imag_action_mean 6.5 / imag_action_std 5.0 / imag_action_min 0.0 / imag_action_max 17.0 / actor_entropy 0.4 / actor_loss 0.8 / actor_grad_norm 5.0 / value_loss 1.4 / value_grad_norm 1.3 / update_count 40816.0 / fps 12.3
add_video needs package moviepy
add_video needs package moviepy
[173488] 
Start evaluation.
[173488] eval_return 2836.0 / eval_length 1294.2 / eval_episodes 5.0
add_video needs package moviepy
Start training.
[173488] model_loss 16.4 / model_grad_norm 28.7 / image_loss 6.7 / reward_loss 0.1 / cont_loss 0.0 / kl_free 1.0 / dyn_scale 0.5 / rep_scale 0.1 / dyn_loss 16.1 / rep_loss 16.1 / kl 16.1 / prior_abs_ent 30.7 / post_abs_ent -27.5 / prior_obs_ent 15.4 / post_obs_ent 0.9 / boundary_ratio 0.0 / kl_mask 0.0 / normed_target_mean 0.6 / normed_target_std 0.3 / normed_target_min -0.1 / normed_target_max 1.1 / EMA_005 69.9 / EMA_095 738.4 / value_mean 477.3 / value_std 212.9 / value_min 12.3 / value_max 780.5 / target_mean 479.2 / target_std 214.3 / target_min 14.7 / target_max 813.8 / imag_reward_mean 1.4 / imag_reward_std 4.1 / imag_reward_min -0.0 / imag_reward_max 26.8 / imag_action_mean 6.5 / imag_action_std 5.1 / imag_action_min 0.0 / imag_action_max 17.0 / actor_entropy 0.4 / actor_loss 0.6 / actor_grad_norm 5.2 / value_loss 1.4 / value_grad_norm 1.4 / update_count 40972.0 / fps 12.8
add_video needs package moviepy
add_video needs package moviepy
[173916] dataset_size 43479.0 / train_return 3580.0 / train_length 1489.0 / train_episodes 30.0
[174112] 
Start evaluation.
[174112] eval_return 2876.0 / eval_length 1298.2 / eval_episodes 5.0
add_video needs package moviepy
Start training.
[174112] model_loss 16.3 / model_grad_norm 26.5 / image_loss 6.6 / reward_loss 0.1 / cont_loss 0.0 / kl_free 1.0 / dyn_scale 0.5 / rep_scale 0.1 / dyn_loss 16.0 / rep_loss 16.0 / kl 16.0 / prior_abs_ent 30.9 / post_abs_ent -27.6 / prior_obs_ent 15.2 / post_obs_ent 0.8 / boundary_ratio 0.0 / kl_mask 0.0 / normed_target_mean 0.6 / normed_target_std 0.3 / normed_target_min -0.1 / normed_target_max 1.1 / EMA_005 69.9 / EMA_095 737.7 / value_mean 475.4 / value_std 214.2 / value_min 12.0 / value_max 786.2 / target_mean 477.5 / target_std 215.5 / target_min 15.0 / target_max 819.2 / imag_reward_mean 1.4 / imag_reward_std 4.1 / imag_reward_min -0.0 / imag_reward_max 26.4 / imag_action_mean 6.5 / imag_action_std 5.1 / imag_action_min 0.0 / imag_action_max 17.0 / actor_entropy 0.4 / actor_loss 0.7 / actor_grad_norm 5.1 / value_loss 1.4 / value_grad_norm 1.5 / update_count 41128.0 / fps 12.8
add_video needs package moviepy
add_video needs package moviepy
[174736] 
Start evaluation.
[174736] eval_return 3354.0 / eval_length 1395.8 / eval_episodes 5.0
add_video needs package moviepy
Start training.
[174736] model_loss 16.3 / model_grad_norm 27.6 / image_loss 6.5 / reward_loss 0.1 / cont_loss 0.0 / kl_free 1.0 / dyn_scale 0.5 / rep_scale 0.1 / dyn_loss 16.1 / rep_loss 16.1 / kl 16.1 / prior_abs_ent 31.0 / post_abs_ent -27.6 / prior_obs_ent 15.3 / post_obs_ent 0.8 / boundary_ratio 0.0 / kl_mask 0.0 / normed_target_mean 0.6 / normed_target_std 0.3 / normed_target_min -0.1 / normed_target_max 1.1 / EMA_005 64.7 / EMA_095 741.8 / value_mean 467.7 / value_std 221.6 / value_min 8.3 / value_max 789.0 / target_mean 469.9 / target_std 222.8 / target_min 9.3 / target_max 819.5 / imag_reward_mean 1.4 / imag_reward_std 4.1 / imag_reward_min -0.0 / imag_reward_max 26.0 / imag_action_mean 6.5 / imag_action_std 5.1 / imag_action_min 0.0 / imag_action_max 17.0 / actor_entropy 0.4 / actor_loss 0.7 / actor_grad_norm 5.3 / value_loss 1.4 / value_grad_norm 1.6 / update_count 41284.0 / fps 12.6
add_video needs package moviepy
add_video needs package moviepy
[175360] 
Start evaluation.
[175360] eval_return 3974.0 / eval_length 1472.8 / eval_episodes 5.0
add_video needs package moviepy
Start training.
[175360] model_loss 16.3 / model_grad_norm 27.0 / image_loss 6.5 / reward_loss 0.1 / cont_loss 0.0 / kl_free 1.0 / dyn_scale 0.5 / rep_scale 0.1 / dyn_loss 16.1 / rep_loss 16.1 / kl 16.1 / prior_abs_ent 31.0 / post_abs_ent -27.6 / prior_obs_ent 15.5 / post_obs_ent 1.0 / boundary_ratio 0.0 / kl_mask 0.0 / normed_target_mean 0.6 / normed_target_std 0.3 / normed_target_min -0.1 / normed_target_max 1.1 / EMA_005 63.7 / EMA_095 742.9 / value_mean 474.1 / value_std 219.6 / value_min 12.7 / value_max 796.1 / target_mean 476.1 / target_std 221.0 / target_min 15.3 / target_max 821.9 / imag_reward_mean 1.4 / imag_reward_std 4.1 / imag_reward_min -0.0 / imag_reward_max 25.5 / imag_action_mean 6.5 / imag_action_std 5.2 / imag_action_min 0.0 / imag_action_max 17.0 / actor_entropy 0.4 / actor_loss 0.5 / actor_grad_norm 5.2 / value_loss 1.4 / value_grad_norm 1.4 / update_count 41440.0 / fps 12.2
add_video needs package moviepy
add_video needs package moviepy
[175984] 
Start evaluation.
[175984] eval_return 4034.0 / eval_length 1500.8 / eval_episodes 5.0
add_video needs package moviepy
Start training.
[175984] model_loss 16.7 / model_grad_norm 30.7 / image_loss 6.8 / reward_loss 0.1 / cont_loss 0.0 / kl_free 1.0 / dyn_scale 0.5 / rep_scale 0.1 / dyn_loss 16.5 / rep_loss 16.5 / kl 16.5 / prior_abs_ent 31.3 / post_abs_ent -27.6 / prior_obs_ent 16.5 / post_obs_ent 1.8 / boundary_ratio 0.0 / kl_mask 0.0 / normed_target_mean 0.6 / normed_target_std 0.3 / normed_target_min -0.1 / normed_target_max 1.1 / EMA_005 60.4 / EMA_095 744.2 / value_mean 467.4 / value_std 223.0 / value_min 9.0 / value_max 800.3 / target_mean 469.5 / target_std 224.2 / target_min 10.8 / target_max 825.1 / imag_reward_mean 1.4 / imag_reward_std 4.1 / imag_reward_min -0.0 / imag_reward_max 26.5 / imag_action_mean 6.8 / imag_action_std 5.2 / imag_action_min 0.0 / imag_action_max 17.0 / actor_entropy 0.4 / actor_loss 0.6 / actor_grad_norm 5.4 / value_loss 1.4 / value_grad_norm 1.5 / update_count 41596.0 / fps 12.2
add_video needs package moviepy
add_video needs package moviepy
[176608] 
Start evaluation.
[176608] eval_return 3454.0 / eval_length 1290.0 / eval_episodes 5.0
add_video needs package moviepy
Start training.
[176608] model_loss 16.6 / model_grad_norm 35.9 / image_loss 6.7 / reward_loss 0.1 / cont_loss 0.0 / kl_free 1.0 / dyn_scale 0.5 / rep_scale 0.1 / dyn_loss 16.3 / rep_loss 16.3 / kl 16.3 / prior_abs_ent 30.5 / post_abs_ent -27.8 / prior_obs_ent 16.0 / post_obs_ent 1.3 / boundary_ratio 0.0 / kl_mask 0.0 / normed_target_mean 0.6 / normed_target_std 0.3 / normed_target_min -0.1 / normed_target_max 1.1 / EMA_005 60.6 / EMA_095 743.8 / value_mean 474.0 / value_std 221.5 / value_min 8.4 / value_max 802.1 / target_mean 475.9 / target_std 222.7 / target_min 8.1 / target_max 827.2 / imag_reward_mean 1.4 / imag_reward_std 4.1 / imag_reward_min -0.0 / imag_reward_max 25.5 / imag_action_mean 6.8 / imag_action_std 5.1 / imag_action_min 0.0 / imag_action_max 17.0 / actor_entropy 0.4 / actor_loss 0.5 / actor_grad_norm 5.2 / value_loss 1.4 / value_grad_norm 1.5 / update_count 41752.0 / fps 12.7
add_video needs package moviepy
add_video needs package moviepy
[177232] 
Start evaluation.
[177232] eval_return 2926.0 / eval_length 1187.2 / eval_episodes 5.0
add_video needs package moviepy
Start training.
[177232] model_loss 16.1 / model_grad_norm 25.5 / image_loss 6.5 / reward_loss 0.1 / cont_loss 0.0 / kl_free 1.0 / dyn_scale 0.5 / rep_scale 0.1 / dyn_loss 16.0 / rep_loss 16.0 / kl 16.0 / prior_abs_ent 30.5 / post_abs_ent -27.7 / prior_obs_ent 14.9 / post_obs_ent 0.5 / boundary_ratio 0.0 / kl_mask 0.0 / normed_target_mean 0.6 / normed_target_std 0.3 / normed_target_min -0.1 / normed_target_max 1.1 / EMA_005 59.7 / EMA_095 748.8 / value_mean 479.2 / value_std 223.5 / value_min 12.4 / value_max 815.6 / target_mean 481.1 / target_std 224.9 / target_min 12.6 / target_max 832.9 / imag_reward_mean 1.5 / imag_reward_std 4.1 / imag_reward_min -0.0 / imag_reward_max 25.6 / imag_action_mean 6.8 / imag_action_std 5.2 / imag_action_min 0.0 / imag_action_max 17.0 / actor_entropy 0.4 / actor_loss 0.6 / actor_grad_norm 5.0 / value_loss 1.3 / value_grad_norm 1.3 / update_count 41908.0 / fps 13.0
add_video needs package moviepy
add_video needs package moviepy
[177856] 
Start evaluation.
[177856] eval_return 3460.0 / eval_length 1398.4 / eval_episodes 5.0
add_video needs package moviepy
Start training.
[177856] model_loss 16.3 / model_grad_norm 25.9 / image_loss 6.5 / reward_loss 0.1 / cont_loss 0.0 / kl_free 1.0 / dyn_scale 0.5 / rep_scale 0.1 / dyn_loss 16.2 / rep_loss 16.2 / kl 16.2 / prior_abs_ent 30.8 / post_abs_ent -27.6 / prior_obs_ent 14.8 / post_obs_ent 0.3 / boundary_ratio 0.0 / kl_mask 0.0 / normed_target_mean 0.6 / normed_target_std 0.3 / normed_target_min -0.1 / normed_target_max 1.1 / EMA_005 67.0 / EMA_095 751.5 / value_mean 487.3 / value_std 220.0 / value_min 10.6 / value_max 818.4 / target_mean 489.5 / target_std 221.3 / target_min 11.9 / target_max 837.3 / imag_reward_mean 1.5 / imag_reward_std 4.2 / imag_reward_min -0.0 / imag_reward_max 25.8 / imag_action_mean 7.0 / imag_action_std 5.2 / imag_action_min 0.0 / imag_action_max 17.0 / actor_entropy 0.4 / actor_loss 0.7 / actor_grad_norm 5.2 / value_loss 1.4 / value_grad_norm 1.3 / update_count 42064.0 / fps 12.4
add_video needs package moviepy
add_video needs package moviepy
[178480] 
Start evaluation.
[178480] eval_return 2996.0 / eval_length 1331.6 / eval_episodes 5.0
add_video needs package moviepy
Start training.
[178480] model_loss 16.2 / model_grad_norm 25.1 / image_loss 6.5 / reward_loss 0.1 / cont_loss 0.0 / kl_free 1.0 / dyn_scale 0.5 / rep_scale 0.1 / dyn_loss 16.1 / rep_loss 16.1 / kl 16.1 / prior_abs_ent 30.9 / post_abs_ent -27.6 / prior_obs_ent 14.7 / post_obs_ent 0.3 / boundary_ratio 0.0 / kl_mask 0.0 / normed_target_mean 0.6 / normed_target_std 0.3 / normed_target_min -0.1 / normed_target_max 1.1 / EMA_005 63.9 / EMA_095 753.7 / value_mean 477.1 / value_std 223.3 / value_min 12.2 / value_max 824.6 / target_mean 479.2 / target_std 224.9 / target_min 12.9 / target_max 841.8 / imag_reward_mean 1.4 / imag_reward_std 4.1 / imag_reward_min -0.0 / imag_reward_max 25.3 / imag_action_mean 7.6 / imag_action_std 5.3 / imag_action_min 0.0 / imag_action_max 17.0 / actor_entropy 0.4 / actor_loss 0.8 / actor_grad_norm 5.3 / value_loss 1.4 / value_grad_norm 1.4 / update_count 42220.0 / fps 12.7
add_video needs package moviepy
add_video needs package moviepy
[179104] 
Start evaluation.
[179104] eval_return 2280.0 / eval_length 1090.2 / eval_episodes 5.0
add_video needs package moviepy
Start training.
[179104] model_loss 16.4 / model_grad_norm 25.9 / image_loss 6.5 / reward_loss 0.1 / cont_loss 0.0 / kl_free 1.0 / dyn_scale 0.5 / rep_scale 0.1 / dyn_loss 16.3 / rep_loss 16.3 / kl 16.3 / prior_abs_ent 31.0 / post_abs_ent -27.7 / prior_obs_ent 14.8 / post_obs_ent 0.1 / boundary_ratio 0.0 / kl_mask 0.0 / normed_target_mean 0.6 / normed_target_std 0.3 / normed_target_min -0.1 / normed_target_max 1.1 / EMA_005 61.4 / EMA_095 758.7 / value_mean 492.9 / value_std 222.9 / value_min 8.3 / value_max 835.8 / target_mean 495.5 / target_std 224.5 / target_min 9.3 / target_max 855.3 / imag_reward_mean 1.5 / imag_reward_std 4.2 / imag_reward_min -0.0 / imag_reward_max 26.5 / imag_action_mean 8.0 / imag_action_std 5.3 / imag_action_min 0.0 / imag_action_max 17.0 / actor_entropy 0.5 / actor_loss 1.0 / actor_grad_norm 5.3 / value_loss 1.4 / value_grad_norm 1.4 / update_count 42376.0 / fps 13.3
add_video needs package moviepy
add_video needs package moviepy
[179728] 
Start evaluation.
[179728] eval_return 2418.0 / eval_length 1343.2 / eval_episodes 5.0
add_video needs package moviepy
Start training.
[179728] model_loss 16.2 / model_grad_norm 29.7 / image_loss 6.4 / reward_loss 0.1 / cont_loss 0.0 / kl_free 1.0 / dyn_scale 0.5 / rep_scale 0.1 / dyn_loss 16.1 / rep_loss 16.1 / kl 16.1 / prior_abs_ent 31.0 / post_abs_ent -27.6 / prior_obs_ent 14.8 / post_obs_ent 0.3 / boundary_ratio 0.0 / kl_mask 0.0 / normed_target_mean 0.6 / normed_target_std 0.3 / normed_target_min -0.1 / normed_target_max 1.1 / EMA_005 61.0 / EMA_095 764.6 / value_mean 485.1 / value_std 230.4 / value_min 13.2 / value_max 837.2 / target_mean 487.6 / target_std 231.9 / target_min 13.6 / target_max 858.1 / imag_reward_mean 1.5 / imag_reward_std 4.1 / imag_reward_min -0.0 / imag_reward_max 25.4 / imag_action_mean 8.1 / imag_action_std 5.4 / imag_action_min 0.0 / imag_action_max 17.0 / actor_entropy 0.5 / actor_loss 0.9 / actor_grad_norm 5.2 / value_loss 1.4 / value_grad_norm 1.3 / update_count 42532.0 / fps 12.6
add_video needs package moviepy
add_video needs package moviepy
[179820] dataset_size 44955.0 / train_return 2600.0 / train_length 1476.0 / train_episodes 31.0
[180352] 
Start evaluation.
[180352] eval_return 2586.0 / eval_length 1337.4 / eval_episodes 5.0
add_video needs package moviepy
Start training.
[180352] model_loss 16.2 / model_grad_norm 27.3 / image_loss 6.4 / reward_loss 0.1 / cont_loss 0.0 / kl_free 1.0 / dyn_scale 0.5 / rep_scale 0.1 / dyn_loss 16.2 / rep_loss 16.2 / kl 16.2 / prior_abs_ent 31.1 / post_abs_ent -27.6 / prior_obs_ent 15.0 / post_obs_ent 0.4 / boundary_ratio 0.0 / kl_mask 0.0 / normed_target_mean 0.6 / normed_target_std 0.3 / normed_target_min -0.1 / normed_target_max 1.1 / EMA_005 60.2 / EMA_095 769.1 / value_mean 489.5 / value_std 231.3 / value_min 8.3 / value_max 844.9 / target_mean 492.5 / target_std 232.9 / target_min 9.9 / target_max 865.8 / imag_reward_mean 1.5 / imag_reward_std 4.2 / imag_reward_min -0.0 / imag_reward_max 25.2 / imag_action_mean 8.0 / imag_action_std 5.3 / imag_action_min 0.0 / imag_action_max 17.0 / actor_entropy 0.4 / actor_loss 1.0 / actor_grad_norm 5.4 / value_loss 1.4 / value_grad_norm 1.4 / update_count 42688.0 / fps 12.6
add_video needs package moviepy
add_video needs package moviepy
[180976] 
Start evaluation.
[180976] eval_return 2404.0 / eval_length 1327.8 / eval_episodes 5.0
add_video needs package moviepy
Start training.
[180976] model_loss 16.2 / model_grad_norm 26.2 / image_loss 6.4 / reward_loss 0.1 / cont_loss 0.0 / kl_free 1.0 / dyn_scale 0.5 / rep_scale 0.1 / dyn_loss 16.2 / rep_loss 16.2 / kl 16.2 / prior_abs_ent 31.2 / post_abs_ent -27.7 / prior_obs_ent 14.9 / post_obs_ent 0.3 / boundary_ratio 0.0 / kl_mask 0.0 / normed_target_mean 0.6 / normed_target_std 0.3 / normed_target_min -0.1 / normed_target_max 1.1 / EMA_005 57.0 / EMA_095 773.5 / value_mean 495.9 / value_std 230.9 / value_min 10.4 / value_max 847.8 / target_mean 498.5 / target_std 232.5 / target_min 11.3 / target_max 867.9 / imag_reward_mean 1.5 / imag_reward_std 4.2 / imag_reward_min -0.0 / imag_reward_max 24.7 / imag_action_mean 8.3 / imag_action_std 5.4 / imag_action_min 0.0 / imag_action_max 17.0 / actor_entropy 0.4 / actor_loss 0.9 / actor_grad_norm 5.5 / value_loss 1.4 / value_grad_norm 1.3 / update_count 42844.0 / fps 12.7
add_video needs package moviepy
add_video needs package moviepy
[181600] 
Start evaluation.
[181600] eval_return 2650.0 / eval_length 1393.4 / eval_episodes 5.0
add_video needs package moviepy
Start training.
[181600] model_loss 16.4 / model_grad_norm 28.1 / image_loss 6.5 / reward_loss 0.1 / cont_loss 0.0 / kl_free 1.0 / dyn_scale 0.5 / rep_scale 0.1 / dyn_loss 16.3 / rep_loss 16.3 / kl 16.3 / prior_abs_ent 31.3 / post_abs_ent -27.6 / prior_obs_ent 15.3 / post_obs_ent 0.6 / boundary_ratio 0.0 / kl_mask 0.0 / normed_target_mean 0.6 / normed_target_std 0.3 / normed_target_min -0.1 / normed_target_max 1.1 / EMA_005 58.0 / EMA_095 778.7 / value_mean 502.3 / value_std 228.4 / value_min 13.7 / value_max 850.9 / target_mean 505.0 / target_std 229.7 / target_min 13.9 / target_max 873.6 / imag_reward_mean 1.5 / imag_reward_std 4.2 / imag_reward_min -0.0 / imag_reward_max 26.1 / imag_action_mean 8.1 / imag_action_std 5.4 / imag_action_min 0.0 / imag_action_max 17.0 / actor_entropy 0.4 / actor_loss 1.0 / actor_grad_norm 5.5 / value_loss 1.4 / value_grad_norm 1.5 / update_count 43000.0 / fps 12.4
add_video needs package moviepy
add_video needs package moviepy
[182224] 
Start evaluation.
[182224] eval_return 2474.0 / eval_length 1356.4 / eval_episodes 5.0
add_video needs package moviepy
Start training.
[182224] model_loss 16.2 / model_grad_norm 25.0 / image_loss 6.4 / reward_loss 0.1 / cont_loss 0.0 / kl_free 1.0 / dyn_scale 0.5 / rep_scale 0.1 / dyn_loss 16.2 / rep_loss 16.2 / kl 16.2 / prior_abs_ent 31.0 / post_abs_ent -27.6 / prior_obs_ent 14.8 / post_obs_ent 0.3 / boundary_ratio 0.0 / kl_mask 0.0 / normed_target_mean 0.6 / normed_target_std 0.3 / normed_target_min -0.1 / normed_target_max 1.1 / EMA_005 60.7 / EMA_095 783.0 / value_mean 503.6 / value_std 228.6 / value_min 12.4 / value_max 852.0 / target_mean 506.0 / target_std 229.9 / target_min 13.9 / target_max 876.7 / imag_reward_mean 1.4 / imag_reward_std 4.1 / imag_reward_min -0.0 / imag_reward_max 26.3 / imag_action_mean 8.2 / imag_action_std 5.4 / imag_action_min 0.0 / imag_action_max 17.0 / actor_entropy 0.4 / actor_loss 0.8 / actor_grad_norm 5.5 / value_loss 1.4 / value_grad_norm 1.4 / update_count 43156.0 / fps 12.5
add_video needs package moviepy
add_video needs package moviepy
[182848] 
Start evaluation.
[182848] eval_return 2876.0 / eval_length 1491.4 / eval_episodes 5.0
add_video needs package moviepy
Start training.
[182848] model_loss 16.1 / model_grad_norm 25.4 / image_loss 6.3 / reward_loss 0.1 / cont_loss 0.0 / kl_free 1.0 / dyn_scale 0.5 / rep_scale 0.1 / dyn_loss 16.1 / rep_loss 16.1 / kl 16.1 / prior_abs_ent 31.1 / post_abs_ent -27.6 / prior_obs_ent 14.7 / post_obs_ent 0.2 / boundary_ratio 0.0 / kl_mask 0.0 / normed_target_mean 0.6 / normed_target_std 0.3 / normed_target_min -0.1 / normed_target_max 1.1 / EMA_005 64.9 / EMA_095 785.7 / value_mean 508.7 / value_std 232.0 / value_min 13.0 / value_max 854.7 / target_mean 511.1 / target_std 233.1 / target_min 12.8 / target_max 881.9 / imag_reward_mean 1.4 / imag_reward_std 4.1 / imag_reward_min -0.0 / imag_reward_max 26.1 / imag_action_mean 8.1 / imag_action_std 5.4 / imag_action_min 0.0 / imag_action_max 17.0 / actor_entropy 0.4 / actor_loss 0.8 / actor_grad_norm 5.4 / value_loss 1.4 / value_grad_norm 1.3 / update_count 43312.0 / fps 12.2
add_video needs package moviepy
add_video needs package moviepy
[183472] 
Start evaluation.
[183472] eval_return 2450.0 / eval_length 1314.4 / eval_episodes 5.0
add_video needs package moviepy
Start training.
[183472] model_loss 16.1 / model_grad_norm 26.6 / image_loss 6.3 / reward_loss 0.1 / cont_loss 0.0 / kl_free 1.0 / dyn_scale 0.5 / rep_scale 0.1 / dyn_loss 16.2 / rep_loss 16.2 / kl 16.2 / prior_abs_ent 31.0 / post_abs_ent -27.6 / prior_obs_ent 14.7 / post_obs_ent 0.2 / boundary_ratio 0.0 / kl_mask 0.0 / normed_target_mean 0.6 / normed_target_std 0.3 / normed_target_min -0.1 / normed_target_max 1.1 / EMA_005 63.6 / EMA_095 790.0 / value_mean 509.3 / value_std 232.0 / value_min 13.1 / value_max 856.6 / target_mean 511.8 / target_std 233.1 / target_min 11.7 / target_max 883.7 / imag_reward_mean 1.5 / imag_reward_std 4.1 / imag_reward_min -0.0 / imag_reward_max 24.8 / imag_action_mean 7.9 / imag_action_std 5.4 / imag_action_min 0.0 / imag_action_max 17.0 / actor_entropy 0.4 / actor_loss 0.8 / actor_grad_norm 5.5 / value_loss 1.3 / value_grad_norm 1.4 / update_count 43468.0 / fps 12.6
add_video needs package moviepy
add_video needs package moviepy
[184096] 
Start evaluation.
[184096] eval_return 2812.0 / eval_length 1309.8 / eval_episodes 5.0
add_video needs package moviepy
Start training.
[184096] model_loss 16.1 / model_grad_norm 26.0 / image_loss 6.4 / reward_loss 0.1 / cont_loss 0.0 / kl_free 1.0 / dyn_scale 0.5 / rep_scale 0.1 / dyn_loss 16.1 / rep_loss 16.1 / kl 16.1 / prior_abs_ent 31.2 / post_abs_ent -27.6 / prior_obs_ent 14.6 / post_obs_ent 0.1 / boundary_ratio 0.0 / kl_mask 0.0 / normed_target_mean 0.6 / normed_target_std 0.3 / normed_target_min -0.1 / normed_target_max 1.1 / EMA_005 58.2 / EMA_095 793.2 / value_mean 500.4 / value_std 238.5 / value_min 7.7 / value_max 853.7 / target_mean 502.5 / target_std 239.6 / target_min 8.8 / target_max 880.2 / imag_reward_mean 1.5 / imag_reward_std 4.1 / imag_reward_min -0.0 / imag_reward_max 25.9 / imag_action_mean 8.0 / imag_action_std 5.4 / imag_action_min 0.0 / imag_action_max 17.0 / actor_entropy 0.4 / actor_loss 0.6 / actor_grad_norm 5.5 / value_loss 1.4 / value_grad_norm 1.3 / update_count 43624.0 / fps 12.7
add_video needs package moviepy
add_video needs package moviepy
[184632] dataset_size 46158.0 / train_return 2720.0 / train_length 1203.0 / train_episodes 32.0
[184720] 
Start evaluation.
[184720] eval_return 2512.0 / eval_length 1184.2 / eval_episodes 5.0
add_video needs package moviepy
Start training.
[184720] model_loss 16.3 / model_grad_norm 27.2 / image_loss 6.4 / reward_loss 0.1 / cont_loss 0.0 / kl_free 1.0 / dyn_scale 0.5 / rep_scale 0.1 / dyn_loss 16.4 / rep_loss 16.4 / kl 16.4 / prior_abs_ent 31.4 / post_abs_ent -27.6 / prior_obs_ent 14.9 / post_obs_ent 0.2 / boundary_ratio 0.0 / kl_mask 0.0 / normed_target_mean 0.6 / normed_target_std 0.3 / normed_target_min -0.1 / normed_target_max 1.1 / EMA_005 57.8 / EMA_095 791.1 / value_mean 508.0 / value_std 236.7 / value_min 9.6 / value_max 856.4 / target_mean 510.0 / target_std 237.7 / target_min 9.8 / target_max 881.7 / imag_reward_mean 1.5 / imag_reward_std 4.1 / imag_reward_min -0.0 / imag_reward_max 25.8 / imag_action_mean 7.7 / imag_action_std 5.4 / imag_action_min 0.0 / imag_action_max 17.0 / actor_entropy 0.4 / actor_loss 0.5 / actor_grad_norm 5.7 / value_loss 1.4 / value_grad_norm 1.5 / update_count 43780.0 / fps 13.0
add_video needs package moviepy
add_video needs package moviepy
[185344] 
Start evaluation.
[185344] eval_return 3230.0 / eval_length 1555.6 / eval_episodes 5.0
add_video needs package moviepy
Start training.
[185344] model_loss 16.1 / model_grad_norm 27.2 / image_loss 6.3 / reward_loss 0.1 / cont_loss 0.0 / kl_free 1.0 / dyn_scale 0.5 / rep_scale 0.1 / dyn_loss 16.2 / rep_loss 16.2 / kl 16.2 / prior_abs_ent 31.0 / post_abs_ent -27.6 / prior_obs_ent 15.1 / post_obs_ent 0.5 / boundary_ratio 0.0 / kl_mask 0.0 / normed_target_mean 0.6 / normed_target_std 0.3 / normed_target_min -0.1 / normed_target_max 1.1 / EMA_005 56.8 / EMA_095 794.3 / value_mean 507.4 / value_std 239.2 / value_min 6.6 / value_max 857.5 / target_mean 509.7 / target_std 240.2 / target_min 7.3 / target_max 885.1 / imag_reward_mean 1.4 / imag_reward_std 4.1 / imag_reward_min -0.0 / imag_reward_max 24.7 / imag_action_mean 7.7 / imag_action_std 5.3 / imag_action_min 0.0 / imag_action_max 17.0 / actor_entropy 0.4 / actor_loss 0.7 / actor_grad_norm 5.3 / value_loss 1.4 / value_grad_norm 1.4 / update_count 43936.0 / fps 12.0
add_video needs package moviepy
add_video needs package moviepy
[185968] 
Start evaluation.
[185968] eval_return 2508.0 / eval_length 1195.0 / eval_episodes 5.0
add_video needs package moviepy
Start training.
[185968] model_loss 16.1 / model_grad_norm 25.1 / image_loss 6.3 / reward_loss 0.1 / cont_loss 0.0 / kl_free 1.0 / dyn_scale 0.5 / rep_scale 0.1 / dyn_loss 16.3 / rep_loss 16.3 / kl 16.3 / prior_abs_ent 31.1 / post_abs_ent -27.6 / prior_obs_ent 14.3 / post_obs_ent -0.3 / boundary_ratio 0.0 / kl_mask 0.0 / normed_target_mean 0.6 / normed_target_std 0.3 / normed_target_min -0.1 / normed_target_max 1.1 / EMA_005 57.7 / EMA_095 794.4 / value_mean 513.2 / value_std 234.7 / value_min 8.7 / value_max 855.4 / target_mean 515.2 / target_std 235.7 / target_min 9.6 / target_max 884.0 / imag_reward_mean 1.5 / imag_reward_std 4.2 / imag_reward_min -0.0 / imag_reward_max 26.1 / imag_action_mean 7.6 / imag_action_std 5.3 / imag_action_min 0.0 / imag_action_max 17.0 / actor_entropy 0.4 / actor_loss 0.6 / actor_grad_norm 5.4 / value_loss 1.4 / value_grad_norm 1.4 / update_count 44092.0 / fps 13.0
add_video needs package moviepy
add_video needs package moviepy
[186592] 
Start evaluation.
[186592] eval_return 3120.0 / eval_length 1289.6 / eval_episodes 5.0
add_video needs package moviepy
Start training.
[186592] model_loss 16.2 / model_grad_norm 26.9 / image_loss 6.4 / reward_loss 0.1 / cont_loss 0.0 / kl_free 1.0 / dyn_scale 0.5 / rep_scale 0.1 / dyn_loss 16.3 / rep_loss 16.3 / kl 16.3 / prior_abs_ent 31.3 / post_abs_ent -27.6 / prior_obs_ent 14.9 / post_obs_ent 0.2 / boundary_ratio 0.0 / kl_mask 0.0 / normed_target_mean 0.6 / normed_target_std 0.3 / normed_target_min -0.1 / normed_target_max 1.1 / EMA_005 55.6 / EMA_095 795.8 / value_mean 509.1 / value_std 233.4 / value_min 9.4 / value_max 856.5 / target_mean 510.7 / target_std 234.3 / target_min 8.4 / target_max 885.8 / imag_reward_mean 1.4 / imag_reward_std 4.1 / imag_reward_min -0.0 / imag_reward_max 25.1 / imag_action_mean 7.6 / imag_action_std 5.3 / imag_action_min 0.0 / imag_action_max 17.0 / actor_entropy 0.4 / actor_loss 0.3 / actor_grad_norm 5.5 / value_loss 1.4 / value_grad_norm 1.7 / update_count 44248.0 / fps 12.7
add_video needs package moviepy
add_video needs package moviepy
[187216] 
Start evaluation.
[187216] eval_return 3052.0 / eval_length 1329.0 / eval_episodes 5.0
add_video needs package moviepy
Start training.
[187216] model_loss 16.3 / model_grad_norm 27.0 / image_loss 6.4 / reward_loss 0.1 / cont_loss 0.0 / kl_free 1.0 / dyn_scale 0.5 / rep_scale 0.1 / dyn_loss 16.4 / rep_loss 16.4 / kl 16.4 / prior_abs_ent 31.1 / post_abs_ent -27.6 / prior_obs_ent 14.5 / post_obs_ent -0.2 / boundary_ratio 0.0 / kl_mask 0.0 / normed_target_mean 0.6 / normed_target_std 0.3 / normed_target_min -0.1 / normed_target_max 1.1 / EMA_005 68.8 / EMA_095 797.1 / value_mean 523.4 / value_std 228.1 / value_min 11.4 / value_max 857.9 / target_mean 525.2 / target_std 228.9 / target_min 11.9 / target_max 884.1 / imag_reward_mean 1.5 / imag_reward_std 4.2 / imag_reward_min -0.0 / imag_reward_max 26.0 / imag_action_mean 7.4 / imag_action_std 5.3 / imag_action_min 0.0 / imag_action_max 17.0 / actor_entropy 0.4 / actor_loss 0.5 / actor_grad_norm 5.3 / value_loss 1.3 / value_grad_norm 1.3 / update_count 44404.0 / fps 12.6
add_video needs package moviepy
add_video needs package moviepy
[187840] 
Start evaluation.
[187840] eval_return 3232.0 / eval_length 1457.6 / eval_episodes 5.0
add_video needs package moviepy
Start training.
[187840] model_loss 16.1 / model_grad_norm 30.1 / image_loss 6.2 / reward_loss 0.1 / cont_loss 0.0 / kl_free 1.0 / dyn_scale 0.5 / rep_scale 0.1 / dyn_loss 16.2 / rep_loss 16.2 / kl 16.2 / prior_abs_ent 31.1 / post_abs_ent -27.6 / prior_obs_ent 14.5 / post_obs_ent -0.1 / boundary_ratio 0.0 / kl_mask 0.0 / normed_target_mean 0.6 / normed_target_std 0.3 / normed_target_min -0.1 / normed_target_max 1.1 / EMA_005 68.1 / EMA_095 797.3 / value_mean 520.2 / value_std 230.1 / value_min 15.9 / value_max 855.1 / target_mean 521.8 / target_std 231.1 / target_min 19.3 / target_max 885.5 / imag_reward_mean 1.5 / imag_reward_std 4.1 / imag_reward_min -0.0 / imag_reward_max 24.9 / imag_action_mean 7.4 / imag_action_std 5.3 / imag_action_min 0.0 / imag_action_max 17.0 / actor_entropy 0.4 / actor_loss 0.4 / actor_grad_norm 5.2 / value_loss 1.3 / value_grad_norm 1.3 / update_count 44560.0 / fps 12.3
add_video needs package moviepy
add_video needs package moviepy
[188464] 
Start evaluation.
[188464] eval_return 3224.0 / eval_length 1559.8 / eval_episodes 5.0
add_video needs package moviepy
Start training.
[188464] model_loss 16.1 / model_grad_norm 24.7 / image_loss 6.3 / reward_loss 0.1 / cont_loss 0.0 / kl_free 1.0 / dyn_scale 0.5 / rep_scale 0.1 / dyn_loss 16.3 / rep_loss 16.3 / kl 16.3 / prior_abs_ent 31.6 / post_abs_ent -27.6 / prior_obs_ent 14.3 / post_obs_ent -0.4 / boundary_ratio 0.0 / kl_mask 0.0 / normed_target_mean 0.6 / normed_target_std 0.3 / normed_target_min -0.1 / normed_target_max 1.1 / EMA_005 66.8 / EMA_095 798.3 / value_mean 517.2 / value_std 235.1 / value_min 10.5 / value_max 856.3 / target_mean 519.0 / target_std 236.1 / target_min 11.3 / target_max 886.1 / imag_reward_mean 1.5 / imag_reward_std 4.2 / imag_reward_min -0.0 / imag_reward_max 25.7 / imag_action_mean 7.6 / imag_action_std 5.4 / imag_action_min 0.0 / imag_action_max 17.0 / actor_entropy 0.4 / actor_loss 0.5 / actor_grad_norm 5.4 / value_loss 1.4 / value_grad_norm 1.3 / update_count 44716.0 / fps 12.0
add_video needs package moviepy
add_video needs package moviepy
[188920] dataset_size 47230.0 / train_return 2360.0 / train_length 1072.0 / train_episodes 33.0
[189088] 
Start evaluation.
[189088] eval_return 2400.0 / eval_length 1240.6 / eval_episodes 5.0
add_video needs package moviepy
Start training.
[189088] model_loss 16.2 / model_grad_norm 34.3 / image_loss 6.3 / reward_loss 0.1 / cont_loss 0.0 / kl_free 1.0 / dyn_scale 0.5 / rep_scale 0.1 / dyn_loss 16.4 / rep_loss 16.4 / kl 16.4 / prior_abs_ent 31.7 / post_abs_ent -27.7 / prior_obs_ent 15.0 / post_obs_ent 0.3 / boundary_ratio 0.0 / kl_mask 0.0 / normed_target_mean 0.6 / normed_target_std 0.3 / normed_target_min -0.1 / normed_target_max 1.1 / EMA_005 59.9 / EMA_095 799.1 / value_mean 511.1 / value_std 239.2 / value_min 9.2 / value_max 856.8 / target_mean 513.0 / target_std 240.3 / target_min 11.1 / target_max 887.4 / imag_reward_mean 1.4 / imag_reward_std 4.1 / imag_reward_min -0.0 / imag_reward_max 25.6 / imag_action_mean 7.9 / imag_action_std 5.4 / imag_action_min 0.0 / imag_action_max 17.0 / actor_entropy 0.4 / actor_loss 0.5 / actor_grad_norm 6.0 / value_loss 1.4 / value_grad_norm 1.4 / update_count 44872.0 / fps 12.7
add_video needs package moviepy
add_video needs package moviepy
[189712] 
Start evaluation.
[189712] eval_return 3248.0 / eval_length 1447.6 / eval_episodes 5.0
add_video needs package moviepy
Start training.
[189712] model_loss 16.0 / model_grad_norm 27.5 / image_loss 6.2 / reward_loss 0.1 / cont_loss 0.0 / kl_free 1.0 / dyn_scale 0.5 / rep_scale 0.1 / dyn_loss 16.3 / rep_loss 16.3 / kl 16.3 / prior_abs_ent 31.4 / post_abs_ent -27.7 / prior_obs_ent 14.6 / post_obs_ent -0.0 / boundary_ratio 0.0 / kl_mask 0.0 / normed_target_mean 0.6 / normed_target_std 0.3 / normed_target_min -0.1 / normed_target_max 1.1 / EMA_005 51.8 / EMA_095 799.4 / value_mean 515.9 / value_std 239.2 / value_min 11.5 / value_max 856.1 / target_mean 517.9 / target_std 240.2 / target_min 13.4 / target_max 886.8 / imag_reward_mean 1.5 / imag_reward_std 4.2 / imag_reward_min -0.0 / imag_reward_max 26.0 / imag_action_mean 8.0 / imag_action_std 5.4 / imag_action_min 0.0 / imag_action_max 17.0 / actor_entropy 0.4 / actor_loss 0.6 / actor_grad_norm 5.6 / value_loss 1.4 / value_grad_norm 1.4 / update_count 45028.0 / fps 12.3
add_video needs package moviepy
add_video needs package moviepy
[190336] 
Start evaluation.
[190336] eval_return 2014.0 / eval_length 999.0 / eval_episodes 5.0
add_video needs package moviepy
Start training.
[190336] model_loss 16.1 / model_grad_norm 26.5 / image_loss 6.2 / reward_loss 0.1 / cont_loss 0.0 / kl_free 1.0 / dyn_scale 0.5 / rep_scale 0.1 / dyn_loss 16.3 / rep_loss 16.3 / kl 16.3 / prior_abs_ent 31.2 / post_abs_ent -27.6 / prior_obs_ent 14.4 / post_obs_ent -0.2 / boundary_ratio 0.0 / kl_mask 0.0 / normed_target_mean 0.6 / normed_target_std 0.3 / normed_target_min -0.1 / normed_target_max 1.1 / EMA_005 60.2 / EMA_095 800.2 / value_mean 520.6 / value_std 236.0 / value_min 12.0 / value_max 859.0 / target_mean 522.2 / target_std 237.1 / target_min 13.1 / target_max 888.5 / imag_reward_mean 1.5 / imag_reward_std 4.2 / imag_reward_min -0.0 / imag_reward_max 25.0 / imag_action_mean 7.8 / imag_action_std 5.4 / imag_action_min 0.0 / imag_action_max 17.0 / actor_entropy 0.4 / actor_loss 0.5 / actor_grad_norm 5.6 / value_loss 1.3 / value_grad_norm 1.3 / update_count 45184.0 / fps 13.6
add_video needs package moviepy
add_video needs package moviepy
[190960] 
Start evaluation.
[190960] eval_return 2918.0 / eval_length 1356.6 / eval_episodes 5.0
add_video needs package moviepy
Start training.
[190960] model_loss 16.0 / model_grad_norm 28.8 / image_loss 6.2 / reward_loss 0.1 / cont_loss 0.0 / kl_free 1.0 / dyn_scale 0.5 / rep_scale 0.1 / dyn_loss 16.3 / rep_loss 16.3 / kl 16.3 / prior_abs_ent 31.2 / post_abs_ent -27.6 / prior_obs_ent 14.1 / post_obs_ent -0.5 / boundary_ratio 0.0 / kl_mask 0.0 / normed_target_mean 0.6 / normed_target_std 0.3 / normed_target_min -0.1 / normed_target_max 1.1 / EMA_005 64.3 / EMA_095 806.4 / value_mean 523.3 / value_std 235.2 / value_min 10.3 / value_max 859.8 / target_mean 525.3 / target_std 236.1 / target_min 10.7 / target_max 889.2 / imag_reward_mean 1.4 / imag_reward_std 4.1 / imag_reward_min -0.0 / imag_reward_max 25.0 / imag_action_mean 7.7 / imag_action_std 5.5 / imag_action_min 0.0 / imag_action_max 17.0 / actor_entropy 0.4 / actor_loss 0.6 / actor_grad_norm 5.6 / value_loss 1.4 / value_grad_norm 1.3 / update_count 45340.0 / fps 12.6
add_video needs package moviepy
add_video needs package moviepy
[191584] 
Start evaluation.
[191584] eval_return 2790.0 / eval_length 1127.0 / eval_episodes 5.0
add_video needs package moviepy
Start training.
[191584] model_loss 16.1 / model_grad_norm 26.1 / image_loss 6.2 / reward_loss 0.1 / cont_loss 0.0 / kl_free 1.0 / dyn_scale 0.5 / rep_scale 0.1 / dyn_loss 16.3 / rep_loss 16.3 / kl 16.3 / prior_abs_ent 31.3 / post_abs_ent -27.5 / prior_obs_ent 14.1 / post_obs_ent -0.6 / boundary_ratio 0.0 / kl_mask 0.0 / normed_target_mean 0.6 / normed_target_std 0.3 / normed_target_min -0.1 / normed_target_max 1.1 / EMA_005 67.7 / EMA_095 805.7 / value_mean 528.1 / value_std 236.6 / value_min 14.8 / value_max 860.1 / target_mean 530.2 / target_std 237.5 / target_min 15.2 / target_max 893.4 / imag_reward_mean 1.5 / imag_reward_std 4.2 / imag_reward_min -0.0 / imag_reward_max 24.9 / imag_action_mean 7.3 / imag_action_std 5.5 / imag_action_min 0.0 / imag_action_max 17.0 / actor_entropy 0.4 / actor_loss 0.7 / actor_grad_norm 5.9 / value_loss 1.3 / value_grad_norm 1.3 / update_count 45496.0 / fps 13.3
add_video needs package moviepy
add_video needs package moviepy
[192208] 
Start evaluation.
[192208] eval_return 3316.0 / eval_length 1406.6 / eval_episodes 5.0
add_video needs package moviepy
Start training.
[192208] model_loss 15.9 / model_grad_norm 26.7 / image_loss 6.1 / reward_loss 0.1 / cont_loss 0.0 / kl_free 1.0 / dyn_scale 0.5 / rep_scale 0.1 / dyn_loss 16.2 / rep_loss 16.2 / kl 16.2 / prior_abs_ent 31.3 / post_abs_ent -27.6 / prior_obs_ent 14.0 / post_obs_ent -0.6 / boundary_ratio 0.0 / kl_mask 0.0 / normed_target_mean 0.6 / normed_target_std 0.3 / normed_target_min -0.1 / normed_target_max 1.1 / EMA_005 58.3 / EMA_095 811.6 / value_mean 524.9 / value_std 242.1 / value_min 9.4 / value_max 863.1 / target_mean 526.9 / target_std 243.2 / target_min 9.9 / target_max 897.1 / imag_reward_mean 1.5 / imag_reward_std 4.2 / imag_reward_min -0.0 / imag_reward_max 26.6 / imag_action_mean 7.4 / imag_action_std 5.5 / imag_action_min 0.0 / imag_action_max 17.0 / actor_entropy 0.4 / actor_loss 0.6 / actor_grad_norm 5.7 / value_loss 1.4 / value_grad_norm 1.4 / update_count 45652.0 / fps 12.3
add_video needs package moviepy
add_video needs package moviepy
[192832] 
Start evaluation.
[192832] eval_return 3218.0 / eval_length 1250.8 / eval_episodes 5.0
add_video needs package moviepy
Start training.
[192832] model_loss 16.0 / model_grad_norm 24.7 / image_loss 6.2 / reward_loss 0.1 / cont_loss 0.0 / kl_free 1.0 / dyn_scale 0.5 / rep_scale 0.1 / dyn_loss 16.3 / rep_loss 16.3 / kl 16.3 / prior_abs_ent 31.3 / post_abs_ent -27.6 / prior_obs_ent 14.2 / post_obs_ent -0.5 / boundary_ratio 0.0 / kl_mask 0.0 / normed_target_mean 0.6 / normed_target_std 0.3 / normed_target_min -0.1 / normed_target_max 1.1 / EMA_005 56.3 / EMA_095 813.0 / value_mean 528.3 / value_std 239.9 / value_min 9.1 / value_max 865.4 / target_mean 530.3 / target_std 241.1 / target_min 9.8 / target_max 898.8 / imag_reward_mean 1.5 / imag_reward_std 4.2 / imag_reward_min -0.0 / imag_reward_max 25.4 / imag_action_mean 7.4 / imag_action_std 5.4 / imag_action_min 0.0 / imag_action_max 17.0 / actor_entropy 0.5 / actor_loss 0.6 / actor_grad_norm 6.0 / value_loss 1.4 / value_grad_norm 1.4 / update_count 45808.0 / fps 12.7
add_video needs package moviepy
add_video needs package moviepy
[193304] dataset_size 48326.0 / train_return 2900.0 / train_length 1096.0 / train_episodes 34.0
[193456] 
Start evaluation.
[193456] eval_return 3194.0 / eval_length 1384.0 / eval_episodes 5.0
add_video needs package moviepy
Start training.
[193456] model_loss 16.0 / model_grad_norm 25.5 / image_loss 6.2 / reward_loss 0.1 / cont_loss 0.0 / kl_free 1.0 / dyn_scale 0.5 / rep_scale 0.1 / dyn_loss 16.2 / rep_loss 16.2 / kl 16.2 / prior_abs_ent 31.1 / post_abs_ent -27.6 / prior_obs_ent 13.8 / post_obs_ent -0.8 / boundary_ratio 0.0 / kl_mask 0.0 / normed_target_mean 0.6 / normed_target_std 0.3 / normed_target_min -0.1 / normed_target_max 1.1 / EMA_005 57.6 / EMA_095 814.7 / value_mean 522.6 / value_std 238.3 / value_min 10.1 / value_max 866.5 / target_mean 524.9 / target_std 239.6 / target_min 10.5 / target_max 899.3 / imag_reward_mean 1.5 / imag_reward_std 4.2 / imag_reward_min -0.0 / imag_reward_max 26.6 / imag_action_mean 7.5 / imag_action_std 5.4 / imag_action_min 0.0 / imag_action_max 17.0 / actor_entropy 0.5 / actor_loss 0.8 / actor_grad_norm 6.1 / value_loss 1.4 / value_grad_norm 1.4 / update_count 45964.0 / fps 12.4
add_video needs package moviepy
add_video needs package moviepy
[194080] 
Start evaluation.
[194080] eval_return 3224.0 / eval_length 1419.8 / eval_episodes 5.0
add_video needs package moviepy
Start training.
[194080] model_loss 16.0 / model_grad_norm 28.9 / image_loss 6.1 / reward_loss 0.1 / cont_loss 0.0 / kl_free 1.0 / dyn_scale 0.5 / rep_scale 0.1 / dyn_loss 16.2 / rep_loss 16.2 / kl 16.2 / prior_abs_ent 31.1 / post_abs_ent -27.6 / prior_obs_ent 14.2 / post_obs_ent -0.3 / boundary_ratio 0.0 / kl_mask 0.0 / normed_target_mean 0.6 / normed_target_std 0.3 / normed_target_min -0.1 / normed_target_max 1.1 / EMA_005 57.6 / EMA_095 820.0 / value_mean 528.1 / value_std 246.8 / value_min 8.5 / value_max 873.0 / target_mean 530.6 / target_std 248.1 / target_min 9.7 / target_max 909.6 / imag_reward_mean 1.5 / imag_reward_std 4.2 / imag_reward_min -0.0 / imag_reward_max 25.5 / imag_action_mean 7.6 / imag_action_std 5.4 / imag_action_min 0.0 / imag_action_max 17.0 / actor_entropy 0.5 / actor_loss 1.0 / actor_grad_norm 6.0 / value_loss 1.4 / value_grad_norm 1.4 / update_count 46120.0 / fps 12.4
add_video needs package moviepy
add_video needs package moviepy
[194704] 
Start evaluation.
[194704] eval_return 3530.0 / eval_length 1488.6 / eval_episodes 5.0
add_video needs package moviepy
Start training.
[194704] model_loss 16.0 / model_grad_norm 26.9 / image_loss 6.2 / reward_loss 0.1 / cont_loss 0.0 / kl_free 1.0 / dyn_scale 0.5 / rep_scale 0.1 / dyn_loss 16.3 / rep_loss 16.3 / kl 16.3 / prior_abs_ent 31.3 / post_abs_ent -27.6 / prior_obs_ent 14.1 / post_obs_ent -0.5 / boundary_ratio 0.0 / kl_mask 0.0 / normed_target_mean 0.6 / normed_target_std 0.3 / normed_target_min -0.1 / normed_target_max 1.1 / EMA_005 60.5 / EMA_095 825.8 / value_mean 538.3 / value_std 241.0 / value_min 10.4 / value_max 878.6 / target_mean 540.9 / target_std 242.3 / target_min 12.1 / target_max 913.9 / imag_reward_mean 1.5 / imag_reward_std 4.2 / imag_reward_min -0.0 / imag_reward_max 24.9 / imag_action_mean 7.5 / imag_action_std 5.3 / imag_action_min 0.0 / imag_action_max 17.0 / actor_entropy 0.5 / actor_loss 0.9 / actor_grad_norm 6.4 / value_loss 1.4 / value_grad_norm 1.6 / update_count 46276.0 / fps 12.2
add_video needs package moviepy
add_video needs package moviepy
[195328] 
Start evaluation.
[195328] eval_return 2702.0 / eval_length 1104.6 / eval_episodes 5.0
add_video needs package moviepy
Start training.
[195328] model_loss 16.0 / model_grad_norm 25.5 / image_loss 6.2 / reward_loss 0.1 / cont_loss 0.0 / kl_free 1.0 / dyn_scale 0.5 / rep_scale 0.1 / dyn_loss 16.3 / rep_loss 16.3 / kl 16.3 / prior_abs_ent 31.3 / post_abs_ent -27.6 / prior_obs_ent 13.8 / post_obs_ent -0.8 / boundary_ratio 0.0 / kl_mask 0.0 / normed_target_mean 0.6 / normed_target_std 0.3 / normed_target_min -0.1 / normed_target_max 1.1 / EMA_005 65.2 / EMA_095 832.9 / value_mean 543.8 / value_std 239.2 / value_min 14.1 / value_max 888.6 / target_mean 546.5 / target_std 240.4 / target_min 15.9 / target_max 917.3 / imag_reward_mean 1.5 / imag_reward_std 4.2 / imag_reward_min -0.0 / imag_reward_max 26.3 / imag_action_mean 7.6 / imag_action_std 5.4 / imag_action_min 0.0 / imag_action_max 17.0 / actor_entropy 0.5 / actor_loss 0.9 / actor_grad_norm 6.3 / value_loss 1.4 / value_grad_norm 1.4 / update_count 46432.0 / fps 13.3
add_video needs package moviepy
add_video needs package moviepy
[195952] 
Start evaluation.
[195952] eval_return 2960.0 / eval_length 1453.4 / eval_episodes 5.0
add_video needs package moviepy
Start training.
[195952] model_loss 15.9 / model_grad_norm 27.8 / image_loss 6.1 / reward_loss 0.1 / cont_loss 0.0 / kl_free 1.0 / dyn_scale 0.5 / rep_scale 0.1 / dyn_loss 16.2 / rep_loss 16.2 / kl 16.2 / prior_abs_ent 31.6 / post_abs_ent -27.6 / prior_obs_ent 14.0 / post_obs_ent -0.5 / boundary_ratio 0.0 / kl_mask 0.0 / normed_target_mean 0.6 / normed_target_std 0.3 / normed_target_min -0.1 / normed_target_max 1.1 / EMA_005 63.8 / EMA_095 834.0 / value_mean 526.8 / value_std 251.6 / value_min 11.2 / value_max 885.9 / target_mean 529.2 / target_std 253.1 / target_min 11.2 / target_max 918.1 / imag_reward_mean 1.5 / imag_reward_std 4.1 / imag_reward_min -0.0 / imag_reward_max 25.8 / imag_action_mean 7.7 / imag_action_std 5.4 / imag_action_min 0.0 / imag_action_max 17.0 / actor_entropy 0.5 / actor_loss 0.8 / actor_grad_norm 6.3 / value_loss 1.4 / value_grad_norm 1.4 / update_count 46588.0 / fps 12.4
add_video needs package moviepy
add_video needs package moviepy
[196576] 
Start evaluation.
[196576] eval_return 3094.0 / eval_length 1311.6 / eval_episodes 5.0
add_video needs package moviepy
Start training.
[196576] model_loss 16.1 / model_grad_norm 26.9 / image_loss 6.2 / reward_loss 0.1 / cont_loss 0.0 / kl_free 1.0 / dyn_scale 0.5 / rep_scale 0.1 / dyn_loss 16.4 / rep_loss 16.4 / kl 16.4 / prior_abs_ent 31.8 / post_abs_ent -27.6 / prior_obs_ent 14.4 / post_obs_ent -0.4 / boundary_ratio 0.0 / kl_mask 0.0 / normed_target_mean 0.6 / normed_target_std 0.3 / normed_target_min -0.1 / normed_target_max 1.1 / EMA_005 57.9 / EMA_095 834.6 / value_mean 537.5 / value_std 240.7 / value_min 10.1 / value_max 888.4 / target_mean 539.6 / target_std 242.1 / target_min 10.7 / target_max 917.4 / imag_reward_mean 1.5 / imag_reward_std 4.1 / imag_reward_min -0.0 / imag_reward_max 25.0 / imag_action_mean 8.0 / imag_action_std 5.4 / imag_action_min 0.0 / imag_action_max 17.0 / actor_entropy 0.5 / actor_loss 0.7 / actor_grad_norm 6.7 / value_loss 1.4 / value_grad_norm 1.4 / update_count 46744.0 / fps 12.6
add_video needs package moviepy
add_video needs package moviepy
[197200] 
Start evaluation.
[197200] eval_return 2914.0 / eval_length 1289.8 / eval_episodes 5.0
add_video needs package moviepy
Start training.
[197200] model_loss 16.0 / model_grad_norm 25.9 / image_loss 6.1 / reward_loss 0.1 / cont_loss 0.0 / kl_free 1.0 / dyn_scale 0.5 / rep_scale 0.1 / dyn_loss 16.3 / rep_loss 16.3 / kl 16.3 / prior_abs_ent 31.6 / post_abs_ent -27.6 / prior_obs_ent 13.6 / post_obs_ent -1.0 / boundary_ratio 0.0 / kl_mask 0.0 / normed_target_mean 0.6 / normed_target_std 0.3 / normed_target_min -0.1 / normed_target_max 1.1 / EMA_005 57.8 / EMA_095 836.6 / value_mean 541.0 / value_std 249.1 / value_min 9.1 / value_max 889.0 / target_mean 543.1 / target_std 250.3 / target_min 9.4 / target_max 920.8 / imag_reward_mean 1.5 / imag_reward_std 4.1 / imag_reward_min -0.0 / imag_reward_max 25.7 / imag_action_mean 8.4 / imag_action_std 5.4 / imag_action_min 0.0 / imag_action_max 17.0 / actor_entropy 0.5 / actor_loss 0.7 / actor_grad_norm 6.5 / value_loss 1.4 / value_grad_norm 1.4 / update_count 46900.0 / fps 12.7
add_video needs package moviepy
add_video needs package moviepy
[197824] 
Start evaluation.
[197824] eval_return 2370.0 / eval_length 1358.8 / eval_episodes 5.0
add_video needs package moviepy
Start training.
[197824] model_loss 15.9 / model_grad_norm 26.1 / image_loss 6.1 / reward_loss 0.1 / cont_loss 0.0 / kl_free 1.0 / dyn_scale 0.5 / rep_scale 0.1 / dyn_loss 16.2 / rep_loss 16.2 / kl 16.2 / prior_abs_ent 31.6 / post_abs_ent -27.6 / prior_obs_ent 13.8 / post_obs_ent -0.8 / boundary_ratio 0.0 / kl_mask 0.0 / normed_target_mean 0.6 / normed_target_std 0.3 / normed_target_min -0.1 / normed_target_max 1.1 / EMA_005 62.2 / EMA_095 839.5 / value_mean 541.4 / value_std 245.5 / value_min 11.8 / value_max 890.3 / target_mean 543.5 / target_std 246.8 / target_min 11.6 / target_max 924.0 / imag_reward_mean 1.5 / imag_reward_std 4.2 / imag_reward_min -0.0 / imag_reward_max 24.8 / imag_action_mean 8.5 / imag_action_std 5.4 / imag_action_min 0.0 / imag_action_max 17.0 / actor_entropy 0.5 / actor_loss 0.6 / actor_grad_norm 6.3 / value_loss 1.4 / value_grad_norm 1.4 / update_count 47056.0 / fps 12.6
add_video needs package moviepy
add_video needs package moviepy
[198448] 
Start evaluation.
[198448] eval_return 3010.0 / eval_length 1335.2 / eval_episodes 5.0
add_video needs package moviepy
Start training.
[198448] model_loss 15.9 / model_grad_norm 28.6 / image_loss 6.0 / reward_loss 0.1 / cont_loss 0.0 / kl_free 1.0 / dyn_scale 0.5 / rep_scale 0.1 / dyn_loss 16.3 / rep_loss 16.3 / kl 16.3 / prior_abs_ent 31.4 / post_abs_ent -27.6 / prior_obs_ent 13.5 / post_obs_ent -1.1 / boundary_ratio 0.0 / kl_mask 0.0 / normed_target_mean 0.6 / normed_target_std 0.3 / normed_target_min -0.1 / normed_target_max 1.1 / EMA_005 67.2 / EMA_095 841.6 / value_mean 542.0 / value_std 245.9 / value_min 13.7 / value_max 895.6 / target_mean 544.2 / target_std 247.0 / target_min 15.6 / target_max 923.9 / imag_reward_mean 1.5 / imag_reward_std 4.1 / imag_reward_min -0.0 / imag_reward_max 26.2 / imag_action_mean 8.4 / imag_action_std 5.4 / imag_action_min 0.0 / imag_action_max 17.0 / actor_entropy 0.5 / actor_loss 0.8 / actor_grad_norm 6.5 / value_loss 1.4 / value_grad_norm 1.5 / update_count 47212.0 / fps 12.7
add_video needs package moviepy
add_video needs package moviepy
[199072] 
Start evaluation.
[199072] eval_return 3684.0 / eval_length 1376.2 / eval_episodes 5.0
add_video needs package moviepy
Start training.
[199072] model_loss 15.9 / model_grad_norm 25.4 / image_loss 6.0 / reward_loss 0.1 / cont_loss 0.0 / kl_free 1.0 / dyn_scale 0.5 / rep_scale 0.1 / dyn_loss 16.3 / rep_loss 16.3 / kl 16.3 / prior_abs_ent 31.6 / post_abs_ent -27.6 / prior_obs_ent 13.6 / post_obs_ent -1.0 / boundary_ratio 0.0 / kl_mask 0.0 / normed_target_mean 0.6 / normed_target_std 0.3 / normed_target_min -0.1 / normed_target_max 1.1 / EMA_005 67.1 / EMA_095 845.2 / value_mean 549.2 / value_std 245.7 / value_min 10.7 / value_max 902.5 / target_mean 551.5 / target_std 246.7 / target_min 11.1 / target_max 928.7 / imag_reward_mean 1.5 / imag_reward_std 4.3 / imag_reward_min -0.0 / imag_reward_max 26.3 / imag_action_mean 8.6 / imag_action_std 5.4 / imag_action_min 0.0 / imag_action_max 17.0 / actor_entropy 0.5 / actor_loss 0.8 / actor_grad_norm 6.5 / value_loss 1.4 / value_grad_norm 1.3 / update_count 47368.0 / fps 12.5
add_video needs package moviepy
add_video needs package moviepy
[199696] 
Start evaluation.
[199696] eval_return 3140.0 / eval_length 1513.4 / eval_episodes 5.0
add_video needs package moviepy
Start training.
[199696] model_loss 15.9 / model_grad_norm 28.8 / image_loss 5.9 / reward_loss 0.1 / cont_loss 0.0 / kl_free 1.0 / dyn_scale 0.5 / rep_scale 0.1 / dyn_loss 16.5 / rep_loss 16.5 / kl 16.5 / prior_abs_ent 31.7 / post_abs_ent -27.7 / prior_obs_ent 13.8 / post_obs_ent -1.0 / boundary_ratio 0.0 / kl_mask 0.0 / normed_target_mean 0.6 / normed_target_std 0.3 / normed_target_min -0.1 / normed_target_max 1.1 / EMA_005 64.8 / EMA_095 847.4 / value_mean 545.6 / value_std 252.1 / value_min 11.0 / value_max 907.1 / target_mean 547.9 / target_std 253.1 / target_min 12.4 / target_max 931.6 / imag_reward_mean 1.5 / imag_reward_std 4.2 / imag_reward_min -0.0 / imag_reward_max 26.0 / imag_action_mean 8.6 / imag_action_std 5.4 / imag_action_min 0.0 / imag_action_max 17.0 / actor_entropy 0.5 / actor_loss 0.7 / actor_grad_norm 6.6 / value_loss 1.4 / value_grad_norm 1.5 / update_count 47524.0 / fps 12.2
add_video needs package moviepy
add_video needs package moviepy
[200320] 
Start evaluation.
[200320] eval_return 3232.0 / eval_length 1351.8 / eval_episodes 5.0
add_video needs package moviepy
Start training.
[200320] model_loss 15.8 / model_grad_norm 26.0 / image_loss 6.0 / reward_loss 0.1 / cont_loss 0.0 / kl_free 1.0 / dyn_scale 0.5 / rep_scale 0.1 / dyn_loss 16.2 / rep_loss 16.2 / kl 16.2 / prior_abs_ent 31.6 / post_abs_ent -27.6 / prior_obs_ent 13.8 / post_obs_ent -0.7 / boundary_ratio 0.0 / kl_mask 0.0 / normed_target_mean 0.6 / normed_target_std 0.3 / normed_target_min -0.1 / normed_target_max 1.1 / EMA_005 66.2 / EMA_095 845.7 / value_mean 538.9 / value_std 249.3 / value_min 16.3 / value_max 906.0 / target_mean 541.3 / target_std 250.3 / target_min 16.4 / target_max 928.3 / imag_reward_mean 1.5 / imag_reward_std 4.1 / imag_reward_min -0.0 / imag_reward_max 25.2 / imag_action_mean 8.4 / imag_action_std 5.4 / imag_action_min 0.0 / imag_action_max 17.0 / actor_entropy 0.5 / actor_loss 0.8 / actor_grad_norm 6.3 / value_loss 1.4 / value_grad_norm 1.4 / update_count 47680.0 / fps 12.4
add_video needs package moviepy
add_video needs package moviepy
[200576] dataset_size 50144.0 / train_return 2750.0 / train_length 1818.0 / train_episodes 35.0
[200944] 
Start evaluation.
[200944] eval_return 3142.0 / eval_length 1346.6 / eval_episodes 5.0
add_video needs package moviepy
Start training.
[200944] model_loss 15.9 / model_grad_norm 28.1 / image_loss 5.9 / reward_loss 0.1 / cont_loss 0.0 / kl_free 1.0 / dyn_scale 0.5 / rep_scale 0.1 / dyn_loss 16.4 / rep_loss 16.4 / kl 16.4 / prior_abs_ent 32.0 / post_abs_ent -27.6 / prior_obs_ent 13.6 / post_obs_ent -1.1 / boundary_ratio 0.0 / kl_mask 0.0 / normed_target_mean 0.6 / normed_target_std 0.3 / normed_target_min -0.1 / normed_target_max 1.1 / EMA_005 70.9 / EMA_095 848.3 / value_mean 545.3 / value_std 251.6 / value_min 11.0 / value_max 915.2 / target_mean 547.4 / target_std 252.4 / target_min 11.6 / target_max 938.9 / imag_reward_mean 1.5 / imag_reward_std 4.2 / imag_reward_min -0.0 / imag_reward_max 25.8 / imag_action_mean 8.6 / imag_action_std 5.3 / imag_action_min 0.0 / imag_action_max 17.0 / actor_entropy 0.5 / actor_loss 0.7 / actor_grad_norm 6.6 / value_loss 1.4 / value_grad_norm 1.5 / update_count 47836.0 / fps 12.5
add_video needs package moviepy
add_video needs package moviepy
[201568] 
Start evaluation.
[201568] eval_return 3916.0 / eval_length 1539.4 / eval_episodes 5.0
add_video needs package moviepy
Start training.
[201568] model_loss 15.8 / model_grad_norm 26.5 / image_loss 5.9 / reward_loss 0.1 / cont_loss 0.0 / kl_free 1.0 / dyn_scale 0.5 / rep_scale 0.1 / dyn_loss 16.3 / rep_loss 16.3 / kl 16.3 / prior_abs_ent 31.9 / post_abs_ent -27.6 / prior_obs_ent 13.5 / post_obs_ent -1.2 / boundary_ratio 0.0 / kl_mask 0.0 / normed_target_mean 0.6 / normed_target_std 0.3 / normed_target_min -0.1 / normed_target_max 1.1 / EMA_005 65.7 / EMA_095 851.4 / value_mean 546.9 / value_std 255.3 / value_min 6.5 / value_max 914.4 / target_mean 549.3 / target_std 256.5 / target_min 6.2 / target_max 938.6 / imag_reward_mean 1.5 / imag_reward_std 4.2 / imag_reward_min -0.0 / imag_reward_max 25.2 / imag_action_mean 8.5 / imag_action_std 5.3 / imag_action_min 0.0 / imag_action_max 17.0 / actor_entropy 0.5 / actor_loss 0.8 / actor_grad_norm 6.5 / value_loss 1.4 / value_grad_norm 1.4 / update_count 47992.0 / fps 12.0
add_video needs package moviepy
add_video needs package moviepy
[202192] 
Start evaluation.
[202192] eval_return 3164.0 / eval_length 1330.8 / eval_episodes 5.0
add_video needs package moviepy
Start training.
[202192] model_loss 15.8 / model_grad_norm 24.7 / image_loss 6.0 / reward_loss 0.1 / cont_loss 0.0 / kl_free 1.0 / dyn_scale 0.5 / rep_scale 0.1 / dyn_loss 16.2 / rep_loss 16.2 / kl 16.2 / prior_abs_ent 31.6 / post_abs_ent -27.5 / prior_obs_ent 13.3 / post_obs_ent -1.3 / boundary_ratio 0.0 / kl_mask 0.0 / normed_target_mean 0.6 / normed_target_std 0.3 / normed_target_min -0.1 / normed_target_max 1.1 / EMA_005 68.3 / EMA_095 855.7 / value_mean 551.8 / value_std 253.7 / value_min 8.9 / value_max 921.5 / target_mean 554.1 / target_std 254.7 / target_min 10.8 / target_max 939.8 / imag_reward_mean 1.5 / imag_reward_std 4.2 / imag_reward_min -0.0 / imag_reward_max 26.3 / imag_action_mean 8.5 / imag_action_std 5.4 / imag_action_min 0.0 / imag_action_max 17.0 / actor_entropy 0.5 / actor_loss 0.7 / actor_grad_norm 6.6 / value_loss 1.4 / value_grad_norm 1.5 / update_count 48148.0 / fps 12.5
add_video needs package moviepy
add_video needs package moviepy
[202816] 
Start evaluation.
[202816] eval_return 3986.0 / eval_length 1418.8 / eval_episodes 5.0
add_video needs package moviepy
Start training.
[202816] model_loss 16.4 / model_grad_norm 42.0 / image_loss 6.2 / reward_loss 0.1 / cont_loss 0.0 / kl_free 1.0 / dyn_scale 0.5 / rep_scale 0.1 / dyn_loss 16.9 / rep_loss 16.9 / kl 16.9 / prior_abs_ent 32.0 / post_abs_ent -27.6 / prior_obs_ent 13.9 / post_obs_ent -1.1 / boundary_ratio 0.0 / kl_mask 0.0 / normed_target_mean 0.6 / normed_target_std 0.3 / normed_target_min -0.1 / normed_target_max 1.1 / EMA_005 72.5 / EMA_095 857.2 / value_mean 551.5 / value_std 248.4 / value_min 13.1 / value_max 920.4 / target_mean 553.2 / target_std 249.4 / target_min 13.7 / target_max 940.9 / imag_reward_mean 1.5 / imag_reward_std 4.2 / imag_reward_min -0.0 / imag_reward_max 24.8 / imag_action_mean 8.4 / imag_action_std 5.3 / imag_action_min 0.0 / imag_action_max 17.0 / actor_entropy 0.5 / actor_loss 0.4 / actor_grad_norm 6.8 / value_loss 1.4 / value_grad_norm 1.5 / update_count 48304.0 / fps 12.3
add_video needs package moviepy
add_video needs package moviepy
[203440] 
Start evaluation.
[203440] eval_return 3854.0 / eval_length 1420.6 / eval_episodes 5.0
add_video needs package moviepy
Start training.
[203440] model_loss 16.3 / model_grad_norm 28.7 / image_loss 6.3 / reward_loss 0.1 / cont_loss 0.0 / kl_free 1.0 / dyn_scale 0.5 / rep_scale 0.1 / dyn_loss 16.5 / rep_loss 16.5 / kl 16.5 / prior_abs_ent 31.2 / post_abs_ent -27.8 / prior_obs_ent 15.7 / post_obs_ent 0.8 / boundary_ratio 0.0 / kl_mask 0.0 / normed_target_mean 0.6 / normed_target_std 0.3 / normed_target_min -0.1 / normed_target_max 1.1 / EMA_005 71.1 / EMA_095 849.0 / value_mean 537.4 / value_std 247.5 / value_min 11.2 / value_max 912.6 / target_mean 539.4 / target_std 248.2 / target_min 11.9 / target_max 930.0 / imag_reward_mean 1.4 / imag_reward_std 4.1 / imag_reward_min -0.0 / imag_reward_max 24.8 / imag_action_mean 8.2 / imag_action_std 5.4 / imag_action_min 0.0 / imag_action_max 17.0 / actor_entropy 0.5 / actor_loss 0.5 / actor_grad_norm 6.8 / value_loss 1.4 / value_grad_norm 1.5 / update_count 48460.0 / fps 12.4
add_video needs package moviepy
add_video needs package moviepy
[204064] 
Start evaluation.
[204064] eval_return 3652.0 / eval_length 1424.0 / eval_episodes 5.0
add_video needs package moviepy
Start training.
[204064] model_loss 15.4 / model_grad_norm 22.9 / image_loss 5.7 / reward_loss 0.1 / cont_loss 0.0 / kl_free 1.0 / dyn_scale 0.5 / rep_scale 0.1 / dyn_loss 16.1 / rep_loss 16.1 / kl 16.1 / prior_abs_ent 31.2 / post_abs_ent -27.7 / prior_obs_ent 13.3 / post_obs_ent -1.2 / boundary_ratio 0.0 / kl_mask 0.0 / normed_target_mean 0.6 / normed_target_std 0.3 / normed_target_min -0.1 / normed_target_max 1.1 / EMA_005 67.9 / EMA_095 845.6 / value_mean 540.4 / value_std 249.4 / value_min 14.4 / value_max 905.7 / target_mean 542.9 / target_std 250.2 / target_min 16.2 / target_max 931.4 / imag_reward_mean 1.5 / imag_reward_std 4.2 / imag_reward_min -0.0 / imag_reward_max 26.4 / imag_action_mean 8.2 / imag_action_std 5.4 / imag_action_min 0.0 / imag_action_max 17.0 / actor_entropy 0.5 / actor_loss 0.7 / actor_grad_norm 6.3 / value_loss 1.4 / value_grad_norm 1.4 / update_count 48616.0 / fps 12.3
add_video needs package moviepy
add_video needs package moviepy
[204688] 
Start evaluation.
[204688] eval_return 3220.0 / eval_length 1376.0 / eval_episodes 5.0
add_video needs package moviepy
Start training.
[204688] model_loss 15.5 / model_grad_norm 24.7 / image_loss 5.7 / reward_loss 0.1 / cont_loss 0.0 / kl_free 1.0 / dyn_scale 0.5 / rep_scale 0.1 / dyn_loss 16.1 / rep_loss 16.1 / kl 16.1 / prior_abs_ent 31.0 / post_abs_ent -27.7 / prior_obs_ent 12.3 / post_obs_ent -2.2 / boundary_ratio 0.0 / kl_mask 0.0 / normed_target_mean 0.6 / normed_target_std 0.3 / normed_target_min -0.1 / normed_target_max 1.1 / EMA_005 73.6 / EMA_095 855.4 / value_mean 557.1 / value_std 250.0 / value_min 15.7 / value_max 926.8 / target_mean 559.2 / target_std 251.0 / target_min 16.9 / target_max 944.7 / imag_reward_mean 1.5 / imag_reward_std 4.2 / imag_reward_min -0.0 / imag_reward_max 25.8 / imag_action_mean 8.1 / imag_action_std 5.4 / imag_action_min 0.0 / imag_action_max 17.0 / actor_entropy 0.5 / actor_loss 0.6 / actor_grad_norm 6.3 / value_loss 1.3 / value_grad_norm 1.4 / update_count 48772.0 / fps 12.4
add_video needs package moviepy
add_video needs package moviepy
[205312] 
Start evaluation.
[205312] eval_return 3290.0 / eval_length 1341.2 / eval_episodes 5.0
add_video needs package moviepy
Start training.
[205312] model_loss 15.5 / model_grad_norm 24.5 / image_loss 5.7 / reward_loss 0.1 / cont_loss 0.0 / kl_free 1.0 / dyn_scale 0.5 / rep_scale 0.1 / dyn_loss 16.1 / rep_loss 16.1 / kl 16.1 / prior_abs_ent 31.4 / post_abs_ent -27.6 / prior_obs_ent 12.6 / post_obs_ent -1.9 / boundary_ratio 0.0 / kl_mask 0.0 / normed_target_mean 0.6 / normed_target_std 0.3 / normed_target_min -0.1 / normed_target_max 1.1 / EMA_005 68.9 / EMA_095 857.9 / value_mean 547.5 / value_std 254.9 / value_min 10.9 / value_max 922.3 / target_mean 549.6 / target_std 255.7 / target_min 11.0 / target_max 942.9 / imag_reward_mean 1.5 / imag_reward_std 4.2 / imag_reward_min -0.0 / imag_reward_max 25.7 / imag_action_mean 8.1 / imag_action_std 5.4 / imag_action_min 0.0 / imag_action_max 17.0 / actor_entropy 0.5 / actor_loss 0.6 / actor_grad_norm 6.5 / value_loss 1.4 / value_grad_norm 1.4 / update_count 48928.0 / fps 12.4
add_video needs package moviepy
add_video needs package moviepy
[205936] 
Start evaluation.
[205936] eval_return 3640.0 / eval_length 1417.6 / eval_episodes 5.0
add_video needs package moviepy
Start training.
[205936] model_loss 15.5 / model_grad_norm 28.0 / image_loss 5.8 / reward_loss 0.1 / cont_loss 0.0 / kl_free 1.0 / dyn_scale 0.5 / rep_scale 0.1 / dyn_loss 16.1 / rep_loss 16.1 / kl 16.1 / prior_abs_ent 31.3 / post_abs_ent -27.6 / prior_obs_ent 12.2 / post_obs_ent -2.3 / boundary_ratio 0.0 / kl_mask 0.0 / normed_target_mean 0.6 / normed_target_std 0.3 / normed_target_min -0.1 / normed_target_max 1.1 / EMA_005 72.0 / EMA_095 857.5 / value_mean 548.6 / value_std 247.3 / value_min 15.0 / value_max 928.8 / target_mean 550.5 / target_std 248.2 / target_min 16.7 / target_max 946.9 / imag_reward_mean 1.5 / imag_reward_std 4.2 / imag_reward_min -0.0 / imag_reward_max 25.2 / imag_action_mean 8.2 / imag_action_std 5.4 / imag_action_min 0.0 / imag_action_max 17.0 / actor_entropy 0.5 / actor_loss 0.5 / actor_grad_norm 6.5 / value_loss 1.4 / value_grad_norm 1.4 / update_count 49084.0 / fps 12.4
add_video needs package moviepy
add_video needs package moviepy
[206560] 
Start evaluation.
[206560] eval_return 3264.0 / eval_length 1237.2 / eval_episodes 5.0
add_video needs package moviepy
Start training.
[206560] model_loss 15.6 / model_grad_norm 25.6 / image_loss 5.7 / reward_loss 0.1 / cont_loss 0.0 / kl_free 1.0 / dyn_scale 0.5 / rep_scale 0.1 / dyn_loss 16.2 / rep_loss 16.2 / kl 16.2 / prior_abs_ent 31.5 / post_abs_ent -27.7 / prior_obs_ent 12.4 / post_obs_ent -2.2 / boundary_ratio 0.0 / kl_mask 0.0 / normed_target_mean 0.6 / normed_target_std 0.3 / normed_target_min -0.1 / normed_target_max 1.1 / EMA_005 75.0 / EMA_095 859.6 / value_mean 553.1 / value_std 250.8 / value_min 11.8 / value_max 933.0 / target_mean 555.0 / target_std 252.1 / target_min 13.2 / target_max 952.6 / imag_reward_mean 1.5 / imag_reward_std 4.2 / imag_reward_min -0.0 / imag_reward_max 26.1 / imag_action_mean 8.3 / imag_action_std 5.4 / imag_action_min 0.0 / imag_action_max 17.0 / actor_entropy 0.5 / actor_loss 0.5 / actor_grad_norm 6.4 / value_loss 1.3 / value_grad_norm 1.3 / update_count 49240.0 / fps 12.8
add_video needs package moviepy
add_video needs package moviepy
[206676] dataset_size 51669.0 / train_return 3290.0 / train_length 1525.0 / train_episodes 36.0
[207184] 
Start evaluation.
[207184] eval_return 2942.0 / eval_length 1174.0 / eval_episodes 5.0
add_video needs package moviepy
Start training.
[207184] model_loss 15.5 / model_grad_norm 24.9 / image_loss 5.7 / reward_loss 0.1 / cont_loss 0.0 / kl_free 1.0 / dyn_scale 0.5 / rep_scale 0.1 / dyn_loss 16.2 / rep_loss 16.2 / kl 16.2 / prior_abs_ent 31.6 / post_abs_ent -27.7 / prior_obs_ent 12.4 / post_obs_ent -2.1 / boundary_ratio 0.0 / kl_mask 0.0 / normed_target_mean 0.6 / normed_target_std 0.3 / normed_target_min -0.1 / normed_target_max 1.1 / EMA_005 74.7 / EMA_095 862.5 / value_mean 554.6 / value_std 252.8 / value_min 13.3 / value_max 939.4 / target_mean 557.0 / target_std 254.0 / target_min 13.5 / target_max 957.1 / imag_reward_mean 1.5 / imag_reward_std 4.2 / imag_reward_min -0.0 / imag_reward_max 25.1 / imag_action_mean 8.2 / imag_action_std 5.4 / imag_action_min 0.0 / imag_action_max 17.0 / actor_entropy 0.4 / actor_loss 0.7 / actor_grad_norm 6.5 / value_loss 1.3 / value_grad_norm 1.4 / update_count 49396.0 / fps 13.0
add_video needs package moviepy
add_video needs package moviepy
[207808] 
Start evaluation.
[207808] eval_return 3538.0 / eval_length 1379.6 / eval_episodes 5.0
add_video needs package moviepy
Start training.
[207808] model_loss 15.5 / model_grad_norm 28.8 / image_loss 5.7 / reward_loss 0.1 / cont_loss 0.0 / kl_free 1.0 / dyn_scale 0.5 / rep_scale 0.1 / dyn_loss 16.2 / rep_loss 16.2 / kl 16.2 / prior_abs_ent 31.7 / post_abs_ent -27.7 / prior_obs_ent 12.1 / post_obs_ent -2.5 / boundary_ratio 0.0 / kl_mask 0.0 / normed_target_mean 0.6 / normed_target_std 0.3 / normed_target_min -0.1 / normed_target_max 1.1 / EMA_005 79.1 / EMA_095 865.4 / value_mean 557.7 / value_std 252.1 / value_min 18.0 / value_max 943.6 / target_mean 560.0 / target_std 253.5 / target_min 17.6 / target_max 958.9 / imag_reward_mean 1.6 / imag_reward_std 4.3 / imag_reward_min -0.0 / imag_reward_max 25.6 / imag_action_mean 8.2 / imag_action_std 5.4 / imag_action_min 0.0 / imag_action_max 17.0 / actor_entropy 0.5 / actor_loss 0.7 / actor_grad_norm 6.5 / value_loss 1.3 / value_grad_norm 1.4 / update_count 49552.0 / fps 12.4
add_video needs package moviepy
add_video needs package moviepy
[208432] 
Start evaluation.
[208432] eval_return 3560.0 / eval_length 1391.2 / eval_episodes 5.0
add_video needs package moviepy
Start training.
[208432] model_loss 15.4 / model_grad_norm 25.1 / image_loss 5.7 / reward_loss 0.1 / cont_loss 0.0 / kl_free 1.0 / dyn_scale 0.5 / rep_scale 0.1 / dyn_loss 16.1 / rep_loss 16.1 / kl 16.1 / prior_abs_ent 31.5 / post_abs_ent -27.7 / prior_obs_ent 11.8 / post_obs_ent -2.7 / boundary_ratio 0.0 / kl_mask 0.0 / normed_target_mean 0.6 / normed_target_std 0.3 / normed_target_min -0.1 / normed_target_max 1.1 / EMA_005 73.5 / EMA_095 871.0 / value_mean 559.6 / value_std 254.9 / value_min 9.6 / value_max 957.0 / target_mean 561.7 / target_std 255.9 / target_min 9.8 / target_max 966.6 / imag_reward_mean 1.5 / imag_reward_std 4.2 / imag_reward_min -0.0 / imag_reward_max 25.0 / imag_action_mean 8.3 / imag_action_std 5.4 / imag_action_min 0.0 / imag_action_max 17.0 / actor_entropy 0.5 / actor_loss 0.6 / actor_grad_norm 6.8 / value_loss 1.4 / value_grad_norm 1.4 / update_count 49708.0 / fps 12.4
add_video needs package moviepy
add_video needs package moviepy
[209056] 
Start evaluation.
[209056] eval_return 3220.0 / eval_length 1459.4 / eval_episodes 5.0
add_video needs package moviepy
Start training.
[209056] model_loss 15.6 / model_grad_norm 26.8 / image_loss 5.8 / reward_loss 0.1 / cont_loss 0.0 / kl_free 1.0 / dyn_scale 0.5 / rep_scale 0.1 / dyn_loss 16.2 / rep_loss 16.2 / kl 16.2 / prior_abs_ent 31.5 / post_abs_ent -27.6 / prior_obs_ent 12.3 / post_obs_ent -2.2 / boundary_ratio 0.0 / kl_mask 0.0 / normed_target_mean 0.6 / normed_target_std 0.3 / normed_target_min -0.1 / normed_target_max 1.1 / EMA_005 74.1 / EMA_095 871.6 / value_mean 566.2 / value_std 250.0 / value_min 10.7 / value_max 952.2 / target_mean 568.0 / target_std 250.7 / target_min 11.4 / target_max 966.0 / imag_reward_mean 1.5 / imag_reward_std 4.2 / imag_reward_min -0.0 / imag_reward_max 25.5 / imag_action_mean 8.3 / imag_action_std 5.4 / imag_action_min 0.0 / imag_action_max 17.0 / actor_entropy 0.5 / actor_loss 0.5 / actor_grad_norm 6.5 / value_loss 1.3 / value_grad_norm 1.4 / update_count 49864.0 / fps 12.2
add_video needs package moviepy
add_video needs package moviepy
[209680] 
Start evaluation.
[209680] eval_return 4206.0 / eval_length 1523.2 / eval_episodes 5.0
add_video needs package moviepy
Start training.
[209680] model_loss 15.5 / model_grad_norm 26.2 / image_loss 5.7 / reward_loss 0.1 / cont_loss 0.0 / kl_free 1.0 / dyn_scale 0.5 / rep_scale 0.1 / dyn_loss 16.2 / rep_loss 16.2 / kl 16.2 / prior_abs_ent 31.6 / post_abs_ent -27.6 / prior_obs_ent 12.3 / post_obs_ent -2.2 / boundary_ratio 0.0 / kl_mask 0.0 / normed_target_mean 0.6 / normed_target_std 0.3 / normed_target_min -0.1 / normed_target_max 1.1 / EMA_005 72.4 / EMA_095 870.4 / value_mean 555.2 / value_std 260.2 / value_min 8.0 / value_max 949.2 / target_mean 557.0 / target_std 260.9 / target_min 7.9 / target_max 959.6 / imag_reward_mean 1.5 / imag_reward_std 4.3 / imag_reward_min -0.0 / imag_reward_max 26.7 / imag_action_mean 8.1 / imag_action_std 5.3 / imag_action_min 0.0 / imag_action_max 17.0 / actor_entropy 0.4 / actor_loss 0.4 / actor_grad_norm 6.4 / value_loss 1.4 / value_grad_norm 1.4 / update_count 50020.0 / fps 12.0
add_video needs package moviepy
add_video needs package moviepy
[210304] 
Start evaluation.
[210304] eval_return 3714.0 / eval_length 1375.2 / eval_episodes 5.0
add_video needs package moviepy
Start training.
[210304] model_loss 15.7 / model_grad_norm 26.0 / image_loss 5.9 / reward_loss 0.1 / cont_loss 0.0 / kl_free 1.0 / dyn_scale 0.5 / rep_scale 0.1 / dyn_loss 16.2 / rep_loss 16.2 / kl 16.2 / prior_abs_ent 31.8 / post_abs_ent -27.6 / prior_obs_ent 12.1 / post_obs_ent -2.4 / boundary_ratio 0.0 / kl_mask 0.0 / normed_target_mean 0.6 / normed_target_std 0.3 / normed_target_min -0.1 / normed_target_max 1.1 / EMA_005 74.6 / EMA_095 867.5 / value_mean 556.8 / value_std 251.5 / value_min 12.9 / value_max 949.7 / target_mean 558.5 / target_std 252.2 / target_min 13.2 / target_max 961.7 / imag_reward_mean 1.5 / imag_reward_std 4.2 / imag_reward_min -0.0 / imag_reward_max 25.9 / imag_action_mean 8.1 / imag_action_std 5.3 / imag_action_min 0.0 / imag_action_max 17.0 / actor_entropy 0.5 / actor_loss 0.5 / actor_grad_norm 6.7 / value_loss 1.4 / value_grad_norm 1.5 / update_count 50176.0 / fps 12.4
add_video needs package moviepy
add_video needs package moviepy
[210928] 
Start evaluation.
[210928] eval_return 3334.0 / eval_length 1293.4 / eval_episodes 5.0
add_video needs package moviepy
Start training.
[210928] model_loss 15.6 / model_grad_norm 27.6 / image_loss 5.8 / reward_loss 0.1 / cont_loss 0.0 / kl_free 1.0 / dyn_scale 0.5 / rep_scale 0.1 / dyn_loss 16.3 / rep_loss 16.3 / kl 16.3 / prior_abs_ent 31.8 / post_abs_ent -27.6 / prior_obs_ent 12.5 / post_obs_ent -2.1 / boundary_ratio 0.0 / kl_mask 0.0 / normed_target_mean 0.6 / normed_target_std 0.3 / normed_target_min -0.1 / normed_target_max 1.1 / EMA_005 70.7 / EMA_095 868.8 / value_mean 558.1 / value_std 252.4 / value_min 10.6 / value_max 948.6 / target_mean 559.8 / target_std 253.3 / target_min 10.8 / target_max 961.4 / imag_reward_mean 1.5 / imag_reward_std 4.2 / imag_reward_min -0.0 / imag_reward_max 25.0 / imag_action_mean 8.1 / imag_action_std 5.2 / imag_action_min 0.0 / imag_action_max 17.0 / actor_entropy 0.4 / actor_loss 0.4 / actor_grad_norm 6.6 / value_loss 1.4 / value_grad_norm 1.6 / update_count 50332.0 / fps 12.7
add_video needs package moviepy
add_video needs package moviepy
[211552] 
Start evaluation.
[211552] eval_return 3306.0 / eval_length 1370.8 / eval_episodes 5.0
add_video needs package moviepy
Start training.
[211552] model_loss 15.7 / model_grad_norm 26.4 / image_loss 5.8 / reward_loss 0.1 / cont_loss 0.0 / kl_free 1.0 / dyn_scale 0.5 / rep_scale 0.1 / dyn_loss 16.4 / rep_loss 16.4 / kl 16.4 / prior_abs_ent 31.9 / post_abs_ent -27.7 / prior_obs_ent 12.2 / post_obs_ent -2.5 / boundary_ratio 0.0 / kl_mask 0.0 / normed_target_mean 0.6 / normed_target_std 0.3 / normed_target_min -0.1 / normed_target_max 1.1 / EMA_005 71.1 / EMA_095 867.6 / value_mean 563.8 / value_std 250.5 / value_min 7.6 / value_max 948.7 / target_mean 565.8 / target_std 251.3 / target_min 10.4 / target_max 960.3 / imag_reward_mean 1.5 / imag_reward_std 4.2 / imag_reward_min -0.0 / imag_reward_max 25.3 / imag_action_mean 8.2 / imag_action_std 5.2 / imag_action_min 0.0 / imag_action_max 17.0 / actor_entropy 0.4 / actor_loss 0.6 / actor_grad_norm 6.7 / value_loss 1.4 / value_grad_norm 1.4 / update_count 50488.0 / fps 12.5
add_video needs package moviepy
add_video needs package moviepy
[212176] 
Start evaluation.
[212176] eval_return 3302.0 / eval_length 1360.8 / eval_episodes 5.0
add_video needs package moviepy
Start training.
[212176] model_loss 15.6 / model_grad_norm 24.9 / image_loss 5.7 / reward_loss 0.1 / cont_loss 0.0 / kl_free 1.0 / dyn_scale 0.5 / rep_scale 0.1 / dyn_loss 16.3 / rep_loss 16.3 / kl 16.3 / prior_abs_ent 31.8 / post_abs_ent -27.7 / prior_obs_ent 12.4 / post_obs_ent -2.3 / boundary_ratio 0.0 / kl_mask 0.0 / normed_target_mean 0.6 / normed_target_std 0.3 / normed_target_min -0.1 / normed_target_max 1.1 / EMA_005 78.5 / EMA_095 872.5 / value_mean 568.0 / value_std 250.9 / value_min 13.7 / value_max 955.2 / target_mean 569.9 / target_std 251.7 / target_min 16.4 / target_max 966.0 / imag_reward_mean 1.6 / imag_reward_std 4.3 / imag_reward_min -0.0 / imag_reward_max 26.0 / imag_action_mean 8.0 / imag_action_std 5.3 / imag_action_min 0.0 / imag_action_max 17.0 / actor_entropy 0.4 / actor_loss 0.5 / actor_grad_norm 6.5 / value_loss 1.3 / value_grad_norm 1.5 / update_count 50644.0 / fps 12.5
add_video needs package moviepy
add_video needs package moviepy
[212800] 
Start evaluation.
[212800] eval_return 2952.0 / eval_length 1269.6 / eval_episodes 5.0
add_video needs package moviepy
Start training.
[212800] model_loss 15.7 / model_grad_norm 27.0 / image_loss 5.8 / reward_loss 0.1 / cont_loss 0.0 / kl_free 1.0 / dyn_scale 0.5 / rep_scale 0.1 / dyn_loss 16.4 / rep_loss 16.4 / kl 16.4 / prior_abs_ent 32.0 / post_abs_ent -27.7 / prior_obs_ent 12.4 / post_obs_ent -2.2 / boundary_ratio 0.0 / kl_mask 0.0 / normed_target_mean 0.6 / normed_target_std 0.3 / normed_target_min -0.1 / normed_target_max 1.1 / EMA_005 77.1 / EMA_095 869.6 / value_mean 561.8 / value_std 253.4 / value_min 13.9 / value_max 953.6 / target_mean 563.8 / target_std 254.4 / target_min 15.5 / target_max 965.5 / imag_reward_mean 1.6 / imag_reward_std 4.3 / imag_reward_min -0.0 / imag_reward_max 25.7 / imag_action_mean 8.0 / imag_action_std 5.3 / imag_action_min 0.0 / imag_action_max 17.0 / actor_entropy 0.4 / actor_loss 0.4 / actor_grad_norm 6.6 / value_loss 1.3 / value_grad_norm 1.4 / update_count 50800.0 / fps 12.7
add_video needs package moviepy
add_video needs package moviepy
[213004] dataset_size 53251.0 / train_return 3450.0 / train_length 1582.0 / train_episodes 37.0
[213424] 
Start evaluation.
[213424] eval_return 2968.0 / eval_length 1156.8 / eval_episodes 5.0
add_video needs package moviepy
Start training.
[213424] model_loss 15.6 / model_grad_norm 26.1 / image_loss 5.8 / reward_loss 0.1 / cont_loss 0.0 / kl_free 1.0 / dyn_scale 0.5 / rep_scale 0.1 / dyn_loss 16.3 / rep_loss 16.3 / kl 16.3 / prior_abs_ent 31.9 / post_abs_ent -27.6 / prior_obs_ent 12.4 / post_obs_ent -2.2 / boundary_ratio 0.0 / kl_mask 0.0 / normed_target_mean 0.6 / normed_target_std 0.3 / normed_target_min -0.1 / normed_target_max 1.1 / EMA_005 78.8 / EMA_095 868.1 / value_mean 554.9 / value_std 254.8 / value_min 11.8 / value_max 951.2 / target_mean 556.6 / target_std 255.7 / target_min 12.0 / target_max 960.2 / imag_reward_mean 1.5 / imag_reward_std 4.2 / imag_reward_min -0.0 / imag_reward_max 25.5 / imag_action_mean 8.1 / imag_action_std 5.3 / imag_action_min 0.0 / imag_action_max 17.0 / actor_entropy 0.4 / actor_loss 0.4 / actor_grad_norm 6.6 / value_loss 1.4 / value_grad_norm 1.5 / update_count 50956.0 / fps 12.9
add_video needs package moviepy
add_video needs package moviepy
[214048] 
Start evaluation.
[214048] eval_return 3898.0 / eval_length 1547.0 / eval_episodes 5.0
add_video needs package moviepy
Start training.
[214048] model_loss 15.4 / model_grad_norm 25.4 / image_loss 5.6 / reward_loss 0.1 / cont_loss 0.0 / kl_free 1.0 / dyn_scale 0.5 / rep_scale 0.1 / dyn_loss 16.2 / rep_loss 16.2 / kl 16.2 / prior_abs_ent 32.0 / post_abs_ent -27.7 / prior_obs_ent 12.2 / post_obs_ent -2.4 / boundary_ratio 0.0 / kl_mask 0.0 / normed_target_mean 0.6 / normed_target_std 0.3 / normed_target_min -0.1 / normed_target_max 1.1 / EMA_005 68.1 / EMA_095 870.4 / value_mean 567.0 / value_std 254.8 / value_min 9.9 / value_max 961.8 / target_mean 568.8 / target_std 255.4 / target_min 10.1 / target_max 969.3 / imag_reward_mean 1.5 / imag_reward_std 4.2 / imag_reward_min -0.0 / imag_reward_max 24.3 / imag_action_mean 8.0 / imag_action_std 5.3 / imag_action_min 0.0 / imag_action_max 17.0 / actor_entropy 0.4 / actor_loss 0.5 / actor_grad_norm 6.5 / value_loss 1.3 / value_grad_norm 1.4 / update_count 51112.0 / fps 11.9
add_video needs package moviepy
add_video needs package moviepy
[214672] 
Start evaluation.
[214672] eval_return 3110.0 / eval_length 1238.8 / eval_episodes 5.0
add_video needs package moviepy
Start training.
[214672] model_loss 15.7 / model_grad_norm 29.4 / image_loss 5.7 / reward_loss 0.1 / cont_loss 0.0 / kl_free 1.0 / dyn_scale 0.5 / rep_scale 0.1 / dyn_loss 16.4 / rep_loss 16.4 / kl 16.4 / prior_abs_ent 31.8 / post_abs_ent -27.7 / prior_obs_ent 12.5 / post_obs_ent -2.2 / boundary_ratio 0.0 / kl_mask 0.0 / normed_target_mean 0.6 / normed_target_std 0.3 / normed_target_min -0.1 / normed_target_max 1.1 / EMA_005 70.3 / EMA_095 873.1 / value_mean 559.1 / value_std 256.0 / value_min 10.8 / value_max 961.6 / target_mean 561.2 / target_std 257.1 / target_min 11.1 / target_max 973.4 / imag_reward_mean 1.6 / imag_reward_std 4.3 / imag_reward_min -0.0 / imag_reward_max 25.9 / imag_action_mean 8.0 / imag_action_std 5.3 / imag_action_min 0.0 / imag_action_max 17.0 / actor_entropy 0.4 / actor_loss 0.6 / actor_grad_norm 6.6 / value_loss 1.4 / value_grad_norm 1.5 / update_count 51268.0 / fps 12.7
add_video needs package moviepy
add_video needs package moviepy
[215296] 
Start evaluation.
[215296] eval_return 3422.0 / eval_length 1230.8 / eval_episodes 5.0
add_video needs package moviepy
Start training.
[215296] model_loss 15.5 / model_grad_norm 27.2 / image_loss 5.7 / reward_loss 0.1 / cont_loss 0.0 / kl_free 1.0 / dyn_scale 0.5 / rep_scale 0.1 / dyn_loss 16.3 / rep_loss 16.3 / kl 16.3 / prior_abs_ent 32.1 / post_abs_ent -27.7 / prior_obs_ent 12.3 / post_obs_ent -2.4 / boundary_ratio 0.0 / kl_mask 0.0 / normed_target_mean 0.6 / normed_target_std 0.3 / normed_target_min -0.1 / normed_target_max 1.1 / EMA_005 74.0 / EMA_095 874.5 / value_mean 570.3 / value_std 250.1 / value_min 10.6 / value_max 960.4 / target_mean 572.2 / target_std 251.0 / target_min 11.8 / target_max 969.2 / imag_reward_mean 1.6 / imag_reward_std 4.3 / imag_reward_min -0.0 / imag_reward_max 25.3 / imag_action_mean 8.0 / imag_action_std 5.3 / imag_action_min 0.0 / imag_action_max 17.0 / actor_entropy 0.4 / actor_loss 0.5 / actor_grad_norm 6.9 / value_loss 1.3 / value_grad_norm 1.5 / update_count 51424.0 / fps 12.7
add_video needs package moviepy
add_video needs package moviepy
[215920] 
Start evaluation.
[215920] eval_return 3460.0 / eval_length 1407.0 / eval_episodes 5.0
add_video needs package moviepy
Start training.
[215920] model_loss 15.6 / model_grad_norm 26.3 / image_loss 5.7 / reward_loss 0.1 / cont_loss 0.0 / kl_free 1.0 / dyn_scale 0.5 / rep_scale 0.1 / dyn_loss 16.3 / rep_loss 16.3 / kl 16.3 / prior_abs_ent 32.3 / post_abs_ent -27.6 / prior_obs_ent 12.5 / post_obs_ent -2.2 / boundary_ratio 0.0 / kl_mask 0.0 / normed_target_mean 0.6 / normed_target_std 0.3 / normed_target_min -0.1 / normed_target_max 1.1 / EMA_005 78.0 / EMA_095 872.7 / value_mean 561.5 / value_std 254.6 / value_min 16.4 / value_max 957.1 / target_mean 563.4 / target_std 255.5 / target_min 17.7 / target_max 966.7 / imag_reward_mean 1.5 / imag_reward_std 4.2 / imag_reward_min -0.0 / imag_reward_max 25.0 / imag_action_mean 8.2 / imag_action_std 5.3 / imag_action_min 0.0 / imag_action_max 17.0 / actor_entropy 0.4 / actor_loss 0.4 / actor_grad_norm 6.4 / value_loss 1.3 / value_grad_norm 1.4 / update_count 51580.0 / fps 12.3
add_video needs package moviepy
add_video needs package moviepy
[216544] 
Start evaluation.
[216544] eval_return 3432.0 / eval_length 1403.8 / eval_episodes 5.0
add_video needs package moviepy
Start training.
[216544] model_loss 15.7 / model_grad_norm 25.3 / image_loss 5.8 / reward_loss 0.1 / cont_loss 0.0 / kl_free 1.0 / dyn_scale 0.5 / rep_scale 0.1 / dyn_loss 16.4 / rep_loss 16.4 / kl 16.4 / prior_abs_ent 32.1 / post_abs_ent -27.6 / prior_obs_ent 12.2 / post_obs_ent -2.5 / boundary_ratio 0.0 / kl_mask 0.0 / normed_target_mean 0.6 / normed_target_std 0.3 / normed_target_min -0.1 / normed_target_max 1.1 / EMA_005 79.2 / EMA_095 872.0 / value_mean 570.4 / value_std 250.0 / value_min 13.4 / value_max 959.0 / target_mean 572.1 / target_std 251.3 / target_min 14.3 / target_max 969.0 / imag_reward_mean 1.6 / imag_reward_std 4.3 / imag_reward_min -0.0 / imag_reward_max 26.3 / imag_action_mean 8.1 / imag_action_std 5.3 / imag_action_min 0.0 / imag_action_max 17.0 / actor_entropy 0.4 / actor_loss 0.4 / actor_grad_norm 6.6 / value_loss 1.3 / value_grad_norm 1.5 / update_count 51736.0 / fps 12.3
add_video needs package moviepy
add_video needs package moviepy
[217168] 
Start evaluation.
[217168] eval_return 3500.0 / eval_length 1280.4 / eval_episodes 5.0
add_video needs package moviepy
Start training.
[217168] model_loss 15.7 / model_grad_norm 27.8 / image_loss 5.8 / reward_loss 0.1 / cont_loss 0.0 / kl_free 1.0 / dyn_scale 0.5 / rep_scale 0.1 / dyn_loss 16.4 / rep_loss 16.4 / kl 16.4 / prior_abs_ent 32.0 / post_abs_ent -27.6 / prior_obs_ent 12.4 / post_obs_ent -2.3 / boundary_ratio 0.0 / kl_mask 0.0 / normed_target_mean 0.6 / normed_target_std 0.3 / normed_target_min -0.1 / normed_target_max 1.1 / EMA_005 74.3 / EMA_095 876.1 / value_mean 563.3 / value_std 258.9 / value_min 12.8 / value_max 961.9 / target_mean 565.2 / target_std 260.0 / target_min 13.3 / target_max 972.5 / imag_reward_mean 1.6 / imag_reward_std 4.3 / imag_reward_min -0.0 / imag_reward_max 25.9 / imag_action_mean 8.1 / imag_action_std 5.4 / imag_action_min 0.0 / imag_action_max 17.0 / actor_entropy 0.4 / actor_loss 0.5 / actor_grad_norm 6.4 / value_loss 1.4 / value_grad_norm 1.5 / update_count 51892.0 / fps 12.7
add_video needs package moviepy
add_video needs package moviepy
[217792] 
Start evaluation.
[217792] eval_return 3444.0 / eval_length 1263.6 / eval_episodes 5.0
add_video needs package moviepy
Start training.
[217792] model_loss 15.6 / model_grad_norm 25.2 / image_loss 5.6 / reward_loss 0.1 / cont_loss 0.0 / kl_free 1.0 / dyn_scale 0.5 / rep_scale 0.1 / dyn_loss 16.5 / rep_loss 16.5 / kl 16.5 / prior_abs_ent 32.0 / post_abs_ent -27.6 / prior_obs_ent 12.3 / post_obs_ent -2.5 / boundary_ratio 0.0 / kl_mask 0.0 / normed_target_mean 0.6 / normed_target_std 0.3 / normed_target_min -0.1 / normed_target_max 1.1 / EMA_005 70.7 / EMA_095 876.2 / value_mean 570.3 / value_std 259.3 / value_min 13.0 / value_max 959.4 / target_mean 572.3 / target_std 260.5 / target_min 13.2 / target_max 970.7 / imag_reward_mean 1.6 / imag_reward_std 4.4 / imag_reward_min -0.0 / imag_reward_max 25.5 / imag_action_mean 8.1 / imag_action_std 5.3 / imag_action_min 0.0 / imag_action_max 17.0 / actor_entropy 0.4 / actor_loss 0.5 / actor_grad_norm 6.6 / value_loss 1.4 / value_grad_norm 1.4 / update_count 52048.0 / fps 12.7
add_video needs package moviepy
add_video needs package moviepy
[218416] 
Start evaluation.
[218416] eval_return 3436.0 / eval_length 1342.0 / eval_episodes 5.0
add_video needs package moviepy
Start training.
[218416] model_loss 15.8 / model_grad_norm 27.4 / image_loss 5.8 / reward_loss 0.1 / cont_loss 0.0 / kl_free 1.0 / dyn_scale 0.5 / rep_scale 0.1 / dyn_loss 16.6 / rep_loss 16.6 / kl 16.6 / prior_abs_ent 32.1 / post_abs_ent -27.6 / prior_obs_ent 12.7 / post_obs_ent -2.2 / boundary_ratio 0.0 / kl_mask 0.0 / normed_target_mean 0.6 / normed_target_std 0.3 / normed_target_min -0.1 / normed_target_max 1.1 / EMA_005 78.2 / EMA_095 881.2 / value_mean 569.4 / value_std 254.6 / value_min 11.2 / value_max 970.1 / target_mean 571.3 / target_std 256.0 / target_min 11.6 / target_max 981.5 / imag_reward_mean 1.6 / imag_reward_std 4.4 / imag_reward_min -0.0 / imag_reward_max 25.1 / imag_action_mean 8.0 / imag_action_std 5.3 / imag_action_min 0.0 / imag_action_max 17.0 / actor_entropy 0.4 / actor_loss 0.5 / actor_grad_norm 6.7 / value_loss 1.4 / value_grad_norm 1.5 / update_count 52204.0 / fps 12.3
add_video needs package moviepy
add_video needs package moviepy
[218912] dataset_size 54728.0 / train_return 4760.0 / train_length 1477.0 / train_episodes 38.0
[219040] 
Start evaluation.
[219040] eval_return 4266.0 / eval_length 1469.6 / eval_episodes 5.0
add_video needs package moviepy
Start training.
[219040] model_loss 16.5 / model_grad_norm 41.0 / image_loss 6.0 / reward_loss 0.1 / cont_loss 0.0 / kl_free 1.0 / dyn_scale 0.5 / rep_scale 0.1 / dyn_loss 17.3 / rep_loss 17.3 / kl 17.3 / prior_abs_ent 32.1 / post_abs_ent -27.6 / prior_obs_ent 14.6 / post_obs_ent -0.9 / boundary_ratio 0.0 / kl_mask 0.0 / normed_target_mean 0.6 / normed_target_std 0.3 / normed_target_min -0.1 / normed_target_max 1.1 / EMA_005 76.9 / EMA_095 881.4 / value_mean 573.1 / value_std 257.9 / value_min 12.7 / value_max 970.0 / target_mean 574.9 / target_std 258.8 / target_min 13.5 / target_max 978.3 / imag_reward_mean 1.6 / imag_reward_std 4.3 / imag_reward_min -0.0 / imag_reward_max 26.3 / imag_action_mean 8.1 / imag_action_std 5.4 / imag_action_min 0.0 / imag_action_max 17.0 / actor_entropy 0.4 / actor_loss 0.4 / actor_grad_norm 6.9 / value_loss 1.4 / value_grad_norm 1.5 / update_count 52360.0 / fps 11.9
add_video needs package moviepy
add_video needs package moviepy
[219664] 
Start evaluation.
[219664] eval_return 3324.0 / eval_length 1326.0 / eval_episodes 5.0
add_video needs package moviepy
Start training.
[219664] model_loss 15.5 / model_grad_norm 23.5 / image_loss 5.7 / reward_loss 0.1 / cont_loss 0.0 / kl_free 1.0 / dyn_scale 0.5 / rep_scale 0.1 / dyn_loss 16.2 / rep_loss 16.2 / kl 16.2 / prior_abs_ent 32.1 / post_abs_ent -27.6 / prior_obs_ent 13.0 / post_obs_ent -1.7 / boundary_ratio 0.0 / kl_mask 0.0 / normed_target_mean 0.6 / normed_target_std 0.3 / normed_target_min -0.1 / normed_target_max 1.1 / EMA_005 81.5 / EMA_095 880.0 / value_mean 565.4 / value_std 255.5 / value_min 16.5 / value_max 961.4 / target_mean 567.3 / target_std 256.8 / target_min 16.1 / target_max 975.0 / imag_reward_mean 1.5 / imag_reward_std 4.2 / imag_reward_min -0.0 / imag_reward_max 24.5 / imag_action_mean 7.9 / imag_action_std 5.3 / imag_action_min 0.0 / imag_action_max 17.0 / actor_entropy 0.4 / actor_loss 0.4 / actor_grad_norm 6.4 / value_loss 1.4 / value_grad_norm 1.4 / update_count 52516.0 / fps 12.3
add_video needs package moviepy
add_video needs package moviepy
[220288] 
Start evaluation.
[220288] eval_return 3340.0 / eval_length 1290.2 / eval_episodes 5.0
add_video needs package moviepy
Start training.
[220288] model_loss 15.3 / model_grad_norm 24.0 / image_loss 5.6 / reward_loss 0.1 / cont_loss 0.0 / kl_free 1.0 / dyn_scale 0.5 / rep_scale 0.1 / dyn_loss 16.2 / rep_loss 16.2 / kl 16.2 / prior_abs_ent 32.0 / post_abs_ent -27.7 / prior_obs_ent 11.9 / post_obs_ent -2.6 / boundary_ratio 0.0 / kl_mask 0.0 / normed_target_mean 0.6 / normed_target_std 0.3 / normed_target_min -0.1 / normed_target_max 1.1 / EMA_005 77.0 / EMA_095 881.0 / value_mean 563.0 / value_std 262.5 / value_min 9.6 / value_max 966.5 / target_mean 564.5 / target_std 263.9 / target_min 9.2 / target_max 976.9 / imag_reward_mean 1.5 / imag_reward_std 4.2 / imag_reward_min -0.0 / imag_reward_max 24.5 / imag_action_mean 8.2 / imag_action_std 5.3 / imag_action_min 0.0 / imag_action_max 17.0 / actor_entropy 0.4 / actor_loss 0.4 / actor_grad_norm 6.8 / value_loss 1.4 / value_grad_norm 1.5 / update_count 52672.0 / fps 12.5
add_video needs package moviepy
add_video needs package moviepy
[220912] 
Start evaluation.
[220912] eval_return 3530.0 / eval_length 1435.2 / eval_episodes 5.0
add_video needs package moviepy
Start training.
[220912] model_loss 15.6 / model_grad_norm 25.2 / image_loss 5.7 / reward_loss 0.1 / cont_loss 0.0 / kl_free 1.0 / dyn_scale 0.5 / rep_scale 0.1 / dyn_loss 16.4 / rep_loss 16.4 / kl 16.4 / prior_abs_ent 32.5 / post_abs_ent -27.6 / prior_obs_ent 12.2 / post_obs_ent -2.5 / boundary_ratio 0.0 / kl_mask 0.0 / normed_target_mean 0.6 / normed_target_std 0.3 / normed_target_min -0.1 / normed_target_max 1.1 / EMA_005 76.1 / EMA_095 882.3 / value_mean 569.0 / value_std 258.8 / value_min 12.2 / value_max 967.3 / target_mean 570.8 / target_std 259.9 / target_min 13.3 / target_max 977.6 / imag_reward_mean 1.6 / imag_reward_std 4.3 / imag_reward_min -0.0 / imag_reward_max 24.9 / imag_action_mean 8.2 / imag_action_std 5.3 / imag_action_min 0.0 / imag_action_max 17.0 / actor_entropy 0.4 / actor_loss 0.5 / actor_grad_norm 6.9 / value_loss 1.4 / value_grad_norm 1.6 / update_count 52828.0 / fps 12.2
add_video needs package moviepy
add_video needs package moviepy
[221536] 
Start evaluation.
[221536] eval_return 3484.0 / eval_length 1310.8 / eval_episodes 5.0
add_video needs package moviepy
Start training.
[221536] model_loss 15.6 / model_grad_norm 26.7 / image_loss 5.7 / reward_loss 0.1 / cont_loss 0.0 / kl_free 1.0 / dyn_scale 0.5 / rep_scale 0.1 / dyn_loss 16.3 / rep_loss 16.3 / kl 16.3 / prior_abs_ent 32.1 / post_abs_ent -27.6 / prior_obs_ent 11.8 / post_obs_ent -2.9 / boundary_ratio 0.0 / kl_mask 0.0 / normed_target_mean 0.6 / normed_target_std 0.3 / normed_target_min -0.1 / normed_target_max 1.1 / EMA_005 76.3 / EMA_095 880.7 / value_mean 574.5 / value_std 258.0 / value_min 13.6 / value_max 971.9 / target_mean 576.6 / target_std 259.0 / target_min 15.9 / target_max 979.7 / imag_reward_mean 1.6 / imag_reward_std 4.4 / imag_reward_min -0.0 / imag_reward_max 25.8 / imag_action_mean 8.3 / imag_action_std 5.3 / imag_action_min 0.0 / imag_action_max 17.0 / actor_entropy 0.4 / actor_loss 0.6 / actor_grad_norm 6.7 / value_loss 1.4 / value_grad_norm 1.5 / update_count 52984.0 / fps 12.3
add_video needs package moviepy
add_video needs package moviepy
[222160] 
Start evaluation.
[222160] eval_return 3866.0 / eval_length 1407.8 / eval_episodes 5.0
add_video needs package moviepy
Start training.
[222160] model_loss 15.4 / model_grad_norm 28.3 / image_loss 5.6 / reward_loss 0.1 / cont_loss 0.0 / kl_free 1.0 / dyn_scale 0.5 / rep_scale 0.1 / dyn_loss 16.2 / rep_loss 16.2 / kl 16.2 / prior_abs_ent 31.8 / post_abs_ent -27.6 / prior_obs_ent 11.3 / post_obs_ent -3.2 / boundary_ratio 0.0 / kl_mask 0.0 / normed_target_mean 0.6 / normed_target_std 0.3 / normed_target_min -0.1 / normed_target_max 1.1 / EMA_005 76.1 / EMA_095 883.4 / value_mean 574.8 / value_std 257.8 / value_min 9.9 / value_max 972.7 / target_mean 577.0 / target_std 259.1 / target_min 11.9 / target_max 979.0 / imag_reward_mean 1.6 / imag_reward_std 4.4 / imag_reward_min -0.0 / imag_reward_max 25.7 / imag_action_mean 8.1 / imag_action_std 5.3 / imag_action_min 0.0 / imag_action_max 17.0 / actor_entropy 0.4 / actor_loss 0.7 / actor_grad_norm 6.8 / value_loss 1.4 / value_grad_norm 1.4 / update_count 53140.0 / fps 12.1
add_video needs package moviepy
add_video needs package moviepy
[222784] 
Start evaluation.
[222784] eval_return 3652.0 / eval_length 1332.0 / eval_episodes 5.0
add_video needs package moviepy
Start training.
[222784] model_loss 15.6 / model_grad_norm 27.6 / image_loss 5.6 / reward_loss 0.1 / cont_loss 0.0 / kl_free 1.0 / dyn_scale 0.5 / rep_scale 0.1 / dyn_loss 16.5 / rep_loss 16.5 / kl 16.5 / prior_abs_ent 32.3 / post_abs_ent -27.6 / prior_obs_ent 12.2 / post_obs_ent -2.6 / boundary_ratio 0.0 / kl_mask 0.0 / normed_target_mean 0.6 / normed_target_std 0.3 / normed_target_min -0.1 / normed_target_max 1.1 / EMA_005 72.5 / EMA_095 882.2 / value_mean 563.5 / value_std 261.9 / value_min 9.8 / value_max 971.7 / target_mean 565.5 / target_std 263.4 / target_min 9.1 / target_max 979.9 / imag_reward_mean 1.7 / imag_reward_std 4.4 / imag_reward_min -0.0 / imag_reward_max 25.2 / imag_action_mean 8.0 / imag_action_std 5.2 / imag_action_min 0.0 / imag_action_max 17.0 / actor_entropy 0.4 / actor_loss 0.6 / actor_grad_norm 6.8 / value_loss 1.4 / value_grad_norm 1.5 / update_count 53296.0 / fps 12.4
add_video needs package moviepy
add_video needs package moviepy
[223408] 
Start evaluation.
[223408] eval_return 4034.0 / eval_length 1388.4 / eval_episodes 5.0
add_video needs package moviepy
Start training.
[223408] model_loss 15.4 / model_grad_norm 24.3 / image_loss 5.5 / reward_loss 0.1 / cont_loss 0.0 / kl_free 1.0 / dyn_scale 0.5 / rep_scale 0.1 / dyn_loss 16.3 / rep_loss 16.3 / kl 16.3 / prior_abs_ent 31.9 / post_abs_ent -27.6 / prior_obs_ent 11.1 / post_obs_ent -3.5 / boundary_ratio 0.0 / kl_mask 0.0 / normed_target_mean 0.6 / normed_target_std 0.3 / normed_target_min -0.1 / normed_target_max 1.1 / EMA_005 77.4 / EMA_095 885.7 / value_mean 580.1 / value_std 261.9 / value_min 14.2 / value_max 981.0 / target_mean 582.3 / target_std 263.3 / target_min 14.1 / target_max 991.1 / imag_reward_mean 1.7 / imag_reward_std 4.5 / imag_reward_min -0.0 / imag_reward_max 24.6 / imag_action_mean 8.0 / imag_action_std 5.3 / imag_action_min 0.0 / imag_action_max 17.0 / actor_entropy 0.4 / actor_loss 0.6 / actor_grad_norm 7.0 / value_loss 1.4 / value_grad_norm 1.4 / update_count 53452.0 / fps 12.2
add_video needs package moviepy
add_video needs package moviepy
[224032] 
Start evaluation.
[224032] eval_return 3536.0 / eval_length 1299.6 / eval_episodes 5.0
add_video needs package moviepy
Start training.
[224032] model_loss 15.6 / model_grad_norm 28.7 / image_loss 5.6 / reward_loss 0.1 / cont_loss 0.0 / kl_free 1.0 / dyn_scale 0.5 / rep_scale 0.1 / dyn_loss 16.4 / rep_loss 16.4 / kl 16.4 / prior_abs_ent 32.1 / post_abs_ent -27.6 / prior_obs_ent 11.5 / post_obs_ent -3.2 / boundary_ratio 0.0 / kl_mask 0.0 / normed_target_mean 0.6 / normed_target_std 0.3 / normed_target_min -0.1 / normed_target_max 1.1 / EMA_005 73.7 / EMA_095 889.3 / value_mean 574.1 / value_std 265.6 / value_min 13.9 / value_max 983.3 / target_mean 576.5 / target_std 266.8 / target_min 15.4 / target_max 993.3 / imag_reward_mean 1.7 / imag_reward_std 4.4 / imag_reward_min -0.0 / imag_reward_max 25.1 / imag_action_mean 7.9 / imag_action_std 5.3 / imag_action_min 0.0 / imag_action_max 17.0 / actor_entropy 0.4 / actor_loss 0.7 / actor_grad_norm 6.9 / value_loss 1.4 / value_grad_norm 1.5 / update_count 53608.0 / fps 12.5
add_video needs package moviepy
add_video needs package moviepy
[224100] dataset_size 56025.0 / train_return 4190.0 / train_length 1297.0 / train_episodes 39.0
[224656] 
Start evaluation.
[224656] eval_return 3928.0 / eval_length 1347.0 / eval_episodes 5.0
add_video needs package moviepy
Start training.
[224656] model_loss 15.6 / model_grad_norm 25.7 / image_loss 5.6 / reward_loss 0.1 / cont_loss 0.0 / kl_free 1.0 / dyn_scale 0.5 / rep_scale 0.1 / dyn_loss 16.4 / rep_loss 16.4 / kl 16.4 / prior_abs_ent 32.2 / post_abs_ent -27.6 / prior_obs_ent 11.8 / post_obs_ent -2.9 / boundary_ratio 0.0 / kl_mask 0.0 / normed_target_mean 0.6 / normed_target_std 0.3 / normed_target_min -0.1 / normed_target_max 1.1 / EMA_005 69.1 / EMA_095 890.9 / value_mean 578.6 / value_std 264.5 / value_min 9.5 / value_max 983.6 / target_mean 580.6 / target_std 266.0 / target_min 11.0 / target_max 990.6 / imag_reward_mean 1.7 / imag_reward_std 4.4 / imag_reward_min -0.0 / imag_reward_max 25.6 / imag_action_mean 8.0 / imag_action_std 5.2 / imag_action_min 0.0 / imag_action_max 17.0 / actor_entropy 0.4 / actor_loss 0.6 / actor_grad_norm 7.0 / value_loss 1.4 / value_grad_norm 1.5 / update_count 53764.0 / fps 12.3
add_video needs package moviepy
add_video needs package moviepy
[225280] 
Start evaluation.
[225280] eval_return 3764.0 / eval_length 1351.4 / eval_episodes 5.0
add_video needs package moviepy
Start training.
[225280] model_loss 15.4 / model_grad_norm 25.1 / image_loss 5.6 / reward_loss 0.1 / cont_loss 0.0 / kl_free 1.0 / dyn_scale 0.5 / rep_scale 0.1 / dyn_loss 16.3 / rep_loss 16.3 / kl 16.3 / prior_abs_ent 32.0 / post_abs_ent -27.6 / prior_obs_ent 11.5 / post_obs_ent -3.1 / boundary_ratio 0.0 / kl_mask 0.0 / normed_target_mean 0.6 / normed_target_std 0.3 / normed_target_min -0.1 / normed_target_max 1.1 / EMA_005 64.3 / EMA_095 893.3 / value_mean 581.2 / value_std 263.6 / value_min 9.7 / value_max 980.8 / target_mean 583.2 / target_std 264.7 / target_min 10.1 / target_max 988.7 / imag_reward_mean 1.6 / imag_reward_std 4.4 / imag_reward_min -0.0 / imag_reward_max 24.4 / imag_action_mean 7.9 / imag_action_std 5.2 / imag_action_min 0.0 / imag_action_max 17.0 / actor_entropy 0.4 / actor_loss 0.5 / actor_grad_norm 6.9 / value_loss 1.3 / value_grad_norm 1.4 / update_count 53920.0 / fps 12.3
add_video needs package moviepy
add_video needs package moviepy
[225904] 
Start evaluation.
[225904] eval_return 3708.0 / eval_length 1400.0 / eval_episodes 5.0
add_video needs package moviepy
Start training.
[225904] model_loss 15.4 / model_grad_norm 24.9 / image_loss 5.5 / reward_loss 0.1 / cont_loss 0.0 / kl_free 1.0 / dyn_scale 0.5 / rep_scale 0.1 / dyn_loss 16.4 / rep_loss 16.4 / kl 16.4 / prior_abs_ent 32.0 / post_abs_ent -27.6 / prior_obs_ent 11.3 / post_obs_ent -3.4 / boundary_ratio 0.0 / kl_mask 0.0 / normed_target_mean 0.6 / normed_target_std 0.3 / normed_target_min -0.1 / normed_target_max 1.1 / EMA_005 61.7 / EMA_095 894.7 / value_mean 568.6 / value_std 269.9 / value_min 12.8 / value_max 987.6 / target_mean 570.7 / target_std 271.4 / target_min 13.4 / target_max 998.7 / imag_reward_mean 1.7 / imag_reward_std 4.4 / imag_reward_min -0.0 / imag_reward_max 25.5 / imag_action_mean 7.7 / imag_action_std 5.2 / imag_action_min 0.0 / imag_action_max 17.0 / actor_entropy 0.4 / actor_loss 0.6 / actor_grad_norm 7.1 / value_loss 1.4 / value_grad_norm 1.5 / update_count 54076.0 / fps 12.3
add_video needs package moviepy
add_video needs package moviepy
[226528] 
Start evaluation.
[226528] eval_return 3748.0 / eval_length 1391.4 / eval_episodes 5.0
add_video needs package moviepy
Start training.
[226528] model_loss 15.6 / model_grad_norm 27.3 / image_loss 5.6 / reward_loss 0.1 / cont_loss 0.0 / kl_free 1.0 / dyn_scale 0.5 / rep_scale 0.1 / dyn_loss 16.4 / rep_loss 16.4 / kl 16.4 / prior_abs_ent 32.1 / post_abs_ent -27.7 / prior_obs_ent 11.5 / post_obs_ent -3.3 / boundary_ratio 0.0 / kl_mask 0.0 / normed_target_mean 0.6 / normed_target_std 0.3 / normed_target_min -0.1 / normed_target_max 1.1 / EMA_005 70.7 / EMA_095 899.0 / value_mean 584.5 / value_std 267.3 / value_min 15.3 / value_max 991.3 / target_mean 586.6 / target_std 268.6 / target_min 15.5 / target_max 1001.8 / imag_reward_mean 1.6 / imag_reward_std 4.4 / imag_reward_min -0.0 / imag_reward_max 25.8 / imag_action_mean 7.7 / imag_action_std 5.3 / imag_action_min 0.0 / imag_action_max 17.0 / actor_entropy 0.4 / actor_loss 0.5 / actor_grad_norm 6.8 / value_loss 1.4 / value_grad_norm 1.5 / update_count 54232.0 / fps 12.4
add_video needs package moviepy
add_video needs package moviepy
[227152] 
Start evaluation.
[227152] eval_return 4480.0 / eval_length 1393.8 / eval_episodes 5.0
add_video needs package moviepy
Start training.
[227152] model_loss 15.5 / model_grad_norm 28.2 / image_loss 5.6 / reward_loss 0.1 / cont_loss 0.0 / kl_free 1.0 / dyn_scale 0.5 / rep_scale 0.1 / dyn_loss 16.4 / rep_loss 16.4 / kl 16.4 / prior_abs_ent 32.3 / post_abs_ent -27.6 / prior_obs_ent 11.5 / post_obs_ent -3.3 / boundary_ratio 0.0 / kl_mask 0.0 / normed_target_mean 0.6 / normed_target_std 0.3 / normed_target_min -0.1 / normed_target_max 1.1 / EMA_005 76.6 / EMA_095 903.7 / value_mean 574.5 / value_std 268.5 / value_min 12.7 / value_max 986.9 / target_mean 576.8 / target_std 269.7 / target_min 14.1 / target_max 1000.5 / imag_reward_mean 1.6 / imag_reward_std 4.4 / imag_reward_min -0.0 / imag_reward_max 25.3 / imag_action_mean 7.7 / imag_action_std 5.4 / imag_action_min 0.0 / imag_action_max 17.0 / actor_entropy 0.4 / actor_loss 0.7 / actor_grad_norm 6.7 / value_loss 1.4 / value_grad_norm 1.4 / update_count 54388.0 / fps 12.3
add_video needs package moviepy
add_video needs package moviepy
[227776] 
Start evaluation.
[227776] eval_return 3268.0 / eval_length 1343.8 / eval_episodes 5.0
add_video needs package moviepy
Start training.
[227776] model_loss 15.5 / model_grad_norm 27.0 / image_loss 5.5 / reward_loss 0.1 / cont_loss 0.0 / kl_free 1.0 / dyn_scale 0.5 / rep_scale 0.1 / dyn_loss 16.5 / rep_loss 16.5 / kl 16.5 / prior_abs_ent 32.2 / post_abs_ent -27.6 / prior_obs_ent 11.5 / post_obs_ent -3.3 / boundary_ratio 0.0 / kl_mask 0.0 / normed_target_mean 0.6 / normed_target_std 0.3 / normed_target_min -0.1 / normed_target_max 1.1 / EMA_005 76.4 / EMA_095 905.5 / value_mean 588.7 / value_std 268.0 / value_min 15.0 / value_max 991.4 / target_mean 590.8 / target_std 269.2 / target_min 14.4 / target_max 1006.9 / imag_reward_mean 1.7 / imag_reward_std 4.4 / imag_reward_min -0.0 / imag_reward_max 25.2 / imag_action_mean 7.9 / imag_action_std 5.3 / imag_action_min 0.0 / imag_action_max 17.0 / actor_entropy 0.4 / actor_loss 0.5 / actor_grad_norm 7.1 / value_loss 1.4 / value_grad_norm 1.5 / update_count 54544.0 / fps 12.4
add_video needs package moviepy
add_video needs package moviepy
[228400] 
Start evaluation.
[228400] eval_return 4074.0 / eval_length 1412.6 / eval_episodes 5.0
add_video needs package moviepy
Start training.
[228400] model_loss 15.6 / model_grad_norm 24.4 / image_loss 5.6 / reward_loss 0.1 / cont_loss 0.0 / kl_free 1.0 / dyn_scale 0.5 / rep_scale 0.1 / dyn_loss 16.5 / rep_loss 16.5 / kl 16.5 / prior_abs_ent 32.6 / post_abs_ent -27.6 / prior_obs_ent 11.6 / post_obs_ent -3.3 / boundary_ratio 0.0 / kl_mask 0.0 / normed_target_mean 0.6 / normed_target_std 0.3 / normed_target_min -0.1 / normed_target_max 1.1 / EMA_005 71.4 / EMA_095 907.5 / value_mean 587.5 / value_std 269.3 / value_min 12.0 / value_max 993.8 / target_mean 589.8 / target_std 270.6 / target_min 12.4 / target_max 1013.2 / imag_reward_mean 1.7 / imag_reward_std 4.4 / imag_reward_min -0.0 / imag_reward_max 24.6 / imag_action_mean 7.8 / imag_action_std 5.2 / imag_action_min 0.0 / imag_action_max 17.0 / actor_entropy 0.4 / actor_loss 0.7 / actor_grad_norm 7.1 / value_loss 1.4 / value_grad_norm 1.5 / update_count 54700.0 / fps 12.2
add_video needs package moviepy
add_video needs package moviepy
[229024] 
Start evaluation.
[229024] eval_return 3910.0 / eval_length 1377.2 / eval_episodes 5.0
add_video needs package moviepy
Start training.
[229024] model_loss 15.5 / model_grad_norm 28.8 / image_loss 5.5 / reward_loss 0.1 / cont_loss 0.0 / kl_free 1.0 / dyn_scale 0.5 / rep_scale 0.1 / dyn_loss 16.5 / rep_loss 16.5 / kl 16.5 / prior_abs_ent 32.5 / post_abs_ent -27.6 / prior_obs_ent 11.4 / post_obs_ent -3.5 / boundary_ratio 0.0 / kl_mask 0.0 / normed_target_mean 0.6 / normed_target_std 0.3 / normed_target_min -0.1 / normed_target_max 1.1 / EMA_005 68.6 / EMA_095 911.3 / value_mean 583.5 / value_std 268.0 / value_min 11.7 / value_max 992.1 / target_mean 585.4 / target_std 269.4 / target_min 12.7 / target_max 1006.9 / imag_reward_mean 1.6 / imag_reward_std 4.4 / imag_reward_min -0.0 / imag_reward_max 26.0 / imag_action_mean 7.7 / imag_action_std 5.2 / imag_action_min 0.0 / imag_action_max 17.0 / actor_entropy 0.4 / actor_loss 0.5 / actor_grad_norm 7.0 / value_loss 1.4 / value_grad_norm 1.4 / update_count 54856.0 / fps 12.4
add_video needs package moviepy
add_video needs package moviepy
[229648] 
Start evaluation.
[229648] eval_return 3694.0 / eval_length 1367.6 / eval_episodes 5.0
add_video needs package moviepy
Start training.
[229648] model_loss 15.7 / model_grad_norm 26.7 / image_loss 5.6 / reward_loss 0.1 / cont_loss 0.0 / kl_free 1.0 / dyn_scale 0.5 / rep_scale 0.1 / dyn_loss 16.6 / rep_loss 16.6 / kl 16.6 / prior_abs_ent 32.3 / post_abs_ent -27.7 / prior_obs_ent 11.9 / post_obs_ent -2.9 / boundary_ratio 0.0 / kl_mask 0.0 / normed_target_mean 0.6 / normed_target_std 0.3 / normed_target_min -0.1 / normed_target_max 1.1 / EMA_005 70.7 / EMA_095 909.8 / value_mean 592.4 / value_std 266.9 / value_min 13.5 / value_max 992.4 / target_mean 594.4 / target_std 268.0 / target_min 14.3 / target_max 1005.7 / imag_reward_mean 1.7 / imag_reward_std 4.4 / imag_reward_min -0.0 / imag_reward_max 25.2 / imag_action_mean 7.7 / imag_action_std 5.2 / imag_action_min 0.0 / imag_action_max 17.0 / actor_entropy 0.4 / actor_loss 0.5 / actor_grad_norm 7.1 / value_loss 1.4 / value_grad_norm 1.5 / update_count 55012.0 / fps 12.4
add_video needs package moviepy
add_video needs package moviepy
[230096] dataset_size 57524.0 / train_return 2810.0 / train_length 1499.0 / train_episodes 40.0
[230272] 
Start evaluation.
[230272] eval_return 3150.0 / eval_length 1164.4 / eval_episodes 5.0
add_video needs package moviepy
Start training.
[230272] model_loss 15.5 / model_grad_norm 28.0 / image_loss 5.6 / reward_loss 0.1 / cont_loss 0.0 / kl_free 1.0 / dyn_scale 0.5 / rep_scale 0.1 / dyn_loss 16.4 / rep_loss 16.4 / kl 16.4 / prior_abs_ent 32.3 / post_abs_ent -27.6 / prior_obs_ent 11.5 / post_obs_ent -3.1 / boundary_ratio 0.0 / kl_mask 0.0 / normed_target_mean 0.6 / normed_target_std 0.3 / normed_target_min -0.1 / normed_target_max 1.1 / EMA_005 71.2 / EMA_095 909.7 / value_mean 579.0 / value_std 270.1 / value_min 12.4 / value_max 986.7 / target_mean 580.8 / target_std 271.1 / target_min 11.1 / target_max 998.2 / imag_reward_mean 1.6 / imag_reward_std 4.3 / imag_reward_min -0.0 / imag_reward_max 25.7 / imag_action_mean 7.9 / imag_action_std 5.3 / imag_action_min 0.0 / imag_action_max 17.0 / actor_entropy 0.4 / actor_loss 0.4 / actor_grad_norm 6.9 / value_loss 1.4 / value_grad_norm 1.5 / update_count 55168.0 / fps 12.9
add_video needs package moviepy
add_video needs package moviepy
[230896] 
Start evaluation.
[230896] eval_return 3146.0 / eval_length 1189.8 / eval_episodes 5.0
add_video needs package moviepy
Start training.
[230896] model_loss 15.6 / model_grad_norm 25.4 / image_loss 5.5 / reward_loss 0.1 / cont_loss 0.0 / kl_free 1.0 / dyn_scale 0.5 / rep_scale 0.1 / dyn_loss 16.6 / rep_loss 16.6 / kl 16.6 / prior_abs_ent 32.6 / post_abs_ent -27.6 / prior_obs_ent 11.8 / post_obs_ent -3.0 / boundary_ratio 0.0 / kl_mask 0.0 / normed_target_mean 0.6 / normed_target_std 0.3 / normed_target_min -0.1 / normed_target_max 1.1 / EMA_005 62.9 / EMA_095 910.2 / value_mean 583.9 / value_std 280.6 / value_min 11.0 / value_max 993.4 / target_mean 586.0 / target_std 281.3 / target_min 11.0 / target_max 1009.2 / imag_reward_mean 1.6 / imag_reward_std 4.4 / imag_reward_min -0.0 / imag_reward_max 25.1 / imag_action_mean 7.9 / imag_action_std 5.2 / imag_action_min 0.0 / imag_action_max 17.0 / actor_entropy 0.4 / actor_loss 0.5 / actor_grad_norm 7.0 / value_loss 1.4 / value_grad_norm 1.5 / update_count 55324.0 / fps 12.9
add_video needs package moviepy
add_video needs package moviepy
[231520] 
Start evaluation.
[231520] eval_return 3180.0 / eval_length 1316.4 / eval_episodes 5.0
add_video needs package moviepy
Start training.
[231520] model_loss 15.6 / model_grad_norm 26.3 / image_loss 5.5 / reward_loss 0.1 / cont_loss 0.0 / kl_free 1.0 / dyn_scale 0.5 / rep_scale 0.1 / dyn_loss 16.6 / rep_loss 16.6 / kl 16.6 / prior_abs_ent 32.7 / post_abs_ent -27.6 / prior_obs_ent 11.6 / post_obs_ent -3.3 / boundary_ratio 0.0 / kl_mask 0.0 / normed_target_mean 0.6 / normed_target_std 0.3 / normed_target_min -0.1 / normed_target_max 1.1 / EMA_005 70.4 / EMA_095 912.9 / value_mean 582.9 / value_std 274.2 / value_min 10.9 / value_max 988.5 / target_mean 585.5 / target_std 274.8 / target_min 11.9 / target_max 1003.5 / imag_reward_mean 1.7 / imag_reward_std 4.4 / imag_reward_min -0.0 / imag_reward_max 24.9 / imag_action_mean 7.8 / imag_action_std 5.2 / imag_action_min 0.0 / imag_action_max 17.0 / actor_entropy 0.4 / actor_loss 0.8 / actor_grad_norm 7.1 / value_loss 1.4 / value_grad_norm 1.6 / update_count 55480.0 / fps 12.6
add_video needs package moviepy
add_video needs package moviepy
[232144] 
Start evaluation.
[232144] eval_return 3672.0 / eval_length 1498.8 / eval_episodes 5.0
add_video needs package moviepy
Start training.
[232144] model_loss 15.6 / model_grad_norm 26.7 / image_loss 5.6 / reward_loss 0.1 / cont_loss 0.0 / kl_free 1.0 / dyn_scale 0.5 / rep_scale 0.1 / dyn_loss 16.4 / rep_loss 16.4 / kl 16.4 / prior_abs_ent 32.2 / post_abs_ent -27.6 / prior_obs_ent 11.6 / post_obs_ent -3.1 / boundary_ratio 0.0 / kl_mask 0.0 / normed_target_mean 0.6 / normed_target_std 0.3 / normed_target_min -0.1 / normed_target_max 1.1 / EMA_005 77.1 / EMA_095 913.5 / value_mean 590.9 / value_std 268.0 / value_min 16.7 / value_max 992.9 / target_mean 593.4 / target_std 268.6 / target_min 17.4 / target_max 1009.8 / imag_reward_mean 1.7 / imag_reward_std 4.4 / imag_reward_min -0.0 / imag_reward_max 26.5 / imag_action_mean 7.9 / imag_action_std 5.3 / imag_action_min 0.0 / imag_action_max 17.0 / actor_entropy 0.4 / actor_loss 0.7 / actor_grad_norm 6.9 / value_loss 1.4 / value_grad_norm 1.5 / update_count 55636.0 / fps 12.0
add_video needs package moviepy
add_video needs package moviepy
[232768] 
Start evaluation.
[232768] eval_return 3700.0 / eval_length 1357.6 / eval_episodes 5.0
add_video needs package moviepy
Start training.
[232768] model_loss 15.6 / model_grad_norm 25.9 / image_loss 5.5 / reward_loss 0.1 / cont_loss 0.0 / kl_free 1.0 / dyn_scale 0.5 / rep_scale 0.1 / dyn_loss 16.6 / rep_loss 16.6 / kl 16.6 / prior_abs_ent 32.6 / post_abs_ent -27.6 / prior_obs_ent 11.7 / post_obs_ent -3.2 / boundary_ratio 0.0 / kl_mask 0.0 / normed_target_mean 0.6 / normed_target_std 0.3 / normed_target_min -0.1 / normed_target_max 1.1 / EMA_005 76.3 / EMA_095 915.5 / value_mean 591.8 / value_std 271.0 / value_min 15.7 / value_max 991.7 / target_mean 594.2 / target_std 271.6 / target_min 18.0 / target_max 1005.3 / imag_reward_mean 1.7 / imag_reward_std 4.4 / imag_reward_min -0.0 / imag_reward_max 25.1 / imag_action_mean 7.9 / imag_action_std 5.2 / imag_action_min 0.0 / imag_action_max 17.0 / actor_entropy 0.4 / actor_loss 0.7 / actor_grad_norm 6.9 / value_loss 1.4 / value_grad_norm 1.5 / update_count 55792.0 / fps 12.5
add_video needs package moviepy
add_video needs package moviepy
[233392] 
Start evaluation.
[233392] eval_return 3772.0 / eval_length 1443.4 / eval_episodes 5.0
add_video needs package moviepy
Start training.
[233392] model_loss 15.5 / model_grad_norm 27.6 / image_loss 5.6 / reward_loss 0.1 / cont_loss 0.0 / kl_free 1.0 / dyn_scale 0.5 / rep_scale 0.1 / dyn_loss 16.4 / rep_loss 16.4 / kl 16.4 / prior_abs_ent 32.6 / post_abs_ent -27.6 / prior_obs_ent 11.8 / post_obs_ent -3.0 / boundary_ratio 0.0 / kl_mask 0.0 / normed_target_mean 0.6 / normed_target_std 0.3 / normed_target_min -0.1 / normed_target_max 1.1 / EMA_005 73.6 / EMA_095 911.9 / value_mean 586.1 / value_std 268.3 / value_min 20.9 / value_max 988.0 / target_mean 588.0 / target_std 269.2 / target_min 22.9 / target_max 1001.9 / imag_reward_mean 1.6 / imag_reward_std 4.3 / imag_reward_min -0.0 / imag_reward_max 25.3 / imag_action_mean 8.0 / imag_action_std 5.2 / imag_action_min 0.0 / imag_action_max 17.0 / actor_entropy 0.4 / actor_loss 0.6 / actor_grad_norm 6.9 / value_loss 1.4 / value_grad_norm 1.5 / update_count 55948.0 / fps 12.3
add_video needs package moviepy
add_video needs package moviepy
[234016] 
Start evaluation.
[234016] eval_return 3412.0 / eval_length 1349.2 / eval_episodes 5.0
add_video needs package moviepy
Start training.
[234016] model_loss 15.6 / model_grad_norm 27.3 / image_loss 5.6 / reward_loss 0.1 / cont_loss 0.0 / kl_free 1.0 / dyn_scale 0.5 / rep_scale 0.1 / dyn_loss 16.5 / rep_loss 16.5 / kl 16.5 / prior_abs_ent 32.6 / post_abs_ent -27.6 / prior_obs_ent 11.2 / post_obs_ent -3.7 / boundary_ratio 0.0 / kl_mask 0.0 / normed_target_mean 0.6 / normed_target_std 0.3 / normed_target_min -0.1 / normed_target_max 1.1 / EMA_005 70.3 / EMA_095 910.2 / value_mean 587.2 / value_std 273.6 / value_min 8.4 / value_max 989.7 / target_mean 589.4 / target_std 274.5 / target_min 9.7 / target_max 1002.0 / imag_reward_mean 1.7 / imag_reward_std 4.4 / imag_reward_min -0.0 / imag_reward_max 25.2 / imag_action_mean 8.1 / imag_action_std 5.2 / imag_action_min 0.0 / imag_action_max 17.0 / actor_entropy 0.4 / actor_loss 0.7 / actor_grad_norm 6.7 / value_loss 1.4 / value_grad_norm 1.4 / update_count 56104.0 / fps 12.5
add_video needs package moviepy
add_video needs package moviepy
[234640] 
Start evaluation.
[234640] eval_return 3212.0 / eval_length 1263.6 / eval_episodes 5.0
add_video needs package moviepy
Start training.
[234640] model_loss 15.6 / model_grad_norm 28.1 / image_loss 5.5 / reward_loss 0.1 / cont_loss 0.0 / kl_free 1.0 / dyn_scale 0.5 / rep_scale 0.1 / dyn_loss 16.5 / rep_loss 16.5 / kl 16.5 / prior_abs_ent 32.5 / post_abs_ent -27.7 / prior_obs_ent 11.3 / post_obs_ent -3.5 / boundary_ratio 0.0 / kl_mask 0.0 / normed_target_mean 0.6 / normed_target_std 0.3 / normed_target_min -0.1 / normed_target_max 1.1 / EMA_005 73.5 / EMA_095 914.6 / value_mean 589.8 / value_std 271.1 / value_min 15.1 / value_max 994.8 / target_mean 592.0 / target_std 271.9 / target_min 16.9 / target_max 1009.6 / imag_reward_mean 1.7 / imag_reward_std 4.4 / imag_reward_min -0.0 / imag_reward_max 25.2 / imag_action_mean 8.2 / imag_action_std 5.2 / imag_action_min 0.0 / imag_action_max 17.0 / actor_entropy 0.4 / actor_loss 0.6 / actor_grad_norm 6.9 / value_loss 1.4 / value_grad_norm 1.5 / update_count 56260.0 / fps 12.6
add_video needs package moviepy
add_video needs package moviepy
[235264] 
Start evaluation.
[235264] eval_return 3226.0 / eval_length 1304.6 / eval_episodes 5.0
add_video needs package moviepy
Start training.
[235264] model_loss 15.5 / model_grad_norm 25.6 / image_loss 5.5 / reward_loss 0.1 / cont_loss 0.0 / kl_free 1.0 / dyn_scale 0.5 / rep_scale 0.1 / dyn_loss 16.5 / rep_loss 16.5 / kl 16.5 / prior_abs_ent 32.2 / post_abs_ent -27.6 / prior_obs_ent 11.1 / post_obs_ent -3.7 / boundary_ratio 0.0 / kl_mask 0.0 / normed_target_mean 0.6 / normed_target_std 0.3 / normed_target_min -0.1 / normed_target_max 1.1 / EMA_005 81.6 / EMA_095 914.3 / value_mean 596.5 / value_std 268.3 / value_min 12.5 / value_max 990.8 / target_mean 598.7 / target_std 269.1 / target_min 11.1 / target_max 1005.9 / imag_reward_mean 1.7 / imag_reward_std 4.4 / imag_reward_min -0.0 / imag_reward_max 25.2 / imag_action_mean 8.3 / imag_action_std 5.2 / imag_action_min 0.0 / imag_action_max 17.0 / actor_entropy 0.4 / actor_loss 0.6 / actor_grad_norm 6.8 / value_loss 1.4 / value_grad_norm 1.4 / update_count 56416.0 / fps 12.6
add_video needs package moviepy
add_video needs package moviepy
[235716] dataset_size 58929.0 / train_return 3530.0 / train_length 1405.0 / train_episodes 41.0
[235888] 
Start evaluation.
[235888] eval_return 4278.0 / eval_length 1469.0 / eval_episodes 5.0
add_video needs package moviepy
Start training.
[235888] model_loss 15.5 / model_grad_norm 26.2 / image_loss 5.5 / reward_loss 0.1 / cont_loss 0.0 / kl_free 1.0 / dyn_scale 0.5 / rep_scale 0.1 / dyn_loss 16.6 / rep_loss 16.6 / kl 16.6 / prior_abs_ent 32.5 / post_abs_ent -27.6 / prior_obs_ent 11.7 / post_obs_ent -3.2 / boundary_ratio 0.0 / kl_mask 0.0 / normed_target_mean 0.6 / normed_target_std 0.3 / normed_target_min -0.1 / normed_target_max 1.1 / EMA_005 80.1 / EMA_095 918.6 / value_mean 591.3 / value_std 272.9 / value_min 13.5 / value_max 996.9 / target_mean 593.6 / target_std 274.2 / target_min 15.7 / target_max 1016.5 / imag_reward_mean 1.7 / imag_reward_std 4.5 / imag_reward_min -0.0 / imag_reward_max 24.5 / imag_action_mean 8.2 / imag_action_std 5.2 / imag_action_min 0.0 / imag_action_max 17.0 / actor_entropy 0.4 / actor_loss 0.7 / actor_grad_norm 7.2 / value_loss 1.4 / value_grad_norm 1.5 / update_count 56572.0 / fps 12.1
add_video needs package moviepy
add_video needs package moviepy
[236512] 
Start evaluation.
[236512] eval_return 3178.0 / eval_length 1205.6 / eval_episodes 5.0
add_video needs package moviepy
Start training.
[236512] model_loss 15.4 / model_grad_norm 26.7 / image_loss 5.5 / reward_loss 0.1 / cont_loss 0.0 / kl_free 1.0 / dyn_scale 0.5 / rep_scale 0.1 / dyn_loss 16.4 / rep_loss 16.4 / kl 16.4 / prior_abs_ent 32.7 / post_abs_ent -27.6 / prior_obs_ent 11.4 / post_obs_ent -3.4 / boundary_ratio 0.0 / kl_mask 0.0 / normed_target_mean 0.6 / normed_target_std 0.3 / normed_target_min -0.1 / normed_target_max 1.1 / EMA_005 79.9 / EMA_095 919.2 / value_mean 592.2 / value_std 271.8 / value_min 10.2 / value_max 993.2 / target_mean 593.9 / target_std 273.1 / target_min 11.6 / target_max 1009.5 / imag_reward_mean 1.6 / imag_reward_std 4.4 / imag_reward_min -0.0 / imag_reward_max 25.3 / imag_action_mean 8.0 / imag_action_std 5.2 / imag_action_min 0.0 / imag_action_max 17.0 / actor_entropy 0.4 / actor_loss 0.4 / actor_grad_norm 7.2 / value_loss 1.4 / value_grad_norm 1.5 / update_count 56728.0 / fps 12.9
add_video needs package moviepy
add_video needs package moviepy
[237136] 
Start evaluation.
[237136] eval_return 3768.0 / eval_length 1375.6 / eval_episodes 5.0
add_video needs package moviepy
Start training.
[237136] model_loss 15.4 / model_grad_norm 27.9 / image_loss 5.5 / reward_loss 0.1 / cont_loss 0.0 / kl_free 1.0 / dyn_scale 0.5 / rep_scale 0.1 / dyn_loss 16.5 / rep_loss 16.5 / kl 16.5 / prior_abs_ent 32.7 / post_abs_ent -27.5 / prior_obs_ent 11.5 / post_obs_ent -3.2 / boundary_ratio 0.0 / kl_mask 0.0 / normed_target_mean 0.6 / normed_target_std 0.3 / normed_target_min -0.1 / normed_target_max 1.1 / EMA_005 73.7 / EMA_095 920.7 / value_mean 587.6 / value_std 275.7 / value_min 10.2 / value_max 995.7 / target_mean 589.4 / target_std 276.7 / target_min 10.6 / target_max 1014.7 / imag_reward_mean 1.6 / imag_reward_std 4.3 / imag_reward_min -0.0 / imag_reward_max 25.2 / imag_action_mean 7.9 / imag_action_std 5.2 / imag_action_min 0.0 / imag_action_max 17.0 / actor_entropy 0.4 / actor_loss 0.5 / actor_grad_norm 6.8 / value_loss 1.4 / value_grad_norm 1.5 / update_count 56884.0 / fps 12.4
add_video needs package moviepy
add_video needs package moviepy
[237760] 
Start evaluation.
[237760] eval_return 3500.0 / eval_length 1247.4 / eval_episodes 5.0
add_video needs package moviepy
Start training.
[237760] model_loss 15.5 / model_grad_norm 25.7 / image_loss 5.5 / reward_loss 0.1 / cont_loss 0.0 / kl_free 1.0 / dyn_scale 0.5 / rep_scale 0.1 / dyn_loss 16.6 / rep_loss 16.6 / kl 16.6 / prior_abs_ent 32.5 / post_abs_ent -27.6 / prior_obs_ent 11.3 / post_obs_ent -3.6 / boundary_ratio 0.0 / kl_mask 0.0 / normed_target_mean 0.6 / normed_target_std 0.3 / normed_target_min -0.1 / normed_target_max 1.1 / EMA_005 72.6 / EMA_095 925.1 / value_mean 599.3 / value_std 276.1 / value_min 12.3 / value_max 998.3 / target_mean 600.9 / target_std 277.2 / target_min 12.9 / target_max 1018.4 / imag_reward_mean 1.7 / imag_reward_std 4.4 / imag_reward_min -0.0 / imag_reward_max 25.6 / imag_action_mean 7.8 / imag_action_std 5.2 / imag_action_min 0.0 / imag_action_max 17.0 / actor_entropy 0.4 / actor_loss 0.4 / actor_grad_norm 6.9 / value_loss 1.4 / value_grad_norm 1.4 / update_count 57040.0 / fps 12.7
add_video needs package moviepy
add_video needs package moviepy
[238384] 
Start evaluation.
[238384] eval_return 3592.0 / eval_length 1300.2 / eval_episodes 5.0
add_video needs package moviepy
Start training.
[238384] model_loss 15.4 / model_grad_norm 27.0 / image_loss 5.4 / reward_loss 0.1 / cont_loss 0.0 / kl_free 1.0 / dyn_scale 0.5 / rep_scale 0.1 / dyn_loss 16.6 / rep_loss 16.6 / kl 16.6 / prior_abs_ent 32.6 / post_abs_ent -27.6 / prior_obs_ent 11.5 / post_obs_ent -3.4 / boundary_ratio 0.0 / kl_mask 0.0 / normed_target_mean 0.6 / normed_target_std 0.3 / normed_target_min -0.1 / normed_target_max 1.1 / EMA_005 70.7 / EMA_095 925.2 / value_mean 592.4 / value_std 276.9 / value_min 11.3 / value_max 995.8 / target_mean 594.0 / target_std 277.9 / target_min 12.0 / target_max 1012.8 / imag_reward_mean 1.7 / imag_reward_std 4.4 / imag_reward_min -0.0 / imag_reward_max 24.4 / imag_action_mean 7.8 / imag_action_std 5.2 / imag_action_min 0.0 / imag_action_max 17.0 / actor_entropy 0.4 / actor_loss 0.4 / actor_grad_norm 6.9 / value_loss 1.4 / value_grad_norm 1.5 / update_count 57196.0 / fps 12.6
add_video needs package moviepy
add_video needs package moviepy
[239008] 
Start evaluation.
[239008] eval_return 3148.0 / eval_length 1199.6 / eval_episodes 5.0
add_video needs package moviepy
Start training.
[239008] model_loss 15.5 / model_grad_norm 26.6 / image_loss 5.5 / reward_loss 0.1 / cont_loss 0.0 / kl_free 1.0 / dyn_scale 0.5 / rep_scale 0.1 / dyn_loss 16.5 / rep_loss 16.5 / kl 16.5 / prior_abs_ent 32.3 / post_abs_ent -27.6 / prior_obs_ent 11.3 / post_obs_ent -3.6 / boundary_ratio 0.0 / kl_mask 0.0 / normed_target_mean 0.6 / normed_target_std 0.3 / normed_target_min -0.1 / normed_target_max 1.1 / EMA_005 76.3 / EMA_095 922.8 / value_mean 598.9 / value_std 273.4 / value_min 12.6 / value_max 997.3 / target_mean 600.7 / target_std 274.4 / target_min 15.0 / target_max 1018.8 / imag_reward_mean 1.7 / imag_reward_std 4.5 / imag_reward_min -0.0 / imag_reward_max 24.7 / imag_action_mean 7.9 / imag_action_std 5.2 / imag_action_min 0.0 / imag_action_max 17.0 / actor_entropy 0.4 / actor_loss 0.4 / actor_grad_norm 6.8 / value_loss 1.4 / value_grad_norm 1.5 / update_count 57352.0 / fps 13.0
add_video needs package moviepy
add_video needs package moviepy
[239632] 
Start evaluation.
[239632] eval_return 3168.0 / eval_length 1335.0 / eval_episodes 5.0
add_video needs package moviepy
Start training.
[239632] model_loss 15.4 / model_grad_norm 26.2 / image_loss 5.5 / reward_loss 0.1 / cont_loss 0.0 / kl_free 1.0 / dyn_scale 0.5 / rep_scale 0.1 / dyn_loss 16.5 / rep_loss 16.5 / kl 16.5 / prior_abs_ent 32.6 / post_abs_ent -27.5 / prior_obs_ent 11.1 / post_obs_ent -3.6 / boundary_ratio 0.0 / kl_mask 0.0 / normed_target_mean 0.6 / normed_target_std 0.3 / normed_target_min -0.1 / normed_target_max 1.1 / EMA_005 92.0 / EMA_095 929.3 / value_mean 603.4 / value_std 270.7 / value_min 17.3 / value_max 997.3 / target_mean 605.6 / target_std 271.5 / target_min 22.8 / target_max 1017.9 / imag_reward_mean 1.7 / imag_reward_std 4.5 / imag_reward_min -0.0 / imag_reward_max 25.4 / imag_action_mean 7.8 / imag_action_std 5.2 / imag_action_min 0.0 / imag_action_max 17.0 / actor_entropy 0.4 / actor_loss 0.6 / actor_grad_norm 7.0 / value_loss 1.4 / value_grad_norm 1.5 / update_count 57508.0 / fps 12.5
add_video needs package moviepy
add_video needs package moviepy
[240256] 
Start evaluation.
[240256] eval_return 3278.0 / eval_length 1231.2 / eval_episodes 5.0
add_video needs package moviepy
Start training.
[240256] model_loss 15.6 / model_grad_norm 28.4 / image_loss 5.6 / reward_loss 0.1 / cont_loss 0.0 / kl_free 1.0 / dyn_scale 0.5 / rep_scale 0.1 / dyn_loss 16.6 / rep_loss 16.6 / kl 16.6 / prior_abs_ent 32.4 / post_abs_ent -27.6 / prior_obs_ent 11.5 / post_obs_ent -3.4 / boundary_ratio 0.0 / kl_mask 0.0 / normed_target_mean 0.6 / normed_target_std 0.3 / normed_target_min -0.1 / normed_target_max 1.1 / EMA_005 88.0 / EMA_095 926.8 / value_mean 601.3 / value_std 271.2 / value_min 11.7 / value_max 1001.6 / target_mean 603.3 / target_std 272.2 / target_min 14.4 / target_max 1022.4 / imag_reward_mean 1.7 / imag_reward_std 4.5 / imag_reward_min -0.0 / imag_reward_max 25.4 / imag_action_mean 7.9 / imag_action_std 5.2 / imag_action_min 0.0 / imag_action_max 17.0 / actor_entropy 0.4 / actor_loss 0.5 / actor_grad_norm 7.2 / value_loss 1.4 / value_grad_norm 1.5 / update_count 57664.0 / fps 12.8
add_video needs package moviepy
add_video needs package moviepy
[240880] 
Start evaluation.
[240880] eval_return 3174.0 / eval_length 1251.2 / eval_episodes 5.0
add_video needs package moviepy
Start training.
[240880] model_loss 15.6 / model_grad_norm 27.0 / image_loss 5.5 / reward_loss 0.1 / cont_loss 0.0 / kl_free 1.0 / dyn_scale 0.5 / rep_scale 0.1 / dyn_loss 16.7 / rep_loss 16.7 / kl 16.7 / prior_abs_ent 32.4 / post_abs_ent -27.6 / prior_obs_ent 11.2 / post_obs_ent -3.8 / boundary_ratio 0.0 / kl_mask 0.0 / normed_target_mean 0.6 / normed_target_std 0.3 / normed_target_min -0.1 / normed_target_max 1.1 / EMA_005 77.1 / EMA_095 927.7 / value_mean 603.9 / value_std 274.5 / value_min 13.9 / value_max 998.9 / target_mean 606.0 / target_std 275.3 / target_min 14.0 / target_max 1023.7 / imag_reward_mean 1.7 / imag_reward_std 4.5 / imag_reward_min -0.0 / imag_reward_max 24.8 / imag_action_mean 7.9 / imag_action_std 5.2 / imag_action_min 0.0 / imag_action_max 17.0 / actor_entropy 0.4 / actor_loss 0.6 / actor_grad_norm 7.3 / value_loss 1.4 / value_grad_norm 1.5 / update_count 57820.0 / fps 12.7
add_video needs package moviepy
add_video needs package moviepy
[241084] dataset_size 60271.0 / train_return 4130.0 / train_length 1342.0 / train_episodes 42.0
[241504] 
Start evaluation.
[241504] eval_return 3320.0 / eval_length 1231.0 / eval_episodes 5.0
add_video needs package moviepy
Start training.
[241504] model_loss 15.6 / model_grad_norm 28.4 / image_loss 5.5 / reward_loss 0.1 / cont_loss 0.0 / kl_free 1.0 / dyn_scale 0.5 / rep_scale 0.1 / dyn_loss 16.6 / rep_loss 16.6 / kl 16.6 / prior_abs_ent 32.7 / post_abs_ent -27.6 / prior_obs_ent 11.4 / post_obs_ent -3.5 / boundary_ratio 0.0 / kl_mask 0.0 / normed_target_mean 0.6 / normed_target_std 0.3 / normed_target_min -0.1 / normed_target_max 1.1 / EMA_005 82.8 / EMA_095 928.3 / value_mean 605.2 / value_std 270.0 / value_min 9.3 / value_max 999.2 / target_mean 607.3 / target_std 271.0 / target_min 9.5 / target_max 1022.2 / imag_reward_mean 1.7 / imag_reward_std 4.4 / imag_reward_min -0.0 / imag_reward_max 25.5 / imag_action_mean 7.9 / imag_action_std 5.1 / imag_action_min 0.0 / imag_action_max 17.0 / actor_entropy 0.4 / actor_loss 0.6 / actor_grad_norm 7.1 / value_loss 1.3 / value_grad_norm 1.4 / update_count 57976.0 / fps 12.7
add_video needs package moviepy
add_video needs package moviepy
[242128] 
Start evaluation.
[242128] eval_return 3504.0 / eval_length 1365.0 / eval_episodes 5.0
add_video needs package moviepy
Start training.
[242128] model_loss 15.5 / model_grad_norm 26.5 / image_loss 5.5 / reward_loss 0.1 / cont_loss 0.0 / kl_free 1.0 / dyn_scale 0.5 / rep_scale 0.1 / dyn_loss 16.6 / rep_loss 16.6 / kl 16.6 / prior_abs_ent 32.9 / post_abs_ent -27.6 / prior_obs_ent 11.6 / post_obs_ent -3.3 / boundary_ratio 0.0 / kl_mask 0.0 / normed_target_mean 0.6 / normed_target_std 0.3 / normed_target_min -0.1 / normed_target_max 1.1 / EMA_005 75.5 / EMA_095 927.7 / value_mean 594.3 / value_std 279.8 / value_min 11.1 / value_max 996.9 / target_mean 596.4 / target_std 280.6 / target_min 10.9 / target_max 1018.9 / imag_reward_mean 1.7 / imag_reward_std 4.4 / imag_reward_min -0.0 / imag_reward_max 25.7 / imag_action_mean 8.0 / imag_action_std 5.1 / imag_action_min 0.0 / imag_action_max 17.0 / actor_entropy 0.4 / actor_loss 0.6 / actor_grad_norm 7.2 / value_loss 1.4 / value_grad_norm 1.5 / update_count 58132.0 / fps 12.5
add_video needs package moviepy
add_video needs package moviepy
[242752] 
Start evaluation.
[242752] eval_return 3330.0 / eval_length 1214.0 / eval_episodes 5.0
add_video needs package moviepy
Start training.
[242752] model_loss 15.4 / model_grad_norm 29.2 / image_loss 5.4 / reward_loss 0.1 / cont_loss 0.0 / kl_free 1.0 / dyn_scale 0.5 / rep_scale 0.1 / dyn_loss 16.5 / rep_loss 16.5 / kl 16.5 / prior_abs_ent 32.8 / post_abs_ent -27.5 / prior_obs_ent 11.2 / post_obs_ent -3.6 / boundary_ratio 0.0 / kl_mask 0.0 / normed_target_mean 0.6 / normed_target_std 0.3 / normed_target_min -0.1 / normed_target_max 1.1 / EMA_005 83.4 / EMA_095 932.0 / value_mean 603.5 / value_std 276.5 / value_min 10.0 / value_max 1002.6 / target_mean 605.5 / target_std 277.7 / target_min 14.5 / target_max 1027.8 / imag_reward_mean 1.7 / imag_reward_std 4.5 / imag_reward_min -0.0 / imag_reward_max 26.1 / imag_action_mean 7.9 / imag_action_std 5.1 / imag_action_min 0.0 / imag_action_max 17.0 / actor_entropy 0.4 / actor_loss 0.6 / actor_grad_norm 7.0 / value_loss 1.4 / value_grad_norm 1.5 / update_count 58288.0 / fps 12.8
add_video needs package moviepy
add_video needs package moviepy
[243376] 
Start evaluation.
[243376] eval_return 3430.0 / eval_length 1295.8 / eval_episodes 5.0
add_video needs package moviepy
Start training.
[243376] model_loss 15.6 / model_grad_norm 28.2 / image_loss 5.5 / reward_loss 0.1 / cont_loss 0.0 / kl_free 1.0 / dyn_scale 0.5 / rep_scale 0.1 / dyn_loss 16.6 / rep_loss 16.6 / kl 16.6 / prior_abs_ent 32.9 / post_abs_ent -27.5 / prior_obs_ent 11.6 / post_obs_ent -3.3 / boundary_ratio 0.0 / kl_mask 0.0 / normed_target_mean 0.6 / normed_target_std 0.3 / normed_target_min -0.1 / normed_target_max 1.1 / EMA_005 75.8 / EMA_095 934.9 / value_mean 600.4 / value_std 280.3 / value_min 12.2 / value_max 1003.3 / target_mean 602.5 / target_std 281.3 / target_min 12.4 / target_max 1031.9 / imag_reward_mean 1.7 / imag_reward_std 4.5 / imag_reward_min -0.0 / imag_reward_max 25.2 / imag_action_mean 7.8 / imag_action_std 5.1 / imag_action_min 0.0 / imag_action_max 17.0 / actor_entropy 0.4 / actor_loss 0.5 / actor_grad_norm 7.1 / value_loss 1.4 / value_grad_norm 1.4 / update_count 58444.0 / fps 12.6
add_video needs package moviepy
add_video needs package moviepy
[244000] 
Start evaluation.
[244000] eval_return 3754.0 / eval_length 1381.8 / eval_episodes 5.0
add_video needs package moviepy
Start training.
[244000] model_loss 15.6 / model_grad_norm 30.2 / image_loss 5.5 / reward_loss 0.1 / cont_loss 0.0 / kl_free 1.0 / dyn_scale 0.5 / rep_scale 0.1 / dyn_loss 16.6 / rep_loss 16.6 / kl 16.6 / prior_abs_ent 32.6 / post_abs_ent -27.6 / prior_obs_ent 11.3 / post_obs_ent -3.5 / boundary_ratio 0.0 / kl_mask 0.0 / normed_target_mean 0.6 / normed_target_std 0.3 / normed_target_min -0.1 / normed_target_max 1.1 / EMA_005 77.3 / EMA_095 933.9 / value_mean 606.5 / value_std 274.5 / value_min 12.8 / value_max 1000.8 / target_mean 608.5 / target_std 275.6 / target_min 14.2 / target_max 1022.6 / imag_reward_mean 1.7 / imag_reward_std 4.5 / imag_reward_min -0.0 / imag_reward_max 25.5 / imag_action_mean 7.9 / imag_action_std 5.1 / imag_action_min 0.0 / imag_action_max 17.0 / actor_entropy 0.4 / actor_loss 0.5 / actor_grad_norm 7.2 / value_loss 1.4 / value_grad_norm 1.6 / update_count 58600.0 / fps 12.3
add_video needs package moviepy
add_video needs package moviepy
[244624] 
Start evaluation.
[244624] eval_return 2686.0 / eval_length 1162.6 / eval_episodes 5.0
add_video needs package moviepy
Start training.
[244624] model_loss 15.6 / model_grad_norm 30.0 / image_loss 5.6 / reward_loss 0.1 / cont_loss 0.0 / kl_free 1.0 / dyn_scale 0.5 / rep_scale 0.1 / dyn_loss 16.6 / rep_loss 16.6 / kl 16.6 / prior_abs_ent 33.1 / post_abs_ent -27.5 / prior_obs_ent 11.2 / post_obs_ent -3.7 / boundary_ratio 0.0 / kl_mask 0.0 / normed_target_mean 0.6 / normed_target_std 0.3 / normed_target_min -0.1 / normed_target_max 1.1 / EMA_005 80.9 / EMA_095 935.3 / value_mean 603.8 / value_std 275.6 / value_min 13.9 / value_max 1003.1 / target_mean 606.1 / target_std 276.6 / target_min 14.9 / target_max 1028.3 / imag_reward_mean 1.7 / imag_reward_std 4.5 / imag_reward_min -0.0 / imag_reward_max 25.6 / imag_action_mean 7.9 / imag_action_std 5.1 / imag_action_min 0.0 / imag_action_max 17.0 / actor_entropy 0.4 / actor_loss 0.6 / actor_grad_norm 7.1 / value_loss 1.4 / value_grad_norm 1.5 / update_count 58756.0 / fps 13.0
add_video needs package moviepy
add_video needs package moviepy
[245248] 
Start evaluation.
[245248] eval_return 2774.0 / eval_length 1133.2 / eval_episodes 5.0
add_video needs package moviepy
Start training.
[245248] model_loss 15.4 / model_grad_norm 26.0 / image_loss 5.5 / reward_loss 0.1 / cont_loss 0.0 / kl_free 1.0 / dyn_scale 0.5 / rep_scale 0.1 / dyn_loss 16.5 / rep_loss 16.5 / kl 16.5 / prior_abs_ent 32.7 / post_abs_ent -27.5 / prior_obs_ent 10.8 / post_obs_ent -4.0 / boundary_ratio 0.0 / kl_mask 0.0 / normed_target_mean 0.6 / normed_target_std 0.3 / normed_target_min -0.1 / normed_target_max 1.1 / EMA_005 73.9 / EMA_095 940.7 / value_mean 598.4 / value_std 281.6 / value_min 8.8 / value_max 1005.8 / target_mean 600.3 / target_std 283.0 / target_min 9.6 / target_max 1033.5 / imag_reward_mean 1.7 / imag_reward_std 4.4 / imag_reward_min -0.0 / imag_reward_max 25.6 / imag_action_mean 7.9 / imag_action_std 5.1 / imag_action_min 0.0 / imag_action_max 17.0 / actor_entropy 0.4 / actor_loss 0.5 / actor_grad_norm 7.3 / value_loss 1.4 / value_grad_norm 1.5 / update_count 58912.0 / fps 13.1
add_video needs package moviepy
add_video needs package moviepy
[245688] dataset_size 61422.0 / train_return 2430.0 / train_length 1151.0 / train_episodes 43.0
[245872] 
Start evaluation.
[245872] eval_return 3934.0 / eval_length 1445.0 / eval_episodes 5.0
add_video needs package moviepy
Start training.
[245872] model_loss 15.6 / model_grad_norm 25.2 / image_loss 5.5 / reward_loss 0.1 / cont_loss 0.0 / kl_free 1.0 / dyn_scale 0.5 / rep_scale 0.1 / dyn_loss 16.7 / rep_loss 16.7 / kl 16.7 / prior_abs_ent 32.8 / post_abs_ent -27.6 / prior_obs_ent 11.0 / post_obs_ent -3.9 / boundary_ratio 0.0 / kl_mask 0.0 / normed_target_mean 0.6 / normed_target_std 0.3 / normed_target_min -0.1 / normed_target_max 1.1 / EMA_005 72.1 / EMA_095 939.7 / value_mean 600.3 / value_std 284.2 / value_min 11.1 / value_max 1003.3 / target_mean 602.5 / target_std 285.2 / target_min 12.5 / target_max 1033.1 / imag_reward_mean 1.7 / imag_reward_std 4.5 / imag_reward_min -0.0 / imag_reward_max 26.3 / imag_action_mean 8.0 / imag_action_std 5.2 / imag_action_min 0.0 / imag_action_max 17.0 / actor_entropy 0.4 / actor_loss 0.6 / actor_grad_norm 7.4 / value_loss 1.4 / value_grad_norm 1.5 / update_count 59068.0 / fps 12.1
add_video needs package moviepy
add_video needs package moviepy
[246496] 
Start evaluation.
[246496] eval_return 3690.0 / eval_length 1400.0 / eval_episodes 5.0
add_video needs package moviepy
Start training.
[246496] model_loss 15.5 / model_grad_norm 26.9 / image_loss 5.5 / reward_loss 0.1 / cont_loss 0.0 / kl_free 1.0 / dyn_scale 0.5 / rep_scale 0.1 / dyn_loss 16.5 / rep_loss 16.5 / kl 16.5 / prior_abs_ent 32.7 / post_abs_ent -27.5 / prior_obs_ent 11.3 / post_obs_ent -3.5 / boundary_ratio 0.0 / kl_mask 0.0 / normed_target_mean 0.6 / normed_target_std 0.3 / normed_target_min -0.1 / normed_target_max 1.1 / EMA_005 65.6 / EMA_095 944.0 / value_mean 604.1 / value_std 284.2 / value_min 9.8 / value_max 1006.9 / target_mean 606.3 / target_std 285.4 / target_min 10.8 / target_max 1038.5 / imag_reward_mean 1.7 / imag_reward_std 4.4 / imag_reward_min -0.0 / imag_reward_max 26.0 / imag_action_mean 7.9 / imag_action_std 5.1 / imag_action_min 0.0 / imag_action_max 17.0 / actor_entropy 0.4 / actor_loss 0.6 / actor_grad_norm 7.0 / value_loss 1.4 / value_grad_norm 1.5 / update_count 59224.0 / fps 12.2
add_video needs package moviepy
add_video needs package moviepy
[247120] 
Start evaluation.
[247120] eval_return 3050.0 / eval_length 1252.6 / eval_episodes 5.0
add_video needs package moviepy
Start training.
[247120] model_loss 15.4 / model_grad_norm 25.9 / image_loss 5.4 / reward_loss 0.1 / cont_loss 0.0 / kl_free 1.0 / dyn_scale 0.5 / rep_scale 0.1 / dyn_loss 16.5 / rep_loss 16.5 / kl 16.5 / prior_abs_ent 33.0 / post_abs_ent -27.5 / prior_obs_ent 10.9 / post_obs_ent -3.9 / boundary_ratio 0.0 / kl_mask 0.0 / normed_target_mean 0.6 / normed_target_std 0.3 / normed_target_min -0.1 / normed_target_max 1.1 / EMA_005 66.2 / EMA_095 952.4 / value_mean 606.2 / value_std 288.8 / value_min 11.7 / value_max 1008.1 / target_mean 608.3 / target_std 289.9 / target_min 10.8 / target_max 1045.5 / imag_reward_mean 1.7 / imag_reward_std 4.5 / imag_reward_min -0.0 / imag_reward_max 26.2 / imag_action_mean 7.8 / imag_action_std 5.1 / imag_action_min 0.0 / imag_action_max 17.0 / actor_entropy 0.4 / actor_loss 0.5 / actor_grad_norm 7.0 / value_loss 1.4 / value_grad_norm 1.5 / update_count 59380.0 / fps 12.8
add_video needs package moviepy
add_video needs package moviepy
[247744] 
Start evaluation.
[247744] eval_return 3352.0 / eval_length 1324.4 / eval_episodes 5.0
add_video needs package moviepy
Start training.
[247744] model_loss 15.5 / model_grad_norm 25.2 / image_loss 5.4 / reward_loss 0.1 / cont_loss 0.0 / kl_free 1.0 / dyn_scale 0.5 / rep_scale 0.1 / dyn_loss 16.6 / rep_loss 16.6 / kl 16.6 / prior_abs_ent 33.2 / post_abs_ent -27.5 / prior_obs_ent 10.6 / post_obs_ent -4.2 / boundary_ratio 0.0 / kl_mask 0.0 / normed_target_mean 0.6 / normed_target_std 0.3 / normed_target_min -0.1 / normed_target_max 1.1 / EMA_005 66.4 / EMA_095 956.0 / value_mean 597.7 / value_std 288.8 / value_min 7.8 / value_max 1011.8 / target_mean 600.0 / target_std 290.0 / target_min 7.6 / target_max 1045.9 / imag_reward_mean 1.7 / imag_reward_std 4.5 / imag_reward_min -0.0 / imag_reward_max 25.2 / imag_action_mean 7.8 / imag_action_std 5.1 / imag_action_min 0.0 / imag_action_max 17.0 / actor_entropy 0.4 / actor_loss 0.7 / actor_grad_norm 7.4 / value_loss 1.4 / value_grad_norm 1.6 / update_count 59536.0 / fps 12.5
add_video needs package moviepy
add_video needs package moviepy
[248368] 
Start evaluation.
[248368] eval_return 3754.0 / eval_length 1402.8 / eval_episodes 5.0
add_video needs package moviepy
Start training.
[248368] model_loss 15.7 / model_grad_norm 30.7 / image_loss 5.6 / reward_loss 0.1 / cont_loss 0.0 / kl_free 1.0 / dyn_scale 0.5 / rep_scale 0.1 / dyn_loss 16.6 / rep_loss 16.6 / kl 16.6 / prior_abs_ent 32.9 / post_abs_ent -27.5 / prior_obs_ent 10.9 / post_obs_ent -4.0 / boundary_ratio 0.0 / kl_mask 0.0 / normed_target_mean 0.6 / normed_target_std 0.3 / normed_target_min -0.1 / normed_target_max 1.1 / EMA_005 66.6 / EMA_095 955.2 / value_mean 599.5 / value_std 285.7 / value_min 10.8 / value_max 1008.1 / target_mean 601.3 / target_std 286.9 / target_min 11.8 / target_max 1041.5 / imag_reward_mean 1.7 / imag_reward_std 4.4 / imag_reward_min -0.0 / imag_reward_max 25.3 / imag_action_mean 8.0 / imag_action_std 5.1 / imag_action_min 0.0 / imag_action_max 17.0 / actor_entropy 0.4 / actor_loss 0.4 / actor_grad_norm 7.2 / value_loss 1.4 / value_grad_norm 1.5 / update_count 59692.0 / fps 12.2
add_video needs package moviepy
add_video needs package moviepy
[248992] 
Start evaluation.
[248992] eval_return 2714.0 / eval_length 1247.0 / eval_episodes 5.0
add_video needs package moviepy
Start training.
[248992] model_loss 15.5 / model_grad_norm 26.9 / image_loss 5.4 / reward_loss 0.1 / cont_loss 0.0 / kl_free 1.0 / dyn_scale 0.5 / rep_scale 0.1 / dyn_loss 16.6 / rep_loss 16.6 / kl 16.6 / prior_abs_ent 32.7 / post_abs_ent -27.5 / prior_obs_ent 10.9 / post_obs_ent -4.1 / boundary_ratio 0.0 / kl_mask 0.0 / normed_target_mean 0.6 / normed_target_std 0.3 / normed_target_min -0.1 / normed_target_max 1.1 / EMA_005 73.0 / EMA_095 953.3 / value_mean 602.5 / value_std 286.6 / value_min 15.2 / value_max 1010.1 / target_mean 604.3 / target_std 287.6 / target_min 14.6 / target_max 1043.0 / imag_reward_mean 1.7 / imag_reward_std 4.4 / imag_reward_min -0.0 / imag_reward_max 24.9 / imag_action_mean 7.9 / imag_action_std 5.1 / imag_action_min 0.0 / imag_action_max 17.0 / actor_entropy 0.4 / actor_loss 0.4 / actor_grad_norm 7.1 / value_loss 1.4 / value_grad_norm 1.5 / update_count 59848.0 / fps 12.7
add_video needs package moviepy
add_video needs package moviepy
[249616] 
Start evaluation.
[249616] eval_return 3940.0 / eval_length 1363.8 / eval_episodes 5.0
add_video needs package moviepy
Start training.
[249616] model_loss 15.4 / model_grad_norm 26.8 / image_loss 5.4 / reward_loss 0.1 / cont_loss 0.0 / kl_free 1.0 / dyn_scale 0.5 / rep_scale 0.1 / dyn_loss 16.6 / rep_loss 16.6 / kl 16.6 / prior_abs_ent 32.9 / post_abs_ent -27.6 / prior_obs_ent 10.6 / post_obs_ent -4.3 / boundary_ratio 0.0 / kl_mask 0.0 / normed_target_mean 0.6 / normed_target_std 0.3 / normed_target_min -0.1 / normed_target_max 1.1 / EMA_005 76.4 / EMA_095 952.1 / value_mean 609.1 / value_std 284.1 / value_min 10.2 / value_max 1008.9 / target_mean 611.0 / target_std 285.0 / target_min 11.2 / target_max 1042.5 / imag_reward_mean 1.7 / imag_reward_std 4.5 / imag_reward_min -0.0 / imag_reward_max 25.0 / imag_action_mean 7.9 / imag_action_std 5.2 / imag_action_min 0.0 / imag_action_max 17.0 / actor_entropy 0.4 / actor_loss 0.5 / actor_grad_norm 7.1 / value_loss 1.4 / value_grad_norm 1.5 / update_count 60004.0 / fps 12.4
add_video needs package moviepy
add_video needs package moviepy
[250240] 
Start evaluation.
[250240] eval_return 3378.0 / eval_length 1270.2 / eval_episodes 5.0
add_video needs package moviepy
Start training.
[250240] model_loss 15.5 / model_grad_norm 25.9 / image_loss 5.4 / reward_loss 0.1 / cont_loss 0.0 / kl_free 1.0 / dyn_scale 0.5 / rep_scale 0.1 / dyn_loss 16.6 / rep_loss 16.6 / kl 16.6 / prior_abs_ent 32.6 / post_abs_ent -27.5 / prior_obs_ent 10.9 / post_obs_ent -4.0 / boundary_ratio 0.0 / kl_mask 0.0 / normed_target_mean 0.6 / normed_target_std 0.3 / normed_target_min -0.1 / normed_target_max 1.1 / EMA_005 76.9 / EMA_095 952.3 / value_mean 607.7 / value_std 286.5 / value_min 14.3 / value_max 1010.4 / target_mean 609.8 / target_std 287.3 / target_min 16.1 / target_max 1040.9 / imag_reward_mean 1.7 / imag_reward_std 4.4 / imag_reward_min -0.0 / imag_reward_max 25.6 / imag_action_mean 8.0 / imag_action_std 5.2 / imag_action_min 0.0 / imag_action_max 17.0 / actor_entropy 0.4 / actor_loss 0.5 / actor_grad_norm 7.4 / value_loss 1.4 / value_grad_norm 1.6 / update_count 60160.0 / fps 12.6
add_video needs package moviepy
add_video needs package moviepy
[250864] 
Start evaluation.
[250864] eval_return 3962.0 / eval_length 1374.6 / eval_episodes 5.0
add_video needs package moviepy
Start training.
[250864] model_loss 15.4 / model_grad_norm 26.0 / image_loss 5.4 / reward_loss 0.1 / cont_loss 0.0 / kl_free 1.0 / dyn_scale 0.5 / rep_scale 0.1 / dyn_loss 16.6 / rep_loss 16.6 / kl 16.6 / prior_abs_ent 33.0 / post_abs_ent -27.6 / prior_obs_ent 10.3 / post_obs_ent -4.6 / boundary_ratio 0.0 / kl_mask 0.0 / normed_target_mean 0.6 / normed_target_std 0.3 / normed_target_min -0.1 / normed_target_max 1.1 / EMA_005 67.9 / EMA_095 956.6 / value_mean 616.7 / value_std 290.2 / value_min 12.3 / value_max 1011.8 / target_mean 618.8 / target_std 291.2 / target_min 12.5 / target_max 1044.4 / imag_reward_mean 1.8 / imag_reward_std 4.5 / imag_reward_min -0.0 / imag_reward_max 26.8 / imag_action_mean 8.2 / imag_action_std 5.2 / imag_action_min 0.0 / imag_action_max 17.0 / actor_entropy 0.4 / actor_loss 0.6 / actor_grad_norm 7.2 / value_loss 1.4 / value_grad_norm 1.5 / update_count 60316.0 / fps 12.4
add_video needs package moviepy
add_video needs package moviepy
[251408] dataset_size 62852.0 / train_return 4480.0 / train_length 1430.0 / train_episodes 44.0
[251488] 
Start evaluation.
[251488] eval_return 3206.0 / eval_length 1316.8 / eval_episodes 5.0
add_video needs package moviepy
Start training.
[251488] model_loss 15.5 / model_grad_norm 24.6 / image_loss 5.4 / reward_loss 0.1 / cont_loss 0.0 / kl_free 1.0 / dyn_scale 0.5 / rep_scale 0.1 / dyn_loss 16.7 / rep_loss 16.7 / kl 16.7 / prior_abs_ent 32.9 / post_abs_ent -27.6 / prior_obs_ent 10.6 / post_obs_ent -4.4 / boundary_ratio 0.0 / kl_mask 0.0 / normed_target_mean 0.6 / normed_target_std 0.3 / normed_target_min -0.1 / normed_target_max 1.1 / EMA_005 72.5 / EMA_095 956.7 / value_mean 612.7 / value_std 283.3 / value_min 13.2 / value_max 1011.3 / target_mean 614.8 / target_std 284.1 / target_min 14.7 / target_max 1045.8 / imag_reward_mean 1.7 / imag_reward_std 4.4 / imag_reward_min -0.0 / imag_reward_max 26.1 / imag_action_mean 8.0 / imag_action_std 5.2 / imag_action_min 0.0 / imag_action_max 17.0 / actor_entropy 0.4 / actor_loss 0.6 / actor_grad_norm 7.6 / value_loss 1.4 / value_grad_norm 1.6 / update_count 60472.0 / fps 12.3
add_video needs package moviepy
add_video needs package moviepy
[252112] 
Start evaluation.
[252112] eval_return 3634.0 / eval_length 1324.8 / eval_episodes 5.0
add_video needs package moviepy
Start training.
[252112] model_loss 15.5 / model_grad_norm 27.4 / image_loss 5.5 / reward_loss 0.1 / cont_loss 0.0 / kl_free 1.0 / dyn_scale 0.5 / rep_scale 0.1 / dyn_loss 16.6 / rep_loss 16.6 / kl 16.6 / prior_abs_ent 33.1 / post_abs_ent -27.5 / prior_obs_ent 10.6 / post_obs_ent -4.2 / boundary_ratio 0.0 / kl_mask 0.0 / normed_target_mean 0.6 / normed_target_std 0.3 / normed_target_min -0.1 / normed_target_max 1.1 / EMA_005 75.9 / EMA_095 961.3 / value_mean 616.2 / value_std 288.8 / value_min 11.3 / value_max 1014.2 / target_mean 618.1 / target_std 290.0 / target_min 14.5 / target_max 1052.8 / imag_reward_mean 1.7 / imag_reward_std 4.4 / imag_reward_min -0.0 / imag_reward_max 25.1 / imag_action_mean 7.9 / imag_action_std 5.2 / imag_action_min 0.0 / imag_action_max 17.0 / actor_entropy 0.4 / actor_loss 0.4 / actor_grad_norm 7.0 / value_loss 1.4 / value_grad_norm 1.4 / update_count 60628.0 / fps 12.5
add_video needs package moviepy
add_video needs package moviepy
[252736] 
Start evaluation.
[252736] eval_return 3472.0 / eval_length 1216.6 / eval_episodes 5.0
add_video needs package moviepy
Start training.
[252736] model_loss 15.4 / model_grad_norm 24.9 / image_loss 5.4 / reward_loss 0.1 / cont_loss 0.0 / kl_free 1.0 / dyn_scale 0.5 / rep_scale 0.1 / dyn_loss 16.5 / rep_loss 16.5 / kl 16.5 / prior_abs_ent 33.2 / post_abs_ent -27.4 / prior_obs_ent 10.6 / post_obs_ent -4.2 / boundary_ratio 0.0 / kl_mask 0.0 / normed_target_mean 0.6 / normed_target_std 0.3 / normed_target_min -0.1 / normed_target_max 1.1 / EMA_005 73.2 / EMA_095 965.1 / value_mean 613.7 / value_std 287.6 / value_min 12.3 / value_max 1013.6 / target_mean 615.8 / target_std 288.5 / target_min 12.9 / target_max 1052.6 / imag_reward_mean 1.7 / imag_reward_std 4.4 / imag_reward_min -0.0 / imag_reward_max 25.8 / imag_action_mean 7.9 / imag_action_std 5.1 / imag_action_min 0.0 / imag_action_max 17.0 / actor_entropy 0.4 / actor_loss 0.5 / actor_grad_norm 6.8 / value_loss 1.3 / value_grad_norm 1.4 / update_count 60784.0 / fps 12.8
add_video needs package moviepy
add_video needs package moviepy
[253360] 
Start evaluation.
[253360] eval_return 3626.0 / eval_length 1374.6 / eval_episodes 5.0
add_video needs package moviepy
Start training.
[253360] model_loss 15.9 / model_grad_norm 37.4 / image_loss 5.6 / reward_loss 0.1 / cont_loss 0.0 / kl_free 1.0 / dyn_scale 0.5 / rep_scale 0.1 / dyn_loss 17.0 / rep_loss 17.0 / kl 17.0 / prior_abs_ent 33.3 / post_abs_ent -27.7 / prior_obs_ent 11.9 / post_obs_ent -3.3 / boundary_ratio 0.0 / kl_mask 0.0 / normed_target_mean 0.6 / normed_target_std 0.3 / normed_target_min -0.1 / normed_target_max 1.1 / EMA_005 70.2 / EMA_095 965.5 / value_mean 613.6 / value_std 290.8 / value_min 15.1 / value_max 1015.7 / target_mean 615.6 / target_std 291.9 / target_min 16.9 / target_max 1052.5 / imag_reward_mean 1.7 / imag_reward_std 4.5 / imag_reward_min -0.0 / imag_reward_max 25.9 / imag_action_mean 7.8 / imag_action_std 5.1 / imag_action_min 0.0 / imag_action_max 17.0 / actor_entropy 0.4 / actor_loss 0.4 / actor_grad_norm 7.1 / value_loss 1.4 / value_grad_norm 1.6 / update_count 60940.0 / fps 12.3
add_video needs package moviepy
add_video needs package moviepy
[253984] 
Start evaluation.
[253984] eval_return 3564.0 / eval_length 1547.4 / eval_episodes 5.0
add_video needs package moviepy
Start training.
[253984] model_loss 15.5 / model_grad_norm 24.6 / image_loss 5.4 / reward_loss 0.1 / cont_loss 0.0 / kl_free 1.0 / dyn_scale 0.5 / rep_scale 0.1 / dyn_loss 16.6 / rep_loss 16.6 / kl 16.6 / prior_abs_ent 32.8 / post_abs_ent -27.7 / prior_obs_ent 11.2 / post_obs_ent -3.8 / boundary_ratio 0.0 / kl_mask 0.0 / normed_target_mean 0.6 / normed_target_std 0.3 / normed_target_min -0.1 / normed_target_max 1.1 / EMA_005 73.9 / EMA_095 967.7 / value_mean 621.7 / value_std 289.0 / value_min 10.5 / value_max 1018.7 / target_mean 623.8 / target_std 290.2 / target_min 11.2 / target_max 1057.8 / imag_reward_mean 1.7 / imag_reward_std 4.5 / imag_reward_min -0.0 / imag_reward_max 25.4 / imag_action_mean 7.8 / imag_action_std 5.1 / imag_action_min 0.0 / imag_action_max 17.0 / actor_entropy 0.4 / actor_loss 0.5 / actor_grad_norm 7.1 / value_loss 1.4 / value_grad_norm 1.5 / update_count 61096.0 / fps 11.9
add_video needs package moviepy
add_video needs package moviepy
[254336] dataset_size 63584.0 / train_return 1850.0 / train_length 732.0 / train_episodes 45.0
[254608] 
Start evaluation.
[254608] eval_return 3624.0 / eval_length 1367.6 / eval_episodes 5.0
add_video needs package moviepy
Start training.
[254608] model_loss 15.3 / model_grad_norm 28.4 / image_loss 5.3 / reward_loss 0.1 / cont_loss 0.0 / kl_free 1.0 / dyn_scale 0.5 / rep_scale 0.1 / dyn_loss 16.5 / rep_loss 16.5 / kl 16.5 / prior_abs_ent 33.0 / post_abs_ent -27.6 / prior_obs_ent 10.2 / post_obs_ent -4.6 / boundary_ratio 0.0 / kl_mask 0.0 / normed_target_mean 0.6 / normed_target_std 0.3 / normed_target_min -0.1 / normed_target_max 1.1 / EMA_005 77.5 / EMA_095 972.3 / value_mean 613.9 / value_std 293.6 / value_min 11.8 / value_max 1020.6 / target_mean 616.3 / target_std 294.7 / target_min 11.6 / target_max 1061.2 / imag_reward_mean 1.8 / imag_reward_std 4.5 / imag_reward_min -0.0 / imag_reward_max 26.1 / imag_action_mean 7.9 / imag_action_std 5.1 / imag_action_min 0.0 / imag_action_max 17.0 / actor_entropy 0.4 / actor_loss 0.7 / actor_grad_norm 7.3 / value_loss 1.4 / value_grad_norm 1.5 / update_count 61252.0 / fps 12.4
add_video needs package moviepy
add_video needs package moviepy
[255232] 
Start evaluation.
[255232] eval_return 3546.0 / eval_length 1349.6 / eval_episodes 5.0
add_video needs package moviepy
Start training.
[255232] model_loss 15.5 / model_grad_norm 25.2 / image_loss 5.4 / reward_loss 0.1 / cont_loss 0.0 / kl_free 1.0 / dyn_scale 0.5 / rep_scale 0.1 / dyn_loss 16.7 / rep_loss 16.7 / kl 16.7 / prior_abs_ent 33.1 / post_abs_ent -27.6 / prior_obs_ent 10.4 / post_obs_ent -4.6 / boundary_ratio 0.0 / kl_mask 0.0 / normed_target_mean 0.6 / normed_target_std 0.3 / normed_target_min -0.1 / normed_target_max 1.1 / EMA_005 77.1 / EMA_095 972.0 / value_mean 620.5 / value_std 290.4 / value_min 12.8 / value_max 1026.4 / target_mean 622.6 / target_std 291.7 / target_min 12.5 / target_max 1063.2 / imag_reward_mean 1.8 / imag_reward_std 4.6 / imag_reward_min -0.0 / imag_reward_max 26.3 / imag_action_mean 8.1 / imag_action_std 5.1 / imag_action_min 0.0 / imag_action_max 17.0 / actor_entropy 0.4 / actor_loss 0.6 / actor_grad_norm 7.5 / value_loss 1.4 / value_grad_norm 1.5 / update_count 61408.0 / fps 12.5
add_video needs package moviepy
add_video needs package moviepy
[255856] 
Start evaluation.
[255856] eval_return 2380.0 / eval_length 1005.6 / eval_episodes 5.0
add_video needs package moviepy
Start training.
[255856] model_loss 15.4 / model_grad_norm 24.8 / image_loss 5.4 / reward_loss 0.1 / cont_loss 0.0 / kl_free 1.0 / dyn_scale 0.5 / rep_scale 0.1 / dyn_loss 16.4 / rep_loss 16.4 / kl 16.4 / prior_abs_ent 33.3 / post_abs_ent -27.5 / prior_obs_ent 10.0 / post_obs_ent -4.7 / boundary_ratio 0.0 / kl_mask 0.0 / normed_target_mean 0.6 / normed_target_std 0.3 / normed_target_min -0.1 / normed_target_max 1.1 / EMA_005 73.6 / EMA_095 973.8 / value_mean 615.7 / value_std 289.9 / value_min 7.5 / value_max 1021.1 / target_mean 618.0 / target_std 291.2 / target_min 7.9 / target_max 1060.9 / imag_reward_mean 1.7 / imag_reward_std 4.4 / imag_reward_min -0.0 / imag_reward_max 26.3 / imag_action_mean 8.0 / imag_action_std 5.0 / imag_action_min 0.0 / imag_action_max 17.0 / actor_entropy 0.4 / actor_loss 0.6 / actor_grad_norm 7.2 / value_loss 1.4 / value_grad_norm 1.5 / update_count 61564.0 / fps 13.5
add_video needs package moviepy
add_video needs package moviepy
[256480] 
Start evaluation.
[256480] eval_return 3530.0 / eval_length 1393.8 / eval_episodes 5.0
add_video needs package moviepy
Start training.
[256480] model_loss 15.5 / model_grad_norm 28.4 / image_loss 5.4 / reward_loss 0.1 / cont_loss 0.0 / kl_free 1.0 / dyn_scale 0.5 / rep_scale 0.1 / dyn_loss 16.7 / rep_loss 16.7 / kl 16.7 / prior_abs_ent 33.1 / post_abs_ent -27.5 / prior_obs_ent 10.5 / post_obs_ent -4.4 / boundary_ratio 0.0 / kl_mask 0.0 / normed_target_mean 0.6 / normed_target_std 0.3 / normed_target_min -0.1 / normed_target_max 1.1 / EMA_005 65.9 / EMA_095 977.6 / value_mean 616.9 / value_std 298.4 / value_min 12.3 / value_max 1026.1 / target_mean 619.0 / target_std 299.7 / target_min 13.1 / target_max 1067.5 / imag_reward_mean 1.7 / imag_reward_std 4.5 / imag_reward_min -0.0 / imag_reward_max 24.8 / imag_action_mean 7.8 / imag_action_std 5.1 / imag_action_min 0.0 / imag_action_max 17.0 / actor_entropy 0.4 / actor_loss 0.5 / actor_grad_norm 7.5 / value_loss 1.3 / value_grad_norm 1.5 / update_count 61720.0 / fps 12.3
add_video needs package moviepy
add_video needs package moviepy
[257104] 
Start evaluation.
[257104] eval_return 3074.0 / eval_length 1310.2 / eval_episodes 5.0
add_video needs package moviepy
Start training.
[257104] model_loss 15.3 / model_grad_norm 26.8 / image_loss 5.3 / reward_loss 0.1 / cont_loss 0.0 / kl_free 1.0 / dyn_scale 0.5 / rep_scale 0.1 / dyn_loss 16.5 / rep_loss 16.5 / kl 16.5 / prior_abs_ent 33.1 / post_abs_ent -27.5 / prior_obs_ent 10.3 / post_obs_ent -4.6 / boundary_ratio 0.0 / kl_mask 0.0 / normed_target_mean 0.6 / normed_target_std 0.3 / normed_target_min -0.1 / normed_target_max 1.1 / EMA_005 69.9 / EMA_095 982.6 / value_mean 619.1 / value_std 299.0 / value_min 10.3 / value_max 1031.4 / target_mean 621.5 / target_std 300.1 / target_min 12.3 / target_max 1073.3 / imag_reward_mean 1.8 / imag_reward_std 4.5 / imag_reward_min -0.0 / imag_reward_max 26.4 / imag_action_mean 7.7 / imag_action_std 5.1 / imag_action_min 0.0 / imag_action_max 17.0 / actor_entropy 0.4 / actor_loss 0.6 / actor_grad_norm 7.2 / value_loss 1.3 / value_grad_norm 1.5 / update_count 61876.0 / fps 12.6
add_video needs package moviepy
add_video needs package moviepy
[257728] 
Start evaluation.
[257728] eval_return 4172.0 / eval_length 1388.8 / eval_episodes 5.0
add_video needs package moviepy
Start training.
[257728] model_loss 15.5 / model_grad_norm 27.1 / image_loss 5.4 / reward_loss 0.1 / cont_loss 0.0 / kl_free 1.0 / dyn_scale 0.5 / rep_scale 0.1 / dyn_loss 16.7 / rep_loss 16.7 / kl 16.7 / prior_abs_ent 33.2 / post_abs_ent -27.6 / prior_obs_ent 10.2 / post_obs_ent -4.8 / boundary_ratio 0.0 / kl_mask 0.0 / normed_target_mean 0.6 / normed_target_std 0.3 / normed_target_min -0.1 / normed_target_max 1.1 / EMA_005 64.9 / EMA_095 984.6 / value_mean 623.4 / value_std 297.6 / value_min 13.7 / value_max 1032.6 / target_mean 625.6 / target_std 298.9 / target_min 16.0 / target_max 1068.9 / imag_reward_mean 1.7 / imag_reward_std 4.5 / imag_reward_min -0.0 / imag_reward_max 24.4 / imag_action_mean 7.9 / imag_action_std 5.2 / imag_action_min 0.0 / imag_action_max 17.0 / actor_entropy 0.4 / actor_loss 0.5 / actor_grad_norm 7.4 / value_loss 1.3 / value_grad_norm 1.5 / update_count 62032.0 / fps 12.3
add_video needs package moviepy
add_video needs package moviepy
[258352] 
Start evaluation.
[258352] eval_return 3440.0 / eval_length 1212.0 / eval_episodes 5.0
add_video needs package moviepy
Start training.
[258352] model_loss 15.6 / model_grad_norm 28.6 / image_loss 5.5 / reward_loss 0.1 / cont_loss 0.0 / kl_free 1.0 / dyn_scale 0.5 / rep_scale 0.1 / dyn_loss 16.7 / rep_loss 16.7 / kl 16.7 / prior_abs_ent 32.9 / post_abs_ent -27.6 / prior_obs_ent 10.3 / post_obs_ent -4.7 / boundary_ratio 0.0 / kl_mask 0.0 / normed_target_mean 0.6 / normed_target_std 0.3 / normed_target_min -0.1 / normed_target_max 1.1 / EMA_005 73.2 / EMA_095 987.5 / value_mean 636.4 / value_std 292.3 / value_min 11.2 / value_max 1035.4 / target_mean 638.4 / target_std 293.7 / target_min 11.2 / target_max 1076.8 / imag_reward_mean 1.8 / imag_reward_std 4.6 / imag_reward_min -0.0 / imag_reward_max 25.2 / imag_action_mean 8.0 / imag_action_std 5.2 / imag_action_min 0.0 / imag_action_max 17.0 / actor_entropy 0.4 / actor_loss 0.5 / actor_grad_norm 7.4 / value_loss 1.3 / value_grad_norm 1.5 / update_count 62188.0 / fps 12.9
add_video needs package moviepy
add_video needs package moviepy
[258720] dataset_size 64680.0 / train_return 2740.0 / train_length 1096.0 / train_episodes 46.0
[258976] 
Start evaluation.
[258976] eval_return 3824.0 / eval_length 1378.4 / eval_episodes 5.0
add_video needs package moviepy
Start training.
[258976] model_loss 15.5 / model_grad_norm 27.3 / image_loss 5.4 / reward_loss 0.1 / cont_loss 0.0 / kl_free 1.0 / dyn_scale 0.5 / rep_scale 0.1 / dyn_loss 16.7 / rep_loss 16.7 / kl 16.7 / prior_abs_ent 33.1 / post_abs_ent -27.6 / prior_obs_ent 10.2 / post_obs_ent -4.8 / boundary_ratio 0.0 / kl_mask 0.0 / normed_target_mean 0.6 / normed_target_std 0.3 / normed_target_min -0.1 / normed_target_max 1.1 / EMA_005 71.8 / EMA_095 993.0 / value_mean 629.4 / value_std 299.0 / value_min 16.4 / value_max 1030.9 / target_mean 631.5 / target_std 300.4 / target_min 17.3 / target_max 1074.6 / imag_reward_mean 1.8 / imag_reward_std 4.6 / imag_reward_min -0.0 / imag_reward_max 26.4 / imag_action_mean 8.1 / imag_action_std 5.3 / imag_action_min 0.0 / imag_action_max 17.0 / actor_entropy 0.4 / actor_loss 0.5 / actor_grad_norm 7.7 / value_loss 1.4 / value_grad_norm 1.5 / update_count 62344.0 / fps 12.3
add_video needs package moviepy
add_video needs package moviepy
[259600] 
Start evaluation.
[259600] eval_return 3992.0 / eval_length 1397.2 / eval_episodes 5.0
add_video needs package moviepy
Start training.
[259600] model_loss 15.5 / model_grad_norm 26.8 / image_loss 5.4 / reward_loss 0.1 / cont_loss 0.0 / kl_free 1.0 / dyn_scale 0.5 / rep_scale 0.1 / dyn_loss 16.8 / rep_loss 16.8 / kl 16.8 / prior_abs_ent 33.0 / post_abs_ent -27.7 / prior_obs_ent 9.9 / post_obs_ent -5.2 / boundary_ratio 0.0 / kl_mask 0.0 / normed_target_mean 0.6 / normed_target_std 0.3 / normed_target_min -0.1 / normed_target_max 1.1 / EMA_005 72.7 / EMA_095 988.9 / value_mean 626.1 / value_std 295.4 / value_min 12.3 / value_max 1034.7 / target_mean 628.5 / target_std 296.6 / target_min 14.6 / target_max 1075.5 / imag_reward_mean 1.8 / imag_reward_std 4.6 / imag_reward_min -0.0 / imag_reward_max 26.0 / imag_action_mean 8.1 / imag_action_std 5.2 / imag_action_min 0.0 / imag_action_max 17.0 / actor_entropy 0.4 / actor_loss 0.7 / actor_grad_norm 8.1 / value_loss 1.4 / value_grad_norm 1.5 / update_count 62500.0 / fps 12.4
add_video needs package moviepy
add_video needs package moviepy
[260224] 
Start evaluation.
[260224] eval_return 4550.0 / eval_length 1363.0 / eval_episodes 5.0
add_video needs package moviepy
Start training.
[260224] model_loss 15.5 / model_grad_norm 25.0 / image_loss 5.4 / reward_loss 0.1 / cont_loss 0.0 / kl_free 1.0 / dyn_scale 0.5 / rep_scale 0.1 / dyn_loss 16.6 / rep_loss 16.6 / kl 16.6 / prior_abs_ent 32.6 / post_abs_ent -27.7 / prior_obs_ent 10.1 / post_obs_ent -4.8 / boundary_ratio 0.0 / kl_mask 0.0 / normed_target_mean 0.6 / normed_target_std 0.3 / normed_target_min -0.1 / normed_target_max 1.1 / EMA_005 76.3 / EMA_095 989.9 / value_mean 624.4 / value_std 294.7 / value_min 14.9 / value_max 1038.2 / target_mean 626.6 / target_std 296.3 / target_min 13.8 / target_max 1077.4 / imag_reward_mean 1.8 / imag_reward_std 4.6 / imag_reward_min -0.0 / imag_reward_max 25.4 / imag_action_mean 8.1 / imag_action_std 5.2 / imag_action_min 0.0 / imag_action_max 17.0 / actor_entropy 0.4 / actor_loss 0.6 / actor_grad_norm 7.6 / value_loss 1.3 / value_grad_norm 1.4 / update_count 62656.0 / fps 12.3
add_video needs package moviepy
add_video needs package moviepy
[260848] 
Start evaluation.
[260848] eval_return 3074.0 / eval_length 1132.0 / eval_episodes 5.0
add_video needs package moviepy
Start training.
[260848] model_loss 15.4 / model_grad_norm 26.6 / image_loss 5.3 / reward_loss 0.1 / cont_loss 0.0 / kl_free 1.0 / dyn_scale 0.5 / rep_scale 0.1 / dyn_loss 16.6 / rep_loss 16.6 / kl 16.6 / prior_abs_ent 32.7 / post_abs_ent -27.6 / prior_obs_ent 9.9 / post_obs_ent -5.0 / boundary_ratio 0.0 / kl_mask 0.0 / normed_target_mean 0.6 / normed_target_std 0.3 / normed_target_min -0.1 / normed_target_max 1.1 / EMA_005 73.7 / EMA_095 992.0 / value_mean 628.5 / value_std 302.0 / value_min 14.8 / value_max 1037.8 / target_mean 630.8 / target_std 303.4 / target_min 16.5 / target_max 1080.3 / imag_reward_mean 1.8 / imag_reward_std 4.5 / imag_reward_min -0.0 / imag_reward_max 25.5 / imag_action_mean 8.2 / imag_action_std 5.2 / imag_action_min 0.0 / imag_action_max 17.0 / actor_entropy 0.4 / actor_loss 0.7 / actor_grad_norm 7.5 / value_loss 1.3 / value_grad_norm 1.5 / update_count 62812.0 / fps 12.9
add_video needs package moviepy
add_video needs package moviepy
[261472] 
Start evaluation.
[261472] eval_return 3820.0 / eval_length 1409.8 / eval_episodes 5.0
add_video needs package moviepy
Start training.
[261472] model_loss 15.4 / model_grad_norm 28.2 / image_loss 5.3 / reward_loss 0.1 / cont_loss 0.0 / kl_free 1.0 / dyn_scale 0.5 / rep_scale 0.1 / dyn_loss 16.7 / rep_loss 16.7 / kl 16.7 / prior_abs_ent 32.8 / post_abs_ent -27.6 / prior_obs_ent 10.2 / post_obs_ent -4.8 / boundary_ratio 0.0 / kl_mask 0.0 / normed_target_mean 0.6 / normed_target_std 0.3 / normed_target_min -0.1 / normed_target_max 1.1 / EMA_005 67.4 / EMA_095 998.4 / value_mean 627.0 / value_std 307.1 / value_min 10.6 / value_max 1041.9 / target_mean 629.3 / target_std 308.6 / target_min 11.4 / target_max 1081.3 / imag_reward_mean 1.8 / imag_reward_std 4.6 / imag_reward_min -0.0 / imag_reward_max 25.2 / imag_action_mean 8.1 / imag_action_std 5.2 / imag_action_min 0.0 / imag_action_max 17.0 / actor_entropy 0.4 / actor_loss 0.6 / actor_grad_norm 7.4 / value_loss 1.3 / value_grad_norm 1.5 / update_count 62968.0 / fps 12.2
add_video needs package moviepy
add_video needs package moviepy
[262096] 
Start evaluation.
[262096] eval_return 3302.0 / eval_length 1259.0 / eval_episodes 5.0
add_video needs package moviepy
Start training.
[262096] model_loss 15.4 / model_grad_norm 25.5 / image_loss 5.3 / reward_loss 0.1 / cont_loss 0.0 / kl_free 1.0 / dyn_scale 0.5 / rep_scale 0.1 / dyn_loss 16.7 / rep_loss 16.7 / kl 16.7 / prior_abs_ent 33.1 / post_abs_ent -27.6 / prior_obs_ent 9.6 / post_obs_ent -5.4 / boundary_ratio 0.0 / kl_mask 0.0 / normed_target_mean 0.6 / normed_target_std 0.3 / normed_target_min -0.1 / normed_target_max 1.1 / EMA_005 62.6 / EMA_095 998.6 / value_mean 631.9 / value_std 305.3 / value_min 9.9 / value_max 1047.3 / target_mean 634.2 / target_std 306.7 / target_min 9.3 / target_max 1083.9 / imag_reward_mean 1.8 / imag_reward_std 4.6 / imag_reward_min -0.0 / imag_reward_max 26.1 / imag_action_mean 8.2 / imag_action_std 5.2 / imag_action_min 0.0 / imag_action_max 17.0 / actor_entropy 0.4 / actor_loss 0.6 / actor_grad_norm 7.4 / value_loss 1.3 / value_grad_norm 1.5 / update_count 63124.0 / fps 12.7
add_video needs package moviepy
add_video needs package moviepy
[262720] 
Start evaluation.
[262720] eval_return 3958.0 / eval_length 1451.2 / eval_episodes 5.0
add_video needs package moviepy
Start training.
[262720] model_loss 15.5 / model_grad_norm 26.6 / image_loss 5.3 / reward_loss 0.1 / cont_loss 0.0 / kl_free 1.0 / dyn_scale 0.5 / rep_scale 0.1 / dyn_loss 16.8 / rep_loss 16.8 / kl 16.8 / prior_abs_ent 33.0 / post_abs_ent -27.6 / prior_obs_ent 10.1 / post_obs_ent -4.9 / boundary_ratio 0.0 / kl_mask 0.0 / normed_target_mean 0.6 / normed_target_std 0.3 / normed_target_min -0.1 / normed_target_max 1.1 / EMA_005 61.9 / EMA_095 1002.4 / value_mean 640.6 / value_std 307.5 / value_min 13.0 / value_max 1048.1 / target_mean 642.7 / target_std 309.0 / target_min 12.8 / target_max 1089.8 / imag_reward_mean 1.8 / imag_reward_std 4.6 / imag_reward_min -0.0 / imag_reward_max 25.3 / imag_action_mean 8.2 / imag_action_std 5.2 / imag_action_min 0.0 / imag_action_max 17.0 / actor_entropy 0.4 / actor_loss 0.6 / actor_grad_norm 7.4 / value_loss 1.3 / value_grad_norm 1.5 / update_count 63280.0 / fps 12.1
add_video needs package moviepy
add_video needs package moviepy
[263344] 
Start evaluation.
[263344] eval_return 3966.0 / eval_length 1401.0 / eval_episodes 5.0
add_video needs package moviepy
Start training.
[263344] model_loss 15.4 / model_grad_norm 29.2 / image_loss 5.3 / reward_loss 0.1 / cont_loss 0.0 / kl_free 1.0 / dyn_scale 0.5 / rep_scale 0.1 / dyn_loss 16.7 / rep_loss 16.7 / kl 16.7 / prior_abs_ent 33.2 / post_abs_ent -27.6 / prior_obs_ent 10.0 / post_obs_ent -4.9 / boundary_ratio 0.0 / kl_mask 0.0 / normed_target_mean 0.6 / normed_target_std 0.3 / normed_target_min -0.1 / normed_target_max 1.1 / EMA_005 64.0 / EMA_095 1006.2 / value_mean 636.9 / value_std 309.0 / value_min 11.8 / value_max 1051.9 / target_mean 639.2 / target_std 310.3 / target_min 11.3 / target_max 1086.3 / imag_reward_mean 1.8 / imag_reward_std 4.6 / imag_reward_min -0.0 / imag_reward_max 26.1 / imag_action_mean 8.1 / imag_action_std 5.1 / imag_action_min 0.0 / imag_action_max 17.0 / actor_entropy 0.4 / actor_loss 0.6 / actor_grad_norm 7.5 / value_loss 1.3 / value_grad_norm 1.6 / update_count 63436.0 / fps 12.2
add_video needs package moviepy
add_video needs package moviepy
[263968] 
Start evaluation.
[263968] eval_return 3388.0 / eval_length 1277.2 / eval_episodes 5.0
add_video needs package moviepy
Start training.
[263968] model_loss 15.6 / model_grad_norm 25.8 / image_loss 5.5 / reward_loss 0.1 / cont_loss 0.0 / kl_free 1.0 / dyn_scale 0.5 / rep_scale 0.1 / dyn_loss 16.7 / rep_loss 16.7 / kl 16.7 / prior_abs_ent 33.2 / post_abs_ent -27.6 / prior_obs_ent 10.7 / post_obs_ent -4.3 / boundary_ratio 0.0 / kl_mask 0.0 / normed_target_mean 0.6 / normed_target_std 0.3 / normed_target_min -0.1 / normed_target_max 1.1 / EMA_005 65.6 / EMA_095 1005.5 / value_mean 632.0 / value_std 309.2 / value_min 15.8 / value_max 1056.0 / target_mean 633.7 / target_std 310.6 / target_min 15.5 / target_max 1087.7 / imag_reward_mean 1.8 / imag_reward_std 4.5 / imag_reward_min -0.0 / imag_reward_max 25.5 / imag_action_mean 8.1 / imag_action_std 5.1 / imag_action_min 0.0 / imag_action_max 17.0 / actor_entropy 0.4 / actor_loss 0.4 / actor_grad_norm 7.4 / value_loss 1.3 / value_grad_norm 1.5 / update_count 63592.0 / fps 12.6
add_video needs package moviepy
add_video needs package moviepy
[264556] dataset_size 66139.0 / train_return 3620.0 / train_length 1459.0 / train_episodes 47.0
[264592] 
Start evaluation.
[264592] eval_return 3930.0 / eval_length 1445.4 / eval_episodes 5.0
add_video needs package moviepy
Start training.
[264592] model_loss 16.9 / model_grad_norm 94.1 / image_loss 6.1 / reward_loss 0.1 / cont_loss 0.0 / kl_free 1.0 / dyn_scale 0.5 / rep_scale 0.1 / dyn_loss 17.8 / rep_loss 17.8 / kl 17.8 / prior_abs_ent 33.3 / post_abs_ent -27.7 / prior_obs_ent 11.1 / post_obs_ent -4.6 / boundary_ratio 0.0 / kl_mask 0.0 / normed_target_mean 0.6 / normed_target_std 0.3 / normed_target_min -0.1 / normed_target_max 1.1 / EMA_005 74.5 / EMA_095 1008.0 / value_mean 643.7 / value_std 301.4 / value_min 13.7 / value_max 1060.4 / target_mean 645.7 / target_std 302.7 / target_min 14.7 / target_max 1093.4 / imag_reward_mean 1.8 / imag_reward_std 4.6 / imag_reward_min -0.0 / imag_reward_max 26.1 / imag_action_mean 8.3 / imag_action_std 5.2 / imag_action_min 0.0 / imag_action_max 17.0 / actor_entropy 0.4 / actor_loss 0.5 / actor_grad_norm 7.9 / value_loss 1.3 / value_grad_norm 1.6 / update_count 63748.0 / fps 12.2
add_video needs package moviepy
add_video needs package moviepy
[265216] 
Start evaluation.
[265216] eval_return 3802.0 / eval_length 1327.4 / eval_episodes 5.0
add_video needs package moviepy
Start training.
[265216] model_loss 17.2 / model_grad_norm 31.8 / image_loss 6.3 / reward_loss 0.1 / cont_loss 0.0 / kl_free 1.0 / dyn_scale 0.5 / rep_scale 0.1 / dyn_loss 18.0 / rep_loss 18.0 / kl 18.0 / prior_abs_ent 34.4 / post_abs_ent -27.6 / prior_obs_ent 16.9 / post_obs_ent 0.6 / boundary_ratio 0.0 / kl_mask 0.0 / normed_target_mean 0.6 / normed_target_std 0.3 / normed_target_min -0.1 / normed_target_max 1.1 / EMA_005 73.7 / EMA_095 1001.7 / value_mean 630.6 / value_std 304.2 / value_min 9.7 / value_max 1057.2 / target_mean 631.5 / target_std 305.1 / target_min 10.5 / target_max 1085.3 / imag_reward_mean 1.7 / imag_reward_std 4.4 / imag_reward_min -0.0 / imag_reward_max 25.1 / imag_action_mean 8.3 / imag_action_std 5.2 / imag_action_min 0.0 / imag_action_max 17.0 / actor_entropy 0.4 / actor_loss -0.0 / actor_grad_norm 8.7 / value_loss 1.4 / value_grad_norm 1.6 / update_count 63904.0 / fps 12.5
add_video needs package moviepy
add_video needs package moviepy
[265840] 
Start evaluation.
[265840] eval_return 3638.0 / eval_length 1325.6 / eval_episodes 5.0
add_video needs package moviepy
Start training.
[265840] model_loss 15.4 / model_grad_norm 21.2 / image_loss 5.3 / reward_loss 0.1 / cont_loss 0.0 / kl_free 1.0 / dyn_scale 0.5 / rep_scale 0.1 / dyn_loss 16.7 / rep_loss 16.7 / kl 16.7 / prior_abs_ent 33.0 / post_abs_ent -27.6 / prior_obs_ent 11.6 / post_obs_ent -3.4 / boundary_ratio 0.0 / kl_mask 0.0 / normed_target_mean 0.6 / normed_target_std 0.3 / normed_target_min -0.1 / normed_target_max 1.1 / EMA_005 67.0 / EMA_095 1008.8 / value_mean 634.5 / value_std 310.4 / value_min 10.4 / value_max 1070.3 / target_mean 636.9 / target_std 312.0 / target_min 10.9 / target_max 1095.9 / imag_reward_mean 1.8 / imag_reward_std 4.5 / imag_reward_min -0.0 / imag_reward_max 25.1 / imag_action_mean 8.2 / imag_action_std 5.2 / imag_action_min 0.0 / imag_action_max 17.0 / actor_entropy 0.4 / actor_loss 0.6 / actor_grad_norm 7.6 / value_loss 1.3 / value_grad_norm 1.4 / update_count 64060.0 / fps 12.4
add_video needs package moviepy
add_video needs package moviepy
[266464] 
Start evaluation.
[266464] eval_return 4118.0 / eval_length 1422.6 / eval_episodes 5.0
add_video needs package moviepy
Start training.
[266464] model_loss 15.1 / model_grad_norm 21.0 / image_loss 5.1 / reward_loss 0.1 / cont_loss 0.0 / kl_free 1.0 / dyn_scale 0.5 / rep_scale 0.1 / dyn_loss 16.4 / rep_loss 16.4 / kl 16.4 / prior_abs_ent 32.6 / post_abs_ent -27.7 / prior_obs_ent 10.1 / post_obs_ent -4.7 / boundary_ratio 0.0 / kl_mask 0.0 / normed_target_mean 0.6 / normed_target_std 0.3 / normed_target_min -0.1 / normed_target_max 1.1 / EMA_005 65.7 / EMA_095 1012.9 / value_mean 646.0 / value_std 306.4 / value_min 15.0 / value_max 1074.9 / target_mean 648.0 / target_std 307.6 / target_min 15.0 / target_max 1097.6 / imag_reward_mean 1.8 / imag_reward_std 4.6 / imag_reward_min -0.0 / imag_reward_max 26.3 / imag_action_mean 8.2 / imag_action_std 5.2 / imag_action_min 0.0 / imag_action_max 17.0 / actor_entropy 0.4 / actor_loss 0.5 / actor_grad_norm 7.3 / value_loss 1.3 / value_grad_norm 1.4 / update_count 64216.0 / fps 12.3
add_video needs package moviepy
add_video needs package moviepy
[267088] 
Start evaluation.
[267088] eval_return 3278.0 / eval_length 1261.8 / eval_episodes 5.0
add_video needs package moviepy
Start training.
[267088] model_loss 15.4 / model_grad_norm 26.1 / image_loss 5.3 / reward_loss 0.1 / cont_loss 0.0 / kl_free 1.0 / dyn_scale 0.5 / rep_scale 0.1 / dyn_loss 16.7 / rep_loss 16.7 / kl 16.7 / prior_abs_ent 33.3 / post_abs_ent -27.5 / prior_obs_ent 10.2 / post_obs_ent -4.8 / boundary_ratio 0.0 / kl_mask 0.0 / normed_target_mean 0.6 / normed_target_std 0.3 / normed_target_min -0.1 / normed_target_max 1.1 / EMA_005 69.1 / EMA_095 1016.3 / value_mean 642.3 / value_std 305.1 / value_min 15.8 / value_max 1081.8 / target_mean 644.8 / target_std 306.7 / target_min 16.0 / target_max 1103.4 / imag_reward_mean 1.8 / imag_reward_std 4.6 / imag_reward_min -0.0 / imag_reward_max 24.8 / imag_action_mean 8.3 / imag_action_std 5.2 / imag_action_min 0.0 / imag_action_max 17.0 / actor_entropy 0.4 / actor_loss 0.7 / actor_grad_norm 7.7 / value_loss 1.3 / value_grad_norm 1.5 / update_count 64372.0 / fps 12.7
add_video needs package moviepy
add_video needs package moviepy
[267712] 
Start evaluation.
[267712] eval_return 3620.0 / eval_length 1372.6 / eval_episodes 5.0
add_video needs package moviepy
Start training.
[267712] model_loss 15.3 / model_grad_norm 24.4 / image_loss 5.2 / reward_loss 0.1 / cont_loss 0.0 / kl_free 1.0 / dyn_scale 0.5 / rep_scale 0.1 / dyn_loss 16.7 / rep_loss 16.7 / kl 16.7 / prior_abs_ent 33.4 / post_abs_ent -27.7 / prior_obs_ent 9.2 / post_obs_ent -5.8 / boundary_ratio 0.0 / kl_mask 0.0 / normed_target_mean 0.6 / normed_target_std 0.3 / normed_target_min -0.1 / normed_target_max 1.1 / EMA_005 68.0 / EMA_095 1021.1 / value_mean 658.8 / value_std 304.1 / value_min 14.5 / value_max 1090.9 / target_mean 661.4 / target_std 305.6 / target_min 16.1 / target_max 1107.2 / imag_reward_mean 1.9 / imag_reward_std 4.6 / imag_reward_min -0.0 / imag_reward_max 25.3 / imag_action_mean 8.2 / imag_action_std 5.2 / imag_action_min 0.0 / imag_action_max 17.0 / actor_entropy 0.4 / actor_loss 0.7 / actor_grad_norm 7.8 / value_loss 1.3 / value_grad_norm 1.4 / update_count 64528.0 / fps 12.3
add_video needs package moviepy
add_video needs package moviepy
[268336] 
Start evaluation.
[268336] eval_return 3764.0 / eval_length 1333.4 / eval_episodes 5.0
add_video needs package moviepy
Start training.
[268336] model_loss 15.3 / model_grad_norm 27.5 / image_loss 5.2 / reward_loss 0.1 / cont_loss 0.0 / kl_free 1.0 / dyn_scale 0.5 / rep_scale 0.1 / dyn_loss 16.7 / rep_loss 16.7 / kl 16.7 / prior_abs_ent 33.0 / post_abs_ent -27.6 / prior_obs_ent 9.3 / post_obs_ent -5.6 / boundary_ratio 0.0 / kl_mask 0.0 / normed_target_mean 0.6 / normed_target_std 0.3 / normed_target_min -0.1 / normed_target_max 1.1 / EMA_005 65.1 / EMA_095 1023.6 / value_mean 643.9 / value_std 316.4 / value_min 14.3 / value_max 1095.0 / target_mean 646.4 / target_std 317.8 / target_min 14.6 / target_max 1112.1 / imag_reward_mean 1.8 / imag_reward_std 4.6 / imag_reward_min -0.0 / imag_reward_max 25.7 / imag_action_mean 8.2 / imag_action_std 5.1 / imag_action_min 0.0 / imag_action_max 17.0 / actor_entropy 0.4 / actor_loss 0.7 / actor_grad_norm 7.4 / value_loss 1.3 / value_grad_norm 1.4 / update_count 64684.0 / fps 12.4
add_video needs package moviepy
add_video needs package moviepy
[268960] 
Start evaluation.
[268960] eval_return 4008.0 / eval_length 1386.6 / eval_episodes 5.0
add_video needs package moviepy
Start training.
[268960] model_loss 15.4 / model_grad_norm 24.1 / image_loss 5.3 / reward_loss 0.1 / cont_loss 0.0 / kl_free 1.0 / dyn_scale 0.5 / rep_scale 0.1 / dyn_loss 16.7 / rep_loss 16.7 / kl 16.7 / prior_abs_ent 33.1 / post_abs_ent -27.6 / prior_obs_ent 9.4 / post_obs_ent -5.6 / boundary_ratio 0.0 / kl_mask 0.0 / normed_target_mean 0.6 / normed_target_std 0.3 / normed_target_min -0.0 / normed_target_max 1.1 / EMA_005 64.9 / EMA_095 1026.5 / value_mean 659.0 / value_std 312.9 / value_min 16.1 / value_max 1102.9 / target_mean 661.6 / target_std 314.2 / target_min 17.4 / target_max 1114.6 / imag_reward_mean 1.8 / imag_reward_std 4.6 / imag_reward_min -0.0 / imag_reward_max 26.6 / imag_action_mean 8.2 / imag_action_std 5.1 / imag_action_min 0.0 / imag_action_max 17.0 / actor_entropy 0.4 / actor_loss 0.7 / actor_grad_norm 8.1 / value_loss 1.3 / value_grad_norm 1.6 / update_count 64840.0 / fps 12.3
add_video needs package moviepy
add_video needs package moviepy
[269584] 
Start evaluation.
[269584] eval_return 3672.0 / eval_length 1357.8 / eval_episodes 5.0
add_video needs package moviepy
Start training.
[269584] model_loss 15.3 / model_grad_norm 22.9 / image_loss 5.2 / reward_loss 0.1 / cont_loss 0.0 / kl_free 1.0 / dyn_scale 0.5 / rep_scale 0.1 / dyn_loss 16.6 / rep_loss 16.6 / kl 16.6 / prior_abs_ent 33.3 / post_abs_ent -27.7 / prior_obs_ent 8.6 / post_obs_ent -6.4 / boundary_ratio 0.0 / kl_mask 0.0 / normed_target_mean 0.6 / normed_target_std 0.3 / normed_target_min -0.1 / normed_target_max 1.1 / EMA_005 67.7 / EMA_095 1027.9 / value_mean 665.4 / value_std 307.9 / value_min 17.3 / value_max 1111.7 / target_mean 668.1 / target_std 309.5 / target_min 18.7 / target_max 1121.1 / imag_reward_mean 1.9 / imag_reward_std 4.6 / imag_reward_min -0.0 / imag_reward_max 26.0 / imag_action_mean 8.1 / imag_action_std 5.1 / imag_action_min 0.0 / imag_action_max 17.0 / actor_entropy 0.4 / actor_loss 0.7 / actor_grad_norm 7.9 / value_loss 1.3 / value_grad_norm 1.5 / update_count 64996.0 / fps 12.5
add_video needs package moviepy
add_video needs package moviepy
[270116] dataset_size 67529.0 / train_return 4060.0 / train_length 1390.0 / train_episodes 48.0
[270208] 
Start evaluation.
[270208] eval_return 3998.0 / eval_length 1413.0 / eval_episodes 5.0
add_video needs package moviepy
Start training.
[270208] model_loss 15.4 / model_grad_norm 28.1 / image_loss 5.3 / reward_loss 0.1 / cont_loss 0.0 / kl_free 1.0 / dyn_scale 0.5 / rep_scale 0.1 / dyn_loss 16.7 / rep_loss 16.7 / kl 16.7 / prior_abs_ent 33.3 / post_abs_ent -27.6 / prior_obs_ent 9.3 / post_obs_ent -5.7 / boundary_ratio 0.0 / kl_mask 0.0 / normed_target_mean 0.6 / normed_target_std 0.3 / normed_target_min -0.1 / normed_target_max 1.1 / EMA_005 72.5 / EMA_095 1032.3 / value_mean 651.9 / value_std 310.7 / value_min 20.5 / value_max 1118.1 / target_mean 654.2 / target_std 312.2 / target_min 20.7 / target_max 1127.3 / imag_reward_mean 1.8 / imag_reward_std 4.6 / imag_reward_min -0.0 / imag_reward_max 25.1 / imag_action_mean 8.1 / imag_action_std 5.2 / imag_action_min 0.0 / imag_action_max 17.0 / actor_entropy 0.4 / actor_loss 0.5 / actor_grad_norm 7.9 / value_loss 1.3 / value_grad_norm 1.5 / update_count 65152.0 / fps 12.1
add_video needs package moviepy
add_video needs package moviepy
[270832] 
Start evaluation.
[270832] eval_return 3998.0 / eval_length 1379.2 / eval_episodes 5.0
add_video needs package moviepy
Start training.
[270832] model_loss 15.2 / model_grad_norm 25.6 / image_loss 5.1 / reward_loss 0.1 / cont_loss 0.0 / kl_free 1.0 / dyn_scale 0.5 / rep_scale 0.1 / dyn_loss 16.6 / rep_loss 16.6 / kl 16.6 / prior_abs_ent 33.1 / post_abs_ent -27.7 / prior_obs_ent 8.8 / post_obs_ent -6.1 / boundary_ratio 0.0 / kl_mask 0.0 / normed_target_mean 0.6 / normed_target_std 0.3 / normed_target_min -0.1 / normed_target_max 1.1 / EMA_005 70.8 / EMA_095 1032.0 / value_mean 658.4 / value_std 315.3 / value_min 11.5 / value_max 1123.5 / target_mean 660.6 / target_std 316.7 / target_min 13.8 / target_max 1129.4 / imag_reward_mean 1.8 / imag_reward_std 4.6 / imag_reward_min -0.0 / imag_reward_max 25.8 / imag_action_mean 8.1 / imag_action_std 5.1 / imag_action_min 0.0 / imag_action_max 17.0 / actor_entropy 0.4 / actor_loss 0.6 / actor_grad_norm 7.5 / value_loss 1.3 / value_grad_norm 1.6 / update_count 65308.0 / fps 12.3
add_video needs package moviepy
add_video needs package moviepy
[271456] 
Start evaluation.
[271456] eval_return 3636.0 / eval_length 1385.4 / eval_episodes 5.0
add_video needs package moviepy
Start training.
[271456] model_loss 15.3 / model_grad_norm 26.0 / image_loss 5.2 / reward_loss 0.1 / cont_loss 0.0 / kl_free 1.0 / dyn_scale 0.5 / rep_scale 0.1 / dyn_loss 16.6 / rep_loss 16.6 / kl 16.6 / prior_abs_ent 33.0 / post_abs_ent -27.7 / prior_obs_ent 8.7 / post_obs_ent -6.2 / boundary_ratio 0.0 / kl_mask 0.0 / normed_target_mean 0.6 / normed_target_std 0.3 / normed_target_min -0.1 / normed_target_max 1.1 / EMA_005 69.4 / EMA_095 1038.5 / value_mean 665.4 / value_std 316.2 / value_min 17.2 / value_max 1131.8 / target_mean 667.7 / target_std 317.8 / target_min 17.9 / target_max 1134.9 / imag_reward_mean 1.9 / imag_reward_std 4.6 / imag_reward_min -0.0 / imag_reward_max 26.2 / imag_action_mean 8.0 / imag_action_std 5.2 / imag_action_min 0.0 / imag_action_max 17.0 / actor_entropy 0.4 / actor_loss 0.6 / actor_grad_norm 7.9 / value_loss 1.3 / value_grad_norm 1.5 / update_count 65464.0 / fps 12.4
add_video needs package moviepy
add_video needs package moviepy
[272080] 
Start evaluation.
[272080] eval_return 4542.0 / eval_length 1518.2 / eval_episodes 5.0
add_video needs package moviepy
Start training.
[272080] model_loss 15.3 / model_grad_norm 26.4 / image_loss 5.2 / reward_loss 0.1 / cont_loss 0.0 / kl_free 1.0 / dyn_scale 0.5 / rep_scale 0.1 / dyn_loss 16.7 / rep_loss 16.7 / kl 16.7 / prior_abs_ent 33.2 / post_abs_ent -27.7 / prior_obs_ent 8.8 / post_obs_ent -6.2 / boundary_ratio 0.0 / kl_mask 0.0 / normed_target_mean 0.6 / normed_target_std 0.3 / normed_target_min -0.1 / normed_target_max 1.1 / EMA_005 77.5 / EMA_095 1040.9 / value_mean 660.6 / value_std 317.1 / value_min 14.9 / value_max 1134.5 / target_mean 662.9 / target_std 318.8 / target_min 17.2 / target_max 1140.1 / imag_reward_mean 1.9 / imag_reward_std 4.6 / imag_reward_min -0.0 / imag_reward_max 25.4 / imag_action_mean 8.1 / imag_action_std 5.2 / imag_action_min 0.0 / imag_action_max 17.0 / actor_entropy 0.4 / actor_loss 0.6 / actor_grad_norm 7.9 / value_loss 1.3 / value_grad_norm 1.5 / update_count 65620.0 / fps 12.0
add_video needs package moviepy
add_video needs package moviepy
[272704] 
Start evaluation.
[272704] eval_return 4044.0 / eval_length 1326.2 / eval_episodes 5.0
add_video needs package moviepy
Start training.
[272704] model_loss 15.5 / model_grad_norm 29.2 / image_loss 5.3 / reward_loss 0.1 / cont_loss 0.0 / kl_free 1.0 / dyn_scale 0.5 / rep_scale 0.1 / dyn_loss 16.9 / rep_loss 16.9 / kl 16.9 / prior_abs_ent 33.4 / post_abs_ent -27.7 / prior_obs_ent 9.2 / post_obs_ent -5.9 / boundary_ratio 0.0 / kl_mask 0.0 / normed_target_mean 0.6 / normed_target_std 0.3 / normed_target_min -0.1 / normed_target_max 1.1 / EMA_005 65.7 / EMA_095 1044.1 / value_mean 654.6 / value_std 321.9 / value_min 10.8 / value_max 1142.6 / target_mean 656.7 / target_std 323.6 / target_min 11.4 / target_max 1148.3 / imag_reward_mean 1.8 / imag_reward_std 4.6 / imag_reward_min -0.0 / imag_reward_max 26.5 / imag_action_mean 8.2 / imag_action_std 5.3 / imag_action_min 0.0 / imag_action_max 17.0 / actor_entropy 0.4 / actor_loss 0.6 / actor_grad_norm 8.1 / value_loss 1.3 / value_grad_norm 1.6 / update_count 65776.0 / fps 12.5
add_video needs package moviepy
add_video needs package moviepy
[273328] 
Start evaluation.
[273328] eval_return 3988.0 / eval_length 1337.2 / eval_episodes 5.0
add_video needs package moviepy
Start training.
[273328] model_loss 15.3 / model_grad_norm 25.9 / image_loss 5.3 / reward_loss 0.1 / cont_loss 0.0 / kl_free 1.0 / dyn_scale 0.5 / rep_scale 0.1 / dyn_loss 16.6 / rep_loss 16.6 / kl 16.6 / prior_abs_ent 33.3 / post_abs_ent -27.6 / prior_obs_ent 8.7 / post_obs_ent -6.2 / boundary_ratio 0.0 / kl_mask 0.0 / normed_target_mean 0.6 / normed_target_std 0.3 / normed_target_min -0.1 / normed_target_max 1.1 / EMA_005 68.0 / EMA_095 1049.4 / value_mean 663.6 / value_std 321.9 / value_min 12.3 / value_max 1146.7 / target_mean 666.2 / target_std 323.4 / target_min 14.9 / target_max 1154.4 / imag_reward_mean 1.8 / imag_reward_std 4.6 / imag_reward_min -0.0 / imag_reward_max 24.6 / imag_action_mean 8.2 / imag_action_std 5.2 / imag_action_min 0.0 / imag_action_max 17.0 / actor_entropy 0.4 / actor_loss 0.7 / actor_grad_norm 8.0 / value_loss 1.3 / value_grad_norm 1.6 / update_count 65932.0 / fps 12.5
add_video needs package moviepy
add_video needs package moviepy
[273952] 
Start evaluation.
[273952] eval_return 4674.0 / eval_length 1416.6 / eval_episodes 5.0
add_video needs package moviepy
Start training.
[273952] model_loss 15.4 / model_grad_norm 26.8 / image_loss 5.3 / reward_loss 0.1 / cont_loss 0.0 / kl_free 1.0 / dyn_scale 0.5 / rep_scale 0.1 / dyn_loss 16.7 / rep_loss 16.7 / kl 16.7 / prior_abs_ent 33.5 / post_abs_ent -27.6 / prior_obs_ent 8.8 / post_obs_ent -6.2 / boundary_ratio 0.0 / kl_mask 0.0 / normed_target_mean 0.6 / normed_target_std 0.3 / normed_target_min -0.1 / normed_target_max 1.1 / EMA_005 69.8 / EMA_095 1052.2 / value_mean 670.0 / value_std 319.6 / value_min 13.2 / value_max 1149.1 / target_mean 672.8 / target_std 320.9 / target_min 12.6 / target_max 1156.8 / imag_reward_mean 1.8 / imag_reward_std 4.6 / imag_reward_min -0.0 / imag_reward_max 25.0 / imag_action_mean 8.3 / imag_action_std 5.2 / imag_action_min 0.0 / imag_action_max 17.0 / actor_entropy 0.4 / actor_loss 0.8 / actor_grad_norm 8.2 / value_loss 1.3 / value_grad_norm 1.6 / update_count 66088.0 / fps 12.1
add_video needs package moviepy
add_video needs package moviepy
[274576] 
Start evaluation.
[274576] eval_return 3834.0 / eval_length 1395.4 / eval_episodes 5.0
add_video needs package moviepy
Start training.
[274576] model_loss 15.4 / model_grad_norm 28.5 / image_loss 5.3 / reward_loss 0.1 / cont_loss 0.0 / kl_free 1.0 / dyn_scale 0.5 / rep_scale 0.1 / dyn_loss 16.8 / rep_loss 16.8 / kl 16.8 / prior_abs_ent 33.0 / post_abs_ent -27.7 / prior_obs_ent 9.0 / post_obs_ent -6.0 / boundary_ratio 0.0 / kl_mask 0.0 / normed_target_mean 0.6 / normed_target_std 0.3 / normed_target_min -0.1 / normed_target_max 1.1 / EMA_005 70.9 / EMA_095 1054.8 / value_mean 671.4 / value_std 320.9 / value_min 9.3 / value_max 1151.5 / target_mean 673.6 / target_std 322.1 / target_min 10.6 / target_max 1162.1 / imag_reward_mean 1.8 / imag_reward_std 4.6 / imag_reward_min -0.0 / imag_reward_max 24.9 / imag_action_mean 8.3 / imag_action_std 5.3 / imag_action_min 0.0 / imag_action_max 17.0 / actor_entropy 0.4 / actor_loss 0.5 / actor_grad_norm 8.0 / value_loss 1.3 / value_grad_norm 1.5 / update_count 66244.0 / fps 12.3
add_video needs package moviepy
add_video needs package moviepy
[275200] 
Start evaluation.
[275200] eval_return 3926.0 / eval_length 1345.8 / eval_episodes 5.0
add_video needs package moviepy
Start training.
[275200] model_loss 15.4 / model_grad_norm 26.0 / image_loss 5.3 / reward_loss 0.1 / cont_loss 0.0 / kl_free 1.0 / dyn_scale 0.5 / rep_scale 0.1 / dyn_loss 16.7 / rep_loss 16.7 / kl 16.7 / prior_abs_ent 33.4 / post_abs_ent -27.6 / prior_obs_ent 9.0 / post_obs_ent -6.0 / boundary_ratio 0.0 / kl_mask 0.0 / normed_target_mean 0.6 / normed_target_std 0.3 / normed_target_min -0.1 / normed_target_max 1.1 / EMA_005 70.2 / EMA_095 1059.9 / value_mean 675.4 / value_std 324.5 / value_min 13.6 / value_max 1156.5 / target_mean 677.7 / target_std 325.7 / target_min 13.8 / target_max 1166.3 / imag_reward_mean 1.8 / imag_reward_std 4.6 / imag_reward_min -0.0 / imag_reward_max 24.7 / imag_action_mean 8.2 / imag_action_std 5.3 / imag_action_min 0.0 / imag_action_max 17.0 / actor_entropy 0.4 / actor_loss 0.6 / actor_grad_norm 8.0 / value_loss 1.3 / value_grad_norm 1.5 / update_count 66400.0 / fps 12.3
add_video needs package moviepy
add_video needs package moviepy
[275824] 
Start evaluation.
[275824] eval_return 4148.0 / eval_length 1335.8 / eval_episodes 5.0
add_video needs package moviepy
Start training.
[275824] model_loss 15.4 / model_grad_norm 28.4 / image_loss 5.2 / reward_loss 0.1 / cont_loss 0.0 / kl_free 1.0 / dyn_scale 0.5 / rep_scale 0.1 / dyn_loss 16.8 / rep_loss 16.8 / kl 16.8 / prior_abs_ent 33.1 / post_abs_ent -27.7 / prior_obs_ent 8.9 / post_obs_ent -6.2 / boundary_ratio 0.0 / kl_mask 0.0 / normed_target_mean 0.6 / normed_target_std 0.3 / normed_target_min -0.1 / normed_target_max 1.1 / EMA_005 70.4 / EMA_095 1063.2 / value_mean 676.0 / value_std 329.6 / value_min 13.6 / value_max 1159.2 / target_mean 678.9 / target_std 330.9 / target_min 14.2 / target_max 1167.8 / imag_reward_mean 1.9 / imag_reward_std 4.7 / imag_reward_min -0.0 / imag_reward_max 24.9 / imag_action_mean 8.2 / imag_action_std 5.3 / imag_action_min 0.0 / imag_action_max 17.0 / actor_entropy 0.4 / actor_loss 0.9 / actor_grad_norm 8.6 / value_loss 1.3 / value_grad_norm 1.6 / update_count 66556.0 / fps 12.4
add_video needs package moviepy
add_video needs package moviepy
[275912] dataset_size 68978.0 / train_return 4610.0 / train_length 1449.0 / train_episodes 49.0
[276448] 
Start evaluation.
[276448] eval_return 3876.0 / eval_length 1374.6 / eval_episodes 5.0
add_video needs package moviepy
Start training.
[276448] model_loss 15.4 / model_grad_norm 24.4 / image_loss 5.3 / reward_loss 0.1 / cont_loss 0.0 / kl_free 1.0 / dyn_scale 0.5 / rep_scale 0.1 / dyn_loss 16.7 / rep_loss 16.7 / kl 16.7 / prior_abs_ent 33.3 / post_abs_ent -27.6 / prior_obs_ent 9.0 / post_obs_ent -6.0 / boundary_ratio 0.0 / kl_mask 0.0 / normed_target_mean 0.6 / normed_target_std 0.3 / normed_target_min -0.0 / normed_target_max 1.1 / EMA_005 66.5 / EMA_095 1065.9 / value_mean 658.0 / value_std 328.7 / value_min 17.7 / value_max 1159.1 / target_mean 660.2 / target_std 330.3 / target_min 18.7 / target_max 1170.4 / imag_reward_mean 1.8 / imag_reward_std 4.6 / imag_reward_min -0.0 / imag_reward_max 25.3 / imag_action_mean 8.2 / imag_action_std 5.3 / imag_action_min 0.0 / imag_action_max 17.0 / actor_entropy 0.4 / actor_loss 0.7 / actor_grad_norm 8.3 / value_loss 1.3 / value_grad_norm 1.5 / update_count 66712.0 / fps 12.2
add_video needs package moviepy
add_video needs package moviepy
[277072] 
Start evaluation.
[277072] eval_return 4052.0 / eval_length 1422.4 / eval_episodes 5.0
add_video needs package moviepy
Start training.
[277072] model_loss 15.5 / model_grad_norm 27.4 / image_loss 5.3 / reward_loss 0.1 / cont_loss 0.0 / kl_free 1.0 / dyn_scale 0.5 / rep_scale 0.1 / dyn_loss 17.0 / rep_loss 17.0 / kl 17.0 / prior_abs_ent 33.8 / post_abs_ent -27.7 / prior_obs_ent 9.6 / post_obs_ent -5.6 / boundary_ratio 0.0 / kl_mask 0.0 / normed_target_mean 0.6 / normed_target_std 0.3 / normed_target_min -0.1 / normed_target_max 1.1 / EMA_005 66.3 / EMA_095 1068.4 / value_mean 674.6 / value_std 331.6 / value_min 11.3 / value_max 1162.8 / target_mean 676.9 / target_std 333.6 / target_min 11.9 / target_max 1178.1 / imag_reward_mean 1.9 / imag_reward_std 4.6 / imag_reward_min -0.0 / imag_reward_max 25.8 / imag_action_mean 8.2 / imag_action_std 5.3 / imag_action_min 0.0 / imag_action_max 17.0 / actor_entropy 0.4 / actor_loss 0.6 / actor_grad_norm 8.6 / value_loss 1.3 / value_grad_norm 1.7 / update_count 66868.0 / fps 12.3
add_video needs package moviepy
add_video needs package moviepy
[277696] 
Start evaluation.
[277696] eval_return 3786.0 / eval_length 1278.8 / eval_episodes 5.0
add_video needs package moviepy
Start training.
[277696] model_loss 15.5 / model_grad_norm 28.4 / image_loss 5.3 / reward_loss 0.1 / cont_loss 0.0 / kl_free 1.0 / dyn_scale 0.5 / rep_scale 0.1 / dyn_loss 16.8 / rep_loss 16.8 / kl 16.8 / prior_abs_ent 33.5 / post_abs_ent -27.6 / prior_obs_ent 9.3 / post_obs_ent -5.8 / boundary_ratio 0.0 / kl_mask 0.0 / normed_target_mean 0.6 / normed_target_std 0.3 / normed_target_min -0.1 / normed_target_max 1.1 / EMA_005 62.9 / EMA_095 1074.4 / value_mean 670.4 / value_std 333.8 / value_min 8.8 / value_max 1164.9 / target_mean 673.1 / target_std 335.2 / target_min 9.3 / target_max 1184.5 / imag_reward_mean 1.9 / imag_reward_std 4.7 / imag_reward_min -0.0 / imag_reward_max 26.5 / imag_action_mean 8.4 / imag_action_std 5.3 / imag_action_min 0.0 / imag_action_max 17.0 / actor_entropy 0.4 / actor_loss 0.8 / actor_grad_norm 8.4 / value_loss 1.3 / value_grad_norm 1.5 / update_count 67024.0 / fps 12.5
add_video needs package moviepy
add_video needs package moviepy
[278320] 
Start evaluation.
[278320] eval_return 3806.0 / eval_length 1406.4 / eval_episodes 5.0
add_video needs package moviepy
Start training.
[278320] model_loss 15.5 / model_grad_norm 27.8 / image_loss 5.3 / reward_loss 0.1 / cont_loss 0.0 / kl_free 1.0 / dyn_scale 0.5 / rep_scale 0.1 / dyn_loss 16.9 / rep_loss 16.9 / kl 16.9 / prior_abs_ent 33.2 / post_abs_ent -27.6 / prior_obs_ent 9.0 / post_obs_ent -6.1 / boundary_ratio 0.0 / kl_mask 0.0 / normed_target_mean 0.6 / normed_target_std 0.3 / normed_target_min -0.1 / normed_target_max 1.1 / EMA_005 69.1 / EMA_095 1079.9 / value_mean 688.1 / value_std 335.5 / value_min 11.8 / value_max 1166.6 / target_mean 690.5 / target_std 336.9 / target_min 11.8 / target_max 1186.0 / imag_reward_mean 1.9 / imag_reward_std 4.7 / imag_reward_min -0.0 / imag_reward_max 25.9 / imag_action_mean 8.4 / imag_action_std 5.3 / imag_action_min 0.0 / imag_action_max 17.0 / actor_entropy 0.4 / actor_loss 0.7 / actor_grad_norm 8.4 / value_loss 1.3 / value_grad_norm 1.5 / update_count 67180.0 / fps 12.1
add_video needs package moviepy
add_video needs package moviepy
[278944] 
Start evaluation.
[278944] eval_return 3778.0 / eval_length 1365.8 / eval_episodes 5.0
add_video needs package moviepy
Start training.
[278944] model_loss 15.6 / model_grad_norm 28.6 / image_loss 5.3 / reward_loss 0.1 / cont_loss 0.0 / kl_free 1.0 / dyn_scale 0.5 / rep_scale 0.1 / dyn_loss 17.0 / rep_loss 17.0 / kl 17.0 / prior_abs_ent 33.4 / post_abs_ent -27.6 / prior_obs_ent 9.5 / post_obs_ent -5.8 / boundary_ratio 0.0 / kl_mask 0.0 / normed_target_mean 0.6 / normed_target_std 0.3 / normed_target_min -0.1 / normed_target_max 1.1 / EMA_005 75.1 / EMA_095 1084.3 / value_mean 685.0 / value_std 331.3 / value_min 14.9 / value_max 1168.7 / target_mean 687.2 / target_std 332.7 / target_min 15.8 / target_max 1188.5 / imag_reward_mean 1.9 / imag_reward_std 4.7 / imag_reward_min -0.0 / imag_reward_max 25.7 / imag_action_mean 8.3 / imag_action_std 5.3 / imag_action_min 0.0 / imag_action_max 17.0 / actor_entropy 0.4 / actor_loss 0.5 / actor_grad_norm 8.4 / value_loss 1.3 / value_grad_norm 1.6 / update_count 67336.0 / fps 12.2
add_video needs package moviepy
add_video needs package moviepy
[279568] 
Start evaluation.
[279568] eval_return 4114.0 / eval_length 1322.4 / eval_episodes 5.0
add_video needs package moviepy
Start training.
[279568] model_loss 15.5 / model_grad_norm 28.4 / image_loss 5.3 / reward_loss 0.1 / cont_loss 0.0 / kl_free 1.0 / dyn_scale 0.5 / rep_scale 0.1 / dyn_loss 16.9 / rep_loss 16.9 / kl 16.9 / prior_abs_ent 33.5 / post_abs_ent -27.6 / prior_obs_ent 9.5 / post_obs_ent -5.7 / boundary_ratio 0.0 / kl_mask 0.0 / normed_target_mean 0.6 / normed_target_std 0.3 / normed_target_min -0.1 / normed_target_max 1.1 / EMA_005 77.2 / EMA_095 1086.8 / value_mean 684.2 / value_std 333.1 / value_min 15.6 / value_max 1171.2 / target_mean 686.4 / target_std 334.4 / target_min 17.9 / target_max 1193.1 / imag_reward_mean 1.8 / imag_reward_std 4.6 / imag_reward_min -0.0 / imag_reward_max 26.0 / imag_action_mean 8.3 / imag_action_std 5.4 / imag_action_min 0.0 / imag_action_max 17.0 / actor_entropy 0.4 / actor_loss 0.5 / actor_grad_norm 8.2 / value_loss 1.3 / value_grad_norm 1.5 / update_count 67492.0 / fps 12.4
add_video needs package moviepy
add_video needs package moviepy
[280192] 
Start evaluation.
[280192] eval_return 3860.0 / eval_length 1392.0 / eval_episodes 5.0
add_video needs package moviepy
Start training.
[280192] model_loss 15.7 / model_grad_norm 26.5 / image_loss 5.4 / reward_loss 0.1 / cont_loss 0.0 / kl_free 1.0 / dyn_scale 0.5 / rep_scale 0.1 / dyn_loss 17.0 / rep_loss 17.0 / kl 17.0 / prior_abs_ent 33.7 / post_abs_ent -27.6 / prior_obs_ent 9.9 / post_obs_ent -5.3 / boundary_ratio 0.0 / kl_mask 0.0 / normed_target_mean 0.6 / normed_target_std 0.3 / normed_target_min -0.1 / normed_target_max 1.1 / EMA_005 68.5 / EMA_095 1090.2 / value_mean 689.8 / value_std 334.5 / value_min 13.7 / value_max 1174.7 / target_mean 691.6 / target_std 335.7 / target_min 14.8 / target_max 1199.4 / imag_reward_mean 1.9 / imag_reward_std 4.6 / imag_reward_min -0.0 / imag_reward_max 25.8 / imag_action_mean 8.5 / imag_action_std 5.4 / imag_action_min 0.0 / imag_action_max 17.0 / actor_entropy 0.4 / actor_loss 0.4 / actor_grad_norm 8.5 / value_loss 1.3 / value_grad_norm 1.6 / update_count 67648.0 / fps 12.2
add_video needs package moviepy
add_video needs package moviepy
[280816] 
Start evaluation.
[280816] eval_return 4014.0 / eval_length 1371.2 / eval_episodes 5.0
add_video needs package moviepy
Start training.
[280816] model_loss 15.8 / model_grad_norm 29.4 / image_loss 5.5 / reward_loss 0.1 / cont_loss 0.0 / kl_free 1.0 / dyn_scale 0.5 / rep_scale 0.1 / dyn_loss 17.0 / rep_loss 17.0 / kl 17.0 / prior_abs_ent 33.5 / post_abs_ent -27.6 / prior_obs_ent 10.1 / post_obs_ent -5.2 / boundary_ratio 0.0 / kl_mask 0.0 / normed_target_mean 0.6 / normed_target_std 0.3 / normed_target_min -0.1 / normed_target_max 1.1 / EMA_005 70.2 / EMA_095 1091.0 / value_mean 684.2 / value_std 330.7 / value_min 17.1 / value_max 1174.9 / target_mean 686.6 / target_std 331.7 / target_min 17.9 / target_max 1197.2 / imag_reward_mean 1.8 / imag_reward_std 4.6 / imag_reward_min -0.0 / imag_reward_max 26.2 / imag_action_mean 8.4 / imag_action_std 5.4 / imag_action_min 0.0 / imag_action_max 17.0 / actor_entropy 0.4 / actor_loss 0.6 / actor_grad_norm 8.3 / value_loss 1.3 / value_grad_norm 1.5 / update_count 67804.0 / fps 12.3
add_video needs package moviepy
add_video needs package moviepy
[281440] 
Start evaluation.
[281440] eval_return 3646.0 / eval_length 1399.4 / eval_episodes 5.0
add_video needs package moviepy
Start training.
[281440] model_loss 15.4 / model_grad_norm 26.9 / image_loss 5.2 / reward_loss 0.1 / cont_loss 0.0 / kl_free 1.0 / dyn_scale 0.5 / rep_scale 0.1 / dyn_loss 16.8 / rep_loss 16.8 / kl 16.8 / prior_abs_ent 33.4 / post_abs_ent -27.6 / prior_obs_ent 9.5 / post_obs_ent -5.6 / boundary_ratio 0.0 / kl_mask 0.0 / normed_target_mean 0.6 / normed_target_std 0.3 / normed_target_min -0.1 / normed_target_max 1.1 / EMA_005 73.6 / EMA_095 1088.1 / value_mean 682.7 / value_std 331.6 / value_min 13.7 / value_max 1172.0 / target_mean 684.9 / target_std 333.0 / target_min 14.2 / target_max 1197.1 / imag_reward_mean 1.8 / imag_reward_std 4.6 / imag_reward_min -0.0 / imag_reward_max 25.6 / imag_action_mean 8.5 / imag_action_std 5.3 / imag_action_min 0.0 / imag_action_max 17.0 / actor_entropy 0.4 / actor_loss 0.6 / actor_grad_norm 8.4 / value_loss 1.3 / value_grad_norm 1.6 / update_count 67960.0 / fps 12.3
add_video needs package moviepy
add_video needs package moviepy
[281796] dataset_size 70449.0 / train_return 4540.0 / train_length 1471.0 / train_episodes 50.0
[282064] 
Start evaluation.
[282064] eval_return 4318.0 / eval_length 1470.2 / eval_episodes 5.0
add_video needs package moviepy
Start training.
[282064] model_loss 15.6 / model_grad_norm 25.2 / image_loss 5.3 / reward_loss 0.1 / cont_loss 0.0 / kl_free 1.0 / dyn_scale 0.5 / rep_scale 0.1 / dyn_loss 16.9 / rep_loss 16.9 / kl 16.9 / prior_abs_ent 33.6 / post_abs_ent -27.6 / prior_obs_ent 9.5 / post_obs_ent -5.8 / boundary_ratio 0.0 / kl_mask 0.0 / normed_target_mean 0.6 / normed_target_std 0.3 / normed_target_min -0.1 / normed_target_max 1.1 / EMA_005 65.4 / EMA_095 1090.3 / value_mean 685.6 / value_std 333.5 / value_min 11.7 / value_max 1170.8 / target_mean 688.6 / target_std 334.7 / target_min 11.6 / target_max 1193.7 / imag_reward_mean 1.9 / imag_reward_std 4.7 / imag_reward_min -0.0 / imag_reward_max 25.9 / imag_action_mean 8.2 / imag_action_std 5.3 / imag_action_min 0.0 / imag_action_max 17.0 / actor_entropy 0.4 / actor_loss 0.9 / actor_grad_norm 8.5 / value_loss 1.3 / value_grad_norm 1.7 / update_count 68116.0 / fps 12.1
add_video needs package moviepy
add_video needs package moviepy
[282688] 
Start evaluation.
[282688] eval_return 3636.0 / eval_length 1397.4 / eval_episodes 5.0
add_video needs package moviepy
Start training.
[282688] model_loss 16.6 / model_grad_norm 58.4 / image_loss 5.8 / reward_loss 0.1 / cont_loss 0.0 / kl_free 1.0 / dyn_scale 0.5 / rep_scale 0.1 / dyn_loss 17.9 / rep_loss 17.9 / kl 17.9 / prior_abs_ent 35.1 / post_abs_ent -27.6 / prior_obs_ent 12.1 / post_obs_ent -3.7 / boundary_ratio 0.0 / kl_mask 0.0 / normed_target_mean 0.6 / normed_target_std 0.3 / normed_target_min -0.1 / normed_target_max 1.1 / EMA_005 68.4 / EMA_095 1094.5 / value_mean 689.5 / value_std 334.7 / value_min 16.2 / value_max 1178.1 / target_mean 691.6 / target_std 335.8 / target_min 16.9 / target_max 1201.7 / imag_reward_mean 1.8 / imag_reward_std 4.6 / imag_reward_min -0.0 / imag_reward_max 24.8 / imag_action_mean 8.3 / imag_action_std 5.3 / imag_action_min 0.0 / imag_action_max 17.0 / actor_entropy 0.4 / actor_loss 0.5 / actor_grad_norm 9.4 / value_loss 1.4 / value_grad_norm 1.6 / update_count 68272.0 / fps 12.3
add_video needs package moviepy
add_video needs package moviepy
[283312] 
Start evaluation.
[283312] eval_return 3812.0 / eval_length 1313.8 / eval_episodes 5.0
add_video needs package moviepy
Start training.
[283312] model_loss 15.5 / model_grad_norm 25.5 / image_loss 5.2 / reward_loss 0.1 / cont_loss 0.0 / kl_free 1.0 / dyn_scale 0.5 / rep_scale 0.1 / dyn_loss 17.0 / rep_loss 17.0 / kl 17.0 / prior_abs_ent 35.2 / post_abs_ent -27.5 / prior_obs_ent 10.5 / post_obs_ent -4.7 / boundary_ratio 0.0 / kl_mask 0.0 / normed_target_mean 0.6 / normed_target_std 0.3 / normed_target_min -0.1 / normed_target_max 1.1 / EMA_005 70.1 / EMA_095 1091.2 / value_mean 698.2 / value_std 329.1 / value_min 14.5 / value_max 1176.8 / target_mean 699.7 / target_std 330.5 / target_min 15.9 / target_max 1199.4 / imag_reward_mean 1.9 / imag_reward_std 4.7 / imag_reward_min -0.0 / imag_reward_max 26.4 / imag_action_mean 8.1 / imag_action_std 5.3 / imag_action_min 0.0 / imag_action_max 17.0 / actor_entropy 0.4 / actor_loss 0.2 / actor_grad_norm 8.9 / value_loss 1.3 / value_grad_norm 1.5 / update_count 68428.0 / fps 12.5
add_video needs package moviepy
add_video needs package moviepy
[283936] 
Start evaluation.
[283936] eval_return 3774.0 / eval_length 1378.6 / eval_episodes 5.0
add_video needs package moviepy
Start training.
[283936] model_loss 15.5 / model_grad_norm 26.0 / image_loss 5.2 / reward_loss 0.1 / cont_loss 0.0 / kl_free 1.0 / dyn_scale 0.5 / rep_scale 0.1 / dyn_loss 17.0 / rep_loss 17.0 / kl 17.0 / prior_abs_ent 34.6 / post_abs_ent -27.6 / prior_obs_ent 9.6 / post_obs_ent -5.7 / boundary_ratio 0.0 / kl_mask 0.0 / normed_target_mean 0.6 / normed_target_std 0.3 / normed_target_min -0.1 / normed_target_max 1.1 / EMA_005 69.1 / EMA_095 1094.7 / value_mean 697.2 / value_std 327.3 / value_min 13.9 / value_max 1173.8 / target_mean 699.2 / target_std 328.7 / target_min 14.7 / target_max 1196.5 / imag_reward_mean 1.9 / imag_reward_std 4.6 / imag_reward_min -0.0 / imag_reward_max 25.6 / imag_action_mean 8.3 / imag_action_std 5.4 / imag_action_min 0.0 / imag_action_max 17.0 / actor_entropy 0.4 / actor_loss 0.4 / actor_grad_norm 9.2 / value_loss 1.3 / value_grad_norm 1.5 / update_count 68584.0 / fps 12.3
add_video needs package moviepy
add_video needs package moviepy
[284560] 
Start evaluation.
[284560] eval_return 3898.0 / eval_length 1329.0 / eval_episodes 5.0
add_video needs package moviepy
Start training.
[284560] model_loss 15.2 / model_grad_norm 24.6 / image_loss 5.1 / reward_loss 0.1 / cont_loss 0.0 / kl_free 1.0 / dyn_scale 0.5 / rep_scale 0.1 / dyn_loss 16.8 / rep_loss 16.8 / kl 16.8 / prior_abs_ent 34.3 / post_abs_ent -27.6 / prior_obs_ent 8.9 / post_obs_ent -6.2 / boundary_ratio 0.0 / kl_mask 0.0 / normed_target_mean 0.6 / normed_target_std 0.3 / normed_target_min -0.1 / normed_target_max 1.1 / EMA_005 70.0 / EMA_095 1096.7 / value_mean 697.6 / value_std 333.1 / value_min 15.8 / value_max 1176.7 / target_mean 700.0 / target_std 334.5 / target_min 16.1 / target_max 1200.9 / imag_reward_mean 1.9 / imag_reward_std 4.7 / imag_reward_min -0.0 / imag_reward_max 26.3 / imag_action_mean 8.4 / imag_action_std 5.3 / imag_action_min 0.0 / imag_action_max 17.0 / actor_entropy 0.4 / actor_loss 0.7 / actor_grad_norm 8.8 / value_loss 1.3 / value_grad_norm 1.5 / update_count 68740.0 / fps 12.4
add_video needs package moviepy
add_video needs package moviepy
[285184] 
Start evaluation.
[285184] eval_return 3892.0 / eval_length 1274.8 / eval_episodes 5.0
add_video needs package moviepy
Start training.
[285184] model_loss 15.6 / model_grad_norm 26.9 / image_loss 5.3 / reward_loss 0.1 / cont_loss 0.0 / kl_free 1.0 / dyn_scale 0.5 / rep_scale 0.1 / dyn_loss 17.0 / rep_loss 17.0 / kl 17.0 / prior_abs_ent 34.4 / post_abs_ent -27.6 / prior_obs_ent 9.0 / post_obs_ent -6.3 / boundary_ratio 0.0 / kl_mask 0.0 / normed_target_mean 0.6 / normed_target_std 0.3 / normed_target_min -0.0 / normed_target_max 1.1 / EMA_005 68.2 / EMA_095 1102.4 / value_mean 696.9 / value_std 333.5 / value_min 15.5 / value_max 1177.0 / target_mean 699.3 / target_std 334.8 / target_min 16.6 / target_max 1203.9 / imag_reward_mean 1.9 / imag_reward_std 4.7 / imag_reward_min -0.0 / imag_reward_max 25.6 / imag_action_mean 8.2 / imag_action_std 5.4 / imag_action_min 0.0 / imag_action_max 17.0 / actor_entropy 0.4 / actor_loss 0.5 / actor_grad_norm 8.6 / value_loss 1.3 / value_grad_norm 1.6 / update_count 68896.0 / fps 12.6
add_video needs package moviepy
add_video needs package moviepy
[285808] 
Start evaluation.
[285808] eval_return 4356.0 / eval_length 1537.4 / eval_episodes 5.0
add_video needs package moviepy
Start training.
[285808] model_loss 15.4 / model_grad_norm 24.5 / image_loss 5.2 / reward_loss 0.1 / cont_loss 0.0 / kl_free 1.0 / dyn_scale 0.5 / rep_scale 0.1 / dyn_loss 16.8 / rep_loss 16.8 / kl 16.8 / prior_abs_ent 34.2 / post_abs_ent -27.6 / prior_obs_ent 8.8 / post_obs_ent -6.3 / boundary_ratio 0.0 / kl_mask 0.0 / normed_target_mean 0.6 / normed_target_std 0.3 / normed_target_min -0.1 / normed_target_max 1.1 / EMA_005 69.7 / EMA_095 1102.1 / value_mean 686.8 / value_std 337.0 / value_min 14.0 / value_max 1180.3 / target_mean 688.6 / target_std 338.5 / target_min 14.7 / target_max 1210.1 / imag_reward_mean 1.8 / imag_reward_std 4.6 / imag_reward_min -0.0 / imag_reward_max 25.8 / imag_action_mean 8.3 / imag_action_std 5.4 / imag_action_min 0.0 / imag_action_max 17.0 / actor_entropy 0.4 / actor_loss 0.4 / actor_grad_norm 8.4 / value_loss 1.3 / value_grad_norm 1.4 / update_count 69052.0 / fps 11.9
add_video needs package moviepy
add_video needs package moviepy
[286432] 
Start evaluation.
[286432] eval_return 3884.0 / eval_length 1322.8 / eval_episodes 5.0
add_video needs package moviepy
Start training.
[286432] model_loss 15.4 / model_grad_norm 26.2 / image_loss 5.3 / reward_loss 0.1 / cont_loss 0.0 / kl_free 1.0 / dyn_scale 0.5 / rep_scale 0.1 / dyn_loss 16.7 / rep_loss 16.7 / kl 16.7 / prior_abs_ent 33.7 / post_abs_ent -27.6 / prior_obs_ent 8.8 / post_obs_ent -6.2 / boundary_ratio 0.0 / kl_mask 0.0 / normed_target_mean 0.6 / normed_target_std 0.3 / normed_target_min -0.1 / normed_target_max 1.1 / EMA_005 67.5 / EMA_095 1108.9 / value_mean 699.2 / value_std 332.4 / value_min 12.7 / value_max 1180.9 / target_mean 701.4 / target_std 333.8 / target_min 12.7 / target_max 1212.1 / imag_reward_mean 1.8 / imag_reward_std 4.6 / imag_reward_min -0.0 / imag_reward_max 26.3 / imag_action_mean 8.1 / imag_action_std 5.3 / imag_action_min 0.0 / imag_action_max 17.0 / actor_entropy 0.4 / actor_loss 0.5 / actor_grad_norm 8.6 / value_loss 1.3 / value_grad_norm 1.5 / update_count 69208.0 / fps 12.4
add_video needs package moviepy
add_video needs package moviepy
[286988] dataset_size 71747.0 / train_return 2410.0 / train_length 1298.0 / train_episodes 51.0
[287056] 
Start evaluation.
[287056] eval_return 3538.0 / eval_length 1264.0 / eval_episodes 5.0
add_video needs package moviepy
Start training.
[287056] model_loss 15.9 / model_grad_norm 40.3 / image_loss 5.5 / reward_loss 0.1 / cont_loss 0.0 / kl_free 1.0 / dyn_scale 0.5 / rep_scale 0.1 / dyn_loss 17.2 / rep_loss 17.2 / kl 17.2 / prior_abs_ent 33.7 / post_abs_ent -27.7 / prior_obs_ent 9.9 / post_obs_ent -5.5 / boundary_ratio 0.0 / kl_mask 0.0 / normed_target_mean 0.6 / normed_target_std 0.3 / normed_target_min -0.1 / normed_target_max 1.1 / EMA_005 67.7 / EMA_095 1109.3 / value_mean 691.5 / value_std 337.7 / value_min 13.2 / value_max 1179.7 / target_mean 693.4 / target_std 339.0 / target_min 14.6 / target_max 1208.6 / imag_reward_mean 1.8 / imag_reward_std 4.5 / imag_reward_min -0.0 / imag_reward_max 25.8 / imag_action_mean 8.2 / imag_action_std 5.3 / imag_action_min 0.0 / imag_action_max 17.0 / actor_entropy 0.4 / actor_loss 0.4 / actor_grad_norm 8.9 / value_loss 1.3 / value_grad_norm 1.5 / update_count 69364.0 / fps 12.6
add_video needs package moviepy
add_video needs package moviepy
[287680] 
Start evaluation.
[287680] eval_return 3744.0 / eval_length 1359.6 / eval_episodes 5.0
add_video needs package moviepy
Start training.
[287680] model_loss 15.4 / model_grad_norm 25.3 / image_loss 5.2 / reward_loss 0.1 / cont_loss 0.0 / kl_free 1.0 / dyn_scale 0.5 / rep_scale 0.1 / dyn_loss 16.8 / rep_loss 16.8 / kl 16.8 / prior_abs_ent 33.8 / post_abs_ent -27.7 / prior_obs_ent 9.5 / post_obs_ent -5.6 / boundary_ratio 0.0 / kl_mask 0.0 / normed_target_mean 0.6 / normed_target_std 0.3 / normed_target_min -0.1 / normed_target_max 1.1 / EMA_005 67.6 / EMA_095 1111.6 / value_mean 696.8 / value_std 338.6 / value_min 11.1 / value_max 1180.8 / target_mean 699.2 / target_std 340.3 / target_min 12.3 / target_max 1214.1 / imag_reward_mean 1.9 / imag_reward_std 4.6 / imag_reward_min -0.0 / imag_reward_max 26.3 / imag_action_mean 8.3 / imag_action_std 5.4 / imag_action_min 0.0 / imag_action_max 17.0 / actor_entropy 0.4 / actor_loss 0.6 / actor_grad_norm 8.9 / value_loss 1.3 / value_grad_norm 1.6 / update_count 69520.0 / fps 12.4
add_video needs package moviepy
add_video needs package moviepy
[288304] 
Start evaluation.
[288304] eval_return 3766.0 / eval_length 1362.0 / eval_episodes 5.0
add_video needs package moviepy
Start training.
[288304] model_loss 15.4 / model_grad_norm 27.0 / image_loss 5.2 / reward_loss 0.1 / cont_loss 0.0 / kl_free 1.0 / dyn_scale 0.5 / rep_scale 0.1 / dyn_loss 16.8 / rep_loss 16.8 / kl 16.8 / prior_abs_ent 33.8 / post_abs_ent -27.6 / prior_obs_ent 8.9 / post_obs_ent -6.2 / boundary_ratio 0.0 / kl_mask 0.0 / normed_target_mean 0.6 / normed_target_std 0.3 / normed_target_min -0.1 / normed_target_max 1.1 / EMA_005 63.8 / EMA_095 1111.9 / value_mean 692.3 / value_std 342.1 / value_min 9.8 / value_max 1180.3 / target_mean 694.6 / target_std 343.2 / target_min 10.3 / target_max 1210.5 / imag_reward_mean 1.9 / imag_reward_std 4.7 / imag_reward_min -0.0 / imag_reward_max 26.6 / imag_action_mean 8.3 / imag_action_std 5.4 / imag_action_min 0.0 / imag_action_max 17.0 / actor_entropy 0.4 / actor_loss 0.6 / actor_grad_norm 8.8 / value_loss 1.3 / value_grad_norm 1.5 / update_count 69676.0 / fps 12.4
add_video needs package moviepy
add_video needs package moviepy
[288928] 
Start evaluation.
[288928] eval_return 3880.0 / eval_length 1443.0 / eval_episodes 5.0
add_video needs package moviepy
Start training.
[288928] model_loss 15.3 / model_grad_norm 23.7 / image_loss 5.1 / reward_loss 0.1 / cont_loss 0.0 / kl_free 1.0 / dyn_scale 0.5 / rep_scale 0.1 / dyn_loss 16.8 / rep_loss 16.8 / kl 16.8 / prior_abs_ent 33.8 / post_abs_ent -27.6 / prior_obs_ent 9.0 / post_obs_ent -6.1 / boundary_ratio 0.0 / kl_mask 0.0 / normed_target_mean 0.6 / normed_target_std 0.3 / normed_target_min -0.1 / normed_target_max 1.1 / EMA_005 73.8 / EMA_095 1115.4 / value_mean 705.1 / value_std 335.8 / value_min 12.8 / value_max 1182.6 / target_mean 707.0 / target_std 337.5 / target_min 13.6 / target_max 1215.1 / imag_reward_mean 1.9 / imag_reward_std 4.7 / imag_reward_min -0.0 / imag_reward_max 26.2 / imag_action_mean 8.3 / imag_action_std 5.3 / imag_action_min 0.0 / imag_action_max 17.0 / actor_entropy 0.4 / actor_loss 0.4 / actor_grad_norm 8.9 / value_loss 1.3 / value_grad_norm 1.6 / update_count 69832.0 / fps 12.2
add_video needs package moviepy
add_video needs package moviepy
[289552] 
Start evaluation.
[289552] eval_return 4602.0 / eval_length 1613.8 / eval_episodes 5.0
add_video needs package moviepy
Start training.
[289552] model_loss 15.4 / model_grad_norm 27.2 / image_loss 5.2 / reward_loss 0.1 / cont_loss 0.0 / kl_free 1.0 / dyn_scale 0.5 / rep_scale 0.1 / dyn_loss 16.9 / rep_loss 16.9 / kl 16.9 / prior_abs_ent 33.7 / post_abs_ent -27.6 / prior_obs_ent 8.5 / post_obs_ent -6.6 / boundary_ratio 0.0 / kl_mask 0.0 / normed_target_mean 0.6 / normed_target_std 0.3 / normed_target_min -0.1 / normed_target_max 1.1 / EMA_005 76.0 / EMA_095 1115.9 / value_mean 704.8 / value_std 335.5 / value_min 14.7 / value_max 1179.6 / target_mean 707.3 / target_std 336.7 / target_min 15.6 / target_max 1214.4 / imag_reward_mean 1.9 / imag_reward_std 4.7 / imag_reward_min -0.0 / imag_reward_max 26.4 / imag_action_mean 8.4 / imag_action_std 5.4 / imag_action_min 0.0 / imag_action_max 17.0 / actor_entropy 0.4 / actor_loss 0.7 / actor_grad_norm 9.1 / value_loss 1.3 / value_grad_norm 1.5 / update_count 69988.0 / fps 11.8
add_video needs package moviepy
add_video needs package moviepy
[290176] 
Start evaluation.
[290176] eval_return 3412.0 / eval_length 1355.4 / eval_episodes 5.0
add_video needs package moviepy
Start training.
[290176] model_loss 15.3 / model_grad_norm 27.8 / image_loss 5.2 / reward_loss 0.1 / cont_loss 0.0 / kl_free 1.0 / dyn_scale 0.5 / rep_scale 0.1 / dyn_loss 16.8 / rep_loss 16.8 / kl 16.8 / prior_abs_ent 33.8 / post_abs_ent -27.6 / prior_obs_ent 8.6 / post_obs_ent -6.5 / boundary_ratio 0.0 / kl_mask 0.0 / normed_target_mean 0.6 / normed_target_std 0.3 / normed_target_min -0.1 / normed_target_max 1.1 / EMA_005 66.3 / EMA_095 1115.8 / value_mean 697.6 / value_std 344.9 / value_min 10.5 / value_max 1181.1 / target_mean 699.8 / target_std 346.2 / target_min 11.7 / target_max 1213.9 / imag_reward_mean 1.9 / imag_reward_std 4.7 / imag_reward_min -0.0 / imag_reward_max 25.7 / imag_action_mean 8.4 / imag_action_std 5.4 / imag_action_min 0.0 / imag_action_max 17.0 / actor_entropy 0.4 / actor_loss 0.6 / actor_grad_norm 9.1 / value_loss 1.3 / value_grad_norm 1.6 / update_count 70144.0 / fps 12.4
add_video needs package moviepy
add_video needs package moviepy
[290800] 
Start evaluation.
[290800] eval_return 3616.0 / eval_length 1212.0 / eval_episodes 5.0
add_video needs package moviepy
Start training.
[290800] model_loss 15.4 / model_grad_norm 25.0 / image_loss 5.2 / reward_loss 0.1 / cont_loss 0.0 / kl_free 1.0 / dyn_scale 0.5 / rep_scale 0.1 / dyn_loss 16.9 / rep_loss 16.9 / kl 16.9 / prior_abs_ent 33.9 / post_abs_ent -27.6 / prior_obs_ent 8.5 / post_obs_ent -6.7 / boundary_ratio 0.0 / kl_mask 0.0 / normed_target_mean 0.6 / normed_target_std 0.3 / normed_target_min -0.1 / normed_target_max 1.1 / EMA_005 71.2 / EMA_095 1113.5 / value_mean 702.1 / value_std 333.6 / value_min 15.0 / value_max 1180.0 / target_mean 704.1 / target_std 334.7 / target_min 15.7 / target_max 1210.5 / imag_reward_mean 1.9 / imag_reward_std 4.7 / imag_reward_min -0.0 / imag_reward_max 26.8 / imag_action_mean 8.3 / imag_action_std 5.4 / imag_action_min 0.0 / imag_action_max 17.0 / actor_entropy 0.4 / actor_loss 0.5 / actor_grad_norm 9.0 / value_loss 1.3 / value_grad_norm 1.5 / update_count 70300.0 / fps 12.8
add_video needs package moviepy
add_video needs package moviepy
[291424] 
Start evaluation.
[291424] eval_return 3860.0 / eval_length 1371.2 / eval_episodes 5.0
add_video needs package moviepy
Start training.
[291424] model_loss 15.5 / model_grad_norm 25.9 / image_loss 5.2 / reward_loss 0.1 / cont_loss 0.0 / kl_free 1.0 / dyn_scale 0.5 / rep_scale 0.1 / dyn_loss 16.9 / rep_loss 16.9 / kl 16.9 / prior_abs_ent 33.7 / post_abs_ent -27.6 / prior_obs_ent 9.0 / post_obs_ent -6.2 / boundary_ratio 0.0 / kl_mask 0.0 / normed_target_mean 0.6 / normed_target_std 0.3 / normed_target_min -0.1 / normed_target_max 1.1 / EMA_005 73.3 / EMA_095 1110.7 / value_mean 703.2 / value_std 335.1 / value_min 19.2 / value_max 1177.3 / target_mean 704.7 / target_std 336.1 / target_min 20.2 / target_max 1210.6 / imag_reward_mean 1.8 / imag_reward_std 4.6 / imag_reward_min -0.0 / imag_reward_max 26.3 / imag_action_mean 8.3 / imag_action_std 5.4 / imag_action_min 0.0 / imag_action_max 17.0 / actor_entropy 0.4 / actor_loss 0.2 / actor_grad_norm 8.6 / value_loss 1.3 / value_grad_norm 1.4 / update_count 70456.0 / fps 12.3
add_video needs package moviepy
add_video needs package moviepy
[291912] dataset_size 72978.0 / train_return 3110.0 / train_length 1231.0 / train_episodes 52.0
[292048] 
Start evaluation.
[292048] eval_return 3732.0 / eval_length 1368.2 / eval_episodes 5.0
add_video needs package moviepy
Start training.
[292048] model_loss 15.6 / model_grad_norm 25.6 / image_loss 5.3 / reward_loss 0.1 / cont_loss 0.0 / kl_free 1.0 / dyn_scale 0.5 / rep_scale 0.1 / dyn_loss 17.0 / rep_loss 17.0 / kl 17.0 / prior_abs_ent 33.7 / post_abs_ent -27.6 / prior_obs_ent 9.2 / post_obs_ent -6.1 / boundary_ratio 0.0 / kl_mask 0.0 / normed_target_mean 0.6 / normed_target_std 0.3 / normed_target_min -0.1 / normed_target_max 1.1 / EMA_005 80.4 / EMA_095 1119.3 / value_mean 700.8 / value_std 332.3 / value_min 14.8 / value_max 1184.1 / target_mean 702.3 / target_std 333.8 / target_min 15.1 / target_max 1218.7 / imag_reward_mean 1.9 / imag_reward_std 4.6 / imag_reward_min -0.0 / imag_reward_max 26.5 / imag_action_mean 8.3 / imag_action_std 5.4 / imag_action_min 0.0 / imag_action_max 17.0 / actor_entropy 0.4 / actor_loss 0.3 / actor_grad_norm 9.0 / value_loss 1.3 / value_grad_norm 1.5 / update_count 70612.0 / fps 12.3
add_video needs package moviepy
add_video needs package moviepy
[292672] 
Start evaluation.
[292672] eval_return 3180.0 / eval_length 1196.6 / eval_episodes 5.0
add_video needs package moviepy
Start training.
[292672] model_loss 15.6 / model_grad_norm 26.8 / image_loss 5.3 / reward_loss 0.1 / cont_loss 0.0 / kl_free 1.0 / dyn_scale 0.5 / rep_scale 0.1 / dyn_loss 17.1 / rep_loss 17.1 / kl 17.1 / prior_abs_ent 33.6 / post_abs_ent -27.6 / prior_obs_ent 9.1 / post_obs_ent -6.2 / boundary_ratio 0.0 / kl_mask 0.0 / normed_target_mean 0.6 / normed_target_std 0.3 / normed_target_min -0.1 / normed_target_max 1.1 / EMA_005 77.0 / EMA_095 1118.7 / value_mean 712.1 / value_std 330.2 / value_min 12.5 / value_max 1180.6 / target_mean 713.7 / target_std 331.5 / target_min 15.0 / target_max 1213.7 / imag_reward_mean 1.9 / imag_reward_std 4.7 / imag_reward_min -0.0 / imag_reward_max 26.3 / imag_action_mean 8.3 / imag_action_std 5.3 / imag_action_min 0.0 / imag_action_max 17.0 / actor_entropy 0.4 / actor_loss 0.3 / actor_grad_norm 8.5 / value_loss 1.3 / value_grad_norm 1.4 / update_count 70768.0 / fps 12.8
add_video needs package moviepy
add_video needs package moviepy
[293296] 
Start evaluation.
[293296] eval_return 3534.0 / eval_length 1309.4 / eval_episodes 5.0
add_video needs package moviepy
Start training.
[293296] model_loss 15.6 / model_grad_norm 26.5 / image_loss 5.3 / reward_loss 0.1 / cont_loss 0.0 / kl_free 1.0 / dyn_scale 0.5 / rep_scale 0.1 / dyn_loss 17.0 / rep_loss 17.0 / kl 17.0 / prior_abs_ent 33.6 / post_abs_ent -27.6 / prior_obs_ent 9.0 / post_obs_ent -6.2 / boundary_ratio 0.0 / kl_mask 0.0 / normed_target_mean 0.6 / normed_target_std 0.3 / normed_target_min -0.1 / normed_target_max 1.1 / EMA_005 81.7 / EMA_095 1123.0 / value_mean 707.8 / value_std 333.9 / value_min 20.2 / value_max 1184.8 / target_mean 709.9 / target_std 335.3 / target_min 22.9 / target_max 1223.1 / imag_reward_mean 1.9 / imag_reward_std 4.7 / imag_reward_min -0.0 / imag_reward_max 25.6 / imag_action_mean 8.4 / imag_action_std 5.4 / imag_action_min 0.0 / imag_action_max 17.0 / actor_entropy 0.4 / actor_loss 0.6 / actor_grad_norm 8.6 / value_loss 1.3 / value_grad_norm 1.5 / update_count 70924.0 / fps 12.5
add_video needs package moviepy
add_video needs package moviepy
[293920] 
Start evaluation.
[293920] eval_return 2744.0 / eval_length 1098.8 / eval_episodes 5.0
add_video needs package moviepy
Start training.
[293920] model_loss 15.5 / model_grad_norm 25.9 / image_loss 5.3 / reward_loss 0.1 / cont_loss 0.0 / kl_free 1.0 / dyn_scale 0.5 / rep_scale 0.1 / dyn_loss 16.9 / rep_loss 16.9 / kl 16.9 / prior_abs_ent 33.7 / post_abs_ent -27.6 / prior_obs_ent 8.8 / post_obs_ent -6.4 / boundary_ratio 0.0 / kl_mask 0.0 / normed_target_mean 0.6 / normed_target_std 0.3 / normed_target_min -0.1 / normed_target_max 1.1 / EMA_005 77.4 / EMA_095 1124.2 / value_mean 696.0 / value_std 339.3 / value_min 15.1 / value_max 1184.4 / target_mean 698.1 / target_std 340.6 / target_min 16.7 / target_max 1221.4 / imag_reward_mean 1.9 / imag_reward_std 4.7 / imag_reward_min -0.0 / imag_reward_max 25.2 / imag_action_mean 8.3 / imag_action_std 5.5 / imag_action_min 0.0 / imag_action_max 17.0 / actor_entropy 0.4 / actor_loss 0.5 / actor_grad_norm 9.0 / value_loss 1.3 / value_grad_norm 1.5 / update_count 71080.0 / fps 13.2
add_video needs package moviepy
add_video needs package moviepy
[294544] 
Start evaluation.
[294544] eval_return 3642.0 / eval_length 1338.6 / eval_episodes 5.0
add_video needs package moviepy
Start training.
[294544] model_loss 15.4 / model_grad_norm 26.4 / image_loss 5.2 / reward_loss 0.1 / cont_loss 0.0 / kl_free 1.0 / dyn_scale 0.5 / rep_scale 0.1 / dyn_loss 16.9 / rep_loss 16.9 / kl 16.9 / prior_abs_ent 33.6 / post_abs_ent -27.6 / prior_obs_ent 9.0 / post_obs_ent -6.1 / boundary_ratio 0.0 / kl_mask 0.0 / normed_target_mean 0.6 / normed_target_std 0.3 / normed_target_min -0.1 / normed_target_max 1.1 / EMA_005 69.4 / EMA_095 1123.9 / value_mean 701.4 / value_std 339.5 / value_min 12.0 / value_max 1184.7 / target_mean 703.4 / target_std 341.0 / target_min 13.0 / target_max 1220.8 / imag_reward_mean 1.9 / imag_reward_std 4.6 / imag_reward_min -0.0 / imag_reward_max 25.2 / imag_action_mean 8.3 / imag_action_std 5.4 / imag_action_min 0.0 / imag_action_max 17.0 / actor_entropy 0.4 / actor_loss 0.5 / actor_grad_norm 8.4 / value_loss 1.3 / value_grad_norm 1.5 / update_count 71236.0 / fps 12.4
add_video needs package moviepy
add_video needs package moviepy
[295168] 
Start evaluation.
[295168] eval_return 3358.0 / eval_length 1222.6 / eval_episodes 5.0
add_video needs package moviepy
Start training.
[295168] model_loss 15.5 / model_grad_norm 31.8 / image_loss 5.2 / reward_loss 0.1 / cont_loss 0.0 / kl_free 1.0 / dyn_scale 0.5 / rep_scale 0.1 / dyn_loss 17.0 / rep_loss 17.0 / kl 17.0 / prior_abs_ent 33.9 / post_abs_ent -27.6 / prior_obs_ent 9.6 / post_obs_ent -5.7 / boundary_ratio 0.0 / kl_mask 0.0 / normed_target_mean 0.6 / normed_target_std 0.3 / normed_target_min -0.1 / normed_target_max 1.1 / EMA_005 67.8 / EMA_095 1122.4 / value_mean 702.6 / value_std 335.1 / value_min 11.8 / value_max 1181.2 / target_mean 704.5 / target_std 336.3 / target_min 12.6 / target_max 1216.6 / imag_reward_mean 1.9 / imag_reward_std 4.7 / imag_reward_min -0.0 / imag_reward_max 26.2 / imag_action_mean 8.2 / imag_action_std 5.5 / imag_action_min 0.0 / imag_action_max 17.0 / actor_entropy 0.4 / actor_loss 0.4 / actor_grad_norm 8.6 / value_loss 1.3 / value_grad_norm 1.7 / update_count 71392.0 / fps 12.7
add_video needs package moviepy
add_video needs package moviepy
[295792] 
Start evaluation.
[295792] eval_return 3664.0 / eval_length 1365.2 / eval_episodes 5.0
add_video needs package moviepy
Start training.
[295792] model_loss 15.5 / model_grad_norm 24.6 / image_loss 5.2 / reward_loss 0.1 / cont_loss 0.0 / kl_free 1.0 / dyn_scale 0.5 / rep_scale 0.1 / dyn_loss 17.0 / rep_loss 17.0 / kl 17.0 / prior_abs_ent 33.8 / post_abs_ent -27.6 / prior_obs_ent 8.8 / post_obs_ent -6.4 / boundary_ratio 0.0 / kl_mask 0.0 / normed_target_mean 0.6 / normed_target_std 0.3 / normed_target_min -0.1 / normed_target_max 1.1 / EMA_005 74.3 / EMA_095 1126.1 / value_mean 701.7 / value_std 336.5 / value_min 17.2 / value_max 1185.5 / target_mean 703.6 / target_std 337.8 / target_min 18.0 / target_max 1227.3 / imag_reward_mean 1.8 / imag_reward_std 4.6 / imag_reward_min -0.0 / imag_reward_max 25.8 / imag_action_mean 8.3 / imag_action_std 5.4 / imag_action_min 0.0 / imag_action_max 17.0 / actor_entropy 0.4 / actor_loss 0.4 / actor_grad_norm 8.8 / value_loss 1.3 / value_grad_norm 1.4 / update_count 71548.0 / fps 12.5
add_video needs package moviepy
add_video needs package moviepy
[296416] 
Start evaluation.
[296416] eval_return 3462.0 / eval_length 1237.8 / eval_episodes 5.0
add_video needs package moviepy
Start training.
[296416] model_loss 15.6 / model_grad_norm 27.5 / image_loss 5.2 / reward_loss 0.1 / cont_loss 0.0 / kl_free 1.0 / dyn_scale 0.5 / rep_scale 0.1 / dyn_loss 17.0 / rep_loss 17.0 / kl 17.0 / prior_abs_ent 33.4 / post_abs_ent -27.6 / prior_obs_ent 9.0 / post_obs_ent -6.3 / boundary_ratio 0.0 / kl_mask 0.0 / normed_target_mean 0.6 / normed_target_std 0.3 / normed_target_min -0.1 / normed_target_max 1.1 / EMA_005 69.9 / EMA_095 1129.3 / value_mean 708.4 / value_std 338.5 / value_min 13.8 / value_max 1188.1 / target_mean 710.7 / target_std 339.7 / target_min 15.2 / target_max 1222.8 / imag_reward_mean 1.9 / imag_reward_std 4.7 / imag_reward_min -0.0 / imag_reward_max 25.3 / imag_action_mean 8.2 / imag_action_std 5.4 / imag_action_min 0.0 / imag_action_max 17.0 / actor_entropy 0.4 / actor_loss 0.6 / actor_grad_norm 8.7 / value_loss 1.3 / value_grad_norm 1.5 / update_count 71704.0 / fps 12.7
add_video needs package moviepy
add_video needs package moviepy
[296728] dataset_size 74182.0 / train_return 3850.0 / train_length 1204.0 / train_episodes 53.0
[297040] 
Start evaluation.
[297040] eval_return 3688.0 / eval_length 1320.0 / eval_episodes 5.0
add_video needs package moviepy
Start training.
[297040] model_loss 15.6 / model_grad_norm 27.1 / image_loss 5.2 / reward_loss 0.1 / cont_loss 0.0 / kl_free 1.0 / dyn_scale 0.5 / rep_scale 0.1 / dyn_loss 17.1 / rep_loss 17.1 / kl 17.1 / prior_abs_ent 33.4 / post_abs_ent -27.6 / prior_obs_ent 9.2 / post_obs_ent -6.2 / boundary_ratio 0.0 / kl_mask 0.0 / normed_target_mean 0.6 / normed_target_std 0.3 / normed_target_min -0.1 / normed_target_max 1.1 / EMA_005 69.2 / EMA_095 1131.0 / value_mean 716.5 / value_std 339.2 / value_min 13.7 / value_max 1187.9 / target_mean 718.8 / target_std 340.2 / target_min 15.9 / target_max 1223.5 / imag_reward_mean 2.0 / imag_reward_std 4.7 / imag_reward_min -0.0 / imag_reward_max 26.3 / imag_action_mean 8.3 / imag_action_std 5.5 / imag_action_min 0.0 / imag_action_max 17.0 / actor_entropy 0.4 / actor_loss 0.6 / actor_grad_norm 8.8 / value_loss 1.3 / value_grad_norm 1.5 / update_count 71860.0 / fps 12.4
add_video needs package moviepy
add_video needs package moviepy
[297664] 
Start evaluation.
[297664] eval_return 3394.0 / eval_length 1351.6 / eval_episodes 5.0
add_video needs package moviepy
Start training.
[297664] model_loss 15.6 / model_grad_norm 28.2 / image_loss 5.3 / reward_loss 0.1 / cont_loss 0.0 / kl_free 1.0 / dyn_scale 0.5 / rep_scale 0.1 / dyn_loss 17.1 / rep_loss 17.1 / kl 17.1 / prior_abs_ent 33.9 / post_abs_ent -27.6 / prior_obs_ent 9.3 / post_obs_ent -6.1 / boundary_ratio 0.0 / kl_mask 0.0 / normed_target_mean 0.6 / normed_target_std 0.3 / normed_target_min -0.1 / normed_target_max 1.1 / EMA_005 77.9 / EMA_095 1128.6 / value_mean 716.2 / value_std 337.1 / value_min 16.5 / value_max 1187.0 / target_mean 718.2 / target_std 338.1 / target_min 18.4 / target_max 1223.2 / imag_reward_mean 1.9 / imag_reward_std 4.7 / imag_reward_min -0.0 / imag_reward_max 26.1 / imag_action_mean 8.5 / imag_action_std 5.5 / imag_action_min 0.0 / imag_action_max 17.0 / actor_entropy 0.4 / actor_loss 0.5 / actor_grad_norm 8.7 / value_loss 1.3 / value_grad_norm 1.5 / update_count 72016.0 / fps 12.5
add_video needs package moviepy
add_video needs package moviepy
[298288] 
Start evaluation.
[298288] eval_return 3462.0 / eval_length 1290.0 / eval_episodes 5.0
add_video needs package moviepy
Start training.
[298288] model_loss 15.5 / model_grad_norm 25.2 / image_loss 5.2 / reward_loss 0.1 / cont_loss 0.0 / kl_free 1.0 / dyn_scale 0.5 / rep_scale 0.1 / dyn_loss 17.0 / rep_loss 17.0 / kl 17.0 / prior_abs_ent 33.8 / post_abs_ent -27.6 / prior_obs_ent 9.3 / post_obs_ent -6.0 / boundary_ratio 0.0 / kl_mask 0.0 / normed_target_mean 0.6 / normed_target_std 0.3 / normed_target_min -0.1 / normed_target_max 1.1 / EMA_005 73.3 / EMA_095 1127.0 / value_mean 713.0 / value_std 337.9 / value_min 13.4 / value_max 1186.6 / target_mean 714.7 / target_std 339.0 / target_min 13.9 / target_max 1220.7 / imag_reward_mean 1.9 / imag_reward_std 4.6 / imag_reward_min -0.0 / imag_reward_max 26.8 / imag_action_mean 8.4 / imag_action_std 5.5 / imag_action_min 0.0 / imag_action_max 17.0 / actor_entropy 0.4 / actor_loss 0.3 / actor_grad_norm 8.2 / value_loss 1.3 / value_grad_norm 1.5 / update_count 72172.0 / fps 12.6
add_video needs package moviepy
add_video needs package moviepy
[298912] 
Start evaluation.
[298912] eval_return 3782.0 / eval_length 1280.0 / eval_episodes 5.0
add_video needs package moviepy
Start training.
[298912] model_loss 15.5 / model_grad_norm 26.0 / image_loss 5.2 / reward_loss 0.1 / cont_loss 0.0 / kl_free 1.0 / dyn_scale 0.5 / rep_scale 0.1 / dyn_loss 17.0 / rep_loss 17.0 / kl 17.0 / prior_abs_ent 33.4 / post_abs_ent -27.6 / prior_obs_ent 8.8 / post_obs_ent -6.5 / boundary_ratio 0.0 / kl_mask 0.0 / normed_target_mean 0.6 / normed_target_std 0.3 / normed_target_min -0.1 / normed_target_max 1.1 / EMA_005 70.4 / EMA_095 1128.3 / value_mean 702.8 / value_std 346.6 / value_min 14.9 / value_max 1187.8 / target_mean 704.5 / target_std 348.0 / target_min 14.6 / target_max 1225.7 / imag_reward_mean 1.9 / imag_reward_std 4.7 / imag_reward_min -0.0 / imag_reward_max 25.6 / imag_action_mean 8.3 / imag_action_std 5.5 / imag_action_min 0.0 / imag_action_max 17.0 / actor_entropy 0.4 / actor_loss 0.4 / actor_grad_norm 8.7 / value_loss 1.3 / value_grad_norm 1.5 / update_count 72328.0 / fps 12.6
add_video needs package moviepy
add_video needs package moviepy
[299536] 
Start evaluation.
[299536] eval_return 3204.0 / eval_length 1148.6 / eval_episodes 5.0
add_video needs package moviepy
Start training.
[299536] model_loss 15.5 / model_grad_norm 26.3 / image_loss 5.2 / reward_loss 0.1 / cont_loss 0.0 / kl_free 1.0 / dyn_scale 0.5 / rep_scale 0.1 / dyn_loss 17.1 / rep_loss 17.1 / kl 17.1 / prior_abs_ent 34.0 / post_abs_ent -27.6 / prior_obs_ent 9.2 / post_obs_ent -6.1 / boundary_ratio 0.0 / kl_mask 0.0 / normed_target_mean 0.6 / normed_target_std 0.3 / normed_target_min -0.0 / normed_target_max 1.1 / EMA_005 69.4 / EMA_095 1126.4 / value_mean 706.0 / value_std 339.4 / value_min 16.7 / value_max 1189.1 / target_mean 707.8 / target_std 340.4 / target_min 20.4 / target_max 1223.2 / imag_reward_mean 1.9 / imag_reward_std 4.6 / imag_reward_min -0.0 / imag_reward_max 25.9 / imag_action_mean 8.3 / imag_action_std 5.4 / imag_action_min 0.0 / imag_action_max 17.0 / actor_entropy 0.4 / actor_loss 0.5 / actor_grad_norm 8.6 / value_loss 1.3 / value_grad_norm 1.5 / update_count 72484.0 / fps 13.1
add_video needs package moviepy
add_video needs package moviepy
[300160] 
Start evaluation.
[300160] eval_return 3686.0 / eval_length 1389.2 / eval_episodes 5.0
add_video needs package moviepy
Start training.
[300160] model_loss 15.7 / model_grad_norm 28.1 / image_loss 5.3 / reward_loss 0.1 / cont_loss 0.0 / kl_free 1.0 / dyn_scale 0.5 / rep_scale 0.1 / dyn_loss 17.2 / rep_loss 17.2 / kl 17.2 / prior_abs_ent 33.7 / post_abs_ent -27.7 / prior_obs_ent 9.2 / post_obs_ent -6.2 / boundary_ratio 0.0 / kl_mask 0.0 / normed_target_mean 0.6 / normed_target_std 0.3 / normed_target_min -0.1 / normed_target_max 1.1 / EMA_005 74.1 / EMA_095 1123.4 / value_mean 712.5 / value_std 334.8 / value_min 12.6 / value_max 1186.7 / target_mean 714.2 / target_std 336.1 / target_min 13.7 / target_max 1223.1 / imag_reward_mean 1.9 / imag_reward_std 4.7 / imag_reward_min -0.0 / imag_reward_max 25.5 / imag_action_mean 8.1 / imag_action_std 5.5 / imag_action_min 0.0 / imag_action_max 17.0 / actor_entropy 0.4 / actor_loss 0.3 / actor_grad_norm 8.8 / value_loss 1.3 / value_grad_norm 1.5 / update_count 72640.0 / fps 12.3
add_video needs package moviepy
add_video needs package moviepy
[300784] 
Start evaluation.
[300784] eval_return 3816.0 / eval_length 1404.0 / eval_episodes 5.0
add_video needs package moviepy
Start training.
[300784] model_loss 15.7 / model_grad_norm 28.2 / image_loss 5.3 / reward_loss 0.1 / cont_loss 0.0 / kl_free 1.0 / dyn_scale 0.5 / rep_scale 0.1 / dyn_loss 17.1 / rep_loss 17.1 / kl 17.1 / prior_abs_ent 33.4 / post_abs_ent -27.6 / prior_obs_ent 9.2 / post_obs_ent -6.1 / boundary_ratio 0.0 / kl_mask 0.0 / normed_target_mean 0.6 / normed_target_std 0.3 / normed_target_min -0.1 / normed_target_max 1.1 / EMA_005 65.4 / EMA_095 1127.0 / value_mean 705.0 / value_std 342.9 / value_min 11.1 / value_max 1188.0 / target_mean 707.1 / target_std 344.2 / target_min 11.7 / target_max 1224.7 / imag_reward_mean 1.9 / imag_reward_std 4.7 / imag_reward_min -0.0 / imag_reward_max 26.4 / imag_action_mean 8.1 / imag_action_std 5.3 / imag_action_min 0.0 / imag_action_max 17.0 / actor_entropy 0.4 / actor_loss 0.5 / actor_grad_norm 8.6 / value_loss 1.3 / value_grad_norm 1.5 / update_count 72796.0 / fps 12.3
add_video needs package moviepy
add_video needs package moviepy
[301068] dataset_size 75267.0 / train_return 2850.0 / train_length 1085.0 / train_episodes 54.0
[301408] 
Start evaluation.
[301408] eval_return 3540.0 / eval_length 1328.0 / eval_episodes 5.0
add_video needs package moviepy
Start training.
[301408] model_loss 15.6 / model_grad_norm 29.5 / image_loss 5.2 / reward_loss 0.1 / cont_loss 0.0 / kl_free 1.0 / dyn_scale 0.5 / rep_scale 0.1 / dyn_loss 17.1 / rep_loss 17.1 / kl 17.1 / prior_abs_ent 33.6 / post_abs_ent -27.7 / prior_obs_ent 9.1 / post_obs_ent -6.2 / boundary_ratio 0.0 / kl_mask 0.0 / normed_target_mean 0.6 / normed_target_std 0.3 / normed_target_min -0.0 / normed_target_max 1.1 / EMA_005 63.6 / EMA_095 1128.4 / value_mean 715.0 / value_std 340.7 / value_min 14.8 / value_max 1188.8 / target_mean 716.9 / target_std 341.9 / target_min 16.6 / target_max 1229.3 / imag_reward_mean 1.9 / imag_reward_std 4.7 / imag_reward_min -0.0 / imag_reward_max 25.2 / imag_action_mean 7.9 / imag_action_std 5.3 / imag_action_min 0.0 / imag_action_max 17.0 / actor_entropy 0.4 / actor_loss 0.4 / actor_grad_norm 8.2 / value_loss 1.3 / value_grad_norm 1.5 / update_count 72952.0 / fps 12.4
add_video needs package moviepy
add_video needs package moviepy
[302032] 
Start evaluation.
[302032] eval_return 4040.0 / eval_length 1379.4 / eval_episodes 5.0
add_video needs package moviepy
Start training.
[302032] model_loss 15.6 / model_grad_norm 26.5 / image_loss 5.3 / reward_loss 0.1 / cont_loss 0.0 / kl_free 1.0 / dyn_scale 0.5 / rep_scale 0.1 / dyn_loss 17.1 / rep_loss 17.1 / kl 17.1 / prior_abs_ent 33.7 / post_abs_ent -27.5 / prior_obs_ent 9.6 / post_obs_ent -5.7 / boundary_ratio 0.0 / kl_mask 0.0 / normed_target_mean 0.6 / normed_target_std 0.3 / normed_target_min -0.0 / normed_target_max 1.1 / EMA_005 60.2 / EMA_095 1132.0 / value_mean 703.5 / value_std 347.0 / value_min 9.4 / value_max 1189.9 / target_mean 705.2 / target_std 348.4 / target_min 9.2 / target_max 1225.9 / imag_reward_mean 1.8 / imag_reward_std 4.6 / imag_reward_min -0.0 / imag_reward_max 24.7 / imag_action_mean 8.1 / imag_action_std 5.4 / imag_action_min 0.0 / imag_action_max 17.0 / actor_entropy 0.4 / actor_loss 0.3 / actor_grad_norm 8.7 / value_loss 1.3 / value_grad_norm 1.5 / update_count 73108.0 / fps 12.3
add_video needs package moviepy
add_video needs package moviepy
[302656] 
Start evaluation.
[302656] eval_return 3968.0 / eval_length 1359.4 / eval_episodes 5.0
add_video needs package moviepy
Start training.
[302656] model_loss 15.7 / model_grad_norm 26.0 / image_loss 5.3 / reward_loss 0.1 / cont_loss 0.0 / kl_free 1.0 / dyn_scale 0.5 / rep_scale 0.1 / dyn_loss 17.1 / rep_loss 17.1 / kl 17.1 / prior_abs_ent 33.5 / post_abs_ent -27.6 / prior_obs_ent 9.4 / post_obs_ent -6.0 / boundary_ratio 0.0 / kl_mask 0.0 / normed_target_mean 0.6 / normed_target_std 0.3 / normed_target_min -0.1 / normed_target_max 1.1 / EMA_005 66.6 / EMA_095 1132.4 / value_mean 715.1 / value_std 343.2 / value_min 10.0 / value_max 1193.3 / target_mean 717.2 / target_std 344.2 / target_min 10.9 / target_max 1232.3 / imag_reward_mean 1.9 / imag_reward_std 4.7 / imag_reward_min -0.0 / imag_reward_max 26.3 / imag_action_mean 8.2 / imag_action_std 5.4 / imag_action_min 0.0 / imag_action_max 17.0 / actor_entropy 0.4 / actor_loss 0.5 / actor_grad_norm 8.9 / value_loss 1.3 / value_grad_norm 1.5 / update_count 73264.0 / fps 12.4
add_video needs package moviepy
add_video needs package moviepy
[303280] 
Start evaluation.
[303280] eval_return 3552.0 / eval_length 1326.8 / eval_episodes 5.0
add_video needs package moviepy
Start training.
[303280] model_loss 15.5 / model_grad_norm 26.9 / image_loss 5.1 / reward_loss 0.1 / cont_loss 0.0 / kl_free 1.0 / dyn_scale 0.5 / rep_scale 0.1 / dyn_loss 17.1 / rep_loss 17.1 / kl 17.1 / prior_abs_ent 33.5 / post_abs_ent -27.6 / prior_obs_ent 8.9 / post_obs_ent -6.4 / boundary_ratio 0.0 / kl_mask 0.0 / normed_target_mean 0.6 / normed_target_std 0.3 / normed_target_min -0.0 / normed_target_max 1.1 / EMA_005 65.9 / EMA_095 1137.4 / value_mean 714.2 / value_std 346.5 / value_min 11.3 / value_max 1193.6 / target_mean 716.0 / target_std 347.6 / target_min 13.0 / target_max 1234.2 / imag_reward_mean 1.9 / imag_reward_std 4.7 / imag_reward_min -0.0 / imag_reward_max 27.0 / imag_action_mean 8.1 / imag_action_std 5.4 / imag_action_min 0.0 / imag_action_max 17.0 / actor_entropy 0.4 / actor_loss 0.4 / actor_grad_norm 8.5 / value_loss 1.3 / value_grad_norm 1.5 / update_count 73420.0 / fps 12.6
add_video needs package moviepy
add_video needs package moviepy
[303904] 
Start evaluation.
[303904] eval_return 4014.0 / eval_length 1457.8 / eval_episodes 5.0
add_video needs package moviepy
Start training.
[303904] model_loss 15.6 / model_grad_norm 26.0 / image_loss 5.2 / reward_loss 0.1 / cont_loss 0.0 / kl_free 1.0 / dyn_scale 0.5 / rep_scale 0.1 / dyn_loss 17.1 / rep_loss 17.1 / kl 17.1 / prior_abs_ent 33.6 / post_abs_ent -27.5 / prior_obs_ent 9.0 / post_obs_ent -6.3 / boundary_ratio 0.0 / kl_mask 0.0 / normed_target_mean 0.6 / normed_target_std 0.3 / normed_target_min -0.1 / normed_target_max 1.1 / EMA_005 71.6 / EMA_095 1139.3 / value_mean 720.2 / value_std 340.2 / value_min 16.4 / value_max 1193.5 / target_mean 722.3 / target_std 341.6 / target_min 15.4 / target_max 1231.9 / imag_reward_mean 1.9 / imag_reward_std 4.7 / imag_reward_min -0.0 / imag_reward_max 25.5 / imag_action_mean 7.9 / imag_action_std 5.4 / imag_action_min 0.0 / imag_action_max 17.0 / actor_entropy 0.4 / actor_loss 0.5 / actor_grad_norm 8.4 / value_loss 1.3 / value_grad_norm 1.5 / update_count 73576.0 / fps 12.1
add_video needs package moviepy
add_video needs package moviepy
[304528] 
Start evaluation.
[304528] eval_return 4480.0 / eval_length 1398.6 / eval_episodes 5.0
add_video needs package moviepy
Start training.
[304528] model_loss 15.6 / model_grad_norm 27.6 / image_loss 5.2 / reward_loss 0.1 / cont_loss 0.0 / kl_free 1.0 / dyn_scale 0.5 / rep_scale 0.1 / dyn_loss 17.0 / rep_loss 17.0 / kl 17.0 / prior_abs_ent 33.8 / post_abs_ent -27.4 / prior_obs_ent 9.4 / post_obs_ent -5.9 / boundary_ratio 0.0 / kl_mask 0.0 / normed_target_mean 0.6 / normed_target_std 0.3 / normed_target_min -0.1 / normed_target_max 1.1 / EMA_005 62.7 / EMA_095 1139.9 / value_mean 709.2 / value_std 354.0 / value_min 8.4 / value_max 1196.3 / target_mean 711.0 / target_std 355.2 / target_min 8.5 / target_max 1231.6 / imag_reward_mean 1.9 / imag_reward_std 4.6 / imag_reward_min -0.0 / imag_reward_max 25.7 / imag_action_mean 8.0 / imag_action_std 5.3 / imag_action_min 0.0 / imag_action_max 17.0 / actor_entropy 0.4 / actor_loss 0.4 / actor_grad_norm 8.8 / value_loss 1.3 / value_grad_norm 1.6 / update_count 73732.0 / fps 12.3
add_video needs package moviepy
add_video needs package moviepy
[305152] 
Start evaluation.
[305152] eval_return 3710.0 / eval_length 1265.6 / eval_episodes 5.0
add_video needs package moviepy
Start training.
[305152] model_loss 15.5 / model_grad_norm 24.1 / image_loss 5.2 / reward_loss 0.1 / cont_loss 0.0 / kl_free 1.0 / dyn_scale 0.5 / rep_scale 0.1 / dyn_loss 17.1 / rep_loss 17.1 / kl 17.1 / prior_abs_ent 33.6 / post_abs_ent -27.5 / prior_obs_ent 8.8 / post_obs_ent -6.6 / boundary_ratio 0.0 / kl_mask 0.0 / normed_target_mean 0.6 / normed_target_std 0.3 / normed_target_min -0.0 / normed_target_max 1.1 / EMA_005 60.6 / EMA_095 1140.0 / value_mean 721.8 / value_std 345.9 / value_min 11.6 / value_max 1192.6 / target_mean 723.9 / target_std 347.1 / target_min 11.3 / target_max 1232.4 / imag_reward_mean 2.0 / imag_reward_std 4.8 / imag_reward_min -0.0 / imag_reward_max 25.6 / imag_action_mean 8.2 / imag_action_std 5.3 / imag_action_min 0.0 / imag_action_max 17.0 / actor_entropy 0.4 / actor_loss 0.4 / actor_grad_norm 8.8 / value_loss 1.3 / value_grad_norm 1.6 / update_count 73888.0 / fps 12.7
add_video needs package moviepy
add_video needs package moviepy
[305776] 
Start evaluation.
[305776] eval_return 3974.0 / eval_length 1352.0 / eval_episodes 5.0
add_video needs package moviepy
Start training.
[305776] model_loss 17.2 / model_grad_norm 43.8 / image_loss 5.9 / reward_loss 0.1 / cont_loss 0.0 / kl_free 1.0 / dyn_scale 0.5 / rep_scale 0.1 / dyn_loss 18.6 / rep_loss 18.6 / kl 18.6 / prior_abs_ent 34.4 / post_abs_ent -27.7 / prior_obs_ent 11.5 / post_obs_ent -4.9 / boundary_ratio 0.0 / kl_mask 0.0 / normed_target_mean 0.6 / normed_target_std 0.3 / normed_target_min -0.0 / normed_target_max 1.1 / EMA_005 69.2 / EMA_095 1140.2 / value_mean 734.5 / value_std 337.0 / value_min 19.9 / value_max 1196.6 / target_mean 736.1 / target_std 337.8 / target_min 20.3 / target_max 1232.0 / imag_reward_mean 1.9 / imag_reward_std 4.7 / imag_reward_min -0.0 / imag_reward_max 25.4 / imag_action_mean 8.4 / imag_action_std 5.4 / imag_action_min 0.0 / imag_action_max 17.0 / actor_entropy 0.4 / actor_loss 0.3 / actor_grad_norm 9.8 / value_loss 1.3 / value_grad_norm 1.7 / update_count 74044.0 / fps 12.4
add_video needs package moviepy
add_video needs package moviepy
[305804] dataset_size 76451.0 / train_return 4090.0 / train_length 1184.0 / train_episodes 55.0
[306400] 
Start evaluation.
[306400] eval_return 3516.0 / eval_length 1268.6 / eval_episodes 5.0
add_video needs package moviepy
Start training.
[306400] model_loss 16.2 / model_grad_norm 26.9 / image_loss 5.5 / reward_loss 0.1 / cont_loss 0.0 / kl_free 1.0 / dyn_scale 0.5 / rep_scale 0.1 / dyn_loss 17.7 / rep_loss 17.7 / kl 17.7 / prior_abs_ent 35.0 / post_abs_ent -27.6 / prior_obs_ent 12.2 / post_obs_ent -3.9 / boundary_ratio 0.0 / kl_mask 0.0 / normed_target_mean 0.6 / normed_target_std 0.3 / normed_target_min -0.1 / normed_target_max 1.1 / EMA_005 78.3 / EMA_095 1139.7 / value_mean 712.0 / value_std 343.6 / value_min 13.2 / value_max 1193.8 / target_mean 713.8 / target_std 344.7 / target_min 13.4 / target_max 1234.1 / imag_reward_mean 1.9 / imag_reward_std 4.7 / imag_reward_min -0.0 / imag_reward_max 25.6 / imag_action_mean 8.3 / imag_action_std 5.5 / imag_action_min 0.0 / imag_action_max 17.0 / actor_entropy 0.4 / actor_loss 0.4 / actor_grad_norm 9.5 / value_loss 1.4 / value_grad_norm 1.7 / update_count 74200.0 / fps 12.6
add_video needs package moviepy
add_video needs package moviepy
[307024] 
Start evaluation.
[307024] eval_return 3186.0 / eval_length 1202.2 / eval_episodes 5.0
add_video needs package moviepy
Start training.
[307024] model_loss 15.9 / model_grad_norm 28.4 / image_loss 5.3 / reward_loss 0.1 / cont_loss 0.0 / kl_free 1.0 / dyn_scale 0.5 / rep_scale 0.1 / dyn_loss 17.6 / rep_loss 17.6 / kl 17.6 / prior_abs_ent 34.0 / post_abs_ent -27.6 / prior_obs_ent 10.4 / post_obs_ent -5.3 / boundary_ratio 0.0 / kl_mask 0.0 / normed_target_mean 0.6 / normed_target_std 0.3 / normed_target_min -0.1 / normed_target_max 1.1 / EMA_005 75.5 / EMA_095 1139.8 / value_mean 717.9 / value_std 346.1 / value_min 18.4 / value_max 1199.1 / target_mean 719.7 / target_std 347.3 / target_min 18.5 / target_max 1234.7 / imag_reward_mean 1.9 / imag_reward_std 4.7 / imag_reward_min -0.0 / imag_reward_max 24.5 / imag_action_mean 8.3 / imag_action_std 5.4 / imag_action_min 0.0 / imag_action_max 17.0 / actor_entropy 0.4 / actor_loss 0.4 / actor_grad_norm 8.6 / value_loss 1.3 / value_grad_norm 1.5 / update_count 74356.0 / fps 12.8
add_video needs package moviepy
add_video needs package moviepy
[307648] 
Start evaluation.
[307648] eval_return 3864.0 / eval_length 1339.6 / eval_episodes 5.0
add_video needs package moviepy
Start training.
[307648] model_loss 15.6 / model_grad_norm 25.1 / image_loss 5.2 / reward_loss 0.1 / cont_loss 0.0 / kl_free 1.0 / dyn_scale 0.5 / rep_scale 0.1 / dyn_loss 17.1 / rep_loss 17.1 / kl 17.1 / prior_abs_ent 33.8 / post_abs_ent -27.6 / prior_obs_ent 9.9 / post_obs_ent -5.6 / boundary_ratio 0.0 / kl_mask 0.0 / normed_target_mean 0.6 / normed_target_std 0.3 / normed_target_min -0.1 / normed_target_max 1.1 / EMA_005 72.2 / EMA_095 1140.7 / value_mean 714.3 / value_std 347.9 / value_min 10.5 / value_max 1193.1 / target_mean 716.3 / target_std 349.1 / target_min 10.6 / target_max 1235.7 / imag_reward_mean 2.0 / imag_reward_std 4.7 / imag_reward_min -0.0 / imag_reward_max 25.9 / imag_action_mean 8.3 / imag_action_std 5.4 / imag_action_min 0.0 / imag_action_max 17.0 / actor_entropy 0.4 / actor_loss 0.4 / actor_grad_norm 8.8 / value_loss 1.3 / value_grad_norm 1.6 / update_count 74512.0 / fps 12.2
add_video needs package moviepy
add_video needs package moviepy
[308272] 
Start evaluation.
[308272] eval_return 3826.0 / eval_length 1424.2 / eval_episodes 5.0
add_video needs package moviepy
Start training.
[308272] model_loss 15.4 / model_grad_norm 22.7 / image_loss 5.1 / reward_loss 0.1 / cont_loss 0.0 / kl_free 1.0 / dyn_scale 0.5 / rep_scale 0.1 / dyn_loss 16.9 / rep_loss 16.9 / kl 16.9 / prior_abs_ent 33.7 / post_abs_ent -27.6 / prior_obs_ent 8.8 / post_obs_ent -6.5 / boundary_ratio 0.0 / kl_mask 0.0 / normed_target_mean 0.6 / normed_target_std 0.3 / normed_target_min -0.0 / normed_target_max 1.1 / EMA_005 69.5 / EMA_095 1144.6 / value_mean 721.6 / value_std 344.1 / value_min 15.8 / value_max 1199.5 / target_mean 723.3 / target_std 345.3 / target_min 16.4 / target_max 1236.6 / imag_reward_mean 1.9 / imag_reward_std 4.7 / imag_reward_min -0.0 / imag_reward_max 25.6 / imag_action_mean 8.2 / imag_action_std 5.4 / imag_action_min 0.0 / imag_action_max 17.0 / actor_entropy 0.4 / actor_loss 0.3 / actor_grad_norm 8.5 / value_loss 1.3 / value_grad_norm 1.4 / update_count 74668.0 / fps 12.0
add_video needs package moviepy
add_video needs package moviepy
[308896] 
Start evaluation.
[308896] eval_return 3404.0 / eval_length 1204.8 / eval_episodes 5.0
add_video needs package moviepy
Start training.
[308896] model_loss 15.4 / model_grad_norm 23.9 / image_loss 5.1 / reward_loss 0.1 / cont_loss 0.0 / kl_free 1.0 / dyn_scale 0.5 / rep_scale 0.1 / dyn_loss 17.0 / rep_loss 17.0 / kl 17.0 / prior_abs_ent 33.5 / post_abs_ent -27.5 / prior_obs_ent 8.6 / post_obs_ent -6.6 / boundary_ratio 0.0 / kl_mask 0.0 / normed_target_mean 0.6 / normed_target_std 0.3 / normed_target_min -0.0 / normed_target_max 1.1 / EMA_005 65.9 / EMA_095 1145.0 / value_mean 715.8 / value_std 346.7 / value_min 15.1 / value_max 1195.1 / target_mean 717.9 / target_std 348.4 / target_min 15.0 / target_max 1238.2 / imag_reward_mean 1.9 / imag_reward_std 4.7 / imag_reward_min -0.0 / imag_reward_max 25.7 / imag_action_mean 8.2 / imag_action_std 5.4 / imag_action_min 0.0 / imag_action_max 17.0 / actor_entropy 0.4 / actor_loss 0.5 / actor_grad_norm 8.5 / value_loss 1.3 / value_grad_norm 1.5 / update_count 74824.0 / fps 12.5
add_video needs package moviepy
add_video needs package moviepy
[309520] 
Start evaluation.
[309520] eval_return 3636.0 / eval_length 1321.4 / eval_episodes 5.0
add_video needs package moviepy
Start training.
[309520] model_loss 15.3 / model_grad_norm 24.8 / image_loss 5.0 / reward_loss 0.1 / cont_loss 0.0 / kl_free 1.0 / dyn_scale 0.5 / rep_scale 0.1 / dyn_loss 17.0 / rep_loss 17.0 / kl 17.0 / prior_abs_ent 33.9 / post_abs_ent -27.6 / prior_obs_ent 8.2 / post_obs_ent -7.1 / boundary_ratio 0.0 / kl_mask 0.0 / normed_target_mean 0.6 / normed_target_std 0.3 / normed_target_min -0.1 / normed_target_max 1.1 / EMA_005 74.4 / EMA_095 1150.5 / value_mean 735.9 / value_std 346.3 / value_min 20.4 / value_max 1199.7 / target_mean 737.7 / target_std 347.8 / target_min 20.5 / target_max 1242.5 / imag_reward_mean 2.0 / imag_reward_std 4.8 / imag_reward_min -0.0 / imag_reward_max 26.2 / imag_action_mean 8.1 / imag_action_std 5.3 / imag_action_min 0.0 / imag_action_max 17.0 / actor_entropy 0.4 / actor_loss 0.4 / actor_grad_norm 8.3 / value_loss 1.3 / value_grad_norm 1.4 / update_count 74980.0 / fps 12.3
add_video needs package moviepy
add_video needs package moviepy
[310144] 
Start evaluation.
[310144] eval_return 4244.0 / eval_length 1504.0 / eval_episodes 5.0
add_video needs package moviepy
Start training.
[310144] model_loss 15.5 / model_grad_norm 25.9 / image_loss 5.2 / reward_loss 0.1 / cont_loss 0.0 / kl_free 1.0 / dyn_scale 0.5 / rep_scale 0.1 / dyn_loss 17.1 / rep_loss 17.1 / kl 17.1 / prior_abs_ent 33.5 / post_abs_ent -27.5 / prior_obs_ent 8.5 / post_obs_ent -6.9 / boundary_ratio 0.0 / kl_mask 0.0 / normed_target_mean 0.6 / normed_target_std 0.3 / normed_target_min -0.0 / normed_target_max 1.1 / EMA_005 73.5 / EMA_095 1152.8 / value_mean 721.7 / value_std 349.7 / value_min 17.9 / value_max 1202.3 / target_mean 723.7 / target_std 351.1 / target_min 21.2 / target_max 1241.9 / imag_reward_mean 2.0 / imag_reward_std 4.8 / imag_reward_min -0.0 / imag_reward_max 27.9 / imag_action_mean 8.1 / imag_action_std 5.4 / imag_action_min 0.0 / imag_action_max 17.0 / actor_entropy 0.4 / actor_loss 0.5 / actor_grad_norm 8.5 / value_loss 1.3 / value_grad_norm 1.4 / update_count 75136.0 / fps 11.8
add_video needs package moviepy
add_video needs package moviepy
[310768] 
Start evaluation.
[310768] eval_return 4476.0 / eval_length 1449.8 / eval_episodes 5.0
add_video needs package moviepy
Start training.
[310768] model_loss 15.4 / model_grad_norm 23.7 / image_loss 5.1 / reward_loss 0.1 / cont_loss 0.0 / kl_free 1.0 / dyn_scale 0.5 / rep_scale 0.1 / dyn_loss 17.0 / rep_loss 17.0 / kl 17.0 / prior_abs_ent 33.7 / post_abs_ent -27.6 / prior_obs_ent 8.3 / post_obs_ent -7.0 / boundary_ratio 0.0 / kl_mask 0.0 / normed_target_mean 0.6 / normed_target_std 0.3 / normed_target_min -0.1 / normed_target_max 1.1 / EMA_005 76.8 / EMA_095 1149.4 / value_mean 738.2 / value_std 335.9 / value_min 14.8 / value_max 1208.1 / target_mean 739.8 / target_std 337.1 / target_min 17.8 / target_max 1245.6 / imag_reward_mean 2.0 / imag_reward_std 4.8 / imag_reward_min -0.0 / imag_reward_max 26.1 / imag_action_mean 8.2 / imag_action_std 5.4 / imag_action_min 0.0 / imag_action_max 17.0 / actor_entropy 0.4 / actor_loss 0.3 / actor_grad_norm 8.6 / value_loss 1.3 / value_grad_norm 1.3 / update_count 75292.0 / fps 11.9
add_video needs package moviepy
add_video needs package moviepy
[311392] 
Start evaluation.
[311392] eval_return 4342.0 / eval_length 1430.6 / eval_episodes 5.0
add_video needs package moviepy
Start training.
[311392] model_loss 15.6 / model_grad_norm 25.3 / image_loss 5.3 / reward_loss 0.1 / cont_loss 0.0 / kl_free 1.0 / dyn_scale 0.5 / rep_scale 0.1 / dyn_loss 17.0 / rep_loss 17.0 / kl 17.0 / prior_abs_ent 34.0 / post_abs_ent -27.6 / prior_obs_ent 8.0 / post_obs_ent -7.3 / boundary_ratio 0.0 / kl_mask 0.0 / normed_target_mean 0.6 / normed_target_std 0.3 / normed_target_min -0.1 / normed_target_max 1.1 / EMA_005 73.0 / EMA_095 1148.0 / value_mean 719.7 / value_std 350.2 / value_min 15.1 / value_max 1203.9 / target_mean 721.7 / target_std 351.7 / target_min 15.4 / target_max 1246.4 / imag_reward_mean 2.0 / imag_reward_std 4.8 / imag_reward_min -0.0 / imag_reward_max 25.4 / imag_action_mean 8.4 / imag_action_std 5.4 / imag_action_min 0.0 / imag_action_max 17.0 / actor_entropy 0.4 / actor_loss 0.5 / actor_grad_norm 9.0 / value_loss 1.3 / value_grad_norm 1.5 / update_count 75448.0 / fps 12.0
add_video needs package moviepy
add_video needs package moviepy
[311696] dataset_size 77924.0 / train_return 3310.0 / train_length 1473.0 / train_episodes 56.0
[312016] 
Start evaluation.
[312016] eval_return 3786.0 / eval_length 1330.4 / eval_episodes 5.0
add_video needs package moviepy
Start training.
[312016] model_loss 15.5 / model_grad_norm 29.6 / image_loss 5.2 / reward_loss 0.1 / cont_loss 0.0 / kl_free 1.0 / dyn_scale 0.5 / rep_scale 0.1 / dyn_loss 17.1 / rep_loss 17.1 / kl 17.1 / prior_abs_ent 34.0 / post_abs_ent -27.6 / prior_obs_ent 8.7 / post_obs_ent -6.7 / boundary_ratio 0.0 / kl_mask 0.0 / normed_target_mean 0.6 / normed_target_std 0.3 / normed_target_min -0.1 / normed_target_max 1.1 / EMA_005 65.2 / EMA_095 1150.8 / value_mean 713.4 / value_std 360.1 / value_min 9.8 / value_max 1208.9 / target_mean 714.6 / target_std 361.2 / target_min 10.4 / target_max 1249.1 / imag_reward_mean 1.9 / imag_reward_std 4.7 / imag_reward_min -0.0 / imag_reward_max 26.2 / imag_action_mean 8.4 / imag_action_std 5.4 / imag_action_min 0.0 / imag_action_max 17.0 / actor_entropy 0.4 / actor_loss 0.1 / actor_grad_norm 9.3 / value_loss 1.3 / value_grad_norm 1.5 / update_count 75604.0 / fps 12.3
add_video needs package moviepy
add_video needs package moviepy
[312640] 
Start evaluation.
[312640] eval_return 4188.0 / eval_length 1393.0 / eval_episodes 5.0
add_video needs package moviepy
Start training.
[312640] model_loss 15.6 / model_grad_norm 28.5 / image_loss 5.2 / reward_loss 0.1 / cont_loss 0.0 / kl_free 1.0 / dyn_scale 0.5 / rep_scale 0.1 / dyn_loss 17.2 / rep_loss 17.2 / kl 17.2 / prior_abs_ent 34.0 / post_abs_ent -27.5 / prior_obs_ent 8.7 / post_obs_ent -6.8 / boundary_ratio 0.0 / kl_mask 0.0 / normed_target_mean 0.6 / normed_target_std 0.3 / normed_target_min -0.1 / normed_target_max 1.1 / EMA_005 68.2 / EMA_095 1156.8 / value_mean 723.9 / value_std 355.4 / value_min 8.9 / value_max 1212.3 / target_mean 725.6 / target_std 356.8 / target_min 9.2 / target_max 1251.4 / imag_reward_mean 1.9 / imag_reward_std 4.7 / imag_reward_min -0.0 / imag_reward_max 26.8 / imag_action_mean 8.4 / imag_action_std 5.4 / imag_action_min 0.0 / imag_action_max 17.0 / actor_entropy 0.4 / actor_loss 0.3 / actor_grad_norm 9.2 / value_loss 1.3 / value_grad_norm 1.4 / update_count 75760.0 / fps 12.1
add_video needs package moviepy
add_video needs package moviepy
[313264] 
Start evaluation.
[313264] eval_return 4184.0 / eval_length 1316.2 / eval_episodes 5.0
add_video needs package moviepy
Start training.
[313264] model_loss 15.5 / model_grad_norm 26.1 / image_loss 5.1 / reward_loss 0.1 / cont_loss 0.0 / kl_free 1.0 / dyn_scale 0.5 / rep_scale 0.1 / dyn_loss 17.1 / rep_loss 17.1 / kl 17.1 / prior_abs_ent 33.7 / post_abs_ent -27.6 / prior_obs_ent 8.2 / post_obs_ent -7.3 / boundary_ratio 0.0 / kl_mask 0.0 / normed_target_mean 0.6 / normed_target_std 0.3 / normed_target_min -0.0 / normed_target_max 1.1 / EMA_005 64.4 / EMA_095 1157.4 / value_mean 730.3 / value_std 353.6 / value_min 12.8 / value_max 1209.8 / target_mean 732.0 / target_std 354.9 / target_min 12.9 / target_max 1249.1 / imag_reward_mean 2.0 / imag_reward_std 4.8 / imag_reward_min -0.0 / imag_reward_max 25.9 / imag_action_mean 8.3 / imag_action_std 5.4 / imag_action_min 0.0 / imag_action_max 17.0 / actor_entropy 0.4 / actor_loss 0.3 / actor_grad_norm 8.7 / value_loss 1.3 / value_grad_norm 1.5 / update_count 75916.0 / fps 12.4
add_video needs package moviepy
add_video needs package moviepy
[313888] 
Start evaluation.
[313888] eval_return 4088.0 / eval_length 1392.0 / eval_episodes 5.0
add_video needs package moviepy
Start training.
[313888] model_loss 15.4 / model_grad_norm 26.6 / image_loss 5.1 / reward_loss 0.1 / cont_loss 0.0 / kl_free 1.0 / dyn_scale 0.5 / rep_scale 0.1 / dyn_loss 17.0 / rep_loss 17.0 / kl 17.0 / prior_abs_ent 33.5 / post_abs_ent -27.5 / prior_obs_ent 8.2 / post_obs_ent -7.1 / boundary_ratio 0.0 / kl_mask 0.0 / normed_target_mean 0.6 / normed_target_std 0.3 / normed_target_min -0.0 / normed_target_max 1.1 / EMA_005 63.9 / EMA_095 1160.1 / value_mean 724.2 / value_std 357.5 / value_min 9.7 / value_max 1207.2 / target_mean 726.2 / target_std 358.7 / target_min 9.4 / target_max 1252.1 / imag_reward_mean 1.9 / imag_reward_std 4.7 / imag_reward_min -0.0 / imag_reward_max 25.6 / imag_action_mean 8.4 / imag_action_std 5.4 / imag_action_min 0.0 / imag_action_max 17.0 / actor_entropy 0.4 / actor_loss 0.4 / actor_grad_norm 8.8 / value_loss 1.3 / value_grad_norm 1.5 / update_count 76072.0 / fps 12.2
add_video needs package moviepy
add_video needs package moviepy
[314512] 
Start evaluation.
[314512] eval_return 3888.0 / eval_length 1387.8 / eval_episodes 5.0
add_video needs package moviepy
Start training.
[314512] model_loss 16.9 / model_grad_norm 82.3 / image_loss 5.8 / reward_loss 0.1 / cont_loss 0.0 / kl_free 1.0 / dyn_scale 0.5 / rep_scale 0.1 / dyn_loss 18.3 / rep_loss 18.3 / kl 18.3 / prior_abs_ent 34.4 / post_abs_ent -27.6 / prior_obs_ent 10.6 / post_obs_ent -5.6 / boundary_ratio 0.0 / kl_mask 0.0 / normed_target_mean 0.6 / normed_target_std 0.3 / normed_target_min -0.0 / normed_target_max 1.1 / EMA_005 61.5 / EMA_095 1161.3 / value_mean 728.2 / value_std 350.6 / value_min 10.2 / value_max 1212.0 / target_mean 729.4 / target_std 351.6 / target_min 11.5 / target_max 1250.5 / imag_reward_mean 1.9 / imag_reward_std 4.7 / imag_reward_min -0.0 / imag_reward_max 26.3 / imag_action_mean 8.3 / imag_action_std 5.3 / imag_action_min 0.0 / imag_action_max 17.0 / actor_entropy 0.4 / actor_loss 0.2 / actor_grad_norm 9.6 / value_loss 1.4 / value_grad_norm 2.0 / update_count 76228.0 / fps 12.2
add_video needs package moviepy
add_video needs package moviepy
[315136] 
Start evaluation.
[315136] eval_return 4496.0 / eval_length 1346.4 / eval_episodes 5.0
add_video needs package moviepy
Start training.
[315136] model_loss 15.9 / model_grad_norm 25.2 / image_loss 5.5 / reward_loss 0.1 / cont_loss 0.0 / kl_free 1.0 / dyn_scale 0.5 / rep_scale 0.1 / dyn_loss 17.2 / rep_loss 17.2 / kl 17.2 / prior_abs_ent 33.5 / post_abs_ent -27.6 / prior_obs_ent 12.3 / post_obs_ent -3.2 / boundary_ratio 0.0 / kl_mask 0.0 / normed_target_mean 0.6 / normed_target_std 0.3 / normed_target_min -0.1 / normed_target_max 1.1 / EMA_005 70.4 / EMA_095 1155.5 / value_mean 725.0 / value_std 349.9 / value_min 14.4 / value_max 1210.3 / target_mean 726.6 / target_std 350.9 / target_min 13.9 / target_max 1251.3 / imag_reward_mean 1.9 / imag_reward_std 4.6 / imag_reward_min -0.0 / imag_reward_max 24.7 / imag_action_mean 8.1 / imag_action_std 5.3 / imag_action_min 0.0 / imag_action_max 17.0 / actor_entropy 0.4 / actor_loss 0.3 / actor_grad_norm 9.2 / value_loss 1.3 / value_grad_norm 1.6 / update_count 76384.0 / fps 12.4
add_video needs package moviepy
add_video needs package moviepy
[315760] 
Start evaluation.
[315760] eval_return 4052.0 / eval_length 1411.4 / eval_episodes 5.0
add_video needs package moviepy
Start training.
[315760] model_loss 15.4 / model_grad_norm 20.8 / image_loss 5.1 / reward_loss 0.1 / cont_loss 0.0 / kl_free 1.0 / dyn_scale 0.5 / rep_scale 0.1 / dyn_loss 16.9 / rep_loss 16.9 / kl 16.9 / prior_abs_ent 33.2 / post_abs_ent -27.6 / prior_obs_ent 9.0 / post_obs_ent -6.3 / boundary_ratio 0.0 / kl_mask 0.0 / normed_target_mean 0.6 / normed_target_std 0.3 / normed_target_min -0.1 / normed_target_max 1.1 / EMA_005 72.5 / EMA_095 1160.9 / value_mean 723.0 / value_std 351.8 / value_min 13.5 / value_max 1213.4 / target_mean 725.0 / target_std 352.8 / target_min 13.0 / target_max 1255.2 / imag_reward_mean 1.9 / imag_reward_std 4.7 / imag_reward_min -0.0 / imag_reward_max 25.6 / imag_action_mean 8.1 / imag_action_std 5.3 / imag_action_min 0.0 / imag_action_max 17.0 / actor_entropy 0.4 / actor_loss 0.4 / actor_grad_norm 8.8 / value_loss 1.3 / value_grad_norm 1.5 / update_count 76540.0 / fps 12.3
add_video needs package moviepy
add_video needs package moviepy
[316384] 
Start evaluation.
[316384] eval_return 3880.0 / eval_length 1384.6 / eval_episodes 5.0
add_video needs package moviepy
Start training.
[316384] model_loss 15.3 / model_grad_norm 24.2 / image_loss 5.1 / reward_loss 0.1 / cont_loss 0.0 / kl_free 1.0 / dyn_scale 0.5 / rep_scale 0.1 / dyn_loss 16.9 / rep_loss 16.9 / kl 16.9 / prior_abs_ent 33.2 / post_abs_ent -27.6 / prior_obs_ent 8.5 / post_obs_ent -6.7 / boundary_ratio 0.0 / kl_mask 0.0 / normed_target_mean 0.6 / normed_target_std 0.3 / normed_target_min -0.1 / normed_target_max 1.1 / EMA_005 77.5 / EMA_095 1166.1 / value_mean 733.2 / value_std 349.5 / value_min 20.3 / value_max 1216.3 / target_mean 735.3 / target_std 350.9 / target_min 22.0 / target_max 1258.7 / imag_reward_mean 2.0 / imag_reward_std 4.8 / imag_reward_min -0.0 / imag_reward_max 25.6 / imag_action_mean 8.3 / imag_action_std 5.3 / imag_action_min 0.0 / imag_action_max 17.0 / actor_entropy 0.4 / actor_loss 0.5 / actor_grad_norm 9.0 / value_loss 1.3 / value_grad_norm 1.5 / update_count 76696.0 / fps 12.3
add_video needs package moviepy
add_video needs package moviepy
[317008] 
Start evaluation.
[317008] eval_return 3794.0 / eval_length 1268.6 / eval_episodes 5.0
add_video needs package moviepy
Start training.
[317008] model_loss 15.3 / model_grad_norm 23.7 / image_loss 5.1 / reward_loss 0.1 / cont_loss 0.0 / kl_free 1.0 / dyn_scale 0.5 / rep_scale 0.1 / dyn_loss 16.9 / rep_loss 16.9 / kl 16.9 / prior_abs_ent 33.6 / post_abs_ent -27.6 / prior_obs_ent 8.0 / post_obs_ent -7.2 / boundary_ratio 0.0 / kl_mask 0.0 / normed_target_mean 0.6 / normed_target_std 0.3 / normed_target_min -0.1 / normed_target_max 1.1 / EMA_005 72.3 / EMA_095 1165.9 / value_mean 728.4 / value_std 356.5 / value_min 10.4 / value_max 1221.8 / target_mean 730.4 / target_std 357.8 / target_min 10.6 / target_max 1258.1 / imag_reward_mean 2.0 / imag_reward_std 4.8 / imag_reward_min -0.0 / imag_reward_max 26.0 / imag_action_mean 8.3 / imag_action_std 5.3 / imag_action_min 0.0 / imag_action_max 17.0 / actor_entropy 0.4 / actor_loss 0.4 / actor_grad_norm 8.8 / value_loss 1.3 / value_grad_norm 1.5 / update_count 76852.0 / fps 12.6
add_video needs package moviepy
add_video needs package moviepy
[317520] dataset_size 79380.0 / train_return 4570.0 / train_length 1456.0 / train_episodes 57.0
[317632] 
Start evaluation.
[317632] eval_return 4178.0 / eval_length 1359.8 / eval_episodes 5.0
add_video needs package moviepy
Start training.
[317632] model_loss 15.3 / model_grad_norm 24.0 / image_loss 5.0 / reward_loss 0.1 / cont_loss 0.0 / kl_free 1.0 / dyn_scale 0.5 / rep_scale 0.1 / dyn_loss 17.0 / rep_loss 17.0 / kl 17.0 / prior_abs_ent 33.5 / post_abs_ent -27.6 / prior_obs_ent 8.2 / post_obs_ent -7.1 / boundary_ratio 0.0 / kl_mask 0.0 / normed_target_mean 0.6 / normed_target_std 0.3 / normed_target_min -0.1 / normed_target_max 1.1 / EMA_005 74.3 / EMA_095 1168.9 / value_mean 725.9 / value_std 352.4 / value_min 15.4 / value_max 1220.6 / target_mean 727.5 / target_std 354.1 / target_min 13.5 / target_max 1259.9 / imag_reward_mean 2.0 / imag_reward_std 4.8 / imag_reward_min -0.0 / imag_reward_max 25.2 / imag_action_mean 8.4 / imag_action_std 5.3 / imag_action_min 0.0 / imag_action_max 17.0 / actor_entropy 0.4 / actor_loss 0.3 / actor_grad_norm 8.9 / value_loss 1.3 / value_grad_norm 1.5 / update_count 77008.0 / fps 12.2
add_video needs package moviepy
add_video needs package moviepy
[318256] 
Start evaluation.
[318256] eval_return 4386.0 / eval_length 1510.2 / eval_episodes 5.0
add_video needs package moviepy
Start training.
[318256] model_loss 15.4 / model_grad_norm 22.9 / image_loss 5.1 / reward_loss 0.1 / cont_loss 0.0 / kl_free 1.0 / dyn_scale 0.5 / rep_scale 0.1 / dyn_loss 17.0 / rep_loss 17.0 / kl 17.0 / prior_abs_ent 33.6 / post_abs_ent -27.6 / prior_obs_ent 8.2 / post_obs_ent -7.1 / boundary_ratio 0.0 / kl_mask 0.0 / normed_target_mean 0.6 / normed_target_std 0.3 / normed_target_min -0.0 / normed_target_max 1.1 / EMA_005 66.1 / EMA_095 1168.9 / value_mean 715.6 / value_std 357.2 / value_min 14.1 / value_max 1225.1 / target_mean 717.4 / target_std 358.4 / target_min 14.2 / target_max 1260.0 / imag_reward_mean 1.9 / imag_reward_std 4.7 / imag_reward_min -0.0 / imag_reward_max 25.6 / imag_action_mean 8.4 / imag_action_std 5.3 / imag_action_min 0.0 / imag_action_max 17.0 / actor_entropy 0.4 / actor_loss 0.3 / actor_grad_norm 9.1 / value_loss 1.3 / value_grad_norm 1.6 / update_count 77164.0 / fps 12.1
add_video needs package moviepy
add_video needs package moviepy
[318880] 
Start evaluation.
[318880] eval_return 3918.0 / eval_length 1392.2 / eval_episodes 5.0
add_video needs package moviepy
Start training.
[318880] model_loss 15.3 / model_grad_norm 24.0 / image_loss 5.1 / reward_loss 0.1 / cont_loss 0.0 / kl_free 1.0 / dyn_scale 0.5 / rep_scale 0.1 / dyn_loss 17.0 / rep_loss 17.0 / kl 17.0 / prior_abs_ent 33.2 / post_abs_ent -27.6 / prior_obs_ent 7.7 / post_obs_ent -7.6 / boundary_ratio 0.0 / kl_mask 0.0 / normed_target_mean 0.6 / normed_target_std 0.3 / normed_target_min -0.0 / normed_target_max 1.1 / EMA_005 69.4 / EMA_095 1170.8 / value_mean 740.5 / value_std 355.3 / value_min 14.7 / value_max 1232.0 / target_mean 742.8 / target_std 356.5 / target_min 14.7 / target_max 1266.0 / imag_reward_mean 2.1 / imag_reward_std 4.9 / imag_reward_min -0.0 / imag_reward_max 25.7 / imag_action_mean 8.4 / imag_action_std 5.2 / imag_action_min 0.0 / imag_action_max 17.0 / actor_entropy 0.4 / actor_loss 0.5 / actor_grad_norm 8.9 / value_loss 1.3 / value_grad_norm 1.5 / update_count 77320.0 / fps 12.2
add_video needs package moviepy
add_video needs package moviepy
[319504] 
Start evaluation.
[319504] eval_return 4034.0 / eval_length 1410.6 / eval_episodes 5.0
add_video needs package moviepy
Start training.
[319504] model_loss 15.4 / model_grad_norm 26.7 / image_loss 5.1 / reward_loss 0.1 / cont_loss 0.0 / kl_free 1.0 / dyn_scale 0.5 / rep_scale 0.1 / dyn_loss 17.0 / rep_loss 17.0 / kl 17.0 / prior_abs_ent 33.5 / post_abs_ent -27.6 / prior_obs_ent 7.7 / post_obs_ent -7.6 / boundary_ratio 0.0 / kl_mask 0.0 / normed_target_mean 0.6 / normed_target_std 0.3 / normed_target_min -0.0 / normed_target_max 1.1 / EMA_005 66.2 / EMA_095 1173.3 / value_mean 741.6 / value_std 352.5 / value_min 15.7 / value_max 1233.5 / target_mean 743.6 / target_std 354.0 / target_min 16.2 / target_max 1266.5 / imag_reward_mean 2.0 / imag_reward_std 4.8 / imag_reward_min -0.0 / imag_reward_max 26.4 / imag_action_mean 8.2 / imag_action_std 5.2 / imag_action_min 0.0 / imag_action_max 17.0 / actor_entropy 0.4 / actor_loss 0.4 / actor_grad_norm 9.0 / value_loss 1.3 / value_grad_norm 1.4 / update_count 77476.0 / fps 12.2
add_video needs package moviepy
add_video needs package moviepy
[320128] 
Start evaluation.
[320128] eval_return 4010.0 / eval_length 1402.8 / eval_episodes 5.0
add_video needs package moviepy
Start training.
[320128] model_loss 15.4 / model_grad_norm 26.2 / image_loss 5.0 / reward_loss 0.1 / cont_loss 0.0 / kl_free 1.0 / dyn_scale 0.5 / rep_scale 0.1 / dyn_loss 17.0 / rep_loss 17.0 / kl 17.0 / prior_abs_ent 33.8 / post_abs_ent -27.6 / prior_obs_ent 7.9 / post_obs_ent -7.4 / boundary_ratio 0.0 / kl_mask 0.0 / normed_target_mean 0.6 / normed_target_std 0.3 / normed_target_min -0.0 / normed_target_max 1.1 / EMA_005 66.6 / EMA_095 1176.1 / value_mean 732.8 / value_std 355.0 / value_min 14.4 / value_max 1241.6 / target_mean 734.7 / target_std 356.7 / target_min 14.3 / target_max 1272.5 / imag_reward_mean 2.0 / imag_reward_std 4.8 / imag_reward_min -0.0 / imag_reward_max 25.8 / imag_action_mean 8.0 / imag_action_std 5.2 / imag_action_min 0.0 / imag_action_max 17.0 / actor_entropy 0.4 / actor_loss 0.4 / actor_grad_norm 8.9 / value_loss 1.3 / value_grad_norm 1.5 / update_count 77632.0 / fps 12.1
add_video needs package moviepy
add_video needs package moviepy
[320752] 
Start evaluation.
[320752] eval_return 3854.0 / eval_length 1374.8 / eval_episodes 5.0
add_video needs package moviepy
Start training.
[320752] model_loss 15.6 / model_grad_norm 27.1 / image_loss 5.2 / reward_loss 0.1 / cont_loss 0.0 / kl_free 1.0 / dyn_scale 0.5 / rep_scale 0.1 / dyn_loss 17.1 / rep_loss 17.1 / kl 17.1 / prior_abs_ent 33.5 / post_abs_ent -27.6 / prior_obs_ent 8.2 / post_obs_ent -7.1 / boundary_ratio 0.0 / kl_mask 0.0 / normed_target_mean 0.6 / normed_target_std 0.3 / normed_target_min -0.0 / normed_target_max 1.1 / EMA_005 70.2 / EMA_095 1179.3 / value_mean 738.4 / value_std 353.5 / value_min 18.5 / value_max 1250.7 / target_mean 740.3 / target_std 355.1 / target_min 19.3 / target_max 1277.9 / imag_reward_mean 2.0 / imag_reward_std 4.8 / imag_reward_min -0.0 / imag_reward_max 26.5 / imag_action_mean 8.0 / imag_action_std 5.2 / imag_action_min 0.0 / imag_action_max 17.0 / actor_entropy 0.4 / actor_loss 0.3 / actor_grad_norm 8.8 / value_loss 1.3 / value_grad_norm 1.4 / update_count 77788.0 / fps 12.3
add_video needs package moviepy
add_video needs package moviepy
[321376] 
Start evaluation.
[321376] eval_return 4210.0 / eval_length 1366.4 / eval_episodes 5.0
add_video needs package moviepy
Start training.
[321376] model_loss 15.5 / model_grad_norm 27.4 / image_loss 5.1 / reward_loss 0.1 / cont_loss 0.0 / kl_free 1.0 / dyn_scale 0.5 / rep_scale 0.1 / dyn_loss 17.1 / rep_loss 17.1 / kl 17.1 / prior_abs_ent 33.6 / post_abs_ent -27.6 / prior_obs_ent 8.0 / post_obs_ent -7.3 / boundary_ratio 0.0 / kl_mask 0.0 / normed_target_mean 0.6 / normed_target_std 0.3 / normed_target_min -0.0 / normed_target_max 1.1 / EMA_005 69.1 / EMA_095 1181.2 / value_mean 735.7 / value_std 355.8 / value_min 21.2 / value_max 1240.6 / target_mean 737.7 / target_std 356.9 / target_min 22.0 / target_max 1270.6 / imag_reward_mean 2.0 / imag_reward_std 4.8 / imag_reward_min -0.0 / imag_reward_max 26.4 / imag_action_mean 8.0 / imag_action_std 5.2 / imag_action_min 0.0 / imag_action_max 17.0 / actor_entropy 0.4 / actor_loss 0.4 / actor_grad_norm 8.7 / value_loss 1.3 / value_grad_norm 1.5 / update_count 77944.0 / fps 12.4
add_video needs package moviepy
add_video needs package moviepy
[322000] 
Start evaluation.
[322000] eval_return 3626.0 / eval_length 1295.2 / eval_episodes 5.0
add_video needs package moviepy
Start training.
[322000] model_loss 15.5 / model_grad_norm 26.7 / image_loss 5.2 / reward_loss 0.1 / cont_loss 0.0 / kl_free 1.0 / dyn_scale 0.5 / rep_scale 0.1 / dyn_loss 17.1 / rep_loss 17.1 / kl 17.1 / prior_abs_ent 33.6 / post_abs_ent -27.6 / prior_obs_ent 7.9 / post_obs_ent -7.5 / boundary_ratio 0.0 / kl_mask 0.0 / normed_target_mean 0.6 / normed_target_std 0.3 / normed_target_min -0.1 / normed_target_max 1.1 / EMA_005 72.1 / EMA_095 1182.8 / value_mean 724.6 / value_std 357.4 / value_min 15.2 / value_max 1255.2 / target_mean 726.6 / target_std 358.8 / target_min 15.3 / target_max 1280.1 / imag_reward_mean 2.0 / imag_reward_std 4.8 / imag_reward_min -0.0 / imag_reward_max 26.7 / imag_action_mean 8.1 / imag_action_std 5.3 / imag_action_min 0.0 / imag_action_max 17.0 / actor_entropy 0.4 / actor_loss 0.5 / actor_grad_norm 9.1 / value_loss 1.3 / value_grad_norm 1.5 / update_count 78100.0 / fps 12.6
add_video needs package moviepy
add_video needs package moviepy
[322624] 
Start evaluation.
[322624] eval_return 3776.0 / eval_length 1381.8 / eval_episodes 5.0
add_video needs package moviepy
Start training.
[322624] model_loss 15.6 / model_grad_norm 27.8 / image_loss 5.2 / reward_loss 0.1 / cont_loss 0.0 / kl_free 1.0 / dyn_scale 0.5 / rep_scale 0.1 / dyn_loss 17.2 / rep_loss 17.2 / kl 17.2 / prior_abs_ent 33.9 / post_abs_ent -27.6 / prior_obs_ent 8.4 / post_obs_ent -7.1 / boundary_ratio 0.0 / kl_mask 0.0 / normed_target_mean 0.6 / normed_target_std 0.3 / normed_target_min -0.1 / normed_target_max 1.1 / EMA_005 70.9 / EMA_095 1185.9 / value_mean 740.1 / value_std 356.5 / value_min 13.8 / value_max 1266.7 / target_mean 742.3 / target_std 357.8 / target_min 14.5 / target_max 1283.1 / imag_reward_mean 2.0 / imag_reward_std 4.8 / imag_reward_min -0.0 / imag_reward_max 26.3 / imag_action_mean 7.9 / imag_action_std 5.2 / imag_action_min 0.0 / imag_action_max 17.0 / actor_entropy 0.4 / actor_loss 0.5 / actor_grad_norm 8.9 / value_loss 1.3 / value_grad_norm 1.5 / update_count 78256.0 / fps 12.3
add_video needs package moviepy
add_video needs package moviepy
[323220] dataset_size 80805.0 / train_return 3660.0 / train_length 1425.0 / train_episodes 58.0
[323248] 
Start evaluation.
[323248] eval_return 4210.0 / eval_length 1370.4 / eval_episodes 5.0
add_video needs package moviepy
Start training.
[323248] model_loss 15.5 / model_grad_norm 26.4 / image_loss 5.1 / reward_loss 0.1 / cont_loss 0.0 / kl_free 1.0 / dyn_scale 0.5 / rep_scale 0.1 / dyn_loss 17.1 / rep_loss 17.1 / kl 17.1 / prior_abs_ent 33.5 / post_abs_ent -27.5 / prior_obs_ent 8.2 / post_obs_ent -7.2 / boundary_ratio 0.0 / kl_mask 0.0 / normed_target_mean 0.6 / normed_target_std 0.3 / normed_target_min -0.0 / normed_target_max 1.1 / EMA_005 65.6 / EMA_095 1187.6 / value_mean 719.4 / value_std 363.2 / value_min 14.1 / value_max 1264.8 / target_mean 721.1 / target_std 364.3 / target_min 16.6 / target_max 1282.9 / imag_reward_mean 2.0 / imag_reward_std 4.8 / imag_reward_min -0.0 / imag_reward_max 25.9 / imag_action_mean 8.0 / imag_action_std 5.3 / imag_action_min 0.0 / imag_action_max 17.0 / actor_entropy 0.4 / actor_loss 0.3 / actor_grad_norm 8.9 / value_loss 1.3 / value_grad_norm 1.5 / update_count 78412.0 / fps 12.3
add_video needs package moviepy
add_video needs package moviepy
[323872] 
Start evaluation.
[323872] eval_return 3978.0 / eval_length 1404.8 / eval_episodes 5.0
add_video needs package moviepy
Start training.
[323872] model_loss 16.2 / model_grad_norm 31.3 / image_loss 5.5 / reward_loss 0.1 / cont_loss 0.0 / kl_free 1.0 / dyn_scale 0.5 / rep_scale 0.1 / dyn_loss 17.6 / rep_loss 17.6 / kl 17.6 / prior_abs_ent 33.9 / post_abs_ent -27.6 / prior_obs_ent 8.7 / post_obs_ent -7.0 / boundary_ratio 0.0 / kl_mask 0.0 / normed_target_mean 0.6 / normed_target_std 0.3 / normed_target_min -0.1 / normed_target_max 1.1 / EMA_005 73.5 / EMA_095 1187.4 / value_mean 732.7 / value_std 358.9 / value_min 11.4 / value_max 1269.3 / target_mean 734.5 / target_std 360.3 / target_min 11.4 / target_max 1284.9 / imag_reward_mean 2.0 / imag_reward_std 4.8 / imag_reward_min -0.0 / imag_reward_max 26.8 / imag_action_mean 7.9 / imag_action_std 5.2 / imag_action_min 0.0 / imag_action_max 17.0 / actor_entropy 0.4 / actor_loss 0.4 / actor_grad_norm 9.4 / value_loss 1.3 / value_grad_norm 1.5 / update_count 78568.0 / fps 12.2
add_video needs package moviepy
add_video needs package moviepy
[324496] 
Start evaluation.
[324496] eval_return 4012.0 / eval_length 1341.2 / eval_episodes 5.0
add_video needs package moviepy
Start training.
[324496] model_loss 16.0 / model_grad_norm 31.6 / image_loss 5.4 / reward_loss 0.1 / cont_loss 0.0 / kl_free 1.0 / dyn_scale 0.5 / rep_scale 0.1 / dyn_loss 17.4 / rep_loss 17.4 / kl 17.4 / prior_abs_ent 34.9 / post_abs_ent -27.5 / prior_obs_ent 9.8 / post_obs_ent -5.9 / boundary_ratio 0.0 / kl_mask 0.0 / normed_target_mean 0.6 / normed_target_std 0.3 / normed_target_min -0.0 / normed_target_max 1.1 / EMA_005 70.8 / EMA_095 1190.5 / value_mean 733.2 / value_std 365.7 / value_min 15.4 / value_max 1278.3 / target_mean 735.0 / target_std 367.1 / target_min 17.1 / target_max 1287.5 / imag_reward_mean 2.0 / imag_reward_std 4.8 / imag_reward_min -0.0 / imag_reward_max 25.4 / imag_action_mean 8.1 / imag_action_std 5.3 / imag_action_min 0.0 / imag_action_max 17.0 / actor_entropy 0.4 / actor_loss 0.4 / actor_grad_norm 9.7 / value_loss 1.3 / value_grad_norm 1.6 / update_count 78724.0 / fps 12.4
add_video needs package moviepy
add_video needs package moviepy
[325120] 
Start evaluation.
[325120] eval_return 4012.0 / eval_length 1447.8 / eval_episodes 5.0
add_video needs package moviepy
Start training.
[325120] model_loss 15.5 / model_grad_norm 26.5 / image_loss 5.1 / reward_loss 0.1 / cont_loss 0.0 / kl_free 1.0 / dyn_scale 0.5 / rep_scale 0.1 / dyn_loss 17.1 / rep_loss 17.1 / kl 17.1 / prior_abs_ent 34.4 / post_abs_ent -27.5 / prior_obs_ent 8.3 / post_obs_ent -7.0 / boundary_ratio 0.0 / kl_mask 0.0 / normed_target_mean 0.6 / normed_target_std 0.3 / normed_target_min -0.0 / normed_target_max 1.1 / EMA_005 69.4 / EMA_095 1192.4 / value_mean 728.3 / value_std 370.0 / value_min 13.4 / value_max 1292.8 / target_mean 730.7 / target_std 371.4 / target_min 13.3 / target_max 1301.5 / imag_reward_mean 2.0 / imag_reward_std 4.8 / imag_reward_min -0.0 / imag_reward_max 27.0 / imag_action_mean 8.1 / imag_action_std 5.2 / imag_action_min 0.0 / imag_action_max 17.0 / actor_entropy 0.4 / actor_loss 0.6 / actor_grad_norm 9.2 / value_loss 1.3 / value_grad_norm 1.6 / update_count 78880.0 / fps 12.1
add_video needs package moviepy
add_video needs package moviepy
[325744] 
Start evaluation.
[325744] eval_return 4080.0 / eval_length 1306.0 / eval_episodes 5.0
add_video needs package moviepy
Start training.
[325744] model_loss 15.5 / model_grad_norm 28.0 / image_loss 5.1 / reward_loss 0.1 / cont_loss 0.0 / kl_free 1.0 / dyn_scale 0.5 / rep_scale 0.1 / dyn_loss 17.2 / rep_loss 17.2 / kl 17.2 / prior_abs_ent 34.2 / post_abs_ent -27.6 / prior_obs_ent 8.7 / post_obs_ent -6.7 / boundary_ratio 0.0 / kl_mask 0.0 / normed_target_mean 0.6 / normed_target_std 0.3 / normed_target_min -0.0 / normed_target_max 1.1 / EMA_005 62.8 / EMA_095 1193.2 / value_mean 741.6 / value_std 365.2 / value_min 10.8 / value_max 1286.6 / target_mean 743.9 / target_std 366.6 / target_min 11.2 / target_max 1298.3 / imag_reward_mean 2.0 / imag_reward_std 4.8 / imag_reward_min -0.0 / imag_reward_max 26.0 / imag_action_mean 8.1 / imag_action_std 5.2 / imag_action_min 0.0 / imag_action_max 17.0 / actor_entropy 0.4 / actor_loss 0.5 / actor_grad_norm 9.3 / value_loss 1.3 / value_grad_norm 1.5 / update_count 79036.0 / fps 12.6
add_video needs package moviepy
add_video needs package moviepy
[326368] 
Start evaluation.
[326368] eval_return 3940.0 / eval_length 1301.4 / eval_episodes 5.0
add_video needs package moviepy
Start training.
[326368] model_loss 15.5 / model_grad_norm 24.8 / image_loss 5.1 / reward_loss 0.1 / cont_loss 0.0 / kl_free 1.0 / dyn_scale 0.5 / rep_scale 0.1 / dyn_loss 17.2 / rep_loss 17.2 / kl 17.2 / prior_abs_ent 34.1 / post_abs_ent -27.6 / prior_obs_ent 8.3 / post_obs_ent -7.1 / boundary_ratio 0.0 / kl_mask 0.0 / normed_target_mean 0.6 / normed_target_std 0.3 / normed_target_min -0.0 / normed_target_max 1.1 / EMA_005 66.9 / EMA_095 1198.0 / value_mean 751.7 / value_std 361.9 / value_min 14.6 / value_max 1292.1 / target_mean 753.6 / target_std 363.4 / target_min 14.6 / target_max 1300.3 / imag_reward_mean 2.0 / imag_reward_std 4.8 / imag_reward_min -0.0 / imag_reward_max 25.4 / imag_action_mean 8.2 / imag_action_std 5.2 / imag_action_min 0.0 / imag_action_max 17.0 / actor_entropy 0.4 / actor_loss 0.4 / actor_grad_norm 9.2 / value_loss 1.3 / value_grad_norm 1.5 / update_count 79192.0 / fps 12.5
add_video needs package moviepy
add_video needs package moviepy
[326992] 
Start evaluation.
[326992] eval_return 3790.0 / eval_length 1320.4 / eval_episodes 5.0
add_video needs package moviepy
Start training.
[326992] model_loss 15.5 / model_grad_norm 25.3 / image_loss 5.1 / reward_loss 0.1 / cont_loss 0.0 / kl_free 1.0 / dyn_scale 0.5 / rep_scale 0.1 / dyn_loss 17.2 / rep_loss 17.2 / kl 17.2 / prior_abs_ent 34.2 / post_abs_ent -27.6 / prior_obs_ent 8.1 / post_obs_ent -7.3 / boundary_ratio 0.0 / kl_mask 0.0 / normed_target_mean 0.6 / normed_target_std 0.3 / normed_target_min -0.0 / normed_target_max 1.1 / EMA_005 65.2 / EMA_095 1199.4 / value_mean 751.1 / value_std 363.7 / value_min 12.3 / value_max 1293.0 / target_mean 753.3 / target_std 365.1 / target_min 13.2 / target_max 1303.2 / imag_reward_mean 2.0 / imag_reward_std 4.8 / imag_reward_min -0.0 / imag_reward_max 26.3 / imag_action_mean 8.2 / imag_action_std 5.1 / imag_action_min 0.0 / imag_action_max 17.0 / actor_entropy 0.4 / actor_loss 0.5 / actor_grad_norm 9.3 / value_loss 1.3 / value_grad_norm 1.5 / update_count 79348.0 / fps 12.5
add_video needs package moviepy
add_video needs package moviepy
[327616] 
Start evaluation.
[327616] eval_return 4288.0 / eval_length 1414.0 / eval_episodes 5.0
add_video needs package moviepy
Start training.
[327616] model_loss 15.6 / model_grad_norm 26.7 / image_loss 5.2 / reward_loss 0.1 / cont_loss 0.0 / kl_free 1.0 / dyn_scale 0.5 / rep_scale 0.1 / dyn_loss 17.3 / rep_loss 17.3 / kl 17.3 / prior_abs_ent 34.1 / post_abs_ent -27.6 / prior_obs_ent 7.8 / post_obs_ent -7.8 / boundary_ratio 0.0 / kl_mask 0.0 / normed_target_mean 0.6 / normed_target_std 0.3 / normed_target_min -0.0 / normed_target_max 1.1 / EMA_005 66.9 / EMA_095 1202.6 / value_mean 752.6 / value_std 364.9 / value_min 14.5 / value_max 1297.2 / target_mean 755.0 / target_std 366.3 / target_min 13.4 / target_max 1306.2 / imag_reward_mean 2.1 / imag_reward_std 4.9 / imag_reward_min -0.0 / imag_reward_max 26.1 / imag_action_mean 8.1 / imag_action_std 5.1 / imag_action_min 0.0 / imag_action_max 17.0 / actor_entropy 0.4 / actor_loss 0.6 / actor_grad_norm 9.6 / value_loss 1.3 / value_grad_norm 1.5 / update_count 79504.0 / fps 12.1
add_video needs package moviepy
add_video needs package moviepy
[328240] 
Start evaluation.
[328240] eval_return 3730.0 / eval_length 1379.4 / eval_episodes 5.0
add_video needs package moviepy
Start training.
[328240] model_loss 15.7 / model_grad_norm 27.3 / image_loss 5.2 / reward_loss 0.1 / cont_loss 0.0 / kl_free 1.0 / dyn_scale 0.5 / rep_scale 0.1 / dyn_loss 17.3 / rep_loss 17.3 / kl 17.3 / prior_abs_ent 34.0 / post_abs_ent -27.6 / prior_obs_ent 8.6 / post_obs_ent -6.9 / boundary_ratio 0.0 / kl_mask 0.0 / normed_target_mean 0.6 / normed_target_std 0.3 / normed_target_min -0.0 / normed_target_max 1.1 / EMA_005 69.5 / EMA_095 1201.1 / value_mean 745.9 / value_std 362.6 / value_min 18.0 / value_max 1303.8 / target_mean 748.1 / target_std 363.9 / target_min 18.1 / target_max 1309.6 / imag_reward_mean 2.0 / imag_reward_std 4.8 / imag_reward_min -0.0 / imag_reward_max 25.6 / imag_action_mean 8.0 / imag_action_std 5.2 / imag_action_min 0.0 / imag_action_max 17.0 / actor_entropy 0.4 / actor_loss 0.4 / actor_grad_norm 9.3 / value_loss 1.3 / value_grad_norm 1.6 / update_count 79660.0 / fps 12.3
add_video needs package moviepy
add_video needs package moviepy
[328864] 
Start evaluation.
[328864] eval_return 4202.0 / eval_length 1403.0 / eval_episodes 5.0
add_video needs package moviepy
Start training.
[328864] model_loss 15.6 / model_grad_norm 28.5 / image_loss 5.2 / reward_loss 0.1 / cont_loss 0.0 / kl_free 1.0 / dyn_scale 0.5 / rep_scale 0.1 / dyn_loss 17.1 / rep_loss 17.1 / kl 17.1 / prior_abs_ent 33.8 / post_abs_ent -27.6 / prior_obs_ent 8.2 / post_obs_ent -7.2 / boundary_ratio 0.0 / kl_mask 0.0 / normed_target_mean 0.6 / normed_target_std 0.3 / normed_target_min -0.1 / normed_target_max 1.1 / EMA_005 72.9 / EMA_095 1201.3 / value_mean 748.9 / value_std 363.8 / value_min 16.2 / value_max 1311.2 / target_mean 750.6 / target_std 365.2 / target_min 14.9 / target_max 1315.6 / imag_reward_mean 2.0 / imag_reward_std 4.8 / imag_reward_min -0.0 / imag_reward_max 25.9 / imag_action_mean 7.9 / imag_action_std 5.2 / imag_action_min 0.0 / imag_action_max 17.0 / actor_entropy 0.4 / actor_loss 0.3 / actor_grad_norm 9.3 / value_loss 1.3 / value_grad_norm 1.5 / update_count 79816.0 / fps 12.3
add_video needs package moviepy
add_video needs package moviepy
[328868] dataset_size 82217.0 / train_return 4200.0 / train_length 1412.0 / train_episodes 59.0
[329488] 
Start evaluation.
[329488] eval_return 4226.0 / eval_length 1365.2 / eval_episodes 5.0
add_video needs package moviepy
Start training.
[329488] model_loss 15.7 / model_grad_norm 27.3 / image_loss 5.2 / reward_loss 0.1 / cont_loss 0.0 / kl_free 1.0 / dyn_scale 0.5 / rep_scale 0.1 / dyn_loss 17.3 / rep_loss 17.3 / kl 17.3 / prior_abs_ent 34.0 / post_abs_ent -27.6 / prior_obs_ent 8.4 / post_obs_ent -7.2 / boundary_ratio 0.0 / kl_mask 0.0 / normed_target_mean 0.6 / normed_target_std 0.3 / normed_target_min -0.0 / normed_target_max 1.1 / EMA_005 68.9 / EMA_095 1205.9 / value_mean 749.3 / value_std 367.0 / value_min 15.1 / value_max 1312.7 / target_mean 751.1 / target_std 368.5 / target_min 14.4 / target_max 1318.6 / imag_reward_mean 2.0 / imag_reward_std 4.8 / imag_reward_min -0.0 / imag_reward_max 25.4 / imag_action_mean 8.0 / imag_action_std 5.2 / imag_action_min 0.0 / imag_action_max 17.0 / actor_entropy 0.4 / actor_loss 0.4 / actor_grad_norm 9.5 / value_loss 1.3 / value_grad_norm 1.5 / update_count 79972.0 / fps 12.3
add_video needs package moviepy
add_video needs package moviepy
[330112] 
Start evaluation.
[330112] eval_return 3860.0 / eval_length 1260.0 / eval_episodes 5.0
add_video needs package moviepy
Start training.
[330112] model_loss 15.5 / model_grad_norm 27.0 / image_loss 5.1 / reward_loss 0.1 / cont_loss 0.0 / kl_free 1.0 / dyn_scale 0.5 / rep_scale 0.1 / dyn_loss 17.1 / rep_loss 17.1 / kl 17.1 / prior_abs_ent 33.9 / post_abs_ent -27.6 / prior_obs_ent 8.3 / post_obs_ent -7.1 / boundary_ratio 0.0 / kl_mask 0.0 / normed_target_mean 0.6 / normed_target_std 0.3 / normed_target_min -0.0 / normed_target_max 1.1 / EMA_005 69.8 / EMA_095 1208.2 / value_mean 743.7 / value_std 366.6 / value_min 16.3 / value_max 1308.6 / target_mean 745.7 / target_std 368.0 / target_min 17.4 / target_max 1313.0 / imag_reward_mean 2.0 / imag_reward_std 4.8 / imag_reward_min -0.0 / imag_reward_max 26.2 / imag_action_mean 8.1 / imag_action_std 5.2 / imag_action_min 0.0 / imag_action_max 17.0 / actor_entropy 0.4 / actor_loss 0.5 / actor_grad_norm 9.4 / value_loss 1.3 / value_grad_norm 1.5 / update_count 80128.0 / fps 12.6
add_video needs package moviepy
add_video needs package moviepy
[330736] 
Start evaluation.
[330736] eval_return 3926.0 / eval_length 1297.0 / eval_episodes 5.0
add_video needs package moviepy
Start training.
[330736] model_loss 15.6 / model_grad_norm 27.2 / image_loss 5.1 / reward_loss 0.1 / cont_loss 0.0 / kl_free 1.0 / dyn_scale 0.5 / rep_scale 0.1 / dyn_loss 17.3 / rep_loss 17.3 / kl 17.3 / prior_abs_ent 34.0 / post_abs_ent -27.5 / prior_obs_ent 8.0 / post_obs_ent -7.5 / boundary_ratio 0.0 / kl_mask 0.0 / normed_target_mean 0.6 / normed_target_std 0.3 / normed_target_min -0.0 / normed_target_max 1.1 / EMA_005 62.6 / EMA_095 1205.6 / value_mean 726.8 / value_std 375.1 / value_min 16.5 / value_max 1314.8 / target_mean 729.1 / target_std 376.7 / target_min 16.0 / target_max 1320.0 / imag_reward_mean 2.0 / imag_reward_std 4.8 / imag_reward_min -0.0 / imag_reward_max 25.7 / imag_action_mean 8.3 / imag_action_std 5.2 / imag_action_min 0.0 / imag_action_max 17.0 / actor_entropy 0.4 / actor_loss 0.5 / actor_grad_norm 9.6 / value_loss 1.3 / value_grad_norm 1.7 / update_count 80284.0 / fps 12.5
add_video needs package moviepy
add_video needs package moviepy
[331360] 
Start evaluation.
[331360] eval_return 4574.0 / eval_length 1427.6 / eval_episodes 5.0
add_video needs package moviepy
Start training.
[331360] model_loss 15.7 / model_grad_norm 29.2 / image_loss 5.2 / reward_loss 0.1 / cont_loss 0.0 / kl_free 1.0 / dyn_scale 0.5 / rep_scale 0.1 / dyn_loss 17.3 / rep_loss 17.3 / kl 17.3 / prior_abs_ent 33.9 / post_abs_ent -27.5 / prior_obs_ent 8.2 / post_obs_ent -7.3 / boundary_ratio 0.0 / kl_mask 0.0 / normed_target_mean 0.6 / normed_target_std 0.3 / normed_target_min -0.0 / normed_target_max 1.1 / EMA_005 66.7 / EMA_095 1212.7 / value_mean 766.2 / value_std 367.1 / value_min 16.4 / value_max 1325.2 / target_mean 768.3 / target_std 368.6 / target_min 16.4 / target_max 1328.3 / imag_reward_mean 2.0 / imag_reward_std 4.8 / imag_reward_min -0.0 / imag_reward_max 26.6 / imag_action_mean 8.1 / imag_action_std 5.2 / imag_action_min 0.0 / imag_action_max 17.0 / actor_entropy 0.4 / actor_loss 0.4 / actor_grad_norm 9.2 / value_loss 1.2 / value_grad_norm 1.5 / update_count 80440.0 / fps 12.1
add_video needs package moviepy
add_video needs package moviepy
[331984] 
Start evaluation.
[331984] eval_return 4178.0 / eval_length 1435.0 / eval_episodes 5.0
add_video needs package moviepy
Start training.
[331984] model_loss 15.7 / model_grad_norm 25.1 / image_loss 5.2 / reward_loss 0.1 / cont_loss 0.0 / kl_free 1.0 / dyn_scale 0.5 / rep_scale 0.1 / dyn_loss 17.2 / rep_loss 17.2 / kl 17.2 / prior_abs_ent 34.0 / post_abs_ent -27.5 / prior_obs_ent 8.5 / post_obs_ent -7.0 / boundary_ratio 0.0 / kl_mask 0.0 / normed_target_mean 0.6 / normed_target_std 0.3 / normed_target_min -0.0 / normed_target_max 1.1 / EMA_005 66.0 / EMA_095 1211.4 / value_mean 737.3 / value_std 369.7 / value_min 12.7 / value_max 1319.3 / target_mean 739.4 / target_std 371.2 / target_min 11.2 / target_max 1323.8 / imag_reward_mean 2.0 / imag_reward_std 4.8 / imag_reward_min -0.0 / imag_reward_max 25.9 / imag_action_mean 8.1 / imag_action_std 5.1 / imag_action_min 0.0 / imag_action_max 17.0 / actor_entropy 0.4 / actor_loss 0.5 / actor_grad_norm 9.6 / value_loss 1.3 / value_grad_norm 1.5 / update_count 80596.0 / fps 12.1
add_video needs package moviepy
add_video needs package moviepy
[332608] 
Start evaluation.
[332608] eval_return 4354.0 / eval_length 1356.8 / eval_episodes 5.0
add_video needs package moviepy
Start training.
[332608] model_loss 15.6 / model_grad_norm 26.8 / image_loss 5.1 / reward_loss 0.1 / cont_loss 0.0 / kl_free 1.0 / dyn_scale 0.5 / rep_scale 0.1 / dyn_loss 17.3 / rep_loss 17.3 / kl 17.3 / prior_abs_ent 33.7 / post_abs_ent -27.6 / prior_obs_ent 8.2 / post_obs_ent -7.4 / boundary_ratio 0.0 / kl_mask 0.0 / normed_target_mean 0.6 / normed_target_std 0.3 / normed_target_min -0.0 / normed_target_max 1.1 / EMA_005 67.0 / EMA_095 1215.3 / value_mean 756.1 / value_std 372.0 / value_min 12.5 / value_max 1330.3 / target_mean 758.1 / target_std 373.1 / target_min 13.7 / target_max 1334.9 / imag_reward_mean 2.0 / imag_reward_std 4.8 / imag_reward_min -0.0 / imag_reward_max 25.7 / imag_action_mean 8.1 / imag_action_std 5.2 / imag_action_min 0.0 / imag_action_max 17.0 / actor_entropy 0.4 / actor_loss 0.4 / actor_grad_norm 9.7 / value_loss 1.3 / value_grad_norm 1.4 / update_count 80752.0 / fps 12.3
add_video needs package moviepy
add_video needs package moviepy
[333232] 
Start evaluation.
[333232] eval_return 4088.0 / eval_length 1335.6 / eval_episodes 5.0
add_video needs package moviepy
Start training.
[333232] model_loss 15.6 / model_grad_norm 25.5 / image_loss 5.0 / reward_loss 0.1 / cont_loss 0.0 / kl_free 1.0 / dyn_scale 0.5 / rep_scale 0.1 / dyn_loss 17.4 / rep_loss 17.4 / kl 17.4 / prior_abs_ent 33.8 / post_abs_ent -27.6 / prior_obs_ent 8.1 / post_obs_ent -7.5 / boundary_ratio 0.0 / kl_mask 0.0 / normed_target_mean 0.6 / normed_target_std 0.3 / normed_target_min -0.1 / normed_target_max 1.1 / EMA_005 79.5 / EMA_095 1219.6 / value_mean 776.1 / value_std 361.7 / value_min 20.4 / value_max 1331.5 / target_mean 778.3 / target_std 363.2 / target_min 21.8 / target_max 1334.1 / imag_reward_mean 2.1 / imag_reward_std 4.9 / imag_reward_min -0.0 / imag_reward_max 26.6 / imag_action_mean 8.1 / imag_action_std 5.2 / imag_action_min 0.0 / imag_action_max 17.0 / actor_entropy 0.4 / actor_loss 0.5 / actor_grad_norm 9.6 / value_loss 1.3 / value_grad_norm 1.5 / update_count 80908.0 / fps 12.5
add_video needs package moviepy
add_video needs package moviepy
[333652] dataset_size 83413.0 / train_return 3760.0 / train_length 1196.0 / train_episodes 60.0
[333856] 
Start evaluation.
[333856] eval_return 4684.0 / eval_length 1460.2 / eval_episodes 5.0
add_video needs package moviepy
Start training.
[333856] model_loss 15.7 / model_grad_norm 27.8 / image_loss 5.1 / reward_loss 0.1 / cont_loss 0.0 / kl_free 1.0 / dyn_scale 0.5 / rep_scale 0.1 / dyn_loss 17.4 / rep_loss 17.4 / kl 17.4 / prior_abs_ent 34.1 / post_abs_ent -27.5 / prior_obs_ent 8.9 / post_obs_ent -6.8 / boundary_ratio 0.0 / kl_mask 0.0 / normed_target_mean 0.6 / normed_target_std 0.3 / normed_target_min -0.1 / normed_target_max 1.1 / EMA_005 81.8 / EMA_095 1220.4 / value_mean 756.4 / value_std 369.1 / value_min 12.2 / value_max 1327.8 / target_mean 758.1 / target_std 370.2 / target_min 12.4 / target_max 1331.4 / imag_reward_mean 2.0 / imag_reward_std 4.8 / imag_reward_min -0.0 / imag_reward_max 26.3 / imag_action_mean 8.1 / imag_action_std 5.2 / imag_action_min 0.0 / imag_action_max 17.0 / actor_entropy 0.4 / actor_loss 0.3 / actor_grad_norm 9.6 / value_loss 1.3 / value_grad_norm 1.6 / update_count 81064.0 / fps 12.1
add_video needs package moviepy
add_video needs package moviepy
[334480] 
Start evaluation.
[334480] eval_return 4882.0 / eval_length 1449.8 / eval_episodes 5.0
add_video needs package moviepy
Start training.
[334480] model_loss 15.7 / model_grad_norm 25.2 / image_loss 5.2 / reward_loss 0.1 / cont_loss 0.0 / kl_free 1.0 / dyn_scale 0.5 / rep_scale 0.1 / dyn_loss 17.3 / rep_loss 17.3 / kl 17.3 / prior_abs_ent 33.8 / post_abs_ent -27.5 / prior_obs_ent 8.5 / post_obs_ent -7.0 / boundary_ratio 0.0 / kl_mask 0.0 / normed_target_mean 0.6 / normed_target_std 0.3 / normed_target_min -0.1 / normed_target_max 1.1 / EMA_005 77.8 / EMA_095 1218.5 / value_mean 754.8 / value_std 360.2 / value_min 16.3 / value_max 1321.6 / target_mean 757.0 / target_std 361.6 / target_min 18.1 / target_max 1328.0 / imag_reward_mean 2.0 / imag_reward_std 4.8 / imag_reward_min -0.0 / imag_reward_max 26.7 / imag_action_mean 8.2 / imag_action_std 5.2 / imag_action_min 0.0 / imag_action_max 17.0 / actor_entropy 0.4 / actor_loss 0.4 / actor_grad_norm 9.6 / value_loss 1.3 / value_grad_norm 1.5 / update_count 81220.0 / fps 12.1
add_video needs package moviepy
add_video needs package moviepy
[335104] 
Start evaluation.
[335104] eval_return 4288.0 / eval_length 1250.0 / eval_episodes 5.0
add_video needs package moviepy
Start training.
[335104] model_loss 15.7 / model_grad_norm 26.0 / image_loss 5.2 / reward_loss 0.1 / cont_loss 0.0 / kl_free 1.0 / dyn_scale 0.5 / rep_scale 0.1 / dyn_loss 17.4 / rep_loss 17.4 / kl 17.4 / prior_abs_ent 34.0 / post_abs_ent -27.5 / prior_obs_ent 8.5 / post_obs_ent -7.1 / boundary_ratio 0.0 / kl_mask 0.0 / normed_target_mean 0.6 / normed_target_std 0.3 / normed_target_min -0.1 / normed_target_max 1.1 / EMA_005 71.8 / EMA_095 1218.3 / value_mean 762.7 / value_std 374.8 / value_min 12.0 / value_max 1326.8 / target_mean 764.5 / target_std 375.9 / target_min 12.2 / target_max 1335.3 / imag_reward_mean 2.1 / imag_reward_std 4.9 / imag_reward_min -0.0 / imag_reward_max 25.5 / imag_action_mean 8.2 / imag_action_std 5.3 / imag_action_min 0.0 / imag_action_max 17.0 / actor_entropy 0.4 / actor_loss 0.3 / actor_grad_norm 8.7 / value_loss 1.3 / value_grad_norm 1.5 / update_count 81376.0 / fps 12.7
add_video needs package moviepy
add_video needs package moviepy
[335728] 
Start evaluation.
[335728] eval_return 5034.0 / eval_length 1460.6 / eval_episodes 5.0
add_video needs package moviepy
Start training.
[335728] model_loss 15.7 / model_grad_norm 25.8 / image_loss 5.3 / reward_loss 0.1 / cont_loss 0.0 / kl_free 1.0 / dyn_scale 0.5 / rep_scale 0.1 / dyn_loss 17.3 / rep_loss 17.3 / kl 17.3 / prior_abs_ent 33.7 / post_abs_ent -27.5 / prior_obs_ent 8.5 / post_obs_ent -7.1 / boundary_ratio 0.0 / kl_mask 0.0 / normed_target_mean 0.6 / normed_target_std 0.3 / normed_target_min -0.1 / normed_target_max 1.1 / EMA_005 71.5 / EMA_095 1219.5 / value_mean 746.5 / value_std 369.4 / value_min 12.5 / value_max 1326.5 / target_mean 748.4 / target_std 370.6 / target_min 13.0 / target_max 1334.1 / imag_reward_mean 2.0 / imag_reward_std 4.8 / imag_reward_min -0.0 / imag_reward_max 25.7 / imag_action_mean 8.2 / imag_action_std 5.3 / imag_action_min 0.0 / imag_action_max 17.0 / actor_entropy 0.4 / actor_loss 0.4 / actor_grad_norm 9.2 / value_loss 1.3 / value_grad_norm 1.5 / update_count 81532.0 / fps 12.1
add_video needs package moviepy
add_video needs package moviepy
[336352] 
Start evaluation.
[336352] eval_return 4736.0 / eval_length 1444.4 / eval_episodes 5.0
add_video needs package moviepy
Start training.
[336352] model_loss 15.6 / model_grad_norm 27.3 / image_loss 5.1 / reward_loss 0.1 / cont_loss 0.0 / kl_free 1.0 / dyn_scale 0.5 / rep_scale 0.1 / dyn_loss 17.4 / rep_loss 17.4 / kl 17.4 / prior_abs_ent 34.0 / post_abs_ent -27.6 / prior_obs_ent 8.3 / post_obs_ent -7.3 / boundary_ratio 0.0 / kl_mask 0.0 / normed_target_mean 0.6 / normed_target_std 0.3 / normed_target_min -0.0 / normed_target_max 1.1 / EMA_005 66.3 / EMA_095 1221.1 / value_mean 766.4 / value_std 375.7 / value_min 16.9 / value_max 1335.4 / target_mean 768.0 / target_std 377.0 / target_min 18.5 / target_max 1342.3 / imag_reward_mean 2.1 / imag_reward_std 4.9 / imag_reward_min -0.0 / imag_reward_max 25.9 / imag_action_mean 8.3 / imag_action_std 5.3 / imag_action_min 0.0 / imag_action_max 17.0 / actor_entropy 0.4 / actor_loss 0.3 / actor_grad_norm 9.5 / value_loss 1.3 / value_grad_norm 1.4 / update_count 81688.0 / fps 12.1
add_video needs package moviepy
add_video needs package moviepy
[336976] 
Start evaluation.
[336976] eval_return 4498.0 / eval_length 1323.8 / eval_episodes 5.0
add_video needs package moviepy
Start training.
[336976] model_loss 15.6 / model_grad_norm 25.0 / image_loss 5.1 / reward_loss 0.1 / cont_loss 0.0 / kl_free 1.0 / dyn_scale 0.5 / rep_scale 0.1 / dyn_loss 17.3 / rep_loss 17.3 / kl 17.3 / prior_abs_ent 33.6 / post_abs_ent -27.5 / prior_obs_ent 8.4 / post_obs_ent -7.2 / boundary_ratio 0.0 / kl_mask 0.0 / normed_target_mean 0.6 / normed_target_std 0.3 / normed_target_min -0.0 / normed_target_max 1.1 / EMA_005 71.2 / EMA_095 1224.3 / value_mean 759.0 / value_std 370.1 / value_min 16.3 / value_max 1331.3 / target_mean 760.9 / target_std 371.3 / target_min 17.6 / target_max 1340.5 / imag_reward_mean 2.1 / imag_reward_std 4.9 / imag_reward_min -0.0 / imag_reward_max 25.2 / imag_action_mean 8.4 / imag_action_std 5.3 / imag_action_min 0.0 / imag_action_max 17.0 / actor_entropy 0.4 / actor_loss 0.4 / actor_grad_norm 9.6 / value_loss 1.3 / value_grad_norm 1.5 / update_count 81844.0 / fps 12.5
add_video needs package moviepy
add_video needs package moviepy
[337600] 
Start evaluation.
[337600] eval_return 4972.0 / eval_length 1525.2 / eval_episodes 5.0
add_video needs package moviepy
Start training.
[337600] model_loss 15.7 / model_grad_norm 28.3 / image_loss 5.2 / reward_loss 0.1 / cont_loss 0.0 / kl_free 1.0 / dyn_scale 0.5 / rep_scale 0.1 / dyn_loss 17.3 / rep_loss 17.3 / kl 17.3 / prior_abs_ent 34.0 / post_abs_ent -27.5 / prior_obs_ent 8.5 / post_obs_ent -7.1 / boundary_ratio 0.0 / kl_mask 0.0 / normed_target_mean 0.6 / normed_target_std 0.3 / normed_target_min -0.0 / normed_target_max 1.1 / EMA_005 69.4 / EMA_095 1226.8 / value_mean 743.5 / value_std 374.0 / value_min 10.9 / value_max 1341.2 / target_mean 745.1 / target_std 375.4 / target_min 12.2 / target_max 1346.7 / imag_reward_mean 2.0 / imag_reward_std 4.8 / imag_reward_min -0.0 / imag_reward_max 25.4 / imag_action_mean 8.3 / imag_action_std 5.3 / imag_action_min 0.0 / imag_action_max 17.0 / actor_entropy 0.4 / actor_loss 0.2 / actor_grad_norm 10.0 / value_loss 1.3 / value_grad_norm 1.6 / update_count 82000.0 / fps 11.7
add_video needs package moviepy
add_video needs package moviepy
[338224] 
Start evaluation.
[338224] eval_return 4464.0 / eval_length 1342.4 / eval_episodes 5.0
add_video needs package moviepy
Start training.
[338224] model_loss 15.7 / model_grad_norm 24.8 / image_loss 5.1 / reward_loss 0.1 / cont_loss 0.0 / kl_free 1.0 / dyn_scale 0.5 / rep_scale 0.1 / dyn_loss 17.4 / rep_loss 17.4 / kl 17.4 / prior_abs_ent 34.4 / post_abs_ent -27.5 / prior_obs_ent 8.6 / post_obs_ent -7.1 / boundary_ratio 0.0 / kl_mask 0.0 / normed_target_mean 0.6 / normed_target_std 0.3 / normed_target_min -0.0 / normed_target_max 1.1 / EMA_005 67.3 / EMA_095 1230.6 / value_mean 770.4 / value_std 373.7 / value_min 17.1 / value_max 1346.4 / target_mean 772.4 / target_std 375.2 / target_min 19.6 / target_max 1354.7 / imag_reward_mean 2.1 / imag_reward_std 4.9 / imag_reward_min -0.0 / imag_reward_max 26.4 / imag_action_mean 8.5 / imag_action_std 5.3 / imag_action_min 0.0 / imag_action_max 17.0 / actor_entropy 0.4 / actor_loss 0.4 / actor_grad_norm 9.7 / value_loss 1.3 / value_grad_norm 1.5 / update_count 82156.0 / fps 12.2
add_video needs package moviepy
add_video needs package moviepy
[338848] 
Start evaluation.
[338848] eval_return 4028.0 / eval_length 1349.6 / eval_episodes 5.0
add_video needs package moviepy
Start training.
[338848] model_loss 15.8 / model_grad_norm 28.1 / image_loss 5.2 / reward_loss 0.1 / cont_loss 0.0 / kl_free 1.0 / dyn_scale 0.5 / rep_scale 0.1 / dyn_loss 17.4 / rep_loss 17.4 / kl 17.4 / prior_abs_ent 34.0 / post_abs_ent -27.5 / prior_obs_ent 8.5 / post_obs_ent -7.2 / boundary_ratio 0.0 / kl_mask 0.0 / normed_target_mean 0.6 / normed_target_std 0.3 / normed_target_min -0.0 / normed_target_max 1.1 / EMA_005 77.2 / EMA_095 1235.5 / value_mean 770.1 / value_std 369.5 / value_min 23.1 / value_max 1345.6 / target_mean 771.9 / target_std 370.8 / target_min 23.3 / target_max 1354.8 / imag_reward_mean 2.1 / imag_reward_std 4.9 / imag_reward_min -0.0 / imag_reward_max 26.2 / imag_action_mean 8.7 / imag_action_std 5.4 / imag_action_min 0.0 / imag_action_max 17.0 / actor_entropy 0.4 / actor_loss 0.4 / actor_grad_norm 9.7 / value_loss 1.3 / value_grad_norm 1.5 / update_count 82312.0 / fps 12.2
add_video needs package moviepy
add_video needs package moviepy
[339472] 
Start evaluation.
[339472] eval_return 3516.0 / eval_length 1229.4 / eval_episodes 5.0
add_video needs package moviepy
Start training.
[339472] model_loss 15.7 / model_grad_norm 24.7 / image_loss 5.2 / reward_loss 0.1 / cont_loss 0.0 / kl_free 1.0 / dyn_scale 0.5 / rep_scale 0.1 / dyn_loss 17.4 / rep_loss 17.4 / kl 17.4 / prior_abs_ent 33.9 / post_abs_ent -27.6 / prior_obs_ent 8.0 / post_obs_ent -7.6 / boundary_ratio 0.0 / kl_mask 0.0 / normed_target_mean 0.6 / normed_target_std 0.3 / normed_target_min -0.1 / normed_target_max 1.1 / EMA_005 80.4 / EMA_095 1233.0 / value_mean 764.3 / value_std 369.4 / value_min 15.7 / value_max 1343.0 / target_mean 766.4 / target_std 370.7 / target_min 17.0 / target_max 1353.8 / imag_reward_mean 2.1 / imag_reward_std 4.9 / imag_reward_min -0.0 / imag_reward_max 25.7 / imag_action_mean 8.5 / imag_action_std 5.4 / imag_action_min 0.0 / imag_action_max 17.0 / actor_entropy 0.4 / actor_loss 0.5 / actor_grad_norm 9.5 / value_loss 1.3 / value_grad_norm 1.5 / update_count 82468.0 / fps 12.6
add_video needs package moviepy
add_video needs package moviepy
[339500] dataset_size 84875.0 / train_return 4640.0 / train_length 1462.0 / train_episodes 61.0
[340096] 
Start evaluation.
[340096] eval_return 4372.0 / eval_length 1457.6 / eval_episodes 5.0
add_video needs package moviepy
Start training.
[340096] model_loss 16.1 / model_grad_norm 45.5 / image_loss 5.4 / reward_loss 0.1 / cont_loss 0.0 / kl_free 1.0 / dyn_scale 0.5 / rep_scale 0.1 / dyn_loss 17.6 / rep_loss 17.6 / kl 17.6 / prior_abs_ent 34.0 / post_abs_ent -27.6 / prior_obs_ent 8.8 / post_obs_ent -7.0 / boundary_ratio 0.0 / kl_mask 0.0 / normed_target_mean 0.6 / normed_target_std 0.3 / normed_target_min -0.1 / normed_target_max 1.1 / EMA_005 74.5 / EMA_095 1231.3 / value_mean 753.9 / value_std 376.2 / value_min 9.8 / value_max 1344.6 / target_mean 755.9 / target_std 377.4 / target_min 12.0 / target_max 1354.0 / imag_reward_mean 2.0 / imag_reward_std 4.8 / imag_reward_min -0.0 / imag_reward_max 25.2 / imag_action_mean 8.5 / imag_action_std 5.3 / imag_action_min 0.0 / imag_action_max 17.0 / actor_entropy 0.4 / actor_loss 0.4 / actor_grad_norm 9.2 / value_loss 1.3 / value_grad_norm 1.5 / update_count 82624.0 / fps 11.9
add_video needs package moviepy
add_video needs package moviepy
[340720] 
Start evaluation.
[340720] eval_return 4028.0 / eval_length 1366.2 / eval_episodes 5.0
add_video needs package moviepy
Start training.
[340720] model_loss 16.1 / model_grad_norm 31.2 / image_loss 5.4 / reward_loss 0.1 / cont_loss 0.0 / kl_free 1.0 / dyn_scale 0.5 / rep_scale 0.1 / dyn_loss 17.6 / rep_loss 17.6 / kl 17.6 / prior_abs_ent 34.1 / post_abs_ent -27.5 / prior_obs_ent 9.7 / post_obs_ent -6.2 / boundary_ratio 0.0 / kl_mask 0.0 / normed_target_mean 0.6 / normed_target_std 0.3 / normed_target_min -0.1 / normed_target_max 1.1 / EMA_005 79.3 / EMA_095 1232.5 / value_mean 754.4 / value_std 373.5 / value_min 18.2 / value_max 1342.1 / target_mean 755.8 / target_std 374.8 / target_min 18.5 / target_max 1352.1 / imag_reward_mean 2.0 / imag_reward_std 4.8 / imag_reward_min -0.0 / imag_reward_max 26.1 / imag_action_mean 8.6 / imag_action_std 5.4 / imag_action_min 0.0 / imag_action_max 17.0 / actor_entropy 0.4 / actor_loss 0.2 / actor_grad_norm 9.6 / value_loss 1.3 / value_grad_norm 1.5 / update_count 82780.0 / fps 12.2
add_video needs package moviepy
add_video needs package moviepy
[341344] 
Start evaluation.
[341344] eval_return 3818.0 / eval_length 1267.4 / eval_episodes 5.0
add_video needs package moviepy
Start training.
[341344] model_loss 15.6 / model_grad_norm 23.2 / image_loss 5.1 / reward_loss 0.1 / cont_loss 0.0 / kl_free 1.0 / dyn_scale 0.5 / rep_scale 0.1 / dyn_loss 17.3 / rep_loss 17.3 / kl 17.3 / prior_abs_ent 34.0 / post_abs_ent -27.4 / prior_obs_ent 8.2 / post_obs_ent -7.3 / boundary_ratio 0.0 / kl_mask 0.0 / normed_target_mean 0.6 / normed_target_std 0.3 / normed_target_min -0.1 / normed_target_max 1.1 / EMA_005 70.2 / EMA_095 1236.5 / value_mean 762.7 / value_std 378.2 / value_min 11.1 / value_max 1349.7 / target_mean 764.8 / target_std 379.5 / target_min 11.7 / target_max 1360.0 / imag_reward_mean 2.0 / imag_reward_std 4.9 / imag_reward_min -0.0 / imag_reward_max 26.4 / imag_action_mean 8.4 / imag_action_std 5.4 / imag_action_min 0.0 / imag_action_max 17.0 / actor_entropy 0.4 / actor_loss 0.5 / actor_grad_norm 9.0 / value_loss 1.3 / value_grad_norm 1.5 / update_count 82936.0 / fps 12.5
add_video needs package moviepy
add_video needs package moviepy
[341968] 
Start evaluation.
[341968] eval_return 4252.0 / eval_length 1336.8 / eval_episodes 5.0
add_video needs package moviepy
Start training.
[341968] model_loss 15.5 / model_grad_norm 23.2 / image_loss 5.0 / reward_loss 0.1 / cont_loss 0.0 / kl_free 1.0 / dyn_scale 0.5 / rep_scale 0.1 / dyn_loss 17.4 / rep_loss 17.4 / kl 17.4 / prior_abs_ent 34.1 / post_abs_ent -27.5 / prior_obs_ent 8.2 / post_obs_ent -7.5 / boundary_ratio 0.0 / kl_mask 0.0 / normed_target_mean 0.6 / normed_target_std 0.3 / normed_target_min -0.0 / normed_target_max 1.1 / EMA_005 70.1 / EMA_095 1236.3 / value_mean 766.4 / value_std 370.1 / value_min 17.1 / value_max 1343.7 / target_mean 768.7 / target_std 371.1 / target_min 16.8 / target_max 1353.9 / imag_reward_mean 2.1 / imag_reward_std 4.9 / imag_reward_min -0.0 / imag_reward_max 25.7 / imag_action_mean 8.5 / imag_action_std 5.4 / imag_action_min 0.0 / imag_action_max 17.0 / actor_entropy 0.4 / actor_loss 0.6 / actor_grad_norm 9.4 / value_loss 1.3 / value_grad_norm 1.5 / update_count 83092.0 / fps 12.4
add_video needs package moviepy
add_video needs package moviepy
[342592] 
Start evaluation.
[342592] eval_return 4624.0 / eval_length 1370.0 / eval_episodes 5.0
add_video needs package moviepy
Start training.
[342592] model_loss 15.7 / model_grad_norm 23.7 / image_loss 5.1 / reward_loss 0.1 / cont_loss 0.0 / kl_free 1.0 / dyn_scale 0.5 / rep_scale 0.1 / dyn_loss 17.5 / rep_loss 17.5 / kl 17.5 / prior_abs_ent 33.9 / post_abs_ent -27.5 / prior_obs_ent 8.3 / post_obs_ent -7.4 / boundary_ratio 0.0 / kl_mask 0.0 / normed_target_mean 0.6 / normed_target_std 0.3 / normed_target_min -0.0 / normed_target_max 1.1 / EMA_005 69.0 / EMA_095 1236.5 / value_mean 762.7 / value_std 378.4 / value_min 11.8 / value_max 1348.0 / target_mean 764.8 / target_std 379.5 / target_min 12.1 / target_max 1359.2 / imag_reward_mean 2.1 / imag_reward_std 4.9 / imag_reward_min -0.0 / imag_reward_max 25.6 / imag_action_mean 8.5 / imag_action_std 5.4 / imag_action_min 0.0 / imag_action_max 17.0 / actor_entropy 0.4 / actor_loss 0.5 / actor_grad_norm 9.5 / value_loss 1.3 / value_grad_norm 1.5 / update_count 83248.0 / fps 12.2
add_video needs package moviepy
add_video needs package moviepy
[343216] 
Start evaluation.
[343216] eval_return 3930.0 / eval_length 1289.8 / eval_episodes 5.0
add_video needs package moviepy
Start training.
[343216] model_loss 15.6 / model_grad_norm 22.7 / image_loss 5.1 / reward_loss 0.1 / cont_loss 0.0 / kl_free 1.0 / dyn_scale 0.5 / rep_scale 0.1 / dyn_loss 17.3 / rep_loss 17.3 / kl 17.3 / prior_abs_ent 34.1 / post_abs_ent -27.4 / prior_obs_ent 8.2 / post_obs_ent -7.4 / boundary_ratio 0.0 / kl_mask 0.0 / normed_target_mean 0.6 / normed_target_std 0.3 / normed_target_min -0.0 / normed_target_max 1.1 / EMA_005 67.3 / EMA_095 1238.0 / value_mean 769.7 / value_std 373.9 / value_min 14.8 / value_max 1353.1 / target_mean 772.2 / target_std 375.3 / target_min 16.0 / target_max 1365.7 / imag_reward_mean 2.1 / imag_reward_std 4.9 / imag_reward_min -0.0 / imag_reward_max 26.6 / imag_action_mean 8.4 / imag_action_std 5.3 / imag_action_min 0.0 / imag_action_max 17.0 / actor_entropy 0.4 / actor_loss 0.5 / actor_grad_norm 9.6 / value_loss 1.3 / value_grad_norm 1.6 / update_count 83404.0 / fps 12.4
add_video needs package moviepy
add_video needs package moviepy
[343840] 
Start evaluation.
[343840] eval_return 4784.0 / eval_length 1372.2 / eval_episodes 5.0
add_video needs package moviepy
Start training.
[343840] model_loss 15.8 / model_grad_norm 24.4 / image_loss 5.2 / reward_loss 0.1 / cont_loss 0.0 / kl_free 1.0 / dyn_scale 0.5 / rep_scale 0.1 / dyn_loss 17.4 / rep_loss 17.4 / kl 17.4 / prior_abs_ent 34.1 / post_abs_ent -27.5 / prior_obs_ent 7.9 / post_obs_ent -7.7 / boundary_ratio 0.0 / kl_mask 0.0 / normed_target_mean 0.6 / normed_target_std 0.3 / normed_target_min -0.0 / normed_target_max 1.1 / EMA_005 67.1 / EMA_095 1245.2 / value_mean 768.8 / value_std 377.3 / value_min 12.0 / value_max 1356.8 / target_mean 770.9 / target_std 378.3 / target_min 12.6 / target_max 1372.0 / imag_reward_mean 2.1 / imag_reward_std 4.9 / imag_reward_min -0.0 / imag_reward_max 26.9 / imag_action_mean 8.4 / imag_action_std 5.3 / imag_action_min 0.0 / imag_action_max 17.0 / actor_entropy 0.4 / actor_loss 0.5 / actor_grad_norm 9.4 / value_loss 1.3 / value_grad_norm 1.4 / update_count 83560.0 / fps 12.2
add_video needs package moviepy
add_video needs package moviepy
[344464] 
Start evaluation.
[344464] eval_return 3588.0 / eval_length 1249.0 / eval_episodes 5.0
add_video needs package moviepy
Start training.
[344464] model_loss 15.7 / model_grad_norm 26.6 / image_loss 5.1 / reward_loss 0.1 / cont_loss 0.0 / kl_free 1.0 / dyn_scale 0.5 / rep_scale 0.1 / dyn_loss 17.4 / rep_loss 17.4 / kl 17.4 / prior_abs_ent 34.4 / post_abs_ent -27.6 / prior_obs_ent 8.5 / post_obs_ent -7.1 / boundary_ratio 0.0 / kl_mask 0.0 / normed_target_mean 0.6 / normed_target_std 0.3 / normed_target_min -0.0 / normed_target_max 1.1 / EMA_005 70.6 / EMA_095 1244.4 / value_mean 767.9 / value_std 376.1 / value_min 17.6 / value_max 1354.4 / target_mean 769.7 / target_std 377.5 / target_min 19.7 / target_max 1370.4 / imag_reward_mean 2.0 / imag_reward_std 4.8 / imag_reward_min -0.0 / imag_reward_max 26.4 / imag_action_mean 8.6 / imag_action_std 5.2 / imag_action_min 0.0 / imag_action_max 17.0 / actor_entropy 0.4 / actor_loss 0.4 / actor_grad_norm 10.0 / value_loss 1.3 / value_grad_norm 1.4 / update_count 83716.0 / fps 12.6
add_video needs package moviepy
add_video needs package moviepy
[345088] 
Start evaluation.
[345088] eval_return 4874.0 / eval_length 1375.0 / eval_episodes 5.0
add_video needs package moviepy
Start training.
[345088] model_loss 15.7 / model_grad_norm 23.8 / image_loss 5.1 / reward_loss 0.1 / cont_loss 0.0 / kl_free 1.0 / dyn_scale 0.5 / rep_scale 0.1 / dyn_loss 17.4 / rep_loss 17.4 / kl 17.4 / prior_abs_ent 34.2 / post_abs_ent -27.5 / prior_obs_ent 8.3 / post_obs_ent -7.3 / boundary_ratio 0.0 / kl_mask 0.0 / normed_target_mean 0.6 / normed_target_std 0.3 / normed_target_min -0.0 / normed_target_max 1.1 / EMA_005 74.1 / EMA_095 1247.5 / value_mean 767.7 / value_std 380.3 / value_min 14.3 / value_max 1357.9 / target_mean 769.6 / target_std 381.5 / target_min 16.2 / target_max 1374.2 / imag_reward_mean 2.1 / imag_reward_std 4.9 / imag_reward_min -0.0 / imag_reward_max 26.6 / imag_action_mean 8.7 / imag_action_std 5.2 / imag_action_min 0.0 / imag_action_max 17.0 / actor_entropy 0.4 / actor_loss 0.3 / actor_grad_norm 10.0 / value_loss 1.3 / value_grad_norm 1.6 / update_count 83872.0 / fps 12.3
add_video needs package moviepy
add_video needs package moviepy
[345712] 
Start evaluation.
[345712] eval_return 4160.0 / eval_length 1341.8 / eval_episodes 5.0
add_video needs package moviepy
Start training.
[345712] model_loss 15.7 / model_grad_norm 24.7 / image_loss 5.1 / reward_loss 0.1 / cont_loss 0.0 / kl_free 1.0 / dyn_scale 0.5 / rep_scale 0.1 / dyn_loss 17.4 / rep_loss 17.4 / kl 17.4 / prior_abs_ent 34.2 / post_abs_ent -27.5 / prior_obs_ent 8.4 / post_obs_ent -7.3 / boundary_ratio 0.0 / kl_mask 0.0 / normed_target_mean 0.6 / normed_target_std 0.3 / normed_target_min -0.1 / normed_target_max 1.1 / EMA_005 72.6 / EMA_095 1245.8 / value_mean 769.7 / value_std 374.2 / value_min 13.1 / value_max 1358.5 / target_mean 771.9 / target_std 375.3 / target_min 13.4 / target_max 1370.1 / imag_reward_mean 2.0 / imag_reward_std 4.8 / imag_reward_min -0.0 / imag_reward_max 26.6 / imag_action_mean 8.6 / imag_action_std 5.3 / imag_action_min 0.0 / imag_action_max 17.0 / actor_entropy 0.4 / actor_loss 0.5 / actor_grad_norm 10.1 / value_loss 1.3 / value_grad_norm 1.5 / update_count 84028.0 / fps 12.3
add_video needs package moviepy
add_video needs package moviepy
[345780] dataset_size 86445.0 / train_return 5100.0 / train_length 1570.0 / train_episodes 62.0
[346336] 
Start evaluation.
[346336] eval_return 4206.0 / eval_length 1334.0 / eval_episodes 5.0
add_video needs package moviepy
Start training.
[346336] model_loss 15.7 / model_grad_norm 25.1 / image_loss 5.1 / reward_loss 0.1 / cont_loss 0.0 / kl_free 1.0 / dyn_scale 0.5 / rep_scale 0.1 / dyn_loss 17.4 / rep_loss 17.4 / kl 17.4 / prior_abs_ent 34.1 / post_abs_ent -27.6 / prior_obs_ent 8.2 / post_obs_ent -7.5 / boundary_ratio 0.0 / kl_mask 0.0 / normed_target_mean 0.6 / normed_target_std 0.3 / normed_target_min -0.1 / normed_target_max 1.1 / EMA_005 78.9 / EMA_095 1240.9 / value_mean 770.7 / value_std 370.9 / value_min 20.3 / value_max 1348.4 / target_mean 772.3 / target_std 371.8 / target_min 20.4 / target_max 1361.2 / imag_reward_mean 2.1 / imag_reward_std 4.9 / imag_reward_min -0.0 / imag_reward_max 26.6 / imag_action_mean 8.3 / imag_action_std 5.3 / imag_action_min 0.0 / imag_action_max 17.0 / actor_entropy 0.4 / actor_loss 0.4 / actor_grad_norm 9.8 / value_loss 1.3 / value_grad_norm 1.6 / update_count 84184.0 / fps 12.3
add_video needs package moviepy
add_video needs package moviepy
[346960] 
Start evaluation.
[346960] eval_return 4316.0 / eval_length 1412.8 / eval_episodes 5.0
add_video needs package moviepy
Start training.
[346960] model_loss 15.7 / model_grad_norm 24.6 / image_loss 5.1 / reward_loss 0.1 / cont_loss 0.0 / kl_free 1.0 / dyn_scale 0.5 / rep_scale 0.1 / dyn_loss 17.5 / rep_loss 17.5 / kl 17.5 / prior_abs_ent 34.1 / post_abs_ent -27.5 / prior_obs_ent 8.3 / post_obs_ent -7.4 / boundary_ratio 0.0 / kl_mask 0.0 / normed_target_mean 0.6 / normed_target_std 0.3 / normed_target_min -0.1 / normed_target_max 1.1 / EMA_005 78.6 / EMA_095 1240.0 / value_mean 761.2 / value_std 372.8 / value_min 16.3 / value_max 1358.5 / target_mean 763.0 / target_std 374.1 / target_min 16.7 / target_max 1376.5 / imag_reward_mean 2.0 / imag_reward_std 4.8 / imag_reward_min -0.0 / imag_reward_max 25.8 / imag_action_mean 8.6 / imag_action_std 5.3 / imag_action_min 0.0 / imag_action_max 17.0 / actor_entropy 0.4 / actor_loss 0.3 / actor_grad_norm 9.8 / value_loss 1.3 / value_grad_norm 1.6 / update_count 84340.0 / fps 12.1
add_video needs package moviepy
add_video needs package moviepy
[347584] 
Start evaluation.
[347584] eval_return 4908.0 / eval_length 1506.6 / eval_episodes 5.0
add_video needs package moviepy
Start training.
[347584] model_loss 15.7 / model_grad_norm 25.1 / image_loss 5.2 / reward_loss 0.1 / cont_loss 0.0 / kl_free 1.0 / dyn_scale 0.5 / rep_scale 0.1 / dyn_loss 17.4 / rep_loss 17.4 / kl 17.4 / prior_abs_ent 34.1 / post_abs_ent -27.6 / prior_obs_ent 8.0 / post_obs_ent -7.5 / boundary_ratio 0.0 / kl_mask 0.0 / normed_target_mean 0.6 / normed_target_std 0.3 / normed_target_min -0.1 / normed_target_max 1.1 / EMA_005 79.2 / EMA_095 1244.0 / value_mean 767.5 / value_std 374.9 / value_min 18.2 / value_max 1356.2 / target_mean 769.3 / target_std 376.4 / target_min 17.5 / target_max 1373.4 / imag_reward_mean 2.1 / imag_reward_std 4.9 / imag_reward_min -0.0 / imag_reward_max 25.9 / imag_action_mean 8.5 / imag_action_std 5.3 / imag_action_min 0.0 / imag_action_max 17.0 / actor_entropy 0.4 / actor_loss 0.4 / actor_grad_norm 10.1 / value_loss 1.3 / value_grad_norm 1.5 / update_count 84496.0 / fps 12.0
add_video needs package moviepy
add_video needs package moviepy
[348208] 
Start evaluation.
[348208] eval_return 3804.0 / eval_length 1354.2 / eval_episodes 5.0
add_video needs package moviepy
Start training.
[348208] model_loss 15.5 / model_grad_norm 25.9 / image_loss 5.0 / reward_loss 0.1 / cont_loss 0.0 / kl_free 1.0 / dyn_scale 0.5 / rep_scale 0.1 / dyn_loss 17.3 / rep_loss 17.3 / kl 17.3 / prior_abs_ent 33.5 / post_abs_ent -27.8 / prior_obs_ent 8.1 / post_obs_ent -7.5 / boundary_ratio 0.0 / kl_mask 0.0 / normed_target_mean 0.6 / normed_target_std 0.3 / normed_target_min -0.0 / normed_target_max 1.1 / EMA_005 72.3 / EMA_095 1245.5 / value_mean 773.3 / value_std 379.1 / value_min 21.0 / value_max 1360.2 / target_mean 775.6 / target_std 380.2 / target_min 21.8 / target_max 1379.2 / imag_reward_mean 2.1 / imag_reward_std 4.9 / imag_reward_min -0.0 / imag_reward_max 26.5 / imag_action_mean 8.4 / imag_action_std 5.3 / imag_action_min 0.0 / imag_action_max 17.0 / actor_entropy 0.4 / actor_loss 0.6 / actor_grad_norm 9.7 / value_loss 1.3 / value_grad_norm 1.5 / update_count 84652.0 / fps 12.4
add_video needs package moviepy
add_video needs package moviepy
[348832] 
Start evaluation.
[348832] eval_return 4696.0 / eval_length 1436.4 / eval_episodes 5.0
add_video needs package moviepy
Start training.
[348832] model_loss 15.7 / model_grad_norm 26.0 / image_loss 5.1 / reward_loss 0.1 / cont_loss 0.0 / kl_free 1.0 / dyn_scale 0.5 / rep_scale 0.1 / dyn_loss 17.4 / rep_loss 17.4 / kl 17.4 / prior_abs_ent 33.9 / post_abs_ent -27.6 / prior_obs_ent 8.0 / post_obs_ent -7.6 / boundary_ratio 0.0 / kl_mask 0.0 / normed_target_mean 0.6 / normed_target_std 0.3 / normed_target_min -0.0 / normed_target_max 1.1 / EMA_005 68.9 / EMA_095 1250.5 / value_mean 766.2 / value_std 379.8 / value_min 11.0 / value_max 1357.3 / target_mean 768.6 / target_std 380.8 / target_min 10.7 / target_max 1376.2 / imag_reward_mean 2.1 / imag_reward_std 4.9 / imag_reward_min -0.0 / imag_reward_max 25.7 / imag_action_mean 8.3 / imag_action_std 5.3 / imag_action_min 0.0 / imag_action_max 17.0 / actor_entropy 0.4 / actor_loss 0.6 / actor_grad_norm 9.6 / value_loss 1.3 / value_grad_norm 1.5 / update_count 84808.0 / fps 12.1
add_video needs package moviepy
add_video needs package moviepy
[349456] 
Start evaluation.
[349456] eval_return 4454.0 / eval_length 1321.0 / eval_episodes 5.0
add_video needs package moviepy
Start training.
[349456] model_loss 15.6 / model_grad_norm 27.0 / image_loss 5.0 / reward_loss 0.1 / cont_loss 0.0 / kl_free 1.0 / dyn_scale 0.5 / rep_scale 0.1 / dyn_loss 17.4 / rep_loss 17.4 / kl 17.4 / prior_abs_ent 33.8 / post_abs_ent -27.6 / prior_obs_ent 7.6 / post_obs_ent -8.1 / boundary_ratio 0.0 / kl_mask 0.0 / normed_target_mean 0.6 / normed_target_std 0.3 / normed_target_min -0.0 / normed_target_max 1.1 / EMA_005 70.3 / EMA_095 1255.3 / value_mean 784.0 / value_std 373.9 / value_min 25.9 / value_max 1363.6 / target_mean 786.0 / target_std 375.2 / target_min 26.8 / target_max 1382.3 / imag_reward_mean 2.1 / imag_reward_std 4.9 / imag_reward_min -0.0 / imag_reward_max 25.4 / imag_action_mean 8.4 / imag_action_std 5.3 / imag_action_min 0.0 / imag_action_max 17.0 / actor_entropy 0.4 / actor_loss 0.5 / actor_grad_norm 9.7 / value_loss 1.3 / value_grad_norm 1.5 / update_count 84964.0 / fps 12.5
add_video needs package moviepy
add_video needs package moviepy
[350080] 
Start evaluation.
[350080] eval_return 4644.0 / eval_length 1373.6 / eval_episodes 5.0
add_video needs package moviepy
Start training.
[350080] model_loss 15.7 / model_grad_norm 27.4 / image_loss 5.1 / reward_loss 0.1 / cont_loss 0.0 / kl_free 1.0 / dyn_scale 0.5 / rep_scale 0.1 / dyn_loss 17.5 / rep_loss 17.5 / kl 17.5 / prior_abs_ent 33.7 / post_abs_ent -27.6 / prior_obs_ent 8.1 / post_obs_ent -7.7 / boundary_ratio 0.0 / kl_mask 0.0 / normed_target_mean 0.6 / normed_target_std 0.3 / normed_target_min -0.0 / normed_target_max 1.1 / EMA_005 76.2 / EMA_095 1255.3 / value_mean 772.4 / value_std 375.9 / value_min 16.8 / value_max 1363.5 / target_mean 774.5 / target_std 377.0 / target_min 18.3 / target_max 1379.4 / imag_reward_mean 2.1 / imag_reward_std 4.9 / imag_reward_min -0.0 / imag_reward_max 25.5 / imag_action_mean 8.3 / imag_action_std 5.3 / imag_action_min 0.0 / imag_action_max 17.0 / actor_entropy 0.4 / actor_loss 0.5 / actor_grad_norm 9.8 / value_loss 1.3 / value_grad_norm 1.5 / update_count 85120.0 / fps 12.3
add_video needs package moviepy
add_video needs package moviepy
[350704] 
Start evaluation.
[350704] eval_return 4726.0 / eval_length 1410.2 / eval_episodes 5.0
add_video needs package moviepy
Start training.
[350704] model_loss 15.8 / model_grad_norm 26.6 / image_loss 5.2 / reward_loss 0.1 / cont_loss 0.0 / kl_free 1.0 / dyn_scale 0.5 / rep_scale 0.1 / dyn_loss 17.5 / rep_loss 17.5 / kl 17.5 / prior_abs_ent 34.0 / post_abs_ent -27.6 / prior_obs_ent 8.0 / post_obs_ent -7.8 / boundary_ratio 0.0 / kl_mask 0.0 / normed_target_mean 0.6 / normed_target_std 0.3 / normed_target_min -0.1 / normed_target_max 1.1 / EMA_005 82.5 / EMA_095 1253.4 / value_mean 773.8 / value_std 375.0 / value_min 16.2 / value_max 1365.0 / target_mean 775.7 / target_std 376.2 / target_min 17.9 / target_max 1384.8 / imag_reward_mean 2.1 / imag_reward_std 4.9 / imag_reward_min -0.0 / imag_reward_max 25.8 / imag_action_mean 8.4 / imag_action_std 5.3 / imag_action_min 0.0 / imag_action_max 17.0 / actor_entropy 0.4 / actor_loss 0.4 / actor_grad_norm 9.8 / value_loss 1.3 / value_grad_norm 1.6 / update_count 85276.0 / fps 12.3
add_video needs package moviepy
add_video needs package moviepy
[351328] 
Start evaluation.
[351328] eval_return 4320.0 / eval_length 1452.2 / eval_episodes 5.0
add_video needs package moviepy
Start training.
[351328] model_loss 15.8 / model_grad_norm 27.0 / image_loss 5.2 / reward_loss 0.1 / cont_loss 0.0 / kl_free 1.0 / dyn_scale 0.5 / rep_scale 0.1 / dyn_loss 17.5 / rep_loss 17.5 / kl 17.5 / prior_abs_ent 33.8 / post_abs_ent -27.5 / prior_obs_ent 7.8 / post_obs_ent -8.0 / boundary_ratio 0.0 / kl_mask 0.0 / normed_target_mean 0.6 / normed_target_std 0.3 / normed_target_min -0.1 / normed_target_max 1.1 / EMA_005 83.3 / EMA_095 1257.6 / value_mean 772.4 / value_std 376.9 / value_min 16.1 / value_max 1362.7 / target_mean 774.6 / target_std 378.2 / target_min 17.5 / target_max 1385.7 / imag_reward_mean 2.1 / imag_reward_std 4.9 / imag_reward_min -0.0 / imag_reward_max 26.7 / imag_action_mean 8.3 / imag_action_std 5.3 / imag_action_min 0.0 / imag_action_max 17.0 / actor_entropy 0.4 / actor_loss 0.4 / actor_grad_norm 9.6 / value_loss 1.3 / value_grad_norm 1.5 / update_count 85432.0 / fps 12.1
add_video needs package moviepy
add_video needs package moviepy
[351616] dataset_size 87904.0 / train_return 4660.0 / train_length 1459.0 / train_episodes 63.0
[351952] 
Start evaluation.
[351952] eval_return 4780.0 / eval_length 1411.2 / eval_episodes 5.0
add_video needs package moviepy
Start training.
[351952] model_loss 15.7 / model_grad_norm 24.0 / image_loss 5.1 / reward_loss 0.1 / cont_loss 0.0 / kl_free 1.0 / dyn_scale 0.5 / rep_scale 0.1 / dyn_loss 17.5 / rep_loss 17.5 / kl 17.5 / prior_abs_ent 33.8 / post_abs_ent -27.6 / prior_obs_ent 8.1 / post_obs_ent -7.7 / boundary_ratio 0.0 / kl_mask 0.0 / normed_target_mean 0.6 / normed_target_std 0.3 / normed_target_min -0.1 / normed_target_max 1.1 / EMA_005 84.2 / EMA_095 1259.8 / value_mean 782.8 / value_std 377.0 / value_min 19.2 / value_max 1366.7 / target_mean 784.7 / target_std 378.2 / target_min 17.6 / target_max 1388.7 / imag_reward_mean 2.1 / imag_reward_std 4.9 / imag_reward_min -0.0 / imag_reward_max 25.6 / imag_action_mean 8.2 / imag_action_std 5.3 / imag_action_min 0.0 / imag_action_max 17.0 / actor_entropy 0.4 / actor_loss 0.4 / actor_grad_norm 9.5 / value_loss 1.3 / value_grad_norm 1.5 / update_count 85588.0 / fps 12.2
add_video needs package moviepy
add_video needs package moviepy
[352576] 
Start evaluation.
[352576] eval_return 4842.0 / eval_length 1402.2 / eval_episodes 5.0
add_video needs package moviepy
Start training.
[352576] model_loss 15.7 / model_grad_norm 26.6 / image_loss 5.1 / reward_loss 0.1 / cont_loss 0.0 / kl_free 1.0 / dyn_scale 0.5 / rep_scale 0.1 / dyn_loss 17.5 / rep_loss 17.5 / kl 17.5 / prior_abs_ent 33.8 / post_abs_ent -27.6 / prior_obs_ent 7.8 / post_obs_ent -8.0 / boundary_ratio 0.0 / kl_mask 0.0 / normed_target_mean 0.6 / normed_target_std 0.3 / normed_target_min -0.1 / normed_target_max 1.1 / EMA_005 77.9 / EMA_095 1264.7 / value_mean 792.0 / value_std 377.2 / value_min 18.2 / value_max 1372.3 / target_mean 793.4 / target_std 378.4 / target_min 18.4 / target_max 1396.9 / imag_reward_mean 2.1 / imag_reward_std 4.9 / imag_reward_min -0.0 / imag_reward_max 26.0 / imag_action_mean 8.2 / imag_action_std 5.3 / imag_action_min 0.0 / imag_action_max 17.0 / actor_entropy 0.4 / actor_loss 0.2 / actor_grad_norm 9.7 / value_loss 1.3 / value_grad_norm 1.5 / update_count 85744.0 / fps 12.2
add_video needs package moviepy
add_video needs package moviepy
[353200] 
Start evaluation.
[353200] eval_return 4798.0 / eval_length 1477.4 / eval_episodes 5.0
add_video needs package moviepy
Start training.
[353200] model_loss 15.7 / model_grad_norm 28.5 / image_loss 5.1 / reward_loss 0.1 / cont_loss 0.0 / kl_free 1.0 / dyn_scale 0.5 / rep_scale 0.1 / dyn_loss 17.5 / rep_loss 17.5 / kl 17.5 / prior_abs_ent 34.1 / post_abs_ent -27.6 / prior_obs_ent 8.1 / post_obs_ent -7.6 / boundary_ratio 0.0 / kl_mask 0.0 / normed_target_mean 0.6 / normed_target_std 0.3 / normed_target_min -0.1 / normed_target_max 1.1 / EMA_005 77.4 / EMA_095 1260.0 / value_mean 776.8 / value_std 376.1 / value_min 16.3 / value_max 1364.1 / target_mean 778.7 / target_std 377.3 / target_min 15.5 / target_max 1384.3 / imag_reward_mean 2.1 / imag_reward_std 4.9 / imag_reward_min -0.0 / imag_reward_max 25.2 / imag_action_mean 8.3 / imag_action_std 5.3 / imag_action_min 0.0 / imag_action_max 17.0 / actor_entropy 0.4 / actor_loss 0.4 / actor_grad_norm 10.0 / value_loss 1.3 / value_grad_norm 1.5 / update_count 85900.0 / fps 12.0
add_video needs package moviepy
add_video needs package moviepy
[353824] 
Start evaluation.
[353824] eval_return 4020.0 / eval_length 1391.6 / eval_episodes 5.0
add_video needs package moviepy
Start training.
[353824] model_loss 15.7 / model_grad_norm 25.3 / image_loss 5.2 / reward_loss 0.1 / cont_loss 0.0 / kl_free 1.0 / dyn_scale 0.5 / rep_scale 0.1 / dyn_loss 17.4 / rep_loss 17.4 / kl 17.4 / prior_abs_ent 34.0 / post_abs_ent -27.5 / prior_obs_ent 8.0 / post_obs_ent -7.6 / boundary_ratio 0.0 / kl_mask 0.0 / normed_target_mean 0.6 / normed_target_std 0.3 / normed_target_min -0.1 / normed_target_max 1.1 / EMA_005 83.3 / EMA_095 1260.5 / value_mean 788.4 / value_std 375.5 / value_min 18.2 / value_max 1368.1 / target_mean 790.5 / target_std 376.9 / target_min 19.8 / target_max 1395.3 / imag_reward_mean 2.1 / imag_reward_std 4.9 / imag_reward_min -0.0 / imag_reward_max 26.7 / imag_action_mean 8.3 / imag_action_std 5.3 / imag_action_min 0.0 / imag_action_max 17.0 / actor_entropy 0.4 / actor_loss 0.5 / actor_grad_norm 9.7 / value_loss 1.3 / value_grad_norm 1.5 / update_count 86056.0 / fps 12.3
add_video needs package moviepy
add_video needs package moviepy
[354448] 
Start evaluation.
[354448] eval_return 4664.0 / eval_length 1389.0 / eval_episodes 5.0
add_video needs package moviepy
Start training.
[354448] model_loss 15.7 / model_grad_norm 27.0 / image_loss 5.1 / reward_loss 0.1 / cont_loss 0.0 / kl_free 1.0 / dyn_scale 0.5 / rep_scale 0.1 / dyn_loss 17.5 / rep_loss 17.5 / kl 17.5 / prior_abs_ent 34.3 / post_abs_ent -27.5 / prior_obs_ent 7.8 / post_obs_ent -7.9 / boundary_ratio 0.0 / kl_mask 0.0 / normed_target_mean 0.6 / normed_target_std 0.3 / normed_target_min -0.1 / normed_target_max 1.1 / EMA_005 74.1 / EMA_095 1261.2 / value_mean 770.5 / value_std 388.3 / value_min 13.0 / value_max 1364.9 / target_mean 772.3 / target_std 389.7 / target_min 14.7 / target_max 1386.8 / imag_reward_mean 2.1 / imag_reward_std 4.9 / imag_reward_min -0.0 / imag_reward_max 26.1 / imag_action_mean 8.2 / imag_action_std 5.2 / imag_action_min 0.0 / imag_action_max 17.0 / actor_entropy 0.4 / actor_loss 0.3 / actor_grad_norm 9.9 / value_loss 1.3 / value_grad_norm 1.5 / update_count 86212.0 / fps 12.2
add_video needs package moviepy
add_video needs package moviepy
[355072] 
Start evaluation.
[355072] eval_return 4502.0 / eval_length 1365.6 / eval_episodes 5.0
add_video needs package moviepy
Start training.
[355072] model_loss 15.8 / model_grad_norm 27.5 / image_loss 5.1 / reward_loss 0.1 / cont_loss 0.0 / kl_free 1.0 / dyn_scale 0.5 / rep_scale 0.1 / dyn_loss 17.6 / rep_loss 17.6 / kl 17.6 / prior_abs_ent 33.9 / post_abs_ent -27.6 / prior_obs_ent 8.1 / post_obs_ent -7.8 / boundary_ratio 0.0 / kl_mask 0.0 / normed_target_mean 0.6 / normed_target_std 0.3 / normed_target_min -0.1 / normed_target_max 1.1 / EMA_005 87.9 / EMA_095 1261.5 / value_mean 789.8 / value_std 369.4 / value_min 20.6 / value_max 1365.2 / target_mean 791.9 / target_std 370.8 / target_min 22.8 / target_max 1388.2 / imag_reward_mean 2.1 / imag_reward_std 4.9 / imag_reward_min -0.0 / imag_reward_max 25.6 / imag_action_mean 7.9 / imag_action_std 5.2 / imag_action_min 0.0 / imag_action_max 17.0 / actor_entropy 0.4 / actor_loss 0.5 / actor_grad_norm 9.7 / value_loss 1.3 / value_grad_norm 1.5 / update_count 86368.0 / fps 12.4
add_video needs package moviepy
add_video needs package moviepy
[355696] 
Start evaluation.
[355696] eval_return 4746.0 / eval_length 1389.8 / eval_episodes 5.0
add_video needs package moviepy
Start training.
[355696] model_loss 15.6 / model_grad_norm 26.5 / image_loss 5.1 / reward_loss 0.1 / cont_loss 0.0 / kl_free 1.0 / dyn_scale 0.5 / rep_scale 0.1 / dyn_loss 17.4 / rep_loss 17.4 / kl 17.4 / prior_abs_ent 34.3 / post_abs_ent -27.5 / prior_obs_ent 8.3 / post_obs_ent -7.3 / boundary_ratio 0.0 / kl_mask 0.0 / normed_target_mean 0.6 / normed_target_std 0.3 / normed_target_min -0.1 / normed_target_max 1.1 / EMA_005 79.1 / EMA_095 1258.3 / value_mean 766.0 / value_std 384.8 / value_min 17.4 / value_max 1365.4 / target_mean 767.5 / target_std 386.2 / target_min 18.8 / target_max 1388.0 / imag_reward_mean 2.0 / imag_reward_std 4.8 / imag_reward_min -0.0 / imag_reward_max 25.9 / imag_action_mean 8.0 / imag_action_std 5.2 / imag_action_min 0.0 / imag_action_max 17.0 / actor_entropy 0.4 / actor_loss 0.2 / actor_grad_norm 9.6 / value_loss 1.3 / value_grad_norm 1.5 / update_count 86524.0 / fps 12.3
add_video needs package moviepy
add_video needs package moviepy
[356320] 
Start evaluation.
[356320] eval_return 4064.0 / eval_length 1335.4 / eval_episodes 5.0
add_video needs package moviepy
Start training.
[356320] model_loss 15.7 / model_grad_norm 26.8 / image_loss 5.1 / reward_loss 0.1 / cont_loss 0.0 / kl_free 1.0 / dyn_scale 0.5 / rep_scale 0.1 / dyn_loss 17.5 / rep_loss 17.5 / kl 17.5 / prior_abs_ent 33.9 / post_abs_ent -27.5 / prior_obs_ent 8.2 / post_obs_ent -7.6 / boundary_ratio 0.0 / kl_mask 0.0 / normed_target_mean 0.6 / normed_target_std 0.3 / normed_target_min -0.0 / normed_target_max 1.1 / EMA_005 71.6 / EMA_095 1264.0 / value_mean 786.5 / value_std 381.2 / value_min 17.4 / value_max 1369.9 / target_mean 788.4 / target_std 382.6 / target_min 18.6 / target_max 1395.3 / imag_reward_mean 2.1 / imag_reward_std 4.9 / imag_reward_min -0.0 / imag_reward_max 26.4 / imag_action_mean 8.0 / imag_action_std 5.2 / imag_action_min 0.0 / imag_action_max 17.0 / actor_entropy 0.4 / actor_loss 0.4 / actor_grad_norm 9.6 / value_loss 1.3 / value_grad_norm 1.5 / update_count 86680.0 / fps 12.5
add_video needs package moviepy
add_video needs package moviepy
[356616] dataset_size 89154.0 / train_return 3890.0 / train_length 1250.0 / train_episodes 64.0
[356944] 
Start evaluation.
[356944] eval_return 4452.0 / eval_length 1309.4 / eval_episodes 5.0
add_video needs package moviepy
Start training.
[356944] model_loss 16.4 / model_grad_norm 31.2 / image_loss 5.4 / reward_loss 0.1 / cont_loss 0.0 / kl_free 1.0 / dyn_scale 0.5 / rep_scale 0.1 / dyn_loss 18.1 / rep_loss 18.1 / kl 18.1 / prior_abs_ent 34.4 / post_abs_ent -27.5 / prior_obs_ent 8.6 / post_obs_ent -7.5 / boundary_ratio 0.0 / kl_mask 0.0 / normed_target_mean 0.6 / normed_target_std 0.3 / normed_target_min -0.0 / normed_target_max 1.1 / EMA_005 69.2 / EMA_095 1270.1 / value_mean 790.3 / value_std 385.3 / value_min 11.4 / value_max 1367.9 / target_mean 792.0 / target_std 386.5 / target_min 11.2 / target_max 1387.9 / imag_reward_mean 2.2 / imag_reward_std 5.0 / imag_reward_min -0.0 / imag_reward_max 25.7 / imag_action_mean 8.1 / imag_action_std 5.2 / imag_action_min 0.0 / imag_action_max 17.0 / actor_entropy 0.4 / actor_loss 0.4 / actor_grad_norm 10.1 / value_loss 1.3 / value_grad_norm 1.6 / update_count 86836.0 / fps 12.4
add_video needs package moviepy
add_video needs package moviepy
[357568] 
Start evaluation.
[357568] eval_return 4534.0 / eval_length 1392.2 / eval_episodes 5.0
add_video needs package moviepy
Start training.
[357568] model_loss 17.4 / model_grad_norm 44.2 / image_loss 6.1 / reward_loss 0.1 / cont_loss 0.0 / kl_free 1.0 / dyn_scale 0.5 / rep_scale 0.1 / dyn_loss 18.8 / rep_loss 18.8 / kl 18.8 / prior_abs_ent 35.5 / post_abs_ent -27.4 / prior_obs_ent 10.8 / post_obs_ent -5.8 / boundary_ratio 0.0 / kl_mask 0.0 / normed_target_mean 0.6 / normed_target_std 0.3 / normed_target_min -0.1 / normed_target_max 1.1 / EMA_005 74.1 / EMA_095 1261.3 / value_mean 768.4 / value_std 376.7 / value_min 11.3 / value_max 1361.3 / target_mean 769.6 / target_std 377.7 / target_min 11.1 / target_max 1377.9 / imag_reward_mean 2.0 / imag_reward_std 4.8 / imag_reward_min -0.0 / imag_reward_max 25.6 / imag_action_mean 8.2 / imag_action_std 5.3 / imag_action_min 0.0 / imag_action_max 17.0 / actor_entropy 0.4 / actor_loss 0.1 / actor_grad_norm 11.5 / value_loss 1.4 / value_grad_norm 1.8 / update_count 86992.0 / fps 12.3
add_video needs package moviepy
add_video needs package moviepy
[358192] 
Start evaluation.
[358192] eval_return 4292.0 / eval_length 1398.2 / eval_episodes 5.0
add_video needs package moviepy
Start training.
[358192] model_loss 17.8 / model_grad_norm 31.5 / image_loss 6.3 / reward_loss 0.1 / cont_loss 0.0 / kl_free 1.0 / dyn_scale 0.5 / rep_scale 0.1 / dyn_loss 19.0 / rep_loss 19.0 / kl 19.0 / prior_abs_ent 37.0 / post_abs_ent -27.2 / prior_obs_ent 14.3 / post_obs_ent -2.8 / boundary_ratio 0.0 / kl_mask 0.0 / normed_target_mean 0.6 / normed_target_std 0.3 / normed_target_min -0.0 / normed_target_max 1.1 / EMA_005 68.9 / EMA_095 1240.9 / value_mean 742.2 / value_std 379.2 / value_min 11.8 / value_max 1356.2 / target_mean 742.3 / target_std 379.5 / target_min 10.6 / target_max 1365.8 / imag_reward_mean 2.0 / imag_reward_std 4.7 / imag_reward_min -0.0 / imag_reward_max 25.4 / imag_action_mean 8.2 / imag_action_std 5.3 / imag_action_min 0.0 / imag_action_max 17.0 / actor_entropy 0.4 / actor_loss -0.3 / actor_grad_norm 11.7 / value_loss 1.4 / value_grad_norm 1.8 / update_count 87148.0 / fps 12.2
add_video needs package moviepy
add_video needs package moviepy
[358816] 
Start evaluation.
[358816] eval_return 4216.0 / eval_length 1266.8 / eval_episodes 5.0
add_video needs package moviepy
Start training.
[358816] model_loss 18.5 / model_grad_norm 61.8 / image_loss 6.4 / reward_loss 0.1 / cont_loss 0.0 / kl_free 1.0 / dyn_scale 0.5 / rep_scale 0.1 / dyn_loss 20.0 / rep_loss 20.0 / kl 20.0 / prior_abs_ent 36.6 / post_abs_ent -27.3 / prior_obs_ent 15.3 / post_obs_ent -2.3 / boundary_ratio 0.0 / kl_mask 0.0 / normed_target_mean 0.6 / normed_target_std 0.3 / normed_target_min -0.1 / normed_target_max 1.1 / EMA_005 77.0 / EMA_095 1235.7 / value_mean 753.5 / value_std 368.0 / value_min 11.8 / value_max 1354.6 / target_mean 754.6 / target_std 368.8 / target_min 13.3 / target_max 1370.6 / imag_reward_mean 2.0 / imag_reward_std 4.7 / imag_reward_min -0.0 / imag_reward_max 25.5 / imag_action_mean 8.1 / imag_action_std 5.3 / imag_action_min 0.0 / imag_action_max 17.0 / actor_entropy 0.4 / actor_loss -0.0 / actor_grad_norm 11.6 / value_loss 1.4 / value_grad_norm 1.7 / update_count 87304.0 / fps 12.6
add_video needs package moviepy
add_video needs package moviepy
[359440] 
Start evaluation.
[359440] eval_return 4858.0 / eval_length 1377.0 / eval_episodes 5.0
add_video needs package moviepy
Start training.
[359440] model_loss 16.7 / model_grad_norm 26.1 / image_loss 5.6 / reward_loss 0.1 / cont_loss 0.0 / kl_free 1.0 / dyn_scale 0.5 / rep_scale 0.1 / dyn_loss 18.4 / rep_loss 18.4 / kl 18.4 / prior_abs_ent 36.6 / post_abs_ent -27.2 / prior_obs_ent 13.2 / post_obs_ent -3.4 / boundary_ratio 0.0 / kl_mask 0.0 / normed_target_mean 0.6 / normed_target_std 0.3 / normed_target_min -0.1 / normed_target_max 1.1 / EMA_005 73.2 / EMA_095 1232.4 / value_mean 739.7 / value_std 376.5 / value_min 14.6 / value_max 1352.5 / target_mean 741.5 / target_std 377.6 / target_min 14.3 / target_max 1369.9 / imag_reward_mean 2.0 / imag_reward_std 4.8 / imag_reward_min -0.0 / imag_reward_max 26.7 / imag_action_mean 8.2 / imag_action_std 5.3 / imag_action_min 0.0 / imag_action_max 17.0 / actor_entropy 0.4 / actor_loss 0.3 / actor_grad_norm 10.1 / value_loss 1.3 / value_grad_norm 1.5 / update_count 87460.0 / fps 12.2
add_video needs package moviepy
add_video needs package moviepy
[360064] 
Start evaluation.
[360064] eval_return 4334.0 / eval_length 1281.0 / eval_episodes 5.0
add_video needs package moviepy
Start training.
[360064] model_loss 16.2 / model_grad_norm 23.4 / image_loss 5.3 / reward_loss 0.1 / cont_loss 0.0 / kl_free 1.0 / dyn_scale 0.5 / rep_scale 0.1 / dyn_loss 17.9 / rep_loss 17.9 / kl 17.9 / prior_abs_ent 35.7 / post_abs_ent -27.3 / prior_obs_ent 11.1 / post_obs_ent -5.1 / boundary_ratio 0.0 / kl_mask 0.0 / normed_target_mean 0.6 / normed_target_std 0.3 / normed_target_min -0.1 / normed_target_max 1.1 / EMA_005 72.7 / EMA_095 1229.6 / value_mean 745.2 / value_std 370.5 / value_min 15.1 / value_max 1347.1 / target_mean 747.4 / target_std 372.0 / target_min 13.9 / target_max 1364.1 / imag_reward_mean 2.0 / imag_reward_std 4.8 / imag_reward_min -0.0 / imag_reward_max 26.5 / imag_action_mean 8.1 / imag_action_std 5.3 / imag_action_min 0.0 / imag_action_max 17.0 / actor_entropy 0.4 / actor_loss 0.4 / actor_grad_norm 9.8 / value_loss 1.3 / value_grad_norm 1.6 / update_count 87616.0 / fps 12.7
add_video needs package moviepy
add_video needs package moviepy
[360688] 
Start evaluation.
[360688] eval_return 4298.0 / eval_length 1360.4 / eval_episodes 5.0
add_video needs package moviepy
Start training.
[360688] model_loss 16.1 / model_grad_norm 25.4 / image_loss 5.2 / reward_loss 0.1 / cont_loss 0.0 / kl_free 1.0 / dyn_scale 0.5 / rep_scale 0.1 / dyn_loss 17.9 / rep_loss 17.9 / kl 17.9 / prior_abs_ent 35.4 / post_abs_ent -27.4 / prior_obs_ent 10.1 / post_obs_ent -6.1 / boundary_ratio 0.0 / kl_mask 0.0 / normed_target_mean 0.6 / normed_target_std 0.3 / normed_target_min -0.0 / normed_target_max 1.1 / EMA_005 74.6 / EMA_095 1232.3 / value_mean 756.0 / value_std 378.4 / value_min 16.2 / value_max 1360.0 / target_mean 758.3 / target_std 379.6 / target_min 18.8 / target_max 1376.6 / imag_reward_mean 2.1 / imag_reward_std 4.9 / imag_reward_min -0.0 / imag_reward_max 25.4 / imag_action_mean 8.1 / imag_action_std 5.2 / imag_action_min 0.0 / imag_action_max 17.0 / actor_entropy 0.4 / actor_loss 0.5 / actor_grad_norm 9.9 / value_loss 1.3 / value_grad_norm 1.5 / update_count 87772.0 / fps 12.5
add_video needs package moviepy
add_video needs package moviepy
[361032] dataset_size 90258.0 / train_return 2800.0 / train_length 1104.0 / train_episodes 65.0
[361312] 
Start evaluation.
[361312] eval_return 3868.0 / eval_length 1394.4 / eval_episodes 5.0
add_video needs package moviepy
Start training.
[361312] model_loss 16.0 / model_grad_norm 23.9 / image_loss 5.2 / reward_loss 0.1 / cont_loss 0.0 / kl_free 1.0 / dyn_scale 0.5 / rep_scale 0.1 / dyn_loss 17.7 / rep_loss 17.7 / kl 17.7 / prior_abs_ent 35.0 / post_abs_ent -27.4 / prior_obs_ent 9.5 / post_obs_ent -6.5 / boundary_ratio 0.0 / kl_mask 0.0 / normed_target_mean 0.6 / normed_target_std 0.3 / normed_target_min -0.1 / normed_target_max 1.1 / EMA_005 84.0 / EMA_095 1240.8 / value_mean 759.7 / value_std 371.0 / value_min 21.6 / value_max 1357.9 / target_mean 762.0 / target_std 372.4 / target_min 23.1 / target_max 1379.4 / imag_reward_mean 2.1 / imag_reward_std 4.9 / imag_reward_min -0.0 / imag_reward_max 25.7 / imag_action_mean 8.0 / imag_action_std 5.2 / imag_action_min 0.0 / imag_action_max 17.0 / actor_entropy 0.4 / actor_loss 0.5 / actor_grad_norm 9.9 / value_loss 1.3 / value_grad_norm 1.5 / update_count 87928.0 / fps 12.3
add_video needs package moviepy
add_video needs package moviepy
[361936] 
Start evaluation.
[361936] eval_return 3834.0 / eval_length 1348.4 / eval_episodes 5.0
add_video needs package moviepy
Start training.
[361936] model_loss 15.7 / model_grad_norm 24.9 / image_loss 5.1 / reward_loss 0.1 / cont_loss 0.0 / kl_free 1.0 / dyn_scale 0.5 / rep_scale 0.1 / dyn_loss 17.5 / rep_loss 17.5 / kl 17.5 / prior_abs_ent 35.2 / post_abs_ent -27.5 / prior_obs_ent 8.7 / post_obs_ent -7.0 / boundary_ratio 0.0 / kl_mask 0.0 / normed_target_mean 0.6 / normed_target_std 0.3 / normed_target_min -0.1 / normed_target_max 1.1 / EMA_005 74.8 / EMA_095 1246.8 / value_mean 745.8 / value_std 386.9 / value_min 9.4 / value_max 1364.0 / target_mean 748.0 / target_std 388.7 / target_min 8.2 / target_max 1384.0 / imag_reward_mean 2.1 / imag_reward_std 4.9 / imag_reward_min -0.0 / imag_reward_max 26.1 / imag_action_mean 8.0 / imag_action_std 5.2 / imag_action_min 0.0 / imag_action_max 17.0 / actor_entropy 0.4 / actor_loss 0.6 / actor_grad_norm 9.8 / value_loss 1.3 / value_grad_norm 1.6 / update_count 88084.0 / fps 12.5
add_video needs package moviepy
add_video needs package moviepy
[362560] 
Start evaluation.
[362560] eval_return 4520.0 / eval_length 1344.2 / eval_episodes 5.0
add_video needs package moviepy
Start training.
[362560] model_loss 15.8 / model_grad_norm 22.7 / image_loss 5.2 / reward_loss 0.1 / cont_loss 0.0 / kl_free 1.0 / dyn_scale 0.5 / rep_scale 0.1 / dyn_loss 17.5 / rep_loss 17.5 / kl 17.5 / prior_abs_ent 34.8 / post_abs_ent -27.6 / prior_obs_ent 8.4 / post_obs_ent -7.4 / boundary_ratio 0.0 / kl_mask 0.0 / normed_target_mean 0.6 / normed_target_std 0.3 / normed_target_min -0.0 / normed_target_max 1.1 / EMA_005 71.4 / EMA_095 1251.3 / value_mean 766.3 / value_std 377.5 / value_min 15.7 / value_max 1359.2 / target_mean 768.5 / target_std 379.2 / target_min 15.5 / target_max 1382.7 / imag_reward_mean 2.1 / imag_reward_std 4.9 / imag_reward_min -0.0 / imag_reward_max 25.2 / imag_action_mean 7.9 / imag_action_std 5.2 / imag_action_min 0.0 / imag_action_max 17.0 / actor_entropy 0.4 / actor_loss 0.5 / actor_grad_norm 9.6 / value_loss 1.3 / value_grad_norm 1.6 / update_count 88240.0 / fps 12.5
add_video needs package moviepy
add_video needs package moviepy
[363184] 
Start evaluation.
[363184] eval_return 4100.0 / eval_length 1399.2 / eval_episodes 5.0
add_video needs package moviepy
Start training.
[363184] model_loss 15.7 / model_grad_norm 24.8 / image_loss 5.1 / reward_loss 0.1 / cont_loss 0.0 / kl_free 1.0 / dyn_scale 0.5 / rep_scale 0.1 / dyn_loss 17.5 / rep_loss 17.5 / kl 17.5 / prior_abs_ent 34.8 / post_abs_ent -27.6 / prior_obs_ent 8.1 / post_obs_ent -7.7 / boundary_ratio 0.0 / kl_mask 0.0 / normed_target_mean 0.6 / normed_target_std 0.3 / normed_target_min -0.0 / normed_target_max 1.1 / EMA_005 77.5 / EMA_095 1250.2 / value_mean 756.7 / value_std 377.2 / value_min 18.0 / value_max 1362.7 / target_mean 759.1 / target_std 378.9 / target_min 21.0 / target_max 1383.6 / imag_reward_mean 2.1 / imag_reward_std 4.9 / imag_reward_min -0.0 / imag_reward_max 25.7 / imag_action_mean 7.9 / imag_action_std 5.1 / imag_action_min 0.0 / imag_action_max 17.0 / actor_entropy 0.4 / actor_loss 0.6 / actor_grad_norm 9.7 / value_loss 1.3 / value_grad_norm 1.6 / update_count 88396.0 / fps 12.3
add_video needs package moviepy
add_video needs package moviepy
[363808] 
Start evaluation.
[363808] eval_return 4260.0 / eval_length 1348.8 / eval_episodes 5.0
add_video needs package moviepy
Start training.
[363808] model_loss 15.8 / model_grad_norm 27.1 / image_loss 5.1 / reward_loss 0.1 / cont_loss 0.0 / kl_free 1.0 / dyn_scale 0.5 / rep_scale 0.1 / dyn_loss 17.6 / rep_loss 17.6 / kl 17.6 / prior_abs_ent 34.4 / post_abs_ent -27.7 / prior_obs_ent 7.9 / post_obs_ent -8.0 / boundary_ratio 0.0 / kl_mask 0.0 / normed_target_mean 0.6 / normed_target_std 0.3 / normed_target_min -0.1 / normed_target_max 1.1 / EMA_005 84.4 / EMA_095 1255.6 / value_mean 784.4 / value_std 371.9 / value_min 19.5 / value_max 1369.9 / target_mean 786.9 / target_std 373.7 / target_min 20.4 / target_max 1393.9 / imag_reward_mean 2.2 / imag_reward_std 5.0 / imag_reward_min -0.0 / imag_reward_max 26.2 / imag_action_mean 7.9 / imag_action_std 5.1 / imag_action_min 0.0 / imag_action_max 17.0 / actor_entropy 0.4 / actor_loss 0.5 / actor_grad_norm 10.2 / value_loss 1.3 / value_grad_norm 1.7 / update_count 88552.0 / fps 12.5
add_video needs package moviepy
add_video needs package moviepy
[364432] 
Start evaluation.
[364432] eval_return 5002.0 / eval_length 1392.6 / eval_episodes 5.0
add_video needs package moviepy
Start training.
[364432] model_loss 15.7 / model_grad_norm 28.8 / image_loss 5.1 / reward_loss 0.1 / cont_loss 0.0 / kl_free 1.0 / dyn_scale 0.5 / rep_scale 0.1 / dyn_loss 17.5 / rep_loss 17.5 / kl 17.5 / prior_abs_ent 34.7 / post_abs_ent -27.6 / prior_obs_ent 8.2 / post_obs_ent -7.5 / boundary_ratio 0.0 / kl_mask 0.0 / normed_target_mean 0.6 / normed_target_std 0.3 / normed_target_min -0.0 / normed_target_max 1.1 / EMA_005 77.6 / EMA_095 1254.1 / value_mean 774.4 / value_std 380.5 / value_min 17.6 / value_max 1367.3 / target_mean 776.8 / target_std 382.0 / target_min 20.7 / target_max 1389.0 / imag_reward_mean 2.1 / imag_reward_std 4.9 / imag_reward_min -0.0 / imag_reward_max 25.5 / imag_action_mean 8.0 / imag_action_std 5.1 / imag_action_min 0.0 / imag_action_max 17.0 / actor_entropy 0.4 / actor_loss 0.5 / actor_grad_norm 9.4 / value_loss 1.3 / value_grad_norm 1.6 / update_count 88708.0 / fps 12.4
add_video needs package moviepy
add_video needs package moviepy
[365056] 
Start evaluation.
[365056] eval_return 4530.0 / eval_length 1270.8 / eval_episodes 5.0
add_video needs package moviepy
Start training.
[365056] model_loss 15.7 / model_grad_norm 27.4 / image_loss 5.1 / reward_loss 0.1 / cont_loss 0.0 / kl_free 1.0 / dyn_scale 0.5 / rep_scale 0.1 / dyn_loss 17.5 / rep_loss 17.5 / kl 17.5 / prior_abs_ent 34.1 / post_abs_ent -27.6 / prior_obs_ent 7.8 / post_obs_ent -8.0 / boundary_ratio 0.0 / kl_mask 0.0 / normed_target_mean 0.6 / normed_target_std 0.3 / normed_target_min -0.0 / normed_target_max 1.1 / EMA_005 77.6 / EMA_095 1266.4 / value_mean 783.6 / value_std 377.9 / value_min 18.0 / value_max 1374.5 / target_mean 785.7 / target_std 379.5 / target_min 19.1 / target_max 1400.5 / imag_reward_mean 2.2 / imag_reward_std 4.9 / imag_reward_min -0.0 / imag_reward_max 25.4 / imag_action_mean 8.2 / imag_action_std 5.1 / imag_action_min 0.0 / imag_action_max 17.0 / actor_entropy 0.4 / actor_loss 0.4 / actor_grad_norm 10.0 / value_loss 1.3 / value_grad_norm 1.5 / update_count 88864.0 / fps 12.7
add_video needs package moviepy
add_video needs package moviepy
[365680] 
Start evaluation.
[365680] eval_return 4664.0 / eval_length 1523.4 / eval_episodes 5.0
add_video needs package moviepy
Start training.
[365680] model_loss 15.6 / model_grad_norm 23.7 / image_loss 5.0 / reward_loss 0.1 / cont_loss 0.0 / kl_free 1.0 / dyn_scale 0.5 / rep_scale 0.1 / dyn_loss 17.4 / rep_loss 17.4 / kl 17.4 / prior_abs_ent 34.0 / post_abs_ent -27.6 / prior_obs_ent 7.7 / post_obs_ent -8.0 / boundary_ratio 0.0 / kl_mask 0.0 / normed_target_mean 0.6 / normed_target_std 0.3 / normed_target_min -0.1 / normed_target_max 1.1 / EMA_005 80.3 / EMA_095 1273.1 / value_mean 768.0 / value_std 387.2 / value_min 10.3 / value_max 1371.2 / target_mean 770.0 / target_std 388.9 / target_min 11.3 / target_max 1399.1 / imag_reward_mean 2.1 / imag_reward_std 4.9 / imag_reward_min -0.0 / imag_reward_max 26.1 / imag_action_mean 8.3 / imag_action_std 5.1 / imag_action_min 0.0 / imag_action_max 17.0 / actor_entropy 0.4 / actor_loss 0.4 / actor_grad_norm 9.5 / value_loss 1.3 / value_grad_norm 1.6 / update_count 89020.0 / fps 12.0
add_video needs package moviepy
add_video needs package moviepy
[366304] 
Start evaluation.
[366304] eval_return 3324.0 / eval_length 1085.0 / eval_episodes 5.0
add_video needs package moviepy
Start training.
[366304] model_loss 15.7 / model_grad_norm 25.3 / image_loss 5.0 / reward_loss 0.1 / cont_loss 0.0 / kl_free 1.0 / dyn_scale 0.5 / rep_scale 0.1 / dyn_loss 17.6 / rep_loss 17.6 / kl 17.6 / prior_abs_ent 34.2 / post_abs_ent -27.6 / prior_obs_ent 7.7 / post_obs_ent -8.2 / boundary_ratio 0.0 / kl_mask 0.0 / normed_target_mean 0.6 / normed_target_std 0.3 / normed_target_min -0.1 / normed_target_max 1.1 / EMA_005 72.9 / EMA_095 1265.2 / value_mean 786.4 / value_std 384.9 / value_min 9.2 / value_max 1371.7 / target_mean 788.8 / target_std 386.3 / target_min 9.8 / target_max 1397.2 / imag_reward_mean 2.2 / imag_reward_std 5.0 / imag_reward_min -0.0 / imag_reward_max 26.5 / imag_action_mean 8.2 / imag_action_std 5.2 / imag_action_min 0.0 / imag_action_max 17.0 / actor_entropy 0.4 / actor_loss 0.6 / actor_grad_norm 9.7 / value_loss 1.3 / value_grad_norm 1.5 / update_count 89176.0 / fps 13.3
add_video needs package moviepy
add_video needs package moviepy
[366820] dataset_size 91705.0 / train_return 4950.0 / train_length 1447.0 / train_episodes 66.0
[366928] 
Start evaluation.
[366928] eval_return 4848.0 / eval_length 1343.2 / eval_episodes 5.0
add_video needs package moviepy
Start training.
[366928] model_loss 15.7 / model_grad_norm 25.1 / image_loss 5.1 / reward_loss 0.1 / cont_loss 0.0 / kl_free 1.0 / dyn_scale 0.5 / rep_scale 0.1 / dyn_loss 17.5 / rep_loss 17.5 / kl 17.5 / prior_abs_ent 34.4 / post_abs_ent -27.6 / prior_obs_ent 7.9 / post_obs_ent -7.8 / boundary_ratio 0.0 / kl_mask 0.0 / normed_target_mean 0.6 / normed_target_std 0.3 / normed_target_min -0.1 / normed_target_max 1.1 / EMA_005 80.3 / EMA_095 1270.5 / value_mean 778.9 / value_std 386.6 / value_min 17.2 / value_max 1369.7 / target_mean 780.7 / target_std 388.2 / target_min 18.1 / target_max 1397.9 / imag_reward_mean 2.1 / imag_reward_std 4.9 / imag_reward_min -0.0 / imag_reward_max 26.2 / imag_action_mean 8.1 / imag_action_std 5.2 / imag_action_min 0.0 / imag_action_max 17.0 / actor_entropy 0.4 / actor_loss 0.3 / actor_grad_norm 9.7 / value_loss 1.3 / value_grad_norm 1.6 / update_count 89332.0 / fps 12.2
add_video needs package moviepy
add_video needs package moviepy
[367552] 
Start evaluation.
[367552] eval_return 4436.0 / eval_length 1287.0 / eval_episodes 5.0
add_video needs package moviepy
Start training.
[367552] model_loss 15.5 / model_grad_norm 24.1 / image_loss 5.0 / reward_loss 0.1 / cont_loss 0.0 / kl_free 1.0 / dyn_scale 0.5 / rep_scale 0.1 / dyn_loss 17.3 / rep_loss 17.3 / kl 17.3 / prior_abs_ent 33.9 / post_abs_ent -27.6 / prior_obs_ent 7.6 / post_obs_ent -8.0 / boundary_ratio 0.0 / kl_mask 0.0 / normed_target_mean 0.6 / normed_target_std 0.3 / normed_target_min -0.1 / normed_target_max 1.1 / EMA_005 86.3 / EMA_095 1281.7 / value_mean 792.3 / value_std 387.4 / value_min 19.4 / value_max 1376.0 / target_mean 794.4 / target_std 388.6 / target_min 23.6 / target_max 1409.0 / imag_reward_mean 2.2 / imag_reward_std 4.9 / imag_reward_min -0.0 / imag_reward_max 25.3 / imag_action_mean 8.0 / imag_action_std 5.2 / imag_action_min 0.0 / imag_action_max 17.0 / actor_entropy 0.4 / actor_loss 0.5 / actor_grad_norm 9.3 / value_loss 1.3 / value_grad_norm 1.5 / update_count 89488.0 / fps 12.4
add_video needs package moviepy
add_video needs package moviepy
[368176] 
Start evaluation.
[368176] eval_return 4738.0 / eval_length 1275.8 / eval_episodes 5.0
add_video needs package moviepy
Start training.
[368176] model_loss 15.9 / model_grad_norm 26.8 / image_loss 5.2 / reward_loss 0.1 / cont_loss 0.0 / kl_free 1.0 / dyn_scale 0.5 / rep_scale 0.1 / dyn_loss 17.6 / rep_loss 17.6 / kl 17.6 / prior_abs_ent 34.4 / post_abs_ent -27.6 / prior_obs_ent 7.8 / post_obs_ent -8.0 / boundary_ratio 0.0 / kl_mask 0.0 / normed_target_mean 0.6 / normed_target_std 0.3 / normed_target_min -0.1 / normed_target_max 1.1 / EMA_005 79.5 / EMA_095 1282.7 / value_mean 781.1 / value_std 389.8 / value_min 12.2 / value_max 1376.7 / target_mean 783.0 / target_std 391.3 / target_min 14.3 / target_max 1406.7 / imag_reward_mean 2.1 / imag_reward_std 4.9 / imag_reward_min -0.0 / imag_reward_max 25.0 / imag_action_mean 8.0 / imag_action_std 5.2 / imag_action_min 0.0 / imag_action_max 17.0 / actor_entropy 0.4 / actor_loss 0.3 / actor_grad_norm 9.7 / value_loss 1.3 / value_grad_norm 1.6 / update_count 89644.0 / fps 12.5
add_video needs package moviepy
add_video needs package moviepy
[368800] 
Start evaluation.
[368800] eval_return 4646.0 / eval_length 1308.4 / eval_episodes 5.0
add_video needs package moviepy
Start training.
[368800] model_loss 15.9 / model_grad_norm 30.5 / image_loss 5.2 / reward_loss 0.1 / cont_loss 0.0 / kl_free 1.0 / dyn_scale 0.5 / rep_scale 0.1 / dyn_loss 17.7 / rep_loss 17.7 / kl 17.7 / prior_abs_ent 34.1 / post_abs_ent -27.6 / prior_obs_ent 8.0 / post_obs_ent -7.9 / boundary_ratio 0.0 / kl_mask 0.0 / normed_target_mean 0.6 / normed_target_std 0.3 / normed_target_min -0.0 / normed_target_max 1.1 / EMA_005 68.4 / EMA_095 1281.3 / value_mean 790.0 / value_std 391.3 / value_min 8.2 / value_max 1379.9 / target_mean 791.9 / target_std 392.9 / target_min 9.0 / target_max 1411.5 / imag_reward_mean 2.2 / imag_reward_std 4.9 / imag_reward_min -0.0 / imag_reward_max 26.0 / imag_action_mean 8.0 / imag_action_std 5.1 / imag_action_min 0.0 / imag_action_max 17.0 / actor_entropy 0.4 / actor_loss 0.4 / actor_grad_norm 9.9 / value_loss 1.3 / value_grad_norm 1.6 / update_count 89800.0 / fps 12.3
add_video needs package moviepy
add_video needs package moviepy
[369424] 
Start evaluation.
[369424] eval_return 4758.0 / eval_length 1323.8 / eval_episodes 5.0
add_video needs package moviepy
Start training.
[369424] model_loss 15.7 / model_grad_norm 24.6 / image_loss 5.2 / reward_loss 0.1 / cont_loss 0.0 / kl_free 1.0 / dyn_scale 0.5 / rep_scale 0.1 / dyn_loss 17.5 / rep_loss 17.5 / kl 17.5 / prior_abs_ent 34.1 / post_abs_ent -27.5 / prior_obs_ent 7.9 / post_obs_ent -7.8 / boundary_ratio 0.0 / kl_mask 0.0 / normed_target_mean 0.6 / normed_target_std 0.3 / normed_target_min -0.0 / normed_target_max 1.1 / EMA_005 68.2 / EMA_095 1284.7 / value_mean 791.0 / value_std 391.8 / value_min 16.5 / value_max 1381.7 / target_mean 792.9 / target_std 393.5 / target_min 18.4 / target_max 1412.0 / imag_reward_mean 2.2 / imag_reward_std 4.9 / imag_reward_min -0.0 / imag_reward_max 25.5 / imag_action_mean 8.2 / imag_action_std 5.1 / imag_action_min 0.0 / imag_action_max 17.0 / actor_entropy 0.4 / actor_loss 0.4 / actor_grad_norm 9.5 / value_loss 1.3 / value_grad_norm 1.5 / update_count 89956.0 / fps 12.3
add_video needs package moviepy
add_video needs package moviepy
[370048] 
Start evaluation.
[370048] eval_return 5156.0 / eval_length 1413.4 / eval_episodes 5.0
add_video needs package moviepy
Start training.
[370048] model_loss 15.8 / model_grad_norm 25.1 / image_loss 5.2 / reward_loss 0.1 / cont_loss 0.0 / kl_free 1.0 / dyn_scale 0.5 / rep_scale 0.1 / dyn_loss 17.6 / rep_loss 17.6 / kl 17.6 / prior_abs_ent 34.3 / post_abs_ent -27.6 / prior_obs_ent 7.7 / post_obs_ent -8.2 / boundary_ratio 0.0 / kl_mask 0.0 / normed_target_mean 0.6 / normed_target_std 0.3 / normed_target_min -0.0 / normed_target_max 1.1 / EMA_005 67.7 / EMA_095 1287.9 / value_mean 799.8 / value_std 391.4 / value_min 8.8 / value_max 1378.2 / target_mean 801.6 / target_std 393.0 / target_min 9.5 / target_max 1410.3 / imag_reward_mean 2.2 / imag_reward_std 5.0 / imag_reward_min -0.0 / imag_reward_max 26.0 / imag_action_mean 8.3 / imag_action_std 5.1 / imag_action_min 0.0 / imag_action_max 17.0 / actor_entropy 0.4 / actor_loss 0.4 / actor_grad_norm 9.8 / value_loss 1.3 / value_grad_norm 1.5 / update_count 90112.0 / fps 12.1
add_video needs package moviepy
add_video needs package moviepy
[370672] 
Start evaluation.
[370672] eval_return 4604.0 / eval_length 1383.6 / eval_episodes 5.0
add_video needs package moviepy
Start training.
[370672] model_loss 15.8 / model_grad_norm 27.1 / image_loss 5.1 / reward_loss 0.1 / cont_loss 0.0 / kl_free 1.0 / dyn_scale 0.5 / rep_scale 0.1 / dyn_loss 17.7 / rep_loss 17.7 / kl 17.7 / prior_abs_ent 34.2 / post_abs_ent -27.6 / prior_obs_ent 8.0 / post_obs_ent -7.9 / boundary_ratio 0.0 / kl_mask 0.0 / normed_target_mean 0.6 / normed_target_std 0.3 / normed_target_min -0.0 / normed_target_max 1.1 / EMA_005 64.3 / EMA_095 1281.9 / value_mean 789.7 / value_std 398.1 / value_min 17.0 / value_max 1373.0 / target_mean 791.5 / target_std 399.4 / target_min 18.0 / target_max 1403.4 / imag_reward_mean 2.1 / imag_reward_std 4.9 / imag_reward_min -0.0 / imag_reward_max 25.1 / imag_action_mean 8.3 / imag_action_std 5.2 / imag_action_min 0.0 / imag_action_max 17.0 / actor_entropy 0.4 / actor_loss 0.3 / actor_grad_norm 9.9 / value_loss 1.3 / value_grad_norm 1.5 / update_count 90268.0 / fps 12.1
add_video needs package moviepy
add_video needs package moviepy
[371060] dataset_size 92765.0 / train_return 2900.0 / train_length 1060.0 / train_episodes 67.0
[371296] 
Start evaluation.
[371296] eval_return 4370.0 / eval_length 1458.0 / eval_episodes 5.0
add_video needs package moviepy
Start training.
[371296] model_loss 15.8 / model_grad_norm 28.2 / image_loss 5.1 / reward_loss 0.1 / cont_loss 0.0 / kl_free 1.0 / dyn_scale 0.5 / rep_scale 0.1 / dyn_loss 17.6 / rep_loss 17.6 / kl 17.6 / prior_abs_ent 34.4 / post_abs_ent -27.6 / prior_obs_ent 8.0 / post_obs_ent -7.9 / boundary_ratio 0.0 / kl_mask 0.0 / normed_target_mean 0.6 / normed_target_std 0.3 / normed_target_min -0.0 / normed_target_max 1.1 / EMA_005 64.7 / EMA_095 1287.8 / value_mean 802.8 / value_std 398.6 / value_min 12.9 / value_max 1385.6 / target_mean 804.7 / target_std 400.0 / target_min 12.3 / target_max 1419.4 / imag_reward_mean 2.2 / imag_reward_std 5.0 / imag_reward_min -0.0 / imag_reward_max 25.3 / imag_action_mean 8.1 / imag_action_std 5.2 / imag_action_min 0.0 / imag_action_max 17.0 / actor_entropy 0.4 / actor_loss 0.4 / actor_grad_norm 9.4 / value_loss 1.3 / value_grad_norm 1.5 / update_count 90424.0 / fps 11.7
add_video needs package moviepy
add_video needs package moviepy
[371920] 
Start evaluation.
[371920] eval_return 4828.0 / eval_length 1401.8 / eval_episodes 5.0
add_video needs package moviepy
Start training.
[371920] model_loss 15.9 / model_grad_norm 27.0 / image_loss 5.2 / reward_loss 0.1 / cont_loss 0.0 / kl_free 1.0 / dyn_scale 0.5 / rep_scale 0.1 / dyn_loss 17.7 / rep_loss 17.7 / kl 17.7 / prior_abs_ent 34.2 / post_abs_ent -27.6 / prior_obs_ent 8.2 / post_obs_ent -7.8 / boundary_ratio 0.0 / kl_mask 0.0 / normed_target_mean 0.6 / normed_target_std 0.3 / normed_target_min -0.0 / normed_target_max 1.1 / EMA_005 73.9 / EMA_095 1295.5 / value_mean 805.0 / value_std 389.4 / value_min 16.7 / value_max 1382.9 / target_mean 806.8 / target_std 390.6 / target_min 19.2 / target_max 1414.9 / imag_reward_mean 2.2 / imag_reward_std 5.0 / imag_reward_min -0.0 / imag_reward_max 25.6 / imag_action_mean 8.0 / imag_action_std 5.1 / imag_action_min 0.0 / imag_action_max 17.0 / actor_entropy 0.4 / actor_loss 0.4 / actor_grad_norm 9.8 / value_loss 1.3 / value_grad_norm 1.5 / update_count 90580.0 / fps 12.1
add_video needs package moviepy
add_video needs package moviepy
[372544] 
Start evaluation.
[372544] eval_return 4710.0 / eval_length 1390.2 / eval_episodes 5.0
add_video needs package moviepy
Start training.
[372544] model_loss 15.7 / model_grad_norm 26.7 / image_loss 5.1 / reward_loss 0.1 / cont_loss 0.0 / kl_free 1.0 / dyn_scale 0.5 / rep_scale 0.1 / dyn_loss 17.5 / rep_loss 17.5 / kl 17.5 / prior_abs_ent 34.2 / post_abs_ent -27.6 / prior_obs_ent 7.8 / post_obs_ent -8.0 / boundary_ratio 0.0 / kl_mask 0.0 / normed_target_mean 0.6 / normed_target_std 0.3 / normed_target_min -0.0 / normed_target_max 1.1 / EMA_005 73.9 / EMA_095 1296.4 / value_mean 796.2 / value_std 394.9 / value_min 19.8 / value_max 1382.9 / target_mean 798.3 / target_std 396.4 / target_min 20.8 / target_max 1416.7 / imag_reward_mean 2.1 / imag_reward_std 4.9 / imag_reward_min -0.0 / imag_reward_max 25.6 / imag_action_mean 8.1 / imag_action_std 5.1 / imag_action_min 0.0 / imag_action_max 17.0 / actor_entropy 0.4 / actor_loss 0.3 / actor_grad_norm 10.2 / value_loss 1.3 / value_grad_norm 1.7 / update_count 90736.0 / fps 12.2
add_video needs package moviepy
add_video needs package moviepy
[373168] 
Start evaluation.
[373168] eval_return 5332.0 / eval_length 1426.0 / eval_episodes 5.0
add_video needs package moviepy
Start training.
[373168] model_loss 15.9 / model_grad_norm 26.6 / image_loss 5.2 / reward_loss 0.1 / cont_loss 0.0 / kl_free 1.0 / dyn_scale 0.5 / rep_scale 0.1 / dyn_loss 17.6 / rep_loss 17.6 / kl 17.6 / prior_abs_ent 34.3 / post_abs_ent -27.5 / prior_obs_ent 7.8 / post_obs_ent -8.0 / boundary_ratio 0.0 / kl_mask 0.0 / normed_target_mean 0.6 / normed_target_std 0.3 / normed_target_min -0.1 / normed_target_max 1.1 / EMA_005 83.6 / EMA_095 1298.9 / value_mean 807.5 / value_std 395.8 / value_min 15.6 / value_max 1386.0 / target_mean 809.1 / target_std 397.0 / target_min 18.2 / target_max 1419.0 / imag_reward_mean 2.1 / imag_reward_std 4.9 / imag_reward_min -0.0 / imag_reward_max 24.6 / imag_action_mean 8.1 / imag_action_std 5.2 / imag_action_min 0.0 / imag_action_max 17.0 / actor_entropy 0.4 / actor_loss 0.2 / actor_grad_norm 9.9 / value_loss 1.3 / value_grad_norm 1.5 / update_count 90892.0 / fps 12.1
add_video needs package moviepy
add_video needs package moviepy
[373792] 
Start evaluation.
[373792] eval_return 4720.0 / eval_length 1301.8 / eval_episodes 5.0
add_video needs package moviepy
Start training.
[373792] model_loss 15.8 / model_grad_norm 25.8 / image_loss 5.1 / reward_loss 0.1 / cont_loss 0.0 / kl_free 1.0 / dyn_scale 0.5 / rep_scale 0.1 / dyn_loss 17.6 / rep_loss 17.6 / kl 17.6 / prior_abs_ent 34.3 / post_abs_ent -27.5 / prior_obs_ent 7.9 / post_obs_ent -7.9 / boundary_ratio 0.0 / kl_mask 0.0 / normed_target_mean 0.6 / normed_target_std 0.3 / normed_target_min -0.0 / normed_target_max 1.1 / EMA_005 76.2 / EMA_095 1300.2 / value_mean 792.0 / value_std 400.8 / value_min 16.5 / value_max 1384.1 / target_mean 793.3 / target_std 402.0 / target_min 18.5 / target_max 1414.4 / imag_reward_mean 2.1 / imag_reward_std 4.9 / imag_reward_min -0.0 / imag_reward_max 25.4 / imag_action_mean 8.3 / imag_action_std 5.2 / imag_action_min 0.0 / imag_action_max 17.0 / actor_entropy 0.4 / actor_loss 0.1 / actor_grad_norm 10.0 / value_loss 1.3 / value_grad_norm 1.5 / update_count 91048.0 / fps 12.4
add_video needs package moviepy
add_video needs package moviepy
[374416] 
Start evaluation.
[374416] eval_return 4442.0 / eval_length 1364.0 / eval_episodes 5.0
add_video needs package moviepy
Start training.
[374416] model_loss 15.8 / model_grad_norm 27.1 / image_loss 5.1 / reward_loss 0.1 / cont_loss 0.0 / kl_free 1.0 / dyn_scale 0.5 / rep_scale 0.1 / dyn_loss 17.7 / rep_loss 17.7 / kl 17.7 / prior_abs_ent 34.6 / post_abs_ent -27.5 / prior_obs_ent 8.3 / post_obs_ent -7.7 / boundary_ratio 0.0 / kl_mask 0.0 / normed_target_mean 0.6 / normed_target_std 0.3 / normed_target_min -0.0 / normed_target_max 1.1 / EMA_005 71.3 / EMA_095 1297.4 / value_mean 797.8 / value_std 401.6 / value_min 14.7 / value_max 1386.5 / target_mean 799.7 / target_std 402.6 / target_min 15.0 / target_max 1423.2 / imag_reward_mean 2.2 / imag_reward_std 5.0 / imag_reward_min -0.0 / imag_reward_max 26.0 / imag_action_mean 8.4 / imag_action_std 5.3 / imag_action_min 0.0 / imag_action_max 17.0 / actor_entropy 0.4 / actor_loss 0.4 / actor_grad_norm 10.0 / value_loss 1.3 / value_grad_norm 1.6 / update_count 91204.0 / fps 12.2
add_video needs package moviepy
add_video needs package moviepy
[375040] 
Start evaluation.
[375040] eval_return 4592.0 / eval_length 1406.4 / eval_episodes 5.0
add_video needs package moviepy
Start training.
[375040] model_loss 15.8 / model_grad_norm 25.0 / image_loss 5.2 / reward_loss 0.1 / cont_loss 0.0 / kl_free 1.0 / dyn_scale 0.5 / rep_scale 0.1 / dyn_loss 17.5 / rep_loss 17.5 / kl 17.5 / prior_abs_ent 34.0 / post_abs_ent -27.5 / prior_obs_ent 7.8 / post_obs_ent -7.9 / boundary_ratio 0.0 / kl_mask 0.0 / normed_target_mean 0.6 / normed_target_std 0.3 / normed_target_min -0.0 / normed_target_max 1.1 / EMA_005 75.6 / EMA_095 1299.0 / value_mean 805.7 / value_std 394.0 / value_min 17.1 / value_max 1384.6 / target_mean 807.7 / target_std 395.3 / target_min 19.1 / target_max 1420.3 / imag_reward_mean 2.2 / imag_reward_std 5.0 / imag_reward_min -0.0 / imag_reward_max 25.6 / imag_action_mean 8.4 / imag_action_std 5.3 / imag_action_min 0.0 / imag_action_max 17.0 / actor_entropy 0.4 / actor_loss 0.5 / actor_grad_norm 10.2 / value_loss 1.3 / value_grad_norm 1.5 / update_count 91360.0 / fps 12.1
add_video needs package moviepy
add_video needs package moviepy
[375664] 
Start evaluation.
[375664] eval_return 5452.0 / eval_length 1584.6 / eval_episodes 5.0
add_video needs package moviepy
Start training.
[375664] model_loss 15.8 / model_grad_norm 26.6 / image_loss 5.1 / reward_loss 0.1 / cont_loss 0.0 / kl_free 1.0 / dyn_scale 0.5 / rep_scale 0.1 / dyn_loss 17.7 / rep_loss 17.7 / kl 17.7 / prior_abs_ent 34.0 / post_abs_ent -27.5 / prior_obs_ent 8.0 / post_obs_ent -7.9 / boundary_ratio 0.0 / kl_mask 0.0 / normed_target_mean 0.6 / normed_target_std 0.3 / normed_target_min -0.1 / normed_target_max 1.1 / EMA_005 82.5 / EMA_095 1303.8 / value_mean 821.3 / value_std 391.4 / value_min 16.5 / value_max 1386.5 / target_mean 823.3 / target_std 392.4 / target_min 16.3 / target_max 1423.7 / imag_reward_mean 2.2 / imag_reward_std 5.0 / imag_reward_min -0.0 / imag_reward_max 25.4 / imag_action_mean 8.6 / imag_action_std 5.2 / imag_action_min 0.0 / imag_action_max 17.0 / actor_entropy 0.4 / actor_loss 0.4 / actor_grad_norm 10.1 / value_loss 1.3 / value_grad_norm 1.4 / update_count 91516.0 / fps 11.7
add_video needs package moviepy
add_video needs package moviepy
[376288] 
Start evaluation.
[376288] eval_return 4794.0 / eval_length 1334.2 / eval_episodes 5.0
add_video needs package moviepy
Start training.
[376288] model_loss 15.9 / model_grad_norm 26.7 / image_loss 5.2 / reward_loss 0.1 / cont_loss 0.0 / kl_free 1.0 / dyn_scale 0.5 / rep_scale 0.1 / dyn_loss 17.7 / rep_loss 17.7 / kl 17.7 / prior_abs_ent 33.9 / post_abs_ent -27.5 / prior_obs_ent 8.2 / post_obs_ent -7.7 / boundary_ratio 0.0 / kl_mask 0.0 / normed_target_mean 0.6 / normed_target_std 0.3 / normed_target_min -0.0 / normed_target_max 1.1 / EMA_005 75.0 / EMA_095 1303.1 / value_mean 807.9 / value_std 395.8 / value_min 15.0 / value_max 1385.4 / target_mean 809.9 / target_std 397.0 / target_min 14.2 / target_max 1419.7 / imag_reward_mean 2.2 / imag_reward_std 5.0 / imag_reward_min -0.0 / imag_reward_max 25.3 / imag_action_mean 8.5 / imag_action_std 5.2 / imag_action_min 0.0 / imag_action_max 17.0 / actor_entropy 0.4 / actor_loss 0.4 / actor_grad_norm 10.5 / value_loss 1.3 / value_grad_norm 1.6 / update_count 91672.0 / fps 12.4
add_video needs package moviepy
add_video needs package moviepy
[376912] 
Start evaluation.
[376912] eval_return 4724.0 / eval_length 1436.6 / eval_episodes 5.0
add_video needs package moviepy
Start training.
[376912] model_loss 15.9 / model_grad_norm 24.7 / image_loss 5.2 / reward_loss 0.1 / cont_loss 0.0 / kl_free 1.0 / dyn_scale 0.5 / rep_scale 0.1 / dyn_loss 17.6 / rep_loss 17.6 / kl 17.6 / prior_abs_ent 34.4 / post_abs_ent -27.5 / prior_obs_ent 8.2 / post_obs_ent -7.7 / boundary_ratio 0.0 / kl_mask 0.0 / normed_target_mean 0.6 / normed_target_std 0.3 / normed_target_min -0.1 / normed_target_max 1.1 / EMA_005 82.8 / EMA_095 1310.5 / value_mean 820.1 / value_std 394.5 / value_min 16.8 / value_max 1388.5 / target_mean 821.7 / target_std 396.0 / target_min 18.1 / target_max 1423.0 / imag_reward_mean 2.2 / imag_reward_std 5.0 / imag_reward_min -0.0 / imag_reward_max 25.6 / imag_action_mean 8.3 / imag_action_std 5.2 / imag_action_min 0.0 / imag_action_max 17.0 / actor_entropy 0.4 / actor_loss 0.3 / actor_grad_norm 10.3 / value_loss 1.3 / value_grad_norm 1.5 / update_count 91828.0 / fps 12.2
add_video needs package moviepy
add_video needs package moviepy
[377088] dataset_size 94272.0 / train_return 4780.0 / train_length 1507.0 / train_episodes 68.0
[377536] 
Start evaluation.
[377536] eval_return 4372.0 / eval_length 1289.4 / eval_episodes 5.0
add_video needs package moviepy
Start training.
[377536] model_loss 15.8 / model_grad_norm 25.8 / image_loss 5.1 / reward_loss 0.1 / cont_loss 0.0 / kl_free 1.0 / dyn_scale 0.5 / rep_scale 0.1 / dyn_loss 17.6 / rep_loss 17.6 / kl 17.6 / prior_abs_ent 34.2 / post_abs_ent -27.5 / prior_obs_ent 7.9 / post_obs_ent -7.9 / boundary_ratio 0.0 / kl_mask 0.0 / normed_target_mean 0.6 / normed_target_std 0.3 / normed_target_min -0.0 / normed_target_max 1.1 / EMA_005 86.6 / EMA_095 1312.5 / value_mean 818.0 / value_std 394.7 / value_min 28.7 / value_max 1390.6 / target_mean 820.0 / target_std 395.7 / target_min 30.2 / target_max 1427.9 / imag_reward_mean 2.2 / imag_reward_std 5.0 / imag_reward_min -0.0 / imag_reward_max 25.4 / imag_action_mean 8.3 / imag_action_std 5.1 / imag_action_min 0.0 / imag_action_max 17.0 / actor_entropy 0.4 / actor_loss 0.4 / actor_grad_norm 10.2 / value_loss 1.3 / value_grad_norm 1.6 / update_count 91984.0 / fps 12.6
add_video needs package moviepy
add_video needs package moviepy
[378160] 
Start evaluation.
[378160] eval_return 4398.0 / eval_length 1347.4 / eval_episodes 5.0
add_video needs package moviepy
Start training.
[378160] model_loss 16.0 / model_grad_norm 27.7 / image_loss 5.3 / reward_loss 0.1 / cont_loss 0.0 / kl_free 1.0 / dyn_scale 0.5 / rep_scale 0.1 / dyn_loss 17.8 / rep_loss 17.8 / kl 17.8 / prior_abs_ent 34.3 / post_abs_ent -27.5 / prior_obs_ent 8.1 / post_obs_ent -7.9 / boundary_ratio 0.0 / kl_mask 0.0 / normed_target_mean 0.6 / normed_target_std 0.3 / normed_target_min -0.1 / normed_target_max 1.1 / EMA_005 86.4 / EMA_095 1310.3 / value_mean 804.5 / value_std 397.8 / value_min 19.3 / value_max 1389.2 / target_mean 806.5 / target_std 398.5 / target_min 19.3 / target_max 1422.9 / imag_reward_mean 2.2 / imag_reward_std 5.0 / imag_reward_min -0.0 / imag_reward_max 24.5 / imag_action_mean 8.5 / imag_action_std 5.1 / imag_action_min 0.0 / imag_action_max 17.0 / actor_entropy 0.4 / actor_loss 0.3 / actor_grad_norm 10.4 / value_loss 1.3 / value_grad_norm 1.6 / update_count 92140.0 / fps 12.4
add_video needs package moviepy
add_video needs package moviepy
[378784] 
Start evaluation.
[378784] eval_return 4966.0 / eval_length 1419.4 / eval_episodes 5.0
add_video needs package moviepy
Start training.
[378784] model_loss 21.3 / model_grad_norm 112.4 / image_loss 8.7 / reward_loss 0.2 / cont_loss 0.0 / kl_free 1.0 / dyn_scale 0.5 / rep_scale 0.1 / dyn_loss 20.7 / rep_loss 20.7 / kl 20.7 / prior_abs_ent 33.3 / post_abs_ent -27.8 / prior_obs_ent 15.9 / post_obs_ent -2.1 / boundary_ratio 0.0 / kl_mask 0.0 / normed_target_mean 0.6 / normed_target_std 0.3 / normed_target_min -0.1 / normed_target_max 1.1 / EMA_005 74.2 / EMA_095 1298.1 / value_mean 799.0 / value_std 395.7 / value_min 11.6 / value_max 1393.8 / target_mean 798.1 / target_std 396.0 / target_min 11.7 / target_max 1411.4 / imag_reward_mean 2.0 / imag_reward_std 4.6 / imag_reward_min -0.0 / imag_reward_max 24.9 / imag_action_mean 8.5 / imag_action_std 5.2 / imag_action_min 0.0 / imag_action_max 17.0 / actor_entropy 0.4 / actor_loss -1.0 / actor_grad_norm 17.0 / value_loss 1.5 / value_grad_norm 2.5 / update_count 92296.0 / fps 12.3
add_video needs package moviepy
add_video needs package moviepy
[379408] 
Start evaluation.
[379408] eval_return 5132.0 / eval_length 1409.2 / eval_episodes 5.0
add_video needs package moviepy
Start training.
[379408] model_loss 17.7 / model_grad_norm 29.7 / image_loss 6.2 / reward_loss 0.1 / cont_loss 0.0 / kl_free 1.0 / dyn_scale 0.5 / rep_scale 0.1 / dyn_loss 19.0 / rep_loss 19.0 / kl 19.0 / prior_abs_ent 32.8 / post_abs_ent -28.0 / prior_obs_ent 16.5 / post_obs_ent -0.8 / boundary_ratio 0.0 / kl_mask 0.0 / normed_target_mean 0.6 / normed_target_std 0.3 / normed_target_min -0.1 / normed_target_max 1.1 / EMA_005 82.0 / EMA_095 1289.4 / value_mean 810.5 / value_std 389.9 / value_min 18.0 / value_max 1385.1 / target_mean 810.5 / target_std 390.6 / target_min 21.2 / target_max 1415.8 / imag_reward_mean 2.1 / imag_reward_std 4.8 / imag_reward_min -0.0 / imag_reward_max 24.9 / imag_action_mean 8.2 / imag_action_std 5.2 / imag_action_min 0.0 / imag_action_max 17.0 / actor_entropy 0.4 / actor_loss -0.4 / actor_grad_norm 11.4 / value_loss 1.3 / value_grad_norm 1.7 / update_count 92452.0 / fps 12.3
add_video needs package moviepy
add_video needs package moviepy
[380032] 
Start evaluation.
[380032] eval_return 4788.0 / eval_length 1394.2 / eval_episodes 5.0
add_video needs package moviepy
Start training.
[380032] model_loss 16.5 / model_grad_norm 24.6 / image_loss 5.5 / reward_loss 0.1 / cont_loss 0.0 / kl_free 1.0 / dyn_scale 0.5 / rep_scale 0.1 / dyn_loss 18.1 / rep_loss 18.1 / kl 18.1 / prior_abs_ent 33.5 / post_abs_ent -28.1 / prior_obs_ent 12.6 / post_obs_ent -3.8 / boundary_ratio 0.0 / kl_mask 0.0 / normed_target_mean 0.6 / normed_target_std 0.3 / normed_target_min -0.0 / normed_target_max 1.1 / EMA_005 79.1 / EMA_095 1295.0 / value_mean 804.2 / value_std 393.8 / value_min 20.1 / value_max 1386.0 / target_mean 805.7 / target_std 394.8 / target_min 19.7 / target_max 1419.9 / imag_reward_mean 2.1 / imag_reward_std 4.9 / imag_reward_min -0.0 / imag_reward_max 26.6 / imag_action_mean 8.0 / imag_action_std 5.1 / imag_action_min 0.0 / imag_action_max 17.0 / actor_entropy 0.4 / actor_loss 0.2 / actor_grad_norm 11.1 / value_loss 1.3 / value_grad_norm 1.5 / update_count 92608.0 / fps 12.3
add_video needs package moviepy
add_video needs package moviepy
[380656] 
Start evaluation.
[380656] eval_return 4578.0 / eval_length 1314.2 / eval_episodes 5.0
add_video needs package moviepy
Start training.
[380656] model_loss 15.8 / model_grad_norm 19.8 / image_loss 5.1 / reward_loss 0.1 / cont_loss 0.0 / kl_free 1.0 / dyn_scale 0.5 / rep_scale 0.1 / dyn_loss 17.7 / rep_loss 17.7 / kl 17.7 / prior_abs_ent 33.6 / post_abs_ent -28.1 / prior_obs_ent 10.3 / post_obs_ent -5.7 / boundary_ratio 0.0 / kl_mask 0.0 / normed_target_mean 0.6 / normed_target_std 0.3 / normed_target_min -0.0 / normed_target_max 1.1 / EMA_005 75.8 / EMA_095 1303.1 / value_mean 799.4 / value_std 398.9 / value_min 17.8 / value_max 1387.2 / target_mean 801.7 / target_std 400.1 / target_min 18.6 / target_max 1427.5 / imag_reward_mean 2.2 / imag_reward_std 4.9 / imag_reward_min -0.0 / imag_reward_max 25.9 / imag_action_mean 7.9 / imag_action_std 5.1 / imag_action_min 0.0 / imag_action_max 17.0 / actor_entropy 0.4 / actor_loss 0.5 / actor_grad_norm 10.4 / value_loss 1.3 / value_grad_norm 1.6 / update_count 92764.0 / fps 12.5
add_video needs package moviepy
add_video needs package moviepy
[381280] 
Start evaluation.
[381280] eval_return 4670.0 / eval_length 1363.4 / eval_episodes 5.0
add_video needs package moviepy
Start training.
[381280] model_loss 15.9 / model_grad_norm 24.2 / image_loss 5.1 / reward_loss 0.1 / cont_loss 0.0 / kl_free 1.0 / dyn_scale 0.5 / rep_scale 0.1 / dyn_loss 17.8 / rep_loss 17.8 / kl 17.8 / prior_abs_ent 34.1 / post_abs_ent -28.1 / prior_obs_ent 9.6 / post_obs_ent -6.5 / boundary_ratio 0.0 / kl_mask 0.0 / normed_target_mean 0.6 / normed_target_std 0.3 / normed_target_min -0.1 / normed_target_max 1.1 / EMA_005 86.6 / EMA_095 1304.5 / value_mean 800.2 / value_std 394.7 / value_min 19.2 / value_max 1382.2 / target_mean 802.6 / target_std 395.7 / target_min 19.3 / target_max 1413.5 / imag_reward_mean 2.2 / imag_reward_std 4.9 / imag_reward_min -0.0 / imag_reward_max 25.6 / imag_action_mean 7.9 / imag_action_std 5.1 / imag_action_min 0.0 / imag_action_max 17.0 / actor_entropy 0.4 / actor_loss 0.6 / actor_grad_norm 10.9 / value_loss 1.3 / value_grad_norm 1.6 / update_count 92920.0 / fps 12.5
add_video needs package moviepy
add_video needs package moviepy
[381816] dataset_size 95454.0 / train_return 3770.0 / train_length 1182.0 / train_episodes 69.0
[381904] 
Start evaluation.
[381904] eval_return 5286.0 / eval_length 1434.2 / eval_episodes 5.0
add_video needs package moviepy
Start training.
[381904] model_loss 15.7 / model_grad_norm 24.9 / image_loss 5.1 / reward_loss 0.1 / cont_loss 0.0 / kl_free 1.0 / dyn_scale 0.5 / rep_scale 0.1 / dyn_loss 17.5 / rep_loss 17.5 / kl 17.5 / prior_abs_ent 33.8 / post_abs_ent -28.1 / prior_obs_ent 8.8 / post_obs_ent -7.0 / boundary_ratio 0.0 / kl_mask 0.0 / normed_target_mean 0.6 / normed_target_std 0.3 / normed_target_min -0.1 / normed_target_max 1.1 / EMA_005 81.0 / EMA_095 1300.7 / value_mean 792.8 / value_std 398.7 / value_min 13.9 / value_max 1387.8 / target_mean 795.7 / target_std 400.0 / target_min 13.8 / target_max 1425.7 / imag_reward_mean 2.2 / imag_reward_std 5.0 / imag_reward_min -0.0 / imag_reward_max 25.9 / imag_action_mean 7.7 / imag_action_std 5.1 / imag_action_min 0.0 / imag_action_max 17.0 / actor_entropy 0.4 / actor_loss 0.7 / actor_grad_norm 10.6 / value_loss 1.3 / value_grad_norm 1.5 / update_count 93076.0 / fps 12.2
add_video needs package moviepy
add_video needs package moviepy
[382528] 
Start evaluation.
[382528] eval_return 4812.0 / eval_length 1364.6 / eval_episodes 5.0
add_video needs package moviepy
Start training.
[382528] model_loss 15.6 / model_grad_norm 26.2 / image_loss 5.1 / reward_loss 0.1 / cont_loss 0.0 / kl_free 1.0 / dyn_scale 0.5 / rep_scale 0.1 / dyn_loss 17.4 / rep_loss 17.4 / kl 17.4 / prior_abs_ent 34.3 / post_abs_ent -28.1 / prior_obs_ent 8.6 / post_obs_ent -7.1 / boundary_ratio 0.0 / kl_mask 0.0 / normed_target_mean 0.6 / normed_target_std 0.3 / normed_target_min -0.0 / normed_target_max 1.1 / EMA_005 72.6 / EMA_095 1302.1 / value_mean 784.4 / value_std 407.2 / value_min 13.8 / value_max 1387.7 / target_mean 786.4 / target_std 408.5 / target_min 15.7 / target_max 1422.4 / imag_reward_mean 2.1 / imag_reward_std 4.9 / imag_reward_min -0.0 / imag_reward_max 24.9 / imag_action_mean 7.9 / imag_action_std 5.1 / imag_action_min 0.0 / imag_action_max 17.0 / actor_entropy 0.4 / actor_loss 0.3 / actor_grad_norm 10.1 / value_loss 1.3 / value_grad_norm 1.6 / update_count 93232.0 / fps 12.5
add_video needs package moviepy
add_video needs package moviepy
[383152] 
Start evaluation.
[383152] eval_return 4332.0 / eval_length 1284.4 / eval_episodes 5.0
add_video needs package moviepy
Start training.
[383152] model_loss 15.7 / model_grad_norm 23.6 / image_loss 5.1 / reward_loss 0.1 / cont_loss 0.0 / kl_free 1.0 / dyn_scale 0.5 / rep_scale 0.1 / dyn_loss 17.5 / rep_loss 17.5 / kl 17.5 / prior_abs_ent 34.2 / post_abs_ent -28.1 / prior_obs_ent 8.0 / post_obs_ent -7.8 / boundary_ratio 0.0 / kl_mask 0.0 / normed_target_mean 0.6 / normed_target_std 0.3 / normed_target_min -0.0 / normed_target_max 1.1 / EMA_005 73.1 / EMA_095 1305.8 / value_mean 800.0 / value_std 402.3 / value_min 14.2 / value_max 1390.4 / target_mean 802.3 / target_std 403.7 / target_min 14.6 / target_max 1427.4 / imag_reward_mean 2.2 / imag_reward_std 5.0 / imag_reward_min -0.0 / imag_reward_max 25.1 / imag_action_mean 7.9 / imag_action_std 5.1 / imag_action_min 0.0 / imag_action_max 17.0 / actor_entropy 0.4 / actor_loss 0.5 / actor_grad_norm 10.8 / value_loss 1.3 / value_grad_norm 1.6 / update_count 93388.0 / fps 12.6
add_video needs package moviepy
add_video needs package moviepy
[383776] 
Start evaluation.
[383776] eval_return 5048.0 / eval_length 1407.0 / eval_episodes 5.0
add_video needs package moviepy
Start training.
[383776] model_loss 15.5 / model_grad_norm 23.6 / image_loss 4.9 / reward_loss 0.1 / cont_loss 0.0 / kl_free 1.0 / dyn_scale 0.5 / rep_scale 0.1 / dyn_loss 17.5 / rep_loss 17.5 / kl 17.5 / prior_abs_ent 33.9 / post_abs_ent -28.1 / prior_obs_ent 7.7 / post_obs_ent -8.0 / boundary_ratio 0.0 / kl_mask 0.0 / normed_target_mean 0.6 / normed_target_std 0.3 / normed_target_min -0.1 / normed_target_max 1.1 / EMA_005 80.0 / EMA_095 1311.0 / value_mean 805.9 / value_std 401.6 / value_min 16.1 / value_max 1389.4 / target_mean 808.0 / target_std 403.0 / target_min 16.8 / target_max 1427.6 / imag_reward_mean 2.2 / imag_reward_std 5.0 / imag_reward_min -0.0 / imag_reward_max 25.5 / imag_action_mean 7.8 / imag_action_std 5.0 / imag_action_min 0.0 / imag_action_max 17.0 / actor_entropy 0.4 / actor_loss 0.4 / actor_grad_norm 10.3 / value_loss 1.3 / value_grad_norm 1.5 / update_count 93544.0 / fps 12.1
add_video needs package moviepy
add_video needs package moviepy
[384400] 
Start evaluation.
[384400] eval_return 4436.0 / eval_length 1382.0 / eval_episodes 5.0
add_video needs package moviepy
Start training.
[384400] model_loss 15.4 / model_grad_norm 25.2 / image_loss 5.0 / reward_loss 0.1 / cont_loss 0.0 / kl_free 1.0 / dyn_scale 0.5 / rep_scale 0.1 / dyn_loss 17.3 / rep_loss 17.3 / kl 17.3 / prior_abs_ent 33.6 / post_abs_ent -28.1 / prior_obs_ent 7.5 / post_obs_ent -8.1 / boundary_ratio 0.0 / kl_mask 0.0 / normed_target_mean 0.6 / normed_target_std 0.3 / normed_target_min -0.1 / normed_target_max 1.1 / EMA_005 83.4 / EMA_095 1308.8 / value_mean 808.9 / value_std 399.3 / value_min 16.5 / value_max 1389.2 / target_mean 810.6 / target_std 400.6 / target_min 16.6 / target_max 1429.1 / imag_reward_mean 2.2 / imag_reward_std 5.0 / imag_reward_min -0.0 / imag_reward_max 27.0 / imag_action_mean 7.9 / imag_action_std 5.0 / imag_action_min 0.0 / imag_action_max 17.0 / actor_entropy 0.4 / actor_loss 0.3 / actor_grad_norm 10.3 / value_loss 1.3 / value_grad_norm 1.5 / update_count 93700.0 / fps 12.3
add_video needs package moviepy
add_video needs package moviepy
[385024] 
Start evaluation.
[385024] eval_return 4672.0 / eval_length 1370.0 / eval_episodes 5.0
add_video needs package moviepy
Start training.
[385024] model_loss 15.5 / model_grad_norm 26.2 / image_loss 5.0 / reward_loss 0.1 / cont_loss 0.0 / kl_free 1.0 / dyn_scale 0.5 / rep_scale 0.1 / dyn_loss 17.4 / rep_loss 17.4 / kl 17.4 / prior_abs_ent 34.0 / post_abs_ent -28.1 / prior_obs_ent 7.4 / post_obs_ent -8.3 / boundary_ratio 0.0 / kl_mask 0.0 / normed_target_mean 0.6 / normed_target_std 0.3 / normed_target_min -0.0 / normed_target_max 1.1 / EMA_005 73.2 / EMA_095 1314.6 / value_mean 801.9 / value_std 406.4 / value_min 9.4 / value_max 1391.2 / target_mean 804.1 / target_std 407.7 / target_min 11.7 / target_max 1430.1 / imag_reward_mean 2.2 / imag_reward_std 5.0 / imag_reward_min -0.0 / imag_reward_max 25.4 / imag_action_mean 7.8 / imag_action_std 5.1 / imag_action_min 0.0 / imag_action_max 17.0 / actor_entropy 0.4 / actor_loss 0.6 / actor_grad_norm 10.4 / value_loss 1.3 / value_grad_norm 1.5 / update_count 93856.0 / fps 12.3
add_video needs package moviepy
add_video needs package moviepy
[385648] 
Start evaluation.
[385648] eval_return 3900.0 / eval_length 1382.0 / eval_episodes 5.0
add_video needs package moviepy
Start training.
[385648] model_loss 16.3 / model_grad_norm 38.5 / image_loss 5.3 / reward_loss 0.1 / cont_loss 0.0 / kl_free 1.0 / dyn_scale 0.5 / rep_scale 0.1 / dyn_loss 18.1 / rep_loss 18.1 / kl 18.1 / prior_abs_ent 34.1 / post_abs_ent -28.1 / prior_obs_ent 8.6 / post_obs_ent -7.4 / boundary_ratio 0.0 / kl_mask 0.0 / normed_target_mean 0.6 / normed_target_std 0.3 / normed_target_min -0.0 / normed_target_max 1.1 / EMA_005 75.2 / EMA_095 1315.2 / value_mean 813.7 / value_std 400.6 / value_min 16.6 / value_max 1388.1 / target_mean 815.4 / target_std 401.7 / target_min 16.7 / target_max 1425.2 / imag_reward_mean 2.2 / imag_reward_std 4.9 / imag_reward_min -0.0 / imag_reward_max 25.7 / imag_action_mean 7.9 / imag_action_std 5.0 / imag_action_min 0.0 / imag_action_max 17.0 / actor_entropy 0.4 / actor_loss 0.3 / actor_grad_norm 10.6 / value_loss 1.3 / value_grad_norm 1.6 / update_count 94012.0 / fps 12.3
add_video needs package moviepy
add_video needs package moviepy
[386272] 
Start evaluation.
[386272] eval_return 4530.0 / eval_length 1330.2 / eval_episodes 5.0
add_video needs package moviepy
Start training.
[386272] model_loss 19.4 / model_grad_norm 77.1 / image_loss 7.2 / reward_loss 0.1 / cont_loss 0.0 / kl_free 1.0 / dyn_scale 0.5 / rep_scale 0.1 / dyn_loss 20.1 / rep_loss 20.1 / kl 20.1 / prior_abs_ent 38.6 / post_abs_ent -28.1 / prior_obs_ent 16.2 / post_obs_ent -1.4 / boundary_ratio 0.0 / kl_mask 0.0 / normed_target_mean 0.5 / normed_target_std 0.3 / normed_target_min -0.1 / normed_target_max 1.1 / EMA_005 72.5 / EMA_095 1305.7 / value_mean 748.6 / value_std 402.9 / value_min 6.3 / value_max 1398.6 / target_mean 748.7 / target_std 402.6 / target_min 6.6 / target_max 1423.3 / imag_reward_mean 2.0 / imag_reward_std 4.7 / imag_reward_min -0.0 / imag_reward_max 24.7 / imag_action_mean 7.7 / imag_action_std 5.1 / imag_action_min 0.0 / imag_action_max 17.0 / actor_entropy 0.4 / actor_loss -0.4 / actor_grad_norm 16.4 / value_loss 1.5 / value_grad_norm 2.1 / update_count 94168.0 / fps 12.5
add_video needs package moviepy
add_video needs package moviepy
[386740] dataset_size 96685.0 / train_return 4190.0 / train_length 1231.0 / train_episodes 70.0
[386896] 
Start evaluation.
[386896] eval_return 4772.0 / eval_length 1446.4 / eval_episodes 5.0
add_video needs package moviepy
Start training.
[386896] model_loss 17.1 / model_grad_norm 34.6 / image_loss 5.9 / reward_loss 0.1 / cont_loss 0.0 / kl_free 1.0 / dyn_scale 0.5 / rep_scale 0.1 / dyn_loss 18.6 / rep_loss 18.6 / kl 18.6 / prior_abs_ent 37.7 / post_abs_ent -28.1 / prior_obs_ent 13.0 / post_obs_ent -3.7 / boundary_ratio 0.0 / kl_mask 0.0 / normed_target_mean 0.6 / normed_target_std 0.3 / normed_target_min -0.0 / normed_target_max 1.1 / EMA_005 68.5 / EMA_095 1302.2 / value_mean 771.6 / value_std 401.6 / value_min 12.3 / value_max 1392.9 / target_mean 773.6 / target_std 402.9 / target_min 12.9 / target_max 1426.8 / imag_reward_mean 2.1 / imag_reward_std 4.9 / imag_reward_min -0.0 / imag_reward_max 24.8 / imag_action_mean 7.6 / imag_action_std 5.1 / imag_action_min 0.0 / imag_action_max 17.0 / actor_entropy 0.4 / actor_loss 0.5 / actor_grad_norm 13.2 / value_loss 1.4 / value_grad_norm 1.8 / update_count 94324.0 / fps 12.2
add_video needs package moviepy
add_video needs package moviepy
[387520] 
Start evaluation.
[387520] eval_return 5108.0 / eval_length 1413.0 / eval_episodes 5.0
add_video needs package moviepy
Start training.
[387520] model_loss 16.0 / model_grad_norm 24.4 / image_loss 5.2 / reward_loss 0.1 / cont_loss 0.0 / kl_free 1.0 / dyn_scale 0.5 / rep_scale 0.1 / dyn_loss 17.8 / rep_loss 17.8 / kl 17.8 / prior_abs_ent 37.0 / post_abs_ent -28.0 / prior_obs_ent 11.1 / post_obs_ent -4.9 / boundary_ratio 0.0 / kl_mask 0.0 / normed_target_mean 0.6 / normed_target_std 0.3 / normed_target_min -0.0 / normed_target_max 1.1 / EMA_005 65.4 / EMA_095 1300.4 / value_mean 771.4 / value_std 400.7 / value_min 10.0 / value_max 1387.4 / target_mean 774.7 / target_std 402.1 / target_min 11.0 / target_max 1420.9 / imag_reward_mean 2.2 / imag_reward_std 4.9 / imag_reward_min -0.0 / imag_reward_max 25.9 / imag_action_mean 7.8 / imag_action_std 5.1 / imag_action_min 0.0 / imag_action_max 17.0 / actor_entropy 0.4 / actor_loss 0.9 / actor_grad_norm 11.5 / value_loss 1.4 / value_grad_norm 1.7 / update_count 94480.0 / fps 12.3
add_video needs package moviepy
add_video needs package moviepy
[388144] 
Start evaluation.
[388144] eval_return 5052.0 / eval_length 1385.6 / eval_episodes 5.0
add_video needs package moviepy
Start training.
[388144] model_loss 15.8 / model_grad_norm 23.9 / image_loss 5.1 / reward_loss 0.1 / cont_loss 0.0 / kl_free 1.0 / dyn_scale 0.5 / rep_scale 0.1 / dyn_loss 17.7 / rep_loss 17.7 / kl 17.7 / prior_abs_ent 36.6 / post_abs_ent -28.0 / prior_obs_ent 10.1 / post_obs_ent -5.8 / boundary_ratio 0.0 / kl_mask 0.0 / normed_target_mean 0.6 / normed_target_std 0.3 / normed_target_min -0.0 / normed_target_max 1.1 / EMA_005 71.9 / EMA_095 1298.5 / value_mean 774.5 / value_std 395.2 / value_min 11.8 / value_max 1385.3 / target_mean 777.8 / target_std 396.4 / target_min 11.5 / target_max 1419.3 / imag_reward_mean 2.2 / imag_reward_std 4.9 / imag_reward_min -0.0 / imag_reward_max 24.6 / imag_action_mean 7.7 / imag_action_std 5.1 / imag_action_min 0.0 / imag_action_max 17.0 / actor_entropy 0.4 / actor_loss 0.9 / actor_grad_norm 11.6 / value_loss 1.4 / value_grad_norm 1.8 / update_count 94636.0 / fps 12.3
add_video needs package moviepy
add_video needs package moviepy
[388768] 
Start evaluation.
[388768] eval_return 4278.0 / eval_length 1269.0 / eval_episodes 5.0
add_video needs package moviepy
Start training.
[388768] model_loss 15.9 / model_grad_norm 24.3 / image_loss 5.1 / reward_loss 0.1 / cont_loss 0.0 / kl_free 1.0 / dyn_scale 0.5 / rep_scale 0.1 / dyn_loss 17.7 / rep_loss 17.7 / kl 17.7 / prior_abs_ent 36.4 / post_abs_ent -28.0 / prior_obs_ent 9.2 / post_obs_ent -6.8 / boundary_ratio 0.0 / kl_mask 0.0 / normed_target_mean 0.6 / normed_target_std 0.3 / normed_target_min -0.0 / normed_target_max 1.1 / EMA_005 68.5 / EMA_095 1300.2 / value_mean 786.7 / value_std 399.1 / value_min 10.5 / value_max 1389.6 / target_mean 790.0 / target_std 400.6 / target_min 9.8 / target_max 1427.1 / imag_reward_mean 2.2 / imag_reward_std 5.0 / imag_reward_min -0.0 / imag_reward_max 25.7 / imag_action_mean 7.7 / imag_action_std 5.1 / imag_action_min 0.0 / imag_action_max 17.0 / actor_entropy 0.4 / actor_loss 1.0 / actor_grad_norm 11.2 / value_loss 1.4 / value_grad_norm 1.8 / update_count 94792.0 / fps 12.6
add_video needs package moviepy
add_video needs package moviepy
[389392] 
Start evaluation.
[389392] eval_return 4718.0 / eval_length 1341.0 / eval_episodes 5.0
add_video needs package moviepy
Start training.
[389392] model_loss 15.8 / model_grad_norm 24.4 / image_loss 5.1 / reward_loss 0.1 / cont_loss 0.0 / kl_free 1.0 / dyn_scale 0.5 / rep_scale 0.1 / dyn_loss 17.6 / rep_loss 17.6 / kl 17.6 / prior_abs_ent 35.7 / post_abs_ent -28.0 / prior_obs_ent 8.6 / post_obs_ent -7.2 / boundary_ratio 0.0 / kl_mask 0.0 / normed_target_mean 0.6 / normed_target_std 0.3 / normed_target_min -0.1 / normed_target_max 1.1 / EMA_005 74.9 / EMA_095 1306.3 / value_mean 789.7 / value_std 394.8 / value_min 12.6 / value_max 1390.5 / target_mean 792.8 / target_std 396.4 / target_min 13.2 / target_max 1428.4 / imag_reward_mean 2.2 / imag_reward_std 5.0 / imag_reward_min -0.0 / imag_reward_max 25.2 / imag_action_mean 7.7 / imag_action_std 5.1 / imag_action_min 0.0 / imag_action_max 17.0 / actor_entropy 0.4 / actor_loss 0.9 / actor_grad_norm 10.8 / value_loss 1.3 / value_grad_norm 1.8 / update_count 94948.0 / fps 12.5
add_video needs package moviepy
add_video needs package moviepy
[390016] 
Start evaluation.
[390016] eval_return 5184.0 / eval_length 1358.8 / eval_episodes 5.0
add_video needs package moviepy
Start training.
[390016] model_loss 15.8 / model_grad_norm 25.7 / image_loss 5.1 / reward_loss 0.1 / cont_loss 0.0 / kl_free 1.0 / dyn_scale 0.5 / rep_scale 0.1 / dyn_loss 17.6 / rep_loss 17.6 / kl 17.6 / prior_abs_ent 35.2 / post_abs_ent -28.1 / prior_obs_ent 8.7 / post_obs_ent -7.1 / boundary_ratio 0.0 / kl_mask 0.0 / normed_target_mean 0.6 / normed_target_std 0.3 / normed_target_min -0.0 / normed_target_max 1.1 / EMA_005 72.5 / EMA_095 1310.3 / value_mean 799.7 / value_std 397.0 / value_min 12.2 / value_max 1391.4 / target_mean 802.3 / target_std 398.2 / target_min 12.1 / target_max 1432.1 / imag_reward_mean 2.2 / imag_reward_std 5.0 / imag_reward_min -0.0 / imag_reward_max 26.1 / imag_action_mean 8.0 / imag_action_std 5.1 / imag_action_min 0.0 / imag_action_max 17.0 / actor_entropy 0.4 / actor_loss 0.7 / actor_grad_norm 10.6 / value_loss 1.3 / value_grad_norm 1.6 / update_count 95104.0 / fps 12.4
add_video needs package moviepy
add_video needs package moviepy
[390640] 
Start evaluation.
[390640] eval_return 4300.0 / eval_length 1363.6 / eval_episodes 5.0
add_video needs package moviepy
Start training.
[390640] model_loss 15.8 / model_grad_norm 28.6 / image_loss 5.1 / reward_loss 0.1 / cont_loss 0.0 / kl_free 1.0 / dyn_scale 0.5 / rep_scale 0.1 / dyn_loss 17.6 / rep_loss 17.6 / kl 17.6 / prior_abs_ent 35.6 / post_abs_ent -28.0 / prior_obs_ent 8.6 / post_obs_ent -7.2 / boundary_ratio 0.0 / kl_mask 0.0 / normed_target_mean 0.6 / normed_target_std 0.3 / normed_target_min -0.0 / normed_target_max 1.1 / EMA_005 68.5 / EMA_095 1308.0 / value_mean 780.3 / value_std 404.6 / value_min 7.7 / value_max 1389.8 / target_mean 782.9 / target_std 406.1 / target_min 7.7 / target_max 1427.4 / imag_reward_mean 2.1 / imag_reward_std 4.9 / imag_reward_min -0.0 / imag_reward_max 24.8 / imag_action_mean 8.1 / imag_action_std 5.0 / imag_action_min 0.0 / imag_action_max 17.0 / actor_entropy 0.4 / actor_loss 0.7 / actor_grad_norm 10.8 / value_loss 1.3 / value_grad_norm 1.7 / update_count 95260.0 / fps 12.4
add_video needs package moviepy
add_video needs package moviepy
[391264] 
Start evaluation.
[391264] eval_return 4952.0 / eval_length 1408.2 / eval_episodes 5.0
add_video needs package moviepy
Start training.
[391264] model_loss 15.6 / model_grad_norm 24.0 / image_loss 5.0 / reward_loss 0.1 / cont_loss 0.0 / kl_free 1.0 / dyn_scale 0.5 / rep_scale 0.1 / dyn_loss 17.5 / rep_loss 17.5 / kl 17.5 / prior_abs_ent 35.4 / post_abs_ent -28.0 / prior_obs_ent 7.7 / post_obs_ent -8.1 / boundary_ratio 0.0 / kl_mask 0.0 / normed_target_mean 0.6 / normed_target_std 0.3 / normed_target_min -0.0 / normed_target_max 1.1 / EMA_005 70.8 / EMA_095 1318.6 / value_mean 808.3 / value_std 406.2 / value_min 13.2 / value_max 1391.8 / target_mean 810.9 / target_std 407.7 / target_min 14.5 / target_max 1434.5 / imag_reward_mean 2.2 / imag_reward_std 5.0 / imag_reward_min -0.0 / imag_reward_max 25.1 / imag_action_mean 8.0 / imag_action_std 5.1 / imag_action_min 0.0 / imag_action_max 17.0 / actor_entropy 0.4 / actor_loss 0.7 / actor_grad_norm 10.5 / value_loss 1.3 / value_grad_norm 1.5 / update_count 95416.0 / fps 12.2
add_video needs package moviepy
add_video needs package moviepy
[391888] 
Start evaluation.
[391888] eval_return 4852.0 / eval_length 1361.6 / eval_episodes 5.0
add_video needs package moviepy
Start training.
[391888] model_loss 15.7 / model_grad_norm 25.7 / image_loss 5.0 / reward_loss 0.1 / cont_loss 0.0 / kl_free 1.0 / dyn_scale 0.5 / rep_scale 0.1 / dyn_loss 17.6 / rep_loss 17.6 / kl 17.6 / prior_abs_ent 35.1 / post_abs_ent -28.0 / prior_obs_ent 8.1 / post_obs_ent -7.7 / boundary_ratio 0.0 / kl_mask 0.0 / normed_target_mean 0.6 / normed_target_std 0.3 / normed_target_min -0.0 / normed_target_max 1.1 / EMA_005 73.9 / EMA_095 1326.6 / value_mean 803.3 / value_std 410.6 / value_min 14.1 / value_max 1400.7 / target_mean 806.2 / target_std 412.1 / target_min 15.3 / target_max 1442.6 / imag_reward_mean 2.2 / imag_reward_std 5.0 / imag_reward_min -0.0 / imag_reward_max 25.3 / imag_action_mean 8.1 / imag_action_std 5.0 / imag_action_min 0.0 / imag_action_max 17.0 / actor_entropy 0.4 / actor_loss 0.8 / actor_grad_norm 10.9 / value_loss 1.3 / value_grad_norm 1.7 / update_count 95572.0 / fps 12.4
add_video needs package moviepy
add_video needs package moviepy
[392512] 
Start evaluation.
[392512] eval_return 4852.0 / eval_length 1372.4 / eval_episodes 5.0
add_video needs package moviepy
Start training.
[392512] model_loss 15.6 / model_grad_norm 25.3 / image_loss 5.0 / reward_loss 0.1 / cont_loss 0.0 / kl_free 1.0 / dyn_scale 0.5 / rep_scale 0.1 / dyn_loss 17.6 / rep_loss 17.6 / kl 17.6 / prior_abs_ent 35.0 / post_abs_ent -28.0 / prior_obs_ent 7.8 / post_obs_ent -8.1 / boundary_ratio 0.0 / kl_mask 0.0 / normed_target_mean 0.6 / normed_target_std 0.3 / normed_target_min -0.0 / normed_target_max 1.1 / EMA_005 75.8 / EMA_095 1327.1 / value_mean 805.8 / value_std 403.9 / value_min 14.1 / value_max 1404.1 / target_mean 808.3 / target_std 405.5 / target_min 14.6 / target_max 1442.8 / imag_reward_mean 2.3 / imag_reward_std 5.1 / imag_reward_min -0.0 / imag_reward_max 24.6 / imag_action_mean 8.0 / imag_action_std 5.1 / imag_action_min 0.0 / imag_action_max 17.0 / actor_entropy 0.4 / actor_loss 0.8 / actor_grad_norm 10.6 / value_loss 1.3 / value_grad_norm 1.6 / update_count 95728.0 / fps 12.3
add_video needs package moviepy
add_video needs package moviepy
[393136] 
Start evaluation.
[393136] eval_return 4980.0 / eval_length 1370.6 / eval_episodes 5.0
add_video needs package moviepy
Start training.
[393136] model_loss 15.6 / model_grad_norm 25.7 / image_loss 5.0 / reward_loss 0.1 / cont_loss 0.0 / kl_free 1.0 / dyn_scale 0.5 / rep_scale 0.1 / dyn_loss 17.5 / rep_loss 17.5 / kl 17.5 / prior_abs_ent 35.1 / post_abs_ent -28.0 / prior_obs_ent 7.7 / post_obs_ent -8.0 / boundary_ratio 0.0 / kl_mask 0.0 / normed_target_mean 0.6 / normed_target_std 0.3 / normed_target_min -0.0 / normed_target_max 1.1 / EMA_005 74.1 / EMA_095 1334.5 / value_mean 823.4 / value_std 405.9 / value_min 15.3 / value_max 1401.6 / target_mean 825.6 / target_std 407.4 / target_min 16.9 / target_max 1440.5 / imag_reward_mean 2.2 / imag_reward_std 5.0 / imag_reward_min -0.0 / imag_reward_max 25.6 / imag_action_mean 7.8 / imag_action_std 5.1 / imag_action_min 0.0 / imag_action_max 17.0 / actor_entropy 0.4 / actor_loss 0.5 / actor_grad_norm 10.5 / value_loss 1.3 / value_grad_norm 1.6 / update_count 95884.0 / fps 12.4
add_video needs package moviepy
add_video needs package moviepy
[393760] 
Start evaluation.
[393760] eval_return 4954.0 / eval_length 1403.2 / eval_episodes 5.0
add_video needs package moviepy
Start training.
[393760] model_loss 15.6 / model_grad_norm 31.3 / image_loss 5.0 / reward_loss 0.1 / cont_loss 0.0 / kl_free 1.0 / dyn_scale 0.5 / rep_scale 0.1 / dyn_loss 17.6 / rep_loss 17.6 / kl 17.6 / prior_abs_ent 35.0 / post_abs_ent -28.0 / prior_obs_ent 8.0 / post_obs_ent -7.8 / boundary_ratio 0.0 / kl_mask 0.0 / normed_target_mean 0.6 / normed_target_std 0.3 / normed_target_min -0.0 / normed_target_max 1.1 / EMA_005 75.2 / EMA_095 1331.7 / value_mean 814.5 / value_std 409.0 / value_min 16.0 / value_max 1399.0 / target_mean 816.5 / target_std 410.7 / target_min 13.8 / target_max 1443.9 / imag_reward_mean 2.2 / imag_reward_std 4.9 / imag_reward_min -0.0 / imag_reward_max 25.9 / imag_action_mean 7.9 / imag_action_std 5.1 / imag_action_min 0.0 / imag_action_max 17.0 / actor_entropy 0.4 / actor_loss 0.4 / actor_grad_norm 10.7 / value_loss 1.3 / value_grad_norm 1.6 / update_count 96040.0 / fps 12.3
add_video needs package moviepy
add_video needs package moviepy
[394384] 
Start evaluation.
[394384] eval_return 4712.0 / eval_length 1333.6 / eval_episodes 5.0
add_video needs package moviepy
Start training.
[394384] model_loss 15.8 / model_grad_norm 31.6 / image_loss 5.1 / reward_loss 0.1 / cont_loss 0.0 / kl_free 1.0 / dyn_scale 0.5 / rep_scale 0.1 / dyn_loss 17.6 / rep_loss 17.6 / kl 17.6 / prior_abs_ent 35.0 / post_abs_ent -28.0 / prior_obs_ent 7.7 / post_obs_ent -8.2 / boundary_ratio 0.0 / kl_mask 0.0 / normed_target_mean 0.6 / normed_target_std 0.3 / normed_target_min -0.0 / normed_target_max 1.1 / EMA_005 63.3 / EMA_095 1331.6 / value_mean 815.2 / value_std 412.9 / value_min 8.0 / value_max 1402.8 / target_mean 817.3 / target_std 414.4 / target_min 8.1 / target_max 1441.8 / imag_reward_mean 2.2 / imag_reward_std 5.0 / imag_reward_min -0.0 / imag_reward_max 25.0 / imag_action_mean 7.8 / imag_action_std 5.1 / imag_action_min 0.0 / imag_action_max 17.0 / actor_entropy 0.4 / actor_loss 0.4 / actor_grad_norm 10.7 / value_loss 1.3 / value_grad_norm 1.6 / update_count 96196.0 / fps 12.4
add_video needs package moviepy
add_video needs package moviepy
[395008] 
Start evaluation.
[395008] eval_return 5208.0 / eval_length 1363.0 / eval_episodes 5.0
add_video needs package moviepy
Start training.
[395008] model_loss 15.7 / model_grad_norm 25.4 / image_loss 5.0 / reward_loss 0.1 / cont_loss 0.0 / kl_free 1.0 / dyn_scale 0.5 / rep_scale 0.1 / dyn_loss 17.6 / rep_loss 17.6 / kl 17.6 / prior_abs_ent 34.9 / post_abs_ent -28.0 / prior_obs_ent 8.0 / post_obs_ent -7.8 / boundary_ratio 0.0 / kl_mask 0.0 / normed_target_mean 0.6 / normed_target_std 0.3 / normed_target_min -0.0 / normed_target_max 1.1 / EMA_005 64.5 / EMA_095 1339.4 / value_mean 821.7 / value_std 413.3 / value_min 13.4 / value_max 1408.7 / target_mean 824.2 / target_std 414.9 / target_min 12.2 / target_max 1448.9 / imag_reward_mean 2.2 / imag_reward_std 5.0 / imag_reward_min -0.0 / imag_reward_max 25.6 / imag_action_mean 7.9 / imag_action_std 5.0 / imag_action_min 0.0 / imag_action_max 17.0 / actor_entropy 0.4 / actor_loss 0.6 / actor_grad_norm 10.9 / value_loss 1.3 / value_grad_norm 1.7 / update_count 96352.0 / fps 12.3
add_video needs package moviepy
add_video needs package moviepy
[395020] dataset_size 98755.0 / train_return 6860.0 / train_length 2070.0 / train_episodes 71.0
[395632] 
Start evaluation.
[395632] eval_return 5262.0 / eval_length 1368.2 / eval_episodes 5.0
add_video needs package moviepy
Start training.
[395632] model_loss 15.6 / model_grad_norm 25.1 / image_loss 5.0 / reward_loss 0.1 / cont_loss 0.0 / kl_free 1.0 / dyn_scale 0.5 / rep_scale 0.1 / dyn_loss 17.6 / rep_loss 17.6 / kl 17.6 / prior_abs_ent 34.8 / post_abs_ent -28.0 / prior_obs_ent 7.8 / post_obs_ent -8.1 / boundary_ratio 0.0 / kl_mask 0.0 / normed_target_mean 0.6 / normed_target_std 0.3 / normed_target_min -0.0 / normed_target_max 1.1 / EMA_005 71.1 / EMA_095 1335.8 / value_mean 835.7 / value_std 401.1 / value_min 16.9 / value_max 1401.7 / target_mean 838.4 / target_std 402.8 / target_min 16.0 / target_max 1441.0 / imag_reward_mean 2.2 / imag_reward_std 5.0 / imag_reward_min -0.0 / imag_reward_max 25.4 / imag_action_mean 7.9 / imag_action_std 5.1 / imag_action_min 0.0 / imag_action_max 17.0 / actor_entropy 0.4 / actor_loss 0.8 / actor_grad_norm 11.0 / value_loss 1.3 / value_grad_norm 1.6 / update_count 96508.0 / fps 12.4
add_video needs package moviepy
add_video needs package moviepy
[396256] 
Start evaluation.
[396256] eval_return 5042.0 / eval_length 1367.0 / eval_episodes 5.0
add_video needs package moviepy
Start training.
[396256] model_loss 15.9 / model_grad_norm 23.5 / image_loss 5.1 / reward_loss 0.1 / cont_loss 0.0 / kl_free 1.0 / dyn_scale 0.5 / rep_scale 0.1 / dyn_loss 17.8 / rep_loss 17.8 / kl 17.8 / prior_abs_ent 34.9 / post_abs_ent -28.0 / prior_obs_ent 7.9 / post_obs_ent -8.1 / boundary_ratio 0.0 / kl_mask 0.0 / normed_target_mean 0.6 / normed_target_std 0.3 / normed_target_min -0.0 / normed_target_max 1.1 / EMA_005 75.4 / EMA_095 1345.1 / value_mean 840.4 / value_std 410.7 / value_min 13.3 / value_max 1408.1 / target_mean 843.0 / target_std 412.2 / target_min 12.3 / target_max 1450.2 / imag_reward_mean 2.3 / imag_reward_std 5.1 / imag_reward_min -0.0 / imag_reward_max 26.1 / imag_action_mean 7.9 / imag_action_std 5.1 / imag_action_min 0.0 / imag_action_max 17.0 / actor_entropy 0.4 / actor_loss 0.7 / actor_grad_norm 11.3 / value_loss 1.3 / value_grad_norm 1.6 / update_count 96664.0 / fps 12.4
add_video needs package moviepy
add_video needs package moviepy
[396880] 
Start evaluation.
[396880] eval_return 4920.0 / eval_length 1397.6 / eval_episodes 5.0
add_video needs package moviepy
Start training.
[396880] model_loss 15.6 / model_grad_norm 25.0 / image_loss 5.0 / reward_loss 0.1 / cont_loss 0.0 / kl_free 1.0 / dyn_scale 0.5 / rep_scale 0.1 / dyn_loss 17.5 / rep_loss 17.5 / kl 17.5 / prior_abs_ent 34.6 / post_abs_ent -28.0 / prior_obs_ent 7.5 / post_obs_ent -8.3 / boundary_ratio 0.0 / kl_mask 0.0 / normed_target_mean 0.6 / normed_target_std 0.3 / normed_target_min -0.1 / normed_target_max 1.1 / EMA_005 88.9 / EMA_095 1341.4 / value_mean 833.4 / value_std 401.7 / value_min 21.0 / value_max 1407.2 / target_mean 835.7 / target_std 403.3 / target_min 23.3 / target_max 1449.1 / imag_reward_mean 2.2 / imag_reward_std 5.0 / imag_reward_min -0.0 / imag_reward_max 26.0 / imag_action_mean 7.9 / imag_action_std 5.0 / imag_action_min 0.0 / imag_action_max 17.0 / actor_entropy 0.4 / actor_loss 0.6 / actor_grad_norm 10.6 / value_loss 1.3 / value_grad_norm 1.6 / update_count 96820.0 / fps 12.1
add_video needs package moviepy
add_video needs package moviepy
[397504] 
Start evaluation.
[397504] eval_return 5762.0 / eval_length 1396.4 / eval_episodes 5.0
add_video needs package moviepy
Start training.
[397504] model_loss 15.8 / model_grad_norm 25.3 / image_loss 5.1 / reward_loss 0.1 / cont_loss 0.0 / kl_free 1.0 / dyn_scale 0.5 / rep_scale 0.1 / dyn_loss 17.7 / rep_loss 17.7 / kl 17.7 / prior_abs_ent 34.6 / post_abs_ent -28.0 / prior_obs_ent 7.9 / post_obs_ent -8.0 / boundary_ratio 0.0 / kl_mask 0.0 / normed_target_mean 0.6 / normed_target_std 0.3 / normed_target_min -0.1 / normed_target_max 1.1 / EMA_005 75.3 / EMA_095 1343.9 / value_mean 832.9 / value_std 417.0 / value_min 9.6 / value_max 1420.7 / target_mean 835.2 / target_std 418.4 / target_min 10.5 / target_max 1454.8 / imag_reward_mean 2.3 / imag_reward_std 5.0 / imag_reward_min -0.0 / imag_reward_max 25.1 / imag_action_mean 7.9 / imag_action_std 5.1 / imag_action_min 0.0 / imag_action_max 17.0 / actor_entropy 0.4 / actor_loss 0.6 / actor_grad_norm 10.9 / value_loss 1.3 / value_grad_norm 1.6 / update_count 96976.0 / fps 12.1
add_video needs package moviepy
add_video needs package moviepy
[398128] 
Start evaluation.
[398128] eval_return 5216.0 / eval_length 1426.4 / eval_episodes 5.0
add_video needs package moviepy
Start training.
[398128] model_loss 15.8 / model_grad_norm 25.9 / image_loss 5.1 / reward_loss 0.1 / cont_loss 0.0 / kl_free 1.0 / dyn_scale 0.5 / rep_scale 0.1 / dyn_loss 17.7 / rep_loss 17.7 / kl 17.7 / prior_abs_ent 34.8 / post_abs_ent -28.0 / prior_obs_ent 7.9 / post_obs_ent -8.0 / boundary_ratio 0.0 / kl_mask 0.0 / normed_target_mean 0.6 / normed_target_std 0.3 / normed_target_min -0.0 / normed_target_max 1.1 / EMA_005 71.3 / EMA_095 1347.8 / value_mean 839.6 / value_std 414.0 / value_min 16.5 / value_max 1421.6 / target_mean 841.8 / target_std 415.5 / target_min 18.2 / target_max 1456.4 / imag_reward_mean 2.2 / imag_reward_std 5.0 / imag_reward_min -0.0 / imag_reward_max 25.6 / imag_action_mean 7.9 / imag_action_std 5.1 / imag_action_min 0.0 / imag_action_max 17.0 / actor_entropy 0.4 / actor_loss 0.6 / actor_grad_norm 10.9 / value_loss 1.3 / value_grad_norm 1.6 / update_count 97132.0 / fps 12.0
add_video needs package moviepy
add_video needs package moviepy
[398752] 
Start evaluation.
[398752] eval_return 4972.0 / eval_length 1462.0 / eval_episodes 5.0
add_video needs package moviepy
Start training.
[398752] model_loss 16.0 / model_grad_norm 26.4 / image_loss 5.2 / reward_loss 0.1 / cont_loss 0.0 / kl_free 1.0 / dyn_scale 0.5 / rep_scale 0.1 / dyn_loss 17.9 / rep_loss 17.9 / kl 17.9 / prior_abs_ent 34.7 / post_abs_ent -27.9 / prior_obs_ent 8.2 / post_obs_ent -7.9 / boundary_ratio 0.0 / kl_mask 0.0 / normed_target_mean 0.6 / normed_target_std 0.3 / normed_target_min -0.0 / normed_target_max 1.1 / EMA_005 80.4 / EMA_095 1353.5 / value_mean 836.3 / value_std 412.1 / value_min 25.1 / value_max 1432.2 / target_mean 838.3 / target_std 413.7 / target_min 27.3 / target_max 1458.8 / imag_reward_mean 2.3 / imag_reward_std 5.1 / imag_reward_min -0.0 / imag_reward_max 25.3 / imag_action_mean 7.9 / imag_action_std 5.1 / imag_action_min 0.0 / imag_action_max 17.0 / actor_entropy 0.4 / actor_loss 0.5 / actor_grad_norm 10.5 / value_loss 1.3 / value_grad_norm 1.6 / update_count 97288.0 / fps 11.9
add_video needs package moviepy
add_video needs package moviepy
[399376] 
Start evaluation.
[399376] eval_return 6026.0 / eval_length 1656.0 / eval_episodes 5.0
add_video needs package moviepy
Start training.
[399376] model_loss 15.8 / model_grad_norm 25.3 / image_loss 5.0 / reward_loss 0.1 / cont_loss 0.0 / kl_free 1.0 / dyn_scale 0.5 / rep_scale 0.1 / dyn_loss 17.8 / rep_loss 17.8 / kl 17.8 / prior_abs_ent 34.6 / post_abs_ent -28.0 / prior_obs_ent 7.7 / post_obs_ent -8.3 / boundary_ratio 0.0 / kl_mask 0.0 / normed_target_mean 0.6 / normed_target_std 0.3 / normed_target_min -0.0 / normed_target_max 1.1 / EMA_005 81.1 / EMA_095 1350.5 / value_mean 841.6 / value_std 415.8 / value_min 18.1 / value_max 1418.8 / target_mean 843.5 / target_std 417.1 / target_min 19.4 / target_max 1454.7 / imag_reward_mean 2.3 / imag_reward_std 5.1 / imag_reward_min -0.0 / imag_reward_max 25.4 / imag_action_mean 7.9 / imag_action_std 5.1 / imag_action_min 0.0 / imag_action_max 17.0 / actor_entropy 0.4 / actor_loss 0.4 / actor_grad_norm 10.8 / value_loss 1.3 / value_grad_norm 1.7 / update_count 97444.0 / fps 11.5
add_video needs package moviepy
add_video needs package moviepy
[400000] 
Start evaluation.
[400000] eval_return 5048.0 / eval_length 1344.4 / eval_episodes 5.0
add_video needs package moviepy
Start training.
[400000] model_loss 15.9 / model_grad_norm 28.1 / image_loss 5.1 / reward_loss 0.1 / cont_loss 0.0 / kl_free 1.0 / dyn_scale 0.5 / rep_scale 0.1 / dyn_loss 17.8 / rep_loss 17.8 / kl 17.8 / prior_abs_ent 34.4 / post_abs_ent -27.9 / prior_obs_ent 8.2 / post_obs_ent -7.8 / boundary_ratio 0.0 / kl_mask 0.0 / normed_target_mean 0.6 / normed_target_std 0.3 / normed_target_min -0.0 / normed_target_max 1.1 / EMA_005 75.8 / EMA_095 1353.9 / value_mean 855.1 / value_std 408.5 / value_min 12.5 / value_max 1431.9 / target_mean 857.5 / target_std 410.1 / target_min 14.3 / target_max 1459.5 / imag_reward_mean 2.3 / imag_reward_std 5.1 / imag_reward_min -0.0 / imag_reward_max 25.1 / imag_action_mean 7.8 / imag_action_std 5.1 / imag_action_min 0.0 / imag_action_max 17.0 / actor_entropy 0.4 / actor_loss 0.6 / actor_grad_norm 11.2 / value_loss 1.3 / value_grad_norm 1.6 / update_count 97600.0 / fps 12.3
add_video needs package moviepy
add_video needs package moviepy
