task,logdir,ckpt,episode,window_start,window_end,boundary_rate,read_prob_mean,abs_l2_mean,obs_l2_mean,abs_stoch_l2_mean,obs_stoch_l2_mean,abs_l2_read_mean,obs_l2_read_mean,abs_stoch_l2_read_mean,obs_stoch_l2_read_mean
atari_krull,/home/haselab/projects/stable-deep-world-model/logs/content_kl_kernelsize/runs/20260207_060134_krull_private_eye/atari_krull_vta_k1_seed0,/home/haselab/projects/stable-deep-world-model/logs/content_kl_kernelsize/runs/20260207_060134_krull_private_eye/atari_krull_vta_k1_seed0/latest.pt,/home/haselab/projects/stable-deep-world-model/logs/content_kl_kernelsize/runs/20260207_060134_krull_private_eye/atari_krull_vta_k1_seed0/train_eps/20260207T073134-8739267d147d4d0ba7a4c1550ab35526-3425.npz,0,32,0.0,1.8618990355566412e-13,0.12485368549823761,0.8504266738891602,0.0,2.5891714096069336,nan,nan,nan,nan
atari_krull,/home/haselab/projects/stable-deep-world-model/logs/content_kl_kernelsize/runs/20260207_060134_krull_private_eye/atari_krull_vta_k1_seed0,/home/haselab/projects/stable-deep-world-model/logs/content_kl_kernelsize/runs/20260207_060134_krull_private_eye/atari_krull_vta_k1_seed0/latest.pt,/home/haselab/projects/stable-deep-world-model/logs/content_kl_kernelsize/runs/20260207_060134_krull_private_eye/atari_krull_vta_k1_seed0/train_eps/20260207T073134-8739267d147d4d0ba7a4c1550ab35526-3425.npz,8,40,0.0,2.2310810143810755e-10,0.17827557027339935,0.8189979791641235,0.0,2.4770960807800293,nan,nan,nan,nan
atari_krull,/home/haselab/projects/stable-deep-world-model/logs/content_kl_kernelsize/runs/20260207_060134_krull_private_eye/atari_krull_vta_k1_seed0,/home/haselab/projects/stable-deep-world-model/logs/content_kl_kernelsize/runs/20260207_060134_krull_private_eye/atari_krull_vta_k1_seed0/latest.pt,/home/haselab/projects/stable-deep-world-model/logs/content_kl_kernelsize/runs/20260207_060134_krull_private_eye/atari_krull_vta_k1_seed0/train_eps/20260207T073134-8739267d147d4d0ba7a4c1550ab35526-3425.npz,16,48,0.0,3.1182215143310543e-10,0.24146613478660583,0.9464944005012512,0.0,2.359919548034668,nan,nan,nan,nan
atari_krull,/home/haselab/projects/stable-deep-world-model/logs/content_kl_kernelsize/runs/20260207_060134_krull_private_eye/atari_krull_vta_k1_seed0,/home/haselab/projects/stable-deep-world-model/logs/content_kl_kernelsize/runs/20260207_060134_krull_private_eye/atari_krull_vta_k1_seed0/latest.pt,/home/haselab/projects/stable-deep-world-model/logs/content_kl_kernelsize/runs/20260207_060134_krull_private_eye/atari_krull_vta_k1_seed0/train_eps/20260207T073134-8739267d147d4d0ba7a4c1550ab35526-3425.npz,24,56,0.0,3.2183689047116104e-10,0.3381325304508209,1.1021475791931152,0.0,2.395751476287842,nan,nan,nan,nan
atari_krull,/home/haselab/projects/stable-deep-world-model/logs/content_kl_kernelsize/runs/20260207_060134_krull_private_eye/atari_krull_vta_k1_seed0,/home/haselab/projects/stable-deep-world-model/logs/content_kl_kernelsize/runs/20260207_060134_krull_private_eye/atari_krull_vta_k1_seed0/latest.pt,/home/haselab/projects/stable-deep-world-model/logs/content_kl_kernelsize/runs/20260207_060134_krull_private_eye/atari_krull_vta_k1_seed0/train_eps/20260207T073134-8739267d147d4d0ba7a4c1550ab35526-3425.npz,32,64,0.0,3.2419938955641214e-10,0.3466196656227112,0.9141432046890259,0.0,2.2381458282470703,nan,nan,nan,nan
atari_krull,/home/haselab/projects/stable-deep-world-model/logs/content_kl_kernelsize/runs/20260207_060134_krull_private_eye/atari_krull_vta_k1_seed0,/home/haselab/projects/stable-deep-world-model/logs/content_kl_kernelsize/runs/20260207_060134_krull_private_eye/atari_krull_vta_k1_seed0/latest.pt,/home/haselab/projects/stable-deep-world-model/logs/content_kl_kernelsize/runs/20260207_060134_krull_private_eye/atari_krull_vta_k1_seed0/train_eps/20260207T073134-8739267d147d4d0ba7a4c1550ab35526-3425.npz,40,72,0.0,1.1162102492301429e-10,0.41247034072875977,0.9983189702033997,0.0,2.217364549636841,nan,nan,nan,nan
atari_krull,/home/haselab/projects/stable-deep-world-model/logs/content_kl_kernelsize/runs/20260207_060134_krull_private_eye/atari_krull_vta_k1_seed0,/home/haselab/projects/stable-deep-world-model/logs/content_kl_kernelsize/runs/20260207_060134_krull_private_eye/atari_krull_vta_k1_seed0/latest.pt,/home/haselab/projects/stable-deep-world-model/logs/content_kl_kernelsize/runs/20260207_060134_krull_private_eye/atari_krull_vta_k1_seed0/train_eps/20260207T073134-8739267d147d4d0ba7a4c1550ab35526-3425.npz,48,80,0.0,4.510768147891753e-11,0.5449350476264954,1.2280173301696777,0.0,2.3320841789245605,nan,nan,nan,nan
atari_krull,/home/haselab/projects/stable-deep-world-model/logs/content_kl_kernelsize/runs/20260207_060134_krull_private_eye/atari_krull_vta_k1_seed0,/home/haselab/projects/stable-deep-world-model/logs/content_kl_kernelsize/runs/20260207_060134_krull_private_eye/atari_krull_vta_k1_seed0/latest.pt,/home/haselab/projects/stable-deep-world-model/logs/content_kl_kernelsize/runs/20260207_060134_krull_private_eye/atari_krull_vta_k1_seed0/train_eps/20260207T073134-8739267d147d4d0ba7a4c1550ab35526-3425.npz,56,88,0.0,3.5171664192201746e-11,0.6268410682678223,1.2856526374816895,0.0,2.2510154247283936,nan,nan,nan,nan
atari_krull,/home/haselab/projects/stable-deep-world-model/logs/content_kl_kernelsize/runs/20260207_060134_krull_private_eye/atari_krull_vta_k1_seed0,/home/haselab/projects/stable-deep-world-model/logs/content_kl_kernelsize/runs/20260207_060134_krull_private_eye/atari_krull_vta_k1_seed0/latest.pt,/home/haselab/projects/stable-deep-world-model/logs/content_kl_kernelsize/runs/20260207_060134_krull_private_eye/atari_krull_vta_k1_seed0/train_eps/20260207T073134-8739267d147d4d0ba7a4c1550ab35526-3425.npz,64,96,0.0,2.0116912302636791e-10,0.6501890420913696,1.1898243427276611,0.0,2.153886318206787,nan,nan,nan,nan
atari_krull,/home/haselab/projects/stable-deep-world-model/logs/content_kl_kernelsize/runs/20260207_060134_krull_private_eye/atari_krull_vta_k1_seed0,/home/haselab/projects/stable-deep-world-model/logs/content_kl_kernelsize/runs/20260207_060134_krull_private_eye/atari_krull_vta_k1_seed0/latest.pt,/home/haselab/projects/stable-deep-world-model/logs/content_kl_kernelsize/runs/20260207_060134_krull_private_eye/atari_krull_vta_k1_seed0/train_eps/20260207T073134-8739267d147d4d0ba7a4c1550ab35526-3425.npz,72,104,0.0,1.9123011507637955e-10,0.5983710289001465,1.1096301078796387,0.0,2.217543601989746,nan,nan,nan,nan
atari_krull,/home/haselab/projects/stable-deep-world-model/logs/content_kl_kernelsize/runs/20260207_060134_krull_private_eye/atari_krull_vta_k1_seed0,/home/haselab/projects/stable-deep-world-model/logs/content_kl_kernelsize/runs/20260207_060134_krull_private_eye/atari_krull_vta_k1_seed0/latest.pt,/home/haselab/projects/stable-deep-world-model/logs/content_kl_kernelsize/runs/20260207_060134_krull_private_eye/atari_krull_vta_k1_seed0/train_eps/20260207T073134-8739267d147d4d0ba7a4c1550ab35526-3425.npz,80,112,0.0,1.693929024826346e-10,0.507716178894043,0.9498429894447327,0.0,2.198697090148926,nan,nan,nan,nan
atari_krull,/home/haselab/projects/stable-deep-world-model/logs/content_kl_kernelsize/runs/20260207_060134_krull_private_eye/atari_krull_vta_k1_seed0,/home/haselab/projects/stable-deep-world-model/logs/content_kl_kernelsize/runs/20260207_060134_krull_private_eye/atari_krull_vta_k1_seed0/latest.pt,/home/haselab/projects/stable-deep-world-model/logs/content_kl_kernelsize/runs/20260207_060134_krull_private_eye/atari_krull_vta_k1_seed0/train_eps/20260207T073134-8739267d147d4d0ba7a4c1550ab35526-3425.npz,88,120,0.0,1.733863885799991e-10,0.4302061200141907,0.8595677614212036,0.0,2.164778232574463,nan,nan,nan,nan
atari_krull,/home/haselab/projects/stable-deep-world-model/logs/content_kl_kernelsize/runs/20260207_060134_krull_private_eye/atari_krull_vta_k1_seed0,/home/haselab/projects/stable-deep-world-model/logs/content_kl_kernelsize/runs/20260207_060134_krull_private_eye/atari_krull_vta_k1_seed0/latest.pt,/home/haselab/projects/stable-deep-world-model/logs/content_kl_kernelsize/runs/20260207_060134_krull_private_eye/atari_krull_vta_k1_seed0/train_eps/20260207T073134-8739267d147d4d0ba7a4c1550ab35526-3425.npz,96,128,0.0,9.727265000425422e-12,0.41955721378326416,0.8918462991714478,0.0,2.139589786529541,nan,nan,nan,nan
atari_krull,/home/haselab/projects/stable-deep-world-model/logs/content_kl_kernelsize/runs/20260207_060134_krull_private_eye/atari_krull_vta_k1_seed0,/home/haselab/projects/stable-deep-world-model/logs/content_kl_kernelsize/runs/20260207_060134_krull_private_eye/atari_krull_vta_k1_seed0/latest.pt,/home/haselab/projects/stable-deep-world-model/logs/content_kl_kernelsize/runs/20260207_060134_krull_private_eye/atari_krull_vta_k1_seed0/train_eps/20260207T073134-8739267d147d4d0ba7a4c1550ab35526-3425.npz,104,136,0.0,9.9151398896824e-12,0.47041401267051697,0.9287576079368591,0.0,2.074993133544922,nan,nan,nan,nan
atari_krull,/home/haselab/projects/stable-deep-world-model/logs/content_kl_kernelsize/runs/20260207_060134_krull_private_eye/atari_krull_vta_k1_seed0,/home/haselab/projects/stable-deep-world-model/logs/content_kl_kernelsize/runs/20260207_060134_krull_private_eye/atari_krull_vta_k1_seed0/latest.pt,/home/haselab/projects/stable-deep-world-model/logs/content_kl_kernelsize/runs/20260207_060134_krull_private_eye/atari_krull_vta_k1_seed0/train_eps/20260207T073134-8739267d147d4d0ba7a4c1550ab35526-3425.npz,112,144,0.0,1.2014748571043121e-11,0.533297598361969,1.0672504901885986,0.0,2.1331779956817627,nan,nan,nan,nan
atari_krull,/home/haselab/projects/stable-deep-world-model/logs/content_kl_kernelsize/runs/20260207_060134_krull_private_eye/atari_krull_vta_k1_seed0,/home/haselab/projects/stable-deep-world-model/logs/content_kl_kernelsize/runs/20260207_060134_krull_private_eye/atari_krull_vta_k1_seed0/latest.pt,/home/haselab/projects/stable-deep-world-model/logs/content_kl_kernelsize/runs/20260207_060134_krull_private_eye/atari_krull_vta_k1_seed0/train_eps/20260207T073134-8739267d147d4d0ba7a4c1550ab35526-3425.npz,120,152,0.0,8.189669428726454e-12,0.5506647825241089,1.0900193452835083,0.0,2.0902676582336426,nan,nan,nan,nan
atari_krull,/home/haselab/projects/stable-deep-world-model/logs/content_kl_kernelsize/runs/20260207_060134_krull_private_eye/atari_krull_vta_k1_seed0,/home/haselab/projects/stable-deep-world-model/logs/content_kl_kernelsize/runs/20260207_060134_krull_private_eye/atari_krull_vta_k1_seed0/latest.pt,/home/haselab/projects/stable-deep-world-model/logs/content_kl_kernelsize/runs/20260207_060134_krull_private_eye/atari_krull_vta_k1_seed0/train_eps/20260207T073134-8739267d147d4d0ba7a4c1550ab35526-3425.npz,128,160,0.0,7.107047589327564e-11,0.5875912308692932,1.1938819885253906,0.0,2.2090554237365723,nan,nan,nan,nan
atari_krull,/home/haselab/projects/stable-deep-world-model/logs/content_kl_kernelsize/runs/20260207_060134_krull_private_eye/atari_krull_vta_k1_seed0,/home/haselab/projects/stable-deep-world-model/logs/content_kl_kernelsize/runs/20260207_060134_krull_private_eye/atari_krull_vta_k1_seed0/latest.pt,/home/haselab/projects/stable-deep-world-model/logs/content_kl_kernelsize/runs/20260207_060134_krull_private_eye/atari_krull_vta_k1_seed0/train_eps/20260207T073134-8739267d147d4d0ba7a4c1550ab35526-3425.npz,136,168,0.0,7.201204216267243e-11,0.5615452527999878,1.166957974433899,0.0,2.188511371612549,nan,nan,nan,nan
atari_krull,/home/haselab/projects/stable-deep-world-model/logs/content_kl_kernelsize/runs/20260207_060134_krull_private_eye/atari_krull_vta_k1_seed0,/home/haselab/projects/stable-deep-world-model/logs/content_kl_kernelsize/runs/20260207_060134_krull_private_eye/atari_krull_vta_k1_seed0/latest.pt,/home/haselab/projects/stable-deep-world-model/logs/content_kl_kernelsize/runs/20260207_060134_krull_private_eye/atari_krull_vta_k1_seed0/train_eps/20260207T073134-8739267d147d4d0ba7a4c1550ab35526-3425.npz,144,176,0.0,6.058125667784964e-10,0.5060333013534546,1.0244075059890747,0.0,2.0850343704223633,nan,nan,nan,nan
atari_krull,/home/haselab/projects/stable-deep-world-model/logs/content_kl_kernelsize/runs/20260207_060134_krull_private_eye/atari_krull_vta_k1_seed0,/home/haselab/projects/stable-deep-world-model/logs/content_kl_kernelsize/runs/20260207_060134_krull_private_eye/atari_krull_vta_k1_seed0/latest.pt,/home/haselab/projects/stable-deep-world-model/logs/content_kl_kernelsize/runs/20260207_060134_krull_private_eye/atari_krull_vta_k1_seed0/train_eps/20260207T073134-8739267d147d4d0ba7a4c1550ab35526-3425.npz,152,184,0.0,6.949304465209138e-10,0.4942653179168701,1.0040667057037354,0.0,2.051222562789917,nan,nan,nan,nan
atari_krull,/home/haselab/projects/stable-deep-world-model/logs/content_kl_kernelsize/runs/20260207_060134_krull_private_eye/atari_krull_vta_k1_seed0,/home/haselab/projects/stable-deep-world-model/logs/content_kl_kernelsize/runs/20260207_060134_krull_private_eye/atari_krull_vta_k1_seed0/latest.pt,/home/haselab/projects/stable-deep-world-model/logs/content_kl_kernelsize/runs/20260207_060134_krull_private_eye/atari_krull_vta_k1_seed0/train_eps/20260207T073134-8739267d147d4d0ba7a4c1550ab35526-3425.npz,160,192,0.0,1.4860852548537196e-09,0.3970748484134674,0.7669669389724731,0.0,1.814983606338501,nan,nan,nan,nan
atari_krull,/home/haselab/projects/stable-deep-world-model/logs/content_kl_kernelsize/runs/20260207_060134_krull_private_eye/atari_krull_vta_k1_seed0,/home/haselab/projects/stable-deep-world-model/logs/content_kl_kernelsize/runs/20260207_060134_krull_private_eye/atari_krull_vta_k1_seed0/latest.pt,/home/haselab/projects/stable-deep-world-model/logs/content_kl_kernelsize/runs/20260207_060134_krull_private_eye/atari_krull_vta_k1_seed0/train_eps/20260207T073134-8739267d147d4d0ba7a4c1550ab35526-3425.npz,168,200,0.0,2.2806263544339345e-09,0.35361671447753906,0.8478975296020508,0.0,1.8441927433013916,nan,nan,nan,nan
atari_krull,/home/haselab/projects/stable-deep-world-model/logs/content_kl_kernelsize/runs/20260207_060134_krull_private_eye/atari_krull_vta_k1_seed0,/home/haselab/projects/stable-deep-world-model/logs/content_kl_kernelsize/runs/20260207_060134_krull_private_eye/atari_krull_vta_k1_seed0/latest.pt,/home/haselab/projects/stable-deep-world-model/logs/content_kl_kernelsize/runs/20260207_060134_krull_private_eye/atari_krull_vta_k1_seed0/train_eps/20260207T073134-8739267d147d4d0ba7a4c1550ab35526-3425.npz,176,208,0.0,2.642748029302311e-07,0.4719230830669403,1.4279029369354248,0.0,2.3302676677703857,nan,nan,nan,nan
atari_krull,/home/haselab/projects/stable-deep-world-model/logs/content_kl_kernelsize/runs/20260207_060134_krull_private_eye/atari_krull_vta_k1_seed0,/home/haselab/projects/stable-deep-world-model/logs/content_kl_kernelsize/runs/20260207_060134_krull_private_eye/atari_krull_vta_k1_seed0/latest.pt,/home/haselab/projects/stable-deep-world-model/logs/content_kl_kernelsize/runs/20260207_060134_krull_private_eye/atari_krull_vta_k1_seed0/train_eps/20260207T073134-8739267d147d4d0ba7a4c1550ab35526-3425.npz,184,216,0.0,2.676010240065807e-07,0.45036983489990234,1.431712031364441,0.0,2.3435277938842773,nan,nan,nan,nan
atari_krull,/home/haselab/projects/stable-deep-world-model/logs/content_kl_kernelsize/runs/20260207_060134_krull_private_eye/atari_krull_vta_k1_seed0,/home/haselab/projects/stable-deep-world-model/logs/content_kl_kernelsize/runs/20260207_060134_krull_private_eye/atari_krull_vta_k1_seed0/latest.pt,/home/haselab/projects/stable-deep-world-model/logs/content_kl_kernelsize/runs/20260207_060134_krull_private_eye/atari_krull_vta_k1_seed0/train_eps/20260207T073134-8739267d147d4d0ba7a4c1550ab35526-3425.npz,192,224,0.0,3.0121401550786686e-07,0.4669526517391205,1.4873074293136597,0.0,2.3928356170654297,nan,nan,nan,nan
atari_krull,/home/haselab/projects/stable-deep-world-model/logs/content_kl_kernelsize/runs/20260207_060134_krull_private_eye/atari_krull_vta_k1_seed0,/home/haselab/projects/stable-deep-world-model/logs/content_kl_kernelsize/runs/20260207_060134_krull_private_eye/atari_krull_vta_k1_seed0/latest.pt,/home/haselab/projects/stable-deep-world-model/logs/content_kl_kernelsize/runs/20260207_060134_krull_private_eye/atari_krull_vta_k1_seed0/train_eps/20260207T073134-8739267d147d4d0ba7a4c1550ab35526-3425.npz,200,232,0.0,3.171975606619526e-07,0.5195192098617554,1.449196696281433,0.0,2.364914894104004,nan,nan,nan,nan
atari_krull,/home/haselab/projects/stable-deep-world-model/logs/content_kl_kernelsize/runs/20260207_060134_krull_private_eye/atari_krull_vta_k1_seed0,/home/haselab/projects/stable-deep-world-model/logs/content_kl_kernelsize/runs/20260207_060134_krull_private_eye/atari_krull_vta_k1_seed0/latest.pt,/home/haselab/projects/stable-deep-world-model/logs/content_kl_kernelsize/runs/20260207_060134_krull_private_eye/atari_krull_vta_k1_seed0/train_eps/20260207T073134-8739267d147d4d0ba7a4c1550ab35526-3425.npz,208,240,0.0,6.338704139352558e-08,0.3959043622016907,0.845101535320282,0.0,1.8427176475524902,nan,nan,nan,nan
atari_krull,/home/haselab/projects/stable-deep-world-model/logs/content_kl_kernelsize/runs/20260207_060134_krull_private_eye/atari_krull_vta_k1_seed0,/home/haselab/projects/stable-deep-world-model/logs/content_kl_kernelsize/runs/20260207_060134_krull_private_eye/atari_krull_vta_k1_seed0/latest.pt,/home/haselab/projects/stable-deep-world-model/logs/content_kl_kernelsize/runs/20260207_060134_krull_private_eye/atari_krull_vta_k1_seed0/train_eps/20260207T073134-8739267d147d4d0ba7a4c1550ab35526-3425.npz,216,248,0.0,6.51458407219252e-08,0.42204272747039795,0.9032790660858154,0.0,2.011043071746826,nan,nan,nan,nan
atari_krull,/home/haselab/projects/stable-deep-world-model/logs/content_kl_kernelsize/runs/20260207_060134_krull_private_eye/atari_krull_vta_k1_seed0,/home/haselab/projects/stable-deep-world-model/logs/content_kl_kernelsize/runs/20260207_060134_krull_private_eye/atari_krull_vta_k1_seed0/latest.pt,/home/haselab/projects/stable-deep-world-model/logs/content_kl_kernelsize/runs/20260207_060134_krull_private_eye/atari_krull_vta_k1_seed0/train_eps/20260207T073134-8739267d147d4d0ba7a4c1550ab35526-3425.npz,224,256,0.0,1.0826830987298308e-07,0.4325862526893616,0.9385920763015747,0.0,2.0456342697143555,nan,nan,nan,nan
atari_krull,/home/haselab/projects/stable-deep-world-model/logs/content_kl_kernelsize/runs/20260207_060134_krull_private_eye/atari_krull_vta_k1_seed0,/home/haselab/projects/stable-deep-world-model/logs/content_kl_kernelsize/runs/20260207_060134_krull_private_eye/atari_krull_vta_k1_seed0/latest.pt,/home/haselab/projects/stable-deep-world-model/logs/content_kl_kernelsize/runs/20260207_060134_krull_private_eye/atari_krull_vta_k1_seed0/train_eps/20260207T073134-8739267d147d4d0ba7a4c1550ab35526-3425.npz,232,264,0.0,1.5202775216494047e-07,0.4403882324695587,0.9228066205978394,0.0,2.0895729064941406,nan,nan,nan,nan
atari_krull,/home/haselab/projects/stable-deep-world-model/logs/content_kl_kernelsize/runs/20260207_060134_krull_private_eye/atari_krull_vta_k1_seed0,/home/haselab/projects/stable-deep-world-model/logs/content_kl_kernelsize/runs/20260207_060134_krull_private_eye/atari_krull_vta_k1_seed0/latest.pt,/home/haselab/projects/stable-deep-world-model/logs/content_kl_kernelsize/runs/20260207_060134_krull_private_eye/atari_krull_vta_k1_seed0/train_eps/20260207T073134-8739267d147d4d0ba7a4c1550ab35526-3425.npz,240,272,0.0,1.5345975157288194e-07,0.4315534830093384,0.9092273712158203,0.0,2.0532217025756836,nan,nan,nan,nan
atari_krull,/home/haselab/projects/stable-deep-world-model/logs/content_kl_kernelsize/runs/20260207_060134_krull_private_eye/atari_krull_vta_k1_seed0,/home/haselab/projects/stable-deep-world-model/logs/content_kl_kernelsize/runs/20260207_060134_krull_private_eye/atari_krull_vta_k1_seed0/latest.pt,/home/haselab/projects/stable-deep-world-model/logs/content_kl_kernelsize/runs/20260207_060134_krull_private_eye/atari_krull_vta_k1_seed0/train_eps/20260207T073134-8739267d147d4d0ba7a4c1550ab35526-3425.npz,248,280,0.0,2.000933960744078e-07,0.43190455436706543,0.8800574541091919,0.0,1.9451136589050293,nan,nan,nan,nan
atari_krull,/home/haselab/projects/stable-deep-world-model/logs/content_kl_kernelsize/runs/20260207_060134_krull_private_eye/atari_krull_vta_k1_seed0,/home/haselab/projects/stable-deep-world-model/logs/content_kl_kernelsize/runs/20260207_060134_krull_private_eye/atari_krull_vta_k1_seed0/latest.pt,/home/haselab/projects/stable-deep-world-model/logs/content_kl_kernelsize/runs/20260207_060134_krull_private_eye/atari_krull_vta_k1_seed0/train_eps/20260207T073134-8739267d147d4d0ba7a4c1550ab35526-3425.npz,256,288,0.0,1.821695150283631e-07,0.43990159034729004,0.870561420917511,0.0,1.9840433597564697,nan,nan,nan,nan
atari_krull,/home/haselab/projects/stable-deep-world-model/logs/content_kl_kernelsize/runs/20260207_060134_krull_private_eye/atari_krull_vta_k1_seed0,/home/haselab/projects/stable-deep-world-model/logs/content_kl_kernelsize/runs/20260207_060134_krull_private_eye/atari_krull_vta_k1_seed0/latest.pt,/home/haselab/projects/stable-deep-world-model/logs/content_kl_kernelsize/runs/20260207_060134_krull_private_eye/atari_krull_vta_k1_seed0/train_eps/20260207T073134-8739267d147d4d0ba7a4c1550ab35526-3425.npz,264,296,0.0,1.2163397400399845e-07,0.43780893087387085,0.9081284999847412,0.0,2.0168750286102295,nan,nan,nan,nan
atari_krull,/home/haselab/projects/stable-deep-world-model/logs/content_kl_kernelsize/runs/20260207_060134_krull_private_eye/atari_krull_vta_k1_seed0,/home/haselab/projects/stable-deep-world-model/logs/content_kl_kernelsize/runs/20260207_060134_krull_private_eye/atari_krull_vta_k1_seed0/latest.pt,/home/haselab/projects/stable-deep-world-model/logs/content_kl_kernelsize/runs/20260207_060134_krull_private_eye/atari_krull_vta_k1_seed0/train_eps/20260207T073134-8739267d147d4d0ba7a4c1550ab35526-3425.npz,272,304,0.0,1.1155040624544199e-07,0.6349415183067322,1.4726581573486328,0.0,2.630965232849121,nan,nan,nan,nan
atari_krull,/home/haselab/projects/stable-deep-world-model/logs/content_kl_kernelsize/runs/20260207_060134_krull_private_eye/atari_krull_vta_k1_seed0,/home/haselab/projects/stable-deep-world-model/logs/content_kl_kernelsize/runs/20260207_060134_krull_private_eye/atari_krull_vta_k1_seed0/latest.pt,/home/haselab/projects/stable-deep-world-model/logs/content_kl_kernelsize/runs/20260207_060134_krull_private_eye/atari_krull_vta_k1_seed0/train_eps/20260207T073134-8739267d147d4d0ba7a4c1550ab35526-3425.npz,280,312,0.0,5.974246874984601e-08,1.119040608406067,1.8583366870880127,0.0,2.7746856212615967,nan,nan,nan,nan
atari_krull,/home/haselab/projects/stable-deep-world-model/logs/content_kl_kernelsize/runs/20260207_060134_krull_private_eye/atari_krull_vta_k1_seed0,/home/haselab/projects/stable-deep-world-model/logs/content_kl_kernelsize/runs/20260207_060134_krull_private_eye/atari_krull_vta_k1_seed0/latest.pt,/home/haselab/projects/stable-deep-world-model/logs/content_kl_kernelsize/runs/20260207_060134_krull_private_eye/atari_krull_vta_k1_seed0/train_eps/20260207T073134-8739267d147d4d0ba7a4c1550ab35526-3425.npz,288,320,0.0,7.38319336224258e-11,1.5480091571807861,2.234602928161621,0.0,2.915414333343506,nan,nan,nan,nan
atari_krull,/home/haselab/projects/stable-deep-world-model/logs/content_kl_kernelsize/runs/20260207_060134_krull_private_eye/atari_krull_vta_k1_seed0,/home/haselab/projects/stable-deep-world-model/logs/content_kl_kernelsize/runs/20260207_060134_krull_private_eye/atari_krull_vta_k1_seed0/latest.pt,/home/haselab/projects/stable-deep-world-model/logs/content_kl_kernelsize/runs/20260207_060134_krull_private_eye/atari_krull_vta_k1_seed0/train_eps/20260207T073134-8739267d147d4d0ba7a4c1550ab35526-3425.npz,296,328,0.0,8.21670093076321e-11,1.9286141395568848,2.4918582439422607,0.0,2.986739158630371,nan,nan,nan,nan
atari_krull,/home/haselab/projects/stable-deep-world-model/logs/content_kl_kernelsize/runs/20260207_060134_krull_private_eye/atari_krull_vta_k1_seed0,/home/haselab/projects/stable-deep-world-model/logs/content_kl_kernelsize/runs/20260207_060134_krull_private_eye/atari_krull_vta_k1_seed0/latest.pt,/home/haselab/projects/stable-deep-world-model/logs/content_kl_kernelsize/runs/20260207_060134_krull_private_eye/atari_krull_vta_k1_seed0/train_eps/20260207T073134-8739267d147d4d0ba7a4c1550ab35526-3425.npz,304,336,0.0,4.128742833731103e-11,2.1769890785217285,2.2708539962768555,0.0,2.5654239654541016,nan,nan,nan,nan
atari_krull,/home/haselab/projects/stable-deep-world-model/logs/content_kl_kernelsize/runs/20260207_060134_krull_private_eye/atari_krull_vta_k1_seed0,/home/haselab/projects/stable-deep-world-model/logs/content_kl_kernelsize/runs/20260207_060134_krull_private_eye/atari_krull_vta_k1_seed0/latest.pt,/home/haselab/projects/stable-deep-world-model/logs/content_kl_kernelsize/runs/20260207_060134_krull_private_eye/atari_krull_vta_k1_seed0/train_eps/20260207T073134-8739267d147d4d0ba7a4c1550ab35526-3425.npz,312,344,0.0,4.1202461581457683e-11,2.179799795150757,2.2475318908691406,0.0,2.552156448364258,nan,nan,nan,nan
atari_krull,/home/haselab/projects/stable-deep-world-model/logs/content_kl_kernelsize/runs/20260207_060134_krull_private_eye/atari_krull_vta_k1_seed0,/home/haselab/projects/stable-deep-world-model/logs/content_kl_kernelsize/runs/20260207_060134_krull_private_eye/atari_krull_vta_k1_seed0/latest.pt,/home/haselab/projects/stable-deep-world-model/logs/content_kl_kernelsize/runs/20260207_060134_krull_private_eye/atari_krull_vta_k1_seed0/train_eps/20260207T073134-8739267d147d4d0ba7a4c1550ab35526-3425.npz,320,352,0.0,4.0403572848513036e-11,2.2004594802856445,2.1693060398101807,0.0,2.442162036895752,nan,nan,nan,nan
atari_krull,/home/haselab/projects/stable-deep-world-model/logs/content_kl_kernelsize/runs/20260207_060134_krull_private_eye/atari_krull_vta_k1_seed0,/home/haselab/projects/stable-deep-world-model/logs/content_kl_kernelsize/runs/20260207_060134_krull_private_eye/atari_krull_vta_k1_seed0/latest.pt,/home/haselab/projects/stable-deep-world-model/logs/content_kl_kernelsize/runs/20260207_060134_krull_private_eye/atari_krull_vta_k1_seed0/train_eps/20260207T073134-8739267d147d4d0ba7a4c1550ab35526-3425.npz,328,360,0.0,5.478808962067205e-09,2.2209279537200928,2.1943559646606445,0.0,2.408353805541992,nan,nan,nan,nan
atari_krull,/home/haselab/projects/stable-deep-world-model/logs/content_kl_kernelsize/runs/20260207_060134_krull_private_eye/atari_krull_vta_k1_seed0,/home/haselab/projects/stable-deep-world-model/logs/content_kl_kernelsize/runs/20260207_060134_krull_private_eye/atari_krull_vta_k1_seed0/latest.pt,/home/haselab/projects/stable-deep-world-model/logs/content_kl_kernelsize/runs/20260207_060134_krull_private_eye/atari_krull_vta_k1_seed0/train_eps/20260207T073134-8739267d147d4d0ba7a4c1550ab35526-3425.npz,336,368,0.0,5.465075503252592e-09,2.23948073387146,2.195977210998535,0.0,2.3610100746154785,nan,nan,nan,nan
atari_krull,/home/haselab/projects/stable-deep-world-model/logs/content_kl_kernelsize/runs/20260207_060134_krull_private_eye/atari_krull_vta_k1_seed0,/home/haselab/projects/stable-deep-world-model/logs/content_kl_kernelsize/runs/20260207_060134_krull_private_eye/atari_krull_vta_k1_seed0/latest.pt,/home/haselab/projects/stable-deep-world-model/logs/content_kl_kernelsize/runs/20260207_060134_krull_private_eye/atari_krull_vta_k1_seed0/train_eps/20260207T073134-8739267d147d4d0ba7a4c1550ab35526-3425.npz,344,376,0.0,5.567094341074608e-09,2.1345407962799072,2.076070785522461,0.0,2.259840250015259,nan,nan,nan,nan
atari_krull,/home/haselab/projects/stable-deep-world-model/logs/content_kl_kernelsize/runs/20260207_060134_krull_private_eye/atari_krull_vta_k1_seed0,/home/haselab/projects/stable-deep-world-model/logs/content_kl_kernelsize/runs/20260207_060134_krull_private_eye/atari_krull_vta_k1_seed0/latest.pt,/home/haselab/projects/stable-deep-world-model/logs/content_kl_kernelsize/runs/20260207_060134_krull_private_eye/atari_krull_vta_k1_seed0/train_eps/20260207T073134-8739267d147d4d0ba7a4c1550ab35526-3425.npz,352,384,0.0,7.882804631265117e-09,2.097503423690796,2.0606184005737305,0.0,2.2562503814697266,nan,nan,nan,nan
atari_krull,/home/haselab/projects/stable-deep-world-model/logs/content_kl_kernelsize/runs/20260207_060134_krull_private_eye/atari_krull_vta_k1_seed0,/home/haselab/projects/stable-deep-world-model/logs/content_kl_kernelsize/runs/20260207_060134_krull_private_eye/atari_krull_vta_k1_seed0/latest.pt,/home/haselab/projects/stable-deep-world-model/logs/content_kl_kernelsize/runs/20260207_060134_krull_private_eye/atari_krull_vta_k1_seed0/train_eps/20260207T073134-8739267d147d4d0ba7a4c1550ab35526-3425.npz,360,392,0.0,2.5868061026557143e-09,2.1049742698669434,2.0993568897247314,0.0,2.346815586090088,nan,nan,nan,nan
atari_krull,/home/haselab/projects/stable-deep-world-model/logs/content_kl_kernelsize/runs/20260207_060134_krull_private_eye/atari_krull_vta_k1_seed0,/home/haselab/projects/stable-deep-world-model/logs/content_kl_kernelsize/runs/20260207_060134_krull_private_eye/atari_krull_vta_k1_seed0/latest.pt,/home/haselab/projects/stable-deep-world-model/logs/content_kl_kernelsize/runs/20260207_060134_krull_private_eye/atari_krull_vta_k1_seed0/train_eps/20260207T073134-8739267d147d4d0ba7a4c1550ab35526-3425.npz,368,400,0.0,2.67389643759941e-09,2.0293378829956055,2.0525026321411133,0.0,2.312256097793579,nan,nan,nan,nan
atari_krull,/home/haselab/projects/stable-deep-world-model/logs/content_kl_kernelsize/runs/20260207_060134_krull_private_eye/atari_krull_vta_k1_seed0,/home/haselab/projects/stable-deep-world-model/logs/content_kl_kernelsize/runs/20260207_060134_krull_private_eye/atari_krull_vta_k1_seed0/latest.pt,/home/haselab/projects/stable-deep-world-model/logs/content_kl_kernelsize/runs/20260207_060134_krull_private_eye/atari_krull_vta_k1_seed0/train_eps/20260207T073134-8739267d147d4d0ba7a4c1550ab35526-3425.npz,376,408,0.0,9.24298682036806e-09,2.0442888736724854,2.042903423309326,0.0,2.31999135017395,nan,nan,nan,nan
atari_krull,/home/haselab/projects/stable-deep-world-model/logs/content_kl_kernelsize/runs/20260207_060134_krull_private_eye/atari_krull_vta_k1_seed0,/home/haselab/projects/stable-deep-world-model/logs/content_kl_kernelsize/runs/20260207_060134_krull_private_eye/atari_krull_vta_k1_seed0/latest.pt,/home/haselab/projects/stable-deep-world-model/logs/content_kl_kernelsize/runs/20260207_060134_krull_private_eye/atari_krull_vta_k1_seed0/train_eps/20260207T073134-8739267d147d4d0ba7a4c1550ab35526-3425.npz,384,416,0.0,1.0452195553511956e-08,2.0471506118774414,2.073296070098877,0.0,2.31020188331604,nan,nan,nan,nan
atari_krull,/home/haselab/projects/stable-deep-world-model/logs/content_kl_kernelsize/runs/20260207_060134_krull_private_eye/atari_krull_vta_k1_seed0,/home/haselab/projects/stable-deep-world-model/logs/content_kl_kernelsize/runs/20260207_060134_krull_private_eye/atari_krull_vta_k1_seed0/latest.pt,/home/haselab/projects/stable-deep-world-model/logs/content_kl_kernelsize/runs/20260207_060134_krull_private_eye/atari_krull_vta_k1_seed0/train_eps/20260207T073134-8739267d147d4d0ba7a4c1550ab35526-3425.npz,392,424,0.0,1.0322734667056466e-08,1.996803879737854,1.9597840309143066,0.0,2.1855225563049316,nan,nan,nan,nan
atari_krull,/home/haselab/projects/stable-deep-world-model/logs/content_kl_kernelsize/runs/20260207_060134_krull_private_eye/atari_krull_vta_k1_seed0,/home/haselab/projects/stable-deep-world-model/logs/content_kl_kernelsize/runs/20260207_060134_krull_private_eye/atari_krull_vta_k1_seed0/latest.pt,/home/haselab/projects/stable-deep-world-model/logs/content_kl_kernelsize/runs/20260207_060134_krull_private_eye/atari_krull_vta_k1_seed0/train_eps/20260207T073134-8739267d147d4d0ba7a4c1550ab35526-3425.npz,400,432,0.0,1.1360912210989227e-08,1.9962347745895386,1.8960429430007935,0.0,2.13104248046875,nan,nan,nan,nan
atari_krull,/home/haselab/projects/stable-deep-world-model/logs/content_kl_kernelsize/runs/20260207_060134_krull_private_eye/atari_krull_vta_k1_seed0,/home/haselab/projects/stable-deep-world-model/logs/content_kl_kernelsize/runs/20260207_060134_krull_private_eye/atari_krull_vta_k1_seed0/latest.pt,/home/haselab/projects/stable-deep-world-model/logs/content_kl_kernelsize/runs/20260207_060134_krull_private_eye/atari_krull_vta_k1_seed0/train_eps/20260207T073134-8739267d147d4d0ba7a4c1550ab35526-3425.npz,408,440,0.0,5.602794672654454e-09,1.9966989755630493,2.090161085128784,0.0,2.286374568939209,nan,nan,nan,nan
atari_krull,/home/haselab/projects/stable-deep-world-model/logs/content_kl_kernelsize/runs/20260207_060134_krull_private_eye/atari_krull_vta_k1_seed0,/home/haselab/projects/stable-deep-world-model/logs/content_kl_kernelsize/runs/20260207_060134_krull_private_eye/atari_krull_vta_k1_seed0/latest.pt,/home/haselab/projects/stable-deep-world-model/logs/content_kl_kernelsize/runs/20260207_060134_krull_private_eye/atari_krull_vta_k1_seed0/train_eps/20260207T073134-8739267d147d4d0ba7a4c1550ab35526-3425.npz,416,448,0.0,3.668571668669074e-09,1.9317564964294434,2.00930118560791,0.0,2.240060329437256,nan,nan,nan,nan
atari_krull,/home/haselab/projects/stable-deep-world-model/logs/content_kl_kernelsize/runs/20260207_060134_krull_private_eye/atari_krull_vta_k1_seed0,/home/haselab/projects/stable-deep-world-model/logs/content_kl_kernelsize/runs/20260207_060134_krull_private_eye/atari_krull_vta_k1_seed0/latest.pt,/home/haselab/projects/stable-deep-world-model/logs/content_kl_kernelsize/runs/20260207_060134_krull_private_eye/atari_krull_vta_k1_seed0/train_eps/20260207T073134-8739267d147d4d0ba7a4c1550ab35526-3425.npz,424,456,0.0,3.644569090965888e-09,2.007291793823242,2.0631730556488037,0.0,2.2972605228424072,nan,nan,nan,nan
atari_krull,/home/haselab/projects/stable-deep-world-model/logs/content_kl_kernelsize/runs/20260207_060134_krull_private_eye/atari_krull_vta_k1_seed0,/home/haselab/projects/stable-deep-world-model/logs/content_kl_kernelsize/runs/20260207_060134_krull_private_eye/atari_krull_vta_k1_seed0/latest.pt,/home/haselab/projects/stable-deep-world-model/logs/content_kl_kernelsize/runs/20260207_060134_krull_private_eye/atari_krull_vta_k1_seed0/train_eps/20260207T073134-8739267d147d4d0ba7a4c1550ab35526-3425.npz,432,464,0.0,2.507759111480823e-09,2.072352886199951,2.1796789169311523,0.0,2.426393985748291,nan,nan,nan,nan
atari_krull,/home/haselab/projects/stable-deep-world-model/logs/content_kl_kernelsize/runs/20260207_060134_krull_private_eye/atari_krull_vta_k1_seed0,/home/haselab/projects/stable-deep-world-model/logs/content_kl_kernelsize/runs/20260207_060134_krull_private_eye/atari_krull_vta_k1_seed0/latest.pt,/home/haselab/projects/stable-deep-world-model/logs/content_kl_kernelsize/runs/20260207_060134_krull_private_eye/atari_krull_vta_k1_seed0/train_eps/20260207T073134-8739267d147d4d0ba7a4c1550ab35526-3425.npz,440,472,0.0,1.6243372202850992e-09,2.055055618286133,2.084179401397705,0.0,2.354405641555786,nan,nan,nan,nan
atari_krull,/home/haselab/projects/stable-deep-world-model/logs/content_kl_kernelsize/runs/20260207_060134_krull_private_eye/atari_krull_vta_k1_seed0,/home/haselab/projects/stable-deep-world-model/logs/content_kl_kernelsize/runs/20260207_060134_krull_private_eye/atari_krull_vta_k1_seed0/latest.pt,/home/haselab/projects/stable-deep-world-model/logs/content_kl_kernelsize/runs/20260207_060134_krull_private_eye/atari_krull_vta_k1_seed0/train_eps/20260207T073134-8739267d147d4d0ba7a4c1550ab35526-3425.npz,448,480,0.0,3.6459446572933984e-11,2.1133947372436523,2.099064350128174,0.0,2.373734474182129,nan,nan,nan,nan
atari_krull,/home/haselab/projects/stable-deep-world-model/logs/content_kl_kernelsize/runs/20260207_060134_krull_private_eye/atari_krull_vta_k1_seed0,/home/haselab/projects/stable-deep-world-model/logs/content_kl_kernelsize/runs/20260207_060134_krull_private_eye/atari_krull_vta_k1_seed0/latest.pt,/home/haselab/projects/stable-deep-world-model/logs/content_kl_kernelsize/runs/20260207_060134_krull_private_eye/atari_krull_vta_k1_seed0/train_eps/20260207T073134-8739267d147d4d0ba7a4c1550ab35526-3425.npz,456,488,0.03125,0.03125,2.2482194900512695,2.3667030334472656,0.14827314019203186,2.592543363571167,5.854180812835693,8.108966827392578,4.7447404861450195,7.905949115753174
atari_krull,/home/haselab/projects/stable-deep-world-model/logs/content_kl_kernelsize/runs/20260207_060134_krull_private_eye/atari_krull_vta_k1_seed0,/home/haselab/projects/stable-deep-world-model/logs/content_kl_kernelsize/runs/20260207_060134_krull_private_eye/atari_krull_vta_k1_seed0/latest.pt,/home/haselab/projects/stable-deep-world-model/logs/content_kl_kernelsize/runs/20260207_060134_krull_private_eye/atari_krull_vta_k1_seed0/train_eps/20260207T073134-8739267d147d4d0ba7a4c1550ab35526-3425.npz,464,496,0.03125,0.031250447034835815,1.9050850868225098,2.2829208374023438,0.14827314019203186,2.594766855239868,5.854180812835693,8.108966827392578,4.7447404861450195,7.905949115753174
atari_krull,/home/haselab/projects/stable-deep-world-model/logs/content_kl_kernelsize/runs/20260207_060134_krull_private_eye/atari_krull_vta_k1_seed0,/home/haselab/projects/stable-deep-world-model/logs/content_kl_kernelsize/runs/20260207_060134_krull_private_eye/atari_krull_vta_k1_seed0/latest.pt,/home/haselab/projects/stable-deep-world-model/logs/content_kl_kernelsize/runs/20260207_060134_krull_private_eye/atari_krull_vta_k1_seed0/train_eps/20260207T073134-8739267d147d4d0ba7a4c1550ab35526-3425.npz,472,504,0.03125,0.031250447034835815,1.6361817121505737,2.5924510955810547,0.14827314019203186,2.982811450958252,5.854180812835693,8.108966827392578,4.7447404861450195,7.905949115753174
atari_krull,/home/haselab/projects/stable-deep-world-model/logs/content_kl_kernelsize/runs/20260207_060134_krull_private_eye/atari_krull_vta_k1_seed0,/home/haselab/projects/stable-deep-world-model/logs/content_kl_kernelsize/runs/20260207_060134_krull_private_eye/atari_krull_vta_k1_seed0/latest.pt,/home/haselab/projects/stable-deep-world-model/logs/content_kl_kernelsize/runs/20260207_060134_krull_private_eye/atari_krull_vta_k1_seed0/train_eps/20260207T073134-8739267d147d4d0ba7a4c1550ab35526-3425.npz,480,512,0.03125,0.03125051036477089,1.4569765329360962,3.2173337936401367,0.14827314019203186,3.6557087898254395,5.854180812835693,8.108966827392578,4.7447404861450195,7.905949115753174
atari_krull,/home/haselab/projects/stable-deep-world-model/logs/content_kl_kernelsize/runs/20260207_060134_krull_private_eye/atari_krull_vta_k1_seed0,/home/haselab/projects/stable-deep-world-model/logs/content_kl_kernelsize/runs/20260207_060134_krull_private_eye/atari_krull_vta_k1_seed0/latest.pt,/home/haselab/projects/stable-deep-world-model/logs/content_kl_kernelsize/runs/20260207_060134_krull_private_eye/atari_krull_vta_k1_seed0/train_eps/20260207T073134-8739267d147d4d0ba7a4c1550ab35526-3425.npz,488,520,0.0,5.093716026749462e-07,1.166360855102539,3.643587112426758,0.0,4.162893295288086,nan,nan,nan,nan
atari_krull,/home/haselab/projects/stable-deep-world-model/logs/content_kl_kernelsize/runs/20260207_060134_krull_private_eye/atari_krull_vta_k1_seed0,/home/haselab/projects/stable-deep-world-model/logs/content_kl_kernelsize/runs/20260207_060134_krull_private_eye/atari_krull_vta_k1_seed0/latest.pt,/home/haselab/projects/stable-deep-world-model/logs/content_kl_kernelsize/runs/20260207_060134_krull_private_eye/atari_krull_vta_k1_seed0/train_eps/20260207T073134-8739267d147d4d0ba7a4c1550ab35526-3425.npz,496,528,0.0,6.339456604109728e-08,1.3228864669799805,4.471081733703613,0.0,4.942315101623535,nan,nan,nan,nan
atari_krull,/home/haselab/projects/stable-deep-world-model/logs/content_kl_kernelsize/runs/20260207_060134_krull_private_eye/atari_krull_vta_k1_seed0,/home/haselab/projects/stable-deep-world-model/logs/content_kl_kernelsize/runs/20260207_060134_krull_private_eye/atari_krull_vta_k1_seed0/latest.pt,/home/haselab/projects/stable-deep-world-model/logs/content_kl_kernelsize/runs/20260207_060134_krull_private_eye/atari_krull_vta_k1_seed0/train_eps/20260207T073134-8739267d147d4d0ba7a4c1550ab35526-3425.npz,504,536,0.0,6.261227980530748e-08,1.4590821266174316,4.8782172203063965,0.0,5.343334197998047,nan,nan,nan,nan
atari_krull,/home/haselab/projects/stable-deep-world-model/logs/content_kl_kernelsize/runs/20260207_060134_krull_private_eye/atari_krull_vta_k1_seed0,/home/haselab/projects/stable-deep-world-model/logs/content_kl_kernelsize/runs/20260207_060134_krull_private_eye/atari_krull_vta_k1_seed0/latest.pt,/home/haselab/projects/stable-deep-world-model/logs/content_kl_kernelsize/runs/20260207_060134_krull_private_eye/atari_krull_vta_k1_seed0/train_eps/20260207T073134-8739267d147d4d0ba7a4c1550ab35526-3425.npz,512,544,0.0,3.867092757126045e-10,1.4405988454818726,5.072166442871094,0.0,5.519759178161621,nan,nan,nan,nan
atari_krull,/home/haselab/projects/stable-deep-world-model/logs/content_kl_kernelsize/runs/20260207_060134_krull_private_eye/atari_krull_vta_k1_seed0,/home/haselab/projects/stable-deep-world-model/logs/content_kl_kernelsize/runs/20260207_060134_krull_private_eye/atari_krull_vta_k1_seed0/latest.pt,/home/haselab/projects/stable-deep-world-model/logs/content_kl_kernelsize/runs/20260207_060134_krull_private_eye/atari_krull_vta_k1_seed0/train_eps/20260207T073134-8739267d147d4d0ba7a4c1550ab35526-3425.npz,520,552,0.0,2.8028024345871927e-10,1.4270498752593994,5.235490798950195,0.0,5.639415740966797,nan,nan,nan,nan
atari_krull,/home/haselab/projects/stable-deep-world-model/logs/content_kl_kernelsize/runs/20260207_060134_krull_private_eye/atari_krull_vta_k1_seed0,/home/haselab/projects/stable-deep-world-model/logs/content_kl_kernelsize/runs/20260207_060134_krull_private_eye/atari_krull_vta_k1_seed0/latest.pt,/home/haselab/projects/stable-deep-world-model/logs/content_kl_kernelsize/runs/20260207_060134_krull_private_eye/atari_krull_vta_k1_seed0/train_eps/20260207T073134-8739267d147d4d0ba7a4c1550ab35526-3425.npz,528,560,0.0,9.30709329050039e-11,1.4228177070617676,5.248088359832764,0.0,5.656077861785889,nan,nan,nan,nan
atari_krull,/home/haselab/projects/stable-deep-world-model/logs/content_kl_kernelsize/runs/20260207_060134_krull_private_eye/atari_krull_vta_k1_seed0,/home/haselab/projects/stable-deep-world-model/logs/content_kl_kernelsize/runs/20260207_060134_krull_private_eye/atari_krull_vta_k1_seed0/latest.pt,/home/haselab/projects/stable-deep-world-model/logs/content_kl_kernelsize/runs/20260207_060134_krull_private_eye/atari_krull_vta_k1_seed0/train_eps/20260207T073134-8739267d147d4d0ba7a4c1550ab35526-3425.npz,536,568,0.0,1.1174279557213396e-10,1.373240351676941,5.236446857452393,0.0,5.589291572570801,nan,nan,nan,nan
atari_krull,/home/haselab/projects/stable-deep-world-model/logs/content_kl_kernelsize/runs/20260207_060134_krull_private_eye/atari_krull_vta_k1_seed0,/home/haselab/projects/stable-deep-world-model/logs/content_kl_kernelsize/runs/20260207_060134_krull_private_eye/atari_krull_vta_k1_seed0/latest.pt,/home/haselab/projects/stable-deep-world-model/logs/content_kl_kernelsize/runs/20260207_060134_krull_private_eye/atari_krull_vta_k1_seed0/train_eps/20260207T073134-8739267d147d4d0ba7a4c1550ab35526-3425.npz,544,576,0.0,1.4449162699659013e-10,1.4934734106063843,5.212165355682373,0.0,5.574522972106934,nan,nan,nan,nan
atari_krull,/home/haselab/projects/stable-deep-world-model/logs/content_kl_kernelsize/runs/20260207_060134_krull_private_eye/atari_krull_vta_k1_seed0,/home/haselab/projects/stable-deep-world-model/logs/content_kl_kernelsize/runs/20260207_060134_krull_private_eye/atari_krull_vta_k1_seed0/latest.pt,/home/haselab/projects/stable-deep-world-model/logs/content_kl_kernelsize/runs/20260207_060134_krull_private_eye/atari_krull_vta_k1_seed0/train_eps/20260207T073134-8739267d147d4d0ba7a4c1550ab35526-3425.npz,552,584,0.0,1.3863618586462678e-10,1.4228562116622925,5.0129475593566895,0.0,5.368721961975098,nan,nan,nan,nan
atari_krull,/home/haselab/projects/stable-deep-world-model/logs/content_kl_kernelsize/runs/20260207_060134_krull_private_eye/atari_krull_vta_k1_seed0,/home/haselab/projects/stable-deep-world-model/logs/content_kl_kernelsize/runs/20260207_060134_krull_private_eye/atari_krull_vta_k1_seed0/latest.pt,/home/haselab/projects/stable-deep-world-model/logs/content_kl_kernelsize/runs/20260207_060134_krull_private_eye/atari_krull_vta_k1_seed0/train_eps/20260207T073134-8739267d147d4d0ba7a4c1550ab35526-3425.npz,560,592,0.0,1.6440443451060105e-10,1.2976841926574707,4.499383926391602,0.0,4.95546817779541,nan,nan,nan,nan
atari_krull,/home/haselab/projects/stable-deep-world-model/logs/content_kl_kernelsize/runs/20260207_060134_krull_private_eye/atari_krull_vta_k1_seed0,/home/haselab/projects/stable-deep-world-model/logs/content_kl_kernelsize/runs/20260207_060134_krull_private_eye/atari_krull_vta_k1_seed0/latest.pt,/home/haselab/projects/stable-deep-world-model/logs/content_kl_kernelsize/runs/20260207_060134_krull_private_eye/atari_krull_vta_k1_seed0/train_eps/20260207T073134-8739267d147d4d0ba7a4c1550ab35526-3425.npz,568,600,0.0,1.4581828799986596e-10,1.1335997581481934,3.582366466522217,0.0,4.236964702606201,nan,nan,nan,nan
atari_krull,/home/haselab/projects/stable-deep-world-model/logs/content_kl_kernelsize/runs/20260207_060134_krull_private_eye/atari_krull_vta_k1_seed0,/home/haselab/projects/stable-deep-world-model/logs/content_kl_kernelsize/runs/20260207_060134_krull_private_eye/atari_krull_vta_k1_seed0/latest.pt,/home/haselab/projects/stable-deep-world-model/logs/content_kl_kernelsize/runs/20260207_060134_krull_private_eye/atari_krull_vta_k1_seed0/train_eps/20260207T073134-8739267d147d4d0ba7a4c1550ab35526-3425.npz,576,608,0.0,8.062325806967863e-11,0.687251091003418,2.3734073638916016,0.0,3.3594040870666504,nan,nan,nan,nan
atari_krull,/home/haselab/projects/stable-deep-world-model/logs/content_kl_kernelsize/runs/20260207_060134_krull_private_eye/atari_krull_vta_k1_seed0,/home/haselab/projects/stable-deep-world-model/logs/content_kl_kernelsize/runs/20260207_060134_krull_private_eye/atari_krull_vta_k1_seed0/latest.pt,/home/haselab/projects/stable-deep-world-model/logs/content_kl_kernelsize/runs/20260207_060134_krull_private_eye/atari_krull_vta_k1_seed0/train_eps/20260207T073134-8739267d147d4d0ba7a4c1550ab35526-3425.npz,584,616,0.0,7.009583885553283e-11,0.4435151219367981,1.4427239894866943,0.0,2.862776279449463,nan,nan,nan,nan
atari_krull,/home/haselab/projects/stable-deep-world-model/logs/content_kl_kernelsize/runs/20260207_060134_krull_private_eye/atari_krull_vta_k1_seed0,/home/haselab/projects/stable-deep-world-model/logs/content_kl_kernelsize/runs/20260207_060134_krull_private_eye/atari_krull_vta_k1_seed0/latest.pt,/home/haselab/projects/stable-deep-world-model/logs/content_kl_kernelsize/runs/20260207_060134_krull_private_eye/atari_krull_vta_k1_seed0/train_eps/20260207T073134-8739267d147d4d0ba7a4c1550ab35526-3425.npz,592,624,0.0,1.6234652511215586e-10,0.38202381134033203,1.1021809577941895,0.0,2.4718716144561768,nan,nan,nan,nan
atari_krull,/home/haselab/projects/stable-deep-world-model/logs/content_kl_kernelsize/runs/20260207_060134_krull_private_eye/atari_krull_vta_k1_seed0,/home/haselab/projects/stable-deep-world-model/logs/content_kl_kernelsize/runs/20260207_060134_krull_private_eye/atari_krull_vta_k1_seed0/latest.pt,/home/haselab/projects/stable-deep-world-model/logs/content_kl_kernelsize/runs/20260207_060134_krull_private_eye/atari_krull_vta_k1_seed0/train_eps/20260207T073134-8739267d147d4d0ba7a4c1550ab35526-3425.npz,600,632,0.0,1.3617136584986866e-10,0.5310627222061157,1.606661319732666,0.0,2.7969884872436523,nan,nan,nan,nan
atari_krull,/home/haselab/projects/stable-deep-world-model/logs/content_kl_kernelsize/runs/20260207_060134_krull_private_eye/atari_krull_vta_k1_seed0,/home/haselab/projects/stable-deep-world-model/logs/content_kl_kernelsize/runs/20260207_060134_krull_private_eye/atari_krull_vta_k1_seed0/latest.pt,/home/haselab/projects/stable-deep-world-model/logs/content_kl_kernelsize/runs/20260207_060134_krull_private_eye/atari_krull_vta_k1_seed0/train_eps/20260207T073134-8739267d147d4d0ba7a4c1550ab35526-3425.npz,608,640,0.0,1.3271345133958334e-10,0.8658139705657959,2.8555684089660645,0.0,3.6717095375061035,nan,nan,nan,nan
atari_krull,/home/haselab/projects/stable-deep-world-model/logs/content_kl_kernelsize/runs/20260207_060134_krull_private_eye/atari_krull_vta_k1_seed0,/home/haselab/projects/stable-deep-world-model/logs/content_kl_kernelsize/runs/20260207_060134_krull_private_eye/atari_krull_vta_k1_seed0/latest.pt,/home/haselab/projects/stable-deep-world-model/logs/content_kl_kernelsize/runs/20260207_060134_krull_private_eye/atari_krull_vta_k1_seed0/train_eps/20260207T073134-8739267d147d4d0ba7a4c1550ab35526-3425.npz,616,648,0.0,1.28146604438939e-10,1.209873914718628,3.986604690551758,0.0,4.393126964569092,nan,nan,nan,nan
atari_krull,/home/haselab/projects/stable-deep-world-model/logs/content_kl_kernelsize/runs/20260207_060134_krull_private_eye/atari_krull_vta_k1_seed0,/home/haselab/projects/stable-deep-world-model/logs/content_kl_kernelsize/runs/20260207_060134_krull_private_eye/atari_krull_vta_k1_seed0/latest.pt,/home/haselab/projects/stable-deep-world-model/logs/content_kl_kernelsize/runs/20260207_060134_krull_private_eye/atari_krull_vta_k1_seed0/train_eps/20260207T073134-8739267d147d4d0ba7a4c1550ab35526-3425.npz,624,656,0.0,2.1791262370951525e-12,1.4385428428649902,4.937993049621582,0.0,5.281253814697266,nan,nan,nan,nan
atari_krull,/home/haselab/projects/stable-deep-world-model/logs/content_kl_kernelsize/runs/20260207_060134_krull_private_eye/atari_krull_vta_k1_seed0,/home/haselab/projects/stable-deep-world-model/logs/content_kl_kernelsize/runs/20260207_060134_krull_private_eye/atari_krull_vta_k1_seed0/latest.pt,/home/haselab/projects/stable-deep-world-model/logs/content_kl_kernelsize/runs/20260207_060134_krull_private_eye/atari_krull_vta_k1_seed0/train_eps/20260207T073134-8739267d147d4d0ba7a4c1550ab35526-3425.npz,632,664,0.0,2.421651421058435e-11,1.5358386039733887,5.550079345703125,0.0,5.807615280151367,nan,nan,nan,nan
atari_krull,/home/haselab/projects/stable-deep-world-model/logs/content_kl_kernelsize/runs/20260207_060134_krull_private_eye/atari_krull_vta_k1_seed0,/home/haselab/projects/stable-deep-world-model/logs/content_kl_kernelsize/runs/20260207_060134_krull_private_eye/atari_krull_vta_k1_seed0/latest.pt,/home/haselab/projects/stable-deep-world-model/logs/content_kl_kernelsize/runs/20260207_060134_krull_private_eye/atari_krull_vta_k1_seed0/train_eps/20260207T073134-8739267d147d4d0ba7a4c1550ab35526-3425.npz,640,672,0.0,2.4231826614706797e-11,1.6289803981781006,5.690168380737305,0.0,5.924615859985352,nan,nan,nan,nan
atari_krull,/home/haselab/projects/stable-deep-world-model/logs/content_kl_kernelsize/runs/20260207_060134_krull_private_eye/atari_krull_vta_k1_seed0,/home/haselab/projects/stable-deep-world-model/logs/content_kl_kernelsize/runs/20260207_060134_krull_private_eye/atari_krull_vta_k1_seed0/latest.pt,/home/haselab/projects/stable-deep-world-model/logs/content_kl_kernelsize/runs/20260207_060134_krull_private_eye/atari_krull_vta_k1_seed0/train_eps/20260207T073134-8739267d147d4d0ba7a4c1550ab35526-3425.npz,648,680,0.0,2.422544803648563e-11,1.6793968677520752,5.721643924713135,0.0,5.958051681518555,nan,nan,nan,nan
atari_krull,/home/haselab/projects/stable-deep-world-model/logs/content_kl_kernelsize/runs/20260207_060134_krull_private_eye/atari_krull_vta_k1_seed0,/home/haselab/projects/stable-deep-world-model/logs/content_kl_kernelsize/runs/20260207_060134_krull_private_eye/atari_krull_vta_k1_seed0/latest.pt,/home/haselab/projects/stable-deep-world-model/logs/content_kl_kernelsize/runs/20260207_060134_krull_private_eye/atari_krull_vta_k1_seed0/train_eps/20260207T073134-8739267d147d4d0ba7a4c1550ab35526-3425.npz,656,688,0.0,2.4602000991968964e-11,1.692328929901123,5.771786212921143,0.0,5.957157611846924,nan,nan,nan,nan
atari_krull,/home/haselab/projects/stable-deep-world-model/logs/content_kl_kernelsize/runs/20260207_060134_krull_private_eye/atari_krull_vta_k1_seed0,/home/haselab/projects/stable-deep-world-model/logs/content_kl_kernelsize/runs/20260207_060134_krull_private_eye/atari_krull_vta_k1_seed0/latest.pt,/home/haselab/projects/stable-deep-world-model/logs/content_kl_kernelsize/runs/20260207_060134_krull_private_eye/atari_krull_vta_k1_seed0/train_eps/20260207T073134-8739267d147d4d0ba7a4c1550ab35526-3425.npz,664,696,0.0,4.590082112142235e-13,1.7001397609710693,5.732140064239502,0.0,5.875843048095703,nan,nan,nan,nan
atari_krull,/home/haselab/projects/stable-deep-world-model/logs/content_kl_kernelsize/runs/20260207_060134_krull_private_eye/atari_krull_vta_k1_seed0,/home/haselab/projects/stable-deep-world-model/logs/content_kl_kernelsize/runs/20260207_060134_krull_private_eye/atari_krull_vta_k1_seed0/latest.pt,/home/haselab/projects/stable-deep-world-model/logs/content_kl_kernelsize/runs/20260207_060134_krull_private_eye/atari_krull_vta_k1_seed0/train_eps/20260207T073134-8739267d147d4d0ba7a4c1550ab35526-3425.npz,672,704,0.0,1.6007302428011627e-10,1.6299598217010498,5.700387001037598,0.0,5.884899616241455,nan,nan,nan,nan
atari_krull,/home/haselab/projects/stable-deep-world-model/logs/content_kl_kernelsize/runs/20260207_060134_krull_private_eye/atari_krull_vta_k1_seed0,/home/haselab/projects/stable-deep-world-model/logs/content_kl_kernelsize/runs/20260207_060134_krull_private_eye/atari_krull_vta_k1_seed0/latest.pt,/home/haselab/projects/stable-deep-world-model/logs/content_kl_kernelsize/runs/20260207_060134_krull_private_eye/atari_krull_vta_k1_seed0/train_eps/20260207T073134-8739267d147d4d0ba7a4c1550ab35526-3425.npz,680,712,0.0,1.6008382119903075e-10,1.549347162246704,5.553065299987793,0.0,5.7742085456848145,nan,nan,nan,nan
atari_krull,/home/haselab/projects/stable-deep-world-model/logs/content_kl_kernelsize/runs/20260207_060134_krull_private_eye/atari_krull_vta_k1_seed0,/home/haselab/projects/stable-deep-world-model/logs/content_kl_kernelsize/runs/20260207_060134_krull_private_eye/atari_krull_vta_k1_seed0/latest.pt,/home/haselab/projects/stable-deep-world-model/logs/content_kl_kernelsize/runs/20260207_060134_krull_private_eye/atari_krull_vta_k1_seed0/train_eps/20260207T073134-8739267d147d4d0ba7a4c1550ab35526-3425.npz,688,720,0.0,1.6183508699807447e-10,1.3357651233673096,5.016861915588379,0.0,5.322938442230225,nan,nan,nan,nan
atari_krull,/home/haselab/projects/stable-deep-world-model/logs/content_kl_kernelsize/runs/20260207_060134_krull_private_eye/atari_krull_vta_k1_seed0,/home/haselab/projects/stable-deep-world-model/logs/content_kl_kernelsize/runs/20260207_060134_krull_private_eye/atari_krull_vta_k1_seed0/latest.pt,/home/haselab/projects/stable-deep-world-model/logs/content_kl_kernelsize/runs/20260207_060134_krull_private_eye/atari_krull_vta_k1_seed0/train_eps/20260207T073134-8739267d147d4d0ba7a4c1550ab35526-3425.npz,696,728,0.0,5.6311325380420385e-08,1.2518556118011475,4.663951873779297,0.0,5.191093444824219,nan,nan,nan,nan
atari_krull,/home/haselab/projects/stable-deep-world-model/logs/content_kl_kernelsize/runs/20260207_060134_krull_private_eye/atari_krull_vta_k1_seed0,/home/haselab/projects/stable-deep-world-model/logs/content_kl_kernelsize/runs/20260207_060134_krull_private_eye/atari_krull_vta_k1_seed0/latest.pt,/home/haselab/projects/stable-deep-world-model/logs/content_kl_kernelsize/runs/20260207_060134_krull_private_eye/atari_krull_vta_k1_seed0/train_eps/20260207T073134-8739267d147d4d0ba7a4c1550ab35526-3425.npz,704,736,0.0,5.615205367348608e-08,1.4000169038772583,3.8230719566345215,0.0,4.397150993347168,nan,nan,nan,nan
atari_krull,/home/haselab/projects/stable-deep-world-model/logs/content_kl_kernelsize/runs/20260207_060134_krull_private_eye/atari_krull_vta_k1_seed0,/home/haselab/projects/stable-deep-world-model/logs/content_kl_kernelsize/runs/20260207_060134_krull_private_eye/atari_krull_vta_k1_seed0/latest.pt,/home/haselab/projects/stable-deep-world-model/logs/content_kl_kernelsize/runs/20260207_060134_krull_private_eye/atari_krull_vta_k1_seed0/train_eps/20260207T073134-8739267d147d4d0ba7a4c1550ab35526-3425.npz,712,744,0.0,5.615231657429831e-08,1.4879169464111328,3.111909866333008,0.0,3.6263022422790527,nan,nan,nan,nan
atari_krull,/home/haselab/projects/stable-deep-world-model/logs/content_kl_kernelsize/runs/20260207_060134_krull_private_eye/atari_krull_vta_k1_seed0,/home/haselab/projects/stable-deep-world-model/logs/content_kl_kernelsize/runs/20260207_060134_krull_private_eye/atari_krull_vta_k1_seed0/latest.pt,/home/haselab/projects/stable-deep-world-model/logs/content_kl_kernelsize/runs/20260207_060134_krull_private_eye/atari_krull_vta_k1_seed0/train_eps/20260207T073134-8739267d147d4d0ba7a4c1550ab35526-3425.npz,720,752,0.0,5.6165422535059406e-08,1.7668395042419434,2.666288137435913,0.0,3.1419496536254883,nan,nan,nan,nan
atari_krull,/home/haselab/projects/stable-deep-world-model/logs/content_kl_kernelsize/runs/20260207_060134_krull_private_eye/atari_krull_vta_k1_seed0,/home/haselab/projects/stable-deep-world-model/logs/content_kl_kernelsize/runs/20260207_060134_krull_private_eye/atari_krull_vta_k1_seed0/latest.pt,/home/haselab/projects/stable-deep-world-model/logs/content_kl_kernelsize/runs/20260207_060134_krull_private_eye/atari_krull_vta_k1_seed0/train_eps/20260207T073134-8739267d147d4d0ba7a4c1550ab35526-3425.npz,728,760,0.0,5.895454957549617e-11,1.9344236850738525,2.1059908866882324,0.0,2.4612507820129395,nan,nan,nan,nan
atari_krull,/home/haselab/projects/stable-deep-world-model/logs/content_kl_kernelsize/runs/20260207_060134_krull_private_eye/atari_krull_vta_k1_seed0,/home/haselab/projects/stable-deep-world-model/logs/content_kl_kernelsize/runs/20260207_060134_krull_private_eye/atari_krull_vta_k1_seed0/latest.pt,/home/haselab/projects/stable-deep-world-model/logs/content_kl_kernelsize/runs/20260207_060134_krull_private_eye/atari_krull_vta_k1_seed0/train_eps/20260207T073134-8739267d147d4d0ba7a4c1550ab35526-3425.npz,736,768,0.0,1.5640028161456598e-10,1.9095593690872192,2.045482635498047,0.0,2.3461151123046875,nan,nan,nan,nan
atari_krull,/home/haselab/projects/stable-deep-world-model/logs/content_kl_kernelsize/runs/20260207_060134_krull_private_eye/atari_krull_vta_k1_seed0,/home/haselab/projects/stable-deep-world-model/logs/content_kl_kernelsize/runs/20260207_060134_krull_private_eye/atari_krull_vta_k1_seed0/latest.pt,/home/haselab/projects/stable-deep-world-model/logs/content_kl_kernelsize/runs/20260207_060134_krull_private_eye/atari_krull_vta_k1_seed0/train_eps/20260207T073134-8739267d147d4d0ba7a4c1550ab35526-3425.npz,744,776,0.0,1.6315847284342766e-10,1.905257225036621,1.9950957298278809,0.0,2.315410614013672,nan,nan,nan,nan
atari_krull,/home/haselab/projects/stable-deep-world-model/logs/content_kl_kernelsize/runs/20260207_060134_krull_private_eye/atari_krull_vta_k1_seed0,/home/haselab/projects/stable-deep-world-model/logs/content_kl_kernelsize/runs/20260207_060134_krull_private_eye/atari_krull_vta_k1_seed0/latest.pt,/home/haselab/projects/stable-deep-world-model/logs/content_kl_kernelsize/runs/20260207_060134_krull_private_eye/atari_krull_vta_k1_seed0/train_eps/20260207T073134-8739267d147d4d0ba7a4c1550ab35526-3425.npz,752,784,0.0,1.7077164682355317e-10,1.9108312129974365,1.9720951318740845,0.0,2.268307685852051,nan,nan,nan,nan
atari_krull,/home/haselab/projects/stable-deep-world-model/logs/content_kl_kernelsize/runs/20260207_060134_krull_private_eye/atari_krull_vta_k1_seed0,/home/haselab/projects/stable-deep-world-model/logs/content_kl_kernelsize/runs/20260207_060134_krull_private_eye/atari_krull_vta_k1_seed0/latest.pt,/home/haselab/projects/stable-deep-world-model/logs/content_kl_kernelsize/runs/20260207_060134_krull_private_eye/atari_krull_vta_k1_seed0/train_eps/20260207T073134-8739267d147d4d0ba7a4c1550ab35526-3425.npz,760,792,0.0,1.5266407582537056e-10,1.9079279899597168,1.9232858419418335,0.0,2.196312665939331,nan,nan,nan,nan
atari_krull,/home/haselab/projects/stable-deep-world-model/logs/content_kl_kernelsize/runs/20260207_060134_krull_private_eye/atari_krull_vta_k1_seed0,/home/haselab/projects/stable-deep-world-model/logs/content_kl_kernelsize/runs/20260207_060134_krull_private_eye/atari_krull_vta_k1_seed0/latest.pt,/home/haselab/projects/stable-deep-world-model/logs/content_kl_kernelsize/runs/20260207_060134_krull_private_eye/atari_krull_vta_k1_seed0/train_eps/20260207T073134-8739267d147d4d0ba7a4c1550ab35526-3425.npz,768,800,0.0,5.551246615165262e-11,1.8648369312286377,1.845201849937439,0.0,2.1584324836730957,nan,nan,nan,nan
atari_krull,/home/haselab/projects/stable-deep-world-model/logs/content_kl_kernelsize/runs/20260207_060134_krull_private_eye/atari_krull_vta_k1_seed0,/home/haselab/projects/stable-deep-world-model/logs/content_kl_kernelsize/runs/20260207_060134_krull_private_eye/atari_krull_vta_k1_seed0/latest.pt,/home/haselab/projects/stable-deep-world-model/logs/content_kl_kernelsize/runs/20260207_060134_krull_private_eye/atari_krull_vta_k1_seed0/train_eps/20260207T073134-8739267d147d4d0ba7a4c1550ab35526-3425.npz,776,808,0.0,5.001635564050311e-11,1.8817193508148193,1.8465092182159424,0.0,2.1508049964904785,nan,nan,nan,nan
atari_krull,/home/haselab/projects/stable-deep-world-model/logs/content_kl_kernelsize/runs/20260207_060134_krull_private_eye/atari_krull_vta_k1_seed0,/home/haselab/projects/stable-deep-world-model/logs/content_kl_kernelsize/runs/20260207_060134_krull_private_eye/atari_krull_vta_k1_seed0/latest.pt,/home/haselab/projects/stable-deep-world-model/logs/content_kl_kernelsize/runs/20260207_060134_krull_private_eye/atari_krull_vta_k1_seed0/train_eps/20260207T073134-8739267d147d4d0ba7a4c1550ab35526-3425.npz,784,816,0.0,2.7362802995645197e-11,1.846940517425537,1.820054054260254,0.0,2.1154232025146484,nan,nan,nan,nan
atari_krull,/home/haselab/projects/stable-deep-world-model/logs/content_kl_kernelsize/runs/20260207_060134_krull_private_eye/atari_krull_vta_k1_seed0,/home/haselab/projects/stable-deep-world-model/logs/content_kl_kernelsize/runs/20260207_060134_krull_private_eye/atari_krull_vta_k1_seed0/latest.pt,/home/haselab/projects/stable-deep-world-model/logs/content_kl_kernelsize/runs/20260207_060134_krull_private_eye/atari_krull_vta_k1_seed0/train_eps/20260207T073134-8739267d147d4d0ba7a4c1550ab35526-3425.npz,792,824,0.0,2.8103110116806107e-12,1.7736337184906006,1.7789710760116577,0.0,2.1034183502197266,nan,nan,nan,nan
atari_krull,/home/haselab/projects/stable-deep-world-model/logs/content_kl_kernelsize/runs/20260207_060134_krull_private_eye/atari_krull_vta_k1_seed0,/home/haselab/projects/stable-deep-world-model/logs/content_kl_kernelsize/runs/20260207_060134_krull_private_eye/atari_krull_vta_k1_seed0/latest.pt,/home/haselab/projects/stable-deep-world-model/logs/content_kl_kernelsize/runs/20260207_060134_krull_private_eye/atari_krull_vta_k1_seed0/train_eps/20260207T073134-8739267d147d4d0ba7a4c1550ab35526-3425.npz,800,832,0.0,3.868811521146043e-12,1.7940056324005127,1.7999972105026245,0.0,2.116629123687744,nan,nan,nan,nan
atari_krull,/home/haselab/projects/stable-deep-world-model/logs/content_kl_kernelsize/runs/20260207_060134_krull_private_eye/atari_krull_vta_k1_seed0,/home/haselab/projects/stable-deep-world-model/logs/content_kl_kernelsize/runs/20260207_060134_krull_private_eye/atari_krull_vta_k1_seed0/latest.pt,/home/haselab/projects/stable-deep-world-model/logs/content_kl_kernelsize/runs/20260207_060134_krull_private_eye/atari_krull_vta_k1_seed0/train_eps/20260207T073134-8739267d147d4d0ba7a4c1550ab35526-3425.npz,808,840,0.0,2.334856917182715e-12,1.7982230186462402,1.7632046937942505,0.0,2.1016921997070312,nan,nan,nan,nan
atari_krull,/home/haselab/projects/stable-deep-world-model/logs/content_kl_kernelsize/runs/20260207_060134_krull_private_eye/atari_krull_vta_k1_seed0,/home/haselab/projects/stable-deep-world-model/logs/content_kl_kernelsize/runs/20260207_060134_krull_private_eye/atari_krull_vta_k1_seed0/latest.pt,/home/haselab/projects/stable-deep-world-model/logs/content_kl_kernelsize/runs/20260207_060134_krull_private_eye/atari_krull_vta_k1_seed0/train_eps/20260207T073134-8739267d147d4d0ba7a4c1550ab35526-3425.npz,816,848,0.0,2.2033481809902167e-12,1.7958654165267944,1.7532808780670166,0.0,2.16270112991333,nan,nan,nan,nan
atari_krull,/home/haselab/projects/stable-deep-world-model/logs/content_kl_kernelsize/runs/20260207_060134_krull_private_eye/atari_krull_vta_k1_seed0,/home/haselab/projects/stable-deep-world-model/logs/content_kl_kernelsize/runs/20260207_060134_krull_private_eye/atari_krull_vta_k1_seed0/latest.pt,/home/haselab/projects/stable-deep-world-model/logs/content_kl_kernelsize/runs/20260207_060134_krull_private_eye/atari_krull_vta_k1_seed0/train_eps/20260207T073134-8739267d147d4d0ba7a4c1550ab35526-3425.npz,824,856,0.0,1.902649045260052e-12,1.843411922454834,1.7728421688079834,0.0,2.198472023010254,nan,nan,nan,nan
atari_krull,/home/haselab/projects/stable-deep-world-model/logs/content_kl_kernelsize/runs/20260207_060134_krull_private_eye/atari_krull_vta_k1_seed0,/home/haselab/projects/stable-deep-world-model/logs/content_kl_kernelsize/runs/20260207_060134_krull_private_eye/atari_krull_vta_k1_seed0/latest.pt,/home/haselab/projects/stable-deep-world-model/logs/content_kl_kernelsize/runs/20260207_060134_krull_private_eye/atari_krull_vta_k1_seed0/train_eps/20260207T073134-8739267d147d4d0ba7a4c1550ab35526-3425.npz,832,864,0.0,1.2591428550853823e-12,1.8741347789764404,1.7784963846206665,0.0,2.2097651958465576,nan,nan,nan,nan
atari_krull,/home/haselab/projects/stable-deep-world-model/logs/content_kl_kernelsize/runs/20260207_060134_krull_private_eye/atari_krull_vta_k1_seed0,/home/haselab/projects/stable-deep-world-model/logs/content_kl_kernelsize/runs/20260207_060134_krull_private_eye/atari_krull_vta_k1_seed0/latest.pt,/home/haselab/projects/stable-deep-world-model/logs/content_kl_kernelsize/runs/20260207_060134_krull_private_eye/atari_krull_vta_k1_seed0/train_eps/20260207T073134-8739267d147d4d0ba7a4c1550ab35526-3425.npz,840,872,0.0,4.260070161216101e-12,1.862793207168579,1.778901219367981,0.0,2.237170696258545,nan,nan,nan,nan
atari_krull,/home/haselab/projects/stable-deep-world-model/logs/content_kl_kernelsize/runs/20260207_060134_krull_private_eye/atari_krull_vta_k1_seed0,/home/haselab/projects/stable-deep-world-model/logs/content_kl_kernelsize/runs/20260207_060134_krull_private_eye/atari_krull_vta_k1_seed0/latest.pt,/home/haselab/projects/stable-deep-world-model/logs/content_kl_kernelsize/runs/20260207_060134_krull_private_eye/atari_krull_vta_k1_seed0/train_eps/20260207T073134-8739267d147d4d0ba7a4c1550ab35526-3425.npz,848,880,0.0,1.1979056635524898e-11,1.8586912155151367,1.8264656066894531,0.0,2.2390875816345215,nan,nan,nan,nan
atari_krull,/home/haselab/projects/stable-deep-world-model/logs/content_kl_kernelsize/runs/20260207_060134_krull_private_eye/atari_krull_vta_k1_seed0,/home/haselab/projects/stable-deep-world-model/logs/content_kl_kernelsize/runs/20260207_060134_krull_private_eye/atari_krull_vta_k1_seed0/latest.pt,/home/haselab/projects/stable-deep-world-model/logs/content_kl_kernelsize/runs/20260207_060134_krull_private_eye/atari_krull_vta_k1_seed0/train_eps/20260207T073134-8739267d147d4d0ba7a4c1550ab35526-3425.npz,856,888,0.0,4.328810573883679e-11,1.8453552722930908,1.8676598072052002,0.0,2.273524284362793,nan,nan,nan,nan
atari_krull,/home/haselab/projects/stable-deep-world-model/logs/content_kl_kernelsize/runs/20260207_060134_krull_private_eye/atari_krull_vta_k1_seed0,/home/haselab/projects/stable-deep-world-model/logs/content_kl_kernelsize/runs/20260207_060134_krull_private_eye/atari_krull_vta_k1_seed0/latest.pt,/home/haselab/projects/stable-deep-world-model/logs/content_kl_kernelsize/runs/20260207_060134_krull_private_eye/atari_krull_vta_k1_seed0/train_eps/20260207T073134-8739267d147d4d0ba7a4c1550ab35526-3425.npz,864,896,0.0,4.222083099802987e-11,1.7852046489715576,1.8451048135757446,0.0,2.240976333618164,nan,nan,nan,nan
atari_krull,/home/haselab/projects/stable-deep-world-model/logs/content_kl_kernelsize/runs/20260207_060134_krull_private_eye/atari_krull_vta_k1_seed0,/home/haselab/projects/stable-deep-world-model/logs/content_kl_kernelsize/runs/20260207_060134_krull_private_eye/atari_krull_vta_k1_seed0/latest.pt,/home/haselab/projects/stable-deep-world-model/logs/content_kl_kernelsize/runs/20260207_060134_krull_private_eye/atari_krull_vta_k1_seed0/train_eps/20260207T073134-8739267d147d4d0ba7a4c1550ab35526-3425.npz,872,904,0.0,3.9300302595579595e-11,1.7532198429107666,1.843458890914917,0.0,2.194729804992676,nan,nan,nan,nan
atari_krull,/home/haselab/projects/stable-deep-world-model/logs/content_kl_kernelsize/runs/20260207_060134_krull_private_eye/atari_krull_vta_k1_seed0,/home/haselab/projects/stable-deep-world-model/logs/content_kl_kernelsize/runs/20260207_060134_krull_private_eye/atari_krull_vta_k1_seed0/latest.pt,/home/haselab/projects/stable-deep-world-model/logs/content_kl_kernelsize/runs/20260207_060134_krull_private_eye/atari_krull_vta_k1_seed0/train_eps/20260207T073134-8739267d147d4d0ba7a4c1550ab35526-3425.npz,880,912,0.0,3.17547307893129e-11,1.797648549079895,1.837862491607666,0.0,2.170863151550293,nan,nan,nan,nan
atari_krull,/home/haselab/projects/stable-deep-world-model/logs/content_kl_kernelsize/runs/20260207_060134_krull_private_eye/atari_krull_vta_k1_seed0,/home/haselab/projects/stable-deep-world-model/logs/content_kl_kernelsize/runs/20260207_060134_krull_private_eye/atari_krull_vta_k1_seed0/latest.pt,/home/haselab/projects/stable-deep-world-model/logs/content_kl_kernelsize/runs/20260207_060134_krull_private_eye/atari_krull_vta_k1_seed0/train_eps/20260207T073134-8739267d147d4d0ba7a4c1550ab35526-3425.npz,888,920,0.0,2.026431106250115e-12,1.7842097282409668,1.792704701423645,0.0,2.1010398864746094,nan,nan,nan,nan
atari_krull,/home/haselab/projects/stable-deep-world-model/logs/content_kl_kernelsize/runs/20260207_060134_krull_private_eye/atari_krull_vta_k1_seed0,/home/haselab/projects/stable-deep-world-model/logs/content_kl_kernelsize/runs/20260207_060134_krull_private_eye/atari_krull_vta_k1_seed0/latest.pt,/home/haselab/projects/stable-deep-world-model/logs/content_kl_kernelsize/runs/20260207_060134_krull_private_eye/atari_krull_vta_k1_seed0/train_eps/20260207T073134-8739267d147d4d0ba7a4c1550ab35526-3425.npz,896,928,0.0,5.549501396612255e-12,1.789589285850525,1.806018590927124,0.0,2.1202785968780518,nan,nan,nan,nan
atari_krull,/home/haselab/projects/stable-deep-world-model/logs/content_kl_kernelsize/runs/20260207_060134_krull_private_eye/atari_krull_vta_k1_seed0,/home/haselab/projects/stable-deep-world-model/logs/content_kl_kernelsize/runs/20260207_060134_krull_private_eye/atari_krull_vta_k1_seed0/latest.pt,/home/haselab/projects/stable-deep-world-model/logs/content_kl_kernelsize/runs/20260207_060134_krull_private_eye/atari_krull_vta_k1_seed0/train_eps/20260207T073134-8739267d147d4d0ba7a4c1550ab35526-3425.npz,904,936,0.0,6.9431491805937995e-12,1.8320231437683105,1.8432836532592773,0.0,2.157506227493286,nan,nan,nan,nan
atari_krull,/home/haselab/projects/stable-deep-world-model/logs/content_kl_kernelsize/runs/20260207_060134_krull_private_eye/atari_krull_vta_k1_seed0,/home/haselab/projects/stable-deep-world-model/logs/content_kl_kernelsize/runs/20260207_060134_krull_private_eye/atari_krull_vta_k1_seed0/latest.pt,/home/haselab/projects/stable-deep-world-model/logs/content_kl_kernelsize/runs/20260207_060134_krull_private_eye/atari_krull_vta_k1_seed0/train_eps/20260207T073134-8739267d147d4d0ba7a4c1550ab35526-3425.npz,912,944,0.0,7.078540878446837e-12,1.811323642730713,1.8173699378967285,0.0,2.1509158611297607,nan,nan,nan,nan
atari_krull,/home/haselab/projects/stable-deep-world-model/logs/content_kl_kernelsize/runs/20260207_060134_krull_private_eye/atari_krull_vta_k1_seed0,/home/haselab/projects/stable-deep-world-model/logs/content_kl_kernelsize/runs/20260207_060134_krull_private_eye/atari_krull_vta_k1_seed0/latest.pt,/home/haselab/projects/stable-deep-world-model/logs/content_kl_kernelsize/runs/20260207_060134_krull_private_eye/atari_krull_vta_k1_seed0/train_eps/20260207T073134-8739267d147d4d0ba7a4c1550ab35526-3425.npz,920,952,0.0,5.937134030936653e-12,1.8552240133285522,1.8388186693191528,0.0,2.187260150909424,nan,nan,nan,nan
atari_krull,/home/haselab/projects/stable-deep-world-model/logs/content_kl_kernelsize/runs/20260207_060134_krull_private_eye/atari_krull_vta_k1_seed0,/home/haselab/projects/stable-deep-world-model/logs/content_kl_kernelsize/runs/20260207_060134_krull_private_eye/atari_krull_vta_k1_seed0/latest.pt,/home/haselab/projects/stable-deep-world-model/logs/content_kl_kernelsize/runs/20260207_060134_krull_private_eye/atari_krull_vta_k1_seed0/train_eps/20260207T073134-8739267d147d4d0ba7a4c1550ab35526-3425.npz,928,960,0.0,3.5984247265946623e-12,1.9053374528884888,1.8873215913772583,0.0,2.2120447158813477,nan,nan,nan,nan
atari_krull,/home/haselab/projects/stable-deep-world-model/logs/content_kl_kernelsize/runs/20260207_060134_krull_private_eye/atari_krull_vta_k1_seed0,/home/haselab/projects/stable-deep-world-model/logs/content_kl_kernelsize/runs/20260207_060134_krull_private_eye/atari_krull_vta_k1_seed0/latest.pt,/home/haselab/projects/stable-deep-world-model/logs/content_kl_kernelsize/runs/20260207_060134_krull_private_eye/atari_krull_vta_k1_seed0/train_eps/20260207T073134-8739267d147d4d0ba7a4c1550ab35526-3425.npz,936,968,0.0,3.0619382897223435e-12,1.9102423191070557,1.8597583770751953,0.0,2.189394474029541,nan,nan,nan,nan
atari_krull,/home/haselab/projects/stable-deep-world-model/logs/content_kl_kernelsize/runs/20260207_060134_krull_private_eye/atari_krull_vta_k1_seed0,/home/haselab/projects/stable-deep-world-model/logs/content_kl_kernelsize/runs/20260207_060134_krull_private_eye/atari_krull_vta_k1_seed0/latest.pt,/home/haselab/projects/stable-deep-world-model/logs/content_kl_kernelsize/runs/20260207_060134_krull_private_eye/atari_krull_vta_k1_seed0/train_eps/20260207T073134-8739267d147d4d0ba7a4c1550ab35526-3425.npz,944,976,0.0,3.6332419295348473e-09,1.9231524467468262,1.9037206172943115,0.0,2.245866298675537,nan,nan,nan,nan
atari_krull,/home/haselab/projects/stable-deep-world-model/logs/content_kl_kernelsize/runs/20260207_060134_krull_private_eye/atari_krull_vta_k1_seed0,/home/haselab/projects/stable-deep-world-model/logs/content_kl_kernelsize/runs/20260207_060134_krull_private_eye/atari_krull_vta_k1_seed0/latest.pt,/home/haselab/projects/stable-deep-world-model/logs/content_kl_kernelsize/runs/20260207_060134_krull_private_eye/atari_krull_vta_k1_seed0/train_eps/20260207T073134-8739267d147d4d0ba7a4c1550ab35526-3425.npz,952,984,0.03125,0.031250011175870895,2.007089614868164,2.0400567054748535,0.14784325659275055,2.3753676414489746,4.444031715393066,5.718514442443848,4.730984210968018,6.168420791625977
atari_krull,/home/haselab/projects/stable-deep-world-model/logs/content_kl_kernelsize/runs/20260207_060134_krull_private_eye/atari_krull_vta_k1_seed0,/home/haselab/projects/stable-deep-world-model/logs/content_kl_kernelsize/runs/20260207_060134_krull_private_eye/atari_krull_vta_k1_seed0/latest.pt,/home/haselab/projects/stable-deep-world-model/logs/content_kl_kernelsize/runs/20260207_060134_krull_private_eye/atari_krull_vta_k1_seed0/train_eps/20260207T073134-8739267d147d4d0ba7a4c1550ab35526-3425.npz,960,992,0.03125,0.031250014901161194,1.8035898208618164,2.1736631393432617,0.14784325659275055,2.5908761024475098,4.444031715393066,5.718514442443848,4.730984210968018,6.168420791625977
atari_krull,/home/haselab/projects/stable-deep-world-model/logs/content_kl_kernelsize/runs/20260207_060134_krull_private_eye/atari_krull_vta_k1_seed0,/home/haselab/projects/stable-deep-world-model/logs/content_kl_kernelsize/runs/20260207_060134_krull_private_eye/atari_krull_vta_k1_seed0/latest.pt,/home/haselab/projects/stable-deep-world-model/logs/content_kl_kernelsize/runs/20260207_060134_krull_private_eye/atari_krull_vta_k1_seed0/train_eps/20260207T073134-8739267d147d4d0ba7a4c1550ab35526-3425.npz,968,1000,0.03125,0.031250014901161194,1.5468027591705322,2.6064162254333496,0.14784325659275055,3.0970795154571533,4.444031715393066,5.718514442443848,4.730984210968018,6.168420791625977
atari_krull,/home/haselab/projects/stable-deep-world-model/logs/content_kl_kernelsize/runs/20260207_060134_krull_private_eye/atari_krull_vta_k1_seed0,/home/haselab/projects/stable-deep-world-model/logs/content_kl_kernelsize/runs/20260207_060134_krull_private_eye/atari_krull_vta_k1_seed0/latest.pt,/home/haselab/projects/stable-deep-world-model/logs/content_kl_kernelsize/runs/20260207_060134_krull_private_eye/atari_krull_vta_k1_seed0/train_eps/20260207T073134-8739267d147d4d0ba7a4c1550ab35526-3425.npz,976,1008,0.03125,0.03125001862645149,1.4344894886016846,3.3148033618927,0.14784325659275055,3.8056795597076416,4.444031715393066,5.718514442443848,4.730984210968018,6.168420791625977
atari_krull,/home/haselab/projects/stable-deep-world-model/logs/content_kl_kernelsize/runs/20260207_060134_krull_private_eye/atari_krull_vta_k1_seed0,/home/haselab/projects/stable-deep-world-model/logs/content_kl_kernelsize/runs/20260207_060134_krull_private_eye/atari_krull_vta_k1_seed0/latest.pt,/home/haselab/projects/stable-deep-world-model/logs/content_kl_kernelsize/runs/20260207_060134_krull_private_eye/atari_krull_vta_k1_seed0/train_eps/20260207T073134-8739267d147d4d0ba7a4c1550ab35526-3425.npz,984,1016,0.0,1.1522423903898016e-08,1.1612372398376465,4.000094413757324,0.0,4.530590534210205,nan,nan,nan,nan
atari_krull,/home/haselab/projects/stable-deep-world-model/logs/content_kl_kernelsize/runs/20260207_060134_krull_private_eye/atari_krull_vta_k1_seed0,/home/haselab/projects/stable-deep-world-model/logs/content_kl_kernelsize/runs/20260207_060134_krull_private_eye/atari_krull_vta_k1_seed0/latest.pt,/home/haselab/projects/stable-deep-world-model/logs/content_kl_kernelsize/runs/20260207_060134_krull_private_eye/atari_krull_vta_k1_seed0/train_eps/20260207T073134-8739267d147d4d0ba7a4c1550ab35526-3425.npz,992,1024,0.0,9.402645773093354e-09,1.1808149814605713,4.635551452636719,0.0,5.040379524230957,nan,nan,nan,nan
atari_krull,/home/haselab/projects/stable-deep-world-model/logs/content_kl_kernelsize/runs/20260207_060134_krull_private_eye/atari_krull_vta_k1_seed0,/home/haselab/projects/stable-deep-world-model/logs/content_kl_kernelsize/runs/20260207_060134_krull_private_eye/atari_krull_vta_k1_seed0/latest.pt,/home/haselab/projects/stable-deep-world-model/logs/content_kl_kernelsize/runs/20260207_060134_krull_private_eye/atari_krull_vta_k1_seed0/train_eps/20260207T073134-8739267d147d4d0ba7a4c1550ab35526-3425.npz,1000,1032,0.0,1.2566907514610648e-08,1.2549450397491455,4.910773277282715,0.0,5.256440162658691,nan,nan,nan,nan
atari_krull,/home/haselab/projects/stable-deep-world-model/logs/content_kl_kernelsize/runs/20260207_060134_krull_private_eye/atari_krull_vta_k1_seed0,/home/haselab/projects/stable-deep-world-model/logs/content_kl_kernelsize/runs/20260207_060134_krull_private_eye/atari_krull_vta_k1_seed0/latest.pt,/home/haselab/projects/stable-deep-world-model/logs/content_kl_kernelsize/runs/20260207_060134_krull_private_eye/atari_krull_vta_k1_seed0/train_eps/20260207T073134-8739267d147d4d0ba7a4c1550ab35526-3425.npz,1008,1040,0.0,1.503872937291817e-08,1.2677876949310303,4.8953537940979,0.0,5.317344665527344,nan,nan,nan,nan
atari_krull,/home/haselab/projects/stable-deep-world-model/logs/content_kl_kernelsize/runs/20260207_060134_krull_private_eye/atari_krull_vta_k1_seed0,/home/haselab/projects/stable-deep-world-model/logs/content_kl_kernelsize/runs/20260207_060134_krull_private_eye/atari_krull_vta_k1_seed0/latest.pt,/home/haselab/projects/stable-deep-world-model/logs/content_kl_kernelsize/runs/20260207_060134_krull_private_eye/atari_krull_vta_k1_seed0/train_eps/20260207T073134-8739267d147d4d0ba7a4c1550ab35526-3425.npz,1016,1048,0.0,2.805256649196508e-08,1.3330438137054443,4.770565509796143,0.0,5.300363540649414,nan,nan,nan,nan
atari_krull,/home/haselab/projects/stable-deep-world-model/logs/content_kl_kernelsize/runs/20260207_060134_krull_private_eye/atari_krull_vta_k1_seed0,/home/haselab/projects/stable-deep-world-model/logs/content_kl_kernelsize/runs/20260207_060134_krull_private_eye/atari_krull_vta_k1_seed0/latest.pt,/home/haselab/projects/stable-deep-world-model/logs/content_kl_kernelsize/runs/20260207_060134_krull_private_eye/atari_krull_vta_k1_seed0/train_eps/20260207T073134-8739267d147d4d0ba7a4c1550ab35526-3425.npz,1024,1056,0.0,3.1665038591199846e-08,1.3835443258285522,4.793771266937256,0.0,5.4376115798950195,nan,nan,nan,nan
atari_krull,/home/haselab/projects/stable-deep-world-model/logs/content_kl_kernelsize/runs/20260207_060134_krull_private_eye/atari_krull_vta_k1_seed0,/home/haselab/projects/stable-deep-world-model/logs/content_kl_kernelsize/runs/20260207_060134_krull_private_eye/atari_krull_vta_k1_seed0/latest.pt,/home/haselab/projects/stable-deep-world-model/logs/content_kl_kernelsize/runs/20260207_060134_krull_private_eye/atari_krull_vta_k1_seed0/train_eps/20260207T073134-8739267d147d4d0ba7a4c1550ab35526-3425.npz,1032,1064,0.0,3.112165103402731e-08,1.4186866283416748,4.799319267272949,0.0,5.428964614868164,nan,nan,nan,nan
atari_krull,/home/haselab/projects/stable-deep-world-model/logs/content_kl_kernelsize/runs/20260207_060134_krull_private_eye/atari_krull_vta_k1_seed0,/home/haselab/projects/stable-deep-world-model/logs/content_kl_kernelsize/runs/20260207_060134_krull_private_eye/atari_krull_vta_k1_seed0/latest.pt,/home/haselab/projects/stable-deep-world-model/logs/content_kl_kernelsize/runs/20260207_060134_krull_private_eye/atari_krull_vta_k1_seed0/train_eps/20260207T073134-8739267d147d4d0ba7a4c1550ab35526-3425.npz,1040,1072,0.0,1.596897902800265e-07,1.356898307800293,4.823282241821289,0.0,5.404880523681641,nan,nan,nan,nan
atari_krull,/home/haselab/projects/stable-deep-world-model/logs/content_kl_kernelsize/runs/20260207_060134_krull_private_eye/atari_krull_vta_k1_seed0,/home/haselab/projects/stable-deep-world-model/logs/content_kl_kernelsize/runs/20260207_060134_krull_private_eye/atari_krull_vta_k1_seed0/latest.pt,/home/haselab/projects/stable-deep-world-model/logs/content_kl_kernelsize/runs/20260207_060134_krull_private_eye/atari_krull_vta_k1_seed0/train_eps/20260207T073134-8739267d147d4d0ba7a4c1550ab35526-3425.npz,1048,1080,0.0,2.918345387570298e-07,1.2812442779541016,4.773532390594482,0.0,5.350315570831299,nan,nan,nan,nan
atari_krull,/home/haselab/projects/stable-deep-world-model/logs/content_kl_kernelsize/runs/20260207_060134_krull_private_eye/atari_krull_vta_k1_seed0,/home/haselab/projects/stable-deep-world-model/logs/content_kl_kernelsize/runs/20260207_060134_krull_private_eye/atari_krull_vta_k1_seed0/latest.pt,/home/haselab/projects/stable-deep-world-model/logs/content_kl_kernelsize/runs/20260207_060134_krull_private_eye/atari_krull_vta_k1_seed0/train_eps/20260207T073134-8739267d147d4d0ba7a4c1550ab35526-3425.npz,1056,1088,0.0,3.256433842580009e-07,1.1186704635620117,4.294304847717285,0.0,5.057513236999512,nan,nan,nan,nan
atari_krull,/home/haselab/projects/stable-deep-world-model/logs/content_kl_kernelsize/runs/20260207_060134_krull_private_eye/atari_krull_vta_k1_seed0,/home/haselab/projects/stable-deep-world-model/logs/content_kl_kernelsize/runs/20260207_060134_krull_private_eye/atari_krull_vta_k1_seed0/latest.pt,/home/haselab/projects/stable-deep-world-model/logs/content_kl_kernelsize/runs/20260207_060134_krull_private_eye/atari_krull_vta_k1_seed0/train_eps/20260207T073134-8739267d147d4d0ba7a4c1550ab35526-3425.npz,1064,1096,0.0,3.255146623359906e-07,0.9030534029006958,3.4774630069732666,0.0,4.531676292419434,nan,nan,nan,nan
atari_krull,/home/haselab/projects/stable-deep-world-model/logs/content_kl_kernelsize/runs/20260207_060134_krull_private_eye/atari_krull_vta_k1_seed0,/home/haselab/projects/stable-deep-world-model/logs/content_kl_kernelsize/runs/20260207_060134_krull_private_eye/atari_krull_vta_k1_seed0/latest.pt,/home/haselab/projects/stable-deep-world-model/logs/content_kl_kernelsize/runs/20260207_060134_krull_private_eye/atari_krull_vta_k1_seed0/train_eps/20260207T073134-8739267d147d4d0ba7a4c1550ab35526-3425.npz,1072,1104,0.0,2.3102441559785802e-07,0.6162898540496826,2.4280402660369873,0.0,3.8945207595825195,nan,nan,nan,nan
atari_krull,/home/haselab/projects/stable-deep-world-model/logs/content_kl_kernelsize/runs/20260207_060134_krull_private_eye/atari_krull_vta_k1_seed0,/home/haselab/projects/stable-deep-world-model/logs/content_kl_kernelsize/runs/20260207_060134_krull_private_eye/atari_krull_vta_k1_seed0/latest.pt,/home/haselab/projects/stable-deep-world-model/logs/content_kl_kernelsize/runs/20260207_060134_krull_private_eye/atari_krull_vta_k1_seed0/train_eps/20260207T073134-8739267d147d4d0ba7a4c1550ab35526-3425.npz,1080,1112,0.0,1.772811515365902e-07,0.3931734263896942,1.5626206398010254,0.0,3.3698296546936035,nan,nan,nan,nan
atari_krull,/home/haselab/projects/stable-deep-world-model/logs/content_kl_kernelsize/runs/20260207_060134_krull_private_eye/atari_krull_vta_k1_seed0,/home/haselab/projects/stable-deep-world-model/logs/content_kl_kernelsize/runs/20260207_060134_krull_private_eye/atari_krull_vta_k1_seed0/latest.pt,/home/haselab/projects/stable-deep-world-model/logs/content_kl_kernelsize/runs/20260207_060134_krull_private_eye/atari_krull_vta_k1_seed0/train_eps/20260207T073134-8739267d147d4d0ba7a4c1550ab35526-3425.npz,1088,1120,0.0,1.3703069612347463e-07,0.40483230352401733,1.357163667678833,0.0,3.0900166034698486,nan,nan,nan,nan
atari_krull,/home/haselab/projects/stable-deep-world-model/logs/content_kl_kernelsize/runs/20260207_060134_krull_private_eye/atari_krull_vta_k1_seed0,/home/haselab/projects/stable-deep-world-model/logs/content_kl_kernelsize/runs/20260207_060134_krull_private_eye/atari_krull_vta_k1_seed0/latest.pt,/home/haselab/projects/stable-deep-world-model/logs/content_kl_kernelsize/runs/20260207_060134_krull_private_eye/atari_krull_vta_k1_seed0/train_eps/20260207T073134-8739267d147d4d0ba7a4c1550ab35526-3425.npz,1096,1128,0.0,1.3454041436489206e-07,0.5352249145507812,1.7472529411315918,0.0,3.309847354888916,nan,nan,nan,nan
atari_krull,/home/haselab/projects/stable-deep-world-model/logs/content_kl_kernelsize/runs/20260207_060134_krull_private_eye/atari_krull_vta_k1_seed0,/home/haselab/projects/stable-deep-world-model/logs/content_kl_kernelsize/runs/20260207_060134_krull_private_eye/atari_krull_vta_k1_seed0/latest.pt,/home/haselab/projects/stable-deep-world-model/logs/content_kl_kernelsize/runs/20260207_060134_krull_private_eye/atari_krull_vta_k1_seed0/train_eps/20260207T073134-8739267d147d4d0ba7a4c1550ab35526-3425.npz,1104,1136,0.0,9.452189431158331e-08,0.8149158954620361,2.853126287460327,0.0,4.103199005126953,nan,nan,nan,nan
atari_krull,/home/haselab/projects/stable-deep-world-model/logs/content_kl_kernelsize/runs/20260207_060134_krull_private_eye/atari_krull_vta_k1_seed0,/home/haselab/projects/stable-deep-world-model/logs/content_kl_kernelsize/runs/20260207_060134_krull_private_eye/atari_krull_vta_k1_seed0/latest.pt,/home/haselab/projects/stable-deep-world-model/logs/content_kl_kernelsize/runs/20260207_060134_krull_private_eye/atari_krull_vta_k1_seed0/train_eps/20260207T073134-8739267d147d4d0ba7a4c1550ab35526-3425.npz,1112,1144,0.0,9.420399182946682e-11,1.1670193672180176,3.9364099502563477,0.0,4.720592975616455,nan,nan,nan,nan
atari_krull,/home/haselab/projects/stable-deep-world-model/logs/content_kl_kernelsize/runs/20260207_060134_krull_private_eye/atari_krull_vta_k1_seed0,/home/haselab/projects/stable-deep-world-model/logs/content_kl_kernelsize/runs/20260207_060134_krull_private_eye/atari_krull_vta_k1_seed0/latest.pt,/home/haselab/projects/stable-deep-world-model/logs/content_kl_kernelsize/runs/20260207_060134_krull_private_eye/atari_krull_vta_k1_seed0/train_eps/20260207T073134-8739267d147d4d0ba7a4c1550ab35526-3425.npz,1120,1152,0.0,2.109479951828419e-11,1.352118730545044,4.673271179199219,0.0,5.291616439819336,nan,nan,nan,nan
atari_krull,/home/haselab/projects/stable-deep-world-model/logs/content_kl_kernelsize/runs/20260207_060134_krull_private_eye/atari_krull_vta_k1_seed0,/home/haselab/projects/stable-deep-world-model/logs/content_kl_kernelsize/runs/20260207_060134_krull_private_eye/atari_krull_vta_k1_seed0/latest.pt,/home/haselab/projects/stable-deep-world-model/logs/content_kl_kernelsize/runs/20260207_060134_krull_private_eye/atari_krull_vta_k1_seed0/train_eps/20260207T073134-8739267d147d4d0ba7a4c1550ab35526-3425.npz,1128,1160,0.0,2.218574282619734e-11,1.4505178928375244,5.298776626586914,0.0,5.810698509216309,nan,nan,nan,nan
atari_krull,/home/haselab/projects/stable-deep-world-model/logs/content_kl_kernelsize/runs/20260207_060134_krull_private_eye/atari_krull_vta_k1_seed0,/home/haselab/projects/stable-deep-world-model/logs/content_kl_kernelsize/runs/20260207_060134_krull_private_eye/atari_krull_vta_k1_seed0/latest.pt,/home/haselab/projects/stable-deep-world-model/logs/content_kl_kernelsize/runs/20260207_060134_krull_private_eye/atari_krull_vta_k1_seed0/train_eps/20260207T073134-8739267d147d4d0ba7a4c1550ab35526-3425.npz,1136,1168,0.0,2.2693052298405902e-11,1.5146143436431885,5.41486930847168,0.0,5.7878737449646,nan,nan,nan,nan
atari_krull,/home/haselab/projects/stable-deep-world-model/logs/content_kl_kernelsize/runs/20260207_060134_krull_private_eye/atari_krull_vta_k1_seed0,/home/haselab/projects/stable-deep-world-model/logs/content_kl_kernelsize/runs/20260207_060134_krull_private_eye/atari_krull_vta_k1_seed0/latest.pt,/home/haselab/projects/stable-deep-world-model/logs/content_kl_kernelsize/runs/20260207_060134_krull_private_eye/atari_krull_vta_k1_seed0/train_eps/20260207T073134-8739267d147d4d0ba7a4c1550ab35526-3425.npz,1144,1176,0.0,1.1411217804013774e-10,1.5216593742370605,5.438713073730469,0.0,5.805414199829102,nan,nan,nan,nan
atari_krull,/home/haselab/projects/stable-deep-world-model/logs/content_kl_kernelsize/runs/20260207_060134_krull_private_eye/atari_krull_vta_k1_seed0,/home/haselab/projects/stable-deep-world-model/logs/content_kl_kernelsize/runs/20260207_060134_krull_private_eye/atari_krull_vta_k1_seed0/latest.pt,/home/haselab/projects/stable-deep-world-model/logs/content_kl_kernelsize/runs/20260207_060134_krull_private_eye/atari_krull_vta_k1_seed0/train_eps/20260207T073134-8739267d147d4d0ba7a4c1550ab35526-3425.npz,1152,1184,0.0,1.2292565576554892e-10,1.5484613180160522,5.4370245933532715,0.0,5.789666652679443,nan,nan,nan,nan
atari_krull,/home/haselab/projects/stable-deep-world-model/logs/content_kl_kernelsize/runs/20260207_060134_krull_private_eye/atari_krull_vta_k1_seed0,/home/haselab/projects/stable-deep-world-model/logs/content_kl_kernelsize/runs/20260207_060134_krull_private_eye/atari_krull_vta_k1_seed0/latest.pt,/home/haselab/projects/stable-deep-world-model/logs/content_kl_kernelsize/runs/20260207_060134_krull_private_eye/atari_krull_vta_k1_seed0/train_eps/20260207T073134-8739267d147d4d0ba7a4c1550ab35526-3425.npz,1160,1192,0.0,1.2755002609665667e-10,1.580862283706665,5.4320783615112305,0.0,5.770120143890381,nan,nan,nan,nan
atari_krull,/home/haselab/projects/stable-deep-world-model/logs/content_kl_kernelsize/runs/20260207_060134_krull_private_eye/atari_krull_vta_k1_seed0,/home/haselab/projects/stable-deep-world-model/logs/content_kl_kernelsize/runs/20260207_060134_krull_private_eye/atari_krull_vta_k1_seed0/latest.pt,/home/haselab/projects/stable-deep-world-model/logs/content_kl_kernelsize/runs/20260207_060134_krull_private_eye/atari_krull_vta_k1_seed0/train_eps/20260207T073134-8739267d147d4d0ba7a4c1550ab35526-3425.npz,1168,1200,0.0,1.2636369728369345e-10,1.6518263816833496,5.528287887573242,0.0,5.861443519592285,nan,nan,nan,nan
atari_krull,/home/haselab/projects/stable-deep-world-model/logs/content_kl_kernelsize/runs/20260207_060134_krull_private_eye/atari_krull_vta_k1_seed0,/home/haselab/projects/stable-deep-world-model/logs/content_kl_kernelsize/runs/20260207_060134_krull_private_eye/atari_krull_vta_k1_seed0/latest.pt,/home/haselab/projects/stable-deep-world-model/logs/content_kl_kernelsize/runs/20260207_060134_krull_private_eye/atari_krull_vta_k1_seed0/train_eps/20260207T073134-8739267d147d4d0ba7a4c1550ab35526-3425.npz,1176,1208,0.0,3.4839266888075926e-11,1.5910776853561401,5.404585361480713,0.0,5.744004249572754,nan,nan,nan,nan
atari_krull,/home/haselab/projects/stable-deep-world-model/logs/content_kl_kernelsize/runs/20260207_060134_krull_private_eye/atari_krull_vta_k1_seed0,/home/haselab/projects/stable-deep-world-model/logs/content_kl_kernelsize/runs/20260207_060134_krull_private_eye/atari_krull_vta_k1_seed0/latest.pt,/home/haselab/projects/stable-deep-world-model/logs/content_kl_kernelsize/runs/20260207_060134_krull_private_eye/atari_krull_vta_k1_seed0/train_eps/20260207T073134-8739267d147d4d0ba7a4c1550ab35526-3425.npz,1184,1216,0.0,2.284689451514943e-11,1.3918440341949463,4.990338325500488,0.0,5.511822700500488,nan,nan,nan,nan
atari_krull,/home/haselab/projects/stable-deep-world-model/logs/content_kl_kernelsize/runs/20260207_060134_krull_private_eye/atari_krull_vta_k1_seed0,/home/haselab/projects/stable-deep-world-model/logs/content_kl_kernelsize/runs/20260207_060134_krull_private_eye/atari_krull_vta_k1_seed0/latest.pt,/home/haselab/projects/stable-deep-world-model/logs/content_kl_kernelsize/runs/20260207_060134_krull_private_eye/atari_krull_vta_k1_seed0/train_eps/20260207T073134-8739267d147d4d0ba7a4c1550ab35526-3425.npz,1192,1224,0.0,1.3208224444727357e-11,1.283743143081665,4.564262390136719,0.0,5.34405517578125,nan,nan,nan,nan
atari_krull,/home/haselab/projects/stable-deep-world-model/logs/content_kl_kernelsize/runs/20260207_060134_krull_private_eye/atari_krull_vta_k1_seed0,/home/haselab/projects/stable-deep-world-model/logs/content_kl_kernelsize/runs/20260207_060134_krull_private_eye/atari_krull_vta_k1_seed0/latest.pt,/home/haselab/projects/stable-deep-world-model/logs/content_kl_kernelsize/runs/20260207_060134_krull_private_eye/atari_krull_vta_k1_seed0/train_eps/20260207T073134-8739267d147d4d0ba7a4c1550ab35526-3425.npz,1200,1232,0.0,1.2180816078011247e-10,1.38032865524292,3.739680767059326,0.0,4.539111137390137,nan,nan,nan,nan
atari_krull,/home/haselab/projects/stable-deep-world-model/logs/content_kl_kernelsize/runs/20260207_060134_krull_private_eye/atari_krull_vta_k1_seed0,/home/haselab/projects/stable-deep-world-model/logs/content_kl_kernelsize/runs/20260207_060134_krull_private_eye/atari_krull_vta_k1_seed0/latest.pt,/home/haselab/projects/stable-deep-world-model/logs/content_kl_kernelsize/runs/20260207_060134_krull_private_eye/atari_krull_vta_k1_seed0/train_eps/20260207T073134-8739267d147d4d0ba7a4c1550ab35526-3425.npz,1208,1240,0.0,1.721915526831097e-10,1.54463791847229,3.101886510848999,0.0,3.8942742347717285,nan,nan,nan,nan
atari_krull,/home/haselab/projects/stable-deep-world-model/logs/content_kl_kernelsize/runs/20260207_060134_krull_private_eye/atari_krull_vta_k1_seed0,/home/haselab/projects/stable-deep-world-model/logs/content_kl_kernelsize/runs/20260207_060134_krull_private_eye/atari_krull_vta_k1_seed0/latest.pt,/home/haselab/projects/stable-deep-world-model/logs/content_kl_kernelsize/runs/20260207_060134_krull_private_eye/atari_krull_vta_k1_seed0/train_eps/20260207T073134-8739267d147d4d0ba7a4c1550ab35526-3425.npz,1216,1248,0.0,4.226873073776005e-09,1.7751541137695312,2.65950345993042,0.0,3.286724090576172,nan,nan,nan,nan
atari_krull,/home/haselab/projects/stable-deep-world-model/logs/content_kl_kernelsize/runs/20260207_060134_krull_private_eye/atari_krull_vta_k1_seed0,/home/haselab/projects/stable-deep-world-model/logs/content_kl_kernelsize/runs/20260207_060134_krull_private_eye/atari_krull_vta_k1_seed0/latest.pt,/home/haselab/projects/stable-deep-world-model/logs/content_kl_kernelsize/runs/20260207_060134_krull_private_eye/atari_krull_vta_k1_seed0/train_eps/20260207T073134-8739267d147d4d0ba7a4c1550ab35526-3425.npz,1224,1256,0.0,4.228152938878793e-09,2.055043935775757,2.2826805114746094,0.0,2.620328903198242,nan,nan,nan,nan
atari_krull,/home/haselab/projects/stable-deep-world-model/logs/content_kl_kernelsize/runs/20260207_060134_krull_private_eye/atari_krull_vta_k1_seed0,/home/haselab/projects/stable-deep-world-model/logs/content_kl_kernelsize/runs/20260207_060134_krull_private_eye/atari_krull_vta_k1_seed0/latest.pt,/home/haselab/projects/stable-deep-world-model/logs/content_kl_kernelsize/runs/20260207_060134_krull_private_eye/atari_krull_vta_k1_seed0/train_eps/20260207T073134-8739267d147d4d0ba7a4c1550ab35526-3425.npz,1232,1264,0.0,4.107826967469919e-09,2.039978265762329,2.246028184890747,0.0,2.5225419998168945,nan,nan,nan,nan
atari_krull,/home/haselab/projects/stable-deep-world-model/logs/content_kl_kernelsize/runs/20260207_060134_krull_private_eye/atari_krull_vta_k1_seed0,/home/haselab/projects/stable-deep-world-model/logs/content_kl_kernelsize/runs/20260207_060134_krull_private_eye/atari_krull_vta_k1_seed0/latest.pt,/home/haselab/projects/stable-deep-world-model/logs/content_kl_kernelsize/runs/20260207_060134_krull_private_eye/atari_krull_vta_k1_seed0/train_eps/20260207T073134-8739267d147d4d0ba7a4c1550ab35526-3425.npz,1240,1272,0.0,4.057394864531716e-09,2.0503721237182617,2.223510265350342,0.0,2.4754176139831543,nan,nan,nan,nan
atari_krull,/home/haselab/projects/stable-deep-world-model/logs/content_kl_kernelsize/runs/20260207_060134_krull_private_eye/atari_krull_vta_k1_seed0,/home/haselab/projects/stable-deep-world-model/logs/content_kl_kernelsize/runs/20260207_060134_krull_private_eye/atari_krull_vta_k1_seed0/latest.pt,/home/haselab/projects/stable-deep-world-model/logs/content_kl_kernelsize/runs/20260207_060134_krull_private_eye/atari_krull_vta_k1_seed0/train_eps/20260207T073134-8739267d147d4d0ba7a4c1550ab35526-3425.npz,1248,1280,0.0,1.2086610601258485e-09,2.1260275840759277,2.2956624031066895,0.0,2.5728726387023926,nan,nan,nan,nan
atari_krull,/home/haselab/projects/stable-deep-world-model/logs/content_kl_kernelsize/runs/20260207_060134_krull_private_eye/atari_krull_vta_k1_seed0,/home/haselab/projects/stable-deep-world-model/logs/content_kl_kernelsize/runs/20260207_060134_krull_private_eye/atari_krull_vta_k1_seed0/latest.pt,/home/haselab/projects/stable-deep-world-model/logs/content_kl_kernelsize/runs/20260207_060134_krull_private_eye/atari_krull_vta_k1_seed0/train_eps/20260207T073134-8739267d147d4d0ba7a4c1550ab35526-3425.npz,1256,1288,0.0,1.2918515146509435e-09,2.0915513038635254,2.326730966567993,0.0,2.6682960987091064,nan,nan,nan,nan
atari_krull,/home/haselab/projects/stable-deep-world-model/logs/content_kl_kernelsize/runs/20260207_060134_krull_private_eye/atari_krull_vta_k1_seed0,/home/haselab/projects/stable-deep-world-model/logs/content_kl_kernelsize/runs/20260207_060134_krull_private_eye/atari_krull_vta_k1_seed0/latest.pt,/home/haselab/projects/stable-deep-world-model/logs/content_kl_kernelsize/runs/20260207_060134_krull_private_eye/atari_krull_vta_k1_seed0/train_eps/20260207T073134-8739267d147d4d0ba7a4c1550ab35526-3425.npz,1264,1296,0.0,1.2930183590498245e-09,2.0306472778320312,2.2241370677948,0.0,2.6485519409179688,nan,nan,nan,nan
atari_krull,/home/haselab/projects/stable-deep-world-model/logs/content_kl_kernelsize/runs/20260207_060134_krull_private_eye/atari_krull_vta_k1_seed0,/home/haselab/projects/stable-deep-world-model/logs/content_kl_kernelsize/runs/20260207_060134_krull_private_eye/atari_krull_vta_k1_seed0/latest.pt,/home/haselab/projects/stable-deep-world-model/logs/content_kl_kernelsize/runs/20260207_060134_krull_private_eye/atari_krull_vta_k1_seed0/train_eps/20260207T073134-8739267d147d4d0ba7a4c1550ab35526-3425.npz,1272,1304,0.0,4.952557475235153e-09,1.9792373180389404,2.187924385070801,0.0,2.629671573638916,nan,nan,nan,nan
atari_krull,/home/haselab/projects/stable-deep-world-model/logs/content_kl_kernelsize/runs/20260207_060134_krull_private_eye/atari_krull_vta_k1_seed0,/home/haselab/projects/stable-deep-world-model/logs/content_kl_kernelsize/runs/20260207_060134_krull_private_eye/atari_krull_vta_k1_seed0/latest.pt,/home/haselab/projects/stable-deep-world-model/logs/content_kl_kernelsize/runs/20260207_060134_krull_private_eye/atari_krull_vta_k1_seed0/train_eps/20260207T073134-8739267d147d4d0ba7a4c1550ab35526-3425.npz,1280,1312,0.0,1.4463640951589696e-08,1.9341635704040527,2.1954503059387207,0.0,2.576997756958008,nan,nan,nan,nan
atari_krull,/home/haselab/projects/stable-deep-world-model/logs/content_kl_kernelsize/runs/20260207_060134_krull_private_eye/atari_krull_vta_k1_seed0,/home/haselab/projects/stable-deep-world-model/logs/content_kl_kernelsize/runs/20260207_060134_krull_private_eye/atari_krull_vta_k1_seed0/latest.pt,/home/haselab/projects/stable-deep-world-model/logs/content_kl_kernelsize/runs/20260207_060134_krull_private_eye/atari_krull_vta_k1_seed0/train_eps/20260207T073134-8739267d147d4d0ba7a4c1550ab35526-3425.npz,1288,1320,0.0,3.372580437144279e-08,1.878410816192627,2.08465576171875,0.0,2.4557294845581055,nan,nan,nan,nan
atari_krull,/home/haselab/projects/stable-deep-world-model/logs/content_kl_kernelsize/runs/20260207_060134_krull_private_eye/atari_krull_vta_k1_seed0,/home/haselab/projects/stable-deep-world-model/logs/content_kl_kernelsize/runs/20260207_060134_krull_private_eye/atari_krull_vta_k1_seed0/latest.pt,/home/haselab/projects/stable-deep-world-model/logs/content_kl_kernelsize/runs/20260207_060134_krull_private_eye/atari_krull_vta_k1_seed0/train_eps/20260207T073134-8739267d147d4d0ba7a4c1550ab35526-3425.npz,1296,1328,0.0,1.3559281342168106e-07,1.869396686553955,2.09006667137146,0.0,2.4063031673431396,nan,nan,nan,nan
atari_krull,/home/haselab/projects/stable-deep-world-model/logs/content_kl_kernelsize/runs/20260207_060134_krull_private_eye/atari_krull_vta_k1_seed0,/home/haselab/projects/stable-deep-world-model/logs/content_kl_kernelsize/runs/20260207_060134_krull_private_eye/atari_krull_vta_k1_seed0/latest.pt,/home/haselab/projects/stable-deep-world-model/logs/content_kl_kernelsize/runs/20260207_060134_krull_private_eye/atari_krull_vta_k1_seed0/train_eps/20260207T073134-8739267d147d4d0ba7a4c1550ab35526-3425.npz,1304,1336,0.0,1.8507168420001108e-07,1.9048395156860352,2.1455860137939453,0.0,2.450897693634033,nan,nan,nan,nan
atari_krull,/home/haselab/projects/stable-deep-world-model/logs/content_kl_kernelsize/runs/20260207_060134_krull_private_eye/atari_krull_vta_k1_seed0,/home/haselab/projects/stable-deep-world-model/logs/content_kl_kernelsize/runs/20260207_060134_krull_private_eye/atari_krull_vta_k1_seed0/latest.pt,/home/haselab/projects/stable-deep-world-model/logs/content_kl_kernelsize/runs/20260207_060134_krull_private_eye/atari_krull_vta_k1_seed0/train_eps/20260207T073134-8739267d147d4d0ba7a4c1550ab35526-3425.npz,1312,1344,0.0,1.9420744479248242e-07,1.899162769317627,2.0639796257019043,0.0,2.3877739906311035,nan,nan,nan,nan
atari_krull,/home/haselab/projects/stable-deep-world-model/logs/content_kl_kernelsize/runs/20260207_060134_krull_private_eye/atari_krull_vta_k1_seed0,/home/haselab/projects/stable-deep-world-model/logs/content_kl_kernelsize/runs/20260207_060134_krull_private_eye/atari_krull_vta_k1_seed0/latest.pt,/home/haselab/projects/stable-deep-world-model/logs/content_kl_kernelsize/runs/20260207_060134_krull_private_eye/atari_krull_vta_k1_seed0/train_eps/20260207T073134-8739267d147d4d0ba7a4c1550ab35526-3425.npz,1320,1352,0.0,1.751153320128651e-07,1.9162122011184692,2.107189655303955,0.0,2.411874294281006,nan,nan,nan,nan
atari_krull,/home/haselab/projects/stable-deep-world-model/logs/content_kl_kernelsize/runs/20260207_060134_krull_private_eye/atari_krull_vta_k1_seed0,/home/haselab/projects/stable-deep-world-model/logs/content_kl_kernelsize/runs/20260207_060134_krull_private_eye/atari_krull_vta_k1_seed0/latest.pt,/home/haselab/projects/stable-deep-world-model/logs/content_kl_kernelsize/runs/20260207_060134_krull_private_eye/atari_krull_vta_k1_seed0/train_eps/20260207T073134-8739267d147d4d0ba7a4c1550ab35526-3425.npz,1328,1360,0.0,7.634015730673127e-08,1.9605457782745361,2.176112651824951,0.0,2.484680652618408,nan,nan,nan,nan
atari_krull,/home/haselab/projects/stable-deep-world-model/logs/content_kl_kernelsize/runs/20260207_060134_krull_private_eye/atari_krull_vta_k1_seed0,/home/haselab/projects/stable-deep-world-model/logs/content_kl_kernelsize/runs/20260207_060134_krull_private_eye/atari_krull_vta_k1_seed0/latest.pt,/home/haselab/projects/stable-deep-world-model/logs/content_kl_kernelsize/runs/20260207_060134_krull_private_eye/atari_krull_vta_k1_seed0/train_eps/20260207T073134-8739267d147d4d0ba7a4c1550ab35526-3425.npz,1336,1368,0.0,3.5385667729315173e-08,1.9249908924102783,2.0613832473754883,0.0,2.4316840171813965,nan,nan,nan,nan
atari_krull,/home/haselab/projects/stable-deep-world-model/logs/content_kl_kernelsize/runs/20260207_060134_krull_private_eye/atari_krull_vta_k1_seed0,/home/haselab/projects/stable-deep-world-model/logs/content_kl_kernelsize/runs/20260207_060134_krull_private_eye/atari_krull_vta_k1_seed0/latest.pt,/home/haselab/projects/stable-deep-world-model/logs/content_kl_kernelsize/runs/20260207_060134_krull_private_eye/atari_krull_vta_k1_seed0/train_eps/20260207T073134-8739267d147d4d0ba7a4c1550ab35526-3425.npz,1344,1376,0.0,1.3071475279957667e-07,1.9330501556396484,2.0746583938598633,0.0,2.465341567993164,nan,nan,nan,nan
atari_krull,/home/haselab/projects/stable-deep-world-model/logs/content_kl_kernelsize/runs/20260207_060134_krull_private_eye/atari_krull_vta_k1_seed0,/home/haselab/projects/stable-deep-world-model/logs/content_kl_kernelsize/runs/20260207_060134_krull_private_eye/atari_krull_vta_k1_seed0/latest.pt,/home/haselab/projects/stable-deep-world-model/logs/content_kl_kernelsize/runs/20260207_060134_krull_private_eye/atari_krull_vta_k1_seed0/train_eps/20260207T073134-8739267d147d4d0ba7a4c1550ab35526-3425.npz,1352,1384,0.0,1.3102948059895425e-07,1.9374377727508545,2.1313271522521973,0.0,2.563046455383301,nan,nan,nan,nan
atari_krull,/home/haselab/projects/stable-deep-world-model/logs/content_kl_kernelsize/runs/20260207_060134_krull_private_eye/atari_krull_vta_k1_seed0,/home/haselab/projects/stable-deep-world-model/logs/content_kl_kernelsize/runs/20260207_060134_krull_private_eye/atari_krull_vta_k1_seed0/latest.pt,/home/haselab/projects/stable-deep-world-model/logs/content_kl_kernelsize/runs/20260207_060134_krull_private_eye/atari_krull_vta_k1_seed0/train_eps/20260207T073134-8739267d147d4d0ba7a4c1550ab35526-3425.npz,1360,1392,0.0,1.279399981513052e-07,1.8847124576568604,2.042304515838623,0.0,2.512460470199585,nan,nan,nan,nan
atari_krull,/home/haselab/projects/stable-deep-world-model/logs/content_kl_kernelsize/runs/20260207_060134_krull_private_eye/atari_krull_vta_k1_seed0,/home/haselab/projects/stable-deep-world-model/logs/content_kl_kernelsize/runs/20260207_060134_krull_private_eye/atari_krull_vta_k1_seed0/latest.pt,/home/haselab/projects/stable-deep-world-model/logs/content_kl_kernelsize/runs/20260207_060134_krull_private_eye/atari_krull_vta_k1_seed0/train_eps/20260207T073134-8739267d147d4d0ba7a4c1550ab35526-3425.npz,1368,1400,0.0,1.1616923956125902e-07,1.9160977602005005,2.1464972496032715,0.0,2.5778558254241943,nan,nan,nan,nan
atari_krull,/home/haselab/projects/stable-deep-world-model/logs/content_kl_kernelsize/runs/20260207_060134_krull_private_eye/atari_krull_vta_k1_seed0,/home/haselab/projects/stable-deep-world-model/logs/content_kl_kernelsize/runs/20260207_060134_krull_private_eye/atari_krull_vta_k1_seed0/latest.pt,/home/haselab/projects/stable-deep-world-model/logs/content_kl_kernelsize/runs/20260207_060134_krull_private_eye/atari_krull_vta_k1_seed0/train_eps/20260207T073134-8739267d147d4d0ba7a4c1550ab35526-3425.npz,1376,1408,0.0,1.008882755115792e-09,1.9454509019851685,2.189711093902588,0.0,2.6162619590759277,nan,nan,nan,nan
atari_krull,/home/haselab/projects/stable-deep-world-model/logs/content_kl_kernelsize/runs/20260207_060134_krull_private_eye/atari_krull_vta_k1_seed0,/home/haselab/projects/stable-deep-world-model/logs/content_kl_kernelsize/runs/20260207_060134_krull_private_eye/atari_krull_vta_k1_seed0/latest.pt,/home/haselab/projects/stable-deep-world-model/logs/content_kl_kernelsize/runs/20260207_060134_krull_private_eye/atari_krull_vta_k1_seed0/train_eps/20260207T073134-8739267d147d4d0ba7a4c1550ab35526-3425.npz,1384,1416,0.0,1.079880851406756e-09,1.9276435375213623,2.2242774963378906,0.0,2.6011271476745605,nan,nan,nan,nan
atari_krull,/home/haselab/projects/stable-deep-world-model/logs/content_kl_kernelsize/runs/20260207_060134_krull_private_eye/atari_krull_vta_k1_seed0,/home/haselab/projects/stable-deep-world-model/logs/content_kl_kernelsize/runs/20260207_060134_krull_private_eye/atari_krull_vta_k1_seed0/latest.pt,/home/haselab/projects/stable-deep-world-model/logs/content_kl_kernelsize/runs/20260207_060134_krull_private_eye/atari_krull_vta_k1_seed0/train_eps/20260207T073134-8739267d147d4d0ba7a4c1550ab35526-3425.npz,1392,1424,0.0,2.545750277249681e-09,1.942307949066162,2.1986303329467773,0.0,2.5445103645324707,nan,nan,nan,nan
atari_krull,/home/haselab/projects/stable-deep-world-model/logs/content_kl_kernelsize/runs/20260207_060134_krull_private_eye/atari_krull_vta_k1_seed0,/home/haselab/projects/stable-deep-world-model/logs/content_kl_kernelsize/runs/20260207_060134_krull_private_eye/atari_krull_vta_k1_seed0/latest.pt,/home/haselab/projects/stable-deep-world-model/logs/content_kl_kernelsize/runs/20260207_060134_krull_private_eye/atari_krull_vta_k1_seed0/train_eps/20260207T073134-8739267d147d4d0ba7a4c1550ab35526-3425.npz,1400,1432,0.0,2.584061853383446e-09,1.9014941453933716,2.1457533836364746,0.0,2.527769088745117,nan,nan,nan,nan
atari_krull,/home/haselab/projects/stable-deep-world-model/logs/content_kl_kernelsize/runs/20260207_060134_krull_private_eye/atari_krull_vta_k1_seed0,/home/haselab/projects/stable-deep-world-model/logs/content_kl_kernelsize/runs/20260207_060134_krull_private_eye/atari_krull_vta_k1_seed0/latest.pt,/home/haselab/projects/stable-deep-world-model/logs/content_kl_kernelsize/runs/20260207_060134_krull_private_eye/atari_krull_vta_k1_seed0/train_eps/20260207T073134-8739267d147d4d0ba7a4c1550ab35526-3425.npz,1408,1440,0.0,2.562351664181506e-09,1.8193973302841187,2.0227839946746826,0.0,2.3870527744293213,nan,nan,nan,nan
atari_krull,/home/haselab/projects/stable-deep-world-model/logs/content_kl_kernelsize/runs/20260207_060134_krull_private_eye/atari_krull_vta_k1_seed0,/home/haselab/projects/stable-deep-world-model/logs/content_kl_kernelsize/runs/20260207_060134_krull_private_eye/atari_krull_vta_k1_seed0/latest.pt,/home/haselab/projects/stable-deep-world-model/logs/content_kl_kernelsize/runs/20260207_060134_krull_private_eye/atari_krull_vta_k1_seed0/train_eps/20260207T073134-8739267d147d4d0ba7a4c1550ab35526-3425.npz,1416,1448,0.0,2.175636559798022e-09,1.784639596939087,1.9402731657028198,0.0,2.3036322593688965,nan,nan,nan,nan
atari_krull,/home/haselab/projects/stable-deep-world-model/logs/content_kl_kernelsize/runs/20260207_060134_krull_private_eye/atari_krull_vta_k1_seed0,/home/haselab/projects/stable-deep-world-model/logs/content_kl_kernelsize/runs/20260207_060134_krull_private_eye/atari_krull_vta_k1_seed0/latest.pt,/home/haselab/projects/stable-deep-world-model/logs/content_kl_kernelsize/runs/20260207_060134_krull_private_eye/atari_krull_vta_k1_seed0/train_eps/20260207T073134-8739267d147d4d0ba7a4c1550ab35526-3425.npz,1424,1456,0.0,8.747429447453214e-10,1.7994253635406494,2.011002540588379,0.0,2.3714170455932617,nan,nan,nan,nan
atari_krull,/home/haselab/projects/stable-deep-world-model/logs/content_kl_kernelsize/runs/20260207_060134_krull_private_eye/atari_krull_vta_k1_seed0,/home/haselab/projects/stable-deep-world-model/logs/content_kl_kernelsize/runs/20260207_060134_krull_private_eye/atari_krull_vta_k1_seed0/latest.pt,/home/haselab/projects/stable-deep-world-model/logs/content_kl_kernelsize/runs/20260207_060134_krull_private_eye/atari_krull_vta_k1_seed0/train_eps/20260207T073134-8739267d147d4d0ba7a4c1550ab35526-3425.npz,1432,1464,0.0,4.331097702703346e-10,1.811495304107666,2.0175528526306152,0.0,2.385995864868164,nan,nan,nan,nan
atari_krull,/home/haselab/projects/stable-deep-world-model/logs/content_kl_kernelsize/runs/20260207_060134_krull_private_eye/atari_krull_vta_k1_seed0,/home/haselab/projects/stable-deep-world-model/logs/content_kl_kernelsize/runs/20260207_060134_krull_private_eye/atari_krull_vta_k1_seed0/latest.pt,/home/haselab/projects/stable-deep-world-model/logs/content_kl_kernelsize/runs/20260207_060134_krull_private_eye/atari_krull_vta_k1_seed0/train_eps/20260207T073134-8739267d147d4d0ba7a4c1550ab35526-3425.npz,1440,1472,0.0,4.3810999272864137e-10,1.8672614097595215,2.0736067295074463,0.0,2.4931674003601074,nan,nan,nan,nan
atari_krull,/home/haselab/projects/stable-deep-world-model/logs/content_kl_kernelsize/runs/20260207_060134_krull_private_eye/atari_krull_vta_k1_seed0,/home/haselab/projects/stable-deep-world-model/logs/content_kl_kernelsize/runs/20260207_060134_krull_private_eye/atari_krull_vta_k1_seed0/latest.pt,/home/haselab/projects/stable-deep-world-model/logs/content_kl_kernelsize/runs/20260207_060134_krull_private_eye/atari_krull_vta_k1_seed0/train_eps/20260207T073134-8739267d147d4d0ba7a4c1550ab35526-3425.npz,1448,1480,0.0,8.269936957461255e-10,1.9397348165512085,2.1552681922912598,0.0,2.623944044113159,nan,nan,nan,nan
atari_krull,/home/haselab/projects/stable-deep-world-model/logs/content_kl_kernelsize/runs/20260207_060134_krull_private_eye/atari_krull_vta_k1_seed0,/home/haselab/projects/stable-deep-world-model/logs/content_kl_kernelsize/runs/20260207_060134_krull_private_eye/atari_krull_vta_k1_seed0/latest.pt,/home/haselab/projects/stable-deep-world-model/logs/content_kl_kernelsize/runs/20260207_060134_krull_private_eye/atari_krull_vta_k1_seed0/train_eps/20260207T073134-8739267d147d4d0ba7a4c1550ab35526-3425.npz,1456,1488,0.03125,0.03125,1.8718410730361938,2.3267476558685303,0.13824036717414856,2.8408946990966797,4.513683319091797,7.1037516593933105,4.423691749572754,7.072099685668945
atari_krull,/home/haselab/projects/stable-deep-world-model/logs/content_kl_kernelsize/runs/20260207_060134_krull_private_eye/atari_krull_vta_k1_seed0,/home/haselab/projects/stable-deep-world-model/logs/content_kl_kernelsize/runs/20260207_060134_krull_private_eye/atari_krull_vta_k1_seed0/latest.pt,/home/haselab/projects/stable-deep-world-model/logs/content_kl_kernelsize/runs/20260207_060134_krull_private_eye/atari_krull_vta_k1_seed0/train_eps/20260207T073134-8739267d147d4d0ba7a4c1550ab35526-3425.npz,1464,1496,0.03125,0.03125,1.6006481647491455,2.5753159523010254,0.13824036717414856,3.134617328643799,4.513683319091797,7.1037516593933105,4.423691749572754,7.072099685668945
atari_krull,/home/haselab/projects/stable-deep-world-model/logs/content_kl_kernelsize/runs/20260207_060134_krull_private_eye/atari_krull_vta_k1_seed0,/home/haselab/projects/stable-deep-world-model/logs/content_kl_kernelsize/runs/20260207_060134_krull_private_eye/atari_krull_vta_k1_seed0/latest.pt,/home/haselab/projects/stable-deep-world-model/logs/content_kl_kernelsize/runs/20260207_060134_krull_private_eye/atari_krull_vta_k1_seed0/train_eps/20260207T073134-8739267d147d4d0ba7a4c1550ab35526-3425.npz,1472,1504,0.03125,0.03125,1.468191146850586,3.2018203735351562,0.13824036717414856,3.720731019973755,4.513683319091797,7.1037516593933105,4.423691749572754,7.072099685668945
atari_krull,/home/haselab/projects/stable-deep-world-model/logs/content_kl_kernelsize/runs/20260207_060134_krull_private_eye/atari_krull_vta_k1_seed0,/home/haselab/projects/stable-deep-world-model/logs/content_kl_kernelsize/runs/20260207_060134_krull_private_eye/atari_krull_vta_k1_seed0/latest.pt,/home/haselab/projects/stable-deep-world-model/logs/content_kl_kernelsize/runs/20260207_060134_krull_private_eye/atari_krull_vta_k1_seed0/train_eps/20260207T073134-8739267d147d4d0ba7a4c1550ab35526-3425.npz,1480,1512,0.03125,0.03125,1.2784101963043213,3.801912784576416,0.13824036717414856,4.297958850860596,4.513683319091797,7.1037516593933105,4.423691749572754,7.072099685668945
atari_krull,/home/haselab/projects/stable-deep-world-model/logs/content_kl_kernelsize/runs/20260207_060134_krull_private_eye/atari_krull_vta_k1_seed0,/home/haselab/projects/stable-deep-world-model/logs/content_kl_kernelsize/runs/20260207_060134_krull_private_eye/atari_krull_vta_k1_seed0/latest.pt,/home/haselab/projects/stable-deep-world-model/logs/content_kl_kernelsize/runs/20260207_060134_krull_private_eye/atari_krull_vta_k1_seed0/train_eps/20260207T073134-8739267d147d4d0ba7a4c1550ab35526-3425.npz,1488,1520,0.0,4.2458321580784997e-11,1.2868218421936035,4.318867206573486,0.0,4.785768985748291,nan,nan,nan,nan
atari_krull,/home/haselab/projects/stable-deep-world-model/logs/content_kl_kernelsize/runs/20260207_060134_krull_private_eye/atari_krull_vta_k1_seed0,/home/haselab/projects/stable-deep-world-model/logs/content_kl_kernelsize/runs/20260207_060134_krull_private_eye/atari_krull_vta_k1_seed0/latest.pt,/home/haselab/projects/stable-deep-world-model/logs/content_kl_kernelsize/runs/20260207_060134_krull_private_eye/atari_krull_vta_k1_seed0/train_eps/20260207T073134-8739267d147d4d0ba7a4c1550ab35526-3425.npz,1496,1528,0.0,4.3609733879623747e-11,1.5730009078979492,4.888381004333496,0.0,5.24717903137207,nan,nan,nan,nan
atari_krull,/home/haselab/projects/stable-deep-world-model/logs/content_kl_kernelsize/runs/20260207_060134_krull_private_eye/atari_krull_vta_k1_seed0,/home/haselab/projects/stable-deep-world-model/logs/content_kl_kernelsize/runs/20260207_060134_krull_private_eye/atari_krull_vta_k1_seed0/latest.pt,/home/haselab/projects/stable-deep-world-model/logs/content_kl_kernelsize/runs/20260207_060134_krull_private_eye/atari_krull_vta_k1_seed0/train_eps/20260207T073134-8739267d147d4d0ba7a4c1550ab35526-3425.npz,1504,1536,0.0,2.1885561939105624e-12,1.6701021194458008,5.080307960510254,0.0,5.477188587188721,nan,nan,nan,nan
atari_krull,/home/haselab/projects/stable-deep-world-model/logs/content_kl_kernelsize/runs/20260207_060134_krull_private_eye/atari_krull_vta_k1_seed0,/home/haselab/projects/stable-deep-world-model/logs/content_kl_kernelsize/runs/20260207_060134_krull_private_eye/atari_krull_vta_k1_seed0/latest.pt,/home/haselab/projects/stable-deep-world-model/logs/content_kl_kernelsize/runs/20260207_060134_krull_private_eye/atari_krull_vta_k1_seed0/train_eps/20260207T073134-8739267d147d4d0ba7a4c1550ab35526-3425.npz,1512,1544,0.0,2.4650151711491652e-12,1.770989179611206,5.185818672180176,0.0,5.586986064910889,nan,nan,nan,nan
atari_krull,/home/haselab/projects/stable-deep-world-model/logs/content_kl_kernelsize/runs/20260207_060134_krull_private_eye/atari_krull_vta_k1_seed0,/home/haselab/projects/stable-deep-world-model/logs/content_kl_kernelsize/runs/20260207_060134_krull_private_eye/atari_krull_vta_k1_seed0/latest.pt,/home/haselab/projects/stable-deep-world-model/logs/content_kl_kernelsize/runs/20260207_060134_krull_private_eye/atari_krull_vta_k1_seed0/train_eps/20260207T073134-8739267d147d4d0ba7a4c1550ab35526-3425.npz,1520,1552,0.0,1.8312569342870955e-12,1.7552175521850586,5.226315021514893,0.0,5.613467216491699,nan,nan,nan,nan
atari_krull,/home/haselab/projects/stable-deep-world-model/logs/content_kl_kernelsize/runs/20260207_060134_krull_private_eye/atari_krull_vta_k1_seed0,/home/haselab/projects/stable-deep-world-model/logs/content_kl_kernelsize/runs/20260207_060134_krull_private_eye/atari_krull_vta_k1_seed0/latest.pt,/home/haselab/projects/stable-deep-world-model/logs/content_kl_kernelsize/runs/20260207_060134_krull_private_eye/atari_krull_vta_k1_seed0/train_eps/20260207T073134-8739267d147d4d0ba7a4c1550ab35526-3425.npz,1528,1560,0.0,5.899293640393433e-13,1.6896655559539795,5.190895080566406,0.0,5.624508857727051,nan,nan,nan,nan
atari_krull,/home/haselab/projects/stable-deep-world-model/logs/content_kl_kernelsize/runs/20260207_060134_krull_private_eye/atari_krull_vta_k1_seed0,/home/haselab/projects/stable-deep-world-model/logs/content_kl_kernelsize/runs/20260207_060134_krull_private_eye/atari_krull_vta_k1_seed0/latest.pt,/home/haselab/projects/stable-deep-world-model/logs/content_kl_kernelsize/runs/20260207_060134_krull_private_eye/atari_krull_vta_k1_seed0/train_eps/20260207T073134-8739267d147d4d0ba7a4c1550ab35526-3425.npz,1536,1568,0.0,5.745604729837095e-13,1.6770230531692505,5.203540325164795,0.0,5.609022617340088,nan,nan,nan,nan
atari_krull,/home/haselab/projects/stable-deep-world-model/logs/content_kl_kernelsize/runs/20260207_060134_krull_private_eye/atari_krull_vta_k1_seed0,/home/haselab/projects/stable-deep-world-model/logs/content_kl_kernelsize/runs/20260207_060134_krull_private_eye/atari_krull_vta_k1_seed0/latest.pt,/home/haselab/projects/stable-deep-world-model/logs/content_kl_kernelsize/runs/20260207_060134_krull_private_eye/atari_krull_vta_k1_seed0/train_eps/20260207T073134-8739267d147d4d0ba7a4c1550ab35526-3425.npz,1544,1576,0.0,3.631251115771006e-13,1.5783534049987793,5.073171615600586,0.0,5.563216209411621,nan,nan,nan,nan
atari_krull,/home/haselab/projects/stable-deep-world-model/logs/content_kl_kernelsize/runs/20260207_060134_krull_private_eye/atari_krull_vta_k1_seed0,/home/haselab/projects/stable-deep-world-model/logs/content_kl_kernelsize/runs/20260207_060134_krull_private_eye/atari_krull_vta_k1_seed0/latest.pt,/home/haselab/projects/stable-deep-world-model/logs/content_kl_kernelsize/runs/20260207_060134_krull_private_eye/atari_krull_vta_k1_seed0/train_eps/20260207T073134-8739267d147d4d0ba7a4c1550ab35526-3425.npz,1552,1584,0.0,9.722551539900759e-13,1.4504368305206299,4.77955436706543,0.0,5.38643741607666,nan,nan,nan,nan
atari_krull,/home/haselab/projects/stable-deep-world-model/logs/content_kl_kernelsize/runs/20260207_060134_krull_private_eye/atari_krull_vta_k1_seed0,/home/haselab/projects/stable-deep-world-model/logs/content_kl_kernelsize/runs/20260207_060134_krull_private_eye/atari_krull_vta_k1_seed0/latest.pt,/home/haselab/projects/stable-deep-world-model/logs/content_kl_kernelsize/runs/20260207_060134_krull_private_eye/atari_krull_vta_k1_seed0/train_eps/20260207T073134-8739267d147d4d0ba7a4c1550ab35526-3425.npz,1560,1592,0.0,8.909989174417376e-13,1.185154676437378,4.000056266784668,0.0,4.8439130783081055,nan,nan,nan,nan
atari_krull,/home/haselab/projects/stable-deep-world-model/logs/content_kl_kernelsize/runs/20260207_060134_krull_private_eye/atari_krull_vta_k1_seed0,/home/haselab/projects/stable-deep-world-model/logs/content_kl_kernelsize/runs/20260207_060134_krull_private_eye/atari_krull_vta_k1_seed0/latest.pt,/home/haselab/projects/stable-deep-world-model/logs/content_kl_kernelsize/runs/20260207_060134_krull_private_eye/atari_krull_vta_k1_seed0/train_eps/20260207T073134-8739267d147d4d0ba7a4c1550ab35526-3425.npz,1568,1600,0.0,8.903017212347208e-13,0.7649439573287964,2.7452001571655273,0.0,3.972064256668091,nan,nan,nan,nan
atari_krull,/home/haselab/projects/stable-deep-world-model/logs/content_kl_kernelsize/runs/20260207_060134_krull_private_eye/atari_krull_vta_k1_seed0,/home/haselab/projects/stable-deep-world-model/logs/content_kl_kernelsize/runs/20260207_060134_krull_private_eye/atari_krull_vta_k1_seed0/latest.pt,/home/haselab/projects/stable-deep-world-model/logs/content_kl_kernelsize/runs/20260207_060134_krull_private_eye/atari_krull_vta_k1_seed0/train_eps/20260207T073134-8739267d147d4d0ba7a4c1550ab35526-3425.npz,1576,1608,0.0,7.981726174097203e-13,0.4497789740562439,1.6144723892211914,0.0,3.2573671340942383,nan,nan,nan,nan
atari_krull,/home/haselab/projects/stable-deep-world-model/logs/content_kl_kernelsize/runs/20260207_060134_krull_private_eye/atari_krull_vta_k1_seed0,/home/haselab/projects/stable-deep-world-model/logs/content_kl_kernelsize/runs/20260207_060134_krull_private_eye/atari_krull_vta_k1_seed0/latest.pt,/home/haselab/projects/stable-deep-world-model/logs/content_kl_kernelsize/runs/20260207_060134_krull_private_eye/atari_krull_vta_k1_seed0/train_eps/20260207T073134-8739267d147d4d0ba7a4c1550ab35526-3425.npz,1584,1616,0.0,1.6379156060966626e-13,0.29283595085144043,0.9631158709526062,0.0,2.803168773651123,nan,nan,nan,nan
atari_krull,/home/haselab/projects/stable-deep-world-model/logs/content_kl_kernelsize/runs/20260207_060134_krull_private_eye/atari_krull_vta_k1_seed0,/home/haselab/projects/stable-deep-world-model/logs/content_kl_kernelsize/runs/20260207_060134_krull_private_eye/atari_krull_vta_k1_seed0/latest.pt,/home/haselab/projects/stable-deep-world-model/logs/content_kl_kernelsize/runs/20260207_060134_krull_private_eye/atari_krull_vta_k1_seed0/train_eps/20260207T073134-8739267d147d4d0ba7a4c1550ab35526-3425.npz,1592,1624,0.0,1.3186833894805738e-13,0.36647829413414,1.1283996105194092,0.0,2.7415857315063477,nan,nan,nan,nan
atari_krull,/home/haselab/projects/stable-deep-world-model/logs/content_kl_kernelsize/runs/20260207_060134_krull_private_eye/atari_krull_vta_k1_seed0,/home/haselab/projects/stable-deep-world-model/logs/content_kl_kernelsize/runs/20260207_060134_krull_private_eye/atari_krull_vta_k1_seed0/latest.pt,/home/haselab/projects/stable-deep-world-model/logs/content_kl_kernelsize/runs/20260207_060134_krull_private_eye/atari_krull_vta_k1_seed0/train_eps/20260207T073134-8739267d147d4d0ba7a4c1550ab35526-3425.npz,1600,1632,0.0,8.757049447562226e-14,0.714411735534668,2.1739251613616943,0.0,3.452981948852539,nan,nan,nan,nan
atari_krull,/home/haselab/projects/stable-deep-world-model/logs/content_kl_kernelsize/runs/20260207_060134_krull_private_eye/atari_krull_vta_k1_seed0,/home/haselab/projects/stable-deep-world-model/logs/content_kl_kernelsize/runs/20260207_060134_krull_private_eye/atari_krull_vta_k1_seed0/latest.pt,/home/haselab/projects/stable-deep-world-model/logs/content_kl_kernelsize/runs/20260207_060134_krull_private_eye/atari_krull_vta_k1_seed0/train_eps/20260207T073134-8739267d147d4d0ba7a4c1550ab35526-3425.npz,1608,1640,0.0,4.33314611947809e-14,1.0676441192626953,3.3311688899993896,0.0,4.138304233551025,nan,nan,nan,nan
atari_krull,/home/haselab/projects/stable-deep-world-model/logs/content_kl_kernelsize/runs/20260207_060134_krull_private_eye/atari_krull_vta_k1_seed0,/home/haselab/projects/stable-deep-world-model/logs/content_kl_kernelsize/runs/20260207_060134_krull_private_eye/atari_krull_vta_k1_seed0/latest.pt,/home/haselab/projects/stable-deep-world-model/logs/content_kl_kernelsize/runs/20260207_060134_krull_private_eye/atari_krull_vta_k1_seed0/train_eps/20260207T073134-8739267d147d4d0ba7a4c1550ab35526-3425.npz,1616,1648,0.0,8.264689354707446e-15,1.2940027713775635,4.338876247406006,0.0,4.811254501342773,nan,nan,nan,nan
atari_krull,/home/haselab/projects/stable-deep-world-model/logs/content_kl_kernelsize/runs/20260207_060134_krull_private_eye/atari_krull_vta_k1_seed0,/home/haselab/projects/stable-deep-world-model/logs/content_kl_kernelsize/runs/20260207_060134_krull_private_eye/atari_krull_vta_k1_seed0/latest.pt,/home/haselab/projects/stable-deep-world-model/logs/content_kl_kernelsize/runs/20260207_060134_krull_private_eye/atari_krull_vta_k1_seed0/train_eps/20260207T073134-8739267d147d4d0ba7a4c1550ab35526-3425.npz,1624,1656,0.0,1.932893398492292e-15,1.4738633632659912,5.089122772216797,0.0,5.5117082595825195,nan,nan,nan,nan
atari_krull,/home/haselab/projects/stable-deep-world-model/logs/content_kl_kernelsize/runs/20260207_060134_krull_private_eye/atari_krull_vta_k1_seed0,/home/haselab/projects/stable-deep-world-model/logs/content_kl_kernelsize/runs/20260207_060134_krull_private_eye/atari_krull_vta_k1_seed0/latest.pt,/home/haselab/projects/stable-deep-world-model/logs/content_kl_kernelsize/runs/20260207_060134_krull_private_eye/atari_krull_vta_k1_seed0/train_eps/20260207T073134-8739267d147d4d0ba7a4c1550ab35526-3425.npz,1632,1664,0.0,3.788427317616518e-17,1.478127121925354,5.360115051269531,0.0,5.755615711212158,nan,nan,nan,nan
atari_krull,/home/haselab/projects/stable-deep-world-model/logs/content_kl_kernelsize/runs/20260207_060134_krull_private_eye/atari_krull_vta_k1_seed0,/home/haselab/projects/stable-deep-world-model/logs/content_kl_kernelsize/runs/20260207_060134_krull_private_eye/atari_krull_vta_k1_seed0/latest.pt,/home/haselab/projects/stable-deep-world-model/logs/content_kl_kernelsize/runs/20260207_060134_krull_private_eye/atari_krull_vta_k1_seed0/train_eps/20260207T073134-8739267d147d4d0ba7a4c1550ab35526-3425.npz,1640,1672,0.0,3.9257254026660296e-17,1.4726080894470215,5.498721599578857,0.0,5.7334089279174805,nan,nan,nan,nan
atari_krull,/home/haselab/projects/stable-deep-world-model/logs/content_kl_kernelsize/runs/20260207_060134_krull_private_eye/atari_krull_vta_k1_seed0,/home/haselab/projects/stable-deep-world-model/logs/content_kl_kernelsize/runs/20260207_060134_krull_private_eye/atari_krull_vta_k1_seed0/latest.pt,/home/haselab/projects/stable-deep-world-model/logs/content_kl_kernelsize/runs/20260207_060134_krull_private_eye/atari_krull_vta_k1_seed0/train_eps/20260207T073134-8739267d147d4d0ba7a4c1550ab35526-3425.npz,1648,1680,0.0,3.715297603149685e-17,1.4726083278656006,5.501507759094238,0.0,5.774012565612793,nan,nan,nan,nan
atari_krull,/home/haselab/projects/stable-deep-world-model/logs/content_kl_kernelsize/runs/20260207_060134_krull_private_eye/atari_krull_vta_k1_seed0,/home/haselab/projects/stable-deep-world-model/logs/content_kl_kernelsize/runs/20260207_060134_krull_private_eye/atari_krull_vta_k1_seed0/latest.pt,/home/haselab/projects/stable-deep-world-model/logs/content_kl_kernelsize/runs/20260207_060134_krull_private_eye/atari_krull_vta_k1_seed0/train_eps/20260207T073134-8739267d147d4d0ba7a4c1550ab35526-3425.npz,1656,1688,0.0,6.6811212639785535e-18,1.399797797203064,5.457389831542969,0.0,5.8520402908325195,nan,nan,nan,nan
atari_krull,/home/haselab/projects/stable-deep-world-model/logs/content_kl_kernelsize/runs/20260207_060134_krull_private_eye/atari_krull_vta_k1_seed0,/home/haselab/projects/stable-deep-world-model/logs/content_kl_kernelsize/runs/20260207_060134_krull_private_eye/atari_krull_vta_k1_seed0/latest.pt,/home/haselab/projects/stable-deep-world-model/logs/content_kl_kernelsize/runs/20260207_060134_krull_private_eye/atari_krull_vta_k1_seed0/train_eps/20260207T073134-8739267d147d4d0ba7a4c1550ab35526-3425.npz,1664,1696,0.0,8.713836555627589e-18,1.4252365827560425,5.468191623687744,0.0,5.748781204223633,nan,nan,nan,nan
atari_krull,/home/haselab/projects/stable-deep-world-model/logs/content_kl_kernelsize/runs/20260207_060134_krull_private_eye/atari_krull_vta_k1_seed0,/home/haselab/projects/stable-deep-world-model/logs/content_kl_kernelsize/runs/20260207_060134_krull_private_eye/atari_krull_vta_k1_seed0/latest.pt,/home/haselab/projects/stable-deep-world-model/logs/content_kl_kernelsize/runs/20260207_060134_krull_private_eye/atari_krull_vta_k1_seed0/train_eps/20260207T073134-8739267d147d4d0ba7a4c1550ab35526-3425.npz,1672,1704,0.0,6.874177774322917e-18,1.448438048362732,5.405878067016602,0.0,5.814270973205566,nan,nan,nan,nan
atari_krull,/home/haselab/projects/stable-deep-world-model/logs/content_kl_kernelsize/runs/20260207_060134_krull_private_eye/atari_krull_vta_k1_seed0,/home/haselab/projects/stable-deep-world-model/logs/content_kl_kernelsize/runs/20260207_060134_krull_private_eye/atari_krull_vta_k1_seed0/latest.pt,/home/haselab/projects/stable-deep-world-model/logs/content_kl_kernelsize/runs/20260207_060134_krull_private_eye/atari_krull_vta_k1_seed0/train_eps/20260207T073134-8739267d147d4d0ba7a4c1550ab35526-3425.npz,1680,1712,0.0,2.9019565907843125e-18,1.3722848892211914,5.136289596557617,0.0,5.5748090744018555,nan,nan,nan,nan
atari_krull,/home/haselab/projects/stable-deep-world-model/logs/content_kl_kernelsize/runs/20260207_060134_krull_private_eye/atari_krull_vta_k1_seed0,/home/haselab/projects/stable-deep-world-model/logs/content_kl_kernelsize/runs/20260207_060134_krull_private_eye/atari_krull_vta_k1_seed0/latest.pt,/home/haselab/projects/stable-deep-world-model/logs/content_kl_kernelsize/runs/20260207_060134_krull_private_eye/atari_krull_vta_k1_seed0/train_eps/20260207T073134-8739267d147d4d0ba7a4c1550ab35526-3425.npz,1688,1720,0.0,2.848655760448386e-18,1.2524843215942383,4.35014533996582,0.0,4.883588790893555,nan,nan,nan,nan
atari_krull,/home/haselab/projects/stable-deep-world-model/logs/content_kl_kernelsize/runs/20260207_060134_krull_private_eye/atari_krull_vta_k1_seed0,/home/haselab/projects/stable-deep-world-model/logs/content_kl_kernelsize/runs/20260207_060134_krull_private_eye/atari_krull_vta_k1_seed0/latest.pt,/home/haselab/projects/stable-deep-world-model/logs/content_kl_kernelsize/runs/20260207_060134_krull_private_eye/atari_krull_vta_k1_seed0/train_eps/20260207T073134-8739267d147d4d0ba7a4c1550ab35526-3425.npz,1696,1728,0.0,6.590228673037757e-16,1.4076769351959229,4.038141250610352,0.0,4.753514766693115,nan,nan,nan,nan
atari_krull,/home/haselab/projects/stable-deep-world-model/logs/content_kl_kernelsize/runs/20260207_060134_krull_private_eye/atari_krull_vta_k1_seed0,/home/haselab/projects/stable-deep-world-model/logs/content_kl_kernelsize/runs/20260207_060134_krull_private_eye/atari_krull_vta_k1_seed0/latest.pt,/home/haselab/projects/stable-deep-world-model/logs/content_kl_kernelsize/runs/20260207_060134_krull_private_eye/atari_krull_vta_k1_seed0/train_eps/20260207T073134-8739267d147d4d0ba7a4c1550ab35526-3425.npz,1704,1736,0.0,4.812867552411726e-12,1.5802695751190186,3.295620918273926,0.0,4.020163536071777,nan,nan,nan,nan
atari_krull,/home/haselab/projects/stable-deep-world-model/logs/content_kl_kernelsize/runs/20260207_060134_krull_private_eye/atari_krull_vta_k1_seed0,/home/haselab/projects/stable-deep-world-model/logs/content_kl_kernelsize/runs/20260207_060134_krull_private_eye/atari_krull_vta_k1_seed0/latest.pt,/home/haselab/projects/stable-deep-world-model/logs/content_kl_kernelsize/runs/20260207_060134_krull_private_eye/atari_krull_vta_k1_seed0/train_eps/20260207T073134-8739267d147d4d0ba7a4c1550ab35526-3425.npz,1712,1744,0.0,7.0253507872264365e-12,1.833810567855835,2.7262277603149414,0.0,3.438714027404785,nan,nan,nan,nan
atari_krull,/home/haselab/projects/stable-deep-world-model/logs/content_kl_kernelsize/runs/20260207_060134_krull_private_eye/atari_krull_vta_k1_seed0,/home/haselab/projects/stable-deep-world-model/logs/content_kl_kernelsize/runs/20260207_060134_krull_private_eye/atari_krull_vta_k1_seed0/latest.pt,/home/haselab/projects/stable-deep-world-model/logs/content_kl_kernelsize/runs/20260207_060134_krull_private_eye/atari_krull_vta_k1_seed0/train_eps/20260207T073134-8739267d147d4d0ba7a4c1550ab35526-3425.npz,1720,1752,0.0,9.681739784883625e-12,2.1569857597351074,2.6760663986206055,0.0,3.179152011871338,nan,nan,nan,nan
atari_krull,/home/haselab/projects/stable-deep-world-model/logs/content_kl_kernelsize/runs/20260207_060134_krull_private_eye/atari_krull_vta_k1_seed0,/home/haselab/projects/stable-deep-world-model/logs/content_kl_kernelsize/runs/20260207_060134_krull_private_eye/atari_krull_vta_k1_seed0/latest.pt,/home/haselab/projects/stable-deep-world-model/logs/content_kl_kernelsize/runs/20260207_060134_krull_private_eye/atari_krull_vta_k1_seed0/train_eps/20260207T073134-8739267d147d4d0ba7a4c1550ab35526-3425.npz,1728,1760,0.0,3.2723834059167345e-11,2.1816606521606445,2.1539392471313477,0.0,2.576253890991211,nan,nan,nan,nan
atari_krull,/home/haselab/projects/stable-deep-world-model/logs/content_kl_kernelsize/runs/20260207_060134_krull_private_eye/atari_krull_vta_k1_seed0,/home/haselab/projects/stable-deep-world-model/logs/content_kl_kernelsize/runs/20260207_060134_krull_private_eye/atari_krull_vta_k1_seed0/latest.pt,/home/haselab/projects/stable-deep-world-model/logs/content_kl_kernelsize/runs/20260207_060134_krull_private_eye/atari_krull_vta_k1_seed0/train_eps/20260207T073134-8739267d147d4d0ba7a4c1550ab35526-3425.npz,1736,1768,0.0,3.205529591765455e-11,2.1672704219818115,2.0945327281951904,0.0,2.537808418273926,nan,nan,nan,nan
atari_krull,/home/haselab/projects/stable-deep-world-model/logs/content_kl_kernelsize/runs/20260207_060134_krull_private_eye/atari_krull_vta_k1_seed0,/home/haselab/projects/stable-deep-world-model/logs/content_kl_kernelsize/runs/20260207_060134_krull_private_eye/atari_krull_vta_k1_seed0/latest.pt,/home/haselab/projects/stable-deep-world-model/logs/content_kl_kernelsize/runs/20260207_060134_krull_private_eye/atari_krull_vta_k1_seed0/train_eps/20260207T073134-8739267d147d4d0ba7a4c1550ab35526-3425.npz,1744,1776,0.0,3.1128009891912e-11,2.166961669921875,2.153740406036377,0.0,2.585435390472412,nan,nan,nan,nan
atari_krull,/home/haselab/projects/stable-deep-world-model/logs/content_kl_kernelsize/runs/20260207_060134_krull_private_eye/atari_krull_vta_k1_seed0,/home/haselab/projects/stable-deep-world-model/logs/content_kl_kernelsize/runs/20260207_060134_krull_private_eye/atari_krull_vta_k1_seed0/latest.pt,/home/haselab/projects/stable-deep-world-model/logs/content_kl_kernelsize/runs/20260207_060134_krull_private_eye/atari_krull_vta_k1_seed0/train_eps/20260207T073134-8739267d147d4d0ba7a4c1550ab35526-3425.npz,1752,1784,0.0,3.2165436980591267e-11,2.16646146774292,2.1294355392456055,0.0,2.593064785003662,nan,nan,nan,nan
atari_krull,/home/haselab/projects/stable-deep-world-model/logs/content_kl_kernelsize/runs/20260207_060134_krull_private_eye/atari_krull_vta_k1_seed0,/home/haselab/projects/stable-deep-world-model/logs/content_kl_kernelsize/runs/20260207_060134_krull_private_eye/atari_krull_vta_k1_seed0/latest.pt,/home/haselab/projects/stable-deep-world-model/logs/content_kl_kernelsize/runs/20260207_060134_krull_private_eye/atari_krull_vta_k1_seed0/train_eps/20260207T073134-8739267d147d4d0ba7a4c1550ab35526-3425.npz,1760,1792,0.0,9.262881260629907e-12,2.1071155071258545,2.0631985664367676,0.0,2.5488080978393555,nan,nan,nan,nan
atari_krull,/home/haselab/projects/stable-deep-world-model/logs/content_kl_kernelsize/runs/20260207_060134_krull_private_eye/atari_krull_vta_k1_seed0,/home/haselab/projects/stable-deep-world-model/logs/content_kl_kernelsize/runs/20260207_060134_krull_private_eye/atari_krull_vta_k1_seed0/latest.pt,/home/haselab/projects/stable-deep-world-model/logs/content_kl_kernelsize/runs/20260207_060134_krull_private_eye/atari_krull_vta_k1_seed0/train_eps/20260207T073134-8739267d147d4d0ba7a4c1550ab35526-3425.npz,1768,1800,0.0,6.085070381606217e-12,2.095721960067749,2.0880444049835205,0.0,2.512819290161133,nan,nan,nan,nan
atari_krull,/home/haselab/projects/stable-deep-world-model/logs/content_kl_kernelsize/runs/20260207_060134_krull_private_eye/atari_krull_vta_k1_seed0,/home/haselab/projects/stable-deep-world-model/logs/content_kl_kernelsize/runs/20260207_060134_krull_private_eye/atari_krull_vta_k1_seed0/latest.pt,/home/haselab/projects/stable-deep-world-model/logs/content_kl_kernelsize/runs/20260207_060134_krull_private_eye/atari_krull_vta_k1_seed0/train_eps/20260207T073134-8739267d147d4d0ba7a4c1550ab35526-3425.npz,1776,1808,0.0,3.63484797816227e-11,2.102358102798462,2.0716958045959473,0.0,2.5094187259674072,nan,nan,nan,nan
atari_krull,/home/haselab/projects/stable-deep-world-model/logs/content_kl_kernelsize/runs/20260207_060134_krull_private_eye/atari_krull_vta_k1_seed0,/home/haselab/projects/stable-deep-world-model/logs/content_kl_kernelsize/runs/20260207_060134_krull_private_eye/atari_krull_vta_k1_seed0/latest.pt,/home/haselab/projects/stable-deep-world-model/logs/content_kl_kernelsize/runs/20260207_060134_krull_private_eye/atari_krull_vta_k1_seed0/train_eps/20260207T073134-8739267d147d4d0ba7a4c1550ab35526-3425.npz,1784,1816,0.0,3.32191427143691e-11,2.044093132019043,2.040400981903076,0.0,2.4737308025360107,nan,nan,nan,nan
atari_krull,/home/haselab/projects/stable-deep-world-model/logs/content_kl_kernelsize/runs/20260207_060134_krull_private_eye/atari_krull_vta_k1_seed0,/home/haselab/projects/stable-deep-world-model/logs/content_kl_kernelsize/runs/20260207_060134_krull_private_eye/atari_krull_vta_k1_seed0/latest.pt,/home/haselab/projects/stable-deep-world-model/logs/content_kl_kernelsize/runs/20260207_060134_krull_private_eye/atari_krull_vta_k1_seed0/train_eps/20260207T073134-8739267d147d4d0ba7a4c1550ab35526-3425.npz,1792,1824,0.0,3.808636739321969e-11,2.0328879356384277,2.0970587730407715,0.0,2.575838804244995,nan,nan,nan,nan
atari_krull,/home/haselab/projects/stable-deep-world-model/logs/content_kl_kernelsize/runs/20260207_060134_krull_private_eye/atari_krull_vta_k1_seed0,/home/haselab/projects/stable-deep-world-model/logs/content_kl_kernelsize/runs/20260207_060134_krull_private_eye/atari_krull_vta_k1_seed0/latest.pt,/home/haselab/projects/stable-deep-world-model/logs/content_kl_kernelsize/runs/20260207_060134_krull_private_eye/atari_krull_vta_k1_seed0/train_eps/20260207T073134-8739267d147d4d0ba7a4c1550ab35526-3425.npz,1800,1832,0.0,1.2545767202887248e-10,2.055609703063965,2.121455192565918,0.0,2.650010108947754,nan,nan,nan,nan
atari_krull,/home/haselab/projects/stable-deep-world-model/logs/content_kl_kernelsize/runs/20260207_060134_krull_private_eye/atari_krull_vta_k1_seed0,/home/haselab/projects/stable-deep-world-model/logs/content_kl_kernelsize/runs/20260207_060134_krull_private_eye/atari_krull_vta_k1_seed0/latest.pt,/home/haselab/projects/stable-deep-world-model/logs/content_kl_kernelsize/runs/20260207_060134_krull_private_eye/atari_krull_vta_k1_seed0/train_eps/20260207T073134-8739267d147d4d0ba7a4c1550ab35526-3425.npz,1808,1840,0.0,9.401898010130694e-11,2.024354934692383,2.061333179473877,0.0,2.5529239177703857,nan,nan,nan,nan
atari_krull,/home/haselab/projects/stable-deep-world-model/logs/content_kl_kernelsize/runs/20260207_060134_krull_private_eye/atari_krull_vta_k1_seed0,/home/haselab/projects/stable-deep-world-model/logs/content_kl_kernelsize/runs/20260207_060134_krull_private_eye/atari_krull_vta_k1_seed0/latest.pt,/home/haselab/projects/stable-deep-world-model/logs/content_kl_kernelsize/runs/20260207_060134_krull_private_eye/atari_krull_vta_k1_seed0/train_eps/20260207T073134-8739267d147d4d0ba7a4c1550ab35526-3425.npz,1816,1848,0.0,9.625115982014876e-11,2.029611587524414,2.1135504245758057,0.0,2.575291156768799,nan,nan,nan,nan
atari_krull,/home/haselab/projects/stable-deep-world-model/logs/content_kl_kernelsize/runs/20260207_060134_krull_private_eye/atari_krull_vta_k1_seed0,/home/haselab/projects/stable-deep-world-model/logs/content_kl_kernelsize/runs/20260207_060134_krull_private_eye/atari_krull_vta_k1_seed0/latest.pt,/home/haselab/projects/stable-deep-world-model/logs/content_kl_kernelsize/runs/20260207_060134_krull_private_eye/atari_krull_vta_k1_seed0/train_eps/20260207T073134-8739267d147d4d0ba7a4c1550ab35526-3425.npz,1824,1856,0.0,9.132357370322808e-11,2.035141706466675,2.095252752304077,0.0,2.4492814540863037,nan,nan,nan,nan
atari_krull,/home/haselab/projects/stable-deep-world-model/logs/content_kl_kernelsize/runs/20260207_060134_krull_private_eye/atari_krull_vta_k1_seed0,/home/haselab/projects/stable-deep-world-model/logs/content_kl_kernelsize/runs/20260207_060134_krull_private_eye/atari_krull_vta_k1_seed0/latest.pt,/home/haselab/projects/stable-deep-world-model/logs/content_kl_kernelsize/runs/20260207_060134_krull_private_eye/atari_krull_vta_k1_seed0/train_eps/20260207T073134-8739267d147d4d0ba7a4c1550ab35526-3425.npz,1832,1864,0.0,3.2478911053679393e-12,1.9464476108551025,2.0182197093963623,0.0,2.327648878097534,nan,nan,nan,nan
atari_krull,/home/haselab/projects/stable-deep-world-model/logs/content_kl_kernelsize/runs/20260207_060134_krull_private_eye/atari_krull_vta_k1_seed0,/home/haselab/projects/stable-deep-world-model/logs/content_kl_kernelsize/runs/20260207_060134_krull_private_eye/atari_krull_vta_k1_seed0/latest.pt,/home/haselab/projects/stable-deep-world-model/logs/content_kl_kernelsize/runs/20260207_060134_krull_private_eye/atari_krull_vta_k1_seed0/train_eps/20260207T073134-8739267d147d4d0ba7a4c1550ab35526-3425.npz,1840,1872,0.0,3.673663803716032e-12,1.9340479373931885,2.0780022144317627,0.0,2.3588130474090576,nan,nan,nan,nan
atari_krull,/home/haselab/projects/stable-deep-world-model/logs/content_kl_kernelsize/runs/20260207_060134_krull_private_eye/atari_krull_vta_k1_seed0,/home/haselab/projects/stable-deep-world-model/logs/content_kl_kernelsize/runs/20260207_060134_krull_private_eye/atari_krull_vta_k1_seed0/latest.pt,/home/haselab/projects/stable-deep-world-model/logs/content_kl_kernelsize/runs/20260207_060134_krull_private_eye/atari_krull_vta_k1_seed0/train_eps/20260207T073134-8739267d147d4d0ba7a4c1550ab35526-3425.npz,1848,1880,0.0,1.2708300124036898e-12,2.0031633377075195,2.021212339401245,0.0,2.2966580390930176,nan,nan,nan,nan
atari_krull,/home/haselab/projects/stable-deep-world-model/logs/content_kl_kernelsize/runs/20260207_060134_krull_private_eye/atari_krull_vta_k1_seed0,/home/haselab/projects/stable-deep-world-model/logs/content_kl_kernelsize/runs/20260207_060134_krull_private_eye/atari_krull_vta_k1_seed0/latest.pt,/home/haselab/projects/stable-deep-world-model/logs/content_kl_kernelsize/runs/20260207_060134_krull_private_eye/atari_krull_vta_k1_seed0/train_eps/20260207T073134-8739267d147d4d0ba7a4c1550ab35526-3425.npz,1856,1888,0.0,1.2374662926306623e-12,1.9867286682128906,1.9681719541549683,0.0,2.2628684043884277,nan,nan,nan,nan
atari_krull,/home/haselab/projects/stable-deep-world-model/logs/content_kl_kernelsize/runs/20260207_060134_krull_private_eye/atari_krull_vta_k1_seed0,/home/haselab/projects/stable-deep-world-model/logs/content_kl_kernelsize/runs/20260207_060134_krull_private_eye/atari_krull_vta_k1_seed0/latest.pt,/home/haselab/projects/stable-deep-world-model/logs/content_kl_kernelsize/runs/20260207_060134_krull_private_eye/atari_krull_vta_k1_seed0/train_eps/20260207T073134-8739267d147d4d0ba7a4c1550ab35526-3425.npz,1864,1896,0.0,9.315798132902842e-12,2.04050350189209,2.0163447856903076,0.0,2.3112897872924805,nan,nan,nan,nan
atari_krull,/home/haselab/projects/stable-deep-world-model/logs/content_kl_kernelsize/runs/20260207_060134_krull_private_eye/atari_krull_vta_k1_seed0,/home/haselab/projects/stable-deep-world-model/logs/content_kl_kernelsize/runs/20260207_060134_krull_private_eye/atari_krull_vta_k1_seed0/latest.pt,/home/haselab/projects/stable-deep-world-model/logs/content_kl_kernelsize/runs/20260207_060134_krull_private_eye/atari_krull_vta_k1_seed0/train_eps/20260207T073134-8739267d147d4d0ba7a4c1550ab35526-3425.npz,1872,1904,0.0,9.107424883691984e-12,2.1229381561279297,2.0060641765594482,0.0,2.32289457321167,nan,nan,nan,nan
atari_krull,/home/haselab/projects/stable-deep-world-model/logs/content_kl_kernelsize/runs/20260207_060134_krull_private_eye/atari_krull_vta_k1_seed0,/home/haselab/projects/stable-deep-world-model/logs/content_kl_kernelsize/runs/20260207_060134_krull_private_eye/atari_krull_vta_k1_seed0/latest.pt,/home/haselab/projects/stable-deep-world-model/logs/content_kl_kernelsize/runs/20260207_060134_krull_private_eye/atari_krull_vta_k1_seed0/train_eps/20260207T073134-8739267d147d4d0ba7a4c1550ab35526-3425.npz,1880,1912,0.03125,0.03125,2.192072629928589,2.2175960540771484,0.15574465692043304,2.5080714225769043,4.933233261108398,6.050329208374023,4.983829021453857,5.542728424072266
atari_krull,/home/haselab/projects/stable-deep-world-model/logs/content_kl_kernelsize/runs/20260207_060134_krull_private_eye/atari_krull_vta_k1_seed0,/home/haselab/projects/stable-deep-world-model/logs/content_kl_kernelsize/runs/20260207_060134_krull_private_eye/atari_krull_vta_k1_seed0/latest.pt,/home/haselab/projects/stable-deep-world-model/logs/content_kl_kernelsize/runs/20260207_060134_krull_private_eye/atari_krull_vta_k1_seed0/train_eps/20260207T073134-8739267d147d4d0ba7a4c1550ab35526-3425.npz,1888,1920,0.03125,0.03125,1.8644018173217773,2.3230886459350586,0.15574465692043304,2.707540512084961,4.933233261108398,6.050329208374023,4.983829021453857,5.542728424072266
atari_krull,/home/haselab/projects/stable-deep-world-model/logs/content_kl_kernelsize/runs/20260207_060134_krull_private_eye/atari_krull_vta_k1_seed0,/home/haselab/projects/stable-deep-world-model/logs/content_kl_kernelsize/runs/20260207_060134_krull_private_eye/atari_krull_vta_k1_seed0/latest.pt,/home/haselab/projects/stable-deep-world-model/logs/content_kl_kernelsize/runs/20260207_060134_krull_private_eye/atari_krull_vta_k1_seed0/train_eps/20260207T073134-8739267d147d4d0ba7a4c1550ab35526-3425.npz,1896,1928,0.03125,0.03125,1.6388037204742432,2.774318218231201,0.15574465692043304,3.1698832511901855,4.933233261108398,6.050329208374023,4.983829021453857,5.542728424072266
atari_krull,/home/haselab/projects/stable-deep-world-model/logs/content_kl_kernelsize/runs/20260207_060134_krull_private_eye/atari_krull_vta_k1_seed0,/home/haselab/projects/stable-deep-world-model/logs/content_kl_kernelsize/runs/20260207_060134_krull_private_eye/atari_krull_vta_k1_seed0/latest.pt,/home/haselab/projects/stable-deep-world-model/logs/content_kl_kernelsize/runs/20260207_060134_krull_private_eye/atari_krull_vta_k1_seed0/train_eps/20260207T073134-8739267d147d4d0ba7a4c1550ab35526-3425.npz,1904,1936,0.03125,0.03125,1.4633750915527344,3.4107823371887207,0.15574465692043304,3.7599167823791504,4.933233261108398,6.050329208374023,4.983829021453857,5.542728424072266
atari_krull,/home/haselab/projects/stable-deep-world-model/logs/content_kl_kernelsize/runs/20260207_060134_krull_private_eye/atari_krull_vta_k1_seed0,/home/haselab/projects/stable-deep-world-model/logs/content_kl_kernelsize/runs/20260207_060134_krull_private_eye/atari_krull_vta_k1_seed0/latest.pt,/home/haselab/projects/stable-deep-world-model/logs/content_kl_kernelsize/runs/20260207_060134_krull_private_eye/atari_krull_vta_k1_seed0/train_eps/20260207T073134-8739267d147d4d0ba7a4c1550ab35526-3425.npz,1912,1944,0.0,5.788430885056862e-15,1.1815686225891113,4.040646553039551,0.0,4.413968086242676,nan,nan,nan,nan
atari_krull,/home/haselab/projects/stable-deep-world-model/logs/content_kl_kernelsize/runs/20260207_060134_krull_private_eye/atari_krull_vta_k1_seed0,/home/haselab/projects/stable-deep-world-model/logs/content_kl_kernelsize/runs/20260207_060134_krull_private_eye/atari_krull_vta_k1_seed0/latest.pt,/home/haselab/projects/stable-deep-world-model/logs/content_kl_kernelsize/runs/20260207_060134_krull_private_eye/atari_krull_vta_k1_seed0/train_eps/20260207T073134-8739267d147d4d0ba7a4c1550ab35526-3425.npz,1920,1952,0.0,1.1413781669745906e-14,1.3775098323822021,4.829308986663818,0.0,5.183427333831787,nan,nan,nan,nan
atari_krull,/home/haselab/projects/stable-deep-world-model/logs/content_kl_kernelsize/runs/20260207_060134_krull_private_eye/atari_krull_vta_k1_seed0,/home/haselab/projects/stable-deep-world-model/logs/content_kl_kernelsize/runs/20260207_060134_krull_private_eye/atari_krull_vta_k1_seed0/latest.pt,/home/haselab/projects/stable-deep-world-model/logs/content_kl_kernelsize/runs/20260207_060134_krull_private_eye/atari_krull_vta_k1_seed0/train_eps/20260207T073134-8739267d147d4d0ba7a4c1550ab35526-3425.npz,1928,1960,0.0,1.2929288783808564e-14,1.4905558824539185,5.129249572753906,0.0,5.462824821472168,nan,nan,nan,nan
atari_krull,/home/haselab/projects/stable-deep-world-model/logs/content_kl_kernelsize/runs/20260207_060134_krull_private_eye/atari_krull_vta_k1_seed0,/home/haselab/projects/stable-deep-world-model/logs/content_kl_kernelsize/runs/20260207_060134_krull_private_eye/atari_krull_vta_k1_seed0/latest.pt,/home/haselab/projects/stable-deep-world-model/logs/content_kl_kernelsize/runs/20260207_060134_krull_private_eye/atari_krull_vta_k1_seed0/train_eps/20260207T073134-8739267d147d4d0ba7a4c1550ab35526-3425.npz,1936,1968,0.0,1.3776289543810868e-14,1.5125786066055298,5.217706680297852,0.0,5.636385440826416,nan,nan,nan,nan
atari_krull,/home/haselab/projects/stable-deep-world-model/logs/content_kl_kernelsize/runs/20260207_060134_krull_private_eye/atari_krull_vta_k1_seed0,/home/haselab/projects/stable-deep-world-model/logs/content_kl_kernelsize/runs/20260207_060134_krull_private_eye/atari_krull_vta_k1_seed0/latest.pt,/home/haselab/projects/stable-deep-world-model/logs/content_kl_kernelsize/runs/20260207_060134_krull_private_eye/atari_krull_vta_k1_seed0/train_eps/20260207T073134-8739267d147d4d0ba7a4c1550ab35526-3425.npz,1944,1976,0.0,1.0083671433112375e-14,1.6274495124816895,5.141732215881348,0.0,5.67476224899292,nan,nan,nan,nan
atari_krull,/home/haselab/projects/stable-deep-world-model/logs/content_kl_kernelsize/runs/20260207_060134_krull_private_eye/atari_krull_vta_k1_seed0,/home/haselab/projects/stable-deep-world-model/logs/content_kl_kernelsize/runs/20260207_060134_krull_private_eye/atari_krull_vta_k1_seed0/latest.pt,/home/haselab/projects/stable-deep-world-model/logs/content_kl_kernelsize/runs/20260207_060134_krull_private_eye/atari_krull_vta_k1_seed0/train_eps/20260207T073134-8739267d147d4d0ba7a4c1550ab35526-3425.npz,1952,1984,0.0,5.05500148846854e-14,1.715016484260559,5.077365875244141,0.0,5.5869269371032715,nan,nan,nan,nan
atari_krull,/home/haselab/projects/stable-deep-world-model/logs/content_kl_kernelsize/runs/20260207_060134_krull_private_eye/atari_krull_vta_k1_seed0,/home/haselab/projects/stable-deep-world-model/logs/content_kl_kernelsize/runs/20260207_060134_krull_private_eye/atari_krull_vta_k1_seed0/latest.pt,/home/haselab/projects/stable-deep-world-model/logs/content_kl_kernelsize/runs/20260207_060134_krull_private_eye/atari_krull_vta_k1_seed0/train_eps/20260207T073134-8739267d147d4d0ba7a4c1550ab35526-3425.npz,1960,1992,0.0,1.3238924388182804e-13,1.708436369895935,5.098379135131836,0.0,5.648647308349609,nan,nan,nan,nan
atari_krull,/home/haselab/projects/stable-deep-world-model/logs/content_kl_kernelsize/runs/20260207_060134_krull_private_eye/atari_krull_vta_k1_seed0,/home/haselab/projects/stable-deep-world-model/logs/content_kl_kernelsize/runs/20260207_060134_krull_private_eye/atari_krull_vta_k1_seed0/latest.pt,/home/haselab/projects/stable-deep-world-model/logs/content_kl_kernelsize/runs/20260207_060134_krull_private_eye/atari_krull_vta_k1_seed0/train_eps/20260207T073134-8739267d147d4d0ba7a4c1550ab35526-3425.npz,1968,2000,0.0,2.6112293750879534e-13,1.6014761924743652,5.048867225646973,0.0,5.748630523681641,nan,nan,nan,nan
atari_krull,/home/haselab/projects/stable-deep-world-model/logs/content_kl_kernelsize/runs/20260207_060134_krull_private_eye/atari_krull_vta_k1_seed0,/home/haselab/projects/stable-deep-world-model/logs/content_kl_kernelsize/runs/20260207_060134_krull_private_eye/atari_krull_vta_k1_seed0/latest.pt,/home/haselab/projects/stable-deep-world-model/logs/content_kl_kernelsize/runs/20260207_060134_krull_private_eye/atari_krull_vta_k1_seed0/train_eps/20260207T073134-8739267d147d4d0ba7a4c1550ab35526-3425.npz,1976,2008,0.0,1.2634721827803341e-12,1.4476311206817627,4.804115295410156,0.0,5.532851219177246,nan,nan,nan,nan
atari_krull,/home/haselab/projects/stable-deep-world-model/logs/content_kl_kernelsize/runs/20260207_060134_krull_private_eye/atari_krull_vta_k1_seed0,/home/haselab/projects/stable-deep-world-model/logs/content_kl_kernelsize/runs/20260207_060134_krull_private_eye/atari_krull_vta_k1_seed0/latest.pt,/home/haselab/projects/stable-deep-world-model/logs/content_kl_kernelsize/runs/20260207_060134_krull_private_eye/atari_krull_vta_k1_seed0/train_eps/20260207T073134-8739267d147d4d0ba7a4c1550ab35526-3425.npz,1984,2016,0.0,3.611501722677879e-11,1.195281982421875,4.211354732513428,0.0,4.946908950805664,nan,nan,nan,nan
atari_krull,/home/haselab/projects/stable-deep-world-model/logs/content_kl_kernelsize/runs/20260207_060134_krull_private_eye/atari_krull_vta_k1_seed0,/home/haselab/projects/stable-deep-world-model/logs/content_kl_kernelsize/runs/20260207_060134_krull_private_eye/atari_krull_vta_k1_seed0/latest.pt,/home/haselab/projects/stable-deep-world-model/logs/content_kl_kernelsize/runs/20260207_060134_krull_private_eye/atari_krull_vta_k1_seed0/train_eps/20260207T073134-8739267d147d4d0ba7a4c1550ab35526-3425.npz,1992,2024,0.0,4.565455652416617e-11,0.8773524761199951,3.1310794353485107,0.0,4.124310493469238,nan,nan,nan,nan
atari_krull,/home/haselab/projects/stable-deep-world-model/logs/content_kl_kernelsize/runs/20260207_060134_krull_private_eye/atari_krull_vta_k1_seed0,/home/haselab/projects/stable-deep-world-model/logs/content_kl_kernelsize/runs/20260207_060134_krull_private_eye/atari_krull_vta_k1_seed0/latest.pt,/home/haselab/projects/stable-deep-world-model/logs/content_kl_kernelsize/runs/20260207_060134_krull_private_eye/atari_krull_vta_k1_seed0/train_eps/20260207T073134-8739267d147d4d0ba7a4c1550ab35526-3425.npz,2000,2032,0.0,5.129483643395716e-11,0.6088258028030396,2.1182446479797363,0.0,3.221733808517456,nan,nan,nan,nan
atari_krull,/home/haselab/projects/stable-deep-world-model/logs/content_kl_kernelsize/runs/20260207_060134_krull_private_eye/atari_krull_vta_k1_seed0,/home/haselab/projects/stable-deep-world-model/logs/content_kl_kernelsize/runs/20260207_060134_krull_private_eye/atari_krull_vta_k1_seed0/latest.pt,/home/haselab/projects/stable-deep-world-model/logs/content_kl_kernelsize/runs/20260207_060134_krull_private_eye/atari_krull_vta_k1_seed0/train_eps/20260207T073134-8739267d147d4d0ba7a4c1550ab35526-3425.npz,2008,2040,0.0,1.0267858785439898e-10,0.38908618688583374,1.3897249698638916,0.0,2.7033915519714355,nan,nan,nan,nan
atari_krull,/home/haselab/projects/stable-deep-world-model/logs/content_kl_kernelsize/runs/20260207_060134_krull_private_eye/atari_krull_vta_k1_seed0,/home/haselab/projects/stable-deep-world-model/logs/content_kl_kernelsize/runs/20260207_060134_krull_private_eye/atari_krull_vta_k1_seed0/latest.pt,/home/haselab/projects/stable-deep-world-model/logs/content_kl_kernelsize/runs/20260207_060134_krull_private_eye/atari_krull_vta_k1_seed0/train_eps/20260207T073134-8739267d147d4d0ba7a4c1550ab35526-3425.npz,2016,2048,0.0,1.221161644027191e-10,0.3706388473510742,1.2400379180908203,0.0,2.588597297668457,nan,nan,nan,nan
atari_krull,/home/haselab/projects/stable-deep-world-model/logs/content_kl_kernelsize/runs/20260207_060134_krull_private_eye/atari_krull_vta_k1_seed0,/home/haselab/projects/stable-deep-world-model/logs/content_kl_kernelsize/runs/20260207_060134_krull_private_eye/atari_krull_vta_k1_seed0/latest.pt,/home/haselab/projects/stable-deep-world-model/logs/content_kl_kernelsize/runs/20260207_060134_krull_private_eye/atari_krull_vta_k1_seed0/train_eps/20260207T073134-8739267d147d4d0ba7a4c1550ab35526-3425.npz,2024,2056,0.0,1.3187784198009922e-10,0.5853695869445801,1.8863844871520996,0.0,2.9840877056121826,nan,nan,nan,nan
atari_krull,/home/haselab/projects/stable-deep-world-model/logs/content_kl_kernelsize/runs/20260207_060134_krull_private_eye/atari_krull_vta_k1_seed0,/home/haselab/projects/stable-deep-world-model/logs/content_kl_kernelsize/runs/20260207_060134_krull_private_eye/atari_krull_vta_k1_seed0/latest.pt,/home/haselab/projects/stable-deep-world-model/logs/content_kl_kernelsize/runs/20260207_060134_krull_private_eye/atari_krull_vta_k1_seed0/train_eps/20260207T073134-8739267d147d4d0ba7a4c1550ab35526-3425.npz,2032,2064,0.0,1.261244025885233e-10,0.8253922462463379,2.820742607116699,0.0,3.6745526790618896,nan,nan,nan,nan
atari_krull,/home/haselab/projects/stable-deep-world-model/logs/content_kl_kernelsize/runs/20260207_060134_krull_private_eye/atari_krull_vta_k1_seed0,/home/haselab/projects/stable-deep-world-model/logs/content_kl_kernelsize/runs/20260207_060134_krull_private_eye/atari_krull_vta_k1_seed0/latest.pt,/home/haselab/projects/stable-deep-world-model/logs/content_kl_kernelsize/runs/20260207_060134_krull_private_eye/atari_krull_vta_k1_seed0/train_eps/20260207T073134-8739267d147d4d0ba7a4c1550ab35526-3425.npz,2040,2072,0.0,7.373641280894461e-11,1.1093578338623047,3.706519365310669,0.0,4.237441539764404,nan,nan,nan,nan
atari_krull,/home/haselab/projects/stable-deep-world-model/logs/content_kl_kernelsize/runs/20260207_060134_krull_private_eye/atari_krull_vta_k1_seed0,/home/haselab/projects/stable-deep-world-model/logs/content_kl_kernelsize/runs/20260207_060134_krull_private_eye/atari_krull_vta_k1_seed0/latest.pt,/home/haselab/projects/stable-deep-world-model/logs/content_kl_kernelsize/runs/20260207_060134_krull_private_eye/atari_krull_vta_k1_seed0/train_eps/20260207T073134-8739267d147d4d0ba7a4c1550ab35526-3425.npz,2048,2080,0.0,2.2271400001994124e-11,1.3285460472106934,4.342870712280273,0.0,4.817367076873779,nan,nan,nan,nan
atari_krull,/home/haselab/projects/stable-deep-world-model/logs/content_kl_kernelsize/runs/20260207_060134_krull_private_eye/atari_krull_vta_k1_seed0,/home/haselab/projects/stable-deep-world-model/logs/content_kl_kernelsize/runs/20260207_060134_krull_private_eye/atari_krull_vta_k1_seed0/latest.pt,/home/haselab/projects/stable-deep-world-model/logs/content_kl_kernelsize/runs/20260207_060134_krull_private_eye/atari_krull_vta_k1_seed0/train_eps/20260207T073134-8739267d147d4d0ba7a4c1550ab35526-3425.npz,2056,2088,0.0,3.24440257645775e-12,1.4017250537872314,4.651838779449463,0.0,5.191771507263184,nan,nan,nan,nan
atari_krull,/home/haselab/projects/stable-deep-world-model/logs/content_kl_kernelsize/runs/20260207_060134_krull_private_eye/atari_krull_vta_k1_seed0,/home/haselab/projects/stable-deep-world-model/logs/content_kl_kernelsize/runs/20260207_060134_krull_private_eye/atari_krull_vta_k1_seed0/latest.pt,/home/haselab/projects/stable-deep-world-model/logs/content_kl_kernelsize/runs/20260207_060134_krull_private_eye/atari_krull_vta_k1_seed0/train_eps/20260207T073134-8739267d147d4d0ba7a4c1550ab35526-3425.npz,2064,2096,0.0,3.228015511141935e-12,1.5031092166900635,4.819370746612549,0.0,5.329318523406982,nan,nan,nan,nan
atari_krull,/home/haselab/projects/stable-deep-world-model/logs/content_kl_kernelsize/runs/20260207_060134_krull_private_eye/atari_krull_vta_k1_seed0,/home/haselab/projects/stable-deep-world-model/logs/content_kl_kernelsize/runs/20260207_060134_krull_private_eye/atari_krull_vta_k1_seed0/latest.pt,/home/haselab/projects/stable-deep-world-model/logs/content_kl_kernelsize/runs/20260207_060134_krull_private_eye/atari_krull_vta_k1_seed0/train_eps/20260207T073134-8739267d147d4d0ba7a4c1550ab35526-3425.npz,2072,2104,0.0,3.2317841978934947e-12,1.5008004903793335,4.850718021392822,0.0,5.339834213256836,nan,nan,nan,nan
atari_krull,/home/haselab/projects/stable-deep-world-model/logs/content_kl_kernelsize/runs/20260207_060134_krull_private_eye/atari_krull_vta_k1_seed0,/home/haselab/projects/stable-deep-world-model/logs/content_kl_kernelsize/runs/20260207_060134_krull_private_eye/atari_krull_vta_k1_seed0/latest.pt,/home/haselab/projects/stable-deep-world-model/logs/content_kl_kernelsize/runs/20260207_060134_krull_private_eye/atari_krull_vta_k1_seed0/train_eps/20260207T073134-8739267d147d4d0ba7a4c1550ab35526-3425.npz,2080,2112,0.0,5.277574167614207e-13,1.5631471872329712,5.0363616943359375,0.0,5.4982523918151855,nan,nan,nan,nan
atari_krull,/home/haselab/projects/stable-deep-world-model/logs/content_kl_kernelsize/runs/20260207_060134_krull_private_eye/atari_krull_vta_k1_seed0,/home/haselab/projects/stable-deep-world-model/logs/content_kl_kernelsize/runs/20260207_060134_krull_private_eye/atari_krull_vta_k1_seed0/latest.pt,/home/haselab/projects/stable-deep-world-model/logs/content_kl_kernelsize/runs/20260207_060134_krull_private_eye/atari_krull_vta_k1_seed0/train_eps/20260207T073134-8739267d147d4d0ba7a4c1550ab35526-3425.npz,2088,2120,0.0,1.9858322885396573e-13,1.6396387815475464,5.1654558181762695,0.0,5.532654762268066,nan,nan,nan,nan
atari_krull,/home/haselab/projects/stable-deep-world-model/logs/content_kl_kernelsize/runs/20260207_060134_krull_private_eye/atari_krull_vta_k1_seed0,/home/haselab/projects/stable-deep-world-model/logs/content_kl_kernelsize/runs/20260207_060134_krull_private_eye/atari_krull_vta_k1_seed0/latest.pt,/home/haselab/projects/stable-deep-world-model/logs/content_kl_kernelsize/runs/20260207_060134_krull_private_eye/atari_krull_vta_k1_seed0/train_eps/20260207T073134-8739267d147d4d0ba7a4c1550ab35526-3425.npz,2096,2128,0.0,2.0363185692772595e-13,1.6136343479156494,5.203350067138672,0.0,5.499077796936035,nan,nan,nan,nan
atari_krull,/home/haselab/projects/stable-deep-world-model/logs/content_kl_kernelsize/runs/20260207_060134_krull_private_eye/atari_krull_vta_k1_seed0,/home/haselab/projects/stable-deep-world-model/logs/content_kl_kernelsize/runs/20260207_060134_krull_private_eye/atari_krull_vta_k1_seed0/latest.pt,/home/haselab/projects/stable-deep-world-model/logs/content_kl_kernelsize/runs/20260207_060134_krull_private_eye/atari_krull_vta_k1_seed0/train_eps/20260207T073134-8739267d147d4d0ba7a4c1550ab35526-3425.npz,2104,2136,0.0,2.0391629736767752e-13,1.5994882583618164,5.105834007263184,0.0,5.371729850769043,nan,nan,nan,nan
atari_krull,/home/haselab/projects/stable-deep-world-model/logs/content_kl_kernelsize/runs/20260207_060134_krull_private_eye/atari_krull_vta_k1_seed0,/home/haselab/projects/stable-deep-world-model/logs/content_kl_kernelsize/runs/20260207_060134_krull_private_eye/atari_krull_vta_k1_seed0/latest.pt,/home/haselab/projects/stable-deep-world-model/logs/content_kl_kernelsize/runs/20260207_060134_krull_private_eye/atari_krull_vta_k1_seed0/train_eps/20260207T073134-8739267d147d4d0ba7a4c1550ab35526-3425.npz,2112,2144,0.0,3.809326714742517e-14,1.3327264785766602,4.471385478973389,0.0,4.872383117675781,nan,nan,nan,nan
atari_krull,/home/haselab/projects/stable-deep-world-model/logs/content_kl_kernelsize/runs/20260207_060134_krull_private_eye/atari_krull_vta_k1_seed0,/home/haselab/projects/stable-deep-world-model/logs/content_kl_kernelsize/runs/20260207_060134_krull_private_eye/atari_krull_vta_k1_seed0/latest.pt,/home/haselab/projects/stable-deep-world-model/logs/content_kl_kernelsize/runs/20260207_060134_krull_private_eye/atari_krull_vta_k1_seed0/train_eps/20260207T073134-8739267d147d4d0ba7a4c1550ab35526-3425.npz,2120,2152,0.0,9.702801374313584e-15,1.2566839456558228,4.167543411254883,0.0,4.684427261352539,nan,nan,nan,nan
atari_krull,/home/haselab/projects/stable-deep-world-model/logs/content_kl_kernelsize/runs/20260207_060134_krull_private_eye/atari_krull_vta_k1_seed0,/home/haselab/projects/stable-deep-world-model/logs/content_kl_kernelsize/runs/20260207_060134_krull_private_eye/atari_krull_vta_k1_seed0/latest.pt,/home/haselab/projects/stable-deep-world-model/logs/content_kl_kernelsize/runs/20260207_060134_krull_private_eye/atari_krull_vta_k1_seed0/train_eps/20260207T073134-8739267d147d4d0ba7a4c1550ab35526-3425.npz,2128,2160,0.0,2.969310214373522e-11,1.416337251663208,3.4793543815612793,0.0,4.065976142883301,nan,nan,nan,nan
atari_krull,/home/haselab/projects/stable-deep-world-model/logs/content_kl_kernelsize/runs/20260207_060134_krull_private_eye/atari_krull_vta_k1_seed0,/home/haselab/projects/stable-deep-world-model/logs/content_kl_kernelsize/runs/20260207_060134_krull_private_eye/atari_krull_vta_k1_seed0/latest.pt,/home/haselab/projects/stable-deep-world-model/logs/content_kl_kernelsize/runs/20260207_060134_krull_private_eye/atari_krull_vta_k1_seed0/train_eps/20260207T073134-8739267d147d4d0ba7a4c1550ab35526-3425.npz,2136,2168,0.0,3.0221429525578714e-11,1.5841960906982422,2.987673282623291,0.0,3.5558791160583496,nan,nan,nan,nan
atari_krull,/home/haselab/projects/stable-deep-world-model/logs/content_kl_kernelsize/runs/20260207_060134_krull_private_eye/atari_krull_vta_k1_seed0,/home/haselab/projects/stable-deep-world-model/logs/content_kl_kernelsize/runs/20260207_060134_krull_private_eye/atari_krull_vta_k1_seed0/latest.pt,/home/haselab/projects/stable-deep-world-model/logs/content_kl_kernelsize/runs/20260207_060134_krull_private_eye/atari_krull_vta_k1_seed0/train_eps/20260207T073134-8739267d147d4d0ba7a4c1550ab35526-3425.npz,2144,2176,0.0,1.0798198446515528e-10,1.8823769092559814,2.713038682937622,0.0,3.1269707679748535,nan,nan,nan,nan
atari_krull,/home/haselab/projects/stable-deep-world-model/logs/content_kl_kernelsize/runs/20260207_060134_krull_private_eye/atari_krull_vta_k1_seed0,/home/haselab/projects/stable-deep-world-model/logs/content_kl_kernelsize/runs/20260207_060134_krull_private_eye/atari_krull_vta_k1_seed0/latest.pt,/home/haselab/projects/stable-deep-world-model/logs/content_kl_kernelsize/runs/20260207_060134_krull_private_eye/atari_krull_vta_k1_seed0/train_eps/20260207T073134-8739267d147d4d0ba7a4c1550ab35526-3425.npz,2152,2184,0.0,4.455947166803753e-09,2.030327081680298,2.274864673614502,0.0,2.5433483123779297,nan,nan,nan,nan
atari_krull,/home/haselab/projects/stable-deep-world-model/logs/content_kl_kernelsize/runs/20260207_060134_krull_private_eye/atari_krull_vta_k1_seed0,/home/haselab/projects/stable-deep-world-model/logs/content_kl_kernelsize/runs/20260207_060134_krull_private_eye/atari_krull_vta_k1_seed0/latest.pt,/home/haselab/projects/stable-deep-world-model/logs/content_kl_kernelsize/runs/20260207_060134_krull_private_eye/atari_krull_vta_k1_seed0/train_eps/20260207T073134-8739267d147d4d0ba7a4c1550ab35526-3425.npz,2160,2192,0.0,4.4344372618354555e-09,2.021697998046875,2.2116401195526123,0.0,2.4727487564086914,nan,nan,nan,nan
atari_krull,/home/haselab/projects/stable-deep-world-model/logs/content_kl_kernelsize/runs/20260207_060134_krull_private_eye/atari_krull_vta_k1_seed0,/home/haselab/projects/stable-deep-world-model/logs/content_kl_kernelsize/runs/20260207_060134_krull_private_eye/atari_krull_vta_k1_seed0/latest.pt,/home/haselab/projects/stable-deep-world-model/logs/content_kl_kernelsize/runs/20260207_060134_krull_private_eye/atari_krull_vta_k1_seed0/train_eps/20260207T073134-8739267d147d4d0ba7a4c1550ab35526-3425.npz,2168,2200,0.0,4.445299239819178e-09,1.9412519931793213,2.1042933464050293,0.0,2.4469096660614014,nan,nan,nan,nan
atari_krull,/home/haselab/projects/stable-deep-world-model/logs/content_kl_kernelsize/runs/20260207_060134_krull_private_eye/atari_krull_vta_k1_seed0,/home/haselab/projects/stable-deep-world-model/logs/content_kl_kernelsize/runs/20260207_060134_krull_private_eye/atari_krull_vta_k1_seed0/latest.pt,/home/haselab/projects/stable-deep-world-model/logs/content_kl_kernelsize/runs/20260207_060134_krull_private_eye/atari_krull_vta_k1_seed0/train_eps/20260207T073134-8739267d147d4d0ba7a4c1550ab35526-3425.npz,2176,2208,0.0,1.2602772159198139e-08,1.9218847751617432,2.1527206897735596,0.0,2.509064197540283,nan,nan,nan,nan
atari_krull,/home/haselab/projects/stable-deep-world-model/logs/content_kl_kernelsize/runs/20260207_060134_krull_private_eye/atari_krull_vta_k1_seed0,/home/haselab/projects/stable-deep-world-model/logs/content_kl_kernelsize/runs/20260207_060134_krull_private_eye/atari_krull_vta_k1_seed0/latest.pt,/home/haselab/projects/stable-deep-world-model/logs/content_kl_kernelsize/runs/20260207_060134_krull_private_eye/atari_krull_vta_k1_seed0/train_eps/20260207T073134-8739267d147d4d0ba7a4c1550ab35526-3425.npz,2184,2216,0.0,1.60931090675831e-08,1.903275489807129,2.170340061187744,0.0,2.5768661499023438,nan,nan,nan,nan
atari_krull,/home/haselab/projects/stable-deep-world-model/logs/content_kl_kernelsize/runs/20260207_060134_krull_private_eye/atari_krull_vta_k1_seed0,/home/haselab/projects/stable-deep-world-model/logs/content_kl_kernelsize/runs/20260207_060134_krull_private_eye/atari_krull_vta_k1_seed0/latest.pt,/home/haselab/projects/stable-deep-world-model/logs/content_kl_kernelsize/runs/20260207_060134_krull_private_eye/atari_krull_vta_k1_seed0/train_eps/20260207T073134-8739267d147d4d0ba7a4c1550ab35526-3425.npz,2192,2224,0.0,1.6090483612174467e-08,1.8147056102752686,2.0240774154663086,0.0,2.427105188369751,nan,nan,nan,nan
atari_krull,/home/haselab/projects/stable-deep-world-model/logs/content_kl_kernelsize/runs/20260207_060134_krull_private_eye/atari_krull_vta_k1_seed0,/home/haselab/projects/stable-deep-world-model/logs/content_kl_kernelsize/runs/20260207_060134_krull_private_eye/atari_krull_vta_k1_seed0/latest.pt,/home/haselab/projects/stable-deep-world-model/logs/content_kl_kernelsize/runs/20260207_060134_krull_private_eye/atari_krull_vta_k1_seed0/train_eps/20260207T073134-8739267d147d4d0ba7a4c1550ab35526-3425.npz,2200,2232,0.0,2.37355788357263e-08,1.8648104667663574,2.0436837673187256,0.0,2.3894970417022705,nan,nan,nan,nan
atari_krull,/home/haselab/projects/stable-deep-world-model/logs/content_kl_kernelsize/runs/20260207_060134_krull_private_eye/atari_krull_vta_k1_seed0,/home/haselab/projects/stable-deep-world-model/logs/content_kl_kernelsize/runs/20260207_060134_krull_private_eye/atari_krull_vta_k1_seed0/latest.pt,/home/haselab/projects/stable-deep-world-model/logs/content_kl_kernelsize/runs/20260207_060134_krull_private_eye/atari_krull_vta_k1_seed0/train_eps/20260207T073134-8739267d147d4d0ba7a4c1550ab35526-3425.npz,2208,2240,0.0,1.636237101365623e-08,1.8765873908996582,2.076991558074951,0.0,2.4087014198303223,nan,nan,nan,nan
atari_krull,/home/haselab/projects/stable-deep-world-model/logs/content_kl_kernelsize/runs/20260207_060134_krull_private_eye/atari_krull_vta_k1_seed0,/home/haselab/projects/stable-deep-world-model/logs/content_kl_kernelsize/runs/20260207_060134_krull_private_eye/atari_krull_vta_k1_seed0/latest.pt,/home/haselab/projects/stable-deep-world-model/logs/content_kl_kernelsize/runs/20260207_060134_krull_private_eye/atari_krull_vta_k1_seed0/train_eps/20260207T073134-8739267d147d4d0ba7a4c1550ab35526-3425.npz,2216,2248,0.0,9.78435199527894e-09,1.865930199623108,1.9873780012130737,0.0,2.302544355392456,nan,nan,nan,nan
atari_krull,/home/haselab/projects/stable-deep-world-model/logs/content_kl_kernelsize/runs/20260207_060134_krull_private_eye/atari_krull_vta_k1_seed0,/home/haselab/projects/stable-deep-world-model/logs/content_kl_kernelsize/runs/20260207_060134_krull_private_eye/atari_krull_vta_k1_seed0/latest.pt,/home/haselab/projects/stable-deep-world-model/logs/content_kl_kernelsize/runs/20260207_060134_krull_private_eye/atari_krull_vta_k1_seed0/train_eps/20260207T073134-8739267d147d4d0ba7a4c1550ab35526-3425.npz,2224,2256,0.0,1.2934685322818495e-08,1.9227724075317383,2.0578103065490723,0.0,2.3820483684539795,nan,nan,nan,nan
atari_krull,/home/haselab/projects/stable-deep-world-model/logs/content_kl_kernelsize/runs/20260207_060134_krull_private_eye/atari_krull_vta_k1_seed0,/home/haselab/projects/stable-deep-world-model/logs/content_kl_kernelsize/runs/20260207_060134_krull_private_eye/atari_krull_vta_k1_seed0/latest.pt,/home/haselab/projects/stable-deep-world-model/logs/content_kl_kernelsize/runs/20260207_060134_krull_private_eye/atari_krull_vta_k1_seed0/train_eps/20260207T073134-8739267d147d4d0ba7a4c1550ab35526-3425.npz,2232,2264,0.0,1.007996797142141e-08,1.9328815937042236,2.0800013542175293,0.0,2.430696487426758,nan,nan,nan,nan
atari_krull,/home/haselab/projects/stable-deep-world-model/logs/content_kl_kernelsize/runs/20260207_060134_krull_private_eye/atari_krull_vta_k1_seed0,/home/haselab/projects/stable-deep-world-model/logs/content_kl_kernelsize/runs/20260207_060134_krull_private_eye/atari_krull_vta_k1_seed0/latest.pt,/home/haselab/projects/stable-deep-world-model/logs/content_kl_kernelsize/runs/20260207_060134_krull_private_eye/atari_krull_vta_k1_seed0/train_eps/20260207T073134-8739267d147d4d0ba7a4c1550ab35526-3425.npz,2240,2272,0.0,9.428214653439682e-09,1.8829933404922485,2.0016770362854004,0.0,2.3932745456695557,nan,nan,nan,nan
atari_krull,/home/haselab/projects/stable-deep-world-model/logs/content_kl_kernelsize/runs/20260207_060134_krull_private_eye/atari_krull_vta_k1_seed0,/home/haselab/projects/stable-deep-world-model/logs/content_kl_kernelsize/runs/20260207_060134_krull_private_eye/atari_krull_vta_k1_seed0/latest.pt,/home/haselab/projects/stable-deep-world-model/logs/content_kl_kernelsize/runs/20260207_060134_krull_private_eye/atari_krull_vta_k1_seed0/train_eps/20260207T073134-8739267d147d4d0ba7a4c1550ab35526-3425.npz,2248,2280,0.0,1.3184572544844286e-08,1.889797329902649,2.0238804817199707,0.0,2.3960585594177246,nan,nan,nan,nan
atari_krull,/home/haselab/projects/stable-deep-world-model/logs/content_kl_kernelsize/runs/20260207_060134_krull_private_eye/atari_krull_vta_k1_seed0,/home/haselab/projects/stable-deep-world-model/logs/content_kl_kernelsize/runs/20260207_060134_krull_private_eye/atari_krull_vta_k1_seed0/latest.pt,/home/haselab/projects/stable-deep-world-model/logs/content_kl_kernelsize/runs/20260207_060134_krull_private_eye/atari_krull_vta_k1_seed0/train_eps/20260207T073134-8739267d147d4d0ba7a4c1550ab35526-3425.npz,2256,2288,0.0,1.0070963618602491e-08,1.8917372226715088,2.0469202995300293,0.0,2.3786935806274414,nan,nan,nan,nan
atari_krull,/home/haselab/projects/stable-deep-world-model/logs/content_kl_kernelsize/runs/20260207_060134_krull_private_eye/atari_krull_vta_k1_seed0,/home/haselab/projects/stable-deep-world-model/logs/content_kl_kernelsize/runs/20260207_060134_krull_private_eye/atari_krull_vta_k1_seed0/latest.pt,/home/haselab/projects/stable-deep-world-model/logs/content_kl_kernelsize/runs/20260207_060134_krull_private_eye/atari_krull_vta_k1_seed0/train_eps/20260207T073134-8739267d147d4d0ba7a4c1550ab35526-3425.npz,2264,2296,0.0,5.282897230785011e-09,1.849156141281128,1.9544819593429565,0.0,2.3066298961639404,nan,nan,nan,nan
atari_krull,/home/haselab/projects/stable-deep-world-model/logs/content_kl_kernelsize/runs/20260207_060134_krull_private_eye/atari_krull_vta_k1_seed0,/home/haselab/projects/stable-deep-world-model/logs/content_kl_kernelsize/runs/20260207_060134_krull_private_eye/atari_krull_vta_k1_seed0/latest.pt,/home/haselab/projects/stable-deep-world-model/logs/content_kl_kernelsize/runs/20260207_060134_krull_private_eye/atari_krull_vta_k1_seed0/train_eps/20260207T073134-8739267d147d4d0ba7a4c1550ab35526-3425.npz,2272,2304,0.0,1.162447560432156e-08,1.8986642360687256,1.9795855283737183,0.0,2.281552314758301,nan,nan,nan,nan
atari_krull,/home/haselab/projects/stable-deep-world-model/logs/content_kl_kernelsize/runs/20260207_060134_krull_private_eye/atari_krull_vta_k1_seed0,/home/haselab/projects/stable-deep-world-model/logs/content_kl_kernelsize/runs/20260207_060134_krull_private_eye/atari_krull_vta_k1_seed0/latest.pt,/home/haselab/projects/stable-deep-world-model/logs/content_kl_kernelsize/runs/20260207_060134_krull_private_eye/atari_krull_vta_k1_seed0/train_eps/20260207T073134-8739267d147d4d0ba7a4c1550ab35526-3425.npz,2280,2312,0.0,7.760047715521523e-09,1.9172673225402832,2.050611972808838,0.0,2.3717408180236816,nan,nan,nan,nan
atari_krull,/home/haselab/projects/stable-deep-world-model/logs/content_kl_kernelsize/runs/20260207_060134_krull_private_eye/atari_krull_vta_k1_seed0,/home/haselab/projects/stable-deep-world-model/logs/content_kl_kernelsize/runs/20260207_060134_krull_private_eye/atari_krull_vta_k1_seed0/latest.pt,/home/haselab/projects/stable-deep-world-model/logs/content_kl_kernelsize/runs/20260207_060134_krull_private_eye/atari_krull_vta_k1_seed0/train_eps/20260207T073134-8739267d147d4d0ba7a4c1550ab35526-3425.npz,2288,2320,0.0,7.718924166510988e-09,1.8993340730667114,2.0016305446624756,0.0,2.4233622550964355,nan,nan,nan,nan
atari_krull,/home/haselab/projects/stable-deep-world-model/logs/content_kl_kernelsize/runs/20260207_060134_krull_private_eye/atari_krull_vta_k1_seed0,/home/haselab/projects/stable-deep-world-model/logs/content_kl_kernelsize/runs/20260207_060134_krull_private_eye/atari_krull_vta_k1_seed0/latest.pt,/home/haselab/projects/stable-deep-world-model/logs/content_kl_kernelsize/runs/20260207_060134_krull_private_eye/atari_krull_vta_k1_seed0/train_eps/20260207T073134-8739267d147d4d0ba7a4c1550ab35526-3425.npz,2296,2328,0.0,3.0577901100059535e-08,1.9175554513931274,2.0740904808044434,0.0,2.457583427429199,nan,nan,nan,nan
atari_krull,/home/haselab/projects/stable-deep-world-model/logs/content_kl_kernelsize/runs/20260207_060134_krull_private_eye/atari_krull_vta_k1_seed0,/home/haselab/projects/stable-deep-world-model/logs/content_kl_kernelsize/runs/20260207_060134_krull_private_eye/atari_krull_vta_k1_seed0/latest.pt,/home/haselab/projects/stable-deep-world-model/logs/content_kl_kernelsize/runs/20260207_060134_krull_private_eye/atari_krull_vta_k1_seed0/train_eps/20260207T073134-8739267d147d4d0ba7a4c1550ab35526-3425.npz,2304,2336,0.0,2.5565771721858255e-08,1.905084252357483,2.1259348392486572,0.0,2.5403361320495605,nan,nan,nan,nan
atari_krull,/home/haselab/projects/stable-deep-world-model/logs/content_kl_kernelsize/runs/20260207_060134_krull_private_eye/atari_krull_vta_k1_seed0,/home/haselab/projects/stable-deep-world-model/logs/content_kl_kernelsize/runs/20260207_060134_krull_private_eye/atari_krull_vta_k1_seed0/latest.pt,/home/haselab/projects/stable-deep-world-model/logs/content_kl_kernelsize/runs/20260207_060134_krull_private_eye/atari_krull_vta_k1_seed0/train_eps/20260207T073134-8739267d147d4d0ba7a4c1550ab35526-3425.npz,2312,2344,0.0,2.46628761857437e-08,1.8208227157592773,2.009428024291992,0.0,2.422023296356201,nan,nan,nan,nan
atari_krull,/home/haselab/projects/stable-deep-world-model/logs/content_kl_kernelsize/runs/20260207_060134_krull_private_eye/atari_krull_vta_k1_seed0,/home/haselab/projects/stable-deep-world-model/logs/content_kl_kernelsize/runs/20260207_060134_krull_private_eye/atari_krull_vta_k1_seed0/latest.pt,/home/haselab/projects/stable-deep-world-model/logs/content_kl_kernelsize/runs/20260207_060134_krull_private_eye/atari_krull_vta_k1_seed0/train_eps/20260207T073134-8739267d147d4d0ba7a4c1550ab35526-3425.npz,2320,2352,0.0,2.632430629034843e-08,1.820840835571289,2.0679914951324463,0.0,2.3876802921295166,nan,nan,nan,nan
atari_krull,/home/haselab/projects/stable-deep-world-model/logs/content_kl_kernelsize/runs/20260207_060134_krull_private_eye/atari_krull_vta_k1_seed0,/home/haselab/projects/stable-deep-world-model/logs/content_kl_kernelsize/runs/20260207_060134_krull_private_eye/atari_krull_vta_k1_seed0/latest.pt,/home/haselab/projects/stable-deep-world-model/logs/content_kl_kernelsize/runs/20260207_060134_krull_private_eye/atari_krull_vta_k1_seed0/train_eps/20260207T073134-8739267d147d4d0ba7a4c1550ab35526-3425.npz,2328,2360,0.0,1.0543984352295865e-08,1.8119983673095703,2.109551429748535,0.0,2.4539642333984375,nan,nan,nan,nan
atari_krull,/home/haselab/projects/stable-deep-world-model/logs/content_kl_kernelsize/runs/20260207_060134_krull_private_eye/atari_krull_vta_k1_seed0,/home/haselab/projects/stable-deep-world-model/logs/content_kl_kernelsize/runs/20260207_060134_krull_private_eye/atari_krull_vta_k1_seed0/latest.pt,/home/haselab/projects/stable-deep-world-model/logs/content_kl_kernelsize/runs/20260207_060134_krull_private_eye/atari_krull_vta_k1_seed0/train_eps/20260207T073134-8739267d147d4d0ba7a4c1550ab35526-3425.npz,2336,2368,0.0,1.027669682684973e-08,1.8008198738098145,2.058830738067627,0.0,2.402611255645752,nan,nan,nan,nan
atari_krull,/home/haselab/projects/stable-deep-world-model/logs/content_kl_kernelsize/runs/20260207_060134_krull_private_eye/atari_krull_vta_k1_seed0,/home/haselab/projects/stable-deep-world-model/logs/content_kl_kernelsize/runs/20260207_060134_krull_private_eye/atari_krull_vta_k1_seed0/latest.pt,/home/haselab/projects/stable-deep-world-model/logs/content_kl_kernelsize/runs/20260207_060134_krull_private_eye/atari_krull_vta_k1_seed0/train_eps/20260207T073134-8739267d147d4d0ba7a4c1550ab35526-3425.npz,2344,2376,0.0,1.0071673273159831e-08,1.8562912940979004,2.1727585792541504,0.0,2.519876718521118,nan,nan,nan,nan
atari_krull,/home/haselab/projects/stable-deep-world-model/logs/content_kl_kernelsize/runs/20260207_060134_krull_private_eye/atari_krull_vta_k1_seed0,/home/haselab/projects/stable-deep-world-model/logs/content_kl_kernelsize/runs/20260207_060134_krull_private_eye/atari_krull_vta_k1_seed0/latest.pt,/home/haselab/projects/stable-deep-world-model/logs/content_kl_kernelsize/runs/20260207_060134_krull_private_eye/atari_krull_vta_k1_seed0/train_eps/20260207T073134-8739267d147d4d0ba7a4c1550ab35526-3425.npz,2352,2384,0.0,8.431725539992385e-09,1.8639469146728516,2.1972286701202393,0.0,2.6064908504486084,nan,nan,nan,nan
atari_krull,/home/haselab/projects/stable-deep-world-model/logs/content_kl_kernelsize/runs/20260207_060134_krull_private_eye/atari_krull_vta_k1_seed0,/home/haselab/projects/stable-deep-world-model/logs/content_kl_kernelsize/runs/20260207_060134_krull_private_eye/atari_krull_vta_k1_seed0/latest.pt,/home/haselab/projects/stable-deep-world-model/logs/content_kl_kernelsize/runs/20260207_060134_krull_private_eye/atari_krull_vta_k1_seed0/train_eps/20260207T073134-8739267d147d4d0ba7a4c1550ab35526-3425.npz,2360,2392,0.0,1.3634583462263095e-09,1.8397835493087769,2.2204883098602295,0.0,2.647322177886963,nan,nan,nan,nan
atari_krull,/home/haselab/projects/stable-deep-world-model/logs/content_kl_kernelsize/runs/20260207_060134_krull_private_eye/atari_krull_vta_k1_seed0,/home/haselab/projects/stable-deep-world-model/logs/content_kl_kernelsize/runs/20260207_060134_krull_private_eye/atari_krull_vta_k1_seed0/latest.pt,/home/haselab/projects/stable-deep-world-model/logs/content_kl_kernelsize/runs/20260207_060134_krull_private_eye/atari_krull_vta_k1_seed0/train_eps/20260207T073134-8739267d147d4d0ba7a4c1550ab35526-3425.npz,2368,2400,0.0,2.554496614237678e-09,1.8412842750549316,2.210573673248291,0.0,2.664236545562744,nan,nan,nan,nan
atari_krull,/home/haselab/projects/stable-deep-world-model/logs/content_kl_kernelsize/runs/20260207_060134_krull_private_eye/atari_krull_vta_k1_seed0,/home/haselab/projects/stable-deep-world-model/logs/content_kl_kernelsize/runs/20260207_060134_krull_private_eye/atari_krull_vta_k1_seed0/latest.pt,/home/haselab/projects/stable-deep-world-model/logs/content_kl_kernelsize/runs/20260207_060134_krull_private_eye/atari_krull_vta_k1_seed0/train_eps/20260207T073134-8739267d147d4d0ba7a4c1550ab35526-3425.npz,2376,2408,0.0,2.767528872738012e-09,1.8544175624847412,2.2234370708465576,0.0,2.725038528442383,nan,nan,nan,nan
atari_krull,/home/haselab/projects/stable-deep-world-model/logs/content_kl_kernelsize/runs/20260207_060134_krull_private_eye/atari_krull_vta_k1_seed0,/home/haselab/projects/stable-deep-world-model/logs/content_kl_kernelsize/runs/20260207_060134_krull_private_eye/atari_krull_vta_k1_seed0/latest.pt,/home/haselab/projects/stable-deep-world-model/logs/content_kl_kernelsize/runs/20260207_060134_krull_private_eye/atari_krull_vta_k1_seed0/train_eps/20260207T073134-8739267d147d4d0ba7a4c1550ab35526-3425.npz,2384,2416,0.03125,0.03125,1.8581151962280273,2.328083038330078,0.16321630775928497,2.8350515365600586,5.020305156707764,8.078778266906738,5.222921848297119,8.284663200378418
atari_krull,/home/haselab/projects/stable-deep-world-model/logs/content_kl_kernelsize/runs/20260207_060134_krull_private_eye/atari_krull_vta_k1_seed0,/home/haselab/projects/stable-deep-world-model/logs/content_kl_kernelsize/runs/20260207_060134_krull_private_eye/atari_krull_vta_k1_seed0/latest.pt,/home/haselab/projects/stable-deep-world-model/logs/content_kl_kernelsize/runs/20260207_060134_krull_private_eye/atari_krull_vta_k1_seed0/train_eps/20260207T073134-8739267d147d4d0ba7a4c1550ab35526-3425.npz,2392,2424,0.03125,0.03125,1.5926291942596436,2.4038987159729004,0.16321630775928497,2.9708566665649414,5.020305156707764,8.078778266906738,5.222921848297119,8.284663200378418
atari_krull,/home/haselab/projects/stable-deep-world-model/logs/content_kl_kernelsize/runs/20260207_060134_krull_private_eye/atari_krull_vta_k1_seed0,/home/haselab/projects/stable-deep-world-model/logs/content_kl_kernelsize/runs/20260207_060134_krull_private_eye/atari_krull_vta_k1_seed0/latest.pt,/home/haselab/projects/stable-deep-world-model/logs/content_kl_kernelsize/runs/20260207_060134_krull_private_eye/atari_krull_vta_k1_seed0/train_eps/20260207T073134-8739267d147d4d0ba7a4c1550ab35526-3425.npz,2400,2432,0.03125,0.03125,1.4320573806762695,2.902510643005371,0.16321630775928497,3.527904510498047,5.020305156707764,8.078778266906738,5.222921848297119,8.284663200378418
atari_krull,/home/haselab/projects/stable-deep-world-model/logs/content_kl_kernelsize/runs/20260207_060134_krull_private_eye/atari_krull_vta_k1_seed0,/home/haselab/projects/stable-deep-world-model/logs/content_kl_kernelsize/runs/20260207_060134_krull_private_eye/atari_krull_vta_k1_seed0/latest.pt,/home/haselab/projects/stable-deep-world-model/logs/content_kl_kernelsize/runs/20260207_060134_krull_private_eye/atari_krull_vta_k1_seed0/train_eps/20260207T073134-8739267d147d4d0ba7a4c1550ab35526-3425.npz,2408,2440,0.03125,0.03125,1.2657943964004517,3.460980176925659,0.16321630775928497,4.0131120681762695,5.020305156707764,8.078778266906738,5.222921848297119,8.284663200378418
atari_krull,/home/haselab/projects/stable-deep-world-model/logs/content_kl_kernelsize/runs/20260207_060134_krull_private_eye/atari_krull_vta_k1_seed0,/home/haselab/projects/stable-deep-world-model/logs/content_kl_kernelsize/runs/20260207_060134_krull_private_eye/atari_krull_vta_k1_seed0/latest.pt,/home/haselab/projects/stable-deep-world-model/logs/content_kl_kernelsize/runs/20260207_060134_krull_private_eye/atari_krull_vta_k1_seed0/train_eps/20260207T073134-8739267d147d4d0ba7a4c1550ab35526-3425.npz,2416,2448,0.0,2.471586954197469e-12,1.174246072769165,3.9477319717407227,0.0,4.491388320922852,nan,nan,nan,nan
atari_krull,/home/haselab/projects/stable-deep-world-model/logs/content_kl_kernelsize/runs/20260207_060134_krull_private_eye/atari_krull_vta_k1_seed0,/home/haselab/projects/stable-deep-world-model/logs/content_kl_kernelsize/runs/20260207_060134_krull_private_eye/atari_krull_vta_k1_seed0/latest.pt,/home/haselab/projects/stable-deep-world-model/logs/content_kl_kernelsize/runs/20260207_060134_krull_private_eye/atari_krull_vta_k1_seed0/train_eps/20260207T073134-8739267d147d4d0ba7a4c1550ab35526-3425.npz,2424,2456,0.0,3.3482080996627417e-10,1.413944125175476,4.514995574951172,0.0,5.02200984954834,nan,nan,nan,nan
atari_krull,/home/haselab/projects/stable-deep-world-model/logs/content_kl_kernelsize/runs/20260207_060134_krull_private_eye/atari_krull_vta_k1_seed0,/home/haselab/projects/stable-deep-world-model/logs/content_kl_kernelsize/runs/20260207_060134_krull_private_eye/atari_krull_vta_k1_seed0/latest.pt,/home/haselab/projects/stable-deep-world-model/logs/content_kl_kernelsize/runs/20260207_060134_krull_private_eye/atari_krull_vta_k1_seed0/train_eps/20260207T073134-8739267d147d4d0ba7a4c1550ab35526-3425.npz,2432,2464,0.0,1.0808942629836338e-09,1.513789176940918,4.777382850646973,0.0,5.1598405838012695,nan,nan,nan,nan
atari_krull,/home/haselab/projects/stable-deep-world-model/logs/content_kl_kernelsize/runs/20260207_060134_krull_private_eye/atari_krull_vta_k1_seed0,/home/haselab/projects/stable-deep-world-model/logs/content_kl_kernelsize/runs/20260207_060134_krull_private_eye/atari_krull_vta_k1_seed0/latest.pt,/home/haselab/projects/stable-deep-world-model/logs/content_kl_kernelsize/runs/20260207_060134_krull_private_eye/atari_krull_vta_k1_seed0/train_eps/20260207T073134-8739267d147d4d0ba7a4c1550ab35526-3425.npz,2440,2472,0.0,1.2004346405802835e-09,1.5997697114944458,4.956724166870117,0.0,5.462037086486816,nan,nan,nan,nan
atari_krull,/home/haselab/projects/stable-deep-world-model/logs/content_kl_kernelsize/runs/20260207_060134_krull_private_eye/atari_krull_vta_k1_seed0,/home/haselab/projects/stable-deep-world-model/logs/content_kl_kernelsize/runs/20260207_060134_krull_private_eye/atari_krull_vta_k1_seed0/latest.pt,/home/haselab/projects/stable-deep-world-model/logs/content_kl_kernelsize/runs/20260207_060134_krull_private_eye/atari_krull_vta_k1_seed0/train_eps/20260207T073134-8739267d147d4d0ba7a4c1550ab35526-3425.npz,2448,2480,0.0,1.2035419327816044e-09,1.5848652124404907,5.1126203536987305,0.0,5.590778827667236,nan,nan,nan,nan
atari_krull,/home/haselab/projects/stable-deep-world-model/logs/content_kl_kernelsize/runs/20260207_060134_krull_private_eye/atari_krull_vta_k1_seed0,/home/haselab/projects/stable-deep-world-model/logs/content_kl_kernelsize/runs/20260207_060134_krull_private_eye/atari_krull_vta_k1_seed0/latest.pt,/home/haselab/projects/stable-deep-world-model/logs/content_kl_kernelsize/runs/20260207_060134_krull_private_eye/atari_krull_vta_k1_seed0/train_eps/20260207T073134-8739267d147d4d0ba7a4c1550ab35526-3425.npz,2456,2488,0.0,8.727206735059667e-10,1.5050132274627686,5.200604438781738,0.0,5.695940971374512,nan,nan,nan,nan
atari_krull,/home/haselab/projects/stable-deep-world-model/logs/content_kl_kernelsize/runs/20260207_060134_krull_private_eye/atari_krull_vta_k1_seed0,/home/haselab/projects/stable-deep-world-model/logs/content_kl_kernelsize/runs/20260207_060134_krull_private_eye/atari_krull_vta_k1_seed0/latest.pt,/home/haselab/projects/stable-deep-world-model/logs/content_kl_kernelsize/runs/20260207_060134_krull_private_eye/atari_krull_vta_k1_seed0/train_eps/20260207T073134-8739267d147d4d0ba7a4c1550ab35526-3425.npz,2464,2496,0.0,1.292810858366522e-10,1.4706485271453857,5.232635498046875,0.0,5.821127414703369,nan,nan,nan,nan
atari_krull,/home/haselab/projects/stable-deep-world-model/logs/content_kl_kernelsize/runs/20260207_060134_krull_private_eye/atari_krull_vta_k1_seed0,/home/haselab/projects/stable-deep-world-model/logs/content_kl_kernelsize/runs/20260207_060134_krull_private_eye/atari_krull_vta_k1_seed0/latest.pt,/home/haselab/projects/stable-deep-world-model/logs/content_kl_kernelsize/runs/20260207_060134_krull_private_eye/atari_krull_vta_k1_seed0/train_eps/20260207T073134-8739267d147d4d0ba7a4c1550ab35526-3425.npz,2472,2504,0.0,1.1846848155250278e-11,1.405606985092163,5.266688346862793,0.0,5.791948318481445,nan,nan,nan,nan
atari_krull,/home/haselab/projects/stable-deep-world-model/logs/content_kl_kernelsize/runs/20260207_060134_krull_private_eye/atari_krull_vta_k1_seed0,/home/haselab/projects/stable-deep-world-model/logs/content_kl_kernelsize/runs/20260207_060134_krull_private_eye/atari_krull_vta_k1_seed0/latest.pt,/home/haselab/projects/stable-deep-world-model/logs/content_kl_kernelsize/runs/20260207_060134_krull_private_eye/atari_krull_vta_k1_seed0/train_eps/20260207T073134-8739267d147d4d0ba7a4c1550ab35526-3425.npz,2480,2512,0.0,1.1531554357235851e-11,1.3629487752914429,4.9931182861328125,0.0,5.67189884185791,nan,nan,nan,nan
atari_krull,/home/haselab/projects/stable-deep-world-model/logs/content_kl_kernelsize/runs/20260207_060134_krull_private_eye/atari_krull_vta_k1_seed0,/home/haselab/projects/stable-deep-world-model/logs/content_kl_kernelsize/runs/20260207_060134_krull_private_eye/atari_krull_vta_k1_seed0/latest.pt,/home/haselab/projects/stable-deep-world-model/logs/content_kl_kernelsize/runs/20260207_060134_krull_private_eye/atari_krull_vta_k1_seed0/train_eps/20260207T073134-8739267d147d4d0ba7a4c1550ab35526-3425.npz,2488,2520,0.0,1.2413864207416747e-11,1.1975712776184082,4.280855178833008,0.0,5.009697914123535,nan,nan,nan,nan
atari_krull,/home/haselab/projects/stable-deep-world-model/logs/content_kl_kernelsize/runs/20260207_060134_krull_private_eye/atari_krull_vta_k1_seed0,/home/haselab/projects/stable-deep-world-model/logs/content_kl_kernelsize/runs/20260207_060134_krull_private_eye/atari_krull_vta_k1_seed0/latest.pt,/home/haselab/projects/stable-deep-world-model/logs/content_kl_kernelsize/runs/20260207_060134_krull_private_eye/atari_krull_vta_k1_seed0/train_eps/20260207T073134-8739267d147d4d0ba7a4c1550ab35526-3425.npz,2496,2528,0.0,8.030241402390281e-12,0.8533239364624023,3.070094108581543,0.0,4.016286373138428,nan,nan,nan,nan
atari_krull,/home/haselab/projects/stable-deep-world-model/logs/content_kl_kernelsize/runs/20260207_060134_krull_private_eye/atari_krull_vta_k1_seed0,/home/haselab/projects/stable-deep-world-model/logs/content_kl_kernelsize/runs/20260207_060134_krull_private_eye/atari_krull_vta_k1_seed0/latest.pt,/home/haselab/projects/stable-deep-world-model/logs/content_kl_kernelsize/runs/20260207_060134_krull_private_eye/atari_krull_vta_k1_seed0/train_eps/20260207T073134-8739267d147d4d0ba7a4c1550ab35526-3425.npz,2504,2536,0.0,5.9043911253275905e-12,0.5133905410766602,1.7734380960464478,0.0,3.0655531883239746,nan,nan,nan,nan
atari_krull,/home/haselab/projects/stable-deep-world-model/logs/content_kl_kernelsize/runs/20260207_060134_krull_private_eye/atari_krull_vta_k1_seed0,/home/haselab/projects/stable-deep-world-model/logs/content_kl_kernelsize/runs/20260207_060134_krull_private_eye/atari_krull_vta_k1_seed0/latest.pt,/home/haselab/projects/stable-deep-world-model/logs/content_kl_kernelsize/runs/20260207_060134_krull_private_eye/atari_krull_vta_k1_seed0/train_eps/20260207T073134-8739267d147d4d0ba7a4c1550ab35526-3425.npz,2512,2544,0.0,2.68230229694133e-12,0.2824273407459259,0.9882063269615173,0.0,2.425464630126953,nan,nan,nan,nan
atari_krull,/home/haselab/projects/stable-deep-world-model/logs/content_kl_kernelsize/runs/20260207_060134_krull_private_eye/atari_krull_vta_k1_seed0,/home/haselab/projects/stable-deep-world-model/logs/content_kl_kernelsize/runs/20260207_060134_krull_private_eye/atari_krull_vta_k1_seed0/latest.pt,/home/haselab/projects/stable-deep-world-model/logs/content_kl_kernelsize/runs/20260207_060134_krull_private_eye/atari_krull_vta_k1_seed0/train_eps/20260207T073134-8739267d147d4d0ba7a4c1550ab35526-3425.npz,2520,2552,0.0,6.37163390625195e-13,0.3148002028465271,1.0167876482009888,0.0,2.3873658180236816,nan,nan,nan,nan
atari_krull,/home/haselab/projects/stable-deep-world-model/logs/content_kl_kernelsize/runs/20260207_060134_krull_private_eye/atari_krull_vta_k1_seed0,/home/haselab/projects/stable-deep-world-model/logs/content_kl_kernelsize/runs/20260207_060134_krull_private_eye/atari_krull_vta_k1_seed0/latest.pt,/home/haselab/projects/stable-deep-world-model/logs/content_kl_kernelsize/runs/20260207_060134_krull_private_eye/atari_krull_vta_k1_seed0/train_eps/20260207T073134-8739267d147d4d0ba7a4c1550ab35526-3425.npz,2528,2560,0.0,5.584535655092648e-13,0.6441388130187988,2.0560972690582275,0.0,3.206566572189331,nan,nan,nan,nan
atari_krull,/home/haselab/projects/stable-deep-world-model/logs/content_kl_kernelsize/runs/20260207_060134_krull_private_eye/atari_krull_vta_k1_seed0,/home/haselab/projects/stable-deep-world-model/logs/content_kl_kernelsize/runs/20260207_060134_krull_private_eye/atari_krull_vta_k1_seed0/latest.pt,/home/haselab/projects/stable-deep-world-model/logs/content_kl_kernelsize/runs/20260207_060134_krull_private_eye/atari_krull_vta_k1_seed0/train_eps/20260207T073134-8739267d147d4d0ba7a4c1550ab35526-3425.npz,2536,2568,0.0,4.949559642350443e-13,0.9546703100204468,3.3190925121307373,0.0,4.177713394165039,nan,nan,nan,nan
atari_krull,/home/haselab/projects/stable-deep-world-model/logs/content_kl_kernelsize/runs/20260207_060134_krull_private_eye/atari_krull_vta_k1_seed0,/home/haselab/projects/stable-deep-world-model/logs/content_kl_kernelsize/runs/20260207_060134_krull_private_eye/atari_krull_vta_k1_seed0/latest.pt,/home/haselab/projects/stable-deep-world-model/logs/content_kl_kernelsize/runs/20260207_060134_krull_private_eye/atari_krull_vta_k1_seed0/train_eps/20260207T073134-8739267d147d4d0ba7a4c1550ab35526-3425.npz,2544,2576,0.0,4.214378954321696e-13,1.2745074033737183,4.430252552032471,0.0,4.973886489868164,nan,nan,nan,nan
atari_krull,/home/haselab/projects/stable-deep-world-model/logs/content_kl_kernelsize/runs/20260207_060134_krull_private_eye/atari_krull_vta_k1_seed0,/home/haselab/projects/stable-deep-world-model/logs/content_kl_kernelsize/runs/20260207_060134_krull_private_eye/atari_krull_vta_k1_seed0/latest.pt,/home/haselab/projects/stable-deep-world-model/logs/content_kl_kernelsize/runs/20260207_060134_krull_private_eye/atari_krull_vta_k1_seed0/train_eps/20260207T073134-8739267d147d4d0ba7a4c1550ab35526-3425.npz,2552,2584,0.0,1.3458160909481098e-14,1.5243537425994873,5.123019218444824,0.0,5.649509429931641,nan,nan,nan,nan
atari_krull,/home/haselab/projects/stable-deep-world-model/logs/content_kl_kernelsize/runs/20260207_060134_krull_private_eye/atari_krull_vta_k1_seed0,/home/haselab/projects/stable-deep-world-model/logs/content_kl_kernelsize/runs/20260207_060134_krull_private_eye/atari_krull_vta_k1_seed0/latest.pt,/home/haselab/projects/stable-deep-world-model/logs/content_kl_kernelsize/runs/20260207_060134_krull_private_eye/atari_krull_vta_k1_seed0/train_eps/20260207T073134-8739267d147d4d0ba7a4c1550ab35526-3425.npz,2560,2592,0.0,1.1941413315667187e-15,1.5940157175064087,5.389203071594238,0.0,5.901175022125244,nan,nan,nan,nan
atari_krull,/home/haselab/projects/stable-deep-world-model/logs/content_kl_kernelsize/runs/20260207_060134_krull_private_eye/atari_krull_vta_k1_seed0,/home/haselab/projects/stable-deep-world-model/logs/content_kl_kernelsize/runs/20260207_060134_krull_private_eye/atari_krull_vta_k1_seed0/latest.pt,/home/haselab/projects/stable-deep-world-model/logs/content_kl_kernelsize/runs/20260207_060134_krull_private_eye/atari_krull_vta_k1_seed0/train_eps/20260207T073134-8739267d147d4d0ba7a4c1550ab35526-3425.npz,2568,2600,0.0,1.1943237612877335e-15,1.6773767471313477,5.438836097717285,0.0,5.8711442947387695,nan,nan,nan,nan
atari_krull,/home/haselab/projects/stable-deep-world-model/logs/content_kl_kernelsize/runs/20260207_060134_krull_private_eye/atari_krull_vta_k1_seed0,/home/haselab/projects/stable-deep-world-model/logs/content_kl_kernelsize/runs/20260207_060134_krull_private_eye/atari_krull_vta_k1_seed0/latest.pt,/home/haselab/projects/stable-deep-world-model/logs/content_kl_kernelsize/runs/20260207_060134_krull_private_eye/atari_krull_vta_k1_seed0/train_eps/20260207T073134-8739267d147d4d0ba7a4c1550ab35526-3425.npz,2576,2608,0.0,1.6869578057734794e-15,1.6582903861999512,5.460332870483398,0.0,5.896242618560791,nan,nan,nan,nan
atari_krull,/home/haselab/projects/stable-deep-world-model/logs/content_kl_kernelsize/runs/20260207_060134_krull_private_eye/atari_krull_vta_k1_seed0,/home/haselab/projects/stable-deep-world-model/logs/content_kl_kernelsize/runs/20260207_060134_krull_private_eye/atari_krull_vta_k1_seed0/latest.pt,/home/haselab/projects/stable-deep-world-model/logs/content_kl_kernelsize/runs/20260207_060134_krull_private_eye/atari_krull_vta_k1_seed0/train_eps/20260207T073134-8739267d147d4d0ba7a4c1550ab35526-3425.npz,2584,2616,0.0,5.171100144087245e-16,1.6275358200073242,5.50102424621582,0.0,5.906615734100342,nan,nan,nan,nan
atari_krull,/home/haselab/projects/stable-deep-world-model/logs/content_kl_kernelsize/runs/20260207_060134_krull_private_eye/atari_krull_vta_k1_seed0,/home/haselab/projects/stable-deep-world-model/logs/content_kl_kernelsize/runs/20260207_060134_krull_private_eye/atari_krull_vta_k1_seed0/latest.pt,/home/haselab/projects/stable-deep-world-model/logs/content_kl_kernelsize/runs/20260207_060134_krull_private_eye/atari_krull_vta_k1_seed0/train_eps/20260207T073134-8739267d147d4d0ba7a4c1550ab35526-3425.npz,2592,2624,0.0,2.583934822564856e-14,1.6343042850494385,5.448131084442139,0.0,5.839632511138916,nan,nan,nan,nan
atari_krull,/home/haselab/projects/stable-deep-world-model/logs/content_kl_kernelsize/runs/20260207_060134_krull_private_eye/atari_krull_vta_k1_seed0,/home/haselab/projects/stable-deep-world-model/logs/content_kl_kernelsize/runs/20260207_060134_krull_private_eye/atari_krull_vta_k1_seed0/latest.pt,/home/haselab/projects/stable-deep-world-model/logs/content_kl_kernelsize/runs/20260207_060134_krull_private_eye/atari_krull_vta_k1_seed0/train_eps/20260207T073134-8739267d147d4d0ba7a4c1550ab35526-3425.npz,2600,2632,0.0,2.5857279913141934e-14,1.6547813415527344,5.533207893371582,0.0,5.8775129318237305,nan,nan,nan,nan
atari_krull,/home/haselab/projects/stable-deep-world-model/logs/content_kl_kernelsize/runs/20260207_060134_krull_private_eye/atari_krull_vta_k1_seed0,/home/haselab/projects/stable-deep-world-model/logs/content_kl_kernelsize/runs/20260207_060134_krull_private_eye/atari_krull_vta_k1_seed0/latest.pt,/home/haselab/projects/stable-deep-world-model/logs/content_kl_kernelsize/runs/20260207_060134_krull_private_eye/atari_krull_vta_k1_seed0/train_eps/20260207T073134-8739267d147d4d0ba7a4c1550ab35526-3425.npz,2608,2640,0.0,4.91843402756955e-14,1.5735427141189575,5.23226261138916,0.0,5.639293670654297,nan,nan,nan,nan
atari_krull,/home/haselab/projects/stable-deep-world-model/logs/content_kl_kernelsize/runs/20260207_060134_krull_private_eye/atari_krull_vta_k1_seed0,/home/haselab/projects/stable-deep-world-model/logs/content_kl_kernelsize/runs/20260207_060134_krull_private_eye/atari_krull_vta_k1_seed0/latest.pt,/home/haselab/projects/stable-deep-world-model/logs/content_kl_kernelsize/runs/20260207_060134_krull_private_eye/atari_krull_vta_k1_seed0/train_eps/20260207T073134-8739267d147d4d0ba7a4c1550ab35526-3425.npz,2616,2648,0.0,4.919272251374153e-14,1.3501054048538208,4.566162109375,0.0,5.174416542053223,nan,nan,nan,nan
atari_krull,/home/haselab/projects/stable-deep-world-model/logs/content_kl_kernelsize/runs/20260207_060134_krull_private_eye/atari_krull_vta_k1_seed0,/home/haselab/projects/stable-deep-world-model/logs/content_kl_kernelsize/runs/20260207_060134_krull_private_eye/atari_krull_vta_k1_seed0/latest.pt,/home/haselab/projects/stable-deep-world-model/logs/content_kl_kernelsize/runs/20260207_060134_krull_private_eye/atari_krull_vta_k1_seed0/train_eps/20260207T073134-8739267d147d4d0ba7a4c1550ab35526-3425.npz,2624,2656,0.0,1.0725030889432996e-13,1.4026646614074707,4.3343658447265625,0.0,5.12190055847168,nan,nan,nan,nan
atari_krull,/home/haselab/projects/stable-deep-world-model/logs/content_kl_kernelsize/runs/20260207_060134_krull_private_eye/atari_krull_vta_k1_seed0,/home/haselab/projects/stable-deep-world-model/logs/content_kl_kernelsize/runs/20260207_060134_krull_private_eye/atari_krull_vta_k1_seed0/latest.pt,/home/haselab/projects/stable-deep-world-model/logs/content_kl_kernelsize/runs/20260207_060134_krull_private_eye/atari_krull_vta_k1_seed0/train_eps/20260207T073134-8739267d147d4d0ba7a4c1550ab35526-3425.npz,2632,2664,0.0,3.8650352363056584e-10,1.494175672531128,3.410489797592163,0.0,4.244277000427246,nan,nan,nan,nan
atari_krull,/home/haselab/projects/stable-deep-world-model/logs/content_kl_kernelsize/runs/20260207_060134_krull_private_eye/atari_krull_vta_k1_seed0,/home/haselab/projects/stable-deep-world-model/logs/content_kl_kernelsize/runs/20260207_060134_krull_private_eye/atari_krull_vta_k1_seed0/latest.pt,/home/haselab/projects/stable-deep-world-model/logs/content_kl_kernelsize/runs/20260207_060134_krull_private_eye/atari_krull_vta_k1_seed0/train_eps/20260207T073134-8739267d147d4d0ba7a4c1550ab35526-3425.npz,2640,2672,0.0,3.9018693831494033e-10,1.666201114654541,2.800827980041504,0.0,3.5880799293518066,nan,nan,nan,nan
atari_krull,/home/haselab/projects/stable-deep-world-model/logs/content_kl_kernelsize/runs/20260207_060134_krull_private_eye/atari_krull_vta_k1_seed0,/home/haselab/projects/stable-deep-world-model/logs/content_kl_kernelsize/runs/20260207_060134_krull_private_eye/atari_krull_vta_k1_seed0/latest.pt,/home/haselab/projects/stable-deep-world-model/logs/content_kl_kernelsize/runs/20260207_060134_krull_private_eye/atari_krull_vta_k1_seed0/train_eps/20260207T073134-8739267d147d4d0ba7a4c1550ab35526-3425.npz,2648,2680,0.0,4.6110182339020866e-10,1.9239532947540283,2.5196943283081055,0.0,3.1236984729766846,nan,nan,nan,nan
atari_krull,/home/haselab/projects/stable-deep-world-model/logs/content_kl_kernelsize/runs/20260207_060134_krull_private_eye/atari_krull_vta_k1_seed0,/home/haselab/projects/stable-deep-world-model/logs/content_kl_kernelsize/runs/20260207_060134_krull_private_eye/atari_krull_vta_k1_seed0/latest.pt,/home/haselab/projects/stable-deep-world-model/logs/content_kl_kernelsize/runs/20260207_060134_krull_private_eye/atari_krull_vta_k1_seed0/train_eps/20260207T073134-8739267d147d4d0ba7a4c1550ab35526-3425.npz,2656,2688,0.0,5.818726056538992e-10,1.9146419763565063,1.9309265613555908,0.0,2.3659873008728027,nan,nan,nan,nan
atari_krull,/home/haselab/projects/stable-deep-world-model/logs/content_kl_kernelsize/runs/20260207_060134_krull_private_eye/atari_krull_vta_k1_seed0,/home/haselab/projects/stable-deep-world-model/logs/content_kl_kernelsize/runs/20260207_060134_krull_private_eye/atari_krull_vta_k1_seed0/latest.pt,/home/haselab/projects/stable-deep-world-model/logs/content_kl_kernelsize/runs/20260207_060134_krull_private_eye/atari_krull_vta_k1_seed0/train_eps/20260207T073134-8739267d147d4d0ba7a4c1550ab35526-3425.npz,2664,2696,0.0,1.9880402879479675e-10,1.794814944267273,1.8476263284683228,0.0,2.2557215690612793,nan,nan,nan,nan
atari_krull,/home/haselab/projects/stable-deep-world-model/logs/content_kl_kernelsize/runs/20260207_060134_krull_private_eye/atari_krull_vta_k1_seed0,/home/haselab/projects/stable-deep-world-model/logs/content_kl_kernelsize/runs/20260207_060134_krull_private_eye/atari_krull_vta_k1_seed0/latest.pt,/home/haselab/projects/stable-deep-world-model/logs/content_kl_kernelsize/runs/20260207_060134_krull_private_eye/atari_krull_vta_k1_seed0/train_eps/20260207T073134-8739267d147d4d0ba7a4c1550ab35526-3425.npz,2672,2704,0.0,2.0320030380549525e-10,1.7447481155395508,1.7982022762298584,0.0,2.2194485664367676,nan,nan,nan,nan
atari_krull,/home/haselab/projects/stable-deep-world-model/logs/content_kl_kernelsize/runs/20260207_060134_krull_private_eye/atari_krull_vta_k1_seed0,/home/haselab/projects/stable-deep-world-model/logs/content_kl_kernelsize/runs/20260207_060134_krull_private_eye/atari_krull_vta_k1_seed0/latest.pt,/home/haselab/projects/stable-deep-world-model/logs/content_kl_kernelsize/runs/20260207_060134_krull_private_eye/atari_krull_vta_k1_seed0/train_eps/20260207T073134-8739267d147d4d0ba7a4c1550ab35526-3425.npz,2680,2712,0.0,1.32352351300824e-10,1.7478818893432617,1.7933355569839478,0.0,2.186429977416992,nan,nan,nan,nan
atari_krull,/home/haselab/projects/stable-deep-world-model/logs/content_kl_kernelsize/runs/20260207_060134_krull_private_eye/atari_krull_vta_k1_seed0,/home/haselab/projects/stable-deep-world-model/logs/content_kl_kernelsize/runs/20260207_060134_krull_private_eye/atari_krull_vta_k1_seed0/latest.pt,/home/haselab/projects/stable-deep-world-model/logs/content_kl_kernelsize/runs/20260207_060134_krull_private_eye/atari_krull_vta_k1_seed0/train_eps/20260207T073134-8739267d147d4d0ba7a4c1550ab35526-3425.npz,2688,2720,0.0,1.2581163541525164e-11,1.678633451461792,1.7122688293457031,0.0,2.059880256652832,nan,nan,nan,nan
atari_krull,/home/haselab/projects/stable-deep-world-model/logs/content_kl_kernelsize/runs/20260207_060134_krull_private_eye/atari_krull_vta_k1_seed0,/home/haselab/projects/stable-deep-world-model/logs/content_kl_kernelsize/runs/20260207_060134_krull_private_eye/atari_krull_vta_k1_seed0/latest.pt,/home/haselab/projects/stable-deep-world-model/logs/content_kl_kernelsize/runs/20260207_060134_krull_private_eye/atari_krull_vta_k1_seed0/train_eps/20260207T073134-8739267d147d4d0ba7a4c1550ab35526-3425.npz,2696,2728,0.0,3.2574231506599105e-11,1.704345464706421,1.6860198974609375,0.0,2.063649892807007,nan,nan,nan,nan
atari_krull,/home/haselab/projects/stable-deep-world-model/logs/content_kl_kernelsize/runs/20260207_060134_krull_private_eye/atari_krull_vta_k1_seed0,/home/haselab/projects/stable-deep-world-model/logs/content_kl_kernelsize/runs/20260207_060134_krull_private_eye/atari_krull_vta_k1_seed0/latest.pt,/home/haselab/projects/stable-deep-world-model/logs/content_kl_kernelsize/runs/20260207_060134_krull_private_eye/atari_krull_vta_k1_seed0/train_eps/20260207T073134-8739267d147d4d0ba7a4c1550ab35526-3425.npz,2704,2736,0.0,3.046423877051119e-11,1.6978960037231445,1.7427868843078613,0.0,2.066802501678467,nan,nan,nan,nan
atari_krull,/home/haselab/projects/stable-deep-world-model/logs/content_kl_kernelsize/runs/20260207_060134_krull_private_eye/atari_krull_vta_k1_seed0,/home/haselab/projects/stable-deep-world-model/logs/content_kl_kernelsize/runs/20260207_060134_krull_private_eye/atari_krull_vta_k1_seed0/latest.pt,/home/haselab/projects/stable-deep-world-model/logs/content_kl_kernelsize/runs/20260207_060134_krull_private_eye/atari_krull_vta_k1_seed0/train_eps/20260207T073134-8739267d147d4d0ba7a4c1550ab35526-3425.npz,2712,2744,0.0,2.0992269034181277e-10,1.6686792373657227,1.8075370788574219,0.0,2.1364738941192627,nan,nan,nan,nan
atari_krull,/home/haselab/projects/stable-deep-world-model/logs/content_kl_kernelsize/runs/20260207_060134_krull_private_eye/atari_krull_vta_k1_seed0,/home/haselab/projects/stable-deep-world-model/logs/content_kl_kernelsize/runs/20260207_060134_krull_private_eye/atari_krull_vta_k1_seed0/latest.pt,/home/haselab/projects/stable-deep-world-model/logs/content_kl_kernelsize/runs/20260207_060134_krull_private_eye/atari_krull_vta_k1_seed0/train_eps/20260207T073134-8739267d147d4d0ba7a4c1550ab35526-3425.npz,2720,2752,0.0,2.612636218479736e-10,1.718505859375,1.8317437171936035,0.0,2.171224594116211,nan,nan,nan,nan
atari_krull,/home/haselab/projects/stable-deep-world-model/logs/content_kl_kernelsize/runs/20260207_060134_krull_private_eye/atari_krull_vta_k1_seed0,/home/haselab/projects/stable-deep-world-model/logs/content_kl_kernelsize/runs/20260207_060134_krull_private_eye/atari_krull_vta_k1_seed0/latest.pt,/home/haselab/projects/stable-deep-world-model/logs/content_kl_kernelsize/runs/20260207_060134_krull_private_eye/atari_krull_vta_k1_seed0/train_eps/20260207T073134-8739267d147d4d0ba7a4c1550ab35526-3425.npz,2728,2760,0.0,7.635526100280288e-10,1.751970648765564,1.8690251111984253,0.0,2.2874951362609863,nan,nan,nan,nan
atari_krull,/home/haselab/projects/stable-deep-world-model/logs/content_kl_kernelsize/runs/20260207_060134_krull_private_eye/atari_krull_vta_k1_seed0,/home/haselab/projects/stable-deep-world-model/logs/content_kl_kernelsize/runs/20260207_060134_krull_private_eye/atari_krull_vta_k1_seed0/latest.pt,/home/haselab/projects/stable-deep-world-model/logs/content_kl_kernelsize/runs/20260207_060134_krull_private_eye/atari_krull_vta_k1_seed0/train_eps/20260207T073134-8739267d147d4d0ba7a4c1550ab35526-3425.npz,2736,2768,0.0,7.694191395124506e-10,1.7412217855453491,1.8454595804214478,0.0,2.3170039653778076,nan,nan,nan,nan
atari_krull,/home/haselab/projects/stable-deep-world-model/logs/content_kl_kernelsize/runs/20260207_060134_krull_private_eye/atari_krull_vta_k1_seed0,/home/haselab/projects/stable-deep-world-model/logs/content_kl_kernelsize/runs/20260207_060134_krull_private_eye/atari_krull_vta_k1_seed0/latest.pt,/home/haselab/projects/stable-deep-world-model/logs/content_kl_kernelsize/runs/20260207_060134_krull_private_eye/atari_krull_vta_k1_seed0/train_eps/20260207T073134-8739267d147d4d0ba7a4c1550ab35526-3425.npz,2744,2776,0.0,8.061317724461503e-10,1.7488625049591064,1.787795901298523,0.0,2.25066876411438,nan,nan,nan,nan
atari_krull,/home/haselab/projects/stable-deep-world-model/logs/content_kl_kernelsize/runs/20260207_060134_krull_private_eye/atari_krull_vta_k1_seed0,/home/haselab/projects/stable-deep-world-model/logs/content_kl_kernelsize/runs/20260207_060134_krull_private_eye/atari_krull_vta_k1_seed0/latest.pt,/home/haselab/projects/stable-deep-world-model/logs/content_kl_kernelsize/runs/20260207_060134_krull_private_eye/atari_krull_vta_k1_seed0/train_eps/20260207T073134-8739267d147d4d0ba7a4c1550ab35526-3425.npz,2752,2784,0.0,8.515119165330987e-10,1.7475019693374634,1.7919979095458984,0.0,2.2633204460144043,nan,nan,nan,nan
atari_krull,/home/haselab/projects/stable-deep-world-model/logs/content_kl_kernelsize/runs/20260207_060134_krull_private_eye/atari_krull_vta_k1_seed0,/home/haselab/projects/stable-deep-world-model/logs/content_kl_kernelsize/runs/20260207_060134_krull_private_eye/atari_krull_vta_k1_seed0/latest.pt,/home/haselab/projects/stable-deep-world-model/logs/content_kl_kernelsize/runs/20260207_060134_krull_private_eye/atari_krull_vta_k1_seed0/train_eps/20260207T073134-8739267d147d4d0ba7a4c1550ab35526-3425.npz,2760,2792,0.03125,0.03125,1.8166743516921997,2.055180549621582,0.16987165808677673,2.526500940322876,4.445864677429199,6.474756717681885,5.4358930587768555,6.804895401000977
atari_krull,/home/haselab/projects/stable-deep-world-model/logs/content_kl_kernelsize/runs/20260207_060134_krull_private_eye/atari_krull_vta_k1_seed0,/home/haselab/projects/stable-deep-world-model/logs/content_kl_kernelsize/runs/20260207_060134_krull_private_eye/atari_krull_vta_k1_seed0/latest.pt,/home/haselab/projects/stable-deep-world-model/logs/content_kl_kernelsize/runs/20260207_060134_krull_private_eye/atari_krull_vta_k1_seed0/train_eps/20260207T073134-8739267d147d4d0ba7a4c1550ab35526-3425.npz,2768,2800,0.03125,0.03125,1.58263099193573,2.2505221366882324,0.16987165808677673,2.817049741744995,4.445864677429199,6.474756717681885,5.4358930587768555,6.804895401000977
atari_krull,/home/haselab/projects/stable-deep-world-model/logs/content_kl_kernelsize/runs/20260207_060134_krull_private_eye/atari_krull_vta_k1_seed0,/home/haselab/projects/stable-deep-world-model/logs/content_kl_kernelsize/runs/20260207_060134_krull_private_eye/atari_krull_vta_k1_seed0/latest.pt,/home/haselab/projects/stable-deep-world-model/logs/content_kl_kernelsize/runs/20260207_060134_krull_private_eye/atari_krull_vta_k1_seed0/train_eps/20260207T073134-8739267d147d4d0ba7a4c1550ab35526-3425.npz,2776,2808,0.03125,0.03125,1.4639737606048584,2.8773014545440674,0.16987165808677673,3.5563831329345703,4.445864677429199,6.474756717681885,5.4358930587768555,6.804895401000977
atari_krull,/home/haselab/projects/stable-deep-world-model/logs/content_kl_kernelsize/runs/20260207_060134_krull_private_eye/atari_krull_vta_k1_seed0,/home/haselab/projects/stable-deep-world-model/logs/content_kl_kernelsize/runs/20260207_060134_krull_private_eye/atari_krull_vta_k1_seed0/latest.pt,/home/haselab/projects/stable-deep-world-model/logs/content_kl_kernelsize/runs/20260207_060134_krull_private_eye/atari_krull_vta_k1_seed0/train_eps/20260207T073134-8739267d147d4d0ba7a4c1550ab35526-3425.npz,2784,2816,0.03125,0.03125,1.331221580505371,3.6536779403686523,0.16987165808677673,4.367653846740723,4.445864677429199,6.474756717681885,5.4358930587768555,6.804895401000977
atari_krull,/home/haselab/projects/stable-deep-world-model/logs/content_kl_kernelsize/runs/20260207_060134_krull_private_eye/atari_krull_vta_k1_seed0,/home/haselab/projects/stable-deep-world-model/logs/content_kl_kernelsize/runs/20260207_060134_krull_private_eye/atari_krull_vta_k1_seed0/latest.pt,/home/haselab/projects/stable-deep-world-model/logs/content_kl_kernelsize/runs/20260207_060134_krull_private_eye/atari_krull_vta_k1_seed0/train_eps/20260207T073134-8739267d147d4d0ba7a4c1550ab35526-3425.npz,2792,2824,0.0,1.7317697623142614e-11,1.1943745613098145,4.233344554901123,0.0,4.775589942932129,nan,nan,nan,nan
atari_krull,/home/haselab/projects/stable-deep-world-model/logs/content_kl_kernelsize/runs/20260207_060134_krull_private_eye/atari_krull_vta_k1_seed0,/home/haselab/projects/stable-deep-world-model/logs/content_kl_kernelsize/runs/20260207_060134_krull_private_eye/atari_krull_vta_k1_seed0/latest.pt,/home/haselab/projects/stable-deep-world-model/logs/content_kl_kernelsize/runs/20260207_060134_krull_private_eye/atari_krull_vta_k1_seed0/train_eps/20260207T073134-8739267d147d4d0ba7a4c1550ab35526-3425.npz,2800,2832,0.0,3.075943319497121e-11,1.3580551147460938,4.841211318969727,0.0,5.2279253005981445,nan,nan,nan,nan
atari_krull,/home/haselab/projects/stable-deep-world-model/logs/content_kl_kernelsize/runs/20260207_060134_krull_private_eye/atari_krull_vta_k1_seed0,/home/haselab/projects/stable-deep-world-model/logs/content_kl_kernelsize/runs/20260207_060134_krull_private_eye/atari_krull_vta_k1_seed0/latest.pt,/home/haselab/projects/stable-deep-world-model/logs/content_kl_kernelsize/runs/20260207_060134_krull_private_eye/atari_krull_vta_k1_seed0/train_eps/20260207T073134-8739267d147d4d0ba7a4c1550ab35526-3425.npz,2808,2840,0.0,3.5725127717212146e-11,1.4214060306549072,5.09857177734375,0.0,5.421801567077637,nan,nan,nan,nan
atari_krull,/home/haselab/projects/stable-deep-world-model/logs/content_kl_kernelsize/runs/20260207_060134_krull_private_eye/atari_krull_vta_k1_seed0,/home/haselab/projects/stable-deep-world-model/logs/content_kl_kernelsize/runs/20260207_060134_krull_private_eye/atari_krull_vta_k1_seed0/latest.pt,/home/haselab/projects/stable-deep-world-model/logs/content_kl_kernelsize/runs/20260207_060134_krull_private_eye/atari_krull_vta_k1_seed0/train_eps/20260207T073134-8739267d147d4d0ba7a4c1550ab35526-3425.npz,2816,2848,0.0,4.4101250429307015e-11,1.4917337894439697,5.143708229064941,0.0,5.437510967254639,nan,nan,nan,nan
atari_krull,/home/haselab/projects/stable-deep-world-model/logs/content_kl_kernelsize/runs/20260207_060134_krull_private_eye/atari_krull_vta_k1_seed0,/home/haselab/projects/stable-deep-world-model/logs/content_kl_kernelsize/runs/20260207_060134_krull_private_eye/atari_krull_vta_k1_seed0/latest.pt,/home/haselab/projects/stable-deep-world-model/logs/content_kl_kernelsize/runs/20260207_060134_krull_private_eye/atari_krull_vta_k1_seed0/train_eps/20260207T073134-8739267d147d4d0ba7a4c1550ab35526-3425.npz,2824,2856,0.0,3.411276816578379e-11,1.521381139755249,5.105335712432861,0.0,5.527798175811768,nan,nan,nan,nan
atari_krull,/home/haselab/projects/stable-deep-world-model/logs/content_kl_kernelsize/runs/20260207_060134_krull_private_eye/atari_krull_vta_k1_seed0,/home/haselab/projects/stable-deep-world-model/logs/content_kl_kernelsize/runs/20260207_060134_krull_private_eye/atari_krull_vta_k1_seed0/latest.pt,/home/haselab/projects/stable-deep-world-model/logs/content_kl_kernelsize/runs/20260207_060134_krull_private_eye/atari_krull_vta_k1_seed0/train_eps/20260207T073134-8739267d147d4d0ba7a4c1550ab35526-3425.npz,2832,2864,0.0,3.261572262269752e-11,1.6102664470672607,5.0926103591918945,0.0,5.595187187194824,nan,nan,nan,nan
atari_krull,/home/haselab/projects/stable-deep-world-model/logs/content_kl_kernelsize/runs/20260207_060134_krull_private_eye/atari_krull_vta_k1_seed0,/home/haselab/projects/stable-deep-world-model/logs/content_kl_kernelsize/runs/20260207_060134_krull_private_eye/atari_krull_vta_k1_seed0/latest.pt,/home/haselab/projects/stable-deep-world-model/logs/content_kl_kernelsize/runs/20260207_060134_krull_private_eye/atari_krull_vta_k1_seed0/train_eps/20260207T073134-8739267d147d4d0ba7a4c1550ab35526-3425.npz,2840,2872,0.0,2.8878448243840893e-11,1.6327581405639648,5.027283191680908,0.0,5.5156965255737305,nan,nan,nan,nan
atari_krull,/home/haselab/projects/stable-deep-world-model/logs/content_kl_kernelsize/runs/20260207_060134_krull_private_eye/atari_krull_vta_k1_seed0,/home/haselab/projects/stable-deep-world-model/logs/content_kl_kernelsize/runs/20260207_060134_krull_private_eye/atari_krull_vta_k1_seed0/latest.pt,/home/haselab/projects/stable-deep-world-model/logs/content_kl_kernelsize/runs/20260207_060134_krull_private_eye/atari_krull_vta_k1_seed0/train_eps/20260207T073134-8739267d147d4d0ba7a4c1550ab35526-3425.npz,2848,2880,0.0,3.5208211346393625e-11,1.5674268007278442,4.988094329833984,0.0,5.515375137329102,nan,nan,nan,nan
atari_krull,/home/haselab/projects/stable-deep-world-model/logs/content_kl_kernelsize/runs/20260207_060134_krull_private_eye/atari_krull_vta_k1_seed0,/home/haselab/projects/stable-deep-world-model/logs/content_kl_kernelsize/runs/20260207_060134_krull_private_eye/atari_krull_vta_k1_seed0/latest.pt,/home/haselab/projects/stable-deep-world-model/logs/content_kl_kernelsize/runs/20260207_060134_krull_private_eye/atari_krull_vta_k1_seed0/train_eps/20260207T073134-8739267d147d4d0ba7a4c1550ab35526-3425.npz,2856,2888,0.0,3.7800471086590903e-11,1.455647587776184,4.775171279907227,0.0,5.35719108581543,nan,nan,nan,nan
atari_krull,/home/haselab/projects/stable-deep-world-model/logs/content_kl_kernelsize/runs/20260207_060134_krull_private_eye/atari_krull_vta_k1_seed0,/home/haselab/projects/stable-deep-world-model/logs/content_kl_kernelsize/runs/20260207_060134_krull_private_eye/atari_krull_vta_k1_seed0/latest.pt,/home/haselab/projects/stable-deep-world-model/logs/content_kl_kernelsize/runs/20260207_060134_krull_private_eye/atari_krull_vta_k1_seed0/train_eps/20260207T073134-8739267d147d4d0ba7a4c1550ab35526-3425.npz,2864,2896,0.0,9.933958516894492e-11,1.1796760559082031,4.189091682434082,0.0,4.900177478790283,nan,nan,nan,nan
atari_krull,/home/haselab/projects/stable-deep-world-model/logs/content_kl_kernelsize/runs/20260207_060134_krull_private_eye/atari_krull_vta_k1_seed0,/home/haselab/projects/stable-deep-world-model/logs/content_kl_kernelsize/runs/20260207_060134_krull_private_eye/atari_krull_vta_k1_seed0/latest.pt,/home/haselab/projects/stable-deep-world-model/logs/content_kl_kernelsize/runs/20260207_060134_krull_private_eye/atari_krull_vta_k1_seed0/train_eps/20260207T073134-8739267d147d4d0ba7a4c1550ab35526-3425.npz,2872,2904,0.0,9.572441450611535e-11,0.8195103406906128,3.0700740814208984,0.0,4.097593307495117,nan,nan,nan,nan
atari_krull,/home/haselab/projects/stable-deep-world-model/logs/content_kl_kernelsize/runs/20260207_060134_krull_private_eye/atari_krull_vta_k1_seed0,/home/haselab/projects/stable-deep-world-model/logs/content_kl_kernelsize/runs/20260207_060134_krull_private_eye/atari_krull_vta_k1_seed0/latest.pt,/home/haselab/projects/stable-deep-world-model/logs/content_kl_kernelsize/runs/20260207_060134_krull_private_eye/atari_krull_vta_k1_seed0/train_eps/20260207T073134-8739267d147d4d0ba7a4c1550ab35526-3425.npz,2880,2912,0.0,8.097728737554988e-11,0.5034648776054382,1.9085007905960083,0.0,3.401315450668335,nan,nan,nan,nan
atari_krull,/home/haselab/projects/stable-deep-world-model/logs/content_kl_kernelsize/runs/20260207_060134_krull_private_eye/atari_krull_vta_k1_seed0,/home/haselab/projects/stable-deep-world-model/logs/content_kl_kernelsize/runs/20260207_060134_krull_private_eye/atari_krull_vta_k1_seed0/latest.pt,/home/haselab/projects/stable-deep-world-model/logs/content_kl_kernelsize/runs/20260207_060134_krull_private_eye/atari_krull_vta_k1_seed0/train_eps/20260207T073134-8739267d147d4d0ba7a4c1550ab35526-3425.npz,2888,2920,0.0,7.490259801290478e-11,0.32785868644714355,1.176874041557312,0.0,3.008302688598633,nan,nan,nan,nan
atari_krull,/home/haselab/projects/stable-deep-world-model/logs/content_kl_kernelsize/runs/20260207_060134_krull_private_eye/atari_krull_vta_k1_seed0,/home/haselab/projects/stable-deep-world-model/logs/content_kl_kernelsize/runs/20260207_060134_krull_private_eye/atari_krull_vta_k1_seed0/latest.pt,/home/haselab/projects/stable-deep-world-model/logs/content_kl_kernelsize/runs/20260207_060134_krull_private_eye/atari_krull_vta_k1_seed0/train_eps/20260207T073134-8739267d147d4d0ba7a4c1550ab35526-3425.npz,2896,2928,0.0,2.1772431947619797e-12,0.3749361038208008,1.1746690273284912,0.0,2.9178829193115234,nan,nan,nan,nan
atari_krull,/home/haselab/projects/stable-deep-world-model/logs/content_kl_kernelsize/runs/20260207_060134_krull_private_eye/atari_krull_vta_k1_seed0,/home/haselab/projects/stable-deep-world-model/logs/content_kl_kernelsize/runs/20260207_060134_krull_private_eye/atari_krull_vta_k1_seed0/latest.pt,/home/haselab/projects/stable-deep-world-model/logs/content_kl_kernelsize/runs/20260207_060134_krull_private_eye/atari_krull_vta_k1_seed0/train_eps/20260207T073134-8739267d147d4d0ba7a4c1550ab35526-3425.npz,2904,2936,0.0,2.1014934584173695e-12,0.6557382941246033,2.1021456718444824,0.0,3.5484495162963867,nan,nan,nan,nan
atari_krull,/home/haselab/projects/stable-deep-world-model/logs/content_kl_kernelsize/runs/20260207_060134_krull_private_eye/atari_krull_vta_k1_seed0,/home/haselab/projects/stable-deep-world-model/logs/content_kl_kernelsize/runs/20260207_060134_krull_private_eye/atari_krull_vta_k1_seed0/latest.pt,/home/haselab/projects/stable-deep-world-model/logs/content_kl_kernelsize/runs/20260207_060134_krull_private_eye/atari_krull_vta_k1_seed0/train_eps/20260207T073134-8739267d147d4d0ba7a4c1550ab35526-3425.npz,2912,2944,0.0,1.8660604745451836e-12,0.9729223251342773,3.322535753250122,0.0,4.284233093261719,nan,nan,nan,nan
atari_krull,/home/haselab/projects/stable-deep-world-model/logs/content_kl_kernelsize/runs/20260207_060134_krull_private_eye/atari_krull_vta_k1_seed0,/home/haselab/projects/stable-deep-world-model/logs/content_kl_kernelsize/runs/20260207_060134_krull_private_eye/atari_krull_vta_k1_seed0/latest.pt,/home/haselab/projects/stable-deep-world-model/logs/content_kl_kernelsize/runs/20260207_060134_krull_private_eye/atari_krull_vta_k1_seed0/train_eps/20260207T073134-8739267d147d4d0ba7a4c1550ab35526-3425.npz,2920,2952,0.0,1.2009282457370318e-12,1.2558972835540771,4.394891262054443,0.0,4.840960502624512,nan,nan,nan,nan
atari_krull,/home/haselab/projects/stable-deep-world-model/logs/content_kl_kernelsize/runs/20260207_060134_krull_private_eye/atari_krull_vta_k1_seed0,/home/haselab/projects/stable-deep-world-model/logs/content_kl_kernelsize/runs/20260207_060134_krull_private_eye/atari_krull_vta_k1_seed0/latest.pt,/home/haselab/projects/stable-deep-world-model/logs/content_kl_kernelsize/runs/20260207_060134_krull_private_eye/atari_krull_vta_k1_seed0/train_eps/20260207T073134-8739267d147d4d0ba7a4c1550ab35526-3425.npz,2928,2960,0.0,4.749916822713307e-13,1.4614317417144775,5.126688003540039,0.0,5.512661933898926,nan,nan,nan,nan
atari_krull,/home/haselab/projects/stable-deep-world-model/logs/content_kl_kernelsize/runs/20260207_060134_krull_private_eye/atari_krull_vta_k1_seed0,/home/haselab/projects/stable-deep-world-model/logs/content_kl_kernelsize/runs/20260207_060134_krull_private_eye/atari_krull_vta_k1_seed0/latest.pt,/home/haselab/projects/stable-deep-world-model/logs/content_kl_kernelsize/runs/20260207_060134_krull_private_eye/atari_krull_vta_k1_seed0/train_eps/20260207T073134-8739267d147d4d0ba7a4c1550ab35526-3425.npz,2936,2968,0.0,1.9377614747170813e-13,1.5271894931793213,5.392714023590088,0.0,5.7325029373168945,nan,nan,nan,nan
atari_krull,/home/haselab/projects/stable-deep-world-model/logs/content_kl_kernelsize/runs/20260207_060134_krull_private_eye/atari_krull_vta_k1_seed0,/home/haselab/projects/stable-deep-world-model/logs/content_kl_kernelsize/runs/20260207_060134_krull_private_eye/atari_krull_vta_k1_seed0/latest.pt,/home/haselab/projects/stable-deep-world-model/logs/content_kl_kernelsize/runs/20260207_060134_krull_private_eye/atari_krull_vta_k1_seed0/train_eps/20260207T073134-8739267d147d4d0ba7a4c1550ab35526-3425.npz,2944,2976,0.0,5.0126821096729834e-12,1.5909101963043213,5.445645332336426,0.0,5.741649627685547,nan,nan,nan,nan
atari_krull,/home/haselab/projects/stable-deep-world-model/logs/content_kl_kernelsize/runs/20260207_060134_krull_private_eye/atari_krull_vta_k1_seed0,/home/haselab/projects/stable-deep-world-model/logs/content_kl_kernelsize/runs/20260207_060134_krull_private_eye/atari_krull_vta_k1_seed0/latest.pt,/home/haselab/projects/stable-deep-world-model/logs/content_kl_kernelsize/runs/20260207_060134_krull_private_eye/atari_krull_vta_k1_seed0/train_eps/20260207T073134-8739267d147d4d0ba7a4c1550ab35526-3425.npz,2952,2984,0.0,8.299682989487689e-12,1.5098509788513184,5.378891468048096,0.0,5.8321990966796875,nan,nan,nan,nan
atari_krull,/home/haselab/projects/stable-deep-world-model/logs/content_kl_kernelsize/runs/20260207_060134_krull_private_eye/atari_krull_vta_k1_seed0,/home/haselab/projects/stable-deep-world-model/logs/content_kl_kernelsize/runs/20260207_060134_krull_private_eye/atari_krull_vta_k1_seed0/latest.pt,/home/haselab/projects/stable-deep-world-model/logs/content_kl_kernelsize/runs/20260207_060134_krull_private_eye/atari_krull_vta_k1_seed0/train_eps/20260207T073134-8739267d147d4d0ba7a4c1550ab35526-3425.npz,2960,2992,0.0,5.704169081521826e-11,1.433794617652893,5.3007493019104,0.0,5.706906318664551,nan,nan,nan,nan
atari_krull,/home/haselab/projects/stable-deep-world-model/logs/content_kl_kernelsize/runs/20260207_060134_krull_private_eye/atari_krull_vta_k1_seed0,/home/haselab/projects/stable-deep-world-model/logs/content_kl_kernelsize/runs/20260207_060134_krull_private_eye/atari_krull_vta_k1_seed0/latest.pt,/home/haselab/projects/stable-deep-world-model/logs/content_kl_kernelsize/runs/20260207_060134_krull_private_eye/atari_krull_vta_k1_seed0/train_eps/20260207T073134-8739267d147d4d0ba7a4c1550ab35526-3425.npz,2968,3000,0.0,3.6757802357456626e-10,1.3932459354400635,5.173028945922852,0.0,5.654358386993408,nan,nan,nan,nan
atari_krull,/home/haselab/projects/stable-deep-world-model/logs/content_kl_kernelsize/runs/20260207_060134_krull_private_eye/atari_krull_vta_k1_seed0,/home/haselab/projects/stable-deep-world-model/logs/content_kl_kernelsize/runs/20260207_060134_krull_private_eye/atari_krull_vta_k1_seed0/latest.pt,/home/haselab/projects/stable-deep-world-model/logs/content_kl_kernelsize/runs/20260207_060134_krull_private_eye/atari_krull_vta_k1_seed0/train_eps/20260207T073134-8739267d147d4d0ba7a4c1550ab35526-3425.npz,2976,3008,0.0,3.627197708855334e-10,1.384247899055481,5.175374507904053,0.0,5.72029972076416,nan,nan,nan,nan
atari_krull,/home/haselab/projects/stable-deep-world-model/logs/content_kl_kernelsize/runs/20260207_060134_krull_private_eye/atari_krull_vta_k1_seed0,/home/haselab/projects/stable-deep-world-model/logs/content_kl_kernelsize/runs/20260207_060134_krull_private_eye/atari_krull_vta_k1_seed0/latest.pt,/home/haselab/projects/stable-deep-world-model/logs/content_kl_kernelsize/runs/20260207_060134_krull_private_eye/atari_krull_vta_k1_seed0/train_eps/20260207T073134-8739267d147d4d0ba7a4c1550ab35526-3425.npz,2984,3016,0.0,3.59457408283248e-10,1.33042311668396,4.834921836853027,0.0,5.429788589477539,nan,nan,nan,nan
atari_krull,/home/haselab/projects/stable-deep-world-model/logs/content_kl_kernelsize/runs/20260207_060134_krull_private_eye/atari_krull_vta_k1_seed0,/home/haselab/projects/stable-deep-world-model/logs/content_kl_kernelsize/runs/20260207_060134_krull_private_eye/atari_krull_vta_k1_seed0/latest.pt,/home/haselab/projects/stable-deep-world-model/logs/content_kl_kernelsize/runs/20260207_060134_krull_private_eye/atari_krull_vta_k1_seed0/train_eps/20260207T073134-8739267d147d4d0ba7a4c1550ab35526-3425.npz,2992,3024,0.0,3.10785674972891e-10,1.1287323236465454,4.167148590087891,0.0,5.068722724914551,nan,nan,nan,nan
atari_krull,/home/haselab/projects/stable-deep-world-model/logs/content_kl_kernelsize/runs/20260207_060134_krull_private_eye/atari_krull_vta_k1_seed0,/home/haselab/projects/stable-deep-world-model/logs/content_kl_kernelsize/runs/20260207_060134_krull_private_eye/atari_krull_vta_k1_seed0/latest.pt,/home/haselab/projects/stable-deep-world-model/logs/content_kl_kernelsize/runs/20260207_060134_krull_private_eye/atari_krull_vta_k1_seed0/train_eps/20260207T073134-8739267d147d4d0ba7a4c1550ab35526-3425.npz,3000,3032,0.0,6.845659455967379e-12,1.188511848449707,3.871025800704956,0.0,4.8730926513671875,nan,nan,nan,nan
atari_krull,/home/haselab/projects/stable-deep-world-model/logs/content_kl_kernelsize/runs/20260207_060134_krull_private_eye/atari_krull_vta_k1_seed0,/home/haselab/projects/stable-deep-world-model/logs/content_kl_kernelsize/runs/20260207_060134_krull_private_eye/atari_krull_vta_k1_seed0/latest.pt,/home/haselab/projects/stable-deep-world-model/logs/content_kl_kernelsize/runs/20260207_060134_krull_private_eye/atari_krull_vta_k1_seed0/train_eps/20260207T073134-8739267d147d4d0ba7a4c1550ab35526-3425.npz,3008,3040,0.0,1.1032796898291508e-10,1.2963718175888062,3.1348767280578613,0.0,4.101877212524414,nan,nan,nan,nan
atari_krull,/home/haselab/projects/stable-deep-world-model/logs/content_kl_kernelsize/runs/20260207_060134_krull_private_eye/atari_krull_vta_k1_seed0,/home/haselab/projects/stable-deep-world-model/logs/content_kl_kernelsize/runs/20260207_060134_krull_private_eye/atari_krull_vta_k1_seed0/latest.pt,/home/haselab/projects/stable-deep-world-model/logs/content_kl_kernelsize/runs/20260207_060134_krull_private_eye/atari_krull_vta_k1_seed0/train_eps/20260207T073134-8739267d147d4d0ba7a4c1550ab35526-3425.npz,3016,3048,0.0,1.104020486142332e-10,1.4791970252990723,2.6905016899108887,0.0,3.5357565879821777,nan,nan,nan,nan
atari_krull,/home/haselab/projects/stable-deep-world-model/logs/content_kl_kernelsize/runs/20260207_060134_krull_private_eye/atari_krull_vta_k1_seed0,/home/haselab/projects/stable-deep-world-model/logs/content_kl_kernelsize/runs/20260207_060134_krull_private_eye/atari_krull_vta_k1_seed0/latest.pt,/home/haselab/projects/stable-deep-world-model/logs/content_kl_kernelsize/runs/20260207_060134_krull_private_eye/atari_krull_vta_k1_seed0/train_eps/20260207T073134-8739267d147d4d0ba7a4c1550ab35526-3425.npz,3024,3056,0.0,4.061770364494066e-10,1.8028279542922974,2.5965614318847656,0.0,3.155505657196045,nan,nan,nan,nan
atari_krull,/home/haselab/projects/stable-deep-world-model/logs/content_kl_kernelsize/runs/20260207_060134_krull_private_eye/atari_krull_vta_k1_seed0,/home/haselab/projects/stable-deep-world-model/logs/content_kl_kernelsize/runs/20260207_060134_krull_private_eye/atari_krull_vta_k1_seed0/latest.pt,/home/haselab/projects/stable-deep-world-model/logs/content_kl_kernelsize/runs/20260207_060134_krull_private_eye/atari_krull_vta_k1_seed0/train_eps/20260207T073134-8739267d147d4d0ba7a4c1550ab35526-3425.npz,3032,3064,0.0,6.292383503136989e-09,1.8866479396820068,2.2186999320983887,0.0,2.6338555812835693,nan,nan,nan,nan
atari_krull,/home/haselab/projects/stable-deep-world-model/logs/content_kl_kernelsize/runs/20260207_060134_krull_private_eye/atari_krull_vta_k1_seed0,/home/haselab/projects/stable-deep-world-model/logs/content_kl_kernelsize/runs/20260207_060134_krull_private_eye/atari_krull_vta_k1_seed0/latest.pt,/home/haselab/projects/stable-deep-world-model/logs/content_kl_kernelsize/runs/20260207_060134_krull_private_eye/atari_krull_vta_k1_seed0/train_eps/20260207T073134-8739267d147d4d0ba7a4c1550ab35526-3425.npz,3040,3072,0.0,6.220426840286564e-09,1.8708686828613281,2.197711706161499,0.0,2.6078920364379883,nan,nan,nan,nan
atari_krull,/home/haselab/projects/stable-deep-world-model/logs/content_kl_kernelsize/runs/20260207_060134_krull_private_eye/atari_krull_vta_k1_seed0,/home/haselab/projects/stable-deep-world-model/logs/content_kl_kernelsize/runs/20260207_060134_krull_private_eye/atari_krull_vta_k1_seed0/latest.pt,/home/haselab/projects/stable-deep-world-model/logs/content_kl_kernelsize/runs/20260207_060134_krull_private_eye/atari_krull_vta_k1_seed0/train_eps/20260207T073134-8739267d147d4d0ba7a4c1550ab35526-3425.npz,3048,3080,0.0,6.220707504667189e-09,1.8226408958435059,2.113229513168335,0.0,2.555792808532715,nan,nan,nan,nan
atari_krull,/home/haselab/projects/stable-deep-world-model/logs/content_kl_kernelsize/runs/20260207_060134_krull_private_eye/atari_krull_vta_k1_seed0,/home/haselab/projects/stable-deep-world-model/logs/content_kl_kernelsize/runs/20260207_060134_krull_private_eye/atari_krull_vta_k1_seed0/latest.pt,/home/haselab/projects/stable-deep-world-model/logs/content_kl_kernelsize/runs/20260207_060134_krull_private_eye/atari_krull_vta_k1_seed0/train_eps/20260207T073134-8739267d147d4d0ba7a4c1550ab35526-3425.npz,3056,3088,0.0,5.974677197428946e-09,1.8372070789337158,2.1060709953308105,0.0,2.5395030975341797,nan,nan,nan,nan
atari_krull,/home/haselab/projects/stable-deep-world-model/logs/content_kl_kernelsize/runs/20260207_060134_krull_private_eye/atari_krull_vta_k1_seed0,/home/haselab/projects/stable-deep-world-model/logs/content_kl_kernelsize/runs/20260207_060134_krull_private_eye/atari_krull_vta_k1_seed0/latest.pt,/home/haselab/projects/stable-deep-world-model/logs/content_kl_kernelsize/runs/20260207_060134_krull_private_eye/atari_krull_vta_k1_seed0/train_eps/20260207T073134-8739267d147d4d0ba7a4c1550ab35526-3425.npz,3064,3096,0.0,8.685899222093951e-11,1.7866909503936768,2.027595043182373,0.0,2.4373373985290527,nan,nan,nan,nan
atari_krull,/home/haselab/projects/stable-deep-world-model/logs/content_kl_kernelsize/runs/20260207_060134_krull_private_eye/atari_krull_vta_k1_seed0,/home/haselab/projects/stable-deep-world-model/logs/content_kl_kernelsize/runs/20260207_060134_krull_private_eye/atari_krull_vta_k1_seed0/latest.pt,/home/haselab/projects/stable-deep-world-model/logs/content_kl_kernelsize/runs/20260207_060134_krull_private_eye/atari_krull_vta_k1_seed0/train_eps/20260207T073134-8739267d147d4d0ba7a4c1550ab35526-3425.npz,3072,3104,0.0,1.0402895211925056e-10,1.767191767692566,1.9446861743927002,0.0,2.340015172958374,nan,nan,nan,nan
atari_krull,/home/haselab/projects/stable-deep-world-model/logs/content_kl_kernelsize/runs/20260207_060134_krull_private_eye/atari_krull_vta_k1_seed0,/home/haselab/projects/stable-deep-world-model/logs/content_kl_kernelsize/runs/20260207_060134_krull_private_eye/atari_krull_vta_k1_seed0/latest.pt,/home/haselab/projects/stable-deep-world-model/logs/content_kl_kernelsize/runs/20260207_060134_krull_private_eye/atari_krull_vta_k1_seed0/train_eps/20260207T073134-8739267d147d4d0ba7a4c1550ab35526-3425.npz,3080,3112,0.0,1.3561139711182335e-10,1.8555192947387695,2.04036283493042,0.0,2.3857522010803223,nan,nan,nan,nan
atari_krull,/home/haselab/projects/stable-deep-world-model/logs/content_kl_kernelsize/runs/20260207_060134_krull_private_eye/atari_krull_vta_k1_seed0,/home/haselab/projects/stable-deep-world-model/logs/content_kl_kernelsize/runs/20260207_060134_krull_private_eye/atari_krull_vta_k1_seed0/latest.pt,/home/haselab/projects/stable-deep-world-model/logs/content_kl_kernelsize/runs/20260207_060134_krull_private_eye/atari_krull_vta_k1_seed0/train_eps/20260207T073134-8739267d147d4d0ba7a4c1550ab35526-3425.npz,3088,3120,0.0,1.1156627011121856e-10,1.8691014051437378,2.0149898529052734,0.0,2.3899855613708496,nan,nan,nan,nan
atari_krull,/home/haselab/projects/stable-deep-world-model/logs/content_kl_kernelsize/runs/20260207_060134_krull_private_eye/atari_krull_vta_k1_seed0,/home/haselab/projects/stable-deep-world-model/logs/content_kl_kernelsize/runs/20260207_060134_krull_private_eye/atari_krull_vta_k1_seed0/latest.pt,/home/haselab/projects/stable-deep-world-model/logs/content_kl_kernelsize/runs/20260207_060134_krull_private_eye/atari_krull_vta_k1_seed0/train_eps/20260207T073134-8739267d147d4d0ba7a4c1550ab35526-3425.npz,3096,3128,0.0,1.9694114394841478e-10,1.8414775133132935,2.0152838230133057,0.0,2.4115171432495117,nan,nan,nan,nan
atari_krull,/home/haselab/projects/stable-deep-world-model/logs/content_kl_kernelsize/runs/20260207_060134_krull_private_eye/atari_krull_vta_k1_seed0,/home/haselab/projects/stable-deep-world-model/logs/content_kl_kernelsize/runs/20260207_060134_krull_private_eye/atari_krull_vta_k1_seed0/latest.pt,/home/haselab/projects/stable-deep-world-model/logs/content_kl_kernelsize/runs/20260207_060134_krull_private_eye/atari_krull_vta_k1_seed0/train_eps/20260207T073134-8739267d147d4d0ba7a4c1550ab35526-3425.npz,3104,3136,0.0,3.7054126433844203e-10,1.8229384422302246,2.0058345794677734,0.0,2.420332908630371,nan,nan,nan,nan
atari_krull,/home/haselab/projects/stable-deep-world-model/logs/content_kl_kernelsize/runs/20260207_060134_krull_private_eye/atari_krull_vta_k1_seed0,/home/haselab/projects/stable-deep-world-model/logs/content_kl_kernelsize/runs/20260207_060134_krull_private_eye/atari_krull_vta_k1_seed0/latest.pt,/home/haselab/projects/stable-deep-world-model/logs/content_kl_kernelsize/runs/20260207_060134_krull_private_eye/atari_krull_vta_k1_seed0/train_eps/20260207T073134-8739267d147d4d0ba7a4c1550ab35526-3425.npz,3112,3144,0.0,3.4632355316865926e-10,1.7775955200195312,1.9667701721191406,0.0,2.378269672393799,nan,nan,nan,nan
atari_krull,/home/haselab/projects/stable-deep-world-model/logs/content_kl_kernelsize/runs/20260207_060134_krull_private_eye/atari_krull_vta_k1_seed0,/home/haselab/projects/stable-deep-world-model/logs/content_kl_kernelsize/runs/20260207_060134_krull_private_eye/atari_krull_vta_k1_seed0/latest.pt,/home/haselab/projects/stable-deep-world-model/logs/content_kl_kernelsize/runs/20260207_060134_krull_private_eye/atari_krull_vta_k1_seed0/train_eps/20260207T073134-8739267d147d4d0ba7a4c1550ab35526-3425.npz,3120,3152,0.0,6.209923131272888e-10,1.7624086141586304,1.9506714344024658,0.0,2.2944726943969727,nan,nan,nan,nan
atari_krull,/home/haselab/projects/stable-deep-world-model/logs/content_kl_kernelsize/runs/20260207_060134_krull_private_eye/atari_krull_vta_k1_seed0,/home/haselab/projects/stable-deep-world-model/logs/content_kl_kernelsize/runs/20260207_060134_krull_private_eye/atari_krull_vta_k1_seed0/latest.pt,/home/haselab/projects/stable-deep-world-model/logs/content_kl_kernelsize/runs/20260207_060134_krull_private_eye/atari_krull_vta_k1_seed0/train_eps/20260207T073134-8739267d147d4d0ba7a4c1550ab35526-3425.npz,3128,3160,0.0,5.582334594578242e-10,1.802032470703125,1.994166612625122,0.0,2.3277173042297363,nan,nan,nan,nan
atari_krull,/home/haselab/projects/stable-deep-world-model/logs/content_kl_kernelsize/runs/20260207_060134_krull_private_eye/atari_krull_vta_k1_seed0,/home/haselab/projects/stable-deep-world-model/logs/content_kl_kernelsize/runs/20260207_060134_krull_private_eye/atari_krull_vta_k1_seed0/latest.pt,/home/haselab/projects/stable-deep-world-model/logs/content_kl_kernelsize/runs/20260207_060134_krull_private_eye/atari_krull_vta_k1_seed0/train_eps/20260207T073134-8739267d147d4d0ba7a4c1550ab35526-3425.npz,3136,3168,0.0,3.623440991695759e-10,1.8116233348846436,1.991772174835205,0.0,2.308623790740967,nan,nan,nan,nan
atari_krull,/home/haselab/projects/stable-deep-world-model/logs/content_kl_kernelsize/runs/20260207_060134_krull_private_eye/atari_krull_vta_k1_seed0,/home/haselab/projects/stable-deep-world-model/logs/content_kl_kernelsize/runs/20260207_060134_krull_private_eye/atari_krull_vta_k1_seed0/latest.pt,/home/haselab/projects/stable-deep-world-model/logs/content_kl_kernelsize/runs/20260207_060134_krull_private_eye/atari_krull_vta_k1_seed0/train_eps/20260207T073134-8739267d147d4d0ba7a4c1550ab35526-3425.npz,3144,3176,0.0,3.606321907767551e-10,1.764298915863037,1.958730936050415,0.0,2.313180446624756,nan,nan,nan,nan
atari_krull,/home/haselab/projects/stable-deep-world-model/logs/content_kl_kernelsize/runs/20260207_060134_krull_private_eye/atari_krull_vta_k1_seed0,/home/haselab/projects/stable-deep-world-model/logs/content_kl_kernelsize/runs/20260207_060134_krull_private_eye/atari_krull_vta_k1_seed0/latest.pt,/home/haselab/projects/stable-deep-world-model/logs/content_kl_kernelsize/runs/20260207_060134_krull_private_eye/atari_krull_vta_k1_seed0/train_eps/20260207T073134-8739267d147d4d0ba7a4c1550ab35526-3425.npz,3152,3184,0.0,1.3186169933732117e-09,1.712475061416626,1.9516491889953613,0.0,2.3653788566589355,nan,nan,nan,nan
atari_krull,/home/haselab/projects/stable-deep-world-model/logs/content_kl_kernelsize/runs/20260207_060134_krull_private_eye/atari_krull_vta_k1_seed0,/home/haselab/projects/stable-deep-world-model/logs/content_kl_kernelsize/runs/20260207_060134_krull_private_eye/atari_krull_vta_k1_seed0/latest.pt,/home/haselab/projects/stable-deep-world-model/logs/content_kl_kernelsize/runs/20260207_060134_krull_private_eye/atari_krull_vta_k1_seed0/train_eps/20260207T073134-8739267d147d4d0ba7a4c1550ab35526-3425.npz,3160,3192,0.0,1.4009567950168389e-09,1.6925861835479736,1.9804120063781738,0.0,2.3859636783599854,nan,nan,nan,nan
atari_krull,/home/haselab/projects/stable-deep-world-model/logs/content_kl_kernelsize/runs/20260207_060134_krull_private_eye/atari_krull_vta_k1_seed0,/home/haselab/projects/stable-deep-world-model/logs/content_kl_kernelsize/runs/20260207_060134_krull_private_eye/atari_krull_vta_k1_seed0/latest.pt,/home/haselab/projects/stable-deep-world-model/logs/content_kl_kernelsize/runs/20260207_060134_krull_private_eye/atari_krull_vta_k1_seed0/train_eps/20260207T073134-8739267d147d4d0ba7a4c1550ab35526-3425.npz,3168,3200,0.0,1.4389948121973362e-09,1.6730601787567139,1.947067379951477,0.0,2.355858564376831,nan,nan,nan,nan
atari_krull,/home/haselab/projects/stable-deep-world-model/logs/content_kl_kernelsize/runs/20260207_060134_krull_private_eye/atari_krull_vta_k1_seed0,/home/haselab/projects/stable-deep-world-model/logs/content_kl_kernelsize/runs/20260207_060134_krull_private_eye/atari_krull_vta_k1_seed0/latest.pt,/home/haselab/projects/stable-deep-world-model/logs/content_kl_kernelsize/runs/20260207_060134_krull_private_eye/atari_krull_vta_k1_seed0/train_eps/20260207T073134-8739267d147d4d0ba7a4c1550ab35526-3425.npz,3176,3208,0.0,4.60430840121262e-08,1.7073932886123657,1.9337284564971924,0.0,2.363619804382324,nan,nan,nan,nan
atari_krull,/home/haselab/projects/stable-deep-world-model/logs/content_kl_kernelsize/runs/20260207_060134_krull_private_eye/atari_krull_vta_k1_seed0,/home/haselab/projects/stable-deep-world-model/logs/content_kl_kernelsize/runs/20260207_060134_krull_private_eye/atari_krull_vta_k1_seed0/latest.pt,/home/haselab/projects/stable-deep-world-model/logs/content_kl_kernelsize/runs/20260207_060134_krull_private_eye/atari_krull_vta_k1_seed0/train_eps/20260207T073134-8739267d147d4d0ba7a4c1550ab35526-3425.npz,3184,3216,0.0,1.1489544959886189e-07,1.7039275169372559,1.9391522407531738,0.0,2.370361804962158,nan,nan,nan,nan
atari_krull,/home/haselab/projects/stable-deep-world-model/logs/content_kl_kernelsize/runs/20260207_060134_krull_private_eye/atari_krull_vta_k1_seed0,/home/haselab/projects/stable-deep-world-model/logs/content_kl_kernelsize/runs/20260207_060134_krull_private_eye/atari_krull_vta_k1_seed0/latest.pt,/home/haselab/projects/stable-deep-world-model/logs/content_kl_kernelsize/runs/20260207_060134_krull_private_eye/atari_krull_vta_k1_seed0/train_eps/20260207T073134-8739267d147d4d0ba7a4c1550ab35526-3425.npz,3192,3224,0.0,1.1480070583047564e-07,1.6737695932388306,1.889770269393921,0.0,2.325282096862793,nan,nan,nan,nan
atari_krull,/home/haselab/projects/stable-deep-world-model/logs/content_kl_kernelsize/runs/20260207_060134_krull_private_eye/atari_krull_vta_k1_seed0,/home/haselab/projects/stable-deep-world-model/logs/content_kl_kernelsize/runs/20260207_060134_krull_private_eye/atari_krull_vta_k1_seed0/latest.pt,/home/haselab/projects/stable-deep-world-model/logs/content_kl_kernelsize/runs/20260207_060134_krull_private_eye/atari_krull_vta_k1_seed0/train_eps/20260207T073134-8739267d147d4d0ba7a4c1550ab35526-3425.npz,3200,3232,0.0,1.1909529717968326e-07,1.702148675918579,1.924957513809204,0.0,2.3734476566314697,nan,nan,nan,nan
atari_krull,/home/haselab/projects/stable-deep-world-model/logs/content_kl_kernelsize/runs/20260207_060134_krull_private_eye/atari_krull_vta_k1_seed0,/home/haselab/projects/stable-deep-world-model/logs/content_kl_kernelsize/runs/20260207_060134_krull_private_eye/atari_krull_vta_k1_seed0/latest.pt,/home/haselab/projects/stable-deep-world-model/logs/content_kl_kernelsize/runs/20260207_060134_krull_private_eye/atari_krull_vta_k1_seed0/train_eps/20260207T073134-8739267d147d4d0ba7a4c1550ab35526-3425.npz,3208,3240,0.0,7.482278618908822e-08,1.7008380889892578,2.007810592651367,0.0,2.4050235748291016,nan,nan,nan,nan
atari_krull,/home/haselab/projects/stable-deep-world-model/logs/content_kl_kernelsize/runs/20260207_060134_krull_private_eye/atari_krull_vta_k1_seed0,/home/haselab/projects/stable-deep-world-model/logs/content_kl_kernelsize/runs/20260207_060134_krull_private_eye/atari_krull_vta_k1_seed0/latest.pt,/home/haselab/projects/stable-deep-world-model/logs/content_kl_kernelsize/runs/20260207_060134_krull_private_eye/atari_krull_vta_k1_seed0/train_eps/20260207T073134-8739267d147d4d0ba7a4c1550ab35526-3425.npz,3216,3248,0.0,5.218621534908152e-09,1.7196650505065918,2.024416923522949,0.0,2.4258251190185547,nan,nan,nan,nan
atari_krull,/home/haselab/projects/stable-deep-world-model/logs/content_kl_kernelsize/runs/20260207_060134_krull_private_eye/atari_krull_vta_k1_seed0,/home/haselab/projects/stable-deep-world-model/logs/content_kl_kernelsize/runs/20260207_060134_krull_private_eye/atari_krull_vta_k1_seed0/latest.pt,/home/haselab/projects/stable-deep-world-model/logs/content_kl_kernelsize/runs/20260207_060134_krull_private_eye/atari_krull_vta_k1_seed0/train_eps/20260207T073134-8739267d147d4d0ba7a4c1550ab35526-3425.npz,3224,3256,0.0,1.1618441320138118e-08,1.7427809238433838,2.100769281387329,0.0,2.5281381607055664,nan,nan,nan,nan
atari_krull,/home/haselab/projects/stable-deep-world-model/logs/content_kl_kernelsize/runs/20260207_060134_krull_private_eye/atari_krull_vta_k1_seed0,/home/haselab/projects/stable-deep-world-model/logs/content_kl_kernelsize/runs/20260207_060134_krull_private_eye/atari_krull_vta_k1_seed0/latest.pt,/home/haselab/projects/stable-deep-world-model/logs/content_kl_kernelsize/runs/20260207_060134_krull_private_eye/atari_krull_vta_k1_seed0/train_eps/20260207T073134-8739267d147d4d0ba7a4c1550ab35526-3425.npz,3232,3264,0.0,8.00384736265869e-09,1.787155032157898,2.1478168964385986,0.0,2.5727739334106445,nan,nan,nan,nan
atari_krull,/home/haselab/projects/stable-deep-world-model/logs/content_kl_kernelsize/runs/20260207_060134_krull_private_eye/atari_krull_vta_k1_seed0,/home/haselab/projects/stable-deep-world-model/logs/content_kl_kernelsize/runs/20260207_060134_krull_private_eye/atari_krull_vta_k1_seed0/latest.pt,/home/haselab/projects/stable-deep-world-model/logs/content_kl_kernelsize/runs/20260207_060134_krull_private_eye/atari_krull_vta_k1_seed0/train_eps/20260207T073134-8739267d147d4d0ba7a4c1550ab35526-3425.npz,3240,3272,0.0,1.538209559726056e-08,1.8188400268554688,2.105198383331299,0.0,2.5550730228424072,nan,nan,nan,nan
atari_krull,/home/haselab/projects/stable-deep-world-model/logs/content_kl_kernelsize/runs/20260207_060134_krull_private_eye/atari_krull_vta_k1_seed0,/home/haselab/projects/stable-deep-world-model/logs/content_kl_kernelsize/runs/20260207_060134_krull_private_eye/atari_krull_vta_k1_seed0/latest.pt,/home/haselab/projects/stable-deep-world-model/logs/content_kl_kernelsize/runs/20260207_060134_krull_private_eye/atari_krull_vta_k1_seed0/train_eps/20260207T073134-8739267d147d4d0ba7a4c1550ab35526-3425.npz,3248,3280,0.0,7.966033876982692e-08,1.8504111766815186,2.0905795097351074,0.0,2.53865647315979,nan,nan,nan,nan
atari_krull,/home/haselab/projects/stable-deep-world-model/logs/content_kl_kernelsize/runs/20260207_060134_krull_private_eye/atari_krull_vta_k1_seed0,/home/haselab/projects/stable-deep-world-model/logs/content_kl_kernelsize/runs/20260207_060134_krull_private_eye/atari_krull_vta_k1_seed0/latest.pt,/home/haselab/projects/stable-deep-world-model/logs/content_kl_kernelsize/runs/20260207_060134_krull_private_eye/atari_krull_vta_k1_seed0/train_eps/20260207T073134-8739267d147d4d0ba7a4c1550ab35526-3425.npz,3256,3288,0.0,7.350340069933736e-08,1.8787287473678589,2.047745943069458,0.0,2.440816879272461,nan,nan,nan,nan
atari_krull,/home/haselab/projects/stable-deep-world-model/logs/content_kl_kernelsize/runs/20260207_060134_krull_private_eye/atari_krull_vta_k1_seed0,/home/haselab/projects/stable-deep-world-model/logs/content_kl_kernelsize/runs/20260207_060134_krull_private_eye/atari_krull_vta_k1_seed0/latest.pt,/home/haselab/projects/stable-deep-world-model/logs/content_kl_kernelsize/runs/20260207_060134_krull_private_eye/atari_krull_vta_k1_seed0/train_eps/20260207T073134-8739267d147d4d0ba7a4c1550ab35526-3425.npz,3264,3296,0.0,7.412526059624724e-08,1.796473741531372,1.983572006225586,0.0,2.371083974838257,nan,nan,nan,nan
atari_krull,/home/haselab/projects/stable-deep-world-model/logs/content_kl_kernelsize/runs/20260207_060134_krull_private_eye/atari_krull_vta_k1_seed0,/home/haselab/projects/stable-deep-world-model/logs/content_kl_kernelsize/runs/20260207_060134_krull_private_eye/atari_krull_vta_k1_seed0/latest.pt,/home/haselab/projects/stable-deep-world-model/logs/content_kl_kernelsize/runs/20260207_060134_krull_private_eye/atari_krull_vta_k1_seed0/train_eps/20260207T073134-8739267d147d4d0ba7a4c1550ab35526-3425.npz,3272,3304,0.0,6.663439933163318e-08,1.8034007549285889,2.004242181777954,0.0,2.3535706996917725,nan,nan,nan,nan
atari_krull,/home/haselab/projects/stable-deep-world-model/logs/content_kl_kernelsize/runs/20260207_060134_krull_private_eye/atari_krull_vta_k1_seed0,/home/haselab/projects/stable-deep-world-model/logs/content_kl_kernelsize/runs/20260207_060134_krull_private_eye/atari_krull_vta_k1_seed0/latest.pt,/home/haselab/projects/stable-deep-world-model/logs/content_kl_kernelsize/runs/20260207_060134_krull_private_eye/atari_krull_vta_k1_seed0/train_eps/20260207T073134-8739267d147d4d0ba7a4c1550ab35526-3425.npz,3280,3312,0.0,1.9064603229423938e-09,1.7854812145233154,2.002042770385742,0.0,2.3482565879821777,nan,nan,nan,nan
atari_krull,/home/haselab/projects/stable-deep-world-model/logs/content_kl_kernelsize/runs/20260207_060134_krull_private_eye/atari_krull_vta_k1_seed0,/home/haselab/projects/stable-deep-world-model/logs/content_kl_kernelsize/runs/20260207_060134_krull_private_eye/atari_krull_vta_k1_seed0/latest.pt,/home/haselab/projects/stable-deep-world-model/logs/content_kl_kernelsize/runs/20260207_060134_krull_private_eye/atari_krull_vta_k1_seed0/train_eps/20260207T073134-8739267d147d4d0ba7a4c1550ab35526-3425.npz,3288,3320,0.0,1.716490505287993e-09,1.744832992553711,1.9733976125717163,0.0,2.3501176834106445,nan,nan,nan,nan
atari_krull,/home/haselab/projects/stable-deep-world-model/logs/content_kl_kernelsize/runs/20260207_060134_krull_private_eye/atari_krull_vta_k1_seed0,/home/haselab/projects/stable-deep-world-model/logs/content_kl_kernelsize/runs/20260207_060134_krull_private_eye/atari_krull_vta_k1_seed0/latest.pt,/home/haselab/projects/stable-deep-world-model/logs/content_kl_kernelsize/runs/20260207_060134_krull_private_eye/atari_krull_vta_k1_seed0/train_eps/20260207T073134-8739267d147d4d0ba7a4c1550ab35526-3425.npz,3296,3328,0.0,1.7778663874423728e-08,1.796521544456482,1.9833126068115234,0.0,2.3574187755584717,nan,nan,nan,nan
atari_krull,/home/haselab/projects/stable-deep-world-model/logs/content_kl_kernelsize/runs/20260207_060134_krull_private_eye/atari_krull_vta_k1_seed0,/home/haselab/projects/stable-deep-world-model/logs/content_kl_kernelsize/runs/20260207_060134_krull_private_eye/atari_krull_vta_k1_seed0/latest.pt,/home/haselab/projects/stable-deep-world-model/logs/content_kl_kernelsize/runs/20260207_060134_krull_private_eye/atari_krull_vta_k1_seed0/train_eps/20260207T073134-8739267d147d4d0ba7a4c1550ab35526-3425.npz,3304,3336,0.0,1.7658187800861924e-08,1.7892662286758423,1.9843320846557617,0.0,2.391247272491455,nan,nan,nan,nan
atari_krull,/home/haselab/projects/stable-deep-world-model/logs/content_kl_kernelsize/runs/20260207_060134_krull_private_eye/atari_krull_vta_k1_seed0,/home/haselab/projects/stable-deep-world-model/logs/content_kl_kernelsize/runs/20260207_060134_krull_private_eye/atari_krull_vta_k1_seed0/latest.pt,/home/haselab/projects/stable-deep-world-model/logs/content_kl_kernelsize/runs/20260207_060134_krull_private_eye/atari_krull_vta_k1_seed0/train_eps/20260207T073134-8739267d147d4d0ba7a4c1550ab35526-3425.npz,3312,3344,0.0,1.8604364271368468e-08,1.747622013092041,1.9625394344329834,0.0,2.3751392364501953,nan,nan,nan,nan
atari_krull,/home/haselab/projects/stable-deep-world-model/logs/content_kl_kernelsize/runs/20260207_060134_krull_private_eye/atari_krull_vta_k1_seed0,/home/haselab/projects/stable-deep-world-model/logs/content_kl_kernelsize/runs/20260207_060134_krull_private_eye/atari_krull_vta_k1_seed0/latest.pt,/home/haselab/projects/stable-deep-world-model/logs/content_kl_kernelsize/runs/20260207_060134_krull_private_eye/atari_krull_vta_k1_seed0/train_eps/20260207T073134-8739267d147d4d0ba7a4c1550ab35526-3425.npz,3320,3352,0.0,1.8540387003440628e-08,1.8242573738098145,1.9957077503204346,0.0,2.428684949874878,nan,nan,nan,nan
atari_krull,/home/haselab/projects/stable-deep-world-model/logs/content_kl_kernelsize/runs/20260207_060134_krull_private_eye/atari_krull_vta_k1_seed0,/home/haselab/projects/stable-deep-world-model/logs/content_kl_kernelsize/runs/20260207_060134_krull_private_eye/atari_krull_vta_k1_seed0/latest.pt,/home/haselab/projects/stable-deep-world-model/logs/content_kl_kernelsize/runs/20260207_060134_krull_private_eye/atari_krull_vta_k1_seed0/train_eps/20260207T073134-8739267d147d4d0ba7a4c1550ab35526-3425.npz,3328,3360,0.0,1.1162292201660762e-09,1.8112066984176636,2.001472234725952,0.0,2.421443462371826,nan,nan,nan,nan
atari_krull,/home/haselab/projects/stable-deep-world-model/logs/content_kl_kernelsize/runs/20260207_060134_krull_private_eye/atari_krull_vta_k1_seed0,/home/haselab/projects/stable-deep-world-model/logs/content_kl_kernelsize/runs/20260207_060134_krull_private_eye/atari_krull_vta_k1_seed0/latest.pt,/home/haselab/projects/stable-deep-world-model/logs/content_kl_kernelsize/runs/20260207_060134_krull_private_eye/atari_krull_vta_k1_seed0/train_eps/20260207T073134-8739267d147d4d0ba7a4c1550ab35526-3425.npz,3336,3368,0.0,1.1634315733033418e-09,1.7958474159240723,2.037846088409424,0.0,2.425967216491699,nan,nan,nan,nan
atari_krull,/home/haselab/projects/stable-deep-world-model/logs/content_kl_kernelsize/runs/20260207_060134_krull_private_eye/atari_krull_vta_k1_seed0,/home/haselab/projects/stable-deep-world-model/logs/content_kl_kernelsize/runs/20260207_060134_krull_private_eye/atari_krull_vta_k1_seed0/latest.pt,/home/haselab/projects/stable-deep-world-model/logs/content_kl_kernelsize/runs/20260207_060134_krull_private_eye/atari_krull_vta_k1_seed0/train_eps/20260207T073134-8739267d147d4d0ba7a4c1550ab35526-3425.npz,3344,3376,0.0,1.0781760373390625e-08,1.826491117477417,2.1103596687316895,0.0,2.4800918102264404,nan,nan,nan,nan
atari_krull,/home/haselab/projects/stable-deep-world-model/logs/content_kl_kernelsize/runs/20260207_060134_krull_private_eye/atari_krull_vta_k1_seed0,/home/haselab/projects/stable-deep-world-model/logs/content_kl_kernelsize/runs/20260207_060134_krull_private_eye/atari_krull_vta_k1_seed0/latest.pt,/home/haselab/projects/stable-deep-world-model/logs/content_kl_kernelsize/runs/20260207_060134_krull_private_eye/atari_krull_vta_k1_seed0/train_eps/20260207T073134-8739267d147d4d0ba7a4c1550ab35526-3425.npz,3352,3384,0.0,1.0785313975247846e-08,1.731701135635376,2.129657745361328,0.0,2.4643149375915527,nan,nan,nan,nan
atari_krull,/home/haselab/projects/stable-deep-world-model/logs/content_kl_kernelsize/runs/20260207_060134_krull_private_eye/atari_krull_vta_k1_seed0,/home/haselab/projects/stable-deep-world-model/logs/content_kl_kernelsize/runs/20260207_060134_krull_private_eye/atari_krull_vta_k1_seed0/latest.pt,/home/haselab/projects/stable-deep-world-model/logs/content_kl_kernelsize/runs/20260207_060134_krull_private_eye/atari_krull_vta_k1_seed0/train_eps/20260207T073134-8739267d147d4d0ba7a4c1550ab35526-3425.npz,3360,3392,0.0,1.08267945719831e-08,1.6748833656311035,2.122488498687744,0.0,2.52508544921875,nan,nan,nan,nan
atari_krull,/home/haselab/projects/stable-deep-world-model/logs/content_kl_kernelsize/runs/20260207_060134_krull_private_eye/atari_krull_vta_k1_seed0,/home/haselab/projects/stable-deep-world-model/logs/content_kl_kernelsize/runs/20260207_060134_krull_private_eye/atari_krull_vta_k1_seed0/latest.pt,/home/haselab/projects/stable-deep-world-model/logs/content_kl_kernelsize/runs/20260207_060134_krull_private_eye/atari_krull_vta_k1_seed0/train_eps/20260207T073134-8739267d147d4d0ba7a4c1550ab35526-3425.npz,3368,3400,0.0,1.0960398810766492e-08,1.6715956926345825,2.1638426780700684,0.0,2.6124463081359863,nan,nan,nan,nan
atari_krull,/home/haselab/projects/stable-deep-world-model/logs/content_kl_kernelsize/runs/20260207_060134_krull_private_eye/atari_krull_vta_k1_seed0,/home/haselab/projects/stable-deep-world-model/logs/content_kl_kernelsize/runs/20260207_060134_krull_private_eye/atari_krull_vta_k1_seed0/latest.pt,/home/haselab/projects/stable-deep-world-model/logs/content_kl_kernelsize/runs/20260207_060134_krull_private_eye/atari_krull_vta_k1_seed0/train_eps/20260207T073134-8739267d147d4d0ba7a4c1550ab35526-3425.npz,3376,3408,0.0,3.454906916111611e-10,1.7097272872924805,2.1783878803253174,0.0,2.624082565307617,nan,nan,nan,nan
atari_krull,/home/haselab/projects/stable-deep-world-model/logs/content_kl_kernelsize/runs/20260207_060134_krull_private_eye/atari_krull_vta_k1_seed0,/home/haselab/projects/stable-deep-world-model/logs/content_kl_kernelsize/runs/20260207_060134_krull_private_eye/atari_krull_vta_k1_seed0/latest.pt,/home/haselab/projects/stable-deep-world-model/logs/content_kl_kernelsize/runs/20260207_060134_krull_private_eye/atari_krull_vta_k1_seed0/train_eps/20260207T073134-8739267d147d4d0ba7a4c1550ab35526-3425.npz,3384,3416,0.0,3.386024516327524e-10,1.8191988468170166,2.189603567123413,0.0,2.6651482582092285,nan,nan,nan,nan
atari_krull,/home/haselab/projects/stable-deep-world-model/logs/content_kl_kernelsize/runs/20260207_060134_krull_private_eye/atari_krull_vta_k1_seed0,/home/haselab/projects/stable-deep-world-model/logs/content_kl_kernelsize/runs/20260207_060134_krull_private_eye/atari_krull_vta_k1_seed0/latest.pt,/home/haselab/projects/stable-deep-world-model/logs/content_kl_kernelsize/runs/20260207_060134_krull_private_eye/atari_krull_vta_k1_seed0/train_eps/20260207T073134-8739267d147d4d0ba7a4c1550ab35526-3425.npz,3392,3424,0.0,3.052228469968554e-10,2.092802047729492,2.6519253253936768,0.0,3.144850254058838,nan,nan,nan,nan
