task,logdir,ckpt,episode,window_start,window_end,boundary_rate,read_prob_mean,abs_l2_mean,obs_l2_mean,abs_stoch_l2_mean,obs_stoch_l2_mean,abs_l2_read_mean,obs_l2_read_mean,abs_stoch_l2_read_mean,obs_stoch_l2_read_mean
atari_krull,logs/models/from_scratch_atari_krull_vta_3seed_to_400000_20260208_112207/atari_krull_seed0,random_init,logs/models/from_scratch_atari_krull_vta_3seed_to_400000_20260208_112207/atari_krull_seed0/eval_eps/20260208T180330-44487f1ea8c44b5eaf22e05d1a89f711-1974.npz,0,20,0.05,0.48343425989151,0.0322183258831501,0.3279697299003601,0.46574172377586365,7.4891533851623535,0.44179460406303406,1.9474399089813232,9.314834594726562,7.392236709594727
atari_krull,logs/models/from_scratch_atari_krull_vta_3seed_to_400000_20260208_112207/atari_krull_seed0,random_init,logs/models/from_scratch_atari_krull_vta_3seed_to_400000_20260208_112207/atari_krull_seed0/eval_eps/20260208T180330-44487f1ea8c44b5eaf22e05d1a89f711-1974.npz,5,25,0.0,0.4819417893886566,0.06484474241733551,0.23698215186595917,0.0,7.461541175842285,nan,nan,nan,nan
atari_krull,logs/models/from_scratch_atari_krull_vta_3seed_to_400000_20260208_112207/atari_krull_seed0,random_init,logs/models/from_scratch_atari_krull_vta_3seed_to_400000_20260208_112207/atari_krull_seed0/eval_eps/20260208T180330-44487f1ea8c44b5eaf22e05d1a89f711-1974.npz,10,30,0.0,0.4818044602870941,0.11334588378667831,0.24659304320812225,0.0,7.035131931304932,nan,nan,nan,nan
atari_krull,logs/models/from_scratch_atari_krull_vta_3seed_to_400000_20260208_112207/atari_krull_seed0,random_init,logs/models/from_scratch_atari_krull_vta_3seed_to_400000_20260208_112207/atari_krull_seed0/eval_eps/20260208T180330-44487f1ea8c44b5eaf22e05d1a89f711-1974.npz,15,35,0.0,0.48083534836769104,0.16007593274116516,0.2864004969596863,0.0,7.49749231338501,nan,nan,nan,nan
atari_krull,logs/models/from_scratch_atari_krull_vta_3seed_to_400000_20260208_112207/atari_krull_seed0,random_init,logs/models/from_scratch_atari_krull_vta_3seed_to_400000_20260208_112207/atari_krull_seed0/eval_eps/20260208T180330-44487f1ea8c44b5eaf22e05d1a89f711-1974.npz,20,40,0.0,0.4800771176815033,0.22182674705982208,0.3151083290576935,0.0,7.473775386810303,nan,nan,nan,nan
atari_krull,logs/models/from_scratch_atari_krull_vta_3seed_to_400000_20260208_112207/atari_krull_seed0,random_init,logs/models/from_scratch_atari_krull_vta_3seed_to_400000_20260208_112207/atari_krull_seed0/eval_eps/20260208T180330-44487f1ea8c44b5eaf22e05d1a89f711-1974.npz,25,45,0.0,0.47991180419921875,0.22728507220745087,0.30860763788223267,0.0,7.317809104919434,nan,nan,nan,nan
atari_krull,logs/models/from_scratch_atari_krull_vta_3seed_to_400000_20260208_112207/atari_krull_seed0,random_init,logs/models/from_scratch_atari_krull_vta_3seed_to_400000_20260208_112207/atari_krull_seed0/eval_eps/20260208T180330-44487f1ea8c44b5eaf22e05d1a89f711-1974.npz,30,50,0.0,0.4792521893978119,0.23853135108947754,0.31978413462638855,0.0,7.571693420410156,nan,nan,nan,nan
atari_krull,logs/models/from_scratch_atari_krull_vta_3seed_to_400000_20260208_112207/atari_krull_seed0,random_init,logs/models/from_scratch_atari_krull_vta_3seed_to_400000_20260208_112207/atari_krull_seed0/eval_eps/20260208T180330-44487f1ea8c44b5eaf22e05d1a89f711-1974.npz,35,55,0.05,0.5063911080360413,0.26375752687454224,0.4126254618167877,0.45344996452331543,7.2949981689453125,0.5155129432678223,1.7399866580963135,9.068999290466309,5.267867565155029
atari_krull,logs/models/from_scratch_atari_krull_vta_3seed_to_400000_20260208_112207/atari_krull_seed0,random_init,logs/models/from_scratch_atari_krull_vta_3seed_to_400000_20260208_112207/atari_krull_seed0/eval_eps/20260208T180330-44487f1ea8c44b5eaf22e05d1a89f711-1974.npz,40,60,0.05,0.5085455775260925,0.28769636154174805,0.4304687976837158,0.45344996452331543,7.52212381362915,0.5155129432678223,1.7399866580963135,9.068999290466309,5.267867565155029
atari_krull,logs/models/from_scratch_atari_krull_vta_3seed_to_400000_20260208_112207/atari_krull_seed0,random_init,logs/models/from_scratch_atari_krull_vta_3seed_to_400000_20260208_112207/atari_krull_seed0/eval_eps/20260208T180330-44487f1ea8c44b5eaf22e05d1a89f711-1974.npz,45,65,0.05,0.5109943747520447,0.3189304769039154,0.4461653232574463,0.45344996452331543,7.630973815917969,0.5155129432678223,1.7399866580963135,9.068999290466309,5.267867565155029
atari_krull,logs/models/from_scratch_atari_krull_vta_3seed_to_400000_20260208_112207/atari_krull_seed0,random_init,logs/models/from_scratch_atari_krull_vta_3seed_to_400000_20260208_112207/atari_krull_seed0/eval_eps/20260208T180330-44487f1ea8c44b5eaf22e05d1a89f711-1974.npz,50,70,0.05,0.5128527879714966,0.3481800854206085,0.46639737486839294,0.45344996452331543,7.4500017166137695,0.5155129432678223,1.7399866580963135,9.068999290466309,5.267867565155029
atari_krull,logs/models/from_scratch_atari_krull_vta_3seed_to_400000_20260208_112207/atari_krull_seed0,random_init,logs/models/from_scratch_atari_krull_vta_3seed_to_400000_20260208_112207/atari_krull_seed0/eval_eps/20260208T180330-44487f1ea8c44b5eaf22e05d1a89f711-1974.npz,55,75,0.0,0.4880545139312744,0.3763579726219177,0.4045032858848572,0.0,7.805065155029297,nan,nan,nan,nan
atari_krull,logs/models/from_scratch_atari_krull_vta_3seed_to_400000_20260208_112207/atari_krull_seed0,random_init,logs/models/from_scratch_atari_krull_vta_3seed_to_400000_20260208_112207/atari_krull_seed0/eval_eps/20260208T180330-44487f1ea8c44b5eaf22e05d1a89f711-1974.npz,60,80,0.0,0.4876067042350769,0.42670923471450806,0.44817250967025757,0.0,8.272329330444336,nan,nan,nan,nan
atari_krull,logs/models/from_scratch_atari_krull_vta_3seed_to_400000_20260208_112207/atari_krull_seed0,random_init,logs/models/from_scratch_atari_krull_vta_3seed_to_400000_20260208_112207/atari_krull_seed0/eval_eps/20260208T180330-44487f1ea8c44b5eaf22e05d1a89f711-1974.npz,65,85,0.0,0.4870399832725525,0.4437139630317688,0.4724297523498535,0.0,8.145917892456055,nan,nan,nan,nan
atari_krull,logs/models/from_scratch_atari_krull_vta_3seed_to_400000_20260208_112207/atari_krull_seed0,random_init,logs/models/from_scratch_atari_krull_vta_3seed_to_400000_20260208_112207/atari_krull_seed0/eval_eps/20260208T180330-44487f1ea8c44b5eaf22e05d1a89f711-1974.npz,70,90,0.0,0.48677873611450195,0.499706506729126,0.5012025237083435,0.0,8.15537166595459,nan,nan,nan,nan
atari_krull,logs/models/from_scratch_atari_krull_vta_3seed_to_400000_20260208_112207/atari_krull_seed0,random_init,logs/models/from_scratch_atari_krull_vta_3seed_to_400000_20260208_112207/atari_krull_seed0/eval_eps/20260208T180330-44487f1ea8c44b5eaf22e05d1a89f711-1974.npz,75,95,0.0,0.48645442724227905,0.5123745799064636,0.5034244060516357,0.0,7.688441276550293,nan,nan,nan,nan
atari_krull,logs/models/from_scratch_atari_krull_vta_3seed_to_400000_20260208_112207/atari_krull_seed0,random_init,logs/models/from_scratch_atari_krull_vta_3seed_to_400000_20260208_112207/atari_krull_seed0/eval_eps/20260208T180330-44487f1ea8c44b5eaf22e05d1a89f711-1974.npz,80,100,0.0,0.4864446222782135,0.4773620069026947,0.47119465470314026,0.0,6.9867353439331055,nan,nan,nan,nan
atari_krull,logs/models/from_scratch_atari_krull_vta_3seed_to_400000_20260208_112207/atari_krull_seed0,random_init,logs/models/from_scratch_atari_krull_vta_3seed_to_400000_20260208_112207/atari_krull_seed0/eval_eps/20260208T180330-44487f1ea8c44b5eaf22e05d1a89f711-1974.npz,85,105,0.05,0.5113422274589539,0.4764915108680725,0.5653459429740906,0.4248773455619812,7.318701267242432,0.4578068256378174,1.7685940265655518,8.497547149658203,9.851816177368164
atari_krull,logs/models/from_scratch_atari_krull_vta_3seed_to_400000_20260208_112207/atari_krull_seed0,random_init,logs/models/from_scratch_atari_krull_vta_3seed_to_400000_20260208_112207/atari_krull_seed0/eval_eps/20260208T180330-44487f1ea8c44b5eaf22e05d1a89f711-1974.npz,90,110,0.05,0.511265218257904,0.4136960506439209,0.5259788036346436,0.4248773455619812,7.236776828765869,0.4578068256378174,1.7685940265655518,8.497547149658203,9.851816177368164
atari_krull,logs/models/from_scratch_atari_krull_vta_3seed_to_400000_20260208_112207/atari_krull_seed0,random_init,logs/models/from_scratch_atari_krull_vta_3seed_to_400000_20260208_112207/atari_krull_seed0/eval_eps/20260208T180330-44487f1ea8c44b5eaf22e05d1a89f711-1974.npz,95,115,0.05,0.5108060836791992,0.38900500535964966,0.49871325492858887,0.4248773455619812,7.658292293548584,0.4578068256378174,1.7685940265655518,8.497547149658203,9.851816177368164
atari_krull,logs/models/from_scratch_atari_krull_vta_3seed_to_400000_20260208_112207/atari_krull_seed0,random_init,logs/models/from_scratch_atari_krull_vta_3seed_to_400000_20260208_112207/atari_krull_seed0/eval_eps/20260208T180330-44487f1ea8c44b5eaf22e05d1a89f711-1974.npz,100,120,0.05,0.5104520320892334,0.4005054831504822,0.518864631652832,0.4248773455619812,7.746067047119141,0.4578068256378174,1.7685940265655518,8.497547149658203,9.851816177368164
atari_krull,logs/models/from_scratch_atari_krull_vta_3seed_to_400000_20260208_112207/atari_krull_seed0,random_init,logs/models/from_scratch_atari_krull_vta_3seed_to_400000_20260208_112207/atari_krull_seed0/eval_eps/20260208T180330-44487f1ea8c44b5eaf22e05d1a89f711-1974.npz,105,125,0.0,0.4837128221988678,0.43852338194847107,0.43861740827560425,0.0,7.582854270935059,nan,nan,nan,nan
atari_krull,logs/models/from_scratch_atari_krull_vta_3seed_to_400000_20260208_112207/atari_krull_seed0,random_init,logs/models/from_scratch_atari_krull_vta_3seed_to_400000_20260208_112207/atari_krull_seed0/eval_eps/20260208T180330-44487f1ea8c44b5eaf22e05d1a89f711-1974.npz,110,130,0.0,0.48391541838645935,0.46018141508102417,0.4640164375305176,0.0,7.673624515533447,nan,nan,nan,nan
atari_krull,logs/models/from_scratch_atari_krull_vta_3seed_to_400000_20260208_112207/atari_krull_seed0,random_init,logs/models/from_scratch_atari_krull_vta_3seed_to_400000_20260208_112207/atari_krull_seed0/eval_eps/20260208T180330-44487f1ea8c44b5eaf22e05d1a89f711-1974.npz,115,135,0.0,0.48460692167282104,0.4686315655708313,0.478527694940567,0.0,7.480166435241699,nan,nan,nan,nan
atari_krull,logs/models/from_scratch_atari_krull_vta_3seed_to_400000_20260208_112207/atari_krull_seed0,random_init,logs/models/from_scratch_atari_krull_vta_3seed_to_400000_20260208_112207/atari_krull_seed0/eval_eps/20260208T180330-44487f1ea8c44b5eaf22e05d1a89f711-1974.npz,120,140,0.0,0.4854514002799988,0.531187891960144,0.5206073522567749,0.0,7.962937355041504,nan,nan,nan,nan
atari_krull,logs/models/from_scratch_atari_krull_vta_3seed_to_400000_20260208_112207/atari_krull_seed0,random_init,logs/models/from_scratch_atari_krull_vta_3seed_to_400000_20260208_112207/atari_krull_seed0/eval_eps/20260208T180330-44487f1ea8c44b5eaf22e05d1a89f711-1974.npz,125,145,0.0,0.48637375235557556,0.5163025856018066,0.532689094543457,0.0,7.970301628112793,nan,nan,nan,nan
atari_krull,logs/models/from_scratch_atari_krull_vta_3seed_to_400000_20260208_112207/atari_krull_seed0,random_init,logs/models/from_scratch_atari_krull_vta_3seed_to_400000_20260208_112207/atari_krull_seed0/eval_eps/20260208T180330-44487f1ea8c44b5eaf22e05d1a89f711-1974.npz,130,150,0.0,0.48644551634788513,0.5483094453811646,0.5472566485404968,0.0,8.172558784484863,nan,nan,nan,nan
atari_krull,logs/models/from_scratch_atari_krull_vta_3seed_to_400000_20260208_112207/atari_krull_seed0,random_init,logs/models/from_scratch_atari_krull_vta_3seed_to_400000_20260208_112207/atari_krull_seed0/eval_eps/20260208T180330-44487f1ea8c44b5eaf22e05d1a89f711-1974.npz,135,155,0.05,0.5113496780395508,0.5907872915267944,0.6665062308311462,0.4938424527645111,8.310626029968262,0.5700709223747253,1.8538291454315186,9.876849174499512,7.73046875
atari_krull,logs/models/from_scratch_atari_krull_vta_3seed_to_400000_20260208_112207/atari_krull_seed0,random_init,logs/models/from_scratch_atari_krull_vta_3seed_to_400000_20260208_112207/atari_krull_seed0/eval_eps/20260208T180330-44487f1ea8c44b5eaf22e05d1a89f711-1974.npz,140,160,0.05,0.5108605623245239,0.5577120780944824,0.6329597234725952,0.4938424527645111,7.756472587585449,0.5700709223747253,1.8538291454315186,9.876849174499512,7.73046875
atari_krull,logs/models/from_scratch_atari_krull_vta_3seed_to_400000_20260208_112207/atari_krull_seed0,random_init,logs/models/from_scratch_atari_krull_vta_3seed_to_400000_20260208_112207/atari_krull_seed0/eval_eps/20260208T180330-44487f1ea8c44b5eaf22e05d1a89f711-1974.npz,145,165,0.05,0.5120326280593872,0.5531073808670044,0.619608998298645,0.4938424527645111,7.921385765075684,0.5700709223747253,1.8538291454315186,9.876849174499512,7.73046875
atari_krull,logs/models/from_scratch_atari_krull_vta_3seed_to_400000_20260208_112207/atari_krull_seed0,random_init,logs/models/from_scratch_atari_krull_vta_3seed_to_400000_20260208_112207/atari_krull_seed0/eval_eps/20260208T180330-44487f1ea8c44b5eaf22e05d1a89f711-1974.npz,150,170,0.05,0.5134446620941162,0.5116993188858032,0.6117864847183228,0.4938424527645111,7.874611854553223,0.5700709223747253,1.8538291454315186,9.876849174499512,7.73046875
atari_krull,logs/models/from_scratch_atari_krull_vta_3seed_to_400000_20260208_112207/atari_krull_seed0,random_init,logs/models/from_scratch_atari_krull_vta_3seed_to_400000_20260208_112207/atari_krull_seed0/eval_eps/20260208T180330-44487f1ea8c44b5eaf22e05d1a89f711-1974.npz,155,175,0.0,0.48917776346206665,0.5183249711990356,0.5009945034980774,0.0,7.553170680999756,nan,nan,nan,nan
atari_krull,logs/models/from_scratch_atari_krull_vta_3seed_to_400000_20260208_112207/atari_krull_seed0,random_init,logs/models/from_scratch_atari_krull_vta_3seed_to_400000_20260208_112207/atari_krull_seed0/eval_eps/20260208T180330-44487f1ea8c44b5eaf22e05d1a89f711-1974.npz,160,180,0.0,0.48906993865966797,0.5241289138793945,0.506425678730011,0.0,7.585282802581787,nan,nan,nan,nan
atari_krull,logs/models/from_scratch_atari_krull_vta_3seed_to_400000_20260208_112207/atari_krull_seed0,random_init,logs/models/from_scratch_atari_krull_vta_3seed_to_400000_20260208_112207/atari_krull_seed0/eval_eps/20260208T180330-44487f1ea8c44b5eaf22e05d1a89f711-1974.npz,165,185,0.0,0.4892219007015228,0.5220358371734619,0.49844974279403687,0.0,7.504149436950684,nan,nan,nan,nan
atari_krull,logs/models/from_scratch_atari_krull_vta_3seed_to_400000_20260208_112207/atari_krull_seed0,random_init,logs/models/from_scratch_atari_krull_vta_3seed_to_400000_20260208_112207/atari_krull_seed0/eval_eps/20260208T180330-44487f1ea8c44b5eaf22e05d1a89f711-1974.npz,170,190,0.0,0.48855510354042053,0.4864824712276459,0.45511698722839355,0.0,7.2133893966674805,nan,nan,nan,nan
atari_krull,logs/models/from_scratch_atari_krull_vta_3seed_to_400000_20260208_112207/atari_krull_seed0,random_init,logs/models/from_scratch_atari_krull_vta_3seed_to_400000_20260208_112207/atari_krull_seed0/eval_eps/20260208T180330-44487f1ea8c44b5eaf22e05d1a89f711-1974.npz,175,195,0.0,0.48898109793663025,0.39957475662231445,0.41354745626449585,0.0,7.3805341720581055,nan,nan,nan,nan
atari_krull,logs/models/from_scratch_atari_krull_vta_3seed_to_400000_20260208_112207/atari_krull_seed0,random_init,logs/models/from_scratch_atari_krull_vta_3seed_to_400000_20260208_112207/atari_krull_seed0/eval_eps/20260208T180330-44487f1ea8c44b5eaf22e05d1a89f711-1974.npz,180,200,0.0,0.48702532052993774,0.42464685440063477,0.4275720715522766,0.0,7.434847354888916,nan,nan,nan,nan
atari_krull,logs/models/from_scratch_atari_krull_vta_3seed_to_400000_20260208_112207/atari_krull_seed0,random_init,logs/models/from_scratch_atari_krull_vta_3seed_to_400000_20260208_112207/atari_krull_seed0/eval_eps/20260208T180330-44487f1ea8c44b5eaf22e05d1a89f711-1974.npz,185,205,0.05,0.5093604326248169,0.4177092909812927,0.541469931602478,0.4305535852909088,7.188809871673584,0.45723602175712585,2.509434223175049,8.611071586608887,6.494546413421631
atari_krull,logs/models/from_scratch_atari_krull_vta_3seed_to_400000_20260208_112207/atari_krull_seed0,random_init,logs/models/from_scratch_atari_krull_vta_3seed_to_400000_20260208_112207/atari_krull_seed0/eval_eps/20260208T180330-44487f1ea8c44b5eaf22e05d1a89f711-1974.npz,190,210,0.05,0.5049357414245605,0.4701584279537201,0.5841638445854187,0.4305535852909088,7.5902276039123535,0.45723602175712585,2.509434223175049,8.611071586608887,6.494546413421631
atari_krull,logs/models/from_scratch_atari_krull_vta_3seed_to_400000_20260208_112207/atari_krull_seed0,random_init,logs/models/from_scratch_atari_krull_vta_3seed_to_400000_20260208_112207/atari_krull_seed0/eval_eps/20260208T180330-44487f1ea8c44b5eaf22e05d1a89f711-1974.npz,195,215,0.05,0.5003615617752075,0.5313215851783752,0.6280175447463989,0.4305535852909088,7.6275200843811035,0.45723602175712585,2.509434223175049,8.611071586608887,6.494546413421631
atari_krull,logs/models/from_scratch_atari_krull_vta_3seed_to_400000_20260208_112207/atari_krull_seed0,random_init,logs/models/from_scratch_atari_krull_vta_3seed_to_400000_20260208_112207/atari_krull_seed0/eval_eps/20260208T180330-44487f1ea8c44b5eaf22e05d1a89f711-1974.npz,200,220,0.05,0.4993550181388855,0.48781880736351013,0.6059685349464417,0.4305535852909088,7.443166255950928,0.45723602175712585,2.509434223175049,8.611071586608887,6.494546413421631
atari_krull,logs/models/from_scratch_atari_krull_vta_3seed_to_400000_20260208_112207/atari_krull_seed0,random_init,logs/models/from_scratch_atari_krull_vta_3seed_to_400000_20260208_112207/atari_krull_seed0/eval_eps/20260208T180330-44487f1ea8c44b5eaf22e05d1a89f711-1974.npz,205,225,0.0,0.4738048017024994,0.4908335208892822,0.4710915982723236,0.0,7.7168707847595215,nan,nan,nan,nan
atari_krull,logs/models/from_scratch_atari_krull_vta_3seed_to_400000_20260208_112207/atari_krull_seed0,random_init,logs/models/from_scratch_atari_krull_vta_3seed_to_400000_20260208_112207/atari_krull_seed0/eval_eps/20260208T180330-44487f1ea8c44b5eaf22e05d1a89f711-1974.npz,210,230,0.0,0.4745078980922699,0.49047961831092834,0.45914405584335327,0.0,7.5533881187438965,nan,nan,nan,nan
atari_krull,logs/models/from_scratch_atari_krull_vta_3seed_to_400000_20260208_112207/atari_krull_seed0,random_init,logs/models/from_scratch_atari_krull_vta_3seed_to_400000_20260208_112207/atari_krull_seed0/eval_eps/20260208T180330-44487f1ea8c44b5eaf22e05d1a89f711-1974.npz,215,235,0.0,0.4761301577091217,0.4840927720069885,0.4540504813194275,0.0,7.531350135803223,nan,nan,nan,nan
atari_krull,logs/models/from_scratch_atari_krull_vta_3seed_to_400000_20260208_112207/atari_krull_seed0,random_init,logs/models/from_scratch_atari_krull_vta_3seed_to_400000_20260208_112207/atari_krull_seed0/eval_eps/20260208T180330-44487f1ea8c44b5eaf22e05d1a89f711-1974.npz,220,240,0.0,0.4771491587162018,0.4546348452568054,0.42645320296287537,0.0,7.591870307922363,nan,nan,nan,nan
atari_krull,logs/models/from_scratch_atari_krull_vta_3seed_to_400000_20260208_112207/atari_krull_seed0,random_init,logs/models/from_scratch_atari_krull_vta_3seed_to_400000_20260208_112207/atari_krull_seed0/eval_eps/20260208T180330-44487f1ea8c44b5eaf22e05d1a89f711-1974.npz,225,245,0.0,0.4770759642124176,0.42895516753196716,0.4239768087863922,0.0,7.3368659019470215,nan,nan,nan,nan
atari_krull,logs/models/from_scratch_atari_krull_vta_3seed_to_400000_20260208_112207/atari_krull_seed0,random_init,logs/models/from_scratch_atari_krull_vta_3seed_to_400000_20260208_112207/atari_krull_seed0/eval_eps/20260208T180330-44487f1ea8c44b5eaf22e05d1a89f711-1974.npz,230,250,0.0,0.4755861759185791,0.43770092725753784,0.43668070435523987,0.0,7.434560298919678,nan,nan,nan,nan
atari_krull,logs/models/from_scratch_atari_krull_vta_3seed_to_400000_20260208_112207/atari_krull_seed0,random_init,logs/models/from_scratch_atari_krull_vta_3seed_to_400000_20260208_112207/atari_krull_seed0/eval_eps/20260208T180330-44487f1ea8c44b5eaf22e05d1a89f711-1974.npz,235,255,0.05,0.5004385709762573,0.43025222420692444,0.5448051691055298,0.38099998235702515,7.793503761291504,0.4611273407936096,1.8212966918945312,7.619999408721924,8.585445404052734
atari_krull,logs/models/from_scratch_atari_krull_vta_3seed_to_400000_20260208_112207/atari_krull_seed0,random_init,logs/models/from_scratch_atari_krull_vta_3seed_to_400000_20260208_112207/atari_krull_seed0/eval_eps/20260208T180330-44487f1ea8c44b5eaf22e05d1a89f711-1974.npz,240,260,0.05,0.49860358238220215,0.4423733651638031,0.5630063414573669,0.38099998235702515,8.45476245880127,0.4611273407936096,1.8212966918945312,7.619999408721924,8.585445404052734
atari_krull,logs/models/from_scratch_atari_krull_vta_3seed_to_400000_20260208_112207/atari_krull_seed0,random_init,logs/models/from_scratch_atari_krull_vta_3seed_to_400000_20260208_112207/atari_krull_seed0/eval_eps/20260208T180330-44487f1ea8c44b5eaf22e05d1a89f711-1974.npz,245,265,0.05,0.4970327913761139,0.4588412642478943,0.5770149230957031,0.38099998235702515,8.496740341186523,0.4611273407936096,1.8212966918945312,7.619999408721924,8.585445404052734
atari_krull,logs/models/from_scratch_atari_krull_vta_3seed_to_400000_20260208_112207/atari_krull_seed0,random_init,logs/models/from_scratch_atari_krull_vta_3seed_to_400000_20260208_112207/atari_krull_seed0/eval_eps/20260208T180330-44487f1ea8c44b5eaf22e05d1a89f711-1974.npz,250,270,0.05,0.4978160262107849,0.44658714532852173,0.5573690533638,0.38099998235702515,8.427112579345703,0.4611273407936096,1.8212966918945312,7.619999408721924,8.585445404052734
atari_krull,logs/models/from_scratch_atari_krull_vta_3seed_to_400000_20260208_112207/atari_krull_seed0,random_init,logs/models/from_scratch_atari_krull_vta_3seed_to_400000_20260208_112207/atari_krull_seed0/eval_eps/20260208T180330-44487f1ea8c44b5eaf22e05d1a89f711-1974.npz,255,275,0.0,0.4711665213108063,0.44575437903404236,0.44435209035873413,0.0,8.160591125488281,nan,nan,nan,nan
atari_krull,logs/models/from_scratch_atari_krull_vta_3seed_to_400000_20260208_112207/atari_krull_seed0,random_init,logs/models/from_scratch_atari_krull_vta_3seed_to_400000_20260208_112207/atari_krull_seed0/eval_eps/20260208T180330-44487f1ea8c44b5eaf22e05d1a89f711-1974.npz,260,280,0.0,0.47130638360977173,0.42512908577919006,0.4316621422767639,0.0,7.78997802734375,nan,nan,nan,nan
atari_krull,logs/models/from_scratch_atari_krull_vta_3seed_to_400000_20260208_112207/atari_krull_seed0,random_init,logs/models/from_scratch_atari_krull_vta_3seed_to_400000_20260208_112207/atari_krull_seed0/eval_eps/20260208T180330-44487f1ea8c44b5eaf22e05d1a89f711-1974.npz,265,285,0.0,0.47242921590805054,0.4088447093963623,0.4231794774532318,0.0,7.841790676116943,nan,nan,nan,nan
atari_krull,logs/models/from_scratch_atari_krull_vta_3seed_to_400000_20260208_112207/atari_krull_seed0,random_init,logs/models/from_scratch_atari_krull_vta_3seed_to_400000_20260208_112207/atari_krull_seed0/eval_eps/20260208T180330-44487f1ea8c44b5eaf22e05d1a89f711-1974.npz,270,290,0.0,0.4724501669406891,0.404254287481308,0.4495364725589752,0.0,7.9305620193481445,nan,nan,nan,nan
atari_krull,logs/models/from_scratch_atari_krull_vta_3seed_to_400000_20260208_112207/atari_krull_seed0,random_init,logs/models/from_scratch_atari_krull_vta_3seed_to_400000_20260208_112207/atari_krull_seed0/eval_eps/20260208T180330-44487f1ea8c44b5eaf22e05d1a89f711-1974.npz,275,295,0.0,0.4725521504878998,0.4091351628303528,0.46090269088745117,0.0,7.909980773925781,nan,nan,nan,nan
atari_krull,logs/models/from_scratch_atari_krull_vta_3seed_to_400000_20260208_112207/atari_krull_seed0,random_init,logs/models/from_scratch_atari_krull_vta_3seed_to_400000_20260208_112207/atari_krull_seed0/eval_eps/20260208T180330-44487f1ea8c44b5eaf22e05d1a89f711-1974.npz,280,300,0.0,0.4728087782859802,0.4788302779197693,0.5172656774520874,0.0,8.05732536315918,nan,nan,nan,nan
atari_krull,logs/models/from_scratch_atari_krull_vta_3seed_to_400000_20260208_112207/atari_krull_seed0,random_init,logs/models/from_scratch_atari_krull_vta_3seed_to_400000_20260208_112207/atari_krull_seed0/eval_eps/20260208T180330-44487f1ea8c44b5eaf22e05d1a89f711-1974.npz,285,305,0.05,0.497714102268219,0.7575584650039673,0.8777056932449341,0.49762043356895447,8.078103065490723,1.7527786493301392,2.8102610111236572,9.952408790588379,7.774932861328125
atari_krull,logs/models/from_scratch_atari_krull_vta_3seed_to_400000_20260208_112207/atari_krull_seed0,random_init,logs/models/from_scratch_atari_krull_vta_3seed_to_400000_20260208_112207/atari_krull_seed0/eval_eps/20260208T180330-44487f1ea8c44b5eaf22e05d1a89f711-1974.npz,290,310,0.05,0.4925919473171234,1.0061142444610596,1.0779619216918945,0.49762043356895447,7.765440940856934,1.7527786493301392,2.8102610111236572,9.952408790588379,7.774932861328125
atari_krull,logs/models/from_scratch_atari_krull_vta_3seed_to_400000_20260208_112207/atari_krull_seed0,random_init,logs/models/from_scratch_atari_krull_vta_3seed_to_400000_20260208_112207/atari_krull_seed0/eval_eps/20260208T180330-44487f1ea8c44b5eaf22e05d1a89f711-1974.npz,295,315,0.05,0.4911623001098633,1.2746299505233765,1.2738407850265503,0.49762043356895447,7.580940246582031,1.7527786493301392,2.8102610111236572,9.952408790588379,7.774932861328125
atari_krull,logs/models/from_scratch_atari_krull_vta_3seed_to_400000_20260208_112207/atari_krull_seed0,random_init,logs/models/from_scratch_atari_krull_vta_3seed_to_400000_20260208_112207/atari_krull_seed0/eval_eps/20260208T180330-44487f1ea8c44b5eaf22e05d1a89f711-1974.npz,300,320,0.05,0.488356351852417,1.4967468976974487,1.4121654033660889,0.49762043356895447,7.018624305725098,1.7527786493301392,2.8102610111236572,9.952408790588379,7.774932861328125
atari_krull,logs/models/from_scratch_atari_krull_vta_3seed_to_400000_20260208_112207/atari_krull_seed0,random_init,logs/models/from_scratch_atari_krull_vta_3seed_to_400000_20260208_112207/atari_krull_seed0/eval_eps/20260208T180330-44487f1ea8c44b5eaf22e05d1a89f711-1974.npz,305,325,0.0,0.4601830542087555,1.5396614074707031,1.3167396783828735,0.0,6.871254920959473,nan,nan,nan,nan
atari_krull,logs/models/from_scratch_atari_krull_vta_3seed_to_400000_20260208_112207/atari_krull_seed0,random_init,logs/models/from_scratch_atari_krull_vta_3seed_to_400000_20260208_112207/atari_krull_seed0/eval_eps/20260208T180330-44487f1ea8c44b5eaf22e05d1a89f711-1974.npz,310,330,0.0,0.463773250579834,1.5486841201782227,1.3270964622497559,0.0,6.733590602874756,nan,nan,nan,nan
atari_krull,logs/models/from_scratch_atari_krull_vta_3seed_to_400000_20260208_112207/atari_krull_seed0,random_init,logs/models/from_scratch_atari_krull_vta_3seed_to_400000_20260208_112207/atari_krull_seed0/eval_eps/20260208T180330-44487f1ea8c44b5eaf22e05d1a89f711-1974.npz,315,335,0.0,0.46195054054260254,1.526615023612976,1.334145426750183,0.0,6.865624904632568,nan,nan,nan,nan
atari_krull,logs/models/from_scratch_atari_krull_vta_3seed_to_400000_20260208_112207/atari_krull_seed0,random_init,logs/models/from_scratch_atari_krull_vta_3seed_to_400000_20260208_112207/atari_krull_seed0/eval_eps/20260208T180330-44487f1ea8c44b5eaf22e05d1a89f711-1974.npz,320,340,0.0,0.46405211091041565,1.561826467514038,1.3546339273452759,0.0,6.951821804046631,nan,nan,nan,nan
atari_krull,logs/models/from_scratch_atari_krull_vta_3seed_to_400000_20260208_112207/atari_krull_seed0,random_init,logs/models/from_scratch_atari_krull_vta_3seed_to_400000_20260208_112207/atari_krull_seed0/eval_eps/20260208T180330-44487f1ea8c44b5eaf22e05d1a89f711-1974.npz,325,345,0.0,0.4636227488517761,1.5356333255767822,1.2766544818878174,0.0,7.3914313316345215,nan,nan,nan,nan
atari_krull,logs/models/from_scratch_atari_krull_vta_3seed_to_400000_20260208_112207/atari_krull_seed0,random_init,logs/models/from_scratch_atari_krull_vta_3seed_to_400000_20260208_112207/atari_krull_seed0/eval_eps/20260208T180330-44487f1ea8c44b5eaf22e05d1a89f711-1974.npz,330,350,0.0,0.46495699882507324,1.5648549795150757,1.3072726726531982,0.0,7.498897552490234,nan,nan,nan,nan
atari_krull,logs/models/from_scratch_atari_krull_vta_3seed_to_400000_20260208_112207/atari_krull_seed0,random_init,logs/models/from_scratch_atari_krull_vta_3seed_to_400000_20260208_112207/atari_krull_seed0/eval_eps/20260208T180330-44487f1ea8c44b5eaf22e05d1a89f711-1974.npz,335,355,0.05,0.49238142371177673,1.5823860168457031,1.437788963317871,0.45353737473487854,7.529118537902832,1.5155689716339111,2.443908452987671,9.070747375488281,7.962518215179443
atari_krull,logs/models/from_scratch_atari_krull_vta_3seed_to_400000_20260208_112207/atari_krull_seed0,random_init,logs/models/from_scratch_atari_krull_vta_3seed_to_400000_20260208_112207/atari_krull_seed0/eval_eps/20260208T180330-44487f1ea8c44b5eaf22e05d1a89f711-1974.npz,340,360,0.05,0.4892216622829437,1.4996099472045898,1.446099042892456,0.45353737473487854,7.881978511810303,1.5155689716339111,2.443908452987671,9.070747375488281,7.962518215179443
atari_krull,logs/models/from_scratch_atari_krull_vta_3seed_to_400000_20260208_112207/atari_krull_seed0,random_init,logs/models/from_scratch_atari_krull_vta_3seed_to_400000_20260208_112207/atari_krull_seed0/eval_eps/20260208T180330-44487f1ea8c44b5eaf22e05d1a89f711-1974.npz,345,365,0.05,0.4905223250389099,1.510749340057373,1.496469497680664,0.45353737473487854,7.596665859222412,1.5155689716339111,2.443908452987671,9.070747375488281,7.962518215179443
atari_krull,logs/models/from_scratch_atari_krull_vta_3seed_to_400000_20260208_112207/atari_krull_seed0,random_init,logs/models/from_scratch_atari_krull_vta_3seed_to_400000_20260208_112207/atari_krull_seed0/eval_eps/20260208T180330-44487f1ea8c44b5eaf22e05d1a89f711-1974.npz,350,370,0.05,0.4868801534175873,1.4814213514328003,1.4443037509918213,0.45353737473487854,7.773465633392334,1.5155689716339111,2.443908452987671,9.070747375488281,7.962518215179443
atari_krull,logs/models/from_scratch_atari_krull_vta_3seed_to_400000_20260208_112207/atari_krull_seed0,random_init,logs/models/from_scratch_atari_krull_vta_3seed_to_400000_20260208_112207/atari_krull_seed0/eval_eps/20260208T180330-44487f1ea8c44b5eaf22e05d1a89f711-1974.npz,355,375,0.0,0.4633924067020416,1.517749547958374,1.368170142173767,0.0,7.670775413513184,nan,nan,nan,nan
atari_krull,logs/models/from_scratch_atari_krull_vta_3seed_to_400000_20260208_112207/atari_krull_seed0,random_init,logs/models/from_scratch_atari_krull_vta_3seed_to_400000_20260208_112207/atari_krull_seed0/eval_eps/20260208T180330-44487f1ea8c44b5eaf22e05d1a89f711-1974.npz,360,380,0.0,0.4642612040042877,1.552138090133667,1.4033942222595215,0.0,7.332216739654541,nan,nan,nan,nan
atari_krull,logs/models/from_scratch_atari_krull_vta_3seed_to_400000_20260208_112207/atari_krull_seed0,random_init,logs/models/from_scratch_atari_krull_vta_3seed_to_400000_20260208_112207/atari_krull_seed0/eval_eps/20260208T180330-44487f1ea8c44b5eaf22e05d1a89f711-1974.npz,365,385,0.0,0.46309980750083923,1.5080379247665405,1.3760178089141846,0.0,7.398404598236084,nan,nan,nan,nan
atari_krull,logs/models/from_scratch_atari_krull_vta_3seed_to_400000_20260208_112207/atari_krull_seed0,random_init,logs/models/from_scratch_atari_krull_vta_3seed_to_400000_20260208_112207/atari_krull_seed0/eval_eps/20260208T180330-44487f1ea8c44b5eaf22e05d1a89f711-1974.npz,370,390,0.0,0.4651610255241394,1.5170233249664307,1.3956934213638306,0.0,7.480912208557129,nan,nan,nan,nan
atari_krull,logs/models/from_scratch_atari_krull_vta_3seed_to_400000_20260208_112207/atari_krull_seed0,random_init,logs/models/from_scratch_atari_krull_vta_3seed_to_400000_20260208_112207/atari_krull_seed0/eval_eps/20260208T180330-44487f1ea8c44b5eaf22e05d1a89f711-1974.npz,375,395,0.0,0.46113258600234985,1.4689781665802002,1.3379099369049072,0.0,7.2879180908203125,nan,nan,nan,nan
atari_krull,logs/models/from_scratch_atari_krull_vta_3seed_to_400000_20260208_112207/atari_krull_seed0,random_init,logs/models/from_scratch_atari_krull_vta_3seed_to_400000_20260208_112207/atari_krull_seed0/eval_eps/20260208T180330-44487f1ea8c44b5eaf22e05d1a89f711-1974.npz,380,400,0.0,0.4640878140926361,1.490294098854065,1.3210697174072266,0.0,7.435901641845703,nan,nan,nan,nan
atari_krull,logs/models/from_scratch_atari_krull_vta_3seed_to_400000_20260208_112207/atari_krull_seed0,random_init,logs/models/from_scratch_atari_krull_vta_3seed_to_400000_20260208_112207/atari_krull_seed0/eval_eps/20260208T180330-44487f1ea8c44b5eaf22e05d1a89f711-1974.npz,385,405,0.05,0.49022239446640015,1.5084160566329956,1.4149242639541626,0.3417600095272064,7.542510986328125,1.4716789722442627,2.3947794437408447,6.835200309753418,6.85372257232666
atari_krull,logs/models/from_scratch_atari_krull_vta_3seed_to_400000_20260208_112207/atari_krull_seed0,random_init,logs/models/from_scratch_atari_krull_vta_3seed_to_400000_20260208_112207/atari_krull_seed0/eval_eps/20260208T180330-44487f1ea8c44b5eaf22e05d1a89f711-1974.npz,390,410,0.05,0.49150848388671875,1.5045543909072876,1.4180762767791748,0.3417600095272064,7.83828592300415,1.4716789722442627,2.3947794437408447,6.835200309753418,6.85372257232666
atari_krull,logs/models/from_scratch_atari_krull_vta_3seed_to_400000_20260208_112207/atari_krull_seed0,random_init,logs/models/from_scratch_atari_krull_vta_3seed_to_400000_20260208_112207/atari_krull_seed0/eval_eps/20260208T180330-44487f1ea8c44b5eaf22e05d1a89f711-1974.npz,395,415,0.05,0.49302467703819275,1.524031162261963,1.456916093826294,0.3417600095272064,8.120072364807129,1.4716789722442627,2.3947794437408447,6.835200309753418,6.85372257232666
atari_krull,logs/models/from_scratch_atari_krull_vta_3seed_to_400000_20260208_112207/atari_krull_seed0,random_init,logs/models/from_scratch_atari_krull_vta_3seed_to_400000_20260208_112207/atari_krull_seed0/eval_eps/20260208T180330-44487f1ea8c44b5eaf22e05d1a89f711-1974.npz,400,420,0.05,0.49131447076797485,1.5167287588119507,1.4614217281341553,0.3417600095272064,8.032241821289062,1.4716789722442627,2.3947794437408447,6.835200309753418,6.85372257232666
atari_krull,logs/models/from_scratch_atari_krull_vta_3seed_to_400000_20260208_112207/atari_krull_seed0,random_init,logs/models/from_scratch_atari_krull_vta_3seed_to_400000_20260208_112207/atari_krull_seed0/eval_eps/20260208T180330-44487f1ea8c44b5eaf22e05d1a89f711-1974.npz,405,425,0.0,0.46766147017478943,1.5087932348251343,1.4015498161315918,0.0,8.385416030883789,nan,nan,nan,nan
atari_krull,logs/models/from_scratch_atari_krull_vta_3seed_to_400000_20260208_112207/atari_krull_seed0,random_init,logs/models/from_scratch_atari_krull_vta_3seed_to_400000_20260208_112207/atari_krull_seed0/eval_eps/20260208T180330-44487f1ea8c44b5eaf22e05d1a89f711-1974.npz,410,430,0.0,0.4643467962741852,1.4800163507461548,1.409711480140686,0.0,8.059592247009277,nan,nan,nan,nan
atari_krull,logs/models/from_scratch_atari_krull_vta_3seed_to_400000_20260208_112207/atari_krull_seed0,random_init,logs/models/from_scratch_atari_krull_vta_3seed_to_400000_20260208_112207/atari_krull_seed0/eval_eps/20260208T180330-44487f1ea8c44b5eaf22e05d1a89f711-1974.npz,415,435,0.0,0.4654172956943512,1.4509289264678955,1.3668397665023804,0.0,7.806800842285156,nan,nan,nan,nan
atari_krull,logs/models/from_scratch_atari_krull_vta_3seed_to_400000_20260208_112207/atari_krull_seed0,random_init,logs/models/from_scratch_atari_krull_vta_3seed_to_400000_20260208_112207/atari_krull_seed0/eval_eps/20260208T180330-44487f1ea8c44b5eaf22e05d1a89f711-1974.npz,420,440,0.0,0.46482783555984497,1.4255146980285645,1.3423508405685425,0.0,7.824029445648193,nan,nan,nan,nan
atari_krull,logs/models/from_scratch_atari_krull_vta_3seed_to_400000_20260208_112207/atari_krull_seed0,random_init,logs/models/from_scratch_atari_krull_vta_3seed_to_400000_20260208_112207/atari_krull_seed0/eval_eps/20260208T180330-44487f1ea8c44b5eaf22e05d1a89f711-1974.npz,425,445,0.0,0.4648098945617676,1.4478117227554321,1.3708162307739258,0.0,7.518460273742676,nan,nan,nan,nan
atari_krull,logs/models/from_scratch_atari_krull_vta_3seed_to_400000_20260208_112207/atari_krull_seed0,random_init,logs/models/from_scratch_atari_krull_vta_3seed_to_400000_20260208_112207/atari_krull_seed0/eval_eps/20260208T180330-44487f1ea8c44b5eaf22e05d1a89f711-1974.npz,430,450,0.0,0.46722570061683655,1.5088980197906494,1.420521855354309,0.0,7.620513916015625,nan,nan,nan,nan
atari_krull,logs/models/from_scratch_atari_krull_vta_3seed_to_400000_20260208_112207/atari_krull_seed0,random_init,logs/models/from_scratch_atari_krull_vta_3seed_to_400000_20260208_112207/atari_krull_seed0/eval_eps/20260208T180330-44487f1ea8c44b5eaf22e05d1a89f711-1974.npz,435,455,0.05,0.490576833486557,1.507256031036377,1.5175678730010986,0.3674474358558655,8.20894718170166,1.436506986618042,2.510167360305786,7.348948955535889,9.236598014831543
atari_krull,logs/models/from_scratch_atari_krull_vta_3seed_to_400000_20260208_112207/atari_krull_seed0,random_init,logs/models/from_scratch_atari_krull_vta_3seed_to_400000_20260208_112207/atari_krull_seed0/eval_eps/20260208T180330-44487f1ea8c44b5eaf22e05d1a89f711-1974.npz,440,460,0.05,0.4914325177669525,1.537883996963501,1.508192777633667,0.3674474358558655,8.167458534240723,1.436506986618042,2.510167360305786,7.348948955535889,9.236598014831543
atari_krull,logs/models/from_scratch_atari_krull_vta_3seed_to_400000_20260208_112207/atari_krull_seed0,random_init,logs/models/from_scratch_atari_krull_vta_3seed_to_400000_20260208_112207/atari_krull_seed0/eval_eps/20260208T180330-44487f1ea8c44b5eaf22e05d1a89f711-1974.npz,445,465,0.05,0.48874273896217346,1.5513899326324463,1.4630298614501953,0.3674474358558655,8.232062339782715,1.436506986618042,2.510167360305786,7.348948955535889,9.236598014831543
atari_krull,logs/models/from_scratch_atari_krull_vta_3seed_to_400000_20260208_112207/atari_krull_seed0,random_init,logs/models/from_scratch_atari_krull_vta_3seed_to_400000_20260208_112207/atari_krull_seed0/eval_eps/20260208T180330-44487f1ea8c44b5eaf22e05d1a89f711-1974.npz,450,470,0.05,0.48845434188842773,1.5602211952209473,1.4576116800308228,0.3674474358558655,7.842726230621338,1.436506986618042,2.510167360305786,7.348948955535889,9.236598014831543
atari_krull,logs/models/from_scratch_atari_krull_vta_3seed_to_400000_20260208_112207/atari_krull_seed0,random_init,logs/models/from_scratch_atari_krull_vta_3seed_to_400000_20260208_112207/atari_krull_seed0/eval_eps/20260208T180330-44487f1ea8c44b5eaf22e05d1a89f711-1974.npz,455,475,0.0,0.4619806706905365,1.5818842649459839,1.4191579818725586,0.0,7.589527130126953,nan,nan,nan,nan
atari_krull,logs/models/from_scratch_atari_krull_vta_3seed_to_400000_20260208_112207/atari_krull_seed0,random_init,logs/models/from_scratch_atari_krull_vta_3seed_to_400000_20260208_112207/atari_krull_seed0/eval_eps/20260208T180330-44487f1ea8c44b5eaf22e05d1a89f711-1974.npz,460,480,0.0,0.4593683183193207,1.5510804653167725,1.4073503017425537,0.0,7.541905403137207,nan,nan,nan,nan
atari_krull,logs/models/from_scratch_atari_krull_vta_3seed_to_400000_20260208_112207/atari_krull_seed0,random_init,logs/models/from_scratch_atari_krull_vta_3seed_to_400000_20260208_112207/atari_krull_seed0/eval_eps/20260208T180330-44487f1ea8c44b5eaf22e05d1a89f711-1974.npz,465,485,0.0,0.4597110152244568,1.536195158958435,1.4219977855682373,0.0,7.46182107925415,nan,nan,nan,nan
atari_krull,logs/models/from_scratch_atari_krull_vta_3seed_to_400000_20260208_112207/atari_krull_seed0,random_init,logs/models/from_scratch_atari_krull_vta_3seed_to_400000_20260208_112207/atari_krull_seed0/eval_eps/20260208T180330-44487f1ea8c44b5eaf22e05d1a89f711-1974.npz,470,490,0.0,0.4569273889064789,1.502342700958252,1.376435399055481,0.0,7.591399192810059,nan,nan,nan,nan
atari_krull,logs/models/from_scratch_atari_krull_vta_3seed_to_400000_20260208_112207/atari_krull_seed0,random_init,logs/models/from_scratch_atari_krull_vta_3seed_to_400000_20260208_112207/atari_krull_seed0/eval_eps/20260208T180330-44487f1ea8c44b5eaf22e05d1a89f711-1974.npz,475,495,0.0,0.459103524684906,1.5441813468933105,1.3556277751922607,0.0,7.337769508361816,nan,nan,nan,nan
atari_krull,logs/models/from_scratch_atari_krull_vta_3seed_to_400000_20260208_112207/atari_krull_seed0,random_init,logs/models/from_scratch_atari_krull_vta_3seed_to_400000_20260208_112207/atari_krull_seed0/eval_eps/20260208T180330-44487f1ea8c44b5eaf22e05d1a89f711-1974.npz,480,500,0.0,0.45702844858169556,1.566355586051941,1.3857626914978027,0.0,7.388518333435059,nan,nan,nan,nan
atari_krull,logs/models/from_scratch_atari_krull_vta_3seed_to_400000_20260208_112207/atari_krull_seed0,random_init,logs/models/from_scratch_atari_krull_vta_3seed_to_400000_20260208_112207/atari_krull_seed0/eval_eps/20260208T180330-44487f1ea8c44b5eaf22e05d1a89f711-1974.npz,485,505,0.05,0.4828922748565674,1.5790826082229614,1.4640048742294312,0.41477346420288086,7.171297550201416,1.931938648223877,2.689988851547241,8.295469284057617,9.005101203918457
atari_krull,logs/models/from_scratch_atari_krull_vta_3seed_to_400000_20260208_112207/atari_krull_seed0,random_init,logs/models/from_scratch_atari_krull_vta_3seed_to_400000_20260208_112207/atari_krull_seed0/eval_eps/20260208T180330-44487f1ea8c44b5eaf22e05d1a89f711-1974.npz,490,510,0.05,0.4845584034919739,1.6080846786499023,1.492361068725586,0.41477346420288086,7.076251029968262,1.931938648223877,2.689988851547241,8.295469284057617,9.005101203918457
atari_krull,logs/models/from_scratch_atari_krull_vta_3seed_to_400000_20260208_112207/atari_krull_seed0,random_init,logs/models/from_scratch_atari_krull_vta_3seed_to_400000_20260208_112207/atari_krull_seed0/eval_eps/20260208T180330-44487f1ea8c44b5eaf22e05d1a89f711-1974.npz,495,515,0.05,0.4809926152229309,1.5827429294586182,1.4934674501419067,0.41477346420288086,7.1323418617248535,1.931938648223877,2.689988851547241,8.295469284057617,9.005101203918457
atari_krull,logs/models/from_scratch_atari_krull_vta_3seed_to_400000_20260208_112207/atari_krull_seed0,random_init,logs/models/from_scratch_atari_krull_vta_3seed_to_400000_20260208_112207/atari_krull_seed0/eval_eps/20260208T180330-44487f1ea8c44b5eaf22e05d1a89f711-1974.npz,500,520,0.05,0.4836607873439789,1.5922870635986328,1.5316358804702759,0.41477346420288086,7.0807061195373535,1.931938648223877,2.689988851547241,8.295469284057617,9.005101203918457
atari_krull,logs/models/from_scratch_atari_krull_vta_3seed_to_400000_20260208_112207/atari_krull_seed0,random_init,logs/models/from_scratch_atari_krull_vta_3seed_to_400000_20260208_112207/atari_krull_seed0/eval_eps/20260208T180330-44487f1ea8c44b5eaf22e05d1a89f711-1974.npz,505,525,0.0,0.4548627436161041,1.5649834871292114,1.4655181169509888,0.0,7.0918731689453125,nan,nan,nan,nan
atari_krull,logs/models/from_scratch_atari_krull_vta_3seed_to_400000_20260208_112207/atari_krull_seed0,random_init,logs/models/from_scratch_atari_krull_vta_3seed_to_400000_20260208_112207/atari_krull_seed0/eval_eps/20260208T180330-44487f1ea8c44b5eaf22e05d1a89f711-1974.npz,510,530,0.0,0.45400363206863403,1.5760327577590942,1.4459083080291748,0.0,6.98184061050415,nan,nan,nan,nan
atari_krull,logs/models/from_scratch_atari_krull_vta_3seed_to_400000_20260208_112207/atari_krull_seed0,random_init,logs/models/from_scratch_atari_krull_vta_3seed_to_400000_20260208_112207/atari_krull_seed0/eval_eps/20260208T180330-44487f1ea8c44b5eaf22e05d1a89f711-1974.npz,515,535,0.0,0.4547189772129059,1.5997613668441772,1.4342178106307983,0.0,7.5365309715271,nan,nan,nan,nan
atari_krull,logs/models/from_scratch_atari_krull_vta_3seed_to_400000_20260208_112207/atari_krull_seed0,random_init,logs/models/from_scratch_atari_krull_vta_3seed_to_400000_20260208_112207/atari_krull_seed0/eval_eps/20260208T180330-44487f1ea8c44b5eaf22e05d1a89f711-1974.npz,520,540,0.0,0.4546942710876465,1.619720220565796,1.4113045930862427,0.0,7.865096092224121,nan,nan,nan,nan
atari_krull,logs/models/from_scratch_atari_krull_vta_3seed_to_400000_20260208_112207/atari_krull_seed0,random_init,logs/models/from_scratch_atari_krull_vta_3seed_to_400000_20260208_112207/atari_krull_seed0/eval_eps/20260208T180330-44487f1ea8c44b5eaf22e05d1a89f711-1974.npz,525,545,0.0,0.4570159912109375,1.6515668630599976,1.4220185279846191,0.0,7.775620460510254,nan,nan,nan,nan
atari_krull,logs/models/from_scratch_atari_krull_vta_3seed_to_400000_20260208_112207/atari_krull_seed0,random_init,logs/models/from_scratch_atari_krull_vta_3seed_to_400000_20260208_112207/atari_krull_seed0/eval_eps/20260208T180330-44487f1ea8c44b5eaf22e05d1a89f711-1974.npz,530,550,0.0,0.4537743628025055,1.5987468957901,1.410800814628601,0.0,8.009965896606445,nan,nan,nan,nan
atari_krull,logs/models/from_scratch_atari_krull_vta_3seed_to_400000_20260208_112207/atari_krull_seed0,random_init,logs/models/from_scratch_atari_krull_vta_3seed_to_400000_20260208_112207/atari_krull_seed0/eval_eps/20260208T180330-44487f1ea8c44b5eaf22e05d1a89f711-1974.npz,535,555,0.05,0.4819728434085846,1.5442283153533936,1.4612008333206177,0.3640217185020447,7.532723903656006,1.3148475885391235,2.377209186553955,7.2804341316223145,10.014677047729492
atari_krull,logs/models/from_scratch_atari_krull_vta_3seed_to_400000_20260208_112207/atari_krull_seed0,random_init,logs/models/from_scratch_atari_krull_vta_3seed_to_400000_20260208_112207/atari_krull_seed0/eval_eps/20260208T180330-44487f1ea8c44b5eaf22e05d1a89f711-1974.npz,540,560,0.05,0.4805923104286194,1.5042790174484253,1.4418115615844727,0.3640217185020447,7.214514255523682,1.3148475885391235,2.377209186553955,7.2804341316223145,10.014677047729492
atari_krull,logs/models/from_scratch_atari_krull_vta_3seed_to_400000_20260208_112207/atari_krull_seed0,random_init,logs/models/from_scratch_atari_krull_vta_3seed_to_400000_20260208_112207/atari_krull_seed0/eval_eps/20260208T180330-44487f1ea8c44b5eaf22e05d1a89f711-1974.npz,545,565,0.05,0.4790295660495758,1.4999438524246216,1.4428436756134033,0.3640217185020447,7.184062957763672,1.3148475885391235,2.377209186553955,7.2804341316223145,10.014677047729492
atari_krull,logs/models/from_scratch_atari_krull_vta_3seed_to_400000_20260208_112207/atari_krull_seed0,random_init,logs/models/from_scratch_atari_krull_vta_3seed_to_400000_20260208_112207/atari_krull_seed0/eval_eps/20260208T180330-44487f1ea8c44b5eaf22e05d1a89f711-1974.npz,550,570,0.05,0.4810299277305603,1.5160279273986816,1.4847922325134277,0.3640217185020447,7.215270042419434,1.3148475885391235,2.377209186553955,7.2804341316223145,10.014677047729492
atari_krull,logs/models/from_scratch_atari_krull_vta_3seed_to_400000_20260208_112207/atari_krull_seed0,random_init,logs/models/from_scratch_atari_krull_vta_3seed_to_400000_20260208_112207/atari_krull_seed0/eval_eps/20260208T180330-44487f1ea8c44b5eaf22e05d1a89f711-1974.npz,555,575,0.0,0.45073094964027405,1.5043609142303467,1.4430385828018188,0.0,7.546299934387207,nan,nan,nan,nan
atari_krull,logs/models/from_scratch_atari_krull_vta_3seed_to_400000_20260208_112207/atari_krull_seed0,random_init,logs/models/from_scratch_atari_krull_vta_3seed_to_400000_20260208_112207/atari_krull_seed0/eval_eps/20260208T180330-44487f1ea8c44b5eaf22e05d1a89f711-1974.npz,560,580,0.0,0.4518580436706543,1.525322675704956,1.4303019046783447,0.0,7.544754981994629,nan,nan,nan,nan
atari_krull,logs/models/from_scratch_atari_krull_vta_3seed_to_400000_20260208_112207/atari_krull_seed0,random_init,logs/models/from_scratch_atari_krull_vta_3seed_to_400000_20260208_112207/atari_krull_seed0/eval_eps/20260208T180330-44487f1ea8c44b5eaf22e05d1a89f711-1974.npz,565,585,0.0,0.4512195587158203,1.5213708877563477,1.3959051370620728,0.0,7.9965691566467285,nan,nan,nan,nan
atari_krull,logs/models/from_scratch_atari_krull_vta_3seed_to_400000_20260208_112207/atari_krull_seed0,random_init,logs/models/from_scratch_atari_krull_vta_3seed_to_400000_20260208_112207/atari_krull_seed0/eval_eps/20260208T180330-44487f1ea8c44b5eaf22e05d1a89f711-1974.npz,570,590,0.0,0.45250940322875977,1.580374002456665,1.3934788703918457,0.0,7.9747138023376465,nan,nan,nan,nan
atari_krull,logs/models/from_scratch_atari_krull_vta_3seed_to_400000_20260208_112207/atari_krull_seed0,random_init,logs/models/from_scratch_atari_krull_vta_3seed_to_400000_20260208_112207/atari_krull_seed0/eval_eps/20260208T180330-44487f1ea8c44b5eaf22e05d1a89f711-1974.npz,575,595,0.0,0.4542049467563629,1.5853585004806519,1.4141972064971924,0.0,7.672727108001709,nan,nan,nan,nan
atari_krull,logs/models/from_scratch_atari_krull_vta_3seed_to_400000_20260208_112207/atari_krull_seed0,random_init,logs/models/from_scratch_atari_krull_vta_3seed_to_400000_20260208_112207/atari_krull_seed0/eval_eps/20260208T180330-44487f1ea8c44b5eaf22e05d1a89f711-1974.npz,580,600,0.0,0.45173341035842896,1.537641167640686,1.4317185878753662,0.0,7.967494964599609,nan,nan,nan,nan
atari_krull,logs/models/from_scratch_atari_krull_vta_3seed_to_400000_20260208_112207/atari_krull_seed0,random_init,logs/models/from_scratch_atari_krull_vta_3seed_to_400000_20260208_112207/atari_krull_seed0/eval_eps/20260208T180330-44487f1ea8c44b5eaf22e05d1a89f711-1974.npz,585,605,0.05,0.4795615077018738,1.5229231119155884,1.487176537513733,0.4218451976776123,7.805666923522949,1.3826974630355835,2.2607710361480713,8.436903953552246,9.564605712890625
atari_krull,logs/models/from_scratch_atari_krull_vta_3seed_to_400000_20260208_112207/atari_krull_seed0,random_init,logs/models/from_scratch_atari_krull_vta_3seed_to_400000_20260208_112207/atari_krull_seed0/eval_eps/20260208T180330-44487f1ea8c44b5eaf22e05d1a89f711-1974.npz,590,610,0.05,0.4764854311943054,1.4355189800262451,1.451184868812561,0.4218451976776123,8.21530532836914,1.3826974630355835,2.2607710361480713,8.436903953552246,9.564605712890625
atari_krull,logs/models/from_scratch_atari_krull_vta_3seed_to_400000_20260208_112207/atari_krull_seed0,random_init,logs/models/from_scratch_atari_krull_vta_3seed_to_400000_20260208_112207/atari_krull_seed0/eval_eps/20260208T180330-44487f1ea8c44b5eaf22e05d1a89f711-1974.npz,595,615,0.05,0.4782583713531494,1.4882829189300537,1.4473516941070557,0.4218451976776123,8.24926471710205,1.3826974630355835,2.2607710361480713,8.436903953552246,9.564605712890625
atari_krull,logs/models/from_scratch_atari_krull_vta_3seed_to_400000_20260208_112207/atari_krull_seed0,random_init,logs/models/from_scratch_atari_krull_vta_3seed_to_400000_20260208_112207/atari_krull_seed0/eval_eps/20260208T180330-44487f1ea8c44b5eaf22e05d1a89f711-1974.npz,600,620,0.05,0.4785936772823334,1.5111083984375,1.4714807271957397,0.4218451976776123,7.944016456604004,1.3826974630355835,2.2607710361480713,8.436903953552246,9.564605712890625
atari_krull,logs/models/from_scratch_atari_krull_vta_3seed_to_400000_20260208_112207/atari_krull_seed0,random_init,logs/models/from_scratch_atari_krull_vta_3seed_to_400000_20260208_112207/atari_krull_seed0/eval_eps/20260208T180330-44487f1ea8c44b5eaf22e05d1a89f711-1974.npz,605,625,0.0,0.4505597949028015,1.4860875606536865,1.4309792518615723,0.0,7.84668493270874,nan,nan,nan,nan
atari_krull,logs/models/from_scratch_atari_krull_vta_3seed_to_400000_20260208_112207/atari_krull_seed0,random_init,logs/models/from_scratch_atari_krull_vta_3seed_to_400000_20260208_112207/atari_krull_seed0/eval_eps/20260208T180330-44487f1ea8c44b5eaf22e05d1a89f711-1974.npz,610,630,0.0,0.45332854986190796,1.5450177192687988,1.4345381259918213,0.0,7.567789554595947,nan,nan,nan,nan
atari_krull,logs/models/from_scratch_atari_krull_vta_3seed_to_400000_20260208_112207/atari_krull_seed0,random_init,logs/models/from_scratch_atari_krull_vta_3seed_to_400000_20260208_112207/atari_krull_seed0/eval_eps/20260208T180330-44487f1ea8c44b5eaf22e05d1a89f711-1974.npz,615,635,0.0,0.449848473072052,1.5107523202896118,1.4045979976654053,0.0,7.423576354980469,nan,nan,nan,nan
atari_krull,logs/models/from_scratch_atari_krull_vta_3seed_to_400000_20260208_112207/atari_krull_seed0,random_init,logs/models/from_scratch_atari_krull_vta_3seed_to_400000_20260208_112207/atari_krull_seed0/eval_eps/20260208T180330-44487f1ea8c44b5eaf22e05d1a89f711-1974.npz,620,640,0.0,0.4514496922492981,1.5354089736938477,1.4472482204437256,0.0,7.412049293518066,nan,nan,nan,nan
atari_krull,logs/models/from_scratch_atari_krull_vta_3seed_to_400000_20260208_112207/atari_krull_seed0,random_init,logs/models/from_scratch_atari_krull_vta_3seed_to_400000_20260208_112207/atari_krull_seed0/eval_eps/20260208T180330-44487f1ea8c44b5eaf22e05d1a89f711-1974.npz,625,645,0.0,0.4516041874885559,1.5482856035232544,1.456769347190857,0.0,7.514766693115234,nan,nan,nan,nan
atari_krull,logs/models/from_scratch_atari_krull_vta_3seed_to_400000_20260208_112207/atari_krull_seed0,random_init,logs/models/from_scratch_atari_krull_vta_3seed_to_400000_20260208_112207/atari_krull_seed0/eval_eps/20260208T180330-44487f1ea8c44b5eaf22e05d1a89f711-1974.npz,630,650,0.0,0.45116862654685974,1.526883840560913,1.478290319442749,0.0,7.6812920570373535,nan,nan,nan,nan
atari_krull,logs/models/from_scratch_atari_krull_vta_3seed_to_400000_20260208_112207/atari_krull_seed0,random_init,logs/models/from_scratch_atari_krull_vta_3seed_to_400000_20260208_112207/atari_krull_seed0/eval_eps/20260208T180330-44487f1ea8c44b5eaf22e05d1a89f711-1974.npz,635,655,0.05,0.48031601309776306,1.5455167293548584,1.571468710899353,0.5939649343490601,7.530487060546875,1.407535195350647,3.1568069458007812,11.879298210144043,7.808116912841797
atari_krull,logs/models/from_scratch_atari_krull_vta_3seed_to_400000_20260208_112207/atari_krull_seed0,random_init,logs/models/from_scratch_atari_krull_vta_3seed_to_400000_20260208_112207/atari_krull_seed0/eval_eps/20260208T180330-44487f1ea8c44b5eaf22e05d1a89f711-1974.npz,640,660,0.05,0.4781520962715149,1.5424271821975708,1.4979000091552734,0.5939649343490601,7.625857353210449,1.407535195350647,3.1568069458007812,11.879298210144043,7.808116912841797
atari_krull,logs/models/from_scratch_atari_krull_vta_3seed_to_400000_20260208_112207/atari_krull_seed0,random_init,logs/models/from_scratch_atari_krull_vta_3seed_to_400000_20260208_112207/atari_krull_seed0/eval_eps/20260208T180330-44487f1ea8c44b5eaf22e05d1a89f711-1974.npz,645,665,0.05,0.4813389182090759,1.5564411878585815,1.504791259765625,0.5939649343490601,7.645003318786621,1.407535195350647,3.1568069458007812,11.879298210144043,7.808116912841797
atari_krull,logs/models/from_scratch_atari_krull_vta_3seed_to_400000_20260208_112207/atari_krull_seed0,random_init,logs/models/from_scratch_atari_krull_vta_3seed_to_400000_20260208_112207/atari_krull_seed0/eval_eps/20260208T180330-44487f1ea8c44b5eaf22e05d1a89f711-1974.npz,650,670,0.05,0.4790397584438324,1.5596593618392944,1.492072343826294,0.5939649343490601,7.514090538024902,1.407535195350647,3.1568069458007812,11.879298210144043,7.808116912841797
atari_krull,logs/models/from_scratch_atari_krull_vta_3seed_to_400000_20260208_112207/atari_krull_seed0,random_init,logs/models/from_scratch_atari_krull_vta_3seed_to_400000_20260208_112207/atari_krull_seed0/eval_eps/20260208T180330-44487f1ea8c44b5eaf22e05d1a89f711-1974.npz,655,675,0.0,0.451876699924469,1.5536611080169678,1.3835504055023193,0.0,7.682469367980957,nan,nan,nan,nan
atari_krull,logs/models/from_scratch_atari_krull_vta_3seed_to_400000_20260208_112207/atari_krull_seed0,random_init,logs/models/from_scratch_atari_krull_vta_3seed_to_400000_20260208_112207/atari_krull_seed0/eval_eps/20260208T180330-44487f1ea8c44b5eaf22e05d1a89f711-1974.npz,660,680,0.0,0.45353230834007263,1.5522396564483643,1.3736340999603271,0.0,7.7927680015563965,nan,nan,nan,nan
atari_krull,logs/models/from_scratch_atari_krull_vta_3seed_to_400000_20260208_112207/atari_krull_seed0,random_init,logs/models/from_scratch_atari_krull_vta_3seed_to_400000_20260208_112207/atari_krull_seed0/eval_eps/20260208T180330-44487f1ea8c44b5eaf22e05d1a89f711-1974.npz,665,685,0.0,0.45152607560157776,1.554915189743042,1.355276107788086,0.0,7.905797481536865,nan,nan,nan,nan
atari_krull,logs/models/from_scratch_atari_krull_vta_3seed_to_400000_20260208_112207/atari_krull_seed0,random_init,logs/models/from_scratch_atari_krull_vta_3seed_to_400000_20260208_112207/atari_krull_seed0/eval_eps/20260208T180330-44487f1ea8c44b5eaf22e05d1a89f711-1974.npz,670,690,0.0,0.4546789526939392,1.5210096836090088,1.3628010749816895,0.0,7.818393707275391,nan,nan,nan,nan
atari_krull,logs/models/from_scratch_atari_krull_vta_3seed_to_400000_20260208_112207/atari_krull_seed0,random_init,logs/models/from_scratch_atari_krull_vta_3seed_to_400000_20260208_112207/atari_krull_seed0/eval_eps/20260208T180330-44487f1ea8c44b5eaf22e05d1a89f711-1974.npz,675,695,0.0,0.45253413915634155,1.4570589065551758,1.3523672819137573,0.0,8.026777267456055,nan,nan,nan,nan
atari_krull,logs/models/from_scratch_atari_krull_vta_3seed_to_400000_20260208_112207/atari_krull_seed0,random_init,logs/models/from_scratch_atari_krull_vta_3seed_to_400000_20260208_112207/atari_krull_seed0/eval_eps/20260208T180330-44487f1ea8c44b5eaf22e05d1a89f711-1974.npz,680,700,0.0,0.4529414176940918,1.5336878299713135,1.4319534301757812,0.0,7.965484619140625,nan,nan,nan,nan
atari_krull,logs/models/from_scratch_atari_krull_vta_3seed_to_400000_20260208_112207/atari_krull_seed0,random_init,logs/models/from_scratch_atari_krull_vta_3seed_to_400000_20260208_112207/atari_krull_seed0/eval_eps/20260208T180330-44487f1ea8c44b5eaf22e05d1a89f711-1974.npz,685,705,0.05,0.4792053699493408,1.557574987411499,1.4716613292694092,0.4757450520992279,7.615260124206543,1.599782109260559,2.0326786041259766,9.514901161193848,7.854969501495361
atari_krull,logs/models/from_scratch_atari_krull_vta_3seed_to_400000_20260208_112207/atari_krull_seed0,random_init,logs/models/from_scratch_atari_krull_vta_3seed_to_400000_20260208_112207/atari_krull_seed0/eval_eps/20260208T180330-44487f1ea8c44b5eaf22e05d1a89f711-1974.npz,690,710,0.05,0.4768984913825989,1.6075773239135742,1.4302083253860474,0.4757450520992279,7.546408176422119,1.599782109260559,2.0326786041259766,9.514901161193848,7.854969501495361
atari_krull,logs/models/from_scratch_atari_krull_vta_3seed_to_400000_20260208_112207/atari_krull_seed0,random_init,logs/models/from_scratch_atari_krull_vta_3seed_to_400000_20260208_112207/atari_krull_seed0/eval_eps/20260208T180330-44487f1ea8c44b5eaf22e05d1a89f711-1974.npz,695,715,0.05,0.4777988791465759,1.6246589422225952,1.4125093221664429,0.4757450520992279,7.418621063232422,1.599782109260559,2.0326786041259766,9.514901161193848,7.854969501495361
atari_krull,logs/models/from_scratch_atari_krull_vta_3seed_to_400000_20260208_112207/atari_krull_seed0,random_init,logs/models/from_scratch_atari_krull_vta_3seed_to_400000_20260208_112207/atari_krull_seed0/eval_eps/20260208T180330-44487f1ea8c44b5eaf22e05d1a89f711-1974.npz,700,720,0.05,0.47503963112831116,1.519924521446228,1.3615361452102661,0.4757450520992279,7.240008354187012,1.599782109260559,2.0326786041259766,9.514901161193848,7.854969501495361
atari_krull,logs/models/from_scratch_atari_krull_vta_3seed_to_400000_20260208_112207/atari_krull_seed0,random_init,logs/models/from_scratch_atari_krull_vta_3seed_to_400000_20260208_112207/atari_krull_seed0/eval_eps/20260208T180330-44487f1ea8c44b5eaf22e05d1a89f711-1974.npz,705,725,0.0,0.44901102781295776,1.5102097988128662,1.3508975505828857,0.0,7.392046928405762,nan,nan,nan,nan
atari_krull,logs/models/from_scratch_atari_krull_vta_3seed_to_400000_20260208_112207/atari_krull_seed0,random_init,logs/models/from_scratch_atari_krull_vta_3seed_to_400000_20260208_112207/atari_krull_seed0/eval_eps/20260208T180330-44487f1ea8c44b5eaf22e05d1a89f711-1974.npz,710,730,0.0,0.4500620365142822,1.551522135734558,1.3830009698867798,0.0,7.055035591125488,nan,nan,nan,nan
atari_krull,logs/models/from_scratch_atari_krull_vta_3seed_to_400000_20260208_112207/atari_krull_seed0,random_init,logs/models/from_scratch_atari_krull_vta_3seed_to_400000_20260208_112207/atari_krull_seed0/eval_eps/20260208T180330-44487f1ea8c44b5eaf22e05d1a89f711-1974.npz,715,735,0.0,0.45289215445518494,1.5983119010925293,1.398163080215454,0.0,7.257421016693115,nan,nan,nan,nan
atari_krull,logs/models/from_scratch_atari_krull_vta_3seed_to_400000_20260208_112207/atari_krull_seed0,random_init,logs/models/from_scratch_atari_krull_vta_3seed_to_400000_20260208_112207/atari_krull_seed0/eval_eps/20260208T180330-44487f1ea8c44b5eaf22e05d1a89f711-1974.npz,720,740,0.0,0.4542694687843323,1.5894609689712524,1.3572278022766113,0.0,7.492533206939697,nan,nan,nan,nan
atari_krull,logs/models/from_scratch_atari_krull_vta_3seed_to_400000_20260208_112207/atari_krull_seed0,random_init,logs/models/from_scratch_atari_krull_vta_3seed_to_400000_20260208_112207/atari_krull_seed0/eval_eps/20260208T180330-44487f1ea8c44b5eaf22e05d1a89f711-1974.npz,725,745,0.0,0.45150893926620483,1.5507917404174805,1.3455359935760498,0.0,7.369248390197754,nan,nan,nan,nan
atari_krull,logs/models/from_scratch_atari_krull_vta_3seed_to_400000_20260208_112207/atari_krull_seed0,random_init,logs/models/from_scratch_atari_krull_vta_3seed_to_400000_20260208_112207/atari_krull_seed0/eval_eps/20260208T180330-44487f1ea8c44b5eaf22e05d1a89f711-1974.npz,730,750,0.0,0.4510851800441742,1.5146137475967407,1.3647692203521729,0.0,7.794474124908447,nan,nan,nan,nan
atari_krull,logs/models/from_scratch_atari_krull_vta_3seed_to_400000_20260208_112207/atari_krull_seed0,random_init,logs/models/from_scratch_atari_krull_vta_3seed_to_400000_20260208_112207/atari_krull_seed0/eval_eps/20260208T180330-44487f1ea8c44b5eaf22e05d1a89f711-1974.npz,735,755,0.05,0.4762919545173645,1.5469938516616821,1.4621676206588745,0.4261886179447174,7.66448974609375,1.7297394275665283,2.392782688140869,8.523772239685059,6.849818229675293
atari_krull,logs/models/from_scratch_atari_krull_vta_3seed_to_400000_20260208_112207/atari_krull_seed0,random_init,logs/models/from_scratch_atari_krull_vta_3seed_to_400000_20260208_112207/atari_krull_seed0/eval_eps/20260208T180330-44487f1ea8c44b5eaf22e05d1a89f711-1974.npz,740,760,0.05,0.4773295819759369,1.592017412185669,1.4787546396255493,0.4261886179447174,7.7229180335998535,1.7297394275665283,2.392782688140869,8.523772239685059,6.849818229675293
atari_krull,logs/models/from_scratch_atari_krull_vta_3seed_to_400000_20260208_112207/atari_krull_seed0,random_init,logs/models/from_scratch_atari_krull_vta_3seed_to_400000_20260208_112207/atari_krull_seed0/eval_eps/20260208T180330-44487f1ea8c44b5eaf22e05d1a89f711-1974.npz,745,765,0.05,0.47806066274642944,1.5860064029693604,1.4046590328216553,0.4261886179447174,7.886695861816406,1.7297394275665283,2.392782688140869,8.523772239685059,6.849818229675293
atari_krull,logs/models/from_scratch_atari_krull_vta_3seed_to_400000_20260208_112207/atari_krull_seed0,random_init,logs/models/from_scratch_atari_krull_vta_3seed_to_400000_20260208_112207/atari_krull_seed0/eval_eps/20260208T180330-44487f1ea8c44b5eaf22e05d1a89f711-1974.npz,750,770,0.05,0.47768741846084595,1.5565046072006226,1.3945860862731934,0.4261886179447174,7.907601356506348,1.7297394275665283,2.392782688140869,8.523772239685059,6.849818229675293
atari_krull,logs/models/from_scratch_atari_krull_vta_3seed_to_400000_20260208_112207/atari_krull_seed0,random_init,logs/models/from_scratch_atari_krull_vta_3seed_to_400000_20260208_112207/atari_krull_seed0/eval_eps/20260208T180330-44487f1ea8c44b5eaf22e05d1a89f711-1974.npz,755,775,0.0,0.45034027099609375,1.551758050918579,1.3625657558441162,0.0,8.0916109085083,nan,nan,nan,nan
atari_krull,logs/models/from_scratch_atari_krull_vta_3seed_to_400000_20260208_112207/atari_krull_seed0,random_init,logs/models/from_scratch_atari_krull_vta_3seed_to_400000_20260208_112207/atari_krull_seed0/eval_eps/20260208T180330-44487f1ea8c44b5eaf22e05d1a89f711-1974.npz,760,780,0.0,0.44921359419822693,1.5567243099212646,1.350276231765747,0.0,7.978072166442871,nan,nan,nan,nan
atari_krull,logs/models/from_scratch_atari_krull_vta_3seed_to_400000_20260208_112207/atari_krull_seed0,random_init,logs/models/from_scratch_atari_krull_vta_3seed_to_400000_20260208_112207/atari_krull_seed0/eval_eps/20260208T180330-44487f1ea8c44b5eaf22e05d1a89f711-1974.npz,765,785,0.0,0.4522998332977295,1.579274296760559,1.4202361106872559,0.0,8.054088592529297,nan,nan,nan,nan
atari_krull,logs/models/from_scratch_atari_krull_vta_3seed_to_400000_20260208_112207/atari_krull_seed0,random_init,logs/models/from_scratch_atari_krull_vta_3seed_to_400000_20260208_112207/atari_krull_seed0/eval_eps/20260208T180330-44487f1ea8c44b5eaf22e05d1a89f711-1974.npz,770,790,0.0,0.45161861181259155,1.5519828796386719,1.3793261051177979,0.0,8.199997901916504,nan,nan,nan,nan
atari_krull,logs/models/from_scratch_atari_krull_vta_3seed_to_400000_20260208_112207/atari_krull_seed0,random_init,logs/models/from_scratch_atari_krull_vta_3seed_to_400000_20260208_112207/atari_krull_seed0/eval_eps/20260208T180330-44487f1ea8c44b5eaf22e05d1a89f711-1974.npz,775,795,0.0,0.4498014450073242,1.5255094766616821,1.3567662239074707,0.0,7.826265811920166,nan,nan,nan,nan
atari_krull,logs/models/from_scratch_atari_krull_vta_3seed_to_400000_20260208_112207/atari_krull_seed0,random_init,logs/models/from_scratch_atari_krull_vta_3seed_to_400000_20260208_112207/atari_krull_seed0/eval_eps/20260208T180330-44487f1ea8c44b5eaf22e05d1a89f711-1974.npz,780,800,0.0,0.45054277777671814,1.5062735080718994,1.3887395858764648,0.0,7.493939399719238,nan,nan,nan,nan
atari_krull,logs/models/from_scratch_atari_krull_vta_3seed_to_400000_20260208_112207/atari_krull_seed0,random_init,logs/models/from_scratch_atari_krull_vta_3seed_to_400000_20260208_112207/atari_krull_seed0/eval_eps/20260208T180330-44487f1ea8c44b5eaf22e05d1a89f711-1974.npz,785,805,0.05,0.47602859139442444,1.5580685138702393,1.468036413192749,0.39848223328590393,7.560817718505859,1.7672972679138184,2.8715035915374756,7.969644546508789,8.554788589477539
atari_krull,logs/models/from_scratch_atari_krull_vta_3seed_to_400000_20260208_112207/atari_krull_seed0,random_init,logs/models/from_scratch_atari_krull_vta_3seed_to_400000_20260208_112207/atari_krull_seed0/eval_eps/20260208T180330-44487f1ea8c44b5eaf22e05d1a89f711-1974.npz,790,810,0.05,0.47722673416137695,1.5455831289291382,1.4758267402648926,0.39848223328590393,7.455831050872803,1.7672972679138184,2.8715035915374756,7.969644546508789,8.554788589477539
atari_krull,logs/models/from_scratch_atari_krull_vta_3seed_to_400000_20260208_112207/atari_krull_seed0,random_init,logs/models/from_scratch_atari_krull_vta_3seed_to_400000_20260208_112207/atari_krull_seed0/eval_eps/20260208T180330-44487f1ea8c44b5eaf22e05d1a89f711-1974.npz,795,815,0.05,0.4779505133628845,1.5123132467269897,1.4673529863357544,0.39848223328590393,7.4876837730407715,1.7672972679138184,2.8715035915374756,7.969644546508789,8.554788589477539
atari_krull,logs/models/from_scratch_atari_krull_vta_3seed_to_400000_20260208_112207/atari_krull_seed0,random_init,logs/models/from_scratch_atari_krull_vta_3seed_to_400000_20260208_112207/atari_krull_seed0/eval_eps/20260208T180330-44487f1ea8c44b5eaf22e05d1a89f711-1974.npz,800,820,0.05,0.4787055552005768,1.5073645114898682,1.4562066793441772,0.39848223328590393,7.638792514801025,1.7672972679138184,2.8715035915374756,7.969644546508789,8.554788589477539
atari_krull,logs/models/from_scratch_atari_krull_vta_3seed_to_400000_20260208_112207/atari_krull_seed0,random_init,logs/models/from_scratch_atari_krull_vta_3seed_to_400000_20260208_112207/atari_krull_seed0/eval_eps/20260208T180330-44487f1ea8c44b5eaf22e05d1a89f711-1974.npz,805,825,0.0,0.4519979953765869,1.4915659427642822,1.3482811450958252,0.0,7.579870700836182,nan,nan,nan,nan
atari_krull,logs/models/from_scratch_atari_krull_vta_3seed_to_400000_20260208_112207/atari_krull_seed0,random_init,logs/models/from_scratch_atari_krull_vta_3seed_to_400000_20260208_112207/atari_krull_seed0/eval_eps/20260208T180330-44487f1ea8c44b5eaf22e05d1a89f711-1974.npz,810,830,0.0,0.453707754611969,1.5423403978347778,1.3419392108917236,0.0,7.526186466217041,nan,nan,nan,nan
atari_krull,logs/models/from_scratch_atari_krull_vta_3seed_to_400000_20260208_112207/atari_krull_seed0,random_init,logs/models/from_scratch_atari_krull_vta_3seed_to_400000_20260208_112207/atari_krull_seed0/eval_eps/20260208T180330-44487f1ea8c44b5eaf22e05d1a89f711-1974.npz,815,835,0.0,0.45517563819885254,1.5247547626495361,1.3148601055145264,0.0,7.2663774490356445,nan,nan,nan,nan
atari_krull,logs/models/from_scratch_atari_krull_vta_3seed_to_400000_20260208_112207/atari_krull_seed0,random_init,logs/models/from_scratch_atari_krull_vta_3seed_to_400000_20260208_112207/atari_krull_seed0/eval_eps/20260208T180330-44487f1ea8c44b5eaf22e05d1a89f711-1974.npz,820,840,0.0,0.4531208872795105,1.4996970891952515,1.320914626121521,0.0,7.359678745269775,nan,nan,nan,nan
atari_krull,logs/models/from_scratch_atari_krull_vta_3seed_to_400000_20260208_112207/atari_krull_seed0,random_init,logs/models/from_scratch_atari_krull_vta_3seed_to_400000_20260208_112207/atari_krull_seed0/eval_eps/20260208T180330-44487f1ea8c44b5eaf22e05d1a89f711-1974.npz,825,845,0.0,0.4525030255317688,1.4719188213348389,1.332459568977356,0.0,7.0121660232543945,nan,nan,nan,nan
atari_krull,logs/models/from_scratch_atari_krull_vta_3seed_to_400000_20260208_112207/atari_krull_seed0,random_init,logs/models/from_scratch_atari_krull_vta_3seed_to_400000_20260208_112207/atari_krull_seed0/eval_eps/20260208T180330-44487f1ea8c44b5eaf22e05d1a89f711-1974.npz,830,850,0.0,0.450519859790802,1.495268702507019,1.3524549007415771,0.0,7.064385414123535,nan,nan,nan,nan
atari_krull,logs/models/from_scratch_atari_krull_vta_3seed_to_400000_20260208_112207/atari_krull_seed0,random_init,logs/models/from_scratch_atari_krull_vta_3seed_to_400000_20260208_112207/atari_krull_seed0/eval_eps/20260208T180330-44487f1ea8c44b5eaf22e05d1a89f711-1974.npz,835,855,0.05,0.47854119539260864,1.5442312955856323,1.4302663803100586,0.40065741539001465,7.253273963928223,1.3294566869735718,1.9233779907226562,8.013148307800293,6.777871131896973
atari_krull,logs/models/from_scratch_atari_krull_vta_3seed_to_400000_20260208_112207/atari_krull_seed0,random_init,logs/models/from_scratch_atari_krull_vta_3seed_to_400000_20260208_112207/atari_krull_seed0/eval_eps/20260208T180330-44487f1ea8c44b5eaf22e05d1a89f711-1974.npz,840,860,0.05,0.47990861535072327,1.5500928163528442,1.4103366136550903,0.40065741539001465,7.1482672691345215,1.3294566869735718,1.9233779907226562,8.013148307800293,6.777871131896973
atari_krull,logs/models/from_scratch_atari_krull_vta_3seed_to_400000_20260208_112207/atari_krull_seed0,random_init,logs/models/from_scratch_atari_krull_vta_3seed_to_400000_20260208_112207/atari_krull_seed0/eval_eps/20260208T180330-44487f1ea8c44b5eaf22e05d1a89f711-1974.npz,845,865,0.05,0.47853702306747437,1.5424602031707764,1.4490567445755005,0.40065741539001465,7.4087066650390625,1.3294566869735718,1.9233779907226562,8.013148307800293,6.777871131896973
atari_krull,logs/models/from_scratch_atari_krull_vta_3seed_to_400000_20260208_112207/atari_krull_seed0,random_init,logs/models/from_scratch_atari_krull_vta_3seed_to_400000_20260208_112207/atari_krull_seed0/eval_eps/20260208T180330-44487f1ea8c44b5eaf22e05d1a89f711-1974.npz,850,870,0.05,0.4795854985713959,1.5242393016815186,1.4746699333190918,0.40065741539001465,7.486651420593262,1.3294566869735718,1.9233779907226562,8.013148307800293,6.777871131896973
atari_krull,logs/models/from_scratch_atari_krull_vta_3seed_to_400000_20260208_112207/atari_krull_seed0,random_init,logs/models/from_scratch_atari_krull_vta_3seed_to_400000_20260208_112207/atari_krull_seed0/eval_eps/20260208T180330-44487f1ea8c44b5eaf22e05d1a89f711-1974.npz,855,875,0.0,0.4505080580711365,1.5438984632492065,1.4316693544387817,0.0,7.6425065994262695,nan,nan,nan,nan
atari_krull,logs/models/from_scratch_atari_krull_vta_3seed_to_400000_20260208_112207/atari_krull_seed0,random_init,logs/models/from_scratch_atari_krull_vta_3seed_to_400000_20260208_112207/atari_krull_seed0/eval_eps/20260208T180330-44487f1ea8c44b5eaf22e05d1a89f711-1974.npz,860,880,0.0,0.45202988386154175,1.5584919452667236,1.4686576128005981,0.0,7.963883876800537,nan,nan,nan,nan
atari_krull,logs/models/from_scratch_atari_krull_vta_3seed_to_400000_20260208_112207/atari_krull_seed0,random_init,logs/models/from_scratch_atari_krull_vta_3seed_to_400000_20260208_112207/atari_krull_seed0/eval_eps/20260208T180330-44487f1ea8c44b5eaf22e05d1a89f711-1974.npz,865,885,0.0,0.4522934556007385,1.5040384531021118,1.3824118375778198,0.0,7.649710178375244,nan,nan,nan,nan
atari_krull,logs/models/from_scratch_atari_krull_vta_3seed_to_400000_20260208_112207/atari_krull_seed0,random_init,logs/models/from_scratch_atari_krull_vta_3seed_to_400000_20260208_112207/atari_krull_seed0/eval_eps/20260208T180330-44487f1ea8c44b5eaf22e05d1a89f711-1974.npz,870,890,0.0,0.44985851645469666,1.464706540107727,1.3643171787261963,0.0,7.5838518142700195,nan,nan,nan,nan
atari_krull,logs/models/from_scratch_atari_krull_vta_3seed_to_400000_20260208_112207/atari_krull_seed0,random_init,logs/models/from_scratch_atari_krull_vta_3seed_to_400000_20260208_112207/atari_krull_seed0/eval_eps/20260208T180330-44487f1ea8c44b5eaf22e05d1a89f711-1974.npz,875,895,0.0,0.45203495025634766,1.4496982097625732,1.3601621389389038,0.0,7.588494300842285,nan,nan,nan,nan
atari_krull,logs/models/from_scratch_atari_krull_vta_3seed_to_400000_20260208_112207/atari_krull_seed0,random_init,logs/models/from_scratch_atari_krull_vta_3seed_to_400000_20260208_112207/atari_krull_seed0/eval_eps/20260208T180330-44487f1ea8c44b5eaf22e05d1a89f711-1974.npz,880,900,0.0,0.45039406418800354,1.5216684341430664,1.3439573049545288,0.0,7.511622428894043,nan,nan,nan,nan
atari_krull,logs/models/from_scratch_atari_krull_vta_3seed_to_400000_20260208_112207/atari_krull_seed0,random_init,logs/models/from_scratch_atari_krull_vta_3seed_to_400000_20260208_112207/atari_krull_seed0/eval_eps/20260208T180330-44487f1ea8c44b5eaf22e05d1a89f711-1974.npz,885,905,0.05,0.48153480887413025,1.5701760053634644,1.3886816501617432,0.41503462195396423,7.733968257904053,1.6783697605133057,2.1054279804229736,8.300692558288574,6.458841323852539
atari_krull,logs/models/from_scratch_atari_krull_vta_3seed_to_400000_20260208_112207/atari_krull_seed0,random_init,logs/models/from_scratch_atari_krull_vta_3seed_to_400000_20260208_112207/atari_krull_seed0/eval_eps/20260208T180330-44487f1ea8c44b5eaf22e05d1a89f711-1974.npz,890,910,0.05,0.48219743371009827,1.5822422504425049,1.370592474937439,0.41503462195396423,7.538485050201416,1.6783697605133057,2.1054279804229736,8.300692558288574,6.458841323852539
atari_krull,logs/models/from_scratch_atari_krull_vta_3seed_to_400000_20260208_112207/atari_krull_seed0,random_init,logs/models/from_scratch_atari_krull_vta_3seed_to_400000_20260208_112207/atari_krull_seed0/eval_eps/20260208T180330-44487f1ea8c44b5eaf22e05d1a89f711-1974.npz,895,915,0.05,0.48032379150390625,1.572839379310608,1.3794432878494263,0.41503462195396423,7.2646965980529785,1.6783697605133057,2.1054279804229736,8.300692558288574,6.458841323852539
atari_krull,logs/models/from_scratch_atari_krull_vta_3seed_to_400000_20260208_112207/atari_krull_seed0,random_init,logs/models/from_scratch_atari_krull_vta_3seed_to_400000_20260208_112207/atari_krull_seed0/eval_eps/20260208T180330-44487f1ea8c44b5eaf22e05d1a89f711-1974.npz,900,920,0.05,0.48089781403541565,1.4884029626846313,1.3815791606903076,0.41503462195396423,7.2467546463012695,1.6783697605133057,2.1054279804229736,8.300692558288574,6.458841323852539
atari_krull,logs/models/from_scratch_atari_krull_vta_3seed_to_400000_20260208_112207/atari_krull_seed0,random_init,logs/models/from_scratch_atari_krull_vta_3seed_to_400000_20260208_112207/atari_krull_seed0/eval_eps/20260208T180330-44487f1ea8c44b5eaf22e05d1a89f711-1974.npz,905,925,0.0,0.4511231482028961,1.5188941955566406,1.3744852542877197,0.0,7.191899299621582,nan,nan,nan,nan
atari_krull,logs/models/from_scratch_atari_krull_vta_3seed_to_400000_20260208_112207/atari_krull_seed0,random_init,logs/models/from_scratch_atari_krull_vta_3seed_to_400000_20260208_112207/atari_krull_seed0/eval_eps/20260208T180330-44487f1ea8c44b5eaf22e05d1a89f711-1974.npz,910,930,0.0,0.4534732699394226,1.4958627223968506,1.3249136209487915,0.0,7.197869300842285,nan,nan,nan,nan
atari_krull,logs/models/from_scratch_atari_krull_vta_3seed_to_400000_20260208_112207/atari_krull_seed0,random_init,logs/models/from_scratch_atari_krull_vta_3seed_to_400000_20260208_112207/atari_krull_seed0/eval_eps/20260208T180330-44487f1ea8c44b5eaf22e05d1a89f711-1974.npz,915,935,0.0,0.4533899426460266,1.4916325807571411,1.3015458583831787,0.0,7.269798278808594,nan,nan,nan,nan
atari_krull,logs/models/from_scratch_atari_krull_vta_3seed_to_400000_20260208_112207/atari_krull_seed0,random_init,logs/models/from_scratch_atari_krull_vta_3seed_to_400000_20260208_112207/atari_krull_seed0/eval_eps/20260208T180330-44487f1ea8c44b5eaf22e05d1a89f711-1974.npz,920,940,0.0,0.4535985589027405,1.5005062818527222,1.296877145767212,0.0,7.0559587478637695,nan,nan,nan,nan
atari_krull,logs/models/from_scratch_atari_krull_vta_3seed_to_400000_20260208_112207/atari_krull_seed0,random_init,logs/models/from_scratch_atari_krull_vta_3seed_to_400000_20260208_112207/atari_krull_seed0/eval_eps/20260208T180330-44487f1ea8c44b5eaf22e05d1a89f711-1974.npz,925,945,0.0,0.45446938276290894,1.5076388120651245,1.3004242181777954,0.0,6.983880043029785,nan,nan,nan,nan
atari_krull,logs/models/from_scratch_atari_krull_vta_3seed_to_400000_20260208_112207/atari_krull_seed0,random_init,logs/models/from_scratch_atari_krull_vta_3seed_to_400000_20260208_112207/atari_krull_seed0/eval_eps/20260208T180330-44487f1ea8c44b5eaf22e05d1a89f711-1974.npz,930,950,0.0,0.45360174775123596,1.5637365579605103,1.355576753616333,0.0,7.334198951721191,nan,nan,nan,nan
atari_krull,logs/models/from_scratch_atari_krull_vta_3seed_to_400000_20260208_112207/atari_krull_seed0,random_init,logs/models/from_scratch_atari_krull_vta_3seed_to_400000_20260208_112207/atari_krull_seed0/eval_eps/20260208T180330-44487f1ea8c44b5eaf22e05d1a89f711-1974.npz,935,955,0.05,0.48167747259140015,1.5084350109100342,1.4210923910140991,0.4208037853240967,7.344597816467285,1.3815007209777832,2.953089714050293,8.416075706481934,7.939211368560791
atari_krull,logs/models/from_scratch_atari_krull_vta_3seed_to_400000_20260208_112207/atari_krull_seed0,random_init,logs/models/from_scratch_atari_krull_vta_3seed_to_400000_20260208_112207/atari_krull_seed0/eval_eps/20260208T180330-44487f1ea8c44b5eaf22e05d1a89f711-1974.npz,940,960,0.05,0.4804226756095886,1.509447693824768,1.4385864734649658,0.4208037853240967,7.305197715759277,1.3815007209777832,2.953089714050293,8.416075706481934,7.939211368560791
atari_krull,logs/models/from_scratch_atari_krull_vta_3seed_to_400000_20260208_112207/atari_krull_seed0,random_init,logs/models/from_scratch_atari_krull_vta_3seed_to_400000_20260208_112207/atari_krull_seed0/eval_eps/20260208T180330-44487f1ea8c44b5eaf22e05d1a89f711-1974.npz,945,965,0.05,0.47940224409103394,1.499009132385254,1.4474499225616455,0.4208037853240967,7.236477851867676,1.3815007209777832,2.953089714050293,8.416075706481934,7.939211368560791
atari_krull,logs/models/from_scratch_atari_krull_vta_3seed_to_400000_20260208_112207/atari_krull_seed0,random_init,logs/models/from_scratch_atari_krull_vta_3seed_to_400000_20260208_112207/atari_krull_seed0/eval_eps/20260208T180330-44487f1ea8c44b5eaf22e05d1a89f711-1974.npz,950,970,0.05,0.47889670729637146,1.494649887084961,1.438184380531311,0.4208037853240967,7.038793087005615,1.3815007209777832,2.953089714050293,8.416075706481934,7.939211368560791
atari_krull,logs/models/from_scratch_atari_krull_vta_3seed_to_400000_20260208_112207/atari_krull_seed0,random_init,logs/models/from_scratch_atari_krull_vta_3seed_to_400000_20260208_112207/atari_krull_seed0/eval_eps/20260208T180330-44487f1ea8c44b5eaf22e05d1a89f711-1974.npz,955,975,0.0,0.453016996383667,1.5479165315628052,1.3589099645614624,0.0,7.2365546226501465,nan,nan,nan,nan
atari_krull,logs/models/from_scratch_atari_krull_vta_3seed_to_400000_20260208_112207/atari_krull_seed0,random_init,logs/models/from_scratch_atari_krull_vta_3seed_to_400000_20260208_112207/atari_krull_seed0/eval_eps/20260208T180330-44487f1ea8c44b5eaf22e05d1a89f711-1974.npz,960,980,0.0,0.4533091187477112,1.509035348892212,1.2894415855407715,0.0,7.50467586517334,nan,nan,nan,nan
atari_krull,logs/models/from_scratch_atari_krull_vta_3seed_to_400000_20260208_112207/atari_krull_seed0,random_init,logs/models/from_scratch_atari_krull_vta_3seed_to_400000_20260208_112207/atari_krull_seed0/eval_eps/20260208T180330-44487f1ea8c44b5eaf22e05d1a89f711-1974.npz,965,985,0.0,0.45215320587158203,1.4821618795394897,1.2981940507888794,0.0,7.685549736022949,nan,nan,nan,nan
atari_krull,logs/models/from_scratch_atari_krull_vta_3seed_to_400000_20260208_112207/atari_krull_seed0,random_init,logs/models/from_scratch_atari_krull_vta_3seed_to_400000_20260208_112207/atari_krull_seed0/eval_eps/20260208T180330-44487f1ea8c44b5eaf22e05d1a89f711-1974.npz,970,990,0.0,0.45316678285598755,1.4809238910675049,1.3010294437408447,0.0,7.414663791656494,nan,nan,nan,nan
atari_krull,logs/models/from_scratch_atari_krull_vta_3seed_to_400000_20260208_112207/atari_krull_seed0,random_init,logs/models/from_scratch_atari_krull_vta_3seed_to_400000_20260208_112207/atari_krull_seed0/eval_eps/20260208T180330-44487f1ea8c44b5eaf22e05d1a89f711-1974.npz,975,995,0.0,0.4514532685279846,1.5185391902923584,1.3128448724746704,0.0,7.448227882385254,nan,nan,nan,nan
atari_krull,logs/models/from_scratch_atari_krull_vta_3seed_to_400000_20260208_112207/atari_krull_seed0,random_init,logs/models/from_scratch_atari_krull_vta_3seed_to_400000_20260208_112207/atari_krull_seed0/eval_eps/20260208T180330-44487f1ea8c44b5eaf22e05d1a89f711-1974.npz,980,1000,0.0,0.45305126905441284,1.555614709854126,1.3559131622314453,0.0,7.415392875671387,nan,nan,nan,nan
atari_krull,logs/models/from_scratch_atari_krull_vta_3seed_to_400000_20260208_112207/atari_krull_seed0,random_init,logs/models/from_scratch_atari_krull_vta_3seed_to_400000_20260208_112207/atari_krull_seed0/eval_eps/20260208T180330-44487f1ea8c44b5eaf22e05d1a89f711-1974.npz,985,1005,0.05,0.4804531931877136,1.5360984802246094,1.3580856323242188,0.44678574800491333,7.283524513244629,1.167939305305481,2.0531129837036133,8.935714721679688,5.423117160797119
atari_krull,logs/models/from_scratch_atari_krull_vta_3seed_to_400000_20260208_112207/atari_krull_seed0,random_init,logs/models/from_scratch_atari_krull_vta_3seed_to_400000_20260208_112207/atari_krull_seed0/eval_eps/20260208T180330-44487f1ea8c44b5eaf22e05d1a89f711-1974.npz,990,1010,0.05,0.4783761501312256,1.5127456188201904,1.3833261728286743,0.44678574800491333,7.251232147216797,1.167939305305481,2.0531129837036133,8.935714721679688,5.423117160797119
atari_krull,logs/models/from_scratch_atari_krull_vta_3seed_to_400000_20260208_112207/atari_krull_seed0,random_init,logs/models/from_scratch_atari_krull_vta_3seed_to_400000_20260208_112207/atari_krull_seed0/eval_eps/20260208T180330-44487f1ea8c44b5eaf22e05d1a89f711-1974.npz,995,1015,0.05,0.47918057441711426,1.4989542961120605,1.410476803779602,0.44678574800491333,7.100293159484863,1.167939305305481,2.0531129837036133,8.935714721679688,5.423117160797119
atari_krull,logs/models/from_scratch_atari_krull_vta_3seed_to_400000_20260208_112207/atari_krull_seed0,random_init,logs/models/from_scratch_atari_krull_vta_3seed_to_400000_20260208_112207/atari_krull_seed0/eval_eps/20260208T180330-44487f1ea8c44b5eaf22e05d1a89f711-1974.npz,1000,1020,0.05,0.4779590666294098,1.5809885263442993,1.4262629747390747,0.44678574800491333,7.160860538482666,1.167939305305481,2.0531129837036133,8.935714721679688,5.423117160797119
atari_krull,logs/models/from_scratch_atari_krull_vta_3seed_to_400000_20260208_112207/atari_krull_seed0,random_init,logs/models/from_scratch_atari_krull_vta_3seed_to_400000_20260208_112207/atari_krull_seed0/eval_eps/20260208T180330-44487f1ea8c44b5eaf22e05d1a89f711-1974.npz,1005,1025,0.0,0.4533359110355377,1.6029571294784546,1.4292001724243164,0.0,7.287960052490234,nan,nan,nan,nan
atari_krull,logs/models/from_scratch_atari_krull_vta_3seed_to_400000_20260208_112207/atari_krull_seed0,random_init,logs/models/from_scratch_atari_krull_vta_3seed_to_400000_20260208_112207/atari_krull_seed0/eval_eps/20260208T180330-44487f1ea8c44b5eaf22e05d1a89f711-1974.npz,1010,1030,0.0,0.45373883843421936,1.5981602668762207,1.424185037612915,0.0,7.7599287033081055,nan,nan,nan,nan
atari_krull,logs/models/from_scratch_atari_krull_vta_3seed_to_400000_20260208_112207/atari_krull_seed0,random_init,logs/models/from_scratch_atari_krull_vta_3seed_to_400000_20260208_112207/atari_krull_seed0/eval_eps/20260208T180330-44487f1ea8c44b5eaf22e05d1a89f711-1974.npz,1015,1035,0.0,0.4531779885292053,1.5900046825408936,1.4190815687179565,0.0,7.833341121673584,nan,nan,nan,nan
atari_krull,logs/models/from_scratch_atari_krull_vta_3seed_to_400000_20260208_112207/atari_krull_seed0,random_init,logs/models/from_scratch_atari_krull_vta_3seed_to_400000_20260208_112207/atari_krull_seed0/eval_eps/20260208T180330-44487f1ea8c44b5eaf22e05d1a89f711-1974.npz,1020,1040,0.0,0.4539853632450104,1.534775972366333,1.4172260761260986,0.0,7.652678489685059,nan,nan,nan,nan
atari_krull,logs/models/from_scratch_atari_krull_vta_3seed_to_400000_20260208_112207/atari_krull_seed0,random_init,logs/models/from_scratch_atari_krull_vta_3seed_to_400000_20260208_112207/atari_krull_seed0/eval_eps/20260208T180330-44487f1ea8c44b5eaf22e05d1a89f711-1974.npz,1025,1045,0.0,0.45268329977989197,1.5873534679412842,1.4027965068817139,0.0,7.59282922744751,nan,nan,nan,nan
atari_krull,logs/models/from_scratch_atari_krull_vta_3seed_to_400000_20260208_112207/atari_krull_seed0,random_init,logs/models/from_scratch_atari_krull_vta_3seed_to_400000_20260208_112207/atari_krull_seed0/eval_eps/20260208T180330-44487f1ea8c44b5eaf22e05d1a89f711-1974.npz,1030,1050,0.0,0.45386117696762085,1.5386297702789307,1.3701931238174438,0.0,7.341734886169434,nan,nan,nan,nan
atari_krull,logs/models/from_scratch_atari_krull_vta_3seed_to_400000_20260208_112207/atari_krull_seed0,random_init,logs/models/from_scratch_atari_krull_vta_3seed_to_400000_20260208_112207/atari_krull_seed0/eval_eps/20260208T180330-44487f1ea8c44b5eaf22e05d1a89f711-1974.npz,1035,1055,0.05,0.4796292185783386,1.5236561298370361,1.4493460655212402,0.3498390018939972,7.021592140197754,1.5063726902008057,2.606613874435425,6.996779918670654,6.071520805358887
atari_krull,logs/models/from_scratch_atari_krull_vta_3seed_to_400000_20260208_112207/atari_krull_seed0,random_init,logs/models/from_scratch_atari_krull_vta_3seed_to_400000_20260208_112207/atari_krull_seed0/eval_eps/20260208T180330-44487f1ea8c44b5eaf22e05d1a89f711-1974.npz,1040,1060,0.05,0.47964173555374146,1.5241968631744385,1.4650423526763916,0.3498390018939972,7.154196262359619,1.5063726902008057,2.606613874435425,6.996779918670654,6.071520805358887
atari_krull,logs/models/from_scratch_atari_krull_vta_3seed_to_400000_20260208_112207/atari_krull_seed0,random_init,logs/models/from_scratch_atari_krull_vta_3seed_to_400000_20260208_112207/atari_krull_seed0/eval_eps/20260208T180330-44487f1ea8c44b5eaf22e05d1a89f711-1974.npz,1045,1065,0.05,0.4820778965950012,1.4814867973327637,1.4916707277297974,0.3498390018939972,7.208683967590332,1.5063726902008057,2.606613874435425,6.996779918670654,6.071520805358887
atari_krull,logs/models/from_scratch_atari_krull_vta_3seed_to_400000_20260208_112207/atari_krull_seed0,random_init,logs/models/from_scratch_atari_krull_vta_3seed_to_400000_20260208_112207/atari_krull_seed0/eval_eps/20260208T180330-44487f1ea8c44b5eaf22e05d1a89f711-1974.npz,1050,1070,0.05,0.48305439949035645,1.5340875387191772,1.528169870376587,0.3498390018939972,7.248322486877441,1.5063726902008057,2.606613874435425,6.996779918670654,6.071520805358887
atari_krull,logs/models/from_scratch_atari_krull_vta_3seed_to_400000_20260208_112207/atari_krull_seed0,random_init,logs/models/from_scratch_atari_krull_vta_3seed_to_400000_20260208_112207/atari_krull_seed0/eval_eps/20260208T180330-44487f1ea8c44b5eaf22e05d1a89f711-1974.npz,1055,1075,0.0,0.4588243365287781,1.550241470336914,1.4317126274108887,0.0,7.547584533691406,nan,nan,nan,nan
atari_krull,logs/models/from_scratch_atari_krull_vta_3seed_to_400000_20260208_112207/atari_krull_seed0,random_init,logs/models/from_scratch_atari_krull_vta_3seed_to_400000_20260208_112207/atari_krull_seed0/eval_eps/20260208T180330-44487f1ea8c44b5eaf22e05d1a89f711-1974.npz,1060,1080,0.0,0.4604416787624359,1.5391299724578857,1.4395098686218262,0.0,7.285524845123291,nan,nan,nan,nan
atari_krull,logs/models/from_scratch_atari_krull_vta_3seed_to_400000_20260208_112207/atari_krull_seed0,random_init,logs/models/from_scratch_atari_krull_vta_3seed_to_400000_20260208_112207/atari_krull_seed0/eval_eps/20260208T180330-44487f1ea8c44b5eaf22e05d1a89f711-1974.npz,1065,1085,0.0,0.45847001671791077,1.5304642915725708,1.396427869796753,0.0,7.105053901672363,nan,nan,nan,nan
atari_krull,logs/models/from_scratch_atari_krull_vta_3seed_to_400000_20260208_112207/atari_krull_seed0,random_init,logs/models/from_scratch_atari_krull_vta_3seed_to_400000_20260208_112207/atari_krull_seed0/eval_eps/20260208T180330-44487f1ea8c44b5eaf22e05d1a89f711-1974.npz,1070,1090,0.0,0.46139541268348694,1.568647861480713,1.3702952861785889,0.0,6.779688358306885,nan,nan,nan,nan
atari_krull,logs/models/from_scratch_atari_krull_vta_3seed_to_400000_20260208_112207/atari_krull_seed0,random_init,logs/models/from_scratch_atari_krull_vta_3seed_to_400000_20260208_112207/atari_krull_seed0/eval_eps/20260208T180330-44487f1ea8c44b5eaf22e05d1a89f711-1974.npz,1075,1095,0.0,0.4611798822879791,1.5422542095184326,1.3870227336883545,0.0,6.7741875648498535,nan,nan,nan,nan
atari_krull,logs/models/from_scratch_atari_krull_vta_3seed_to_400000_20260208_112207/atari_krull_seed0,random_init,logs/models/from_scratch_atari_krull_vta_3seed_to_400000_20260208_112207/atari_krull_seed0/eval_eps/20260208T180330-44487f1ea8c44b5eaf22e05d1a89f711-1974.npz,1080,1100,0.0,0.46098393201828003,1.531584620475769,1.37210214138031,0.0,6.835020542144775,nan,nan,nan,nan
atari_krull,logs/models/from_scratch_atari_krull_vta_3seed_to_400000_20260208_112207/atari_krull_seed0,random_init,logs/models/from_scratch_atari_krull_vta_3seed_to_400000_20260208_112207/atari_krull_seed0/eval_eps/20260208T180330-44487f1ea8c44b5eaf22e05d1a89f711-1974.npz,1085,1105,0.05,0.4910902976989746,1.5254665613174438,1.454791784286499,0.29588115215301514,6.99739933013916,1.5669535398483276,2.30143141746521,5.917623043060303,10.044768333435059
atari_krull,logs/models/from_scratch_atari_krull_vta_3seed_to_400000_20260208_112207/atari_krull_seed0,random_init,logs/models/from_scratch_atari_krull_vta_3seed_to_400000_20260208_112207/atari_krull_seed0/eval_eps/20260208T180330-44487f1ea8c44b5eaf22e05d1a89f711-1974.npz,1090,1110,0.05,0.48925647139549255,1.5091240406036377,1.4772026538848877,0.29588115215301514,7.5904364585876465,1.5669535398483276,2.30143141746521,5.917623043060303,10.044768333435059
atari_krull,logs/models/from_scratch_atari_krull_vta_3seed_to_400000_20260208_112207/atari_krull_seed0,random_init,logs/models/from_scratch_atari_krull_vta_3seed_to_400000_20260208_112207/atari_krull_seed0/eval_eps/20260208T180330-44487f1ea8c44b5eaf22e05d1a89f711-1974.npz,1095,1115,0.05,0.49143725633621216,1.5448386669158936,1.4757468700408936,0.29588115215301514,7.6910834312438965,1.5669535398483276,2.30143141746521,5.917623043060303,10.044768333435059
atari_krull,logs/models/from_scratch_atari_krull_vta_3seed_to_400000_20260208_112207/atari_krull_seed0,random_init,logs/models/from_scratch_atari_krull_vta_3seed_to_400000_20260208_112207/atari_krull_seed0/eval_eps/20260208T180330-44487f1ea8c44b5eaf22e05d1a89f711-1974.npz,1100,1120,0.05,0.48946675658226013,1.5384629964828491,1.4591596126556396,0.29588115215301514,7.693731784820557,1.5669535398483276,2.30143141746521,5.917623043060303,10.044768333435059
atari_krull,logs/models/from_scratch_atari_krull_vta_3seed_to_400000_20260208_112207/atari_krull_seed0,random_init,logs/models/from_scratch_atari_krull_vta_3seed_to_400000_20260208_112207/atari_krull_seed0/eval_eps/20260208T180330-44487f1ea8c44b5eaf22e05d1a89f711-1974.npz,1105,1125,0.0,0.4619448184967041,1.5646789073944092,1.3971598148345947,0.0,7.8119940757751465,nan,nan,nan,nan
atari_krull,logs/models/from_scratch_atari_krull_vta_3seed_to_400000_20260208_112207/atari_krull_seed0,random_init,logs/models/from_scratch_atari_krull_vta_3seed_to_400000_20260208_112207/atari_krull_seed0/eval_eps/20260208T180330-44487f1ea8c44b5eaf22e05d1a89f711-1974.npz,1110,1130,0.0,0.4620111584663391,1.5728119611740112,1.3585127592086792,0.0,7.452801704406738,nan,nan,nan,nan
atari_krull,logs/models/from_scratch_atari_krull_vta_3seed_to_400000_20260208_112207/atari_krull_seed0,random_init,logs/models/from_scratch_atari_krull_vta_3seed_to_400000_20260208_112207/atari_krull_seed0/eval_eps/20260208T180330-44487f1ea8c44b5eaf22e05d1a89f711-1974.npz,1115,1135,0.0,0.46127191185951233,1.594282627105713,1.3702661991119385,0.0,7.348683834075928,nan,nan,nan,nan
atari_krull,logs/models/from_scratch_atari_krull_vta_3seed_to_400000_20260208_112207/atari_krull_seed0,random_init,logs/models/from_scratch_atari_krull_vta_3seed_to_400000_20260208_112207/atari_krull_seed0/eval_eps/20260208T180330-44487f1ea8c44b5eaf22e05d1a89f711-1974.npz,1120,1140,0.0,0.46529626846313477,1.5983854532241821,1.405752182006836,0.0,7.6034255027771,nan,nan,nan,nan
atari_krull,logs/models/from_scratch_atari_krull_vta_3seed_to_400000_20260208_112207/atari_krull_seed0,random_init,logs/models/from_scratch_atari_krull_vta_3seed_to_400000_20260208_112207/atari_krull_seed0/eval_eps/20260208T180330-44487f1ea8c44b5eaf22e05d1a89f711-1974.npz,1125,1145,0.0,0.46334609389305115,1.5595624446868896,1.3912274837493896,0.0,7.376794338226318,nan,nan,nan,nan
atari_krull,logs/models/from_scratch_atari_krull_vta_3seed_to_400000_20260208_112207/atari_krull_seed0,random_init,logs/models/from_scratch_atari_krull_vta_3seed_to_400000_20260208_112207/atari_krull_seed0/eval_eps/20260208T180330-44487f1ea8c44b5eaf22e05d1a89f711-1974.npz,1130,1150,0.0,0.46526995301246643,1.5493485927581787,1.3957782983779907,0.0,7.45656681060791,nan,nan,nan,nan
atari_krull,logs/models/from_scratch_atari_krull_vta_3seed_to_400000_20260208_112207/atari_krull_seed0,random_init,logs/models/from_scratch_atari_krull_vta_3seed_to_400000_20260208_112207/atari_krull_seed0/eval_eps/20260208T180330-44487f1ea8c44b5eaf22e05d1a89f711-1974.npz,1135,1155,0.05,0.49175578355789185,1.5320086479187012,1.4248336553573608,0.3525716960430145,7.319348335266113,1.9072778224945068,2.7258799076080322,7.05143404006958,6.279543399810791
atari_krull,logs/models/from_scratch_atari_krull_vta_3seed_to_400000_20260208_112207/atari_krull_seed0,random_init,logs/models/from_scratch_atari_krull_vta_3seed_to_400000_20260208_112207/atari_krull_seed0/eval_eps/20260208T180330-44487f1ea8c44b5eaf22e05d1a89f711-1974.npz,1140,1160,0.05,0.49148401618003845,1.5763514041900635,1.4309582710266113,0.3525716960430145,7.193334102630615,1.9072778224945068,2.7258799076080322,7.05143404006958,6.279543399810791
atari_krull,logs/models/from_scratch_atari_krull_vta_3seed_to_400000_20260208_112207/atari_krull_seed0,random_init,logs/models/from_scratch_atari_krull_vta_3seed_to_400000_20260208_112207/atari_krull_seed0/eval_eps/20260208T180330-44487f1ea8c44b5eaf22e05d1a89f711-1974.npz,1145,1165,0.05,0.4927642345428467,1.5787577629089355,1.4459669589996338,0.3525716960430145,7.47561502456665,1.9072778224945068,2.7258799076080322,7.05143404006958,6.279543399810791
atari_krull,logs/models/from_scratch_atari_krull_vta_3seed_to_400000_20260208_112207/atari_krull_seed0,random_init,logs/models/from_scratch_atari_krull_vta_3seed_to_400000_20260208_112207/atari_krull_seed0/eval_eps/20260208T180330-44487f1ea8c44b5eaf22e05d1a89f711-1974.npz,1150,1170,0.05,0.48976215720176697,1.5319926738739014,1.4633197784423828,0.3525716960430145,7.267844200134277,1.9072778224945068,2.7258799076080322,7.05143404006958,6.279543399810791
atari_krull,logs/models/from_scratch_atari_krull_vta_3seed_to_400000_20260208_112207/atari_krull_seed0,random_init,logs/models/from_scratch_atari_krull_vta_3seed_to_400000_20260208_112207/atari_krull_seed0/eval_eps/20260208T180330-44487f1ea8c44b5eaf22e05d1a89f711-1974.npz,1155,1175,0.0,0.4637460708618164,1.516646385192871,1.4123708009719849,0.0,7.198275566101074,nan,nan,nan,nan
atari_krull,logs/models/from_scratch_atari_krull_vta_3seed_to_400000_20260208_112207/atari_krull_seed0,random_init,logs/models/from_scratch_atari_krull_vta_3seed_to_400000_20260208_112207/atari_krull_seed0/eval_eps/20260208T180330-44487f1ea8c44b5eaf22e05d1a89f711-1974.npz,1160,1180,0.0,0.46157604455947876,1.4830589294433594,1.3565009832382202,0.0,7.134759426116943,nan,nan,nan,nan
atari_krull,logs/models/from_scratch_atari_krull_vta_3seed_to_400000_20260208_112207/atari_krull_seed0,random_init,logs/models/from_scratch_atari_krull_vta_3seed_to_400000_20260208_112207/atari_krull_seed0/eval_eps/20260208T180330-44487f1ea8c44b5eaf22e05d1a89f711-1974.npz,1165,1185,0.0,0.4654419422149658,1.5345642566680908,1.3630746603012085,0.0,7.173218727111816,nan,nan,nan,nan
atari_krull,logs/models/from_scratch_atari_krull_vta_3seed_to_400000_20260208_112207/atari_krull_seed0,random_init,logs/models/from_scratch_atari_krull_vta_3seed_to_400000_20260208_112207/atari_krull_seed0/eval_eps/20260208T180330-44487f1ea8c44b5eaf22e05d1a89f711-1974.npz,1170,1190,0.0,0.4673129916191101,1.5798451900482178,1.3622108697891235,0.0,7.516947269439697,nan,nan,nan,nan
atari_krull,logs/models/from_scratch_atari_krull_vta_3seed_to_400000_20260208_112207/atari_krull_seed0,random_init,logs/models/from_scratch_atari_krull_vta_3seed_to_400000_20260208_112207/atari_krull_seed0/eval_eps/20260208T180330-44487f1ea8c44b5eaf22e05d1a89f711-1974.npz,1175,1195,0.0,0.46730369329452515,1.5430455207824707,1.3611114025115967,0.0,7.729975700378418,nan,nan,nan,nan
atari_krull,logs/models/from_scratch_atari_krull_vta_3seed_to_400000_20260208_112207/atari_krull_seed0,random_init,logs/models/from_scratch_atari_krull_vta_3seed_to_400000_20260208_112207/atari_krull_seed0/eval_eps/20260208T180330-44487f1ea8c44b5eaf22e05d1a89f711-1974.npz,1180,1200,0.0,0.46990618109703064,1.5538692474365234,1.3671424388885498,0.0,7.9428887367248535,nan,nan,nan,nan
atari_krull,logs/models/from_scratch_atari_krull_vta_3seed_to_400000_20260208_112207/atari_krull_seed0,random_init,logs/models/from_scratch_atari_krull_vta_3seed_to_400000_20260208_112207/atari_krull_seed0/eval_eps/20260208T180330-44487f1ea8c44b5eaf22e05d1a89f711-1974.npz,1185,1205,0.05,0.4926365911960602,1.5203574895858765,1.4100669622421265,0.37425073981285095,7.897093772888184,1.5619900226593018,2.0709428787231445,7.485014915466309,8.210881233215332
atari_krull,logs/models/from_scratch_atari_krull_vta_3seed_to_400000_20260208_112207/atari_krull_seed0,random_init,logs/models/from_scratch_atari_krull_vta_3seed_to_400000_20260208_112207/atari_krull_seed0/eval_eps/20260208T180330-44487f1ea8c44b5eaf22e05d1a89f711-1974.npz,1190,1210,0.05,0.4943765699863434,1.5421828031539917,1.4113129377365112,0.37425073981285095,7.523900508880615,1.5619900226593018,2.0709428787231445,7.485014915466309,8.210881233215332
atari_krull,logs/models/from_scratch_atari_krull_vta_3seed_to_400000_20260208_112207/atari_krull_seed0,random_init,logs/models/from_scratch_atari_krull_vta_3seed_to_400000_20260208_112207/atari_krull_seed0/eval_eps/20260208T180330-44487f1ea8c44b5eaf22e05d1a89f711-1974.npz,1195,1215,0.05,0.49363216757774353,1.5432898998260498,1.406121015548706,0.37425073981285095,7.473248481750488,1.5619900226593018,2.0709428787231445,7.485014915466309,8.210881233215332
atari_krull,logs/models/from_scratch_atari_krull_vta_3seed_to_400000_20260208_112207/atari_krull_seed0,random_init,logs/models/from_scratch_atari_krull_vta_3seed_to_400000_20260208_112207/atari_krull_seed0/eval_eps/20260208T180330-44487f1ea8c44b5eaf22e05d1a89f711-1974.npz,1200,1220,0.05,0.4941647946834564,1.5362012386322021,1.4114173650741577,0.37425073981285095,7.6705732345581055,1.5619900226593018,2.0709428787231445,7.485014915466309,8.210881233215332
atari_krull,logs/models/from_scratch_atari_krull_vta_3seed_to_400000_20260208_112207/atari_krull_seed0,random_init,logs/models/from_scratch_atari_krull_vta_3seed_to_400000_20260208_112207/atari_krull_seed0/eval_eps/20260208T180330-44487f1ea8c44b5eaf22e05d1a89f711-1974.npz,1205,1225,0.0,0.4681871831417084,1.5682451725006104,1.337882161140442,0.0,7.657750606536865,nan,nan,nan,nan
atari_krull,logs/models/from_scratch_atari_krull_vta_3seed_to_400000_20260208_112207/atari_krull_seed0,random_init,logs/models/from_scratch_atari_krull_vta_3seed_to_400000_20260208_112207/atari_krull_seed0/eval_eps/20260208T180330-44487f1ea8c44b5eaf22e05d1a89f711-1974.npz,1210,1230,0.0,0.4650500416755676,1.5346827507019043,1.359485387802124,0.0,8.010477066040039,nan,nan,nan,nan
atari_krull,logs/models/from_scratch_atari_krull_vta_3seed_to_400000_20260208_112207/atari_krull_seed0,random_init,logs/models/from_scratch_atari_krull_vta_3seed_to_400000_20260208_112207/atari_krull_seed0/eval_eps/20260208T180330-44487f1ea8c44b5eaf22e05d1a89f711-1974.npz,1215,1235,0.0,0.466818630695343,1.5776031017303467,1.3577417135238647,0.0,8.193341255187988,nan,nan,nan,nan
atari_krull,logs/models/from_scratch_atari_krull_vta_3seed_to_400000_20260208_112207/atari_krull_seed0,random_init,logs/models/from_scratch_atari_krull_vta_3seed_to_400000_20260208_112207/atari_krull_seed0/eval_eps/20260208T180330-44487f1ea8c44b5eaf22e05d1a89f711-1974.npz,1220,1240,0.0,0.4624764919281006,1.5500314235687256,1.3861700296401978,0.0,7.9408698081970215,nan,nan,nan,nan
atari_krull,logs/models/from_scratch_atari_krull_vta_3seed_to_400000_20260208_112207/atari_krull_seed0,random_init,logs/models/from_scratch_atari_krull_vta_3seed_to_400000_20260208_112207/atari_krull_seed0/eval_eps/20260208T180330-44487f1ea8c44b5eaf22e05d1a89f711-1974.npz,1225,1245,0.0,0.4636041224002838,1.5229618549346924,1.408325433731079,0.0,8.27350902557373,nan,nan,nan,nan
atari_krull,logs/models/from_scratch_atari_krull_vta_3seed_to_400000_20260208_112207/atari_krull_seed0,random_init,logs/models/from_scratch_atari_krull_vta_3seed_to_400000_20260208_112207/atari_krull_seed0/eval_eps/20260208T180330-44487f1ea8c44b5eaf22e05d1a89f711-1974.npz,1230,1250,0.0,0.4648500382900238,1.523180603981018,1.3938475847244263,0.0,8.05500316619873,nan,nan,nan,nan
atari_krull,logs/models/from_scratch_atari_krull_vta_3seed_to_400000_20260208_112207/atari_krull_seed0,random_init,logs/models/from_scratch_atari_krull_vta_3seed_to_400000_20260208_112207/atari_krull_seed0/eval_eps/20260208T180330-44487f1ea8c44b5eaf22e05d1a89f711-1974.npz,1235,1255,0.05,0.4906800389289856,1.5262097120285034,1.5057823657989502,0.3502139151096344,7.957356929779053,1.589612364768982,2.772141695022583,7.004278182983398,8.741331100463867
atari_krull,logs/models/from_scratch_atari_krull_vta_3seed_to_400000_20260208_112207/atari_krull_seed0,random_init,logs/models/from_scratch_atari_krull_vta_3seed_to_400000_20260208_112207/atari_krull_seed0/eval_eps/20260208T180330-44487f1ea8c44b5eaf22e05d1a89f711-1974.npz,1240,1260,0.05,0.4935828149318695,1.5388644933700562,1.5227769613265991,0.3502139151096344,7.84744119644165,1.589612364768982,2.772141695022583,7.004278182983398,8.741331100463867
atari_krull,logs/models/from_scratch_atari_krull_vta_3seed_to_400000_20260208_112207/atari_krull_seed0,random_init,logs/models/from_scratch_atari_krull_vta_3seed_to_400000_20260208_112207/atari_krull_seed0/eval_eps/20260208T180330-44487f1ea8c44b5eaf22e05d1a89f711-1974.npz,1245,1265,0.05,0.4898645877838135,1.5011811256408691,1.5220625400543213,0.3502139151096344,7.399195671081543,1.589612364768982,2.772141695022583,7.004278182983398,8.741331100463867
atari_krull,logs/models/from_scratch_atari_krull_vta_3seed_to_400000_20260208_112207/atari_krull_seed0,random_init,logs/models/from_scratch_atari_krull_vta_3seed_to_400000_20260208_112207/atari_krull_seed0/eval_eps/20260208T180330-44487f1ea8c44b5eaf22e05d1a89f711-1974.npz,1250,1270,0.05,0.4904105067253113,1.5059354305267334,1.5129108428955078,0.3502139151096344,7.530683994293213,1.589612364768982,2.772141695022583,7.004278182983398,8.741331100463867
atari_krull,logs/models/from_scratch_atari_krull_vta_3seed_to_400000_20260208_112207/atari_krull_seed0,random_init,logs/models/from_scratch_atari_krull_vta_3seed_to_400000_20260208_112207/atari_krull_seed0/eval_eps/20260208T180330-44487f1ea8c44b5eaf22e05d1a89f711-1974.npz,1255,1275,0.0,0.4619922637939453,1.4968788623809814,1.3830559253692627,0.0,7.467273712158203,nan,nan,nan,nan
atari_krull,logs/models/from_scratch_atari_krull_vta_3seed_to_400000_20260208_112207/atari_krull_seed0,random_init,logs/models/from_scratch_atari_krull_vta_3seed_to_400000_20260208_112207/atari_krull_seed0/eval_eps/20260208T180330-44487f1ea8c44b5eaf22e05d1a89f711-1974.npz,1260,1280,0.0,0.46174106001853943,1.5245301723480225,1.358096957206726,0.0,7.418163299560547,nan,nan,nan,nan
atari_krull,logs/models/from_scratch_atari_krull_vta_3seed_to_400000_20260208_112207/atari_krull_seed0,random_init,logs/models/from_scratch_atari_krull_vta_3seed_to_400000_20260208_112207/atari_krull_seed0/eval_eps/20260208T180330-44487f1ea8c44b5eaf22e05d1a89f711-1974.npz,1265,1285,0.0,0.4639555513858795,1.559387445449829,1.400881290435791,0.0,7.481713771820068,nan,nan,nan,nan
atari_krull,logs/models/from_scratch_atari_krull_vta_3seed_to_400000_20260208_112207/atari_krull_seed0,random_init,logs/models/from_scratch_atari_krull_vta_3seed_to_400000_20260208_112207/atari_krull_seed0/eval_eps/20260208T180330-44487f1ea8c44b5eaf22e05d1a89f711-1974.npz,1270,1290,0.0,0.46208158135414124,1.516770362854004,1.3885008096694946,0.0,7.46410608291626,nan,nan,nan,nan
atari_krull,logs/models/from_scratch_atari_krull_vta_3seed_to_400000_20260208_112207/atari_krull_seed0,random_init,logs/models/from_scratch_atari_krull_vta_3seed_to_400000_20260208_112207/atari_krull_seed0/eval_eps/20260208T180330-44487f1ea8c44b5eaf22e05d1a89f711-1974.npz,1275,1295,0.0,0.4643007218837738,1.5168826580047607,1.4223544597625732,0.0,7.635678768157959,nan,nan,nan,nan
atari_krull,logs/models/from_scratch_atari_krull_vta_3seed_to_400000_20260208_112207/atari_krull_seed0,random_init,logs/models/from_scratch_atari_krull_vta_3seed_to_400000_20260208_112207/atari_krull_seed0/eval_eps/20260208T180330-44487f1ea8c44b5eaf22e05d1a89f711-1974.npz,1280,1300,0.0,0.46247410774230957,1.479094386100769,1.3989895582199097,0.0,7.757894039154053,nan,nan,nan,nan
atari_krull,logs/models/from_scratch_atari_krull_vta_3seed_to_400000_20260208_112207/atari_krull_seed0,random_init,logs/models/from_scratch_atari_krull_vta_3seed_to_400000_20260208_112207/atari_krull_seed0/eval_eps/20260208T180330-44487f1ea8c44b5eaf22e05d1a89f711-1974.npz,1285,1305,0.05,0.49024492502212524,1.5079779624938965,1.4284485578536987,0.38110002875328064,7.848805904388428,1.5827585458755493,2.4248239994049072,7.622000694274902,7.431875228881836
atari_krull,logs/models/from_scratch_atari_krull_vta_3seed_to_400000_20260208_112207/atari_krull_seed0,random_init,logs/models/from_scratch_atari_krull_vta_3seed_to_400000_20260208_112207/atari_krull_seed0/eval_eps/20260208T180330-44487f1ea8c44b5eaf22e05d1a89f711-1974.npz,1290,1310,0.05,0.48979729413986206,1.5229727029800415,1.456824541091919,0.38110002875328064,7.730523586273193,1.5827585458755493,2.4248239994049072,7.622000694274902,7.431875228881836
atari_krull,logs/models/from_scratch_atari_krull_vta_3seed_to_400000_20260208_112207/atari_krull_seed0,random_init,logs/models/from_scratch_atari_krull_vta_3seed_to_400000_20260208_112207/atari_krull_seed0/eval_eps/20260208T180330-44487f1ea8c44b5eaf22e05d1a89f711-1974.npz,1295,1315,0.05,0.48871421813964844,1.5149158239364624,1.4374862909317017,0.38110002875328064,7.33221435546875,1.5827585458755493,2.4248239994049072,7.622000694274902,7.431875228881836
atari_krull,logs/models/from_scratch_atari_krull_vta_3seed_to_400000_20260208_112207/atari_krull_seed0,random_init,logs/models/from_scratch_atari_krull_vta_3seed_to_400000_20260208_112207/atari_krull_seed0/eval_eps/20260208T180330-44487f1ea8c44b5eaf22e05d1a89f711-1974.npz,1300,1320,0.05,0.49124351143836975,1.5740541219711304,1.4538142681121826,0.38110002875328064,7.195385932922363,1.5827585458755493,2.4248239994049072,7.622000694274902,7.431875228881836
atari_krull,logs/models/from_scratch_atari_krull_vta_3seed_to_400000_20260208_112207/atari_krull_seed0,random_init,logs/models/from_scratch_atari_krull_vta_3seed_to_400000_20260208_112207/atari_krull_seed0/eval_eps/20260208T180330-44487f1ea8c44b5eaf22e05d1a89f711-1974.npz,1305,1325,0.0,0.4624660909175873,1.549774169921875,1.3901348114013672,0.0,7.167574882507324,nan,nan,nan,nan
atari_krull,logs/models/from_scratch_atari_krull_vta_3seed_to_400000_20260208_112207/atari_krull_seed0,random_init,logs/models/from_scratch_atari_krull_vta_3seed_to_400000_20260208_112207/atari_krull_seed0/eval_eps/20260208T180330-44487f1ea8c44b5eaf22e05d1a89f711-1974.npz,1310,1330,0.0,0.465289443731308,1.6049396991729736,1.3858654499053955,0.0,7.1141357421875,nan,nan,nan,nan
atari_krull,logs/models/from_scratch_atari_krull_vta_3seed_to_400000_20260208_112207/atari_krull_seed0,random_init,logs/models/from_scratch_atari_krull_vta_3seed_to_400000_20260208_112207/atari_krull_seed0/eval_eps/20260208T180330-44487f1ea8c44b5eaf22e05d1a89f711-1974.npz,1315,1335,0.0,0.46546655893325806,1.5895979404449463,1.4050390720367432,0.0,7.466832637786865,nan,nan,nan,nan
atari_krull,logs/models/from_scratch_atari_krull_vta_3seed_to_400000_20260208_112207/atari_krull_seed0,random_init,logs/models/from_scratch_atari_krull_vta_3seed_to_400000_20260208_112207/atari_krull_seed0/eval_eps/20260208T180330-44487f1ea8c44b5eaf22e05d1a89f711-1974.npz,1320,1340,0.0,0.4647091329097748,1.5070167779922485,1.3810514211654663,0.0,7.261216640472412,nan,nan,nan,nan
atari_krull,logs/models/from_scratch_atari_krull_vta_3seed_to_400000_20260208_112207/atari_krull_seed0,random_init,logs/models/from_scratch_atari_krull_vta_3seed_to_400000_20260208_112207/atari_krull_seed0/eval_eps/20260208T180330-44487f1ea8c44b5eaf22e05d1a89f711-1974.npz,1325,1345,0.0,0.46603506803512573,1.5115318298339844,1.3548791408538818,0.0,6.92236328125,nan,nan,nan,nan
atari_krull,logs/models/from_scratch_atari_krull_vta_3seed_to_400000_20260208_112207/atari_krull_seed0,random_init,logs/models/from_scratch_atari_krull_vta_3seed_to_400000_20260208_112207/atari_krull_seed0/eval_eps/20260208T180330-44487f1ea8c44b5eaf22e05d1a89f711-1974.npz,1330,1350,0.0,0.46462541818618774,1.4839051961898804,1.3653762340545654,0.0,7.058359622955322,nan,nan,nan,nan
atari_krull,logs/models/from_scratch_atari_krull_vta_3seed_to_400000_20260208_112207/atari_krull_seed0,random_init,logs/models/from_scratch_atari_krull_vta_3seed_to_400000_20260208_112207/atari_krull_seed0/eval_eps/20260208T180330-44487f1ea8c44b5eaf22e05d1a89f711-1974.npz,1335,1355,0.05,0.49276018142700195,1.495924711227417,1.4350796937942505,0.3722471594810486,7.06008768081665,1.8480223417282104,2.672374725341797,7.444942951202393,9.36607551574707
atari_krull,logs/models/from_scratch_atari_krull_vta_3seed_to_400000_20260208_112207/atari_krull_seed0,random_init,logs/models/from_scratch_atari_krull_vta_3seed_to_400000_20260208_112207/atari_krull_seed0/eval_eps/20260208T180330-44487f1ea8c44b5eaf22e05d1a89f711-1974.npz,1340,1360,0.05,0.4915303587913513,1.522383451461792,1.457518458366394,0.3722471594810486,7.253602027893066,1.8480223417282104,2.672374725341797,7.444942951202393,9.36607551574707
atari_krull,logs/models/from_scratch_atari_krull_vta_3seed_to_400000_20260208_112207/atari_krull_seed0,random_init,logs/models/from_scratch_atari_krull_vta_3seed_to_400000_20260208_112207/atari_krull_seed0/eval_eps/20260208T180330-44487f1ea8c44b5eaf22e05d1a89f711-1974.npz,1345,1365,0.05,0.4932960569858551,1.4941760301589966,1.4609837532043457,0.3722471594810486,7.3900299072265625,1.8480223417282104,2.672374725341797,7.444942951202393,9.36607551574707
atari_krull,logs/models/from_scratch_atari_krull_vta_3seed_to_400000_20260208_112207/atari_krull_seed0,random_init,logs/models/from_scratch_atari_krull_vta_3seed_to_400000_20260208_112207/atari_krull_seed0/eval_eps/20260208T180330-44487f1ea8c44b5eaf22e05d1a89f711-1974.npz,1350,1370,0.05,0.49404287338256836,1.4977103471755981,1.4138914346694946,0.3722471594810486,7.743329048156738,1.8480223417282104,2.672374725341797,7.444942951202393,9.36607551574707
atari_krull,logs/models/from_scratch_atari_krull_vta_3seed_to_400000_20260208_112207/atari_krull_seed0,random_init,logs/models/from_scratch_atari_krull_vta_3seed_to_400000_20260208_112207/atari_krull_seed0/eval_eps/20260208T180330-44487f1ea8c44b5eaf22e05d1a89f711-1974.npz,1355,1375,0.0,0.4679056704044342,1.3838465213775635,1.2511612176895142,0.0,7.8776726722717285,nan,nan,nan,nan
atari_krull,logs/models/from_scratch_atari_krull_vta_3seed_to_400000_20260208_112207/atari_krull_seed0,random_init,logs/models/from_scratch_atari_krull_vta_3seed_to_400000_20260208_112207/atari_krull_seed0/eval_eps/20260208T180330-44487f1ea8c44b5eaf22e05d1a89f711-1974.npz,1360,1380,0.0,0.47213658690452576,1.1895893812179565,1.0734584331512451,0.0,8.301198959350586,nan,nan,nan,nan
atari_krull,logs/models/from_scratch_atari_krull_vta_3seed_to_400000_20260208_112207/atari_krull_seed0,random_init,logs/models/from_scratch_atari_krull_vta_3seed_to_400000_20260208_112207/atari_krull_seed0/eval_eps/20260208T180330-44487f1ea8c44b5eaf22e05d1a89f711-1974.npz,1365,1385,0.0,0.47389134764671326,1.0260204076766968,0.9137082099914551,0.0,8.87548542022705,nan,nan,nan,nan
atari_krull,logs/models/from_scratch_atari_krull_vta_3seed_to_400000_20260208_112207/atari_krull_seed0,random_init,logs/models/from_scratch_atari_krull_vta_3seed_to_400000_20260208_112207/atari_krull_seed0/eval_eps/20260208T180330-44487f1ea8c44b5eaf22e05d1a89f711-1974.npz,1370,1390,0.0,0.476959228515625,0.8249590992927551,0.7863829731941223,0.0,8.620345115661621,nan,nan,nan,nan
atari_krull,logs/models/from_scratch_atari_krull_vta_3seed_to_400000_20260208_112207/atari_krull_seed0,random_init,logs/models/from_scratch_atari_krull_vta_3seed_to_400000_20260208_112207/atari_krull_seed0/eval_eps/20260208T180330-44487f1ea8c44b5eaf22e05d1a89f711-1974.npz,1375,1395,0.0,0.4788244664669037,0.74485844373703,0.6870584487915039,0.0,8.569864273071289,nan,nan,nan,nan
atari_krull,logs/models/from_scratch_atari_krull_vta_3seed_to_400000_20260208_112207/atari_krull_seed0,random_init,logs/models/from_scratch_atari_krull_vta_3seed_to_400000_20260208_112207/atari_krull_seed0/eval_eps/20260208T180330-44487f1ea8c44b5eaf22e05d1a89f711-1974.npz,1380,1400,0.0,0.4791511595249176,0.7682040929794312,0.7121726870536804,0.0,8.460920333862305,nan,nan,nan,nan
atari_krull,logs/models/from_scratch_atari_krull_vta_3seed_to_400000_20260208_112207/atari_krull_seed0,random_init,logs/models/from_scratch_atari_krull_vta_3seed_to_400000_20260208_112207/atari_krull_seed0/eval_eps/20260208T180330-44487f1ea8c44b5eaf22e05d1a89f711-1974.npz,1385,1405,0.05,0.5060079097747803,0.7806498408317566,0.8402919769287109,0.4194510579109192,8.196874618530273,0.8443736433982849,2.5162787437438965,8.389020919799805,9.82278060913086
atari_krull,logs/models/from_scratch_atari_krull_vta_3seed_to_400000_20260208_112207/atari_krull_seed0,random_init,logs/models/from_scratch_atari_krull_vta_3seed_to_400000_20260208_112207/atari_krull_seed0/eval_eps/20260208T180330-44487f1ea8c44b5eaf22e05d1a89f711-1974.npz,1390,1410,0.05,0.5068400502204895,0.7918521761894226,0.830936074256897,0.4194510579109192,7.900989532470703,0.8443736433982849,2.5162787437438965,8.389020919799805,9.82278060913086
atari_krull,logs/models/from_scratch_atari_krull_vta_3seed_to_400000_20260208_112207/atari_krull_seed0,random_init,logs/models/from_scratch_atari_krull_vta_3seed_to_400000_20260208_112207/atari_krull_seed0/eval_eps/20260208T180330-44487f1ea8c44b5eaf22e05d1a89f711-1974.npz,1395,1415,0.05,0.5072029829025269,0.7883849143981934,0.858185887336731,0.4194510579109192,7.856958866119385,0.8443736433982849,2.5162787437438965,8.389020919799805,9.82278060913086
atari_krull,logs/models/from_scratch_atari_krull_vta_3seed_to_400000_20260208_112207/atari_krull_seed0,random_init,logs/models/from_scratch_atari_krull_vta_3seed_to_400000_20260208_112207/atari_krull_seed0/eval_eps/20260208T180330-44487f1ea8c44b5eaf22e05d1a89f711-1974.npz,1400,1420,0.05,0.5079692602157593,0.8049863576889038,0.8363116383552551,0.4194510579109192,7.895455837249756,0.8443736433982849,2.5162787437438965,8.389020919799805,9.82278060913086
atari_krull,logs/models/from_scratch_atari_krull_vta_3seed_to_400000_20260208_112207/atari_krull_seed0,random_init,logs/models/from_scratch_atari_krull_vta_3seed_to_400000_20260208_112207/atari_krull_seed0/eval_eps/20260208T180330-44487f1ea8c44b5eaf22e05d1a89f711-1974.npz,1405,1425,0.0,0.48153701424598694,0.7742772698402405,0.712295413017273,0.0,7.660388946533203,nan,nan,nan,nan
atari_krull,logs/models/from_scratch_atari_krull_vta_3seed_to_400000_20260208_112207/atari_krull_seed0,random_init,logs/models/from_scratch_atari_krull_vta_3seed_to_400000_20260208_112207/atari_krull_seed0/eval_eps/20260208T180330-44487f1ea8c44b5eaf22e05d1a89f711-1974.npz,1410,1430,0.0,0.4811594486236572,0.7678831815719604,0.6926709413528442,0.0,7.941699028015137,nan,nan,nan,nan
atari_krull,logs/models/from_scratch_atari_krull_vta_3seed_to_400000_20260208_112207/atari_krull_seed0,random_init,logs/models/from_scratch_atari_krull_vta_3seed_to_400000_20260208_112207/atari_krull_seed0/eval_eps/20260208T180330-44487f1ea8c44b5eaf22e05d1a89f711-1974.npz,1415,1435,0.0,0.48068347573280334,0.7724939584732056,0.6869164705276489,0.0,8.104634284973145,nan,nan,nan,nan
atari_krull,logs/models/from_scratch_atari_krull_vta_3seed_to_400000_20260208_112207/atari_krull_seed0,random_init,logs/models/from_scratch_atari_krull_vta_3seed_to_400000_20260208_112207/atari_krull_seed0/eval_eps/20260208T180330-44487f1ea8c44b5eaf22e05d1a89f711-1974.npz,1420,1440,0.0,0.4802412986755371,0.7742754220962524,0.6821058392524719,0.0,7.787362098693848,nan,nan,nan,nan
atari_krull,logs/models/from_scratch_atari_krull_vta_3seed_to_400000_20260208_112207/atari_krull_seed0,random_init,logs/models/from_scratch_atari_krull_vta_3seed_to_400000_20260208_112207/atari_krull_seed0/eval_eps/20260208T180330-44487f1ea8c44b5eaf22e05d1a89f711-1974.npz,1425,1445,0.0,0.4798804819583893,0.7765617966651917,0.6693486571311951,0.0,8.10474967956543,nan,nan,nan,nan
atari_krull,logs/models/from_scratch_atari_krull_vta_3seed_to_400000_20260208_112207/atari_krull_seed0,random_init,logs/models/from_scratch_atari_krull_vta_3seed_to_400000_20260208_112207/atari_krull_seed0/eval_eps/20260208T180330-44487f1ea8c44b5eaf22e05d1a89f711-1974.npz,1430,1450,0.0,0.4787367880344391,0.783734917640686,0.6897553205490112,0.0,8.013372421264648,nan,nan,nan,nan
atari_krull,logs/models/from_scratch_atari_krull_vta_3seed_to_400000_20260208_112207/atari_krull_seed0,random_init,logs/models/from_scratch_atari_krull_vta_3seed_to_400000_20260208_112207/atari_krull_seed0/eval_eps/20260208T180330-44487f1ea8c44b5eaf22e05d1a89f711-1974.npz,1435,1455,0.05,0.5037316083908081,0.7831854820251465,0.7962223887443542,0.2953542172908783,8.101786613464355,0.7386890053749084,2.1644458770751953,5.9070844650268555,6.174336910247803
atari_krull,logs/models/from_scratch_atari_krull_vta_3seed_to_400000_20260208_112207/atari_krull_seed0,random_init,logs/models/from_scratch_atari_krull_vta_3seed_to_400000_20260208_112207/atari_krull_seed0/eval_eps/20260208T180330-44487f1ea8c44b5eaf22e05d1a89f711-1974.npz,1440,1460,0.05,0.5016278028488159,0.752832293510437,0.8025528192520142,0.2953542172908783,8.46041202545166,0.7386890053749084,2.1644458770751953,5.9070844650268555,6.174336910247803
atari_krull,logs/models/from_scratch_atari_krull_vta_3seed_to_400000_20260208_112207/atari_krull_seed0,random_init,logs/models/from_scratch_atari_krull_vta_3seed_to_400000_20260208_112207/atari_krull_seed0/eval_eps/20260208T180330-44487f1ea8c44b5eaf22e05d1a89f711-1974.npz,1445,1465,0.05,0.4998439848423004,0.755707859992981,0.7982639074325562,0.2953542172908783,8.326910972595215,0.7386890053749084,2.1644458770751953,5.9070844650268555,6.174336910247803
atari_krull,logs/models/from_scratch_atari_krull_vta_3seed_to_400000_20260208_112207/atari_krull_seed0,random_init,logs/models/from_scratch_atari_krull_vta_3seed_to_400000_20260208_112207/atari_krull_seed0/eval_eps/20260208T180330-44487f1ea8c44b5eaf22e05d1a89f711-1974.npz,1450,1470,0.05,0.4985942840576172,0.7110803127288818,0.7595261335372925,0.2953542172908783,8.128617286682129,0.7386890053749084,2.1644458770751953,5.9070844650268555,6.174336910247803
atari_krull,logs/models/from_scratch_atari_krull_vta_3seed_to_400000_20260208_112207/atari_krull_seed0,random_init,logs/models/from_scratch_atari_krull_vta_3seed_to_400000_20260208_112207/atari_krull_seed0/eval_eps/20260208T180330-44487f1ea8c44b5eaf22e05d1a89f711-1974.npz,1455,1475,0.0,0.4711470603942871,0.6808622479438782,0.6214393377304077,0.0,7.811966896057129,nan,nan,nan,nan
atari_krull,logs/models/from_scratch_atari_krull_vta_3seed_to_400000_20260208_112207/atari_krull_seed0,random_init,logs/models/from_scratch_atari_krull_vta_3seed_to_400000_20260208_112207/atari_krull_seed0/eval_eps/20260208T180330-44487f1ea8c44b5eaf22e05d1a89f711-1974.npz,1460,1480,0.0,0.4707447588443756,0.6334363222122192,0.5699063539505005,0.0,7.716906547546387,nan,nan,nan,nan
atari_krull,logs/models/from_scratch_atari_krull_vta_3seed_to_400000_20260208_112207/atari_krull_seed0,random_init,logs/models/from_scratch_atari_krull_vta_3seed_to_400000_20260208_112207/atari_krull_seed0/eval_eps/20260208T180330-44487f1ea8c44b5eaf22e05d1a89f711-1974.npz,1465,1485,0.0,0.4695805609226227,0.5002278089523315,0.4742508828639984,0.0,7.784804344177246,nan,nan,nan,nan
atari_krull,logs/models/from_scratch_atari_krull_vta_3seed_to_400000_20260208_112207/atari_krull_seed0,random_init,logs/models/from_scratch_atari_krull_vta_3seed_to_400000_20260208_112207/atari_krull_seed0/eval_eps/20260208T180330-44487f1ea8c44b5eaf22e05d1a89f711-1974.npz,1470,1490,0.0,0.46905407309532166,0.3563441336154938,0.3875073790550232,0.0,7.976491451263428,nan,nan,nan,nan
atari_krull,logs/models/from_scratch_atari_krull_vta_3seed_to_400000_20260208_112207/atari_krull_seed0,random_init,logs/models/from_scratch_atari_krull_vta_3seed_to_400000_20260208_112207/atari_krull_seed0/eval_eps/20260208T180330-44487f1ea8c44b5eaf22e05d1a89f711-1974.npz,1475,1495,0.0,0.46865925192832947,0.19884923100471497,0.28494879603385925,0.0,7.639540195465088,nan,nan,nan,nan
atari_krull,logs/models/from_scratch_atari_krull_vta_3seed_to_400000_20260208_112207/atari_krull_seed0,random_init,logs/models/from_scratch_atari_krull_vta_3seed_to_400000_20260208_112207/atari_krull_seed0/eval_eps/20260208T180330-44487f1ea8c44b5eaf22e05d1a89f711-1974.npz,1480,1500,0.0,0.4688851833343506,0.11776397377252579,0.24050907790660858,0.0,7.449761390686035,nan,nan,nan,nan
atari_krull,logs/models/from_scratch_atari_krull_vta_3seed_to_400000_20260208_112207/atari_krull_seed0,random_init,logs/models/from_scratch_atari_krull_vta_3seed_to_400000_20260208_112207/atari_krull_seed0/eval_eps/20260208T180330-44487f1ea8c44b5eaf22e05d1a89f711-1974.npz,1485,1505,0.05,0.49495500326156616,0.21056339144706726,0.40983110666275024,0.24203117191791534,7.431842803955078,0.6883463263511658,1.9702022075653076,4.840623378753662,6.056046485900879
atari_krull,logs/models/from_scratch_atari_krull_vta_3seed_to_400000_20260208_112207/atari_krull_seed0,random_init,logs/models/from_scratch_atari_krull_vta_3seed_to_400000_20260208_112207/atari_krull_seed0/eval_eps/20260208T180330-44487f1ea8c44b5eaf22e05d1a89f711-1974.npz,1490,1510,0.05,0.4943977892398834,0.3538963198661804,0.5001705884933472,0.24203117191791534,7.476273536682129,0.6883463263511658,1.9702022075653076,4.840623378753662,6.056046485900879
atari_krull,logs/models/from_scratch_atari_krull_vta_3seed_to_400000_20260208_112207/atari_krull_seed0,random_init,logs/models/from_scratch_atari_krull_vta_3seed_to_400000_20260208_112207/atari_krull_seed0/eval_eps/20260208T180330-44487f1ea8c44b5eaf22e05d1a89f711-1974.npz,1495,1515,0.05,0.4929376542568207,0.5507715940475464,0.6168001890182495,0.24203117191791534,7.999783515930176,0.6883463263511658,1.9702022075653076,4.840623378753662,6.056046485900879
atari_krull,logs/models/from_scratch_atari_krull_vta_3seed_to_400000_20260208_112207/atari_krull_seed0,random_init,logs/models/from_scratch_atari_krull_vta_3seed_to_400000_20260208_112207/atari_krull_seed0/eval_eps/20260208T180330-44487f1ea8c44b5eaf22e05d1a89f711-1974.npz,1500,1520,0.05,0.4915775656700134,0.6802318096160889,0.6972010731697083,0.24203117191791534,8.098424911499023,0.6883463263511658,1.9702022075653076,4.840623378753662,6.056046485900879
atari_krull,logs/models/from_scratch_atari_krull_vta_3seed_to_400000_20260208_112207/atari_krull_seed0,random_init,logs/models/from_scratch_atari_krull_vta_3seed_to_400000_20260208_112207/atari_krull_seed0/eval_eps/20260208T180330-44487f1ea8c44b5eaf22e05d1a89f711-1974.npz,1505,1525,0.0,0.4647865295410156,0.7218995094299316,0.6375505924224854,0.0,7.508370399475098,nan,nan,nan,nan
atari_krull,logs/models/from_scratch_atari_krull_vta_3seed_to_400000_20260208_112207/atari_krull_seed0,random_init,logs/models/from_scratch_atari_krull_vta_3seed_to_400000_20260208_112207/atari_krull_seed0/eval_eps/20260208T180330-44487f1ea8c44b5eaf22e05d1a89f711-1974.npz,1510,1530,0.0,0.46442246437072754,0.7341841459274292,0.6800171136856079,0.0,7.7017717361450195,nan,nan,nan,nan
atari_krull,logs/models/from_scratch_atari_krull_vta_3seed_to_400000_20260208_112207/atari_krull_seed0,random_init,logs/models/from_scratch_atari_krull_vta_3seed_to_400000_20260208_112207/atari_krull_seed0/eval_eps/20260208T180330-44487f1ea8c44b5eaf22e05d1a89f711-1974.npz,1515,1535,0.0,0.46514788269996643,0.7483919262886047,0.7103409171104431,0.0,7.890111446380615,nan,nan,nan,nan
atari_krull,logs/models/from_scratch_atari_krull_vta_3seed_to_400000_20260208_112207/atari_krull_seed0,random_init,logs/models/from_scratch_atari_krull_vta_3seed_to_400000_20260208_112207/atari_krull_seed0/eval_eps/20260208T180330-44487f1ea8c44b5eaf22e05d1a89f711-1974.npz,1520,1540,0.0,0.4661160111427307,0.7628336548805237,0.7166894674301147,0.0,8.249521255493164,nan,nan,nan,nan
atari_krull,logs/models/from_scratch_atari_krull_vta_3seed_to_400000_20260208_112207/atari_krull_seed0,random_init,logs/models/from_scratch_atari_krull_vta_3seed_to_400000_20260208_112207/atari_krull_seed0/eval_eps/20260208T180330-44487f1ea8c44b5eaf22e05d1a89f711-1974.npz,1525,1545,0.0,0.46672481298446655,0.761543869972229,0.712374210357666,0.0,9.01637077331543,nan,nan,nan,nan
atari_krull,logs/models/from_scratch_atari_krull_vta_3seed_to_400000_20260208_112207/atari_krull_seed0,random_init,logs/models/from_scratch_atari_krull_vta_3seed_to_400000_20260208_112207/atari_krull_seed0/eval_eps/20260208T180330-44487f1ea8c44b5eaf22e05d1a89f711-1974.npz,1530,1550,0.0,0.4678840637207031,0.7774778604507446,0.710941731929779,0.0,9.159769058227539,nan,nan,nan,nan
atari_krull,logs/models/from_scratch_atari_krull_vta_3seed_to_400000_20260208_112207/atari_krull_seed0,random_init,logs/models/from_scratch_atari_krull_vta_3seed_to_400000_20260208_112207/atari_krull_seed0/eval_eps/20260208T180330-44487f1ea8c44b5eaf22e05d1a89f711-1974.npz,1535,1555,0.05,0.4950529932975769,0.773377537727356,0.7753528356552124,0.35952749848365784,9.072339057922363,1.0587226152420044,1.8183518648147583,7.190549850463867,8.872252464294434
atari_krull,logs/models/from_scratch_atari_krull_vta_3seed_to_400000_20260208_112207/atari_krull_seed0,random_init,logs/models/from_scratch_atari_krull_vta_3seed_to_400000_20260208_112207/atari_krull_seed0/eval_eps/20260208T180330-44487f1ea8c44b5eaf22e05d1a89f711-1974.npz,1540,1560,0.05,0.4951947331428528,0.7569570541381836,0.7910208106040955,0.35952749848365784,8.667362213134766,1.0587226152420044,1.8183518648147583,7.190549850463867,8.872252464294434
atari_krull,logs/models/from_scratch_atari_krull_vta_3seed_to_400000_20260208_112207/atari_krull_seed0,random_init,logs/models/from_scratch_atari_krull_vta_3seed_to_400000_20260208_112207/atari_krull_seed0/eval_eps/20260208T180330-44487f1ea8c44b5eaf22e05d1a89f711-1974.npz,1545,1565,0.05,0.49525371193885803,0.777198851108551,0.7968147993087769,0.35952749848365784,8.16238021850586,1.0587226152420044,1.8183518648147583,7.190549850463867,8.872252464294434
atari_krull,logs/models/from_scratch_atari_krull_vta_3seed_to_400000_20260208_112207/atari_krull_seed0,random_init,logs/models/from_scratch_atari_krull_vta_3seed_to_400000_20260208_112207/atari_krull_seed0/eval_eps/20260208T180330-44487f1ea8c44b5eaf22e05d1a89f711-1974.npz,1550,1570,0.05,0.4951527714729309,0.782990038394928,0.7897786498069763,0.35952749848365784,7.7532196044921875,1.0587226152420044,1.8183518648147583,7.190549850463867,8.872252464294434
atari_krull,logs/models/from_scratch_atari_krull_vta_3seed_to_400000_20260208_112207/atari_krull_seed0,random_init,logs/models/from_scratch_atari_krull_vta_3seed_to_400000_20260208_112207/atari_krull_seed0/eval_eps/20260208T180330-44487f1ea8c44b5eaf22e05d1a89f711-1974.npz,1555,1575,0.0,0.4686274528503418,0.7446123361587524,0.6992801427841187,0.0,7.321959495544434,nan,nan,nan,nan
atari_krull,logs/models/from_scratch_atari_krull_vta_3seed_to_400000_20260208_112207/atari_krull_seed0,random_init,logs/models/from_scratch_atari_krull_vta_3seed_to_400000_20260208_112207/atari_krull_seed0/eval_eps/20260208T180330-44487f1ea8c44b5eaf22e05d1a89f711-1974.npz,1560,1580,0.0,0.4680051803588867,0.7813867330551147,0.6809200644493103,0.0,7.780147552490234,nan,nan,nan,nan
atari_krull,logs/models/from_scratch_atari_krull_vta_3seed_to_400000_20260208_112207/atari_krull_seed0,random_init,logs/models/from_scratch_atari_krull_vta_3seed_to_400000_20260208_112207/atari_krull_seed0/eval_eps/20260208T180330-44487f1ea8c44b5eaf22e05d1a89f711-1974.npz,1565,1585,0.0,0.4681669771671295,0.7415791749954224,0.6662024259567261,0.0,8.056307792663574,nan,nan,nan,nan
atari_krull,logs/models/from_scratch_atari_krull_vta_3seed_to_400000_20260208_112207/atari_krull_seed0,random_init,logs/models/from_scratch_atari_krull_vta_3seed_to_400000_20260208_112207/atari_krull_seed0/eval_eps/20260208T180330-44487f1ea8c44b5eaf22e05d1a89f711-1974.npz,1570,1590,0.0,0.4676106572151184,0.7009627819061279,0.6314519643783569,0.0,8.111576080322266,nan,nan,nan,nan
atari_krull,logs/models/from_scratch_atari_krull_vta_3seed_to_400000_20260208_112207/atari_krull_seed0,random_init,logs/models/from_scratch_atari_krull_vta_3seed_to_400000_20260208_112207/atari_krull_seed0/eval_eps/20260208T180330-44487f1ea8c44b5eaf22e05d1a89f711-1974.npz,1575,1595,0.0,0.46790140867233276,0.6873303651809692,0.608277440071106,0.0,8.401224136352539,nan,nan,nan,nan
atari_krull,logs/models/from_scratch_atari_krull_vta_3seed_to_400000_20260208_112207/atari_krull_seed0,random_init,logs/models/from_scratch_atari_krull_vta_3seed_to_400000_20260208_112207/atari_krull_seed0/eval_eps/20260208T180330-44487f1ea8c44b5eaf22e05d1a89f711-1974.npz,1580,1600,0.0,0.4679417014122009,0.6147042512893677,0.585347056388855,0.0,7.870962619781494,nan,nan,nan,nan
atari_krull,logs/models/from_scratch_atari_krull_vta_3seed_to_400000_20260208_112207/atari_krull_seed0,random_init,logs/models/from_scratch_atari_krull_vta_3seed_to_400000_20260208_112207/atari_krull_seed0/eval_eps/20260208T180330-44487f1ea8c44b5eaf22e05d1a89f711-1974.npz,1585,1605,0.05,0.49409669637680054,0.5981737375259399,0.6686505675315857,0.3044511675834656,7.738743782043457,0.61124587059021,1.9692538976669312,6.089023113250732,7.600044250488281
atari_krull,logs/models/from_scratch_atari_krull_vta_3seed_to_400000_20260208_112207/atari_krull_seed0,random_init,logs/models/from_scratch_atari_krull_vta_3seed_to_400000_20260208_112207/atari_krull_seed0/eval_eps/20260208T180330-44487f1ea8c44b5eaf22e05d1a89f711-1974.npz,1590,1610,0.05,0.49253368377685547,0.529212474822998,0.6265403628349304,0.3044511675834656,8.105947494506836,0.61124587059021,1.9692538976669312,6.089023113250732,7.600044250488281
atari_krull,logs/models/from_scratch_atari_krull_vta_3seed_to_400000_20260208_112207/atari_krull_seed0,random_init,logs/models/from_scratch_atari_krull_vta_3seed_to_400000_20260208_112207/atari_krull_seed0/eval_eps/20260208T180330-44487f1ea8c44b5eaf22e05d1a89f711-1974.npz,1595,1615,0.05,0.488106906414032,0.7219402194023132,0.8109857439994812,0.3044511675834656,8.02705192565918,0.61124587059021,1.9692538976669312,6.089023113250732,7.600044250488281
atari_krull,logs/models/from_scratch_atari_krull_vta_3seed_to_400000_20260208_112207/atari_krull_seed0,random_init,logs/models/from_scratch_atari_krull_vta_3seed_to_400000_20260208_112207/atari_krull_seed0/eval_eps/20260208T180330-44487f1ea8c44b5eaf22e05d1a89f711-1974.npz,1600,1620,0.05,0.4855748116970062,0.914110541343689,0.9447188377380371,0.3044511675834656,8.36438274383545,0.61124587059021,1.9692538976669312,6.089023113250732,7.600044250488281
atari_krull,logs/models/from_scratch_atari_krull_vta_3seed_to_400000_20260208_112207/atari_krull_seed0,random_init,logs/models/from_scratch_atari_krull_vta_3seed_to_400000_20260208_112207/atari_krull_seed0/eval_eps/20260208T180330-44487f1ea8c44b5eaf22e05d1a89f711-1974.npz,1605,1625,0.0,0.45501646399497986,1.046015977859497,0.9368213415145874,0.0,8.489358901977539,nan,nan,nan,nan
atari_krull,logs/models/from_scratch_atari_krull_vta_3seed_to_400000_20260208_112207/atari_krull_seed0,random_init,logs/models/from_scratch_atari_krull_vta_3seed_to_400000_20260208_112207/atari_krull_seed0/eval_eps/20260208T180330-44487f1ea8c44b5eaf22e05d1a89f711-1974.npz,1610,1630,0.0,0.4539429247379303,1.1799507141113281,1.081406831741333,0.0,8.035966873168945,nan,nan,nan,nan
atari_krull,logs/models/from_scratch_atari_krull_vta_3seed_to_400000_20260208_112207/atari_krull_seed0,random_init,logs/models/from_scratch_atari_krull_vta_3seed_to_400000_20260208_112207/atari_krull_seed0/eval_eps/20260208T180330-44487f1ea8c44b5eaf22e05d1a89f711-1974.npz,1615,1635,0.0,0.4520835876464844,1.1056485176086426,1.0602753162384033,0.0,7.829868316650391,nan,nan,nan,nan
atari_krull,logs/models/from_scratch_atari_krull_vta_3seed_to_400000_20260208_112207/atari_krull_seed0,random_init,logs/models/from_scratch_atari_krull_vta_3seed_to_400000_20260208_112207/atari_krull_seed0/eval_eps/20260208T180330-44487f1ea8c44b5eaf22e05d1a89f711-1974.npz,1620,1640,0.0,0.4514831602573395,1.0667519569396973,1.0643478631973267,0.0,7.56264591217041,nan,nan,nan,nan
atari_krull,logs/models/from_scratch_atari_krull_vta_3seed_to_400000_20260208_112207/atari_krull_seed0,random_init,logs/models/from_scratch_atari_krull_vta_3seed_to_400000_20260208_112207/atari_krull_seed0/eval_eps/20260208T180330-44487f1ea8c44b5eaf22e05d1a89f711-1974.npz,1625,1645,0.0,0.4531886577606201,1.114194393157959,1.103071928024292,0.0,7.347311973571777,nan,nan,nan,nan
atari_krull,logs/models/from_scratch_atari_krull_vta_3seed_to_400000_20260208_112207/atari_krull_seed0,random_init,logs/models/from_scratch_atari_krull_vta_3seed_to_400000_20260208_112207/atari_krull_seed0/eval_eps/20260208T180330-44487f1ea8c44b5eaf22e05d1a89f711-1974.npz,1630,1650,0.0,0.45222967863082886,1.156816005706787,1.09708571434021,0.0,7.655025482177734,nan,nan,nan,nan
atari_krull,logs/models/from_scratch_atari_krull_vta_3seed_to_400000_20260208_112207/atari_krull_seed0,random_init,logs/models/from_scratch_atari_krull_vta_3seed_to_400000_20260208_112207/atari_krull_seed0/eval_eps/20260208T180330-44487f1ea8c44b5eaf22e05d1a89f711-1974.npz,1635,1655,0.05,0.48000550270080566,1.1019021272659302,1.1350207328796387,0.4045385420322418,7.7096848487854,0.7203709483146667,2.3805036544799805,8.090770721435547,6.835046768188477
atari_krull,logs/models/from_scratch_atari_krull_vta_3seed_to_400000_20260208_112207/atari_krull_seed0,random_init,logs/models/from_scratch_atari_krull_vta_3seed_to_400000_20260208_112207/atari_krull_seed0/eval_eps/20260208T180330-44487f1ea8c44b5eaf22e05d1a89f711-1974.npz,1640,1660,0.05,0.4776709973812103,1.065720558166504,1.1589808464050293,0.4045385420322418,7.731298923492432,0.7203709483146667,2.3805036544799805,8.090770721435547,6.835046768188477
atari_krull,logs/models/from_scratch_atari_krull_vta_3seed_to_400000_20260208_112207/atari_krull_seed0,random_init,logs/models/from_scratch_atari_krull_vta_3seed_to_400000_20260208_112207/atari_krull_seed0/eval_eps/20260208T180330-44487f1ea8c44b5eaf22e05d1a89f711-1974.npz,1645,1665,0.05,0.4782782196998596,1.0209455490112305,1.1630936861038208,0.4045385420322418,7.733681678771973,0.7203709483146667,2.3805036544799805,8.090770721435547,6.835046768188477
atari_krull,logs/models/from_scratch_atari_krull_vta_3seed_to_400000_20260208_112207/atari_krull_seed0,random_init,logs/models/from_scratch_atari_krull_vta_3seed_to_400000_20260208_112207/atari_krull_seed0/eval_eps/20260208T180330-44487f1ea8c44b5eaf22e05d1a89f711-1974.npz,1650,1670,0.05,0.47890907526016235,1.0725135803222656,1.214385986328125,0.4045385420322418,7.636373043060303,0.7203709483146667,2.3805036544799805,8.090770721435547,6.835046768188477
atari_krull,logs/models/from_scratch_atari_krull_vta_3seed_to_400000_20260208_112207/atari_krull_seed0,random_init,logs/models/from_scratch_atari_krull_vta_3seed_to_400000_20260208_112207/atari_krull_seed0/eval_eps/20260208T180330-44487f1ea8c44b5eaf22e05d1a89f711-1974.npz,1655,1675,0.0,0.4551697373390198,1.0973107814788818,1.1264221668243408,0.0,7.676297664642334,nan,nan,nan,nan
atari_krull,logs/models/from_scratch_atari_krull_vta_3seed_to_400000_20260208_112207/atari_krull_seed0,random_init,logs/models/from_scratch_atari_krull_vta_3seed_to_400000_20260208_112207/atari_krull_seed0/eval_eps/20260208T180330-44487f1ea8c44b5eaf22e05d1a89f711-1974.npz,1660,1680,0.0,0.45637398958206177,1.0657827854156494,1.0617411136627197,0.0,7.141568183898926,nan,nan,nan,nan
atari_krull,logs/models/from_scratch_atari_krull_vta_3seed_to_400000_20260208_112207/atari_krull_seed0,random_init,logs/models/from_scratch_atari_krull_vta_3seed_to_400000_20260208_112207/atari_krull_seed0/eval_eps/20260208T180330-44487f1ea8c44b5eaf22e05d1a89f711-1974.npz,1665,1685,0.0,0.453469842672348,1.0590131282806396,1.0797847509384155,0.0,7.059676170349121,nan,nan,nan,nan
atari_krull,logs/models/from_scratch_atari_krull_vta_3seed_to_400000_20260208_112207/atari_krull_seed0,random_init,logs/models/from_scratch_atari_krull_vta_3seed_to_400000_20260208_112207/atari_krull_seed0/eval_eps/20260208T180330-44487f1ea8c44b5eaf22e05d1a89f711-1974.npz,1670,1690,0.0,0.4556429982185364,1.0682852268218994,1.0811036825180054,0.0,6.887953758239746,nan,nan,nan,nan
atari_krull,logs/models/from_scratch_atari_krull_vta_3seed_to_400000_20260208_112207/atari_krull_seed0,random_init,logs/models/from_scratch_atari_krull_vta_3seed_to_400000_20260208_112207/atari_krull_seed0/eval_eps/20260208T180330-44487f1ea8c44b5eaf22e05d1a89f711-1974.npz,1675,1695,0.0,0.45355090498924255,1.1226578950881958,1.0854911804199219,0.0,7.007133483886719,nan,nan,nan,nan
atari_krull,logs/models/from_scratch_atari_krull_vta_3seed_to_400000_20260208_112207/atari_krull_seed0,random_init,logs/models/from_scratch_atari_krull_vta_3seed_to_400000_20260208_112207/atari_krull_seed0/eval_eps/20260208T180330-44487f1ea8c44b5eaf22e05d1a89f711-1974.npz,1680,1700,0.0,0.4565363824367523,1.1324700117111206,1.0901305675506592,0.0,7.388206481933594,nan,nan,nan,nan
atari_krull,logs/models/from_scratch_atari_krull_vta_3seed_to_400000_20260208_112207/atari_krull_seed0,random_init,logs/models/from_scratch_atari_krull_vta_3seed_to_400000_20260208_112207/atari_krull_seed0/eval_eps/20260208T180330-44487f1ea8c44b5eaf22e05d1a89f711-1974.npz,1685,1705,0.05,0.4838486313819885,1.110452651977539,1.1133824586868286,0.4783296585083008,7.6694655418396,0.9745256900787354,2.058065176010132,9.566593170166016,6.56728458404541
atari_krull,logs/models/from_scratch_atari_krull_vta_3seed_to_400000_20260208_112207/atari_krull_seed0,random_init,logs/models/from_scratch_atari_krull_vta_3seed_to_400000_20260208_112207/atari_krull_seed0/eval_eps/20260208T180330-44487f1ea8c44b5eaf22e05d1a89f711-1974.npz,1690,1710,0.05,0.4800437092781067,1.0795992612838745,1.0939363241195679,0.4783296585083008,7.6608123779296875,0.9745256900787354,2.058065176010132,9.566593170166016,6.56728458404541
atari_krull,logs/models/from_scratch_atari_krull_vta_3seed_to_400000_20260208_112207/atari_krull_seed0,random_init,logs/models/from_scratch_atari_krull_vta_3seed_to_400000_20260208_112207/atari_krull_seed0/eval_eps/20260208T180330-44487f1ea8c44b5eaf22e05d1a89f711-1974.npz,1695,1715,0.05,0.48279839754104614,1.0945913791656494,1.1270625591278076,0.4783296585083008,7.702486991882324,0.9745256900787354,2.058065176010132,9.566593170166016,6.56728458404541
atari_krull,logs/models/from_scratch_atari_krull_vta_3seed_to_400000_20260208_112207/atari_krull_seed0,random_init,logs/models/from_scratch_atari_krull_vta_3seed_to_400000_20260208_112207/atari_krull_seed0/eval_eps/20260208T180330-44487f1ea8c44b5eaf22e05d1a89f711-1974.npz,1700,1720,0.05,0.4796803593635559,1.1645129919052124,1.181810736656189,0.4783296585083008,7.641176700592041,0.9745256900787354,2.058065176010132,9.566593170166016,6.56728458404541
atari_krull,logs/models/from_scratch_atari_krull_vta_3seed_to_400000_20260208_112207/atari_krull_seed0,random_init,logs/models/from_scratch_atari_krull_vta_3seed_to_400000_20260208_112207/atari_krull_seed0/eval_eps/20260208T180330-44487f1ea8c44b5eaf22e05d1a89f711-1974.npz,1705,1725,0.0,0.45504412055015564,1.13558030128479,1.1072863340377808,0.0,7.43084716796875,nan,nan,nan,nan
atari_krull,logs/models/from_scratch_atari_krull_vta_3seed_to_400000_20260208_112207/atari_krull_seed0,random_init,logs/models/from_scratch_atari_krull_vta_3seed_to_400000_20260208_112207/atari_krull_seed0/eval_eps/20260208T180330-44487f1ea8c44b5eaf22e05d1a89f711-1974.npz,1710,1730,0.0,0.4538399279117584,1.0955018997192383,1.0996156930923462,0.0,7.902108192443848,nan,nan,nan,nan
atari_krull,logs/models/from_scratch_atari_krull_vta_3seed_to_400000_20260208_112207/atari_krull_seed0,random_init,logs/models/from_scratch_atari_krull_vta_3seed_to_400000_20260208_112207/atari_krull_seed0/eval_eps/20260208T180330-44487f1ea8c44b5eaf22e05d1a89f711-1974.npz,1715,1735,0.0,0.45092710852622986,1.0536017417907715,1.091756820678711,0.0,7.693445682525635,nan,nan,nan,nan
atari_krull,logs/models/from_scratch_atari_krull_vta_3seed_to_400000_20260208_112207/atari_krull_seed0,random_init,logs/models/from_scratch_atari_krull_vta_3seed_to_400000_20260208_112207/atari_krull_seed0/eval_eps/20260208T180330-44487f1ea8c44b5eaf22e05d1a89f711-1974.npz,1720,1740,0.0,0.4525603652000427,1.0833966732025146,1.0531542301177979,0.0,7.893349647521973,nan,nan,nan,nan
atari_krull,logs/models/from_scratch_atari_krull_vta_3seed_to_400000_20260208_112207/atari_krull_seed0,random_init,logs/models/from_scratch_atari_krull_vta_3seed_to_400000_20260208_112207/atari_krull_seed0/eval_eps/20260208T180330-44487f1ea8c44b5eaf22e05d1a89f711-1974.npz,1725,1745,0.0,0.4500970244407654,1.12748122215271,1.052998661994934,0.0,8.172045707702637,nan,nan,nan,nan
atari_krull,logs/models/from_scratch_atari_krull_vta_3seed_to_400000_20260208_112207/atari_krull_seed0,random_init,logs/models/from_scratch_atari_krull_vta_3seed_to_400000_20260208_112207/atari_krull_seed0/eval_eps/20260208T180330-44487f1ea8c44b5eaf22e05d1a89f711-1974.npz,1730,1750,0.0,0.45204058289527893,1.1037204265594482,1.0352057218551636,0.0,7.729479789733887,nan,nan,nan,nan
atari_krull,logs/models/from_scratch_atari_krull_vta_3seed_to_400000_20260208_112207/atari_krull_seed0,random_init,logs/models/from_scratch_atari_krull_vta_3seed_to_400000_20260208_112207/atari_krull_seed0/eval_eps/20260208T180330-44487f1ea8c44b5eaf22e05d1a89f711-1974.npz,1735,1755,0.05,0.47633832693099976,1.1005070209503174,1.0815056562423706,0.366958349943161,7.557814598083496,1.0615777969360352,1.903870940208435,7.33916711807251,7.83228874206543
atari_krull,logs/models/from_scratch_atari_krull_vta_3seed_to_400000_20260208_112207/atari_krull_seed0,random_init,logs/models/from_scratch_atari_krull_vta_3seed_to_400000_20260208_112207/atari_krull_seed0/eval_eps/20260208T180330-44487f1ea8c44b5eaf22e05d1a89f711-1974.npz,1740,1760,0.05,0.4754026532173157,1.027762532234192,1.0848495960235596,0.366958349943161,7.458487033843994,1.0615777969360352,1.903870940208435,7.33916711807251,7.83228874206543
atari_krull,logs/models/from_scratch_atari_krull_vta_3seed_to_400000_20260208_112207/atari_krull_seed0,random_init,logs/models/from_scratch_atari_krull_vta_3seed_to_400000_20260208_112207/atari_krull_seed0/eval_eps/20260208T180330-44487f1ea8c44b5eaf22e05d1a89f711-1974.npz,1745,1765,0.05,0.47653231024742126,1.0801072120666504,1.1055543422698975,0.366958349943161,7.2971038818359375,1.0615777969360352,1.903870940208435,7.33916711807251,7.83228874206543
atari_krull,logs/models/from_scratch_atari_krull_vta_3seed_to_400000_20260208_112207/atari_krull_seed0,random_init,logs/models/from_scratch_atari_krull_vta_3seed_to_400000_20260208_112207/atari_krull_seed0/eval_eps/20260208T180330-44487f1ea8c44b5eaf22e05d1a89f711-1974.npz,1750,1770,0.05,0.47655048966407776,1.118412733078003,1.098877191543579,0.366958349943161,7.174749851226807,1.0615777969360352,1.903870940208435,7.33916711807251,7.83228874206543
atari_krull,logs/models/from_scratch_atari_krull_vta_3seed_to_400000_20260208_112207/atari_krull_seed0,random_init,logs/models/from_scratch_atari_krull_vta_3seed_to_400000_20260208_112207/atari_krull_seed0/eval_eps/20260208T180330-44487f1ea8c44b5eaf22e05d1a89f711-1974.npz,1755,1775,0.0,0.4506295323371887,1.070753812789917,1.0199079513549805,0.0,7.319619655609131,nan,nan,nan,nan
atari_krull,logs/models/from_scratch_atari_krull_vta_3seed_to_400000_20260208_112207/atari_krull_seed0,random_init,logs/models/from_scratch_atari_krull_vta_3seed_to_400000_20260208_112207/atari_krull_seed0/eval_eps/20260208T180330-44487f1ea8c44b5eaf22e05d1a89f711-1974.npz,1760,1780,0.0,0.44727882742881775,1.0565614700317383,1.0340821743011475,0.0,7.373236656188965,nan,nan,nan,nan
atari_krull,logs/models/from_scratch_atari_krull_vta_3seed_to_400000_20260208_112207/atari_krull_seed0,random_init,logs/models/from_scratch_atari_krull_vta_3seed_to_400000_20260208_112207/atari_krull_seed0/eval_eps/20260208T180330-44487f1ea8c44b5eaf22e05d1a89f711-1974.npz,1765,1785,0.0,0.44748085737228394,1.0079840421676636,1.027215600013733,0.0,7.278677940368652,nan,nan,nan,nan
atari_krull,logs/models/from_scratch_atari_krull_vta_3seed_to_400000_20260208_112207/atari_krull_seed0,random_init,logs/models/from_scratch_atari_krull_vta_3seed_to_400000_20260208_112207/atari_krull_seed0/eval_eps/20260208T180330-44487f1ea8c44b5eaf22e05d1a89f711-1974.npz,1770,1790,0.0,0.44720330834388733,1.0816757678985596,1.070214033126831,0.0,7.308250427246094,nan,nan,nan,nan
atari_krull,logs/models/from_scratch_atari_krull_vta_3seed_to_400000_20260208_112207/atari_krull_seed0,random_init,logs/models/from_scratch_atari_krull_vta_3seed_to_400000_20260208_112207/atari_krull_seed0/eval_eps/20260208T180330-44487f1ea8c44b5eaf22e05d1a89f711-1974.npz,1775,1795,0.0,0.4495891034603119,1.1061536073684692,1.0615720748901367,0.0,7.1694135665893555,nan,nan,nan,nan
atari_krull,logs/models/from_scratch_atari_krull_vta_3seed_to_400000_20260208_112207/atari_krull_seed0,random_init,logs/models/from_scratch_atari_krull_vta_3seed_to_400000_20260208_112207/atari_krull_seed0/eval_eps/20260208T180330-44487f1ea8c44b5eaf22e05d1a89f711-1974.npz,1780,1800,0.0,0.4519670903682709,1.0930612087249756,1.0391038656234741,0.0,7.099761962890625,nan,nan,nan,nan
atari_krull,logs/models/from_scratch_atari_krull_vta_3seed_to_400000_20260208_112207/atari_krull_seed0,random_init,logs/models/from_scratch_atari_krull_vta_3seed_to_400000_20260208_112207/atari_krull_seed0/eval_eps/20260208T180330-44487f1ea8c44b5eaf22e05d1a89f711-1974.npz,1785,1805,0.05,0.47748470306396484,1.0822169780731201,1.1226859092712402,0.2720988988876343,6.957360744476318,1.1962965726852417,2.1513733863830566,5.4419779777526855,8.692145347595215
atari_krull,logs/models/from_scratch_atari_krull_vta_3seed_to_400000_20260208_112207/atari_krull_seed0,random_init,logs/models/from_scratch_atari_krull_vta_3seed_to_400000_20260208_112207/atari_krull_seed0/eval_eps/20260208T180330-44487f1ea8c44b5eaf22e05d1a89f711-1974.npz,1790,1810,0.05,0.4793732762336731,1.0414974689483643,1.0857794284820557,0.2720988988876343,7.186608791351318,1.1962965726852417,2.1513733863830566,5.4419779777526855,8.692145347595215
atari_krull,logs/models/from_scratch_atari_krull_vta_3seed_to_400000_20260208_112207/atari_krull_seed0,random_init,logs/models/from_scratch_atari_krull_vta_3seed_to_400000_20260208_112207/atari_krull_seed0/eval_eps/20260208T180330-44487f1ea8c44b5eaf22e05d1a89f711-1974.npz,1795,1815,0.05,0.4777495861053467,1.0886198282241821,1.113338589668274,0.2720988988876343,7.281506538391113,1.1962965726852417,2.1513733863830566,5.4419779777526855,8.692145347595215
atari_krull,logs/models/from_scratch_atari_krull_vta_3seed_to_400000_20260208_112207/atari_krull_seed0,random_init,logs/models/from_scratch_atari_krull_vta_3seed_to_400000_20260208_112207/atari_krull_seed0/eval_eps/20260208T180330-44487f1ea8c44b5eaf22e05d1a89f711-1974.npz,1800,1820,0.05,0.4805993139743805,1.0699357986450195,1.09086012840271,0.2720988988876343,7.271081447601318,1.1962965726852417,2.1513733863830566,5.4419779777526855,8.692145347595215
atari_krull,logs/models/from_scratch_atari_krull_vta_3seed_to_400000_20260208_112207/atari_krull_seed0,random_init,logs/models/from_scratch_atari_krull_vta_3seed_to_400000_20260208_112207/atari_krull_seed0/eval_eps/20260208T180330-44487f1ea8c44b5eaf22e05d1a89f711-1974.npz,1805,1825,0.0,0.45334380865097046,1.0494967699050903,0.9933508038520813,0.0,7.312666893005371,nan,nan,nan,nan
atari_krull,logs/models/from_scratch_atari_krull_vta_3seed_to_400000_20260208_112207/atari_krull_seed0,random_init,logs/models/from_scratch_atari_krull_vta_3seed_to_400000_20260208_112207/atari_krull_seed0/eval_eps/20260208T180330-44487f1ea8c44b5eaf22e05d1a89f711-1974.npz,1810,1830,0.0,0.4511222839355469,1.038238763809204,1.0451639890670776,0.0,7.0350236892700195,nan,nan,nan,nan
atari_krull,logs/models/from_scratch_atari_krull_vta_3seed_to_400000_20260208_112207/atari_krull_seed0,random_init,logs/models/from_scratch_atari_krull_vta_3seed_to_400000_20260208_112207/atari_krull_seed0/eval_eps/20260208T180330-44487f1ea8c44b5eaf22e05d1a89f711-1974.npz,1815,1835,0.0,0.4533725678920746,1.0663846731185913,1.0522209405899048,0.0,7.193488121032715,nan,nan,nan,nan
atari_krull,logs/models/from_scratch_atari_krull_vta_3seed_to_400000_20260208_112207/atari_krull_seed0,random_init,logs/models/from_scratch_atari_krull_vta_3seed_to_400000_20260208_112207/atari_krull_seed0/eval_eps/20260208T180330-44487f1ea8c44b5eaf22e05d1a89f711-1974.npz,1820,1840,0.0,0.4502108693122864,1.1517475843429565,1.1062982082366943,0.0,7.221371650695801,nan,nan,nan,nan
atari_krull,logs/models/from_scratch_atari_krull_vta_3seed_to_400000_20260208_112207/atari_krull_seed0,random_init,logs/models/from_scratch_atari_krull_vta_3seed_to_400000_20260208_112207/atari_krull_seed0/eval_eps/20260208T180330-44487f1ea8c44b5eaf22e05d1a89f711-1974.npz,1825,1845,0.0,0.4525125026702881,1.1442649364471436,1.1095592975616455,0.0,7.362451076507568,nan,nan,nan,nan
atari_krull,logs/models/from_scratch_atari_krull_vta_3seed_to_400000_20260208_112207/atari_krull_seed0,random_init,logs/models/from_scratch_atari_krull_vta_3seed_to_400000_20260208_112207/atari_krull_seed0/eval_eps/20260208T180330-44487f1ea8c44b5eaf22e05d1a89f711-1974.npz,1830,1850,0.0,0.4517502188682556,1.1004650592803955,1.083410382270813,0.0,7.38140869140625,nan,nan,nan,nan
atari_krull,logs/models/from_scratch_atari_krull_vta_3seed_to_400000_20260208_112207/atari_krull_seed0,random_init,logs/models/from_scratch_atari_krull_vta_3seed_to_400000_20260208_112207/atari_krull_seed0/eval_eps/20260208T180330-44487f1ea8c44b5eaf22e05d1a89f711-1974.npz,1835,1855,0.05,0.47814345359802246,1.0545334815979004,1.1430864334106445,0.28850647807121277,7.4643096923828125,1.3663421869277954,1.9524550437927246,5.770129680633545,7.278175354003906
atari_krull,logs/models/from_scratch_atari_krull_vta_3seed_to_400000_20260208_112207/atari_krull_seed0,random_init,logs/models/from_scratch_atari_krull_vta_3seed_to_400000_20260208_112207/atari_krull_seed0/eval_eps/20260208T180330-44487f1ea8c44b5eaf22e05d1a89f711-1974.npz,1840,1860,0.05,0.4804956912994385,1.0632760524749756,1.122257947921753,0.28850647807121277,7.64559268951416,1.3663421869277954,1.9524550437927246,5.770129680633545,7.278175354003906
atari_krull,logs/models/from_scratch_atari_krull_vta_3seed_to_400000_20260208_112207/atari_krull_seed0,random_init,logs/models/from_scratch_atari_krull_vta_3seed_to_400000_20260208_112207/atari_krull_seed0/eval_eps/20260208T180330-44487f1ea8c44b5eaf22e05d1a89f711-1974.npz,1845,1865,0.05,0.4790290892124176,1.1038405895233154,1.1457345485687256,0.28850647807121277,7.654550075531006,1.3663421869277954,1.9524550437927246,5.770129680633545,7.278175354003906
atari_krull,logs/models/from_scratch_atari_krull_vta_3seed_to_400000_20260208_112207/atari_krull_seed0,random_init,logs/models/from_scratch_atari_krull_vta_3seed_to_400000_20260208_112207/atari_krull_seed0/eval_eps/20260208T180330-44487f1ea8c44b5eaf22e05d1a89f711-1974.npz,1850,1870,0.05,0.480564683675766,1.0976225137710571,1.110314965248108,0.28850647807121277,7.61962366104126,1.3663421869277954,1.9524550437927246,5.770129680633545,7.278175354003906
atari_krull,logs/models/from_scratch_atari_krull_vta_3seed_to_400000_20260208_112207/atari_krull_seed0,random_init,logs/models/from_scratch_atari_krull_vta_3seed_to_400000_20260208_112207/atari_krull_seed0/eval_eps/20260208T180330-44487f1ea8c44b5eaf22e05d1a89f711-1974.npz,1855,1875,0.0,0.44992154836654663,1.0659912824630737,1.0528361797332764,0.0,7.556744575500488,nan,nan,nan,nan
atari_krull,logs/models/from_scratch_atari_krull_vta_3seed_to_400000_20260208_112207/atari_krull_seed0,random_init,logs/models/from_scratch_atari_krull_vta_3seed_to_400000_20260208_112207/atari_krull_seed0/eval_eps/20260208T180330-44487f1ea8c44b5eaf22e05d1a89f711-1974.npz,1860,1880,0.0,0.4496340751647949,1.0374433994293213,1.072403073310852,0.0,7.598061561584473,nan,nan,nan,nan
atari_krull,logs/models/from_scratch_atari_krull_vta_3seed_to_400000_20260208_112207/atari_krull_seed0,random_init,logs/models/from_scratch_atari_krull_vta_3seed_to_400000_20260208_112207/atari_krull_seed0/eval_eps/20260208T180330-44487f1ea8c44b5eaf22e05d1a89f711-1974.npz,1865,1885,0.0,0.4500334858894348,1.0643010139465332,1.064728021621704,0.0,7.2735276222229,nan,nan,nan,nan
atari_krull,logs/models/from_scratch_atari_krull_vta_3seed_to_400000_20260208_112207/atari_krull_seed0,random_init,logs/models/from_scratch_atari_krull_vta_3seed_to_400000_20260208_112207/atari_krull_seed0/eval_eps/20260208T180330-44487f1ea8c44b5eaf22e05d1a89f711-1974.npz,1870,1890,0.0,0.4505658745765686,1.0816686153411865,1.0798470973968506,0.0,7.340329647064209,nan,nan,nan,nan
atari_krull,logs/models/from_scratch_atari_krull_vta_3seed_to_400000_20260208_112207/atari_krull_seed0,random_init,logs/models/from_scratch_atari_krull_vta_3seed_to_400000_20260208_112207/atari_krull_seed0/eval_eps/20260208T180330-44487f1ea8c44b5eaf22e05d1a89f711-1974.npz,1875,1895,0.0,0.4524504542350769,1.0646567344665527,1.0260813236236572,0.0,7.238324165344238,nan,nan,nan,nan
atari_krull,logs/models/from_scratch_atari_krull_vta_3seed_to_400000_20260208_112207/atari_krull_seed0,random_init,logs/models/from_scratch_atari_krull_vta_3seed_to_400000_20260208_112207/atari_krull_seed0/eval_eps/20260208T180330-44487f1ea8c44b5eaf22e05d1a89f711-1974.npz,1880,1900,0.0,0.4490547776222229,1.0277516841888428,1.0139286518096924,0.0,7.02667236328125,nan,nan,nan,nan
atari_krull,logs/models/from_scratch_atari_krull_vta_3seed_to_400000_20260208_112207/atari_krull_seed0,random_init,logs/models/from_scratch_atari_krull_vta_3seed_to_400000_20260208_112207/atari_krull_seed0/eval_eps/20260208T180330-44487f1ea8c44b5eaf22e05d1a89f711-1974.npz,1885,1905,0.05,0.47733473777770996,1.029359221458435,1.0769234895706177,0.3381326198577881,7.2953643798828125,1.2467975616455078,2.5206847190856934,6.762652397155762,6.6764116287231445
atari_krull,logs/models/from_scratch_atari_krull_vta_3seed_to_400000_20260208_112207/atari_krull_seed0,random_init,logs/models/from_scratch_atari_krull_vta_3seed_to_400000_20260208_112207/atari_krull_seed0/eval_eps/20260208T180330-44487f1ea8c44b5eaf22e05d1a89f711-1974.npz,1890,1910,0.05,0.47608986496925354,1.0975277423858643,1.1104321479797363,0.3381326198577881,7.403423309326172,1.2467975616455078,2.5206847190856934,6.762652397155762,6.6764116287231445
atari_krull,logs/models/from_scratch_atari_krull_vta_3seed_to_400000_20260208_112207/atari_krull_seed0,random_init,logs/models/from_scratch_atari_krull_vta_3seed_to_400000_20260208_112207/atari_krull_seed0/eval_eps/20260208T180330-44487f1ea8c44b5eaf22e05d1a89f711-1974.npz,1895,1915,0.05,0.47773855924606323,1.105599045753479,1.132021188735962,0.3381326198577881,7.128748893737793,1.2467975616455078,2.5206847190856934,6.762652397155762,6.6764116287231445
atari_krull,logs/models/from_scratch_atari_krull_vta_3seed_to_400000_20260208_112207/atari_krull_seed0,random_init,logs/models/from_scratch_atari_krull_vta_3seed_to_400000_20260208_112207/atari_krull_seed0/eval_eps/20260208T180330-44487f1ea8c44b5eaf22e05d1a89f711-1974.npz,1900,1920,0.05,0.47915658354759216,1.0865581035614014,1.105629563331604,0.3381326198577881,7.018929958343506,1.2467975616455078,2.5206847190856934,6.762652397155762,6.6764116287231445
atari_krull,logs/models/from_scratch_atari_krull_vta_3seed_to_400000_20260208_112207/atari_krull_seed0,random_init,logs/models/from_scratch_atari_krull_vta_3seed_to_400000_20260208_112207/atari_krull_seed0/eval_eps/20260208T180330-44487f1ea8c44b5eaf22e05d1a89f711-1974.npz,1905,1925,0.0,0.4487711787223816,1.043290376663208,1.0611047744750977,0.0,7.004593849182129,nan,nan,nan,nan
atari_krull,logs/models/from_scratch_atari_krull_vta_3seed_to_400000_20260208_112207/atari_krull_seed0,random_init,logs/models/from_scratch_atari_krull_vta_3seed_to_400000_20260208_112207/atari_krull_seed0/eval_eps/20260208T180330-44487f1ea8c44b5eaf22e05d1a89f711-1974.npz,1910,1930,0.0,0.4518616795539856,1.0401432514190674,1.0607964992523193,0.0,7.05884313583374,nan,nan,nan,nan
atari_krull,logs/models/from_scratch_atari_krull_vta_3seed_to_400000_20260208_112207/atari_krull_seed0,random_init,logs/models/from_scratch_atari_krull_vta_3seed_to_400000_20260208_112207/atari_krull_seed0/eval_eps/20260208T180330-44487f1ea8c44b5eaf22e05d1a89f711-1974.npz,1915,1935,0.0,0.4512723982334137,1.1118438243865967,1.0790923833847046,0.0,7.800306797027588,nan,nan,nan,nan
atari_krull,logs/models/from_scratch_atari_krull_vta_3seed_to_400000_20260208_112207/atari_krull_seed0,random_init,logs/models/from_scratch_atari_krull_vta_3seed_to_400000_20260208_112207/atari_krull_seed0/eval_eps/20260208T180330-44487f1ea8c44b5eaf22e05d1a89f711-1974.npz,1920,1940,0.0,0.4543823301792145,1.1158500909805298,1.079282522201538,0.0,7.822230339050293,nan,nan,nan,nan
atari_krull,logs/models/from_scratch_atari_krull_vta_3seed_to_400000_20260208_112207/atari_krull_seed0,random_init,logs/models/from_scratch_atari_krull_vta_3seed_to_400000_20260208_112207/atari_krull_seed0/eval_eps/20260208T180330-44487f1ea8c44b5eaf22e05d1a89f711-1974.npz,1925,1945,0.0,0.4546400010585785,1.121832013130188,1.0574067831039429,0.0,7.842685699462891,nan,nan,nan,nan
atari_krull,logs/models/from_scratch_atari_krull_vta_3seed_to_400000_20260208_112207/atari_krull_seed0,random_init,logs/models/from_scratch_atari_krull_vta_3seed_to_400000_20260208_112207/atari_krull_seed0/eval_eps/20260208T180330-44487f1ea8c44b5eaf22e05d1a89f711-1974.npz,1930,1950,0.0,0.45202311873435974,1.093537449836731,1.0504562854766846,0.0,7.594735622406006,nan,nan,nan,nan
atari_krull,logs/models/from_scratch_atari_krull_vta_3seed_to_400000_20260208_112207/atari_krull_seed0,random_init,logs/models/from_scratch_atari_krull_vta_3seed_to_400000_20260208_112207/atari_krull_seed0/eval_eps/20260208T180330-44487f1ea8c44b5eaf22e05d1a89f711-1974.npz,1935,1955,0.05,0.4812327027320862,1.10823655128479,1.1128220558166504,0.39757269620895386,7.222592830657959,1.0712716579437256,2.4784374237060547,7.951453685760498,6.916794300079346
atari_krull,logs/models/from_scratch_atari_krull_vta_3seed_to_400000_20260208_112207/atari_krull_seed0,random_init,logs/models/from_scratch_atari_krull_vta_3seed_to_400000_20260208_112207/atari_krull_seed0/eval_eps/20260208T180330-44487f1ea8c44b5eaf22e05d1a89f711-1974.npz,1940,1960,0.05,0.47890520095825195,1.1546550989151,1.1284027099609375,0.39757269620895386,7.258732795715332,1.0712716579437256,2.4784374237060547,7.951453685760498,6.916794300079346
atari_krull,logs/models/from_scratch_atari_krull_vta_3seed_to_400000_20260208_112207/atari_krull_seed0,random_init,logs/models/from_scratch_atari_krull_vta_3seed_to_400000_20260208_112207/atari_krull_seed0/eval_eps/20260208T180330-44487f1ea8c44b5eaf22e05d1a89f711-1974.npz,1945,1965,0.05,0.48149627447128296,1.100586175918579,1.0969867706298828,0.39757269620895386,7.544268608093262,1.0712716579437256,2.4784374237060547,7.951453685760498,6.916794300079346
atari_krull,logs/models/from_scratch_atari_krull_vta_3seed_to_400000_20260208_112207/atari_krull_seed0,random_init,logs/models/from_scratch_atari_krull_vta_3seed_to_400000_20260208_112207/atari_krull_seed0/eval_eps/20260208T180330-44487f1ea8c44b5eaf22e05d1a89f711-1974.npz,1950,1970,0.05,0.4796961843967438,1.025492548942566,1.0771249532699585,0.39757269620895386,7.605030059814453,1.0712716579437256,2.4784374237060547,7.951453685760498,6.916794300079346
